sample_id,score,y_member
TCGA-B0-5115-01A-01R-1420-07,0.3033924741504109,1
TCGA-EJ-A46E-01A-31R-A250-07,0.8291263906628504,1
TCGA-DD-AAE7-01A-11R-A41C-07,0.45208731441383904,1
TCGA-Z6-A8JE-01A-11R-A37I-31,0.7040058267603102,1
TCGA-A8-A08F-01A-11R-A00Z-07,0.6565207753965616,1
TCGA-59-2350-01A-01R-1569-13,0.6409135710782644,1
TCGA-CZ-4858-01A-01R-1305-07,0.9788815378010447,1
TCGA-CZ-5470-01A-01R-1503-07,0.6496827815563662,1
TCGA-AN-A0XN-01A-21R-A109-07,0.6832694021670982,1
TCGA-37-A5EL-01A-11R-A26W-07,0.7353857933438431,1
TCGA-46-6025-01A-11R-1820-07,0.6252594442833398,1
TCGA-AN-A0XS-01A-22R-A109-07,0.5583079524912665,1
TCGA-M7-A725-01A-12R-A32O-07,0.7996489857451354,1
TCGA-XN-A8T3-01A-11R-A36G-07,0.4474524007352622,0
TCGA-3K-AAZ8-01A-12R-A39D-07,0.2764157756417243,1
TCGA-B9-5155-01A-01R-1592-07,0.6244543234979041,1
TCGA-OK-A5Q2-01A-11R-A27Q-07,0.6286745944707627,1
TCGA-2Y-A9H8-01A-11R-A39D-07,0.6141005737824947,1
TCGA-30-1866-01A-02R-1568-13,0.5681496980705043,1
TCGA-SX-A7SO-01A-11R-A355-07,0.7143161426594384,1
TCGA-55-7283-01A-11R-2039-07,0.583597694493198,1
TCGA-M7-A720-01A-12R-A32O-07,0.44447417202368195,1
TCGA-91-6828-01A-11R-1858-07,0.6123785904342097,1
TCGA-D8-A1JF-01A-11R-A13Q-07,0.7264152379513735,1
TCGA-D8-A1JG-01B-11R-A13Q-07,0.7246751389331207,1
TCGA-AL-3468-01A-02R-1351-07,0.5226022651195857,1
TCGA-21-1082-01A-01R-0692-07,0.7476466306983426,1
TCGA-A4-8311-01A-11R-2404-07,0.5003164505593017,1
TCGA-BD-A3EP-01A-11R-A22L-07,0.8745502858976271,1
TCGA-92-7340-01A-21R-2045-07,0.660139934903933,1
TCGA-EJ-A65B-01A-12R-A30B-07,0.8304108550993075,1
TCGA-HC-8261-01B-05R-2302-07,0.9880724429952181,1
TCGA-AZ-6601-01A-11R-1774-07,0.6125207979860317,1
TCGA-B0-4703-01A-01R-1277-07,0.6227102537918469,1
TCGA-AA-A004-01A-01R-A00A-07,0.9241651341152111,1
TCGA-30-1862-01A-02R-1568-13,0.7325110228865163,1
TCGA-09-2045-01A-01R-1568-13,0.7641784812297124,1
TCGA-E2-A10F-01A-11R-A10J-07,0.4198743046373876,1
TCGA-OL-A6VO-01A-12R-A33J-07,0.8507978124283188,1
TCGA-BQ-5884-01A-11R-1592-07,0.922169659777645,1
TCGA-49-4507-01A-01R-1206-07,0.868190267482055,1
TCGA-ZG-A9LS-01A-12R-A41O-07,0.806726993528389,1
TCGA-AN-A0FW-01A-11R-A034-07,0.5490918131738574,1
TCGA-A6-A5ZU-01A-11R-A28H-07,0.8710914306734489,1
TCGA-QU-A6IL-01A-11R-A31N-07,0.8943990567055455,1
TCGA-67-4679-01B-01R-1755-07,0.5019836569475807,0
TCGA-DM-A28G-01A-11R-A16W-07,0.5506805833991909,1
TCGA-IB-AAUV-01A-11R-A38C-07,0.6438133478167547,1
TCGA-FB-AAPZ-01A-11R-A41B-07,0.40872350582572603,1
TCGA-DD-AAEG-01A-11R-A39D-07,0.4476361871829483,1
TCGA-24-0975-01A-02R-1565-13,0.6863788066439654,1
TCGA-AA-3841-01A-01R-0905-07,0.6761500209905317,0
TCGA-75-6211-01A-11R-1755-07,0.7843732431628182,1
TCGA-IB-7887-01A-11R-2156-07,0.6333283587628337,1
TCGA-78-7161-01A-11R-2039-07,0.6663462840315881,1
TCGA-B0-5699-01A-11R-1541-07,0.4494555440326308,1
TCGA-DD-A113-01A-11R-A131-07,0.7759977634841957,1
TCGA-E9-A1R2-01A-11R-A14D-07,0.584853746817448,1
TCGA-78-7536-01A-11R-2066-07,0.8318431028691319,1
TCGA-B6-A0WY-01A-11R-A109-07,0.6850007955093119,1
TCGA-ZP-A9CY-01A-11R-A38B-07,0.47159656672763733,1
TCGA-EJ-5495-01A-01R-1580-07,0.9023385180092727,0
TCGA-2H-A9GJ-01A-11R-A37I-31,0.6851045061269317,1
TCGA-AA-3955-01A-02R-1022-07,0.5513373565745266,1
TCGA-20-1684-01A-01R-1566-13,0.6588389954365684,1
TCGA-AA-3697-01A-01R-1723-07,0.3783115051022895,1
TCGA-56-5898-01A-11R-1635-07,0.6533103989934765,1
TCGA-BP-4801-01A-02R-1420-07,0.31024090508156776,1
TCGA-D8-A146-01A-31R-A115-07,0.434996576693182,1
TCGA-DD-AACJ-01A-11R-A41C-07,0.17790650105113315,0
TCGA-BQ-5892-01A-11R-1592-07,0.9318541395069588,1
TCGA-BH-A0BF-01A-21R-A12P-07,0.6084237555395473,0
TCGA-HZ-8003-01A-21R-2204-07,0.5906964482038919,0
TCGA-BH-A1EU-01A-11R-A137-07,0.5847765027710682,1
TCGA-61-1900-01A-01R-1567-13,0.6469462336679009,0
TCGA-AM-5821-01A-01R-1653-07,0.8652343466462667,1
TCGA-A7-A26J-01A-11R-A169-07,0.4565602769389394,1
TCGA-AR-A1AT-01A-11R-A12P-07,0.5811055813965419,1
TCGA-OL-A5S0-01A-11R-A28M-07,0.9199677482089513,1
TCGA-63-6202-01A-11R-1820-07,0.8640874117797097,1
TCGA-A2-A3XV-01A-21R-A239-07,0.9516158219556592,0
TCGA-CH-5772-01A-11R-1580-07,0.6083893803340081,1
TCGA-OL-A5DA-01A-11R-A27Q-07,0.6398541047853648,1
TCGA-2Z-A9J1-01A-11R-A38C-07,0.21448812833371686,1
TCGA-LN-A8I0-01A-11R-A36D-31,0.733038811252103,0
TCGA-50-8460-01A-11R-2326-07,0.6473727563535491,1
TCGA-86-8279-01A-11R-2287-07,0.6915177068769379,1
TCGA-56-A4ZJ-01A-11R-A262-07,0.7968268891264375,1
TCGA-67-3770-01A-01R-0946-07,0.7470734128823888,1
TCGA-A2-A0YF-01A-21R-A109-07,0.4987500870141192,1
TCGA-85-A50Z-01A-21R-A262-07,0.7467777527757338,1
TCGA-G9-6363-01A-21R-1789-07,0.9325742745028603,1
TCGA-G7-6790-01A-11R-1965-07,0.48171658679096235,0
TCGA-AR-A1AM-01A-41R-A22K-07,0.5638959305423389,0
TCGA-E2-A10C-01A-21R-A10J-07,0.7648064119840665,1
TCGA-AA-A00L-01A-01R-A002-07,0.347461260946815,0
TCGA-55-7995-01A-11R-2187-07,0.7612279346160841,1
TCGA-G4-6309-01A-21R-1839-07,0.4955123539331763,1
TCGA-CJ-4908-01A-01R-1426-07,0.37147175090137924,1
TCGA-EJ-A46B-01A-31R-A250-07,0.282463828412988,0
TCGA-AR-A24Z-01A-11R-A169-07,0.4718613627716677,0
TCGA-A6-2685-01A-01R-1410-07,0.7659846866690144,0
TCGA-A4-A5DU-01A-11R-A28H-07,0.3420116973687129,1
TCGA-AZ-6600-01A-11R-1774-07,0.5512251937127537,1
TCGA-CC-A7IH-01A-11R-A33J-07,0.4771478621920484,1
TCGA-QU-A6IM-01A-11R-A31N-07,0.949160590831004,1
TCGA-LN-A49M-01A-21R-A260-31,0.5254930851807488,1
TCGA-66-2765-01A-01R-0851-07,0.600477777303055,0
TCGA-A8-A0AB-01A-11R-A034-07,0.4037143693522434,1
TCGA-S3-AA14-01A-11R-A41B-07,0.651960070351327,1
TCGA-98-A538-01A-11R-A262-07,0.4954890246652659,1
TCGA-CM-6166-01A-11R-1653-07,0.6176694535213789,1
TCGA-5M-AAT4-01A-11R-A41B-07,0.5047168449050335,1
TCGA-61-2008-01A-02R-1568-13,0.6873676227734794,1
TCGA-B6-A0X0-01A-21R-A115-07,0.5864273298991033,1
TCGA-86-8281-01A-11R-2287-07,0.6205654188379282,1
TCGA-24-1546-01A-01R-1566-13,0.7317882756660616,0
TCGA-V1-A9OL-01A-11R-A41O-07,0.6234772059268708,0
TCGA-BH-A201-01A-11R-A14M-07,0.5466013320274707,1
TCGA-18-3409-01A-01R-0980-07,0.875571977853095,1
TCGA-F4-6461-01A-11R-1774-07,0.8932099243040361,1
TCGA-AA-A02E-01A-01R-A00A-07,0.4474540167444407,0
TCGA-YL-A9WY-01A-11R-A41O-07,0.8065158803741237,1
TCGA-B0-5102-01A-01R-1420-07,0.6887362758205646,1
TCGA-G9-7521-01A-11R-2263-07,0.8921677739667198,0
TCGA-CJ-4902-01A-01R-1426-07,0.450150939995825,1
TCGA-CA-6717-01A-11R-1839-07,0.784795375982247,0
TCGA-IG-A5S3-01A-11R-A28J-31,0.687570302580081,0
TCGA-EJ-5497-01A-02R-1580-07,0.6703207152075881,1
TCGA-BF-A5EO-01A-12R-A27Q-07,0.21821950016253983,0
TCGA-85-A4JC-01A-11R-A24Z-07,0.662121260820063,1
TCGA-44-3917-01A-01R-A278-07,0.8550177174610075,1
TCGA-A8-A08H-01A-21R-A00Z-07,0.8610227912938647,1
TCGA-95-A4VN-01A-11R-A262-07,0.5850299192167477,1
TCGA-B0-5693-01A-11R-1541-07,0.3367175827100321,1
TCGA-77-8138-01A-11R-2247-07,0.6387064172617676,1
TCGA-KK-A7B0-01A-11R-A32O-07,0.9352491627505285,1
TCGA-B0-5083-01A-02R-1420-07,0.9604915741941615,1
TCGA-GM-A2DA-01A-11R-A18M-07,0.7654657202292481,1
TCGA-A2-A3KD-01A-12R-A213-07,0.5654688325021965,1
TCGA-DD-A39Y-01A-11R-A213-07,0.5134348993757858,1
TCGA-B6-A0WZ-01A-11R-A109-07,0.6278808289936514,1
TCGA-A6-2682-01A-01R-1410-07,0.6083159450870415,1
TCGA-D8-A1JU-01A-11R-A13Q-07,0.503367072535128,0
TCGA-RL-AAAS-01A-32R-A39D-07,0.5635902543027611,0
TCGA-B9-A44B-01A-11R-A24Z-07,0.7074179117322003,1
TCGA-B6-A0I5-01A-11R-A034-07,0.7941357021651856,1
TCGA-BH-AB28-01A-31R-A41B-07,0.6049552023446748,1
TCGA-E9-A1N9-01A-11R-A14D-07,0.5247578848750458,0
TCGA-A3-3363-01A-01R-0864-07,0.9623122788569578,1
TCGA-22-1000-01A-01R-A32Z-07,0.822380271843981,1
TCGA-KK-A6E4-01A-11R-A30B-07,0.7665890788044557,1
TCGA-BQ-5889-01A-11R-1592-07,0.9038464278265923,1
TCGA-DM-A1HA-01A-11R-A155-07,0.8935137758256337,1
TCGA-BF-A5ER-01A-12R-A27Q-07,0.24347025078007442,1
TCGA-LL-A73Y-01A-11R-A33J-07,0.7981489105936546,1
TCGA-BF-A3DL-01A-11R-A20F-07,0.2067774878679733,1
TCGA-VR-A8EO-01A-11R-A36D-31,0.8044215137211983,1
TCGA-L1-A7W4-01A-12R-A36G-07,0.9372981843286085,1
TCGA-B0-4838-01A-01R-1305-07,0.4415052512107269,1
TCGA-2Y-A9GY-01A-11R-A38B-07,0.8621939063497982,1
TCGA-BP-4343-01A-02R-1289-07,0.8349366123852826,1
TCGA-BQ-5893-01A-11R-1592-07,0.9536047555112843,1
TCGA-HP-A5MZ-01A-21R-A27V-07,0.6907477198599365,1
TCGA-A7-A4SE-01A-11R-A266-07,0.8161627541250395,0
TCGA-66-2783-01A-01R-1201-07,0.5164491701859204,1
TCGA-73-4675-01A-01R-1206-07,0.7002375955215282,1
TCGA-D5-5538-01A-01R-1653-07,0.6393784111372407,1
TCGA-YL-A8SO-01B-31R-A37L-07,0.7002678860953737,1
TCGA-E2-A15H-01A-11R-A12D-07,0.5246952615762347,1
TCGA-V1-A8WN-01A-11R-A37L-07,0.37312472343276865,1
TCGA-BH-A0EB-01A-11R-A034-07,0.47170175415455406,1
TCGA-DD-A39X-01A-11R-A213-07,0.45229911840601456,1
TCGA-E2-A1LK-01A-21R-A14D-07,0.8680758366971306,1
TCGA-AR-A0TV-01A-21R-A084-07,0.6428848174966824,0
TCGA-A1-A0SD-01A-11R-A115-07,0.44240687758393116,1
TCGA-33-AASI-01A-22R-A405-07,0.800218494781718,1
TCGA-L5-A4OW-01A-11R-A28J-31,0.5460232114712074,1
TCGA-86-7711-01A-11R-2066-07,0.7960264130009079,1
TCGA-34-5234-01A-01R-1635-07,0.9092084320270324,0
TCGA-63-7023-01A-11R-1949-07,0.678826228272661,1
TCGA-BP-5191-01A-01R-1426-07,0.7996454696707783,1
TCGA-Q9-A6FW-01A-31R-A31P-31,0.5739910995050499,0
TCGA-CZ-5468-01A-01R-1503-07,0.8875313624455573,0
TCGA-78-7153-01A-11R-2039-07,0.785907559400467,1
TCGA-DD-A4NA-01A-11R-A266-07,0.9947333802724133,1
TCGA-43-2578-01A-01R-0851-07,0.7673396051817281,0
TCGA-5R-AA1C-01A-11R-A41C-07,0.5151138776807441,1
TCGA-78-7149-01A-11R-2039-07,0.7165423752672244,1
TCGA-CW-5591-01A-01R-1541-07,0.9001128868240368,1
TCGA-13-0906-01A-01R-1564-13,0.689957827076208,1
TCGA-CJ-4876-01A-01R-1305-07,0.8549442800243046,1
TCGA-M7-A724-01A-12R-A32O-07,0.8888551644831909,1
TCGA-62-A46Y-01A-11R-A24H-07,0.47761482368656705,1
TCGA-C8-A26V-01A-11R-A16F-07,0.6545216918033656,1
TCGA-OL-A5D8-01A-11R-A27Q-07,0.6370596373959176,0
TCGA-77-8143-01A-11R-2247-07,0.6535426707109211,1
TCGA-BH-A0DO-01B-11R-A12D-07,0.44855712035232,0
TCGA-CJ-5675-01A-11R-1541-07,0.6723747907200434,0
TCGA-A2-A4S0-01A-21R-A266-07,0.7027846034512377,1
TCGA-B9-4117-01A-02R-1351-07,0.8424255237567272,1
TCGA-BP-4352-01A-01R-1289-07,0.9846637213418169,0
TCGA-A2-A0ST-01A-12R-A084-07,0.8280075479598626,1
TCGA-E2-A1IH-01A-11R-A13Q-07,0.6099878511138825,1
TCGA-37-3792-01A-01R-0980-07,0.7959182327551294,0
TCGA-AK-3427-01A-01R-0864-07,0.9917298896450502,0
TCGA-AA-3506-01A-01R-1410-07,0.5940720194181377,1
TCGA-CZ-5466-01A-01R-1503-07,0.6381291591276251,1
TCGA-77-8140-01A-11R-2247-07,0.5887169616620711,0
TCGA-21-5786-01A-01R-1635-07,0.609559104405947,0
TCGA-86-8075-01A-11R-2241-07,0.6001806305529173,1
TCGA-A3-A8OX-01A-11R-A37O-07,0.6347019393009553,1
TCGA-95-8494-01A-11R-2326-07,0.7213654736206739,0
TCGA-IG-A7DP-01A-31R-A336-31,0.8645286727845753,0
TCGA-AD-6964-01A-11R-1928-07,0.845988302786009,1
TCGA-A8-A0A6-01A-12R-A056-07,0.5005120390707736,1
TCGA-B0-5711-01A-11R-1672-07,0.21277978670502717,1
TCGA-BH-A1FM-01A-11R-A13Q-07,0.6768587756913796,0
TCGA-CH-5771-01A-21R-1580-07,0.6402726447528583,1
TCGA-69-7980-01A-11R-2187-07,0.6360880317725887,1
TCGA-AR-A254-01A-21R-A169-07,0.548106928567072,1
TCGA-A6-2683-01A-01R-0821-07,0.7817251330573259,1
TCGA-PL-A8LY-01A-11R-A41B-07,0.8602592482672677,1
TCGA-G3-A3CH-01A-11R-A22L-07,0.4995964322692906,1
TCGA-57-1583-01A-01R-1566-13,0.5513821957130699,1
TCGA-A4-8310-01A-11R-2404-07,0.481394351642263,1
TCGA-XK-AAJP-01A-11R-A41O-07,0.5319852275396394,1
TCGA-EB-A3XE-01A-12R-A239-07,0.5172178674636846,1
TCGA-AN-A0FZ-01A-11R-A034-07,0.598358129881464,1
TCGA-13-0911-01A-01R-1564-13,0.6625387997879286,1
TCGA-51-6867-01A-11R-2045-07,0.48152476067820926,0
TCGA-AN-A04D-01A-21R-A034-07,0.8167030304711529,0
TCGA-DD-AADC-01A-11R-A41C-07,0.8303276317081302,1
TCGA-73-4677-01A-01R-1206-07,0.68994101060912,1
TCGA-L9-A743-01A-43R-A39D-07,0.48505614541831826,1
TCGA-E9-A6HE-01A-11R-A31O-07,0.8335601449886533,1
TCGA-E2-A15D-01A-11R-A115-07,0.43053052100439454,1
TCGA-73-4658-01A-01R-1755-07,0.4974663653000641,0
TCGA-CH-5788-01A-11R-1580-07,0.9619763464841994,1
TCGA-E2-A14Z-01A-11R-A115-07,0.6614789512300077,1
TCGA-EB-A6QY-01A-12R-A32P-07,0.8151326672085569,0
TCGA-CH-5753-01A-11R-1580-07,0.9012758165142022,1
TCGA-AC-A3W5-01A-11R-A22K-07,0.7910929912843269,1
TCGA-A6-A566-01A-11R-A28H-07,0.9237806386653278,1
TCGA-AA-3994-01A-01R-1113-07,0.6638764748364755,1
TCGA-MS-A51U-01A-31R-A266-07,0.5948824091953291,0
TCGA-13-1509-01A-01R-1565-13,0.6078429601432255,1
TCGA-IG-A6QS-01A-12R-A336-31,0.6846779180995101,0
TCGA-EW-A1PG-01A-11R-A144-07,0.6493786482647442,0
TCGA-23-1023-01A-02R-1564-13,0.6098169577039763,1
TCGA-XJ-A9DI-01A-11R-A37L-07,0.8733517449207949,1
TCGA-68-A59I-01A-11R-A262-07,0.735834326428409,1
TCGA-13-0891-01A-01R-1564-13,0.5693030388738036,0
TCGA-A7-A13E-01A-11R-A12P-07,0.7910437589042881,0
TCGA-A8-A07E-01A-11R-A034-07,0.4642686661298696,1
TCGA-EJ-7785-01A-11R-2118-07,0.8532626223699094,1
TCGA-98-A53C-01A-11R-A262-07,0.9512179523868378,1
TCGA-IB-A7M4-01A-11R-A36G-07,0.8040041356481253,1
TCGA-78-7146-01A-11R-2039-07,0.745372679613454,0
TCGA-2Z-A9J9-01A-11R-A42S-07,0.9625420748238638,1
TCGA-FR-A726-01A-11R-A32P-07,0.7561197263448011,1
TCGA-49-4487-01A-21R-1858-07,0.6183372961149841,1
TCGA-C8-A278-01A-11R-A169-07,0.6556895872559798,1
TCGA-MP-A4T9-01A-11R-A24X-07,0.46272995041146897,1
TCGA-BH-A1FG-01A-11R-A13Q-07,0.48133462596114257,0
TCGA-CK-6746-01A-11R-1839-07,0.8538649987264725,0
TCGA-E9-A1N8-01A-11R-A144-07,0.8273912597497524,1
TCGA-2Z-A9J6-01A-11R-A38C-07,0.25581914772539127,0
TCGA-A6-6137-01A-11R-1774-07,0.5826390131474132,1
TCGA-V1-A9OA-01A-11R-A41O-07,0.6795744097222804,0
TCGA-HV-A7OP-01A-11R-A33R-07,0.9901503867527098,1
TCGA-KK-A7B3-01A-11R-A33R-07,0.5879562239412002,1
TCGA-UB-A7MA-01A-11R-A33R-07,0.9525430480148579,1
TCGA-VR-AA7D-01A-11R-A406-31,0.4849722853419299,1
TCGA-D8-A1Y0-01A-11R-A14M-07,0.47390149948569726,1
TCGA-DD-A4NF-01A-11R-A27V-07,0.6592432689434691,0
TCGA-AR-A24Q-01A-12R-A169-07,0.7219519456967715,1
TCGA-BP-4986-01A-01R-1334-07,0.4431701935287261,1
TCGA-L4-A4E6-01A-11R-A24H-07,0.6580984338504445,1
TCGA-EJ-A46F-01A-31R-A250-07,0.8559313990816997,1
TCGA-21-1078-01A-01R-0692-07,0.9607226963472809,1
TCGA-33-4587-01A-11R-2125-07,0.8783253741479987,1
TCGA-VN-A88Q-01A-11R-A352-07,0.6318858253256144,0
TCGA-RC-A7S9-01A-11R-A33R-07,0.647417168069571,1
TCGA-98-A53J-01A-11R-A26W-07,0.5963528028270654,1
TCGA-B0-5705-01A-11R-1541-07,0.38016842726410904,0
TCGA-97-7546-01A-11R-2039-07,0.6453791528163191,1
TCGA-YL-A8SQ-01B-11R-A37L-07,0.5367054592817792,1
TCGA-AA-3712-01A-21R-1723-07,0.470173862839106,1
TCGA-AR-A5QM-01A-11R-A27Q-07,0.700064206438293,1
TCGA-HC-7077-01A-11R-1965-07,0.5112662025635086,1
TCGA-66-2795-01A-02R-0980-07,0.6178282959248987,1
TCGA-BP-4977-01A-01R-1334-07,0.4233609084665972,1
TCGA-CZ-5988-01A-11R-1672-07,0.6625776652212276,1
TCGA-LL-A5YP-01A-21R-A28M-07,0.8653861904538304,1
TCGA-B0-4706-01A-01R-1503-07,0.6886430176548658,1
TCGA-29-1784-01A-02R-1567-13,0.5240408549568624,0
TCGA-55-7903-01A-11R-2170-07,0.5703853237139422,1
TCGA-CM-6680-01A-11R-1839-07,0.7318753360769527,1
TCGA-49-6743-01A-11R-1858-07,0.6474542323404262,1
TCGA-B0-4815-01A-01R-1503-07,0.8386464735342761,1
TCGA-EW-A1PE-01A-11R-A144-07,0.5050869052760605,1
TCGA-VN-A88I-01A-11R-A352-07,0.9199500543773835,1
TCGA-NJ-A7XG-01A-12R-A39D-07,0.6486334049724604,0
TCGA-G7-A8LC-01A-11R-A36F-07,0.7518229303733733,1
TCGA-G9-7525-01A-31R-2263-07,0.7358533453102862,1
TCGA-A3-3362-01A-02R-1325-07,0.3321002999203299,1
TCGA-AN-A0AR-01A-11R-A00Z-07,0.9171821116392249,1
TCGA-R6-A8WC-01A-11R-A37I-31,0.6494515349275738,1
TCGA-73-A9RS-01A-11R-A41B-07,0.85868245169958,1
TCGA-05-4390-01A-02R-1755-07,0.7336542150607818,1
TCGA-CM-5349-01A-21R-1723-07,0.7801336920486902,0
TCGA-CJ-4637-01A-02R-1325-07,0.6286842684740469,0
TCGA-CJ-4897-01A-03R-1426-07,0.3148790324647775,1
TCGA-D8-A3Z6-01A-11R-A239-07,0.6411444923981369,1
TCGA-68-7757-01B-11R-2296-07,0.7929355094970658,1
TCGA-HI-7168-01A-11R-2118-07,0.7737592417016034,1
TCGA-DV-A4VZ-01A-11R-A266-07,0.9684997030246918,1
TCGA-CC-A7IJ-01A-11R-A33R-07,0.9933457057087925,0
TCGA-3C-AALJ-01A-31R-A41B-07,0.7947822391925111,1
TCGA-49-4505-01A-01R-1206-07,0.5673294748842819,1
TCGA-V5-A7RE-01A-11R-A354-31,0.6961123952509568,1
TCGA-CC-5261-01A-01R-A131-07,0.9873034517765258,1
TCGA-85-A4CN-01A-11R-A24H-07,0.5560501526676629,1
TCGA-BH-A0HI-01A-11R-A084-07,0.43666269150870013,1
TCGA-55-A48Z-01A-12R-A24X-07,0.6268785599135407,1
TCGA-60-2720-01A-01R-0851-07,0.843632914070275,1
TCGA-A7-A5ZV-01A-11R-A28M-07,0.924038061124012,1
TCGA-HC-7231-01A-11R-2118-07,0.3838232026816829,1
TCGA-66-2771-01A-01R-0980-07,0.7772889536443075,1
TCGA-EJ-A65J-01A-11R-A311-07,0.6577190008386998,1
TCGA-G4-6322-01A-11R-1723-07,0.6577953810328205,0
TCGA-IB-A7LX-01A-12R-A36G-07,0.8282246558775449,1
TCGA-86-8669-01A-11R-2403-07,0.6403069296295487,0
TCGA-B0-5697-01A-11R-1541-07,0.7029798256478056,0
TCGA-G4-6323-01A-11R-1723-07,0.7689107361525988,1
TCGA-L5-A4OT-01A-11R-A28J-31,0.6012254872859297,1
TCGA-3E-AAAZ-01A-11R-A38C-07,0.61904324517144,1
TCGA-13-1498-01A-01R-1565-13,0.6060919625821252,0
TCGA-WN-AB4C-01A-11R-A42S-07,0.8022139383444616,1
TCGA-AA-A02W-01A-01R-A00A-07,0.6684655035578455,1
TCGA-A6-5660-01A-01R-1653-07,0.5427355644140159,1
TCGA-85-A50M-01A-21R-A262-07,0.8389154371380725,1
TCGA-B4-5378-01A-01R-1503-07,0.6650133215420146,0
TCGA-EW-A1PF-01A-11R-A144-07,0.5648480643075303,1
TCGA-44-4112-01B-06R-A277-07,0.8214126857028985,1
TCGA-23-1021-01B-01R-1564-13,0.5849337287999977,1
TCGA-CJ-4888-01A-01R-1305-07,0.6848068104750349,0
TCGA-FB-AAQ6-01A-11R-A41B-07,0.6822699494011216,1
TCGA-39-5021-01A-01R-1443-07,0.48275313658362073,1
TCGA-HZ-8638-01A-11R-2404-07,0.7498075512403217,1
TCGA-55-8085-01A-11R-2241-07,0.6086706609865177,1
TCGA-24-2038-01A-01R-1568-13,0.8121839927671467,1
TCGA-UZ-A9PS-01A-11R-A42S-07,0.5756885689116393,1
TCGA-23-1022-01A-01R-1564-13,0.5567064845850263,0
TCGA-25-1635-01A-01R-1566-13,0.6738418713966554,0
TCGA-56-8308-01A-11R-2296-07,0.49300779258616356,1
TCGA-A7-A13G-01A-11R-A13Q-07,0.6587332530944272,1
TCGA-BH-A0DX-01A-11R-A115-07,0.6132353703093246,1
TCGA-BH-A0HO-01A-11R-A034-07,0.5353406370429887,0
TCGA-A8-A092-01A-11R-A00Z-07,0.5028240744423446,1
TCGA-A8-A08I-01A-11R-A00Z-07,0.6067887574554197,0
TCGA-QU-A6IO-01A-11R-A31N-07,0.8921549937487322,1
TCGA-D8-A1XO-01A-11R-A14M-07,0.38162785858827003,1
TCGA-HE-A5NL-01A-11R-A26U-07,0.33396872828820207,1
TCGA-CZ-5984-01A-11R-1672-07,0.5631200458910883,1
TCGA-EJ-A7NJ-01A-22R-A352-07,0.41000513439698344,1
TCGA-A6-6653-01A-11R-1774-07,0.6394246502425404,1
TCGA-BC-4073-01B-02R-A131-07,0.9781472675579443,0
TCGA-HZ-7923-01A-12R-2156-07,0.6058320422990783,1
TCGA-AL-7173-01A-11R-2139-07,0.7146208648092338,1
TCGA-A2-A1FX-01A-11R-A13Q-07,0.5848605576577572,1
TCGA-AZ-4323-01A-21R-1839-07,0.9760836447228443,1
TCGA-J4-A67R-01A-21R-A30B-07,0.8212223649699046,1
TCGA-BF-AAP8-01A-11R-A40A-07,0.9238092784783049,1
TCGA-IG-A97H-01A-11R-A38D-31,0.7228072292919099,0
TCGA-DM-A28C-01A-11R-A32Y-07,0.7753247300925978,1
TCGA-NJ-A4YQ-01A-11R-A262-07,0.575608894165596,1
TCGA-LN-A49K-01A-11R-A24K-31,0.5316620068596374,1
TCGA-44-2655-01A-01R-0946-07,0.5558194677538354,0
TCGA-B8-5164-01A-01R-1420-07,0.6018794520973112,1
TCGA-IZ-8195-01A-31R-2404-07,0.4936796774846509,0
TCGA-XD-AAUG-01A-61R-A41B-07,0.6087874659488869,1
TCGA-OE-A75W-01A-12R-A32O-07,0.8246236176507786,1
TCGA-UZ-A9PU-01A-11R-A42S-07,0.38225686969663164,1
TCGA-CM-4752-01A-01R-1410-07,0.5455230564287143,1
TCGA-MR-A520-01A-11R-A266-07,0.48406621367700475,0
TCGA-E9-A1R0-01A-22R-A16F-07,0.46540782819296245,1
TCGA-43-8115-01A-11R-2247-07,0.6711780884782135,1
TCGA-F2-A7TX-01A-33R-A38C-07,0.7939762819720578,1
TCGA-13-1404-01A-01R-1565-13,0.5530955127944962,0
TCGA-13-0923-01A-01R-1564-13,0.5400950737048331,1
TCGA-LB-A7SX-01A-11R-A33R-07,0.8331258918529173,1
TCGA-BP-5001-01A-01R-1334-07,0.841272670660738,1
TCGA-09-1665-01B-01R-1566-13,0.6675642324078273,1
TCGA-GL-A9DC-01A-11R-A37K-07,0.3962838049565884,0
TCGA-IA-A83T-01A-11R-A355-07,0.6252889932404997,1
TCGA-86-8668-01A-11R-2403-07,0.6057696886669179,0
TCGA-A6-5661-01A-01R-1653-07,0.6196902413352599,1
TCGA-V5-A7RC-01B-11R-A406-31,0.5235421647240838,1
TCGA-05-4417-01A-22R-1858-07,0.5667045948405969,1
TCGA-29-1693-01A-01R-1567-13,0.6801131744897255,1
TCGA-AN-A0FX-01A-11R-A034-07,0.7442202580997819,1
TCGA-C8-A135-01A-11R-A115-07,0.7573871089865651,1
TCGA-CM-6162-01A-11R-1653-07,0.9479826594381284,1
TCGA-E2-A15C-01A-31R-A12D-07,0.4227322602703205,1
TCGA-D8-A1JI-01A-11R-A13Q-07,0.6428021284736372,1
TCGA-24-1563-01A-01R-1566-13,0.7087386745579678,1
TCGA-BH-A42V-01A-11R-A24H-07,0.7634972889349891,1
TCGA-A6-6780-01A-11R-1839-07,0.6219078364736772,1
TCGA-A3-3323-01A-02R-1325-07,0.4409563251638961,1
TCGA-B0-4712-01A-01R-1503-07,0.9071235817667046,1
TCGA-85-A4QR-01A-11R-A24Z-07,0.6652016322681776,1
TCGA-EW-A423-01A-11R-A24H-07,0.832188727575278,1
TCGA-HZ-A8P0-01A-11R-A36G-07,0.4578088038993908,1
TCGA-B1-A47M-01A-11R-A24Z-07,0.46535707763484774,0
TCGA-91-6830-01A-11R-1949-07,0.6533867221054488,1
TCGA-AO-A0J9-01A-11R-A034-07,0.7348275522133781,0
TCGA-V1-A8WV-01A-11R-A37L-07,0.935967034717158,1
TCGA-LN-A49N-01A-11R-A24K-31,0.4794838906111174,1
TCGA-BF-AAP6-01A-11R-A40A-07,0.7531226848427777,1
TCGA-B6-A401-01A-11R-A239-07,0.8350399708074993,1
TCGA-BQ-7060-01A-11R-1965-07,0.47210651712743323,0
TCGA-EP-A2KB-01A-11R-A180-07,0.6886017108104152,1
TCGA-A2-A0SY-01A-31R-A084-07,0.4219275287291394,0
TCGA-CZ-4860-01A-01R-1305-07,0.978663348512162,1
TCGA-CM-6169-01A-11R-1653-07,0.9147951290786892,1
TCGA-85-8353-01A-21R-2296-07,0.5610464049249784,1
TCGA-AA-3850-01A-01R-1022-07,0.516254452856286,1
TCGA-2Z-A9JJ-01A-11R-A42S-07,0.9466249487989785,1
TCGA-C8-A1HE-01A-11R-A13Q-07,0.33247219268567146,1
TCGA-97-7552-01A-11R-2039-07,0.7071607793467092,1
TCGA-YL-A8SC-01A-11R-A37L-07,0.6089560324033658,0
TCGA-BQ-5877-01A-11R-1592-07,0.9012525120608639,0
TCGA-AA-3986-01A-02R-1022-07,0.5340827659429546,1
TCGA-A6-6140-01A-11R-1774-07,0.38612872615710647,1
TCGA-MP-A5C7-01A-11R-A262-07,0.7559053549985227,1
TCGA-86-7955-01A-11R-2187-07,0.8687905368511392,1
TCGA-A3-3311-01A-02R-1325-07,0.4170809824979054,1
TCGA-MP-A4T8-01A-11R-A24X-07,0.6755385413628792,0
TCGA-49-4488-01A-01R-1755-07,0.6601032230194304,0
TCGA-A8-A07O-01A-11R-A00Z-07,0.8176130865732903,0
TCGA-EJ-7312-01B-21R-A32O-07,0.6161760219852186,1
TCGA-CK-5912-01A-11R-1653-07,0.7853980773403839,1
TCGA-56-6546-01A-11R-1820-07,0.7662059574551799,1
TCGA-B6-A1KC-01B-11R-A157-07,0.6215936706341685,1
TCGA-5P-A9JU-01A-11R-A42S-07,0.5616563021196458,0
TCGA-B9-4114-01A-01R-1193-07,0.6253229928692405,1
TCGA-EB-A551-01A-21R-A27Q-07,0.8880749972906259,1
TCGA-A7-A0DB-01A-11R-A277-07,0.5915784119951865,1
TCGA-G4-6628-01A-11R-1839-07,0.7836474156889431,1
TCGA-LD-A66U-01A-11R-A31O-07,0.8406542152992659,1
TCGA-91-6840-01A-11R-1949-07,0.7320100206491873,0
TCGA-EJ-5527-01A-01R-1580-07,0.843088742931854,1
TCGA-29-2428-01A-01R-1569-13,0.476222207469893,0
TCGA-22-4601-01A-01R-1443-07,0.5520440249694006,0
TCGA-22-0940-01A-01R-0692-07,0.6660376022879428,1
TCGA-24-1555-01A-01R-1566-13,0.5574424064537187,1
TCGA-F4-6856-01A-11R-1928-07,0.5889335354409058,1
TCGA-LG-A9QD-01A-11R-A38B-07,0.34873789105969694,1
TCGA-B0-4814-01A-01R-1277-07,0.46103637336654446,1
TCGA-DD-A3A7-01A-11R-A22L-07,0.5352953021872322,1
TCGA-BQ-7050-01A-11R-1965-07,0.6473494231242731,1
TCGA-EJ-5524-01A-01R-1580-07,0.8718815034458607,1
TCGA-E9-A22A-01A-11R-A157-07,0.6460014242359421,1
TCGA-BH-A1FJ-01A-11R-A13Q-07,0.49690859696039846,1
TCGA-EJ-5517-01A-01R-1580-07,0.7211757991853798,1
TCGA-FB-AAPP-01A-12R-A41B-07,0.9618839295066132,1
TCGA-EJ-8472-01A-11R-2403-07,0.8071947925729682,1
TCGA-BP-4770-01A-01R-1503-07,0.9839210593254829,1
TCGA-CJ-5681-01A-11R-1541-07,0.9807856807233266,0
TCGA-EJ-5542-01A-01R-1580-07,0.833025748129555,0
TCGA-13-1407-01A-01R-1565-13,0.3961661121020654,1
TCGA-J7-A8I2-01A-12R-A36F-07,0.9842064687500596,1
TCGA-ED-A627-01A-12R-A311-07,0.9147468253897167,0
TCGA-2J-AABU-01A-11R-A41B-07,0.5779540800344084,1
TCGA-E9-A1QZ-01A-21R-A169-07,0.5839104715681163,1
TCGA-66-2744-01A-01R-0980-07,0.726863331174078,1
TCGA-29-1781-01A-01R-1567-13,0.6314028059081683,1
TCGA-LN-A49L-01A-11R-A24K-31,0.797835626985969,0
TCGA-18-4721-01A-01R-1443-07,0.540435842605663,1
TCGA-A7-A5ZW-01A-12R-A29R-07,0.561097769498343,1
TCGA-B6-A409-01A-11R-A24H-07,0.9116212272229308,1
TCGA-FC-A4JI-01A-11R-A250-07,0.9891982609880099,1
TCGA-13-1405-01A-01R-1565-13,0.7638934672926826,1
TCGA-DD-AADO-01A-11R-A41C-07,0.42259852273319276,1
TCGA-WX-AA46-01A-11R-A39D-07,0.522061361612792,1
TCGA-4N-A93T-01A-11R-A37K-07,0.7268575182846587,1
TCGA-V1-A9OF-01A-11R-A41O-07,0.27614675437400127,0
TCGA-Y8-A897-01A-11R-A36F-07,0.425495775280438,1
TCGA-A6-3807-01A-01R-1022-07,0.6264024778847918,1
TCGA-DD-A1ED-01A-11R-A155-07,0.7196549335840478,1
TCGA-AO-A0J8-01A-21R-A034-07,0.4675105520979751,1
TCGA-BH-A42T-01A-11R-A24H-07,0.804840194429268,0
TCGA-25-1329-01A-01R-1565-13,0.6914089368470479,0
TCGA-AO-A12H-01A-11R-A115-07,0.6436492774438956,1
TCGA-G3-A25T-01A-11R-A16W-07,0.9479887392677598,1
TCGA-G9-7509-01A-11R-A41O-07,0.22004798140259474,1
TCGA-BC-A8YO-01A-11R-A37K-07,0.9312846303181002,1
TCGA-50-5942-01A-21R-1755-07,0.7122651306743291,1
TCGA-GM-A2DB-01A-31R-A18M-07,0.9074983303700894,1
TCGA-C8-A133-01A-32R-A12D-07,0.8286913836474735,1
TCGA-NC-A5HD-01A-11R-A26W-07,0.5950583319254237,1
TCGA-AR-A0U0-01A-11R-A109-07,0.8565427660905273,1
TCGA-23-1029-01B-01R-1567-13,0.63030445177104,0
TCGA-HZ-8637-01A-11R-2404-07,0.8363422555808097,1
TCGA-D8-A1JM-01A-11R-A13Q-07,0.8600520677518729,1
TCGA-91-8499-01A-11R-2403-07,0.912657008401638,1
TCGA-ZP-A9D2-01A-11R-A38B-07,0.9820994269245671,1
TCGA-2Y-A9GV-01A-11R-A38B-07,0.6166636183204143,1
TCGA-B8-A54D-01A-21R-A266-07,0.7408282416451667,1
TCGA-A4-8630-01A-11R-2404-07,0.3460085003866692,1
TCGA-F4-6855-01A-11R-1928-07,0.8226251607439092,1
TCGA-EB-A3HV-01A-11R-A21D-07,0.49244642701754215,1
TCGA-XJ-A83G-01A-11R-A352-07,0.4896020759526312,0
TCGA-AA-3560-01A-01R-0821-07,0.7855036340674876,1
TCGA-D8-A1XA-01A-11R-A14D-07,0.6700695065507841,1
TCGA-BP-4963-01A-01R-1334-07,0.4047005301229547,1
TCGA-04-1338-01A-01R-1564-13,0.7449100022823649,1
TCGA-09-1662-01A-01R-1566-13,0.6724001692347099,1
TCGA-24-1417-01A-01R-1565-13,0.7524604695792855,1
TCGA-ZG-A9LN-01A-11R-A41O-07,0.8843889040417143,1
TCGA-EJ-8474-01A-11R-2403-07,0.37655738986394466,1
TCGA-13-0727-01A-01R-1564-13,0.4564705711800445,1
TCGA-37-5819-01A-01R-1635-07,0.9145355357040907,1
TCGA-E2-A1LI-01A-12R-A157-07,0.6886115438755503,0
TCGA-77-7138-01A-41R-2045-07,0.7181844020603582,1
TCGA-A2-A3XU-01A-12R-A22U-07,0.9546629545699078,1
TCGA-QG-A5YW-01A-11R-A28H-07,0.7050512346489323,1
TCGA-49-AAR0-01A-21R-A39D-07,0.7092537743907884,1
TCGA-50-6590-01A-12R-1858-07,0.7752881366230584,1
TCGA-55-8510-01A-11R-2403-07,0.4758377391973287,1
TCGA-AL-3466-01A-02R-1351-07,0.9796649680187045,0
TCGA-IB-AAUU-01A-11R-A37L-07,0.3740805877124374,0
TCGA-AA-3815-01A-01R-1022-07,0.5164235671123146,1
TCGA-AR-A0TZ-01A-12R-A084-07,0.5770841346739861,1
TCGA-M7-A71Z-01A-12R-A32O-07,0.8790996174012626,1
TCGA-A8-A09C-01A-11R-A00Z-07,0.5620296258115055,1
TCGA-DD-AAE1-01A-11R-A41C-07,0.4221080123798623,0
TCGA-BH-A1EX-01A-11R-A13Q-07,0.5123238160111908,1
TCGA-DM-A288-01A-11R-A16W-07,0.6393788346522982,0
TCGA-CC-A5UE-01A-11R-A28V-07,0.5374921844885532,1
TCGA-S8-A6BV-01A-21R-A31P-31,0.7883995376263748,1
TCGA-AO-A03O-01A-11R-A00Z-07,0.507816478855408,0
TCGA-IA-A83W-01A-11R-A355-07,0.7593121887700056,1
TCGA-86-A4P8-01A-11R-A24X-07,0.7125613866332726,0
TCGA-A4-7288-01A-11R-A32Z-07,0.557787807936565,0
TCGA-33-4532-01A-01R-1201-07,0.595062089962204,1
TCGA-OY-A56P-01A-12R-A406-31,0.8247105803169695,1
TCGA-GK-A6C7-01A-11R-A33J-07,0.5152492102557278,1
TCGA-E2-A15E-01A-11R-A12D-07,0.5100629061887855,1
TCGA-DD-A39W-01A-11R-A213-07,0.7232211131856408,1
TCGA-AR-A0U3-01A-11R-A109-07,0.5248078319049686,1
TCGA-CJ-4900-01A-01R-1334-07,0.7509793958788895,0
TCGA-E2-A15G-01A-11R-A12D-07,0.38418002115048483,1
TCGA-CH-5769-01A-11R-1580-07,0.7180574038064783,1
TCGA-60-2707-01A-01R-0851-07,0.6253795758952805,1
TCGA-CW-5589-01A-01R-1541-07,0.2330886634942176,0
TCGA-DD-AAEB-01A-11R-A41C-07,0.32080776743641987,1
TCGA-61-2098-01A-01R-1568-13,0.7772938064331447,1
TCGA-05-4249-01A-01R-1107-07,0.5947808346067794,1
TCGA-33-4589-01A-01R-1443-07,0.8666170174282852,1
TCGA-E2-A15K-01A-11R-A12P-07,0.5108806486423454,1
TCGA-DD-A4NL-01A-11R-A28V-07,0.5142533798743754,1
TCGA-BF-AAP2-01A-11R-A40A-07,0.6488034762867064,1
TCGA-44-6779-01A-11R-1858-07,0.7174871213966421,1
TCGA-85-7844-01A-11R-2125-07,0.520124758431874,1
TCGA-AK-3460-01A-02R-1277-07,0.27387238840334094,1
TCGA-B2-4101-01A-02R-1277-07,0.3130056580426817,1
TCGA-51-4080-01A-01R-1100-07,0.6614656928489063,1
TCGA-3C-AALI-01A-11R-A41B-07,0.820008909764214,1
TCGA-IB-A5SP-01A-11R-A32O-07,0.8047254027692331,1
TCGA-L5-A88Z-01A-11R-A36D-31,0.594673150735025,0
TCGA-D9-A4Z5-01A-11R-A266-07,0.7235810926590353,1
TCGA-BH-A0DG-01A-21R-A12P-07,0.5153505599598719,0
TCGA-L5-A8NF-01A-11R-A37I-31,0.7156615207691767,1
TCGA-EJ-7325-01B-11R-A32O-07,0.8100348736284436,0
TCGA-13-1497-01A-01R-1565-13,0.595368550309373,1
TCGA-HC-7736-01A-11R-2118-07,0.6765725134938897,1
TCGA-AR-A1AH-01A-11R-A12D-07,0.7926033850177043,1
TCGA-A7-A26F-01B-04R-A22O-07,0.8762269446606881,1
TCGA-04-1337-01A-01R-1564-13,0.7826746360184818,1
TCGA-EB-A6QZ-01A-12R-A32P-07,0.5226401165319342,1
TCGA-AK-3444-01A-02R-1325-07,0.46493789960621795,0
TCGA-B0-5092-01A-01R-1420-07,0.7546022065760042,1
TCGA-A8-A09A-01A-11R-A00Z-07,0.5096191729270845,1
TCGA-LN-A49O-01A-11R-A24K-31,0.5439041245106042,1
TCGA-61-1737-01A-01R-1567-13,0.7147180145019228,1
TCGA-EJ-A46H-01A-31R-A26U-07,0.9382395033563001,0
TCGA-B6-A0X5-01A-21R-A109-07,0.731980285389477,1
TCGA-C8-A26X-01A-31R-A16F-07,0.796143591841032,0
TCGA-21-1077-01A-01R-0692-07,0.44541353165410263,1
TCGA-GM-A2DD-01A-11R-A180-07,0.8674143932039068,1
TCGA-BP-4326-01A-01R-1289-07,0.7380437702600058,0
TCGA-DA-A960-01A-11R-A37K-07,0.4343945635865885,1
TCGA-94-A5I4-01A-11R-A26W-07,0.5179917216447948,1
TCGA-AA-3520-01A-01R-0821-07,0.42730824524542144,1
TCGA-2Y-A9H1-01A-11R-A38B-07,0.20152478162782145,1
TCGA-63-A5ML-01A-31R-A27Q-07,0.6267081480347639,1
TCGA-KK-A8IB-01A-11R-A36G-07,0.7487817853696038,0
TCGA-AA-3947-01A-01R-1022-07,0.9809084569414434,1
TCGA-B8-4621-01A-01R-1503-07,0.9135708868382034,1
TCGA-S3-AA11-01A-31R-A41B-07,0.5940823716197741,1
TCGA-BH-A0BM-01A-11R-A056-07,0.6725879333117769,1
TCGA-AK-3447-01A-01R-1766-07,0.9980637007684865,1
TCGA-E2-A1IO-01A-11R-A144-07,0.6142089945338207,1
TCGA-BP-5185-01A-01R-1426-07,0.9277731346343326,1
TCGA-LL-A5YO-01A-21R-A28M-07,0.8572939205044317,0
TCGA-A3-3347-01A-02R-1325-07,0.6603789400479169,1
TCGA-60-2709-01A-21R-1820-07,0.6328560629704284,0
TCGA-DD-A1EK-01A-11R-A213-07,0.5041048322060284,1
TCGA-BH-A0HU-01A-11R-A034-07,0.6922343935759235,0
TCGA-HZ-7289-01A-11R-2156-07,0.9726578236417232,1
TCGA-33-4566-01A-01R-1443-07,0.8376577022092533,1
TCGA-EJ-5504-01A-01R-1580-07,0.5075906622657557,1
TCGA-IB-7654-01A-11R-2156-07,0.6614524474968985,1
TCGA-2Z-A9JD-01A-11R-A42S-07,0.6089616941188526,1
TCGA-BH-A18L-01A-32R-A12D-07,0.5417688369488903,1
TCGA-38-A44F-01A-11R-A24H-07,0.5908284385686929,0
TCGA-YL-A8SB-01A-31R-A37L-07,0.47310707271129177,1
TCGA-46-3768-01A-01R-0980-07,0.5140077692106165,1
TCGA-AR-A24U-01A-11R-A169-07,0.6557375777179718,1
TCGA-AO-A0JD-01A-11R-A056-07,0.6430952815904406,1
TCGA-A2-A0T1-01A-21R-A084-07,0.7804287397567532,1
TCGA-D8-A1JH-01A-11R-A13Q-07,0.45906633840131944,1
TCGA-BP-5194-01A-02R-1426-07,0.2371391239191977,1
TCGA-RB-AA9M-01A-11R-A39D-07,0.4670320262713125,1
TCGA-A4-7915-01A-11R-2204-07,0.9792615772026478,1
TCGA-AA-3867-01A-01R-1022-07,0.6377995108719433,1
TCGA-3A-A9IH-01A-12R-A39D-07,0.5383689114893467,1
TCGA-E2-A570-01A-11R-A29R-07,0.6609993730440734,1
TCGA-D5-5540-01A-01R-1653-07,0.8438278300323331,0
TCGA-B0-4839-01A-01R-1305-07,0.7349612293255601,1
TCGA-FS-A1ZN-01A-11R-A18T-07,0.7891625418357255,1
TCGA-D8-A1Y1-01A-21R-A14M-07,0.5205895724885027,1
TCGA-57-1993-01A-01R-1568-13,0.7462346935644137,1
TCGA-E9-A3X8-01A-31R-A22U-07,0.9409029075940515,1
TCGA-86-8073-01A-11R-2241-07,0.6536092932871241,1
TCGA-ZG-A8QW-01A-11R-A37L-07,0.6436819261194684,1
TCGA-AK-3458-01A-01R-1503-07,0.9092383227935087,1
TCGA-L5-A88S-01A-11R-A36D-31,0.8072610828173732,1
TCGA-DD-A4NJ-01A-11R-A27V-07,0.7652659903409712,0
TCGA-55-6985-01A-11R-1949-07,0.5708613636872517,1
TCGA-78-7147-01A-11R-2039-07,0.6463540868154004,0
TCGA-AK-3429-01A-02R-1325-07,0.6725072830229879,0
TCGA-AR-A2LH-01A-31R-A18M-07,0.7641127981005397,0
TCGA-WX-AA47-01A-11R-A39D-07,0.6210219509458812,0
TCGA-04-1536-01A-01R-1566-13,0.7299995100998175,1
TCGA-L3-A524-01A-11R-A262-07,0.6119960500514902,1
TCGA-91-6848-01A-11R-1949-07,0.8075374229149748,1
TCGA-24-2027-01A-01R-1567-13,0.6935394534525712,1
TCGA-H9-A6BX-01A-31R-A311-07,0.8956900412152456,1
TCGA-G9-6354-01A-11R-A311-07,0.47756977394735584,1
TCGA-10-0937-01A-02R-1564-13,0.6028977783258898,1
TCGA-B6-A0RN-01A-12R-A084-07,0.4468853953970383,1
TCGA-86-8056-01A-11R-2241-07,0.57113472527625,0
TCGA-95-8039-01A-11R-2241-07,0.4651094232142429,0
TCGA-E9-A1R5-01A-11R-A14M-07,0.41784499543567377,0
TCGA-A3-3331-01A-02R-1325-07,0.27741823689756034,1
TCGA-18-3410-01A-01R-0980-07,0.7302124208955854,1
TCGA-22-5491-01A-01R-1635-07,0.4966739025322503,1
TCGA-A4-A7UZ-01A-12R-A355-07,0.7181893106236791,0
TCGA-L5-A4OS-01A-11R-A28J-31,0.785973873043202,0
TCGA-AZ-6607-01A-11R-1839-07,0.992730130511828,1
TCGA-B0-5077-01A-01R-1334-07,0.3637464617563514,0
TCGA-63-A5MW-01A-11R-A26W-07,0.7539116938259812,0
TCGA-CK-6747-01A-11R-1839-07,0.45008625780434275,1
TCGA-A8-A06U-01A-11R-A00Z-07,0.6469045242050353,1
TCGA-CC-A5UD-01A-11R-A28V-07,0.9247379233139148,1
TCGA-44-A47A-01A-21R-A24H-07,0.5938876363668368,0
TCGA-EW-A1IZ-01A-11R-A13Q-07,0.7888445326732206,1
TCGA-24-2019-01A-02R-1568-13,0.6495237216295133,1
TCGA-EW-A1IX-01A-12R-A144-07,0.5057787917384095,1
TCGA-13-0897-01A-01R-1564-13,0.7219261416170191,1
TCGA-A8-A06Q-01A-11R-A034-07,0.658906198842223,1
TCGA-A2-A4RX-01A-11R-A266-07,0.8536516217700102,1
TCGA-E9-A1RC-01A-11R-A157-07,0.4906114015820748,1
TCGA-AA-3814-01A-01R-0905-07,0.48144613981861867,1
TCGA-DD-AACH-01A-11R-A41C-07,0.9171853111874618,1
TCGA-AA-3496-01A-21R-1839-07,0.7372378615054744,1
TCGA-69-7974-01A-11R-2187-07,0.46833479777120035,0
TCGA-24-1431-01A-01R-1566-13,0.6755867655633898,1
TCGA-B6-A1KI-01A-11R-A14M-07,0.4892650113968598,0
TCGA-AK-3461-01A-02R-1277-07,0.3843503467730137,1
TCGA-DD-A11D-01A-11R-A131-07,0.3949274766682797,1
TCGA-22-4594-01A-01R-1201-07,0.8896057374672758,1
TCGA-GN-A8LN-01A-11R-A37K-07,0.8498108030577795,1
TCGA-A4-7286-01A-11R-A32Z-07,0.4542522129310056,0
TCGA-G9-6362-01A-11R-1789-07,0.8852430084396612,1
TCGA-ED-A7PZ-01A-11R-A33R-07,0.495078386192867,1
TCGA-77-7139-01A-11R-2045-07,0.6321256787467967,1
TCGA-AT-A5NU-01A-11R-A28H-07,0.3665286224490606,1
TCGA-G9-6348-01A-11R-1789-07,0.64320049431382,1
TCGA-CM-5868-01A-01R-1653-07,0.431616922315513,0
TCGA-80-5607-01A-31R-1949-07,0.5820498563276711,1
TCGA-DD-A4ND-01A-11R-A266-07,0.9544239070242186,1
TCGA-AK-3443-01A-02R-1325-07,0.9863294598436985,1
TCGA-BH-A28Q-01A-11R-A16F-07,0.3964065372496353,1
TCGA-62-A470-01A-11R-A24H-07,0.6537040265152904,1
TCGA-85-A5B5-01A-21R-A26W-07,0.7227503774877975,1
TCGA-GN-A4U5-01A-11R-A32P-07,0.720627112178235,1
TCGA-A7-A2KD-01A-31R-A21T-07,0.5286628552994042,0
TCGA-5R-AAAM-01A-12R-A41C-07,0.5999757333390914,1
TCGA-AA-3952-01A-01R-1022-07,0.7797851993290497,1
TCGA-E9-A1NC-01A-21R-A26B-07,0.9009528931710673,1
TCGA-E9-A229-01A-31R-A157-07,0.4205242579247922,0
TCGA-55-A494-01A-11R-A24X-07,0.7645449339513751,1
TCGA-D8-A1XL-01A-11R-A14M-07,0.7629117635869548,1
TCGA-YL-A8SI-01A-11R-A41O-07,0.3050905104757192,1
TCGA-61-1911-01A-01R-1567-13,0.8109797111159203,1
TCGA-56-1622-01A-01R-0692-07,0.6256946604482451,0
TCGA-C8-A26Z-01A-11R-A16F-07,0.5101137280945561,1
TCGA-V5-A7RB-01A-11R-A354-31,0.7751424814878086,1
TCGA-OL-A66H-01A-11R-A29R-07,0.7866260218122091,1
TCGA-AC-A3OD-01A-11R-A21T-07,0.6430458209482037,0
TCGA-A4-8516-01A-11R-2404-07,0.34829460862181777,0
TCGA-EJ-A7NN-01A-11R-A33R-07,0.6218314201584351,1
TCGA-A8-A06Y-01A-21R-A00Z-07,0.6276867495424892,1
TCGA-EB-A5VU-01A-21R-A32P-07,0.8499742101813328,1
TCGA-HC-7232-01A-11R-2118-07,0.6275768329177956,1
TCGA-2L-AAQL-01A-11R-A38C-07,0.7050989927724903,1
TCGA-BF-A3DM-01A-11R-A20F-07,0.704441016836936,0
TCGA-GM-A2DI-01A-31R-A18M-07,0.6355563664052706,1
TCGA-CJ-4635-01A-02R-1305-07,0.5182149612410907,0
TCGA-FV-A4ZP-01A-12R-A266-07,0.7617455809229413,1
TCGA-IH-A3EA-01A-11R-A20F-07,0.32949086040156544,1
TCGA-HC-7075-01A-11R-1965-07,0.4418052807692226,1
TCGA-5P-A9K6-01A-11R-A42S-07,0.27273354853223486,1
TCGA-DM-A28K-01A-21R-A32Y-07,0.6181873925554757,0
TCGA-BP-4962-01A-01R-1334-07,0.7150307779429194,1
TCGA-53-7624-01A-11R-2066-07,0.8681539747250362,1
TCGA-AA-3854-01A-01R-0905-07,0.6619832611617391,1
TCGA-OL-A5RW-01A-11R-A28M-07,0.9471928517264567,0
TCGA-E9-A1RI-01A-11R-A169-07,0.42126083104565115,1
TCGA-A7-A4SB-01A-21R-A266-07,0.7235089991086219,1
TCGA-A3-3306-01A-01R-0864-07,0.7632704067644428,1
TCGA-G9-6371-01A-11R-1789-07,0.42411855841513774,1
TCGA-E9-A243-01A-21R-A169-07,0.7317525689810017,1
TCGA-A7-A0CG-01A-12R-A056-07,0.4057465958453697,0
TCGA-E9-A3HO-01A-11R-A213-07,0.8099109354186361,1
TCGA-B6-A408-01A-12R-A24H-07,0.7507890968748416,0
TCGA-24-1426-01A-01R-1565-13,0.4981532962398352,0
TCGA-AC-A6IV-01A-12R-A33J-07,0.7126773305844075,0
TCGA-AS-3778-01A-01R-A32Z-07,0.374640917943496,1
TCGA-C8-A1HG-01A-11R-A137-07,0.7415000566215252,1
TCGA-BQ-7059-01A-11R-1965-07,0.749770561015244,1
TCGA-SX-A7SL-01A-11R-A355-07,0.4899775567515835,1
TCGA-13-1492-01A-01R-1565-13,0.7494994118168784,1
TCGA-BP-4970-01A-01R-1334-07,0.36875965684544065,1
TCGA-HE-7128-01A-11R-1965-07,0.7415205651693403,1
TCGA-61-1733-01A-01R-1567-13,0.5436145495415793,0
TCGA-LL-A5YL-01A-12R-A29R-07,0.8741157907848233,1
TCGA-DD-A3A8-01A-11R-A22L-07,0.22658233673211667,1
TCGA-AK-3450-01A-02R-1277-07,0.7212704817913228,1
TCGA-EW-A2FS-01A-11R-A17B-07,0.7746079455247437,1
TCGA-A2-A0T6-01A-11R-A084-07,0.5039246908968481,1
TCGA-FV-A496-01A-11R-A266-07,0.6199907654343613,1
TCGA-75-7027-01A-11R-1949-07,0.7388639342137812,1
TCGA-43-3394-01A-01R-0980-07,0.4906195235324938,1
TCGA-CZ-5455-01A-01R-1503-07,0.43218374688933586,1
TCGA-AA-3831-01A-01R-0905-07,0.3691881306183734,1
TCGA-NH-A8F7-01A-11R-A41B-07,0.558885049943397,1
TCGA-FB-A4P6-01A-12R-A26U-07,0.5968886015261743,1
TCGA-VP-A87E-01A-31R-A352-07,0.680125206515937,1
TCGA-BH-A0DD-01A-31R-A12P-07,0.46632795776224684,1
TCGA-CM-4744-01A-01R-A32Z-07,0.46441771598089526,1
TCGA-IG-A8O2-01A-11R-A36D-31,0.8414781032104169,1
TCGA-A8-A07P-01A-11R-A00Z-07,0.5479733221497424,1
TCGA-J4-A67Q-01A-21R-A30B-07,0.895334720272251,1
TCGA-A3-3387-01A-01R-1541-07,0.41033229738770544,1
TCGA-IB-7647-01A-11R-2156-07,0.8061848169578413,1
TCGA-98-8022-01A-11R-2247-07,0.8545819500154324,1
TCGA-J2-8194-01A-11R-2241-07,0.5684660336642425,1
TCGA-BP-5189-01A-02R-1426-07,0.3212822988716103,0
TCGA-24-2293-01A-01R-1568-13,0.8763618250968774,1
TCGA-DD-A1EA-01A-11R-A131-07,0.6978490228528661,1
TCGA-JY-A6FB-01A-11R-A336-31,0.6333918671819995,1
TCGA-60-2716-01A-01R-0851-07,0.9091267611115206,1
TCGA-A1-A0SF-01A-11R-A144-07,0.5858974484975932,1
TCGA-78-7148-01A-11R-2039-07,0.5711707024292254,1
TCGA-85-7696-01A-11R-2125-07,0.594674600970478,1
TCGA-25-1319-01A-01R-1565-13,0.7167925596797825,1
TCGA-44-A47B-01A-11R-A24H-07,0.6262595604176028,1
TCGA-L5-A88W-01A-11R-A354-31,0.6770149708818393,1
TCGA-85-A4CL-01A-41R-A26W-07,0.76935200461074,1
TCGA-44-A4SU-01A-11R-A24X-07,0.604065011512954,1
TCGA-2Y-A9GX-01A-11R-A38B-07,0.9278456097942378,1
TCGA-G4-6586-01A-11R-1774-07,0.5844601146830343,1
TCGA-68-A59J-01A-21R-A26W-07,0.5478040430525263,0
TCGA-G6-A5PC-01A-11R-A33J-07,0.979112826917616,1
TCGA-IG-A50L-01A-11R-A260-31,0.47436327519953203,0
TCGA-43-6770-01A-11R-1820-07,0.4090666893330388,0
TCGA-57-1584-01A-01R-1566-13,0.6974934858059946,1
TCGA-AC-A2B8-01A-11R-A17B-07,0.43965676727551756,1
TCGA-A4-A57E-01A-11R-A26U-07,0.8790066326825668,1
TCGA-24-1471-01A-01R-1566-13,0.805078145356409,1
TCGA-56-7579-01A-11R-2045-07,0.5936208902535551,1
TCGA-KK-A59Y-01A-11R-A26U-07,0.5428118174381795,1
TCGA-A7-A26H-01A-11R-A169-07,0.3243354427680992,0
TCGA-DV-5573-01A-01R-1541-07,0.54364176709212,1
TCGA-AC-A3TM-01A-11R-A22K-07,0.9078551486968746,1
TCGA-KK-A6E3-01A-21R-A30B-07,0.8339740573870699,1
TCGA-25-2398-01A-01R-1569-13,0.6744007689591609,1
TCGA-25-1631-01A-01R-1569-13,0.6913699671024757,1
TCGA-B0-4710-01A-01R-1503-07,0.5305297964015784,0
TCGA-BD-A2L6-01A-11R-A213-07,0.44680588482802747,0
TCGA-85-8664-01A-11R-2403-07,0.7338811424589978,1
TCGA-59-2352-01A-01R-1569-13,0.6214851188602278,1
TCGA-97-8179-01A-11R-2287-07,0.539282485063802,0
TCGA-CW-5590-01A-01R-1541-07,0.2810650106139466,0
TCGA-24-1424-01A-01R-1565-13,0.545087053621947,0
TCGA-GM-A3XL-01A-11R-A22U-07,0.9210137491107608,1
TCGA-D8-A1JA-01A-11R-A13Q-07,0.6677760832387445,1
TCGA-EB-A85J-01A-12R-A352-07,0.7290319360913479,1
TCGA-HV-A7OL-01A-11R-A33R-07,0.7893537867780044,0
TCGA-55-8087-01A-11R-2241-07,0.7359438768540711,1
TCGA-55-6978-01A-11R-1949-07,0.5710229503810287,0
TCGA-BP-4332-01A-01R-1289-07,0.40238321546611994,1
TCGA-57-1586-01A-02R-1567-13,0.5280074162981647,0
TCGA-5P-A9JV-01A-12R-A42S-07,0.8586556399070315,0
TCGA-A2-A1G0-01A-11R-A13Q-07,0.4625158677003986,0
TCGA-BP-4985-01A-01R-1334-07,0.8528377584734345,1
TCGA-US-A774-01A-21R-A32O-07,0.3112926284392623,0
TCGA-V7-A7HQ-01A-11R-A33J-07,0.9358100813120563,1
TCGA-B0-4817-01A-01R-1277-07,0.8690323866249072,1
TCGA-61-1738-01A-01R-1567-13,0.846778511982878,1
TCGA-A6-2681-01A-01R-1410-07,0.6088628979878016,1
TCGA-22-4609-01A-21R-2125-07,0.5699541732104645,0
TCGA-HC-A6AN-01A-11R-A30B-07,0.8353721045827367,1
TCGA-AN-A0AM-01A-11R-A034-07,0.7445637154476072,1
TCGA-B2-5636-01A-02R-1541-07,0.7446072115740118,0
TCGA-59-2348-01A-01R-1569-13,0.7816837438009686,0
TCGA-EJ-5531-01A-01R-1580-07,0.5389991793401564,0
TCGA-D8-A4Z1-01A-21R-A266-07,0.6745454927498788,0
TCGA-BH-A0BV-01A-11R-A00Z-07,0.4465707696940308,1
TCGA-DD-AAEA-01A-11R-A41C-07,0.46188461092634536,1
TCGA-49-6761-01A-31R-1949-07,0.6599943900646982,1
TCGA-95-7043-01A-11R-1949-07,0.8590555206588646,1
TCGA-AD-6890-01A-11R-1928-07,0.48071081850060127,1
TCGA-97-8547-01A-11R-2403-07,0.6057736281936664,1
TCGA-XP-A8T6-01A-11R-A36D-31,0.6080278799009451,1
TCGA-70-6722-01A-11R-1820-07,0.706602741372878,1
TCGA-DD-AAVY-01A-11R-A41C-07,0.2826147151860373,0
TCGA-A2-A3XS-01A-11R-A22U-07,0.8496340935793749,1
TCGA-A2-A0YL-01A-21R-A109-07,0.4967539338140649,1
TCGA-3A-A9IS-01A-21R-A39D-07,0.9838482611429409,1
TCGA-73-4666-01A-01R-1206-07,0.7079063243868031,1
TCGA-24-1467-01A-01R-1566-13,0.6458681189349881,0
TCGA-85-7699-01A-11R-2125-07,0.5487378920079163,1
TCGA-A8-A07B-01A-11R-A00Z-07,0.5385559037591455,0
TCGA-AA-A01P-01A-21R-A083-07,0.8198534870827315,1
TCGA-AC-A62X-01A-11R-A29R-07,0.8723310534979709,1
TCGA-A2-A0YH-01A-11R-A109-07,0.5139217799157749,1
TCGA-D8-A1XS-01A-11R-A14M-07,0.38553130875588965,1
TCGA-BH-A0E2-01A-11R-A056-07,0.6068820480202054,1
TCGA-13-0888-01A-01R-1564-13,0.5013309446424098,1
TCGA-IG-A4QS-01A-11R-A260-31,0.7565026919660884,1
TCGA-A6-2680-01A-01R-1410-07,0.3985401729938309,0
TCGA-A4-7997-01A-11R-2204-07,0.8475875227425125,1
TCGA-93-A4JO-01A-21R-A24X-07,0.6047646862569459,1
TCGA-KV-A74V-01A-11R-A33Z-07,0.4973017263324656,1
TCGA-G4-6588-01A-11R-1774-07,0.6367757368532172,1
TCGA-J4-A83L-01A-11R-A352-07,0.31516155107513794,1
TCGA-5T-A9QA-01A-11R-A41B-07,0.810062395933746,0
TCGA-49-6744-01A-11R-1858-07,0.5482288468769477,1
TCGA-CK-4948-01B-11R-1653-07,0.4841602878981069,1
TCGA-77-7142-01A-11R-2045-07,0.675875767829632,1
TCGA-ZG-A9M4-01A-11R-A41O-07,0.9272908061603,1
TCGA-44-A479-01A-31R-A24H-07,0.624272184574598,1
TCGA-AA-3511-01A-21R-1839-07,0.5730627161572159,1
TCGA-66-2758-01A-02R-0851-07,0.5745206552390933,1
TCGA-24-2290-01A-01R-1568-13,0.75852458146351,1
TCGA-75-5125-01A-01R-1755-07,0.7050948305819424,1
TCGA-L9-A7SV-01A-11R-A39D-07,0.8082617462575645,1
TCGA-VP-A87K-01A-11R-A352-07,0.5205706685361715,1
TCGA-A6-A565-01A-31R-A28H-07,0.9298039013675446,1
TCGA-04-1364-01A-01R-1565-13,0.601839775950764,1
TCGA-04-1350-01A-01R-1565-13,0.538781517742415,1
TCGA-22-5471-01A-01R-1635-07,0.67008926810936,1
TCGA-EB-A430-01A-11R-A24X-07,0.5593893781777434,0
TCGA-ZG-A9ND-01A-11R-A41O-07,0.5686548248043103,1
TCGA-23-1119-01A-02R-1565-13,0.6375375601359817,1
TCGA-CJ-4642-01B-01R-1305-07,0.994704486591607,1
TCGA-24-1413-01A-01R-1565-13,0.5337482514233628,1
TCGA-A8-A08A-01A-11R-A32Y-07,0.5586592253872126,1
TCGA-04-1519-01A-01R-1565-13,0.5858162108891034,1
TCGA-B6-A0RT-01A-21R-A084-07,0.8247952661152574,1
TCGA-AC-A5XS-01A-11R-A29R-07,0.7729321926049938,1
TCGA-HC-8257-01A-11R-2263-07,0.4647054861440184,1
TCGA-CJ-4881-01A-01R-1305-07,0.7443521635627354,0
TCGA-DD-AACY-01A-11R-A41C-07,0.31138610558635416,0
TCGA-CK-5915-01A-11R-1653-07,0.6620252056529704,1
TCGA-2Y-A9GZ-01A-11R-A39D-07,0.523568276937737,1
TCGA-2H-A9GI-01A-11R-A37I-31,0.7617648171877625,1
TCGA-B6-A0IP-01A-11R-A034-07,0.4108362134100851,1
TCGA-AA-3811-01A-01R-1022-07,0.6380297345355339,1
TCGA-55-8208-01A-11R-2241-07,0.5526291464466291,1
TCGA-V9-A7HT-01A-11R-A33Z-07,0.5752108968021908,0
TCGA-C8-A12M-01A-11R-A115-07,0.6578412562785331,1
TCGA-BQ-5886-01A-11R-1592-07,0.5922572397545477,0
TCGA-GI-A2C9-01A-11R-A21T-07,0.7850572163272526,0
TCGA-G7-7502-01A-11R-2204-07,0.7094786133261385,1
TCGA-2Z-A9JM-01A-12R-A42S-07,0.504940055205604,1
TCGA-85-A4PA-01A-11R-A24Z-07,0.9475929051429782,0
TCGA-C8-A12V-01A-11R-A115-07,0.8311822895962911,0
TCGA-HC-7745-01A-11R-2118-07,0.5300213306815217,1
TCGA-AC-A6IW-01A-12R-A33J-07,0.9125235922293072,1
TCGA-B0-5085-01A-01R-1334-07,0.8783652932383605,1
TCGA-AR-A1AU-01A-11R-A12P-07,0.5391111276528976,0
TCGA-B8-5546-01A-01R-1541-07,0.9694097814463745,1
TCGA-77-7141-01A-11R-2045-07,0.5061395370630247,1
TCGA-AA-3534-01A-01R-0821-07,0.6867599198010299,1
TCGA-AA-3524-01A-02R-0821-07,0.48538689773758253,1
TCGA-24-2280-01A-01R-1568-13,0.6873714560999629,1
TCGA-IB-7897-01A-21R-2204-07,0.8081943240535786,0
TCGA-95-7039-01A-11R-1949-07,0.588372850540344,0
TCGA-CJ-5680-01A-11R-1541-07,0.7935667515946682,1
TCGA-AR-A1AN-01A-11R-A12P-07,0.5316838753771778,1
TCGA-LL-A6FP-01A-11R-A31O-07,0.8812363486181987,1
TCGA-30-1714-01A-02R-1567-13,0.6557020740267864,0
TCGA-E2-A15L-01A-11R-A12D-07,0.40352458478005654,1
TCGA-23-2077-01A-01R-1568-13,0.4981260311266854,1
TCGA-EJ-7123-01A-11R-1965-07,0.4576775522375759,1
TCGA-DD-AACI-01A-11R-A41C-07,0.51222232575285,1
TCGA-A6-3808-01A-01R-1022-07,0.6317715251548687,0
TCGA-AA-3837-01A-01R-0905-07,0.5175749284261141,1
TCGA-95-7944-01A-11R-2187-07,0.7672825090664729,0
TCGA-A3-3320-01A-02R-1325-07,0.3610540332228344,1
TCGA-MM-A563-01A-11R-A266-07,0.5186567759851398,0
TCGA-77-8008-01A-21R-2187-07,0.7642966974809221,1
TCGA-G9-7519-01A-11R-2263-07,0.5395941489630658,1
TCGA-BF-A5EP-01A-12R-A27Q-07,0.7004563592396269,1
TCGA-B0-5694-01A-11R-1541-07,0.39272856658676997,1
TCGA-E9-A1R7-01A-11R-A14M-07,0.5881159413132163,1
TCGA-G3-A7M5-01A-11R-A33R-07,0.24459321513727428,1
TCGA-A2-A0SV-01A-11R-A084-07,0.7192614271439554,1
TCGA-DW-7838-01A-11R-2139-07,0.7901222563133367,1
TCGA-AN-A04C-01A-21R-A034-07,0.7869539978443348,1
TCGA-77-6842-01A-11R-1949-07,0.7106408079552452,1
TCGA-B0-4688-01A-01R-1277-07,0.9956640073017109,1
TCGA-A2-A0YM-01A-11R-A109-07,0.7943916408095617,1
TCGA-JY-A6F8-01A-11R-A336-31,0.8638887728896507,1
TCGA-F4-6808-01A-11R-1839-07,0.5654345520139945,1
TCGA-AC-A2BM-01A-11R-A21T-07,0.5293276286364881,1
TCGA-34-5236-01A-21R-1820-07,0.5598486375879018,1
TCGA-AZ-6598-01A-11R-1774-07,0.677554110191979,1
TCGA-D8-A1X7-01A-11R-A14M-07,0.4656302445357137,1
TCGA-AN-A0FY-01A-11R-A034-07,0.6369097850775511,1
TCGA-AO-A03R-01A-21R-A034-07,0.7475058190656536,1
TCGA-CJ-4920-01A-01R-1426-07,0.4090075681706783,1
TCGA-LL-A442-01A-11R-A24H-07,0.5963252507989546,1
TCGA-V1-A9OY-01A-11R-A41O-07,0.3501907713201534,1
TCGA-DD-AAVZ-01A-11R-A41C-07,0.6073225730070427,1
TCGA-UZ-A9PL-01A-11R-A38C-07,0.4812920289675777,0
TCGA-CJ-4638-01A-02R-1325-07,0.9259634749597834,1
TCGA-25-2401-01A-01R-1569-13,0.636049761965691,1
TCGA-BP-4765-01A-01R-1289-07,0.37670938610124693,1
TCGA-AN-A0FS-01A-11R-A034-07,0.42415459233817193,1
TCGA-B8-5162-01A-01R-1420-07,0.6439200169299023,0
TCGA-EV-5901-01A-11R-1592-07,0.8627332062199901,1
TCGA-2Y-A9H0-01A-11R-A38B-07,0.726882972771944,1
TCGA-B4-5836-01A-11R-1672-07,0.3454184065421054,1
TCGA-G9-6338-01A-12R-1965-07,0.8488183999182328,1
TCGA-HZ-A9TJ-01A-11R-A41I-07,0.7179321867495344,1
TCGA-D8-A1XT-01A-11R-A14M-07,0.6607437978251165,0
TCGA-E9-A1N6-01A-11R-A144-07,0.5644803193056316,0
TCGA-E2-A1IK-01A-11R-A144-07,0.7497864149798935,1
TCGA-CJ-5683-01A-11R-1541-07,0.478563565314837,1
TCGA-KK-A8IF-01A-11R-A36G-07,0.8074994299643615,1
TCGA-QG-A5Z2-01A-11R-A28H-07,0.65529170521172,1
TCGA-A1-A0SO-01A-22R-A084-07,0.8221885843384062,0
TCGA-E2-A154-01A-11R-A115-07,0.4407333084372628,1
TCGA-J9-A8CM-01A-11R-A352-07,0.6397028752266912,1
TCGA-AN-A0FV-01A-11R-A00Z-07,0.6168187327569277,1
TCGA-CM-6679-01A-11R-1839-07,0.744084703001732,1
TCGA-77-8153-01A-11R-2403-07,0.47023064656465247,1
TCGA-BH-A0BJ-01A-11R-A056-07,0.4988622923368346,1
TCGA-AN-A0AL-01A-11R-A00Z-07,0.8758222890250106,1
TCGA-24-1928-01A-01R-1567-13,0.7616674131751772,1
TCGA-IB-7890-01A-12R-2204-07,0.59460500299529,0
TCGA-E2-A15R-01A-11R-A115-07,0.5848186139075547,1
TCGA-BH-A0DT-01A-21R-A12D-07,0.39256658668911026,0
TCGA-Q3-A5QY-01A-12R-A32O-07,0.7236016917379474,0
TCGA-NJ-A4YI-01A-11R-A262-07,0.7004098885064206,1
TCGA-ZG-A9N3-01A-11R-A41O-07,0.9723603611236125,1
TCGA-2Z-A9JO-01A-11R-A42S-07,0.8013901303934227,1
TCGA-25-1626-01A-01R-1566-13,0.8970331353287334,1
TCGA-CC-5262-01A-01R-A131-07,0.49295912862565383,0
TCGA-57-1582-01A-01R-1566-13,0.7448888229114854,0
TCGA-WJ-A86L-01A-12R-A39D-07,0.760493101930079,0
TCGA-GL-6846-01A-11R-1965-07,0.6389246958900966,1
TCGA-E9-A54X-01A-11R-A266-07,0.7919158296224862,1
TCGA-55-1594-01A-01R-0946-07,0.693812978316488,0
TCGA-AA-3864-01A-01R-1022-07,0.5613292749981172,1
TCGA-49-6742-01A-11R-1858-07,0.66937336244361,1
TCGA-H6-8124-01A-11R-2404-07,0.7104147483156602,1
TCGA-HC-7820-01A-11R-2118-07,0.23332647097365072,1
TCGA-AY-A8YK-01A-11R-A41B-07,0.41198831411226244,0
TCGA-34-8454-01A-11R-2326-07,0.5785167998897062,1
TCGA-A6-A56B-01A-31R-A28H-07,0.8083200200347611,0
TCGA-AR-A0U2-01A-11R-A109-07,0.6257034942180814,1
TCGA-BC-A112-01A-11R-A131-07,0.9702491191083296,1
TCGA-IB-7646-01A-11R-2156-07,0.8735401625117749,1
TCGA-V1-A9ZG-01A-11R-A41O-07,0.6714646836871603,1
TCGA-86-7953-01A-11R-2187-07,0.6632453399748106,1
TCGA-CZ-5451-01A-01R-1503-07,0.2901369263350299,1
TCGA-A6-6138-01A-11R-1774-07,0.6199031938572005,0
TCGA-GL-7966-01A-11R-2204-07,0.9874622576048601,1
TCGA-BP-4982-01A-01R-1334-07,0.23917774076617684,1
TCGA-B4-5835-01A-11R-1672-07,0.9893354951641138,1
TCGA-E9-A1NE-01A-21R-A14M-07,0.5417246742734714,1
TCGA-MH-A856-01A-11R-A355-07,0.7709128165853242,1
TCGA-EB-A299-01A-21R-A18U-07,0.8946824188002429,0
TCGA-V1-A8MF-01A-11R-A36G-07,0.6237687011851375,1
TCGA-G9-6361-01A-21R-1965-07,0.5490591604618913,1
TCGA-L5-A8NH-01A-11R-A37I-31,0.4455411670780944,0
TCGA-LN-A49P-01A-11R-A24K-31,0.688636849605921,1
TCGA-E2-A14V-01A-11R-A12D-07,0.495010771094104,1
TCGA-49-AAR4-01A-12R-A41B-07,0.6592787393291618,1
TCGA-IB-7885-01A-11R-2156-07,0.4255378959510776,0
TCGA-D8-A1XQ-01A-11R-A14M-07,0.8137479982197384,1
TCGA-AA-3872-01A-01R-1022-07,0.7201226472082363,0
TCGA-85-8070-01A-11R-2247-07,0.7231889585310303,1
TCGA-HI-7169-01A-11R-2118-07,0.9321576872748493,1
TCGA-HC-8213-01A-11R-A29R-07,0.5238623715241382,0
TCGA-CH-5754-01A-11R-1580-07,0.7764985025552187,1
TCGA-2A-A8W1-01A-11R-A37L-07,0.6711732947654021,1
TCGA-AA-3527-01A-01R-0821-07,0.8315622612530457,1
TCGA-G7-6797-01A-11R-1965-07,0.6509338219111969,1
TCGA-05-4403-01A-01R-1206-07,0.7549648426266019,1
TCGA-EW-A1IW-01A-11R-A13Q-07,0.43994609940986656,1
TCGA-ZG-A9L0-01A-11R-A41O-07,0.7873203345288193,1
TCGA-56-8624-01A-11R-2403-07,0.8868184194568486,1
TCGA-D8-A1J8-01A-11R-A13Q-07,0.6551944722365716,1
TCGA-JY-A6FH-01A-11R-A336-31,0.7910136737955944,1
TCGA-09-0366-01A-01R-1564-13,0.7095332151198194,1
TCGA-A7-A6VV-01A-22R-A33J-07,0.8558284802048742,1
TCGA-L5-A4OG-01A-11R-A260-31,0.4800007999653774,1
TCGA-EJ-A65G-01A-21R-A29R-07,0.30210690021046716,1
TCGA-T9-A92H-01A-11R-A37K-07,0.44499203939440035,1
TCGA-AA-3685-01A-02R-A32Z-07,0.645465825841197,1
TCGA-BP-4993-01A-02R-1420-07,0.3675373219274459,1
TCGA-B0-5690-01A-11R-1541-07,0.5026980990721018,1
TCGA-G3-AAV6-01A-21R-A37K-07,0.8387095973262887,1
TCGA-13-1505-01A-01R-1565-13,0.5927511918513534,1
TCGA-LD-A9QF-01A-32R-A41B-07,0.874712683107059,1
TCGA-AA-3710-01A-01R-1022-07,0.7619133053693088,1
TCGA-85-7950-01A-11R-2187-07,0.7014492559612053,1
TCGA-A8-A07L-01A-11R-A00Z-07,0.6385073481126348,1
TCGA-55-A492-01A-11R-A24H-07,0.8275672615113564,0
TCGA-AZ-5403-01A-01R-1653-07,0.621616700574157,1
TCGA-69-7765-01A-11R-2170-07,0.613264647303059,1
TCGA-IB-8127-01A-11R-2404-07,0.519388382237781,1
TCGA-E2-A1IJ-01A-11R-A144-07,0.5786658569550716,0
TCGA-YL-A9WK-01A-11R-A37L-07,0.6765594750889398,1
TCGA-A8-A09D-01A-11R-A00Z-07,0.6356142594404908,1
TCGA-DD-AADA-01A-11R-A41C-07,0.7371046838729084,1
TCGA-CH-5763-01A-11R-1580-07,0.7791492315019855,1
TCGA-CZ-4865-01A-02R-1503-07,0.5325186967978957,1
TCGA-BC-A10Z-01A-11R-A131-07,0.5603745105162666,1
TCGA-EB-A44P-01A-11R-A266-07,0.7512577703800537,0
TCGA-CC-A3MA-01A-11R-A213-07,0.9946062599277538,1
TCGA-AA-3673-01A-01R-0905-07,0.4502038847608448,1
TCGA-CZ-5982-01A-11R-1672-07,0.749067229187357,1
TCGA-56-7223-01A-11R-2045-07,0.8079369629520892,1
TCGA-EB-A41A-01A-11R-A24X-07,0.7042170962264044,0
TCGA-IB-AAUS-01A-12R-A38C-07,0.40242618174571815,0
TCGA-B0-4828-01A-01R-1277-07,0.6805181929231091,1
TCGA-92-8065-01A-11R-2247-07,0.8342998997720006,1
TCGA-98-A53H-01A-12R-A262-07,0.9039831166859016,1
TCGA-05-4397-01A-01R-1206-07,0.8853391754717056,1
TCGA-HC-A6AO-01A-11R-A30B-07,0.8887939427650056,1
TCGA-E2-A108-01A-13R-A10J-07,0.7844783379749419,1
TCGA-23-1107-01A-01R-1564-13,0.6915703530249282,1
TCGA-IA-A40X-01A-11R-A24Z-07,0.586220297629998,1
TCGA-B4-5838-01A-11R-1672-07,0.7600336415755969,1
TCGA-24-1603-01A-01R-1566-13,0.548124198509966,0
TCGA-R6-A6L4-01A-11R-A31P-31,0.5799539140118564,1
TCGA-B6-A0IE-01A-11R-A034-07,0.7402629161325215,1
TCGA-04-1517-01A-01R-1565-13,0.6198746883386276,1
TCGA-LA-A446-01A-21R-A24Z-07,0.4292046521853393,0
TCGA-C8-A1HF-01A-11R-A137-07,0.7099878480658027,1
TCGA-MP-A4TH-01A-31R-A262-07,0.48210068686883756,1
TCGA-AA-3848-01A-01R-0905-07,0.6372900494327769,0
TCGA-KV-A6GE-01A-11R-A31O-07,0.43314229210916466,1
TCGA-CC-A5UC-01A-11R-A28V-07,0.7781679781408988,1
TCGA-96-7544-01A-11R-2045-07,0.6850680625435056,0
TCGA-B6-A0X1-01A-11R-A109-07,0.8696084003250625,1
TCGA-AA-3553-01A-01R-0821-07,0.4047285974991489,0
TCGA-HC-7818-01A-11R-2118-07,0.37259645379451634,1
TCGA-DD-AADL-01A-11R-A41C-07,0.6254316474937668,1
TCGA-78-7542-01A-21R-2066-07,0.8397780542800206,1
TCGA-E2-A1B5-01A-21R-A12P-07,0.7855020272180606,1
TCGA-A6-2684-01A-01R-1410-07,0.7279111519918293,1
TCGA-BH-A1FD-01A-11R-A13Q-07,0.635353741775477,1
TCGA-G9-6496-01A-11R-1789-07,0.7652319686196397,1
TCGA-EJ-8468-01A-21R-2403-07,0.6846824000502576,1
TCGA-AR-A1AS-01A-11R-A12P-07,0.4863028294025269,0
TCGA-86-8674-01A-21R-2403-07,0.7402107175980458,1
TCGA-DD-A4NS-01A-11R-A311-07,0.9559146913186071,1
TCGA-BP-5170-01A-01R-1426-07,0.5094609812019804,1
TCGA-A8-A06P-01A-11R-A00Z-07,0.5282970195848838,1
TCGA-B0-4697-01A-01R-1277-07,0.922282165711106,1
TCGA-33-6737-01A-11R-1820-07,0.8375809441415097,1
TCGA-85-A512-01A-11R-A26W-07,0.6616610767656288,1
TCGA-55-8511-01A-11R-2403-07,0.6067835991298559,1
TCGA-VP-A878-01A-31R-A352-07,0.43351828874514603,0
TCGA-BH-A0DZ-01A-11R-A00Z-07,0.6926035390216146,1
TCGA-D5-6931-01A-11R-1928-07,0.5087515739551655,0
TCGA-50-5044-01A-21R-1858-07,0.8626929289062063,0
TCGA-A2-A4RY-01A-31R-A266-07,0.7841479074526162,1
TCGA-EJ-7331-01A-11R-2118-07,0.651390884171768,1
TCGA-CZ-4864-01A-01R-1503-07,0.45622056738272404,1
TCGA-4A-A93W-01A-11R-A37K-07,0.48491245816092304,1
TCGA-AA-3655-01A-02R-1723-07,0.4805751598310693,0
TCGA-CM-6678-01A-11R-1839-07,0.5499176003802617,1
TCGA-AA-A02J-01A-01R-A00A-07,0.303003711604998,1
TCGA-DD-AAVR-01A-11R-A41C-07,0.6106049578846373,0
TCGA-23-1123-01A-01R-1565-13,0.5347259957445313,1
TCGA-L5-A43H-01A-11R-A24K-31,0.4890696225922263,1
TCGA-EJ-7791-01A-11R-2118-07,0.5466380821002453,1
TCGA-B6-A0RO-01A-22R-A084-07,0.6859898360369147,0
TCGA-96-8169-01A-11R-2296-07,0.6188338545720135,1
TCGA-E2-A10E-01A-21R-A10J-07,0.41038477010527996,1
TCGA-EJ-5518-01A-01R-1580-07,0.7602838061839423,1
TCGA-5P-A9K0-01A-11R-A42S-07,0.2946672661687468,1
TCGA-AO-A0JM-01A-21R-A056-07,0.5801579882075945,1
TCGA-56-6545-01A-11R-1820-07,0.6761583497799903,1
TCGA-CJ-4643-01A-02R-1325-07,0.22796684044620985,0
TCGA-DZ-6135-01A-11R-1965-07,0.7614823444062534,0
TCGA-QU-A6IN-01A-11R-A31N-07,0.9058034046918193,1
TCGA-EW-A1P6-01A-11R-A144-07,0.4885748450597408,1
TCGA-BH-A0E6-01A-11R-A034-07,0.8972211247542624,1
TCGA-04-1347-01A-01R-1564-13,0.5186341579034334,0
TCGA-NH-A6GB-01A-11R-A37K-07,0.47453677331286276,1
TCGA-50-5072-01A-21R-1858-07,0.6936248204803891,1
TCGA-O2-A52Q-01A-11R-A26W-07,0.8869225592166066,1
TCGA-AC-A23C-01A-12R-A169-07,0.4427713607341365,1
TCGA-TP-A8TV-01A-11R-A41O-07,0.40173728184608426,0
TCGA-63-A5MN-01A-22R-A27Q-07,0.8542287185243835,0
TCGA-OL-A5D6-01A-21R-A27Q-07,0.8540615173218847,1
TCGA-55-8097-01A-11R-2241-07,0.5371577628128845,0
TCGA-EW-A1OX-01A-11R-A144-07,0.6703022803109887,1
TCGA-13-0804-01A-01R-1564-13,0.5153416212587999,1
TCGA-A2-A25D-01A-12R-A16F-07,0.7442583731794646,1
TCGA-24-1549-01A-01R-1566-13,0.7230559362830563,1
TCGA-XK-AAJR-01A-11R-A41O-07,0.40342578575270704,1
TCGA-CW-5588-01A-01R-1541-07,0.41547655209259376,1
TCGA-SX-A71V-01A-11R-A33Z-07,0.2826221809406091,1
TCGA-BQ-7049-01A-11R-1965-07,0.9232330621600849,1
TCGA-BQ-5876-01A-11R-1592-07,0.9615936276709397,0
TCGA-B6-A0IJ-01A-11R-A034-07,0.8521631057883158,1
TCGA-55-A491-01A-11R-A24H-07,0.7171840471553358,1
TCGA-E2-A1L9-01A-11R-A13Q-07,0.49521358201488325,1
TCGA-44-8117-01A-11R-2241-07,0.6561316377694059,1
TCGA-JY-A93D-01A-11R-A38D-31,0.7272265711116298,1
TCGA-AO-A0J3-01A-11R-A034-07,0.6739986949398004,0
TCGA-A3-A8OU-01A-11R-A37O-07,0.46562205687043073,0
TCGA-63-A5M9-01A-11R-A26W-07,0.5196310997252747,1
TCGA-86-8585-01A-11R-2403-07,0.6965246350141703,0
TCGA-13-0762-01A-01R-1564-13,0.6103064251088116,1
TCGA-KK-A7B4-01A-11R-A32O-07,0.6862261318633396,0
TCGA-MP-A4SV-01A-11R-A24X-07,0.47261444181096757,0
TCGA-LD-A7W5-01A-22R-A352-07,0.803969030850422,0
TCGA-IZ-A6M8-01A-11R-A31O-07,0.6076352701366452,0
TCGA-CW-5585-01A-01R-1541-07,0.5634660284363852,1
TCGA-BH-A0B2-01A-11R-A10J-07,0.5946811426409716,1
TCGA-AC-A2FK-01A-12R-A180-07,0.7503500983538863,1
TCGA-ER-A19K-01A-21R-A18T-07,0.6347411836041601,0
TCGA-DD-A4NR-01A-11R-A311-07,0.8516243595480746,0
TCGA-D8-A27T-01A-11R-A16F-07,0.4060620382628751,1
TCGA-96-7545-01A-21R-2045-07,0.692832413033704,1
TCGA-21-1081-01A-01R-0692-07,0.6365269560390066,1
TCGA-AR-A2LL-01A-11R-A180-07,0.5311445792565868,1
TCGA-J4-A83M-01A-11R-A352-07,0.374018173377721,1
TCGA-DD-AADF-01A-11R-A41C-07,0.27732030361883214,1
TCGA-B4-5377-01A-01R-1503-07,0.46546897279584337,1
TCGA-B8-5158-01A-01R-1420-07,0.68604901425425,1
TCGA-25-1326-01A-01R-1565-13,0.7271127842380247,1
TCGA-DD-A1EB-01A-11R-A131-07,0.5497063964581546,1
TCGA-63-A5MJ-01A-11R-A27Q-07,0.5333900738435448,1
TCGA-B9-4115-01A-01R-1193-07,0.6029855540706816,1
TCGA-B8-4619-01A-02R-1325-07,0.9658851087143693,1
TCGA-AA-3554-01A-01R-0826-07,0.6121752298574353,0
TCGA-2Y-A9H3-01A-11R-A38B-07,0.6577565544142661,1
TCGA-55-7728-01A-11R-2187-07,0.8215657748396132,1
TCGA-BP-5181-01A-01R-1426-07,0.3476846512385008,1
TCGA-DM-A1D8-01A-11R-A155-07,0.6581731789356258,1
TCGA-SX-A71S-01A-11R-A33Z-07,0.6795456388799802,1
TCGA-D8-A1XF-01A-11R-A14D-07,0.6626030805508223,1
TCGA-24-1474-01A-01R-1566-13,0.8375106886971724,1
TCGA-KC-A4BN-01A-61R-A250-07,0.443124198137088,1
TCGA-A3-3328-01A-01R-0864-07,0.9872619460008775,0
TCGA-HN-A2OB-01A-21R-A27Q-07,0.6726180389606177,1
TCGA-29-1698-01A-01R-1567-13,0.6546437420951038,0
TCGA-20-1686-01A-01R-1566-13,0.80755458301959,1
TCGA-50-5939-01A-11R-1628-07,0.6772956070150375,1
TCGA-A7-A3J1-01A-11R-A213-07,0.6363849605704011,1
TCGA-36-1570-01A-01R-1566-13,0.6513388164844549,1
TCGA-AA-3521-01A-01R-0821-07,0.5308716270321284,1
TCGA-FC-7708-01A-11R-2118-07,0.4807293890358504,0
TCGA-VG-A8LO-01A-11R-A406-31,0.7160386472768706,1
TCGA-NK-A5CX-01A-11R-A26W-07,0.6585290955496482,1
TCGA-OL-A97C-01A-32R-A41B-07,0.8362565490820075,1
TCGA-E2-A158-01A-11R-A12D-07,0.8739814905567491,1
TCGA-HC-8256-01A-11R-2263-07,0.3804225040479415,1
TCGA-A7-A0CE-01A-11R-A00Z-07,0.8091674885613619,1
TCGA-AR-A1AL-01A-21R-A12P-07,0.4707168827440618,1
TCGA-E2-A3DX-01A-21R-A213-07,0.6722275899874274,1
TCGA-A2-A3XT-01A-11R-A22U-07,0.8646044273680862,0
TCGA-50-8457-01A-11R-2326-07,0.541489288226256,1
TCGA-LL-A6FQ-01A-11R-A31O-07,0.8795377790805031,1
TCGA-2H-A9GK-01A-11R-A37I-31,0.7227688753763443,1
TCGA-G3-A5SM-01A-12R-A28V-07,0.48615935517464365,1
TCGA-AR-A1AX-01A-11R-A12P-07,0.5975455402969017,1
TCGA-A2-A4S3-01A-21R-A266-07,0.7967138840125276,1
TCGA-21-A5DI-01A-31R-A26W-07,0.5103142856590408,1
TCGA-24-0966-01A-01R-1564-13,0.5478966175294281,0
TCGA-BH-A0H7-01A-13R-A056-07,0.6349308956518722,1
TCGA-97-7554-01A-11R-2039-07,0.6026645140988568,1
TCGA-IB-7886-01A-11R-2156-07,0.6382649941096991,1
TCGA-61-1728-01A-01R-1568-13,0.4344953172368539,1
TCGA-GM-A5PX-01A-12R-A28M-07,0.7023154717654325,1
TCGA-EJ-5494-01A-01R-1580-07,0.5612998108630659,1
TCGA-AZ-6605-01A-11R-1839-07,0.6825545126361154,1
TCGA-GL-A9DE-01A-11R-A37K-07,0.6158235922299733,0
TCGA-Y8-A895-01A-11R-A36F-07,0.28621254585716094,0
TCGA-55-8206-01A-11R-2241-07,0.48286772215576074,0
TCGA-85-8584-01A-11R-2403-07,0.9081250429914596,1
TCGA-AZ-4313-01A-01R-1410-07,0.7142963391813656,1
TCGA-EJ-AB20-01A-12R-A41O-07,0.9682270533895423,0
TCGA-43-8116-01A-11R-2247-07,0.49637254512008727,0
TCGA-97-7553-01A-21R-2039-07,0.5070062688462202,1
TCGA-VP-A87B-01A-11R-A352-07,0.6378399110034169,1
TCGA-BH-A0BA-01A-11R-A056-07,0.5372285941703384,1
TCGA-A3-3349-01A-01R-1188-07,0.3322083181800113,0
TCGA-EW-A1OW-01A-21R-A144-07,0.7262114623196602,0
TCGA-L5-A8NW-01A-11R-A37I-31,0.39715086897304386,1
TCGA-EJ-A65M-01A-11R-A29R-07,0.5789764377215507,1
TCGA-E2-A15P-01A-11R-A115-07,0.46455236976832115,1
TCGA-A8-A09G-01A-21R-A00Z-07,0.6509669469444818,1
TCGA-MN-A4N5-01A-11R-A24X-07,0.47516828726720123,0
TCGA-A2-A0YG-01A-21R-A109-07,0.5359570012421248,1
TCGA-BH-A1EY-01A-11R-A13Q-07,0.5900953016866536,1
TCGA-CC-A9FU-01A-11R-A37K-07,0.8000939147020252,1
TCGA-A3-3335-01A-01R-0864-07,0.678493918831969,1
TCGA-78-7154-01A-11R-2039-07,0.8663149903009343,1
TCGA-69-8255-01A-11R-2287-07,0.8722526977414057,1
TCGA-EJ-5502-01A-01R-1580-07,0.5374877501079122,0
TCGA-AO-A03P-01A-11R-A00Z-07,0.5597741825147028,1
TCGA-22-5478-01A-01R-1635-07,0.7030518504011933,1
TCGA-AA-3858-01A-01R-0905-07,0.4019154010909187,0
TCGA-HZ-8317-01A-11R-2404-07,0.6499039929405381,1
TCGA-AQ-A1H2-01A-11R-A13Q-07,0.6595243911995102,1
TCGA-LN-A49R-01A-11R-A24K-31,0.6860776187583175,1
TCGA-24-1464-01A-01R-1566-13,0.7014104130400103,1
TCGA-G3-A5SL-01A-11R-A27V-07,0.30123983081368083,0
TCGA-VR-AA7B-01A-31R-A406-31,0.5629101345111225,1
TCGA-AC-A3QQ-01B-06R-A22O-07,0.7774333469960883,1
TCGA-AR-A24N-01A-11R-A169-07,0.459253082244273,1
TCGA-D5-6531-01A-11R-1723-07,0.6111757861941675,1
TCGA-E9-A244-01A-11R-A169-07,0.8280583063298326,1
TCGA-B0-4852-01A-01R-1503-07,0.4835342884804184,1
TCGA-DD-AAW0-01A-11R-A41C-07,0.6345799056986076,1
TCGA-55-8506-01A-11R-2403-07,0.6635719394995574,1
TCGA-B9-5156-01A-01R-1592-07,0.5885178108503665,1
TCGA-D8-A27F-01A-11R-A16F-07,0.8343521610274692,1
TCGA-B4-5832-01A-11R-1672-07,0.9904364208614402,0
TCGA-CM-5341-01A-01R-1410-07,0.9498524623065336,1
TCGA-91-6831-01A-11R-1858-07,0.6890347323145802,0
TCGA-EJ-5526-01A-01R-1580-07,0.8619960461407394,1
TCGA-VP-A876-01A-11R-A352-07,0.6306118534257931,1
TCGA-E2-A576-01A-11R-A31O-07,0.8873656527093349,1
TCGA-J4-AATV-01A-11R-A41O-07,0.5820590438576305,0
TCGA-RC-A7SK-01A-11R-A352-07,0.3939033435493626,1
TCGA-BH-A1F2-01A-31R-A13Q-07,0.585926680204993,0
TCGA-E2-A1BD-01A-11R-A12P-07,0.5760586103938155,1
TCGA-B8-5551-01A-01R-1541-07,0.9213093671067747,0
TCGA-49-AAR2-01A-11R-A39D-07,0.8465037570205465,0
TCGA-A1-A0SE-01A-11R-A084-07,0.3779178212185568,1
TCGA-D5-6534-01A-21R-1928-07,0.9776755527512622,1
TCGA-A7-A426-01A-22R-A24H-07,0.7888585215235154,1
TCGA-56-8503-01A-11R-2403-07,0.6001031460211178,1
TCGA-B1-A654-01A-11R-A31O-07,0.6261777362577171,1
TCGA-AA-A029-01A-01R-A00A-07,0.5025147346933768,1
TCGA-D8-A27K-01A-11R-A16F-07,0.4049345880646443,1
TCGA-BP-4991-01A-01R-1334-07,0.41219645198974253,1
TCGA-24-1428-01A-01R-1564-13,0.5482486660514782,1
TCGA-10-0928-01A-02R-1564-13,0.6322539923263684,1
TCGA-M7-A71Y-01A-22R-A32O-07,0.5086671133644071,1
TCGA-G4-6299-01A-11R-1774-07,0.8068529004182653,1
TCGA-AK-3453-01A-02R-1277-07,0.8480537256170421,1
TCGA-E9-A247-01A-11R-A169-07,0.6899519686288537,1
TCGA-5P-A9K3-01A-11R-A42S-07,0.8889684057049775,1
TCGA-DD-A1EI-01A-11R-A131-07,0.80769494465607,1
TCGA-B0-4823-01A-02R-1420-07,0.3217317041696989,1
TCGA-A2-A0CL-01A-11R-A115-07,0.7746490431178522,1
TCGA-VN-A88O-01A-11R-A352-07,0.414093564554868,1
TCGA-A6-3810-01A-01R-1022-07,0.7871213919954863,1
TCGA-60-2724-01A-01R-0851-07,0.6513542540318425,1
TCGA-B3-3925-01A-02R-1351-07,0.8495371813839964,1
TCGA-G3-A7M8-01A-11R-A33R-07,0.4960409381125253,1
TCGA-AR-A5QP-01A-11R-A28M-07,0.6306362650050696,1
TCGA-CH-5767-01A-11R-1789-07,0.5267870666294147,1
TCGA-AR-A24S-01A-11R-A169-07,0.5548981824015257,0
TCGA-BH-A1FE-01A-11R-A13Q-07,0.4330727017092604,0
TCGA-EJ-7782-01A-11R-2118-07,0.7427972893022479,1
TCGA-55-8094-01A-11R-2241-07,0.826826737762513,0
TCGA-77-8145-01A-11R-2247-07,0.6149435650899824,1
TCGA-AA-3851-01A-01R-1022-07,0.6467762663566363,1
TCGA-L5-A8NI-01A-11R-A37I-31,0.7711548468534886,1
TCGA-2J-AABP-01A-11R-A41B-07,0.9592035494900976,1
TCGA-AC-A3YJ-01A-11R-A22U-07,0.8122752154987664,1
TCGA-25-1877-01A-01R-1567-13,0.7936238089699963,1
TCGA-AR-A2LE-01A-11R-A180-07,0.484846652569086,0
TCGA-B0-4847-01A-01R-1277-07,0.8769776208591318,1
TCGA-BH-A0E1-01A-11R-A056-07,0.5494323611882811,1
TCGA-21-5784-01A-01R-1635-07,0.7945724264008842,0
TCGA-KK-A7AQ-01A-11R-A33R-07,0.8262634680814406,1
TCGA-DD-AAE3-01A-11R-A41C-07,0.39679659860507854,1
TCGA-93-A4JQ-01A-11R-A24X-07,0.5186907030884171,1
TCGA-AC-A3TN-01A-11R-A22K-07,0.8150393755398108,1
TCGA-VR-A8Q7-01A-11R-A37I-31,0.6960151937140131,1
TCGA-HC-8259-01A-11R-2263-07,0.2627935026259977,1
TCGA-AO-A12A-01A-21R-A115-07,0.4307713468062963,0
TCGA-66-2742-01A-01R-0980-07,0.5644802590923773,1
TCGA-KC-A4BV-01A-31R-A26U-07,0.552001213502052,1
TCGA-Y8-A8S0-01A-11R-A37K-07,0.36192720178895177,1
TCGA-YL-A8SF-01A-11R-A37L-07,0.7128193331614957,1
TCGA-24-1567-01A-01R-1566-13,0.7624162673129645,1
TCGA-BH-A0H6-01A-21R-A056-07,0.5341215515954907,0
TCGA-BP-5186-01A-01R-1426-07,0.28261695023417044,1
TCGA-B0-4699-01A-01R-1277-07,0.9679727662880564,1
TCGA-OY-A56Q-01A-11R-A406-31,0.7927832568569927,1
TCGA-B0-4836-01A-01R-1305-07,0.5657350213066443,1
TCGA-HZ-A49I-01A-12R-A26U-07,0.3350863554187424,1
TCGA-J7-8537-01A-11R-2404-07,0.9544666291189868,0
TCGA-SX-A7SS-01A-11R-A36F-07,0.4630976689997553,1
TCGA-CM-6161-01A-11R-1653-07,0.7920340920372549,1
TCGA-66-2753-01A-01R-0980-07,0.6184441200972914,1
TCGA-A3-3343-01A-01R-0864-07,0.30813775398217674,1
TCGA-24-1930-01A-01R-1567-13,0.7411490754536221,1
TCGA-A2-A0T7-01A-21R-A084-07,0.5572110439195539,1
TCGA-75-6203-01A-11R-1755-07,0.632182736088702,1
TCGA-CZ-5989-01A-11R-1672-07,0.9837777890676128,1
TCGA-DD-AAVP-01A-11R-A41C-07,0.3879691369584474,0
TCGA-MH-A562-01A-11R-A26U-07,0.46707500213174014,0
TCGA-AC-A2FE-01A-11R-A19W-07,0.63730387781607,1
TCGA-ZG-A8QZ-01A-11R-A37L-07,0.5037106259079279,1
TCGA-B8-A54J-01A-11R-A33J-07,0.4535726897270015,0
TCGA-CM-6675-01A-11R-1839-07,0.8861291983071217,0
TCGA-A2-A0D1-01A-11R-A034-07,0.7771389175579302,1
TCGA-UZ-A9PZ-01A-11R-A42S-07,0.3237696590064095,0
TCGA-LN-A9FR-01A-11R-A38D-31,0.5246285540312368,1
TCGA-CZ-5458-01A-01R-1503-07,0.30220268186582233,1
TCGA-IB-A5SQ-01A-11R-A32O-07,0.5659976545274946,1
TCGA-EB-A1NK-01A-11R-A18T-07,0.45161735250237356,1
TCGA-BF-A1PX-01A-12R-A18T-07,0.7117368952829785,1
TCGA-MH-A855-01A-11R-A355-07,0.5493023048062086,1
TCGA-DZ-6131-01A-11R-1965-07,0.8938952648195188,1
TCGA-CJ-4875-01A-01R-1305-07,0.6664766857503349,1
TCGA-BP-4787-01A-01R-1305-07,0.6675357802567273,1
TCGA-X4-A8KQ-01A-12R-A36G-07,0.8473933155015811,1
TCGA-CZ-4862-01A-01R-1305-07,0.5234256256790552,1
TCGA-E2-A14Y-01A-21R-A12D-07,0.8330146784510741,1
TCGA-B0-5100-01A-01R-1420-07,0.9063877030742757,0
TCGA-EB-A42Y-01A-12R-A24X-07,0.8227149033092765,1
TCGA-25-2399-01A-01R-1569-13,0.6459117678519792,1
TCGA-EB-A42Z-01A-12R-A24X-07,0.6070418441971641,1
TCGA-66-2755-01A-01R-0851-07,0.6714131083204313,1
TCGA-A6-2677-01B-02R-A277-07,0.9949616796509616,1
TCGA-25-2400-01A-01R-1569-13,0.6286579755594731,0
TCGA-O2-A52S-01A-11R-A262-07,0.6171376124410384,1
TCGA-09-2054-01A-01R-1568-13,0.6813501724520914,1
TCGA-BC-A10Y-01A-11R-A131-07,0.5894819925565297,1
TCGA-22-5481-01A-31R-1949-07,0.8831925123777478,1
TCGA-A2-A0D3-01A-11R-A115-07,0.4713998776295471,1
TCGA-55-8505-01A-11R-2403-07,0.7046260656416148,1
TCGA-CJ-4636-01A-02R-1325-07,0.4866159163753729,1
TCGA-13-0797-01A-01R-1564-13,0.5918281358138876,1
TCGA-AA-A03J-01A-21R-A16W-07,0.6084909453760087,0
TCGA-VP-A872-01A-11R-A352-07,0.8827751592676726,1
TCGA-XR-A8TF-01A-11R-A36F-07,0.5441939114749513,1
TCGA-EP-A2KA-01A-11R-A180-07,0.7194361698872351,1
TCGA-25-1314-01A-01R-1565-13,0.6295508238664267,1
TCGA-64-5778-01A-01R-1628-07,0.7461366408305614,1
TCGA-04-1356-01A-01R-1569-13,0.73826485043745,1
TCGA-46-3766-01A-01R-0980-07,0.856046138211097,0
TCGA-78-7535-01A-11R-2066-07,0.8072845044463831,1
TCGA-HZ-7919-01A-11R-2156-07,0.5863929866905818,1
TCGA-DW-7841-01A-11R-A32Z-07,0.48179954089001137,1
TCGA-AA-3538-01A-01R-0821-07,0.4432943613016396,1
TCGA-ZG-A9L5-01A-12R-A41O-07,0.8809009987668232,0
TCGA-DD-A39Z-01A-11R-A213-07,0.2568982294313924,1
TCGA-GM-A3NY-01A-11R-A21T-07,0.7482837900484812,1
TCGA-S4-A8RO-01A-12R-A37L-07,0.7785294048422448,1
TCGA-E2-A573-01A-11R-A29R-07,0.8591906198308685,1
TCGA-G3-A3CG-01A-11R-A213-07,0.40750186686423706,1
TCGA-PL-A8LZ-01A-31R-A36F-07,0.8613813113671516,1
TCGA-39-5011-01A-01R-1443-07,0.8589121671361343,1
TCGA-G3-AAV5-01A-11R-A37K-07,0.28531138296807657,1
TCGA-A3-3313-01A-02R-1325-07,0.9560021838503229,0
TCGA-UZ-A9PR-01A-11R-A42S-07,0.437196894652162,1
TCGA-BQ-5887-01A-11R-1965-07,0.9216120064460361,1
TCGA-49-AARQ-01A-11R-A41B-07,0.8962413844473831,1
TCGA-AA-3488-01A-01R-1410-07,0.49996407606046267,1
TCGA-S3-AA0Z-01A-11R-A41B-07,0.8044645415457984,0
TCGA-FB-A78T-01A-12R-A32O-07,0.5842918333881691,1
TCGA-09-1659-01B-01R-1564-13,0.48605894468489175,1
TCGA-55-8096-01A-11R-2241-07,0.5855625386848411,1
TCGA-DD-AACQ-01A-11R-A41C-07,0.4791381549165335,1
TCGA-CC-5260-01A-01R-A131-07,0.9958924389775717,1
TCGA-E2-A14S-01A-11R-A12D-07,0.5921580099011753,1
TCGA-B6-A0WT-01A-11R-A109-07,0.35412312049604017,1
TCGA-BQ-7048-01A-11R-1965-07,0.8355195689159998,0
TCGA-56-A62T-01A-11R-A405-07,0.5859674729318184,0
TCGA-EB-A3XD-01A-22R-A239-07,0.6718175244687655,1
TCGA-DD-AACZ-01A-11R-A41C-07,0.8754781801000069,1
TCGA-CC-A1HT-01A-11R-A131-07,0.9879112427684426,1
TCGA-B2-5633-01A-01R-1541-07,0.37513903578320684,0
TCGA-D5-5541-01A-01R-1653-07,0.6110008924621977,1
TCGA-BC-A217-01A-11R-A155-07,0.6792232662520904,1
TCGA-E2-A106-01A-11R-A10J-07,0.6512548403099432,0
TCGA-A2-A0D4-01A-11R-A00Z-07,0.6258499273444981,1
TCGA-BP-4768-01A-01R-1289-07,0.6399650639912783,1
TCGA-HC-7750-01A-11R-2118-07,0.38084393525568494,1
TCGA-C8-A1HI-01A-11R-A137-07,0.5449813818245995,1
TCGA-64-5815-01A-01R-1628-07,0.6405019056247203,1
TCGA-EW-A1P5-01A-11R-A144-07,0.6242346915572129,1
TCGA-DD-AADK-01A-11R-A41C-07,0.4871158752068901,1
TCGA-BP-4174-01A-02R-1289-07,0.7451062367514714,1
TCGA-22-5482-01A-01R-1635-07,0.44830473385290054,1
TCGA-CA-5256-01A-01R-1410-07,0.6535628694833506,0
TCGA-36-1571-01A-01R-1566-13,0.7352103066863346,1
TCGA-13-0714-01A-01R-1564-13,0.583523971988527,0
TCGA-97-8172-01A-11R-2287-07,0.5957719809527146,1
TCGA-ZG-A9L9-01A-11R-A41O-07,0.8630885997878793,1
TCGA-E2-A159-01A-11R-A115-07,0.7583859294988092,1
TCGA-BP-5187-01A-01R-1426-07,0.4116638590481175,1
TCGA-DZ-6132-01A-11R-1965-07,0.876509486184775,1
TCGA-A6-6649-01A-11R-1774-07,0.8450124474609345,1
TCGA-60-2722-01A-01R-0851-07,0.5245042517357058,0
TCGA-24-2033-01A-01R-1568-13,0.515450456337677,1
TCGA-CH-5739-01A-11R-1580-07,0.6918898765400434,0
TCGA-EJ-A6RC-01A-11R-A32O-07,0.44828298056828103,1
TCGA-V5-AASW-01A-11R-A406-31,0.5167427856528436,0
TCGA-86-8280-01A-11R-2287-07,0.4367268810106497,0
TCGA-73-7499-01A-11R-2187-07,0.7177289410242872,1
TCGA-DM-A1DA-01A-11R-A155-07,0.4881868297196646,1
TCGA-ED-A7XO-01A-11R-A352-07,0.5006524972295946,1
TCGA-35-4123-01A-01R-1107-07,0.6854245041070294,0
TCGA-CJ-4639-01A-02R-1325-07,0.2859965667762555,1
TCGA-35-4122-01A-01R-1107-07,0.7929376973307932,0
TCGA-AC-A7VC-01A-11R-A352-07,0.9424110777589574,0
TCGA-A8-A08X-01A-21R-A00Z-07,0.6775117480235054,0
TCGA-XK-AAIR-01A-11R-A41O-07,0.3601932970111155,1
TCGA-BH-A0B3-01A-11R-A056-07,0.8257379080166326,1
TCGA-BH-A1EV-01A-11R-A137-07,0.5105091837397487,1
TCGA-AA-3982-01A-02R-1022-07,0.4401629274213528,1
TCGA-86-6562-01A-11R-1755-07,0.5257756781145304,1
TCGA-EJ-5496-01A-01R-1580-07,0.5257227308454043,1
TCGA-B6-A400-01A-11R-A239-07,0.8511079857895911,0
TCGA-BF-A5ES-01A-11R-A27Q-07,0.3333090579354697,1
TCGA-F4-6854-01A-11R-1928-07,0.4488515707448978,1
TCGA-10-0938-01A-02R-1564-13,0.6372944617419157,0
TCGA-D8-A1XW-01A-11R-A14M-07,0.7555605999528817,1
TCGA-55-8089-01A-11R-2241-07,0.5871904272480437,1
TCGA-43-3920-01A-01R-0980-07,0.8164223083309748,0
TCGA-AA-3660-01A-01R-1723-07,0.5047389278361715,1
TCGA-24-0970-01B-01R-1565-13,0.6254787030891842,0
TCGA-24-2298-01A-01R-1569-13,0.8282793981175793,1
TCGA-EJ-A46G-01A-31R-A26U-07,0.8098287687575159,0
TCGA-A8-A093-01A-11R-A00Z-07,0.40638091892998374,1
TCGA-A7-A26I-01B-06R-A22O-07,0.8549687155382641,1
TCGA-24-1842-01A-01R-1567-13,0.743849102476482,1
TCGA-LB-A8F3-01A-11R-A36G-07,0.8429254073891106,1
TCGA-95-7567-01A-11R-2066-07,0.5944314646560191,1
TCGA-BH-A0EE-01A-11R-A034-07,0.8632515482376272,1
TCGA-55-7911-01A-11R-2170-07,0.5238002435784482,1
TCGA-B2-5641-01A-01R-1541-07,0.5298978336996711,0
TCGA-CH-5790-01A-11R-1580-07,0.6693587412225468,1
TCGA-90-7766-01A-21R-2125-07,0.6166786597410956,1
TCGA-AA-3818-01A-01R-0905-07,0.3484114264176272,0
TCGA-NC-A5HL-01A-11R-A26W-07,0.6195333254068461,1
TCGA-23-1120-01A-02R-1565-13,0.5982487673349594,1
TCGA-A8-A06N-01A-11R-A00Z-07,0.6793745772502534,0
TCGA-24-1427-01A-01R-1565-13,0.7141806358862487,1
TCGA-DM-A285-01A-11R-A16W-07,0.6822918217414081,0
TCGA-B6-A0RP-01A-21R-A084-07,0.43520958201938953,1
TCGA-77-8130-01A-11R-2247-07,0.792971919342596,1
TCGA-85-7843-01A-11R-2125-07,0.4832701043698544,0
TCGA-22-1002-01A-01R-0692-07,0.7349968942163266,1
TCGA-L5-A4OU-01A-11R-A28J-31,0.7319566076657643,1
TCGA-44-3918-01B-02R-A277-07,0.8132057132749408,1
TCGA-EJ-5503-01A-01R-1580-07,0.5158239462851658,1
TCGA-B9-4113-01A-01R-1193-07,0.610560021406735,1
TCGA-55-6642-01A-11R-1858-07,0.5758204480477541,1
TCGA-22-4604-01A-01R-1201-07,0.5198795923183614,1
TCGA-69-8253-01A-11R-2287-07,0.5591476463082773,0
TCGA-43-A475-01A-11R-A24H-07,0.6626548872082064,1
TCGA-13-0893-01B-01R-1565-13,0.6447032482341518,1
TCGA-ZG-A9MC-01A-31R-A41O-07,0.933129372680226,1
TCGA-FB-AAQ3-01A-11R-A41B-07,0.8684683899329403,0
TCGA-30-1861-01A-01R-1568-13,0.7391970242293673,1
TCGA-A8-A0A4-01A-11R-A00Z-07,0.6045609460381551,1
TCGA-V1-A9ZI-01A-11R-A41O-07,0.7904869935253612,1
TCGA-AA-A01S-01A-21R-A083-07,0.5809887185744989,1
TCGA-J4-A6G1-01A-11R-A311-07,0.8166019565082095,1
TCGA-DD-AAD5-01A-11R-A41C-07,0.9071219875396239,0
TCGA-44-7661-01A-11R-2066-07,0.5885009167123394,1
TCGA-FV-A23B-01A-11R-A16W-07,0.7307741575455943,1
TCGA-E2-A1B1-01A-21R-A12P-07,0.6037481396414588,1
TCGA-EJ-A65D-01A-11R-A30B-07,0.8836736142104861,1
TCGA-CA-5796-01A-01R-1653-07,0.8561515260381848,1
TCGA-AY-6196-01A-11R-1723-07,0.9935098849619317,1
TCGA-KK-A6E2-01A-11R-A311-07,0.6244581823154689,1
TCGA-05-4384-01A-01R-1755-07,0.5260671178831142,1
TCGA-D8-A1XD-01A-11R-A14D-07,0.5841590682282749,1
TCGA-T1-A6J8-01A-11R-A32O-07,0.42755411598742377,0
TCGA-A2-A0SU-01A-11R-A084-07,0.5166516297707342,1
TCGA-62-A46R-01A-11R-A24H-07,0.5663424705979132,1
TCGA-2J-AAB1-01A-11R-A41B-07,0.37859972993778807,1
TCGA-61-2102-01A-01R-1568-13,0.8518702334389334,1
TCGA-BQ-5891-01A-11R-1592-07,0.8264293111190365,1
TCGA-78-7160-01A-11R-2039-07,0.6196824965554494,1
TCGA-AZ-4614-01A-01R-1410-07,0.744319430042305,0
TCGA-CM-6676-01A-11R-1839-07,0.6512218266519026,1
TCGA-LN-A49W-01A-11R-A260-31,0.7155899127946967,1
TCGA-A2-A0EY-01A-11R-A034-07,0.6649375614542815,1
TCGA-CJ-4869-01A-02R-1426-07,0.718740720358373,1
TCGA-F2-A8YN-01A-11R-A37L-07,0.5314526463361724,1
TCGA-EW-A6SC-01A-12R-A32P-07,0.529744896234885,1
TCGA-77-A5G1-01A-11R-A27Q-07,0.7527155699080147,1
TCGA-V1-A9ZR-01A-11R-A41O-07,0.805379563602175,1
TCGA-KK-A8I9-01A-11R-A36G-07,0.6936151962868463,0
TCGA-CC-A3MB-01A-11R-A213-07,0.6373972715864332,1
TCGA-B2-5635-01A-01R-1541-07,0.3473979137820375,1
TCGA-AA-3662-01A-01R-1723-07,0.6672527283757508,1
TCGA-S3-AA15-01A-11R-A41B-07,0.8784293301394493,1
TCGA-B8-4154-01A-01R-1188-07,0.7679703216601032,1
TCGA-43-A474-01A-11R-A24H-07,0.5288736353795632,1
TCGA-13-0800-01A-01R-1564-13,0.6286494991900476,1
TCGA-L9-A50W-01A-12R-A39D-07,0.6811822664108644,1
TCGA-B6-A1KF-01A-11R-A13Q-07,0.690607768635935,0
TCGA-22-1011-01A-01R-0692-07,0.659016656566853,1
TCGA-AA-3833-01A-01R-0905-07,0.6929819490357717,1
TCGA-22-4605-01A-21R-2125-07,0.5881037774540195,1
TCGA-52-7810-01A-11R-2125-07,0.7110454034272753,1
TCGA-64-1678-01A-01R-0946-07,0.9178376868538661,1
TCGA-IB-7645-01A-22R-2204-07,0.6683792510183411,1
TCGA-A2-A0EP-01A-52R-A22U-07,0.8895022342071538,1
TCGA-AA-A00Z-01A-01R-A002-07,0.5259552724639521,1
TCGA-E2-A9RU-01A-11R-A41B-07,0.8907971222111896,0
TCGA-BP-5184-01A-01R-1426-07,0.23617397214151475,1
TCGA-73-4670-01A-01R-1206-07,0.7757445466641667,1
TCGA-AA-3679-01A-02R-0905-07,0.4777039877067856,1
TCGA-CM-5348-01A-21R-1723-07,0.9676993419112574,1
TCGA-2A-A8W3-01A-11R-A37L-07,0.5711184343963648,0
TCGA-MH-A857-01A-11R-A355-07,0.9404606379947738,1
TCGA-E2-A1LG-01A-21R-A14M-07,0.8120678021750395,0
TCGA-05-4418-01A-01R-1206-07,0.7461066619289743,1
TCGA-83-5908-01A-21R-2287-07,0.6274117845887505,0
TCGA-G3-A5SJ-01A-11R-A27V-07,0.9132847413923064,1
TCGA-13-0901-01B-01R-1565-13,0.751807482399158,1
TCGA-B0-5088-01A-01R-1334-07,0.5451447909278916,1
TCGA-AR-A0TU-01A-31R-A109-07,0.8548108806386633,0
TCGA-29-1770-01A-01R-1567-13,0.6567126623722679,1
TCGA-AA-3855-01A-01R-1022-07,0.3922519015979229,1
TCGA-B0-5402-01A-01R-1503-07,0.4800087836844859,1
TCGA-DD-AACD-01A-11R-A41C-07,0.3032517109678123,1
TCGA-UB-A7MB-01A-11R-A33R-07,0.6735342807271264,0
TCGA-J9-A52B-01A-11R-A26U-07,0.8357829483883138,1
TCGA-13-0908-01B-01R-1565-13,0.7853388795055739,1
TCGA-AS-3777-01A-01R-0864-07,0.9873810617088847,0
TCGA-L5-A8NU-01A-11R-A36D-31,0.8708469480076654,1
TCGA-BH-A0W5-01A-11R-A109-07,0.5657656219638272,1
TCGA-L5-A4OE-01A-11R-A260-31,0.4251835046060998,1
TCGA-29-1705-01A-01R-1567-13,0.6807507129322709,1
TCGA-AA-A024-01A-02R-A00A-07,0.748269492726353,1
TCGA-13-0799-01A-01R-1564-13,0.6186752284410731,1
TCGA-AR-A24L-01A-11R-A169-07,0.40912829185822996,1
TCGA-CZ-5463-01A-01R-1503-07,0.6453552800706518,1
TCGA-G7-A4TM-01A-11R-A31O-07,0.4357411399778699,1
TCGA-5P-A9KH-01A-11R-A42S-07,0.9823691514500563,1
TCGA-E9-A249-01A-11R-A169-07,0.4887077969270681,1
TCGA-J2-A4AD-01A-11R-A24H-07,0.6777509405492147,1
TCGA-BP-4961-01A-01R-1334-07,0.35057235743367315,1
TCGA-DD-AADB-01A-11R-A41C-07,0.8596506028470671,1
TCGA-B6-A0X4-01A-11R-A109-07,0.6570997476524603,0
TCGA-80-5611-01A-01R-1628-07,0.7252196944317573,1
TCGA-A8-A06O-01A-11R-A00Z-07,0.5119374802297261,1
TCGA-B0-4690-01A-01R-1277-07,0.8538003244092142,1
TCGA-A8-A07C-01A-11R-A034-07,0.7831546302703906,1
TCGA-23-1032-01A-02R-1564-13,0.5465452660820309,1
TCGA-CM-6167-01A-11R-1653-07,0.984408219697249,1
TCGA-D8-A142-01A-11R-A115-07,0.7962821562862987,1
TCGA-A3-A8OV-01A-11R-A37O-07,0.7443619236591921,1
TCGA-A8-A094-01A-11R-A00Z-07,0.7017428105732355,0
TCGA-HC-A8D0-01A-11R-A36G-07,0.6084428713991105,1
TCGA-M9-A5M8-01A-11R-A28J-31,0.5122055134604799,1
TCGA-DD-AACS-01A-11R-A41C-07,0.5856442519323558,1
TCGA-22-4593-01A-21R-1820-07,0.5647252822235599,0
TCGA-E9-A1RB-01A-11R-A157-07,0.6641386893564364,1
TCGA-86-A456-01A-11R-A24H-07,0.48978460083370684,0
TCGA-AR-A24H-01A-11R-A169-07,0.5690573976272078,1
TCGA-OL-A5D7-01A-11R-A27Q-07,0.9412813325544364,0
TCGA-85-A511-01A-21R-A262-07,0.4000919017464946,0
TCGA-49-AAR9-01A-21R-A41B-07,0.812659899698349,0
TCGA-13-1496-01A-01R-1565-13,0.7028817607718593,0
TCGA-60-2695-01A-01R-0851-07,0.7507586669489766,0
TCGA-YL-A8SH-01B-11R-A37L-07,0.389002855887631,1
TCGA-23-1026-01B-01R-1569-13,0.5569581300384465,0
TCGA-AA-3684-01A-02R-0905-07,0.8673393872084209,1
TCGA-97-8174-01A-11R-2287-07,0.7037085891309176,1
TCGA-A3-3308-01A-02R-1325-07,0.6686903027748906,1
TCGA-DD-A3A4-01A-11R-A22L-07,0.5228926781018657,1
TCGA-AR-A2LO-01A-31R-A18M-07,0.5802603826871644,0
TCGA-64-1679-01A-21R-2066-07,0.6577569602610845,1
TCGA-56-8623-01A-11R-A28V-07,0.9808658317178358,1
TCGA-69-A59K-01A-11R-A262-07,0.698816066108742,0
TCGA-13-0766-01A-02R-1564-13,0.6327365532315188,1
TCGA-61-2016-01A-01R-1568-13,0.6850906317709818,1
TCGA-XV-AAZV-01A-11R-A40A-07,0.8475199423767338,1
TCGA-AA-A01Q-01A-01R-A002-07,0.6265862382945209,1
TCGA-A2-A25C-01A-11R-A169-07,0.46277519541647305,1
TCGA-24-1849-01A-01R-1567-13,0.7664534154736581,1
TCGA-LL-A5YM-01A-11R-A28M-07,0.9462098014099379,1
TCGA-23-2081-01A-01R-1568-13,0.6334907404743313,1
TCGA-BP-4975-01A-01R-1334-07,0.3226862600683858,1
TCGA-B8-5165-01A-01R-1420-07,0.3699345203038913,0
TCGA-SX-A7SR-01A-12R-A36F-07,0.3483313529367504,1
TCGA-AR-A24M-01A-11R-A169-07,0.41421432243591944,1
TCGA-LL-A6FR-01A-12R-A31O-07,0.9441023516579274,1
TCGA-IB-A5SS-01A-11R-A32O-07,0.6914245907536386,1
TCGA-EJ-AB27-01A-11R-A41O-07,0.28715896263047197,1
TCGA-37-3789-01A-01R-0980-07,0.6979720921346005,1
TCGA-AA-A01F-01A-01R-A002-07,0.45115937174450665,1
TCGA-VR-A8EY-01A-11R-A36D-31,0.677656526701366,1
TCGA-CK-5913-01A-11R-1653-07,0.5578590815115485,0
TCGA-A3-3319-01A-02R-1325-07,0.8254349390257262,0
TCGA-77-8007-01A-11R-2187-07,0.8207409075163078,0
TCGA-24-1434-01A-01R-1566-13,0.8317843832954115,1
TCGA-L5-A4OQ-01A-11R-A260-31,0.7529643245678703,1
TCGA-IG-A3YC-01A-11R-A24K-31,0.7125606894480915,1
TCGA-BH-A0DV-01A-21R-A12P-07,0.6599494552753274,1
TCGA-C8-A12N-01A-11R-A115-07,0.601271620089455,1
TCGA-KC-A7F6-01A-11R-A33R-07,0.524353517464977,1
TCGA-DM-A28E-01A-11R-A32Y-07,0.3582037747076766,0
TCGA-85-8048-01A-11R-2247-07,0.6930536436960459,1
TCGA-55-8614-01A-11R-2403-07,0.7781130248288263,1
TCGA-L5-A4OH-01A-11R-A260-31,0.5511411008159,0
TCGA-AO-A0JJ-01A-11R-A056-07,0.5354606538395359,1
TCGA-DM-A282-01A-12R-A16W-07,0.546767538424405,1
TCGA-64-5775-01A-01R-1628-07,0.9054433843792156,1
TCGA-EJ-5511-01A-01R-1580-07,0.6746267756378967,1
TCGA-E2-A1LE-01A-12R-A19W-07,0.8470656665202431,1
TCGA-E9-A1NH-01A-11R-A14D-07,0.40376848148399896,0
TCGA-55-8302-01A-11R-2326-07,0.6751665972390253,1
TCGA-O2-A52N-01A-11R-A26W-07,0.6513227065145102,0
TCGA-AA-3495-01A-01R-1410-07,0.5041437156662966,1
TCGA-A7-A13H-01A-11R-A22K-07,0.6443772388636126,0
TCGA-JY-A6FE-01A-11R-A336-31,0.890686157527285,1
TCGA-HC-7210-01A-11R-2118-07,0.7599235787629388,1
TCGA-L5-A88T-01A-11R-A354-31,0.5835975068635572,0
TCGA-BP-4998-01A-01R-1334-07,0.40522504220970856,1
TCGA-S3-A6ZG-01A-22R-A32P-07,0.4909385983817439,1
TCGA-B0-5692-01A-11R-1541-07,0.6914018254505763,1
TCGA-ZG-A8QY-01A-11R-A37L-07,0.4778150601846115,1
TCGA-A1-A0SG-01A-11R-A144-07,0.5652946112871934,0
TCGA-64-5774-01A-01R-1628-07,0.7381455686308349,1
TCGA-L5-A8NM-01A-11R-A37I-31,0.6581183630256495,1
TCGA-AO-A12D-01A-11R-A115-07,0.6181469768599542,1
TCGA-39-5024-01A-21R-1820-07,0.6689180983063213,1
TCGA-AA-A01K-01A-01R-A00A-07,0.6201156237431954,0
TCGA-AA-3973-01A-01R-1022-07,0.8007392749595021,1
TCGA-22-5485-01A-01R-1635-07,0.4831009110208945,1
TCGA-50-5941-01A-11R-1755-07,0.4159495742236511,0
TCGA-C8-A12K-01A-21R-A115-07,0.8756532680095044,1
TCGA-MH-A55Z-01A-11R-A26U-07,0.27896140122604185,1
TCGA-BH-A0H3-01A-11R-A12P-07,0.39342134613655855,1
TCGA-CJ-4890-01A-01R-1305-07,0.5872465425527995,0
TCGA-85-8072-01A-31R-2247-07,0.5733634360529016,0
TCGA-5M-AATA-01A-31R-A41B-07,0.6531953897463271,0
TCGA-C8-A1HK-01A-21R-A13Q-07,0.6178902379942703,1
TCGA-AN-A0XP-01A-11R-A109-07,0.4436947174619012,1
TCGA-39-5028-01A-01R-1443-07,0.7501106057951805,0
TCGA-ZG-A9L6-01A-11R-A41O-07,0.5887772683393783,1
TCGA-AO-A03V-01A-11R-A115-07,0.6492275575613978,1
TCGA-CJ-4895-01A-01R-1305-07,0.5023140722966066,1
TCGA-BC-A10T-01A-11R-A131-07,0.6312841833864175,0
TCGA-AR-A24K-01A-11R-A169-07,0.4571943567811409,0
TCGA-A8-A06Z-01A-11R-A00Z-07,0.6311796352889943,1
TCGA-A6-6654-01A-21R-1839-07,0.9032472458434666,1
TCGA-G9-6373-01A-11R-1789-07,0.6479844260042154,1
TCGA-DD-A116-01A-11R-A131-07,0.33441744435309523,0
TCGA-VR-A8EQ-01A-11R-A36D-31,0.8259250747057867,1
TCGA-R6-A6L6-01B-11R-A336-31,0.8799281451805268,1
TCGA-55-A493-01A-11R-A24H-07,0.7222775234205459,1
TCGA-ES-A2HS-01A-11R-A180-07,0.25686260365036334,1
TCGA-KK-A8I8-01A-11R-A36G-07,0.6139657075888412,1
TCGA-L5-A4OI-01A-11R-A36D-31,0.6560432483529708,1
TCGA-43-6143-01A-11R-1820-07,0.7261140409448584,1
TCGA-HC-7080-01A-11R-1965-07,0.4834592897784743,1
TCGA-FV-A4ZQ-01A-11R-A266-07,0.8187515669810264,0
TCGA-A3-3374-01A-02R-1325-07,0.9838972386574008,0
TCGA-IG-A3QL-01A-11R-A24K-31,0.7693325642688278,0
TCGA-PL-A8LV-01A-21R-A41B-07,0.8816019967755929,1
TCGA-HC-A9TE-01A-11R-A41O-07,0.9073530947731172,1
TCGA-G4-6321-01A-11R-1723-07,0.9534041825742774,1
TCGA-23-1030-01A-02R-1564-13,0.48362026723699336,1
TCGA-FB-AAQ2-01A-31R-A41B-07,0.7978749460967071,1
TCGA-A2-A0CY-01A-12R-A034-07,0.8937437432729775,1
TCGA-AN-A046-01A-21R-A034-07,0.5887515181645006,1
TCGA-BH-A0B4-01A-11R-A00Z-07,0.6789452652900076,1
TCGA-24-0982-01A-01R-1565-13,0.485873808109064,1
TCGA-AR-A0TY-01A-12R-A115-07,0.7230234714286576,0
TCGA-WS-AB45-01A-11R-A41B-07,0.9900772275669516,0
TCGA-37-4135-01A-01R-1100-07,0.9379022755138124,1
TCGA-EW-A1P0-01A-11R-A144-07,0.5695465681823181,1
TCGA-A2-A04Y-01A-21R-A034-07,0.698127101174857,1
TCGA-ZP-A9D4-01A-11R-A37K-07,0.5099635375127581,1
TCGA-AC-A23H-01A-11R-A157-07,0.6090773646793192,1
TCGA-A8-A07G-01A-11R-A034-07,0.45930479072936353,0
TCGA-63-A5MT-01A-21R-A26W-07,0.6435194020849295,1
TCGA-05-5428-01A-01R-1628-07,0.7799285067122752,1
TCGA-V1-A9OQ-01A-11R-A41O-07,0.4914849023260237,1
TCGA-CZ-5454-01A-01R-1503-07,0.5641135638812081,0
TCGA-2J-AABK-01A-31R-A41B-07,0.6177951583873585,1
TCGA-L5-A893-01A-11R-A36D-31,0.7355632895789105,1
TCGA-CW-5587-01A-01R-1541-07,0.44764985653492145,1
TCGA-CH-5766-01A-11R-1580-07,0.6504064082203627,0
TCGA-E9-A1NI-01A-11R-A14D-07,0.548461521452958,1
TCGA-46-3767-01A-01R-0980-07,0.7046032763909009,0
TCGA-85-7710-01A-11R-2125-07,0.6756667826194189,1
TCGA-A2-A1G1-01A-21R-A13Q-07,0.7840181739089227,1
TCGA-AZ-6603-01A-11R-1839-07,0.5565268788282527,1
TCGA-BP-5180-01A-01R-1426-07,0.6718008236149129,1
TCGA-HC-7213-01A-11R-2118-07,0.8539383638797836,1
TCGA-BP-4354-01A-02R-1289-07,0.8580282978867212,0
TCGA-E2-A14W-01A-11R-A12D-07,0.6654666676290878,1
TCGA-L9-A444-01A-21R-A24H-07,0.5695057735644492,1
TCGA-86-7713-01A-11R-2066-07,0.7572498110820903,1
TCGA-MP-A4TJ-01A-51R-A262-07,0.5266714038852051,1
TCGA-B9-A5W8-01A-11R-A28H-07,0.6254122597707533,1
TCGA-BH-A0DE-01A-11R-A115-07,0.5686993228879895,0
TCGA-BP-4349-01A-01R-1289-07,0.4540871738853052,1
TCGA-LL-A8F5-01A-11R-A36F-07,0.9220309560261747,1
TCGA-95-A4VK-01A-11R-A262-07,0.5765375000529145,1
TCGA-HC-A9TH-01A-11R-A41O-07,0.6325746201678539,1
TCGA-CM-4743-01A-01R-1723-07,0.8195878552196755,1
TCGA-13-1499-01A-01R-1565-13,0.6336607902626419,1
TCGA-43-7656-01A-11R-2125-07,0.7480240601402248,1
TCGA-66-2786-01A-01R-0851-07,0.6310047082691663,1
TCGA-44-7671-01A-11R-2066-07,0.5747214813760956,0
TCGA-D5-6535-01A-11R-1723-07,0.6602117686676918,1
TCGA-A3-3378-01A-02R-1325-07,0.6680599392972029,1
TCGA-KR-A7K8-01A-11R-A33J-07,0.5703987047084386,1
TCGA-B6-A0IG-01A-11R-A034-07,0.7093937566348633,1
TCGA-05-5423-01A-01R-1628-07,0.6694706693484125,1
TCGA-24-2020-01A-01R-1567-13,0.7848775470428834,0
TCGA-EJ-5532-01A-01R-1580-07,0.5628293736331533,1
TCGA-LN-A7HX-01A-11R-A336-31,0.5176008802351899,1
TCGA-24-1418-01A-01R-1565-13,0.6810089328409178,1
TCGA-A6-6648-01A-11R-1774-07,0.7149615448509073,1
TCGA-AO-A12F-01A-11R-A115-07,0.8414832090600528,1
TCGA-DD-A1EL-01A-11R-A155-07,0.7522360816404041,1
TCGA-F2-6880-01A-11R-2156-07,0.931511214577722,1
TCGA-IB-AAUW-01A-12R-A38C-07,0.5142040319310746,1
TCGA-EB-A4OZ-01A-12R-A266-07,0.5285363571910148,1
TCGA-CJ-4878-01A-01R-1305-07,0.7880670362974883,1
TCGA-4R-AA8I-01A-11R-A38B-07,0.5832567393705188,1
TCGA-CZ-4853-01A-01R-1426-07,0.44025239581626857,1
TCGA-DD-A4NN-01A-11R-A28V-07,0.8537683565155044,1
TCGA-21-5782-01A-01R-1635-07,0.6157615961404452,1
TCGA-85-A513-01A-12R-A26W-07,0.9538575702246674,0
TCGA-29-1761-01A-01R-1567-13,0.7135771726566533,1
TCGA-G7-6792-01A-21R-1965-07,0.7378826483015153,0
TCGA-NC-A5HQ-01A-11R-A26W-07,0.7006995629949468,1
TCGA-B1-A47O-01A-11R-A24Z-07,0.6711238249370355,1
TCGA-AR-A252-01A-11R-A169-07,0.6204401339113165,1
TCGA-BH-A18S-01A-11R-A12D-07,0.5136628797929248,1
TCGA-LQ-A4E4-01A-11R-A266-07,0.6749168323539524,1
TCGA-3A-A9IV-01A-11R-A41B-07,0.9740926436605696,1
TCGA-WN-A9G9-01A-12R-A37K-07,0.9565645020699257,1
TCGA-BH-A18F-01A-11R-A12D-07,0.4840725775361957,1
TCGA-13-0883-01A-02R-1569-13,0.8447975627679681,0
TCGA-55-7576-01A-11R-2066-07,0.5256383742582156,0
TCGA-44-A4SS-01A-11R-A24X-07,0.6830980395151967,1
TCGA-AD-A5EJ-01A-11R-A28H-07,0.5475056587059166,1
TCGA-E9-A5FL-01A-11R-A27Q-07,0.9563273195653886,1
TCGA-J4-A67L-01A-11R-A30B-07,0.8613824661755768,1
TCGA-23-1113-01A-01R-1564-13,0.47937900294430774,1
TCGA-55-6543-01A-11R-1755-07,0.5367688390759575,0
TCGA-BP-4334-01A-01R-1289-07,0.9927254047556603,1
TCGA-E2-A1L6-01A-11R-A13Q-07,0.4115359220829508,1
TCGA-D8-A27W-01A-11R-A16F-07,0.5976216906171166,1
TCGA-B6-A0WS-01A-11R-A115-07,0.4776493390471572,0
TCGA-B3-8121-01A-21R-2404-07,0.7649102382041378,1
TCGA-D8-A1JK-01A-11R-A13Q-07,0.8652505020334921,1
TCGA-A2-A04N-01A-11R-A115-07,0.4722644785301387,1
TCGA-P4-A5E6-01A-11R-A28H-07,0.44816810253164246,1
TCGA-PJ-A5Z9-01A-11R-A28H-07,0.2711036526633142,1
TCGA-LN-A7HV-01A-21R-A354-31,0.6958354819535817,1
TCGA-22-0944-01A-01R-0692-07,0.5532470500638078,1
TCGA-AN-A0FK-01A-11R-A034-07,0.5988448772589496,1
TCGA-BF-AAOU-01A-12R-A39D-07,0.8199398085657776,1
TCGA-HN-A2NL-01A-11R-A18M-07,0.9018857556259124,1
TCGA-FR-A2OS-01A-11R-A21D-07,0.7327561263357614,1
TCGA-CW-6093-01A-11R-1672-07,0.5538520097540719,1
TCGA-DD-A73F-01A-11R-A32O-07,0.5330033285537846,1
TCGA-WQ-A9G7-01A-11R-A37K-07,0.9243919921636018,1
TCGA-37-3783-01A-01R-1201-07,0.7929313572714423,1
TCGA-61-1995-01A-01R-1568-13,0.7015514027407065,1
TCGA-DD-AAD2-01A-11R-A41C-07,0.677121976242913,1
TCGA-24-1616-01A-01R-1566-13,0.6063265003693046,1
TCGA-B2-3923-01B-10R-A277-07,0.9932185355219604,1
TCGA-31-1950-01A-01R-1568-13,0.7233299481543317,1
TCGA-FC-A5OB-01A-11R-A29R-07,0.9130079097157999,1
TCGA-LN-A49X-01A-31R-A260-31,0.4513248114310802,1
TCGA-UU-A93S-01A-21R-A41B-07,0.9220412713127005,1
TCGA-34-5240-01A-01R-1443-07,0.6392034010075707,1
TCGA-L5-A43C-01A-11R-A24K-31,0.827116085073927,1
TCGA-46-3765-01A-01R-0980-07,0.4813914119276834,0
TCGA-B0-4844-01A-01R-1277-07,0.8589167032000817,1
TCGA-21-1080-01A-01R-0692-07,0.6690123391229388,1
TCGA-13-0920-01A-01R-1564-13,0.6534296276201658,1
TCGA-F9-A8NY-01A-11R-A36F-07,0.8468858798036129,1
TCGA-LL-A740-01A-21R-A32P-07,0.8312997985064756,1
TCGA-BF-AAP4-01A-11R-A40A-07,0.5498157582141594,1
TCGA-XR-A8TD-01A-12R-A39D-07,0.8314139824826995,1
TCGA-33-4538-01A-01R-1201-07,0.45238803763569735,1
TCGA-LL-A9Q3-01A-11R-A41B-07,0.862121289894302,1
TCGA-NJ-A4YF-01A-12R-A262-07,0.8509143829242871,1
TCGA-MH-A560-01A-11R-A26U-07,0.5424500222263372,1
TCGA-L5-A8NE-01A-11R-A37I-31,0.7359555515011811,0
TCGA-04-1332-01A-01R-1564-13,0.5963888100938783,1
TCGA-EJ-A7NG-01A-31R-A33R-07,0.3586050751679871,0
TCGA-A8-A08J-01A-11R-A00Z-07,0.5936100486941704,1
TCGA-AK-3456-01A-02R-1325-07,0.8823955001871387,1
TCGA-G7-A8LB-01A-11R-A36F-07,0.5415280400942379,0
TCGA-B2-A4SR-01A-11R-A266-07,0.3970428849796443,1
TCGA-62-8394-01A-11R-2326-07,0.6989913571035226,1
TCGA-AZ-6608-01A-11R-1839-07,0.41021800576985235,1
TCGA-Q3-AA2A-01A-11R-A37L-07,0.5220906736461625,1
TCGA-B0-4694-01A-01R-1277-07,0.5874001164072626,1
TCGA-AR-A24V-01A-21R-A169-07,0.4844399064796692,0
TCGA-A2-A0EV-01A-11R-A034-07,0.501371260180217,1
TCGA-60-2714-01A-01R-0851-07,0.8873360626943084,0
TCGA-BP-4762-01A-02R-1289-07,0.5132492864299759,1
TCGA-DD-AACG-01A-11R-A41C-07,0.3803065189769045,1
TCGA-B0-5094-01A-01R-1420-07,0.7066932586642146,1
TCGA-AA-3556-01A-01R-0821-07,0.632850286541447,0
TCGA-2J-AABO-01A-21R-A41B-07,0.5134174167674155,1
TCGA-B0-5400-01A-01R-1503-07,0.8472279355713302,0
TCGA-77-6845-01A-11R-1949-07,0.529819755190068,0
TCGA-D8-A141-01A-11R-A115-07,0.5837434102651866,1
TCGA-55-A57B-01A-12R-A39D-07,0.5646023579380264,1
TCGA-60-2712-01A-01R-0851-07,0.7509384594041384,1
TCGA-A6-4105-01A-02R-1774-07,0.5544316840510072,1
TCGA-XV-A9W5-01A-11R-A38C-07,0.7390169647886259,1
TCGA-A6-5665-01B-03R-2302-07,0.9912917585826704,1
TCGA-E2-A1AZ-01A-11R-A12P-07,0.7281391979802208,1
TCGA-55-7910-01A-11R-2170-07,0.7225465875896367,1
TCGA-50-6673-01A-11R-1949-07,0.6144512904413363,1
TCGA-BH-A0DL-01A-11R-A115-07,0.8429651665196527,1
TCGA-AU-6004-01A-11R-1723-07,0.6249641098526421,1
TCGA-E2-A15I-01A-21R-A137-07,0.5475852383970025,1
TCGA-G9-6369-01A-21R-1965-07,0.7498130074671033,0
TCGA-AA-3819-01A-01R-0905-07,0.3232109887125731,0
TCGA-KK-A6E0-01A-11R-A311-07,0.6529738646978646,0
TCGA-SX-A71W-01A-12R-A355-07,0.2923862652490665,1
TCGA-AR-A0TS-01A-11R-A115-07,0.7512236833444487,1
TCGA-E9-A5UP-01A-11R-A28M-07,0.8050408002115162,0
TCGA-AQ-A0Y5-01A-11R-A14M-07,0.5192763069263361,0
TCGA-BP-4807-01A-01R-1305-07,0.3975127719555526,1
TCGA-CM-5860-01A-01R-1653-07,0.6590913178801893,1
TCGA-BC-A5W4-01A-11R-A28V-07,0.49625798106732005,1
TCGA-B0-4821-01A-01R-1503-07,0.9704852790326874,1
TCGA-UZ-A9PJ-01A-11R-A38C-07,0.37626793787529694,0
TCGA-DD-AACC-01A-11R-A41C-07,0.5713631949013893,0
TCGA-CJ-4870-01A-01R-1305-07,0.5369895294327506,1
TCGA-75-6207-01A-11R-1755-07,0.7915838532594853,1
TCGA-C8-A1HO-01A-11R-A13Q-07,0.5772485935239227,1
TCGA-JY-A938-01A-11R-A37I-31,0.7984187157882046,1
TCGA-04-1361-01A-01R-1565-13,0.5884604469874972,1
TCGA-2Z-A9J8-01A-11R-A42S-07,0.7455838578512364,1
TCGA-64-1677-01A-01R-0946-07,0.7112878012756099,0
TCGA-AO-A0JE-01A-11R-A056-07,0.6948830958583616,1
TCGA-IG-A4P3-01A-11R-A260-31,0.4915331011642981,1
TCGA-05-4424-01A-22R-1858-07,0.6781209406021963,0
TCGA-91-A4BD-01A-11R-A24H-07,0.7478733011911358,1
TCGA-DD-AAVS-01A-11R-A41C-07,0.7169278378439241,0
TCGA-18-3414-01A-01R-0980-07,0.6590217403810742,1
TCGA-J4-A83I-01A-11R-A36G-07,0.5355856698777701,1
TCGA-39-5035-01A-01R-1443-07,0.6935580620593021,1
TCGA-AA-3544-01A-01R-1873-07,0.6475954151726849,1
TCGA-FB-A7DR-01A-21R-A33R-07,0.5506774487725441,1
TCGA-99-8032-01A-11R-2241-07,0.6275862671945875,1
TCGA-95-7948-01A-11R-2187-07,0.7911928332104191,0
TCGA-D8-A1XU-01A-11R-A14M-07,0.46832224230116554,0
TCGA-2Z-A9J7-01A-11R-A38C-07,0.5324152106396325,1
TCGA-13-A5FT-01A-11R-A406-31,0.7458682019270158,1
TCGA-BP-4803-01A-01R-1305-07,0.36498709691727077,1
TCGA-24-2271-01A-01R-1568-13,0.6368141210981877,1
TCGA-DD-A39V-01A-11R-A213-07,0.38849987504441147,0
TCGA-CM-6674-01A-11R-1839-07,0.6105164856490555,1
TCGA-30-1855-01A-01R-1567-13,0.6950939784880326,1
TCGA-2J-AABE-01A-12R-A41B-07,0.4254591247405307,1
TCGA-ED-A82E-01A-11R-A352-07,0.9807341222068283,1
TCGA-56-7580-01A-11R-2045-07,0.5074604603402028,1
TCGA-37-4130-01A-01R-1100-07,0.9521182525356306,1
TCGA-38-4626-01A-01R-1206-07,0.5762061426127325,1
TCGA-CZ-4861-01A-01R-1305-07,0.5835715333456667,1
TCGA-F4-6703-01A-11R-1839-07,0.9508715008093974,1
TCGA-61-2109-01A-01R-1568-13,0.5531531286694973,1
TCGA-5M-AATE-01A-11R-A41B-07,0.43492829134754263,1
TCGA-10-0931-01A-01R-1564-13,0.5880778455897435,1
TCGA-UZ-A9PQ-01A-11R-A42S-07,0.8550734043283117,1
TCGA-XC-AA0X-01A-32R-A405-07,0.532179365927253,1
TCGA-BH-A0C1-01B-11R-A12D-07,0.44750253781547056,1
TCGA-09-1668-01B-01R-1566-13,0.74813785759737,1
TCGA-77-7338-01A-11R-2045-07,0.4228664267129023,0
TCGA-61-2111-01A-01R-1568-13,0.7880581124778218,1
TCGA-AC-A8OS-01A-12R-A41B-07,0.7300028802761418,1
TCGA-BF-A3DJ-01A-11R-A20F-07,0.7972197526886307,1
TCGA-CJ-4893-01A-01R-1305-07,0.39734539989534023,1
TCGA-DD-AADS-01A-11R-A41C-07,0.30948900120857215,0
TCGA-61-2110-01A-01R-1568-13,0.6019269873265573,1
TCGA-DD-A1EE-01A-11R-A131-07,0.7177628473698767,1
TCGA-BH-A0BP-01A-11R-A115-07,0.6788945103079512,1
TCGA-IG-A3I8-01A-11R-A24K-31,0.619262893037248,1
TCGA-86-A4D0-01A-11R-A24H-07,0.8416179653088197,0
TCGA-22-1016-01A-01R-0692-07,0.786798404496856,1
TCGA-BH-A0DS-01A-11R-A056-07,0.6329144228568062,1
TCGA-AR-A5QN-01A-12R-A28M-07,0.6307298631038005,1
TCGA-CW-6088-01A-11R-1672-07,0.35427493518356845,0
TCGA-AQ-A04L-01B-21R-A10J-07,0.7674223782277778,1
TCGA-A7-A13D-01A-13R-A12P-07,0.8829317210560437,1
TCGA-A2-A0YJ-01A-11R-A109-07,0.854468426329864,1
TCGA-04-1331-01A-01R-1569-13,0.6415619807923432,1
TCGA-HZ-A8P1-01A-11R-A37L-07,0.8589094180838667,1
TCGA-AR-A24R-01A-11R-A169-07,0.46454787466931347,1
TCGA-36-1575-01A-01R-1566-13,0.6312716121814675,0
TCGA-C8-A273-01A-11R-A16F-07,0.6502285979748444,1
TCGA-DM-A1HB-01A-21R-A180-07,0.5949378839287255,0
TCGA-JL-A3YW-01A-12R-A239-07,0.9007294031674312,1
TCGA-13-1411-01A-01R-1565-13,0.7689254674233944,1
TCGA-60-2710-01A-01R-0851-07,0.48661530286387483,1
TCGA-BP-5009-01A-01R-1334-07,0.4159527524862571,1
TCGA-T7-A92I-01A-11R-A37O-07,0.9706732387233623,1
TCGA-EB-A85I-01A-11R-A352-07,0.5967447770723232,1
TCGA-F4-6460-01A-11R-1774-07,0.7832771541421055,0
TCGA-B8-A54E-01A-11R-A266-07,0.9856200950549174,1
TCGA-60-2725-01A-01R-1201-07,0.5840398647403503,1
TCGA-NC-A5HI-01A-11R-A26W-07,0.6968205675572434,1
TCGA-BP-4965-01A-01R-1334-07,0.3160458181337794,1
TCGA-BP-4756-01A-01R-1289-07,0.9510825897412613,1
TCGA-A8-A095-01A-11R-A00Z-07,0.3616244645927779,1
TCGA-MM-A84U-01A-11R-A37O-07,0.7714958167549808,1
TCGA-HP-A5N0-01A-11R-A28V-07,0.6955099319935326,1
TCGA-A4-7996-01A-11R-2204-07,0.6145313661072351,1
TCGA-A2-A0EQ-01A-11R-A034-07,0.7337533567140151,1
TCGA-A1-A0SK-01A-12R-A084-07,0.8510045281954913,1
TCGA-EJ-5505-01A-01R-1580-07,0.558139541711346,1
TCGA-43-5668-01A-01R-1635-07,0.9177200096089585,0
TCGA-EW-A2FV-01A-11R-A17B-07,0.5577358334284699,0
TCGA-CZ-5456-01A-01R-1503-07,0.6918144519495458,1
TCGA-C8-A12Y-01A-11R-A12D-07,0.7218572183567294,1
TCGA-AR-A2LM-01A-11R-A180-07,0.46272147685021564,1
TCGA-A6-4107-01A-02R-1410-07,0.48716239429514135,1
TCGA-IG-A3YB-01A-11R-A36D-31,0.8028035979961632,1
TCGA-75-6205-01A-11R-1755-07,0.5905089347738708,1
TCGA-20-1683-01A-01R-1566-13,0.855483755755762,1
TCGA-BP-4170-01A-02R-1289-07,0.32671392271842736,1
TCGA-CJ-6032-01A-11R-1672-07,0.6277901250364226,1
TCGA-DD-AACL-01A-11R-A41C-07,0.8318101664866714,1
TCGA-BP-4166-01A-02R-1289-07,0.5551412145798995,1
TCGA-2H-A9GL-01A-12R-A37I-31,0.7628918432901107,1
TCGA-B0-5084-01A-01R-1334-07,0.9912084854949819,1
TCGA-E2-A15J-01A-11R-A12P-07,0.5419516228120229,1
TCGA-44-6775-01C-02R-A277-07,0.8295651436183767,1
TCGA-A2-A04W-01A-31R-A115-07,0.8430111721735403,1
TCGA-G3-AAV0-01A-11R-A37K-07,0.29194852119260256,1
TCGA-AA-A00D-01A-01R-A002-07,0.5925340385561181,1
TCGA-56-5897-01A-11R-1635-07,0.6239509126649715,1
TCGA-EJ-7321-01A-31R-2263-07,0.5483134768373352,0
TCGA-2J-AABV-01A-12R-A41B-07,0.9469673964106685,1
TCGA-C8-A8HR-01A-11R-A36F-07,0.7716600773053628,1
TCGA-04-1362-01A-01R-1565-13,0.6707289552652093,0
TCGA-HZ-A77Q-01A-11R-A36G-07,0.48235051831332626,1
TCGA-D8-A1JB-01A-11R-A13Q-07,0.5572419351276723,1
TCGA-B0-4811-01A-01R-1503-07,0.8706823927824996,0
TCGA-24-1103-01A-01R-1565-13,0.6513510920961183,1
TCGA-91-A4BC-01A-11R-A24H-07,0.6903139054128131,1
TCGA-D5-5539-01A-01R-1653-07,0.7921450761399152,1
TCGA-HZ-A4BK-01A-11R-A26U-07,0.3912332897602539,1
TCGA-13-1489-01A-01R-1565-13,0.6589438040136069,1
TCGA-A2-A04P-01A-31R-A034-07,0.9100593333852673,1
TCGA-IA-A40Y-01A-11R-A24Z-07,0.9103093398360954,1
TCGA-21-5783-01A-41R-2187-07,0.710375723196138,1
TCGA-A6-2675-01A-02R-1723-07,0.7130861088344033,1
TCGA-B9-7268-01A-11R-A32Z-07,0.4641685838077329,1
TCGA-BP-4777-01A-01R-1289-07,0.46598710006069777,1
TCGA-BP-4988-01A-01R-1334-07,0.8895676553203474,1
TCGA-2J-AABF-01A-31R-A41B-07,0.508605780863983,1
TCGA-56-8201-01A-11R-2247-07,0.6802728547938661,1
TCGA-24-2035-01A-01R-1568-13,0.768045687898337,1
TCGA-A1-A0SP-01A-11R-A084-07,0.851685390621923,1
TCGA-BC-A10S-01A-22R-A131-07,0.4314899621254051,1
TCGA-HC-7738-01A-11R-2118-07,0.2680215259104887,1
TCGA-IA-A83S-01A-11R-A355-07,0.49157283368586524,0
TCGA-HZ-7920-01A-11R-2204-07,0.8008711719558071,1
TCGA-AA-3529-01A-02R-0821-07,0.5071432098741313,1
TCGA-D8-A1XJ-01A-11R-A14M-07,0.6640979568670778,1
TCGA-5X-AA5U-01A-11R-A406-31,0.7626404237551991,1
TCGA-3Z-A93Z-01A-11R-A37O-07,0.6490088272365331,1
TCGA-E9-A227-01A-11R-A157-07,0.5253711047660511,1
TCGA-B0-4843-01A-01R-1277-07,0.8082486879959077,0
TCGA-BH-A8G0-01A-11R-A352-07,0.6986992666626353,1
TCGA-FV-A3R2-01A-11R-A22L-07,0.4629613364668652,1
TCGA-CZ-4854-01A-01R-1305-07,0.6523796839966385,1
TCGA-04-1348-01A-01R-1565-13,0.5959929202078225,1
TCGA-38-4625-01A-01R-1206-07,0.8526390347854996,1
TCGA-A3-A6NJ-01A-12R-A33J-07,0.45423151831558933,1
TCGA-BH-A0C3-01A-21R-A12P-07,0.6211048893976221,1
TCGA-58-8388-01A-11R-2326-07,0.8030031757456243,1
TCGA-NH-A50T-01A-11R-A28H-07,0.45682952147273415,1
TCGA-LL-A5YN-01A-11R-A28M-07,0.8771661084237004,0
TCGA-A2-A0ET-01A-31R-A034-07,0.6124133336889512,1
TCGA-GM-A2DO-01A-11R-A18M-07,0.8183788649007459,0
TCGA-A7-A0CH-01A-21R-A00Z-07,0.3275653651914076,1
TCGA-2Y-A9GT-01A-11R-A38B-07,0.6867410326029476,1
TCGA-B3-4104-01A-02R-1351-07,0.9945505317671696,1
TCGA-GM-A5PV-01A-11R-A28M-07,0.716014162945679,1
TCGA-29-1711-01A-01R-1567-13,0.7164392467395702,1
TCGA-AO-A1KS-01A-11R-A13Q-07,0.5091613221282397,0
TCGA-AO-A12G-01A-11R-A10J-07,0.6283116643074178,1
TCGA-HZ-8002-01A-11R-2204-07,0.6237733620684719,0
TCGA-22-5492-01A-01R-1635-07,0.6670294958815124,1
TCGA-G4-6625-01A-21R-1774-07,0.5701681757993099,1
TCGA-L5-A4OF-01A-11R-A260-31,0.6306033857620853,1
TCGA-55-A48Y-01A-11R-A24H-07,0.5658018779910295,0
TCGA-A2-A0YD-01A-11R-A109-07,0.48747187648683943,1
TCGA-13-0801-01A-01R-1564-13,0.7247066706938144,1
TCGA-B4-5843-01A-11R-1672-07,0.5249497246974901,1
TCGA-AY-A69D-01A-11R-A37K-07,0.6240677448293863,0
TCGA-CJ-4899-01A-01R-1334-07,0.3737669322983698,1
TCGA-YL-A8S9-01A-11R-A37L-07,0.6238318604696093,1
TCGA-55-1596-01A-01R-0946-07,0.7764329851218315,1
TCGA-UB-AA0V-01A-11R-A38B-07,0.8031580338454064,1
TCGA-BH-A0HY-01A-11R-A056-07,0.6289463617650004,1
TCGA-64-1676-01A-01R-0946-07,0.767599655390707,0
TCGA-A8-A09R-01A-11R-A00Z-07,0.42670474827612404,0
TCGA-D8-A1Y2-01A-11R-A157-07,0.7322989898284569,1
TCGA-5P-A9JY-01A-11R-A42S-07,0.39897994758823296,1
TCGA-AR-A1AI-01A-11R-A12P-07,0.8349503666620046,1
TCGA-56-7823-01B-11R-2247-07,0.4997077024232213,1
TCGA-O2-A52V-01A-31R-A262-07,0.4237216146834502,1
TCGA-B0-4816-01A-01R-1503-07,0.41495847354482474,1
TCGA-MH-A55W-01A-11R-A26U-07,0.403157728892962,1
TCGA-AN-A0FD-01A-11R-A034-07,0.6833196030245071,1
TCGA-3A-A9IB-01A-21R-A39D-07,0.5161409961424349,1
TCGA-P4-A5EA-01A-11R-A28H-07,0.9634567555798097,1
TCGA-XV-A9VZ-01A-11R-A38C-07,0.967012926059,0
TCGA-BC-A10U-01A-11R-A131-07,0.690644971190437,0
TCGA-B6-A0I9-01A-11R-A034-07,0.5843848875407084,0
TCGA-B0-5119-01A-02R-1420-07,0.22488075301990687,0
TCGA-AR-A2LR-01A-12R-A18M-07,0.7651986549623222,0
TCGA-22-5472-01A-01R-1635-07,0.7067033055216396,1
TCGA-GI-A2C8-01A-11R-A16F-07,0.6328621021718439,0
TCGA-44-2666-01A-01R-0946-07,0.6283734743371536,1
TCGA-25-1632-01A-01R-1566-13,0.5604286692504887,1
TCGA-78-7540-01A-11R-2066-07,0.7491101385131202,1
TCGA-BH-A0AV-01A-31R-A115-07,0.7768369977940056,1
TCGA-AA-3845-01A-01R-1022-07,0.9276079407436228,1
TCGA-78-8655-01A-11R-2403-07,0.5664523718673089,1
TCGA-BP-4345-01A-01R-1289-07,0.7508160169144443,1
TCGA-98-A539-01A-31R-A262-07,0.5340634883247918,0
TCGA-50-6594-01A-11R-1755-07,0.787122999311978,1
TCGA-49-AARN-01A-21R-A41B-07,0.5251502215880471,1
TCGA-A3-3358-01A-01R-1541-07,0.3807771837327074,1
TCGA-13-1483-01A-01R-1565-13,0.5306503735599332,0
TCGA-KK-A7B2-01A-12R-A32O-07,0.8214352693857276,1
TCGA-49-AAQV-01A-11R-A39D-07,0.640949565527559,0
TCGA-EV-5902-01A-11R-1592-07,0.557709577095997,0
TCGA-AC-A6IX-01A-12R-A32P-07,0.5468925735336452,1
TCGA-BW-A5NQ-01A-11R-A27V-07,0.8047087438379074,0
TCGA-B6-A0WW-01A-11R-A109-07,0.497023601393294,0
TCGA-R6-A8W8-01B-11R-A37I-31,0.7520028671180005,1
TCGA-XV-AAZW-01A-12R-A40A-07,0.708439782115311,0
TCGA-BP-4173-01A-02R-1289-07,0.6155948753492053,1
TCGA-HZ-A49G-01A-11R-A26U-07,0.41456347058473536,0
TCGA-22-1012-01A-01R-0692-07,0.5481151749722046,1
TCGA-BH-A0C7-01B-11R-A115-07,0.4799540759175017,1
TCGA-CC-A7IL-01A-11R-A33R-07,0.22103779054877734,1
TCGA-E9-A1RA-01A-11R-A14D-07,0.5392334992553804,1
TCGA-YL-A8HM-01A-11R-A36G-07,0.8271592851338303,0
TCGA-AC-A3HN-01A-11R-A213-07,0.5674520611057428,1
TCGA-D8-A1X8-01A-11R-A14M-07,0.380805389618074,1
TCGA-78-7159-01A-11R-2039-07,0.5603471565698265,1
TCGA-AR-A1AK-01A-21R-A12P-07,0.5587880711443219,1
TCGA-Y8-A8RY-01A-11R-A37K-07,0.3704844991947246,1
TCGA-DD-AAED-01A-12R-A41C-07,0.7968196568238366,1
TCGA-AN-A0XV-01A-11R-A109-07,0.5005398673792568,1
TCGA-BP-4775-01A-01R-1289-07,0.5087046348776613,1
TCGA-24-1556-01A-01R-1566-13,0.7088478972286977,1
TCGA-44-6148-01A-11R-1755-07,0.7748057354603166,1
TCGA-DD-A3A9-01A-11R-A266-07,0.6097142253829916,0
TCGA-XK-AAJU-01A-11R-A41O-07,0.4370121611475771,1
TCGA-A6-3809-01B-04R-A277-07,0.9945863282469787,1
TCGA-UZ-A9PO-01A-11R-A38C-07,0.3331784455457202,0
TCGA-05-4398-01A-01R-1206-07,0.5864966362020505,0
TCGA-AK-3436-01A-02R-1325-07,0.8247446902369803,1
TCGA-D9-A4Z2-01A-11R-A24X-07,0.8102470222716951,1
TCGA-44-8119-01A-11R-2241-07,0.706160989279755,1
TCGA-EB-A97M-01A-11R-A38C-07,0.24183259424943263,1
TCGA-YL-A8HK-01A-11R-A36G-07,0.6784722588098442,1
TCGA-GL-A59T-01A-21R-A28H-07,0.37840900794729215,1
TCGA-90-7767-01A-11R-2125-07,0.6892410626972618,1
TCGA-DV-5568-01A-01R-1541-07,0.6127484042177833,1
TCGA-A4-A5Y0-01A-11R-A31O-07,0.6553328724402686,0
TCGA-BF-A1PZ-01A-11R-A18S-07,0.4920118493588442,1
TCGA-2J-AAB4-01A-12R-A41B-07,0.40948554063530906,0
TCGA-AC-A8OQ-01A-11R-A41B-07,0.8926082550669031,1
TCGA-DD-AACT-01A-11R-A41C-07,0.4708690275311775,0
TCGA-18-3412-01A-01R-0980-07,0.6391755602341151,1
TCGA-A2-A4S2-01A-12R-A266-07,0.5989581359864705,0
TCGA-H9-A6BY-01A-11R-A30B-07,0.7224187434186727,0
TCGA-DW-7837-01A-11R-2139-07,0.5087916633514207,1
TCGA-AA-3552-01A-01R-0821-07,0.6516115339823653,1
TCGA-UZ-A9PN-01A-11R-A38C-07,0.7972652431301591,1
TCGA-NC-A5HO-01A-11R-A26W-07,0.7446705180659025,1
TCGA-B8-A8YJ-01A-13R-A39I-07,0.839591628040487,1
TCGA-A2-A04Q-01A-21R-A034-07,0.8140809022956482,1
TCGA-HC-A6AQ-01A-11R-A30B-07,0.658059820409078,1
TCGA-DV-A4VX-01A-11R-A266-07,0.9354087082282823,1
TCGA-FC-A6HD-01A-11R-A31N-07,0.8677413732119298,0
TCGA-F2-A44G-01A-11R-A26U-07,0.45801453999563924,0
TCGA-AZ-4681-01A-01R-1410-07,0.5977299420163007,1
TCGA-VP-A87J-01A-11R-A352-07,0.6572978995302381,0
TCGA-C8-A8HQ-01A-11R-A36F-07,0.6226716352279277,0
TCGA-YJ-A8SW-01A-11R-A37L-07,0.8512559606573237,1
TCGA-63-7020-01A-11R-1949-07,0.5879441430100224,0
TCGA-66-2754-01A-01R-0980-07,0.8840484905259958,1
TCGA-04-1343-01A-01R-1564-13,0.6013198801338158,1
TCGA-KK-A7AV-01A-11R-A32O-07,0.50005388590919,1
TCGA-HC-A632-01A-11R-A29R-07,0.8577635681996885,0
TCGA-DD-AACE-01A-11R-A41C-07,0.4795186437029743,0
TCGA-23-1809-01A-01R-1566-13,0.7945932996169413,1
TCGA-JY-A939-01A-12R-A37I-31,0.7800027121039176,1
TCGA-25-1627-01A-01R-1566-13,0.7708929013373766,1
TCGA-IB-AAUP-01A-11R-A37L-07,0.5736787695481576,1
TCGA-RC-A6M3-01A-11R-A32O-07,0.9727177224025555,1
TCGA-E9-A1RH-01A-21R-A169-07,0.7663338970331801,0
TCGA-KK-A8IH-01A-11R-A36G-07,0.6109232564850571,1
TCGA-AA-3869-01A-01R-1022-07,0.5333008345541782,0
TCGA-B0-5116-01A-02R-1420-07,0.5738105634737937,1
TCGA-GF-A2C7-01A-11R-A18T-07,0.6080568413285339,1
TCGA-BH-A5J0-01A-11R-A27Q-07,0.8428742306799767,1
TCGA-66-2727-01A-01R-0980-07,0.4762055059890805,1
TCGA-CM-6163-01A-11R-1653-07,0.7937883439417817,1
TCGA-55-A490-01A-11R-A466-07,0.7541407605691861,0
TCGA-AA-3976-01A-01R-1022-07,0.3972935353871538,1
TCGA-A6-2679-01A-02R-1410-07,0.7918890355032335,0
TCGA-BP-5182-01A-01R-1426-07,0.5027978127714621,1
TCGA-56-8083-01A-11R-2247-07,0.8265036231772894,1
TCGA-55-8299-01A-11R-2287-07,0.49757338085077746,0
TCGA-LN-A8I1-01A-11R-A36D-31,0.7975138541104837,0
TCGA-SX-A7SU-01A-11R-A36F-07,0.6274747546081554,1
TCGA-E9-A295-01A-11R-A16F-07,0.6242664867855863,1
TCGA-EJ-7218-01B-11R-A32O-07,0.3816026121930966,1
TCGA-E2-A2P5-01A-11R-A19W-07,0.7233087713419915,1
TCGA-A2-A0ES-01A-11R-A115-07,0.6059235888962965,1
TCGA-CK-5916-01A-11R-1653-07,0.800368904758036,1
TCGA-EJ-A65E-01A-11R-A29R-07,0.42120562299706027,0
TCGA-OL-A66K-01A-11R-A29R-07,0.6131172562293123,1
TCGA-44-6774-01A-21R-1858-07,0.6311801225359294,1
TCGA-V1-A9Z7-01A-11R-A41O-07,0.7576104792564101,1
TCGA-ER-A196-01A-11R-A18T-07,0.8568898602768716,1
TCGA-2J-AABI-01A-12R-A41B-07,0.8938139844581806,1
TCGA-GJ-A9DB-01A-11R-A37K-07,0.5706729701174226,1
TCGA-A8-A0A7-01A-11R-A00Z-07,0.7213471985046019,1
TCGA-L5-A4ON-01A-11R-A260-31,0.6710138496054889,1
TCGA-F4-6806-01A-11R-1839-07,0.5017057823868418,0
TCGA-66-2792-01A-01R-0980-07,0.4491496346723844,1
TCGA-A8-A08R-01A-11R-A034-07,0.7593165150839255,1
TCGA-E2-A1LH-01A-11R-A14D-07,0.9135675476163534,1
TCGA-24-1550-01A-01R-1566-13,0.8066736058004355,0
TCGA-44-7660-01A-11R-2066-07,0.8847937538463712,1
TCGA-85-A53L-01A-21R-A26W-07,0.5606593489268841,0
TCGA-MR-A8JO-01A-12R-A36F-07,0.9781552244489605,1
TCGA-44-5643-01A-01R-1628-07,0.9491384729323754,1
TCGA-90-6837-01A-11R-1949-07,0.6972992155700712,0
TCGA-DD-AAC9-01A-11R-A41C-07,0.3456287495148578,0
TCGA-BH-A203-01A-12R-A169-07,0.6509687893074483,1
TCGA-B8-4146-01B-11R-1672-07,0.9861317272912593,1
TCGA-24-1430-01A-01R-1566-13,0.574571762162004,1
TCGA-BH-A5IZ-01A-11R-A27Q-07,0.8777484790610187,1
TCGA-78-7633-01A-11R-2066-07,0.6817048183155994,1
TCGA-A6-2686-01A-01R-A32Z-07,0.880079962753997,1
TCGA-NC-A5HF-01A-11R-A26W-07,0.6532137875557322,1
TCGA-BQ-5882-01A-11R-1592-07,0.9303788594130673,1
TCGA-IB-AAUM-01A-11R-A37L-07,0.6729019370273104,1
TCGA-BF-AAP7-01A-11R-A40A-07,0.3981845162442696,1
TCGA-NJ-A4YG-01A-22R-A262-07,0.454958592758614,0
TCGA-AA-3846-01A-01R-1022-07,0.5730615785600661,1
TCGA-UN-AAZ9-01A-11R-A38C-07,0.7236478187302341,0
TCGA-HC-A76X-01A-11R-A33R-07,0.40069540811706966,1
TCGA-25-2042-01A-01R-1568-13,0.9217987631481516,1
TCGA-F4-6459-01A-11R-1774-07,0.8615833284096472,1
TCGA-A7-A13F-01A-11R-A12P-07,0.522436973004378,0
TCGA-A2-A0CP-01A-11R-A034-07,0.696475845598773,1
TCGA-KK-A5A1-01A-11R-A29R-07,0.8099453555886821,0
TCGA-F2-6879-01A-11R-2156-07,0.6916480485636288,1
TCGA-A8-A099-01A-11R-A00Z-07,0.5151790294482618,1
TCGA-DD-AADP-01A-11R-A39D-07,0.5240958951143496,1
TCGA-A6-5657-01A-01R-A32Z-07,0.7254043673578291,1
TCGA-A8-A09M-01A-11R-A00Z-07,0.5957592525622137,1
TCGA-CH-5744-01A-11R-1580-07,0.4932876827310687,1
TCGA-43-6771-01A-11R-1820-07,0.7905624821236622,1
TCGA-LN-A4A5-01A-21R-A260-31,0.6499794600889435,1
TCGA-BH-A0BZ-01A-31R-A12P-07,0.6470228873250916,0
TCGA-05-4395-01A-01R-1206-07,0.7562988855379678,1
TCGA-BP-5178-01A-01R-1426-07,0.7453393675537273,1
TCGA-B6-A0RI-01A-11R-A056-07,0.465608808617249,0
TCGA-63-A5MB-01A-11R-A26W-07,0.5963312716676529,1
TCGA-AQ-A04J-01A-02R-A034-07,0.7545574656020674,1
TCGA-77-8133-01A-12R-2247-07,0.5685121694946179,0
TCGA-B0-5399-01A-01R-1503-07,0.40187084651477495,1
TCGA-B8-A54I-01A-21R-A33J-07,0.8378157650099995,1
TCGA-61-1910-01A-01R-1567-13,0.6292045214730431,1
TCGA-A8-A07R-01A-21R-A034-07,0.8031895636016751,1
TCGA-CJ-4905-01A-02R-1426-07,0.4927377184040463,1
TCGA-AA-3525-01A-02R-0826-07,0.6333185687842351,1
TCGA-78-8662-01A-11R-2403-07,0.8440514956665266,1
TCGA-B6-A0IB-01A-11R-A034-07,0.6971816250292334,0
TCGA-EJ-7328-01A-31R-2118-07,0.6516449748000681,1
TCGA-BQ-5875-01A-11R-1592-07,0.7683005462085621,1
TCGA-IB-7649-01A-11R-2156-07,0.5510281202801912,0
TCGA-49-4494-01A-01R-1206-07,0.8259637240806407,1
TCGA-AR-A24P-01A-11R-A169-07,0.38354499487531,1
TCGA-AA-3542-01A-02R-1873-07,0.7609166549837264,0
TCGA-DM-A28H-01A-11R-A16W-07,0.6555129242668076,0
TCGA-O2-A5IB-01A-11R-A27Q-07,0.8783746181579236,0
TCGA-A8-A06X-01A-21R-A00Z-07,0.638676027755707,1
TCGA-BH-A28O-01A-11R-A22K-07,0.8366172009526504,1
TCGA-EJ-7115-01A-11R-2118-07,0.30733800617854334,1
TCGA-DW-5560-01A-01R-1592-07,0.7312622810795725,1
TCGA-29-1703-01A-01R-1567-13,0.5389200326405319,1
TCGA-AA-3680-01A-01R-0905-07,0.7454784319404035,1
TCGA-CC-A8HU-01A-11R-A36F-07,0.7564654030100988,1
TCGA-D8-A27P-01A-11R-A16F-07,0.4401368417424618,1
TCGA-3P-A9WA-01A-11R-A406-31,0.7776420959737048,0
TCGA-BH-A1F6-01A-11R-A13Q-07,0.8138233870252911,1
TCGA-63-5128-01A-01R-1443-07,0.42095352309909057,0
TCGA-RC-A7SF-01A-11R-A352-07,0.3722849280203057,0
TCGA-BH-A202-01A-11R-A14M-07,0.5344841588929131,1
TCGA-DD-AAD8-01A-11R-A41C-07,0.5325916343520528,1
TCGA-EU-5904-01A-11R-1672-07,0.3071648017921116,1
TCGA-55-8508-01A-11R-2403-07,0.5889693622640522,1
TCGA-B3-A6W5-01A-12R-A33Z-07,0.3409494782330066,0
TCGA-78-7155-01A-11R-2039-07,0.9558106689811587,1
TCGA-24-2297-01A-01R-1568-13,0.5800946135152579,0
TCGA-A8-A09W-01A-11R-A00Z-07,0.5641688461045032,1
TCGA-B9-4617-01A-01R-1193-07,0.3520966648799527,0
TCGA-A8-A09B-01A-11R-A00Z-07,0.4467154962875252,1
TCGA-JY-A6FA-01A-11R-A336-31,0.5481511080068331,1
TCGA-97-A4M1-01A-11R-A24X-07,0.621955436264726,0
TCGA-GL-A9DD-01A-11R-A37K-07,0.4148354430054778,1
TCGA-A3-A6NN-01A-12R-A33J-07,0.43203674943248727,1
TCGA-18-3416-01A-01R-0980-07,0.5844137169104365,1
TCGA-EJ-5515-01A-01R-1580-07,0.7426187150033613,1
TCGA-D5-6539-01A-11R-1723-07,0.7291697763673448,1
TCGA-BH-A18N-01A-11R-A12D-07,0.5095309060313136,0
TCGA-BP-4167-01A-02R-1325-07,0.822385119697276,1
TCGA-A2-A0CR-01A-11R-A22K-07,0.9380264223443617,1
TCGA-56-8628-01A-11R-2403-07,0.7699141678098336,1
TCGA-55-8621-01A-11R-2403-07,0.5368858828173556,1
TCGA-CC-A7II-01A-11R-A33J-07,0.9743637048579671,1
TCGA-85-6560-01A-11R-1820-07,0.8466128377176206,1
TCGA-AR-A24W-01A-11R-A169-07,0.5446670093623402,1
TCGA-85-6175-01A-11R-1820-07,0.8724684243298213,1
TCGA-86-7954-01A-11R-2187-07,0.6051520842220622,1
TCGA-CC-A9FS-01A-11R-A37K-07,0.5257617883273423,1
TCGA-25-1870-01A-01R-1567-13,0.7237840632070378,1
TCGA-63-7022-01A-11R-1949-07,0.7706986004342853,1
TCGA-R6-A6KZ-01A-11R-A31P-31,0.812475945162938,1
TCGA-AA-3562-01A-02R-0821-07,0.3886928077445979,1
TCGA-D5-6541-01A-11R-1723-07,0.8517336381380427,1
TCGA-PJ-A5Z8-01A-11R-A28H-07,0.8636083518694014,0
TCGA-BP-5010-01A-02R-1420-07,0.77441307035324,0
TCGA-66-2790-01A-01R-0980-07,0.592881461748216,1
TCGA-AL-A5DJ-01A-11R-A26U-07,0.9474699294936365,1
TCGA-AR-A0TR-01A-11R-A084-07,0.5853353602919121,0
TCGA-AA-3979-01A-01R-1022-07,0.5769245972426408,1
TCGA-A1-A0SJ-01A-11R-A084-07,0.616403775438703,1
TCGA-AO-A0JA-01A-11R-A056-07,0.49217374284076426,1
TCGA-86-A4JF-01A-11R-A24X-07,0.6177341808405582,1
TCGA-Z6-A8JD-01A-11R-A36D-31,0.535402358835955,1
TCGA-92-7341-01A-31R-2045-07,0.460665524674709,1
TCGA-E2-A15O-01A-11R-A115-07,0.6055092622962334,0
TCGA-V1-A9O9-01A-11R-A41O-07,0.5787047944652698,1
TCGA-67-6215-01A-11R-1755-07,0.5404956170606537,0
TCGA-AY-6386-01A-21R-1723-07,0.46832874647857425,1
TCGA-LN-A4A3-01A-11R-A260-31,0.37796514559933525,1
TCGA-44-6778-01A-11R-1858-07,0.629596595568524,0
TCGA-RU-A8FL-01A-11R-A37K-07,0.6539589152182668,1
TCGA-G3-AAV1-01A-11R-A38B-07,0.6396893307238731,0
TCGA-CH-5745-01A-11R-1580-07,0.5182981288305981,0
TCGA-85-8580-01A-31R-2403-07,0.41390780088429113,1
TCGA-AK-3454-01A-02R-1277-07,0.8841845963001669,1
TCGA-M7-A722-01A-12R-A36G-07,0.9320635496871792,1
TCGA-3A-A9IN-01A-11R-A39D-07,0.9552869868173489,1
TCGA-49-4501-01A-01R-1206-07,0.5867050356239041,1
TCGA-44-7667-01A-31R-2066-07,0.9241278640101538,1
TCGA-86-7714-01A-12R-2170-07,0.6203909656067952,1
TCGA-34-5929-01A-11R-1820-07,0.5395236790371324,0
TCGA-BC-A10R-01A-11R-A131-07,0.7751941457118787,1
TCGA-39-5027-01A-21R-1820-07,0.5565967507318098,1
TCGA-AA-A00E-01A-01R-A002-07,0.559650070003933,1
TCGA-22-5473-01A-01R-1635-07,0.39514286047625763,0
TCGA-LL-A7T0-01A-31R-A352-07,0.794550808392713,1
TCGA-13-1410-01A-01R-1565-13,0.6652132950399269,1
TCGA-G9-6377-01A-11R-1965-07,0.5170455038072385,1
TCGA-EJ-7784-01A-11R-2118-07,0.7586338871996046,1
TCGA-51-4081-01A-01R-1100-07,0.40790776624156533,0
TCGA-5P-A9JW-01A-11R-A42S-07,0.43771554512884,0
TCGA-DV-5567-01A-01R-1541-07,0.7564720851384275,1
TCGA-BH-A1FU-01A-11R-A14D-07,0.6763986500671938,0
TCGA-AR-A1AR-01A-31R-A137-07,0.7564659962899476,1
TCGA-43-7658-01A-11R-2125-07,0.8760466873799873,1
TCGA-BF-A1PU-01A-11R-A18S-07,0.33204848251594893,0
TCGA-CM-6171-01A-11R-1653-07,0.8764373206013469,1
TCGA-EW-A1J2-01A-21R-A13Q-07,0.4398301943338217,1
TCGA-UB-A7MF-01A-11R-A33J-07,0.6552882037903075,0
TCGA-DD-AAD0-01A-11R-A41C-07,0.43836256046774963,0
TCGA-85-6561-01A-11R-1820-07,0.563136928157864,1
TCGA-G9-6367-01A-11R-1789-07,0.5804178926899125,1
TCGA-DM-A1D9-01A-11R-A155-07,0.564909828360716,1
TCGA-EJ-7783-01A-11R-2118-07,0.766548346021275,1
TCGA-33-AASD-01A-11R-A405-07,0.6433152893070485,1
TCGA-97-8177-01A-11R-2287-07,0.5863318549160946,1
TCGA-NH-A6GA-01A-11R-A37K-07,0.7963201731216194,0
TCGA-BH-A1FC-01A-11R-A13Q-07,0.8335273075165548,1
TCGA-BP-4165-01A-02R-1289-07,0.5821919485901328,1
TCGA-AA-A02R-01A-01R-A00A-07,0.7654801527655354,1
TCGA-AD-6899-01A-11R-1928-07,0.7623030285021538,1
TCGA-LN-A4MQ-01A-11R-A28J-31,0.4744931300419022,1
TCGA-KK-A59Z-01A-12R-A26U-07,0.7487692927978522,1
TCGA-MI-A75H-01A-11R-A32O-07,0.25703802340816834,0
TCGA-38-4630-01A-01R-1206-07,0.9359924749896544,1
TCGA-EP-A3RK-01A-11R-A22L-07,0.6067106367172894,1
TCGA-5C-A9VG-01A-11R-A37K-07,0.8257613444681102,1
TCGA-BH-A0E7-01A-11R-A034-07,0.39666207710203605,1
TCGA-AA-3956-01A-02R-1022-07,0.3936057221383043,0
TCGA-HC-8216-01A-11R-A29R-07,0.5896357784497318,1
TCGA-EJ-5519-01A-01R-1580-07,0.7305343196669352,1
TCGA-AA-3949-01A-01R-1022-07,0.6944015742267209,0
TCGA-B0-5121-01A-02R-1420-07,0.3875794936418449,1
TCGA-10-0926-01A-01R-1564-13,0.585791307609718,1
TCGA-AK-3451-01A-02R-1188-07,0.9603468880501117,1
TCGA-A8-A085-01A-11R-A00Z-07,0.5942218843935388,0
TCGA-BH-A18M-01A-11R-A12D-07,0.42585350632550684,1
TCGA-G4-6315-01A-11R-1723-07,0.34563449829142606,1
TCGA-MP-A4TE-01A-22R-A466-07,0.7892595352979844,1
TCGA-EB-A4IS-01A-21R-A266-07,0.8460360095019585,1
TCGA-AN-A0AS-01A-11R-A00Z-07,0.7103626262963346,1
TCGA-CW-5583-01A-02R-1541-07,0.354917562425788,1
TCGA-BH-A18T-01A-11R-A12D-07,0.7876357562702737,0
TCGA-E9-A22E-01A-11R-A157-07,0.7152294600460768,1
TCGA-A2-A1FW-01A-11R-A13Q-07,0.6450944060863518,1
TCGA-H6-A45N-01A-11R-A26U-07,0.3818243842313946,1
TCGA-A2-A0SW-01A-11R-A084-07,0.6380637524499272,0
TCGA-B0-5712-01A-11R-1672-07,0.6975378741860659,1
TCGA-85-8277-01A-11R-2296-07,0.5243729785372675,1
TCGA-E2-A1II-01A-11R-A144-07,0.8555955854194385,1
TCGA-24-2267-01A-01R-1568-13,0.6534578869974286,1
TCGA-77-8131-01A-11R-2247-07,0.8101655429577518,1
TCGA-3A-A9IZ-01A-12R-A41B-07,0.746292066952481,0
TCGA-55-7816-01A-11R-2170-07,0.8110406414026521,1
TCGA-AA-3509-01A-01R-1410-07,0.6051608668431676,1
TCGA-25-1322-01A-01R-1565-13,0.6510535038108194,1
TCGA-35-5375-01A-01R-1628-07,0.9118329167596751,1
TCGA-CJ-4918-01A-01R-1426-07,0.4745007444128684,1
TCGA-ED-A66X-01A-11R-A311-07,0.9292656039942611,1
TCGA-FV-A3I0-01A-11R-A22L-07,0.9859791809766993,0
TCGA-AO-A0JG-01A-31R-A084-07,0.49953899587164885,1
TCGA-XJ-A9DK-01A-11R-A37L-07,0.5358734508413755,1
TCGA-BH-A0BT-01A-11R-A12P-07,0.7482112094742344,1
TCGA-29-1783-01A-01R-1567-13,0.4633955493852633,0
TCGA-QG-A5Z1-01A-11R-A28H-07,0.7795454172898065,1
TCGA-F4-6805-01A-11R-1839-07,0.7340996525786564,1
TCGA-18-4086-01A-01R-1100-07,0.43435432222201587,1
TCGA-99-8028-01A-11R-2241-07,0.5978333265267346,1
TCGA-B0-5109-01A-02R-1420-07,0.9778864983462121,1
TCGA-E2-A1B6-01A-31R-A12P-07,0.879370529415971,1
TCGA-S4-A8RM-01A-11R-A37L-07,0.7591797705717326,1
TCGA-49-4486-01A-01R-1206-07,0.8505136584170234,1
TCGA-E9-A248-01A-11R-A169-07,0.6766348534113927,1
TCGA-IB-AAUR-01A-21R-A38C-07,0.549141168492091,1
TCGA-BC-A69I-01A-11R-A311-07,0.3123883309025007,1
TCGA-AC-A23G-01A-11R-A213-07,0.7518069767505485,0
TCGA-DD-AADG-01A-11R-A41C-07,0.24644430957478097,0
TCGA-A8-A08S-01A-11R-A034-07,0.5086349226119379,1
TCGA-D8-A27G-01A-11R-A16F-07,0.43546358973344446,1
TCGA-A2-A0YT-01A-11R-A109-07,0.5623480601331395,1
TCGA-2H-A9GH-01A-11R-A37I-31,0.7533913583017063,1
TCGA-GM-A4E0-01A-12R-A266-07,0.9003231461561682,1
TCGA-86-8358-01A-11R-2326-07,0.900325333546135,1
TCGA-39-5034-01A-01R-1443-07,0.8995705017024428,1
TCGA-E9-A1N3-01A-12R-A157-07,0.5905724662118361,1
TCGA-91-8496-01A-11R-2403-07,0.7197692040397282,1
TCGA-KC-A7FE-01A-12R-A33R-07,0.4687042845835453,1
TCGA-04-1655-01A-01R-1566-13,0.5869577618554401,1
TCGA-A4-7584-01A-11R-2139-07,0.4431951898907856,1
TCGA-HZ-7918-01A-11R-2156-07,0.7906245275812049,1
TCGA-AK-3440-01A-02R-1277-07,0.9916359085262255,0
TCGA-CZ-4857-01A-01R-1305-07,0.6155744233755174,1
TCGA-B9-4116-01A-02R-1351-07,0.9172102355658175,1
TCGA-DZ-6133-01A-11R-1965-07,0.5433945502262425,0
TCGA-J9-A52E-01A-11R-A26U-07,0.9637420570457441,1
TCGA-ER-A2NB-01A-12R-A18S-07,0.6086243509098715,1
TCGA-A3-3346-01A-01R-1766-07,0.9712790015438861,1
TCGA-3A-A9IO-01A-11R-A38C-07,0.9770472539789316,1
TCGA-BP-4325-01A-02R-1289-07,0.42413445350371387,1
TCGA-IB-7889-01A-11R-2156-07,0.5487279546934752,0
TCGA-A8-A07F-01A-11R-A00Z-07,0.48746616655954467,1
TCGA-78-7162-01A-21R-2066-07,0.6093862822947778,1
TCGA-IB-7644-01A-11R-2156-07,0.676783124312828,0
TCGA-36-1569-01A-01R-1566-13,0.7539900656299338,0
TCGA-52-7622-01A-11R-2125-07,0.5068391964491431,1
TCGA-69-8453-01A-12R-2326-07,0.6000015072433924,1
TCGA-OL-A66N-01A-12R-A31O-07,0.878746455464413,1
TCGA-CC-A9FV-01A-11R-A37K-07,0.9953243272424004,1
TCGA-XD-AAUI-01A-42R-A41B-07,0.44906781228349235,1
TCGA-GM-A2DN-01A-11R-A180-07,0.5828041987149235,0
TCGA-G3-A3CK-01A-11R-A213-07,0.4799409718457254,0
TCGA-BP-4771-01A-01R-1289-07,0.6806733281286752,0
TCGA-DD-AACO-01A-11R-A41C-07,0.5054601796457642,1
TCGA-75-7031-01A-11R-1949-07,0.6672614701028814,1
TCGA-24-1552-01A-01R-1566-13,0.6999388572176043,1
TCGA-85-8287-01A-11R-2296-07,0.6803917808373033,0
TCGA-AY-6197-01A-11R-1723-07,0.5833508216279751,1
TCGA-96-A4JK-01A-11R-A24Z-07,0.5773722242859334,1
TCGA-C8-A12Z-01A-11R-A115-07,0.549555120200499,1
TCGA-E9-A3Q9-01A-11R-A21T-07,0.7148839407262207,1
TCGA-AC-A8OR-01A-21R-A41B-07,0.8208572426550951,1
TCGA-44-5644-01A-21R-2039-07,0.8161004844784271,1
TCGA-A2-A0T3-01A-21R-A115-07,0.6208059474701489,1
TCGA-A4-8098-01A-11R-2404-07,0.813013138944939,1
TCGA-EB-A82C-01A-11R-A352-07,0.5942635843302337,0
TCGA-DM-A1D0-01A-11R-A155-07,0.6422768546430687,1
TCGA-BF-AAP1-01A-11R-A39D-07,0.6752946059212894,1
TCGA-S3-AA12-01A-11R-A41B-07,0.6233452949177564,0
TCGA-24-2024-01A-02R-1568-13,0.6203326061772002,1
TCGA-24-2026-01A-01R-1567-13,0.793340495249,1
TCGA-G7-6796-01A-11R-1965-07,0.6941681628526196,1
TCGA-AL-3473-01A-01R-1193-07,0.9009259156277736,1
TCGA-Y8-A894-01A-11R-A36F-07,0.6823447283205349,1
TCGA-22-5483-01A-01R-1820-07,0.6708354797704607,1
TCGA-CJ-4644-01A-02R-1325-07,0.5034006357739035,1
TCGA-22-5489-01A-01R-1635-07,0.6852929492195932,1
TCGA-D8-A1JP-01A-11R-A13Q-07,0.6051000998397221,0
TCGA-B9-A5W9-01A-11R-A28H-07,0.5821311384032315,1
TCGA-13-0886-01A-01R-1569-13,0.7111602251624638,1
TCGA-EB-A4P0-01A-41R-A266-07,0.6154458962664414,1
TCGA-G4-6307-01A-11R-1723-07,0.6769690596341198,0
TCGA-DD-AAEH-01A-11R-A41C-07,0.39231983773065787,1
TCGA-FV-A2QQ-01A-11R-A22L-07,0.28323790441290575,0
TCGA-MP-A4SW-01A-21R-A24X-07,0.5538775940832972,1
TCGA-P4-A5ED-01A-11R-A28H-07,0.932787070206007,1
TCGA-CA-6719-01A-11R-1839-07,0.7630316601640421,1
TCGA-AY-4071-01A-01R-1113-07,0.664476443290528,1
TCGA-B8-4622-01A-02R-1277-07,0.24520047669329728,1
TCGA-AO-A1KP-01A-11R-A13Q-07,0.6256707943193748,1
TCGA-A8-A081-01A-11R-A00Z-07,0.5088905399863843,0
TCGA-24-2262-01A-01R-1568-13,0.8462056030384476,1
TCGA-3A-A9I7-01A-21R-A38C-07,0.37195460385650997,1
TCGA-A2-A0CW-01A-21R-A115-07,0.7043145048131798,1
TCGA-UZ-A9Q0-01A-12R-A42S-07,0.45875989054330857,1
TCGA-56-8082-01A-11R-2247-07,0.5186071271230018,0
TCGA-39-5019-01A-01R-1820-07,0.44953217977931875,1
TCGA-G3-A5SI-01A-31R-A27V-07,0.46832650978635737,1
TCGA-A2-A0EX-01A-21R-A034-07,0.5804773291172218,1
TCGA-AR-A2LJ-01A-12R-A19W-07,0.8634584134894344,1
TCGA-R6-A6DN-01B-11R-A31P-31,0.7174203269977559,1
TCGA-B0-4842-01A-02R-1420-07,0.942541876947658,1
TCGA-90-A4EE-01A-11R-A24Z-07,0.6965566287046825,0
TCGA-DW-7834-01A-11R-2139-07,0.6740322315964036,1
TCGA-A3-3317-01A-02R-1325-07,0.665812705323205,1
TCGA-LN-A7HY-01A-12R-A354-31,0.8653941421452281,0
TCGA-B0-5080-01A-01R-1503-07,0.7188190257348621,1
TCGA-DD-AAW3-01A-11R-A41C-07,0.37537763829739806,1
TCGA-CM-5862-01A-01R-1653-07,0.8319864833411542,1
TCGA-G9-6494-01A-11R-1789-07,0.3748200281104118,0
TCGA-2J-AABT-01A-11R-A41B-07,0.5366926808867312,1
TCGA-AA-3693-01A-01R-0905-07,0.6266625060706796,0
TCGA-2V-A95S-01A-11R-A37K-07,0.7946163103400226,1
TCGA-44-7669-01A-21R-2066-07,0.7619746619973048,0
TCGA-BP-5008-01A-01R-1334-07,0.3427043081865637,1
TCGA-D5-6920-01A-11R-1928-07,0.49835037991436304,1
TCGA-K7-A5RG-01A-11R-A28V-07,0.9088606811274423,1
TCGA-BP-4795-01A-02R-1420-07,0.7045501063933888,1
TCGA-18-3419-01A-01R-0980-07,0.7004123354297599,0
TCGA-G9-6332-01A-11R-1789-07,0.5386379437836929,1
TCGA-56-8309-01A-11R-2296-07,0.7759855285031537,1
TCGA-AC-A23E-01A-11R-A157-07,0.4138313876758903,1
TCGA-BQ-7046-01A-11R-1965-07,0.4266205828401718,1
TCGA-AN-A0AT-01A-11R-A034-07,0.8710900592516706,1
TCGA-BH-A0E9-01B-11R-A115-07,0.41823820051604643,0
TCGA-AA-3663-01A-01R-1723-07,0.6066573512073995,1
TCGA-A2-A0YI-01A-31R-A10J-07,0.5153662002159078,1
TCGA-34-8456-01A-21R-2326-07,0.6441697162108189,1
TCGA-AR-A1AJ-01A-21R-A12P-07,0.7421398628256063,1
TCGA-44-6145-01A-11R-1755-07,0.593158618981994,1
TCGA-BP-4344-01A-01R-1289-07,0.4022474202014014,1
TCGA-5C-A9VH-01A-11R-A37K-07,0.7144630981750775,1
TCGA-62-8399-01A-21R-2326-07,0.6819587063946281,0
TCGA-A8-A08T-01A-21R-A00Z-07,0.5072912549145194,1
TCGA-56-7222-01A-11R-2045-07,0.476918770792798,0
TCGA-PZ-A5RE-01A-11R-A32O-07,0.5173383930985239,1
TCGA-EJ-5509-01A-01R-1580-07,0.5268309168199713,0
TCGA-58-8392-01A-11R-2326-07,0.42758416090456286,1
TCGA-18-5595-01A-01R-1635-07,0.6180381197164103,1
TCGA-29-1695-01A-01R-1567-13,0.819694402168026,1
TCGA-B0-4833-01A-01R-1305-07,0.6379015990155029,1
TCGA-D8-A27E-01A-11R-A16F-07,0.5240412934368568,0
TCGA-BH-A209-01A-11R-A157-07,0.7244367386216861,1
TCGA-BH-A0W4-01A-11R-A109-07,0.4071730441746784,0
TCGA-DV-5565-01A-01R-1541-07,0.8370827037250085,0
TCGA-94-A5I6-01A-21R-A27Q-07,0.39457944669757516,0
TCGA-61-1725-01A-01R-1567-13,0.6070119323065961,1
TCGA-B0-5098-01A-01R-1420-07,0.9937881737829056,1
TCGA-13-0905-01B-01R-1565-13,0.746871454277353,1
TCGA-AA-3667-01A-01R-0905-07,0.703162069897664,1
TCGA-D8-A1XC-01A-11R-A14D-07,0.5314201332366353,0
TCGA-J4-A6M7-01A-11R-A31N-07,0.3623274685587565,1
TCGA-24-1544-01A-01R-1566-13,0.5628166490868888,0
TCGA-YL-A9WJ-01A-11R-A37L-07,0.4936200094392537,1
TCGA-29-1785-01A-01R-1567-13,0.6512110434614804,0
TCGA-98-8020-01A-11R-2247-07,0.6462278849238653,0
TCGA-XJ-A9DQ-01A-11R-A37L-07,0.37801321555515016,0
TCGA-C8-A8HP-01A-11R-A36F-07,0.8346089456610204,1
TCGA-B0-5096-01A-01R-1420-07,0.9094208667110728,1
TCGA-E9-A3QA-01A-61R-A22K-07,0.910268456492081,1
TCGA-BH-A0WA-01A-11R-A109-07,0.7394890688790706,1
TCGA-66-2791-01A-01R-0980-07,0.5270454642529325,1
TCGA-BH-A0HN-01A-11R-A10U-07,0.788742971216559,1
TCGA-F4-6463-01A-11R-1723-07,0.7296965053097246,0
TCGA-A2-A1FZ-01A-51R-A14D-07,0.48075009109304534,1
TCGA-VP-AA1N-01A-31R-A41O-07,0.7280129533658727,1
TCGA-A3-3359-01A-01R-0864-07,0.24208988795691666,1
TCGA-AN-A049-01A-21R-A00Z-07,0.5230143627266255,1
TCGA-CZ-5462-01A-01R-1503-07,0.8015077692531049,1
TCGA-CM-6165-01A-11R-1653-07,0.7074703249262027,1
TCGA-DD-A3A3-01A-11R-A22L-07,0.3027547422986533,1
TCGA-AO-A125-01A-11R-A10J-07,0.7094018877586687,1
TCGA-69-7760-01A-11R-2170-07,0.7189740221213936,1
TCGA-KC-A7FD-01A-11R-A33R-07,0.6302823700737519,0
TCGA-UZ-A9PK-01A-11R-A38C-07,0.258248445298064,1
TCGA-62-8398-01A-11R-2326-07,0.6602514388606695,1
TCGA-B0-4698-01A-01R-1503-07,0.9938346165942445,1
TCGA-L5-A88V-01A-11R-A354-31,0.7705340413719851,1
TCGA-3A-A9IX-01A-11R-A41B-07,0.4724946944892818,1
TCGA-55-A4DG-01A-11R-A24H-07,0.6231873551346365,1
TCGA-EW-A424-01A-11R-A24H-07,0.7543346447632525,1
TCGA-60-2706-01A-01R-0851-07,0.7680041093169043,1
TCGA-IA-A40U-01A-11R-A24Z-07,0.4323079911221709,1
TCGA-GM-A3XG-01A-31R-A24H-07,0.8601747794853737,0
TCGA-ZR-A9CJ-01B-11R-A38D-31,0.7325809380625349,1
TCGA-BH-A18G-01A-11R-A12D-07,0.827226926866663,1
TCGA-G9-6384-01A-11R-1789-07,0.5292842149571299,0
TCGA-67-6216-01A-11R-1755-07,0.5605068499910365,1
TCGA-13-1488-01A-01R-1565-13,0.7123220394011648,1
TCGA-G9-6343-01A-21R-1965-07,0.6201670899536981,1
TCGA-90-A59Q-01A-11R-A26W-07,0.8841702340567876,1
TCGA-CW-5580-01A-01R-1672-07,0.45249268572025053,1
TCGA-25-1625-01A-01R-1566-13,0.8539984993163263,1
TCGA-EJ-A8FS-01A-11R-A352-07,0.4259938412775349,1
TCGA-CM-6164-01A-11R-1653-07,0.4519041875108875,0
TCGA-29-1763-01A-02R-1567-13,0.5922620183734547,0
TCGA-97-7941-01A-11R-2187-07,0.6570142681928648,1
TCGA-B0-4696-01A-01R-1277-07,0.9978150908631587,1
TCGA-AA-3675-01A-02R-0905-07,0.6038777186150797,1
TCGA-HC-A6AS-01A-11R-A30B-07,0.8480737676063874,1
TCGA-LN-A7HW-01A-22R-A354-31,0.62024716904709,1
TCGA-50-6595-01A-12R-1858-07,0.7173220010985496,0
TCGA-05-4433-01A-22R-1858-07,0.6435107503702077,1
TCGA-B0-5113-01A-01R-1420-07,0.40854512776892327,1
TCGA-OL-A66I-01A-21R-A29R-07,0.8886739444024153,1
TCGA-GM-A2DL-01A-11R-A18M-07,0.6837848589170114,1
TCGA-10-0934-01A-02R-1564-13,0.9032260784130043,1
TCGA-B1-5398-01A-02R-1592-07,0.8020602418739278,1
TCGA-09-1667-01C-01R-1566-13,0.5689708569022528,1
TCGA-69-7979-01A-11R-2187-07,0.7753544399955649,1
TCGA-22-1017-01A-01R-0692-07,0.8701852367179116,1
TCGA-BP-4759-01A-01R-1289-07,0.654001747171986,1
TCGA-ED-A459-01A-11R-A266-07,0.7977346807686972,1
TCGA-EB-A51B-01A-11R-A27Q-07,0.6673275415638165,1
TCGA-CW-6090-01A-11R-1672-07,0.6115477490056351,1
TCGA-AA-3968-01A-01R-1022-07,0.5995920631917947,1
TCGA-85-8276-01A-11R-2296-07,0.5697984278261079,1
TCGA-D5-6924-01A-11R-1928-07,0.6948344322222354,1
TCGA-95-7947-01A-11R-2187-07,0.753001756574748,1
TCGA-50-5932-01A-11R-1755-07,0.7453560890583345,1
TCGA-G9-6342-01A-11R-1965-07,0.2771430394713887,1
TCGA-BH-A0H9-01A-11R-A056-07,0.5725032591727726,1
TCGA-AR-A24X-01A-11R-A169-07,0.36399918513863344,1
TCGA-A4-A5Y1-01A-11R-A28H-07,0.8714887707916653,1
TCGA-AR-A1AV-01A-21R-A12P-07,0.37933778072902785,1
TCGA-33-4582-01A-01R-1443-07,0.7610846541853913,1
TCGA-A7-A0DC-01B-04R-A22O-07,0.8318911234736345,1
TCGA-E9-A245-01A-22R-A16F-07,0.6222635602622485,1
TCGA-LN-A49Y-01A-11R-A260-31,0.8287743726915434,1
TCGA-BP-4960-01A-01R-1334-07,0.6639330744022893,1
TCGA-CJ-4641-01A-02R-1325-07,0.4886209770905822,1
TCGA-55-7281-01A-11R-2039-07,0.5761710234048962,1
TCGA-AA-3870-01A-01R-1022-07,0.8071614356924067,1
TCGA-MI-A75E-01A-11R-A32O-07,0.42182319221501513,1
TCGA-DD-A1EF-01A-11R-A131-07,0.8876057593999614,1
TCGA-VR-A8EX-01A-11R-A36D-31,0.6458151423578977,1
TCGA-56-8504-01A-11R-2403-07,0.5598836092228913,1
TCGA-MG-AAMC-01A-11R-A41O-07,0.7406647781258302,0
TCGA-56-A49D-01A-11R-A24H-07,0.7404182522642022,1
TCGA-39-5022-01A-21R-1820-07,0.6868009905209436,0
TCGA-55-7573-01A-11R-2039-07,0.505336843134569,0
TCGA-13-0730-01A-01R-1564-13,0.7103407064801573,1
TCGA-D5-6538-01A-11R-1723-07,0.6495743341772706,1
TCGA-2Y-A9GU-01A-11R-A38B-07,0.5040389983690665,0
TCGA-YL-A8HJ-01A-11R-A36G-07,0.6490392622492455,1
TCGA-05-4396-01A-21R-1858-07,0.7607820362558201,1
TCGA-E2-A1LL-01A-11R-A144-07,0.9238653449974731,1
TCGA-24-2281-01A-01R-1568-13,0.5057743383990437,1
TCGA-33-A4WN-01A-11R-A262-07,0.4987906445818965,1
TCGA-CZ-5985-01A-11R-1672-07,0.6150686170151414,1
TCGA-GN-A263-01A-11R-A18T-07,0.9458473095526159,1
TCGA-E9-A1RE-01A-11R-A157-07,0.5897019665050177,1
TCGA-E2-A15M-01A-11R-A12D-07,0.4786230683265008,0
TCGA-HC-8262-01A-11R-2263-07,0.3328889514584555,1
TCGA-DM-A0X9-01A-11R-A155-07,0.4534539095363278,1
TCGA-A7-A4SC-01A-12R-A266-07,0.6446136293583332,0
TCGA-AN-A04A-01A-21R-A034-07,0.5250340317668202,0
TCGA-QA-A7B7-01A-11R-A32O-07,0.8230631086089264,1
TCGA-29-2427-01A-01R-1569-13,0.7744813262015958,0
TCGA-25-1633-01A-01R-1566-13,0.8569670057875941,1
TCGA-85-A510-01A-11R-A26W-07,0.8537585908969642,1
TCGA-75-5147-01A-01R-1628-07,0.6306246741977464,0
TCGA-D3-A5GT-01A-12R-A311-07,0.6547497770205195,1
TCGA-49-AARR-01A-11R-A41B-07,0.6887875858552085,1
TCGA-CH-5740-01A-11R-1580-07,0.5393535440693944,1
TCGA-BH-A0W3-01A-11R-A109-07,0.49737216419859964,1
TCGA-13-1487-01A-01R-1565-13,0.5417508749221374,1
TCGA-CZ-5464-01A-01R-1503-07,0.4392546367493853,0
TCGA-HC-A8D1-01A-11R-A36G-07,0.33452052797487647,1
TCGA-13-0884-01B-01R-1565-13,0.45686588401931233,0
TCGA-D8-A1JD-01A-11R-A13Q-07,0.47077372896567926,1
TCGA-61-2009-01A-01R-1568-13,0.6951068553586449,0
TCGA-J4-A67N-01A-11R-A30B-07,0.8422251800587593,1
TCGA-66-2788-01A-01R-0980-07,0.5273804978243104,1
TCGA-EJ-5501-01A-01R-1580-07,0.49758206541108185,1
TCGA-BC-4072-01B-11R-A155-07,0.9652218872577087,1
TCGA-LN-A5U7-01A-11R-A31P-31,0.3355840868360711,1
TCGA-IG-A4QT-01A-21R-A260-31,0.9190847772847274,1
TCGA-YL-A9WX-01A-21R-A41O-07,0.6290049495920584,1
TCGA-3A-A9IL-01A-11R-A38C-07,0.9648064709268594,1
TCGA-AD-6965-01A-11R-1928-07,0.4813950646857762,1
TCGA-60-2704-01A-11R-2045-07,0.7737737892157888,1
TCGA-AA-3514-01A-02R-0821-07,0.8670046241040708,1
TCGA-IB-A5ST-01A-11R-A32O-07,0.5518537655788244,1
TCGA-BH-A0DQ-01A-11R-A084-07,0.5559978474760977,1
TCGA-D8-A1XY-01A-11R-A14M-07,0.48449510700422854,1
TCGA-ZG-A9LB-01A-11R-A41O-07,0.9184706969055106,1
TCGA-L5-A4OR-01A-11R-A260-31,0.5464520094944089,1
TCGA-LD-A74U-01A-13R-A33J-07,0.695615341254234,1
TCGA-B8-4148-01A-02R-1325-07,0.4517517504595633,1
TCGA-77-8009-01A-11R-2187-07,0.6060973989639955,1
TCGA-55-7574-01A-11R-2039-07,0.567664092814039,1
TCGA-XA-A8JR-01A-11R-A36G-07,0.2524196143652421,0
TCGA-B0-5095-01A-01R-1420-07,0.5570599700823186,1
TCGA-NC-A5HE-01A-11R-A26W-07,0.7832310535764805,1
TCGA-RC-A6M4-01A-11R-A32O-07,0.24877083741426959,1
TCGA-EJ-A8FN-01A-11R-A352-07,0.35102532077140386,1
TCGA-2Z-A9JK-01A-11R-A42S-07,0.8859996156866219,1
TCGA-69-8254-01A-11R-2287-07,0.5707135279688386,0
TCGA-67-6217-01A-11R-1755-07,0.458462745814398,1
TCGA-55-7994-01A-11R-2187-07,0.6567412086229975,1
TCGA-55-8090-01A-11R-2241-07,0.5275491060623141,0
TCGA-LN-A5U5-01A-21R-A28J-31,0.7977653517535221,1
TCGA-66-2768-01A-01R-0851-07,0.6104606012740557,1
TCGA-WQ-AB4B-01A-11R-A41C-07,0.31843768787976584,1
TCGA-77-6844-01A-11R-1949-07,0.5764412307125049,1
TCGA-A8-A07Z-01A-11R-A00Z-07,0.7132932122623584,1
TCGA-AA-3977-01A-01R-1022-07,0.526020266509238,0
TCGA-AC-A3W7-01A-11R-A22K-07,0.6635755658558417,1
TCGA-CC-5263-01A-01R-A131-07,0.9835074494101624,1
TCGA-18-3411-01A-01R-0980-07,0.5978814446093467,1
TCGA-DM-A0XD-01A-12R-A155-07,0.5621851568700936,0
TCGA-OL-A5RU-01A-11R-A28M-07,0.6643823952859099,1
TCGA-33-AASB-01A-11R-A405-07,0.8592057030767783,1
TCGA-B6-A0RG-01A-11R-A056-07,0.5569537582768913,1
TCGA-DD-AAC8-01A-11R-A41C-07,0.757534889569675,1
TCGA-VP-A87D-01A-11R-A352-07,0.5698785895400722,1
TCGA-BH-A0HX-01A-21R-A056-07,0.5840986021498684,1
TCGA-BP-4353-01A-02R-1289-07,0.44608873480936895,0
TCGA-66-2793-01A-01R-1201-07,0.812638711837201,1
TCGA-E2-A15A-01A-11R-A12D-07,0.5004375265049774,1
TCGA-61-2094-01A-01R-1568-13,0.8254332161614251,0
TCGA-AA-3502-01A-01R-1410-07,0.6070374811514858,1
TCGA-E9-A22G-01A-11R-A157-07,0.8495464631199964,1
TCGA-A3-3325-01A-01R-0864-07,0.3296672267867121,0
TCGA-BP-4176-01A-02R-1289-07,0.5169516799033552,1
TCGA-09-1669-01A-01R-1566-13,0.4461404554746266,1
TCGA-04-1365-01A-01R-1565-13,0.5240939280343523,1
TCGA-2Z-A9JS-01A-21R-A42S-07,0.38626769032246344,1
TCGA-AR-A0U4-01A-11R-A109-07,0.8210892845337137,1
TCGA-B0-5713-01A-11R-1672-07,0.3065519913954813,0
TCGA-L3-A4E7-01A-11R-A24Z-07,0.7354358037798648,1
TCGA-G7-6795-01A-11R-1965-07,0.5610110334414057,0
TCGA-AY-5543-01A-01R-1653-07,0.5182751451805581,0
TCGA-G4-6294-01A-11R-1774-07,0.5439242333644584,1
TCGA-CM-5344-01A-21R-1723-07,0.6510894382404644,0
TCGA-TK-A8OK-01A-22R-A36G-07,0.8804955205575763,0
TCGA-VR-AA4G-01A-11R-A37I-31,0.4811493148899496,1
TCGA-JY-A93C-01A-11R-A38D-31,0.7722930015016158,1
TCGA-G9-6356-01A-11R-1789-07,0.40303288170717805,0
TCGA-A2-A0ER-01A-21R-A034-07,0.4872911039082389,1
TCGA-62-A46O-01A-11R-A24H-07,0.8519760531127956,1
TCGA-BQ-5885-01A-11R-1592-07,0.7897096749517816,1
TCGA-E2-A1IN-01A-11R-A13Q-07,0.4297231724490112,1
TCGA-NJ-A55R-01A-11R-A262-07,0.6542513981530831,0
TCGA-A3-3383-01A-02R-1325-07,0.924796110284526,1
TCGA-B4-5844-01A-11R-1672-07,0.4401958643715635,1
TCGA-CJ-5676-01A-11R-1541-07,0.6281396318702125,1
TCGA-MH-A561-01A-11R-A26U-07,0.5012662403205262,1
TCGA-96-A4JL-01A-11R-A24Z-07,0.7857920256937238,0
TCGA-KK-A6DY-01A-12R-A311-07,0.5935595324422279,1
TCGA-2Z-A9JP-01A-11R-A42S-07,0.39814545828497233,1
TCGA-VR-A8ER-01A-11R-A36D-31,0.6405250990956908,1
TCGA-24-2288-01A-01R-1568-13,0.7673399523524704,1
TCGA-A8-A0AD-01A-11R-A056-07,0.4900857751400815,1
TCGA-B6-A0IQ-01A-11R-A034-07,0.8373219592611137,1
TCGA-DM-A28A-01A-21R-A32Y-07,0.5576883691735413,1
TCGA-09-0369-01A-01R-1564-13,0.7404620416454598,1
TCGA-G7-A8LD-01A-11R-A36F-07,0.9697472684575981,1
TCGA-A4-7732-01A-11R-2139-07,0.46399595770255525,1
TCGA-QU-A6IP-01A-11R-A31N-07,0.32471413958729806,1
TCGA-DD-A1EG-01A-11R-A213-07,0.5057037705508342,0
TCGA-BP-5004-01A-01R-1334-07,0.4427557057579872,0
TCGA-BP-5006-01A-01R-1334-07,0.31980620536522797,1
TCGA-A6-6781-01A-22R-A278-07,0.9875843690884899,1
TCGA-CA-5255-01A-11R-1839-07,0.5142426896050551,0
TCGA-66-2782-01A-01R-0851-07,0.6916035546446277,1
TCGA-MP-A4SY-01A-21R-A24X-07,0.5598133642640101,1
TCGA-44-3398-01A-01R-1107-07,0.7443647310886947,1
TCGA-97-8171-01A-11R-2287-07,0.8529116983070975,1
TCGA-BH-A0BG-01A-11R-A115-07,0.8021167099319905,0
TCGA-B0-4834-01A-01R-1305-07,0.9550391201390726,0
TCGA-A2-A25B-01A-11R-A169-07,0.4672877193943225,1
TCGA-70-6723-01A-11R-1820-07,0.578396128189513,1
TCGA-KK-A8IJ-01A-11R-A352-07,0.3607413205158924,1
TCGA-CZ-5986-01A-11R-1672-07,0.6349015626211834,1
TCGA-BH-A1EN-01A-11R-A13Q-07,0.7518788127077282,1
TCGA-CH-5768-01A-11R-1580-07,0.6071756854663614,1
TCGA-B0-4846-01A-01R-1277-07,0.32355168193323924,1
TCGA-E2-A2P6-01A-11R-A19W-07,0.696284415038462,1
TCGA-AK-3434-01A-02R-1277-07,0.41075505734653933,1
TCGA-WW-A8ZI-01A-11R-A37L-07,0.7316365811448636,1
TCGA-56-7730-01A-11R-2125-07,0.6094507375059003,1
TCGA-3A-A9I9-01A-11R-A38C-07,0.538991339479438,0
TCGA-EP-A2KC-01A-11R-A213-07,0.46686715030656817,1
TCGA-AO-A1KO-01A-31R-A13Q-07,0.8073669697118896,1
TCGA-BH-A18K-01A-11R-A12D-07,0.5305916130785637,1
TCGA-D8-A147-01A-11R-A115-07,0.7553914143729705,1
TCGA-24-0979-01A-01R-1565-13,0.4923781777915129,0
TCGA-HC-7821-01A-12R-2118-07,0.7073604774214326,1
TCGA-3A-A9IU-01A-11R-A39D-07,0.5287366594926257,1
TCGA-AC-A3QP-01A-11R-A22U-07,0.8355929603517867,1
TCGA-E9-A226-01A-21R-A157-07,0.49850896094851327,1
TCGA-MP-A4T7-01A-11R-A24X-07,0.6282748936009959,1
TCGA-HE-7129-01A-11R-1965-07,0.4197844705525905,1
TCGA-91-7771-01A-11R-2170-07,0.5754932588067593,1
TCGA-CC-A7IK-01A-12R-A33R-07,0.8586664351492226,1
TCGA-AD-6895-01A-11R-1928-07,0.7368392532153146,1
TCGA-2Z-A9JN-01A-21R-A42S-07,0.9002970737768873,1
TCGA-Y8-A898-01A-11R-A355-07,0.37697810596764275,1
TCGA-24-1545-01A-01R-1566-13,0.7802346993912166,1
TCGA-60-2711-01A-01R-0851-07,0.5137478952361059,1
TCGA-US-A77G-01A-11R-A32O-07,0.6705916053986622,1
TCGA-44-5645-01B-04R-A277-07,0.9053628257008397,1
TCGA-23-1109-01A-01R-1564-13,0.5043560123410045,1
TCGA-DD-A1EJ-01A-11R-A155-07,0.7244470936830373,1
TCGA-CK-6748-01A-11R-1839-07,0.7792245851975718,0
TCGA-HE-A5NH-01A-11R-A26U-07,0.39800595994293814,0
TCGA-LL-A50Y-01A-11R-A266-07,0.8132490414344696,1
TCGA-BP-5173-01A-01R-1426-07,0.6295689248523908,0
TCGA-V1-A9O7-01A-21R-A41O-07,0.7626491798744276,0
TCGA-L5-A4OJ-01A-11R-A260-31,0.741607530883895,1
TCGA-05-4434-01A-01R-1206-07,0.5383146905990485,1
TCGA-AZ-4682-01B-01R-A32Z-07,0.4652549641337574,1
TCGA-D8-A1J9-01A-11R-A13Q-07,0.5049321211376637,1
TCGA-CH-5746-01A-11R-1580-07,0.3730941435963214,0
TCGA-KV-A6GD-01A-11R-A31O-07,0.6059271258845746,1
TCGA-B0-4707-01A-01R-1277-07,0.9202333162785912,1
TCGA-58-8393-01A-11R-2326-07,0.5713307567691086,1
TCGA-FV-A495-01A-11R-A266-07,0.3649040171317422,1
TCGA-99-8033-01A-11R-2241-07,0.6146110429933546,1
TCGA-77-8139-01A-11R-2247-07,0.584249877480273,1
TCGA-ED-A5KG-01A-11R-A27V-07,0.9939241931337799,1
TCGA-94-7033-01A-11R-1949-07,0.7929917173448842,1
TCGA-AA-3530-01A-01R-1022-07,0.602339821800109,1
TCGA-ZG-A9L1-01A-11R-A41O-07,0.8699663158116849,1
TCGA-FR-A3R1-01A-11R-A239-07,0.8142507184738661,1
TCGA-2Z-A9JL-01A-11R-A42S-07,0.6240312712355781,1
TCGA-20-0987-01A-02R-1564-13,0.8187049480109831,0
TCGA-59-2363-01A-01R-1569-13,0.7227703714527571,1
TCGA-24-1419-01A-01R-1565-13,0.6443363250295109,1
TCGA-BH-A1FH-01A-12R-A13Q-07,0.6840507065493767,1
TCGA-B6-A0IA-01A-11R-A034-07,0.8001078606691502,1
TCGA-98-7454-01A-11R-2045-07,0.8446257640552142,0
TCGA-5P-A9JZ-01A-11R-A42S-07,0.3244620969906194,1
TCGA-55-6984-01A-11R-1949-07,0.6878305965767366,1
TCGA-HC-8264-01B-11R-2403-07,0.7386819972124128,1
TCGA-G4-6314-01A-11R-1723-07,0.7408842331771047,1
TCGA-68-8250-01A-11R-2296-07,0.6214686901887305,1
TCGA-29-1769-01A-01R-1567-13,0.5978864957285405,0
TCGA-EU-5905-01A-11R-1672-07,0.5616456108838337,1
TCGA-F9-A7Q0-01A-11R-A36F-07,0.6564551305192025,1
TCGA-DD-AACN-01A-11R-A41C-07,0.8503242770990981,0
TCGA-A8-A079-01A-21R-A00Z-07,0.6775230248051909,1
TCGA-D8-A1JN-01A-11R-A13Q-07,0.6476900780480445,1
TCGA-A8-A08B-01A-11R-A00Z-07,0.5969448167652959,1
TCGA-JY-A6FD-01A-11R-A336-31,0.5160094745115046,1
TCGA-A8-A086-01A-11R-A00Z-07,0.49690408574414996,1
TCGA-13-2060-01A-01R-1568-13,0.7277149406701965,1
TCGA-HC-8265-01B-04R-2302-07,0.9982362377896199,1
TCGA-S4-A8RP-01A-11R-A36G-07,0.36403548326511004,1
TCGA-A8-A09Z-01A-11R-A00Z-07,0.8090004678220538,1
TCGA-CK-6751-01A-11R-1839-07,0.3639386115252779,0
TCGA-RB-A7B8-01A-12R-A33R-07,0.36548180979662703,1
TCGA-68-7755-01A-11R-2125-07,0.45239411281177233,0
TCGA-66-2759-01A-01R-0851-07,0.44278867456943183,1
TCGA-AA-A00J-01A-02R-A002-07,0.6863290869142081,1
TCGA-L5-A8NL-01A-12R-A37I-31,0.7337585824283206,1
TCGA-24-1557-01A-01R-1566-13,0.5683251166118984,1
TCGA-A7-A3IY-01A-21R-A21T-07,0.7794251351844036,1
TCGA-B8-4151-01A-01R-1188-07,0.7276590392714142,1
TCGA-61-1914-01A-01R-1567-13,0.6474438095185884,1
TCGA-IG-A3Y9-01A-12R-A24K-31,0.7841563376686828,1
TCGA-L5-A891-01A-11R-A36D-31,0.8775413082782686,1
TCGA-BP-4983-01A-01R-1334-07,0.9643086686850242,1
TCGA-04-1514-01A-01R-1566-13,0.7808056832752429,1
TCGA-NJ-A55A-01A-11R-A262-07,0.5018197797326709,1
TCGA-A8-A09I-01A-22R-A034-07,0.4956733038824217,1
TCGA-AR-A251-01A-12R-A169-07,0.7863724477903202,1
TCGA-60-2715-01A-01R-0851-07,0.8151597283246009,1
TCGA-D9-A4Z3-01A-11R-A266-07,0.8475689957564972,1
TCGA-E2-A14Q-01A-11R-A12D-07,0.44780985128148415,0
TCGA-EW-A1P7-01A-21R-A144-07,0.8414315018769943,1
TCGA-HV-AA8X-01A-11R-A39D-07,0.7177986213330704,1
TCGA-ZG-A9L4-01A-11R-A41O-07,0.70645887410906,1
TCGA-VN-A88L-01A-11R-A352-07,0.4137279065241762,1
TCGA-Z7-A8R5-01A-42R-A41B-07,0.894801489839196,1
TCGA-IG-A51D-01A-11R-A36D-31,0.5816678116367338,0
TCGA-5P-A9K9-01A-11R-A42S-07,0.9341649067551931,1
TCGA-23-1114-01B-01R-1566-13,0.6538576723890303,1
TCGA-IZ-A6M9-01A-11R-A31O-07,0.4717063077755261,1
TCGA-44-2662-01B-02R-A277-07,0.8318660084929882,1
TCGA-A8-A08C-01A-11R-A00Z-07,0.4675448856027848,1
TCGA-36-1568-01A-01R-1566-13,0.7216456777806244,1
TCGA-MN-A4N1-01A-11R-A24X-07,0.7095076965320286,0
TCGA-C8-A12X-01A-11R-A115-07,0.746733891375965,1
TCGA-63-5131-01A-01R-1443-07,0.6306208956853349,1
TCGA-G9-6499-01A-12R-1965-07,0.5189463129178495,1
TCGA-L5-A43M-01A-11R-A24K-31,0.7384998593218369,1
TCGA-C8-A275-01A-21R-A16F-07,0.6717329726565651,1
TCGA-A6-5664-01A-21R-1839-07,0.792815555581864,0
TCGA-4B-A93V-01A-11R-A39D-07,0.8807329073062145,1
TCGA-G9-6364-01A-21R-1789-07,0.6910839143357719,1
TCGA-YH-A8SY-01A-11R-A37L-07,0.5199623939629964,1
TCGA-BP-4760-01A-02R-1420-07,0.7103777477902283,1
TCGA-DD-AAVU-01A-11R-A41C-07,0.27126358449143256,1
TCGA-XN-A8T5-01A-12R-A36G-07,0.43248518641205164,0
TCGA-55-8207-01A-11R-2241-07,0.5496112137968204,1
TCGA-DD-AAVV-01A-11R-A41C-07,0.7409164939930234,1
TCGA-FV-A2QR-01A-11R-A213-07,0.5374153765808171,1
TCGA-DD-AAEE-01A-11R-A41C-07,0.35852722614041743,1
TCGA-B8-5159-01A-01R-1420-07,0.4858959819564584,1
TCGA-2A-A8VX-01A-11R-A37L-07,0.6021487694827606,0
TCGA-AA-A03F-01A-11R-A16W-07,0.8505839363752384,1
TCGA-91-8497-01A-11R-2403-07,0.5754355177656069,1
TCGA-EW-A1OV-01A-11R-A144-07,0.7140235267919237,0
TCGA-XP-A8T8-01A-11R-A36D-31,0.5428506406199587,1
TCGA-61-1736-01B-01R-1568-13,0.6761844718156422,0
TCGA-20-1682-01A-01R-1564-13,0.8236218264361899,1
TCGA-FB-AAPQ-01A-11R-A41B-07,0.7467948330318238,1
TCGA-AA-3950-01A-02R-1022-07,0.8795155102513814,1
TCGA-CK-4951-01A-01R-1410-07,0.7061343545496067,1
TCGA-BH-A0RX-01A-21R-A084-07,0.8522326266903075,0
TCGA-CJ-5671-01A-11R-1541-07,0.6239789116573369,1
TCGA-EW-A1IY-01A-11R-A13Q-07,0.577743663683369,1
TCGA-E2-A1IE-01A-11R-A13Q-07,0.5126528184718331,1
TCGA-HI-7170-01A-11R-2118-07,0.796463428309,0
TCGA-A3-A6NL-01A-11R-A33J-07,0.36203874796722013,1
TCGA-EW-A1PD-01A-11R-A144-07,0.5829098535178403,1
TCGA-B6-A0IO-01A-11R-A034-07,0.6465994374949693,0
TCGA-50-5931-01A-11R-1755-07,0.9089459912976944,1
TCGA-HZ-A4BH-01A-11R-A26U-07,0.5912723785458969,1
TCGA-ZG-A9KY-01A-11R-A41O-07,0.9134864798423596,1
TCGA-EJ-5507-01A-01R-1580-07,0.887579265806432,1
TCGA-CH-5751-01A-11R-1580-07,0.9856423904544206,1
TCGA-AA-3844-01A-01R-1022-07,0.4031892815488974,1
TCGA-EB-A57M-01A-51R-A311-07,0.4576522030931207,1
TCGA-BP-4351-01A-01R-1289-07,0.6614750813558843,0
TCGA-DD-A11B-01A-11R-A131-07,0.6887924378509632,1
TCGA-BQ-7045-01A-31R-1965-07,0.5174221675088843,0
TCGA-BH-A0BD-01A-11R-A034-07,0.5293267796443404,1
TCGA-BQ-5881-01A-11R-1592-07,0.5685853133728165,1
TCGA-25-1871-01A-01R-1567-13,0.6743959118732631,1
TCGA-61-1740-01A-01R-1567-13,0.6430264199854238,1
TCGA-33-AASJ-01A-11R-A405-07,0.5992374584078226,1
TCGA-CC-A123-01A-11R-A131-07,0.5493645193713593,1
TCGA-YG-AA3N-01A-11R-A38C-07,0.3894827209605098,0
TCGA-E2-A156-01A-11R-A12D-07,0.4169859490565369,0
TCGA-EW-A1PB-01A-11R-A144-07,0.9290355465422732,0
TCGA-XK-AAJT-01A-11R-A41O-07,0.6545261369627056,1
TCGA-EB-A550-01A-61R-A27Q-07,0.948319134755428,1
TCGA-S3-A6ZF-01A-32R-A32P-07,0.584455623918794,1
TCGA-13-1408-01A-01R-1565-13,0.658337167177661,1
TCGA-29-1690-01A-01R-1566-13,0.8939571973098043,1
TCGA-05-4425-01A-01R-1755-07,0.6261972682575495,1
TCGA-X8-AAAR-01A-11R-A406-31,0.8302002590541079,1
TCGA-JL-A3YX-01A-11R-A22U-07,0.7541880144915852,1
TCGA-IG-A3YA-01A-11R-A24K-31,0.6250444868660006,0
TCGA-HV-AA8V-01A-11R-A41B-07,0.397570543736896,1
TCGA-IB-AAUO-01A-12R-A38C-07,0.6999818182168583,1
TCGA-B6-A0I8-01A-11R-A034-07,0.5788185005407348,1
TCGA-FB-A545-01A-11R-A26U-07,0.6483117146166505,1
TCGA-BH-A18H-01A-11R-A12D-07,0.609058027096029,1
TCGA-AK-3445-01A-02R-1277-07,0.6496144334003381,1
TCGA-25-1317-01A-01R-1565-13,0.626680104386046,1
TCGA-BP-5200-01A-01R-1426-07,0.5131615015314933,1
TCGA-E9-A5FK-01A-11R-A27Q-07,0.8757774848082552,1
TCGA-BH-A1EW-01A-11R-A137-07,0.49422550939097937,1
TCGA-NC-A5HN-01A-11R-A26W-07,0.5057843734177372,1
TCGA-13-0760-01A-01R-1564-13,0.7297238012785878,0
TCGA-AA-3970-01A-01R-1022-07,0.514889727720088,0
TCGA-YL-A9WI-01A-11R-A37L-07,0.7670263071248454,1
TCGA-AA-A01T-01A-21R-A16W-07,0.636175392033767,1
TCGA-AN-A0G0-01A-11R-A034-07,0.8015734220153683,1
TCGA-77-A5GB-01B-11R-A27Q-07,0.6286904325425872,1
TCGA-85-8481-01A-11R-2326-07,0.6871072712711631,0
TCGA-E2-A107-01A-11R-A10J-07,0.635284846825756,1
TCGA-J2-8192-01A-11R-2241-07,0.5433035638031835,1
TCGA-Z7-A8R6-01A-11R-A41B-07,0.6828330531491562,1
TCGA-B8-4153-01B-11R-1672-07,0.5071542711764415,1
TCGA-BH-A0AY-01A-21R-A00Z-07,0.6204263196327036,1
TCGA-A1-A0SQ-01A-21R-A144-07,0.6615941386637788,1
TCGA-22-5477-01A-01R-1635-07,0.553642222632782,1
TCGA-AA-A02K-01A-03R-A32Y-07,0.6580277338247238,1
TCGA-AA-3531-01A-01R-0821-07,0.5249901010403966,1
TCGA-85-8351-01A-11R-2296-07,0.5643265238383146,1
TCGA-R6-A8WG-01A-11R-A37I-31,0.7171762405001432,1
TCGA-2J-AABR-01A-11R-A41B-07,0.34911848165656745,1
TCGA-CJ-4884-01A-01R-1305-07,0.4850550373228128,1
TCGA-XV-A9W2-01A-11R-A39D-07,0.8382663548677136,1
TCGA-DD-A11A-01A-11R-A131-07,0.5353549433591517,0
TCGA-38-4631-01A-01R-1755-07,0.8611689401615145,1
TCGA-V1-A8MM-01A-11R-A37L-07,0.7255264747823775,1
TCGA-13-0726-01A-01R-1564-13,0.7273278280046176,1
TCGA-HZ-8005-01A-11R-2204-07,0.7988461328478442,1
TCGA-BH-A18J-01A-11R-A12D-07,0.6089531491772179,1
TCGA-60-2708-01A-01R-0851-07,0.6532358662696192,1
TCGA-AO-A1KT-01A-11R-A13Q-07,0.6081622920290067,1
TCGA-A2-A3KC-01A-11R-A213-07,0.5717532777711685,1
TCGA-EJ-5498-01A-01R-1580-07,0.82544608716829,1
TCGA-AO-A0JF-01A-11R-A056-07,0.4939453541939902,1
TCGA-E9-A1R6-01A-11R-A14D-07,0.6151066132960401,1
TCGA-A7-A0CD-01A-11R-A00Z-07,0.4935918621403755,0
TCGA-29-1699-01A-01R-1567-13,0.6905697185148001,1
TCGA-CJ-6028-01A-11R-1672-07,0.6873268203899983,1
TCGA-24-1843-01A-01R-1567-13,0.6695198383935607,1
TCGA-AA-A01R-01A-21R-A083-07,0.7710798956022444,1
TCGA-G9-A9S0-01A-11R-A41O-07,0.8559499345626558,1
TCGA-XV-AAZY-01A-12R-A40A-07,0.154852283394577,0
TCGA-AK-3465-01A-02R-1325-07,0.9819187384466526,1
TCGA-AA-3812-01A-01R-0905-07,0.8773643452425878,1
TCGA-77-A5GF-01A-21R-A27Q-07,0.4493945449028417,0
TCGA-HC-A4ZV-01A-11R-A26U-07,0.9038475069751039,1
TCGA-H9-7775-01A-11R-2118-07,0.347183707862508,0
TCGA-60-2696-01A-01R-0851-07,0.6851250747294786,1
TCGA-13-0900-01B-01R-1565-13,0.6844960594299976,1
TCGA-85-8666-01A-11R-2403-07,0.4816626755365926,1
TCGA-4H-AAAK-01A-12R-A41B-07,0.5926849223634177,0
TCGA-BH-A0BC-01A-22R-A084-07,0.5908368682912497,0
TCGA-C8-A3M7-01A-12R-A21T-07,0.6320792710110194,0
TCGA-AR-A2LN-01A-21R-A18M-07,0.6758957599119244,1
TCGA-2Z-A9J5-01A-21R-A38C-07,0.47168310923171497,1
TCGA-AA-A01X-01A-21R-A083-07,0.833039884526199,1
TCGA-C8-A134-01A-11R-A115-07,0.8291131266435997,1
TCGA-HV-A5A6-01A-11R-A26U-07,0.6464195670953586,0
TCGA-D8-A140-01A-11R-A115-07,0.4610783860965356,1
TCGA-F9-A4JJ-01A-11R-A24Z-07,0.9532818096926557,1
TCGA-AR-A24O-01A-11R-A169-07,0.5350474200042651,1
TCGA-G3-AAUZ-01A-11R-A38B-07,0.3062137281731663,1
TCGA-63-A5MM-01A-11R-A26W-07,0.820154033455423,1
TCGA-AN-A0FN-01A-11R-A034-07,0.7381782366208205,1
TCGA-GL-A59R-01A-11R-A26U-07,0.30707103703907046,1
TCGA-2H-A9GG-01A-11R-A37I-31,0.8992500390699664,1
TCGA-C8-A130-01A-31R-A115-07,0.690332322056047,1
TCGA-2H-A9GF-01A-11R-A37I-31,0.7368290929160883,0
TCGA-55-5899-01A-11R-1628-07,0.8243525083179938,1
TCGA-B0-4713-01A-01R-1277-07,0.8711547104742177,1
TCGA-A8-A09Q-01A-11R-A00Z-07,0.6148533338703894,1
TCGA-VR-AA4D-01A-11R-A37I-31,0.716800555639003,0
TCGA-36-1578-01A-01R-1566-13,0.8040097670769109,1
TCGA-AR-A1AY-01A-21R-A12P-07,0.7460199544190352,1
TCGA-86-8278-01A-11R-2287-07,0.5778782528692709,0
TCGA-A2-A0YK-01A-22R-A109-07,0.6309898894799709,1
TCGA-78-7163-01A-12R-2066-07,0.880273625427714,1
TCGA-A8-A06R-01A-11R-A00Z-07,0.7332761152073216,1
TCGA-HC-7752-01A-11R-2118-07,0.9015453729011583,1
TCGA-A8-A07J-01A-11R-A00Z-07,0.5669376365625118,1
TCGA-HC-7749-01A-11R-2118-07,0.37568245229736547,0
TCGA-HC-A6HX-01A-11R-A31N-07,0.8932531240115312,1
TCGA-56-A4BW-01A-11R-A24H-07,0.6134911968572985,1
TCGA-BP-4162-01A-02R-1325-07,0.3014181553569101,1
TCGA-34-7107-01A-11R-1949-07,0.5287878583720594,1
TCGA-DD-AAE4-01A-11R-A41C-07,0.36943114217559736,1
TCGA-13-1510-01A-02R-1565-13,0.6375860121321413,1
TCGA-57-1585-01A-01R-1566-13,0.767868083105856,1
TCGA-56-8305-01A-11R-2296-07,0.48364227283865785,1
TCGA-CJ-4874-01A-01R-1305-07,0.3355674876540095,1
TCGA-B6-A0RH-01A-21R-A115-07,0.6859059845181846,0
TCGA-HZ-A77O-01A-11R-A33R-07,0.6520643068681999,1
TCGA-24-1463-01A-01R-1566-13,0.7676704604717468,1
TCGA-A8-A07S-01A-11R-A034-07,0.4588854154771924,1
TCGA-3C-AAAU-01A-11R-A41B-07,0.7131860664480393,1
TCGA-AO-A03M-01B-11R-A10J-07,0.6271833831669227,1
TCGA-73-4659-01A-01R-1206-07,0.5594021735693677,1
TCGA-CZ-5453-01A-01R-1503-07,0.5511590315735818,1
TCGA-94-8035-01A-11R-2247-07,0.47172277422425174,1
TCGA-39-5031-01A-01R-1443-07,0.5900885082738961,1
TCGA-75-5146-01A-01R-1628-07,0.6932845704937296,1
TCGA-YL-A8S8-01A-11R-A37L-07,0.6675368786036523,0
TCGA-77-A5G6-01A-11R-A27Q-07,0.604883559991355,1
TCGA-A7-A4SF-01A-11R-A266-07,0.7654544717022107,1
TCGA-EB-A553-01A-12R-A27Q-07,0.7175519840114063,1
TCGA-AA-3939-01A-01R-1022-07,0.631762807436451,1
TCGA-E2-A14N-01A-31R-A137-07,0.8533121995014561,1
TCGA-CJ-6030-01A-11R-1672-07,0.48509576986781366,1
TCGA-J4-A67M-01A-11R-A30B-07,0.8089544845532735,1
TCGA-BP-5198-01A-01R-1426-07,0.669482897664583,1
TCGA-NK-A7XE-01A-12R-A405-07,0.73567869131739,1
TCGA-HC-7209-01A-11R-2118-07,0.6876878245320394,1
TCGA-HZ-8315-01A-11R-2404-07,0.4862573345713154,1
TCGA-86-8076-01A-31R-2241-07,0.5041009868880506,1
TCGA-A6-6650-01A-11R-A278-07,0.7797981979112589,1
TCGA-62-A46U-01A-11R-A24H-07,0.5959330399697923,1
TCGA-BH-A18U-01A-21R-A12D-07,0.5747957391290995,1
TCGA-55-6712-01A-11R-1858-07,0.5473157907253188,1
TCGA-BP-4761-01A-01R-1289-07,0.9874654333054381,1
TCGA-D8-A1XK-01A-21R-A14M-07,0.8247399191508308,1
TCGA-63-A5MI-01A-12R-A27Q-07,0.5959532056106391,1
TCGA-MP-A4TF-01A-11R-A262-07,0.7292541869970549,1
TCGA-DD-AACF-01A-11R-A41C-07,0.4411394552008162,1
TCGA-ZG-A9LZ-01A-11R-A41O-07,0.6461127775451115,1
TCGA-05-4250-01A-01R-1107-07,0.6711043936180343,1
TCGA-95-A4VP-01A-21R-A262-07,0.6855181471618669,1
TCGA-AA-3877-01A-01R-1022-07,0.7052135479174825,1
TCGA-AK-3426-01A-02R-1325-07,0.9352545773849471,1
TCGA-A3-3382-01A-02R-1325-07,0.6712588538519948,1
TCGA-IC-A6RE-01A-11R-A336-31,0.7655650820804549,0
TCGA-A8-A08O-01A-21R-A056-07,0.4117235102040025,1
TCGA-B9-A5W7-01A-11R-A31O-07,0.28791673595342654,0
TCGA-33-A5GW-01A-11R-A27Q-07,0.596018171330796,0
TCGA-G3-AAV7-01A-11R-A38B-07,0.9423634363715252,0
TCGA-5P-A9K8-01A-11R-A42S-07,0.8899666783210182,1
TCGA-BP-5007-01A-01R-1334-07,0.22293847717532436,0
TCGA-A3-3365-01A-01R-0864-07,0.5637092135059475,1
TCGA-44-7659-01A-11R-2066-07,0.5674405443216725,1
TCGA-61-2003-01A-01R-1568-13,0.7772934933394751,1
TCGA-D5-6898-01A-11R-1928-07,0.6727099872846396,1
TCGA-GM-A2DC-01A-11R-A18M-07,0.7647148430692027,1
TCGA-5P-A9KF-01A-11R-A42S-07,0.43080619430676775,1
TCGA-BP-4161-01A-02R-1325-07,0.3700913728334849,1
TCGA-36-1576-01A-01R-1566-13,0.7603522367877933,1
TCGA-DD-A4NK-01A-11R-A28V-07,0.392125478505361,1
TCGA-CJ-4901-01A-01R-1426-07,0.7090782739367562,1
TCGA-MI-A75I-01A-11R-A32O-07,0.5138417856584463,1
TCGA-29-2414-01A-02R-1569-13,0.6389717625906598,0
TCGA-BH-A0GY-01A-11R-A056-07,0.5293493377982094,0
TCGA-97-8175-01A-11R-2287-07,0.6982832656261021,1
TCGA-AL-3472-01A-01R-1193-07,0.564965929109253,1
TCGA-HZ-A77P-01A-11R-A33R-07,0.6067190141396666,1
TCGA-A3-3352-01A-01R-0864-07,0.2520772554381595,0
TCGA-A7-A26G-01A-21R-A169-07,0.7019336877803563,0
TCGA-AO-A0JC-01A-11R-A056-07,0.8955907866415093,1
TCGA-AA-3875-01A-01R-0905-07,0.48280578176475114,1
TCGA-D8-A1JJ-01A-31R-A14M-07,0.5227520484304236,1
TCGA-Y6-A8TL-01A-21R-A37L-07,0.23608999204795986,0
TCGA-J4-A6G3-01A-11R-A311-07,0.681374282541036,1
TCGA-13-0768-01A-01R-1569-13,0.8646452704689715,1
TCGA-A7-A6VW-01A-21R-A33J-07,0.9448650953202848,1
TCGA-J9-A8CP-01A-11R-A352-07,0.5718611332200989,1
TCGA-P4-AAVK-01A-11R-A42S-07,0.5473669584163952,1
TCGA-B0-5709-01A-11R-1541-07,0.4745639743566247,1
TCGA-B6-A0RV-01A-11R-A084-07,0.5131489389899352,1
TCGA-AA-A01V-01A-23R-A083-07,0.510331792556609,0
TCGA-G9-7510-01A-11R-2263-07,0.3870373510355026,0
TCGA-D8-A73U-01A-11R-A33J-07,0.760474758543886,0
TCGA-DD-AAEK-01A-11R-A41C-07,0.6953037066289847,1
TCGA-B0-5698-01A-11R-1672-07,0.49135138572062037,1
TCGA-KC-A4BL-01A-31R-A250-07,0.646367698084848,1
TCGA-EJ-A7NM-01A-21R-A33R-07,0.7707311342500087,1
TCGA-B2-5639-01A-01R-1541-07,0.6839530625429389,1
TCGA-BH-A8FZ-01A-11R-A352-07,0.7461580082936189,0
TCGA-22-5474-01A-01R-1635-07,0.5682745637543389,1
TCGA-E2-A1IL-01A-11R-A14D-07,0.39265731838408613,0
TCGA-D8-A1XV-01A-11R-A14M-07,0.5706172345734474,1
TCGA-2Z-A9J3-01A-12R-A38C-07,0.5905716002184174,1
TCGA-L5-A4OP-01A-11R-A260-31,0.7504603809778043,1
TCGA-AO-A129-01A-21R-A10J-07,0.8315931252030551,0
TCGA-B6-A0RL-01A-11R-A084-07,0.6944976040515008,1
TCGA-61-1743-01A-01R-1568-13,0.547657777836878,1
TCGA-R6-A6Y0-01B-11R-A336-31,0.6778710382486761,1
TCGA-77-7463-01A-11R-2045-07,0.49954294773295865,1
TCGA-DD-AADW-01A-11R-A39D-07,0.9505539302653793,1
TCGA-AR-A1AP-01A-11R-A12P-07,0.6102685787402257,1
TCGA-A2-A25F-01A-11R-A169-07,0.7784917198825918,0
TCGA-AA-3862-01A-01R-1022-07,0.6098165006575978,1
TCGA-G4-6306-01A-11R-1774-07,0.45197472720058623,1
TCGA-EB-A3XC-01A-11R-A239-07,0.7841204391822222,0
TCGA-34-5927-01A-11R-1820-07,0.6756070349899349,1
TCGA-AA-A017-01A-01R-A00A-07,0.5576552662296212,1
TCGA-A4-A5XZ-01A-11R-A31O-07,0.4148239946901855,1
TCGA-E2-A1LS-01A-12R-A157-07,0.8725664890475741,1
TCGA-L5-A8NV-01A-11R-A37I-31,0.7009229238891787,1
TCGA-5P-A9KE-01A-11R-A42S-07,0.3707619240115644,0
TCGA-61-1724-01A-01R-1568-13,0.6953681570920548,1
TCGA-VR-A8EP-01A-31R-A406-31,0.540726570520693,1
TCGA-YL-A8SL-01B-21R-A37L-07,0.833355614217887,1
TCGA-G4-6310-01A-11R-1723-07,0.8204396868226828,1
TCGA-G3-AAV2-01A-11R-A37K-07,0.3930670726653258,1
TCGA-OL-A5RV-01A-12R-A28M-07,0.5800375212319505,0
TCGA-KK-A8I6-01A-11R-A36G-07,0.28805353962756375,0
TCGA-BH-A0B6-01A-11R-A19W-07,0.771908671282545,1
TCGA-G7-6789-01A-11R-1965-07,0.9165895324242591,1
TCGA-G9-A9S7-01A-11R-A41O-07,0.5175393651749477,0
TCGA-78-8640-01A-11R-2403-07,0.7693293540974439,1
TCGA-55-6971-01A-11R-1949-07,0.5314746592342011,1
TCGA-DD-AAW2-01A-11R-A41C-07,0.4169904149607725,1
TCGA-HV-A5A4-01A-11R-A26U-07,0.4417235628061845,1
TCGA-BP-4355-01A-01R-1289-07,0.6332038158995161,1
TCGA-R6-A8W5-01B-11R-A37I-31,0.6415148458490306,1
TCGA-CH-5752-01A-11R-1580-07,0.9194002864536143,1
TCGA-A7-A3RF-01A-11R-A22K-07,0.8597719189157016,1
TCGA-ED-A8O5-01A-11R-A36F-07,0.8404408772608096,1
TCGA-AA-3522-01A-01R-0821-07,0.6771033896963833,1
TCGA-ER-A42H-01A-11R-A24X-07,0.709345201523977,1
TCGA-AL-3467-01A-02R-1351-07,0.9753650544217275,1
TCGA-55-8513-01A-11R-2403-07,0.5988256923980906,1
TCGA-AD-6901-01A-11R-1928-07,0.8512021608848342,0
TCGA-29-1694-01A-01R-1567-13,0.7240039118299314,0
TCGA-LN-A49V-01A-11R-A24K-31,0.7941523448427033,1
TCGA-55-6968-01A-11R-1949-07,0.7868870020642362,1
TCGA-A4-8517-01A-11R-2404-07,0.30858774074958806,1
TCGA-CZ-5461-01A-01R-1503-07,0.4034913999063964,1
TCGA-D8-A1XZ-01A-11R-A14M-07,0.6026406477615656,0
TCGA-AA-A00W-01A-01R-A002-07,0.36939015565698013,1
TCGA-BP-4804-01A-02R-1305-07,0.5023132091320962,1
TCGA-OL-A66J-01A-11R-A29R-07,0.7473926828830979,1
TCGA-AY-4070-01A-01R-1113-07,0.8060777491971083,1
TCGA-V1-A8WW-01A-11R-A37L-07,0.8649027433808506,1
TCGA-B6-A40B-01A-11R-A239-07,0.7537034337602798,1
TCGA-LN-A49U-01A-31R-A260-31,0.4703006847739365,1
TCGA-AO-A03U-01B-21R-A10J-07,0.8695471047216987,1
TCGA-E2-A105-01A-11R-A10J-07,0.6441797259921066,1
TCGA-CW-6097-01A-11R-1672-07,0.7639530332038486,0
TCGA-2Y-A9GS-01A-12R-A38B-07,0.6471422788478501,1
TCGA-EW-A1J6-01A-11R-A13Q-07,0.8252200718963797,0
TCGA-E9-A1RD-01A-11R-A157-07,0.38966602446395965,1
TCGA-AD-A5EK-01A-11R-A28H-07,0.6292793264612578,1
TCGA-2K-A9WE-01A-11R-A38C-07,0.6280310814730149,1
TCGA-EJ-A7NF-01A-11R-A33R-07,0.3192131820306536,1
TCGA-61-1721-01A-01R-1569-13,0.9551854658585086,1
TCGA-BP-4346-01A-01R-1289-07,0.5889764290823833,1
TCGA-AA-3989-01A-01R-1022-07,0.42508008978157663,1
TCGA-61-1998-01A-01R-1568-13,0.5440656149508024,0
TCGA-05-4244-01A-01R-1107-07,0.5910870276055087,1
TCGA-B8-A54K-01A-11R-A33J-07,0.8286024790103472,1
TCGA-5R-AA1D-01A-11R-A38B-07,0.973304186663897,1
TCGA-34-5928-01A-11R-1820-07,0.6876452486647245,1
TCGA-BH-A0HQ-01A-11R-A034-07,0.4652870896302838,1
TCGA-CM-4746-01A-01R-1410-07,0.6012912201611411,1
TCGA-50-6593-01A-11R-1755-07,0.5450885711575362,1
TCGA-DV-A4W0-01A-11R-A266-07,0.5339127731496636,1
TCGA-25-1634-01A-01R-1566-13,0.601504174265375,0
TCGA-50-6597-01A-11R-1858-07,0.8858822812869748,1
TCGA-AY-A54L-01A-11R-A28H-07,0.4735554469563041,0
TCGA-BP-4774-01A-01R-1289-07,0.4902184297157963,1
TCGA-66-2789-01A-01R-0980-07,0.6811951691740425,0
TCGA-DM-A1D4-01A-21R-A155-07,0.6020523915462849,1
TCGA-86-7701-01A-11R-2170-07,0.6816721934545984,1
TCGA-21-1076-01A-02R-0692-07,0.6875895719749535,1
TCGA-AR-A0TX-01A-11R-A084-07,0.6105196865897369,1
TCGA-23-1116-01A-01R-1564-13,0.793408316649335,1
TCGA-ZP-A9D0-01A-11R-A37K-07,0.5196932060145141,1
TCGA-CH-5743-01A-21R-1580-07,0.9059797635404969,0
TCGA-2A-AAYU-01A-11R-A41O-07,0.28802767551420577,1
TCGA-25-1323-01A-01R-1565-13,0.5303760503161999,1
TCGA-R6-A6Y2-01B-11R-A336-31,0.7673302447602983,1
TCGA-DD-A1EC-01A-21R-A131-07,0.9763534579303781,1
TCGA-E2-A1BC-01A-11R-A12P-07,0.4461888203560163,1
TCGA-DD-AADN-01A-11R-A41C-07,0.5365857326768702,1
TCGA-KK-A8ID-01A-11R-A36G-07,0.734488476185806,1
TCGA-A2-A4RW-01A-21R-A266-07,0.6285013538975942,1
TCGA-56-7822-01A-11R-2125-07,0.7173504330432845,0
TCGA-O2-A52W-01A-11R-A26W-07,0.6277216634684977,1
TCGA-UL-AAZ6-01A-11R-A41B-07,0.8129032966598023,1
TCGA-YL-A8HO-01A-11R-A36G-07,0.7176083749692052,1
TCGA-13-0765-01A-01R-1564-13,0.6798273701061553,0
TCGA-55-6979-01A-11R-1949-07,0.49819596450810205,1
TCGA-IB-7888-01A-11R-2156-07,0.6553809262025411,1
TCGA-AQ-A54O-01A-11R-A266-07,0.889051183824232,1
TCGA-HC-7744-01A-11R-2118-07,0.7366004944490266,1
TCGA-BP-4974-01A-01R-1334-07,0.6493664850718659,1
TCGA-A3-3367-01A-02R-1420-07,0.3059350403094086,1
TCGA-2H-A9GO-01A-11R-A37I-31,0.7998549741007607,1
TCGA-EJ-5522-01A-01R-1580-07,0.779541722986501,1
TCGA-61-1919-01A-01R-1568-13,0.660160535106258,1
TCGA-TP-A8TT-01A-12R-A41O-07,0.6003826405615391,1
TCGA-AN-A0FJ-01A-11R-A00Z-07,0.8540348820699217,1
TCGA-B0-5696-01A-11R-1541-07,0.6312866543137147,1
TCGA-CZ-4856-01A-02R-1426-07,0.3370470640462211,1
TCGA-A8-A075-01A-11R-A084-07,0.5103893045785808,0
TCGA-90-A4ED-01A-31R-A24Z-07,0.9285335478618563,1
TCGA-44-2657-01A-01R-1107-07,0.5381615175477584,0
TCGA-MP-A4TD-01A-32R-A262-07,0.6901790147344395,1
TCGA-XR-A8TG-01A-11R-A36F-07,0.720189937201423,1
TCGA-33-4533-01A-01R-1201-07,0.7752696957194305,1
TCGA-55-8514-01A-11R-2403-07,0.7329085306580401,1
TCGA-25-1316-01A-01R-1565-13,0.8601573181573994,1
TCGA-EB-A6R0-01A-12R-A32P-07,0.8016959034301842,1
TCGA-Y8-A8S1-01A-11R-A37K-07,0.8918163329625909,1
TCGA-B0-5120-01A-01R-1420-07,0.35972938474422217,1
TCGA-KR-A7K0-01A-12R-A33R-07,0.5296026515308709,0
TCGA-50-5944-01A-11R-1755-07,0.6016092393199338,1
TCGA-99-AA5R-01A-11R-A39D-07,0.6696716552791934,1
TCGA-CZ-5452-01A-01R-1503-07,0.7870059688212713,1
TCGA-XJ-A9DX-01A-11R-A37L-07,0.8471297739036372,0
TCGA-B6-A0IM-01A-11R-A034-07,0.4982940735730146,1
TCGA-61-2012-01A-01R-1568-13,0.7309739828855397,1
TCGA-2Z-A9J2-01A-11R-A38C-07,0.7871012716494591,1
TCGA-AC-A6NO-01A-12R-A33J-07,0.6435844161108518,1
TCGA-E9-A1N4-01A-11R-A14M-07,0.6789324859595921,1
TCGA-DZ-6134-01A-11R-1965-07,0.6519851980735901,1
TCGA-20-1685-01A-01R-1566-13,0.5939395712212467,0
TCGA-BH-A0AZ-01A-21R-A12P-07,0.6378629917205526,1
TCGA-55-7227-01A-11R-2039-07,0.4998704121531863,1
TCGA-34-5231-01A-21R-1820-07,0.615526747373177,1
TCGA-DD-AAE2-01A-11R-A41C-07,0.6033027860648856,1
TCGA-AC-A62Y-01A-11R-A29R-07,0.6964316614915843,0
TCGA-A7-A425-01A-11R-A24H-07,0.8184673835214178,1
TCGA-AD-6548-01A-11R-1839-07,0.4594182636082675,1
TCGA-AC-A3W6-01A-12R-A22K-07,0.7574269687304461,0
TCGA-EB-A5UM-01A-11R-A311-07,0.6299991734860565,1
TCGA-EW-A6SA-01A-21R-A32P-07,0.6997086758215244,1
TCGA-64-5779-01A-01R-1628-07,0.655853999709187,0
TCGA-DD-A114-01A-11R-A131-07,0.9870523364469084,1
TCGA-85-8052-01A-11R-2247-07,0.46832476896370145,1
TCGA-A2-A0T4-01A-31R-A084-07,0.49797434589578704,0
TCGA-DD-A3A2-01A-11R-A213-07,0.3917017936088273,1
TCGA-E2-A1B4-01A-11R-A12P-07,0.711813253343799,1
TCGA-HV-A5A3-01A-11R-A26U-07,0.6707993357861516,1
TCGA-78-7167-01A-11R-2066-07,0.7485775604546453,1
TCGA-85-8479-01A-11R-2326-07,0.7816422462419542,1
TCGA-XR-A8TE-01A-11R-A36F-07,0.8602723879509749,1
TCGA-BP-4971-01A-01R-1334-07,0.8212379753692075,0
TCGA-EJ-7786-01A-11R-2118-07,0.35531769102942695,1
TCGA-25-1320-01A-01R-1565-13,0.6930772438078737,1
TCGA-E2-A15S-01A-11R-A115-07,0.6597999207840293,1
TCGA-D9-A3Z4-01A-11R-A239-07,0.6987891130150068,1
TCGA-98-A53D-01A-32R-A262-07,0.9549397194553698,1
TCGA-DW-7839-01A-11R-2139-07,0.8653311060998465,1
TCGA-86-8671-01A-11R-2403-07,0.584511395164925,1
TCGA-B8-A54H-01A-11R-A33J-07,0.4313871892882577,1
TCGA-ZS-A9CF-01A-11R-A38B-07,0.7580726244586364,1
TCGA-50-5930-01A-11R-1755-07,0.6259034226668243,1
TCGA-73-4676-01A-01R-1755-07,0.682904586003369,0
TCGA-2A-AAYF-01A-11R-A41O-07,0.3521598385967473,1
TCGA-G9-6366-01A-11R-2118-07,0.6907875398299926,1
TCGA-56-7582-01A-11R-2045-07,0.4722684362948832,1
TCGA-CJ-4916-01A-01R-1426-07,0.4014117521685255,1
TCGA-B2-3924-01A-02R-1325-07,0.43727281527809125,1
TCGA-NJ-A55O-01A-11R-A262-07,0.532045922434601,1
TCGA-G3-A25V-01A-11R-A16W-07,0.4284842254092172,0
TCGA-A6-A567-01A-31R-A28H-07,0.7539654286872141,1
TCGA-55-7907-01A-11R-2170-07,0.5631905566229336,1
TCGA-E2-A1LA-01A-11R-A144-07,0.6789642411005866,1
TCGA-97-A4M5-01A-11R-A24X-07,0.5788224299170055,1
TCGA-CA-6716-01A-11R-1839-07,0.7774549074756416,1
TCGA-66-2756-01A-01R-0851-07,0.8661580168580827,0
TCGA-69-7763-01A-11R-2170-07,0.5542584293593775,0
TCGA-FV-A3I1-01A-11R-A22L-07,0.6635234188494231,1
TCGA-A4-A48D-01A-11R-A24Z-07,0.6351339624141332,1
TCGA-30-1892-01A-01R-1568-13,0.7714597880329198,1
TCGA-S2-AA1A-01A-12R-A39D-07,0.6507726756455136,1
TCGA-AN-A0XT-01A-11R-A109-07,0.5831439340717678,1
TCGA-60-2726-01A-01R-0851-07,0.8328943454161281,1
TCGA-63-A5MV-01A-21R-A26W-07,0.6533615187508678,1
TCGA-HC-A6AL-01A-11R-A30B-07,0.7465266501053136,1
TCGA-24-1560-01A-01R-1566-13,0.630713981026702,0
TCGA-A2-A0EU-01A-22R-A056-07,0.554111249150935,1
TCGA-KK-A7AP-01A-12R-A33R-07,0.8062024220645484,1
TCGA-44-6146-01A-11R-A278-07,0.8234878554477628,1
TCGA-62-A472-01A-11R-A24H-07,0.5935387292465789,1
TCGA-56-8622-01A-11R-2403-07,0.8154327577036029,1
TCGA-B0-4819-01A-01R-1277-07,0.752598079588172,1
TCGA-BP-5176-01A-01R-1426-07,0.603613848468587,1
TCGA-63-A5MP-01A-11R-A26W-07,0.4999458034499762,0
TCGA-XK-AAK1-01A-11R-A41O-07,0.6933291768805648,1
TCGA-78-7158-01A-11R-2039-07,0.7669911278946727,1
TCGA-AA-3678-01A-01R-0905-07,0.43488590255301257,1
TCGA-HI-7171-01A-12R-2118-07,0.7415601484188753,1
TCGA-LN-A4A2-01A-31R-A260-31,0.3905240205897681,1
TCGA-D8-A1JE-01A-11R-A13Q-07,0.48479268693880206,1
TCGA-B8-5552-01B-11R-1672-07,0.38819632188995373,1
TCGA-A8-A09V-01A-11R-A034-07,0.38053890723806444,0
TCGA-HZ-A49H-01A-11R-A26U-07,0.5466050711898042,1
TCGA-IG-A97I-01A-11R-A38D-31,0.5657714054620381,1
TCGA-D8-A1JT-01A-31R-A13Q-07,0.633253372652867,1
TCGA-BP-4782-01A-02R-1420-07,0.3704642780725424,1
TCGA-A2-A0CQ-01A-21R-A034-07,0.7136266763902295,1
TCGA-G3-A25U-01A-11R-A16W-07,0.65845363420384,1
TCGA-BQ-7055-01A-11R-1965-07,0.9662123301551484,1
TCGA-37-A5EM-01A-21R-A27Q-07,0.5713597041503161,1
TCGA-NC-A5HG-01A-11R-A26W-07,0.7529818525946007,1
TCGA-13-1495-01A-01R-1565-13,0.5732023847927644,1
TCGA-AK-3431-01A-02R-1277-07,0.6580962635456685,1
TCGA-85-8049-01A-11R-2247-07,0.7027863296898597,1
TCGA-UZ-A9PP-01A-11R-A42S-07,0.46632271600751257,1
TCGA-DD-AAE9-01A-11R-A41C-07,0.35762632241871345,1
TCGA-D5-5537-01A-21R-1928-07,0.5002442417469094,0
TCGA-VP-A879-01A-11R-A352-07,0.3283316884860768,0
TCGA-C8-A1HM-01A-12R-A137-07,0.6568209594336987,0
TCGA-A3-3316-01A-01R-0864-07,0.6222627191012308,1
TCGA-DW-7840-01A-11R-A32Z-07,0.4222486911802879,1
TCGA-D5-6927-01A-21R-1928-07,0.5573930583317025,1
TCGA-A6-2671-01A-01R-1410-07,0.6238613673097975,1
TCGA-61-1918-01A-01R-1568-13,0.457834355055167,0
TCGA-FV-A3R3-01A-11R-A22L-07,0.9092166668785403,1
TCGA-F9-A7VF-01A-11R-A33Z-07,0.5796504426781315,1
TCGA-L7-A6VZ-01A-12R-A336-31,0.5830137676844203,0
TCGA-AA-3526-01A-02R-A32Z-07,0.5295452832337794,1
TCGA-56-8626-01A-11R-2403-07,0.688665297080512,1
TCGA-DD-A3A1-01A-11R-A213-07,0.3992004372866509,1
TCGA-YL-A8SR-01B-11R-A37L-07,0.48290060272601126,1
TCGA-B0-4848-01A-01R-1277-07,0.5528743342750355,1
TCGA-55-6969-01A-11R-1949-07,0.658076768748053,1
TCGA-2A-A8VL-01A-21R-A37L-07,0.3496319936770165,1
TCGA-24-1422-01A-01R-1565-13,0.7817782808553023,1
TCGA-A3-3370-01A-02R-1420-07,0.3218410702620066,1
TCGA-EW-A2FW-01A-11R-A17B-07,0.6586713839362642,1
TCGA-BH-A0BL-01A-11R-A115-07,0.7468588098223916,1
TCGA-AA-A010-01A-01R-A089-07,0.5717241897632089,1
TCGA-AA-3664-01A-01R-0905-07,0.6558448580895455,0
TCGA-GN-A26C-01A-11R-A18T-07,0.9126076320246308,1
TCGA-85-8354-01A-31R-2326-07,0.5914648424370188,1
TCGA-A3-3373-01A-02R-1420-07,0.5171136578366166,1
TCGA-30-1891-01A-01R-1568-13,0.7013688456637376,1
TCGA-HC-7078-01A-11R-2118-07,0.5402995184448068,1
TCGA-FC-A66V-01A-21R-A30B-07,0.8564680178263656,1
TCGA-A3-3324-01A-02R-1325-07,0.3304257242552234,1
TCGA-S3-AA10-01A-21R-A41B-07,0.8839926812970433,1
TCGA-53-7813-01A-11R-2170-07,0.7275446542245546,1
TCGA-EW-A1P3-01A-11R-A144-07,0.6754727729109343,1
TCGA-BF-A3DN-01A-11R-A20F-07,0.7830087924944851,1
TCGA-22-4596-01A-01R-1201-07,0.9053222019390144,1
TCGA-G4-6297-01A-11R-1723-07,0.8112965746241595,1
TCGA-05-4422-01A-01R-1206-07,0.7067130127374445,1
TCGA-67-3773-01A-01R-0946-07,0.7273373814396876,1
TCGA-75-7025-01A-12R-1949-07,0.5542152731209165,0
TCGA-BH-A18I-01A-11R-A12D-07,0.40794994813809604,0
TCGA-E9-A54Y-01A-11R-A466-07,0.9220719663253332,1
TCGA-BP-4758-01A-01R-1289-07,0.6624198719947816,1
TCGA-LN-A9FO-01A-11R-A38D-31,0.5751954986481961,1
TCGA-10-0936-01A-01R-1564-13,0.6180654004562179,0
TCGA-DD-AACP-01A-11R-A41C-07,0.8722048643977066,1
TCGA-NH-A5IV-01A-42R-A37K-07,0.7449976911332533,1
TCGA-44-6777-01A-11R-1858-07,0.615170184868603,1
TCGA-71-8520-01A-11R-2403-07,0.5755317554535901,1
TCGA-A8-A07I-01A-11R-A00Z-07,0.5076412234231674,1
TCGA-CC-A3M9-01A-11R-A213-07,0.995039177505097,1
TCGA-AN-A0AK-01A-21R-A00Z-07,0.7207479421338988,1
TCGA-BP-5174-01A-01R-1426-07,0.8351375413695615,1
TCGA-71-6725-01A-11R-1858-07,0.7276225448581355,1
TCGA-25-1623-01A-01R-1566-13,0.7844412394552942,1
TCGA-KK-A6E1-01A-11R-A311-07,0.8290943684655884,1
TCGA-AR-A0TQ-01A-11R-A084-07,0.647223533418919,1
TCGA-50-5946-01A-11R-1755-07,0.7959671243560634,1
TCGA-A4-8312-01A-11R-2404-07,0.8318851168713572,1
TCGA-FC-7961-01A-11R-A29R-07,0.823516132015197,1
TCGA-AA-A01G-01A-01R-A002-07,0.3119083346844421,1
TCGA-C8-A12Q-01A-11R-A115-07,0.618005777542015,1
TCGA-HV-A5A5-01A-11R-A26U-07,0.3369197984034996,1
TCGA-BP-4987-01A-01R-1334-07,0.2729587581019164,0
TCGA-24-1564-01A-01R-1566-13,0.8751257105418753,1
TCGA-EJ-7788-01A-11R-2118-07,0.5268524878819998,0
TCGA-O9-A75Z-01A-11R-A33Z-07,0.5743837065944775,1
TCGA-36-1574-01A-01R-1566-13,0.7196407736630285,1
TCGA-21-1070-01A-01R-0692-07,0.6552768991199881,1
TCGA-BP-4976-01A-01R-1334-07,0.465286060838237,1
TCGA-A7-A0CJ-01A-21R-A00Z-07,0.6812246159375851,1
TCGA-13-1501-01A-01R-1565-13,0.64123304488377,1
TCGA-CZ-5469-01A-01R-1503-07,0.9339767629156184,1
TCGA-29-1776-01A-01R-1567-13,0.5632635968655573,1
TCGA-75-6214-01A-41R-1949-07,0.8068790149080671,1
TCGA-55-8619-01A-11R-2403-07,0.6140481167537313,1
TCGA-A4-A6HP-01A-11R-A31O-07,0.45297404003957303,0
TCGA-LG-A6GG-01A-11R-A311-07,0.4981467995009617,1
TCGA-CC-A9FW-01A-11R-A37K-07,0.6942640699234489,1
TCGA-EJ-7781-01A-11R-2118-07,0.6498791982608728,1
TCGA-05-5420-01A-01R-1628-07,0.7841044464162806,1
TCGA-EW-A3U0-01A-11R-A22K-07,0.8664976484129459,1
TCGA-61-2002-01A-01R-1568-13,0.7324706456125706,1
TCGA-B0-4841-01A-01R-1277-07,0.8832829877013046,1
TCGA-CJ-4885-01A-01R-1305-07,0.5960653518844192,1
TCGA-AQ-A7U7-01A-22R-A352-07,0.7516465973287054,1
TCGA-VN-A88P-01A-11R-A352-07,0.5169919751294961,1
TCGA-XX-A899-01A-11R-A36F-07,0.7016556993403518,1
TCGA-E2-A14X-01A-11R-A115-07,0.7247924564486264,1
TCGA-E2-A14U-01A-11R-A22K-07,0.7230637894982243,0
TCGA-CJ-6031-01A-11R-1672-07,0.4838562613993727,1
TCGA-38-4627-01A-01R-1206-07,0.7833137549562376,1
TCGA-V1-A9OT-01A-11R-A41O-07,0.8727454224846741,1
TCGA-VR-A8ET-01A-11R-A406-31,0.6048830693032439,1
TCGA-A2-A1G6-01A-11R-A13Q-07,0.7438516862741361,1
TCGA-B0-5110-01A-01R-1420-07,0.3302076924846204,1
TCGA-A4-7585-01A-11R-2139-07,0.8611983258887886,1
TCGA-F2-7276-01A-11R-2156-07,0.6397643584150932,1
TCGA-BP-5168-01A-01R-1420-07,0.31589305190473865,0
TCGA-D5-6540-01A-11R-1723-07,0.7955660476807559,1
TCGA-A6-6652-01A-11R-1774-07,0.7617179619368607,1
TCGA-96-8170-01A-11R-2296-07,0.6391088699512243,0
TCGA-36-1577-01A-01R-1566-13,0.7360661303899343,1
TCGA-44-8120-01A-11R-2241-07,0.5921015530224819,1
TCGA-D5-6532-01A-11R-1723-07,0.42272127999225084,1
TCGA-AR-A2LK-01A-11R-A180-07,0.4217860142672336,1
TCGA-B6-A0X7-01A-11R-A10J-07,0.4776146665025678,1
TCGA-DD-AADQ-01A-11R-A41C-07,0.35978062456326015,1
TCGA-24-1416-01A-01R-1565-13,0.561282309027996,1
TCGA-53-7626-01A-12R-2066-07,0.5088586925929307,1
TCGA-G9-6370-01A-11R-1789-07,0.7336859752926852,1
TCGA-A2-A0CX-01A-21R-A00Z-07,0.610520593436806,1
TCGA-G9-6498-01A-12R-A311-07,0.9129686465229535,1
TCGA-EB-A24D-01A-11R-A18T-07,0.7990183005058017,1
TCGA-P4-A5EB-01A-11R-A28H-07,0.5678872186128883,1
TCGA-55-6970-01A-11R-1949-07,0.5873555088692056,1
TCGA-AD-6963-01A-11R-1928-07,0.38565431230273195,1
TCGA-97-A4M3-01A-11R-A24X-07,0.6181709136229541,1
TCGA-23-2084-01A-02R-1568-13,0.6100912123648052,1
TCGA-E9-A228-01A-31R-A157-07,0.6404277540865164,1
TCGA-BF-A5EQ-01A-21R-A27Q-07,0.6570212890802516,1
TCGA-43-6773-01A-41R-1949-07,0.6786992298731317,1
TCGA-S3-AA17-01A-11R-A41B-07,0.7215624124474661,1
TCGA-D8-A143-01A-11R-A115-07,0.8073531519116189,1
TCGA-2Y-A9H7-01A-11R-A39D-07,0.5071361187502311,1
TCGA-91-6849-01A-11R-1949-07,0.596307787893856,1
TCGA-B0-4818-01A-01R-1503-07,0.3368076263193345,1
TCGA-DM-A280-01A-12R-A16W-07,0.5839236303583853,1
TCGA-EW-A1PH-01A-11R-A14M-07,0.7944627710273461,1
TCGA-VN-A88R-01A-11R-A36G-07,0.7610992813186187,1
TCGA-91-6829-01A-21R-1858-07,0.6895141226826893,1
TCGA-30-1857-01A-02R-1569-13,0.7232404882362804,1
TCGA-V1-A8WS-01A-11R-A37L-07,0.6821293582828026,0
TCGA-D8-A27H-01A-11R-A16F-07,0.8317047547932545,1
TCGA-56-8304-01A-11R-2326-07,0.5250033450108222,1
TCGA-43-5670-01A-21R-2125-07,0.7700690304375896,1
TCGA-OL-A66P-01A-11R-A31O-07,0.9630204560530568,1
TCGA-78-7150-01A-21R-2039-07,0.8080327586856225,1
TCGA-C8-A12L-01A-11R-A115-07,0.7561180924060642,0
TCGA-IB-AAUT-01A-11R-A37L-07,0.4489727158800377,1
TCGA-B6-A0IN-01A-11R-A034-07,0.8061837208695466,1
TCGA-O8-A75V-01A-11R-A32O-07,0.31976443885978156,1
TCGA-DD-AAE6-01A-11R-A41C-07,0.4993272043627802,1
TCGA-L5-A8NR-01A-11R-A37I-31,0.6793991733684155,1
TCGA-KK-A8IG-01A-11R-A36G-07,0.48044632031411455,1
TCGA-L9-A8F4-01A-11R-A39D-07,0.7198517988328081,1
TCGA-13-0887-01A-01R-1564-13,0.6597576731878849,1
TCGA-BH-A1FR-01A-11R-A13Q-07,0.6088657356499388,1
TCGA-BP-4981-01A-01R-1334-07,0.7864909894215859,1
TCGA-DV-5574-01A-01R-1541-07,0.5449277012429766,1
TCGA-AA-3696-01A-01R-0905-07,0.6334037920869737,0
TCGA-DD-A115-01A-11R-A131-07,0.47310465216101444,1
TCGA-98-A53B-01A-11R-A262-07,0.6735499795954389,1
TCGA-FB-A5VM-01A-11R-A32O-07,0.8918509656758986,1
TCGA-AK-3425-01A-02R-1277-07,0.6687460854998856,1
TCGA-CW-5581-01A-02R-1541-07,0.5113160968749152,1
TCGA-5P-A9K4-01A-11R-A42S-07,0.49976000109265367,1
TCGA-HE-A5NK-01A-11R-A26U-07,0.7945334002010336,1
TCGA-B9-A8YI-01A-21R-A37K-07,0.729067488733269,1
TCGA-HZ-8001-01A-11R-2204-07,0.6960231484018683,1
TCGA-AC-A2FF-01A-11R-A17B-07,0.5888884496865632,1
TCGA-EJ-5512-01A-01R-1580-07,0.39893375997664593,1
TCGA-68-8251-01A-11R-2296-07,0.6303416537347265,1
TCGA-C8-A27B-01A-11R-A169-07,0.783148188685953,1
TCGA-GF-A769-01A-32R-A32P-07,0.8942642376491957,1
TCGA-ZP-A9CZ-01A-11R-A38B-07,0.6552928614224601,0
TCGA-24-1845-01A-01R-1567-13,0.6157624939862908,1
TCGA-29-A5NZ-01A-11R-A406-31,0.8900000205082798,1
TCGA-5P-A9KC-01A-11R-A42S-07,0.8555259239980666,1
TCGA-ZG-A9LY-01A-11R-A41O-07,0.5840569075803406,1
TCGA-13-0890-01A-01R-1564-13,0.7001795090528137,0
TCGA-EW-A1J3-01A-11R-A13Q-07,0.44489685139876656,1
TCGA-ED-A4XI-01A-11R-A266-07,0.6594637272618532,0
TCGA-23-1027-01A-02R-1564-13,0.5446723083850838,1
TCGA-A2-A0CV-01A-31R-A115-07,0.6382035708821888,1
TCGA-B0-5703-01A-11R-1541-07,0.651739326670615,0
TCGA-BH-A18P-01A-11R-A12D-07,0.3552253302803771,0
TCGA-60-2703-01A-11R-2045-07,0.6227508158631339,0
TCGA-DD-AAD6-01A-11R-A41C-07,0.7050709216407085,1
TCGA-5P-A9KA-01A-11R-A42S-07,0.6969967612524894,1
TCGA-IB-7652-01A-11R-2156-07,0.6314993076180351,1
TCGA-97-A4M0-01A-11R-A24X-07,0.6576493568062285,1
TCGA-LN-A4A9-01A-11R-A28J-31,0.6804792102579681,1
TCGA-58-A46M-01A-11R-A24H-07,0.561535447803816,1
TCGA-DD-AADM-01A-11R-A41C-07,0.2021391599536118,1
TCGA-K7-A6G5-01A-11R-A311-07,0.2447517760410868,0
TCGA-55-8204-01A-11R-2241-07,0.7438908683371255,1
TCGA-B4-5834-01A-11R-1672-07,0.3522344823911586,1
TCGA-69-7764-01A-11R-2170-07,0.6244757937156995,1
TCGA-A3-3380-01A-01R-0864-07,0.41410600227243405,0
TCGA-MF-A522-01A-11R-A262-07,0.6001834049308484,1
TCGA-FB-AAPY-01A-11R-A41B-07,0.5197817379222973,1
TCGA-HC-8260-01A-11R-2263-07,0.4305543973624024,1
TCGA-35-3615-01A-01R-0946-07,0.5952658732884135,0
TCGA-BF-AAOX-01A-11R-A39D-07,0.4825127130088086,1
TCGA-49-4510-01A-01R-1206-07,0.6411912939673516,0
TCGA-55-7726-01A-11R-2170-07,0.803618154048323,1
TCGA-D5-6536-01A-11R-1723-07,0.8678319040233031,1
TCGA-43-A56U-01A-11R-A26W-07,0.827414998306175,1
TCGA-EP-A3JL-01A-11R-A213-07,0.4402571752064064,1
TCGA-HC-8258-01A-11R-2263-07,0.30956413104001895,1
TCGA-Z6-A9VB-01A-21R-A37I-31,0.4827845305051685,0
TCGA-V1-A9O5-01A-11R-A41O-07,0.9297878875107548,0
TCGA-77-8146-01A-11R-2247-07,0.6859936590121883,1
TCGA-EU-5906-01A-11R-1672-07,0.2883276060337078,1
TCGA-34-2608-01A-02R-0851-07,0.6645120976858078,0
TCGA-LD-A7W6-01A-81R-A352-07,0.5537075260777016,1
TCGA-B8-4143-01A-01R-1188-07,0.8887778424852137,1
TCGA-BQ-5883-01A-11R-1592-07,0.9604929576780553,1
TCGA-V5-AASV-01A-11R-A38D-31,0.7127508111580866,0
TCGA-A7-A0D9-01A-31R-A056-07,0.5922849680856596,1
TCGA-A6-2676-01A-01R-0826-07,0.6856778019196371,1
TCGA-DM-A1D7-01A-11R-A155-07,0.4916221110679109,1
TCGA-B6-A3ZX-01A-11R-A239-07,0.8390567791482922,1
TCGA-05-4402-01A-01R-1206-07,0.564420353859701,1
TCGA-AA-3555-01A-01R-0821-07,0.6822389665631868,1
TCGA-G3-A7M7-01A-12R-A352-07,0.3371331417176494,1
TCGA-A3-3351-01A-02R-1325-07,0.393248408207902,0
TCGA-EB-A4IQ-01A-12R-A266-07,0.501790676706535,1
TCGA-CJ-4907-01A-01R-1426-07,0.28586254558831603,0
TCGA-B8-5163-01A-01R-1420-07,0.7149536867801631,1
TCGA-AQ-A1H3-01A-31R-A13Q-07,0.36033773374546846,1
TCGA-52-7811-01A-11R-2125-07,0.5994165618749302,1
TCGA-AR-A250-01A-31R-A169-07,0.5034762947466468,1
TCGA-J9-A8CK-01A-11R-A352-07,0.5554400817088495,1
TCGA-A2-A04U-01A-11R-A115-07,0.9209051044449225,1
TCGA-77-6843-01A-11R-1949-07,0.7020211442566334,1
TCGA-EW-A6SD-01A-12R-A33J-07,0.7558903468001628,0
TCGA-BH-A0B5-01A-11R-A12P-07,0.4135451271683924,0
TCGA-29-2425-01A-01R-1569-13,0.5815006373810169,1
TCGA-AA-3972-01A-01R-1022-07,0.44520879879221253,1
TCGA-B6-A0IK-01A-12R-A056-07,0.738607817417493,1
TCGA-V1-A8MJ-01A-11R-A36G-07,0.555771006616992,1
TCGA-B0-5707-01A-11R-1541-07,0.9686262071612805,0
TCGA-13-1409-01A-01R-1565-13,0.5704400066804783,0
TCGA-HC-7817-01B-11R-A29R-07,0.7257177502272529,1
TCGA-LN-A4MR-01A-11R-A28J-31,0.4829969053674917,1
TCGA-CM-4747-01A-01R-1410-07,0.7777612273356805,1
TCGA-BP-5192-01A-01R-1426-07,0.38226178531847504,0
TCGA-CC-A7IF-01A-11R-A33J-07,0.5045363527080565,1
TCGA-75-6212-01A-11R-1755-07,0.606214536311992,1
TCGA-61-2095-01A-01R-1568-13,0.9032529717098954,1
TCGA-BP-4992-01A-01R-1334-07,0.9624332133247128,1
TCGA-KK-A6E7-01A-11R-A31N-07,0.8647432980286299,0
TCGA-24-1469-01A-01R-1566-13,0.6346807075391326,1
TCGA-DD-A73B-01A-12R-A32O-07,0.6098054673591127,1
TCGA-LN-A9FQ-01A-31R-A38D-31,0.6045166468138358,1
TCGA-J2-A4AG-01A-11R-A24H-07,0.4872398399536061,1
TCGA-G6-A8L8-01A-21R-A37O-07,0.8934343152800955,1
TCGA-A2-A0CS-01A-11R-A115-07,0.5538747393668693,1
TCGA-DD-AACA-01A-11R-A41C-07,0.641350978843458,1
TCGA-A2-A0CZ-01A-11R-A034-07,0.7640630311598516,1
TCGA-23-1110-01A-01R-1564-13,0.45145309177938314,0
TCGA-E2-A150-01A-11R-A12D-07,0.8160021284177975,1
TCGA-A6-6142-01A-11R-1774-07,0.8078639926837231,1
TCGA-AO-A124-01A-11R-A10J-07,0.8098271166669616,1
TCGA-NC-A5HJ-01A-11R-A26W-07,0.8827589911972328,1
TCGA-85-8352-01A-31R-2326-07,0.8634253127417565,1
TCGA-B8-5545-01A-01R-1672-07,0.47395949664470016,1
TCGA-DD-A118-01A-11R-A131-07,0.6493227545484433,0
TCGA-NJ-A4YP-01A-11R-A262-07,0.6488063545438577,1
TCGA-94-7557-01A-11R-2125-07,0.6633053809091463,1
TCGA-78-7156-01A-11R-2039-07,0.7957306489926044,1
TCGA-BH-A0HP-01A-12R-A084-07,0.4912646790273758,1
TCGA-B1-A656-01A-11R-A31O-07,0.7699730139475502,1
TCGA-39-5037-01A-01R-1443-07,0.6818378400741577,1
TCGA-CJ-4892-01A-01R-1305-07,0.4083739281158447,1
TCGA-55-1592-01A-01R-0946-07,0.6090952074907222,1
TCGA-E2-A1L7-01A-11R-A144-07,0.6968062852220133,1
TCGA-49-4512-01A-21R-1858-07,0.6727001162069508,0
TCGA-A1-A0SH-01A-11R-A084-07,0.5868767389981621,1
TCGA-G9-6339-01A-12R-A311-07,0.5141982716148487,1
TCGA-67-3771-01A-01R-0946-07,0.6917353793776593,1
TCGA-J7-6720-01A-11R-2139-07,0.5441329713872579,1
TCGA-C8-A12O-01A-11R-A115-07,0.5707328878248641,1
TCGA-CH-5741-01A-11R-1580-07,0.6587416255994479,1
TCGA-EJ-A8FU-01A-11R-A36G-07,0.45121033352788786,1
TCGA-B0-4849-01A-01R-1277-07,0.5073096768993847,1
TCGA-HC-A76W-01A-11R-A33R-07,0.6362978116731411,1
TCGA-CC-A8HT-01A-11R-A36F-07,0.7906188340305954,0
TCGA-G4-6320-01A-11R-1723-07,0.6341599434988799,1
TCGA-BP-4763-01A-01R-1289-07,0.7191601613733508,1
TCGA-A8-A097-01A-11R-A034-07,0.5562289191132077,1
TCGA-73-4662-01A-01R-1206-07,0.5070913428767332,1
TCGA-RC-A7SH-01A-11R-A38B-07,0.8191862672032056,1
TCGA-09-1661-01B-01R-1566-13,0.7454779838886807,1
TCGA-66-2766-01A-01R-0851-07,0.6815732001499514,1
TCGA-A2-A3XZ-01A-42R-A239-07,0.7846907328173406,0
TCGA-36-1581-01A-01R-1566-13,0.903534829764932,1
TCGA-CH-5789-01A-11R-1580-07,0.6944532854021164,1
TCGA-BH-A1F0-01A-11R-A137-07,0.8282213438605316,1
TCGA-91-6847-01A-11R-1949-07,0.8598486600318256,0
TCGA-52-7809-01A-21R-2125-07,0.7296038093251119,1
TCGA-BD-A3ER-01A-11R-A213-07,0.5633147449364723,1
TCGA-13-1511-01A-01R-1565-13,0.7573466580780129,1
TCGA-21-1079-01A-01R-0692-07,0.650859655658632,1
TCGA-BH-A18V-01A-11R-A12D-07,0.7785201695897608,1
TCGA-F4-6569-01A-11R-1774-07,0.8318079683285137,1
TCGA-66-2781-01A-01R-0851-07,0.5576261891692226,1
TCGA-G3-A5SK-01A-11R-A27V-07,0.545510227269279,1
TCGA-AC-A62V-01A-11R-A31O-07,0.8894206615972006,1
TCGA-BP-5195-01A-02R-1426-07,0.3070846671099714,1
TCGA-A8-A0A1-01A-11R-A00Z-07,0.4476560687395625,1
TCGA-38-4629-01A-02R-1206-07,0.7613086398891673,1
TCGA-AC-A5EH-01A-11R-A28M-07,0.7808267816164337,1
TCGA-M7-A721-01A-12R-A32O-07,0.2914814622950186,1
TCGA-23-1028-01A-01R-1564-13,0.6373574244033916,1
TCGA-AZ-5407-01A-01R-1723-07,0.5235402949306001,1
TCGA-56-8625-01A-11R-2403-07,0.7691359058276541,1
TCGA-NC-A5HM-01A-12R-A26W-07,0.6570680100084241,1
TCGA-58-A46L-01A-11R-A24H-07,0.5714206484698895,0
TCGA-B6-A0IH-01A-11R-A115-07,0.6017949459676706,1
TCGA-77-A5FZ-01A-31R-A27Q-07,0.9480911168134297,1
TCGA-CK-4947-01B-11R-1653-07,0.5503529631082077,1
TCGA-AC-A2QI-01A-12R-A19W-07,0.539570224992475,1
TCGA-G3-AAV4-01A-11R-A38B-07,0.536604679856869,1
TCGA-93-7347-01A-11R-2187-07,0.5103379977228094,1
TCGA-LL-A73Z-01A-11R-A32P-07,0.8196625328436478,1
TCGA-AC-A2BK-01A-11R-A21T-07,0.8343192371178544,0
TCGA-25-1315-01A-01R-1565-13,0.4306239297019436,1
TCGA-A2-A0T2-01A-11R-A084-07,0.8815455655183259,1
TCGA-P4-A5E7-01A-31R-A28H-07,0.5060040600466587,0
TCGA-E2-A574-01A-11R-A29R-07,0.9534752306422488,0
TCGA-09-2051-01A-01R-1568-13,0.7088077603980889,1
TCGA-S3-A6ZH-01A-22R-A32P-07,0.5576593342647119,0
TCGA-AA-3548-01A-01R-1873-07,0.631463147054917,1
TCGA-B9-A8YH-01A-11R-A37K-07,0.3632168257240108,0
TCGA-AA-3971-01A-01R-1022-07,0.37071920389881746,0
TCGA-BP-5169-01A-01R-1426-07,0.9558456428395868,1
TCGA-A2-A3XW-01A-11R-A239-07,0.9555072868575377,0
TCGA-AU-3779-01A-01R-1723-07,0.6918531314749656,1
TCGA-21-1071-01A-01R-0692-07,0.607756164993602,1
TCGA-2L-AAQE-01A-11R-A39D-07,0.6024998475068383,1
TCGA-78-7143-01A-11R-2039-07,0.5500163626232609,1
TCGA-CM-5863-01A-21R-1839-07,0.7819774488750451,1
TCGA-85-8288-01A-11R-2296-07,0.6398499755492018,1
TCGA-CC-5259-01A-31R-A213-07,0.5794163248792442,1
TCGA-22-5480-01A-01R-1635-07,0.7013083716848114,1
TCGA-DW-7963-01B-11R-A28H-07,0.3383534773158285,0
TCGA-A1-A0SN-01A-11R-A144-07,0.540014427323819,1
TCGA-V1-A8X3-01A-11R-A37L-07,0.3535547984169431,1
TCGA-E9-A22D-01A-11R-A157-07,0.645530876371076,1
TCGA-B0-5075-01A-01R-1334-07,0.5862988146615832,1
TCGA-AK-3433-01A-02R-1277-07,0.9898984266289207,1
TCGA-BP-4331-01A-01R-1289-07,0.364502548894738,0
TCGA-ES-A2HT-01A-12R-A180-07,0.24216255533414327,1
TCGA-29-1766-01A-01R-1567-13,0.5913465403321587,1
TCGA-HZ-7926-01A-11R-2156-07,0.6049498439453782,1
TCGA-4L-AA1F-01A-11R-A41O-07,0.980994962228988,1
TCGA-Q2-A5QZ-01A-11R-A28H-07,0.9124685851259389,0
TCGA-49-4490-01A-21R-1858-07,0.6709260392754157,1
TCGA-2Y-A9H2-01A-12R-A38B-07,0.9844408038974072,1
TCGA-24-1923-01A-01R-1567-13,0.7569748939610361,1
TCGA-22-4595-01A-01R-1201-07,0.6523348346417034,1
TCGA-44-6147-01B-06R-A277-07,0.8752111553265044,1
TCGA-3A-A9I5-01A-11R-A38C-07,0.8649052921612669,0
TCGA-50-5933-01A-11R-1755-07,0.6622852014222905,1
TCGA-BP-4995-01A-01R-1334-07,0.7788871252576967,1
TCGA-A2-A1FV-01A-11R-A13Q-07,0.5450942437421606,0
TCGA-CZ-4866-01A-01R-1503-07,0.7094201697519821,0
TCGA-F4-6570-01A-11R-1774-07,0.7861219156297315,1
TCGA-BH-A0EI-01A-11R-A115-07,0.5383296532329095,1
TCGA-AA-3713-01A-21R-1723-07,0.7685277168953474,1
TCGA-NI-A4U2-01A-11R-A28V-07,0.5336005864763098,1
TCGA-DD-AADY-01A-11R-A41C-07,0.6998635181539863,1
TCGA-05-4405-01A-21R-1858-07,0.5171023980429632,1
TCGA-EJ-8469-01A-11R-2403-07,0.9160240507846715,1
TCGA-CK-5914-01A-11R-1653-07,0.47283647491216985,1
TCGA-61-2104-01A-01R-1568-13,0.6712271709774483,1
TCGA-95-7562-01A-11R-2241-07,0.7611100747477958,1
TCGA-NK-A5CR-01A-11R-A26W-07,0.46334088904195564,1
TCGA-DD-AACU-01A-11R-A41C-07,0.5583167454388056,1
TCGA-DD-A119-01A-11R-A131-07,0.30372153851464534,1
TCGA-GM-A3NW-01A-21R-A22K-07,0.6447207191524075,1
TCGA-50-8459-01A-11R-2326-07,0.7291086785159733,1
TCGA-AO-A12C-01A-11R-A10J-07,0.4629464857401772,0
TCGA-CK-4950-01A-01R-1723-07,0.43508804545325475,0
TCGA-55-6987-01A-11R-1949-07,0.5637710143672285,1
TCGA-G3-A7M6-01A-11R-A33R-07,0.979665056998611,1
TCGA-EW-A3E8-01B-11R-A24H-07,0.7670784684084675,1
TCGA-AO-A0JB-01A-11R-A32Y-07,0.8863152803181786,1
TCGA-EJ-A8FO-01A-21R-A36G-07,0.28715339917326776,1
TCGA-CM-6168-01A-11R-1653-07,0.7689664861235147,1
TCGA-J4-8198-01A-11R-2263-07,0.5388379894993071,1
TCGA-YL-A8SA-01A-21R-A37L-07,0.6007300561699548,1
TCGA-CJ-5679-01A-11R-1541-07,0.8898832286663293,1
TCGA-LL-A7SZ-01A-32R-A352-07,0.9321445463575002,1
TCGA-CM-6677-01A-11R-1839-07,0.49967027179031004,1
TCGA-BP-4973-01A-01R-1334-07,0.30907484661243867,1
TCGA-2L-AAQJ-01A-12R-A39D-07,0.49757163259083576,1
TCGA-09-0367-01A-01R-1564-13,0.643648141593382,1
TCGA-BQ-7044-01A-11R-1965-07,0.5586754309906143,1
TCGA-B0-4813-01A-01R-1277-07,0.9649412452520617,1
TCGA-24-1104-01A-01R-1565-13,0.6963681719185372,1
TCGA-HC-A6HY-01A-11R-A31N-07,0.5300449069859546,1
TCGA-L5-A8NK-01A-21R-A37I-31,0.44455844908398395,1
TCGA-31-1953-01A-01R-1568-13,0.7126507418276254,1
TCGA-BH-A8FY-01A-11R-A36F-07,0.8128829609669703,1
TCGA-B0-5107-01A-01R-1420-07,0.9681402097956505,0
TCGA-09-1673-01A-01R-1566-13,0.7589723074526897,1
TCGA-CH-5764-01A-21R-1580-07,0.6363996751358915,0
TCGA-2H-A9GN-01A-11R-A37I-31,0.559035557120644,1
TCGA-23-1024-01A-02R-1564-13,0.5600933673191053,0
TCGA-B8-5549-01A-01R-1541-07,0.3273596701273135,1
TCGA-GL-8500-01A-11R-2404-07,0.5099970765049643,1
TCGA-KK-A8IM-01A-11R-A36G-07,0.3501616805127016,0
TCGA-BH-A0BQ-01A-21R-A115-07,0.5812853165249589,1
TCGA-G3-A6UC-01A-21R-A33J-07,0.3470753553918594,1
TCGA-20-1687-01A-01R-1566-13,0.684816139550139,0
TCGA-AC-A2QH-01A-11R-A18M-07,0.9013632675669012,1
TCGA-DM-A28M-01A-12R-A16W-07,0.5411717290756407,1
TCGA-13-0899-01A-01R-1564-13,0.5259750936578474,1
TCGA-2Y-A9GW-01A-11R-A38B-07,0.6854969363204502,1
TCGA-2A-A8VT-01A-11R-A37L-07,0.758382797997163,1
TCGA-D5-6922-01A-11R-1928-07,0.7477424515915769,1
TCGA-24-1847-01A-01R-1566-13,0.7137355033448233,1
TCGA-AC-A2FO-01A-11R-A180-07,0.560256430734628,1
TCGA-UB-A7MC-01A-11R-A33R-07,0.7929570694820094,1
TCGA-MP-A4TK-01A-11R-A24X-07,0.5625738240423345,1
TCGA-04-1542-01A-01R-1566-13,0.6166447226059221,1
TCGA-EW-A1P8-01A-11R-A144-07,0.8497628990789964,1
TCGA-G7-7501-01A-11R-2204-07,0.9386397116436292,1
TCGA-A2-A0D0-01A-11R-A00Z-07,0.9130819046667381,0
TCGA-HC-7079-01A-11R-1965-07,0.9898933111993713,1
TCGA-KK-A8IA-01A-11R-A36G-07,0.5974619128313788,1
TCGA-D5-6529-01A-11R-1774-07,0.7452051229167742,1
TCGA-G4-6304-01A-11R-1928-07,0.5708610499295587,1
TCGA-BH-A0HB-01A-11R-A056-07,0.6484954426014364,1
TCGA-CJ-4882-01A-02R-1426-07,0.7882679311389227,1
TCGA-24-1435-01A-01R-1566-13,0.5747476965837942,1
TCGA-AA-3492-01A-01R-1410-07,0.6228357717288523,0
TCGA-IZ-8196-01A-11R-2404-07,0.7501183515738549,1
TCGA-UB-A7ME-01A-11R-A33J-07,0.6780264350889961,0
TCGA-6A-AB49-01A-12R-A405-07,0.8985551465618351,1
TCGA-63-7021-01A-11R-1949-07,0.5898289567136111,1
TCGA-A2-A0EN-01A-13R-A084-07,0.6007423194195546,0
TCGA-A8-A0A2-01A-11R-A034-07,0.3903869371313123,0
TCGA-DD-AACX-01A-11R-A41C-07,0.48192888588403726,1
TCGA-E2-A14O-01A-31R-A115-07,0.7459850509050887,1
TCGA-AA-3695-01A-01R-0905-07,0.9905250252097906,1
TCGA-A2-A0EM-01A-11R-A034-07,0.3825885487249157,1
TCGA-AA-3549-01A-02R-0821-07,0.502869109262255,1
TCGA-ED-A7XP-01A-11R-A352-07,0.7430158655595213,1
TCGA-97-7938-01A-11R-2170-07,0.6438083515039849,1
TCGA-23-1122-01A-01R-1565-13,0.518686169664432,1
TCGA-AA-A01I-01A-02R-A089-07,0.738513938145881,1
TCGA-ZS-A9CG-01A-11R-A37K-07,0.3789309061351897,1
TCGA-A7-A0DA-01A-31R-A115-07,0.7882054742890705,1
TCGA-29-1701-01A-01R-1567-13,0.773622918078494,1
TCGA-LN-A4A6-01A-11R-A260-31,0.37561827876265186,0
TCGA-2H-A9GQ-01A-11R-A37I-31,0.8125709408023403,1
TCGA-B8-4620-01A-02R-1325-07,0.5813993403266257,1
TCGA-B0-4718-01A-01R-1277-07,0.7419913575149539,1
TCGA-AA-3861-01A-01R-1022-07,0.4543315058500358,1
TCGA-D5-6932-01A-11R-1928-07,0.49472275618168204,1
TCGA-55-8091-01A-11R-2241-07,0.6223358508926542,1
TCGA-64-1681-01A-11R-2066-07,0.5746278276801776,1
TCGA-VR-AA7I-01A-11R-A406-31,0.5711506202225738,0
TCGA-AZ-4308-01A-01R-1410-07,0.7319888885870182,1
TCGA-13-1403-01A-01R-1565-13,0.6772220591530894,1
TCGA-AL-3471-01A-02R-1351-07,0.7014893856112386,1
TCGA-23-2078-01A-01R-1568-13,0.6802752409751384,1
TCGA-25-2409-01A-01R-1569-13,0.5290679515273957,1
TCGA-BH-A0W7-01A-11R-A115-07,0.6281291879541965,1
TCGA-DM-A1D6-01A-21R-A155-07,0.7450426631562207,1
TCGA-13-1512-01A-01R-1565-13,0.7731084107662787,1
TCGA-23-1111-01A-01R-1567-13,0.6466694284631054,1
TCGA-43-6647-01A-11R-1820-07,0.7425400993925932,1
TCGA-85-7698-01A-11R-2125-07,0.39983508556885833,1
TCGA-MW-A4EC-01A-11R-A266-07,0.5718118292112319,1
TCGA-58-A46J-01A-11R-A24H-07,0.6961466762889661,1
TCGA-DD-AAVX-01A-11R-A41C-07,0.39774494036571023,1
TCGA-29-1777-01A-01R-1567-13,0.689208763108684,1
TCGA-A2-A3XX-01A-21R-A239-07,0.8522000187742795,1
TCGA-55-7725-01A-11R-2170-07,0.7409404091289776,1
TCGA-BH-A0DP-01A-21R-A056-07,0.5008888164270512,1
TCGA-PD-A5DF-01A-11R-A27V-07,0.7206690755440464,1
TCGA-77-7465-01A-11R-2045-07,0.7250963061215602,1
TCGA-A6-5659-01A-01R-A278-07,0.8830438945421881,1
TCGA-A8-A08G-01A-11R-A00Z-07,0.5037598738861324,1
TCGA-39-5029-01A-01R-1443-07,0.6085053208298272,0
TCGA-DD-AAVQ-01A-11R-A41C-07,0.7878673043966106,1
TCGA-BH-A0DK-01A-21R-A056-07,0.6295665448309509,1
TCGA-AC-A2QJ-01A-12R-A19W-07,0.9863125152166398,1
TCGA-BP-4799-01A-01R-1305-07,0.9027039897838047,1
TCGA-18-3415-01A-01R-0980-07,0.5380644960264243,1
TCGA-22-A5C4-01A-12R-A27Q-07,0.7623546426444476,1
TCGA-Y8-A896-01A-11R-A36F-07,0.7175465901734351,1
TCGA-AC-A2FG-01A-11R-A17B-07,0.47804171238736,1
TCGA-CW-5584-01A-01R-1541-07,0.3922441599208306,1
TCGA-58-8387-01A-11R-2296-07,0.7047548565166357,1
TCGA-55-7724-01A-11R-2170-07,0.7834248292241527,1
TCGA-AO-A12B-01A-11R-A10J-07,0.7641507922402601,1
TCGA-KC-A7F3-01A-21R-A33R-07,0.37853879236531046,1
TCGA-49-4514-01A-21R-1858-07,0.8726736163923597,1
TCGA-A8-A09N-01A-11R-A00Z-07,0.6371022382405065,1
TCGA-C8-A12W-01A-11R-A115-07,0.6298062533897353,1
TCGA-BP-4797-01A-01R-1305-07,0.47678697594883485,0
TCGA-G3-A7M9-01A-23R-A352-07,0.9783555071211787,1
TCGA-55-7815-01A-11R-2170-07,0.7541741372554644,1
TCGA-EJ-A8FP-01A-21R-A36G-07,0.458071973260193,1
TCGA-AN-A0FT-01A-11R-A034-07,0.7609963717646204,0
TCGA-A2-A25A-01A-12R-A16F-07,0.6192771806130007,1
TCGA-33-4547-01A-01R-1201-07,0.4450825542842925,0
TCGA-G9-7523-01A-11R-2263-07,0.9427954813704525,1
TCGA-KK-A8II-01A-11R-A36G-07,0.5903366904340179,1
TCGA-09-2048-01A-01R-1568-13,0.7060271739449638,1
TCGA-B0-4824-01A-01R-1277-07,0.4410507789097777,1
TCGA-BH-A0DH-01A-11R-A084-07,0.5962140586387137,0
TCGA-55-8615-01A-11R-2403-07,0.7159935981999558,1
TCGA-78-8648-01A-11R-2403-07,0.6101258277765751,0
TCGA-05-4426-01A-01R-1206-07,0.6965930079186439,1
TCGA-CW-6087-01A-11R-1672-07,0.9741331716144364,1
TCGA-BH-A2L8-01A-11R-A18M-07,0.6529815621221552,1
TCGA-64-1680-01A-02R-0946-07,0.6561410899686286,1
TCGA-ER-A19T-01A-11R-A18T-07,0.883384622000643,1
TCGA-IB-7891-01A-11R-2204-07,0.6111026306434904,1
TCGA-SX-A7SN-01A-11R-A355-07,0.3182170714538417,0
TCGA-EJ-7793-01A-31R-2263-07,0.36966840170531184,1
TCGA-23-1118-01A-01R-1564-13,0.5999337434410684,1
TCGA-AQ-A54N-01A-11R-A266-07,0.9458191667065337,1
TCGA-DD-AAW1-01A-11R-A41C-07,0.45821620945100283,1
TCGA-L5-A43E-01A-11R-A24K-31,0.6794143606961047,1
TCGA-AA-A00O-01A-02R-A089-07,0.8653056943308448,0
TCGA-24-2261-01A-01R-1568-13,0.6870772373487397,1
TCGA-AA-3688-01A-01R-0905-07,0.33139914473207727,0
TCGA-UZ-A9PV-01A-11R-A42S-07,0.33264082978452464,1
TCGA-37-A5EN-01A-21R-A26W-07,0.6277566687035538,1
TCGA-09-2053-01C-01R-1568-13,0.5458876396899202,1
TCGA-EW-A1J5-01A-11R-A13Q-07,0.4429501661474079,1
TCGA-IB-AAUQ-01A-22R-A41I-07,0.4813784089639298,1
TCGA-A2-A0SX-01A-12R-A084-07,0.7765415616578991,1
TCGA-H8-A6C1-01A-11R-A32O-07,0.4663558827800128,0
TCGA-P4-AAVO-01A-11R-A42S-07,0.7228598968911137,1
TCGA-A7-A6VY-01A-12R-A33J-07,0.8889131723721877,1
TCGA-BP-5177-01A-01R-1426-07,0.5997720111391124,0
TCGA-37-4141-01A-02R-1100-07,0.8607718869366577,0
TCGA-85-8355-01A-11R-2296-07,0.6935977758701969,1
TCGA-60-2719-01A-01R-0851-07,0.5894965225456967,1
TCGA-AA-A01C-01A-01R-A00A-07,0.4541790517229185,1
TCGA-G9-6329-01A-13R-1965-07,0.6134193439020905,1
TCGA-BH-A0HK-01A-11R-A056-07,0.6045945472773858,1
TCGA-34-5239-01A-21R-1820-07,0.7174961925198337,0
TCGA-NC-A5HH-01A-11R-A26W-07,0.8541495102306971,1
TCGA-NC-A5HK-01A-11R-A26W-07,0.8328915530461878,1
TCGA-69-7973-01A-11R-2187-07,0.6852214631908712,1
TCGA-77-8128-01A-11R-2247-07,0.5524114996979373,1
TCGA-B0-5700-01A-11R-1541-07,0.741526024978272,1
TCGA-IB-8126-01A-11R-2404-07,0.7307323409232054,1
TCGA-QL-A97D-01A-12R-A41B-07,0.42357637890868516,0
TCGA-XR-A8TC-01A-11R-A36F-07,0.6790716848156668,1
TCGA-63-A5MU-01A-11R-A26W-07,0.5843215505281113,1
TCGA-B8-A54F-01A-11R-A266-07,0.529284062780863,0
TCGA-78-7220-01A-11R-2039-07,0.8314962346478472,1
TCGA-97-8176-01A-11R-2403-07,0.6773307681525936,1
TCGA-G4-6293-01A-11R-1723-07,0.6069857117138943,1
TCGA-05-5715-01A-01R-1628-07,0.6567022937400518,1
TCGA-E2-A1IF-01A-11R-A144-07,0.7491436809004599,1
TCGA-AC-A3YI-01A-21R-A239-07,0.7843954117477944,1
TCGA-2J-AAB6-01A-11R-A41B-07,0.6728296106070653,1
TCGA-B1-A47N-01A-11R-A24Z-07,0.7394834933344824,1
TCGA-D8-A1JL-01A-11R-A13Q-07,0.7723448836983107,1
TCGA-SS-A7HO-01A-21R-A37K-07,0.7390202137396304,1
TCGA-58-8390-01A-11R-2326-07,0.6605912896018055,1
TCGA-85-8582-01A-21R-2403-07,0.6741762048770321,1
TCGA-J9-A8CL-01A-11R-A352-07,0.7729653797551941,1
TCGA-BQ-5888-01A-11R-1592-07,0.7902499565552037,1
TCGA-GM-A2DF-01A-11R-A180-07,0.8977883925235652,1
TCGA-CJ-4891-01A-01R-1305-07,0.9104105180509668,1
TCGA-E2-A14R-01A-11R-A115-07,0.8445539367599333,1
TCGA-30-1853-01A-02R-1567-13,0.5629761861257482,1
TCGA-EV-5903-01A-11R-1592-07,0.6718158638078296,1
TCGA-G9-6353-01A-11R-1965-07,0.3992917804070313,0
TCGA-BC-A110-01A-11R-A131-07,0.8063472525309991,1
TCGA-04-1648-01A-01R-1567-13,0.7750564501090952,1
TCGA-55-6983-01A-11R-1949-07,0.5847917347424466,1
TCGA-WX-AA44-01A-11R-A39D-07,0.8532107284095473,1
TCGA-C8-A132-01A-31R-A115-07,0.4873183391022626,0
TCGA-A2-A0CU-01A-12R-A034-07,0.5761880137962717,1
TCGA-46-3769-01A-01R-0980-07,0.8116101444608045,0
TCGA-PE-A5DC-01A-12R-A27Q-07,0.7530631713626343,1
TCGA-2J-AAB9-01A-11R-A41B-07,0.27912641394138976,0
TCGA-21-1083-01A-01R-0692-07,0.6742511296772105,1
TCGA-E2-A15F-01A-11R-A115-07,0.527971538334453,1
TCGA-BH-A1F5-01A-12R-A13Q-07,0.5629874080802877,1
TCGA-EW-A1P4-01A-21R-A144-07,0.890331350839963,1
TCGA-29-1778-01A-01R-1567-13,0.5747114123768539,1
TCGA-30-1718-01A-01R-1567-13,0.6401421364233694,1
TCGA-86-8074-01A-11R-2241-07,0.5942501714978478,1
TCGA-A6-6782-01A-11R-1839-07,0.648649458472117,1
TCGA-IA-A83V-01A-11R-A355-07,0.5373508308741182,0
TCGA-KK-A6E5-01A-11R-A311-07,0.36857504798549845,1
TCGA-L9-A5IP-01A-21R-A39D-07,0.7492991861006982,0
TCGA-58-8391-01A-11R-2326-07,0.5544924214480974,1
TCGA-KK-A8IK-01A-11R-A36G-07,0.899979472973066,1
TCGA-F4-6807-01A-11R-1839-07,0.7729978118135035,1
TCGA-EJ-5516-01A-01R-1580-07,0.9299305867959735,1
TCGA-85-8350-01A-11R-2296-07,0.677243012271855,1
TCGA-KK-A7AZ-01A-12R-A32O-07,0.7637454318222273,1
TCGA-DW-7842-01A-11R-A32Z-07,0.634784773728991,1
TCGA-OL-A6VQ-01A-12R-A41B-07,0.550161803435353,1
TCGA-31-1946-01A-01R-1568-13,0.6230312887356346,0
TCGA-AZ-6606-01A-11R-1839-07,0.569233156081317,1
TCGA-DD-AAD1-01A-11R-A41C-07,0.9472360474442265,1
TCGA-A2-A0CO-01A-13R-A22K-07,0.8533386545118867,1
TCGA-CM-4750-01A-01R-1410-07,0.47661965395262545,1
TCGA-AC-A4ZE-01A-11R-A41B-07,0.6170341425007642,1
TCGA-BP-4327-01A-01R-1289-07,0.5153973304285528,1
TCGA-UZ-A9PX-01A-11R-A42S-07,0.3556144049668187,1
TCGA-BH-A0B9-01A-11R-A056-07,0.8758949261858812,1
TCGA-FB-AAQ0-01A-31R-A41B-07,0.6735080085124483,1
TCGA-A8-A09K-01A-11R-A00Z-07,0.5164772232329324,1
TCGA-55-1595-01A-01R-0946-07,0.6374982590428858,1
TCGA-J4-A83K-01A-11R-A352-07,0.2387520905847827,1
TCGA-A2-A1G4-01A-11R-A13Q-07,0.521028604451775,1
TCGA-A2-A04T-01A-21R-A034-07,0.8180069068784265,1
TCGA-V1-A8MK-01A-11R-A36G-07,0.2922130347254178,1
TCGA-AN-A03X-01A-21R-A00Z-07,0.6158077672025432,1
TCGA-97-7547-01A-11R-2039-07,0.701478657545795,1
TCGA-AD-6889-01A-11R-1928-07,0.6139023401091951,1
TCGA-KK-A7AW-01A-11R-A32O-07,0.9638222618286312,1
TCGA-AO-A03N-01B-11R-A10J-07,0.7279717250933002,1
TCGA-EJ-5530-01A-01R-1580-07,0.4220705209193646,0
TCGA-P4-AAVM-01A-11R-A42S-07,0.680861780600363,1
TCGA-66-2778-01A-02R-0851-07,0.8034747622520465,1
TCGA-HC-A6AP-01A-11R-A30B-07,0.8339206086048493,0
TCGA-Z6-AAPN-01A-11R-A406-31,0.7585808347528388,0
TCGA-CJ-4886-01A-01R-1305-07,0.15847493412380542,0
TCGA-BP-4769-01A-01R-1289-07,0.8169101556154986,1
TCGA-D8-A1XM-01A-21R-A14M-07,0.42553996312323494,1
TCGA-A7-A4SA-01A-11R-A266-07,0.730194985956019,1
TCGA-LN-A7HZ-01A-31R-A354-31,0.8560236094804504,1
TCGA-AR-A1AO-01A-11R-A12P-07,0.8244943325370822,1
TCGA-Y6-A9XI-01A-11R-A41O-07,0.4745682953187291,1
TCGA-31-1951-01A-01R-1568-13,0.7084412406847708,1
TCGA-25-1318-01A-01R-1565-13,0.7329343833300189,1
TCGA-B0-5099-01A-01R-1420-07,0.6628364861604934,1
TCGA-CH-5794-01A-11R-1580-07,0.4870494740357804,1
TCGA-BQ-5894-01A-11R-1592-07,0.9531044980832153,1
TCGA-CZ-4863-01A-01R-1503-07,0.39428094804046643,1
TCGA-DD-AADJ-01A-11R-A41C-07,0.2909447258401476,1
TCGA-B0-4845-01A-01R-1277-07,0.4879492000676056,1
TCGA-BC-A216-01A-11R-A155-07,0.9035001060825985,1
TCGA-CJ-4871-01A-01R-1305-07,0.45492415477693676,1
TCGA-B0-5710-01A-11R-1672-07,0.48620318421627184,1
TCGA-CH-5750-01A-11R-1580-07,0.6285753399618987,0
TCGA-DV-5566-01A-01R-1541-07,0.6341663715585326,1
TCGA-BC-A10X-01A-11R-A131-07,0.7132355876830713,0
TCGA-60-2721-01A-01R-0851-07,0.5982069667271713,1
TCGA-F2-7273-01A-11R-2156-07,0.6721955386389624,1
TCGA-05-4389-01A-01R-1206-07,0.6690757874147452,1
TCGA-A8-A083-01A-21R-A00Z-07,0.5549165917424994,1
TCGA-EJ-7317-01A-31R-2118-07,0.4267946465445731,1
TCGA-24-2023-01A-01R-1567-13,0.6175592868052447,1
TCGA-B6-A0RM-01A-11R-A084-07,0.579647388291693,1
TCGA-56-A5DS-01A-11R-A27Q-07,0.5951906449404687,1
TCGA-CJ-5672-01A-11R-1541-07,0.5524244815452862,1
TCGA-73-7498-01A-12R-2187-07,0.5079563968110825,1
TCGA-GM-A2DH-01A-11R-A180-07,0.6498868263556477,0
TCGA-A8-A082-01A-11R-A00Z-07,0.5867582888365426,1
TCGA-DD-A4NI-01A-11R-A27V-07,0.5779056977514456,1
TCGA-G4-6626-01A-11R-1774-07,0.557216857503012,1
TCGA-CH-5738-01A-11R-1580-07,0.6324975475181523,1
TCGA-79-5596-01A-31R-1949-07,0.5107454705744178,1
TCGA-A6-5656-01A-21R-A278-07,0.8750491714168154,0
TCGA-BP-4766-01A-01R-1289-07,0.44425900698461923,1
TCGA-XQ-A8TB-01A-11R-A36G-07,0.5639620014078955,1
TCGA-BP-4337-01A-01R-1289-07,0.7573472533120128,1
TCGA-G9-A9S4-01A-11R-A41O-07,0.7892742896903363,1
TCGA-CH-5762-01A-11R-1580-07,0.7621903294477235,1
TCGA-B0-5106-01A-01R-1420-07,0.47423413844448575,1
TCGA-V1-A9OX-01A-11R-A41O-07,0.4971834967811557,0
TCGA-DD-AADU-01A-11R-A41C-07,0.3271374540567988,1
TCGA-A3-3385-01A-02R-1420-07,0.7430010153876335,1
TCGA-90-7964-01A-21R-2187-07,0.7746163814299093,1
TCGA-55-7913-01B-11R-2241-07,0.7349684592359174,0
TCGA-AN-A0AJ-01A-11R-A00Z-07,0.6186329945512914,0
TCGA-09-1670-01A-01R-1566-13,0.5761237120506828,1
TCGA-A4-7734-01A-11R-A32Z-07,0.8390804333281865,1
TCGA-55-7914-01A-11R-2170-07,0.6462773848763069,1
TCGA-77-7140-01A-41R-2045-07,0.5663556168556124,1
TCGA-VN-A943-01A-11R-A41O-07,0.5410984344276845,0
TCGA-B0-5108-01A-01R-1420-07,0.5345973359768088,1
TCGA-J9-A8CN-01A-11R-A352-07,0.4848824385894808,1
TCGA-13-1485-01A-02R-1565-13,0.8380622119766588,1
TCGA-33-AASL-01A-11R-A405-07,0.7074091822201254,1
TCGA-CC-5264-01A-01R-A131-07,0.9243742579653534,1
TCGA-CK-4952-01A-01R-1723-07,0.7266500723460589,1
TCGA-04-1530-01A-02R-1569-13,0.6136709099854,1
TCGA-80-5608-01A-31R-1949-07,0.6198495517855412,0
TCGA-B1-A657-01A-11R-A31O-07,0.35086552977448127,1
TCGA-AA-3489-01A-21R-1839-07,0.8821085113737822,1
TCGA-OL-A66O-01A-11R-A31O-07,0.8934000805260647,1
TCGA-5L-AAT1-01A-12R-A41B-07,0.7338904457476192,0
TCGA-55-6986-01A-11R-1949-07,0.6445413500141537,1
TCGA-FB-A4P5-01A-11R-A26U-07,0.400402704241184,1
TCGA-AK-3428-01A-02R-1277-07,0.5402177459013096,0
TCGA-4T-AA8H-01A-11R-A41B-07,0.5919998576419935,1
TCGA-L5-A88Y-01A-11R-A354-31,0.7065065348636322,1
TCGA-VN-A88K-01A-11R-A352-07,0.5831574956595311,0
TCGA-58-A46N-01A-11R-A24H-07,0.4953641150974574,1
TCGA-YL-A9WH-01A-11R-A37L-07,0.8851639077937976,1
TCGA-44-6776-01A-11R-1858-07,0.5516311169397812,0
TCGA-97-A4M6-01A-11R-A24X-07,0.5316942454058908,1
TCGA-33-4583-01A-01R-1443-07,0.5659470587972717,1
TCGA-2Y-A9H9-01A-21R-A39D-07,0.26550239818994464,0
TCGA-D8-A27L-01A-11R-A16F-07,0.4620051107885273,1
TCGA-F4-6704-01A-11R-1839-07,0.9288696649978796,1
TCGA-63-A5MY-01A-11R-A26W-07,0.7432119860610432,1
TCGA-AA-3666-01A-02R-0905-07,0.6011591911970182,1
TCGA-A8-A08Z-01A-21R-A00Z-07,0.5051644011777641,1
TCGA-V1-A9Z9-01A-21R-A41O-07,0.34570640943321207,1
TCGA-3A-A9IR-01A-11R-A38C-07,0.9853210439042915,1
TCGA-24-1436-01A-01R-1566-13,0.5725121980121637,0
TCGA-BH-A0AU-01A-11R-A12P-07,0.5223853109627037,1
TCGA-G9-6379-01A-11R-A31N-07,0.9193010346138015,0
TCGA-DD-AADR-01A-11R-A41C-07,0.38256760320112887,1
TCGA-EB-A4OY-01A-11R-A266-07,0.34657848003807645,1
TCGA-63-A5MG-01A-12R-A27Q-07,0.6841233025380863,0
TCGA-BP-4341-01A-01R-1289-07,0.6180313473420128,1
TCGA-B8-5550-01A-01R-1541-07,0.632865120630929,1
TCGA-50-5935-01A-11R-1755-07,0.5165698205249563,1
TCGA-D5-6929-01A-31R-1928-07,0.5645619632433613,1
TCGA-55-A48X-01A-11R-A24H-07,0.4223422306683601,1
TCGA-BH-A0HA-01A-11R-A12P-07,0.7188773559558685,1
TCGA-AD-5900-01A-11R-1653-07,0.5749326382110551,0
TCGA-50-5049-01A-01R-1628-07,0.6445118790610396,1
TCGA-BH-A0B7-01A-12R-A115-07,0.6475500675174639,1
TCGA-33-AAS8-01A-11R-A405-07,0.490121015956412,1
TCGA-BH-A0GZ-01A-11R-A056-07,0.6855982455043566,1
TCGA-LN-A4A1-01A-21R-A260-31,0.6051950349718473,1
TCGA-XK-AAIW-01A-11R-A41O-07,0.9403937207436307,1
TCGA-98-8021-01A-11R-2247-07,0.5659855771427624,1
TCGA-B6-A0WX-01A-11R-A109-07,0.7390173153848781,1
TCGA-EB-A82B-01A-11R-A352-07,0.5959169887785336,0
TCGA-25-1324-01A-01R-1565-13,0.6623794108487983,1
TCGA-13-1482-01A-01R-1565-13,0.5575895746528912,1
TCGA-KH-A6WC-01A-11R-A336-31,0.7095109585022722,1
TCGA-KC-A7FA-01A-21R-A33R-07,0.5078507632536009,1
TCGA-B2-4098-01A-02R-1325-07,0.9203816364739718,1
TCGA-EJ-A7NH-01A-12R-A33R-07,0.3695908336309171,0
TCGA-CJ-5686-01A-11R-1672-07,0.3252721142529701,0
TCGA-V1-A8MU-01A-11R-A37L-07,0.4657192109939703,0
TCGA-67-3774-01A-01R-0946-07,0.5584368715131997,1
TCGA-93-8067-01A-11R-2287-07,0.706849293331696,1
TCGA-CJ-4923-01A-01R-1426-07,0.7513352508958595,1
TCGA-G6-A8L6-01A-11R-A37O-07,0.7815257127034223,1
TCGA-EB-A5SF-01A-11R-A311-07,0.359839280813032,1
TCGA-34-2600-01A-01R-0851-07,0.7825578543141796,1
TCGA-E9-A1NF-01A-11R-A14D-07,0.7119686732702002,1
TCGA-A8-A08L-01A-11R-A00Z-07,0.6797926960817542,0
TCGA-AO-A0J4-01A-11R-A034-07,0.7995096429679714,1
TCGA-55-8203-01A-11R-2241-07,0.49735691630302903,1
TCGA-LN-A49S-01A-11R-A24K-31,0.7204475959925899,1
TCGA-NC-A5HP-01A-11R-A26W-07,0.5937620006100565,1
TCGA-BH-A1FB-01A-11R-A13Q-07,0.5646854861090206,1
TCGA-53-A4EZ-01A-12R-A24X-07,0.8470779604535845,1
TCGA-69-7978-01A-11R-2187-07,0.5524869719806453,1
TCGA-UB-AA0U-01A-11R-A38B-07,0.7847302109273102,1
TCGA-44-7662-01A-11R-2066-07,0.5703031562612701,1
TCGA-E2-A14P-01A-31R-A12D-07,0.8061268825661897,1
TCGA-66-2770-01A-01R-0851-07,0.5402830107736519,1
TCGA-GL-A4EM-01A-11R-A24Z-07,0.7527372656674889,1
TCGA-A3-3357-01A-02R-1420-07,0.5667371213393784,1
TCGA-AA-A01D-01A-01R-A00A-07,0.7342572942672511,1
TCGA-39-5040-01A-21R-2125-07,0.8930584324474166,1
TCGA-2Y-A9H6-01A-11R-A39D-07,0.6538125804996496,1
TCGA-38-6178-01A-11R-1755-07,0.5916556121369653,1
TCGA-G3-A25Z-01A-11R-A16W-07,0.3032282472260064,1
TCGA-BH-A204-01A-11R-A157-07,0.5867978681195737,1
TCGA-AA-A01Z-01A-11R-A083-07,0.5501527135535075,1
TCGA-FB-AAPU-01A-31R-A41B-07,0.8376563566997782,1
TCGA-18-3406-01A-01R-0980-07,0.7895676080699726,0
TCGA-HC-7742-01A-11R-2118-07,0.6028248338813875,1
TCGA-B0-4691-01A-01R-1277-07,0.8346130223410401,1
TCGA-18-3408-01A-01R-0980-07,0.7772162106195911,0
TCGA-A8-A07W-01A-11R-A00Z-07,0.5515061546818274,1
TCGA-OL-A6VR-01A-32R-A33J-07,0.7495727693950948,1
TCGA-CA-6718-01A-11R-1839-07,0.8234122598704564,1
TCGA-04-1357-01A-01R-1565-13,0.7524181112327192,0
TCGA-X4-A8KS-01A-12R-A36G-07,0.8016466657889076,1
TCGA-EW-A2FR-01A-11R-A21T-07,0.7148118792745896,1
TCGA-A8-A0A9-01A-11R-A00Z-07,0.48521772431796606,1
TCGA-J4-A83N-01A-11R-A352-07,0.3378072644055436,1
TCGA-CJ-4872-01A-01R-1305-07,0.44555619151436454,1
TCGA-B0-5081-01A-01R-1334-07,0.6485543837127754,1
TCGA-E9-A24A-01A-11R-A169-07,0.35274251279089525,0
TCGA-DD-A73E-01A-12R-A32O-07,0.645252293242225,1
TCGA-LA-A7SW-01A-11R-A405-07,0.8109640517550325,1
TCGA-C8-A12U-01A-11R-A115-07,0.7472682377143546,1
TCGA-B0-5097-01A-01R-1420-07,0.7179869524481707,1
TCGA-13-0795-01A-01R-1564-13,0.7469700439361766,1
TCGA-A7-A56D-01A-11R-A27Q-07,0.9573092774814089,1
TCGA-G3-A25S-01A-11R-A16W-07,0.26828208844681245,1
TCGA-XQ-A8TA-01A-11R-A36G-07,0.9913123548240144,1
TCGA-BP-4335-01A-01R-1289-07,0.4536758241684376,1
TCGA-CC-5258-01A-01R-A131-07,0.9160391341923854,1
TCGA-HC-A48F-01A-11R-A250-07,0.6980787916749567,1
TCGA-93-A4JN-01A-11R-A24X-07,0.6339618479405265,1
TCGA-DD-AADI-01A-11R-A41C-07,0.6603715997458004,0
TCGA-A8-A090-01A-11R-A00Z-07,0.46492860524776186,1
TCGA-66-2785-01A-01R-0851-07,0.8386339326899279,0
TCGA-61-2097-01A-02R-1568-13,0.7941851218664614,1
TCGA-5P-A9K2-01A-11R-A42S-07,0.5931112145695567,1
TCGA-KK-A8IC-01A-11R-A36G-07,0.6818620022558431,0
TCGA-A7-A26E-01A-11R-A277-07,0.6779468125442654,1
TCGA-50-5066-01A-01R-1628-07,0.8531867274125687,1
TCGA-D8-A27N-01A-11R-A16F-07,0.6248900696097637,0
TCGA-78-7166-01A-12R-2066-07,0.7464204491785146,0
TCGA-E9-A1R3-01A-31R-A14M-07,0.5578975352684128,0
TCGA-97-A4M2-01A-12R-A24X-07,0.5826236211479369,1
TCGA-BQ-7056-01A-11R-1965-07,0.7326098823069109,1
TCGA-13-0724-01A-01R-1564-13,0.47138195721504794,0
TCGA-BH-A0HW-01A-11R-A034-07,0.7041319384495525,1
TCGA-PE-A5DE-01A-11R-A27Q-07,0.7101091928282248,1
TCGA-2L-AAQI-01A-12R-A39D-07,0.6075970185346434,0
TCGA-2A-A8VV-01A-11R-A37L-07,0.297017089965535,1
TCGA-39-5016-01A-01R-1443-07,0.5119248528366391,0
TCGA-D5-6930-01A-11R-1928-07,0.6269933745364368,1
TCGA-D8-A27I-01A-11R-A16F-07,0.5463810914370277,1
TCGA-V1-A8ML-01A-11R-A37L-07,0.37901756606217324,1
TCGA-85-6798-01A-11R-1949-07,0.5731423224986442,1
TCGA-AA-3510-01A-01R-1410-07,0.4960309953301233,1
TCGA-98-A53A-01A-11R-A262-07,0.5320421042340707,1
TCGA-A4-A772-01A-11R-A33Z-07,0.20405392081424828,0
TCGA-MP-A4TC-01A-11R-A24X-07,0.583100158259791,1
TCGA-49-6745-01A-11R-1858-07,0.5980126472593598,1
TCGA-10-0927-01A-02R-1564-13,0.5096752803256692,0
TCGA-A2-A0CT-01A-31R-A056-07,0.656146842657957,1
TCGA-99-8025-01A-11R-2241-07,0.6162025551086925,1
TCGA-ZS-A9CE-01A-11R-A37K-07,0.22380768177068516,0
TCGA-AO-A0J6-01A-11R-A034-07,0.8773954604673467,1
TCGA-CA-6715-01A-21R-1839-07,0.5065686437086326,1
TCGA-AR-A255-01A-11R-A169-07,0.39571029716056777,0
TCGA-61-2088-01A-01R-1568-13,0.74336293265263,1
TCGA-DD-A4NV-01A-11R-A311-07,0.6534717696779462,1
TCGA-K7-A5RF-01A-11R-A28V-07,0.5651005343110264,1
TCGA-RC-A6M6-01A-11R-A32O-07,0.9005266718224676,1
TCGA-EP-A12J-01A-11R-A131-07,0.4330437511738285,1
TCGA-BH-A0BW-01A-11R-A115-07,0.8306795584688972,1
TCGA-56-A4BY-01A-11R-A24H-07,0.5764034881613588,1
TCGA-AA-3980-01A-02R-1022-07,0.6282746547644996,1
TCGA-55-8507-01A-11R-2403-07,0.597789136587611,0
TCGA-BH-A0BS-01A-11R-A12P-07,0.4765974696576537,1
TCGA-DD-A4NH-01A-11R-A27V-07,0.9501100182539166,1
TCGA-L9-A443-01A-12R-A24H-07,0.640600528093134,1
TCGA-IB-7893-01A-11R-2204-07,0.8943448328893489,0
TCGA-C8-A26W-01A-11R-A16F-07,0.559657667628925,1
TCGA-AA-3866-01A-01R-1022-07,0.5934711259163875,1
TCGA-AA-3966-01A-01R-1113-07,0.8294161795633813,0
TCGA-24-1425-01A-02R-1566-13,0.8347435859932972,1
TCGA-J9-A52D-01A-11R-A29R-07,0.7572233930179789,1
TCGA-2Z-A9JQ-01A-11R-A42S-07,0.6832385274785713,1
TCGA-AA-3941-01A-01R-1022-07,0.646559506967367,1
TCGA-77-7337-01A-21R-2045-07,0.5856631542152078,1
TCGA-92-8063-01A-11R-2247-07,0.6666885605879141,1
TCGA-BH-A0EA-01A-11R-A115-07,0.5560653695452741,1
TCGA-EJ-7330-01A-11R-2118-07,0.6741778173547163,1
TCGA-CC-A3MC-01A-11R-A22L-07,0.6707880394133591,1
TCGA-DD-AADD-01A-11R-A41C-07,0.75621279273293,1
TCGA-EJ-7314-01A-31R-2118-07,0.48766278224557147,1
TCGA-E2-A109-01A-11R-A10J-07,0.5995985064502966,1
TCGA-AO-A1KR-01A-12R-A144-07,0.9326831034797699,1
TCGA-EJ-A7NK-01A-12R-A352-07,0.44259591324266756,1
TCGA-56-A4ZK-01A-11R-A262-07,0.4377370884521612,1
TCGA-B0-5117-01A-01R-1420-07,0.9857193579723883,0
TCGA-A2-A04R-01A-41R-A109-07,0.5061094965259795,1
TCGA-78-7152-01A-11R-2039-07,0.6343003963307312,1
TCGA-EB-A41B-01A-11R-A24X-07,0.7395961790195736,1
TCGA-50-6592-01A-11R-1755-07,0.7008698123327768,0
TCGA-E9-A1NA-01A-11R-A144-07,0.6607386265876395,1
TCGA-97-8552-01A-11R-2403-07,0.6031861058528308,1
TCGA-DD-A4NQ-01A-21R-A28V-07,0.8307733621508199,1
TCGA-QG-A5YX-01A-11R-A28H-07,0.5868589868126044,1
TCGA-38-4632-01A-01R-1755-07,0.6509834492917991,0
TCGA-ZP-A9D1-01A-11R-A38B-07,0.6900897069190778,0
TCGA-E9-A1RF-01A-11R-A157-07,0.5947657811611289,1
TCGA-AA-3681-01A-01R-0905-07,0.47755484440367374,1
TCGA-BH-A0BR-01A-21R-A115-07,0.74590908187605,1
TCGA-CA-5254-01A-21R-1839-07,0.7621985382113939,1
TCGA-18-3417-01A-01R-1443-07,0.7516067857033801,1
TCGA-86-A4P7-01A-11R-A24X-07,0.47304380550755903,1
TCGA-24-1924-01A-01R-1567-13,0.5660612348742755,1
TCGA-AO-A0JL-01A-11R-A056-07,0.875488710014418,0
TCGA-ED-A7PX-01A-51R-A352-07,0.9775538400226425,0
TCGA-29-1696-01A-01R-1567-13,0.7229924471905496,1
TCGA-AC-A8OP-01A-11R-A36F-07,0.6444825685723704,0
TCGA-BP-5202-01A-02R-1426-07,0.34866789924585284,1
TCGA-EP-A26S-01A-11R-A16W-07,0.5288965547471928,1
TCGA-77-8144-01A-11R-2247-07,0.6974681592719391,1
TCGA-60-2713-01A-01R-0851-07,0.49612712222169675,0
TCGA-AO-A03T-01A-21R-A034-07,0.8067172189759896,1
TCGA-NK-A5D1-01A-11R-A26W-07,0.83356272618515,1
TCGA-NI-A8LF-01A-11R-A36F-07,0.4925923704181272,1
TCGA-B0-4693-01A-01R-1277-07,0.29573761501586515,0
TCGA-CH-5761-01A-11R-1580-07,0.9657655987238313,1
TCGA-VR-A8EW-01A-11R-A36D-31,0.5546298923023235,1
TCGA-09-0364-01A-02R-1564-13,0.6860992418109548,1
TCGA-US-A77E-01A-11R-A32O-07,0.38000440075428243,1
TCGA-BP-4329-01A-02R-1289-07,0.4344585625807832,1
TCGA-E9-A2JS-01A-11R-A180-07,0.6472994207687293,0
TCGA-L5-A8NN-01A-11R-A37I-31,0.8470530136327198,1
TCGA-BP-4169-01A-02R-1289-07,0.5165882760865959,1
TCGA-DD-A3A5-01A-11R-A22L-07,0.27758468315788165,1
TCGA-KK-A7B1-01A-11R-A32O-07,0.5542477940970445,1
TCGA-KR-A7K2-01A-12R-A33R-07,0.5542106111991522,1
TCGA-77-A5G8-01B-11R-A27Q-07,0.5106549255476743,1
TCGA-AA-A00F-01A-01R-A002-07,0.5862031524948065,1
TCGA-BP-4340-01A-01R-1289-07,0.688061353748954,1
TCGA-BP-4164-01A-02R-1325-07,0.5174233901788373,1
TCGA-B6-A0RU-01A-11R-A084-07,0.7710895092250074,1
TCGA-EJ-7794-01A-11R-2118-07,0.5673720154276498,1
TCGA-C8-A12P-01A-11R-A115-07,0.7313535424961614,1
TCGA-09-1674-01A-01R-1566-13,0.748483039005118,1
TCGA-G9-6365-01A-11R-1789-07,0.6444624698552727,1
TCGA-J4-8200-01A-11R-A29R-07,0.46257336670846544,0
TCGA-BH-A0H5-01A-21R-A115-07,0.6821728145871214,1
TCGA-66-2787-01A-01R-0980-07,0.5332271702369004,1
TCGA-XK-AAIV-01A-11R-A41O-07,0.9202739577941953,1
TCGA-G9-6351-01A-21R-1965-07,0.2981535075859197,1
TCGA-BP-4967-01A-01R-1334-07,0.5149084830714341,0
TCGA-39-5036-01A-01R-1443-07,0.5767975768360774,1
TCGA-2J-AAB8-01A-12R-A41B-07,0.4871026585274017,0
TCGA-ZP-A9CV-01A-11R-A38B-07,0.4708337135393957,1
TCGA-A6-5667-01A-21R-1723-07,0.6365061579480936,1
TCGA-XJ-A83F-01A-11R-A352-07,0.4924288266088313,1
TCGA-BP-4160-01A-02R-1289-07,0.4693531981002165,1
TCGA-AA-A02H-01A-01R-A089-07,0.5433448040492544,1
TCGA-SU-A7E7-01A-22R-A33R-07,0.423748183664178,1
TCGA-LN-A8HZ-01A-11R-A36D-31,0.5136954187345604,1
TCGA-VP-A87C-01A-11R-A352-07,0.8439041443308621,1
TCGA-G9-6347-01A-11R-A31N-07,0.9775412513535287,1
TCGA-2L-AAQM-01A-11R-A39D-07,0.9710031824528351,0
TCGA-CA-5797-01A-01R-1653-07,0.6020291411780254,1
TCGA-2J-AABA-01A-21R-A41B-07,0.6038666747374872,1
TCGA-77-8156-01A-11R-2247-07,0.5738920832778638,1
TCGA-VR-A8EZ-01A-11R-A36D-31,0.848900156021721,0
TCGA-J9-A52C-01A-11R-A26U-07,0.8147103982448249,1
TCGA-BP-4989-01A-01R-1334-07,0.7415986854401736,0
TCGA-EB-A3Y7-01A-11R-A239-07,0.19051260458146466,1
TCGA-13-1506-01A-01R-1565-13,0.5398756000718374,1
TCGA-EJ-A46D-01A-21R-A32Y-07,0.23156850332969872,0
TCGA-HC-A631-01A-11R-A29R-07,0.6334599649175809,1
TCGA-69-7761-01A-11R-2170-07,0.6883634741923809,1
TCGA-61-2092-01A-01R-1568-13,0.9142673498415018,1
TCGA-BH-A1FN-01A-11R-A13Q-07,0.6266325934719804,1
TCGA-G3-A25X-01A-11R-A16W-07,0.8313370674739744,1
TCGA-34-8455-01A-11R-2326-07,0.5491624695980181,1
TCGA-BP-4972-01A-01R-1334-07,0.28269459770182587,0
TCGA-13-0885-01A-02R-1569-13,0.633825734666207,0
TCGA-CJ-6027-01A-11R-1672-07,0.8421421518038783,0
TCGA-O1-A52J-01A-11R-A262-07,0.6636788929957407,1
TCGA-EB-A3XB-01A-11R-A239-07,0.7032853426512107,1
TCGA-KK-A7AY-01A-11R-A33R-07,0.8002496564533413,1
TCGA-AA-3930-01A-01R-1022-07,0.5997878587674869,0
TCGA-49-4506-01A-01R-1206-07,0.8596937421672219,1
TCGA-61-2000-01A-01R-1568-13,0.612104891167202,1
TCGA-Z5-AAPL-01A-12R-A41B-07,0.883407287245795,1
TCGA-ZG-A9LU-01A-11R-A41O-07,0.8509248139692298,1
TCGA-JY-A93F-01A-21R-A37I-31,0.526539145741935,0
TCGA-66-2800-01A-01R-1201-07,0.5435834102708371,1
TCGA-66-2773-01A-01R-1201-07,0.542433050442311,0
TCGA-C8-A27A-01A-11R-A169-07,0.6955193629968972,1
TCGA-G7-A8LE-01A-11R-A36F-07,0.6480639140952407,1
TCGA-HC-7819-01A-11R-2118-07,0.38303879545326164,0
TCGA-50-5936-01A-11R-1628-07,0.6664873279209106,1
TCGA-86-8359-01A-11R-2326-07,0.6340730333579778,1
TCGA-AA-3518-01A-02R-0826-07,0.4399605320939369,1
TCGA-HC-7211-01A-11R-2118-07,0.8260743561130561,1
TCGA-BH-A0C0-01A-21R-A056-07,0.6764920627406504,1
TCGA-AA-A02O-01A-21R-A16W-07,0.6418445344144198,1
TCGA-KK-A8I5-01A-11R-A36G-07,0.4453812615297577,1
TCGA-BP-5000-01A-01R-1334-07,0.5960723443161666,1
TCGA-A8-A09X-01A-11R-A00Z-07,0.7393542688378846,1
TCGA-ER-A2NF-01A-11R-A18T-07,0.8835553981785129,0
TCGA-BH-A6R8-01A-21R-A33J-07,0.7209833179519857,0
TCGA-44-2661-01A-01R-1107-07,0.6156012352955835,1
TCGA-AO-A0J2-01A-11R-A034-07,0.819997589495301,1
TCGA-IG-A5B8-01A-11R-A28J-31,0.7882687173768718,1
TCGA-55-8512-01A-11R-2403-07,0.6017316868719658,0
TCGA-HE-A5NJ-01A-11R-A26U-07,0.6306754144336754,0
