sample_id,score,y_member
TCGA-B0-5115-01A-01R-1420-07,0.3978842531681689,1
TCGA-EJ-A46E-01A-31R-A250-07,0.8544894638465885,1
TCGA-DD-AAE7-01A-11R-A41C-07,0.5710219979934466,1
TCGA-Z6-A8JE-01A-11R-A37I-31,0.6039945264929749,1
TCGA-A8-A08F-01A-11R-A00Z-07,0.6235970463971635,1
TCGA-59-2350-01A-01R-1569-13,0.6958477524299327,1
TCGA-CZ-4858-01A-01R-1305-07,0.9871799898196008,1
TCGA-CZ-5470-01A-01R-1503-07,0.6576751724529635,1
TCGA-AN-A0XN-01A-21R-A109-07,0.6750307651751667,1
TCGA-37-A5EL-01A-11R-A26W-07,0.76029065271053,1
TCGA-46-6025-01A-11R-1820-07,0.6538038062981468,1
TCGA-AN-A0XS-01A-22R-A109-07,0.5993514044604411,1
TCGA-M7-A725-01A-12R-A32O-07,0.7234003915128635,1
TCGA-XN-A8T3-01A-11R-A36G-07,0.20383273024676699,0
TCGA-3K-AAZ8-01A-12R-A39D-07,0.33992936143342506,1
TCGA-B9-5155-01A-01R-1592-07,0.5614123196241037,1
TCGA-OK-A5Q2-01A-11R-A27Q-07,0.5822585924221779,1
TCGA-2Y-A9H8-01A-11R-A39D-07,0.7324563265203273,1
TCGA-30-1866-01A-02R-1568-13,0.5436959856672772,1
TCGA-SX-A7SO-01A-11R-A355-07,0.6412793175381131,1
TCGA-55-7283-01A-11R-2039-07,0.573658538248588,1
TCGA-M7-A720-01A-12R-A32O-07,0.596033115865504,1
TCGA-91-6828-01A-11R-1858-07,0.6166233400042622,1
TCGA-D8-A1JF-01A-11R-A13Q-07,0.6669521542351036,1
TCGA-D8-A1JG-01B-11R-A13Q-07,0.7191661142064476,1
TCGA-AL-3468-01A-02R-1351-07,0.3249389965530646,1
TCGA-21-1082-01A-01R-0692-07,0.6869990335928494,1
TCGA-A4-8311-01A-11R-2404-07,0.38962352483651785,1
TCGA-BD-A3EP-01A-11R-A22L-07,0.7090692450535546,1
TCGA-92-7340-01A-21R-2045-07,0.593902984980159,1
TCGA-EJ-A65B-01A-12R-A30B-07,0.8171805717339132,1
TCGA-HC-8261-01B-05R-2302-07,0.9936823824755674,1
TCGA-AZ-6601-01A-11R-1774-07,0.6548252090643294,1
TCGA-B0-4703-01A-01R-1277-07,0.5667937056316007,1
TCGA-AA-A004-01A-01R-A00A-07,0.9577508058116287,1
TCGA-30-1862-01A-02R-1568-13,0.7864844887447762,1
TCGA-09-2045-01A-01R-1568-13,0.8378571791628009,1
TCGA-E2-A10F-01A-11R-A10J-07,0.4971435553496528,1
TCGA-OL-A6VO-01A-12R-A33J-07,0.8284284404490169,1
TCGA-BQ-5884-01A-11R-1592-07,0.9612365079801409,1
TCGA-49-4507-01A-01R-1206-07,0.8532949056592983,1
TCGA-ZG-A9LS-01A-12R-A41O-07,0.6744573448324493,1
TCGA-AN-A0FW-01A-11R-A034-07,0.6521678471579445,1
TCGA-A6-A5ZU-01A-11R-A28H-07,0.8255516094044426,1
TCGA-QU-A6IL-01A-11R-A31N-07,0.914456677476148,1
TCGA-67-4679-01B-01R-1755-07,0.42237456225208764,0
TCGA-DM-A28G-01A-11R-A16W-07,0.45051664221924514,1
TCGA-IB-AAUV-01A-11R-A38C-07,0.6858643991813645,1
TCGA-FB-AAPZ-01A-11R-A41B-07,0.2567685200774064,1
TCGA-DD-AAEG-01A-11R-A39D-07,0.4512650778885424,1
TCGA-24-0975-01A-02R-1565-13,0.7040387103996277,1
TCGA-AA-3841-01A-01R-0905-07,0.7494561515444342,0
TCGA-75-6211-01A-11R-1755-07,0.617067360148422,1
TCGA-IB-7887-01A-11R-2156-07,0.4739216152759892,1
TCGA-78-7161-01A-11R-2039-07,0.6223602573822674,1
TCGA-B0-5699-01A-11R-1541-07,0.4240169240360033,1
TCGA-DD-A113-01A-11R-A131-07,0.775860532915787,1
TCGA-E9-A1R2-01A-11R-A14D-07,0.5854581917535647,1
TCGA-78-7536-01A-11R-2066-07,0.8066624735423213,1
TCGA-B6-A0WY-01A-11R-A109-07,0.6133253381467078,1
TCGA-ZP-A9CY-01A-11R-A38B-07,0.40558173421262755,1
TCGA-EJ-5495-01A-01R-1580-07,0.8575167463251996,0
TCGA-2H-A9GJ-01A-11R-A37I-31,0.5240523347472408,1
TCGA-AA-3955-01A-02R-1022-07,0.6025332066008291,1
TCGA-20-1684-01A-01R-1566-13,0.5554289572642241,1
TCGA-AA-3697-01A-01R-1723-07,0.5154500272624947,1
TCGA-56-5898-01A-11R-1635-07,0.5988727123019777,1
TCGA-BP-4801-01A-02R-1420-07,0.3423611159007112,1
TCGA-D8-A146-01A-31R-A115-07,0.5801994240730192,1
TCGA-DD-AACJ-01A-11R-A41C-07,0.270380865107186,0
TCGA-BQ-5892-01A-11R-1592-07,0.9059646943436899,1
TCGA-BH-A0BF-01A-21R-A12P-07,0.6029089577435764,0
TCGA-HZ-8003-01A-21R-2204-07,0.5365275058904843,0
TCGA-BH-A1EU-01A-11R-A137-07,0.5708484770349114,1
TCGA-61-1900-01A-01R-1567-13,0.5273107809994056,0
TCGA-AM-5821-01A-01R-1653-07,0.8501370987873222,1
TCGA-A7-A26J-01A-11R-A169-07,0.4917034464985238,1
TCGA-AR-A1AT-01A-11R-A12P-07,0.6213620106078748,1
TCGA-OL-A5S0-01A-11R-A28M-07,0.8134605991294686,1
TCGA-63-6202-01A-11R-1820-07,0.8571443516512756,1
TCGA-A2-A3XV-01A-21R-A239-07,0.890799365129942,0
TCGA-CH-5772-01A-11R-1580-07,0.6608852376654669,1
TCGA-OL-A5DA-01A-11R-A27Q-07,0.5598791518366819,1
TCGA-2Z-A9J1-01A-11R-A38C-07,0.2946708405796686,1
TCGA-LN-A8I0-01A-11R-A36D-31,0.7804538864151849,0
TCGA-50-8460-01A-11R-2326-07,0.6794502638133173,1
TCGA-86-8279-01A-11R-2287-07,0.7172880927694784,1
TCGA-56-A4ZJ-01A-11R-A262-07,0.8404650505391659,1
TCGA-67-3770-01A-01R-0946-07,0.7847437768701866,1
TCGA-A2-A0YF-01A-21R-A109-07,0.6196366539664966,1
TCGA-85-A50Z-01A-21R-A262-07,0.7133089236622236,1
TCGA-G9-6363-01A-21R-1789-07,0.9085878402936545,1
TCGA-G7-6790-01A-11R-1965-07,0.38921143596758273,0
TCGA-AR-A1AM-01A-41R-A22K-07,0.5428437826210768,0
TCGA-E2-A10C-01A-21R-A10J-07,0.8144483055668498,1
TCGA-AA-A00L-01A-01R-A002-07,0.3508167100949859,0
TCGA-55-7995-01A-11R-2187-07,0.695491607689324,1
TCGA-G4-6309-01A-21R-1839-07,0.36849337102298035,1
TCGA-CJ-4908-01A-01R-1426-07,0.5099989523454873,1
TCGA-EJ-A46B-01A-31R-A250-07,0.4433867923838355,0
TCGA-AR-A24Z-01A-11R-A169-07,0.5583973337121639,0
TCGA-A6-2685-01A-01R-1410-07,0.7479953088698428,0
TCGA-A4-A5DU-01A-11R-A28H-07,0.37926136608352656,1
TCGA-AZ-6600-01A-11R-1774-07,0.5137604414182442,1
TCGA-CC-A7IH-01A-11R-A33J-07,0.4556197776943021,1
TCGA-QU-A6IM-01A-11R-A31N-07,0.9519291415257051,1
TCGA-LN-A49M-01A-21R-A260-31,0.42530234694459174,1
TCGA-66-2765-01A-01R-0851-07,0.4661950592879536,0
TCGA-A8-A0AB-01A-11R-A034-07,0.4724121493429061,1
TCGA-S3-AA14-01A-11R-A41B-07,0.637361386564229,1
TCGA-98-A538-01A-11R-A262-07,0.5114042540544349,1
TCGA-CM-6166-01A-11R-1653-07,0.70123841193555,1
TCGA-5M-AAT4-01A-11R-A41B-07,0.51433621539363,1
TCGA-61-2008-01A-02R-1568-13,0.7245765492995286,1
TCGA-B6-A0X0-01A-21R-A115-07,0.6289907628141342,1
TCGA-86-8281-01A-11R-2287-07,0.5956815691646825,1
TCGA-24-1546-01A-01R-1566-13,0.606253424872464,0
TCGA-V1-A9OL-01A-11R-A41O-07,0.6263199501902446,0
TCGA-BH-A201-01A-11R-A14M-07,0.5734398085384842,1
TCGA-18-3409-01A-01R-0980-07,0.8250419446461054,1
TCGA-F4-6461-01A-11R-1774-07,0.8303036862610337,1
TCGA-AA-A02E-01A-01R-A00A-07,0.4590092318937618,0
TCGA-YL-A9WY-01A-11R-A41O-07,0.7113468039855557,1
TCGA-B0-5102-01A-01R-1420-07,0.6586798847687781,1
TCGA-G9-7521-01A-11R-2263-07,0.9117209155763188,0
TCGA-CJ-4902-01A-01R-1426-07,0.5456089786404761,1
TCGA-CA-6717-01A-11R-1839-07,0.7275285398094243,0
TCGA-IG-A5S3-01A-11R-A28J-31,0.6862311299777657,0
TCGA-EJ-5497-01A-02R-1580-07,0.571617717778645,1
TCGA-BF-A5EO-01A-12R-A27Q-07,0.26092952409136017,0
TCGA-85-A4JC-01A-11R-A24Z-07,0.535800627824675,1
TCGA-44-3917-01A-01R-A278-07,0.7367797186731787,1
TCGA-A8-A08H-01A-21R-A00Z-07,0.7906245586123938,1
TCGA-95-A4VN-01A-11R-A262-07,0.5913512598238246,1
TCGA-B0-5693-01A-11R-1541-07,0.4003349299212742,1
TCGA-77-8138-01A-11R-2247-07,0.6024970282473644,1
TCGA-KK-A7B0-01A-11R-A32O-07,0.9100978040267538,1
TCGA-B0-5083-01A-02R-1420-07,0.9504009944897733,1
TCGA-GM-A2DA-01A-11R-A18M-07,0.7536353702407697,1
TCGA-A2-A3KD-01A-12R-A213-07,0.5552085377120496,1
TCGA-DD-A39Y-01A-11R-A213-07,0.6520549746906678,1
TCGA-B6-A0WZ-01A-11R-A109-07,0.7394937351226818,1
TCGA-A6-2682-01A-01R-1410-07,0.588320597423447,1
TCGA-D8-A1JU-01A-11R-A13Q-07,0.5211926202531721,0
TCGA-RL-AAAS-01A-32R-A39D-07,0.5323027498226206,0
TCGA-B9-A44B-01A-11R-A24Z-07,0.7561210530900149,1
TCGA-B6-A0I5-01A-11R-A034-07,0.7732185200880541,1
TCGA-BH-AB28-01A-31R-A41B-07,0.6165622039249248,1
TCGA-E9-A1N9-01A-11R-A14D-07,0.5062099992814679,0
TCGA-A3-3363-01A-01R-0864-07,0.87171192275447,1
TCGA-22-1000-01A-01R-A32Z-07,0.740518247002856,1
TCGA-KK-A6E4-01A-11R-A30B-07,0.7335637956664199,1
TCGA-BQ-5889-01A-11R-1592-07,0.9401826753260515,1
TCGA-DM-A1HA-01A-11R-A155-07,0.9107072922091686,1
TCGA-BF-A5ER-01A-12R-A27Q-07,0.2867833854037782,1
TCGA-LL-A73Y-01A-11R-A33J-07,0.6621292574799312,1
TCGA-BF-A3DL-01A-11R-A20F-07,0.195140959610565,1
TCGA-VR-A8EO-01A-11R-A36D-31,0.8724532198996687,1
TCGA-L1-A7W4-01A-12R-A36G-07,0.9772662236197108,1
TCGA-B0-4838-01A-01R-1305-07,0.447340834551713,1
TCGA-2Y-A9GY-01A-11R-A38B-07,0.8167934448950861,1
TCGA-BP-4343-01A-02R-1289-07,0.8657950246045729,1
TCGA-BQ-5893-01A-11R-1592-07,0.9757865163516195,1
TCGA-HP-A5MZ-01A-21R-A27V-07,0.551249056484747,1
TCGA-A7-A4SE-01A-11R-A266-07,0.7709146073521637,0
TCGA-66-2783-01A-01R-1201-07,0.4975918864861197,1
TCGA-73-4675-01A-01R-1206-07,0.6079493266063843,1
TCGA-D5-5538-01A-01R-1653-07,0.481684990887201,1
TCGA-YL-A8SO-01B-31R-A37L-07,0.6482134970903821,1
TCGA-E2-A15H-01A-11R-A12D-07,0.5671145150405142,1
TCGA-V1-A8WN-01A-11R-A37L-07,0.49132271484375345,1
TCGA-BH-A0EB-01A-11R-A034-07,0.5075008026838965,1
TCGA-DD-A39X-01A-11R-A213-07,0.5498128703591312,1
TCGA-E2-A1LK-01A-21R-A14D-07,0.8431545928709251,1
TCGA-AR-A0TV-01A-21R-A084-07,0.6403037545910696,0
TCGA-A1-A0SD-01A-11R-A115-07,0.5653835593639708,1
TCGA-33-AASI-01A-22R-A405-07,0.8132254534655419,1
TCGA-L5-A4OW-01A-11R-A28J-31,0.5481076089334377,1
TCGA-86-7711-01A-11R-2066-07,0.8004143702682892,1
TCGA-34-5234-01A-01R-1635-07,0.9126583835153409,0
TCGA-63-7023-01A-11R-1949-07,0.6673097507225335,1
TCGA-BP-5191-01A-01R-1426-07,0.8367522266784532,1
TCGA-Q9-A6FW-01A-31R-A31P-31,0.6870034737754169,0
TCGA-CZ-5468-01A-01R-1503-07,0.9088157713337881,0
TCGA-78-7153-01A-11R-2039-07,0.7235998433442583,1
TCGA-DD-A4NA-01A-11R-A266-07,0.9922789657311364,1
TCGA-43-2578-01A-01R-0851-07,0.6315383493450714,0
TCGA-5R-AA1C-01A-11R-A41C-07,0.5309261060950565,1
TCGA-78-7149-01A-11R-2039-07,0.5990568521319131,1
TCGA-CW-5591-01A-01R-1541-07,0.8132299299608401,1
TCGA-13-0906-01A-01R-1564-13,0.7474419650694603,1
TCGA-CJ-4876-01A-01R-1305-07,0.7900271610078623,1
TCGA-M7-A724-01A-12R-A32O-07,0.9215137180950211,1
TCGA-62-A46Y-01A-11R-A24H-07,0.45647864311366687,1
TCGA-C8-A26V-01A-11R-A16F-07,0.6453743811320891,1
TCGA-OL-A5D8-01A-11R-A27Q-07,0.694875299822869,0
TCGA-77-8143-01A-11R-2247-07,0.7023831623826583,1
TCGA-BH-A0DO-01B-11R-A12D-07,0.5409644269448856,0
TCGA-CJ-5675-01A-11R-1541-07,0.5975233411337362,0
TCGA-A2-A4S0-01A-21R-A266-07,0.5873627787990674,1
TCGA-B9-4117-01A-02R-1351-07,0.8060888718434873,1
TCGA-BP-4352-01A-01R-1289-07,0.9864208805296041,0
TCGA-A2-A0ST-01A-12R-A084-07,0.7018830475646006,1
TCGA-E2-A1IH-01A-11R-A13Q-07,0.565237272298761,1
TCGA-37-3792-01A-01R-0980-07,0.7761262443784107,0
TCGA-AK-3427-01A-01R-0864-07,0.9929588134848252,0
TCGA-AA-3506-01A-01R-1410-07,0.4872084520435495,1
TCGA-CZ-5466-01A-01R-1503-07,0.607675810207783,1
TCGA-77-8140-01A-11R-2247-07,0.6438325212552021,0
TCGA-21-5786-01A-01R-1635-07,0.560361585613414,0
TCGA-86-8075-01A-11R-2241-07,0.5587532629757938,1
TCGA-A3-A8OX-01A-11R-A37O-07,0.5774555491185676,1
TCGA-95-8494-01A-11R-2326-07,0.6825962132328994,0
TCGA-IG-A7DP-01A-31R-A336-31,0.9651363888849207,0
TCGA-AD-6964-01A-11R-1928-07,0.7459294463816065,1
TCGA-A8-A0A6-01A-12R-A056-07,0.5857016245121196,1
TCGA-B0-5711-01A-11R-1672-07,0.26953739408182315,1
TCGA-BH-A1FM-01A-11R-A13Q-07,0.768098291109039,0
TCGA-CH-5771-01A-21R-1580-07,0.5384666418596465,1
TCGA-69-7980-01A-11R-2187-07,0.6416355860076819,1
TCGA-AR-A254-01A-21R-A169-07,0.5939118588583969,1
TCGA-A6-2683-01A-01R-0821-07,0.8605472844279369,1
TCGA-PL-A8LY-01A-11R-A41B-07,0.7264145279434913,1
TCGA-G3-A3CH-01A-11R-A22L-07,0.5333092202349707,1
TCGA-57-1583-01A-01R-1566-13,0.5961346096128463,1
TCGA-A4-8310-01A-11R-2404-07,0.39724163021064524,1
TCGA-XK-AAJP-01A-11R-A41O-07,0.5665386643485858,1
TCGA-EB-A3XE-01A-12R-A239-07,0.5645755533181898,1
TCGA-AN-A0FZ-01A-11R-A034-07,0.5603186728509051,1
TCGA-13-0911-01A-01R-1564-13,0.7214431873362284,1
TCGA-51-6867-01A-11R-2045-07,0.4871748989431447,0
TCGA-AN-A04D-01A-21R-A034-07,0.7435193363858017,0
TCGA-DD-AADC-01A-11R-A41C-07,0.7115236306705129,1
TCGA-73-4677-01A-01R-1206-07,0.6280225942058018,1
TCGA-L9-A743-01A-43R-A39D-07,0.5090771491109177,1
TCGA-E9-A6HE-01A-11R-A31O-07,0.8311078367380963,1
TCGA-E2-A15D-01A-11R-A115-07,0.5782372655355148,1
TCGA-73-4658-01A-01R-1755-07,0.5619078424513247,0
TCGA-CH-5788-01A-11R-1580-07,0.9764154398165609,1
TCGA-E2-A14Z-01A-11R-A115-07,0.6656663100347354,1
TCGA-EB-A6QY-01A-12R-A32P-07,0.8383898970122928,0
TCGA-CH-5753-01A-11R-1580-07,0.9218286266086437,1
TCGA-AC-A3W5-01A-11R-A22K-07,0.689061964807855,1
TCGA-A6-A566-01A-11R-A28H-07,0.8830331242545331,1
TCGA-AA-3994-01A-01R-1113-07,0.681204734676673,1
TCGA-MS-A51U-01A-31R-A266-07,0.6430272683184793,0
TCGA-13-1509-01A-01R-1565-13,0.5483841257959459,1
TCGA-IG-A6QS-01A-12R-A336-31,0.658525461957682,0
TCGA-EW-A1PG-01A-11R-A144-07,0.74035356495187,0
TCGA-23-1023-01A-02R-1564-13,0.6733821378465299,1
TCGA-XJ-A9DI-01A-11R-A37L-07,0.8449394432993206,1
TCGA-68-A59I-01A-11R-A262-07,0.6604225202116774,1
TCGA-13-0891-01A-01R-1564-13,0.5330409095066315,0
TCGA-A7-A13E-01A-11R-A12P-07,0.7534293092463685,0
TCGA-A8-A07E-01A-11R-A034-07,0.4861775149550107,1
TCGA-EJ-7785-01A-11R-2118-07,0.8106984448244849,1
TCGA-98-A53C-01A-11R-A262-07,0.9150377027731417,1
TCGA-IB-A7M4-01A-11R-A36G-07,0.8356675979509753,1
TCGA-78-7146-01A-11R-2039-07,0.7607624812788363,0
TCGA-2Z-A9J9-01A-11R-A42S-07,0.9795251389823825,1
TCGA-FR-A726-01A-11R-A32P-07,0.7451454204195792,1
TCGA-49-4487-01A-21R-1858-07,0.6911488318522947,1
TCGA-C8-A278-01A-11R-A169-07,0.6064886083906937,1
TCGA-MP-A4T9-01A-11R-A24X-07,0.46873923644409354,1
TCGA-BH-A1FG-01A-11R-A13Q-07,0.5764427771385678,0
TCGA-CK-6746-01A-11R-1839-07,0.7000517954369818,0
TCGA-E9-A1N8-01A-11R-A144-07,0.7710213211294469,1
TCGA-2Z-A9J6-01A-11R-A38C-07,0.17019469359582476,0
TCGA-A6-6137-01A-11R-1774-07,0.550484152520317,1
TCGA-V1-A9OA-01A-11R-A41O-07,0.5411648049870201,0
TCGA-HV-A7OP-01A-11R-A33R-07,0.9989062027463625,1
TCGA-KK-A7B3-01A-11R-A33R-07,0.5708270939873158,1
TCGA-UB-A7MA-01A-11R-A33R-07,0.9224781430230785,1
TCGA-VR-AA7D-01A-11R-A406-31,0.42675439390635306,1
TCGA-D8-A1Y0-01A-11R-A14M-07,0.5705376435809076,1
TCGA-DD-A4NF-01A-11R-A27V-07,0.6065110465540318,0
TCGA-AR-A24Q-01A-12R-A169-07,0.6275713032397529,1
TCGA-BP-4986-01A-01R-1334-07,0.47986164337791637,1
TCGA-L4-A4E6-01A-11R-A24H-07,0.7022012209185029,1
TCGA-EJ-A46F-01A-31R-A250-07,0.9046892241557559,1
TCGA-21-1078-01A-01R-0692-07,0.9553666139347515,1
TCGA-33-4587-01A-11R-2125-07,0.8356017559219586,1
TCGA-VN-A88Q-01A-11R-A352-07,0.6909478811923178,0
TCGA-RC-A7S9-01A-11R-A33R-07,0.6878744131062619,1
TCGA-98-A53J-01A-11R-A26W-07,0.6703438458859792,1
TCGA-B0-5705-01A-11R-1541-07,0.41117255339600184,0
TCGA-97-7546-01A-11R-2039-07,0.6145749687258788,1
TCGA-YL-A8SQ-01B-11R-A37L-07,0.4424824097032406,1
TCGA-AA-3712-01A-21R-1723-07,0.4031056993290771,1
TCGA-AR-A5QM-01A-11R-A27Q-07,0.557933135316392,1
TCGA-HC-7077-01A-11R-1965-07,0.6556549781746681,1
TCGA-66-2795-01A-02R-0980-07,0.5736449972002353,1
TCGA-BP-4977-01A-01R-1334-07,0.4374158358711115,1
TCGA-CZ-5988-01A-11R-1672-07,0.6464742766940882,1
TCGA-LL-A5YP-01A-21R-A28M-07,0.8146269636941664,1
TCGA-B0-4706-01A-01R-1503-07,0.6613930904077139,1
TCGA-29-1784-01A-02R-1567-13,0.5676891122892629,0
TCGA-55-7903-01A-11R-2170-07,0.6145991360689831,1
TCGA-CM-6680-01A-11R-1839-07,0.7568550126458761,1
TCGA-49-6743-01A-11R-1858-07,0.5196606249549083,1
TCGA-B0-4815-01A-01R-1503-07,0.7413268916826184,1
TCGA-EW-A1PE-01A-11R-A144-07,0.5216319581896555,1
TCGA-VN-A88I-01A-11R-A352-07,0.7739606528773916,1
TCGA-NJ-A7XG-01A-12R-A39D-07,0.7476446447026674,0
TCGA-G7-A8LC-01A-11R-A36F-07,0.7200477704954177,1
TCGA-G9-7525-01A-31R-2263-07,0.6294723463450694,1
TCGA-A3-3362-01A-02R-1325-07,0.21195371841754929,1
TCGA-AN-A0AR-01A-11R-A00Z-07,0.7765210093727151,1
TCGA-R6-A8WC-01A-11R-A37I-31,0.6788203132377294,1
TCGA-73-A9RS-01A-11R-A41B-07,0.8529338289429781,1
TCGA-05-4390-01A-02R-1755-07,0.789747596223135,1
TCGA-CM-5349-01A-21R-1723-07,0.7058132172294891,0
TCGA-CJ-4637-01A-02R-1325-07,0.5966204189991842,0
TCGA-CJ-4897-01A-03R-1426-07,0.4974547637902044,1
TCGA-D8-A3Z6-01A-11R-A239-07,0.6286422977130893,1
TCGA-68-7757-01B-11R-2296-07,0.7092970629453241,1
TCGA-HI-7168-01A-11R-2118-07,0.7065313081103011,1
TCGA-DV-A4VZ-01A-11R-A266-07,0.955221265223217,1
TCGA-CC-A7IJ-01A-11R-A33R-07,0.9922253351996353,0
TCGA-3C-AALJ-01A-31R-A41B-07,0.753110325629028,1
TCGA-49-4505-01A-01R-1206-07,0.6214069282301311,1
TCGA-V5-A7RE-01A-11R-A354-31,0.7164861969368638,1
TCGA-CC-5261-01A-01R-A131-07,0.9627225835580826,1
TCGA-85-A4CN-01A-11R-A24H-07,0.538879069899954,1
TCGA-BH-A0HI-01A-11R-A084-07,0.530098577584213,1
TCGA-55-A48Z-01A-12R-A24X-07,0.614530900641518,1
TCGA-60-2720-01A-01R-0851-07,0.8343856037455225,1
TCGA-A7-A5ZV-01A-11R-A28M-07,0.8607807990209558,1
TCGA-HC-7231-01A-11R-2118-07,0.3316394279313699,1
TCGA-66-2771-01A-01R-0980-07,0.6876846753860503,1
TCGA-EJ-A65J-01A-11R-A311-07,0.692903736977221,1
TCGA-G4-6322-01A-11R-1723-07,0.6416225293790676,0
TCGA-IB-A7LX-01A-12R-A36G-07,0.8814535046140236,1
TCGA-86-8669-01A-11R-2403-07,0.5755748207693349,0
TCGA-B0-5697-01A-11R-1541-07,0.5766098213928533,0
TCGA-G4-6323-01A-11R-1723-07,0.6902711629709691,1
TCGA-L5-A4OT-01A-11R-A28J-31,0.6067172299279284,1
TCGA-3E-AAAZ-01A-11R-A38C-07,0.49325673616725346,1
TCGA-13-1498-01A-01R-1565-13,0.5040961928405671,0
TCGA-WN-AB4C-01A-11R-A42S-07,0.8629126399305909,1
TCGA-AA-A02W-01A-01R-A00A-07,0.6460826003516943,1
TCGA-A6-5660-01A-01R-1653-07,0.4651792717058715,1
TCGA-85-A50M-01A-21R-A262-07,0.7621914310758764,1
TCGA-B4-5378-01A-01R-1503-07,0.5993770716589086,0
TCGA-EW-A1PF-01A-11R-A144-07,0.6783937416517116,1
TCGA-44-4112-01B-06R-A277-07,0.8215922046708615,1
TCGA-23-1021-01B-01R-1564-13,0.7151718276827352,1
TCGA-CJ-4888-01A-01R-1305-07,0.6399168005687265,0
TCGA-FB-AAQ6-01A-11R-A41B-07,0.720090785596046,1
TCGA-39-5021-01A-01R-1443-07,0.5823066926132382,1
TCGA-HZ-8638-01A-11R-2404-07,0.6766126466168576,1
TCGA-55-8085-01A-11R-2241-07,0.5660867299881028,1
TCGA-24-2038-01A-01R-1568-13,0.8712554608038262,1
TCGA-UZ-A9PS-01A-11R-A42S-07,0.5714984420527957,1
TCGA-23-1022-01A-01R-1564-13,0.71306530123244,0
TCGA-25-1635-01A-01R-1566-13,0.6544094002555796,0
TCGA-56-8308-01A-11R-2296-07,0.5014607388378804,1
TCGA-A7-A13G-01A-11R-A13Q-07,0.689193211976612,1
TCGA-BH-A0DX-01A-11R-A115-07,0.5226563934451409,1
TCGA-BH-A0HO-01A-11R-A034-07,0.5547966255361078,0
TCGA-A8-A092-01A-11R-A00Z-07,0.5949652903050775,1
TCGA-A8-A08I-01A-11R-A00Z-07,0.6424711970269938,0
TCGA-QU-A6IO-01A-11R-A31N-07,0.9179480889237577,1
TCGA-D8-A1XO-01A-11R-A14M-07,0.6056107311121119,1
TCGA-HE-A5NL-01A-11R-A26U-07,0.28526002881719187,1
TCGA-CZ-5984-01A-11R-1672-07,0.6456621655860271,1
TCGA-EJ-A7NJ-01A-22R-A352-07,0.510713372451136,1
TCGA-A6-6653-01A-11R-1774-07,0.5356803842820842,1
TCGA-BC-4073-01B-02R-A131-07,0.969690233483559,0
TCGA-HZ-7923-01A-12R-2156-07,0.5790197137688007,1
TCGA-AL-7173-01A-11R-2139-07,0.7385825091175534,1
TCGA-A2-A1FX-01A-11R-A13Q-07,0.5864068320478173,1
TCGA-AZ-4323-01A-21R-1839-07,0.9676593700324383,1
TCGA-J4-A67R-01A-21R-A30B-07,0.7101962795495864,1
TCGA-BF-AAP8-01A-11R-A40A-07,0.9611227200141353,1
TCGA-IG-A97H-01A-11R-A38D-31,0.6697792638133043,0
TCGA-DM-A28C-01A-11R-A32Y-07,0.7296687941255136,1
TCGA-NJ-A4YQ-01A-11R-A262-07,0.6812305105848407,1
TCGA-LN-A49K-01A-11R-A24K-31,0.3500882121463575,1
TCGA-44-2655-01A-01R-0946-07,0.28613096356937506,0
TCGA-B8-5164-01A-01R-1420-07,0.5829393714500123,1
TCGA-IZ-8195-01A-31R-2404-07,0.40125947583519345,0
TCGA-XD-AAUG-01A-61R-A41B-07,0.515195570728093,1
TCGA-OE-A75W-01A-12R-A32O-07,0.9390890985172992,1
TCGA-UZ-A9PU-01A-11R-A42S-07,0.3807687160708197,1
TCGA-CM-4752-01A-01R-1410-07,0.5757991522418212,1
TCGA-MR-A520-01A-11R-A266-07,0.43052101170249774,0
TCGA-E9-A1R0-01A-22R-A16F-07,0.6337951345532482,1
TCGA-43-8115-01A-11R-2247-07,0.5455036265879235,1
TCGA-F2-A7TX-01A-33R-A38C-07,0.8761213319702675,1
TCGA-13-1404-01A-01R-1565-13,0.6112117904698345,0
TCGA-13-0923-01A-01R-1564-13,0.6387938025319561,1
TCGA-LB-A7SX-01A-11R-A33R-07,0.9132471883337435,1
TCGA-BP-5001-01A-01R-1334-07,0.8272652119566902,1
TCGA-09-1665-01B-01R-1566-13,0.5591050474817385,1
TCGA-GL-A9DC-01A-11R-A37K-07,0.29428018921576665,0
TCGA-IA-A83T-01A-11R-A355-07,0.714419957287654,1
TCGA-86-8668-01A-11R-2403-07,0.5264213921165218,0
TCGA-A6-5661-01A-01R-1653-07,0.7444271082956863,1
TCGA-V5-A7RC-01B-11R-A406-31,0.4928942465538663,1
TCGA-05-4417-01A-22R-1858-07,0.46052824591327784,1
TCGA-29-1693-01A-01R-1567-13,0.7514570588429702,1
TCGA-AN-A0FX-01A-11R-A034-07,0.770979073931114,1
TCGA-C8-A135-01A-11R-A115-07,0.7011211387687772,1
TCGA-CM-6162-01A-11R-1653-07,0.9151355364069571,1
TCGA-E2-A15C-01A-31R-A12D-07,0.4882054229566244,1
TCGA-D8-A1JI-01A-11R-A13Q-07,0.5895458148858554,1
TCGA-24-1563-01A-01R-1566-13,0.6153171942347729,1
TCGA-BH-A42V-01A-11R-A24H-07,0.718316494270726,1
TCGA-A6-6780-01A-11R-1839-07,0.5117832542274213,1
TCGA-A3-3323-01A-02R-1325-07,0.508400540789301,1
TCGA-B0-4712-01A-01R-1503-07,0.9064453563623083,1
TCGA-85-A4QR-01A-11R-A24Z-07,0.5362192700509963,1
TCGA-EW-A423-01A-11R-A24H-07,0.798348740534834,1
TCGA-HZ-A8P0-01A-11R-A36G-07,0.2958394560148877,1
TCGA-B1-A47M-01A-11R-A24Z-07,0.39097782175033474,0
TCGA-91-6830-01A-11R-1949-07,0.7169541008833962,1
TCGA-AO-A0J9-01A-11R-A034-07,0.6519011941130686,0
TCGA-V1-A8WV-01A-11R-A37L-07,0.938182233196827,1
TCGA-LN-A49N-01A-11R-A24K-31,0.32942939892320877,1
TCGA-BF-AAP6-01A-11R-A40A-07,0.7974120654854707,1
TCGA-B6-A401-01A-11R-A239-07,0.732189611841866,1
TCGA-BQ-7060-01A-11R-1965-07,0.34447260469254665,0
TCGA-EP-A2KB-01A-11R-A180-07,0.6586056862581989,1
TCGA-A2-A0SY-01A-31R-A084-07,0.5139272246162626,0
TCGA-CZ-4860-01A-01R-1305-07,0.9853892973738384,1
TCGA-CM-6169-01A-11R-1653-07,0.8968638910005876,1
TCGA-85-8353-01A-21R-2296-07,0.5702293071084915,1
TCGA-AA-3850-01A-01R-1022-07,0.4441679067209466,1
TCGA-2Z-A9JJ-01A-11R-A42S-07,0.9274820793102699,1
TCGA-C8-A1HE-01A-11R-A13Q-07,0.5494516572409593,1
TCGA-97-7552-01A-11R-2039-07,0.6645318801961947,1
TCGA-YL-A8SC-01A-11R-A37L-07,0.6098396336559665,0
TCGA-BQ-5877-01A-11R-1592-07,0.9119803709689477,0
TCGA-AA-3986-01A-02R-1022-07,0.5894652226246455,1
TCGA-A6-6140-01A-11R-1774-07,0.28170667642820085,1
TCGA-MP-A5C7-01A-11R-A262-07,0.6784329546256274,1
TCGA-86-7955-01A-11R-2187-07,0.822380511403229,1
TCGA-A3-3311-01A-02R-1325-07,0.3648316248160426,1
TCGA-MP-A4T8-01A-11R-A24X-07,0.5154722551347045,0
TCGA-49-4488-01A-01R-1755-07,0.5752239954919648,0
TCGA-A8-A07O-01A-11R-A00Z-07,0.80741127191302,0
TCGA-EJ-7312-01B-21R-A32O-07,0.5805670753971122,1
TCGA-CK-5912-01A-11R-1653-07,0.8135558177246,1
TCGA-56-6546-01A-11R-1820-07,0.7019870755042724,1
TCGA-B6-A1KC-01B-11R-A157-07,0.598159831852713,1
TCGA-5P-A9JU-01A-11R-A42S-07,0.527302545132559,0
TCGA-B9-4114-01A-01R-1193-07,0.7205749993517061,1
TCGA-EB-A551-01A-21R-A27Q-07,0.9282458549912301,1
TCGA-A7-A0DB-01A-11R-A277-07,0.6559310199142959,1
TCGA-G4-6628-01A-11R-1839-07,0.749227232743585,1
TCGA-LD-A66U-01A-11R-A31O-07,0.7105776570371111,1
TCGA-91-6840-01A-11R-1949-07,0.7241745880717142,0
TCGA-EJ-5527-01A-01R-1580-07,0.7701842076557582,1
TCGA-29-2428-01A-01R-1569-13,0.47504641089006566,0
TCGA-22-4601-01A-01R-1443-07,0.4666011160909005,0
TCGA-22-0940-01A-01R-0692-07,0.611601131234639,1
TCGA-24-1555-01A-01R-1566-13,0.43127422709969804,1
TCGA-F4-6856-01A-11R-1928-07,0.6912537281327499,1
TCGA-LG-A9QD-01A-11R-A38B-07,0.4480912641616398,1
TCGA-B0-4814-01A-01R-1277-07,0.3858988649162258,1
TCGA-DD-A3A7-01A-11R-A22L-07,0.6304050834405813,1
TCGA-BQ-7050-01A-11R-1965-07,0.663098397597212,1
TCGA-EJ-5524-01A-01R-1580-07,0.8573113000841518,1
TCGA-E9-A22A-01A-11R-A157-07,0.7016732864415545,1
TCGA-BH-A1FJ-01A-11R-A13Q-07,0.5096681182896662,1
TCGA-EJ-5517-01A-01R-1580-07,0.6965478865121992,1
TCGA-FB-AAPP-01A-12R-A41B-07,0.9903429366331644,1
TCGA-EJ-8472-01A-11R-2403-07,0.8490465293275667,1
TCGA-BP-4770-01A-01R-1503-07,0.9953084557556521,1
TCGA-CJ-5681-01A-11R-1541-07,0.9614077165493757,0
TCGA-EJ-5542-01A-01R-1580-07,0.8082345020578926,0
TCGA-13-1407-01A-01R-1565-13,0.4933395002557286,1
TCGA-J7-A8I2-01A-12R-A36F-07,0.9973207741085707,1
TCGA-ED-A627-01A-12R-A311-07,0.7981694487111367,0
TCGA-2J-AABU-01A-11R-A41B-07,0.4798323738577223,1
TCGA-E9-A1QZ-01A-21R-A169-07,0.5097916346075237,1
TCGA-66-2744-01A-01R-0980-07,0.5323119213918134,1
TCGA-29-1781-01A-01R-1567-13,0.5945763494326752,1
TCGA-LN-A49L-01A-11R-A24K-31,0.8694441080423824,0
TCGA-18-4721-01A-01R-1443-07,0.5712374554781923,1
TCGA-A7-A5ZW-01A-12R-A29R-07,0.5510926206387506,1
TCGA-B6-A409-01A-11R-A24H-07,0.8751434101728365,1
TCGA-FC-A4JI-01A-11R-A250-07,0.9975934214931496,1
TCGA-13-1405-01A-01R-1565-13,0.6748931682363389,1
TCGA-DD-AADO-01A-11R-A41C-07,0.537339466542965,1
TCGA-WX-AA46-01A-11R-A39D-07,0.4911397897343856,1
TCGA-4N-A93T-01A-11R-A37K-07,0.7744058460262692,1
TCGA-V1-A9OF-01A-11R-A41O-07,0.4101949271840997,0
TCGA-Y8-A897-01A-11R-A36F-07,0.4177901175325914,1
TCGA-A6-3807-01A-01R-1022-07,0.5013312966793503,1
TCGA-DD-A1ED-01A-11R-A155-07,0.6958341990200907,1
TCGA-AO-A0J8-01A-21R-A034-07,0.47395777357920527,1
TCGA-BH-A42T-01A-11R-A24H-07,0.592912972041644,0
TCGA-25-1329-01A-01R-1565-13,0.4904839787637013,0
TCGA-AO-A12H-01A-11R-A115-07,0.6151206072799188,1
TCGA-G3-A25T-01A-11R-A16W-07,0.9515605979847848,1
TCGA-G9-7509-01A-11R-A41O-07,0.2560530188874076,1
TCGA-BC-A8YO-01A-11R-A37K-07,0.8691477963045205,1
TCGA-50-5942-01A-21R-1755-07,0.503344405894722,1
TCGA-GM-A2DB-01A-31R-A18M-07,0.8490130587841115,1
TCGA-C8-A133-01A-32R-A12D-07,0.8013544598707928,1
TCGA-NC-A5HD-01A-11R-A26W-07,0.6354627244093969,1
TCGA-AR-A0U0-01A-11R-A109-07,0.8120714419198832,1
TCGA-23-1029-01B-01R-1567-13,0.7188662065410608,0
TCGA-HZ-8637-01A-11R-2404-07,0.9378015606514479,1
TCGA-D8-A1JM-01A-11R-A13Q-07,0.7763115178456751,1
TCGA-91-8499-01A-11R-2403-07,0.9205467112795173,1
TCGA-ZP-A9D2-01A-11R-A38B-07,0.957697098003202,1
TCGA-2Y-A9GV-01A-11R-A38B-07,0.5803834986383025,1
TCGA-B8-A54D-01A-21R-A266-07,0.6415100754007588,1
TCGA-A4-8630-01A-11R-2404-07,0.3512212570783192,1
TCGA-F4-6855-01A-11R-1928-07,0.6254046718892194,1
TCGA-EB-A3HV-01A-11R-A21D-07,0.4720614751313251,1
TCGA-XJ-A83G-01A-11R-A352-07,0.567217666779645,0
TCGA-AA-3560-01A-01R-0821-07,0.8479748726250432,1
TCGA-D8-A1XA-01A-11R-A14D-07,0.632579735326047,1
TCGA-BP-4963-01A-01R-1334-07,0.43607167762899623,1
TCGA-04-1338-01A-01R-1564-13,0.7689672841922842,1
TCGA-09-1662-01A-01R-1566-13,0.6913479751846539,1
TCGA-24-1417-01A-01R-1565-13,0.7321454446519331,1
TCGA-ZG-A9LN-01A-11R-A41O-07,0.7271283874340881,1
TCGA-EJ-8474-01A-11R-2403-07,0.3962983877910547,1
TCGA-13-0727-01A-01R-1564-13,0.6200821876072242,1
TCGA-37-5819-01A-01R-1635-07,0.8754964299835416,1
TCGA-E2-A1LI-01A-12R-A157-07,0.7244447501306005,0
TCGA-77-7138-01A-41R-2045-07,0.6689527464965614,1
TCGA-A2-A3XU-01A-12R-A22U-07,0.8796603632950448,1
TCGA-QG-A5YW-01A-11R-A28H-07,0.6754830141904404,1
TCGA-49-AAR0-01A-21R-A39D-07,0.631756507137378,1
TCGA-50-6590-01A-12R-1858-07,0.8871618020556482,1
TCGA-55-8510-01A-11R-2403-07,0.3489968020583147,1
TCGA-AL-3466-01A-02R-1351-07,0.9842956200934768,0
TCGA-IB-AAUU-01A-11R-A37L-07,0.3355687056516131,0
TCGA-AA-3815-01A-01R-1022-07,0.5129792786249123,1
TCGA-AR-A0TZ-01A-12R-A084-07,0.4997685722794278,1
TCGA-M7-A71Z-01A-12R-A32O-07,0.9069174767932344,1
TCGA-A8-A09C-01A-11R-A00Z-07,0.5808971344142984,1
TCGA-DD-AAE1-01A-11R-A41C-07,0.45764898313086005,0
TCGA-BH-A1EX-01A-11R-A13Q-07,0.6695238185108008,1
TCGA-DM-A288-01A-11R-A16W-07,0.7309831137043642,0
TCGA-CC-A5UE-01A-11R-A28V-07,0.5237594661882271,1
TCGA-S8-A6BV-01A-21R-A31P-31,0.889000849218027,1
TCGA-AO-A03O-01A-11R-A00Z-07,0.44725337942567417,0
TCGA-IA-A83W-01A-11R-A355-07,0.5823326336084405,1
TCGA-86-A4P8-01A-11R-A24X-07,0.7436438864328399,0
TCGA-A4-7288-01A-11R-A32Z-07,0.5303096826996538,0
TCGA-33-4532-01A-01R-1201-07,0.48355140960038034,1
TCGA-OY-A56P-01A-12R-A406-31,0.8110840412060277,1
TCGA-GK-A6C7-01A-11R-A33J-07,0.5096814540642659,1
TCGA-E2-A15E-01A-11R-A12D-07,0.5092047318984302,1
TCGA-DD-A39W-01A-11R-A213-07,0.7665583233918003,1
TCGA-AR-A0U3-01A-11R-A109-07,0.5055930313829259,1
TCGA-CJ-4900-01A-01R-1334-07,0.6571310405710525,0
TCGA-E2-A15G-01A-11R-A12D-07,0.5762988401277418,1
TCGA-CH-5769-01A-11R-1580-07,0.7067465678716502,1
TCGA-60-2707-01A-01R-0851-07,0.5561546628685319,1
TCGA-CW-5589-01A-01R-1541-07,0.2646514757671528,0
TCGA-DD-AAEB-01A-11R-A41C-07,0.5340231650624087,1
TCGA-61-2098-01A-01R-1568-13,0.817151522025725,1
TCGA-05-4249-01A-01R-1107-07,0.6413946329192894,1
TCGA-33-4589-01A-01R-1443-07,0.9062001585750066,1
TCGA-E2-A15K-01A-11R-A12P-07,0.5806800386576039,1
TCGA-DD-A4NL-01A-11R-A28V-07,0.4595224906813027,1
TCGA-BF-AAP2-01A-11R-A40A-07,0.38180800177114627,1
TCGA-44-6779-01A-11R-1858-07,0.7739524009382337,1
TCGA-85-7844-01A-11R-2125-07,0.4835064186827763,1
TCGA-AK-3460-01A-02R-1277-07,0.2874337039654152,1
TCGA-B2-4101-01A-02R-1277-07,0.5118811754610091,1
TCGA-51-4080-01A-01R-1100-07,0.645591186579674,1
TCGA-3C-AALI-01A-11R-A41B-07,0.8000716294492033,1
TCGA-IB-A5SP-01A-11R-A32O-07,0.8132071689945859,1
TCGA-L5-A88Z-01A-11R-A36D-31,0.554540647798141,0
TCGA-D9-A4Z5-01A-11R-A266-07,0.8994023150517546,1
TCGA-BH-A0DG-01A-21R-A12P-07,0.4734289366477586,0
TCGA-L5-A8NF-01A-11R-A37I-31,0.6777620021200088,1
TCGA-EJ-7325-01B-11R-A32O-07,0.8171684406475181,0
TCGA-13-1497-01A-01R-1565-13,0.5590747969447182,1
TCGA-HC-7736-01A-11R-2118-07,0.727857438633766,1
TCGA-AR-A1AH-01A-11R-A12D-07,0.7376105036984917,1
TCGA-A7-A26F-01B-04R-A22O-07,0.8276594745409915,1
TCGA-04-1337-01A-01R-1564-13,0.6676732145529238,1
TCGA-EB-A6QZ-01A-12R-A32P-07,0.32124597561537555,1
TCGA-AK-3444-01A-02R-1325-07,0.34244288568120934,0
TCGA-B0-5092-01A-01R-1420-07,0.7949834268953202,1
TCGA-A8-A09A-01A-11R-A00Z-07,0.6132185871762901,1
TCGA-LN-A49O-01A-11R-A24K-31,0.3054063025225763,1
TCGA-61-1737-01A-01R-1567-13,0.7189654549524045,1
TCGA-EJ-A46H-01A-31R-A26U-07,0.924356390481438,0
TCGA-B6-A0X5-01A-21R-A109-07,0.7280938427642792,1
TCGA-C8-A26X-01A-31R-A16F-07,0.6944058597941287,0
TCGA-21-1077-01A-01R-0692-07,0.48589809257840755,1
TCGA-GM-A2DD-01A-11R-A180-07,0.7587365615670167,1
TCGA-BP-4326-01A-01R-1289-07,0.6811887641277662,0
TCGA-DA-A960-01A-11R-A37K-07,0.3688371091991237,1
TCGA-94-A5I4-01A-11R-A26W-07,0.6141508956119632,1
TCGA-AA-3520-01A-01R-0821-07,0.4216730922035857,1
TCGA-2Y-A9H1-01A-11R-A38B-07,0.38991448074097024,1
TCGA-63-A5ML-01A-31R-A27Q-07,0.7256628786126909,1
TCGA-KK-A8IB-01A-11R-A36G-07,0.6297272252933688,0
TCGA-AA-3947-01A-01R-1022-07,0.9838719427724721,1
TCGA-B8-4621-01A-01R-1503-07,0.7781168504557308,1
TCGA-S3-AA11-01A-31R-A41B-07,0.576797525379015,1
TCGA-BH-A0BM-01A-11R-A056-07,0.7425165401605515,1
TCGA-AK-3447-01A-01R-1766-07,0.9981110408314743,1
TCGA-E2-A1IO-01A-11R-A144-07,0.6334167810106923,1
TCGA-BP-5185-01A-01R-1426-07,0.9107012519215887,1
TCGA-LL-A5YO-01A-21R-A28M-07,0.6546279339562037,0
TCGA-A3-3347-01A-02R-1325-07,0.6044337874528871,1
TCGA-60-2709-01A-21R-1820-07,0.5768734444084005,0
TCGA-DD-A1EK-01A-11R-A213-07,0.48737491542447464,1
TCGA-BH-A0HU-01A-11R-A034-07,0.5672395057527991,0
TCGA-HZ-7289-01A-11R-2156-07,0.9951718850373552,1
TCGA-33-4566-01A-01R-1443-07,0.8670719676978408,1
TCGA-EJ-5504-01A-01R-1580-07,0.36707878512063413,1
TCGA-IB-7654-01A-11R-2156-07,0.7233347253461705,1
TCGA-2Z-A9JD-01A-11R-A42S-07,0.49240238194856617,1
TCGA-BH-A18L-01A-32R-A12D-07,0.5719888575968408,1
TCGA-38-A44F-01A-11R-A24H-07,0.5230657066336409,0
TCGA-YL-A8SB-01A-31R-A37L-07,0.4495506739622406,1
TCGA-46-3768-01A-01R-0980-07,0.5169279706645568,1
TCGA-AR-A24U-01A-11R-A169-07,0.731286126755579,1
TCGA-AO-A0JD-01A-11R-A056-07,0.5985860363219148,1
TCGA-A2-A0T1-01A-21R-A084-07,0.6324319848336136,1
TCGA-D8-A1JH-01A-11R-A13Q-07,0.6158902384831006,1
TCGA-BP-5194-01A-02R-1426-07,0.3658191269301371,1
TCGA-RB-AA9M-01A-11R-A39D-07,0.3377752814514442,1
TCGA-A4-7915-01A-11R-2204-07,0.9898398667502416,1
TCGA-AA-3867-01A-01R-1022-07,0.7119032733124029,1
TCGA-3A-A9IH-01A-12R-A39D-07,0.25181042828246825,1
TCGA-E2-A570-01A-11R-A29R-07,0.6913325280326701,1
TCGA-D5-5540-01A-01R-1653-07,0.8484635724961259,0
TCGA-B0-4839-01A-01R-1305-07,0.7096489690587667,1
TCGA-FS-A1ZN-01A-11R-A18T-07,0.8399701625440475,1
TCGA-D8-A1Y1-01A-21R-A14M-07,0.6392522361034604,1
TCGA-57-1993-01A-01R-1568-13,0.7798173005433463,1
TCGA-E9-A3X8-01A-31R-A22U-07,0.8704849667528766,1
TCGA-86-8073-01A-11R-2241-07,0.5298162569241058,1
TCGA-ZG-A8QW-01A-11R-A37L-07,0.54207143030555,1
TCGA-AK-3458-01A-01R-1503-07,0.8887429308743693,1
TCGA-L5-A88S-01A-11R-A36D-31,0.8633414180443995,1
TCGA-DD-A4NJ-01A-11R-A27V-07,0.7583684456284987,0
TCGA-55-6985-01A-11R-1949-07,0.5875989151411599,1
TCGA-78-7147-01A-11R-2039-07,0.5472683126053938,0
TCGA-AK-3429-01A-02R-1325-07,0.6333599009360914,0
TCGA-AR-A2LH-01A-31R-A18M-07,0.706033082563628,0
TCGA-WX-AA47-01A-11R-A39D-07,0.718665597143855,0
TCGA-04-1536-01A-01R-1566-13,0.7027491850706425,1
TCGA-L3-A524-01A-11R-A262-07,0.5261415529617319,1
TCGA-91-6848-01A-11R-1949-07,0.9077176409648543,1
TCGA-24-2027-01A-01R-1567-13,0.7148834573859278,1
TCGA-H9-A6BX-01A-31R-A311-07,0.8204339591612432,1
TCGA-G9-6354-01A-11R-A311-07,0.5252031420880369,1
TCGA-10-0937-01A-02R-1564-13,0.595773057580572,1
TCGA-B6-A0RN-01A-12R-A084-07,0.5439402510272313,1
TCGA-86-8056-01A-11R-2241-07,0.6552844674766127,0
TCGA-95-8039-01A-11R-2241-07,0.4996685687163857,0
TCGA-E9-A1R5-01A-11R-A14M-07,0.557035709741541,0
TCGA-A3-3331-01A-02R-1325-07,0.3247803181123538,1
TCGA-18-3410-01A-01R-0980-07,0.7309719456324585,1
TCGA-22-5491-01A-01R-1635-07,0.47375464555225605,1
TCGA-A4-A7UZ-01A-12R-A355-07,0.6797058936208524,0
TCGA-L5-A4OS-01A-11R-A28J-31,0.756047395427522,0
TCGA-AZ-6607-01A-11R-1839-07,0.9920531380021843,1
TCGA-B0-5077-01A-01R-1334-07,0.3373138827878596,0
TCGA-63-A5MW-01A-11R-A26W-07,0.7634177066447414,0
TCGA-CK-6747-01A-11R-1839-07,0.6017012547006788,1
TCGA-A8-A06U-01A-11R-A00Z-07,0.6355885027553598,1
TCGA-CC-A5UD-01A-11R-A28V-07,0.9303553887757733,1
TCGA-44-A47A-01A-21R-A24H-07,0.49665091521025523,0
TCGA-EW-A1IZ-01A-11R-A13Q-07,0.7279473997454791,1
TCGA-24-2019-01A-02R-1568-13,0.5752356395467192,1
TCGA-EW-A1IX-01A-12R-A144-07,0.5973719520861651,1
TCGA-13-0897-01A-01R-1564-13,0.7176872798994223,1
TCGA-A8-A06Q-01A-11R-A034-07,0.6084727984411228,1
TCGA-A2-A4RX-01A-11R-A266-07,0.7469401488922162,1
TCGA-E9-A1RC-01A-11R-A157-07,0.48913693119649426,1
TCGA-AA-3814-01A-01R-0905-07,0.4246698878630312,1
TCGA-DD-AACH-01A-11R-A41C-07,0.8682895138951842,1
TCGA-AA-3496-01A-21R-1839-07,0.7037253939100278,1
TCGA-69-7974-01A-11R-2187-07,0.4459617891757944,0
TCGA-24-1431-01A-01R-1566-13,0.6095930080867559,1
TCGA-B6-A1KI-01A-11R-A14M-07,0.6786911772378642,0
TCGA-AK-3461-01A-02R-1277-07,0.4101955506257005,1
TCGA-DD-A11D-01A-11R-A131-07,0.4164211869292299,1
TCGA-22-4594-01A-01R-1201-07,0.8687717586372149,1
TCGA-GN-A8LN-01A-11R-A37K-07,0.7793316026147754,1
TCGA-A4-7286-01A-11R-A32Z-07,0.5003043414156597,0
TCGA-G9-6362-01A-11R-1789-07,0.9222665122286559,1
TCGA-ED-A7PZ-01A-11R-A33R-07,0.7160233595947239,1
TCGA-77-7139-01A-11R-2045-07,0.4845991743498871,1
TCGA-AT-A5NU-01A-11R-A28H-07,0.3409450741715616,1
TCGA-G9-6348-01A-11R-1789-07,0.6086722440471947,1
TCGA-CM-5868-01A-01R-1653-07,0.36012593295854617,0
TCGA-80-5607-01A-31R-1949-07,0.6462194316375062,1
TCGA-DD-A4ND-01A-11R-A266-07,0.9124426947617743,1
TCGA-AK-3443-01A-02R-1325-07,0.9843514509885379,1
TCGA-BH-A28Q-01A-11R-A16F-07,0.556953188004557,1
TCGA-62-A470-01A-11R-A24H-07,0.3999616913287803,1
TCGA-85-A5B5-01A-21R-A26W-07,0.703498596852176,1
TCGA-GN-A4U5-01A-11R-A32P-07,0.612299008806141,1
TCGA-A7-A2KD-01A-31R-A21T-07,0.5254692139707334,0
TCGA-5R-AAAM-01A-12R-A41C-07,0.5790342248219645,1
TCGA-AA-3952-01A-01R-1022-07,0.7503301698007654,1
TCGA-E9-A1NC-01A-21R-A26B-07,0.8283239065685248,1
TCGA-E9-A229-01A-31R-A157-07,0.5014522830140018,0
TCGA-55-A494-01A-11R-A24X-07,0.8621243041074761,1
TCGA-D8-A1XL-01A-11R-A14M-07,0.730062625943815,1
TCGA-YL-A8SI-01A-11R-A41O-07,0.2603907183720313,1
TCGA-61-1911-01A-01R-1567-13,0.7729528683928042,1
TCGA-56-1622-01A-01R-0692-07,0.5802304953125352,0
TCGA-C8-A26Z-01A-11R-A16F-07,0.5485658342998084,1
TCGA-V5-A7RB-01A-11R-A354-31,0.8068069704772132,1
TCGA-OL-A66H-01A-11R-A29R-07,0.7526051167803687,1
TCGA-AC-A3OD-01A-11R-A21T-07,0.7268845841815067,0
TCGA-A4-8516-01A-11R-2404-07,0.2017704838876925,0
TCGA-EJ-A7NN-01A-11R-A33R-07,0.585181178968054,1
TCGA-A8-A06Y-01A-21R-A00Z-07,0.7023379138096838,1
TCGA-EB-A5VU-01A-21R-A32P-07,0.9032212594408958,1
TCGA-HC-7232-01A-11R-2118-07,0.5224685046768717,1
TCGA-2L-AAQL-01A-11R-A38C-07,0.5534614623215504,1
TCGA-BF-A3DM-01A-11R-A20F-07,0.7670586323219768,0
TCGA-GM-A2DI-01A-31R-A18M-07,0.6554363697161593,1
TCGA-CJ-4635-01A-02R-1305-07,0.480291450332306,0
TCGA-FV-A4ZP-01A-12R-A266-07,0.788809675217471,1
TCGA-IH-A3EA-01A-11R-A20F-07,0.33035305512022584,1
TCGA-HC-7075-01A-11R-1965-07,0.5413433711102519,1
TCGA-5P-A9K6-01A-11R-A42S-07,0.3223668291285245,1
TCGA-DM-A28K-01A-21R-A32Y-07,0.6315155119723591,0
TCGA-BP-4962-01A-01R-1334-07,0.6917586838585575,1
TCGA-53-7624-01A-11R-2066-07,0.8965637784004753,1
TCGA-AA-3854-01A-01R-0905-07,0.678367095756328,1
TCGA-OL-A5RW-01A-11R-A28M-07,0.8650943377898633,0
TCGA-E9-A1RI-01A-11R-A169-07,0.5411853049894577,1
TCGA-A7-A4SB-01A-21R-A266-07,0.7451301040626459,1
TCGA-A3-3306-01A-01R-0864-07,0.5977629761512817,1
TCGA-G9-6371-01A-11R-1789-07,0.48676150470459506,1
TCGA-E9-A243-01A-21R-A169-07,0.679742770166276,1
TCGA-A7-A0CG-01A-12R-A056-07,0.473110178745278,0
TCGA-E9-A3HO-01A-11R-A213-07,0.6947061168434747,1
TCGA-B6-A408-01A-12R-A24H-07,0.6198187392131331,0
TCGA-24-1426-01A-01R-1565-13,0.3727839250930888,0
TCGA-AC-A6IV-01A-12R-A33J-07,0.6820029802858484,0
TCGA-AS-3778-01A-01R-A32Z-07,0.42642364993809884,1
TCGA-C8-A1HG-01A-11R-A137-07,0.6720838314771316,1
TCGA-BQ-7059-01A-11R-1965-07,0.6643315475615434,1
TCGA-SX-A7SL-01A-11R-A355-07,0.5310183381036218,1
TCGA-13-1492-01A-01R-1565-13,0.7392853814977313,1
TCGA-BP-4970-01A-01R-1334-07,0.4510267567701694,1
TCGA-HE-7128-01A-11R-1965-07,0.630350576666538,1
TCGA-61-1733-01A-01R-1567-13,0.6648512299783763,0
TCGA-LL-A5YL-01A-12R-A29R-07,0.7142641502980287,1
TCGA-DD-A3A8-01A-11R-A22L-07,0.3548878106429283,1
TCGA-AK-3450-01A-02R-1277-07,0.6496956327723361,1
TCGA-EW-A2FS-01A-11R-A17B-07,0.735386724144237,1
TCGA-A2-A0T6-01A-11R-A084-07,0.5711881354352606,1
TCGA-FV-A496-01A-11R-A266-07,0.6241079817162156,1
TCGA-75-7027-01A-11R-1949-07,0.7838321011104404,1
TCGA-43-3394-01A-01R-0980-07,0.306965197958645,1
TCGA-CZ-5455-01A-01R-1503-07,0.4991652837113676,1
TCGA-AA-3831-01A-01R-0905-07,0.4534679409742008,1
TCGA-NH-A8F7-01A-11R-A41B-07,0.6784161712781313,1
TCGA-FB-A4P6-01A-12R-A26U-07,0.5069058005948712,1
TCGA-VP-A87E-01A-31R-A352-07,0.6360586020459741,1
TCGA-BH-A0DD-01A-31R-A12P-07,0.49872425894500394,1
TCGA-CM-4744-01A-01R-A32Z-07,0.5857784411320739,1
TCGA-IG-A8O2-01A-11R-A36D-31,0.9004713546674344,1
TCGA-A8-A07P-01A-11R-A00Z-07,0.6233065941786342,1
TCGA-J4-A67Q-01A-21R-A30B-07,0.8779298902192668,1
TCGA-A3-3387-01A-01R-1541-07,0.32815100812027176,1
TCGA-IB-7647-01A-11R-2156-07,0.7982295030710452,1
TCGA-98-8022-01A-11R-2247-07,0.872927729319739,1
TCGA-J2-8194-01A-11R-2241-07,0.4763347169963485,1
TCGA-BP-5189-01A-02R-1426-07,0.3872085634728114,0
TCGA-24-2293-01A-01R-1568-13,0.8772963827481892,1
TCGA-DD-A1EA-01A-11R-A131-07,0.7056553708497001,1
TCGA-JY-A6FB-01A-11R-A336-31,0.47048419873742847,1
TCGA-60-2716-01A-01R-0851-07,0.8844754700162888,1
TCGA-A1-A0SF-01A-11R-A144-07,0.6501664940038037,1
TCGA-78-7148-01A-11R-2039-07,0.6392593948412857,1
TCGA-85-7696-01A-11R-2125-07,0.6014759200530211,1
TCGA-25-1319-01A-01R-1565-13,0.7294540194258972,1
TCGA-44-A47B-01A-11R-A24H-07,0.7227886752648737,1
TCGA-L5-A88W-01A-11R-A354-31,0.6126912660800439,1
TCGA-85-A4CL-01A-41R-A26W-07,0.7389007579233721,1
TCGA-44-A4SU-01A-11R-A24X-07,0.4669013438543733,1
TCGA-2Y-A9GX-01A-11R-A38B-07,0.8200362808528437,1
TCGA-G4-6586-01A-11R-1774-07,0.4897664434077262,1
TCGA-68-A59J-01A-21R-A26W-07,0.5846214461134946,0
TCGA-G6-A5PC-01A-11R-A33J-07,0.9714659868845946,1
TCGA-IG-A50L-01A-11R-A260-31,0.3624147921849215,0
TCGA-43-6770-01A-11R-1820-07,0.4461717003716689,0
TCGA-57-1584-01A-01R-1566-13,0.6626673049529297,1
TCGA-AC-A2B8-01A-11R-A17B-07,0.5225279449215041,1
TCGA-A4-A57E-01A-11R-A26U-07,0.8717969572163747,1
TCGA-24-1471-01A-01R-1566-13,0.7828713096647966,1
TCGA-56-7579-01A-11R-2045-07,0.7657392106051017,1
TCGA-KK-A59Y-01A-11R-A26U-07,0.5193565172732645,1
TCGA-A7-A26H-01A-11R-A169-07,0.5315326280619395,0
TCGA-DV-5573-01A-01R-1541-07,0.5007684180013189,1
TCGA-AC-A3TM-01A-11R-A22K-07,0.8552362330721491,1
TCGA-KK-A6E3-01A-21R-A30B-07,0.8481928820951321,1
TCGA-25-2398-01A-01R-1569-13,0.6960063001026727,1
TCGA-25-1631-01A-01R-1569-13,0.5474705742335337,1
TCGA-B0-4710-01A-01R-1503-07,0.634667854468291,0
TCGA-BD-A2L6-01A-11R-A213-07,0.42667547569795583,0
TCGA-85-8664-01A-11R-2403-07,0.6753288730416217,1
TCGA-59-2352-01A-01R-1569-13,0.5443816748708393,1
TCGA-97-8179-01A-11R-2287-07,0.5575132437900384,0
TCGA-CW-5590-01A-01R-1541-07,0.35305669716503907,0
TCGA-24-1424-01A-01R-1565-13,0.554291869411866,0
TCGA-GM-A3XL-01A-11R-A22U-07,0.7944783807947163,1
TCGA-D8-A1JA-01A-11R-A13Q-07,0.753816139516415,1
TCGA-EB-A85J-01A-12R-A352-07,0.3500788380383656,1
TCGA-HV-A7OL-01A-11R-A33R-07,0.9248608593887871,0
TCGA-55-8087-01A-11R-2241-07,0.6251668982942098,1
TCGA-55-6978-01A-11R-1949-07,0.5483116560904515,0
TCGA-BP-4332-01A-01R-1289-07,0.46906429328769855,1
TCGA-57-1586-01A-02R-1567-13,0.5223541572186726,0
TCGA-5P-A9JV-01A-12R-A42S-07,0.8062728748288168,0
TCGA-A2-A1G0-01A-11R-A13Q-07,0.5341686107915504,0
TCGA-BP-4985-01A-01R-1334-07,0.8605822452250023,1
TCGA-US-A774-01A-21R-A32O-07,0.15002094549501152,0
TCGA-V7-A7HQ-01A-11R-A33J-07,0.8584700718360133,1
TCGA-B0-4817-01A-01R-1277-07,0.8357973695437236,1
TCGA-61-1738-01A-01R-1567-13,0.7706422988774806,1
TCGA-A6-2681-01A-01R-1410-07,0.5500662999343328,1
TCGA-22-4609-01A-21R-2125-07,0.6606327365445992,0
TCGA-HC-A6AN-01A-11R-A30B-07,0.8354399125073346,1
TCGA-AN-A0AM-01A-11R-A034-07,0.6781285708309767,1
TCGA-B2-5636-01A-02R-1541-07,0.5879150763084092,0
TCGA-59-2348-01A-01R-1569-13,0.7523089975906515,0
TCGA-EJ-5531-01A-01R-1580-07,0.4398250524117444,0
TCGA-D8-A4Z1-01A-21R-A266-07,0.5544221855997736,0
TCGA-BH-A0BV-01A-11R-A00Z-07,0.5014414501535203,1
TCGA-DD-AAEA-01A-11R-A41C-07,0.6537193853143711,1
TCGA-49-6761-01A-31R-1949-07,0.6596008734769581,1
TCGA-95-7043-01A-11R-1949-07,0.8422333863791114,1
TCGA-AD-6890-01A-11R-1928-07,0.47403848251201924,1
TCGA-97-8547-01A-11R-2403-07,0.6397288802805348,1
TCGA-XP-A8T6-01A-11R-A36D-31,0.4043985591636326,1
TCGA-70-6722-01A-11R-1820-07,0.7556368759756567,1
TCGA-DD-AAVY-01A-11R-A41C-07,0.3780178448642137,0
TCGA-A2-A3XS-01A-11R-A22U-07,0.7669350193317915,1
TCGA-A2-A0YL-01A-21R-A109-07,0.6204758995540496,1
TCGA-3A-A9IS-01A-21R-A39D-07,0.9978804996977274,1
TCGA-73-4666-01A-01R-1206-07,0.8138744838808427,1
TCGA-24-1467-01A-01R-1566-13,0.5756156218727515,0
TCGA-85-7699-01A-11R-2125-07,0.55845418227818,1
TCGA-A8-A07B-01A-11R-A00Z-07,0.5950956056488387,0
TCGA-AA-A01P-01A-21R-A083-07,0.627700014692279,1
TCGA-AC-A62X-01A-11R-A29R-07,0.7779809610266571,1
TCGA-A2-A0YH-01A-11R-A109-07,0.6348574048776745,1
TCGA-D8-A1XS-01A-11R-A14M-07,0.5742395016773317,1
TCGA-BH-A0E2-01A-11R-A056-07,0.601460115654476,1
TCGA-13-0888-01A-01R-1564-13,0.5741978794843603,1
TCGA-IG-A4QS-01A-11R-A260-31,0.8628349035567578,1
TCGA-A6-2680-01A-01R-1410-07,0.40913045544660653,0
TCGA-A4-7997-01A-11R-2204-07,0.787325043566751,1
TCGA-93-A4JO-01A-21R-A24X-07,0.4594868273470374,1
TCGA-KV-A74V-01A-11R-A33Z-07,0.3590052705891165,1
TCGA-G4-6588-01A-11R-1774-07,0.5690838810501283,1
TCGA-J4-A83L-01A-11R-A352-07,0.4093278903906994,1
TCGA-5T-A9QA-01A-11R-A41B-07,0.6410517699878691,0
TCGA-49-6744-01A-11R-1858-07,0.5701952466964063,1
TCGA-CK-4948-01B-11R-1653-07,0.4088718121731838,1
TCGA-77-7142-01A-11R-2045-07,0.573604763889546,1
TCGA-ZG-A9M4-01A-11R-A41O-07,0.8947099851841558,1
TCGA-44-A479-01A-31R-A24H-07,0.5400098912604783,1
TCGA-AA-3511-01A-21R-1839-07,0.4810637677119242,1
TCGA-66-2758-01A-02R-0851-07,0.6321622956452461,1
TCGA-24-2290-01A-01R-1568-13,0.781992843553287,1
TCGA-75-5125-01A-01R-1755-07,0.7287885387384301,1
TCGA-L9-A7SV-01A-11R-A39D-07,0.7891515537193098,1
TCGA-VP-A87K-01A-11R-A352-07,0.531825138763541,1
TCGA-A6-A565-01A-31R-A28H-07,0.9039405278641085,1
TCGA-04-1364-01A-01R-1565-13,0.6031184094616647,1
TCGA-04-1350-01A-01R-1565-13,0.5638376874144899,1
TCGA-22-5471-01A-01R-1635-07,0.6499560246320767,1
TCGA-EB-A430-01A-11R-A24X-07,0.387205940966766,0
TCGA-ZG-A9ND-01A-11R-A41O-07,0.612908179978387,1
TCGA-23-1119-01A-02R-1565-13,0.6275752392573292,1
TCGA-CJ-4642-01B-01R-1305-07,0.9948822237448146,1
TCGA-24-1413-01A-01R-1565-13,0.6267918689791048,1
TCGA-A8-A08A-01A-11R-A32Y-07,0.6782241683973255,1
TCGA-04-1519-01A-01R-1565-13,0.5967777502471376,1
TCGA-B6-A0RT-01A-21R-A084-07,0.7479574892598594,1
TCGA-AC-A5XS-01A-11R-A29R-07,0.5842985570575855,1
TCGA-HC-8257-01A-11R-2263-07,0.5047162305829183,1
TCGA-CJ-4881-01A-01R-1305-07,0.6175861104336111,0
TCGA-DD-AACY-01A-11R-A41C-07,0.3652415175324314,0
TCGA-CK-5915-01A-11R-1653-07,0.6809426490999055,1
TCGA-2Y-A9GZ-01A-11R-A39D-07,0.5388050046844178,1
TCGA-2H-A9GI-01A-11R-A37I-31,0.6892291112685621,1
TCGA-B6-A0IP-01A-11R-A034-07,0.5553433924065537,1
TCGA-AA-3811-01A-01R-1022-07,0.5657357354438954,1
TCGA-55-8208-01A-11R-2241-07,0.5016813465157791,1
TCGA-V9-A7HT-01A-11R-A33Z-07,0.5778964895114743,0
TCGA-C8-A12M-01A-11R-A115-07,0.7108270297491687,1
TCGA-BQ-5886-01A-11R-1592-07,0.6336864157309711,0
TCGA-GI-A2C9-01A-11R-A21T-07,0.6574301876551296,0
TCGA-G7-7502-01A-11R-2204-07,0.6702627558054604,1
TCGA-2Z-A9JM-01A-12R-A42S-07,0.36800653172504805,1
TCGA-85-A4PA-01A-11R-A24Z-07,0.9276133904985676,0
TCGA-C8-A12V-01A-11R-A115-07,0.7951040552669214,0
TCGA-HC-7745-01A-11R-2118-07,0.40543668641863384,1
TCGA-AC-A6IW-01A-12R-A33J-07,0.8331064067112822,1
TCGA-B0-5085-01A-01R-1334-07,0.8779316328638676,1
TCGA-AR-A1AU-01A-11R-A12P-07,0.5385214826503446,0
TCGA-B8-5546-01A-01R-1541-07,0.960598744403911,1
TCGA-77-7141-01A-11R-2045-07,0.5576507389582983,1
TCGA-AA-3534-01A-01R-0821-07,0.7432654844042862,1
TCGA-AA-3524-01A-02R-0821-07,0.565413461816664,1
TCGA-24-2280-01A-01R-1568-13,0.5946724682167636,1
TCGA-IB-7897-01A-21R-2204-07,0.6739291559350354,0
TCGA-95-7039-01A-11R-1949-07,0.5091342272672567,0
TCGA-CJ-5680-01A-11R-1541-07,0.6539941538956862,1
TCGA-AR-A1AN-01A-11R-A12P-07,0.5450518021321834,1
TCGA-LL-A6FP-01A-11R-A31O-07,0.8156100308770323,1
TCGA-30-1714-01A-02R-1567-13,0.6368573153593957,0
TCGA-E2-A15L-01A-11R-A12D-07,0.5167484669940131,1
TCGA-23-2077-01A-01R-1568-13,0.41075471597561114,1
TCGA-EJ-7123-01A-11R-1965-07,0.4233234299772244,1
TCGA-DD-AACI-01A-11R-A41C-07,0.4572666814457272,1
TCGA-A6-3808-01A-01R-1022-07,0.6280770926631982,0
TCGA-AA-3837-01A-01R-0905-07,0.6210615339407083,1
TCGA-95-7944-01A-11R-2187-07,0.851164680256116,0
TCGA-A3-3320-01A-02R-1325-07,0.3802636847667214,1
TCGA-MM-A563-01A-11R-A266-07,0.4595827717477134,0
TCGA-77-8008-01A-21R-2187-07,0.7636046252749173,1
TCGA-G9-7519-01A-11R-2263-07,0.7175822524305218,1
TCGA-BF-A5EP-01A-12R-A27Q-07,0.6051646629253554,1
TCGA-B0-5694-01A-11R-1541-07,0.3477078815081547,1
TCGA-E9-A1R7-01A-11R-A14M-07,0.6641543650708972,1
TCGA-G3-A7M5-01A-11R-A33R-07,0.42759876359962967,1
TCGA-A2-A0SV-01A-11R-A084-07,0.7253194904659878,1
TCGA-DW-7838-01A-11R-2139-07,0.6900295276942275,1
TCGA-AN-A04C-01A-21R-A034-07,0.7859459940686117,1
TCGA-77-6842-01A-11R-1949-07,0.5427733586273318,1
TCGA-B0-4688-01A-01R-1277-07,0.9981881565126494,1
TCGA-A2-A0YM-01A-11R-A109-07,0.7303974044708138,1
TCGA-JY-A6F8-01A-11R-A336-31,0.8447515208149033,1
TCGA-F4-6808-01A-11R-1839-07,0.7306533578044686,1
TCGA-AC-A2BM-01A-11R-A21T-07,0.5372835488060682,1
TCGA-34-5236-01A-21R-1820-07,0.5818873569506298,1
TCGA-AZ-6598-01A-11R-1774-07,0.7505271222103149,1
TCGA-D8-A1X7-01A-11R-A14M-07,0.5668959490788685,1
TCGA-AN-A0FY-01A-11R-A034-07,0.6977667621657174,1
TCGA-AO-A03R-01A-21R-A034-07,0.7169459529860058,1
TCGA-CJ-4920-01A-01R-1426-07,0.36412183461077924,1
TCGA-LL-A442-01A-11R-A24H-07,0.5593848706411048,1
TCGA-V1-A9OY-01A-11R-A41O-07,0.26936220893286356,1
TCGA-DD-AAVZ-01A-11R-A41C-07,0.5479696548835299,1
TCGA-UZ-A9PL-01A-11R-A38C-07,0.5171236381022127,0
TCGA-CJ-4638-01A-02R-1325-07,0.8858500200999444,1
TCGA-25-2401-01A-01R-1569-13,0.7056447414262449,1
TCGA-BP-4765-01A-01R-1289-07,0.3874701373381913,1
TCGA-AN-A0FS-01A-11R-A034-07,0.5131632488299416,1
TCGA-B8-5162-01A-01R-1420-07,0.655462600353966,0
TCGA-EV-5901-01A-11R-1592-07,0.7739208786487253,1
TCGA-2Y-A9H0-01A-11R-A38B-07,0.6743990371652234,1
TCGA-B4-5836-01A-11R-1672-07,0.2311567393671855,1
TCGA-G9-6338-01A-12R-1965-07,0.8589407464802323,1
TCGA-HZ-A9TJ-01A-11R-A41I-07,0.6916919177731361,1
TCGA-D8-A1XT-01A-11R-A14M-07,0.6226512776703002,0
TCGA-E9-A1N6-01A-11R-A144-07,0.5632454258422503,0
TCGA-E2-A1IK-01A-11R-A144-07,0.7226201571317754,1
TCGA-CJ-5683-01A-11R-1541-07,0.45553598423076824,1
TCGA-KK-A8IF-01A-11R-A36G-07,0.8522123816612567,1
TCGA-QG-A5Z2-01A-11R-A28H-07,0.7332133786853338,1
TCGA-A1-A0SO-01A-22R-A084-07,0.6729857705693928,0
TCGA-E2-A154-01A-11R-A115-07,0.5392918909614464,1
TCGA-J9-A8CM-01A-11R-A352-07,0.5960130154146676,1
TCGA-AN-A0FV-01A-11R-A00Z-07,0.7125408930197779,1
TCGA-CM-6679-01A-11R-1839-07,0.7423288543847005,1
TCGA-77-8153-01A-11R-2403-07,0.50705543345191,1
TCGA-BH-A0BJ-01A-11R-A056-07,0.5413097026373642,1
TCGA-AN-A0AL-01A-11R-A00Z-07,0.8092036027087924,1
TCGA-24-1928-01A-01R-1567-13,0.747376304658394,1
TCGA-IB-7890-01A-12R-2204-07,0.5954222836615527,0
TCGA-E2-A15R-01A-11R-A115-07,0.6663525635251976,1
TCGA-BH-A0DT-01A-21R-A12D-07,0.5198388518490165,0
TCGA-Q3-A5QY-01A-12R-A32O-07,0.5632171362728037,0
TCGA-NJ-A4YI-01A-11R-A262-07,0.6909128966449337,1
TCGA-ZG-A9N3-01A-11R-A41O-07,0.9878127881779483,1
TCGA-2Z-A9JO-01A-11R-A42S-07,0.8132609210506021,1
TCGA-25-1626-01A-01R-1566-13,0.792700319727998,1
TCGA-CC-5262-01A-01R-A131-07,0.5650710069273635,0
TCGA-57-1582-01A-01R-1566-13,0.7048081089044046,0
TCGA-WJ-A86L-01A-12R-A39D-07,0.783593202863398,0
TCGA-GL-6846-01A-11R-1965-07,0.5389213703876113,1
TCGA-E9-A54X-01A-11R-A266-07,0.7361147863417019,1
TCGA-55-1594-01A-01R-0946-07,0.6984192141226327,0
TCGA-AA-3864-01A-01R-1022-07,0.6532910709799564,1
TCGA-49-6742-01A-11R-1858-07,0.6978834091250283,1
TCGA-H6-8124-01A-11R-2404-07,0.649964469432756,1
TCGA-HC-7820-01A-11R-2118-07,0.2748572789684331,1
TCGA-AY-A8YK-01A-11R-A41B-07,0.39187803585593367,0
TCGA-34-8454-01A-11R-2326-07,0.5801706188972438,1
TCGA-A6-A56B-01A-31R-A28H-07,0.7420677619658279,0
TCGA-AR-A0U2-01A-11R-A109-07,0.5903410337651029,1
TCGA-BC-A112-01A-11R-A131-07,0.9559138585686929,1
TCGA-IB-7646-01A-11R-2156-07,0.9453878197786189,1
TCGA-V1-A9ZG-01A-11R-A41O-07,0.5249678204529376,1
TCGA-86-7953-01A-11R-2187-07,0.6528569109102115,1
TCGA-CZ-5451-01A-01R-1503-07,0.25216720181183744,1
TCGA-A6-6138-01A-11R-1774-07,0.5295441397689952,0
TCGA-GL-7966-01A-11R-2204-07,0.9869166248818395,1
TCGA-BP-4982-01A-01R-1334-07,0.4332186495820412,1
TCGA-B4-5835-01A-11R-1672-07,0.9838362499787194,1
TCGA-E9-A1NE-01A-21R-A14M-07,0.519369321166586,1
TCGA-MH-A856-01A-11R-A355-07,0.6794990884798738,1
TCGA-EB-A299-01A-21R-A18U-07,0.845401457298325,0
TCGA-V1-A8MF-01A-11R-A36G-07,0.5789881193126144,1
TCGA-G9-6361-01A-21R-1965-07,0.48274521409821636,1
TCGA-L5-A8NH-01A-11R-A37I-31,0.3285895434875416,0
TCGA-LN-A49P-01A-11R-A24K-31,0.7498545677370738,1
TCGA-E2-A14V-01A-11R-A12D-07,0.47079456825107424,1
TCGA-49-AAR4-01A-12R-A41B-07,0.5985823768601666,1
TCGA-IB-7885-01A-11R-2156-07,0.2429337382686469,0
TCGA-D8-A1XQ-01A-11R-A14M-07,0.772882656783223,1
TCGA-AA-3872-01A-01R-1022-07,0.5503815255483219,0
TCGA-85-8070-01A-11R-2247-07,0.5939694098168398,1
TCGA-HI-7169-01A-11R-2118-07,0.9458283710050368,1
TCGA-HC-8213-01A-11R-A29R-07,0.5515623457653893,0
TCGA-CH-5754-01A-11R-1580-07,0.7345757143405683,1
TCGA-2A-A8W1-01A-11R-A37L-07,0.7357059346538429,1
TCGA-AA-3527-01A-01R-0821-07,0.8929656672746167,1
TCGA-G7-6797-01A-11R-1965-07,0.5718385451378939,1
TCGA-05-4403-01A-01R-1206-07,0.7392811155998003,1
TCGA-EW-A1IW-01A-11R-A13Q-07,0.49376575283749125,1
TCGA-ZG-A9L0-01A-11R-A41O-07,0.5994475769929667,1
TCGA-56-8624-01A-11R-2403-07,0.9338318211556835,1
TCGA-D8-A1J8-01A-11R-A13Q-07,0.6697107799704581,1
TCGA-JY-A6FH-01A-11R-A336-31,0.80798931093859,1
TCGA-09-0366-01A-01R-1564-13,0.700231438913039,1
TCGA-A7-A6VV-01A-22R-A33J-07,0.8607341907940385,1
TCGA-L5-A4OG-01A-11R-A260-31,0.34213565217269465,1
TCGA-EJ-A65G-01A-21R-A29R-07,0.34544295425527355,1
TCGA-T9-A92H-01A-11R-A37K-07,0.4886889263224492,1
TCGA-AA-3685-01A-02R-A32Z-07,0.73242585854822,1
TCGA-BP-4993-01A-02R-1420-07,0.30294668402361563,1
TCGA-B0-5690-01A-11R-1541-07,0.47580377025068393,1
TCGA-G3-AAV6-01A-21R-A37K-07,0.7945329794083417,1
TCGA-13-1505-01A-01R-1565-13,0.5648554651600132,1
TCGA-LD-A9QF-01A-32R-A41B-07,0.7660080322920344,1
TCGA-AA-3710-01A-01R-1022-07,0.6789361053601592,1
TCGA-85-7950-01A-11R-2187-07,0.6852011468897485,1
TCGA-A8-A07L-01A-11R-A00Z-07,0.6697216321230364,1
TCGA-55-A492-01A-11R-A24H-07,0.8008376863137044,0
TCGA-AZ-5403-01A-01R-1653-07,0.6127102368625835,1
TCGA-69-7765-01A-11R-2170-07,0.42758297772874504,1
TCGA-IB-8127-01A-11R-2404-07,0.28998843624832427,1
TCGA-E2-A1IJ-01A-11R-A144-07,0.5653849697187625,0
TCGA-YL-A9WK-01A-11R-A37L-07,0.6689250152886205,1
TCGA-A8-A09D-01A-11R-A00Z-07,0.5655159530793157,1
TCGA-DD-AADA-01A-11R-A41C-07,0.6596474338281567,1
TCGA-CH-5763-01A-11R-1580-07,0.7563268819539516,1
TCGA-CZ-4865-01A-02R-1503-07,0.45687932704513823,1
TCGA-BC-A10Z-01A-11R-A131-07,0.5450958021853116,1
TCGA-EB-A44P-01A-11R-A266-07,0.7405056522248957,0
TCGA-CC-A3MA-01A-11R-A213-07,0.9851244584813643,1
TCGA-AA-3673-01A-01R-0905-07,0.5086722493209381,1
TCGA-CZ-5982-01A-11R-1672-07,0.683882824849785,1
TCGA-56-7223-01A-11R-2045-07,0.7266963284922275,1
TCGA-EB-A41A-01A-11R-A24X-07,0.6410057865933017,0
TCGA-IB-AAUS-01A-12R-A38C-07,0.2667724170093551,0
TCGA-B0-4828-01A-01R-1277-07,0.6577901156872121,1
TCGA-92-8065-01A-11R-2247-07,0.8151599328350402,1
TCGA-98-A53H-01A-12R-A262-07,0.8715834534377226,1
TCGA-05-4397-01A-01R-1206-07,0.9231747165412043,1
TCGA-HC-A6AO-01A-11R-A30B-07,0.9193057651078861,1
TCGA-E2-A108-01A-13R-A10J-07,0.7356795044130077,1
TCGA-23-1107-01A-01R-1564-13,0.6577937953325848,1
TCGA-IA-A40X-01A-11R-A24Z-07,0.42634653175869336,1
TCGA-B4-5838-01A-11R-1672-07,0.73059817505041,1
TCGA-24-1603-01A-01R-1566-13,0.4738871033108516,0
TCGA-R6-A6L4-01A-11R-A31P-31,0.5064029423796562,1
TCGA-B6-A0IE-01A-11R-A034-07,0.7500372722155011,1
TCGA-04-1517-01A-01R-1565-13,0.6476457175644328,1
TCGA-LA-A446-01A-21R-A24Z-07,0.4081892816920787,0
TCGA-C8-A1HF-01A-11R-A137-07,0.7167271949077253,1
TCGA-MP-A4TH-01A-31R-A262-07,0.5768974490664783,1
TCGA-AA-3848-01A-01R-0905-07,0.7214890667054178,0
TCGA-KV-A6GE-01A-11R-A31O-07,0.3147948659294031,1
TCGA-CC-A5UC-01A-11R-A28V-07,0.822509469235332,1
TCGA-96-7544-01A-11R-2045-07,0.5643487525075973,0
TCGA-B6-A0X1-01A-11R-A109-07,0.7761420005841564,1
TCGA-AA-3553-01A-01R-0821-07,0.3242131910995379,0
TCGA-HC-7818-01A-11R-2118-07,0.3744647795536377,1
TCGA-DD-AADL-01A-11R-A41C-07,0.6583899369385939,1
TCGA-78-7542-01A-21R-2066-07,0.8971420317104309,1
TCGA-E2-A1B5-01A-21R-A12P-07,0.7698724865206978,1
TCGA-A6-2684-01A-01R-1410-07,0.6223794766746529,1
TCGA-BH-A1FD-01A-11R-A13Q-07,0.632431404179524,1
TCGA-G9-6496-01A-11R-1789-07,0.7370553665791104,1
TCGA-EJ-8468-01A-21R-2403-07,0.563135027279148,1
TCGA-AR-A1AS-01A-11R-A12P-07,0.5189945325807751,0
TCGA-86-8674-01A-21R-2403-07,0.6827844338938011,1
TCGA-DD-A4NS-01A-11R-A311-07,0.8092451125239246,1
TCGA-BP-5170-01A-01R-1426-07,0.4348283039267709,1
TCGA-A8-A06P-01A-11R-A00Z-07,0.5548514816971302,1
TCGA-B0-4697-01A-01R-1277-07,0.8812929537175187,1
TCGA-33-6737-01A-11R-1820-07,0.8291498927666091,1
TCGA-85-A512-01A-11R-A26W-07,0.6386543975896434,1
TCGA-55-8511-01A-11R-2403-07,0.43152420078506565,1
TCGA-VP-A878-01A-31R-A352-07,0.32225698676987785,0
TCGA-BH-A0DZ-01A-11R-A00Z-07,0.6283085028132872,1
TCGA-D5-6931-01A-11R-1928-07,0.3535710088931388,0
TCGA-50-5044-01A-21R-1858-07,0.9147172824618811,0
TCGA-A2-A4RY-01A-31R-A266-07,0.6447740424063022,1
TCGA-EJ-7331-01A-11R-2118-07,0.6694564862226069,1
TCGA-CZ-4864-01A-01R-1503-07,0.4069385309218067,1
TCGA-4A-A93W-01A-11R-A37K-07,0.5237567928935953,1
TCGA-AA-3655-01A-02R-1723-07,0.4583550527217507,0
TCGA-CM-6678-01A-11R-1839-07,0.5665918732497227,1
TCGA-AA-A02J-01A-01R-A00A-07,0.41798966205796645,1
TCGA-DD-AAVR-01A-11R-A41C-07,0.48000850851068666,0
TCGA-23-1123-01A-01R-1565-13,0.5617230206313617,1
TCGA-L5-A43H-01A-11R-A24K-31,0.4950036415800046,1
TCGA-EJ-7791-01A-11R-2118-07,0.390979293554722,1
TCGA-B6-A0RO-01A-22R-A084-07,0.6332670056329142,0
TCGA-96-8169-01A-11R-2296-07,0.5918011579057159,1
TCGA-E2-A10E-01A-21R-A10J-07,0.4975660494710623,1
TCGA-EJ-5518-01A-01R-1580-07,0.6672698804000606,1
TCGA-5P-A9K0-01A-11R-A42S-07,0.2574276771477216,1
TCGA-AO-A0JM-01A-21R-A056-07,0.6674056797730279,1
TCGA-56-6545-01A-11R-1820-07,0.6200522738266923,1
TCGA-CJ-4643-01A-02R-1325-07,0.31439914405084324,0
TCGA-DZ-6135-01A-11R-1965-07,0.6323404552127196,0
TCGA-QU-A6IN-01A-11R-A31N-07,0.9030817342303223,1
TCGA-EW-A1P6-01A-11R-A144-07,0.5694447508433192,1
TCGA-BH-A0E6-01A-11R-A034-07,0.798051864607602,1
TCGA-04-1347-01A-01R-1564-13,0.5998935377407139,0
TCGA-NH-A6GB-01A-11R-A37K-07,0.5914762242584846,1
TCGA-50-5072-01A-21R-1858-07,0.6441312289769369,1
TCGA-O2-A52Q-01A-11R-A26W-07,0.7836913184776461,1
TCGA-AC-A23C-01A-12R-A169-07,0.4898131583014017,1
TCGA-TP-A8TV-01A-11R-A41O-07,0.46643513875602854,0
TCGA-63-A5MN-01A-22R-A27Q-07,0.8769026315444757,0
TCGA-OL-A5D6-01A-21R-A27Q-07,0.7764734169760085,1
TCGA-55-8097-01A-11R-2241-07,0.4393805265420577,0
TCGA-EW-A1OX-01A-11R-A144-07,0.6508206887189785,1
TCGA-13-0804-01A-01R-1564-13,0.539418310742836,1
TCGA-A2-A25D-01A-12R-A16F-07,0.5769510339114565,1
TCGA-24-1549-01A-01R-1566-13,0.8286835067141795,1
TCGA-XK-AAJR-01A-11R-A41O-07,0.4533522373539082,1
TCGA-CW-5588-01A-01R-1541-07,0.5120989491291906,1
TCGA-SX-A71V-01A-11R-A33Z-07,0.26546277345605596,1
TCGA-BQ-7049-01A-11R-1965-07,0.9220372204393252,1
TCGA-BQ-5876-01A-11R-1592-07,0.9722559564484565,0
TCGA-B6-A0IJ-01A-11R-A034-07,0.7413235148722765,1
TCGA-55-A491-01A-11R-A24H-07,0.7391513722492399,1
TCGA-E2-A1L9-01A-11R-A13Q-07,0.592471514927992,1
TCGA-44-8117-01A-11R-2241-07,0.655638653761342,1
TCGA-JY-A93D-01A-11R-A38D-31,0.6837375135138688,1
TCGA-AO-A0J3-01A-11R-A034-07,0.7066028230889932,0
TCGA-A3-A8OU-01A-11R-A37O-07,0.48552873042486244,0
TCGA-63-A5M9-01A-11R-A26W-07,0.566464153403649,1
TCGA-86-8585-01A-11R-2403-07,0.6163355480649595,0
TCGA-13-0762-01A-01R-1564-13,0.6502642565767822,1
TCGA-KK-A7B4-01A-11R-A32O-07,0.5742993590812405,0
TCGA-MP-A4SV-01A-11R-A24X-07,0.4546952439953076,0
TCGA-LD-A7W5-01A-22R-A352-07,0.6714713959991382,0
TCGA-IZ-A6M8-01A-11R-A31O-07,0.5311605345295224,0
TCGA-CW-5585-01A-01R-1541-07,0.5946726632301019,1
TCGA-BH-A0B2-01A-11R-A10J-07,0.6009495436309825,1
TCGA-AC-A2FK-01A-12R-A180-07,0.7058117768034491,1
TCGA-ER-A19K-01A-21R-A18T-07,0.6910194886675486,0
TCGA-DD-A4NR-01A-11R-A311-07,0.7376782981254225,0
TCGA-D8-A27T-01A-11R-A16F-07,0.4688574147547813,1
TCGA-96-7545-01A-21R-2045-07,0.7450763797842952,1
TCGA-21-1081-01A-01R-0692-07,0.7075053715344063,1
TCGA-AR-A2LL-01A-11R-A180-07,0.5449961552254952,1
TCGA-J4-A83M-01A-11R-A352-07,0.3943888289320219,1
TCGA-DD-AADF-01A-11R-A41C-07,0.5296751050570265,1
TCGA-B4-5377-01A-01R-1503-07,0.349832008895265,1
TCGA-B8-5158-01A-01R-1420-07,0.5854924034290768,1
TCGA-25-1326-01A-01R-1565-13,0.6701325217673235,1
TCGA-DD-A1EB-01A-11R-A131-07,0.5721539564834026,1
TCGA-63-A5MJ-01A-11R-A27Q-07,0.5997958508342495,1
TCGA-B9-4115-01A-01R-1193-07,0.5828390700070231,1
TCGA-B8-4619-01A-02R-1325-07,0.9647905691065809,1
TCGA-AA-3554-01A-01R-0826-07,0.5646118791948815,0
TCGA-2Y-A9H3-01A-11R-A38B-07,0.65927173805417,1
TCGA-55-7728-01A-11R-2187-07,0.748633249379036,1
TCGA-BP-5181-01A-01R-1426-07,0.34253177017143926,1
TCGA-DM-A1D8-01A-11R-A155-07,0.5561225183493669,1
TCGA-SX-A71S-01A-11R-A33Z-07,0.5137207563367614,1
TCGA-D8-A1XF-01A-11R-A14D-07,0.7298012889828108,1
TCGA-24-1474-01A-01R-1566-13,0.7505602829275421,1
TCGA-KC-A4BN-01A-61R-A250-07,0.5189426604493547,1
TCGA-A3-3328-01A-01R-0864-07,0.9837220943134403,0
TCGA-HN-A2OB-01A-21R-A27Q-07,0.6368130218132501,1
TCGA-29-1698-01A-01R-1567-13,0.6984586252663264,0
TCGA-20-1686-01A-01R-1566-13,0.7280370508064219,1
TCGA-50-5939-01A-11R-1628-07,0.5344497150293988,1
TCGA-A7-A3J1-01A-11R-A213-07,0.5113757283447622,1
TCGA-36-1570-01A-01R-1566-13,0.5850850863925372,1
TCGA-AA-3521-01A-01R-0821-07,0.5320872690457276,1
TCGA-FC-7708-01A-11R-2118-07,0.4930380217436492,0
TCGA-VG-A8LO-01A-11R-A406-31,0.7183836502862949,1
TCGA-NK-A5CX-01A-11R-A26W-07,0.6792344848535008,1
TCGA-OL-A97C-01A-32R-A41B-07,0.5921836136819727,1
TCGA-E2-A158-01A-11R-A12D-07,0.7764463070765651,1
TCGA-HC-8256-01A-11R-2263-07,0.441370016377692,1
TCGA-A7-A0CE-01A-11R-A00Z-07,0.7775935011145301,1
TCGA-AR-A1AL-01A-21R-A12P-07,0.533865634307796,1
TCGA-E2-A3DX-01A-21R-A213-07,0.6913690415660663,1
TCGA-A2-A3XT-01A-11R-A22U-07,0.8288559564213661,0
TCGA-50-8457-01A-11R-2326-07,0.5231151585735808,1
TCGA-LL-A6FQ-01A-11R-A31O-07,0.8026658937329244,1
TCGA-2H-A9GK-01A-11R-A37I-31,0.6682373940199338,1
TCGA-G3-A5SM-01A-12R-A28V-07,0.48553266535567835,1
TCGA-AR-A1AX-01A-11R-A12P-07,0.6266160444462776,1
TCGA-A2-A4S3-01A-21R-A266-07,0.774367833352995,1
TCGA-21-A5DI-01A-31R-A26W-07,0.578453472405134,1
TCGA-24-0966-01A-01R-1564-13,0.5956818729010938,0
TCGA-BH-A0H7-01A-13R-A056-07,0.5105739245511925,1
TCGA-97-7554-01A-11R-2039-07,0.671095237959308,1
TCGA-IB-7886-01A-11R-2156-07,0.6147443821706918,1
TCGA-61-1728-01A-01R-1568-13,0.4812178678859459,1
TCGA-GM-A5PX-01A-12R-A28M-07,0.6614283387161274,1
TCGA-EJ-5494-01A-01R-1580-07,0.3993495344573505,1
TCGA-AZ-6605-01A-11R-1839-07,0.45046668947440394,1
TCGA-GL-A9DE-01A-11R-A37K-07,0.5808051164688401,0
TCGA-Y8-A895-01A-11R-A36F-07,0.2255084873964624,0
TCGA-55-8206-01A-11R-2241-07,0.44734739999082895,0
TCGA-85-8584-01A-11R-2403-07,0.8641596965139641,1
TCGA-AZ-4313-01A-01R-1410-07,0.7469641170548704,1
TCGA-EJ-AB20-01A-12R-A41O-07,0.9681849419746723,0
TCGA-43-8116-01A-11R-2247-07,0.5359768204043438,0
TCGA-97-7553-01A-21R-2039-07,0.5503794351952067,1
TCGA-VP-A87B-01A-11R-A352-07,0.6202793342199117,1
TCGA-BH-A0BA-01A-11R-A056-07,0.587987206600754,1
TCGA-A3-3349-01A-01R-1188-07,0.44779182465223716,0
TCGA-EW-A1OW-01A-21R-A144-07,0.5648227900695124,0
TCGA-L5-A8NW-01A-11R-A37I-31,0.30956554451055074,1
TCGA-EJ-A65M-01A-11R-A29R-07,0.6391447505997743,1
TCGA-E2-A15P-01A-11R-A115-07,0.5814939791365937,1
TCGA-A8-A09G-01A-21R-A00Z-07,0.6875307543640314,1
TCGA-MN-A4N5-01A-11R-A24X-07,0.622733791758605,0
TCGA-A2-A0YG-01A-21R-A109-07,0.6771769218982557,1
TCGA-BH-A1EY-01A-11R-A13Q-07,0.6629769382537615,1
TCGA-CC-A9FU-01A-11R-A37K-07,0.7633503404843303,1
TCGA-A3-3335-01A-01R-0864-07,0.6728679878499649,1
TCGA-78-7154-01A-11R-2039-07,0.8388725434941179,1
TCGA-69-8255-01A-11R-2287-07,0.839273731708733,1
TCGA-EJ-5502-01A-01R-1580-07,0.5926382277624154,0
TCGA-AO-A03P-01A-11R-A00Z-07,0.561714530844335,1
TCGA-22-5478-01A-01R-1635-07,0.7845518296259322,1
TCGA-AA-3858-01A-01R-0905-07,0.4566408000468279,0
TCGA-HZ-8317-01A-11R-2404-07,0.6029209666342704,1
TCGA-AQ-A1H2-01A-11R-A13Q-07,0.664344564119583,1
TCGA-LN-A49R-01A-11R-A24K-31,0.6462708613728139,1
TCGA-24-1464-01A-01R-1566-13,0.6981678950543245,1
TCGA-G3-A5SL-01A-11R-A27V-07,0.4819816104482629,0
TCGA-VR-AA7B-01A-31R-A406-31,0.4768939862116249,1
TCGA-AC-A3QQ-01B-06R-A22O-07,0.7585749064942381,1
TCGA-AR-A24N-01A-11R-A169-07,0.4886366727117792,1
TCGA-D5-6531-01A-11R-1723-07,0.5971310576878128,1
TCGA-E9-A244-01A-11R-A169-07,0.8120404870425747,1
TCGA-B0-4852-01A-01R-1503-07,0.5961471230641101,1
TCGA-DD-AAW0-01A-11R-A41C-07,0.5753804119758676,1
TCGA-55-8506-01A-11R-2403-07,0.6125535492261569,1
TCGA-B9-5156-01A-01R-1592-07,0.4871894105281688,1
TCGA-D8-A27F-01A-11R-A16F-07,0.813796197304032,1
TCGA-B4-5832-01A-11R-1672-07,0.9934883569917027,0
TCGA-CM-5341-01A-01R-1410-07,0.9578867448771329,1
TCGA-91-6831-01A-11R-1858-07,0.5655693746003836,0
TCGA-EJ-5526-01A-01R-1580-07,0.8635915029430199,1
TCGA-VP-A876-01A-11R-A352-07,0.63857210493834,1
TCGA-E2-A576-01A-11R-A31O-07,0.7333876295059887,1
TCGA-J4-AATV-01A-11R-A41O-07,0.4837514541944543,0
TCGA-RC-A7SK-01A-11R-A352-07,0.5802767632761873,1
TCGA-BH-A1F2-01A-31R-A13Q-07,0.6196116503534248,0
TCGA-E2-A1BD-01A-11R-A12P-07,0.6283443224739689,1
TCGA-B8-5551-01A-01R-1541-07,0.9324988617875396,0
TCGA-49-AAR2-01A-11R-A39D-07,0.8273607696133908,0
TCGA-A1-A0SE-01A-11R-A084-07,0.6235698100157767,1
TCGA-D5-6534-01A-21R-1928-07,0.9790917826611053,1
TCGA-A7-A426-01A-22R-A24H-07,0.7900108955723122,1
TCGA-56-8503-01A-11R-2403-07,0.69048722444584,1
TCGA-B1-A654-01A-11R-A31O-07,0.6744521044530768,1
TCGA-AA-A029-01A-01R-A00A-07,0.5275865927027326,1
TCGA-D8-A27K-01A-11R-A16F-07,0.5327335519106279,1
TCGA-BP-4991-01A-01R-1334-07,0.41919635222038776,1
TCGA-24-1428-01A-01R-1564-13,0.6088372941283304,1
TCGA-10-0928-01A-02R-1564-13,0.6148163933585639,1
TCGA-M7-A71Y-01A-22R-A32O-07,0.45630642040484654,1
TCGA-G4-6299-01A-11R-1774-07,0.79853209491983,1
TCGA-AK-3453-01A-02R-1277-07,0.8232422751616071,1
TCGA-E9-A247-01A-11R-A169-07,0.6537212833322141,1
TCGA-5P-A9K3-01A-11R-A42S-07,0.9194097737933561,1
TCGA-DD-A1EI-01A-11R-A131-07,0.6612505819235601,1
TCGA-B0-4823-01A-02R-1420-07,0.3081162384878682,1
TCGA-A2-A0CL-01A-11R-A115-07,0.7043960683534377,1
TCGA-VN-A88O-01A-11R-A352-07,0.44411732314144325,1
TCGA-A6-3810-01A-01R-1022-07,0.6637734816199101,1
TCGA-60-2724-01A-01R-0851-07,0.5559127485741903,1
TCGA-B3-3925-01A-02R-1351-07,0.7800108700053539,1
TCGA-G3-A7M8-01A-11R-A33R-07,0.5396820890664866,1
TCGA-AR-A5QP-01A-11R-A28M-07,0.6291891073680385,1
TCGA-CH-5767-01A-11R-1789-07,0.6222828821318788,1
TCGA-AR-A24S-01A-11R-A169-07,0.5380807304027231,0
TCGA-BH-A1FE-01A-11R-A13Q-07,0.4920556412461134,0
TCGA-EJ-7782-01A-11R-2118-07,0.6698700376061005,1
TCGA-55-8094-01A-11R-2241-07,0.7722825753298425,0
TCGA-77-8145-01A-11R-2247-07,0.5695637842420384,1
TCGA-AA-3851-01A-01R-1022-07,0.6295630991376233,1
TCGA-L5-A8NI-01A-11R-A37I-31,0.8539642144391233,1
TCGA-2J-AABP-01A-11R-A41B-07,0.9934682492037519,1
TCGA-AC-A3YJ-01A-11R-A22U-07,0.7679408408979256,1
TCGA-25-1877-01A-01R-1567-13,0.8461643933727497,1
TCGA-AR-A2LE-01A-11R-A180-07,0.5584564994740229,0
TCGA-B0-4847-01A-01R-1277-07,0.8483527824366922,1
TCGA-BH-A0E1-01A-11R-A056-07,0.6163260932719561,1
TCGA-21-5784-01A-01R-1635-07,0.8308440702027349,0
TCGA-KK-A7AQ-01A-11R-A33R-07,0.7998468623377102,1
TCGA-DD-AAE3-01A-11R-A41C-07,0.4021113176914432,1
TCGA-93-A4JQ-01A-11R-A24X-07,0.5133495104351965,1
TCGA-AC-A3TN-01A-11R-A22K-07,0.8319769793957685,1
TCGA-VR-A8Q7-01A-11R-A37I-31,0.6480893284764216,1
TCGA-HC-8259-01A-11R-2263-07,0.35750781422960615,1
TCGA-AO-A12A-01A-21R-A115-07,0.4730897859370296,0
TCGA-66-2742-01A-01R-0980-07,0.5529639249715088,1
TCGA-KC-A4BV-01A-31R-A26U-07,0.44853322298607623,1
TCGA-Y8-A8S0-01A-11R-A37K-07,0.3406469944142135,1
TCGA-YL-A8SF-01A-11R-A37L-07,0.6305821827475175,1
TCGA-24-1567-01A-01R-1566-13,0.8032856004808396,1
TCGA-BH-A0H6-01A-21R-A056-07,0.4691868822726956,0
TCGA-BP-5186-01A-01R-1426-07,0.39422770874533164,1
TCGA-B0-4699-01A-01R-1277-07,0.9625503887446951,1
TCGA-OY-A56Q-01A-11R-A406-31,0.8580845616231746,1
TCGA-B0-4836-01A-01R-1305-07,0.5979968236039601,1
TCGA-HZ-A49I-01A-12R-A26U-07,0.36592979907015455,1
TCGA-J7-8537-01A-11R-2404-07,0.9762535510216348,0
TCGA-SX-A7SS-01A-11R-A36F-07,0.40274028005915363,1
TCGA-CM-6161-01A-11R-1653-07,0.706148916165276,1
TCGA-66-2753-01A-01R-0980-07,0.5555070547915731,1
TCGA-A3-3343-01A-01R-0864-07,0.47718819196183576,1
TCGA-24-1930-01A-01R-1567-13,0.6933054952866398,1
TCGA-A2-A0T7-01A-21R-A084-07,0.5996016085265428,1
TCGA-75-6203-01A-11R-1755-07,0.6825180572362759,1
TCGA-CZ-5989-01A-11R-1672-07,0.9916562013093325,1
TCGA-DD-AAVP-01A-11R-A41C-07,0.39753763937587555,0
TCGA-MH-A562-01A-11R-A26U-07,0.4388265078646373,0
TCGA-AC-A2FE-01A-11R-A19W-07,0.6216483679891641,1
TCGA-ZG-A8QZ-01A-11R-A37L-07,0.37455376261340506,1
TCGA-B8-A54J-01A-11R-A33J-07,0.49094110459767987,0
TCGA-CM-6675-01A-11R-1839-07,0.9006190845292888,0
TCGA-A2-A0D1-01A-11R-A034-07,0.8124862056541678,1
TCGA-UZ-A9PZ-01A-11R-A42S-07,0.20418068832165082,0
TCGA-LN-A9FR-01A-11R-A38D-31,0.3428626690318238,1
TCGA-CZ-5458-01A-01R-1503-07,0.3991409068259394,1
TCGA-IB-A5SQ-01A-11R-A32O-07,0.45832313829988236,1
TCGA-EB-A1NK-01A-11R-A18T-07,0.5413330318024951,1
TCGA-BF-A1PX-01A-12R-A18T-07,0.68981864059484,1
TCGA-MH-A855-01A-11R-A355-07,0.5284067237746074,1
TCGA-DZ-6131-01A-11R-1965-07,0.9094690064306356,1
TCGA-CJ-4875-01A-01R-1305-07,0.6668695314861784,1
TCGA-BP-4787-01A-01R-1305-07,0.5335492808757285,1
TCGA-X4-A8KQ-01A-12R-A36G-07,0.8124864578137883,1
TCGA-CZ-4862-01A-01R-1305-07,0.7130005717611865,1
TCGA-E2-A14Y-01A-21R-A12D-07,0.8162011010064877,1
TCGA-B0-5100-01A-01R-1420-07,0.9256886441219409,0
TCGA-EB-A42Y-01A-12R-A24X-07,0.902932573622212,1
TCGA-25-2399-01A-01R-1569-13,0.6584377346846911,1
TCGA-EB-A42Z-01A-12R-A24X-07,0.6024338109013982,1
TCGA-66-2755-01A-01R-0851-07,0.6366059682417121,1
TCGA-A6-2677-01B-02R-A277-07,0.9977289841522196,1
TCGA-25-2400-01A-01R-1569-13,0.5565829661263153,0
TCGA-O2-A52S-01A-11R-A262-07,0.5783993888649102,1
TCGA-09-2054-01A-01R-1568-13,0.7377634345645898,1
TCGA-BC-A10Y-01A-11R-A131-07,0.6691805280186814,1
TCGA-22-5481-01A-31R-1949-07,0.8902161980836271,1
TCGA-A2-A0D3-01A-11R-A115-07,0.5714115605783384,1
TCGA-55-8505-01A-11R-2403-07,0.6433864889317201,1
TCGA-CJ-4636-01A-02R-1325-07,0.4342174646540273,1
TCGA-13-0797-01A-01R-1564-13,0.5447500246145618,1
TCGA-AA-A03J-01A-21R-A16W-07,0.6766326225396615,0
TCGA-VP-A872-01A-11R-A352-07,0.7769220389331032,1
TCGA-XR-A8TF-01A-11R-A36F-07,0.650098911183786,1
TCGA-EP-A2KA-01A-11R-A180-07,0.7086698055929543,1
TCGA-25-1314-01A-01R-1565-13,0.6084661664805335,1
TCGA-64-5778-01A-01R-1628-07,0.6983687313517557,1
TCGA-04-1356-01A-01R-1569-13,0.7980492909312638,1
TCGA-46-3766-01A-01R-0980-07,0.787881063708619,0
TCGA-78-7535-01A-11R-2066-07,0.7945987839916886,1
TCGA-HZ-7919-01A-11R-2156-07,0.36034907238555053,1
TCGA-DW-7841-01A-11R-A32Z-07,0.39756773446928073,1
TCGA-AA-3538-01A-01R-0821-07,0.4979833781244016,1
TCGA-ZG-A9L5-01A-12R-A41O-07,0.8782939111334835,0
TCGA-DD-A39Z-01A-11R-A213-07,0.3038253668816416,1
TCGA-GM-A3NY-01A-11R-A21T-07,0.620774778573991,1
TCGA-S4-A8RO-01A-12R-A37L-07,0.91039382206492,1
TCGA-E2-A573-01A-11R-A29R-07,0.7844801363387405,1
TCGA-G3-A3CG-01A-11R-A213-07,0.37123224138161925,1
TCGA-PL-A8LZ-01A-31R-A36F-07,0.7914360716561983,1
TCGA-39-5011-01A-01R-1443-07,0.882586781885183,1
TCGA-G3-AAV5-01A-11R-A37K-07,0.47627825973389487,1
TCGA-A3-3313-01A-02R-1325-07,0.9315042834777963,0
TCGA-UZ-A9PR-01A-11R-A42S-07,0.3746821162421602,1
TCGA-BQ-5887-01A-11R-1965-07,0.9595683254571399,1
TCGA-49-AARQ-01A-11R-A41B-07,0.9169099265957832,1
TCGA-AA-3488-01A-01R-1410-07,0.5962031115372064,1
TCGA-S3-AA0Z-01A-11R-A41B-07,0.7626573247988774,0
TCGA-FB-A78T-01A-12R-A32O-07,0.46166756349109345,1
TCGA-09-1659-01B-01R-1564-13,0.5784291373124173,1
TCGA-55-8096-01A-11R-2241-07,0.5172942921964138,1
TCGA-DD-AACQ-01A-11R-A41C-07,0.5377799346378989,1
TCGA-CC-5260-01A-01R-A131-07,0.9942822578585371,1
TCGA-E2-A14S-01A-11R-A12D-07,0.5640956140386317,1
TCGA-B6-A0WT-01A-11R-A109-07,0.5517383284550497,1
TCGA-BQ-7048-01A-11R-1965-07,0.7385889304695831,0
TCGA-56-A62T-01A-11R-A405-07,0.4252740029543055,0
TCGA-EB-A3XD-01A-22R-A239-07,0.7818079107502064,1
TCGA-DD-AACZ-01A-11R-A41C-07,0.8143315465556887,1
TCGA-CC-A1HT-01A-11R-A131-07,0.9685763810315439,1
TCGA-B2-5633-01A-01R-1541-07,0.43327406927817463,0
TCGA-D5-5541-01A-01R-1653-07,0.5537344205413864,1
TCGA-BC-A217-01A-11R-A155-07,0.6106299523549982,1
TCGA-E2-A106-01A-11R-A10J-07,0.6414484860186359,0
TCGA-A2-A0D4-01A-11R-A00Z-07,0.6341454061114231,1
TCGA-BP-4768-01A-01R-1289-07,0.43491877630323017,1
TCGA-HC-7750-01A-11R-2118-07,0.23796188456858877,1
TCGA-C8-A1HI-01A-11R-A137-07,0.5953990141813944,1
TCGA-64-5815-01A-01R-1628-07,0.700290350337947,1
TCGA-EW-A1P5-01A-11R-A144-07,0.5932645938745927,1
TCGA-DD-AADK-01A-11R-A41C-07,0.43830984338342477,1
TCGA-BP-4174-01A-02R-1289-07,0.7481360782675819,1
TCGA-22-5482-01A-01R-1635-07,0.46514637556574906,1
TCGA-CA-5256-01A-01R-1410-07,0.6546653252984689,0
TCGA-36-1571-01A-01R-1566-13,0.7806677583538277,1
TCGA-13-0714-01A-01R-1564-13,0.42595304626566505,0
TCGA-97-8172-01A-11R-2287-07,0.4729727263527472,1
TCGA-ZG-A9L9-01A-11R-A41O-07,0.7682989309678446,1
TCGA-E2-A159-01A-11R-A115-07,0.6691481523007601,1
TCGA-BP-5187-01A-01R-1426-07,0.4608588722304406,1
TCGA-DZ-6132-01A-11R-1965-07,0.8331208752918928,1
TCGA-A6-6649-01A-11R-1774-07,0.7548541104234592,1
TCGA-60-2722-01A-01R-0851-07,0.566548717767041,0
TCGA-24-2033-01A-01R-1568-13,0.6839139291940461,1
TCGA-CH-5739-01A-11R-1580-07,0.5537488045590399,0
TCGA-EJ-A6RC-01A-11R-A32O-07,0.429902847344892,1
TCGA-V5-AASW-01A-11R-A406-31,0.47622583246699246,0
TCGA-86-8280-01A-11R-2287-07,0.38378274867198925,0
TCGA-73-7499-01A-11R-2187-07,0.7777914036451519,1
TCGA-DM-A1DA-01A-11R-A155-07,0.6565638026984636,1
TCGA-ED-A7XO-01A-11R-A352-07,0.43354256381829037,1
TCGA-35-4123-01A-01R-1107-07,0.6444508570456728,0
TCGA-CJ-4639-01A-02R-1325-07,0.35489261629659646,1
TCGA-35-4122-01A-01R-1107-07,0.8078152829996661,0
TCGA-AC-A7VC-01A-11R-A352-07,0.8318983178873794,0
TCGA-A8-A08X-01A-21R-A00Z-07,0.6265965391245805,0
TCGA-XK-AAIR-01A-11R-A41O-07,0.24479327532464343,1
TCGA-BH-A0B3-01A-11R-A056-07,0.6855140679776015,1
TCGA-BH-A1EV-01A-11R-A137-07,0.5138229299349852,1
TCGA-AA-3982-01A-02R-1022-07,0.5399820989517571,1
TCGA-86-6562-01A-11R-1755-07,0.5333425644929927,1
TCGA-EJ-5496-01A-01R-1580-07,0.4595207902853051,1
TCGA-B6-A400-01A-11R-A239-07,0.7829830595972059,0
TCGA-BF-A5ES-01A-11R-A27Q-07,0.14595145225717437,1
TCGA-F4-6854-01A-11R-1928-07,0.44484833029068505,1
TCGA-10-0938-01A-02R-1564-13,0.5955503898455725,0
TCGA-D8-A1XW-01A-11R-A14M-07,0.7511989074397765,1
TCGA-55-8089-01A-11R-2241-07,0.6593021255173697,1
TCGA-43-3920-01A-01R-0980-07,0.7826442759243945,0
TCGA-AA-3660-01A-01R-1723-07,0.43996855044909405,1
TCGA-24-0970-01B-01R-1565-13,0.6145594414957153,0
TCGA-24-2298-01A-01R-1569-13,0.7858958382016769,1
TCGA-EJ-A46G-01A-31R-A26U-07,0.8464157935591234,0
TCGA-A8-A093-01A-11R-A00Z-07,0.5276110122406807,1
TCGA-A7-A26I-01B-06R-A22O-07,0.8686565226282006,1
TCGA-24-1842-01A-01R-1567-13,0.7531874445302061,1
TCGA-LB-A8F3-01A-11R-A36G-07,0.8698150818311465,1
TCGA-95-7567-01A-11R-2066-07,0.5471761807317069,1
TCGA-BH-A0EE-01A-11R-A034-07,0.8573137608109709,1
TCGA-55-7911-01A-11R-2170-07,0.6395772538189616,1
TCGA-B2-5641-01A-01R-1541-07,0.4234557813996512,0
TCGA-CH-5790-01A-11R-1580-07,0.5807625090662661,1
TCGA-90-7766-01A-21R-2125-07,0.5623119928926459,1
TCGA-AA-3818-01A-01R-0905-07,0.42668186558601856,0
TCGA-NC-A5HL-01A-11R-A26W-07,0.6790067396764219,1
TCGA-23-1120-01A-02R-1565-13,0.6759893285811592,1
TCGA-A8-A06N-01A-11R-A00Z-07,0.60640901150603,0
TCGA-24-1427-01A-01R-1565-13,0.6111177251303365,1
TCGA-DM-A285-01A-11R-A16W-07,0.5243887603408522,0
TCGA-B6-A0RP-01A-21R-A084-07,0.6175215302581878,1
TCGA-77-8130-01A-11R-2247-07,0.7983432371577015,1
TCGA-85-7843-01A-11R-2125-07,0.6638082503854065,0
TCGA-22-1002-01A-01R-0692-07,0.7402265498807905,1
TCGA-L5-A4OU-01A-11R-A28J-31,0.7334063064157079,1
TCGA-44-3918-01B-02R-A277-07,0.7487976846213547,1
TCGA-EJ-5503-01A-01R-1580-07,0.4536850367380897,1
TCGA-B9-4113-01A-01R-1193-07,0.5674161990131062,1
TCGA-55-6642-01A-11R-1858-07,0.662472389340211,1
TCGA-22-4604-01A-01R-1201-07,0.5003761034876135,1
TCGA-69-8253-01A-11R-2287-07,0.6882545441483421,0
TCGA-43-A475-01A-11R-A24H-07,0.684078018428638,1
TCGA-13-0893-01B-01R-1565-13,0.6561187845177526,1
TCGA-ZG-A9MC-01A-31R-A41O-07,0.9045072753034772,1
TCGA-FB-AAQ3-01A-11R-A41B-07,0.9328478205196513,0
TCGA-30-1861-01A-01R-1568-13,0.6672275874002158,1
TCGA-A8-A0A4-01A-11R-A00Z-07,0.5806627222203592,1
TCGA-V1-A9ZI-01A-11R-A41O-07,0.7707928981345081,1
TCGA-AA-A01S-01A-21R-A083-07,0.6021910749734573,1
TCGA-J4-A6G1-01A-11R-A311-07,0.6641521376506379,1
TCGA-DD-AAD5-01A-11R-A41C-07,0.8959993595832678,0
TCGA-44-7661-01A-11R-2066-07,0.6262392682833764,1
TCGA-FV-A23B-01A-11R-A16W-07,0.6555495965108217,1
TCGA-E2-A1B1-01A-21R-A12P-07,0.664102571278119,1
TCGA-EJ-A65D-01A-11R-A30B-07,0.9488041674188298,1
TCGA-CA-5796-01A-01R-1653-07,0.8430902580065124,1
TCGA-AY-6196-01A-11R-1723-07,0.9937891393106982,1
TCGA-KK-A6E2-01A-11R-A311-07,0.6525430498159562,1
TCGA-05-4384-01A-01R-1755-07,0.5956808387364115,1
TCGA-D8-A1XD-01A-11R-A14D-07,0.5502995143108779,1
TCGA-T1-A6J8-01A-11R-A32O-07,0.29586605805470045,0
TCGA-A2-A0SU-01A-11R-A084-07,0.5456992275264009,1
TCGA-62-A46R-01A-11R-A24H-07,0.5708845294212936,1
TCGA-2J-AAB1-01A-11R-A41B-07,0.30015552676264684,1
TCGA-61-2102-01A-01R-1568-13,0.8080895375978208,1
TCGA-BQ-5891-01A-11R-1592-07,0.8672775714624391,1
TCGA-78-7160-01A-11R-2039-07,0.4687574037492222,1
TCGA-AZ-4614-01A-01R-1410-07,0.6752142192514465,0
TCGA-CM-6676-01A-11R-1839-07,0.5755558966880188,1
TCGA-LN-A49W-01A-11R-A260-31,0.6028434324902944,1
TCGA-A2-A0EY-01A-11R-A034-07,0.7242778361025721,1
TCGA-CJ-4869-01A-02R-1426-07,0.6447250663845284,1
TCGA-F2-A8YN-01A-11R-A37L-07,0.4415447775143366,1
TCGA-EW-A6SC-01A-12R-A32P-07,0.4632372926504091,1
TCGA-77-A5G1-01A-11R-A27Q-07,0.8176697554082439,1
TCGA-V1-A9ZR-01A-11R-A41O-07,0.720489554417937,1
TCGA-KK-A8I9-01A-11R-A36G-07,0.5250092090902522,0
TCGA-CC-A3MB-01A-11R-A213-07,0.623948474014253,1
TCGA-B2-5635-01A-01R-1541-07,0.3247866941803498,1
TCGA-AA-3662-01A-01R-1723-07,0.6756214348495799,1
TCGA-S3-AA15-01A-11R-A41B-07,0.783631448194668,1
TCGA-B8-4154-01A-01R-1188-07,0.7724590140800693,1
TCGA-43-A474-01A-11R-A24H-07,0.5932998447861212,1
TCGA-13-0800-01A-01R-1564-13,0.7479406037623196,1
TCGA-L9-A50W-01A-12R-A39D-07,0.5363602435461774,1
TCGA-B6-A1KF-01A-11R-A13Q-07,0.6945302609781737,0
TCGA-22-1011-01A-01R-0692-07,0.4999724202164984,1
TCGA-AA-3833-01A-01R-0905-07,0.6246809115976173,1
TCGA-22-4605-01A-21R-2125-07,0.6123710474264503,1
TCGA-52-7810-01A-11R-2125-07,0.7724815070014144,1
TCGA-64-1678-01A-01R-0946-07,0.8745020956460322,1
TCGA-IB-7645-01A-22R-2204-07,0.4484894848636674,1
TCGA-A2-A0EP-01A-52R-A22U-07,0.8235319762626638,1
TCGA-AA-A00Z-01A-01R-A002-07,0.5464024716850147,1
TCGA-E2-A9RU-01A-11R-A41B-07,0.764304648204673,0
TCGA-BP-5184-01A-01R-1426-07,0.38596411347604365,1
TCGA-73-4670-01A-01R-1206-07,0.7679345772261097,1
TCGA-AA-3679-01A-02R-0905-07,0.5851530996809156,1
TCGA-CM-5348-01A-21R-1723-07,0.9265891494050666,1
TCGA-2A-A8W3-01A-11R-A37L-07,0.5639405487981934,0
TCGA-MH-A857-01A-11R-A355-07,0.9167973150542432,1
TCGA-E2-A1LG-01A-21R-A14M-07,0.8072277939221061,0
TCGA-05-4418-01A-01R-1206-07,0.7533203119987069,1
TCGA-83-5908-01A-21R-2287-07,0.6038572102368006,0
TCGA-G3-A5SJ-01A-11R-A27V-07,0.9058007847348587,1
TCGA-13-0901-01B-01R-1565-13,0.7663318452932907,1
TCGA-B0-5088-01A-01R-1334-07,0.5430588628872312,1
TCGA-AR-A0TU-01A-31R-A109-07,0.8342415247173792,0
TCGA-29-1770-01A-01R-1567-13,0.7202988613738216,1
TCGA-AA-3855-01A-01R-1022-07,0.30622452351776525,1
TCGA-B0-5402-01A-01R-1503-07,0.5867955413227327,1
TCGA-DD-AACD-01A-11R-A41C-07,0.4350403850012862,1
TCGA-UB-A7MB-01A-11R-A33R-07,0.7258258555528456,0
TCGA-J9-A52B-01A-11R-A26U-07,0.7829811772254925,1
TCGA-13-0908-01B-01R-1565-13,0.7486847938176711,1
TCGA-AS-3777-01A-01R-0864-07,0.9726849892045389,0
TCGA-L5-A8NU-01A-11R-A36D-31,0.9545921469422464,1
TCGA-BH-A0W5-01A-11R-A109-07,0.5286328267686673,1
TCGA-L5-A4OE-01A-11R-A260-31,0.44393221498765045,1
TCGA-29-1705-01A-01R-1567-13,0.593211895592331,1
TCGA-AA-A024-01A-02R-A00A-07,0.7804153405870152,1
TCGA-13-0799-01A-01R-1564-13,0.5970903439059564,1
TCGA-AR-A24L-01A-11R-A169-07,0.585275420902197,1
TCGA-CZ-5463-01A-01R-1503-07,0.5748909560247241,1
TCGA-G7-A4TM-01A-11R-A31O-07,0.45083852224885085,1
TCGA-5P-A9KH-01A-11R-A42S-07,0.9843117969980896,1
TCGA-E9-A249-01A-11R-A169-07,0.5166355364390668,1
TCGA-J2-A4AD-01A-11R-A24H-07,0.6021258449279445,1
TCGA-BP-4961-01A-01R-1334-07,0.40340473564583235,1
TCGA-DD-AADB-01A-11R-A41C-07,0.7767669961288686,1
TCGA-B6-A0X4-01A-11R-A109-07,0.6194978123439495,0
TCGA-80-5611-01A-01R-1628-07,0.7240131861301252,1
TCGA-A8-A06O-01A-11R-A00Z-07,0.5305571654085827,1
TCGA-B0-4690-01A-01R-1277-07,0.8797444453688003,1
TCGA-A8-A07C-01A-11R-A034-07,0.684462724980687,1
TCGA-23-1032-01A-02R-1564-13,0.7019100729278148,1
TCGA-CM-6167-01A-11R-1653-07,0.9868991787693522,1
TCGA-D8-A142-01A-11R-A115-07,0.6786581550574967,1
TCGA-A3-A8OV-01A-11R-A37O-07,0.5625022363809936,1
TCGA-A8-A094-01A-11R-A00Z-07,0.5971275326252488,0
TCGA-HC-A8D0-01A-11R-A36G-07,0.40965521522619364,1
TCGA-M9-A5M8-01A-11R-A28J-31,0.5138261624210166,1
TCGA-DD-AACS-01A-11R-A41C-07,0.5302415176123754,1
TCGA-22-4593-01A-21R-1820-07,0.4106796605981121,0
TCGA-E9-A1RB-01A-11R-A157-07,0.6869930113179216,1
TCGA-86-A456-01A-11R-A24H-07,0.43052782307863785,0
TCGA-AR-A24H-01A-11R-A169-07,0.5620135458826195,1
TCGA-OL-A5D7-01A-11R-A27Q-07,0.882068232651723,0
TCGA-85-A511-01A-21R-A262-07,0.3735377072320486,0
TCGA-49-AAR9-01A-21R-A41B-07,0.763443204743164,0
TCGA-13-1496-01A-01R-1565-13,0.6343777193585729,0
TCGA-60-2695-01A-01R-0851-07,0.747079896911673,0
TCGA-YL-A8SH-01B-11R-A37L-07,0.41429059868607326,1
TCGA-23-1026-01B-01R-1569-13,0.45174800113244096,0
TCGA-AA-3684-01A-02R-0905-07,0.8887873948346406,1
TCGA-97-8174-01A-11R-2287-07,0.6586130824081027,1
TCGA-A3-3308-01A-02R-1325-07,0.5540227514698199,1
TCGA-DD-A3A4-01A-11R-A22L-07,0.573963329972331,1
TCGA-AR-A2LO-01A-31R-A18M-07,0.5915390195262975,0
TCGA-64-1679-01A-21R-2066-07,0.7345724887325035,1
TCGA-56-8623-01A-11R-A28V-07,0.9812910234573883,1
TCGA-69-A59K-01A-11R-A262-07,0.7187183709427852,0
TCGA-13-0766-01A-02R-1564-13,0.7328700781256996,1
TCGA-61-2016-01A-01R-1568-13,0.5495294325732516,1
TCGA-XV-AAZV-01A-11R-A40A-07,0.8302708910517929,1
TCGA-AA-A01Q-01A-01R-A002-07,0.5405876241335147,1
TCGA-A2-A25C-01A-11R-A169-07,0.6152187295311029,1
TCGA-24-1849-01A-01R-1567-13,0.6669938315503452,1
TCGA-LL-A5YM-01A-11R-A28M-07,0.8780989321526884,1
TCGA-23-2081-01A-01R-1568-13,0.5582612371940515,1
TCGA-BP-4975-01A-01R-1334-07,0.2713850464980689,1
TCGA-B8-5165-01A-01R-1420-07,0.2523131170914936,0
TCGA-SX-A7SR-01A-12R-A36F-07,0.3130072270230019,1
TCGA-AR-A24M-01A-11R-A169-07,0.4790920500564814,1
TCGA-LL-A6FR-01A-12R-A31O-07,0.8523213404594832,1
TCGA-IB-A5SS-01A-11R-A32O-07,0.6901152023835028,1
TCGA-EJ-AB27-01A-11R-A41O-07,0.27922076183808425,1
TCGA-37-3789-01A-01R-0980-07,0.641587040229919,1
TCGA-AA-A01F-01A-01R-A002-07,0.5906130388996161,1
TCGA-VR-A8EY-01A-11R-A36D-31,0.6597863172098875,1
TCGA-CK-5913-01A-11R-1653-07,0.5091813145922293,0
TCGA-A3-3319-01A-02R-1325-07,0.808792726293545,0
TCGA-77-8007-01A-11R-2187-07,0.7180985920691211,0
TCGA-24-1434-01A-01R-1566-13,0.786672084799008,1
TCGA-L5-A4OQ-01A-11R-A260-31,0.6431101376672129,1
TCGA-IG-A3YC-01A-11R-A24K-31,0.758049268834199,1
TCGA-BH-A0DV-01A-21R-A12P-07,0.612054293749504,1
TCGA-C8-A12N-01A-11R-A115-07,0.6282230846728686,1
TCGA-KC-A7F6-01A-11R-A33R-07,0.38490614243521515,1
TCGA-DM-A28E-01A-11R-A32Y-07,0.31478682762184523,0
TCGA-85-8048-01A-11R-2247-07,0.6650452794088338,1
TCGA-55-8614-01A-11R-2403-07,0.8128925952761632,1
TCGA-L5-A4OH-01A-11R-A260-31,0.45164057192564233,0
TCGA-AO-A0JJ-01A-11R-A056-07,0.6070185487727955,1
TCGA-DM-A282-01A-12R-A16W-07,0.5552302842617945,1
TCGA-64-5775-01A-01R-1628-07,0.9362870728655099,1
TCGA-EJ-5511-01A-01R-1580-07,0.6635533454822204,1
TCGA-E2-A1LE-01A-12R-A19W-07,0.8389143815823884,1
TCGA-E9-A1NH-01A-11R-A14D-07,0.6408786060233691,0
TCGA-55-8302-01A-11R-2326-07,0.7098327055074265,1
TCGA-O2-A52N-01A-11R-A26W-07,0.5269768377658824,0
TCGA-AA-3495-01A-01R-1410-07,0.5009044378726875,1
TCGA-A7-A13H-01A-11R-A22K-07,0.5699154934464552,0
TCGA-JY-A6FE-01A-11R-A336-31,0.9442331454331335,1
TCGA-HC-7210-01A-11R-2118-07,0.6351169397671945,1
TCGA-L5-A88T-01A-11R-A354-31,0.6572624140863575,0
TCGA-BP-4998-01A-01R-1334-07,0.4438143202911366,1
TCGA-S3-A6ZG-01A-22R-A32P-07,0.5541005172810572,1
TCGA-B0-5692-01A-11R-1541-07,0.6234509613894184,1
TCGA-ZG-A8QY-01A-11R-A37L-07,0.4661743312283568,1
TCGA-A1-A0SG-01A-11R-A144-07,0.586857801820211,0
TCGA-64-5774-01A-01R-1628-07,0.629664630374751,1
TCGA-L5-A8NM-01A-11R-A37I-31,0.6039584577147636,1
TCGA-AO-A12D-01A-11R-A115-07,0.6990764259802341,1
TCGA-39-5024-01A-21R-1820-07,0.6349062135343978,1
TCGA-AA-A01K-01A-01R-A00A-07,0.49341279596012183,0
TCGA-AA-3973-01A-01R-1022-07,0.7770607627357464,1
TCGA-22-5485-01A-01R-1635-07,0.5515765960102348,1
TCGA-50-5941-01A-11R-1755-07,0.370070196568221,0
TCGA-C8-A12K-01A-21R-A115-07,0.7939530598768139,1
TCGA-MH-A55Z-01A-11R-A26U-07,0.21490249311792947,1
TCGA-BH-A0H3-01A-11R-A12P-07,0.5595582127678923,1
TCGA-CJ-4890-01A-01R-1305-07,0.6189585553153367,0
TCGA-85-8072-01A-31R-2247-07,0.5688906960576153,0
TCGA-5M-AATA-01A-31R-A41B-07,0.5279232480524142,0
TCGA-C8-A1HK-01A-21R-A13Q-07,0.6318552307762266,1
TCGA-AN-A0XP-01A-11R-A109-07,0.5316281006940861,1
TCGA-39-5028-01A-01R-1443-07,0.7045182170370567,0
TCGA-ZG-A9L6-01A-11R-A41O-07,0.5251613024077308,1
TCGA-AO-A03V-01A-11R-A115-07,0.6061981461029325,1
TCGA-CJ-4895-01A-01R-1305-07,0.32962247487540536,1
TCGA-BC-A10T-01A-11R-A131-07,0.6229559300597928,0
TCGA-AR-A24K-01A-11R-A169-07,0.6183729113289094,0
TCGA-A8-A06Z-01A-11R-A00Z-07,0.7342369043771164,1
TCGA-A6-6654-01A-21R-1839-07,0.8076962848940109,1
TCGA-G9-6373-01A-11R-1789-07,0.6072074973230344,1
TCGA-DD-A116-01A-11R-A131-07,0.31788977968321674,0
TCGA-VR-A8EQ-01A-11R-A36D-31,0.8890847103093718,1
TCGA-R6-A6L6-01B-11R-A336-31,0.8561179057998379,1
TCGA-55-A493-01A-11R-A24H-07,0.7193943486470961,1
TCGA-ES-A2HS-01A-11R-A180-07,0.35963272418922465,1
TCGA-KK-A8I8-01A-11R-A36G-07,0.5888610911187497,1
TCGA-L5-A4OI-01A-11R-A36D-31,0.5863196700159515,1
TCGA-43-6143-01A-11R-1820-07,0.596370951697858,1
TCGA-HC-7080-01A-11R-1965-07,0.5946817526822478,1
TCGA-FV-A4ZQ-01A-11R-A266-07,0.7504346080761813,0
TCGA-A3-3374-01A-02R-1325-07,0.9620121046059629,0
TCGA-IG-A3QL-01A-11R-A24K-31,0.7412824151860916,0
TCGA-PL-A8LV-01A-21R-A41B-07,0.8293766223754176,1
TCGA-HC-A9TE-01A-11R-A41O-07,0.8946928046343112,1
TCGA-G4-6321-01A-11R-1723-07,0.9832832973831603,1
TCGA-23-1030-01A-02R-1564-13,0.48420014109545617,1
TCGA-FB-AAQ2-01A-31R-A41B-07,0.9160969632438447,1
TCGA-A2-A0CY-01A-12R-A034-07,0.8237978075241901,1
TCGA-AN-A046-01A-21R-A034-07,0.5694053136774934,1
TCGA-BH-A0B4-01A-11R-A00Z-07,0.714725934748669,1
TCGA-24-0982-01A-01R-1565-13,0.4767962237087323,1
TCGA-AR-A0TY-01A-12R-A115-07,0.7265117890426616,0
TCGA-WS-AB45-01A-11R-A41B-07,0.9905276037959995,0
TCGA-37-4135-01A-01R-1100-07,0.9168546188709547,1
TCGA-EW-A1P0-01A-11R-A144-07,0.6002698496115237,1
TCGA-A2-A04Y-01A-21R-A034-07,0.6986468302888832,1
TCGA-ZP-A9D4-01A-11R-A37K-07,0.5331141683352631,1
TCGA-AC-A23H-01A-11R-A157-07,0.6461087307731823,1
TCGA-A8-A07G-01A-11R-A034-07,0.36203610164227945,0
TCGA-63-A5MT-01A-21R-A26W-07,0.6190226877894749,1
TCGA-05-5428-01A-01R-1628-07,0.7567212342518086,1
TCGA-V1-A9OQ-01A-11R-A41O-07,0.3796336574366856,1
TCGA-CZ-5454-01A-01R-1503-07,0.5258012871406536,0
TCGA-2J-AABK-01A-31R-A41B-07,0.3399800440627081,1
TCGA-L5-A893-01A-11R-A36D-31,0.6846891684779738,1
TCGA-CW-5587-01A-01R-1541-07,0.37460458282089526,1
TCGA-CH-5766-01A-11R-1580-07,0.6252127020294291,0
TCGA-E9-A1NI-01A-11R-A14D-07,0.6622592359600307,1
TCGA-46-3767-01A-01R-0980-07,0.5629005288736774,0
TCGA-85-7710-01A-11R-2125-07,0.5681234650705806,1
TCGA-A2-A1G1-01A-21R-A13Q-07,0.7553677714500644,1
TCGA-AZ-6603-01A-11R-1839-07,0.37555574429343674,1
TCGA-BP-5180-01A-01R-1426-07,0.6495743066680059,1
TCGA-HC-7213-01A-11R-2118-07,0.8514545622622303,1
TCGA-BP-4354-01A-02R-1289-07,0.8916880154604425,0
TCGA-E2-A14W-01A-11R-A12D-07,0.6503088386139487,1
TCGA-L9-A444-01A-21R-A24H-07,0.47804145807034454,1
TCGA-86-7713-01A-11R-2066-07,0.6879655381329575,1
TCGA-MP-A4TJ-01A-51R-A262-07,0.6837405666550567,1
TCGA-B9-A5W8-01A-11R-A28H-07,0.6873182800826189,1
TCGA-BH-A0DE-01A-11R-A115-07,0.47480915808059326,0
TCGA-BP-4349-01A-01R-1289-07,0.39897499159990196,1
TCGA-LL-A8F5-01A-11R-A36F-07,0.8491285406898075,1
TCGA-95-A4VK-01A-11R-A262-07,0.614610015296164,1
TCGA-HC-A9TH-01A-11R-A41O-07,0.5948304638835696,1
TCGA-CM-4743-01A-01R-1723-07,0.8358657338618279,1
TCGA-13-1499-01A-01R-1565-13,0.6641299295272926,1
TCGA-43-7656-01A-11R-2125-07,0.6917921346458509,1
TCGA-66-2786-01A-01R-0851-07,0.4316888004381683,1
TCGA-44-7671-01A-11R-2066-07,0.5013952834407911,0
TCGA-D5-6535-01A-11R-1723-07,0.6262973842859229,1
TCGA-A3-3378-01A-02R-1325-07,0.6759862842261679,1
TCGA-KR-A7K8-01A-11R-A33J-07,0.5147924385730777,1
TCGA-B6-A0IG-01A-11R-A034-07,0.7714353908163346,1
TCGA-05-5423-01A-01R-1628-07,0.6418082069918696,1
TCGA-24-2020-01A-01R-1567-13,0.666407957349997,0
TCGA-EJ-5532-01A-01R-1580-07,0.4403197377840801,1
TCGA-LN-A7HX-01A-11R-A336-31,0.3508326204943676,1
TCGA-24-1418-01A-01R-1565-13,0.5798562297488827,1
TCGA-A6-6648-01A-11R-1774-07,0.7506157764953193,1
TCGA-AO-A12F-01A-11R-A115-07,0.8241840528881474,1
TCGA-DD-A1EL-01A-11R-A155-07,0.7825912887959171,1
TCGA-F2-6880-01A-11R-2156-07,0.9834503252977266,1
TCGA-IB-AAUW-01A-12R-A38C-07,0.3895402263922483,1
TCGA-EB-A4OZ-01A-12R-A266-07,0.4654427856763752,1
TCGA-CJ-4878-01A-01R-1305-07,0.6942155019182775,1
TCGA-4R-AA8I-01A-11R-A38B-07,0.5684749929970158,1
TCGA-CZ-4853-01A-01R-1426-07,0.4237879055894657,1
TCGA-DD-A4NN-01A-11R-A28V-07,0.8581988042653239,1
TCGA-21-5782-01A-01R-1635-07,0.6897367747104564,1
TCGA-85-A513-01A-12R-A26W-07,0.9398616851782127,0
TCGA-29-1761-01A-01R-1567-13,0.6884753583263311,1
TCGA-G7-6792-01A-21R-1965-07,0.6171500231625978,0
TCGA-NC-A5HQ-01A-11R-A26W-07,0.6054908545551744,1
TCGA-B1-A47O-01A-11R-A24Z-07,0.7294678530582611,1
TCGA-AR-A252-01A-11R-A169-07,0.6183952205472265,1
TCGA-BH-A18S-01A-11R-A12D-07,0.5776562767847363,1
TCGA-LQ-A4E4-01A-11R-A266-07,0.6365687428115232,1
TCGA-3A-A9IV-01A-11R-A41B-07,0.9958922467999567,1
TCGA-WN-A9G9-01A-12R-A37K-07,0.9629013530392802,1
TCGA-BH-A18F-01A-11R-A12D-07,0.5227224007666954,1
TCGA-13-0883-01A-02R-1569-13,0.8390655078598193,0
TCGA-55-7576-01A-11R-2066-07,0.5854041118711159,0
TCGA-44-A4SS-01A-11R-A24X-07,0.6290620998091143,1
TCGA-AD-A5EJ-01A-11R-A28H-07,0.6630578728292528,1
TCGA-E9-A5FL-01A-11R-A27Q-07,0.8545215357823445,1
TCGA-J4-A67L-01A-11R-A30B-07,0.8113106112963029,1
TCGA-23-1113-01A-01R-1564-13,0.497251080296061,1
TCGA-55-6543-01A-11R-1755-07,0.5298008146666753,0
TCGA-BP-4334-01A-01R-1289-07,0.9858271321187926,1
TCGA-E2-A1L6-01A-11R-A13Q-07,0.5519995047387817,1
TCGA-D8-A27W-01A-11R-A16F-07,0.7018871245736755,1
TCGA-B6-A0WS-01A-11R-A115-07,0.46879343160641984,0
TCGA-B3-8121-01A-21R-2404-07,0.7173933208203895,1
TCGA-D8-A1JK-01A-11R-A13Q-07,0.838501592375767,1
TCGA-A2-A04N-01A-11R-A115-07,0.5852860239755949,1
TCGA-P4-A5E6-01A-11R-A28H-07,0.5220764748864611,1
TCGA-PJ-A5Z9-01A-11R-A28H-07,0.25746337114361156,1
TCGA-LN-A7HV-01A-21R-A354-31,0.7596496168162538,1
TCGA-22-0944-01A-01R-0692-07,0.5561877741472918,1
TCGA-AN-A0FK-01A-11R-A034-07,0.6694073464196748,1
TCGA-BF-AAOU-01A-12R-A39D-07,0.7064438734183214,1
TCGA-HN-A2NL-01A-11R-A18M-07,0.8225560965360694,1
TCGA-FR-A2OS-01A-11R-A21D-07,0.7425064530292024,1
TCGA-CW-6093-01A-11R-1672-07,0.4690926315052027,1
TCGA-DD-A73F-01A-11R-A32O-07,0.6534920248269839,1
TCGA-WQ-A9G7-01A-11R-A37K-07,0.9124735320764316,1
TCGA-37-3783-01A-01R-1201-07,0.8437526664421404,1
TCGA-61-1995-01A-01R-1568-13,0.7158479031303409,1
TCGA-DD-AAD2-01A-11R-A41C-07,0.5759194423670863,1
TCGA-24-1616-01A-01R-1566-13,0.5086958824976183,1
TCGA-B2-3923-01B-10R-A277-07,0.9893278204365991,1
TCGA-31-1950-01A-01R-1568-13,0.5600506679925431,1
TCGA-FC-A5OB-01A-11R-A29R-07,0.9197883064059397,1
TCGA-LN-A49X-01A-31R-A260-31,0.2482094914008938,1
TCGA-UU-A93S-01A-21R-A41B-07,0.8571465765629979,1
TCGA-34-5240-01A-01R-1443-07,0.5942577970764952,1
TCGA-L5-A43C-01A-11R-A24K-31,0.8492479782731343,1
TCGA-46-3765-01A-01R-0980-07,0.47395130286960235,0
TCGA-B0-4844-01A-01R-1277-07,0.8461206123795363,1
TCGA-21-1080-01A-01R-0692-07,0.7079982754599151,1
TCGA-13-0920-01A-01R-1564-13,0.6370000144409392,1
TCGA-F9-A8NY-01A-11R-A36F-07,0.7248504472709657,1
TCGA-LL-A740-01A-21R-A32P-07,0.7564500251554748,1
TCGA-BF-AAP4-01A-11R-A40A-07,0.4346503010274258,1
TCGA-XR-A8TD-01A-12R-A39D-07,0.6363593022789824,1
TCGA-33-4538-01A-01R-1201-07,0.5126214271459958,1
TCGA-LL-A9Q3-01A-11R-A41B-07,0.8028564846580807,1
TCGA-NJ-A4YF-01A-12R-A262-07,0.7964713580112391,1
TCGA-MH-A560-01A-11R-A26U-07,0.5394919681591075,1
TCGA-L5-A8NE-01A-11R-A37I-31,0.8527502227912683,0
TCGA-04-1332-01A-01R-1564-13,0.6659320446860794,1
TCGA-EJ-A7NG-01A-31R-A33R-07,0.2884366585892537,0
TCGA-A8-A08J-01A-11R-A00Z-07,0.6728696549633765,1
TCGA-AK-3456-01A-02R-1325-07,0.8304224868487563,1
TCGA-G7-A8LB-01A-11R-A36F-07,0.6946066845615391,0
TCGA-B2-A4SR-01A-11R-A266-07,0.4130352613813503,1
TCGA-62-8394-01A-11R-2326-07,0.656092572818885,1
TCGA-AZ-6608-01A-11R-1839-07,0.5539056217063729,1
TCGA-Q3-AA2A-01A-11R-A37L-07,0.6947579083014567,1
TCGA-B0-4694-01A-01R-1277-07,0.6255474807720133,1
TCGA-AR-A24V-01A-21R-A169-07,0.4941007873078091,0
TCGA-A2-A0EV-01A-11R-A034-07,0.5274674123059067,1
TCGA-60-2714-01A-01R-0851-07,0.868981679774889,0
TCGA-BP-4762-01A-02R-1289-07,0.5004894489642017,1
TCGA-DD-AACG-01A-11R-A41C-07,0.5262748757946257,1
TCGA-B0-5094-01A-01R-1420-07,0.6472362166616722,1
TCGA-AA-3556-01A-01R-0821-07,0.6852392303606416,0
TCGA-2J-AABO-01A-21R-A41B-07,0.34339092806129756,1
TCGA-B0-5400-01A-01R-1503-07,0.8122833957745623,0
TCGA-77-6845-01A-11R-1949-07,0.5642773230647271,0
TCGA-D8-A141-01A-11R-A115-07,0.5418061563435672,1
TCGA-55-A57B-01A-12R-A39D-07,0.6037227733326568,1
TCGA-60-2712-01A-01R-0851-07,0.6615814294224351,1
TCGA-A6-4105-01A-02R-1774-07,0.3814858348334913,1
TCGA-XV-A9W5-01A-11R-A38C-07,0.7200822813597131,1
TCGA-A6-5665-01B-03R-2302-07,0.9927055942170296,1
TCGA-E2-A1AZ-01A-11R-A12P-07,0.6780264159422915,1
TCGA-55-7910-01A-11R-2170-07,0.6472828495678962,1
TCGA-50-6673-01A-11R-1949-07,0.5451948689052761,1
TCGA-BH-A0DL-01A-11R-A115-07,0.8328423925066639,1
TCGA-AU-6004-01A-11R-1723-07,0.465708385728774,1
TCGA-E2-A15I-01A-21R-A137-07,0.5468177106083554,1
TCGA-G9-6369-01A-21R-1965-07,0.7612824533108691,0
TCGA-AA-3819-01A-01R-0905-07,0.30348281356732293,0
TCGA-KK-A6E0-01A-11R-A311-07,0.6259882775775159,0
TCGA-SX-A71W-01A-12R-A355-07,0.3256275670113441,1
TCGA-AR-A0TS-01A-11R-A115-07,0.7618000707795037,1
TCGA-E9-A5UP-01A-11R-A28M-07,0.6841091347119143,0
TCGA-AQ-A0Y5-01A-11R-A14M-07,0.554626710861138,0
TCGA-BP-4807-01A-01R-1305-07,0.38189310626903483,1
TCGA-CM-5860-01A-01R-1653-07,0.6458594019058252,1
TCGA-BC-A5W4-01A-11R-A28V-07,0.6165103238020929,1
TCGA-B0-4821-01A-01R-1503-07,0.9205000923134022,1
TCGA-UZ-A9PJ-01A-11R-A38C-07,0.3798106589587222,0
TCGA-DD-AACC-01A-11R-A41C-07,0.6737528351710733,0
TCGA-CJ-4870-01A-01R-1305-07,0.5942170548125835,1
TCGA-75-6207-01A-11R-1755-07,0.7690643998612964,1
TCGA-C8-A1HO-01A-11R-A13Q-07,0.5949293233613449,1
TCGA-JY-A938-01A-11R-A37I-31,0.6946994376472254,1
TCGA-04-1361-01A-01R-1565-13,0.46179049966864066,1
TCGA-2Z-A9J8-01A-11R-A42S-07,0.6762576157539102,1
TCGA-64-1677-01A-01R-0946-07,0.7066953181044325,0
TCGA-AO-A0JE-01A-11R-A056-07,0.715463389436805,1
TCGA-IG-A4P3-01A-11R-A260-31,0.46393842989370504,1
TCGA-05-4424-01A-22R-1858-07,0.6615065864986308,0
TCGA-91-A4BD-01A-11R-A24H-07,0.7256309259736782,1
TCGA-DD-AAVS-01A-11R-A41C-07,0.4870440774303527,0
TCGA-18-3414-01A-01R-0980-07,0.5507570038887158,1
TCGA-J4-A83I-01A-11R-A36G-07,0.6721591489045489,1
TCGA-39-5035-01A-01R-1443-07,0.5082601897059222,1
TCGA-AA-3544-01A-01R-1873-07,0.600639179474499,1
TCGA-FB-A7DR-01A-21R-A33R-07,0.29378790876472555,1
TCGA-99-8032-01A-11R-2241-07,0.649497804768893,1
TCGA-95-7948-01A-11R-2187-07,0.7524980508523217,0
TCGA-D8-A1XU-01A-11R-A14M-07,0.4646562984701427,0
TCGA-2Z-A9J7-01A-11R-A38C-07,0.7029297101336595,1
TCGA-13-A5FT-01A-11R-A406-31,0.7824624070626917,1
TCGA-BP-4803-01A-01R-1305-07,0.34622181226193094,1
TCGA-24-2271-01A-01R-1568-13,0.6066626208228589,1
TCGA-DD-A39V-01A-11R-A213-07,0.39616764712636193,0
TCGA-CM-6674-01A-11R-1839-07,0.5805880189073764,1
TCGA-30-1855-01A-01R-1567-13,0.6152633648394115,1
TCGA-2J-AABE-01A-12R-A41B-07,0.2632662917007622,1
TCGA-ED-A82E-01A-11R-A352-07,0.9405615599690726,1
TCGA-56-7580-01A-11R-2045-07,0.6817281600127889,1
TCGA-37-4130-01A-01R-1100-07,0.9327315520441474,1
TCGA-38-4626-01A-01R-1206-07,0.631377828340875,1
TCGA-CZ-4861-01A-01R-1305-07,0.6465533887067707,1
TCGA-F4-6703-01A-11R-1839-07,0.9371450165859312,1
TCGA-61-2109-01A-01R-1568-13,0.5313883215619054,1
TCGA-5M-AATE-01A-11R-A41B-07,0.4530710153826603,1
TCGA-10-0931-01A-01R-1564-13,0.6539999196797621,1
TCGA-UZ-A9PQ-01A-11R-A42S-07,0.8308007952115701,1
TCGA-XC-AA0X-01A-32R-A405-07,0.48961429036014187,1
TCGA-BH-A0C1-01B-11R-A12D-07,0.5919156913616576,1
TCGA-09-1668-01B-01R-1566-13,0.7319607698651978,1
TCGA-77-7338-01A-11R-2045-07,0.5024302584508097,0
TCGA-61-2111-01A-01R-1568-13,0.6324798011593973,1
TCGA-AC-A8OS-01A-12R-A41B-07,0.7035589064308461,1
TCGA-BF-A3DJ-01A-11R-A20F-07,0.8602660416992588,1
TCGA-CJ-4893-01A-01R-1305-07,0.46673472902447505,1
TCGA-DD-AADS-01A-11R-A41C-07,0.43080951160162007,0
TCGA-61-2110-01A-01R-1568-13,0.614018651369415,1
TCGA-DD-A1EE-01A-11R-A131-07,0.6092905468676573,1
TCGA-BH-A0BP-01A-11R-A115-07,0.6832274689067926,1
TCGA-IG-A3I8-01A-11R-A24K-31,0.4371218881177966,1
TCGA-86-A4D0-01A-11R-A24H-07,0.8088350338448426,0
TCGA-22-1016-01A-01R-0692-07,0.6138708182832155,1
TCGA-BH-A0DS-01A-11R-A056-07,0.6400463542626293,1
TCGA-AR-A5QN-01A-12R-A28M-07,0.5693823864255707,1
TCGA-CW-6088-01A-11R-1672-07,0.5103203880008939,0
TCGA-AQ-A04L-01B-21R-A10J-07,0.7089641733822228,1
TCGA-A7-A13D-01A-13R-A12P-07,0.8368451387816181,1
TCGA-A2-A0YJ-01A-11R-A109-07,0.845376564914603,1
TCGA-04-1331-01A-01R-1569-13,0.6362462673189809,1
TCGA-HZ-A8P1-01A-11R-A37L-07,0.911083969706853,1
TCGA-AR-A24R-01A-11R-A169-07,0.5292697845847678,1
TCGA-36-1575-01A-01R-1566-13,0.7319727791493899,0
TCGA-C8-A273-01A-11R-A16F-07,0.6252582452921239,1
TCGA-DM-A1HB-01A-21R-A180-07,0.5980557511225726,0
TCGA-JL-A3YW-01A-12R-A239-07,0.7563172855396271,1
TCGA-13-1411-01A-01R-1565-13,0.7724730858972312,1
TCGA-60-2710-01A-01R-0851-07,0.5293350110374546,1
TCGA-BP-5009-01A-01R-1334-07,0.4852797508623288,1
TCGA-T7-A92I-01A-11R-A37O-07,0.945453992653516,1
TCGA-EB-A85I-01A-11R-A352-07,0.5202007778362813,1
TCGA-F4-6460-01A-11R-1774-07,0.7239710401255621,0
TCGA-B8-A54E-01A-11R-A266-07,0.9394791161204843,1
TCGA-60-2725-01A-01R-1201-07,0.6297588656843692,1
TCGA-NC-A5HI-01A-11R-A26W-07,0.6100138840191069,1
TCGA-BP-4965-01A-01R-1334-07,0.2515478197832767,1
TCGA-BP-4756-01A-01R-1289-07,0.8310375530100985,1
TCGA-A8-A095-01A-11R-A00Z-07,0.454291598782348,1
TCGA-MM-A84U-01A-11R-A37O-07,0.7053841899044906,1
TCGA-HP-A5N0-01A-11R-A28V-07,0.36738288911714323,1
TCGA-A4-7996-01A-11R-2204-07,0.47127946531238774,1
TCGA-A2-A0EQ-01A-11R-A034-07,0.7137360431196448,1
TCGA-A1-A0SK-01A-12R-A084-07,0.7830834591595243,1
TCGA-EJ-5505-01A-01R-1580-07,0.6034483605948764,1
TCGA-43-5668-01A-01R-1635-07,0.9022331244343624,0
TCGA-EW-A2FV-01A-11R-A17B-07,0.5201952807244703,0
TCGA-CZ-5456-01A-01R-1503-07,0.6674610765569836,1
TCGA-C8-A12Y-01A-11R-A12D-07,0.6963745197962787,1
TCGA-AR-A2LM-01A-11R-A180-07,0.6046230706050992,1
TCGA-A6-4107-01A-02R-1410-07,0.5843167347888514,1
TCGA-IG-A3YB-01A-11R-A36D-31,0.9392205088116227,1
TCGA-75-6205-01A-11R-1755-07,0.617607131704577,1
TCGA-20-1683-01A-01R-1566-13,0.8774883690890852,1
TCGA-BP-4170-01A-02R-1289-07,0.27855368865773134,1
TCGA-CJ-6032-01A-11R-1672-07,0.7312383977508414,1
TCGA-DD-AACL-01A-11R-A41C-07,0.7718689953200552,1
TCGA-BP-4166-01A-02R-1289-07,0.6627795245333242,1
TCGA-2H-A9GL-01A-12R-A37I-31,0.7968388294191474,1
TCGA-B0-5084-01A-01R-1334-07,0.9843148667298092,1
TCGA-E2-A15J-01A-11R-A12P-07,0.5868137287075402,1
TCGA-44-6775-01C-02R-A277-07,0.8362064364216921,1
TCGA-A2-A04W-01A-31R-A115-07,0.8371591260410807,1
TCGA-G3-AAV0-01A-11R-A37K-07,0.3748863641779233,1
TCGA-AA-A00D-01A-01R-A002-07,0.6409435359105273,1
TCGA-56-5897-01A-11R-1635-07,0.6178652088119982,1
TCGA-EJ-7321-01A-31R-2263-07,0.5611862778904565,0
TCGA-2J-AABV-01A-12R-A41B-07,0.9570816746839312,1
TCGA-C8-A8HR-01A-11R-A36F-07,0.7211506392089463,1
TCGA-04-1362-01A-01R-1565-13,0.5584560352895935,0
TCGA-HZ-A77Q-01A-11R-A36G-07,0.18456732835970424,1
TCGA-D8-A1JB-01A-11R-A13Q-07,0.6171739165556155,1
TCGA-B0-4811-01A-01R-1503-07,0.8577356644273691,0
TCGA-24-1103-01A-01R-1565-13,0.6440898389370143,1
TCGA-91-A4BC-01A-11R-A24H-07,0.6440638461896085,1
TCGA-D5-5539-01A-01R-1653-07,0.7670867924369326,1
TCGA-HZ-A4BK-01A-11R-A26U-07,0.17829818143647813,1
TCGA-13-1489-01A-01R-1565-13,0.5648126150854301,1
TCGA-A2-A04P-01A-31R-A034-07,0.8299345586696749,1
TCGA-IA-A40Y-01A-11R-A24Z-07,0.938263778511082,1
TCGA-21-5783-01A-41R-2187-07,0.7022603643055306,1
TCGA-A6-2675-01A-02R-1723-07,0.6305895689249634,1
TCGA-B9-7268-01A-11R-A32Z-07,0.5315764470067743,1
TCGA-BP-4777-01A-01R-1289-07,0.4597105028056688,1
TCGA-BP-4988-01A-01R-1334-07,0.8821816888338798,1
TCGA-2J-AABF-01A-31R-A41B-07,0.2801307413031461,1
TCGA-56-8201-01A-11R-2247-07,0.6560479535836559,1
TCGA-24-2035-01A-01R-1568-13,0.750837716920801,1
TCGA-A1-A0SP-01A-11R-A084-07,0.7185680599233926,1
TCGA-BC-A10S-01A-22R-A131-07,0.3932449372045946,1
TCGA-HC-7738-01A-11R-2118-07,0.3906421893930432,1
TCGA-IA-A83S-01A-11R-A355-07,0.3635869930901518,0
TCGA-HZ-7920-01A-11R-2204-07,0.7920380800038915,1
TCGA-AA-3529-01A-02R-0821-07,0.5677057143676136,1
TCGA-D8-A1XJ-01A-11R-A14M-07,0.6291087789692797,1
TCGA-5X-AA5U-01A-11R-A406-31,0.8323471843161944,1
TCGA-3Z-A93Z-01A-11R-A37O-07,0.5719952075981445,1
TCGA-E9-A227-01A-11R-A157-07,0.5499908129972159,1
TCGA-B0-4843-01A-01R-1277-07,0.7350610025994345,0
TCGA-BH-A8G0-01A-11R-A352-07,0.7277309033980996,1
TCGA-FV-A3R2-01A-11R-A22L-07,0.5444299673504812,1
TCGA-CZ-4854-01A-01R-1305-07,0.5980259378815613,1
TCGA-04-1348-01A-01R-1565-13,0.6066992293089903,1
TCGA-38-4625-01A-01R-1206-07,0.7780282583599312,1
TCGA-A3-A6NJ-01A-12R-A33J-07,0.5191831457446883,1
TCGA-BH-A0C3-01A-21R-A12P-07,0.6344557009800932,1
TCGA-58-8388-01A-11R-2326-07,0.7841872429741815,1
TCGA-NH-A50T-01A-11R-A28H-07,0.4477446132828771,1
TCGA-LL-A5YN-01A-11R-A28M-07,0.8299434536851719,0
TCGA-A2-A0ET-01A-31R-A034-07,0.6106916275105901,1
TCGA-GM-A2DO-01A-11R-A18M-07,0.7248040071805543,0
TCGA-A7-A0CH-01A-21R-A00Z-07,0.4474850526863828,1
TCGA-2Y-A9GT-01A-11R-A38B-07,0.6731438701975225,1
TCGA-B3-4104-01A-02R-1351-07,0.999180144137163,1
TCGA-GM-A5PV-01A-11R-A28M-07,0.6712255537445001,1
TCGA-29-1711-01A-01R-1567-13,0.6654054115111464,1
TCGA-AO-A1KS-01A-11R-A13Q-07,0.4926937284102799,0
TCGA-AO-A12G-01A-11R-A10J-07,0.6484708154194876,1
TCGA-HZ-8002-01A-11R-2204-07,0.5829271453194319,0
TCGA-22-5492-01A-01R-1635-07,0.6266221445810302,1
TCGA-G4-6625-01A-21R-1774-07,0.3821880274501598,1
TCGA-L5-A4OF-01A-11R-A260-31,0.7049923666830695,1
TCGA-55-A48Y-01A-11R-A24H-07,0.6342838996750709,0
TCGA-A2-A0YD-01A-11R-A109-07,0.5640703198524539,1
TCGA-13-0801-01A-01R-1564-13,0.7197775726508379,1
TCGA-B4-5843-01A-11R-1672-07,0.6050399842964121,1
TCGA-AY-A69D-01A-11R-A37K-07,0.5610445123607711,0
TCGA-CJ-4899-01A-01R-1334-07,0.3154542551243035,1
TCGA-YL-A8S9-01A-11R-A37L-07,0.5984944283369238,1
TCGA-55-1596-01A-01R-0946-07,0.793762185880688,1
TCGA-UB-AA0V-01A-11R-A38B-07,0.703996705100574,1
TCGA-BH-A0HY-01A-11R-A056-07,0.691898628528497,1
TCGA-64-1676-01A-01R-0946-07,0.7609223040664247,0
TCGA-A8-A09R-01A-11R-A00Z-07,0.534426139531207,0
TCGA-D8-A1Y2-01A-11R-A157-07,0.6680694639616067,1
TCGA-5P-A9JY-01A-11R-A42S-07,0.36161427829108456,1
TCGA-AR-A1AI-01A-11R-A12P-07,0.7804391566251001,1
TCGA-56-7823-01B-11R-2247-07,0.5159732790495398,1
TCGA-O2-A52V-01A-31R-A262-07,0.48832591377360707,1
TCGA-B0-4816-01A-01R-1503-07,0.4169129995325025,1
TCGA-MH-A55W-01A-11R-A26U-07,0.3374442184634163,1
TCGA-AN-A0FD-01A-11R-A034-07,0.6684291862358994,1
TCGA-3A-A9IB-01A-21R-A39D-07,0.44302568067127734,1
TCGA-P4-A5EA-01A-11R-A28H-07,0.9689555545980896,1
TCGA-XV-A9VZ-01A-11R-A38C-07,0.986470040787331,0
TCGA-BC-A10U-01A-11R-A131-07,0.5809108921306061,0
TCGA-B6-A0I9-01A-11R-A034-07,0.5691571749212699,0
TCGA-B0-5119-01A-02R-1420-07,0.32594248705198337,0
TCGA-AR-A2LR-01A-12R-A18M-07,0.7138201424697292,0
TCGA-22-5472-01A-01R-1635-07,0.5584310335916852,1
TCGA-GI-A2C8-01A-11R-A16F-07,0.5762994358206045,0
TCGA-44-2666-01A-01R-0946-07,0.5505227969003821,1
TCGA-25-1632-01A-01R-1566-13,0.49367115551442614,1
TCGA-78-7540-01A-11R-2066-07,0.8098847767142595,1
TCGA-BH-A0AV-01A-31R-A115-07,0.7280094130394916,1
TCGA-AA-3845-01A-01R-1022-07,0.9212424951981975,1
TCGA-78-8655-01A-11R-2403-07,0.6245053336237972,1
TCGA-BP-4345-01A-01R-1289-07,0.6748042440008621,1
TCGA-98-A539-01A-31R-A262-07,0.5468824382895917,0
TCGA-50-6594-01A-11R-1755-07,0.8443050072316198,1
TCGA-49-AARN-01A-21R-A41B-07,0.46292590725628296,1
TCGA-A3-3358-01A-01R-1541-07,0.3868940936854346,1
TCGA-13-1483-01A-01R-1565-13,0.4142988101873259,0
TCGA-KK-A7B2-01A-12R-A32O-07,0.7278852505425296,1
TCGA-49-AAQV-01A-11R-A39D-07,0.6469751904485461,0
TCGA-EV-5902-01A-11R-1592-07,0.40869964940584713,0
TCGA-AC-A6IX-01A-12R-A32P-07,0.5846679169071828,1
TCGA-BW-A5NQ-01A-11R-A27V-07,0.8407530279771074,0
TCGA-B6-A0WW-01A-11R-A109-07,0.5330779545344363,0
TCGA-R6-A8W8-01B-11R-A37I-31,0.7078230568025133,1
TCGA-XV-AAZW-01A-12R-A40A-07,0.6228747913154941,0
TCGA-BP-4173-01A-02R-1289-07,0.6432566151339771,1
TCGA-HZ-A49G-01A-11R-A26U-07,0.13946746999130638,0
TCGA-22-1012-01A-01R-0692-07,0.62370055855011,1
TCGA-BH-A0C7-01B-11R-A115-07,0.5262221125419115,1
TCGA-CC-A7IL-01A-11R-A33R-07,0.4159172023859554,1
TCGA-E9-A1RA-01A-11R-A14D-07,0.6214192977955381,1
TCGA-YL-A8HM-01A-11R-A36G-07,0.8453668679989536,0
TCGA-AC-A3HN-01A-11R-A213-07,0.587670318267618,1
TCGA-D8-A1X8-01A-11R-A14M-07,0.497681232554988,1
TCGA-78-7159-01A-11R-2039-07,0.5958413597490118,1
TCGA-AR-A1AK-01A-21R-A12P-07,0.5078197697982842,1
TCGA-Y8-A8RY-01A-11R-A37K-07,0.3108168875158445,1
TCGA-DD-AAED-01A-12R-A41C-07,0.7193439828210271,1
TCGA-AN-A0XV-01A-11R-A109-07,0.6695752323352923,1
TCGA-BP-4775-01A-01R-1289-07,0.5632658426400241,1
TCGA-24-1556-01A-01R-1566-13,0.6158738217402551,1
TCGA-44-6148-01A-11R-1755-07,0.7862697370335057,1
TCGA-DD-A3A9-01A-11R-A266-07,0.6030121539777435,0
TCGA-XK-AAJU-01A-11R-A41O-07,0.3805144371502788,1
TCGA-A6-3809-01B-04R-A277-07,0.9954162101593721,1
TCGA-UZ-A9PO-01A-11R-A38C-07,0.3442497561778659,0
TCGA-05-4398-01A-01R-1206-07,0.5934680253055993,0
TCGA-AK-3436-01A-02R-1325-07,0.7462318201468536,1
TCGA-D9-A4Z2-01A-11R-A24X-07,0.7309372350701628,1
TCGA-44-8119-01A-11R-2241-07,0.7130378842967772,1
TCGA-EB-A97M-01A-11R-A38C-07,0.19596029015761135,1
TCGA-YL-A8HK-01A-11R-A36G-07,0.6455828505060521,1
TCGA-GL-A59T-01A-21R-A28H-07,0.3569161000475039,1
TCGA-90-7767-01A-11R-2125-07,0.7093032346936435,1
TCGA-DV-5568-01A-01R-1541-07,0.6705535331591738,1
TCGA-A4-A5Y0-01A-11R-A31O-07,0.6587717848086355,0
TCGA-BF-A1PZ-01A-11R-A18S-07,0.36222512087665903,1
TCGA-2J-AAB4-01A-12R-A41B-07,0.259441685314414,0
TCGA-AC-A8OQ-01A-11R-A41B-07,0.8406342738889327,1
TCGA-DD-AACT-01A-11R-A41C-07,0.470689515069552,0
TCGA-18-3412-01A-01R-0980-07,0.5238795718307476,1
TCGA-A2-A4S2-01A-12R-A266-07,0.6004575072366096,0
TCGA-H9-A6BY-01A-11R-A30B-07,0.7645898079571999,0
TCGA-DW-7837-01A-11R-2139-07,0.5153531948998188,1
TCGA-AA-3552-01A-01R-0821-07,0.5977281433839348,1
TCGA-UZ-A9PN-01A-11R-A38C-07,0.8007840189611356,1
TCGA-NC-A5HO-01A-11R-A26W-07,0.7063212358114989,1
TCGA-B8-A8YJ-01A-13R-A39I-07,0.779670177488898,1
TCGA-A2-A04Q-01A-21R-A034-07,0.7272650918091844,1
TCGA-HC-A6AQ-01A-11R-A30B-07,0.6920584529567054,1
TCGA-DV-A4VX-01A-11R-A266-07,0.8991985626913568,1
TCGA-FC-A6HD-01A-11R-A31N-07,0.8764807011069898,0
TCGA-F2-A44G-01A-11R-A26U-07,0.48924453192187783,0
TCGA-AZ-4681-01A-01R-1410-07,0.7120763442550231,1
TCGA-VP-A87J-01A-11R-A352-07,0.7273039867778333,0
TCGA-C8-A8HQ-01A-11R-A36F-07,0.6585284864935508,0
TCGA-YJ-A8SW-01A-11R-A37L-07,0.8807177401092474,1
TCGA-63-7020-01A-11R-1949-07,0.6288973198990835,0
TCGA-66-2754-01A-01R-0980-07,0.8614818682816526,1
TCGA-04-1343-01A-01R-1564-13,0.6504873144561208,1
TCGA-KK-A7AV-01A-11R-A32O-07,0.42102691068154297,1
TCGA-HC-A632-01A-11R-A29R-07,0.7792314950965681,0
TCGA-DD-AACE-01A-11R-A41C-07,0.5183048048946949,0
TCGA-23-1809-01A-01R-1566-13,0.719158280502279,1
TCGA-JY-A939-01A-12R-A37I-31,0.7458705955747698,1
TCGA-25-1627-01A-01R-1566-13,0.811492628990735,1
TCGA-IB-AAUP-01A-11R-A37L-07,0.5672772208119445,1
TCGA-RC-A6M3-01A-11R-A32O-07,0.9539704896247889,1
TCGA-E9-A1RH-01A-21R-A169-07,0.7601339564640337,0
TCGA-KK-A8IH-01A-11R-A36G-07,0.49034715998883527,1
TCGA-AA-3869-01A-01R-1022-07,0.5503894659956052,0
TCGA-B0-5116-01A-02R-1420-07,0.6064148725466912,1
TCGA-GF-A2C7-01A-11R-A18T-07,0.5292252834741615,1
TCGA-BH-A5J0-01A-11R-A27Q-07,0.7567605054206645,1
TCGA-66-2727-01A-01R-0980-07,0.5811067725698088,1
TCGA-CM-6163-01A-11R-1653-07,0.7618160748201764,1
TCGA-55-A490-01A-11R-A466-07,0.6432134475562865,0
TCGA-AA-3976-01A-01R-1022-07,0.4409992729813124,1
TCGA-A6-2679-01A-02R-1410-07,0.83688381915308,0
TCGA-BP-5182-01A-01R-1426-07,0.555820447578744,1
TCGA-56-8083-01A-11R-2247-07,0.8434023948441808,1
TCGA-55-8299-01A-11R-2287-07,0.45117308495542935,0
TCGA-LN-A8I1-01A-11R-A36D-31,0.9056556481333785,0
TCGA-SX-A7SU-01A-11R-A36F-07,0.5163812801132884,1
TCGA-E9-A295-01A-11R-A16F-07,0.5423820206322274,1
TCGA-EJ-7218-01B-11R-A32O-07,0.31423570799130845,1
TCGA-E2-A2P5-01A-11R-A19W-07,0.7178475617958447,1
TCGA-A2-A0ES-01A-11R-A115-07,0.6116530243570093,1
TCGA-CK-5916-01A-11R-1653-07,0.7296596031788238,1
TCGA-EJ-A65E-01A-11R-A29R-07,0.43620891505843756,0
TCGA-OL-A66K-01A-11R-A29R-07,0.5654122744303404,1
TCGA-44-6774-01A-21R-1858-07,0.5759194606875916,1
TCGA-V1-A9Z7-01A-11R-A41O-07,0.6457976696548703,1
TCGA-ER-A196-01A-11R-A18T-07,0.9206966780032829,1
TCGA-2J-AABI-01A-12R-A41B-07,0.974234534500652,1
TCGA-GJ-A9DB-01A-11R-A37K-07,0.39995544105065906,1
TCGA-A8-A0A7-01A-11R-A00Z-07,0.6793023293675192,1
TCGA-L5-A4ON-01A-11R-A260-31,0.6489467712058957,1
TCGA-F4-6806-01A-11R-1839-07,0.5000413696752,0
TCGA-66-2792-01A-01R-0980-07,0.505932072991897,1
TCGA-A8-A08R-01A-11R-A034-07,0.7741992442950816,1
TCGA-E2-A1LH-01A-11R-A14D-07,0.830823232778734,1
TCGA-24-1550-01A-01R-1566-13,0.7647871445081845,0
TCGA-44-7660-01A-11R-2066-07,0.8957520459051624,1
TCGA-85-A53L-01A-21R-A26W-07,0.6710322019316313,0
TCGA-MR-A8JO-01A-12R-A36F-07,0.949790423352997,1
TCGA-44-5643-01A-01R-1628-07,0.9518355284319434,1
TCGA-90-6837-01A-11R-1949-07,0.6315403997984,0
TCGA-DD-AAC9-01A-11R-A41C-07,0.36782142984475746,0
TCGA-BH-A203-01A-12R-A169-07,0.6769031507702659,1
TCGA-B8-4146-01B-11R-1672-07,0.9913918520322694,1
TCGA-24-1430-01A-01R-1566-13,0.5904055711702167,1
TCGA-BH-A5IZ-01A-11R-A27Q-07,0.8553614969221243,1
TCGA-78-7633-01A-11R-2066-07,0.681682707184875,1
TCGA-A6-2686-01A-01R-A32Z-07,0.8337291573238709,1
TCGA-NC-A5HF-01A-11R-A26W-07,0.6894060595082656,1
TCGA-BQ-5882-01A-11R-1592-07,0.9447970660230025,1
TCGA-IB-AAUM-01A-11R-A37L-07,0.550404187076863,1
TCGA-BF-AAP7-01A-11R-A40A-07,0.29135858891386374,1
TCGA-NJ-A4YG-01A-22R-A262-07,0.49375445938955553,0
TCGA-AA-3846-01A-01R-1022-07,0.6274193734975938,1
TCGA-UN-AAZ9-01A-11R-A38C-07,0.757037271029182,0
TCGA-HC-A76X-01A-11R-A33R-07,0.46664369115833554,1
TCGA-25-2042-01A-01R-1568-13,0.8719788054617743,1
TCGA-F4-6459-01A-11R-1774-07,0.761205722332921,1
TCGA-A7-A13F-01A-11R-A12P-07,0.48568475787442483,0
TCGA-A2-A0CP-01A-11R-A034-07,0.7324589166721673,1
TCGA-KK-A5A1-01A-11R-A29R-07,0.8079838004323849,0
TCGA-F2-6879-01A-11R-2156-07,0.5017896888690231,1
TCGA-A8-A099-01A-11R-A00Z-07,0.635832663310733,1
TCGA-DD-AADP-01A-11R-A39D-07,0.42635327117647276,1
TCGA-A6-5657-01A-01R-A32Z-07,0.6318447508295647,1
TCGA-A8-A09M-01A-11R-A00Z-07,0.5756773869483354,1
TCGA-CH-5744-01A-11R-1580-07,0.4966638278419133,1
TCGA-43-6771-01A-11R-1820-07,0.7000664167702294,1
TCGA-LN-A4A5-01A-21R-A260-31,0.6274335843741637,1
TCGA-BH-A0BZ-01A-31R-A12P-07,0.6818257802817146,0
TCGA-05-4395-01A-01R-1206-07,0.8640592268575294,1
TCGA-BP-5178-01A-01R-1426-07,0.66142809765371,1
TCGA-B6-A0RI-01A-11R-A056-07,0.5604992782997635,0
TCGA-63-A5MB-01A-11R-A26W-07,0.6469146284625051,1
TCGA-AQ-A04J-01A-02R-A034-07,0.7500644576307125,1
TCGA-77-8133-01A-12R-2247-07,0.537298006949525,0
TCGA-B0-5399-01A-01R-1503-07,0.30810071277480433,1
TCGA-B8-A54I-01A-21R-A33J-07,0.7735132880550866,1
TCGA-61-1910-01A-01R-1567-13,0.6602911311387538,1
TCGA-A8-A07R-01A-21R-A034-07,0.8091273489372469,1
TCGA-CJ-4905-01A-02R-1426-07,0.45219368846551394,1
TCGA-AA-3525-01A-02R-0826-07,0.6264269150378343,1
TCGA-78-8662-01A-11R-2403-07,0.8209008857099783,1
TCGA-B6-A0IB-01A-11R-A034-07,0.7041123344890242,0
TCGA-EJ-7328-01A-31R-2118-07,0.4769768356045723,1
TCGA-BQ-5875-01A-11R-1592-07,0.7434627219613655,1
TCGA-IB-7649-01A-11R-2156-07,0.3555700612263399,0
TCGA-49-4494-01A-01R-1206-07,0.817948084824968,1
TCGA-AR-A24P-01A-11R-A169-07,0.5646919975897523,1
TCGA-AA-3542-01A-02R-1873-07,0.7408958704852106,0
TCGA-DM-A28H-01A-11R-A16W-07,0.5635382740734077,0
TCGA-O2-A5IB-01A-11R-A27Q-07,0.8738823108004937,0
TCGA-A8-A06X-01A-21R-A00Z-07,0.6270787754749926,1
TCGA-BH-A28O-01A-11R-A22K-07,0.7054501521230089,1
TCGA-EJ-7115-01A-11R-2118-07,0.3024078512101909,1
TCGA-DW-5560-01A-01R-1592-07,0.8215599351512668,1
TCGA-29-1703-01A-01R-1567-13,0.5570287852503142,1
TCGA-AA-3680-01A-01R-0905-07,0.762478564542971,1
TCGA-CC-A8HU-01A-11R-A36F-07,0.5904984363923776,1
TCGA-D8-A27P-01A-11R-A16F-07,0.4732542065977838,1
TCGA-3P-A9WA-01A-11R-A406-31,0.8156852301650643,0
TCGA-BH-A1F6-01A-11R-A13Q-07,0.7307130952896845,1
TCGA-63-5128-01A-01R-1443-07,0.490779634277968,0
TCGA-RC-A7SF-01A-11R-A352-07,0.5448988216336124,0
TCGA-BH-A202-01A-11R-A14M-07,0.6069552373738042,1
TCGA-DD-AAD8-01A-11R-A41C-07,0.5763099245318238,1
TCGA-EU-5904-01A-11R-1672-07,0.31484128728395677,1
TCGA-55-8508-01A-11R-2403-07,0.503605710994968,1
TCGA-B3-A6W5-01A-12R-A33Z-07,0.30722564009560216,0
TCGA-78-7155-01A-11R-2039-07,0.9131805170308847,1
TCGA-24-2297-01A-01R-1568-13,0.6029784659377141,0
TCGA-A8-A09W-01A-11R-A00Z-07,0.690054034485358,1
TCGA-B9-4617-01A-01R-1193-07,0.3434710530843085,0
TCGA-A8-A09B-01A-11R-A00Z-07,0.4957314308452215,1
TCGA-JY-A6FA-01A-11R-A336-31,0.5828339488414388,1
TCGA-97-A4M1-01A-11R-A24X-07,0.6101031574282223,0
TCGA-GL-A9DD-01A-11R-A37K-07,0.28528356441369696,1
TCGA-A3-A6NN-01A-12R-A33J-07,0.42284929417130257,1
TCGA-18-3416-01A-01R-0980-07,0.649769868390344,1
TCGA-EJ-5515-01A-01R-1580-07,0.7703349359742756,1
TCGA-D5-6539-01A-11R-1723-07,0.6786540535892146,1
TCGA-BH-A18N-01A-11R-A12D-07,0.5680501069760946,0
TCGA-BP-4167-01A-02R-1325-07,0.8608171887649363,1
TCGA-A2-A0CR-01A-11R-A22K-07,0.8382314477415905,1
TCGA-56-8628-01A-11R-2403-07,0.6761116668243198,1
TCGA-55-8621-01A-11R-2403-07,0.4975704711459268,1
TCGA-CC-A7II-01A-11R-A33J-07,0.9655788723494685,1
TCGA-85-6560-01A-11R-1820-07,0.8006443892864618,1
TCGA-AR-A24W-01A-11R-A169-07,0.6514942313205531,1
TCGA-85-6175-01A-11R-1820-07,0.8617915827400363,1
TCGA-86-7954-01A-11R-2187-07,0.630953338911888,1
TCGA-CC-A9FS-01A-11R-A37K-07,0.6168960615713788,1
TCGA-25-1870-01A-01R-1567-13,0.7343883572123723,1
TCGA-63-7022-01A-11R-1949-07,0.715859889123201,1
TCGA-R6-A6KZ-01A-11R-A31P-31,0.8634079834091509,1
TCGA-AA-3562-01A-02R-0821-07,0.4190364186726866,1
TCGA-D5-6541-01A-11R-1723-07,0.8220863994459159,1
TCGA-PJ-A5Z8-01A-11R-A28H-07,0.8447157066911619,0
TCGA-BP-5010-01A-02R-1420-07,0.7606131777806698,0
TCGA-66-2790-01A-01R-0980-07,0.6373584389248409,1
TCGA-AL-A5DJ-01A-11R-A26U-07,0.9604118046249316,1
TCGA-AR-A0TR-01A-11R-A084-07,0.5722034047875388,0
TCGA-AA-3979-01A-01R-1022-07,0.6107733596788939,1
TCGA-A1-A0SJ-01A-11R-A084-07,0.5594407383933291,1
TCGA-AO-A0JA-01A-11R-A056-07,0.5459594702841329,1
TCGA-86-A4JF-01A-11R-A24X-07,0.7678859164973854,1
TCGA-Z6-A8JD-01A-11R-A36D-31,0.4477850514212499,1
TCGA-92-7341-01A-31R-2045-07,0.5288654537569665,1
TCGA-E2-A15O-01A-11R-A115-07,0.5153599100918078,0
TCGA-V1-A9O9-01A-11R-A41O-07,0.5344271038056138,1
TCGA-67-6215-01A-11R-1755-07,0.5112182512729214,0
TCGA-AY-6386-01A-21R-1723-07,0.5906738297851151,1
TCGA-LN-A4A3-01A-11R-A260-31,0.1606208995540702,1
TCGA-44-6778-01A-11R-1858-07,0.6233277919926006,0
TCGA-RU-A8FL-01A-11R-A37K-07,0.5877445335212284,1
TCGA-G3-AAV1-01A-11R-A38B-07,0.5088074551860199,0
TCGA-CH-5745-01A-11R-1580-07,0.5472192127462164,0
TCGA-85-8580-01A-31R-2403-07,0.5274687224172936,1
TCGA-AK-3454-01A-02R-1277-07,0.8778844702905996,1
TCGA-M7-A722-01A-12R-A36G-07,0.9518372791731278,1
TCGA-3A-A9IN-01A-11R-A39D-07,0.975099536786673,1
TCGA-49-4501-01A-01R-1206-07,0.5512588902544142,1
TCGA-44-7667-01A-31R-2066-07,0.9348341589655448,1
TCGA-86-7714-01A-12R-2170-07,0.618127876082391,1
TCGA-34-5929-01A-11R-1820-07,0.5927132682387286,0
TCGA-BC-A10R-01A-11R-A131-07,0.8370261889697722,1
TCGA-39-5027-01A-21R-1820-07,0.5317595011953858,1
TCGA-AA-A00E-01A-01R-A002-07,0.47900647996714163,1
TCGA-22-5473-01A-01R-1635-07,0.471565218523437,0
TCGA-LL-A7T0-01A-31R-A352-07,0.7310030491276793,1
TCGA-13-1410-01A-01R-1565-13,0.7540815764919789,1
TCGA-G9-6377-01A-11R-1965-07,0.5595955182051205,1
TCGA-EJ-7784-01A-11R-2118-07,0.7500246416662513,1
TCGA-51-4081-01A-01R-1100-07,0.42322522511294314,0
TCGA-5P-A9JW-01A-11R-A42S-07,0.5443039585379401,0
TCGA-DV-5567-01A-01R-1541-07,0.6915337662134367,1
TCGA-BH-A1FU-01A-11R-A14D-07,0.6325351550355702,0
TCGA-AR-A1AR-01A-31R-A137-07,0.7645259233006542,1
TCGA-43-7658-01A-11R-2125-07,0.8752692971997913,1
TCGA-BF-A1PU-01A-11R-A18S-07,0.25021183578295064,0
TCGA-CM-6171-01A-11R-1653-07,0.8421238950666151,1
TCGA-EW-A1J2-01A-21R-A13Q-07,0.5886901211387544,1
TCGA-UB-A7MF-01A-11R-A33J-07,0.6764723702018376,0
TCGA-DD-AAD0-01A-11R-A41C-07,0.6069187566534228,0
TCGA-85-6561-01A-11R-1820-07,0.5022091483294585,1
TCGA-G9-6367-01A-11R-1789-07,0.5706258165339517,1
TCGA-DM-A1D9-01A-11R-A155-07,0.5989310198172026,1
TCGA-EJ-7783-01A-11R-2118-07,0.7966242695399337,1
TCGA-33-AASD-01A-11R-A405-07,0.682261464767921,1
TCGA-97-8177-01A-11R-2287-07,0.5743462019739198,1
TCGA-NH-A6GA-01A-11R-A37K-07,0.746802472297484,0
TCGA-BH-A1FC-01A-11R-A13Q-07,0.7529100710780464,1
TCGA-BP-4165-01A-02R-1289-07,0.6131942224774811,1
TCGA-AA-A02R-01A-01R-A00A-07,0.6351231042461548,1
TCGA-AD-6899-01A-11R-1928-07,0.5909630869154894,1
TCGA-LN-A4MQ-01A-11R-A28J-31,0.29748516082031573,1
TCGA-KK-A59Z-01A-12R-A26U-07,0.6825390311833323,1
TCGA-MI-A75H-01A-11R-A32O-07,0.3482938380063723,0
TCGA-38-4630-01A-01R-1206-07,0.8912753673238631,1
TCGA-EP-A3RK-01A-11R-A22L-07,0.48291751764881313,1
TCGA-5C-A9VG-01A-11R-A37K-07,0.8628600449246773,1
TCGA-BH-A0E7-01A-11R-A034-07,0.5538214600210443,1
TCGA-AA-3956-01A-02R-1022-07,0.3715880026705467,0
TCGA-HC-8216-01A-11R-A29R-07,0.580237245216456,1
TCGA-EJ-5519-01A-01R-1580-07,0.7397822039274928,1
TCGA-AA-3949-01A-01R-1022-07,0.6386618935401963,0
TCGA-B0-5121-01A-02R-1420-07,0.45057775199181027,1
TCGA-10-0926-01A-01R-1564-13,0.6331385610013631,1
TCGA-AK-3451-01A-02R-1188-07,0.9619422881422729,1
TCGA-A8-A085-01A-11R-A00Z-07,0.6598698738912101,0
TCGA-BH-A18M-01A-11R-A12D-07,0.5674306662456244,1
TCGA-G4-6315-01A-11R-1723-07,0.39594168018842685,1
TCGA-MP-A4TE-01A-22R-A466-07,0.6671579393154546,1
TCGA-EB-A4IS-01A-21R-A266-07,0.8038120108944857,1
TCGA-AN-A0AS-01A-11R-A00Z-07,0.6542396983493063,1
TCGA-CW-5583-01A-02R-1541-07,0.33670751088189316,1
TCGA-BH-A18T-01A-11R-A12D-07,0.7279289832529171,0
TCGA-E9-A22E-01A-11R-A157-07,0.6657832940006456,1
TCGA-A2-A1FW-01A-11R-A13Q-07,0.5560159165501957,1
TCGA-H6-A45N-01A-11R-A26U-07,0.22864117753784824,1
TCGA-A2-A0SW-01A-11R-A084-07,0.6896730370414867,0
TCGA-B0-5712-01A-11R-1672-07,0.5886219036306012,1
TCGA-85-8277-01A-11R-2296-07,0.5435620121875511,1
TCGA-E2-A1II-01A-11R-A144-07,0.7812747469888549,1
TCGA-24-2267-01A-01R-1568-13,0.6716949718139351,1
TCGA-77-8131-01A-11R-2247-07,0.7759038184385343,1
TCGA-3A-A9IZ-01A-12R-A41B-07,0.776751632818507,0
TCGA-55-7816-01A-11R-2170-07,0.8780639013932885,1
TCGA-AA-3509-01A-01R-1410-07,0.6662597423082931,1
TCGA-25-1322-01A-01R-1565-13,0.5608659497501784,1
TCGA-35-5375-01A-01R-1628-07,0.9046224829025746,1
TCGA-CJ-4918-01A-01R-1426-07,0.4952428094618476,1
TCGA-ED-A66X-01A-11R-A311-07,0.7418618600542147,1
TCGA-FV-A3I0-01A-11R-A22L-07,0.9822167254508785,0
TCGA-AO-A0JG-01A-31R-A084-07,0.6426446297054078,1
TCGA-XJ-A9DK-01A-11R-A37L-07,0.5049696504233313,1
TCGA-BH-A0BT-01A-11R-A12P-07,0.7277461613484885,1
TCGA-29-1783-01A-01R-1567-13,0.4703095028922287,0
TCGA-QG-A5Z1-01A-11R-A28H-07,0.6238185945227569,1
TCGA-F4-6805-01A-11R-1839-07,0.5569228855584816,1
TCGA-18-4086-01A-01R-1100-07,0.36248081072330374,1
TCGA-99-8028-01A-11R-2241-07,0.5313810175561566,1
TCGA-B0-5109-01A-02R-1420-07,0.9818719779413712,1
TCGA-E2-A1B6-01A-31R-A12P-07,0.7961887704985147,1
TCGA-S4-A8RM-01A-11R-A37L-07,0.736280002931325,1
TCGA-49-4486-01A-01R-1206-07,0.7577799240889199,1
TCGA-E9-A248-01A-11R-A169-07,0.713324140564289,1
TCGA-IB-AAUR-01A-21R-A38C-07,0.606989234664111,1
TCGA-BC-A69I-01A-11R-A311-07,0.3485718244339265,1
TCGA-AC-A23G-01A-11R-A213-07,0.6747149891978684,0
TCGA-DD-AADG-01A-11R-A41C-07,0.3413164602449706,0
TCGA-A8-A08S-01A-11R-A034-07,0.6390658379692127,1
TCGA-D8-A27G-01A-11R-A16F-07,0.5538487405067323,1
TCGA-A2-A0YT-01A-11R-A109-07,0.6379528180750128,1
TCGA-2H-A9GH-01A-11R-A37I-31,0.7690892458517534,1
TCGA-GM-A4E0-01A-12R-A266-07,0.7923602473434954,1
TCGA-86-8358-01A-11R-2326-07,0.8517423130390693,1
TCGA-39-5034-01A-01R-1443-07,0.9062893927523746,1
TCGA-E9-A1N3-01A-12R-A157-07,0.6222152197178864,1
TCGA-91-8496-01A-11R-2403-07,0.6590084384719785,1
TCGA-KC-A7FE-01A-12R-A33R-07,0.288742026488767,1
TCGA-04-1655-01A-01R-1566-13,0.5811302008225454,1
TCGA-A4-7584-01A-11R-2139-07,0.319597942684534,1
TCGA-HZ-7918-01A-11R-2156-07,0.8259324914605378,1
TCGA-AK-3440-01A-02R-1277-07,0.9818871110227848,0
TCGA-CZ-4857-01A-01R-1305-07,0.6258366787629136,1
TCGA-B9-4116-01A-02R-1351-07,0.916894109878032,1
TCGA-DZ-6133-01A-11R-1965-07,0.3661080405759241,0
TCGA-J9-A52E-01A-11R-A26U-07,0.9588947169151391,1
TCGA-ER-A2NB-01A-12R-A18S-07,0.7306967679163131,1
TCGA-A3-3346-01A-01R-1766-07,0.9645594577003681,1
TCGA-3A-A9IO-01A-11R-A38C-07,0.9979592972563854,1
TCGA-BP-4325-01A-02R-1289-07,0.32551944965805,1
TCGA-IB-7889-01A-11R-2156-07,0.5030767075470792,0
TCGA-A8-A07F-01A-11R-A00Z-07,0.6323788702825632,1
TCGA-78-7162-01A-21R-2066-07,0.4643821166437841,1
TCGA-IB-7644-01A-11R-2156-07,0.6500358748534322,0
TCGA-36-1569-01A-01R-1566-13,0.7995863034233706,0
TCGA-52-7622-01A-11R-2125-07,0.5040534669637114,1
TCGA-69-8453-01A-12R-2326-07,0.5593561112876042,1
TCGA-OL-A66N-01A-12R-A31O-07,0.8386713491240763,1
TCGA-CC-A9FV-01A-11R-A37K-07,0.9905411928617399,1
TCGA-XD-AAUI-01A-42R-A41B-07,0.34059782800381294,1
TCGA-GM-A2DN-01A-11R-A180-07,0.48642762194261535,0
TCGA-G3-A3CK-01A-11R-A213-07,0.35687213120521516,0
TCGA-BP-4771-01A-01R-1289-07,0.7165550176246279,0
TCGA-DD-AACO-01A-11R-A41C-07,0.5412846815202713,1
TCGA-75-7031-01A-11R-1949-07,0.6633701489906162,1
TCGA-24-1552-01A-01R-1566-13,0.6552116188041642,1
TCGA-85-8287-01A-11R-2296-07,0.5768607786581522,0
TCGA-AY-6197-01A-11R-1723-07,0.611145715918097,1
TCGA-96-A4JK-01A-11R-A24Z-07,0.6303084845765483,1
TCGA-C8-A12Z-01A-11R-A115-07,0.6005248698052358,1
TCGA-E9-A3Q9-01A-11R-A21T-07,0.7578947726833997,1
TCGA-AC-A8OR-01A-21R-A41B-07,0.6752145636424868,1
TCGA-44-5644-01A-21R-2039-07,0.7994196468415011,1
TCGA-A2-A0T3-01A-21R-A115-07,0.6735549747139472,1
TCGA-A4-8098-01A-11R-2404-07,0.8031142380283853,1
TCGA-EB-A82C-01A-11R-A352-07,0.6065660185180157,0
TCGA-DM-A1D0-01A-11R-A155-07,0.6736975554923246,1
TCGA-BF-AAP1-01A-11R-A39D-07,0.6035373799600695,1
TCGA-S3-AA12-01A-11R-A41B-07,0.6369736727128461,0
TCGA-24-2024-01A-02R-1568-13,0.5587634581238595,1
TCGA-24-2026-01A-01R-1567-13,0.717198729865118,1
TCGA-G7-6796-01A-11R-1965-07,0.6693249669833571,1
TCGA-AL-3473-01A-01R-1193-07,0.9223670375557831,1
TCGA-Y8-A894-01A-11R-A36F-07,0.7590957588794215,1
TCGA-22-5483-01A-01R-1820-07,0.6167916589581608,1
TCGA-CJ-4644-01A-02R-1325-07,0.5163218324532438,1
TCGA-22-5489-01A-01R-1635-07,0.4961941653547686,1
TCGA-D8-A1JP-01A-11R-A13Q-07,0.647320674450325,0
TCGA-B9-A5W9-01A-11R-A28H-07,0.5419997671180905,1
TCGA-13-0886-01A-01R-1569-13,0.655682199527773,1
TCGA-EB-A4P0-01A-41R-A266-07,0.5548196153261274,1
TCGA-G4-6307-01A-11R-1723-07,0.7453848170184959,0
TCGA-DD-AAEH-01A-11R-A41C-07,0.3759757516571026,1
TCGA-FV-A2QQ-01A-11R-A22L-07,0.38025354628622215,0
TCGA-MP-A4SW-01A-21R-A24X-07,0.5507753711523806,1
TCGA-P4-A5ED-01A-11R-A28H-07,0.9738513199820134,1
TCGA-CA-6719-01A-11R-1839-07,0.7244425716222987,1
TCGA-AY-4071-01A-01R-1113-07,0.5961378584648532,1
TCGA-B8-4622-01A-02R-1277-07,0.2787485191880914,1
TCGA-AO-A1KP-01A-11R-A13Q-07,0.5834671770486893,1
TCGA-A8-A081-01A-11R-A00Z-07,0.532100858547624,0
TCGA-24-2262-01A-01R-1568-13,0.896767108250777,1
TCGA-3A-A9I7-01A-21R-A38C-07,0.1478876380150259,1
TCGA-A2-A0CW-01A-21R-A115-07,0.6801419399602263,1
TCGA-UZ-A9Q0-01A-12R-A42S-07,0.5274084934034386,1
TCGA-56-8082-01A-11R-2247-07,0.5292931185529787,0
TCGA-39-5019-01A-01R-1820-07,0.6020477174965091,1
TCGA-G3-A5SI-01A-31R-A27V-07,0.5614671342788035,1
TCGA-A2-A0EX-01A-21R-A034-07,0.6139683174575554,1
TCGA-AR-A2LJ-01A-12R-A19W-07,0.7402412907774982,1
TCGA-R6-A6DN-01B-11R-A31P-31,0.7265124273935257,1
TCGA-B0-4842-01A-02R-1420-07,0.9526451204282183,1
TCGA-90-A4EE-01A-11R-A24Z-07,0.6355294059030432,0
TCGA-DW-7834-01A-11R-2139-07,0.705772794104743,1
TCGA-A3-3317-01A-02R-1325-07,0.5920991513641489,1
TCGA-LN-A7HY-01A-12R-A354-31,0.842863832702875,0
TCGA-B0-5080-01A-01R-1503-07,0.7363649668770309,1
TCGA-DD-AAW3-01A-11R-A41C-07,0.36337799019497297,1
TCGA-CM-5862-01A-01R-1653-07,0.8325740956241455,1
TCGA-G9-6494-01A-11R-1789-07,0.40743293357321264,0
TCGA-2J-AABT-01A-11R-A41B-07,0.4156858669372312,1
TCGA-AA-3693-01A-01R-0905-07,0.45817223573212923,0
TCGA-2V-A95S-01A-11R-A37K-07,0.7525385049841223,1
TCGA-44-7669-01A-21R-2066-07,0.7503322602698737,0
TCGA-BP-5008-01A-01R-1334-07,0.3867199640605721,1
TCGA-D5-6920-01A-11R-1928-07,0.5157381935457068,1
TCGA-K7-A5RG-01A-11R-A28V-07,0.815597512896027,1
TCGA-BP-4795-01A-02R-1420-07,0.6795246237317959,1
TCGA-18-3419-01A-01R-0980-07,0.7429058469158148,0
TCGA-G9-6332-01A-11R-1789-07,0.49728289434523687,1
TCGA-56-8309-01A-11R-2296-07,0.6953611945915993,1
TCGA-AC-A23E-01A-11R-A157-07,0.5453639751139598,1
TCGA-BQ-7046-01A-11R-1965-07,0.40854215725197346,1
TCGA-AN-A0AT-01A-11R-A034-07,0.7706643978834368,1
TCGA-BH-A0E9-01B-11R-A115-07,0.5909800409269659,0
TCGA-AA-3663-01A-01R-1723-07,0.7253456565991925,1
TCGA-A2-A0YI-01A-31R-A10J-07,0.5901999511420769,1
TCGA-34-8456-01A-21R-2326-07,0.6735364455163175,1
TCGA-AR-A1AJ-01A-21R-A12P-07,0.7327696847462745,1
TCGA-44-6145-01A-11R-1755-07,0.5573594401908937,1
TCGA-BP-4344-01A-01R-1289-07,0.48795244991788034,1
TCGA-5C-A9VH-01A-11R-A37K-07,0.685492538868071,1
TCGA-62-8399-01A-21R-2326-07,0.5477892278064389,0
TCGA-A8-A08T-01A-21R-A00Z-07,0.5759685232374939,1
TCGA-56-7222-01A-11R-2045-07,0.4952806018796859,0
TCGA-PZ-A5RE-01A-11R-A32O-07,0.4585327473065033,1
TCGA-EJ-5509-01A-01R-1580-07,0.3924735354550304,0
TCGA-58-8392-01A-11R-2326-07,0.5991095617875658,1
TCGA-18-5595-01A-01R-1635-07,0.588840911489674,1
TCGA-29-1695-01A-01R-1567-13,0.7625085879548928,1
TCGA-B0-4833-01A-01R-1305-07,0.593497718984778,1
TCGA-D8-A27E-01A-11R-A16F-07,0.5298344413108508,0
TCGA-BH-A209-01A-11R-A157-07,0.6017688016974994,1
TCGA-BH-A0W4-01A-11R-A109-07,0.4704077953254564,0
TCGA-DV-5565-01A-01R-1541-07,0.8263520161212554,0
TCGA-94-A5I6-01A-21R-A27Q-07,0.42472523223977493,0
TCGA-61-1725-01A-01R-1567-13,0.6725554289222924,1
TCGA-B0-5098-01A-01R-1420-07,0.9971313183434238,1
TCGA-13-0905-01B-01R-1565-13,0.7611399025056825,1
TCGA-AA-3667-01A-01R-0905-07,0.7513920404973115,1
TCGA-D8-A1XC-01A-11R-A14D-07,0.6128047937841961,0
TCGA-J4-A6M7-01A-11R-A31N-07,0.4461306042234676,1
TCGA-24-1544-01A-01R-1566-13,0.36438592153684457,0
TCGA-YL-A9WJ-01A-11R-A37L-07,0.481114816559658,1
TCGA-29-1785-01A-01R-1567-13,0.589341892734409,0
TCGA-98-8020-01A-11R-2247-07,0.5736413330040336,0
TCGA-XJ-A9DQ-01A-11R-A37L-07,0.28693983477206353,0
TCGA-C8-A8HP-01A-11R-A36F-07,0.8301473540757095,1
TCGA-B0-5096-01A-01R-1420-07,0.8568938073768294,1
TCGA-E9-A3QA-01A-61R-A22K-07,0.8035750671113788,1
TCGA-BH-A0WA-01A-11R-A109-07,0.765049824626452,1
TCGA-66-2791-01A-01R-0980-07,0.5875537248087134,1
TCGA-BH-A0HN-01A-11R-A10U-07,0.7598823584090997,1
TCGA-F4-6463-01A-11R-1723-07,0.6746810454207424,0
TCGA-A2-A1FZ-01A-51R-A14D-07,0.480388639415726,1
TCGA-VP-AA1N-01A-31R-A41O-07,0.7463614015357417,1
TCGA-A3-3359-01A-01R-0864-07,0.2255477779448105,1
TCGA-AN-A049-01A-21R-A00Z-07,0.578085873988474,1
TCGA-CZ-5462-01A-01R-1503-07,0.7453809099974362,1
TCGA-CM-6165-01A-11R-1653-07,0.6497202467019604,1
TCGA-DD-A3A3-01A-11R-A22L-07,0.47188364125398186,1
TCGA-AO-A125-01A-11R-A10J-07,0.6776530876442126,1
TCGA-69-7760-01A-11R-2170-07,0.7193543333119353,1
TCGA-KC-A7FD-01A-11R-A33R-07,0.6042096579749384,0
TCGA-UZ-A9PK-01A-11R-A38C-07,0.2669661871567696,1
TCGA-62-8398-01A-11R-2326-07,0.7114898989525713,1
TCGA-B0-4698-01A-01R-1503-07,0.9967600155637227,1
TCGA-L5-A88V-01A-11R-A354-31,0.8071133021098996,1
TCGA-3A-A9IX-01A-11R-A41B-07,0.37305979325758953,1
TCGA-55-A4DG-01A-11R-A24H-07,0.4900445759364148,1
TCGA-EW-A424-01A-11R-A24H-07,0.6816436040908624,1
TCGA-60-2706-01A-01R-0851-07,0.7279956589277125,1
TCGA-IA-A40U-01A-11R-A24Z-07,0.44079852991050017,1
TCGA-GM-A3XG-01A-31R-A24H-07,0.7446761259441466,0
TCGA-ZR-A9CJ-01B-11R-A38D-31,0.8285958378202989,1
TCGA-BH-A18G-01A-11R-A12D-07,0.850111214736687,1
TCGA-G9-6384-01A-11R-1789-07,0.5389827318901126,0
TCGA-67-6216-01A-11R-1755-07,0.5089219716945155,1
TCGA-13-1488-01A-01R-1565-13,0.6699524720613407,1
TCGA-G9-6343-01A-21R-1965-07,0.7555785555128118,1
TCGA-90-A59Q-01A-11R-A26W-07,0.7728706815440022,1
TCGA-CW-5580-01A-01R-1672-07,0.42194673761873364,1
TCGA-25-1625-01A-01R-1566-13,0.7186723928125855,1
TCGA-EJ-A8FS-01A-11R-A352-07,0.48385538878307927,1
TCGA-CM-6164-01A-11R-1653-07,0.30460339912360734,0
TCGA-29-1763-01A-02R-1567-13,0.4612932555675135,0
TCGA-97-7941-01A-11R-2187-07,0.6406727638694225,1
TCGA-B0-4696-01A-01R-1277-07,0.9987255465402894,1
TCGA-AA-3675-01A-02R-0905-07,0.45320365141921787,1
TCGA-HC-A6AS-01A-11R-A30B-07,0.8043070249341059,1
TCGA-LN-A7HW-01A-22R-A354-31,0.5624090188323643,1
TCGA-50-6595-01A-12R-1858-07,0.7866937078872747,0
TCGA-05-4433-01A-22R-1858-07,0.5091497440241739,1
TCGA-B0-5113-01A-01R-1420-07,0.3897278803123106,1
TCGA-OL-A66I-01A-21R-A29R-07,0.7659827923676097,1
TCGA-GM-A2DL-01A-11R-A18M-07,0.6342576745186952,1
TCGA-10-0934-01A-02R-1564-13,0.9210938143027038,1
TCGA-B1-5398-01A-02R-1592-07,0.8052787932856248,1
TCGA-09-1667-01C-01R-1566-13,0.5948416826524368,1
TCGA-69-7979-01A-11R-2187-07,0.8621599988895406,1
TCGA-22-1017-01A-01R-0692-07,0.7636253352475582,1
TCGA-BP-4759-01A-01R-1289-07,0.7324335449678028,1
TCGA-ED-A459-01A-11R-A266-07,0.6786298283387021,1
TCGA-EB-A51B-01A-11R-A27Q-07,0.7030425417195001,1
TCGA-CW-6090-01A-11R-1672-07,0.7949424988335113,1
TCGA-AA-3968-01A-01R-1022-07,0.5219427027416432,1
TCGA-85-8276-01A-11R-2296-07,0.6013495827758455,1
TCGA-D5-6924-01A-11R-1928-07,0.5909416178121233,1
TCGA-95-7947-01A-11R-2187-07,0.6788987351451905,1
TCGA-50-5932-01A-11R-1755-07,0.5699970567191892,1
TCGA-G9-6342-01A-11R-1965-07,0.3987844487255613,1
TCGA-BH-A0H9-01A-11R-A056-07,0.6168839770514332,1
TCGA-AR-A24X-01A-11R-A169-07,0.5430127698752352,1
TCGA-A4-A5Y1-01A-11R-A28H-07,0.9013474116893588,1
TCGA-AR-A1AV-01A-21R-A12P-07,0.5396891977891902,1
TCGA-33-4582-01A-01R-1443-07,0.647135388860336,1
TCGA-A7-A0DC-01B-04R-A22O-07,0.8258373209778668,1
TCGA-E9-A245-01A-22R-A16F-07,0.5780392416814348,1
TCGA-LN-A49Y-01A-11R-A260-31,0.9006728657371634,1
TCGA-BP-4960-01A-01R-1334-07,0.7641739564365135,1
TCGA-CJ-4641-01A-02R-1325-07,0.43020379360988853,1
TCGA-55-7281-01A-11R-2039-07,0.58710617931633,1
TCGA-AA-3870-01A-01R-1022-07,0.7935107306864141,1
TCGA-MI-A75E-01A-11R-A32O-07,0.41083732376042637,1
TCGA-DD-A1EF-01A-11R-A131-07,0.8718532200406093,1
TCGA-VR-A8EX-01A-11R-A36D-31,0.5100617073282928,1
TCGA-56-8504-01A-11R-2403-07,0.5574396456737066,1
TCGA-MG-AAMC-01A-11R-A41O-07,0.8221755304525858,0
TCGA-56-A49D-01A-11R-A24H-07,0.6929806389449918,1
TCGA-39-5022-01A-21R-1820-07,0.5091371185773422,0
TCGA-55-7573-01A-11R-2039-07,0.3631918662568266,0
TCGA-13-0730-01A-01R-1564-13,0.7340432468230296,1
TCGA-D5-6538-01A-11R-1723-07,0.7551812157033517,1
TCGA-2Y-A9GU-01A-11R-A38B-07,0.39158467742374076,0
TCGA-YL-A8HJ-01A-11R-A36G-07,0.6556034961787217,1
TCGA-05-4396-01A-21R-1858-07,0.6486509757840477,1
TCGA-E2-A1LL-01A-11R-A144-07,0.8483904127128327,1
TCGA-24-2281-01A-01R-1568-13,0.4496699321567501,1
TCGA-33-A4WN-01A-11R-A262-07,0.515637093798082,1
TCGA-CZ-5985-01A-11R-1672-07,0.5141384152160626,1
TCGA-GN-A263-01A-11R-A18T-07,0.9772727327016638,1
TCGA-E9-A1RE-01A-11R-A157-07,0.68978069746692,1
TCGA-E2-A15M-01A-11R-A12D-07,0.5124970135245156,0
TCGA-HC-8262-01A-11R-2263-07,0.4045982039701286,1
TCGA-DM-A0X9-01A-11R-A155-07,0.4439856153511031,1
TCGA-A7-A4SC-01A-12R-A266-07,0.6934168244730594,0
TCGA-AN-A04A-01A-21R-A034-07,0.6233546950217035,0
TCGA-QA-A7B7-01A-11R-A32O-07,0.8186913305975592,1
TCGA-29-2427-01A-01R-1569-13,0.7642310785736893,0
TCGA-25-1633-01A-01R-1566-13,0.7448182381585179,1
TCGA-85-A510-01A-11R-A26W-07,0.7961084202966775,1
TCGA-75-5147-01A-01R-1628-07,0.5535395983759759,0
TCGA-D3-A5GT-01A-12R-A311-07,0.6368639421435874,1
TCGA-49-AARR-01A-11R-A41B-07,0.7014096974300317,1
TCGA-CH-5740-01A-11R-1580-07,0.48387468849997484,1
TCGA-BH-A0W3-01A-11R-A109-07,0.577679368686553,1
TCGA-13-1487-01A-01R-1565-13,0.38976349858502884,1
TCGA-CZ-5464-01A-01R-1503-07,0.4807946404609226,0
TCGA-HC-A8D1-01A-11R-A36G-07,0.37617856810429484,1
TCGA-13-0884-01B-01R-1565-13,0.4793125550843951,0
TCGA-D8-A1JD-01A-11R-A13Q-07,0.5157707169668122,1
TCGA-61-2009-01A-01R-1568-13,0.7054796482795612,0
TCGA-J4-A67N-01A-11R-A30B-07,0.8436848943951368,1
TCGA-66-2788-01A-01R-0980-07,0.5350777217594884,1
TCGA-EJ-5501-01A-01R-1580-07,0.5466273608127324,1
TCGA-BC-4072-01B-11R-A155-07,0.8689141559520691,1
TCGA-LN-A5U7-01A-11R-A31P-31,0.33595270954722034,1
TCGA-IG-A4QT-01A-21R-A260-31,0.9644719024047043,1
TCGA-YL-A9WX-01A-21R-A41O-07,0.5356496485691432,1
TCGA-3A-A9IL-01A-11R-A38C-07,0.9787511848484012,1
TCGA-AD-6965-01A-11R-1928-07,0.528289426373768,1
TCGA-60-2704-01A-11R-2045-07,0.7781750850733022,1
TCGA-AA-3514-01A-02R-0821-07,0.8159078634897742,1
TCGA-IB-A5ST-01A-11R-A32O-07,0.6071839560709,1
TCGA-BH-A0DQ-01A-11R-A084-07,0.6164498950537932,1
TCGA-D8-A1XY-01A-11R-A14M-07,0.5322892296951675,1
TCGA-ZG-A9LB-01A-11R-A41O-07,0.9071340157643183,1
TCGA-L5-A4OR-01A-11R-A260-31,0.5791288934107516,1
TCGA-LD-A74U-01A-13R-A33J-07,0.5309819586424921,1
TCGA-B8-4148-01A-02R-1325-07,0.41851671420859915,1
TCGA-77-8009-01A-11R-2187-07,0.6251024928965357,1
TCGA-55-7574-01A-11R-2039-07,0.6080017836582575,1
TCGA-XA-A8JR-01A-11R-A36G-07,0.3497374316077528,0
TCGA-B0-5095-01A-01R-1420-07,0.6083319854435775,1
TCGA-NC-A5HE-01A-11R-A26W-07,0.640224276353408,1
TCGA-RC-A6M4-01A-11R-A32O-07,0.32914736395692623,1
TCGA-EJ-A8FN-01A-11R-A352-07,0.3983604557445245,1
TCGA-2Z-A9JK-01A-11R-A42S-07,0.7895531398511656,1
TCGA-69-8254-01A-11R-2287-07,0.4575237890729164,0
TCGA-67-6217-01A-11R-1755-07,0.4680474911527457,1
TCGA-55-7994-01A-11R-2187-07,0.7197628180527023,1
TCGA-55-8090-01A-11R-2241-07,0.5457143395233638,0
TCGA-LN-A5U5-01A-21R-A28J-31,0.7124990774338031,1
TCGA-66-2768-01A-01R-0851-07,0.6247472585198696,1
TCGA-WQ-AB4B-01A-11R-A41C-07,0.42422258591736695,1
TCGA-77-6844-01A-11R-1949-07,0.5319634357003089,1
TCGA-A8-A07Z-01A-11R-A00Z-07,0.6509187290106982,1
TCGA-AA-3977-01A-01R-1022-07,0.5921782004281149,0
TCGA-AC-A3W7-01A-11R-A22K-07,0.650411010279446,1
TCGA-CC-5263-01A-01R-A131-07,0.9708259033911013,1
TCGA-18-3411-01A-01R-0980-07,0.5327101105792265,1
TCGA-DM-A0XD-01A-12R-A155-07,0.5269823031858093,0
TCGA-OL-A5RU-01A-11R-A28M-07,0.6513065940826577,1
TCGA-33-AASB-01A-11R-A405-07,0.8939853758011239,1
TCGA-B6-A0RG-01A-11R-A056-07,0.6173609660137238,1
TCGA-DD-AAC8-01A-11R-A41C-07,0.5822491412989884,1
TCGA-VP-A87D-01A-11R-A352-07,0.5907072710875346,1
TCGA-BH-A0HX-01A-21R-A056-07,0.633327232577398,1
TCGA-BP-4353-01A-02R-1289-07,0.563487530411639,0
TCGA-66-2793-01A-01R-1201-07,0.7898665590700693,1
TCGA-E2-A15A-01A-11R-A12D-07,0.603310399290384,1
TCGA-61-2094-01A-01R-1568-13,0.8086682531140243,0
TCGA-AA-3502-01A-01R-1410-07,0.7220079599093497,1
TCGA-E9-A22G-01A-11R-A157-07,0.8101610204736316,1
TCGA-A3-3325-01A-01R-0864-07,0.4151942632903028,0
TCGA-BP-4176-01A-02R-1289-07,0.4437839347800412,1
TCGA-09-1669-01A-01R-1566-13,0.5398811177572324,1
TCGA-04-1365-01A-01R-1565-13,0.61522622922924,1
TCGA-2Z-A9JS-01A-21R-A42S-07,0.3079544692662361,1
TCGA-AR-A0U4-01A-11R-A109-07,0.8176821922262643,1
TCGA-B0-5713-01A-11R-1672-07,0.315425173041927,0
TCGA-L3-A4E7-01A-11R-A24Z-07,0.7316417935496775,1
TCGA-G7-6795-01A-11R-1965-07,0.5553703720819564,0
TCGA-AY-5543-01A-01R-1653-07,0.5665664367966123,0
TCGA-G4-6294-01A-11R-1774-07,0.5349083026771463,1
TCGA-CM-5344-01A-21R-1723-07,0.6591376686288748,0
TCGA-TK-A8OK-01A-22R-A36G-07,0.8408527470468148,0
TCGA-VR-AA4G-01A-11R-A37I-31,0.2967284526455312,1
TCGA-JY-A93C-01A-11R-A38D-31,0.7949981409151661,1
TCGA-G9-6356-01A-11R-1789-07,0.2534035040353452,0
TCGA-A2-A0ER-01A-21R-A034-07,0.551139285378651,1
TCGA-62-A46O-01A-11R-A24H-07,0.8301590545555029,1
TCGA-BQ-5885-01A-11R-1592-07,0.8308423482978057,1
TCGA-E2-A1IN-01A-11R-A13Q-07,0.4454096851495639,1
TCGA-NJ-A55R-01A-11R-A262-07,0.4912967939979315,0
TCGA-A3-3383-01A-02R-1325-07,0.9229952847070014,1
TCGA-B4-5844-01A-11R-1672-07,0.48207558972033315,1
TCGA-CJ-5676-01A-11R-1541-07,0.6498588512306681,1
TCGA-MH-A561-01A-11R-A26U-07,0.372853578214266,1
TCGA-96-A4JL-01A-11R-A24Z-07,0.7648677588041852,0
TCGA-KK-A6DY-01A-12R-A311-07,0.31750707880880347,1
TCGA-2Z-A9JP-01A-11R-A42S-07,0.5317845128405378,1
TCGA-VR-A8ER-01A-11R-A36D-31,0.5591233155266155,1
TCGA-24-2288-01A-01R-1568-13,0.6526746806065139,1
TCGA-A8-A0AD-01A-11R-A056-07,0.5547059748575751,1
TCGA-B6-A0IQ-01A-11R-A034-07,0.8060359979370002,1
TCGA-DM-A28A-01A-21R-A32Y-07,0.48670602143577024,1
TCGA-09-0369-01A-01R-1564-13,0.7166893443762169,1
TCGA-G7-A8LD-01A-11R-A36F-07,0.9890456653392545,1
TCGA-A4-7732-01A-11R-2139-07,0.39269003481341325,1
TCGA-QU-A6IP-01A-11R-A31N-07,0.3105362108038166,1
TCGA-DD-A1EG-01A-11R-A213-07,0.4653144336301333,0
TCGA-BP-5004-01A-01R-1334-07,0.3982949909286656,0
TCGA-BP-5006-01A-01R-1334-07,0.38555281221948107,1
TCGA-A6-6781-01A-22R-A278-07,0.9840626303577251,1
TCGA-CA-5255-01A-11R-1839-07,0.5262806762778672,0
TCGA-66-2782-01A-01R-0851-07,0.5919276455046215,1
TCGA-MP-A4SY-01A-21R-A24X-07,0.6504717169604342,1
TCGA-44-3398-01A-01R-1107-07,0.7051864446184091,1
TCGA-97-8171-01A-11R-2287-07,0.7045667006765638,1
TCGA-BH-A0BG-01A-11R-A115-07,0.7219432405529487,0
TCGA-B0-4834-01A-01R-1305-07,0.9557521409294368,0
TCGA-A2-A25B-01A-11R-A169-07,0.5880351223234085,1
TCGA-70-6723-01A-11R-1820-07,0.790367413239428,1
TCGA-KK-A8IJ-01A-11R-A352-07,0.3742936454052194,1
TCGA-CZ-5986-01A-11R-1672-07,0.5789906082743516,1
TCGA-BH-A1EN-01A-11R-A13Q-07,0.7935131244453338,1
TCGA-CH-5768-01A-11R-1580-07,0.6095371585479572,1
TCGA-B0-4846-01A-01R-1277-07,0.49363342268503524,1
TCGA-E2-A2P6-01A-11R-A19W-07,0.6745679991195878,1
TCGA-AK-3434-01A-02R-1277-07,0.44445324299903566,1
TCGA-WW-A8ZI-01A-11R-A37L-07,0.7967672031833666,1
TCGA-56-7730-01A-11R-2125-07,0.5696249111890598,1
TCGA-3A-A9I9-01A-11R-A38C-07,0.5344923249964194,0
TCGA-EP-A2KC-01A-11R-A213-07,0.403393780273339,1
TCGA-AO-A1KO-01A-31R-A13Q-07,0.6600082753545711,1
TCGA-BH-A18K-01A-11R-A12D-07,0.5204495924023631,1
TCGA-D8-A147-01A-11R-A115-07,0.7315783197306193,1
TCGA-24-0979-01A-01R-1565-13,0.5214277935283851,0
TCGA-HC-7821-01A-12R-2118-07,0.6395223049227722,1
TCGA-3A-A9IU-01A-11R-A39D-07,0.517681546180285,1
TCGA-AC-A3QP-01A-11R-A22U-07,0.7671316064173451,1
TCGA-E9-A226-01A-21R-A157-07,0.5005919886131388,1
TCGA-MP-A4T7-01A-11R-A24X-07,0.5890696010337192,1
TCGA-HE-7129-01A-11R-1965-07,0.31614755095050945,1
TCGA-91-7771-01A-11R-2170-07,0.5913438607303212,1
TCGA-CC-A7IK-01A-12R-A33R-07,0.9044613213171018,1
TCGA-AD-6895-01A-11R-1928-07,0.6985638316681654,1
TCGA-2Z-A9JN-01A-21R-A42S-07,0.841704530859405,1
TCGA-Y8-A898-01A-11R-A355-07,0.33372954825111817,1
TCGA-24-1545-01A-01R-1566-13,0.5727374468109758,1
TCGA-60-2711-01A-01R-0851-07,0.4286832391911143,1
TCGA-US-A77G-01A-11R-A32O-07,0.6481271143634212,1
TCGA-44-5645-01B-04R-A277-07,0.9056121768463817,1
TCGA-23-1109-01A-01R-1564-13,0.6681860392626893,1
TCGA-DD-A1EJ-01A-11R-A155-07,0.748722008804195,1
TCGA-CK-6748-01A-11R-1839-07,0.8262152707110283,0
TCGA-HE-A5NH-01A-11R-A26U-07,0.48405727906023144,0
TCGA-LL-A50Y-01A-11R-A266-07,0.6761932706084995,1
TCGA-BP-5173-01A-01R-1426-07,0.6824986447991364,0
TCGA-V1-A9O7-01A-21R-A41O-07,0.5782559248856752,0
TCGA-L5-A4OJ-01A-11R-A260-31,0.6205216157609732,1
TCGA-05-4434-01A-01R-1206-07,0.5987735994534942,1
TCGA-AZ-4682-01B-01R-A32Z-07,0.4969202407731574,1
TCGA-D8-A1J9-01A-11R-A13Q-07,0.599233558087048,1
TCGA-CH-5746-01A-11R-1580-07,0.3420021129667618,0
TCGA-KV-A6GD-01A-11R-A31O-07,0.38740556358231626,1
TCGA-B0-4707-01A-01R-1277-07,0.9142521760527306,1
TCGA-58-8393-01A-11R-2326-07,0.6813537880817563,1
TCGA-FV-A495-01A-11R-A266-07,0.41984227684075553,1
TCGA-99-8033-01A-11R-2241-07,0.6388462375596411,1
TCGA-77-8139-01A-11R-2247-07,0.5622340803162942,1
TCGA-ED-A5KG-01A-11R-A27V-07,0.9854901722414224,1
TCGA-94-7033-01A-11R-1949-07,0.7708364054762836,1
TCGA-AA-3530-01A-01R-1022-07,0.5308574380090332,1
TCGA-ZG-A9L1-01A-11R-A41O-07,0.8437624338159414,1
TCGA-FR-A3R1-01A-11R-A239-07,0.7835119801897097,1
TCGA-2Z-A9JL-01A-11R-A42S-07,0.57897134674578,1
TCGA-20-0987-01A-02R-1564-13,0.8960727509969593,0
TCGA-59-2363-01A-01R-1569-13,0.7801118127777861,1
TCGA-24-1419-01A-01R-1565-13,0.6204578213596383,1
TCGA-BH-A1FH-01A-12R-A13Q-07,0.6775568051096731,1
TCGA-B6-A0IA-01A-11R-A034-07,0.7383715968762381,1
TCGA-98-7454-01A-11R-2045-07,0.7586626273643388,0
TCGA-5P-A9JZ-01A-11R-A42S-07,0.2751640912636589,1
TCGA-55-6984-01A-11R-1949-07,0.540508034153624,1
TCGA-HC-8264-01B-11R-2403-07,0.6526322870259721,1
TCGA-G4-6314-01A-11R-1723-07,0.5638169989862994,1
TCGA-68-8250-01A-11R-2296-07,0.6000922856863551,1
TCGA-29-1769-01A-01R-1567-13,0.553890574681689,0
TCGA-EU-5905-01A-11R-1672-07,0.5942612644402573,1
TCGA-F9-A7Q0-01A-11R-A36F-07,0.6560636436235335,1
TCGA-DD-AACN-01A-11R-A41C-07,0.7983621951680697,0
TCGA-A8-A079-01A-21R-A00Z-07,0.6943602200125331,1
TCGA-D8-A1JN-01A-11R-A13Q-07,0.7250401230757139,1
TCGA-A8-A08B-01A-11R-A00Z-07,0.521624172346312,1
TCGA-JY-A6FD-01A-11R-A336-31,0.47848596849160074,1
TCGA-A8-A086-01A-11R-A00Z-07,0.5859565097642366,1
TCGA-13-2060-01A-01R-1568-13,0.7602940591696935,1
TCGA-HC-8265-01B-04R-2302-07,0.9995042035677679,1
TCGA-S4-A8RP-01A-11R-A36G-07,0.35456039255764954,1
TCGA-A8-A09Z-01A-11R-A00Z-07,0.7208360059247265,1
TCGA-CK-6751-01A-11R-1839-07,0.412087862242107,0
TCGA-RB-A7B8-01A-12R-A33R-07,0.15128126870993044,1
TCGA-68-7755-01A-11R-2125-07,0.5561085559709653,0
TCGA-66-2759-01A-01R-0851-07,0.5362231390272545,1
TCGA-AA-A00J-01A-02R-A002-07,0.6748808355920206,1
TCGA-L5-A8NL-01A-12R-A37I-31,0.6528738975188894,1
TCGA-24-1557-01A-01R-1566-13,0.4812803086525795,1
TCGA-A7-A3IY-01A-21R-A21T-07,0.7174025104829983,1
TCGA-B8-4151-01A-01R-1188-07,0.6073198143077273,1
TCGA-61-1914-01A-01R-1567-13,0.7971179214963091,1
TCGA-IG-A3Y9-01A-12R-A24K-31,0.8193749834307852,1
TCGA-L5-A891-01A-11R-A36D-31,0.9132524932423037,1
TCGA-BP-4983-01A-01R-1334-07,0.9557801996621812,1
TCGA-04-1514-01A-01R-1566-13,0.6567376917602823,1
TCGA-NJ-A55A-01A-11R-A262-07,0.6618514796441352,1
TCGA-A8-A09I-01A-22R-A034-07,0.5119810433760186,1
TCGA-AR-A251-01A-12R-A169-07,0.7456820384511973,1
TCGA-60-2715-01A-01R-0851-07,0.6336391567260897,1
TCGA-D9-A4Z3-01A-11R-A266-07,0.8456138240024741,1
TCGA-E2-A14Q-01A-11R-A12D-07,0.5003367999993364,0
TCGA-EW-A1P7-01A-21R-A144-07,0.8116680001564821,1
TCGA-HV-AA8X-01A-11R-A39D-07,0.687414235451776,1
TCGA-ZG-A9L4-01A-11R-A41O-07,0.6458406111904959,1
TCGA-VN-A88L-01A-11R-A352-07,0.44372966354682875,1
TCGA-Z7-A8R5-01A-42R-A41B-07,0.7969392242180643,1
TCGA-IG-A51D-01A-11R-A36D-31,0.4226433580703207,0
TCGA-5P-A9K9-01A-11R-A42S-07,0.9345177706341415,1
TCGA-23-1114-01B-01R-1566-13,0.6598256090705165,1
TCGA-IZ-A6M9-01A-11R-A31O-07,0.5392717090426861,1
TCGA-44-2662-01B-02R-A277-07,0.8242318898896962,1
TCGA-A8-A08C-01A-11R-A00Z-07,0.4684181201934402,1
TCGA-36-1568-01A-01R-1566-13,0.5848234293001494,1
TCGA-MN-A4N1-01A-11R-A24X-07,0.7263034647907245,0
TCGA-C8-A12X-01A-11R-A115-07,0.7801770526357968,1
TCGA-63-5131-01A-01R-1443-07,0.5432818953656631,1
TCGA-G9-6499-01A-12R-1965-07,0.5636798686206435,1
TCGA-L5-A43M-01A-11R-A24K-31,0.8112047831102513,1
TCGA-C8-A275-01A-21R-A16F-07,0.7202258008185929,1
TCGA-A6-5664-01A-21R-1839-07,0.6384005835789155,0
TCGA-4B-A93V-01A-11R-A39D-07,0.803423685527307,1
TCGA-G9-6364-01A-21R-1789-07,0.7611367501804736,1
TCGA-YH-A8SY-01A-11R-A37L-07,0.4620673871952301,1
TCGA-BP-4760-01A-02R-1420-07,0.6545454160964904,1
TCGA-DD-AAVU-01A-11R-A41C-07,0.2769810965135849,1
TCGA-XN-A8T5-01A-12R-A36G-07,0.3068025030704997,0
TCGA-55-8207-01A-11R-2241-07,0.727362360750537,1
TCGA-DD-AAVV-01A-11R-A41C-07,0.5021670248801187,1
TCGA-FV-A2QR-01A-11R-A213-07,0.5704078112342742,1
TCGA-DD-AAEE-01A-11R-A41C-07,0.40111511214864237,1
TCGA-B8-5159-01A-01R-1420-07,0.5257414350008605,1
TCGA-2A-A8VX-01A-11R-A37L-07,0.4454884015208791,0
TCGA-AA-A03F-01A-11R-A16W-07,0.8248489727947786,1
TCGA-91-8497-01A-11R-2403-07,0.5282057211350761,1
TCGA-EW-A1OV-01A-11R-A144-07,0.6093504381237896,0
TCGA-XP-A8T8-01A-11R-A36D-31,0.43144156351945107,1
TCGA-61-1736-01B-01R-1568-13,0.5719447864290658,0
TCGA-20-1682-01A-01R-1564-13,0.7648684657567256,1
TCGA-FB-AAPQ-01A-11R-A41B-07,0.8121323236894747,1
TCGA-AA-3950-01A-02R-1022-07,0.8993484155753002,1
TCGA-CK-4951-01A-01R-1410-07,0.5508105423523509,1
TCGA-BH-A0RX-01A-21R-A084-07,0.8290658567518968,0
TCGA-CJ-5671-01A-11R-1541-07,0.6451042294862875,1
TCGA-EW-A1IY-01A-11R-A13Q-07,0.6380222509478457,1
TCGA-E2-A1IE-01A-11R-A13Q-07,0.4923078533243169,1
TCGA-HI-7170-01A-11R-2118-07,0.7328818512342204,0
TCGA-A3-A6NL-01A-11R-A33J-07,0.3918290829399539,1
TCGA-EW-A1PD-01A-11R-A144-07,0.5912350828863518,1
TCGA-B6-A0IO-01A-11R-A034-07,0.5992106473948706,0
TCGA-50-5931-01A-11R-1755-07,0.872080315361529,1
TCGA-HZ-A4BH-01A-11R-A26U-07,0.5994282830361277,1
TCGA-ZG-A9KY-01A-11R-A41O-07,0.9462094454813964,1
TCGA-EJ-5507-01A-01R-1580-07,0.8648639425163213,1
TCGA-CH-5751-01A-11R-1580-07,0.9852144890474754,1
TCGA-AA-3844-01A-01R-1022-07,0.4663952500559155,1
TCGA-EB-A57M-01A-51R-A311-07,0.42632016231565084,1
TCGA-BP-4351-01A-01R-1289-07,0.6635312678332211,0
TCGA-DD-A11B-01A-11R-A131-07,0.5503902538945931,1
TCGA-BQ-7045-01A-31R-1965-07,0.343531252689635,0
TCGA-BH-A0BD-01A-11R-A034-07,0.5854200107935064,1
TCGA-BQ-5881-01A-11R-1592-07,0.5618952164137677,1
TCGA-25-1871-01A-01R-1567-13,0.6214707873002376,1
TCGA-61-1740-01A-01R-1567-13,0.61311633243916,1
TCGA-33-AASJ-01A-11R-A405-07,0.6213572692292517,1
TCGA-CC-A123-01A-11R-A131-07,0.5822249824884158,1
TCGA-YG-AA3N-01A-11R-A38C-07,0.4348538023168701,0
TCGA-E2-A156-01A-11R-A12D-07,0.4655303767799681,0
TCGA-EW-A1PB-01A-11R-A144-07,0.846622666298084,0
TCGA-XK-AAJT-01A-11R-A41O-07,0.5149425659154131,1
TCGA-EB-A550-01A-61R-A27Q-07,0.9652842123254387,1
TCGA-S3-A6ZF-01A-32R-A32P-07,0.5128282067222951,1
TCGA-13-1408-01A-01R-1565-13,0.695352189634466,1
TCGA-29-1690-01A-01R-1566-13,0.8842638973063998,1
TCGA-05-4425-01A-01R-1755-07,0.6341081326101309,1
TCGA-X8-AAAR-01A-11R-A406-31,0.8599404097275749,1
TCGA-JL-A3YX-01A-11R-A22U-07,0.7114234719373675,1
TCGA-IG-A3YA-01A-11R-A24K-31,0.5474787454485526,0
TCGA-HV-AA8V-01A-11R-A41B-07,0.1753661181936765,1
TCGA-IB-AAUO-01A-12R-A38C-07,0.8859011172320256,1
TCGA-B6-A0I8-01A-11R-A034-07,0.6934351333016043,1
TCGA-FB-A545-01A-11R-A26U-07,0.6309015803173955,1
TCGA-BH-A18H-01A-11R-A12D-07,0.6189375268759381,1
TCGA-AK-3445-01A-02R-1277-07,0.6123606453631256,1
TCGA-25-1317-01A-01R-1565-13,0.5560085917918685,1
TCGA-BP-5200-01A-01R-1426-07,0.47730616404995185,1
TCGA-E9-A5FK-01A-11R-A27Q-07,0.8066872713708003,1
TCGA-BH-A1EW-01A-11R-A137-07,0.6148195386158795,1
TCGA-NC-A5HN-01A-11R-A26W-07,0.4933292293010023,1
TCGA-13-0760-01A-01R-1564-13,0.7556555656558012,0
TCGA-AA-3970-01A-01R-1022-07,0.42328639958590003,0
TCGA-YL-A9WI-01A-11R-A37L-07,0.8753463854636582,1
TCGA-AA-A01T-01A-21R-A16W-07,0.7163680526878179,1
TCGA-AN-A0G0-01A-11R-A034-07,0.7445357742117787,1
TCGA-77-A5GB-01B-11R-A27Q-07,0.6541757554293945,1
TCGA-85-8481-01A-11R-2326-07,0.5281801249503297,0
TCGA-E2-A107-01A-11R-A10J-07,0.6550974749990823,1
TCGA-J2-8192-01A-11R-2241-07,0.5651907997549523,1
TCGA-Z7-A8R6-01A-11R-A41B-07,0.6987635846040169,1
TCGA-B8-4153-01B-11R-1672-07,0.6308303898536414,1
TCGA-BH-A0AY-01A-21R-A00Z-07,0.7175352935489402,1
TCGA-A1-A0SQ-01A-21R-A144-07,0.7349034303345622,1
TCGA-22-5477-01A-01R-1635-07,0.6788785833327325,1
TCGA-AA-A02K-01A-03R-A32Y-07,0.5859840205105769,1
TCGA-AA-3531-01A-01R-0821-07,0.5899359351990188,1
TCGA-85-8351-01A-11R-2296-07,0.5385869231027209,1
TCGA-R6-A8WG-01A-11R-A37I-31,0.6863473010062798,1
TCGA-2J-AABR-01A-11R-A41B-07,0.2066509390539209,1
TCGA-CJ-4884-01A-01R-1305-07,0.4215375466464334,1
TCGA-XV-A9W2-01A-11R-A39D-07,0.807168907443856,1
TCGA-DD-A11A-01A-11R-A131-07,0.5308856997583676,0
TCGA-38-4631-01A-01R-1755-07,0.8863417428787821,1
TCGA-V1-A8MM-01A-11R-A37L-07,0.6708316325160122,1
TCGA-13-0726-01A-01R-1564-13,0.7077553566176565,1
TCGA-HZ-8005-01A-11R-2204-07,0.8393394382213388,1
TCGA-BH-A18J-01A-11R-A12D-07,0.7239737941168558,1
TCGA-60-2708-01A-01R-0851-07,0.7339419187086095,1
TCGA-AO-A1KT-01A-11R-A13Q-07,0.5821530366019632,1
TCGA-A2-A3KC-01A-11R-A213-07,0.4932350350245946,1
TCGA-EJ-5498-01A-01R-1580-07,0.7761678116487019,1
TCGA-AO-A0JF-01A-11R-A056-07,0.5874358693793799,1
TCGA-E9-A1R6-01A-11R-A14D-07,0.6849337233724629,1
TCGA-A7-A0CD-01A-11R-A00Z-07,0.5382072521790647,0
TCGA-29-1699-01A-01R-1567-13,0.730591317064977,1
TCGA-CJ-6028-01A-11R-1672-07,0.7083175976656723,1
TCGA-24-1843-01A-01R-1567-13,0.6944324766015223,1
TCGA-AA-A01R-01A-21R-A083-07,0.7891270495949977,1
TCGA-G9-A9S0-01A-11R-A41O-07,0.821726735556131,1
TCGA-XV-AAZY-01A-12R-A40A-07,0.14715500068172563,0
TCGA-AK-3465-01A-02R-1325-07,0.9685190545036967,1
TCGA-AA-3812-01A-01R-0905-07,0.914404853512586,1
TCGA-77-A5GF-01A-21R-A27Q-07,0.4922027601064339,0
TCGA-HC-A4ZV-01A-11R-A26U-07,0.8962041544568236,1
TCGA-H9-7775-01A-11R-2118-07,0.4485209497203058,0
TCGA-60-2696-01A-01R-0851-07,0.6066676025944556,1
TCGA-13-0900-01B-01R-1565-13,0.7569798621371882,1
TCGA-85-8666-01A-11R-2403-07,0.473668752260938,1
TCGA-4H-AAAK-01A-12R-A41B-07,0.594795638560355,0
TCGA-BH-A0BC-01A-22R-A084-07,0.6677019591352032,0
TCGA-C8-A3M7-01A-12R-A21T-07,0.6111659227501709,0
TCGA-AR-A2LN-01A-21R-A18M-07,0.6306082411735817,1
TCGA-2Z-A9J5-01A-21R-A38C-07,0.4197527432131612,1
TCGA-AA-A01X-01A-21R-A083-07,0.8108221647119029,1
TCGA-C8-A134-01A-11R-A115-07,0.8561897615111115,1
TCGA-HV-A5A6-01A-11R-A26U-07,0.707554771828999,0
TCGA-D8-A140-01A-11R-A115-07,0.5337513338796733,1
TCGA-F9-A4JJ-01A-11R-A24Z-07,0.9340699063622069,1
TCGA-AR-A24O-01A-11R-A169-07,0.5441036940808376,1
TCGA-G3-AAUZ-01A-11R-A38B-07,0.5435828606102092,1
TCGA-63-A5MM-01A-11R-A26W-07,0.7063342717427342,1
TCGA-AN-A0FN-01A-11R-A034-07,0.6734720402830247,1
TCGA-GL-A59R-01A-11R-A26U-07,0.2665122058547139,1
TCGA-2H-A9GG-01A-11R-A37I-31,0.9261247898592789,1
TCGA-C8-A130-01A-31R-A115-07,0.6446247926698904,1
TCGA-2H-A9GF-01A-11R-A37I-31,0.8671524868897568,0
TCGA-55-5899-01A-11R-1628-07,0.7997441251726826,1
TCGA-B0-4713-01A-01R-1277-07,0.8402999920531814,1
TCGA-A8-A09Q-01A-11R-A00Z-07,0.6279697675147011,1
TCGA-VR-AA4D-01A-11R-A37I-31,0.782815625276669,0
TCGA-36-1578-01A-01R-1566-13,0.7647325111575379,1
TCGA-AR-A1AY-01A-21R-A12P-07,0.7708972790170306,1
TCGA-86-8278-01A-11R-2287-07,0.5649171367119421,0
TCGA-A2-A0YK-01A-22R-A109-07,0.5377625037923235,1
TCGA-78-7163-01A-12R-2066-07,0.8828796082779427,1
TCGA-A8-A06R-01A-11R-A00Z-07,0.6555122835351787,1
TCGA-HC-7752-01A-11R-2118-07,0.8863675718311493,1
TCGA-A8-A07J-01A-11R-A00Z-07,0.64938434720517,1
TCGA-HC-7749-01A-11R-2118-07,0.38103916464689236,0
TCGA-HC-A6HX-01A-11R-A31N-07,0.9004670886705729,1
TCGA-56-A4BW-01A-11R-A24H-07,0.6521202036457758,1
TCGA-BP-4162-01A-02R-1325-07,0.4120141205281698,1
TCGA-34-7107-01A-11R-1949-07,0.6806560032011029,1
TCGA-DD-AAE4-01A-11R-A41C-07,0.5383260416371788,1
TCGA-13-1510-01A-02R-1565-13,0.5642832476076607,1
TCGA-57-1585-01A-01R-1566-13,0.7189380561501152,1
TCGA-56-8305-01A-11R-2296-07,0.482869133022989,1
TCGA-CJ-4874-01A-01R-1305-07,0.36828861734707175,1
TCGA-B6-A0RH-01A-21R-A115-07,0.6974930572028486,0
TCGA-HZ-A77O-01A-11R-A33R-07,0.7332202281805916,1
TCGA-24-1463-01A-01R-1566-13,0.5737732452941549,1
TCGA-A8-A07S-01A-11R-A034-07,0.5360405706758774,1
TCGA-3C-AAAU-01A-11R-A41B-07,0.6137987691560856,1
TCGA-AO-A03M-01B-11R-A10J-07,0.6038166316062716,1
TCGA-73-4659-01A-01R-1206-07,0.6453085608769906,1
TCGA-CZ-5453-01A-01R-1503-07,0.5368237153411056,1
TCGA-94-8035-01A-11R-2247-07,0.6070887938878132,1
TCGA-39-5031-01A-01R-1443-07,0.6155098607582574,1
TCGA-75-5146-01A-01R-1628-07,0.5197425983036145,1
TCGA-YL-A8S8-01A-11R-A37L-07,0.7851699052725234,0
TCGA-77-A5G6-01A-11R-A27Q-07,0.559121973347712,1
TCGA-A7-A4SF-01A-11R-A266-07,0.7299105166002884,1
TCGA-EB-A553-01A-12R-A27Q-07,0.6687207967481026,1
TCGA-AA-3939-01A-01R-1022-07,0.6981456790516514,1
TCGA-E2-A14N-01A-31R-A137-07,0.801458023912839,1
TCGA-CJ-6030-01A-11R-1672-07,0.4818624938717494,1
TCGA-J4-A67M-01A-11R-A30B-07,0.7937572471948117,1
TCGA-BP-5198-01A-01R-1426-07,0.6873306710612404,1
TCGA-NK-A7XE-01A-12R-A405-07,0.7798386742613934,1
TCGA-HC-7209-01A-11R-2118-07,0.7155361036248294,1
TCGA-HZ-8315-01A-11R-2404-07,0.286477052020371,1
TCGA-86-8076-01A-31R-2241-07,0.5152866995475635,1
TCGA-A6-6650-01A-11R-A278-07,0.8351518482242115,1
TCGA-62-A46U-01A-11R-A24H-07,0.6176293864613811,1
TCGA-BH-A18U-01A-21R-A12D-07,0.5898729703389095,1
TCGA-55-6712-01A-11R-1858-07,0.5202372363389551,1
TCGA-BP-4761-01A-01R-1289-07,0.984893197901858,1
TCGA-D8-A1XK-01A-21R-A14M-07,0.7359932092311164,1
TCGA-63-A5MI-01A-12R-A27Q-07,0.520545157126867,1
TCGA-MP-A4TF-01A-11R-A262-07,0.6798345597531782,1
TCGA-DD-AACF-01A-11R-A41C-07,0.3971102791427456,1
TCGA-ZG-A9LZ-01A-11R-A41O-07,0.49817786775945755,1
TCGA-05-4250-01A-01R-1107-07,0.7256512609256905,1
TCGA-95-A4VP-01A-21R-A262-07,0.6914007421026543,1
TCGA-AA-3877-01A-01R-1022-07,0.5629942937658987,1
TCGA-AK-3426-01A-02R-1325-07,0.9119563109889735,1
TCGA-A3-3382-01A-02R-1325-07,0.614168584896262,1
TCGA-IC-A6RE-01A-11R-A336-31,0.7519354488831784,0
TCGA-A8-A08O-01A-21R-A056-07,0.5473909972673306,1
TCGA-B9-A5W7-01A-11R-A31O-07,0.3274263383065635,0
TCGA-33-A5GW-01A-11R-A27Q-07,0.5661541040346205,0
TCGA-G3-AAV7-01A-11R-A38B-07,0.8998339722000495,0
TCGA-5P-A9K8-01A-11R-A42S-07,0.8723743756602856,1
TCGA-BP-5007-01A-01R-1334-07,0.3274464948792588,0
TCGA-A3-3365-01A-01R-0864-07,0.5805480381669285,1
TCGA-44-7659-01A-11R-2066-07,0.4294109584568812,1
TCGA-61-2003-01A-01R-1568-13,0.7858574032949728,1
TCGA-D5-6898-01A-11R-1928-07,0.6289412192594878,1
TCGA-GM-A2DC-01A-11R-A18M-07,0.7489347968566068,1
TCGA-5P-A9KF-01A-11R-A42S-07,0.41492703432999944,1
TCGA-BP-4161-01A-02R-1325-07,0.28682496634931776,1
TCGA-36-1576-01A-01R-1566-13,0.7128756541554223,1
TCGA-DD-A4NK-01A-11R-A28V-07,0.34096217570719406,1
TCGA-CJ-4901-01A-01R-1426-07,0.7579809493571453,1
TCGA-MI-A75I-01A-11R-A32O-07,0.5270973444129939,1
TCGA-29-2414-01A-02R-1569-13,0.5342311939969131,0
TCGA-BH-A0GY-01A-11R-A056-07,0.48826336390204567,0
TCGA-97-8175-01A-11R-2287-07,0.5715834427993458,1
TCGA-AL-3472-01A-01R-1193-07,0.6445738896653401,1
TCGA-HZ-A77P-01A-11R-A33R-07,0.6611527827385038,1
TCGA-A3-3352-01A-01R-0864-07,0.3321077179761531,0
TCGA-A7-A26G-01A-21R-A169-07,0.7602670792505768,0
TCGA-AO-A0JC-01A-11R-A056-07,0.852240777173154,1
TCGA-AA-3875-01A-01R-0905-07,0.48336761148607815,1
TCGA-D8-A1JJ-01A-31R-A14M-07,0.6065966983478381,1
TCGA-Y6-A8TL-01A-21R-A37L-07,0.33787727461566786,0
TCGA-J4-A6G3-01A-11R-A311-07,0.6128631163796884,1
TCGA-13-0768-01A-01R-1569-13,0.7917370351232662,1
TCGA-A7-A6VW-01A-21R-A33J-07,0.7414971300997366,1
TCGA-J9-A8CP-01A-11R-A352-07,0.551052639865462,1
TCGA-P4-AAVK-01A-11R-A42S-07,0.3617452383689715,1
TCGA-B0-5709-01A-11R-1541-07,0.44660124298539056,1
TCGA-B6-A0RV-01A-11R-A084-07,0.5269255873192424,1
TCGA-AA-A01V-01A-23R-A083-07,0.6997303158608985,0
TCGA-G9-7510-01A-11R-2263-07,0.3338933448646969,0
TCGA-D8-A73U-01A-11R-A33J-07,0.8169081611791426,0
TCGA-DD-AAEK-01A-11R-A41C-07,0.6055943830678036,1
TCGA-B0-5698-01A-11R-1672-07,0.5739643514031793,1
TCGA-KC-A4BL-01A-31R-A250-07,0.5216806462740435,1
TCGA-EJ-A7NM-01A-21R-A33R-07,0.6730405235655504,1
TCGA-B2-5639-01A-01R-1541-07,0.6104387480736765,1
TCGA-BH-A8FZ-01A-11R-A352-07,0.6180157419391282,0
TCGA-22-5474-01A-01R-1635-07,0.5578984901873432,1
TCGA-E2-A1IL-01A-11R-A14D-07,0.4553187914706807,0
TCGA-D8-A1XV-01A-11R-A14M-07,0.576343911127773,1
TCGA-2Z-A9J3-01A-12R-A38C-07,0.6400831771031636,1
TCGA-L5-A4OP-01A-11R-A260-31,0.8010964990894147,1
TCGA-AO-A129-01A-21R-A10J-07,0.693539787085163,0
TCGA-B6-A0RL-01A-11R-A084-07,0.6642244969735519,1
TCGA-61-1743-01A-01R-1568-13,0.4897315527591634,1
TCGA-R6-A6Y0-01B-11R-A336-31,0.5067998300633586,1
TCGA-77-7463-01A-11R-2045-07,0.5857518166391874,1
TCGA-DD-AADW-01A-11R-A39D-07,0.9263450974009348,1
TCGA-AR-A1AP-01A-11R-A12P-07,0.6883331757967508,1
TCGA-A2-A25F-01A-11R-A169-07,0.7441156214787908,0
TCGA-AA-3862-01A-01R-1022-07,0.6239110424332031,1
TCGA-G4-6306-01A-11R-1774-07,0.6376643729799092,1
TCGA-EB-A3XC-01A-11R-A239-07,0.7547608841853509,0
TCGA-34-5927-01A-11R-1820-07,0.665852740998368,1
TCGA-AA-A017-01A-01R-A00A-07,0.5525655939533667,1
TCGA-A4-A5XZ-01A-11R-A31O-07,0.35522475329556374,1
TCGA-E2-A1LS-01A-12R-A157-07,0.721798870662228,1
TCGA-L5-A8NV-01A-11R-A37I-31,0.5919927985689688,1
TCGA-5P-A9KE-01A-11R-A42S-07,0.2337783820469639,0
TCGA-61-1724-01A-01R-1568-13,0.6782904643493032,1
TCGA-VR-A8EP-01A-31R-A406-31,0.5094134650874363,1
TCGA-YL-A8SL-01B-21R-A37L-07,0.9066366934663876,1
TCGA-G4-6310-01A-11R-1723-07,0.833586482744542,1
TCGA-G3-AAV2-01A-11R-A37K-07,0.4816791142813171,1
TCGA-OL-A5RV-01A-12R-A28M-07,0.6127998650733694,0
TCGA-KK-A8I6-01A-11R-A36G-07,0.32023821555691007,0
TCGA-BH-A0B6-01A-11R-A19W-07,0.6896770268489432,1
TCGA-G7-6789-01A-11R-1965-07,0.9176551773493884,1
TCGA-G9-A9S7-01A-11R-A41O-07,0.49668451506353195,0
TCGA-78-8640-01A-11R-2403-07,0.7792831172558253,1
TCGA-55-6971-01A-11R-1949-07,0.5930916835723798,1
TCGA-DD-AAW2-01A-11R-A41C-07,0.31144814366475915,1
TCGA-HV-A5A4-01A-11R-A26U-07,0.3547858030609405,1
TCGA-BP-4355-01A-01R-1289-07,0.6965285176082575,1
TCGA-R6-A8W5-01B-11R-A37I-31,0.6333061822942879,1
TCGA-CH-5752-01A-11R-1580-07,0.9307443459213989,1
TCGA-A7-A3RF-01A-11R-A22K-07,0.8336017644832165,1
TCGA-ED-A8O5-01A-11R-A36F-07,0.8620382747999384,1
TCGA-AA-3522-01A-01R-0821-07,0.7655638090494042,1
TCGA-ER-A42H-01A-11R-A24X-07,0.7794112765607344,1
TCGA-AL-3467-01A-02R-1351-07,0.9785375467460732,1
TCGA-55-8513-01A-11R-2403-07,0.5505545059007945,1
TCGA-AD-6901-01A-11R-1928-07,0.7461436405483867,0
TCGA-29-1694-01A-01R-1567-13,0.7233417327769717,0
TCGA-LN-A49V-01A-11R-A24K-31,0.827763565517337,1
TCGA-55-6968-01A-11R-1949-07,0.675378866770416,1
TCGA-A4-8517-01A-11R-2404-07,0.24663829390677952,1
TCGA-CZ-5461-01A-01R-1503-07,0.3883051254433334,1
TCGA-D8-A1XZ-01A-11R-A14M-07,0.6033466326320068,0
TCGA-AA-A00W-01A-01R-A002-07,0.387206790065819,1
TCGA-BP-4804-01A-02R-1305-07,0.5666960065707832,1
TCGA-OL-A66J-01A-11R-A29R-07,0.6326940433386534,1
TCGA-AY-4070-01A-01R-1113-07,0.8224240419219971,1
TCGA-V1-A8WW-01A-11R-A37L-07,0.8698320047790605,1
TCGA-B6-A40B-01A-11R-A239-07,0.7648776317890993,1
TCGA-LN-A49U-01A-31R-A260-31,0.39669329174154944,1
TCGA-AO-A03U-01B-21R-A10J-07,0.7952162988397143,1
TCGA-E2-A105-01A-11R-A10J-07,0.6955766730479752,1
TCGA-CW-6097-01A-11R-1672-07,0.6324039914035079,0
TCGA-2Y-A9GS-01A-12R-A38B-07,0.5896227253666689,1
TCGA-EW-A1J6-01A-11R-A13Q-07,0.6614114290728154,0
TCGA-E9-A1RD-01A-11R-A157-07,0.5653915620078656,1
TCGA-AD-A5EK-01A-11R-A28H-07,0.6753139090364727,1
TCGA-2K-A9WE-01A-11R-A38C-07,0.5818542729256639,1
TCGA-EJ-A7NF-01A-11R-A33R-07,0.39708671522456956,1
TCGA-61-1721-01A-01R-1569-13,0.9723806665732201,1
TCGA-BP-4346-01A-01R-1289-07,0.5651850550533319,1
TCGA-AA-3989-01A-01R-1022-07,0.47936683744301667,1
TCGA-61-1998-01A-01R-1568-13,0.6068719625346443,0
TCGA-05-4244-01A-01R-1107-07,0.6453328871287224,1
TCGA-B8-A54K-01A-11R-A33J-07,0.7252953969476715,1
TCGA-5R-AA1D-01A-11R-A38B-07,0.9206296942789117,1
TCGA-34-5928-01A-11R-1820-07,0.8077490082219257,1
TCGA-BH-A0HQ-01A-11R-A034-07,0.5232019802463721,1
TCGA-CM-4746-01A-01R-1410-07,0.7417226749478187,1
TCGA-50-6593-01A-11R-1755-07,0.4743148761718746,1
TCGA-DV-A4W0-01A-11R-A266-07,0.5038019501967822,1
TCGA-25-1634-01A-01R-1566-13,0.5381629353548789,0
TCGA-50-6597-01A-11R-1858-07,0.8637222765930157,1
TCGA-AY-A54L-01A-11R-A28H-07,0.510643545556088,0
TCGA-BP-4774-01A-01R-1289-07,0.5702142440855186,1
TCGA-66-2789-01A-01R-0980-07,0.7851963398670087,0
TCGA-DM-A1D4-01A-21R-A155-07,0.5188053926636754,1
TCGA-86-7701-01A-11R-2170-07,0.6418735194565857,1
TCGA-21-1076-01A-02R-0692-07,0.7869387493689417,1
TCGA-AR-A0TX-01A-11R-A084-07,0.6090079649416202,1
TCGA-23-1116-01A-01R-1564-13,0.729590572408149,1
TCGA-ZP-A9D0-01A-11R-A37K-07,0.49729027010060195,1
TCGA-CH-5743-01A-21R-1580-07,0.8773903021368709,0
TCGA-2A-AAYU-01A-11R-A41O-07,0.39584208135521226,1
TCGA-25-1323-01A-01R-1565-13,0.4050384460892355,1
TCGA-R6-A6Y2-01B-11R-A336-31,0.6333005172396903,1
TCGA-DD-A1EC-01A-21R-A131-07,0.9620633809222513,1
TCGA-E2-A1BC-01A-11R-A12P-07,0.5464849963182274,1
TCGA-DD-AADN-01A-11R-A41C-07,0.6549417794153901,1
TCGA-KK-A8ID-01A-11R-A36G-07,0.7439353353496724,1
TCGA-A2-A4RW-01A-21R-A266-07,0.6508313740930719,1
TCGA-56-7822-01A-11R-2125-07,0.6844319285401981,0
TCGA-O2-A52W-01A-11R-A26W-07,0.5614147749825157,1
TCGA-UL-AAZ6-01A-11R-A41B-07,0.7353284806657849,1
TCGA-YL-A8HO-01A-11R-A36G-07,0.5029868852107356,1
TCGA-13-0765-01A-01R-1564-13,0.6609327880106589,0
TCGA-55-6979-01A-11R-1949-07,0.6145545167288008,1
TCGA-IB-7888-01A-11R-2156-07,0.6712286468960035,1
TCGA-AQ-A54O-01A-11R-A266-07,0.8463056051357947,1
TCGA-HC-7744-01A-11R-2118-07,0.7016250039335428,1
TCGA-BP-4974-01A-01R-1334-07,0.558878612391042,1
TCGA-A3-3367-01A-02R-1420-07,0.3867359792541072,1
TCGA-2H-A9GO-01A-11R-A37I-31,0.8852771140791105,1
TCGA-EJ-5522-01A-01R-1580-07,0.785875354232822,1
TCGA-61-1919-01A-01R-1568-13,0.6106231132386909,1
TCGA-TP-A8TT-01A-12R-A41O-07,0.5421857492048605,1
TCGA-AN-A0FJ-01A-11R-A00Z-07,0.7992921137219943,1
TCGA-B0-5696-01A-11R-1541-07,0.5325603115983575,1
TCGA-CZ-4856-01A-02R-1426-07,0.2970663844344939,1
TCGA-A8-A075-01A-11R-A084-07,0.5191393019104301,0
TCGA-90-A4ED-01A-31R-A24Z-07,0.9212569942920512,1
TCGA-44-2657-01A-01R-1107-07,0.40374122358540265,0
TCGA-MP-A4TD-01A-32R-A262-07,0.6740233298617551,1
TCGA-XR-A8TG-01A-11R-A36F-07,0.7670975424389764,1
TCGA-33-4533-01A-01R-1201-07,0.7863811615187001,1
TCGA-55-8514-01A-11R-2403-07,0.732917475150484,1
TCGA-25-1316-01A-01R-1565-13,0.8268089100870991,1
TCGA-EB-A6R0-01A-12R-A32P-07,0.6011791988027261,1
TCGA-Y8-A8S1-01A-11R-A37K-07,0.8908985209503405,1
TCGA-B0-5120-01A-01R-1420-07,0.47194135663331493,1
TCGA-KR-A7K0-01A-12R-A33R-07,0.5489797106005986,0
TCGA-50-5944-01A-11R-1755-07,0.6132153541076761,1
TCGA-99-AA5R-01A-11R-A39D-07,0.7292030484499253,1
TCGA-CZ-5452-01A-01R-1503-07,0.7030154882910551,1
TCGA-XJ-A9DX-01A-11R-A37L-07,0.8948930955540499,0
TCGA-B6-A0IM-01A-11R-A034-07,0.5793011301858614,1
TCGA-61-2012-01A-01R-1568-13,0.7086965502371622,1
TCGA-2Z-A9J2-01A-11R-A38C-07,0.8426633257852337,1
TCGA-AC-A6NO-01A-12R-A33J-07,0.6180654515545783,1
TCGA-E9-A1N4-01A-11R-A14M-07,0.6392520064331141,1
TCGA-DZ-6134-01A-11R-1965-07,0.6251865253761998,1
TCGA-20-1685-01A-01R-1566-13,0.47582266150787395,0
TCGA-BH-A0AZ-01A-21R-A12P-07,0.6033663308457202,1
TCGA-55-7227-01A-11R-2039-07,0.49378140420220357,1
TCGA-34-5231-01A-21R-1820-07,0.5988915019510068,1
TCGA-DD-AAE2-01A-11R-A41C-07,0.5817781418627929,1
TCGA-AC-A62Y-01A-11R-A29R-07,0.6591660730180092,0
TCGA-A7-A425-01A-11R-A24H-07,0.8059532234039495,1
TCGA-AD-6548-01A-11R-1839-07,0.3983636966778884,1
TCGA-AC-A3W6-01A-12R-A22K-07,0.6267724219113241,0
TCGA-EB-A5UM-01A-11R-A311-07,0.6750034834125522,1
TCGA-EW-A6SA-01A-21R-A32P-07,0.6919304295965558,1
TCGA-64-5779-01A-01R-1628-07,0.6974678293767805,0
TCGA-DD-A114-01A-11R-A131-07,0.9655574861207107,1
TCGA-85-8052-01A-11R-2247-07,0.5949108588241925,1
TCGA-A2-A0T4-01A-31R-A084-07,0.5284417266045094,0
TCGA-DD-A3A2-01A-11R-A213-07,0.410795727135481,1
TCGA-E2-A1B4-01A-11R-A12P-07,0.7171163185342166,1
TCGA-HV-A5A3-01A-11R-A26U-07,0.7268218073085692,1
TCGA-78-7167-01A-11R-2066-07,0.6653513876430226,1
TCGA-85-8479-01A-11R-2326-07,0.7604044139479146,1
TCGA-XR-A8TE-01A-11R-A36F-07,0.7550795535036525,1
TCGA-BP-4971-01A-01R-1334-07,0.829864652204059,0
TCGA-EJ-7786-01A-11R-2118-07,0.4429059863184841,1
TCGA-25-1320-01A-01R-1565-13,0.6931173789366406,1
TCGA-E2-A15S-01A-11R-A115-07,0.5859144086902685,1
TCGA-D9-A3Z4-01A-11R-A239-07,0.8518957419272866,1
TCGA-98-A53D-01A-32R-A262-07,0.9653201806373414,1
TCGA-DW-7839-01A-11R-2139-07,0.8834554735022953,1
TCGA-86-8671-01A-11R-2403-07,0.6070929113079245,1
TCGA-B8-A54H-01A-11R-A33J-07,0.35527018091032153,1
TCGA-ZS-A9CF-01A-11R-A38B-07,0.7950985836399654,1
TCGA-50-5930-01A-11R-1755-07,0.5738766039884058,1
TCGA-73-4676-01A-01R-1755-07,0.5854206575966376,0
TCGA-2A-AAYF-01A-11R-A41O-07,0.4244297724522656,1
TCGA-G9-6366-01A-11R-2118-07,0.6833108439650482,1
TCGA-56-7582-01A-11R-2045-07,0.4968941894243176,1
TCGA-CJ-4916-01A-01R-1426-07,0.3929089148364281,1
TCGA-B2-3924-01A-02R-1325-07,0.492479678291232,1
TCGA-NJ-A55O-01A-11R-A262-07,0.52929357407168,1
TCGA-G3-A25V-01A-11R-A16W-07,0.4600643090495433,0
TCGA-A6-A567-01A-31R-A28H-07,0.6822368799994313,1
TCGA-55-7907-01A-11R-2170-07,0.6943734948517158,1
TCGA-E2-A1LA-01A-11R-A144-07,0.6475297288964795,1
TCGA-97-A4M5-01A-11R-A24X-07,0.6109794087516985,1
TCGA-CA-6716-01A-11R-1839-07,0.7674603871794764,1
TCGA-66-2756-01A-01R-0851-07,0.7844199309005386,0
TCGA-69-7763-01A-11R-2170-07,0.5647818245978746,0
TCGA-FV-A3I1-01A-11R-A22L-07,0.6104283311501243,1
TCGA-A4-A48D-01A-11R-A24Z-07,0.5866643199892035,1
TCGA-30-1892-01A-01R-1568-13,0.7633022017616888,1
TCGA-S2-AA1A-01A-12R-A39D-07,0.6665313423211713,1
TCGA-AN-A0XT-01A-11R-A109-07,0.5610000509935531,1
TCGA-60-2726-01A-01R-0851-07,0.7449293572172032,1
TCGA-63-A5MV-01A-21R-A26W-07,0.6062894754248442,1
TCGA-HC-A6AL-01A-11R-A30B-07,0.732298635368666,1
TCGA-24-1560-01A-01R-1566-13,0.6604623639527498,0
TCGA-A2-A0EU-01A-22R-A056-07,0.5977910808006844,1
TCGA-KK-A7AP-01A-12R-A33R-07,0.8494750275717764,1
TCGA-44-6146-01A-11R-A278-07,0.7472507419872557,1
TCGA-62-A472-01A-11R-A24H-07,0.7387259496264272,1
TCGA-56-8622-01A-11R-2403-07,0.8537943101934712,1
TCGA-B0-4819-01A-01R-1277-07,0.7564857545314974,1
TCGA-BP-5176-01A-01R-1426-07,0.4282087090177847,1
TCGA-63-A5MP-01A-11R-A26W-07,0.576983086743797,0
TCGA-XK-AAK1-01A-11R-A41O-07,0.6313418732855658,1
TCGA-78-7158-01A-11R-2039-07,0.7562463093429811,1
TCGA-AA-3678-01A-01R-0905-07,0.47485387964683734,1
TCGA-HI-7171-01A-12R-2118-07,0.662900844119714,1
TCGA-LN-A4A2-01A-31R-A260-31,0.33803684166480114,1
TCGA-D8-A1JE-01A-11R-A13Q-07,0.6450064438880003,1
TCGA-B8-5552-01B-11R-1672-07,0.4093557149166806,1
TCGA-A8-A09V-01A-11R-A034-07,0.5251218721743184,0
TCGA-HZ-A49H-01A-11R-A26U-07,0.5266506003395762,1
TCGA-IG-A97I-01A-11R-A38D-31,0.43692289733314016,1
TCGA-D8-A1JT-01A-31R-A13Q-07,0.6828146136216384,1
TCGA-BP-4782-01A-02R-1420-07,0.34560705273428066,1
TCGA-A2-A0CQ-01A-21R-A034-07,0.6644929705044533,1
TCGA-G3-A25U-01A-11R-A16W-07,0.8079887605988633,1
TCGA-BQ-7055-01A-11R-1965-07,0.9666055690984326,1
TCGA-37-A5EM-01A-21R-A27Q-07,0.6551704019276267,1
TCGA-NC-A5HG-01A-11R-A26W-07,0.6764222804971095,1
TCGA-13-1495-01A-01R-1565-13,0.5758787570543029,1
TCGA-AK-3431-01A-02R-1277-07,0.6527924512512355,1
TCGA-85-8049-01A-11R-2247-07,0.6103399317080789,1
TCGA-UZ-A9PP-01A-11R-A42S-07,0.44431452932902243,1
TCGA-DD-AAE9-01A-11R-A41C-07,0.4534667725336512,1
TCGA-D5-5537-01A-21R-1928-07,0.34109551656439197,0
TCGA-VP-A879-01A-11R-A352-07,0.2723214544218551,0
TCGA-C8-A1HM-01A-12R-A137-07,0.7369397447382261,0
TCGA-A3-3316-01A-01R-0864-07,0.6880411469161547,1
TCGA-DW-7840-01A-11R-A32Z-07,0.41397140913362834,1
TCGA-D5-6927-01A-21R-1928-07,0.41722320281871056,1
TCGA-A6-2671-01A-01R-1410-07,0.5210867057729124,1
TCGA-61-1918-01A-01R-1568-13,0.4485575075534519,0
TCGA-FV-A3R3-01A-11R-A22L-07,0.8210595252262102,1
TCGA-F9-A7VF-01A-11R-A33Z-07,0.6569842184422205,1
TCGA-L7-A6VZ-01A-12R-A336-31,0.5788970570070884,0
TCGA-AA-3526-01A-02R-A32Z-07,0.47808060185309864,1
TCGA-56-8626-01A-11R-2403-07,0.6912079930794073,1
TCGA-DD-A3A1-01A-11R-A213-07,0.4296593147789996,1
TCGA-YL-A8SR-01B-11R-A37L-07,0.5600466248191802,1
TCGA-B0-4848-01A-01R-1277-07,0.5157271294624785,1
TCGA-55-6969-01A-11R-1949-07,0.6003997791323008,1
TCGA-2A-A8VL-01A-21R-A37L-07,0.4542684421554233,1
TCGA-24-1422-01A-01R-1565-13,0.687270229062454,1
TCGA-A3-3370-01A-02R-1420-07,0.34344433366671473,1
TCGA-EW-A2FW-01A-11R-A17B-07,0.7513633222711769,1
TCGA-BH-A0BL-01A-11R-A115-07,0.634802432160686,1
TCGA-AA-A010-01A-01R-A089-07,0.5568369411909037,1
TCGA-AA-3664-01A-01R-0905-07,0.561498917363432,0
TCGA-GN-A26C-01A-11R-A18T-07,0.9460442677088715,1
TCGA-85-8354-01A-31R-2326-07,0.6635439151014609,1
TCGA-A3-3373-01A-02R-1420-07,0.47710847075455176,1
TCGA-30-1891-01A-01R-1568-13,0.6321393594036449,1
TCGA-HC-7078-01A-11R-2118-07,0.39993885874097446,1
TCGA-FC-A66V-01A-21R-A30B-07,0.8737945827876292,1
TCGA-A3-3324-01A-02R-1325-07,0.3876223926119468,1
TCGA-S3-AA10-01A-21R-A41B-07,0.8429338925602776,1
TCGA-53-7813-01A-11R-2170-07,0.6990582508566628,1
TCGA-EW-A1P3-01A-11R-A144-07,0.6181044230199543,1
TCGA-BF-A3DN-01A-11R-A20F-07,0.7571360198633071,1
TCGA-22-4596-01A-01R-1201-07,0.8912275412789327,1
TCGA-G4-6297-01A-11R-1723-07,0.7027670211632009,1
TCGA-05-4422-01A-01R-1206-07,0.7073495181054363,1
TCGA-67-3773-01A-01R-0946-07,0.726985525200002,1
TCGA-75-7025-01A-12R-1949-07,0.4421483475501348,0
TCGA-BH-A18I-01A-11R-A12D-07,0.45265889105731494,0
TCGA-E9-A54Y-01A-11R-A466-07,0.8829382892050137,1
TCGA-BP-4758-01A-01R-1289-07,0.586516463616323,1
TCGA-LN-A9FO-01A-11R-A38D-31,0.5550985392251524,1
TCGA-10-0936-01A-01R-1564-13,0.6009737272614541,0
TCGA-DD-AACP-01A-11R-A41C-07,0.781832864940987,1
TCGA-NH-A5IV-01A-42R-A37K-07,0.7072698137468859,1
TCGA-44-6777-01A-11R-1858-07,0.633902951637028,1
TCGA-71-8520-01A-11R-2403-07,0.6888233884246804,1
TCGA-A8-A07I-01A-11R-A00Z-07,0.6100992493071415,1
TCGA-CC-A3M9-01A-11R-A213-07,0.9947436441567649,1
TCGA-AN-A0AK-01A-21R-A00Z-07,0.6883919568356267,1
TCGA-BP-5174-01A-01R-1426-07,0.589174064130279,1
TCGA-71-6725-01A-11R-1858-07,0.6924692772295042,1
TCGA-25-1623-01A-01R-1566-13,0.749355209376162,1
TCGA-KK-A6E1-01A-11R-A311-07,0.823283977721699,1
TCGA-AR-A0TQ-01A-11R-A084-07,0.6646623028262567,1
TCGA-50-5946-01A-11R-1755-07,0.7305126858634595,1
TCGA-A4-8312-01A-11R-2404-07,0.7938902644366044,1
TCGA-FC-7961-01A-11R-A29R-07,0.8205140906886611,1
TCGA-AA-A01G-01A-01R-A002-07,0.4343288590915855,1
TCGA-C8-A12Q-01A-11R-A115-07,0.727489839582421,1
TCGA-HV-A5A5-01A-11R-A26U-07,0.1162606577225387,1
TCGA-BP-4987-01A-01R-1334-07,0.3990231010714528,0
TCGA-24-1564-01A-01R-1566-13,0.802324990107492,1
TCGA-EJ-7788-01A-11R-2118-07,0.5130552343405519,0
TCGA-O9-A75Z-01A-11R-A33Z-07,0.4462902666304948,1
TCGA-36-1574-01A-01R-1566-13,0.6881515269116087,1
TCGA-21-1070-01A-01R-0692-07,0.6926725770973063,1
TCGA-BP-4976-01A-01R-1334-07,0.37224215625828855,1
TCGA-A7-A0CJ-01A-21R-A00Z-07,0.6121612445635481,1
TCGA-13-1501-01A-01R-1565-13,0.6263500019811633,1
TCGA-CZ-5469-01A-01R-1503-07,0.8921500917449853,1
TCGA-29-1776-01A-01R-1567-13,0.6293893002075296,1
TCGA-75-6214-01A-41R-1949-07,0.8194165906746612,1
TCGA-55-8619-01A-11R-2403-07,0.6145657444120244,1
TCGA-A4-A6HP-01A-11R-A31O-07,0.44010635009698845,0
TCGA-LG-A6GG-01A-11R-A311-07,0.5252395173272524,1
TCGA-CC-A9FW-01A-11R-A37K-07,0.7349339699913667,1
TCGA-EJ-7781-01A-11R-2118-07,0.7320041763301322,1
TCGA-05-5420-01A-01R-1628-07,0.8203381094563184,1
TCGA-EW-A3U0-01A-11R-A22K-07,0.771276560541839,1
TCGA-61-2002-01A-01R-1568-13,0.6593449451263834,1
TCGA-B0-4841-01A-01R-1277-07,0.8975380466981648,1
TCGA-CJ-4885-01A-01R-1305-07,0.6218565758328465,1
TCGA-AQ-A7U7-01A-22R-A352-07,0.6998031023102385,1
TCGA-VN-A88P-01A-11R-A352-07,0.5072261570019353,1
TCGA-XX-A899-01A-11R-A36F-07,0.7709840310701568,1
TCGA-E2-A14X-01A-11R-A115-07,0.6975320574165581,1
TCGA-E2-A14U-01A-11R-A22K-07,0.6516439078738654,0
TCGA-CJ-6031-01A-11R-1672-07,0.4122305314803178,1
TCGA-38-4627-01A-01R-1206-07,0.6461583780599796,1
TCGA-V1-A9OT-01A-11R-A41O-07,0.8633027624856568,1
TCGA-VR-A8ET-01A-11R-A406-31,0.7475222857345961,1
TCGA-A2-A1G6-01A-11R-A13Q-07,0.6905489330210944,1
TCGA-B0-5110-01A-01R-1420-07,0.4889114353244047,1
TCGA-A4-7585-01A-11R-2139-07,0.7882868272281007,1
TCGA-F2-7276-01A-11R-2156-07,0.36905304499705366,1
TCGA-BP-5168-01A-01R-1420-07,0.3842152445010286,0
TCGA-D5-6540-01A-11R-1723-07,0.7149049803240364,1
TCGA-A6-6652-01A-11R-1774-07,0.7302149104359742,1
TCGA-96-8170-01A-11R-2296-07,0.5925208768863938,0
TCGA-36-1577-01A-01R-1566-13,0.7193935013232823,1
TCGA-44-8120-01A-11R-2241-07,0.587699540713181,1
TCGA-D5-6532-01A-11R-1723-07,0.509757514345678,1
TCGA-AR-A2LK-01A-11R-A180-07,0.46529729106829093,1
TCGA-B6-A0X7-01A-11R-A10J-07,0.5408715040192255,1
TCGA-DD-AADQ-01A-11R-A41C-07,0.35642531119436144,1
TCGA-24-1416-01A-01R-1565-13,0.566967992443266,1
TCGA-53-7626-01A-12R-2066-07,0.4836087729697664,1
TCGA-G9-6370-01A-11R-1789-07,0.6492347079646641,1
TCGA-A2-A0CX-01A-21R-A00Z-07,0.5335078215580548,1
TCGA-G9-6498-01A-12R-A311-07,0.9282624981768095,1
TCGA-EB-A24D-01A-11R-A18T-07,0.69669907845523,1
TCGA-P4-A5EB-01A-11R-A28H-07,0.3699416939196476,1
TCGA-55-6970-01A-11R-1949-07,0.6873872765082155,1
TCGA-AD-6963-01A-11R-1928-07,0.48702140068048505,1
TCGA-97-A4M3-01A-11R-A24X-07,0.4635904280251598,1
TCGA-23-2084-01A-02R-1568-13,0.5925138550894866,1
TCGA-E9-A228-01A-31R-A157-07,0.6444459198399669,1
TCGA-BF-A5EQ-01A-21R-A27Q-07,0.6318301648846381,1
TCGA-43-6773-01A-41R-1949-07,0.7158173142755866,1
TCGA-S3-AA17-01A-11R-A41B-07,0.6982184047614691,1
TCGA-D8-A143-01A-11R-A115-07,0.7798711193109523,1
TCGA-2Y-A9H7-01A-11R-A39D-07,0.48790764301392026,1
TCGA-91-6849-01A-11R-1949-07,0.5240812079364823,1
TCGA-B0-4818-01A-01R-1503-07,0.38446537347713905,1
TCGA-DM-A280-01A-12R-A16W-07,0.4684482378193608,1
TCGA-EW-A1PH-01A-11R-A14M-07,0.7297511967807007,1
TCGA-VN-A88R-01A-11R-A36G-07,0.7585000924722637,1
TCGA-91-6829-01A-21R-1858-07,0.70068727410429,1
TCGA-30-1857-01A-02R-1569-13,0.5624086946424024,1
TCGA-V1-A8WS-01A-11R-A37L-07,0.6188012562099781,0
TCGA-D8-A27H-01A-11R-A16F-07,0.8185641215092199,1
TCGA-56-8304-01A-11R-2326-07,0.5523229107707017,1
TCGA-43-5670-01A-21R-2125-07,0.7487886006446918,1
TCGA-OL-A66P-01A-11R-A31O-07,0.9026470896359834,1
TCGA-78-7150-01A-21R-2039-07,0.7414453649729172,1
TCGA-C8-A12L-01A-11R-A115-07,0.7071164400339115,0
TCGA-IB-AAUT-01A-11R-A37L-07,0.34541178258226857,1
TCGA-B6-A0IN-01A-11R-A034-07,0.8048883204343886,1
TCGA-O8-A75V-01A-11R-A32O-07,0.49207935184512996,1
TCGA-DD-AAE6-01A-11R-A41C-07,0.6117975290105169,1
TCGA-L5-A8NR-01A-11R-A37I-31,0.595868431808436,1
TCGA-KK-A8IG-01A-11R-A36G-07,0.49064312719212366,1
TCGA-L9-A8F4-01A-11R-A39D-07,0.7329458590484221,1
TCGA-13-0887-01A-01R-1564-13,0.6546374948564303,1
TCGA-BH-A1FR-01A-11R-A13Q-07,0.6410694042277889,1
TCGA-BP-4981-01A-01R-1334-07,0.6858655445667864,1
TCGA-DV-5574-01A-01R-1541-07,0.5155972877747611,1
TCGA-AA-3696-01A-01R-0905-07,0.7316442610143321,0
TCGA-DD-A115-01A-11R-A131-07,0.5837647270059817,1
TCGA-98-A53B-01A-11R-A262-07,0.5046090899541461,1
TCGA-FB-A5VM-01A-11R-A32O-07,0.9616352001927276,1
TCGA-AK-3425-01A-02R-1277-07,0.5976927283329247,1
TCGA-CW-5581-01A-02R-1541-07,0.42969649591961323,1
TCGA-5P-A9K4-01A-11R-A42S-07,0.447701095950548,1
TCGA-HE-A5NK-01A-11R-A26U-07,0.8254558313663484,1
TCGA-B9-A8YI-01A-21R-A37K-07,0.6802532742752967,1
TCGA-HZ-8001-01A-11R-2204-07,0.6048559804543792,1
TCGA-AC-A2FF-01A-11R-A17B-07,0.6105421176630413,1
TCGA-EJ-5512-01A-01R-1580-07,0.3949066760644844,1
TCGA-68-8251-01A-11R-2296-07,0.6751818661652694,1
TCGA-C8-A27B-01A-11R-A169-07,0.7802591730387083,1
TCGA-GF-A769-01A-32R-A32P-07,0.8863403356441734,1
TCGA-ZP-A9CZ-01A-11R-A38B-07,0.40072198246955476,0
TCGA-24-1845-01A-01R-1567-13,0.6660077160092176,1
TCGA-29-A5NZ-01A-11R-A406-31,0.8693637596650813,1
TCGA-5P-A9KC-01A-11R-A42S-07,0.8834303157734597,1
TCGA-ZG-A9LY-01A-11R-A41O-07,0.4428917038709337,1
TCGA-13-0890-01A-01R-1564-13,0.6966571980792792,0
TCGA-EW-A1J3-01A-11R-A13Q-07,0.5288962384022254,1
TCGA-ED-A4XI-01A-11R-A266-07,0.50808662336892,0
TCGA-23-1027-01A-02R-1564-13,0.5694549330335477,1
TCGA-A2-A0CV-01A-31R-A115-07,0.6262379840563009,1
TCGA-B0-5703-01A-11R-1541-07,0.6159419104663196,0
TCGA-BH-A18P-01A-11R-A12D-07,0.49092219437441725,0
TCGA-60-2703-01A-11R-2045-07,0.5290841172657564,0
TCGA-DD-AAD6-01A-11R-A41C-07,0.810708335264188,1
TCGA-5P-A9KA-01A-11R-A42S-07,0.5538610573271752,1
TCGA-IB-7652-01A-11R-2156-07,0.631851240677314,1
TCGA-97-A4M0-01A-11R-A24X-07,0.6855308768778277,1
TCGA-LN-A4A9-01A-11R-A28J-31,0.5801327479659344,1
TCGA-58-A46M-01A-11R-A24H-07,0.5959239920909186,1
TCGA-DD-AADM-01A-11R-A41C-07,0.37348701138582796,1
TCGA-K7-A6G5-01A-11R-A311-07,0.251659164760593,0
TCGA-55-8204-01A-11R-2241-07,0.8047052628528516,1
TCGA-B4-5834-01A-11R-1672-07,0.4303156434834476,1
TCGA-69-7764-01A-11R-2170-07,0.6915831550360595,1
TCGA-A3-3380-01A-01R-0864-07,0.29734625082577454,0
TCGA-MF-A522-01A-11R-A262-07,0.5815263798066791,1
TCGA-FB-AAPY-01A-11R-A41B-07,0.5439183680716202,1
TCGA-HC-8260-01A-11R-2263-07,0.34614721175698004,1
TCGA-35-3615-01A-01R-0946-07,0.5373143374203553,0
TCGA-BF-AAOX-01A-11R-A39D-07,0.46148455091285,1
TCGA-49-4510-01A-01R-1206-07,0.7025411396984755,0
TCGA-55-7726-01A-11R-2170-07,0.8450254980288764,1
TCGA-D5-6536-01A-11R-1723-07,0.8927286163380797,1
TCGA-43-A56U-01A-11R-A26W-07,0.712923135879682,1
TCGA-EP-A3JL-01A-11R-A213-07,0.4954322449728878,1
TCGA-HC-8258-01A-11R-2263-07,0.4206541980554042,1
TCGA-Z6-A9VB-01A-21R-A37I-31,0.3910172910791373,0
TCGA-V1-A9O5-01A-11R-A41O-07,0.9553868029444572,0
TCGA-77-8146-01A-11R-2247-07,0.575361389946091,1
TCGA-EU-5906-01A-11R-1672-07,0.3889526860753374,1
TCGA-34-2608-01A-02R-0851-07,0.5161679716652599,0
TCGA-LD-A7W6-01A-81R-A352-07,0.5432588236815796,1
TCGA-B8-4143-01A-01R-1188-07,0.9149510850536484,1
TCGA-BQ-5883-01A-11R-1592-07,0.9505809527846524,1
TCGA-V5-AASV-01A-11R-A38D-31,0.5317698231191046,0
TCGA-A7-A0D9-01A-31R-A056-07,0.6490217281379417,1
TCGA-A6-2676-01A-01R-0826-07,0.5890114298053853,1
TCGA-DM-A1D7-01A-11R-A155-07,0.6300567722704598,1
TCGA-B6-A3ZX-01A-11R-A239-07,0.8316391774200166,1
TCGA-05-4402-01A-01R-1206-07,0.5663017369616037,1
TCGA-AA-3555-01A-01R-0821-07,0.624314793790479,1
TCGA-G3-A7M7-01A-12R-A352-07,0.5796613760692471,1
TCGA-A3-3351-01A-02R-1325-07,0.27526453578724114,0
TCGA-EB-A4IQ-01A-12R-A266-07,0.5538758706921735,1
TCGA-CJ-4907-01A-01R-1426-07,0.3396241307386574,0
TCGA-B8-5163-01A-01R-1420-07,0.7397623403193228,1
TCGA-AQ-A1H3-01A-31R-A13Q-07,0.4522081339117121,1
TCGA-52-7811-01A-11R-2125-07,0.5182684236442617,1
TCGA-AR-A250-01A-31R-A169-07,0.5557953455777098,1
TCGA-J9-A8CK-01A-11R-A352-07,0.5016043060192137,1
TCGA-A2-A04U-01A-11R-A115-07,0.8368198996622861,1
TCGA-77-6843-01A-11R-1949-07,0.7236938230820217,1
TCGA-EW-A6SD-01A-12R-A33J-07,0.636283540335448,0
TCGA-BH-A0B5-01A-11R-A12P-07,0.5586485777204788,0
TCGA-29-2425-01A-01R-1569-13,0.482359685295412,1
TCGA-AA-3972-01A-01R-1022-07,0.4210857516551403,1
TCGA-B6-A0IK-01A-12R-A056-07,0.7297069550524266,1
TCGA-V1-A8MJ-01A-11R-A36G-07,0.5663325888256027,1
TCGA-B0-5707-01A-11R-1541-07,0.9262340689233887,0
TCGA-13-1409-01A-01R-1565-13,0.5960189015701669,0
TCGA-HC-7817-01B-11R-A29R-07,0.6107293030086928,1
TCGA-LN-A4MR-01A-11R-A28J-31,0.6101737348460808,1
TCGA-CM-4747-01A-01R-1410-07,0.8149022136540617,1
TCGA-BP-5192-01A-01R-1426-07,0.3818177195486756,0
TCGA-CC-A7IF-01A-11R-A33J-07,0.6795537200092351,1
TCGA-75-6212-01A-11R-1755-07,0.5661007075599366,1
TCGA-61-2095-01A-01R-1568-13,0.9021951660724224,1
TCGA-BP-4992-01A-01R-1334-07,0.9616442242200767,1
TCGA-KK-A6E7-01A-11R-A31N-07,0.8654704061780295,0
TCGA-24-1469-01A-01R-1566-13,0.550132622640763,1
TCGA-DD-A73B-01A-12R-A32O-07,0.6386591668468615,1
TCGA-LN-A9FQ-01A-31R-A38D-31,0.4549987795492981,1
TCGA-J2-A4AG-01A-11R-A24H-07,0.5084960568702569,1
TCGA-G6-A8L8-01A-21R-A37O-07,0.834614661581135,1
TCGA-A2-A0CS-01A-11R-A115-07,0.580021206268362,1
TCGA-DD-AACA-01A-11R-A41C-07,0.7056032636085394,1
TCGA-A2-A0CZ-01A-11R-A034-07,0.7424685728315831,1
TCGA-23-1110-01A-01R-1564-13,0.43247433699842536,0
TCGA-E2-A150-01A-11R-A12D-07,0.7672295613951263,1
TCGA-A6-6142-01A-11R-1774-07,0.8085413650765546,1
TCGA-AO-A124-01A-11R-A10J-07,0.8104651834867083,1
TCGA-NC-A5HJ-01A-11R-A26W-07,0.812130432389763,1
TCGA-85-8352-01A-31R-2326-07,0.8542949994660101,1
TCGA-B8-5545-01A-01R-1672-07,0.36823328284859774,1
TCGA-DD-A118-01A-11R-A131-07,0.5915001903082989,0
TCGA-NJ-A4YP-01A-11R-A262-07,0.5722532538466084,1
TCGA-94-7557-01A-11R-2125-07,0.5765757154996531,1
TCGA-78-7156-01A-11R-2039-07,0.7980564780243138,1
TCGA-BH-A0HP-01A-12R-A084-07,0.6464560542486473,1
TCGA-B1-A656-01A-11R-A31O-07,0.8621137956677297,1
TCGA-39-5037-01A-01R-1443-07,0.6604043711238428,1
TCGA-CJ-4892-01A-01R-1305-07,0.49943200375847524,1
TCGA-55-1592-01A-01R-0946-07,0.5480210969608932,1
TCGA-E2-A1L7-01A-11R-A144-07,0.680407790052013,1
TCGA-49-4512-01A-21R-1858-07,0.7104154883490621,0
TCGA-A1-A0SH-01A-11R-A084-07,0.6008110393173648,1
TCGA-G9-6339-01A-12R-A311-07,0.5780087205261992,1
TCGA-67-3771-01A-01R-0946-07,0.7025396932535575,1
TCGA-J7-6720-01A-11R-2139-07,0.599788595584847,1
TCGA-C8-A12O-01A-11R-A115-07,0.6093596772594947,1
TCGA-CH-5741-01A-11R-1580-07,0.6657872467769367,1
TCGA-EJ-A8FU-01A-11R-A36G-07,0.41264393345494826,1
TCGA-B0-4849-01A-01R-1277-07,0.49267156090627084,1
TCGA-HC-A76W-01A-11R-A33R-07,0.5213968452589337,1
TCGA-CC-A8HT-01A-11R-A36F-07,0.7471596624176959,0
TCGA-G4-6320-01A-11R-1723-07,0.7409079770242434,1
TCGA-BP-4763-01A-01R-1289-07,0.6688461516367624,1
TCGA-A8-A097-01A-11R-A034-07,0.5418514238779314,1
TCGA-73-4662-01A-01R-1206-07,0.5661343387856705,1
TCGA-RC-A7SH-01A-11R-A38B-07,0.6874664758235526,1
TCGA-09-1661-01B-01R-1566-13,0.7578126451952909,1
TCGA-66-2766-01A-01R-0851-07,0.567957891981911,1
TCGA-A2-A3XZ-01A-42R-A239-07,0.7072155239170664,0
TCGA-36-1581-01A-01R-1566-13,0.8905535187046533,1
TCGA-CH-5789-01A-11R-1580-07,0.805454475937124,1
TCGA-BH-A1F0-01A-11R-A137-07,0.7998935166972814,1
TCGA-91-6847-01A-11R-1949-07,0.8305150092529765,0
TCGA-52-7809-01A-21R-2125-07,0.6925704495044525,1
TCGA-BD-A3ER-01A-11R-A213-07,0.4732921270422676,1
TCGA-13-1511-01A-01R-1565-13,0.7715976351312248,1
TCGA-21-1079-01A-01R-0692-07,0.6654139093276596,1
TCGA-BH-A18V-01A-11R-A12D-07,0.7261932542547458,1
TCGA-F4-6569-01A-11R-1774-07,0.7454699159237919,1
TCGA-66-2781-01A-01R-0851-07,0.447161947846679,1
TCGA-G3-A5SK-01A-11R-A27V-07,0.6423440217199965,1
TCGA-AC-A62V-01A-11R-A31O-07,0.7971429858753484,1
TCGA-BP-5195-01A-02R-1426-07,0.34483531683112145,1
TCGA-A8-A0A1-01A-11R-A00Z-07,0.5629151907379182,1
TCGA-38-4629-01A-02R-1206-07,0.8152250948156019,1
TCGA-AC-A5EH-01A-11R-A28M-07,0.6924984576001327,1
TCGA-M7-A721-01A-12R-A32O-07,0.44121157699857755,1
TCGA-23-1028-01A-01R-1564-13,0.5525066726288286,1
TCGA-AZ-5407-01A-01R-1723-07,0.5364412904612409,1
TCGA-56-8625-01A-11R-2403-07,0.7456057353161222,1
TCGA-NC-A5HM-01A-12R-A26W-07,0.6562598020726849,1
TCGA-58-A46L-01A-11R-A24H-07,0.4700930310159954,0
TCGA-B6-A0IH-01A-11R-A115-07,0.6974732104182556,1
TCGA-77-A5FZ-01A-31R-A27Q-07,0.9497358047148879,1
TCGA-CK-4947-01B-11R-1653-07,0.6429856310452581,1
TCGA-AC-A2QI-01A-12R-A19W-07,0.5746812569549594,1
TCGA-G3-AAV4-01A-11R-A38B-07,0.47958709503520836,1
TCGA-93-7347-01A-11R-2187-07,0.5735438147966475,1
TCGA-LL-A73Z-01A-11R-A32P-07,0.731858236281481,1
TCGA-AC-A2BK-01A-11R-A21T-07,0.7860470104162884,0
TCGA-25-1315-01A-01R-1565-13,0.5527315002447084,1
TCGA-A2-A0T2-01A-11R-A084-07,0.8855169693554856,1
TCGA-P4-A5E7-01A-31R-A28H-07,0.5672726521045651,0
TCGA-E2-A574-01A-11R-A29R-07,0.866190440856106,0
TCGA-09-2051-01A-01R-1568-13,0.6100143426263984,1
TCGA-S3-A6ZH-01A-22R-A32P-07,0.48272454714809343,0
TCGA-AA-3548-01A-01R-1873-07,0.5580126495171117,1
TCGA-B9-A8YH-01A-11R-A37K-07,0.2672253868848284,0
TCGA-AA-3971-01A-01R-1022-07,0.38242173994568585,0
TCGA-BP-5169-01A-01R-1426-07,0.9460190549325418,1
TCGA-A2-A3XW-01A-11R-A239-07,0.8794831608751308,0
TCGA-AU-3779-01A-01R-1723-07,0.6574843495062447,1
TCGA-21-1071-01A-01R-0692-07,0.5421840959999462,1
TCGA-2L-AAQE-01A-11R-A39D-07,0.6446228924959937,1
TCGA-78-7143-01A-11R-2039-07,0.5485650720994361,1
TCGA-CM-5863-01A-21R-1839-07,0.7800962568810126,1
TCGA-85-8288-01A-11R-2296-07,0.5605264176545733,1
TCGA-CC-5259-01A-31R-A213-07,0.744840820583171,1
TCGA-22-5480-01A-01R-1635-07,0.7754728181318671,1
TCGA-DW-7963-01B-11R-A28H-07,0.36309663252233537,0
TCGA-A1-A0SN-01A-11R-A144-07,0.5500395402706526,1
TCGA-V1-A8X3-01A-11R-A37L-07,0.4141075251190015,1
TCGA-E9-A22D-01A-11R-A157-07,0.533791563738065,1
TCGA-B0-5075-01A-01R-1334-07,0.5374774283975442,1
TCGA-AK-3433-01A-02R-1277-07,0.9789353151473209,1
TCGA-BP-4331-01A-01R-1289-07,0.4117999817122886,0
TCGA-ES-A2HT-01A-12R-A180-07,0.4464720972390023,1
TCGA-29-1766-01A-01R-1567-13,0.5846370507508359,1
TCGA-HZ-7926-01A-11R-2156-07,0.48902682050560325,1
TCGA-4L-AA1F-01A-11R-A41O-07,0.968981504065083,1
TCGA-Q2-A5QZ-01A-11R-A28H-07,0.9609915108351945,0
TCGA-49-4490-01A-21R-1858-07,0.7165709867236302,1
TCGA-2Y-A9H2-01A-12R-A38B-07,0.9702694668367382,1
TCGA-24-1923-01A-01R-1567-13,0.7555273414938182,1
TCGA-22-4595-01A-01R-1201-07,0.7702613051258039,1
TCGA-44-6147-01B-06R-A277-07,0.8664354509610175,1
TCGA-3A-A9I5-01A-11R-A38C-07,0.8548770047380284,0
TCGA-50-5933-01A-11R-1755-07,0.7002112471221626,1
TCGA-BP-4995-01A-01R-1334-07,0.7799111518047831,1
TCGA-A2-A1FV-01A-11R-A13Q-07,0.5731577141285327,0
TCGA-CZ-4866-01A-01R-1503-07,0.6760935717910227,0
TCGA-F4-6570-01A-11R-1774-07,0.6445940519198081,1
TCGA-BH-A0EI-01A-11R-A115-07,0.6520199354265219,1
TCGA-AA-3713-01A-21R-1723-07,0.6018850846258224,1
TCGA-NI-A4U2-01A-11R-A28V-07,0.6139429688354802,1
TCGA-DD-AADY-01A-11R-A41C-07,0.6367128195273171,1
TCGA-05-4405-01A-21R-1858-07,0.5634429539673196,1
TCGA-EJ-8469-01A-11R-2403-07,0.9119644945717034,1
TCGA-CK-5914-01A-11R-1653-07,0.5992569830469284,1
TCGA-61-2104-01A-01R-1568-13,0.5991722628810843,1
TCGA-95-7562-01A-11R-2241-07,0.7303193299201323,1
TCGA-NK-A5CR-01A-11R-A26W-07,0.5425368962107134,1
TCGA-DD-AACU-01A-11R-A41C-07,0.5101536523990677,1
TCGA-DD-A119-01A-11R-A131-07,0.4822825465034877,1
TCGA-GM-A3NW-01A-21R-A22K-07,0.6638905333499739,1
TCGA-50-8459-01A-11R-2326-07,0.6849904041047133,1
TCGA-AO-A12C-01A-11R-A10J-07,0.7258243799087398,0
TCGA-CK-4950-01A-01R-1723-07,0.4018219370098956,0
TCGA-55-6987-01A-11R-1949-07,0.604488393516968,1
TCGA-G3-A7M6-01A-11R-A33R-07,0.9531977445735491,1
TCGA-EW-A3E8-01B-11R-A24H-07,0.6799048297695282,1
TCGA-AO-A0JB-01A-11R-A32Y-07,0.8330322770443191,1
TCGA-EJ-A8FO-01A-21R-A36G-07,0.33938610504107475,1
TCGA-CM-6168-01A-11R-1653-07,0.5607082343535746,1
TCGA-J4-8198-01A-11R-2263-07,0.3520878134594824,1
TCGA-YL-A8SA-01A-21R-A37L-07,0.7364512158606906,1
TCGA-CJ-5679-01A-11R-1541-07,0.836890549453424,1
TCGA-LL-A7SZ-01A-32R-A352-07,0.8559136968799442,1
TCGA-CM-6677-01A-11R-1839-07,0.4636273993141814,1
TCGA-BP-4973-01A-01R-1334-07,0.2892034711508398,1
TCGA-2L-AAQJ-01A-12R-A39D-07,0.5334615345649014,1
TCGA-09-0367-01A-01R-1564-13,0.6581268362138498,1
TCGA-BQ-7044-01A-11R-1965-07,0.5968635889537668,1
TCGA-B0-4813-01A-01R-1277-07,0.9502959575917629,1
TCGA-24-1104-01A-01R-1565-13,0.6916713215576934,1
TCGA-HC-A6HY-01A-11R-A31N-07,0.6186937886707206,1
TCGA-L5-A8NK-01A-21R-A37I-31,0.435687350583666,1
TCGA-31-1953-01A-01R-1568-13,0.6858187864899032,1
TCGA-BH-A8FY-01A-11R-A36F-07,0.8227098260127229,1
TCGA-B0-5107-01A-01R-1420-07,0.9493401301078942,0
TCGA-09-1673-01A-01R-1566-13,0.661993594852721,1
TCGA-CH-5764-01A-21R-1580-07,0.5540915390966874,0
TCGA-2H-A9GN-01A-11R-A37I-31,0.5140372937594907,1
TCGA-23-1024-01A-02R-1564-13,0.5467218608215674,0
TCGA-B8-5549-01A-01R-1541-07,0.38219804190083906,1
TCGA-GL-8500-01A-11R-2404-07,0.6011108584071623,1
TCGA-KK-A8IM-01A-11R-A36G-07,0.36106045298056877,0
TCGA-BH-A0BQ-01A-21R-A115-07,0.5621775682316061,1
TCGA-G3-A6UC-01A-21R-A33J-07,0.38366125840839754,1
TCGA-20-1687-01A-01R-1566-13,0.6460870787366181,0
TCGA-AC-A2QH-01A-11R-A18M-07,0.7925830271793607,1
TCGA-DM-A28M-01A-12R-A16W-07,0.7237830429706693,1
TCGA-13-0899-01A-01R-1564-13,0.6211755998786503,1
TCGA-2Y-A9GW-01A-11R-A38B-07,0.597884326737368,1
TCGA-2A-A8VT-01A-11R-A37L-07,0.6921594608208624,1
TCGA-D5-6922-01A-11R-1928-07,0.6094684242328487,1
TCGA-24-1847-01A-01R-1566-13,0.6649716188524963,1
TCGA-AC-A2FO-01A-11R-A180-07,0.4881884694861257,1
TCGA-UB-A7MC-01A-11R-A33R-07,0.7585080068907902,1
TCGA-MP-A4TK-01A-11R-A24X-07,0.5906122773587229,1
TCGA-04-1542-01A-01R-1566-13,0.6424944464983683,1
TCGA-EW-A1P8-01A-11R-A144-07,0.7403942216706085,1
TCGA-G7-7501-01A-11R-2204-07,0.9628560900535205,1
TCGA-A2-A0D0-01A-11R-A00Z-07,0.7736351895320632,0
TCGA-HC-7079-01A-11R-1965-07,0.9872529260623625,1
TCGA-KK-A8IA-01A-11R-A36G-07,0.46229130683908176,1
TCGA-D5-6529-01A-11R-1774-07,0.5002713302255688,1
TCGA-G4-6304-01A-11R-1928-07,0.6286285044370767,1
TCGA-BH-A0HB-01A-11R-A056-07,0.6108574140882422,1
TCGA-CJ-4882-01A-02R-1426-07,0.7660189846587521,1
TCGA-24-1435-01A-01R-1566-13,0.5479432803957787,1
TCGA-AA-3492-01A-01R-1410-07,0.6281909655532225,0
TCGA-IZ-8196-01A-11R-2404-07,0.7599246135444488,1
TCGA-UB-A7ME-01A-11R-A33J-07,0.7246731724023897,0
TCGA-6A-AB49-01A-12R-A405-07,0.8783672095206977,1
TCGA-63-7021-01A-11R-1949-07,0.6134210013496603,1
TCGA-A2-A0EN-01A-13R-A084-07,0.5771847268863838,0
TCGA-A8-A0A2-01A-11R-A034-07,0.57635062264583,0
TCGA-DD-AACX-01A-11R-A41C-07,0.5677935075412611,1
TCGA-E2-A14O-01A-31R-A115-07,0.6875287437324791,1
TCGA-AA-3695-01A-01R-0905-07,0.9889169434067623,1
TCGA-A2-A0EM-01A-11R-A034-07,0.5887710764407152,1
TCGA-AA-3549-01A-02R-0821-07,0.4761345737654893,1
TCGA-ED-A7XP-01A-11R-A352-07,0.7130066686081257,1
TCGA-97-7938-01A-11R-2170-07,0.5981942657197714,1
TCGA-23-1122-01A-01R-1565-13,0.49428794552062744,1
TCGA-AA-A01I-01A-02R-A089-07,0.8028110391214125,1
TCGA-ZS-A9CG-01A-11R-A37K-07,0.4487516032299302,1
TCGA-A7-A0DA-01A-31R-A115-07,0.7817084068292116,1
TCGA-29-1701-01A-01R-1567-13,0.7244685244719541,1
TCGA-LN-A4A6-01A-11R-A260-31,0.29653289543759614,0
TCGA-2H-A9GQ-01A-11R-A37I-31,0.6732053131209631,1
TCGA-B8-4620-01A-02R-1325-07,0.5855962735484881,1
TCGA-B0-4718-01A-01R-1277-07,0.7424446111111911,1
TCGA-AA-3861-01A-01R-1022-07,0.6058084879846882,1
TCGA-D5-6932-01A-11R-1928-07,0.5052137307113597,1
TCGA-55-8091-01A-11R-2241-07,0.690861754155868,1
TCGA-64-1681-01A-11R-2066-07,0.5377875615859289,1
TCGA-VR-AA7I-01A-11R-A406-31,0.4474364591085155,0
TCGA-AZ-4308-01A-01R-1410-07,0.8068525926149668,1
TCGA-13-1403-01A-01R-1565-13,0.6638125562548056,1
TCGA-AL-3471-01A-02R-1351-07,0.6048715764791208,1
TCGA-23-2078-01A-01R-1568-13,0.6908881662292911,1
TCGA-25-2409-01A-01R-1569-13,0.5946012990072695,1
TCGA-BH-A0W7-01A-11R-A115-07,0.5709644483708349,1
TCGA-DM-A1D6-01A-21R-A155-07,0.7181302847682858,1
TCGA-13-1512-01A-01R-1565-13,0.7810000691658241,1
TCGA-23-1111-01A-01R-1567-13,0.600220713340695,1
TCGA-43-6647-01A-11R-1820-07,0.664072561274835,1
TCGA-85-7698-01A-11R-2125-07,0.4566405995340672,1
TCGA-MW-A4EC-01A-11R-A266-07,0.5240063307836254,1
TCGA-58-A46J-01A-11R-A24H-07,0.6610029722440824,1
TCGA-DD-AAVX-01A-11R-A41C-07,0.3666716575765234,1
TCGA-29-1777-01A-01R-1567-13,0.7134645415736828,1
TCGA-A2-A3XX-01A-21R-A239-07,0.795142002222677,1
TCGA-55-7725-01A-11R-2170-07,0.7284855640723009,1
TCGA-BH-A0DP-01A-21R-A056-07,0.6062259303828001,1
TCGA-PD-A5DF-01A-11R-A27V-07,0.6073698002864977,1
TCGA-77-7465-01A-11R-2045-07,0.7341724959011059,1
TCGA-A6-5659-01A-01R-A278-07,0.8994490729774253,1
TCGA-A8-A08G-01A-11R-A00Z-07,0.6740909405976286,1
TCGA-39-5029-01A-01R-1443-07,0.5651406765520829,0
TCGA-DD-AAVQ-01A-11R-A41C-07,0.7192016776009533,1
TCGA-BH-A0DK-01A-21R-A056-07,0.6189879988100623,1
TCGA-AC-A2QJ-01A-12R-A19W-07,0.9632312258136266,1
TCGA-BP-4799-01A-01R-1305-07,0.9025076026082288,1
TCGA-18-3415-01A-01R-0980-07,0.6271546612322877,1
TCGA-22-A5C4-01A-12R-A27Q-07,0.7131171559185142,1
TCGA-Y8-A896-01A-11R-A36F-07,0.659613456771213,1
TCGA-AC-A2FG-01A-11R-A17B-07,0.5928951489094683,1
TCGA-CW-5584-01A-01R-1541-07,0.36316209217542844,1
TCGA-58-8387-01A-11R-2296-07,0.7494166415943699,1
TCGA-55-7724-01A-11R-2170-07,0.7587205170636764,1
TCGA-AO-A12B-01A-11R-A10J-07,0.7145740182116498,1
TCGA-KC-A7F3-01A-21R-A33R-07,0.3419863890183595,1
TCGA-49-4514-01A-21R-1858-07,0.8271059242312285,1
TCGA-A8-A09N-01A-11R-A00Z-07,0.5496676638558574,1
TCGA-C8-A12W-01A-11R-A115-07,0.6131237535965294,1
TCGA-BP-4797-01A-01R-1305-07,0.38620163259601076,0
TCGA-G3-A7M9-01A-23R-A352-07,0.9504782225703141,1
TCGA-55-7815-01A-11R-2170-07,0.7260284254649219,1
TCGA-EJ-A8FP-01A-21R-A36G-07,0.3903564670898417,1
TCGA-AN-A0FT-01A-11R-A034-07,0.7101276322639554,0
TCGA-A2-A25A-01A-12R-A16F-07,0.7084167894881798,1
TCGA-33-4547-01A-01R-1201-07,0.4505821113907881,0
TCGA-G9-7523-01A-11R-2263-07,0.918985420009327,1
TCGA-KK-A8II-01A-11R-A36G-07,0.5551668736001593,1
TCGA-09-2048-01A-01R-1568-13,0.6742469871751654,1
TCGA-B0-4824-01A-01R-1277-07,0.5157789377096635,1
TCGA-BH-A0DH-01A-11R-A084-07,0.5281390548210856,0
TCGA-55-8615-01A-11R-2403-07,0.6161412457442771,1
TCGA-78-8648-01A-11R-2403-07,0.6573951470317698,0
TCGA-05-4426-01A-01R-1206-07,0.7065199432657345,1
TCGA-CW-6087-01A-11R-1672-07,0.9676886965378805,1
TCGA-BH-A2L8-01A-11R-A18M-07,0.6022456598042895,1
TCGA-64-1680-01A-02R-0946-07,0.5221429145769597,1
TCGA-ER-A19T-01A-11R-A18T-07,0.9151990697920251,1
TCGA-IB-7891-01A-11R-2204-07,0.42349143337734196,1
TCGA-SX-A7SN-01A-11R-A355-07,0.2532401054016929,0
TCGA-EJ-7793-01A-31R-2263-07,0.33044501393463604,1
TCGA-23-1118-01A-01R-1564-13,0.6416330735241795,1
TCGA-AQ-A54N-01A-11R-A266-07,0.8507155010120904,1
TCGA-DD-AAW1-01A-11R-A41C-07,0.4960672898574497,1
TCGA-L5-A43E-01A-11R-A24K-31,0.7239799498214522,1
TCGA-AA-A00O-01A-02R-A089-07,0.8920137010483548,0
TCGA-24-2261-01A-01R-1568-13,0.6710904645931703,1
TCGA-AA-3688-01A-01R-0905-07,0.26971016298390654,0
TCGA-UZ-A9PV-01A-11R-A42S-07,0.3387138377268563,1
TCGA-37-A5EN-01A-21R-A26W-07,0.5732835908046157,1
TCGA-09-2053-01C-01R-1568-13,0.487391961091482,1
TCGA-EW-A1J5-01A-11R-A13Q-07,0.5130229989119538,1
TCGA-IB-AAUQ-01A-22R-A41I-07,0.2357935579471197,1
TCGA-A2-A0SX-01A-12R-A084-07,0.7547433102051438,1
TCGA-H8-A6C1-01A-11R-A32O-07,0.27977541977657144,0
TCGA-P4-AAVO-01A-11R-A42S-07,0.6912118487206589,1
TCGA-A7-A6VY-01A-12R-A33J-07,0.8161697276906109,1
TCGA-BP-5177-01A-01R-1426-07,0.5840698173794681,0
TCGA-37-4141-01A-02R-1100-07,0.7987365644311519,0
TCGA-85-8355-01A-11R-2296-07,0.5643493016781954,1
TCGA-60-2719-01A-01R-0851-07,0.7223180961052666,1
TCGA-AA-A01C-01A-01R-A00A-07,0.3779167550540877,1
TCGA-G9-6329-01A-13R-1965-07,0.3433381796316649,1
TCGA-BH-A0HK-01A-11R-A056-07,0.6193570406865299,1
TCGA-34-5239-01A-21R-1820-07,0.5709440255152738,0
TCGA-NC-A5HH-01A-11R-A26W-07,0.8154489452884538,1
TCGA-NC-A5HK-01A-11R-A26W-07,0.8593494907539154,1
TCGA-69-7973-01A-11R-2187-07,0.7358214704683095,1
TCGA-77-8128-01A-11R-2247-07,0.6554303061286497,1
TCGA-B0-5700-01A-11R-1541-07,0.6362572757965359,1
TCGA-IB-8126-01A-11R-2404-07,0.6447313403528324,1
TCGA-QL-A97D-01A-12R-A41B-07,0.38731176789701505,0
TCGA-XR-A8TC-01A-11R-A36F-07,0.7305127533853657,1
TCGA-63-A5MU-01A-11R-A26W-07,0.7298731871687263,1
TCGA-B8-A54F-01A-11R-A266-07,0.5237005887081797,0
TCGA-78-7220-01A-11R-2039-07,0.8314012291499117,1
TCGA-97-8176-01A-11R-2403-07,0.7020150846039199,1
TCGA-G4-6293-01A-11R-1723-07,0.6115779851817016,1
TCGA-05-5715-01A-01R-1628-07,0.6162640587378179,1
TCGA-E2-A1IF-01A-11R-A144-07,0.732976564122304,1
TCGA-AC-A3YI-01A-21R-A239-07,0.7398161377399515,1
TCGA-2J-AAB6-01A-11R-A41B-07,0.7993776915674276,1
TCGA-B1-A47N-01A-11R-A24Z-07,0.8242209937118008,1
TCGA-D8-A1JL-01A-11R-A13Q-07,0.7736483871559229,1
TCGA-SS-A7HO-01A-21R-A37K-07,0.7165834862510095,1
TCGA-58-8390-01A-11R-2326-07,0.6582658032335353,1
TCGA-85-8582-01A-21R-2403-07,0.6946500798180859,1
TCGA-J9-A8CL-01A-11R-A352-07,0.7617216039964235,1
TCGA-BQ-5888-01A-11R-1592-07,0.8558288164974197,1
TCGA-GM-A2DF-01A-11R-A180-07,0.7969568654128116,1
TCGA-CJ-4891-01A-01R-1305-07,0.9331213560128812,1
TCGA-E2-A14R-01A-11R-A115-07,0.7718612619785205,1
TCGA-30-1853-01A-02R-1567-13,0.7022747642607462,1
TCGA-EV-5903-01A-11R-1592-07,0.633279582770195,1
TCGA-G9-6353-01A-11R-1965-07,0.40600081777670205,0
TCGA-BC-A110-01A-11R-A131-07,0.6739883219469633,1
TCGA-04-1648-01A-01R-1567-13,0.7728201389255979,1
TCGA-55-6983-01A-11R-1949-07,0.5653881369093325,1
TCGA-WX-AA44-01A-11R-A39D-07,0.6160838603463344,1
TCGA-C8-A132-01A-31R-A115-07,0.48743348713245216,0
TCGA-A2-A0CU-01A-12R-A034-07,0.538069805258233,1
TCGA-46-3769-01A-01R-0980-07,0.8081709722761032,0
TCGA-PE-A5DC-01A-12R-A27Q-07,0.7258828021811066,1
TCGA-2J-AAB9-01A-11R-A41B-07,0.14044872823500576,0
TCGA-21-1083-01A-01R-0692-07,0.7545864834647676,1
TCGA-E2-A15F-01A-11R-A115-07,0.561955736563013,1
TCGA-BH-A1F5-01A-12R-A13Q-07,0.6162109518594246,1
TCGA-EW-A1P4-01A-21R-A144-07,0.8717088043524722,1
TCGA-29-1778-01A-01R-1567-13,0.6022496353895386,1
TCGA-30-1718-01A-01R-1567-13,0.6726282343063805,1
TCGA-86-8074-01A-11R-2241-07,0.5067002438248357,1
TCGA-A6-6782-01A-11R-1839-07,0.5816857422432246,1
TCGA-IA-A83V-01A-11R-A355-07,0.5001086110117052,0
TCGA-KK-A6E5-01A-11R-A311-07,0.307279535377065,1
TCGA-L9-A5IP-01A-21R-A39D-07,0.6976821804504223,0
TCGA-58-8391-01A-11R-2326-07,0.6167052636091611,1
TCGA-KK-A8IK-01A-11R-A36G-07,0.9205712895906455,1
TCGA-F4-6807-01A-11R-1839-07,0.597030264038332,1
TCGA-EJ-5516-01A-01R-1580-07,0.9212154386986541,1
TCGA-85-8350-01A-11R-2296-07,0.5888876986080614,1
TCGA-KK-A7AZ-01A-12R-A32O-07,0.7728916335196518,1
TCGA-DW-7842-01A-11R-A32Z-07,0.5389906674061107,1
TCGA-OL-A6VQ-01A-12R-A41B-07,0.5023244824465088,1
TCGA-31-1946-01A-01R-1568-13,0.5636933509939823,0
TCGA-AZ-6606-01A-11R-1839-07,0.5551925696951778,1
TCGA-DD-AAD1-01A-11R-A41C-07,0.9073918795298156,1
TCGA-A2-A0CO-01A-13R-A22K-07,0.6957511174281339,1
TCGA-CM-4750-01A-01R-1410-07,0.45184376247044133,1
TCGA-AC-A4ZE-01A-11R-A41B-07,0.625344566520731,1
TCGA-BP-4327-01A-01R-1289-07,0.5667341686656514,1
TCGA-UZ-A9PX-01A-11R-A42S-07,0.35632319584330846,1
TCGA-BH-A0B9-01A-11R-A056-07,0.7675692298179918,1
TCGA-FB-AAQ0-01A-31R-A41B-07,0.7660067455111023,1
TCGA-A8-A09K-01A-11R-A00Z-07,0.522915211909813,1
TCGA-55-1595-01A-01R-0946-07,0.5813429298772393,1
TCGA-J4-A83K-01A-11R-A352-07,0.318529945790067,1
TCGA-A2-A1G4-01A-11R-A13Q-07,0.6096687254345574,1
TCGA-A2-A04T-01A-21R-A034-07,0.7708322862646185,1
TCGA-V1-A8MK-01A-11R-A36G-07,0.2065100842365647,1
TCGA-AN-A03X-01A-21R-A00Z-07,0.6629910787870528,1
TCGA-97-7547-01A-11R-2039-07,0.7207359770453875,1
TCGA-AD-6889-01A-11R-1928-07,0.683393302210913,1
TCGA-KK-A7AW-01A-11R-A32O-07,0.957714871513189,1
TCGA-AO-A03N-01B-11R-A10J-07,0.7248719059017811,1
TCGA-EJ-5530-01A-01R-1580-07,0.3457885851181517,0
TCGA-P4-AAVM-01A-11R-A42S-07,0.5767529816846525,1
TCGA-66-2778-01A-02R-0851-07,0.7820681206954273,1
TCGA-HC-A6AP-01A-11R-A30B-07,0.8715809728047792,0
TCGA-Z6-AAPN-01A-11R-A406-31,0.776700085319448,0
TCGA-CJ-4886-01A-01R-1305-07,0.24929766822943233,0
TCGA-BP-4769-01A-01R-1289-07,0.7259165050561085,1
TCGA-D8-A1XM-01A-21R-A14M-07,0.545960539218828,1
TCGA-A7-A4SA-01A-11R-A266-07,0.5951402392533434,1
TCGA-LN-A7HZ-01A-31R-A354-31,0.7967889372747681,1
TCGA-AR-A1AO-01A-11R-A12P-07,0.770413908545901,1
TCGA-Y6-A9XI-01A-11R-A41O-07,0.5320277917718446,1
TCGA-31-1951-01A-01R-1568-13,0.7125483882825919,1
TCGA-25-1318-01A-01R-1565-13,0.7247428197120406,1
TCGA-B0-5099-01A-01R-1420-07,0.6216512978761894,1
TCGA-CH-5794-01A-11R-1580-07,0.4796600727040912,1
TCGA-BQ-5894-01A-11R-1592-07,0.9774830929429487,1
TCGA-CZ-4863-01A-01R-1503-07,0.4792480485166822,1
TCGA-DD-AADJ-01A-11R-A41C-07,0.39607634820829485,1
TCGA-B0-4845-01A-01R-1277-07,0.5049830461225806,1
TCGA-BC-A216-01A-11R-A155-07,0.851359540274136,1
TCGA-CJ-4871-01A-01R-1305-07,0.4956369456680566,1
TCGA-B0-5710-01A-11R-1672-07,0.4370385031262804,1
TCGA-CH-5750-01A-11R-1580-07,0.4794311666057693,0
TCGA-DV-5566-01A-01R-1541-07,0.6326923138061628,1
TCGA-BC-A10X-01A-11R-A131-07,0.501493023271312,0
TCGA-60-2721-01A-01R-0851-07,0.6370596891111099,1
TCGA-F2-7273-01A-11R-2156-07,0.5254963459342578,1
TCGA-05-4389-01A-01R-1206-07,0.6369314461406634,1
TCGA-A8-A083-01A-21R-A00Z-07,0.585050506269288,1
TCGA-EJ-7317-01A-31R-2118-07,0.4110931968123484,1
TCGA-24-2023-01A-01R-1567-13,0.5575180133151025,1
TCGA-B6-A0RM-01A-11R-A084-07,0.5780985033891701,1
TCGA-56-A5DS-01A-11R-A27Q-07,0.5525298271354604,1
TCGA-CJ-5672-01A-11R-1541-07,0.5030312128108816,1
TCGA-73-7498-01A-12R-2187-07,0.5868131848112418,1
TCGA-GM-A2DH-01A-11R-A180-07,0.5989522054195023,0
TCGA-A8-A082-01A-11R-A00Z-07,0.6172212327600128,1
TCGA-DD-A4NI-01A-11R-A27V-07,0.4459009672285252,1
TCGA-G4-6626-01A-11R-1774-07,0.5242253624022378,1
TCGA-CH-5738-01A-11R-1580-07,0.5420777364188817,1
TCGA-79-5596-01A-31R-1949-07,0.6283962408910493,1
TCGA-A6-5656-01A-21R-A278-07,0.9414621793127071,0
TCGA-BP-4766-01A-01R-1289-07,0.3379162374209539,1
TCGA-XQ-A8TB-01A-11R-A36G-07,0.6114574431175421,1
TCGA-BP-4337-01A-01R-1289-07,0.5686849954818625,1
TCGA-G9-A9S4-01A-11R-A41O-07,0.8529783002811295,1
TCGA-CH-5762-01A-11R-1580-07,0.7085182260028412,1
TCGA-B0-5106-01A-01R-1420-07,0.48914975498435675,1
TCGA-V1-A9OX-01A-11R-A41O-07,0.3983175050287219,0
TCGA-DD-AADU-01A-11R-A41C-07,0.41799531790216793,1
TCGA-A3-3385-01A-02R-1420-07,0.646172183092568,1
TCGA-90-7964-01A-21R-2187-07,0.7177481065865351,1
TCGA-55-7913-01B-11R-2241-07,0.7338204582696418,0
TCGA-AN-A0AJ-01A-11R-A00Z-07,0.6005420651302064,0
TCGA-09-1670-01A-01R-1566-13,0.46978181674940545,1
TCGA-A4-7734-01A-11R-A32Z-07,0.6986702503744161,1
TCGA-55-7914-01A-11R-2170-07,0.6842372192531508,1
TCGA-77-7140-01A-41R-2045-07,0.5705082801662403,1
TCGA-VN-A943-01A-11R-A41O-07,0.5758893477497112,0
TCGA-B0-5108-01A-01R-1420-07,0.5366148949954055,1
TCGA-J9-A8CN-01A-11R-A352-07,0.5725444017547092,1
TCGA-13-1485-01A-02R-1565-13,0.8520862560018525,1
TCGA-33-AASL-01A-11R-A405-07,0.7972382093748578,1
TCGA-CC-5264-01A-01R-A131-07,0.9302322780909463,1
TCGA-CK-4952-01A-01R-1723-07,0.7955615070624972,1
TCGA-04-1530-01A-02R-1569-13,0.6372988150957501,1
TCGA-80-5608-01A-31R-1949-07,0.6023006410032404,0
TCGA-B1-A657-01A-11R-A31O-07,0.3500558225985613,1
TCGA-AA-3489-01A-21R-1839-07,0.8712666189766547,1
TCGA-OL-A66O-01A-11R-A31O-07,0.7794532907019563,1
TCGA-5L-AAT1-01A-12R-A41B-07,0.6225334550544219,0
TCGA-55-6986-01A-11R-1949-07,0.677048907461227,1
TCGA-FB-A4P5-01A-11R-A26U-07,0.2627586438723472,1
TCGA-AK-3428-01A-02R-1277-07,0.5936673827350065,0
TCGA-4T-AA8H-01A-11R-A41B-07,0.5400703977174823,1
TCGA-L5-A88Y-01A-11R-A354-31,0.844235303365704,1
TCGA-VN-A88K-01A-11R-A352-07,0.5911867775767072,0
TCGA-58-A46N-01A-11R-A24H-07,0.47365910187681254,1
TCGA-YL-A9WH-01A-11R-A37L-07,0.9029019744915998,1
TCGA-44-6776-01A-11R-1858-07,0.6769616261068466,0
TCGA-97-A4M6-01A-11R-A24X-07,0.4638555176907982,1
TCGA-33-4583-01A-01R-1443-07,0.5937099588953786,1
TCGA-2Y-A9H9-01A-21R-A39D-07,0.3756496152152189,0
TCGA-D8-A27L-01A-11R-A16F-07,0.5192002710452924,1
TCGA-F4-6704-01A-11R-1839-07,0.9371735572925164,1
TCGA-63-A5MY-01A-11R-A26W-07,0.7281892917787147,1
TCGA-AA-3666-01A-02R-0905-07,0.6209792017492828,1
TCGA-A8-A08Z-01A-21R-A00Z-07,0.569283114319553,1
TCGA-V1-A9Z9-01A-21R-A41O-07,0.25624239443599,1
TCGA-3A-A9IR-01A-11R-A38C-07,0.996951209111546,1
TCGA-24-1436-01A-01R-1566-13,0.6629105404534147,0
TCGA-BH-A0AU-01A-11R-A12P-07,0.43462555332773395,1
TCGA-G9-6379-01A-11R-A31N-07,0.910855018990027,0
TCGA-DD-AADR-01A-11R-A41C-07,0.4428867491664188,1
TCGA-EB-A4OY-01A-11R-A266-07,0.3899335423608744,1
TCGA-63-A5MG-01A-12R-A27Q-07,0.5915360272765822,0
TCGA-BP-4341-01A-01R-1289-07,0.6021495917146673,1
TCGA-B8-5550-01A-01R-1541-07,0.7170307785948768,1
TCGA-50-5935-01A-11R-1755-07,0.560133674517257,1
TCGA-D5-6929-01A-31R-1928-07,0.546432272847771,1
TCGA-55-A48X-01A-11R-A24H-07,0.5383042036786858,1
TCGA-BH-A0HA-01A-11R-A12P-07,0.6843187025689734,1
TCGA-AD-5900-01A-11R-1653-07,0.5227014007072045,0
TCGA-50-5049-01A-01R-1628-07,0.6329824817435924,1
TCGA-BH-A0B7-01A-12R-A115-07,0.6525699962175897,1
TCGA-33-AAS8-01A-11R-A405-07,0.584963055701709,1
TCGA-BH-A0GZ-01A-11R-A056-07,0.6548729308044844,1
TCGA-LN-A4A1-01A-21R-A260-31,0.5932983866240482,1
TCGA-XK-AAIW-01A-11R-A41O-07,0.9542634082849217,1
TCGA-98-8021-01A-11R-2247-07,0.5806992854484968,1
TCGA-B6-A0WX-01A-11R-A109-07,0.7932597040020076,1
TCGA-EB-A82B-01A-11R-A352-07,0.3895707172194582,0
TCGA-25-1324-01A-01R-1565-13,0.5872553761622,1
TCGA-13-1482-01A-01R-1565-13,0.6672521900133416,1
TCGA-KH-A6WC-01A-11R-A336-31,0.7720905137060867,1
TCGA-KC-A7FA-01A-21R-A33R-07,0.6094239896628266,1
TCGA-B2-4098-01A-02R-1325-07,0.8057414292067591,1
TCGA-EJ-A7NH-01A-12R-A33R-07,0.4420102842218041,0
TCGA-CJ-5686-01A-11R-1672-07,0.3410318351856403,0
TCGA-V1-A8MU-01A-11R-A37L-07,0.3106874390395437,0
TCGA-67-3774-01A-01R-0946-07,0.45209901346750986,1
TCGA-93-8067-01A-11R-2287-07,0.6417552331086207,1
TCGA-CJ-4923-01A-01R-1426-07,0.7411792814353763,1
TCGA-G6-A8L6-01A-11R-A37O-07,0.8214450573045369,1
TCGA-EB-A5SF-01A-11R-A311-07,0.32809736782373,1
TCGA-34-2600-01A-01R-0851-07,0.7880311173668578,1
TCGA-E9-A1NF-01A-11R-A14D-07,0.6911749477857793,1
TCGA-A8-A08L-01A-11R-A00Z-07,0.517041422204305,0
TCGA-AO-A0J4-01A-11R-A034-07,0.7490899158047741,1
TCGA-55-8203-01A-11R-2241-07,0.5509974581365508,1
TCGA-LN-A49S-01A-11R-A24K-31,0.6806179871794639,1
TCGA-NC-A5HP-01A-11R-A26W-07,0.5187427935863537,1
TCGA-BH-A1FB-01A-11R-A13Q-07,0.5437843314391827,1
TCGA-53-A4EZ-01A-12R-A24X-07,0.8335254983135367,1
TCGA-69-7978-01A-11R-2187-07,0.6246547149131657,1
TCGA-UB-AA0U-01A-11R-A38B-07,0.6974022245285383,1
TCGA-44-7662-01A-11R-2066-07,0.5432234708516446,1
TCGA-E2-A14P-01A-31R-A12D-07,0.7577806025393877,1
TCGA-66-2770-01A-01R-0851-07,0.5911643426257183,1
TCGA-GL-A4EM-01A-11R-A24Z-07,0.7661259942619002,1
TCGA-A3-3357-01A-02R-1420-07,0.583072726584873,1
TCGA-AA-A01D-01A-01R-A00A-07,0.6794718539838641,1
TCGA-39-5040-01A-21R-2125-07,0.8980019260269041,1
TCGA-2Y-A9H6-01A-11R-A39D-07,0.6243450059184074,1
TCGA-38-6178-01A-11R-1755-07,0.5351149389394189,1
TCGA-G3-A25Z-01A-11R-A16W-07,0.4982948277778392,1
TCGA-BH-A204-01A-11R-A157-07,0.6575722974898913,1
TCGA-AA-A01Z-01A-11R-A083-07,0.6013743659268295,1
TCGA-FB-AAPU-01A-31R-A41B-07,0.9467658668880251,1
TCGA-18-3406-01A-01R-0980-07,0.8340165324888051,0
TCGA-HC-7742-01A-11R-2118-07,0.47036196932709706,1
TCGA-B0-4691-01A-01R-1277-07,0.7010119513872041,1
TCGA-18-3408-01A-01R-0980-07,0.7903581585985172,0
TCGA-A8-A07W-01A-11R-A00Z-07,0.534252298564733,1
TCGA-OL-A6VR-01A-32R-A33J-07,0.6345905770335388,1
TCGA-CA-6718-01A-11R-1839-07,0.8310205154882837,1
TCGA-04-1357-01A-01R-1565-13,0.7898914897732526,0
TCGA-X4-A8KS-01A-12R-A36G-07,0.7317217312205524,1
TCGA-EW-A2FR-01A-11R-A21T-07,0.7049125976598398,1
TCGA-A8-A0A9-01A-11R-A00Z-07,0.48056219202274275,1
TCGA-J4-A83N-01A-11R-A352-07,0.4044137022175628,1
TCGA-CJ-4872-01A-01R-1305-07,0.4844618603484392,1
TCGA-B0-5081-01A-01R-1334-07,0.7151168630779082,1
TCGA-E9-A24A-01A-11R-A169-07,0.4687342617545185,0
TCGA-DD-A73E-01A-12R-A32O-07,0.7034581821338861,1
TCGA-LA-A7SW-01A-11R-A405-07,0.7951180534988962,1
TCGA-C8-A12U-01A-11R-A115-07,0.7393550133168739,1
TCGA-B0-5097-01A-01R-1420-07,0.6247186804168401,1
TCGA-13-0795-01A-01R-1564-13,0.7063553095761715,1
TCGA-A7-A56D-01A-11R-A27Q-07,0.8680810034281394,1
TCGA-G3-A25S-01A-11R-A16W-07,0.358282937446561,1
TCGA-XQ-A8TA-01A-11R-A36G-07,0.9967268457119729,1
TCGA-BP-4335-01A-01R-1289-07,0.5328460744370402,1
TCGA-CC-5258-01A-01R-A131-07,0.8931522061746558,1
TCGA-HC-A48F-01A-11R-A250-07,0.5943193985613417,1
TCGA-93-A4JN-01A-11R-A24X-07,0.7269137528013228,1
TCGA-DD-AADI-01A-11R-A41C-07,0.5487990238685894,0
TCGA-A8-A090-01A-11R-A00Z-07,0.5656943367482675,1
TCGA-66-2785-01A-01R-0851-07,0.6846057027100073,0
TCGA-61-2097-01A-02R-1568-13,0.6347559047655019,1
TCGA-5P-A9K2-01A-11R-A42S-07,0.55587399219147,1
TCGA-KK-A8IC-01A-11R-A36G-07,0.5267521552261547,0
TCGA-A7-A26E-01A-11R-A277-07,0.6800952214326432,1
TCGA-50-5066-01A-01R-1628-07,0.7350345327038581,1
TCGA-D8-A27N-01A-11R-A16F-07,0.737494070486426,0
TCGA-78-7166-01A-12R-2066-07,0.6181989903222717,0
TCGA-E9-A1R3-01A-31R-A14M-07,0.6895194455776517,0
TCGA-97-A4M2-01A-12R-A24X-07,0.6446869963779124,1
TCGA-BQ-7056-01A-11R-1965-07,0.7205536578574228,1
TCGA-13-0724-01A-01R-1564-13,0.36682224822777815,0
TCGA-BH-A0HW-01A-11R-A034-07,0.7066156568219206,1
TCGA-PE-A5DE-01A-11R-A27Q-07,0.715114811965823,1
TCGA-2L-AAQI-01A-12R-A39D-07,0.5771175200417393,0
TCGA-2A-A8VV-01A-11R-A37L-07,0.29491039917135903,1
TCGA-39-5016-01A-01R-1443-07,0.5111449325469142,0
TCGA-D5-6930-01A-11R-1928-07,0.5697637205523638,1
TCGA-D8-A27I-01A-11R-A16F-07,0.6507611734273772,1
TCGA-V1-A8ML-01A-11R-A37L-07,0.4400319820398256,1
TCGA-85-6798-01A-11R-1949-07,0.6575092420117526,1
TCGA-AA-3510-01A-01R-1410-07,0.4273793075526859,1
TCGA-98-A53A-01A-11R-A262-07,0.5546313003213836,1
TCGA-A4-A772-01A-11R-A33Z-07,0.23465416982677184,0
TCGA-MP-A4TC-01A-11R-A24X-07,0.6955477099731421,1
TCGA-49-6745-01A-11R-1858-07,0.727218679347199,1
TCGA-10-0927-01A-02R-1564-13,0.5160180374160206,0
TCGA-A2-A0CT-01A-31R-A056-07,0.6724346802617366,1
TCGA-99-8025-01A-11R-2241-07,0.5031773157995587,1
TCGA-ZS-A9CE-01A-11R-A37K-07,0.41643738777644973,0
TCGA-AO-A0J6-01A-11R-A034-07,0.7955253737412578,1
TCGA-CA-6715-01A-21R-1839-07,0.5059834048857715,1
TCGA-AR-A255-01A-11R-A169-07,0.44894008704973826,0
TCGA-61-2088-01A-01R-1568-13,0.7530763160955964,1
TCGA-DD-A4NV-01A-11R-A311-07,0.6531532350561449,1
TCGA-K7-A5RF-01A-11R-A28V-07,0.6243768584553658,1
TCGA-RC-A6M6-01A-11R-A32O-07,0.8517749995158185,1
TCGA-EP-A12J-01A-11R-A131-07,0.5361178125196203,1
TCGA-BH-A0BW-01A-11R-A115-07,0.8021907974863955,1
TCGA-56-A4BY-01A-11R-A24H-07,0.4994804766186582,1
TCGA-AA-3980-01A-02R-1022-07,0.52422729490093,1
TCGA-55-8507-01A-11R-2403-07,0.5254656253966841,0
TCGA-BH-A0BS-01A-11R-A12P-07,0.6276211637062517,1
TCGA-DD-A4NH-01A-11R-A27V-07,0.9298205965067524,1
TCGA-L9-A443-01A-12R-A24H-07,0.6180547103566876,1
TCGA-IB-7893-01A-11R-2204-07,0.8791430063181209,0
TCGA-C8-A26W-01A-11R-A16F-07,0.5624087949182288,1
TCGA-AA-3866-01A-01R-1022-07,0.4260657109853328,1
TCGA-AA-3966-01A-01R-1113-07,0.7088177504823687,0
TCGA-24-1425-01A-02R-1566-13,0.7475085617855803,1
TCGA-J9-A52D-01A-11R-A29R-07,0.6856872985210022,1
TCGA-2Z-A9JQ-01A-11R-A42S-07,0.7417990907873975,1
TCGA-AA-3941-01A-01R-1022-07,0.5643846598430895,1
TCGA-77-7337-01A-21R-2045-07,0.5247879485659915,1
TCGA-92-8063-01A-11R-2247-07,0.6986712570901582,1
TCGA-BH-A0EA-01A-11R-A115-07,0.5719249095035301,1
TCGA-EJ-7330-01A-11R-2118-07,0.6529915144265612,1
TCGA-CC-A3MC-01A-11R-A22L-07,0.6049106222535076,1
TCGA-DD-AADD-01A-11R-A41C-07,0.8425425423581309,1
TCGA-EJ-7314-01A-31R-2118-07,0.3688585580596596,1
TCGA-E2-A109-01A-11R-A10J-07,0.6166903355223542,1
TCGA-AO-A1KR-01A-12R-A144-07,0.8231766515415849,1
TCGA-EJ-A7NK-01A-12R-A352-07,0.38055997214567294,1
TCGA-56-A4ZK-01A-11R-A262-07,0.5868622487679692,1
TCGA-B0-5117-01A-01R-1420-07,0.969234385666736,0
TCGA-A2-A04R-01A-41R-A109-07,0.4812349194252663,1
TCGA-78-7152-01A-11R-2039-07,0.6557125853415403,1
TCGA-EB-A41B-01A-11R-A24X-07,0.6413637748364512,1
TCGA-50-6592-01A-11R-1755-07,0.7387998920478369,0
TCGA-E9-A1NA-01A-11R-A144-07,0.7245374919052173,1
TCGA-97-8552-01A-11R-2403-07,0.5242114502262638,1
TCGA-DD-A4NQ-01A-21R-A28V-07,0.7386801182565496,1
TCGA-QG-A5YX-01A-11R-A28H-07,0.5885420155608491,1
TCGA-38-4632-01A-01R-1755-07,0.6468757964180571,0
TCGA-ZP-A9D1-01A-11R-A38B-07,0.5917184410629864,0
TCGA-E9-A1RF-01A-11R-A157-07,0.6006223949372909,1
TCGA-AA-3681-01A-01R-0905-07,0.4418467000803703,1
TCGA-BH-A0BR-01A-21R-A115-07,0.7263550065265051,1
TCGA-CA-5254-01A-21R-1839-07,0.742627766756839,1
TCGA-18-3417-01A-01R-1443-07,0.8066616692237745,1
TCGA-86-A4P7-01A-11R-A24X-07,0.48024067906255696,1
TCGA-24-1924-01A-01R-1567-13,0.4872334221131043,1
TCGA-AO-A0JL-01A-11R-A056-07,0.8321244853265913,0
TCGA-ED-A7PX-01A-51R-A352-07,0.9625393540734734,0
TCGA-29-1696-01A-01R-1567-13,0.7593514651944031,1
TCGA-AC-A8OP-01A-11R-A36F-07,0.5968376706785533,0
TCGA-BP-5202-01A-02R-1426-07,0.3998643892148053,1
TCGA-EP-A26S-01A-11R-A16W-07,0.5757044427215513,1
TCGA-77-8144-01A-11R-2247-07,0.646518110255686,1
TCGA-60-2713-01A-01R-0851-07,0.45909860197891506,0
TCGA-AO-A03T-01A-21R-A034-07,0.7817906581282444,1
TCGA-NK-A5D1-01A-11R-A26W-07,0.7336804882162093,1
TCGA-NI-A8LF-01A-11R-A36F-07,0.43093971469768133,1
TCGA-B0-4693-01A-01R-1277-07,0.33484188893444367,0
TCGA-CH-5761-01A-11R-1580-07,0.9774331248943863,1
TCGA-VR-A8EW-01A-11R-A36D-31,0.5578274585341442,1
TCGA-09-0364-01A-02R-1564-13,0.778647289340636,1
TCGA-US-A77E-01A-11R-A32O-07,0.1913871636207972,1
TCGA-BP-4329-01A-02R-1289-07,0.5003638854678301,1
TCGA-E9-A2JS-01A-11R-A180-07,0.6069959220550988,0
TCGA-L5-A8NN-01A-11R-A37I-31,0.8810448165122955,1
TCGA-BP-4169-01A-02R-1289-07,0.369197566426675,1
TCGA-DD-A3A5-01A-11R-A22L-07,0.36692709384110317,1
TCGA-KK-A7B1-01A-11R-A32O-07,0.42007666936051324,1
TCGA-KR-A7K2-01A-12R-A33R-07,0.6081081298595239,1
TCGA-77-A5G8-01B-11R-A27Q-07,0.6126548205474854,1
TCGA-AA-A00F-01A-01R-A002-07,0.5157111911529444,1
TCGA-BP-4340-01A-01R-1289-07,0.5739746604697274,1
TCGA-BP-4164-01A-02R-1325-07,0.45505495199872215,1
TCGA-B6-A0RU-01A-11R-A084-07,0.6855970920151652,1
TCGA-EJ-7794-01A-11R-2118-07,0.5327772154283069,1
TCGA-C8-A12P-01A-11R-A115-07,0.7138701539759389,1
TCGA-09-1674-01A-01R-1566-13,0.7608104175805191,1
TCGA-G9-6365-01A-11R-1789-07,0.4897920814359582,1
TCGA-J4-8200-01A-11R-A29R-07,0.4821860128139201,0
TCGA-BH-A0H5-01A-21R-A115-07,0.6056505156484936,1
TCGA-66-2787-01A-01R-0980-07,0.48229746593994566,1
TCGA-XK-AAIV-01A-11R-A41O-07,0.8975641355772508,1
TCGA-G9-6351-01A-21R-1965-07,0.43561699456653935,1
TCGA-BP-4967-01A-01R-1334-07,0.5483349010945466,0
TCGA-39-5036-01A-01R-1443-07,0.5286702056928302,1
TCGA-2J-AAB8-01A-12R-A41B-07,0.33684246172639287,0
TCGA-ZP-A9CV-01A-11R-A38B-07,0.4267771733409607,1
TCGA-A6-5667-01A-21R-1723-07,0.5053507425307574,1
TCGA-XJ-A83F-01A-11R-A352-07,0.5683830608745092,1
TCGA-BP-4160-01A-02R-1289-07,0.514362833876722,1
TCGA-AA-A02H-01A-01R-A089-07,0.4526909279193309,1
TCGA-SU-A7E7-01A-22R-A33R-07,0.3585431887985607,1
TCGA-LN-A8HZ-01A-11R-A36D-31,0.4387409725949263,1
TCGA-VP-A87C-01A-11R-A352-07,0.753211766652565,1
TCGA-G9-6347-01A-11R-A31N-07,0.977207998524826,1
TCGA-2L-AAQM-01A-11R-A39D-07,0.9864449107406315,0
TCGA-CA-5797-01A-01R-1653-07,0.6601999752649272,1
TCGA-2J-AABA-01A-21R-A41B-07,0.3708242716350243,1
TCGA-77-8156-01A-11R-2247-07,0.5310253220394254,1
TCGA-VR-A8EZ-01A-11R-A36D-31,0.8599276328470173,0
TCGA-J9-A52C-01A-11R-A26U-07,0.6805061389099823,1
TCGA-BP-4989-01A-01R-1334-07,0.6404025053464594,0
TCGA-EB-A3Y7-01A-11R-A239-07,0.19012305462177606,1
TCGA-13-1506-01A-01R-1565-13,0.6525206170018198,1
TCGA-EJ-A46D-01A-21R-A32Y-07,0.27617321919520704,0
TCGA-HC-A631-01A-11R-A29R-07,0.6632454356392414,1
TCGA-69-7761-01A-11R-2170-07,0.6680857825541621,1
TCGA-61-2092-01A-01R-1568-13,0.8927224802624232,1
TCGA-BH-A1FN-01A-11R-A13Q-07,0.7558804033992853,1
TCGA-G3-A25X-01A-11R-A16W-07,0.866006285395856,1
TCGA-34-8455-01A-11R-2326-07,0.6641256388205783,1
TCGA-BP-4972-01A-01R-1334-07,0.30558465791532363,0
TCGA-13-0885-01A-02R-1569-13,0.5790988401688211,0
TCGA-CJ-6027-01A-11R-1672-07,0.6291352163780661,0
TCGA-O1-A52J-01A-11R-A262-07,0.6967941962647388,1
TCGA-EB-A3XB-01A-11R-A239-07,0.5891275006317618,1
TCGA-KK-A7AY-01A-11R-A33R-07,0.781421538789324,1
TCGA-AA-3930-01A-01R-1022-07,0.6369194642204214,0
TCGA-49-4506-01A-01R-1206-07,0.8277361183882551,1
TCGA-61-2000-01A-01R-1568-13,0.566056860242905,1
TCGA-Z5-AAPL-01A-12R-A41B-07,0.9269202520785536,1
TCGA-ZG-A9LU-01A-11R-A41O-07,0.8408091449976133,1
TCGA-JY-A93F-01A-21R-A37I-31,0.5125224979645066,0
TCGA-66-2800-01A-01R-1201-07,0.596010276505839,1
TCGA-66-2773-01A-01R-1201-07,0.4622057485276357,0
TCGA-C8-A27A-01A-11R-A169-07,0.7200352154340527,1
TCGA-G7-A8LE-01A-11R-A36F-07,0.5382482086845349,1
TCGA-HC-7819-01A-11R-2118-07,0.3412279852932369,0
TCGA-50-5936-01A-11R-1628-07,0.5771069184006526,1
TCGA-86-8359-01A-11R-2326-07,0.5688551015405688,1
TCGA-AA-3518-01A-02R-0826-07,0.3808015447371011,1
TCGA-HC-7211-01A-11R-2118-07,0.8617536172406551,1
TCGA-BH-A0C0-01A-21R-A056-07,0.628325251534219,1
TCGA-AA-A02O-01A-21R-A16W-07,0.7436357056241513,1
TCGA-KK-A8I5-01A-11R-A36G-07,0.4976228517505197,1
TCGA-BP-5000-01A-01R-1334-07,0.5985234762235572,1
TCGA-A8-A09X-01A-11R-A00Z-07,0.7340837041675512,1
TCGA-ER-A2NF-01A-11R-A18T-07,0.8161804005054047,0
TCGA-BH-A6R8-01A-21R-A33J-07,0.6438092650851566,0
TCGA-44-2661-01A-01R-1107-07,0.47196431095224917,1
TCGA-AO-A0J2-01A-11R-A034-07,0.743438356962482,1
TCGA-IG-A5B8-01A-11R-A28J-31,0.7511127882832801,1
TCGA-55-8512-01A-11R-2403-07,0.5592546287461504,0
TCGA-HE-A5NJ-01A-11R-A26U-07,0.4781598107598536,0
