sample_id,score,y_member
TCGA-B0-5115-01A-01R-1420-07,1.0027125599525102,1
TCGA-EJ-A46E-01A-31R-A250-07,0.9999795168872126,1
TCGA-DD-AAE7-01A-11R-A41C-07,1.0005265077266055,0
TCGA-Z6-A8JE-01A-11R-A37I-31,0.9995544104948368,1
TCGA-A8-A08F-01A-11R-A00Z-07,1.0007519304133845,0
TCGA-59-2350-01A-01R-1569-13,0.9998797698426202,1
TCGA-CZ-4858-01A-01R-1305-07,0.9994281845349229,1
TCGA-CZ-5470-01A-01R-1503-07,0.9992940149742172,1
TCGA-AN-A0XN-01A-21R-A109-07,0.9990958603928692,0
TCGA-37-A5EL-01A-11R-A26W-07,0.9994946209883291,1
TCGA-46-6025-01A-11R-1820-07,0.9981364569720627,1
TCGA-AN-A0XS-01A-22R-A109-07,0.9993268336802683,0
TCGA-M7-A725-01A-12R-A32O-07,1.0003977285382546,1
TCGA-XN-A8T3-01A-11R-A36G-07,0.995061741656028,1
TCGA-3K-AAZ8-01A-12R-A39D-07,1.0028405685585624,0
TCGA-B9-5155-01A-01R-1592-07,1.0005365592283788,1
TCGA-OK-A5Q2-01A-11R-A27Q-07,0.9972455313910075,1
TCGA-2Y-A9H8-01A-11R-A39D-07,1.001909904354848,1
TCGA-30-1866-01A-02R-1568-13,1.0015195087723745,1
TCGA-SX-A7SO-01A-11R-A355-07,1.0006548250034082,1
TCGA-55-7283-01A-11R-2039-07,0.9986735178077436,1
TCGA-M7-A720-01A-12R-A32O-07,1.001062766911824,1
TCGA-91-6828-01A-11R-1858-07,0.9995981252962003,1
TCGA-D8-A1JF-01A-11R-A13Q-07,1.0046373628876344,1
TCGA-D8-A1JG-01B-11R-A13Q-07,1.0018658574766102,1
TCGA-AL-3468-01A-02R-1351-07,0.999468278220576,1
TCGA-21-1082-01A-01R-0692-07,0.9979788363509422,1
TCGA-A4-8311-01A-11R-2404-07,1.0006071474128344,1
TCGA-BD-A3EP-01A-11R-A22L-07,0.9989221356784578,1
TCGA-92-7340-01A-21R-2045-07,0.9981426697918454,1
TCGA-EJ-A65B-01A-12R-A30B-07,1.0004181336450886,1
TCGA-HC-8261-01B-05R-2302-07,1.0064993316226836,1
TCGA-AZ-6601-01A-11R-1774-07,0.9972705989764056,1
TCGA-B0-4703-01A-01R-1277-07,0.9997299281265851,1
TCGA-AA-A004-01A-01R-A00A-07,1.0001198751870044,1
TCGA-30-1862-01A-02R-1568-13,0.9974736758711014,1
TCGA-09-2045-01A-01R-1568-13,0.9992048940843905,0
TCGA-E2-A10F-01A-11R-A10J-07,0.999388751719287,0
TCGA-OL-A6VO-01A-12R-A33J-07,1.0004404794371717,1
TCGA-BQ-5884-01A-11R-1592-07,1.0027106652395001,1
TCGA-49-4507-01A-01R-1206-07,0.9989647639847368,0
TCGA-ZG-A9LS-01A-12R-A41O-07,0.9971689602479662,0
TCGA-AN-A0FW-01A-11R-A034-07,1.000995803292246,1
TCGA-A6-A5ZU-01A-11R-A28H-07,0.9982342410198591,1
TCGA-QU-A6IL-01A-11R-A31N-07,1.0008524892142023,1
TCGA-67-4679-01B-01R-1755-07,0.9999617300088706,1
TCGA-DM-A28G-01A-11R-A16W-07,0.9990393769292948,1
TCGA-IB-AAUV-01A-11R-A38C-07,0.9988864666935636,1
TCGA-FB-AAPZ-01A-11R-A41B-07,0.995250340579042,1
TCGA-DD-AAEG-01A-11R-A39D-07,1.0009298933304385,0
TCGA-24-0975-01A-02R-1565-13,0.9975336634960695,0
TCGA-AA-3841-01A-01R-0905-07,0.9991575842717321,1
TCGA-75-6211-01A-11R-1755-07,1.0001898869493173,1
TCGA-IB-7887-01A-11R-2156-07,0.9963474658833416,1
TCGA-78-7161-01A-11R-2039-07,0.9994272644155618,1
TCGA-B0-5699-01A-11R-1541-07,1.001253551030791,1
TCGA-DD-A113-01A-11R-A131-07,1.0003997677354455,1
TCGA-E9-A1R2-01A-11R-A14D-07,1.0004575548403802,1
TCGA-78-7536-01A-11R-2066-07,1.0008881198888973,1
TCGA-B6-A0WY-01A-11R-A109-07,0.9962428691874958,0
TCGA-ZP-A9CY-01A-11R-A38B-07,1.001189531403685,0
TCGA-EJ-5495-01A-01R-1580-07,1.0013076756806532,1
TCGA-2H-A9GJ-01A-11R-A37I-31,1.0011511124210388,1
TCGA-AA-3955-01A-02R-1022-07,1.0013521566860066,0
TCGA-20-1684-01A-01R-1566-13,1.0010898204801377,1
TCGA-AA-3697-01A-01R-1723-07,0.9980919864924761,1
TCGA-56-5898-01A-11R-1635-07,0.9954493791587056,1
TCGA-BP-4801-01A-02R-1420-07,1.0015650501683975,1
TCGA-D8-A146-01A-31R-A115-07,1.0005501582546261,1
TCGA-DD-AACJ-01A-11R-A41C-07,1.0029437061830953,1
TCGA-BQ-5892-01A-11R-1592-07,1.0011835473505222,1
TCGA-BH-A0BF-01A-21R-A12P-07,0.9998515542533998,1
TCGA-HZ-8003-01A-21R-2204-07,0.997547679556203,1
TCGA-BH-A1EU-01A-11R-A137-07,1.0036681017052065,0
TCGA-61-1900-01A-01R-1567-13,1.000734652093403,1
TCGA-AM-5821-01A-01R-1653-07,0.9997764005877401,1
TCGA-A7-A26J-01A-11R-A169-07,1.003219431256403,1
TCGA-AR-A1AT-01A-11R-A12P-07,0.999876416478302,1
TCGA-OL-A5S0-01A-11R-A28M-07,0.9988342411350198,0
TCGA-63-6202-01A-11R-1820-07,0.9987262972223145,1
TCGA-A2-A3XV-01A-21R-A239-07,1.0022852775408022,1
TCGA-CH-5772-01A-11R-1580-07,1.0028704483250228,1
TCGA-OL-A5DA-01A-11R-A27Q-07,0.9998173914066345,1
TCGA-2Z-A9J1-01A-11R-A38C-07,0.9995120313321388,0
TCGA-LN-A8I0-01A-11R-A36D-31,0.9977962028732801,1
TCGA-50-8460-01A-11R-2326-07,0.9959840859789868,0
TCGA-86-8279-01A-11R-2287-07,0.9979269231668846,1
TCGA-56-A4ZJ-01A-11R-A262-07,0.9962665120534766,0
TCGA-67-3770-01A-01R-0946-07,1.0016076692980551,0
TCGA-A2-A0YF-01A-21R-A109-07,1.0029741956290166,0
TCGA-85-A50Z-01A-21R-A262-07,0.9988058653175341,0
TCGA-G9-6363-01A-21R-1789-07,1.0027110286391068,1
TCGA-G7-6790-01A-11R-1965-07,1.0008191385436667,1
TCGA-AR-A1AM-01A-41R-A22K-07,0.9994179834960875,1
TCGA-E2-A10C-01A-21R-A10J-07,0.9997357731684526,1
TCGA-AA-A00L-01A-01R-A002-07,0.9984664157329409,1
TCGA-55-7995-01A-11R-2187-07,0.9995661914284735,1
TCGA-G4-6309-01A-21R-1839-07,0.9992181607791952,1
TCGA-CJ-4908-01A-01R-1426-07,1.000724626186908,0
TCGA-EJ-A46B-01A-31R-A250-07,1.0012766050142765,1
TCGA-AR-A24Z-01A-11R-A169-07,1.0028270483418682,1
TCGA-A6-2685-01A-01R-1410-07,0.9960512936892645,1
TCGA-A4-A5DU-01A-11R-A28H-07,1.000456328913996,1
TCGA-AZ-6600-01A-11R-1774-07,0.9965770939354491,1
TCGA-CC-A7IH-01A-11R-A33J-07,1.0011183641879284,0
TCGA-QU-A6IM-01A-11R-A31N-07,1.0016966971488255,1
TCGA-LN-A49M-01A-21R-A260-31,0.9999331884902344,1
TCGA-66-2765-01A-01R-0851-07,0.9980714642658892,1
TCGA-A8-A0AB-01A-11R-A034-07,1.003660378368986,1
TCGA-S3-AA14-01A-11R-A41B-07,1.0001250015117025,1
TCGA-98-A538-01A-11R-A262-07,0.9994806541841664,1
TCGA-CM-6166-01A-11R-1653-07,0.9992479518849082,1
TCGA-5M-AAT4-01A-11R-A41B-07,0.9972748332207438,0
TCGA-61-2008-01A-02R-1568-13,0.9987089389982027,0
TCGA-B6-A0X0-01A-21R-A115-07,0.998891682353582,0
TCGA-86-8281-01A-11R-2287-07,1.0020172626687895,1
TCGA-24-1546-01A-01R-1566-13,0.9978313891496605,1
TCGA-V1-A9OL-01A-11R-A41O-07,0.9993734961778394,1
TCGA-BH-A201-01A-11R-A14M-07,1.000628197225597,1
TCGA-18-3409-01A-01R-0980-07,0.9990894921431344,1
TCGA-F4-6461-01A-11R-1774-07,0.9960041233079057,1
TCGA-AA-A02E-01A-01R-A00A-07,0.9988397223572764,1
TCGA-YL-A9WY-01A-11R-A41O-07,0.9963203127085087,0
TCGA-B0-5102-01A-01R-1420-07,0.9999991028303501,0
TCGA-G9-7521-01A-11R-2263-07,1.001417385146267,1
TCGA-CJ-4902-01A-01R-1426-07,1.0000749027165199,1
TCGA-CA-6717-01A-11R-1839-07,0.9962495767561407,1
TCGA-IG-A5S3-01A-11R-A28J-31,1.0014238755686362,1
TCGA-EJ-5497-01A-02R-1580-07,1.002642502637962,0
TCGA-BF-A5EO-01A-12R-A27Q-07,1.0000139128789063,1
TCGA-85-A4JC-01A-11R-A24Z-07,0.9969329978780144,1
TCGA-44-3917-01A-01R-A278-07,1.0042396865981051,1
TCGA-A8-A08H-01A-21R-A00Z-07,0.9980639970607171,0
TCGA-95-A4VN-01A-11R-A262-07,0.9984012855300538,1
TCGA-B0-5693-01A-11R-1541-07,1.001574169090457,1
TCGA-77-8138-01A-11R-2247-07,0.9985408014254605,1
TCGA-KK-A7B0-01A-11R-A32O-07,1.0003346447745938,1
TCGA-B0-5083-01A-02R-1420-07,1.003180644915846,1
TCGA-GM-A2DA-01A-11R-A18M-07,1.0005350881167177,1
TCGA-A2-A3KD-01A-12R-A213-07,1.0003308268895688,0
TCGA-DD-A39Y-01A-11R-A213-07,1.0013966199235576,0
TCGA-B6-A0WZ-01A-11R-A109-07,0.9999107073905914,0
TCGA-A6-2682-01A-01R-1410-07,0.9980690776677443,1
TCGA-D8-A1JU-01A-11R-A13Q-07,1.0023592271716202,1
TCGA-RL-AAAS-01A-32R-A39D-07,0.9962254314792577,1
TCGA-B9-A44B-01A-11R-A24Z-07,0.999092660943922,1
TCGA-B6-A0I5-01A-11R-A034-07,0.9994788354169827,0
TCGA-BH-AB28-01A-31R-A41B-07,0.999551132910909,1
TCGA-E9-A1N9-01A-11R-A14D-07,1.0022766478947194,1
TCGA-A3-3363-01A-01R-0864-07,1.001713278897749,1
TCGA-22-1000-01A-01R-A32Z-07,0.9972923913324662,1
TCGA-KK-A6E4-01A-11R-A30B-07,1.0022149384999277,1
TCGA-BQ-5889-01A-11R-1592-07,0.9967995477090509,1
TCGA-DM-A1HA-01A-11R-A155-07,0.9999648057706024,1
TCGA-BF-A5ER-01A-12R-A27Q-07,1.0008600166211166,1
TCGA-LL-A73Y-01A-11R-A33J-07,0.9991045984020882,1
TCGA-BF-A3DL-01A-11R-A20F-07,1.0012078973133283,1
TCGA-VR-A8EO-01A-11R-A36D-31,1.0001251970210043,1
TCGA-L1-A7W4-01A-12R-A36G-07,0.9992859545082411,1
TCGA-B0-4838-01A-01R-1305-07,1.0014237836241573,1
TCGA-2Y-A9GY-01A-11R-A38B-07,1.0010318728923693,1
TCGA-BP-4343-01A-02R-1289-07,1.0036811348350785,1
TCGA-BQ-5893-01A-11R-1592-07,0.9977191417796892,1
TCGA-HP-A5MZ-01A-21R-A27V-07,1.0003169516098804,1
TCGA-A7-A4SE-01A-11R-A266-07,0.9997415317387269,1
TCGA-66-2783-01A-01R-1201-07,0.9991029948465945,1
TCGA-73-4675-01A-01R-1206-07,0.9967673806963956,1
TCGA-D5-5538-01A-01R-1653-07,0.9981546378981712,0
TCGA-YL-A8SO-01B-31R-A37L-07,0.9980527907800729,0
TCGA-E2-A15H-01A-11R-A12D-07,1.000766122700436,0
TCGA-V1-A8WN-01A-11R-A37L-07,1.0021260034336446,1
TCGA-BH-A0EB-01A-11R-A034-07,1.0022160652397973,1
TCGA-DD-A39X-01A-11R-A213-07,1.0019961384247817,1
TCGA-E2-A1LK-01A-21R-A14D-07,0.999571492465508,1
TCGA-AR-A0TV-01A-21R-A084-07,1.0023622690014609,1
TCGA-A1-A0SD-01A-11R-A115-07,1.0008256326697715,1
TCGA-33-AASI-01A-22R-A405-07,0.9980587317247234,0
TCGA-L5-A4OW-01A-11R-A28J-31,0.9983601541852827,1
TCGA-86-7711-01A-11R-2066-07,1.0011195627498843,1
TCGA-34-5234-01A-01R-1635-07,1.0020082265145873,1
TCGA-63-7023-01A-11R-1949-07,1.0006771532822574,1
TCGA-BP-5191-01A-01R-1426-07,1.0011487332303655,1
TCGA-Q9-A6FW-01A-31R-A31P-31,0.9980637113760864,1
TCGA-CZ-5468-01A-01R-1503-07,0.9994904554477814,1
TCGA-78-7153-01A-11R-2039-07,0.996926396483351,0
TCGA-DD-A4NA-01A-11R-A266-07,1.0017520718057689,1
TCGA-43-2578-01A-01R-0851-07,0.9976345484808715,1
TCGA-5R-AA1C-01A-11R-A41C-07,1.0039825299312093,1
TCGA-78-7149-01A-11R-2039-07,0.9994406751745433,1
TCGA-CW-5591-01A-01R-1541-07,1.0000259948212533,0
TCGA-13-0906-01A-01R-1564-13,1.0001736259114926,0
TCGA-CJ-4876-01A-01R-1305-07,1.000001473684411,0
TCGA-M7-A724-01A-12R-A32O-07,1.0014041418575863,1
TCGA-62-A46Y-01A-11R-A24H-07,0.9969291351153271,1
TCGA-C8-A26V-01A-11R-A16F-07,1.0004950298775372,1
TCGA-OL-A5D8-01A-11R-A27Q-07,1.0000011785685905,1
TCGA-77-8143-01A-11R-2247-07,0.9998689054900447,1
TCGA-BH-A0DO-01B-11R-A12D-07,1.002429282297014,1
TCGA-CJ-5675-01A-11R-1541-07,1.0000588321351156,1
TCGA-A2-A4S0-01A-21R-A266-07,1.0015474252874703,1
TCGA-B9-4117-01A-02R-1351-07,1.0022618316987046,1
TCGA-BP-4352-01A-01R-1289-07,0.9998425180991978,1
TCGA-A2-A0ST-01A-12R-A084-07,0.9986665727158617,1
TCGA-E2-A1IH-01A-11R-A13Q-07,1.0015876674156088,1
TCGA-37-3792-01A-01R-0980-07,1.001685196426934,1
TCGA-AK-3427-01A-01R-0864-07,1.0042197988062487,1
TCGA-AA-3506-01A-01R-1410-07,0.9982403089354566,1
TCGA-CZ-5466-01A-01R-1503-07,0.9993703507831758,1
TCGA-77-8140-01A-11R-2247-07,0.9995052887370258,1
TCGA-21-5786-01A-01R-1635-07,0.9977930684243874,1
TCGA-86-8075-01A-11R-2241-07,0.9985689309630922,0
TCGA-A3-A8OX-01A-11R-A37O-07,1.0001780786512524,1
TCGA-95-8494-01A-11R-2326-07,0.9986583425904307,1
TCGA-IG-A7DP-01A-31R-A336-31,0.9994387147869057,1
TCGA-AD-6964-01A-11R-1928-07,0.9962464451709753,1
TCGA-A8-A0A6-01A-12R-A056-07,1.002294236654601,1
TCGA-B0-5711-01A-11R-1672-07,1.003026921409308,1
TCGA-BH-A1FM-01A-11R-A13Q-07,1.0053437854532916,1
TCGA-CH-5771-01A-21R-1580-07,0.9991858970237485,0
TCGA-69-7980-01A-11R-2187-07,0.9978317715770827,1
TCGA-AR-A254-01A-21R-A169-07,1.000971343871727,0
TCGA-A6-2683-01A-01R-0821-07,0.9999110583298453,0
TCGA-PL-A8LY-01A-11R-A41B-07,0.9947937913640659,0
TCGA-G3-A3CH-01A-11R-A22L-07,1.0010376785294601,1
TCGA-57-1583-01A-01R-1566-13,1.0012913934258587,1
TCGA-A4-8310-01A-11R-2404-07,0.9996869035833856,1
TCGA-XK-AAJP-01A-11R-A41O-07,1.0007169345934244,1
TCGA-EB-A3XE-01A-12R-A239-07,0.999862225285828,1
TCGA-AN-A0FZ-01A-11R-A034-07,1.002104447926248,0
TCGA-13-0911-01A-01R-1564-13,0.9998252960226539,1
TCGA-51-6867-01A-11R-2045-07,0.9995305202544248,1
TCGA-AN-A04D-01A-21R-A034-07,1.0018117787989875,1
TCGA-DD-AADC-01A-11R-A41C-07,1.0011018006268118,1
TCGA-73-4677-01A-01R-1206-07,1.001008601088035,1
TCGA-L9-A743-01A-43R-A39D-07,0.9966777030868146,1
TCGA-E9-A6HE-01A-11R-A31O-07,0.9998299184218686,1
TCGA-E2-A15D-01A-11R-A115-07,1.0007147717090181,1
TCGA-73-4658-01A-01R-1755-07,0.9987283298520425,1
TCGA-CH-5788-01A-11R-1580-07,1.0030787211773486,1
TCGA-E2-A14Z-01A-11R-A115-07,0.9989047292929523,1
TCGA-EB-A6QY-01A-12R-A32P-07,1.000235665448573,1
TCGA-CH-5753-01A-11R-1580-07,1.003792619704795,1
TCGA-AC-A3W5-01A-11R-A22K-07,0.9966110466234056,1
TCGA-A6-A566-01A-11R-A28H-07,0.9974384429479086,1
TCGA-AA-3994-01A-01R-1113-07,0.9982314866437989,1
TCGA-MS-A51U-01A-31R-A266-07,0.9998394350954303,1
TCGA-13-1509-01A-01R-1565-13,0.9993783320195943,1
TCGA-IG-A6QS-01A-12R-A336-31,0.9993451324007023,1
TCGA-EW-A1PG-01A-11R-A144-07,1.0019393769386165,1
TCGA-23-1023-01A-02R-1564-13,0.9989810443049455,0
TCGA-XJ-A9DI-01A-11R-A37L-07,0.9975152921135406,0
TCGA-68-A59I-01A-11R-A262-07,0.9989109541530835,1
TCGA-13-0891-01A-01R-1564-13,1.0018265573593756,1
TCGA-A7-A13E-01A-11R-A12P-07,1.0004358679837284,1
TCGA-A8-A07E-01A-11R-A034-07,1.0006468444415624,1
TCGA-EJ-7785-01A-11R-2118-07,1.0025615706996398,1
TCGA-98-A53C-01A-11R-A262-07,0.9986632014183052,1
TCGA-IB-A7M4-01A-11R-A36G-07,0.9953269062491975,1
TCGA-78-7146-01A-11R-2039-07,1.000408633390184,1
TCGA-2Z-A9J9-01A-11R-A42S-07,0.9995647750456689,1
TCGA-FR-A726-01A-11R-A32P-07,0.9979439810568589,1
TCGA-49-4487-01A-21R-1858-07,0.9988195978821915,1
TCGA-C8-A278-01A-11R-A169-07,1.0017064574930827,1
TCGA-MP-A4T9-01A-11R-A24X-07,0.9963622372016937,1
TCGA-BH-A1FG-01A-11R-A13Q-07,1.0030562002529249,1
TCGA-CK-6746-01A-11R-1839-07,0.997596067107329,1
TCGA-E9-A1N8-01A-11R-A144-07,1.0018452772374355,1
TCGA-2Z-A9J6-01A-11R-A38C-07,1.0001714352426536,1
TCGA-A6-6137-01A-11R-1774-07,0.9979775889530198,1
TCGA-V1-A9OA-01A-11R-A41O-07,0.9995154336978593,1
TCGA-HV-A7OP-01A-11R-A33R-07,0.9999870464832813,1
TCGA-KK-A7B3-01A-11R-A33R-07,0.9998133546061837,1
TCGA-UB-A7MA-01A-11R-A33R-07,0.9990434629857163,1
TCGA-VR-AA7D-01A-11R-A406-31,1.0007077189285731,1
TCGA-D8-A1Y0-01A-11R-A14M-07,1.0030848135936474,1
TCGA-DD-A4NF-01A-11R-A27V-07,1.0039957119235707,1
TCGA-AR-A24Q-01A-12R-A169-07,1.000875765396845,0
TCGA-BP-4986-01A-01R-1334-07,1.0016380814490042,1
TCGA-L4-A4E6-01A-11R-A24H-07,1.0001415657473918,1
TCGA-EJ-A46F-01A-31R-A250-07,1.0012774007718492,1
TCGA-21-1078-01A-01R-0692-07,0.9975233591469795,0
TCGA-33-4587-01A-11R-2125-07,1.0014952916734055,1
TCGA-VN-A88Q-01A-11R-A352-07,1.0003831739461737,1
TCGA-RC-A7S9-01A-11R-A33R-07,1.0008608349448047,1
TCGA-98-A53J-01A-11R-A26W-07,0.9997320209580552,0
TCGA-B0-5705-01A-11R-1541-07,1.002884528965207,1
TCGA-97-7546-01A-11R-2039-07,1.0010581515000763,1
TCGA-YL-A8SQ-01B-11R-A37L-07,0.9998084147796017,1
TCGA-AA-3712-01A-21R-1723-07,0.9985298337626305,1
TCGA-AR-A5QM-01A-11R-A27Q-07,0.9978343810489577,0
TCGA-HC-7077-01A-11R-1965-07,1.0023021789062472,0
TCGA-66-2795-01A-02R-0980-07,1.0003150025880183,1
TCGA-BP-4977-01A-01R-1334-07,1.0010051498863481,1
TCGA-CZ-5988-01A-11R-1672-07,1.0021162846833183,1
TCGA-LL-A5YP-01A-21R-A28M-07,0.9979647813060362,1
TCGA-B0-4706-01A-01R-1503-07,0.9986341885569308,1
TCGA-29-1784-01A-02R-1567-13,1.0010208336620217,1
TCGA-55-7903-01A-11R-2170-07,0.9979548928962553,0
TCGA-CM-6680-01A-11R-1839-07,0.9966302144380799,1
TCGA-49-6743-01A-11R-1858-07,1.0004800698719143,1
TCGA-B0-4815-01A-01R-1503-07,0.9981146869275491,1
TCGA-EW-A1PE-01A-11R-A144-07,1.0022860886224547,1
TCGA-VN-A88I-01A-11R-A352-07,0.9971616856883686,1
TCGA-NJ-A7XG-01A-12R-A39D-07,0.9993063957361203,1
TCGA-G7-A8LC-01A-11R-A36F-07,1.0012191287692462,1
TCGA-G9-7525-01A-31R-2263-07,1.0006606273567675,1
TCGA-A3-3362-01A-02R-1325-07,1.0008003129116294,0
TCGA-AN-A0AR-01A-11R-A00Z-07,1.0011211684945323,1
TCGA-R6-A8WC-01A-11R-A37I-31,0.9999814691928061,0
TCGA-73-A9RS-01A-11R-A41B-07,0.9993841741977348,1
TCGA-05-4390-01A-02R-1755-07,0.998191381757806,1
TCGA-CM-5349-01A-21R-1723-07,0.9983373217263813,1
TCGA-CJ-4637-01A-02R-1325-07,0.999918917813634,1
TCGA-CJ-4897-01A-03R-1426-07,1.003583860860224,0
TCGA-D8-A3Z6-01A-11R-A239-07,0.9988119314639818,0
TCGA-68-7757-01B-11R-2296-07,0.9972612090192224,1
TCGA-HI-7168-01A-11R-2118-07,0.9983981020797591,1
TCGA-DV-A4VZ-01A-11R-A266-07,1.0003329219101929,1
TCGA-CC-A7IJ-01A-11R-A33R-07,0.9992307812534895,1
TCGA-3C-AALJ-01A-31R-A41B-07,0.9998016721844887,1
TCGA-49-4505-01A-01R-1206-07,0.9990948895029562,1
TCGA-V5-A7RE-01A-11R-A354-31,0.9984975290878255,1
TCGA-CC-5261-01A-01R-A131-07,1.0000159871025653,1
TCGA-85-A4CN-01A-11R-A24H-07,0.9970030967864933,1
TCGA-BH-A0HI-01A-11R-A084-07,1.0007760132993713,1
TCGA-55-A48Z-01A-12R-A24X-07,0.99712535120058,1
TCGA-60-2720-01A-01R-0851-07,0.9992257483878517,1
TCGA-A7-A5ZV-01A-11R-A28M-07,1.0001066947092243,0
TCGA-HC-7231-01A-11R-2118-07,1.0016424761761762,1
TCGA-66-2771-01A-01R-0980-07,1.0016214427820702,1
TCGA-EJ-A65J-01A-11R-A311-07,1.0020226359479145,1
TCGA-G4-6322-01A-11R-1723-07,0.9995265403719847,1
TCGA-IB-A7LX-01A-12R-A36G-07,0.9967064488713698,0
TCGA-86-8669-01A-11R-2403-07,0.9974098208505692,1
TCGA-B0-5697-01A-11R-1541-07,1.000116291961489,1
TCGA-G4-6323-01A-11R-1723-07,0.9976363523439796,0
TCGA-L5-A4OT-01A-11R-A28J-31,1.0000272667198769,1
TCGA-3E-AAAZ-01A-11R-A38C-07,0.994119380801116,0
TCGA-13-1498-01A-01R-1565-13,0.9999232103251288,1
TCGA-WN-AB4C-01A-11R-A42S-07,1.001413464370992,0
TCGA-AA-A02W-01A-01R-A00A-07,0.9989430427761898,1
TCGA-A6-5660-01A-01R-1653-07,0.9998702518199131,1
TCGA-85-A50M-01A-21R-A262-07,0.999477401520944,1
TCGA-B4-5378-01A-01R-1503-07,1.0016620599301593,1
TCGA-EW-A1PF-01A-11R-A144-07,1.000052041378609,0
TCGA-44-4112-01B-06R-A277-07,1.00484312368545,0
TCGA-23-1021-01B-01R-1564-13,1.000405334334718,1
TCGA-CJ-4888-01A-01R-1305-07,0.9988714753652083,1
TCGA-FB-AAQ6-01A-11R-A41B-07,0.9955780142828797,0
TCGA-39-5021-01A-01R-1443-07,0.99866150112002,0
TCGA-HZ-8638-01A-11R-2404-07,0.998101846443252,1
TCGA-55-8085-01A-11R-2241-07,0.9987699270666663,0
TCGA-24-2038-01A-01R-1568-13,0.9988676504927162,0
TCGA-UZ-A9PS-01A-11R-A42S-07,1.0021358852759628,1
TCGA-23-1022-01A-01R-1564-13,1.0001249967133896,1
TCGA-25-1635-01A-01R-1566-13,0.9991118298531734,1
TCGA-56-8308-01A-11R-2296-07,0.9979035627018028,1
TCGA-A7-A13G-01A-11R-A13Q-07,1.0073854465372578,1
TCGA-BH-A0DX-01A-11R-A115-07,0.9997078654099739,1
TCGA-BH-A0HO-01A-11R-A034-07,1.0018519103748358,1
TCGA-A8-A092-01A-11R-A00Z-07,1.0018882547138186,1
TCGA-A8-A08I-01A-11R-A00Z-07,1.00194099581819,1
TCGA-QU-A6IO-01A-11R-A31N-07,1.001332049724156,1
TCGA-D8-A1XO-01A-11R-A14M-07,1.0022443578694213,0
TCGA-HE-A5NL-01A-11R-A26U-07,0.9994188066180881,0
TCGA-CZ-5984-01A-11R-1672-07,0.9999955283614519,1
TCGA-EJ-A7NJ-01A-22R-A352-07,1.0015122225924327,1
TCGA-A6-6653-01A-11R-1774-07,0.999650722336395,1
TCGA-BC-4073-01B-02R-A131-07,1.0011820849954782,1
TCGA-HZ-7923-01A-12R-2156-07,0.9994616002055136,1
TCGA-AL-7173-01A-11R-2139-07,0.9982108564740806,0
TCGA-A2-A1FX-01A-11R-A13Q-07,1.000314181655172,1
TCGA-AZ-4323-01A-21R-1839-07,0.9975537544592676,1
TCGA-J4-A67R-01A-21R-A30B-07,1.000812825022788,1
TCGA-BF-AAP8-01A-11R-A40A-07,0.9998148596497358,1
TCGA-IG-A97H-01A-11R-A38D-31,1.0012141907118142,1
TCGA-DM-A28C-01A-11R-A32Y-07,1.000055033952479,1
TCGA-NJ-A4YQ-01A-11R-A262-07,1.0000284028909368,1
TCGA-LN-A49K-01A-11R-A24K-31,0.9987005282675454,1
TCGA-44-2655-01A-01R-0946-07,1.0005786030304709,1
TCGA-B8-5164-01A-01R-1420-07,1.0040245846790727,1
TCGA-IZ-8195-01A-31R-2404-07,1.0014053951483988,1
TCGA-XD-AAUG-01A-61R-A41B-07,0.9976038543490273,1
TCGA-OE-A75W-01A-12R-A32O-07,0.9977816804439401,1
TCGA-UZ-A9PU-01A-11R-A42S-07,1.0002834400365068,1
TCGA-CM-4752-01A-01R-1410-07,0.999240580582519,1
TCGA-MR-A520-01A-11R-A266-07,1.002862255415214,1
TCGA-E9-A1R0-01A-22R-A16F-07,1.0013356235184814,1
TCGA-43-8115-01A-11R-2247-07,0.9970266772615779,1
TCGA-F2-A7TX-01A-33R-A38C-07,0.9950359245398652,0
TCGA-13-1404-01A-01R-1565-13,0.9993887779891382,1
TCGA-13-0923-01A-01R-1564-13,1.0002082776142303,1
TCGA-LB-A7SX-01A-11R-A33R-07,0.9953663883208042,1
TCGA-BP-5001-01A-01R-1334-07,1.0003999822725627,0
TCGA-09-1665-01B-01R-1566-13,1.0011541608183425,1
TCGA-GL-A9DC-01A-11R-A37K-07,0.9991712789461941,1
TCGA-IA-A83T-01A-11R-A355-07,0.998997608960639,0
TCGA-86-8668-01A-11R-2403-07,0.999705040726409,1
TCGA-A6-5661-01A-01R-1653-07,0.9998151934957599,1
TCGA-V5-A7RC-01B-11R-A406-31,0.9989600951932784,0
TCGA-05-4417-01A-22R-1858-07,0.9978501648511542,0
TCGA-29-1693-01A-01R-1567-13,1.0009607829715845,1
TCGA-AN-A0FX-01A-11R-A034-07,0.9991068773116702,1
TCGA-C8-A135-01A-11R-A115-07,1.0011273068830702,1
TCGA-CM-6162-01A-11R-1653-07,0.9976709092385112,1
TCGA-E2-A15C-01A-31R-A12D-07,1.0020579699922074,1
TCGA-D8-A1JI-01A-11R-A13Q-07,1.0029801731147165,1
TCGA-24-1563-01A-01R-1566-13,0.9982530136921898,1
TCGA-BH-A42V-01A-11R-A24H-07,0.997490018327638,1
TCGA-A6-6780-01A-11R-1839-07,0.9999702410206195,1
TCGA-A3-3323-01A-02R-1325-07,1.00218706879708,1
TCGA-B0-4712-01A-01R-1503-07,1.0001963756025365,1
TCGA-85-A4QR-01A-11R-A24Z-07,0.9987823708940385,0
TCGA-EW-A423-01A-11R-A24H-07,1.0001137667720532,0
TCGA-HZ-A8P0-01A-11R-A36G-07,0.9955552941454184,1
TCGA-B1-A47M-01A-11R-A24Z-07,0.9989478819016759,1
TCGA-91-6830-01A-11R-1949-07,0.9981734040030392,1
TCGA-AO-A0J9-01A-11R-A034-07,0.9984141139740027,1
TCGA-V1-A8WV-01A-11R-A37L-07,0.9970179195499708,0
TCGA-LN-A49N-01A-11R-A24K-31,0.9998689306653186,1
TCGA-BF-AAP6-01A-11R-A40A-07,0.9979646554296665,0
TCGA-B6-A401-01A-11R-A239-07,0.9973884503267075,1
TCGA-BQ-7060-01A-11R-1965-07,1.0017225423039895,1
TCGA-EP-A2KB-01A-11R-A180-07,1.002049072174728,1
TCGA-A2-A0SY-01A-31R-A084-07,1.0008436045316484,1
TCGA-CZ-4860-01A-01R-1305-07,1.001557635082923,1
TCGA-CM-6169-01A-11R-1653-07,0.9980138785631463,1
TCGA-85-8353-01A-21R-2296-07,0.998275408065671,1
TCGA-AA-3850-01A-01R-1022-07,0.9978566027338212,1
TCGA-2Z-A9JJ-01A-11R-A42S-07,0.998559816419341,1
TCGA-C8-A1HE-01A-11R-A13Q-07,1.0029387970046728,1
TCGA-97-7552-01A-11R-2039-07,0.9996694899558444,1
TCGA-YL-A8SC-01A-11R-A37L-07,1.000560817246706,1
TCGA-BQ-5877-01A-11R-1592-07,0.997903071236672,1
TCGA-AA-3986-01A-02R-1022-07,0.9972827049994495,1
TCGA-A6-6140-01A-11R-1774-07,0.9990013370903397,1
TCGA-MP-A5C7-01A-11R-A262-07,1.0007075332704656,1
TCGA-86-7955-01A-11R-2187-07,1.0002171616222113,1
TCGA-A3-3311-01A-02R-1325-07,1.0018503534661545,0
TCGA-MP-A4T8-01A-11R-A24X-07,0.9963258228097747,1
TCGA-49-4488-01A-01R-1755-07,1.0002699322801651,1
TCGA-A8-A07O-01A-11R-A00Z-07,1.0019042066608885,1
TCGA-EJ-7312-01B-21R-A32O-07,1.001049087306873,1
TCGA-CK-5912-01A-11R-1653-07,1.0018516170281653,1
TCGA-56-6546-01A-11R-1820-07,0.9983437687856695,1
TCGA-B6-A1KC-01B-11R-A157-07,1.0035153611289302,0
TCGA-5P-A9JU-01A-11R-A42S-07,1.0003177663952685,1
TCGA-B9-4114-01A-01R-1193-07,1.0015351371446188,1
TCGA-EB-A551-01A-21R-A27Q-07,1.000460518955245,1
TCGA-A7-A0DB-01A-11R-A277-07,1.0049547366206908,1
TCGA-G4-6628-01A-11R-1839-07,0.9971860892854539,0
TCGA-LD-A66U-01A-11R-A31O-07,0.999618823075132,1
TCGA-91-6840-01A-11R-1949-07,0.9996783768275527,1
TCGA-EJ-5527-01A-01R-1580-07,1.0034219192686036,1
TCGA-29-2428-01A-01R-1569-13,1.000232957044752,1
TCGA-22-4601-01A-01R-1443-07,0.997983740056479,1
TCGA-22-0940-01A-01R-0692-07,0.9991646836989891,1
TCGA-24-1555-01A-01R-1566-13,1.0001498096823211,1
TCGA-F4-6856-01A-11R-1928-07,0.9979811277208769,1
TCGA-LG-A9QD-01A-11R-A38B-07,1.0016225154676566,1
TCGA-B0-4814-01A-01R-1277-07,1.0021471495691947,1
TCGA-DD-A3A7-01A-11R-A22L-07,1.0013287119384862,0
TCGA-BQ-7050-01A-11R-1965-07,0.9997165950825798,1
TCGA-EJ-5524-01A-01R-1580-07,1.0028076618663366,1
TCGA-E9-A22A-01A-11R-A157-07,1.0002661986775792,1
TCGA-BH-A1FJ-01A-11R-A13Q-07,1.0033939374988843,1
TCGA-EJ-5517-01A-01R-1580-07,1.0042381782708214,1
TCGA-FB-AAPP-01A-12R-A41B-07,0.9983765185333616,1
TCGA-EJ-8472-01A-11R-2403-07,1.0013367969051634,0
TCGA-BP-4770-01A-01R-1503-07,0.9991805970812911,1
TCGA-CJ-5681-01A-11R-1541-07,1.0020747159277001,1
TCGA-EJ-5542-01A-01R-1580-07,1.0034320791335125,1
TCGA-13-1407-01A-01R-1565-13,1.001009418317146,0
TCGA-J7-A8I2-01A-12R-A36F-07,0.9990390671639675,0
TCGA-ED-A627-01A-12R-A311-07,1.0002781744459446,1
TCGA-2J-AABU-01A-11R-A41B-07,0.9958102032254645,1
TCGA-E9-A1QZ-01A-21R-A169-07,1.0005056330461832,1
TCGA-66-2744-01A-01R-0980-07,0.9993201950699825,1
TCGA-29-1781-01A-01R-1567-13,1.0017377849650801,1
TCGA-LN-A49L-01A-11R-A24K-31,1.0027193152625444,1
TCGA-18-4721-01A-01R-1443-07,0.9993265541430962,1
TCGA-A7-A5ZW-01A-12R-A29R-07,1.0001756125689811,0
TCGA-B6-A409-01A-11R-A24H-07,0.9995286627570373,1
TCGA-FC-A4JI-01A-11R-A250-07,1.0019968936830006,1
TCGA-13-1405-01A-01R-1565-13,0.9976402934962159,0
TCGA-DD-AADO-01A-11R-A41C-07,1.0028798507425587,1
TCGA-WX-AA46-01A-11R-A39D-07,1.0026538019576618,0
TCGA-4N-A93T-01A-11R-A37K-07,0.9987613630952109,0
TCGA-V1-A9OF-01A-11R-A41O-07,1.0026079431342718,1
TCGA-Y8-A897-01A-11R-A36F-07,1.0005057140448907,1
TCGA-A6-3807-01A-01R-1022-07,0.9994398625783095,1
TCGA-DD-A1ED-01A-11R-A155-07,1.0009222619386968,0
TCGA-AO-A0J8-01A-21R-A034-07,1.0001190612416246,0
TCGA-BH-A42T-01A-11R-A24H-07,0.9996802025822035,1
TCGA-25-1329-01A-01R-1565-13,0.9992671021863486,1
TCGA-AO-A12H-01A-11R-A115-07,1.00066510198807,1
TCGA-G3-A25T-01A-11R-A16W-07,0.9998564765667477,0
TCGA-G9-7509-01A-11R-A41O-07,1.0008075531193317,1
TCGA-BC-A8YO-01A-11R-A37K-07,1.000804391306011,0
TCGA-50-5942-01A-21R-1755-07,1.0012074726174023,1
TCGA-GM-A2DB-01A-31R-A18M-07,0.9988123769568732,1
TCGA-C8-A133-01A-32R-A12D-07,1.0017092213003327,1
TCGA-NC-A5HD-01A-11R-A26W-07,0.9990659871938717,1
TCGA-AR-A0U0-01A-11R-A109-07,1.0006882096058347,1
TCGA-23-1029-01B-01R-1567-13,1.0009672781922665,1
TCGA-HZ-8637-01A-11R-2404-07,0.9994314062954172,1
TCGA-D8-A1JM-01A-11R-A13Q-07,1.0021233359491817,1
TCGA-91-8499-01A-11R-2403-07,1.0016866817680976,1
TCGA-ZP-A9D2-01A-11R-A38B-07,0.9988805734903025,0
TCGA-2Y-A9GV-01A-11R-A38B-07,1.0019343743011337,1
TCGA-B8-A54D-01A-21R-A266-07,1.0005953178977998,1
TCGA-A4-8630-01A-11R-2404-07,1.0012666071467826,1
TCGA-F4-6855-01A-11R-1928-07,0.9958172658571034,1
TCGA-EB-A3HV-01A-11R-A21D-07,0.9994414271490307,1
TCGA-XJ-A83G-01A-11R-A352-07,1.0008340751431652,1
TCGA-AA-3560-01A-01R-0821-07,1.001444202960494,1
TCGA-D8-A1XA-01A-11R-A14D-07,1.0016226161687523,1
TCGA-BP-4963-01A-01R-1334-07,1.0014688981351,1
TCGA-04-1338-01A-01R-1564-13,0.998395514919431,0
TCGA-09-1662-01A-01R-1566-13,0.9981195825510417,0
TCGA-24-1417-01A-01R-1565-13,0.9978389060308079,0
TCGA-ZG-A9LN-01A-11R-A41O-07,0.9989145513535328,1
TCGA-EJ-8474-01A-11R-2403-07,1.001212911571155,1
TCGA-13-0727-01A-01R-1564-13,0.9988228089514829,0
TCGA-37-5819-01A-01R-1635-07,1.0001121212026243,0
TCGA-E2-A1LI-01A-12R-A157-07,1.0018763369580408,1
TCGA-77-7138-01A-41R-2045-07,1.0005386892754713,0
TCGA-A2-A3XU-01A-12R-A22U-07,1.0015677625305224,1
TCGA-QG-A5YW-01A-11R-A28H-07,0.997763621015893,1
TCGA-49-AAR0-01A-21R-A39D-07,0.9978464542346878,1
TCGA-50-6590-01A-12R-1858-07,0.9985045457472252,1
TCGA-55-8510-01A-11R-2403-07,0.9959264159938047,1
TCGA-AL-3466-01A-02R-1351-07,1.0007113161290224,1
TCGA-IB-AAUU-01A-11R-A37L-07,0.9962958795578408,1
TCGA-AA-3815-01A-01R-1022-07,0.9975370759675526,0
TCGA-AR-A0TZ-01A-12R-A084-07,1.0027312531407147,1
TCGA-M7-A71Z-01A-12R-A32O-07,1.00126159507811,0
TCGA-A8-A09C-01A-11R-A00Z-07,1.0012052659499107,1
TCGA-DD-AAE1-01A-11R-A41C-07,1.0010553686650105,1
TCGA-BH-A1EX-01A-11R-A13Q-07,1.0008906647807214,0
TCGA-DM-A288-01A-11R-A16W-07,0.9995400846693756,1
TCGA-CC-A5UE-01A-11R-A28V-07,1.0019619510773154,1
TCGA-S8-A6BV-01A-21R-A31P-31,0.999737163955979,1
TCGA-AO-A03O-01A-11R-A00Z-07,1.0025366380017968,1
TCGA-IA-A83W-01A-11R-A355-07,0.9983268947846531,1
TCGA-86-A4P8-01A-11R-A24X-07,1.0017435833601354,1
TCGA-A4-7288-01A-11R-A32Z-07,1.0020307391023986,1
TCGA-33-4532-01A-01R-1201-07,1.0003223347401995,1
TCGA-OY-A56P-01A-12R-A406-31,1.0009354975653377,0
TCGA-GK-A6C7-01A-11R-A33J-07,1.001119710517797,1
TCGA-E2-A15E-01A-11R-A12D-07,0.9994494011434136,0
TCGA-DD-A39W-01A-11R-A213-07,1.003468309636474,0
TCGA-AR-A0U3-01A-11R-A109-07,1.00234195802826,1
TCGA-CJ-4900-01A-01R-1334-07,0.998106480882815,1
TCGA-E2-A15G-01A-11R-A12D-07,1.0023543683437457,1
TCGA-CH-5769-01A-11R-1580-07,0.9997936894334888,1
TCGA-60-2707-01A-01R-0851-07,0.9970540187036768,0
TCGA-CW-5589-01A-01R-1541-07,1.0014885490782923,1
TCGA-DD-AAEB-01A-11R-A41C-07,1.003442532345092,0
TCGA-61-2098-01A-01R-1568-13,0.9992930502317624,1
TCGA-05-4249-01A-01R-1107-07,0.9988714447170487,1
TCGA-33-4589-01A-01R-1443-07,1.0034419528937868,1
TCGA-E2-A15K-01A-11R-A12P-07,0.9995467922380207,0
TCGA-DD-A4NL-01A-11R-A28V-07,1.0001490482766437,0
TCGA-BF-AAP2-01A-11R-A40A-07,0.9984087735321915,1
TCGA-44-6779-01A-11R-1858-07,1.0012812011436403,1
TCGA-85-7844-01A-11R-2125-07,0.9984248638159839,1
TCGA-AK-3460-01A-02R-1277-07,1.0018387465702814,0
TCGA-B2-4101-01A-02R-1277-07,1.0013676081567604,1
TCGA-51-4080-01A-01R-1100-07,1.0012977347311698,1
TCGA-3C-AALI-01A-11R-A41B-07,1.0000441249768095,0
TCGA-IB-A5SP-01A-11R-A32O-07,0.9967367916439558,1
TCGA-L5-A88Z-01A-11R-A36D-31,0.9999281096523569,1
TCGA-D9-A4Z5-01A-11R-A266-07,0.9992131246298259,0
TCGA-BH-A0DG-01A-21R-A12P-07,0.9998779160489686,1
TCGA-L5-A8NF-01A-11R-A37I-31,1.0002062563502776,0
TCGA-EJ-7325-01B-11R-A32O-07,1.0022727993615346,1
TCGA-13-1497-01A-01R-1565-13,1.0006809499503129,1
TCGA-HC-7736-01A-11R-2118-07,1.0020223447903982,1
TCGA-AR-A1AH-01A-11R-A12D-07,1.002871684102601,1
TCGA-A7-A26F-01B-04R-A22O-07,1.0026197463794553,1
TCGA-04-1337-01A-01R-1564-13,0.9972866421933817,0
TCGA-EB-A6QZ-01A-12R-A32P-07,0.9988735660075242,0
TCGA-AK-3444-01A-02R-1325-07,1.0026639355527198,1
TCGA-B0-5092-01A-01R-1420-07,0.9991294919497229,0
TCGA-A8-A09A-01A-11R-A00Z-07,1.002516538701986,1
TCGA-LN-A49O-01A-11R-A24K-31,1.0005259665854995,1
TCGA-61-1737-01A-01R-1567-13,0.9985006070387118,0
TCGA-EJ-A46H-01A-31R-A26U-07,1.0001841404193914,1
TCGA-B6-A0X5-01A-21R-A109-07,1.0021507726194907,1
TCGA-C8-A26X-01A-31R-A16F-07,0.999058347045513,1
TCGA-21-1077-01A-01R-0692-07,0.9976716640767257,1
TCGA-GM-A2DD-01A-11R-A180-07,0.9979407115549752,0
TCGA-BP-4326-01A-01R-1289-07,1.0004323609586079,1
TCGA-DA-A960-01A-11R-A37K-07,1.0009445208391827,1
TCGA-94-A5I4-01A-11R-A26W-07,0.9982501561713111,1
TCGA-AA-3520-01A-01R-0821-07,0.9986956486427053,1
TCGA-2Y-A9H1-01A-11R-A38B-07,1.0032042232017764,0
TCGA-63-A5ML-01A-31R-A27Q-07,0.9987333539610636,1
TCGA-KK-A8IB-01A-11R-A36G-07,0.9978065623712308,1
TCGA-AA-3947-01A-01R-1022-07,1.0056681257497682,0
TCGA-B8-4621-01A-01R-1503-07,1.0006649049641867,1
TCGA-S3-AA11-01A-31R-A41B-07,0.9989550419506794,0
TCGA-BH-A0BM-01A-11R-A056-07,1.000377923259687,1
TCGA-AK-3447-01A-01R-1766-07,1.0057981418102746,1
TCGA-E2-A1IO-01A-11R-A144-07,1.0001703421801065,0
TCGA-BP-5185-01A-01R-1426-07,1.0002476473643969,0
TCGA-LL-A5YO-01A-21R-A28M-07,0.9986634564547762,1
TCGA-A3-3347-01A-02R-1325-07,1.0002232102554247,1
TCGA-60-2709-01A-21R-1820-07,0.9958682946228411,1
TCGA-DD-A1EK-01A-11R-A213-07,1.0013920730501649,1
TCGA-BH-A0HU-01A-11R-A034-07,1.000111333527096,1
TCGA-HZ-7289-01A-11R-2156-07,1.0000696432734162,1
TCGA-33-4566-01A-01R-1443-07,1.0025203533032798,1
TCGA-EJ-5504-01A-01R-1580-07,1.0016086723507092,1
TCGA-IB-7654-01A-11R-2156-07,0.9973821849672226,1
TCGA-2Z-A9JD-01A-11R-A42S-07,1.0017321920959565,1
TCGA-BH-A18L-01A-32R-A12D-07,1.0039491212480858,0
TCGA-38-A44F-01A-11R-A24H-07,0.997910552671347,1
TCGA-YL-A8SB-01A-31R-A37L-07,0.9998063788661423,1
TCGA-46-3768-01A-01R-0980-07,0.9994470780307422,1
TCGA-AR-A24U-01A-11R-A169-07,1.0019841878316902,1
TCGA-AO-A0JD-01A-11R-A056-07,1.0022282675856287,1
TCGA-A2-A0T1-01A-21R-A084-07,0.9994712302950921,1
TCGA-D8-A1JH-01A-11R-A13Q-07,1.001376871563001,1
TCGA-BP-5194-01A-02R-1426-07,1.0031853548812308,1
TCGA-RB-AA9M-01A-11R-A39D-07,0.9943340503621823,1
TCGA-A4-7915-01A-11R-2204-07,1.0001931881939377,1
TCGA-AA-3867-01A-01R-1022-07,0.99765072591083,1
TCGA-3A-A9IH-01A-12R-A39D-07,0.9963926627421372,0
TCGA-E2-A570-01A-11R-A29R-07,0.9994544587643213,1
TCGA-D5-5540-01A-01R-1653-07,1.0027440980033204,1
TCGA-B0-4839-01A-01R-1305-07,1.0005394106017993,1
TCGA-FS-A1ZN-01A-11R-A18T-07,0.9992490333271116,1
TCGA-D8-A1Y1-01A-21R-A14M-07,0.9996254584016864,1
TCGA-57-1993-01A-01R-1568-13,0.9986548213358076,1
TCGA-E9-A3X8-01A-31R-A22U-07,0.99997285596538,1
TCGA-86-8073-01A-11R-2241-07,0.9997261146198685,1
TCGA-ZG-A8QW-01A-11R-A37L-07,0.9964748067973452,1
TCGA-AK-3458-01A-01R-1503-07,1.0031606695578192,1
TCGA-L5-A88S-01A-11R-A36D-31,0.9984175148251416,1
TCGA-DD-A4NJ-01A-11R-A27V-07,1.0010614713525077,1
TCGA-55-6985-01A-11R-1949-07,0.9966610425283381,0
TCGA-78-7147-01A-11R-2039-07,0.9972645354391168,1
TCGA-AK-3429-01A-02R-1325-07,1.0018221926057904,1
TCGA-AR-A2LH-01A-31R-A18M-07,0.9972083617408695,1
TCGA-WX-AA47-01A-11R-A39D-07,1.001756689826675,1
TCGA-04-1536-01A-01R-1566-13,1.0007271196336074,1
TCGA-L3-A524-01A-11R-A262-07,0.9984607699041111,1
TCGA-91-6848-01A-11R-1949-07,0.9991455498162058,0
TCGA-24-2027-01A-01R-1567-13,1.0000532701687204,1
TCGA-H9-A6BX-01A-31R-A311-07,0.9971769046887666,0
TCGA-G9-6354-01A-11R-A311-07,1.0013651092371754,1
TCGA-10-0937-01A-02R-1564-13,1.0004987685330047,0
TCGA-B6-A0RN-01A-12R-A084-07,1.0020129693172861,1
TCGA-86-8056-01A-11R-2241-07,1.0012440336826565,1
TCGA-95-8039-01A-11R-2241-07,0.9978247936478871,1
TCGA-E9-A1R5-01A-11R-A14M-07,1.0035036557211154,1
TCGA-A3-3331-01A-02R-1325-07,1.002914577296545,1
TCGA-18-3410-01A-01R-0980-07,0.9996761587942855,0
TCGA-22-5491-01A-01R-1635-07,0.9996346408092195,1
TCGA-A4-A7UZ-01A-12R-A355-07,0.9958026839005943,1
TCGA-L5-A4OS-01A-11R-A28J-31,0.9987924705572055,1
TCGA-AZ-6607-01A-11R-1839-07,0.9975587949869454,0
TCGA-B0-5077-01A-01R-1334-07,1.0002405527354525,1
TCGA-63-A5MW-01A-11R-A26W-07,0.9987100011580218,1
TCGA-CK-6747-01A-11R-1839-07,0.9991302126014779,1
TCGA-A8-A06U-01A-11R-A00Z-07,1.0007205861027257,0
TCGA-CC-A5UD-01A-11R-A28V-07,1.001126496895995,1
TCGA-44-A47A-01A-21R-A24H-07,0.9983826437869741,1
TCGA-EW-A1IZ-01A-11R-A13Q-07,0.9991172221601138,1
TCGA-24-2019-01A-02R-1568-13,0.9991546398592557,1
TCGA-EW-A1IX-01A-12R-A144-07,1.0019703272015088,1
TCGA-13-0897-01A-01R-1564-13,1.0001790381753901,1
TCGA-A8-A06Q-01A-11R-A034-07,1.0024283420552604,0
TCGA-A2-A4RX-01A-11R-A266-07,0.9990469229440202,1
TCGA-E9-A1RC-01A-11R-A157-07,1.0014871042364824,0
TCGA-AA-3814-01A-01R-0905-07,0.9971319269999651,0
TCGA-DD-AACH-01A-11R-A41C-07,0.9986550737631199,1
TCGA-AA-3496-01A-21R-1839-07,0.9975237542893229,1
TCGA-69-7974-01A-11R-2187-07,0.9983208625700964,1
TCGA-24-1431-01A-01R-1566-13,1.0014976456888052,1
TCGA-B6-A1KI-01A-11R-A14M-07,1.0017220147178134,1
TCGA-AK-3461-01A-02R-1277-07,1.0012454029986446,1
TCGA-DD-A11D-01A-11R-A131-07,1.0027985138106987,1
TCGA-22-4594-01A-01R-1201-07,0.9994562619528566,1
TCGA-GN-A8LN-01A-11R-A37K-07,0.9986684926041455,1
TCGA-A4-7286-01A-11R-A32Z-07,1.001090279527959,1
TCGA-G9-6362-01A-11R-1789-07,1.003287267673957,1
TCGA-ED-A7PZ-01A-11R-A33R-07,1.0025258224851878,0
TCGA-77-7139-01A-11R-2045-07,0.9990922927460025,0
TCGA-AT-A5NU-01A-11R-A28H-07,1.0007675084350809,1
TCGA-G9-6348-01A-11R-1789-07,0.9993206383737196,0
TCGA-CM-5868-01A-01R-1653-07,0.9996553928970033,1
TCGA-80-5607-01A-31R-1949-07,0.9978013401437493,1
TCGA-DD-A4ND-01A-11R-A266-07,0.9998910903792899,0
TCGA-AK-3443-01A-02R-1325-07,1.0045475305226743,1
TCGA-BH-A28Q-01A-11R-A16F-07,1.0019172555348446,1
TCGA-62-A470-01A-11R-A24H-07,0.9997166669046661,1
TCGA-85-A5B5-01A-21R-A26W-07,0.9983960059645574,1
TCGA-GN-A4U5-01A-11R-A32P-07,0.9963852528749798,0
TCGA-A7-A2KD-01A-31R-A21T-07,1.0012105691760995,1
TCGA-5R-AAAM-01A-12R-A41C-07,1.0011473908588011,1
TCGA-AA-3952-01A-01R-1022-07,0.9998100824951416,1
TCGA-E9-A1NC-01A-21R-A26B-07,0.9978716404544201,1
TCGA-E9-A229-01A-31R-A157-07,1.0006875375354778,1
TCGA-55-A494-01A-11R-A24X-07,0.9993227935960861,1
TCGA-D8-A1XL-01A-11R-A14M-07,0.9997736105106391,1
TCGA-YL-A8SI-01A-11R-A41O-07,0.9993754153915506,1
TCGA-61-1911-01A-01R-1567-13,1.0005458627139687,1
TCGA-56-1622-01A-01R-0692-07,1.0003322629747615,1
TCGA-C8-A26Z-01A-11R-A16F-07,1.0015551847447361,1
TCGA-V5-A7RB-01A-11R-A354-31,0.9972765020308609,0
TCGA-OL-A66H-01A-11R-A29R-07,0.9977682269964507,1
TCGA-AC-A3OD-01A-11R-A21T-07,1.0055482086778558,1
TCGA-A4-8516-01A-11R-2404-07,1.0005321130560818,1
TCGA-EJ-A7NN-01A-11R-A33R-07,0.9980959948339216,0
TCGA-A8-A06Y-01A-21R-A00Z-07,1.0005265821578504,0
TCGA-EB-A5VU-01A-21R-A32P-07,1.0002923886245385,1
TCGA-HC-7232-01A-11R-2118-07,1.001887374673807,1
TCGA-2L-AAQL-01A-11R-A38C-07,0.998092130976657,1
TCGA-BF-A3DM-01A-11R-A20F-07,1.0000231325020617,1
TCGA-GM-A2DI-01A-31R-A18M-07,1.0007142222312995,1
TCGA-CJ-4635-01A-02R-1305-07,1.000543364888961,1
TCGA-FV-A4ZP-01A-12R-A266-07,1.0026467890019979,1
TCGA-IH-A3EA-01A-11R-A20F-07,1.000788657434358,1
TCGA-HC-7075-01A-11R-1965-07,1.0030876999935359,1
TCGA-5P-A9K6-01A-11R-A42S-07,0.9995031251780466,1
TCGA-DM-A28K-01A-21R-A32Y-07,0.9995301075988474,1
TCGA-BP-4962-01A-01R-1334-07,0.9997722280597254,0
TCGA-53-7624-01A-11R-2066-07,1.0005297465803293,1
TCGA-AA-3854-01A-01R-0905-07,0.9986264308688149,1
TCGA-OL-A5RW-01A-11R-A28M-07,1.0003490121939855,1
TCGA-E9-A1RI-01A-11R-A169-07,1.0034370758781053,1
TCGA-A7-A4SB-01A-21R-A266-07,0.999634620012254,0
TCGA-A3-3306-01A-01R-0864-07,1.0017953207372798,1
TCGA-G9-6371-01A-11R-1789-07,1.0011511117464662,1
TCGA-E9-A243-01A-21R-A169-07,1.0031375218607048,1
TCGA-A7-A0CG-01A-12R-A056-07,1.0016357587563371,1
TCGA-E9-A3HO-01A-11R-A213-07,1.0006740994120682,1
TCGA-B6-A408-01A-12R-A24H-07,0.9988609116013389,1
TCGA-24-1426-01A-01R-1565-13,1.0002618889074189,1
TCGA-AC-A6IV-01A-12R-A33J-07,0.9974091662934462,1
TCGA-AS-3778-01A-01R-A32Z-07,0.9999795832364132,1
TCGA-C8-A1HG-01A-11R-A137-07,1.0012207782969793,1
TCGA-BQ-7059-01A-11R-1965-07,0.9986038632975789,1
TCGA-SX-A7SL-01A-11R-A355-07,1.001258779825735,1
TCGA-13-1492-01A-01R-1565-13,1.0009152299552178,1
TCGA-BP-4970-01A-01R-1334-07,1.0025569701919677,1
TCGA-HE-7128-01A-11R-1965-07,1.0010181085849754,1
TCGA-61-1733-01A-01R-1567-13,1.0000367387703448,1
TCGA-LL-A5YL-01A-12R-A29R-07,0.9994870929068419,1
TCGA-DD-A3A8-01A-11R-A22L-07,1.0028589311844742,1
TCGA-AK-3450-01A-02R-1277-07,1.00249672138307,1
TCGA-EW-A2FS-01A-11R-A17B-07,0.9994656840727808,1
TCGA-A2-A0T6-01A-11R-A084-07,1.002207252799334,1
TCGA-FV-A496-01A-11R-A266-07,1.0025174051870678,0
TCGA-75-7027-01A-11R-1949-07,0.9984188392634674,1
TCGA-43-3394-01A-01R-0980-07,0.9991976195247929,1
TCGA-CZ-5455-01A-01R-1503-07,1.0031170029178493,1
TCGA-AA-3831-01A-01R-0905-07,0.9983574013238038,0
TCGA-NH-A8F7-01A-11R-A41B-07,0.9987571605936093,0
TCGA-FB-A4P6-01A-12R-A26U-07,0.9974305806003929,0
TCGA-VP-A87E-01A-31R-A352-07,0.9989977950387511,1
TCGA-BH-A0DD-01A-31R-A12P-07,1.0014763740968893,0
TCGA-CM-4744-01A-01R-A32Z-07,1.0004217041556824,1
TCGA-IG-A8O2-01A-11R-A36D-31,0.9977577044065078,1
TCGA-A8-A07P-01A-11R-A00Z-07,1.0016849348230001,0
TCGA-J4-A67Q-01A-21R-A30B-07,1.0004935970760755,1
TCGA-A3-3387-01A-01R-1541-07,0.999558415552551,0
TCGA-IB-7647-01A-11R-2156-07,0.9997392484508364,1
TCGA-98-8022-01A-11R-2247-07,0.9967836296938719,1
TCGA-J2-8194-01A-11R-2241-07,0.9996859272205868,1
TCGA-BP-5189-01A-02R-1426-07,1.0029996927086533,1
TCGA-24-2293-01A-01R-1568-13,0.9969455402173283,1
TCGA-DD-A1EA-01A-11R-A131-07,1.0019331849157993,0
TCGA-JY-A6FB-01A-11R-A336-31,0.9978340467829291,0
TCGA-60-2716-01A-01R-0851-07,0.9979046747921656,1
TCGA-A1-A0SF-01A-11R-A144-07,0.9995948299444699,1
TCGA-78-7148-01A-11R-2039-07,0.9976188139346458,1
TCGA-85-7696-01A-11R-2125-07,0.9994826708152419,1
TCGA-25-1319-01A-01R-1565-13,1.0007181020872165,1
TCGA-44-A47B-01A-11R-A24H-07,0.9995409898846612,1
TCGA-L5-A88W-01A-11R-A354-31,1.0000205930831232,1
TCGA-85-A4CL-01A-41R-A26W-07,0.9995911167188449,1
TCGA-44-A4SU-01A-11R-A24X-07,0.9971580516923011,0
TCGA-2Y-A9GX-01A-11R-A38B-07,1.0000120969754498,1
TCGA-G4-6586-01A-11R-1774-07,0.9983186985911129,1
TCGA-68-A59J-01A-21R-A26W-07,0.9979590978415795,1
TCGA-G6-A5PC-01A-11R-A33J-07,1.0006105894378998,1
TCGA-IG-A50L-01A-11R-A260-31,0.9999584163038975,1
TCGA-43-6770-01A-11R-1820-07,0.9981516208236,1
TCGA-57-1584-01A-01R-1566-13,1.000860830566496,1
TCGA-AC-A2B8-01A-11R-A17B-07,1.0009070582623787,1
TCGA-A4-A57E-01A-11R-A26U-07,0.9997009546699873,1
TCGA-24-1471-01A-01R-1566-13,0.9998619023855749,1
TCGA-56-7579-01A-11R-2045-07,0.9992545357663377,1
TCGA-KK-A59Y-01A-11R-A26U-07,0.9997858391263214,1
TCGA-A7-A26H-01A-11R-A169-07,1.0029073552766496,1
TCGA-DV-5573-01A-01R-1541-07,0.9989812625457984,1
TCGA-AC-A3TM-01A-11R-A22K-07,0.9997750089602052,1
TCGA-KK-A6E3-01A-21R-A30B-07,1.0016507533684238,1
TCGA-25-2398-01A-01R-1569-13,0.9982405037701855,0
TCGA-25-1631-01A-01R-1569-13,0.9984300987583865,1
TCGA-B0-4710-01A-01R-1503-07,1.000167463442258,1
TCGA-BD-A2L6-01A-11R-A213-07,1.0014799347562893,1
TCGA-85-8664-01A-11R-2403-07,0.9976290445270638,0
TCGA-59-2352-01A-01R-1569-13,1.0002890392185246,1
TCGA-97-8179-01A-11R-2287-07,0.9984499219701923,1
TCGA-CW-5590-01A-01R-1541-07,1.0008337237839071,1
TCGA-24-1424-01A-01R-1565-13,0.9996197847884238,1
TCGA-GM-A3XL-01A-11R-A22U-07,1.0006411975181553,1
TCGA-D8-A1JA-01A-11R-A13Q-07,1.0044901346017787,0
TCGA-EB-A85J-01A-12R-A352-07,0.9994453161815692,0
TCGA-HV-A7OL-01A-11R-A33R-07,0.9978820444100288,1
TCGA-55-8087-01A-11R-2241-07,0.9995222299272517,1
TCGA-55-6978-01A-11R-1949-07,0.9985331317235194,1
TCGA-BP-4332-01A-01R-1289-07,1.0016040335328376,1
TCGA-57-1586-01A-02R-1567-13,0.9992556704228159,1
TCGA-5P-A9JV-01A-12R-A42S-07,0.999378820620998,1
TCGA-A2-A1G0-01A-11R-A13Q-07,1.0035275240699846,1
TCGA-BP-4985-01A-01R-1334-07,1.000736528618606,1
TCGA-US-A774-01A-21R-A32O-07,0.9947634901854108,1
TCGA-V7-A7HQ-01A-11R-A33J-07,1.001372239987165,1
TCGA-B0-4817-01A-01R-1277-07,1.0000296353847835,0
TCGA-61-1738-01A-01R-1567-13,1.001479562180061,1
TCGA-A6-2681-01A-01R-1410-07,0.9986483311680069,1
TCGA-22-4609-01A-21R-2125-07,0.9972220866434869,1
TCGA-HC-A6AN-01A-11R-A30B-07,1.000369335207535,0
TCGA-AN-A0AM-01A-11R-A034-07,0.9986518173961619,0
TCGA-B2-5636-01A-02R-1541-07,1.0012993536107433,1
TCGA-59-2348-01A-01R-1569-13,1.0000510875819255,1
TCGA-EJ-5531-01A-01R-1580-07,1.0009769349717006,1
TCGA-D8-A4Z1-01A-21R-A266-07,0.9995980545686912,1
TCGA-BH-A0BV-01A-11R-A00Z-07,0.9999584539395243,0
TCGA-DD-AAEA-01A-11R-A41C-07,1.0016064996151086,1
TCGA-49-6761-01A-31R-1949-07,0.9996520774228804,1
TCGA-95-7043-01A-11R-1949-07,0.9998334455693818,1
TCGA-AD-6890-01A-11R-1928-07,0.9983748788568227,0
TCGA-97-8547-01A-11R-2403-07,0.9953885845758252,1
TCGA-XP-A8T6-01A-11R-A36D-31,0.9978304390567129,1
TCGA-70-6722-01A-11R-1820-07,0.9998390920727848,1
TCGA-DD-AAVY-01A-11R-A41C-07,1.003020170057578,1
TCGA-A2-A3XS-01A-11R-A22U-07,0.9994233053300874,1
TCGA-A2-A0YL-01A-21R-A109-07,1.0007079513989288,0
TCGA-3A-A9IS-01A-21R-A39D-07,1.0032458572120178,1
TCGA-73-4666-01A-01R-1206-07,0.9989062008246176,1
TCGA-24-1467-01A-01R-1566-13,1.000236579000471,1
TCGA-85-7699-01A-11R-2125-07,0.9990703147318345,0
TCGA-A8-A07B-01A-11R-A00Z-07,1.0025917175429195,1
TCGA-AA-A01P-01A-21R-A083-07,0.9964955989644785,1
TCGA-AC-A62X-01A-11R-A29R-07,1.0015121897551191,1
TCGA-A2-A0YH-01A-11R-A109-07,1.0006670372004336,1
TCGA-D8-A1XS-01A-11R-A14M-07,1.003874662638903,1
TCGA-BH-A0E2-01A-11R-A056-07,1.000109667580706,1
TCGA-13-0888-01A-01R-1564-13,1.0002932529204658,1
TCGA-IG-A4QS-01A-11R-A260-31,1.0003597802237738,1
TCGA-A6-2680-01A-01R-1410-07,0.99883245108141,1
TCGA-A4-7997-01A-11R-2204-07,1.0022062534504155,1
TCGA-93-A4JO-01A-21R-A24X-07,0.9977382487180486,1
TCGA-KV-A74V-01A-11R-A33Z-07,1.0008828133789769,0
TCGA-G4-6588-01A-11R-1774-07,0.9981700331254869,1
TCGA-J4-A83L-01A-11R-A352-07,1.0013191151062255,1
TCGA-5T-A9QA-01A-11R-A41B-07,1.0025662123812384,1
TCGA-49-6744-01A-11R-1858-07,0.996892907896097,1
TCGA-CK-4948-01B-11R-1653-07,0.996788360036218,1
TCGA-77-7142-01A-11R-2045-07,1.0000467917866995,1
TCGA-ZG-A9M4-01A-11R-A41O-07,1.000434060836889,0
TCGA-44-A479-01A-31R-A24H-07,1.000589103308867,1
TCGA-AA-3511-01A-21R-1839-07,0.9977250021456366,1
TCGA-66-2758-01A-02R-0851-07,0.998859561987739,1
TCGA-24-2290-01A-01R-1568-13,0.9991665335343367,1
TCGA-75-5125-01A-01R-1755-07,0.9988166709829492,1
TCGA-L9-A7SV-01A-11R-A39D-07,1.0010294155667152,1
TCGA-VP-A87K-01A-11R-A352-07,1.0020650617574245,1
TCGA-A6-A565-01A-31R-A28H-07,0.9970957910506411,1
TCGA-04-1364-01A-01R-1565-13,1.0007429084886852,1
TCGA-04-1350-01A-01R-1565-13,1.0014116119264858,1
TCGA-22-5471-01A-01R-1635-07,0.9980066652998677,1
TCGA-EB-A430-01A-11R-A24X-07,0.9997890385752687,1
TCGA-ZG-A9ND-01A-11R-A41O-07,1.0011693820078948,1
TCGA-23-1119-01A-02R-1565-13,1.0010830078320885,1
TCGA-CJ-4642-01B-01R-1305-07,1.0010462293659899,1
TCGA-24-1413-01A-01R-1565-13,0.9997099046071647,0
TCGA-A8-A08A-01A-11R-A32Y-07,0.9993290235090987,0
TCGA-04-1519-01A-01R-1565-13,1.0005565720565963,1
TCGA-B6-A0RT-01A-21R-A084-07,0.999799548704859,1
TCGA-AC-A5XS-01A-11R-A29R-07,1.0004894946009972,1
TCGA-HC-8257-01A-11R-2263-07,1.0013337145759686,1
TCGA-CJ-4881-01A-01R-1305-07,0.998979110187159,1
TCGA-DD-AACY-01A-11R-A41C-07,1.0019992568750216,1
TCGA-CK-5915-01A-11R-1653-07,1.000428144647508,1
TCGA-2Y-A9GZ-01A-11R-A39D-07,1.0012604063673485,0
TCGA-2H-A9GI-01A-11R-A37I-31,1.0001887251829795,1
TCGA-B6-A0IP-01A-11R-A034-07,1.0004032068967839,1
TCGA-AA-3811-01A-01R-1022-07,0.9969761062836485,0
TCGA-55-8208-01A-11R-2241-07,0.9986808011239583,1
TCGA-V9-A7HT-01A-11R-A33Z-07,0.9992450643904427,1
TCGA-C8-A12M-01A-11R-A115-07,1.0039861803459338,1
TCGA-BQ-5886-01A-11R-1592-07,1.0007365012541778,1
TCGA-GI-A2C9-01A-11R-A21T-07,0.9991939180849478,1
TCGA-G7-7502-01A-11R-2204-07,1.0003966503797828,1
TCGA-2Z-A9JM-01A-12R-A42S-07,0.9983830717666317,1
TCGA-85-A4PA-01A-11R-A24Z-07,1.0007245090671553,1
TCGA-C8-A12V-01A-11R-A115-07,0.9994352314224777,1
TCGA-HC-7745-01A-11R-2118-07,0.9980152894730652,1
TCGA-AC-A6IW-01A-12R-A33J-07,0.9999611914769231,1
TCGA-B0-5085-01A-01R-1334-07,1.0006115964488582,0
TCGA-AR-A1AU-01A-11R-A12P-07,0.9997636783177728,1
TCGA-B8-5546-01A-01R-1541-07,1.0015345661953619,0
TCGA-77-7141-01A-11R-2045-07,0.9978566272345223,1
TCGA-AA-3534-01A-01R-0821-07,0.9995314721165225,0
TCGA-AA-3524-01A-02R-0821-07,1.0009060475476845,0
TCGA-24-2280-01A-01R-1568-13,0.9988540262911947,1
TCGA-IB-7897-01A-21R-2204-07,1.0007256058334384,1
TCGA-95-7039-01A-11R-1949-07,0.9975477058260541,1
TCGA-CJ-5680-01A-11R-1541-07,1.0007055045990418,1
TCGA-AR-A1AN-01A-11R-A12P-07,1.0012953069590982,1
TCGA-LL-A6FP-01A-11R-A31O-07,1.0026010221230865,1
TCGA-30-1714-01A-02R-1567-13,1.0016816543753453,1
TCGA-E2-A15L-01A-11R-A12D-07,1.0025101956275249,1
TCGA-23-2077-01A-01R-1568-13,0.9997001201822109,0
TCGA-EJ-7123-01A-11R-1965-07,1.0014506591964039,1
TCGA-DD-AACI-01A-11R-A41C-07,1.0019258359249568,1
TCGA-A6-3808-01A-01R-1022-07,0.998772486862566,1
TCGA-AA-3837-01A-01R-0905-07,0.9971182535424729,1
TCGA-95-7944-01A-11R-2187-07,0.9984402612324541,1
TCGA-A3-3320-01A-02R-1325-07,1.0037634579809311,0
TCGA-MM-A563-01A-11R-A266-07,0.9980577240391922,1
TCGA-77-8008-01A-21R-2187-07,0.9968945825991039,1
TCGA-G9-7519-01A-11R-2263-07,1.0013571844987634,1
TCGA-BF-A5EP-01A-12R-A27Q-07,0.9989896433028688,1
TCGA-B0-5694-01A-11R-1541-07,1.0009120900334396,1
TCGA-E9-A1R7-01A-11R-A14M-07,1.0045179707927396,1
TCGA-G3-A7M5-01A-11R-A33R-07,1.003092643778422,1
TCGA-A2-A0SV-01A-11R-A084-07,0.9991025745289772,1
TCGA-DW-7838-01A-11R-2139-07,1.0012497736451198,1
TCGA-AN-A04C-01A-21R-A034-07,1.0010358100863015,1
TCGA-77-6842-01A-11R-1949-07,0.9985691257978211,0
TCGA-B0-4688-01A-01R-1277-07,0.9987709778607098,0
TCGA-A2-A0YM-01A-11R-A109-07,1.0021711554147779,1
TCGA-JY-A6F8-01A-11R-A336-31,1.0008392827211396,1
TCGA-F4-6808-01A-11R-1839-07,0.9988107121050604,0
TCGA-AC-A2BM-01A-11R-A21T-07,1.0024191782555385,1
TCGA-34-5236-01A-21R-1820-07,0.9976190229988774,1
TCGA-AZ-6598-01A-11R-1774-07,0.9993902534791077,1
TCGA-D8-A1X7-01A-11R-A14M-07,1.0026838338703432,0
TCGA-AN-A0FY-01A-11R-A034-07,1.0016641072093944,1
TCGA-AO-A03R-01A-21R-A034-07,1.0002648935216372,0
TCGA-CJ-4920-01A-01R-1426-07,1.0000660651007824,1
TCGA-LL-A442-01A-11R-A24H-07,1.0018978289799638,1
TCGA-V1-A9OY-01A-11R-A41O-07,0.9991522098980299,1
TCGA-DD-AAVZ-01A-11R-A41C-07,1.0010028906791544,0
TCGA-UZ-A9PL-01A-11R-A38C-07,0.9987169845601032,1
TCGA-CJ-4638-01A-02R-1325-07,0.9986824178143774,1
TCGA-25-2401-01A-01R-1569-13,0.9986666751861075,1
TCGA-BP-4765-01A-01R-1289-07,1.0010258461506985,0
TCGA-AN-A0FS-01A-11R-A034-07,1.0002272098402532,1
TCGA-B8-5162-01A-01R-1420-07,0.999783940035003,1
TCGA-EV-5901-01A-11R-1592-07,0.999598843758801,1
TCGA-2Y-A9H0-01A-11R-A38B-07,1.000900335369654,1
TCGA-B4-5836-01A-11R-1672-07,1.001898860071619,0
TCGA-G9-6338-01A-12R-1965-07,1.0004338703804685,1
TCGA-HZ-A9TJ-01A-11R-A41I-07,0.9955130555085974,0
TCGA-D8-A1XT-01A-11R-A14M-07,1.0008711440922073,1
TCGA-E9-A1N6-01A-11R-A144-07,0.9999648184855237,1
TCGA-E2-A1IK-01A-11R-A144-07,0.9987890208701001,0
TCGA-CJ-5683-01A-11R-1541-07,0.9978738996616138,0
TCGA-KK-A8IF-01A-11R-A36G-07,1.0008558222015593,1
TCGA-QG-A5Z2-01A-11R-A28H-07,0.9980637890910625,1
TCGA-A1-A0SO-01A-22R-A084-07,1.003105224173367,1
TCGA-E2-A154-01A-11R-A115-07,1.001067136883726,0
TCGA-J9-A8CM-01A-11R-A352-07,0.9982970715161991,1
TCGA-AN-A0FV-01A-11R-A00Z-07,1.0004039479255,1
TCGA-CM-6679-01A-11R-1839-07,0.9971410102209838,1
TCGA-77-8153-01A-11R-2403-07,0.9989599029677081,1
TCGA-BH-A0BJ-01A-11R-A056-07,0.9995962364760803,1
TCGA-AN-A0AL-01A-11R-A00Z-07,0.998737099603998,1
TCGA-24-1928-01A-01R-1567-13,0.9984648734737667,1
TCGA-IB-7890-01A-12R-2204-07,0.9979763477025557,1
TCGA-E2-A15R-01A-11R-A115-07,1.00366183483114,1
TCGA-BH-A0DT-01A-21R-A12D-07,0.9993616499895794,1
TCGA-Q3-A5QY-01A-12R-A32O-07,0.9980820083273705,1
TCGA-NJ-A4YI-01A-11R-A262-07,0.9995298142521769,0
TCGA-ZG-A9N3-01A-11R-A41O-07,0.9993915166211143,1
TCGA-2Z-A9JO-01A-11R-A42S-07,1.0011456049289316,1
TCGA-25-1626-01A-01R-1566-13,0.9973923601562115,1
TCGA-CC-5262-01A-01R-A131-07,1.0004836725452493,1
TCGA-57-1582-01A-01R-1566-13,1.0008516251728434,1
TCGA-WJ-A86L-01A-12R-A39D-07,0.999633038348303,1
TCGA-GL-6846-01A-11R-1965-07,0.9989884013778322,0
TCGA-E9-A54X-01A-11R-A266-07,0.999785038570436,0
TCGA-55-1594-01A-01R-0946-07,1.0002123750364273,1
TCGA-AA-3864-01A-01R-1022-07,0.999255152687834,1
TCGA-49-6742-01A-11R-1858-07,0.997345408270274,0
TCGA-H6-8124-01A-11R-2404-07,0.9972898836562641,1
TCGA-HC-7820-01A-11R-2118-07,1.0018712165262325,1
TCGA-AY-A8YK-01A-11R-A41B-07,0.9991639704547054,1
TCGA-34-8454-01A-11R-2326-07,0.9980852373299003,1
TCGA-A6-A56B-01A-31R-A28H-07,0.9992751160055122,1
TCGA-AR-A0U2-01A-11R-A109-07,1.0036318142842342,1
TCGA-BC-A112-01A-11R-A131-07,0.9983434436962625,0
TCGA-IB-7646-01A-11R-2156-07,1.000454781181936,1
TCGA-V1-A9ZG-01A-11R-A41O-07,0.9994654990892461,1
TCGA-86-7953-01A-11R-2187-07,0.9975086228550952,0
TCGA-CZ-5451-01A-01R-1503-07,1.001973882388023,0
TCGA-A6-6138-01A-11R-1774-07,0.998271522316864,1
TCGA-GL-7966-01A-11R-2204-07,0.9989354271285322,0
TCGA-BP-4982-01A-01R-1334-07,1.002948466079024,1
TCGA-B4-5835-01A-11R-1672-07,1.001112710277054,1
TCGA-E9-A1NE-01A-21R-A14M-07,1.0019350314674156,1
TCGA-MH-A856-01A-11R-A355-07,0.9990175269806508,1
TCGA-EB-A299-01A-21R-A18U-07,0.9951963636970922,1
TCGA-V1-A8MF-01A-11R-A36G-07,0.999384015484051,0
TCGA-G9-6361-01A-21R-1965-07,0.9996767962581786,1
TCGA-L5-A8NH-01A-11R-A37I-31,0.9994116553257019,1
TCGA-LN-A49P-01A-11R-A24K-31,0.9986741018919261,0
TCGA-E2-A14V-01A-11R-A12D-07,1.00054643997612,1
TCGA-49-AAR4-01A-12R-A41B-07,0.9969523062185655,1
TCGA-IB-7885-01A-11R-2156-07,0.9964162983660824,1
TCGA-D8-A1XQ-01A-11R-A14M-07,1.0012244374683208,1
TCGA-AA-3872-01A-01R-1022-07,0.9965284767776946,1
TCGA-85-8070-01A-11R-2247-07,0.999745538565591,1
TCGA-HI-7169-01A-11R-2118-07,0.9995648899762674,0
TCGA-HC-8213-01A-11R-A29R-07,1.0029973470298668,1
TCGA-CH-5754-01A-11R-1580-07,0.9978774044975801,1
TCGA-2A-A8W1-01A-11R-A37L-07,1.0028096769828307,0
TCGA-AA-3527-01A-01R-0821-07,1.0000564094159254,0
TCGA-G7-6797-01A-11R-1965-07,1.0011048209851146,1
TCGA-05-4403-01A-01R-1206-07,0.9995695769555327,1
TCGA-EW-A1IW-01A-11R-A13Q-07,1.0009576824545832,1
TCGA-ZG-A9L0-01A-11R-A41O-07,0.9968870700962651,1
TCGA-56-8624-01A-11R-2403-07,0.9989348579484253,1
TCGA-D8-A1J8-01A-11R-A13Q-07,1.0047206810040974,1
TCGA-JY-A6FH-01A-11R-A336-31,1.0012678917603275,1
TCGA-09-0366-01A-01R-1564-13,1.0002282678763323,1
TCGA-A7-A6VV-01A-22R-A33J-07,0.9993412339369742,1
TCGA-L5-A4OG-01A-11R-A260-31,0.9995770481190093,1
TCGA-EJ-A65G-01A-21R-A29R-07,1.0023222464633212,1
TCGA-T9-A92H-01A-11R-A37K-07,0.9992035160117856,1
TCGA-AA-3685-01A-02R-A32Z-07,1.0011775989984002,0
TCGA-BP-4993-01A-02R-1420-07,1.0007694644444098,0
TCGA-B0-5690-01A-11R-1541-07,1.0006322624850534,1
TCGA-G3-AAV6-01A-21R-A37K-07,1.001674640999677,1
TCGA-13-1505-01A-01R-1565-13,1.0000208553616297,1
TCGA-LD-A9QF-01A-32R-A41B-07,0.9954186865414426,0
TCGA-AA-3710-01A-01R-1022-07,0.9988367779447999,1
TCGA-85-7950-01A-11R-2187-07,1.0005772770775636,1
TCGA-A8-A07L-01A-11R-A00Z-07,1.0022992585744677,1
TCGA-55-A492-01A-11R-A24H-07,1.001016483812512,1
TCGA-AZ-5403-01A-01R-1653-07,1.00033781029165,1
TCGA-69-7765-01A-11R-2170-07,0.9993947959741921,1
TCGA-IB-8127-01A-11R-2404-07,0.9962420690516147,1
TCGA-E2-A1IJ-01A-11R-A144-07,0.9983712525227953,1
TCGA-YL-A9WK-01A-11R-A37L-07,0.9992753213660082,0
TCGA-A8-A09D-01A-11R-A00Z-07,0.9995018828330056,1
TCGA-DD-AADA-01A-11R-A41C-07,1.0024360369324756,1
TCGA-CH-5763-01A-11R-1580-07,1.0022591959569787,1
TCGA-CZ-4865-01A-02R-1503-07,1.0019314441181602,1
TCGA-BC-A10Z-01A-11R-A131-07,1.001482407406023,1
TCGA-EB-A44P-01A-11R-A266-07,0.9974859198108635,1
TCGA-CC-A3MA-01A-11R-A213-07,0.9994481073532475,1
TCGA-AA-3673-01A-01R-0905-07,0.9997666551475587,1
TCGA-CZ-5982-01A-11R-1672-07,1.002703335951046,1
TCGA-56-7223-01A-11R-2045-07,1.0010108340253776,0
TCGA-EB-A41A-01A-11R-A24X-07,0.999326694668973,1
TCGA-IB-AAUS-01A-12R-A38C-07,0.9971740139105697,1
TCGA-B0-4828-01A-01R-1277-07,0.9999017110611702,1
TCGA-92-8065-01A-11R-2247-07,0.9980896145438382,1
TCGA-98-A53H-01A-12R-A262-07,0.9956546773703998,1
TCGA-05-4397-01A-01R-1206-07,0.9999306845177681,1
TCGA-HC-A6AO-01A-11R-A30B-07,1.0011272801932147,1
TCGA-E2-A108-01A-13R-A10J-07,0.9984558633348471,1
TCGA-23-1107-01A-01R-1564-13,0.9997981275237415,0
TCGA-IA-A40X-01A-11R-A24Z-07,1.0002341647833293,1
TCGA-B4-5838-01A-11R-1672-07,1.0027524529105443,1
TCGA-24-1603-01A-01R-1566-13,1.0004844267088908,1
TCGA-R6-A6L4-01A-11R-A31P-31,0.9993625361770494,1
TCGA-B6-A0IE-01A-11R-A034-07,1.0020449346731812,1
TCGA-04-1517-01A-01R-1565-13,1.0008071503149483,0
TCGA-LA-A446-01A-21R-A24Z-07,0.9988012626207079,1
TCGA-C8-A1HF-01A-11R-A137-07,0.9999330739796399,0
TCGA-MP-A4TH-01A-31R-A262-07,0.998934396036877,0
TCGA-AA-3848-01A-01R-0905-07,0.9989385790906588,1
TCGA-KV-A6GE-01A-11R-A31O-07,1.0000561416645333,1
TCGA-CC-A5UC-01A-11R-A28V-07,1.0007797239158376,1
TCGA-96-7544-01A-11R-2045-07,1.000606829985467,1
TCGA-B6-A0X1-01A-11R-A109-07,1.0008379959184406,1
TCGA-AA-3553-01A-01R-0821-07,0.9989082067644903,1
TCGA-HC-7818-01A-11R-2118-07,1.0008189874920228,1
TCGA-DD-AADL-01A-11R-A41C-07,1.0007426111837106,0
TCGA-78-7542-01A-21R-2066-07,0.9997470516911872,1
TCGA-E2-A1B5-01A-21R-A12P-07,0.9994025904579258,0
TCGA-A6-2684-01A-01R-1410-07,0.9982552904126176,0
TCGA-BH-A1FD-01A-11R-A13Q-07,1.0015387551420336,0
TCGA-G9-6496-01A-11R-1789-07,0.9990967130684528,0
TCGA-EJ-8468-01A-21R-2403-07,1.0032825566139947,1
TCGA-AR-A1AS-01A-11R-A12P-07,1.000634810660609,1
TCGA-86-8674-01A-21R-2403-07,0.9992719220294507,1
TCGA-DD-A4NS-01A-11R-A311-07,0.998753023512067,1
TCGA-BP-5170-01A-01R-1426-07,1.0011729058716765,1
TCGA-A8-A06P-01A-11R-A00Z-07,0.9991946295600815,1
TCGA-B0-4697-01A-01R-1277-07,0.9995103318738623,0
TCGA-33-6737-01A-11R-1820-07,0.997517804842624,1
TCGA-85-A512-01A-11R-A26W-07,0.998512928018877,0
TCGA-55-8511-01A-11R-2403-07,0.9980371974342969,0
TCGA-VP-A878-01A-31R-A352-07,0.9977400306896143,1
TCGA-BH-A0DZ-01A-11R-A00Z-07,1.0015137681353385,1
TCGA-D5-6931-01A-11R-1928-07,0.9986354578463957,1
TCGA-50-5044-01A-21R-1858-07,0.9979875080109604,1
TCGA-A2-A4RY-01A-31R-A266-07,0.9984244577278693,0
TCGA-EJ-7331-01A-11R-2118-07,1.0032745662009548,1
TCGA-CZ-4864-01A-01R-1503-07,1.0024758182436426,1
TCGA-4A-A93W-01A-11R-A37K-07,0.9983389806853042,1
TCGA-AA-3655-01A-02R-1723-07,0.9984334562464446,1
TCGA-CM-6678-01A-11R-1839-07,0.9973705638418467,1
TCGA-AA-A02J-01A-01R-A00A-07,0.9994316039938731,1
TCGA-DD-AAVR-01A-11R-A41C-07,1.0018047680324778,1
TCGA-23-1123-01A-01R-1565-13,1.0004478498995526,0
TCGA-L5-A43H-01A-11R-A24K-31,0.9982012668838556,0
TCGA-EJ-7791-01A-11R-2118-07,0.9995716840165055,1
TCGA-B6-A0RO-01A-22R-A084-07,1.0038178956798522,1
TCGA-96-8169-01A-11R-2296-07,0.9975408231250686,1
TCGA-E2-A10E-01A-21R-A10J-07,1.0016890920269352,1
TCGA-EJ-5518-01A-01R-1580-07,1.0004473610435802,0
TCGA-5P-A9K0-01A-11R-A42S-07,0.9997107927292204,1
TCGA-AO-A0JM-01A-21R-A056-07,1.0021558262820942,1
TCGA-56-6545-01A-11R-1820-07,0.9977109817071945,1
TCGA-CJ-4643-01A-02R-1325-07,1.0019296231618224,1
TCGA-DZ-6135-01A-11R-1965-07,1.000582072839969,1
TCGA-QU-A6IN-01A-11R-A31N-07,1.001271637403262,0
TCGA-EW-A1P6-01A-11R-A144-07,1.0010066166197007,1
TCGA-BH-A0E6-01A-11R-A034-07,0.9999666151065962,1
TCGA-04-1347-01A-01R-1564-13,1.0008341360194803,1
TCGA-NH-A6GB-01A-11R-A37K-07,0.9995183168140164,1
TCGA-50-5072-01A-21R-1858-07,0.9965177514364142,0
TCGA-O2-A52Q-01A-11R-A26W-07,0.9998122611236321,1
TCGA-AC-A23C-01A-12R-A169-07,1.0034240613560446,1
TCGA-TP-A8TV-01A-11R-A41O-07,1.00084690906,1
TCGA-63-A5MN-01A-22R-A27Q-07,0.9985606603383074,1
TCGA-OL-A5D6-01A-21R-A27Q-07,0.9983162095227222,1
TCGA-55-8097-01A-11R-2241-07,0.9980353924766115,1
TCGA-EW-A1OX-01A-11R-A144-07,1.0030119362284111,1
TCGA-13-0804-01A-01R-1564-13,0.9992282589277807,1
TCGA-A2-A25D-01A-12R-A16F-07,0.9994912464070412,1
TCGA-24-1549-01A-01R-1566-13,0.9998140831745471,1
TCGA-XK-AAJR-01A-11R-A41O-07,1.000324708203419,1
TCGA-CW-5588-01A-01R-1541-07,1.0014466979217749,1
TCGA-SX-A71V-01A-11R-A33Z-07,1.000482447293438,1
TCGA-BQ-7049-01A-11R-1965-07,0.9992475315672908,1
TCGA-BQ-5876-01A-11R-1592-07,1.0040096119585287,1
TCGA-B6-A0IJ-01A-11R-A034-07,1.000712757687101,0
TCGA-55-A491-01A-11R-A24H-07,0.9972994086664385,1
TCGA-E2-A1L9-01A-11R-A13Q-07,0.9999121752185208,1
TCGA-44-8117-01A-11R-2241-07,1.000870911621852,1
TCGA-JY-A93D-01A-11R-A38D-31,0.9999455587263706,1
TCGA-AO-A0J3-01A-11R-A034-07,1.0021599681619493,1
TCGA-A3-A8OU-01A-11R-A37O-07,0.999493157538708,1
TCGA-63-A5M9-01A-11R-A26W-07,0.9987275997690976,0
TCGA-86-8585-01A-11R-2403-07,0.9991222546057476,1
TCGA-13-0762-01A-01R-1564-13,1.0010834161093576,0
TCGA-KK-A7B4-01A-11R-A32O-07,0.9987083034688952,1
TCGA-MP-A4SV-01A-11R-A24X-07,0.9968818986393362,1
TCGA-LD-A7W5-01A-22R-A352-07,0.9988956469119423,1
TCGA-IZ-A6M8-01A-11R-A31O-07,1.000867797969925,1
TCGA-CW-5585-01A-01R-1541-07,1.0013206617437085,0
TCGA-BH-A0B2-01A-11R-A10J-07,0.9986578741114197,1
TCGA-AC-A2FK-01A-12R-A180-07,1.0017499527044476,1
TCGA-ER-A19K-01A-21R-A18T-07,1.0002942154737664,1
TCGA-DD-A4NR-01A-11R-A311-07,0.9990010349870521,1
TCGA-D8-A27T-01A-11R-A16F-07,1.0005913285841697,1
TCGA-96-7545-01A-21R-2045-07,0.9995507600801125,1
TCGA-21-1081-01A-01R-0692-07,0.997907137170701,1
TCGA-AR-A2LL-01A-11R-A180-07,1.0011624449980572,0
TCGA-J4-A83M-01A-11R-A352-07,1.0009718156344694,1
TCGA-DD-AADF-01A-11R-A41C-07,1.0030608084226367,1
TCGA-B4-5377-01A-01R-1503-07,1.003188714138439,0
TCGA-B8-5158-01A-01R-1420-07,1.0004463595055075,0
TCGA-25-1326-01A-01R-1565-13,0.9992312941901588,1
TCGA-DD-A1EB-01A-11R-A131-07,1.0043278926760204,1
TCGA-63-A5MJ-01A-11R-A27Q-07,0.9978996163312495,0
TCGA-B9-4115-01A-01R-1193-07,1.0000637259894583,1
TCGA-B8-4619-01A-02R-1325-07,1.0031728088381813,1
TCGA-AA-3554-01A-01R-0826-07,0.996574961279198,1
TCGA-2Y-A9H3-01A-11R-A38B-07,1.0023448893058107,1
TCGA-55-7728-01A-11R-2187-07,0.9981344834494995,1
TCGA-BP-5181-01A-01R-1426-07,1.0026056620355355,1
TCGA-DM-A1D8-01A-11R-A155-07,0.9984201107420867,0
TCGA-SX-A71S-01A-11R-A33Z-07,1.000296280520804,1
TCGA-D8-A1XF-01A-11R-A14D-07,1.0016355595432997,0
TCGA-24-1474-01A-01R-1566-13,1.0012249887151894,0
TCGA-KC-A4BN-01A-61R-A250-07,1.0010383582618572,0
TCGA-A3-3328-01A-01R-0864-07,1.0022716161236584,1
TCGA-HN-A2OB-01A-21R-A27Q-07,0.9989602302462696,1
TCGA-29-1698-01A-01R-1567-13,0.9994568957130141,1
TCGA-20-1686-01A-01R-1566-13,1.001022418609704,1
TCGA-50-5939-01A-11R-1628-07,0.9975119000190187,1
TCGA-A7-A3J1-01A-11R-A213-07,0.9998917580713385,1
TCGA-36-1570-01A-01R-1566-13,1.0011133407534802,1
TCGA-AA-3521-01A-01R-0821-07,0.9978337840844183,1
TCGA-FC-7708-01A-11R-2118-07,0.9996970098140153,1
TCGA-VG-A8LO-01A-11R-A406-31,0.9999275485542941,1
TCGA-NK-A5CX-01A-11R-A26W-07,0.9967964460974723,1
TCGA-OL-A97C-01A-32R-A41B-07,0.997772745410838,0
TCGA-E2-A158-01A-11R-A12D-07,1.0021707508412445,1
TCGA-HC-8256-01A-11R-2263-07,1.0025641911172858,1
TCGA-A7-A0CE-01A-11R-A00Z-07,0.9995544477104592,0
TCGA-AR-A1AL-01A-21R-A12P-07,1.0028434111753657,1
TCGA-E2-A3DX-01A-21R-A213-07,1.000434903661278,1
TCGA-A2-A3XT-01A-11R-A22U-07,1.0004286958943767,1
TCGA-50-8457-01A-11R-2326-07,0.9983032234596667,0
TCGA-LL-A6FQ-01A-11R-A31O-07,1.0003519609847702,1
TCGA-2H-A9GK-01A-11R-A37I-31,0.9984092974146318,1
TCGA-G3-A5SM-01A-12R-A28V-07,1.0011515003213467,1
TCGA-AR-A1AX-01A-11R-A12P-07,0.999899142088649,0
TCGA-A2-A4S3-01A-21R-A266-07,1.000202204225747,0
TCGA-21-A5DI-01A-31R-A26W-07,0.999425582050515,0
TCGA-24-0966-01A-01R-1564-13,1.0003938817742197,1
TCGA-BH-A0H7-01A-13R-A056-07,1.0001742717119986,0
TCGA-97-7554-01A-11R-2039-07,0.9993903082079642,1
TCGA-IB-7886-01A-11R-2156-07,0.9986807671920672,1
TCGA-61-1728-01A-01R-1568-13,0.9996600010667153,1
TCGA-GM-A5PX-01A-12R-A28M-07,1.0003851890626676,1
TCGA-EJ-5494-01A-01R-1580-07,1.0011227009025125,1
TCGA-AZ-6605-01A-11R-1839-07,0.9964793963592461,0
TCGA-GL-A9DE-01A-11R-A37K-07,1.0019970272214103,1
TCGA-Y8-A895-01A-11R-A36F-07,1.0005792039533146,1
TCGA-55-8206-01A-11R-2241-07,1.0003678717579139,1
TCGA-85-8584-01A-11R-2403-07,0.9984660352401047,1
TCGA-AZ-4313-01A-01R-1410-07,1.0004953129530092,0
TCGA-EJ-AB20-01A-12R-A41O-07,0.9993943274951809,1
TCGA-43-8116-01A-11R-2247-07,0.9985029750290455,1
TCGA-97-7553-01A-21R-2039-07,0.9989775617805261,0
TCGA-VP-A87B-01A-11R-A352-07,1.0020287918496864,1
TCGA-BH-A0BA-01A-11R-A056-07,1.0019299986017776,1
TCGA-A3-3349-01A-01R-1188-07,1.001431649675409,1
TCGA-EW-A1OW-01A-21R-A144-07,1.001036647437805,1
TCGA-L5-A8NW-01A-11R-A37I-31,0.9998520085029081,1
TCGA-EJ-A65M-01A-11R-A29R-07,1.0005740255089186,1
TCGA-E2-A15P-01A-11R-A115-07,1.002049950025585,1
TCGA-A8-A09G-01A-21R-A00Z-07,1.003284156885757,1
TCGA-MN-A4N5-01A-11R-A24X-07,0.9983139317077172,1
TCGA-A2-A0YG-01A-21R-A109-07,1.0032004064113282,1
TCGA-BH-A1EY-01A-11R-A13Q-07,1.0007728215124638,0
TCGA-CC-A9FU-01A-11R-A37K-07,1.0015885485501972,1
TCGA-A3-3335-01A-01R-0864-07,1.0006288141470934,1
TCGA-78-7154-01A-11R-2039-07,0.9992541971220007,1
TCGA-69-8255-01A-11R-2287-07,1.0001804177625766,1
TCGA-EJ-5502-01A-01R-1580-07,1.0012449115335138,1
TCGA-AO-A03P-01A-11R-A00Z-07,1.00176538733654,1
TCGA-22-5478-01A-01R-1635-07,0.9974908994622266,1
TCGA-AA-3858-01A-01R-0905-07,0.9986367505419849,1
TCGA-HZ-8317-01A-11R-2404-07,0.9962726570094774,1
TCGA-AQ-A1H2-01A-11R-A13Q-07,1.0016539134125946,1
TCGA-LN-A49R-01A-11R-A24K-31,0.9984517965608096,1
TCGA-24-1464-01A-01R-1566-13,0.9998007435630791,0
TCGA-G3-A5SL-01A-11R-A27V-07,1.0025700033218397,1
TCGA-VR-AA7B-01A-31R-A406-31,0.9995940020241563,1
TCGA-AC-A3QQ-01B-06R-A22O-07,1.0060322569540372,1
TCGA-AR-A24N-01A-11R-A169-07,1.0039875452836131,1
TCGA-D5-6531-01A-11R-1723-07,0.9992693723393136,1
TCGA-E9-A244-01A-11R-A169-07,1.0021026145095575,1
TCGA-B0-4852-01A-01R-1503-07,1.0023020792997286,1
TCGA-DD-AAW0-01A-11R-A41C-07,1.0013347478567785,1
TCGA-55-8506-01A-11R-2403-07,0.9996351716791269,1
TCGA-B9-5156-01A-01R-1592-07,0.9995147517763082,1
TCGA-D8-A27F-01A-11R-A16F-07,1.00201554485727,1
TCGA-B4-5832-01A-11R-1672-07,1.0087736286567073,1
TCGA-CM-5341-01A-01R-1410-07,1.0034225723111452,1
TCGA-91-6831-01A-11R-1858-07,0.9975542382623583,1
TCGA-EJ-5526-01A-01R-1580-07,1.0029921762475105,1
TCGA-VP-A876-01A-11R-A352-07,1.0010799675168292,1
TCGA-E2-A576-01A-11R-A31O-07,1.000609001206486,0
TCGA-J4-AATV-01A-11R-A41O-07,0.999010652616278,1
TCGA-RC-A7SK-01A-11R-A352-07,1.001914914908939,1
TCGA-BH-A1F2-01A-31R-A13Q-07,1.0054679860255131,1
TCGA-E2-A1BD-01A-11R-A12P-07,1.000151712477375,1
TCGA-B8-5551-01A-01R-1541-07,1.000382099746006,1
TCGA-49-AAR2-01A-11R-A39D-07,0.9991416191897364,1
TCGA-A1-A0SE-01A-11R-A084-07,1.000772245764894,0
TCGA-D5-6534-01A-21R-1928-07,0.9974357152617038,1
TCGA-A7-A426-01A-22R-A24H-07,0.9984217219596203,1
TCGA-56-8503-01A-11R-2403-07,0.9961440781287411,0
TCGA-B1-A654-01A-11R-A31O-07,0.9999943495018844,1
TCGA-AA-A029-01A-01R-A00A-07,0.999274043994499,1
TCGA-D8-A27K-01A-11R-A16F-07,1.0018420734101798,1
TCGA-BP-4991-01A-01R-1334-07,1.0028336584931485,1
TCGA-24-1428-01A-01R-1564-13,1.0001158843587927,1
TCGA-10-0928-01A-02R-1564-13,1.0004536916576885,1
TCGA-M7-A71Y-01A-22R-A32O-07,0.9993514758951678,0
TCGA-G4-6299-01A-11R-1774-07,0.9977099166836482,1
TCGA-AK-3453-01A-02R-1277-07,0.9999980053894942,1
TCGA-E9-A247-01A-11R-A169-07,1.0019847817670668,1
TCGA-5P-A9K3-01A-11R-A42S-07,1.0005775018858794,1
TCGA-DD-A1EI-01A-11R-A131-07,0.9991798746603862,0
TCGA-B0-4823-01A-02R-1420-07,1.0014255911910013,1
TCGA-A2-A0CL-01A-11R-A115-07,0.9995500372392032,1
TCGA-VN-A88O-01A-11R-A352-07,1.0000193715350474,0
TCGA-A6-3810-01A-01R-1022-07,0.9970765424918279,1
TCGA-60-2724-01A-01R-0851-07,0.9976921965745111,1
TCGA-B3-3925-01A-02R-1351-07,1.0021551903327826,1
TCGA-G3-A7M8-01A-11R-A33R-07,1.0016050591516072,0
TCGA-AR-A5QP-01A-11R-A28M-07,0.9967805375134831,0
TCGA-CH-5767-01A-11R-1789-07,1.002645810450045,1
TCGA-AR-A24S-01A-11R-A169-07,1.0024597947290548,1
TCGA-BH-A1FE-01A-11R-A13Q-07,1.0032707351810044,1
TCGA-EJ-7782-01A-11R-2118-07,1.0019240003191119,1
TCGA-55-8094-01A-11R-2241-07,0.9999301208105467,1
TCGA-77-8145-01A-11R-2247-07,0.9972419692170262,1
TCGA-AA-3851-01A-01R-1022-07,1.000146978011289,0
TCGA-L5-A8NI-01A-11R-A37I-31,0.9986988353767314,0
TCGA-2J-AABP-01A-11R-A41B-07,0.9992384553337393,1
TCGA-AC-A3YJ-01A-11R-A22U-07,1.0003840408512596,0
TCGA-25-1877-01A-01R-1567-13,1.00274147716567,1
TCGA-AR-A2LE-01A-11R-A180-07,1.0033365148881332,1
TCGA-B0-4847-01A-01R-1277-07,1.000496970142782,1
TCGA-BH-A0E1-01A-11R-A056-07,1.0018315913195908,1
TCGA-21-5784-01A-01R-1635-07,0.9988673899833596,1
TCGA-KK-A7AQ-01A-11R-A33R-07,0.9990098496166698,1
TCGA-DD-AAE3-01A-11R-A41C-07,1.003751775559236,0
TCGA-93-A4JQ-01A-11R-A24X-07,0.9961222139505943,0
TCGA-AC-A3TN-01A-11R-A22K-07,0.9992352740725989,0
TCGA-VR-A8Q7-01A-11R-A37I-31,1.0015048447225807,1
TCGA-HC-8259-01A-11R-2263-07,1.0023542840613067,1
TCGA-AO-A12A-01A-21R-A115-07,0.9993627303372055,1
TCGA-66-2742-01A-01R-0980-07,0.9990920720614268,1
TCGA-KC-A4BV-01A-31R-A26U-07,1.001111677416249,1
TCGA-Y8-A8S0-01A-11R-A37K-07,1.0006627792954028,1
TCGA-YL-A8SF-01A-11R-A37L-07,0.9979622988051083,1
TCGA-24-1567-01A-01R-1566-13,1.0009382598580063,1
TCGA-BH-A0H6-01A-21R-A056-07,1.0008533769162538,1
TCGA-BP-5186-01A-01R-1426-07,1.0013766712553864,1
TCGA-B0-4699-01A-01R-1277-07,1.000028262785064,0
TCGA-OY-A56Q-01A-11R-A406-31,1.000701254356051,0
TCGA-B0-4836-01A-01R-1305-07,0.9993867558851771,0
TCGA-HZ-A49I-01A-12R-A26U-07,0.9972817662722774,1
TCGA-J7-8537-01A-11R-2404-07,0.9987039120254545,1
TCGA-SX-A7SS-01A-11R-A36F-07,1.0005750091137529,0
TCGA-CM-6161-01A-11R-1653-07,1.0007425115771917,0
TCGA-66-2753-01A-01R-0980-07,0.9984549055798595,0
TCGA-A3-3343-01A-01R-0864-07,1.0014324279197473,0
TCGA-24-1930-01A-01R-1567-13,0.9979698454944067,1
TCGA-A2-A0T7-01A-21R-A084-07,0.9996470544084365,1
TCGA-75-6203-01A-11R-1755-07,0.9994205043072149,1
TCGA-CZ-5989-01A-11R-1672-07,1.0081309476955653,0
TCGA-DD-AAVP-01A-11R-A41C-07,1.0025803926279413,1
TCGA-MH-A562-01A-11R-A26U-07,0.9996560211842753,1
TCGA-AC-A2FE-01A-11R-A19W-07,0.9972098262850677,1
TCGA-ZG-A8QZ-01A-11R-A37L-07,0.9993479213832265,1
TCGA-B8-A54J-01A-11R-A33J-07,1.0009813008198627,1
TCGA-CM-6675-01A-11R-1839-07,0.9979832172686156,1
TCGA-A2-A0D1-01A-11R-A034-07,1.0023428052309578,1
TCGA-UZ-A9PZ-01A-11R-A42S-07,0.999933720454719,1
TCGA-LN-A9FR-01A-11R-A38D-31,0.9991115627763539,1
TCGA-CZ-5458-01A-01R-1503-07,1.0019329097569356,1
TCGA-IB-A5SQ-01A-11R-A32O-07,0.9954544179172335,1
TCGA-EB-A1NK-01A-11R-A18T-07,0.999927020968118,0
TCGA-BF-A1PX-01A-12R-A18T-07,0.9977013669416958,0
TCGA-MH-A855-01A-11R-A355-07,0.9996660289029633,1
TCGA-DZ-6131-01A-11R-1965-07,0.9991934069174288,1
TCGA-CJ-4875-01A-01R-1305-07,1.0002012738351878,1
TCGA-BP-4787-01A-01R-1305-07,1.0012751531849995,1
TCGA-X4-A8KQ-01A-12R-A36G-07,0.999705697472686,1
TCGA-CZ-4862-01A-01R-1305-07,1.0019093949564788,1
TCGA-E2-A14Y-01A-21R-A12D-07,1.0014789441639875,1
TCGA-B0-5100-01A-01R-1420-07,0.9993994628310647,1
TCGA-EB-A42Y-01A-12R-A24X-07,0.998294674392287,0
TCGA-25-2399-01A-01R-1569-13,0.9985291755017719,1
TCGA-EB-A42Z-01A-12R-A24X-07,0.9988165888896646,1
TCGA-66-2755-01A-01R-0851-07,0.9998504410684598,1
TCGA-A6-2677-01B-02R-A277-07,1.00339825451108,0
TCGA-25-2400-01A-01R-1569-13,0.9996289989386936,1
TCGA-O2-A52S-01A-11R-A262-07,0.9994981925935003,0
TCGA-09-2054-01A-01R-1568-13,0.9999001344501005,1
TCGA-BC-A10Y-01A-11R-A131-07,1.001608601203196,1
TCGA-22-5481-01A-31R-1949-07,1.0009000847114915,1
TCGA-A2-A0D3-01A-11R-A115-07,1.0032437440035866,1
TCGA-55-8505-01A-11R-2403-07,0.9971075752680091,1
TCGA-CJ-4636-01A-02R-1325-07,1.0015278713416382,1
TCGA-13-0797-01A-01R-1564-13,1.0023217374849562,1
TCGA-AA-A03J-01A-21R-A16W-07,0.9986773834341579,1
TCGA-VP-A872-01A-11R-A352-07,0.9971470708945456,0
TCGA-XR-A8TF-01A-11R-A36F-07,1.0025593487080684,1
TCGA-EP-A2KA-01A-11R-A180-07,1.0012765896901967,1
TCGA-25-1314-01A-01R-1565-13,1.000165953600393,1
TCGA-64-5778-01A-01R-1628-07,1.0006063680739186,1
TCGA-04-1356-01A-01R-1569-13,1.0004502481180415,1
TCGA-46-3766-01A-01R-0980-07,1.000161239676704,1
TCGA-78-7535-01A-11R-2066-07,0.9997070120598179,1
TCGA-HZ-7919-01A-11R-2156-07,0.9972549195790407,1
TCGA-DW-7841-01A-11R-A32Z-07,0.9993119890252483,1
TCGA-AA-3538-01A-01R-0821-07,0.9986113519742894,1
TCGA-ZG-A9L5-01A-12R-A41O-07,1.0015211105587183,1
TCGA-DD-A39Z-01A-11R-A213-07,1.0025551707071678,1
TCGA-GM-A3NY-01A-11R-A21T-07,1.0013395541449506,1
TCGA-S4-A8RO-01A-12R-A37L-07,0.99564391548807,1
TCGA-E2-A573-01A-11R-A29R-07,0.9995937386510726,0
TCGA-G3-A3CG-01A-11R-A213-07,1.0019868246679933,0
TCGA-PL-A8LZ-01A-31R-A36F-07,0.9988981896146125,0
TCGA-39-5011-01A-01R-1443-07,1.0001162138265087,1
TCGA-G3-AAV5-01A-11R-A37K-07,1.00191507294805,0
TCGA-A3-3313-01A-02R-1325-07,1.0019721179296917,1
TCGA-UZ-A9PR-01A-11R-A42S-07,0.999857677317858,0
TCGA-BQ-5887-01A-11R-1965-07,1.0002368552539118,1
TCGA-49-AARQ-01A-11R-A41B-07,0.9992588330761452,0
TCGA-AA-3488-01A-01R-1410-07,1.0002577306089069,1
TCGA-S3-AA0Z-01A-11R-A41B-07,1.001291776947858,1
TCGA-FB-A78T-01A-12R-A32O-07,0.9946817384088192,1
TCGA-09-1659-01B-01R-1564-13,1.0000781739875535,1
TCGA-55-8096-01A-11R-2241-07,0.9979482553805465,1
TCGA-DD-AACQ-01A-11R-A41C-07,1.0013134014136136,0
TCGA-CC-5260-01A-01R-A131-07,0.9990280925136702,1
TCGA-E2-A14S-01A-11R-A12D-07,1.0024676253338338,1
TCGA-B6-A0WT-01A-11R-A109-07,1.0031414579600597,1
TCGA-BQ-7048-01A-11R-1965-07,1.0007937837590564,1
TCGA-56-A62T-01A-11R-A405-07,0.9989079992148402,1
TCGA-EB-A3XD-01A-22R-A239-07,0.9987860972545892,1
TCGA-DD-AACZ-01A-11R-A41C-07,1.0016945003325284,1
TCGA-CC-A1HT-01A-11R-A131-07,0.9983950672373854,1
TCGA-B2-5633-01A-01R-1541-07,1.0022766008279027,1
TCGA-D5-5541-01A-01R-1653-07,0.9979678680135395,1
TCGA-BC-A217-01A-11R-A155-07,1.0013297303152202,1
TCGA-E2-A106-01A-11R-A10J-07,1.0003997578842512,1
TCGA-A2-A0D4-01A-11R-A00Z-07,1.0016284502648485,1
TCGA-BP-4768-01A-01R-1289-07,1.0017795139489636,1
TCGA-HC-7750-01A-11R-2118-07,1.000147842052648,1
TCGA-C8-A1HI-01A-11R-A137-07,1.0005539564372632,0
TCGA-64-5815-01A-01R-1628-07,0.9973234784174995,0
TCGA-EW-A1P5-01A-11R-A144-07,1.0003336355744812,1
TCGA-DD-AADK-01A-11R-A41C-07,1.0004081364521673,1
TCGA-BP-4174-01A-02R-1289-07,1.0033285868659898,1
TCGA-22-5482-01A-01R-1635-07,0.9984748104649458,1
TCGA-CA-5256-01A-01R-1410-07,1.0022872878589835,1
TCGA-36-1571-01A-01R-1566-13,1.0003242973169912,1
TCGA-13-0714-01A-01R-1564-13,0.9989116349800576,1
TCGA-97-8172-01A-11R-2287-07,0.9996740193160032,1
TCGA-ZG-A9L9-01A-11R-A41O-07,0.9978428158603118,0
TCGA-E2-A159-01A-11R-A115-07,1.0000546617962551,0
TCGA-BP-5187-01A-01R-1426-07,1.0030780753768427,1
TCGA-DZ-6132-01A-11R-1965-07,0.9997648834471915,1
TCGA-A6-6649-01A-11R-1774-07,0.9962231186377847,1
TCGA-60-2722-01A-01R-0851-07,0.9990661338672069,1
TCGA-24-2033-01A-01R-1568-13,0.9999943042042176,1
TCGA-CH-5739-01A-11R-1580-07,1.0023374155331757,1
TCGA-EJ-A6RC-01A-11R-A32O-07,0.9986809127708254,1
TCGA-V5-AASW-01A-11R-A406-31,0.9982067240254152,1
TCGA-86-8280-01A-11R-2287-07,0.9972466204952506,1
TCGA-73-7499-01A-11R-2187-07,0.9996331379548218,1
TCGA-DM-A1DA-01A-11R-A155-07,0.999409709587571,1
TCGA-ED-A7XO-01A-11R-A352-07,1.001063861908957,1
TCGA-35-4123-01A-01R-1107-07,1.0013323857593346,1
TCGA-CJ-4639-01A-02R-1325-07,1.0032624404755226,1
TCGA-35-4122-01A-01R-1107-07,1.0022684637415278,1
TCGA-AC-A7VC-01A-11R-A352-07,0.9993576788637564,1
TCGA-A8-A08X-01A-21R-A00Z-07,0.9989985728630852,1
TCGA-XK-AAIR-01A-11R-A41O-07,1.0018398349999513,1
TCGA-BH-A0B3-01A-11R-A056-07,0.9985931780356481,1
TCGA-BH-A1EV-01A-11R-A137-07,1.0026509845161327,1
TCGA-AA-3982-01A-02R-1022-07,0.9986489047264224,1
TCGA-86-6562-01A-11R-1755-07,0.9984894909333965,1
TCGA-EJ-5496-01A-01R-1580-07,1.0035784908648304,1
TCGA-B6-A400-01A-11R-A239-07,0.9984268055958104,1
TCGA-BF-A5ES-01A-11R-A27Q-07,1.0000327921452228,1
TCGA-F4-6854-01A-11R-1928-07,0.9981608364884512,0
TCGA-10-0938-01A-02R-1564-13,1.0013883613391215,1
TCGA-D8-A1XW-01A-11R-A14M-07,1.0011858328275671,0
TCGA-55-8089-01A-11R-2241-07,0.9992814919172874,1
TCGA-43-3920-01A-01R-0980-07,1.002549475622367,1
TCGA-AA-3660-01A-01R-1723-07,0.9980169313387581,0
TCGA-24-0970-01B-01R-1565-13,0.998690594980102,1
TCGA-24-2298-01A-01R-1569-13,0.9987151255481342,0
TCGA-EJ-A46G-01A-31R-A26U-07,1.0001392496221875,1
TCGA-A8-A093-01A-11R-A00Z-07,1.0009159823497094,0
TCGA-A7-A26I-01B-06R-A22O-07,1.0025229189920695,0
TCGA-24-1842-01A-01R-1567-13,0.9992186861762171,1
TCGA-LB-A8F3-01A-11R-A36G-07,0.997549072952888,1
TCGA-95-7567-01A-11R-2066-07,0.9979152374614578,1
TCGA-BH-A0EE-01A-11R-A034-07,1.0024652402502703,1
TCGA-55-7911-01A-11R-2170-07,0.9983613652075913,1
TCGA-B2-5641-01A-01R-1541-07,1.0011365352628427,1
TCGA-CH-5790-01A-11R-1580-07,1.0026152991125812,1
TCGA-90-7766-01A-21R-2125-07,0.999916622485395,1
TCGA-AA-3818-01A-01R-0905-07,0.9992117833528389,1
TCGA-NC-A5HL-01A-11R-A26W-07,0.998113911966942,0
TCGA-23-1120-01A-02R-1565-13,0.9990928065226802,1
TCGA-A8-A06N-01A-11R-A00Z-07,1.0037473403327106,1
TCGA-24-1427-01A-01R-1565-13,0.9979051936217247,1
TCGA-DM-A285-01A-11R-A16W-07,0.9978629801601775,1
TCGA-B6-A0RP-01A-21R-A084-07,0.9996445543942745,0
TCGA-77-8130-01A-11R-2247-07,0.9987228887091356,1
TCGA-85-7843-01A-11R-2125-07,0.9985183374190474,1
TCGA-22-1002-01A-01R-0692-07,0.994985386819254,1
TCGA-L5-A4OU-01A-11R-A28J-31,0.998883216474064,1
TCGA-44-3918-01B-02R-A277-07,1.004293656912592,1
TCGA-EJ-5503-01A-01R-1580-07,1.0001753334518135,1
TCGA-B9-4113-01A-01R-1193-07,1.0010320184711274,1
TCGA-55-6642-01A-11R-1858-07,0.999371653329959,1
TCGA-22-4604-01A-01R-1201-07,0.9963949365988378,0
TCGA-69-8253-01A-11R-2287-07,0.9986757419884692,1
TCGA-43-A475-01A-11R-A24H-07,0.9995825017222688,1
TCGA-13-0893-01B-01R-1565-13,0.9996698555446054,1
TCGA-ZG-A9MC-01A-31R-A41O-07,0.997537484664826,1
TCGA-FB-AAQ3-01A-11R-A41B-07,0.9989780313541143,1
TCGA-30-1861-01A-01R-1568-13,1.0011700825372574,1
TCGA-A8-A0A4-01A-11R-A00Z-07,1.001611407698954,1
TCGA-V1-A9ZI-01A-11R-A41O-07,0.9991156722388997,1
TCGA-AA-A01S-01A-21R-A083-07,0.9986507173461475,0
TCGA-J4-A6G1-01A-11R-A311-07,0.99586894522166,0
TCGA-DD-AAD5-01A-11R-A41C-07,0.9997398296712917,1
TCGA-44-7661-01A-11R-2066-07,0.9974142604554033,0
TCGA-FV-A23B-01A-11R-A16W-07,1.0011260163766356,1
TCGA-E2-A1B1-01A-21R-A12P-07,1.0036636982214173,1
TCGA-EJ-A65D-01A-11R-A30B-07,1.0014273541347514,1
TCGA-CA-5796-01A-01R-1653-07,1.0003143732061692,1
TCGA-AY-6196-01A-11R-1723-07,0.9970722302779448,0
TCGA-KK-A6E2-01A-11R-A311-07,1.0028087809441666,1
TCGA-05-4384-01A-01R-1755-07,0.9997607273378337,1
TCGA-D8-A1XD-01A-11R-A14D-07,1.0025786285896139,1
TCGA-T1-A6J8-01A-11R-A32O-07,1.0021307272085278,1
TCGA-A2-A0SU-01A-11R-A084-07,1.000703057544586,1
TCGA-62-A46R-01A-11R-A24H-07,1.0000741179047186,1
TCGA-2J-AAB1-01A-11R-A41B-07,0.9958951373577737,1
TCGA-61-2102-01A-01R-1568-13,1.0013434219605193,1
TCGA-BQ-5891-01A-11R-1592-07,1.001159867268919,1
TCGA-78-7160-01A-11R-2039-07,0.9990072653200688,1
TCGA-AZ-4614-01A-01R-1410-07,0.9989804488549874,1
TCGA-CM-6676-01A-11R-1839-07,0.9978796166379573,1
TCGA-LN-A49W-01A-11R-A260-31,0.9987128864633331,0
TCGA-A2-A0EY-01A-11R-A034-07,0.9993439561502933,1
TCGA-CJ-4869-01A-02R-1426-07,0.9994286140291617,1
TCGA-F2-A8YN-01A-11R-A37L-07,0.995955606176674,1
TCGA-EW-A6SC-01A-12R-A32P-07,0.9986559334261703,0
TCGA-77-A5G1-01A-11R-A27Q-07,0.9992190889806005,0
TCGA-V1-A9ZR-01A-11R-A41O-07,1.0001358822829352,1
TCGA-KK-A8I9-01A-11R-A36G-07,0.9981566683387451,1
TCGA-CC-A3MB-01A-11R-A213-07,1.0007336925692656,0
TCGA-B2-5635-01A-01R-1541-07,1.001587322623813,1
TCGA-AA-3662-01A-01R-1723-07,0.9988526712047093,1
TCGA-S3-AA15-01A-11R-A41B-07,0.9972223307341866,0
TCGA-B8-4154-01A-01R-1188-07,1.0032607373135103,1
TCGA-43-A474-01A-11R-A24H-07,0.9985433233311652,1
TCGA-13-0800-01A-01R-1564-13,1.001035722100127,1
TCGA-L9-A50W-01A-12R-A39D-07,0.9974229732893481,1
TCGA-B6-A1KF-01A-11R-A13Q-07,1.002377616067383,1
TCGA-22-1011-01A-01R-0692-07,0.997495743640594,1
TCGA-AA-3833-01A-01R-0905-07,0.9958408218314869,0
TCGA-22-4605-01A-21R-2125-07,0.9966963951804424,1
TCGA-52-7810-01A-11R-2125-07,0.999558586306583,1
TCGA-64-1678-01A-01R-0946-07,1.0027722231626435,0
TCGA-IB-7645-01A-22R-2204-07,0.9994999618501446,0
TCGA-A2-A0EP-01A-52R-A22U-07,0.9975581272948968,1
TCGA-AA-A00Z-01A-01R-A002-07,0.9991978417239501,1
TCGA-E2-A9RU-01A-11R-A41B-07,1.0005842630888038,1
TCGA-BP-5184-01A-01R-1426-07,1.0012136646402197,1
TCGA-73-4670-01A-01R-1206-07,0.9997403331767709,1
TCGA-AA-3679-01A-02R-0905-07,0.9997962131083432,1
TCGA-CM-5348-01A-21R-1723-07,0.9960693327403505,1
TCGA-2A-A8W3-01A-11R-A37L-07,1.0014685117493736,1
TCGA-MH-A857-01A-11R-A355-07,1.0019273322118918,1
TCGA-E2-A1LG-01A-21R-A14M-07,1.0030190481160208,1
TCGA-05-4418-01A-01R-1206-07,0.9993001829163378,1
TCGA-83-5908-01A-21R-2287-07,0.9990242641028781,1
TCGA-G3-A5SJ-01A-11R-A27V-07,0.9996012693417184,1
TCGA-13-0901-01B-01R-1565-13,1.0027250902514757,1
TCGA-B0-5088-01A-01R-1334-07,1.0001369013342418,1
TCGA-AR-A0TU-01A-31R-A109-07,1.001934016794417,1
TCGA-29-1770-01A-01R-1567-13,1.0000627338825754,1
TCGA-AA-3855-01A-01R-1022-07,0.998227085349164,1
TCGA-B0-5402-01A-01R-1503-07,1.0035795482263368,1
TCGA-DD-AACD-01A-11R-A41C-07,1.0023156969337872,0
TCGA-UB-A7MB-01A-11R-A33R-07,1.0010817407317776,1
TCGA-J9-A52B-01A-11R-A26U-07,0.9993817672226286,1
TCGA-13-0908-01B-01R-1565-13,0.9976495809831534,1
TCGA-AS-3777-01A-01R-0864-07,0.9999633609287925,1
TCGA-L5-A8NU-01A-11R-A36D-31,0.9978207108751967,1
TCGA-BH-A0W5-01A-11R-A109-07,0.9993886586802312,1
TCGA-L5-A4OE-01A-11R-A260-31,1.0007107498126426,1
TCGA-29-1705-01A-01R-1567-13,0.9983666001499939,1
TCGA-AA-A024-01A-02R-A00A-07,0.9991440191773756,1
TCGA-13-0799-01A-01R-1564-13,1.0010485757193497,1
TCGA-AR-A24L-01A-11R-A169-07,1.0040461916315941,1
TCGA-CZ-5463-01A-01R-1503-07,1.0047994544363217,1
TCGA-G7-A4TM-01A-11R-A31O-07,0.997697135306516,1
TCGA-5P-A9KH-01A-11R-A42S-07,1.0040203749354357,1
TCGA-E9-A249-01A-11R-A169-07,1.0011624844028337,0
TCGA-J2-A4AD-01A-11R-A24H-07,0.9987601334650911,1
TCGA-BP-4961-01A-01R-1334-07,1.0020127179845508,0
TCGA-DD-AADB-01A-11R-A41C-07,1.0012138507183315,1
TCGA-B6-A0X4-01A-11R-A109-07,1.0021383929521648,1
TCGA-80-5611-01A-01R-1628-07,1.0003058847605357,1
TCGA-A8-A06O-01A-11R-A00Z-07,1.0008564625291796,0
TCGA-B0-4690-01A-01R-1277-07,1.0001303802637131,1
TCGA-A8-A07C-01A-11R-A034-07,1.003687398005409,1
TCGA-23-1032-01A-02R-1564-13,1.000900993885081,1
TCGA-CM-6167-01A-11R-1653-07,0.9965921520330092,1
TCGA-D8-A142-01A-11R-A115-07,0.9983790557631461,0
TCGA-A3-A8OV-01A-11R-A37O-07,1.0001669080716493,1
TCGA-A8-A094-01A-11R-A00Z-07,1.0019646765743662,1
TCGA-HC-A8D0-01A-11R-A36G-07,0.9991134841792193,1
TCGA-M9-A5M8-01A-11R-A28J-31,0.9996625444439583,1
TCGA-DD-AACS-01A-11R-A41C-07,1.0021472852967586,0
TCGA-22-4593-01A-21R-1820-07,0.9974434688260795,1
TCGA-E9-A1RB-01A-11R-A157-07,1.0016222768498424,0
TCGA-86-A456-01A-11R-A24H-07,0.9981758540866577,1
TCGA-AR-A24H-01A-11R-A169-07,1.0034980711886046,0
TCGA-OL-A5D7-01A-11R-A27Q-07,1.0010413979025437,1
TCGA-85-A511-01A-21R-A262-07,0.9969957576468451,1
TCGA-49-AAR9-01A-21R-A41B-07,0.9986830898847344,1
TCGA-13-1496-01A-01R-1565-13,1.0007449393492633,1
TCGA-60-2695-01A-01R-0851-07,1.0004182551431497,1
TCGA-YL-A8SH-01B-11R-A37L-07,1.0003403245353146,1
TCGA-23-1026-01B-01R-1569-13,0.9988803771409921,1
TCGA-AA-3684-01A-02R-0905-07,0.9980127835660131,1
TCGA-97-8174-01A-11R-2287-07,1.0002169777332537,1
TCGA-A3-3308-01A-02R-1325-07,0.9991606122920744,1
TCGA-DD-A3A4-01A-11R-A22L-07,1.0030651954877687,1
TCGA-AR-A2LO-01A-31R-A18M-07,0.9985951449907484,1
TCGA-64-1679-01A-21R-2066-07,0.9985267087449281,1
TCGA-56-8623-01A-11R-A28V-07,0.9998840358296953,1
TCGA-69-A59K-01A-11R-A262-07,0.9993066277864717,1
TCGA-13-0766-01A-02R-1564-13,1.0000094816106848,0
TCGA-61-2016-01A-01R-1568-13,0.9997685750358426,1
TCGA-XV-AAZV-01A-11R-A40A-07,0.9981571247774076,1
TCGA-AA-A01Q-01A-01R-A002-07,0.9984270722526255,1
TCGA-A2-A25C-01A-11R-A169-07,1.00368000960979,1
TCGA-24-1849-01A-01R-1567-13,0.9966261820159377,1
TCGA-LL-A5YM-01A-11R-A28M-07,1.001638096773084,1
TCGA-23-2081-01A-01R-1568-13,0.9985635751972011,1
TCGA-BP-4975-01A-01R-1334-07,1.0021175171771652,1
TCGA-B8-5165-01A-01R-1420-07,1.0030913547865687,1
TCGA-SX-A7SR-01A-12R-A36F-07,0.9994751674890242,0
TCGA-AR-A24M-01A-11R-A169-07,1.0042839031357977,1
TCGA-LL-A6FR-01A-12R-A31O-07,1.0006790490898443,1
TCGA-IB-A5SS-01A-11R-A32O-07,0.9960190434887475,0
TCGA-EJ-AB27-01A-11R-A41O-07,0.9997809200967048,1
TCGA-37-3789-01A-01R-0980-07,0.9998203161167226,1
TCGA-AA-A01F-01A-01R-A002-07,1.0001193815327192,1
TCGA-VR-A8EY-01A-11R-A36D-31,0.9984731506660143,0
TCGA-CK-5913-01A-11R-1653-07,1.0003546624011241,1
TCGA-A3-3319-01A-02R-1325-07,0.999649932051708,1
TCGA-77-8007-01A-11R-2187-07,0.998187607655866,1
TCGA-24-1434-01A-01R-1566-13,0.998646028177728,1
TCGA-L5-A4OQ-01A-11R-A260-31,0.9988949814090481,1
TCGA-IG-A3YC-01A-11R-A24K-31,0.9973303760225607,1
TCGA-BH-A0DV-01A-21R-A12P-07,1.0007678860641904,1
TCGA-C8-A12N-01A-11R-A115-07,0.9993826943294567,1
TCGA-KC-A7F6-01A-11R-A33R-07,0.9981597068848543,0
TCGA-DM-A28E-01A-11R-A32Y-07,0.9991390173799015,1
TCGA-85-8048-01A-11R-2247-07,0.9969939811481653,1
TCGA-55-8614-01A-11R-2403-07,0.9966927414819865,0
TCGA-L5-A4OH-01A-11R-A260-31,1.0000043003025616,1
TCGA-AO-A0JJ-01A-11R-A056-07,1.001625606553468,1
TCGA-DM-A282-01A-12R-A16W-07,0.9985415687240278,1
TCGA-64-5775-01A-01R-1628-07,0.999851615549719,1
TCGA-EJ-5511-01A-01R-1580-07,1.0026437811040483,1
TCGA-E2-A1LE-01A-12R-A19W-07,0.9980474295412964,0
TCGA-E9-A1NH-01A-11R-A14D-07,1.001680893644241,1
TCGA-55-8302-01A-11R-2326-07,0.9974093261017069,0
TCGA-O2-A52N-01A-11R-A26W-07,0.9980846305141666,1
TCGA-AA-3495-01A-01R-1410-07,0.9997628854239272,0
TCGA-A7-A13H-01A-11R-A22K-07,0.999044861855287,1
TCGA-JY-A6FE-01A-11R-A336-31,0.9987882739484939,1
TCGA-HC-7210-01A-11R-2118-07,1.0029746137574795,1
TCGA-L5-A88T-01A-11R-A354-31,0.9977167577907029,1
TCGA-BP-4998-01A-01R-1334-07,1.0013637837042726,1
TCGA-S3-A6ZG-01A-22R-A32P-07,1.0010438125396897,0
TCGA-B0-5692-01A-11R-1541-07,0.999866196411651,1
TCGA-ZG-A8QY-01A-11R-A37L-07,1.0003858403360593,1
TCGA-A1-A0SG-01A-11R-A144-07,1.0001024827764329,1
TCGA-64-5774-01A-01R-1628-07,0.997368960286353,0
TCGA-L5-A8NM-01A-11R-A37I-31,0.9990152804883783,1
TCGA-AO-A12D-01A-11R-A115-07,1.0010628253444158,1
TCGA-39-5024-01A-21R-1820-07,0.9976414278981256,1
TCGA-AA-A01K-01A-01R-A00A-07,0.9961173339057502,1
TCGA-AA-3973-01A-01R-1022-07,0.9975090252394743,0
TCGA-22-5485-01A-01R-1635-07,0.9994618219846663,1
TCGA-50-5941-01A-11R-1755-07,0.9979728724201721,1
TCGA-C8-A12K-01A-21R-A115-07,0.9997960340176985,0
TCGA-MH-A55Z-01A-11R-A26U-07,0.9994924760371611,1
TCGA-BH-A0H3-01A-11R-A12P-07,1.0028414431256882,1
TCGA-CJ-4890-01A-01R-1305-07,0.9983151423100216,1
TCGA-85-8072-01A-31R-2247-07,0.9976786577500055,1
TCGA-5M-AATA-01A-31R-A41B-07,0.997761674857758,1
TCGA-C8-A1HK-01A-21R-A13Q-07,1.0036202008208985,1
TCGA-AN-A0XP-01A-11R-A109-07,1.0027614678477765,1
TCGA-39-5028-01A-01R-1443-07,0.9980761376902247,1
TCGA-ZG-A9L6-01A-11R-A41O-07,0.9987708854962267,1
TCGA-AO-A03V-01A-11R-A115-07,1.0016183812498411,1
TCGA-CJ-4895-01A-01R-1305-07,1.0003506711529084,1
TCGA-BC-A10T-01A-11R-A131-07,1.0014419660648473,1
TCGA-AR-A24K-01A-11R-A169-07,1.003679039814454,1
TCGA-A8-A06Z-01A-11R-A00Z-07,1.0024238192625643,1
TCGA-A6-6654-01A-21R-1839-07,0.9966816391861697,0
TCGA-G9-6373-01A-11R-1789-07,1.000455852772945,1
TCGA-DD-A116-01A-11R-A131-07,1.0020269967431954,1
TCGA-VR-A8EQ-01A-11R-A36D-31,0.9979977696715424,1
TCGA-R6-A6L6-01B-11R-A336-31,0.9971351826923504,1
TCGA-55-A493-01A-11R-A24H-07,0.9976629965404477,0
TCGA-ES-A2HS-01A-11R-A180-07,1.0027737336790812,0
TCGA-KK-A8I8-01A-11R-A36G-07,1.0008072525306255,1
TCGA-L5-A4OI-01A-11R-A36D-31,0.9985310603635875,0
TCGA-43-6143-01A-11R-1820-07,0.9994504869639252,0
TCGA-HC-7080-01A-11R-1965-07,1.0016964679622016,1
TCGA-FV-A4ZQ-01A-11R-A266-07,1.0011576989116269,1
TCGA-A3-3374-01A-02R-1325-07,1.002751831865308,1
TCGA-IG-A3QL-01A-11R-A24K-31,0.99795031057639,1
TCGA-PL-A8LV-01A-21R-A41B-07,0.9985981288080014,1
TCGA-HC-A9TE-01A-11R-A41O-07,1.0001241860517416,1
TCGA-G4-6321-01A-11R-1723-07,1.0010251171623308,1
TCGA-23-1030-01A-02R-1564-13,0.9996801145960288,1
TCGA-FB-AAQ2-01A-31R-A41B-07,0.9947399108049034,0
TCGA-A2-A0CY-01A-12R-A034-07,0.9993768087882354,0
TCGA-AN-A046-01A-21R-A034-07,1.00002969777568,1
TCGA-BH-A0B4-01A-11R-A00Z-07,0.9989129521763478,1
TCGA-24-0982-01A-01R-1565-13,1.0004734214104343,1
TCGA-AR-A0TY-01A-12R-A115-07,1.0031456239206118,1
TCGA-WS-AB45-01A-11R-A41B-07,0.9981897077293718,1
TCGA-37-4135-01A-01R-1100-07,1.0039403926700567,1
TCGA-EW-A1P0-01A-11R-A144-07,1.0027811932222137,1
TCGA-A2-A04Y-01A-21R-A034-07,0.9999089035274831,1
TCGA-ZP-A9D4-01A-11R-A37K-07,1.0022362761864754,0
TCGA-AC-A23H-01A-11R-A157-07,1.0025890719499995,1
TCGA-A8-A07G-01A-11R-A034-07,1.0016165576843448,1
TCGA-63-A5MT-01A-21R-A26W-07,0.9978926880780288,1
TCGA-05-5428-01A-01R-1628-07,1.002519823107945,1
TCGA-V1-A9OQ-01A-11R-A41O-07,1.000179775245802,1
TCGA-CZ-5454-01A-01R-1503-07,1.002390488294417,1
TCGA-2J-AABK-01A-31R-A41B-07,0.9937783215135708,1
TCGA-L5-A893-01A-11R-A36D-31,0.9979814556740113,0
TCGA-CW-5587-01A-01R-1541-07,1.0033132627861874,1
TCGA-CH-5766-01A-11R-1580-07,1.002246684940397,1
TCGA-E9-A1NI-01A-11R-A14D-07,1.0002421748987573,1
TCGA-46-3767-01A-01R-0980-07,0.9984102271306184,1
TCGA-85-7710-01A-11R-2125-07,0.9993897160417375,1
TCGA-A2-A1G1-01A-21R-A13Q-07,1.002846662069438,1
TCGA-AZ-6603-01A-11R-1839-07,0.9983850295451105,1
TCGA-BP-5180-01A-01R-1426-07,1.0009826891636664,1
TCGA-HC-7213-01A-11R-2118-07,0.9999533083324421,1
TCGA-BP-4354-01A-02R-1289-07,1.0006911999905506,1
TCGA-E2-A14W-01A-11R-A12D-07,1.0010397669826219,1
TCGA-L9-A444-01A-21R-A24H-07,0.9981762481344238,0
TCGA-86-7713-01A-11R-2066-07,1.001376778523945,1
TCGA-MP-A4TJ-01A-51R-A262-07,0.9979043464190269,1
TCGA-B9-A5W8-01A-11R-A28H-07,1.000416809206763,1
TCGA-BH-A0DE-01A-11R-A115-07,0.9985432904938513,1
TCGA-BP-4349-01A-01R-1289-07,1.0015586293789602,1
TCGA-LL-A8F5-01A-11R-A36F-07,0.9990924453122276,1
TCGA-95-A4VK-01A-11R-A262-07,0.9984045331403947,1
TCGA-HC-A9TH-01A-11R-A41O-07,0.9978213687160513,1
TCGA-CM-4743-01A-01R-1723-07,0.9997633379042857,1
TCGA-13-1499-01A-01R-1565-13,0.9988927863619006,1
TCGA-43-7656-01A-11R-2125-07,1.000621069339335,1
TCGA-66-2786-01A-01R-0851-07,0.9986768234306724,1
TCGA-44-7671-01A-11R-2066-07,0.9986682058249378,1
TCGA-D5-6535-01A-11R-1723-07,0.998545380716163,0
TCGA-A3-3378-01A-02R-1325-07,1.0011928709585047,0
TCGA-KR-A7K8-01A-11R-A33J-07,1.0002740004033484,1
TCGA-B6-A0IG-01A-11R-A034-07,0.999316322456101,0
TCGA-05-5423-01A-01R-1628-07,1.0024868198383636,1
TCGA-24-2020-01A-01R-1567-13,1.0010482615757137,1
TCGA-EJ-5532-01A-01R-1580-07,1.002749739453842,1
TCGA-LN-A7HX-01A-11R-A336-31,1.0003299836451751,1
TCGA-24-1418-01A-01R-1565-13,0.9980187260252449,0
TCGA-A6-6648-01A-11R-1774-07,1.0009997641468704,1
TCGA-AO-A12F-01A-11R-A115-07,1.0006607729355257,1
TCGA-DD-A1EL-01A-11R-A155-07,1.0021945447588694,1
TCGA-F2-6880-01A-11R-2156-07,0.9986771846411249,1
TCGA-IB-AAUW-01A-12R-A38C-07,0.996574915726963,1
TCGA-EB-A4OZ-01A-12R-A266-07,0.9998895579713096,1
TCGA-CJ-4878-01A-01R-1305-07,1.0011543790591955,0
TCGA-4R-AA8I-01A-11R-A38B-07,1.0003741590089412,1
TCGA-CZ-4853-01A-01R-1426-07,1.0016450407703887,1
TCGA-DD-A4NN-01A-11R-A28V-07,1.001490221592145,1
TCGA-21-5782-01A-01R-1635-07,0.9972061250997912,1
TCGA-85-A513-01A-12R-A26W-07,0.9978605622393,1
TCGA-29-1761-01A-01R-1567-13,1.0011201030509818,1
TCGA-G7-6792-01A-21R-1965-07,1.0009054897333531,1
TCGA-NC-A5HQ-01A-11R-A26W-07,0.9967046358316404,0
TCGA-B1-A47O-01A-11R-A24Z-07,1.0000039434704175,1
TCGA-AR-A252-01A-11R-A169-07,1.002645946177609,0
TCGA-BH-A18S-01A-11R-A12D-07,1.002963657040421,1
TCGA-LQ-A4E4-01A-11R-A266-07,1.0015469491464193,1
TCGA-3A-A9IV-01A-11R-A41B-07,1.0015453937523195,0
TCGA-WN-A9G9-01A-12R-A37K-07,0.9999349671780684,0
TCGA-BH-A18F-01A-11R-A12D-07,1.0003459320539452,0
TCGA-13-0883-01A-02R-1569-13,0.9977532483830167,1
TCGA-55-7576-01A-11R-2066-07,0.9986707561896477,1
TCGA-44-A4SS-01A-11R-A24X-07,0.99809313251473,1
TCGA-AD-A5EJ-01A-11R-A28H-07,0.9985605891907939,1
TCGA-E9-A5FL-01A-11R-A27Q-07,0.9988018099092723,1
TCGA-J4-A67L-01A-11R-A30B-07,1.0011935890011012,0
TCGA-23-1113-01A-01R-1564-13,1.0001556689536915,1
TCGA-55-6543-01A-11R-1755-07,0.9979635925952745,1
TCGA-BP-4334-01A-01R-1289-07,1.000047369303419,0
TCGA-E2-A1L6-01A-11R-A13Q-07,1.0011964556986015,1
TCGA-D8-A27W-01A-11R-A16F-07,1.0024458246411607,1
TCGA-B6-A0WS-01A-11R-A115-07,1.0014609307081799,1
TCGA-B3-8121-01A-21R-2404-07,1.0003436783196373,1
TCGA-D8-A1JK-01A-11R-A13Q-07,0.9994739951969195,1
TCGA-A2-A04N-01A-11R-A115-07,0.999441531808431,1
TCGA-P4-A5E6-01A-11R-A28H-07,1.0002661078276773,0
TCGA-PJ-A5Z9-01A-11R-A28H-07,1.000419497488191,1
TCGA-LN-A7HV-01A-21R-A354-31,0.9988736126543364,0
TCGA-22-0944-01A-01R-0692-07,0.9983743950537319,0
TCGA-AN-A0FK-01A-11R-A034-07,1.0018722443341563,1
TCGA-BF-AAOU-01A-12R-A39D-07,0.9987579184609868,1
TCGA-HN-A2NL-01A-11R-A18M-07,1.0009174567451018,1
TCGA-FR-A2OS-01A-11R-A21D-07,1.000065065751864,0
TCGA-CW-6093-01A-11R-1672-07,1.002111664473258,1
TCGA-DD-A73F-01A-11R-A32O-07,1.0013402437285417,1
TCGA-WQ-A9G7-01A-11R-A37K-07,1.0001412384688302,1
TCGA-37-3783-01A-01R-1201-07,1.0024543323691781,1
TCGA-61-1995-01A-01R-1568-13,0.9996765353288178,1
TCGA-DD-AAD2-01A-11R-A41C-07,0.9996521562324335,1
TCGA-24-1616-01A-01R-1566-13,1.0010911361618464,1
TCGA-B2-3923-01B-10R-A277-07,1.0073964689289443,1
TCGA-31-1950-01A-01R-1568-13,1.0002994569836317,1
TCGA-FC-A5OB-01A-11R-A29R-07,1.0046713035352426,1
TCGA-LN-A49X-01A-31R-A260-31,0.9999351635273789,1
TCGA-UU-A93S-01A-21R-A41B-07,1.0008306502113296,1
TCGA-34-5240-01A-01R-1443-07,1.0009202059028448,1
TCGA-L5-A43C-01A-11R-A24K-31,0.9977564368861928,1
TCGA-46-3765-01A-01R-0980-07,0.9998613758939758,1
TCGA-B0-4844-01A-01R-1277-07,0.9991499401650692,1
TCGA-21-1080-01A-01R-0692-07,0.9997651643335093,1
TCGA-13-0920-01A-01R-1564-13,1.002262969638914,1
TCGA-F9-A8NY-01A-11R-A36F-07,0.9982149906918959,0
TCGA-LL-A740-01A-21R-A32P-07,0.9985812405774819,1
TCGA-BF-AAP4-01A-11R-A40A-07,0.9995143621068503,1
TCGA-XR-A8TD-01A-12R-A39D-07,1.0001367375676768,1
TCGA-33-4538-01A-01R-1201-07,0.9996473740249581,1
TCGA-LL-A9Q3-01A-11R-A41B-07,1.0011266961090324,1
TCGA-NJ-A4YF-01A-12R-A262-07,0.9988723521214885,0
TCGA-MH-A560-01A-11R-A26U-07,1.0021900937882597,1
TCGA-L5-A8NE-01A-11R-A37I-31,1.000480536161771,1
TCGA-04-1332-01A-01R-1564-13,0.9994881695507324,1
TCGA-EJ-A7NG-01A-31R-A33R-07,1.0002303607078025,1
TCGA-A8-A08J-01A-11R-A00Z-07,0.9998598051757962,1
TCGA-AK-3456-01A-02R-1325-07,1.002799671873301,1
TCGA-G7-A8LB-01A-11R-A36F-07,1.0018216711670729,1
TCGA-B2-A4SR-01A-11R-A266-07,1.002626205479092,1
TCGA-62-8394-01A-11R-2326-07,0.9983135770647276,1
TCGA-AZ-6608-01A-11R-1839-07,0.9997976809362729,1
TCGA-Q3-AA2A-01A-11R-A37L-07,0.9964220838807807,1
TCGA-B0-4694-01A-01R-1277-07,1.0006007791630993,1
TCGA-AR-A24V-01A-21R-A169-07,1.0019466876192593,1
TCGA-A2-A0EV-01A-11R-A034-07,1.0009161399688158,1
TCGA-60-2714-01A-01R-0851-07,0.9989418128915013,1
TCGA-BP-4762-01A-02R-1289-07,1.0019950088211849,1
TCGA-DD-AACG-01A-11R-A41C-07,1.003473810981123,1
TCGA-B0-5094-01A-01R-1420-07,1.000740821550105,1
TCGA-AA-3556-01A-01R-0821-07,1.0002125180060268,1
TCGA-2J-AABO-01A-21R-A41B-07,0.9955091084634711,1
TCGA-B0-5400-01A-01R-1503-07,0.9997821237115422,1
TCGA-77-6845-01A-11R-1949-07,1.0000449152614965,1
TCGA-D8-A141-01A-11R-A115-07,0.9986772809639122,0
TCGA-55-A57B-01A-12R-A39D-07,0.9975325010551587,0
TCGA-60-2712-01A-01R-0851-07,0.9978380303691049,1
TCGA-A6-4105-01A-02R-1774-07,0.9979540697742544,1
TCGA-XV-A9W5-01A-11R-A38C-07,0.9981611342134303,1
TCGA-A6-5665-01B-03R-2302-07,1.0022972752007102,1
TCGA-E2-A1AZ-01A-11R-A12P-07,1.0017167705987897,1
TCGA-55-7910-01A-11R-2170-07,0.999813536305987,1
TCGA-50-6673-01A-11R-1949-07,0.9982327677190439,0
TCGA-BH-A0DL-01A-11R-A115-07,1.0002793795753633,1
TCGA-AU-6004-01A-11R-1723-07,0.9970104114254406,1
TCGA-E2-A15I-01A-21R-A137-07,1.0042968169567625,1
TCGA-G9-6369-01A-21R-1965-07,1.0010423425226056,1
TCGA-AA-3819-01A-01R-0905-07,0.998831099278656,1
TCGA-KK-A6E0-01A-11R-A311-07,1.0007990169323089,1
TCGA-SX-A71W-01A-12R-A355-07,0.998790239809017,0
TCGA-AR-A0TS-01A-11R-A115-07,0.9995636323071465,0
TCGA-E9-A5UP-01A-11R-A28M-07,1.00263390103088,1
TCGA-AQ-A0Y5-01A-11R-A14M-07,1.0045716517188603,1
TCGA-BP-4807-01A-01R-1305-07,1.0030683807072136,0
TCGA-CM-5860-01A-01R-1653-07,0.9993554426426824,1
TCGA-BC-A5W4-01A-11R-A28V-07,1.0019204976723,1
TCGA-B0-4821-01A-01R-1503-07,0.998368081112849,1
TCGA-UZ-A9PJ-01A-11R-A38C-07,1.000274291980869,1
TCGA-DD-AACC-01A-11R-A41C-07,1.0023799234359705,1
TCGA-CJ-4870-01A-01R-1305-07,1.000555026933695,0
TCGA-75-6207-01A-11R-1755-07,0.998041465190522,1
TCGA-C8-A1HO-01A-11R-A13Q-07,1.0031970591944686,1
TCGA-JY-A938-01A-11R-A37I-31,0.9990588840628789,1
TCGA-04-1361-01A-01R-1565-13,1.0002060545280818,1
TCGA-2Z-A9J8-01A-11R-A42S-07,1.0010276412571897,1
TCGA-64-1677-01A-01R-0946-07,1.0007018874416356,1
TCGA-AO-A0JE-01A-11R-A056-07,1.000694179429495,1
TCGA-IG-A4P3-01A-11R-A260-31,0.999125480324546,1
TCGA-05-4424-01A-22R-1858-07,0.9999547498905206,1
TCGA-91-A4BD-01A-11R-A24H-07,0.9997505543379993,1
TCGA-DD-AAVS-01A-11R-A41C-07,1.0014534295711168,1
TCGA-18-3414-01A-01R-0980-07,0.9979766165485252,0
TCGA-J4-A83I-01A-11R-A36G-07,1.001372264487866,1
TCGA-39-5035-01A-01R-1443-07,1.0000955810476317,1
TCGA-AA-3544-01A-01R-1873-07,0.9993466334859502,1
TCGA-FB-A7DR-01A-21R-A33R-07,0.9961441996268022,1
TCGA-99-8032-01A-11R-2241-07,0.9964610643814938,1
TCGA-95-7948-01A-11R-2187-07,0.999433989497441,1
TCGA-D8-A1XU-01A-11R-A14M-07,1.001463431816919,1
TCGA-2Z-A9J7-01A-11R-A38C-07,0.9999580857416047,1
TCGA-13-A5FT-01A-11R-A406-31,1.0006689862222955,1
TCGA-BP-4803-01A-01R-1305-07,1.0018193521781413,1
TCGA-24-2271-01A-01R-1568-13,0.9989002704057341,1
TCGA-DD-A39V-01A-11R-A213-07,1.0019426672374656,1
TCGA-CM-6674-01A-11R-1839-07,0.9979338376106068,1
TCGA-30-1855-01A-01R-1567-13,0.9983771890891372,0
TCGA-2J-AABE-01A-12R-A41B-07,0.9970152312685426,1
TCGA-ED-A82E-01A-11R-A352-07,1.001821305998316,1
TCGA-56-7580-01A-11R-2045-07,0.9998750872416633,0
TCGA-37-4130-01A-01R-1100-07,1.0037221552075553,1
TCGA-38-4626-01A-01R-1206-07,0.9976237548558049,0
TCGA-CZ-4861-01A-01R-1305-07,1.0013317673232567,1
TCGA-F4-6703-01A-11R-1839-07,0.9972084022402233,1
TCGA-61-2109-01A-01R-1568-13,1.0004307033488309,1
TCGA-5M-AATE-01A-11R-A41B-07,0.9990772996484972,1
TCGA-10-0931-01A-01R-1564-13,1.0010573027827971,1
TCGA-UZ-A9PQ-01A-11R-A42S-07,1.0014506482506325,1
TCGA-XC-AA0X-01A-32R-A405-07,0.9957047488011542,1
TCGA-BH-A0C1-01B-11R-A12D-07,1.0008849488989553,1
TCGA-09-1668-01B-01R-1566-13,0.9998864730329565,1
TCGA-77-7338-01A-11R-2045-07,0.9992134694216214,1
TCGA-61-2111-01A-01R-1568-13,0.9995398314020547,1
TCGA-AC-A8OS-01A-12R-A41B-07,0.9997822182651795,1
TCGA-BF-A3DJ-01A-11R-A20F-07,0.9988565595626749,1
TCGA-CJ-4893-01A-01R-1305-07,1.0026806898248253,1
TCGA-DD-AADS-01A-11R-A41C-07,1.0036083706312908,1
TCGA-61-2110-01A-01R-1568-13,0.999157575515115,0
TCGA-DD-A1EE-01A-11R-A131-07,1.001830904345158,1
TCGA-BH-A0BP-01A-11R-A115-07,0.9985400177082364,1
TCGA-IG-A3I8-01A-11R-A24K-31,0.9990669029349242,1
TCGA-86-A4D0-01A-11R-A24H-07,1.0003475680267484,1
TCGA-22-1016-01A-01R-0692-07,0.9962828142652277,1
TCGA-BH-A0DS-01A-11R-A056-07,0.999964513518509,1
TCGA-AR-A5QN-01A-12R-A28M-07,0.9986398529935719,1
TCGA-CW-6088-01A-11R-1672-07,1.0031095751174537,1
TCGA-AQ-A04L-01B-21R-A10J-07,1.0001094420978174,0
TCGA-A7-A13D-01A-13R-A12P-07,0.9989155857289195,1
TCGA-A2-A0YJ-01A-11R-A109-07,1.0021037988420107,0
TCGA-04-1331-01A-01R-1569-13,0.9991587872119964,1
TCGA-HZ-A8P1-01A-11R-A37L-07,0.9978109713279053,1
TCGA-AR-A24R-01A-11R-A169-07,1.002569785500991,1
TCGA-36-1575-01A-01R-1566-13,1.0012706030278753,1
TCGA-C8-A273-01A-11R-A16F-07,1.0001674711042976,1
TCGA-DM-A1HB-01A-21R-A180-07,0.9992384465771222,1
TCGA-JL-A3YW-01A-12R-A239-07,0.9964123907257328,1
TCGA-13-1411-01A-01R-1565-13,0.9983175039874611,1
TCGA-60-2710-01A-01R-0851-07,0.9979467372020691,1
TCGA-BP-5009-01A-01R-1334-07,1.0001741283223948,1
TCGA-T7-A92I-01A-11R-A37O-07,1.0027248706614769,1
TCGA-EB-A85I-01A-11R-A352-07,0.9994147709122145,1
TCGA-F4-6460-01A-11R-1774-07,0.9976917226226142,1
TCGA-B8-A54E-01A-11R-A266-07,1.0047919916094579,1
TCGA-60-2725-01A-01R-1201-07,0.9989351213215091,1
TCGA-NC-A5HI-01A-11R-A26W-07,0.9999369319440146,1
TCGA-BP-4965-01A-01R-1334-07,1.0033120675079628,0
TCGA-BP-4756-01A-01R-1289-07,1.0019896596227567,1
TCGA-A8-A095-01A-11R-A00Z-07,1.002187051283846,1
TCGA-MM-A84U-01A-11R-A37O-07,0.9996679455075158,1
TCGA-HP-A5N0-01A-11R-A28V-07,1.00211615442864,1
TCGA-A4-7996-01A-11R-2204-07,1.0006300689524874,1
TCGA-A2-A0EQ-01A-11R-A034-07,1.0004309040764496,1
TCGA-A1-A0SK-01A-12R-A084-07,1.0022855106857307,1
TCGA-EJ-5505-01A-01R-1580-07,1.0034489794043804,1
TCGA-43-5668-01A-01R-1635-07,1.0012787295884835,1
TCGA-EW-A2FV-01A-11R-A17B-07,0.9999354940896716,1
TCGA-CZ-5456-01A-01R-1503-07,1.0013452794579067,1
TCGA-C8-A12Y-01A-11R-A12D-07,0.9993125308409271,1
TCGA-AR-A2LM-01A-11R-A180-07,1.0023732311914053,1
TCGA-A6-4107-01A-02R-1410-07,0.9999648546065689,1
TCGA-IG-A3YB-01A-11R-A36D-31,0.9986040270641439,1
TCGA-75-6205-01A-11R-1755-07,0.9985701897267902,1
TCGA-20-1683-01A-01R-1566-13,1.001453910090476,1
TCGA-BP-4170-01A-02R-1289-07,1.0026816458106629,1
TCGA-CJ-6032-01A-11R-1672-07,1.0029051858247806,1
TCGA-DD-AACL-01A-11R-A41C-07,1.0014277256164021,1
TCGA-BP-4166-01A-02R-1289-07,1.0015579481319818,1
TCGA-2H-A9GL-01A-12R-A37I-31,1.0002315165812505,1
TCGA-B0-5084-01A-01R-1334-07,0.9993289429303953,1
TCGA-E2-A15J-01A-11R-A12P-07,1.001050004562507,1
TCGA-44-6775-01C-02R-A277-07,1.005042639920746,0
TCGA-A2-A04W-01A-31R-A115-07,1.0001388676147693,1
TCGA-G3-AAV0-01A-11R-A37K-07,1.0021611229408203,1
TCGA-AA-A00D-01A-01R-A002-07,0.9987569964070401,1
TCGA-56-5897-01A-11R-1635-07,0.9985715673793909,1
TCGA-EJ-7321-01A-31R-2263-07,1.0018940001491672,1
TCGA-2J-AABV-01A-12R-A41B-07,0.9970914685655596,1
TCGA-C8-A8HR-01A-11R-A36F-07,0.9965947013031421,1
TCGA-04-1362-01A-01R-1565-13,0.9994986096273862,1
TCGA-HZ-A77Q-01A-11R-A36G-07,0.9975073148354262,1
TCGA-D8-A1JB-01A-11R-A13Q-07,1.0021617829708287,1
TCGA-B0-4811-01A-01R-1503-07,0.9998619348028845,1
TCGA-24-1103-01A-01R-1565-13,1.000638298657914,1
TCGA-91-A4BC-01A-11R-A24H-07,0.998048625914098,1
TCGA-D5-5539-01A-01R-1653-07,0.9977416309613765,1
TCGA-HZ-A4BK-01A-11R-A26U-07,0.9947791721919343,1
TCGA-13-1489-01A-01R-1565-13,1.001268183337848,1
TCGA-A2-A04P-01A-31R-A034-07,1.000171927127789,1
TCGA-IA-A40Y-01A-11R-A24Z-07,0.9980444906017057,1
TCGA-21-5783-01A-41R-2187-07,0.997196369553847,1
TCGA-A6-2675-01A-02R-1723-07,0.9965483120298488,1
TCGA-B9-7268-01A-11R-A32Z-07,1.0003042352328029,1
TCGA-BP-4777-01A-01R-1289-07,0.999602166894964,1
TCGA-BP-4988-01A-01R-1334-07,1.0008784624348903,1
TCGA-2J-AABF-01A-31R-A41B-07,0.9938914373032094,1
TCGA-56-8201-01A-11R-2247-07,0.9977192993987959,0
TCGA-24-2035-01A-01R-1568-13,0.9978170808374337,1
TCGA-A1-A0SP-01A-11R-A084-07,1.0000937458617911,1
TCGA-BC-A10S-01A-22R-A131-07,1.0013357690972395,1
TCGA-HC-7738-01A-11R-2118-07,1.0012783213112144,1
TCGA-IA-A83S-01A-11R-A355-07,1.0006084762294687,1
TCGA-HZ-7920-01A-11R-2204-07,0.9992981152601413,1
TCGA-AA-3529-01A-02R-0821-07,0.9988226710347646,1
TCGA-D8-A1XJ-01A-11R-A14M-07,1.0015496494681961,1
TCGA-5X-AA5U-01A-11R-A406-31,1.001439551007697,1
TCGA-3Z-A93Z-01A-11R-A37O-07,1.0001893276204046,1
TCGA-E9-A227-01A-11R-A157-07,0.9997406746848352,1
TCGA-B0-4843-01A-01R-1277-07,0.9997436990014419,1
TCGA-BH-A8G0-01A-11R-A352-07,1.000565306107511,1
TCGA-FV-A3R2-01A-11R-A22L-07,1.001005395071625,1
TCGA-CZ-4854-01A-01R-1305-07,0.9992592256093301,0
TCGA-04-1348-01A-01R-1565-13,0.9995667682706203,1
TCGA-38-4625-01A-01R-1206-07,0.9999494280565207,1
TCGA-A3-A6NJ-01A-12R-A33J-07,1.0015034725428658,1
TCGA-BH-A0C3-01A-21R-A12P-07,0.999816620824336,1
TCGA-58-8388-01A-11R-2326-07,0.9989634110874057,1
TCGA-NH-A50T-01A-11R-A28H-07,1.0003373669879128,1
TCGA-LL-A5YN-01A-11R-A28M-07,0.9999527522872607,1
TCGA-A2-A0ET-01A-31R-A034-07,1.0031128314844118,1
TCGA-GM-A2DO-01A-11R-A18M-07,1.0013880997351876,1
TCGA-A7-A0CH-01A-21R-A00Z-07,1.001859783668123,0
TCGA-2Y-A9GT-01A-11R-A38B-07,1.0022040708636208,1
TCGA-B3-4104-01A-02R-1351-07,0.9982628598334672,0
TCGA-GM-A5PV-01A-11R-A28M-07,0.9995276349491135,1
TCGA-29-1711-01A-01R-1567-13,1.000250226188112,1
TCGA-AO-A1KS-01A-11R-A13Q-07,1.0051324959463988,1
TCGA-AO-A12G-01A-11R-A10J-07,1.0009444709086392,1
TCGA-HZ-8002-01A-11R-2204-07,0.9987454895376899,1
TCGA-22-5492-01A-01R-1635-07,0.9982563055056203,1
TCGA-G4-6625-01A-21R-1774-07,0.9961992273027958,1
TCGA-L5-A4OF-01A-11R-A260-31,0.9991993150247653,0
TCGA-55-A48Y-01A-11R-A24H-07,0.9987329237922519,1
TCGA-A2-A0YD-01A-11R-A109-07,1.0002229464623367,0
TCGA-13-0801-01A-01R-1564-13,1.0012655449869634,1
TCGA-B4-5843-01A-11R-1672-07,1.0023250106905757,1
TCGA-AY-A69D-01A-11R-A37K-07,1.0000916409899727,1
TCGA-CJ-4899-01A-01R-1334-07,1.0012837788727784,1
TCGA-YL-A8S9-01A-11R-A37L-07,1.0018621457655665,0
TCGA-55-1596-01A-01R-0946-07,0.9993959616988343,0
TCGA-UB-AA0V-01A-11R-A38B-07,1.0011178464529464,1
TCGA-BH-A0HY-01A-11R-A056-07,1.0014659230744642,1
TCGA-64-1676-01A-01R-0946-07,1.0026621656215025,1
TCGA-A8-A09R-01A-11R-A00Z-07,1.0011479790667237,1
TCGA-D8-A1Y2-01A-11R-A157-07,0.998647292834316,1
TCGA-5P-A9JY-01A-11R-A42S-07,1.0005127999172179,1
TCGA-AR-A1AI-01A-11R-A12P-07,1.0027153193814515,1
TCGA-56-7823-01B-11R-2247-07,0.9994341850067427,0
TCGA-O2-A52V-01A-31R-A262-07,0.9972642081605553,0
TCGA-B0-4816-01A-01R-1503-07,1.0005064021139005,0
TCGA-MH-A55W-01A-11R-A26U-07,1.0002052449610106,1
TCGA-AN-A0FD-01A-11R-A034-07,0.999040831622299,1
TCGA-3A-A9IB-01A-21R-A39D-07,0.9947943769628297,0
TCGA-P4-A5EA-01A-11R-A28H-07,0.9982081846113093,1
TCGA-XV-A9VZ-01A-11R-A38C-07,0.9981472184343883,1
TCGA-BC-A10U-01A-11R-A131-07,0.9999178560738192,1
TCGA-B6-A0I9-01A-11R-A034-07,1.0015479495899149,1
TCGA-B0-5119-01A-02R-1420-07,1.0022993078304385,1
TCGA-AR-A2LR-01A-12R-A18M-07,1.0006355648242506,1
TCGA-22-5472-01A-01R-1635-07,0.9966518469858796,1
TCGA-GI-A2C8-01A-11R-A16F-07,1.0025166766187044,1
TCGA-44-2666-01A-01R-0946-07,0.9982525543898001,1
TCGA-25-1632-01A-01R-1566-13,0.9994272775504874,1
TCGA-78-7540-01A-11R-2066-07,0.9990713506218025,1
TCGA-BH-A0AV-01A-31R-A115-07,1.0018873856195782,1
TCGA-AA-3845-01A-01R-1022-07,0.998005947931844,0
TCGA-78-8655-01A-11R-2403-07,0.9986895719704908,1
TCGA-BP-4345-01A-01R-1289-07,0.9980204449313415,1
TCGA-98-A539-01A-31R-A262-07,0.9974497039574092,1
TCGA-50-6594-01A-11R-1755-07,0.9995141607046586,1
TCGA-49-AARN-01A-21R-A41B-07,0.9946816125324495,1
TCGA-A3-3358-01A-01R-1541-07,1.0020016671338592,1
TCGA-13-1483-01A-01R-1565-13,0.9987480482390125,1
TCGA-KK-A7B2-01A-12R-A32O-07,0.9989857109072497,1
TCGA-49-AAQV-01A-11R-A39D-07,0.9973317654609413,1
TCGA-EV-5902-01A-11R-1592-07,1.0012498666841756,1
TCGA-AC-A6IX-01A-12R-A32P-07,0.9989933379206828,0
TCGA-BW-A5NQ-01A-11R-A27V-07,1.0012778002925014,1
TCGA-B6-A0WW-01A-11R-A109-07,1.002166469950094,1
TCGA-R6-A8W8-01B-11R-A37I-31,0.9989917109590651,1
TCGA-XV-AAZW-01A-12R-A40A-07,0.9976761139527585,1
TCGA-BP-4173-01A-02R-1289-07,0.9994991310661039,1
TCGA-HZ-A49G-01A-11R-A26U-07,0.9958109052694083,1
TCGA-22-1012-01A-01R-0692-07,0.9996715725161162,1
TCGA-BH-A0C7-01B-11R-A115-07,1.0011836666594292,1
TCGA-CC-A7IL-01A-11R-A33R-07,1.002656057881124,0
TCGA-E9-A1RA-01A-11R-A14D-07,0.9991522322095769,1
TCGA-YL-A8HM-01A-11R-A36G-07,1.0009421274190065,1
TCGA-AC-A3HN-01A-11R-A213-07,0.9983191473677356,1
TCGA-D8-A1X8-01A-11R-A14M-07,1.0032762277690364,1
TCGA-78-7159-01A-11R-2039-07,0.9985472200257435,1
TCGA-AR-A1AK-01A-21R-A12P-07,0.9994591592985164,1
TCGA-Y8-A8RY-01A-11R-A37K-07,0.9998189299620732,1
TCGA-DD-AAED-01A-12R-A41C-07,1.002297688950865,1
TCGA-AN-A0XV-01A-11R-A109-07,0.9999825138393911,0
TCGA-BP-4775-01A-01R-1289-07,1.0018462061134135,1
TCGA-24-1556-01A-01R-1566-13,0.9995134739847945,1
TCGA-44-6148-01A-11R-1755-07,0.9985862931455083,0
TCGA-DD-A3A9-01A-11R-A266-07,1.0022138067071766,1
TCGA-XK-AAJU-01A-11R-A41O-07,0.9986272992884825,1
TCGA-A6-3809-01B-04R-A277-07,1.004778670605801,1
TCGA-UZ-A9PO-01A-11R-A38C-07,1.0008906330379848,1
TCGA-05-4398-01A-01R-1206-07,0.9987695347880499,1
TCGA-AK-3436-01A-02R-1325-07,1.0011729715463042,0
TCGA-D9-A4Z2-01A-11R-A24X-07,0.9991225976283932,1
TCGA-44-8119-01A-11R-2241-07,0.9987782283396106,1
TCGA-EB-A97M-01A-11R-A38C-07,1.0004194219623692,1
TCGA-YL-A8HK-01A-11R-A36G-07,0.9986217417003955,1
TCGA-GL-A59T-01A-21R-A28H-07,1.0004689603340617,1
TCGA-90-7767-01A-11R-2125-07,0.9997922664832214,1
TCGA-DV-5568-01A-01R-1541-07,0.9991884666708425,1
TCGA-A4-A5Y0-01A-11R-A31O-07,1.000517490600219,1
TCGA-BF-A1PZ-01A-11R-A18S-07,1.0003492748924965,1
TCGA-2J-AAB4-01A-12R-A41B-07,0.9966434274986053,1
TCGA-AC-A8OQ-01A-11R-A41B-07,0.9982580218025582,1
TCGA-DD-AACT-01A-11R-A41C-07,1.0012781516517595,1
TCGA-18-3412-01A-01R-0980-07,0.9999743242133139,1
TCGA-A2-A4S2-01A-12R-A266-07,1.0000702080752146,1
TCGA-H9-A6BY-01A-11R-A30B-07,1.000899732257656,1
TCGA-DW-7837-01A-11R-2139-07,0.9998097884738983,0
TCGA-AA-3552-01A-01R-0821-07,0.9973778314139773,1
TCGA-UZ-A9PN-01A-11R-A38C-07,0.9973379191735592,1
TCGA-NC-A5HO-01A-11R-A26W-07,0.9985169637247509,1
TCGA-B8-A8YJ-01A-13R-A39I-07,1.0011457395619183,1
TCGA-A2-A04Q-01A-21R-A034-07,0.9997617628077975,1
TCGA-HC-A6AQ-01A-11R-A30B-07,1.0017056901945154,1
TCGA-DV-A4VX-01A-11R-A266-07,1.0009297072523267,1
TCGA-FC-A6HD-01A-11R-A31N-07,1.0016358102014622,1
TCGA-F2-A44G-01A-11R-A26U-07,0.9955920577074415,1
TCGA-AZ-4681-01A-01R-1410-07,1.0012830615047548,0
TCGA-VP-A87J-01A-11R-A352-07,1.0023208917968403,1
TCGA-C8-A8HQ-01A-11R-A36F-07,0.998402809181417,1
TCGA-YJ-A8SW-01A-11R-A37L-07,1.001737215784973,1
TCGA-63-7020-01A-11R-1949-07,0.9975751129427808,1
TCGA-66-2754-01A-01R-0980-07,1.0012960731630884,1
TCGA-04-1343-01A-01R-1564-13,0.9985925493283719,0
TCGA-KK-A7AV-01A-11R-A32O-07,0.9979178633519898,1
TCGA-HC-A632-01A-11R-A29R-07,1.001264773730092,1
TCGA-DD-AACE-01A-11R-A41C-07,1.0010934297209357,1
TCGA-23-1809-01A-01R-1566-13,1.0004224381969316,1
TCGA-JY-A939-01A-12R-A37I-31,0.9987691324036708,0
TCGA-25-1627-01A-01R-1566-13,1.0001887919521844,0
TCGA-IB-AAUP-01A-11R-A37L-07,0.9973123640813343,1
TCGA-RC-A6M3-01A-11R-A32O-07,1.0005007753128858,0
TCGA-E9-A1RH-01A-21R-A169-07,1.0028936643059234,1
TCGA-KK-A8IH-01A-11R-A36G-07,0.9991530301563036,0
TCGA-AA-3869-01A-01R-1022-07,0.9998263008444582,1
TCGA-B0-5116-01A-02R-1420-07,1.000612827848128,1
TCGA-GF-A2C7-01A-11R-A18T-07,0.9995170098889248,1
TCGA-BH-A5J0-01A-11R-A27Q-07,0.9993428801809757,1
TCGA-66-2727-01A-01R-0980-07,0.9993732827352994,1
TCGA-CM-6163-01A-11R-1653-07,0.9991789070542042,1
TCGA-55-A490-01A-11R-A466-07,1.000503599321878,1
TCGA-AA-3976-01A-01R-1022-07,1.0007435510054596,1
TCGA-A6-2679-01A-02R-1410-07,1.0003992254997622,1
TCGA-BP-5182-01A-01R-1426-07,1.0015335766976377,1
TCGA-56-8083-01A-11R-2247-07,0.9989506964794782,1
TCGA-55-8299-01A-11R-2287-07,0.997145850441047,1
TCGA-LN-A8I1-01A-11R-A36D-31,0.9979881435402679,1
TCGA-SX-A7SU-01A-11R-A36F-07,1.0003059237453082,1
TCGA-E9-A295-01A-11R-A16F-07,0.9968974711881469,0
TCGA-EJ-7218-01B-11R-A32O-07,1.0012310421467157,1
TCGA-E2-A2P5-01A-11R-A19W-07,0.9998204496551322,0
TCGA-A2-A0ES-01A-11R-A115-07,1.002014529509699,1
TCGA-CK-5916-01A-11R-1653-07,0.9992165747369357,1
TCGA-EJ-A65E-01A-11R-A29R-07,1.0019670277260384,1
TCGA-OL-A66K-01A-11R-A29R-07,1.0007324951018868,1
TCGA-44-6774-01A-21R-1858-07,0.9976076372075842,1
TCGA-V1-A9Z7-01A-11R-A41O-07,0.9988685703575086,0
TCGA-ER-A196-01A-11R-A18T-07,0.9985328110124206,1
TCGA-2J-AABI-01A-12R-A41B-07,0.9974739751106619,1
TCGA-GJ-A9DB-01A-11R-A37K-07,0.9991476163778249,0
TCGA-A8-A0A7-01A-11R-A00Z-07,1.0006605956140309,1
TCGA-L5-A4ON-01A-11R-A260-31,1.0002923061112494,1
TCGA-F4-6806-01A-11R-1839-07,0.9979530660470273,1
TCGA-66-2792-01A-01R-0980-07,0.9982216139781019,1
TCGA-A8-A08R-01A-11R-A034-07,1.0015717194268428,1
TCGA-E2-A1LH-01A-11R-A14D-07,1.0003294926000488,1
TCGA-24-1550-01A-01R-1566-13,0.9986072144727428,1
TCGA-44-7660-01A-11R-2066-07,0.9992140123318775,1
TCGA-85-A53L-01A-21R-A26W-07,0.9995227997819316,1
TCGA-MR-A8JO-01A-12R-A36F-07,0.9993856350381973,1
TCGA-44-5643-01A-01R-1628-07,0.9997662538577566,1
TCGA-90-6837-01A-11R-1949-07,0.998947856051829,1
TCGA-DD-AAC9-01A-11R-A41C-07,1.00183252760304,1
TCGA-BH-A203-01A-12R-A169-07,1.001273820410061,1
TCGA-B8-4146-01B-11R-1672-07,1.0082329228791878,1
TCGA-24-1430-01A-01R-1566-13,1.001342982360518,1
TCGA-BH-A5IZ-01A-11R-A27Q-07,1.0004636691482216,1
TCGA-78-7633-01A-11R-2066-07,1.001294036155052,0
TCGA-A6-2686-01A-01R-A32Z-07,0.9984743109177707,1
TCGA-NC-A5HF-01A-11R-A26W-07,0.9988896146973858,1
TCGA-BQ-5882-01A-11R-1592-07,1.0000585004782456,1
TCGA-IB-AAUM-01A-11R-A37L-07,0.9951659322637588,0
TCGA-BF-AAP7-01A-11R-A40A-07,0.9984703861841913,0
TCGA-NJ-A4YG-01A-22R-A262-07,0.9971586766958417,1
TCGA-AA-3846-01A-01R-1022-07,1.000215791886219,1
TCGA-UN-AAZ9-01A-11R-A38C-07,1.001693248136293,1
TCGA-HC-A76X-01A-11R-A33R-07,1.0008698273159216,0
TCGA-25-2042-01A-01R-1568-13,0.9981398600123559,1
TCGA-F4-6459-01A-11R-1774-07,0.9967781108359887,1
TCGA-A7-A13F-01A-11R-A12P-07,1.0023162967620536,1
TCGA-A2-A0CP-01A-11R-A034-07,0.9985693315783212,1
TCGA-KK-A5A1-01A-11R-A29R-07,1.0009459223179118,1
TCGA-F2-6879-01A-11R-2156-07,0.9972967028717763,1
TCGA-A8-A099-01A-11R-A00Z-07,1.004394703894809,1
TCGA-DD-AADP-01A-11R-A39D-07,1.0014579753499322,0
TCGA-A6-5657-01A-01R-A32Z-07,0.9960615251216911,0
TCGA-A8-A09M-01A-11R-A00Z-07,1.0007203901734198,0
TCGA-CH-5744-01A-11R-1580-07,1.0009594086027152,0
TCGA-43-6771-01A-11R-1820-07,0.9999339299389548,1
TCGA-LN-A4A5-01A-21R-A260-31,1.0002660658137421,1
TCGA-BH-A0BZ-01A-31R-A12P-07,0.999904361032399,1
TCGA-05-4395-01A-01R-1206-07,0.9996608986199609,1
TCGA-BP-5178-01A-01R-1426-07,1.0000604619604603,1
TCGA-B6-A0RI-01A-11R-A056-07,1.000469796590988,1
TCGA-63-A5MB-01A-11R-A26W-07,0.9978381733387044,0
TCGA-AQ-A04J-01A-02R-A034-07,0.999723645253866,0
TCGA-77-8133-01A-12R-2247-07,0.9962464364143583,1
TCGA-B0-5399-01A-01R-1503-07,1.0010833208811474,1
TCGA-B8-A54I-01A-21R-A33J-07,1.0000490531830475,1
TCGA-61-1910-01A-01R-1567-13,1.0003106358998475,1
TCGA-A8-A07R-01A-21R-A034-07,1.0021501235352535,1
TCGA-CJ-4905-01A-02R-1426-07,1.0009707615566945,0
TCGA-AA-3525-01A-02R-0826-07,0.9980122942900365,1
TCGA-78-8662-01A-11R-2403-07,0.9993570144554392,1
TCGA-B6-A0IB-01A-11R-A034-07,0.9996943171542785,1
TCGA-EJ-7328-01A-31R-2118-07,0.9984586851546852,1
TCGA-BQ-5875-01A-11R-1592-07,1.0021304813486782,0
TCGA-IB-7649-01A-11R-2156-07,0.9985472594305201,1
TCGA-49-4494-01A-01R-1206-07,1.0004164508600375,1
TCGA-AR-A24P-01A-11R-A169-07,1.0024988087416546,1
TCGA-AA-3542-01A-02R-1873-07,1.001063108419888,1
TCGA-DM-A28H-01A-11R-A16W-07,1.0005353343965717,1
TCGA-O2-A5IB-01A-11R-A27Q-07,1.002394960736565,1
TCGA-A8-A06X-01A-21R-A00Z-07,1.001320520543259,1
TCGA-BH-A28O-01A-11R-A22K-07,0.9984473289169743,0
TCGA-EJ-7115-01A-11R-2118-07,1.0012248194757387,1
TCGA-DW-5560-01A-01R-1592-07,1.0006971183690856,0
TCGA-29-1703-01A-01R-1567-13,1.0012093997477216,1
TCGA-AA-3680-01A-01R-0905-07,0.9980109764191736,1
TCGA-CC-A8HU-01A-11R-A36F-07,1.0020478145056069,1
TCGA-D8-A27P-01A-11R-A16F-07,1.0020283726266463,1
TCGA-3P-A9WA-01A-11R-A406-31,1.0013364122885868,1
TCGA-BH-A1F6-01A-11R-A13Q-07,1.0002281041097674,1
TCGA-63-5128-01A-01R-1443-07,0.999844909750224,1
TCGA-RC-A7SF-01A-11R-A352-07,1.001244420068383,1
TCGA-BH-A202-01A-11R-A14M-07,1.0030158661803077,1
TCGA-DD-AAD8-01A-11R-A41C-07,1.0016430639640943,1
TCGA-EU-5904-01A-11R-1672-07,1.0026594663943031,0
TCGA-55-8508-01A-11R-2403-07,0.9968717306923829,1
TCGA-B3-A6W5-01A-12R-A33Z-07,0.9990128640820823,1
TCGA-78-7155-01A-11R-2039-07,1.0029989035185436,1
TCGA-24-2297-01A-01R-1568-13,0.9996312935923599,1
TCGA-A8-A09W-01A-11R-A00Z-07,1.0030254426356073,1
TCGA-B9-4617-01A-01R-1193-07,1.000752493026029,1
TCGA-A8-A09B-01A-11R-A00Z-07,0.9994982050538529,1
TCGA-JY-A6FA-01A-11R-A336-31,1.0001333964982757,1
TCGA-97-A4M1-01A-11R-A24X-07,0.999297728874415,1
TCGA-GL-A9DD-01A-11R-A37K-07,0.9995852640149376,0
TCGA-A3-A6NN-01A-12R-A33J-07,1.0008064939886754,1
TCGA-18-3416-01A-01R-0980-07,0.999259694088341,0
TCGA-EJ-5515-01A-01R-1580-07,1.004455074201768,1
TCGA-D5-6539-01A-11R-1723-07,0.9988747590965946,1
TCGA-BH-A18N-01A-11R-A12D-07,1.0023730254109051,1
TCGA-BP-4167-01A-02R-1325-07,0.9998164030034872,1
TCGA-A2-A0CR-01A-11R-A22K-07,0.9990264313655932,0
TCGA-56-8628-01A-11R-2403-07,0.996831081801557,0
TCGA-55-8621-01A-11R-2403-07,0.9969928252747172,1
TCGA-CC-A7II-01A-11R-A33J-07,1.0021849464120274,1
TCGA-85-6560-01A-11R-1820-07,1.0012485499078898,1
TCGA-AR-A24W-01A-11R-A169-07,1.0033130252629503,1
TCGA-85-6175-01A-11R-1820-07,0.9979723152804135,1
TCGA-86-7954-01A-11R-2187-07,0.9990133292773621,1
TCGA-CC-A9FS-01A-11R-A37K-07,1.0018922079064032,1
TCGA-25-1870-01A-01R-1567-13,0.9989857827293359,1
TCGA-63-7022-01A-11R-1949-07,0.9973607881735099,1
TCGA-R6-A6KZ-01A-11R-A31P-31,0.9977488054944511,1
TCGA-AA-3562-01A-02R-0821-07,0.9990524293415508,1
TCGA-D5-6541-01A-11R-1723-07,0.9989208199967492,1
TCGA-PJ-A5Z8-01A-11R-A28H-07,1.0000648304177813,1
TCGA-BP-5010-01A-02R-1420-07,0.9997913262414677,1
TCGA-66-2790-01A-01R-0980-07,0.9972018818442674,0
TCGA-AL-A5DJ-01A-11R-A26U-07,0.9996705206274953,1
TCGA-AR-A0TR-01A-11R-A084-07,1.003603645341826,1
TCGA-AA-3979-01A-01R-1022-07,1.0019521940167897,1
TCGA-A1-A0SJ-01A-11R-A084-07,1.000774772048907,1
TCGA-AO-A0JA-01A-11R-A056-07,1.002450188720173,0
TCGA-86-A4JF-01A-11R-A24X-07,0.9993045327658473,1
TCGA-Z6-A8JD-01A-11R-A36D-31,0.9985699594455889,1
TCGA-92-7341-01A-31R-2045-07,0.9988872044385483,1
TCGA-E2-A15O-01A-11R-A115-07,1.0012018289777265,1
TCGA-V1-A9O9-01A-11R-A41O-07,0.9989556209819804,1
TCGA-67-6215-01A-11R-1755-07,0.9987072942687824,1
TCGA-AY-6386-01A-21R-1723-07,0.9991994894825332,1
TCGA-LN-A4A3-01A-11R-A260-31,0.9996385035719069,1
TCGA-44-6778-01A-11R-1858-07,1.0006088253995726,1
TCGA-RU-A8FL-01A-11R-A37K-07,1.0000785870631352,1
TCGA-G3-AAV1-01A-11R-A38B-07,1.001104307628441,1
TCGA-CH-5745-01A-11R-1580-07,1.0013500861660836,1
TCGA-85-8580-01A-31R-2403-07,0.9980537966964543,0
TCGA-AK-3454-01A-02R-1277-07,0.9991948900694382,1
TCGA-M7-A722-01A-12R-A36G-07,1.0015166041846792,1
TCGA-3A-A9IN-01A-11R-A39D-07,0.9992981437191468,0
TCGA-49-4501-01A-01R-1206-07,0.9988142125627181,0
TCGA-44-7667-01A-31R-2066-07,0.9995864761318234,0
TCGA-86-7714-01A-12R-2170-07,1.0007433248479984,1
TCGA-34-5929-01A-11R-1820-07,0.9990197912407258,1
TCGA-BC-A10R-01A-11R-A131-07,1.0028533495156904,1
TCGA-39-5027-01A-21R-1820-07,0.9976782429052738,0
TCGA-AA-A00E-01A-01R-A002-07,0.9976794388580712,0
TCGA-22-5473-01A-01R-1635-07,0.9976332251371228,1
TCGA-LL-A7T0-01A-31R-A352-07,1.0018665302215402,1
TCGA-13-1410-01A-01R-1565-13,0.9985210811039049,1
TCGA-G9-6377-01A-11R-1965-07,0.9989186133292576,0
TCGA-EJ-7784-01A-11R-2118-07,1.0029248761727496,1
TCGA-51-4081-01A-01R-1100-07,0.998919440829567,1
TCGA-5P-A9JW-01A-11R-A42S-07,1.0000996729969434,1
TCGA-DV-5567-01A-01R-1541-07,1.001465904466653,0
TCGA-BH-A1FU-01A-11R-A14D-07,1.0003188631615514,1
TCGA-AR-A1AR-01A-31R-A137-07,1.0028497181287814,0
TCGA-43-7658-01A-11R-2125-07,1.0004696674308868,0
TCGA-BF-A1PU-01A-11R-A18S-07,1.0002300108631255,1
TCGA-CM-6171-01A-11R-1653-07,1.0003099955722272,1
TCGA-EW-A1J2-01A-21R-A13Q-07,1.0028716129550876,1
TCGA-UB-A7MF-01A-11R-A33J-07,1.0009505278784652,1
TCGA-DD-AAD0-01A-11R-A41C-07,1.001052360767061,1
TCGA-85-6561-01A-11R-1820-07,0.9981458863340225,1
TCGA-G9-6367-01A-11R-1789-07,1.0003216576169611,0
TCGA-DM-A1D9-01A-11R-A155-07,0.9995409165479936,0
TCGA-EJ-7783-01A-11R-2118-07,1.002126304442355,1
TCGA-33-AASD-01A-11R-A405-07,0.9989391822026567,0
TCGA-97-8177-01A-11R-2287-07,0.9972198996783838,1
TCGA-NH-A6GA-01A-11R-A37K-07,0.9978599886808847,1
TCGA-BH-A1FC-01A-11R-A13Q-07,1.000769513700381,1
TCGA-BP-4165-01A-02R-1289-07,1.0005608741647167,1
TCGA-AA-A02R-01A-01R-A00A-07,0.9979426386852948,1
TCGA-AD-6899-01A-11R-1928-07,0.9965989011955851,1
TCGA-LN-A4MQ-01A-11R-A28J-31,1.0018246954836796,1
TCGA-KK-A59Z-01A-12R-A26U-07,0.9984512836241405,0
TCGA-MI-A75H-01A-11R-A32O-07,1.001786336448207,1
TCGA-38-4630-01A-01R-1206-07,1.0006102921329252,1
TCGA-EP-A3RK-01A-11R-A22L-07,1.0006522571254641,1
TCGA-5C-A9VG-01A-11R-A37K-07,1.0018355311226814,1
TCGA-BH-A0E7-01A-11R-A034-07,1.0041110934878659,1
TCGA-AA-3956-01A-02R-1022-07,0.9979145824843307,1
TCGA-HC-8216-01A-11R-A29R-07,1.0009453224896454,0
TCGA-EJ-5519-01A-01R-1580-07,1.0005664576026503,0
TCGA-AA-3949-01A-01R-1022-07,0.9998736205083109,1
TCGA-B0-5121-01A-02R-1420-07,1.0012934801098705,1
TCGA-10-0926-01A-01R-1564-13,1.0000547686448096,1
TCGA-AK-3451-01A-02R-1188-07,1.0044571928830848,1
TCGA-A8-A085-01A-11R-A00Z-07,1.002035675645249,1
TCGA-BH-A18M-01A-11R-A12D-07,1.0003082468579798,1
TCGA-G4-6315-01A-11R-1723-07,0.9983507806467564,0
TCGA-MP-A4TE-01A-22R-A466-07,0.999089533317061,1
TCGA-EB-A4IS-01A-21R-A266-07,0.9982761534726958,1
TCGA-AN-A0AS-01A-11R-A00Z-07,0.9994586104953707,0
TCGA-CW-5583-01A-02R-1541-07,1.0033680616955607,1
TCGA-BH-A18T-01A-11R-A12D-07,1.0022985963553048,1
TCGA-E9-A22E-01A-11R-A157-07,1.0001980940886286,1
TCGA-A2-A1FW-01A-11R-A13Q-07,1.0042569655926594,0
TCGA-H6-A45N-01A-11R-A26U-07,0.9958207943537624,1
TCGA-A2-A0SW-01A-11R-A084-07,1.0008239295077592,1
TCGA-B0-5712-01A-11R-1672-07,1.000706924685582,0
TCGA-85-8277-01A-11R-2296-07,0.9978961169681688,1
TCGA-E2-A1II-01A-11R-A144-07,1.0015902440501696,1
TCGA-24-2267-01A-01R-1568-13,0.9988966688269763,1
TCGA-77-8131-01A-11R-2247-07,0.9970598932991267,1
TCGA-3A-A9IZ-01A-12R-A41B-07,0.9972559134550737,1
TCGA-55-7816-01A-11R-2170-07,0.9998463134181074,0
TCGA-AA-3509-01A-01R-1410-07,1.00136973340554,1
TCGA-25-1322-01A-01R-1565-13,0.9994639378022562,0
TCGA-35-5375-01A-01R-1628-07,1.0022026124668808,0
TCGA-CJ-4918-01A-01R-1426-07,1.0004180230927986,1
TCGA-ED-A66X-01A-11R-A311-07,1.0000227461163353,1
TCGA-FV-A3I0-01A-11R-A22L-07,1.0004316626184,1
TCGA-AO-A0JG-01A-31R-A084-07,1.0037305757894066,1
TCGA-XJ-A9DK-01A-11R-A37L-07,0.9989843492533015,1
TCGA-BH-A0BT-01A-11R-A12P-07,1.0008367152632,1
TCGA-29-1783-01A-01R-1567-13,0.9992119322153283,1
TCGA-QG-A5Z1-01A-11R-A28H-07,0.9990089980356637,1
TCGA-F4-6805-01A-11R-1839-07,0.9971188242371611,0
TCGA-18-4086-01A-01R-1100-07,0.998241424729555,1
TCGA-99-8028-01A-11R-2241-07,0.9979620525252544,1
TCGA-B0-5109-01A-02R-1420-07,0.996710232824504,1
TCGA-E2-A1B6-01A-31R-A12P-07,1.0001331134228035,1
TCGA-S4-A8RM-01A-11R-A37L-07,0.9982377141130885,0
TCGA-49-4486-01A-01R-1206-07,1.0021146056020032,1
TCGA-E9-A248-01A-11R-A169-07,1.0032889029721872,1
TCGA-IB-AAUR-01A-21R-A38C-07,0.9983937471773682,1
TCGA-BC-A69I-01A-11R-A311-07,1.0023142991587937,1
TCGA-AC-A23G-01A-11R-A213-07,0.9955898287284033,1
TCGA-DD-AADG-01A-11R-A41C-07,1.0019735824738898,1
TCGA-A8-A08S-01A-11R-A034-07,1.0022146182088332,0
TCGA-D8-A27G-01A-11R-A16F-07,1.0009451972878483,1
TCGA-A2-A0YT-01A-11R-A109-07,1.002337128753968,0
TCGA-2H-A9GH-01A-11R-A37I-31,0.9994911647337609,0
TCGA-GM-A4E0-01A-12R-A266-07,0.9982097367216779,0
TCGA-86-8358-01A-11R-2326-07,0.9995393283165798,0
TCGA-39-5034-01A-01R-1443-07,1.0000414710472767,1
TCGA-E9-A1N3-01A-12R-A157-07,1.0032309199379463,1
TCGA-91-8496-01A-11R-2403-07,1.0008747146028014,1
TCGA-KC-A7FE-01A-12R-A33R-07,0.9985131611638055,1
TCGA-04-1655-01A-01R-1566-13,1.000805404464428,1
TCGA-A4-7584-01A-11R-2139-07,1.0013147346085565,1
TCGA-HZ-7918-01A-11R-2156-07,0.9987922345485502,1
TCGA-AK-3440-01A-02R-1277-07,1.0036365632343918,1
TCGA-CZ-4857-01A-01R-1305-07,0.9984761301049587,0
TCGA-B9-4116-01A-02R-1351-07,1.0002484927979447,1
TCGA-DZ-6133-01A-11R-1965-07,1.0014425341503772,1
TCGA-J9-A52E-01A-11R-A26U-07,0.9973271748044633,1
TCGA-ER-A2NB-01A-12R-A18S-07,1.0005327847064345,1
TCGA-A3-3346-01A-01R-1766-07,0.9999177998303813,1
TCGA-3A-A9IO-01A-11R-A38C-07,1.0026326131336036,1
TCGA-BP-4325-01A-02R-1289-07,1.002328984005553,1
TCGA-IB-7889-01A-11R-2156-07,0.9966119857705822,1
TCGA-A8-A07F-01A-11R-A00Z-07,1.0023968423146494,0
TCGA-78-7162-01A-21R-2066-07,0.999255312916099,1
TCGA-IB-7644-01A-11R-2156-07,0.9969640149101116,1
TCGA-36-1569-01A-01R-1566-13,0.9978155784030401,1
TCGA-52-7622-01A-11R-2125-07,0.9954193815979195,1
TCGA-69-8453-01A-12R-2326-07,0.9952245074642265,0
TCGA-OL-A66N-01A-12R-A31O-07,1.0010549564294373,1
TCGA-CC-A9FV-01A-11R-A37K-07,0.999830182634961,0
TCGA-XD-AAUI-01A-42R-A41B-07,0.9947455686740819,0
TCGA-GM-A2DN-01A-11R-A180-07,0.9983383374939568,1
TCGA-G3-A3CK-01A-11R-A213-07,1.0018429359369572,1
TCGA-BP-4771-01A-01R-1289-07,1.0005893918572246,1
TCGA-DD-AACO-01A-11R-A41C-07,1.002904908896767,1
TCGA-75-7031-01A-11R-1949-07,0.9996124077585804,1
TCGA-24-1552-01A-01R-1566-13,1.0002026398674444,1
TCGA-85-8287-01A-11R-2296-07,0.9979466780949041,1
TCGA-AY-6197-01A-11R-1723-07,0.9978366336886886,0
TCGA-96-A4JK-01A-11R-A24Z-07,0.9980295321106643,1
TCGA-C8-A12Z-01A-11R-A115-07,1.001350669575693,0
TCGA-E9-A3Q9-01A-11R-A21T-07,1.00074052601428,1
TCGA-AC-A8OR-01A-21R-A41B-07,0.9976512425512348,1
TCGA-44-5644-01A-21R-2039-07,0.9999460381511529,1
TCGA-A2-A0T3-01A-21R-A115-07,1.000935703345838,0
TCGA-A4-8098-01A-11R-2404-07,0.9999509009373316,1
TCGA-EB-A82C-01A-11R-A352-07,1.0002442031501768,1
TCGA-DM-A1D0-01A-11R-A155-07,0.9993804460680341,0
TCGA-BF-AAP1-01A-11R-A39D-07,0.9996267620430468,0
TCGA-S3-AA12-01A-11R-A41B-07,1.0020493523864729,1
TCGA-24-2024-01A-02R-1568-13,0.9999373829097915,1
TCGA-24-2026-01A-01R-1567-13,0.9996371579166112,1
TCGA-G7-6796-01A-11R-1965-07,1.0004843063054067,1
TCGA-AL-3473-01A-01R-1193-07,1.002321348235503,1
TCGA-Y8-A894-01A-11R-A36F-07,1.00058210677186,1
TCGA-22-5483-01A-01R-1820-07,0.9989032395734802,1
TCGA-CJ-4644-01A-02R-1325-07,1.0029275009687044,1
TCGA-22-5489-01A-01R-1635-07,0.9994651670123718,1
TCGA-D8-A1JP-01A-11R-A13Q-07,1.0011875140980366,1
TCGA-B9-A5W9-01A-11R-A28H-07,1.0016173206046033,1
TCGA-13-0886-01A-01R-1569-13,0.9978434032282256,1
TCGA-EB-A4P0-01A-41R-A266-07,0.9993730193622157,1
TCGA-G4-6307-01A-11R-1723-07,0.9996398126861529,1
TCGA-DD-AAEH-01A-11R-A41C-07,1.0013703949501302,0
TCGA-FV-A2QQ-01A-11R-A22L-07,1.0013084375063348,1
TCGA-MP-A4SW-01A-21R-A24X-07,0.9975836353203051,1
TCGA-P4-A5ED-01A-11R-A28H-07,0.9998404618087771,1
TCGA-CA-6719-01A-11R-1839-07,0.9976539060773932,1
TCGA-AY-4071-01A-01R-1113-07,0.9983116994449475,1
TCGA-B8-4622-01A-02R-1277-07,1.0020162359554428,1
TCGA-AO-A1KP-01A-11R-A13Q-07,1.0035639570697148,1
TCGA-A8-A081-01A-11R-A00Z-07,1.002158247486703,1
TCGA-24-2262-01A-01R-1568-13,0.9985987352037307,0
TCGA-3A-A9I7-01A-21R-A38C-07,0.9934974902379575,0
TCGA-A2-A0CW-01A-21R-A115-07,1.001900713190698,0
TCGA-UZ-A9Q0-01A-12R-A42S-07,1.0005004841553697,1
TCGA-56-8082-01A-11R-2247-07,1.001387525082195,1
TCGA-39-5019-01A-01R-1820-07,0.9978921364111558,0
TCGA-G3-A5SI-01A-31R-A27V-07,1.0029716459388793,1
TCGA-A2-A0EX-01A-21R-A034-07,1.0001083705068083,1
TCGA-AR-A2LJ-01A-12R-A19W-07,0.9981039228560651,0
TCGA-R6-A6DN-01B-11R-A31P-31,0.999865074470094,1
TCGA-B0-4842-01A-02R-1420-07,1.0003763361228504,1
TCGA-90-A4EE-01A-11R-A24Z-07,0.9989398525038639,1
TCGA-DW-7834-01A-11R-2139-07,0.9995625935534513,1
TCGA-A3-3317-01A-02R-1325-07,1.0014535510691778,1
TCGA-LN-A7HY-01A-12R-A354-31,0.9972930509424704,1
TCGA-B0-5080-01A-01R-1503-07,1.0000475218696445,0
TCGA-DD-AAW3-01A-11R-A41C-07,1.002690499425053,1
TCGA-CM-5862-01A-01R-1653-07,1.0011277096874536,1
TCGA-G9-6494-01A-11R-1789-07,1.0018710895552856,1
TCGA-2J-AABT-01A-11R-A41B-07,0.9962957296007742,1
TCGA-AA-3693-01A-01R-0905-07,1.0003745187048123,1
TCGA-2V-A95S-01A-11R-A37K-07,1.0010381481030484,1
TCGA-44-7669-01A-21R-2066-07,1.0005757910618271,1
TCGA-BP-5008-01A-01R-1334-07,1.0010912799714546,0
TCGA-D5-6920-01A-11R-1928-07,0.9971375250874058,1
TCGA-K7-A5RG-01A-11R-A28V-07,1.0007270375403228,1
TCGA-BP-4795-01A-02R-1420-07,1.0006502069825018,0
TCGA-18-3419-01A-01R-0980-07,0.9991787472459435,1
TCGA-G9-6332-01A-11R-1789-07,1.0012431350348339,0
TCGA-56-8309-01A-11R-2296-07,0.998242580603003,1
TCGA-AC-A23E-01A-11R-A157-07,1.0011686129401776,0
TCGA-BQ-7046-01A-11R-1965-07,1.0001051502608955,1
TCGA-AN-A0AT-01A-11R-A034-07,1.0002628733522618,1
TCGA-BH-A0E9-01B-11R-A115-07,1.001702115305613,1
TCGA-AA-3663-01A-01R-1723-07,1.0005150054901322,1
TCGA-A2-A0YI-01A-31R-A10J-07,1.0022583640783607,0
TCGA-34-8456-01A-21R-2326-07,0.9977914626797397,0
TCGA-AR-A1AJ-01A-21R-A12P-07,1.00110549743378,1
TCGA-44-6145-01A-11R-1755-07,0.9998355077526923,1
TCGA-BP-4344-01A-01R-1289-07,1.0023601893049163,1
TCGA-5C-A9VH-01A-11R-A37K-07,0.9995236156618967,1
TCGA-62-8399-01A-21R-2326-07,0.9998231900562583,1
TCGA-A8-A08T-01A-21R-A00Z-07,1.0013342640536875,0
TCGA-56-7222-01A-11R-2045-07,0.9998353917275168,1
TCGA-PZ-A5RE-01A-11R-A32O-07,0.9962971634968129,1
TCGA-EJ-5509-01A-01R-1580-07,0.9994145125920121,1
TCGA-58-8392-01A-11R-2326-07,0.9983929722167608,1
TCGA-18-5595-01A-01R-1635-07,0.9996422951870807,0
TCGA-29-1695-01A-01R-1567-13,0.9990083638555017,0
TCGA-B0-4833-01A-01R-1305-07,1.0003825500372103,1
TCGA-D8-A27E-01A-11R-A16F-07,1.0037069274505401,1
TCGA-BH-A209-01A-11R-A157-07,1.0002395358732998,1
TCGA-BH-A0W4-01A-11R-A109-07,1.0010891313165509,1
TCGA-DV-5565-01A-01R-1541-07,0.9989288738952624,1
TCGA-94-A5I6-01A-21R-A27Q-07,0.9988338236811294,1
TCGA-61-1725-01A-01R-1567-13,0.9996792312722859,0
TCGA-B0-5098-01A-01R-1420-07,0.9985676415512346,0
TCGA-13-0905-01B-01R-1565-13,1.0010922996973344,1
TCGA-AA-3667-01A-01R-0905-07,0.9993806623743015,1
TCGA-D8-A1XC-01A-11R-A14D-07,1.0030540975702604,1
TCGA-J4-A6M7-01A-11R-A31N-07,1.001328207758434,1
TCGA-24-1544-01A-01R-1566-13,1.0012087933519924,1
TCGA-YL-A9WJ-01A-11R-A37L-07,1.0000624836444172,1
TCGA-29-1785-01A-01R-1567-13,0.9994583142849731,1
TCGA-98-8020-01A-11R-2247-07,0.9985029378134231,1
TCGA-XJ-A9DQ-01A-11R-A37L-07,0.9992285220462959,1
TCGA-C8-A8HP-01A-11R-A36F-07,0.9993953870458415,1
TCGA-B0-5096-01A-01R-1420-07,1.0018458726873936,1
TCGA-E9-A3QA-01A-61R-A22K-07,0.9993098173842248,1
TCGA-BH-A0WA-01A-11R-A109-07,1.0005368284943523,1
TCGA-66-2791-01A-01R-0980-07,0.998206391273968,1
TCGA-BH-A0HN-01A-11R-A10U-07,1.0022181230447995,1
TCGA-F4-6463-01A-11R-1723-07,0.9972918900161412,1
TCGA-A2-A1FZ-01A-51R-A14D-07,1.0017046809944026,1
TCGA-VP-AA1N-01A-31R-A41O-07,0.9991382424192944,1
TCGA-A3-3359-01A-01R-0864-07,1.002306301758287,0
TCGA-AN-A049-01A-21R-A00Z-07,1.0012648426884512,1
TCGA-CZ-5462-01A-01R-1503-07,1.0035047065151588,1
TCGA-CM-6165-01A-11R-1653-07,0.9992452504685545,1
TCGA-DD-A3A3-01A-11R-A22L-07,1.0020154566165271,1
TCGA-AO-A125-01A-11R-A10J-07,1.0009645903308426,1
TCGA-69-7760-01A-11R-2170-07,0.9991785097227066,0
TCGA-KC-A7FD-01A-11R-A33R-07,1.000981837162656,1
TCGA-UZ-A9PK-01A-11R-A38C-07,0.9997047375285443,1
TCGA-62-8398-01A-11R-2326-07,0.9973124231884992,1
TCGA-B0-4698-01A-01R-1503-07,0.9991821809343964,1
TCGA-L5-A88V-01A-11R-A354-31,0.9990003624966907,0
TCGA-3A-A9IX-01A-11R-A41B-07,0.9960155747738265,0
TCGA-55-A4DG-01A-11R-A24H-07,1.0004562117942433,1
TCGA-EW-A424-01A-11R-A24H-07,0.9985213934783908,1
TCGA-60-2706-01A-01R-0851-07,0.999621697434672,1
TCGA-IA-A40U-01A-11R-A24Z-07,0.9990350577279448,0
TCGA-GM-A3XG-01A-31R-A24H-07,0.9983880258227162,1
TCGA-ZR-A9CJ-01B-11R-A38D-31,0.9994555971245352,1
TCGA-BH-A18G-01A-11R-A12D-07,0.9974926070025474,0
TCGA-G9-6384-01A-11R-1789-07,1.002264217876845,1
TCGA-67-6216-01A-11R-1755-07,0.9970988941768011,1
TCGA-13-1488-01A-01R-1565-13,0.9999148821077604,0
TCGA-G9-6343-01A-21R-1965-07,1.001076483057824,0
TCGA-90-A59Q-01A-11R-A26W-07,0.9980551408371684,1
TCGA-CW-5580-01A-01R-1672-07,1.0024061648280551,1
TCGA-25-1625-01A-01R-1566-13,0.9989860957783946,1
TCGA-EJ-A8FS-01A-11R-A352-07,1.0015606171310258,0
TCGA-CM-6164-01A-11R-1653-07,0.9972793603917484,1
TCGA-29-1763-01A-02R-1567-13,0.9995240300866242,1
TCGA-97-7941-01A-11R-2187-07,0.9976142429805561,1
TCGA-B0-4696-01A-01R-1277-07,1.0019084803100033,1
TCGA-AA-3675-01A-02R-0905-07,0.9990159880052079,1
TCGA-HC-A6AS-01A-11R-A30B-07,1.0008356487250722,1
TCGA-LN-A7HW-01A-22R-A354-31,0.9988510556088673,0
TCGA-50-6595-01A-12R-1858-07,0.9980239213083023,1
TCGA-05-4433-01A-22R-1858-07,0.9984927812322454,1
TCGA-B0-5113-01A-01R-1420-07,1.0036575412250683,1
TCGA-OL-A66I-01A-21R-A29R-07,0.9993292067234835,1
TCGA-GM-A2DL-01A-11R-A18M-07,0.998364269120714,1
TCGA-10-0934-01A-02R-1564-13,1.0006850447633513,1
TCGA-B1-5398-01A-02R-1592-07,1.0007102565783619,0
TCGA-09-1667-01C-01R-1566-13,0.9992473089481294,1
TCGA-69-7979-01A-11R-2187-07,0.9984302370951089,1
TCGA-22-1017-01A-01R-0692-07,0.9988257844321231,1
TCGA-BP-4759-01A-01R-1289-07,1.0000934586625791,1
TCGA-ED-A459-01A-11R-A266-07,1.0014752171288641,1
TCGA-EB-A51B-01A-11R-A27Q-07,0.9995105059116258,1
TCGA-CW-6090-01A-11R-1672-07,1.0019437475850916,0
TCGA-AA-3968-01A-01R-1022-07,0.9983192772024096,1
TCGA-85-8276-01A-11R-2296-07,0.9976078736362439,1
TCGA-D5-6924-01A-11R-1928-07,0.9962736476017789,0
TCGA-95-7947-01A-11R-2187-07,0.9994991770383433,1
TCGA-50-5932-01A-11R-1755-07,1.0011313579130237,1
TCGA-G9-6342-01A-11R-1965-07,0.9991524675436595,1
TCGA-BH-A0H9-01A-11R-A056-07,0.9992231126461257,0
TCGA-AR-A24X-01A-11R-A169-07,1.003127279902511,1
TCGA-A4-A5Y1-01A-11R-A28H-07,1.0009953643668172,1
TCGA-AR-A1AV-01A-21R-A12P-07,1.0029713026616651,1
TCGA-33-4582-01A-01R-1443-07,1.0002556706147505,1
TCGA-A7-A0DC-01B-04R-A22O-07,1.0056071341430046,1
TCGA-E9-A245-01A-22R-A16F-07,0.9988783055264917,1
TCGA-LN-A49Y-01A-11R-A260-31,1.0001083930729238,1
TCGA-BP-4960-01A-01R-1334-07,1.000299984989812,1
TCGA-CJ-4641-01A-02R-1325-07,1.0005020220362355,0
TCGA-55-7281-01A-11R-2039-07,0.9982886415031577,1
TCGA-AA-3870-01A-01R-1022-07,0.9979541700553459,1
TCGA-MI-A75E-01A-11R-A32O-07,1.0008563508823125,1
TCGA-DD-A1EF-01A-11R-A131-07,1.0015445702103143,1
TCGA-VR-A8EX-01A-11R-A36D-31,0.9984900213832997,1
TCGA-56-8504-01A-11R-2403-07,0.9979995833858447,0
TCGA-MG-AAMC-01A-11R-A41O-07,1.002451751776313,1
TCGA-56-A49D-01A-11R-A24H-07,0.9987018531258754,1
TCGA-39-5022-01A-21R-1820-07,0.996193185237045,1
TCGA-55-7573-01A-11R-2039-07,1.000246642962597,1
TCGA-13-0730-01A-01R-1564-13,0.9989410156193473,1
TCGA-D5-6538-01A-11R-1723-07,0.9988797251930277,1
TCGA-2Y-A9GU-01A-11R-A38B-07,1.0022678015223647,1
TCGA-YL-A8HJ-01A-11R-A36G-07,0.9994557416087162,1
TCGA-05-4396-01A-21R-1858-07,1.000503797020334,1
TCGA-E2-A1LL-01A-11R-A144-07,0.9996122326262399,1
TCGA-24-2281-01A-01R-1568-13,0.9998166740386109,1
TCGA-33-A4WN-01A-11R-A262-07,0.999789900007469,1
TCGA-CZ-5985-01A-11R-1672-07,1.0027957116932493,0
TCGA-GN-A263-01A-11R-A18T-07,1.0038429023889355,1
TCGA-E9-A1RE-01A-11R-A157-07,1.0025280087757182,1
TCGA-E2-A15M-01A-11R-A12D-07,1.0031564875986145,1
TCGA-HC-8262-01A-11R-2263-07,1.0004539493033182,1
TCGA-DM-A0X9-01A-11R-A155-07,0.9991646611328737,1
TCGA-A7-A4SC-01A-12R-A266-07,1.0000451893257831,1
TCGA-AN-A04A-01A-21R-A034-07,1.000079910406884,1
TCGA-QA-A7B7-01A-11R-A32O-07,1.0012221946797837,1
TCGA-29-2427-01A-01R-1569-13,0.9998069136943539,1
TCGA-25-1633-01A-01R-1566-13,0.9989718947347263,1
TCGA-85-A510-01A-11R-A26W-07,1.0001877919286928,1
TCGA-75-5147-01A-01R-1628-07,0.9995068620643642,1
TCGA-D3-A5GT-01A-12R-A311-07,1.0003415154352309,1
TCGA-49-AARR-01A-11R-A41B-07,0.998912495737685,1
TCGA-CH-5740-01A-11R-1580-07,1.0003998202751476,1
TCGA-BH-A0W3-01A-11R-A109-07,1.0017366597397919,1
TCGA-13-1487-01A-01R-1565-13,0.9989938913567055,1
TCGA-CZ-5464-01A-01R-1503-07,0.9998329234560914,1
TCGA-HC-A8D1-01A-11R-A36G-07,1.0008936934756367,0
TCGA-13-0884-01B-01R-1565-13,0.9999111688821354,1
TCGA-D8-A1JD-01A-11R-A13Q-07,1.0014221334218516,0
TCGA-61-2009-01A-01R-1568-13,0.9999566332377549,1
TCGA-J4-A67N-01A-11R-A30B-07,1.000912674117622,1
TCGA-66-2788-01A-01R-0980-07,0.9984293281760879,1
TCGA-EJ-5501-01A-01R-1580-07,1.0000613759323629,1
TCGA-BC-4072-01B-11R-A155-07,0.9995908577240697,0
TCGA-LN-A5U7-01A-11R-A31P-31,1.001009394236449,1
TCGA-IG-A4QT-01A-21R-A260-31,1.0010609137927449,1
TCGA-YL-A9WX-01A-21R-A41O-07,0.9996209421764531,1
TCGA-3A-A9IL-01A-11R-A38C-07,1.0009663296139002,1
TCGA-AD-6965-01A-11R-1928-07,0.999139370928314,0
TCGA-60-2704-01A-11R-2045-07,0.9991823385535029,0
TCGA-AA-3514-01A-02R-0821-07,0.9999254246546601,1
TCGA-IB-A5ST-01A-11R-A32O-07,0.9957054449522081,1
TCGA-BH-A0DQ-01A-11R-A084-07,0.999245662029555,1
TCGA-D8-A1XY-01A-11R-A14M-07,1.0028789739862785,1
TCGA-ZG-A9LB-01A-11R-A41O-07,0.9988676268320237,1
TCGA-L5-A4OR-01A-11R-A260-31,0.9999303787107447,0
TCGA-LD-A74U-01A-13R-A33J-07,0.9974975435453981,1
TCGA-B8-4148-01A-02R-1325-07,1.0002487795771522,0
TCGA-77-8009-01A-11R-2187-07,0.9984319479191613,0
TCGA-55-7574-01A-11R-2039-07,0.9978389257331963,0
TCGA-XA-A8JR-01A-11R-A36G-07,1.0000025183309962,1
TCGA-B0-5095-01A-01R-1420-07,0.999106883879133,0
TCGA-NC-A5HE-01A-11R-A26W-07,0.999177076921245,1
TCGA-RC-A6M4-01A-11R-A32O-07,1.0020909911950273,1
TCGA-EJ-A8FN-01A-11R-A352-07,0.9997276076230722,1
TCGA-2Z-A9JK-01A-11R-A42S-07,0.998723421348193,0
TCGA-69-8254-01A-11R-2287-07,0.9996147096542821,1
TCGA-67-6217-01A-11R-1755-07,1.00097065647729,1
TCGA-55-7994-01A-11R-2187-07,1.0004762425556994,1
TCGA-55-8090-01A-11R-2241-07,0.9968453189662706,1
TCGA-LN-A5U5-01A-21R-A28J-31,0.9996072687189609,1
TCGA-66-2768-01A-01R-0851-07,0.9982654568449895,0
TCGA-WQ-AB4B-01A-11R-A41C-07,1.001102683275982,1
TCGA-77-6844-01A-11R-1949-07,0.9993488200310491,1
TCGA-A8-A07Z-01A-11R-A00Z-07,1.001745204428863,1
TCGA-AA-3977-01A-01R-1022-07,0.9999752049278983,1
TCGA-AC-A3W7-01A-11R-A22K-07,0.9991231766596943,1
TCGA-CC-5263-01A-01R-A131-07,1.001366254164852,1
TCGA-18-3411-01A-01R-0980-07,0.9998246863431933,0
TCGA-DM-A0XD-01A-12R-A155-07,0.9984449493062965,1
TCGA-OL-A5RU-01A-11R-A28M-07,0.9989307193523016,0
TCGA-33-AASB-01A-11R-A405-07,0.9977659448031373,0
TCGA-B6-A0RG-01A-11R-A056-07,1.0016844805734917,1
TCGA-DD-AAC8-01A-11R-A41C-07,1.001535127713429,1
TCGA-VP-A87D-01A-11R-A352-07,1.0032716371125583,1
TCGA-BH-A0HX-01A-21R-A056-07,0.9996549955655056,1
TCGA-BP-4353-01A-02R-1289-07,1.0036883054098487,1
TCGA-66-2793-01A-01R-1201-07,1.0010801207576272,1
TCGA-E2-A15A-01A-11R-A12D-07,1.0011364630207522,1
TCGA-61-2094-01A-01R-1568-13,0.9986461015143957,1
TCGA-AA-3502-01A-01R-1410-07,0.9982299476683557,0
TCGA-E9-A22G-01A-11R-A157-07,1.0020178679699416,0
TCGA-A3-3325-01A-01R-0864-07,1.0014594541236332,1
TCGA-BP-4176-01A-02R-1289-07,1.0022004226380505,1
TCGA-09-1669-01A-01R-1566-13,1.000623513110059,1
TCGA-04-1365-01A-01R-1565-13,0.9997209609307421,0
TCGA-2Z-A9JS-01A-21R-A42S-07,1.000452400476681,1
TCGA-AR-A0U4-01A-11R-A109-07,1.0013026340583981,1
TCGA-B0-5713-01A-11R-1672-07,1.0032416095781855,1
TCGA-L3-A4E7-01A-11R-A24Z-07,0.9968756190503485,1
TCGA-G7-6795-01A-11R-1965-07,1.0007814325507356,1
TCGA-AY-5543-01A-01R-1653-07,1.0010320600650582,1
TCGA-G4-6294-01A-11R-1774-07,0.9995551493343987,1
TCGA-CM-5344-01A-21R-1723-07,0.9980601765665333,1
TCGA-TK-A8OK-01A-22R-A36G-07,0.9999996997948895,1
TCGA-VR-AA4G-01A-11R-A37I-31,0.9993447613390557,0
TCGA-JY-A93C-01A-11R-A38D-31,0.9992769752720497,1
TCGA-G9-6356-01A-11R-1789-07,0.9979437807492444,1
TCGA-A2-A0ER-01A-21R-A034-07,1.0039547221992535,1
TCGA-62-A46O-01A-11R-A24H-07,1.0032186387825617,1
TCGA-BQ-5885-01A-11R-1592-07,1.001262111718515,1
TCGA-E2-A1IN-01A-11R-A13Q-07,1.0015140571037007,1
TCGA-NJ-A55R-01A-11R-A262-07,0.9982305150793128,1
TCGA-A3-3383-01A-02R-1325-07,1.0012054914327992,1
TCGA-B4-5844-01A-11R-1672-07,1.0032931400802525,1
TCGA-CJ-5676-01A-11R-1541-07,1.0013065927238685,1
TCGA-MH-A561-01A-11R-A26U-07,0.9991198097404462,0
TCGA-96-A4JL-01A-11R-A24Z-07,0.9996513567711254,1
TCGA-KK-A6DY-01A-12R-A311-07,0.9999353200519082,1
TCGA-2Z-A9JP-01A-11R-A42S-07,1.000088431689831,0
TCGA-VR-A8ER-01A-11R-A36D-31,0.9991372174750975,1
TCGA-24-2288-01A-01R-1568-13,0.9982620143999196,1
TCGA-A8-A0AD-01A-11R-A056-07,1.0017797711745888,0
TCGA-B6-A0IQ-01A-11R-A034-07,1.001219364103329,1
TCGA-DM-A28A-01A-21R-A32Y-07,0.9985795100510414,0
TCGA-09-0369-01A-01R-1564-13,0.9994673517883208,1
TCGA-G7-A8LD-01A-11R-A36F-07,1.0006591021908229,1
TCGA-A4-7732-01A-11R-2139-07,0.9995380739311903,0
TCGA-QU-A6IP-01A-11R-A31N-07,1.0009130007216105,0
TCGA-DD-A1EG-01A-11R-A213-07,1.000150443862483,1
TCGA-BP-5004-01A-01R-1334-07,1.002275081554848,1
TCGA-BP-5006-01A-01R-1334-07,1.0022065019194237,1
TCGA-A6-6781-01A-22R-A278-07,1.0015269212486906,1
TCGA-CA-5255-01A-11R-1839-07,0.9985318769181257,1
TCGA-66-2782-01A-01R-0851-07,0.9983739655594931,1
TCGA-MP-A4SY-01A-21R-A24X-07,0.9974614958368172,0
TCGA-44-3398-01A-01R-1107-07,1.0006492590787084,1
TCGA-97-8171-01A-11R-2287-07,0.999461128442771,0
TCGA-BH-A0BG-01A-11R-A115-07,0.9999569653146292,1
TCGA-B0-4834-01A-01R-1305-07,1.0045952398559848,1
TCGA-A2-A25B-01A-11R-A169-07,1.0030130323201214,1
TCGA-70-6723-01A-11R-1820-07,1.0000041021841013,1
TCGA-KK-A8IJ-01A-11R-A352-07,1.0014630191613416,0
TCGA-CZ-5986-01A-11R-1672-07,1.004555568422535,1
TCGA-BH-A1EN-01A-11R-A13Q-07,1.0025086971514356,1
TCGA-CH-5768-01A-11R-1580-07,1.0022462383529285,1
TCGA-B0-4846-01A-01R-1277-07,1.0031132704098404,1
TCGA-E2-A2P6-01A-11R-A19W-07,1.00154346839115,1
TCGA-AK-3434-01A-02R-1277-07,0.9997517879264233,1
TCGA-WW-A8ZI-01A-11R-A37L-07,1.0028085784473977,1
TCGA-56-7730-01A-11R-2125-07,0.9984818737711575,1
TCGA-3A-A9I9-01A-11R-A38C-07,0.995898889568171,1
TCGA-EP-A2KC-01A-11R-A213-07,1.00144917385524,1
TCGA-AO-A1KO-01A-31R-A13Q-07,1.004255218647562,1
TCGA-BH-A18K-01A-11R-A12D-07,0.999333198646272,1
TCGA-D8-A147-01A-11R-A115-07,1.0017594251749198,1
TCGA-24-0979-01A-01R-1565-13,0.9996191039614498,1
TCGA-HC-7821-01A-12R-2118-07,1.0022690515294457,1
TCGA-3A-A9IU-01A-11R-A39D-07,0.9960586168302601,0
TCGA-AC-A3QP-01A-11R-A22U-07,0.9970416237122709,1
TCGA-E9-A226-01A-21R-A157-07,1.0043617396099997,1
TCGA-MP-A4T7-01A-11R-A24X-07,0.9961416886668689,1
TCGA-HE-7129-01A-11R-1965-07,0.9998611602622817,0
TCGA-91-7771-01A-11R-2170-07,1.0001408509885268,0
TCGA-CC-A7IK-01A-12R-A33R-07,1.0021021536925863,0
TCGA-AD-6895-01A-11R-1928-07,0.9973336131071345,1
TCGA-2Z-A9JN-01A-21R-A42S-07,0.999900452297472,0
TCGA-Y8-A898-01A-11R-A355-07,0.9995326816242498,1
TCGA-24-1545-01A-01R-1566-13,0.9978751010872969,1
TCGA-60-2711-01A-01R-0851-07,0.9987765000023243,1
TCGA-US-A77G-01A-11R-A32O-07,0.9966447256670801,0
TCGA-44-5645-01B-04R-A277-07,1.0050836252667548,1
TCGA-23-1109-01A-01R-1564-13,0.998905677196746,1
TCGA-DD-A1EJ-01A-11R-A155-07,1.0005620727266726,0
TCGA-CK-6748-01A-11R-1839-07,0.9975504477417616,1
TCGA-HE-A5NH-01A-11R-A26U-07,0.9996058786060074,1
TCGA-LL-A50Y-01A-11R-A266-07,0.999840205677729,1
TCGA-BP-5173-01A-01R-1426-07,1.0008773985059212,1
TCGA-V1-A9O7-01A-21R-A41O-07,0.997161790767773,1
TCGA-L5-A4OJ-01A-11R-A260-31,0.9994339223082318,1
TCGA-05-4434-01A-01R-1206-07,0.997927394929627,1
TCGA-AZ-4682-01B-01R-A32Z-07,0.9999318973092267,1
TCGA-D8-A1J9-01A-11R-A13Q-07,1.002208495144375,1
TCGA-CH-5746-01A-11R-1580-07,1.0023078345862713,1
TCGA-KV-A6GD-01A-11R-A31O-07,0.9982551036599329,0
TCGA-B0-4707-01A-01R-1277-07,0.9977556258045402,0
TCGA-58-8393-01A-11R-2326-07,0.9979307049308642,1
TCGA-FV-A495-01A-11R-A266-07,1.0016299811582472,1
TCGA-99-8033-01A-11R-2241-07,0.9980120057416789,1
TCGA-77-8139-01A-11R-2247-07,1.0001896702230457,1
TCGA-ED-A5KG-01A-11R-A27V-07,0.9990250489146796,1
TCGA-94-7033-01A-11R-1949-07,0.999428566542341,1
TCGA-AA-3530-01A-01R-1022-07,0.9997691781478405,1
TCGA-ZG-A9L1-01A-11R-A41O-07,1.002310069292764,1
TCGA-FR-A3R1-01A-11R-A239-07,1.00053092434532,0
TCGA-2Z-A9JL-01A-11R-A42S-07,0.9996436458952577,0
TCGA-20-0987-01A-02R-1564-13,1.0009016867524037,1
TCGA-59-2363-01A-01R-1569-13,1.0006454090309422,1
TCGA-24-1419-01A-01R-1565-13,0.9998949406816247,0
TCGA-BH-A1FH-01A-12R-A13Q-07,1.0018058538529895,1
TCGA-B6-A0IA-01A-11R-A034-07,1.0029391407018913,1
TCGA-98-7454-01A-11R-2045-07,1.000288702088769,1
TCGA-5P-A9JZ-01A-11R-A42S-07,1.0003645026495116,1
TCGA-55-6984-01A-11R-1949-07,0.9973411827825526,1
TCGA-HC-8264-01B-11R-2403-07,1.000297884496302,0
TCGA-G4-6314-01A-11R-1723-07,0.9954194790152839,0
TCGA-68-8250-01A-11R-2296-07,0.9966080934543123,0
TCGA-29-1769-01A-01R-1567-13,1.0010984107214442,1
TCGA-EU-5905-01A-11R-1672-07,1.0018779000141806,1
TCGA-F9-A7Q0-01A-11R-A36F-07,1.0014046541196826,1
TCGA-DD-AACN-01A-11R-A41C-07,1.0020192974876718,1
TCGA-A8-A079-01A-21R-A00Z-07,1.0001759726848565,0
TCGA-D8-A1JN-01A-11R-A13Q-07,1.004460721125175,1
TCGA-A8-A08B-01A-11R-A00Z-07,1.002088710096291,0
TCGA-JY-A6FD-01A-11R-A336-31,0.999318654579958,1
TCGA-A8-A086-01A-11R-A00Z-07,1.0006238824025555,1
TCGA-13-2060-01A-01R-1568-13,0.9997368421503031,0
TCGA-HC-8265-01B-04R-2302-07,1.0056524594873288,1
TCGA-S4-A8RP-01A-11R-A36G-07,0.9954309753588672,0
TCGA-A8-A09Z-01A-11R-A00Z-07,1.0015258763475368,1
TCGA-CK-6751-01A-11R-1839-07,0.9980833699813186,1
TCGA-RB-A7B8-01A-12R-A33R-07,0.9956779032024946,1
TCGA-68-7755-01A-11R-2125-07,0.9979367831176602,1
TCGA-66-2759-01A-01R-0851-07,0.9986402087311388,0
TCGA-AA-A00J-01A-02R-A002-07,0.9971277993496126,0
TCGA-L5-A8NL-01A-12R-A37I-31,0.997983060324082,0
TCGA-24-1557-01A-01R-1566-13,0.9995000767807432,1
TCGA-A7-A3IY-01A-21R-A21T-07,0.9970873540501328,0
TCGA-B8-4151-01A-01R-1188-07,1.0024140151352223,1
TCGA-61-1914-01A-01R-1567-13,1.0010332724365127,1
TCGA-IG-A3Y9-01A-12R-A24K-31,0.9979515321244657,1
TCGA-L5-A891-01A-11R-A36D-31,0.9998691765251683,1
TCGA-BP-4983-01A-01R-1334-07,1.0003115192235903,1
TCGA-04-1514-01A-01R-1566-13,1.0021959913698293,1
TCGA-NJ-A55A-01A-11R-A262-07,0.9988763878273621,1
TCGA-A8-A09I-01A-22R-A034-07,1.0014014240225757,0
TCGA-AR-A251-01A-12R-A169-07,1.0028209986140775,1
TCGA-60-2715-01A-01R-0851-07,0.99678377527263,1
TCGA-D9-A4Z3-01A-11R-A266-07,0.9995631616389811,0
TCGA-E2-A14Q-01A-11R-A12D-07,0.9999310796601115,1
TCGA-EW-A1P7-01A-21R-A144-07,0.998913473195061,1
TCGA-HV-AA8X-01A-11R-A39D-07,0.9972951835987215,1
TCGA-ZG-A9L4-01A-11R-A41O-07,0.9988274711754785,0
TCGA-VN-A88L-01A-11R-A352-07,1.0003021577254125,1
TCGA-Z7-A8R5-01A-42R-A41B-07,0.997130010815417,1
TCGA-IG-A51D-01A-11R-A36D-31,0.9982670691571001,1
TCGA-5P-A9K9-01A-11R-A42S-07,0.9993293938961725,0
TCGA-23-1114-01B-01R-1566-13,1.0001566453164903,1
TCGA-IZ-A6M9-01A-11R-A31O-07,1.00130625491954,0
TCGA-44-2662-01B-02R-A277-07,1.0046163371555685,0
TCGA-A8-A08C-01A-11R-A00Z-07,1.001983056038939,1
TCGA-36-1568-01A-01R-1566-13,0.9983195464683835,0
TCGA-MN-A4N1-01A-11R-A24X-07,0.9975979841318857,1
TCGA-C8-A12X-01A-11R-A115-07,1.0006600581766605,1
TCGA-63-5131-01A-01R-1443-07,0.9994556052065794,1
TCGA-G9-6499-01A-12R-1965-07,1.0007618669845593,1
TCGA-L5-A43M-01A-11R-A24K-31,0.9983551727647698,1
TCGA-C8-A275-01A-21R-A16F-07,1.0012027112068924,1
TCGA-A6-5664-01A-21R-1839-07,0.9965703995017298,1
TCGA-4B-A93V-01A-11R-A39D-07,0.9998199960801966,1
TCGA-G9-6364-01A-21R-1789-07,1.0016429720196156,1
TCGA-YH-A8SY-01A-11R-A37L-07,0.9956871972568948,1
TCGA-BP-4760-01A-02R-1420-07,1.0008828210410168,1
TCGA-DD-AAVU-01A-11R-A41C-07,1.0022098184881236,0
TCGA-XN-A8T5-01A-12R-A36G-07,0.997305525163434,1
TCGA-55-8207-01A-11R-2241-07,0.9995656441399091,1
TCGA-DD-AAVV-01A-11R-A41C-07,0.9999704073963429,0
TCGA-FV-A2QR-01A-11R-A213-07,1.0012050262375196,1
TCGA-DD-AAEE-01A-11R-A41C-07,1.0010527541402543,1
TCGA-B8-5159-01A-01R-1420-07,1.0041077561222005,1
TCGA-2A-A8VX-01A-11R-A37L-07,1.0006093704989827,1
TCGA-AA-A03F-01A-11R-A16W-07,0.999939690278379,1
TCGA-91-8497-01A-11R-2403-07,0.9988076928413351,1
TCGA-EW-A1OV-01A-11R-A144-07,0.9997425562629194,1
TCGA-XP-A8T8-01A-11R-A36D-31,0.9996366555057091,0
TCGA-61-1736-01B-01R-1568-13,0.9994558652959318,1
TCGA-20-1682-01A-01R-1564-13,0.9993188362797615,0
TCGA-FB-AAPQ-01A-11R-A41B-07,0.9981085091342344,1
TCGA-AA-3950-01A-02R-1022-07,1.0006680273727306,1
TCGA-CK-4951-01A-01R-1410-07,0.9970869179884311,0
TCGA-BH-A0RX-01A-21R-A084-07,0.9985732851909103,1
TCGA-CJ-5671-01A-11R-1541-07,0.9993998200832132,1
TCGA-EW-A1IY-01A-11R-A13Q-07,1.0049240895556633,1
TCGA-E2-A1IE-01A-11R-A13Q-07,1.0020804088233466,1
TCGA-HI-7170-01A-11R-2118-07,0.9973466199671555,1
TCGA-A3-A6NL-01A-11R-A33J-07,1.0006659141642995,1
TCGA-EW-A1PD-01A-11R-A144-07,0.9999783894727701,1
TCGA-B6-A0IO-01A-11R-A034-07,1.0003735865451029,1
TCGA-50-5931-01A-11R-1755-07,0.998685755180043,1
TCGA-HZ-A4BH-01A-11R-A26U-07,0.9968611443623979,1
TCGA-ZG-A9KY-01A-11R-A41O-07,1.0008641186761909,0
TCGA-EJ-5507-01A-01R-1580-07,1.0003555085092448,0
TCGA-CH-5751-01A-11R-1580-07,1.0015178312056405,1
TCGA-AA-3844-01A-01R-1022-07,1.0001749696322024,1
TCGA-EB-A57M-01A-51R-A311-07,0.9996094381708301,1
TCGA-BP-4351-01A-01R-1289-07,1.0016201796400637,1
TCGA-DD-A11B-01A-11R-A131-07,1.0035861758908513,1
TCGA-BQ-7045-01A-31R-1965-07,0.9990915652722162,1
TCGA-BH-A0BD-01A-11R-A034-07,0.9998729214935299,1
TCGA-BQ-5881-01A-11R-1592-07,1.0001228769374955,0
TCGA-25-1871-01A-01R-1567-13,1.0015827534388735,0
TCGA-61-1740-01A-01R-1567-13,1.0002760954239729,1
TCGA-33-AASJ-01A-11R-A405-07,0.9996778367810238,1
TCGA-CC-A123-01A-11R-A131-07,1.0026312668037354,0
TCGA-YG-AA3N-01A-11R-A38C-07,1.0005629888877294,1
TCGA-E2-A156-01A-11R-A12D-07,1.0025420649152013,1
TCGA-EW-A1PB-01A-11R-A144-07,1.0010586812754065,1
TCGA-XK-AAJT-01A-11R-A41O-07,0.9982508453348977,1
TCGA-EB-A550-01A-61R-A27Q-07,0.9958870429599067,1
TCGA-S3-A6ZF-01A-32R-A32P-07,1.0011113216786822,1
TCGA-13-1408-01A-01R-1565-13,0.9972934964353618,1
TCGA-29-1690-01A-01R-1566-13,0.99873983015393,1
TCGA-05-4425-01A-01R-1755-07,0.9987143575749942,0
TCGA-X8-AAAR-01A-11R-A406-31,0.9984381618335212,1
TCGA-JL-A3YX-01A-11R-A22U-07,0.9984634750242005,1
TCGA-IG-A3YA-01A-11R-A24K-31,0.9991981311123165,1
TCGA-HV-AA8V-01A-11R-A41B-07,0.9950560465712273,1
TCGA-IB-AAUO-01A-12R-A38C-07,0.9966671612144877,1
TCGA-B6-A0I8-01A-11R-A034-07,1.0019757048589424,1
TCGA-FB-A545-01A-11R-A26U-07,0.9977924882985092,1
TCGA-BH-A18H-01A-11R-A12D-07,0.9993466170672932,0
TCGA-AK-3445-01A-02R-1277-07,0.9999417101931859,0
TCGA-25-1317-01A-01R-1565-13,0.9988711257751,1
TCGA-BP-5200-01A-01R-1426-07,1.0030713415383468,1
TCGA-E9-A5FK-01A-11R-A27Q-07,0.9985295327539202,1
TCGA-BH-A1EW-01A-11R-A137-07,1.0031246277421282,1
TCGA-NC-A5HN-01A-11R-A26W-07,0.9999981805218349,1
TCGA-13-0760-01A-01R-1564-13,1.0003820060323774,1
TCGA-AA-3970-01A-01R-1022-07,0.9999864232488906,1
TCGA-YL-A9WI-01A-11R-A37L-07,1.000453939452124,1
TCGA-AA-A01T-01A-21R-A16W-07,0.9997205745450158,1
TCGA-AN-A0G0-01A-11R-A034-07,1.000416284904318,1
TCGA-77-A5GB-01B-11R-A27Q-07,0.9989777161159012,1
TCGA-85-8481-01A-11R-2326-07,0.9985818174196289,1
TCGA-E2-A107-01A-11R-A10J-07,0.9996238592245013,0
TCGA-J2-8192-01A-11R-2241-07,0.998887320463724,1
TCGA-Z7-A8R6-01A-11R-A41B-07,0.9999576227354792,1
TCGA-B8-4153-01B-11R-1672-07,1.0004631853451305,1
TCGA-BH-A0AY-01A-21R-A00Z-07,0.998388177968937,0
TCGA-A1-A0SQ-01A-21R-A144-07,1.0014335903606582,1
TCGA-22-5477-01A-01R-1635-07,0.999414403808872,1
TCGA-AA-A02K-01A-03R-A32Y-07,0.9992349489831917,1
TCGA-AA-3531-01A-01R-0821-07,0.9996895093515248,1
TCGA-85-8351-01A-11R-2296-07,0.9977117774647671,1
TCGA-R6-A8WG-01A-11R-A37I-31,1.000146960498055,1
TCGA-2J-AABR-01A-11R-A41B-07,0.9953438513977276,1
TCGA-CJ-4884-01A-01R-1305-07,0.9997848130875475,1
TCGA-XV-A9W2-01A-11R-A39D-07,0.9975165574447015,1
TCGA-DD-A11A-01A-11R-A131-07,1.0022171648698077,1
TCGA-38-4631-01A-01R-1755-07,1.0009363684287278,1
TCGA-V1-A8MM-01A-11R-A37L-07,1.000110985451569,0
TCGA-13-0726-01A-01R-1564-13,0.9989490421534325,0
TCGA-HZ-8005-01A-11R-2204-07,0.9957357647386743,0
TCGA-BH-A18J-01A-11R-A12D-07,0.9991633958017129,0
TCGA-60-2708-01A-01R-0851-07,0.9987342051220653,1
TCGA-AO-A1KT-01A-11R-A13Q-07,1.0007252238260205,1
TCGA-A2-A3KC-01A-11R-A213-07,0.9988100006299266,1
TCGA-EJ-5498-01A-01R-1580-07,1.0030762824595059,1
TCGA-AO-A0JF-01A-11R-A056-07,1.0022651449836733,1
TCGA-E9-A1R6-01A-11R-A14D-07,1.0001180187841938,1
TCGA-A7-A0CD-01A-11R-A00Z-07,1.002815638469878,1
TCGA-29-1699-01A-01R-1567-13,0.9988540394261202,1
TCGA-CJ-6028-01A-11R-1672-07,1.0010349858697234,0
TCGA-24-1843-01A-01R-1567-13,1.0000765244598204,1
TCGA-AA-A01R-01A-21R-A083-07,0.9998723442313788,0
TCGA-G9-A9S0-01A-11R-A41O-07,0.9993433333359071,1
TCGA-XV-AAZY-01A-12R-A40A-07,1.0009582374051873,1
TCGA-AK-3465-01A-02R-1325-07,1.0029941723361888,1
TCGA-AA-3812-01A-01R-0905-07,0.9988925970000573,0
TCGA-77-A5GF-01A-21R-A27Q-07,0.9978208805346517,1
TCGA-HC-A4ZV-01A-11R-A26U-07,0.9990303433842513,0
TCGA-H9-7775-01A-11R-2118-07,1.0016167032631027,1
TCGA-60-2696-01A-01R-0851-07,0.9989239264066406,0
TCGA-13-0900-01B-01R-1565-13,0.9989527713777101,1
TCGA-85-8666-01A-11R-2403-07,0.9979960522800274,0
TCGA-4H-AAAK-01A-12R-A41B-07,0.9981267673553148,1
TCGA-BH-A0BC-01A-22R-A084-07,1.0013951582430864,1
TCGA-C8-A3M7-01A-12R-A21T-07,1.001445925150322,1
TCGA-AR-A2LN-01A-21R-A18M-07,1.001581855211055,1
TCGA-2Z-A9J5-01A-21R-A38C-07,0.9998555494599196,0
TCGA-AA-A01X-01A-21R-A083-07,0.9993801523013593,0
TCGA-C8-A134-01A-11R-A115-07,1.000619362893591,1
TCGA-HV-A5A6-01A-11R-A26U-07,0.9966898025423959,1
TCGA-D8-A140-01A-11R-A115-07,1.0024979856196539,1
TCGA-F9-A4JJ-01A-11R-A24Z-07,0.9978370332093407,1
TCGA-AR-A24O-01A-11R-A169-07,1.0024978356625873,1
TCGA-G3-AAUZ-01A-11R-A38B-07,1.002158164298841,1
TCGA-63-A5MM-01A-11R-A26W-07,0.997557389549912,1
TCGA-AN-A0FN-01A-11R-A034-07,1.0009050245380733,1
TCGA-GL-A59R-01A-11R-A26U-07,0.9993043160395758,0
TCGA-2H-A9GG-01A-11R-A37I-31,0.9994609080127639,1
TCGA-C8-A130-01A-31R-A115-07,1.0008836354064008,1
TCGA-2H-A9GF-01A-11R-A37I-31,0.9978830915003368,1
TCGA-55-5899-01A-11R-1628-07,0.9990637641077232,1
TCGA-B0-4713-01A-01R-1277-07,0.9999905972914869,0
TCGA-A8-A09Q-01A-11R-A00Z-07,1.0014604107840437,1
TCGA-VR-AA4D-01A-11R-A37I-31,1.0002733480353798,1
TCGA-36-1578-01A-01R-1566-13,1.000641894343782,1
TCGA-AR-A1AY-01A-21R-A12P-07,1.001947066342946,1
TCGA-86-8278-01A-11R-2287-07,0.9980848640790994,1
TCGA-A2-A0YK-01A-22R-A109-07,1.0006077494302552,1
TCGA-78-7163-01A-12R-2066-07,1.0010494725980223,1
TCGA-A8-A06R-01A-11R-A00Z-07,1.0003461772392221,1
TCGA-HC-7752-01A-11R-2118-07,1.0009317125176265,0
TCGA-A8-A07J-01A-11R-A00Z-07,1.002401837964665,1
TCGA-HC-7749-01A-11R-2118-07,1.001188707187107,1
TCGA-HC-A6HX-01A-11R-A31N-07,1.0005343142506877,1
TCGA-56-A4BW-01A-11R-A24H-07,0.9980946528823618,1
TCGA-BP-4162-01A-02R-1325-07,1.0031327921929316,0
TCGA-34-7107-01A-11R-1949-07,0.9985244173749932,0
TCGA-DD-AAE4-01A-11R-A41C-07,1.0018928836804961,0
TCGA-13-1510-01A-02R-1565-13,1.0010484382226357,1
TCGA-57-1585-01A-01R-1566-13,0.9970516091194122,1
TCGA-56-8305-01A-11R-2296-07,0.99681467299582,0
TCGA-CJ-4874-01A-01R-1305-07,1.0033083181612925,1
TCGA-B6-A0RH-01A-21R-A115-07,0.9990869647645441,1
TCGA-HZ-A77O-01A-11R-A33R-07,0.9945777327846231,1
TCGA-24-1463-01A-01R-1566-13,0.9977543571896482,0
TCGA-A8-A07S-01A-11R-A034-07,1.0023283579074354,1
TCGA-3C-AAAU-01A-11R-A41B-07,1.000530066196851,1
TCGA-AO-A03M-01B-11R-A10J-07,1.0012183888351074,1
TCGA-73-4659-01A-01R-1206-07,0.9965537411324075,1
TCGA-CZ-5453-01A-01R-1503-07,1.0013072969569665,1
TCGA-94-8035-01A-11R-2247-07,0.9973827136479757,1
TCGA-39-5031-01A-01R-1443-07,0.9973458822221707,1
TCGA-75-5146-01A-01R-1628-07,1.0013249492023217,0
TCGA-YL-A8S8-01A-11R-A37L-07,0.9994072807209226,1
TCGA-77-A5G6-01A-11R-A27Q-07,0.9998344930796941,1
TCGA-A7-A4SF-01A-11R-A266-07,1.000525312448381,1
TCGA-EB-A553-01A-12R-A27Q-07,1.0005299676849093,1
TCGA-AA-3939-01A-01R-1022-07,1.0005753265411201,0
TCGA-E2-A14N-01A-31R-A137-07,1.0026172978104182,1
TCGA-CJ-6030-01A-11R-1672-07,1.001318693694031,0
TCGA-J4-A67M-01A-11R-A30B-07,1.0008395804461188,1
TCGA-BP-5198-01A-01R-1426-07,0.9998458171546637,1
TCGA-NK-A7XE-01A-12R-A405-07,0.9986635867094543,1
TCGA-HC-7209-01A-11R-2118-07,1.0015591503976735,1
TCGA-HZ-8315-01A-11R-2404-07,0.9983062915593587,1
TCGA-86-8076-01A-31R-2241-07,0.9976196096922184,1
TCGA-A6-6650-01A-11R-A278-07,1.0022160838476086,1
TCGA-62-A46U-01A-11R-A24H-07,1.0003791612264197,1
TCGA-BH-A18U-01A-21R-A12D-07,1.0009151132554692,0
TCGA-55-6712-01A-11R-1858-07,0.999523840050208,0
TCGA-BP-4761-01A-01R-1289-07,0.9989343135235881,0
TCGA-D8-A1XK-01A-21R-A14M-07,1.0019629092523072,1
TCGA-63-A5MI-01A-12R-A27Q-07,0.9994101047299148,1
TCGA-MP-A4TF-01A-11R-A262-07,0.9978278989632011,1
TCGA-DD-AACF-01A-11R-A41C-07,1.0020282992899785,1
TCGA-ZG-A9LZ-01A-11R-A41O-07,1.000540712054005,1
TCGA-05-4250-01A-01R-1107-07,0.9979696718766475,1
TCGA-95-A4VP-01A-21R-A262-07,0.9981039162886023,1
TCGA-AA-3877-01A-01R-1022-07,0.997968342640009,1
TCGA-AK-3426-01A-02R-1325-07,0.9997132883650741,1
TCGA-A3-3382-01A-02R-1325-07,1.0025519460829466,1
TCGA-IC-A6RE-01A-11R-A336-31,0.9967738787808047,1
TCGA-A8-A08O-01A-21R-A056-07,1.0028223153903635,1
TCGA-B9-A5W7-01A-11R-A31O-07,0.998971150842283,1
TCGA-33-A5GW-01A-11R-A27Q-07,0.9988634586823174,1
TCGA-G3-AAV7-01A-11R-A38B-07,1.0004389459346146,1
TCGA-5P-A9K8-01A-11R-A42S-07,1.002803860819973,1
TCGA-BP-5007-01A-01R-1334-07,1.001551010027567,1
TCGA-A3-3365-01A-01R-0864-07,1.0031338605002094,1
TCGA-44-7659-01A-11R-2066-07,0.9999760667801029,1
TCGA-61-2003-01A-01R-1568-13,0.9968011987513653,0
TCGA-D5-6898-01A-11R-1928-07,0.9978990362053711,1
TCGA-GM-A2DC-01A-11R-A18M-07,1.0021261249317057,1
TCGA-5P-A9KF-01A-11R-A42S-07,1.000494394602798,1
TCGA-BP-4161-01A-02R-1325-07,1.0015497687771029,1
TCGA-36-1576-01A-01R-1566-13,0.9968433669152458,1
TCGA-DD-A4NK-01A-11R-A28V-07,1.0024854763722224,1
TCGA-CJ-4901-01A-01R-1426-07,0.9982226636775684,0
TCGA-MI-A75I-01A-11R-A32O-07,1.0004288364202536,0
TCGA-29-2414-01A-02R-1569-13,0.9998614772696447,1
TCGA-BH-A0GY-01A-11R-A056-07,1.0015278816128366,1
TCGA-97-8175-01A-11R-2287-07,0.9984547326366733,1
TCGA-AL-3472-01A-01R-1193-07,1.0006354772580806,1
TCGA-HZ-A77P-01A-11R-A33R-07,0.9949041860349626,1
TCGA-A3-3352-01A-01R-0864-07,1.0023339544802945,1
TCGA-A7-A26G-01A-21R-A169-07,1.0027512915642105,1
TCGA-AO-A0JC-01A-11R-A056-07,1.0013186707079114,0
TCGA-AA-3875-01A-01R-0905-07,0.9996285249867968,1
TCGA-D8-A1JJ-01A-31R-A14M-07,1.0027736767610707,1
TCGA-Y6-A8TL-01A-21R-A37L-07,1.0007861403269664,1
TCGA-J4-A6G3-01A-11R-A311-07,0.9961619930726071,0
TCGA-13-0768-01A-01R-1569-13,0.9992921220303573,1
TCGA-A7-A6VW-01A-21R-A33J-07,1.0000371091574185,1
TCGA-J9-A8CP-01A-11R-A352-07,0.999955164315248,1
TCGA-P4-AAVK-01A-11R-A42S-07,1.000255060260717,1
TCGA-B0-5709-01A-11R-1541-07,1.0014452497962334,1
TCGA-B6-A0RV-01A-11R-A084-07,0.9998696519916463,1
TCGA-AA-A01V-01A-23R-A083-07,0.9986757393793106,1
TCGA-G9-7510-01A-11R-2263-07,0.998992915413911,1
TCGA-D8-A73U-01A-11R-A33J-07,1.000365637725994,1
TCGA-DD-AAEK-01A-11R-A41C-07,1.0018100806898567,1
TCGA-B0-5698-01A-11R-1672-07,1.0011040646323184,1
TCGA-KC-A4BL-01A-31R-A250-07,0.9971384510996567,1
TCGA-EJ-A7NM-01A-21R-A33R-07,0.9990195344351049,1
TCGA-B2-5639-01A-01R-1541-07,1.0014905674785177,1
TCGA-BH-A8FZ-01A-11R-A352-07,0.9985625353489289,1
TCGA-22-5474-01A-01R-1635-07,0.9979882501342536,0
TCGA-E2-A1IL-01A-11R-A14D-07,1.0031278501771952,1
TCGA-D8-A1XV-01A-11R-A14M-07,1.0038047968753525,1
TCGA-2Z-A9J3-01A-12R-A38C-07,0.9983735463364528,1
TCGA-L5-A4OP-01A-11R-A260-31,1.0001272552460105,0
TCGA-AO-A129-01A-21R-A10J-07,0.9990142187485636,1
TCGA-B6-A0RL-01A-11R-A084-07,1.0013195514224957,0
TCGA-61-1743-01A-01R-1568-13,1.001395254565874,1
TCGA-R6-A6Y0-01B-11R-A336-31,0.9988687680559646,1
TCGA-77-7463-01A-11R-2045-07,1.0008124638123355,1
TCGA-DD-AADW-01A-11R-A39D-07,1.0008934384391657,1
TCGA-AR-A1AP-01A-11R-A12P-07,0.9998409434227137,1
TCGA-A2-A25F-01A-11R-A169-07,1.0009585712512117,1
TCGA-AA-3862-01A-01R-1022-07,1.0007089459495344,0
TCGA-G4-6306-01A-11R-1774-07,0.9993752544887125,1
TCGA-EB-A3XC-01A-11R-A239-07,0.9999225682283583,1
TCGA-34-5927-01A-11R-1820-07,1.001533971839981,1
TCGA-AA-A017-01A-01R-A00A-07,0.9985412464983477,1
TCGA-A4-A5XZ-01A-11R-A31O-07,1.0005593953910157,1
TCGA-E2-A1LS-01A-12R-A157-07,1.0028599710327464,0
TCGA-L5-A8NV-01A-11R-A37I-31,0.9981204122405054,1
TCGA-5P-A9KE-01A-11R-A42S-07,1.0001585360711958,1
TCGA-61-1724-01A-01R-1568-13,1.0007887723649567,1
TCGA-VR-A8EP-01A-31R-A406-31,1.0004658425583948,1
TCGA-YL-A8SL-01B-21R-A37L-07,0.999685588996254,0
TCGA-G4-6310-01A-11R-1723-07,0.9970681880046084,1
TCGA-G3-AAV2-01A-11R-A37K-07,1.0030835854781088,1
TCGA-OL-A5RV-01A-12R-A28M-07,0.9996105480720386,1
TCGA-KK-A8I6-01A-11R-A36G-07,1.0002501937708026,1
TCGA-BH-A0B6-01A-11R-A19W-07,0.9996998797952469,1
TCGA-G7-6789-01A-11R-1965-07,0.9985598558241178,1
TCGA-G9-A9S7-01A-11R-A41O-07,0.9998271009803392,1
TCGA-78-8640-01A-11R-2403-07,0.9982012811133584,1
TCGA-55-6971-01A-11R-1949-07,0.9987198081490909,1
TCGA-DD-AAW2-01A-11R-A41C-07,1.0018137796859787,0
TCGA-HV-A5A4-01A-11R-A26U-07,0.9956512644789125,1
TCGA-BP-4355-01A-01R-1289-07,1.0020538959761343,1
TCGA-R6-A8W5-01B-11R-A37I-31,1.0005779141214526,1
TCGA-CH-5752-01A-11R-1580-07,1.0014945681579233,1
TCGA-A7-A3RF-01A-11R-A22K-07,0.9997941174131459,1
TCGA-ED-A8O5-01A-11R-A36F-07,1.002251845871559,1
TCGA-AA-3522-01A-01R-0821-07,1.000396452935895,0
TCGA-ER-A42H-01A-11R-A24X-07,0.9991661420957288,1
TCGA-AL-3467-01A-02R-1351-07,1.0033310321512954,0
TCGA-55-8513-01A-11R-2403-07,0.998709858862995,1
TCGA-AD-6901-01A-11R-1928-07,0.9967185702184935,1
TCGA-29-1694-01A-01R-1567-13,0.9966166628986532,1
TCGA-LN-A49V-01A-11R-A24K-31,1.0015405075600166,1
TCGA-55-6968-01A-11R-1949-07,0.998541859881544,1
TCGA-A4-8517-01A-11R-2404-07,1.0005124741532379,1
TCGA-CZ-5461-01A-01R-1503-07,1.000924601050021,0
TCGA-D8-A1XZ-01A-11R-A14M-07,1.0025558832768788,1
TCGA-AA-A00W-01A-01R-A002-07,0.9989383109192622,1
TCGA-BP-4804-01A-02R-1305-07,0.9991131334945338,1
TCGA-OL-A66J-01A-11R-A29R-07,0.9992014356406681,1
TCGA-AY-4070-01A-01R-1113-07,0.9971970609065881,1
TCGA-V1-A8WW-01A-11R-A37L-07,0.998189987266544,0
TCGA-B6-A40B-01A-11R-A239-07,0.998161692447766,0
TCGA-LN-A49U-01A-31R-A260-31,0.999167446411662,0
TCGA-AO-A03U-01B-21R-A10J-07,0.9999660087108669,0
TCGA-E2-A105-01A-11R-A10J-07,1.0013214772036694,1
TCGA-CW-6097-01A-11R-1672-07,1.0010245983327717,1
TCGA-2Y-A9GS-01A-12R-A38B-07,0.9995938240280885,1
TCGA-EW-A1J6-01A-11R-A13Q-07,1.001484950108693,1
TCGA-E9-A1RD-01A-11R-A157-07,1.0034586193451531,1
TCGA-AD-A5EK-01A-11R-A28H-07,0.9986621725158042,1
TCGA-2K-A9WE-01A-11R-A38C-07,0.9988818208882247,1
TCGA-EJ-A7NF-01A-11R-A33R-07,1.000501549178916,1
TCGA-61-1721-01A-01R-1569-13,1.000760625314091,1
TCGA-BP-4346-01A-01R-1289-07,0.9995310894345318,0
TCGA-AA-3989-01A-01R-1022-07,0.997904629494499,0
TCGA-61-1998-01A-01R-1568-13,0.998222101064924,1
TCGA-05-4244-01A-01R-1107-07,0.9988195245455239,1
TCGA-B8-A54K-01A-11R-A33J-07,1.0015886367909403,0
TCGA-5R-AA1D-01A-11R-A38B-07,1.0015854060192606,1
TCGA-34-5928-01A-11R-1820-07,0.9981537786551251,0
TCGA-BH-A0HQ-01A-11R-A034-07,0.9996401060328234,0
TCGA-CM-4746-01A-01R-1410-07,1.0011970375936297,1
TCGA-50-6593-01A-11R-1755-07,0.9965871979769245,1
TCGA-DV-A4W0-01A-11R-A266-07,1.0004582181541202,1
TCGA-25-1634-01A-01R-1566-13,1.0008380370923673,1
TCGA-50-6597-01A-11R-1858-07,0.9997800816506243,0
TCGA-AY-A54L-01A-11R-A28H-07,1.0012805411136316,1
TCGA-BP-4774-01A-01R-1289-07,1.0008388398374068,1
TCGA-66-2789-01A-01R-0980-07,0.9990297074349396,1
TCGA-DM-A1D4-01A-21R-A155-07,0.9991843865073107,1
TCGA-86-7701-01A-11R-2170-07,0.9996235796873293,1
TCGA-21-1076-01A-02R-0692-07,0.9997884131517237,1
TCGA-AR-A0TX-01A-11R-A084-07,1.0018052912403455,1
TCGA-23-1116-01A-01R-1564-13,0.9982512102490859,1
TCGA-ZP-A9D0-01A-11R-A37K-07,1.0042375747388192,1
TCGA-CH-5743-01A-21R-1580-07,0.9995232106683591,1
TCGA-2A-AAYU-01A-11R-A41O-07,0.9999474041834097,1
TCGA-25-1323-01A-01R-1565-13,0.999885855691456,1
TCGA-R6-A6Y2-01B-11R-A336-31,0.9981719092306857,1
TCGA-DD-A1EC-01A-21R-A131-07,0.9998893616219994,1
TCGA-E2-A1BC-01A-11R-A12P-07,1.0044599603940705,1
TCGA-DD-AADN-01A-11R-A41C-07,1.0028025670298066,1
TCGA-KK-A8ID-01A-11R-A36G-07,1.002358335765833,1
TCGA-A2-A4RW-01A-21R-A266-07,1.001158439940343,1
TCGA-56-7822-01A-11R-2125-07,1.000743916594221,1
TCGA-O2-A52W-01A-11R-A26W-07,1.001041174188805,1
TCGA-UL-AAZ6-01A-11R-A41B-07,1.000439179079543,0
TCGA-YL-A8HO-01A-11R-A36G-07,0.9980602371882799,1
TCGA-13-0765-01A-01R-1564-13,0.9993239435766441,1
TCGA-55-6979-01A-11R-1949-07,0.9985288880479912,1
TCGA-IB-7888-01A-11R-2156-07,0.9981089119386178,1
TCGA-AQ-A54O-01A-11R-A266-07,1.0013233325119026,1
TCGA-HC-7744-01A-11R-2118-07,1.0000948820328508,0
TCGA-BP-4974-01A-01R-1334-07,1.0010213058447683,1
TCGA-A3-3367-01A-02R-1420-07,1.0021485320201085,1
TCGA-2H-A9GO-01A-11R-A37I-31,1.0005649291529743,1
TCGA-EJ-5522-01A-01R-1580-07,1.0028983304882233,0
TCGA-61-1919-01A-01R-1568-13,0.9979034269742387,1
TCGA-TP-A8TT-01A-12R-A41O-07,0.9995015052038961,1
TCGA-AN-A0FJ-01A-11R-A00Z-07,1.0006883190635476,0
TCGA-B0-5696-01A-11R-1541-07,1.000469573297254,0
TCGA-CZ-4856-01A-02R-1426-07,1.0020584308091787,1
TCGA-A8-A075-01A-11R-A084-07,1.0004747911464267,1
TCGA-90-A4ED-01A-31R-A24Z-07,0.9997440521298501,1
TCGA-44-2657-01A-01R-1107-07,0.998572790442048,1
TCGA-MP-A4TD-01A-32R-A262-07,0.9970000615241155,0
TCGA-XR-A8TG-01A-11R-A36F-07,0.9998845459026372,1
TCGA-33-4533-01A-01R-1201-07,0.9994690400462575,0
TCGA-55-8514-01A-11R-2403-07,1.0005871024218755,1
TCGA-25-1316-01A-01R-1565-13,0.9995990053362118,1
TCGA-EB-A6R0-01A-12R-A32P-07,0.9996474013893863,1
TCGA-Y8-A8S1-01A-11R-A37K-07,0.9999018321392271,1
TCGA-B0-5120-01A-01R-1420-07,1.000991400903034,0
TCGA-KR-A7K0-01A-12R-A33R-07,1.0009114234359682,1
TCGA-50-5944-01A-11R-1755-07,0.9999170198168927,1
TCGA-99-AA5R-01A-11R-A39D-07,0.99860832698311,1
TCGA-CZ-5452-01A-01R-1503-07,1.0007207564367537,1
TCGA-XJ-A9DX-01A-11R-A37L-07,1.0020799337768729,1
TCGA-B6-A0IM-01A-11R-A034-07,1.0018056633965693,0
TCGA-61-2012-01A-01R-1568-13,0.9990643460027514,1
TCGA-2Z-A9J2-01A-11R-A38C-07,1.0011572479458497,0
TCGA-AC-A6NO-01A-12R-A33J-07,0.9998326465280779,1
TCGA-E9-A1N4-01A-11R-A14M-07,1.0021131914083525,1
TCGA-DZ-6134-01A-11R-1965-07,0.999899438719051,0
TCGA-20-1685-01A-01R-1566-13,1.000158165684122,1
TCGA-BH-A0AZ-01A-21R-A12P-07,1.000315398824939,1
TCGA-55-7227-01A-11R-2039-07,0.996957224153605,1
TCGA-34-5231-01A-21R-1820-07,0.9981442379008666,1
TCGA-DD-AAE2-01A-11R-A41C-07,1.0001639038774353,1
TCGA-AC-A62Y-01A-11R-A29R-07,1.0002404848716706,1
TCGA-A7-A425-01A-11R-A24H-07,0.9988487924433693,1
TCGA-AD-6548-01A-11R-1839-07,0.99704102935689,0
TCGA-AC-A3W6-01A-12R-A22K-07,0.9982836513260277,1
TCGA-EB-A5UM-01A-11R-A311-07,0.99930078055545,1
TCGA-EW-A6SA-01A-21R-A32P-07,1.0030587725091773,1
TCGA-64-5779-01A-01R-1628-07,0.9991071542396838,1
TCGA-DD-A114-01A-11R-A131-07,1.000045631534943,1
TCGA-85-8052-01A-11R-2247-07,0.9968346310951812,1
TCGA-A2-A0T4-01A-31R-A084-07,0.9990191388727572,1
TCGA-DD-A3A2-01A-11R-A213-07,1.0042907908896646,1
TCGA-E2-A1B4-01A-11R-A12P-07,1.0002391724736932,0
TCGA-HV-A5A3-01A-11R-A26U-07,0.9972044935052967,1
TCGA-78-7167-01A-11R-2066-07,1.001406884867871,1
TCGA-85-8479-01A-11R-2326-07,0.9987867364876323,1
TCGA-XR-A8TE-01A-11R-A36F-07,1.002468781207282,1
TCGA-BP-4971-01A-01R-1334-07,1.0020675168939244,1
TCGA-EJ-7786-01A-11R-2118-07,1.0020589682465488,1
TCGA-25-1320-01A-01R-1565-13,0.998463821585146,1
TCGA-E2-A15S-01A-11R-A115-07,1.0028820442751247,1
TCGA-D9-A3Z4-01A-11R-A239-07,0.9995128964680751,1
TCGA-98-A53D-01A-32R-A262-07,0.9990810420077004,1
TCGA-DW-7839-01A-11R-2139-07,1.0008018858189633,1
TCGA-86-8671-01A-11R-2403-07,0.9976834585652923,1
TCGA-B8-A54H-01A-11R-A33J-07,1.0004503361042163,1
TCGA-ZS-A9CF-01A-11R-A38B-07,1.0009375472882955,1
TCGA-50-5930-01A-11R-1755-07,0.9979924653507766,1
TCGA-73-4676-01A-01R-1755-07,1.0001724127000295,1
TCGA-2A-AAYF-01A-11R-A41O-07,1.0017271588103143,1
TCGA-G9-6366-01A-11R-2118-07,1.002564047727682,1
TCGA-56-7582-01A-11R-2045-07,0.9998670107770348,1
TCGA-CJ-4916-01A-01R-1426-07,1.0013740979045567,1
TCGA-B2-3924-01A-02R-1325-07,1.0011989622802264,1
TCGA-NJ-A55O-01A-11R-A262-07,0.9962468151380448,1
TCGA-G3-A25V-01A-11R-A16W-07,1.0012552979758886,1
TCGA-A6-A567-01A-31R-A28H-07,0.9992649473839863,1
TCGA-55-7907-01A-11R-2170-07,0.9994483558222557,0
TCGA-E2-A1LA-01A-11R-A144-07,0.9997327094470693,1
TCGA-97-A4M5-01A-11R-A24X-07,0.9975634611692452,1
TCGA-CA-6716-01A-11R-1839-07,0.9989108943713457,1
TCGA-66-2756-01A-01R-0851-07,1.0008399941962733,1
TCGA-69-7763-01A-11R-2170-07,0.9991201381135849,1
TCGA-FV-A3I1-01A-11R-A22L-07,1.0000031444291138,1
TCGA-A4-A48D-01A-11R-A24Z-07,1.0012189437857115,0
TCGA-30-1892-01A-01R-1568-13,0.9997387493236657,1
TCGA-S2-AA1A-01A-12R-A39D-07,0.9985882491548373,1
TCGA-AN-A0XT-01A-11R-A109-07,1.003577127021728,1
TCGA-60-2726-01A-01R-0851-07,0.9994633723258849,1
TCGA-63-A5MV-01A-21R-A26W-07,0.9968794489757221,1
TCGA-HC-A6AL-01A-11R-A30B-07,0.9999917903805572,0
TCGA-24-1560-01A-01R-1566-13,1.001312812111114,1
TCGA-A2-A0EU-01A-22R-A056-07,1.0021730801013746,1
TCGA-KK-A7AP-01A-12R-A33R-07,1.0015958964464626,1
TCGA-44-6146-01A-11R-A278-07,1.0022965210370687,1
TCGA-62-A472-01A-11R-A24H-07,0.9991102109736001,1
TCGA-56-8622-01A-11R-2403-07,0.9963558361146448,0
TCGA-B0-4819-01A-01R-1277-07,1.0001811029678591,1
TCGA-BP-5176-01A-01R-1426-07,1.000513231600611,1
TCGA-63-A5MP-01A-11R-A26W-07,0.9986258621087124,1
TCGA-XK-AAK1-01A-11R-A41O-07,1.0013380896007524,0
TCGA-78-7158-01A-11R-2039-07,0.999734722374409,0
TCGA-AA-3678-01A-01R-0905-07,0.998592295386478,1
TCGA-HI-7171-01A-12R-2118-07,1.0008824839112613,0
TCGA-LN-A4A2-01A-31R-A260-31,0.9987211577626907,0
TCGA-D8-A1JE-01A-11R-A13Q-07,1.004927097453613,1
TCGA-B8-5552-01B-11R-1672-07,1.0016166780878288,1
TCGA-A8-A09V-01A-11R-A034-07,1.0034541431992694,1
TCGA-HZ-A49H-01A-11R-A26U-07,0.9960984703835177,1
TCGA-IG-A97I-01A-11R-A38D-31,0.9996154458846856,1
TCGA-D8-A1JT-01A-31R-A13Q-07,1.00456935899978,0
TCGA-BP-4782-01A-02R-1420-07,1.0021545084112313,1
TCGA-A2-A0CQ-01A-21R-A034-07,0.9997286923490067,0
TCGA-G3-A25U-01A-11R-A16W-07,1.0015485866338039,1
TCGA-BQ-7055-01A-11R-1965-07,1.0027705429867508,1
TCGA-37-A5EM-01A-21R-A27Q-07,0.9972847249142563,1
TCGA-NC-A5HG-01A-11R-A26W-07,0.9997984825867354,1
TCGA-13-1495-01A-01R-1565-13,1.0008295289443454,1
TCGA-AK-3431-01A-02R-1277-07,1.0015613012417315,1
TCGA-85-8049-01A-11R-2247-07,0.9964290403384382,1
TCGA-UZ-A9PP-01A-11R-A42S-07,0.9991724989796884,1
TCGA-DD-AAE9-01A-11R-A41C-07,1.0030635448654588,1
TCGA-D5-5537-01A-21R-1928-07,0.9996267500026984,1
TCGA-VP-A879-01A-11R-A352-07,0.9998631896082784,1
TCGA-C8-A1HM-01A-12R-A137-07,1.0017948489745372,1
TCGA-A3-3316-01A-01R-0864-07,1.0022002299924762,1
TCGA-DW-7840-01A-11R-A32Z-07,0.9992475326618679,1
TCGA-D5-6927-01A-21R-1928-07,0.9979671959431823,1
TCGA-A6-2671-01A-01R-1410-07,0.9982193696749837,0
TCGA-61-1918-01A-01R-1568-13,0.9983318790688929,1
TCGA-FV-A3R3-01A-11R-A22L-07,1.0033814483738452,1
TCGA-F9-A7VF-01A-11R-A33Z-07,1.0011402323243792,1
TCGA-L7-A6VZ-01A-12R-A336-31,0.9990563632517516,1
TCGA-AA-3526-01A-02R-A32Z-07,1.0003361749934196,0
TCGA-56-8626-01A-11R-2403-07,0.996984007361368,1
TCGA-DD-A3A1-01A-11R-A213-07,1.0024018335863565,1
TCGA-YL-A8SR-01B-11R-A37L-07,1.001702209439246,1
TCGA-B0-4848-01A-01R-1277-07,1.000782633301846,1
TCGA-55-6969-01A-11R-1949-07,0.9975336970079562,0
TCGA-2A-A8VL-01A-21R-A37L-07,1.001710855503986,1
TCGA-24-1422-01A-01R-1565-13,0.9981313580117928,1
TCGA-A3-3370-01A-02R-1420-07,1.0014448842074726,0
TCGA-EW-A2FW-01A-11R-A17B-07,1.0017300018471218,1
TCGA-BH-A0BL-01A-11R-A115-07,0.9996380405657813,1
TCGA-AA-A010-01A-01R-A089-07,0.9981156519245725,1
TCGA-AA-3664-01A-01R-0905-07,0.9982529381663678,1
TCGA-GN-A26C-01A-11R-A18T-07,1.0009083619037389,1
TCGA-85-8354-01A-31R-2326-07,0.9985671894908802,1
TCGA-A3-3373-01A-02R-1420-07,1.0036108334298306,1
TCGA-30-1891-01A-01R-1568-13,1.000009542907004,1
TCGA-HC-7078-01A-11R-2118-07,0.9998613726102447,1
TCGA-FC-A66V-01A-21R-A30B-07,1.000967756942476,0
TCGA-A3-3324-01A-02R-1325-07,1.0008334785986301,0
TCGA-S3-AA10-01A-21R-A41B-07,1.0001676068318617,1
TCGA-53-7813-01A-11R-2170-07,1.0011034943576342,0
TCGA-EW-A1P3-01A-11R-A144-07,0.9992641363023338,1
TCGA-BF-A3DN-01A-11R-A20F-07,1.0006195861873253,1
TCGA-22-4596-01A-01R-1201-07,0.996674992913844,0
TCGA-G4-6297-01A-11R-1723-07,0.9970485180336005,0
TCGA-05-4422-01A-01R-1206-07,0.9989104477838773,1
TCGA-67-3773-01A-01R-0946-07,1.0022267472179969,0
TCGA-75-7025-01A-12R-1949-07,0.9998255678977863,1
TCGA-BH-A18I-01A-11R-A12D-07,1.0007741229646698,1
TCGA-E9-A54Y-01A-11R-A466-07,1.002856517221901,1
TCGA-BP-4758-01A-01R-1289-07,1.0000096177582531,1
TCGA-LN-A9FO-01A-11R-A38D-31,0.9995044076024372,1
TCGA-10-0936-01A-01R-1564-13,1.0009879153494516,1
TCGA-DD-AACP-01A-11R-A41C-07,0.9999653635849337,0
TCGA-NH-A5IV-01A-42R-A37K-07,0.9969276125585411,1
TCGA-44-6777-01A-11R-1858-07,0.9988585516930493,0
TCGA-71-8520-01A-11R-2403-07,0.9977642821404787,0
TCGA-A8-A07I-01A-11R-A00Z-07,1.0024326612566103,0
TCGA-CC-A3M9-01A-11R-A213-07,0.999643505789385,1
TCGA-AN-A0AK-01A-21R-A00Z-07,1.0015393210384091,0
TCGA-BP-5174-01A-01R-1426-07,1.0009648307178067,1
TCGA-71-6725-01A-11R-1858-07,0.9991492702838665,1
TCGA-25-1623-01A-01R-1566-13,0.9981608700003379,0
TCGA-KK-A6E1-01A-11R-A311-07,0.9994922144332273,1
TCGA-AR-A0TQ-01A-11R-A084-07,1.0003555358736729,1
TCGA-50-5946-01A-11R-1755-07,0.9992522404380986,0
TCGA-A4-8312-01A-11R-2404-07,1.000907443553528,1
TCGA-FC-7961-01A-11R-A29R-07,0.9985889048065375,1
TCGA-AA-A01G-01A-01R-A002-07,0.9986875027997133,1
TCGA-C8-A12Q-01A-11R-A115-07,1.001730335273142,1
TCGA-HV-A5A5-01A-11R-A26U-07,0.9950794212658115,1
TCGA-BP-4987-01A-01R-1334-07,1.0024097068796436,1
TCGA-24-1564-01A-01R-1566-13,0.9977364919217571,1
TCGA-EJ-7788-01A-11R-2118-07,1.0023373881687474,1
TCGA-O9-A75Z-01A-11R-A33Z-07,0.9989183742914393,1
TCGA-36-1574-01A-01R-1566-13,1.000198065209619,1
TCGA-21-1070-01A-01R-0692-07,0.9992808745757865,1
TCGA-BP-4976-01A-01R-1334-07,1.00262736312169,1
TCGA-A7-A0CJ-01A-21R-A00Z-07,1.0014193247369392,1
TCGA-13-1501-01A-01R-1565-13,1.0007646840060844,1
TCGA-CZ-5469-01A-01R-1503-07,0.9978548474521111,0
TCGA-29-1776-01A-01R-1567-13,0.9994912496907726,1
TCGA-75-6214-01A-41R-1949-07,0.9987297845450466,1
TCGA-55-8619-01A-11R-2403-07,0.9964405738976436,1
TCGA-A4-A6HP-01A-11R-A31O-07,1.0004328837464713,1
TCGA-LG-A6GG-01A-11R-A311-07,1.0021840652774385,1
TCGA-CC-A9FW-01A-11R-A37K-07,1.0005463261400986,0
TCGA-EJ-7781-01A-11R-2118-07,1.0031217665175138,1
TCGA-05-5420-01A-01R-1628-07,1.0026466204371203,1
TCGA-EW-A3U0-01A-11R-A22K-07,0.999998045888848,1
TCGA-61-2002-01A-01R-1568-13,0.9980756057257403,0
TCGA-B0-4841-01A-01R-1277-07,0.9996889197944567,0
TCGA-CJ-4885-01A-01R-1305-07,1.0021767075299792,1
TCGA-AQ-A7U7-01A-22R-A352-07,1.0000391304213712,1
TCGA-VN-A88P-01A-11R-A352-07,0.9999225988765179,1
TCGA-XX-A899-01A-11R-A36F-07,0.9966492079604222,1
TCGA-E2-A14X-01A-11R-A115-07,1.0011418096100217,0
TCGA-E2-A14U-01A-11R-A22K-07,0.9988972198192763,1
TCGA-CJ-6031-01A-11R-1672-07,0.9999625596983341,1
TCGA-38-4627-01A-01R-1206-07,0.9993514518144709,1
TCGA-V1-A9OT-01A-11R-A41O-07,1.0013307263804074,1
TCGA-VR-A8ET-01A-11R-A406-31,1.0018248699414474,1
TCGA-A2-A1G6-01A-11R-A13Q-07,1.0013715967958174,1
TCGA-B0-5110-01A-01R-1420-07,1.0026410610798833,1
TCGA-A4-7585-01A-11R-2139-07,1.0002113734983544,1
TCGA-F2-7276-01A-11R-2156-07,0.9977776545892605,0
TCGA-BP-5168-01A-01R-1420-07,1.0018012051839238,1
TCGA-D5-6540-01A-11R-1723-07,0.996179353065869,1
TCGA-A6-6652-01A-11R-1774-07,0.9993621677245613,1
TCGA-96-8170-01A-11R-2296-07,0.9953350794566178,1
TCGA-36-1577-01A-01R-1566-13,1.000967986383669,0
TCGA-44-8120-01A-11R-2241-07,0.9978553378226647,1
TCGA-D5-6532-01A-11R-1723-07,0.9999264693012452,1
TCGA-AR-A2LK-01A-11R-A180-07,1.0010680793146338,0
TCGA-B6-A0X7-01A-11R-A10J-07,1.0009864103058996,1
TCGA-DD-AADQ-01A-11R-A41C-07,1.0022158922966111,0
TCGA-24-1416-01A-01R-1565-13,0.9996841667205594,1
TCGA-53-7626-01A-12R-2066-07,0.9991439035722043,1
TCGA-G9-6370-01A-11R-1789-07,1.000017354229399,1
TCGA-A2-A0CX-01A-21R-A00Z-07,0.9999486421501421,1
TCGA-G9-6498-01A-12R-A311-07,0.9998459631534262,0
TCGA-EB-A24D-01A-11R-A18T-07,1.0014319703865078,1
TCGA-P4-A5EB-01A-11R-A28H-07,1.0026255706243574,1
TCGA-55-6970-01A-11R-1949-07,1.0007205915756114,1
TCGA-AD-6963-01A-11R-1928-07,0.999556427800485,1
TCGA-97-A4M3-01A-11R-A24X-07,0.9986477503675559,0
TCGA-23-2084-01A-02R-1568-13,0.9996540986868327,1
TCGA-E9-A228-01A-31R-A157-07,1.002590606547134,1
TCGA-BF-A5EQ-01A-21R-A27Q-07,0.998216701515948,1
TCGA-43-6773-01A-41R-1949-07,0.9973932080334819,1
TCGA-S3-AA17-01A-11R-A41B-07,1.0003391205004732,1
TCGA-D8-A143-01A-11R-A115-07,1.0004264443492228,1
TCGA-2Y-A9H7-01A-11R-A39D-07,1.0013910299181612,1
TCGA-91-6849-01A-11R-1949-07,1.000622015053974,1
TCGA-B0-4818-01A-01R-1503-07,1.001879483867286,1
TCGA-DM-A280-01A-12R-A16W-07,0.9990686667186827,1
TCGA-EW-A1PH-01A-11R-A14M-07,1.0021612297893745,1
TCGA-VN-A88R-01A-11R-A36G-07,1.0008902429485227,1
TCGA-91-6829-01A-21R-1858-07,0.9993666423558636,0
TCGA-30-1857-01A-02R-1569-13,0.9981678577807278,0
TCGA-V1-A8WS-01A-11R-A37L-07,0.9997907340752411,1
TCGA-D8-A27H-01A-11R-A16F-07,1.0001083387640717,0
TCGA-56-8304-01A-11R-2326-07,0.9981232848308955,1
TCGA-43-5670-01A-21R-2125-07,0.9980717784095253,0
TCGA-OL-A66P-01A-11R-A31O-07,0.9989795830444786,0
TCGA-78-7150-01A-21R-2039-07,1.0005166812877164,1
TCGA-C8-A12L-01A-11R-A115-07,1.000519209760884,1
TCGA-IB-AAUT-01A-11R-A37L-07,0.9971094787376361,0
TCGA-B6-A0IN-01A-11R-A034-07,0.998045572043909,0
TCGA-O8-A75V-01A-11R-A32O-07,1.0011557505643378,1
TCGA-DD-AAE6-01A-11R-A41C-07,1.0024436125007834,1
TCGA-L5-A8NR-01A-11R-A37I-31,0.9984458146968009,0
TCGA-KK-A8IG-01A-11R-A36G-07,0.998599331748266,0
TCGA-L9-A8F4-01A-11R-A39D-07,0.9978789944981439,1
TCGA-13-0887-01A-01R-1564-13,1.0005042031084488,1
TCGA-BH-A1FR-01A-11R-A13Q-07,1.0019102684290275,1
TCGA-BP-4981-01A-01R-1334-07,0.9999523089835234,0
TCGA-DV-5574-01A-01R-1541-07,1.00059428284784,1
TCGA-AA-3696-01A-01R-0905-07,0.9992488527218852,1
TCGA-DD-A115-01A-11R-A131-07,1.0001985304048986,1
TCGA-98-A53B-01A-11R-A262-07,0.9978461608880173,1
TCGA-FB-A5VM-01A-11R-A32O-07,0.9975548457526648,1
TCGA-AK-3425-01A-02R-1277-07,1.0001734803327347,1
TCGA-CW-5581-01A-02R-1541-07,1.0030256735913814,1
TCGA-5P-A9K4-01A-11R-A42S-07,0.9991914093141688,1
TCGA-HE-A5NK-01A-11R-A26U-07,1.0006301455728863,1
TCGA-B9-A8YI-01A-21R-A37K-07,1.0013918377160822,1
TCGA-HZ-8001-01A-11R-2204-07,0.9957996344087136,1
TCGA-AC-A2FF-01A-11R-A17B-07,1.0011410908928524,1
TCGA-EJ-5512-01A-01R-1580-07,1.0018819116393576,1
TCGA-68-8251-01A-11R-2296-07,0.9979500417304206,0
TCGA-C8-A27B-01A-11R-A169-07,1.0021035339543456,0
TCGA-GF-A769-01A-32R-A32P-07,0.9993232390889776,1
TCGA-ZP-A9CZ-01A-11R-A38B-07,1.000212244781749,1
TCGA-24-1845-01A-01R-1567-13,1.0000832834735904,1
TCGA-29-A5NZ-01A-11R-A406-31,1.000870776988865,1
TCGA-5P-A9KC-01A-11R-A42S-07,1.0008805793470572,1
TCGA-ZG-A9LY-01A-11R-A41O-07,0.9992261905970118,1
TCGA-13-0890-01A-01R-1564-13,0.9987556216181663,1
TCGA-EW-A1J3-01A-11R-A13Q-07,1.0035526139669297,0
TCGA-ED-A4XI-01A-11R-A266-07,1.0004154782009742,1
TCGA-23-1027-01A-02R-1564-13,0.9993433208755543,0
TCGA-A2-A0CV-01A-31R-A115-07,0.9997441291702535,1
TCGA-B0-5703-01A-11R-1541-07,0.9996777474457036,1
TCGA-BH-A18P-01A-11R-A12D-07,1.0027770009918107,1
TCGA-60-2703-01A-11R-2045-07,0.9999270559945863,1
TCGA-DD-AAD6-01A-11R-A41C-07,1.0019032526096365,1
TCGA-5P-A9KA-01A-11R-A42S-07,0.9995632546780371,1
TCGA-IB-7652-01A-11R-2156-07,0.9995190129650704,1
TCGA-97-A4M0-01A-11R-A24X-07,0.9993126621901824,1
TCGA-LN-A4A9-01A-11R-A28J-31,1.000171325784941,0
TCGA-58-A46M-01A-11R-A24H-07,0.9985756873677036,0
TCGA-DD-AADM-01A-11R-A41C-07,1.0019479398154947,1
TCGA-K7-A6G5-01A-11R-A311-07,1.0012076543172057,1
TCGA-55-8204-01A-11R-2241-07,0.9981258358701781,0
TCGA-B4-5834-01A-11R-1672-07,1.0024329688327835,0
TCGA-69-7764-01A-11R-2170-07,1.0005237515813954,1
TCGA-A3-3380-01A-01R-0864-07,1.0020627117003291,1
TCGA-MF-A522-01A-11R-A262-07,0.9998845666996027,1
TCGA-FB-AAPY-01A-11R-A41B-07,0.9953432953525462,1
TCGA-HC-8260-01A-11R-2263-07,1.000723724255354,0
TCGA-35-3615-01A-01R-0946-07,1.001875393432556,1
TCGA-BF-AAOX-01A-11R-A39D-07,0.999555304764351,1
TCGA-49-4510-01A-01R-1206-07,1.0005808694797003,1
TCGA-55-7726-01A-11R-2170-07,1.0017002173088716,0
TCGA-D5-6536-01A-11R-1723-07,0.9971747396152059,1
TCGA-43-A56U-01A-11R-A26W-07,0.9988019751904187,1
TCGA-EP-A3JL-01A-11R-A213-07,1.000279616004023,0
TCGA-HC-8258-01A-11R-2263-07,1.00026369756884,1
TCGA-Z6-A9VB-01A-21R-A37I-31,0.9980875858724142,1
TCGA-V1-A9O5-01A-11R-A41O-07,0.9978880733408539,1
TCGA-77-8146-01A-11R-2247-07,0.9974121227462709,1
TCGA-EU-5906-01A-11R-1672-07,1.00270015510991,1
TCGA-34-2608-01A-02R-0851-07,0.9974225080940684,1
TCGA-LD-A7W6-01A-81R-A352-07,0.9996140999748215,0
TCGA-B8-4143-01A-01R-1188-07,1.000749784622208,1
TCGA-BQ-5883-01A-11R-1592-07,1.0010604720035892,0
TCGA-V5-AASV-01A-11R-A38D-31,0.9998468230710451,1
TCGA-A7-A0D9-01A-31R-A056-07,1.0020771820099712,1
TCGA-A6-2676-01A-01R-0826-07,0.9994402555314986,1
TCGA-DM-A1D7-01A-11R-A155-07,0.9984284540289662,1
TCGA-B6-A3ZX-01A-11R-A239-07,0.9996184487297539,1
TCGA-05-4402-01A-01R-1206-07,0.9983066166487659,1
TCGA-AA-3555-01A-01R-0821-07,0.9990009864056539,1
TCGA-G3-A7M7-01A-12R-A352-07,1.002269618100394,1
TCGA-A3-3351-01A-02R-1325-07,1.002960834126006,1
TCGA-EB-A4IQ-01A-12R-A266-07,0.9987979920242472,0
TCGA-CJ-4907-01A-01R-1426-07,1.0014336100630463,1
TCGA-B8-5163-01A-01R-1420-07,1.0016799949964181,1
TCGA-AQ-A1H3-01A-31R-A13Q-07,1.0014046387956028,1
TCGA-52-7811-01A-11R-2125-07,0.9959285920131367,1
TCGA-AR-A250-01A-31R-A169-07,1.002434222123596,1
TCGA-J9-A8CK-01A-11R-A352-07,0.9986235974286329,1
TCGA-A2-A04U-01A-11R-A115-07,1.0011923499397914,1
TCGA-77-6843-01A-11R-1949-07,0.9988554912553973,1
TCGA-EW-A6SD-01A-12R-A33J-07,0.9992725050190561,1
TCGA-BH-A0B5-01A-11R-A12P-07,1.0003487626304002,1
TCGA-29-2425-01A-01R-1569-13,1.0004092211781022,0
TCGA-AA-3972-01A-01R-1022-07,0.9998205586928407,1
TCGA-B6-A0IK-01A-12R-A056-07,1.0014966412870052,1
TCGA-V1-A8MJ-01A-11R-A36G-07,0.9988516941673375,1
TCGA-B0-5707-01A-11R-1541-07,0.999736719977669,1
TCGA-13-1409-01A-01R-1565-13,1.0006672261422724,1
TCGA-HC-7817-01B-11R-A29R-07,0.9974320385771284,1
TCGA-LN-A4MR-01A-11R-A28J-31,1.0000259812663237,1
TCGA-CM-4747-01A-01R-1410-07,0.9992879319891085,1
TCGA-BP-5192-01A-01R-1426-07,1.0021493179264869,1
TCGA-CC-A7IF-01A-11R-A33J-07,1.0006708645166484,1
TCGA-75-6212-01A-11R-1755-07,0.999096095726952,1
TCGA-61-2095-01A-01R-1568-13,0.9971115886623358,1
TCGA-BP-4992-01A-01R-1334-07,1.0011344971602287,1
TCGA-KK-A6E7-01A-11R-A31N-07,1.0008579303571092,1
TCGA-24-1469-01A-01R-1566-13,0.9990938229648285,0
TCGA-DD-A73B-01A-12R-A32O-07,1.0028713119463775,1
TCGA-LN-A9FQ-01A-31R-A38D-31,0.9996863449290457,1
TCGA-J2-A4AG-01A-11R-A24H-07,0.9998633034442996,1
TCGA-G6-A8L8-01A-21R-A37O-07,1.0004562041322034,1
TCGA-A2-A0CS-01A-11R-A115-07,0.9998189697868543,1
TCGA-DD-AACA-01A-11R-A41C-07,1.0016970506972382,1
TCGA-A2-A0CZ-01A-11R-A034-07,0.9979710028824361,1
TCGA-23-1110-01A-01R-1564-13,1.0017272266740962,1
TCGA-E2-A150-01A-11R-A12D-07,1.0011671232207053,1
TCGA-A6-6142-01A-11R-1774-07,0.9966801472775432,1
TCGA-AO-A124-01A-11R-A10J-07,1.0025551247349285,1
TCGA-NC-A5HJ-01A-11R-A26W-07,0.9992690323458308,1
TCGA-85-8352-01A-31R-2326-07,1.000229072390522,0
TCGA-B8-5545-01A-01R-1672-07,1.0006067829186505,0
TCGA-DD-A118-01A-11R-A131-07,1.0020548515419676,1
TCGA-NJ-A4YP-01A-11R-A262-07,0.9969653886044082,0
TCGA-94-7557-01A-11R-2125-07,0.999224516988582,1
TCGA-78-7156-01A-11R-2039-07,1.0022285029197116,0
TCGA-BH-A0HP-01A-12R-A084-07,1.001020351373512,1
TCGA-B1-A656-01A-11R-A31O-07,0.9998219312925604,1
TCGA-39-5037-01A-01R-1443-07,0.9999641146724298,1
TCGA-CJ-4892-01A-01R-1305-07,1.0009063829082903,1
TCGA-55-1592-01A-01R-0946-07,0.9987361495110503,1
TCGA-E2-A1L7-01A-11R-A144-07,0.9997293064067759,0
TCGA-49-4512-01A-21R-1858-07,0.9966683965720619,1
TCGA-A1-A0SH-01A-11R-A084-07,1.0015696846079605,1
TCGA-G9-6339-01A-12R-A311-07,0.9998920207698494,1
TCGA-67-3771-01A-01R-0946-07,1.000810122511857,1
TCGA-J7-6720-01A-11R-2139-07,0.9997665428261188,0
TCGA-C8-A12O-01A-11R-A115-07,0.99987712248055,1
TCGA-CH-5741-01A-11R-1580-07,1.0023583110105634,1
TCGA-EJ-A8FU-01A-11R-A36G-07,0.9991884966444291,0
TCGA-B0-4849-01A-01R-1277-07,1.000929694117401,1
TCGA-HC-A76W-01A-11R-A33R-07,0.998821235369576,1
TCGA-CC-A8HT-01A-11R-A36F-07,1.0003511641326206,1
TCGA-G4-6320-01A-11R-1723-07,0.9966978060903613,0
TCGA-BP-4763-01A-01R-1289-07,1.0041585576358996,1
TCGA-A8-A097-01A-11R-A034-07,1.0004339470008676,1
TCGA-73-4662-01A-01R-1206-07,1.001129812370118,1
TCGA-RC-A7SH-01A-11R-A38B-07,1.00066886076593,0
TCGA-09-1661-01B-01R-1566-13,0.9989806940402642,1
TCGA-66-2766-01A-01R-0851-07,0.9997477211523856,1
TCGA-A2-A3XZ-01A-42R-A239-07,0.9979471389118753,1
TCGA-36-1581-01A-01R-1566-13,1.000072037113597,1
TCGA-CH-5789-01A-11R-1580-07,1.0022860065291699,0
TCGA-BH-A1F0-01A-11R-A137-07,1.0007318120857582,0
TCGA-91-6847-01A-11R-1949-07,1.0014159775200795,1
TCGA-52-7809-01A-21R-2125-07,0.9994303544067965,0
TCGA-BD-A3ER-01A-11R-A213-07,1.0011832288285778,1
TCGA-13-1511-01A-01R-1565-13,0.9988533765323845,1
TCGA-21-1079-01A-01R-0692-07,0.9993233459375318,1
TCGA-BH-A18V-01A-11R-A12D-07,1.0020300057357223,1
TCGA-F4-6569-01A-11R-1774-07,0.9956444299393206,1
TCGA-66-2781-01A-01R-0851-07,0.9968938470432736,0
TCGA-G3-A5SK-01A-11R-A27V-07,1.0038028069341323,1
TCGA-AC-A62V-01A-11R-A31O-07,1.0008152742663976,1
TCGA-BP-5195-01A-02R-1426-07,1.0012952467573561,0
TCGA-A8-A0A1-01A-11R-A00Z-07,1.0024901440691034,1
TCGA-38-4629-01A-02R-1206-07,0.9990966167456654,1
TCGA-AC-A5EH-01A-11R-A28M-07,0.9976589330501413,0
TCGA-M7-A721-01A-12R-A32O-07,0.9996188788985657,1
TCGA-23-1028-01A-01R-1564-13,1.0002875173363113,1
TCGA-AZ-5407-01A-01R-1723-07,0.9999235321308045,1
TCGA-56-8625-01A-11R-2403-07,0.9985698920018111,1
TCGA-NC-A5HM-01A-12R-A26W-07,0.9986792566756295,1
TCGA-58-A46L-01A-11R-A24H-07,0.9998670250065373,1
TCGA-B6-A0IH-01A-11R-A115-07,1.0009998006879202,1
TCGA-77-A5FZ-01A-31R-A27Q-07,0.9978486948340702,1
TCGA-CK-4947-01B-11R-1653-07,0.9992246997829625,1
TCGA-AC-A2QI-01A-12R-A19W-07,1.000725969233045,1
TCGA-G3-AAV4-01A-11R-A38B-07,1.00353122374068,1
TCGA-93-7347-01A-11R-2187-07,0.9967523729493835,1
TCGA-LL-A73Z-01A-11R-A32P-07,0.9976837322095745,1
TCGA-AC-A2BK-01A-11R-A21T-07,1.0024870518887148,1
TCGA-25-1315-01A-01R-1565-13,1.0008716209078312,1
TCGA-A2-A0T2-01A-11R-A084-07,1.0004649585600789,1
TCGA-P4-A5E7-01A-31R-A28H-07,0.9990438603172143,1
TCGA-E2-A574-01A-11R-A29R-07,1.000907859492837,1
TCGA-09-2051-01A-01R-1568-13,0.999527785580753,1
TCGA-S3-A6ZH-01A-22R-A32P-07,1.0012311165779602,1
TCGA-AA-3548-01A-01R-1873-07,0.9998103769363893,1
TCGA-B9-A8YH-01A-11R-A37K-07,1.0001202258716897,1
TCGA-AA-3971-01A-01R-1022-07,0.9977579112815851,1
TCGA-BP-5169-01A-01R-1426-07,0.9984973116869813,0
TCGA-A2-A3XW-01A-11R-A239-07,0.9990888364914342,1
TCGA-AU-3779-01A-01R-1723-07,0.9985267317310477,1
TCGA-21-1071-01A-01R-0692-07,0.9990685645030056,1
TCGA-2L-AAQE-01A-11R-A39D-07,0.9951937312390976,1
TCGA-78-7143-01A-11R-2039-07,0.9988931687893228,1
TCGA-CM-5863-01A-21R-1839-07,0.9950765830273166,1
TCGA-85-8288-01A-11R-2296-07,0.997065837947513,1
TCGA-CC-5259-01A-31R-A213-07,1.0014858903504467,0
TCGA-22-5480-01A-01R-1635-07,0.9998276826207989,1
TCGA-DW-7963-01B-11R-A28H-07,0.9990707416169146,1
TCGA-A1-A0SN-01A-11R-A144-07,0.9999654811246907,1
TCGA-V1-A8X3-01A-11R-A37L-07,1.0023597328662537,1
TCGA-E9-A22D-01A-11R-A157-07,1.0008911507729665,1
TCGA-B0-5075-01A-01R-1334-07,1.002622463119889,1
TCGA-AK-3433-01A-02R-1277-07,1.00366193595224,0
TCGA-BP-4331-01A-01R-1289-07,1.0005071928185918,1
TCGA-ES-A2HT-01A-12R-A180-07,1.0036735165782622,1
TCGA-29-1766-01A-01R-1567-13,0.9998420321069527,0
TCGA-HZ-7926-01A-11R-2156-07,0.9980412539371362,1
TCGA-4L-AA1F-01A-11R-A41O-07,0.9973479838102579,1
TCGA-Q2-A5QZ-01A-11R-A28H-07,1.0008567088090337,1
TCGA-49-4490-01A-21R-1858-07,0.9965202368010694,1
TCGA-2Y-A9H2-01A-12R-A38B-07,0.9994219217845965,0
TCGA-24-1923-01A-01R-1567-13,0.9995034870630719,1
TCGA-22-4595-01A-01R-1201-07,0.9990532485052475,1
TCGA-44-6147-01B-06R-A277-07,1.0062817679996887,1
TCGA-3A-A9I5-01A-11R-A38C-07,0.9968902841947195,1
TCGA-50-5933-01A-11R-1755-07,1.000240012014351,1
TCGA-BP-4995-01A-01R-1334-07,1.0030080530887626,1
TCGA-A2-A1FV-01A-11R-A13Q-07,1.0051030529162128,1
TCGA-CZ-4866-01A-01R-1503-07,1.0038373419371214,1
TCGA-F4-6570-01A-11R-1774-07,0.9967927070220004,0
TCGA-BH-A0EI-01A-11R-A115-07,1.001534805907753,1
TCGA-AA-3713-01A-21R-1723-07,0.9974770443049308,0
TCGA-NI-A4U2-01A-11R-A28V-07,1.003445950709465,1
TCGA-DD-AADY-01A-11R-A41C-07,1.0031502813462947,1
TCGA-05-4405-01A-21R-1858-07,0.9982176395685475,0
TCGA-EJ-8469-01A-11R-2403-07,1.0020977425467574,0
TCGA-CK-5914-01A-11R-1653-07,1.000420323893923,1
TCGA-61-2104-01A-01R-1568-13,0.999490521796982,1
TCGA-95-7562-01A-11R-2241-07,1.0001208530643846,1
TCGA-NK-A5CR-01A-11R-A26W-07,0.9991942497418179,0
TCGA-DD-AACU-01A-11R-A41C-07,1.0007053047114314,0
TCGA-DD-A119-01A-11R-A131-07,1.0028183066289136,1
TCGA-GM-A3NW-01A-21R-A22K-07,1.0005591611515101,1
TCGA-50-8459-01A-11R-2326-07,0.9975917888253371,1
TCGA-AO-A12C-01A-11R-A10J-07,1.0012642319144134,1
TCGA-CK-4950-01A-01R-1723-07,0.9985490950363649,1
TCGA-55-6987-01A-11R-1949-07,0.9975305143976702,1
TCGA-G3-A7M6-01A-11R-A33R-07,0.9977871774102808,1
TCGA-EW-A3E8-01B-11R-A24H-07,0.9990229746910206,1
TCGA-AO-A0JB-01A-11R-A32Y-07,0.9983938883778177,1
TCGA-EJ-A8FO-01A-21R-A36G-07,1.0010695675195247,1
TCGA-CM-6168-01A-11R-1653-07,0.9965281849456056,1
TCGA-J4-8198-01A-11R-2263-07,1.0016564386020304,0
TCGA-YL-A8SA-01A-21R-A37L-07,1.0023822548852548,1
TCGA-CJ-5679-01A-11R-1541-07,0.9986983340604064,0
TCGA-LL-A7SZ-01A-32R-A352-07,1.0000024482780598,1
TCGA-CM-6677-01A-11R-1839-07,0.9992354178822072,1
TCGA-BP-4973-01A-01R-1334-07,1.002643114506577,1
TCGA-2L-AAQJ-01A-12R-A39D-07,0.9953687322304412,1
TCGA-09-0367-01A-01R-1564-13,0.999073457262771,1
TCGA-BQ-7044-01A-11R-1965-07,0.9993698352373481,1
TCGA-B0-4813-01A-01R-1277-07,0.9997814181292983,1
TCGA-24-1104-01A-01R-1565-13,1.0005216046956416,1
TCGA-HC-A6HY-01A-11R-A31N-07,1.0006543455786256,1
TCGA-L5-A8NK-01A-21R-A37I-31,0.9988275653091114,1
TCGA-31-1953-01A-01R-1568-13,0.9974808978909969,0
TCGA-BH-A8FY-01A-11R-A36F-07,0.999799927008541,1
TCGA-B0-5107-01A-01R-1420-07,0.9994230032267998,1
TCGA-09-1673-01A-01R-1566-13,1.0008010316287987,0
TCGA-CH-5764-01A-21R-1580-07,1.002882158111146,1
TCGA-2H-A9GN-01A-11R-A37I-31,1.0000803401556912,1
TCGA-23-1024-01A-02R-1564-13,1.0007167426224226,1
TCGA-B8-5549-01A-01R-1541-07,1.0028230899309662,1
TCGA-GL-8500-01A-11R-2404-07,1.001967538218985,1
TCGA-KK-A8IM-01A-11R-A36G-07,1.000048479624632,1
TCGA-BH-A0BQ-01A-21R-A115-07,0.9978748427670946,1
TCGA-G3-A6UC-01A-21R-A33J-07,1.0029582399782107,1
TCGA-20-1687-01A-01R-1566-13,0.9998230138293406,1
TCGA-AC-A2QH-01A-11R-A18M-07,1.004089748139278,1
TCGA-DM-A28M-01A-12R-A16W-07,0.9998879248622337,1
TCGA-13-0899-01A-01R-1564-13,0.9995256533445062,0
TCGA-2Y-A9GW-01A-11R-A38B-07,0.9997173722323414,1
TCGA-2A-A8VT-01A-11R-A37L-07,1.0019662352521974,1
TCGA-D5-6922-01A-11R-1928-07,0.9966493787144542,1
TCGA-24-1847-01A-01R-1566-13,0.9996718148376659,1
TCGA-AC-A2FO-01A-11R-A180-07,1.000140157026627,0
TCGA-UB-A7MC-01A-11R-A33R-07,1.0013883722848926,1
TCGA-MP-A4TK-01A-11R-A24X-07,0.997665508594958,1
TCGA-04-1542-01A-01R-1566-13,1.0008350565588455,1
TCGA-EW-A1P8-01A-11R-A144-07,0.9997258179894667,1
TCGA-G7-7501-01A-11R-2204-07,1.000390854593886,1
TCGA-A2-A0D0-01A-11R-A00Z-07,0.9995639475453596,1
TCGA-HC-7079-01A-11R-1965-07,0.9995821317551995,1
TCGA-KK-A8IA-01A-11R-A36G-07,0.9990850240792948,1
TCGA-D5-6529-01A-11R-1774-07,0.9953233609138776,0
TCGA-G4-6304-01A-11R-1928-07,0.9990028870115538,1
TCGA-BH-A0HB-01A-11R-A056-07,0.9990368714422471,0
TCGA-CJ-4882-01A-02R-1426-07,0.9981011360626955,0
TCGA-24-1435-01A-01R-1566-13,0.9990826298191099,1
TCGA-AA-3492-01A-01R-1410-07,1.0004970664655692,1
TCGA-IZ-8196-01A-11R-2404-07,1.0009242113805632,0
TCGA-UB-A7ME-01A-11R-A33J-07,0.9997687516827646,1
TCGA-6A-AB49-01A-12R-A405-07,0.9987944477835042,1
TCGA-63-7021-01A-11R-1949-07,0.9964871459653176,1
TCGA-A2-A0EN-01A-13R-A084-07,0.9986599549025413,1
TCGA-A8-A0A2-01A-11R-A034-07,1.0029370336409185,1
TCGA-DD-AACX-01A-11R-A41C-07,1.0007142090963739,1
TCGA-E2-A14O-01A-31R-A115-07,1.0024185773326948,1
TCGA-AA-3695-01A-01R-0905-07,1.000276539822287,1
TCGA-A2-A0EM-01A-11R-A034-07,1.002753301207819,1
TCGA-AA-3549-01A-02R-0821-07,0.9982112161699517,0
TCGA-ED-A7XP-01A-11R-A352-07,1.0003091498841108,1
TCGA-97-7938-01A-11R-2170-07,1.0015067978681829,1
TCGA-23-1122-01A-01R-1565-13,0.9991117521381973,1
TCGA-AA-A01I-01A-02R-A089-07,1.0019908380623201,1
TCGA-ZS-A9CG-01A-11R-A37K-07,1.00243535459092,1
TCGA-A7-A0DA-01A-31R-A115-07,1.0000642940749882,1
TCGA-29-1701-01A-01R-1567-13,1.0008649921487396,0
TCGA-LN-A4A6-01A-11R-A260-31,1.0006120091044357,1
TCGA-2H-A9GQ-01A-11R-A37I-31,1.001944221116984,1
TCGA-B8-4620-01A-02R-1325-07,1.0015426036752182,1
TCGA-B0-4718-01A-01R-1277-07,1.0003080607798678,1
TCGA-AA-3861-01A-01R-1022-07,0.9998197793539251,1
TCGA-D5-6932-01A-11R-1928-07,0.9983403686091036,1
TCGA-55-8091-01A-11R-2241-07,0.9971990676864694,1
TCGA-64-1681-01A-11R-2066-07,0.9975657400788273,1
TCGA-VR-AA7I-01A-11R-A406-31,0.9997364634266165,1
TCGA-AZ-4308-01A-01R-1410-07,0.9990476909171605,0
TCGA-13-1403-01A-01R-1565-13,0.9980539396660538,0
TCGA-AL-3471-01A-02R-1351-07,1.0019816950595637,1
TCGA-23-2078-01A-01R-1568-13,0.9981760200423769,1
TCGA-25-2409-01A-01R-1569-13,0.9996173427868495,1
TCGA-BH-A0W7-01A-11R-A115-07,0.9989922050333545,1
TCGA-DM-A1D6-01A-21R-A155-07,0.9991480695327561,1
TCGA-13-1512-01A-01R-1565-13,1.001014720868762,1
TCGA-23-1111-01A-01R-1567-13,0.9986586803947591,0
TCGA-43-6647-01A-11R-1820-07,0.9979108116661222,0
TCGA-85-7698-01A-11R-2125-07,0.9973877333786881,1
TCGA-MW-A4EC-01A-11R-A266-07,1.0015308982674034,1
TCGA-58-A46J-01A-11R-A24H-07,0.9971500142124448,0
TCGA-DD-AAVX-01A-11R-A41C-07,1.0028859683341314,1
TCGA-29-1777-01A-01R-1567-13,1.0005656975461188,0
TCGA-A2-A3XX-01A-21R-A239-07,1.0000109925471268,1
TCGA-55-7725-01A-11R-2170-07,1.0028459889045038,1
TCGA-BH-A0DP-01A-21R-A056-07,0.9985027648702367,0
TCGA-PD-A5DF-01A-11R-A27V-07,1.0005068414593334,1
TCGA-77-7465-01A-11R-2045-07,1.0003973990705388,1
TCGA-A6-5659-01A-01R-A278-07,1.0026621721889655,1
TCGA-A8-A08G-01A-11R-A00Z-07,1.000863700967732,0
TCGA-39-5029-01A-01R-1443-07,0.9984486489769916,1
TCGA-DD-AAVQ-01A-11R-A41C-07,1.0011087308146183,1
TCGA-BH-A0DK-01A-21R-A056-07,0.9997308858815728,1
TCGA-AC-A2QJ-01A-12R-A19W-07,0.9991440852720075,0
TCGA-BP-4799-01A-01R-1305-07,1.0038675785357258,1
TCGA-18-3415-01A-01R-0980-07,0.9992610612151749,0
TCGA-22-A5C4-01A-12R-A27Q-07,0.9976350607429677,0
TCGA-Y8-A896-01A-11R-A36F-07,1.0001175813733467,1
TCGA-AC-A2FG-01A-11R-A17B-07,1.0018661475395494,0
TCGA-CW-5584-01A-01R-1541-07,1.0016139306992358,0
TCGA-58-8387-01A-11R-2296-07,1.0001524640318584,1
TCGA-55-7724-01A-11R-2170-07,1.000917953683118,1
TCGA-AO-A12B-01A-11R-A10J-07,1.0016346834615923,1
TCGA-KC-A7F3-01A-21R-A33R-07,0.9993491768631929,0
TCGA-49-4514-01A-21R-1858-07,0.9992466022713087,1
TCGA-A8-A09N-01A-11R-A00Z-07,1.001599658508054,1
TCGA-C8-A12W-01A-11R-A115-07,1.0002111315968092,1
TCGA-BP-4797-01A-01R-1305-07,1.0021095799784006,1
TCGA-G3-A7M9-01A-23R-A352-07,0.9986465014550521,0
TCGA-55-7815-01A-11R-2170-07,1.0043076477974515,1
TCGA-EJ-A8FP-01A-21R-A36G-07,1.000025847053341,0
TCGA-AN-A0FT-01A-11R-A034-07,1.0001955240215303,1
TCGA-A2-A25A-01A-12R-A16F-07,1.0001895607653328,1
TCGA-33-4547-01A-01R-1201-07,0.9975337521568168,1
TCGA-G9-7523-01A-11R-2263-07,0.9987180397324552,1
TCGA-KK-A8II-01A-11R-A36G-07,1.0017393801839611,0
TCGA-09-2048-01A-01R-1568-13,1.0020287684435625,1
TCGA-B0-4824-01A-01R-1277-07,1.0016900213229176,1
TCGA-BH-A0DH-01A-11R-A084-07,1.0026715910251582,1
TCGA-55-8615-01A-11R-2403-07,0.9976852284965093,1
TCGA-78-8648-01A-11R-2403-07,0.9972408312768166,1
TCGA-05-4426-01A-01R-1206-07,0.9965726149258383,1
TCGA-CW-6087-01A-11R-1672-07,1.0010241703531144,1
TCGA-BH-A2L8-01A-11R-A18M-07,0.9967514228564356,0
TCGA-64-1680-01A-02R-0946-07,0.9995339725506889,0
TCGA-ER-A19T-01A-11R-A18T-07,1.0010279111977363,1
TCGA-IB-7891-01A-11R-2204-07,0.9985158417831939,1
TCGA-SX-A7SN-01A-11R-A355-07,0.9985913708888086,1
TCGA-EJ-7793-01A-31R-2263-07,1.001689064662507,1
TCGA-23-1118-01A-01R-1564-13,1.0000208903880976,1
TCGA-AQ-A54N-01A-11R-A266-07,1.0012273639475586,1
TCGA-DD-AAW1-01A-11R-A41C-07,1.002795028677121,1
TCGA-L5-A43E-01A-11R-A24K-31,0.9990841928752499,0
TCGA-AA-A00O-01A-02R-A089-07,0.9976355047212777,1
TCGA-24-2261-01A-01R-1568-13,0.9990880140440062,0
TCGA-AA-3688-01A-01R-0905-07,0.9998972031725498,1
TCGA-UZ-A9PV-01A-11R-A42S-07,1.000400979432327,1
TCGA-37-A5EN-01A-21R-A26W-07,0.9978606268193506,0
TCGA-09-2053-01C-01R-1568-13,0.9999406316147098,1
TCGA-EW-A1J5-01A-11R-A13Q-07,1.0023820042270921,1
TCGA-IB-AAUQ-01A-22R-A41I-07,0.9954409349161617,1
TCGA-A2-A0SX-01A-12R-A084-07,1.0001045690404402,1
TCGA-H8-A6C1-01A-11R-A32O-07,0.9946215366667384,1
TCGA-P4-AAVO-01A-11R-A42S-07,1.0012840240580552,1
TCGA-A7-A6VY-01A-12R-A33J-07,0.9989284262132168,1
TCGA-BP-5177-01A-01R-1426-07,1.0004918183882414,1
TCGA-37-4141-01A-02R-1100-07,1.0007450013201553,1
TCGA-85-8355-01A-11R-2296-07,0.9988376704451641,0
TCGA-60-2719-01A-01R-0851-07,0.999511578597212,1
TCGA-AA-A01C-01A-01R-A00A-07,0.9980748964397608,1
TCGA-G9-6329-01A-13R-1965-07,0.9980960824000918,1
TCGA-BH-A0HK-01A-11R-A056-07,1.0010196672628067,0
TCGA-34-5239-01A-21R-1820-07,0.997583166841294,1
TCGA-NC-A5HH-01A-11R-A26W-07,0.9993412937187118,0
TCGA-NC-A5HK-01A-11R-A26W-07,0.9982698290060459,0
TCGA-69-7973-01A-11R-2187-07,0.9984261280525677,0
TCGA-77-8128-01A-11R-2247-07,0.9978635427728216,1
TCGA-B0-5700-01A-11R-1541-07,1.0007506541364524,1
TCGA-IB-8126-01A-11R-2404-07,0.9985319966470371,0
TCGA-QL-A97D-01A-12R-A41B-07,1.0002970511031026,1
TCGA-XR-A8TC-01A-11R-A36F-07,1.0020190774776687,1
TCGA-63-A5MU-01A-11R-A26W-07,0.9987683191328641,1
TCGA-B8-A54F-01A-11R-A266-07,1.0018414834331075,1
TCGA-78-7220-01A-11R-2039-07,0.9998086238438334,1
TCGA-97-8176-01A-11R-2403-07,0.9976573732777329,1
TCGA-G4-6293-01A-11R-1723-07,0.9981971239094234,1
TCGA-05-5715-01A-01R-1628-07,0.9978319911670813,0
TCGA-E2-A1IF-01A-11R-A144-07,0.9978658512359863,1
TCGA-AC-A3YI-01A-21R-A239-07,0.9979479390477564,1
TCGA-2J-AAB6-01A-11R-A41B-07,0.99651421157398,0
TCGA-B1-A47N-01A-11R-A24Z-07,1.001267070827481,0
TCGA-D8-A1JL-01A-11R-A13Q-07,1.0009854267010654,1
TCGA-SS-A7HO-01A-21R-A37K-07,0.9995849393455346,1
TCGA-58-8390-01A-11R-2326-07,0.9996439552405808,1
TCGA-85-8582-01A-21R-2403-07,0.9967398082985224,0
TCGA-J9-A8CL-01A-11R-A352-07,0.9996732165709635,1
TCGA-BQ-5888-01A-11R-1592-07,0.9996657782448009,0
TCGA-GM-A2DF-01A-11R-A180-07,0.9993434756309338,1
TCGA-CJ-4891-01A-01R-1305-07,0.9992524775413314,0
TCGA-E2-A14R-01A-11R-A115-07,1.0017566318140871,1
TCGA-30-1853-01A-02R-1567-13,1.0010327163913313,1
TCGA-EV-5903-01A-11R-1592-07,0.9989099114410841,1
TCGA-G9-6353-01A-11R-1965-07,0.9998588014485693,1
TCGA-BC-A110-01A-11R-A131-07,1.0011505535121306,1
TCGA-04-1648-01A-01R-1567-13,1.0001373807590244,1
TCGA-55-6983-01A-11R-1949-07,0.9959263536029084,0
TCGA-WX-AA44-01A-11R-A39D-07,0.9983710314182153,1
TCGA-C8-A132-01A-31R-A115-07,0.9996926227488833,1
TCGA-A2-A0CU-01A-12R-A034-07,1.0004340706880832,1
TCGA-46-3769-01A-01R-0980-07,0.9997801188662465,1
TCGA-PE-A5DC-01A-12R-A27Q-07,1.0008868665980848,1
TCGA-2J-AAB9-01A-11R-A41B-07,0.9940662828646006,1
TCGA-21-1083-01A-01R-0692-07,0.9994113160067918,1
TCGA-E2-A15F-01A-11R-A115-07,1.0013974682208326,0
TCGA-BH-A1F5-01A-12R-A13Q-07,1.0055642223412493,1
TCGA-EW-A1P4-01A-21R-A144-07,1.0004286350180618,1
TCGA-29-1778-01A-01R-1567-13,0.9994252291766753,1
TCGA-30-1718-01A-01R-1567-13,0.9991452659007252,1
TCGA-86-8074-01A-11R-2241-07,0.9989092645460009,1
TCGA-A6-6782-01A-11R-1839-07,0.9967928405604101,1
TCGA-IA-A83V-01A-11R-A355-07,0.9989357117185858,1
TCGA-KK-A6E5-01A-11R-A311-07,1.0001263303283368,0
TCGA-L9-A5IP-01A-21R-A39D-07,0.9982107284085565,1
TCGA-58-8391-01A-11R-2326-07,0.9982466524299217,0
TCGA-KK-A8IK-01A-11R-A36G-07,0.9998334795012728,0
TCGA-F4-6807-01A-11R-1839-07,0.9960780937356889,0
TCGA-EJ-5516-01A-01R-1580-07,1.0045494344123056,1
TCGA-85-8350-01A-11R-2296-07,0.9950185178997911,1
TCGA-KK-A7AZ-01A-12R-A32O-07,1.0010003895704154,1
TCGA-DW-7842-01A-11R-A32Z-07,1.0006835062079125,1
TCGA-OL-A6VQ-01A-12R-A41B-07,0.9994867098048469,1
TCGA-31-1946-01A-01R-1568-13,0.9975604145410917,1
TCGA-AZ-6606-01A-11R-1839-07,0.9997994031261008,1
TCGA-DD-AAD1-01A-11R-A41C-07,0.9989713566227834,1
TCGA-A2-A0CO-01A-13R-A22K-07,0.9991065215741033,1
TCGA-CM-4750-01A-01R-1410-07,0.9992345680703508,1
TCGA-AC-A4ZE-01A-11R-A41B-07,1.0004584928929796,0
TCGA-BP-4327-01A-01R-1289-07,1.000581239866774,1
TCGA-UZ-A9PX-01A-11R-A42S-07,0.9997026501699597,1
TCGA-BH-A0B9-01A-11R-A056-07,1.0012608277795427,1
TCGA-FB-AAQ0-01A-31R-A41B-07,0.9964592506671914,0
TCGA-A8-A09K-01A-11R-A00Z-07,1.0035242589464097,1
TCGA-55-1595-01A-01R-0946-07,0.9982527678323402,1
TCGA-J4-A83K-01A-11R-A352-07,0.9991458048526768,1
TCGA-A2-A1G4-01A-11R-A13Q-07,1.0026665592540973,1
TCGA-A2-A04T-01A-21R-A034-07,1.0019289696992766,1
TCGA-V1-A8MK-01A-11R-A36G-07,0.9999531211597531,1
TCGA-AN-A03X-01A-21R-A00Z-07,1.0003983885682632,0
TCGA-97-7547-01A-11R-2039-07,1.0008048871494504,1
TCGA-AD-6889-01A-11R-1928-07,0.999339227577097,1
TCGA-KK-A7AW-01A-11R-A32O-07,1.0017013885063994,1
TCGA-AO-A03N-01B-11R-A10J-07,1.002711548563243,1
TCGA-EJ-5530-01A-01R-1580-07,1.0020380016216477,1
TCGA-P4-AAVM-01A-11R-A42S-07,1.0008584535649767,1
TCGA-66-2778-01A-02R-0851-07,1.0025364070460225,1
TCGA-HC-A6AP-01A-11R-A30B-07,0.9997715724080253,1
TCGA-Z6-AAPN-01A-11R-A406-31,0.9999335332820298,1
TCGA-CJ-4886-01A-01R-1305-07,1.0029799866166005,1
TCGA-BP-4769-01A-01R-1289-07,1.0009841051264667,1
TCGA-D8-A1XM-01A-21R-A14M-07,1.0013254319108356,1
TCGA-A7-A4SA-01A-11R-A266-07,0.9988891900014599,1
TCGA-LN-A7HZ-01A-31R-A354-31,0.9970981516335035,1
TCGA-AR-A1AO-01A-11R-A12P-07,0.9974223417183448,1
TCGA-Y6-A9XI-01A-11R-A41O-07,1.0023610748178136,1
TCGA-31-1951-01A-01R-1568-13,0.9986292559723843,1
TCGA-25-1318-01A-01R-1565-13,0.9970982041732056,0
TCGA-B0-5099-01A-01R-1420-07,1.0011831751942983,1
TCGA-CH-5794-01A-11R-1580-07,1.0008275777333293,1
TCGA-BQ-5894-01A-11R-1592-07,0.9981524724046063,1
TCGA-CZ-4863-01A-01R-1503-07,1.0010531175398611,1
TCGA-DD-AADJ-01A-11R-A41C-07,1.0016585817840484,1
TCGA-B0-4845-01A-01R-1277-07,1.0005953222761081,1
TCGA-BC-A216-01A-11R-A155-07,0.9996199942726598,1
TCGA-CJ-4871-01A-01R-1305-07,1.0022700946614496,1
TCGA-B0-5710-01A-11R-1672-07,1.0024753322513975,1
TCGA-CH-5750-01A-11R-1580-07,1.000368562436082,1
TCGA-DV-5566-01A-01R-1541-07,0.9972956050109161,0
TCGA-BC-A10X-01A-11R-A131-07,1.0018416727949506,1
TCGA-60-2721-01A-01R-0851-07,0.998320094176952,1
TCGA-F2-7273-01A-11R-2156-07,0.9985728528329444,1
TCGA-05-4389-01A-01R-1206-07,0.998944411417605,1
TCGA-A8-A083-01A-21R-A00Z-07,1.0027371375873588,1
TCGA-EJ-7317-01A-31R-2118-07,1.0009952844626868,0
TCGA-24-2023-01A-01R-1567-13,0.9998566841163978,1
TCGA-B6-A0RM-01A-11R-A084-07,1.0018014755444746,1
TCGA-56-A5DS-01A-11R-A27Q-07,0.9968499150956343,1
TCGA-CJ-5672-01A-11R-1541-07,0.9998653783425314,1
TCGA-73-7498-01A-12R-2187-07,0.9995076442670069,1
TCGA-GM-A2DH-01A-11R-A180-07,1.0019853458942922,1
TCGA-A8-A082-01A-11R-A00Z-07,1.0011415002646986,1
TCGA-DD-A4NI-01A-11R-A27V-07,1.0012855312907614,0
TCGA-G4-6626-01A-11R-1774-07,0.9996864810766138,1
TCGA-CH-5738-01A-11R-1580-07,1.0019704257134505,1
TCGA-79-5596-01A-31R-1949-07,0.9983169779158665,1
TCGA-A6-5656-01A-21R-A278-07,1.0016961082663305,1
TCGA-BP-4766-01A-01R-1289-07,1.0005554490204622,0
TCGA-XQ-A8TB-01A-11R-A36G-07,1.0006475843757017,0
TCGA-BP-4337-01A-01R-1289-07,0.9994116130571981,1
TCGA-G9-A9S4-01A-11R-A41O-07,0.999859797093752,1
TCGA-CH-5762-01A-11R-1580-07,1.0012004180678074,1
TCGA-B0-5106-01A-01R-1420-07,1.0013413974128353,1
TCGA-V1-A9OX-01A-11R-A41O-07,0.9993783615731767,1
TCGA-DD-AADU-01A-11R-A41C-07,1.0030662484709667,1
TCGA-A3-3385-01A-02R-1420-07,1.0020804985786713,1
TCGA-90-7964-01A-21R-2187-07,0.9970143402827599,1
TCGA-55-7913-01B-11R-2241-07,0.9999035521399007,1
TCGA-AN-A0AJ-01A-11R-A00Z-07,1.0011919044469002,1
TCGA-09-1670-01A-01R-1566-13,0.9993394158443633,0
TCGA-A4-7734-01A-11R-A32Z-07,0.9999016300624626,1
TCGA-55-7914-01A-11R-2170-07,1.0000284762276042,1
TCGA-77-7140-01A-41R-2045-07,1.0009612240861674,0
TCGA-VN-A943-01A-11R-A41O-07,1.0026900922423612,1
TCGA-B0-5108-01A-01R-1420-07,0.9999493788005498,0
TCGA-J9-A8CN-01A-11R-A352-07,1.001078962695025,1
TCGA-13-1485-01A-02R-1565-13,0.9965081246305669,0
TCGA-33-AASL-01A-11R-A405-07,0.9993307511718121,0
TCGA-CC-5264-01A-01R-A131-07,1.0013915257616004,1
TCGA-CK-4952-01A-01R-1723-07,0.9994289594955302,1
TCGA-04-1530-01A-02R-1569-13,0.9978271852989133,1
TCGA-80-5608-01A-31R-1949-07,0.997465542488462,1
TCGA-B1-A657-01A-11R-A31O-07,0.9998296670891335,0
TCGA-AA-3489-01A-21R-1839-07,0.9965286785998906,1
TCGA-OL-A66O-01A-11R-A31O-07,1.000715760786738,1
TCGA-5L-AAT1-01A-12R-A41B-07,0.9983904349869764,1
TCGA-55-6986-01A-11R-1949-07,0.9974631650669384,0
TCGA-FB-A4P5-01A-11R-A26U-07,0.9959994691659542,1
TCGA-AK-3428-01A-02R-1277-07,1.0031299309683168,1
TCGA-4T-AA8H-01A-11R-A41B-07,0.998425994514158,1
TCGA-L5-A88Y-01A-11R-A354-31,0.9982393516004732,1
TCGA-VN-A88K-01A-11R-A352-07,1.0018172451171685,1
TCGA-58-A46N-01A-11R-A24H-07,0.9982460931010091,1
TCGA-YL-A9WH-01A-11R-A37L-07,0.998116189781947,1
TCGA-44-6776-01A-11R-1858-07,1.0005421678415864,1
TCGA-97-A4M6-01A-11R-A24X-07,0.9984079230457625,1
TCGA-33-4583-01A-01R-1443-07,1.0004913888940026,1
TCGA-2Y-A9H9-01A-21R-A39D-07,1.0015004580774531,1
TCGA-D8-A27L-01A-11R-A16F-07,1.0000091886840186,1
TCGA-F4-6704-01A-11R-1839-07,0.9976742531716395,1
TCGA-63-A5MY-01A-11R-A26W-07,1.0001087776895001,1
TCGA-AA-3666-01A-02R-0905-07,1.0005480814218086,1
TCGA-A8-A08Z-01A-21R-A00Z-07,1.0007639773292636,1
TCGA-V1-A9Z9-01A-21R-A41O-07,0.9981970812209154,1
TCGA-3A-A9IR-01A-11R-A38C-07,1.0022368180021541,1
TCGA-24-1436-01A-01R-1566-13,0.9985922986702094,1
TCGA-BH-A0AU-01A-11R-A12P-07,1.0010447943753742,1
TCGA-G9-6379-01A-11R-A31N-07,1.0005403902483294,1
TCGA-DD-AADR-01A-11R-A41C-07,1.0017345651391716,0
TCGA-EB-A4OY-01A-11R-A266-07,1.0013514167518678,0
TCGA-63-A5MG-01A-12R-A27Q-07,0.9984288655899667,1
TCGA-BP-4341-01A-01R-1289-07,1.0006835248157238,0
TCGA-B8-5550-01A-01R-1541-07,1.0010723251793163,1
TCGA-50-5935-01A-11R-1755-07,0.9982428389232054,0
TCGA-D5-6929-01A-31R-1928-07,0.997979426748019,1
TCGA-55-A48X-01A-11R-A24H-07,0.9981435782908624,1
TCGA-BH-A0HA-01A-11R-A12P-07,0.99956126364224,1
TCGA-AD-5900-01A-11R-1653-07,0.9976466479364524,1
TCGA-50-5049-01A-01R-1628-07,0.9990141731963283,1
TCGA-BH-A0B7-01A-12R-A115-07,1.000339032934303,0
TCGA-33-AAS8-01A-11R-A405-07,0.9974155017058672,1
TCGA-BH-A0GZ-01A-11R-A056-07,0.999330309637225,0
TCGA-LN-A4A1-01A-21R-A260-31,1.000064507097524,1
TCGA-XK-AAIW-01A-11R-A41O-07,0.9999629220033639,1
TCGA-98-8021-01A-11R-2247-07,0.9979939495973631,1
TCGA-B6-A0WX-01A-11R-A109-07,0.9995352356926955,1
TCGA-EB-A82B-01A-11R-A352-07,0.9995714640065025,1
TCGA-25-1324-01A-01R-1565-13,1.0019037020608323,1
TCGA-13-1482-01A-01R-1565-13,1.0013189931881599,1
TCGA-KH-A6WC-01A-11R-A336-31,1.00091304080096,1
TCGA-KC-A7FA-01A-21R-A33R-07,1.0000877508628572,1
TCGA-B2-4098-01A-02R-1325-07,1.0018351819525773,1
TCGA-EJ-A7NH-01A-12R-A33R-07,1.000108069498098,1
TCGA-CJ-5686-01A-11R-1672-07,1.003090175927001,1
TCGA-V1-A8MU-01A-11R-A37L-07,0.9987413246717151,1
TCGA-67-3774-01A-01R-0946-07,0.9987859877968762,1
TCGA-93-8067-01A-11R-2287-07,0.9979536385108658,1
TCGA-CJ-4923-01A-01R-1426-07,0.9980894378969161,1
TCGA-G6-A8L6-01A-11R-A37O-07,0.9996189073575709,0
TCGA-EB-A5SF-01A-11R-A311-07,1.0016988589386548,1
TCGA-34-2600-01A-01R-0851-07,0.9991507085582136,1
TCGA-E9-A1NF-01A-11R-A14D-07,0.9971841354652791,1
TCGA-A8-A08L-01A-11R-A00Z-07,1.0001738524889583,1
TCGA-AO-A0J4-01A-11R-A034-07,1.0003883907007691,1
TCGA-55-8203-01A-11R-2241-07,0.9973233623923239,1
TCGA-LN-A49S-01A-11R-A24K-31,0.9994303638379862,0
TCGA-NC-A5HP-01A-11R-A26W-07,0.9971773370467324,0
TCGA-BH-A1FB-01A-11R-A13Q-07,1.0015208084554306,0
TCGA-53-A4EZ-01A-12R-A24X-07,0.9984782940839423,1
TCGA-69-7978-01A-11R-2187-07,0.9971665434216659,1
TCGA-UB-AA0U-01A-11R-A38B-07,1.0009282076816604,1
TCGA-44-7662-01A-11R-2066-07,0.9978982091250661,1
TCGA-E2-A14P-01A-31R-A12D-07,1.0007033213376741,1
TCGA-66-2770-01A-01R-0851-07,0.997768963226854,1
TCGA-GL-A4EM-01A-11R-A24Z-07,1.000106606048477,1
TCGA-A3-3357-01A-02R-1420-07,1.0030463917472743,1
TCGA-AA-A01D-01A-01R-A00A-07,0.9975875491081131,0
TCGA-39-5040-01A-21R-2125-07,1.0006149013972143,1
TCGA-2Y-A9H6-01A-11R-A39D-07,1.0007866755751824,1
TCGA-38-6178-01A-11R-1755-07,0.9969098077469605,0
TCGA-G3-A25Z-01A-11R-A16W-07,1.0013929727925646,1
TCGA-BH-A204-01A-11R-A157-07,1.0058643203634827,1
TCGA-AA-A01Z-01A-11R-A083-07,0.998396946206311,1
TCGA-FB-AAPU-01A-31R-A41B-07,0.9990765257824673,1
TCGA-18-3406-01A-01R-0980-07,1.0033084236607013,1
TCGA-HC-7742-01A-11R-2118-07,0.9999356046419617,0
TCGA-B0-4691-01A-01R-1277-07,0.9986972602802431,1
TCGA-18-3408-01A-01R-0980-07,1.0032450257534045,1
TCGA-A8-A07W-01A-11R-A00Z-07,0.9996709501217342,0
TCGA-OL-A6VR-01A-32R-A33J-07,0.9996206707213253,1
TCGA-CA-6718-01A-11R-1839-07,0.9970718241898301,0
TCGA-04-1357-01A-01R-1565-13,0.9993737161878424,1
TCGA-X4-A8KS-01A-12R-A36G-07,1.0016829838665526,1
TCGA-EW-A2FR-01A-11R-A21T-07,0.9994250095866768,1
TCGA-A8-A0A9-01A-11R-A00Z-07,0.9995071794917315,1
TCGA-J4-A83N-01A-11R-A352-07,1.0003676123431342,1
TCGA-CJ-4872-01A-01R-1305-07,0.9995109130943177,1
TCGA-B0-5081-01A-01R-1334-07,0.9983892429924833,1
TCGA-E9-A24A-01A-11R-A169-07,1.003902856756585,1
TCGA-DD-A73E-01A-12R-A32O-07,1.0016034862442733,0
TCGA-LA-A7SW-01A-11R-A405-07,0.9989319715485369,1
TCGA-C8-A12U-01A-11R-A115-07,1.0015743858167285,1
TCGA-B0-5097-01A-01R-1420-07,1.0008047678405434,0
TCGA-13-0795-01A-01R-1564-13,1.0018905824593671,1
TCGA-A7-A56D-01A-11R-A27Q-07,1.0013561293264113,1
TCGA-G3-A25S-01A-11R-A16W-07,1.0028818549132814,1
TCGA-XQ-A8TA-01A-11R-A36G-07,1.000478875013694,1
TCGA-BP-4335-01A-01R-1289-07,1.0020959813721573,1
TCGA-CC-5258-01A-01R-A131-07,1.0022939170380794,1
TCGA-HC-A48F-01A-11R-A250-07,1.002214412428333,1
TCGA-93-A4JN-01A-11R-A24X-07,0.9974929288082233,1
TCGA-DD-AADI-01A-11R-A41C-07,1.0015593660293678,1
TCGA-A8-A090-01A-11R-A00Z-07,1.001317698723421,1
TCGA-66-2785-01A-01R-0851-07,1.0002547840072762,1
TCGA-61-2097-01A-02R-1568-13,0.9987085442758634,0
TCGA-5P-A9K2-01A-11R-A42S-07,1.0011661621819863,1
TCGA-KK-A8IC-01A-11R-A36G-07,0.99824581070011,1
TCGA-A7-A26E-01A-11R-A277-07,1.0060934635179224,1
TCGA-50-5066-01A-01R-1628-07,1.0031404586111412,1
TCGA-D8-A27N-01A-11R-A16F-07,1.000838431560138,1
TCGA-78-7166-01A-12R-2066-07,0.9983864638611535,1
TCGA-E9-A1R3-01A-31R-A14M-07,1.0022471654597565,1
TCGA-97-A4M2-01A-12R-A24X-07,0.9993896645966126,1
TCGA-BQ-7056-01A-11R-1965-07,0.9998716003389356,1
TCGA-13-0724-01A-01R-1564-13,1.00074497286115,1
TCGA-BH-A0HW-01A-11R-A034-07,1.00115446115248,0
TCGA-PE-A5DE-01A-11R-A27Q-07,0.9985164503680773,1
TCGA-2L-AAQI-01A-12R-A39D-07,0.9960806572353245,1
TCGA-2A-A8VV-01A-11R-A37L-07,1.0012884636628896,0
TCGA-39-5016-01A-01R-1443-07,0.9984930303758265,1
TCGA-D5-6930-01A-11R-1928-07,0.9972563469076164,0
TCGA-D8-A27I-01A-11R-A16F-07,0.9978722731200006,0
TCGA-V1-A8ML-01A-11R-A37L-07,1.0001305324099339,1
TCGA-85-6798-01A-11R-1949-07,0.9988715968632695,0
TCGA-AA-3510-01A-01R-1410-07,0.9994194355799328,1
TCGA-98-A53A-01A-11R-A262-07,1.0001353448455648,1
TCGA-A4-A772-01A-11R-A33Z-07,0.999173337425769,1
TCGA-MP-A4TC-01A-11R-A24X-07,0.9963713583129076,1
TCGA-49-6745-01A-11R-1858-07,0.9988108894265552,0
TCGA-10-0927-01A-02R-1564-13,0.9996946904050795,1
TCGA-A2-A0CT-01A-31R-A056-07,1.001964213988245,1
TCGA-99-8025-01A-11R-2241-07,0.9968973781490909,0
TCGA-ZS-A9CE-01A-11R-A37K-07,1.0016115335753237,1
TCGA-AO-A0J6-01A-11R-A034-07,1.0004861375329432,1
TCGA-CA-6715-01A-21R-1839-07,0.9993031765847847,0
TCGA-AR-A255-01A-11R-A169-07,1.0030789565114315,1
TCGA-61-2088-01A-01R-1568-13,1.0014649999259402,1
TCGA-DD-A4NV-01A-11R-A311-07,1.0024545615558023,1
TCGA-K7-A5RF-01A-11R-A28V-07,1.0009551627380326,1
TCGA-RC-A6M6-01A-11R-A32O-07,1.000003411505933,1
TCGA-EP-A12J-01A-11R-A131-07,1.0028308312004248,1
TCGA-BH-A0BW-01A-11R-A115-07,1.0023267204200508,0
TCGA-56-A4BY-01A-11R-A24H-07,0.9979358691457577,1
TCGA-AA-3980-01A-02R-1022-07,0.9998847074800479,1
TCGA-55-8507-01A-11R-2403-07,0.9969296922550855,1
TCGA-BH-A0BS-01A-11R-A12P-07,1.0044408622123282,1
TCGA-DD-A4NH-01A-11R-A27V-07,1.000730082653895,1
TCGA-L9-A443-01A-12R-A24H-07,0.9976710208853783,1
TCGA-IB-7893-01A-11R-2204-07,0.9982578313461377,1
TCGA-C8-A26W-01A-11R-A16F-07,1.0010481558217366,0
TCGA-AA-3866-01A-01R-1022-07,0.9995234992167168,1
TCGA-AA-3966-01A-01R-1113-07,0.9972474771291381,1
TCGA-24-1425-01A-02R-1566-13,0.997449782346958,1
TCGA-J9-A52D-01A-11R-A29R-07,1.0022456593216273,1
TCGA-2Z-A9JQ-01A-11R-A42S-07,1.000915155943977,1
TCGA-AA-3941-01A-01R-1022-07,1.0002779737183258,0
TCGA-77-7337-01A-21R-2045-07,1.0006552869149563,1
TCGA-92-8063-01A-11R-2247-07,0.9984980625668917,1
TCGA-BH-A0EA-01A-11R-A115-07,1.00053591452245,1
TCGA-EJ-7330-01A-11R-2118-07,1.0010557817405925,1
TCGA-CC-A3MC-01A-11R-A22L-07,1.0005043432143212,0
TCGA-DD-AADD-01A-11R-A41C-07,1.002289517932599,1
TCGA-EJ-7314-01A-31R-2118-07,1.0004939560973738,1
TCGA-E2-A109-01A-11R-A10J-07,1.001386310101582,1
TCGA-AO-A1KR-01A-12R-A144-07,1.0007557877031863,0
TCGA-EJ-A7NK-01A-12R-A352-07,0.999989069936388,1
TCGA-56-A4ZK-01A-11R-A262-07,0.9975502671365354,0
TCGA-B0-5117-01A-01R-1420-07,1.002850003813412,1
TCGA-A2-A04R-01A-41R-A109-07,1.0014487841857824,1
TCGA-78-7152-01A-11R-2039-07,0.9977257941994736,1
TCGA-EB-A41B-01A-11R-A24X-07,0.9993772422407784,0
TCGA-50-6592-01A-11R-1755-07,0.9987140281072784,1
TCGA-E9-A1NA-01A-11R-A144-07,0.9987474575873674,1
TCGA-97-8552-01A-11R-2403-07,0.9992068439462612,1
TCGA-DD-A4NQ-01A-21R-A28V-07,1.0010357805327188,1
TCGA-QG-A5YX-01A-11R-A28H-07,1.000176904169993,1
TCGA-38-4632-01A-01R-1755-07,1.0008697506955226,1
TCGA-ZP-A9D1-01A-11R-A38B-07,1.0021510020606834,1
TCGA-E9-A1RF-01A-11R-A157-07,1.0002162607852343,0
TCGA-AA-3681-01A-01R-0905-07,0.9978761770566146,1
TCGA-BH-A0BR-01A-21R-A115-07,1.0000178960450776,1
TCGA-CA-5254-01A-21R-1839-07,0.9974570365295946,0
TCGA-18-3417-01A-01R-1443-07,0.9990269173578382,0
TCGA-86-A4P7-01A-11R-A24X-07,0.9972330663466653,1
TCGA-24-1924-01A-01R-1567-13,0.9995479564480815,0
TCGA-AO-A0JL-01A-11R-A056-07,1.001033165167954,1
TCGA-ED-A7PX-01A-51R-A352-07,0.9996827989191528,1
TCGA-29-1696-01A-01R-1567-13,1.0014105867277205,1
TCGA-AC-A8OP-01A-11R-A36F-07,0.9996269109055362,1
TCGA-BP-5202-01A-02R-1426-07,1.0019758438702377,1
TCGA-EP-A26S-01A-11R-A16W-07,1.0023961034750877,1
TCGA-77-8144-01A-11R-2247-07,0.9995465415798583,1
TCGA-60-2713-01A-01R-0851-07,0.9976302719680294,1
TCGA-AO-A03T-01A-21R-A034-07,1.000270525540969,1
TCGA-NK-A5D1-01A-11R-A26W-07,0.998327821891481,0
TCGA-NI-A8LF-01A-11R-A36F-07,1.0013080368911056,1
TCGA-B0-4693-01A-01R-1277-07,1.0017426847123128,1
TCGA-CH-5761-01A-11R-1580-07,1.001323742978326,0
TCGA-VR-A8EW-01A-11R-A36D-31,0.9983439632003943,1
TCGA-09-0364-01A-02R-1564-13,1.0005186132163486,0
TCGA-US-A77E-01A-11R-A32O-07,0.9950990492228841,0
TCGA-BP-4329-01A-02R-1289-07,1.0020668820391898,0
TCGA-E9-A2JS-01A-11R-A180-07,0.9992895086001782,1
TCGA-L5-A8NN-01A-11R-A37I-31,0.9983549264849159,0
TCGA-BP-4169-01A-02R-1289-07,0.9998731283686073,1
TCGA-DD-A3A5-01A-11R-A22L-07,1.002463783368112,1
TCGA-KK-A7B1-01A-11R-A32O-07,0.9986204559922734,0
TCGA-KR-A7K2-01A-12R-A33R-07,1.000764186393495,1
TCGA-77-A5G8-01B-11R-A27Q-07,0.9969821082700497,1
TCGA-AA-A00F-01A-01R-A002-07,0.9972699247168944,1
TCGA-BP-4340-01A-01R-1289-07,1.0035244866184525,1
TCGA-BP-4164-01A-02R-1325-07,1.0029796323936149,0
TCGA-B6-A0RU-01A-11R-A084-07,1.0000255810710987,1
TCGA-EJ-7794-01A-11R-2118-07,1.002566606849009,1
TCGA-C8-A12P-01A-11R-A115-07,1.001580485895067,1
TCGA-09-1674-01A-01R-1566-13,1.000915199307058,0
TCGA-G9-6365-01A-11R-1789-07,0.9989111286108513,1
TCGA-J4-8200-01A-11R-A29R-07,1.0022884010439235,1
TCGA-BH-A0H5-01A-21R-A115-07,0.9984672666393744,1
TCGA-66-2787-01A-01R-0980-07,0.99977219193868,1
TCGA-XK-AAIV-01A-11R-A41O-07,0.9982315757245506,0
TCGA-G9-6351-01A-21R-1965-07,1.000645201481292,1
TCGA-BP-4967-01A-01R-1334-07,1.0008097065725483,1
TCGA-39-5036-01A-01R-1443-07,0.9997846084016243,1
TCGA-2J-AAB8-01A-12R-A41B-07,0.9951678127472661,1
TCGA-ZP-A9CV-01A-11R-A38B-07,1.0022085859942769,1
TCGA-A6-5667-01A-21R-1723-07,0.9981096628185282,1
TCGA-XJ-A83F-01A-11R-A352-07,1.000468027754348,0
TCGA-BP-4160-01A-02R-1289-07,1.0030060773770455,1
TCGA-AA-A02H-01A-01R-A089-07,0.9976315127984892,1
TCGA-SU-A7E7-01A-22R-A33R-07,1.000661668299617,1
TCGA-LN-A8HZ-01A-11R-A36D-31,0.9985753360084453,1
TCGA-VP-A87C-01A-11R-A352-07,0.9992003136991112,1
TCGA-G9-6347-01A-11R-A31N-07,1.0008151323913754,1
TCGA-2L-AAQM-01A-11R-A39D-07,1.000710921661252,1
TCGA-CA-5797-01A-01R-1653-07,0.9999983863023351,1
TCGA-2J-AABA-01A-21R-A41B-07,0.9945423188361998,0
TCGA-77-8156-01A-11R-2247-07,0.9969328599612961,0
TCGA-VR-A8EZ-01A-11R-A36D-31,0.9984872477248553,1
TCGA-J9-A52C-01A-11R-A26U-07,0.9979049112208254,1
TCGA-BP-4989-01A-01R-1334-07,0.9998685766969015,1
TCGA-EB-A3Y7-01A-11R-A239-07,1.001772070824488,0
TCGA-13-1506-01A-01R-1565-13,1.000969824178668,1
TCGA-EJ-A46D-01A-21R-A32Y-07,0.9997661553458153,1
TCGA-HC-A631-01A-11R-A29R-07,1.0001355072629843,1
TCGA-69-7761-01A-11R-2170-07,0.9997630029636845,0
TCGA-61-2092-01A-01R-1568-13,1.001634868445127,1
TCGA-BH-A1FN-01A-11R-A13Q-07,1.001843664925325,1
TCGA-G3-A25X-01A-11R-A16W-07,1.0008358286557257,1
TCGA-34-8455-01A-11R-2326-07,0.9968477762919247,0
TCGA-BP-4972-01A-01R-1334-07,1.0030839466885615,1
TCGA-13-0885-01A-02R-1569-13,1.0004906467707093,1
TCGA-CJ-6027-01A-11R-1672-07,0.9999365996125718,1
TCGA-O1-A52J-01A-11R-A262-07,1.0000294306988604,1
TCGA-EB-A3XB-01A-11R-A239-07,1.001194486554347,1
TCGA-KK-A7AY-01A-11R-A33R-07,1.000730637604499,0
TCGA-AA-3930-01A-01R-1022-07,1.0001457006397798,1
TCGA-49-4506-01A-01R-1206-07,1.0019291732906224,1
TCGA-61-2000-01A-01R-1568-13,1.000967614227445,1
TCGA-Z5-AAPL-01A-12R-A41B-07,0.9999734200926056,0
TCGA-ZG-A9LU-01A-11R-A41O-07,0.9974484765164434,1
TCGA-JY-A93F-01A-21R-A37I-31,1.0014126419235638,1
TCGA-66-2800-01A-01R-1201-07,0.996627801990088,0
TCGA-66-2773-01A-01R-1201-07,0.9969694895649053,1
TCGA-C8-A27A-01A-11R-A169-07,1.002710654293729,1
TCGA-G7-A8LE-01A-11R-A36F-07,0.9996301854603012,1
TCGA-HC-7819-01A-11R-2118-07,1.0026559582746055,1
TCGA-50-5936-01A-11R-1628-07,0.9977862273173329,0
TCGA-86-8359-01A-11R-2326-07,0.9985573590936871,0
TCGA-AA-3518-01A-02R-0826-07,0.9980778200552716,0
TCGA-HC-7211-01A-11R-2118-07,1.0040044532165209,1
TCGA-BH-A0C0-01A-21R-A056-07,1.000806992021269,1
TCGA-AA-A02O-01A-21R-A16W-07,0.9984084775763624,1
TCGA-KK-A8I5-01A-11R-A36G-07,0.9998687124244656,1
TCGA-BP-5000-01A-01R-1334-07,0.9987391931100412,0
TCGA-A8-A09X-01A-11R-A00Z-07,1.0018759085583793,1
TCGA-ER-A2NF-01A-11R-A18T-07,0.9995506075138872,1
TCGA-BH-A6R8-01A-21R-A33J-07,1.0023840817344825,1
TCGA-44-2661-01A-01R-1107-07,0.9999203528042497,1
TCGA-AO-A0J2-01A-11R-A034-07,1.000993884498539,0
TCGA-IG-A5B8-01A-11R-A28J-31,0.999394532181104,0
TCGA-55-8512-01A-11R-2403-07,0.9981896249615143,1
TCGA-HE-A5NJ-01A-11R-A26U-07,0.999778363164532,1
