sample_id,score,y_member
TCGA-B0-5115-01A-01R-1420-07,0.441117984184643,1
TCGA-EJ-A46E-01A-31R-A250-07,0.4950647844174318,1
TCGA-DD-AAE7-01A-11R-A41C-07,0.2897968237654582,1
TCGA-Z6-A8JE-01A-11R-A37I-31,0.9084439535106529,1
TCGA-A8-A08F-01A-11R-A00Z-07,0.9019474550687525,1
TCGA-59-2350-01A-01R-1569-13,0.6564105557410783,1
TCGA-CZ-4858-01A-01R-1305-07,0.9032838601037285,1
TCGA-CZ-5470-01A-01R-1503-07,0.7346004554472412,1
TCGA-AN-A0XN-01A-21R-A109-07,0.8751034500014832,1
TCGA-37-A5EL-01A-11R-A26W-07,0.5893072766140928,1
TCGA-46-6025-01A-11R-1820-07,0.5704052933738997,1
TCGA-AN-A0XS-01A-22R-A109-07,0.8921512746950693,1
TCGA-M7-A725-01A-12R-A32O-07,0.8196875495329795,1
TCGA-XN-A8T3-01A-11R-A36G-07,0.8908566815146344,0
TCGA-3K-AAZ8-01A-12R-A39D-07,0.28284799229786406,1
TCGA-B9-5155-01A-01R-1592-07,0.3545005873427898,1
TCGA-OK-A5Q2-01A-11R-A27Q-07,0.9043328283212977,1
TCGA-2Y-A9H8-01A-11R-A39D-07,0.590127396490755,1
TCGA-30-1866-01A-02R-1568-13,0.721172166917963,1
TCGA-SX-A7SO-01A-11R-A355-07,0.5500756648776342,1
TCGA-55-7283-01A-11R-2039-07,0.7965350676655142,1
TCGA-M7-A720-01A-12R-A32O-07,0.5138397888505017,1
TCGA-91-6828-01A-11R-1858-07,0.686826561641587,1
TCGA-D8-A1JF-01A-11R-A13Q-07,0.8837159204956778,1
TCGA-D8-A1JG-01B-11R-A13Q-07,0.9037322848313385,1
TCGA-AL-3468-01A-02R-1351-07,0.501442509747451,1
TCGA-21-1082-01A-01R-0692-07,0.6295827017619199,1
TCGA-A4-8311-01A-11R-2404-07,0.2539199227789785,1
TCGA-BD-A3EP-01A-11R-A22L-07,0.4450393327106171,1
TCGA-92-7340-01A-21R-2045-07,0.6761940415542931,1
TCGA-EJ-A65B-01A-12R-A30B-07,0.5354362138720007,1
TCGA-HC-8261-01B-05R-2302-07,0.6158444485650201,1
TCGA-AZ-6601-01A-11R-1774-07,0.7645966392202258,1
TCGA-B0-4703-01A-01R-1277-07,0.6095465594373967,1
TCGA-AA-A004-01A-01R-A00A-07,0.3453132670203181,1
TCGA-30-1862-01A-02R-1568-13,0.7888762364823083,1
TCGA-09-2045-01A-01R-1568-13,0.798261131875202,1
TCGA-E2-A10F-01A-11R-A10J-07,0.8006300848167909,1
TCGA-OL-A6VO-01A-12R-A33J-07,0.9325656012738048,1
TCGA-BQ-5884-01A-11R-1592-07,0.662133526856415,1
TCGA-49-4507-01A-01R-1206-07,0.6772380917697961,1
TCGA-ZG-A9LS-01A-12R-A41O-07,0.7993964242425576,1
TCGA-AN-A0FW-01A-11R-A034-07,0.9151702022910828,1
TCGA-A6-A5ZU-01A-11R-A28H-07,0.8207994759907488,1
TCGA-QU-A6IL-01A-11R-A31N-07,0.46573113367593627,1
TCGA-67-4679-01B-01R-1755-07,0.719710555566635,0
TCGA-DM-A28G-01A-11R-A16W-07,0.4141588446197246,1
TCGA-IB-AAUV-01A-11R-A38C-07,0.630874932153978,1
TCGA-FB-AAPZ-01A-11R-A41B-07,0.8220166695198926,1
TCGA-DD-AAEG-01A-11R-A39D-07,0.46721091167104567,1
TCGA-24-0975-01A-02R-1565-13,0.6730601960354826,1
TCGA-AA-3841-01A-01R-0905-07,0.1536768456579642,0
TCGA-75-6211-01A-11R-1755-07,0.8022781873555157,1
TCGA-IB-7887-01A-11R-2156-07,0.8816522405868893,1
TCGA-78-7161-01A-11R-2039-07,0.7884322399423546,1
TCGA-B0-5699-01A-11R-1541-07,0.582796270373445,1
TCGA-DD-A113-01A-11R-A131-07,0.6385629719582169,1
TCGA-E9-A1R2-01A-11R-A14D-07,0.9331126073957293,1
TCGA-78-7536-01A-11R-2066-07,0.8017948243788443,1
TCGA-B6-A0WY-01A-11R-A109-07,0.9078387172593234,1
TCGA-ZP-A9CY-01A-11R-A38B-07,0.1606191840077503,1
TCGA-EJ-5495-01A-01R-1580-07,0.5945699151367311,0
TCGA-2H-A9GJ-01A-11R-A37I-31,0.8761957455492752,1
TCGA-AA-3955-01A-02R-1022-07,0.3859475505139284,1
TCGA-20-1684-01A-01R-1566-13,0.6875525087476824,1
TCGA-AA-3697-01A-01R-1723-07,0.4332920226306595,1
TCGA-56-5898-01A-11R-1635-07,0.5408676414910311,1
TCGA-BP-4801-01A-02R-1420-07,0.5317287703860916,1
TCGA-D8-A146-01A-31R-A115-07,0.8284377054205737,1
TCGA-DD-AACJ-01A-11R-A41C-07,0.19922613996980476,0
TCGA-BQ-5892-01A-11R-1592-07,0.7734104803737686,1
TCGA-BH-A0BF-01A-21R-A12P-07,0.9154997348478158,0
TCGA-HZ-8003-01A-21R-2204-07,0.8886280441011463,0
TCGA-BH-A1EU-01A-11R-A137-07,0.7013697624466974,1
TCGA-61-1900-01A-01R-1567-13,0.7466340151511873,0
TCGA-AM-5821-01A-01R-1653-07,0.6590133012825217,1
TCGA-A7-A26J-01A-11R-A169-07,0.7900430740350458,1
TCGA-AR-A1AT-01A-11R-A12P-07,0.9137126869017752,1
TCGA-OL-A5S0-01A-11R-A28M-07,0.856227451488178,1
TCGA-63-6202-01A-11R-1820-07,0.6859771111016012,1
TCGA-A2-A3XV-01A-21R-A239-07,0.7840913990319188,0
TCGA-CH-5772-01A-11R-1580-07,0.6053670250617692,1
TCGA-OL-A5DA-01A-11R-A27Q-07,0.8378115388171321,1
TCGA-2Z-A9J1-01A-11R-A38C-07,0.19013695917159762,1
TCGA-LN-A8I0-01A-11R-A36D-31,0.9376891559865704,0
TCGA-50-8460-01A-11R-2326-07,0.7511669378276058,1
TCGA-86-8279-01A-11R-2287-07,0.8289469503341507,1
TCGA-56-A4ZJ-01A-11R-A262-07,0.36719169276353364,1
TCGA-67-3770-01A-01R-0946-07,0.5821549429472772,1
TCGA-A2-A0YF-01A-21R-A109-07,0.8146945436519581,1
TCGA-85-A50Z-01A-21R-A262-07,0.7021264506223487,1
TCGA-G9-6363-01A-21R-1789-07,0.8222851586208815,1
TCGA-G7-6790-01A-11R-1965-07,0.39036323378409005,0
TCGA-AR-A1AM-01A-41R-A22K-07,0.8696150719092028,0
TCGA-E2-A10C-01A-21R-A10J-07,0.9278326007818977,1
TCGA-AA-A00L-01A-01R-A002-07,0.5303616936713192,0
TCGA-55-7995-01A-11R-2187-07,0.8388852978294001,1
TCGA-G4-6309-01A-21R-1839-07,0.6628591170754724,1
TCGA-CJ-4908-01A-01R-1426-07,0.26558783268357444,1
TCGA-EJ-A46B-01A-31R-A250-07,0.28503943310816654,0
TCGA-AR-A24Z-01A-11R-A169-07,0.8878295384835136,0
TCGA-A6-2685-01A-01R-1410-07,0.5380526978237856,0
TCGA-A4-A5DU-01A-11R-A28H-07,0.33977950120066536,1
TCGA-AZ-6600-01A-11R-1774-07,0.6916053668688168,1
TCGA-CC-A7IH-01A-11R-A33J-07,0.3527969028353779,1
TCGA-QU-A6IM-01A-11R-A31N-07,0.33002525742370703,1
TCGA-LN-A49M-01A-21R-A260-31,0.9245337524890962,1
TCGA-66-2765-01A-01R-0851-07,0.4431770855553908,0
TCGA-A8-A0AB-01A-11R-A034-07,0.8019061130690571,1
TCGA-S3-AA14-01A-11R-A41B-07,0.8636174586748749,1
TCGA-98-A538-01A-11R-A262-07,0.6405276262032565,1
TCGA-CM-6166-01A-11R-1653-07,0.5807305791437314,1
TCGA-5M-AAT4-01A-11R-A41B-07,0.46652789782732573,1
TCGA-61-2008-01A-02R-1568-13,0.8079639314472242,1
TCGA-B6-A0X0-01A-21R-A115-07,0.8813239571066688,1
TCGA-86-8281-01A-11R-2287-07,0.7225885224887757,1
TCGA-24-1546-01A-01R-1566-13,0.7447313774197637,0
TCGA-V1-A9OL-01A-11R-A41O-07,0.7855637889219573,0
TCGA-BH-A201-01A-11R-A14M-07,0.860911687180036,1
TCGA-18-3409-01A-01R-0980-07,0.7192434852062125,1
TCGA-F4-6461-01A-11R-1774-07,0.8309722472053617,1
TCGA-AA-A02E-01A-01R-A00A-07,0.6926563952813666,0
TCGA-YL-A9WY-01A-11R-A41O-07,0.8594767205108065,1
TCGA-B0-5102-01A-01R-1420-07,0.7495604272844605,1
TCGA-G9-7521-01A-11R-2263-07,0.8078558247092043,0
TCGA-CJ-4902-01A-01R-1426-07,0.5808258165835952,1
TCGA-CA-6717-01A-11R-1839-07,0.7974002139066492,0
TCGA-IG-A5S3-01A-11R-A28J-31,0.9214735924470484,0
TCGA-EJ-5497-01A-02R-1580-07,0.30304084130087755,1
TCGA-BF-A5EO-01A-12R-A27Q-07,0.4541811397099036,0
TCGA-85-A4JC-01A-11R-A24Z-07,0.5313600458587057,1
TCGA-44-3917-01A-01R-A278-07,0.6929566165642104,1
TCGA-A8-A08H-01A-21R-A00Z-07,0.8450872426921691,1
TCGA-95-A4VN-01A-11R-A262-07,0.7096490463119687,1
TCGA-B0-5693-01A-11R-1541-07,0.43892204957086267,1
TCGA-77-8138-01A-11R-2247-07,0.4515629518674457,1
TCGA-KK-A7B0-01A-11R-A32O-07,0.40411688324046185,1
TCGA-B0-5083-01A-02R-1420-07,0.8259983031663761,1
TCGA-GM-A2DA-01A-11R-A18M-07,0.8764400980104459,1
TCGA-A2-A3KD-01A-12R-A213-07,0.9112258853677746,1
TCGA-DD-A39Y-01A-11R-A213-07,0.5064139581784326,1
TCGA-B6-A0WZ-01A-11R-A109-07,0.8726841593252801,1
TCGA-A6-2682-01A-01R-1410-07,0.4582615486684437,1
TCGA-D8-A1JU-01A-11R-A13Q-07,0.7986307622596726,0
TCGA-RL-AAAS-01A-32R-A39D-07,0.716972355944271,0
TCGA-B9-A44B-01A-11R-A24Z-07,0.6629925051206661,1
TCGA-B6-A0I5-01A-11R-A034-07,0.8392583835340075,1
TCGA-BH-AB28-01A-31R-A41B-07,0.9151760215082583,1
TCGA-E9-A1N9-01A-11R-A14D-07,0.9230834323091508,0
TCGA-A3-3363-01A-01R-0864-07,0.8810003949209984,1
TCGA-22-1000-01A-01R-A32Z-07,0.287533981123257,1
TCGA-KK-A6E4-01A-11R-A30B-07,0.5094421320464062,1
TCGA-BQ-5889-01A-11R-1592-07,0.7791080575866762,1
TCGA-DM-A1HA-01A-11R-A155-07,0.8303489888429931,1
TCGA-BF-A5ER-01A-12R-A27Q-07,0.37955241904523396,1
TCGA-LL-A73Y-01A-11R-A33J-07,0.9428962549720449,1
TCGA-BF-A3DL-01A-11R-A20F-07,0.4062541621843695,1
TCGA-VR-A8EO-01A-11R-A36D-31,0.9057000347808828,1
TCGA-L1-A7W4-01A-12R-A36G-07,0.9446818849759715,1
TCGA-B0-4838-01A-01R-1305-07,0.6083370288806836,1
TCGA-2Y-A9GY-01A-11R-A38B-07,0.6662974323270109,1
TCGA-BP-4343-01A-02R-1289-07,0.6628661366552189,1
TCGA-BQ-5893-01A-11R-1592-07,0.8118361437320367,1
TCGA-HP-A5MZ-01A-21R-A27V-07,0.16240345425420644,1
TCGA-A7-A4SE-01A-11R-A266-07,0.9402972117709982,0
TCGA-66-2783-01A-01R-1201-07,0.5126359542428136,1
TCGA-73-4675-01A-01R-1206-07,0.8170504784293768,1
TCGA-D5-5538-01A-01R-1653-07,0.6794365984385792,1
TCGA-YL-A8SO-01B-31R-A37L-07,0.7382488587528423,1
TCGA-E2-A15H-01A-11R-A12D-07,0.8680983602648715,1
TCGA-V1-A8WN-01A-11R-A37L-07,0.48989221309450215,1
TCGA-BH-A0EB-01A-11R-A034-07,0.8490533400732526,1
TCGA-DD-A39X-01A-11R-A213-07,0.4284645041482625,1
TCGA-E2-A1LK-01A-21R-A14D-07,0.9474175776734818,1
TCGA-AR-A0TV-01A-21R-A084-07,0.9180337577331877,0
TCGA-A1-A0SD-01A-11R-A115-07,0.8168695568225371,1
TCGA-33-AASI-01A-22R-A405-07,0.6904371322033748,1
TCGA-L5-A4OW-01A-11R-A28J-31,0.760828118041918,1
TCGA-86-7711-01A-11R-2066-07,0.8434046040175917,1
TCGA-34-5234-01A-01R-1635-07,0.2116907758777641,0
TCGA-63-7023-01A-11R-1949-07,0.6562822654836712,1
TCGA-BP-5191-01A-01R-1426-07,0.6219137354366744,1
TCGA-Q9-A6FW-01A-31R-A31P-31,0.8675578529371499,0
TCGA-CZ-5468-01A-01R-1503-07,0.8651932106545775,0
TCGA-78-7153-01A-11R-2039-07,0.8034160924480109,1
TCGA-DD-A4NA-01A-11R-A266-07,0.8153771049807695,1
TCGA-43-2578-01A-01R-0851-07,0.732983341705155,0
TCGA-5R-AA1C-01A-11R-A41C-07,0.3614830543482247,1
TCGA-78-7149-01A-11R-2039-07,0.7214950636457729,1
TCGA-CW-5591-01A-01R-1541-07,0.8053135960125719,1
TCGA-13-0906-01A-01R-1564-13,0.64681646809662,1
TCGA-CJ-4876-01A-01R-1305-07,0.6592391082181212,1
TCGA-M7-A724-01A-12R-A32O-07,0.6715363637967121,1
TCGA-62-A46Y-01A-11R-A24H-07,0.7015988598575733,1
TCGA-C8-A26V-01A-11R-A16F-07,0.9199211463585795,1
TCGA-OL-A5D8-01A-11R-A27Q-07,0.9228363773208595,0
TCGA-77-8143-01A-11R-2247-07,0.7201824869941637,1
TCGA-BH-A0DO-01B-11R-A12D-07,0.8273405243028742,0
TCGA-CJ-5675-01A-11R-1541-07,0.6109996444702926,0
TCGA-A2-A4S0-01A-21R-A266-07,0.8640539849032022,1
TCGA-B9-4117-01A-02R-1351-07,0.39889172217913166,1
TCGA-BP-4352-01A-01R-1289-07,0.8516682670094721,0
TCGA-A2-A0ST-01A-12R-A084-07,0.9143671203832234,1
TCGA-E2-A1IH-01A-11R-A13Q-07,0.8654658761027604,1
TCGA-37-3792-01A-01R-0980-07,0.6626309889471638,0
TCGA-AK-3427-01A-01R-0864-07,0.8216553522887737,0
TCGA-AA-3506-01A-01R-1410-07,0.33572434349483254,1
TCGA-CZ-5466-01A-01R-1503-07,0.8023851907512347,1
TCGA-77-8140-01A-11R-2247-07,0.6188725907489088,0
TCGA-21-5786-01A-01R-1635-07,0.6882976131868702,0
TCGA-86-8075-01A-11R-2241-07,0.6565313053534666,1
TCGA-A3-A8OX-01A-11R-A37O-07,0.7683547810526183,1
TCGA-95-8494-01A-11R-2326-07,0.7850968128040628,0
TCGA-IG-A7DP-01A-31R-A336-31,0.8808273123297515,0
TCGA-AD-6964-01A-11R-1928-07,0.7643930588963929,1
TCGA-A8-A0A6-01A-12R-A056-07,0.8870280136403489,1
TCGA-B0-5711-01A-11R-1672-07,0.27641746939121226,1
TCGA-BH-A1FM-01A-11R-A13Q-07,0.8426262522419451,0
TCGA-CH-5771-01A-21R-1580-07,0.5169293428300064,1
TCGA-69-7980-01A-11R-2187-07,0.8104015727296726,1
TCGA-AR-A254-01A-21R-A169-07,0.8521247183649469,1
TCGA-A6-2683-01A-01R-0821-07,0.2892909394466537,1
TCGA-PL-A8LY-01A-11R-A41B-07,0.8367465830646229,1
TCGA-G3-A3CH-01A-11R-A22L-07,0.43708771323217416,1
TCGA-57-1583-01A-01R-1566-13,0.7447197724343597,1
TCGA-A4-8310-01A-11R-2404-07,0.44319360975348676,1
TCGA-XK-AAJP-01A-11R-A41O-07,0.6751716004159952,1
TCGA-EB-A3XE-01A-12R-A239-07,0.47671106678881703,1
TCGA-AN-A0FZ-01A-11R-A034-07,0.9311559112489528,1
TCGA-13-0911-01A-01R-1564-13,0.4722197916863342,1
TCGA-51-6867-01A-11R-2045-07,0.5933294177669405,0
TCGA-AN-A04D-01A-21R-A034-07,0.93696160259907,0
TCGA-DD-AADC-01A-11R-A41C-07,0.6848628674206675,1
TCGA-73-4677-01A-01R-1206-07,0.6935203487969069,1
TCGA-L9-A743-01A-43R-A39D-07,0.5345666195803032,1
TCGA-E9-A6HE-01A-11R-A31O-07,0.7854151534770845,1
TCGA-E2-A15D-01A-11R-A115-07,0.8567677827789291,1
TCGA-73-4658-01A-01R-1755-07,0.6284266267745913,0
TCGA-CH-5788-01A-11R-1580-07,0.8651837879265097,1
TCGA-E2-A14Z-01A-11R-A115-07,0.9335698161910003,1
TCGA-EB-A6QY-01A-12R-A32P-07,0.5160966422277669,0
TCGA-CH-5753-01A-11R-1580-07,0.7271659157168149,1
TCGA-AC-A3W5-01A-11R-A22K-07,0.8848999938046628,1
TCGA-A6-A566-01A-11R-A28H-07,0.6777089059331142,1
TCGA-AA-3994-01A-01R-1113-07,0.6242185471968669,1
TCGA-MS-A51U-01A-31R-A266-07,0.8655604911194869,0
TCGA-13-1509-01A-01R-1565-13,0.6959401472280995,1
TCGA-IG-A6QS-01A-12R-A336-31,0.923375703510218,0
TCGA-EW-A1PG-01A-11R-A144-07,0.8035590191039431,0
TCGA-23-1023-01A-02R-1564-13,0.7659698750300841,1
TCGA-XJ-A9DI-01A-11R-A37L-07,0.7387453245467872,1
TCGA-68-A59I-01A-11R-A262-07,0.6828765839020726,1
TCGA-13-0891-01A-01R-1564-13,0.8013606352643419,0
TCGA-A7-A13E-01A-11R-A12P-07,0.9356096994905801,0
TCGA-A8-A07E-01A-11R-A034-07,0.8364026663487878,1
TCGA-EJ-7785-01A-11R-2118-07,0.4186237140930886,1
TCGA-98-A53C-01A-11R-A262-07,0.511862541241037,1
TCGA-IB-A7M4-01A-11R-A36G-07,0.9246270478287894,1
TCGA-78-7146-01A-11R-2039-07,0.7754551735298189,0
TCGA-2Z-A9J9-01A-11R-A42S-07,0.852781175590913,1
TCGA-FR-A726-01A-11R-A32P-07,0.6448810288644574,1
TCGA-49-4487-01A-21R-1858-07,0.7551459014676424,1
TCGA-C8-A278-01A-11R-A169-07,0.9020954654489589,1
TCGA-MP-A4T9-01A-11R-A24X-07,0.7561380581192768,1
TCGA-BH-A1FG-01A-11R-A13Q-07,0.8582150679848487,0
TCGA-CK-6746-01A-11R-1839-07,0.7747127405669855,0
TCGA-E9-A1N8-01A-11R-A144-07,0.9396703317825554,1
TCGA-2Z-A9J6-01A-11R-A38C-07,0.2463866715210106,0
TCGA-A6-6137-01A-11R-1774-07,0.4271765351190662,1
TCGA-V1-A9OA-01A-11R-A41O-07,0.7443109466459636,0
TCGA-HV-A7OP-01A-11R-A33R-07,0.9123833339679545,1
TCGA-KK-A7B3-01A-11R-A33R-07,0.7022245560969801,1
TCGA-UB-A7MA-01A-11R-A33R-07,0.7655570937158015,1
TCGA-VR-AA7D-01A-11R-A406-31,0.9104467690559561,1
TCGA-D8-A1Y0-01A-11R-A14M-07,0.8843107496478967,1
TCGA-DD-A4NF-01A-11R-A27V-07,0.3640837998637184,0
TCGA-AR-A24Q-01A-12R-A169-07,0.9345498083164084,1
TCGA-BP-4986-01A-01R-1334-07,0.6165236657809963,1
TCGA-L4-A4E6-01A-11R-A24H-07,0.5922407887096095,1
TCGA-EJ-A46F-01A-31R-A250-07,0.46612022653281737,1
TCGA-21-1078-01A-01R-0692-07,0.7328745182944271,1
TCGA-33-4587-01A-11R-2125-07,0.552176638059155,1
TCGA-VN-A88Q-01A-11R-A352-07,0.7028961412293843,0
TCGA-RC-A7S9-01A-11R-A33R-07,0.5619855752526678,1
TCGA-98-A53J-01A-11R-A26W-07,0.47883016656493466,1
TCGA-B0-5705-01A-11R-1541-07,0.5197387464119779,0
TCGA-97-7546-01A-11R-2039-07,0.6150590645069691,1
TCGA-YL-A8SQ-01B-11R-A37L-07,0.6953554216924744,1
TCGA-AA-3712-01A-21R-1723-07,0.5441660180712776,1
TCGA-AR-A5QM-01A-11R-A27Q-07,0.8431948936336164,1
TCGA-HC-7077-01A-11R-1965-07,0.6134585277524507,1
TCGA-66-2795-01A-02R-0980-07,0.4538769364938021,1
TCGA-BP-4977-01A-01R-1334-07,0.7070977598038618,1
TCGA-CZ-5988-01A-11R-1672-07,0.7291102559974831,1
TCGA-LL-A5YP-01A-21R-A28M-07,0.9184434183172848,1
TCGA-B0-4706-01A-01R-1503-07,0.6916845484919953,1
TCGA-29-1784-01A-02R-1567-13,0.6602180837319828,0
TCGA-55-7903-01A-11R-2170-07,0.7769389434978646,1
TCGA-CM-6680-01A-11R-1839-07,0.5936546467270972,1
TCGA-49-6743-01A-11R-1858-07,0.7939495783373834,1
TCGA-B0-4815-01A-01R-1503-07,0.7940199231078047,1
TCGA-EW-A1PE-01A-11R-A144-07,0.8262258597180434,1
TCGA-VN-A88I-01A-11R-A352-07,0.47844797533602856,1
TCGA-NJ-A7XG-01A-12R-A39D-07,0.7745777356224011,0
TCGA-G7-A8LC-01A-11R-A36F-07,0.6137074274656894,1
TCGA-G9-7525-01A-31R-2263-07,0.7425635385328647,1
TCGA-A3-3362-01A-02R-1325-07,0.43328213440987545,1
TCGA-AN-A0AR-01A-11R-A00Z-07,0.9266835179045669,1
TCGA-R6-A8WC-01A-11R-A37I-31,0.8771608799300906,1
TCGA-73-A9RS-01A-11R-A41B-07,0.8141384385909286,1
TCGA-05-4390-01A-02R-1755-07,0.788133874467769,1
TCGA-CM-5349-01A-21R-1723-07,0.7477931144895055,0
TCGA-CJ-4637-01A-02R-1325-07,0.6964091725777507,0
TCGA-CJ-4897-01A-03R-1426-07,0.31805991890874347,1
TCGA-D8-A3Z6-01A-11R-A239-07,0.8464248123023876,1
TCGA-68-7757-01B-11R-2296-07,0.5327899994679326,1
TCGA-HI-7168-01A-11R-2118-07,0.8006753186954422,1
TCGA-DV-A4VZ-01A-11R-A266-07,0.7492171679425798,1
TCGA-CC-A7IJ-01A-11R-A33R-07,0.8084818963294514,0
TCGA-3C-AALJ-01A-31R-A41B-07,0.9125137770017379,1
TCGA-49-4505-01A-01R-1206-07,0.7087281445784553,1
TCGA-V5-A7RE-01A-11R-A354-31,0.8735364551053459,1
TCGA-CC-5261-01A-01R-A131-07,0.5828280281488423,1
TCGA-85-A4CN-01A-11R-A24H-07,0.31646054233555065,1
TCGA-BH-A0HI-01A-11R-A084-07,0.7779819072983368,1
TCGA-55-A48Z-01A-12R-A24X-07,0.7543269350063181,1
TCGA-60-2720-01A-01R-0851-07,0.4553779145351822,1
TCGA-A7-A5ZV-01A-11R-A28M-07,0.9616182727279295,1
TCGA-HC-7231-01A-11R-2118-07,0.5493023716013248,1
TCGA-66-2771-01A-01R-0980-07,0.4327926622759243,1
TCGA-EJ-A65J-01A-11R-A311-07,0.7999769133186984,1
TCGA-G4-6322-01A-11R-1723-07,0.7160499734672527,0
TCGA-IB-A7LX-01A-12R-A36G-07,0.9113279731812985,1
TCGA-86-8669-01A-11R-2403-07,0.7868890378823455,0
TCGA-B0-5697-01A-11R-1541-07,0.8328164660444509,0
TCGA-G4-6323-01A-11R-1723-07,0.6065893315362402,1
TCGA-L5-A4OT-01A-11R-A28J-31,0.7608183304579293,1
TCGA-3E-AAAZ-01A-11R-A38C-07,0.8745262968072971,1
TCGA-13-1498-01A-01R-1565-13,0.8108243479869875,0
TCGA-WN-AB4C-01A-11R-A42S-07,0.4843399506317721,1
TCGA-AA-A02W-01A-01R-A00A-07,0.5254455917302303,1
TCGA-A6-5660-01A-01R-1653-07,0.6171950193921011,1
TCGA-85-A50M-01A-21R-A262-07,0.6529017376956282,1
TCGA-B4-5378-01A-01R-1503-07,0.4957237936385976,0
TCGA-EW-A1PF-01A-11R-A144-07,0.8995208900919317,1
TCGA-44-4112-01B-06R-A277-07,0.5482711026535082,1
TCGA-23-1021-01B-01R-1564-13,0.6651350492554956,1
TCGA-CJ-4888-01A-01R-1305-07,0.6493569813195258,0
TCGA-FB-AAQ6-01A-11R-A41B-07,0.884621793394338,1
TCGA-39-5021-01A-01R-1443-07,0.3619899476291349,1
TCGA-HZ-8638-01A-11R-2404-07,0.9185594320583712,1
TCGA-55-8085-01A-11R-2241-07,0.7918720870788141,1
TCGA-24-2038-01A-01R-1568-13,0.6694533617024787,1
TCGA-UZ-A9PS-01A-11R-A42S-07,0.5646717336621534,1
TCGA-23-1022-01A-01R-1564-13,0.7258398960466568,0
TCGA-25-1635-01A-01R-1566-13,0.7582997305116762,0
TCGA-56-8308-01A-11R-2296-07,0.39894992187226286,1
TCGA-A7-A13G-01A-11R-A13Q-07,0.8267932637578691,1
TCGA-BH-A0DX-01A-11R-A115-07,0.8952583452868392,1
TCGA-BH-A0HO-01A-11R-A034-07,0.8694435197498279,0
TCGA-A8-A092-01A-11R-A00Z-07,0.8714497941147507,1
TCGA-A8-A08I-01A-11R-A00Z-07,0.915142642071081,0
TCGA-QU-A6IO-01A-11R-A31N-07,0.2378979982317826,1
TCGA-D8-A1XO-01A-11R-A14M-07,0.8728029716007432,1
TCGA-HE-A5NL-01A-11R-A26U-07,0.1435467731676965,1
TCGA-CZ-5984-01A-11R-1672-07,0.7746430972989419,1
TCGA-EJ-A7NJ-01A-22R-A352-07,0.392994053232537,1
TCGA-A6-6653-01A-11R-1774-07,0.6599741996495715,1
TCGA-BC-4073-01B-02R-A131-07,0.684054986848034,0
TCGA-HZ-7923-01A-12R-2156-07,0.6554302304829344,1
TCGA-AL-7173-01A-11R-2139-07,0.5480989006616149,1
TCGA-A2-A1FX-01A-11R-A13Q-07,0.8889767607501511,1
TCGA-AZ-4323-01A-21R-1839-07,0.786400811768394,1
TCGA-J4-A67R-01A-21R-A30B-07,0.19397012699314342,1
TCGA-BF-AAP8-01A-11R-A40A-07,0.8209829909702036,1
TCGA-IG-A97H-01A-11R-A38D-31,0.9242850734486181,0
TCGA-DM-A28C-01A-11R-A32Y-07,0.6548647783839527,1
TCGA-NJ-A4YQ-01A-11R-A262-07,0.8516357307888474,1
TCGA-LN-A49K-01A-11R-A24K-31,0.9179794328456143,1
TCGA-44-2655-01A-01R-0946-07,0.6351427167146698,0
TCGA-B8-5164-01A-01R-1420-07,0.4754623846259483,1
TCGA-IZ-8195-01A-31R-2404-07,0.5575938062936155,0
TCGA-XD-AAUG-01A-61R-A41B-07,0.6662688743636727,1
TCGA-OE-A75W-01A-12R-A32O-07,0.813415692332698,1
TCGA-UZ-A9PU-01A-11R-A42S-07,0.2724221787682156,1
TCGA-CM-4752-01A-01R-1410-07,0.6057320111551209,1
TCGA-MR-A520-01A-11R-A266-07,0.11517611939498376,0
TCGA-E9-A1R0-01A-22R-A16F-07,0.8276904844713776,1
TCGA-43-8115-01A-11R-2247-07,0.4761718632502886,1
TCGA-F2-A7TX-01A-33R-A38C-07,0.9250600316096229,1
TCGA-13-1404-01A-01R-1565-13,0.7414255601202705,0
TCGA-13-0923-01A-01R-1564-13,0.6853405037908018,1
TCGA-LB-A7SX-01A-11R-A33R-07,0.9038546620802139,1
TCGA-BP-5001-01A-01R-1334-07,0.4036021887485691,1
TCGA-09-1665-01B-01R-1566-13,0.7586363458689928,1
TCGA-GL-A9DC-01A-11R-A37K-07,0.4339123634249578,0
TCGA-IA-A83T-01A-11R-A355-07,0.5276237821949442,1
TCGA-86-8668-01A-11R-2403-07,0.6880599962057505,0
TCGA-A6-5661-01A-01R-1653-07,0.5164455565639882,1
TCGA-V5-A7RC-01B-11R-A406-31,0.9192042368980468,1
TCGA-05-4417-01A-22R-1858-07,0.6852663797795959,1
TCGA-29-1693-01A-01R-1567-13,0.7300851473813369,1
TCGA-AN-A0FX-01A-11R-A034-07,0.9219578054567329,1
TCGA-C8-A135-01A-11R-A115-07,0.9366342387745692,1
TCGA-CM-6162-01A-11R-1653-07,0.46288191086168085,1
TCGA-E2-A15C-01A-31R-A12D-07,0.8209645869900476,1
TCGA-D8-A1JI-01A-11R-A13Q-07,0.8880309269616099,1
TCGA-24-1563-01A-01R-1566-13,0.7586862758283582,1
TCGA-BH-A42V-01A-11R-A24H-07,0.7724118835119587,1
TCGA-A6-6780-01A-11R-1839-07,0.7694935478220298,1
TCGA-A3-3323-01A-02R-1325-07,0.42694589801544636,1
TCGA-B0-4712-01A-01R-1503-07,0.6845587027263742,1
TCGA-85-A4QR-01A-11R-A24Z-07,0.519916706459495,1
TCGA-EW-A423-01A-11R-A24H-07,0.8427106100083477,1
TCGA-HZ-A8P0-01A-11R-A36G-07,0.8728521009128319,1
TCGA-B1-A47M-01A-11R-A24Z-07,0.441072688501723,0
TCGA-91-6830-01A-11R-1949-07,0.8009643369825081,1
TCGA-AO-A0J9-01A-11R-A034-07,0.8496430388117451,0
TCGA-V1-A8WV-01A-11R-A37L-07,0.862277452097395,1
TCGA-LN-A49N-01A-11R-A24K-31,0.8909218720721811,1
TCGA-BF-AAP6-01A-11R-A40A-07,0.48110862264354237,1
TCGA-B6-A401-01A-11R-A239-07,0.8762494498538185,1
TCGA-BQ-7060-01A-11R-1965-07,0.187493541510397,0
TCGA-EP-A2KB-01A-11R-A180-07,0.3210127662613133,1
TCGA-A2-A0SY-01A-31R-A084-07,0.8530232898102307,0
TCGA-CZ-4860-01A-01R-1305-07,0.8863586879644859,1
TCGA-CM-6169-01A-11R-1653-07,0.5416540670576944,1
TCGA-85-8353-01A-21R-2296-07,0.36571388432000373,1
TCGA-AA-3850-01A-01R-1022-07,0.6128640430168857,1
TCGA-2Z-A9JJ-01A-11R-A42S-07,0.8753823447987883,1
TCGA-C8-A1HE-01A-11R-A13Q-07,0.736935021116665,1
TCGA-97-7552-01A-11R-2039-07,0.4151889693067147,1
TCGA-YL-A8SC-01A-11R-A37L-07,0.7470234159047168,0
TCGA-BQ-5877-01A-11R-1592-07,0.7270395472032806,0
TCGA-AA-3986-01A-02R-1022-07,0.5600280272870356,1
TCGA-A6-6140-01A-11R-1774-07,0.3962073505679797,1
TCGA-MP-A5C7-01A-11R-A262-07,0.6750627574086155,1
TCGA-86-7955-01A-11R-2187-07,0.8493445827698581,1
TCGA-A3-3311-01A-02R-1325-07,0.5903974423959178,1
TCGA-MP-A4T8-01A-11R-A24X-07,0.7947374397183478,0
TCGA-49-4488-01A-01R-1755-07,0.741917013573054,0
TCGA-A8-A07O-01A-11R-A00Z-07,0.9181204175340373,0
TCGA-EJ-7312-01B-21R-A32O-07,0.7454061651471123,1
TCGA-CK-5912-01A-11R-1653-07,0.7264602793638592,1
TCGA-56-6546-01A-11R-1820-07,0.7118751211689892,1
TCGA-B6-A1KC-01B-11R-A157-07,0.9197208090674261,1
TCGA-5P-A9JU-01A-11R-A42S-07,0.6157724926290068,0
TCGA-B9-4114-01A-01R-1193-07,0.6333799150524739,1
TCGA-EB-A551-01A-21R-A27Q-07,0.6710291787689138,1
TCGA-A7-A0DB-01A-11R-A277-07,0.8715680744779879,1
TCGA-G4-6628-01A-11R-1839-07,0.7698861433926136,1
TCGA-LD-A66U-01A-11R-A31O-07,0.5529053401082352,1
TCGA-91-6840-01A-11R-1949-07,0.8826730235335941,0
TCGA-EJ-5527-01A-01R-1580-07,0.3376015887757408,1
TCGA-29-2428-01A-01R-1569-13,0.7273197959462261,0
TCGA-22-4601-01A-01R-1443-07,0.6199919514908249,0
TCGA-22-0940-01A-01R-0692-07,0.6142811012735493,1
TCGA-24-1555-01A-01R-1566-13,0.6862819778477245,1
TCGA-F4-6856-01A-11R-1928-07,0.5547393348701237,1
TCGA-LG-A9QD-01A-11R-A38B-07,0.2974236708089619,1
TCGA-B0-4814-01A-01R-1277-07,0.6532118685472379,1
TCGA-DD-A3A7-01A-11R-A22L-07,0.4753510027285165,1
TCGA-BQ-7050-01A-11R-1965-07,0.5488816828690953,1
TCGA-EJ-5524-01A-01R-1580-07,0.45029511685251833,1
TCGA-E9-A22A-01A-11R-A157-07,0.9183089829154117,1
TCGA-BH-A1FJ-01A-11R-A13Q-07,0.8862140558171957,1
TCGA-EJ-5517-01A-01R-1580-07,0.4133499016526222,1
TCGA-FB-AAPP-01A-12R-A41B-07,0.9437569538052063,1
TCGA-EJ-8472-01A-11R-2403-07,0.8447665233990642,1
TCGA-BP-4770-01A-01R-1503-07,0.88048010292762,1
TCGA-CJ-5681-01A-11R-1541-07,0.9270843580839448,0
TCGA-EJ-5542-01A-01R-1580-07,0.30553015279058543,0
TCGA-13-1407-01A-01R-1565-13,0.6677772379388102,1
TCGA-J7-A8I2-01A-12R-A36F-07,0.8934500211484213,1
TCGA-ED-A627-01A-12R-A311-07,0.4836008964870661,0
TCGA-2J-AABU-01A-11R-A41B-07,0.8789597828537863,1
TCGA-E9-A1QZ-01A-21R-A169-07,0.8699145544035042,1
TCGA-66-2744-01A-01R-0980-07,0.4968129867039664,1
TCGA-29-1781-01A-01R-1567-13,0.7464667606221403,1
TCGA-LN-A49L-01A-11R-A24K-31,0.9184655444003569,0
TCGA-18-4721-01A-01R-1443-07,0.35485598977978416,1
TCGA-A7-A5ZW-01A-12R-A29R-07,0.8606657240719935,1
TCGA-B6-A409-01A-11R-A24H-07,0.8966497910733447,1
TCGA-FC-A4JI-01A-11R-A250-07,0.9131284822054502,1
TCGA-13-1405-01A-01R-1565-13,0.7686182248689041,1
TCGA-DD-AADO-01A-11R-A41C-07,0.31466349128299775,1
TCGA-WX-AA46-01A-11R-A39D-07,0.3057993335013453,1
TCGA-4N-A93T-01A-11R-A37K-07,0.621333953578958,1
TCGA-V1-A9OF-01A-11R-A41O-07,0.5021134165094097,0
TCGA-Y8-A897-01A-11R-A36F-07,0.45481868995646074,1
TCGA-A6-3807-01A-01R-1022-07,0.7079698892250764,1
TCGA-DD-A1ED-01A-11R-A155-07,0.22312869796197557,1
TCGA-AO-A0J8-01A-21R-A034-07,0.8238308148505259,1
TCGA-BH-A42T-01A-11R-A24H-07,0.8626283930208732,0
TCGA-25-1329-01A-01R-1565-13,0.7860874948733448,0
TCGA-AO-A12H-01A-11R-A115-07,0.8988741920607243,1
TCGA-G3-A25T-01A-11R-A16W-07,0.5187479280732111,1
TCGA-G9-7509-01A-11R-A41O-07,0.3559127794839986,1
TCGA-BC-A8YO-01A-11R-A37K-07,0.5748879725184477,1
TCGA-50-5942-01A-21R-1755-07,0.6479862956286766,1
TCGA-GM-A2DB-01A-31R-A18M-07,0.9053861226481423,1
TCGA-C8-A133-01A-32R-A12D-07,0.850942384810696,1
TCGA-NC-A5HD-01A-11R-A26W-07,0.6196437137954952,1
TCGA-AR-A0U0-01A-11R-A109-07,0.9261856107691573,1
TCGA-23-1029-01B-01R-1567-13,0.6764411286756314,0
TCGA-HZ-8637-01A-11R-2404-07,0.9273152029951619,1
TCGA-D8-A1JM-01A-11R-A13Q-07,0.958884665540089,1
TCGA-91-8499-01A-11R-2403-07,0.8799141146402916,1
TCGA-ZP-A9D2-01A-11R-A38B-07,0.7610802298831728,1
TCGA-2Y-A9GV-01A-11R-A38B-07,0.34947416287839134,1
TCGA-B8-A54D-01A-21R-A266-07,0.6691046614349141,1
TCGA-A4-8630-01A-11R-2404-07,0.25937088086078147,1
TCGA-F4-6855-01A-11R-1928-07,0.7057256448098798,1
TCGA-EB-A3HV-01A-11R-A21D-07,0.6357985424592227,1
TCGA-XJ-A83G-01A-11R-A352-07,0.3203338384200984,0
TCGA-AA-3560-01A-01R-0821-07,0.780444295958408,1
TCGA-D8-A1XA-01A-11R-A14D-07,0.9149614888212292,1
TCGA-BP-4963-01A-01R-1334-07,0.572174511632246,1
TCGA-04-1338-01A-01R-1564-13,0.7531316432737117,1
TCGA-09-1662-01A-01R-1566-13,0.8016485220781828,1
TCGA-24-1417-01A-01R-1565-13,0.7372955930350806,1
TCGA-ZG-A9LN-01A-11R-A41O-07,0.8471851978358556,1
TCGA-EJ-8474-01A-11R-2403-07,0.6105860204765607,1
TCGA-13-0727-01A-01R-1564-13,0.6748392255117213,1
TCGA-37-5819-01A-01R-1635-07,0.7689801097822023,1
TCGA-E2-A1LI-01A-12R-A157-07,0.8931806338526915,0
TCGA-77-7138-01A-41R-2045-07,0.5953435864729374,1
TCGA-A2-A3XU-01A-12R-A22U-07,0.9105151812197395,1
TCGA-QG-A5YW-01A-11R-A28H-07,0.737922385313755,1
TCGA-49-AAR0-01A-21R-A39D-07,0.7140821983779336,1
TCGA-50-6590-01A-12R-1858-07,0.7577033827377825,1
TCGA-55-8510-01A-11R-2403-07,0.6425292368403948,1
TCGA-AL-3466-01A-02R-1351-07,0.8240384372176017,0
TCGA-IB-AAUU-01A-11R-A37L-07,0.7540036900883079,0
TCGA-AA-3815-01A-01R-1022-07,0.6049642441333252,1
TCGA-AR-A0TZ-01A-12R-A084-07,0.88573225945281,1
TCGA-M7-A71Z-01A-12R-A32O-07,0.6456780532150533,1
TCGA-A8-A09C-01A-11R-A00Z-07,0.8817403557409493,1
TCGA-DD-AAE1-01A-11R-A41C-07,0.3337943383097316,0
TCGA-BH-A1EX-01A-11R-A13Q-07,0.9069158818821094,1
TCGA-DM-A288-01A-11R-A16W-07,0.6262882429471263,0
TCGA-CC-A5UE-01A-11R-A28V-07,0.5103129241412909,1
TCGA-S8-A6BV-01A-21R-A31P-31,0.8917153452133716,1
TCGA-AO-A03O-01A-11R-A00Z-07,0.900119353170404,0
TCGA-IA-A83W-01A-11R-A355-07,0.5858575731228287,1
TCGA-86-A4P8-01A-11R-A24X-07,0.5012702296384826,0
TCGA-A4-7288-01A-11R-A32Z-07,0.4028622194569515,0
TCGA-33-4532-01A-01R-1201-07,0.6190127702039003,1
TCGA-OY-A56P-01A-12R-A406-31,0.6751043256536233,1
TCGA-GK-A6C7-01A-11R-A33J-07,0.6070515835843967,1
TCGA-E2-A15E-01A-11R-A12D-07,0.8980259700236021,1
TCGA-DD-A39W-01A-11R-A213-07,0.5677813258990915,1
TCGA-AR-A0U3-01A-11R-A109-07,0.9125694471903344,1
TCGA-CJ-4900-01A-01R-1334-07,0.7958981419753948,0
TCGA-E2-A15G-01A-11R-A12D-07,0.7735133353960412,1
TCGA-CH-5769-01A-11R-1580-07,0.8272013375245996,1
TCGA-60-2707-01A-01R-0851-07,0.29415144185250514,1
TCGA-CW-5589-01A-01R-1541-07,0.4330695872488664,0
TCGA-DD-AAEB-01A-11R-A41C-07,0.2956327110544472,1
TCGA-61-2098-01A-01R-1568-13,0.5846910020644899,1
TCGA-05-4249-01A-01R-1107-07,0.6779841926087142,1
TCGA-33-4589-01A-01R-1443-07,0.3904697581042408,1
TCGA-E2-A15K-01A-11R-A12P-07,0.8589764304706243,1
TCGA-DD-A4NL-01A-11R-A28V-07,0.19172106133892683,1
TCGA-BF-AAP2-01A-11R-A40A-07,0.36171680712582854,1
TCGA-44-6779-01A-11R-1858-07,0.7753881192931686,1
TCGA-85-7844-01A-11R-2125-07,0.30025940546949437,1
TCGA-AK-3460-01A-02R-1277-07,0.42834424263393367,1
TCGA-B2-4101-01A-02R-1277-07,0.3732454512879668,1
TCGA-51-4080-01A-01R-1100-07,0.5368663485403393,1
TCGA-3C-AALI-01A-11R-A41B-07,0.9234296610663086,1
TCGA-IB-A5SP-01A-11R-A32O-07,0.886204757366285,1
TCGA-L5-A88Z-01A-11R-A36D-31,0.9246339238803825,0
TCGA-D9-A4Z5-01A-11R-A266-07,0.6137526124693287,1
TCGA-BH-A0DG-01A-21R-A12P-07,0.9029675088693336,0
TCGA-L5-A8NF-01A-11R-A37I-31,0.851782326394441,1
TCGA-EJ-7325-01B-11R-A32O-07,0.5279820260246927,0
TCGA-13-1497-01A-01R-1565-13,0.7777335078020206,1
TCGA-HC-7736-01A-11R-2118-07,0.6184192879783101,1
TCGA-AR-A1AH-01A-11R-A12D-07,0.9460683518483595,1
TCGA-A7-A26F-01B-04R-A22O-07,0.9040147279332578,1
TCGA-04-1337-01A-01R-1564-13,0.7306985747723156,1
TCGA-EB-A6QZ-01A-12R-A32P-07,0.454549762843655,1
TCGA-AK-3444-01A-02R-1325-07,0.517956293421301,0
TCGA-B0-5092-01A-01R-1420-07,0.6014570336460111,1
TCGA-A8-A09A-01A-11R-A00Z-07,0.8729077316890503,1
TCGA-LN-A49O-01A-11R-A24K-31,0.9120363035272516,1
TCGA-61-1737-01A-01R-1567-13,0.8067548017170882,1
TCGA-EJ-A46H-01A-31R-A26U-07,0.5051708247044908,0
TCGA-B6-A0X5-01A-21R-A109-07,0.9506449698967887,1
TCGA-C8-A26X-01A-31R-A16F-07,0.9232769841844505,0
TCGA-21-1077-01A-01R-0692-07,0.3970884834613144,1
TCGA-GM-A2DD-01A-11R-A180-07,0.8935115255119522,1
TCGA-BP-4326-01A-01R-1289-07,0.7868556196046878,0
TCGA-DA-A960-01A-11R-A37K-07,0.5677775888613429,1
TCGA-94-A5I4-01A-11R-A26W-07,0.5545193224444211,1
TCGA-AA-3520-01A-01R-0821-07,0.5866922546048747,1
TCGA-2Y-A9H1-01A-11R-A38B-07,0.25408450749927525,1
TCGA-63-A5ML-01A-31R-A27Q-07,0.4558986621401033,1
TCGA-KK-A8IB-01A-11R-A36G-07,0.7459439691252844,0
TCGA-AA-3947-01A-01R-1022-07,0.47942804236667114,1
TCGA-B8-4621-01A-01R-1503-07,0.8558944536195533,1
TCGA-S3-AA11-01A-31R-A41B-07,0.888309661972094,1
TCGA-BH-A0BM-01A-11R-A056-07,0.835595142225937,1
TCGA-AK-3447-01A-01R-1766-07,0.8252163789686079,1
TCGA-E2-A1IO-01A-11R-A144-07,0.8853672832400429,1
TCGA-BP-5185-01A-01R-1426-07,0.43430283391248037,1
TCGA-LL-A5YO-01A-21R-A28M-07,0.8672424353137438,0
TCGA-A3-3347-01A-02R-1325-07,0.6878363307961062,1
TCGA-60-2709-01A-21R-1820-07,0.2804497052358356,0
TCGA-DD-A1EK-01A-11R-A213-07,0.37022337647620335,1
TCGA-BH-A0HU-01A-11R-A034-07,0.92309688253104,0
TCGA-HZ-7289-01A-11R-2156-07,0.9318228551332501,1
TCGA-33-4566-01A-01R-1443-07,0.6917122431061954,1
TCGA-EJ-5504-01A-01R-1580-07,0.5233780327298653,1
TCGA-IB-7654-01A-11R-2156-07,0.9064404741761768,1
TCGA-2Z-A9JD-01A-11R-A42S-07,0.5190883265756722,1
TCGA-BH-A18L-01A-32R-A12D-07,0.8949191877176151,1
TCGA-38-A44F-01A-11R-A24H-07,0.43602241417487425,0
TCGA-YL-A8SB-01A-31R-A37L-07,0.5657304661555638,1
TCGA-46-3768-01A-01R-0980-07,0.4265088279540684,1
TCGA-AR-A24U-01A-11R-A169-07,0.8895296267015445,1
TCGA-AO-A0JD-01A-11R-A056-07,0.9337160260219548,1
TCGA-A2-A0T1-01A-21R-A084-07,0.8966149011631068,1
TCGA-D8-A1JH-01A-11R-A13Q-07,0.7083805829097516,1
TCGA-BP-5194-01A-02R-1426-07,0.2572010528241698,1
TCGA-RB-AA9M-01A-11R-A39D-07,0.8199191443987576,1
TCGA-A4-7915-01A-11R-2204-07,0.6474662888720354,1
TCGA-AA-3867-01A-01R-1022-07,0.6282899675466304,1
TCGA-3A-A9IH-01A-12R-A39D-07,0.804107333625549,1
TCGA-E2-A570-01A-11R-A29R-07,0.8946829745796344,1
TCGA-D5-5540-01A-01R-1653-07,0.36489017725796435,0
TCGA-B0-4839-01A-01R-1305-07,0.5687601266840288,1
TCGA-FS-A1ZN-01A-11R-A18T-07,0.5427758222946835,1
TCGA-D8-A1Y1-01A-21R-A14M-07,0.9103183464123197,1
TCGA-57-1993-01A-01R-1568-13,0.6659530452895466,1
TCGA-E9-A3X8-01A-31R-A22U-07,0.5519664159048221,1
TCGA-86-8073-01A-11R-2241-07,0.8189657817124585,1
TCGA-ZG-A8QW-01A-11R-A37L-07,0.8102687981883009,1
TCGA-AK-3458-01A-01R-1503-07,0.5984343084264482,1
TCGA-L5-A88S-01A-11R-A36D-31,0.921707979845821,1
TCGA-DD-A4NJ-01A-11R-A27V-07,0.5223105022279351,0
TCGA-55-6985-01A-11R-1949-07,0.6982916536040119,1
TCGA-78-7147-01A-11R-2039-07,0.8254484753078479,0
TCGA-AK-3429-01A-02R-1325-07,0.6625855860370881,0
TCGA-AR-A2LH-01A-31R-A18M-07,0.9229617902419375,0
TCGA-WX-AA47-01A-11R-A39D-07,0.5512639211620802,0
TCGA-04-1536-01A-01R-1566-13,0.7852455571060812,1
TCGA-L3-A524-01A-11R-A262-07,0.5117362566861978,1
TCGA-91-6848-01A-11R-1949-07,0.7671603373832369,1
TCGA-24-2027-01A-01R-1567-13,0.720091110702098,1
TCGA-H9-A6BX-01A-31R-A311-07,0.4887971804403987,1
TCGA-G9-6354-01A-11R-A311-07,0.3997082553375919,1
TCGA-10-0937-01A-02R-1564-13,0.6527217015950552,1
TCGA-B6-A0RN-01A-12R-A084-07,0.8479711535909864,1
TCGA-86-8056-01A-11R-2241-07,0.6794485724347177,0
TCGA-95-8039-01A-11R-2241-07,0.786159658625704,0
TCGA-E9-A1R5-01A-11R-A14M-07,0.8868270120959086,0
TCGA-A3-3331-01A-02R-1325-07,0.5512906638690261,1
TCGA-18-3410-01A-01R-0980-07,0.6661202837238233,1
TCGA-22-5491-01A-01R-1635-07,0.32663614939648405,1
TCGA-A4-A7UZ-01A-12R-A355-07,0.7647830732104133,0
TCGA-L5-A4OS-01A-11R-A28J-31,0.8817417762910839,0
TCGA-AZ-6607-01A-11R-1839-07,0.6806728906547321,1
TCGA-B0-5077-01A-01R-1334-07,0.6939983921293462,0
TCGA-63-A5MW-01A-11R-A26W-07,0.681683145215949,0
TCGA-CK-6747-01A-11R-1839-07,0.5735849145695396,1
TCGA-A8-A06U-01A-11R-A00Z-07,0.9121738880573755,1
TCGA-CC-A5UD-01A-11R-A28V-07,0.7322382871782599,1
TCGA-44-A47A-01A-21R-A24H-07,0.7711933873603312,0
TCGA-EW-A1IZ-01A-11R-A13Q-07,0.9262869708701075,1
TCGA-24-2019-01A-02R-1568-13,0.7400139847955608,1
TCGA-EW-A1IX-01A-12R-A144-07,0.8529916127414062,1
TCGA-13-0897-01A-01R-1564-13,0.6986323444008237,1
TCGA-A8-A06Q-01A-11R-A034-07,0.914836910457714,1
TCGA-A2-A4RX-01A-11R-A266-07,0.8984498440047716,1
TCGA-E9-A1RC-01A-11R-A157-07,0.8884693786170528,1
TCGA-AA-3814-01A-01R-0905-07,0.4697328151655827,1
TCGA-DD-AACH-01A-11R-A41C-07,0.6851650715569765,1
TCGA-AA-3496-01A-21R-1839-07,0.6717437986310701,1
TCGA-69-7974-01A-11R-2187-07,0.7208286726926375,0
TCGA-24-1431-01A-01R-1566-13,0.7761722864593227,1
TCGA-B6-A1KI-01A-11R-A14M-07,0.8930929470160889,0
TCGA-AK-3461-01A-02R-1277-07,0.6087440686495924,1
TCGA-DD-A11D-01A-11R-A131-07,0.2578603534582232,1
TCGA-22-4594-01A-01R-1201-07,0.6841678904050159,1
TCGA-GN-A8LN-01A-11R-A37K-07,0.6056318277321034,1
TCGA-A4-7286-01A-11R-A32Z-07,0.32444863389398115,0
TCGA-G9-6362-01A-11R-1789-07,0.7472383995446763,1
TCGA-ED-A7PZ-01A-11R-A33R-07,0.5428654148083895,1
TCGA-77-7139-01A-11R-2045-07,0.5164922216040416,1
TCGA-AT-A5NU-01A-11R-A28H-07,0.3349894084394776,1
TCGA-G9-6348-01A-11R-1789-07,0.6827521070652556,1
TCGA-CM-5868-01A-01R-1653-07,0.5746205660190422,0
TCGA-80-5607-01A-31R-1949-07,0.8094240031716535,1
TCGA-DD-A4ND-01A-11R-A266-07,0.6216375557425637,1
TCGA-AK-3443-01A-02R-1325-07,0.8696762607504007,1
TCGA-BH-A28Q-01A-11R-A16F-07,0.8483019936526567,1
TCGA-62-A470-01A-11R-A24H-07,0.709024537947087,1
TCGA-85-A5B5-01A-21R-A26W-07,0.5083272464393878,1
TCGA-GN-A4U5-01A-11R-A32P-07,0.503200847420823,1
TCGA-A7-A2KD-01A-31R-A21T-07,0.9060234900510213,0
TCGA-5R-AAAM-01A-12R-A41C-07,0.2617191987169705,1
TCGA-AA-3952-01A-01R-1022-07,0.7040722363261612,1
TCGA-E9-A1NC-01A-21R-A26B-07,0.898229334199212,1
TCGA-E9-A229-01A-31R-A157-07,0.8391719061867778,0
TCGA-55-A494-01A-11R-A24X-07,0.8036069758549659,1
TCGA-D8-A1XL-01A-11R-A14M-07,0.9071022488901187,1
TCGA-YL-A8SI-01A-11R-A41O-07,0.3495535227745348,1
TCGA-61-1911-01A-01R-1567-13,0.763810694528619,1
TCGA-56-1622-01A-01R-0692-07,0.6101952318953504,0
TCGA-C8-A26Z-01A-11R-A16F-07,0.8800381141914214,1
TCGA-V5-A7RB-01A-11R-A354-31,0.885882133267285,1
TCGA-OL-A66H-01A-11R-A29R-07,0.8818126735513044,1
TCGA-AC-A3OD-01A-11R-A21T-07,0.8812945312686978,0
TCGA-A4-8516-01A-11R-2404-07,0.4002752172820711,0
TCGA-EJ-A7NN-01A-11R-A33R-07,0.8270604432401182,1
TCGA-A8-A06Y-01A-21R-A00Z-07,0.9129034728049477,1
TCGA-EB-A5VU-01A-21R-A32P-07,0.641179497076384,1
TCGA-HC-7232-01A-11R-2118-07,0.6913296137918866,1
TCGA-2L-AAQL-01A-11R-A38C-07,0.7582637345193579,1
TCGA-BF-A3DM-01A-11R-A20F-07,0.6954089979543461,0
TCGA-GM-A2DI-01A-31R-A18M-07,0.8775394963636797,1
TCGA-CJ-4635-01A-02R-1305-07,0.6658106488276423,0
TCGA-FV-A4ZP-01A-12R-A266-07,0.42385164282431337,1
TCGA-IH-A3EA-01A-11R-A20F-07,0.3841887618195886,1
TCGA-HC-7075-01A-11R-1965-07,0.46615479036988433,1
TCGA-5P-A9K6-01A-11R-A42S-07,0.1973268901024875,1
TCGA-DM-A28K-01A-21R-A32Y-07,0.5860902918839799,0
TCGA-BP-4962-01A-01R-1334-07,0.5637222795723275,1
TCGA-53-7624-01A-11R-2066-07,0.8676266698706824,1
TCGA-AA-3854-01A-01R-0905-07,0.5561181251067984,1
TCGA-OL-A5RW-01A-11R-A28M-07,0.9212688835495272,0
TCGA-E9-A1RI-01A-11R-A169-07,0.793720286985204,1
TCGA-A7-A4SB-01A-21R-A266-07,0.9158251677184953,1
TCGA-A3-3306-01A-01R-0864-07,0.7543578117169001,1
TCGA-G9-6371-01A-11R-1789-07,0.4658512719166139,1
TCGA-E9-A243-01A-21R-A169-07,0.9206581276792449,1
TCGA-A7-A0CG-01A-12R-A056-07,0.8296620182076191,0
TCGA-E9-A3HO-01A-11R-A213-07,0.8582768051515149,1
TCGA-B6-A408-01A-12R-A24H-07,0.8890912752613118,0
TCGA-24-1426-01A-01R-1565-13,0.759233522488708,0
TCGA-AC-A6IV-01A-12R-A33J-07,0.8134756383350741,0
TCGA-AS-3778-01A-01R-A32Z-07,0.46933486860785234,1
TCGA-C8-A1HG-01A-11R-A137-07,0.9050440082774045,1
TCGA-BQ-7059-01A-11R-1965-07,0.4952251339916075,1
TCGA-SX-A7SL-01A-11R-A355-07,0.4516259632825431,1
TCGA-13-1492-01A-01R-1565-13,0.7935109453713924,1
TCGA-BP-4970-01A-01R-1334-07,0.4480305612907353,1
TCGA-HE-7128-01A-11R-1965-07,0.27733279362867824,1
TCGA-61-1733-01A-01R-1567-13,0.7783632164230546,0
TCGA-LL-A5YL-01A-12R-A29R-07,0.8308605925037928,1
TCGA-DD-A3A8-01A-11R-A22L-07,0.24892278510516594,1
TCGA-AK-3450-01A-02R-1277-07,0.6395409924374631,1
TCGA-EW-A2FS-01A-11R-A17B-07,0.8875308403058406,1
TCGA-A2-A0T6-01A-11R-A084-07,0.8453931624832266,1
TCGA-FV-A496-01A-11R-A266-07,0.528284597717746,1
TCGA-75-7027-01A-11R-1949-07,0.7759061774114525,1
TCGA-43-3394-01A-01R-0980-07,0.4809503899751326,1
TCGA-CZ-5455-01A-01R-1503-07,0.6222529150484563,1
TCGA-AA-3831-01A-01R-0905-07,0.5062390089465416,1
TCGA-NH-A8F7-01A-11R-A41B-07,0.6032120566535328,1
TCGA-FB-A4P6-01A-12R-A26U-07,0.834248096522212,1
TCGA-VP-A87E-01A-31R-A352-07,0.5493689473659795,1
TCGA-BH-A0DD-01A-31R-A12P-07,0.8279505316756577,1
TCGA-CM-4744-01A-01R-A32Z-07,0.49141186446605245,1
TCGA-IG-A8O2-01A-11R-A36D-31,0.9365121178457241,1
TCGA-A8-A07P-01A-11R-A00Z-07,0.8479242015230815,1
TCGA-J4-A67Q-01A-21R-A30B-07,0.24922964190667704,1
TCGA-A3-3387-01A-01R-1541-07,0.627102841222331,1
TCGA-IB-7647-01A-11R-2156-07,0.914078971181388,1
TCGA-98-8022-01A-11R-2247-07,0.7314051314867767,1
TCGA-J2-8194-01A-11R-2241-07,0.770473976390841,1
TCGA-BP-5189-01A-02R-1426-07,0.3970272181064889,0
TCGA-24-2293-01A-01R-1568-13,0.67033495837703,1
TCGA-DD-A1EA-01A-11R-A131-07,0.5583797276237099,1
TCGA-JY-A6FB-01A-11R-A336-31,0.8258600847682527,1
TCGA-60-2716-01A-01R-0851-07,0.7896751202801551,1
TCGA-A1-A0SF-01A-11R-A144-07,0.9510768715823029,1
TCGA-78-7148-01A-11R-2039-07,0.7993713754517041,1
TCGA-85-7696-01A-11R-2125-07,0.587935276777382,1
TCGA-25-1319-01A-01R-1565-13,0.794653054106419,1
TCGA-44-A47B-01A-11R-A24H-07,0.8176312202458011,1
TCGA-L5-A88W-01A-11R-A354-31,0.9222948871430695,1
TCGA-85-A4CL-01A-41R-A26W-07,0.5767285293151584,1
TCGA-44-A4SU-01A-11R-A24X-07,0.6990663847243485,1
TCGA-2Y-A9GX-01A-11R-A38B-07,0.28167013046399464,1
TCGA-G4-6586-01A-11R-1774-07,0.5685570262734659,1
TCGA-68-A59J-01A-21R-A26W-07,0.6126356958567859,0
TCGA-G6-A5PC-01A-11R-A33J-07,0.55717502587522,1
TCGA-IG-A50L-01A-11R-A260-31,0.9220493407786782,0
TCGA-43-6770-01A-11R-1820-07,0.4480107332641945,0
TCGA-57-1584-01A-01R-1566-13,0.7396295741319899,1
TCGA-AC-A2B8-01A-11R-A17B-07,0.8453368795428764,1
TCGA-A4-A57E-01A-11R-A26U-07,0.769208381360467,1
TCGA-24-1471-01A-01R-1566-13,0.7447244635778304,1
TCGA-56-7579-01A-11R-2045-07,0.564169079328246,1
TCGA-KK-A59Y-01A-11R-A26U-07,0.6823182634381956,1
TCGA-A7-A26H-01A-11R-A169-07,0.8276009418360345,0
TCGA-DV-5573-01A-01R-1541-07,0.7916980258253024,1
TCGA-AC-A3TM-01A-11R-A22K-07,0.5754329394726456,1
TCGA-KK-A6E3-01A-21R-A30B-07,0.34447009584803057,1
TCGA-25-2398-01A-01R-1569-13,0.7162177383874803,1
TCGA-25-1631-01A-01R-1569-13,0.7348314803764309,1
TCGA-B0-4710-01A-01R-1503-07,0.7439826288064291,0
TCGA-BD-A2L6-01A-11R-A213-07,0.32775913137330515,0
TCGA-85-8664-01A-11R-2403-07,0.6318511284066509,1
TCGA-59-2352-01A-01R-1569-13,0.7412390683565507,1
TCGA-97-8179-01A-11R-2287-07,0.7700015614028031,0
TCGA-CW-5590-01A-01R-1541-07,0.6682034198039857,0
TCGA-24-1424-01A-01R-1565-13,0.7010566366585568,0
TCGA-GM-A3XL-01A-11R-A22U-07,0.9117739961897294,1
TCGA-D8-A1JA-01A-11R-A13Q-07,0.8558222386414089,1
TCGA-EB-A85J-01A-12R-A352-07,0.49166042308300956,1
TCGA-HV-A7OL-01A-11R-A33R-07,0.7711145337052366,0
TCGA-55-8087-01A-11R-2241-07,0.7497358628791443,1
TCGA-55-6978-01A-11R-1949-07,0.5360466266492144,0
TCGA-BP-4332-01A-01R-1289-07,0.5757804248539482,1
TCGA-57-1586-01A-02R-1567-13,0.7411370396463075,0
TCGA-5P-A9JV-01A-12R-A42S-07,0.7727485116916175,0
TCGA-A2-A1G0-01A-11R-A13Q-07,0.8899812905550416,0
TCGA-BP-4985-01A-01R-1334-07,0.87691990988338,1
TCGA-US-A774-01A-21R-A32O-07,0.7505637987598787,0
TCGA-V7-A7HQ-01A-11R-A33J-07,0.5651901353998509,1
TCGA-B0-4817-01A-01R-1277-07,0.8048365349099043,1
TCGA-61-1738-01A-01R-1567-13,0.8096987396046785,1
TCGA-A6-2681-01A-01R-1410-07,0.352952973161595,1
TCGA-22-4609-01A-21R-2125-07,0.37918413092759834,0
TCGA-HC-A6AN-01A-11R-A30B-07,0.5799653132397516,1
TCGA-AN-A0AM-01A-11R-A034-07,0.9571962803640447,1
TCGA-B2-5636-01A-02R-1541-07,0.5511816392725621,0
TCGA-59-2348-01A-01R-1569-13,0.815709316522781,0
TCGA-EJ-5531-01A-01R-1580-07,0.4864684055633946,0
TCGA-D8-A4Z1-01A-21R-A266-07,0.7198511872942251,0
TCGA-BH-A0BV-01A-11R-A00Z-07,0.8915143204791854,1
TCGA-DD-AAEA-01A-11R-A41C-07,0.34930129550112904,1
TCGA-49-6761-01A-31R-1949-07,0.8350265479428326,1
TCGA-95-7043-01A-11R-1949-07,0.8689504865716262,1
TCGA-AD-6890-01A-11R-1928-07,0.5411255058273322,1
TCGA-97-8547-01A-11R-2403-07,0.7526577715279287,1
TCGA-XP-A8T6-01A-11R-A36D-31,0.920254150755001,1
TCGA-70-6722-01A-11R-1820-07,0.6356886558149014,1
TCGA-DD-AAVY-01A-11R-A41C-07,0.251534532961152,0
TCGA-A2-A3XS-01A-11R-A22U-07,0.9039936308128127,1
TCGA-A2-A0YL-01A-21R-A109-07,0.8084719373087365,1
TCGA-3A-A9IS-01A-21R-A39D-07,0.9218532286053014,1
TCGA-73-4666-01A-01R-1206-07,0.7120977819045737,1
TCGA-24-1467-01A-01R-1566-13,0.6913814008478915,0
TCGA-85-7699-01A-11R-2125-07,0.42800160995070097,1
TCGA-A8-A07B-01A-11R-A00Z-07,0.9082185910060451,0
TCGA-AA-A01P-01A-21R-A083-07,0.6481404882564447,1
TCGA-AC-A62X-01A-11R-A29R-07,0.9418360496915186,1
TCGA-A2-A0YH-01A-11R-A109-07,0.8982345273219171,1
TCGA-D8-A1XS-01A-11R-A14M-07,0.8332164645947423,1
TCGA-BH-A0E2-01A-11R-A056-07,0.9120136062582648,1
TCGA-13-0888-01A-01R-1564-13,0.6529668890778497,1
TCGA-IG-A4QS-01A-11R-A260-31,0.8920815123275989,1
TCGA-A6-2680-01A-01R-1410-07,0.3772682576872394,0
TCGA-A4-7997-01A-11R-2204-07,0.5694916285513077,1
TCGA-93-A4JO-01A-21R-A24X-07,0.7027323979346957,1
TCGA-KV-A74V-01A-11R-A33Z-07,0.38056874574116606,1
TCGA-G4-6588-01A-11R-1774-07,0.6239126326820433,1
TCGA-J4-A83L-01A-11R-A352-07,0.39936484205406425,1
TCGA-5T-A9QA-01A-11R-A41B-07,0.9154130292112714,0
TCGA-49-6744-01A-11R-1858-07,0.6598389485960848,1
TCGA-CK-4948-01B-11R-1653-07,0.5183995367467678,1
TCGA-77-7142-01A-11R-2045-07,0.6375807938471127,1
TCGA-ZG-A9M4-01A-11R-A41O-07,0.8771678319858884,1
TCGA-44-A479-01A-31R-A24H-07,0.6832158681040649,1
TCGA-AA-3511-01A-21R-1839-07,0.6051553670993598,1
TCGA-66-2758-01A-02R-0851-07,0.5220111566014775,1
TCGA-24-2290-01A-01R-1568-13,0.7575270140691249,1
TCGA-75-5125-01A-01R-1755-07,0.7784771399375445,1
TCGA-L9-A7SV-01A-11R-A39D-07,0.7946063823450679,1
TCGA-VP-A87K-01A-11R-A352-07,0.5530754103959787,1
TCGA-A6-A565-01A-31R-A28H-07,0.6174228186410577,1
TCGA-04-1364-01A-01R-1565-13,0.6981705017503118,1
TCGA-04-1350-01A-01R-1565-13,0.6601851732798929,1
TCGA-22-5471-01A-01R-1635-07,0.39313363323107997,1
TCGA-EB-A430-01A-11R-A24X-07,0.4461531664970112,0
TCGA-ZG-A9ND-01A-11R-A41O-07,0.6604431378203561,1
TCGA-23-1119-01A-02R-1565-13,0.7317714380430927,1
TCGA-CJ-4642-01B-01R-1305-07,0.9432482011650681,1
TCGA-24-1413-01A-01R-1565-13,0.633239476825062,1
TCGA-A8-A08A-01A-11R-A32Y-07,0.9013218836068466,1
TCGA-04-1519-01A-01R-1565-13,0.6668337321187128,1
TCGA-B6-A0RT-01A-21R-A084-07,0.90738773447787,1
TCGA-AC-A5XS-01A-11R-A29R-07,0.9108694604668989,1
TCGA-HC-8257-01A-11R-2263-07,0.7334992952832026,1
TCGA-CJ-4881-01A-01R-1305-07,0.767185710397392,0
TCGA-DD-AACY-01A-11R-A41C-07,0.3531679225788345,0
TCGA-CK-5915-01A-11R-1653-07,0.6202320310115463,1
TCGA-2Y-A9GZ-01A-11R-A39D-07,0.2822971583283164,1
TCGA-2H-A9GI-01A-11R-A37I-31,0.8402200708879459,1
TCGA-B6-A0IP-01A-11R-A034-07,0.8362697196565982,1
TCGA-AA-3811-01A-01R-1022-07,0.8058872832979952,1
TCGA-55-8208-01A-11R-2241-07,0.5414512439208122,1
TCGA-V9-A7HT-01A-11R-A33Z-07,0.3796106285346577,0
TCGA-C8-A12M-01A-11R-A115-07,0.9252907947475641,1
TCGA-BQ-5886-01A-11R-1592-07,0.43535846567175646,0
TCGA-GI-A2C9-01A-11R-A21T-07,0.9449803925175811,0
TCGA-G7-7502-01A-11R-2204-07,0.580751984708724,1
TCGA-2Z-A9JM-01A-12R-A42S-07,0.5810097299169447,1
TCGA-85-A4PA-01A-11R-A24Z-07,0.642100072796612,0
TCGA-C8-A12V-01A-11R-A115-07,0.9308068742991018,0
TCGA-HC-7745-01A-11R-2118-07,0.4514344284284434,1
TCGA-AC-A6IW-01A-12R-A33J-07,0.9107510232219859,1
TCGA-B0-5085-01A-01R-1334-07,0.3244977752416035,1
TCGA-AR-A1AU-01A-11R-A12P-07,0.921034283178961,0
TCGA-B8-5546-01A-01R-1541-07,0.8669259726000916,1
TCGA-77-7141-01A-11R-2045-07,0.6174589120022559,1
TCGA-AA-3534-01A-01R-0821-07,0.6091860848043109,1
TCGA-AA-3524-01A-02R-0821-07,0.5311999690926988,1
TCGA-24-2280-01A-01R-1568-13,0.7494725282122103,1
TCGA-IB-7897-01A-21R-2204-07,0.6137605132860415,0
TCGA-95-7039-01A-11R-1949-07,0.8112439694276634,0
TCGA-CJ-5680-01A-11R-1541-07,0.7737265733345936,1
TCGA-AR-A1AN-01A-11R-A12P-07,0.9131839203528538,1
TCGA-LL-A6FP-01A-11R-A31O-07,0.7852751672771529,1
TCGA-30-1714-01A-02R-1567-13,0.716122969635243,0
TCGA-E2-A15L-01A-11R-A12D-07,0.8862890534518256,1
TCGA-23-2077-01A-01R-1568-13,0.7083884574355137,1
TCGA-EJ-7123-01A-11R-1965-07,0.5159679559668326,1
TCGA-DD-AACI-01A-11R-A41C-07,0.4801713396451081,1
TCGA-A6-3808-01A-01R-1022-07,0.5708832845212679,0
TCGA-AA-3837-01A-01R-0905-07,0.5260871399395938,1
TCGA-95-7944-01A-11R-2187-07,0.7881527907332058,0
TCGA-A3-3320-01A-02R-1325-07,0.28536581803134076,1
TCGA-MM-A563-01A-11R-A266-07,0.5997843601191213,0
TCGA-77-8008-01A-21R-2187-07,0.42292282087421923,1
TCGA-G9-7519-01A-11R-2263-07,0.466175756056421,1
TCGA-BF-A5EP-01A-12R-A27Q-07,0.48442846293121794,1
TCGA-B0-5694-01A-11R-1541-07,0.6678098406721763,1
TCGA-E9-A1R7-01A-11R-A14M-07,0.8599260145493313,1
TCGA-G3-A7M5-01A-11R-A33R-07,0.35327543693356417,1
TCGA-A2-A0SV-01A-11R-A084-07,0.9212101695954902,1
TCGA-DW-7838-01A-11R-2139-07,0.5554073596739444,1
TCGA-AN-A04C-01A-21R-A034-07,0.8950308188431794,1
TCGA-77-6842-01A-11R-1949-07,0.6143064926960694,1
TCGA-B0-4688-01A-01R-1277-07,0.9021789466255424,1
TCGA-A2-A0YM-01A-11R-A109-07,0.9027408100313946,1
TCGA-JY-A6F8-01A-11R-A336-31,0.884928314181322,1
TCGA-F4-6808-01A-11R-1839-07,0.6166237319664655,1
TCGA-AC-A2BM-01A-11R-A21T-07,0.8786410042847393,1
TCGA-34-5236-01A-21R-1820-07,0.3567617228112403,1
TCGA-AZ-6598-01A-11R-1774-07,0.7791082140695852,1
TCGA-D8-A1X7-01A-11R-A14M-07,0.8964094661832287,1
TCGA-AN-A0FY-01A-11R-A034-07,0.9149241843626915,1
TCGA-AO-A03R-01A-21R-A034-07,0.9065516092182283,1
TCGA-CJ-4920-01A-01R-1426-07,0.5949625377644402,1
TCGA-LL-A442-01A-11R-A24H-07,0.8985305332497979,1
TCGA-V1-A9OY-01A-11R-A41O-07,0.6109537411595242,1
TCGA-DD-AAVZ-01A-11R-A41C-07,0.24172457778805662,1
TCGA-UZ-A9PL-01A-11R-A38C-07,0.48149033183174644,0
TCGA-CJ-4638-01A-02R-1325-07,0.665721820988388,1
TCGA-25-2401-01A-01R-1569-13,0.6507297209508737,1
TCGA-BP-4765-01A-01R-1289-07,0.641873361497696,1
TCGA-AN-A0FS-01A-11R-A034-07,0.8524009914610619,1
TCGA-B8-5162-01A-01R-1420-07,0.577024219110699,0
TCGA-EV-5901-01A-11R-1592-07,0.5546142847174371,1
TCGA-2Y-A9H0-01A-11R-A38B-07,0.4928033601579272,1
TCGA-B4-5836-01A-11R-1672-07,0.4773039221685492,1
TCGA-G9-6338-01A-12R-1965-07,0.7991987120392521,1
TCGA-HZ-A9TJ-01A-11R-A41I-07,0.8836020186011985,1
TCGA-D8-A1XT-01A-11R-A14M-07,0.9297420065220589,0
TCGA-E9-A1N6-01A-11R-A144-07,0.9195280632597647,0
TCGA-E2-A1IK-01A-11R-A144-07,0.8961904846663532,1
TCGA-CJ-5683-01A-11R-1541-07,0.7964505436185717,1
TCGA-KK-A8IF-01A-11R-A36G-07,0.8468078654234791,1
TCGA-QG-A5Z2-01A-11R-A28H-07,0.4097133272879493,1
TCGA-A1-A0SO-01A-22R-A084-07,0.9279332826199748,0
TCGA-E2-A154-01A-11R-A115-07,0.8968284850478359,1
TCGA-J9-A8CM-01A-11R-A352-07,0.8041965643158266,1
TCGA-AN-A0FV-01A-11R-A00Z-07,0.8942922293838773,1
TCGA-CM-6679-01A-11R-1839-07,0.5524931655306863,1
TCGA-77-8153-01A-11R-2403-07,0.3200204767223941,1
TCGA-BH-A0BJ-01A-11R-A056-07,0.9079316815980876,1
TCGA-AN-A0AL-01A-11R-A00Z-07,0.9396086249880795,1
TCGA-24-1928-01A-01R-1567-13,0.8037292133268886,1
TCGA-IB-7890-01A-12R-2204-07,0.7758794104151223,0
TCGA-E2-A15R-01A-11R-A115-07,0.8876909302913579,1
TCGA-BH-A0DT-01A-21R-A12D-07,0.8210326771331848,0
TCGA-Q3-A5QY-01A-12R-A32O-07,0.8109338175632302,0
TCGA-NJ-A4YI-01A-11R-A262-07,0.7505329414696158,1
TCGA-ZG-A9N3-01A-11R-A41O-07,0.9219655577114272,1
TCGA-2Z-A9JO-01A-11R-A42S-07,0.5558105897431498,1
TCGA-25-1626-01A-01R-1566-13,0.5307604958985261,1
TCGA-CC-5262-01A-01R-A131-07,0.3694106626838222,0
TCGA-57-1582-01A-01R-1566-13,0.7377844917918406,0
TCGA-WJ-A86L-01A-12R-A39D-07,0.5852436127575537,0
TCGA-GL-6846-01A-11R-1965-07,0.5940139153470615,1
TCGA-E9-A54X-01A-11R-A266-07,0.9323040800679202,1
TCGA-55-1594-01A-01R-0946-07,0.7941797746173174,0
TCGA-AA-3864-01A-01R-1022-07,0.5599476389466645,1
TCGA-49-6742-01A-11R-1858-07,0.8501656480267431,1
TCGA-H6-8124-01A-11R-2404-07,0.8806959270013196,1
TCGA-HC-7820-01A-11R-2118-07,0.3913052378520651,1
TCGA-AY-A8YK-01A-11R-A41B-07,0.5264477808060959,0
TCGA-34-8454-01A-11R-2326-07,0.5694771336751209,1
TCGA-A6-A56B-01A-31R-A28H-07,0.7305728961988412,0
TCGA-AR-A0U2-01A-11R-A109-07,0.8860051522812159,1
TCGA-BC-A112-01A-11R-A131-07,0.8094700922700243,1
TCGA-IB-7646-01A-11R-2156-07,0.8951757874507403,1
TCGA-V1-A9ZG-01A-11R-A41O-07,0.8549132944946576,1
TCGA-86-7953-01A-11R-2187-07,0.8040157033548336,1
TCGA-CZ-5451-01A-01R-1503-07,0.3198078397725662,1
TCGA-A6-6138-01A-11R-1774-07,0.6068662708061167,0
TCGA-GL-7966-01A-11R-2204-07,0.7935455122691809,1
TCGA-BP-4982-01A-01R-1334-07,0.14509931994368439,1
TCGA-B4-5835-01A-11R-1672-07,0.8719640063514086,1
TCGA-E9-A1NE-01A-21R-A14M-07,0.8617478994362405,1
TCGA-MH-A856-01A-11R-A355-07,0.4521149850435975,1
TCGA-EB-A299-01A-21R-A18U-07,0.7554942213080066,0
TCGA-V1-A8MF-01A-11R-A36G-07,0.7694469365007285,1
TCGA-G9-6361-01A-21R-1965-07,0.7303343497949913,1
TCGA-L5-A8NH-01A-11R-A37I-31,0.7612106366435265,0
TCGA-LN-A49P-01A-11R-A24K-31,0.9353719631758523,1
TCGA-E2-A14V-01A-11R-A12D-07,0.9013751980899184,1
TCGA-49-AAR4-01A-12R-A41B-07,0.6406099387255044,1
TCGA-IB-7885-01A-11R-2156-07,0.8331156396748224,0
TCGA-D8-A1XQ-01A-11R-A14M-07,0.9383986106618577,1
TCGA-AA-3872-01A-01R-1022-07,0.6547814994424845,0
TCGA-85-8070-01A-11R-2247-07,0.6720290787345516,1
TCGA-HI-7169-01A-11R-2118-07,0.5755419779301227,1
TCGA-HC-8213-01A-11R-A29R-07,0.4574651890495671,0
TCGA-CH-5754-01A-11R-1580-07,0.8358530212103946,1
TCGA-2A-A8W1-01A-11R-A37L-07,0.6147572226453059,1
TCGA-AA-3527-01A-01R-0821-07,0.2760223902185337,1
TCGA-G7-6797-01A-11R-1965-07,0.5039060446730298,1
TCGA-05-4403-01A-01R-1206-07,0.6188442420532007,1
TCGA-EW-A1IW-01A-11R-A13Q-07,0.901035365539782,1
TCGA-ZG-A9L0-01A-11R-A41O-07,0.8276650576736942,1
TCGA-56-8624-01A-11R-2403-07,0.7541924103918507,1
TCGA-D8-A1J8-01A-11R-A13Q-07,0.7664995919813141,1
TCGA-JY-A6FH-01A-11R-A336-31,0.9043402142687873,1
TCGA-09-0366-01A-01R-1564-13,0.7737548051190353,1
TCGA-A7-A6VV-01A-22R-A33J-07,0.9190503356952594,1
TCGA-L5-A4OG-01A-11R-A260-31,0.8055822280177076,1
TCGA-EJ-A65G-01A-21R-A29R-07,0.2508036989626067,1
TCGA-T9-A92H-01A-11R-A37K-07,0.5513757737521882,1
TCGA-AA-3685-01A-02R-A32Z-07,0.4205865567628011,1
TCGA-BP-4993-01A-02R-1420-07,0.39791992666270426,1
TCGA-B0-5690-01A-11R-1541-07,0.3944392596133325,1
TCGA-G3-AAV6-01A-21R-A37K-07,0.5677160179342232,1
TCGA-13-1505-01A-01R-1565-13,0.7238515586081774,1
TCGA-LD-A9QF-01A-32R-A41B-07,0.9018718973020109,1
TCGA-AA-3710-01A-01R-1022-07,0.5430374081885201,1
TCGA-85-7950-01A-11R-2187-07,0.6830823467699542,1
TCGA-A8-A07L-01A-11R-A00Z-07,0.9167563096251713,1
TCGA-55-A492-01A-11R-A24H-07,0.7228747820508405,0
TCGA-AZ-5403-01A-01R-1653-07,0.48413234170220487,1
TCGA-69-7765-01A-11R-2170-07,0.6252445539530721,1
TCGA-IB-8127-01A-11R-2404-07,0.8317590721674397,1
TCGA-E2-A1IJ-01A-11R-A144-07,0.8444108097269282,0
TCGA-YL-A9WK-01A-11R-A37L-07,0.6666600581822283,1
TCGA-A8-A09D-01A-11R-A00Z-07,0.9206949255174761,1
TCGA-DD-AADA-01A-11R-A41C-07,0.4193421680647504,1
TCGA-CH-5763-01A-11R-1580-07,0.47743832610951115,1
TCGA-CZ-4865-01A-02R-1503-07,0.7731776309182334,1
TCGA-BC-A10Z-01A-11R-A131-07,0.4913916176995138,1
TCGA-EB-A44P-01A-11R-A266-07,0.5417357704559999,0
TCGA-CC-A3MA-01A-11R-A213-07,0.7274131968031955,1
TCGA-AA-3673-01A-01R-0905-07,0.5584976428998905,1
TCGA-CZ-5982-01A-11R-1672-07,0.44477811663575306,1
TCGA-56-7223-01A-11R-2045-07,0.6562886780309601,1
TCGA-EB-A41A-01A-11R-A24X-07,0.5702733914718141,0
TCGA-IB-AAUS-01A-12R-A38C-07,0.6391036655912342,0
TCGA-B0-4828-01A-01R-1277-07,0.6542767306152596,1
TCGA-92-8065-01A-11R-2247-07,0.7377925535104355,1
TCGA-98-A53H-01A-12R-A262-07,0.5066412812327951,1
TCGA-05-4397-01A-01R-1206-07,0.8461889218284463,1
TCGA-HC-A6AO-01A-11R-A30B-07,0.6651959562872095,1
TCGA-E2-A108-01A-13R-A10J-07,0.8402829897093181,1
TCGA-23-1107-01A-01R-1564-13,0.694751777771047,1
TCGA-IA-A40X-01A-11R-A24Z-07,0.5404416079510743,1
TCGA-B4-5838-01A-11R-1672-07,0.6893472791515302,1
TCGA-24-1603-01A-01R-1566-13,0.6916218091881513,0
TCGA-R6-A6L4-01A-11R-A31P-31,0.9014878556300949,1
TCGA-B6-A0IE-01A-11R-A034-07,0.9049124398968368,1
TCGA-04-1517-01A-01R-1565-13,0.7668172864608267,1
TCGA-LA-A446-01A-21R-A24Z-07,0.43489337130460054,0
TCGA-C8-A1HF-01A-11R-A137-07,0.9222749292118863,1
TCGA-MP-A4TH-01A-31R-A262-07,0.5986077808266722,1
TCGA-AA-3848-01A-01R-0905-07,0.24628116687786059,0
TCGA-KV-A6GE-01A-11R-A31O-07,0.12082854308912884,1
TCGA-CC-A5UC-01A-11R-A28V-07,0.5119762062993791,1
TCGA-96-7544-01A-11R-2045-07,0.6057643897761786,0
TCGA-B6-A0X1-01A-11R-A109-07,0.9402736756435556,1
TCGA-AA-3553-01A-01R-0821-07,0.46414163999200586,0
TCGA-HC-7818-01A-11R-2118-07,0.5787144490197148,1
TCGA-DD-AADL-01A-11R-A41C-07,0.29207512104842254,1
TCGA-78-7542-01A-21R-2066-07,0.8191612563736056,1
TCGA-E2-A1B5-01A-21R-A12P-07,0.8988204615298058,1
TCGA-A6-2684-01A-01R-1410-07,0.4284370032545219,1
TCGA-BH-A1FD-01A-11R-A13Q-07,0.9389675927210478,1
TCGA-G9-6496-01A-11R-1789-07,0.7610112106168104,1
TCGA-EJ-8468-01A-21R-2403-07,0.530596588228624,1
TCGA-AR-A1AS-01A-11R-A12P-07,0.8826960284398725,0
TCGA-86-8674-01A-21R-2403-07,0.6978007857879642,1
TCGA-DD-A4NS-01A-11R-A311-07,0.6331606756687479,1
TCGA-BP-5170-01A-01R-1426-07,0.6313415686767038,1
TCGA-A8-A06P-01A-11R-A00Z-07,0.8683822832785938,1
TCGA-B0-4697-01A-01R-1277-07,0.6902308700923899,1
TCGA-33-6737-01A-11R-1820-07,0.6346639017867649,1
TCGA-85-A512-01A-11R-A26W-07,0.6078331772648153,1
TCGA-55-8511-01A-11R-2403-07,0.8038224659121374,1
TCGA-VP-A878-01A-31R-A352-07,0.691102805995913,0
TCGA-BH-A0DZ-01A-11R-A00Z-07,0.917206037766484,1
TCGA-D5-6931-01A-11R-1928-07,0.5719177554962319,0
TCGA-50-5044-01A-21R-1858-07,0.7542272500817315,0
TCGA-A2-A4RY-01A-31R-A266-07,0.6795561236070058,1
TCGA-EJ-7331-01A-11R-2118-07,0.2959004707420712,1
TCGA-CZ-4864-01A-01R-1503-07,0.37820174194725903,1
TCGA-4A-A93W-01A-11R-A37K-07,0.38552921979771704,1
TCGA-AA-3655-01A-02R-1723-07,0.6777977833935542,0
TCGA-CM-6678-01A-11R-1839-07,0.5848393335593709,1
TCGA-AA-A02J-01A-01R-A00A-07,0.39029290266369737,1
TCGA-DD-AAVR-01A-11R-A41C-07,0.42927034769581757,0
TCGA-23-1123-01A-01R-1565-13,0.7234321107397363,1
TCGA-L5-A43H-01A-11R-A24K-31,0.919205997600884,1
TCGA-EJ-7791-01A-11R-2118-07,0.36925490717649423,1
TCGA-B6-A0RO-01A-22R-A084-07,0.8869514309086669,0
TCGA-96-8169-01A-11R-2296-07,0.5019171970201657,1
TCGA-E2-A10E-01A-21R-A10J-07,0.8100994547284947,1
TCGA-EJ-5518-01A-01R-1580-07,0.7843587187046785,1
TCGA-5P-A9K0-01A-11R-A42S-07,0.45423436085494756,1
TCGA-AO-A0JM-01A-21R-A056-07,0.9015168792112271,1
TCGA-56-6545-01A-11R-1820-07,0.5451936389591108,1
TCGA-CJ-4643-01A-02R-1325-07,0.25655522966678024,0
TCGA-DZ-6135-01A-11R-1965-07,0.5600024395983174,0
TCGA-QU-A6IN-01A-11R-A31N-07,0.4539939471209255,1
TCGA-EW-A1P6-01A-11R-A144-07,0.8615907300256467,1
TCGA-BH-A0E6-01A-11R-A034-07,0.9374273497756267,1
TCGA-04-1347-01A-01R-1564-13,0.6446590289650763,0
TCGA-NH-A6GB-01A-11R-A37K-07,0.599762917814537,1
TCGA-50-5072-01A-21R-1858-07,0.7331543399272288,1
TCGA-O2-A52Q-01A-11R-A26W-07,0.5397386834839627,1
TCGA-AC-A23C-01A-12R-A169-07,0.8549585160784028,1
TCGA-TP-A8TV-01A-11R-A41O-07,0.6389629205982,0
TCGA-63-A5MN-01A-22R-A27Q-07,0.5589536052751044,0
TCGA-OL-A5D6-01A-21R-A27Q-07,0.8773488355852355,1
TCGA-55-8097-01A-11R-2241-07,0.7464013978295436,0
TCGA-EW-A1OX-01A-11R-A144-07,0.9070768738727615,1
TCGA-13-0804-01A-01R-1564-13,0.6806056777254438,1
TCGA-A2-A25D-01A-12R-A16F-07,0.936495281153259,1
TCGA-24-1549-01A-01R-1566-13,0.7962378426714111,1
TCGA-XK-AAJR-01A-11R-A41O-07,0.6371872204451869,1
TCGA-CW-5588-01A-01R-1541-07,0.6744686316018675,1
TCGA-SX-A71V-01A-11R-A33Z-07,0.31307268904267455,1
TCGA-BQ-7049-01A-11R-1965-07,0.6078622468171457,1
TCGA-BQ-5876-01A-11R-1592-07,0.7234661958454807,0
TCGA-B6-A0IJ-01A-11R-A034-07,0.9262782265818102,1
TCGA-55-A491-01A-11R-A24H-07,0.8089562077860891,1
TCGA-E2-A1L9-01A-11R-A13Q-07,0.8443827453199713,1
TCGA-44-8117-01A-11R-2241-07,0.8067805152633063,1
TCGA-JY-A93D-01A-11R-A38D-31,0.754940709840854,1
TCGA-AO-A0J3-01A-11R-A034-07,0.8827147410672245,0
TCGA-A3-A8OU-01A-11R-A37O-07,0.6265395351916675,0
TCGA-63-A5M9-01A-11R-A26W-07,0.5049444486517678,1
TCGA-86-8585-01A-11R-2403-07,0.7817180708622269,0
TCGA-13-0762-01A-01R-1564-13,0.7389564024928369,1
TCGA-KK-A7B4-01A-11R-A32O-07,0.7611620461124672,0
TCGA-MP-A4SV-01A-11R-A24X-07,0.7271577208659139,0
TCGA-LD-A7W5-01A-22R-A352-07,0.9109137169142041,0
TCGA-IZ-A6M8-01A-11R-A31O-07,0.21345550944806205,0
TCGA-CW-5585-01A-01R-1541-07,0.6588424996539943,1
TCGA-BH-A0B2-01A-11R-A10J-07,0.8684687289552402,1
TCGA-AC-A2FK-01A-12R-A180-07,0.6032950331571312,1
TCGA-ER-A19K-01A-21R-A18T-07,0.4273438598891686,0
TCGA-DD-A4NR-01A-11R-A311-07,0.5752354598295024,0
TCGA-D8-A27T-01A-11R-A16F-07,0.8521921566365708,1
TCGA-96-7545-01A-21R-2045-07,0.49455900084957466,1
TCGA-21-1081-01A-01R-0692-07,0.6495274081147219,1
TCGA-AR-A2LL-01A-11R-A180-07,0.903967143923937,1
TCGA-J4-A83M-01A-11R-A352-07,0.4773477666653293,1
TCGA-DD-AADF-01A-11R-A41C-07,0.3256357610787337,1
TCGA-B4-5377-01A-01R-1503-07,0.4886499776710968,1
TCGA-B8-5158-01A-01R-1420-07,0.7228533765681681,1
TCGA-25-1326-01A-01R-1565-13,0.77770716555433,1
TCGA-DD-A1EB-01A-11R-A131-07,0.378489831012379,1
TCGA-63-A5MJ-01A-11R-A27Q-07,0.5479261002598438,1
TCGA-B9-4115-01A-01R-1193-07,0.5441843015791644,1
TCGA-B8-4619-01A-02R-1325-07,0.879031916247188,1
TCGA-AA-3554-01A-01R-0826-07,0.49637077637467636,0
TCGA-2Y-A9H3-01A-11R-A38B-07,0.3882506554732245,1
TCGA-55-7728-01A-11R-2187-07,0.5006823572911372,1
TCGA-BP-5181-01A-01R-1426-07,0.5373725908957733,1
TCGA-DM-A1D8-01A-11R-A155-07,0.6969492707377225,1
TCGA-SX-A71S-01A-11R-A33Z-07,0.2354038579277828,1
TCGA-D8-A1XF-01A-11R-A14D-07,0.8990330849697514,1
TCGA-24-1474-01A-01R-1566-13,0.7347175853072834,1
TCGA-KC-A4BN-01A-61R-A250-07,0.378300370853197,1
TCGA-A3-3328-01A-01R-0864-07,0.9052757001145186,0
TCGA-HN-A2OB-01A-21R-A27Q-07,0.7307547983366971,1
TCGA-29-1698-01A-01R-1567-13,0.7428841218274256,0
TCGA-20-1686-01A-01R-1566-13,0.8300992520357804,1
TCGA-50-5939-01A-11R-1628-07,0.7942556249122199,1
TCGA-A7-A3J1-01A-11R-A213-07,0.896633132694174,1
TCGA-36-1570-01A-01R-1566-13,0.7713252720469274,1
TCGA-AA-3521-01A-01R-0821-07,0.5821164366024442,1
TCGA-FC-7708-01A-11R-2118-07,0.5513184168545682,0
TCGA-VG-A8LO-01A-11R-A406-31,0.7182226124908158,1
TCGA-NK-A5CX-01A-11R-A26W-07,0.5098279523146981,1
TCGA-OL-A97C-01A-32R-A41B-07,0.9432144000231271,1
TCGA-E2-A158-01A-11R-A12D-07,0.9525012028684652,1
TCGA-HC-8256-01A-11R-2263-07,0.47221144853622177,1
TCGA-A7-A0CE-01A-11R-A00Z-07,0.9545029113406406,1
TCGA-AR-A1AL-01A-21R-A12P-07,0.7000166959090128,1
TCGA-E2-A3DX-01A-21R-A213-07,0.8592475206939854,1
TCGA-A2-A3XT-01A-11R-A22U-07,0.9337476933282401,0
TCGA-50-8457-01A-11R-2326-07,0.664616506024983,1
TCGA-LL-A6FQ-01A-11R-A31O-07,0.7175422304087965,1
TCGA-2H-A9GK-01A-11R-A37I-31,0.8285084448976141,1
TCGA-G3-A5SM-01A-12R-A28V-07,0.3489938769811825,1
TCGA-AR-A1AX-01A-11R-A12P-07,0.9003736217822367,1
TCGA-A2-A4S3-01A-21R-A266-07,0.9033035051270946,1
TCGA-21-A5DI-01A-31R-A26W-07,0.4697419748178037,1
TCGA-24-0966-01A-01R-1564-13,0.5829689901174057,0
TCGA-BH-A0H7-01A-13R-A056-07,0.8970426942321515,1
TCGA-97-7554-01A-11R-2039-07,0.7352516160935899,1
TCGA-IB-7886-01A-11R-2156-07,0.8468301702127463,1
TCGA-61-1728-01A-01R-1568-13,0.6933599805121141,1
TCGA-GM-A5PX-01A-12R-A28M-07,0.8024979297039061,1
TCGA-EJ-5494-01A-01R-1580-07,0.8254881998396197,1
TCGA-AZ-6605-01A-11R-1839-07,0.49587740902513505,1
TCGA-GL-A9DE-01A-11R-A37K-07,0.26949997939539283,0
TCGA-Y8-A895-01A-11R-A36F-07,0.2637997397970555,0
TCGA-55-8206-01A-11R-2241-07,0.632176324509034,0
TCGA-85-8584-01A-11R-2403-07,0.6544924878528475,1
TCGA-AZ-4313-01A-01R-1410-07,0.35317983988897095,1
TCGA-EJ-AB20-01A-12R-A41O-07,0.6744160323880988,0
TCGA-43-8116-01A-11R-2247-07,0.5082364238405317,0
TCGA-97-7553-01A-21R-2039-07,0.5334810846141402,1
TCGA-VP-A87B-01A-11R-A352-07,0.6189110505092258,1
TCGA-BH-A0BA-01A-11R-A056-07,0.8903193288749025,1
TCGA-A3-3349-01A-01R-1188-07,0.31255304323633865,0
TCGA-EW-A1OW-01A-21R-A144-07,0.9177269878977181,0
TCGA-L5-A8NW-01A-11R-A37I-31,0.8516159929892909,1
TCGA-EJ-A65M-01A-11R-A29R-07,0.43936755182136794,1
TCGA-E2-A15P-01A-11R-A115-07,0.8820175559108097,1
TCGA-A8-A09G-01A-21R-A00Z-07,0.9201098992987657,1
TCGA-MN-A4N5-01A-11R-A24X-07,0.7952119533246369,0
TCGA-A2-A0YG-01A-21R-A109-07,0.888712649342844,1
TCGA-BH-A1EY-01A-11R-A13Q-07,0.9483400055955177,1
TCGA-CC-A9FU-01A-11R-A37K-07,0.47650473056473786,1
TCGA-A3-3335-01A-01R-0864-07,0.7721447773988463,1
TCGA-78-7154-01A-11R-2039-07,0.8120360623250175,1
TCGA-69-8255-01A-11R-2287-07,0.8162898996622968,1
TCGA-EJ-5502-01A-01R-1580-07,0.5098953438222203,0
TCGA-AO-A03P-01A-11R-A00Z-07,0.9210111581654283,1
TCGA-22-5478-01A-01R-1635-07,0.5780766595736248,1
TCGA-AA-3858-01A-01R-0905-07,0.5414143382333739,0
TCGA-HZ-8317-01A-11R-2404-07,0.8819461877410849,1
TCGA-AQ-A1H2-01A-11R-A13Q-07,0.9015652081717623,1
TCGA-LN-A49R-01A-11R-A24K-31,0.9218611790824094,1
TCGA-24-1464-01A-01R-1566-13,0.7265011258740729,1
TCGA-G3-A5SL-01A-11R-A27V-07,0.220658719078098,0
TCGA-VR-AA7B-01A-31R-A406-31,0.9199872367703755,1
TCGA-AC-A3QQ-01B-06R-A22O-07,0.8490749583502057,1
TCGA-AR-A24N-01A-11R-A169-07,0.8756309336234536,1
TCGA-D5-6531-01A-11R-1723-07,0.7175827382780762,1
TCGA-E9-A244-01A-11R-A169-07,0.9280856418472913,1
TCGA-B0-4852-01A-01R-1503-07,0.5639277621936819,1
TCGA-DD-AAW0-01A-11R-A41C-07,0.2837355789257332,1
TCGA-55-8506-01A-11R-2403-07,0.7855189451655418,1
TCGA-B9-5156-01A-01R-1592-07,0.4500628148452832,1
TCGA-D8-A27F-01A-11R-A16F-07,0.9262137659526665,1
TCGA-B4-5832-01A-11R-1672-07,0.6761827952020499,0
TCGA-CM-5341-01A-01R-1410-07,0.4893201060842403,1
TCGA-91-6831-01A-11R-1858-07,0.7504479501843938,0
TCGA-EJ-5526-01A-01R-1580-07,0.4656800673098582,1
TCGA-VP-A876-01A-11R-A352-07,0.6125761014441442,1
TCGA-E2-A576-01A-11R-A31O-07,0.7514742993112375,1
TCGA-J4-AATV-01A-11R-A41O-07,0.5131628388900935,0
TCGA-RC-A7SK-01A-11R-A352-07,0.33001776764125595,1
TCGA-BH-A1F2-01A-31R-A13Q-07,0.8053592762492693,0
TCGA-E2-A1BD-01A-11R-A12P-07,0.8541217533968801,1
TCGA-B8-5551-01A-01R-1541-07,0.7376165955401727,0
TCGA-49-AAR2-01A-11R-A39D-07,0.7368469298623959,0
TCGA-A1-A0SE-01A-11R-A084-07,0.8745411097239174,1
TCGA-D5-6534-01A-21R-1928-07,0.606374299847413,1
TCGA-A7-A426-01A-22R-A24H-07,0.7167876769683863,1
TCGA-56-8503-01A-11R-2403-07,0.4033518106206661,1
TCGA-B1-A654-01A-11R-A31O-07,0.22546211171208422,1
TCGA-AA-A029-01A-01R-A00A-07,0.46740659724157396,1
TCGA-D8-A27K-01A-11R-A16F-07,0.7633623230052117,1
TCGA-BP-4991-01A-01R-1334-07,0.4154607189547641,1
TCGA-24-1428-01A-01R-1564-13,0.7726087233442857,1
TCGA-10-0928-01A-02R-1564-13,0.7510504772442076,1
TCGA-M7-A71Y-01A-22R-A32O-07,0.5963882334488602,1
TCGA-G4-6299-01A-11R-1774-07,0.8328007718321496,1
TCGA-AK-3453-01A-02R-1277-07,0.6442274618399675,1
TCGA-E9-A247-01A-11R-A169-07,0.9278660513299593,1
TCGA-5P-A9K3-01A-11R-A42S-07,0.6927627678637684,1
TCGA-DD-A1EI-01A-11R-A131-07,0.4606093501845432,1
TCGA-B0-4823-01A-02R-1420-07,0.4143854822395269,1
TCGA-A2-A0CL-01A-11R-A115-07,0.9268674771334032,1
TCGA-VN-A88O-01A-11R-A352-07,0.5156525747415608,1
TCGA-A6-3810-01A-01R-1022-07,0.6411985847052268,1
TCGA-60-2724-01A-01R-0851-07,0.6073269897943802,1
TCGA-B3-3925-01A-02R-1351-07,0.25974493901738643,1
TCGA-G3-A7M8-01A-11R-A33R-07,0.3145339241969824,1
TCGA-AR-A5QP-01A-11R-A28M-07,0.9336386286780671,1
TCGA-CH-5767-01A-11R-1789-07,0.5892214403383618,1
TCGA-AR-A24S-01A-11R-A169-07,0.8938252677478719,0
TCGA-BH-A1FE-01A-11R-A13Q-07,0.8401494584248385,0
TCGA-EJ-7782-01A-11R-2118-07,0.7754616839204168,1
TCGA-55-8094-01A-11R-2241-07,0.8624335261321946,0
TCGA-77-8145-01A-11R-2247-07,0.528678494503058,1
TCGA-AA-3851-01A-01R-1022-07,0.5772736860503682,1
TCGA-L5-A8NI-01A-11R-A37I-31,0.8782134652868533,1
TCGA-2J-AABP-01A-11R-A41B-07,0.9173937594027706,1
TCGA-AC-A3YJ-01A-11R-A22U-07,0.8754105696119265,1
TCGA-25-1877-01A-01R-1567-13,0.6877718613323656,1
TCGA-AR-A2LE-01A-11R-A180-07,0.9285562464743875,0
TCGA-B0-4847-01A-01R-1277-07,0.45528597284685574,1
TCGA-BH-A0E1-01A-11R-A056-07,0.8939114389548432,1
TCGA-21-5784-01A-01R-1635-07,0.3811359579170515,0
TCGA-KK-A7AQ-01A-11R-A33R-07,0.5134572363063162,1
TCGA-DD-AAE3-01A-11R-A41C-07,0.3834706793948341,1
TCGA-93-A4JQ-01A-11R-A24X-07,0.6756581298201372,1
TCGA-AC-A3TN-01A-11R-A22K-07,0.6446893256575889,1
TCGA-VR-A8Q7-01A-11R-A37I-31,0.9057358388125306,1
TCGA-HC-8259-01A-11R-2263-07,0.47490440135658435,1
TCGA-AO-A12A-01A-21R-A115-07,0.8582411412334537,0
TCGA-66-2742-01A-01R-0980-07,0.6413207642646477,1
TCGA-KC-A4BV-01A-31R-A26U-07,0.7702434791842363,1
TCGA-Y8-A8S0-01A-11R-A37K-07,0.1866749534674364,1
TCGA-YL-A8SF-01A-11R-A37L-07,0.781906324298536,1
TCGA-24-1567-01A-01R-1566-13,0.8160723144545098,1
TCGA-BH-A0H6-01A-21R-A056-07,0.8736342787665916,0
TCGA-BP-5186-01A-01R-1426-07,0.3967535649818191,1
TCGA-B0-4699-01A-01R-1277-07,0.8818238253014501,1
TCGA-OY-A56Q-01A-11R-A406-31,0.7698784349323939,1
TCGA-B0-4836-01A-01R-1305-07,0.7114728381049736,1
TCGA-HZ-A49I-01A-12R-A26U-07,0.7775574379882215,1
TCGA-J7-8537-01A-11R-2404-07,0.8596090756913483,0
TCGA-SX-A7SS-01A-11R-A36F-07,0.478816855421187,1
TCGA-CM-6161-01A-11R-1653-07,0.7153166861614658,1
TCGA-66-2753-01A-01R-0980-07,0.5609118018041709,1
TCGA-A3-3343-01A-01R-0864-07,0.5161220462623529,1
TCGA-24-1930-01A-01R-1567-13,0.7271972744955624,1
TCGA-A2-A0T7-01A-21R-A084-07,0.8464717992767852,1
TCGA-75-6203-01A-11R-1755-07,0.5725922106752495,1
TCGA-CZ-5989-01A-11R-1672-07,0.593859771342688,1
TCGA-DD-AAVP-01A-11R-A41C-07,0.5170065601209702,0
TCGA-MH-A562-01A-11R-A26U-07,0.1932582939230037,0
TCGA-AC-A2FE-01A-11R-A19W-07,0.9071272635717241,1
TCGA-ZG-A8QZ-01A-11R-A37L-07,0.6625906510391165,1
TCGA-B8-A54J-01A-11R-A33J-07,0.4359925248496016,0
TCGA-CM-6675-01A-11R-1839-07,0.8143122442740222,0
TCGA-A2-A0D1-01A-11R-A034-07,0.93575370581248,1
TCGA-UZ-A9PZ-01A-11R-A42S-07,0.2102797548469547,0
TCGA-LN-A9FR-01A-11R-A38D-31,0.9062578415005336,1
TCGA-CZ-5458-01A-01R-1503-07,0.6145231890761423,1
TCGA-IB-A5SQ-01A-11R-A32O-07,0.8141331857708102,1
TCGA-EB-A1NK-01A-11R-A18T-07,0.5319542980499071,1
TCGA-BF-A1PX-01A-12R-A18T-07,0.7048429602380554,1
TCGA-MH-A855-01A-11R-A355-07,0.4505985535519659,1
TCGA-DZ-6131-01A-11R-1965-07,0.8381814496345019,1
TCGA-CJ-4875-01A-01R-1305-07,0.4787355518797247,1
TCGA-BP-4787-01A-01R-1305-07,0.7435383888544557,1
TCGA-X4-A8KQ-01A-12R-A36G-07,0.6947198942428632,1
TCGA-CZ-4862-01A-01R-1305-07,0.5956336239779391,1
TCGA-E2-A14Y-01A-21R-A12D-07,0.9245828535279746,1
TCGA-B0-5100-01A-01R-1420-07,0.6771000697166462,0
TCGA-EB-A42Y-01A-12R-A24X-07,0.7554451014110026,1
TCGA-25-2399-01A-01R-1569-13,0.7327108928419697,1
TCGA-EB-A42Z-01A-12R-A24X-07,0.5525981674756062,1
TCGA-66-2755-01A-01R-0851-07,0.5383355873970108,1
TCGA-A6-2677-01B-02R-A277-07,0.4067717183768189,1
TCGA-25-2400-01A-01R-1569-13,0.7532639115650381,0
TCGA-O2-A52S-01A-11R-A262-07,0.6427588468053143,1
TCGA-09-2054-01A-01R-1568-13,0.7721988582946587,1
TCGA-BC-A10Y-01A-11R-A131-07,0.33228428418967604,1
TCGA-22-5481-01A-31R-1949-07,0.7155916655820204,1
TCGA-A2-A0D3-01A-11R-A115-07,0.8833015845731023,1
TCGA-55-8505-01A-11R-2403-07,0.762483452103627,1
TCGA-CJ-4636-01A-02R-1325-07,0.6825312173449225,1
TCGA-13-0797-01A-01R-1564-13,0.7196354851846388,1
TCGA-AA-A03J-01A-21R-A16W-07,0.27703721725246955,0
TCGA-VP-A872-01A-11R-A352-07,0.807048910325314,1
TCGA-XR-A8TF-01A-11R-A36F-07,0.3653749949672003,1
TCGA-EP-A2KA-01A-11R-A180-07,0.6088827854975841,1
TCGA-25-1314-01A-01R-1565-13,0.7880451316196901,1
TCGA-64-5778-01A-01R-1628-07,0.6247320282662419,1
TCGA-04-1356-01A-01R-1569-13,0.787297109753145,1
TCGA-46-3766-01A-01R-0980-07,0.3370326493285724,0
TCGA-78-7535-01A-11R-2066-07,0.7533325079660032,1
TCGA-HZ-7919-01A-11R-2156-07,0.7791365950534136,1
TCGA-DW-7841-01A-11R-A32Z-07,0.40449555640450446,1
TCGA-AA-3538-01A-01R-0821-07,0.5574567033512728,1
TCGA-ZG-A9L5-01A-12R-A41O-07,0.8411678863422464,0
TCGA-DD-A39Z-01A-11R-A213-07,0.3538798949812921,1
TCGA-GM-A3NY-01A-11R-A21T-07,0.8352637417060539,1
TCGA-S4-A8RO-01A-12R-A37L-07,0.9248642024710291,1
TCGA-E2-A573-01A-11R-A29R-07,0.877975334714636,1
TCGA-G3-A3CG-01A-11R-A213-07,0.29676397274390387,1
TCGA-PL-A8LZ-01A-31R-A36F-07,0.9286779810482113,1
TCGA-39-5011-01A-01R-1443-07,0.6912811615565508,1
TCGA-G3-AAV5-01A-11R-A37K-07,0.3616913105560906,1
TCGA-A3-3313-01A-02R-1325-07,0.8455567301999702,0
TCGA-UZ-A9PR-01A-11R-A42S-07,0.3103209945470443,1
TCGA-BQ-5887-01A-11R-1965-07,0.7518427120955721,1
TCGA-49-AARQ-01A-11R-A41B-07,0.7662659046409622,1
TCGA-AA-3488-01A-01R-1410-07,0.32434694076883236,1
TCGA-S3-AA0Z-01A-11R-A41B-07,0.9463189380673982,0
TCGA-FB-A78T-01A-12R-A32O-07,0.8210267130132811,1
TCGA-09-1659-01B-01R-1564-13,0.6241767004784989,1
TCGA-55-8096-01A-11R-2241-07,0.7605595563099253,1
TCGA-DD-AACQ-01A-11R-A41C-07,0.42293116878856796,1
TCGA-CC-5260-01A-01R-A131-07,0.6600196640391138,1
TCGA-E2-A14S-01A-11R-A12D-07,0.9109310134265739,1
TCGA-B6-A0WT-01A-11R-A109-07,0.8375205633230641,1
TCGA-BQ-7048-01A-11R-1965-07,0.7029984810638295,0
TCGA-56-A62T-01A-11R-A405-07,0.6895553998430128,0
TCGA-EB-A3XD-01A-22R-A239-07,0.7937607575806469,1
TCGA-DD-AACZ-01A-11R-A41C-07,0.5965146435763676,1
TCGA-CC-A1HT-01A-11R-A131-07,0.6453539661600778,1
TCGA-B2-5633-01A-01R-1541-07,0.5150097862915397,0
TCGA-D5-5541-01A-01R-1653-07,0.5541201636302655,1
TCGA-BC-A217-01A-11R-A155-07,0.4983795704510751,1
TCGA-E2-A106-01A-11R-A10J-07,0.9137757048462553,0
TCGA-A2-A0D4-01A-11R-A00Z-07,0.9203318764497028,1
TCGA-BP-4768-01A-01R-1289-07,0.6205436324708344,1
TCGA-HC-7750-01A-11R-2118-07,0.3393075151906598,1
TCGA-C8-A1HI-01A-11R-A137-07,0.8935382987017614,1
TCGA-64-5815-01A-01R-1628-07,0.5680760487339706,1
TCGA-EW-A1P5-01A-11R-A144-07,0.9170717106453137,1
TCGA-DD-AADK-01A-11R-A41C-07,0.3928086082195556,1
TCGA-BP-4174-01A-02R-1289-07,0.7076898390995576,1
TCGA-22-5482-01A-01R-1635-07,0.3571754789053212,1
TCGA-CA-5256-01A-01R-1410-07,0.4823182474345026,0
TCGA-36-1571-01A-01R-1566-13,0.6705140132270415,1
TCGA-13-0714-01A-01R-1564-13,0.7170219803833755,0
TCGA-97-8172-01A-11R-2287-07,0.6592501786044844,1
TCGA-ZG-A9L9-01A-11R-A41O-07,0.7678015350572034,1
TCGA-E2-A159-01A-11R-A115-07,0.9157082556180622,1
TCGA-BP-5187-01A-01R-1426-07,0.595532993061724,1
TCGA-DZ-6132-01A-11R-1965-07,0.5813765644261304,1
TCGA-A6-6649-01A-11R-1774-07,0.6718319629209276,1
TCGA-60-2722-01A-01R-0851-07,0.4949675510410762,0
TCGA-24-2033-01A-01R-1568-13,0.7693552999290184,1
TCGA-CH-5739-01A-11R-1580-07,0.6148211063663067,0
TCGA-EJ-A6RC-01A-11R-A32O-07,0.3274244495407843,1
TCGA-V5-AASW-01A-11R-A406-31,0.8161359843175383,0
TCGA-86-8280-01A-11R-2287-07,0.6811100777138341,0
TCGA-73-7499-01A-11R-2187-07,0.6665160421835513,1
TCGA-DM-A1DA-01A-11R-A155-07,0.6182547833544342,1
TCGA-ED-A7XO-01A-11R-A352-07,0.40586136117408406,1
TCGA-35-4123-01A-01R-1107-07,0.5369976905346582,0
TCGA-CJ-4639-01A-02R-1325-07,0.4391332649411061,1
TCGA-35-4122-01A-01R-1107-07,0.47872979618936595,0
TCGA-AC-A7VC-01A-11R-A352-07,0.9368217169761135,0
TCGA-A8-A08X-01A-21R-A00Z-07,0.9066226026732539,0
TCGA-XK-AAIR-01A-11R-A41O-07,0.6104516734945069,1
TCGA-BH-A0B3-01A-11R-A056-07,0.9304088222853517,1
TCGA-BH-A1EV-01A-11R-A137-07,0.912348872915703,1
TCGA-AA-3982-01A-02R-1022-07,0.529971288234575,1
TCGA-86-6562-01A-11R-1755-07,0.7378425761878212,1
TCGA-EJ-5496-01A-01R-1580-07,0.3592426492635545,1
TCGA-B6-A400-01A-11R-A239-07,0.9128572016559654,0
TCGA-BF-A5ES-01A-11R-A27Q-07,0.40872907176360923,1
TCGA-F4-6854-01A-11R-1928-07,0.482024266331226,1
TCGA-10-0938-01A-02R-1564-13,0.7346168905430158,0
TCGA-D8-A1XW-01A-11R-A14M-07,0.9321286710568136,1
TCGA-55-8089-01A-11R-2241-07,0.7651713077806507,1
TCGA-43-3920-01A-01R-0980-07,0.4417883981510991,0
TCGA-AA-3660-01A-01R-1723-07,0.6382005633545708,1
TCGA-24-0970-01B-01R-1565-13,0.7484802022214064,0
TCGA-24-2298-01A-01R-1569-13,0.7546361679639414,1
TCGA-EJ-A46G-01A-31R-A26U-07,0.8782133702928915,0
TCGA-A8-A093-01A-11R-A00Z-07,0.8542526038919738,1
TCGA-A7-A26I-01B-06R-A22O-07,0.9116368451344612,1
TCGA-24-1842-01A-01R-1567-13,0.7708738636551176,1
TCGA-LB-A8F3-01A-11R-A36G-07,0.8994957489985399,1
TCGA-95-7567-01A-11R-2066-07,0.8209821075980823,1
TCGA-BH-A0EE-01A-11R-A034-07,0.9427207508228347,1
TCGA-55-7911-01A-11R-2170-07,0.8099754485068998,1
TCGA-B2-5641-01A-01R-1541-07,0.6116016081609152,0
TCGA-CH-5790-01A-11R-1580-07,0.60996543055429,1
TCGA-90-7766-01A-21R-2125-07,0.6511313514575829,1
TCGA-AA-3818-01A-01R-0905-07,0.47735923443702366,0
TCGA-NC-A5HL-01A-11R-A26W-07,0.5840704003514442,1
TCGA-23-1120-01A-02R-1565-13,0.7322610470395062,1
TCGA-A8-A06N-01A-11R-A00Z-07,0.8955296099093129,0
TCGA-24-1427-01A-01R-1565-13,0.75208588171024,1
TCGA-DM-A285-01A-11R-A16W-07,0.8177747105840818,0
TCGA-B6-A0RP-01A-21R-A084-07,0.8456766593874205,1
TCGA-77-8130-01A-11R-2247-07,0.48404771454428935,1
TCGA-85-7843-01A-11R-2125-07,0.5755861005905141,0
TCGA-22-1002-01A-01R-0692-07,0.7050075983920575,1
TCGA-L5-A4OU-01A-11R-A28J-31,0.8368894868346815,1
TCGA-44-3918-01B-02R-A277-07,0.5574810378352534,1
TCGA-EJ-5503-01A-01R-1580-07,0.43977098690737315,1
TCGA-B9-4113-01A-01R-1193-07,0.3828052323909569,1
TCGA-55-6642-01A-11R-1858-07,0.6464053959086434,1
TCGA-22-4604-01A-01R-1201-07,0.4591229202942965,1
TCGA-69-8253-01A-11R-2287-07,0.7531123452638417,0
TCGA-43-A475-01A-11R-A24H-07,0.6244099883052128,1
TCGA-13-0893-01B-01R-1565-13,0.8220088266542546,1
TCGA-ZG-A9MC-01A-31R-A41O-07,0.7475279858107166,1
TCGA-FB-AAQ3-01A-11R-A41B-07,0.9076590740466886,0
TCGA-30-1861-01A-01R-1568-13,0.7987609643398789,1
TCGA-A8-A0A4-01A-11R-A00Z-07,0.9045516514405993,1
TCGA-V1-A9ZI-01A-11R-A41O-07,0.7407131547710991,1
TCGA-AA-A01S-01A-21R-A083-07,0.4437548538359703,1
TCGA-J4-A6G1-01A-11R-A311-07,0.8300696602866044,1
TCGA-DD-AAD5-01A-11R-A41C-07,0.7506269803280421,0
TCGA-44-7661-01A-11R-2066-07,0.462888683519184,1
TCGA-FV-A23B-01A-11R-A16W-07,0.4955070341801024,1
TCGA-E2-A1B1-01A-21R-A12P-07,0.8595451490112639,1
TCGA-EJ-A65D-01A-11R-A30B-07,0.4387419815962881,1
TCGA-CA-5796-01A-01R-1653-07,0.5416803191175443,1
TCGA-AY-6196-01A-11R-1723-07,0.6650421869051792,1
TCGA-KK-A6E2-01A-11R-A311-07,0.5562931537059871,1
TCGA-05-4384-01A-01R-1755-07,0.703136720267186,1
TCGA-D8-A1XD-01A-11R-A14D-07,0.8458596459859185,1
TCGA-T1-A6J8-01A-11R-A32O-07,0.4382478221074177,0
TCGA-A2-A0SU-01A-11R-A084-07,0.9173424800269397,1
TCGA-62-A46R-01A-11R-A24H-07,0.8149985849910869,1
TCGA-2J-AAB1-01A-11R-A41B-07,0.7685457458291189,1
TCGA-61-2102-01A-01R-1568-13,0.8222842297372144,1
TCGA-BQ-5891-01A-11R-1592-07,0.7070602252385343,1
TCGA-78-7160-01A-11R-2039-07,0.7814919742596541,1
TCGA-AZ-4614-01A-01R-1410-07,0.7602154906399387,0
TCGA-CM-6676-01A-11R-1839-07,0.6018126194776346,1
TCGA-LN-A49W-01A-11R-A260-31,0.9065708913112634,1
TCGA-A2-A0EY-01A-11R-A034-07,0.9348391380920553,1
TCGA-CJ-4869-01A-02R-1426-07,0.5748868984183156,1
TCGA-F2-A8YN-01A-11R-A37L-07,0.8364961078941142,1
TCGA-EW-A6SC-01A-12R-A32P-07,0.9074288766773108,1
TCGA-77-A5G1-01A-11R-A27Q-07,0.6167809739527897,1
TCGA-V1-A9ZR-01A-11R-A41O-07,0.7644938074722567,1
TCGA-KK-A8I9-01A-11R-A36G-07,0.6627001842366592,0
TCGA-CC-A3MB-01A-11R-A213-07,0.46358447276450987,1
TCGA-B2-5635-01A-01R-1541-07,0.5448568247045019,1
TCGA-AA-3662-01A-01R-1723-07,0.6833999824355979,1
TCGA-S3-AA15-01A-11R-A41B-07,0.920850206559211,1
TCGA-B8-4154-01A-01R-1188-07,0.4110923857931557,1
TCGA-43-A474-01A-11R-A24H-07,0.4450949744644815,1
TCGA-13-0800-01A-01R-1564-13,0.7305033846317173,1
TCGA-L9-A50W-01A-12R-A39D-07,0.7355016255073227,1
TCGA-B6-A1KF-01A-11R-A13Q-07,0.9249194471593072,0
TCGA-22-1011-01A-01R-0692-07,0.6196525450874972,1
TCGA-AA-3833-01A-01R-0905-07,0.5221284773214317,1
TCGA-22-4605-01A-21R-2125-07,0.30302159799230244,1
TCGA-52-7810-01A-11R-2125-07,0.6066130175832256,1
TCGA-64-1678-01A-01R-0946-07,0.6810193287708101,1
TCGA-IB-7645-01A-22R-2204-07,0.7311897525028491,1
TCGA-A2-A0EP-01A-52R-A22U-07,0.7727910893471124,1
TCGA-AA-A00Z-01A-01R-A002-07,0.5601874503378819,1
TCGA-E2-A9RU-01A-11R-A41B-07,0.8662221650919887,0
TCGA-BP-5184-01A-01R-1426-07,0.465153343033822,1
TCGA-73-4670-01A-01R-1206-07,0.7531249709383241,1
TCGA-AA-3679-01A-02R-0905-07,0.6424850409291425,1
TCGA-CM-5348-01A-21R-1723-07,0.8050619134904008,1
TCGA-2A-A8W3-01A-11R-A37L-07,0.7208192038288067,0
TCGA-MH-A857-01A-11R-A355-07,0.8658055620834766,1
TCGA-E2-A1LG-01A-21R-A14M-07,0.960281302623433,0
TCGA-05-4418-01A-01R-1206-07,0.8087134377380002,1
TCGA-83-5908-01A-21R-2287-07,0.6570629258429003,0
TCGA-G3-A5SJ-01A-11R-A27V-07,0.6383920380498109,1
TCGA-13-0901-01B-01R-1565-13,0.7550532998694334,1
TCGA-B0-5088-01A-01R-1334-07,0.38114220646463065,1
TCGA-AR-A0TU-01A-31R-A109-07,0.9298675043611401,0
TCGA-29-1770-01A-01R-1567-13,0.7845217206946281,1
TCGA-AA-3855-01A-01R-1022-07,0.4589570664373078,1
TCGA-B0-5402-01A-01R-1503-07,0.6497966518119426,1
TCGA-DD-AACD-01A-11R-A41C-07,0.3231582698663366,1
TCGA-UB-A7MB-01A-11R-A33R-07,0.5326833263513542,0
TCGA-J9-A52B-01A-11R-A26U-07,0.8738679835260693,1
TCGA-13-0908-01B-01R-1565-13,0.7595903018479041,1
TCGA-AS-3777-01A-01R-0864-07,0.8925849740962903,0
TCGA-L5-A8NU-01A-11R-A36D-31,0.864458519051812,1
TCGA-BH-A0W5-01A-11R-A109-07,0.8709088446395827,1
TCGA-L5-A4OE-01A-11R-A260-31,0.8724942035855636,1
TCGA-29-1705-01A-01R-1567-13,0.770085800981563,1
TCGA-AA-A024-01A-02R-A00A-07,0.4986123085701528,1
TCGA-13-0799-01A-01R-1564-13,0.7036977872179279,1
TCGA-AR-A24L-01A-11R-A169-07,0.8294667283229883,1
TCGA-CZ-5463-01A-01R-1503-07,0.6470576990500972,1
TCGA-G7-A4TM-01A-11R-A31O-07,0.4696352802627053,1
TCGA-5P-A9KH-01A-11R-A42S-07,0.8713128267207592,1
TCGA-E9-A249-01A-11R-A169-07,0.8930036854497995,1
TCGA-J2-A4AD-01A-11R-A24H-07,0.8102973671647289,1
TCGA-BP-4961-01A-01R-1334-07,0.27296112326218314,1
TCGA-DD-AADB-01A-11R-A41C-07,0.4445771502641215,1
TCGA-B6-A0X4-01A-11R-A109-07,0.8564628363150375,0
TCGA-80-5611-01A-01R-1628-07,0.8325076786969233,1
TCGA-A8-A06O-01A-11R-A00Z-07,0.8751713197284099,1
TCGA-B0-4690-01A-01R-1277-07,0.8185645870960895,1
TCGA-A8-A07C-01A-11R-A034-07,0.9180626152506467,1
TCGA-23-1032-01A-02R-1564-13,0.6771848666426403,1
TCGA-CM-6167-01A-11R-1653-07,0.687225137114854,1
TCGA-D8-A142-01A-11R-A115-07,0.9348986733310262,1
TCGA-A3-A8OV-01A-11R-A37O-07,0.5078687774076717,1
TCGA-A8-A094-01A-11R-A00Z-07,0.9236921726188133,0
TCGA-HC-A8D0-01A-11R-A36G-07,0.7066002278479789,1
TCGA-M9-A5M8-01A-11R-A28J-31,0.8133849513282131,1
TCGA-DD-AACS-01A-11R-A41C-07,0.4527232371864665,1
TCGA-22-4593-01A-21R-1820-07,0.6765658750713267,0
TCGA-E9-A1RB-01A-11R-A157-07,0.9052688670147474,1
TCGA-86-A456-01A-11R-A24H-07,0.728553361250891,0
TCGA-AR-A24H-01A-11R-A169-07,0.894777543690859,1
TCGA-OL-A5D7-01A-11R-A27Q-07,0.8514022744937297,0
TCGA-85-A511-01A-21R-A262-07,0.36178455053832437,0
TCGA-49-AAR9-01A-21R-A41B-07,0.8163181366016768,0
TCGA-13-1496-01A-01R-1565-13,0.740948689262596,0
TCGA-60-2695-01A-01R-0851-07,0.6084757779286838,0
TCGA-YL-A8SH-01B-11R-A37L-07,0.5748182562236477,1
TCGA-23-1026-01B-01R-1569-13,0.664572201854601,0
TCGA-AA-3684-01A-02R-0905-07,0.20604226862609307,1
TCGA-97-8174-01A-11R-2287-07,0.7378613348512415,1
TCGA-A3-3308-01A-02R-1325-07,0.7050599555886014,1
TCGA-DD-A3A4-01A-11R-A22L-07,0.44134304358095766,1
TCGA-AR-A2LO-01A-31R-A18M-07,0.893535871989665,0
TCGA-64-1679-01A-21R-2066-07,0.7260405383627948,1
TCGA-56-8623-01A-11R-A28V-07,0.5568683224115047,1
TCGA-69-A59K-01A-11R-A262-07,0.8642180170653841,0
TCGA-13-0766-01A-02R-1564-13,0.625728091260033,1
TCGA-61-2016-01A-01R-1568-13,0.782258552879154,1
TCGA-XV-AAZV-01A-11R-A40A-07,0.6927421314501893,1
TCGA-AA-A01Q-01A-01R-A002-07,0.69891941762106,1
TCGA-A2-A25C-01A-11R-A169-07,0.8729528062583145,1
TCGA-24-1849-01A-01R-1567-13,0.7604669245263539,1
TCGA-LL-A5YM-01A-11R-A28M-07,0.7508632862659034,1
TCGA-23-2081-01A-01R-1568-13,0.7229938431147956,1
TCGA-BP-4975-01A-01R-1334-07,0.46378936000817894,1
TCGA-B8-5165-01A-01R-1420-07,0.24985898067330503,0
TCGA-SX-A7SR-01A-12R-A36F-07,0.23585990221464395,1
TCGA-AR-A24M-01A-11R-A169-07,0.6945810591905198,1
TCGA-LL-A6FR-01A-12R-A31O-07,0.8430955763302656,1
TCGA-IB-A5SS-01A-11R-A32O-07,0.8569950605700595,1
TCGA-EJ-AB27-01A-11R-A41O-07,0.30050298579898754,1
TCGA-37-3789-01A-01R-0980-07,0.5178867628349016,1
TCGA-AA-A01F-01A-01R-A002-07,0.5992836697467979,1
TCGA-VR-A8EY-01A-11R-A36D-31,0.9186881370508126,1
TCGA-CK-5913-01A-11R-1653-07,0.639780229301168,0
TCGA-A3-3319-01A-02R-1325-07,0.7936998355769753,0
TCGA-77-8007-01A-11R-2187-07,0.677325723294637,0
TCGA-24-1434-01A-01R-1566-13,0.6872249007921659,1
TCGA-L5-A4OQ-01A-11R-A260-31,0.8735352580537473,1
TCGA-IG-A3YC-01A-11R-A24K-31,0.9181690127484533,1
TCGA-BH-A0DV-01A-21R-A12P-07,0.7116076642068162,1
TCGA-C8-A12N-01A-11R-A115-07,0.8753049078958358,1
TCGA-KC-A7F6-01A-11R-A33R-07,0.6667669040186274,1
TCGA-DM-A28E-01A-11R-A32Y-07,0.4660444775066066,0
TCGA-85-8048-01A-11R-2247-07,0.509306743762423,1
TCGA-55-8614-01A-11R-2403-07,0.8293987070955361,1
TCGA-L5-A4OH-01A-11R-A260-31,0.8462863741817276,0
TCGA-AO-A0JJ-01A-11R-A056-07,0.8469751967226528,1
TCGA-DM-A282-01A-12R-A16W-07,0.5689348863560912,1
TCGA-64-5775-01A-01R-1628-07,0.8384005579190521,1
TCGA-EJ-5511-01A-01R-1580-07,0.7524810629333055,1
TCGA-E2-A1LE-01A-12R-A19W-07,0.9343941409566855,1
TCGA-E9-A1NH-01A-11R-A14D-07,0.8598913982752922,0
TCGA-55-8302-01A-11R-2326-07,0.7605929025491779,1
TCGA-O2-A52N-01A-11R-A26W-07,0.6525431601515017,0
TCGA-AA-3495-01A-01R-1410-07,0.49559860461162253,1
TCGA-A7-A13H-01A-11R-A22K-07,0.8300232378195074,0
TCGA-JY-A6FE-01A-11R-A336-31,0.9289735605660379,1
TCGA-HC-7210-01A-11R-2118-07,0.5476711274692168,1
TCGA-L5-A88T-01A-11R-A354-31,0.927543309919318,0
TCGA-BP-4998-01A-01R-1334-07,0.5046701729821229,1
TCGA-S3-A6ZG-01A-22R-A32P-07,0.8645534965103323,1
TCGA-B0-5692-01A-11R-1541-07,0.6645404548080497,1
TCGA-ZG-A8QY-01A-11R-A37L-07,0.7592731899608919,1
TCGA-A1-A0SG-01A-11R-A144-07,0.8919397572729056,0
TCGA-64-5774-01A-01R-1628-07,0.7759006095477645,1
TCGA-L5-A8NM-01A-11R-A37I-31,0.8390834177302273,1
TCGA-AO-A12D-01A-11R-A115-07,0.9024057054377032,1
TCGA-39-5024-01A-21R-1820-07,0.6081223055813315,1
TCGA-AA-A01K-01A-01R-A00A-07,0.7158634278325594,0
TCGA-AA-3973-01A-01R-1022-07,0.7486882622011254,1
TCGA-22-5485-01A-01R-1635-07,0.5919620083453195,1
TCGA-50-5941-01A-11R-1755-07,0.6860576548481658,0
TCGA-C8-A12K-01A-21R-A115-07,0.9256030333785296,1
TCGA-MH-A55Z-01A-11R-A26U-07,0.23828776885304545,1
TCGA-BH-A0H3-01A-11R-A12P-07,0.7593996304123591,1
TCGA-CJ-4890-01A-01R-1305-07,0.5737265113608478,0
TCGA-85-8072-01A-31R-2247-07,0.5742567439579148,0
TCGA-5M-AATA-01A-31R-A41B-07,0.711720750415602,0
TCGA-C8-A1HK-01A-21R-A13Q-07,0.8859663034546443,1
TCGA-AN-A0XP-01A-11R-A109-07,0.7965566750661794,1
TCGA-39-5028-01A-01R-1443-07,0.5988595764183078,0
TCGA-ZG-A9L6-01A-11R-A41O-07,0.5084506630243139,1
TCGA-AO-A03V-01A-11R-A115-07,0.9310286765072792,1
TCGA-CJ-4895-01A-01R-1305-07,0.7383953428293994,1
TCGA-BC-A10T-01A-11R-A131-07,0.5716177716038434,0
TCGA-AR-A24K-01A-11R-A169-07,0.8400351107601923,0
TCGA-A8-A06Z-01A-11R-A00Z-07,0.877274632574877,1
TCGA-A6-6654-01A-21R-1839-07,0.551407912217113,1
TCGA-G9-6373-01A-11R-1789-07,0.6857265599081687,1
TCGA-DD-A116-01A-11R-A131-07,0.35871060841842173,0
TCGA-VR-A8EQ-01A-11R-A36D-31,0.8851744687497282,1
TCGA-R6-A6L6-01B-11R-A336-31,0.8916835229990062,1
TCGA-55-A493-01A-11R-A24H-07,0.6623747583493031,1
TCGA-ES-A2HS-01A-11R-A180-07,0.23108295922609895,1
TCGA-KK-A8I8-01A-11R-A36G-07,0.6448108389582156,1
TCGA-L5-A4OI-01A-11R-A36D-31,0.864246048006674,1
TCGA-43-6143-01A-11R-1820-07,0.7562678572713067,1
TCGA-HC-7080-01A-11R-1965-07,0.7470129052602507,1
TCGA-FV-A4ZQ-01A-11R-A266-07,0.5234634198182648,0
TCGA-A3-3374-01A-02R-1325-07,0.8462569155020114,0
TCGA-IG-A3QL-01A-11R-A24K-31,0.9327731430367774,0
TCGA-PL-A8LV-01A-21R-A41B-07,0.936452572660989,1
TCGA-HC-A9TE-01A-11R-A41O-07,0.8670318194841135,1
TCGA-G4-6321-01A-11R-1723-07,0.6720297174513633,1
TCGA-23-1030-01A-02R-1564-13,0.732307144481474,1
TCGA-FB-AAQ2-01A-31R-A41B-07,0.9266520148279367,1
TCGA-A2-A0CY-01A-12R-A034-07,0.9302023601431569,1
TCGA-AN-A046-01A-21R-A034-07,0.9328870110812413,1
TCGA-BH-A0B4-01A-11R-A00Z-07,0.9171320059693305,1
TCGA-24-0982-01A-01R-1565-13,0.5360346929154922,1
TCGA-AR-A0TY-01A-12R-A115-07,0.9180968956109173,0
TCGA-WS-AB45-01A-11R-A41B-07,0.6994795012487649,0
TCGA-37-4135-01A-01R-1100-07,0.4590737892688189,1
TCGA-EW-A1P0-01A-11R-A144-07,0.9407499803339306,1
TCGA-A2-A04Y-01A-21R-A034-07,0.9209795049410945,1
TCGA-ZP-A9D4-01A-11R-A37K-07,0.3516998484110175,1
TCGA-AC-A23H-01A-11R-A157-07,0.8908049447483847,1
TCGA-A8-A07G-01A-11R-A034-07,0.8773009622617168,0
TCGA-63-A5MT-01A-21R-A26W-07,0.7123118392262634,1
TCGA-05-5428-01A-01R-1628-07,0.5344566112236786,1
TCGA-V1-A9OQ-01A-11R-A41O-07,0.5940463122297712,1
TCGA-CZ-5454-01A-01R-1503-07,0.5713833381578045,0
TCGA-2J-AABK-01A-31R-A41B-07,0.8645512877105422,1
TCGA-L5-A893-01A-11R-A36D-31,0.8758074392889724,1
TCGA-CW-5587-01A-01R-1541-07,0.4641713100206093,1
TCGA-CH-5766-01A-11R-1580-07,0.7727825569609479,0
TCGA-E9-A1NI-01A-11R-A14D-07,0.8832812664704103,1
TCGA-46-3767-01A-01R-0980-07,0.2579262650582768,0
TCGA-85-7710-01A-11R-2125-07,0.7625468408211491,1
TCGA-A2-A1G1-01A-21R-A13Q-07,0.8994489351656074,1
TCGA-AZ-6603-01A-11R-1839-07,0.38186213740771296,1
TCGA-BP-5180-01A-01R-1426-07,0.5756094996845811,1
TCGA-HC-7213-01A-11R-2118-07,0.8737098411890858,1
TCGA-BP-4354-01A-02R-1289-07,0.8149145750629846,0
TCGA-E2-A14W-01A-11R-A12D-07,0.9159592657456821,1
TCGA-L9-A444-01A-21R-A24H-07,0.7021800471873777,1
TCGA-86-7713-01A-11R-2066-07,0.787589149470138,1
TCGA-MP-A4TJ-01A-51R-A262-07,0.4948333152403419,1
TCGA-B9-A5W8-01A-11R-A28H-07,0.42183346515950565,1
TCGA-BH-A0DE-01A-11R-A115-07,0.8671861049926473,0
TCGA-BP-4349-01A-01R-1289-07,0.5561510756150944,1
TCGA-LL-A8F5-01A-11R-A36F-07,0.9338813334716305,1
TCGA-95-A4VK-01A-11R-A262-07,0.853903841070529,1
TCGA-HC-A9TH-01A-11R-A41O-07,0.8483148906396355,1
TCGA-CM-4743-01A-01R-1723-07,0.7323914338976291,1
TCGA-13-1499-01A-01R-1565-13,0.6760075515136725,1
TCGA-43-7656-01A-11R-2125-07,0.7041296249887389,1
TCGA-66-2786-01A-01R-0851-07,0.6194939228266592,1
TCGA-44-7671-01A-11R-2066-07,0.7386460993982626,0
TCGA-D5-6535-01A-11R-1723-07,0.6563215891006852,1
TCGA-A3-3378-01A-02R-1325-07,0.6751894082321722,1
TCGA-KR-A7K8-01A-11R-A33J-07,0.5740584397650478,1
TCGA-B6-A0IG-01A-11R-A034-07,0.9407955294674153,1
TCGA-05-5423-01A-01R-1628-07,0.4737744965472318,1
TCGA-24-2020-01A-01R-1567-13,0.7968042467958647,0
TCGA-EJ-5532-01A-01R-1580-07,0.43780373120146493,1
TCGA-LN-A7HX-01A-11R-A336-31,0.9284453415666366,1
TCGA-24-1418-01A-01R-1565-13,0.6966036794074079,1
TCGA-A6-6648-01A-11R-1774-07,0.5190980214619378,1
TCGA-AO-A12F-01A-11R-A115-07,0.952825748934977,1
TCGA-DD-A1EL-01A-11R-A155-07,0.5895838243909678,1
TCGA-F2-6880-01A-11R-2156-07,0.9353890857144107,1
TCGA-IB-AAUW-01A-12R-A38C-07,0.7928487950351258,1
TCGA-EB-A4OZ-01A-12R-A266-07,0.6191983518857604,1
TCGA-CJ-4878-01A-01R-1305-07,0.6744348576537159,1
TCGA-4R-AA8I-01A-11R-A38B-07,0.4455717549166223,1
TCGA-CZ-4853-01A-01R-1426-07,0.4224254695252517,1
TCGA-DD-A4NN-01A-11R-A28V-07,0.36197272730265045,1
TCGA-21-5782-01A-01R-1635-07,0.46002567725064086,1
TCGA-85-A513-01A-12R-A26W-07,0.6113977150731744,0
TCGA-29-1761-01A-01R-1567-13,0.6831940598699543,1
TCGA-G7-6792-01A-21R-1965-07,0.5430926445065242,0
TCGA-NC-A5HQ-01A-11R-A26W-07,0.552634652770592,1
TCGA-B1-A47O-01A-11R-A24Z-07,0.5872511617009926,1
TCGA-AR-A252-01A-11R-A169-07,0.8732966929641052,1
TCGA-BH-A18S-01A-11R-A12D-07,0.8753775574784378,1
TCGA-LQ-A4E4-01A-11R-A266-07,0.8824956901031266,1
TCGA-3A-A9IV-01A-11R-A41B-07,0.9330519682376636,1
TCGA-WN-A9G9-01A-12R-A37K-07,0.8203034196489071,1
TCGA-BH-A18F-01A-11R-A12D-07,0.9007432595313167,1
TCGA-13-0883-01A-02R-1569-13,0.7348376240880555,0
TCGA-55-7576-01A-11R-2066-07,0.8114525250427974,0
TCGA-44-A4SS-01A-11R-A24X-07,0.8121357816907754,1
TCGA-AD-A5EJ-01A-11R-A28H-07,0.6047022054362852,1
TCGA-E9-A5FL-01A-11R-A27Q-07,0.9305393685635764,1
TCGA-J4-A67L-01A-11R-A30B-07,0.5255711543138382,1
TCGA-23-1113-01A-01R-1564-13,0.622323063271948,1
TCGA-55-6543-01A-11R-1755-07,0.7929895505834796,0
TCGA-BP-4334-01A-01R-1289-07,0.8355275948691936,1
TCGA-E2-A1L6-01A-11R-A13Q-07,0.8542821885500211,1
TCGA-D8-A27W-01A-11R-A16F-07,0.8938831595800816,1
TCGA-B6-A0WS-01A-11R-A115-07,0.9205809439725958,0
TCGA-B3-8121-01A-21R-2404-07,0.5427915980923409,1
TCGA-D8-A1JK-01A-11R-A13Q-07,0.9181715152043949,1
TCGA-A2-A04N-01A-11R-A115-07,0.8426584107202468,1
TCGA-P4-A5E6-01A-11R-A28H-07,0.34215124503871297,1
TCGA-PJ-A5Z9-01A-11R-A28H-07,0.2879419448591133,1
TCGA-LN-A7HV-01A-21R-A354-31,0.9331256597323871,1
TCGA-22-0944-01A-01R-0692-07,0.516592868674319,1
TCGA-AN-A0FK-01A-11R-A034-07,0.9187380151427311,1
TCGA-BF-AAOU-01A-12R-A39D-07,0.684554625956358,1
TCGA-HN-A2NL-01A-11R-A18M-07,0.9231776223738163,1
TCGA-FR-A2OS-01A-11R-A21D-07,0.5335135712936159,1
TCGA-CW-6093-01A-11R-1672-07,0.44181824868152064,1
TCGA-DD-A73F-01A-11R-A32O-07,0.4066204697865436,1
TCGA-WQ-A9G7-01A-11R-A37K-07,0.5378928211134495,1
TCGA-37-3783-01A-01R-1201-07,0.44812320039958164,1
TCGA-61-1995-01A-01R-1568-13,0.7262212368884058,1
TCGA-DD-AAD2-01A-11R-A41C-07,0.43040220195901824,1
TCGA-24-1616-01A-01R-1566-13,0.7789473062710751,1
TCGA-B2-3923-01B-10R-A277-07,0.7519119110607031,1
TCGA-31-1950-01A-01R-1568-13,0.6999215946680086,1
TCGA-FC-A5OB-01A-11R-A29R-07,0.6974209467013226,1
TCGA-LN-A49X-01A-31R-A260-31,0.8992926196207576,1
TCGA-UU-A93S-01A-21R-A41B-07,0.9356258151649636,1
TCGA-34-5240-01A-01R-1443-07,0.4401815318268131,1
TCGA-L5-A43C-01A-11R-A24K-31,0.8667790095360952,1
TCGA-46-3765-01A-01R-0980-07,0.4297430933914502,0
TCGA-B0-4844-01A-01R-1277-07,0.7552000326041967,1
TCGA-21-1080-01A-01R-0692-07,0.7493654515760437,1
TCGA-13-0920-01A-01R-1564-13,0.6872250226089607,1
TCGA-F9-A8NY-01A-11R-A36F-07,0.8039499645271838,1
TCGA-LL-A740-01A-21R-A32P-07,0.9094585221152608,1
TCGA-BF-AAP4-01A-11R-A40A-07,0.43194484406145606,1
TCGA-XR-A8TD-01A-12R-A39D-07,0.5408427979344738,1
TCGA-33-4538-01A-01R-1201-07,0.32775946042841686,1
TCGA-LL-A9Q3-01A-11R-A41B-07,0.886693621598999,1
TCGA-NJ-A4YF-01A-12R-A262-07,0.8509860842573461,1
TCGA-MH-A560-01A-11R-A26U-07,0.3561418053899591,1
TCGA-L5-A8NE-01A-11R-A37I-31,0.8848150272701972,0
TCGA-04-1332-01A-01R-1564-13,0.7328371126308663,1
TCGA-EJ-A7NG-01A-31R-A33R-07,0.28386981938063527,0
TCGA-A8-A08J-01A-11R-A00Z-07,0.9002684741680603,1
TCGA-AK-3456-01A-02R-1325-07,0.8449216665127587,1
TCGA-G7-A8LB-01A-11R-A36F-07,0.4329723028939897,0
TCGA-B2-A4SR-01A-11R-A266-07,0.43704529251602575,1
TCGA-62-8394-01A-11R-2326-07,0.7656510044447243,1
TCGA-AZ-6608-01A-11R-1839-07,0.43871024929145996,1
TCGA-Q3-AA2A-01A-11R-A37L-07,0.8438148785425428,1
TCGA-B0-4694-01A-01R-1277-07,0.7018460336367114,1
TCGA-AR-A24V-01A-21R-A169-07,0.8559371994902478,0
TCGA-A2-A0EV-01A-11R-A034-07,0.9103894960267366,1
TCGA-60-2714-01A-01R-0851-07,0.8166315919153788,0
TCGA-BP-4762-01A-02R-1289-07,0.5730043357355274,1
TCGA-DD-AACG-01A-11R-A41C-07,0.40627178814272347,1
TCGA-B0-5094-01A-01R-1420-07,0.7219823199161909,1
TCGA-AA-3556-01A-01R-0821-07,0.6714477705463786,0
TCGA-2J-AABO-01A-21R-A41B-07,0.8631267073048914,1
TCGA-B0-5400-01A-01R-1503-07,0.6282870727116516,0
TCGA-77-6845-01A-11R-1949-07,0.6152945124293592,0
TCGA-D8-A141-01A-11R-A115-07,0.8338214265474773,1
TCGA-55-A57B-01A-12R-A39D-07,0.736322988499769,1
TCGA-60-2712-01A-01R-0851-07,0.6505196115600248,1
TCGA-A6-4105-01A-02R-1774-07,0.5084345419487293,1
TCGA-XV-A9W5-01A-11R-A38C-07,0.6191810162115046,1
TCGA-A6-5665-01B-03R-2302-07,0.6727775839290779,1
TCGA-E2-A1AZ-01A-11R-A12P-07,0.888434285942958,1
TCGA-55-7910-01A-11R-2170-07,0.8021027417232325,1
TCGA-50-6673-01A-11R-1949-07,0.7704043638394441,1
TCGA-BH-A0DL-01A-11R-A115-07,0.9572837305626977,1
TCGA-AU-6004-01A-11R-1723-07,0.6328200143045957,1
TCGA-E2-A15I-01A-21R-A137-07,0.8264303805555908,1
TCGA-G9-6369-01A-21R-1965-07,0.6177765336415273,0
TCGA-AA-3819-01A-01R-0905-07,0.36686260812266613,0
TCGA-KK-A6E0-01A-11R-A311-07,0.7508550995171619,0
TCGA-SX-A71W-01A-12R-A355-07,0.46388733147847094,1
TCGA-AR-A0TS-01A-11R-A115-07,0.8985905790114423,1
TCGA-E9-A5UP-01A-11R-A28M-07,0.9076521108534568,0
TCGA-AQ-A0Y5-01A-11R-A14M-07,0.8878522844111881,0
TCGA-BP-4807-01A-01R-1305-07,0.4953902333580616,1
TCGA-CM-5860-01A-01R-1653-07,0.6244831798452184,1
TCGA-BC-A5W4-01A-11R-A28V-07,0.5027789676259348,1
TCGA-B0-4821-01A-01R-1503-07,0.6915214921253331,1
TCGA-UZ-A9PJ-01A-11R-A38C-07,0.3873494678463773,0
TCGA-DD-AACC-01A-11R-A41C-07,0.3648320674238045,0
TCGA-CJ-4870-01A-01R-1305-07,0.5304020900825629,1
TCGA-75-6207-01A-11R-1755-07,0.8793092626937686,1
TCGA-C8-A1HO-01A-11R-A13Q-07,0.87494837423814,1
TCGA-JY-A938-01A-11R-A37I-31,0.8354695045982841,1
TCGA-04-1361-01A-01R-1565-13,0.7276282874093114,1
TCGA-2Z-A9J8-01A-11R-A42S-07,0.6675178574639733,1
TCGA-64-1677-01A-01R-0946-07,0.6983911691144777,0
TCGA-AO-A0JE-01A-11R-A056-07,0.9292882089164579,1
TCGA-IG-A4P3-01A-11R-A260-31,0.9022957376302909,1
TCGA-05-4424-01A-22R-1858-07,0.7635154429285118,0
TCGA-91-A4BD-01A-11R-A24H-07,0.7299249693979787,1
TCGA-DD-AAVS-01A-11R-A41C-07,0.31331822213085514,0
TCGA-18-3414-01A-01R-0980-07,0.6147831537434851,1
TCGA-J4-A83I-01A-11R-A36G-07,0.8144797227293296,1
TCGA-39-5035-01A-01R-1443-07,0.7333285215970639,1
TCGA-AA-3544-01A-01R-1873-07,0.5124196604090375,1
TCGA-FB-A7DR-01A-21R-A33R-07,0.8481833293197069,1
TCGA-99-8032-01A-11R-2241-07,0.7299473112666571,1
TCGA-95-7948-01A-11R-2187-07,0.8673243328183197,0
TCGA-D8-A1XU-01A-11R-A14M-07,0.9217796840977341,0
TCGA-2Z-A9J7-01A-11R-A38C-07,0.5279921979682296,1
TCGA-13-A5FT-01A-11R-A406-31,0.7662397104849306,1
TCGA-BP-4803-01A-01R-1305-07,0.4759503810005367,1
TCGA-24-2271-01A-01R-1568-13,0.6993537143111856,1
TCGA-DD-A39V-01A-11R-A213-07,0.3075150884456973,0
TCGA-CM-6674-01A-11R-1839-07,0.6232866783324059,1
TCGA-30-1855-01A-01R-1567-13,0.7792833932814608,1
TCGA-2J-AABE-01A-12R-A41B-07,0.7923952701797693,1
TCGA-ED-A82E-01A-11R-A352-07,0.7018076416853307,1
TCGA-56-7580-01A-11R-2045-07,0.5890545979215311,1
TCGA-37-4130-01A-01R-1100-07,0.6463135530521011,1
TCGA-38-4626-01A-01R-1206-07,0.6694510634233456,1
TCGA-CZ-4861-01A-01R-1305-07,0.7709725948664261,1
TCGA-F4-6703-01A-11R-1839-07,0.6272143537338097,1
TCGA-61-2109-01A-01R-1568-13,0.6604026838552087,1
TCGA-5M-AATE-01A-11R-A41B-07,0.4908357970401006,1
TCGA-10-0931-01A-01R-1564-13,0.6150212357287322,1
TCGA-UZ-A9PQ-01A-11R-A42S-07,0.7777003842542933,1
TCGA-XC-AA0X-01A-32R-A405-07,0.41736315101494686,1
TCGA-BH-A0C1-01B-11R-A12D-07,0.8827149763056039,1
TCGA-09-1668-01B-01R-1566-13,0.7260582442540988,1
TCGA-77-7338-01A-11R-2045-07,0.3050218937454853,0
TCGA-61-2111-01A-01R-1568-13,0.8118635788081257,1
TCGA-AC-A8OS-01A-12R-A41B-07,0.8034005773825559,1
TCGA-BF-A3DJ-01A-11R-A20F-07,0.560373340236952,1
TCGA-CJ-4893-01A-01R-1305-07,0.5269289502407611,1
TCGA-DD-AADS-01A-11R-A41C-07,0.3377190712900474,0
TCGA-61-2110-01A-01R-1568-13,0.7271651346415967,1
TCGA-DD-A1EE-01A-11R-A131-07,0.3232702503871138,1
TCGA-BH-A0BP-01A-11R-A115-07,0.9118797600918941,1
TCGA-IG-A3I8-01A-11R-A24K-31,0.9063144858724739,1
TCGA-86-A4D0-01A-11R-A24H-07,0.7591365901224117,0
TCGA-22-1016-01A-01R-0692-07,0.6555896665473522,1
TCGA-BH-A0DS-01A-11R-A056-07,0.9191393601959227,1
TCGA-AR-A5QN-01A-12R-A28M-07,0.904214143433461,1
TCGA-CW-6088-01A-11R-1672-07,0.31624962332536294,0
TCGA-AQ-A04L-01B-21R-A10J-07,0.9521638461623796,1
TCGA-A7-A13D-01A-13R-A12P-07,0.926655597095446,1
TCGA-A2-A0YJ-01A-11R-A109-07,0.9125290404099823,1
TCGA-04-1331-01A-01R-1569-13,0.737771415382665,1
TCGA-HZ-A8P1-01A-11R-A37L-07,0.9217603396864927,1
TCGA-AR-A24R-01A-11R-A169-07,0.9042924048216356,1
TCGA-36-1575-01A-01R-1566-13,0.6485295912792057,0
TCGA-C8-A273-01A-11R-A16F-07,0.9039380132372702,1
TCGA-DM-A1HB-01A-21R-A180-07,0.6128874237723037,0
TCGA-JL-A3YW-01A-12R-A239-07,0.8834958328998467,1
TCGA-13-1411-01A-01R-1565-13,0.6817762094797192,1
TCGA-60-2710-01A-01R-0851-07,0.3494730258206139,1
TCGA-BP-5009-01A-01R-1334-07,0.6149674721610565,1
TCGA-T7-A92I-01A-11R-A37O-07,0.869920380372159,1
TCGA-EB-A85I-01A-11R-A352-07,0.4939247899893212,1
TCGA-F4-6460-01A-11R-1774-07,0.7063773143722429,0
TCGA-B8-A54E-01A-11R-A266-07,0.8631327671772155,1
TCGA-60-2725-01A-01R-1201-07,0.3826135681904952,1
TCGA-NC-A5HI-01A-11R-A26W-07,0.559917284566418,1
TCGA-BP-4965-01A-01R-1334-07,0.4041725932995688,1
TCGA-BP-4756-01A-01R-1289-07,0.8840503320193743,1
TCGA-A8-A095-01A-11R-A00Z-07,0.8375648757925606,1
TCGA-MM-A84U-01A-11R-A37O-07,0.6832960777614494,1
TCGA-HP-A5N0-01A-11R-A28V-07,0.4557363952599752,1
TCGA-A4-7996-01A-11R-2204-07,0.43410547913906533,1
TCGA-A2-A0EQ-01A-11R-A034-07,0.9206195711217326,1
TCGA-A1-A0SK-01A-12R-A084-07,0.9303887578713477,1
TCGA-EJ-5505-01A-01R-1580-07,0.4302361499882393,1
TCGA-43-5668-01A-01R-1635-07,0.7770124821581627,0
TCGA-EW-A2FV-01A-11R-A17B-07,0.9193946074507056,0
TCGA-CZ-5456-01A-01R-1503-07,0.7585424957414948,1
TCGA-C8-A12Y-01A-11R-A12D-07,0.8899308903977833,1
TCGA-AR-A2LM-01A-11R-A180-07,0.7750795400959644,1
TCGA-A6-4107-01A-02R-1410-07,0.403207124173197,1
TCGA-IG-A3YB-01A-11R-A36D-31,0.93261928857926,1
TCGA-75-6205-01A-11R-1755-07,0.6925642506764803,1
TCGA-20-1683-01A-01R-1566-13,0.8234011003831422,1
TCGA-BP-4170-01A-02R-1289-07,0.4020758014858159,1
TCGA-CJ-6032-01A-11R-1672-07,0.6278741544564448,1
TCGA-DD-AACL-01A-11R-A41C-07,0.46558542724818236,1
TCGA-BP-4166-01A-02R-1289-07,0.5962038846741028,1
TCGA-2H-A9GL-01A-12R-A37I-31,0.8820448212240181,1
TCGA-B0-5084-01A-01R-1334-07,0.9060016158235912,1
TCGA-E2-A15J-01A-11R-A12P-07,0.8831154030925334,1
TCGA-44-6775-01C-02R-A277-07,0.32955149614545054,1
TCGA-A2-A04W-01A-31R-A115-07,0.9002899812740511,1
TCGA-G3-AAV0-01A-11R-A37K-07,0.2626033276212157,1
TCGA-AA-A00D-01A-01R-A002-07,0.7105084627135311,1
TCGA-56-5897-01A-11R-1635-07,0.42142459200182397,1
TCGA-EJ-7321-01A-31R-2263-07,0.5113986736178171,0
TCGA-2J-AABV-01A-12R-A41B-07,0.8629225607230536,1
TCGA-C8-A8HR-01A-11R-A36F-07,0.8981384917928191,1
TCGA-04-1362-01A-01R-1565-13,0.7070830693561384,0
TCGA-HZ-A77Q-01A-11R-A36G-07,0.6901808158104492,1
TCGA-D8-A1JB-01A-11R-A13Q-07,0.8968147952701789,1
TCGA-B0-4811-01A-01R-1503-07,0.5991239346177543,0
TCGA-24-1103-01A-01R-1565-13,0.7526393820285939,1
TCGA-91-A4BC-01A-11R-A24H-07,0.7274781451871402,1
TCGA-D5-5539-01A-01R-1653-07,0.692911528482936,1
TCGA-HZ-A4BK-01A-11R-A26U-07,0.8344092263273902,1
TCGA-13-1489-01A-01R-1565-13,0.7552722802275808,1
TCGA-A2-A04P-01A-31R-A034-07,0.9000756648249554,1
TCGA-IA-A40Y-01A-11R-A24Z-07,0.7482020178984551,1
TCGA-21-5783-01A-41R-2187-07,0.5300440376128887,1
TCGA-A6-2675-01A-02R-1723-07,0.6087468675402827,1
TCGA-B9-7268-01A-11R-A32Z-07,0.31765146962372215,1
TCGA-BP-4777-01A-01R-1289-07,0.5600201524175816,1
TCGA-BP-4988-01A-01R-1334-07,0.6153129479380011,1
TCGA-2J-AABF-01A-31R-A41B-07,0.8521703881417733,1
TCGA-56-8201-01A-11R-2247-07,0.616364231603289,1
TCGA-24-2035-01A-01R-1568-13,0.8266043182463584,1
TCGA-A1-A0SP-01A-11R-A084-07,0.9265863553131733,1
TCGA-BC-A10S-01A-22R-A131-07,0.3611398479569993,1
TCGA-HC-7738-01A-11R-2118-07,0.5702232216760645,1
TCGA-IA-A83S-01A-11R-A355-07,0.43080660654486186,0
TCGA-HZ-7920-01A-11R-2204-07,0.7515873305409949,1
TCGA-AA-3529-01A-02R-0821-07,0.6715875181423504,1
TCGA-D8-A1XJ-01A-11R-A14M-07,0.9092066381933247,1
TCGA-5X-AA5U-01A-11R-A406-31,0.6756803263479477,1
TCGA-3Z-A93Z-01A-11R-A37O-07,0.6732570995817891,1
TCGA-E9-A227-01A-11R-A157-07,0.882000579372109,1
TCGA-B0-4843-01A-01R-1277-07,0.6411891357575714,0
TCGA-BH-A8G0-01A-11R-A352-07,0.7823968229279975,1
TCGA-FV-A3R2-01A-11R-A22L-07,0.3798445091709321,1
TCGA-CZ-4854-01A-01R-1305-07,0.7650734571564565,1
TCGA-04-1348-01A-01R-1565-13,0.7077038083396184,1
TCGA-38-4625-01A-01R-1206-07,0.7943929761730782,1
TCGA-A3-A6NJ-01A-12R-A33J-07,0.6542915727773921,1
TCGA-BH-A0C3-01A-21R-A12P-07,0.9275202941779506,1
TCGA-58-8388-01A-11R-2326-07,0.5341365666532003,1
TCGA-NH-A50T-01A-11R-A28H-07,0.5584695318453791,1
TCGA-LL-A5YN-01A-11R-A28M-07,0.7219966467824774,0
TCGA-A2-A0ET-01A-31R-A034-07,0.9102055135048236,1
TCGA-GM-A2DO-01A-11R-A18M-07,0.8011363859570029,0
TCGA-A7-A0CH-01A-21R-A00Z-07,0.8444655735984734,1
TCGA-2Y-A9GT-01A-11R-A38B-07,0.4370497527626259,1
TCGA-B3-4104-01A-02R-1351-07,0.9209112214316606,1
TCGA-GM-A5PV-01A-11R-A28M-07,0.8242380438937712,1
TCGA-29-1711-01A-01R-1567-13,0.8049333800739814,1
TCGA-AO-A1KS-01A-11R-A13Q-07,0.8289244549218854,0
TCGA-AO-A12G-01A-11R-A10J-07,0.9222787205433661,1
TCGA-HZ-8002-01A-11R-2204-07,0.8136683942710896,0
TCGA-22-5492-01A-01R-1635-07,0.7128771706313466,1
TCGA-G4-6625-01A-21R-1774-07,0.6133370415897367,1
TCGA-L5-A4OF-01A-11R-A260-31,0.866982574666867,1
TCGA-55-A48Y-01A-11R-A24H-07,0.7974703306133774,0
TCGA-A2-A0YD-01A-11R-A109-07,0.8032868866503372,1
TCGA-13-0801-01A-01R-1564-13,0.6568912904979259,1
TCGA-B4-5843-01A-11R-1672-07,0.6565741730933685,1
TCGA-AY-A69D-01A-11R-A37K-07,0.536728436118842,0
TCGA-CJ-4899-01A-01R-1334-07,0.5242849603114399,1
TCGA-YL-A8S9-01A-11R-A37L-07,0.5913163698295789,1
TCGA-55-1596-01A-01R-0946-07,0.7847477578301255,1
TCGA-UB-AA0V-01A-11R-A38B-07,0.3157121158653294,1
TCGA-BH-A0HY-01A-11R-A056-07,0.9201888210752449,1
TCGA-64-1676-01A-01R-0946-07,0.5906625895905023,0
TCGA-A8-A09R-01A-11R-A00Z-07,0.8991044716578248,0
TCGA-D8-A1Y2-01A-11R-A157-07,0.8974101884026626,1
TCGA-5P-A9JY-01A-11R-A42S-07,0.2648754111893482,1
TCGA-AR-A1AI-01A-11R-A12P-07,0.8965693525419305,1
TCGA-56-7823-01B-11R-2247-07,0.46038893515978185,1
TCGA-O2-A52V-01A-31R-A262-07,0.47654636722911525,1
TCGA-B0-4816-01A-01R-1503-07,0.5148824712944968,1
TCGA-MH-A55W-01A-11R-A26U-07,0.4069341482465476,1
TCGA-AN-A0FD-01A-11R-A034-07,0.9118598615266446,1
TCGA-3A-A9IB-01A-21R-A39D-07,0.8739997776476451,1
TCGA-P4-A5EA-01A-11R-A28H-07,0.7899966154984367,1
TCGA-XV-A9VZ-01A-11R-A38C-07,0.9069153482865319,0
TCGA-BC-A10U-01A-11R-A131-07,0.5709371691235996,0
TCGA-B6-A0I9-01A-11R-A034-07,0.9224558377063072,0
TCGA-B0-5119-01A-02R-1420-07,0.46215712574014156,0
TCGA-AR-A2LR-01A-12R-A18M-07,0.9418680310819795,0
TCGA-22-5472-01A-01R-1635-07,0.5374219702251604,1
TCGA-GI-A2C8-01A-11R-A16F-07,0.9246728460426856,0
TCGA-44-2666-01A-01R-0946-07,0.8419117374043931,1
TCGA-25-1632-01A-01R-1566-13,0.7213319893560444,1
TCGA-78-7540-01A-11R-2066-07,0.6489829974958494,1
TCGA-BH-A0AV-01A-31R-A115-07,0.9167768020471475,1
TCGA-AA-3845-01A-01R-1022-07,0.8035200761415151,1
TCGA-78-8655-01A-11R-2403-07,0.844288267841021,1
TCGA-BP-4345-01A-01R-1289-07,0.506999265383806,1
TCGA-98-A539-01A-31R-A262-07,0.48838511744585666,0
TCGA-50-6594-01A-11R-1755-07,0.860052441053176,1
TCGA-49-AARN-01A-21R-A41B-07,0.7473469190045814,1
TCGA-A3-3358-01A-01R-1541-07,0.5719121939593532,1
TCGA-13-1483-01A-01R-1565-13,0.7242110615875257,0
TCGA-KK-A7B2-01A-12R-A32O-07,0.3295699310289449,1
TCGA-49-AAQV-01A-11R-A39D-07,0.7591598457300912,0
TCGA-EV-5902-01A-11R-1592-07,0.5463215174001762,0
TCGA-AC-A6IX-01A-12R-A32P-07,0.8964108666300012,1
TCGA-BW-A5NQ-01A-11R-A27V-07,0.49527357582756193,0
TCGA-B6-A0WW-01A-11R-A109-07,0.8576670009283519,0
TCGA-R6-A8W8-01B-11R-A37I-31,0.8243143926902179,1
TCGA-XV-AAZW-01A-12R-A40A-07,0.6251648727833768,0
TCGA-BP-4173-01A-02R-1289-07,0.5027977885195862,1
TCGA-HZ-A49G-01A-11R-A26U-07,0.7588600476711453,0
TCGA-22-1012-01A-01R-0692-07,0.5619276136902419,1
TCGA-BH-A0C7-01B-11R-A115-07,0.8898826036464279,1
TCGA-CC-A7IL-01A-11R-A33R-07,0.3103488503254107,1
TCGA-E9-A1RA-01A-11R-A14D-07,0.898216105251586,1
TCGA-YL-A8HM-01A-11R-A36G-07,0.8224343320789818,0
TCGA-AC-A3HN-01A-11R-A213-07,0.7670001646120513,1
TCGA-D8-A1X8-01A-11R-A14M-07,0.8386741511326417,1
TCGA-78-7159-01A-11R-2039-07,0.6954798365256548,1
TCGA-AR-A1AK-01A-21R-A12P-07,0.9127495182923625,1
TCGA-Y8-A8RY-01A-11R-A37K-07,0.25128240533873936,1
TCGA-DD-AAED-01A-12R-A41C-07,0.5482337033881781,1
TCGA-AN-A0XV-01A-11R-A109-07,0.912373993109965,1
TCGA-BP-4775-01A-01R-1289-07,0.7442179667693736,1
TCGA-24-1556-01A-01R-1566-13,0.6216630254947316,1
TCGA-44-6148-01A-11R-1755-07,0.7447196493523237,1
TCGA-DD-A3A9-01A-11R-A266-07,0.47417116827357314,0
TCGA-XK-AAJU-01A-11R-A41O-07,0.5110886696938324,1
TCGA-A6-3809-01B-04R-A277-07,0.5902281238599272,1
TCGA-UZ-A9PO-01A-11R-A38C-07,0.2830138897361543,0
TCGA-05-4398-01A-01R-1206-07,0.8013643885933234,0
TCGA-AK-3436-01A-02R-1325-07,0.7963880687092095,1
TCGA-D9-A4Z2-01A-11R-A24X-07,0.4414091408093247,1
TCGA-44-8119-01A-11R-2241-07,0.8091377727266877,1
TCGA-EB-A97M-01A-11R-A38C-07,0.3698586057252846,1
TCGA-YL-A8HK-01A-11R-A36G-07,0.8073497515623078,1
TCGA-GL-A59T-01A-21R-A28H-07,0.34981251110445294,1
TCGA-90-7767-01A-11R-2125-07,0.5617262865821797,1
TCGA-DV-5568-01A-01R-1541-07,0.573808157711496,1
TCGA-A4-A5Y0-01A-11R-A31O-07,0.5925117081282237,0
TCGA-BF-A1PZ-01A-11R-A18S-07,0.41589867493160704,1
TCGA-2J-AAB4-01A-12R-A41B-07,0.781620014714288,0
TCGA-AC-A8OQ-01A-11R-A41B-07,0.9284523547204183,1
TCGA-DD-AACT-01A-11R-A41C-07,0.3626735647018794,0
TCGA-18-3412-01A-01R-0980-07,0.4096800161697896,1
TCGA-A2-A4S2-01A-12R-A266-07,0.8898916571893785,0
TCGA-H9-A6BY-01A-11R-A30B-07,0.32186268601688695,0
TCGA-DW-7837-01A-11R-2139-07,0.4498341261839879,1
TCGA-AA-3552-01A-01R-0821-07,0.6895030794356247,1
TCGA-UZ-A9PN-01A-11R-A38C-07,0.815211077518419,1
TCGA-NC-A5HO-01A-11R-A26W-07,0.6543961683942652,1
TCGA-B8-A8YJ-01A-13R-A39I-07,0.49498549961595417,1
TCGA-A2-A04Q-01A-21R-A034-07,0.9340295421383048,1
TCGA-HC-A6AQ-01A-11R-A30B-07,0.20389228674703086,1
TCGA-DV-A4VX-01A-11R-A266-07,0.7467348022503615,1
TCGA-FC-A6HD-01A-11R-A31N-07,0.49314967867537907,0
TCGA-F2-A44G-01A-11R-A26U-07,0.8484250387161071,0
TCGA-AZ-4681-01A-01R-1410-07,0.4428568261748383,1
TCGA-VP-A87J-01A-11R-A352-07,0.8018571578153376,0
TCGA-C8-A8HQ-01A-11R-A36F-07,0.9191699831211885,0
TCGA-YJ-A8SW-01A-11R-A37L-07,0.8829446859028192,1
TCGA-63-7020-01A-11R-1949-07,0.4875083236629734,0
TCGA-66-2754-01A-01R-0980-07,0.6845887572064226,1
TCGA-04-1343-01A-01R-1564-13,0.6157440175891251,1
TCGA-KK-A7AV-01A-11R-A32O-07,0.4831519077280976,1
TCGA-HC-A632-01A-11R-A29R-07,0.8439190248425074,0
TCGA-DD-AACE-01A-11R-A41C-07,0.41045348739780996,0
TCGA-23-1809-01A-01R-1566-13,0.7988924076764886,1
TCGA-JY-A939-01A-12R-A37I-31,0.8725162864835588,1
TCGA-25-1627-01A-01R-1566-13,0.7364515635527029,1
TCGA-IB-AAUP-01A-11R-A37L-07,0.8752802615036658,1
TCGA-RC-A6M3-01A-11R-A32O-07,0.7134082771180018,1
TCGA-E9-A1RH-01A-21R-A169-07,0.9213158386333921,0
TCGA-KK-A8IH-01A-11R-A36G-07,0.8288182083099594,1
TCGA-AA-3869-01A-01R-1022-07,0.6507354489404258,0
TCGA-B0-5116-01A-02R-1420-07,0.7703504695891541,1
TCGA-GF-A2C7-01A-11R-A18T-07,0.4809048375124357,1
TCGA-BH-A5J0-01A-11R-A27Q-07,0.8367122949981207,1
TCGA-66-2727-01A-01R-0980-07,0.5178341180265735,1
TCGA-CM-6163-01A-11R-1653-07,0.6455379307553855,1
TCGA-55-A490-01A-11R-A466-07,0.8373780677988266,0
TCGA-AA-3976-01A-01R-1022-07,0.4174438951747067,1
TCGA-A6-2679-01A-02R-1410-07,0.49114787648527425,0
TCGA-BP-5182-01A-01R-1426-07,0.542743009363161,1
TCGA-56-8083-01A-11R-2247-07,0.6897148929562018,1
TCGA-55-8299-01A-11R-2287-07,0.7122609512639909,0
TCGA-LN-A8I1-01A-11R-A36D-31,0.927026012054393,0
TCGA-SX-A7SU-01A-11R-A36F-07,0.41096528595614423,1
TCGA-E9-A295-01A-11R-A16F-07,0.9111320166017476,1
TCGA-EJ-7218-01B-11R-A32O-07,0.4857089069974966,1
TCGA-E2-A2P5-01A-11R-A19W-07,0.9111858885122522,1
TCGA-A2-A0ES-01A-11R-A115-07,0.6853098280756484,1
TCGA-CK-5916-01A-11R-1653-07,0.7692523122732629,1
TCGA-EJ-A65E-01A-11R-A29R-07,0.6359654493232519,0
TCGA-OL-A66K-01A-11R-A29R-07,0.8937088686145636,1
TCGA-44-6774-01A-21R-1858-07,0.6667912459877736,1
TCGA-V1-A9Z7-01A-11R-A41O-07,0.8074041609566934,1
TCGA-ER-A196-01A-11R-A18T-07,0.7758019175959184,1
TCGA-2J-AABI-01A-12R-A41B-07,0.9434859748190914,1
TCGA-GJ-A9DB-01A-11R-A37K-07,0.378295561894371,1
TCGA-A8-A0A7-01A-11R-A00Z-07,0.9172266734452312,1
TCGA-L5-A4ON-01A-11R-A260-31,0.8329882243505135,1
TCGA-F4-6806-01A-11R-1839-07,0.5517458191274915,0
TCGA-66-2792-01A-01R-0980-07,0.3577674689826322,1
TCGA-A8-A08R-01A-11R-A034-07,0.898894503585893,1
TCGA-E2-A1LH-01A-11R-A14D-07,0.8910865909324607,1
TCGA-24-1550-01A-01R-1566-13,0.7740818808664253,0
TCGA-44-7660-01A-11R-2066-07,0.8781555495681578,1
TCGA-85-A53L-01A-21R-A26W-07,0.6307215218802625,0
TCGA-MR-A8JO-01A-12R-A36F-07,0.5453362047340404,1
TCGA-44-5643-01A-01R-1628-07,0.8905782860393591,1
TCGA-90-6837-01A-11R-1949-07,0.7001894766312023,0
TCGA-DD-AAC9-01A-11R-A41C-07,0.196517126358618,0
TCGA-BH-A203-01A-12R-A169-07,0.943033464804518,1
TCGA-B8-4146-01B-11R-1672-07,0.6453216018482548,1
TCGA-24-1430-01A-01R-1566-13,0.7267931980057405,1
TCGA-BH-A5IZ-01A-11R-A27Q-07,0.9391248378860941,1
TCGA-78-7633-01A-11R-2066-07,0.7397299684035388,1
TCGA-A6-2686-01A-01R-A32Z-07,0.8450371093099636,1
TCGA-NC-A5HF-01A-11R-A26W-07,0.5655985967162891,1
TCGA-BQ-5882-01A-11R-1592-07,0.7528225676525092,1
TCGA-IB-AAUM-01A-11R-A37L-07,0.8732747310255544,1
TCGA-BF-AAP7-01A-11R-A40A-07,0.3667116623028473,1
TCGA-NJ-A4YG-01A-22R-A262-07,0.7086643654273715,0
TCGA-AA-3846-01A-01R-1022-07,0.48310511591595645,1
TCGA-UN-AAZ9-01A-11R-A38C-07,0.385733329784746,0
TCGA-HC-A76X-01A-11R-A33R-07,0.41476645366679166,1
TCGA-25-2042-01A-01R-1568-13,0.7034572721160003,1
TCGA-F4-6459-01A-11R-1774-07,0.7718193765802523,1
TCGA-A7-A13F-01A-11R-A12P-07,0.9249997750149775,0
TCGA-A2-A0CP-01A-11R-A034-07,0.785959387199774,1
TCGA-KK-A5A1-01A-11R-A29R-07,0.7976798722287599,0
TCGA-F2-6879-01A-11R-2156-07,0.8700433876315126,1
TCGA-A8-A099-01A-11R-A00Z-07,0.8770758851990457,1
TCGA-DD-AADP-01A-11R-A39D-07,0.3422859459709948,1
TCGA-A6-5657-01A-01R-A32Z-07,0.7065895200032307,1
TCGA-A8-A09M-01A-11R-A00Z-07,0.9055297562279223,1
TCGA-CH-5744-01A-11R-1580-07,0.6470098085889432,1
TCGA-43-6771-01A-11R-1820-07,0.5730752186858272,1
TCGA-LN-A4A5-01A-21R-A260-31,0.904321777582171,1
TCGA-BH-A0BZ-01A-31R-A12P-07,0.9258075616803866,0
TCGA-05-4395-01A-01R-1206-07,0.7880673143440424,1
TCGA-BP-5178-01A-01R-1426-07,0.6567220120918364,1
TCGA-B6-A0RI-01A-11R-A056-07,0.8439381931642695,0
TCGA-63-A5MB-01A-11R-A26W-07,0.6120247274282066,1
TCGA-AQ-A04J-01A-02R-A034-07,0.8802897606798158,1
TCGA-77-8133-01A-12R-2247-07,0.46464622218777635,0
TCGA-B0-5399-01A-01R-1503-07,0.5542955604042293,1
TCGA-B8-A54I-01A-21R-A33J-07,0.706402175319717,1
TCGA-61-1910-01A-01R-1567-13,0.7895608593956425,1
TCGA-A8-A07R-01A-21R-A034-07,0.9216027911646305,1
TCGA-CJ-4905-01A-02R-1426-07,0.28081874305461296,1
TCGA-AA-3525-01A-02R-0826-07,0.48828551607833687,1
TCGA-78-8662-01A-11R-2403-07,0.8610540939553282,1
TCGA-B6-A0IB-01A-11R-A034-07,0.8974867769996023,0
TCGA-EJ-7328-01A-31R-2118-07,0.6472841459863432,1
TCGA-BQ-5875-01A-11R-1592-07,0.5653645658888125,1
TCGA-IB-7649-01A-11R-2156-07,0.8820795342736112,0
TCGA-49-4494-01A-01R-1206-07,0.6958888648617656,1
TCGA-AR-A24P-01A-11R-A169-07,0.8318441952123826,1
TCGA-AA-3542-01A-02R-1873-07,0.2785260785075439,0
TCGA-DM-A28H-01A-11R-A16W-07,0.6617953756781547,0
TCGA-O2-A5IB-01A-11R-A27Q-07,0.6105113267378603,0
TCGA-A8-A06X-01A-21R-A00Z-07,0.9303167339986548,1
TCGA-BH-A28O-01A-11R-A22K-07,0.6551721182326575,1
TCGA-EJ-7115-01A-11R-2118-07,0.42787190498946787,1
TCGA-DW-5560-01A-01R-1592-07,0.44890596850063547,1
TCGA-29-1703-01A-01R-1567-13,0.7390156120686731,1
TCGA-AA-3680-01A-01R-0905-07,0.6378299428893871,1
TCGA-CC-A8HU-01A-11R-A36F-07,0.43314614171094606,1
TCGA-D8-A27P-01A-11R-A16F-07,0.8458744419731972,1
TCGA-3P-A9WA-01A-11R-A406-31,0.7676679764841647,0
TCGA-BH-A1F6-01A-11R-A13Q-07,0.925877006510047,1
TCGA-63-5128-01A-01R-1443-07,0.5675117915625976,0
TCGA-RC-A7SF-01A-11R-A352-07,0.393129100516294,0
TCGA-BH-A202-01A-11R-A14M-07,0.8621205825957479,1
TCGA-DD-AAD8-01A-11R-A41C-07,0.4867117329356769,1
TCGA-EU-5904-01A-11R-1672-07,0.42994914964443237,1
TCGA-55-8508-01A-11R-2403-07,0.8042608161497539,1
TCGA-B3-A6W5-01A-12R-A33Z-07,0.41398535949611504,0
TCGA-78-7155-01A-11R-2039-07,0.8713742196767823,1
TCGA-24-2297-01A-01R-1568-13,0.68186696012292,0
TCGA-A8-A09W-01A-11R-A00Z-07,0.9240515378335359,1
TCGA-B9-4617-01A-01R-1193-07,0.4260130936571561,0
TCGA-A8-A09B-01A-11R-A00Z-07,0.8822574448515668,1
TCGA-JY-A6FA-01A-11R-A336-31,0.9278130034473913,1
TCGA-97-A4M1-01A-11R-A24X-07,0.6222232191859689,0
TCGA-GL-A9DD-01A-11R-A37K-07,0.3467914688245883,1
TCGA-A3-A6NN-01A-12R-A33J-07,0.43294665334601945,1
TCGA-18-3416-01A-01R-0980-07,0.5224434420808093,1
TCGA-EJ-5515-01A-01R-1580-07,0.2389689996127418,1
TCGA-D5-6539-01A-11R-1723-07,0.5392943566823591,1
TCGA-BH-A18N-01A-11R-A12D-07,0.9012503439806006,0
TCGA-BP-4167-01A-02R-1325-07,0.6519098027264976,1
TCGA-A2-A0CR-01A-11R-A22K-07,0.4789923911749856,1
TCGA-56-8628-01A-11R-2403-07,0.5686151888258566,1
TCGA-55-8621-01A-11R-2403-07,0.5915262522899504,1
TCGA-CC-A7II-01A-11R-A33J-07,0.7131530012852303,1
TCGA-85-6560-01A-11R-1820-07,0.76450142665942,1
TCGA-AR-A24W-01A-11R-A169-07,0.7681692742877385,1
TCGA-85-6175-01A-11R-1820-07,0.4564200296588233,1
TCGA-86-7954-01A-11R-2187-07,0.78469240557972,1
TCGA-CC-A9FS-01A-11R-A37K-07,0.5571484472204898,1
TCGA-25-1870-01A-01R-1567-13,0.792728443586319,1
TCGA-63-7022-01A-11R-1949-07,0.49593642936361143,1
TCGA-R6-A6KZ-01A-11R-A31P-31,0.8948405865014505,1
TCGA-AA-3562-01A-02R-0821-07,0.5118230694759053,1
TCGA-D5-6541-01A-11R-1723-07,0.7848656666237883,1
TCGA-PJ-A5Z8-01A-11R-A28H-07,0.6910654118489945,0
TCGA-BP-5010-01A-02R-1420-07,0.6525551809720709,0
TCGA-66-2790-01A-01R-0980-07,0.6585161271460231,1
TCGA-AL-A5DJ-01A-11R-A26U-07,0.7693448661580506,1
TCGA-AR-A0TR-01A-11R-A084-07,0.88118031710494,0
TCGA-AA-3979-01A-01R-1022-07,0.5369340497156437,1
TCGA-A1-A0SJ-01A-11R-A084-07,0.9129409056436746,1
TCGA-AO-A0JA-01A-11R-A056-07,0.9113509251558598,1
TCGA-86-A4JF-01A-11R-A24X-07,0.8346828047989253,1
TCGA-Z6-A8JD-01A-11R-A36D-31,0.9198041724105032,1
TCGA-92-7341-01A-31R-2045-07,0.31223221476496843,1
TCGA-E2-A15O-01A-11R-A115-07,0.8766821534991112,0
TCGA-V1-A9O9-01A-11R-A41O-07,0.7610520022188006,1
TCGA-67-6215-01A-11R-1755-07,0.7804202499909854,0
TCGA-AY-6386-01A-21R-1723-07,0.5756083524230177,1
TCGA-LN-A4A3-01A-11R-A260-31,0.9180332313055138,1
TCGA-44-6778-01A-11R-1858-07,0.7493883055426844,0
TCGA-RU-A8FL-01A-11R-A37K-07,0.7019394523816243,1
TCGA-G3-AAV1-01A-11R-A38B-07,0.38601808908140106,0
TCGA-CH-5745-01A-11R-1580-07,0.6867860366844418,0
TCGA-85-8580-01A-31R-2403-07,0.4565821714637808,1
TCGA-AK-3454-01A-02R-1277-07,0.41291659443860185,1
TCGA-M7-A722-01A-12R-A36G-07,0.6561164563706313,1
TCGA-3A-A9IN-01A-11R-A39D-07,0.8885385724076786,1
TCGA-49-4501-01A-01R-1206-07,0.560055486894907,1
TCGA-44-7667-01A-31R-2066-07,0.8054328321025954,1
TCGA-86-7714-01A-12R-2170-07,0.7001144982844453,1
TCGA-34-5929-01A-11R-1820-07,0.6104654424665825,0
TCGA-BC-A10R-01A-11R-A131-07,0.5529020744700271,1
TCGA-39-5027-01A-21R-1820-07,0.4755864354719871,1
TCGA-AA-A00E-01A-01R-A002-07,0.6942178178039128,1
TCGA-22-5473-01A-01R-1635-07,0.341514172845021,0
TCGA-LL-A7T0-01A-31R-A352-07,0.8946143727109276,1
TCGA-13-1410-01A-01R-1565-13,0.7153649093317543,1
TCGA-G9-6377-01A-11R-1965-07,0.6006832430155107,1
TCGA-EJ-7784-01A-11R-2118-07,0.6415432848237803,1
TCGA-51-4081-01A-01R-1100-07,0.33461071387623614,0
TCGA-5P-A9JW-01A-11R-A42S-07,0.4950593432643521,0
TCGA-DV-5567-01A-01R-1541-07,0.5022688398753707,1
TCGA-BH-A1FU-01A-11R-A14D-07,0.8065290668693279,0
TCGA-AR-A1AR-01A-31R-A137-07,0.9090715345491576,1
TCGA-43-7658-01A-11R-2125-07,0.6226019233361123,1
TCGA-BF-A1PU-01A-11R-A18S-07,0.47800837847074995,0
TCGA-CM-6171-01A-11R-1653-07,0.7318508660410032,1
TCGA-EW-A1J2-01A-21R-A13Q-07,0.6946076663714175,1
TCGA-UB-A7MF-01A-11R-A33J-07,0.5967275372917508,0
TCGA-DD-AAD0-01A-11R-A41C-07,0.4711399874573943,0
TCGA-85-6561-01A-11R-1820-07,0.2720426805368631,1
TCGA-G9-6367-01A-11R-1789-07,0.4553152995488165,1
TCGA-DM-A1D9-01A-11R-A155-07,0.506819707947751,1
TCGA-EJ-7783-01A-11R-2118-07,0.3899084225743464,1
TCGA-33-AASD-01A-11R-A405-07,0.582258840889597,1
TCGA-97-8177-01A-11R-2287-07,0.6324908290882223,1
TCGA-NH-A6GA-01A-11R-A37K-07,0.7720174478061101,0
TCGA-BH-A1FC-01A-11R-A13Q-07,0.9242297981657204,1
TCGA-BP-4165-01A-02R-1289-07,0.35084280355278397,1
TCGA-AA-A02R-01A-01R-A00A-07,0.6931667031419502,1
TCGA-AD-6899-01A-11R-1928-07,0.7578774784247575,1
TCGA-LN-A4MQ-01A-11R-A28J-31,0.916441740733123,1
TCGA-KK-A59Z-01A-12R-A26U-07,0.7819346668863943,1
TCGA-MI-A75H-01A-11R-A32O-07,0.2147716399562747,0
TCGA-38-4630-01A-01R-1206-07,0.8797799388535137,1
TCGA-EP-A3RK-01A-11R-A22L-07,0.37473899086742757,1
TCGA-5C-A9VG-01A-11R-A37K-07,0.6858000950615941,1
TCGA-BH-A0E7-01A-11R-A034-07,0.8738969779924834,1
TCGA-AA-3956-01A-02R-1022-07,0.5135745144798387,0
TCGA-HC-8216-01A-11R-A29R-07,0.7606055731603252,1
TCGA-EJ-5519-01A-01R-1580-07,0.7220387338421669,1
TCGA-AA-3949-01A-01R-1022-07,0.4696350288827499,0
TCGA-B0-5121-01A-02R-1420-07,0.34865354074101923,1
TCGA-10-0926-01A-01R-1564-13,0.7238933673464585,1
TCGA-AK-3451-01A-02R-1188-07,0.5601301050658992,1
TCGA-A8-A085-01A-11R-A00Z-07,0.9391922442131844,0
TCGA-BH-A18M-01A-11R-A12D-07,0.8306306642665807,1
TCGA-G4-6315-01A-11R-1723-07,0.37051648288996014,1
TCGA-MP-A4TE-01A-22R-A466-07,0.7392093120572478,1
TCGA-EB-A4IS-01A-21R-A266-07,0.552541070848079,1
TCGA-AN-A0AS-01A-11R-A00Z-07,0.914265510105525,1
TCGA-CW-5583-01A-02R-1541-07,0.27549126639515537,1
TCGA-BH-A18T-01A-11R-A12D-07,0.8909920072316109,0
TCGA-E9-A22E-01A-11R-A157-07,0.8491850183308131,1
TCGA-A2-A1FW-01A-11R-A13Q-07,0.9002246853796178,1
TCGA-H6-A45N-01A-11R-A26U-07,0.665851752767611,1
TCGA-A2-A0SW-01A-11R-A084-07,0.9285544066501267,0
TCGA-B0-5712-01A-11R-1672-07,0.7848039267069731,1
TCGA-85-8277-01A-11R-2296-07,0.4950906305785247,1
TCGA-E2-A1II-01A-11R-A144-07,0.9433331654630421,1
TCGA-24-2267-01A-01R-1568-13,0.6962038389086963,1
TCGA-77-8131-01A-11R-2247-07,0.5087374738585737,1
TCGA-3A-A9IZ-01A-12R-A41B-07,0.8778808963110338,0
TCGA-55-7816-01A-11R-2170-07,0.8124939305484354,1
TCGA-AA-3509-01A-01R-1410-07,0.5701242100141315,1
TCGA-25-1322-01A-01R-1565-13,0.6909369158866915,1
TCGA-35-5375-01A-01R-1628-07,0.8005328959479459,1
TCGA-CJ-4918-01A-01R-1426-07,0.5838610745457486,1
TCGA-ED-A66X-01A-11R-A311-07,0.5788773705919283,1
TCGA-FV-A3I0-01A-11R-A22L-07,0.7793135822560643,0
TCGA-AO-A0JG-01A-31R-A084-07,0.8891891916040853,1
TCGA-XJ-A9DK-01A-11R-A37L-07,0.7731157676805803,1
TCGA-BH-A0BT-01A-11R-A12P-07,0.8924035735254474,1
TCGA-29-1783-01A-01R-1567-13,0.6111174397990891,0
TCGA-QG-A5Z1-01A-11R-A28H-07,0.7404696086274679,1
TCGA-F4-6805-01A-11R-1839-07,0.5875576368259658,1
TCGA-18-4086-01A-01R-1100-07,0.29090047271759906,1
TCGA-99-8028-01A-11R-2241-07,0.5845143193186843,1
TCGA-B0-5109-01A-02R-1420-07,0.9145266815011639,1
TCGA-E2-A1B6-01A-31R-A12P-07,0.8666210696953592,1
TCGA-S4-A8RM-01A-11R-A37L-07,0.8835640622700566,1
TCGA-49-4486-01A-01R-1206-07,0.5514916559390156,1
TCGA-E9-A248-01A-11R-A169-07,0.9289125960508684,1
TCGA-IB-AAUR-01A-21R-A38C-07,0.6733146113518741,1
TCGA-BC-A69I-01A-11R-A311-07,0.2978527929859652,1
TCGA-AC-A23G-01A-11R-A213-07,0.7999682558716702,0
TCGA-DD-AADG-01A-11R-A41C-07,0.22843224891718236,0
TCGA-A8-A08S-01A-11R-A034-07,0.8833925574849989,1
TCGA-D8-A27G-01A-11R-A16F-07,0.8879859964964407,1
TCGA-A2-A0YT-01A-11R-A109-07,0.859547913239424,1
TCGA-2H-A9GH-01A-11R-A37I-31,0.8774729424031337,1
TCGA-GM-A4E0-01A-12R-A266-07,0.7978550140716182,1
TCGA-86-8358-01A-11R-2326-07,0.8420222643427818,1
TCGA-39-5034-01A-01R-1443-07,0.7598803374940298,1
TCGA-E9-A1N3-01A-12R-A157-07,0.8579174246562693,1
TCGA-91-8496-01A-11R-2403-07,0.562444290281291,1
TCGA-KC-A7FE-01A-12R-A33R-07,0.25068030823992143,1
TCGA-04-1655-01A-01R-1566-13,0.7796152995510156,1
TCGA-A4-7584-01A-11R-2139-07,0.4453614919501257,1
TCGA-HZ-7918-01A-11R-2156-07,0.918282993965544,1
TCGA-AK-3440-01A-02R-1277-07,0.8459767415497941,0
TCGA-CZ-4857-01A-01R-1305-07,0.7832275531011079,1
TCGA-B9-4116-01A-02R-1351-07,0.7058948936406229,1
TCGA-DZ-6133-01A-11R-1965-07,0.3029307795335839,0
TCGA-J9-A52E-01A-11R-A26U-07,0.8962754977935081,1
TCGA-ER-A2NB-01A-12R-A18S-07,0.6975787668397693,1
TCGA-A3-3346-01A-01R-1766-07,0.8238354626261026,1
TCGA-3A-A9IO-01A-11R-A38C-07,0.9110596903117919,1
TCGA-BP-4325-01A-02R-1289-07,0.559703292534086,1
TCGA-IB-7889-01A-11R-2156-07,0.8888681923931779,0
TCGA-A8-A07F-01A-11R-A00Z-07,0.8538847175666582,1
TCGA-78-7162-01A-21R-2066-07,0.6208290601321547,1
TCGA-IB-7644-01A-11R-2156-07,0.8708490683913116,0
TCGA-36-1569-01A-01R-1566-13,0.7044323458566115,0
TCGA-52-7622-01A-11R-2125-07,0.32690606090929397,1
TCGA-69-8453-01A-12R-2326-07,0.6030950534838636,1
TCGA-OL-A66N-01A-12R-A31O-07,0.828786383478825,1
TCGA-CC-A9FV-01A-11R-A37K-07,0.8357526208598103,1
TCGA-XD-AAUI-01A-42R-A41B-07,0.8211276238311597,1
TCGA-GM-A2DN-01A-11R-A180-07,0.9168140339136747,0
TCGA-G3-A3CK-01A-11R-A213-07,0.19381267395023932,0
TCGA-BP-4771-01A-01R-1289-07,0.5022477207056023,0
TCGA-DD-AACO-01A-11R-A41C-07,0.513609537270513,1
TCGA-75-7031-01A-11R-1949-07,0.7918706425643297,1
TCGA-24-1552-01A-01R-1566-13,0.7398571846233803,1
TCGA-85-8287-01A-11R-2296-07,0.6160997451223041,0
TCGA-AY-6197-01A-11R-1723-07,0.7091383935886367,1
TCGA-96-A4JK-01A-11R-A24Z-07,0.5083239150728274,1
TCGA-C8-A12Z-01A-11R-A115-07,0.856711357021636,1
TCGA-E9-A3Q9-01A-11R-A21T-07,0.9089961626812046,1
TCGA-AC-A8OR-01A-21R-A41B-07,0.9184815931501867,1
TCGA-44-5644-01A-21R-2039-07,0.8541583514007146,1
TCGA-A2-A0T3-01A-21R-A115-07,0.929304137669864,1
TCGA-A4-8098-01A-11R-2404-07,0.7678160080350995,1
TCGA-EB-A82C-01A-11R-A352-07,0.47847836379234765,0
TCGA-DM-A1D0-01A-11R-A155-07,0.7069009205086,1
TCGA-BF-AAP1-01A-11R-A39D-07,0.49800308455527054,1
TCGA-S3-AA12-01A-11R-A41B-07,0.8485161722368986,0
TCGA-24-2024-01A-02R-1568-13,0.7183336354825991,1
TCGA-24-2026-01A-01R-1567-13,0.8140194726656346,1
TCGA-G7-6796-01A-11R-1965-07,0.5298511072088421,1
TCGA-AL-3473-01A-01R-1193-07,0.835960131562941,1
TCGA-Y8-A894-01A-11R-A36F-07,0.5464997156796567,1
TCGA-22-5483-01A-01R-1820-07,0.6200356939454263,1
TCGA-CJ-4644-01A-02R-1325-07,0.5728245936490004,1
TCGA-22-5489-01A-01R-1635-07,0.4681638958775853,1
TCGA-D8-A1JP-01A-11R-A13Q-07,0.9413112506691232,0
TCGA-B9-A5W9-01A-11R-A28H-07,0.5220421082768325,1
TCGA-13-0886-01A-01R-1569-13,0.7300758577040539,1
TCGA-EB-A4P0-01A-41R-A266-07,0.51774581641127,1
TCGA-G4-6307-01A-11R-1723-07,0.5462370250222505,0
TCGA-DD-AAEH-01A-11R-A41C-07,0.369070425495983,1
TCGA-FV-A2QQ-01A-11R-A22L-07,0.14889919135461602,0
TCGA-MP-A4SW-01A-21R-A24X-07,0.7274015416653049,1
TCGA-P4-A5ED-01A-11R-A28H-07,0.8266221577872064,1
TCGA-CA-6719-01A-11R-1839-07,0.6351250819046452,1
TCGA-AY-4071-01A-01R-1113-07,0.4887661332052376,1
TCGA-B8-4622-01A-02R-1277-07,0.40661488034611787,1
TCGA-AO-A1KP-01A-11R-A13Q-07,0.861025834099692,1
TCGA-A8-A081-01A-11R-A00Z-07,0.8957703403902679,0
TCGA-24-2262-01A-01R-1568-13,0.8199741249759797,1
TCGA-3A-A9I7-01A-21R-A38C-07,0.8808088385703721,1
TCGA-A2-A0CW-01A-21R-A115-07,0.9336985249733859,1
TCGA-UZ-A9Q0-01A-12R-A42S-07,0.24670975652499844,1
TCGA-56-8082-01A-11R-2247-07,0.6351836088040281,0
TCGA-39-5019-01A-01R-1820-07,0.4957726674302244,1
TCGA-G3-A5SI-01A-31R-A27V-07,0.4714471050817609,1
TCGA-A2-A0EX-01A-21R-A034-07,0.906012467528076,1
TCGA-AR-A2LJ-01A-12R-A19W-07,0.7199308402188659,1
TCGA-R6-A6DN-01B-11R-A31P-31,0.8933904368322075,1
TCGA-B0-4842-01A-02R-1420-07,0.7801453767558884,1
TCGA-90-A4EE-01A-11R-A24Z-07,0.49996203499345837,0
TCGA-DW-7834-01A-11R-2139-07,0.5577947335444818,1
TCGA-A3-3317-01A-02R-1325-07,0.7344476549472935,1
TCGA-LN-A7HY-01A-12R-A354-31,0.9356247973452502,0
TCGA-B0-5080-01A-01R-1503-07,0.49412857553310036,1
TCGA-DD-AAW3-01A-11R-A41C-07,0.28831160646301746,1
TCGA-CM-5862-01A-01R-1653-07,0.6763315943068167,1
TCGA-G9-6494-01A-11R-1789-07,0.4925362070239832,0
TCGA-2J-AABT-01A-11R-A41B-07,0.8323832330038757,1
TCGA-AA-3693-01A-01R-0905-07,0.6233658628104772,0
TCGA-2V-A95S-01A-11R-A37K-07,0.6390103162664293,1
TCGA-44-7669-01A-21R-2066-07,0.8117785365125263,0
TCGA-BP-5008-01A-01R-1334-07,0.371062666825037,1
TCGA-D5-6920-01A-11R-1928-07,0.5315276770526788,1
TCGA-K7-A5RG-01A-11R-A28V-07,0.604649161079611,1
TCGA-BP-4795-01A-02R-1420-07,0.4117147862799212,1
TCGA-18-3419-01A-01R-0980-07,0.8119795850802121,0
TCGA-G9-6332-01A-11R-1789-07,0.5891491711837062,1
TCGA-56-8309-01A-11R-2296-07,0.4838024024706472,1
TCGA-AC-A23E-01A-11R-A157-07,0.7745989387629781,1
TCGA-BQ-7046-01A-11R-1965-07,0.2556538964944395,1
TCGA-AN-A0AT-01A-11R-A034-07,0.9165672197823815,1
TCGA-BH-A0E9-01B-11R-A115-07,0.8006589525373629,0
TCGA-AA-3663-01A-01R-1723-07,0.7027135490398349,1
TCGA-A2-A0YI-01A-31R-A10J-07,0.8861155934806392,1
TCGA-34-8456-01A-21R-2326-07,0.5946698435695704,1
TCGA-AR-A1AJ-01A-21R-A12P-07,0.9008985957384021,1
TCGA-44-6145-01A-11R-1755-07,0.7185635417140168,1
TCGA-BP-4344-01A-01R-1289-07,0.35596665510206327,1
TCGA-5C-A9VH-01A-11R-A37K-07,0.4384736599712926,1
TCGA-62-8399-01A-21R-2326-07,0.8032033039090419,0
TCGA-A8-A08T-01A-21R-A00Z-07,0.8962873209949871,1
TCGA-56-7222-01A-11R-2045-07,0.5741972632441082,0
TCGA-PZ-A5RE-01A-11R-A32O-07,0.8266105714329035,1
TCGA-EJ-5509-01A-01R-1580-07,0.650241376221059,0
TCGA-58-8392-01A-11R-2326-07,0.38967064763265225,1
TCGA-18-5595-01A-01R-1635-07,0.5961818884348413,1
TCGA-29-1695-01A-01R-1567-13,0.7877210394365469,1
TCGA-B0-4833-01A-01R-1305-07,0.4860389092281234,1
TCGA-D8-A27E-01A-11R-A16F-07,0.8785342260608255,0
TCGA-BH-A209-01A-11R-A157-07,0.8905921177736136,1
TCGA-BH-A0W4-01A-11R-A109-07,0.7187581063419414,0
TCGA-DV-5565-01A-01R-1541-07,0.776000843277632,0
TCGA-94-A5I6-01A-21R-A27Q-07,0.4027485752582345,0
TCGA-61-1725-01A-01R-1567-13,0.5763778495767283,1
TCGA-B0-5098-01A-01R-1420-07,0.9248882154744614,1
TCGA-13-0905-01B-01R-1565-13,0.7319785610065846,1
TCGA-AA-3667-01A-01R-0905-07,0.24030714288523589,1
TCGA-D8-A1XC-01A-11R-A14D-07,0.889961657820045,0
TCGA-J4-A6M7-01A-11R-A31N-07,0.6113334955056907,1
TCGA-24-1544-01A-01R-1566-13,0.7650679232237692,0
TCGA-YL-A9WJ-01A-11R-A37L-07,0.6980052282360703,1
TCGA-29-1785-01A-01R-1567-13,0.7811508595095339,0
TCGA-98-8020-01A-11R-2247-07,0.4678601204790137,0
TCGA-XJ-A9DQ-01A-11R-A37L-07,0.4571377009912599,0
TCGA-C8-A8HP-01A-11R-A36F-07,0.9196512719941533,1
TCGA-B0-5096-01A-01R-1420-07,0.8712073940817102,1
TCGA-E9-A3QA-01A-61R-A22K-07,0.9226659713105786,1
TCGA-BH-A0WA-01A-11R-A109-07,0.9084908532132409,1
TCGA-66-2791-01A-01R-0980-07,0.3968247879620037,1
TCGA-BH-A0HN-01A-11R-A10U-07,0.8188481860049954,1
TCGA-F4-6463-01A-11R-1723-07,0.7010291944797957,0
TCGA-A2-A1FZ-01A-51R-A14D-07,0.8500600314649549,1
TCGA-VP-AA1N-01A-31R-A41O-07,0.7853123549030477,1
TCGA-A3-3359-01A-01R-0864-07,0.3583286780803463,1
TCGA-AN-A049-01A-21R-A00Z-07,0.8933130542958989,1
TCGA-CZ-5462-01A-01R-1503-07,0.8022798495654567,1
TCGA-CM-6165-01A-11R-1653-07,0.6716774484523766,1
TCGA-DD-A3A3-01A-11R-A22L-07,0.4412975952857,1
TCGA-AO-A125-01A-11R-A10J-07,0.8378640244712854,1
TCGA-69-7760-01A-11R-2170-07,0.8092954441245707,1
TCGA-KC-A7FD-01A-11R-A33R-07,0.6672023011689581,0
TCGA-UZ-A9PK-01A-11R-A38C-07,0.25925033559995214,1
TCGA-62-8398-01A-11R-2326-07,0.8305242228673538,1
TCGA-B0-4698-01A-01R-1503-07,0.9186459224101491,1
TCGA-L5-A88V-01A-11R-A354-31,0.8912154712397963,1
TCGA-3A-A9IX-01A-11R-A41B-07,0.7604162851295506,1
TCGA-55-A4DG-01A-11R-A24H-07,0.6896542255325409,1
TCGA-EW-A424-01A-11R-A24H-07,0.8746784542540665,1
TCGA-60-2706-01A-01R-0851-07,0.7379415113574667,1
TCGA-IA-A40U-01A-11R-A24Z-07,0.4693359934442906,1
TCGA-GM-A3XG-01A-31R-A24H-07,0.7489770680486142,0
TCGA-ZR-A9CJ-01B-11R-A38D-31,0.8906780853720488,1
TCGA-BH-A18G-01A-11R-A12D-07,0.9382360584133068,1
TCGA-G9-6384-01A-11R-1789-07,0.53325518418311,0
TCGA-67-6216-01A-11R-1755-07,0.7546754702087215,1
TCGA-13-1488-01A-01R-1565-13,0.7338052330739846,1
TCGA-G9-6343-01A-21R-1965-07,0.409875602633716,1
TCGA-90-A59Q-01A-11R-A26W-07,0.6457003245978795,1
TCGA-CW-5580-01A-01R-1672-07,0.6467303076527436,1
TCGA-25-1625-01A-01R-1566-13,0.8010930058783868,1
TCGA-EJ-A8FS-01A-11R-A352-07,0.6957318151037801,1
TCGA-CM-6164-01A-11R-1653-07,0.5201127621256194,0
TCGA-29-1763-01A-02R-1567-13,0.6904205434731097,0
TCGA-97-7941-01A-11R-2187-07,0.6832187228431567,1
TCGA-B0-4696-01A-01R-1277-07,0.9258695876162115,1
TCGA-AA-3675-01A-02R-0905-07,0.6260537293986094,1
TCGA-HC-A6AS-01A-11R-A30B-07,0.3243086736394636,1
TCGA-LN-A7HW-01A-22R-A354-31,0.9287087535344623,1
TCGA-50-6595-01A-12R-1858-07,0.6309997838391064,0
TCGA-05-4433-01A-22R-1858-07,0.7098395019411244,1
TCGA-B0-5113-01A-01R-1420-07,0.4276486208026345,1
TCGA-OL-A66I-01A-21R-A29R-07,0.9329760601613483,1
TCGA-GM-A2DL-01A-11R-A18M-07,0.9229520241829278,1
TCGA-10-0934-01A-02R-1564-13,0.8420845730268292,1
TCGA-B1-5398-01A-02R-1592-07,0.591524046502576,1
TCGA-09-1667-01C-01R-1566-13,0.7624533379805541,1
TCGA-69-7979-01A-11R-2187-07,0.8425374770865889,1
TCGA-22-1017-01A-01R-0692-07,0.7401956208062169,1
TCGA-BP-4759-01A-01R-1289-07,0.653487140961333,1
TCGA-ED-A459-01A-11R-A266-07,0.6654453698317767,1
TCGA-EB-A51B-01A-11R-A27Q-07,0.49959389745910077,1
TCGA-CW-6090-01A-11R-1672-07,0.6975643951131868,1
TCGA-AA-3968-01A-01R-1022-07,0.5509241841045587,1
TCGA-85-8276-01A-11R-2296-07,0.6244703758978412,1
TCGA-D5-6924-01A-11R-1928-07,0.48452840558916105,1
TCGA-95-7947-01A-11R-2187-07,0.8389912938926447,1
TCGA-50-5932-01A-11R-1755-07,0.7693880756768934,1
TCGA-G9-6342-01A-11R-1965-07,0.5646930145003615,1
TCGA-BH-A0H9-01A-11R-A056-07,0.9216417812742494,1
TCGA-AR-A24X-01A-11R-A169-07,0.7818607185122025,1
TCGA-A4-A5Y1-01A-11R-A28H-07,0.8002693865616597,1
TCGA-AR-A1AV-01A-21R-A12P-07,0.863441920582704,1
TCGA-33-4582-01A-01R-1443-07,0.6512112577892597,1
TCGA-A7-A0DC-01B-04R-A22O-07,0.8277578956621732,1
TCGA-E9-A245-01A-22R-A16F-07,0.902519149349911,1
TCGA-LN-A49Y-01A-11R-A260-31,0.9320340176704994,1
TCGA-BP-4960-01A-01R-1334-07,0.5173242907108871,1
TCGA-CJ-4641-01A-02R-1325-07,0.5344134237921951,1
TCGA-55-7281-01A-11R-2039-07,0.7191394902841122,1
TCGA-AA-3870-01A-01R-1022-07,0.6378919897192192,1
TCGA-MI-A75E-01A-11R-A32O-07,0.2672664419305618,1
TCGA-DD-A1EF-01A-11R-A131-07,0.5675926454813197,1
TCGA-VR-A8EX-01A-11R-A36D-31,0.9256804921232008,1
TCGA-56-8504-01A-11R-2403-07,0.5084543821399308,1
TCGA-MG-AAMC-01A-11R-A41O-07,0.6015631861627234,0
TCGA-56-A49D-01A-11R-A24H-07,0.6840627066607133,1
TCGA-39-5022-01A-21R-1820-07,0.38063636047056926,0
TCGA-55-7573-01A-11R-2039-07,0.5616189402516919,0
TCGA-13-0730-01A-01R-1564-13,0.791438370162827,1
TCGA-D5-6538-01A-11R-1723-07,0.7104120913124398,1
TCGA-2Y-A9GU-01A-11R-A38B-07,0.46749378574412936,0
TCGA-YL-A8HJ-01A-11R-A36G-07,0.6536314634388966,1
TCGA-05-4396-01A-21R-1858-07,0.7703284743522122,1
TCGA-E2-A1LL-01A-11R-A144-07,0.9587135820595403,1
TCGA-24-2281-01A-01R-1568-13,0.6883728584470941,1
TCGA-33-A4WN-01A-11R-A262-07,0.6047512480212698,1
TCGA-CZ-5985-01A-11R-1672-07,0.626634792242964,1
TCGA-GN-A263-01A-11R-A18T-07,0.711504649724922,1
TCGA-E9-A1RE-01A-11R-A157-07,0.8879542362967593,1
TCGA-E2-A15M-01A-11R-A12D-07,0.7861379911416452,0
TCGA-HC-8262-01A-11R-2263-07,0.7023024640243667,1
TCGA-DM-A0X9-01A-11R-A155-07,0.4520723542377797,1
TCGA-A7-A4SC-01A-12R-A266-07,0.9205533972430058,0
TCGA-AN-A04A-01A-21R-A034-07,0.8923960616397967,0
TCGA-QA-A7B7-01A-11R-A32O-07,0.5107232654337504,1
TCGA-29-2427-01A-01R-1569-13,0.7368591625725223,0
TCGA-25-1633-01A-01R-1566-13,0.7750553474240197,1
TCGA-85-A510-01A-11R-A26W-07,0.7034490314358764,1
TCGA-75-5147-01A-01R-1628-07,0.7247370405157388,0
TCGA-D3-A5GT-01A-12R-A311-07,0.5609382905096738,1
TCGA-49-AARR-01A-11R-A41B-07,0.6577246638862947,1
TCGA-CH-5740-01A-11R-1580-07,0.6766783562975844,1
TCGA-BH-A0W3-01A-11R-A109-07,0.7993812192888695,1
TCGA-13-1487-01A-01R-1565-13,0.7484370794946993,1
TCGA-CZ-5464-01A-01R-1503-07,0.7980849093088045,0
TCGA-HC-A8D1-01A-11R-A36G-07,0.43876947232258656,1
TCGA-13-0884-01B-01R-1565-13,0.6613060827181381,0
TCGA-D8-A1JD-01A-11R-A13Q-07,0.8565117991407857,1
TCGA-61-2009-01A-01R-1568-13,0.7648719273200925,0
TCGA-J4-A67N-01A-11R-A30B-07,0.5004606872580207,1
TCGA-66-2788-01A-01R-0980-07,0.3875429336453093,1
TCGA-EJ-5501-01A-01R-1580-07,0.702799215236984,1
TCGA-BC-4072-01B-11R-A155-07,0.7391804548743356,1
TCGA-LN-A5U7-01A-11R-A31P-31,0.9160895484034499,1
TCGA-IG-A4QT-01A-21R-A260-31,0.8990934945498368,1
TCGA-YL-A9WX-01A-21R-A41O-07,0.557131247908403,1
TCGA-3A-A9IL-01A-11R-A38C-07,0.892538029229206,1
TCGA-AD-6965-01A-11R-1928-07,0.6190431773013539,1
TCGA-60-2704-01A-11R-2045-07,0.45091342898368403,1
TCGA-AA-3514-01A-02R-0821-07,0.4137446867161783,1
TCGA-IB-A5ST-01A-11R-A32O-07,0.863558630675018,1
TCGA-BH-A0DQ-01A-11R-A084-07,0.8910853359168253,1
TCGA-D8-A1XY-01A-11R-A14M-07,0.8964923944802408,1
TCGA-ZG-A9LB-01A-11R-A41O-07,0.7679240497366876,1
TCGA-L5-A4OR-01A-11R-A260-31,0.8197372986667771,1
TCGA-LD-A74U-01A-13R-A33J-07,0.8028090969454419,1
TCGA-B8-4148-01A-02R-1325-07,0.5682884616983265,1
TCGA-77-8009-01A-11R-2187-07,0.5755236730874611,1
TCGA-55-7574-01A-11R-2039-07,0.6731339024298524,1
TCGA-XA-A8JR-01A-11R-A36G-07,0.46619411828617086,0
TCGA-B0-5095-01A-01R-1420-07,0.5971658767761913,1
TCGA-NC-A5HE-01A-11R-A26W-07,0.6119868956956359,1
TCGA-RC-A6M4-01A-11R-A32O-07,0.2310802205923022,1
TCGA-EJ-A8FN-01A-11R-A352-07,0.48834168013005624,1
TCGA-2Z-A9JK-01A-11R-A42S-07,0.8242884444239581,1
TCGA-69-8254-01A-11R-2287-07,0.6127735988003031,0
TCGA-67-6217-01A-11R-1755-07,0.5704112329304081,1
TCGA-55-7994-01A-11R-2187-07,0.7723080346241185,1
TCGA-55-8090-01A-11R-2241-07,0.7388927778753973,0
TCGA-LN-A5U5-01A-21R-A28J-31,0.9214504037063884,1
TCGA-66-2768-01A-01R-0851-07,0.4873601660334131,1
TCGA-WQ-AB4B-01A-11R-A41C-07,0.27983810870224163,1
TCGA-77-6844-01A-11R-1949-07,0.5872068832799509,1
TCGA-A8-A07Z-01A-11R-A00Z-07,0.8797771063868937,1
TCGA-AA-3977-01A-01R-1022-07,0.45754154851481227,0
TCGA-AC-A3W7-01A-11R-A22K-07,0.7226024875830847,1
TCGA-CC-5263-01A-01R-A131-07,0.6815593382063466,1
TCGA-18-3411-01A-01R-0980-07,0.41740237669514024,1
TCGA-DM-A0XD-01A-12R-A155-07,0.575713675135884,0
TCGA-OL-A5RU-01A-11R-A28M-07,0.8976229035442492,1
TCGA-33-AASB-01A-11R-A405-07,0.716243406072333,1
TCGA-B6-A0RG-01A-11R-A056-07,0.9113804856735498,1
TCGA-DD-AAC8-01A-11R-A41C-07,0.4934313240947109,1
TCGA-VP-A87D-01A-11R-A352-07,0.6606167547340135,1
TCGA-BH-A0HX-01A-21R-A056-07,0.8901753513427654,1
TCGA-BP-4353-01A-02R-1289-07,0.6377458893841601,0
TCGA-66-2793-01A-01R-1201-07,0.7242254745532334,1
TCGA-E2-A15A-01A-11R-A12D-07,0.8854232016306297,1
TCGA-61-2094-01A-01R-1568-13,0.7248720634013456,0
TCGA-AA-3502-01A-01R-1410-07,0.5977424702327985,1
TCGA-E9-A22G-01A-11R-A157-07,0.9326761222666786,1
TCGA-A3-3325-01A-01R-0864-07,0.6285290142920589,0
TCGA-BP-4176-01A-02R-1289-07,0.5700751366812314,1
TCGA-09-1669-01A-01R-1566-13,0.6865437143985559,1
TCGA-04-1365-01A-01R-1565-13,0.6268410436205039,1
TCGA-2Z-A9JS-01A-21R-A42S-07,0.34238281483000194,1
TCGA-AR-A0U4-01A-11R-A109-07,0.9403540743095304,1
TCGA-B0-5713-01A-11R-1672-07,0.5173965390162352,0
TCGA-L3-A4E7-01A-11R-A24Z-07,0.4893811474416596,1
TCGA-G7-6795-01A-11R-1965-07,0.46054749593024336,0
TCGA-AY-5543-01A-01R-1653-07,0.48991644371488435,0
TCGA-G4-6294-01A-11R-1774-07,0.6428635927780287,1
TCGA-CM-5344-01A-21R-1723-07,0.6368044063086387,0
TCGA-TK-A8OK-01A-22R-A36G-07,0.6897418328306323,0
TCGA-VR-AA4G-01A-11R-A37I-31,0.9212201255177032,1
TCGA-JY-A93C-01A-11R-A38D-31,0.8550229026006021,1
TCGA-G9-6356-01A-11R-1789-07,0.4998111035904295,0
TCGA-A2-A0ER-01A-21R-A034-07,0.8549810430550402,1
TCGA-62-A46O-01A-11R-A24H-07,0.8011107229459976,1
TCGA-BQ-5885-01A-11R-1592-07,0.6758137930863746,1
TCGA-E2-A1IN-01A-11R-A13Q-07,0.8687621354001585,1
TCGA-NJ-A55R-01A-11R-A262-07,0.8426237005634066,0
TCGA-A3-3383-01A-02R-1325-07,0.667389889250617,1
TCGA-B4-5844-01A-11R-1672-07,0.4182310221402562,1
TCGA-CJ-5676-01A-11R-1541-07,0.513266021571234,1
TCGA-MH-A561-01A-11R-A26U-07,0.40612819977566245,1
TCGA-96-A4JL-01A-11R-A24Z-07,0.6645718158296877,0
TCGA-KK-A6DY-01A-12R-A311-07,0.6550563789840628,1
TCGA-2Z-A9JP-01A-11R-A42S-07,0.2947924119898713,1
TCGA-VR-A8ER-01A-11R-A36D-31,0.9286182985287421,1
TCGA-24-2288-01A-01R-1568-13,0.8072459834753115,1
TCGA-A8-A0AD-01A-11R-A056-07,0.8778615470378557,1
TCGA-B6-A0IQ-01A-11R-A034-07,0.9249938637320221,1
TCGA-DM-A28A-01A-21R-A32Y-07,0.6098723824307547,1
TCGA-09-0369-01A-01R-1564-13,0.7356294903535271,1
TCGA-G7-A8LD-01A-11R-A36F-07,0.8304800050014834,1
TCGA-A4-7732-01A-11R-2139-07,0.4007223594255169,1
TCGA-QU-A6IP-01A-11R-A31N-07,0.26096653396095565,1
TCGA-DD-A1EG-01A-11R-A213-07,0.2770204617421688,0
TCGA-BP-5004-01A-01R-1334-07,0.6262568318726818,0
TCGA-BP-5006-01A-01R-1334-07,0.5138499635668509,1
TCGA-A6-6781-01A-22R-A278-07,0.49234786553794224,1
TCGA-CA-5255-01A-11R-1839-07,0.47989678713495826,0
TCGA-66-2782-01A-01R-0851-07,0.4966580375408702,1
TCGA-MP-A4SY-01A-21R-A24X-07,0.7754454480660884,1
TCGA-44-3398-01A-01R-1107-07,0.49606105040260584,1
TCGA-97-8171-01A-11R-2287-07,0.8527128241423467,1
TCGA-BH-A0BG-01A-11R-A115-07,0.9337147289404082,0
TCGA-B0-4834-01A-01R-1305-07,0.8719895836502507,0
TCGA-A2-A25B-01A-11R-A169-07,0.889949228917521,1
TCGA-70-6723-01A-11R-1820-07,0.5037900987173488,1
TCGA-KK-A8IJ-01A-11R-A352-07,0.5414446499389529,1
TCGA-CZ-5986-01A-11R-1672-07,0.5762723610246009,1
TCGA-BH-A1EN-01A-11R-A13Q-07,0.9428135402221686,1
TCGA-CH-5768-01A-11R-1580-07,0.42940987412055454,1
TCGA-B0-4846-01A-01R-1277-07,0.42747321226166446,1
TCGA-E2-A2P6-01A-11R-A19W-07,0.8876373094637532,1
TCGA-AK-3434-01A-02R-1277-07,0.5677380176211018,1
TCGA-WW-A8ZI-01A-11R-A37L-07,0.8182149426724246,1
TCGA-56-7730-01A-11R-2125-07,0.4672022054321948,1
TCGA-3A-A9I9-01A-11R-A38C-07,0.8195588132639617,0
TCGA-EP-A2KC-01A-11R-A213-07,0.22826963113333001,1
TCGA-AO-A1KO-01A-31R-A13Q-07,0.8550766816776344,1
TCGA-BH-A18K-01A-11R-A12D-07,0.890492105832851,1
TCGA-D8-A147-01A-11R-A115-07,0.8925576259021685,1
TCGA-24-0979-01A-01R-1565-13,0.7607292263243819,0
TCGA-HC-7821-01A-12R-2118-07,0.8424921451092319,1
TCGA-3A-A9IU-01A-11R-A39D-07,0.8675291242240515,1
TCGA-AC-A3QP-01A-11R-A22U-07,0.7402519735854088,1
TCGA-E9-A226-01A-21R-A157-07,0.8674898420315518,1
TCGA-MP-A4T7-01A-11R-A24X-07,0.809133040888043,1
TCGA-HE-7129-01A-11R-1965-07,0.40699776409920274,1
TCGA-91-7771-01A-11R-2170-07,0.762398305919457,1
TCGA-CC-A7IK-01A-12R-A33R-07,0.46563264460092446,1
TCGA-AD-6895-01A-11R-1928-07,0.6993675635907383,1
TCGA-2Z-A9JN-01A-21R-A42S-07,0.8434782572665576,1
TCGA-Y8-A898-01A-11R-A355-07,0.1495896837316399,1
TCGA-24-1545-01A-01R-1566-13,0.6639114480684474,1
TCGA-60-2711-01A-01R-0851-07,0.5665962008007726,1
TCGA-US-A77G-01A-11R-A32O-07,0.8172841337413771,1
TCGA-44-5645-01B-04R-A277-07,0.46850237019509716,1
TCGA-23-1109-01A-01R-1564-13,0.7035056374641732,1
TCGA-DD-A1EJ-01A-11R-A155-07,0.4517979184289878,1
TCGA-CK-6748-01A-11R-1839-07,0.641660471829353,0
TCGA-HE-A5NH-01A-11R-A26U-07,0.4436721098893329,0
TCGA-LL-A50Y-01A-11R-A266-07,0.6852634284277614,1
TCGA-BP-5173-01A-01R-1426-07,0.7728183877140428,0
TCGA-V1-A9O7-01A-21R-A41O-07,0.6933344676492627,0
TCGA-L5-A4OJ-01A-11R-A260-31,0.8470022416395291,1
TCGA-05-4434-01A-01R-1206-07,0.7966783208324449,1
TCGA-AZ-4682-01B-01R-A32Z-07,0.4994236404274698,1
TCGA-D8-A1J9-01A-11R-A13Q-07,0.895960407424311,1
TCGA-CH-5746-01A-11R-1580-07,0.25976587756688096,0
TCGA-KV-A6GD-01A-11R-A31O-07,0.3584982151284102,1
TCGA-B0-4707-01A-01R-1277-07,0.8308921938171817,1
TCGA-58-8393-01A-11R-2326-07,0.6038913473228603,1
TCGA-FV-A495-01A-11R-A266-07,0.2836000062832743,1
TCGA-99-8033-01A-11R-2241-07,0.7313728008824153,1
TCGA-77-8139-01A-11R-2247-07,0.5692480510134458,1
TCGA-ED-A5KG-01A-11R-A27V-07,0.6991213976461582,1
TCGA-94-7033-01A-11R-1949-07,0.5846129214645291,1
TCGA-AA-3530-01A-01R-1022-07,0.5815368141011069,1
TCGA-ZG-A9L1-01A-11R-A41O-07,0.8404540112682448,1
TCGA-FR-A3R1-01A-11R-A239-07,0.5127332432681069,1
TCGA-2Z-A9JL-01A-11R-A42S-07,0.4859990408950038,1
TCGA-20-0987-01A-02R-1564-13,0.6891222322653643,0
TCGA-59-2363-01A-01R-1569-13,0.7897461887386918,1
TCGA-24-1419-01A-01R-1565-13,0.7251795377655617,1
TCGA-BH-A1FH-01A-12R-A13Q-07,0.8058428403450609,1
TCGA-B6-A0IA-01A-11R-A034-07,0.8868724446508041,1
TCGA-98-7454-01A-11R-2045-07,0.5363299201465516,0
TCGA-5P-A9JZ-01A-11R-A42S-07,0.4126926304842327,1
TCGA-55-6984-01A-11R-1949-07,0.695265521878444,1
TCGA-HC-8264-01B-11R-2403-07,0.7002871893325,1
TCGA-G4-6314-01A-11R-1723-07,0.6353974324433584,1
TCGA-68-8250-01A-11R-2296-07,0.6504101443638892,1
TCGA-29-1769-01A-01R-1567-13,0.6688170939747035,0
TCGA-EU-5905-01A-11R-1672-07,0.7569201392994417,1
TCGA-F9-A7Q0-01A-11R-A36F-07,0.4970119700711334,1
TCGA-DD-AACN-01A-11R-A41C-07,0.37633911364276723,0
TCGA-A8-A079-01A-21R-A00Z-07,0.9173347554936493,1
TCGA-D8-A1JN-01A-11R-A13Q-07,0.9073590160954467,1
TCGA-A8-A08B-01A-11R-A00Z-07,0.9135867079504177,1
TCGA-JY-A6FD-01A-11R-A336-31,0.9221733878313627,1
TCGA-A8-A086-01A-11R-A00Z-07,0.8067944281458738,1
TCGA-13-2060-01A-01R-1568-13,0.8160403098057614,1
TCGA-HC-8265-01B-04R-2302-07,0.7499535427912635,1
TCGA-S4-A8RP-01A-11R-A36G-07,0.7896235319439834,1
TCGA-A8-A09Z-01A-11R-A00Z-07,0.9464670037016816,1
TCGA-CK-6751-01A-11R-1839-07,0.5600020430544927,0
TCGA-RB-A7B8-01A-12R-A33R-07,0.7673405495915074,1
TCGA-68-7755-01A-11R-2125-07,0.4462608338074965,0
TCGA-66-2759-01A-01R-0851-07,0.6025612139763475,1
TCGA-AA-A00J-01A-02R-A002-07,0.7181163386393206,1
TCGA-L5-A8NL-01A-12R-A37I-31,0.8061612349792743,1
TCGA-24-1557-01A-01R-1566-13,0.7535176055212396,1
TCGA-A7-A3IY-01A-21R-A21T-07,0.9122533685130957,1
TCGA-B8-4151-01A-01R-1188-07,0.4488931298041524,1
TCGA-61-1914-01A-01R-1567-13,0.6926131657644125,1
TCGA-IG-A3Y9-01A-12R-A24K-31,0.93042186585784,1
TCGA-L5-A891-01A-11R-A36D-31,0.904644697034085,1
TCGA-BP-4983-01A-01R-1334-07,0.8605537487691779,1
TCGA-04-1514-01A-01R-1566-13,0.6923953032112478,1
TCGA-NJ-A55A-01A-11R-A262-07,0.701155924948558,1
TCGA-A8-A09I-01A-22R-A034-07,0.8743360413366386,1
TCGA-AR-A251-01A-12R-A169-07,0.9252902517578341,1
TCGA-60-2715-01A-01R-0851-07,0.4730698322921857,1
TCGA-D9-A4Z3-01A-11R-A266-07,0.705558150210268,1
TCGA-E2-A14Q-01A-11R-A12D-07,0.9006385997847982,0
TCGA-EW-A1P7-01A-21R-A144-07,0.9130711630826112,1
TCGA-HV-AA8X-01A-11R-A39D-07,0.8600963260989384,1
TCGA-ZG-A9L4-01A-11R-A41O-07,0.7644956115503397,1
TCGA-VN-A88L-01A-11R-A352-07,0.6567704798824966,1
TCGA-Z7-A8R5-01A-42R-A41B-07,0.6659502621311136,1
TCGA-IG-A51D-01A-11R-A36D-31,0.9314247962775234,0
TCGA-5P-A9K9-01A-11R-A42S-07,0.826205710371258,1
TCGA-23-1114-01B-01R-1566-13,0.6795312540276744,1
TCGA-IZ-A6M9-01A-11R-A31O-07,0.2666707416384879,1
TCGA-44-2662-01B-02R-A277-07,0.5198012080587617,1
TCGA-A8-A08C-01A-11R-A00Z-07,0.9183669013664552,1
TCGA-36-1568-01A-01R-1566-13,0.7917916042125775,1
TCGA-MN-A4N1-01A-11R-A24X-07,0.7273440431486126,0
TCGA-C8-A12X-01A-11R-A115-07,0.91908126975464,1
TCGA-63-5131-01A-01R-1443-07,0.6490690681747627,1
TCGA-G9-6499-01A-12R-1965-07,0.41454094520871265,1
TCGA-L5-A43M-01A-11R-A24K-31,0.8699106619743766,1
TCGA-C8-A275-01A-21R-A16F-07,0.8928328835526418,1
TCGA-A6-5664-01A-21R-1839-07,0.612894648127768,0
TCGA-4B-A93V-01A-11R-A39D-07,0.7864690176911141,1
TCGA-G9-6364-01A-21R-1789-07,0.6768668993598594,1
TCGA-YH-A8SY-01A-11R-A37L-07,0.7876428793960252,1
TCGA-BP-4760-01A-02R-1420-07,0.4619618669581961,1
TCGA-DD-AAVU-01A-11R-A41C-07,0.26589389862014,1
TCGA-XN-A8T5-01A-12R-A36G-07,0.7344884677831373,0
TCGA-55-8207-01A-11R-2241-07,0.7323679297167268,1
TCGA-DD-AAVV-01A-11R-A41C-07,0.4617268209865519,1
TCGA-FV-A2QR-01A-11R-A213-07,0.5193281345484331,1
TCGA-DD-AAEE-01A-11R-A41C-07,0.3187148142945257,1
TCGA-B8-5159-01A-01R-1420-07,0.7196141714094636,1
TCGA-2A-A8VX-01A-11R-A37L-07,0.7280444399674909,0
TCGA-AA-A03F-01A-11R-A16W-07,0.2866245072002253,1
TCGA-91-8497-01A-11R-2403-07,0.5541366468671854,1
TCGA-EW-A1OV-01A-11R-A144-07,0.9259785147274484,0
TCGA-XP-A8T8-01A-11R-A36D-31,0.9245500610654994,1
TCGA-61-1736-01B-01R-1568-13,0.7226452857676906,0
TCGA-20-1682-01A-01R-1564-13,0.7978968660765383,1
TCGA-FB-AAPQ-01A-11R-A41B-07,0.8673621620889851,1
TCGA-AA-3950-01A-02R-1022-07,0.6440249238926958,1
TCGA-CK-4951-01A-01R-1410-07,0.7293081019990018,1
TCGA-BH-A0RX-01A-21R-A084-07,0.9085785130175117,0
TCGA-CJ-5671-01A-11R-1541-07,0.6237736114963437,1
TCGA-EW-A1IY-01A-11R-A13Q-07,0.7357695240014053,1
TCGA-E2-A1IE-01A-11R-A13Q-07,0.8474649158502953,1
TCGA-HI-7170-01A-11R-2118-07,0.6420579167321279,0
TCGA-A3-A6NL-01A-11R-A33J-07,0.42970867479890024,1
TCGA-EW-A1PD-01A-11R-A144-07,0.883104090171527,1
TCGA-B6-A0IO-01A-11R-A034-07,0.9339254442173814,0
TCGA-50-5931-01A-11R-1755-07,0.9017078804942951,1
TCGA-HZ-A4BH-01A-11R-A26U-07,0.8462368972790331,1
TCGA-ZG-A9KY-01A-11R-A41O-07,0.8734161017544732,1
TCGA-EJ-5507-01A-01R-1580-07,0.7748593898417279,1
TCGA-CH-5751-01A-11R-1580-07,0.820251186056318,1
TCGA-AA-3844-01A-01R-1022-07,0.46005131316852643,1
TCGA-EB-A57M-01A-51R-A311-07,0.6154241348250485,1
TCGA-BP-4351-01A-01R-1289-07,0.581340862829267,0
TCGA-DD-A11B-01A-11R-A131-07,0.2854971827984984,1
TCGA-BQ-7045-01A-31R-1965-07,0.5430180398060711,0
TCGA-BH-A0BD-01A-11R-A034-07,0.898844782185623,1
TCGA-BQ-5881-01A-11R-1592-07,0.1573577861203298,1
TCGA-25-1871-01A-01R-1567-13,0.5846430649075464,1
TCGA-61-1740-01A-01R-1567-13,0.7381123768086901,1
TCGA-33-AASJ-01A-11R-A405-07,0.5389483837374696,1
TCGA-CC-A123-01A-11R-A131-07,0.400753479806535,1
TCGA-YG-AA3N-01A-11R-A38C-07,0.45356393940420087,0
TCGA-E2-A156-01A-11R-A12D-07,0.7739369001538512,0
TCGA-EW-A1PB-01A-11R-A144-07,0.9513527539133265,0
TCGA-XK-AAJT-01A-11R-A41O-07,0.6651925923276405,1
TCGA-EB-A550-01A-61R-A27Q-07,0.8147237174678995,1
TCGA-S3-A6ZF-01A-32R-A32P-07,0.9140290352820661,1
TCGA-13-1408-01A-01R-1565-13,0.7180748877076207,1
TCGA-29-1690-01A-01R-1566-13,0.6471991783897407,1
TCGA-05-4425-01A-01R-1755-07,0.7619993332050493,1
TCGA-X8-AAAR-01A-11R-A406-31,0.8651747031322122,1
TCGA-JL-A3YX-01A-11R-A22U-07,0.8685926586917452,1
TCGA-IG-A3YA-01A-11R-A24K-31,0.9093500044340389,0
TCGA-HV-AA8V-01A-11R-A41B-07,0.6783719578371529,1
TCGA-IB-AAUO-01A-12R-A38C-07,0.8642633697357227,1
TCGA-B6-A0I8-01A-11R-A034-07,0.897847050929225,1
TCGA-FB-A545-01A-11R-A26U-07,0.8685213101220985,1
TCGA-BH-A18H-01A-11R-A12D-07,0.9317318719951121,1
TCGA-AK-3445-01A-02R-1277-07,0.8118477516342685,1
TCGA-25-1317-01A-01R-1565-13,0.615896854258854,1
TCGA-BP-5200-01A-01R-1426-07,0.4517587880905545,1
TCGA-E9-A5FK-01A-11R-A27Q-07,0.6092832511082054,1
TCGA-BH-A1EW-01A-11R-A137-07,0.9077557894967673,1
TCGA-NC-A5HN-01A-11R-A26W-07,0.6183132514245678,1
TCGA-13-0760-01A-01R-1564-13,0.8338165210481653,0
TCGA-AA-3970-01A-01R-1022-07,0.7018300356370256,0
TCGA-YL-A9WI-01A-11R-A37L-07,0.8495010192122536,1
TCGA-AA-A01T-01A-21R-A16W-07,0.25869601331204345,1
TCGA-AN-A0G0-01A-11R-A034-07,0.9065119547697951,1
TCGA-77-A5GB-01B-11R-A27Q-07,0.46177206016672245,1
TCGA-85-8481-01A-11R-2326-07,0.48784399200079404,0
TCGA-E2-A107-01A-11R-A10J-07,0.8480834896737003,1
TCGA-J2-8192-01A-11R-2241-07,0.504712906399617,1
TCGA-Z7-A8R6-01A-11R-A41B-07,0.8330929431418616,1
TCGA-B8-4153-01B-11R-1672-07,0.45701666312430755,1
TCGA-BH-A0AY-01A-21R-A00Z-07,0.8873887143600226,1
TCGA-A1-A0SQ-01A-21R-A144-07,0.8972521099539027,1
TCGA-22-5477-01A-01R-1635-07,0.4218983716810185,1
TCGA-AA-A02K-01A-03R-A32Y-07,0.7278625643806713,1
TCGA-AA-3531-01A-01R-0821-07,0.389953304199402,1
TCGA-85-8351-01A-11R-2296-07,0.6784901871499974,1
TCGA-R6-A8WG-01A-11R-A37I-31,0.8742873480850427,1
TCGA-2J-AABR-01A-11R-A41B-07,0.7845749241865783,1
TCGA-CJ-4884-01A-01R-1305-07,0.6675607950583876,1
TCGA-XV-A9W2-01A-11R-A39D-07,0.7458798389677607,1
TCGA-DD-A11A-01A-11R-A131-07,0.5157585358387277,0
TCGA-38-4631-01A-01R-1755-07,0.7670611467714309,1
TCGA-V1-A8MM-01A-11R-A37L-07,0.7615403594813442,1
TCGA-13-0726-01A-01R-1564-13,0.6253899705250088,1
TCGA-HZ-8005-01A-11R-2204-07,0.9124639362313766,1
TCGA-BH-A18J-01A-11R-A12D-07,0.942188094344983,1
TCGA-60-2708-01A-01R-0851-07,0.5606907509991368,1
TCGA-AO-A1KT-01A-11R-A13Q-07,0.9274242971568626,1
TCGA-A2-A3KC-01A-11R-A213-07,0.8695288747212288,1
TCGA-EJ-5498-01A-01R-1580-07,0.3077558987954495,1
TCGA-AO-A0JF-01A-11R-A056-07,0.812568390380452,1
TCGA-E9-A1R6-01A-11R-A14D-07,0.8574813774643785,1
TCGA-A7-A0CD-01A-11R-A00Z-07,0.8691345639395814,0
TCGA-29-1699-01A-01R-1567-13,0.7883341769779845,1
TCGA-CJ-6028-01A-11R-1672-07,0.7522102666251126,1
TCGA-24-1843-01A-01R-1567-13,0.642934805941149,1
TCGA-AA-A01R-01A-21R-A083-07,0.5550494055312974,1
TCGA-G9-A9S0-01A-11R-A41O-07,0.8310064487854234,1
TCGA-XV-AAZY-01A-12R-A40A-07,0.3224256028606268,0
TCGA-AK-3465-01A-02R-1325-07,0.8647610004084374,1
TCGA-AA-3812-01A-01R-0905-07,0.15066203667098346,1
TCGA-77-A5GF-01A-21R-A27Q-07,0.28283943766791037,0
TCGA-HC-A4ZV-01A-11R-A26U-07,0.854837283527147,1
TCGA-H9-7775-01A-11R-2118-07,0.5561529769628549,0
TCGA-60-2696-01A-01R-0851-07,0.7001968402568824,1
TCGA-13-0900-01B-01R-1565-13,0.6882880786535251,1
TCGA-85-8666-01A-11R-2403-07,0.4392365402700355,1
TCGA-4H-AAAK-01A-12R-A41B-07,0.8698717172662925,0
TCGA-BH-A0BC-01A-22R-A084-07,0.9316086619001307,0
TCGA-C8-A3M7-01A-12R-A21T-07,0.8934262705510513,0
TCGA-AR-A2LN-01A-21R-A18M-07,0.7593516729881834,1
TCGA-2Z-A9J5-01A-21R-A38C-07,0.12982547959247148,1
TCGA-AA-A01X-01A-21R-A083-07,0.6358504773008009,1
TCGA-C8-A134-01A-11R-A115-07,0.9435816509086206,1
TCGA-HV-A5A6-01A-11R-A26U-07,0.9043263284169063,0
TCGA-D8-A140-01A-11R-A115-07,0.8558748906329608,1
TCGA-F9-A4JJ-01A-11R-A24Z-07,0.7741206620573691,1
TCGA-AR-A24O-01A-11R-A169-07,0.5856518451765718,1
TCGA-G3-AAUZ-01A-11R-A38B-07,0.26773349669908525,1
TCGA-63-A5MM-01A-11R-A26W-07,0.599877731024383,1
TCGA-AN-A0FN-01A-11R-A034-07,0.7945788931943991,1
TCGA-GL-A59R-01A-11R-A26U-07,0.3170328886501945,1
TCGA-2H-A9GG-01A-11R-A37I-31,0.9010196250420203,1
TCGA-C8-A130-01A-31R-A115-07,0.9304876595190441,1
TCGA-2H-A9GF-01A-11R-A37I-31,0.8934863428287741,0
TCGA-55-5899-01A-11R-1628-07,0.8918082871071883,1
TCGA-B0-4713-01A-01R-1277-07,0.7765618045549693,1
TCGA-A8-A09Q-01A-11R-A00Z-07,0.9306215675446415,1
TCGA-VR-AA4D-01A-11R-A37I-31,0.8698368754324933,0
TCGA-36-1578-01A-01R-1566-13,0.8307964152454342,1
TCGA-AR-A1AY-01A-21R-A12P-07,0.9127639433299685,1
TCGA-86-8278-01A-11R-2287-07,0.7775584403667954,0
TCGA-A2-A0YK-01A-22R-A109-07,0.7628893565524852,1
TCGA-78-7163-01A-12R-2066-07,0.8430021432178881,1
TCGA-A8-A06R-01A-11R-A00Z-07,0.9462540776972729,1
TCGA-HC-7752-01A-11R-2118-07,0.7089581292162341,1
TCGA-A8-A07J-01A-11R-A00Z-07,0.8761995142929601,1
TCGA-HC-7749-01A-11R-2118-07,0.7401142334691493,0
TCGA-HC-A6HX-01A-11R-A31N-07,0.2732603092258961,1
TCGA-56-A4BW-01A-11R-A24H-07,0.5335561528680832,1
TCGA-BP-4162-01A-02R-1325-07,0.5487249908806433,1
TCGA-34-7107-01A-11R-1949-07,0.45752748425122747,1
TCGA-DD-AAE4-01A-11R-A41C-07,0.28390844057083575,1
TCGA-13-1510-01A-02R-1565-13,0.7823132914383748,1
TCGA-57-1585-01A-01R-1566-13,0.7088880038323092,1
TCGA-56-8305-01A-11R-2296-07,0.6006937325043207,1
TCGA-CJ-4874-01A-01R-1305-07,0.2811817453456257,1
TCGA-B6-A0RH-01A-21R-A115-07,0.9188318759297899,0
TCGA-HZ-A77O-01A-11R-A33R-07,0.8742275544789274,1
TCGA-24-1463-01A-01R-1566-13,0.7510884975898727,1
TCGA-A8-A07S-01A-11R-A034-07,0.8808765478621176,1
TCGA-3C-AAAU-01A-11R-A41B-07,0.9072006772973975,1
TCGA-AO-A03M-01B-11R-A10J-07,0.9262558035190043,1
TCGA-73-4659-01A-01R-1206-07,0.7699864774322984,1
TCGA-CZ-5453-01A-01R-1503-07,0.7157128130392303,1
TCGA-94-8035-01A-11R-2247-07,0.4882568815526833,1
TCGA-39-5031-01A-01R-1443-07,0.5485956776451415,1
TCGA-75-5146-01A-01R-1628-07,0.7115214014516297,1
TCGA-YL-A8S8-01A-11R-A37L-07,0.8514138359285465,0
TCGA-77-A5G6-01A-11R-A27Q-07,0.5650794105962837,1
TCGA-A7-A4SF-01A-11R-A266-07,0.9315976560310761,1
TCGA-EB-A553-01A-12R-A27Q-07,0.6653080918258115,1
TCGA-AA-3939-01A-01R-1022-07,0.4215781849972704,1
TCGA-E2-A14N-01A-31R-A137-07,0.8973303485838756,1
TCGA-CJ-6030-01A-11R-1672-07,0.7198318542542137,1
TCGA-J4-A67M-01A-11R-A30B-07,0.38392628868159256,1
TCGA-BP-5198-01A-01R-1426-07,0.6575794934647071,1
TCGA-NK-A7XE-01A-12R-A405-07,0.6816657600311475,1
TCGA-HC-7209-01A-11R-2118-07,0.6351777323485621,1
TCGA-HZ-8315-01A-11R-2404-07,0.7692305896773608,1
TCGA-86-8076-01A-31R-2241-07,0.6934229612294537,1
TCGA-A6-6650-01A-11R-A278-07,0.5809520699809061,1
TCGA-62-A46U-01A-11R-A24H-07,0.7566042314036503,1
TCGA-BH-A18U-01A-21R-A12D-07,0.9179614156899929,1
TCGA-55-6712-01A-11R-1858-07,0.7943823904969892,1
TCGA-BP-4761-01A-01R-1289-07,0.7842820212416145,1
TCGA-D8-A1XK-01A-21R-A14M-07,0.9196939544744626,1
TCGA-63-A5MI-01A-12R-A27Q-07,0.5049100439615832,1
TCGA-MP-A4TF-01A-11R-A262-07,0.8407014742299305,1
TCGA-DD-AACF-01A-11R-A41C-07,0.47259766895675803,1
TCGA-ZG-A9LZ-01A-11R-A41O-07,0.8004171368642474,1
TCGA-05-4250-01A-01R-1107-07,0.7074112967710671,1
TCGA-95-A4VP-01A-21R-A262-07,0.6709321963362819,1
TCGA-AA-3877-01A-01R-1022-07,0.6240474146424013,1
TCGA-AK-3426-01A-02R-1325-07,0.6008990894725378,1
TCGA-A3-3382-01A-02R-1325-07,0.7684737618969539,1
TCGA-IC-A6RE-01A-11R-A336-31,0.8391313625044577,0
TCGA-A8-A08O-01A-21R-A056-07,0.8312680242616192,1
TCGA-B9-A5W7-01A-11R-A31O-07,0.4600694489301051,0
TCGA-33-A5GW-01A-11R-A27Q-07,0.509492641238159,0
TCGA-G3-AAV7-01A-11R-A38B-07,0.6879993048604167,0
TCGA-5P-A9K8-01A-11R-A42S-07,0.8087596795510569,1
TCGA-BP-5007-01A-01R-1334-07,0.33909138701293284,0
TCGA-A3-3365-01A-01R-0864-07,0.466571101716171,1
TCGA-44-7659-01A-11R-2066-07,0.7716288233644918,1
TCGA-61-2003-01A-01R-1568-13,0.7392765323437789,1
TCGA-D5-6898-01A-11R-1928-07,0.5820619551974151,1
TCGA-GM-A2DC-01A-11R-A18M-07,0.9099992604628392,1
TCGA-5P-A9KF-01A-11R-A42S-07,0.3090022537587054,1
TCGA-BP-4161-01A-02R-1325-07,0.48452561638423575,1
TCGA-36-1576-01A-01R-1566-13,0.69011658002708,1
TCGA-DD-A4NK-01A-11R-A28V-07,0.26758510193240087,1
TCGA-CJ-4901-01A-01R-1426-07,0.8294487148239881,1
TCGA-MI-A75I-01A-11R-A32O-07,0.4381010496187318,1
TCGA-29-2414-01A-02R-1569-13,0.7389720297150549,0
TCGA-BH-A0GY-01A-11R-A056-07,0.8986604233937272,0
TCGA-97-8175-01A-11R-2287-07,0.7674788710817659,1
TCGA-AL-3472-01A-01R-1193-07,0.39913758006903266,1
TCGA-HZ-A77P-01A-11R-A33R-07,0.8536741433709423,1
TCGA-A3-3352-01A-01R-0864-07,0.49253059291506285,0
TCGA-A7-A26G-01A-21R-A169-07,0.9129110045359056,0
TCGA-AO-A0JC-01A-11R-A056-07,0.7110711193747773,1
TCGA-AA-3875-01A-01R-0905-07,0.44777404463919485,1
TCGA-D8-A1JJ-01A-31R-A14M-07,0.8974000369906819,1
TCGA-Y6-A8TL-01A-21R-A37L-07,0.35232928202547964,0
TCGA-J4-A6G3-01A-11R-A311-07,0.7615627233711999,1
TCGA-13-0768-01A-01R-1569-13,0.7718087449102642,1
TCGA-A7-A6VW-01A-21R-A33J-07,0.8921258799334232,1
TCGA-J9-A8CP-01A-11R-A352-07,0.787343783163291,1
TCGA-P4-AAVK-01A-11R-A42S-07,0.3797673307824647,1
TCGA-B0-5709-01A-11R-1541-07,0.5695465398908567,1
TCGA-B6-A0RV-01A-11R-A084-07,0.920660317035084,1
TCGA-AA-A01V-01A-23R-A083-07,0.40773317839553846,0
TCGA-G9-7510-01A-11R-2263-07,0.38971408452789635,0
TCGA-D8-A73U-01A-11R-A33J-07,0.8584472748172168,0
TCGA-DD-AAEK-01A-11R-A41C-07,0.42784755878572445,1
TCGA-B0-5698-01A-11R-1672-07,0.56308932053185,1
TCGA-KC-A4BL-01A-31R-A250-07,0.6221706594552543,1
TCGA-EJ-A7NM-01A-21R-A33R-07,0.8834439479743278,1
TCGA-B2-5639-01A-01R-1541-07,0.6345498260077638,1
TCGA-BH-A8FZ-01A-11R-A352-07,0.8982320601086363,0
TCGA-22-5474-01A-01R-1635-07,0.4370544517445468,1
TCGA-E2-A1IL-01A-11R-A14D-07,0.7689908360823446,0
TCGA-D8-A1XV-01A-11R-A14M-07,0.8476023158756402,1
TCGA-2Z-A9J3-01A-12R-A38C-07,0.5477961598650397,1
TCGA-L5-A4OP-01A-11R-A260-31,0.8713991204406984,1
TCGA-AO-A129-01A-21R-A10J-07,0.8845367269627851,0
TCGA-B6-A0RL-01A-11R-A084-07,0.8954181346364894,1
TCGA-61-1743-01A-01R-1568-13,0.8095294025041639,1
TCGA-R6-A6Y0-01B-11R-A336-31,0.9032608989097881,1
TCGA-77-7463-01A-11R-2045-07,0.5616017962771482,1
TCGA-DD-AADW-01A-11R-A39D-07,0.36145603453416414,1
TCGA-AR-A1AP-01A-11R-A12P-07,0.9261789723164927,1
TCGA-A2-A25F-01A-11R-A169-07,0.8885949532687661,0
TCGA-AA-3862-01A-01R-1022-07,0.47954972510822635,1
TCGA-G4-6306-01A-11R-1774-07,0.48627516918145536,1
TCGA-EB-A3XC-01A-11R-A239-07,0.5815974994907336,0
TCGA-34-5927-01A-11R-1820-07,0.5515092885406715,1
TCGA-AA-A017-01A-01R-A00A-07,0.5011261254540751,1
TCGA-A4-A5XZ-01A-11R-A31O-07,0.34041366238994303,1
TCGA-E2-A1LS-01A-12R-A157-07,0.9385404453984123,1
TCGA-L5-A8NV-01A-11R-A37I-31,0.7658777511738913,1
TCGA-5P-A9KE-01A-11R-A42S-07,0.28153963635643,0
TCGA-61-1724-01A-01R-1568-13,0.7795450296394629,1
TCGA-VR-A8EP-01A-31R-A406-31,0.9217431367905438,1
TCGA-YL-A8SL-01B-21R-A37L-07,0.7670556777889302,1
TCGA-G4-6310-01A-11R-1723-07,0.8075231059953427,1
TCGA-G3-AAV2-01A-11R-A37K-07,0.3069445405408201,1
TCGA-OL-A5RV-01A-12R-A28M-07,0.8088199512472379,0
TCGA-KK-A8I6-01A-11R-A36G-07,0.5697738809652981,0
TCGA-BH-A0B6-01A-11R-A19W-07,0.8668856955382656,1
TCGA-G7-6789-01A-11R-1965-07,0.7829907798207698,1
TCGA-G9-A9S7-01A-11R-A41O-07,0.6513708297625809,0
TCGA-78-8640-01A-11R-2403-07,0.8081131163275196,1
TCGA-55-6971-01A-11R-1949-07,0.6953157080424479,1
TCGA-DD-AAW2-01A-11R-A41C-07,0.3247659121900912,1
TCGA-HV-A5A4-01A-11R-A26U-07,0.7943139196330677,1
TCGA-BP-4355-01A-01R-1289-07,0.41233791451896984,1
TCGA-R6-A8W5-01B-11R-A37I-31,0.8277386002580851,1
TCGA-CH-5752-01A-11R-1580-07,0.7778665833363486,1
TCGA-A7-A3RF-01A-11R-A22K-07,0.8916563771703385,1
TCGA-ED-A8O5-01A-11R-A36F-07,0.38311710794351206,1
TCGA-AA-3522-01A-01R-0821-07,0.5216390952814857,1
TCGA-ER-A42H-01A-11R-A24X-07,0.6646531214384791,1
TCGA-AL-3467-01A-02R-1351-07,0.7362616956088656,1
TCGA-55-8513-01A-11R-2403-07,0.49965171236013983,1
TCGA-AD-6901-01A-11R-1928-07,0.7019608224852093,0
TCGA-29-1694-01A-01R-1567-13,0.7172755046958247,0
TCGA-LN-A49V-01A-11R-A24K-31,0.9224078402500817,1
TCGA-55-6968-01A-11R-1949-07,0.851532328394969,1
TCGA-A4-8517-01A-11R-2404-07,0.3550411303505038,1
TCGA-CZ-5461-01A-01R-1503-07,0.5383636170877774,1
TCGA-D8-A1XZ-01A-11R-A14M-07,0.9060791175933283,0
TCGA-AA-A00W-01A-01R-A002-07,0.351631007572393,1
TCGA-BP-4804-01A-02R-1305-07,0.5002945018105058,1
TCGA-OL-A66J-01A-11R-A29R-07,0.8866716543830779,1
TCGA-AY-4070-01A-01R-1113-07,0.7484672288266443,1
TCGA-V1-A8WW-01A-11R-A37L-07,0.8776105579923232,1
TCGA-B6-A40B-01A-11R-A239-07,0.8391202684186205,1
TCGA-LN-A49U-01A-31R-A260-31,0.9255552096357145,1
TCGA-AO-A03U-01B-21R-A10J-07,0.9439479318513586,1
TCGA-E2-A105-01A-11R-A10J-07,0.8742755570194317,1
TCGA-CW-6097-01A-11R-1672-07,0.6559089697632717,0
TCGA-2Y-A9GS-01A-12R-A38B-07,0.48004039487681155,1
TCGA-EW-A1J6-01A-11R-A13Q-07,0.9023701955348281,0
TCGA-E9-A1RD-01A-11R-A157-07,0.7776933404366548,1
TCGA-AD-A5EK-01A-11R-A28H-07,0.7329147752244572,1
TCGA-2K-A9WE-01A-11R-A38C-07,0.3668076351381238,1
TCGA-EJ-A7NF-01A-11R-A33R-07,0.4709444499649659,1
TCGA-61-1721-01A-01R-1569-13,0.8292379123659998,1
TCGA-BP-4346-01A-01R-1289-07,0.36397999460784886,1
TCGA-AA-3989-01A-01R-1022-07,0.44361142318137115,1
TCGA-61-1998-01A-01R-1568-13,0.7505262255386341,0
TCGA-05-4244-01A-01R-1107-07,0.8046198223716686,1
TCGA-B8-A54K-01A-11R-A33J-07,0.608917029683777,1
TCGA-5R-AA1D-01A-11R-A38B-07,0.3632582695175377,1
TCGA-34-5928-01A-11R-1820-07,0.5272534920263766,1
TCGA-BH-A0HQ-01A-11R-A034-07,0.8453588194695955,1
TCGA-CM-4746-01A-01R-1410-07,0.4592236133635945,1
TCGA-50-6593-01A-11R-1755-07,0.7063154399517773,1
TCGA-DV-A4W0-01A-11R-A266-07,0.7686170992749921,1
TCGA-25-1634-01A-01R-1566-13,0.7087082084028674,0
TCGA-50-6597-01A-11R-1858-07,0.7873380420602072,1
TCGA-AY-A54L-01A-11R-A28H-07,0.47537110212385686,0
TCGA-BP-4774-01A-01R-1289-07,0.5309818315491697,1
TCGA-66-2789-01A-01R-0980-07,0.5636128834773902,0
TCGA-DM-A1D4-01A-21R-A155-07,0.5908653381350307,1
TCGA-86-7701-01A-11R-2170-07,0.7392631647157794,1
TCGA-21-1076-01A-02R-0692-07,0.4459650527649471,1
TCGA-AR-A0TX-01A-11R-A084-07,0.9455444109056528,1
TCGA-23-1116-01A-01R-1564-13,0.6656002860545734,1
TCGA-ZP-A9D0-01A-11R-A37K-07,0.3385020607723589,1
TCGA-CH-5743-01A-21R-1580-07,0.5328910563933663,0
TCGA-2A-AAYU-01A-11R-A41O-07,0.5882755529763616,1
TCGA-25-1323-01A-01R-1565-13,0.6828270487513131,1
TCGA-R6-A6Y2-01B-11R-A336-31,0.8726860769978673,1
TCGA-DD-A1EC-01A-21R-A131-07,0.8403379524434612,1
TCGA-E2-A1BC-01A-11R-A12P-07,0.8592307050362712,1
TCGA-DD-AADN-01A-11R-A41C-07,0.41773038633311554,1
TCGA-KK-A8ID-01A-11R-A36G-07,0.7942758389863226,1
TCGA-A2-A4RW-01A-21R-A266-07,0.9316719830024812,1
TCGA-56-7822-01A-11R-2125-07,0.6275621863450173,0
TCGA-O2-A52W-01A-11R-A26W-07,0.49283339540909415,1
TCGA-UL-AAZ6-01A-11R-A41B-07,0.9190537084447152,1
TCGA-YL-A8HO-01A-11R-A36G-07,0.768665549370693,1
TCGA-13-0765-01A-01R-1564-13,0.7421592286561969,0
TCGA-55-6979-01A-11R-1949-07,0.5878643595675862,1
TCGA-IB-7888-01A-11R-2156-07,0.8222617848704354,1
TCGA-AQ-A54O-01A-11R-A266-07,0.8147960018995158,1
TCGA-HC-7744-01A-11R-2118-07,0.7184113890137224,1
TCGA-BP-4974-01A-01R-1334-07,0.51204396619305,1
TCGA-A3-3367-01A-02R-1420-07,0.490585714549833,1
TCGA-2H-A9GO-01A-11R-A37I-31,0.8814234000086903,1
TCGA-EJ-5522-01A-01R-1580-07,0.3514179848019002,1
TCGA-61-1919-01A-01R-1568-13,0.6619586622577446,1
TCGA-TP-A8TT-01A-12R-A41O-07,0.8209163867372596,1
TCGA-AN-A0FJ-01A-11R-A00Z-07,0.9556523240868168,1
TCGA-B0-5696-01A-11R-1541-07,0.5866799331540431,1
TCGA-CZ-4856-01A-02R-1426-07,0.5118510773675612,1
TCGA-A8-A075-01A-11R-A084-07,0.8911732058855866,0
TCGA-90-A4ED-01A-31R-A24Z-07,0.7860758325635906,1
TCGA-44-2657-01A-01R-1107-07,0.6549214829628159,0
TCGA-MP-A4TD-01A-32R-A262-07,0.6672982306098594,1
TCGA-XR-A8TG-01A-11R-A36F-07,0.4495388250465039,1
TCGA-33-4533-01A-01R-1201-07,0.6094598716563215,1
TCGA-55-8514-01A-11R-2403-07,0.7773335114337286,1
TCGA-25-1316-01A-01R-1565-13,0.8460843948198761,1
TCGA-EB-A6R0-01A-12R-A32P-07,0.5321022974933732,1
TCGA-Y8-A8S1-01A-11R-A37K-07,0.5281406034487429,1
TCGA-B0-5120-01A-01R-1420-07,0.5389105869351063,1
TCGA-KR-A7K0-01A-12R-A33R-07,0.30178274807836275,0
TCGA-50-5944-01A-11R-1755-07,0.7164016666697016,1
TCGA-99-AA5R-01A-11R-A39D-07,0.5729257019185765,1
TCGA-CZ-5452-01A-01R-1503-07,0.6485467728572447,1
TCGA-XJ-A9DX-01A-11R-A37L-07,0.8215696217261167,0
TCGA-B6-A0IM-01A-11R-A034-07,0.8647733686270328,1
TCGA-61-2012-01A-01R-1568-13,0.759674173731783,1
TCGA-2Z-A9J2-01A-11R-A38C-07,0.4875009296338236,1
TCGA-AC-A6NO-01A-12R-A33J-07,0.8220197505023022,1
TCGA-E9-A1N4-01A-11R-A14M-07,0.9295937202493586,1
TCGA-DZ-6134-01A-11R-1965-07,0.3685695710947089,1
TCGA-20-1685-01A-01R-1566-13,0.6210347269288594,0
TCGA-BH-A0AZ-01A-21R-A12P-07,0.8484172650299148,1
TCGA-55-7227-01A-11R-2039-07,0.7827735562287151,1
TCGA-34-5231-01A-21R-1820-07,0.6744691521759416,1
TCGA-DD-AAE2-01A-11R-A41C-07,0.30744203538534015,1
TCGA-AC-A62Y-01A-11R-A29R-07,0.912963741816643,0
TCGA-A7-A425-01A-11R-A24H-07,0.7275419558424865,1
TCGA-AD-6548-01A-11R-1839-07,0.4955087230698943,1
TCGA-AC-A3W6-01A-12R-A22K-07,0.7807541350275352,0
TCGA-EB-A5UM-01A-11R-A311-07,0.5550074391452312,1
TCGA-EW-A6SA-01A-21R-A32P-07,0.9069423402871027,1
TCGA-64-5779-01A-01R-1628-07,0.7438997063380096,0
TCGA-DD-A114-01A-11R-A131-07,0.6520586822871325,1
TCGA-85-8052-01A-11R-2247-07,0.4355599583561139,1
TCGA-A2-A0T4-01A-31R-A084-07,0.8485003522786676,0
TCGA-DD-A3A2-01A-11R-A213-07,0.19544987508310716,1
TCGA-E2-A1B4-01A-11R-A12P-07,0.7882943097042705,1
TCGA-HV-A5A3-01A-11R-A26U-07,0.8784296528398591,1
TCGA-78-7167-01A-11R-2066-07,0.7287314232479029,1
TCGA-85-8479-01A-11R-2326-07,0.6170027717112675,1
TCGA-XR-A8TE-01A-11R-A36F-07,0.6618710965554142,1
TCGA-BP-4971-01A-01R-1334-07,0.5721206665481661,0
TCGA-EJ-7786-01A-11R-2118-07,0.19901858352530422,1
TCGA-25-1320-01A-01R-1565-13,0.7380733844074018,1
TCGA-E2-A15S-01A-11R-A115-07,0.886643294143232,1
TCGA-D9-A3Z4-01A-11R-A239-07,0.4814477358239515,1
TCGA-98-A53D-01A-32R-A262-07,0.581196836378938,1
TCGA-DW-7839-01A-11R-2139-07,0.7077868230359363,1
TCGA-86-8671-01A-11R-2403-07,0.43922474902142306,1
TCGA-B8-A54H-01A-11R-A33J-07,0.6091756972548913,1
TCGA-ZS-A9CF-01A-11R-A38B-07,0.5312997923821358,1
TCGA-50-5930-01A-11R-1755-07,0.8296044141541368,1
TCGA-73-4676-01A-01R-1755-07,0.7759658938223946,0
TCGA-2A-AAYF-01A-11R-A41O-07,0.3862314286187849,1
TCGA-G9-6366-01A-11R-2118-07,0.7184337313937127,1
TCGA-56-7582-01A-11R-2045-07,0.4467438114616369,1
TCGA-CJ-4916-01A-01R-1426-07,0.44962957493829336,1
TCGA-B2-3924-01A-02R-1325-07,0.49324413608369944,1
TCGA-NJ-A55O-01A-11R-A262-07,0.7456533724728482,1
TCGA-G3-A25V-01A-11R-A16W-07,0.21078780960093382,0
TCGA-A6-A567-01A-31R-A28H-07,0.7554859581985918,1
TCGA-55-7907-01A-11R-2170-07,0.8243407567597549,1
TCGA-E2-A1LA-01A-11R-A144-07,0.9067190225988243,1
TCGA-97-A4M5-01A-11R-A24X-07,0.7359205606580689,1
TCGA-CA-6716-01A-11R-1839-07,0.6937942589399722,1
TCGA-66-2756-01A-01R-0851-07,0.7465845369752147,0
TCGA-69-7763-01A-11R-2170-07,0.7498631894095684,0
TCGA-FV-A3I1-01A-11R-A22L-07,0.5053924366306577,1
TCGA-A4-A48D-01A-11R-A24Z-07,0.42681812745472186,1
TCGA-30-1892-01A-01R-1568-13,0.6546157419609384,1
TCGA-S2-AA1A-01A-12R-A39D-07,0.6330189959287225,1
TCGA-AN-A0XT-01A-11R-A109-07,0.8995519203865486,1
TCGA-60-2726-01A-01R-0851-07,0.6829347229123194,1
TCGA-63-A5MV-01A-21R-A26W-07,0.6453407649948603,1
TCGA-HC-A6AL-01A-11R-A30B-07,0.4610084412027849,1
TCGA-24-1560-01A-01R-1566-13,0.7215585379619841,0
TCGA-A2-A0EU-01A-22R-A056-07,0.8640519175494776,1
TCGA-KK-A7AP-01A-12R-A33R-07,0.7633978741677473,1
TCGA-44-6146-01A-11R-A278-07,0.6982443901622487,1
TCGA-62-A472-01A-11R-A24H-07,0.7586909751078218,1
TCGA-56-8622-01A-11R-2403-07,0.6757564963314118,1
TCGA-B0-4819-01A-01R-1277-07,0.5894079037367871,1
TCGA-BP-5176-01A-01R-1426-07,0.6338994330535379,1
TCGA-63-A5MP-01A-11R-A26W-07,0.49836783759653286,0
TCGA-XK-AAK1-01A-11R-A41O-07,0.6979975690779072,1
TCGA-78-7158-01A-11R-2039-07,0.8408641721494587,1
TCGA-AA-3678-01A-01R-0905-07,0.6295813187381265,1
TCGA-HI-7171-01A-12R-2118-07,0.7944207482171624,1
TCGA-LN-A4A2-01A-31R-A260-31,0.9166418875830216,1
TCGA-D8-A1JE-01A-11R-A13Q-07,0.7839935087050006,1
TCGA-B8-5552-01B-11R-1672-07,0.40476195022219896,1
TCGA-A8-A09V-01A-11R-A034-07,0.7356780966819909,0
TCGA-HZ-A49H-01A-11R-A26U-07,0.8023345999218602,1
TCGA-IG-A97I-01A-11R-A38D-31,0.9301168841030503,1
TCGA-D8-A1JT-01A-31R-A13Q-07,0.8351135970550186,1
TCGA-BP-4782-01A-02R-1420-07,0.693713293482613,1
TCGA-A2-A0CQ-01A-21R-A034-07,0.8279533633832317,1
TCGA-G3-A25U-01A-11R-A16W-07,0.4255514265289857,1
TCGA-BQ-7055-01A-11R-1965-07,0.8555712062824357,1
TCGA-37-A5EM-01A-21R-A27Q-07,0.5347669407876581,1
TCGA-NC-A5HG-01A-11R-A26W-07,0.6963426955161349,1
TCGA-13-1495-01A-01R-1565-13,0.7476059886293512,1
TCGA-AK-3431-01A-02R-1277-07,0.46101539994929813,1
TCGA-85-8049-01A-11R-2247-07,0.4524257953841778,1
TCGA-UZ-A9PP-01A-11R-A42S-07,0.42837976014404366,1
TCGA-DD-AAE9-01A-11R-A41C-07,0.42322888381391627,1
TCGA-D5-5537-01A-21R-1928-07,0.6882840161084104,0
TCGA-VP-A879-01A-11R-A352-07,0.3750358340915139,0
TCGA-C8-A1HM-01A-12R-A137-07,0.9041609588980911,0
TCGA-A3-3316-01A-01R-0864-07,0.6819217450260965,1
TCGA-DW-7840-01A-11R-A32Z-07,0.4241264545716217,1
TCGA-D5-6927-01A-21R-1928-07,0.6567772897596114,1
TCGA-A6-2671-01A-01R-1410-07,0.6037899217594619,1
TCGA-61-1918-01A-01R-1568-13,0.688631718263539,0
TCGA-FV-A3R3-01A-11R-A22L-07,0.5396106334627263,1
TCGA-F9-A7VF-01A-11R-A33Z-07,0.34871472119850944,1
TCGA-L7-A6VZ-01A-12R-A336-31,0.859816904753519,0
TCGA-AA-3526-01A-02R-A32Z-07,0.46026648679517784,1
TCGA-56-8626-01A-11R-2403-07,0.5636942374897654,1
TCGA-DD-A3A1-01A-11R-A213-07,0.3939367039632507,1
TCGA-YL-A8SR-01B-11R-A37L-07,0.6670689762980354,1
TCGA-B0-4848-01A-01R-1277-07,0.6702539218202462,1
TCGA-55-6969-01A-11R-1949-07,0.816358585209047,1
TCGA-2A-A8VL-01A-21R-A37L-07,0.36451600997351596,1
TCGA-24-1422-01A-01R-1565-13,0.7393134181416917,1
TCGA-A3-3370-01A-02R-1420-07,0.4685918354163016,1
TCGA-EW-A2FW-01A-11R-A17B-07,0.9228515129780781,1
TCGA-BH-A0BL-01A-11R-A115-07,0.8914851788743627,1
TCGA-AA-A010-01A-01R-A089-07,0.7837244716763904,1
TCGA-AA-3664-01A-01R-0905-07,0.6263003474751642,0
TCGA-GN-A26C-01A-11R-A18T-07,0.7134772571649861,1
TCGA-85-8354-01A-31R-2326-07,0.5191535865291829,1
TCGA-A3-3373-01A-02R-1420-07,0.5571960072923883,1
TCGA-30-1891-01A-01R-1568-13,0.8010616262134029,1
TCGA-HC-7078-01A-11R-2118-07,0.7143047759702191,1
TCGA-FC-A66V-01A-21R-A30B-07,0.2717258556110109,1
TCGA-A3-3324-01A-02R-1325-07,0.48072387977815023,1
TCGA-S3-AA10-01A-21R-A41B-07,0.9197804247450748,1
TCGA-53-7813-01A-11R-2170-07,0.585606313140818,1
TCGA-EW-A1P3-01A-11R-A144-07,0.8924379291064053,1
TCGA-BF-A3DN-01A-11R-A20F-07,0.5034427747165784,1
TCGA-22-4596-01A-01R-1201-07,0.5536024955531131,1
TCGA-G4-6297-01A-11R-1723-07,0.673238136905528,1
TCGA-05-4422-01A-01R-1206-07,0.7884924712335859,1
TCGA-67-3773-01A-01R-0946-07,0.6587133990502366,1
TCGA-75-7025-01A-12R-1949-07,0.6419535064613281,0
TCGA-BH-A18I-01A-11R-A12D-07,0.8588040770349351,0
TCGA-E9-A54Y-01A-11R-A466-07,0.8020693902037962,1
TCGA-BP-4758-01A-01R-1289-07,0.5616057145054525,1
TCGA-LN-A9FO-01A-11R-A38D-31,0.9187900929599406,1
TCGA-10-0936-01A-01R-1564-13,0.5614005899505985,0
TCGA-DD-AACP-01A-11R-A41C-07,0.5966010256065456,1
TCGA-NH-A5IV-01A-42R-A37K-07,0.8392348158615037,1
TCGA-44-6777-01A-11R-1858-07,0.5782114699537682,1
TCGA-71-8520-01A-11R-2403-07,0.7171668875732296,1
TCGA-A8-A07I-01A-11R-A00Z-07,0.8818650287056506,1
TCGA-CC-A3M9-01A-11R-A213-07,0.7918543457350276,1
TCGA-AN-A0AK-01A-21R-A00Z-07,0.9136727376320931,1
TCGA-BP-5174-01A-01R-1426-07,0.43410197059732447,1
TCGA-71-6725-01A-11R-1858-07,0.8208137351121241,1
TCGA-25-1623-01A-01R-1566-13,0.6371100965504733,1
TCGA-KK-A6E1-01A-11R-A311-07,0.8519388190778555,1
TCGA-AR-A0TQ-01A-11R-A084-07,0.8896813891200739,1
TCGA-50-5946-01A-11R-1755-07,0.8310886868503429,1
TCGA-A4-8312-01A-11R-2404-07,0.8616874715013787,1
TCGA-FC-7961-01A-11R-A29R-07,0.8475069590666388,1
TCGA-AA-A01G-01A-01R-A002-07,0.35514661193660696,1
TCGA-C8-A12Q-01A-11R-A115-07,0.9142182297810018,1
TCGA-HV-A5A5-01A-11R-A26U-07,0.8411654754962481,1
TCGA-BP-4987-01A-01R-1334-07,0.32686195293120746,0
TCGA-24-1564-01A-01R-1566-13,0.7469243743803662,1
TCGA-EJ-7788-01A-11R-2118-07,0.5990453825974132,0
TCGA-O9-A75Z-01A-11R-A33Z-07,0.4122622014241532,1
TCGA-36-1574-01A-01R-1566-13,0.7125579851228095,1
TCGA-21-1070-01A-01R-0692-07,0.4700589708912969,1
TCGA-BP-4976-01A-01R-1334-07,0.5216324431384529,1
TCGA-A7-A0CJ-01A-21R-A00Z-07,0.9309786776426512,1
TCGA-13-1501-01A-01R-1565-13,0.713122235217778,1
TCGA-CZ-5469-01A-01R-1503-07,0.8016568680631041,1
TCGA-29-1776-01A-01R-1567-13,0.6922482780939144,1
TCGA-75-6214-01A-41R-1949-07,0.8611917415287493,1
TCGA-55-8619-01A-11R-2403-07,0.43087538419772703,1
TCGA-A4-A6HP-01A-11R-A31O-07,0.21159578267279178,0
TCGA-LG-A6GG-01A-11R-A311-07,0.4888191851177923,1
TCGA-CC-A9FW-01A-11R-A37K-07,0.5019159119062934,1
TCGA-EJ-7781-01A-11R-2118-07,0.4234302942509771,1
TCGA-05-5420-01A-01R-1628-07,0.47759729438118154,1
TCGA-EW-A3U0-01A-11R-A22K-07,0.9433120378648803,1
TCGA-61-2002-01A-01R-1568-13,0.696535658506846,1
TCGA-B0-4841-01A-01R-1277-07,0.7294783867107224,1
TCGA-CJ-4885-01A-01R-1305-07,0.5728107348847298,1
TCGA-AQ-A7U7-01A-22R-A352-07,0.8522924924989835,1
TCGA-VN-A88P-01A-11R-A352-07,0.7256912327526315,1
TCGA-XX-A899-01A-11R-A36F-07,0.8631694325002875,1
TCGA-E2-A14X-01A-11R-A115-07,0.9161671875649928,1
TCGA-E2-A14U-01A-11R-A22K-07,0.7746889216058903,0
TCGA-CJ-6031-01A-11R-1672-07,0.5714147923228395,1
TCGA-38-4627-01A-01R-1206-07,0.521601669815818,1
TCGA-V1-A9OT-01A-11R-A41O-07,0.6381924977217912,1
TCGA-VR-A8ET-01A-11R-A406-31,0.917297733020912,1
TCGA-A2-A1G6-01A-11R-A13Q-07,0.7040960035722055,1
TCGA-B0-5110-01A-01R-1420-07,0.31936579281511934,1
TCGA-A4-7585-01A-11R-2139-07,0.5380749627213243,1
TCGA-F2-7276-01A-11R-2156-07,0.7793226305953105,1
TCGA-BP-5168-01A-01R-1420-07,0.5628265605821936,0
TCGA-D5-6540-01A-11R-1723-07,0.6859350228847098,1
TCGA-A6-6652-01A-11R-1774-07,0.6557491386423966,1
TCGA-96-8170-01A-11R-2296-07,0.5586676453735314,0
TCGA-36-1577-01A-01R-1566-13,0.7445648804800543,1
TCGA-44-8120-01A-11R-2241-07,0.8152133120191216,1
TCGA-D5-6532-01A-11R-1723-07,0.5085306854752037,1
TCGA-AR-A2LK-01A-11R-A180-07,0.8484975809234677,1
TCGA-B6-A0X7-01A-11R-A10J-07,0.8662456917628518,1
TCGA-DD-AADQ-01A-11R-A41C-07,0.5275706149808852,1
TCGA-24-1416-01A-01R-1565-13,0.7076456616716897,1
TCGA-53-7626-01A-12R-2066-07,0.6395011955533264,1
TCGA-G9-6370-01A-11R-1789-07,0.3703181117145647,1
TCGA-A2-A0CX-01A-21R-A00Z-07,0.9109525961422951,1
TCGA-G9-6498-01A-12R-A311-07,0.7551774377907806,1
TCGA-EB-A24D-01A-11R-A18T-07,0.5507644059608237,1
TCGA-P4-A5EB-01A-11R-A28H-07,0.3989429487361859,1
TCGA-55-6970-01A-11R-1949-07,0.744911363562917,1
TCGA-AD-6963-01A-11R-1928-07,0.5074593397621171,1
TCGA-97-A4M3-01A-11R-A24X-07,0.776295393385117,1
TCGA-23-2084-01A-02R-1568-13,0.6892256392529825,1
TCGA-E9-A228-01A-31R-A157-07,0.9093318615770711,1
TCGA-BF-A5EQ-01A-21R-A27Q-07,0.3635153537846038,1
TCGA-43-6773-01A-41R-1949-07,0.5772440706234322,1
TCGA-S3-AA17-01A-11R-A41B-07,0.9222352141304273,1
TCGA-D8-A143-01A-11R-A115-07,0.898341269352538,1
TCGA-2Y-A9H7-01A-11R-A39D-07,0.47409986756067235,1
TCGA-91-6849-01A-11R-1949-07,0.7240655545998806,1
TCGA-B0-4818-01A-01R-1503-07,0.47213358281401335,1
TCGA-DM-A280-01A-12R-A16W-07,0.6101971804158154,1
TCGA-EW-A1PH-01A-11R-A14M-07,0.9271723578549497,1
TCGA-VN-A88R-01A-11R-A36G-07,0.7505994670122557,1
TCGA-91-6829-01A-21R-1858-07,0.7651073217933954,1
TCGA-30-1857-01A-02R-1569-13,0.7440698379289116,1
TCGA-V1-A8WS-01A-11R-A37L-07,0.7274505932011571,0
TCGA-D8-A27H-01A-11R-A16F-07,0.9531629330006572,1
TCGA-56-8304-01A-11R-2326-07,0.5715521088914278,1
TCGA-43-5670-01A-21R-2125-07,0.6805013910647311,1
TCGA-OL-A66P-01A-11R-A31O-07,0.8212148342337809,1
TCGA-78-7150-01A-21R-2039-07,0.7496870784390829,1
TCGA-C8-A12L-01A-11R-A115-07,0.9283919318532747,0
TCGA-IB-AAUT-01A-11R-A37L-07,0.7885985448303935,1
TCGA-B6-A0IN-01A-11R-A034-07,0.9074650949313386,1
TCGA-O8-A75V-01A-11R-A32O-07,0.19983119656530354,1
TCGA-DD-AAE6-01A-11R-A41C-07,0.42529335052324363,1
TCGA-L5-A8NR-01A-11R-A37I-31,0.8601163775528575,1
TCGA-KK-A8IG-01A-11R-A36G-07,0.683182000113072,1
TCGA-L9-A8F4-01A-11R-A39D-07,0.8151164667222952,1
TCGA-13-0887-01A-01R-1564-13,0.6679675286147979,1
TCGA-BH-A1FR-01A-11R-A13Q-07,0.9070555386885691,1
TCGA-BP-4981-01A-01R-1334-07,0.5325310423301511,1
TCGA-DV-5574-01A-01R-1541-07,0.513781813830974,1
TCGA-AA-3696-01A-01R-0905-07,0.7531828114355975,0
TCGA-DD-A115-01A-11R-A131-07,0.36499269065275913,1
TCGA-98-A53B-01A-11R-A262-07,0.6090826713132786,1
TCGA-FB-A5VM-01A-11R-A32O-07,0.921058425872507,1
TCGA-AK-3425-01A-02R-1277-07,0.6836612266017186,1
TCGA-CW-5581-01A-02R-1541-07,0.6303277472750431,1
TCGA-5P-A9K4-01A-11R-A42S-07,0.4926679980255204,1
TCGA-HE-A5NK-01A-11R-A26U-07,0.6883543436425444,1
TCGA-B9-A8YI-01A-21R-A37K-07,0.4840121571321877,1
TCGA-HZ-8001-01A-11R-2204-07,0.8650911458000132,1
TCGA-AC-A2FF-01A-11R-A17B-07,0.8193070166290622,1
TCGA-EJ-5512-01A-01R-1580-07,0.3399697672264119,1
TCGA-68-8251-01A-11R-2296-07,0.5053152753747308,1
TCGA-C8-A27B-01A-11R-A169-07,0.8959507809851134,1
TCGA-GF-A769-01A-32R-A32P-07,0.7285040577566256,1
TCGA-ZP-A9CZ-01A-11R-A38B-07,0.4093346150006442,0
TCGA-24-1845-01A-01R-1567-13,0.758229620326629,1
TCGA-29-A5NZ-01A-11R-A406-31,0.6989732089634237,1
TCGA-5P-A9KC-01A-11R-A42S-07,0.7803100981057769,1
TCGA-ZG-A9LY-01A-11R-A41O-07,0.7862951857415952,1
TCGA-13-0890-01A-01R-1564-13,0.6608835220317604,0
TCGA-EW-A1J3-01A-11R-A13Q-07,0.8242741178178263,1
TCGA-ED-A4XI-01A-11R-A266-07,0.25479795865654065,0
TCGA-23-1027-01A-02R-1564-13,0.6069517435741133,1
TCGA-A2-A0CV-01A-31R-A115-07,0.8962412154085941,1
TCGA-B0-5703-01A-11R-1541-07,0.7489483302215605,0
TCGA-BH-A18P-01A-11R-A12D-07,0.8168987757231632,0
TCGA-60-2703-01A-11R-2045-07,0.560252590087226,0
TCGA-DD-AAD6-01A-11R-A41C-07,0.4805342140009726,1
TCGA-5P-A9KA-01A-11R-A42S-07,0.4395808930960209,1
TCGA-IB-7652-01A-11R-2156-07,0.8519638257457153,1
TCGA-97-A4M0-01A-11R-A24X-07,0.7122349712794562,1
TCGA-LN-A4A9-01A-11R-A28J-31,0.9108621793387252,1
TCGA-58-A46M-01A-11R-A24H-07,0.5440295806094849,1
TCGA-DD-AADM-01A-11R-A41C-07,0.13628503525788055,1
TCGA-K7-A6G5-01A-11R-A311-07,0.20200236692495357,0
TCGA-55-8204-01A-11R-2241-07,0.8152808054184677,1
TCGA-B4-5834-01A-11R-1672-07,0.3811517971709185,1
TCGA-69-7764-01A-11R-2170-07,0.7852148047660478,1
TCGA-A3-3380-01A-01R-0864-07,0.5517268906394227,0
TCGA-MF-A522-01A-11R-A262-07,0.53681371410841,1
TCGA-FB-AAPY-01A-11R-A41B-07,0.7226083908997352,1
TCGA-HC-8260-01A-11R-2263-07,0.5152686923973244,1
TCGA-35-3615-01A-01R-0946-07,0.7020158295886612,0
TCGA-BF-AAOX-01A-11R-A39D-07,0.5118483712561377,1
TCGA-49-4510-01A-01R-1206-07,0.7098203377859964,0
TCGA-55-7726-01A-11R-2170-07,0.6446836605470252,1
TCGA-D5-6536-01A-11R-1723-07,0.7618559037219355,1
TCGA-43-A56U-01A-11R-A26W-07,0.5068155539932262,1
TCGA-EP-A3JL-01A-11R-A213-07,0.21370239185055664,1
TCGA-HC-8258-01A-11R-2263-07,0.4409194585287104,1
TCGA-Z6-A9VB-01A-21R-A37I-31,0.922012017782452,0
TCGA-V1-A9O5-01A-11R-A41O-07,0.9146092104824143,0
TCGA-77-8146-01A-11R-2247-07,0.4968845299394186,1
TCGA-EU-5906-01A-11R-1672-07,0.2953019858561468,1
TCGA-34-2608-01A-02R-0851-07,0.27797515888148727,0
TCGA-LD-A7W6-01A-81R-A352-07,0.8395127955467,1
TCGA-B8-4143-01A-01R-1188-07,0.8102082070371632,1
TCGA-BQ-5883-01A-11R-1592-07,0.8123949238593211,1
TCGA-V5-AASV-01A-11R-A38D-31,0.9190747379441964,0
TCGA-A7-A0D9-01A-31R-A056-07,0.9311415842305336,1
TCGA-A6-2676-01A-01R-0826-07,0.6845419447477776,1
TCGA-DM-A1D7-01A-11R-A155-07,0.6673152523578759,1
TCGA-B6-A3ZX-01A-11R-A239-07,0.922577176749822,1
TCGA-05-4402-01A-01R-1206-07,0.8046881939517275,1
TCGA-AA-3555-01A-01R-0821-07,0.7096265445652838,1
TCGA-G3-A7M7-01A-12R-A352-07,0.27745511804030565,1
TCGA-A3-3351-01A-02R-1325-07,0.3038957860230881,0
TCGA-EB-A4IQ-01A-12R-A266-07,0.6874384594075754,1
TCGA-CJ-4907-01A-01R-1426-07,0.4113367496789749,0
TCGA-B8-5163-01A-01R-1420-07,0.5878107699939602,1
TCGA-AQ-A1H3-01A-31R-A13Q-07,0.8331018038349047,1
TCGA-52-7811-01A-11R-2125-07,0.5175786846955005,1
TCGA-AR-A250-01A-31R-A169-07,0.8498641041036239,1
TCGA-J9-A8CK-01A-11R-A352-07,0.7226374824564546,1
TCGA-A2-A04U-01A-11R-A115-07,0.9430902990538669,1
TCGA-77-6843-01A-11R-1949-07,0.5887559656853228,1
TCGA-EW-A6SD-01A-12R-A33J-07,0.9035088761118338,0
TCGA-BH-A0B5-01A-11R-A12P-07,0.8079664040315462,0
TCGA-29-2425-01A-01R-1569-13,0.7180298720551915,1
TCGA-AA-3972-01A-01R-1022-07,0.5020572227704141,1
TCGA-B6-A0IK-01A-12R-A056-07,0.9290953277285501,1
TCGA-V1-A8MJ-01A-11R-A36G-07,0.7051145485051105,1
TCGA-B0-5707-01A-11R-1541-07,0.8781912580183456,0
TCGA-13-1409-01A-01R-1565-13,0.6665529605158669,0
TCGA-HC-7817-01B-11R-A29R-07,0.8190296814516892,1
TCGA-LN-A4MR-01A-11R-A28J-31,0.9129354040511629,1
TCGA-CM-4747-01A-01R-1410-07,0.3259867901983452,1
TCGA-BP-5192-01A-01R-1426-07,0.4702547532869953,0
TCGA-CC-A7IF-01A-11R-A33J-07,0.36598584540065693,1
TCGA-75-6212-01A-11R-1755-07,0.7452248377350558,1
TCGA-61-2095-01A-01R-1568-13,0.5358741609612478,1
TCGA-BP-4992-01A-01R-1334-07,0.6103920589834975,1
TCGA-KK-A6E7-01A-11R-A31N-07,0.8262559524277833,0
TCGA-24-1469-01A-01R-1566-13,0.6673695925557687,1
TCGA-DD-A73B-01A-12R-A32O-07,0.42366699880903097,1
TCGA-LN-A9FQ-01A-31R-A38D-31,0.9314818883100493,1
TCGA-J2-A4AG-01A-11R-A24H-07,0.7528156938417084,1
TCGA-G6-A8L8-01A-21R-A37O-07,0.6389936914484327,1
TCGA-A2-A0CS-01A-11R-A115-07,0.8530620829378545,1
TCGA-DD-AACA-01A-11R-A41C-07,0.4144210025864342,1
TCGA-A2-A0CZ-01A-11R-A034-07,0.8686127174644412,1
TCGA-23-1110-01A-01R-1564-13,0.6790972982222259,0
TCGA-E2-A150-01A-11R-A12D-07,0.958529544677454,1
TCGA-A6-6142-01A-11R-1774-07,0.5948741997734306,1
TCGA-AO-A124-01A-11R-A10J-07,0.9085680124737374,1
TCGA-NC-A5HJ-01A-11R-A26W-07,0.6998156594590854,1
TCGA-85-8352-01A-31R-2326-07,0.8065084404610623,1
TCGA-B8-5545-01A-01R-1672-07,0.43741627795135546,1
TCGA-DD-A118-01A-11R-A131-07,0.5033587565507908,0
TCGA-NJ-A4YP-01A-11R-A262-07,0.805737539140826,1
TCGA-94-7557-01A-11R-2125-07,0.6227985004427996,1
TCGA-78-7156-01A-11R-2039-07,0.6514421645006909,1
TCGA-BH-A0HP-01A-12R-A084-07,0.9137976669252412,1
TCGA-B1-A656-01A-11R-A31O-07,0.46958272393117534,1
TCGA-39-5037-01A-01R-1443-07,0.46133563708805675,1
TCGA-CJ-4892-01A-01R-1305-07,0.4674532693699387,1
TCGA-55-1592-01A-01R-0946-07,0.8366728956927049,1
TCGA-E2-A1L7-01A-11R-A144-07,0.9021200684470246,1
TCGA-49-4512-01A-21R-1858-07,0.7660218489710942,0
TCGA-A1-A0SH-01A-11R-A084-07,0.8654811613733617,1
TCGA-G9-6339-01A-12R-A311-07,0.6010530449956747,1
TCGA-67-3771-01A-01R-0946-07,0.8280062092990104,1
TCGA-J7-6720-01A-11R-2139-07,0.4495146076662638,1
TCGA-C8-A12O-01A-11R-A115-07,0.8893048645442346,1
TCGA-CH-5741-01A-11R-1580-07,0.7234122398583323,1
TCGA-EJ-A8FU-01A-11R-A36G-07,0.5093218392673114,1
TCGA-B0-4849-01A-01R-1277-07,0.5583208071105583,1
TCGA-HC-A76W-01A-11R-A33R-07,0.8209790249174518,1
TCGA-CC-A8HT-01A-11R-A36F-07,0.5310068953798127,0
TCGA-G4-6320-01A-11R-1723-07,0.6934182317889896,1
TCGA-BP-4763-01A-01R-1289-07,0.7281682941483028,1
TCGA-A8-A097-01A-11R-A034-07,0.9086681242949888,1
TCGA-73-4662-01A-01R-1206-07,0.797569586193332,1
TCGA-RC-A7SH-01A-11R-A38B-07,0.5047291178638792,1
TCGA-09-1661-01B-01R-1566-13,0.7974232515384434,1
TCGA-66-2766-01A-01R-0851-07,0.4655350524583573,1
TCGA-A2-A3XZ-01A-42R-A239-07,0.9247983180793664,0
TCGA-36-1581-01A-01R-1566-13,0.809522231364579,1
TCGA-CH-5789-01A-11R-1580-07,0.4136005712311002,1
TCGA-BH-A1F0-01A-11R-A137-07,0.9137665818731107,1
TCGA-91-6847-01A-11R-1949-07,0.8613861071803225,0
TCGA-52-7809-01A-21R-2125-07,0.6955466600956473,1
TCGA-BD-A3ER-01A-11R-A213-07,0.2688936779339679,1
TCGA-13-1511-01A-01R-1565-13,0.8141352707138195,1
TCGA-21-1079-01A-01R-0692-07,0.5378314377142797,1
TCGA-BH-A18V-01A-11R-A12D-07,0.9155306321609189,1
TCGA-F4-6569-01A-11R-1774-07,0.778579955774685,1
TCGA-66-2781-01A-01R-0851-07,0.5562209172199895,1
TCGA-G3-A5SK-01A-11R-A27V-07,0.3567807369666607,1
TCGA-AC-A62V-01A-11R-A31O-07,0.8852571806531517,1
TCGA-BP-5195-01A-02R-1426-07,0.36414698489516745,1
TCGA-A8-A0A1-01A-11R-A00Z-07,0.8251478415021655,1
TCGA-38-4629-01A-02R-1206-07,0.5821308384478098,1
TCGA-AC-A5EH-01A-11R-A28M-07,0.9247789151379754,1
TCGA-M7-A721-01A-12R-A32O-07,0.5291263005877308,1
TCGA-23-1028-01A-01R-1564-13,0.7344589843310806,1
TCGA-AZ-5407-01A-01R-1723-07,0.5653576206184112,1
TCGA-56-8625-01A-11R-2403-07,0.5788656903449116,1
TCGA-NC-A5HM-01A-12R-A26W-07,0.456694824437039,1
TCGA-58-A46L-01A-11R-A24H-07,0.6162506428588809,0
TCGA-B6-A0IH-01A-11R-A115-07,0.8553551609140512,1
TCGA-77-A5FZ-01A-31R-A27Q-07,0.42174965999233516,1
TCGA-CK-4947-01B-11R-1653-07,0.5878006124617767,1
TCGA-AC-A2QI-01A-12R-A19W-07,0.8904657275362269,1
TCGA-G3-AAV4-01A-11R-A38B-07,0.4006847992189931,1
TCGA-93-7347-01A-11R-2187-07,0.5723122225759318,1
TCGA-LL-A73Z-01A-11R-A32P-07,0.9235569189610632,1
TCGA-AC-A2BK-01A-11R-A21T-07,0.9466042122173826,0
TCGA-25-1315-01A-01R-1565-13,0.6711255477427308,1
TCGA-A2-A0T2-01A-11R-A084-07,0.9349159460957355,1
TCGA-P4-A5E7-01A-31R-A28H-07,0.5417471475282201,0
TCGA-E2-A574-01A-11R-A29R-07,0.92667029627624,0
TCGA-09-2051-01A-01R-1568-13,0.7522602540557705,1
TCGA-S3-A6ZH-01A-22R-A32P-07,0.924255223095518,0
TCGA-AA-3548-01A-01R-1873-07,0.45210039111182027,1
TCGA-B9-A8YH-01A-11R-A37K-07,0.267730112554517,0
TCGA-AA-3971-01A-01R-1022-07,0.5050384356777624,0
TCGA-BP-5169-01A-01R-1426-07,0.7591381834817656,1
TCGA-A2-A3XW-01A-11R-A239-07,0.8552163398688502,0
TCGA-AU-3779-01A-01R-1723-07,0.7156774698292836,1
TCGA-21-1071-01A-01R-0692-07,0.37290893125188085,1
TCGA-2L-AAQE-01A-11R-A39D-07,0.9161603710802958,1
TCGA-78-7143-01A-11R-2039-07,0.6620439121481274,1
TCGA-CM-5863-01A-21R-1839-07,0.6144048627428762,1
TCGA-85-8288-01A-11R-2296-07,0.5779078965481104,1
TCGA-CC-5259-01A-31R-A213-07,0.5411747228909314,1
TCGA-22-5480-01A-01R-1635-07,0.5712646510364798,1
TCGA-DW-7963-01B-11R-A28H-07,0.37447703850646885,0
TCGA-A1-A0SN-01A-11R-A144-07,0.8845152704114214,1
TCGA-V1-A8X3-01A-11R-A37L-07,0.59005823477898,1
TCGA-E9-A22D-01A-11R-A157-07,0.897107029799596,1
TCGA-B0-5075-01A-01R-1334-07,0.6628145539634676,1
TCGA-AK-3433-01A-02R-1277-07,0.879641746416127,1
TCGA-BP-4331-01A-01R-1289-07,0.5098595187362013,0
TCGA-ES-A2HT-01A-12R-A180-07,0.2017526226702534,1
TCGA-29-1766-01A-01R-1567-13,0.5932656055989044,1
TCGA-HZ-7926-01A-11R-2156-07,0.8572485600520254,1
TCGA-4L-AA1F-01A-11R-A41O-07,0.8434841677394278,1
TCGA-Q2-A5QZ-01A-11R-A28H-07,0.44984364224914924,0
TCGA-49-4490-01A-21R-1858-07,0.7827418696171391,1
TCGA-2Y-A9H2-01A-12R-A38B-07,0.7184174940766478,1
TCGA-24-1923-01A-01R-1567-13,0.7663247391805147,1
TCGA-22-4595-01A-01R-1201-07,0.5420181063631346,1
TCGA-44-6147-01B-06R-A277-07,0.4901340040097949,1
TCGA-3A-A9I5-01A-11R-A38C-07,0.9171119450951634,0
TCGA-50-5933-01A-11R-1755-07,0.7244123066130531,1
TCGA-BP-4995-01A-01R-1334-07,0.014893173350165089,1
TCGA-A2-A1FV-01A-11R-A13Q-07,0.8269270716388614,0
TCGA-CZ-4866-01A-01R-1503-07,0.6864242964312628,0
TCGA-F4-6570-01A-11R-1774-07,0.7463834979664715,1
TCGA-BH-A0EI-01A-11R-A115-07,0.8274601394007269,1
TCGA-AA-3713-01A-21R-1723-07,0.6826544717839981,1
TCGA-NI-A4U2-01A-11R-A28V-07,0.42693530539709923,1
TCGA-DD-AADY-01A-11R-A41C-07,0.483142475514678,1
TCGA-05-4405-01A-21R-1858-07,0.7353585461254901,1
TCGA-EJ-8469-01A-11R-2403-07,0.7560163652224191,1
TCGA-CK-5914-01A-11R-1653-07,0.42230556121395446,1
TCGA-61-2104-01A-01R-1568-13,0.7259691330079072,1
TCGA-95-7562-01A-11R-2241-07,0.8114683514328653,1
TCGA-NK-A5CR-01A-11R-A26W-07,0.5452095533888545,1
TCGA-DD-AACU-01A-11R-A41C-07,0.4210777419174354,1
TCGA-DD-A119-01A-11R-A131-07,0.2772793187707962,1
TCGA-GM-A3NW-01A-21R-A22K-07,0.889416484848399,1
TCGA-50-8459-01A-11R-2326-07,0.24633476128247114,1
TCGA-AO-A12C-01A-11R-A10J-07,0.9008692160612272,0
TCGA-CK-4950-01A-01R-1723-07,0.5000569475096758,0
TCGA-55-6987-01A-11R-1949-07,0.699641456639315,1
TCGA-G3-A7M6-01A-11R-A33R-07,0.6990378634771633,1
TCGA-EW-A3E8-01B-11R-A24H-07,0.7870444278830484,1
TCGA-AO-A0JB-01A-11R-A32Y-07,0.8782868260467462,1
TCGA-EJ-A8FO-01A-21R-A36G-07,0.35961971115902414,1
TCGA-CM-6168-01A-11R-1653-07,0.5946597252602775,1
TCGA-J4-8198-01A-11R-2263-07,0.5481621274050289,1
TCGA-YL-A8SA-01A-21R-A37L-07,0.7042072201346153,1
TCGA-CJ-5679-01A-11R-1541-07,0.75472045817055,1
TCGA-LL-A7SZ-01A-32R-A352-07,0.8057854949613673,1
TCGA-CM-6677-01A-11R-1839-07,0.5629647948146537,1
TCGA-BP-4973-01A-01R-1334-07,0.4973827275380918,1
TCGA-2L-AAQJ-01A-12R-A39D-07,0.8404166767417118,1
TCGA-09-0367-01A-01R-1564-13,0.6180666060919695,1
TCGA-BQ-7044-01A-11R-1965-07,0.6488230421787345,1
TCGA-B0-4813-01A-01R-1277-07,0.8755711429098395,1
TCGA-24-1104-01A-01R-1565-13,0.7604651748745777,1
TCGA-HC-A6HY-01A-11R-A31N-07,0.4003402569658074,1
TCGA-L5-A8NK-01A-21R-A37I-31,0.9209931807685904,1
TCGA-31-1953-01A-01R-1568-13,0.7157327056544398,1
TCGA-BH-A8FY-01A-11R-A36F-07,0.8854238972248336,1
TCGA-B0-5107-01A-01R-1420-07,0.8079289536708276,0
TCGA-09-1673-01A-01R-1566-13,0.801808105128065,1
TCGA-CH-5764-01A-21R-1580-07,0.36854073998366305,0
TCGA-2H-A9GN-01A-11R-A37I-31,0.8594009312006993,1
TCGA-23-1024-01A-02R-1564-13,0.7630352076606659,0
TCGA-B8-5549-01A-01R-1541-07,0.5220285220339714,1
TCGA-GL-8500-01A-11R-2404-07,0.4209780406453215,1
TCGA-KK-A8IM-01A-11R-A36G-07,0.5171621252171283,0
TCGA-BH-A0BQ-01A-21R-A115-07,0.8186589353838777,1
TCGA-G3-A6UC-01A-21R-A33J-07,0.24253141085674407,1
TCGA-20-1687-01A-01R-1566-13,0.7316007278201533,0
TCGA-AC-A2QH-01A-11R-A18M-07,0.9348668065539117,1
TCGA-DM-A28M-01A-12R-A16W-07,0.6127697350281848,1
TCGA-13-0899-01A-01R-1564-13,0.6513920958860568,1
TCGA-2Y-A9GW-01A-11R-A38B-07,0.31222705490856106,1
TCGA-2A-A8VT-01A-11R-A37L-07,0.8193034207300169,1
TCGA-D5-6922-01A-11R-1928-07,0.633023234287653,1
TCGA-24-1847-01A-01R-1566-13,0.6621656559724026,1
TCGA-AC-A2FO-01A-11R-A180-07,0.8884789314955166,1
TCGA-UB-A7MC-01A-11R-A33R-07,0.4785736580199236,1
TCGA-MP-A4TK-01A-11R-A24X-07,0.7015604277700841,1
TCGA-04-1542-01A-01R-1566-13,0.664784520344776,1
TCGA-EW-A1P8-01A-11R-A144-07,0.9018232603240698,1
TCGA-G7-7501-01A-11R-2204-07,0.765594841351647,1
TCGA-A2-A0D0-01A-11R-A00Z-07,0.9450300281749469,0
TCGA-HC-7079-01A-11R-1965-07,0.6238544450116933,1
TCGA-KK-A8IA-01A-11R-A36G-07,0.6931116436874036,1
TCGA-D5-6529-01A-11R-1774-07,0.626148388858235,1
TCGA-G4-6304-01A-11R-1928-07,0.6187200321762061,1
TCGA-BH-A0HB-01A-11R-A056-07,0.8763904891850995,1
TCGA-CJ-4882-01A-02R-1426-07,0.6912195288466757,1
TCGA-24-1435-01A-01R-1566-13,0.7225076672237597,1
TCGA-AA-3492-01A-01R-1410-07,0.6593988548249825,0
TCGA-IZ-8196-01A-11R-2404-07,0.41204162683555223,1
TCGA-UB-A7ME-01A-11R-A33J-07,0.4451146265782356,0
TCGA-6A-AB49-01A-12R-A405-07,0.6850514052118849,1
TCGA-63-7021-01A-11R-1949-07,0.4714986118455091,1
TCGA-A2-A0EN-01A-13R-A084-07,0.892017180831189,0
TCGA-A8-A0A2-01A-11R-A034-07,0.8705246169967908,0
TCGA-DD-AACX-01A-11R-A41C-07,0.4704048468905888,1
TCGA-E2-A14O-01A-31R-A115-07,0.873640191164231,1
TCGA-AA-3695-01A-01R-0905-07,0.8995564785594298,1
TCGA-A2-A0EM-01A-11R-A034-07,0.8654993868451627,1
TCGA-AA-3549-01A-02R-0821-07,0.5116777506199497,1
TCGA-ED-A7XP-01A-11R-A352-07,0.5129332126069827,1
TCGA-97-7938-01A-11R-2170-07,0.5468703409045729,1
TCGA-23-1122-01A-01R-1565-13,0.6751757080104847,1
TCGA-AA-A01I-01A-02R-A089-07,0.5538979960909672,1
TCGA-ZS-A9CG-01A-11R-A37K-07,0.26068349105330196,1
TCGA-A7-A0DA-01A-31R-A115-07,0.9022430592986683,1
TCGA-29-1701-01A-01R-1567-13,0.6054346653224075,1
TCGA-LN-A4A6-01A-11R-A260-31,0.9257587004387303,0
TCGA-2H-A9GQ-01A-11R-A37I-31,0.9193045143626681,1
TCGA-B8-4620-01A-02R-1325-07,0.758548261784026,1
TCGA-B0-4718-01A-01R-1277-07,0.6605552058514875,1
TCGA-AA-3861-01A-01R-1022-07,0.5249412019379183,1
TCGA-D5-6932-01A-11R-1928-07,0.5079304747549649,1
TCGA-55-8091-01A-11R-2241-07,0.7534082568834957,1
TCGA-64-1681-01A-11R-2066-07,0.7437496628034433,1
TCGA-VR-AA7I-01A-11R-A406-31,0.9140196383550224,0
TCGA-AZ-4308-01A-01R-1410-07,0.2095832137474965,1
TCGA-13-1403-01A-01R-1565-13,0.7455834724722389,1
TCGA-AL-3471-01A-02R-1351-07,0.4418630556864938,1
TCGA-23-2078-01A-01R-1568-13,0.7276220160616794,1
TCGA-25-2409-01A-01R-1569-13,0.6959698164729752,1
TCGA-BH-A0W7-01A-11R-A115-07,0.8977381351402318,1
TCGA-DM-A1D6-01A-21R-A155-07,0.5956853931271459,1
TCGA-13-1512-01A-01R-1565-13,0.7799993327225632,1
TCGA-23-1111-01A-01R-1567-13,0.7861828570554875,1
TCGA-43-6647-01A-11R-1820-07,0.4713114657140643,1
TCGA-85-7698-01A-11R-2125-07,0.217850515647506,1
TCGA-MW-A4EC-01A-11R-A266-07,0.5913918780396759,1
TCGA-58-A46J-01A-11R-A24H-07,0.5935163753565087,1
TCGA-DD-AAVX-01A-11R-A41C-07,0.3443862228943398,1
TCGA-29-1777-01A-01R-1567-13,0.5801593324978237,1
TCGA-A2-A3XX-01A-21R-A239-07,0.8969056041184229,1
TCGA-55-7725-01A-11R-2170-07,0.5649077440422168,1
TCGA-BH-A0DP-01A-21R-A056-07,0.8507948468360744,1
TCGA-PD-A5DF-01A-11R-A27V-07,0.4693365161720076,1
TCGA-77-7465-01A-11R-2045-07,0.5689448026892951,1
TCGA-A6-5659-01A-01R-A278-07,0.6160668422194286,1
TCGA-A8-A08G-01A-11R-A00Z-07,0.8779693718174207,1
TCGA-39-5029-01A-01R-1443-07,0.6251408569273661,0
TCGA-DD-AAVQ-01A-11R-A41C-07,0.4360630728835743,1
TCGA-BH-A0DK-01A-21R-A056-07,0.8803796418825243,1
TCGA-AC-A2QJ-01A-12R-A19W-07,0.7928754455800074,1
TCGA-BP-4799-01A-01R-1305-07,0.7955475662708373,1
TCGA-18-3415-01A-01R-0980-07,0.3171295033743065,1
TCGA-22-A5C4-01A-12R-A27Q-07,0.720760658729248,1
TCGA-Y8-A896-01A-11R-A36F-07,0.7950495721284093,1
TCGA-AC-A2FG-01A-11R-A17B-07,0.8269128930276181,1
TCGA-CW-5584-01A-01R-1541-07,0.506907129360248,1
TCGA-58-8387-01A-11R-2296-07,0.4640940849307781,1
TCGA-55-7724-01A-11R-2170-07,0.5560291491190451,1
TCGA-AO-A12B-01A-11R-A10J-07,0.9107670622678503,1
TCGA-KC-A7F3-01A-21R-A33R-07,0.606497514580605,1
TCGA-49-4514-01A-21R-1858-07,0.7353812231517858,1
TCGA-A8-A09N-01A-11R-A00Z-07,0.8857908380944542,1
TCGA-C8-A12W-01A-11R-A115-07,0.8537579311063759,1
TCGA-BP-4797-01A-01R-1305-07,0.5807121642766679,0
TCGA-G3-A7M9-01A-23R-A352-07,0.6667478162133608,1
TCGA-55-7815-01A-11R-2170-07,0.44074573770686515,1
TCGA-EJ-A8FP-01A-21R-A36G-07,0.38355948891134783,1
TCGA-AN-A0FT-01A-11R-A034-07,0.9127183833768474,0
TCGA-A2-A25A-01A-12R-A16F-07,0.7903648092632019,1
TCGA-33-4547-01A-01R-1201-07,0.546425096506986,0
TCGA-G9-7523-01A-11R-2263-07,0.6343428889040095,1
TCGA-KK-A8II-01A-11R-A36G-07,0.7455438875758964,1
TCGA-09-2048-01A-01R-1568-13,0.6505043719038958,1
TCGA-B0-4824-01A-01R-1277-07,0.5379131800426482,1
TCGA-BH-A0DH-01A-11R-A084-07,0.8960045795427678,0
TCGA-55-8615-01A-11R-2403-07,0.7902073889349823,1
TCGA-78-8648-01A-11R-2403-07,0.5877952597874065,0
TCGA-05-4426-01A-01R-1206-07,0.8603150092244303,1
TCGA-CW-6087-01A-11R-1672-07,0.85929748970849,1
TCGA-BH-A2L8-01A-11R-A18M-07,0.9267427351929041,1
TCGA-64-1680-01A-02R-0946-07,0.7227438678557965,1
TCGA-ER-A19T-01A-11R-A18T-07,0.7732320352963841,1
TCGA-IB-7891-01A-11R-2204-07,0.857706917298535,1
TCGA-SX-A7SN-01A-11R-A355-07,0.40005574851427445,0
TCGA-EJ-7793-01A-31R-2263-07,0.35723426606335346,1
TCGA-23-1118-01A-01R-1564-13,0.6944216114401499,1
TCGA-AQ-A54N-01A-11R-A266-07,0.931209467607263,1
TCGA-DD-AAW1-01A-11R-A41C-07,0.23870540288348246,1
TCGA-L5-A43E-01A-11R-A24K-31,0.8641170575268835,1
TCGA-AA-A00O-01A-02R-A089-07,0.8615045236248211,0
TCGA-24-2261-01A-01R-1568-13,0.7358329943320276,1
TCGA-AA-3688-01A-01R-0905-07,0.507059478882667,0
TCGA-UZ-A9PV-01A-11R-A42S-07,0.4183953501729135,1
TCGA-37-A5EN-01A-21R-A26W-07,0.509822333195373,1
TCGA-09-2053-01C-01R-1568-13,0.672838042099362,1
TCGA-EW-A1J5-01A-11R-A13Q-07,0.8443446229227929,1
TCGA-IB-AAUQ-01A-22R-A41I-07,0.8340176752716427,1
TCGA-A2-A0SX-01A-12R-A084-07,0.9164401733429459,1
TCGA-H8-A6C1-01A-11R-A32O-07,0.878338461467194,0
TCGA-P4-AAVO-01A-11R-A42S-07,0.6134618994380512,1
TCGA-A7-A6VY-01A-12R-A33J-07,0.920630400705806,1
TCGA-BP-5177-01A-01R-1426-07,0.6737917157624977,0
TCGA-37-4141-01A-02R-1100-07,0.6660038922462554,0
TCGA-85-8355-01A-11R-2296-07,0.5272457177758652,1
TCGA-60-2719-01A-01R-0851-07,0.5953371567378597,1
TCGA-AA-A01C-01A-01R-A00A-07,0.3761677831854214,1
TCGA-G9-6329-01A-13R-1965-07,0.6718895173464509,1
TCGA-BH-A0HK-01A-11R-A056-07,0.9366011012988597,1
TCGA-34-5239-01A-21R-1820-07,0.4242788867792702,0
TCGA-NC-A5HH-01A-11R-A26W-07,0.6516905666826208,1
TCGA-NC-A5HK-01A-11R-A26W-07,0.7246858117556559,1
TCGA-69-7973-01A-11R-2187-07,0.8061332397176962,1
TCGA-77-8128-01A-11R-2247-07,0.3180515253648861,1
TCGA-B0-5700-01A-11R-1541-07,0.4971538311259728,1
TCGA-IB-8126-01A-11R-2404-07,0.8571520476366407,1
TCGA-QL-A97D-01A-12R-A41B-07,0.533417357605889,0
TCGA-XR-A8TC-01A-11R-A36F-07,0.3975581047628893,1
TCGA-63-A5MU-01A-11R-A26W-07,0.5265325186273873,1
TCGA-B8-A54F-01A-11R-A266-07,0.6282313315889464,0
TCGA-78-7220-01A-11R-2039-07,0.8144402198035665,1
TCGA-97-8176-01A-11R-2403-07,0.7873266633824939,1
TCGA-G4-6293-01A-11R-1723-07,0.6571212192023678,1
TCGA-05-5715-01A-01R-1628-07,0.6676135210187457,1
TCGA-E2-A1IF-01A-11R-A144-07,0.8903972134158358,1
TCGA-AC-A3YI-01A-21R-A239-07,0.8001135413747043,1
TCGA-2J-AAB6-01A-11R-A41B-07,0.9036300543205081,1
TCGA-B1-A47N-01A-11R-A24Z-07,0.26734696123859664,1
TCGA-D8-A1JL-01A-11R-A13Q-07,0.9173928648401989,1
TCGA-SS-A7HO-01A-21R-A37K-07,0.633320172989132,1
TCGA-58-8390-01A-11R-2326-07,0.6075397373495324,1
TCGA-85-8582-01A-21R-2403-07,0.5448479582508979,1
TCGA-J9-A8CL-01A-11R-A352-07,0.849280290055115,1
TCGA-BQ-5888-01A-11R-1592-07,0.8435499503916272,1
TCGA-GM-A2DF-01A-11R-A180-07,0.9152890531955759,1
TCGA-CJ-4891-01A-01R-1305-07,0.7929209476694936,1
TCGA-E2-A14R-01A-11R-A115-07,0.9137494631535152,1
TCGA-30-1853-01A-02R-1567-13,0.7186522454006341,1
TCGA-EV-5903-01A-11R-1592-07,0.48591107993131033,1
TCGA-G9-6353-01A-11R-1965-07,0.26082186223243187,0
TCGA-BC-A110-01A-11R-A131-07,0.48113455516842984,1
TCGA-04-1648-01A-01R-1567-13,0.8501801370122749,1
TCGA-55-6983-01A-11R-1949-07,0.7268162176089864,1
TCGA-WX-AA44-01A-11R-A39D-07,0.5497849746590625,1
TCGA-C8-A132-01A-31R-A115-07,0.905903589090727,0
TCGA-A2-A0CU-01A-12R-A034-07,0.9025261739069717,1
TCGA-46-3769-01A-01R-0980-07,0.6523274054103463,0
TCGA-PE-A5DC-01A-12R-A27Q-07,0.9104084474804613,1
TCGA-2J-AAB9-01A-11R-A41B-07,0.8625081379403304,0
TCGA-21-1083-01A-01R-0692-07,0.7866397391024799,1
TCGA-E2-A15F-01A-11R-A115-07,0.8925396490151265,1
TCGA-BH-A1F5-01A-12R-A13Q-07,0.8038717434029361,1
TCGA-EW-A1P4-01A-21R-A144-07,0.9366262398000299,1
TCGA-29-1778-01A-01R-1567-13,0.754472567406322,1
TCGA-30-1718-01A-01R-1567-13,0.7173913637177654,1
TCGA-86-8074-01A-11R-2241-07,0.7827319269317616,1
TCGA-A6-6782-01A-11R-1839-07,0.6874197713695875,1
TCGA-IA-A83V-01A-11R-A355-07,0.410181441141723,0
TCGA-KK-A6E5-01A-11R-A311-07,0.5291893933698548,1
TCGA-L9-A5IP-01A-21R-A39D-07,0.8343741886206534,0
TCGA-58-8391-01A-11R-2326-07,0.5484169289542989,1
TCGA-KK-A8IK-01A-11R-A36G-07,0.8117879537822332,1
TCGA-F4-6807-01A-11R-1839-07,0.5552635912410747,1
TCGA-EJ-5516-01A-01R-1580-07,0.3603722067402462,1
TCGA-85-8350-01A-11R-2296-07,0.48672948618587214,1
TCGA-KK-A7AZ-01A-12R-A32O-07,0.762084022435989,1
TCGA-DW-7842-01A-11R-A32Z-07,0.3243802671966066,1
TCGA-OL-A6VQ-01A-12R-A41B-07,0.7869321526817326,1
TCGA-31-1946-01A-01R-1568-13,0.7617116015550899,0
TCGA-AZ-6606-01A-11R-1839-07,0.6456949905726902,1
TCGA-DD-AAD1-01A-11R-A41C-07,0.5415598401596083,1
TCGA-A2-A0CO-01A-13R-A22K-07,0.7154606681158221,1
TCGA-CM-4750-01A-01R-1410-07,0.3630443851102502,1
TCGA-AC-A4ZE-01A-11R-A41B-07,0.9104590889713534,1
TCGA-BP-4327-01A-01R-1289-07,0.6297632597630906,1
TCGA-UZ-A9PX-01A-11R-A42S-07,0.3129485103781771,1
TCGA-BH-A0B9-01A-11R-A056-07,0.9206174400894436,1
TCGA-FB-AAQ0-01A-31R-A41B-07,0.8725847947658569,1
TCGA-A8-A09K-01A-11R-A00Z-07,0.8840302490499481,1
TCGA-55-1595-01A-01R-0946-07,0.8387128238512329,1
TCGA-J4-A83K-01A-11R-A352-07,0.25449726868039907,1
TCGA-A2-A1G4-01A-11R-A13Q-07,0.8652216319234223,1
TCGA-A2-A04T-01A-21R-A034-07,0.9055245749835649,1
TCGA-V1-A8MK-01A-11R-A36G-07,0.3892355240425951,1
TCGA-AN-A03X-01A-21R-A00Z-07,0.90545918724464,1
TCGA-97-7547-01A-11R-2039-07,0.7741425884463761,1
TCGA-AD-6889-01A-11R-1928-07,0.6694449536203538,1
TCGA-KK-A7AW-01A-11R-A32O-07,0.454814826045051,1
TCGA-AO-A03N-01B-11R-A10J-07,0.8749195135686072,1
TCGA-EJ-5530-01A-01R-1580-07,0.3426527627348258,0
TCGA-P4-AAVM-01A-11R-A42S-07,0.3851608251772201,1
TCGA-66-2778-01A-02R-0851-07,0.30853139250541217,1
TCGA-HC-A6AP-01A-11R-A30B-07,0.361051062980414,0
TCGA-Z6-AAPN-01A-11R-A406-31,0.9308594149492224,0
TCGA-CJ-4886-01A-01R-1305-07,0.1933152188880657,0
TCGA-BP-4769-01A-01R-1289-07,0.5256733822328429,1
TCGA-D8-A1XM-01A-21R-A14M-07,0.8499696678216908,1
TCGA-A7-A4SA-01A-11R-A266-07,0.9402673985934341,1
TCGA-LN-A7HZ-01A-31R-A354-31,0.9401495913112655,1
TCGA-AR-A1AO-01A-11R-A12P-07,0.884884381923491,1
TCGA-Y6-A9XI-01A-11R-A41O-07,0.6221512829084519,1
TCGA-31-1951-01A-01R-1568-13,0.7400461900218631,1
TCGA-25-1318-01A-01R-1565-13,0.7692281920724253,1
TCGA-B0-5099-01A-01R-1420-07,0.7649902739117742,1
TCGA-CH-5794-01A-11R-1580-07,0.7796457277236255,1
TCGA-BQ-5894-01A-11R-1592-07,0.7934671668885757,1
TCGA-CZ-4863-01A-01R-1503-07,0.6855130133942112,1
TCGA-DD-AADJ-01A-11R-A41C-07,0.30707689562495455,1
TCGA-B0-4845-01A-01R-1277-07,0.5222276087828872,1
TCGA-BC-A216-01A-11R-A155-07,0.6028023677722524,1
TCGA-CJ-4871-01A-01R-1305-07,0.6164326875258572,1
TCGA-B0-5710-01A-11R-1672-07,0.6084274685453058,1
TCGA-CH-5750-01A-11R-1580-07,0.7345865533708559,0
TCGA-DV-5566-01A-01R-1541-07,0.6781398266321401,1
TCGA-BC-A10X-01A-11R-A131-07,0.37766549885352224,0
TCGA-60-2721-01A-01R-0851-07,0.48236768147422066,1
TCGA-F2-7273-01A-11R-2156-07,0.7870367078608674,1
TCGA-05-4389-01A-01R-1206-07,0.746626755055698,1
TCGA-A8-A083-01A-21R-A00Z-07,0.8603174250195929,1
TCGA-EJ-7317-01A-31R-2118-07,0.2702640458249993,1
TCGA-24-2023-01A-01R-1567-13,0.7594124588628707,1
TCGA-B6-A0RM-01A-11R-A084-07,0.9070602806544817,1
TCGA-56-A5DS-01A-11R-A27Q-07,0.40193154651094787,1
TCGA-CJ-5672-01A-11R-1541-07,0.5666027234979296,1
TCGA-73-7498-01A-12R-2187-07,0.6411157486056752,1
TCGA-GM-A2DH-01A-11R-A180-07,0.8932567410612656,0
TCGA-A8-A082-01A-11R-A00Z-07,0.8966311556626803,1
TCGA-DD-A4NI-01A-11R-A27V-07,0.12922114408268853,1
TCGA-G4-6626-01A-11R-1774-07,0.5990656195703742,1
TCGA-CH-5738-01A-11R-1580-07,0.4893787631129236,1
TCGA-79-5596-01A-31R-1949-07,0.4407936913202088,1
TCGA-A6-5656-01A-21R-A278-07,0.5404555081075416,0
TCGA-BP-4766-01A-01R-1289-07,0.6465511075681377,1
TCGA-XQ-A8TB-01A-11R-A36G-07,0.6919102589522659,1
TCGA-BP-4337-01A-01R-1289-07,0.7633338224282348,1
TCGA-G9-A9S4-01A-11R-A41O-07,0.7679284273330186,1
TCGA-CH-5762-01A-11R-1580-07,0.5665911783308588,1
TCGA-B0-5106-01A-01R-1420-07,0.608859064737215,1
TCGA-V1-A9OX-01A-11R-A41O-07,0.3910035769822157,0
TCGA-DD-AADU-01A-11R-A41C-07,0.3751232892748163,1
TCGA-A3-3385-01A-02R-1420-07,0.6054810080842112,1
TCGA-90-7964-01A-21R-2187-07,0.6466699069302853,1
TCGA-55-7913-01B-11R-2241-07,0.782325616669223,0
TCGA-AN-A0AJ-01A-11R-A00Z-07,0.918840693495505,0
TCGA-09-1670-01A-01R-1566-13,0.6241612553737924,1
TCGA-A4-7734-01A-11R-A32Z-07,0.4860524019257889,1
TCGA-55-7914-01A-11R-2170-07,0.8925490962250091,1
TCGA-77-7140-01A-41R-2045-07,0.5210568333937583,1
TCGA-VN-A943-01A-11R-A41O-07,0.4971191192180857,0
TCGA-B0-5108-01A-01R-1420-07,0.5641078516043698,1
TCGA-J9-A8CN-01A-11R-A352-07,0.6110628966504719,1
TCGA-13-1485-01A-02R-1565-13,0.7146587063716773,1
TCGA-33-AASL-01A-11R-A405-07,0.603555289511388,1
TCGA-CC-5264-01A-01R-A131-07,0.644471826132242,1
TCGA-CK-4952-01A-01R-1723-07,0.5741894027013064,1
TCGA-04-1530-01A-02R-1569-13,0.6234968431063385,1
TCGA-80-5608-01A-31R-1949-07,0.7061445193871011,0
TCGA-B1-A657-01A-11R-A31O-07,0.22689860464194625,1
TCGA-AA-3489-01A-21R-1839-07,0.7122729969004695,1
TCGA-OL-A66O-01A-11R-A31O-07,0.7945368408949368,1
TCGA-5L-AAT1-01A-12R-A41B-07,0.9018800816436329,0
TCGA-55-6986-01A-11R-1949-07,0.8466441679873877,1
TCGA-FB-A4P5-01A-11R-A26U-07,0.7300597452165833,1
TCGA-AK-3428-01A-02R-1277-07,0.7667105857152949,0
TCGA-4T-AA8H-01A-11R-A41B-07,0.5116112440757726,1
TCGA-L5-A88Y-01A-11R-A354-31,0.8487402043576691,1
TCGA-VN-A88K-01A-11R-A352-07,0.8176902588122068,0
TCGA-58-A46N-01A-11R-A24H-07,0.4664418283631468,1
TCGA-YL-A9WH-01A-11R-A37L-07,0.8840621341072661,1
TCGA-44-6776-01A-11R-1858-07,0.6544739516490338,0
TCGA-97-A4M6-01A-11R-A24X-07,0.7017514947657494,1
TCGA-33-4583-01A-01R-1443-07,0.448380904032754,1
TCGA-2Y-A9H9-01A-21R-A39D-07,0.30439541833938344,0
TCGA-D8-A27L-01A-11R-A16F-07,0.7518466241896044,1
TCGA-F4-6704-01A-11R-1839-07,0.8479103374985228,1
TCGA-63-A5MY-01A-11R-A26W-07,0.666854328828669,1
TCGA-AA-3666-01A-02R-0905-07,0.5674324273642934,1
TCGA-A8-A08Z-01A-21R-A00Z-07,0.8766628640508631,1
TCGA-V1-A9Z9-01A-21R-A41O-07,0.5961412137679761,1
TCGA-3A-A9IR-01A-11R-A38C-07,0.9241813677085091,1
TCGA-24-1436-01A-01R-1566-13,0.7544662807213331,0
TCGA-BH-A0AU-01A-11R-A12P-07,0.914431449630457,1
TCGA-G9-6379-01A-11R-A31N-07,0.21725629216933878,0
TCGA-DD-AADR-01A-11R-A41C-07,0.316117726867749,1
TCGA-EB-A4OY-01A-11R-A266-07,0.47547357300865944,1
TCGA-63-A5MG-01A-12R-A27Q-07,0.5200998329258707,0
TCGA-BP-4341-01A-01R-1289-07,0.41744918669745795,1
TCGA-B8-5550-01A-01R-1541-07,0.6953953583215111,1
TCGA-50-5935-01A-11R-1755-07,0.6542081652919297,1
TCGA-D5-6929-01A-31R-1928-07,0.7138897906535866,1
TCGA-55-A48X-01A-11R-A24H-07,0.6369816524084916,1
TCGA-BH-A0HA-01A-11R-A12P-07,0.8882154213250332,1
TCGA-AD-5900-01A-11R-1653-07,0.7441532082385083,0
TCGA-50-5049-01A-01R-1628-07,0.6465571002474816,1
TCGA-BH-A0B7-01A-12R-A115-07,0.9379847881937995,1
TCGA-33-AAS8-01A-11R-A405-07,0.5415281522109155,1
TCGA-BH-A0GZ-01A-11R-A056-07,0.898227981249259,1
TCGA-LN-A4A1-01A-21R-A260-31,0.9272324842985762,1
TCGA-XK-AAIW-01A-11R-A41O-07,0.8492697382746969,1
TCGA-98-8021-01A-11R-2247-07,0.5678399780659305,1
TCGA-B6-A0WX-01A-11R-A109-07,0.9444185056920902,1
TCGA-EB-A82B-01A-11R-A352-07,0.5608965634021881,0
TCGA-25-1324-01A-01R-1565-13,0.61722472248115,1
TCGA-13-1482-01A-01R-1565-13,0.6900116315067327,1
TCGA-KH-A6WC-01A-11R-A336-31,0.9294506405871472,1
TCGA-KC-A7FA-01A-21R-A33R-07,0.7011735966803629,1
TCGA-B2-4098-01A-02R-1325-07,0.8742893988707028,1
TCGA-EJ-A7NH-01A-12R-A33R-07,0.36932023466303004,0
TCGA-CJ-5686-01A-11R-1672-07,0.6145012293542512,0
TCGA-V1-A8MU-01A-11R-A37L-07,0.5080411942373698,0
TCGA-67-3774-01A-01R-0946-07,0.708559471492758,1
TCGA-93-8067-01A-11R-2287-07,0.8041267248127246,1
TCGA-CJ-4923-01A-01R-1426-07,0.7328743425796638,1
TCGA-G6-A8L6-01A-11R-A37O-07,0.4510280618246588,1
TCGA-EB-A5SF-01A-11R-A311-07,0.6007939116518684,1
TCGA-34-2600-01A-01R-0851-07,0.6812498552665501,1
TCGA-E9-A1NF-01A-11R-A14D-07,0.9297287483478182,1
TCGA-A8-A08L-01A-11R-A00Z-07,0.908575529015596,0
TCGA-AO-A0J4-01A-11R-A034-07,0.9009290679145314,1
TCGA-55-8203-01A-11R-2241-07,0.7442476578647642,1
TCGA-LN-A49S-01A-11R-A24K-31,0.9327612020055475,1
TCGA-NC-A5HP-01A-11R-A26W-07,0.49787672608319516,1
TCGA-BH-A1FB-01A-11R-A13Q-07,0.6530718949433396,1
TCGA-53-A4EZ-01A-12R-A24X-07,0.8323311199123957,1
TCGA-69-7978-01A-11R-2187-07,0.6168565074616755,1
TCGA-UB-AA0U-01A-11R-A38B-07,0.35606327350634365,1
TCGA-44-7662-01A-11R-2066-07,0.7006036100183993,1
TCGA-E2-A14P-01A-31R-A12D-07,0.9198055893603817,1
TCGA-66-2770-01A-01R-0851-07,0.4362179326467855,1
TCGA-GL-A4EM-01A-11R-A24Z-07,0.3563155572513737,1
TCGA-A3-3357-01A-02R-1420-07,0.6961090955974638,1
TCGA-AA-A01D-01A-01R-A00A-07,0.8114994354779133,1
TCGA-39-5040-01A-21R-2125-07,0.8373957373121041,1
TCGA-2Y-A9H6-01A-11R-A39D-07,0.38750358628471965,1
TCGA-38-6178-01A-11R-1755-07,0.7391895098379443,1
TCGA-G3-A25Z-01A-11R-A16W-07,0.25435753513699805,1
TCGA-BH-A204-01A-11R-A157-07,0.8387456725744652,1
TCGA-AA-A01Z-01A-11R-A083-07,0.5564699607992138,1
TCGA-FB-AAPU-01A-31R-A41B-07,0.9152635321550038,1
TCGA-18-3406-01A-01R-0980-07,0.4403497974084735,0
TCGA-HC-7742-01A-11R-2118-07,0.7161411050025427,1
TCGA-B0-4691-01A-01R-1277-07,0.6853714428038133,1
TCGA-18-3408-01A-01R-0980-07,0.5051732045624513,0
TCGA-A8-A07W-01A-11R-A00Z-07,0.8504270765343004,1
TCGA-OL-A6VR-01A-32R-A33J-07,0.8999672223203073,1
TCGA-CA-6718-01A-11R-1839-07,0.7733657569440586,1
TCGA-04-1357-01A-01R-1565-13,0.713907303997724,0
TCGA-X4-A8KS-01A-12R-A36G-07,0.5687314489759158,1
TCGA-EW-A2FR-01A-11R-A21T-07,0.8942885958723829,1
TCGA-A8-A0A9-01A-11R-A00Z-07,0.8950277608197932,1
TCGA-J4-A83N-01A-11R-A352-07,0.46824248600353136,1
TCGA-CJ-4872-01A-01R-1305-07,0.4735996042566894,1
TCGA-B0-5081-01A-01R-1334-07,0.6224642182554648,1
TCGA-E9-A24A-01A-11R-A169-07,0.6653732837846293,0
TCGA-DD-A73E-01A-12R-A32O-07,0.508946997784086,1
TCGA-LA-A7SW-01A-11R-A405-07,0.6498747586903133,1
TCGA-C8-A12U-01A-11R-A115-07,0.9075672111257609,1
TCGA-B0-5097-01A-01R-1420-07,0.658638291118152,1
TCGA-13-0795-01A-01R-1564-13,0.7108728349140951,1
TCGA-A7-A56D-01A-11R-A27Q-07,0.6991002706467389,1
TCGA-G3-A25S-01A-11R-A16W-07,0.4842486871066716,1
TCGA-XQ-A8TA-01A-11R-A36G-07,0.8392043998256672,1
TCGA-BP-4335-01A-01R-1289-07,0.46855931069978984,1
TCGA-CC-5258-01A-01R-A131-07,0.5380404435996239,1
TCGA-HC-A48F-01A-11R-A250-07,0.7389850854952051,1
TCGA-93-A4JN-01A-11R-A24X-07,0.7244965162775151,1
TCGA-DD-AADI-01A-11R-A41C-07,0.2285705456957234,0
TCGA-A8-A090-01A-11R-A00Z-07,0.8632568841796673,1
TCGA-66-2785-01A-01R-0851-07,0.6337355400359075,0
TCGA-61-2097-01A-02R-1568-13,0.752772197402714,1
TCGA-5P-A9K2-01A-11R-A42S-07,0.26310658138642745,1
TCGA-KK-A8IC-01A-11R-A36G-07,0.8488139704150789,0
TCGA-A7-A26E-01A-11R-A277-07,0.9010368589560307,1
TCGA-50-5066-01A-01R-1628-07,0.4071568528700426,1
TCGA-D8-A27N-01A-11R-A16F-07,0.9190011415226994,0
TCGA-78-7166-01A-12R-2066-07,0.7556034578874607,0
TCGA-E9-A1R3-01A-31R-A14M-07,0.9066378008770631,0
TCGA-97-A4M2-01A-12R-A24X-07,0.5160810531844278,1
TCGA-BQ-7056-01A-11R-1965-07,0.749452220214975,1
TCGA-13-0724-01A-01R-1564-13,0.6755958338292302,0
TCGA-BH-A0HW-01A-11R-A034-07,0.904165551496295,1
TCGA-PE-A5DE-01A-11R-A27Q-07,0.8721368513252828,1
TCGA-2L-AAQI-01A-12R-A39D-07,0.8345216470508615,0
TCGA-2A-A8VV-01A-11R-A37L-07,0.5768086824697628,1
TCGA-39-5016-01A-01R-1443-07,0.5431714358152158,0
TCGA-D5-6930-01A-11R-1928-07,0.5815108421510857,1
TCGA-D8-A27I-01A-11R-A16F-07,0.8387423681154869,1
TCGA-V1-A8ML-01A-11R-A37L-07,0.587822197814299,1
TCGA-85-6798-01A-11R-1949-07,0.4120634882457059,1
TCGA-AA-3510-01A-01R-1410-07,0.5690228229020577,1
TCGA-98-A53A-01A-11R-A262-07,0.5578115478549782,1
TCGA-A4-A772-01A-11R-A33Z-07,0.1654339112004787,0
TCGA-MP-A4TC-01A-11R-A24X-07,0.7095819714058483,1
TCGA-49-6745-01A-11R-1858-07,0.681120498039146,1
TCGA-10-0927-01A-02R-1564-13,0.7441960695919863,0
TCGA-A2-A0CT-01A-31R-A056-07,0.8962252323218749,1
TCGA-99-8025-01A-11R-2241-07,0.80005777036531,1
TCGA-ZS-A9CE-01A-11R-A37K-07,0.28504150404148554,0
TCGA-AO-A0J6-01A-11R-A034-07,0.9508476534336552,1
TCGA-CA-6715-01A-21R-1839-07,0.6219915723296895,1
TCGA-AR-A255-01A-11R-A169-07,0.869811857155494,0
TCGA-61-2088-01A-01R-1568-13,0.677500248681218,1
TCGA-DD-A4NV-01A-11R-A311-07,0.3210999265234056,1
TCGA-K7-A5RF-01A-11R-A28V-07,0.4032134752093109,1
TCGA-RC-A6M6-01A-11R-A32O-07,0.721096198277009,1
TCGA-EP-A12J-01A-11R-A131-07,0.37174043864456585,1
TCGA-BH-A0BW-01A-11R-A115-07,0.9402026307882823,1
TCGA-56-A4BY-01A-11R-A24H-07,0.605681364570419,1
TCGA-AA-3980-01A-02R-1022-07,0.6518565978042464,1
TCGA-55-8507-01A-11R-2403-07,0.7370557924161254,0
TCGA-BH-A0BS-01A-11R-A12P-07,0.8347011846082446,1
TCGA-DD-A4NH-01A-11R-A27V-07,0.5636179143132902,1
TCGA-L9-A443-01A-12R-A24H-07,0.784805965655295,1
TCGA-IB-7893-01A-11R-2204-07,0.8331347989532569,0
TCGA-C8-A26W-01A-11R-A16F-07,0.9288043036737222,1
TCGA-AA-3866-01A-01R-1022-07,0.5174131377904241,1
TCGA-AA-3966-01A-01R-1113-07,0.6730325152427585,0
TCGA-24-1425-01A-02R-1566-13,0.7054469309848735,1
TCGA-J9-A52D-01A-11R-A29R-07,0.7486037545374856,1
TCGA-2Z-A9JQ-01A-11R-A42S-07,0.2426631255353493,1
TCGA-AA-3941-01A-01R-1022-07,0.6240450341514755,1
TCGA-77-7337-01A-21R-2045-07,0.46027119415676426,1
TCGA-92-8063-01A-11R-2247-07,0.6254103205497386,1
TCGA-BH-A0EA-01A-11R-A115-07,0.8292957934688419,1
TCGA-EJ-7330-01A-11R-2118-07,0.43971429349981905,1
TCGA-CC-A3MC-01A-11R-A22L-07,0.5055502845148987,1
TCGA-DD-AADD-01A-11R-A41C-07,0.4572379920505618,1
TCGA-EJ-7314-01A-31R-2118-07,0.6231167481646848,1
TCGA-E2-A109-01A-11R-A10J-07,0.894359474294304,1
TCGA-AO-A1KR-01A-12R-A144-07,0.931782239572292,1
TCGA-EJ-A7NK-01A-12R-A352-07,0.2494313491206108,1
TCGA-56-A4ZK-01A-11R-A262-07,0.49232809196595206,1
TCGA-B0-5117-01A-01R-1420-07,0.8409919156935711,0
TCGA-A2-A04R-01A-41R-A109-07,0.8953900843665178,1
TCGA-78-7152-01A-11R-2039-07,0.8196123162314616,1
TCGA-EB-A41B-01A-11R-A24X-07,0.6474424554241243,1
TCGA-50-6592-01A-11R-1755-07,0.784639143211481,0
TCGA-E9-A1NA-01A-11R-A144-07,0.9414700481464885,1
TCGA-97-8552-01A-11R-2403-07,0.627400100963866,1
TCGA-DD-A4NQ-01A-21R-A28V-07,0.6758488154951771,1
TCGA-QG-A5YX-01A-11R-A28H-07,0.6141331292812784,1
TCGA-38-4632-01A-01R-1755-07,0.6119116505187916,0
TCGA-ZP-A9D1-01A-11R-A38B-07,0.3764960656057633,0
TCGA-E9-A1RF-01A-11R-A157-07,0.9272127134631301,1
TCGA-AA-3681-01A-01R-0905-07,0.6134933827899223,1
TCGA-BH-A0BR-01A-21R-A115-07,0.9157023350818844,1
TCGA-CA-5254-01A-21R-1839-07,0.7797559338758421,1
TCGA-18-3417-01A-01R-1443-07,0.4908176752355225,1
TCGA-86-A4P7-01A-11R-A24X-07,0.6357120707640239,1
TCGA-24-1924-01A-01R-1567-13,0.6416025493728198,1
TCGA-AO-A0JL-01A-11R-A056-07,0.9436144475184333,0
TCGA-ED-A7PX-01A-51R-A352-07,0.6818339752975787,0
TCGA-29-1696-01A-01R-1567-13,0.6884602459157529,1
TCGA-AC-A8OP-01A-11R-A36F-07,0.9142566850542583,0
TCGA-BP-5202-01A-02R-1426-07,0.5275381312412531,1
TCGA-EP-A26S-01A-11R-A16W-07,0.2697637778677496,1
TCGA-77-8144-01A-11R-2247-07,0.6354781509084904,1
TCGA-60-2713-01A-01R-0851-07,0.5329214806916697,0
TCGA-AO-A03T-01A-21R-A034-07,0.8675981465571089,1
TCGA-NK-A5D1-01A-11R-A26W-07,0.7102744357947354,1
TCGA-NI-A8LF-01A-11R-A36F-07,0.4179734125365582,1
TCGA-B0-4693-01A-01R-1277-07,0.5538224299983948,0
TCGA-CH-5761-01A-11R-1580-07,0.8928427011762351,1
TCGA-VR-A8EW-01A-11R-A36D-31,0.932543153512192,1
TCGA-09-0364-01A-02R-1564-13,0.670356370250853,1
TCGA-US-A77E-01A-11R-A32O-07,0.7722023713083341,1
TCGA-BP-4329-01A-02R-1289-07,0.5909761570181725,1
TCGA-E9-A2JS-01A-11R-A180-07,0.9012518261406773,0
TCGA-L5-A8NN-01A-11R-A37I-31,0.8995567950164183,1
TCGA-BP-4169-01A-02R-1289-07,0.6143968648260245,1
TCGA-DD-A3A5-01A-11R-A22L-07,0.27769904611593654,1
TCGA-KK-A7B1-01A-11R-A32O-07,0.7950175832170343,1
TCGA-KR-A7K2-01A-12R-A33R-07,0.35274087461933884,1
TCGA-77-A5G8-01B-11R-A27Q-07,0.3437319681565943,1
TCGA-AA-A00F-01A-01R-A002-07,0.5998827545146855,1
TCGA-BP-4340-01A-01R-1289-07,0.6056883812900031,1
TCGA-BP-4164-01A-02R-1325-07,0.6373874671251191,1
TCGA-B6-A0RU-01A-11R-A084-07,0.8914329607297571,1
TCGA-EJ-7794-01A-11R-2118-07,0.4159904318382603,1
TCGA-C8-A12P-01A-11R-A115-07,0.9473480220244411,1
TCGA-09-1674-01A-01R-1566-13,0.6847321783718087,1
TCGA-G9-6365-01A-11R-1789-07,0.5536239500292204,1
TCGA-J4-8200-01A-11R-A29R-07,0.5032626278276868,0
TCGA-BH-A0H5-01A-21R-A115-07,0.8552241435852443,1
TCGA-66-2787-01A-01R-0980-07,0.3852456277088668,1
TCGA-XK-AAIV-01A-11R-A41O-07,0.8931193778647135,1
TCGA-G9-6351-01A-21R-1965-07,0.326305123549776,1
TCGA-BP-4967-01A-01R-1334-07,0.7034381793406929,0
TCGA-39-5036-01A-01R-1443-07,0.49597410764060423,1
TCGA-2J-AAB8-01A-12R-A41B-07,0.8301293457474512,0
TCGA-ZP-A9CV-01A-11R-A38B-07,0.23326698266642665,1
TCGA-A6-5667-01A-21R-1723-07,0.5286618634115138,1
TCGA-XJ-A83F-01A-11R-A352-07,0.6360790289828543,1
TCGA-BP-4160-01A-02R-1289-07,0.6059861261640496,1
TCGA-AA-A02H-01A-01R-A089-07,0.6560247267341062,1
TCGA-SU-A7E7-01A-22R-A33R-07,0.6465171822633734,1
TCGA-LN-A8HZ-01A-11R-A36D-31,0.9280887494326626,1
TCGA-VP-A87C-01A-11R-A352-07,0.7116638274377789,1
TCGA-G9-6347-01A-11R-A31N-07,0.3632093121299674,1
TCGA-2L-AAQM-01A-11R-A39D-07,0.9308711091326961,0
TCGA-CA-5797-01A-01R-1653-07,0.6588146330091523,1
TCGA-2J-AABA-01A-21R-A41B-07,0.9138390578234427,1
TCGA-77-8156-01A-11R-2247-07,0.5478730473350373,1
TCGA-VR-A8EZ-01A-11R-A36D-31,0.940682037643383,0
TCGA-J9-A52C-01A-11R-A26U-07,0.6359049615918652,1
TCGA-BP-4989-01A-01R-1334-07,0.6512697858856806,0
TCGA-EB-A3Y7-01A-11R-A239-07,0.40653491174171236,1
TCGA-13-1506-01A-01R-1565-13,0.6311871376003687,1
TCGA-EJ-A46D-01A-21R-A32Y-07,0.534933155473663,0
TCGA-HC-A631-01A-11R-A29R-07,0.8354740718960094,1
TCGA-69-7761-01A-11R-2170-07,0.6136962647308836,1
TCGA-61-2092-01A-01R-1568-13,0.880745190500229,1
TCGA-BH-A1FN-01A-11R-A13Q-07,0.8868294283100772,1
TCGA-G3-A25X-01A-11R-A16W-07,0.562317396126992,1
TCGA-34-8455-01A-11R-2326-07,0.46444048474441946,1
TCGA-BP-4972-01A-01R-1334-07,0.45514640583152005,0
TCGA-13-0885-01A-02R-1569-13,0.6869264669193866,0
TCGA-CJ-6027-01A-11R-1672-07,0.7400809414376168,0
TCGA-O1-A52J-01A-11R-A262-07,0.7213285783332329,1
TCGA-EB-A3XB-01A-11R-A239-07,0.2873866372049968,1
TCGA-KK-A7AY-01A-11R-A33R-07,0.6246898497416533,1
TCGA-AA-3930-01A-01R-1022-07,0.673690313546308,0
TCGA-49-4506-01A-01R-1206-07,0.7326579893045169,1
TCGA-61-2000-01A-01R-1568-13,0.7313221849954658,1
TCGA-Z5-AAPL-01A-12R-A41B-07,0.8946585558348793,1
TCGA-ZG-A9LU-01A-11R-A41O-07,0.7634047119613346,1
TCGA-JY-A93F-01A-21R-A37I-31,0.9167193788683837,0
TCGA-66-2800-01A-01R-1201-07,0.43181546221125605,1
TCGA-66-2773-01A-01R-1201-07,0.41097349495198227,0
TCGA-C8-A27A-01A-11R-A169-07,0.8691700027914977,1
TCGA-G7-A8LE-01A-11R-A36F-07,0.29405064128380476,1
TCGA-HC-7819-01A-11R-2118-07,0.49815731580143147,0
TCGA-50-5936-01A-11R-1628-07,0.8092365715173442,1
TCGA-86-8359-01A-11R-2326-07,0.7855731706077436,1
TCGA-AA-3518-01A-02R-0826-07,0.46128809482486843,1
TCGA-HC-7211-01A-11R-2118-07,0.6782625225251118,1
TCGA-BH-A0C0-01A-21R-A056-07,0.9289296656972584,1
TCGA-AA-A02O-01A-21R-A16W-07,0.3131330865343131,1
TCGA-KK-A8I5-01A-11R-A36G-07,0.6792637134019939,1
TCGA-BP-5000-01A-01R-1334-07,0.5129170474516854,1
TCGA-A8-A09X-01A-11R-A00Z-07,0.9328334552855975,1
TCGA-ER-A2NF-01A-11R-A18T-07,0.710871061837915,0
TCGA-BH-A6R8-01A-21R-A33J-07,0.8827834364535148,0
TCGA-44-2661-01A-01R-1107-07,0.42547764779160846,1
TCGA-AO-A0J2-01A-11R-A034-07,0.9194716402315324,1
TCGA-IG-A5B8-01A-11R-A28J-31,0.9329025132258272,1
TCGA-55-8512-01A-11R-2403-07,0.7571526603473799,0
TCGA-HE-A5NJ-01A-11R-A26U-07,0.5693349145836739,0
