sample_id,score,y_member
TCGA-B0-5115-01A-01R-1420-07,0.2822051272465196,1
TCGA-EJ-A46E-01A-31R-A250-07,0.49889598041406286,1
TCGA-DD-AAE7-01A-11R-A41C-07,0.2967419368516973,1
TCGA-Z6-A8JE-01A-11R-A37I-31,0.8696883513676072,1
TCGA-A8-A08F-01A-11R-A00Z-07,0.8770040102786713,1
TCGA-59-2350-01A-01R-1569-13,0.6539643556223683,1
TCGA-CZ-4858-01A-01R-1305-07,0.8958411978145923,1
TCGA-CZ-5470-01A-01R-1503-07,0.578765516972509,1
TCGA-AN-A0XN-01A-21R-A109-07,0.7722049349779663,1
TCGA-37-A5EL-01A-11R-A26W-07,0.7057479421485978,1
TCGA-46-6025-01A-11R-1820-07,0.614104048779523,1
TCGA-AN-A0XS-01A-22R-A109-07,0.8324635359463978,1
TCGA-M7-A725-01A-12R-A32O-07,0.8335352699795714,1
TCGA-XN-A8T3-01A-11R-A36G-07,0.936859145467576,0
TCGA-3K-AAZ8-01A-12R-A39D-07,0.3169164775739557,1
TCGA-B9-5155-01A-01R-1592-07,0.5030803064538772,1
TCGA-OK-A5Q2-01A-11R-A27Q-07,0.7554787883618543,1
TCGA-2Y-A9H8-01A-11R-A39D-07,0.6405318398443656,1
TCGA-30-1866-01A-02R-1568-13,0.763695763455676,1
TCGA-SX-A7SO-01A-11R-A355-07,0.8398053281833213,1
TCGA-55-7283-01A-11R-2039-07,0.8183855423575931,1
TCGA-M7-A720-01A-12R-A32O-07,0.459061863144124,1
TCGA-91-6828-01A-11R-1858-07,0.7270065461578478,1
TCGA-D8-A1JF-01A-11R-A13Q-07,0.8660867826244889,1
TCGA-D8-A1JG-01B-11R-A13Q-07,0.8864324499579541,1
TCGA-AL-3468-01A-02R-1351-07,0.7037375227302292,1
TCGA-21-1082-01A-01R-0692-07,0.7178485413618454,1
TCGA-A4-8311-01A-11R-2404-07,0.42019291356785954,1
TCGA-BD-A3EP-01A-11R-A22L-07,0.4973070194687136,1
TCGA-92-7340-01A-21R-2045-07,0.7228157220576644,1
TCGA-EJ-A65B-01A-12R-A30B-07,0.4897806579576267,1
TCGA-HC-8261-01B-05R-2302-07,0.6936616667866321,1
TCGA-AZ-6601-01A-11R-1774-07,0.7739005529708181,1
TCGA-B0-4703-01A-01R-1277-07,0.4942658958259024,1
TCGA-AA-A004-01A-01R-A00A-07,0.40235865865677717,1
TCGA-30-1862-01A-02R-1568-13,0.8371965000957292,1
TCGA-09-2045-01A-01R-1568-13,0.821290089867869,1
TCGA-E2-A10F-01A-11R-A10J-07,0.6490249771587641,1
TCGA-OL-A6VO-01A-12R-A33J-07,0.9449427601109183,1
TCGA-BQ-5884-01A-11R-1592-07,0.8714244729032293,1
TCGA-49-4507-01A-01R-1206-07,0.7790871283972026,1
TCGA-ZG-A9LS-01A-12R-A41O-07,0.8238992044609771,1
TCGA-AN-A0FW-01A-11R-A034-07,0.8943436768479632,1
TCGA-A6-A5ZU-01A-11R-A28H-07,0.8762651838950085,1
TCGA-QU-A6IL-01A-11R-A31N-07,0.42481172498298553,1
TCGA-67-4679-01B-01R-1755-07,0.7711700967858144,0
TCGA-DM-A28G-01A-11R-A16W-07,0.4346110551282148,1
TCGA-IB-AAUV-01A-11R-A38C-07,0.8014382109952403,1
TCGA-FB-AAPZ-01A-11R-A41B-07,0.8875985262217829,1
TCGA-DD-AAEG-01A-11R-A39D-07,0.49819983130856554,1
TCGA-24-0975-01A-02R-1565-13,0.7121974582257136,1
TCGA-AA-3841-01A-01R-0905-07,0.16292016812230614,0
TCGA-75-6211-01A-11R-1755-07,0.8692931404815899,1
TCGA-IB-7887-01A-11R-2156-07,0.9261816611723521,1
TCGA-78-7161-01A-11R-2039-07,0.8410268751128421,1
TCGA-B0-5699-01A-11R-1541-07,0.4110371122335963,1
TCGA-DD-A113-01A-11R-A131-07,0.6601337085286707,1
TCGA-E9-A1R2-01A-11R-A14D-07,0.8977494782125466,1
TCGA-78-7536-01A-11R-2066-07,0.8831064498670457,1
TCGA-B6-A0WY-01A-11R-A109-07,0.8711842242109316,1
TCGA-ZP-A9CY-01A-11R-A38B-07,0.15792206198994177,1
TCGA-EJ-5495-01A-01R-1580-07,0.6032075998566148,0
TCGA-2H-A9GJ-01A-11R-A37I-31,0.8747625795253002,1
TCGA-AA-3955-01A-02R-1022-07,0.3357114528732726,1
TCGA-20-1684-01A-01R-1566-13,0.7642844148142074,1
TCGA-AA-3697-01A-01R-1723-07,0.46434948359517764,1
TCGA-56-5898-01A-11R-1635-07,0.6143597826215527,1
TCGA-BP-4801-01A-02R-1420-07,0.3562008334697354,1
TCGA-D8-A146-01A-31R-A115-07,0.6550220786425872,1
TCGA-DD-AACJ-01A-11R-A41C-07,0.22418745677320415,0
TCGA-BQ-5892-01A-11R-1592-07,0.924214574642524,1
TCGA-BH-A0BF-01A-21R-A12P-07,0.817407160401981,0
TCGA-HZ-8003-01A-21R-2204-07,0.9347930617906751,0
TCGA-BH-A1EU-01A-11R-A137-07,0.42033979563494994,1
TCGA-61-1900-01A-01R-1567-13,0.8205865748240894,0
TCGA-AM-5821-01A-01R-1653-07,0.7371249766373725,1
TCGA-A7-A26J-01A-11R-A169-07,0.6247842145273627,1
TCGA-AR-A1AT-01A-11R-A12P-07,0.8619013153101404,1
TCGA-OL-A5S0-01A-11R-A28M-07,0.8900969085652901,1
TCGA-63-6202-01A-11R-1820-07,0.7288473307759664,1
TCGA-A2-A3XV-01A-21R-A239-07,0.7466342985813648,0
TCGA-CH-5772-01A-11R-1580-07,0.6291776110429987,1
TCGA-OL-A5DA-01A-11R-A27Q-07,0.7534397144940376,1
TCGA-2Z-A9J1-01A-11R-A38C-07,0.28170586951525967,1
TCGA-LN-A8I0-01A-11R-A36D-31,0.9029922666417871,0
TCGA-50-8460-01A-11R-2326-07,0.7789753740548798,1
TCGA-86-8279-01A-11R-2287-07,0.8630645100879042,1
TCGA-56-A4ZJ-01A-11R-A262-07,0.360229810656925,1
TCGA-67-3770-01A-01R-0946-07,0.6750038203518012,1
TCGA-A2-A0YF-01A-21R-A109-07,0.7594855152439256,1
TCGA-85-A50Z-01A-21R-A262-07,0.7458534898777867,1
TCGA-G9-6363-01A-21R-1789-07,0.8263382903982354,1
TCGA-G7-6790-01A-11R-1965-07,0.5288213504868767,0
TCGA-AR-A1AM-01A-41R-A22K-07,0.70901552590293,0
TCGA-E2-A10C-01A-21R-A10J-07,0.8771847582897287,1
TCGA-AA-A00L-01A-01R-A002-07,0.582246946843311,0
TCGA-55-7995-01A-11R-2187-07,0.8743469964052224,1
TCGA-G4-6309-01A-21R-1839-07,0.7179758329273594,1
TCGA-CJ-4908-01A-01R-1426-07,0.13090092510324566,1
TCGA-EJ-A46B-01A-31R-A250-07,0.2430329587826282,0
TCGA-AR-A24Z-01A-11R-A169-07,0.8392897729599471,0
TCGA-A6-2685-01A-01R-1410-07,0.5530796935890425,0
TCGA-A4-A5DU-01A-11R-A28H-07,0.5016377809718948,1
TCGA-AZ-6600-01A-11R-1774-07,0.6788300214896343,1
TCGA-CC-A7IH-01A-11R-A33J-07,0.4255855167730072,1
TCGA-QU-A6IM-01A-11R-A31N-07,0.3254135618048767,1
TCGA-LN-A49M-01A-21R-A260-31,0.8916084943560262,1
TCGA-66-2765-01A-01R-0851-07,0.48335772544767547,0
TCGA-A8-A0AB-01A-11R-A034-07,0.6091326142798573,1
TCGA-S3-AA14-01A-11R-A41B-07,0.8000798930949174,1
TCGA-98-A538-01A-11R-A262-07,0.6495397242307942,1
TCGA-CM-6166-01A-11R-1653-07,0.6419626498075968,1
TCGA-5M-AAT4-01A-11R-A41B-07,0.5646039243119388,1
TCGA-61-2008-01A-02R-1568-13,0.819609501966353,1
TCGA-B6-A0X0-01A-21R-A115-07,0.8076665210572072,1
TCGA-86-8281-01A-11R-2287-07,0.7722915822472384,1
TCGA-24-1546-01A-01R-1566-13,0.7743649535092902,0
TCGA-V1-A9OL-01A-11R-A41O-07,0.7800067246595723,0
TCGA-BH-A201-01A-11R-A14M-07,0.8076946545885085,1
TCGA-18-3409-01A-01R-0980-07,0.6878708011489937,1
TCGA-F4-6461-01A-11R-1774-07,0.8603624375118116,1
TCGA-AA-A02E-01A-01R-A00A-07,0.7382762566011193,0
TCGA-YL-A9WY-01A-11R-A41O-07,0.8788709197005349,1
TCGA-B0-5102-01A-01R-1420-07,0.6979382910805038,1
TCGA-G9-7521-01A-11R-2263-07,0.8244640289432134,0
TCGA-CJ-4902-01A-01R-1426-07,0.38310509342398524,1
TCGA-CA-6717-01A-11R-1839-07,0.8720077845622207,0
TCGA-IG-A5S3-01A-11R-A28J-31,0.8961087815933413,0
TCGA-EJ-5497-01A-02R-1580-07,0.2795825420268303,1
TCGA-BF-A5EO-01A-12R-A27Q-07,0.4465371797068908,0
TCGA-85-A4JC-01A-11R-A24Z-07,0.5834720949036074,1
TCGA-44-3917-01A-01R-A278-07,0.7618111880875443,1
TCGA-A8-A08H-01A-21R-A00Z-07,0.7751671392800651,1
TCGA-95-A4VN-01A-11R-A262-07,0.7702323679313828,1
TCGA-B0-5693-01A-11R-1541-07,0.29850670380735067,1
TCGA-77-8138-01A-11R-2247-07,0.43055413537737824,1
TCGA-KK-A7B0-01A-11R-A32O-07,0.4098952840279816,1
TCGA-B0-5083-01A-02R-1420-07,0.7932912309147093,1
TCGA-GM-A2DA-01A-11R-A18M-07,0.8257055850371725,1
TCGA-A2-A3KD-01A-12R-A213-07,0.8801270336431973,1
TCGA-DD-A39Y-01A-11R-A213-07,0.4999000249297281,1
TCGA-B6-A0WZ-01A-11R-A109-07,0.7932321846764641,1
TCGA-A6-2682-01A-01R-1410-07,0.4456746243145354,1
TCGA-D8-A1JU-01A-11R-A13Q-07,0.6046869585612278,0
TCGA-RL-AAAS-01A-32R-A39D-07,0.8771166128250794,0
TCGA-B9-A44B-01A-11R-A24Z-07,0.849999516492468,1
TCGA-B6-A0I5-01A-11R-A034-07,0.7026201380579636,1
TCGA-BH-AB28-01A-31R-A41B-07,0.853752364375798,1
TCGA-E9-A1N9-01A-11R-A14D-07,0.8799678826703016,0
TCGA-A3-3363-01A-01R-0864-07,0.86890412024304,1
TCGA-22-1000-01A-01R-A32Z-07,0.27463796914975397,1
TCGA-KK-A6E4-01A-11R-A30B-07,0.48585557442239213,1
TCGA-BQ-5889-01A-11R-1592-07,0.9049017210490777,1
TCGA-DM-A1HA-01A-11R-A155-07,0.8595965981892161,1
TCGA-BF-A5ER-01A-12R-A27Q-07,0.3049229838604963,1
TCGA-LL-A73Y-01A-11R-A33J-07,0.9409693115116757,1
TCGA-BF-A3DL-01A-11R-A20F-07,0.30885596388903236,1
TCGA-VR-A8EO-01A-11R-A36D-31,0.8974031588343685,1
TCGA-L1-A7W4-01A-12R-A36G-07,0.9744910590394252,1
TCGA-B0-4838-01A-01R-1305-07,0.4624153752978452,1
TCGA-2Y-A9GY-01A-11R-A38B-07,0.6174319931815988,1
TCGA-BP-4343-01A-02R-1289-07,0.5455523155688403,1
TCGA-BQ-5893-01A-11R-1592-07,0.8770216801340407,1
TCGA-HP-A5MZ-01A-21R-A27V-07,0.14406632626980787,1
TCGA-A7-A4SE-01A-11R-A266-07,0.9296083996772533,0
TCGA-66-2783-01A-01R-1201-07,0.5692980207430787,1
TCGA-73-4675-01A-01R-1206-07,0.8574851333091997,1
TCGA-D5-5538-01A-01R-1653-07,0.7367436146809272,1
TCGA-YL-A8SO-01B-31R-A37L-07,0.6734415173365611,1
TCGA-E2-A15H-01A-11R-A12D-07,0.794581114177624,1
TCGA-V1-A8WN-01A-11R-A37L-07,0.46690733826975817,1
TCGA-BH-A0EB-01A-11R-A034-07,0.7350672461077749,1
TCGA-DD-A39X-01A-11R-A213-07,0.4392620911253458,1
TCGA-E2-A1LK-01A-21R-A14D-07,0.9466072795200658,1
TCGA-AR-A0TV-01A-21R-A084-07,0.9051174496818508,0
TCGA-A1-A0SD-01A-11R-A115-07,0.7126371936841315,1
TCGA-33-AASI-01A-22R-A405-07,0.7268042582222638,1
TCGA-L5-A4OW-01A-11R-A28J-31,0.789480049433878,1
TCGA-86-7711-01A-11R-2066-07,0.890522866926146,1
TCGA-34-5234-01A-01R-1635-07,0.25540666581581867,0
TCGA-63-7023-01A-11R-1949-07,0.6510794032823815,1
TCGA-BP-5191-01A-01R-1426-07,0.4714198378515007,1
TCGA-Q9-A6FW-01A-31R-A31P-31,0.8100091506643295,0
TCGA-CZ-5468-01A-01R-1503-07,0.8515139319915423,0
TCGA-78-7153-01A-11R-2039-07,0.8376615954010018,1
TCGA-DD-A4NA-01A-11R-A266-07,0.8722209891904411,1
TCGA-43-2578-01A-01R-0851-07,0.7332507557678498,0
TCGA-5R-AA1C-01A-11R-A41C-07,0.4227559291784077,1
TCGA-78-7149-01A-11R-2039-07,0.7800674665473636,1
TCGA-CW-5591-01A-01R-1541-07,0.6903816459256166,1
TCGA-13-0906-01A-01R-1564-13,0.7078170624298297,1
TCGA-CJ-4876-01A-01R-1305-07,0.5989530278912036,1
TCGA-M7-A724-01A-12R-A32O-07,0.7022897559579547,1
TCGA-62-A46Y-01A-11R-A24H-07,0.7800261619422592,1
TCGA-C8-A26V-01A-11R-A16F-07,0.8916609340239207,1
TCGA-OL-A5D8-01A-11R-A27Q-07,0.8815144852971727,0
TCGA-77-8143-01A-11R-2247-07,0.768313763392929,1
TCGA-BH-A0DO-01B-11R-A12D-07,0.7027172736139007,0
TCGA-CJ-5675-01A-11R-1541-07,0.4969619426599742,0
TCGA-A2-A4S0-01A-21R-A266-07,0.7939948783515267,1
TCGA-B9-4117-01A-02R-1351-07,0.7095911753802796,1
TCGA-BP-4352-01A-01R-1289-07,0.8556570786608546,0
TCGA-A2-A0ST-01A-12R-A084-07,0.861520039261535,1
TCGA-E2-A1IH-01A-11R-A13Q-07,0.734134986267282,1
TCGA-37-3792-01A-01R-0980-07,0.6755032719288312,0
TCGA-AK-3427-01A-01R-0864-07,0.784088476643369,0
TCGA-AA-3506-01A-01R-1410-07,0.306319462410147,1
TCGA-CZ-5466-01A-01R-1503-07,0.6969271636245958,1
TCGA-77-8140-01A-11R-2247-07,0.6621668641945861,0
TCGA-21-5786-01A-01R-1635-07,0.737034153468885,0
TCGA-86-8075-01A-11R-2241-07,0.6864298723215155,1
TCGA-A3-A8OX-01A-11R-A37O-07,0.6317475087720739,1
TCGA-95-8494-01A-11R-2326-07,0.8494107669826696,0
TCGA-IG-A7DP-01A-31R-A336-31,0.851837052272082,0
TCGA-AD-6964-01A-11R-1928-07,0.8189061869441908,1
TCGA-A8-A0A6-01A-12R-A056-07,0.7891399580565852,1
TCGA-B0-5711-01A-11R-1672-07,0.15100325086395044,1
TCGA-BH-A1FM-01A-11R-A13Q-07,0.7434341669556187,0
TCGA-CH-5771-01A-21R-1580-07,0.543132604722322,1
TCGA-69-7980-01A-11R-2187-07,0.8826347698520447,1
TCGA-AR-A254-01A-21R-A169-07,0.8005475575628755,1
TCGA-A6-2683-01A-01R-0821-07,0.3134953773283087,1
TCGA-PL-A8LY-01A-11R-A41B-07,0.8467127062212131,1
TCGA-G3-A3CH-01A-11R-A22L-07,0.44226134965075015,1
TCGA-57-1583-01A-01R-1566-13,0.7995024147768992,1
TCGA-A4-8310-01A-11R-2404-07,0.6179940702671499,1
TCGA-XK-AAJP-01A-11R-A41O-07,0.6884973595910499,1
TCGA-EB-A3XE-01A-12R-A239-07,0.41735258153858534,1
TCGA-AN-A0FZ-01A-11R-A034-07,0.8880329374979573,1
TCGA-13-0911-01A-01R-1564-13,0.4972689875010381,1
TCGA-51-6867-01A-11R-2045-07,0.5985443286301543,0
TCGA-AN-A04D-01A-21R-A034-07,0.9332589778830861,0
TCGA-DD-AADC-01A-11R-A41C-07,0.7396963912228212,1
TCGA-73-4677-01A-01R-1206-07,0.7096504146747935,1
TCGA-L9-A743-01A-43R-A39D-07,0.5785135905810519,1
TCGA-E9-A6HE-01A-11R-A31O-07,0.6556290456411791,1
TCGA-E2-A15D-01A-11R-A115-07,0.6781852932164947,1
TCGA-73-4658-01A-01R-1755-07,0.6568461613641201,0
TCGA-CH-5788-01A-11R-1580-07,0.8619259932831472,1
TCGA-E2-A14Z-01A-11R-A115-07,0.888055851201754,1
TCGA-EB-A6QY-01A-12R-A32P-07,0.5311247811034415,0
TCGA-CH-5753-01A-11R-1580-07,0.7318313212645862,1
TCGA-AC-A3W5-01A-11R-A22K-07,0.8566053798773562,1
TCGA-A6-A566-01A-11R-A28H-07,0.7810613336440755,1
TCGA-AA-3994-01A-01R-1113-07,0.6623547063669059,1
TCGA-MS-A51U-01A-31R-A266-07,0.7437661727323929,0
TCGA-13-1509-01A-01R-1565-13,0.7121082941990641,1
TCGA-IG-A6QS-01A-12R-A336-31,0.9115211456346305,0
TCGA-EW-A1PG-01A-11R-A144-07,0.6652409658423838,0
TCGA-23-1023-01A-02R-1564-13,0.8130096387065628,1
TCGA-XJ-A9DI-01A-11R-A37L-07,0.7196549179918792,1
TCGA-68-A59I-01A-11R-A262-07,0.7107683348720366,1
TCGA-13-0891-01A-01R-1564-13,0.8373583842016318,0
TCGA-A7-A13E-01A-11R-A12P-07,0.9157574279533705,0
TCGA-A8-A07E-01A-11R-A034-07,0.7966915683355134,1
TCGA-EJ-7785-01A-11R-2118-07,0.394184530844955,1
TCGA-98-A53C-01A-11R-A262-07,0.5250437977400325,1
TCGA-IB-A7M4-01A-11R-A36G-07,0.9631644118406738,1
TCGA-78-7146-01A-11R-2039-07,0.8439352799798189,0
TCGA-2Z-A9J9-01A-11R-A42S-07,0.9478082958271729,1
TCGA-FR-A726-01A-11R-A32P-07,0.6137385749689561,1
TCGA-49-4487-01A-21R-1858-07,0.8081788286995237,1
TCGA-C8-A278-01A-11R-A169-07,0.8161727743606955,1
TCGA-MP-A4T9-01A-11R-A24X-07,0.7915154808840676,1
TCGA-BH-A1FG-01A-11R-A13Q-07,0.7654593850683732,0
TCGA-CK-6746-01A-11R-1839-07,0.8631949541972933,0
TCGA-E9-A1N8-01A-11R-A144-07,0.918713741854377,1
TCGA-2Z-A9J6-01A-11R-A38C-07,0.39922463228714383,0
TCGA-A6-6137-01A-11R-1774-07,0.47019835206014793,1
TCGA-V1-A9OA-01A-11R-A41O-07,0.7600971557356732,0
TCGA-HV-A7OP-01A-11R-A33R-07,0.9548764351645728,1
TCGA-KK-A7B3-01A-11R-A33R-07,0.7183917666233618,1
TCGA-UB-A7MA-01A-11R-A33R-07,0.818873580538415,1
TCGA-VR-AA7D-01A-11R-A406-31,0.8863794665079539,1
TCGA-D8-A1Y0-01A-11R-A14M-07,0.7908317063534704,1
TCGA-DD-A4NF-01A-11R-A27V-07,0.4161306791489477,0
TCGA-AR-A24Q-01A-12R-A169-07,0.893507389312374,1
TCGA-BP-4986-01A-01R-1334-07,0.46357436169615374,1
TCGA-L4-A4E6-01A-11R-A24H-07,0.641247819781329,1
TCGA-EJ-A46F-01A-31R-A250-07,0.4736790160512214,1
TCGA-21-1078-01A-01R-0692-07,0.7852250093781757,1
TCGA-33-4587-01A-11R-2125-07,0.6143177489901722,1
TCGA-VN-A88Q-01A-11R-A352-07,0.6882302760636719,0
TCGA-RC-A7S9-01A-11R-A33R-07,0.5787842503817232,1
TCGA-98-A53J-01A-11R-A26W-07,0.5330430814190712,1
TCGA-B0-5705-01A-11R-1541-07,0.34690529572448675,0
TCGA-97-7546-01A-11R-2039-07,0.6355345828846551,1
TCGA-YL-A8SQ-01B-11R-A37L-07,0.7008965239933984,1
TCGA-AA-3712-01A-21R-1723-07,0.6264171885795418,1
TCGA-AR-A5QM-01A-11R-A27Q-07,0.7835032847542701,1
TCGA-HC-7077-01A-11R-1965-07,0.5768188842105294,1
TCGA-66-2795-01A-02R-0980-07,0.5118088338110777,1
TCGA-BP-4977-01A-01R-1334-07,0.5404198739270272,1
TCGA-CZ-5988-01A-11R-1672-07,0.644331042301468,1
TCGA-LL-A5YP-01A-21R-A28M-07,0.9383592949449981,1
TCGA-B0-4706-01A-01R-1503-07,0.5505963499634872,1
TCGA-29-1784-01A-02R-1567-13,0.677412627436832,0
TCGA-55-7903-01A-11R-2170-07,0.8000353290409631,1
TCGA-CM-6680-01A-11R-1839-07,0.6681200923957754,1
TCGA-49-6743-01A-11R-1858-07,0.8425979185303977,1
TCGA-B0-4815-01A-01R-1503-07,0.6616639776493863,1
TCGA-EW-A1PE-01A-11R-A144-07,0.7091502765670699,1
TCGA-VN-A88I-01A-11R-A352-07,0.4838772783095999,1
TCGA-NJ-A7XG-01A-12R-A39D-07,0.8398959049570792,0
TCGA-G7-A8LC-01A-11R-A36F-07,0.8279577361787575,1
TCGA-G9-7525-01A-31R-2263-07,0.737953968427677,1
TCGA-A3-3362-01A-02R-1325-07,0.20906232381469286,1
TCGA-AN-A0AR-01A-11R-A00Z-07,0.927352847350913,1
TCGA-R6-A8WC-01A-11R-A37I-31,0.8591802320849601,1
TCGA-73-A9RS-01A-11R-A41B-07,0.8816353985282743,1
TCGA-05-4390-01A-02R-1755-07,0.8581520859073329,1
TCGA-CM-5349-01A-21R-1723-07,0.816267620336984,0
TCGA-CJ-4637-01A-02R-1325-07,0.5891746015823486,0
TCGA-CJ-4897-01A-03R-1426-07,0.18039426334447678,1
TCGA-D8-A3Z6-01A-11R-A239-07,0.803547398431768,1
TCGA-68-7757-01B-11R-2296-07,0.6028086630838319,1
TCGA-HI-7168-01A-11R-2118-07,0.8173079475228776,1
TCGA-DV-A4VZ-01A-11R-A266-07,0.7203428819098712,1
TCGA-CC-A7IJ-01A-11R-A33R-07,0.8652345132520018,0
TCGA-3C-AALJ-01A-31R-A41B-07,0.8900420824353198,1
TCGA-49-4505-01A-01R-1206-07,0.7610839989299658,1
TCGA-V5-A7RE-01A-11R-A354-31,0.8647287536600575,1
TCGA-CC-5261-01A-01R-A131-07,0.6380955785263147,1
TCGA-85-A4CN-01A-11R-A24H-07,0.39678870512755887,1
TCGA-BH-A0HI-01A-11R-A084-07,0.6868708708975201,1
TCGA-55-A48Z-01A-12R-A24X-07,0.8250368587466176,1
TCGA-60-2720-01A-01R-0851-07,0.4871350778565176,1
TCGA-A7-A5ZV-01A-11R-A28M-07,0.9644666475243195,1
TCGA-HC-7231-01A-11R-2118-07,0.485689134107818,1
TCGA-66-2771-01A-01R-0980-07,0.424065773761848,1
TCGA-EJ-A65J-01A-11R-A311-07,0.8260544822196373,1
TCGA-G4-6322-01A-11R-1723-07,0.793396111152113,0
TCGA-IB-A7LX-01A-12R-A36G-07,0.9495494628625146,1
TCGA-86-8669-01A-11R-2403-07,0.8567641501959636,0
TCGA-B0-5697-01A-11R-1541-07,0.7348901436785081,0
TCGA-G4-6323-01A-11R-1723-07,0.6491801674532401,1
TCGA-L5-A4OT-01A-11R-A28J-31,0.7012431651223758,1
TCGA-3E-AAAZ-01A-11R-A38C-07,0.9444149339647565,1
TCGA-13-1498-01A-01R-1565-13,0.8491320626069319,0
TCGA-WN-AB4C-01A-11R-A42S-07,0.77143431496457,1
TCGA-AA-A02W-01A-01R-A00A-07,0.5393947297674058,1
TCGA-A6-5660-01A-01R-1653-07,0.6140635388657537,1
TCGA-85-A50M-01A-21R-A262-07,0.7052100447728428,1
TCGA-B4-5378-01A-01R-1503-07,0.34082637788958553,0
TCGA-EW-A1PF-01A-11R-A144-07,0.8510265872306251,1
TCGA-44-4112-01B-06R-A277-07,0.558151774064237,1
TCGA-23-1021-01B-01R-1564-13,0.7008942485111979,1
TCGA-CJ-4888-01A-01R-1305-07,0.5723388950745852,0
TCGA-FB-AAQ6-01A-11R-A41B-07,0.9385897756645235,1
TCGA-39-5021-01A-01R-1443-07,0.395227197720101,1
TCGA-HZ-8638-01A-11R-2404-07,0.9583432057154276,1
TCGA-55-8085-01A-11R-2241-07,0.8298841865638162,1
TCGA-24-2038-01A-01R-1568-13,0.7283510936093154,1
TCGA-UZ-A9PS-01A-11R-A42S-07,0.7212012835471994,1
TCGA-23-1022-01A-01R-1564-13,0.7642610883212183,0
TCGA-25-1635-01A-01R-1566-13,0.7560950832092539,0
TCGA-56-8308-01A-11R-2296-07,0.49142263650894963,1
TCGA-A7-A13G-01A-11R-A13Q-07,0.7936817340611465,1
TCGA-BH-A0DX-01A-11R-A115-07,0.8470854905257251,1
TCGA-BH-A0HO-01A-11R-A034-07,0.8573298182248952,0
TCGA-A8-A092-01A-11R-A00Z-07,0.7366946024589456,1
TCGA-A8-A08I-01A-11R-A00Z-07,0.9054481324747105,0
TCGA-QU-A6IO-01A-11R-A31N-07,0.2119548100290768,1
TCGA-D8-A1XO-01A-11R-A14M-07,0.7104329151834724,1
TCGA-HE-A5NL-01A-11R-A26U-07,0.20671720717312506,1
TCGA-CZ-5984-01A-11R-1672-07,0.717058805803446,1
TCGA-EJ-A7NJ-01A-22R-A352-07,0.381309062438442,1
TCGA-A6-6653-01A-11R-1774-07,0.7424690655346556,1
TCGA-BC-4073-01B-02R-A131-07,0.7537636519618274,0
TCGA-HZ-7923-01A-12R-2156-07,0.8136956276135372,1
TCGA-AL-7173-01A-11R-2139-07,0.7291132907759587,1
TCGA-A2-A1FX-01A-11R-A13Q-07,0.8748319366587237,1
TCGA-AZ-4323-01A-21R-1839-07,0.8718399213688356,1
TCGA-J4-A67R-01A-21R-A30B-07,0.16253420517824682,1
TCGA-BF-AAP8-01A-11R-A40A-07,0.800840160847139,1
TCGA-IG-A97H-01A-11R-A38D-31,0.9003601049424773,0
TCGA-DM-A28C-01A-11R-A32Y-07,0.7229883096879993,1
TCGA-NJ-A4YQ-01A-11R-A262-07,0.8727776490693818,1
TCGA-LN-A49K-01A-11R-A24K-31,0.8754085690662798,1
TCGA-44-2655-01A-01R-0946-07,0.6958246369878283,0
TCGA-B8-5164-01A-01R-1420-07,0.3595698613727894,1
TCGA-IZ-8195-01A-31R-2404-07,0.7521856747124775,0
TCGA-XD-AAUG-01A-61R-A41B-07,0.8268844204671757,1
TCGA-OE-A75W-01A-12R-A32O-07,0.8971279574615948,1
TCGA-UZ-A9PU-01A-11R-A42S-07,0.3723594157896588,1
TCGA-CM-4752-01A-01R-1410-07,0.6136101208649536,1
TCGA-MR-A520-01A-11R-A266-07,0.11433358114037548,0
TCGA-E9-A1R0-01A-22R-A16F-07,0.7606367969633697,1
TCGA-43-8115-01A-11R-2247-07,0.5660455251464133,1
TCGA-F2-A7TX-01A-33R-A38C-07,0.9652726601574309,1
TCGA-13-1404-01A-01R-1565-13,0.7574173109389394,0
TCGA-13-0923-01A-01R-1564-13,0.7072543962192902,1
TCGA-LB-A7SX-01A-11R-A33R-07,0.9589294092623164,1
TCGA-BP-5001-01A-01R-1334-07,0.3282486200348149,1
TCGA-09-1665-01B-01R-1566-13,0.8041390602940544,1
TCGA-GL-A9DC-01A-11R-A37K-07,0.6354285694415712,0
TCGA-IA-A83T-01A-11R-A355-07,0.7105487951366373,1
TCGA-86-8668-01A-11R-2403-07,0.7699070205954256,0
TCGA-A6-5661-01A-01R-1653-07,0.5992906439568753,1
TCGA-V5-A7RC-01B-11R-A406-31,0.8888691853471365,1
TCGA-05-4417-01A-22R-1858-07,0.7244698886836887,1
TCGA-29-1693-01A-01R-1567-13,0.7752335296564498,1
TCGA-AN-A0FX-01A-11R-A034-07,0.9341427250333443,1
TCGA-C8-A135-01A-11R-A115-07,0.9260749320295181,1
TCGA-CM-6162-01A-11R-1653-07,0.6181466706504379,1
TCGA-E2-A15C-01A-31R-A12D-07,0.713392623071821,1
TCGA-D8-A1JI-01A-11R-A13Q-07,0.8367522594980199,1
TCGA-24-1563-01A-01R-1566-13,0.7758117516404659,1
TCGA-BH-A42V-01A-11R-A24H-07,0.6823131995579579,1
TCGA-A6-6780-01A-11R-1839-07,0.7924944019334169,1
TCGA-A3-3323-01A-02R-1325-07,0.23580682846630505,1
TCGA-B0-4712-01A-01R-1503-07,0.5688594237109008,1
TCGA-85-A4QR-01A-11R-A24Z-07,0.5871217526753233,1
TCGA-EW-A423-01A-11R-A24H-07,0.7570272597305456,1
TCGA-HZ-A8P0-01A-11R-A36G-07,0.9266141983590412,1
TCGA-B1-A47M-01A-11R-A24Z-07,0.6041176809231413,0
TCGA-91-6830-01A-11R-1949-07,0.8646581693941459,1
TCGA-AO-A0J9-01A-11R-A034-07,0.7718935185426321,0
TCGA-V1-A8WV-01A-11R-A37L-07,0.8700003044706239,1
TCGA-LN-A49N-01A-11R-A24K-31,0.8392042115634961,1
TCGA-BF-AAP6-01A-11R-A40A-07,0.44447286497922533,1
TCGA-B6-A401-01A-11R-A239-07,0.8428377750701957,1
TCGA-BQ-7060-01A-11R-1965-07,0.32362601190072154,0
TCGA-EP-A2KB-01A-11R-A180-07,0.3592519184128718,1
TCGA-A2-A0SY-01A-31R-A084-07,0.7099117513325672,0
TCGA-CZ-4860-01A-01R-1305-07,0.8875229577320987,1
TCGA-CM-6169-01A-11R-1653-07,0.6466986922727844,1
TCGA-85-8353-01A-21R-2296-07,0.4094827198499737,1
TCGA-AA-3850-01A-01R-1022-07,0.6254388851888234,1
TCGA-2Z-A9JJ-01A-11R-A42S-07,0.9467222812294851,1
TCGA-C8-A1HE-01A-11R-A13Q-07,0.5918052147573688,1
TCGA-97-7552-01A-11R-2039-07,0.3690889816839112,1
TCGA-YL-A8SC-01A-11R-A37L-07,0.7490062721250438,0
TCGA-BQ-5877-01A-11R-1592-07,0.9066358032968181,0
TCGA-AA-3986-01A-02R-1022-07,0.5677728971893904,1
TCGA-A6-6140-01A-11R-1774-07,0.4420412617771711,1
TCGA-MP-A5C7-01A-11R-A262-07,0.7383800811234605,1
TCGA-86-7955-01A-11R-2187-07,0.8856212878811665,1
TCGA-A3-3311-01A-02R-1325-07,0.4326969083136069,1
TCGA-MP-A4T8-01A-11R-A24X-07,0.8609701430101538,0
TCGA-49-4488-01A-01R-1755-07,0.8025289010311407,0
TCGA-A8-A07O-01A-11R-A00Z-07,0.9028176819405415,0
TCGA-EJ-7312-01B-21R-A32O-07,0.7408848515072786,1
TCGA-CK-5912-01A-11R-1653-07,0.7922896170831855,1
TCGA-56-6546-01A-11R-1820-07,0.7451301456680516,1
TCGA-B6-A1KC-01B-11R-A157-07,0.8546614616449097,1
TCGA-5P-A9JU-01A-11R-A42S-07,0.8268641550964777,0
TCGA-B9-4114-01A-01R-1193-07,0.7849082131118892,1
TCGA-EB-A551-01A-21R-A27Q-07,0.633773937654512,1
TCGA-A7-A0DB-01A-11R-A277-07,0.796756094721588,1
TCGA-G4-6628-01A-11R-1839-07,0.8308523417062803,1
TCGA-LD-A66U-01A-11R-A31O-07,0.37872275441222414,1
TCGA-91-6840-01A-11R-1949-07,0.9153572323735178,0
TCGA-EJ-5527-01A-01R-1580-07,0.3173926869497164,1
TCGA-29-2428-01A-01R-1569-13,0.7470362460685105,0
TCGA-22-4601-01A-01R-1443-07,0.6663566501484033,0
TCGA-22-0940-01A-01R-0692-07,0.5727605806550942,1
TCGA-24-1555-01A-01R-1566-13,0.6758807906369645,1
TCGA-F4-6856-01A-11R-1928-07,0.6183530487419662,1
TCGA-LG-A9QD-01A-11R-A38B-07,0.29297176136996095,1
TCGA-B0-4814-01A-01R-1277-07,0.552912429791674,1
TCGA-DD-A3A7-01A-11R-A22L-07,0.4859671123515576,1
TCGA-BQ-7050-01A-11R-1965-07,0.7852862680879108,1
TCGA-EJ-5524-01A-01R-1580-07,0.4476173061394432,1
TCGA-E9-A22A-01A-11R-A157-07,0.8111234067351899,1
TCGA-BH-A1FJ-01A-11R-A13Q-07,0.8543136634019355,1
TCGA-EJ-5517-01A-01R-1580-07,0.44176260770449555,1
TCGA-FB-AAPP-01A-12R-A41B-07,0.9699049380294199,1
TCGA-EJ-8472-01A-11R-2403-07,0.8282590073408108,1
TCGA-BP-4770-01A-01R-1503-07,0.9039180253450294,1
TCGA-CJ-5681-01A-11R-1541-07,0.915923917746162,0
TCGA-EJ-5542-01A-01R-1580-07,0.2748525636211279,0
TCGA-13-1407-01A-01R-1565-13,0.7312324150819595,1
TCGA-J7-A8I2-01A-12R-A36F-07,0.954287561905035,1
TCGA-ED-A627-01A-12R-A311-07,0.49749937190053645,0
TCGA-2J-AABU-01A-11R-A41B-07,0.9430365966091454,1
TCGA-E9-A1QZ-01A-21R-A169-07,0.7469517181379576,1
TCGA-66-2744-01A-01R-0980-07,0.5386626925858199,1
TCGA-29-1781-01A-01R-1567-13,0.7661573174973657,1
TCGA-LN-A49L-01A-11R-A24K-31,0.8610441321599217,0
TCGA-18-4721-01A-01R-1443-07,0.4266261205029849,1
TCGA-A7-A5ZW-01A-12R-A29R-07,0.680553932434489,1
TCGA-B6-A409-01A-11R-A24H-07,0.9043925339465902,1
TCGA-FC-A4JI-01A-11R-A250-07,0.9371471019170515,1
TCGA-13-1405-01A-01R-1565-13,0.826083826982313,1
TCGA-DD-AADO-01A-11R-A41C-07,0.3316727413961592,1
TCGA-WX-AA46-01A-11R-A39D-07,0.3781452763570793,1
TCGA-4N-A93T-01A-11R-A37K-07,0.7231241511080666,1
TCGA-V1-A9OF-01A-11R-A41O-07,0.5011076354943679,0
TCGA-Y8-A897-01A-11R-A36F-07,0.6702050726926875,1
TCGA-A6-3807-01A-01R-1022-07,0.7199942658836962,1
TCGA-DD-A1ED-01A-11R-A155-07,0.24522148698642215,1
TCGA-AO-A0J8-01A-21R-A034-07,0.6547794106433654,1
TCGA-BH-A42T-01A-11R-A24H-07,0.8107463621524659,0
TCGA-25-1329-01A-01R-1565-13,0.818987187079764,0
TCGA-AO-A12H-01A-11R-A115-07,0.8552971926038895,1
TCGA-G3-A25T-01A-11R-A16W-07,0.5181921095722074,1
TCGA-G9-7509-01A-11R-A41O-07,0.34877797088065166,1
TCGA-BC-A8YO-01A-11R-A37K-07,0.6712264519817459,1
TCGA-50-5942-01A-21R-1755-07,0.7181145744574712,1
TCGA-GM-A2DB-01A-31R-A18M-07,0.890801865200755,1
TCGA-C8-A133-01A-32R-A12D-07,0.7488574231554216,1
TCGA-NC-A5HD-01A-11R-A26W-07,0.6156766281844989,1
TCGA-AR-A0U0-01A-11R-A109-07,0.9346077060180944,1
TCGA-23-1029-01B-01R-1567-13,0.7092991420799039,0
TCGA-HZ-8637-01A-11R-2404-07,0.9546120720203815,1
TCGA-D8-A1JM-01A-11R-A13Q-07,0.9313925035587546,1
TCGA-91-8499-01A-11R-2403-07,0.9085689666125648,1
TCGA-ZP-A9D2-01A-11R-A38B-07,0.8140954481633386,1
TCGA-2Y-A9GV-01A-11R-A38B-07,0.4192035766810069,1
TCGA-B8-A54D-01A-21R-A266-07,0.6259939602953432,1
TCGA-A4-8630-01A-11R-2404-07,0.40175859980718487,1
TCGA-F4-6855-01A-11R-1928-07,0.7967153951232974,1
TCGA-EB-A3HV-01A-11R-A21D-07,0.5945433575961517,1
TCGA-XJ-A83G-01A-11R-A352-07,0.28094915760278094,0
TCGA-AA-3560-01A-01R-0821-07,0.8042375352709646,1
TCGA-D8-A1XA-01A-11R-A14D-07,0.8794488163284127,1
TCGA-BP-4963-01A-01R-1334-07,0.3680881956942236,1
TCGA-04-1338-01A-01R-1564-13,0.8109015116354851,1
TCGA-09-1662-01A-01R-1566-13,0.8349584799520484,1
TCGA-24-1417-01A-01R-1565-13,0.7741715975929796,1
TCGA-ZG-A9LN-01A-11R-A41O-07,0.8410362328483664,1
TCGA-EJ-8474-01A-11R-2403-07,0.5625130599078706,1
TCGA-13-0727-01A-01R-1564-13,0.6776394214249013,1
TCGA-37-5819-01A-01R-1635-07,0.7759318648791184,1
TCGA-E2-A1LI-01A-12R-A157-07,0.9128795155258148,0
TCGA-77-7138-01A-41R-2045-07,0.6269178878875343,1
TCGA-A2-A3XU-01A-12R-A22U-07,0.9149966802921123,1
TCGA-QG-A5YW-01A-11R-A28H-07,0.76994981919733,1
TCGA-49-AAR0-01A-21R-A39D-07,0.7618587255156379,1
TCGA-50-6590-01A-12R-1858-07,0.8814513597156798,1
TCGA-55-8510-01A-11R-2403-07,0.6818229244780384,1
TCGA-AL-3466-01A-02R-1351-07,0.9370148444206599,0
TCGA-IB-AAUU-01A-11R-A37L-07,0.8344522363491879,0
TCGA-AA-3815-01A-01R-1022-07,0.6278195761086811,1
TCGA-AR-A0TZ-01A-12R-A084-07,0.8045511078988643,1
TCGA-M7-A71Z-01A-12R-A32O-07,0.6475658691127322,1
TCGA-A8-A09C-01A-11R-A00Z-07,0.8791518382796798,1
TCGA-DD-AAE1-01A-11R-A41C-07,0.3451029332460499,0
TCGA-BH-A1EX-01A-11R-A13Q-07,0.8030679965025231,1
TCGA-DM-A288-01A-11R-A16W-07,0.6809051211216369,0
TCGA-CC-A5UE-01A-11R-A28V-07,0.5134741715035613,1
TCGA-S8-A6BV-01A-21R-A31P-31,0.8684632131932888,1
TCGA-AO-A03O-01A-11R-A00Z-07,0.8776208167145941,0
TCGA-IA-A83W-01A-11R-A355-07,0.7023793461689962,1
TCGA-86-A4P8-01A-11R-A24X-07,0.5082655760334401,0
TCGA-A4-7288-01A-11R-A32Z-07,0.6337574426023935,0
TCGA-33-4532-01A-01R-1201-07,0.637442459599782,1
TCGA-OY-A56P-01A-12R-A406-31,0.7410495450495873,1
TCGA-GK-A6C7-01A-11R-A33J-07,0.49104532986204247,1
TCGA-E2-A15E-01A-11R-A12D-07,0.8204557139032121,1
TCGA-DD-A39W-01A-11R-A213-07,0.603500538637689,1
TCGA-AR-A0U3-01A-11R-A109-07,0.8779903164391111,1
TCGA-CJ-4900-01A-01R-1334-07,0.6813671909701262,0
TCGA-E2-A15G-01A-11R-A12D-07,0.6192314553095607,1
TCGA-CH-5769-01A-11R-1580-07,0.8175376838794848,1
TCGA-60-2707-01A-01R-0851-07,0.29832643256251523,1
TCGA-CW-5589-01A-01R-1541-07,0.26975963311843476,0
TCGA-DD-AAEB-01A-11R-A41C-07,0.3623003215849576,1
TCGA-61-2098-01A-01R-1568-13,0.6688476781851723,1
TCGA-05-4249-01A-01R-1107-07,0.7775155476417829,1
TCGA-33-4589-01A-01R-1443-07,0.3909724403729436,1
TCGA-E2-A15K-01A-11R-A12P-07,0.7776875549607275,1
TCGA-DD-A4NL-01A-11R-A28V-07,0.20314348875089264,1
TCGA-BF-AAP2-01A-11R-A40A-07,0.33248740589898573,1
TCGA-44-6779-01A-11R-1858-07,0.8266228610657954,1
TCGA-85-7844-01A-11R-2125-07,0.2904935099432212,1
TCGA-AK-3460-01A-02R-1277-07,0.29053845486727353,1
TCGA-B2-4101-01A-02R-1277-07,0.2254920131005262,1
TCGA-51-4080-01A-01R-1100-07,0.5270872510500028,1
TCGA-3C-AALI-01A-11R-A41B-07,0.9045655865971095,1
TCGA-IB-A5SP-01A-11R-A32O-07,0.9098857289482188,1
TCGA-L5-A88Z-01A-11R-A36D-31,0.8990467680233213,0
TCGA-D9-A4Z5-01A-11R-A266-07,0.6000804202688105,1
TCGA-BH-A0DG-01A-21R-A12P-07,0.8395276937263203,0
TCGA-L5-A8NF-01A-11R-A37I-31,0.8377254152449057,1
TCGA-EJ-7325-01B-11R-A32O-07,0.46028486344097413,0
TCGA-13-1497-01A-01R-1565-13,0.7895697487772233,1
TCGA-HC-7736-01A-11R-2118-07,0.6509504382419393,1
TCGA-AR-A1AH-01A-11R-A12D-07,0.9252235961635759,1
TCGA-A7-A26F-01B-04R-A22O-07,0.8776484661607913,1
TCGA-04-1337-01A-01R-1564-13,0.7463580690048989,1
TCGA-EB-A6QZ-01A-12R-A32P-07,0.40874836092951344,1
TCGA-AK-3444-01A-02R-1325-07,0.34524785471446034,0
TCGA-B0-5092-01A-01R-1420-07,0.4298706314553582,1
TCGA-A8-A09A-01A-11R-A00Z-07,0.8118000489298133,1
TCGA-LN-A49O-01A-11R-A24K-31,0.8880712251220382,1
TCGA-61-1737-01A-01R-1567-13,0.818140326575119,1
TCGA-EJ-A46H-01A-31R-A26U-07,0.48513170302101033,0
TCGA-B6-A0X5-01A-21R-A109-07,0.9500025965683441,1
TCGA-C8-A26X-01A-31R-A16F-07,0.9249655919699448,0
TCGA-21-1077-01A-01R-0692-07,0.4654328697405286,1
TCGA-GM-A2DD-01A-11R-A180-07,0.9087153174439162,1
TCGA-BP-4326-01A-01R-1289-07,0.723347796577436,0
TCGA-DA-A960-01A-11R-A37K-07,0.4914463671506251,1
TCGA-94-A5I4-01A-11R-A26W-07,0.5982219656701483,1
TCGA-AA-3520-01A-01R-0821-07,0.5328633610194892,1
TCGA-2Y-A9H1-01A-11R-A38B-07,0.2442693639531303,1
TCGA-63-A5ML-01A-31R-A27Q-07,0.4637637990464826,1
TCGA-KK-A8IB-01A-11R-A36G-07,0.7225693232168742,0
TCGA-AA-3947-01A-01R-1022-07,0.545908385545802,1
TCGA-B8-4621-01A-01R-1503-07,0.7411043583401361,1
TCGA-S3-AA11-01A-31R-A41B-07,0.8395480345330738,1
TCGA-BH-A0BM-01A-11R-A056-07,0.7473081831387399,1
TCGA-AK-3447-01A-01R-1766-07,0.8140230676559365,1
TCGA-E2-A1IO-01A-11R-A144-07,0.803684486624368,1
TCGA-BP-5185-01A-01R-1426-07,0.30242821268548553,1
TCGA-LL-A5YO-01A-21R-A28M-07,0.8823167532847164,0
TCGA-A3-3347-01A-02R-1325-07,0.5494094046646818,1
TCGA-60-2709-01A-21R-1820-07,0.3512085085003565,0
TCGA-DD-A1EK-01A-11R-A213-07,0.34346790767821744,1
TCGA-BH-A0HU-01A-11R-A034-07,0.8636103739556097,0
TCGA-HZ-7289-01A-11R-2156-07,0.9675912783212608,1
TCGA-33-4566-01A-01R-1443-07,0.7721776232125196,1
TCGA-EJ-5504-01A-01R-1580-07,0.5024562537914977,1
TCGA-IB-7654-01A-11R-2156-07,0.9410431319451346,1
TCGA-2Z-A9JD-01A-11R-A42S-07,0.7455022851099363,1
TCGA-BH-A18L-01A-32R-A12D-07,0.8257162481112462,1
TCGA-38-A44F-01A-11R-A24H-07,0.4757496228838999,0
TCGA-YL-A8SB-01A-31R-A37L-07,0.5593122295444194,1
TCGA-46-3768-01A-01R-0980-07,0.43884883031288485,1
TCGA-AR-A24U-01A-11R-A169-07,0.867073903884236,1
TCGA-AO-A0JD-01A-11R-A056-07,0.907977315593732,1
TCGA-A2-A0T1-01A-21R-A084-07,0.9135255737497862,1
TCGA-D8-A1JH-01A-11R-A13Q-07,0.4076357433821935,1
TCGA-BP-5194-01A-02R-1426-07,0.13518146027534456,1
TCGA-RB-AA9M-01A-11R-A39D-07,0.886384897083349,1
TCGA-A4-7915-01A-11R-2204-07,0.833057075529899,1
TCGA-AA-3867-01A-01R-1022-07,0.6472399250829216,1
TCGA-3A-A9IH-01A-12R-A39D-07,0.8970096765997605,1
TCGA-E2-A570-01A-11R-A29R-07,0.7693774566131497,1
TCGA-D5-5540-01A-01R-1653-07,0.3775976640223474,0
TCGA-B0-4839-01A-01R-1305-07,0.4090834034623757,1
TCGA-FS-A1ZN-01A-11R-A18T-07,0.5636676788877233,1
TCGA-D8-A1Y1-01A-21R-A14M-07,0.8247607246921402,1
TCGA-57-1993-01A-01R-1568-13,0.7210621084500692,1
TCGA-E9-A3X8-01A-31R-A22U-07,0.4741465924992202,1
TCGA-86-8073-01A-11R-2241-07,0.8441640716735607,1
TCGA-ZG-A8QW-01A-11R-A37L-07,0.8223401281222394,1
TCGA-AK-3458-01A-01R-1503-07,0.5441949975191471,1
TCGA-L5-A88S-01A-11R-A36D-31,0.8894039901018403,1
TCGA-DD-A4NJ-01A-11R-A27V-07,0.5684163311414194,0
TCGA-55-6985-01A-11R-1949-07,0.7691024012582828,1
TCGA-78-7147-01A-11R-2039-07,0.8693672856025788,0
TCGA-AK-3429-01A-02R-1325-07,0.5763015998603765,0
TCGA-AR-A2LH-01A-31R-A18M-07,0.8823287248507659,0
TCGA-WX-AA47-01A-11R-A39D-07,0.613818219498283,0
TCGA-04-1536-01A-01R-1566-13,0.8292445914639119,1
TCGA-L3-A524-01A-11R-A262-07,0.5629801687307575,1
TCGA-91-6848-01A-11R-1949-07,0.8641450458987553,1
TCGA-24-2027-01A-01R-1567-13,0.7693975006106342,1
TCGA-H9-A6BX-01A-31R-A311-07,0.4478560875604942,1
TCGA-G9-6354-01A-11R-A311-07,0.33097416843483596,1
TCGA-10-0937-01A-02R-1564-13,0.678556288971167,1
TCGA-B6-A0RN-01A-12R-A084-07,0.7050711588526528,1
TCGA-86-8056-01A-11R-2241-07,0.7081057173310251,0
TCGA-95-8039-01A-11R-2241-07,0.8062693478715631,0
TCGA-E9-A1R5-01A-11R-A14M-07,0.8041229783088502,0
TCGA-A3-3331-01A-02R-1325-07,0.3584487603528034,1
TCGA-18-3410-01A-01R-0980-07,0.6268803307031562,1
TCGA-22-5491-01A-01R-1635-07,0.35104045162988895,1
TCGA-A4-A7UZ-01A-12R-A355-07,0.8646315651002268,0
TCGA-L5-A4OS-01A-11R-A28J-31,0.8434776052439141,0
TCGA-AZ-6607-01A-11R-1839-07,0.7920869402456724,1
TCGA-B0-5077-01A-01R-1334-07,0.5316034272422904,0
TCGA-63-A5MW-01A-11R-A26W-07,0.7149857671120591,0
TCGA-CK-6747-01A-11R-1839-07,0.610426899992943,1
TCGA-A8-A06U-01A-11R-A00Z-07,0.892012966344208,1
TCGA-CC-A5UD-01A-11R-A28V-07,0.7895945235799458,1
TCGA-44-A47A-01A-21R-A24H-07,0.8429053406148775,0
TCGA-EW-A1IZ-01A-11R-A13Q-07,0.884707191273147,1
TCGA-24-2019-01A-02R-1568-13,0.746993110318531,1
TCGA-EW-A1IX-01A-12R-A144-07,0.677454710503241,1
TCGA-13-0897-01A-01R-1564-13,0.7460102170672888,1
TCGA-A8-A06Q-01A-11R-A034-07,0.902270130548851,1
TCGA-A2-A4RX-01A-11R-A266-07,0.9166397650562302,1
TCGA-E9-A1RC-01A-11R-A157-07,0.7712007145531451,1
TCGA-AA-3814-01A-01R-0905-07,0.4978564129602477,1
TCGA-DD-AACH-01A-11R-A41C-07,0.7426974739649544,1
TCGA-AA-3496-01A-21R-1839-07,0.7575354586348862,1
TCGA-69-7974-01A-11R-2187-07,0.7889112279453347,0
TCGA-24-1431-01A-01R-1566-13,0.8377450530065119,1
TCGA-B6-A1KI-01A-11R-A14M-07,0.8588501177398902,0
TCGA-AK-3461-01A-02R-1277-07,0.4618523994104517,1
TCGA-DD-A11D-01A-11R-A131-07,0.2893046737019967,1
TCGA-22-4594-01A-01R-1201-07,0.7007235882870816,1
TCGA-GN-A8LN-01A-11R-A37K-07,0.6112431533112135,1
TCGA-A4-7286-01A-11R-A32Z-07,0.5480954444937758,0
TCGA-G9-6362-01A-11R-1789-07,0.7666846030464316,1
TCGA-ED-A7PZ-01A-11R-A33R-07,0.5498042041540292,1
TCGA-77-7139-01A-11R-2045-07,0.5702770364236903,1
TCGA-AT-A5NU-01A-11R-A28H-07,0.5895341930364657,1
TCGA-G9-6348-01A-11R-1789-07,0.6949781731607191,1
TCGA-CM-5868-01A-01R-1653-07,0.5600184904485899,0
TCGA-80-5607-01A-31R-1949-07,0.8358858860284291,1
TCGA-DD-A4ND-01A-11R-A266-07,0.6710145072685779,1
TCGA-AK-3443-01A-02R-1325-07,0.848000051797206,1
TCGA-BH-A28Q-01A-11R-A16F-07,0.7006100742821103,1
TCGA-62-A470-01A-11R-A24H-07,0.7957641018073097,1
TCGA-85-A5B5-01A-21R-A26W-07,0.5597076717646706,1
TCGA-GN-A4U5-01A-11R-A32P-07,0.5469616834962985,1
TCGA-A7-A2KD-01A-31R-A21T-07,0.8637931233241939,0
TCGA-5R-AAAM-01A-12R-A41C-07,0.24385150681056422,1
TCGA-AA-3952-01A-01R-1022-07,0.8018269841562886,1
TCGA-E9-A1NC-01A-21R-A26B-07,0.9217480218490972,1
TCGA-E9-A229-01A-31R-A157-07,0.660585645508837,0
TCGA-55-A494-01A-11R-A24X-07,0.8700505336695327,1
TCGA-D8-A1XL-01A-11R-A14M-07,0.8563296250834719,1
TCGA-YL-A8SI-01A-11R-A41O-07,0.3255114831272872,1
TCGA-61-1911-01A-01R-1567-13,0.8151327020931166,1
TCGA-56-1622-01A-01R-0692-07,0.6472007645676466,0
TCGA-C8-A26Z-01A-11R-A16F-07,0.8560269845879017,1
TCGA-V5-A7RB-01A-11R-A354-31,0.889267449962507,1
TCGA-OL-A66H-01A-11R-A29R-07,0.85395839632461,1
TCGA-AC-A3OD-01A-11R-A21T-07,0.8092484152814662,0
TCGA-A4-8516-01A-11R-2404-07,0.5350457064521578,0
TCGA-EJ-A7NN-01A-11R-A33R-07,0.8574848546801178,1
TCGA-A8-A06Y-01A-21R-A00Z-07,0.8746587809064876,1
TCGA-EB-A5VU-01A-21R-A32P-07,0.6090772952848008,1
TCGA-HC-7232-01A-11R-2118-07,0.70922638085018,1
TCGA-2L-AAQL-01A-11R-A38C-07,0.8497705170733326,1
TCGA-BF-A3DM-01A-11R-A20F-07,0.6708481897061148,0
TCGA-GM-A2DI-01A-31R-A18M-07,0.7395987703843337,1
TCGA-CJ-4635-01A-02R-1305-07,0.5287433314603589,0
TCGA-FV-A4ZP-01A-12R-A266-07,0.4308902956194264,1
TCGA-IH-A3EA-01A-11R-A20F-07,0.32334719235756093,1
TCGA-HC-7075-01A-11R-1965-07,0.4159349269341087,1
TCGA-5P-A9K6-01A-11R-A42S-07,0.31514945415699225,1
TCGA-DM-A28K-01A-21R-A32Y-07,0.6817099510123613,0
TCGA-BP-4962-01A-01R-1334-07,0.4632663646144015,1
TCGA-53-7624-01A-11R-2066-07,0.9067195538152804,1
TCGA-AA-3854-01A-01R-0905-07,0.5890554732462936,1
TCGA-OL-A5RW-01A-11R-A28M-07,0.9327042471567589,0
TCGA-E9-A1RI-01A-11R-A169-07,0.5598479316587041,1
TCGA-A7-A4SB-01A-21R-A266-07,0.8542665178249105,1
TCGA-A3-3306-01A-01R-0864-07,0.7054865875494637,1
TCGA-G9-6371-01A-11R-1789-07,0.4416320606011481,1
TCGA-E9-A243-01A-21R-A169-07,0.8714290830067851,1
TCGA-A7-A0CG-01A-12R-A056-07,0.6412929192112202,0
TCGA-E9-A3HO-01A-11R-A213-07,0.8253172538973855,1
TCGA-B6-A408-01A-12R-A24H-07,0.8329126981970578,0
TCGA-24-1426-01A-01R-1565-13,0.7819388412155107,0
TCGA-AC-A6IV-01A-12R-A33J-07,0.7234941295671815,0
TCGA-AS-3778-01A-01R-A32Z-07,0.3146564512933142,1
TCGA-C8-A1HG-01A-11R-A137-07,0.8760905661965318,1
TCGA-BQ-7059-01A-11R-1965-07,0.7374304750521222,1
TCGA-SX-A7SL-01A-11R-A355-07,0.6466979753381231,1
TCGA-13-1492-01A-01R-1565-13,0.8272591625093154,1
TCGA-BP-4970-01A-01R-1334-07,0.26393849622763055,1
TCGA-HE-7128-01A-11R-1965-07,0.5018362654430792,1
TCGA-61-1733-01A-01R-1567-13,0.8034839447477883,0
TCGA-LL-A5YL-01A-12R-A29R-07,0.7389099013185146,1
TCGA-DD-A3A8-01A-11R-A22L-07,0.27210305271323626,1
TCGA-AK-3450-01A-02R-1277-07,0.5301699118805804,1
TCGA-EW-A2FS-01A-11R-A17B-07,0.8538834467574961,1
TCGA-A2-A0T6-01A-11R-A084-07,0.6132502836721989,1
TCGA-FV-A496-01A-11R-A266-07,0.5727729411855397,1
TCGA-75-7027-01A-11R-1949-07,0.8231941879892699,1
TCGA-43-3394-01A-01R-0980-07,0.5105517398547325,1
TCGA-CZ-5455-01A-01R-1503-07,0.4592833369115216,1
TCGA-AA-3831-01A-01R-0905-07,0.5239711181177132,1
TCGA-NH-A8F7-01A-11R-A41B-07,0.6540486020095636,1
TCGA-FB-A4P6-01A-12R-A26U-07,0.8991518192694523,1
TCGA-VP-A87E-01A-31R-A352-07,0.570130898995089,1
TCGA-BH-A0DD-01A-31R-A12P-07,0.7585250377769327,1
TCGA-CM-4744-01A-01R-A32Z-07,0.5161422093951191,1
TCGA-IG-A8O2-01A-11R-A36D-31,0.9067663990112893,1
TCGA-A8-A07P-01A-11R-A00Z-07,0.8153068654184252,1
TCGA-J4-A67Q-01A-21R-A30B-07,0.2022588635354656,1
TCGA-A3-3387-01A-01R-1541-07,0.5062273183672422,1
TCGA-IB-7647-01A-11R-2156-07,0.9427303607267773,1
TCGA-98-8022-01A-11R-2247-07,0.7318598844275116,1
TCGA-J2-8194-01A-11R-2241-07,0.7524441621013204,1
TCGA-BP-5189-01A-02R-1426-07,0.22663599367183887,0
TCGA-24-2293-01A-01R-1568-13,0.7570184402187984,1
TCGA-DD-A1EA-01A-11R-A131-07,0.6448364562842275,1
TCGA-JY-A6FB-01A-11R-A336-31,0.8797359214321682,1
TCGA-60-2716-01A-01R-0851-07,0.8348581572207144,1
TCGA-A1-A0SF-01A-11R-A144-07,0.8949221048310981,1
TCGA-78-7148-01A-11R-2039-07,0.8263631540094849,1
TCGA-85-7696-01A-11R-2125-07,0.6052777922931831,1
TCGA-25-1319-01A-01R-1565-13,0.8395766806592567,1
TCGA-44-A47B-01A-11R-A24H-07,0.8616293429836804,1
TCGA-L5-A88W-01A-11R-A354-31,0.8999936384061874,1
TCGA-85-A4CL-01A-41R-A26W-07,0.6336049101470645,1
TCGA-44-A4SU-01A-11R-A24X-07,0.7802770587883205,1
TCGA-2Y-A9GX-01A-11R-A38B-07,0.31100860192225926,1
TCGA-G4-6586-01A-11R-1774-07,0.6007155053374292,1
TCGA-68-A59J-01A-21R-A26W-07,0.6756498996857789,0
TCGA-G6-A5PC-01A-11R-A33J-07,0.484334853088689,1
TCGA-IG-A50L-01A-11R-A260-31,0.883625795748818,0
TCGA-43-6770-01A-11R-1820-07,0.48437812997845114,0
TCGA-57-1584-01A-01R-1566-13,0.7734717947804439,1
TCGA-AC-A2B8-01A-11R-A17B-07,0.6627342333087655,1
TCGA-A4-A57E-01A-11R-A26U-07,0.9003722798828462,1
TCGA-24-1471-01A-01R-1566-13,0.8087621923633169,1
TCGA-56-7579-01A-11R-2045-07,0.6068795359847416,1
TCGA-KK-A59Y-01A-11R-A26U-07,0.6317903490821518,1
TCGA-A7-A26H-01A-11R-A169-07,0.717380241036558,0
TCGA-DV-5573-01A-01R-1541-07,0.6438027887431668,1
TCGA-AC-A3TM-01A-11R-A22K-07,0.4399829651828879,1
TCGA-KK-A6E3-01A-21R-A30B-07,0.3002887564305241,1
TCGA-25-2398-01A-01R-1569-13,0.748849701029253,1
TCGA-25-1631-01A-01R-1569-13,0.7740977829444887,1
TCGA-B0-4710-01A-01R-1503-07,0.6232670553264066,0
TCGA-BD-A2L6-01A-11R-A213-07,0.3285073710419064,0
TCGA-85-8664-01A-11R-2403-07,0.6869492806835298,1
TCGA-59-2352-01A-01R-1569-13,0.7758702796717983,1
TCGA-97-8179-01A-11R-2287-07,0.8100766815856058,0
TCGA-CW-5590-01A-01R-1541-07,0.543341222680751,0
TCGA-24-1424-01A-01R-1565-13,0.7503551163667638,0
TCGA-GM-A3XL-01A-11R-A22U-07,0.9188913720937225,1
TCGA-D8-A1JA-01A-11R-A13Q-07,0.7970454043645748,1
TCGA-EB-A85J-01A-12R-A352-07,0.4214754559798311,1
TCGA-HV-A7OL-01A-11R-A33R-07,0.8887336407732402,0
TCGA-55-8087-01A-11R-2241-07,0.8133160828743582,1
TCGA-55-6978-01A-11R-1949-07,0.735265090785784,0
TCGA-BP-4332-01A-01R-1289-07,0.45369987076254914,1
TCGA-57-1586-01A-02R-1567-13,0.7816723454875042,0
TCGA-5P-A9JV-01A-12R-A42S-07,0.9359702375052724,0
TCGA-A2-A1G0-01A-11R-A13Q-07,0.729876017465867,0
TCGA-BP-4985-01A-01R-1334-07,0.8597646733843363,1
TCGA-US-A774-01A-21R-A32O-07,0.829792399901453,0
TCGA-V7-A7HQ-01A-11R-A33J-07,0.3965800453280527,1
TCGA-B0-4817-01A-01R-1277-07,0.7904707416373721,1
TCGA-61-1738-01A-01R-1567-13,0.837296709054357,1
TCGA-A6-2681-01A-01R-1410-07,0.34589029378934466,1
TCGA-22-4609-01A-21R-2125-07,0.4300947417309319,0
TCGA-HC-A6AN-01A-11R-A30B-07,0.5582599684622856,1
TCGA-AN-A0AM-01A-11R-A034-07,0.9389498902721789,1
TCGA-B2-5636-01A-02R-1541-07,0.43088873718846504,0
TCGA-59-2348-01A-01R-1569-13,0.8769773817988822,0
TCGA-EJ-5531-01A-01R-1580-07,0.4960630196832796,0
TCGA-D8-A4Z1-01A-21R-A266-07,0.5074469452755432,0
TCGA-BH-A0BV-01A-11R-A00Z-07,0.8199899808472177,1
TCGA-DD-AAEA-01A-11R-A41C-07,0.3872347904495719,1
TCGA-49-6761-01A-31R-1949-07,0.8770430376649062,1
TCGA-95-7043-01A-11R-1949-07,0.9157461964335611,1
TCGA-AD-6890-01A-11R-1928-07,0.6147559698365536,1
TCGA-97-8547-01A-11R-2403-07,0.807738608747402,1
TCGA-XP-A8T6-01A-11R-A36D-31,0.8932337761580503,1
TCGA-70-6722-01A-11R-1820-07,0.6587389540959814,1
TCGA-DD-AAVY-01A-11R-A41C-07,0.29101022789985,0
TCGA-A2-A3XS-01A-11R-A22U-07,0.9239420485506252,1
TCGA-A2-A0YL-01A-21R-A109-07,0.5814239712642727,1
TCGA-3A-A9IS-01A-21R-A39D-07,0.9590403022431011,1
TCGA-73-4666-01A-01R-1206-07,0.7613736838685062,1
TCGA-24-1467-01A-01R-1566-13,0.7453101435657681,0
TCGA-85-7699-01A-11R-2125-07,0.5121419547021653,1
TCGA-A8-A07B-01A-11R-A00Z-07,0.9044258198661338,0
TCGA-AA-A01P-01A-21R-A083-07,0.6801898855389219,1
TCGA-AC-A62X-01A-11R-A29R-07,0.9329059594075774,1
TCGA-A2-A0YH-01A-11R-A109-07,0.8698278888525751,1
TCGA-D8-A1XS-01A-11R-A14M-07,0.667964548355651,1
TCGA-BH-A0E2-01A-11R-A056-07,0.8857272711621658,1
TCGA-13-0888-01A-01R-1564-13,0.7188923375689371,1
TCGA-IG-A4QS-01A-11R-A260-31,0.8507188317804958,1
TCGA-A6-2680-01A-01R-1410-07,0.3757541261854569,0
TCGA-A4-7997-01A-11R-2204-07,0.7907165217709219,1
TCGA-93-A4JO-01A-21R-A24X-07,0.8049709438475663,1
TCGA-KV-A74V-01A-11R-A33Z-07,0.558210945389997,1
TCGA-G4-6588-01A-11R-1774-07,0.6615759503589611,1
TCGA-J4-A83L-01A-11R-A352-07,0.4055075412049242,1
TCGA-5T-A9QA-01A-11R-A41B-07,0.9094580575811659,0
TCGA-49-6744-01A-11R-1858-07,0.668979783879925,1
TCGA-CK-4948-01B-11R-1653-07,0.5425239256843627,1
TCGA-77-7142-01A-11R-2045-07,0.6729207630820795,1
TCGA-ZG-A9M4-01A-11R-A41O-07,0.9056130642248945,1
TCGA-44-A479-01A-31R-A24H-07,0.7214852840063414,1
TCGA-AA-3511-01A-21R-1839-07,0.640892564203238,1
TCGA-66-2758-01A-02R-0851-07,0.47598388023038324,1
TCGA-24-2290-01A-01R-1568-13,0.8172806641032375,1
TCGA-75-5125-01A-01R-1755-07,0.8344499422523199,1
TCGA-L9-A7SV-01A-11R-A39D-07,0.8345868543080919,1
TCGA-VP-A87K-01A-11R-A352-07,0.4920696999995736,1
TCGA-A6-A565-01A-31R-A28H-07,0.7414388067161239,1
TCGA-04-1364-01A-01R-1565-13,0.7451910613836543,1
TCGA-04-1350-01A-01R-1565-13,0.731861308866244,1
TCGA-22-5471-01A-01R-1635-07,0.4454951188242249,1
TCGA-EB-A430-01A-11R-A24X-07,0.3928838922856506,0
TCGA-ZG-A9ND-01A-11R-A41O-07,0.6517445649319007,1
TCGA-23-1119-01A-02R-1565-13,0.7709460303101877,1
TCGA-CJ-4642-01B-01R-1305-07,0.9375776187549603,1
TCGA-24-1413-01A-01R-1565-13,0.6480781455462998,1
TCGA-A8-A08A-01A-11R-A32Y-07,0.8145732891938813,1
TCGA-04-1519-01A-01R-1565-13,0.6925672320306986,1
TCGA-B6-A0RT-01A-21R-A084-07,0.866544753782181,1
TCGA-AC-A5XS-01A-11R-A29R-07,0.8889514379121805,1
TCGA-HC-8257-01A-11R-2263-07,0.7279723445795638,1
TCGA-CJ-4881-01A-01R-1305-07,0.6709119511280676,0
TCGA-DD-AACY-01A-11R-A41C-07,0.3437990794898679,0
TCGA-CK-5915-01A-11R-1653-07,0.6969140169640375,1
TCGA-2Y-A9GZ-01A-11R-A39D-07,0.33820651032591675,1
TCGA-2H-A9GI-01A-11R-A37I-31,0.8802818106702374,1
TCGA-B6-A0IP-01A-11R-A034-07,0.7038018333829867,1
TCGA-AA-3811-01A-01R-1022-07,0.8514716188447811,1
TCGA-55-8208-01A-11R-2241-07,0.6450466756215048,1
TCGA-V9-A7HT-01A-11R-A33Z-07,0.5824664390361158,0
TCGA-C8-A12M-01A-11R-A115-07,0.9014720894967889,1
TCGA-BQ-5886-01A-11R-1592-07,0.6597238307571425,0
TCGA-GI-A2C9-01A-11R-A21T-07,0.9298988235838227,0
TCGA-G7-7502-01A-11R-2204-07,0.7715984590341599,1
TCGA-2Z-A9JM-01A-12R-A42S-07,0.7248136432509872,1
TCGA-85-A4PA-01A-11R-A24Z-07,0.6801895739338394,0
TCGA-C8-A12V-01A-11R-A115-07,0.9222028650427344,0
TCGA-HC-7745-01A-11R-2118-07,0.42734061472645934,1
TCGA-AC-A6IW-01A-12R-A33J-07,0.9309626586025747,1
TCGA-B0-5085-01A-01R-1334-07,0.23813852757765358,1
TCGA-AR-A1AU-01A-11R-A12P-07,0.876858783079719,0
TCGA-B8-5546-01A-01R-1541-07,0.8211379246559793,1
TCGA-77-7141-01A-11R-2045-07,0.6063196493639855,1
TCGA-AA-3534-01A-01R-0821-07,0.6508483166672382,1
TCGA-AA-3524-01A-02R-0821-07,0.5344113600944667,1
TCGA-24-2280-01A-01R-1568-13,0.7538567672187998,1
TCGA-IB-7897-01A-21R-2204-07,0.810888646911565,0
TCGA-95-7039-01A-11R-1949-07,0.8491307799853773,0
TCGA-CJ-5680-01A-11R-1541-07,0.6498415627584373,1
TCGA-AR-A1AN-01A-11R-A12P-07,0.8520163971776863,1
TCGA-LL-A6FP-01A-11R-A31O-07,0.721182424467849,1
TCGA-30-1714-01A-02R-1567-13,0.7807824852456676,0
TCGA-E2-A15L-01A-11R-A12D-07,0.8432563803404285,1
TCGA-23-2077-01A-01R-1568-13,0.6875304607210965,1
TCGA-EJ-7123-01A-11R-1965-07,0.46359918344246076,1
TCGA-DD-AACI-01A-11R-A41C-07,0.5039645044089687,1
TCGA-A6-3808-01A-01R-1022-07,0.5544015129734532,0
TCGA-AA-3837-01A-01R-0905-07,0.5619562038880198,1
TCGA-95-7944-01A-11R-2187-07,0.8598918384052681,0
TCGA-A3-3320-01A-02R-1325-07,0.17624671052535398,1
TCGA-MM-A563-01A-11R-A266-07,0.44296067080168844,0
TCGA-77-8008-01A-21R-2187-07,0.3281572102401969,1
TCGA-G9-7519-01A-11R-2263-07,0.4531667938629594,1
TCGA-BF-A5EP-01A-12R-A27Q-07,0.42918382664708876,1
TCGA-B0-5694-01A-11R-1541-07,0.4933378464751052,1
TCGA-E9-A1R7-01A-11R-A14M-07,0.8199145541921311,1
TCGA-G3-A7M5-01A-11R-A33R-07,0.41159967876161163,1
TCGA-A2-A0SV-01A-11R-A084-07,0.8523361617901611,1
TCGA-DW-7838-01A-11R-2139-07,0.7608457767187314,1
TCGA-AN-A04C-01A-21R-A034-07,0.9133018825402341,1
TCGA-77-6842-01A-11R-1949-07,0.6007824592549684,1
TCGA-B0-4688-01A-01R-1277-07,0.9272444675809574,1
TCGA-A2-A0YM-01A-11R-A109-07,0.9235158850186101,1
TCGA-JY-A6F8-01A-11R-A336-31,0.8829355458257925,1
TCGA-F4-6808-01A-11R-1839-07,0.6938293836765118,1
TCGA-AC-A2BM-01A-11R-A21T-07,0.800986827817392,1
TCGA-34-5236-01A-21R-1820-07,0.3896491995743282,1
TCGA-AZ-6598-01A-11R-1774-07,0.820426587867135,1
TCGA-D8-A1X7-01A-11R-A14M-07,0.8317355571010773,1
TCGA-AN-A0FY-01A-11R-A034-07,0.8570227546230077,1
TCGA-AO-A03R-01A-21R-A034-07,0.8723907861346749,1
TCGA-CJ-4920-01A-01R-1426-07,0.47453690545124405,1
TCGA-LL-A442-01A-11R-A24H-07,0.8738680987237805,1
TCGA-V1-A9OY-01A-11R-A41O-07,0.5296544647103717,1
TCGA-DD-AAVZ-01A-11R-A41C-07,0.24777691806794216,1
TCGA-UZ-A9PL-01A-11R-A38C-07,0.6404829433673966,0
TCGA-CJ-4638-01A-02R-1325-07,0.6212153345093241,1
TCGA-25-2401-01A-01R-1569-13,0.6826839872920484,1
TCGA-BP-4765-01A-01R-1289-07,0.48841508032208175,1
TCGA-AN-A0FS-01A-11R-A034-07,0.6986394403345871,1
TCGA-B8-5162-01A-01R-1420-07,0.4564271608551868,0
TCGA-EV-5901-01A-11R-1592-07,0.7358709685547569,1
TCGA-2Y-A9H0-01A-11R-A38B-07,0.5529148443826978,1
TCGA-B4-5836-01A-11R-1672-07,0.3477038857509334,1
TCGA-G9-6338-01A-12R-1965-07,0.8024603171658475,1
TCGA-HZ-A9TJ-01A-11R-A41I-07,0.9312677958108094,1
TCGA-D8-A1XT-01A-11R-A14M-07,0.891792345771815,0
TCGA-E9-A1N6-01A-11R-A144-07,0.8804760218160309,0
TCGA-E2-A1IK-01A-11R-A144-07,0.8425895134508178,1
TCGA-CJ-5683-01A-11R-1541-07,0.6422237406760601,1
TCGA-KK-A8IF-01A-11R-A36G-07,0.8330045297850673,1
TCGA-QG-A5Z2-01A-11R-A28H-07,0.5125222031536228,1
TCGA-A1-A0SO-01A-22R-A084-07,0.9318516726180421,0
TCGA-E2-A154-01A-11R-A115-07,0.7906208260826918,1
TCGA-J9-A8CM-01A-11R-A352-07,0.8040940063640517,1
TCGA-AN-A0FV-01A-11R-A00Z-07,0.8722093146739034,1
TCGA-CM-6679-01A-11R-1839-07,0.6315488095393723,1
TCGA-77-8153-01A-11R-2403-07,0.33344632723351214,1
TCGA-BH-A0BJ-01A-11R-A056-07,0.7819854051947227,1
TCGA-AN-A0AL-01A-11R-A00Z-07,0.9351070356707621,1
TCGA-24-1928-01A-01R-1567-13,0.8650937281607569,1
TCGA-IB-7890-01A-12R-2204-07,0.8842096764310283,0
TCGA-E2-A15R-01A-11R-A115-07,0.8489263325779496,1
TCGA-BH-A0DT-01A-21R-A12D-07,0.4913499679477188,0
TCGA-Q3-A5QY-01A-12R-A32O-07,0.9432434270665406,0
TCGA-NJ-A4YI-01A-11R-A262-07,0.8146958206299447,1
TCGA-ZG-A9N3-01A-11R-A41O-07,0.932034742103988,1
TCGA-2Z-A9JO-01A-11R-A42S-07,0.8245972036061509,1
TCGA-25-1626-01A-01R-1566-13,0.6176190396539264,1
TCGA-CC-5262-01A-01R-A131-07,0.3788357717769113,0
TCGA-57-1582-01A-01R-1566-13,0.7915709181609389,0
TCGA-WJ-A86L-01A-12R-A39D-07,0.6451618516094426,0
TCGA-GL-6846-01A-11R-1965-07,0.7428682256494784,1
TCGA-E9-A54X-01A-11R-A266-07,0.8801942810995121,1
TCGA-55-1594-01A-01R-0946-07,0.8835618854044336,0
TCGA-AA-3864-01A-01R-1022-07,0.5794743768712465,1
TCGA-49-6742-01A-11R-1858-07,0.87207093441186,1
TCGA-H6-8124-01A-11R-2404-07,0.9365311450291227,1
TCGA-HC-7820-01A-11R-2118-07,0.39852397536887096,1
TCGA-AY-A8YK-01A-11R-A41B-07,0.5832076608049338,0
TCGA-34-8454-01A-11R-2326-07,0.5925279529471592,1
TCGA-A6-A56B-01A-31R-A28H-07,0.8015976590920532,0
TCGA-AR-A0U2-01A-11R-A109-07,0.8832349611928688,1
TCGA-BC-A112-01A-11R-A131-07,0.8613991262730624,1
TCGA-IB-7646-01A-11R-2156-07,0.9482519695761117,1
TCGA-V1-A9ZG-01A-11R-A41O-07,0.8417336602505238,1
TCGA-86-7953-01A-11R-2187-07,0.8660510944627624,1
TCGA-CZ-5451-01A-01R-1503-07,0.2042150670286478,1
TCGA-A6-6138-01A-11R-1774-07,0.6678471335531825,0
TCGA-GL-7966-01A-11R-2204-07,0.9066124168665023,1
TCGA-BP-4982-01A-01R-1334-07,0.05501872750757602,1
TCGA-B4-5835-01A-11R-1672-07,0.8405510454305753,1
TCGA-E9-A1NE-01A-21R-A14M-07,0.7048203492357442,1
TCGA-MH-A856-01A-11R-A355-07,0.6277947720353765,1
TCGA-EB-A299-01A-21R-A18U-07,0.8124532212272624,0
TCGA-V1-A8MF-01A-11R-A36G-07,0.7902081061814141,1
TCGA-G9-6361-01A-21R-1965-07,0.7572212784914576,1
TCGA-L5-A8NH-01A-11R-A37I-31,0.7969027040463866,0
TCGA-LN-A49P-01A-11R-A24K-31,0.902639661778871,1
TCGA-E2-A14V-01A-11R-A12D-07,0.8619439052055469,1
TCGA-49-AAR4-01A-12R-A41B-07,0.6344930526497868,1
TCGA-IB-7885-01A-11R-2156-07,0.8940857782768953,0
TCGA-D8-A1XQ-01A-11R-A14M-07,0.944845435294247,1
TCGA-AA-3872-01A-01R-1022-07,0.6788428357272003,0
TCGA-85-8070-01A-11R-2247-07,0.6893968770401913,1
TCGA-HI-7169-01A-11R-2118-07,0.6192823752495752,1
TCGA-HC-8213-01A-11R-A29R-07,0.42461102043512566,0
TCGA-CH-5754-01A-11R-1580-07,0.8551463305359426,1
TCGA-2A-A8W1-01A-11R-A37L-07,0.6544448209543935,1
TCGA-AA-3527-01A-01R-0821-07,0.2776458277475922,1
TCGA-G7-6797-01A-11R-1965-07,0.7795395106160288,1
TCGA-05-4403-01A-01R-1206-07,0.5948163570952025,1
TCGA-EW-A1IW-01A-11R-A13Q-07,0.7400974536152736,1
TCGA-ZG-A9L0-01A-11R-A41O-07,0.853416773028155,1
TCGA-56-8624-01A-11R-2403-07,0.7843193412769348,1
TCGA-D8-A1J8-01A-11R-A13Q-07,0.5891318289219374,1
TCGA-JY-A6FH-01A-11R-A336-31,0.8720269354997583,1
TCGA-09-0366-01A-01R-1564-13,0.7789444552649156,1
TCGA-A7-A6VV-01A-22R-A33J-07,0.9180069459522269,1
TCGA-L5-A4OG-01A-11R-A260-31,0.7940826888535234,1
TCGA-EJ-A65G-01A-21R-A29R-07,0.2314198443367345,1
TCGA-T9-A92H-01A-11R-A37K-07,0.634321223378703,1
TCGA-AA-3685-01A-02R-A32Z-07,0.4351814220591031,1
TCGA-BP-4993-01A-02R-1420-07,0.23504502462308308,1
TCGA-B0-5690-01A-11R-1541-07,0.2496580646642525,1
TCGA-G3-AAV6-01A-21R-A37K-07,0.5877169117529777,1
TCGA-13-1505-01A-01R-1565-13,0.7495552193083312,1
TCGA-LD-A9QF-01A-32R-A41B-07,0.8778480703758206,1
TCGA-AA-3710-01A-01R-1022-07,0.603759695997679,1
TCGA-85-7950-01A-11R-2187-07,0.7033366338048775,1
TCGA-A8-A07L-01A-11R-A00Z-07,0.8880766077381494,1
TCGA-55-A492-01A-11R-A24H-07,0.7665687096713676,0
TCGA-AZ-5403-01A-01R-1653-07,0.4728953417619651,1
TCGA-69-7765-01A-11R-2170-07,0.6849211483104536,1
TCGA-IB-8127-01A-11R-2404-07,0.889854888593996,1
TCGA-E2-A1IJ-01A-11R-A144-07,0.6904498865484634,0
TCGA-YL-A9WK-01A-11R-A37L-07,0.7062968502194088,1
TCGA-A8-A09D-01A-11R-A00Z-07,0.8855086868370763,1
TCGA-DD-AADA-01A-11R-A41C-07,0.5163014003147899,1
TCGA-CH-5763-01A-11R-1580-07,0.46820424615396566,1
TCGA-CZ-4865-01A-02R-1503-07,0.6568392763626932,1
TCGA-BC-A10Z-01A-11R-A131-07,0.5186841924774023,1
TCGA-EB-A44P-01A-11R-A266-07,0.5089218124402838,0
TCGA-CC-A3MA-01A-11R-A213-07,0.8285041003207753,1
TCGA-AA-3673-01A-01R-0905-07,0.5495492986523626,1
TCGA-CZ-5982-01A-11R-1672-07,0.34143933927010645,1
TCGA-56-7223-01A-11R-2045-07,0.6688405213812821,1
TCGA-EB-A41A-01A-11R-A24X-07,0.5190991906850955,0
TCGA-IB-AAUS-01A-12R-A38C-07,0.7667896080528704,0
TCGA-B0-4828-01A-01R-1277-07,0.5378250055315059,1
TCGA-92-8065-01A-11R-2247-07,0.7956592712398805,1
TCGA-98-A53H-01A-12R-A262-07,0.5534025099636517,1
TCGA-05-4397-01A-01R-1206-07,0.8978139112537098,1
TCGA-HC-A6AO-01A-11R-A30B-07,0.6777551449115277,1
TCGA-E2-A108-01A-13R-A10J-07,0.668783893526699,1
TCGA-23-1107-01A-01R-1564-13,0.7364003117209035,1
TCGA-IA-A40X-01A-11R-A24Z-07,0.7125435605304752,1
TCGA-B4-5838-01A-11R-1672-07,0.5967296945386087,1
TCGA-24-1603-01A-01R-1566-13,0.7112572477245462,0
TCGA-R6-A6L4-01A-11R-A31P-31,0.8666470664365571,1
TCGA-B6-A0IE-01A-11R-A034-07,0.856596502599469,1
TCGA-04-1517-01A-01R-1565-13,0.7962760612023952,1
TCGA-LA-A446-01A-21R-A24Z-07,0.44140852559627486,0
TCGA-C8-A1HF-01A-11R-A137-07,0.8506245001110979,1
TCGA-MP-A4TH-01A-31R-A262-07,0.629306046896505,1
TCGA-AA-3848-01A-01R-0905-07,0.2776346137564606,0
TCGA-KV-A6GE-01A-11R-A31O-07,0.19195839427040728,1
TCGA-CC-A5UC-01A-11R-A28V-07,0.49385501581651464,1
TCGA-96-7544-01A-11R-2045-07,0.637796750356783,0
TCGA-B6-A0X1-01A-11R-A109-07,0.929854711924801,1
TCGA-AA-3553-01A-01R-0821-07,0.4566353993814701,0
TCGA-HC-7818-01A-11R-2118-07,0.5422985562787221,1
TCGA-DD-AADL-01A-11R-A41C-07,0.3148012943726458,1
TCGA-78-7542-01A-21R-2066-07,0.8825283201896152,1
TCGA-E2-A1B5-01A-21R-A12P-07,0.8656183729012557,1
TCGA-A6-2684-01A-01R-1410-07,0.4337242935058227,1
TCGA-BH-A1FD-01A-11R-A13Q-07,0.9170222719405853,1
TCGA-G9-6496-01A-11R-1789-07,0.765448501275183,1
TCGA-EJ-8468-01A-21R-2403-07,0.5556363013508712,1
TCGA-AR-A1AS-01A-11R-A12P-07,0.7881791717329026,0
TCGA-86-8674-01A-21R-2403-07,0.7694623645451767,1
TCGA-DD-A4NS-01A-11R-A311-07,0.6884757464280197,1
TCGA-BP-5170-01A-01R-1426-07,0.5537673571905084,1
TCGA-A8-A06P-01A-11R-A00Z-07,0.7539709913318836,1
TCGA-B0-4697-01A-01R-1277-07,0.5731137899337991,1
TCGA-33-6737-01A-11R-1820-07,0.7759203138624335,1
TCGA-85-A512-01A-11R-A26W-07,0.6917692993501642,1
TCGA-55-8511-01A-11R-2403-07,0.8653074381586788,1
TCGA-VP-A878-01A-31R-A352-07,0.6501176909887948,0
TCGA-BH-A0DZ-01A-11R-A00Z-07,0.8865602821660461,1
TCGA-D5-6931-01A-11R-1928-07,0.5706893914083668,0
TCGA-50-5044-01A-21R-1858-07,0.8420016788363697,0
TCGA-A2-A4RY-01A-31R-A266-07,0.4706972772642455,1
TCGA-EJ-7331-01A-11R-2118-07,0.30961993344219635,1
TCGA-CZ-4864-01A-01R-1503-07,0.2777509728024061,1
TCGA-4A-A93W-01A-11R-A37K-07,0.48797997133949067,1
TCGA-AA-3655-01A-02R-1723-07,0.746039599863207,0
TCGA-CM-6678-01A-11R-1839-07,0.6363234256236421,1
TCGA-AA-A02J-01A-01R-A00A-07,0.4342532570283598,1
TCGA-DD-AAVR-01A-11R-A41C-07,0.43182412192712377,0
TCGA-23-1123-01A-01R-1565-13,0.7278231136375174,1
TCGA-L5-A43H-01A-11R-A24K-31,0.8811858875650652,1
TCGA-EJ-7791-01A-11R-2118-07,0.3335997077810778,1
TCGA-B6-A0RO-01A-22R-A084-07,0.8762040706355169,0
TCGA-96-8169-01A-11R-2296-07,0.546156347349733,1
TCGA-E2-A10E-01A-21R-A10J-07,0.714340929187487,1
TCGA-EJ-5518-01A-01R-1580-07,0.7909902370043441,1
TCGA-5P-A9K0-01A-11R-A42S-07,0.6294780947182625,1
TCGA-AO-A0JM-01A-21R-A056-07,0.8748062916794049,1
TCGA-56-6545-01A-11R-1820-07,0.5756321893145154,1
TCGA-CJ-4643-01A-02R-1325-07,0.1320809791493495,0
TCGA-DZ-6135-01A-11R-1965-07,0.700856970335964,0
TCGA-QU-A6IN-01A-11R-A31N-07,0.4528028716165721,1
TCGA-EW-A1P6-01A-11R-A144-07,0.7712450467938899,1
TCGA-BH-A0E6-01A-11R-A034-07,0.9245086005173018,1
TCGA-04-1347-01A-01R-1564-13,0.6873000289856115,0
TCGA-NH-A6GB-01A-11R-A37K-07,0.6406434407778854,1
TCGA-50-5072-01A-21R-1858-07,0.7742583550977529,1
TCGA-O2-A52Q-01A-11R-A26W-07,0.5547059990344433,1
TCGA-AC-A23C-01A-12R-A169-07,0.7950619194170236,1
TCGA-TP-A8TV-01A-11R-A41O-07,0.6226925744273127,0
TCGA-63-A5MN-01A-22R-A27Q-07,0.5152289625369304,0
TCGA-OL-A5D6-01A-21R-A27Q-07,0.8646125776370025,1
TCGA-55-8097-01A-11R-2241-07,0.7781291039798853,0
TCGA-EW-A1OX-01A-11R-A144-07,0.8561238633514553,1
TCGA-13-0804-01A-01R-1564-13,0.699688472972472,1
TCGA-A2-A25D-01A-12R-A16F-07,0.9100598030676079,1
TCGA-24-1549-01A-01R-1566-13,0.828781700564565,1
TCGA-XK-AAJR-01A-11R-A41O-07,0.6257621511977889,1
TCGA-CW-5588-01A-01R-1541-07,0.5443913184795409,1
TCGA-SX-A71V-01A-11R-A33Z-07,0.44522436119284203,1
TCGA-BQ-7049-01A-11R-1965-07,0.8111642084102467,1
TCGA-BQ-5876-01A-11R-1592-07,0.8848051915427705,0
TCGA-B6-A0IJ-01A-11R-A034-07,0.9190838393954587,1
TCGA-55-A491-01A-11R-A24H-07,0.8775397231749575,1
TCGA-E2-A1L9-01A-11R-A13Q-07,0.6607097302651155,1
TCGA-44-8117-01A-11R-2241-07,0.8607556743171958,1
TCGA-JY-A93D-01A-11R-A38D-31,0.6265815499568137,1
TCGA-AO-A0J3-01A-11R-A034-07,0.8438073061174972,0
TCGA-A3-A8OU-01A-11R-A37O-07,0.4698989927661466,0
TCGA-63-A5M9-01A-11R-A26W-07,0.5575086197469312,1
TCGA-86-8585-01A-11R-2403-07,0.8523783857756484,0
TCGA-13-0762-01A-01R-1564-13,0.7700699228320272,1
TCGA-KK-A7B4-01A-11R-A32O-07,0.7498704138350802,0
TCGA-MP-A4SV-01A-11R-A24X-07,0.7785100385074423,0
TCGA-LD-A7W5-01A-22R-A352-07,0.8940824269230483,0
TCGA-IZ-A6M8-01A-11R-A31O-07,0.32044753111362695,0
TCGA-CW-5585-01A-01R-1541-07,0.4930335219043658,1
TCGA-BH-A0B2-01A-11R-A10J-07,0.7670548282886125,1
TCGA-AC-A2FK-01A-12R-A180-07,0.5316402756917267,1
TCGA-ER-A19K-01A-21R-A18T-07,0.42484824238243873,0
TCGA-DD-A4NR-01A-11R-A311-07,0.5680986291820957,0
TCGA-D8-A27T-01A-11R-A16F-07,0.7192794238290964,1
TCGA-96-7545-01A-21R-2045-07,0.5381014291889648,1
TCGA-21-1081-01A-01R-0692-07,0.6737013481236848,1
TCGA-AR-A2LL-01A-11R-A180-07,0.8372146744750076,1
TCGA-J4-A83M-01A-11R-A352-07,0.5039420816511755,1
TCGA-DD-AADF-01A-11R-A41C-07,0.34728020719230873,1
TCGA-B4-5377-01A-01R-1503-07,0.3768774983687995,1
TCGA-B8-5158-01A-01R-1420-07,0.6176148389634062,1
TCGA-25-1326-01A-01R-1565-13,0.8165907224225407,1
TCGA-DD-A1EB-01A-11R-A131-07,0.4714023484475187,1
TCGA-63-A5MJ-01A-11R-A27Q-07,0.6508393259124372,1
TCGA-B9-4115-01A-01R-1193-07,0.7102740530969912,1
TCGA-B8-4619-01A-02R-1325-07,0.8259402537280569,1
TCGA-AA-3554-01A-01R-0826-07,0.5313303474258163,0
TCGA-2Y-A9H3-01A-11R-A38B-07,0.4143726798384642,1
TCGA-55-7728-01A-11R-2187-07,0.6228590665413959,1
TCGA-BP-5181-01A-01R-1426-07,0.372470478983598,1
TCGA-DM-A1D8-01A-11R-A155-07,0.7494148591462215,1
TCGA-SX-A71S-01A-11R-A33Z-07,0.4423773278688887,1
TCGA-D8-A1XF-01A-11R-A14D-07,0.8845383180516115,1
TCGA-24-1474-01A-01R-1566-13,0.7979821143033219,1
TCGA-KC-A4BN-01A-61R-A250-07,0.33960457818253664,1
TCGA-A3-3328-01A-01R-0864-07,0.8928603756361453,0
TCGA-HN-A2OB-01A-21R-A27Q-07,0.5101351319202777,1
TCGA-29-1698-01A-01R-1567-13,0.8134071792970413,0
TCGA-20-1686-01A-01R-1566-13,0.8806452066985309,1
TCGA-50-5939-01A-11R-1628-07,0.8545746080257836,1
TCGA-A7-A3J1-01A-11R-A213-07,0.7805976834233078,1
TCGA-36-1570-01A-01R-1566-13,0.8081512395067506,1
TCGA-AA-3521-01A-01R-0821-07,0.5981925662898815,1
TCGA-FC-7708-01A-11R-2118-07,0.5120904869950856,0
TCGA-VG-A8LO-01A-11R-A406-31,0.7307586060365966,1
TCGA-NK-A5CX-01A-11R-A26W-07,0.4463517409680267,1
TCGA-OL-A97C-01A-32R-A41B-07,0.9377212090241447,1
TCGA-E2-A158-01A-11R-A12D-07,0.9477247533740377,1
TCGA-HC-8256-01A-11R-2263-07,0.43984667234262287,1
TCGA-A7-A0CE-01A-11R-A00Z-07,0.9372870846551814,1
TCGA-AR-A1AL-01A-21R-A12P-07,0.4208115115414937,1
TCGA-E2-A3DX-01A-21R-A213-07,0.7265019480497712,1
TCGA-A2-A3XT-01A-11R-A22U-07,0.9464707406583521,0
TCGA-50-8457-01A-11R-2326-07,0.6978329617644329,1
TCGA-LL-A6FQ-01A-11R-A31O-07,0.5960948122974673,1
TCGA-2H-A9GK-01A-11R-A37I-31,0.8103307835379643,1
TCGA-G3-A5SM-01A-12R-A28V-07,0.3601595289177178,1
TCGA-AR-A1AX-01A-11R-A12P-07,0.7873406339199696,1
TCGA-A2-A4S3-01A-21R-A266-07,0.8983400739889749,1
TCGA-21-A5DI-01A-31R-A26W-07,0.42785967307430733,1
TCGA-24-0966-01A-01R-1564-13,0.598909576732659,0
TCGA-BH-A0H7-01A-13R-A056-07,0.8741368716743563,1
TCGA-97-7554-01A-11R-2039-07,0.8102791534018773,1
TCGA-IB-7886-01A-11R-2156-07,0.9086362828013449,1
TCGA-61-1728-01A-01R-1568-13,0.7331336267490078,1
TCGA-GM-A5PX-01A-12R-A28M-07,0.7169694586131862,1
TCGA-EJ-5494-01A-01R-1580-07,0.8311600534978952,1
TCGA-AZ-6605-01A-11R-1839-07,0.6165061680174404,1
TCGA-GL-A9DE-01A-11R-A37K-07,0.6738151618838788,0
TCGA-Y8-A895-01A-11R-A36F-07,0.4688554216616753,0
TCGA-55-8206-01A-11R-2241-07,0.6640056307694969,0
TCGA-85-8584-01A-11R-2403-07,0.7731304428399118,1
TCGA-AZ-4313-01A-01R-1410-07,0.3494952829014422,1
TCGA-EJ-AB20-01A-12R-A41O-07,0.6980523687998913,0
TCGA-43-8116-01A-11R-2247-07,0.5474220601557039,0
TCGA-97-7553-01A-21R-2039-07,0.6196698251407607,1
TCGA-VP-A87B-01A-11R-A352-07,0.5560768811087877,1
TCGA-BH-A0BA-01A-11R-A056-07,0.7861142455720282,1
TCGA-A3-3349-01A-01R-1188-07,0.18272861570574633,0
TCGA-EW-A1OW-01A-21R-A144-07,0.8783673275034353,0
TCGA-L5-A8NW-01A-11R-A37I-31,0.7791719223552845,1
TCGA-EJ-A65M-01A-11R-A29R-07,0.3519877218248764,1
TCGA-E2-A15P-01A-11R-A115-07,0.7896513803012174,1
TCGA-A8-A09G-01A-21R-A00Z-07,0.8735476006817152,1
TCGA-MN-A4N5-01A-11R-A24X-07,0.8282538502725845,0
TCGA-A2-A0YG-01A-21R-A109-07,0.8360479497199558,1
TCGA-BH-A1EY-01A-11R-A13Q-07,0.918358030308055,1
TCGA-CC-A9FU-01A-11R-A37K-07,0.4981633072241902,1
TCGA-A3-3335-01A-01R-0864-07,0.7145345422970635,1
TCGA-78-7154-01A-11R-2039-07,0.8971834689121965,1
TCGA-69-8255-01A-11R-2287-07,0.876430175313642,1
TCGA-EJ-5502-01A-01R-1580-07,0.4963205379861166,0
TCGA-AO-A03P-01A-11R-A00Z-07,0.8862453465846413,1
TCGA-22-5478-01A-01R-1635-07,0.700055350717009,1
TCGA-AA-3858-01A-01R-0905-07,0.564366954939995,0
TCGA-HZ-8317-01A-11R-2404-07,0.94896058024643,1
TCGA-AQ-A1H2-01A-11R-A13Q-07,0.8719187054405299,1
TCGA-LN-A49R-01A-11R-A24K-31,0.8798772205406693,1
TCGA-24-1464-01A-01R-1566-13,0.7527299690704029,1
TCGA-G3-A5SL-01A-11R-A27V-07,0.23891262325501098,0
TCGA-VR-AA7B-01A-31R-A406-31,0.8856032495295153,1
TCGA-AC-A3QQ-01B-06R-A22O-07,0.7739104320837724,1
TCGA-AR-A24N-01A-11R-A169-07,0.8319919213026287,1
TCGA-D5-6531-01A-11R-1723-07,0.7588836499430451,1
TCGA-E9-A244-01A-11R-A169-07,0.9122846431984472,1
TCGA-B0-4852-01A-01R-1503-07,0.3701948562588645,1
TCGA-DD-AAW0-01A-11R-A41C-07,0.2831221431939737,1
TCGA-55-8506-01A-11R-2403-07,0.8489201943065129,1
TCGA-B9-5156-01A-01R-1592-07,0.6663494394362846,1
TCGA-D8-A27F-01A-11R-A16F-07,0.9198535736524966,1
TCGA-B4-5832-01A-11R-1672-07,0.6005631832732035,0
TCGA-CM-5341-01A-01R-1410-07,0.4834227401990509,1
TCGA-91-6831-01A-11R-1858-07,0.8311941850413415,0
TCGA-EJ-5526-01A-01R-1580-07,0.4398707624692834,1
TCGA-VP-A876-01A-11R-A352-07,0.5609307370247533,1
TCGA-E2-A576-01A-11R-A31O-07,0.6516989869351161,1
TCGA-J4-AATV-01A-11R-A41O-07,0.47209700942745875,0
TCGA-RC-A7SK-01A-11R-A352-07,0.3246581588547298,1
TCGA-BH-A1F2-01A-31R-A13Q-07,0.7320930153383974,0
TCGA-E2-A1BD-01A-11R-A12P-07,0.7065087167136544,1
TCGA-B8-5551-01A-01R-1541-07,0.6514664089775353,0
TCGA-49-AAR2-01A-11R-A39D-07,0.8041294602593884,0
TCGA-A1-A0SE-01A-11R-A084-07,0.7025984414097254,1
TCGA-D5-6534-01A-21R-1928-07,0.7399703218257141,1
TCGA-A7-A426-01A-22R-A24H-07,0.508408751033203,1
TCGA-56-8503-01A-11R-2403-07,0.4111086902915595,1
TCGA-B1-A654-01A-11R-A31O-07,0.3517239274267176,1
TCGA-AA-A029-01A-01R-A00A-07,0.5258024495149507,1
TCGA-D8-A27K-01A-11R-A16F-07,0.46342061090050934,1
TCGA-BP-4991-01A-01R-1334-07,0.24706399099768145,1
TCGA-24-1428-01A-01R-1564-13,0.7834295505597156,1
TCGA-10-0928-01A-02R-1564-13,0.7971633019715295,1
TCGA-M7-A71Y-01A-22R-A32O-07,0.5595771913975661,1
TCGA-G4-6299-01A-11R-1774-07,0.8948424209439048,1
TCGA-AK-3453-01A-02R-1277-07,0.5603510304524123,1
TCGA-E9-A247-01A-11R-A169-07,0.8859481732293479,1
TCGA-5P-A9K3-01A-11R-A42S-07,0.8616641483825483,1
TCGA-DD-A1EI-01A-11R-A131-07,0.4905491683509925,1
TCGA-B0-4823-01A-02R-1420-07,0.26132524382976,1
TCGA-A2-A0CL-01A-11R-A115-07,0.8875553074847617,1
TCGA-VN-A88O-01A-11R-A352-07,0.49685610152395304,1
TCGA-A6-3810-01A-01R-1022-07,0.6979243926662643,1
TCGA-60-2724-01A-01R-0851-07,0.6440487806491185,1
TCGA-B3-3925-01A-02R-1351-07,0.5363813059456658,1
TCGA-G3-A7M8-01A-11R-A33R-07,0.387955488737981,1
TCGA-AR-A5QP-01A-11R-A28M-07,0.7913935552438403,1
TCGA-CH-5767-01A-11R-1789-07,0.6175308094553922,1
TCGA-AR-A24S-01A-11R-A169-07,0.7619999490255089,0
TCGA-BH-A1FE-01A-11R-A13Q-07,0.5859237327321167,0
TCGA-EJ-7782-01A-11R-2118-07,0.7979856743542683,1
TCGA-55-8094-01A-11R-2241-07,0.9068296195842506,0
TCGA-77-8145-01A-11R-2247-07,0.5723925061993541,1
TCGA-AA-3851-01A-01R-1022-07,0.5560707842987809,1
TCGA-L5-A8NI-01A-11R-A37I-31,0.8607654973156738,1
TCGA-2J-AABP-01A-11R-A41B-07,0.966119623195834,1
TCGA-AC-A3YJ-01A-11R-A22U-07,0.802881261141753,1
TCGA-25-1877-01A-01R-1567-13,0.7622554072291287,1
TCGA-AR-A2LE-01A-11R-A180-07,0.9073647092581716,0
TCGA-B0-4847-01A-01R-1277-07,0.34831403319918514,1
TCGA-BH-A0E1-01A-11R-A056-07,0.8582735314751068,1
TCGA-21-5784-01A-01R-1635-07,0.46315016192726033,0
TCGA-KK-A7AQ-01A-11R-A33R-07,0.4697005942871694,1
TCGA-DD-AAE3-01A-11R-A41C-07,0.46398423385992704,1
TCGA-93-A4JQ-01A-11R-A24X-07,0.7391691104092198,1
TCGA-AC-A3TN-01A-11R-A22K-07,0.5459646124172239,1
TCGA-VR-A8Q7-01A-11R-A37I-31,0.8725692285160154,1
TCGA-HC-8259-01A-11R-2263-07,0.4209587067909307,1
TCGA-AO-A12A-01A-21R-A115-07,0.619911101475059,0
TCGA-66-2742-01A-01R-0980-07,0.6156514812736427,1
TCGA-KC-A4BV-01A-31R-A26U-07,0.7418906065590366,1
TCGA-Y8-A8S0-01A-11R-A37K-07,0.32204352013957943,1
TCGA-YL-A8SF-01A-11R-A37L-07,0.7593549534142251,1
TCGA-24-1567-01A-01R-1566-13,0.8591624899015263,1
TCGA-BH-A0H6-01A-21R-A056-07,0.8062663199296506,0
TCGA-BP-5186-01A-01R-1426-07,0.2355184585628751,1
TCGA-B0-4699-01A-01R-1277-07,0.8572015063574578,1
TCGA-OY-A56Q-01A-11R-A406-31,0.8063633940091733,1
TCGA-B0-4836-01A-01R-1305-07,0.5744885059519337,1
TCGA-HZ-A49I-01A-12R-A26U-07,0.8614643761692495,1
TCGA-J7-8537-01A-11R-2404-07,0.9360636804616127,0
TCGA-SX-A7SS-01A-11R-A36F-07,0.6346271257122813,1
TCGA-CM-6161-01A-11R-1653-07,0.7777255300359945,1
TCGA-66-2753-01A-01R-0980-07,0.5992715845318102,1
TCGA-A3-3343-01A-01R-0864-07,0.34186728299320335,1
TCGA-24-1930-01A-01R-1567-13,0.7891745262944759,1
TCGA-A2-A0T7-01A-21R-A084-07,0.7500183469464945,1
TCGA-75-6203-01A-11R-1755-07,0.6130965094314126,1
TCGA-CZ-5989-01A-11R-1672-07,0.47802094979797544,1
TCGA-DD-AAVP-01A-11R-A41C-07,0.5625412967494481,0
TCGA-MH-A562-01A-11R-A26U-07,0.2652478411327943,0
TCGA-AC-A2FE-01A-11R-A19W-07,0.835444707759449,1
TCGA-ZG-A8QZ-01A-11R-A37L-07,0.6413901668162172,1
TCGA-B8-A54J-01A-11R-A33J-07,0.2392508383146416,0
TCGA-CM-6675-01A-11R-1839-07,0.8628126501382514,0
TCGA-A2-A0D1-01A-11R-A034-07,0.9100444124944141,1
TCGA-UZ-A9PZ-01A-11R-A42S-07,0.34227710004663964,0
TCGA-LN-A9FR-01A-11R-A38D-31,0.8534826756199291,1
TCGA-CZ-5458-01A-01R-1503-07,0.4747008439090938,1
TCGA-IB-A5SQ-01A-11R-A32O-07,0.9026537159050237,1
TCGA-EB-A1NK-01A-11R-A18T-07,0.47496569532345934,1
TCGA-BF-A1PX-01A-12R-A18T-07,0.6521517685462729,1
TCGA-MH-A855-01A-11R-A355-07,0.6239185563286563,1
TCGA-DZ-6131-01A-11R-1965-07,0.9219434442043587,1
TCGA-CJ-4875-01A-01R-1305-07,0.35174604967591716,1
TCGA-BP-4787-01A-01R-1305-07,0.6192152144993665,1
TCGA-X4-A8KQ-01A-12R-A36G-07,0.6848861433580251,1
TCGA-CZ-4862-01A-01R-1305-07,0.38821017184045115,1
TCGA-E2-A14Y-01A-21R-A12D-07,0.8987673144986008,1
TCGA-B0-5100-01A-01R-1420-07,0.5623866153669929,0
TCGA-EB-A42Y-01A-12R-A24X-07,0.7151725676500077,1
TCGA-25-2399-01A-01R-1569-13,0.7759884651152693,1
TCGA-EB-A42Z-01A-12R-A24X-07,0.4705058565241255,1
TCGA-66-2755-01A-01R-0851-07,0.5864563098313325,1
TCGA-A6-2677-01B-02R-A277-07,0.3779697440886505,1
TCGA-25-2400-01A-01R-1569-13,0.7834195669128419,0
TCGA-O2-A52S-01A-11R-A262-07,0.669847362586317,1
TCGA-09-2054-01A-01R-1568-13,0.7930167794195591,1
TCGA-BC-A10Y-01A-11R-A131-07,0.3467163067450355,1
TCGA-22-5481-01A-31R-1949-07,0.7700672739127757,1
TCGA-A2-A0D3-01A-11R-A115-07,0.7674528625048129,1
TCGA-55-8505-01A-11R-2403-07,0.7484512982171608,1
TCGA-CJ-4636-01A-02R-1325-07,0.5369739779755064,1
TCGA-13-0797-01A-01R-1564-13,0.7579381354149777,1
TCGA-AA-A03J-01A-21R-A16W-07,0.2799741109378783,0
TCGA-VP-A872-01A-11R-A352-07,0.8137429829597174,1
TCGA-XR-A8TF-01A-11R-A36F-07,0.4726313884988063,1
TCGA-EP-A2KA-01A-11R-A180-07,0.6674500112879376,1
TCGA-25-1314-01A-01R-1565-13,0.8165532382960351,1
TCGA-64-5778-01A-01R-1628-07,0.6683037239904556,1
TCGA-04-1356-01A-01R-1569-13,0.8283433847845804,1
TCGA-46-3766-01A-01R-0980-07,0.3683007668647725,0
TCGA-78-7535-01A-11R-2066-07,0.7855726135520249,1
TCGA-HZ-7919-01A-11R-2156-07,0.8723149007922589,1
TCGA-DW-7841-01A-11R-A32Z-07,0.6217533715275593,1
TCGA-AA-3538-01A-01R-0821-07,0.5576619218321149,1
TCGA-ZG-A9L5-01A-12R-A41O-07,0.8714933770566388,0
TCGA-DD-A39Z-01A-11R-A213-07,0.39748084496302644,1
TCGA-GM-A3NY-01A-11R-A21T-07,0.8003682103327484,1
TCGA-S4-A8RO-01A-12R-A37L-07,0.9568390499924635,1
TCGA-E2-A573-01A-11R-A29R-07,0.9010121829889928,1
TCGA-G3-A3CG-01A-11R-A213-07,0.3475499892540933,1
TCGA-PL-A8LZ-01A-31R-A36F-07,0.9050793394440387,1
TCGA-39-5011-01A-01R-1443-07,0.704280309050938,1
TCGA-G3-AAV5-01A-11R-A37K-07,0.39116203466264654,1
TCGA-A3-3313-01A-02R-1325-07,0.7807310163660653,0
TCGA-UZ-A9PR-01A-11R-A42S-07,0.43988624639655277,1
TCGA-BQ-5887-01A-11R-1965-07,0.9082406726263133,1
TCGA-49-AARQ-01A-11R-A41B-07,0.8386521600780321,1
TCGA-AA-3488-01A-01R-1410-07,0.34689877482768355,1
TCGA-S3-AA0Z-01A-11R-A41B-07,0.9319572147169313,0
TCGA-FB-A78T-01A-12R-A32O-07,0.89835346700242,1
TCGA-09-1659-01B-01R-1564-13,0.6153573815062121,1
TCGA-55-8096-01A-11R-2241-07,0.8220168029730701,1
TCGA-DD-AACQ-01A-11R-A41C-07,0.45554069387253626,1
TCGA-CC-5260-01A-01R-A131-07,0.7382804067850125,1
TCGA-E2-A14S-01A-11R-A12D-07,0.8683214262589588,1
TCGA-B6-A0WT-01A-11R-A109-07,0.7613766499018585,1
TCGA-BQ-7048-01A-11R-1965-07,0.8547493053823386,0
TCGA-56-A62T-01A-11R-A405-07,0.6691725785149913,0
TCGA-EB-A3XD-01A-22R-A239-07,0.7312549468592928,1
TCGA-DD-AACZ-01A-11R-A41C-07,0.6232520075475636,1
TCGA-CC-A1HT-01A-11R-A131-07,0.7234962484725801,1
TCGA-B2-5633-01A-01R-1541-07,0.34314525436070153,0
TCGA-D5-5541-01A-01R-1653-07,0.5840268744533434,1
TCGA-BC-A217-01A-11R-A155-07,0.539536526812327,1
TCGA-E2-A106-01A-11R-A10J-07,0.8654410474145149,0
TCGA-A2-A0D4-01A-11R-A00Z-07,0.873378672020272,1
TCGA-BP-4768-01A-01R-1289-07,0.5630595573423133,1
TCGA-HC-7750-01A-11R-2118-07,0.3037638890489645,1
TCGA-C8-A1HI-01A-11R-A137-07,0.8253461627686351,1
TCGA-64-5815-01A-01R-1628-07,0.6728693902891657,1
TCGA-EW-A1P5-01A-11R-A144-07,0.8444551245472036,1
TCGA-DD-AADK-01A-11R-A41C-07,0.3582454609578007,1
TCGA-BP-4174-01A-02R-1289-07,0.5890652650320494,1
TCGA-22-5482-01A-01R-1635-07,0.4204082560912805,1
TCGA-CA-5256-01A-01R-1410-07,0.5022820414670578,0
TCGA-36-1571-01A-01R-1566-13,0.7338122955618075,1
TCGA-13-0714-01A-01R-1564-13,0.7540033846635694,0
TCGA-97-8172-01A-11R-2287-07,0.7058454513831207,1
TCGA-ZG-A9L9-01A-11R-A41O-07,0.7945296848629397,1
TCGA-E2-A159-01A-11R-A115-07,0.8730083853664639,1
TCGA-BP-5187-01A-01R-1426-07,0.5110663019320683,1
TCGA-DZ-6132-01A-11R-1965-07,0.8203109520229016,1
TCGA-A6-6649-01A-11R-1774-07,0.7494770626301415,1
TCGA-60-2722-01A-01R-0851-07,0.5407540878209072,0
TCGA-24-2033-01A-01R-1568-13,0.7725939229283636,1
TCGA-CH-5739-01A-11R-1580-07,0.6055874608123761,0
TCGA-EJ-A6RC-01A-11R-A32O-07,0.28664188700243237,1
TCGA-V5-AASW-01A-11R-A406-31,0.8646325994759524,0
TCGA-86-8280-01A-11R-2287-07,0.6882728824495141,0
TCGA-73-7499-01A-11R-2187-07,0.7923174542972784,1
TCGA-DM-A1DA-01A-11R-A155-07,0.6653871029186493,1
TCGA-ED-A7XO-01A-11R-A352-07,0.39813718003116516,1
TCGA-35-4123-01A-01R-1107-07,0.679231816219334,0
TCGA-CJ-4639-01A-02R-1325-07,0.2565624335322916,1
TCGA-35-4122-01A-01R-1107-07,0.5722680297972556,0
TCGA-AC-A7VC-01A-11R-A352-07,0.9455168837757582,0
TCGA-A8-A08X-01A-21R-A00Z-07,0.9253456059682846,0
TCGA-XK-AAIR-01A-11R-A41O-07,0.615561706124606,1
TCGA-BH-A0B3-01A-11R-A056-07,0.9140416609761639,1
TCGA-BH-A1EV-01A-11R-A137-07,0.8678297556455535,1
TCGA-AA-3982-01A-02R-1022-07,0.5563420172701738,1
TCGA-86-6562-01A-11R-1755-07,0.7697844540240819,1
TCGA-EJ-5496-01A-01R-1580-07,0.31254595832811793,1
TCGA-B6-A400-01A-11R-A239-07,0.9351314657696604,0
TCGA-BF-A5ES-01A-11R-A27Q-07,0.32834945888566397,1
TCGA-F4-6854-01A-11R-1928-07,0.5307811518458685,1
TCGA-10-0938-01A-02R-1564-13,0.7996485566965583,0
TCGA-D8-A1XW-01A-11R-A14M-07,0.910461872609232,1
TCGA-55-8089-01A-11R-2241-07,0.8203990787648707,1
TCGA-43-3920-01A-01R-0980-07,0.4838423443755706,0
TCGA-AA-3660-01A-01R-1723-07,0.6522750406448745,1
TCGA-24-0970-01B-01R-1565-13,0.7845626617119106,0
TCGA-24-2298-01A-01R-1569-13,0.8035063633431789,1
TCGA-EJ-A46G-01A-31R-A26U-07,0.884941019935976,0
TCGA-A8-A093-01A-11R-A00Z-07,0.7670839322785877,1
TCGA-A7-A26I-01B-06R-A22O-07,0.9010174438081476,1
TCGA-24-1842-01A-01R-1567-13,0.7805181855617843,1
TCGA-LB-A8F3-01A-11R-A36G-07,0.9565130538202451,1
TCGA-95-7567-01A-11R-2066-07,0.8662461627538495,1
TCGA-BH-A0EE-01A-11R-A034-07,0.9340991434452545,1
TCGA-55-7911-01A-11R-2170-07,0.833961500838456,1
TCGA-B2-5641-01A-01R-1541-07,0.4958896806115216,0
TCGA-CH-5790-01A-11R-1580-07,0.5814053267676547,1
TCGA-90-7766-01A-21R-2125-07,0.6617206697972567,1
TCGA-AA-3818-01A-01R-0905-07,0.482267040638898,0
TCGA-NC-A5HL-01A-11R-A26W-07,0.6202016427100423,1
TCGA-23-1120-01A-02R-1565-13,0.7864636275958112,1
TCGA-A8-A06N-01A-11R-A00Z-07,0.8331672572799541,0
TCGA-24-1427-01A-01R-1565-13,0.7891772359886696,1
TCGA-DM-A285-01A-11R-A16W-07,0.8578396761656889,0
TCGA-B6-A0RP-01A-21R-A084-07,0.6982599398440162,1
TCGA-77-8130-01A-11R-2247-07,0.4828670897579407,1
TCGA-85-7843-01A-11R-2125-07,0.6501049272780923,0
TCGA-22-1002-01A-01R-0692-07,0.7385841932021894,1
TCGA-L5-A4OU-01A-11R-A28J-31,0.8006324544590664,1
TCGA-44-3918-01B-02R-A277-07,0.5646423654767886,1
TCGA-EJ-5503-01A-01R-1580-07,0.3631888056566688,1
TCGA-B9-4113-01A-01R-1193-07,0.5920102786452365,1
TCGA-55-6642-01A-11R-1858-07,0.7139721702915173,1
TCGA-22-4604-01A-01R-1201-07,0.5573768823021136,1
TCGA-69-8253-01A-11R-2287-07,0.8085269406682258,0
TCGA-43-A475-01A-11R-A24H-07,0.6345626760461771,1
TCGA-13-0893-01B-01R-1565-13,0.842626665716557,1
TCGA-ZG-A9MC-01A-31R-A41O-07,0.7613944730886641,1
TCGA-FB-AAQ3-01A-11R-A41B-07,0.9463303621360295,0
TCGA-30-1861-01A-01R-1568-13,0.8267738214884635,1
TCGA-A8-A0A4-01A-11R-A00Z-07,0.8474739158610884,1
TCGA-V1-A9ZI-01A-11R-A41O-07,0.7815685759398251,1
TCGA-AA-A01S-01A-21R-A083-07,0.4657826914090083,1
TCGA-J4-A6G1-01A-11R-A311-07,0.8193610472496232,1
TCGA-DD-AAD5-01A-11R-A41C-07,0.7883243948414257,0
TCGA-44-7661-01A-11R-2066-07,0.6838979659195907,1
TCGA-FV-A23B-01A-11R-A16W-07,0.5533698155503952,1
TCGA-E2-A1B1-01A-21R-A12P-07,0.691196078908357,1
TCGA-EJ-A65D-01A-11R-A30B-07,0.4374421723440282,1
TCGA-CA-5796-01A-01R-1653-07,0.5652577621996296,1
TCGA-AY-6196-01A-11R-1723-07,0.7798073759802306,1
TCGA-KK-A6E2-01A-11R-A311-07,0.5093722668015793,1
TCGA-05-4384-01A-01R-1755-07,0.7399486082724159,1
TCGA-D8-A1XD-01A-11R-A14D-07,0.820724247843073,1
TCGA-T1-A6J8-01A-11R-A32O-07,0.4501767148340437,0
TCGA-A2-A0SU-01A-11R-A084-07,0.8397489829393013,1
TCGA-62-A46R-01A-11R-A24H-07,0.8319891739168451,1
TCGA-2J-AAB1-01A-11R-A41B-07,0.8108786283127817,1
TCGA-61-2102-01A-01R-1568-13,0.8812255920539718,1
TCGA-BQ-5891-01A-11R-1592-07,0.8685930691482684,1
TCGA-78-7160-01A-11R-2039-07,0.7651511696143342,1
TCGA-AZ-4614-01A-01R-1410-07,0.826601258058525,0
TCGA-CM-6676-01A-11R-1839-07,0.6533680418824511,1
TCGA-LN-A49W-01A-11R-A260-31,0.8941630461234648,1
TCGA-A2-A0EY-01A-11R-A034-07,0.9074870829303303,1
TCGA-CJ-4869-01A-02R-1426-07,0.4609596868393241,1
TCGA-F2-A8YN-01A-11R-A37L-07,0.9097548422699144,1
TCGA-EW-A6SC-01A-12R-A32P-07,0.8425367371650901,1
TCGA-77-A5G1-01A-11R-A27Q-07,0.5987611478200114,1
TCGA-V1-A9ZR-01A-11R-A41O-07,0.7957030036465723,1
TCGA-KK-A8I9-01A-11R-A36G-07,0.6595949403835212,0
TCGA-CC-A3MB-01A-11R-A213-07,0.49999294594076177,1
TCGA-B2-5635-01A-01R-1541-07,0.331578162907045,1
TCGA-AA-3662-01A-01R-1723-07,0.7226866591727397,1
TCGA-S3-AA15-01A-11R-A41B-07,0.9107382380707647,1
TCGA-B8-4154-01A-01R-1188-07,0.2775821772145708,1
TCGA-43-A474-01A-11R-A24H-07,0.5203746517570049,1
TCGA-13-0800-01A-01R-1564-13,0.7907812668242835,1
TCGA-L9-A50W-01A-12R-A39D-07,0.8137963089802547,1
TCGA-B6-A1KF-01A-11R-A13Q-07,0.9134610462021775,0
TCGA-22-1011-01A-01R-0692-07,0.6806888103354874,1
TCGA-AA-3833-01A-01R-0905-07,0.5031330626936709,1
TCGA-22-4605-01A-21R-2125-07,0.34587809212771276,1
TCGA-52-7810-01A-11R-2125-07,0.6371240941026691,1
TCGA-64-1678-01A-01R-0946-07,0.7726186425568915,1
TCGA-IB-7645-01A-22R-2204-07,0.8587637920930543,1
TCGA-A2-A0EP-01A-52R-A22U-07,0.6605442917122586,1
TCGA-AA-A00Z-01A-01R-A002-07,0.591629510878541,1
TCGA-E2-A9RU-01A-11R-A41B-07,0.8578447191620138,0
TCGA-BP-5184-01A-01R-1426-07,0.27317166807518445,1
TCGA-73-4670-01A-01R-1206-07,0.8376373562501594,1
TCGA-AA-3679-01A-02R-0905-07,0.6495577453279288,1
TCGA-CM-5348-01A-21R-1723-07,0.8752723106865538,1
TCGA-2A-A8W3-01A-11R-A37L-07,0.7331065258314408,0
TCGA-MH-A857-01A-11R-A355-07,0.9415350227355468,1
TCGA-E2-A1LG-01A-21R-A14M-07,0.9609084164027762,0
TCGA-05-4418-01A-01R-1206-07,0.7918821599851954,1
TCGA-83-5908-01A-21R-2287-07,0.7739817821879923,0
TCGA-G3-A5SJ-01A-11R-A27V-07,0.6707470292640244,1
TCGA-13-0901-01B-01R-1565-13,0.8060987801938243,1
TCGA-B0-5088-01A-01R-1334-07,0.2274692408910989,1
TCGA-AR-A0TU-01A-31R-A109-07,0.9148485033693399,0
TCGA-29-1770-01A-01R-1567-13,0.7664184268497344,1
TCGA-AA-3855-01A-01R-1022-07,0.43274471955470506,1
TCGA-B0-5402-01A-01R-1503-07,0.5774011242282628,1
TCGA-DD-AACD-01A-11R-A41C-07,0.3470573658112087,1
TCGA-UB-A7MB-01A-11R-A33R-07,0.5811986518393408,0
TCGA-J9-A52B-01A-11R-A26U-07,0.9014882637732484,1
TCGA-13-0908-01B-01R-1565-13,0.7931286604162435,1
TCGA-AS-3777-01A-01R-0864-07,0.8942886238506285,0
TCGA-L5-A8NU-01A-11R-A36D-31,0.8227073629250334,1
TCGA-BH-A0W5-01A-11R-A109-07,0.7102609221544274,1
TCGA-L5-A4OE-01A-11R-A260-31,0.8443355495907329,1
TCGA-29-1705-01A-01R-1567-13,0.7947208742230502,1
TCGA-AA-A024-01A-02R-A00A-07,0.5422289736145106,1
TCGA-13-0799-01A-01R-1564-13,0.7356552655555516,1
TCGA-AR-A24L-01A-11R-A169-07,0.6817992824705987,1
TCGA-CZ-5463-01A-01R-1503-07,0.5002670225008319,1
TCGA-G7-A4TM-01A-11R-A31O-07,0.585631654902923,1
TCGA-5P-A9KH-01A-11R-A42S-07,0.942112267719337,1
TCGA-E9-A249-01A-11R-A169-07,0.8073493019156517,1
TCGA-J2-A4AD-01A-11R-A24H-07,0.8638290984192439,1
TCGA-BP-4961-01A-01R-1334-07,0.13736785490178696,1
TCGA-DD-AADB-01A-11R-A41C-07,0.4651191332010688,1
TCGA-B6-A0X4-01A-11R-A109-07,0.7942404457930923,0
TCGA-80-5611-01A-01R-1628-07,0.8889718603269835,1
TCGA-A8-A06O-01A-11R-A00Z-07,0.8278037437993074,1
TCGA-B0-4690-01A-01R-1277-07,0.733427846254966,1
TCGA-A8-A07C-01A-11R-A034-07,0.8989464703006754,1
TCGA-23-1032-01A-02R-1564-13,0.7363635941557192,1
TCGA-CM-6167-01A-11R-1653-07,0.8270295029473372,1
TCGA-D8-A142-01A-11R-A115-07,0.915509977555884,1
TCGA-A3-A8OV-01A-11R-A37O-07,0.43923996249207614,1
TCGA-A8-A094-01A-11R-A00Z-07,0.913874969518149,0
TCGA-HC-A8D0-01A-11R-A36G-07,0.6446173640919164,1
TCGA-M9-A5M8-01A-11R-A28J-31,0.8216008216131768,1
TCGA-DD-AACS-01A-11R-A41C-07,0.479664001449384,1
TCGA-22-4593-01A-21R-1820-07,0.706458786263064,0
TCGA-E9-A1RB-01A-11R-A157-07,0.8395088610808011,1
TCGA-86-A456-01A-11R-A24H-07,0.7871688803918078,0
TCGA-AR-A24H-01A-11R-A169-07,0.88141941335814,1
TCGA-OL-A5D7-01A-11R-A27Q-07,0.8621901440859951,0
TCGA-85-A511-01A-21R-A262-07,0.4215901304348374,0
TCGA-49-AAR9-01A-21R-A41B-07,0.868463866475467,0
TCGA-13-1496-01A-01R-1565-13,0.7721569138583174,0
TCGA-60-2695-01A-01R-0851-07,0.6563248880527389,0
TCGA-YL-A8SH-01B-11R-A37L-07,0.5112908915193617,1
TCGA-23-1026-01B-01R-1569-13,0.6910844810298304,0
TCGA-AA-3684-01A-02R-0905-07,0.20118188503422407,1
TCGA-97-8174-01A-11R-2287-07,0.76620781869327,1
TCGA-A3-3308-01A-02R-1325-07,0.5800833979868253,1
TCGA-DD-A3A4-01A-11R-A22L-07,0.5255952691216115,1
TCGA-AR-A2LO-01A-31R-A18M-07,0.7305270327817427,0
TCGA-64-1679-01A-21R-2066-07,0.8039950755206564,1
TCGA-56-8623-01A-11R-A28V-07,0.6843980294428424,1
TCGA-69-A59K-01A-11R-A262-07,0.8865620728056887,0
TCGA-13-0766-01A-02R-1564-13,0.6603455565043385,1
TCGA-61-2016-01A-01R-1568-13,0.7901785371301037,1
TCGA-XV-AAZV-01A-11R-A40A-07,0.7002877464133578,1
TCGA-AA-A01Q-01A-01R-A002-07,0.7620250858304938,1
TCGA-A2-A25C-01A-11R-A169-07,0.7514335018151438,1
TCGA-24-1849-01A-01R-1567-13,0.7813000833287491,1
TCGA-LL-A5YM-01A-11R-A28M-07,0.681584304095118,1
TCGA-23-2081-01A-01R-1568-13,0.7934160383687906,1
TCGA-BP-4975-01A-01R-1334-07,0.37175610809154674,1
TCGA-B8-5165-01A-01R-1420-07,0.12143775642589777,0
TCGA-SX-A7SR-01A-12R-A36F-07,0.3980488501763474,1
TCGA-AR-A24M-01A-11R-A169-07,0.5309024744383064,1
TCGA-LL-A6FR-01A-12R-A31O-07,0.8763064519901108,1
TCGA-IB-A5SS-01A-11R-A32O-07,0.9246327296748699,1
TCGA-EJ-AB27-01A-11R-A41O-07,0.258122332270127,1
TCGA-37-3789-01A-01R-0980-07,0.5227551709691817,1
TCGA-AA-A01F-01A-01R-A002-07,0.6236516061978126,1
TCGA-VR-A8EY-01A-11R-A36D-31,0.9071065502886205,1
TCGA-CK-5913-01A-11R-1653-07,0.6756435631606937,0
TCGA-A3-3319-01A-02R-1325-07,0.7164973608851688,0
TCGA-77-8007-01A-11R-2187-07,0.657173042967832,0
TCGA-24-1434-01A-01R-1566-13,0.7435422172141093,1
TCGA-L5-A4OQ-01A-11R-A260-31,0.8726124500504465,1
TCGA-IG-A3YC-01A-11R-A24K-31,0.8829880800744841,1
TCGA-BH-A0DV-01A-21R-A12P-07,0.5138143131338809,1
TCGA-C8-A12N-01A-11R-A115-07,0.7587717610438658,1
TCGA-KC-A7F6-01A-11R-A33R-07,0.6369836395231496,1
TCGA-DM-A28E-01A-11R-A32Y-07,0.4910455886713283,0
TCGA-85-8048-01A-11R-2247-07,0.5249453147627257,1
TCGA-55-8614-01A-11R-2403-07,0.8788474710408555,1
TCGA-L5-A4OH-01A-11R-A260-31,0.8423158416963878,0
TCGA-AO-A0JJ-01A-11R-A056-07,0.7602040318903734,1
TCGA-DM-A282-01A-12R-A16W-07,0.6525636238298141,1
TCGA-64-5775-01A-01R-1628-07,0.9154697324289064,1
TCGA-EJ-5511-01A-01R-1580-07,0.7553690240602596,1
TCGA-E2-A1LE-01A-12R-A19W-07,0.9062350082961662,1
TCGA-E9-A1NH-01A-11R-A14D-07,0.706323577419437,0
TCGA-55-8302-01A-11R-2326-07,0.7944940163429233,1
TCGA-O2-A52N-01A-11R-A26W-07,0.6935922277563088,0
TCGA-AA-3495-01A-01R-1410-07,0.47833717843627177,1
TCGA-A7-A13H-01A-11R-A22K-07,0.6564182310524399,0
TCGA-JY-A6FE-01A-11R-A336-31,0.8913185326280625,1
TCGA-HC-7210-01A-11R-2118-07,0.5864874396998891,1
TCGA-L5-A88T-01A-11R-A354-31,0.8890599821656364,0
TCGA-BP-4998-01A-01R-1334-07,0.3158550511385816,1
TCGA-S3-A6ZG-01A-22R-A32P-07,0.7765993591109049,1
TCGA-B0-5692-01A-11R-1541-07,0.5955535893493397,1
TCGA-ZG-A8QY-01A-11R-A37L-07,0.7784280231151148,1
TCGA-A1-A0SG-01A-11R-A144-07,0.8295599742824633,0
TCGA-64-5774-01A-01R-1628-07,0.8622600397447566,1
TCGA-L5-A8NM-01A-11R-A37I-31,0.8440084244147367,1
TCGA-AO-A12D-01A-11R-A115-07,0.8746913694870047,1
TCGA-39-5024-01A-21R-1820-07,0.6318134269900447,1
TCGA-AA-A01K-01A-01R-A00A-07,0.7681206011966214,0
TCGA-AA-3973-01A-01R-1022-07,0.7780621904910094,1
TCGA-22-5485-01A-01R-1635-07,0.6401684753917829,1
TCGA-50-5941-01A-11R-1755-07,0.7230454842593906,0
TCGA-C8-A12K-01A-21R-A115-07,0.937117036352023,1
TCGA-MH-A55Z-01A-11R-A26U-07,0.3097084933107701,1
TCGA-BH-A0H3-01A-11R-A12P-07,0.4466900355689964,1
TCGA-CJ-4890-01A-01R-1305-07,0.4029956063286186,0
TCGA-85-8072-01A-31R-2247-07,0.6090340823373801,0
TCGA-5M-AATA-01A-31R-A41B-07,0.7956458376858329,0
TCGA-C8-A1HK-01A-21R-A13Q-07,0.8483400205372821,1
TCGA-AN-A0XP-01A-11R-A109-07,0.724131867320328,1
TCGA-39-5028-01A-01R-1443-07,0.6819793140703608,0
TCGA-ZG-A9L6-01A-11R-A41O-07,0.5108657642752412,1
TCGA-AO-A03V-01A-11R-A115-07,0.9114280139333966,1
TCGA-CJ-4895-01A-01R-1305-07,0.6476868486951025,1
TCGA-BC-A10T-01A-11R-A131-07,0.6156465815112544,0
TCGA-AR-A24K-01A-11R-A169-07,0.7468726474353466,0
TCGA-A8-A06Z-01A-11R-A00Z-07,0.8432816821544911,1
TCGA-A6-6654-01A-21R-1839-07,0.7194933815168546,1
TCGA-G9-6373-01A-11R-1789-07,0.6669458456603815,1
TCGA-DD-A116-01A-11R-A131-07,0.376542856193847,0
TCGA-VR-A8EQ-01A-11R-A36D-31,0.8576611759437703,1
TCGA-R6-A6L6-01B-11R-A336-31,0.8958230363840101,1
TCGA-55-A493-01A-11R-A24H-07,0.776730447201561,1
TCGA-ES-A2HS-01A-11R-A180-07,0.26186886276035204,1
TCGA-KK-A8I8-01A-11R-A36G-07,0.6091309933284359,1
TCGA-L5-A4OI-01A-11R-A36D-31,0.8515951354909188,1
TCGA-43-6143-01A-11R-1820-07,0.7905594126114369,1
TCGA-HC-7080-01A-11R-1965-07,0.7516250076644947,1
TCGA-FV-A4ZQ-01A-11R-A266-07,0.5218579055959144,0
TCGA-A3-3374-01A-02R-1325-07,0.8193232475483904,0
TCGA-IG-A3QL-01A-11R-A24K-31,0.9049385644156462,0
TCGA-PL-A8LV-01A-21R-A41B-07,0.9620198747740449,1
TCGA-HC-A9TE-01A-11R-A41O-07,0.8777857590482753,1
TCGA-G4-6321-01A-11R-1723-07,0.7400454863329631,1
TCGA-23-1030-01A-02R-1564-13,0.7688646741315035,1
TCGA-FB-AAQ2-01A-31R-A41B-07,0.9671417364441771,1
TCGA-A2-A0CY-01A-12R-A034-07,0.9400026036070624,1
TCGA-AN-A046-01A-21R-A034-07,0.8868054762454183,1
TCGA-BH-A0B4-01A-11R-A00Z-07,0.8955188444382954,1
TCGA-24-0982-01A-01R-1565-13,0.55715724195121,1
TCGA-AR-A0TY-01A-12R-A115-07,0.927163578056558,0
TCGA-WS-AB45-01A-11R-A41B-07,0.8443720818708892,0
TCGA-37-4135-01A-01R-1100-07,0.4913231419713167,1
TCGA-EW-A1P0-01A-11R-A144-07,0.9197514818826781,1
TCGA-A2-A04Y-01A-21R-A034-07,0.9079627019458681,1
TCGA-ZP-A9D4-01A-11R-A37K-07,0.41827578215796996,1
TCGA-AC-A23H-01A-11R-A157-07,0.8849704264836838,1
TCGA-A8-A07G-01A-11R-A034-07,0.7888741688579579,0
TCGA-63-A5MT-01A-21R-A26W-07,0.7308199734235717,1
TCGA-05-5428-01A-01R-1628-07,0.6238946078768557,1
TCGA-V1-A9OQ-01A-11R-A41O-07,0.560401718746981,1
TCGA-CZ-5454-01A-01R-1503-07,0.49093215950101454,0
TCGA-2J-AABK-01A-31R-A41B-07,0.9298357325979353,1
TCGA-L5-A893-01A-11R-A36D-31,0.8225948178637269,1
TCGA-CW-5587-01A-01R-1541-07,0.29906323648071564,1
TCGA-CH-5766-01A-11R-1580-07,0.794987757594641,0
TCGA-E9-A1NI-01A-11R-A14D-07,0.7558761079082105,1
TCGA-46-3767-01A-01R-0980-07,0.27245662883910277,0
TCGA-85-7710-01A-11R-2125-07,0.7662720290840725,1
TCGA-A2-A1G1-01A-21R-A13Q-07,0.8931344009808982,1
TCGA-AZ-6603-01A-11R-1839-07,0.43260794786489615,1
TCGA-BP-5180-01A-01R-1426-07,0.499111194967052,1
TCGA-HC-7213-01A-11R-2118-07,0.8557230809428649,1
TCGA-BP-4354-01A-02R-1289-07,0.7685654093025878,0
TCGA-E2-A14W-01A-11R-A12D-07,0.8715944206912022,1
TCGA-L9-A444-01A-21R-A24H-07,0.7550334909569077,1
TCGA-86-7713-01A-11R-2066-07,0.8303113871914596,1
TCGA-MP-A4TJ-01A-51R-A262-07,0.5610343313463703,1
TCGA-B9-A5W8-01A-11R-A28H-07,0.6458633059926522,1
TCGA-BH-A0DE-01A-11R-A115-07,0.8106786049409903,0
TCGA-BP-4349-01A-01R-1289-07,0.41739566320996807,1
TCGA-LL-A8F5-01A-11R-A36F-07,0.9341123356705432,1
TCGA-95-A4VK-01A-11R-A262-07,0.8784075911749307,1
TCGA-HC-A9TH-01A-11R-A41O-07,0.8333675100229306,1
TCGA-CM-4743-01A-01R-1723-07,0.7726099153967865,1
TCGA-13-1499-01A-01R-1565-13,0.7102813903814238,1
TCGA-43-7656-01A-11R-2125-07,0.7496486307491295,1
TCGA-66-2786-01A-01R-0851-07,0.613501966443649,1
TCGA-44-7671-01A-11R-2066-07,0.760464183880618,0
TCGA-D5-6535-01A-11R-1723-07,0.7237820269940222,1
TCGA-A3-3378-01A-02R-1325-07,0.5406147245742675,1
TCGA-KR-A7K8-01A-11R-A33J-07,0.5900330050446265,1
TCGA-B6-A0IG-01A-11R-A034-07,0.899703435365523,1
TCGA-05-5423-01A-01R-1628-07,0.5458923804187187,1
TCGA-24-2020-01A-01R-1567-13,0.8806480905374521,0
TCGA-EJ-5532-01A-01R-1580-07,0.44263583631038994,1
TCGA-LN-A7HX-01A-11R-A336-31,0.8940187288826317,1
TCGA-24-1418-01A-01R-1565-13,0.7276862726581792,1
TCGA-A6-6648-01A-11R-1774-07,0.5447921714269875,1
TCGA-AO-A12F-01A-11R-A115-07,0.9405898554736203,1
TCGA-DD-A1EL-01A-11R-A155-07,0.6074849373962051,1
TCGA-F2-6880-01A-11R-2156-07,0.9721668686535547,1
TCGA-IB-AAUW-01A-12R-A38C-07,0.8907927821531132,1
TCGA-EB-A4OZ-01A-12R-A266-07,0.5812479726227164,1
TCGA-CJ-4878-01A-01R-1305-07,0.610258608643978,1
TCGA-4R-AA8I-01A-11R-A38B-07,0.498725534328301,1
TCGA-CZ-4853-01A-01R-1426-07,0.2941282079872416,1
TCGA-DD-A4NN-01A-11R-A28V-07,0.3995707079494614,1
TCGA-21-5782-01A-01R-1635-07,0.5181049106397553,1
TCGA-85-A513-01A-12R-A26W-07,0.69776087527899,0
TCGA-29-1761-01A-01R-1567-13,0.7146459987338357,1
TCGA-G7-6792-01A-21R-1965-07,0.7405658082954623,0
TCGA-NC-A5HQ-01A-11R-A26W-07,0.5588429935159811,1
TCGA-B1-A47O-01A-11R-A24Z-07,0.7248511128959488,1
TCGA-AR-A252-01A-11R-A169-07,0.7596916794107058,1
TCGA-BH-A18S-01A-11R-A12D-07,0.7968981790568239,1
TCGA-LQ-A4E4-01A-11R-A266-07,0.844220684973426,1
TCGA-3A-A9IV-01A-11R-A41B-07,0.9646553859755768,1
TCGA-WN-A9G9-01A-12R-A37K-07,0.9288575304761856,1
TCGA-BH-A18F-01A-11R-A12D-07,0.8101849925131107,1
TCGA-13-0883-01A-02R-1569-13,0.7621171663924436,0
TCGA-55-7576-01A-11R-2066-07,0.8165918361340346,0
TCGA-44-A4SS-01A-11R-A24X-07,0.8780198144235825,1
TCGA-AD-A5EJ-01A-11R-A28H-07,0.6911388911738464,1
TCGA-E9-A5FL-01A-11R-A27Q-07,0.9262603019304435,1
TCGA-J4-A67L-01A-11R-A30B-07,0.4724820164778231,1
TCGA-23-1113-01A-01R-1564-13,0.6569938408965569,1
TCGA-55-6543-01A-11R-1755-07,0.8606953368530325,0
TCGA-BP-4334-01A-01R-1289-07,0.8380040913676627,1
TCGA-E2-A1L6-01A-11R-A13Q-07,0.7213613237380778,1
TCGA-D8-A27W-01A-11R-A16F-07,0.8572516897922448,1
TCGA-B6-A0WS-01A-11R-A115-07,0.8819952415345527,0
TCGA-B3-8121-01A-21R-2404-07,0.7477177687314298,1
TCGA-D8-A1JK-01A-11R-A13Q-07,0.9008364188091974,1
TCGA-A2-A04N-01A-11R-A115-07,0.679752539656426,1
TCGA-P4-A5E6-01A-11R-A28H-07,0.5414569205960112,1
TCGA-PJ-A5Z9-01A-11R-A28H-07,0.3921459659154664,1
TCGA-LN-A7HV-01A-21R-A354-31,0.9033959266778786,1
TCGA-22-0944-01A-01R-0692-07,0.5756778728113149,1
TCGA-AN-A0FK-01A-11R-A034-07,0.8738629749064036,1
TCGA-BF-AAOU-01A-12R-A39D-07,0.6220585293685587,1
TCGA-HN-A2NL-01A-11R-A18M-07,0.9287148896629163,1
TCGA-FR-A2OS-01A-11R-A21D-07,0.478082351754731,1
TCGA-CW-6093-01A-11R-1672-07,0.26320679128333485,1
TCGA-DD-A73F-01A-11R-A32O-07,0.4183976762267923,1
TCGA-WQ-A9G7-01A-11R-A37K-07,0.5726045133876574,1
TCGA-37-3783-01A-01R-1201-07,0.4862264715384744,1
TCGA-61-1995-01A-01R-1568-13,0.7644993730832417,1
TCGA-DD-AAD2-01A-11R-A41C-07,0.41129855900160045,1
TCGA-24-1616-01A-01R-1566-13,0.8235736383633975,1
TCGA-B2-3923-01B-10R-A277-07,0.7126274484279467,1
TCGA-31-1950-01A-01R-1568-13,0.7522307546766785,1
TCGA-FC-A5OB-01A-11R-A29R-07,0.7202519535361398,1
TCGA-LN-A49X-01A-31R-A260-31,0.8447286975196489,1
TCGA-UU-A93S-01A-21R-A41B-07,0.9285425362170306,1
TCGA-34-5240-01A-01R-1443-07,0.5089189924976406,1
TCGA-L5-A43C-01A-11R-A24K-31,0.8188522385822955,1
TCGA-46-3765-01A-01R-0980-07,0.4541595329699392,0
TCGA-B0-4844-01A-01R-1277-07,0.6641010410282968,1
TCGA-21-1080-01A-01R-0692-07,0.8139139298018702,1
TCGA-13-0920-01A-01R-1564-13,0.7314436413566293,1
TCGA-F9-A8NY-01A-11R-A36F-07,0.8655622698472535,1
TCGA-LL-A740-01A-21R-A32P-07,0.9036857550083013,1
TCGA-BF-AAP4-01A-11R-A40A-07,0.37172065881963456,1
TCGA-XR-A8TD-01A-12R-A39D-07,0.5791217061845023,1
TCGA-33-4538-01A-01R-1201-07,0.3642264633866664,1
TCGA-LL-A9Q3-01A-11R-A41B-07,0.8175684624680075,1
TCGA-NJ-A4YF-01A-12R-A262-07,0.9067361200103768,1
TCGA-MH-A560-01A-11R-A26U-07,0.5668456586741013,1
TCGA-L5-A8NE-01A-11R-A37I-31,0.8687741317675046,0
TCGA-04-1332-01A-01R-1564-13,0.7810627872066405,1
TCGA-EJ-A7NG-01A-31R-A33R-07,0.21872984347351948,0
TCGA-A8-A08J-01A-11R-A00Z-07,0.8218885883681443,1
TCGA-AK-3456-01A-02R-1325-07,0.6609601071473383,1
TCGA-G7-A8LB-01A-11R-A36F-07,0.6159161768808867,0
TCGA-B2-A4SR-01A-11R-A266-07,0.30396787684818466,1
TCGA-62-8394-01A-11R-2326-07,0.827057235995437,1
TCGA-AZ-6608-01A-11R-1839-07,0.5124830618724312,1
TCGA-Q3-AA2A-01A-11R-A37L-07,0.9067354002833156,1
TCGA-B0-4694-01A-01R-1277-07,0.5334551870078694,1
TCGA-AR-A24V-01A-21R-A169-07,0.8012696034071194,0
TCGA-A2-A0EV-01A-11R-A034-07,0.8640153426802549,1
TCGA-60-2714-01A-01R-0851-07,0.8538278467936474,0
TCGA-BP-4762-01A-02R-1289-07,0.42915597731296057,1
TCGA-DD-AACG-01A-11R-A41C-07,0.4281839351747756,1
TCGA-B0-5094-01A-01R-1420-07,0.6452717315650622,1
TCGA-AA-3556-01A-01R-0821-07,0.7114599558763536,0
TCGA-2J-AABO-01A-21R-A41B-07,0.9193353555479689,1
TCGA-B0-5400-01A-01R-1503-07,0.5787531097923991,0
TCGA-77-6845-01A-11R-1949-07,0.6345119277058626,0
TCGA-D8-A141-01A-11R-A115-07,0.663235898951782,1
TCGA-55-A57B-01A-12R-A39D-07,0.7738937878107549,1
TCGA-60-2712-01A-01R-0851-07,0.6860355856757808,1
TCGA-A6-4105-01A-02R-1774-07,0.5987219550044145,1
TCGA-XV-A9W5-01A-11R-A38C-07,0.6396254703021678,1
TCGA-A6-5665-01B-03R-2302-07,0.5815443400436454,1
TCGA-E2-A1AZ-01A-11R-A12P-07,0.8226023948145401,1
TCGA-55-7910-01A-11R-2170-07,0.8604432290100544,1
TCGA-50-6673-01A-11R-1949-07,0.8548006307452423,1
TCGA-BH-A0DL-01A-11R-A115-07,0.943007783071533,1
TCGA-AU-6004-01A-11R-1723-07,0.7069967718482139,1
TCGA-E2-A15I-01A-21R-A137-07,0.7239532640206606,1
TCGA-G9-6369-01A-21R-1965-07,0.628647923904663,0
TCGA-AA-3819-01A-01R-0905-07,0.359865356846253,0
TCGA-KK-A6E0-01A-11R-A311-07,0.7789212583965852,0
TCGA-SX-A71W-01A-12R-A355-07,0.5614842006856597,1
TCGA-AR-A0TS-01A-11R-A115-07,0.9080713384096847,1
TCGA-E9-A5UP-01A-11R-A28M-07,0.8624463241703766,0
TCGA-AQ-A0Y5-01A-11R-A14M-07,0.8411324958479424,0
TCGA-BP-4807-01A-01R-1305-07,0.30151947848480687,1
TCGA-CM-5860-01A-01R-1653-07,0.6812123780983353,1
TCGA-BC-A5W4-01A-11R-A28V-07,0.5872001768625893,1
TCGA-B0-4821-01A-01R-1503-07,0.6289429949089924,1
TCGA-UZ-A9PJ-01A-11R-A38C-07,0.5420016759626064,0
TCGA-DD-AACC-01A-11R-A41C-07,0.36860346804199384,0
TCGA-CJ-4870-01A-01R-1305-07,0.37734029819007076,1
TCGA-75-6207-01A-11R-1755-07,0.8957430247579895,1
TCGA-C8-A1HO-01A-11R-A13Q-07,0.8193237468393886,1
TCGA-JY-A938-01A-11R-A37I-31,0.8341720929125317,1
TCGA-04-1361-01A-01R-1565-13,0.7719484989998323,1
TCGA-2Z-A9J8-01A-11R-A42S-07,0.8316850876568239,1
TCGA-64-1677-01A-01R-0946-07,0.807944417735065,0
TCGA-AO-A0JE-01A-11R-A056-07,0.9019873575007646,1
TCGA-IG-A4P3-01A-11R-A260-31,0.8690063456272068,1
TCGA-05-4424-01A-22R-1858-07,0.8053389457893262,0
TCGA-91-A4BD-01A-11R-A24H-07,0.7888955602427503,1
TCGA-DD-AAVS-01A-11R-A41C-07,0.28302041192396465,0
TCGA-18-3414-01A-01R-0980-07,0.6200142044970782,1
TCGA-J4-A83I-01A-11R-A36G-07,0.8202427691160467,1
TCGA-39-5035-01A-01R-1443-07,0.7958014181568671,1
TCGA-AA-3544-01A-01R-1873-07,0.5225449891599594,1
TCGA-FB-A7DR-01A-21R-A33R-07,0.9264549152850173,1
TCGA-99-8032-01A-11R-2241-07,0.7871768188842679,1
TCGA-95-7948-01A-11R-2187-07,0.9210430549251907,0
TCGA-D8-A1XU-01A-11R-A14M-07,0.8225167291010854,0
TCGA-2Z-A9J7-01A-11R-A38C-07,0.7113312117724473,1
TCGA-13-A5FT-01A-11R-A406-31,0.8002501518034012,1
TCGA-BP-4803-01A-01R-1305-07,0.32486718903839873,1
TCGA-24-2271-01A-01R-1568-13,0.7205588938212676,1
TCGA-DD-A39V-01A-11R-A213-07,0.3595665034303938,0
TCGA-CM-6674-01A-11R-1839-07,0.6508923106263045,1
TCGA-30-1855-01A-01R-1567-13,0.7912158348748612,1
TCGA-2J-AABE-01A-12R-A41B-07,0.8521047773382304,1
TCGA-ED-A82E-01A-11R-A352-07,0.759600180076309,1
TCGA-56-7580-01A-11R-2045-07,0.6199444551337857,1
TCGA-37-4130-01A-01R-1100-07,0.6792213351131943,1
TCGA-38-4626-01A-01R-1206-07,0.7116632015064783,1
TCGA-CZ-4861-01A-01R-1305-07,0.6508072560043086,1
TCGA-F4-6703-01A-11R-1839-07,0.7570283358870442,1
TCGA-61-2109-01A-01R-1568-13,0.6974373304276057,1
TCGA-5M-AATE-01A-11R-A41B-07,0.5486734684082833,1
TCGA-10-0931-01A-01R-1564-13,0.6670454556911682,1
TCGA-UZ-A9PQ-01A-11R-A42S-07,0.8786365812712312,1
TCGA-XC-AA0X-01A-32R-A405-07,0.4062715819989708,1
TCGA-BH-A0C1-01B-11R-A12D-07,0.7488363653855145,1
TCGA-09-1668-01B-01R-1566-13,0.7730137133162626,1
TCGA-77-7338-01A-11R-2045-07,0.29394197464929184,0
TCGA-61-2111-01A-01R-1568-13,0.8732438342184228,1
TCGA-AC-A8OS-01A-12R-A41B-07,0.6595132367922165,1
TCGA-BF-A3DJ-01A-11R-A20F-07,0.5760365541128595,1
TCGA-CJ-4893-01A-01R-1305-07,0.3953693680196511,1
TCGA-DD-AADS-01A-11R-A41C-07,0.398676539522671,0
TCGA-61-2110-01A-01R-1568-13,0.738688766565987,1
TCGA-DD-A1EE-01A-11R-A131-07,0.3345289470865634,1
TCGA-BH-A0BP-01A-11R-A115-07,0.8873534246424785,1
TCGA-IG-A3I8-01A-11R-A24K-31,0.8633975270245443,1
TCGA-86-A4D0-01A-11R-A24H-07,0.862504251348968,0
TCGA-22-1016-01A-01R-0692-07,0.665306944656943,1
TCGA-BH-A0DS-01A-11R-A056-07,0.8136489614699821,1
TCGA-AR-A5QN-01A-12R-A28M-07,0.8869705849025014,1
TCGA-CW-6088-01A-11R-1672-07,0.21195356226052894,0
TCGA-AQ-A04L-01B-21R-A10J-07,0.9386996916740543,1
TCGA-A7-A13D-01A-13R-A12P-07,0.9282269862342855,1
TCGA-A2-A0YJ-01A-11R-A109-07,0.9139593622428,1
TCGA-04-1331-01A-01R-1569-13,0.7822759847164173,1
TCGA-HZ-A8P1-01A-11R-A37L-07,0.954248675101077,1
TCGA-AR-A24R-01A-11R-A169-07,0.8193592760938285,1
TCGA-36-1575-01A-01R-1566-13,0.6860983797966665,0
TCGA-C8-A273-01A-11R-A16F-07,0.8932609049899847,1
TCGA-DM-A1HB-01A-21R-A180-07,0.688103175548977,0
TCGA-JL-A3YW-01A-12R-A239-07,0.8835052375165465,1
TCGA-13-1411-01A-01R-1565-13,0.7267175750925048,1
TCGA-60-2710-01A-01R-0851-07,0.39710769696101844,1
TCGA-BP-5009-01A-01R-1334-07,0.45127137933379247,1
TCGA-T7-A92I-01A-11R-A37O-07,0.8179292188175735,1
TCGA-EB-A85I-01A-11R-A352-07,0.41371999397258596,1
TCGA-F4-6460-01A-11R-1774-07,0.7496727914242634,0
TCGA-B8-A54E-01A-11R-A266-07,0.8125456400852044,1
TCGA-60-2725-01A-01R-1201-07,0.4046242193924749,1
TCGA-NC-A5HI-01A-11R-A26W-07,0.6095706661384822,1
TCGA-BP-4965-01A-01R-1334-07,0.18832196399019346,1
TCGA-BP-4756-01A-01R-1289-07,0.8443182214920484,1
TCGA-A8-A095-01A-11R-A00Z-07,0.690928627358038,1
TCGA-MM-A84U-01A-11R-A37O-07,0.6013214980896073,1
TCGA-HP-A5N0-01A-11R-A28V-07,0.5495674319421773,1
TCGA-A4-7996-01A-11R-2204-07,0.6493844229558744,1
TCGA-A2-A0EQ-01A-11R-A034-07,0.8779137292890645,1
TCGA-A1-A0SK-01A-12R-A084-07,0.9186727095062508,1
TCGA-EJ-5505-01A-01R-1580-07,0.4326744436177869,1
TCGA-43-5668-01A-01R-1635-07,0.8426911570461952,0
TCGA-EW-A2FV-01A-11R-A17B-07,0.8703420676083303,0
TCGA-CZ-5456-01A-01R-1503-07,0.6951830890201741,1
TCGA-C8-A12Y-01A-11R-A12D-07,0.7688664758355607,1
TCGA-AR-A2LM-01A-11R-A180-07,0.5903583360931429,1
TCGA-A6-4107-01A-02R-1410-07,0.36929040694795323,1
TCGA-IG-A3YB-01A-11R-A36D-31,0.9048233450700047,1
TCGA-75-6205-01A-11R-1755-07,0.7802189357481683,1
TCGA-20-1683-01A-01R-1566-13,0.8662268179055372,1
TCGA-BP-4170-01A-02R-1289-07,0.24682156017838777,1
TCGA-CJ-6032-01A-11R-1672-07,0.5492868438539319,1
TCGA-DD-AACL-01A-11R-A41C-07,0.4702403768399417,1
TCGA-BP-4166-01A-02R-1289-07,0.4940223081746237,1
TCGA-2H-A9GL-01A-12R-A37I-31,0.7933044329166214,1
TCGA-B0-5084-01A-01R-1334-07,0.880987653979446,1
TCGA-E2-A15J-01A-11R-A12P-07,0.8568939677991905,1
TCGA-44-6775-01C-02R-A277-07,0.3319499943210087,1
TCGA-A2-A04W-01A-31R-A115-07,0.9045236525082195,1
TCGA-G3-AAV0-01A-11R-A37K-07,0.30011417096371107,1
TCGA-AA-A00D-01A-01R-A002-07,0.7604403939466485,1
TCGA-56-5897-01A-11R-1635-07,0.4369425256723005,1
TCGA-EJ-7321-01A-31R-2263-07,0.4390292170452792,0
TCGA-2J-AABV-01A-12R-A41B-07,0.9543840173015896,1
TCGA-C8-A8HR-01A-11R-A36F-07,0.8319841475619694,1
TCGA-04-1362-01A-01R-1565-13,0.7808779996727515,0
TCGA-HZ-A77Q-01A-11R-A36G-07,0.8088027191480914,1
TCGA-D8-A1JB-01A-11R-A13Q-07,0.7441892419801192,1
TCGA-B0-4811-01A-01R-1503-07,0.5051046506693279,0
TCGA-24-1103-01A-01R-1565-13,0.7928691033279073,1
TCGA-91-A4BC-01A-11R-A24H-07,0.7796890754059769,1
TCGA-D5-5539-01A-01R-1653-07,0.7390595855074404,1
TCGA-HZ-A4BK-01A-11R-A26U-07,0.8865977154289912,1
TCGA-13-1489-01A-01R-1565-13,0.813792026340103,1
TCGA-A2-A04P-01A-31R-A034-07,0.9090086829378637,1
TCGA-IA-A40Y-01A-11R-A24Z-07,0.9153123595465122,1
TCGA-21-5783-01A-41R-2187-07,0.6037616382418496,1
TCGA-A6-2675-01A-02R-1723-07,0.6864363625363061,1
TCGA-B9-7268-01A-11R-A32Z-07,0.5057506570708858,1
TCGA-BP-4777-01A-01R-1289-07,0.4149426378778085,1
TCGA-BP-4988-01A-01R-1334-07,0.4133480994662423,1
TCGA-2J-AABF-01A-31R-A41B-07,0.9175957610578478,1
TCGA-56-8201-01A-11R-2247-07,0.6426401606233395,1
TCGA-24-2035-01A-01R-1568-13,0.8487084994258334,1
TCGA-A1-A0SP-01A-11R-A084-07,0.9110142408960895,1
TCGA-BC-A10S-01A-22R-A131-07,0.34454474555113956,1
TCGA-HC-7738-01A-11R-2118-07,0.5034818560993787,1
TCGA-IA-A83S-01A-11R-A355-07,0.5804466863438096,0
TCGA-HZ-7920-01A-11R-2204-07,0.8862567924822372,1
TCGA-AA-3529-01A-02R-0821-07,0.6899816858863143,1
TCGA-D8-A1XJ-01A-11R-A14M-07,0.8835029187366199,1
TCGA-5X-AA5U-01A-11R-A406-31,0.7277209174474768,1
TCGA-3Z-A93Z-01A-11R-A37O-07,0.5121660228160321,1
TCGA-E9-A227-01A-11R-A157-07,0.834314636372092,1
TCGA-B0-4843-01A-01R-1277-07,0.5497342225991027,0
TCGA-BH-A8G0-01A-11R-A352-07,0.5901785105156412,1
TCGA-FV-A3R2-01A-11R-A22L-07,0.444178667071439,1
TCGA-CZ-4854-01A-01R-1305-07,0.6037514523930554,1
TCGA-04-1348-01A-01R-1565-13,0.7103144316463162,1
TCGA-38-4625-01A-01R-1206-07,0.8908592349315457,1
TCGA-A3-A6NJ-01A-12R-A33J-07,0.5142146219249374,1
TCGA-BH-A0C3-01A-21R-A12P-07,0.9036692343861455,1
TCGA-58-8388-01A-11R-2326-07,0.5152510347577066,1
TCGA-NH-A50T-01A-11R-A28H-07,0.6287150612717493,1
TCGA-LL-A5YN-01A-11R-A28M-07,0.6416602565451112,0
TCGA-A2-A0ET-01A-31R-A034-07,0.8432668849706975,1
TCGA-GM-A2DO-01A-11R-A18M-07,0.7113179618945298,0
TCGA-A7-A0CH-01A-21R-A00Z-07,0.6671462517125343,1
TCGA-2Y-A9GT-01A-11R-A38B-07,0.49177562507027506,1
TCGA-B3-4104-01A-02R-1351-07,0.9692408189442108,1
TCGA-GM-A5PV-01A-11R-A28M-07,0.7370368954008162,1
TCGA-29-1711-01A-01R-1567-13,0.8576226399662388,1
TCGA-AO-A1KS-01A-11R-A13Q-07,0.7403145612227032,0
TCGA-AO-A12G-01A-11R-A10J-07,0.8696369802106432,1
TCGA-HZ-8002-01A-11R-2204-07,0.890329408773652,0
TCGA-22-5492-01A-01R-1635-07,0.72660137792337,1
TCGA-G4-6625-01A-21R-1774-07,0.6380296903682972,1
TCGA-L5-A4OF-01A-11R-A260-31,0.8392781764091057,1
TCGA-55-A48Y-01A-11R-A24H-07,0.8545764624462615,0
TCGA-A2-A0YD-01A-11R-A109-07,0.5691266040211612,1
TCGA-13-0801-01A-01R-1564-13,0.6819710303769296,1
TCGA-B4-5843-01A-11R-1672-07,0.5121318792529536,1
TCGA-AY-A69D-01A-11R-A37K-07,0.6547374015292309,0
TCGA-CJ-4899-01A-01R-1334-07,0.3072263809005082,1
TCGA-YL-A8S9-01A-11R-A37L-07,0.5725439278956089,1
TCGA-55-1596-01A-01R-0946-07,0.8650736967536568,1
TCGA-UB-AA0V-01A-11R-A38B-07,0.3763277675785941,1
TCGA-BH-A0HY-01A-11R-A056-07,0.895113001743732,1
TCGA-64-1676-01A-01R-0946-07,0.6728037167835468,0
TCGA-A8-A09R-01A-11R-A00Z-07,0.8265260919828017,0
TCGA-D8-A1Y2-01A-11R-A157-07,0.8102126470903429,1
TCGA-5P-A9JY-01A-11R-A42S-07,0.48685221740201146,1
TCGA-AR-A1AI-01A-11R-A12P-07,0.8622315963881402,1
TCGA-56-7823-01B-11R-2247-07,0.548398257143506,1
TCGA-O2-A52V-01A-31R-A262-07,0.4659024079424824,1
TCGA-B0-4816-01A-01R-1503-07,0.3738123455662683,1
TCGA-MH-A55W-01A-11R-A26U-07,0.5762168235583396,1
TCGA-AN-A0FD-01A-11R-A034-07,0.8590225793477193,1
TCGA-3A-A9IB-01A-21R-A39D-07,0.9340312302324429,1
TCGA-P4-A5EA-01A-11R-A28H-07,0.8862096924463285,1
TCGA-XV-A9VZ-01A-11R-A38C-07,0.9099838656669494,0
TCGA-BC-A10U-01A-11R-A131-07,0.6182920169476808,0
TCGA-B6-A0I9-01A-11R-A034-07,0.8892983121105775,0
TCGA-B0-5119-01A-02R-1420-07,0.33356980949398196,0
TCGA-AR-A2LR-01A-12R-A18M-07,0.9197042710915618,0
TCGA-22-5472-01A-01R-1635-07,0.5896163761321203,1
TCGA-GI-A2C8-01A-11R-A16F-07,0.8890855620407581,0
TCGA-44-2666-01A-01R-0946-07,0.8908345656979304,1
TCGA-25-1632-01A-01R-1566-13,0.7604420639998053,1
TCGA-78-7540-01A-11R-2066-07,0.6698911686182949,1
TCGA-BH-A0AV-01A-31R-A115-07,0.9029564806430526,1
TCGA-AA-3845-01A-01R-1022-07,0.8694146961551136,1
TCGA-78-8655-01A-11R-2403-07,0.882372255248849,1
TCGA-BP-4345-01A-01R-1289-07,0.40399048044011243,1
TCGA-98-A539-01A-31R-A262-07,0.48229513316558204,0
TCGA-50-6594-01A-11R-1755-07,0.9036277425896412,1
TCGA-49-AARN-01A-21R-A41B-07,0.7676242301302064,1
TCGA-A3-3358-01A-01R-1541-07,0.3500915111368149,1
TCGA-13-1483-01A-01R-1565-13,0.721953984537547,0
TCGA-KK-A7B2-01A-12R-A32O-07,0.27461346061953146,1
TCGA-49-AAQV-01A-11R-A39D-07,0.8105577603060212,0
TCGA-EV-5902-01A-11R-1592-07,0.7004174994315624,0
TCGA-AC-A6IX-01A-12R-A32P-07,0.8406267200611408,1
TCGA-BW-A5NQ-01A-11R-A27V-07,0.5536959866617597,0
TCGA-B6-A0WW-01A-11R-A109-07,0.8343580619349825,0
TCGA-R6-A8W8-01B-11R-A37I-31,0.8402498905462034,1
TCGA-XV-AAZW-01A-12R-A40A-07,0.5882399439534999,0
TCGA-BP-4173-01A-02R-1289-07,0.3257774400616658,1
TCGA-HZ-A49G-01A-11R-A26U-07,0.8937048770790695,0
TCGA-22-1012-01A-01R-0692-07,0.5582144281819991,1
TCGA-BH-A0C7-01B-11R-A115-07,0.8628460535243407,1
TCGA-CC-A7IL-01A-11R-A33R-07,0.3326569487772198,1
TCGA-E9-A1RA-01A-11R-A14D-07,0.8191154984456432,1
TCGA-YL-A8HM-01A-11R-A36G-07,0.8398408422475626,0
TCGA-AC-A3HN-01A-11R-A213-07,0.5894005672445493,1
TCGA-D8-A1X8-01A-11R-A14M-07,0.7304589113234884,1
TCGA-78-7159-01A-11R-2039-07,0.750408972956161,1
TCGA-AR-A1AK-01A-21R-A12P-07,0.8062021272172138,1
TCGA-Y8-A8RY-01A-11R-A37K-07,0.356074639117816,1
TCGA-DD-AAED-01A-12R-A41C-07,0.5743381596734144,1
TCGA-AN-A0XV-01A-11R-A109-07,0.8499589990507016,1
TCGA-BP-4775-01A-01R-1289-07,0.6306642036726616,1
TCGA-24-1556-01A-01R-1566-13,0.701073469972401,1
TCGA-44-6148-01A-11R-1755-07,0.7950118108445244,1
TCGA-DD-A3A9-01A-11R-A266-07,0.4615169207439853,0
TCGA-XK-AAJU-01A-11R-A41O-07,0.37856640580648915,1
TCGA-A6-3809-01B-04R-A277-07,0.6388702960637873,1
TCGA-UZ-A9PO-01A-11R-A38C-07,0.4830154443273736,0
TCGA-05-4398-01A-01R-1206-07,0.8478648485537548,0
TCGA-AK-3436-01A-02R-1325-07,0.7046608089374853,1
TCGA-D9-A4Z2-01A-11R-A24X-07,0.38448761199870474,1
TCGA-44-8119-01A-11R-2241-07,0.8493491450115904,1
TCGA-EB-A97M-01A-11R-A38C-07,0.31086184637701275,1
TCGA-YL-A8HK-01A-11R-A36G-07,0.7771310528006806,1
TCGA-GL-A59T-01A-21R-A28H-07,0.48221314401756976,1
TCGA-90-7767-01A-11R-2125-07,0.5990790328083442,1
TCGA-DV-5568-01A-01R-1541-07,0.4434898929721434,1
TCGA-A4-A5Y0-01A-11R-A31O-07,0.7618513684829655,0
TCGA-BF-A1PZ-01A-11R-A18S-07,0.3059559284440726,1
TCGA-2J-AAB4-01A-12R-A41B-07,0.8796504255390358,0
TCGA-AC-A8OQ-01A-11R-A41B-07,0.9405513657419083,1
TCGA-DD-AACT-01A-11R-A41C-07,0.36766827150348147,0
TCGA-18-3412-01A-01R-0980-07,0.4935103995423304,1
TCGA-A2-A4S2-01A-12R-A266-07,0.8151742691811567,0
TCGA-H9-A6BY-01A-11R-A30B-07,0.3152747640009056,0
TCGA-DW-7837-01A-11R-2139-07,0.5902952220203063,1
TCGA-AA-3552-01A-01R-0821-07,0.6902305314538422,1
TCGA-UZ-A9PN-01A-11R-A38C-07,0.913273955972811,1
TCGA-NC-A5HO-01A-11R-A26W-07,0.6799661887413484,1
TCGA-B8-A8YJ-01A-13R-A39I-07,0.4097284118155762,1
TCGA-A2-A04Q-01A-21R-A034-07,0.9195210044273385,1
TCGA-HC-A6AQ-01A-11R-A30B-07,0.15548746787400206,1
TCGA-DV-A4VX-01A-11R-A266-07,0.7244412190352453,1
TCGA-FC-A6HD-01A-11R-A31N-07,0.5000441689973675,0
TCGA-F2-A44G-01A-11R-A26U-07,0.9110990909921391,0
TCGA-AZ-4681-01A-01R-1410-07,0.46943783086628893,1
TCGA-VP-A87J-01A-11R-A352-07,0.7910728335365947,0
TCGA-C8-A8HQ-01A-11R-A36F-07,0.9211053511912334,0
TCGA-YJ-A8SW-01A-11R-A37L-07,0.8845204231796676,1
TCGA-63-7020-01A-11R-1949-07,0.5488029175578892,0
TCGA-66-2754-01A-01R-0980-07,0.7102535803480017,1
TCGA-04-1343-01A-01R-1564-13,0.6360959535507491,1
TCGA-KK-A7AV-01A-11R-A32O-07,0.380285099960624,1
TCGA-HC-A632-01A-11R-A29R-07,0.8709705364727696,0
TCGA-DD-AACE-01A-11R-A41C-07,0.5072920505264504,0
TCGA-23-1809-01A-01R-1566-13,0.8678256355229115,1
TCGA-JY-A939-01A-12R-A37I-31,0.8363381419700311,1
TCGA-25-1627-01A-01R-1566-13,0.7888850177886618,1
TCGA-IB-AAUP-01A-11R-A37L-07,0.9337484892114183,1
TCGA-RC-A6M3-01A-11R-A32O-07,0.8053292496646448,1
TCGA-E9-A1RH-01A-21R-A169-07,0.8978231467993077,0
TCGA-KK-A8IH-01A-11R-A36G-07,0.8157108826394768,1
TCGA-AA-3869-01A-01R-1022-07,0.6876752442230072,0
TCGA-B0-5116-01A-02R-1420-07,0.6886930341890325,1
TCGA-GF-A2C7-01A-11R-A18T-07,0.3951108570336973,1
TCGA-BH-A5J0-01A-11R-A27Q-07,0.700666157002379,1
TCGA-66-2727-01A-01R-0980-07,0.5404782712700126,1
TCGA-CM-6163-01A-11R-1653-07,0.7266624847190337,1
TCGA-55-A490-01A-11R-A466-07,0.8877578880194898,0
TCGA-AA-3976-01A-01R-1022-07,0.40908212405569405,1
TCGA-A6-2679-01A-02R-1410-07,0.528104094517388,0
TCGA-BP-5182-01A-01R-1426-07,0.3971886806597589,1
TCGA-56-8083-01A-11R-2247-07,0.7489608517579006,1
TCGA-55-8299-01A-11R-2287-07,0.8042577035190961,0
TCGA-LN-A8I1-01A-11R-A36D-31,0.9030103298266037,0
TCGA-SX-A7SU-01A-11R-A36F-07,0.5731854710852681,1
TCGA-E9-A295-01A-11R-A16F-07,0.8856116378118208,1
TCGA-EJ-7218-01B-11R-A32O-07,0.43529488915236403,1
TCGA-E2-A2P5-01A-11R-A19W-07,0.8576658222334265,1
TCGA-A2-A0ES-01A-11R-A115-07,0.5417260156038225,1
TCGA-CK-5916-01A-11R-1653-07,0.8181999890473044,1
TCGA-EJ-A65E-01A-11R-A29R-07,0.6269592184404683,0
TCGA-OL-A66K-01A-11R-A29R-07,0.8230654667424513,1
TCGA-44-6774-01A-21R-1858-07,0.7172662342407979,1
TCGA-V1-A9Z7-01A-11R-A41O-07,0.8608137646208224,1
TCGA-ER-A196-01A-11R-A18T-07,0.7890981383042538,1
TCGA-2J-AABI-01A-12R-A41B-07,0.9738418461073362,1
TCGA-GJ-A9DB-01A-11R-A37K-07,0.36688728365083645,1
TCGA-A8-A0A7-01A-11R-A00Z-07,0.8906941392591438,1
TCGA-L5-A4ON-01A-11R-A260-31,0.8181293191112686,1
TCGA-F4-6806-01A-11R-1839-07,0.606683986812502,0
TCGA-66-2792-01A-01R-0980-07,0.44146359899155735,1
TCGA-A8-A08R-01A-11R-A034-07,0.9013973277112864,1
TCGA-E2-A1LH-01A-11R-A14D-07,0.9164761933367582,1
TCGA-24-1550-01A-01R-1566-13,0.8396464182525483,0
TCGA-44-7660-01A-11R-2066-07,0.9246115987131714,1
TCGA-85-A53L-01A-21R-A26W-07,0.6797133987566665,0
TCGA-MR-A8JO-01A-12R-A36F-07,0.5931104851687139,1
TCGA-44-5643-01A-01R-1628-07,0.9308828395873453,1
TCGA-90-6837-01A-11R-1949-07,0.7270711303672338,0
TCGA-DD-AAC9-01A-11R-A41C-07,0.17910050332469468,0
TCGA-BH-A203-01A-12R-A169-07,0.9051618192660403,1
TCGA-B8-4146-01B-11R-1672-07,0.5441240535279507,1
TCGA-24-1430-01A-01R-1566-13,0.7306925930195975,1
TCGA-BH-A5IZ-01A-11R-A27Q-07,0.9426288415930525,1
TCGA-78-7633-01A-11R-2066-07,0.7886129985322239,1
TCGA-A6-2686-01A-01R-A32Z-07,0.8769994239649445,1
TCGA-NC-A5HF-01A-11R-A26W-07,0.5933331311808454,1
TCGA-BQ-5882-01A-11R-1592-07,0.9174183042157621,1
TCGA-IB-AAUM-01A-11R-A37L-07,0.9461513136317845,1
TCGA-BF-AAP7-01A-11R-A40A-07,0.3003151430537941,1
TCGA-NJ-A4YG-01A-22R-A262-07,0.7781289031081329,0
TCGA-AA-3846-01A-01R-1022-07,0.5222708542934313,1
TCGA-UN-AAZ9-01A-11R-A38C-07,0.8641877861832672,0
TCGA-HC-A76X-01A-11R-A33R-07,0.35697985385233566,1
TCGA-25-2042-01A-01R-1568-13,0.7899703549954497,1
TCGA-F4-6459-01A-11R-1774-07,0.8419691204286943,1
TCGA-A7-A13F-01A-11R-A12P-07,0.8889735597962595,0
TCGA-A2-A0CP-01A-11R-A034-07,0.6379991903261846,1
TCGA-KK-A5A1-01A-11R-A29R-07,0.8109719511392146,0
TCGA-F2-6879-01A-11R-2156-07,0.930179194627791,1
TCGA-A8-A099-01A-11R-A00Z-07,0.8413466868234346,1
TCGA-DD-AADP-01A-11R-A39D-07,0.36785478056240056,1
TCGA-A6-5657-01A-01R-A32Z-07,0.7429802071563747,1
TCGA-A8-A09M-01A-11R-A00Z-07,0.8888868829019828,1
TCGA-CH-5744-01A-11R-1580-07,0.5940732577097009,1
TCGA-43-6771-01A-11R-1820-07,0.6731730130190524,1
TCGA-LN-A4A5-01A-21R-A260-31,0.8625248540312248,1
TCGA-BH-A0BZ-01A-31R-A12P-07,0.8817799781643195,0
TCGA-05-4395-01A-01R-1206-07,0.8277427035489573,1
TCGA-BP-5178-01A-01R-1426-07,0.5457390487001749,1
TCGA-B6-A0RI-01A-11R-A056-07,0.7946061618598927,0
TCGA-63-A5MB-01A-11R-A26W-07,0.6334187656341425,1
TCGA-AQ-A04J-01A-02R-A034-07,0.8381051327574827,1
TCGA-77-8133-01A-12R-2247-07,0.5094212523054437,0
TCGA-B0-5399-01A-01R-1503-07,0.41691706451697136,1
TCGA-B8-A54I-01A-21R-A33J-07,0.6045236938536599,1
TCGA-61-1910-01A-01R-1567-13,0.8159923687381485,1
TCGA-A8-A07R-01A-21R-A034-07,0.9083832799739784,1
TCGA-CJ-4905-01A-02R-1426-07,0.1620113217307421,1
TCGA-AA-3525-01A-02R-0826-07,0.5050811255922019,1
TCGA-78-8662-01A-11R-2403-07,0.9158947534686593,1
TCGA-B6-A0IB-01A-11R-A034-07,0.8318872344570277,0
TCGA-EJ-7328-01A-31R-2118-07,0.5816024314235213,1
TCGA-BQ-5875-01A-11R-1592-07,0.756022128348846,1
TCGA-IB-7649-01A-11R-2156-07,0.9095178777541886,0
TCGA-49-4494-01A-01R-1206-07,0.7722058068342444,1
TCGA-AR-A24P-01A-11R-A169-07,0.6029842933861933,1
TCGA-AA-3542-01A-02R-1873-07,0.2874361130662025,0
TCGA-DM-A28H-01A-11R-A16W-07,0.7081951181314761,0
TCGA-O2-A5IB-01A-11R-A27Q-07,0.6742246421333784,0
TCGA-A8-A06X-01A-21R-A00Z-07,0.9006939718462048,1
TCGA-BH-A28O-01A-11R-A22K-07,0.40275554478123043,1
TCGA-EJ-7115-01A-11R-2118-07,0.39498398335097484,1
TCGA-DW-5560-01A-01R-1592-07,0.617168218234323,1
TCGA-29-1703-01A-01R-1567-13,0.7606374415793222,1
TCGA-AA-3680-01A-01R-0905-07,0.6357626747207736,1
TCGA-CC-A8HU-01A-11R-A36F-07,0.4515568446264703,1
TCGA-D8-A27P-01A-11R-A16F-07,0.6860534263447241,1
TCGA-3P-A9WA-01A-11R-A406-31,0.7938644999785089,0
TCGA-BH-A1F6-01A-11R-A13Q-07,0.9394136904291074,1
TCGA-63-5128-01A-01R-1443-07,0.6067904705123992,0
TCGA-RC-A7SF-01A-11R-A352-07,0.39936761805752496,0
TCGA-BH-A202-01A-11R-A14M-07,0.8084353651634306,1
TCGA-DD-AAD8-01A-11R-A41C-07,0.5175914520603278,1
TCGA-EU-5904-01A-11R-1672-07,0.29322668568306265,1
TCGA-55-8508-01A-11R-2403-07,0.8689111139869918,1
TCGA-B3-A6W5-01A-12R-A33Z-07,0.5348866211910075,0
TCGA-78-7155-01A-11R-2039-07,0.9107632072848719,1
TCGA-24-2297-01A-01R-1568-13,0.7360199378664496,0
TCGA-A8-A09W-01A-11R-A00Z-07,0.8736940920463552,1
TCGA-B9-4617-01A-01R-1193-07,0.5870884271800193,0
TCGA-A8-A09B-01A-11R-A00Z-07,0.7657426122562303,1
TCGA-JY-A6FA-01A-11R-A336-31,0.8983298213574227,1
TCGA-97-A4M1-01A-11R-A24X-07,0.6798969227732237,0
TCGA-GL-A9DD-01A-11R-A37K-07,0.5041709811318292,1
TCGA-A3-A6NN-01A-12R-A33J-07,0.3043466361007132,1
TCGA-18-3416-01A-01R-0980-07,0.6039969715283338,1
TCGA-EJ-5515-01A-01R-1580-07,0.2777315660634685,1
TCGA-D5-6539-01A-11R-1723-07,0.5815507632630514,1
TCGA-BH-A18N-01A-11R-A12D-07,0.8312302695166432,0
TCGA-BP-4167-01A-02R-1325-07,0.47225012885419687,1
TCGA-A2-A0CR-01A-11R-A22K-07,0.3645870604076926,1
TCGA-56-8628-01A-11R-2403-07,0.5258135794035876,1
TCGA-55-8621-01A-11R-2403-07,0.6224548295647451,1
TCGA-CC-A7II-01A-11R-A33J-07,0.7354265420727253,1
TCGA-85-6560-01A-11R-1820-07,0.8161958754723619,1
TCGA-AR-A24W-01A-11R-A169-07,0.505803559663968,1
TCGA-85-6175-01A-11R-1820-07,0.3957129162954274,1
TCGA-86-7954-01A-11R-2187-07,0.8684270861011427,1
TCGA-CC-A9FS-01A-11R-A37K-07,0.59748294468358,1
TCGA-25-1870-01A-01R-1567-13,0.8374450745125877,1
TCGA-63-7022-01A-11R-1949-07,0.5026818603470887,1
TCGA-R6-A6KZ-01A-11R-A31P-31,0.8678969823838888,1
TCGA-AA-3562-01A-02R-0821-07,0.49166403911937706,1
TCGA-D5-6541-01A-11R-1723-07,0.8418008713612689,1
TCGA-PJ-A5Z8-01A-11R-A28H-07,0.8620002995466118,0
TCGA-BP-5010-01A-02R-1420-07,0.5598970620021957,0
TCGA-66-2790-01A-01R-0980-07,0.6956340306657388,1
TCGA-AL-A5DJ-01A-11R-A26U-07,0.8810349512578662,1
TCGA-AR-A0TR-01A-11R-A084-07,0.8019269542311867,0
TCGA-AA-3979-01A-01R-1022-07,0.5372626701372223,1
TCGA-A1-A0SJ-01A-11R-A084-07,0.871826697556137,1
TCGA-AO-A0JA-01A-11R-A056-07,0.8413124714007597,1
TCGA-86-A4JF-01A-11R-A24X-07,0.866006107215828,1
TCGA-Z6-A8JD-01A-11R-A36D-31,0.896189183019136,1
TCGA-92-7341-01A-31R-2045-07,0.37938664389195054,1
TCGA-E2-A15O-01A-11R-A115-07,0.8540035668838275,0
TCGA-V1-A9O9-01A-11R-A41O-07,0.7424395695306273,1
TCGA-67-6215-01A-11R-1755-07,0.8060202238287743,0
TCGA-AY-6386-01A-21R-1723-07,0.5768626928312738,1
TCGA-LN-A4A3-01A-11R-A260-31,0.8797265276058298,1
TCGA-44-6778-01A-11R-1858-07,0.7703264555342727,0
TCGA-RU-A8FL-01A-11R-A37K-07,0.731197258188325,1
TCGA-G3-AAV1-01A-11R-A38B-07,0.4345272844471587,0
TCGA-CH-5745-01A-11R-1580-07,0.7521773268380596,0
TCGA-85-8580-01A-31R-2403-07,0.48125637344893174,1
TCGA-AK-3454-01A-02R-1277-07,0.26276631061756256,1
TCGA-M7-A722-01A-12R-A36G-07,0.6291025578538928,1
TCGA-3A-A9IN-01A-11R-A39D-07,0.9449118888535744,1
TCGA-49-4501-01A-01R-1206-07,0.5995115986445071,1
TCGA-44-7667-01A-31R-2066-07,0.8660418551592982,1
TCGA-86-7714-01A-12R-2170-07,0.7371539582372602,1
TCGA-34-5929-01A-11R-1820-07,0.6012421998745994,0
TCGA-BC-A10R-01A-11R-A131-07,0.5819454410648197,1
TCGA-39-5027-01A-21R-1820-07,0.49676509307356587,1
TCGA-AA-A00E-01A-01R-A002-07,0.7612146098024543,1
TCGA-22-5473-01A-01R-1635-07,0.39338040720223305,0
TCGA-LL-A7T0-01A-31R-A352-07,0.8589209901435414,1
TCGA-13-1410-01A-01R-1565-13,0.7396473510627782,1
TCGA-G9-6377-01A-11R-1965-07,0.5595788258678563,1
TCGA-EJ-7784-01A-11R-2118-07,0.5533209340912303,1
TCGA-51-4081-01A-01R-1100-07,0.43696263071400127,0
TCGA-5P-A9JW-01A-11R-A42S-07,0.6707016324895928,0
TCGA-DV-5567-01A-01R-1541-07,0.39581028984384126,1
TCGA-BH-A1FU-01A-11R-A14D-07,0.7422429030863811,0
TCGA-AR-A1AR-01A-31R-A137-07,0.8604178467859662,1
TCGA-43-7658-01A-11R-2125-07,0.67986915356328,1
TCGA-BF-A1PU-01A-11R-A18S-07,0.3663080800606724,0
TCGA-CM-6171-01A-11R-1653-07,0.8193983838615856,1
TCGA-EW-A1J2-01A-21R-A13Q-07,0.4126873248852204,1
TCGA-UB-A7MF-01A-11R-A33J-07,0.6181716848875487,0
TCGA-DD-AAD0-01A-11R-A41C-07,0.5172544653752135,0
TCGA-85-6561-01A-11R-1820-07,0.370630402154071,1
TCGA-G9-6367-01A-11R-1789-07,0.4477013109978426,1
TCGA-DM-A1D9-01A-11R-A155-07,0.6323777992226581,1
TCGA-EJ-7783-01A-11R-2118-07,0.33378153047067927,1
TCGA-33-AASD-01A-11R-A405-07,0.6143788546800035,1
TCGA-97-8177-01A-11R-2287-07,0.6799323240701896,1
TCGA-NH-A6GA-01A-11R-A37K-07,0.7869199299154702,0
TCGA-BH-A1FC-01A-11R-A13Q-07,0.926615053064603,1
TCGA-BP-4165-01A-02R-1289-07,0.22280413912660474,1
TCGA-AA-A02R-01A-01R-A00A-07,0.7310714876524749,1
TCGA-AD-6899-01A-11R-1928-07,0.799997234568182,1
TCGA-LN-A4MQ-01A-11R-A28J-31,0.8653388525579463,1
TCGA-KK-A59Z-01A-12R-A26U-07,0.8106141702269241,1
TCGA-MI-A75H-01A-11R-A32O-07,0.24911880452356722,0
TCGA-38-4630-01A-01R-1206-07,0.9221520738225623,1
TCGA-EP-A3RK-01A-11R-A22L-07,0.39302087487285786,1
TCGA-5C-A9VG-01A-11R-A37K-07,0.7442393459861407,1
TCGA-BH-A0E7-01A-11R-A034-07,0.7872387117004813,1
TCGA-AA-3956-01A-02R-1022-07,0.5679019588010618,0
TCGA-HC-8216-01A-11R-A29R-07,0.7486159995635571,1
TCGA-EJ-5519-01A-01R-1580-07,0.7449857728218462,1
TCGA-AA-3949-01A-01R-1022-07,0.5415285149656919,0
TCGA-B0-5121-01A-02R-1420-07,0.19710272330344702,1
TCGA-10-0926-01A-01R-1564-13,0.760097061801874,1
TCGA-AK-3451-01A-02R-1188-07,0.4780652600677229,1
TCGA-A8-A085-01A-11R-A00Z-07,0.9201796890408173,0
TCGA-BH-A18M-01A-11R-A12D-07,0.6591726905101076,1
TCGA-G4-6315-01A-11R-1723-07,0.380745557186069,1
TCGA-MP-A4TE-01A-22R-A466-07,0.8178926751256762,1
TCGA-EB-A4IS-01A-21R-A266-07,0.501442626413252,1
TCGA-AN-A0AS-01A-11R-A00Z-07,0.8957264934093979,1
TCGA-CW-5583-01A-02R-1541-07,0.13387850705635845,1
TCGA-BH-A18T-01A-11R-A12D-07,0.8780541200826617,0
TCGA-E9-A22E-01A-11R-A157-07,0.772565673007638,1
TCGA-A2-A1FW-01A-11R-A13Q-07,0.8705063515607908,1
TCGA-H6-A45N-01A-11R-A26U-07,0.7584093048791248,1
TCGA-A2-A0SW-01A-11R-A084-07,0.8919410847420842,0
TCGA-B0-5712-01A-11R-1672-07,0.7398723328189846,1
TCGA-85-8277-01A-11R-2296-07,0.572717480865875,1
TCGA-E2-A1II-01A-11R-A144-07,0.9068552040759954,1
TCGA-24-2267-01A-01R-1568-13,0.6987071399223866,1
TCGA-77-8131-01A-11R-2247-07,0.5424089099931824,1
TCGA-3A-A9IZ-01A-12R-A41B-07,0.9514968185207864,0
TCGA-55-7816-01A-11R-2170-07,0.847143077219855,1
TCGA-AA-3509-01A-01R-1410-07,0.6037023867242076,1
TCGA-25-1322-01A-01R-1565-13,0.7301413593328069,1
TCGA-35-5375-01A-01R-1628-07,0.8446783668809593,1
TCGA-CJ-4918-01A-01R-1426-07,0.4517641606647008,1
TCGA-ED-A66X-01A-11R-A311-07,0.5712126264306367,1
TCGA-FV-A3I0-01A-11R-A22L-07,0.8351023763588776,0
TCGA-AO-A0JG-01A-31R-A084-07,0.8259758289584366,1
TCGA-XJ-A9DK-01A-11R-A37L-07,0.6692395569588303,1
TCGA-BH-A0BT-01A-11R-A12P-07,0.8157860355951935,1
TCGA-29-1783-01A-01R-1567-13,0.66178228525728,0
TCGA-QG-A5Z1-01A-11R-A28H-07,0.7886884082445795,1
TCGA-F4-6805-01A-11R-1839-07,0.6407184516349322,1
TCGA-18-4086-01A-01R-1100-07,0.3120715725736229,1
TCGA-99-8028-01A-11R-2241-07,0.595424705153252,1
TCGA-B0-5109-01A-02R-1420-07,0.8950973530088252,1
TCGA-E2-A1B6-01A-31R-A12P-07,0.8564362046831253,1
TCGA-S4-A8RM-01A-11R-A37L-07,0.9265739089171429,1
TCGA-49-4486-01A-01R-1206-07,0.6562477015833447,1
TCGA-E9-A248-01A-11R-A169-07,0.900444215076892,1
TCGA-IB-AAUR-01A-21R-A38C-07,0.9044044735415045,1
TCGA-BC-A69I-01A-11R-A311-07,0.3269172079074109,1
TCGA-AC-A23G-01A-11R-A213-07,0.6231380241463671,0
TCGA-DD-AADG-01A-11R-A41C-07,0.29917582607330057,0
TCGA-A8-A08S-01A-11R-A034-07,0.8104150202282686,1
TCGA-D8-A27G-01A-11R-A16F-07,0.8136686725188336,1
TCGA-A2-A0YT-01A-11R-A109-07,0.8507252993101637,1
TCGA-2H-A9GH-01A-11R-A37I-31,0.8548430347135697,1
TCGA-GM-A4E0-01A-12R-A266-07,0.7358613558705074,1
TCGA-86-8358-01A-11R-2326-07,0.8839785137363833,1
TCGA-39-5034-01A-01R-1443-07,0.8175317024245151,1
TCGA-E9-A1N3-01A-12R-A157-07,0.75663881621806,1
TCGA-91-8496-01A-11R-2403-07,0.6512696706517312,1
TCGA-KC-A7FE-01A-12R-A33R-07,0.2155085883859921,1
TCGA-04-1655-01A-01R-1566-13,0.8242959830672161,1
TCGA-A4-7584-01A-11R-2139-07,0.5989086828561542,1
TCGA-HZ-7918-01A-11R-2156-07,0.9434953262761705,1
TCGA-AK-3440-01A-02R-1277-07,0.8350362171522204,0
TCGA-CZ-4857-01A-01R-1305-07,0.6906251967602306,1
TCGA-B9-4116-01A-02R-1351-07,0.8529664645979524,1
TCGA-DZ-6133-01A-11R-1965-07,0.4429019788653875,0
TCGA-J9-A52E-01A-11R-A26U-07,0.9121537432985946,1
TCGA-ER-A2NB-01A-12R-A18S-07,0.6410531168500945,1
TCGA-A3-3346-01A-01R-1766-07,0.8277654905450283,1
TCGA-3A-A9IO-01A-11R-A38C-07,0.9571628474871303,1
TCGA-BP-4325-01A-02R-1289-07,0.43821292005839296,1
TCGA-IB-7889-01A-11R-2156-07,0.9405573065142571,0
TCGA-A8-A07F-01A-11R-A00Z-07,0.7326795622280262,1
TCGA-78-7162-01A-21R-2066-07,0.6343207801831904,1
TCGA-IB-7644-01A-11R-2156-07,0.9196399330504009,0
TCGA-36-1569-01A-01R-1566-13,0.7380160733951853,0
TCGA-52-7622-01A-11R-2125-07,0.3367187875716566,1
TCGA-69-8453-01A-12R-2326-07,0.6620471532115894,1
TCGA-OL-A66N-01A-12R-A31O-07,0.792800384626007,1
TCGA-CC-A9FV-01A-11R-A37K-07,0.858590506644685,1
TCGA-XD-AAUI-01A-42R-A41B-07,0.906874924388085,1
TCGA-GM-A2DN-01A-11R-A180-07,0.8320819288180256,0
TCGA-G3-A3CK-01A-11R-A213-07,0.2134824480130735,0
TCGA-BP-4771-01A-01R-1289-07,0.3392651972816825,0
TCGA-DD-AACO-01A-11R-A41C-07,0.5951703318981658,1
TCGA-75-7031-01A-11R-1949-07,0.8718618101868604,1
TCGA-24-1552-01A-01R-1566-13,0.7944460257817213,1
TCGA-85-8287-01A-11R-2296-07,0.6098481588194229,0
TCGA-AY-6197-01A-11R-1723-07,0.7652381395123967,1
TCGA-96-A4JK-01A-11R-A24Z-07,0.550051175133612,1
TCGA-C8-A12Z-01A-11R-A115-07,0.8002182591466047,1
TCGA-E9-A3Q9-01A-11R-A21T-07,0.886532519748495,1
TCGA-AC-A8OR-01A-21R-A41B-07,0.8904422733881304,1
TCGA-44-5644-01A-21R-2039-07,0.9192804908534564,1
TCGA-A2-A0T3-01A-21R-A115-07,0.9221192445745153,1
TCGA-A4-8098-01A-11R-2404-07,0.8977173100529698,1
TCGA-EB-A82C-01A-11R-A352-07,0.4676001175641757,0
TCGA-DM-A1D0-01A-11R-A155-07,0.7743590846412622,1
TCGA-BF-AAP1-01A-11R-A39D-07,0.43170614649749345,1
TCGA-S3-AA12-01A-11R-A41B-07,0.8226342523147622,0
TCGA-24-2024-01A-02R-1568-13,0.7794273442633437,1
TCGA-24-2026-01A-01R-1567-13,0.8841545280849485,1
TCGA-G7-6796-01A-11R-1965-07,0.7607729452402436,1
TCGA-AL-3473-01A-01R-1193-07,0.9335449182107661,1
TCGA-Y8-A894-01A-11R-A36F-07,0.7425484024831048,1
TCGA-22-5483-01A-01R-1820-07,0.6755089444134473,1
TCGA-CJ-4644-01A-02R-1325-07,0.4226255457405283,1
TCGA-22-5489-01A-01R-1635-07,0.517813331938134,1
TCGA-D8-A1JP-01A-11R-A13Q-07,0.9091428465371211,0
TCGA-B9-A5W9-01A-11R-A28H-07,0.7313188420244274,1
TCGA-13-0886-01A-01R-1569-13,0.7380607649912623,1
TCGA-EB-A4P0-01A-41R-A266-07,0.4490503802501326,1
TCGA-G4-6307-01A-11R-1723-07,0.6342358793739751,0
TCGA-DD-AAEH-01A-11R-A41C-07,0.3907544281654286,1
TCGA-FV-A2QQ-01A-11R-A22L-07,0.15295601393576308,0
TCGA-MP-A4SW-01A-21R-A24X-07,0.7499670118158269,1
TCGA-P4-A5ED-01A-11R-A28H-07,0.9020326137122996,1
TCGA-CA-6719-01A-11R-1839-07,0.7141586057017437,1
TCGA-AY-4071-01A-01R-1113-07,0.5339893400948769,1
TCGA-B8-4622-01A-02R-1277-07,0.22552314104923055,1
TCGA-AO-A1KP-01A-11R-A13Q-07,0.7920144560711548,1
TCGA-A8-A081-01A-11R-A00Z-07,0.8938301497071863,0
TCGA-24-2262-01A-01R-1568-13,0.8693101469461955,1
TCGA-3A-A9I7-01A-21R-A38C-07,0.9222274522419516,1
TCGA-A2-A0CW-01A-21R-A115-07,0.9103675753057061,1
TCGA-UZ-A9Q0-01A-12R-A42S-07,0.363700917601928,1
TCGA-56-8082-01A-11R-2247-07,0.6948147560493094,0
TCGA-39-5019-01A-01R-1820-07,0.5181242188841819,1
TCGA-G3-A5SI-01A-31R-A27V-07,0.5223791412600675,1
TCGA-A2-A0EX-01A-21R-A034-07,0.7981908877361455,1
TCGA-AR-A2LJ-01A-12R-A19W-07,0.6461421161779108,1
TCGA-R6-A6DN-01B-11R-A31P-31,0.880294883229322,1
TCGA-B0-4842-01A-02R-1420-07,0.7489322978096602,1
TCGA-90-A4EE-01A-11R-A24Z-07,0.5280069244190427,0
TCGA-DW-7834-01A-11R-2139-07,0.6978427606291896,1
TCGA-A3-3317-01A-02R-1325-07,0.6248749445044316,1
TCGA-LN-A7HY-01A-12R-A354-31,0.909665664259734,0
TCGA-B0-5080-01A-01R-1503-07,0.40610778468773867,1
TCGA-DD-AAW3-01A-11R-A41C-07,0.32971067406058086,1
TCGA-CM-5862-01A-01R-1653-07,0.7011265783976849,1
TCGA-G9-6494-01A-11R-1789-07,0.48006060235060005,0
TCGA-2J-AABT-01A-11R-A41B-07,0.9225773008906476,1
TCGA-AA-3693-01A-01R-0905-07,0.5826187189163547,0
TCGA-2V-A95S-01A-11R-A37K-07,0.6399920703441038,1
TCGA-44-7669-01A-21R-2066-07,0.8624594118617351,0
TCGA-BP-5008-01A-01R-1334-07,0.2155333047615537,1
TCGA-D5-6920-01A-11R-1928-07,0.6080705044308112,1
TCGA-K7-A5RG-01A-11R-A28V-07,0.6555039884097519,1
TCGA-BP-4795-01A-02R-1420-07,0.2896677736902529,1
TCGA-18-3419-01A-01R-0980-07,0.7954962929719306,0
TCGA-G9-6332-01A-11R-1789-07,0.5336557100210815,1
TCGA-56-8309-01A-11R-2296-07,0.4503287953727149,1
TCGA-AC-A23E-01A-11R-A157-07,0.5509288247187104,1
TCGA-BQ-7046-01A-11R-1965-07,0.4163487305579186,1
TCGA-AN-A0AT-01A-11R-A034-07,0.93135515542611,1
TCGA-BH-A0E9-01B-11R-A115-07,0.5771016420485753,0
TCGA-AA-3663-01A-01R-1723-07,0.7157720127394707,1
TCGA-A2-A0YI-01A-31R-A10J-07,0.7563954886801066,1
TCGA-34-8456-01A-21R-2326-07,0.6302525694495151,1
TCGA-AR-A1AJ-01A-21R-A12P-07,0.8488507978929596,1
TCGA-44-6145-01A-11R-1755-07,0.7426953282400225,1
TCGA-BP-4344-01A-01R-1289-07,0.2441462441519341,1
TCGA-5C-A9VH-01A-11R-A37K-07,0.4059616854312713,1
TCGA-62-8399-01A-21R-2326-07,0.8795574468481342,0
TCGA-A8-A08T-01A-21R-A00Z-07,0.8403551868861461,1
TCGA-56-7222-01A-11R-2045-07,0.5896824651318595,0
TCGA-PZ-A5RE-01A-11R-A32O-07,0.8949619929455169,1
TCGA-EJ-5509-01A-01R-1580-07,0.6575148154859124,0
TCGA-58-8392-01A-11R-2326-07,0.42930367949970677,1
TCGA-18-5595-01A-01R-1635-07,0.6429064140957096,1
TCGA-29-1695-01A-01R-1567-13,0.8452816124464162,1
TCGA-B0-4833-01A-01R-1305-07,0.37088368180717934,1
TCGA-D8-A27E-01A-11R-A16F-07,0.7766782065695601,0
TCGA-BH-A209-01A-11R-A157-07,0.8408928176920261,1
TCGA-BH-A0W4-01A-11R-A109-07,0.6046264594544134,0
TCGA-DV-5565-01A-01R-1541-07,0.7176876300636982,0
TCGA-94-A5I6-01A-21R-A27Q-07,0.4036294897702096,0
TCGA-61-1725-01A-01R-1567-13,0.6062613092106226,1
TCGA-B0-5098-01A-01R-1420-07,0.9144090899627485,1
TCGA-13-0905-01B-01R-1565-13,0.7765494090601198,1
TCGA-AA-3667-01A-01R-0905-07,0.26272694925478035,1
TCGA-D8-A1XC-01A-11R-A14D-07,0.8421471829694477,0
TCGA-J4-A6M7-01A-11R-A31N-07,0.5696480314793384,1
TCGA-24-1544-01A-01R-1566-13,0.8027901860175084,0
TCGA-YL-A9WJ-01A-11R-A37L-07,0.6786126469151255,1
TCGA-29-1785-01A-01R-1567-13,0.8235209755985451,0
TCGA-98-8020-01A-11R-2247-07,0.5187875961568015,0
TCGA-XJ-A9DQ-01A-11R-A37L-07,0.3663272694621679,0
TCGA-C8-A8HP-01A-11R-A36F-07,0.9170685802554743,1
TCGA-B0-5096-01A-01R-1420-07,0.8581174509328745,1
TCGA-E9-A3QA-01A-61R-A22K-07,0.9162635202688245,1
TCGA-BH-A0WA-01A-11R-A109-07,0.9089647591007195,1
TCGA-66-2791-01A-01R-0980-07,0.4315945183525509,1
TCGA-BH-A0HN-01A-11R-A10U-07,0.7310055844332543,1
TCGA-F4-6463-01A-11R-1723-07,0.7814036977939461,0
TCGA-A2-A1FZ-01A-51R-A14D-07,0.7042674207379154,1
TCGA-VP-AA1N-01A-31R-A41O-07,0.8234596684749872,1
TCGA-A3-3359-01A-01R-0864-07,0.1925104622460191,1
TCGA-AN-A049-01A-21R-A00Z-07,0.8542780992710446,1
TCGA-CZ-5462-01A-01R-1503-07,0.7550372306772355,1
TCGA-CM-6165-01A-11R-1653-07,0.7296583139873017,1
TCGA-DD-A3A3-01A-11R-A22L-07,0.41988261562067936,1
TCGA-AO-A125-01A-11R-A10J-07,0.8016059563013289,1
TCGA-69-7760-01A-11R-2170-07,0.8662336138523656,1
TCGA-KC-A7FD-01A-11R-A33R-07,0.6730019756568583,0
TCGA-UZ-A9PK-01A-11R-A38C-07,0.39705120070433897,1
TCGA-62-8398-01A-11R-2326-07,0.8354719803050059,1
TCGA-B0-4698-01A-01R-1503-07,0.9251761586022187,1
TCGA-L5-A88V-01A-11R-A354-31,0.8776785585849345,1
TCGA-3A-A9IX-01A-11R-A41B-07,0.8821224637856887,1
TCGA-55-A4DG-01A-11R-A24H-07,0.7782451873176044,1
TCGA-EW-A424-01A-11R-A24H-07,0.7853610888551953,1
TCGA-60-2706-01A-01R-0851-07,0.749176819342442,1
TCGA-IA-A40U-01A-11R-A24Z-07,0.6635943170025455,1
TCGA-GM-A3XG-01A-31R-A24H-07,0.6936330649503292,0
TCGA-ZR-A9CJ-01B-11R-A38D-31,0.8613135903231227,1
TCGA-BH-A18G-01A-11R-A12D-07,0.9305215728928338,1
TCGA-G9-6384-01A-11R-1789-07,0.5212089926708693,0
TCGA-67-6216-01A-11R-1755-07,0.802083562386891,1
TCGA-13-1488-01A-01R-1565-13,0.7723130921524595,1
TCGA-G9-6343-01A-21R-1965-07,0.3923759647653327,1
TCGA-90-A59Q-01A-11R-A26W-07,0.702700795577156,1
TCGA-CW-5580-01A-01R-1672-07,0.480798158706626,1
TCGA-25-1625-01A-01R-1566-13,0.8373690489375399,1
TCGA-EJ-A8FS-01A-11R-A352-07,0.6866598480347714,1
TCGA-CM-6164-01A-11R-1653-07,0.5357785347588594,0
TCGA-29-1763-01A-02R-1567-13,0.7498239767676731,0
TCGA-97-7941-01A-11R-2187-07,0.7498803906954582,1
TCGA-B0-4696-01A-01R-1277-07,0.9427059899920598,1
TCGA-AA-3675-01A-02R-0905-07,0.6543157151784634,1
TCGA-HC-A6AS-01A-11R-A30B-07,0.2991865775123855,1
TCGA-LN-A7HW-01A-22R-A354-31,0.8861280216450502,1
TCGA-50-6595-01A-12R-1858-07,0.7902007429908726,0
TCGA-05-4433-01A-22R-1858-07,0.734002068516099,1
TCGA-B0-5113-01A-01R-1420-07,0.2675128082781725,1
TCGA-OL-A66I-01A-21R-A29R-07,0.934504227433155,1
TCGA-GM-A2DL-01A-11R-A18M-07,0.872928363327375,1
TCGA-10-0934-01A-02R-1564-13,0.9090800118947853,1
TCGA-B1-5398-01A-02R-1592-07,0.7878973712756289,1
TCGA-09-1667-01C-01R-1566-13,0.7914223207473986,1
TCGA-69-7979-01A-11R-2187-07,0.8965449434455791,1
TCGA-22-1017-01A-01R-0692-07,0.8002709170061331,1
TCGA-BP-4759-01A-01R-1289-07,0.5046623560300558,1
TCGA-ED-A459-01A-11R-A266-07,0.7331755761346187,1
TCGA-EB-A51B-01A-11R-A27Q-07,0.4801614115294915,1
TCGA-CW-6090-01A-11R-1672-07,0.5885441175964709,1
TCGA-AA-3968-01A-01R-1022-07,0.6118253236873031,1
TCGA-85-8276-01A-11R-2296-07,0.6944357215249017,1
TCGA-D5-6924-01A-11R-1928-07,0.5870688705418888,1
TCGA-95-7947-01A-11R-2187-07,0.8860950249446431,1
TCGA-50-5932-01A-11R-1755-07,0.7946167075222235,1
TCGA-G9-6342-01A-11R-1965-07,0.4783013792556274,1
TCGA-BH-A0H9-01A-11R-A056-07,0.8764268684270499,1
TCGA-AR-A24X-01A-11R-A169-07,0.5784227240627428,1
TCGA-A4-A5Y1-01A-11R-A28H-07,0.9079823631905379,1
TCGA-AR-A1AV-01A-21R-A12P-07,0.8138760394598672,1
TCGA-33-4582-01A-01R-1443-07,0.6615778511337486,1
TCGA-A7-A0DC-01B-04R-A22O-07,0.8017947445370633,1
TCGA-E9-A245-01A-22R-A16F-07,0.8430787157468863,1
TCGA-LN-A49Y-01A-11R-A260-31,0.9004612900105151,1
TCGA-BP-4960-01A-01R-1334-07,0.37684875535567613,1
TCGA-CJ-4641-01A-02R-1325-07,0.39536050460502214,1
TCGA-55-7281-01A-11R-2039-07,0.7423729211399958,1
TCGA-AA-3870-01A-01R-1022-07,0.7284558553459161,1
TCGA-MI-A75E-01A-11R-A32O-07,0.2428340150966202,1
TCGA-DD-A1EF-01A-11R-A131-07,0.6322052270970209,1
TCGA-VR-A8EX-01A-11R-A36D-31,0.8904077124082904,1
TCGA-56-8504-01A-11R-2403-07,0.5549379520896631,1
TCGA-MG-AAMC-01A-11R-A41O-07,0.5944526283670181,0
TCGA-56-A49D-01A-11R-A24H-07,0.7133012196249925,1
TCGA-39-5022-01A-21R-1820-07,0.46639173349500485,0
TCGA-55-7573-01A-11R-2039-07,0.63348574914163,0
TCGA-13-0730-01A-01R-1564-13,0.8096659926600792,1
TCGA-D5-6538-01A-11R-1723-07,0.7563695942440113,1
TCGA-2Y-A9GU-01A-11R-A38B-07,0.4946950781150394,0
TCGA-YL-A8HJ-01A-11R-A36G-07,0.6084116223766235,1
TCGA-05-4396-01A-21R-1858-07,0.7990292007265168,1
TCGA-E2-A1LL-01A-11R-A144-07,0.9477449532134851,1
TCGA-24-2281-01A-01R-1568-13,0.709382404856698,1
TCGA-33-A4WN-01A-11R-A262-07,0.622545877400938,1
TCGA-CZ-5985-01A-11R-1672-07,0.5406191879760581,1
TCGA-GN-A263-01A-11R-A18T-07,0.7206225966515112,1
TCGA-E9-A1RE-01A-11R-A157-07,0.8515718570427103,1
TCGA-E2-A15M-01A-11R-A12D-07,0.6079239878077211,0
TCGA-HC-8262-01A-11R-2263-07,0.6352817679885686,1
TCGA-DM-A0X9-01A-11R-A155-07,0.48842504880950927,1
TCGA-A7-A4SC-01A-12R-A266-07,0.8349041241304901,0
TCGA-AN-A04A-01A-21R-A034-07,0.8502931002247069,0
TCGA-QA-A7B7-01A-11R-A32O-07,0.5932264011533741,1
TCGA-29-2427-01A-01R-1569-13,0.7608678197868187,0
TCGA-25-1633-01A-01R-1566-13,0.8062832196855778,1
TCGA-85-A510-01A-11R-A26W-07,0.7090490497800691,1
TCGA-75-5147-01A-01R-1628-07,0.7905000057622946,0
TCGA-D3-A5GT-01A-12R-A311-07,0.5148543713454683,1
TCGA-49-AARR-01A-11R-A41B-07,0.7263951590058411,1
TCGA-CH-5740-01A-11R-1580-07,0.6590618116767741,1
TCGA-BH-A0W3-01A-11R-A109-07,0.7164023387808425,1
TCGA-13-1487-01A-01R-1565-13,0.7526615252005537,1
TCGA-CZ-5464-01A-01R-1503-07,0.6861071130505254,0
TCGA-HC-A8D1-01A-11R-A36G-07,0.3906234315031685,1
TCGA-13-0884-01B-01R-1565-13,0.6968035651717729,0
TCGA-D8-A1JD-01A-11R-A13Q-07,0.7896592583491764,1
TCGA-61-2009-01A-01R-1568-13,0.8136345582439279,0
TCGA-J4-A67N-01A-11R-A30B-07,0.4786834671377075,1
TCGA-66-2788-01A-01R-0980-07,0.406773997358197,1
TCGA-EJ-5501-01A-01R-1580-07,0.6741602158012746,1
TCGA-BC-4072-01B-11R-A155-07,0.7906706563860183,1
TCGA-LN-A5U7-01A-11R-A31P-31,0.8845884833903279,1
TCGA-IG-A4QT-01A-21R-A260-31,0.8816087901924289,1
TCGA-YL-A9WX-01A-21R-A41O-07,0.5108078155085584,1
TCGA-3A-A9IL-01A-11R-A38C-07,0.9464689818989324,1
TCGA-AD-6965-01A-11R-1928-07,0.6468283278202739,1
TCGA-60-2704-01A-11R-2045-07,0.4667350041765228,1
TCGA-AA-3514-01A-02R-0821-07,0.43184131209941923,1
TCGA-IB-A5ST-01A-11R-A32O-07,0.9358299133383496,1
TCGA-BH-A0DQ-01A-11R-A084-07,0.8070837407197765,1
TCGA-D8-A1XY-01A-11R-A14M-07,0.8365651702534966,1
TCGA-ZG-A9LB-01A-11R-A41O-07,0.7895516647131139,1
TCGA-L5-A4OR-01A-11R-A260-31,0.831562391401322,1
TCGA-LD-A74U-01A-13R-A33J-07,0.6827688639924752,1
TCGA-B8-4148-01A-02R-1325-07,0.39202299284231235,1
TCGA-77-8009-01A-11R-2187-07,0.6136878481480861,1
TCGA-55-7574-01A-11R-2039-07,0.6888074784320307,1
TCGA-XA-A8JR-01A-11R-A36G-07,0.44462390812512204,0
TCGA-B0-5095-01A-01R-1420-07,0.46212356058251164,1
TCGA-NC-A5HE-01A-11R-A26W-07,0.6577537489855253,1
TCGA-RC-A6M4-01A-11R-A32O-07,0.2861154065861667,1
TCGA-EJ-A8FN-01A-11R-A352-07,0.47908138518199267,1
TCGA-2Z-A9JK-01A-11R-A42S-07,0.9406909553655399,1
TCGA-69-8254-01A-11R-2287-07,0.7055730151187706,0
TCGA-67-6217-01A-11R-1755-07,0.6424020726606962,1
TCGA-55-7994-01A-11R-2187-07,0.8264572797208253,1
TCGA-55-8090-01A-11R-2241-07,0.8207794399475751,0
TCGA-LN-A5U5-01A-21R-A28J-31,0.9092303111491205,1
TCGA-66-2768-01A-01R-0851-07,0.5247222399508922,1
TCGA-WQ-AB4B-01A-11R-A41C-07,0.28790543382636447,1
TCGA-77-6844-01A-11R-1949-07,0.5960946911767303,1
TCGA-A8-A07Z-01A-11R-A00Z-07,0.7805258956683352,1
TCGA-AA-3977-01A-01R-1022-07,0.49275529634943616,0
TCGA-AC-A3W7-01A-11R-A22K-07,0.525726886661405,1
TCGA-CC-5263-01A-01R-A131-07,0.7554365659661407,1
TCGA-18-3411-01A-01R-0980-07,0.42992184355608054,1
TCGA-DM-A0XD-01A-12R-A155-07,0.6356607753141414,0
TCGA-OL-A5RU-01A-11R-A28M-07,0.838681071843647,1
TCGA-33-AASB-01A-11R-A405-07,0.791361001232448,1
TCGA-B6-A0RG-01A-11R-A056-07,0.8289617553735262,1
TCGA-DD-AAC8-01A-11R-A41C-07,0.5945198415566114,1
TCGA-VP-A87D-01A-11R-A352-07,0.651156330016367,1
TCGA-BH-A0HX-01A-21R-A056-07,0.8496307515947901,1
TCGA-BP-4353-01A-02R-1289-07,0.47102605082075444,0
TCGA-66-2793-01A-01R-1201-07,0.7613858164474419,1
TCGA-E2-A15A-01A-11R-A12D-07,0.8629790178976855,1
TCGA-61-2094-01A-01R-1568-13,0.78477629804251,0
TCGA-AA-3502-01A-01R-1410-07,0.6728509232983655,1
TCGA-E9-A22G-01A-11R-A157-07,0.9111763364013847,1
TCGA-A3-3325-01A-01R-0864-07,0.48878426595768737,0
TCGA-BP-4176-01A-02R-1289-07,0.4368324953101019,1
TCGA-09-1669-01A-01R-1566-13,0.7169497286816713,1
TCGA-04-1365-01A-01R-1565-13,0.6911421334563039,1
TCGA-2Z-A9JS-01A-21R-A42S-07,0.4282603633352033,1
TCGA-AR-A0U4-01A-11R-A109-07,0.9406491849729016,1
TCGA-B0-5713-01A-11R-1672-07,0.34889654147855625,0
TCGA-L3-A4E7-01A-11R-A24Z-07,0.5000105810888563,1
TCGA-G7-6795-01A-11R-1965-07,0.6411068970169301,0
TCGA-AY-5543-01A-01R-1653-07,0.5731301253466587,0
TCGA-G4-6294-01A-11R-1774-07,0.638784600552937,1
TCGA-CM-5344-01A-21R-1723-07,0.7090389332230753,0
TCGA-TK-A8OK-01A-22R-A36G-07,0.698461084518294,0
TCGA-VR-AA4G-01A-11R-A37I-31,0.882157176422538,1
TCGA-JY-A93C-01A-11R-A38D-31,0.8232265637164732,1
TCGA-G9-6356-01A-11R-1789-07,0.4229791172605467,0
TCGA-A2-A0ER-01A-21R-A034-07,0.7358232243704413,1
TCGA-62-A46O-01A-11R-A24H-07,0.8448930215595575,1
TCGA-BQ-5885-01A-11R-1592-07,0.8221139968066191,1
TCGA-E2-A1IN-01A-11R-A13Q-07,0.6786423640464005,1
TCGA-NJ-A55R-01A-11R-A262-07,0.8804082450230546,0
TCGA-A3-3383-01A-02R-1325-07,0.5560375646724087,1
TCGA-B4-5844-01A-11R-1672-07,0.27645270089919616,1
TCGA-CJ-5676-01A-11R-1541-07,0.368583371619258,1
TCGA-MH-A561-01A-11R-A26U-07,0.590167243688827,1
TCGA-96-A4JL-01A-11R-A24Z-07,0.6834820949806131,0
TCGA-KK-A6DY-01A-12R-A311-07,0.5867302448216624,1
TCGA-2Z-A9JP-01A-11R-A42S-07,0.43140121543917825,1
TCGA-VR-A8ER-01A-11R-A36D-31,0.8900960710117289,1
TCGA-24-2288-01A-01R-1568-13,0.8317829130782093,1
TCGA-A8-A0AD-01A-11R-A056-07,0.873813863338342,1
TCGA-B6-A0IQ-01A-11R-A034-07,0.9133389980928976,1
TCGA-DM-A28A-01A-21R-A32Y-07,0.6855001614028311,1
TCGA-09-0369-01A-01R-1564-13,0.7701166934044139,1
TCGA-G7-A8LD-01A-11R-A36F-07,0.9359805226885984,1
TCGA-A4-7732-01A-11R-2139-07,0.5110172936994638,1
TCGA-QU-A6IP-01A-11R-A31N-07,0.186086134539025,1
TCGA-DD-A1EG-01A-11R-A213-07,0.24095053956238274,0
TCGA-BP-5004-01A-01R-1334-07,0.517428055870779,0
TCGA-BP-5006-01A-01R-1334-07,0.3242055331438713,1
TCGA-A6-6781-01A-22R-A278-07,0.6677892852640626,1
TCGA-CA-5255-01A-11R-1839-07,0.522173976103681,0
TCGA-66-2782-01A-01R-0851-07,0.5687942094383273,1
TCGA-MP-A4SY-01A-21R-A24X-07,0.8322993451273114,1
TCGA-44-3398-01A-01R-1107-07,0.6273181806619587,1
TCGA-97-8171-01A-11R-2287-07,0.888373945958106,1
TCGA-BH-A0BG-01A-11R-A115-07,0.9388490345102731,0
TCGA-B0-4834-01A-01R-1305-07,0.8082107488133401,0
TCGA-A2-A25B-01A-11R-A169-07,0.8395395741111231,1
TCGA-70-6723-01A-11R-1820-07,0.563174000818216,1
TCGA-KK-A8IJ-01A-11R-A352-07,0.5440662641110169,1
TCGA-CZ-5986-01A-11R-1672-07,0.41075734740489467,1
TCGA-BH-A1EN-01A-11R-A13Q-07,0.9401171869668633,1
TCGA-CH-5768-01A-11R-1580-07,0.37300986085365595,1
TCGA-B0-4846-01A-01R-1277-07,0.26832393162523954,1
TCGA-E2-A2P6-01A-11R-A19W-07,0.8385732748677814,1
TCGA-AK-3434-01A-02R-1277-07,0.3946183769407223,1
TCGA-WW-A8ZI-01A-11R-A37L-07,0.8032659678488617,1
TCGA-56-7730-01A-11R-2125-07,0.5419765621095025,1
TCGA-3A-A9I9-01A-11R-A38C-07,0.9133705070186474,0
TCGA-EP-A2KC-01A-11R-A213-07,0.3016351188286757,1
TCGA-AO-A1KO-01A-31R-A13Q-07,0.7314674311042341,1
TCGA-BH-A18K-01A-11R-A12D-07,0.7595429293887055,1
TCGA-D8-A147-01A-11R-A115-07,0.8834062277042057,1
TCGA-24-0979-01A-01R-1565-13,0.7806056230600938,0
TCGA-HC-7821-01A-12R-2118-07,0.8632888979710142,1
TCGA-3A-A9IU-01A-11R-A39D-07,0.9324745465629464,1
TCGA-AC-A3QP-01A-11R-A22U-07,0.6315568420205291,1
TCGA-E9-A226-01A-21R-A157-07,0.7629464335681172,1
TCGA-MP-A4T7-01A-11R-A24X-07,0.8373632937274559,1
TCGA-HE-7129-01A-11R-1965-07,0.5392393857376038,1
TCGA-91-7771-01A-11R-2170-07,0.7869420363905971,1
TCGA-CC-A7IK-01A-12R-A33R-07,0.5482853996143773,1
TCGA-AD-6895-01A-11R-1928-07,0.7389222097752306,1
TCGA-2Z-A9JN-01A-21R-A42S-07,0.9350645135663557,1
TCGA-Y8-A898-01A-11R-A355-07,0.25330290790672166,1
TCGA-24-1545-01A-01R-1566-13,0.7089414831145057,1
TCGA-60-2711-01A-01R-0851-07,0.6563743554382556,1
TCGA-US-A77G-01A-11R-A32O-07,0.8866151195554325,1
TCGA-44-5645-01B-04R-A277-07,0.48005847660447504,1
TCGA-23-1109-01A-01R-1564-13,0.7153753725378079,1
TCGA-DD-A1EJ-01A-11R-A155-07,0.4923292012482828,1
TCGA-CK-6748-01A-11R-1839-07,0.7062440076757521,0
TCGA-HE-A5NH-01A-11R-A26U-07,0.6039238772427457,0
TCGA-LL-A50Y-01A-11R-A266-07,0.5764782567440137,1
TCGA-BP-5173-01A-01R-1426-07,0.6787198906032766,0
TCGA-V1-A9O7-01A-21R-A41O-07,0.689382902676343,0
TCGA-L5-A4OJ-01A-11R-A260-31,0.8371772626642098,1
TCGA-05-4434-01A-01R-1206-07,0.8728211496052827,1
TCGA-AZ-4682-01B-01R-A32Z-07,0.4927535963497282,1
TCGA-D8-A1J9-01A-11R-A13Q-07,0.8743240921539553,1
TCGA-CH-5746-01A-11R-1580-07,0.20283332143465704,0
TCGA-KV-A6GD-01A-11R-A31O-07,0.6490031287655637,1
TCGA-B0-4707-01A-01R-1277-07,0.809749229037543,1
TCGA-58-8393-01A-11R-2326-07,0.5901789719850459,1
TCGA-FV-A495-01A-11R-A266-07,0.2473918472180257,1
TCGA-99-8033-01A-11R-2241-07,0.7967838062324011,1
TCGA-77-8139-01A-11R-2247-07,0.6462513170754115,1
TCGA-ED-A5KG-01A-11R-A27V-07,0.7723880077927217,1
TCGA-94-7033-01A-11R-1949-07,0.609506659663355,1
TCGA-AA-3530-01A-01R-1022-07,0.5786868236371369,1
TCGA-ZG-A9L1-01A-11R-A41O-07,0.8602789064150734,1
TCGA-FR-A3R1-01A-11R-A239-07,0.48834319739791465,1
TCGA-2Z-A9JL-01A-11R-A42S-07,0.6481523673733571,1
TCGA-20-0987-01A-02R-1564-13,0.7507276204636267,0
TCGA-59-2363-01A-01R-1569-13,0.8325498250256158,1
TCGA-24-1419-01A-01R-1565-13,0.7835694580947893,1
TCGA-BH-A1FH-01A-12R-A13Q-07,0.6199098673463558,1
TCGA-B6-A0IA-01A-11R-A034-07,0.8640604453694919,1
TCGA-98-7454-01A-11R-2045-07,0.5309701538947661,0
TCGA-5P-A9JZ-01A-11R-A42S-07,0.5618092058184687,1
TCGA-55-6984-01A-11R-1949-07,0.7581634575995007,1
TCGA-HC-8264-01B-11R-2403-07,0.7356688427819101,1
TCGA-G4-6314-01A-11R-1723-07,0.7183154807054654,1
TCGA-68-8250-01A-11R-2296-07,0.6891202054932591,1
TCGA-29-1769-01A-01R-1567-13,0.7267343230564418,0
TCGA-EU-5905-01A-11R-1672-07,0.6731775246596199,1
TCGA-F9-A7Q0-01A-11R-A36F-07,0.8427110684500361,1
TCGA-DD-AACN-01A-11R-A41C-07,0.44909861264803197,0
TCGA-A8-A079-01A-21R-A00Z-07,0.8942048012641833,1
TCGA-D8-A1JN-01A-11R-A13Q-07,0.8707988423788701,1
TCGA-A8-A08B-01A-11R-A00Z-07,0.8752055058572799,1
TCGA-JY-A6FD-01A-11R-A336-31,0.885452921187773,1
TCGA-A8-A086-01A-11R-A00Z-07,0.7377889747092877,1
TCGA-13-2060-01A-01R-1568-13,0.8516003064315864,1
TCGA-HC-8265-01B-04R-2302-07,0.82665260822221,1
TCGA-S4-A8RP-01A-11R-A36G-07,0.839516824203415,1
TCGA-A8-A09Z-01A-11R-A00Z-07,0.9478576777057798,1
TCGA-CK-6751-01A-11R-1839-07,0.6255504584572343,0
TCGA-RB-A7B8-01A-12R-A33R-07,0.8507844741827357,1
TCGA-68-7755-01A-11R-2125-07,0.5523327948666458,0
TCGA-66-2759-01A-01R-0851-07,0.6124806181080357,1
TCGA-AA-A00J-01A-02R-A002-07,0.79523461290421,1
TCGA-L5-A8NL-01A-12R-A37I-31,0.7751753091860248,1
TCGA-24-1557-01A-01R-1566-13,0.7740055208956296,1
TCGA-A7-A3IY-01A-21R-A21T-07,0.8437344793563556,1
TCGA-B8-4151-01A-01R-1188-07,0.3450594852314813,1
TCGA-61-1914-01A-01R-1567-13,0.6870050769935788,1
TCGA-IG-A3Y9-01A-12R-A24K-31,0.902850832257043,1
TCGA-L5-A891-01A-11R-A36D-31,0.8815178108831121,1
TCGA-BP-4983-01A-01R-1334-07,0.8650337598818194,1
TCGA-04-1514-01A-01R-1566-13,0.7528961506507277,1
TCGA-NJ-A55A-01A-11R-A262-07,0.7585325563737166,1
TCGA-A8-A09I-01A-22R-A034-07,0.8124394055960596,1
TCGA-AR-A251-01A-12R-A169-07,0.8972938480072735,1
TCGA-60-2715-01A-01R-0851-07,0.5815750017558285,1
TCGA-D9-A4Z3-01A-11R-A266-07,0.6929053851974417,1
TCGA-E2-A14Q-01A-11R-A12D-07,0.8456244294522,0
TCGA-EW-A1P7-01A-21R-A144-07,0.8655130647003804,1
TCGA-HV-AA8X-01A-11R-A39D-07,0.9265236970149132,1
TCGA-ZG-A9L4-01A-11R-A41O-07,0.7284836499262889,1
TCGA-VN-A88L-01A-11R-A352-07,0.6313358461616558,1
TCGA-Z7-A8R5-01A-42R-A41B-07,0.6501472010570418,1
TCGA-IG-A51D-01A-11R-A36D-31,0.8986036773635275,0
TCGA-5P-A9K9-01A-11R-A42S-07,0.932818976432665,1
TCGA-23-1114-01B-01R-1566-13,0.7290064987013171,1
TCGA-IZ-A6M9-01A-11R-A31O-07,0.3581505131670274,1
TCGA-44-2662-01B-02R-A277-07,0.5804936026367182,1
TCGA-A8-A08C-01A-11R-A00Z-07,0.8460312572310784,1
TCGA-36-1568-01A-01R-1566-13,0.8192425979283993,1
TCGA-MN-A4N1-01A-11R-A24X-07,0.8277205767834924,0
TCGA-C8-A12X-01A-11R-A115-07,0.8806166020749008,1
TCGA-63-5131-01A-01R-1443-07,0.6236137473532553,1
TCGA-G9-6499-01A-12R-1965-07,0.404799238357251,1
TCGA-L5-A43M-01A-11R-A24K-31,0.8375455652359353,1
TCGA-C8-A275-01A-21R-A16F-07,0.9028927405985356,1
TCGA-A6-5664-01A-21R-1839-07,0.6708499740818273,0
TCGA-4B-A93V-01A-11R-A39D-07,0.8620441288409327,1
TCGA-G9-6364-01A-21R-1789-07,0.6876642108372499,1
TCGA-YH-A8SY-01A-11R-A37L-07,0.9016363777479748,1
TCGA-BP-4760-01A-02R-1420-07,0.32191806128306993,1
TCGA-DD-AAVU-01A-11R-A41C-07,0.2890440911853315,1
TCGA-XN-A8T5-01A-12R-A36G-07,0.8835844760327284,0
TCGA-55-8207-01A-11R-2241-07,0.7671527254772496,1
TCGA-DD-AAVV-01A-11R-A41C-07,0.45302696229137207,1
TCGA-FV-A2QR-01A-11R-A213-07,0.5509488967601099,1
TCGA-DD-AAEE-01A-11R-A41C-07,0.36731014094099296,1
TCGA-B8-5159-01A-01R-1420-07,0.6331835794201105,1
TCGA-2A-A8VX-01A-11R-A37L-07,0.6765307413306155,0
TCGA-AA-A03F-01A-11R-A16W-07,0.29201652518123383,1
TCGA-91-8497-01A-11R-2403-07,0.6078300885911405,1
TCGA-EW-A1OV-01A-11R-A144-07,0.8782534871801134,0
TCGA-XP-A8T8-01A-11R-A36D-31,0.9059064658914646,1
TCGA-61-1736-01B-01R-1568-13,0.7627721006486651,0
TCGA-20-1682-01A-01R-1564-13,0.8486376918485667,1
TCGA-FB-AAPQ-01A-11R-A41B-07,0.9271979180238887,1
TCGA-AA-3950-01A-02R-1022-07,0.6911765150741122,1
TCGA-CK-4951-01A-01R-1410-07,0.7536716562047995,1
TCGA-BH-A0RX-01A-21R-A084-07,0.8811514625525592,0
TCGA-CJ-5671-01A-11R-1541-07,0.4910747718343341,1
TCGA-EW-A1IY-01A-11R-A13Q-07,0.5254160154795017,1
TCGA-E2-A1IE-01A-11R-A13Q-07,0.785228386591673,1
TCGA-HI-7170-01A-11R-2118-07,0.6323705916871823,0
TCGA-A3-A6NL-01A-11R-A33J-07,0.25548051849483744,1
TCGA-EW-A1PD-01A-11R-A144-07,0.8277650894095274,1
TCGA-B6-A0IO-01A-11R-A034-07,0.9134029494708883,0
TCGA-50-5931-01A-11R-1755-07,0.9339352043851613,1
TCGA-HZ-A4BH-01A-11R-A26U-07,0.9072422543334892,1
TCGA-ZG-A9KY-01A-11R-A41O-07,0.8988378612360739,1
TCGA-EJ-5507-01A-01R-1580-07,0.7633181573071546,1
TCGA-CH-5751-01A-11R-1580-07,0.8372181765006842,1
TCGA-AA-3844-01A-01R-1022-07,0.4656950686807542,1
TCGA-EB-A57M-01A-51R-A311-07,0.5149111572309083,1
TCGA-BP-4351-01A-01R-1289-07,0.45081967880474444,0
TCGA-DD-A11B-01A-11R-A131-07,0.3752021989604888,1
TCGA-BQ-7045-01A-31R-1965-07,0.7364933061034503,0
TCGA-BH-A0BD-01A-11R-A034-07,0.79051416457754,1
TCGA-BQ-5881-01A-11R-1592-07,0.29002735350275416,1
TCGA-25-1871-01A-01R-1567-13,0.6702079954436421,1
TCGA-61-1740-01A-01R-1567-13,0.7736235494284556,1
TCGA-33-AASJ-01A-11R-A405-07,0.6108801387366118,1
TCGA-CC-A123-01A-11R-A131-07,0.45524871563271574,1
TCGA-YG-AA3N-01A-11R-A38C-07,0.3855687237135952,0
TCGA-E2-A156-01A-11R-A12D-07,0.6015782297239496,0
TCGA-EW-A1PB-01A-11R-A144-07,0.9454390707137876,0
TCGA-XK-AAJT-01A-11R-A41O-07,0.6224007082017249,1
TCGA-EB-A550-01A-61R-A27Q-07,0.8249183070541914,1
TCGA-S3-A6ZF-01A-32R-A32P-07,0.8904966704307097,1
TCGA-13-1408-01A-01R-1565-13,0.7534575976135229,1
TCGA-29-1690-01A-01R-1566-13,0.689007254483562,1
TCGA-05-4425-01A-01R-1755-07,0.876718160937806,1
TCGA-X8-AAAR-01A-11R-A406-31,0.8385015658748507,1
TCGA-JL-A3YX-01A-11R-A22U-07,0.7686006385895884,1
TCGA-IG-A3YA-01A-11R-A24K-31,0.8744004138726134,0
TCGA-HV-AA8V-01A-11R-A41B-07,0.7752580870823288,1
TCGA-IB-AAUO-01A-12R-A38C-07,0.9264577338900052,1
TCGA-B6-A0I8-01A-11R-A034-07,0.8578840165143062,1
TCGA-FB-A545-01A-11R-A26U-07,0.939130606527486,1
TCGA-BH-A18H-01A-11R-A12D-07,0.9058318169760101,1
TCGA-AK-3445-01A-02R-1277-07,0.7480092908703732,1
TCGA-25-1317-01A-01R-1565-13,0.6675269295362021,1
TCGA-BP-5200-01A-01R-1426-07,0.3691548447220581,1
TCGA-E9-A5FK-01A-11R-A27Q-07,0.5176389519706897,1
TCGA-BH-A1EW-01A-11R-A137-07,0.8183887495748122,1
TCGA-NC-A5HN-01A-11R-A26W-07,0.6462564463820559,1
TCGA-13-0760-01A-01R-1564-13,0.8678971280933209,0
TCGA-AA-3970-01A-01R-1022-07,0.7151365369928718,0
TCGA-YL-A9WI-01A-11R-A37L-07,0.8424395403014249,1
TCGA-AA-A01T-01A-21R-A16W-07,0.3237197063883735,1
TCGA-AN-A0G0-01A-11R-A034-07,0.8858385864229517,1
TCGA-77-A5GB-01B-11R-A27Q-07,0.5095108615766295,1
TCGA-85-8481-01A-11R-2326-07,0.48030912650030255,0
TCGA-E2-A107-01A-11R-A10J-07,0.7279628742348859,1
TCGA-J2-8192-01A-11R-2241-07,0.5947415068804043,1
TCGA-Z7-A8R6-01A-11R-A41B-07,0.7133727080100856,1
TCGA-B8-4153-01B-11R-1672-07,0.3057547107063459,1
TCGA-BH-A0AY-01A-21R-A00Z-07,0.8093713834812669,1
TCGA-A1-A0SQ-01A-21R-A144-07,0.8905738091882989,1
TCGA-22-5477-01A-01R-1635-07,0.44657066118547145,1
TCGA-AA-A02K-01A-03R-A32Y-07,0.7983868977337768,1
TCGA-AA-3531-01A-01R-0821-07,0.4121277564816682,1
TCGA-85-8351-01A-11R-2296-07,0.7371450719843144,1
TCGA-R6-A8WG-01A-11R-A37I-31,0.8684886613452184,1
TCGA-2J-AABR-01A-11R-A41B-07,0.906882658919002,1
TCGA-CJ-4884-01A-01R-1305-07,0.54125224368834,1
TCGA-XV-A9W2-01A-11R-A39D-07,0.7202198143799012,1
TCGA-DD-A11A-01A-11R-A131-07,0.5488990202800479,0
TCGA-38-4631-01A-01R-1755-07,0.8208353144913166,1
TCGA-V1-A8MM-01A-11R-A37L-07,0.7285626575472874,1
TCGA-13-0726-01A-01R-1564-13,0.6711302987302878,1
TCGA-HZ-8005-01A-11R-2204-07,0.9599053049931826,1
TCGA-BH-A18J-01A-11R-A12D-07,0.8995930970733471,1
TCGA-60-2708-01A-01R-0851-07,0.5899305897922649,1
TCGA-AO-A1KT-01A-11R-A13Q-07,0.8681346203824964,1
TCGA-A2-A3KC-01A-11R-A213-07,0.7248609759094888,1
TCGA-EJ-5498-01A-01R-1580-07,0.32235278975216664,1
TCGA-AO-A0JF-01A-11R-A056-07,0.668137994670965,1
TCGA-E9-A1R6-01A-11R-A14D-07,0.7207663568076295,1
TCGA-A7-A0CD-01A-11R-A00Z-07,0.8051626226331118,0
TCGA-29-1699-01A-01R-1567-13,0.794898894556203,1
TCGA-CJ-6028-01A-11R-1672-07,0.6056849102524812,1
TCGA-24-1843-01A-01R-1567-13,0.656194665427231,1
TCGA-AA-A01R-01A-21R-A083-07,0.5843130293543142,1
TCGA-G9-A9S0-01A-11R-A41O-07,0.8467657816809206,1
TCGA-XV-AAZY-01A-12R-A40A-07,0.2305478572565687,0
TCGA-AK-3465-01A-02R-1325-07,0.8545502377045227,1
TCGA-AA-3812-01A-01R-0905-07,0.16056020434018486,1
TCGA-77-A5GF-01A-21R-A27Q-07,0.3020531795013765,0
TCGA-HC-A4ZV-01A-11R-A26U-07,0.8767477592373286,1
TCGA-H9-7775-01A-11R-2118-07,0.5443860976392528,0
TCGA-60-2696-01A-01R-0851-07,0.7456201727480799,1
TCGA-13-0900-01B-01R-1565-13,0.7570668704884258,1
TCGA-85-8666-01A-11R-2403-07,0.43832338001675314,1
TCGA-4H-AAAK-01A-12R-A41B-07,0.768835372349244,0
TCGA-BH-A0BC-01A-22R-A084-07,0.8820524205091475,0
TCGA-C8-A3M7-01A-12R-A21T-07,0.8426604527429046,0
TCGA-AR-A2LN-01A-21R-A18M-07,0.5354437359778513,1
TCGA-2Z-A9J5-01A-21R-A38C-07,0.22071511097930557,1
TCGA-AA-A01X-01A-21R-A083-07,0.6799273844661538,1
TCGA-C8-A134-01A-11R-A115-07,0.9464658902932019,1
TCGA-HV-A5A6-01A-11R-A26U-07,0.9480572107077866,0
TCGA-D8-A140-01A-11R-A115-07,0.8388707328999659,1
TCGA-F9-A4JJ-01A-11R-A24Z-07,0.8554724933074255,1
TCGA-AR-A24O-01A-11R-A169-07,0.32902358864787806,1
TCGA-G3-AAUZ-01A-11R-A38B-07,0.25691439860354653,1
TCGA-63-A5MM-01A-11R-A26W-07,0.5601382786748458,1
TCGA-AN-A0FN-01A-11R-A034-07,0.5610492398841098,1
TCGA-GL-A59R-01A-11R-A26U-07,0.4379377663007954,1
TCGA-2H-A9GG-01A-11R-A37I-31,0.8289986318772115,1
TCGA-C8-A130-01A-31R-A115-07,0.925469403697354,1
TCGA-2H-A9GF-01A-11R-A37I-31,0.8788317963953941,0
TCGA-55-5899-01A-11R-1628-07,0.9251575882489589,1
TCGA-B0-4713-01A-01R-1277-07,0.7344269805127627,1
TCGA-A8-A09Q-01A-11R-A00Z-07,0.9048090551907627,1
TCGA-VR-AA4D-01A-11R-A37I-31,0.8760754457586115,0
TCGA-36-1578-01A-01R-1566-13,0.8621368145237278,1
TCGA-AR-A1AY-01A-21R-A12P-07,0.8681132316363585,1
TCGA-86-8278-01A-11R-2287-07,0.8212041899911687,0
TCGA-A2-A0YK-01A-22R-A109-07,0.45581463919840054,1
TCGA-78-7163-01A-12R-2066-07,0.8885244498212683,1
TCGA-A8-A06R-01A-11R-A00Z-07,0.9223269281385043,1
TCGA-HC-7752-01A-11R-2118-07,0.7300702742590082,1
TCGA-A8-A07J-01A-11R-A00Z-07,0.7818773825262795,1
TCGA-HC-7749-01A-11R-2118-07,0.7246687795227896,0
TCGA-HC-A6HX-01A-11R-A31N-07,0.23784753707487002,1
TCGA-56-A4BW-01A-11R-A24H-07,0.5952549089461079,1
TCGA-BP-4162-01A-02R-1325-07,0.34459055519051435,1
TCGA-34-7107-01A-11R-1949-07,0.47561130263775786,1
TCGA-DD-AAE4-01A-11R-A41C-07,0.3231109292334937,1
TCGA-13-1510-01A-02R-1565-13,0.8040024322768665,1
TCGA-57-1585-01A-01R-1566-13,0.7437362561540793,1
TCGA-56-8305-01A-11R-2296-07,0.6424217259547803,1
TCGA-CJ-4874-01A-01R-1305-07,0.17515265237863337,1
TCGA-B6-A0RH-01A-21R-A115-07,0.87238491933588,0
TCGA-HZ-A77O-01A-11R-A33R-07,0.9555372613226442,1
TCGA-24-1463-01A-01R-1566-13,0.8093756148199475,1
TCGA-A8-A07S-01A-11R-A034-07,0.8129810887307319,1
TCGA-3C-AAAU-01A-11R-A41B-07,0.8526494862320065,1
TCGA-AO-A03M-01B-11R-A10J-07,0.8896902865024726,1
TCGA-73-4659-01A-01R-1206-07,0.8128574480308318,1
TCGA-CZ-5453-01A-01R-1503-07,0.5879858851281919,1
TCGA-94-8035-01A-11R-2247-07,0.5290390680250501,1
TCGA-39-5031-01A-01R-1443-07,0.6020997986910301,1
TCGA-75-5146-01A-01R-1628-07,0.7670818990360697,1
TCGA-YL-A8S8-01A-11R-A37L-07,0.829861497946551,0
TCGA-77-A5G6-01A-11R-A27Q-07,0.6075810289516309,1
TCGA-A7-A4SF-01A-11R-A266-07,0.9083099034573946,1
TCGA-EB-A553-01A-12R-A27Q-07,0.6239197449739102,1
TCGA-AA-3939-01A-01R-1022-07,0.4050203691186756,1
TCGA-E2-A14N-01A-31R-A137-07,0.8707345226188078,1
TCGA-CJ-6030-01A-11R-1672-07,0.6096632235336771,1
TCGA-J4-A67M-01A-11R-A30B-07,0.34549394965852437,1
TCGA-BP-5198-01A-01R-1426-07,0.5711208693988673,1
TCGA-NK-A7XE-01A-12R-A405-07,0.690775569510933,1
TCGA-HC-7209-01A-11R-2118-07,0.6424648166999014,1
TCGA-HZ-8315-01A-11R-2404-07,0.8645705059170311,1
TCGA-86-8076-01A-31R-2241-07,0.7522666701795149,1
TCGA-A6-6650-01A-11R-A278-07,0.6281471609266175,1
TCGA-62-A46U-01A-11R-A24H-07,0.8249904108903094,1
TCGA-BH-A18U-01A-21R-A12D-07,0.8473938129978867,1
TCGA-55-6712-01A-11R-1858-07,0.7973626032507886,1
TCGA-BP-4761-01A-01R-1289-07,0.7633817951855912,1
TCGA-D8-A1XK-01A-21R-A14M-07,0.9251406687437052,1
TCGA-63-A5MI-01A-12R-A27Q-07,0.5709509859243485,1
TCGA-MP-A4TF-01A-11R-A262-07,0.9027303146353353,1
TCGA-DD-AACF-01A-11R-A41C-07,0.4835745517369778,1
TCGA-ZG-A9LZ-01A-11R-A41O-07,0.8267116456050705,1
TCGA-05-4250-01A-01R-1107-07,0.7868672827323325,1
TCGA-95-A4VP-01A-21R-A262-07,0.7949643658365837,1
TCGA-AA-3877-01A-01R-1022-07,0.6374813159964285,1
TCGA-AK-3426-01A-02R-1325-07,0.4485772099961151,1
TCGA-A3-3382-01A-02R-1325-07,0.6786874138772574,1
TCGA-IC-A6RE-01A-11R-A336-31,0.8612309822644754,0
TCGA-A8-A08O-01A-21R-A056-07,0.7298243895962617,1
TCGA-B9-A5W7-01A-11R-A31O-07,0.5899437074966504,0
TCGA-33-A5GW-01A-11R-A27Q-07,0.5570307308171069,0
TCGA-G3-AAV7-01A-11R-A38B-07,0.7218706135270556,0
TCGA-5P-A9K8-01A-11R-A42S-07,0.9247247865671351,1
TCGA-BP-5007-01A-01R-1334-07,0.1767809155125113,0
TCGA-A3-3365-01A-01R-0864-07,0.3351551613547643,1
TCGA-44-7659-01A-11R-2066-07,0.8162838360940122,1
TCGA-61-2003-01A-01R-1568-13,0.8145943716077367,1
TCGA-D5-6898-01A-11R-1928-07,0.668147445509827,1
TCGA-GM-A2DC-01A-11R-A18M-07,0.8534705234324805,1
TCGA-5P-A9KF-01A-11R-A42S-07,0.5090358084742702,1
TCGA-BP-4161-01A-02R-1325-07,0.2834305699605559,1
TCGA-36-1576-01A-01R-1566-13,0.7253376634105445,1
TCGA-DD-A4NK-01A-11R-A28V-07,0.2991526912513918,1
TCGA-CJ-4901-01A-01R-1426-07,0.7300628631303044,1
TCGA-MI-A75I-01A-11R-A32O-07,0.46595259643755704,1
TCGA-29-2414-01A-02R-1569-13,0.7851084795055636,0
TCGA-BH-A0GY-01A-11R-A056-07,0.8393009793076597,0
TCGA-97-8175-01A-11R-2287-07,0.8085413995859023,1
TCGA-AL-3472-01A-01R-1193-07,0.5219175902972949,1
TCGA-HZ-A77P-01A-11R-A33R-07,0.9328918600267054,1
TCGA-A3-3352-01A-01R-0864-07,0.35758422606250095,0
TCGA-A7-A26G-01A-21R-A169-07,0.8369212058002171,0
TCGA-AO-A0JC-01A-11R-A056-07,0.5197522427899985,1
TCGA-AA-3875-01A-01R-0905-07,0.45808860223301306,1
TCGA-D8-A1JJ-01A-31R-A14M-07,0.8620316349339194,1
TCGA-Y6-A8TL-01A-21R-A37L-07,0.30583537409053874,0
TCGA-J4-A6G3-01A-11R-A311-07,0.7571799832895505,1
TCGA-13-0768-01A-01R-1569-13,0.7830960541641883,1
TCGA-A7-A6VW-01A-21R-A33J-07,0.9030290094550076,1
TCGA-J9-A8CP-01A-11R-A352-07,0.8025048506980194,1
TCGA-P4-AAVK-01A-11R-A42S-07,0.6062197482614429,1
TCGA-B0-5709-01A-11R-1541-07,0.4469987164585122,1
TCGA-B6-A0RV-01A-11R-A084-07,0.8879600490652072,1
TCGA-AA-A01V-01A-23R-A083-07,0.42707660854491764,0
TCGA-G9-7510-01A-11R-2263-07,0.38337213663078545,0
TCGA-D8-A73U-01A-11R-A33J-07,0.7571045441556375,0
TCGA-DD-AAEK-01A-11R-A41C-07,0.46729752970904853,1
TCGA-B0-5698-01A-11R-1672-07,0.412519313034009,1
TCGA-KC-A4BL-01A-31R-A250-07,0.567204552809541,1
TCGA-EJ-A7NM-01A-21R-A33R-07,0.893976382784388,1
TCGA-B2-5639-01A-01R-1541-07,0.5011409415098612,1
TCGA-BH-A8FZ-01A-11R-A352-07,0.8817838541380496,0
TCGA-22-5474-01A-01R-1635-07,0.4379396209852793,1
TCGA-E2-A1IL-01A-11R-A14D-07,0.5952018645061957,0
TCGA-D8-A1XV-01A-11R-A14M-07,0.7608540954408487,1
TCGA-2Z-A9J3-01A-12R-A38C-07,0.7228711397471153,1
TCGA-L5-A4OP-01A-11R-A260-31,0.8664981724604321,1
TCGA-AO-A129-01A-21R-A10J-07,0.8864896341671206,0
TCGA-B6-A0RL-01A-11R-A084-07,0.8661550468933488,1
TCGA-61-1743-01A-01R-1568-13,0.854025842205244,1
TCGA-R6-A6Y0-01B-11R-A336-31,0.8634953179121995,1
TCGA-77-7463-01A-11R-2045-07,0.5660266009847357,1
TCGA-DD-AADW-01A-11R-A39D-07,0.3493411610235087,1
TCGA-AR-A1AP-01A-11R-A12P-07,0.8868275675429522,1
TCGA-A2-A25F-01A-11R-A169-07,0.7519053465147223,0
TCGA-AA-3862-01A-01R-1022-07,0.5318773801611322,1
TCGA-G4-6306-01A-11R-1774-07,0.5234562409567382,1
TCGA-EB-A3XC-01A-11R-A239-07,0.6509870186643637,0
TCGA-34-5927-01A-11R-1820-07,0.5724112424679074,1
TCGA-AA-A017-01A-01R-A00A-07,0.5375475222930511,1
TCGA-A4-A5XZ-01A-11R-A31O-07,0.5128538247204366,1
TCGA-E2-A1LS-01A-12R-A157-07,0.8950304696691626,1
TCGA-L5-A8NV-01A-11R-A37I-31,0.7513295719344543,1
TCGA-5P-A9KE-01A-11R-A42S-07,0.4627135436558894,0
TCGA-61-1724-01A-01R-1568-13,0.8288273715801363,1
TCGA-VR-A8EP-01A-31R-A406-31,0.8678962721629079,1
TCGA-YL-A8SL-01B-21R-A37L-07,0.7652109556890354,1
TCGA-G4-6310-01A-11R-1723-07,0.8418975449913375,1
TCGA-G3-AAV2-01A-11R-A37K-07,0.35624018613902,1
TCGA-OL-A5RV-01A-12R-A28M-07,0.6622190609473405,0
TCGA-KK-A8I6-01A-11R-A36G-07,0.5191590931523423,0
TCGA-BH-A0B6-01A-11R-A19W-07,0.8406423448684209,1
TCGA-G7-6789-01A-11R-1965-07,0.9046884387981637,1
TCGA-G9-A9S7-01A-11R-A41O-07,0.6207433644118835,0
TCGA-78-8640-01A-11R-2403-07,0.885166427400221,1
TCGA-55-6971-01A-11R-1949-07,0.7395455725570775,1
TCGA-DD-AAW2-01A-11R-A41C-07,0.37609121578924315,1
TCGA-HV-A5A4-01A-11R-A26U-07,0.8524119654617283,1
TCGA-BP-4355-01A-01R-1289-07,0.269639039414433,1
TCGA-R6-A8W5-01B-11R-A37I-31,0.8341549208898348,1
TCGA-CH-5752-01A-11R-1580-07,0.770896990655081,1
TCGA-A7-A3RF-01A-11R-A22K-07,0.8386140864547948,1
TCGA-ED-A8O5-01A-11R-A36F-07,0.4506191342115116,1
TCGA-AA-3522-01A-01R-0821-07,0.4888834161942504,1
TCGA-ER-A42H-01A-11R-A24X-07,0.5976442470166842,1
TCGA-AL-3467-01A-02R-1351-07,0.8924168045620325,1
TCGA-55-8513-01A-11R-2403-07,0.5988966660687113,1
TCGA-AD-6901-01A-11R-1928-07,0.738346069649944,0
TCGA-29-1694-01A-01R-1567-13,0.7631526008543577,0
TCGA-LN-A49V-01A-11R-A24K-31,0.8744415237542623,1
TCGA-55-6968-01A-11R-1949-07,0.876238321896116,1
TCGA-A4-8517-01A-11R-2404-07,0.5098674183847218,1
TCGA-CZ-5461-01A-01R-1503-07,0.4118935622784913,1
TCGA-D8-A1XZ-01A-11R-A14M-07,0.8723967111885135,0
TCGA-AA-A00W-01A-01R-A002-07,0.4150287948036861,1
TCGA-BP-4804-01A-02R-1305-07,0.31158946956128014,1
TCGA-OL-A66J-01A-11R-A29R-07,0.8309861443126056,1
TCGA-AY-4070-01A-01R-1113-07,0.8221048658418896,1
TCGA-V1-A8WW-01A-11R-A37L-07,0.8919833804302606,1
TCGA-B6-A40B-01A-11R-A239-07,0.7382634580499373,1
TCGA-LN-A49U-01A-31R-A260-31,0.8860073802310452,1
TCGA-AO-A03U-01B-21R-A10J-07,0.9340201565616245,1
TCGA-E2-A105-01A-11R-A10J-07,0.8235062534271247,1
TCGA-CW-6097-01A-11R-1672-07,0.5587378235871217,0
TCGA-2Y-A9GS-01A-12R-A38B-07,0.5209332679569506,1
TCGA-EW-A1J6-01A-11R-A13Q-07,0.8660524404236306,0
TCGA-E9-A1RD-01A-11R-A157-07,0.5396058517169158,1
TCGA-AD-A5EK-01A-11R-A28H-07,0.801878068363863,1
TCGA-2K-A9WE-01A-11R-A38C-07,0.6131967274998633,1
TCGA-EJ-A7NF-01A-11R-A33R-07,0.41356815304457223,1
TCGA-61-1721-01A-01R-1569-13,0.8814019692292666,1
TCGA-BP-4346-01A-01R-1289-07,0.21486460396597049,1
TCGA-AA-3989-01A-01R-1022-07,0.4360308251689094,1
TCGA-61-1998-01A-01R-1568-13,0.7545567319894243,0
TCGA-05-4244-01A-01R-1107-07,0.8508793169610783,1
TCGA-B8-A54K-01A-11R-A33J-07,0.5045406280687429,1
TCGA-5R-AA1D-01A-11R-A38B-07,0.3954121830920395,1
TCGA-34-5928-01A-11R-1820-07,0.5382848816693176,1
TCGA-BH-A0HQ-01A-11R-A034-07,0.6297742976662386,1
TCGA-CM-4746-01A-01R-1410-07,0.5023344184415839,1
TCGA-50-6593-01A-11R-1755-07,0.774120499144135,1
TCGA-DV-A4W0-01A-11R-A266-07,0.7172150834258856,1
TCGA-25-1634-01A-01R-1566-13,0.7858803147703645,0
TCGA-50-6597-01A-11R-1858-07,0.8462676184704815,1
TCGA-AY-A54L-01A-11R-A28H-07,0.5607882555511732,0
TCGA-BP-4774-01A-01R-1289-07,0.3952313279398286,1
TCGA-66-2789-01A-01R-0980-07,0.6287263025786868,0
TCGA-DM-A1D4-01A-21R-A155-07,0.6728695796628666,1
TCGA-86-7701-01A-11R-2170-07,0.7669920868500666,1
TCGA-21-1076-01A-02R-0692-07,0.4853805613721906,1
TCGA-AR-A0TX-01A-11R-A084-07,0.9161079170214876,1
TCGA-23-1116-01A-01R-1564-13,0.7109856612220993,1
TCGA-ZP-A9D0-01A-11R-A37K-07,0.4103200438906296,1
TCGA-CH-5743-01A-21R-1580-07,0.5356830141257997,0
TCGA-2A-AAYU-01A-11R-A41O-07,0.5369517752144047,1
TCGA-25-1323-01A-01R-1565-13,0.7025399562900209,1
TCGA-R6-A6Y2-01B-11R-A336-31,0.8334133373418782,1
TCGA-DD-A1EC-01A-21R-A131-07,0.859750211213545,1
TCGA-E2-A1BC-01A-11R-A12P-07,0.7665763629347596,1
TCGA-DD-AADN-01A-11R-A41C-07,0.40713138537067367,1
TCGA-KK-A8ID-01A-11R-A36G-07,0.8123144986535968,1
TCGA-A2-A4RW-01A-21R-A266-07,0.8714196452149444,1
TCGA-56-7822-01A-11R-2125-07,0.6268226026182658,0
TCGA-O2-A52W-01A-11R-A26W-07,0.47958186374415807,1
TCGA-UL-AAZ6-01A-11R-A41B-07,0.8666423173703436,1
TCGA-YL-A8HO-01A-11R-A36G-07,0.7748779664093235,1
TCGA-13-0765-01A-01R-1564-13,0.7706679527304723,0
TCGA-55-6979-01A-11R-1949-07,0.6510690015655286,1
TCGA-IB-7888-01A-11R-2156-07,0.8936085069229199,1
TCGA-AQ-A54O-01A-11R-A266-07,0.7723578037564192,1
TCGA-HC-7744-01A-11R-2118-07,0.662469025832925,1
TCGA-BP-4974-01A-01R-1334-07,0.3399364980269026,1
TCGA-A3-3367-01A-02R-1420-07,0.3092477214154362,1
TCGA-2H-A9GO-01A-11R-A37I-31,0.8688554665852408,1
TCGA-EJ-5522-01A-01R-1580-07,0.3229680494551659,1
TCGA-61-1919-01A-01R-1568-13,0.6912042338508079,1
TCGA-TP-A8TT-01A-12R-A41O-07,0.8245040575412307,1
TCGA-AN-A0FJ-01A-11R-A00Z-07,0.937593720688549,1
TCGA-B0-5696-01A-11R-1541-07,0.42247707235610044,1
TCGA-CZ-4856-01A-02R-1426-07,0.3446214426179993,1
TCGA-A8-A075-01A-11R-A084-07,0.8311879248474545,0
TCGA-90-A4ED-01A-31R-A24Z-07,0.8224162159573141,1
TCGA-44-2657-01A-01R-1107-07,0.6646798674322657,0
TCGA-MP-A4TD-01A-32R-A262-07,0.6983976413299132,1
TCGA-XR-A8TG-01A-11R-A36F-07,0.49299691840604526,1
TCGA-33-4533-01A-01R-1201-07,0.6891449999796984,1
TCGA-55-8514-01A-11R-2403-07,0.8201630615157729,1
TCGA-25-1316-01A-01R-1565-13,0.8962652370903909,1
TCGA-EB-A6R0-01A-12R-A32P-07,0.5151183023205917,1
TCGA-Y8-A8S1-01A-11R-A37K-07,0.7440479052816377,1
TCGA-B0-5120-01A-01R-1420-07,0.42163483182051026,1
TCGA-KR-A7K0-01A-12R-A33R-07,0.3304391440453967,0
TCGA-50-5944-01A-11R-1755-07,0.7606498285394933,1
TCGA-99-AA5R-01A-11R-A39D-07,0.6034553068301506,1
TCGA-CZ-5452-01A-01R-1503-07,0.5335828922523661,1
TCGA-XJ-A9DX-01A-11R-A37L-07,0.8238982573081637,0
TCGA-B6-A0IM-01A-11R-A034-07,0.8087172701918176,1
TCGA-61-2012-01A-01R-1568-13,0.8063066587175309,1
TCGA-2Z-A9J2-01A-11R-A38C-07,0.6690982261239377,1
TCGA-AC-A6NO-01A-12R-A33J-07,0.7314495033127627,1
TCGA-E9-A1N4-01A-11R-A14M-07,0.9035217268386699,1
TCGA-DZ-6134-01A-11R-1965-07,0.594301004506714,1
TCGA-20-1685-01A-01R-1566-13,0.6392544262534542,0
TCGA-BH-A0AZ-01A-21R-A12P-07,0.7396289650093859,1
TCGA-55-7227-01A-11R-2039-07,0.7812949910906037,1
TCGA-34-5231-01A-21R-1820-07,0.6999100033387133,1
TCGA-DD-AAE2-01A-11R-A41C-07,0.37472247784170504,1
TCGA-AC-A62Y-01A-11R-A29R-07,0.871993709324031,0
TCGA-A7-A425-01A-11R-A24H-07,0.614889764588802,1
TCGA-AD-6548-01A-11R-1839-07,0.5262251771859373,1
TCGA-AC-A3W6-01A-12R-A22K-07,0.7043418229869379,0
TCGA-EB-A5UM-01A-11R-A311-07,0.5117606953626833,1
TCGA-EW-A6SA-01A-21R-A32P-07,0.8652610670347585,1
TCGA-64-5779-01A-01R-1628-07,0.8260943514096232,0
TCGA-DD-A114-01A-11R-A131-07,0.7537941267061231,1
TCGA-85-8052-01A-11R-2247-07,0.47576610269432307,1
TCGA-A2-A0T4-01A-31R-A084-07,0.79172485551359,0
TCGA-DD-A3A2-01A-11R-A213-07,0.23983617539128047,1
TCGA-E2-A1B4-01A-11R-A12P-07,0.6741291574565259,1
TCGA-HV-A5A3-01A-11R-A26U-07,0.9363811471298675,1
TCGA-78-7167-01A-11R-2066-07,0.7675798779657564,1
TCGA-85-8479-01A-11R-2326-07,0.6267328527458879,1
TCGA-XR-A8TE-01A-11R-A36F-07,0.744674660218484,1
TCGA-BP-4971-01A-01R-1334-07,0.4671946851179883,0
TCGA-EJ-7786-01A-11R-2118-07,0.21860502745446223,1
TCGA-25-1320-01A-01R-1565-13,0.7779173355452242,1
TCGA-E2-A15S-01A-11R-A115-07,0.8647650248773456,1
TCGA-D9-A3Z4-01A-11R-A239-07,0.4410194494717502,1
TCGA-98-A53D-01A-32R-A262-07,0.5353896012440477,1
TCGA-DW-7839-01A-11R-2139-07,0.8618757449847518,1
TCGA-86-8671-01A-11R-2403-07,0.5311726159838399,1
TCGA-B8-A54H-01A-11R-A33J-07,0.4787332174645861,1
TCGA-ZS-A9CF-01A-11R-A38B-07,0.5597218549946308,1
TCGA-50-5930-01A-11R-1755-07,0.8531928926378445,1
TCGA-73-4676-01A-01R-1755-07,0.8148068690668603,0
TCGA-2A-AAYF-01A-11R-A41O-07,0.3459347511694341,1
TCGA-G9-6366-01A-11R-2118-07,0.764158876250471,1
TCGA-56-7582-01A-11R-2045-07,0.4718361314359379,1
TCGA-CJ-4916-01A-01R-1426-07,0.27492042715539455,1
TCGA-B2-3924-01A-02R-1325-07,0.30918493876749475,1
TCGA-NJ-A55O-01A-11R-A262-07,0.7971557621346855,1
TCGA-G3-A25V-01A-11R-A16W-07,0.19270035716648956,0
TCGA-A6-A567-01A-31R-A28H-07,0.8036966476735214,1
TCGA-55-7907-01A-11R-2170-07,0.8445841063461478,1
TCGA-E2-A1LA-01A-11R-A144-07,0.865923369951059,1
TCGA-97-A4M5-01A-11R-A24X-07,0.8037395712192663,1
TCGA-CA-6716-01A-11R-1839-07,0.742123539181675,1
TCGA-66-2756-01A-01R-0851-07,0.7899255300553376,0
TCGA-69-7763-01A-11R-2170-07,0.776136327890472,0
TCGA-FV-A3I1-01A-11R-A22L-07,0.4978891667262364,1
TCGA-A4-A48D-01A-11R-A24Z-07,0.6547464808181663,1
TCGA-30-1892-01A-01R-1568-13,0.6880533643527754,1
TCGA-S2-AA1A-01A-12R-A39D-07,0.7090461354415565,1
TCGA-AN-A0XT-01A-11R-A109-07,0.8670918469348127,1
TCGA-60-2726-01A-01R-0851-07,0.6893270892556299,1
TCGA-63-A5MV-01A-21R-A26W-07,0.675597508660035,1
TCGA-HC-A6AL-01A-11R-A30B-07,0.44441943360699004,1
TCGA-24-1560-01A-01R-1566-13,0.7632576932049104,0
TCGA-A2-A0EU-01A-22R-A056-07,0.7600714803318148,1
TCGA-KK-A7AP-01A-12R-A33R-07,0.790052595865522,1
TCGA-44-6146-01A-11R-A278-07,0.7201544076014997,1
TCGA-62-A472-01A-11R-A24H-07,0.8122756369212397,1
TCGA-56-8622-01A-11R-2403-07,0.7139801326867261,1
TCGA-B0-4819-01A-01R-1277-07,0.4634947141103541,1
TCGA-BP-5176-01A-01R-1426-07,0.5245706273294045,1
TCGA-63-A5MP-01A-11R-A26W-07,0.5806898015567152,0
TCGA-XK-AAK1-01A-11R-A41O-07,0.6719263014280175,1
TCGA-78-7158-01A-11R-2039-07,0.8919984265676962,1
TCGA-AA-3678-01A-01R-0905-07,0.6504745764919886,1
TCGA-HI-7171-01A-12R-2118-07,0.8080206666011229,1
TCGA-LN-A4A2-01A-31R-A260-31,0.8876891812004244,1
TCGA-D8-A1JE-01A-11R-A13Q-07,0.6038313258055198,1
TCGA-B8-5552-01B-11R-1672-07,0.24968416275876493,1
TCGA-A8-A09V-01A-11R-A034-07,0.5781747812076944,0
TCGA-HZ-A49H-01A-11R-A26U-07,0.9231570902649765,1
TCGA-IG-A97I-01A-11R-A38D-31,0.9006336666731707,1
TCGA-D8-A1JT-01A-31R-A13Q-07,0.7603597853638725,1
TCGA-BP-4782-01A-02R-1420-07,0.5856994225829306,1
TCGA-A2-A0CQ-01A-21R-A034-07,0.7601774636092034,1
TCGA-G3-A25U-01A-11R-A16W-07,0.4475909715245394,1
TCGA-BQ-7055-01A-11R-1965-07,0.9471697657091408,1
TCGA-37-A5EM-01A-21R-A27Q-07,0.594391133271519,1
TCGA-NC-A5HG-01A-11R-A26W-07,0.7293685751933524,1
TCGA-13-1495-01A-01R-1565-13,0.7847879928795567,1
TCGA-AK-3431-01A-02R-1277-07,0.362118763326833,1
TCGA-85-8049-01A-11R-2247-07,0.47007569664890086,1
TCGA-UZ-A9PP-01A-11R-A42S-07,0.5831415585149125,1
TCGA-DD-AAE9-01A-11R-A41C-07,0.512298749518989,1
TCGA-D5-5537-01A-21R-1928-07,0.7494759670743368,0
TCGA-VP-A879-01A-11R-A352-07,0.38464571254191293,0
TCGA-C8-A1HM-01A-12R-A137-07,0.830143183928875,0
TCGA-A3-3316-01A-01R-0864-07,0.5249113051996858,1
TCGA-DW-7840-01A-11R-A32Z-07,0.5676758254758367,1
TCGA-D5-6927-01A-21R-1928-07,0.6794838769001234,1
TCGA-A6-2671-01A-01R-1410-07,0.6325360909587961,1
TCGA-61-1918-01A-01R-1568-13,0.7178169134668418,0
TCGA-FV-A3R3-01A-11R-A22L-07,0.5486230018609337,1
TCGA-F9-A7VF-01A-11R-A33Z-07,0.49829038832948874,1
TCGA-L7-A6VZ-01A-12R-A336-31,0.8558064036434375,0
TCGA-AA-3526-01A-02R-A32Z-07,0.5053476591177803,1
TCGA-56-8626-01A-11R-2403-07,0.5418355706932073,1
TCGA-DD-A3A1-01A-11R-A213-07,0.40840094017768613,1
TCGA-YL-A8SR-01B-11R-A37L-07,0.6662515947830313,1
TCGA-B0-4848-01A-01R-1277-07,0.5538428398016065,1
TCGA-55-6969-01A-11R-1949-07,0.8520765429111781,1
TCGA-2A-A8VL-01A-21R-A37L-07,0.34458294060635075,1
TCGA-24-1422-01A-01R-1565-13,0.7700398788033735,1
TCGA-A3-3370-01A-02R-1420-07,0.29469398568470584,1
TCGA-EW-A2FW-01A-11R-A17B-07,0.856252305988698,1
TCGA-BH-A0BL-01A-11R-A115-07,0.8365691530891818,1
TCGA-AA-A010-01A-01R-A089-07,0.8134936048444943,1
TCGA-AA-3664-01A-01R-0905-07,0.6941864694006246,0
TCGA-GN-A26C-01A-11R-A18T-07,0.7346839642920782,1
TCGA-85-8354-01A-31R-2326-07,0.564903431405197,1
TCGA-A3-3373-01A-02R-1420-07,0.4275817649940563,1
TCGA-30-1891-01A-01R-1568-13,0.7982998929791209,1
TCGA-HC-7078-01A-11R-2118-07,0.6730377549372151,1
TCGA-FC-A66V-01A-21R-A30B-07,0.21013395680854816,1
TCGA-A3-3324-01A-02R-1325-07,0.36284430856405986,1
TCGA-S3-AA10-01A-21R-A41B-07,0.9428923947772243,1
TCGA-53-7813-01A-11R-2170-07,0.6369076603715437,1
TCGA-EW-A1P3-01A-11R-A144-07,0.7929946239494301,1
TCGA-BF-A3DN-01A-11R-A20F-07,0.43822343053647383,1
TCGA-22-4596-01A-01R-1201-07,0.5850643390840847,1
TCGA-G4-6297-01A-11R-1723-07,0.7123393962399788,1
TCGA-05-4422-01A-01R-1206-07,0.8242986767658131,1
TCGA-67-3773-01A-01R-0946-07,0.7510538072466663,1
TCGA-75-7025-01A-12R-1949-07,0.6903384891469895,0
TCGA-BH-A18I-01A-11R-A12D-07,0.7574953434834371,0
TCGA-E9-A54Y-01A-11R-A466-07,0.7488152185627561,1
TCGA-BP-4758-01A-01R-1289-07,0.42660393382379724,1
TCGA-LN-A9FO-01A-11R-A38D-31,0.8970225550150898,1
TCGA-10-0936-01A-01R-1564-13,0.6365829240429914,0
TCGA-DD-AACP-01A-11R-A41C-07,0.6509968272494466,1
TCGA-NH-A5IV-01A-42R-A37K-07,0.867826738528536,1
TCGA-44-6777-01A-11R-1858-07,0.6638529107482609,1
TCGA-71-8520-01A-11R-2403-07,0.7550105772230628,1
TCGA-A8-A07I-01A-11R-A00Z-07,0.8270050613498225,1
TCGA-CC-A3M9-01A-11R-A213-07,0.8459564608459123,1
TCGA-AN-A0AK-01A-21R-A00Z-07,0.888276100502785,1
TCGA-BP-5174-01A-01R-1426-07,0.34559926172529315,1
TCGA-71-6725-01A-11R-1858-07,0.8667233132129732,1
TCGA-25-1623-01A-01R-1566-13,0.7314271230788054,1
TCGA-KK-A6E1-01A-11R-A311-07,0.8784420535507138,1
TCGA-AR-A0TQ-01A-11R-A084-07,0.8422142585656972,1
TCGA-50-5946-01A-11R-1755-07,0.8884495530775331,1
TCGA-A4-8312-01A-11R-2404-07,0.9360502056451463,1
TCGA-FC-7961-01A-11R-A29R-07,0.8655617829897492,1
TCGA-AA-A01G-01A-01R-A002-07,0.35735047546421433,1
TCGA-C8-A12Q-01A-11R-A115-07,0.8842438528086966,1
TCGA-HV-A5A5-01A-11R-A26U-07,0.8909580623599791,1
TCGA-BP-4987-01A-01R-1334-07,0.21259267914275293,0
TCGA-24-1564-01A-01R-1566-13,0.8211334134391999,1
TCGA-EJ-7788-01A-11R-2118-07,0.5458174288093635,0
TCGA-O9-A75Z-01A-11R-A33Z-07,0.5777309148685787,1
TCGA-36-1574-01A-01R-1566-13,0.7596545946438692,1
TCGA-21-1070-01A-01R-0692-07,0.4955317277140072,1
TCGA-BP-4976-01A-01R-1334-07,0.2781977506533893,1
TCGA-A7-A0CJ-01A-21R-A00Z-07,0.9089064072892323,1
TCGA-13-1501-01A-01R-1565-13,0.761972972133101,1
TCGA-CZ-5469-01A-01R-1503-07,0.8035478195125649,1
TCGA-29-1776-01A-01R-1567-13,0.7056336660727329,1
TCGA-75-6214-01A-41R-1949-07,0.9190700067935902,1
TCGA-55-8619-01A-11R-2403-07,0.4689557801360993,1
TCGA-A4-A6HP-01A-11R-A31O-07,0.2832460978542739,0
TCGA-LG-A6GG-01A-11R-A311-07,0.5254585854771805,1
TCGA-CC-A9FW-01A-11R-A37K-07,0.5678569670063988,1
TCGA-EJ-7781-01A-11R-2118-07,0.42157768044655164,1
TCGA-05-5420-01A-01R-1628-07,0.5380790552534886,1
TCGA-EW-A3U0-01A-11R-A22K-07,0.9296458888035293,1
TCGA-61-2002-01A-01R-1568-13,0.7350780117280407,1
TCGA-B0-4841-01A-01R-1277-07,0.5779668987532334,1
TCGA-CJ-4885-01A-01R-1305-07,0.4362238937518437,1
TCGA-AQ-A7U7-01A-22R-A352-07,0.7025145039379262,1
TCGA-VN-A88P-01A-11R-A352-07,0.7437445243081184,1
TCGA-XX-A899-01A-11R-A36F-07,0.7882954131668551,1
TCGA-E2-A14X-01A-11R-A115-07,0.9242291102529382,1
TCGA-E2-A14U-01A-11R-A22K-07,0.6878844894850077,0
TCGA-CJ-6031-01A-11R-1672-07,0.37379368501397714,1
TCGA-38-4627-01A-01R-1206-07,0.5265564720710847,1
TCGA-V1-A9OT-01A-11R-A41O-07,0.6544726840005036,1
TCGA-VR-A8ET-01A-11R-A406-31,0.8676697456832437,1
TCGA-A2-A1G6-01A-11R-A13Q-07,0.5443141081447982,1
TCGA-B0-5110-01A-01R-1420-07,0.19406208216262866,1
TCGA-A4-7585-01A-11R-2139-07,0.8423913293326966,1
TCGA-F2-7276-01A-11R-2156-07,0.8837633060355083,1
TCGA-BP-5168-01A-01R-1420-07,0.4231217565188151,0
TCGA-D5-6540-01A-11R-1723-07,0.7904069128850447,1
TCGA-A6-6652-01A-11R-1774-07,0.7003950732803079,1
TCGA-96-8170-01A-11R-2296-07,0.6243228028217277,0
TCGA-36-1577-01A-01R-1566-13,0.7846920808644106,1
TCGA-44-8120-01A-11R-2241-07,0.8460669353546454,1
TCGA-D5-6532-01A-11R-1723-07,0.5312954782100265,1
TCGA-AR-A2LK-01A-11R-A180-07,0.6934951801701268,1
TCGA-B6-A0X7-01A-11R-A10J-07,0.6770563678625032,1
TCGA-DD-AADQ-01A-11R-A41C-07,0.5691547122166232,1
TCGA-24-1416-01A-01R-1565-13,0.7517811609025954,1
TCGA-53-7626-01A-12R-2066-07,0.6799832661466547,1
TCGA-G9-6370-01A-11R-1789-07,0.3445905399136636,1
TCGA-A2-A0CX-01A-21R-A00Z-07,0.8887216562922166,1
TCGA-G9-6498-01A-12R-A311-07,0.7248216626910517,1
TCGA-EB-A24D-01A-11R-A18T-07,0.4969155647777691,1
TCGA-P4-A5EB-01A-11R-A28H-07,0.6586868323575611,1
TCGA-55-6970-01A-11R-1949-07,0.7481074005084362,1
TCGA-AD-6963-01A-11R-1928-07,0.5452905398733494,1
TCGA-97-A4M3-01A-11R-A24X-07,0.8147038272133145,1
TCGA-23-2084-01A-02R-1568-13,0.7367455794732704,1
TCGA-E9-A228-01A-31R-A157-07,0.8821171012910924,1
TCGA-BF-A5EQ-01A-21R-A27Q-07,0.31987371470513576,1
TCGA-43-6773-01A-41R-1949-07,0.6295007295524072,1
TCGA-S3-AA17-01A-11R-A41B-07,0.9005803585664421,1
TCGA-D8-A143-01A-11R-A115-07,0.9022367567207149,1
TCGA-2Y-A9H7-01A-11R-A39D-07,0.5075587777563995,1
TCGA-91-6849-01A-11R-1949-07,0.784705518067726,1
TCGA-B0-4818-01A-01R-1503-07,0.3272763524445557,1
TCGA-DM-A280-01A-12R-A16W-07,0.6336615409006408,1
TCGA-EW-A1PH-01A-11R-A14M-07,0.9196180740615533,1
TCGA-VN-A88R-01A-11R-A36G-07,0.7688776746559307,1
TCGA-91-6829-01A-21R-1858-07,0.8150905424689743,1
TCGA-30-1857-01A-02R-1569-13,0.7559855421129734,1
TCGA-V1-A8WS-01A-11R-A37L-07,0.7151960886085894,0
TCGA-D8-A27H-01A-11R-A16F-07,0.9493097115371094,1
TCGA-56-8304-01A-11R-2326-07,0.5642737505131714,1
TCGA-43-5670-01A-21R-2125-07,0.7454452274810225,1
TCGA-OL-A66P-01A-11R-A31O-07,0.8348741997792144,1
TCGA-78-7150-01A-21R-2039-07,0.795527966030841,1
TCGA-C8-A12L-01A-11R-A115-07,0.9221881064529327,0
TCGA-IB-AAUT-01A-11R-A37L-07,0.8855918182737685,1
TCGA-B6-A0IN-01A-11R-A034-07,0.9000242077914565,1
TCGA-O8-A75V-01A-11R-A32O-07,0.15825613192624483,1
TCGA-DD-AAE6-01A-11R-A41C-07,0.42973792038924274,1
TCGA-L5-A8NR-01A-11R-A37I-31,0.8312632915214379,1
TCGA-KK-A8IG-01A-11R-A36G-07,0.6865839236785678,1
TCGA-L9-A8F4-01A-11R-A39D-07,0.8752496548585803,1
TCGA-13-0887-01A-01R-1564-13,0.6798834154210353,1
TCGA-BH-A1FR-01A-11R-A13Q-07,0.8443617367315912,1
TCGA-BP-4981-01A-01R-1334-07,0.4317844973935827,1
TCGA-DV-5574-01A-01R-1541-07,0.39086219714670983,1
TCGA-AA-3696-01A-01R-0905-07,0.7978689869749191,0
TCGA-DD-A115-01A-11R-A131-07,0.4175993851948453,1
TCGA-98-A53B-01A-11R-A262-07,0.6292699989796248,1
TCGA-FB-A5VM-01A-11R-A32O-07,0.9655259664028246,1
TCGA-AK-3425-01A-02R-1277-07,0.590636618734541,1
TCGA-CW-5581-01A-02R-1541-07,0.5324352571065037,1
TCGA-5P-A9K4-01A-11R-A42S-07,0.6655197679042557,1
TCGA-HE-A5NK-01A-11R-A26U-07,0.8402578958270809,1
TCGA-B9-A8YI-01A-21R-A37K-07,0.6841439895519782,1
TCGA-HZ-8001-01A-11R-2204-07,0.9391346383167714,1
TCGA-AC-A2FF-01A-11R-A17B-07,0.5786887512235219,1
TCGA-EJ-5512-01A-01R-1580-07,0.3341807957018192,1
TCGA-68-8251-01A-11R-2296-07,0.5408406130215476,1
TCGA-C8-A27B-01A-11R-A169-07,0.8923783128921113,1
TCGA-GF-A769-01A-32R-A32P-07,0.677422984946606,1
TCGA-ZP-A9CZ-01A-11R-A38B-07,0.43856407888722765,0
TCGA-24-1845-01A-01R-1567-13,0.7794473773725794,1
TCGA-29-A5NZ-01A-11R-A406-31,0.7938404138455079,1
TCGA-5P-A9KC-01A-11R-A42S-07,0.8957391100193812,1
TCGA-ZG-A9LY-01A-11R-A41O-07,0.8004598355302283,1
TCGA-13-0890-01A-01R-1564-13,0.7156669893299783,0
TCGA-EW-A1J3-01A-11R-A13Q-07,0.68296812415263,1
TCGA-ED-A4XI-01A-11R-A266-07,0.24875146540403123,0
TCGA-23-1027-01A-02R-1564-13,0.6869588881779236,1
TCGA-A2-A0CV-01A-31R-A115-07,0.7918475856566258,1
TCGA-B0-5703-01A-11R-1541-07,0.6656040647018561,0
TCGA-BH-A18P-01A-11R-A12D-07,0.7426558878098649,0
TCGA-60-2703-01A-11R-2045-07,0.5463203493402596,0
TCGA-DD-AAD6-01A-11R-A41C-07,0.5591745707352022,1
TCGA-5P-A9KA-01A-11R-A42S-07,0.6299865256060586,1
TCGA-IB-7652-01A-11R-2156-07,0.8884872641795405,1
TCGA-97-A4M0-01A-11R-A24X-07,0.782244034104137,1
TCGA-LN-A4A9-01A-11R-A28J-31,0.8814201589159645,1
TCGA-58-A46M-01A-11R-A24H-07,0.545797149643735,1
TCGA-DD-AADM-01A-11R-A41C-07,0.13400528716485677,1
TCGA-K7-A6G5-01A-11R-A311-07,0.18823120059229595,0
TCGA-55-8204-01A-11R-2241-07,0.8855059680621041,1
TCGA-B4-5834-01A-11R-1672-07,0.2340249315517052,1
TCGA-69-7764-01A-11R-2170-07,0.8199323300235392,1
TCGA-A3-3380-01A-01R-0864-07,0.39815266161131185,0
TCGA-MF-A522-01A-11R-A262-07,0.5701406877608256,1
TCGA-FB-AAPY-01A-11R-A41B-07,0.8415528312758525,1
TCGA-HC-8260-01A-11R-2263-07,0.44730946029682833,1
TCGA-35-3615-01A-01R-0946-07,0.7611471134444443,0
TCGA-BF-AAOX-01A-11R-A39D-07,0.4543140181042307,1
TCGA-49-4510-01A-01R-1206-07,0.791701267828485,0
TCGA-55-7726-01A-11R-2170-07,0.8011957092808231,1
TCGA-D5-6536-01A-11R-1723-07,0.8287617504372505,1
TCGA-43-A56U-01A-11R-A26W-07,0.5443802884824297,1
TCGA-EP-A3JL-01A-11R-A213-07,0.19116498555896763,1
TCGA-HC-8258-01A-11R-2263-07,0.39387437812718373,1
TCGA-Z6-A9VB-01A-21R-A37I-31,0.9034426576504866,0
TCGA-V1-A9O5-01A-11R-A41O-07,0.9366043570272613,0
TCGA-77-8146-01A-11R-2247-07,0.5168394913025494,1
TCGA-EU-5906-01A-11R-1672-07,0.1543460661604225,1
TCGA-34-2608-01A-02R-0851-07,0.24065746269862479,0
TCGA-LD-A7W6-01A-81R-A352-07,0.6387668186965214,1
TCGA-B8-4143-01A-01R-1188-07,0.7555935249444122,1
TCGA-BQ-5883-01A-11R-1592-07,0.930237252010779,1
TCGA-V5-AASV-01A-11R-A38D-31,0.8938059662237859,0
TCGA-A7-A0D9-01A-31R-A056-07,0.9001295380188106,1
TCGA-A6-2676-01A-01R-0826-07,0.7523476811714737,1
TCGA-DM-A1D7-01A-11R-A155-07,0.7173621621027709,1
TCGA-B6-A3ZX-01A-11R-A239-07,0.8976094586343647,1
TCGA-05-4402-01A-01R-1206-07,0.825825940408214,1
TCGA-AA-3555-01A-01R-0821-07,0.7466248339369783,1
TCGA-G3-A7M7-01A-12R-A352-07,0.24576102830621885,1
TCGA-A3-3351-01A-02R-1325-07,0.1476598106318624,0
TCGA-EB-A4IQ-01A-12R-A266-07,0.6245115957009538,1
TCGA-CJ-4907-01A-01R-1426-07,0.25052931626964436,0
TCGA-B8-5163-01A-01R-1420-07,0.4659841045538949,1
TCGA-AQ-A1H3-01A-31R-A13Q-07,0.6315041151910644,1
TCGA-52-7811-01A-11R-2125-07,0.49684164249967294,1
TCGA-AR-A250-01A-31R-A169-07,0.8094758937490674,1
TCGA-J9-A8CK-01A-11R-A352-07,0.6859721860969081,1
TCGA-A2-A04U-01A-11R-A115-07,0.9416212631748638,1
TCGA-77-6843-01A-11R-1949-07,0.6027523936266367,1
TCGA-EW-A6SD-01A-12R-A33J-07,0.9176246896625535,0
TCGA-BH-A0B5-01A-11R-A12P-07,0.6801826267518091,0
TCGA-29-2425-01A-01R-1569-13,0.7843212220724921,1
TCGA-AA-3972-01A-01R-1022-07,0.4904107630857448,1
TCGA-B6-A0IK-01A-12R-A056-07,0.9136924390527575,1
TCGA-V1-A8MJ-01A-11R-A36G-07,0.7321658132627864,1
TCGA-B0-5707-01A-11R-1541-07,0.8578801449862489,0
TCGA-13-1409-01A-01R-1565-13,0.74609528273587,0
TCGA-HC-7817-01B-11R-A29R-07,0.7835378910695302,1
TCGA-LN-A4MR-01A-11R-A28J-31,0.8756552078654887,1
TCGA-CM-4747-01A-01R-1410-07,0.3458104252054764,1
TCGA-BP-5192-01A-01R-1426-07,0.3403176380475813,0
TCGA-CC-A7IF-01A-11R-A33J-07,0.3855602514055874,1
TCGA-75-6212-01A-11R-1755-07,0.7993967467141186,1
TCGA-61-2095-01A-01R-1568-13,0.6412207481462627,1
TCGA-BP-4992-01A-01R-1334-07,0.4816937488628683,1
TCGA-KK-A6E7-01A-11R-A31N-07,0.8433616306139421,0
TCGA-24-1469-01A-01R-1566-13,0.7204677263147714,1
TCGA-DD-A73B-01A-12R-A32O-07,0.48613184693118006,1
TCGA-LN-A9FQ-01A-31R-A38D-31,0.8920409972566642,1
TCGA-J2-A4AG-01A-11R-A24H-07,0.7823320864224796,1
TCGA-G6-A8L8-01A-21R-A37O-07,0.5422019860679658,1
TCGA-A2-A0CS-01A-11R-A115-07,0.7264168960000075,1
TCGA-DD-AACA-01A-11R-A41C-07,0.5400320703003338,1
TCGA-A2-A0CZ-01A-11R-A034-07,0.8035042539136665,1
TCGA-23-1110-01A-01R-1564-13,0.7206801989158685,0
TCGA-E2-A150-01A-11R-A12D-07,0.938040434145643,1
TCGA-A6-6142-01A-11R-1774-07,0.7026133438314516,1
TCGA-AO-A124-01A-11R-A10J-07,0.9045591857032024,1
TCGA-NC-A5HJ-01A-11R-A26W-07,0.7290604690208952,1
TCGA-85-8352-01A-31R-2326-07,0.8453925485084621,1
TCGA-B8-5545-01A-01R-1672-07,0.2841657618091589,1
TCGA-DD-A118-01A-11R-A131-07,0.5834016677761313,0
TCGA-NJ-A4YP-01A-11R-A262-07,0.8384919650782536,1
TCGA-94-7557-01A-11R-2125-07,0.6713560294464587,1
TCGA-78-7156-01A-11R-2039-07,0.7092198976701829,1
TCGA-BH-A0HP-01A-12R-A084-07,0.8352231188348204,1
TCGA-B1-A656-01A-11R-A31O-07,0.747047597921887,1
TCGA-39-5037-01A-01R-1443-07,0.5032194593688846,1
TCGA-CJ-4892-01A-01R-1305-07,0.3043793767596904,1
TCGA-55-1592-01A-01R-0946-07,0.9020820560237293,1
TCGA-E2-A1L7-01A-11R-A144-07,0.8955332377133426,1
TCGA-49-4512-01A-21R-1858-07,0.7793663326792764,0
TCGA-A1-A0SH-01A-11R-A084-07,0.6984856674247162,1
TCGA-G9-6339-01A-12R-A311-07,0.5387302817505498,1
TCGA-67-3771-01A-01R-0946-07,0.8677116185287401,1
TCGA-J7-6720-01A-11R-2139-07,0.5822198920109233,1
TCGA-C8-A12O-01A-11R-A115-07,0.8616930992833877,1
TCGA-CH-5741-01A-11R-1580-07,0.7074131788920881,1
TCGA-EJ-A8FU-01A-11R-A36G-07,0.4409461810418396,1
TCGA-B0-4849-01A-01R-1277-07,0.39719542788994,1
TCGA-HC-A76W-01A-11R-A33R-07,0.8255914649896336,1
TCGA-CC-A8HT-01A-11R-A36F-07,0.5582395361824346,0
TCGA-G4-6320-01A-11R-1723-07,0.7551926077350595,1
TCGA-BP-4763-01A-01R-1289-07,0.6527230481835347,1
TCGA-A8-A097-01A-11R-A034-07,0.8822191137172594,1
TCGA-73-4662-01A-01R-1206-07,0.8169008332761346,1
TCGA-RC-A7SH-01A-11R-A38B-07,0.5274539024292559,1
TCGA-09-1661-01B-01R-1566-13,0.8207265532905885,1
TCGA-66-2766-01A-01R-0851-07,0.5313001351121931,1
TCGA-A2-A3XZ-01A-42R-A239-07,0.9003393903979573,0
TCGA-36-1581-01A-01R-1566-13,0.8751742103942137,1
TCGA-CH-5789-01A-11R-1580-07,0.43223634645554226,1
TCGA-BH-A1F0-01A-11R-A137-07,0.8285572960069764,1
TCGA-91-6847-01A-11R-1949-07,0.9262382638129142,0
TCGA-52-7809-01A-21R-2125-07,0.6899880459355187,1
TCGA-BD-A3ER-01A-11R-A213-07,0.2551993236656709,1
TCGA-13-1511-01A-01R-1565-13,0.873712471909344,1
TCGA-21-1079-01A-01R-0692-07,0.558012225559742,1
TCGA-BH-A18V-01A-11R-A12D-07,0.9177505821170254,1
TCGA-F4-6569-01A-11R-1774-07,0.8337154124410817,1
TCGA-66-2781-01A-01R-0851-07,0.6249232296579486,1
TCGA-G3-A5SK-01A-11R-A27V-07,0.4239024731558968,1
TCGA-AC-A62V-01A-11R-A31O-07,0.7969003788643827,1
TCGA-BP-5195-01A-02R-1426-07,0.22946962690156605,1
TCGA-A8-A0A1-01A-11R-A00Z-07,0.7078100040311106,1
TCGA-38-4629-01A-02R-1206-07,0.7465251427492642,1
TCGA-AC-A5EH-01A-11R-A28M-07,0.8949531890628413,1
TCGA-M7-A721-01A-12R-A32O-07,0.45220909161919354,1
TCGA-23-1028-01A-01R-1564-13,0.7444154082664749,1
TCGA-AZ-5407-01A-01R-1723-07,0.5876231835704177,1
TCGA-56-8625-01A-11R-2403-07,0.6214405096526493,1
TCGA-NC-A5HM-01A-12R-A26W-07,0.505241835485158,1
TCGA-58-A46L-01A-11R-A24H-07,0.6597973140120342,0
TCGA-B6-A0IH-01A-11R-A115-07,0.6671078540883053,1
TCGA-77-A5FZ-01A-31R-A27Q-07,0.4177854097405666,1
TCGA-CK-4947-01B-11R-1653-07,0.6237963489039478,1
TCGA-AC-A2QI-01A-12R-A19W-07,0.7884616465912281,1
TCGA-G3-AAV4-01A-11R-A38B-07,0.4528194230453856,1
TCGA-93-7347-01A-11R-2187-07,0.6554226509692924,1
TCGA-LL-A73Z-01A-11R-A32P-07,0.8989536251491016,1
TCGA-AC-A2BK-01A-11R-A21T-07,0.9235942626822713,0
TCGA-25-1315-01A-01R-1565-13,0.6863523546127591,1
TCGA-A2-A0T2-01A-11R-A084-07,0.91809975263673,1
TCGA-P4-A5E7-01A-31R-A28H-07,0.6818659426794215,0
TCGA-E2-A574-01A-11R-A29R-07,0.9360559128158327,0
TCGA-09-2051-01A-01R-1568-13,0.8006744766483445,1
TCGA-S3-A6ZH-01A-22R-A32P-07,0.8756966797343827,0
TCGA-AA-3548-01A-01R-1873-07,0.4091776683653681,1
TCGA-B9-A8YH-01A-11R-A37K-07,0.4308259136668963,0
TCGA-AA-3971-01A-01R-1022-07,0.5082607568938129,0
TCGA-BP-5169-01A-01R-1426-07,0.6749677758329207,1
TCGA-A2-A3XW-01A-11R-A239-07,0.8314725422439717,0
TCGA-AU-3779-01A-01R-1723-07,0.7811161156135099,1
TCGA-21-1071-01A-01R-0692-07,0.34604682425140915,1
TCGA-2L-AAQE-01A-11R-A39D-07,0.9499390051132729,1
TCGA-78-7143-01A-11R-2039-07,0.7347851966373172,1
TCGA-CM-5863-01A-21R-1839-07,0.6315625555144275,1
TCGA-85-8288-01A-11R-2296-07,0.6565952112664533,1
TCGA-CC-5259-01A-31R-A213-07,0.5746884580625139,1
TCGA-22-5480-01A-01R-1635-07,0.5874415399655076,1
TCGA-DW-7963-01B-11R-A28H-07,0.48495997574630245,0
TCGA-A1-A0SN-01A-11R-A144-07,0.8746373936394971,1
TCGA-V1-A8X3-01A-11R-A37L-07,0.5943784171826966,1
TCGA-E9-A22D-01A-11R-A157-07,0.8416651261326791,1
TCGA-B0-5075-01A-01R-1334-07,0.5603061764571173,1
TCGA-AK-3433-01A-02R-1277-07,0.8748889405121449,1
TCGA-BP-4331-01A-01R-1289-07,0.29664790609088815,0
TCGA-ES-A2HT-01A-12R-A180-07,0.18502947418434304,1
TCGA-29-1766-01A-01R-1567-13,0.5907677143571018,1
TCGA-HZ-7926-01A-11R-2156-07,0.914834089017343,1
TCGA-4L-AA1F-01A-11R-A41O-07,0.8743823192746781,1
TCGA-Q2-A5QZ-01A-11R-A28H-07,0.6724174147848528,0
TCGA-49-4490-01A-21R-1858-07,0.8130947853588723,1
TCGA-2Y-A9H2-01A-12R-A38B-07,0.7841093811364793,1
TCGA-24-1923-01A-01R-1567-13,0.8028002182169321,1
TCGA-22-4595-01A-01R-1201-07,0.6332621277919944,1
TCGA-44-6147-01B-06R-A277-07,0.5116603363071673,1
TCGA-3A-A9I5-01A-11R-A38C-07,0.9639910840537023,0
TCGA-50-5933-01A-11R-1755-07,0.8156080591675761,1
TCGA-BP-4995-01A-01R-1334-07,0.0040100427512329935,1
TCGA-A2-A1FV-01A-11R-A13Q-07,0.7480873376130714,0
TCGA-CZ-4866-01A-01R-1503-07,0.5134687341464665,0
TCGA-F4-6570-01A-11R-1774-07,0.788854012415848,1
TCGA-BH-A0EI-01A-11R-A115-07,0.6972589266856893,1
TCGA-AA-3713-01A-21R-1723-07,0.7529624328919197,1
TCGA-NI-A4U2-01A-11R-A28V-07,0.4842597626243037,1
TCGA-DD-AADY-01A-11R-A41C-07,0.5804294520728936,1
TCGA-05-4405-01A-21R-1858-07,0.7579968145604237,1
TCGA-EJ-8469-01A-11R-2403-07,0.7494882119456623,1
TCGA-CK-5914-01A-11R-1653-07,0.46848181682058976,1
TCGA-61-2104-01A-01R-1568-13,0.7771803966646063,1
TCGA-95-7562-01A-11R-2241-07,0.8696705177413483,1
TCGA-NK-A5CR-01A-11R-A26W-07,0.5380300114605001,1
TCGA-DD-AACU-01A-11R-A41C-07,0.42927984128680735,1
TCGA-DD-A119-01A-11R-A131-07,0.28077698272676577,1
TCGA-GM-A3NW-01A-21R-A22K-07,0.844002589366097,1
TCGA-50-8459-01A-11R-2326-07,0.348336699746081,1
TCGA-AO-A12C-01A-11R-A10J-07,0.8717669499605333,0
TCGA-CK-4950-01A-01R-1723-07,0.4642620616766023,0
TCGA-55-6987-01A-11R-1949-07,0.7586227290742513,1
TCGA-G3-A7M6-01A-11R-A33R-07,0.770802521223214,1
TCGA-EW-A3E8-01B-11R-A24H-07,0.7134687094092146,1
TCGA-AO-A0JB-01A-11R-A32Y-07,0.8553093555323417,1
TCGA-EJ-A8FO-01A-21R-A36G-07,0.348052794094503,1
TCGA-CM-6168-01A-11R-1653-07,0.6919442624391261,1
TCGA-J4-8198-01A-11R-2263-07,0.48426282819733923,1
TCGA-YL-A8SA-01A-21R-A37L-07,0.7022278630007626,1
TCGA-CJ-5679-01A-11R-1541-07,0.6453558101136332,1
TCGA-LL-A7SZ-01A-32R-A352-07,0.773850756451259,1
TCGA-CM-6677-01A-11R-1839-07,0.6281535689617633,1
TCGA-BP-4973-01A-01R-1334-07,0.3034074409259226,1
TCGA-2L-AAQJ-01A-12R-A39D-07,0.8981774430330131,1
TCGA-09-0367-01A-01R-1564-13,0.6339939059077002,1
TCGA-BQ-7044-01A-11R-1965-07,0.7918367241199398,1
TCGA-B0-4813-01A-01R-1277-07,0.8742276737469905,1
TCGA-24-1104-01A-01R-1565-13,0.7917437256509179,1
TCGA-HC-A6HY-01A-11R-A31N-07,0.34563094172650366,1
TCGA-L5-A8NK-01A-21R-A37I-31,0.8833468041590727,1
TCGA-31-1953-01A-01R-1568-13,0.7467725500825939,1
TCGA-BH-A8FY-01A-11R-A36F-07,0.8456169531557729,1
TCGA-B0-5107-01A-01R-1420-07,0.7679631205410402,0
TCGA-09-1673-01A-01R-1566-13,0.8611883594859953,1
TCGA-CH-5764-01A-21R-1580-07,0.40111779919164176,0
TCGA-2H-A9GN-01A-11R-A37I-31,0.877550396972088,1
TCGA-23-1024-01A-02R-1564-13,0.8133455394394472,0
TCGA-B8-5549-01A-01R-1541-07,0.36134970404025235,1
TCGA-GL-8500-01A-11R-2404-07,0.6178823015332863,1
TCGA-KK-A8IM-01A-11R-A36G-07,0.4335541709771504,0
TCGA-BH-A0BQ-01A-21R-A115-07,0.6418506739225978,1
TCGA-G3-A6UC-01A-21R-A33J-07,0.30474327821916114,1
TCGA-20-1687-01A-01R-1566-13,0.75104629024217,0
TCGA-AC-A2QH-01A-11R-A18M-07,0.9268076820236534,1
TCGA-DM-A28M-01A-12R-A16W-07,0.6633310490445145,1
TCGA-13-0899-01A-01R-1564-13,0.6973206463005412,1
TCGA-2Y-A9GW-01A-11R-A38B-07,0.26035877934206597,1
TCGA-2A-A8VT-01A-11R-A37L-07,0.8375588947994458,1
TCGA-D5-6922-01A-11R-1928-07,0.6911191221531124,1
TCGA-24-1847-01A-01R-1566-13,0.6987820385453365,1
TCGA-AC-A2FO-01A-11R-A180-07,0.8108528625697224,1
TCGA-UB-A7MC-01A-11R-A33R-07,0.562721276671256,1
TCGA-MP-A4TK-01A-11R-A24X-07,0.7784654689913098,1
TCGA-04-1542-01A-01R-1566-13,0.7358833722498207,1
TCGA-EW-A1P8-01A-11R-A144-07,0.8927236606660719,1
TCGA-G7-7501-01A-11R-2204-07,0.9205594224625883,1
TCGA-A2-A0D0-01A-11R-A00Z-07,0.9460304978009826,0
TCGA-HC-7079-01A-11R-1965-07,0.7008057073589747,1
TCGA-KK-A8IA-01A-11R-A36G-07,0.6700528361411904,1
TCGA-D5-6529-01A-11R-1774-07,0.6993899249242421,1
TCGA-G4-6304-01A-11R-1928-07,0.6755050270515884,1
TCGA-BH-A0HB-01A-11R-A056-07,0.8541014956664441,1
TCGA-CJ-4882-01A-02R-1426-07,0.6128579419731081,1
TCGA-24-1435-01A-01R-1566-13,0.7102352363046726,1
TCGA-AA-3492-01A-01R-1410-07,0.6927048431629169,0
TCGA-IZ-8196-01A-11R-2404-07,0.6053290675521962,1
TCGA-UB-A7ME-01A-11R-A33J-07,0.47526097485341406,0
TCGA-6A-AB49-01A-12R-A405-07,0.7673417787200046,1
TCGA-63-7021-01A-11R-1949-07,0.48995309964512407,1
TCGA-A2-A0EN-01A-13R-A084-07,0.7726286510758391,0
TCGA-A8-A0A2-01A-11R-A034-07,0.759811446199231,0
TCGA-DD-AACX-01A-11R-A41C-07,0.4869938379878456,1
TCGA-E2-A14O-01A-31R-A115-07,0.7908890653462268,1
TCGA-AA-3695-01A-01R-0905-07,0.9320354975881288,1
TCGA-A2-A0EM-01A-11R-A034-07,0.7610052771143033,1
TCGA-AA-3549-01A-02R-0821-07,0.5714619633095503,1
TCGA-ED-A7XP-01A-11R-A352-07,0.5351746740434117,1
TCGA-97-7938-01A-11R-2170-07,0.5753102668984614,1
TCGA-23-1122-01A-01R-1565-13,0.7315793866565933,1
TCGA-AA-A01I-01A-02R-A089-07,0.588554061240096,1
TCGA-ZS-A9CG-01A-11R-A37K-07,0.30303933072940026,1
TCGA-A7-A0DA-01A-31R-A115-07,0.916158368959436,1
TCGA-29-1701-01A-01R-1567-13,0.6576503659592906,1
TCGA-LN-A4A6-01A-11R-A260-31,0.8949651725932419,0
TCGA-2H-A9GQ-01A-11R-A37I-31,0.8658646954788307,1
TCGA-B8-4620-01A-02R-1325-07,0.6693364264661393,1
TCGA-B0-4718-01A-01R-1277-07,0.5901533906319189,1
TCGA-AA-3861-01A-01R-1022-07,0.4749063236531303,1
TCGA-D5-6932-01A-11R-1928-07,0.5583763100966542,1
TCGA-55-8091-01A-11R-2241-07,0.8006394384072977,1
TCGA-64-1681-01A-11R-2066-07,0.7488752683950288,1
TCGA-VR-AA7I-01A-11R-A406-31,0.8882655896121366,0
TCGA-AZ-4308-01A-01R-1410-07,0.21512526202499527,1
TCGA-13-1403-01A-01R-1565-13,0.7946790323463226,1
TCGA-AL-3471-01A-02R-1351-07,0.6435936426428354,1
TCGA-23-2078-01A-01R-1568-13,0.7505222959468345,1
TCGA-25-2409-01A-01R-1569-13,0.7254773642466927,1
TCGA-BH-A0W7-01A-11R-A115-07,0.8289304947909641,1
TCGA-DM-A1D6-01A-21R-A155-07,0.7304046346196076,1
TCGA-13-1512-01A-01R-1565-13,0.8400194603871772,1
TCGA-23-1111-01A-01R-1567-13,0.8344682379459982,1
TCGA-43-6647-01A-11R-1820-07,0.45371245711933034,1
TCGA-85-7698-01A-11R-2125-07,0.30305917377524455,1
TCGA-MW-A4EC-01A-11R-A266-07,0.4607533794057688,1
TCGA-58-A46J-01A-11R-A24H-07,0.6484084630476336,1
TCGA-DD-AAVX-01A-11R-A41C-07,0.39821268373842444,1
TCGA-29-1777-01A-01R-1567-13,0.6086693228336995,1
TCGA-A2-A3XX-01A-21R-A239-07,0.9283226481451047,1
TCGA-55-7725-01A-11R-2170-07,0.615462995919473,1
TCGA-BH-A0DP-01A-21R-A056-07,0.6749984503447503,1
TCGA-PD-A5DF-01A-11R-A27V-07,0.5007657611020615,1
TCGA-77-7465-01A-11R-2045-07,0.5691231506017634,1
TCGA-A6-5659-01A-01R-A278-07,0.6485003595641972,1
TCGA-A8-A08G-01A-11R-A00Z-07,0.8029204632033015,1
TCGA-39-5029-01A-01R-1443-07,0.6821683810783189,0
TCGA-DD-AAVQ-01A-11R-A41C-07,0.402432252640087,1
TCGA-BH-A0DK-01A-21R-A056-07,0.8490625487647105,1
TCGA-AC-A2QJ-01A-12R-A19W-07,0.803413965958206,1
TCGA-BP-4799-01A-01R-1305-07,0.7720886547796224,1
TCGA-18-3415-01A-01R-0980-07,0.354077712289068,1
TCGA-22-A5C4-01A-12R-A27Q-07,0.7765209134275589,1
TCGA-Y8-A896-01A-11R-A36F-07,0.8986405610977631,1
TCGA-AC-A2FG-01A-11R-A17B-07,0.6521935409718915,1
TCGA-CW-5584-01A-01R-1541-07,0.3519345659388821,1
TCGA-58-8387-01A-11R-2296-07,0.4790465579635895,1
TCGA-55-7724-01A-11R-2170-07,0.6049316622953952,1
TCGA-AO-A12B-01A-11R-A10J-07,0.8921457059482173,1
TCGA-KC-A7F3-01A-21R-A33R-07,0.5706827043385644,1
TCGA-49-4514-01A-21R-1858-07,0.8059686623411949,1
TCGA-A8-A09N-01A-11R-A00Z-07,0.8482958941290476,1
TCGA-C8-A12W-01A-11R-A115-07,0.8293784984166863,1
TCGA-BP-4797-01A-01R-1305-07,0.4539645752871512,0
TCGA-G3-A7M9-01A-23R-A352-07,0.6676527750124455,1
TCGA-55-7815-01A-11R-2170-07,0.42721842608601784,1
TCGA-EJ-A8FP-01A-21R-A36G-07,0.32977237250205216,1
TCGA-AN-A0FT-01A-11R-A034-07,0.8884034713096126,0
TCGA-A2-A25A-01A-12R-A16F-07,0.5054607053224841,1
TCGA-33-4547-01A-01R-1201-07,0.5950037717154374,0
TCGA-G9-7523-01A-11R-2263-07,0.6705443595435759,1
TCGA-KK-A8II-01A-11R-A36G-07,0.7197475294508343,1
TCGA-09-2048-01A-01R-1568-13,0.7064159508549718,1
TCGA-B0-4824-01A-01R-1277-07,0.41880440030000615,1
TCGA-BH-A0DH-01A-11R-A084-07,0.8827552595888518,0
TCGA-55-8615-01A-11R-2403-07,0.8737576995106066,1
TCGA-78-8648-01A-11R-2403-07,0.6205582858458055,0
TCGA-05-4426-01A-01R-1206-07,0.8933946194841481,1
TCGA-CW-6087-01A-11R-1672-07,0.7753320794859369,1
TCGA-BH-A2L8-01A-11R-A18M-07,0.8674574499269829,1
TCGA-64-1680-01A-02R-0946-07,0.7825727571950674,1
TCGA-ER-A19T-01A-11R-A18T-07,0.7429652554198073,1
TCGA-IB-7891-01A-11R-2204-07,0.8854434619340162,1
TCGA-SX-A7SN-01A-11R-A355-07,0.4781188186661385,0
TCGA-EJ-7793-01A-31R-2263-07,0.3535105879018335,1
TCGA-23-1118-01A-01R-1564-13,0.7221532880765784,1
TCGA-AQ-A54N-01A-11R-A266-07,0.9322927977973778,1
TCGA-DD-AAW1-01A-11R-A41C-07,0.2953203090947052,1
TCGA-L5-A43E-01A-11R-A24K-31,0.8189706050914447,1
TCGA-AA-A00O-01A-02R-A089-07,0.8955590110451241,0
TCGA-24-2261-01A-01R-1568-13,0.7668435386874007,1
TCGA-AA-3688-01A-01R-0905-07,0.5106912451960007,0
TCGA-UZ-A9PV-01A-11R-A42S-07,0.5688285984877516,1
TCGA-37-A5EN-01A-21R-A26W-07,0.5718633667065163,1
TCGA-09-2053-01C-01R-1568-13,0.6834498290519632,1
TCGA-EW-A1J5-01A-11R-A13Q-07,0.7478563138732072,1
TCGA-IB-AAUQ-01A-22R-A41I-07,0.9110452217946504,1
TCGA-A2-A0SX-01A-12R-A084-07,0.9210917934434587,1
TCGA-H8-A6C1-01A-11R-A32O-07,0.9309379160681591,0
TCGA-P4-AAVO-01A-11R-A42S-07,0.771814915485378,1
TCGA-A7-A6VY-01A-12R-A33J-07,0.9235549951771465,1
TCGA-BP-5177-01A-01R-1426-07,0.5181489751076365,0
TCGA-37-4141-01A-02R-1100-07,0.7154536981378611,0
TCGA-85-8355-01A-11R-2296-07,0.5880501435367146,1
TCGA-60-2719-01A-01R-0851-07,0.605042592863794,1
TCGA-AA-A01C-01A-01R-A00A-07,0.4089062864087325,1
TCGA-G9-6329-01A-13R-1965-07,0.6379569174400403,1
TCGA-BH-A0HK-01A-11R-A056-07,0.9177190182224247,1
TCGA-34-5239-01A-21R-1820-07,0.4182325527293399,0
TCGA-NC-A5HH-01A-11R-A26W-07,0.7181545740134345,1
TCGA-NC-A5HK-01A-11R-A26W-07,0.7906004261449695,1
TCGA-69-7973-01A-11R-2187-07,0.8697252456055045,1
TCGA-77-8128-01A-11R-2247-07,0.38951097171073135,1
TCGA-B0-5700-01A-11R-1541-07,0.3602290736293711,1
TCGA-IB-8126-01A-11R-2404-07,0.9377270141127357,1
TCGA-QL-A97D-01A-12R-A41B-07,0.6154751290557868,0
TCGA-XR-A8TC-01A-11R-A36F-07,0.4533019618763551,1
TCGA-63-A5MU-01A-11R-A26W-07,0.5687973465793456,1
TCGA-B8-A54F-01A-11R-A266-07,0.5052672072834216,0
TCGA-78-7220-01A-11R-2039-07,0.7838446572376397,1
TCGA-97-8176-01A-11R-2403-07,0.8207164554506812,1
TCGA-G4-6293-01A-11R-1723-07,0.6857146049349933,1
TCGA-05-5715-01A-01R-1628-07,0.7073979283298291,1
TCGA-E2-A1IF-01A-11R-A144-07,0.7788383581004122,1
TCGA-AC-A3YI-01A-21R-A239-07,0.7166487365209199,1
TCGA-2J-AAB6-01A-11R-A41B-07,0.9551054568042474,1
TCGA-B1-A47N-01A-11R-A24Z-07,0.4212289610360305,1
TCGA-D8-A1JL-01A-11R-A13Q-07,0.8882581686036759,1
TCGA-SS-A7HO-01A-21R-A37K-07,0.7139111036357912,1
TCGA-58-8390-01A-11R-2326-07,0.6123334895605727,1
TCGA-85-8582-01A-21R-2403-07,0.614495327951523,1
TCGA-J9-A8CL-01A-11R-A352-07,0.8752555782209199,1
TCGA-BQ-5888-01A-11R-1592-07,0.9209798119396994,1
TCGA-GM-A2DF-01A-11R-A180-07,0.9344757150651408,1
TCGA-CJ-4891-01A-01R-1305-07,0.7438778689534022,1
TCGA-E2-A14R-01A-11R-A115-07,0.9392556160008524,1
TCGA-30-1853-01A-02R-1567-13,0.7756265303695277,1
TCGA-EV-5903-01A-11R-1592-07,0.7236267154732356,1
TCGA-G9-6353-01A-11R-1965-07,0.23437612843331873,0
TCGA-BC-A110-01A-11R-A131-07,0.48463163829435574,1
TCGA-04-1648-01A-01R-1567-13,0.8725122584235844,1
TCGA-55-6983-01A-11R-1949-07,0.7819588296018849,1
TCGA-WX-AA44-01A-11R-A39D-07,0.5544175315062261,1
TCGA-C8-A132-01A-31R-A115-07,0.8562075545788778,0
TCGA-A2-A0CU-01A-12R-A034-07,0.8537858723201361,1
TCGA-46-3769-01A-01R-0980-07,0.6944072799784032,0
TCGA-PE-A5DC-01A-12R-A27Q-07,0.882596649440342,1
TCGA-2J-AAB9-01A-11R-A41B-07,0.9232002159619221,0
TCGA-21-1083-01A-01R-0692-07,0.7946704983832119,1
TCGA-E2-A15F-01A-11R-A115-07,0.8171986870623819,1
TCGA-BH-A1F5-01A-12R-A13Q-07,0.6524311631717318,1
TCGA-EW-A1P4-01A-21R-A144-07,0.9389054985659558,1
TCGA-29-1778-01A-01R-1567-13,0.7875827598091478,1
TCGA-30-1718-01A-01R-1567-13,0.7281000220013708,1
TCGA-86-8074-01A-11R-2241-07,0.8600239286580063,1
TCGA-A6-6782-01A-11R-1839-07,0.7428757181920187,1
TCGA-IA-A83V-01A-11R-A355-07,0.6546762611331965,0
TCGA-KK-A6E5-01A-11R-A311-07,0.4688454424446556,1
TCGA-L9-A5IP-01A-21R-A39D-07,0.8666800313924881,0
TCGA-58-8391-01A-11R-2326-07,0.6100058128758958,1
TCGA-KK-A8IK-01A-11R-A36G-07,0.8357694098585633,1
TCGA-F4-6807-01A-11R-1839-07,0.6572809478313025,1
TCGA-EJ-5516-01A-01R-1580-07,0.3799999772055408,1
TCGA-85-8350-01A-11R-2296-07,0.5410976917466696,1
TCGA-KK-A7AZ-01A-12R-A32O-07,0.7598270590758445,1
TCGA-DW-7842-01A-11R-A32Z-07,0.5227967750147432,1
TCGA-OL-A6VQ-01A-12R-A41B-07,0.5447337095964837,1
TCGA-31-1946-01A-01R-1568-13,0.7308694094223939,0
TCGA-AZ-6606-01A-11R-1839-07,0.6924664776317752,1
TCGA-DD-AAD1-01A-11R-A41C-07,0.5630771233974078,1
TCGA-A2-A0CO-01A-13R-A22K-07,0.662066223205884,1
TCGA-CM-4750-01A-01R-1410-07,0.38973253743389724,1
TCGA-AC-A4ZE-01A-11R-A41B-07,0.8615135885019565,1
TCGA-BP-4327-01A-01R-1289-07,0.5170000306761766,1
TCGA-UZ-A9PX-01A-11R-A42S-07,0.4206553940886348,1
TCGA-BH-A0B9-01A-11R-A056-07,0.9207113676056505,1
TCGA-FB-AAQ0-01A-31R-A41B-07,0.9268316063160154,1
TCGA-A8-A09K-01A-11R-A00Z-07,0.8158229529112374,1
TCGA-55-1595-01A-01R-0946-07,0.8920539515605946,1
TCGA-J4-A83K-01A-11R-A352-07,0.2031901273433038,1
TCGA-A2-A1G4-01A-11R-A13Q-07,0.8463247793223494,1
TCGA-A2-A04T-01A-21R-A034-07,0.8980969401043896,1
TCGA-V1-A8MK-01A-11R-A36G-07,0.33338905016630044,1
TCGA-AN-A03X-01A-21R-A00Z-07,0.8407461910653262,1
TCGA-97-7547-01A-11R-2039-07,0.804778413766598,1
TCGA-AD-6889-01A-11R-1928-07,0.7693245201906739,1
TCGA-KK-A7AW-01A-11R-A32O-07,0.4455556817658792,1
TCGA-AO-A03N-01B-11R-A10J-07,0.7963878399829728,1
TCGA-EJ-5530-01A-01R-1580-07,0.27806260814224587,0
TCGA-P4-AAVM-01A-11R-A42S-07,0.559573036000829,1
TCGA-66-2778-01A-02R-0851-07,0.3347094005296785,1
TCGA-HC-A6AP-01A-11R-A30B-07,0.32725497117652813,0
TCGA-Z6-AAPN-01A-11R-A406-31,0.9070046953041456,0
TCGA-CJ-4886-01A-01R-1305-07,0.07236293303320097,0
TCGA-BP-4769-01A-01R-1289-07,0.4060423307758259,1
TCGA-D8-A1XM-01A-21R-A14M-07,0.6672073478538755,1
TCGA-A7-A4SA-01A-11R-A266-07,0.9018823820304371,1
TCGA-LN-A7HZ-01A-31R-A354-31,0.9097208682630489,1
TCGA-AR-A1AO-01A-11R-A12P-07,0.8249968913250939,1
TCGA-Y6-A9XI-01A-11R-A41O-07,0.6386164964724156,1
TCGA-31-1951-01A-01R-1568-13,0.7719618274009195,1
TCGA-25-1318-01A-01R-1565-13,0.7960106098533604,1
TCGA-B0-5099-01A-01R-1420-07,0.6830092878441371,1
TCGA-CH-5794-01A-11R-1580-07,0.7363621800520546,1
TCGA-BQ-5894-01A-11R-1592-07,0.8855325520353493,1
TCGA-CZ-4863-01A-01R-1503-07,0.47226611271373387,1
TCGA-DD-AADJ-01A-11R-A41C-07,0.30775566112215186,1
TCGA-B0-4845-01A-01R-1277-07,0.4117835405656933,1
TCGA-BC-A216-01A-11R-A155-07,0.6559405023365167,1
TCGA-CJ-4871-01A-01R-1305-07,0.46956334631436186,1
TCGA-B0-5710-01A-11R-1672-07,0.4906370295892749,1
TCGA-CH-5750-01A-11R-1580-07,0.6835883187028267,0
TCGA-DV-5566-01A-01R-1541-07,0.481989651947823,1
TCGA-BC-A10X-01A-11R-A131-07,0.41276035803026034,0
TCGA-60-2721-01A-01R-0851-07,0.5029176823391016,1
TCGA-F2-7273-01A-11R-2156-07,0.8535021353758114,1
TCGA-05-4389-01A-01R-1206-07,0.829012248027157,1
TCGA-A8-A083-01A-21R-A00Z-07,0.8190039362942122,1
TCGA-EJ-7317-01A-31R-2118-07,0.27098933889285143,1
TCGA-24-2023-01A-01R-1567-13,0.7873762964009423,1
TCGA-B6-A0RM-01A-11R-A084-07,0.8577152928774762,1
TCGA-56-A5DS-01A-11R-A27Q-07,0.3900902671373461,1
TCGA-CJ-5672-01A-11R-1541-07,0.40623074009094334,1
TCGA-73-7498-01A-12R-2187-07,0.6579388054321632,1
TCGA-GM-A2DH-01A-11R-A180-07,0.8275343066801737,0
TCGA-A8-A082-01A-11R-A00Z-07,0.8565787317077654,1
TCGA-DD-A4NI-01A-11R-A27V-07,0.15561742208876864,1
TCGA-G4-6626-01A-11R-1774-07,0.7125631514467532,1
TCGA-CH-5738-01A-11R-1580-07,0.4829053394390644,1
TCGA-79-5596-01A-31R-1949-07,0.480581075860668,1
TCGA-A6-5656-01A-21R-A278-07,0.5797522703660072,0
TCGA-BP-4766-01A-01R-1289-07,0.5340919407019807,1
TCGA-XQ-A8TB-01A-11R-A36G-07,0.7160725518672886,1
TCGA-BP-4337-01A-01R-1289-07,0.7063795666350604,1
TCGA-G9-A9S4-01A-11R-A41O-07,0.7506397918594669,1
TCGA-CH-5762-01A-11R-1580-07,0.5387551632707531,1
TCGA-B0-5106-01A-01R-1420-07,0.46266552012964907,1
TCGA-V1-A9OX-01A-11R-A41O-07,0.31389033334468935,0
TCGA-DD-AADU-01A-11R-A41C-07,0.4419712851707929,1
TCGA-A3-3385-01A-02R-1420-07,0.4979143628765802,1
TCGA-90-7964-01A-21R-2187-07,0.6299739579043041,1
TCGA-55-7913-01B-11R-2241-07,0.8737655965369364,0
TCGA-AN-A0AJ-01A-11R-A00Z-07,0.9125001939559081,0
TCGA-09-1670-01A-01R-1566-13,0.6011251652816908,1
TCGA-A4-7734-01A-11R-A32Z-07,0.684390888675309,1
TCGA-55-7914-01A-11R-2170-07,0.9195488997187802,1
TCGA-77-7140-01A-41R-2045-07,0.6442786004644812,1
TCGA-VN-A943-01A-11R-A41O-07,0.4861249893590489,0
TCGA-B0-5108-01A-01R-1420-07,0.42749878889162624,1
TCGA-J9-A8CN-01A-11R-A352-07,0.5976259847362946,1
TCGA-13-1485-01A-02R-1565-13,0.7660397521896846,1
TCGA-33-AASL-01A-11R-A405-07,0.6574601612644203,1
TCGA-CC-5264-01A-01R-A131-07,0.7383083138565487,1
TCGA-CK-4952-01A-01R-1723-07,0.6558675951764995,1
TCGA-04-1530-01A-02R-1569-13,0.6732759023691125,1
TCGA-80-5608-01A-31R-1949-07,0.7634961572655752,0
TCGA-B1-A657-01A-11R-A31O-07,0.3655482438708999,1
TCGA-AA-3489-01A-21R-1839-07,0.7963229532003877,1
TCGA-OL-A66O-01A-11R-A31O-07,0.670383623027366,1
TCGA-5L-AAT1-01A-12R-A41B-07,0.8590030560404988,0
TCGA-55-6986-01A-11R-1949-07,0.8984270557855282,1
TCGA-FB-A4P5-01A-11R-A26U-07,0.8782447752376248,1
TCGA-AK-3428-01A-02R-1277-07,0.6849266359038445,0
TCGA-4T-AA8H-01A-11R-A41B-07,0.588480832675256,1
TCGA-L5-A88Y-01A-11R-A354-31,0.8137664702160307,1
TCGA-VN-A88K-01A-11R-A352-07,0.8360324217858254,0
TCGA-58-A46N-01A-11R-A24H-07,0.5593334913589952,1
TCGA-YL-A9WH-01A-11R-A37L-07,0.897004028750467,1
TCGA-44-6776-01A-11R-1858-07,0.7083419056042124,0
TCGA-97-A4M6-01A-11R-A24X-07,0.7792586285495884,1
TCGA-33-4583-01A-01R-1443-07,0.47984274580752706,1
TCGA-2Y-A9H9-01A-21R-A39D-07,0.32634341669275807,0
TCGA-D8-A27L-01A-11R-A16F-07,0.47524123497907167,1
TCGA-F4-6704-01A-11R-1839-07,0.9010839806859693,1
TCGA-63-A5MY-01A-11R-A26W-07,0.7176564543481553,1
TCGA-AA-3666-01A-02R-0905-07,0.5922119819723209,1
TCGA-A8-A08Z-01A-21R-A00Z-07,0.730826856673469,1
TCGA-V1-A9Z9-01A-21R-A41O-07,0.5667968554275505,1
TCGA-3A-A9IR-01A-11R-A38C-07,0.9576374959041077,1
TCGA-24-1436-01A-01R-1566-13,0.7663448122522712,0
TCGA-BH-A0AU-01A-11R-A12P-07,0.8592968506207118,1
TCGA-G9-6379-01A-11R-A31N-07,0.20606748737982342,0
TCGA-DD-AADR-01A-11R-A41C-07,0.37782441869928846,1
TCGA-EB-A4OY-01A-11R-A266-07,0.42315323319987735,1
TCGA-63-A5MG-01A-12R-A27Q-07,0.5791078315802215,0
TCGA-BP-4341-01A-01R-1289-07,0.2938977147471834,1
TCGA-B8-5550-01A-01R-1541-07,0.6366022912478024,1
TCGA-50-5935-01A-11R-1755-07,0.7362016331140983,1
TCGA-D5-6929-01A-31R-1928-07,0.7525689987986324,1
TCGA-55-A48X-01A-11R-A24H-07,0.685159184142278,1
TCGA-BH-A0HA-01A-11R-A12P-07,0.7928099340376226,1
TCGA-AD-5900-01A-11R-1653-07,0.7347257270765097,0
TCGA-50-5049-01A-01R-1628-07,0.6853753147281835,1
TCGA-BH-A0B7-01A-12R-A115-07,0.8988531483874519,1
TCGA-33-AAS8-01A-11R-A405-07,0.5366902299770282,1
TCGA-BH-A0GZ-01A-11R-A056-07,0.8104995458772775,1
TCGA-LN-A4A1-01A-21R-A260-31,0.8906758702048944,1
TCGA-XK-AAIW-01A-11R-A41O-07,0.8738196508561918,1
TCGA-98-8021-01A-11R-2247-07,0.6048907686820398,1
TCGA-B6-A0WX-01A-11R-A109-07,0.9070999363652147,1
TCGA-EB-A82B-01A-11R-A352-07,0.5702166772881975,0
TCGA-25-1324-01A-01R-1565-13,0.7092631800131938,1
TCGA-13-1482-01A-01R-1565-13,0.7185197002475253,1
TCGA-KH-A6WC-01A-11R-A336-31,0.8881868040092447,1
TCGA-KC-A7FA-01A-21R-A33R-07,0.6875707184612491,1
TCGA-B2-4098-01A-02R-1325-07,0.8453070308931256,1
TCGA-EJ-A7NH-01A-12R-A33R-07,0.3094679059666444,0
TCGA-CJ-5686-01A-11R-1672-07,0.4626727861929099,0
TCGA-V1-A8MU-01A-11R-A37L-07,0.4346201338361254,0
TCGA-67-3774-01A-01R-0946-07,0.7514338803509885,1
TCGA-93-8067-01A-11R-2287-07,0.8690131733837123,1
TCGA-CJ-4923-01A-01R-1426-07,0.5989373895330138,1
TCGA-G6-A8L6-01A-11R-A37O-07,0.35581522468142335,1
TCGA-EB-A5SF-01A-11R-A311-07,0.5230445741677372,1
TCGA-34-2600-01A-01R-0851-07,0.7124973902647654,1
TCGA-E9-A1NF-01A-11R-A14D-07,0.9112276685240288,1
TCGA-A8-A08L-01A-11R-A00Z-07,0.8985656671539192,0
TCGA-AO-A0J4-01A-11R-A034-07,0.9255124566252098,1
TCGA-55-8203-01A-11R-2241-07,0.7962662530058265,1
TCGA-LN-A49S-01A-11R-A24K-31,0.8947265819535536,1
TCGA-NC-A5HP-01A-11R-A26W-07,0.5916196721974818,1
TCGA-BH-A1FB-01A-11R-A13Q-07,0.36657392314668713,1
TCGA-53-A4EZ-01A-12R-A24X-07,0.8813940304655561,1
TCGA-69-7978-01A-11R-2187-07,0.6914834373998308,1
TCGA-UB-AA0U-01A-11R-A38B-07,0.37412604931238674,1
TCGA-44-7662-01A-11R-2066-07,0.7832708690952177,1
TCGA-E2-A14P-01A-31R-A12D-07,0.9142638947559251,1
TCGA-66-2770-01A-01R-0851-07,0.47350158229674416,1
TCGA-GL-A4EM-01A-11R-A24Z-07,0.6350838898670501,1
TCGA-A3-3357-01A-02R-1420-07,0.6257700753271274,1
TCGA-AA-A01D-01A-01R-A00A-07,0.812645043498081,1
TCGA-39-5040-01A-21R-2125-07,0.8731434971307634,1
TCGA-2Y-A9H6-01A-11R-A39D-07,0.4665269258668071,1
TCGA-38-6178-01A-11R-1755-07,0.7991941796426438,1
TCGA-G3-A25Z-01A-11R-A16W-07,0.2721486501606236,1
TCGA-BH-A204-01A-11R-A157-07,0.798835574048986,1
TCGA-AA-A01Z-01A-11R-A083-07,0.6017750986656444,1
TCGA-FB-AAPU-01A-31R-A41B-07,0.9454851997558119,1
TCGA-18-3406-01A-01R-0980-07,0.49657389363450644,0
TCGA-HC-7742-01A-11R-2118-07,0.7140892095027381,1
TCGA-B0-4691-01A-01R-1277-07,0.6428996989356522,1
TCGA-18-3408-01A-01R-0980-07,0.4791189734361949,0
TCGA-A8-A07W-01A-11R-A00Z-07,0.8472914021471973,1
TCGA-OL-A6VR-01A-32R-A33J-07,0.8753671899814558,1
TCGA-CA-6718-01A-11R-1839-07,0.8447829930810336,1
TCGA-04-1357-01A-01R-1565-13,0.7450890943686329,0
TCGA-X4-A8KS-01A-12R-A36G-07,0.5100967263092014,1
TCGA-EW-A2FR-01A-11R-A21T-07,0.8472703268832771,1
TCGA-A8-A0A9-01A-11R-A00Z-07,0.8437285424451643,1
TCGA-J4-A83N-01A-11R-A352-07,0.3819178731729679,1
TCGA-CJ-4872-01A-01R-1305-07,0.323674297342716,1
TCGA-B0-5081-01A-01R-1334-07,0.4525910445773669,1
TCGA-E9-A24A-01A-11R-A169-07,0.4769236659600591,0
TCGA-DD-A73E-01A-12R-A32O-07,0.6106791028581384,1
TCGA-LA-A7SW-01A-11R-A405-07,0.6967636490635222,1
TCGA-C8-A12U-01A-11R-A115-07,0.8656445422335941,1
TCGA-B0-5097-01A-01R-1420-07,0.6065554342047146,1
TCGA-13-0795-01A-01R-1564-13,0.7738163917860758,1
TCGA-A7-A56D-01A-11R-A27Q-07,0.5758492569376966,1
TCGA-G3-A25S-01A-11R-A16W-07,0.4635009585813623,1
TCGA-XQ-A8TA-01A-11R-A36G-07,0.886740857421111,1
TCGA-BP-4335-01A-01R-1289-07,0.3462625277267648,1
TCGA-CC-5258-01A-01R-A131-07,0.5336525603143314,1
TCGA-HC-A48F-01A-11R-A250-07,0.7270977711076221,1
TCGA-93-A4JN-01A-11R-A24X-07,0.8014444415765335,1
TCGA-DD-AADI-01A-11R-A41C-07,0.23181398671877596,0
TCGA-A8-A090-01A-11R-A00Z-07,0.8169070816459616,1
TCGA-66-2785-01A-01R-0851-07,0.717679599150791,0
TCGA-61-2097-01A-02R-1568-13,0.7868852600709096,1
TCGA-5P-A9K2-01A-11R-A42S-07,0.4125282877443812,1
TCGA-KK-A8IC-01A-11R-A36G-07,0.8271892488106158,0
TCGA-A7-A26E-01A-11R-A277-07,0.849322531097476,1
TCGA-50-5066-01A-01R-1628-07,0.4652413833711346,1
TCGA-D8-A27N-01A-11R-A16F-07,0.8895603457429768,0
TCGA-78-7166-01A-12R-2066-07,0.7851369853212539,0
TCGA-E9-A1R3-01A-31R-A14M-07,0.8381500298299429,0
TCGA-97-A4M2-01A-12R-A24X-07,0.536690046358672,1
TCGA-BQ-7056-01A-11R-1965-07,0.8328435063861455,1
TCGA-13-0724-01A-01R-1564-13,0.6804039055873522,0
TCGA-BH-A0HW-01A-11R-A034-07,0.812592255900362,1
TCGA-PE-A5DE-01A-11R-A27Q-07,0.7877141135221424,1
TCGA-2L-AAQI-01A-12R-A39D-07,0.9193338006599667,0
TCGA-2A-A8VV-01A-11R-A37L-07,0.543803052527534,1
TCGA-39-5016-01A-01R-1443-07,0.5427859704646979,0
TCGA-D5-6930-01A-11R-1928-07,0.6133056939029282,1
TCGA-D8-A27I-01A-11R-A16F-07,0.5798646616081646,1
TCGA-V1-A8ML-01A-11R-A37L-07,0.5956624831294977,1
TCGA-85-6798-01A-11R-1949-07,0.4771261992914824,1
TCGA-AA-3510-01A-01R-1410-07,0.539236627402588,1
TCGA-98-A53A-01A-11R-A262-07,0.5232282019427685,1
TCGA-A4-A772-01A-11R-A33Z-07,0.2497425773562636,0
TCGA-MP-A4TC-01A-11R-A24X-07,0.7949265557768403,1
TCGA-49-6745-01A-11R-1858-07,0.729963672386971,1
TCGA-10-0927-01A-02R-1564-13,0.780017947429957,0
TCGA-A2-A0CT-01A-31R-A056-07,0.8484465189882064,1
TCGA-99-8025-01A-11R-2241-07,0.8067532255461252,1
TCGA-ZS-A9CE-01A-11R-A37K-07,0.3053486674701985,0
TCGA-AO-A0J6-01A-11R-A034-07,0.9458746246886871,1
TCGA-CA-6715-01A-21R-1839-07,0.6620045129326585,1
TCGA-AR-A255-01A-11R-A169-07,0.7093819133227366,0
TCGA-61-2088-01A-01R-1568-13,0.7551082579880508,1
TCGA-DD-A4NV-01A-11R-A311-07,0.3941216277202214,1
TCGA-K7-A5RF-01A-11R-A28V-07,0.38933906586808265,1
TCGA-RC-A6M6-01A-11R-A32O-07,0.7578984161343748,1
TCGA-EP-A12J-01A-11R-A131-07,0.43430384360024643,1
TCGA-BH-A0BW-01A-11R-A115-07,0.9184694442629313,1
TCGA-56-A4BY-01A-11R-A24H-07,0.6485644927595151,1
TCGA-AA-3980-01A-02R-1022-07,0.6987748556337403,1
TCGA-55-8507-01A-11R-2403-07,0.8290596990728738,0
TCGA-BH-A0BS-01A-11R-A12P-07,0.794062718130478,1
TCGA-DD-A4NH-01A-11R-A27V-07,0.5920576677581695,1
TCGA-L9-A443-01A-12R-A24H-07,0.83522454017025,1
TCGA-IB-7893-01A-11R-2204-07,0.9304534075552139,0
TCGA-C8-A26W-01A-11R-A16F-07,0.8883926532935489,1
TCGA-AA-3866-01A-01R-1022-07,0.5548177053169451,1
TCGA-AA-3966-01A-01R-1113-07,0.7161576381629664,0
TCGA-24-1425-01A-02R-1566-13,0.7701817016147497,1
TCGA-J9-A52D-01A-11R-A29R-07,0.7460580988172371,1
TCGA-2Z-A9JQ-01A-11R-A42S-07,0.4540211816225306,1
TCGA-AA-3941-01A-01R-1022-07,0.6630230840470571,1
TCGA-77-7337-01A-21R-2045-07,0.5209201998096151,1
TCGA-92-8063-01A-11R-2247-07,0.6252717636017282,1
TCGA-BH-A0EA-01A-11R-A115-07,0.6643257994671348,1
TCGA-EJ-7330-01A-11R-2118-07,0.5051052419643339,1
TCGA-CC-A3MC-01A-11R-A22L-07,0.5135130647598682,1
TCGA-DD-AADD-01A-11R-A41C-07,0.4816696370913688,1
TCGA-EJ-7314-01A-31R-2118-07,0.6085462287000298,1
TCGA-E2-A109-01A-11R-A10J-07,0.8773990140618504,1
TCGA-AO-A1KR-01A-12R-A144-07,0.9317942861234821,1
TCGA-EJ-A7NK-01A-12R-A352-07,0.18486959796489322,1
TCGA-56-A4ZK-01A-11R-A262-07,0.543371791749841,1
TCGA-B0-5117-01A-01R-1420-07,0.8429378905476985,0
TCGA-A2-A04R-01A-41R-A109-07,0.8169187175337613,1
TCGA-78-7152-01A-11R-2039-07,0.8649095125302521,1
TCGA-EB-A41B-01A-11R-A24X-07,0.6357267710862877,1
TCGA-50-6592-01A-11R-1755-07,0.8293377634288072,0
TCGA-E9-A1NA-01A-11R-A144-07,0.9196999305940663,1
TCGA-97-8552-01A-11R-2403-07,0.6736041436108557,1
TCGA-DD-A4NQ-01A-21R-A28V-07,0.6976924701105162,1
TCGA-QG-A5YX-01A-11R-A28H-07,0.6668861504051327,1
TCGA-38-4632-01A-01R-1755-07,0.7164401688780349,0
TCGA-ZP-A9D1-01A-11R-A38B-07,0.40848154740326514,0
TCGA-E9-A1RF-01A-11R-A157-07,0.9074790707811974,1
TCGA-AA-3681-01A-01R-0905-07,0.6355627565985068,1
TCGA-BH-A0BR-01A-21R-A115-07,0.8580053214554156,1
TCGA-CA-5254-01A-21R-1839-07,0.860191178084402,1
TCGA-18-3417-01A-01R-1443-07,0.5364533372536382,1
TCGA-86-A4P7-01A-11R-A24X-07,0.6788553659609807,1
TCGA-24-1924-01A-01R-1567-13,0.6700998643695903,1
TCGA-AO-A0JL-01A-11R-A056-07,0.9378235229601911,0
TCGA-ED-A7PX-01A-51R-A352-07,0.7507466733336097,0
TCGA-29-1696-01A-01R-1567-13,0.7605194479673422,1
TCGA-AC-A8OP-01A-11R-A36F-07,0.8737595933892661,0
TCGA-BP-5202-01A-02R-1426-07,0.38174144103845514,1
TCGA-EP-A26S-01A-11R-A16W-07,0.3305446758272633,1
TCGA-77-8144-01A-11R-2247-07,0.6658809075805933,1
TCGA-60-2713-01A-01R-0851-07,0.5484501321217434,0
TCGA-AO-A03T-01A-21R-A034-07,0.838708817340857,1
TCGA-NK-A5D1-01A-11R-A26W-07,0.7181217923996487,1
TCGA-NI-A8LF-01A-11R-A36F-07,0.4724029477486979,1
TCGA-B0-4693-01A-01R-1277-07,0.3938747901668956,0
TCGA-CH-5761-01A-11R-1580-07,0.9071573326671601,1
TCGA-VR-A8EW-01A-11R-A36D-31,0.9107134108779573,1
TCGA-09-0364-01A-02R-1564-13,0.7103280601189775,1
TCGA-US-A77E-01A-11R-A32O-07,0.8624890445825432,1
TCGA-BP-4329-01A-02R-1289-07,0.5204101682094228,1
TCGA-E9-A2JS-01A-11R-A180-07,0.8883620812238886,0
TCGA-L5-A8NN-01A-11R-A37I-31,0.8604061331684107,1
TCGA-BP-4169-01A-02R-1289-07,0.477301711647027,1
TCGA-DD-A3A5-01A-11R-A22L-07,0.27723788602916527,1
TCGA-KK-A7B1-01A-11R-A32O-07,0.7712668895669582,1
TCGA-KR-A7K2-01A-12R-A33R-07,0.3581405742269596,1
TCGA-77-A5G8-01B-11R-A27Q-07,0.3442534854427707,1
TCGA-AA-A00F-01A-01R-A002-07,0.6548310914421024,1
TCGA-BP-4340-01A-01R-1289-07,0.5072244615486796,1
TCGA-BP-4164-01A-02R-1325-07,0.5378003398558655,1
TCGA-B6-A0RU-01A-11R-A084-07,0.8841721600381751,1
TCGA-EJ-7794-01A-11R-2118-07,0.44580506226596517,1
TCGA-C8-A12P-01A-11R-A115-07,0.9288813055102121,1
TCGA-09-1674-01A-01R-1566-13,0.7507490380431088,1
TCGA-G9-6365-01A-11R-1789-07,0.5517716467040717,1
TCGA-J4-8200-01A-11R-A29R-07,0.5112755298061227,0
TCGA-BH-A0H5-01A-21R-A115-07,0.6842240476852345,1
TCGA-66-2787-01A-01R-0980-07,0.36340497810023464,1
TCGA-XK-AAIV-01A-11R-A41O-07,0.9108908417755471,1
TCGA-G9-6351-01A-21R-1965-07,0.3058681160770777,1
TCGA-BP-4967-01A-01R-1334-07,0.5519288875691405,0
TCGA-39-5036-01A-01R-1443-07,0.4941471758936756,1
TCGA-2J-AAB8-01A-12R-A41B-07,0.9231592726799306,0
TCGA-ZP-A9CV-01A-11R-A38B-07,0.24192534321948053,1
TCGA-A6-5667-01A-21R-1723-07,0.5897388277625523,1
TCGA-XJ-A83F-01A-11R-A352-07,0.5922478457198505,1
TCGA-BP-4160-01A-02R-1289-07,0.49509410913232293,1
TCGA-AA-A02H-01A-01R-A089-07,0.7033931945424406,1
TCGA-SU-A7E7-01A-22R-A33R-07,0.6235922436173672,1
TCGA-LN-A8HZ-01A-11R-A36D-31,0.8943736032996742,1
TCGA-VP-A87C-01A-11R-A352-07,0.7168256390926013,1
TCGA-G9-6347-01A-11R-A31N-07,0.36764225680134605,1
TCGA-2L-AAQM-01A-11R-A39D-07,0.9654867612478203,0
TCGA-CA-5797-01A-01R-1653-07,0.7072258032865055,1
TCGA-2J-AABA-01A-21R-A41B-07,0.9452653465365238,1
TCGA-77-8156-01A-11R-2247-07,0.5724137369490406,1
TCGA-VR-A8EZ-01A-11R-A36D-31,0.9124055415811343,0
TCGA-J9-A52C-01A-11R-A26U-07,0.6333818338452163,1
TCGA-BP-4989-01A-01R-1334-07,0.5018912366676123,0
TCGA-EB-A3Y7-01A-11R-A239-07,0.30372105075746575,1
TCGA-13-1506-01A-01R-1565-13,0.648053956963722,1
TCGA-EJ-A46D-01A-21R-A32Y-07,0.41452137697168445,0
TCGA-HC-A631-01A-11R-A29R-07,0.8483303526142236,1
TCGA-69-7761-01A-11R-2170-07,0.6684385654667045,1
TCGA-61-2092-01A-01R-1568-13,0.9287562470084897,1
TCGA-BH-A1FN-01A-11R-A13Q-07,0.8655941511049265,1
TCGA-G3-A25X-01A-11R-A16W-07,0.5349627652811217,1
TCGA-34-8455-01A-11R-2326-07,0.48713302945236675,1
TCGA-BP-4972-01A-01R-1334-07,0.24609117168140934,0
TCGA-13-0885-01A-02R-1569-13,0.7466264476287395,0
TCGA-CJ-6027-01A-11R-1672-07,0.7317400559108709,0
TCGA-O1-A52J-01A-11R-A262-07,0.7860364054954668,1
TCGA-EB-A3XB-01A-11R-A239-07,0.24600114208817794,1
TCGA-KK-A7AY-01A-11R-A33R-07,0.5871976739348334,1
TCGA-AA-3930-01A-01R-1022-07,0.7113603447447511,0
TCGA-49-4506-01A-01R-1206-07,0.8006013620198134,1
TCGA-61-2000-01A-01R-1568-13,0.7650561627712588,1
TCGA-Z5-AAPL-01A-12R-A41B-07,0.9609336962784962,1
TCGA-ZG-A9LU-01A-11R-A41O-07,0.7766689336334774,1
TCGA-JY-A93F-01A-21R-A37I-31,0.8912715070015772,0
TCGA-66-2800-01A-01R-1201-07,0.4256937451872567,1
TCGA-66-2773-01A-01R-1201-07,0.4550466962851636,0
TCGA-C8-A27A-01A-11R-A169-07,0.8554937790663681,1
TCGA-G7-A8LE-01A-11R-A36F-07,0.504281915007429,1
TCGA-HC-7819-01A-11R-2118-07,0.4188766407290655,0
TCGA-50-5936-01A-11R-1628-07,0.857772078603847,1
TCGA-86-8359-01A-11R-2326-07,0.849029050357773,1
TCGA-AA-3518-01A-02R-0826-07,0.48097573413628725,1
TCGA-HC-7211-01A-11R-2118-07,0.730821110081667,1
TCGA-BH-A0C0-01A-21R-A056-07,0.8931443297428102,1
TCGA-AA-A02O-01A-21R-A16W-07,0.3440896501789957,1
TCGA-KK-A8I5-01A-11R-A36G-07,0.6726130409206076,1
TCGA-BP-5000-01A-01R-1334-07,0.34963689088948813,1
TCGA-A8-A09X-01A-11R-A00Z-07,0.9155835963404763,1
TCGA-ER-A2NF-01A-11R-A18T-07,0.6318916301387599,0
TCGA-BH-A6R8-01A-21R-A33J-07,0.7998016737026151,0
TCGA-44-2661-01A-01R-1107-07,0.4649086160086478,1
TCGA-AO-A0J2-01A-11R-A034-07,0.9381095526963401,1
TCGA-IG-A5B8-01A-11R-A28J-31,0.9084550562322855,1
TCGA-55-8512-01A-11R-2403-07,0.8044845764961717,0
TCGA-HE-A5NJ-01A-11R-A26U-07,0.7402526726654416,0
