sample_id,score,y_member
TCGA-B0-5115-01A-01R-1420-07,0.3232847866413392,1
TCGA-EJ-A46E-01A-31R-A250-07,0.22799054689816153,1
TCGA-DD-AAE7-01A-11R-A41C-07,0.8488578569133086,1
TCGA-Z6-A8JE-01A-11R-A37I-31,0.8539874765224685,1
TCGA-A8-A08F-01A-11R-A00Z-07,0.8945617940239459,1
TCGA-59-2350-01A-01R-1569-13,0.7138627360712637,1
TCGA-CZ-4858-01A-01R-1305-07,0.7708164904108142,1
TCGA-CZ-5470-01A-01R-1503-07,0.8026058351063384,1
TCGA-AN-A0XN-01A-21R-A109-07,0.8032792394357298,1
TCGA-37-A5EL-01A-11R-A26W-07,0.897201721696944,1
TCGA-46-6025-01A-11R-1820-07,0.8509863157697987,1
TCGA-AN-A0XS-01A-22R-A109-07,0.7774932512837295,1
TCGA-M7-A725-01A-12R-A32O-07,0.7087166604002798,1
TCGA-XN-A8T3-01A-11R-A36G-07,0.5284127939468579,0
TCGA-3K-AAZ8-01A-12R-A39D-07,0.8396244645278271,1
TCGA-B9-5155-01A-01R-1592-07,0.3311703948940557,1
TCGA-OK-A5Q2-01A-11R-A27Q-07,0.5283274204959535,1
TCGA-2Y-A9H8-01A-11R-A39D-07,0.9244093173825512,1
TCGA-30-1866-01A-02R-1568-13,0.7807201689874197,1
TCGA-SX-A7SO-01A-11R-A355-07,0.8676989397052352,1
TCGA-55-7283-01A-11R-2039-07,0.6894116231940849,1
TCGA-M7-A720-01A-12R-A32O-07,0.2814696930319295,1
TCGA-91-6828-01A-11R-1858-07,0.752361722903428,1
TCGA-D8-A1JF-01A-11R-A13Q-07,0.7574022241483382,1
TCGA-D8-A1JG-01B-11R-A13Q-07,0.9329011480575665,1
TCGA-AL-3468-01A-02R-1351-07,0.5471833919984648,1
TCGA-21-1082-01A-01R-0692-07,0.8466901238720195,1
TCGA-A4-8311-01A-11R-2404-07,0.45614362342900566,1
TCGA-BD-A3EP-01A-11R-A22L-07,0.7569595933901714,1
TCGA-92-7340-01A-21R-2045-07,0.8374867941251067,1
TCGA-EJ-A65B-01A-12R-A30B-07,0.5250598783730334,1
TCGA-HC-8261-01B-05R-2302-07,0.2387299932009753,1
TCGA-AZ-6601-01A-11R-1774-07,0.897570846256513,1
TCGA-B0-4703-01A-01R-1277-07,0.6173197633361157,1
TCGA-AA-A004-01A-01R-A00A-07,0.4414264283153041,1
TCGA-30-1862-01A-02R-1568-13,0.7999590622299981,1
TCGA-09-2045-01A-01R-1568-13,0.7939551139522162,1
TCGA-E2-A10F-01A-11R-A10J-07,0.48967773539574483,1
TCGA-OL-A6VO-01A-12R-A33J-07,0.7290371038634625,1
TCGA-BQ-5884-01A-11R-1592-07,0.6563657737395859,1
TCGA-49-4507-01A-01R-1206-07,0.5475596671574109,1
TCGA-ZG-A9LS-01A-12R-A41O-07,0.7851366407928849,1
TCGA-AN-A0FW-01A-11R-A034-07,0.8703647471862374,1
TCGA-A6-A5ZU-01A-11R-A28H-07,0.8726943322975561,1
TCGA-QU-A6IL-01A-11R-A31N-07,0.41534586063661266,1
TCGA-67-4679-01B-01R-1755-07,0.8760915820361848,0
TCGA-DM-A28G-01A-11R-A16W-07,0.47443676086128184,1
TCGA-IB-AAUV-01A-11R-A38C-07,0.19569006695559926,1
TCGA-FB-AAPZ-01A-11R-A41B-07,0.6145822678593142,1
TCGA-DD-AAEG-01A-11R-A39D-07,0.8828971737361906,1
TCGA-24-0975-01A-02R-1565-13,0.7330683281567566,1
TCGA-AA-3841-01A-01R-0905-07,0.06410690916767779,0
TCGA-75-6211-01A-11R-1755-07,0.7836447935927726,1
TCGA-IB-7887-01A-11R-2156-07,0.8274725514251855,1
TCGA-78-7161-01A-11R-2039-07,0.8348458709645158,1
TCGA-B0-5699-01A-11R-1541-07,0.778476055835662,1
TCGA-DD-A113-01A-11R-A131-07,0.8675916561532295,1
TCGA-E9-A1R2-01A-11R-A14D-07,0.8479245812665801,1
TCGA-78-7536-01A-11R-2066-07,0.8936125770298877,1
TCGA-B6-A0WY-01A-11R-A109-07,0.8461737767237707,1
TCGA-ZP-A9CY-01A-11R-A38B-07,0.6590325351621601,1
TCGA-EJ-5495-01A-01R-1580-07,0.5170387827813507,0
TCGA-2H-A9GJ-01A-11R-A37I-31,0.8303062673036593,1
TCGA-AA-3955-01A-02R-1022-07,0.26126924858104533,1
TCGA-20-1684-01A-01R-1566-13,0.8189748163702651,1
TCGA-AA-3697-01A-01R-1723-07,0.6664891234383661,1
TCGA-56-5898-01A-11R-1635-07,0.7893723230960823,1
TCGA-BP-4801-01A-02R-1420-07,0.6130996215661109,1
TCGA-D8-A146-01A-31R-A115-07,0.5699259363159207,1
TCGA-DD-AACJ-01A-11R-A41C-07,0.800092322213054,0
TCGA-BQ-5892-01A-11R-1592-07,0.3815899119341547,1
TCGA-BH-A0BF-01A-21R-A12P-07,0.6274138489377714,0
TCGA-HZ-8003-01A-21R-2204-07,0.5859301409863941,0
TCGA-BH-A1EU-01A-11R-A137-07,0.22761857121100046,1
TCGA-61-1900-01A-01R-1567-13,0.9199437181854998,0
TCGA-AM-5821-01A-01R-1653-07,0.755224170900068,1
TCGA-A7-A26J-01A-11R-A169-07,0.6067376153003685,1
TCGA-AR-A1AT-01A-11R-A12P-07,0.8384979270824285,1
TCGA-OL-A5S0-01A-11R-A28M-07,0.7076182089789486,1
TCGA-63-6202-01A-11R-1820-07,0.767645480937355,1
TCGA-A2-A3XV-01A-21R-A239-07,0.44312135999270263,0
TCGA-CH-5772-01A-11R-1580-07,0.7004124284252647,1
TCGA-OL-A5DA-01A-11R-A27Q-07,0.6655317752843536,1
TCGA-2Z-A9J1-01A-11R-A38C-07,0.4055286690826825,1
TCGA-LN-A8I0-01A-11R-A36D-31,0.6898408994941995,0
TCGA-50-8460-01A-11R-2326-07,0.7324440904447957,1
TCGA-86-8279-01A-11R-2287-07,0.6918365056598914,1
TCGA-56-A4ZJ-01A-11R-A262-07,0.7646442087024126,1
TCGA-67-3770-01A-01R-0946-07,0.6368183891234659,1
TCGA-A2-A0YF-01A-21R-A109-07,0.7689737837733662,1
TCGA-85-A50Z-01A-21R-A262-07,0.8887501079592677,1
TCGA-G9-6363-01A-21R-1789-07,0.6038374453643153,1
TCGA-G7-6790-01A-11R-1965-07,0.21940569368961027,0
TCGA-AR-A1AM-01A-41R-A22K-07,0.44969883298654245,0
TCGA-E2-A10C-01A-21R-A10J-07,0.8096063705236431,1
TCGA-AA-A00L-01A-01R-A002-07,0.645804469039446,0
TCGA-55-7995-01A-11R-2187-07,0.5777235476224223,1
TCGA-G4-6309-01A-21R-1839-07,0.9356585104814571,1
TCGA-CJ-4908-01A-01R-1426-07,0.18548580495875125,1
TCGA-EJ-A46B-01A-31R-A250-07,0.3219260820266407,0
TCGA-AR-A24Z-01A-11R-A169-07,0.8422817224109388,0
TCGA-A6-2685-01A-01R-1410-07,0.4437188445994368,0
TCGA-A4-A5DU-01A-11R-A28H-07,0.40605300693808444,1
TCGA-AZ-6600-01A-11R-1774-07,0.7773861076549198,1
TCGA-CC-A7IH-01A-11R-A33J-07,0.8581619180978711,1
TCGA-QU-A6IM-01A-11R-A31N-07,0.25971922314376616,1
TCGA-LN-A49M-01A-21R-A260-31,0.7803277265470125,1
TCGA-66-2765-01A-01R-0851-07,0.43954695081683043,0
TCGA-A8-A0AB-01A-11R-A034-07,0.36484571211637123,1
TCGA-S3-AA14-01A-11R-A41B-07,0.47921234096148557,1
TCGA-98-A538-01A-11R-A262-07,0.9117936872385838,1
TCGA-CM-6166-01A-11R-1653-07,0.36469798962056516,1
TCGA-5M-AAT4-01A-11R-A41B-07,0.8034569291566219,1
TCGA-61-2008-01A-02R-1568-13,0.8700976707710225,1
TCGA-B6-A0X0-01A-21R-A115-07,0.7416117461213658,1
TCGA-86-8281-01A-11R-2287-07,0.6789084292449438,1
TCGA-24-1546-01A-01R-1566-13,0.6840720642555503,0
TCGA-V1-A9OL-01A-11R-A41O-07,0.8617141039679123,0
TCGA-BH-A201-01A-11R-A14M-07,0.7848292375334026,1
TCGA-18-3409-01A-01R-0980-07,0.7707558572453659,1
TCGA-F4-6461-01A-11R-1774-07,0.8957423548799557,1
TCGA-AA-A02E-01A-01R-A00A-07,0.8685310395932383,0
TCGA-YL-A9WY-01A-11R-A41O-07,0.8365758811992331,1
TCGA-B0-5102-01A-01R-1420-07,0.6918180043461394,1
TCGA-G9-7521-01A-11R-2263-07,0.8071835156795516,0
TCGA-CJ-4902-01A-01R-1426-07,0.5686253319645843,1
TCGA-CA-6717-01A-11R-1839-07,0.8940650636543197,0
TCGA-IG-A5S3-01A-11R-A28J-31,0.6944267386929106,0
TCGA-EJ-5497-01A-02R-1580-07,0.2453910246731686,1
TCGA-BF-A5EO-01A-12R-A27Q-07,0.25142174129563905,0
TCGA-85-A4JC-01A-11R-A24Z-07,0.7958509059926653,1
TCGA-44-3917-01A-01R-A278-07,0.6871725501664064,1
TCGA-A8-A08H-01A-21R-A00Z-07,0.43933583170410956,1
TCGA-95-A4VN-01A-11R-A262-07,0.6235534880533353,1
TCGA-B0-5693-01A-11R-1541-07,0.598503257950972,1
TCGA-77-8138-01A-11R-2247-07,0.7228376494537635,1
TCGA-KK-A7B0-01A-11R-A32O-07,0.37051470283340143,1
TCGA-B0-5083-01A-02R-1420-07,0.5051688455569988,1
TCGA-GM-A2DA-01A-11R-A18M-07,0.7421616353191376,1
TCGA-A2-A3KD-01A-12R-A213-07,0.8662985815238164,1
TCGA-DD-A39Y-01A-11R-A213-07,0.6576617344586475,1
TCGA-B6-A0WZ-01A-11R-A109-07,0.567107542843959,1
TCGA-A6-2682-01A-01R-1410-07,0.7367345209319673,1
TCGA-D8-A1JU-01A-11R-A13Q-07,0.33483998318994596,0
TCGA-RL-AAAS-01A-32R-A39D-07,0.3364049205294487,0
TCGA-B9-A44B-01A-11R-A24Z-07,0.7803502105332084,1
TCGA-B6-A0I5-01A-11R-A034-07,0.3160703188212468,1
TCGA-BH-AB28-01A-31R-A41B-07,0.7732967536681209,1
TCGA-E9-A1N9-01A-11R-A14D-07,0.9199860491876224,0
TCGA-A3-3363-01A-01R-0864-07,0.6509956942765622,1
TCGA-22-1000-01A-01R-A32Z-07,0.3022421075228143,1
TCGA-KK-A6E4-01A-11R-A30B-07,0.3186320095906724,1
TCGA-BQ-5889-01A-11R-1592-07,0.6172703239753535,1
TCGA-DM-A1HA-01A-11R-A155-07,0.81864662777551,1
TCGA-BF-A5ER-01A-12R-A27Q-07,0.32140344989950637,1
TCGA-LL-A73Y-01A-11R-A33J-07,0.7892976860130457,1
TCGA-BF-A3DL-01A-11R-A20F-07,0.26292428588519084,1
TCGA-VR-A8EO-01A-11R-A36D-31,0.6800643074548991,1
TCGA-L1-A7W4-01A-12R-A36G-07,0.8261778172402141,1
TCGA-B0-4838-01A-01R-1305-07,0.6703312157418614,1
TCGA-2Y-A9GY-01A-11R-A38B-07,0.8581418413270377,1
TCGA-BP-4343-01A-02R-1289-07,0.568501927955159,1
TCGA-BQ-5893-01A-11R-1592-07,0.7065894546787217,1
TCGA-HP-A5MZ-01A-21R-A27V-07,0.3716722020918493,1
TCGA-A7-A4SE-01A-11R-A266-07,0.8963687866202257,0
TCGA-66-2783-01A-01R-1201-07,0.7394480586219507,1
TCGA-73-4675-01A-01R-1206-07,0.7080695751587684,1
TCGA-D5-5538-01A-01R-1653-07,0.7491995676252614,1
TCGA-YL-A8SO-01B-31R-A37L-07,0.7610460146181907,1
TCGA-E2-A15H-01A-11R-A12D-07,0.8705539265736407,1
TCGA-V1-A8WN-01A-11R-A37L-07,0.7764975619840706,1
TCGA-BH-A0EB-01A-11R-A034-07,0.8824067352593564,1
TCGA-DD-A39X-01A-11R-A213-07,0.7880685601571064,1
TCGA-E2-A1LK-01A-21R-A14D-07,0.8227108501254304,1
TCGA-AR-A0TV-01A-21R-A084-07,0.8860401497274455,0
TCGA-A1-A0SD-01A-11R-A115-07,0.8572138039163122,1
TCGA-33-AASI-01A-22R-A405-07,0.8008052713564378,1
TCGA-L5-A4OW-01A-11R-A28J-31,0.7603886285817117,1
TCGA-86-7711-01A-11R-2066-07,0.9123213855023088,1
TCGA-34-5234-01A-01R-1635-07,0.01830096767836236,0
TCGA-63-7023-01A-11R-1949-07,0.8786997925927434,1
TCGA-BP-5191-01A-01R-1426-07,0.3071688945182701,1
TCGA-Q9-A6FW-01A-31R-A31P-31,0.7779214939646711,0
TCGA-CZ-5468-01A-01R-1503-07,0.7533636129917739,0
TCGA-78-7153-01A-11R-2039-07,0.7896999263160571,1
TCGA-DD-A4NA-01A-11R-A266-07,0.8275442621842192,1
TCGA-43-2578-01A-01R-0851-07,0.841155652245977,0
TCGA-5R-AA1C-01A-11R-A41C-07,0.7917351877105457,1
TCGA-78-7149-01A-11R-2039-07,0.6296588931250994,1
TCGA-CW-5591-01A-01R-1541-07,0.31794353033617817,1
TCGA-13-0906-01A-01R-1564-13,0.8023654769411723,1
TCGA-CJ-4876-01A-01R-1305-07,0.2647955250392851,1
TCGA-M7-A724-01A-12R-A32O-07,0.5492696396557043,1
TCGA-62-A46Y-01A-11R-A24H-07,0.665361018563333,1
TCGA-C8-A26V-01A-11R-A16F-07,0.8160280837268692,1
TCGA-OL-A5D8-01A-11R-A27Q-07,0.829398830904691,0
TCGA-77-8143-01A-11R-2247-07,0.917994189072748,1
TCGA-BH-A0DO-01B-11R-A12D-07,0.6112205119560461,0
TCGA-CJ-5675-01A-11R-1541-07,0.48391305809148427,0
TCGA-A2-A4S0-01A-21R-A266-07,0.7023483462522802,1
TCGA-B9-4117-01A-02R-1351-07,0.6845277651923228,1
TCGA-BP-4352-01A-01R-1289-07,0.6578093764520923,0
TCGA-A2-A0ST-01A-12R-A084-07,0.6002607455351727,1
TCGA-E2-A1IH-01A-11R-A13Q-07,0.6347343612268428,1
TCGA-37-3792-01A-01R-0980-07,0.6981679800075014,0
TCGA-AK-3427-01A-01R-0864-07,0.731041558185074,0
TCGA-AA-3506-01A-01R-1410-07,0.5681962847498501,1
TCGA-CZ-5466-01A-01R-1503-07,0.7447677232390203,1
TCGA-77-8140-01A-11R-2247-07,0.8498793976767993,0
TCGA-21-5786-01A-01R-1635-07,0.9168636597722891,0
TCGA-86-8075-01A-11R-2241-07,0.633895608615619,1
TCGA-A3-A8OX-01A-11R-A37O-07,0.7358073605101354,1
TCGA-95-8494-01A-11R-2326-07,0.6658111083765405,0
TCGA-IG-A7DP-01A-31R-A336-31,0.6118724298957084,0
TCGA-AD-6964-01A-11R-1928-07,0.8021909718939255,1
TCGA-A8-A0A6-01A-12R-A056-07,0.8147976001214918,1
TCGA-B0-5711-01A-11R-1672-07,0.27108917600592713,1
TCGA-BH-A1FM-01A-11R-A13Q-07,0.5514051949976099,0
TCGA-CH-5771-01A-21R-1580-07,0.376568054651173,1
TCGA-69-7980-01A-11R-2187-07,0.7932528105068226,1
TCGA-AR-A254-01A-21R-A169-07,0.8115016497716948,1
TCGA-A6-2683-01A-01R-0821-07,0.2652241647949947,1
TCGA-PL-A8LY-01A-11R-A41B-07,0.4700988088309549,1
TCGA-G3-A3CH-01A-11R-A22L-07,0.8372568523927373,1
TCGA-57-1583-01A-01R-1566-13,0.9205697252774543,1
TCGA-A4-8310-01A-11R-2404-07,0.4561578859019472,1
TCGA-XK-AAJP-01A-11R-A41O-07,0.7194342488546457,1
TCGA-EB-A3XE-01A-12R-A239-07,0.47130938927391636,1
TCGA-AN-A0FZ-01A-11R-A034-07,0.8769038709695075,1
TCGA-13-0911-01A-01R-1564-13,0.6687098123853504,1
TCGA-51-6867-01A-11R-2045-07,0.8183529352091035,0
TCGA-AN-A04D-01A-21R-A034-07,0.8295750387116223,0
TCGA-DD-AADC-01A-11R-A41C-07,0.884759634335253,1
TCGA-73-4677-01A-01R-1206-07,0.6991465241828944,1
TCGA-L9-A743-01A-43R-A39D-07,0.5001809241578765,1
TCGA-E9-A6HE-01A-11R-A31O-07,0.23540307746231623,1
TCGA-E2-A15D-01A-11R-A115-07,0.591039820123288,1
TCGA-73-4658-01A-01R-1755-07,0.7098928069835612,0
TCGA-CH-5788-01A-11R-1580-07,0.8098860953033745,1
TCGA-E2-A14Z-01A-11R-A115-07,0.8175218568538256,1
TCGA-EB-A6QY-01A-12R-A32P-07,0.7741853909906817,0
TCGA-CH-5753-01A-11R-1580-07,0.6257444542930453,1
TCGA-AC-A3W5-01A-11R-A22K-07,0.7052023993773417,1
TCGA-A6-A566-01A-11R-A28H-07,0.6974987363324415,1
TCGA-AA-3994-01A-01R-1113-07,0.6909861163204388,1
TCGA-MS-A51U-01A-31R-A266-07,0.5573159591416178,0
TCGA-13-1509-01A-01R-1565-13,0.7490274899292091,1
TCGA-IG-A6QS-01A-12R-A336-31,0.5100273033455548,0
TCGA-EW-A1PG-01A-11R-A144-07,0.3477668190664253,0
TCGA-23-1023-01A-02R-1564-13,0.7697158574328834,1
TCGA-XJ-A9DI-01A-11R-A37L-07,0.637892712785971,1
TCGA-68-A59I-01A-11R-A262-07,0.8968676850687608,1
TCGA-13-0891-01A-01R-1564-13,0.8419411703627445,0
TCGA-A7-A13E-01A-11R-A12P-07,0.8913628872129972,0
TCGA-A8-A07E-01A-11R-A034-07,0.7456532005160357,1
TCGA-EJ-7785-01A-11R-2118-07,0.30956723699307787,1
TCGA-98-A53C-01A-11R-A262-07,0.3818104037927351,1
TCGA-IB-A7M4-01A-11R-A36G-07,0.6618918377336636,1
TCGA-78-7146-01A-11R-2039-07,0.8227312062102697,0
TCGA-2Z-A9J9-01A-11R-A42S-07,0.39449640046994744,1
TCGA-FR-A726-01A-11R-A32P-07,0.7560232097577434,1
TCGA-49-4487-01A-21R-1858-07,0.871953644106953,1
TCGA-C8-A278-01A-11R-A169-07,0.8332191756778513,1
TCGA-MP-A4T9-01A-11R-A24X-07,0.7836381057473292,1
TCGA-BH-A1FG-01A-11R-A13Q-07,0.5991774626524686,0
TCGA-CK-6746-01A-11R-1839-07,0.7675656985235121,0
TCGA-E9-A1N8-01A-11R-A144-07,0.6911606271404854,1
TCGA-2Z-A9J6-01A-11R-A38C-07,0.43157466028803665,0
TCGA-A6-6137-01A-11R-1774-07,0.7432996717812307,1
TCGA-V1-A9OA-01A-11R-A41O-07,0.7354909126944241,0
TCGA-HV-A7OP-01A-11R-A33R-07,0.4423702553090881,1
TCGA-KK-A7B3-01A-11R-A33R-07,0.721916470481512,1
TCGA-UB-A7MA-01A-11R-A33R-07,0.831273013058155,1
TCGA-VR-AA7D-01A-11R-A406-31,0.6806270089359411,1
TCGA-D8-A1Y0-01A-11R-A14M-07,0.7363690394080905,1
TCGA-DD-A4NF-01A-11R-A27V-07,0.8779335448159062,0
TCGA-AR-A24Q-01A-12R-A169-07,0.6326023588352165,1
TCGA-BP-4986-01A-01R-1334-07,0.4316769175769683,1
TCGA-L4-A4E6-01A-11R-A24H-07,0.47617448110244015,1
TCGA-EJ-A46F-01A-31R-A250-07,0.6254431893954416,1
TCGA-21-1078-01A-01R-0692-07,0.8353998660859068,1
TCGA-33-4587-01A-11R-2125-07,0.800558738095972,1
TCGA-VN-A88Q-01A-11R-A352-07,0.42555573040573164,0
TCGA-RC-A7S9-01A-11R-A33R-07,0.8148315685410115,1
TCGA-98-A53J-01A-11R-A26W-07,0.7185383427036429,1
TCGA-B0-5705-01A-11R-1541-07,0.5880398103408877,0
TCGA-97-7546-01A-11R-2039-07,0.5300946769662543,1
TCGA-YL-A8SQ-01B-11R-A37L-07,0.5962594811967102,1
TCGA-AA-3712-01A-21R-1723-07,0.6226558888997398,1
TCGA-AR-A5QM-01A-11R-A27Q-07,0.3848083451738516,1
TCGA-HC-7077-01A-11R-1965-07,0.5837239837405127,1
TCGA-66-2795-01A-02R-0980-07,0.45611669227941326,1
TCGA-BP-4977-01A-01R-1334-07,0.7118925684222634,1
TCGA-CZ-5988-01A-11R-1672-07,0.814756614972133,1
TCGA-LL-A5YP-01A-21R-A28M-07,0.7646106636433687,1
TCGA-B0-4706-01A-01R-1503-07,0.620520338489378,1
TCGA-29-1784-01A-02R-1567-13,0.7186919021648268,0
TCGA-55-7903-01A-11R-2170-07,0.7922444628901918,1
TCGA-CM-6680-01A-11R-1839-07,0.4231212967493651,1
TCGA-49-6743-01A-11R-1858-07,0.8821054793680059,1
TCGA-B0-4815-01A-01R-1503-07,0.6566992840188509,1
TCGA-EW-A1PE-01A-11R-A144-07,0.5784917262006773,1
TCGA-VN-A88I-01A-11R-A352-07,0.1864543659447539,1
TCGA-NJ-A7XG-01A-12R-A39D-07,0.7442065642988035,0
TCGA-G7-A8LC-01A-11R-A36F-07,0.5671687096873848,1
TCGA-G9-7525-01A-31R-2263-07,0.7324298389167951,1
TCGA-A3-3362-01A-02R-1325-07,0.4560085873315604,1
TCGA-AN-A0AR-01A-11R-A00Z-07,0.807108077107597,1
TCGA-R6-A8WC-01A-11R-A37I-31,0.7020318669729437,1
TCGA-73-A9RS-01A-11R-A41B-07,0.8066244378771352,1
TCGA-05-4390-01A-02R-1755-07,0.8278651584446792,1
TCGA-CM-5349-01A-21R-1723-07,0.6637285384787415,0
TCGA-CJ-4637-01A-02R-1325-07,0.6517464367159586,0
TCGA-CJ-4897-01A-03R-1426-07,0.48987334981034314,1
TCGA-D8-A3Z6-01A-11R-A239-07,0.7084473478151307,1
TCGA-68-7757-01B-11R-2296-07,0.6411083115388306,1
TCGA-HI-7168-01A-11R-2118-07,0.7048756882750247,1
TCGA-DV-A4VZ-01A-11R-A266-07,0.5870915413454146,1
TCGA-CC-A7IJ-01A-11R-A33R-07,0.903733793824332,0
TCGA-3C-AALJ-01A-31R-A41B-07,0.8650737071569946,1
TCGA-49-4505-01A-01R-1206-07,0.48871752679513064,1
TCGA-V5-A7RE-01A-11R-A354-31,0.8003475371935393,1
TCGA-CC-5261-01A-01R-A131-07,0.3480776597936361,1
TCGA-85-A4CN-01A-11R-A24H-07,0.7505577206616001,1
TCGA-BH-A0HI-01A-11R-A084-07,0.5771676319870532,1
TCGA-55-A48Z-01A-12R-A24X-07,0.6549417882649053,1
TCGA-60-2720-01A-01R-0851-07,0.30034157473671097,1
TCGA-A7-A5ZV-01A-11R-A28M-07,0.8928984197333948,1
TCGA-HC-7231-01A-11R-2118-07,0.4003480258527091,1
TCGA-66-2771-01A-01R-0980-07,0.26663064908395734,1
TCGA-EJ-A65J-01A-11R-A311-07,0.8112027480349088,1
TCGA-G4-6322-01A-11R-1723-07,0.8756155234368749,0
TCGA-IB-A7LX-01A-12R-A36G-07,0.7527463299742049,1
TCGA-86-8669-01A-11R-2403-07,0.8348423222052476,0
TCGA-B0-5697-01A-11R-1541-07,0.6026222401957396,0
TCGA-G4-6323-01A-11R-1723-07,0.3785974672088954,1
TCGA-L5-A4OT-01A-11R-A28J-31,0.7942630032832853,1
TCGA-3E-AAAZ-01A-11R-A38C-07,0.7722900077533232,1
TCGA-13-1498-01A-01R-1565-13,0.8751727664510711,0
TCGA-WN-AB4C-01A-11R-A42S-07,0.658497325207177,1
TCGA-AA-A02W-01A-01R-A00A-07,0.35282761347563757,1
TCGA-A6-5660-01A-01R-1653-07,0.7140245334579047,1
TCGA-85-A50M-01A-21R-A262-07,0.8263019331386575,1
TCGA-B4-5378-01A-01R-1503-07,0.2593002635607077,0
TCGA-EW-A1PF-01A-11R-A144-07,0.5861427810376506,1
TCGA-44-4112-01B-06R-A277-07,0.3511853891358529,1
TCGA-23-1021-01B-01R-1564-13,0.6582892830078804,1
TCGA-CJ-4888-01A-01R-1305-07,0.6332055171933846,0
TCGA-FB-AAQ6-01A-11R-A41B-07,0.4556085315942363,1
TCGA-39-5021-01A-01R-1443-07,0.7371442918520593,1
TCGA-HZ-8638-01A-11R-2404-07,0.4577230749176194,1
TCGA-55-8085-01A-11R-2241-07,0.8546686884246613,1
TCGA-24-2038-01A-01R-1568-13,0.47435247312598505,1
TCGA-UZ-A9PS-01A-11R-A42S-07,0.6413420945426324,1
TCGA-23-1022-01A-01R-1564-13,0.8049669757639717,0
TCGA-25-1635-01A-01R-1566-13,0.904046215574806,0
TCGA-56-8308-01A-11R-2296-07,0.7780874095885464,1
TCGA-A7-A13G-01A-11R-A13Q-07,0.789476276101234,1
TCGA-BH-A0DX-01A-11R-A115-07,0.7860198602548251,1
TCGA-BH-A0HO-01A-11R-A034-07,0.7333806857208556,0
TCGA-A8-A092-01A-11R-A00Z-07,0.6941116505153944,1
TCGA-A8-A08I-01A-11R-A00Z-07,0.8240449478019897,0
TCGA-QU-A6IO-01A-11R-A31N-07,0.22417379414164884,1
TCGA-D8-A1XO-01A-11R-A14M-07,0.7170667950999239,1
TCGA-HE-A5NL-01A-11R-A26U-07,0.23199611336538684,1
TCGA-CZ-5984-01A-11R-1672-07,0.6291802148391628,1
TCGA-EJ-A7NJ-01A-22R-A352-07,0.3099299842195804,1
TCGA-A6-6653-01A-11R-1774-07,0.7989149052897314,1
TCGA-BC-4073-01B-02R-A131-07,0.8641571319508362,0
TCGA-HZ-7923-01A-12R-2156-07,0.12096176795009637,1
TCGA-AL-7173-01A-11R-2139-07,0.28806048981345134,1
TCGA-A2-A1FX-01A-11R-A13Q-07,0.9193520902859854,1
TCGA-AZ-4323-01A-21R-1839-07,0.5767917714236419,1
TCGA-J4-A67R-01A-21R-A30B-07,0.05801695525968962,1
TCGA-BF-AAP8-01A-11R-A40A-07,0.8016181884882383,1
TCGA-IG-A97H-01A-11R-A38D-31,0.8615939834007125,0
TCGA-DM-A28C-01A-11R-A32Y-07,0.5727463361632077,1
TCGA-NJ-A4YQ-01A-11R-A262-07,0.9281459203561724,1
TCGA-LN-A49K-01A-11R-A24K-31,0.597974620978258,1
TCGA-44-2655-01A-01R-0946-07,0.5465085628702906,0
TCGA-B8-5164-01A-01R-1420-07,0.35626735856983,1
TCGA-IZ-8195-01A-31R-2404-07,0.7764820379730878,0
TCGA-XD-AAUG-01A-61R-A41B-07,0.147194168122525,1
TCGA-OE-A75W-01A-12R-A32O-07,0.1255778535257346,1
TCGA-UZ-A9PU-01A-11R-A42S-07,0.36707501168598433,1
TCGA-CM-4752-01A-01R-1410-07,0.5966442052131226,1
TCGA-MR-A520-01A-11R-A266-07,0.3185520343003617,0
TCGA-E9-A1R0-01A-22R-A16F-07,0.7490588985374964,1
TCGA-43-8115-01A-11R-2247-07,0.5807419706873688,1
TCGA-F2-A7TX-01A-33R-A38C-07,0.5513454023585708,1
TCGA-13-1404-01A-01R-1565-13,0.8460810887041695,0
TCGA-13-0923-01A-01R-1564-13,0.8428121538991634,1
TCGA-LB-A7SX-01A-11R-A33R-07,0.6204004354829113,1
TCGA-BP-5001-01A-01R-1334-07,0.232109816865155,1
TCGA-09-1665-01B-01R-1566-13,0.8831613463082841,1
TCGA-GL-A9DC-01A-11R-A37K-07,0.7013602741072904,0
TCGA-IA-A83T-01A-11R-A355-07,0.7063600349751311,1
TCGA-86-8668-01A-11R-2403-07,0.7015605327921062,0
TCGA-A6-5661-01A-01R-1653-07,0.7819284509505928,1
TCGA-V5-A7RC-01B-11R-A406-31,0.6140305222648876,1
TCGA-05-4417-01A-22R-1858-07,0.7478677232516513,1
TCGA-29-1693-01A-01R-1567-13,0.8315591175187544,1
TCGA-AN-A0FX-01A-11R-A034-07,0.8548603240582473,1
TCGA-C8-A135-01A-11R-A115-07,0.868800436786822,1
TCGA-CM-6162-01A-11R-1653-07,0.4475162196380084,1
TCGA-E2-A15C-01A-31R-A12D-07,0.6640536410104045,1
TCGA-D8-A1JI-01A-11R-A13Q-07,0.8646636928277173,1
TCGA-24-1563-01A-01R-1566-13,0.7561170689369576,1
TCGA-BH-A42V-01A-11R-A24H-07,0.4446287362095061,1
TCGA-A6-6780-01A-11R-1839-07,0.812286175500282,1
TCGA-A3-3323-01A-02R-1325-07,0.32777057080877475,1
TCGA-B0-4712-01A-01R-1503-07,0.3358964248569807,1
TCGA-85-A4QR-01A-11R-A24Z-07,0.7896896273378528,1
TCGA-EW-A423-01A-11R-A24H-07,0.2801972349938827,1
TCGA-HZ-A8P0-01A-11R-A36G-07,0.5844875482072741,1
TCGA-B1-A47M-01A-11R-A24Z-07,0.42751876123479526,0
TCGA-91-6830-01A-11R-1949-07,0.8504373424494764,1
TCGA-AO-A0J9-01A-11R-A034-07,0.4114913879389902,0
TCGA-V1-A8WV-01A-11R-A37L-07,0.6862659129517054,1
TCGA-LN-A49N-01A-11R-A24K-31,0.4460312838987704,1
TCGA-BF-AAP6-01A-11R-A40A-07,0.6853234814331292,1
TCGA-B6-A401-01A-11R-A239-07,0.5976443982829963,1
TCGA-BQ-7060-01A-11R-1965-07,0.14679093531227733,0
TCGA-EP-A2KB-01A-11R-A180-07,0.6313896557635577,1
TCGA-A2-A0SY-01A-31R-A084-07,0.7054832412210607,0
TCGA-CZ-4860-01A-01R-1305-07,0.7850490270653864,1
TCGA-CM-6169-01A-11R-1653-07,0.45459353984133904,1
TCGA-85-8353-01A-21R-2296-07,0.6384860096265608,1
TCGA-AA-3850-01A-01R-1022-07,0.7840717994553682,1
TCGA-2Z-A9JJ-01A-11R-A42S-07,0.9012617471533274,1
TCGA-C8-A1HE-01A-11R-A13Q-07,0.5724383751279595,1
TCGA-97-7552-01A-11R-2039-07,0.24530840625416345,1
TCGA-YL-A8SC-01A-11R-A37L-07,0.8375367413495406,0
TCGA-BQ-5877-01A-11R-1592-07,0.7966947426405021,0
TCGA-AA-3986-01A-02R-1022-07,0.5031768731871971,1
TCGA-A6-6140-01A-11R-1774-07,0.5506358776471498,1
TCGA-MP-A5C7-01A-11R-A262-07,0.5786777432463593,1
TCGA-86-7955-01A-11R-2187-07,0.898172505056072,1
TCGA-A3-3311-01A-02R-1325-07,0.5788257783628397,1
TCGA-MP-A4T8-01A-11R-A24X-07,0.7617765899835426,0
TCGA-49-4488-01A-01R-1755-07,0.6939694598892595,0
TCGA-A8-A07O-01A-11R-A00Z-07,0.5452711623345464,0
TCGA-EJ-7312-01B-21R-A32O-07,0.8069195443039717,1
TCGA-CK-5912-01A-11R-1653-07,0.6834829718871503,1
TCGA-56-6546-01A-11R-1820-07,0.9342303477601909,1
TCGA-B6-A1KC-01B-11R-A157-07,0.7906179790608348,1
TCGA-5P-A9JU-01A-11R-A42S-07,0.7768188543058021,0
TCGA-B9-4114-01A-01R-1193-07,0.6780078924460011,1
TCGA-EB-A551-01A-21R-A27Q-07,0.8325472206591984,1
TCGA-A7-A0DB-01A-11R-A277-07,0.46588942327384675,1
TCGA-G4-6628-01A-11R-1839-07,0.6617256416629671,1
TCGA-LD-A66U-01A-11R-A31O-07,0.09232463403397602,1
TCGA-91-6840-01A-11R-1949-07,0.8738806030294592,0
TCGA-EJ-5527-01A-01R-1580-07,0.1697439965851634,1
TCGA-29-2428-01A-01R-1569-13,0.8613537078850457,0
TCGA-22-4601-01A-01R-1443-07,0.772415854508018,0
TCGA-22-0940-01A-01R-0692-07,0.7066707480890992,1
TCGA-24-1555-01A-01R-1566-13,0.8662542709587285,1
TCGA-F4-6856-01A-11R-1928-07,0.6619601567434691,1
TCGA-LG-A9QD-01A-11R-A38B-07,0.8379051878280237,1
TCGA-B0-4814-01A-01R-1277-07,0.7573256885851255,1
TCGA-DD-A3A7-01A-11R-A22L-07,0.5636785137827741,1
TCGA-BQ-7050-01A-11R-1965-07,0.8353569551952515,1
TCGA-EJ-5524-01A-01R-1580-07,0.3861249857217461,1
TCGA-E9-A22A-01A-11R-A157-07,0.6031424961886551,1
TCGA-BH-A1FJ-01A-11R-A13Q-07,0.9066775623656188,1
TCGA-EJ-5517-01A-01R-1580-07,0.33423697968363786,1
TCGA-FB-AAPP-01A-12R-A41B-07,0.8204654239143374,1
TCGA-EJ-8472-01A-11R-2403-07,0.8269136494887179,1
TCGA-BP-4770-01A-01R-1503-07,0.697522949090604,1
TCGA-CJ-5681-01A-11R-1541-07,0.9439878171512355,0
TCGA-EJ-5542-01A-01R-1580-07,0.18654073835749707,0
TCGA-13-1407-01A-01R-1565-13,0.7975011921405798,1
TCGA-J7-A8I2-01A-12R-A36F-07,0.7476974559861174,1
TCGA-ED-A627-01A-12R-A311-07,0.6685511098601709,0
TCGA-2J-AABU-01A-11R-A41B-07,0.8577940462092277,1
TCGA-E9-A1QZ-01A-21R-A169-07,0.718969173910063,1
TCGA-66-2744-01A-01R-0980-07,0.8077892198979963,1
TCGA-29-1781-01A-01R-1567-13,0.8490127545667271,1
TCGA-LN-A49L-01A-11R-A24K-31,0.8739722809336203,0
TCGA-18-4721-01A-01R-1443-07,0.7168241170029868,1
TCGA-A7-A5ZW-01A-12R-A29R-07,0.5445248569223656,1
TCGA-B6-A409-01A-11R-A24H-07,0.6744983112822716,1
TCGA-FC-A4JI-01A-11R-A250-07,0.9094792040194916,1
TCGA-13-1405-01A-01R-1565-13,0.8509117015846707,1
TCGA-DD-AADO-01A-11R-A41C-07,0.6568580281751384,1
TCGA-WX-AA46-01A-11R-A39D-07,0.8156976100577649,1
TCGA-4N-A93T-01A-11R-A37K-07,0.7328386814169717,1
TCGA-V1-A9OF-01A-11R-A41O-07,0.6767243572025254,0
TCGA-Y8-A897-01A-11R-A36F-07,0.6352000312971718,1
TCGA-A6-3807-01A-01R-1022-07,0.8690621544383499,1
TCGA-DD-A1ED-01A-11R-A155-07,0.2574088122075483,1
TCGA-AO-A0J8-01A-21R-A034-07,0.4236304000598445,1
TCGA-BH-A42T-01A-11R-A24H-07,0.40259551750362865,0
TCGA-25-1329-01A-01R-1565-13,0.8764458277931073,0
TCGA-AO-A12H-01A-11R-A115-07,0.811962652671584,1
TCGA-G3-A25T-01A-11R-A16W-07,0.5022168274336142,1
TCGA-G9-7509-01A-11R-A41O-07,0.5095888684339579,1
TCGA-BC-A8YO-01A-11R-A37K-07,0.6320797156122638,1
TCGA-50-5942-01A-21R-1755-07,0.6944572754777993,1
TCGA-GM-A2DB-01A-31R-A18M-07,0.4883900045534459,1
TCGA-C8-A133-01A-32R-A12D-07,0.8323405699963905,1
TCGA-NC-A5HD-01A-11R-A26W-07,0.9001138386593793,1
TCGA-AR-A0U0-01A-11R-A109-07,0.7628615680120533,1
TCGA-23-1029-01B-01R-1567-13,0.7944193901021245,0
TCGA-HZ-8637-01A-11R-2404-07,0.6869450868148144,1
TCGA-D8-A1JM-01A-11R-A13Q-07,0.9047128513252862,1
TCGA-91-8499-01A-11R-2403-07,0.7822865253538145,1
TCGA-ZP-A9D2-01A-11R-A38B-07,0.8790722924283859,1
TCGA-2Y-A9GV-01A-11R-A38B-07,0.7803631873100559,1
TCGA-B8-A54D-01A-21R-A266-07,0.48654558282807137,1
TCGA-A4-8630-01A-11R-2404-07,0.3708148493696213,1
TCGA-F4-6855-01A-11R-1928-07,0.7114989199367475,1
TCGA-EB-A3HV-01A-11R-A21D-07,0.367604537833344,1
TCGA-XJ-A83G-01A-11R-A352-07,0.530041521446814,0
TCGA-AA-3560-01A-01R-0821-07,0.8652565104860849,1
TCGA-D8-A1XA-01A-11R-A14D-07,0.7600799410965826,1
TCGA-BP-4963-01A-01R-1334-07,0.6482840635479952,1
TCGA-04-1338-01A-01R-1564-13,0.8272437011567341,1
TCGA-09-1662-01A-01R-1566-13,0.8209761595673941,1
TCGA-24-1417-01A-01R-1565-13,0.8868368409562929,1
TCGA-ZG-A9LN-01A-11R-A41O-07,0.8311517781170582,1
TCGA-EJ-8474-01A-11R-2403-07,0.6759512582599291,1
TCGA-13-0727-01A-01R-1564-13,0.7446154976456455,1
TCGA-37-5819-01A-01R-1635-07,0.7193100598914429,1
TCGA-E2-A1LI-01A-12R-A157-07,0.6209102636139301,0
TCGA-77-7138-01A-41R-2045-07,0.7272698858780591,1
TCGA-A2-A3XU-01A-12R-A22U-07,0.6005990921958312,1
TCGA-QG-A5YW-01A-11R-A28H-07,0.8092407176997758,1
TCGA-49-AAR0-01A-21R-A39D-07,0.647560668434718,1
TCGA-50-6590-01A-12R-1858-07,0.8508880968954411,1
TCGA-55-8510-01A-11R-2403-07,0.5772661664109598,1
TCGA-AL-3466-01A-02R-1351-07,0.5628900100512987,0
TCGA-IB-AAUU-01A-11R-A37L-07,0.4594929357069412,0
TCGA-AA-3815-01A-01R-1022-07,0.719898739957458,1
TCGA-AR-A0TZ-01A-12R-A084-07,0.8222741364803767,1
TCGA-M7-A71Z-01A-12R-A32O-07,0.8114182145493656,1
TCGA-A8-A09C-01A-11R-A00Z-07,0.7639572773711698,1
TCGA-DD-AAE1-01A-11R-A41C-07,0.6729454896140009,0
TCGA-BH-A1EX-01A-11R-A13Q-07,0.7174478781841824,1
TCGA-DM-A288-01A-11R-A16W-07,0.6939091238393694,0
TCGA-CC-A5UE-01A-11R-A28V-07,0.824022557262626,1
TCGA-S8-A6BV-01A-21R-A31P-31,0.8638541649476371,1
TCGA-AO-A03O-01A-11R-A00Z-07,0.9018935800388422,0
TCGA-IA-A83W-01A-11R-A355-07,0.5294754853405558,1
TCGA-86-A4P8-01A-11R-A24X-07,0.4006454020195444,0
TCGA-A4-7288-01A-11R-A32Z-07,0.495532550388203,0
TCGA-33-4532-01A-01R-1201-07,0.8743512974956535,1
TCGA-OY-A56P-01A-12R-A406-31,0.6547808480857128,1
TCGA-GK-A6C7-01A-11R-A33J-07,0.524466828575075,1
TCGA-E2-A15E-01A-11R-A12D-07,0.8186977948179333,1
TCGA-DD-A39W-01A-11R-A213-07,0.8934661922873385,1
TCGA-AR-A0U3-01A-11R-A109-07,0.8614622459496238,1
TCGA-CJ-4900-01A-01R-1334-07,0.5965568684097583,0
TCGA-E2-A15G-01A-11R-A12D-07,0.5143444023010776,1
TCGA-CH-5769-01A-11R-1580-07,0.7362236088191975,1
TCGA-60-2707-01A-01R-0851-07,0.3655258298230448,1
TCGA-CW-5589-01A-01R-1541-07,0.17942343047514295,0
TCGA-DD-AAEB-01A-11R-A41C-07,0.7735245643309321,1
TCGA-61-2098-01A-01R-1568-13,0.3282885220557575,1
TCGA-05-4249-01A-01R-1107-07,0.816255959497016,1
TCGA-33-4589-01A-01R-1443-07,0.29862272583753885,1
TCGA-E2-A15K-01A-11R-A12P-07,0.6320399042828638,1
TCGA-DD-A4NL-01A-11R-A28V-07,0.5473042974470946,1
TCGA-BF-AAP2-01A-11R-A40A-07,0.541257315675379,1
TCGA-44-6779-01A-11R-1858-07,0.6274230017147056,1
TCGA-85-7844-01A-11R-2125-07,0.721948408243878,1
TCGA-AK-3460-01A-02R-1277-07,0.5816968130899286,1
TCGA-B2-4101-01A-02R-1277-07,0.28454585086629186,1
TCGA-51-4080-01A-01R-1100-07,0.7406077246105441,1
TCGA-3C-AALI-01A-11R-A41B-07,0.7802947722991558,1
TCGA-IB-A5SP-01A-11R-A32O-07,0.6280679762384949,1
TCGA-L5-A88Z-01A-11R-A36D-31,0.6372475661942111,0
TCGA-D9-A4Z5-01A-11R-A266-07,0.6953412787810423,1
TCGA-BH-A0DG-01A-21R-A12P-07,0.8678789468460063,0
TCGA-L5-A8NF-01A-11R-A37I-31,0.7782493276619412,1
TCGA-EJ-7325-01B-11R-A32O-07,0.5463507188181647,0
TCGA-13-1497-01A-01R-1565-13,0.918342100606373,1
TCGA-HC-7736-01A-11R-2118-07,0.7200097733777474,1
TCGA-AR-A1AH-01A-11R-A12D-07,0.8202917210499483,1
TCGA-A7-A26F-01B-04R-A22O-07,0.605449563992666,1
TCGA-04-1337-01A-01R-1564-13,0.7863440533168484,1
TCGA-EB-A6QZ-01A-12R-A32P-07,0.5833794473934155,1
TCGA-AK-3444-01A-02R-1325-07,0.4934687794747446,0
TCGA-B0-5092-01A-01R-1420-07,0.43070327938636305,1
TCGA-A8-A09A-01A-11R-A00Z-07,0.8528474050826531,1
TCGA-LN-A49O-01A-11R-A24K-31,0.7679045835519828,1
TCGA-61-1737-01A-01R-1567-13,0.8106203543116298,1
TCGA-EJ-A46H-01A-31R-A26U-07,0.2408082003590306,0
TCGA-B6-A0X5-01A-21R-A109-07,0.9587008471134637,1
TCGA-C8-A26X-01A-31R-A16F-07,0.8370193027880872,0
TCGA-21-1077-01A-01R-0692-07,0.65764375211462,1
TCGA-GM-A2DD-01A-11R-A180-07,0.9057585774635232,1
TCGA-BP-4326-01A-01R-1289-07,0.8544420473546663,0
TCGA-DA-A960-01A-11R-A37K-07,0.7826967749160704,1
TCGA-94-A5I4-01A-11R-A26W-07,0.6695525805033549,1
TCGA-AA-3520-01A-01R-0821-07,0.8034953997226993,1
TCGA-2Y-A9H1-01A-11R-A38B-07,0.81840934723593,1
TCGA-63-A5ML-01A-31R-A27Q-07,0.6313318208075616,1
TCGA-KK-A8IB-01A-11R-A36G-07,0.6147011494110808,0
TCGA-AA-3947-01A-01R-1022-07,0.08074328499152936,1
TCGA-B8-4621-01A-01R-1503-07,0.16351360340424345,1
TCGA-S3-AA11-01A-31R-A41B-07,0.7780695109566463,1
TCGA-BH-A0BM-01A-11R-A056-07,0.6489875855457988,1
TCGA-AK-3447-01A-01R-1766-07,0.577060828278559,1
TCGA-E2-A1IO-01A-11R-A144-07,0.7421389017499868,1
TCGA-BP-5185-01A-01R-1426-07,0.5898229029770559,1
TCGA-LL-A5YO-01A-21R-A28M-07,0.5691057226203767,0
TCGA-A3-3347-01A-02R-1325-07,0.5256756664883291,1
TCGA-60-2709-01A-21R-1820-07,0.48647059834054995,0
TCGA-DD-A1EK-01A-11R-A213-07,0.7386159889070603,1
TCGA-BH-A0HU-01A-11R-A034-07,0.813282917306193,0
TCGA-HZ-7289-01A-11R-2156-07,0.5519544299269886,1
TCGA-33-4566-01A-01R-1443-07,0.9058613008181998,1
TCGA-EJ-5504-01A-01R-1580-07,0.5016852617203444,1
TCGA-IB-7654-01A-11R-2156-07,0.7963883750438493,1
TCGA-2Z-A9JD-01A-11R-A42S-07,0.5738435211792845,1
TCGA-BH-A18L-01A-32R-A12D-07,0.8114792227943409,1
TCGA-38-A44F-01A-11R-A24H-07,0.238672759217681,0
TCGA-YL-A8SB-01A-31R-A37L-07,0.6564555811557443,1
TCGA-46-3768-01A-01R-0980-07,0.7834363842653475,1
TCGA-AR-A24U-01A-11R-A169-07,0.8173175274640118,1
TCGA-AO-A0JD-01A-11R-A056-07,0.9096705904579746,1
TCGA-A2-A0T1-01A-21R-A084-07,0.7984632900666658,1
TCGA-D8-A1JH-01A-11R-A13Q-07,0.4977554308608803,1
TCGA-BP-5194-01A-02R-1426-07,0.29486596964938877,1
TCGA-RB-AA9M-01A-11R-A39D-07,0.6497660164366005,1
TCGA-A4-7915-01A-11R-2204-07,0.6187045997937527,1
TCGA-AA-3867-01A-01R-1022-07,0.6369082319466549,1
TCGA-3A-A9IH-01A-12R-A39D-07,0.31961977445475837,1
TCGA-E2-A570-01A-11R-A29R-07,0.6301012344786762,1
TCGA-D5-5540-01A-01R-1653-07,0.11229106981783309,0
TCGA-B0-4839-01A-01R-1305-07,0.3598922184259611,1
TCGA-FS-A1ZN-01A-11R-A18T-07,0.48583653216777145,1
TCGA-D8-A1Y1-01A-21R-A14M-07,0.7701555696008424,1
TCGA-57-1993-01A-01R-1568-13,0.8021624847782947,1
TCGA-E9-A3X8-01A-31R-A22U-07,0.052898983793968256,1
TCGA-86-8073-01A-11R-2241-07,0.8708197587190383,1
TCGA-ZG-A8QW-01A-11R-A37L-07,0.8058629092496126,1
TCGA-AK-3458-01A-01R-1503-07,0.44752583066243706,1
TCGA-L5-A88S-01A-11R-A36D-31,0.6505904938359426,1
TCGA-DD-A4NJ-01A-11R-A27V-07,0.813028229186652,0
TCGA-55-6985-01A-11R-1949-07,0.7407808682187678,1
TCGA-78-7147-01A-11R-2039-07,0.7924663709879939,0
TCGA-AK-3429-01A-02R-1325-07,0.48026443549703807,0
TCGA-AR-A2LH-01A-31R-A18M-07,0.6941178804867008,0
TCGA-WX-AA47-01A-11R-A39D-07,0.8140265924257483,0
TCGA-04-1536-01A-01R-1566-13,0.8629401315825806,1
TCGA-L3-A524-01A-11R-A262-07,0.8446306349193691,1
TCGA-91-6848-01A-11R-1949-07,0.8691721262756135,1
TCGA-24-2027-01A-01R-1567-13,0.822490596149139,1
TCGA-H9-A6BX-01A-31R-A311-07,0.20743080135857098,1
TCGA-G9-6354-01A-11R-A311-07,0.7098325349895095,1
TCGA-10-0937-01A-02R-1564-13,0.8304625220129851,1
TCGA-B6-A0RN-01A-12R-A084-07,0.7292733441734868,1
TCGA-86-8056-01A-11R-2241-07,0.7705817447394784,0
TCGA-95-8039-01A-11R-2241-07,0.7673633643562243,0
TCGA-E9-A1R5-01A-11R-A14M-07,0.7692753353628076,0
TCGA-A3-3331-01A-02R-1325-07,0.3978868433232967,1
TCGA-18-3410-01A-01R-0980-07,0.8139758468990044,1
TCGA-22-5491-01A-01R-1635-07,0.5427023691846297,1
TCGA-A4-A7UZ-01A-12R-A355-07,0.4703846101495563,0
TCGA-L5-A4OS-01A-11R-A28J-31,0.8211550124914149,0
TCGA-AZ-6607-01A-11R-1839-07,0.6003824041411132,1
TCGA-B0-5077-01A-01R-1334-07,0.5922472290979994,0
TCGA-63-A5MW-01A-11R-A26W-07,0.8336806848606401,0
TCGA-CK-6747-01A-11R-1839-07,0.7078731869549643,1
TCGA-A8-A06U-01A-11R-A00Z-07,0.9293223529871734,1
TCGA-CC-A5UD-01A-11R-A28V-07,0.9022853430738816,1
TCGA-44-A47A-01A-21R-A24H-07,0.9032807997004494,0
TCGA-EW-A1IZ-01A-11R-A13Q-07,0.5611846295158706,1
TCGA-24-2019-01A-02R-1568-13,0.8742014771573985,1
TCGA-EW-A1IX-01A-12R-A144-07,0.6506157685472419,1
TCGA-13-0897-01A-01R-1564-13,0.632324601704247,1
TCGA-A8-A06Q-01A-11R-A034-07,0.8869114693858585,1
TCGA-A2-A4RX-01A-11R-A266-07,0.7164553162163526,1
TCGA-E9-A1RC-01A-11R-A157-07,0.6707027671786788,1
TCGA-AA-3814-01A-01R-0905-07,0.551980914413145,1
TCGA-DD-AACH-01A-11R-A41C-07,0.8402526008093354,1
TCGA-AA-3496-01A-21R-1839-07,0.6184349211704129,1
TCGA-69-7974-01A-11R-2187-07,0.8011113752310484,0
TCGA-24-1431-01A-01R-1566-13,0.8961176274660796,1
TCGA-B6-A1KI-01A-11R-A14M-07,0.8060592529117302,0
TCGA-AK-3461-01A-02R-1277-07,0.5384839009094526,1
TCGA-DD-A11D-01A-11R-A131-07,0.8075634245049289,1
TCGA-22-4594-01A-01R-1201-07,0.7194268699226045,1
TCGA-GN-A8LN-01A-11R-A37K-07,0.8493139109260855,1
TCGA-A4-7286-01A-11R-A32Z-07,0.3918800159518214,0
TCGA-G9-6362-01A-11R-1789-07,0.7014388171776605,1
TCGA-ED-A7PZ-01A-11R-A33R-07,0.8806642736998191,1
TCGA-77-7139-01A-11R-2045-07,0.7995227541011515,1
TCGA-AT-A5NU-01A-11R-A28H-07,0.4734568327178932,1
TCGA-G9-6348-01A-11R-1789-07,0.5929326579841504,1
TCGA-CM-5868-01A-01R-1653-07,0.5142748858244274,0
TCGA-80-5607-01A-31R-1949-07,0.9082544454499571,1
TCGA-DD-A4ND-01A-11R-A266-07,0.7117193740708507,1
TCGA-AK-3443-01A-02R-1325-07,0.7295146777329365,1
TCGA-BH-A28Q-01A-11R-A16F-07,0.7806346720223121,1
TCGA-62-A470-01A-11R-A24H-07,0.6129174831466864,1
TCGA-85-A5B5-01A-21R-A26W-07,0.6327980655700856,1
TCGA-GN-A4U5-01A-11R-A32P-07,0.5000790568771579,1
TCGA-A7-A2KD-01A-31R-A21T-07,0.8511459904738669,0
TCGA-5R-AAAM-01A-12R-A41C-07,0.662103185830454,1
TCGA-AA-3952-01A-01R-1022-07,0.7906774729080602,1
TCGA-E9-A1NC-01A-21R-A26B-07,0.7690161090055585,1
TCGA-E9-A229-01A-31R-A157-07,0.6801693131494264,0
TCGA-55-A494-01A-11R-A24X-07,0.7621004745998224,1
TCGA-D8-A1XL-01A-11R-A14M-07,0.7770130887548973,1
TCGA-YL-A8SI-01A-11R-A41O-07,0.5735883648936076,1
TCGA-61-1911-01A-01R-1567-13,0.8117296298752504,1
TCGA-56-1622-01A-01R-0692-07,0.7283061843493155,0
TCGA-C8-A26Z-01A-11R-A16F-07,0.791962897237346,1
TCGA-V5-A7RB-01A-11R-A354-31,0.7860637363082715,1
TCGA-OL-A66H-01A-11R-A29R-07,0.6548459395705217,1
TCGA-AC-A3OD-01A-11R-A21T-07,0.511832715537112,0
TCGA-A4-8516-01A-11R-2404-07,0.4406488478872272,0
TCGA-EJ-A7NN-01A-11R-A33R-07,0.819615550987144,1
TCGA-A8-A06Y-01A-21R-A00Z-07,0.8696039486527383,1
TCGA-EB-A5VU-01A-21R-A32P-07,0.8464271050309099,1
TCGA-HC-7232-01A-11R-2118-07,0.8076280412451978,1
TCGA-2L-AAQL-01A-11R-A38C-07,0.4476058207053002,1
TCGA-BF-A3DM-01A-11R-A20F-07,0.8559150214361977,0
TCGA-GM-A2DI-01A-31R-A18M-07,0.3842669262232634,1
TCGA-CJ-4635-01A-02R-1305-07,0.42864568959015137,0
TCGA-FV-A4ZP-01A-12R-A266-07,0.7147549290058093,1
TCGA-IH-A3EA-01A-11R-A20F-07,0.6050915875333827,1
TCGA-HC-7075-01A-11R-1965-07,0.5449283132847832,1
TCGA-5P-A9K6-01A-11R-A42S-07,0.29233510271352436,1
TCGA-DM-A28K-01A-21R-A32Y-07,0.8232624090382121,0
TCGA-BP-4962-01A-01R-1334-07,0.2134148448114289,1
TCGA-53-7624-01A-11R-2066-07,0.8596435913969263,1
TCGA-AA-3854-01A-01R-0905-07,0.6071432107051412,1
TCGA-OL-A5RW-01A-11R-A28M-07,0.8468568894992797,0
TCGA-E9-A1RI-01A-11R-A169-07,0.6000376077570222,1
TCGA-A7-A4SB-01A-21R-A266-07,0.7205242863499393,1
TCGA-A3-3306-01A-01R-0864-07,0.6761081784757319,1
TCGA-G9-6371-01A-11R-1789-07,0.4870036251142444,1
TCGA-E9-A243-01A-21R-A169-07,0.622652998699701,1
TCGA-A7-A0CG-01A-12R-A056-07,0.7126152915088911,0
TCGA-E9-A3HO-01A-11R-A213-07,0.7252170699647891,1
TCGA-B6-A408-01A-12R-A24H-07,0.7106035035522829,0
TCGA-24-1426-01A-01R-1565-13,0.9157507393830746,0
TCGA-AC-A6IV-01A-12R-A33J-07,0.40497000882420947,0
TCGA-AS-3778-01A-01R-A32Z-07,0.38850863758157284,1
TCGA-C8-A1HG-01A-11R-A137-07,0.7850260020050471,1
TCGA-BQ-7059-01A-11R-1965-07,0.3732683883154813,1
TCGA-SX-A7SL-01A-11R-A355-07,0.5535083604005746,1
TCGA-13-1492-01A-01R-1565-13,0.7328321888193768,1
TCGA-BP-4970-01A-01R-1334-07,0.4747501731005209,1
TCGA-HE-7128-01A-11R-1965-07,0.1473665753115827,1
TCGA-61-1733-01A-01R-1567-13,0.8734715546680909,0
TCGA-LL-A5YL-01A-12R-A29R-07,0.5824976261624081,1
TCGA-DD-A3A8-01A-11R-A22L-07,0.8597568448933153,1
TCGA-AK-3450-01A-02R-1277-07,0.5860282128974188,1
TCGA-EW-A2FS-01A-11R-A17B-07,0.7655701103357877,1
TCGA-A2-A0T6-01A-11R-A084-07,0.29789748544973377,1
TCGA-FV-A496-01A-11R-A266-07,0.8097630766937,1
TCGA-75-7027-01A-11R-1949-07,0.7028431065131637,1
TCGA-43-3394-01A-01R-0980-07,0.7123366924131153,1
TCGA-CZ-5455-01A-01R-1503-07,0.4367402234378316,1
TCGA-AA-3831-01A-01R-0905-07,0.825381847464829,1
TCGA-NH-A8F7-01A-11R-A41B-07,0.727759567186461,1
TCGA-FB-A4P6-01A-12R-A26U-07,0.19996434964437387,1
TCGA-VP-A87E-01A-31R-A352-07,0.42250390337517507,1
TCGA-BH-A0DD-01A-31R-A12P-07,0.7806506509470639,1
TCGA-CM-4744-01A-01R-A32Z-07,0.6555327468320663,1
TCGA-IG-A8O2-01A-11R-A36D-31,0.8071628524560397,1
TCGA-A8-A07P-01A-11R-A00Z-07,0.7852023621752677,1
TCGA-J4-A67Q-01A-21R-A30B-07,0.08843177340215276,1
TCGA-A3-3387-01A-01R-1541-07,0.39408654737377946,1
TCGA-IB-7647-01A-11R-2156-07,0.5418895408887072,1
TCGA-98-8022-01A-11R-2247-07,0.8000371181736878,1
TCGA-J2-8194-01A-11R-2241-07,0.7674110544481518,1
TCGA-BP-5189-01A-02R-1426-07,0.21140534021942345,0
TCGA-24-2293-01A-01R-1568-13,0.7916516964926502,1
TCGA-DD-A1EA-01A-11R-A131-07,0.8142863697143982,1
TCGA-JY-A6FB-01A-11R-A336-31,0.8324365599452158,1
TCGA-60-2716-01A-01R-0851-07,0.866807376071936,1
TCGA-A1-A0SF-01A-11R-A144-07,0.7703824246900608,1
TCGA-78-7148-01A-11R-2039-07,0.8187502552065049,1
TCGA-85-7696-01A-11R-2125-07,0.8043842870984802,1
TCGA-25-1319-01A-01R-1565-13,0.915305081031019,1
TCGA-44-A47B-01A-11R-A24H-07,0.8666483796685479,1
TCGA-L5-A88W-01A-11R-A354-31,0.8283690376865641,1
TCGA-85-A4CL-01A-41R-A26W-07,0.7921971395244228,1
TCGA-44-A4SU-01A-11R-A24X-07,0.3480859875382378,1
TCGA-2Y-A9GX-01A-11R-A38B-07,0.7339279156566705,1
TCGA-G4-6586-01A-11R-1774-07,0.6834336824966111,1
TCGA-68-A59J-01A-21R-A26W-07,0.8078418911867925,0
TCGA-G6-A5PC-01A-11R-A33J-07,0.24009134654682457,1
TCGA-IG-A50L-01A-11R-A260-31,0.829654729856287,0
TCGA-43-6770-01A-11R-1820-07,0.774848844193601,0
TCGA-57-1584-01A-01R-1566-13,0.820828774547297,1
TCGA-AC-A2B8-01A-11R-A17B-07,0.5880475843912946,1
TCGA-A4-A57E-01A-11R-A26U-07,0.7826031939216954,1
TCGA-24-1471-01A-01R-1566-13,0.5084837656530347,1
TCGA-56-7579-01A-11R-2045-07,0.8331867547506129,1
TCGA-KK-A59Y-01A-11R-A26U-07,0.7325327462569339,1
TCGA-A7-A26H-01A-11R-A169-07,0.8483606912329188,0
TCGA-DV-5573-01A-01R-1541-07,0.7292664800486164,1
TCGA-AC-A3TM-01A-11R-A22K-07,0.0538642218544196,1
TCGA-KK-A6E3-01A-21R-A30B-07,0.2530164168844888,1
TCGA-25-2398-01A-01R-1569-13,0.7439740176339004,1
TCGA-25-1631-01A-01R-1569-13,0.8677196585532592,1
TCGA-B0-4710-01A-01R-1503-07,0.7316715361515863,0
TCGA-BD-A2L6-01A-11R-A213-07,0.7830252878760898,0
TCGA-85-8664-01A-11R-2403-07,0.8675392365765892,1
TCGA-59-2352-01A-01R-1569-13,0.7702737547724791,1
TCGA-97-8179-01A-11R-2287-07,0.6790834435610729,0
TCGA-CW-5590-01A-01R-1541-07,0.7984990771050302,0
TCGA-24-1424-01A-01R-1565-13,0.8535965488894804,0
TCGA-GM-A3XL-01A-11R-A22U-07,0.7821263875193032,1
TCGA-D8-A1JA-01A-11R-A13Q-07,0.6018993165921627,1
TCGA-EB-A85J-01A-12R-A352-07,0.7526322779002287,1
TCGA-HV-A7OL-01A-11R-A33R-07,0.05555252486622296,0
TCGA-55-8087-01A-11R-2241-07,0.6452354537734353,1
TCGA-55-6978-01A-11R-1949-07,0.49248938244749213,0
TCGA-BP-4332-01A-01R-1289-07,0.5771677304020181,1
TCGA-57-1586-01A-02R-1567-13,0.869393352074874,0
TCGA-5P-A9JV-01A-12R-A42S-07,0.6098379669845231,0
TCGA-A2-A1G0-01A-11R-A13Q-07,0.8041617225608593,0
TCGA-BP-4985-01A-01R-1334-07,0.8049072118954552,1
TCGA-US-A774-01A-21R-A32O-07,0.14009834341560123,0
TCGA-V7-A7HQ-01A-11R-A33J-07,0.06142317419119422,1
TCGA-B0-4817-01A-01R-1277-07,0.6881659260944215,1
TCGA-61-1738-01A-01R-1567-13,0.8956160387217623,1
TCGA-A6-2681-01A-01R-1410-07,0.5010659777301851,1
TCGA-22-4609-01A-21R-2125-07,0.6254961177718202,0
TCGA-HC-A6AN-01A-11R-A30B-07,0.47233991021971905,1
TCGA-AN-A0AM-01A-11R-A034-07,0.9426989738661957,1
TCGA-B2-5636-01A-02R-1541-07,0.3322886546911224,0
TCGA-59-2348-01A-01R-1569-13,0.8256735114845167,0
TCGA-EJ-5531-01A-01R-1580-07,0.243520436981114,0
TCGA-D8-A4Z1-01A-21R-A266-07,0.3902313965437644,0
TCGA-BH-A0BV-01A-11R-A00Z-07,0.694126832789322,1
TCGA-DD-AAEA-01A-11R-A41C-07,0.8519902478282716,1
TCGA-49-6761-01A-31R-1949-07,0.7459132164273484,1
TCGA-95-7043-01A-11R-1949-07,0.9118469698705349,1
TCGA-AD-6890-01A-11R-1928-07,0.6954999460037056,1
TCGA-97-8547-01A-11R-2403-07,0.7975515225924305,1
TCGA-XP-A8T6-01A-11R-A36D-31,0.7894488047489182,1
TCGA-70-6722-01A-11R-1820-07,0.6646392489228046,1
TCGA-DD-AAVY-01A-11R-A41C-07,0.7742565484070385,0
TCGA-A2-A3XS-01A-11R-A22U-07,0.6353518767420278,1
TCGA-A2-A0YL-01A-21R-A109-07,0.46384889920609085,1
TCGA-3A-A9IS-01A-21R-A39D-07,0.8842265419912356,1
TCGA-73-4666-01A-01R-1206-07,0.7671802928878861,1
TCGA-24-1467-01A-01R-1566-13,0.7841343494998919,0
TCGA-85-7699-01A-11R-2125-07,0.7032483328488054,1
TCGA-A8-A07B-01A-11R-A00Z-07,0.8603401735761397,0
TCGA-AA-A01P-01A-21R-A083-07,0.6852394760487645,1
TCGA-AC-A62X-01A-11R-A29R-07,0.7571684423149104,1
TCGA-A2-A0YH-01A-11R-A109-07,0.8468774474836558,1
TCGA-D8-A1XS-01A-11R-A14M-07,0.5859656421051254,1
TCGA-BH-A0E2-01A-11R-A056-07,0.8291543003299762,1
TCGA-13-0888-01A-01R-1564-13,0.7812833955390287,1
TCGA-IG-A4QS-01A-11R-A260-31,0.5985365925714794,1
TCGA-A6-2680-01A-01R-1410-07,0.6224948259775995,0
TCGA-A4-7997-01A-11R-2204-07,0.47778673976826636,1
TCGA-93-A4JO-01A-21R-A24X-07,0.5912096740372007,1
TCGA-KV-A74V-01A-11R-A33Z-07,0.6088069831727477,1
TCGA-G4-6588-01A-11R-1774-07,0.6081723246628078,1
TCGA-J4-A83L-01A-11R-A352-07,0.5426056324497527,1
TCGA-5T-A9QA-01A-11R-A41B-07,0.913070065552915,0
TCGA-49-6744-01A-11R-1858-07,0.8101932685572821,1
TCGA-CK-4948-01B-11R-1653-07,0.5442749711948813,1
TCGA-77-7142-01A-11R-2045-07,0.9003051987804533,1
TCGA-ZG-A9M4-01A-11R-A41O-07,0.8875198978844377,1
TCGA-44-A479-01A-31R-A24H-07,0.7550335381953089,1
TCGA-AA-3511-01A-21R-1839-07,0.4719378069260188,1
TCGA-66-2758-01A-02R-0851-07,0.830336675221467,1
TCGA-24-2290-01A-01R-1568-13,0.9000227185261077,1
TCGA-75-5125-01A-01R-1755-07,0.9001763377873362,1
TCGA-L9-A7SV-01A-11R-A39D-07,0.6429875237970033,1
TCGA-VP-A87K-01A-11R-A352-07,0.5321495410947359,1
TCGA-A6-A565-01A-31R-A28H-07,0.8192853400286636,1
TCGA-04-1364-01A-01R-1565-13,0.8329570794793933,1
TCGA-04-1350-01A-01R-1565-13,0.7418406297022228,1
TCGA-22-5471-01A-01R-1635-07,0.7984690990195248,1
TCGA-EB-A430-01A-11R-A24X-07,0.645004773438637,0
TCGA-ZG-A9ND-01A-11R-A41O-07,0.8032507666080911,1
TCGA-23-1119-01A-02R-1565-13,0.8321177161932939,1
TCGA-CJ-4642-01B-01R-1305-07,0.9469482384212072,1
TCGA-24-1413-01A-01R-1565-13,0.7332503637976906,1
TCGA-A8-A08A-01A-11R-A32Y-07,0.687676515429584,1
TCGA-04-1519-01A-01R-1565-13,0.7202704714461775,1
TCGA-B6-A0RT-01A-21R-A084-07,0.5229376468861305,1
TCGA-AC-A5XS-01A-11R-A29R-07,0.5391920737333679,1
TCGA-HC-8257-01A-11R-2263-07,0.8154873739550701,1
TCGA-CJ-4881-01A-01R-1305-07,0.5521858653136297,0
TCGA-DD-AACY-01A-11R-A41C-07,0.8781138491653168,0
TCGA-CK-5915-01A-11R-1653-07,0.7147112121257012,1
TCGA-2Y-A9GZ-01A-11R-A39D-07,0.8472871939883025,1
TCGA-2H-A9GI-01A-11R-A37I-31,0.8215719017758548,1
TCGA-B6-A0IP-01A-11R-A034-07,0.805484426723475,1
TCGA-AA-3811-01A-01R-1022-07,0.9006969872327609,1
TCGA-55-8208-01A-11R-2241-07,0.6515916528714543,1
TCGA-V9-A7HT-01A-11R-A33Z-07,0.35134192336296344,0
TCGA-C8-A12M-01A-11R-A115-07,0.8911379578675952,1
TCGA-BQ-5886-01A-11R-1592-07,0.33078570719000067,0
TCGA-GI-A2C9-01A-11R-A21T-07,0.6194453205026264,0
TCGA-G7-7502-01A-11R-2204-07,0.5181035632548509,1
TCGA-2Z-A9JM-01A-12R-A42S-07,0.4862290187093208,1
TCGA-85-A4PA-01A-11R-A24Z-07,0.1383450778400406,0
TCGA-C8-A12V-01A-11R-A115-07,0.7383781850006332,0
TCGA-HC-7745-01A-11R-2118-07,0.343603698039857,1
TCGA-AC-A6IW-01A-12R-A33J-07,0.6112570429584147,1
TCGA-B0-5085-01A-01R-1334-07,0.19687932082750836,1
TCGA-AR-A1AU-01A-11R-A12P-07,0.7922929988560603,0
TCGA-B8-5546-01A-01R-1541-07,0.8655991360307875,1
TCGA-77-7141-01A-11R-2045-07,0.7926209998778199,1
TCGA-AA-3534-01A-01R-0821-07,0.7921424281160111,1
TCGA-AA-3524-01A-02R-0821-07,0.49571618036725446,1
TCGA-24-2280-01A-01R-1568-13,0.6787613598062212,1
TCGA-IB-7897-01A-21R-2204-07,0.07540663635972256,0
TCGA-95-7039-01A-11R-1949-07,0.8684048298067942,0
TCGA-CJ-5680-01A-11R-1541-07,0.6206170578584744,1
TCGA-AR-A1AN-01A-11R-A12P-07,0.9121995306350472,1
TCGA-LL-A6FP-01A-11R-A31O-07,0.5990998320815821,1
TCGA-30-1714-01A-02R-1567-13,0.8357830336565761,0
TCGA-E2-A15L-01A-11R-A12D-07,0.8513053550625824,1
TCGA-23-2077-01A-01R-1568-13,0.864470843007503,1
TCGA-EJ-7123-01A-11R-1965-07,0.39604154136202313,1
TCGA-DD-AACI-01A-11R-A41C-07,0.4659843675202498,1
TCGA-A6-3808-01A-01R-1022-07,0.43207257746609334,0
TCGA-AA-3837-01A-01R-0905-07,0.809767536550896,1
TCGA-95-7944-01A-11R-2187-07,0.8679084610100349,0
TCGA-A3-3320-01A-02R-1325-07,0.4354964989333479,1
TCGA-MM-A563-01A-11R-A266-07,0.6576517638889945,0
TCGA-77-8008-01A-21R-2187-07,0.3528371713612485,1
TCGA-G9-7519-01A-11R-2263-07,0.5071202024131771,1
TCGA-BF-A5EP-01A-12R-A27Q-07,0.6637719078990788,1
TCGA-B0-5694-01A-11R-1541-07,0.7226091792610841,1
TCGA-E9-A1R7-01A-11R-A14M-07,0.8873124889770048,1
TCGA-G3-A7M5-01A-11R-A33R-07,0.9201165530964408,1
TCGA-A2-A0SV-01A-11R-A084-07,0.7951591182673843,1
TCGA-DW-7838-01A-11R-2139-07,0.4053583342362726,1
TCGA-AN-A04C-01A-21R-A034-07,0.9054444427466363,1
TCGA-77-6842-01A-11R-1949-07,0.7887564049200076,1
TCGA-B0-4688-01A-01R-1277-07,0.9003904472983739,1
TCGA-A2-A0YM-01A-11R-A109-07,0.7323979416264125,1
TCGA-JY-A6F8-01A-11R-A336-31,0.8235694201794358,1
TCGA-F4-6808-01A-11R-1839-07,0.7512718853535594,1
TCGA-AC-A2BM-01A-11R-A21T-07,0.661306474547589,1
TCGA-34-5236-01A-21R-1820-07,0.7561220390460616,1
TCGA-AZ-6598-01A-11R-1774-07,0.8431609345350523,1
TCGA-D8-A1X7-01A-11R-A14M-07,0.7688765960760919,1
TCGA-AN-A0FY-01A-11R-A034-07,0.8823502098703615,1
TCGA-AO-A03R-01A-21R-A034-07,0.7963229381169107,1
TCGA-CJ-4920-01A-01R-1426-07,0.7337263462902499,1
TCGA-LL-A442-01A-11R-A24H-07,0.8650367852944008,1
TCGA-V1-A9OY-01A-11R-A41O-07,0.8044172681959957,1
TCGA-DD-AAVZ-01A-11R-A41C-07,0.6425982501917716,1
TCGA-UZ-A9PL-01A-11R-A38C-07,0.7365997071747332,0
TCGA-CJ-4638-01A-02R-1325-07,0.4136179839025347,1
TCGA-25-2401-01A-01R-1569-13,0.6420905871893946,1
TCGA-BP-4765-01A-01R-1289-07,0.5515809323336887,1
TCGA-AN-A0FS-01A-11R-A034-07,0.6614116022284751,1
TCGA-B8-5162-01A-01R-1420-07,0.354872829825082,0
TCGA-EV-5901-01A-11R-1592-07,0.25898221468695276,1
TCGA-2Y-A9H0-01A-11R-A38B-07,0.8684100637571082,1
TCGA-B4-5836-01A-11R-1672-07,0.38395927618236936,1
TCGA-G9-6338-01A-12R-1965-07,0.9022139740936026,1
TCGA-HZ-A9TJ-01A-11R-A41I-07,0.7141752616981091,1
TCGA-D8-A1XT-01A-11R-A14M-07,0.8441843411322854,0
TCGA-E9-A1N6-01A-11R-A144-07,0.8271360896949538,0
TCGA-E2-A1IK-01A-11R-A144-07,0.7085760006408361,1
TCGA-CJ-5683-01A-11R-1541-07,0.7203916435500284,1
TCGA-KK-A8IF-01A-11R-A36G-07,0.863384340736602,1
TCGA-QG-A5Z2-01A-11R-A28H-07,0.5307312583602594,1
TCGA-A1-A0SO-01A-22R-A084-07,0.8684822405081053,0
TCGA-E2-A154-01A-11R-A115-07,0.7039021937021727,1
TCGA-J9-A8CM-01A-11R-A352-07,0.8217325221712768,1
TCGA-AN-A0FV-01A-11R-A00Z-07,0.8518694643281279,1
TCGA-CM-6679-01A-11R-1839-07,0.27740171773193806,1
TCGA-77-8153-01A-11R-2403-07,0.6070332033493335,1
TCGA-BH-A0BJ-01A-11R-A056-07,0.6427459167641022,1
TCGA-AN-A0AL-01A-11R-A00Z-07,0.813062377273909,1
TCGA-24-1928-01A-01R-1567-13,0.9488114612293025,1
TCGA-IB-7890-01A-12R-2204-07,0.29491179559763714,0
TCGA-E2-A15R-01A-11R-A115-07,0.7497728393592604,1
TCGA-BH-A0DT-01A-21R-A12D-07,0.4074849872787575,0
TCGA-Q3-A5QY-01A-12R-A32O-07,0.08497212195745585,0
TCGA-NJ-A4YI-01A-11R-A262-07,0.8328425851800542,1
TCGA-ZG-A9N3-01A-11R-A41O-07,0.8671731445473009,1
TCGA-2Z-A9JO-01A-11R-A42S-07,0.558992564549182,1
TCGA-25-1626-01A-01R-1566-13,0.19515967485340305,1
TCGA-CC-5262-01A-01R-A131-07,0.7023400878572031,0
TCGA-57-1582-01A-01R-1566-13,0.9155277128460537,0
TCGA-WJ-A86L-01A-12R-A39D-07,0.9157532923998307,0
TCGA-GL-6846-01A-11R-1965-07,0.5283591065538875,1
TCGA-E9-A54X-01A-11R-A266-07,0.49432986749192404,1
TCGA-55-1594-01A-01R-0946-07,0.8496529521957766,0
TCGA-AA-3864-01A-01R-1022-07,0.7354979274392703,1
TCGA-49-6742-01A-11R-1858-07,0.9144615920028236,1
TCGA-H6-8124-01A-11R-2404-07,0.580726932045723,1
TCGA-HC-7820-01A-11R-2118-07,0.45629933033259756,1
TCGA-AY-A8YK-01A-11R-A41B-07,0.770942993883361,0
TCGA-34-8454-01A-11R-2326-07,0.8404832661606458,1
TCGA-A6-A56B-01A-31R-A28H-07,0.7284888025013545,0
TCGA-AR-A0U2-01A-11R-A109-07,0.834332137464704,1
TCGA-BC-A112-01A-11R-A131-07,0.8528102434880223,1
TCGA-IB-7646-01A-11R-2156-07,0.6518014164490311,1
TCGA-V1-A9ZG-01A-11R-A41O-07,0.9082230425258899,1
TCGA-86-7953-01A-11R-2187-07,0.8634108065311474,1
TCGA-CZ-5451-01A-01R-1503-07,0.6385429658152127,1
TCGA-A6-6138-01A-11R-1774-07,0.8156695854731235,0
TCGA-GL-7966-01A-11R-2204-07,0.7311492342996945,1
TCGA-BP-4982-01A-01R-1334-07,0.27177168602698903,1
TCGA-B4-5835-01A-11R-1672-07,0.753858771021518,1
TCGA-E9-A1NE-01A-21R-A14M-07,0.7997208472728025,1
TCGA-MH-A856-01A-11R-A355-07,0.4785688913654121,1
TCGA-EB-A299-01A-21R-A18U-07,0.500079849802536,0
TCGA-V1-A8MF-01A-11R-A36G-07,0.949197641549189,1
TCGA-G9-6361-01A-21R-1965-07,0.5854481978104862,1
TCGA-L5-A8NH-01A-11R-A37I-31,0.7578369072812109,0
TCGA-LN-A49P-01A-11R-A24K-31,0.8570378214587122,1
TCGA-E2-A14V-01A-11R-A12D-07,0.844183427332837,1
TCGA-49-AAR4-01A-12R-A41B-07,0.43023296328813343,1
TCGA-IB-7885-01A-11R-2156-07,0.4822037033442572,0
TCGA-D8-A1XQ-01A-11R-A14M-07,0.9404073242822403,1
TCGA-AA-3872-01A-01R-1022-07,0.6932711566533126,0
TCGA-85-8070-01A-11R-2247-07,0.8245405774778581,1
TCGA-HI-7169-01A-11R-2118-07,0.7916067513918984,1
TCGA-HC-8213-01A-11R-A29R-07,0.4641133668176158,0
TCGA-CH-5754-01A-11R-1580-07,0.6485871733924417,1
TCGA-2A-A8W1-01A-11R-A37L-07,0.7490409400308299,1
TCGA-AA-3527-01A-01R-0821-07,0.24350850076873465,1
TCGA-G7-6797-01A-11R-1965-07,0.6720576020721256,1
TCGA-05-4403-01A-01R-1206-07,0.09200377618944562,1
TCGA-EW-A1IW-01A-11R-A13Q-07,0.9192287494486792,1
TCGA-ZG-A9L0-01A-11R-A41O-07,0.8281284457010648,1
TCGA-56-8624-01A-11R-2403-07,0.8769556462509354,1
TCGA-D8-A1J8-01A-11R-A13Q-07,0.2673966605129726,1
TCGA-JY-A6FH-01A-11R-A336-31,0.9016582926367074,1
TCGA-09-0366-01A-01R-1564-13,0.8786271832552572,1
TCGA-A7-A6VV-01A-22R-A33J-07,0.7460619023610566,1
TCGA-L5-A4OG-01A-11R-A260-31,0.9164480011728438,1
TCGA-EJ-A65G-01A-21R-A29R-07,0.42170516186745194,1
TCGA-T9-A92H-01A-11R-A37K-07,0.7413232561374986,1
TCGA-AA-3685-01A-02R-A32Z-07,0.4023347261908978,1
TCGA-BP-4993-01A-02R-1420-07,0.30079361656167763,1
TCGA-B0-5690-01A-11R-1541-07,0.3072616332035903,1
TCGA-G3-AAV6-01A-21R-A37K-07,0.7438231459687029,1
TCGA-13-1505-01A-01R-1565-13,0.8779387919624734,1
TCGA-LD-A9QF-01A-32R-A41B-07,0.7187931136005412,1
TCGA-AA-3710-01A-01R-1022-07,0.8104840540621192,1
TCGA-85-7950-01A-11R-2187-07,0.7506835698072571,1
TCGA-A8-A07L-01A-11R-A00Z-07,0.9289829491910305,1
TCGA-55-A492-01A-11R-A24H-07,0.7231650580205473,0
TCGA-AZ-5403-01A-01R-1653-07,0.20120541152134946,1
TCGA-69-7765-01A-11R-2170-07,0.6094900745766906,1
TCGA-IB-8127-01A-11R-2404-07,0.4194040017145056,1
TCGA-E2-A1IJ-01A-11R-A144-07,0.7684795769380376,0
TCGA-YL-A9WK-01A-11R-A37L-07,0.6520355565270807,1
TCGA-A8-A09D-01A-11R-A00Z-07,0.9201867542040736,1
TCGA-DD-AADA-01A-11R-A41C-07,0.8865100209883634,1
TCGA-CH-5763-01A-11R-1580-07,0.3130553660376749,1
TCGA-CZ-4865-01A-02R-1503-07,0.5511450993257236,1
TCGA-BC-A10Z-01A-11R-A131-07,0.8819499077846988,1
TCGA-EB-A44P-01A-11R-A266-07,0.6530985684243584,0
TCGA-CC-A3MA-01A-11R-A213-07,0.8732793299624043,1
TCGA-AA-3673-01A-01R-0905-07,0.7470044367603047,1
TCGA-CZ-5982-01A-11R-1672-07,0.2895379869785186,1
TCGA-56-7223-01A-11R-2045-07,0.7745514888888215,1
TCGA-EB-A41A-01A-11R-A24X-07,0.6987732111901022,0
TCGA-IB-AAUS-01A-12R-A38C-07,0.20100111365747977,0
TCGA-B0-4828-01A-01R-1277-07,0.5337253166518507,1
TCGA-92-8065-01A-11R-2247-07,0.7480147039825449,1
TCGA-98-A53H-01A-12R-A262-07,0.5010459375649223,1
TCGA-05-4397-01A-01R-1206-07,0.8072458989596272,1
TCGA-HC-A6AO-01A-11R-A30B-07,0.6408264696806387,1
TCGA-E2-A108-01A-13R-A10J-07,0.510148402217445,1
TCGA-23-1107-01A-01R-1564-13,0.8225665837026721,1
TCGA-IA-A40X-01A-11R-A24Z-07,0.7450780015367581,1
TCGA-B4-5838-01A-11R-1672-07,0.2768428048039782,1
TCGA-24-1603-01A-01R-1566-13,0.758415536027068,0
TCGA-R6-A6L4-01A-11R-A31P-31,0.848140858178045,1
TCGA-B6-A0IE-01A-11R-A034-07,0.7420274849094913,1
TCGA-04-1517-01A-01R-1565-13,0.9335271069137497,1
TCGA-LA-A446-01A-21R-A24Z-07,0.8021113489641293,0
TCGA-C8-A1HF-01A-11R-A137-07,0.7421339294552332,1
TCGA-MP-A4TH-01A-31R-A262-07,0.5808737798309539,1
TCGA-AA-3848-01A-01R-0905-07,0.3233156031340728,0
TCGA-KV-A6GE-01A-11R-A31O-07,0.1621703145965368,1
TCGA-CC-A5UC-01A-11R-A28V-07,0.7721067032381952,1
TCGA-96-7544-01A-11R-2045-07,0.750270861348271,0
TCGA-B6-A0X1-01A-11R-A109-07,0.8161235635630985,1
TCGA-AA-3553-01A-01R-0821-07,0.521452717160817,0
TCGA-HC-7818-01A-11R-2118-07,0.5104322151783878,1
TCGA-DD-AADL-01A-11R-A41C-07,0.7128134339249584,1
TCGA-78-7542-01A-21R-2066-07,0.7959309104612586,1
TCGA-E2-A1B5-01A-21R-A12P-07,0.8855360433984999,1
TCGA-A6-2684-01A-01R-1410-07,0.38295875348116304,1
TCGA-BH-A1FD-01A-11R-A13Q-07,0.8466065297496139,1
TCGA-G9-6496-01A-11R-1789-07,0.7621638052972631,1
TCGA-EJ-8468-01A-21R-2403-07,0.5025253058737205,1
TCGA-AR-A1AS-01A-11R-A12P-07,0.6637523897160599,0
TCGA-86-8674-01A-21R-2403-07,0.6546045880067322,1
TCGA-DD-A4NS-01A-11R-A311-07,0.8242791701729881,1
TCGA-BP-5170-01A-01R-1426-07,0.7334590367871714,1
TCGA-A8-A06P-01A-11R-A00Z-07,0.6287648878535013,1
TCGA-B0-4697-01A-01R-1277-07,0.4953375622755634,1
TCGA-33-6737-01A-11R-1820-07,0.7749940135693627,1
TCGA-85-A512-01A-11R-A26W-07,0.821505338223774,1
TCGA-55-8511-01A-11R-2403-07,0.8912928592252891,1
TCGA-VP-A878-01A-31R-A352-07,0.8105217339629411,0
TCGA-BH-A0DZ-01A-11R-A00Z-07,0.8504890607532437,1
TCGA-D5-6931-01A-11R-1928-07,0.743844003557742,0
TCGA-50-5044-01A-21R-1858-07,0.7396267131158701,0
TCGA-A2-A4RY-01A-31R-A266-07,0.06982645282426948,1
TCGA-EJ-7331-01A-11R-2118-07,0.3706439870054921,1
TCGA-CZ-4864-01A-01R-1503-07,0.4392341533981283,1
TCGA-4A-A93W-01A-11R-A37K-07,0.35990205188378654,1
TCGA-AA-3655-01A-02R-1723-07,0.7530071467544647,0
TCGA-CM-6678-01A-11R-1839-07,0.5020292677536158,1
TCGA-AA-A02J-01A-01R-A00A-07,0.6376575217501759,1
TCGA-DD-AAVR-01A-11R-A41C-07,0.8621270225513603,0
TCGA-23-1123-01A-01R-1565-13,0.9040940954851003,1
TCGA-L5-A43H-01A-11R-A24K-31,0.5275580284381719,1
TCGA-EJ-7791-01A-11R-2118-07,0.3935812171335991,1
TCGA-B6-A0RO-01A-22R-A084-07,0.6971619764154665,0
TCGA-96-8169-01A-11R-2296-07,0.7702662499302282,1
TCGA-E2-A10E-01A-21R-A10J-07,0.7178512406503026,1
TCGA-EJ-5518-01A-01R-1580-07,0.6984042423774479,1
TCGA-5P-A9K0-01A-11R-A42S-07,0.7232321561769945,1
TCGA-AO-A0JM-01A-21R-A056-07,0.8256155604137911,1
TCGA-56-6545-01A-11R-1820-07,0.8673935429920459,1
TCGA-CJ-4643-01A-02R-1325-07,0.32192147347378236,0
TCGA-DZ-6135-01A-11R-1965-07,0.3766165058156878,0
TCGA-QU-A6IN-01A-11R-A31N-07,0.4895195356994239,1
TCGA-EW-A1P6-01A-11R-A144-07,0.768347824026967,1
TCGA-BH-A0E6-01A-11R-A034-07,0.5542461726025214,1
TCGA-04-1347-01A-01R-1564-13,0.8338356081120716,0
TCGA-NH-A6GB-01A-11R-A37K-07,0.8297028460098997,1
TCGA-50-5072-01A-21R-1858-07,0.812998977885371,1
TCGA-O2-A52Q-01A-11R-A26W-07,0.7006703089173177,1
TCGA-AC-A23C-01A-12R-A169-07,0.8920516440666809,1
TCGA-TP-A8TV-01A-11R-A41O-07,0.8000222308917462,0
TCGA-63-A5MN-01A-22R-A27Q-07,0.7085684951456833,0
TCGA-OL-A5D6-01A-21R-A27Q-07,0.7442046968274121,1
TCGA-55-8097-01A-11R-2241-07,0.7384315888877491,0
TCGA-EW-A1OX-01A-11R-A144-07,0.8270355003804243,1
TCGA-13-0804-01A-01R-1564-13,0.7332206719663046,1
TCGA-A2-A25D-01A-12R-A16F-07,0.79190104445377,1
TCGA-24-1549-01A-01R-1566-13,0.843152626812531,1
TCGA-XK-AAJR-01A-11R-A41O-07,0.7671088507217145,1
TCGA-CW-5588-01A-01R-1541-07,0.5626440568358929,1
TCGA-SX-A71V-01A-11R-A33Z-07,0.5407726260569734,1
TCGA-BQ-7049-01A-11R-1965-07,0.5934427415346523,1
TCGA-BQ-5876-01A-11R-1592-07,0.7934728295817971,0
TCGA-B6-A0IJ-01A-11R-A034-07,0.7611865618011925,1
TCGA-55-A491-01A-11R-A24H-07,0.8493708994375061,1
TCGA-E2-A1L9-01A-11R-A13Q-07,0.5261997890783106,1
TCGA-44-8117-01A-11R-2241-07,0.8929155677207791,1
TCGA-JY-A93D-01A-11R-A38D-31,0.5736507006824307,1
TCGA-AO-A0J3-01A-11R-A034-07,0.8493535611815504,0
TCGA-A3-A8OU-01A-11R-A37O-07,0.4910892611238602,0
TCGA-63-A5M9-01A-11R-A26W-07,0.8769459924088818,1
TCGA-86-8585-01A-11R-2403-07,0.7728446199544107,0
TCGA-13-0762-01A-01R-1564-13,0.8727155219763976,1
TCGA-KK-A7B4-01A-11R-A32O-07,0.7702124180516734,0
TCGA-MP-A4SV-01A-11R-A24X-07,0.7456233462504587,0
TCGA-LD-A7W5-01A-22R-A352-07,0.8647869956921524,0
TCGA-IZ-A6M8-01A-11R-A31O-07,0.15558132040027486,0
TCGA-CW-5585-01A-01R-1541-07,0.49225097956450364,1
TCGA-BH-A0B2-01A-11R-A10J-07,0.460944307856844,1
TCGA-AC-A2FK-01A-12R-A180-07,0.06437586418236597,1
TCGA-ER-A19K-01A-21R-A18T-07,0.6125635973697635,0
TCGA-DD-A4NR-01A-11R-A311-07,0.7600414604361126,0
TCGA-D8-A27T-01A-11R-A16F-07,0.7048927653653924,1
TCGA-96-7545-01A-21R-2045-07,0.5986697691303335,1
TCGA-21-1081-01A-01R-0692-07,0.884947942050323,1
TCGA-AR-A2LL-01A-11R-A180-07,0.7216595231805555,1
TCGA-J4-A83M-01A-11R-A352-07,0.5102356965321536,1
TCGA-DD-AADF-01A-11R-A41C-07,0.820414976965935,1
TCGA-B4-5377-01A-01R-1503-07,0.38293642024936014,1
TCGA-B8-5158-01A-01R-1420-07,0.5535561652278711,1
TCGA-25-1326-01A-01R-1565-13,0.8872009768547992,1
TCGA-DD-A1EB-01A-11R-A131-07,0.8371851036353771,1
TCGA-63-A5MJ-01A-11R-A27Q-07,0.9049796919501439,1
TCGA-B9-4115-01A-01R-1193-07,0.238210123877691,1
TCGA-B8-4619-01A-02R-1325-07,0.7183465255076323,1
TCGA-AA-3554-01A-01R-0826-07,0.6634973496234261,0
TCGA-2Y-A9H3-01A-11R-A38B-07,0.76511362643833,1
TCGA-55-7728-01A-11R-2187-07,0.44098391932024106,1
TCGA-BP-5181-01A-01R-1426-07,0.44839104901834087,1
TCGA-DM-A1D8-01A-11R-A155-07,0.6248586846409011,1
TCGA-SX-A71S-01A-11R-A33Z-07,0.4611063269358371,1
TCGA-D8-A1XF-01A-11R-A14D-07,0.9348121383322132,1
TCGA-24-1474-01A-01R-1566-13,0.7619764362918128,1
TCGA-KC-A4BN-01A-61R-A250-07,0.2925002432226338,1
TCGA-A3-3328-01A-01R-0864-07,0.8198601624371962,0
TCGA-HN-A2OB-01A-21R-A27Q-07,0.052329160658565986,1
TCGA-29-1698-01A-01R-1567-13,0.8329282995279501,0
TCGA-20-1686-01A-01R-1566-13,0.8510688592282224,1
TCGA-50-5939-01A-11R-1628-07,0.6666026546756781,1
TCGA-A7-A3J1-01A-11R-A213-07,0.6763267049846535,1
TCGA-36-1570-01A-01R-1566-13,0.8945010804409451,1
TCGA-AA-3521-01A-01R-0821-07,0.6241621024383707,1
TCGA-FC-7708-01A-11R-2118-07,0.6820456942343969,0
TCGA-VG-A8LO-01A-11R-A406-31,0.7700678695828583,1
TCGA-NK-A5CX-01A-11R-A26W-07,0.5299409043258171,1
TCGA-OL-A97C-01A-32R-A41B-07,0.8210014169444068,1
TCGA-E2-A158-01A-11R-A12D-07,0.8925511552606408,1
TCGA-HC-8256-01A-11R-2263-07,0.8283979438455409,1
TCGA-A7-A0CE-01A-11R-A00Z-07,0.8904886862192601,1
TCGA-AR-A1AL-01A-21R-A12P-07,0.3240210882090949,1
TCGA-E2-A3DX-01A-21R-A213-07,0.5899189745207944,1
TCGA-A2-A3XT-01A-11R-A22U-07,0.771489188637151,0
TCGA-50-8457-01A-11R-2326-07,0.6480692512287772,1
TCGA-LL-A6FQ-01A-11R-A31O-07,0.38467735000029646,1
TCGA-2H-A9GK-01A-11R-A37I-31,0.8130684273539609,1
TCGA-G3-A5SM-01A-12R-A28V-07,0.9028379782281015,1
TCGA-AR-A1AX-01A-11R-A12P-07,0.6392844000358807,1
TCGA-A2-A4S3-01A-21R-A266-07,0.7222073790989614,1
TCGA-21-A5DI-01A-31R-A26W-07,0.7352177665147254,1
TCGA-24-0966-01A-01R-1564-13,0.582304054997145,0
TCGA-BH-A0H7-01A-13R-A056-07,0.8042973329274569,1
TCGA-97-7554-01A-11R-2039-07,0.864479096126923,1
TCGA-IB-7886-01A-11R-2156-07,0.4509559775624265,1
TCGA-61-1728-01A-01R-1568-13,0.9109222481685878,1
TCGA-GM-A5PX-01A-12R-A28M-07,0.5368430915812358,1
TCGA-EJ-5494-01A-01R-1580-07,0.8757470213656,1
TCGA-AZ-6605-01A-11R-1839-07,0.7377909380342063,1
TCGA-GL-A9DE-01A-11R-A37K-07,0.2882758464721236,0
TCGA-Y8-A895-01A-11R-A36F-07,0.4231042770753936,0
TCGA-55-8206-01A-11R-2241-07,0.7155864488602192,0
TCGA-85-8584-01A-11R-2403-07,0.7471436213665198,1
TCGA-AZ-4313-01A-01R-1410-07,0.5882565297762763,1
TCGA-EJ-AB20-01A-12R-A41O-07,0.5321033775555082,0
TCGA-43-8116-01A-11R-2247-07,0.6118180904210953,0
TCGA-97-7553-01A-21R-2039-07,0.5679599451430479,1
TCGA-VP-A87B-01A-11R-A352-07,0.6754380150145994,1
TCGA-BH-A0BA-01A-11R-A056-07,0.6925149458972382,1
TCGA-A3-3349-01A-01R-1188-07,0.2164025293743312,0
TCGA-EW-A1OW-01A-21R-A144-07,0.5845954812980475,0
TCGA-L5-A8NW-01A-11R-A37I-31,0.5995282358560776,1
TCGA-EJ-A65M-01A-11R-A29R-07,0.4874108904556222,1
TCGA-E2-A15P-01A-11R-A115-07,0.8627218412138705,1
TCGA-A8-A09G-01A-21R-A00Z-07,0.8398505241321456,1
TCGA-MN-A4N5-01A-11R-A24X-07,0.8603505640886422,0
TCGA-A2-A0YG-01A-21R-A109-07,0.9069529964986056,1
TCGA-BH-A1EY-01A-11R-A13Q-07,0.9258461979644728,1
TCGA-CC-A9FU-01A-11R-A37K-07,0.7813480885656533,1
TCGA-A3-3335-01A-01R-0864-07,0.7280476636471208,1
TCGA-78-7154-01A-11R-2039-07,0.8897389274960176,1
TCGA-69-8255-01A-11R-2287-07,0.8487130323429086,1
TCGA-EJ-5502-01A-01R-1580-07,0.32118630378870366,0
TCGA-AO-A03P-01A-11R-A00Z-07,0.9213933368864717,1
TCGA-22-5478-01A-01R-1635-07,0.7457408617386645,1
TCGA-AA-3858-01A-01R-0905-07,0.7148372133425207,0
TCGA-HZ-8317-01A-11R-2404-07,0.4554088430346242,1
TCGA-AQ-A1H2-01A-11R-A13Q-07,0.8887012546287092,1
TCGA-LN-A49R-01A-11R-A24K-31,0.8059811850211042,1
TCGA-24-1464-01A-01R-1566-13,0.7559135595873558,1
TCGA-G3-A5SL-01A-11R-A27V-07,0.6061476021557308,0
TCGA-VR-AA7B-01A-31R-A406-31,0.8672857496929679,1
TCGA-AC-A3QQ-01B-06R-A22O-07,0.7046628698772989,1
TCGA-AR-A24N-01A-11R-A169-07,0.800101793646748,1
TCGA-D5-6531-01A-11R-1723-07,0.8427423170724962,1
TCGA-E9-A244-01A-11R-A169-07,0.7758025203792859,1
TCGA-B0-4852-01A-01R-1503-07,0.4765636008188644,1
TCGA-DD-AAW0-01A-11R-A41C-07,0.6818009356172212,1
TCGA-55-8506-01A-11R-2403-07,0.9014883857134914,1
TCGA-B9-5156-01A-01R-1592-07,0.2321921441502694,1
TCGA-D8-A27F-01A-11R-A16F-07,0.8337732281349783,1
TCGA-B4-5832-01A-11R-1672-07,0.14927451195343974,0
TCGA-CM-5341-01A-01R-1410-07,0.16743939899202026,1
TCGA-91-6831-01A-11R-1858-07,0.8438934092451753,0
TCGA-EJ-5526-01A-01R-1580-07,0.4424853727663315,1
TCGA-VP-A876-01A-11R-A352-07,0.3604348276169548,1
TCGA-E2-A576-01A-11R-A31O-07,0.3097808436444445,1
TCGA-J4-AATV-01A-11R-A41O-07,0.25159721948300706,0
TCGA-RC-A7SK-01A-11R-A352-07,0.8228998830947263,1
TCGA-BH-A1F2-01A-31R-A13Q-07,0.6826009975579604,0
TCGA-E2-A1BD-01A-11R-A12P-07,0.6607788048852948,1
TCGA-B8-5551-01A-01R-1541-07,0.5567363788666464,0
TCGA-49-AAR2-01A-11R-A39D-07,0.8309248661818602,0
TCGA-A1-A0SE-01A-11R-A084-07,0.601344175313079,1
TCGA-D5-6534-01A-21R-1928-07,0.5185729857209243,1
TCGA-A7-A426-01A-22R-A24H-07,0.028354438749390486,1
TCGA-56-8503-01A-11R-2403-07,0.6016116786308431,1
TCGA-B1-A654-01A-11R-A31O-07,0.07051739763948996,1
TCGA-AA-A029-01A-01R-A00A-07,0.7634997096559573,1
TCGA-D8-A27K-01A-11R-A16F-07,0.4887271726867379,1
TCGA-BP-4991-01A-01R-1334-07,0.2721715170919953,1
TCGA-24-1428-01A-01R-1564-13,0.8324517585559259,1
TCGA-10-0928-01A-02R-1564-13,0.8406211487133846,1
TCGA-M7-A71Y-01A-22R-A32O-07,0.523010220863704,1
TCGA-G4-6299-01A-11R-1774-07,0.9088091212553464,1
TCGA-AK-3453-01A-02R-1277-07,0.3643257326058399,1
TCGA-E9-A247-01A-11R-A169-07,0.8484568805622659,1
TCGA-5P-A9K3-01A-11R-A42S-07,0.701104987758763,1
TCGA-DD-A1EI-01A-11R-A131-07,0.8227880691507027,1
TCGA-B0-4823-01A-02R-1420-07,0.45442711033700456,1
TCGA-A2-A0CL-01A-11R-A115-07,0.8720413039166341,1
TCGA-VN-A88O-01A-11R-A352-07,0.709493093616215,1
TCGA-A6-3810-01A-01R-1022-07,0.32640460195236476,1
TCGA-60-2724-01A-01R-0851-07,0.8612965684331456,1
TCGA-B3-3925-01A-02R-1351-07,0.2540260426330181,1
TCGA-G3-A7M8-01A-11R-A33R-07,0.9039165578086233,1
TCGA-AR-A5QP-01A-11R-A28M-07,0.7970820659616115,1
TCGA-CH-5767-01A-11R-1789-07,0.5372042030717658,1
TCGA-AR-A24S-01A-11R-A169-07,0.5801876255093622,0
TCGA-BH-A1FE-01A-11R-A13Q-07,0.6386680779936801,0
TCGA-EJ-7782-01A-11R-2118-07,0.8472729174843103,1
TCGA-55-8094-01A-11R-2241-07,0.8594071174889732,0
TCGA-77-8145-01A-11R-2247-07,0.766712631976507,1
TCGA-AA-3851-01A-01R-1022-07,0.5623760349918013,1
TCGA-L5-A8NI-01A-11R-A37I-31,0.873859784824499,1
TCGA-2J-AABP-01A-11R-A41B-07,0.5978571313976798,1
TCGA-AC-A3YJ-01A-11R-A22U-07,0.5898122193800158,1
TCGA-25-1877-01A-01R-1567-13,0.7202798233066282,1
TCGA-AR-A2LE-01A-11R-A180-07,0.8757992639213115,0
TCGA-B0-4847-01A-01R-1277-07,0.20937725129826276,1
TCGA-BH-A0E1-01A-11R-A056-07,0.7918037319580202,1
TCGA-21-5784-01A-01R-1635-07,0.44356929731601147,0
TCGA-KK-A7AQ-01A-11R-A33R-07,0.4469895993307895,1
TCGA-DD-AAE3-01A-11R-A41C-07,0.7734189609626829,1
TCGA-93-A4JQ-01A-11R-A24X-07,0.7216893842289661,1
TCGA-AC-A3TN-01A-11R-A22K-07,0.3656638710771956,1
TCGA-VR-A8Q7-01A-11R-A37I-31,0.9391835253700768,1
TCGA-HC-8259-01A-11R-2263-07,0.5284262288547816,1
TCGA-AO-A12A-01A-21R-A115-07,0.541791252916357,0
TCGA-66-2742-01A-01R-0980-07,0.8690541248780915,1
TCGA-KC-A4BV-01A-31R-A26U-07,0.8272337223220342,1
TCGA-Y8-A8S0-01A-11R-A37K-07,0.39057184582854465,1
TCGA-YL-A8SF-01A-11R-A37L-07,0.7345294210001706,1
TCGA-24-1567-01A-01R-1566-13,0.8833985588192876,1
TCGA-BH-A0H6-01A-21R-A056-07,0.5663555778981452,0
TCGA-BP-5186-01A-01R-1426-07,0.4613566405895442,1
TCGA-B0-4699-01A-01R-1277-07,0.7862471342642162,1
TCGA-OY-A56Q-01A-11R-A406-31,0.7400138524516431,1
TCGA-B0-4836-01A-01R-1305-07,0.6390196224136515,1
TCGA-HZ-A49I-01A-12R-A26U-07,0.3762399613611887,1
TCGA-J7-8537-01A-11R-2404-07,0.8441655002713367,0
TCGA-SX-A7SS-01A-11R-A36F-07,0.7195659998932047,1
TCGA-CM-6161-01A-11R-1653-07,0.7394659109053736,1
TCGA-66-2753-01A-01R-0980-07,0.8186219651181772,1
TCGA-A3-3343-01A-01R-0864-07,0.505270865723596,1
TCGA-24-1930-01A-01R-1567-13,0.8384873505399688,1
TCGA-A2-A0T7-01A-21R-A084-07,0.7838481741012316,1
TCGA-75-6203-01A-11R-1755-07,0.5919087644656728,1
TCGA-CZ-5989-01A-11R-1672-07,0.17178733839607324,1
TCGA-DD-AAVP-01A-11R-A41C-07,0.9091508037970919,0
TCGA-MH-A562-01A-11R-A26U-07,0.2512413636483211,0
TCGA-AC-A2FE-01A-11R-A19W-07,0.6971500949049582,1
TCGA-ZG-A8QZ-01A-11R-A37L-07,0.6971274359427002,1
TCGA-B8-A54J-01A-11R-A33J-07,0.354029206458281,0
TCGA-CM-6675-01A-11R-1839-07,0.8480125976951347,0
TCGA-A2-A0D1-01A-11R-A034-07,0.8814816293902792,1
TCGA-UZ-A9PZ-01A-11R-A42S-07,0.204357001846672,0
TCGA-LN-A9FR-01A-11R-A38D-31,0.674154886445689,1
TCGA-CZ-5458-01A-01R-1503-07,0.6179871316705895,1
TCGA-IB-A5SQ-01A-11R-A32O-07,0.342428149699824,1
TCGA-EB-A1NK-01A-11R-A18T-07,0.5593775400312603,1
TCGA-BF-A1PX-01A-12R-A18T-07,0.4799622182711143,1
TCGA-MH-A855-01A-11R-A355-07,0.538655867480815,1
TCGA-DZ-6131-01A-11R-1965-07,0.9189592079015452,1
TCGA-CJ-4875-01A-01R-1305-07,0.2820673750606934,1
TCGA-BP-4787-01A-01R-1305-07,0.5855328152605142,1
TCGA-X4-A8KQ-01A-12R-A36G-07,0.6149591693318534,1
TCGA-CZ-4862-01A-01R-1305-07,0.3842445782822863,1
TCGA-E2-A14Y-01A-21R-A12D-07,0.8827361070590031,1
TCGA-B0-5100-01A-01R-1420-07,0.4675688817129596,0
TCGA-EB-A42Y-01A-12R-A24X-07,0.9199966336604867,1
TCGA-25-2399-01A-01R-1569-13,0.8554039014927964,1
TCGA-EB-A42Z-01A-12R-A24X-07,0.701562088990441,1
TCGA-66-2755-01A-01R-0851-07,0.8577515134755874,1
TCGA-A6-2677-01B-02R-A277-07,0.14448928489093207,1
TCGA-25-2400-01A-01R-1569-13,0.8942105679257296,0
TCGA-O2-A52S-01A-11R-A262-07,0.8924620202293941,1
TCGA-09-2054-01A-01R-1568-13,0.8400354844082465,1
TCGA-BC-A10Y-01A-11R-A131-07,0.6888666032693562,1
TCGA-22-5481-01A-31R-1949-07,0.8035810767775277,1
TCGA-A2-A0D3-01A-11R-A115-07,0.563306327526962,1
TCGA-55-8505-01A-11R-2403-07,0.726352214692134,1
TCGA-CJ-4636-01A-02R-1325-07,0.4425374996471923,1
TCGA-13-0797-01A-01R-1564-13,0.7225402853283247,1
TCGA-AA-A03J-01A-21R-A16W-07,0.19984981562024556,0
TCGA-VP-A872-01A-11R-A352-07,0.6981253819637455,1
TCGA-XR-A8TF-01A-11R-A36F-07,0.8245626786801339,1
TCGA-EP-A2KA-01A-11R-A180-07,0.9284696163192944,1
TCGA-25-1314-01A-01R-1565-13,0.8293703014691702,1
TCGA-64-5778-01A-01R-1628-07,0.4815509986036799,1
TCGA-04-1356-01A-01R-1569-13,0.849282170185041,1
TCGA-46-3766-01A-01R-0980-07,0.17726716763258374,0
TCGA-78-7535-01A-11R-2066-07,0.4382198317712838,1
TCGA-HZ-7919-01A-11R-2156-07,0.30274842193566376,1
TCGA-DW-7841-01A-11R-A32Z-07,0.2708777371158461,1
TCGA-AA-3538-01A-01R-0821-07,0.7797698147292228,1
TCGA-ZG-A9L5-01A-12R-A41O-07,0.9142811025946019,0
TCGA-DD-A39Z-01A-11R-A213-07,0.8983614617405316,1
TCGA-GM-A3NY-01A-11R-A21T-07,0.609481339562135,1
TCGA-S4-A8RO-01A-12R-A37L-07,0.8990443359916828,1
TCGA-E2-A573-01A-11R-A29R-07,0.4564498413643178,1
TCGA-G3-A3CG-01A-11R-A213-07,0.8291668600601224,1
TCGA-PL-A8LZ-01A-31R-A36F-07,0.8062155494114953,1
TCGA-39-5011-01A-01R-1443-07,0.8505407354596751,1
TCGA-G3-AAV5-01A-11R-A37K-07,0.794879800814283,1
TCGA-A3-3313-01A-02R-1325-07,0.6880034515078496,0
TCGA-UZ-A9PR-01A-11R-A42S-07,0.5917543859509926,1
TCGA-BQ-5887-01A-11R-1965-07,0.8175989336773526,1
TCGA-49-AARQ-01A-11R-A41B-07,0.7368529007519824,1
TCGA-AA-3488-01A-01R-1410-07,0.572560257207163,1
TCGA-S3-AA0Z-01A-11R-A41B-07,0.8042203637746309,0
TCGA-FB-A78T-01A-12R-A32O-07,0.48782679262703105,1
TCGA-09-1659-01B-01R-1564-13,0.8107986602906702,1
TCGA-55-8096-01A-11R-2241-07,0.77349333454527,1
TCGA-DD-AACQ-01A-11R-A41C-07,0.7463724611752364,1
TCGA-CC-5260-01A-01R-A131-07,0.7479343413705114,1
TCGA-E2-A14S-01A-11R-A12D-07,0.5568076410493074,1
TCGA-B6-A0WT-01A-11R-A109-07,0.7956785769225513,1
TCGA-BQ-7048-01A-11R-1965-07,0.8349283191381784,0
TCGA-56-A62T-01A-11R-A405-07,0.8199876338466513,0
TCGA-EB-A3XD-01A-22R-A239-07,0.361962302539786,1
TCGA-DD-AACZ-01A-11R-A41C-07,0.8315688009920991,1
TCGA-CC-A1HT-01A-11R-A131-07,0.7943582484060686,1
TCGA-B2-5633-01A-01R-1541-07,0.28497880799133424,0
TCGA-D5-5541-01A-01R-1653-07,0.3751843308607393,1
TCGA-BC-A217-01A-11R-A155-07,0.6340183213562979,1
TCGA-E2-A106-01A-11R-A10J-07,0.8079086105371751,0
TCGA-A2-A0D4-01A-11R-A00Z-07,0.9056329681516142,1
TCGA-BP-4768-01A-01R-1289-07,0.6244809239422497,1
TCGA-HC-7750-01A-11R-2118-07,0.5304100860399207,1
TCGA-C8-A1HI-01A-11R-A137-07,0.8946772851080562,1
TCGA-64-5815-01A-01R-1628-07,0.5778632857823219,1
TCGA-EW-A1P5-01A-11R-A144-07,0.7463234191943325,1
TCGA-DD-AADK-01A-11R-A41C-07,0.6846616873674665,1
TCGA-BP-4174-01A-02R-1289-07,0.5132262684041942,1
TCGA-22-5482-01A-01R-1635-07,0.7075640720758837,1
TCGA-CA-5256-01A-01R-1410-07,0.16487367581070703,0
TCGA-36-1571-01A-01R-1566-13,0.8038271974371458,1
TCGA-13-0714-01A-01R-1564-13,0.8629533491643339,0
TCGA-97-8172-01A-11R-2287-07,0.6936838285459809,1
TCGA-ZG-A9L9-01A-11R-A41O-07,0.6762772277596057,1
TCGA-E2-A159-01A-11R-A115-07,0.7302581891108545,1
TCGA-BP-5187-01A-01R-1426-07,0.6477730698807829,1
TCGA-DZ-6132-01A-11R-1965-07,0.3347996402282674,1
TCGA-A6-6649-01A-11R-1774-07,0.5402095260381075,1
TCGA-60-2722-01A-01R-0851-07,0.8352395951353507,0
TCGA-24-2033-01A-01R-1568-13,0.842733132668368,1
TCGA-CH-5739-01A-11R-1580-07,0.464591456745466,0
TCGA-EJ-A6RC-01A-11R-A32O-07,0.19319570266911262,1
TCGA-V5-AASW-01A-11R-A406-31,0.6428616090254008,0
TCGA-86-8280-01A-11R-2287-07,0.6903637237523952,0
TCGA-73-7499-01A-11R-2187-07,0.4540415068140123,1
TCGA-DM-A1DA-01A-11R-A155-07,0.777232535231334,1
TCGA-ED-A7XO-01A-11R-A352-07,0.7767596600909765,1
TCGA-35-4123-01A-01R-1107-07,0.30822540894353406,0
TCGA-CJ-4639-01A-02R-1325-07,0.5073465723515405,1
TCGA-35-4122-01A-01R-1107-07,0.2914081245936303,0
TCGA-AC-A7VC-01A-11R-A352-07,0.8048202090209623,0
TCGA-A8-A08X-01A-21R-A00Z-07,0.8355239385540123,0
TCGA-XK-AAIR-01A-11R-A41O-07,0.5761417410761069,1
TCGA-BH-A0B3-01A-11R-A056-07,0.6787464380137218,1
TCGA-BH-A1EV-01A-11R-A137-07,0.8939095166315165,1
TCGA-AA-3982-01A-02R-1022-07,0.8587542386890913,1
TCGA-86-6562-01A-11R-1755-07,0.5634674788626982,1
TCGA-EJ-5496-01A-01R-1580-07,0.2077351463854788,1
TCGA-B6-A400-01A-11R-A239-07,0.7535274066197997,0
TCGA-BF-A5ES-01A-11R-A27Q-07,0.7104969088126699,1
TCGA-F4-6854-01A-11R-1928-07,0.621625961259866,1
TCGA-10-0938-01A-02R-1564-13,0.819845270090775,0
TCGA-D8-A1XW-01A-11R-A14M-07,0.7467647477995738,1
TCGA-55-8089-01A-11R-2241-07,0.7607004203456245,1
TCGA-43-3920-01A-01R-0980-07,0.4633805589761884,0
TCGA-AA-3660-01A-01R-1723-07,0.8421330021510756,1
TCGA-24-0970-01B-01R-1565-13,0.8873708223698213,0
TCGA-24-2298-01A-01R-1569-13,0.8712919793279026,1
TCGA-EJ-A46G-01A-31R-A26U-07,0.8475238373311886,0
TCGA-A8-A093-01A-11R-A00Z-07,0.8539206522401278,1
TCGA-A7-A26I-01B-06R-A22O-07,0.5164368648407033,1
TCGA-24-1842-01A-01R-1567-13,0.8802318249670628,1
TCGA-LB-A8F3-01A-11R-A36G-07,0.5650174411514123,1
TCGA-95-7567-01A-11R-2066-07,0.8144667685045486,1
TCGA-BH-A0EE-01A-11R-A034-07,0.8538605542438037,1
TCGA-55-7911-01A-11R-2170-07,0.7765180100067003,1
TCGA-B2-5641-01A-01R-1541-07,0.484510846203839,0
TCGA-CH-5790-01A-11R-1580-07,0.31618559979189587,1
TCGA-90-7766-01A-21R-2125-07,0.8757691182708015,1
TCGA-AA-3818-01A-01R-0905-07,0.7222855532427807,0
TCGA-NC-A5HL-01A-11R-A26W-07,0.8558167486698123,1
TCGA-23-1120-01A-02R-1565-13,0.8565819772593795,1
TCGA-A8-A06N-01A-11R-A00Z-07,0.6563051804210992,0
TCGA-24-1427-01A-01R-1565-13,0.8719372843080584,1
TCGA-DM-A285-01A-11R-A16W-07,0.8123891758174463,0
TCGA-B6-A0RP-01A-21R-A084-07,0.5863679135235835,1
TCGA-77-8130-01A-11R-2247-07,0.7348882673383297,1
TCGA-85-7843-01A-11R-2125-07,0.8429834519165645,0
TCGA-22-1002-01A-01R-0692-07,0.8945047738403235,1
TCGA-L5-A4OU-01A-11R-A28J-31,0.8696309186433511,1
TCGA-44-3918-01B-02R-A277-07,0.43428621892267333,1
TCGA-EJ-5503-01A-01R-1580-07,0.13465173565256738,1
TCGA-B9-4113-01A-01R-1193-07,0.34407341836993416,1
TCGA-55-6642-01A-11R-1858-07,0.7963080299208056,1
TCGA-22-4604-01A-01R-1201-07,0.7370954843557543,1
TCGA-69-8253-01A-11R-2287-07,0.7803535481494224,0
TCGA-43-A475-01A-11R-A24H-07,0.8436289753405597,1
TCGA-13-0893-01B-01R-1565-13,0.8927815454476706,1
TCGA-ZG-A9MC-01A-31R-A41O-07,0.2724138397975773,1
TCGA-FB-AAQ3-01A-11R-A41B-07,0.0878437545393091,0
TCGA-30-1861-01A-01R-1568-13,0.9136858254526349,1
TCGA-A8-A0A4-01A-11R-A00Z-07,0.8753150848023995,1
TCGA-V1-A9ZI-01A-11R-A41O-07,0.778601754077619,1
TCGA-AA-A01S-01A-21R-A083-07,0.7967055527360251,1
TCGA-J4-A6G1-01A-11R-A311-07,0.48863313766533184,1
TCGA-DD-AAD5-01A-11R-A41C-07,0.8853173364360547,0
TCGA-44-7661-01A-11R-2066-07,0.31044256412544186,1
TCGA-FV-A23B-01A-11R-A16W-07,0.791454222798825,1
TCGA-E2-A1B1-01A-21R-A12P-07,0.7609744758304732,1
TCGA-EJ-A65D-01A-11R-A30B-07,0.296152331761606,1
TCGA-CA-5796-01A-01R-1653-07,0.48374447938577164,1
TCGA-AY-6196-01A-11R-1723-07,0.7348106588470508,1
TCGA-KK-A6E2-01A-11R-A311-07,0.540079239456345,1
TCGA-05-4384-01A-01R-1755-07,0.7332371550626854,1
TCGA-D8-A1XD-01A-11R-A14D-07,0.8504672176690049,1
TCGA-T1-A6J8-01A-11R-A32O-07,0.8713979844208983,0
TCGA-A2-A0SU-01A-11R-A084-07,0.9118335876742222,1
TCGA-62-A46R-01A-11R-A24H-07,0.7743574306738591,1
TCGA-2J-AAB1-01A-11R-A41B-07,0.2337683349568656,1
TCGA-61-2102-01A-01R-1568-13,0.8442053528658496,1
TCGA-BQ-5891-01A-11R-1592-07,0.5940613794865698,1
TCGA-78-7160-01A-11R-2039-07,0.7086209202261448,1
TCGA-AZ-4614-01A-01R-1410-07,0.8760764677597331,0
TCGA-CM-6676-01A-11R-1839-07,0.5148086913096896,1
TCGA-LN-A49W-01A-11R-A260-31,0.7883119149122159,1
TCGA-A2-A0EY-01A-11R-A034-07,0.8984233482961291,1
TCGA-CJ-4869-01A-02R-1426-07,0.34204382512975756,1
TCGA-F2-A8YN-01A-11R-A37L-07,0.5802945693872446,1
TCGA-EW-A6SC-01A-12R-A32P-07,0.7144793926229521,1
TCGA-77-A5G1-01A-11R-A27Q-07,0.7215776254044401,1
TCGA-V1-A9ZR-01A-11R-A41O-07,0.7964480622048425,1
TCGA-KK-A8I9-01A-11R-A36G-07,0.6241584848861822,0
TCGA-CC-A3MB-01A-11R-A213-07,0.8177602578140157,1
TCGA-B2-5635-01A-01R-1541-07,0.5720255465201821,1
TCGA-AA-3662-01A-01R-1723-07,0.7596001371886343,1
TCGA-S3-AA15-01A-11R-A41B-07,0.5271183217494296,1
TCGA-B8-4154-01A-01R-1188-07,0.3307028803204475,1
TCGA-43-A474-01A-11R-A24H-07,0.8759497682823875,1
TCGA-13-0800-01A-01R-1564-13,0.8163611380102899,1
TCGA-L9-A50W-01A-12R-A39D-07,0.7995315294545762,1
TCGA-B6-A1KF-01A-11R-A13Q-07,0.7627491104038577,0
TCGA-22-1011-01A-01R-0692-07,0.8148478291643909,1
TCGA-AA-3833-01A-01R-0905-07,0.5348381464906228,1
TCGA-22-4605-01A-21R-2125-07,0.47395087065210345,1
TCGA-52-7810-01A-11R-2125-07,0.8003313843457827,1
TCGA-64-1678-01A-01R-0946-07,0.520901762011137,1
TCGA-IB-7645-01A-22R-2204-07,0.22129809287391383,1
TCGA-A2-A0EP-01A-52R-A22U-07,0.10977875718262757,1
TCGA-AA-A00Z-01A-01R-A002-07,0.8272587805372725,1
TCGA-E2-A9RU-01A-11R-A41B-07,0.752147997090979,0
TCGA-BP-5184-01A-01R-1426-07,0.5734716488743897,1
TCGA-73-4670-01A-01R-1206-07,0.6914742990016758,1
TCGA-AA-3679-01A-02R-0905-07,0.7873681887600644,1
TCGA-CM-5348-01A-21R-1723-07,0.8755398924169889,1
TCGA-2A-A8W3-01A-11R-A37L-07,0.867548382921902,0
TCGA-MH-A857-01A-11R-A355-07,0.8682580705823206,1
TCGA-E2-A1LG-01A-21R-A14M-07,0.901399375455165,0
TCGA-05-4418-01A-01R-1206-07,0.6470667605743763,1
TCGA-83-5908-01A-21R-2287-07,0.7798093677927451,0
TCGA-G3-A5SJ-01A-11R-A27V-07,0.7851130191597764,1
TCGA-13-0901-01B-01R-1565-13,0.7953551026785034,1
TCGA-B0-5088-01A-01R-1334-07,0.24904576917382945,1
TCGA-AR-A0TU-01A-31R-A109-07,0.7996149661091486,0
TCGA-29-1770-01A-01R-1567-13,0.7914208262271603,1
TCGA-AA-3855-01A-01R-1022-07,0.8239520109343125,1
TCGA-B0-5402-01A-01R-1503-07,0.596422633965465,1
TCGA-DD-AACD-01A-11R-A41C-07,0.7182598696052439,1
TCGA-UB-A7MB-01A-11R-A33R-07,0.7539168570154482,0
TCGA-J9-A52B-01A-11R-A26U-07,0.9082109408031367,1
TCGA-13-0908-01B-01R-1565-13,0.8605580617796605,1
TCGA-AS-3777-01A-01R-0864-07,0.7034344871414994,0
TCGA-L5-A8NU-01A-11R-A36D-31,0.3835097665126114,1
TCGA-BH-A0W5-01A-11R-A109-07,0.4310425573659045,1
TCGA-L5-A4OE-01A-11R-A260-31,0.745342125624642,1
TCGA-29-1705-01A-01R-1567-13,0.8183280840271808,1
TCGA-AA-A024-01A-02R-A00A-07,0.5412768002815773,1
TCGA-13-0799-01A-01R-1564-13,0.742553883073747,1
TCGA-AR-A24L-01A-11R-A169-07,0.7805120424989199,1
TCGA-CZ-5463-01A-01R-1503-07,0.5181923856857235,1
TCGA-G7-A4TM-01A-11R-A31O-07,0.4929336055382029,1
TCGA-5P-A9KH-01A-11R-A42S-07,0.5767151545192922,1
TCGA-E9-A249-01A-11R-A169-07,0.7223071272127085,1
TCGA-J2-A4AD-01A-11R-A24H-07,0.746168113642446,1
TCGA-BP-4961-01A-01R-1334-07,0.19766866297355498,1
TCGA-DD-AADB-01A-11R-A41C-07,0.7101321789183498,1
TCGA-B6-A0X4-01A-11R-A109-07,0.44766566031127664,0
TCGA-80-5611-01A-01R-1628-07,0.8595496555145379,1
TCGA-A8-A06O-01A-11R-A00Z-07,0.692601797878524,1
TCGA-B0-4690-01A-01R-1277-07,0.7239275232909398,1
TCGA-A8-A07C-01A-11R-A034-07,0.7602156588597658,1
TCGA-23-1032-01A-02R-1564-13,0.8498932413142246,1
TCGA-CM-6167-01A-11R-1653-07,0.44847479487998304,1
TCGA-D8-A142-01A-11R-A115-07,0.8186360614863407,1
TCGA-A3-A8OV-01A-11R-A37O-07,0.4186229440448641,1
TCGA-A8-A094-01A-11R-A00Z-07,0.9062110238156992,0
TCGA-HC-A8D0-01A-11R-A36G-07,0.7577528350297613,1
TCGA-M9-A5M8-01A-11R-A28J-31,0.5171625130195785,1
TCGA-DD-AACS-01A-11R-A41C-07,0.817328654820135,1
TCGA-22-4593-01A-21R-1820-07,0.7112124890790404,0
TCGA-E9-A1RB-01A-11R-A157-07,0.7385362102028005,1
TCGA-86-A456-01A-11R-A24H-07,0.8726695837778754,0
TCGA-AR-A24H-01A-11R-A169-07,0.6704066798495241,1
TCGA-OL-A5D7-01A-11R-A27Q-07,0.5381593166730281,0
TCGA-85-A511-01A-21R-A262-07,0.6636382128715517,0
TCGA-49-AAR9-01A-21R-A41B-07,0.8978088308440009,0
TCGA-13-1496-01A-01R-1565-13,0.826968509392537,0
TCGA-60-2695-01A-01R-0851-07,0.7242624592315853,0
TCGA-YL-A8SH-01B-11R-A37L-07,0.6855023430366198,1
TCGA-23-1026-01B-01R-1569-13,0.782838111963505,0
TCGA-AA-3684-01A-02R-0905-07,0.13152836187591696,1
TCGA-97-8174-01A-11R-2287-07,0.766832518598981,1
TCGA-A3-3308-01A-02R-1325-07,0.7929824058959248,1
TCGA-DD-A3A4-01A-11R-A22L-07,0.8828565471776819,1
TCGA-AR-A2LO-01A-31R-A18M-07,0.5423356569718527,0
TCGA-64-1679-01A-21R-2066-07,0.5319570880556325,1
TCGA-56-8623-01A-11R-A28V-07,0.5290426935584835,1
TCGA-69-A59K-01A-11R-A262-07,0.9216280145866618,0
TCGA-13-0766-01A-02R-1564-13,0.7288203814491288,1
TCGA-61-2016-01A-01R-1568-13,0.6580574759623095,1
TCGA-XV-AAZV-01A-11R-A40A-07,0.6337078466380873,1
TCGA-AA-A01Q-01A-01R-A002-07,0.8670058363590406,1
TCGA-A2-A25C-01A-11R-A169-07,0.6441246255013383,1
TCGA-24-1849-01A-01R-1567-13,0.8210337487985058,1
TCGA-LL-A5YM-01A-11R-A28M-07,0.5216269445423692,1
TCGA-23-2081-01A-01R-1568-13,0.8554568284554267,1
TCGA-BP-4975-01A-01R-1334-07,0.6647371950709259,1
TCGA-B8-5165-01A-01R-1420-07,0.12789062654629302,0
TCGA-SX-A7SR-01A-12R-A36F-07,0.2794612463269817,1
TCGA-AR-A24M-01A-11R-A169-07,0.6254211880265723,1
TCGA-LL-A6FR-01A-12R-A31O-07,0.43074259792984304,1
TCGA-IB-A5SS-01A-11R-A32O-07,0.2826497177506503,1
TCGA-EJ-AB27-01A-11R-A41O-07,0.45313648442495946,1
TCGA-37-3789-01A-01R-0980-07,0.7359334539154433,1
TCGA-AA-A01F-01A-01R-A002-07,0.8035148785705616,1
TCGA-VR-A8EY-01A-11R-A36D-31,0.7483191070422707,1
TCGA-CK-5913-01A-11R-1653-07,0.8748375615616462,0
TCGA-A3-3319-01A-02R-1325-07,0.3476933983741717,0
TCGA-77-8007-01A-11R-2187-07,0.6827765981806104,0
TCGA-24-1434-01A-01R-1566-13,0.7335693546805206,1
TCGA-L5-A4OQ-01A-11R-A260-31,0.8291954065440523,1
TCGA-IG-A3YC-01A-11R-A24K-31,0.8446238947554622,1
TCGA-BH-A0DV-01A-21R-A12P-07,0.3670181376460936,1
TCGA-C8-A12N-01A-11R-A115-07,0.5736159923019011,1
TCGA-KC-A7F6-01A-11R-A33R-07,0.6888546310187623,1
TCGA-DM-A28E-01A-11R-A32Y-07,0.5244116750210434,0
TCGA-85-8048-01A-11R-2247-07,0.5525408889945203,1
TCGA-55-8614-01A-11R-2403-07,0.5888934145672056,1
TCGA-L5-A4OH-01A-11R-A260-31,0.8464934668152981,0
TCGA-AO-A0JJ-01A-11R-A056-07,0.739130467246816,1
TCGA-DM-A282-01A-12R-A16W-07,0.3094517754904238,1
TCGA-64-5775-01A-01R-1628-07,0.8522704824488346,1
TCGA-EJ-5511-01A-01R-1580-07,0.6669653016175546,1
TCGA-E2-A1LE-01A-12R-A19W-07,0.8723125197851836,1
TCGA-E9-A1NH-01A-11R-A14D-07,0.5529108701603992,0
TCGA-55-8302-01A-11R-2326-07,0.8541242209869826,1
TCGA-O2-A52N-01A-11R-A26W-07,0.8435161968177189,0
TCGA-AA-3495-01A-01R-1410-07,0.7388002902577713,1
TCGA-A7-A13H-01A-11R-A22K-07,0.39071292728725915,0
TCGA-JY-A6FE-01A-11R-A336-31,0.827705013363489,1
TCGA-HC-7210-01A-11R-2118-07,0.5089070106064647,1
TCGA-L5-A88T-01A-11R-A354-31,0.7039138772192294,0
TCGA-BP-4998-01A-01R-1334-07,0.47165977982306445,1
TCGA-S3-A6ZG-01A-22R-A32P-07,0.6098162927383476,1
TCGA-B0-5692-01A-11R-1541-07,0.64612865518514,1
TCGA-ZG-A8QY-01A-11R-A37L-07,0.9118710717927966,1
TCGA-A1-A0SG-01A-11R-A144-07,0.7003488195430361,0
TCGA-64-5774-01A-01R-1628-07,0.6218203996702342,1
TCGA-L5-A8NM-01A-11R-A37I-31,0.8634463937402802,1
TCGA-AO-A12D-01A-11R-A115-07,0.8582053632003492,1
TCGA-39-5024-01A-21R-1820-07,0.7603000060806309,1
TCGA-AA-A01K-01A-01R-A00A-07,0.8366841207704471,0
TCGA-AA-3973-01A-01R-1022-07,0.7616905591252621,1
TCGA-22-5485-01A-01R-1635-07,0.8434511036872211,1
TCGA-50-5941-01A-11R-1755-07,0.7697205964426823,0
TCGA-C8-A12K-01A-21R-A115-07,0.6543576931716018,1
TCGA-MH-A55Z-01A-11R-A26U-07,0.40338811581273054,1
TCGA-BH-A0H3-01A-11R-A12P-07,0.6194266565332058,1
TCGA-CJ-4890-01A-01R-1305-07,0.4792494557301309,0
TCGA-85-8072-01A-31R-2247-07,0.8178671046014508,0
TCGA-5M-AATA-01A-31R-A41B-07,0.77317334280384,0
TCGA-C8-A1HK-01A-21R-A13Q-07,0.8504192190290447,1
TCGA-AN-A0XP-01A-11R-A109-07,0.6678645038053538,1
TCGA-39-5028-01A-01R-1443-07,0.7924348773152707,0
TCGA-ZG-A9L6-01A-11R-A41O-07,0.46572691934930954,1
TCGA-AO-A03V-01A-11R-A115-07,0.9147306245239798,1
TCGA-CJ-4895-01A-01R-1305-07,0.7430495627565542,1
TCGA-BC-A10T-01A-11R-A131-07,0.8032901334886413,0
TCGA-AR-A24K-01A-11R-A169-07,0.6192287530249924,0
TCGA-A8-A06Z-01A-11R-A00Z-07,0.8444057084822902,1
TCGA-A6-6654-01A-21R-1839-07,0.49999508106486895,1
TCGA-G9-6373-01A-11R-1789-07,0.5333033053686524,1
TCGA-DD-A116-01A-11R-A131-07,0.8435637806138895,0
TCGA-VR-A8EQ-01A-11R-A36D-31,0.8352479410685293,1
TCGA-R6-A6L6-01B-11R-A336-31,0.8568969581776904,1
TCGA-55-A493-01A-11R-A24H-07,0.5968361410817744,1
TCGA-ES-A2HS-01A-11R-A180-07,0.7449645902609359,1
TCGA-KK-A8I8-01A-11R-A36G-07,0.6296765204280514,1
TCGA-L5-A4OI-01A-11R-A36D-31,0.8251116925338572,1
TCGA-43-6143-01A-11R-1820-07,0.8238405155543448,1
TCGA-HC-7080-01A-11R-1965-07,0.9176794789228223,1
TCGA-FV-A4ZQ-01A-11R-A266-07,0.686463856147943,0
TCGA-A3-3374-01A-02R-1325-07,0.875130036013686,0
TCGA-IG-A3QL-01A-11R-A24K-31,0.6696826261041738,0
TCGA-PL-A8LV-01A-21R-A41B-07,0.8168429948990249,1
TCGA-HC-A9TE-01A-11R-A41O-07,0.8273471046489218,1
TCGA-G4-6321-01A-11R-1723-07,0.6333863966656789,1
TCGA-23-1030-01A-02R-1564-13,0.7435290055674564,1
TCGA-FB-AAQ2-01A-31R-A41B-07,0.7390520371604763,1
TCGA-A2-A0CY-01A-12R-A034-07,0.8597673696232878,1
TCGA-AN-A046-01A-21R-A034-07,0.8021052742363821,1
TCGA-BH-A0B4-01A-11R-A00Z-07,0.6960837650904164,1
TCGA-24-0982-01A-01R-1565-13,0.7150649190966984,1
TCGA-AR-A0TY-01A-12R-A115-07,0.9306922497137609,0
TCGA-WS-AB45-01A-11R-A41B-07,0.5037472649100293,0
TCGA-37-4135-01A-01R-1100-07,0.5187749665749961,1
TCGA-EW-A1P0-01A-11R-A144-07,0.9063808911298653,1
TCGA-A2-A04Y-01A-21R-A034-07,0.890346388267751,1
TCGA-ZP-A9D4-01A-11R-A37K-07,0.8402938776936174,1
TCGA-AC-A23H-01A-11R-A157-07,0.8794122687611637,1
TCGA-A8-A07G-01A-11R-A034-07,0.73605379094633,0
TCGA-63-A5MT-01A-21R-A26W-07,0.8762861858282447,1
TCGA-05-5428-01A-01R-1628-07,0.31526317053998826,1
TCGA-V1-A9OQ-01A-11R-A41O-07,0.7852001387116957,1
TCGA-CZ-5454-01A-01R-1503-07,0.5726221760926441,0
TCGA-2J-AABK-01A-31R-A41B-07,0.45126656057067216,1
TCGA-L5-A893-01A-11R-A36D-31,0.6041438000188131,1
TCGA-CW-5587-01A-01R-1541-07,0.28285089517966566,1
TCGA-CH-5766-01A-11R-1580-07,0.6680162340774101,0
TCGA-E9-A1NI-01A-11R-A14D-07,0.7634190942438261,1
TCGA-46-3767-01A-01R-0980-07,0.35224582550167116,0
TCGA-85-7710-01A-11R-2125-07,0.7161990967817196,1
TCGA-A2-A1G1-01A-21R-A13Q-07,0.7040783873164771,1
TCGA-AZ-6603-01A-11R-1839-07,0.33862642829827344,1
TCGA-BP-5180-01A-01R-1426-07,0.39146792547972464,1
TCGA-HC-7213-01A-11R-2118-07,0.7821007869691353,1
TCGA-BP-4354-01A-02R-1289-07,0.7656525209951078,0
TCGA-E2-A14W-01A-11R-A12D-07,0.7983057950872864,1
TCGA-L9-A444-01A-21R-A24H-07,0.6808857916368852,1
TCGA-86-7713-01A-11R-2066-07,0.8637495352521422,1
TCGA-MP-A4TJ-01A-51R-A262-07,0.6474482190025005,1
TCGA-B9-A5W8-01A-11R-A28H-07,0.584153383023006,1
TCGA-BH-A0DE-01A-11R-A115-07,0.8513134162188295,0
TCGA-BP-4349-01A-01R-1289-07,0.34178824017772347,1
TCGA-LL-A8F5-01A-11R-A36F-07,0.8312842343848822,1
TCGA-95-A4VK-01A-11R-A262-07,0.8794195904189497,1
TCGA-HC-A9TH-01A-11R-A41O-07,0.5595824313168926,1
TCGA-CM-4743-01A-01R-1723-07,0.8090971652007161,1
TCGA-13-1499-01A-01R-1565-13,0.883982396842862,1
TCGA-43-7656-01A-11R-2125-07,0.8743507651625203,1
TCGA-66-2786-01A-01R-0851-07,0.8027296682141541,1
TCGA-44-7671-01A-11R-2066-07,0.6083681002252825,0
TCGA-D5-6535-01A-11R-1723-07,0.4804534936475378,1
TCGA-A3-3378-01A-02R-1325-07,0.566399914258136,1
TCGA-KR-A7K8-01A-11R-A33J-07,0.9654730620834273,1
TCGA-B6-A0IG-01A-11R-A034-07,0.8820910818842691,1
TCGA-05-5423-01A-01R-1628-07,0.539408737179047,1
TCGA-24-2020-01A-01R-1567-13,0.8968145287506818,0
TCGA-EJ-5532-01A-01R-1580-07,0.41342510188876586,1
TCGA-LN-A7HX-01A-11R-A336-31,0.6793193153242773,1
TCGA-24-1418-01A-01R-1565-13,0.8125786614220769,1
TCGA-A6-6648-01A-11R-1774-07,0.6215722375659163,1
TCGA-AO-A12F-01A-11R-A115-07,0.7983262470013943,1
TCGA-DD-A1EL-01A-11R-A155-07,0.8244405940877192,1
TCGA-F2-6880-01A-11R-2156-07,0.8017781538907094,1
TCGA-IB-AAUW-01A-12R-A38C-07,0.3229298311015144,1
TCGA-EB-A4OZ-01A-12R-A266-07,0.12980211358783483,1
TCGA-CJ-4878-01A-01R-1305-07,0.4628516592286088,1
TCGA-4R-AA8I-01A-11R-A38B-07,0.8691376802844728,1
TCGA-CZ-4853-01A-01R-1426-07,0.5278141178862977,1
TCGA-DD-A4NN-01A-11R-A28V-07,0.5410467347471364,1
TCGA-21-5782-01A-01R-1635-07,0.7318857028682768,1
TCGA-85-A513-01A-12R-A26W-07,0.6839903436030288,0
TCGA-29-1761-01A-01R-1567-13,0.8408280018571287,1
TCGA-G7-6792-01A-21R-1965-07,0.5365955650884482,0
TCGA-NC-A5HQ-01A-11R-A26W-07,0.7085396291791666,1
TCGA-B1-A47O-01A-11R-A24Z-07,0.4712054198698746,1
TCGA-AR-A252-01A-11R-A169-07,0.7363107631854159,1
TCGA-BH-A18S-01A-11R-A12D-07,0.57256933859112,1
TCGA-LQ-A4E4-01A-11R-A266-07,0.8029482511125603,1
TCGA-3A-A9IV-01A-11R-A41B-07,0.867684893380624,1
TCGA-WN-A9G9-01A-12R-A37K-07,0.26428559836673593,1
TCGA-BH-A18F-01A-11R-A12D-07,0.6254978369099465,1
TCGA-13-0883-01A-02R-1569-13,0.6123388662998315,0
TCGA-55-7576-01A-11R-2066-07,0.916076315859958,0
TCGA-44-A4SS-01A-11R-A24X-07,0.9067907123707333,1
TCGA-AD-A5EJ-01A-11R-A28H-07,0.9012027576213909,1
TCGA-E9-A5FL-01A-11R-A27Q-07,0.6272060826565019,1
TCGA-J4-A67L-01A-11R-A30B-07,0.3568025938482767,1
TCGA-23-1113-01A-01R-1564-13,0.8735226934922452,1
TCGA-55-6543-01A-11R-1755-07,0.7397891879022241,0
TCGA-BP-4334-01A-01R-1289-07,0.8034083552612209,1
TCGA-E2-A1L6-01A-11R-A13Q-07,0.7748481315501474,1
TCGA-D8-A27W-01A-11R-A16F-07,0.587394303353043,1
TCGA-B6-A0WS-01A-11R-A115-07,0.8773142952798682,0
TCGA-B3-8121-01A-21R-2404-07,0.4201025027168294,1
TCGA-D8-A1JK-01A-11R-A13Q-07,0.7779371059792509,1
TCGA-A2-A04N-01A-11R-A115-07,0.4069073983956361,1
TCGA-P4-A5E6-01A-11R-A28H-07,0.5160431760490264,1
TCGA-PJ-A5Z9-01A-11R-A28H-07,0.4793845563970837,1
TCGA-LN-A7HV-01A-21R-A354-31,0.7625872116990002,1
TCGA-22-0944-01A-01R-0692-07,0.8703849552073577,1
TCGA-AN-A0FK-01A-11R-A034-07,0.7902713168587003,1
TCGA-BF-AAOU-01A-12R-A39D-07,0.674740819249123,1
TCGA-HN-A2NL-01A-11R-A18M-07,0.7511828001278358,1
TCGA-FR-A2OS-01A-11R-A21D-07,0.6730911320052128,1
TCGA-CW-6093-01A-11R-1672-07,0.3095221450093187,1
TCGA-DD-A73F-01A-11R-A32O-07,0.8178773931464199,1
TCGA-WQ-A9G7-01A-11R-A37K-07,0.6463799555709622,1
TCGA-37-3783-01A-01R-1201-07,0.20160107827854715,1
TCGA-61-1995-01A-01R-1568-13,0.6233010080993967,1
TCGA-DD-AAD2-01A-11R-A41C-07,0.7520307444103654,1
TCGA-24-1616-01A-01R-1566-13,0.9010103298379915,1
TCGA-B2-3923-01B-10R-A277-07,0.6186525957068808,1
TCGA-31-1950-01A-01R-1568-13,0.899603849056298,1
TCGA-FC-A5OB-01A-11R-A29R-07,0.7262610636574705,1
TCGA-LN-A49X-01A-31R-A260-31,0.6784361193550449,1
TCGA-UU-A93S-01A-21R-A41B-07,0.8541104006770728,1
TCGA-34-5240-01A-01R-1443-07,0.5063007148184133,1
TCGA-L5-A43C-01A-11R-A24K-31,0.7452400494430935,1
TCGA-46-3765-01A-01R-0980-07,0.680090876449346,0
TCGA-B0-4844-01A-01R-1277-07,0.5075079157298383,1
TCGA-21-1080-01A-01R-0692-07,0.9238938214399632,1
TCGA-13-0920-01A-01R-1564-13,0.8959768610089124,1
TCGA-F9-A8NY-01A-11R-A36F-07,0.7722779788953955,1
TCGA-LL-A740-01A-21R-A32P-07,0.9153942979071192,1
TCGA-BF-AAP4-01A-11R-A40A-07,0.6565069179646621,1
TCGA-XR-A8TD-01A-12R-A39D-07,0.8181014807021956,1
TCGA-33-4538-01A-01R-1201-07,0.786997555959217,1
TCGA-LL-A9Q3-01A-11R-A41B-07,0.8325025761578637,1
TCGA-NJ-A4YF-01A-12R-A262-07,0.9133757447602093,1
TCGA-MH-A560-01A-11R-A26U-07,0.6255212013554806,1
TCGA-L5-A8NE-01A-11R-A37I-31,0.8786390601495067,0
TCGA-04-1332-01A-01R-1564-13,0.5495018003122293,1
TCGA-EJ-A7NG-01A-31R-A33R-07,0.27334640530889526,0
TCGA-A8-A08J-01A-11R-A00Z-07,0.8275711247482226,1
TCGA-AK-3456-01A-02R-1325-07,0.5679198567385086,1
TCGA-G7-A8LB-01A-11R-A36F-07,0.5037845181043538,0
TCGA-B2-A4SR-01A-11R-A266-07,0.4460077950065568,1
TCGA-62-8394-01A-11R-2326-07,0.7288135358178932,1
TCGA-AZ-6608-01A-11R-1839-07,0.7220699699018537,1
TCGA-Q3-AA2A-01A-11R-A37L-07,0.3031954048656455,1
TCGA-B0-4694-01A-01R-1277-07,0.5276874441408683,1
TCGA-AR-A24V-01A-21R-A169-07,0.5982275965463131,0
TCGA-A2-A0EV-01A-11R-A034-07,0.855940702348417,1
TCGA-60-2714-01A-01R-0851-07,0.834053499277333,0
TCGA-BP-4762-01A-02R-1289-07,0.39050804444467974,1
TCGA-DD-AACG-01A-11R-A41C-07,0.7489684354031065,1
TCGA-B0-5094-01A-01R-1420-07,0.7016906866227405,1
TCGA-AA-3556-01A-01R-0821-07,0.8240737841034222,0
TCGA-2J-AABO-01A-21R-A41B-07,0.8913731259602918,1
TCGA-B0-5400-01A-01R-1503-07,0.48680734181987395,0
TCGA-77-6845-01A-11R-1949-07,0.8795558912074481,0
TCGA-D8-A141-01A-11R-A115-07,0.5255547826461134,1
TCGA-55-A57B-01A-12R-A39D-07,0.8330721178727393,1
TCGA-60-2712-01A-01R-0851-07,0.7687073878899578,1
TCGA-A6-4105-01A-02R-1774-07,0.6663992814173156,1
TCGA-XV-A9W5-01A-11R-A38C-07,0.7719063394754104,1
TCGA-A6-5665-01B-03R-2302-07,0.6287242421430831,1
TCGA-E2-A1AZ-01A-11R-A12P-07,0.6236909767277798,1
TCGA-55-7910-01A-11R-2170-07,0.7898452541451707,1
TCGA-50-6673-01A-11R-1949-07,0.8305450483554908,1
TCGA-BH-A0DL-01A-11R-A115-07,0.8813333813399542,1
TCGA-AU-6004-01A-11R-1723-07,0.7068021085343538,1
TCGA-E2-A15I-01A-21R-A137-07,0.7266949412173687,1
TCGA-G9-6369-01A-21R-1965-07,0.6192851266259193,0
TCGA-AA-3819-01A-01R-0905-07,0.6050715424135245,0
TCGA-KK-A6E0-01A-11R-A311-07,0.8353202458067369,0
TCGA-SX-A71W-01A-12R-A355-07,0.7592669087483888,1
TCGA-AR-A0TS-01A-11R-A115-07,0.7491061938730549,1
TCGA-E9-A5UP-01A-11R-A28M-07,0.7202748376522757,0
TCGA-AQ-A0Y5-01A-11R-A14M-07,0.8730379584037413,0
TCGA-BP-4807-01A-01R-1305-07,0.309864312319489,1
TCGA-CM-5860-01A-01R-1653-07,0.683382673984094,1
TCGA-BC-A5W4-01A-11R-A28V-07,0.83070850312028,1
TCGA-B0-4821-01A-01R-1503-07,0.49413792816461943,1
TCGA-UZ-A9PJ-01A-11R-A38C-07,0.4874925215817911,0
TCGA-DD-AACC-01A-11R-A41C-07,0.45972496869425983,0
TCGA-CJ-4870-01A-01R-1305-07,0.5912099442122382,1
TCGA-75-6207-01A-11R-1755-07,0.8671957765121823,1
TCGA-C8-A1HO-01A-11R-A13Q-07,0.8392305585631928,1
TCGA-JY-A938-01A-11R-A37I-31,0.7620622770948545,1
TCGA-04-1361-01A-01R-1565-13,0.8840361920694053,1
TCGA-2Z-A9J8-01A-11R-A42S-07,0.7207102911457803,1
TCGA-64-1677-01A-01R-0946-07,0.6319764270407755,0
TCGA-AO-A0JE-01A-11R-A056-07,0.8665854254179569,1
TCGA-IG-A4P3-01A-11R-A260-31,0.700686345859289,1
TCGA-05-4424-01A-22R-1858-07,0.6830044397214659,0
TCGA-91-A4BD-01A-11R-A24H-07,0.6541613288884,1
TCGA-DD-AAVS-01A-11R-A41C-07,0.4352602514538561,0
TCGA-18-3414-01A-01R-0980-07,0.6980864168969997,1
TCGA-J4-A83I-01A-11R-A36G-07,0.7562635085774837,1
TCGA-39-5035-01A-01R-1443-07,0.9067090812486851,1
TCGA-AA-3544-01A-01R-1873-07,0.7148297031625886,1
TCGA-FB-A7DR-01A-21R-A33R-07,0.6318322173295824,1
TCGA-99-8032-01A-11R-2241-07,0.8132555938988213,1
TCGA-95-7948-01A-11R-2187-07,0.9057352399539693,0
TCGA-D8-A1XU-01A-11R-A14M-07,0.8219793548524863,0
TCGA-2Z-A9J7-01A-11R-A38C-07,0.7901610171921756,1
TCGA-13-A5FT-01A-11R-A406-31,0.8736939929983217,1
TCGA-BP-4803-01A-01R-1305-07,0.5700287042516045,1
TCGA-24-2271-01A-01R-1568-13,0.8169335203394907,1
TCGA-DD-A39V-01A-11R-A213-07,0.5897766693748395,0
TCGA-CM-6674-01A-11R-1839-07,0.660148337647501,1
TCGA-30-1855-01A-01R-1567-13,0.9161769610233181,1
TCGA-2J-AABE-01A-12R-A41B-07,0.40248853444212385,1
TCGA-ED-A82E-01A-11R-A352-07,0.8239539256091588,1
TCGA-56-7580-01A-11R-2045-07,0.7372399514253598,1
TCGA-37-4130-01A-01R-1100-07,0.6906105609847624,1
TCGA-38-4626-01A-01R-1206-07,0.5888533075375961,1
TCGA-CZ-4861-01A-01R-1305-07,0.5999261398993073,1
TCGA-F4-6703-01A-11R-1839-07,0.6961107929591418,1
TCGA-61-2109-01A-01R-1568-13,0.7605540097899871,1
TCGA-5M-AATE-01A-11R-A41B-07,0.5309169642146119,1
TCGA-10-0931-01A-01R-1564-13,0.7721017366479259,1
TCGA-UZ-A9PQ-01A-11R-A42S-07,0.7572090955735142,1
TCGA-XC-AA0X-01A-32R-A405-07,0.599511442120423,1
TCGA-BH-A0C1-01B-11R-A12D-07,0.6935743132351623,1
TCGA-09-1668-01B-01R-1566-13,0.8177523430541832,1
TCGA-77-7338-01A-11R-2045-07,0.5542869450496499,0
TCGA-61-2111-01A-01R-1568-13,0.898019565406109,1
TCGA-AC-A8OS-01A-12R-A41B-07,0.5097045056265712,1
TCGA-BF-A3DJ-01A-11R-A20F-07,0.8569881538909963,1
TCGA-CJ-4893-01A-01R-1305-07,0.240499388775065,1
TCGA-DD-AADS-01A-11R-A41C-07,0.7053206083919378,0
TCGA-61-2110-01A-01R-1568-13,0.7283605167495203,1
TCGA-DD-A1EE-01A-11R-A131-07,0.7640150522833554,1
TCGA-BH-A0BP-01A-11R-A115-07,0.8552327131355452,1
TCGA-IG-A3I8-01A-11R-A24K-31,0.7146597901298112,1
TCGA-86-A4D0-01A-11R-A24H-07,0.7124591096010396,0
TCGA-22-1016-01A-01R-0692-07,0.8973480788514296,1
TCGA-BH-A0DS-01A-11R-A056-07,0.7690583729850795,1
TCGA-AR-A5QN-01A-12R-A28M-07,0.8035053470455548,1
TCGA-CW-6088-01A-11R-1672-07,0.497257007453975,0
TCGA-AQ-A04L-01B-21R-A10J-07,0.9349517118098813,1
TCGA-A7-A13D-01A-13R-A12P-07,0.7553075934947645,1
TCGA-A2-A0YJ-01A-11R-A109-07,0.7910869859335721,1
TCGA-04-1331-01A-01R-1569-13,0.825039901543906,1
TCGA-HZ-A8P1-01A-11R-A37L-07,0.6656146878274278,1
TCGA-AR-A24R-01A-11R-A169-07,0.8593370266675252,1
TCGA-36-1575-01A-01R-1566-13,0.7333854904238779,0
TCGA-C8-A273-01A-11R-A16F-07,0.879489004322486,1
TCGA-DM-A1HB-01A-21R-A180-07,0.8057174472493102,0
TCGA-JL-A3YW-01A-12R-A239-07,0.6632252668467278,1
TCGA-13-1411-01A-01R-1565-13,0.8180517201193058,1
TCGA-60-2710-01A-01R-0851-07,0.4657961974706204,1
TCGA-BP-5009-01A-01R-1334-07,0.7013209759604528,1
TCGA-T7-A92I-01A-11R-A37O-07,0.694581623425058,1
TCGA-EB-A85I-01A-11R-A352-07,0.5842994469392498,1
TCGA-F4-6460-01A-11R-1774-07,0.72040133370924,0
TCGA-B8-A54E-01A-11R-A266-07,0.8376760412215274,1
TCGA-60-2725-01A-01R-1201-07,0.7477601071991665,1
TCGA-NC-A5HI-01A-11R-A26W-07,0.8684813644621334,1
TCGA-BP-4965-01A-01R-1334-07,0.45821402244909204,1
TCGA-BP-4756-01A-01R-1289-07,0.8927542606105074,1
TCGA-A8-A095-01A-11R-A00Z-07,0.6797606542540668,1
TCGA-MM-A84U-01A-11R-A37O-07,0.48249860266989414,1
TCGA-HP-A5N0-01A-11R-A28V-07,0.899089969639324,1
TCGA-A4-7996-01A-11R-2204-07,0.46524582675094905,1
TCGA-A2-A0EQ-01A-11R-A034-07,0.8575531373532811,1
TCGA-A1-A0SK-01A-12R-A084-07,0.7681923329294714,1
TCGA-EJ-5505-01A-01R-1580-07,0.5320612607619695,1
TCGA-43-5668-01A-01R-1635-07,0.9060933537062436,0
TCGA-EW-A2FV-01A-11R-A17B-07,0.8570508423284434,0
TCGA-CZ-5456-01A-01R-1503-07,0.6322941217758492,1
TCGA-C8-A12Y-01A-11R-A12D-07,0.7938681942879666,1
TCGA-AR-A2LM-01A-11R-A180-07,0.7558497164333352,1
TCGA-A6-4107-01A-02R-1410-07,0.5702209747156937,1
TCGA-IG-A3YB-01A-11R-A36D-31,0.8558011142047962,1
TCGA-75-6205-01A-11R-1755-07,0.681683371017102,1
TCGA-20-1683-01A-01R-1566-13,0.8925188896316272,1
TCGA-BP-4170-01A-02R-1289-07,0.499084573586694,1
TCGA-CJ-6032-01A-11R-1672-07,0.4888208128316557,1
TCGA-DD-AACL-01A-11R-A41C-07,0.6777695087628439,1
TCGA-BP-4166-01A-02R-1289-07,0.7371174757467805,1
TCGA-2H-A9GL-01A-12R-A37I-31,0.7675944555080482,1
TCGA-B0-5084-01A-01R-1334-07,0.8372700821212972,1
TCGA-E2-A15J-01A-11R-A12P-07,0.8508121603012851,1
TCGA-44-6775-01C-02R-A277-07,0.15065732231555554,1
TCGA-A2-A04W-01A-31R-A115-07,0.6706555888333589,1
TCGA-G3-AAV0-01A-11R-A37K-07,0.888967914911825,1
TCGA-AA-A00D-01A-01R-A002-07,0.8819711775244785,1
TCGA-56-5897-01A-11R-1635-07,0.5287529833518663,1
TCGA-EJ-7321-01A-31R-2263-07,0.3402122415555063,0
TCGA-2J-AABV-01A-12R-A41B-07,0.3568392922460165,1
TCGA-C8-A8HR-01A-11R-A36F-07,0.6984672332971913,1
TCGA-04-1362-01A-01R-1565-13,0.7982457011581107,0
TCGA-HZ-A77Q-01A-11R-A36G-07,0.160266946603778,1
TCGA-D8-A1JB-01A-11R-A13Q-07,0.7162036687672576,1
TCGA-B0-4811-01A-01R-1503-07,0.350407203450125,0
TCGA-24-1103-01A-01R-1565-13,0.8454216126565279,1
TCGA-91-A4BC-01A-11R-A24H-07,0.7864347154883541,1
TCGA-D5-5539-01A-01R-1653-07,0.8474043176697265,1
TCGA-HZ-A4BK-01A-11R-A26U-07,0.4461558191454679,1
TCGA-13-1489-01A-01R-1565-13,0.9206167286862005,1
TCGA-A2-A04P-01A-31R-A034-07,0.8515188070863544,1
TCGA-IA-A40Y-01A-11R-A24Z-07,0.752105266376011,1
TCGA-21-5783-01A-41R-2187-07,0.7814797715189241,1
TCGA-A6-2675-01A-02R-1723-07,0.6003804132779378,1
TCGA-B9-7268-01A-11R-A32Z-07,0.3573727292538379,1
TCGA-BP-4777-01A-01R-1289-07,0.44682688122390884,1
TCGA-BP-4988-01A-01R-1334-07,0.3488696453229765,1
TCGA-2J-AABF-01A-31R-A41B-07,0.5249796115559655,1
TCGA-56-8201-01A-11R-2247-07,0.7955978176891337,1
TCGA-24-2035-01A-01R-1568-13,0.8618812752387965,1
TCGA-A1-A0SP-01A-11R-A084-07,0.6906906811935597,1
TCGA-BC-A10S-01A-22R-A131-07,0.6372827773210437,1
TCGA-HC-7738-01A-11R-2118-07,0.6351693308718167,1
TCGA-IA-A83S-01A-11R-A355-07,0.40197467313065854,0
TCGA-HZ-7920-01A-11R-2204-07,0.3480125852595482,1
TCGA-AA-3529-01A-02R-0821-07,0.8690453705855026,1
TCGA-D8-A1XJ-01A-11R-A14M-07,0.8538680587892507,1
TCGA-5X-AA5U-01A-11R-A406-31,0.7992166488634054,1
TCGA-3Z-A93Z-01A-11R-A37O-07,0.5108490483163037,1
TCGA-E9-A227-01A-11R-A157-07,0.7587125498504522,1
TCGA-B0-4843-01A-01R-1277-07,0.3628737212307001,0
TCGA-BH-A8G0-01A-11R-A352-07,0.25935950023652066,1
TCGA-FV-A3R2-01A-11R-A22L-07,0.8280976591862592,1
TCGA-CZ-4854-01A-01R-1305-07,0.7319986646324803,1
TCGA-04-1348-01A-01R-1565-13,0.8803103077534139,1
TCGA-38-4625-01A-01R-1206-07,0.927497557486222,1
TCGA-A3-A6NJ-01A-12R-A33J-07,0.609731514834697,1
TCGA-BH-A0C3-01A-21R-A12P-07,0.868304963565367,1
TCGA-58-8388-01A-11R-2326-07,0.6182294163600713,1
TCGA-NH-A50T-01A-11R-A28H-07,0.8690380517009221,1
TCGA-LL-A5YN-01A-11R-A28M-07,0.2592809886855127,0
TCGA-A2-A0ET-01A-31R-A034-07,0.8182432658747771,1
TCGA-GM-A2DO-01A-11R-A18M-07,0.323730425393513,0
TCGA-A7-A0CH-01A-21R-A00Z-07,0.7099618546681102,1
TCGA-2Y-A9GT-01A-11R-A38B-07,0.8634587160978884,1
TCGA-B3-4104-01A-02R-1351-07,0.899999494559447,1
TCGA-GM-A5PV-01A-11R-A28M-07,0.443553379431485,1
TCGA-29-1711-01A-01R-1567-13,0.8747798923686053,1
TCGA-AO-A1KS-01A-11R-A13Q-07,0.700196672510186,0
TCGA-AO-A12G-01A-11R-A10J-07,0.8505801577479075,1
TCGA-HZ-8002-01A-11R-2204-07,0.43548040013521555,0
TCGA-22-5492-01A-01R-1635-07,0.8281112287590943,1
TCGA-G4-6625-01A-21R-1774-07,0.6082985449320001,1
TCGA-L5-A4OF-01A-11R-A260-31,0.7677300517301796,1
TCGA-55-A48Y-01A-11R-A24H-07,0.8235729490642197,0
TCGA-A2-A0YD-01A-11R-A109-07,0.4809653298366885,1
TCGA-13-0801-01A-01R-1564-13,0.7084726052044535,1
TCGA-B4-5843-01A-11R-1672-07,0.7056125533145253,1
TCGA-AY-A69D-01A-11R-A37K-07,0.8349916913141682,0
TCGA-CJ-4899-01A-01R-1334-07,0.5167884348233521,1
TCGA-YL-A8S9-01A-11R-A37L-07,0.6515305250813782,1
TCGA-55-1596-01A-01R-0946-07,0.8545983402796461,1
TCGA-UB-AA0V-01A-11R-A38B-07,0.7289503469912466,1
TCGA-BH-A0HY-01A-11R-A056-07,0.9146633559926162,1
TCGA-64-1676-01A-01R-0946-07,0.5454888265833813,0
TCGA-A8-A09R-01A-11R-A00Z-07,0.7931469578773319,0
TCGA-D8-A1Y2-01A-11R-A157-07,0.8139746759079636,1
TCGA-5P-A9JY-01A-11R-A42S-07,0.41042912799775244,1
TCGA-AR-A1AI-01A-11R-A12P-07,0.6061352324852344,1
TCGA-56-7823-01B-11R-2247-07,0.8560210792150916,1
TCGA-O2-A52V-01A-31R-A262-07,0.7743884356534614,1
TCGA-B0-4816-01A-01R-1503-07,0.7200777765520551,1
TCGA-MH-A55W-01A-11R-A26U-07,0.7458891329855802,1
TCGA-AN-A0FD-01A-11R-A034-07,0.7040559712297964,1
TCGA-3A-A9IB-01A-21R-A39D-07,0.5014222432079194,1
TCGA-P4-A5EA-01A-11R-A28H-07,0.4967603673420271,1
TCGA-XV-A9VZ-01A-11R-A38C-07,0.8894503637485497,0
TCGA-BC-A10U-01A-11R-A131-07,0.8006598067672834,0
TCGA-B6-A0I9-01A-11R-A034-07,0.9188191907343259,0
TCGA-B0-5119-01A-02R-1420-07,0.5018151345146692,0
TCGA-AR-A2LR-01A-12R-A18M-07,0.7849676066680721,0
TCGA-22-5472-01A-01R-1635-07,0.4591030654691733,1
TCGA-GI-A2C8-01A-11R-A16F-07,0.9096396948972956,0
TCGA-44-2666-01A-01R-0946-07,0.8792715781806825,1
TCGA-25-1632-01A-01R-1566-13,0.835427385274812,1
TCGA-78-7540-01A-11R-2066-07,0.5786168484141911,1
TCGA-BH-A0AV-01A-31R-A115-07,0.5839908320604921,1
TCGA-AA-3845-01A-01R-1022-07,0.8253781700386028,1
TCGA-78-8655-01A-11R-2403-07,0.8230554060129909,1
TCGA-BP-4345-01A-01R-1289-07,0.35779268509740936,1
TCGA-98-A539-01A-31R-A262-07,0.7320591524604444,0
TCGA-50-6594-01A-11R-1755-07,0.9362922290839385,1
TCGA-49-AARN-01A-21R-A41B-07,0.48159429962368894,1
TCGA-A3-3358-01A-01R-1541-07,0.6572889097502692,1
TCGA-13-1483-01A-01R-1565-13,0.8548200415156626,0
TCGA-KK-A7B2-01A-12R-A32O-07,0.07635179933814017,1
TCGA-49-AAQV-01A-11R-A39D-07,0.8018656433448992,0
TCGA-EV-5902-01A-11R-1592-07,0.6523220719663926,0
TCGA-AC-A6IX-01A-12R-A32P-07,0.7898472155582857,1
TCGA-BW-A5NQ-01A-11R-A27V-07,0.7979956518205717,0
TCGA-B6-A0WW-01A-11R-A109-07,0.8126012883410055,0
TCGA-R6-A8W8-01B-11R-A37I-31,0.9184672021706554,1
TCGA-XV-AAZW-01A-12R-A40A-07,0.6693032287218766,0
TCGA-BP-4173-01A-02R-1289-07,0.368528019307659,1
TCGA-HZ-A49G-01A-11R-A26U-07,0.3544108012804377,0
TCGA-22-1012-01A-01R-0692-07,0.9043958368254106,1
TCGA-BH-A0C7-01B-11R-A115-07,0.8568468834541869,1
TCGA-CC-A7IL-01A-11R-A33R-07,0.8748660628851554,1
TCGA-E9-A1RA-01A-11R-A14D-07,0.6791915398207351,1
TCGA-YL-A8HM-01A-11R-A36G-07,0.8113123576570764,0
TCGA-AC-A3HN-01A-11R-A213-07,0.35769432753111574,1
TCGA-D8-A1X8-01A-11R-A14M-07,0.7003251301565653,1
TCGA-78-7159-01A-11R-2039-07,0.7392416428917026,1
TCGA-AR-A1AK-01A-21R-A12P-07,0.7962061872348236,1
TCGA-Y8-A8RY-01A-11R-A37K-07,0.3804160485152661,1
TCGA-DD-AAED-01A-12R-A41C-07,0.846705279594601,1
TCGA-AN-A0XV-01A-11R-A109-07,0.9140403524315802,1
TCGA-BP-4775-01A-01R-1289-07,0.6073072336378124,1
TCGA-24-1556-01A-01R-1566-13,0.7746372297306033,1
TCGA-44-6148-01A-11R-1755-07,0.7371019693040174,1
TCGA-DD-A3A9-01A-11R-A266-07,0.8548576688454577,0
TCGA-XK-AAJU-01A-11R-A41O-07,0.4156764073903953,1
TCGA-A6-3809-01B-04R-A277-07,0.731728745340401,1
TCGA-UZ-A9PO-01A-11R-A38C-07,0.3023892557850835,0
TCGA-05-4398-01A-01R-1206-07,0.8572081309061111,0
TCGA-AK-3436-01A-02R-1325-07,0.7819986667540058,1
TCGA-D9-A4Z2-01A-11R-A24X-07,0.45554388311183464,1
TCGA-44-8119-01A-11R-2241-07,0.8316572120711963,1
TCGA-EB-A97M-01A-11R-A38C-07,0.30662646646206354,1
TCGA-YL-A8HK-01A-11R-A36G-07,0.7351649463706074,1
TCGA-GL-A59T-01A-21R-A28H-07,0.2054612119121713,1
TCGA-90-7767-01A-11R-2125-07,0.7826221191110742,1
TCGA-DV-5568-01A-01R-1541-07,0.3980001323725403,1
TCGA-A4-A5Y0-01A-11R-A31O-07,0.5944047150019072,0
TCGA-BF-A1PZ-01A-11R-A18S-07,0.5496092805423984,1
TCGA-2J-AAB4-01A-12R-A41B-07,0.6245167547728031,0
TCGA-AC-A8OQ-01A-11R-A41B-07,0.8006934347510588,1
TCGA-DD-AACT-01A-11R-A41C-07,0.8891340192332405,0
TCGA-18-3412-01A-01R-0980-07,0.8098923760479414,1
TCGA-A2-A4S2-01A-12R-A266-07,0.7239338493598013,0
TCGA-H9-A6BY-01A-11R-A30B-07,0.26362066725024047,0
TCGA-DW-7837-01A-11R-2139-07,0.29292906131359575,1
TCGA-AA-3552-01A-01R-0821-07,0.7560977544824479,1
TCGA-UZ-A9PN-01A-11R-A38C-07,0.7664424990386146,1
TCGA-NC-A5HO-01A-11R-A26W-07,0.7005785622694624,1
TCGA-B8-A8YJ-01A-13R-A39I-07,0.31666122972497296,1
TCGA-A2-A04Q-01A-21R-A034-07,0.6390520289769152,1
TCGA-HC-A6AQ-01A-11R-A30B-07,0.20936652278766696,1
TCGA-DV-A4VX-01A-11R-A266-07,0.776909191086799,1
TCGA-FC-A6HD-01A-11R-A31N-07,0.6569633426869761,0
TCGA-F2-A44G-01A-11R-A26U-07,0.7320359037400702,0
TCGA-AZ-4681-01A-01R-1410-07,0.7671824351264699,1
TCGA-VP-A87J-01A-11R-A352-07,0.9084408482825549,0
TCGA-C8-A8HQ-01A-11R-A36F-07,0.784798379071466,0
TCGA-YJ-A8SW-01A-11R-A37L-07,0.939529849534925,1
TCGA-63-7020-01A-11R-1949-07,0.40519978031575515,0
TCGA-66-2754-01A-01R-0980-07,0.8036988037245955,1
TCGA-04-1343-01A-01R-1564-13,0.7700119961139841,1
TCGA-KK-A7AV-01A-11R-A32O-07,0.19504451308342238,1
TCGA-HC-A632-01A-11R-A29R-07,0.8209426188189057,0
TCGA-DD-AACE-01A-11R-A41C-07,0.7503930768861992,0
TCGA-23-1809-01A-01R-1566-13,0.8585600724385821,1
TCGA-JY-A939-01A-12R-A37I-31,0.8107642193652731,1
TCGA-25-1627-01A-01R-1566-13,0.7819268780635971,1
TCGA-IB-AAUP-01A-11R-A37L-07,0.36701700902014595,1
TCGA-RC-A6M3-01A-11R-A32O-07,0.7136364358829829,1
TCGA-E9-A1RH-01A-21R-A169-07,0.841886799193004,0
TCGA-KK-A8IH-01A-11R-A36G-07,0.7975377570260266,1
TCGA-AA-3869-01A-01R-1022-07,0.8875821347546804,0
TCGA-B0-5116-01A-02R-1420-07,0.6143041596273393,1
TCGA-GF-A2C7-01A-11R-A18T-07,0.6044427221954529,1
TCGA-BH-A5J0-01A-11R-A27Q-07,0.4613647532551473,1
TCGA-66-2727-01A-01R-0980-07,0.6675685106343429,1
TCGA-CM-6163-01A-11R-1653-07,0.3667955406295041,1
TCGA-55-A490-01A-11R-A466-07,0.9351065418485238,0
TCGA-AA-3976-01A-01R-1022-07,0.5689282132444837,1
TCGA-A6-2679-01A-02R-1410-07,0.7070045762355724,0
TCGA-BP-5182-01A-01R-1426-07,0.32454934340447,1
TCGA-56-8083-01A-11R-2247-07,0.8936818911662024,1
TCGA-55-8299-01A-11R-2287-07,0.758263100117839,0
TCGA-LN-A8I1-01A-11R-A36D-31,0.8105430695836172,0
TCGA-SX-A7SU-01A-11R-A36F-07,0.38537379359315627,1
TCGA-E9-A295-01A-11R-A16F-07,0.8209340835076616,1
TCGA-EJ-7218-01B-11R-A32O-07,0.6969426156701227,1
TCGA-E2-A2P5-01A-11R-A19W-07,0.8666999295676077,1
TCGA-A2-A0ES-01A-11R-A115-07,0.25750194249920694,1
TCGA-CK-5916-01A-11R-1653-07,0.8039160334413823,1
TCGA-EJ-A65E-01A-11R-A29R-07,0.9092836176319403,0
TCGA-OL-A66K-01A-11R-A29R-07,0.6628167852345282,1
TCGA-44-6774-01A-21R-1858-07,0.4725862329056896,1
TCGA-V1-A9Z7-01A-11R-A41O-07,0.8199604878267379,1
TCGA-ER-A196-01A-11R-A18T-07,0.7368516691609724,1
TCGA-2J-AABI-01A-12R-A41B-07,0.6744490239522876,1
TCGA-GJ-A9DB-01A-11R-A37K-07,0.9082077149587433,1
TCGA-A8-A0A7-01A-11R-A00Z-07,0.6961624246068107,1
TCGA-L5-A4ON-01A-11R-A260-31,0.5769229655506364,1
TCGA-F4-6806-01A-11R-1839-07,0.5248726810971662,0
TCGA-66-2792-01A-01R-0980-07,0.6011796744821705,1
TCGA-A8-A08R-01A-11R-A034-07,0.8742732698040978,1
TCGA-E2-A1LH-01A-11R-A14D-07,0.5971653151483163,1
TCGA-24-1550-01A-01R-1566-13,0.8609472562972753,0
TCGA-44-7660-01A-11R-2066-07,0.9151705429749392,1
TCGA-85-A53L-01A-21R-A26W-07,0.9314815456399678,0
TCGA-MR-A8JO-01A-12R-A36F-07,0.6921578640976264,1
TCGA-44-5643-01A-01R-1628-07,0.6564712511748729,1
TCGA-90-6837-01A-11R-1949-07,0.8231015730666806,0
TCGA-DD-AAC9-01A-11R-A41C-07,0.6624913743494305,0
TCGA-BH-A203-01A-12R-A169-07,0.9090517602179912,1
TCGA-B8-4146-01B-11R-1672-07,0.038836095862993615,1
TCGA-24-1430-01A-01R-1566-13,0.7456030687275752,1
TCGA-BH-A5IZ-01A-11R-A27Q-07,0.7718460951185517,1
TCGA-78-7633-01A-11R-2066-07,0.6774476374021374,1
TCGA-A6-2686-01A-01R-A32Z-07,0.7725053398339394,1
TCGA-NC-A5HF-01A-11R-A26W-07,0.7779171259993245,1
TCGA-BQ-5882-01A-11R-1592-07,0.8482520480754062,1
TCGA-IB-AAUM-01A-11R-A37L-07,0.32257140422896874,1
TCGA-BF-AAP7-01A-11R-A40A-07,0.14397013346677398,1
TCGA-NJ-A4YG-01A-22R-A262-07,0.7754768198445169,0
TCGA-AA-3846-01A-01R-1022-07,0.5420704410583079,1
TCGA-UN-AAZ9-01A-11R-A38C-07,0.37241289559593665,0
TCGA-HC-A76X-01A-11R-A33R-07,0.581945328019519,1
TCGA-25-2042-01A-01R-1568-13,0.6990616263661213,1
TCGA-F4-6459-01A-11R-1774-07,0.7393667019741075,1
TCGA-A7-A13F-01A-11R-A12P-07,0.7618577920094037,0
TCGA-A2-A0CP-01A-11R-A034-07,0.5238938227362797,1
TCGA-KK-A5A1-01A-11R-A29R-07,0.823948337859672,0
TCGA-F2-6879-01A-11R-2156-07,0.5874037798000202,1
TCGA-A8-A099-01A-11R-A00Z-07,0.8228776686318242,1
TCGA-DD-AADP-01A-11R-A39D-07,0.8176062625110975,1
TCGA-A6-5657-01A-01R-A32Z-07,0.7683855284539607,1
TCGA-A8-A09M-01A-11R-A00Z-07,0.7711897203084599,1
TCGA-CH-5744-01A-11R-1580-07,0.7052939560427611,1
TCGA-43-6771-01A-11R-1820-07,0.7056264190397489,1
TCGA-LN-A4A5-01A-21R-A260-31,0.5624791426393959,1
TCGA-BH-A0BZ-01A-31R-A12P-07,0.7021075004910243,0
TCGA-05-4395-01A-01R-1206-07,0.5986832071935831,1
TCGA-BP-5178-01A-01R-1426-07,0.7249669918902413,1
TCGA-B6-A0RI-01A-11R-A056-07,0.8485052450537873,0
TCGA-63-A5MB-01A-11R-A26W-07,0.8572245101890574,1
TCGA-AQ-A04J-01A-02R-A034-07,0.5664715679160087,1
TCGA-77-8133-01A-12R-2247-07,0.8181650931719436,0
TCGA-B0-5399-01A-01R-1503-07,0.7511476270286152,1
TCGA-B8-A54I-01A-21R-A33J-07,0.42036509181641507,1
TCGA-61-1910-01A-01R-1567-13,0.753755872210179,1
TCGA-A8-A07R-01A-21R-A034-07,0.9392428218468736,1
TCGA-CJ-4905-01A-02R-1426-07,0.23538232375624954,1
TCGA-AA-3525-01A-02R-0826-07,0.5286976386177727,1
TCGA-78-8662-01A-11R-2403-07,0.8373493725717945,1
TCGA-B6-A0IB-01A-11R-A034-07,0.5458410570108058,0
TCGA-EJ-7328-01A-31R-2118-07,0.40226416242172847,1
TCGA-BQ-5875-01A-11R-1592-07,0.7296794307629965,1
TCGA-IB-7649-01A-11R-2156-07,0.182528976264552,0
TCGA-49-4494-01A-01R-1206-07,0.5093206147170104,1
TCGA-AR-A24P-01A-11R-A169-07,0.5850941150128085,1
TCGA-AA-3542-01A-02R-1873-07,0.3272278811813395,0
TCGA-DM-A28H-01A-11R-A16W-07,0.7177258529046548,0
TCGA-O2-A5IB-01A-11R-A27Q-07,0.6062495519117028,0
TCGA-A8-A06X-01A-21R-A00Z-07,0.9270057035361091,1
TCGA-BH-A28O-01A-11R-A22K-07,0.09149929851352584,1
TCGA-EJ-7115-01A-11R-2118-07,0.3918817274874442,1
TCGA-DW-5560-01A-01R-1592-07,0.4577924647697492,1
TCGA-29-1703-01A-01R-1567-13,0.8533976707516032,1
TCGA-AA-3680-01A-01R-0905-07,0.47878702371225423,1
TCGA-CC-A8HU-01A-11R-A36F-07,0.8091810711318241,1
TCGA-D8-A27P-01A-11R-A16F-07,0.7297889370922946,1
TCGA-3P-A9WA-01A-11R-A406-31,0.8070113815279992,0
TCGA-BH-A1F6-01A-11R-A13Q-07,0.7521468681949797,1
TCGA-63-5128-01A-01R-1443-07,0.8126335052234773,0
TCGA-RC-A7SF-01A-11R-A352-07,0.874817752113394,0
TCGA-BH-A202-01A-11R-A14M-07,0.7957397016861772,1
TCGA-DD-AAD8-01A-11R-A41C-07,0.7209062093592875,1
TCGA-EU-5904-01A-11R-1672-07,0.19022297835306914,1
TCGA-55-8508-01A-11R-2403-07,0.7257844705858002,1
TCGA-B3-A6W5-01A-12R-A33Z-07,0.6659312160208926,0
TCGA-78-7155-01A-11R-2039-07,0.8586178075161046,1
TCGA-24-2297-01A-01R-1568-13,0.8473285299192482,0
TCGA-A8-A09W-01A-11R-A00Z-07,0.8200292206471116,1
TCGA-B9-4617-01A-01R-1193-07,0.6268558243534167,0
TCGA-A8-A09B-01A-11R-A00Z-07,0.6766249350436908,1
TCGA-JY-A6FA-01A-11R-A336-31,0.8571034113467302,1
TCGA-97-A4M1-01A-11R-A24X-07,0.4222883784833435,0
TCGA-GL-A9DD-01A-11R-A37K-07,0.3842653192174235,1
TCGA-A3-A6NN-01A-12R-A33J-07,0.22973564025442667,1
TCGA-18-3416-01A-01R-0980-07,0.7859817665489861,1
TCGA-EJ-5515-01A-01R-1580-07,0.06857175099263985,1
TCGA-D5-6539-01A-11R-1723-07,0.4623835622201786,1
TCGA-BH-A18N-01A-11R-A12D-07,0.7279145209091002,0
TCGA-BP-4167-01A-02R-1325-07,0.5714958391859971,1
TCGA-A2-A0CR-01A-11R-A22K-07,0.05692685721798504,1
TCGA-56-8628-01A-11R-2403-07,0.6850777277491205,1
TCGA-55-8621-01A-11R-2403-07,0.6213797793553019,1
TCGA-CC-A7II-01A-11R-A33J-07,0.8505301908806474,1
TCGA-85-6560-01A-11R-1820-07,0.8613986642275391,1
TCGA-AR-A24W-01A-11R-A169-07,0.2218868269717833,1
TCGA-85-6175-01A-11R-1820-07,0.30801228237370626,1
TCGA-86-7954-01A-11R-2187-07,0.8100040655182014,1
TCGA-CC-A9FS-01A-11R-A37K-07,0.8580330580350789,1
TCGA-25-1870-01A-01R-1567-13,0.8549748188084759,1
TCGA-63-7022-01A-11R-1949-07,0.5906656708447016,1
TCGA-R6-A6KZ-01A-11R-A31P-31,0.7982665402359483,1
TCGA-AA-3562-01A-02R-0821-07,0.7204227575660302,1
TCGA-D5-6541-01A-11R-1723-07,0.7832711880700373,1
TCGA-PJ-A5Z8-01A-11R-A28H-07,0.7660815036936262,0
TCGA-BP-5010-01A-02R-1420-07,0.5900230134873743,0
TCGA-66-2790-01A-01R-0980-07,0.8455117188362703,1
TCGA-AL-A5DJ-01A-11R-A26U-07,0.8239631556075586,1
TCGA-AR-A0TR-01A-11R-A084-07,0.6781713855472918,0
TCGA-AA-3979-01A-01R-1022-07,0.5989732772201024,1
TCGA-A1-A0SJ-01A-11R-A084-07,0.8599297638092852,1
TCGA-AO-A0JA-01A-11R-A056-07,0.8799152528091218,1
TCGA-86-A4JF-01A-11R-A24X-07,0.8146964154701657,1
TCGA-Z6-A8JD-01A-11R-A36D-31,0.7291152348919087,1
TCGA-92-7341-01A-31R-2045-07,0.7008253041708589,1
TCGA-E2-A15O-01A-11R-A115-07,0.868188635436307,0
TCGA-V1-A9O9-01A-11R-A41O-07,0.6267040937450672,1
TCGA-67-6215-01A-11R-1755-07,0.7824101091281158,0
TCGA-AY-6386-01A-21R-1723-07,0.6515050489832178,1
TCGA-LN-A4A3-01A-11R-A260-31,0.6948252531550935,1
TCGA-44-6778-01A-11R-1858-07,0.6606555399917116,0
TCGA-RU-A8FL-01A-11R-A37K-07,0.7525995247028261,1
TCGA-G3-AAV1-01A-11R-A38B-07,0.769052842178048,0
TCGA-CH-5745-01A-11R-1580-07,0.7421108041997928,0
TCGA-85-8580-01A-31R-2403-07,0.7586453597458391,1
TCGA-AK-3454-01A-02R-1277-07,0.04780097989560877,1
TCGA-M7-A722-01A-12R-A36G-07,0.5391650741769162,1
TCGA-3A-A9IN-01A-11R-A39D-07,0.6903672196279361,1
TCGA-49-4501-01A-01R-1206-07,0.4742595309969268,1
TCGA-44-7667-01A-31R-2066-07,0.7794909583040818,1
TCGA-86-7714-01A-12R-2170-07,0.800940065803269,1
TCGA-34-5929-01A-11R-1820-07,0.832686538410038,0
TCGA-BC-A10R-01A-11R-A131-07,0.8599778901459292,1
TCGA-39-5027-01A-21R-1820-07,0.7649431259019862,1
TCGA-AA-A00E-01A-01R-A002-07,0.9020757870960708,1
TCGA-22-5473-01A-01R-1635-07,0.7084499595989846,0
TCGA-LL-A7T0-01A-31R-A352-07,0.6633651151214532,1
TCGA-13-1410-01A-01R-1565-13,0.8265142194687388,1
TCGA-G9-6377-01A-11R-1965-07,0.5268437758453297,1
TCGA-EJ-7784-01A-11R-2118-07,0.4317795746335841,1
TCGA-51-4081-01A-01R-1100-07,0.6858054399622956,0
TCGA-5P-A9JW-01A-11R-A42S-07,0.5221934085541061,0
TCGA-DV-5567-01A-01R-1541-07,0.4132574123705773,1
TCGA-BH-A1FU-01A-11R-A14D-07,0.6817627087807131,0
TCGA-AR-A1AR-01A-31R-A137-07,0.5230160419312754,1
TCGA-43-7658-01A-11R-2125-07,0.7654452272941495,1
TCGA-BF-A1PU-01A-11R-A18S-07,0.5044506372013382,0
TCGA-CM-6171-01A-11R-1653-07,0.7814033640765572,1
TCGA-EW-A1J2-01A-21R-A13Q-07,0.18125897538762878,1
TCGA-UB-A7MF-01A-11R-A33J-07,0.8270143592637067,0
TCGA-DD-AAD0-01A-11R-A41C-07,0.8631613492626363,0
TCGA-85-6561-01A-11R-1820-07,0.4535876639418056,1
TCGA-G9-6367-01A-11R-1789-07,0.33276540445095376,1
TCGA-DM-A1D9-01A-11R-A155-07,0.4345881105395768,1
TCGA-EJ-7783-01A-11R-2118-07,0.13990398801226786,1
TCGA-33-AASD-01A-11R-A405-07,0.8125807361119505,1
TCGA-97-8177-01A-11R-2287-07,0.8097019069633354,1
TCGA-NH-A6GA-01A-11R-A37K-07,0.705548440601195,0
TCGA-BH-A1FC-01A-11R-A13Q-07,0.6695952016180211,1
TCGA-BP-4165-01A-02R-1289-07,0.5061234092399768,1
TCGA-AA-A02R-01A-01R-A00A-07,0.6765590211922677,1
TCGA-AD-6899-01A-11R-1928-07,0.7602187955088738,1
TCGA-LN-A4MQ-01A-11R-A28J-31,0.67847856079924,1
TCGA-KK-A59Z-01A-12R-A26U-07,0.8585632617464091,1
TCGA-MI-A75H-01A-11R-A32O-07,0.897062690973354,0
TCGA-38-4630-01A-01R-1206-07,0.8610143415775322,1
TCGA-EP-A3RK-01A-11R-A22L-07,0.8391787277927669,1
TCGA-5C-A9VG-01A-11R-A37K-07,0.9396577739842211,1
TCGA-BH-A0E7-01A-11R-A034-07,0.8004012416780497,1
TCGA-AA-3956-01A-02R-1022-07,0.7135713627927893,0
TCGA-HC-8216-01A-11R-A29R-07,0.7710242652139572,1
TCGA-EJ-5519-01A-01R-1580-07,0.7713143959327703,1
TCGA-AA-3949-01A-01R-1022-07,0.6412423002513766,0
TCGA-B0-5121-01A-02R-1420-07,0.5257275427054625,1
TCGA-10-0926-01A-01R-1564-13,0.8959679392232872,1
TCGA-AK-3451-01A-02R-1188-07,0.34243265236160314,1
TCGA-A8-A085-01A-11R-A00Z-07,0.9399935099254096,0
TCGA-BH-A18M-01A-11R-A12D-07,0.7702722535003182,1
TCGA-G4-6315-01A-11R-1723-07,0.44392040712289715,1
TCGA-MP-A4TE-01A-22R-A466-07,0.4874546639192445,1
TCGA-EB-A4IS-01A-21R-A266-07,0.5264692357820294,1
TCGA-AN-A0AS-01A-11R-A00Z-07,0.6937861056318091,1
TCGA-CW-5583-01A-02R-1541-07,0.1500000759554303,1
TCGA-BH-A18T-01A-11R-A12D-07,0.6843147386690186,0
TCGA-E9-A22E-01A-11R-A157-07,0.7655072417609585,1
TCGA-A2-A1FW-01A-11R-A13Q-07,0.9326864274809792,1
TCGA-H6-A45N-01A-11R-A26U-07,0.38785867613833225,1
TCGA-A2-A0SW-01A-11R-A084-07,0.8806424282461819,0
TCGA-B0-5712-01A-11R-1672-07,0.793880328636405,1
TCGA-85-8277-01A-11R-2296-07,0.8909587067576871,1
TCGA-E2-A1II-01A-11R-A144-07,0.6564888574105993,1
TCGA-24-2267-01A-01R-1568-13,0.7593549011173217,1
TCGA-77-8131-01A-11R-2247-07,0.6091304992213727,1
TCGA-3A-A9IZ-01A-12R-A41B-07,0.5247040946623888,0
TCGA-55-7816-01A-11R-2170-07,0.7477275772244605,1
TCGA-AA-3509-01A-01R-1410-07,0.6439175499003224,1
TCGA-25-1322-01A-01R-1565-13,0.786707976789932,1
TCGA-35-5375-01A-01R-1628-07,0.40855026160806845,1
TCGA-CJ-4918-01A-01R-1426-07,0.776814428724975,1
TCGA-ED-A66X-01A-11R-A311-07,0.6559423758715164,1
TCGA-FV-A3I0-01A-11R-A22L-07,0.9058926334063273,0
TCGA-AO-A0JG-01A-31R-A084-07,0.8551052809508651,1
TCGA-XJ-A9DK-01A-11R-A37L-07,0.6587980134856949,1
TCGA-BH-A0BT-01A-11R-A12P-07,0.5848728992810484,1
TCGA-29-1783-01A-01R-1567-13,0.8217085470022514,0
TCGA-QG-A5Z1-01A-11R-A28H-07,0.6084673325001299,1
TCGA-F4-6805-01A-11R-1839-07,0.6396203743505711,1
TCGA-18-4086-01A-01R-1100-07,0.5203853130339584,1
TCGA-99-8028-01A-11R-2241-07,0.27206577181238434,1
TCGA-B0-5109-01A-02R-1420-07,0.8248034064051075,1
TCGA-E2-A1B6-01A-31R-A12P-07,0.3889983503602064,1
TCGA-S4-A8RM-01A-11R-A37L-07,0.6275793833267074,1
TCGA-49-4486-01A-01R-1206-07,0.42494436390097096,1
TCGA-E9-A248-01A-11R-A169-07,0.8866589196776206,1
TCGA-IB-AAUR-01A-21R-A38C-07,0.020944243071010508,1
TCGA-BC-A69I-01A-11R-A311-07,0.8334519088983626,1
TCGA-AC-A23G-01A-11R-A213-07,0.15414986580950685,0
TCGA-DD-AADG-01A-11R-A41C-07,0.8314012795086686,0
TCGA-A8-A08S-01A-11R-A034-07,0.8388172808148747,1
TCGA-D8-A27G-01A-11R-A16F-07,0.835225359987559,1
TCGA-A2-A0YT-01A-11R-A109-07,0.7926290451653834,1
TCGA-2H-A9GH-01A-11R-A37I-31,0.8728215799184478,1
TCGA-GM-A4E0-01A-12R-A266-07,0.42762979018983,1
TCGA-86-8358-01A-11R-2326-07,0.677199676167115,1
TCGA-39-5034-01A-01R-1443-07,0.7152139748049878,1
TCGA-E9-A1N3-01A-12R-A157-07,0.6995249155397648,1
TCGA-91-8496-01A-11R-2403-07,0.46075754092325527,1
TCGA-KC-A7FE-01A-12R-A33R-07,0.24237932942278925,1
TCGA-04-1655-01A-01R-1566-13,0.8898452411891618,1
TCGA-A4-7584-01A-11R-2139-07,0.6197263211255648,1
TCGA-HZ-7918-01A-11R-2156-07,0.3917054673722534,1
TCGA-AK-3440-01A-02R-1277-07,0.6552689192035197,0
TCGA-CZ-4857-01A-01R-1305-07,0.7995553340106593,1
TCGA-B9-4116-01A-02R-1351-07,0.8488765540100933,1
TCGA-DZ-6133-01A-11R-1965-07,0.33097720267880715,0
TCGA-J9-A52E-01A-11R-A26U-07,0.8490283160764649,1
TCGA-ER-A2NB-01A-12R-A18S-07,0.33091060371847664,1
TCGA-A3-3346-01A-01R-1766-07,0.4542912040369028,1
TCGA-3A-A9IO-01A-11R-A38C-07,0.7873470840118981,1
TCGA-BP-4325-01A-02R-1289-07,0.5215272702485305,1
TCGA-IB-7889-01A-11R-2156-07,0.42134222742663496,0
TCGA-A8-A07F-01A-11R-A00Z-07,0.6029026190411519,1
TCGA-78-7162-01A-21R-2066-07,0.5182625265620951,1
TCGA-IB-7644-01A-11R-2156-07,0.374546980522005,0
TCGA-36-1569-01A-01R-1566-13,0.680259631569843,0
TCGA-52-7622-01A-11R-2125-07,0.622539259152766,1
TCGA-69-8453-01A-12R-2326-07,0.502125567973077,1
TCGA-OL-A66N-01A-12R-A31O-07,0.4941656970071109,1
TCGA-CC-A9FV-01A-11R-A37K-07,0.7401824706312966,1
TCGA-XD-AAUI-01A-42R-A41B-07,0.7131366436611155,1
TCGA-GM-A2DN-01A-11R-A180-07,0.493264394272186,0
TCGA-G3-A3CK-01A-11R-A213-07,0.5867102131827194,0
TCGA-BP-4771-01A-01R-1289-07,0.1748214968613985,0
TCGA-DD-AACO-01A-11R-A41C-07,0.7918159718770978,1
TCGA-75-7031-01A-11R-1949-07,0.8872492860577476,1
TCGA-24-1552-01A-01R-1566-13,0.697821078358017,1
TCGA-85-8287-01A-11R-2296-07,0.7736577511425492,0
TCGA-AY-6197-01A-11R-1723-07,0.9079483679044538,1
TCGA-96-A4JK-01A-11R-A24Z-07,0.7346833459698833,1
TCGA-C8-A12Z-01A-11R-A115-07,0.8299955908500319,1
TCGA-E9-A3Q9-01A-11R-A21T-07,0.8190297648764435,1
TCGA-AC-A8OR-01A-21R-A41B-07,0.5096202600151208,1
TCGA-44-5644-01A-21R-2039-07,0.8640115972916701,1
TCGA-A2-A0T3-01A-21R-A115-07,0.9239046579825467,1
TCGA-A4-8098-01A-11R-2404-07,0.7854771908936532,1
TCGA-EB-A82C-01A-11R-A352-07,0.6708420843058293,0
TCGA-DM-A1D0-01A-11R-A155-07,0.8350154372772042,1
TCGA-BF-AAP1-01A-11R-A39D-07,0.45021078418326005,1
TCGA-S3-AA12-01A-11R-A41B-07,0.8015155314359276,0
TCGA-24-2024-01A-02R-1568-13,0.6742711637130019,1
TCGA-24-2026-01A-01R-1567-13,0.8999072240010406,1
TCGA-G7-6796-01A-11R-1965-07,0.33169379335977534,1
TCGA-AL-3473-01A-01R-1193-07,0.47239305331854925,1
TCGA-Y8-A894-01A-11R-A36F-07,0.6488796575529793,1
TCGA-22-5483-01A-01R-1820-07,0.7874529788286052,1
TCGA-CJ-4644-01A-02R-1325-07,0.5694518039606892,1
TCGA-22-5489-01A-01R-1635-07,0.5541082280827314,1
TCGA-D8-A1JP-01A-11R-A13Q-07,0.8709937084124958,0
TCGA-B9-A5W9-01A-11R-A28H-07,0.5098179863776758,1
TCGA-13-0886-01A-01R-1569-13,0.8366439382481631,1
TCGA-EB-A4P0-01A-41R-A266-07,0.5613095396694108,1
TCGA-G4-6307-01A-11R-1723-07,0.7296157445238525,0
TCGA-DD-AAEH-01A-11R-A41C-07,0.8890601763401434,1
TCGA-FV-A2QQ-01A-11R-A22L-07,0.7135906128333982,0
TCGA-MP-A4SW-01A-21R-A24X-07,0.6849933667739238,1
TCGA-P4-A5ED-01A-11R-A28H-07,0.7978542997863685,1
TCGA-CA-6719-01A-11R-1839-07,0.6953285352239202,1
TCGA-AY-4071-01A-01R-1113-07,0.5487684926437905,1
TCGA-B8-4622-01A-02R-1277-07,0.621321764413706,1
TCGA-AO-A1KP-01A-11R-A13Q-07,0.6595737518627324,1
TCGA-A8-A081-01A-11R-A00Z-07,0.8474218688379168,0
TCGA-24-2262-01A-01R-1568-13,0.9062997093704851,1
TCGA-3A-A9I7-01A-21R-A38C-07,0.583513034701605,1
TCGA-A2-A0CW-01A-21R-A115-07,0.8631843091179711,1
TCGA-UZ-A9Q0-01A-12R-A42S-07,0.3374955590850802,1
TCGA-56-8082-01A-11R-2247-07,0.8903856976413008,0
TCGA-39-5019-01A-01R-1820-07,0.8860473078333226,1
TCGA-G3-A5SI-01A-31R-A27V-07,0.8733749197770159,1
TCGA-A2-A0EX-01A-21R-A034-07,0.6901606748409967,1
TCGA-AR-A2LJ-01A-12R-A19W-07,0.29196296337682126,1
TCGA-R6-A6DN-01B-11R-A31P-31,0.8491454315713747,1
TCGA-B0-4842-01A-02R-1420-07,0.6758154633346695,1
TCGA-90-A4EE-01A-11R-A24Z-07,0.6010654086996732,0
TCGA-DW-7834-01A-11R-2139-07,0.30315517467838493,1
TCGA-A3-3317-01A-02R-1325-07,0.30712165660324253,1
TCGA-LN-A7HY-01A-12R-A354-31,0.8474106646420052,0
TCGA-B0-5080-01A-01R-1503-07,0.501114031304477,1
TCGA-DD-AAW3-01A-11R-A41C-07,0.8000174017047254,1
TCGA-CM-5862-01A-01R-1653-07,0.5507999734175797,1
TCGA-G9-6494-01A-11R-1789-07,0.5620645914040819,0
TCGA-2J-AABT-01A-11R-A41B-07,0.5191051922929851,1
TCGA-AA-3693-01A-01R-0905-07,0.5035270800382942,0
TCGA-2V-A95S-01A-11R-A37K-07,0.7917646821337675,1
TCGA-44-7669-01A-21R-2066-07,0.8094757295349388,0
TCGA-BP-5008-01A-01R-1334-07,0.38286748131966225,1
TCGA-D5-6920-01A-11R-1928-07,0.6961776898399386,1
TCGA-K7-A5RG-01A-11R-A28V-07,0.7447919377871737,1
TCGA-BP-4795-01A-02R-1420-07,0.13976435057794603,1
TCGA-18-3419-01A-01R-0980-07,0.8404531521016121,0
TCGA-G9-6332-01A-11R-1789-07,0.625699245183297,1
TCGA-56-8309-01A-11R-2296-07,0.709713637679187,1
TCGA-AC-A23E-01A-11R-A157-07,0.5700152245805622,1
TCGA-BQ-7046-01A-11R-1965-07,0.22455417196290267,1
TCGA-AN-A0AT-01A-11R-A034-07,0.8767845159307696,1
TCGA-BH-A0E9-01B-11R-A115-07,0.47432710785910914,0
TCGA-AA-3663-01A-01R-1723-07,0.7885519027171768,1
TCGA-A2-A0YI-01A-31R-A10J-07,0.7217966388857253,1
TCGA-34-8456-01A-21R-2326-07,0.764400955088545,1
TCGA-AR-A1AJ-01A-21R-A12P-07,0.43529073841172267,1
TCGA-44-6145-01A-11R-1755-07,0.7204902351751097,1
TCGA-BP-4344-01A-01R-1289-07,0.44477983941614974,1
TCGA-5C-A9VH-01A-11R-A37K-07,0.6471193877445492,1
TCGA-62-8399-01A-21R-2326-07,0.8012248381302227,0
TCGA-A8-A08T-01A-21R-A00Z-07,0.8083755026542839,1
TCGA-56-7222-01A-11R-2045-07,0.7934126028943274,0
TCGA-PZ-A5RE-01A-11R-A32O-07,0.2531556184648556,1
TCGA-EJ-5509-01A-01R-1580-07,0.4940155805321574,0
TCGA-58-8392-01A-11R-2326-07,0.8152336040872707,1
TCGA-18-5595-01A-01R-1635-07,0.6929649600337842,1
TCGA-29-1695-01A-01R-1567-13,0.8403187922016138,1
TCGA-B0-4833-01A-01R-1305-07,0.3162830630484057,1
TCGA-D8-A27E-01A-11R-A16F-07,0.546520688288129,0
TCGA-BH-A209-01A-11R-A157-07,0.6475921800213583,1
TCGA-BH-A0W4-01A-11R-A109-07,0.37636158888502724,0
TCGA-DV-5565-01A-01R-1541-07,0.612083025513058,0
TCGA-94-A5I6-01A-21R-A27Q-07,0.6725117314301189,0
TCGA-61-1725-01A-01R-1567-13,0.8207969512041673,1
TCGA-B0-5098-01A-01R-1420-07,0.8012337862375721,1
TCGA-13-0905-01B-01R-1565-13,0.7942939032841785,1
TCGA-AA-3667-01A-01R-0905-07,0.13719154240592044,1
TCGA-D8-A1XC-01A-11R-A14D-07,0.7582214142060457,0
TCGA-J4-A6M7-01A-11R-A31N-07,0.743803687220457,1
TCGA-24-1544-01A-01R-1566-13,0.8680956817738448,0
TCGA-YL-A9WJ-01A-11R-A37L-07,0.6125214289920858,1
TCGA-29-1785-01A-01R-1567-13,0.852806010065086,0
TCGA-98-8020-01A-11R-2247-07,0.7733076069793651,0
TCGA-XJ-A9DQ-01A-11R-A37L-07,0.36753809512085056,0
TCGA-C8-A8HP-01A-11R-A36F-07,0.7732624276507662,1
TCGA-B0-5096-01A-01R-1420-07,0.8076261865305281,1
TCGA-E9-A3QA-01A-61R-A22K-07,0.7296309121514261,1
TCGA-BH-A0WA-01A-11R-A109-07,0.8039076076547113,1
TCGA-66-2791-01A-01R-0980-07,0.6201566389600113,1
TCGA-BH-A0HN-01A-11R-A10U-07,0.5215089831749922,1
TCGA-F4-6463-01A-11R-1723-07,0.41919292218194626,0
TCGA-A2-A1FZ-01A-51R-A14D-07,0.7130689158358278,1
TCGA-VP-AA1N-01A-31R-A41O-07,0.8449135077106994,1
TCGA-A3-3359-01A-01R-0864-07,0.5523111631244064,1
TCGA-AN-A049-01A-21R-A00Z-07,0.7854780410746763,1
TCGA-CZ-5462-01A-01R-1503-07,0.7542845698134735,1
TCGA-CM-6165-01A-11R-1653-07,0.5950798781664018,1
TCGA-DD-A3A3-01A-11R-A22L-07,0.8341437872950773,1
TCGA-AO-A125-01A-11R-A10J-07,0.5715314600367599,1
TCGA-69-7760-01A-11R-2170-07,0.8666083046995215,1
TCGA-KC-A7FD-01A-11R-A33R-07,0.716387961347896,0
TCGA-UZ-A9PK-01A-11R-A38C-07,0.27256631325566416,1
TCGA-62-8398-01A-11R-2326-07,0.7175932896783828,1
TCGA-B0-4698-01A-01R-1503-07,0.7985249981898863,1
TCGA-L5-A88V-01A-11R-A354-31,0.833329967466616,1
TCGA-3A-A9IX-01A-11R-A41B-07,0.29486435927188287,1
TCGA-55-A4DG-01A-11R-A24H-07,0.6147280954953008,1
TCGA-EW-A424-01A-11R-A24H-07,0.2787051139878099,1
TCGA-60-2706-01A-01R-0851-07,0.8168211931311757,1
TCGA-IA-A40U-01A-11R-A24Z-07,0.521201574718236,1
TCGA-GM-A3XG-01A-31R-A24H-07,0.42016175650991305,0
TCGA-ZR-A9CJ-01B-11R-A38D-31,0.8352909645749796,1
TCGA-BH-A18G-01A-11R-A12D-07,0.8956559838136406,1
TCGA-G9-6384-01A-11R-1789-07,0.4355903655715969,0
TCGA-67-6216-01A-11R-1755-07,0.8193503042617831,1
TCGA-13-1488-01A-01R-1565-13,0.8722549847872811,1
TCGA-G9-6343-01A-21R-1965-07,0.3155890119942499,1
TCGA-90-A59Q-01A-11R-A26W-07,0.49792997288852187,1
TCGA-CW-5580-01A-01R-1672-07,0.7877610225189935,1
TCGA-25-1625-01A-01R-1566-13,0.7945504261550915,1
TCGA-EJ-A8FS-01A-11R-A352-07,0.8387319987633581,1
TCGA-CM-6164-01A-11R-1653-07,0.6037730048080135,0
TCGA-29-1763-01A-02R-1567-13,0.7848771941183064,0
TCGA-97-7941-01A-11R-2187-07,0.7670049197701597,1
TCGA-B0-4696-01A-01R-1277-07,0.883428869795973,1
TCGA-AA-3675-01A-02R-0905-07,0.6504982484291096,1
TCGA-HC-A6AS-01A-11R-A30B-07,0.11131993581757003,1
TCGA-LN-A7HW-01A-22R-A354-31,0.5596062080104602,1
TCGA-50-6595-01A-12R-1858-07,0.30500507068368377,0
TCGA-05-4433-01A-22R-1858-07,0.593297825983894,1
TCGA-B0-5113-01A-01R-1420-07,0.45786152118930196,1
TCGA-OL-A66I-01A-21R-A29R-07,0.5870756055678286,1
TCGA-GM-A2DL-01A-11R-A18M-07,0.9040489885038263,1
TCGA-10-0934-01A-02R-1564-13,0.8620672837211217,1
TCGA-B1-5398-01A-02R-1592-07,0.6126557617308652,1
TCGA-09-1667-01C-01R-1566-13,0.8959587989342794,1
TCGA-69-7979-01A-11R-2187-07,0.9353939422017209,1
TCGA-22-1017-01A-01R-0692-07,0.8147434824542913,1
TCGA-BP-4759-01A-01R-1289-07,0.5634645475963992,1
TCGA-ED-A459-01A-11R-A266-07,0.8235596013191504,1
TCGA-EB-A51B-01A-11R-A27Q-07,0.7326945199715776,1
TCGA-CW-6090-01A-11R-1672-07,0.6988541416199138,1
TCGA-AA-3968-01A-01R-1022-07,0.7502839803768758,1
TCGA-85-8276-01A-11R-2296-07,0.8836446342231735,1
TCGA-D5-6924-01A-11R-1928-07,0.37536478463014705,1
TCGA-95-7947-01A-11R-2187-07,0.8307708403971196,1
TCGA-50-5932-01A-11R-1755-07,0.7496815636250249,1
TCGA-G9-6342-01A-11R-1965-07,0.6705541204071817,1
TCGA-BH-A0H9-01A-11R-A056-07,0.8539143814786578,1
TCGA-AR-A24X-01A-11R-A169-07,0.4659099506708592,1
TCGA-A4-A5Y1-01A-11R-A28H-07,0.8514540727011551,1
TCGA-AR-A1AV-01A-21R-A12P-07,0.7325793684560412,1
TCGA-33-4582-01A-01R-1443-07,0.9083712797721946,1
TCGA-A7-A0DC-01B-04R-A22O-07,0.5546750641419843,1
TCGA-E9-A245-01A-22R-A16F-07,0.7940752090812647,1
TCGA-LN-A49Y-01A-11R-A260-31,0.8782352195308523,1
TCGA-BP-4960-01A-01R-1334-07,0.2683455384018842,1
TCGA-CJ-4641-01A-02R-1325-07,0.46345355560010615,1
TCGA-55-7281-01A-11R-2039-07,0.4211944642268801,1
TCGA-AA-3870-01A-01R-1022-07,0.6869066051278658,1
TCGA-MI-A75E-01A-11R-A32O-07,0.8024491390873192,1
TCGA-DD-A1EF-01A-11R-A131-07,0.8634220557314131,1
TCGA-VR-A8EX-01A-11R-A36D-31,0.7885731495026319,1
TCGA-56-8504-01A-11R-2403-07,0.8109289923340072,1
TCGA-MG-AAMC-01A-11R-A41O-07,0.5977372130929379,0
TCGA-56-A49D-01A-11R-A24H-07,0.8920423370154597,1
TCGA-39-5022-01A-21R-1820-07,0.5150998141014003,0
TCGA-55-7573-01A-11R-2039-07,0.5939981266807185,0
TCGA-13-0730-01A-01R-1564-13,0.7649080243347609,1
TCGA-D5-6538-01A-11R-1723-07,0.8151411118736657,1
TCGA-2Y-A9GU-01A-11R-A38B-07,0.8029696268827564,0
TCGA-YL-A8HJ-01A-11R-A36G-07,0.42383343354423164,1
TCGA-05-4396-01A-21R-1858-07,0.7658601851977508,1
TCGA-E2-A1LL-01A-11R-A144-07,0.8370682316576217,1
TCGA-24-2281-01A-01R-1568-13,0.873436050480278,1
TCGA-33-A4WN-01A-11R-A262-07,0.7033494198643352,1
TCGA-CZ-5985-01A-11R-1672-07,0.5751172615699444,1
TCGA-GN-A263-01A-11R-A18T-07,0.7053165617679018,1
TCGA-E9-A1RE-01A-11R-A157-07,0.7250511275013072,1
TCGA-E2-A15M-01A-11R-A12D-07,0.7398686111894899,0
TCGA-HC-8262-01A-11R-2263-07,0.7338135745970892,1
TCGA-DM-A0X9-01A-11R-A155-07,0.5165418344525475,1
TCGA-A7-A4SC-01A-12R-A266-07,0.6999432772347447,0
TCGA-AN-A04A-01A-21R-A034-07,0.7470992790317597,0
TCGA-QA-A7B7-01A-11R-A32O-07,0.7914408455299898,1
TCGA-29-2427-01A-01R-1569-13,0.8787134853311529,0
TCGA-25-1633-01A-01R-1566-13,0.7890795630927482,1
TCGA-85-A510-01A-11R-A26W-07,0.8610405836537379,1
TCGA-75-5147-01A-01R-1628-07,0.5205808039340529,0
TCGA-D3-A5GT-01A-12R-A311-07,0.687195451898099,1
TCGA-49-AARR-01A-11R-A41B-07,0.7294852986349536,1
TCGA-CH-5740-01A-11R-1580-07,0.8585885182271514,1
TCGA-BH-A0W3-01A-11R-A109-07,0.558500106960282,1
TCGA-13-1487-01A-01R-1565-13,0.864568014005712,1
TCGA-CZ-5464-01A-01R-1503-07,0.7955032785480334,0
TCGA-HC-A8D1-01A-11R-A36G-07,0.23042292393786074,1
TCGA-13-0884-01B-01R-1565-13,0.7978303725306867,0
TCGA-D8-A1JD-01A-11R-A13Q-07,0.7090187649889129,1
TCGA-61-2009-01A-01R-1568-13,0.7659755108657758,0
TCGA-J4-A67N-01A-11R-A30B-07,0.4433699406356845,1
TCGA-66-2788-01A-01R-0980-07,0.6521868862167668,1
TCGA-EJ-5501-01A-01R-1580-07,0.7204273550276215,1
TCGA-BC-4072-01B-11R-A155-07,0.8858829734759223,1
TCGA-LN-A5U7-01A-11R-A31P-31,0.48762904322244643,1
TCGA-IG-A4QT-01A-21R-A260-31,0.4042677559653225,1
TCGA-YL-A9WX-01A-21R-A41O-07,0.14634296257143364,1
TCGA-3A-A9IL-01A-11R-A38C-07,0.7252983003704341,1
TCGA-AD-6965-01A-11R-1928-07,0.6798603027297189,1
TCGA-60-2704-01A-11R-2045-07,0.7813688760927906,1
TCGA-AA-3514-01A-02R-0821-07,0.19409439276414986,1
TCGA-IB-A5ST-01A-11R-A32O-07,0.3665011166971879,1
TCGA-BH-A0DQ-01A-11R-A084-07,0.7923748297673523,1
TCGA-D8-A1XY-01A-11R-A14M-07,0.8944266511654682,1
TCGA-ZG-A9LB-01A-11R-A41O-07,0.687007411045563,1
TCGA-L5-A4OR-01A-11R-A260-31,0.8184319141165717,1
TCGA-LD-A74U-01A-13R-A33J-07,0.40432924680093013,1
TCGA-B8-4148-01A-02R-1325-07,0.29033628385550064,1
TCGA-77-8009-01A-11R-2187-07,0.8258827694867703,1
TCGA-55-7574-01A-11R-2039-07,0.655796984823401,1
TCGA-XA-A8JR-01A-11R-A36G-07,0.5064791874337888,0
TCGA-B0-5095-01A-01R-1420-07,0.6583274692235425,1
TCGA-NC-A5HE-01A-11R-A26W-07,0.5742791788106041,1
TCGA-RC-A6M4-01A-11R-A32O-07,0.7699131440664054,1
TCGA-EJ-A8FN-01A-11R-A352-07,0.6690400364392536,1
TCGA-2Z-A9JK-01A-11R-A42S-07,0.49971916536093014,1
TCGA-69-8254-01A-11R-2287-07,0.8020194739948703,0
TCGA-67-6217-01A-11R-1755-07,0.7157034532872445,1
TCGA-55-7994-01A-11R-2187-07,0.8184615168982018,1
TCGA-55-8090-01A-11R-2241-07,0.7548507150719924,0
TCGA-LN-A5U5-01A-21R-A28J-31,0.7780510124035119,1
TCGA-66-2768-01A-01R-0851-07,0.7758621451279133,1
TCGA-WQ-AB4B-01A-11R-A41C-07,0.6728995296696788,1
TCGA-77-6844-01A-11R-1949-07,0.8160630404505166,1
TCGA-A8-A07Z-01A-11R-A00Z-07,0.7865103659052647,1
TCGA-AA-3977-01A-01R-1022-07,0.8830161869066999,0
TCGA-AC-A3W7-01A-11R-A22K-07,0.17335641294872142,1
TCGA-CC-5263-01A-01R-A131-07,0.7502593051460236,1
TCGA-18-3411-01A-01R-0980-07,0.6445513218278011,1
TCGA-DM-A0XD-01A-12R-A155-07,0.728630156980544,0
TCGA-OL-A5RU-01A-11R-A28M-07,0.700825108807622,1
TCGA-33-AASB-01A-11R-A405-07,0.8535749062536069,1
TCGA-B6-A0RG-01A-11R-A056-07,0.8423250153176026,1
TCGA-DD-AAC8-01A-11R-A41C-07,0.8179649990028792,1
TCGA-VP-A87D-01A-11R-A352-07,0.7876916986648281,1
TCGA-BH-A0HX-01A-21R-A056-07,0.8284642435419388,1
TCGA-BP-4353-01A-02R-1289-07,0.7865486982868162,0
TCGA-66-2793-01A-01R-1201-07,0.9059147448712759,1
TCGA-E2-A15A-01A-11R-A12D-07,0.8436617224315159,1
TCGA-61-2094-01A-01R-1568-13,0.5911595230947133,0
TCGA-AA-3502-01A-01R-1410-07,0.6032425066718157,1
TCGA-E9-A22G-01A-11R-A157-07,0.7768480927546966,1
TCGA-A3-3325-01A-01R-0864-07,0.7391251802230353,0
TCGA-BP-4176-01A-02R-1289-07,0.5804425241727212,1
TCGA-09-1669-01A-01R-1566-13,0.8918431778397404,1
TCGA-04-1365-01A-01R-1565-13,0.7974738243575465,1
TCGA-2Z-A9JS-01A-21R-A42S-07,0.4552323859932947,1
TCGA-AR-A0U4-01A-11R-A109-07,0.8841562782130693,1
TCGA-B0-5713-01A-11R-1672-07,0.6067986219391875,0
TCGA-L3-A4E7-01A-11R-A24Z-07,0.36267118064724124,1
TCGA-G7-6795-01A-11R-1965-07,0.6754490728738347,0
TCGA-AY-5543-01A-01R-1653-07,0.5332226731289883,0
TCGA-G4-6294-01A-11R-1774-07,0.571960693469952,1
TCGA-CM-5344-01A-21R-1723-07,0.7035644025865999,0
TCGA-TK-A8OK-01A-22R-A36G-07,0.6953567876516143,0
TCGA-VR-AA4G-01A-11R-A37I-31,0.6130713637287092,1
TCGA-JY-A93C-01A-11R-A38D-31,0.8441072626134661,1
TCGA-G9-6356-01A-11R-1789-07,0.28014534448844813,0
TCGA-A2-A0ER-01A-21R-A034-07,0.7774225978759123,1
TCGA-62-A46O-01A-11R-A24H-07,0.7841243756234678,1
TCGA-BQ-5885-01A-11R-1592-07,0.794694449198998,1
TCGA-E2-A1IN-01A-11R-A13Q-07,0.6581356860572393,1
TCGA-NJ-A55R-01A-11R-A262-07,0.812901418442164,0
TCGA-A3-3383-01A-02R-1325-07,0.33788187516727974,1
TCGA-B4-5844-01A-11R-1672-07,0.28507649082449266,1
TCGA-CJ-5676-01A-11R-1541-07,0.3461745267220311,1
TCGA-MH-A561-01A-11R-A26U-07,0.5239459741052861,1
TCGA-96-A4JL-01A-11R-A24Z-07,0.8257205776936413,0
TCGA-KK-A6DY-01A-12R-A311-07,0.37506303063091617,1
TCGA-2Z-A9JP-01A-11R-A42S-07,0.5556149086240687,1
TCGA-VR-A8ER-01A-11R-A36D-31,0.8230765632532019,1
TCGA-24-2288-01A-01R-1568-13,0.8911958064787668,1
TCGA-A8-A0AD-01A-11R-A056-07,0.9086989593942106,1
TCGA-B6-A0IQ-01A-11R-A034-07,0.866113094990965,1
TCGA-DM-A28A-01A-21R-A32Y-07,0.7989826441210147,1
TCGA-09-0369-01A-01R-1564-13,0.8090833326687334,1
TCGA-G7-A8LD-01A-11R-A36F-07,0.8646138136291803,1
TCGA-A4-7732-01A-11R-2139-07,0.21472562183792215,1
TCGA-QU-A6IP-01A-11R-A31N-07,0.5158140469547647,1
TCGA-DD-A1EG-01A-11R-A213-07,0.5991929752013565,0
TCGA-BP-5004-01A-01R-1334-07,0.6607013057432362,0
TCGA-BP-5006-01A-01R-1334-07,0.6226273333949045,1
TCGA-A6-6781-01A-22R-A278-07,0.48187538779745104,1
TCGA-CA-5255-01A-11R-1839-07,0.48558176716407875,0
TCGA-66-2782-01A-01R-0851-07,0.7380654326941262,1
TCGA-MP-A4SY-01A-21R-A24X-07,0.8046541134752779,1
TCGA-44-3398-01A-01R-1107-07,0.4126135661255536,1
TCGA-97-8171-01A-11R-2287-07,0.8580218636887866,1
TCGA-BH-A0BG-01A-11R-A115-07,0.6695786750483319,0
TCGA-B0-4834-01A-01R-1305-07,0.8036381582664465,0
TCGA-A2-A25B-01A-11R-A169-07,0.9172929472198919,1
TCGA-70-6723-01A-11R-1820-07,0.8887098275975631,1
TCGA-KK-A8IJ-01A-11R-A352-07,0.6969030820556908,1
TCGA-CZ-5986-01A-11R-1672-07,0.6069095112059701,1
TCGA-BH-A1EN-01A-11R-A13Q-07,0.9127068219865384,1
TCGA-CH-5768-01A-11R-1580-07,0.2910300124890733,1
TCGA-B0-4846-01A-01R-1277-07,0.47716409366488005,1
TCGA-E2-A2P6-01A-11R-A19W-07,0.5713303437031211,1
TCGA-AK-3434-01A-02R-1277-07,0.7252981695630125,1
TCGA-WW-A8ZI-01A-11R-A37L-07,0.8981228890313628,1
TCGA-56-7730-01A-11R-2125-07,0.8160247869476299,1
TCGA-3A-A9I9-01A-11R-A38C-07,0.453655943479145,0
TCGA-EP-A2KC-01A-11R-A213-07,0.5569854886465407,1
TCGA-AO-A1KO-01A-31R-A13Q-07,0.4325660757826962,1
TCGA-BH-A18K-01A-11R-A12D-07,0.8123926806159228,1
TCGA-D8-A147-01A-11R-A115-07,0.8369692959863158,1
TCGA-24-0979-01A-01R-1565-13,0.7615641092311639,0
TCGA-HC-7821-01A-12R-2118-07,0.8568322033107274,1
TCGA-3A-A9IU-01A-11R-A39D-07,0.5081767577756124,1
TCGA-AC-A3QP-01A-11R-A22U-07,0.25814422273826665,1
TCGA-E9-A226-01A-21R-A157-07,0.8284596504088462,1
TCGA-MP-A4T7-01A-11R-A24X-07,0.6585602268206074,1
TCGA-HE-7129-01A-11R-1965-07,0.4576718488275907,1
TCGA-91-7771-01A-11R-2170-07,0.8548779260392266,1
TCGA-CC-A7IK-01A-12R-A33R-07,0.7447759701460318,1
TCGA-AD-6895-01A-11R-1928-07,0.8665285701941904,1
TCGA-2Z-A9JN-01A-21R-A42S-07,0.7291610920030305,1
TCGA-Y8-A898-01A-11R-A355-07,0.20582118074347464,1
TCGA-24-1545-01A-01R-1566-13,0.6119980773387633,1
TCGA-60-2711-01A-01R-0851-07,0.907856515729705,1
TCGA-US-A77G-01A-11R-A32O-07,0.23553302708572693,1
TCGA-44-5645-01B-04R-A277-07,0.31694276976661373,1
TCGA-23-1109-01A-01R-1564-13,0.6885105842407487,1
TCGA-DD-A1EJ-01A-11R-A155-07,0.9218850604344458,1
TCGA-CK-6748-01A-11R-1839-07,0.44323261786076473,0
TCGA-HE-A5NH-01A-11R-A26U-07,0.5626509103939236,0
TCGA-LL-A50Y-01A-11R-A266-07,0.4227125626882014,1
TCGA-BP-5173-01A-01R-1426-07,0.8197212764965545,0
TCGA-V1-A9O7-01A-21R-A41O-07,0.5532885089285312,0
TCGA-L5-A4OJ-01A-11R-A260-31,0.9032951016797899,1
TCGA-05-4434-01A-01R-1206-07,0.9291654934373234,1
TCGA-AZ-4682-01B-01R-A32Z-07,0.4840411256141381,1
TCGA-D8-A1J9-01A-11R-A13Q-07,0.9198936404316631,1
TCGA-CH-5746-01A-11R-1580-07,0.15326399199175758,0
TCGA-KV-A6GD-01A-11R-A31O-07,0.4132493837303223,1
TCGA-B0-4707-01A-01R-1277-07,0.6859850979321461,1
TCGA-58-8393-01A-11R-2326-07,0.7787902970886971,1
TCGA-FV-A495-01A-11R-A266-07,0.6678409624344912,1
TCGA-99-8033-01A-11R-2241-07,0.9210444841197426,1
TCGA-77-8139-01A-11R-2247-07,0.836740123553007,1
TCGA-ED-A5KG-01A-11R-A27V-07,0.5106733013178204,1
TCGA-94-7033-01A-11R-1949-07,0.7908389343458568,1
TCGA-AA-3530-01A-01R-1022-07,0.470159091996259,1
TCGA-ZG-A9L1-01A-11R-A41O-07,0.9097857737986866,1
TCGA-FR-A3R1-01A-11R-A239-07,0.8192393628214317,1
TCGA-2Z-A9JL-01A-11R-A42S-07,0.5253395234634569,1
TCGA-20-0987-01A-02R-1564-13,0.7016919567138896,0
TCGA-59-2363-01A-01R-1569-13,0.8879034154143849,1
TCGA-24-1419-01A-01R-1565-13,0.8431673544064493,1
TCGA-BH-A1FH-01A-12R-A13Q-07,0.3143229584986826,1
TCGA-B6-A0IA-01A-11R-A034-07,0.8296624028447578,1
TCGA-98-7454-01A-11R-2045-07,0.6974389062139753,0
TCGA-5P-A9JZ-01A-11R-A42S-07,0.7546449995249517,1
TCGA-55-6984-01A-11R-1949-07,0.5746188378842408,1
TCGA-HC-8264-01B-11R-2403-07,0.7868514494356091,1
TCGA-G4-6314-01A-11R-1723-07,0.7545248524675233,1
TCGA-68-8250-01A-11R-2296-07,0.8226997819192381,1
TCGA-29-1769-01A-01R-1567-13,0.8238828264878567,0
TCGA-EU-5905-01A-11R-1672-07,0.6081502174173473,1
TCGA-F9-A7Q0-01A-11R-A36F-07,0.5182771604708519,1
TCGA-DD-AACN-01A-11R-A41C-07,0.5891748044540006,0
TCGA-A8-A079-01A-21R-A00Z-07,0.824250544370431,1
TCGA-D8-A1JN-01A-11R-A13Q-07,0.8307758896132161,1
TCGA-A8-A08B-01A-11R-A00Z-07,0.8007083207735142,1
TCGA-JY-A6FD-01A-11R-A336-31,0.6865803145865111,1
TCGA-A8-A086-01A-11R-A00Z-07,0.6186602564258438,1
TCGA-13-2060-01A-01R-1568-13,0.9192277664360659,1
TCGA-HC-8265-01B-04R-2302-07,0.685028253447666,1
TCGA-S4-A8RP-01A-11R-A36G-07,0.2151189320748581,1
TCGA-A8-A09Z-01A-11R-A00Z-07,0.9044003148450445,1
TCGA-CK-6751-01A-11R-1839-07,0.8057613884812063,0
TCGA-RB-A7B8-01A-12R-A33R-07,0.4534238520463672,1
TCGA-68-7755-01A-11R-2125-07,0.7283659485758179,0
TCGA-66-2759-01A-01R-0851-07,0.8192224997702053,1
TCGA-AA-A00J-01A-02R-A002-07,0.915818114939595,1
TCGA-L5-A8NL-01A-12R-A37I-31,0.8528548510399715,1
TCGA-24-1557-01A-01R-1566-13,0.9347074861950372,1
TCGA-A7-A3IY-01A-21R-A21T-07,0.7268521647486433,1
TCGA-B8-4151-01A-01R-1188-07,0.5262802018007562,1
TCGA-61-1914-01A-01R-1567-13,0.8020402850567586,1
TCGA-IG-A3Y9-01A-12R-A24K-31,0.6072496207007847,1
TCGA-L5-A891-01A-11R-A36D-31,0.9124083668257853,1
TCGA-BP-4983-01A-01R-1334-07,0.8771506615606066,1
TCGA-04-1514-01A-01R-1566-13,0.7824031805499803,1
TCGA-NJ-A55A-01A-11R-A262-07,0.6070860510938982,1
TCGA-A8-A09I-01A-22R-A034-07,0.7874367756427464,1
TCGA-AR-A251-01A-12R-A169-07,0.8589280547177776,1
TCGA-60-2715-01A-01R-0851-07,0.7434601196381565,1
TCGA-D9-A4Z3-01A-11R-A266-07,0.7955536456404505,1
TCGA-E2-A14Q-01A-11R-A12D-07,0.8011250091792005,0
TCGA-EW-A1P7-01A-21R-A144-07,0.6947732856586302,1
TCGA-HV-AA8X-01A-11R-A39D-07,0.7091561619686794,1
TCGA-ZG-A9L4-01A-11R-A41O-07,0.6245884170640786,1
TCGA-VN-A88L-01A-11R-A352-07,0.7849027717119837,1
TCGA-Z7-A8R5-01A-42R-A41B-07,0.24162165932770496,1
TCGA-IG-A51D-01A-11R-A36D-31,0.7062098052948917,0
TCGA-5P-A9K9-01A-11R-A42S-07,0.877930666446145,1
TCGA-23-1114-01B-01R-1566-13,0.7298703883756517,1
TCGA-IZ-A6M9-01A-11R-A31O-07,0.4364390397177769,1
TCGA-44-2662-01B-02R-A277-07,0.26443520517246094,1
TCGA-A8-A08C-01A-11R-A00Z-07,0.7413295683957267,1
TCGA-36-1568-01A-01R-1566-13,0.8076816930499443,1
TCGA-MN-A4N1-01A-11R-A24X-07,0.6768272975610478,0
TCGA-C8-A12X-01A-11R-A115-07,0.8216630106298756,1
TCGA-63-5131-01A-01R-1443-07,0.7944629002664411,1
TCGA-G9-6499-01A-12R-1965-07,0.51945462809083,1
TCGA-L5-A43M-01A-11R-A24K-31,0.8646588079152339,1
TCGA-C8-A275-01A-21R-A16F-07,0.8094734191663261,1
TCGA-A6-5664-01A-21R-1839-07,0.5519022812685148,0
TCGA-4B-A93V-01A-11R-A39D-07,0.8647101334231768,1
TCGA-G9-6364-01A-21R-1789-07,0.5865265909455609,1
TCGA-YH-A8SY-01A-11R-A37L-07,0.1357325577347891,1
TCGA-BP-4760-01A-02R-1420-07,0.3302418954242981,1
TCGA-DD-AAVU-01A-11R-A41C-07,0.8219026361819682,1
TCGA-XN-A8T5-01A-12R-A36G-07,0.2419383450705261,0
TCGA-55-8207-01A-11R-2241-07,0.7867099062974943,1
TCGA-DD-AAVV-01A-11R-A41C-07,0.78395914458532,1
TCGA-FV-A2QR-01A-11R-A213-07,0.8844017836739811,1
TCGA-DD-AAEE-01A-11R-A41C-07,0.8606397910286925,1
TCGA-B8-5159-01A-01R-1420-07,0.6994875535177411,1
TCGA-2A-A8VX-01A-11R-A37L-07,0.8731245957764656,0
TCGA-AA-A03F-01A-11R-A16W-07,0.26341677375760997,1
TCGA-91-8497-01A-11R-2403-07,0.4305664948975895,1
TCGA-EW-A1OV-01A-11R-A144-07,0.7633573386995784,0
TCGA-XP-A8T8-01A-11R-A36D-31,0.4764367584954087,1
TCGA-61-1736-01B-01R-1568-13,0.794150277531454,0
TCGA-20-1682-01A-01R-1564-13,0.8141723372110178,1
TCGA-FB-AAPQ-01A-11R-A41B-07,0.7380473939274267,1
TCGA-AA-3950-01A-02R-1022-07,0.5589452435307434,1
TCGA-CK-4951-01A-01R-1410-07,0.7567670423992419,1
TCGA-BH-A0RX-01A-21R-A084-07,0.78446308700495,0
TCGA-CJ-5671-01A-11R-1541-07,0.434693508084615,1
TCGA-EW-A1IY-01A-11R-A13Q-07,0.4567897257099316,1
TCGA-E2-A1IE-01A-11R-A13Q-07,0.7989329199917988,1
TCGA-HI-7170-01A-11R-2118-07,0.3779260982708674,0
TCGA-A3-A6NL-01A-11R-A33J-07,0.33843696562086706,1
TCGA-EW-A1PD-01A-11R-A144-07,0.6382557555775181,1
TCGA-B6-A0IO-01A-11R-A034-07,0.837739433151725,0
TCGA-50-5931-01A-11R-1755-07,0.7859458400640458,1
TCGA-HZ-A4BH-01A-11R-A26U-07,0.7995464963101024,1
TCGA-ZG-A9KY-01A-11R-A41O-07,0.8070260182731456,1
TCGA-EJ-5507-01A-01R-1580-07,0.5947869120169512,1
TCGA-CH-5751-01A-11R-1580-07,0.7114412823277838,1
TCGA-AA-3844-01A-01R-1022-07,0.5282080890099745,1
TCGA-EB-A57M-01A-51R-A311-07,0.48137959735833447,1
TCGA-BP-4351-01A-01R-1289-07,0.28820647104246333,0
TCGA-DD-A11B-01A-11R-A131-07,0.5810806156362939,1
TCGA-BQ-7045-01A-31R-1965-07,0.4294518686337039,0
TCGA-BH-A0BD-01A-11R-A034-07,0.8756328886680572,1
TCGA-BQ-5881-01A-11R-1592-07,0.49439643567919034,1
TCGA-25-1871-01A-01R-1567-13,0.627098900815637,1
TCGA-61-1740-01A-01R-1567-13,0.8051359283356503,1
TCGA-33-AASJ-01A-11R-A405-07,0.8228406259382965,1
TCGA-CC-A123-01A-11R-A131-07,0.5508449915868138,1
TCGA-YG-AA3N-01A-11R-A38C-07,0.4147429745300864,0
TCGA-E2-A156-01A-11R-A12D-07,0.5480904705055581,0
TCGA-EW-A1PB-01A-11R-A144-07,0.7939290230391892,0
TCGA-XK-AAJT-01A-11R-A41O-07,0.7440640567542306,1
TCGA-EB-A550-01A-61R-A27Q-07,0.8071379112915237,1
TCGA-S3-A6ZF-01A-32R-A32P-07,0.9080168721960478,1
TCGA-13-1408-01A-01R-1565-13,0.7606528925025898,1
TCGA-29-1690-01A-01R-1566-13,0.5123768359707253,1
TCGA-05-4425-01A-01R-1755-07,0.8625344125101133,1
TCGA-X8-AAAR-01A-11R-A406-31,0.6226903130812119,1
TCGA-JL-A3YX-01A-11R-A22U-07,0.30504395004681967,1
TCGA-IG-A3YA-01A-11R-A24K-31,0.3145171085041741,0
TCGA-HV-AA8V-01A-11R-A41B-07,0.26412275183787803,1
TCGA-IB-AAUO-01A-12R-A38C-07,0.43513203965435754,1
TCGA-B6-A0I8-01A-11R-A034-07,0.7792393280642957,1
TCGA-FB-A545-01A-11R-A26U-07,0.48975998149875827,1
TCGA-BH-A18H-01A-11R-A12D-07,0.8493738242721228,1
TCGA-AK-3445-01A-02R-1277-07,0.7993970316248955,1
TCGA-25-1317-01A-01R-1565-13,0.34298845065484507,1
TCGA-BP-5200-01A-01R-1426-07,0.4478745005824562,1
TCGA-E9-A5FK-01A-11R-A27Q-07,0.1688001603816768,1
TCGA-BH-A1EW-01A-11R-A137-07,0.7810535819775091,1
TCGA-NC-A5HN-01A-11R-A26W-07,0.9213986766849113,1
TCGA-13-0760-01A-01R-1564-13,0.9316049422018424,0
TCGA-AA-3970-01A-01R-1022-07,0.6291659360233703,0
TCGA-YL-A9WI-01A-11R-A37L-07,0.9009721820971843,1
TCGA-AA-A01T-01A-21R-A16W-07,0.49628456110996794,1
TCGA-AN-A0G0-01A-11R-A034-07,0.728641814923829,1
TCGA-77-A5GB-01B-11R-A27Q-07,0.8523488104710112,1
TCGA-85-8481-01A-11R-2326-07,0.6730223657387823,0
TCGA-E2-A107-01A-11R-A10J-07,0.6290409506648041,1
TCGA-J2-8192-01A-11R-2241-07,0.44390510260019506,1
TCGA-Z7-A8R6-01A-11R-A41B-07,0.4289820105691145,1
TCGA-B8-4153-01B-11R-1672-07,0.4288219097782444,1
TCGA-BH-A0AY-01A-21R-A00Z-07,0.709964446897664,1
TCGA-A1-A0SQ-01A-21R-A144-07,0.9134830458258402,1
TCGA-22-5477-01A-01R-1635-07,0.7043809323697834,1
TCGA-AA-A02K-01A-03R-A32Y-07,0.7798510704125525,1
TCGA-AA-3531-01A-01R-0821-07,0.45014967325588795,1
TCGA-85-8351-01A-11R-2296-07,0.8786456187648793,1
TCGA-R6-A8WG-01A-11R-A37I-31,0.7808902011067389,1
TCGA-2J-AABR-01A-11R-A41B-07,0.24656540125073337,1
TCGA-CJ-4884-01A-01R-1305-07,0.8004957052346557,1
TCGA-XV-A9W2-01A-11R-A39D-07,0.8777536459693361,1
TCGA-DD-A11A-01A-11R-A131-07,0.8641349374186059,0
TCGA-38-4631-01A-01R-1755-07,0.8432698079180819,1
TCGA-V1-A8MM-01A-11R-A37L-07,0.8491084880897802,1
TCGA-13-0726-01A-01R-1564-13,0.6402156377575682,1
TCGA-HZ-8005-01A-11R-2204-07,0.5191470306295177,1
TCGA-BH-A18J-01A-11R-A12D-07,0.9298895358599731,1
TCGA-60-2708-01A-01R-0851-07,0.7958540600334971,1
TCGA-AO-A1KT-01A-11R-A13Q-07,0.8285019429885205,1
TCGA-A2-A3KC-01A-11R-A213-07,0.63447646599564,1
TCGA-EJ-5498-01A-01R-1580-07,0.12449417981596127,1
TCGA-AO-A0JF-01A-11R-A056-07,0.5505885500490609,1
TCGA-E9-A1R6-01A-11R-A14D-07,0.5363751455935881,1
TCGA-A7-A0CD-01A-11R-A00Z-07,0.8275456090557469,0
TCGA-29-1699-01A-01R-1567-13,0.8806436274477685,1
TCGA-CJ-6028-01A-11R-1672-07,0.664383771070775,1
TCGA-24-1843-01A-01R-1567-13,0.9153814692195109,1
TCGA-AA-A01R-01A-21R-A083-07,0.6710316550897466,1
TCGA-G9-A9S0-01A-11R-A41O-07,0.7280458285350384,1
TCGA-XV-AAZY-01A-12R-A40A-07,0.48114193870935984,0
TCGA-AK-3465-01A-02R-1325-07,0.7885632938425073,1
TCGA-AA-3812-01A-01R-0905-07,0.0640937169661096,1
TCGA-77-A5GF-01A-21R-A27Q-07,0.6973585308809853,0
TCGA-HC-A4ZV-01A-11R-A26U-07,0.8276743756565214,1
TCGA-H9-7775-01A-11R-2118-07,0.6686006843186392,0
TCGA-60-2696-01A-01R-0851-07,0.8351861267198736,1
TCGA-13-0900-01B-01R-1565-13,0.7515151305778276,1
TCGA-85-8666-01A-11R-2403-07,0.7955884538648342,1
TCGA-4H-AAAK-01A-12R-A41B-07,0.5440718136596405,0
TCGA-BH-A0BC-01A-22R-A084-07,0.8502097024499008,0
TCGA-C8-A3M7-01A-12R-A21T-07,0.6615008099373362,0
TCGA-AR-A2LN-01A-21R-A18M-07,0.5284058130093425,1
TCGA-2Z-A9J5-01A-21R-A38C-07,0.29002492028311494,1
TCGA-AA-A01X-01A-21R-A083-07,0.47943024490666136,1
TCGA-C8-A134-01A-11R-A115-07,0.8988845169906814,1
TCGA-HV-A5A6-01A-11R-A26U-07,0.7252453679736369,0
TCGA-D8-A140-01A-11R-A115-07,0.833270756115682,1
TCGA-F9-A4JJ-01A-11R-A24Z-07,0.6700572143136551,1
TCGA-AR-A24O-01A-11R-A169-07,0.2745981306935548,1
TCGA-G3-AAUZ-01A-11R-A38B-07,0.5962632240900537,1
TCGA-63-A5MM-01A-11R-A26W-07,0.6761205583900662,1
TCGA-AN-A0FN-01A-11R-A034-07,0.4563601709654523,1
TCGA-GL-A59R-01A-11R-A26U-07,0.39245781572937594,1
TCGA-2H-A9GG-01A-11R-A37I-31,0.7814627107272719,1
TCGA-C8-A130-01A-31R-A115-07,0.9189241202281995,1
TCGA-2H-A9GF-01A-11R-A37I-31,0.892686817187196,0
TCGA-55-5899-01A-11R-1628-07,0.8346730951783612,1
TCGA-B0-4713-01A-01R-1277-07,0.7530568470408278,1
TCGA-A8-A09Q-01A-11R-A00Z-07,0.8676681211865204,1
TCGA-VR-AA4D-01A-11R-A37I-31,0.721476656487037,0
TCGA-36-1578-01A-01R-1566-13,0.8556846727357653,1
TCGA-AR-A1AY-01A-21R-A12P-07,0.5870034614016061,1
TCGA-86-8278-01A-11R-2287-07,0.770367950330432,0
TCGA-A2-A0YK-01A-22R-A109-07,0.36527046106912453,1
TCGA-78-7163-01A-12R-2066-07,0.7479842741560568,1
TCGA-A8-A06R-01A-11R-A00Z-07,0.9244828278715804,1
TCGA-HC-7752-01A-11R-2118-07,0.7898619098828079,1
TCGA-A8-A07J-01A-11R-A00Z-07,0.7245677946038919,1
TCGA-HC-7749-01A-11R-2118-07,0.8645149894649812,0
TCGA-HC-A6HX-01A-11R-A31N-07,0.08933753912188148,1
TCGA-56-A4BW-01A-11R-A24H-07,0.8909696793519355,1
TCGA-BP-4162-01A-02R-1325-07,0.6396462217348956,1
TCGA-34-7107-01A-11R-1949-07,0.7788875916525313,1
TCGA-DD-AAE4-01A-11R-A41C-07,0.6512821493995202,1
TCGA-13-1510-01A-02R-1565-13,0.7923528213791463,1
TCGA-57-1585-01A-01R-1566-13,0.6926302409361645,1
TCGA-56-8305-01A-11R-2296-07,0.8796712486116999,1
TCGA-CJ-4874-01A-01R-1305-07,0.36884590490062835,1
TCGA-B6-A0RH-01A-21R-A115-07,0.7929942120520914,0
TCGA-HZ-A77O-01A-11R-A33R-07,0.5166023170770676,1
TCGA-24-1463-01A-01R-1566-13,0.7792639660800391,1
TCGA-A8-A07S-01A-11R-A034-07,0.8157087867354208,1
TCGA-3C-AAAU-01A-11R-A41B-07,0.6757528144595649,1
TCGA-AO-A03M-01B-11R-A10J-07,0.7457418271614981,1
TCGA-73-4659-01A-01R-1206-07,0.7822211342545152,1
TCGA-CZ-5453-01A-01R-1503-07,0.6246386187365659,1
TCGA-94-8035-01A-11R-2247-07,0.7792489885682051,1
TCGA-39-5031-01A-01R-1443-07,0.8526907427081871,1
TCGA-75-5146-01A-01R-1628-07,0.6529428320167259,1
TCGA-YL-A8S8-01A-11R-A37L-07,0.781733553060353,0
TCGA-77-A5G6-01A-11R-A27Q-07,0.8561990486870705,1
TCGA-A7-A4SF-01A-11R-A266-07,0.8227876931688884,1
TCGA-EB-A553-01A-12R-A27Q-07,0.7171707726564983,1
TCGA-AA-3939-01A-01R-1022-07,0.32009172577901984,1
TCGA-E2-A14N-01A-31R-A137-07,0.7416351888913713,1
TCGA-CJ-6030-01A-11R-1672-07,0.565316582623174,1
TCGA-J4-A67M-01A-11R-A30B-07,0.21456587929099608,1
TCGA-BP-5198-01A-01R-1426-07,0.5644192378016715,1
TCGA-NK-A7XE-01A-12R-A405-07,0.7339825796541228,1
TCGA-HC-7209-01A-11R-2118-07,0.3032402630015854,1
TCGA-HZ-8315-01A-11R-2404-07,0.36430274232693277,1
TCGA-86-8076-01A-31R-2241-07,0.5946720179305565,1
TCGA-A6-6650-01A-11R-A278-07,0.6056537532583841,1
TCGA-62-A46U-01A-11R-A24H-07,0.8123218463130563,1
TCGA-BH-A18U-01A-21R-A12D-07,0.9423703718336015,1
TCGA-55-6712-01A-11R-1858-07,0.7605316040884259,1
TCGA-BP-4761-01A-01R-1289-07,0.592528486304328,1
TCGA-D8-A1XK-01A-21R-A14M-07,0.8895845990863985,1
TCGA-63-A5MI-01A-12R-A27Q-07,0.8197262572419196,1
TCGA-MP-A4TF-01A-11R-A262-07,0.7982926948620181,1
TCGA-DD-AACF-01A-11R-A41C-07,0.8810712014419066,1
TCGA-ZG-A9LZ-01A-11R-A41O-07,0.8470618573330115,1
TCGA-05-4250-01A-01R-1107-07,0.7623585091020273,1
TCGA-95-A4VP-01A-21R-A262-07,0.5566856818734017,1
TCGA-AA-3877-01A-01R-1022-07,0.7670588724522559,1
TCGA-AK-3426-01A-02R-1325-07,0.20197575750713984,1
TCGA-A3-3382-01A-02R-1325-07,0.754608968048541,1
TCGA-IC-A6RE-01A-11R-A336-31,0.8624781980257998,0
TCGA-A8-A08O-01A-21R-A056-07,0.725886430803418,1
TCGA-B9-A5W7-01A-11R-A31O-07,0.409842262464591,0
TCGA-33-A5GW-01A-11R-A27Q-07,0.6416994750617702,0
TCGA-G3-AAV7-01A-11R-A38B-07,0.6919157268895468,0
TCGA-5P-A9K8-01A-11R-A42S-07,0.8326068123168903,1
TCGA-BP-5007-01A-01R-1334-07,0.34967961770923983,0
TCGA-A3-3365-01A-01R-0864-07,0.6364827803249773,1
TCGA-44-7659-01A-11R-2066-07,0.8850343054203352,1
TCGA-61-2003-01A-01R-1568-13,0.6863615708596069,1
TCGA-D5-6898-01A-11R-1928-07,0.6803379755824019,1
TCGA-GM-A2DC-01A-11R-A18M-07,0.7764472324270473,1
TCGA-5P-A9KF-01A-11R-A42S-07,0.28634832269301386,1
TCGA-BP-4161-01A-02R-1325-07,0.5040540860812901,1
TCGA-36-1576-01A-01R-1566-13,0.7133841039814687,1
TCGA-DD-A4NK-01A-11R-A28V-07,0.804702401820041,1
TCGA-CJ-4901-01A-01R-1426-07,0.8965526927408182,1
TCGA-MI-A75I-01A-11R-A32O-07,0.8389157874863784,1
TCGA-29-2414-01A-02R-1569-13,0.8364198669753652,0
TCGA-BH-A0GY-01A-11R-A056-07,0.7929418542979023,0
TCGA-97-8175-01A-11R-2287-07,0.7494815042151857,1
TCGA-AL-3472-01A-01R-1193-07,0.5103371497037497,1
TCGA-HZ-A77P-01A-11R-A33R-07,0.49754203643173095,1
TCGA-A3-3352-01A-01R-0864-07,0.4069670835345056,0
TCGA-A7-A26G-01A-21R-A169-07,0.7731252478770052,0
TCGA-AO-A0JC-01A-11R-A056-07,0.049573887796747665,1
TCGA-AA-3875-01A-01R-0905-07,0.6595080090267031,1
TCGA-D8-A1JJ-01A-31R-A14M-07,0.8783609874074232,1
TCGA-Y6-A8TL-01A-21R-A37L-07,0.5247547218331441,0
TCGA-J4-A6G3-01A-11R-A311-07,0.6561203481026089,1
TCGA-13-0768-01A-01R-1569-13,0.838937942503009,1
TCGA-A7-A6VW-01A-21R-A33J-07,0.5341509688319109,1
TCGA-J9-A8CP-01A-11R-A352-07,0.8587164490975141,1
TCGA-P4-AAVK-01A-11R-A42S-07,0.38350221064459467,1
TCGA-B0-5709-01A-11R-1541-07,0.5551325723109938,1
TCGA-B6-A0RV-01A-11R-A084-07,0.8871224178744133,1
TCGA-AA-A01V-01A-23R-A083-07,0.28176775024185774,0
TCGA-G9-7510-01A-11R-2263-07,0.42746952379725656,0
TCGA-D8-A73U-01A-11R-A33J-07,0.43553915276307636,0
TCGA-DD-AAEK-01A-11R-A41C-07,0.7911128725174574,1
TCGA-B0-5698-01A-11R-1672-07,0.5986940629449539,1
TCGA-KC-A4BL-01A-31R-A250-07,0.4347708495836302,1
TCGA-EJ-A7NM-01A-21R-A33R-07,0.832074709666388,1
TCGA-B2-5639-01A-01R-1541-07,0.3638448338591158,1
TCGA-BH-A8FZ-01A-11R-A352-07,0.8334268612795166,0
TCGA-22-5474-01A-01R-1635-07,0.34254475453846855,1
TCGA-E2-A1IL-01A-11R-A14D-07,0.43979510558546714,0
TCGA-D8-A1XV-01A-11R-A14M-07,0.5446180974763324,1
TCGA-2Z-A9J3-01A-12R-A38C-07,0.5778356290810656,1
TCGA-L5-A4OP-01A-11R-A260-31,0.887019564471772,1
TCGA-AO-A129-01A-21R-A10J-07,0.675053591082408,0
TCGA-B6-A0RL-01A-11R-A084-07,0.8618200419447012,1
TCGA-61-1743-01A-01R-1568-13,0.8774293891015162,1
TCGA-R6-A6Y0-01B-11R-A336-31,0.8272495382355385,1
TCGA-77-7463-01A-11R-2045-07,0.8954610954495212,1
TCGA-DD-AADW-01A-11R-A39D-07,0.34893596163402774,1
TCGA-AR-A1AP-01A-11R-A12P-07,0.8565089858216169,1
TCGA-A2-A25F-01A-11R-A169-07,0.44148903004178824,0
TCGA-AA-3862-01A-01R-1022-07,0.42169271817761667,1
TCGA-G4-6306-01A-11R-1774-07,0.7451801821914477,1
TCGA-EB-A3XC-01A-11R-A239-07,0.43279157106445976,0
TCGA-34-5927-01A-11R-1820-07,0.6661235267035849,1
TCGA-AA-A017-01A-01R-A00A-07,0.5734698479081506,1
TCGA-A4-A5XZ-01A-11R-A31O-07,0.3336778399943902,1
TCGA-E2-A1LS-01A-12R-A157-07,0.7313959193332011,1
TCGA-L5-A8NV-01A-11R-A37I-31,0.5878592461269033,1
TCGA-5P-A9KE-01A-11R-A42S-07,0.5203559579365261,0
TCGA-61-1724-01A-01R-1568-13,0.8947681188291607,1
TCGA-VR-A8EP-01A-31R-A406-31,0.84064800074285,1
TCGA-YL-A8SL-01B-21R-A37L-07,0.46419996928417206,1
TCGA-G4-6310-01A-11R-1723-07,0.6489717077720217,1
TCGA-G3-AAV2-01A-11R-A37K-07,0.9003583084789619,1
TCGA-OL-A5RV-01A-12R-A28M-07,0.34122587551795724,0
TCGA-KK-A8I6-01A-11R-A36G-07,0.6951748469741905,0
TCGA-BH-A0B6-01A-11R-A19W-07,0.6292841454245592,1
TCGA-G7-6789-01A-11R-1965-07,0.5230586166113548,1
TCGA-G9-A9S7-01A-11R-A41O-07,0.7333722772195185,0
TCGA-78-8640-01A-11R-2403-07,0.885553782325201,1
TCGA-55-6971-01A-11R-1949-07,0.8379665257890887,1
TCGA-DD-AAW2-01A-11R-A41C-07,0.6926460862363909,1
TCGA-HV-A5A4-01A-11R-A26U-07,0.39491851684668144,1
TCGA-BP-4355-01A-01R-1289-07,0.14939325994168953,1
TCGA-R6-A8W5-01B-11R-A37I-31,0.7443544085362882,1
TCGA-CH-5752-01A-11R-1580-07,0.6430044560466185,1
TCGA-A7-A3RF-01A-11R-A22K-07,0.7327149878369132,1
TCGA-ED-A8O5-01A-11R-A36F-07,0.7927577176772465,1
TCGA-AA-3522-01A-01R-0821-07,0.655759945207568,1
TCGA-ER-A42H-01A-11R-A24X-07,0.7169487970959553,1
TCGA-AL-3467-01A-02R-1351-07,0.9122925458085834,1
TCGA-55-8513-01A-11R-2403-07,0.35692246906958286,1
TCGA-AD-6901-01A-11R-1928-07,0.5088335115938366,0
TCGA-29-1694-01A-01R-1567-13,0.7437586211439103,0
TCGA-LN-A49V-01A-11R-A24K-31,0.8249824644827659,1
TCGA-55-6968-01A-11R-1949-07,0.841895648405037,1
TCGA-A4-8517-01A-11R-2404-07,0.43420409948653715,1
TCGA-CZ-5461-01A-01R-1503-07,0.6782819450316645,1
TCGA-D8-A1XZ-01A-11R-A14M-07,0.8708981980790389,0
TCGA-AA-A00W-01A-01R-A002-07,0.6064936892604622,1
TCGA-BP-4804-01A-02R-1305-07,0.507201949473257,1
TCGA-OL-A66J-01A-11R-A29R-07,0.6485753573092972,1
TCGA-AY-4070-01A-01R-1113-07,0.7901634488540336,1
TCGA-V1-A8WW-01A-11R-A37L-07,0.777382581784646,1
TCGA-B6-A40B-01A-11R-A239-07,0.5669132003229332,1
TCGA-LN-A49U-01A-31R-A260-31,0.5464642110791699,1
TCGA-AO-A03U-01B-21R-A10J-07,0.8659592429208859,1
TCGA-E2-A105-01A-11R-A10J-07,0.7332688894286835,1
TCGA-CW-6097-01A-11R-1672-07,0.3591158469301127,0
TCGA-2Y-A9GS-01A-12R-A38B-07,0.80786322410377,1
TCGA-EW-A1J6-01A-11R-A13Q-07,0.7319427116552395,0
TCGA-E9-A1RD-01A-11R-A157-07,0.6870804912300833,1
TCGA-AD-A5EK-01A-11R-A28H-07,0.7213793250342779,1
TCGA-2K-A9WE-01A-11R-A38C-07,0.3674167094594217,1
TCGA-EJ-A7NF-01A-11R-A33R-07,0.4481383630899463,1
TCGA-61-1721-01A-01R-1569-13,0.7233473856274356,1
TCGA-BP-4346-01A-01R-1289-07,0.1842202818227897,1
TCGA-AA-3989-01A-01R-1022-07,0.6428079703999938,1
TCGA-61-1998-01A-01R-1568-13,0.7573437988550071,0
TCGA-05-4244-01A-01R-1107-07,0.9195824593370003,1
TCGA-B8-A54K-01A-11R-A33J-07,0.4683749188379423,1
TCGA-5R-AA1D-01A-11R-A38B-07,0.5800775897624894,1
TCGA-34-5928-01A-11R-1820-07,0.7545892119722467,1
TCGA-BH-A0HQ-01A-11R-A034-07,0.33687315826168956,1
TCGA-CM-4746-01A-01R-1410-07,0.7996277027341383,1
TCGA-50-6593-01A-11R-1755-07,0.741675411175976,1
TCGA-DV-A4W0-01A-11R-A266-07,0.7953438236656403,1
TCGA-25-1634-01A-01R-1566-13,0.7671589865508461,0
TCGA-50-6597-01A-11R-1858-07,0.7403766575611297,1
TCGA-AY-A54L-01A-11R-A28H-07,0.6061585631523808,0
TCGA-BP-4774-01A-01R-1289-07,0.20996302913727422,1
TCGA-66-2789-01A-01R-0980-07,0.6704573082347626,0
TCGA-DM-A1D4-01A-21R-A155-07,0.5552370320051511,1
TCGA-86-7701-01A-11R-2170-07,0.8223671363001929,1
TCGA-21-1076-01A-02R-0692-07,0.7396685273396308,1
TCGA-AR-A0TX-01A-11R-A084-07,0.8773438527134614,1
TCGA-23-1116-01A-01R-1564-13,0.8352979940295836,1
TCGA-ZP-A9D0-01A-11R-A37K-07,0.8547261083490018,1
TCGA-CH-5743-01A-21R-1580-07,0.2446192250922582,0
TCGA-2A-AAYU-01A-11R-A41O-07,0.7396045209608119,1
TCGA-25-1323-01A-01R-1565-13,0.7781970224787254,1
TCGA-R6-A6Y2-01B-11R-A336-31,0.5983289464241475,1
TCGA-DD-A1EC-01A-21R-A131-07,0.8670873218735591,1
TCGA-E2-A1BC-01A-11R-A12P-07,0.6591335665438335,1
TCGA-DD-AADN-01A-11R-A41C-07,0.7183937884981989,1
TCGA-KK-A8ID-01A-11R-A36G-07,0.9164332626580186,1
TCGA-A2-A4RW-01A-21R-A266-07,0.7692207696825777,1
TCGA-56-7822-01A-11R-2125-07,0.6789133270118043,0
TCGA-O2-A52W-01A-11R-A26W-07,0.5647475545626224,1
TCGA-UL-AAZ6-01A-11R-A41B-07,0.8773763048566147,1
TCGA-YL-A8HO-01A-11R-A36G-07,0.7296394374806803,1
TCGA-13-0765-01A-01R-1564-13,0.8815814665532411,0
TCGA-55-6979-01A-11R-1949-07,0.5329442762598219,1
TCGA-IB-7888-01A-11R-2156-07,0.6558608372141905,1
TCGA-AQ-A54O-01A-11R-A266-07,0.3133597485366819,1
TCGA-HC-7744-01A-11R-2118-07,0.6283998520194038,1
TCGA-BP-4974-01A-01R-1334-07,0.34117940479673925,1
TCGA-A3-3367-01A-02R-1420-07,0.6992830933904457,1
TCGA-2H-A9GO-01A-11R-A37I-31,0.7640483688878005,1
TCGA-EJ-5522-01A-01R-1580-07,0.11125274389401148,1
TCGA-61-1919-01A-01R-1568-13,0.6743606571358179,1
TCGA-TP-A8TT-01A-12R-A41O-07,0.8104657646249177,1
TCGA-AN-A0FJ-01A-11R-A00Z-07,0.8752284562405686,1
TCGA-B0-5696-01A-11R-1541-07,0.39467537936686814,1
TCGA-CZ-4856-01A-02R-1426-07,0.23220027385496095,1
TCGA-A8-A075-01A-11R-A084-07,0.8389050859829577,0
TCGA-90-A4ED-01A-31R-A24Z-07,0.8695419474173471,1
TCGA-44-2657-01A-01R-1107-07,0.43726945027644487,0
TCGA-MP-A4TD-01A-32R-A262-07,0.4208811192217005,1
TCGA-XR-A8TG-01A-11R-A36F-07,0.6565898709565412,1
TCGA-33-4533-01A-01R-1201-07,0.7865045230013142,1
TCGA-55-8514-01A-11R-2403-07,0.7188661373988954,1
TCGA-25-1316-01A-01R-1565-13,0.8420025289170016,1
TCGA-EB-A6R0-01A-12R-A32P-07,0.8505026738032568,1
TCGA-Y8-A8S1-01A-11R-A37K-07,0.3599665580660478,1
TCGA-B0-5120-01A-01R-1420-07,0.5785114191359028,1
TCGA-KR-A7K0-01A-12R-A33R-07,0.7734200257505844,0
TCGA-50-5944-01A-11R-1755-07,0.8626404654350296,1
TCGA-99-AA5R-01A-11R-A39D-07,0.41197605125234565,1
TCGA-CZ-5452-01A-01R-1503-07,0.42111745957869,1
TCGA-XJ-A9DX-01A-11R-A37L-07,0.8880406620890263,0
TCGA-B6-A0IM-01A-11R-A034-07,0.7500332245081799,1
TCGA-61-2012-01A-01R-1568-13,0.8828264475185691,1
TCGA-2Z-A9J2-01A-11R-A38C-07,0.549729191989685,1
TCGA-AC-A6NO-01A-12R-A33J-07,0.4407147292320164,1
TCGA-E9-A1N4-01A-11R-A14M-07,0.9398981752860965,1
TCGA-DZ-6134-01A-11R-1965-07,0.10549361135408636,1
TCGA-20-1685-01A-01R-1566-13,0.8948235104604758,0
TCGA-BH-A0AZ-01A-21R-A12P-07,0.6582688297453574,1
TCGA-55-7227-01A-11R-2039-07,0.6010062051382141,1
TCGA-34-5231-01A-21R-1820-07,0.7893268836256118,1
TCGA-DD-AAE2-01A-11R-A41C-07,0.8708742914123795,1
TCGA-AC-A62Y-01A-11R-A29R-07,0.7131750649426016,0
TCGA-A7-A425-01A-11R-A24H-07,0.34596770523750586,1
TCGA-AD-6548-01A-11R-1839-07,0.7120619691924742,1
TCGA-AC-A3W6-01A-12R-A22K-07,0.31455663345603657,0
TCGA-EB-A5UM-01A-11R-A311-07,0.5488814215668056,1
TCGA-EW-A6SA-01A-21R-A32P-07,0.8492965588003444,1
TCGA-64-5779-01A-01R-1628-07,0.8033915038266556,0
TCGA-DD-A114-01A-11R-A131-07,0.6888864233817922,1
TCGA-85-8052-01A-11R-2247-07,0.6098934720429652,1
TCGA-A2-A0T4-01A-31R-A084-07,0.7182624975535945,0
TCGA-DD-A3A2-01A-11R-A213-07,0.7482226340924587,1
TCGA-E2-A1B4-01A-11R-A12P-07,0.6497297225587978,1
TCGA-HV-A5A3-01A-11R-A26U-07,0.7093297621788965,1
TCGA-78-7167-01A-11R-2066-07,0.5641317248668902,1
TCGA-85-8479-01A-11R-2326-07,0.7617097763926365,1
TCGA-XR-A8TE-01A-11R-A36F-07,0.8807318212324794,1
TCGA-BP-4971-01A-01R-1334-07,0.22967122113584074,0
TCGA-EJ-7786-01A-11R-2118-07,0.3477693412642154,1
TCGA-25-1320-01A-01R-1565-13,0.8923983906955887,1
TCGA-E2-A15S-01A-11R-A115-07,0.8890583189044979,1
TCGA-D9-A3Z4-01A-11R-A239-07,0.4348337897093727,1
TCGA-98-A53D-01A-32R-A262-07,0.23501629802049223,1
TCGA-DW-7839-01A-11R-2139-07,0.7750638068220811,1
TCGA-86-8671-01A-11R-2403-07,0.18204209631215032,1
TCGA-B8-A54H-01A-11R-A33J-07,0.3979915350124735,1
TCGA-ZS-A9CF-01A-11R-A38B-07,0.8509081436679039,1
TCGA-50-5930-01A-11R-1755-07,0.8952140675007721,1
TCGA-73-4676-01A-01R-1755-07,0.8294656747159732,0
TCGA-2A-AAYF-01A-11R-A41O-07,0.6292004901992608,1
TCGA-G9-6366-01A-11R-2118-07,0.7950585133899548,1
TCGA-56-7582-01A-11R-2045-07,0.3726383630292173,1
TCGA-CJ-4916-01A-01R-1426-07,0.4442974270757266,1
TCGA-B2-3924-01A-02R-1325-07,0.4157975209192784,1
TCGA-NJ-A55O-01A-11R-A262-07,0.9195230923362857,1
TCGA-G3-A25V-01A-11R-A16W-07,0.8282659160558603,0
TCGA-A6-A567-01A-31R-A28H-07,0.6740680101037053,1
TCGA-55-7907-01A-11R-2170-07,0.8949598006174398,1
TCGA-E2-A1LA-01A-11R-A144-07,0.749035761691382,1
TCGA-97-A4M5-01A-11R-A24X-07,0.8323496291964396,1
TCGA-CA-6716-01A-11R-1839-07,0.6678777813791292,1
TCGA-66-2756-01A-01R-0851-07,0.9083780871818956,0
TCGA-69-7763-01A-11R-2170-07,0.722000112465657,0
TCGA-FV-A3I1-01A-11R-A22L-07,0.7932930497733824,1
TCGA-A4-A48D-01A-11R-A24Z-07,0.3763350736040967,1
TCGA-30-1892-01A-01R-1568-13,0.6222274273732867,1
TCGA-S2-AA1A-01A-12R-A39D-07,0.6375109766205114,1
TCGA-AN-A0XT-01A-11R-A109-07,0.8275625375515272,1
TCGA-60-2726-01A-01R-0851-07,0.6529690890082999,1
TCGA-63-A5MV-01A-21R-A26W-07,0.8519611139123007,1
TCGA-HC-A6AL-01A-11R-A30B-07,0.541490963707519,1
TCGA-24-1560-01A-01R-1566-13,0.799963910222749,0
TCGA-A2-A0EU-01A-22R-A056-07,0.8264894969200701,1
TCGA-KK-A7AP-01A-12R-A33R-07,0.844663397088623,1
TCGA-44-6146-01A-11R-A278-07,0.5170206206889779,1
TCGA-62-A472-01A-11R-A24H-07,0.642167665597797,1
TCGA-56-8622-01A-11R-2403-07,0.8374002077120356,1
TCGA-B0-4819-01A-01R-1277-07,0.3089371124572562,1
TCGA-BP-5176-01A-01R-1426-07,0.482986528087345,1
TCGA-63-A5MP-01A-11R-A26W-07,0.681935210992283,0
TCGA-XK-AAK1-01A-11R-A41O-07,0.8763061094708073,1
TCGA-78-7158-01A-11R-2039-07,0.8349733235802116,1
TCGA-AA-3678-01A-01R-0905-07,0.7671859408751874,1
TCGA-HI-7171-01A-12R-2118-07,0.6322196158209591,1
TCGA-LN-A4A2-01A-31R-A260-31,0.4382762362024505,1
TCGA-D8-A1JE-01A-11R-A13Q-07,0.5411419451074668,1
TCGA-B8-5552-01B-11R-1672-07,0.2436253954418209,1
TCGA-A8-A09V-01A-11R-A034-07,0.40989330072904895,0
TCGA-HZ-A49H-01A-11R-A26U-07,0.6046385373684607,1
TCGA-IG-A97I-01A-11R-A38D-31,0.6105480982636439,1
TCGA-D8-A1JT-01A-31R-A13Q-07,0.40075379344773243,1
TCGA-BP-4782-01A-02R-1420-07,0.6280906461677214,1
TCGA-A2-A0CQ-01A-21R-A034-07,0.4643130566158951,1
TCGA-G3-A25U-01A-11R-A16W-07,0.7694186718541228,1
TCGA-BQ-7055-01A-11R-1965-07,0.7248874044897248,1
TCGA-37-A5EM-01A-21R-A27Q-07,0.8887967670854626,1
TCGA-NC-A5HG-01A-11R-A26W-07,0.9356723649553813,1
TCGA-13-1495-01A-01R-1565-13,0.8494431859200973,1
TCGA-AK-3431-01A-02R-1277-07,0.45058975726048445,1
TCGA-85-8049-01A-11R-2247-07,0.4934180086790679,1
TCGA-UZ-A9PP-01A-11R-A42S-07,0.5426160854900319,1
TCGA-DD-AAE9-01A-11R-A41C-07,0.883078498782674,1
TCGA-D5-5537-01A-21R-1928-07,0.6178968809979116,0
TCGA-VP-A879-01A-11R-A352-07,0.5730599067893355,0
TCGA-C8-A1HM-01A-12R-A137-07,0.7406394223774525,0
TCGA-A3-3316-01A-01R-0864-07,0.7106389634296357,1
TCGA-DW-7840-01A-11R-A32Z-07,0.5192756622220515,1
TCGA-D5-6927-01A-21R-1928-07,0.8375290205257379,1
TCGA-A6-2671-01A-01R-1410-07,0.5918431750940211,1
TCGA-61-1918-01A-01R-1568-13,0.8720181086029638,0
TCGA-FV-A3R3-01A-11R-A22L-07,0.8112671942049081,1
TCGA-F9-A7VF-01A-11R-A33Z-07,0.4104183692514325,1
TCGA-L7-A6VZ-01A-12R-A336-31,0.7994651150238578,0
TCGA-AA-3526-01A-02R-A32Z-07,0.4972684015337025,1
TCGA-56-8626-01A-11R-2403-07,0.7412998089563808,1
TCGA-DD-A3A1-01A-11R-A213-07,0.8243638892070597,1
TCGA-YL-A8SR-01B-11R-A37L-07,0.780926503002027,1
TCGA-B0-4848-01A-01R-1277-07,0.6220456537043756,1
TCGA-55-6969-01A-11R-1949-07,0.7239651322220345,1
TCGA-2A-A8VL-01A-21R-A37L-07,0.6758471096302925,1
TCGA-24-1422-01A-01R-1565-13,0.8334246456135046,1
TCGA-A3-3370-01A-02R-1420-07,0.6047810889212459,1
TCGA-EW-A2FW-01A-11R-A17B-07,0.9006840448142305,1
TCGA-BH-A0BL-01A-11R-A115-07,0.7496978823166623,1
TCGA-AA-A010-01A-01R-A089-07,0.9419957176938817,1
TCGA-AA-3664-01A-01R-0905-07,0.8205421244571612,0
TCGA-GN-A26C-01A-11R-A18T-07,0.8316047983812678,1
TCGA-85-8354-01A-31R-2326-07,0.8563373113995977,1
TCGA-A3-3373-01A-02R-1420-07,0.49855556167456394,1
TCGA-30-1891-01A-01R-1568-13,0.8138451394840344,1
TCGA-HC-7078-01A-11R-2118-07,0.856082713967664,1
TCGA-FC-A66V-01A-21R-A30B-07,0.07702773989144113,1
TCGA-A3-3324-01A-02R-1325-07,0.6416941903281056,1
TCGA-S3-AA10-01A-21R-A41B-07,0.6963919076923508,1
TCGA-53-7813-01A-11R-2170-07,0.37389121186120444,1
TCGA-EW-A1P3-01A-11R-A144-07,0.6620505870806007,1
TCGA-BF-A3DN-01A-11R-A20F-07,0.39885134174295406,1
TCGA-22-4596-01A-01R-1201-07,0.6624159671569609,1
TCGA-G4-6297-01A-11R-1723-07,0.38268789256353386,1
TCGA-05-4422-01A-01R-1206-07,0.8678176625395813,1
TCGA-67-3773-01A-01R-0946-07,0.7736147172130725,1
TCGA-75-7025-01A-12R-1949-07,0.7240105130799754,0
TCGA-BH-A18I-01A-11R-A12D-07,0.7423103637600155,0
TCGA-E9-A54Y-01A-11R-A466-07,0.45587936019382397,1
TCGA-BP-4758-01A-01R-1289-07,0.5493409202984461,1
TCGA-LN-A9FO-01A-11R-A38D-31,0.8783823926418737,1
TCGA-10-0936-01A-01R-1564-13,0.7600887782114599,0
TCGA-DD-AACP-01A-11R-A41C-07,0.875825321741564,1
TCGA-NH-A5IV-01A-42R-A37K-07,0.9085306867741815,1
TCGA-44-6777-01A-11R-1858-07,0.4833598246887954,1
TCGA-71-8520-01A-11R-2403-07,0.7144227381914943,1
TCGA-A8-A07I-01A-11R-A00Z-07,0.9151749918435025,1
TCGA-CC-A3M9-01A-11R-A213-07,0.795068929487024,1
TCGA-AN-A0AK-01A-21R-A00Z-07,0.8213070237043284,1
TCGA-BP-5174-01A-01R-1426-07,0.2987536006004752,1
TCGA-71-6725-01A-11R-1858-07,0.7395605491599783,1
TCGA-25-1623-01A-01R-1566-13,0.8146573519476256,1
TCGA-KK-A6E1-01A-11R-A311-07,0.9201553155477464,1
TCGA-AR-A0TQ-01A-11R-A084-07,0.6755511323079552,1
TCGA-50-5946-01A-11R-1755-07,0.8009820429089666,1
TCGA-A4-8312-01A-11R-2404-07,0.8255936984482959,1
TCGA-FC-7961-01A-11R-A29R-07,0.8043573074794822,1
TCGA-AA-A01G-01A-01R-A002-07,0.6789389366488765,1
TCGA-C8-A12Q-01A-11R-A115-07,0.911551652528937,1
TCGA-HV-A5A5-01A-11R-A26U-07,0.6018027345930261,1
TCGA-BP-4987-01A-01R-1334-07,0.5585978166595598,0
TCGA-24-1564-01A-01R-1566-13,0.7743329338257599,1
TCGA-EJ-7788-01A-11R-2118-07,0.522060936947024,0
TCGA-O9-A75Z-01A-11R-A33Z-07,0.5545613090615209,1
TCGA-36-1574-01A-01R-1566-13,0.8342226280820311,1
TCGA-21-1070-01A-01R-0692-07,0.6639769493674507,1
TCGA-BP-4976-01A-01R-1334-07,0.2338485280683271,1
TCGA-A7-A0CJ-01A-21R-A00Z-07,0.9506555859961467,1
TCGA-13-1501-01A-01R-1565-13,0.8986490825660923,1
TCGA-CZ-5469-01A-01R-1503-07,0.4958272057607611,1
TCGA-29-1776-01A-01R-1567-13,0.7492366386139988,1
TCGA-75-6214-01A-41R-1949-07,0.793607419187719,1
TCGA-55-8619-01A-11R-2403-07,0.3442452435744828,1
TCGA-A4-A6HP-01A-11R-A31O-07,0.13683827688789674,0
TCGA-LG-A6GG-01A-11R-A311-07,0.8806889356315291,1
TCGA-CC-A9FW-01A-11R-A37K-07,0.8502169915707599,1
TCGA-EJ-7781-01A-11R-2118-07,0.37338939373271657,1
TCGA-05-5420-01A-01R-1628-07,0.26907960608069575,1
TCGA-EW-A3U0-01A-11R-A22K-07,0.6899987689934799,1
TCGA-61-2002-01A-01R-1568-13,0.6918929672014578,1
TCGA-B0-4841-01A-01R-1277-07,0.6219918941176324,1
TCGA-CJ-4885-01A-01R-1305-07,0.5749199051406881,1
TCGA-AQ-A7U7-01A-22R-A352-07,0.23098034068307297,1
TCGA-VN-A88P-01A-11R-A352-07,0.7888215788117708,1
TCGA-XX-A899-01A-11R-A36F-07,0.733459955151573,1
TCGA-E2-A14X-01A-11R-A115-07,0.7235565242506496,1
TCGA-E2-A14U-01A-11R-A22K-07,0.11023225528685078,0
TCGA-CJ-6031-01A-11R-1672-07,0.3641451306108485,1
TCGA-38-4627-01A-01R-1206-07,0.22560292024124579,1
TCGA-V1-A9OT-01A-11R-A41O-07,0.5983283991033332,1
TCGA-VR-A8ET-01A-11R-A406-31,0.7980879365145285,1
TCGA-A2-A1G6-01A-11R-A13Q-07,0.3121973087666092,1
TCGA-B0-5110-01A-01R-1420-07,0.26334231983605466,1
TCGA-A4-7585-01A-11R-2139-07,0.5102848992603813,1
TCGA-F2-7276-01A-11R-2156-07,0.10674348641368754,1
TCGA-BP-5168-01A-01R-1420-07,0.6448023538045768,0
TCGA-D5-6540-01A-11R-1723-07,0.8725702597095802,1
TCGA-A6-6652-01A-11R-1774-07,0.4980858201919274,1
TCGA-96-8170-01A-11R-2296-07,0.6593765370864321,0
TCGA-36-1577-01A-01R-1566-13,0.8708210786525911,1
TCGA-44-8120-01A-11R-2241-07,0.86086784556621,1
TCGA-D5-6532-01A-11R-1723-07,0.7231576581407763,1
TCGA-AR-A2LK-01A-11R-A180-07,0.5601044844500446,1
TCGA-B6-A0X7-01A-11R-A10J-07,0.6465447207645983,1
TCGA-DD-AADQ-01A-11R-A41C-07,0.8597660662122453,1
TCGA-24-1416-01A-01R-1565-13,0.7294336891502157,1
TCGA-53-7626-01A-12R-2066-07,0.4807923882090493,1
TCGA-G9-6370-01A-11R-1789-07,0.13278393679819667,1
TCGA-A2-A0CX-01A-21R-A00Z-07,0.8488392149597326,1
TCGA-G9-6498-01A-12R-A311-07,0.7626882111951252,1
TCGA-EB-A24D-01A-11R-A18T-07,0.7917789495587603,1
TCGA-P4-A5EB-01A-11R-A28H-07,0.610229244402047,1
TCGA-55-6970-01A-11R-1949-07,0.7619899918858426,1
TCGA-AD-6963-01A-11R-1928-07,0.6247695144642977,1
TCGA-97-A4M3-01A-11R-A24X-07,0.7868074190346708,1
TCGA-23-2084-01A-02R-1568-13,0.8782832318103726,1
TCGA-E9-A228-01A-31R-A157-07,0.7928050876635859,1
TCGA-BF-A5EQ-01A-21R-A27Q-07,0.6226444165447715,1
TCGA-43-6773-01A-41R-1949-07,0.7366947628772578,1
TCGA-S3-AA17-01A-11R-A41B-07,0.8164855773932319,1
TCGA-D8-A143-01A-11R-A115-07,0.7023210981228265,1
TCGA-2Y-A9H7-01A-11R-A39D-07,0.8603289390160458,1
TCGA-91-6849-01A-11R-1949-07,0.8255781632537856,1
TCGA-B0-4818-01A-01R-1503-07,0.8572533314300768,1
TCGA-DM-A280-01A-12R-A16W-07,0.7800043622738284,1
TCGA-EW-A1PH-01A-11R-A14M-07,0.7952155331813384,1
TCGA-VN-A88R-01A-11R-A36G-07,0.830011980030419,1
TCGA-91-6829-01A-21R-1858-07,0.7092985859450163,1
TCGA-30-1857-01A-02R-1569-13,0.6702217211085559,1
TCGA-V1-A8WS-01A-11R-A37L-07,0.7704348660199426,0
TCGA-D8-A27H-01A-11R-A16F-07,0.8278936828382721,1
TCGA-56-8304-01A-11R-2326-07,0.8197101164435022,1
TCGA-43-5670-01A-21R-2125-07,0.823161302152892,1
TCGA-OL-A66P-01A-11R-A31O-07,0.5956576464891447,1
TCGA-78-7150-01A-21R-2039-07,0.7811410706061941,1
TCGA-C8-A12L-01A-11R-A115-07,0.9162329884552637,0
TCGA-IB-AAUT-01A-11R-A37L-07,0.28595547295289814,1
TCGA-B6-A0IN-01A-11R-A034-07,0.8326333732423987,1
TCGA-O8-A75V-01A-11R-A32O-07,0.5359879128353143,1
TCGA-DD-AAE6-01A-11R-A41C-07,0.8718386464693313,1
TCGA-L5-A8NR-01A-11R-A37I-31,0.7948020458829811,1
TCGA-KK-A8IG-01A-11R-A36G-07,0.7125915245915355,1
TCGA-L9-A8F4-01A-11R-A39D-07,0.8664087629710868,1
TCGA-13-0887-01A-01R-1564-13,0.8134538430034391,1
TCGA-BH-A1FR-01A-11R-A13Q-07,0.7673551618883498,1
TCGA-BP-4981-01A-01R-1334-07,0.159165241329347,1
TCGA-DV-5574-01A-01R-1541-07,0.3697811799853108,1
TCGA-AA-3696-01A-01R-0905-07,0.8461499046027229,0
TCGA-DD-A115-01A-11R-A131-07,0.8625769036146436,1
TCGA-98-A53B-01A-11R-A262-07,0.8363001827230185,1
TCGA-FB-A5VM-01A-11R-A32O-07,0.30896935989736923,1
TCGA-AK-3425-01A-02R-1277-07,0.5706511270545563,1
TCGA-CW-5581-01A-02R-1541-07,0.6812148613691038,1
TCGA-5P-A9K4-01A-11R-A42S-07,0.4533352223258389,1
TCGA-HE-A5NK-01A-11R-A26U-07,0.7473820857377655,1
TCGA-B9-A8YI-01A-21R-A37K-07,0.5506215968240178,1
TCGA-HZ-8001-01A-11R-2204-07,0.5705837016013384,1
TCGA-AC-A2FF-01A-11R-A17B-07,0.3645465223727186,1
TCGA-EJ-5512-01A-01R-1580-07,0.3502832677350995,1
TCGA-68-8251-01A-11R-2296-07,0.6199519908924221,1
TCGA-C8-A27B-01A-11R-A169-07,0.6668219679586835,1
TCGA-GF-A769-01A-32R-A32P-07,0.8636757881524592,1
TCGA-ZP-A9CZ-01A-11R-A38B-07,0.8478564399964114,0
TCGA-24-1845-01A-01R-1567-13,0.8361405043190476,1
TCGA-29-A5NZ-01A-11R-A406-31,0.725951617510141,1
TCGA-5P-A9KC-01A-11R-A42S-07,0.8063164589698177,1
TCGA-ZG-A9LY-01A-11R-A41O-07,0.780171180433738,1
TCGA-13-0890-01A-01R-1564-13,0.6650417019280507,0
TCGA-EW-A1J3-01A-11R-A13Q-07,0.618191206272571,1
TCGA-ED-A4XI-01A-11R-A266-07,0.4533609704168984,0
TCGA-23-1027-01A-02R-1564-13,0.6957302987690279,1
TCGA-A2-A0CV-01A-31R-A115-07,0.6816466354078116,1
TCGA-B0-5703-01A-11R-1541-07,0.6088689498738096,0
TCGA-BH-A18P-01A-11R-A12D-07,0.8028342510897385,0
TCGA-60-2703-01A-11R-2045-07,0.8219105905827819,0
TCGA-DD-AAD6-01A-11R-A41C-07,0.7904566998783018,1
TCGA-5P-A9KA-01A-11R-A42S-07,0.6145125275713674,1
TCGA-IB-7652-01A-11R-2156-07,0.4618772232787787,1
TCGA-97-A4M0-01A-11R-A24X-07,0.6245421169555118,1
TCGA-LN-A4A9-01A-11R-A28J-31,0.8585695085806428,1
TCGA-58-A46M-01A-11R-A24H-07,0.8378057861192241,1
TCGA-DD-AADM-01A-11R-A41C-07,0.627815175857726,1
TCGA-K7-A6G5-01A-11R-A311-07,0.7331727645691025,0
TCGA-55-8204-01A-11R-2241-07,0.832663355755854,1
TCGA-B4-5834-01A-11R-1672-07,0.34579289751798487,1
TCGA-69-7764-01A-11R-2170-07,0.7857386913261827,1
TCGA-A3-3380-01A-01R-0864-07,0.5506230208533215,0
TCGA-MF-A522-01A-11R-A262-07,0.7690336900569696,1
TCGA-FB-AAPY-01A-11R-A41B-07,0.24884119165397922,1
TCGA-HC-8260-01A-11R-2263-07,0.39580050322295907,1
TCGA-35-3615-01A-01R-0946-07,0.6201278500201042,0
TCGA-BF-AAOX-01A-11R-A39D-07,0.8449437050889019,1
TCGA-49-4510-01A-01R-1206-07,0.8437133285688502,0
TCGA-55-7726-01A-11R-2170-07,0.6853784652137204,1
TCGA-D5-6536-01A-11R-1723-07,0.7879148760001722,1
TCGA-43-A56U-01A-11R-A26W-07,0.5031938265896067,1
TCGA-EP-A3JL-01A-11R-A213-07,0.6683764021780813,1
TCGA-HC-8258-01A-11R-2263-07,0.4396000592454745,1
TCGA-Z6-A9VB-01A-21R-A37I-31,0.6565327651391333,0
TCGA-V1-A9O5-01A-11R-A41O-07,0.7892377846834521,0
TCGA-77-8146-01A-11R-2247-07,0.5155388526646248,1
TCGA-EU-5906-01A-11R-1672-07,0.2437643047435932,1
TCGA-34-2608-01A-02R-0851-07,0.4158457833243816,0
TCGA-LD-A7W6-01A-81R-A352-07,0.5228315635396927,1
TCGA-B8-4143-01A-01R-1188-07,0.8033127661583758,1
TCGA-BQ-5883-01A-11R-1592-07,0.5700552925887203,1
TCGA-V5-AASV-01A-11R-A38D-31,0.9054679524066478,0
TCGA-A7-A0D9-01A-31R-A056-07,0.8819174364752732,1
TCGA-A6-2676-01A-01R-0826-07,0.8838026351263206,1
TCGA-DM-A1D7-01A-11R-A155-07,0.8089341885609072,1
TCGA-B6-A3ZX-01A-11R-A239-07,0.4975904446684695,1
TCGA-05-4402-01A-01R-1206-07,0.5043359046366725,1
TCGA-AA-3555-01A-01R-0821-07,0.7342364643075151,1
TCGA-G3-A7M7-01A-12R-A352-07,0.4893191581886556,1
TCGA-A3-3351-01A-02R-1325-07,0.1932484932795836,0
TCGA-EB-A4IQ-01A-12R-A266-07,0.6051096837565183,1
TCGA-CJ-4907-01A-01R-1426-07,0.46389742684744895,0
TCGA-B8-5163-01A-01R-1420-07,0.40654543685383726,1
TCGA-AQ-A1H3-01A-31R-A13Q-07,0.7835406101007384,1
TCGA-52-7811-01A-11R-2125-07,0.8644835672553102,1
TCGA-AR-A250-01A-31R-A169-07,0.8224585175716509,1
TCGA-J9-A8CK-01A-11R-A352-07,0.8415588813860007,1
TCGA-A2-A04U-01A-11R-A115-07,0.917501002312846,1
TCGA-77-6843-01A-11R-1949-07,0.7716370332144462,1
TCGA-EW-A6SD-01A-12R-A33J-07,0.9076628536632013,0
TCGA-BH-A0B5-01A-11R-A12P-07,0.6351384764094423,0
TCGA-29-2425-01A-01R-1569-13,0.8536943057786569,1
TCGA-AA-3972-01A-01R-1022-07,0.8040499507869553,1
TCGA-B6-A0IK-01A-12R-A056-07,0.9114469875442174,1
TCGA-V1-A8MJ-01A-11R-A36G-07,0.6255100371721753,1
TCGA-B0-5707-01A-11R-1541-07,0.5458343267893376,0
TCGA-13-1409-01A-01R-1565-13,0.7471398043619443,0
TCGA-HC-7817-01B-11R-A29R-07,0.8284790673914788,1
TCGA-LN-A4MR-01A-11R-A28J-31,0.8590846442025839,1
TCGA-CM-4747-01A-01R-1410-07,0.6055239409915765,1
TCGA-BP-5192-01A-01R-1426-07,0.6835770504578969,0
TCGA-CC-A7IF-01A-11R-A33J-07,0.8228128570659095,1
TCGA-75-6212-01A-11R-1755-07,0.6683223657003644,1
TCGA-61-2095-01A-01R-1568-13,0.3312377568278225,1
TCGA-BP-4992-01A-01R-1334-07,0.2623601730306954,1
TCGA-KK-A6E7-01A-11R-A31N-07,0.7911229036873657,0
TCGA-24-1469-01A-01R-1566-13,0.8526253845814962,1
TCGA-DD-A73B-01A-12R-A32O-07,0.8017354307619857,1
TCGA-LN-A9FQ-01A-31R-A38D-31,0.4895263406793253,1
TCGA-J2-A4AG-01A-11R-A24H-07,0.8058386084444787,1
TCGA-G6-A8L8-01A-21R-A37O-07,0.6218540548677899,1
TCGA-A2-A0CS-01A-11R-A115-07,0.6911901148078927,1
TCGA-DD-AACA-01A-11R-A41C-07,0.8837408114154206,1
TCGA-A2-A0CZ-01A-11R-A034-07,0.6736792820050902,1
TCGA-23-1110-01A-01R-1564-13,0.8456760017887689,0
TCGA-E2-A150-01A-11R-A12D-07,0.8063842156391149,1
TCGA-A6-6142-01A-11R-1774-07,0.5164750052195706,1
TCGA-AO-A124-01A-11R-A10J-07,0.8534124543642901,1
TCGA-NC-A5HJ-01A-11R-A26W-07,0.7101877542991568,1
TCGA-85-8352-01A-31R-2326-07,0.9013558725982707,1
TCGA-B8-5545-01A-01R-1672-07,0.16290530487713542,1
TCGA-DD-A118-01A-11R-A131-07,0.8291979646463878,0
TCGA-NJ-A4YP-01A-11R-A262-07,0.8413519390842287,1
TCGA-94-7557-01A-11R-2125-07,0.6925836127093589,1
TCGA-78-7156-01A-11R-2039-07,0.8321001686855075,1
TCGA-BH-A0HP-01A-12R-A084-07,0.6848430834003635,1
TCGA-B1-A656-01A-11R-A31O-07,0.40731669983693974,1
TCGA-39-5037-01A-01R-1443-07,0.6199706571296411,1
TCGA-CJ-4892-01A-01R-1305-07,0.5544845016320006,1
TCGA-55-1592-01A-01R-0946-07,0.9250373242900428,1
TCGA-E2-A1L7-01A-11R-A144-07,0.881039822373025,1
TCGA-49-4512-01A-21R-1858-07,0.5877670031670732,0
TCGA-A1-A0SH-01A-11R-A084-07,0.6126493033303843,1
TCGA-G9-6339-01A-12R-A311-07,0.5941791727386385,1
TCGA-67-3771-01A-01R-0946-07,0.780371065342446,1
TCGA-J7-6720-01A-11R-2139-07,0.2607986520197047,1
TCGA-C8-A12O-01A-11R-A115-07,0.6130953493195956,1
TCGA-CH-5741-01A-11R-1580-07,0.8323429680931196,1
TCGA-EJ-A8FU-01A-11R-A36G-07,0.36285982221407564,1
TCGA-B0-4849-01A-01R-1277-07,0.600875106507719,1
TCGA-HC-A76W-01A-11R-A33R-07,0.7936255947860509,1
TCGA-CC-A8HT-01A-11R-A36F-07,0.8618511997629865,0
TCGA-G4-6320-01A-11R-1723-07,0.7971655709543105,1
TCGA-BP-4763-01A-01R-1289-07,0.7660675042924813,1
TCGA-A8-A097-01A-11R-A034-07,0.8682746547773149,1
TCGA-73-4662-01A-01R-1206-07,0.8888646404645711,1
TCGA-RC-A7SH-01A-11R-A38B-07,0.6811053937640865,1
TCGA-09-1661-01B-01R-1566-13,0.7330576019770739,1
TCGA-66-2766-01A-01R-0851-07,0.8441392684146581,1
TCGA-A2-A3XZ-01A-42R-A239-07,0.9007963018984353,0
TCGA-36-1581-01A-01R-1566-13,0.7569517931997265,1
TCGA-CH-5789-01A-11R-1580-07,0.43065120681372304,1
TCGA-BH-A1F0-01A-11R-A137-07,0.8133460627743333,1
TCGA-91-6847-01A-11R-1949-07,0.8157521458221131,0
TCGA-52-7809-01A-21R-2125-07,0.7930866513731126,1
TCGA-BD-A3ER-01A-11R-A213-07,0.7068963645641796,1
TCGA-13-1511-01A-01R-1565-13,0.895363351364483,1
TCGA-21-1079-01A-01R-0692-07,0.8736860358438648,1
TCGA-BH-A18V-01A-11R-A12D-07,0.6984837608517235,1
TCGA-F4-6569-01A-11R-1774-07,0.6146956933754483,1
TCGA-66-2781-01A-01R-0851-07,0.8857634152561495,1
TCGA-G3-A5SK-01A-11R-A27V-07,0.8604566980858869,1
TCGA-AC-A62V-01A-11R-A31O-07,0.6264472204144317,1
TCGA-BP-5195-01A-02R-1426-07,0.41901470824306186,1
TCGA-A8-A0A1-01A-11R-A00Z-07,0.7505517660546555,1
TCGA-38-4629-01A-02R-1206-07,0.38094205544159315,1
TCGA-AC-A5EH-01A-11R-A28M-07,0.8573299796504376,1
TCGA-M7-A721-01A-12R-A32O-07,0.7784056224158881,1
TCGA-23-1028-01A-01R-1564-13,0.7818715652651386,1
TCGA-AZ-5407-01A-01R-1723-07,0.6225767677818869,1
TCGA-56-8625-01A-11R-2403-07,0.706937347983163,1
TCGA-NC-A5HM-01A-12R-A26W-07,0.6335840758567688,1
TCGA-58-A46L-01A-11R-A24H-07,0.8703225949222566,0
TCGA-B6-A0IH-01A-11R-A115-07,0.4679651600221586,1
TCGA-77-A5FZ-01A-31R-A27Q-07,0.08688482337385335,1
TCGA-CK-4947-01B-11R-1653-07,0.6303476050407002,1
TCGA-AC-A2QI-01A-12R-A19W-07,0.44806844670214585,1
TCGA-G3-AAV4-01A-11R-A38B-07,0.9296122794331702,1
TCGA-93-7347-01A-11R-2187-07,0.5943427260723465,1
TCGA-LL-A73Z-01A-11R-A32P-07,0.6808195423434292,1
TCGA-AC-A2BK-01A-11R-A21T-07,0.849491628599787,0
TCGA-25-1315-01A-01R-1565-13,0.8794011594979964,1
TCGA-A2-A0T2-01A-11R-A084-07,0.4361488062814276,1
TCGA-P4-A5E7-01A-31R-A28H-07,0.5665976596152975,0
TCGA-E2-A574-01A-11R-A29R-07,0.7690484463473141,0
TCGA-09-2051-01A-01R-1568-13,0.9001558942917876,1
TCGA-S3-A6ZH-01A-22R-A32P-07,0.7271252687642008,0
TCGA-AA-3548-01A-01R-1873-07,0.5278066406796948,1
TCGA-B9-A8YH-01A-11R-A37K-07,0.21344336176125897,0
TCGA-AA-3971-01A-01R-1022-07,0.8040440455238197,0
TCGA-BP-5169-01A-01R-1426-07,0.6741217749422115,1
TCGA-A2-A3XW-01A-11R-A239-07,0.4898585169426993,0
TCGA-AU-3779-01A-01R-1723-07,0.6636248234950882,1
TCGA-21-1071-01A-01R-0692-07,0.47985249129788016,1
TCGA-2L-AAQE-01A-11R-A39D-07,0.6400874801516975,1
TCGA-78-7143-01A-11R-2039-07,0.8218861137443432,1
TCGA-CM-5863-01A-21R-1839-07,0.5416815492747266,1
TCGA-85-8288-01A-11R-2296-07,0.6156188927332058,1
TCGA-CC-5259-01A-31R-A213-07,0.7905808288573386,1
TCGA-22-5480-01A-01R-1635-07,0.6972859790047605,1
TCGA-DW-7963-01B-11R-A28H-07,0.3947520215891525,0
TCGA-A1-A0SN-01A-11R-A144-07,0.9069470324279011,1
TCGA-V1-A8X3-01A-11R-A37L-07,0.7025117627089351,1
TCGA-E9-A22D-01A-11R-A157-07,0.8268542798554539,1
TCGA-B0-5075-01A-01R-1334-07,0.6680496557011828,1
TCGA-AK-3433-01A-02R-1277-07,0.5569534019611528,1
TCGA-BP-4331-01A-01R-1289-07,0.28053138498712604,0
TCGA-ES-A2HT-01A-12R-A180-07,0.6667454190334828,1
TCGA-29-1766-01A-01R-1567-13,0.8015506454109398,1
TCGA-HZ-7926-01A-11R-2156-07,0.5956001117111902,1
TCGA-4L-AA1F-01A-11R-A41O-07,0.5794406479849412,1
TCGA-Q2-A5QZ-01A-11R-A28H-07,0.47805812797177977,0
TCGA-49-4490-01A-21R-1858-07,0.6469416402830597,1
TCGA-2Y-A9H2-01A-12R-A38B-07,0.6872246375485357,1
TCGA-24-1923-01A-01R-1567-13,0.7364743641794806,1
TCGA-22-4595-01A-01R-1201-07,0.769174553004103,1
TCGA-44-6147-01B-06R-A277-07,0.24918119206819836,1
TCGA-3A-A9I5-01A-11R-A38C-07,0.516697958161688,0
TCGA-50-5933-01A-11R-1755-07,0.665763933733556,1
TCGA-BP-4995-01A-01R-1334-07,0.0005685279906435173,1
TCGA-A2-A1FV-01A-11R-A13Q-07,0.8032573106378008,0
TCGA-CZ-4866-01A-01R-1503-07,0.4231929825998786,0
TCGA-F4-6570-01A-11R-1774-07,0.8445699214328322,1
TCGA-BH-A0EI-01A-11R-A115-07,0.6933195169416844,1
TCGA-AA-3713-01A-21R-1723-07,0.8794668639630431,1
TCGA-NI-A4U2-01A-11R-A28V-07,0.8607218020285631,1
TCGA-DD-AADY-01A-11R-A41C-07,0.5769964992556224,1
TCGA-05-4405-01A-21R-1858-07,0.4905282312210836,1
TCGA-EJ-8469-01A-11R-2403-07,0.6067966024503079,1
TCGA-CK-5914-01A-11R-1653-07,0.6135894003607573,1
TCGA-61-2104-01A-01R-1568-13,0.7395227424069476,1
TCGA-95-7562-01A-11R-2241-07,0.9008310981125636,1
TCGA-NK-A5CR-01A-11R-A26W-07,0.8519384451123942,1
TCGA-DD-AACU-01A-11R-A41C-07,0.8643308252242594,1
TCGA-DD-A119-01A-11R-A131-07,0.7832287792071868,1
TCGA-GM-A3NW-01A-21R-A22K-07,0.844824326828939,1
TCGA-50-8459-01A-11R-2326-07,0.2397907540165319,1
TCGA-AO-A12C-01A-11R-A10J-07,0.8761660388335927,0
TCGA-CK-4950-01A-01R-1723-07,0.49564878696143944,0
TCGA-55-6987-01A-11R-1949-07,0.6891330953799997,1
TCGA-G3-A7M6-01A-11R-A33R-07,0.8706678423922996,1
TCGA-EW-A3E8-01B-11R-A24H-07,0.426219508279204,1
TCGA-AO-A0JB-01A-11R-A32Y-07,0.4998670972721055,1
TCGA-EJ-A8FO-01A-21R-A36G-07,0.4379323556162313,1
TCGA-CM-6168-01A-11R-1653-07,0.6221595026922524,1
TCGA-J4-8198-01A-11R-2263-07,0.7154512784197614,1
TCGA-YL-A8SA-01A-21R-A37L-07,0.6654950833046737,1
TCGA-CJ-5679-01A-11R-1541-07,0.7297820886621789,1
TCGA-LL-A7SZ-01A-32R-A352-07,0.5973042853913768,1
TCGA-CM-6677-01A-11R-1839-07,0.735476559346362,1
TCGA-BP-4973-01A-01R-1334-07,0.429945675157602,1
TCGA-2L-AAQJ-01A-12R-A39D-07,0.6618979893227648,1
TCGA-09-0367-01A-01R-1564-13,0.8341130217073747,1
TCGA-BQ-7044-01A-11R-1965-07,0.5894445673850821,1
TCGA-B0-4813-01A-01R-1277-07,0.7273867993922377,1
TCGA-24-1104-01A-01R-1565-13,0.8345895758634997,1
TCGA-HC-A6HY-01A-11R-A31N-07,0.4830688100391871,1
TCGA-L5-A8NK-01A-21R-A37I-31,0.6733602349316499,1
TCGA-31-1953-01A-01R-1568-13,0.882735749314655,1
TCGA-BH-A8FY-01A-11R-A36F-07,0.33452060892325397,1
TCGA-B0-5107-01A-01R-1420-07,0.6226264012380192,0
TCGA-09-1673-01A-01R-1566-13,0.8977155378439056,1
TCGA-CH-5764-01A-21R-1580-07,0.34919114858366285,0
TCGA-2H-A9GN-01A-11R-A37I-31,0.8639174556312881,1
TCGA-23-1024-01A-02R-1564-13,0.9323565415569369,0
TCGA-B8-5549-01A-01R-1541-07,0.34822535761208284,1
TCGA-GL-8500-01A-11R-2404-07,0.38050387435532834,1
TCGA-KK-A8IM-01A-11R-A36G-07,0.39035659749534934,0
TCGA-BH-A0BQ-01A-21R-A115-07,0.6062238144975675,1
TCGA-G3-A6UC-01A-21R-A33J-07,0.8072259134563059,1
TCGA-20-1687-01A-01R-1566-13,0.7779430873722504,0
TCGA-AC-A2QH-01A-11R-A18M-07,0.6634342630125207,1
TCGA-DM-A28M-01A-12R-A16W-07,0.451757417013278,1
TCGA-13-0899-01A-01R-1564-13,0.8212923697858197,1
TCGA-2Y-A9GW-01A-11R-A38B-07,0.5650357244681369,1
TCGA-2A-A8VT-01A-11R-A37L-07,0.7243663802390093,1
TCGA-D5-6922-01A-11R-1928-07,0.4290148625638877,1
TCGA-24-1847-01A-01R-1566-13,0.8706580364238167,1
TCGA-AC-A2FO-01A-11R-A180-07,0.6570142454348766,1
TCGA-UB-A7MC-01A-11R-A33R-07,0.7851787956469958,1
TCGA-MP-A4TK-01A-11R-A24X-07,0.7472708729223959,1
TCGA-04-1542-01A-01R-1566-13,0.8621592162982329,1
TCGA-EW-A1P8-01A-11R-A144-07,0.7142517481249071,1
TCGA-G7-7501-01A-11R-2204-07,0.8510669414264769,1
TCGA-A2-A0D0-01A-11R-A00Z-07,0.906094882282282,0
TCGA-HC-7079-01A-11R-1965-07,0.08683857552392789,1
TCGA-KK-A8IA-01A-11R-A36G-07,0.8042719752788824,1
TCGA-D5-6529-01A-11R-1774-07,0.7542822444582755,1
TCGA-G4-6304-01A-11R-1928-07,0.7881817982058359,1
TCGA-BH-A0HB-01A-11R-A056-07,0.748618311880818,1
TCGA-CJ-4882-01A-02R-1426-07,0.6694844049494968,1
TCGA-24-1435-01A-01R-1566-13,0.7656243262910215,1
TCGA-AA-3492-01A-01R-1410-07,0.8827504607940148,0
TCGA-IZ-8196-01A-11R-2404-07,0.4698428817917836,1
TCGA-UB-A7ME-01A-11R-A33J-07,0.8042399940256059,0
TCGA-6A-AB49-01A-12R-A405-07,0.7971863676274554,1
TCGA-63-7021-01A-11R-1949-07,0.6736399635711089,1
TCGA-A2-A0EN-01A-13R-A084-07,0.5543063353255453,0
TCGA-A8-A0A2-01A-11R-A034-07,0.771823972174353,0
TCGA-DD-AACX-01A-11R-A41C-07,0.8417845134368626,1
TCGA-E2-A14O-01A-31R-A115-07,0.650825349276053,1
TCGA-AA-3695-01A-01R-0905-07,0.8856462706941899,1
TCGA-A2-A0EM-01A-11R-A034-07,0.7236973110139334,1
TCGA-AA-3549-01A-02R-0821-07,0.9035046675551762,1
TCGA-ED-A7XP-01A-11R-A352-07,0.7344922896184374,1
TCGA-97-7938-01A-11R-2170-07,0.7068893181252991,1
TCGA-23-1122-01A-01R-1565-13,0.8553489184012926,1
TCGA-AA-A01I-01A-02R-A089-07,0.539237038034428,1
TCGA-ZS-A9CG-01A-11R-A37K-07,0.7778191621476893,1
TCGA-A7-A0DA-01A-31R-A115-07,0.7818865321775681,1
TCGA-29-1701-01A-01R-1567-13,0.6899199883832757,1
TCGA-LN-A4A6-01A-11R-A260-31,0.8393175087472263,0
TCGA-2H-A9GQ-01A-11R-A37I-31,0.9227862239508174,1
TCGA-B8-4620-01A-02R-1325-07,0.762888814610621,1
TCGA-B0-4718-01A-01R-1277-07,0.5928515801485772,1
TCGA-AA-3861-01A-01R-1022-07,0.553944545611243,1
TCGA-D5-6932-01A-11R-1928-07,0.7860528973755195,1
TCGA-55-8091-01A-11R-2241-07,0.6033674212924045,1
TCGA-64-1681-01A-11R-2066-07,0.7457361302190101,1
TCGA-VR-AA7I-01A-11R-A406-31,0.7395323452911858,0
TCGA-AZ-4308-01A-01R-1410-07,0.4926645795638094,1
TCGA-13-1403-01A-01R-1565-13,0.8541289361460972,1
TCGA-AL-3471-01A-02R-1351-07,0.6045300051456259,1
TCGA-23-2078-01A-01R-1568-13,0.8751724146370942,1
TCGA-25-2409-01A-01R-1569-13,0.8801307336611194,1
TCGA-BH-A0W7-01A-11R-A115-07,0.7220115206630856,1
TCGA-DM-A1D6-01A-21R-A155-07,0.6910530806192303,1
TCGA-13-1512-01A-01R-1565-13,0.9164070124671245,1
TCGA-23-1111-01A-01R-1567-13,0.8450464726686578,1
TCGA-43-6647-01A-11R-1820-07,0.7518671584001587,1
TCGA-85-7698-01A-11R-2125-07,0.6337963620796437,1
TCGA-MW-A4EC-01A-11R-A266-07,0.626187596989763,1
TCGA-58-A46J-01A-11R-A24H-07,0.8211364445537055,1
TCGA-DD-AAVX-01A-11R-A41C-07,0.8361320821469983,1
TCGA-29-1777-01A-01R-1567-13,0.4635653055212455,1
TCGA-A2-A3XX-01A-21R-A239-07,0.6998776836006644,1
TCGA-55-7725-01A-11R-2170-07,0.4738080000731197,1
TCGA-BH-A0DP-01A-21R-A056-07,0.5806269978547838,1
TCGA-PD-A5DF-01A-11R-A27V-07,0.9287889301952512,1
TCGA-77-7465-01A-11R-2045-07,0.7831598695477171,1
TCGA-A6-5659-01A-01R-A278-07,0.5370471097933902,1
TCGA-A8-A08G-01A-11R-A00Z-07,0.628367152338189,1
TCGA-39-5029-01A-01R-1443-07,0.7801565928918891,0
TCGA-DD-AAVQ-01A-11R-A41C-07,0.5757203265058812,1
TCGA-BH-A0DK-01A-21R-A056-07,0.7490714360712089,1
TCGA-AC-A2QJ-01A-12R-A19W-07,0.09117704914534863,1
TCGA-BP-4799-01A-01R-1305-07,0.6636681555143057,1
TCGA-18-3415-01A-01R-0980-07,0.6625093514652178,1
TCGA-22-A5C4-01A-12R-A27Q-07,0.9235115625304089,1
TCGA-Y8-A896-01A-11R-A36F-07,0.5917712930867935,1
TCGA-AC-A2FG-01A-11R-A17B-07,0.7481462614943383,1
TCGA-CW-5584-01A-01R-1541-07,0.3016846242631775,1
TCGA-58-8387-01A-11R-2296-07,0.8404842403420426,1
TCGA-55-7724-01A-11R-2170-07,0.2619977678595344,1
TCGA-AO-A12B-01A-11R-A10J-07,0.6259875122672832,1
TCGA-KC-A7F3-01A-21R-A33R-07,0.6334671606030536,1
TCGA-49-4514-01A-21R-1858-07,0.8376862298642049,1
TCGA-A8-A09N-01A-11R-A00Z-07,0.8259142937579974,1
TCGA-C8-A12W-01A-11R-A115-07,0.551858727421286,1
TCGA-BP-4797-01A-01R-1305-07,0.3512853871188022,0
TCGA-G3-A7M9-01A-23R-A352-07,0.7793115775503424,1
TCGA-55-7815-01A-11R-2170-07,0.4810597667038633,1
TCGA-EJ-A8FP-01A-21R-A36G-07,0.33966463279953246,1
TCGA-AN-A0FT-01A-11R-A034-07,0.831161939715146,0
TCGA-A2-A25A-01A-12R-A16F-07,0.6057618201212412,1
TCGA-33-4547-01A-01R-1201-07,0.8255845180031498,0
TCGA-G9-7523-01A-11R-2263-07,0.5891583454050422,1
TCGA-KK-A8II-01A-11R-A36G-07,0.6678335001500819,1
TCGA-09-2048-01A-01R-1568-13,0.690094601013028,1
TCGA-B0-4824-01A-01R-1277-07,0.5338865983280824,1
TCGA-BH-A0DH-01A-11R-A084-07,0.8162336293098649,0
TCGA-55-8615-01A-11R-2403-07,0.8232785739700811,1
TCGA-78-8648-01A-11R-2403-07,0.2575483120623626,0
TCGA-05-4426-01A-01R-1206-07,0.8405227307620261,1
TCGA-CW-6087-01A-11R-1672-07,0.3135752084488492,1
TCGA-BH-A2L8-01A-11R-A18M-07,0.8014691295244162,1
TCGA-64-1680-01A-02R-0946-07,0.6441913159690883,1
TCGA-ER-A19T-01A-11R-A18T-07,0.8260801711079016,1
TCGA-IB-7891-01A-11R-2204-07,0.36214792014812186,1
TCGA-SX-A7SN-01A-11R-A355-07,0.6800305797873941,0
TCGA-EJ-7793-01A-31R-2263-07,0.3174701508536993,1
TCGA-23-1118-01A-01R-1564-13,0.7845368266854406,1
TCGA-AQ-A54N-01A-11R-A266-07,0.6863257325286117,1
TCGA-DD-AAW1-01A-11R-A41C-07,0.7125893108559848,1
TCGA-L5-A43E-01A-11R-A24K-31,0.6691745860119063,1
TCGA-AA-A00O-01A-02R-A089-07,0.8232973805275741,0
TCGA-24-2261-01A-01R-1568-13,0.8764250363788463,1
TCGA-AA-3688-01A-01R-0905-07,0.6630251654258511,0
TCGA-UZ-A9PV-01A-11R-A42S-07,0.5903584345112348,1
TCGA-37-A5EN-01A-21R-A26W-07,0.8587865627490292,1
TCGA-09-2053-01C-01R-1568-13,0.8153196612120389,1
TCGA-EW-A1J5-01A-11R-A13Q-07,0.7915654144142733,1
TCGA-IB-AAUQ-01A-22R-A41I-07,0.6859041674733571,1
TCGA-A2-A0SX-01A-12R-A084-07,0.5650641953798196,1
TCGA-H8-A6C1-01A-11R-A32O-07,0.6172854553579548,0
TCGA-P4-AAVO-01A-11R-A42S-07,0.6269212908164004,1
TCGA-A7-A6VY-01A-12R-A33J-07,0.8328554192849504,1
TCGA-BP-5177-01A-01R-1426-07,0.38403630219219154,0
TCGA-37-4141-01A-02R-1100-07,0.6745006994705198,0
TCGA-85-8355-01A-11R-2296-07,0.7373326478545615,1
TCGA-60-2719-01A-01R-0851-07,0.8452155411738036,1
TCGA-AA-A01C-01A-01R-A00A-07,0.7107538125994531,1
TCGA-G9-6329-01A-13R-1965-07,0.5137598259616126,1
TCGA-BH-A0HK-01A-11R-A056-07,0.8742793476232855,1
TCGA-34-5239-01A-21R-1820-07,0.7536616384954418,0
TCGA-NC-A5HH-01A-11R-A26W-07,0.8916720098694432,1
TCGA-NC-A5HK-01A-11R-A26W-07,0.8136536601396251,1
TCGA-69-7973-01A-11R-2187-07,0.8122091117444631,1
TCGA-77-8128-01A-11R-2247-07,0.78316039065651,1
TCGA-B0-5700-01A-11R-1541-07,0.20438357944176816,1
TCGA-IB-8126-01A-11R-2404-07,0.5000073784026963,1
TCGA-QL-A97D-01A-12R-A41B-07,0.8793071451533059,0
TCGA-XR-A8TC-01A-11R-A36F-07,0.8428110145956892,1
TCGA-63-A5MU-01A-11R-A26W-07,0.8368665403744839,1
TCGA-B8-A54F-01A-11R-A266-07,0.5329643673580774,0
TCGA-78-7220-01A-11R-2039-07,0.732736372361627,1
TCGA-97-8176-01A-11R-2403-07,0.8504246411693576,1
TCGA-G4-6293-01A-11R-1723-07,0.7809087605179835,1
TCGA-05-5715-01A-01R-1628-07,0.6687657564533184,1
TCGA-E2-A1IF-01A-11R-A144-07,0.55981448245582,1
TCGA-AC-A3YI-01A-21R-A239-07,0.23715970210042445,1
TCGA-2J-AAB6-01A-11R-A41B-07,0.5966477852076834,1
TCGA-B1-A47N-01A-11R-A24Z-07,0.3064586678353869,1
TCGA-D8-A1JL-01A-11R-A13Q-07,0.598546018196909,1
TCGA-SS-A7HO-01A-21R-A37K-07,0.5070762777103259,1
TCGA-58-8390-01A-11R-2326-07,0.7767316662859765,1
TCGA-85-8582-01A-21R-2403-07,0.7806884179952132,1
TCGA-J9-A8CL-01A-11R-A352-07,0.9057383293795239,1
TCGA-BQ-5888-01A-11R-1592-07,0.7097667627489072,1
TCGA-GM-A2DF-01A-11R-A180-07,0.6933442512557673,1
TCGA-CJ-4891-01A-01R-1305-07,0.7389702924563535,1
TCGA-E2-A14R-01A-11R-A115-07,0.9253558643418439,1
TCGA-30-1853-01A-02R-1567-13,0.8328024644309815,1
TCGA-EV-5903-01A-11R-1592-07,0.48308527223544706,1
TCGA-G9-6353-01A-11R-1965-07,0.2733880235899039,0
TCGA-BC-A110-01A-11R-A131-07,0.5860781066824472,1
TCGA-04-1648-01A-01R-1567-13,0.8757909344729762,1
TCGA-55-6983-01A-11R-1949-07,0.6169475318337218,1
TCGA-WX-AA44-01A-11R-A39D-07,0.7296438313285315,1
TCGA-C8-A132-01A-31R-A115-07,0.9215802054850473,0
TCGA-A2-A0CU-01A-12R-A034-07,0.8241420738331815,1
TCGA-46-3769-01A-01R-0980-07,0.7326391169433183,0
TCGA-PE-A5DC-01A-12R-A27Q-07,0.8430195538282523,1
TCGA-2J-AAB9-01A-11R-A41B-07,0.513358044263237,0
TCGA-21-1083-01A-01R-0692-07,0.908053346021427,1
TCGA-E2-A15F-01A-11R-A115-07,0.747428528362083,1
TCGA-BH-A1F5-01A-12R-A13Q-07,0.5566882371475055,1
TCGA-EW-A1P4-01A-21R-A144-07,0.8734856533251255,1
TCGA-29-1778-01A-01R-1567-13,0.8832669961286159,1
TCGA-30-1718-01A-01R-1567-13,0.8372050014395097,1
TCGA-86-8074-01A-11R-2241-07,0.6891722019495324,1
TCGA-A6-6782-01A-11R-1839-07,0.5398166356324468,1
TCGA-IA-A83V-01A-11R-A355-07,0.6036759060688037,0
TCGA-KK-A6E5-01A-11R-A311-07,0.7390195356714834,1
TCGA-L9-A5IP-01A-21R-A39D-07,0.8635850010481898,0
TCGA-58-8391-01A-11R-2326-07,0.6998509827772033,1
TCGA-KK-A8IK-01A-11R-A36G-07,0.726186910528537,1
TCGA-F4-6807-01A-11R-1839-07,0.5920677519043014,1
TCGA-EJ-5516-01A-01R-1580-07,0.1001104124719849,1
TCGA-85-8350-01A-11R-2296-07,0.729660398618173,1
TCGA-KK-A7AZ-01A-12R-A32O-07,0.8433178859969748,1
TCGA-DW-7842-01A-11R-A32Z-07,0.27716544359674755,1
TCGA-OL-A6VQ-01A-12R-A41B-07,0.2462397008433932,1
TCGA-31-1946-01A-01R-1568-13,0.8543815752709777,0
TCGA-AZ-6606-01A-11R-1839-07,0.826237006858698,1
TCGA-DD-AAD1-01A-11R-A41C-07,0.6039142925462608,1
TCGA-A2-A0CO-01A-13R-A22K-07,0.081014684745716,1
TCGA-CM-4750-01A-01R-1410-07,0.6461858811935152,1
TCGA-AC-A4ZE-01A-11R-A41B-07,0.720167889401246,1
TCGA-BP-4327-01A-01R-1289-07,0.4458589895363631,1
TCGA-UZ-A9PX-01A-11R-A42S-07,0.5538064193831432,1
TCGA-BH-A0B9-01A-11R-A056-07,0.8020299714985349,1
TCGA-FB-AAQ0-01A-31R-A41B-07,0.41912627409206654,1
TCGA-A8-A09K-01A-11R-A00Z-07,0.7809726836381886,1
TCGA-55-1595-01A-01R-0946-07,0.8548050492468943,1
TCGA-J4-A83K-01A-11R-A352-07,0.36431399633152817,1
TCGA-A2-A1G4-01A-11R-A13Q-07,0.8533561537360176,1
TCGA-A2-A04T-01A-21R-A034-07,0.6723315533240659,1
TCGA-V1-A8MK-01A-11R-A36G-07,0.4489214486890362,1
TCGA-AN-A03X-01A-21R-A00Z-07,0.8369809837545767,1
TCGA-97-7547-01A-11R-2039-07,0.8543330150787217,1
TCGA-AD-6889-01A-11R-1928-07,0.9077117248128139,1
TCGA-KK-A7AW-01A-11R-A32O-07,0.14587184961059343,1
TCGA-AO-A03N-01B-11R-A10J-07,0.42326284748568105,1
TCGA-EJ-5530-01A-01R-1580-07,0.2416786792121402,0
TCGA-P4-AAVM-01A-11R-A42S-07,0.2068272998352303,1
TCGA-66-2778-01A-02R-0851-07,0.2523543880546466,1
TCGA-HC-A6AP-01A-11R-A30B-07,0.14459492292744747,0
TCGA-Z6-AAPN-01A-11R-A406-31,0.7762827735969164,0
TCGA-CJ-4886-01A-01R-1305-07,0.3524358991105186,0
TCGA-BP-4769-01A-01R-1289-07,0.28740000613274413,1
TCGA-D8-A1XM-01A-21R-A14M-07,0.7079562733489473,1
TCGA-A7-A4SA-01A-11R-A266-07,0.775075909759072,1
TCGA-LN-A7HZ-01A-31R-A354-31,0.5659383462255124,1
TCGA-AR-A1AO-01A-11R-A12P-07,0.6812423567844309,1
TCGA-Y6-A9XI-01A-11R-A41O-07,0.736945911611192,1
TCGA-31-1951-01A-01R-1568-13,0.8115308563643358,1
TCGA-25-1318-01A-01R-1565-13,0.6665457265383976,1
TCGA-B0-5099-01A-01R-1420-07,0.5834706084028854,1
TCGA-CH-5794-01A-11R-1580-07,0.7328752588498256,1
TCGA-BQ-5894-01A-11R-1592-07,0.5416360493757523,1
TCGA-CZ-4863-01A-01R-1503-07,0.6860925190975189,1
TCGA-DD-AADJ-01A-11R-A41C-07,0.8946978861034928,1
TCGA-B0-4845-01A-01R-1277-07,0.306063905421002,1
TCGA-BC-A216-01A-11R-A155-07,0.8748222278891695,1
TCGA-CJ-4871-01A-01R-1305-07,0.4358605632154603,1
TCGA-B0-5710-01A-11R-1672-07,0.5435195394337694,1
TCGA-CH-5750-01A-11R-1580-07,0.7653788937389697,0
TCGA-DV-5566-01A-01R-1541-07,0.5415908650466451,1
TCGA-BC-A10X-01A-11R-A131-07,0.6904990504724124,0
TCGA-60-2721-01A-01R-0851-07,0.7592959563142636,1
TCGA-F2-7273-01A-11R-2156-07,0.1970996803216434,1
TCGA-05-4389-01A-01R-1206-07,0.7635490317515427,1
TCGA-A8-A083-01A-21R-A00Z-07,0.7308642349282519,1
TCGA-EJ-7317-01A-31R-2118-07,0.34932578222531796,1
TCGA-24-2023-01A-01R-1567-13,0.8947178299157014,1
TCGA-B6-A0RM-01A-11R-A084-07,0.8572319279609063,1
TCGA-56-A5DS-01A-11R-A27Q-07,0.7070366137470404,1
TCGA-CJ-5672-01A-11R-1541-07,0.22273498969751906,1
TCGA-73-7498-01A-12R-2187-07,0.6041551622952503,1
TCGA-GM-A2DH-01A-11R-A180-07,0.7886008445882962,0
TCGA-A8-A082-01A-11R-A00Z-07,0.7809427596770889,1
TCGA-DD-A4NI-01A-11R-A27V-07,0.8476412122695789,1
TCGA-G4-6626-01A-11R-1774-07,0.6764477832525391,1
TCGA-CH-5738-01A-11R-1580-07,0.18567314186490524,1
TCGA-79-5596-01A-31R-1949-07,0.7892076417288506,1
TCGA-A6-5656-01A-21R-A278-07,0.4697980395288025,0
TCGA-BP-4766-01A-01R-1289-07,0.7380003597623962,1
TCGA-XQ-A8TB-01A-11R-A36G-07,0.7866470725085165,1
TCGA-BP-4337-01A-01R-1289-07,0.7047098719616142,1
TCGA-G9-A9S4-01A-11R-A41O-07,0.7621191576944609,1
TCGA-CH-5762-01A-11R-1580-07,0.40599787788559694,1
TCGA-B0-5106-01A-01R-1420-07,0.5153963613951221,1
TCGA-V1-A9OX-01A-11R-A41O-07,0.41072088870120144,0
TCGA-DD-AADU-01A-11R-A41C-07,0.8240884036730565,1
TCGA-A3-3385-01A-02R-1420-07,0.6646320837351888,1
TCGA-90-7964-01A-21R-2187-07,0.7393635439902224,1
TCGA-55-7913-01B-11R-2241-07,0.8734478315350909,0
TCGA-AN-A0AJ-01A-11R-A00Z-07,0.885708980962983,0
TCGA-09-1670-01A-01R-1566-13,0.5439268086303433,1
TCGA-A4-7734-01A-11R-A32Z-07,0.5277240091675199,1
TCGA-55-7914-01A-11R-2170-07,0.8766753809596084,1
TCGA-77-7140-01A-41R-2045-07,0.8693256367837844,1
TCGA-VN-A943-01A-11R-A41O-07,0.5179247206007427,0
TCGA-B0-5108-01A-01R-1420-07,0.5601007963144858,1
TCGA-J9-A8CN-01A-11R-A352-07,0.7306433454500056,1
TCGA-13-1485-01A-02R-1565-13,0.6201520481921932,1
TCGA-33-AASL-01A-11R-A405-07,0.9081539650257181,1
TCGA-CC-5264-01A-01R-A131-07,0.9211407050509464,1
TCGA-CK-4952-01A-01R-1723-07,0.637872609614059,1
TCGA-04-1530-01A-02R-1569-13,0.798222956210278,1
TCGA-80-5608-01A-31R-1949-07,0.7589470847258445,0
TCGA-B1-A657-01A-11R-A31O-07,0.485392673834589,1
TCGA-AA-3489-01A-21R-1839-07,0.48425818431623613,1
TCGA-OL-A66O-01A-11R-A31O-07,0.37436370759035065,1
TCGA-5L-AAT1-01A-12R-A41B-07,0.7529286958266799,0
TCGA-55-6986-01A-11R-1949-07,0.8826460723925506,1
TCGA-FB-A4P5-01A-11R-A26U-07,0.09886382109438771,1
TCGA-AK-3428-01A-02R-1277-07,0.7544101022106191,0
TCGA-4T-AA8H-01A-11R-A41B-07,0.5830444720221144,1
TCGA-L5-A88Y-01A-11R-A354-31,0.7093015390093528,1
TCGA-VN-A88K-01A-11R-A352-07,0.8630965659318381,0
TCGA-58-A46N-01A-11R-A24H-07,0.9136347011755003,1
TCGA-YL-A9WH-01A-11R-A37L-07,0.8407147327574445,1
TCGA-44-6776-01A-11R-1858-07,0.7755250306043827,0
TCGA-97-A4M6-01A-11R-A24X-07,0.6963358876960681,1
TCGA-33-4583-01A-01R-1443-07,0.826469575285885,1
TCGA-2Y-A9H9-01A-21R-A39D-07,0.8669522649657933,0
TCGA-D8-A27L-01A-11R-A16F-07,0.49404119720506684,1
TCGA-F4-6704-01A-11R-1839-07,0.7772559715414608,1
TCGA-63-A5MY-01A-11R-A26W-07,0.8889774708193996,1
TCGA-AA-3666-01A-02R-0905-07,0.8071303190416085,1
TCGA-A8-A08Z-01A-21R-A00Z-07,0.664589592507417,1
TCGA-V1-A9Z9-01A-21R-A41O-07,0.8834032045408893,1
TCGA-3A-A9IR-01A-11R-A38C-07,0.8881148274169434,1
TCGA-24-1436-01A-01R-1566-13,0.8057566139389863,0
TCGA-BH-A0AU-01A-11R-A12P-07,0.8679334661821156,1
TCGA-G9-6379-01A-11R-A31N-07,0.07842347262603731,0
TCGA-DD-AADR-01A-11R-A41C-07,0.864356519465746,1
TCGA-EB-A4OY-01A-11R-A266-07,0.6685573580949874,1
TCGA-63-A5MG-01A-12R-A27Q-07,0.7500241775452737,0
TCGA-BP-4341-01A-01R-1289-07,0.4960214912970941,1
TCGA-B8-5550-01A-01R-1541-07,0.4985538776841893,1
TCGA-50-5935-01A-11R-1755-07,0.8236019001930014,1
TCGA-D5-6929-01A-31R-1928-07,0.793505022649731,1
TCGA-55-A48X-01A-11R-A24H-07,0.4756236859379852,1
TCGA-BH-A0HA-01A-11R-A12P-07,0.5254333028905717,1
TCGA-AD-5900-01A-11R-1653-07,0.8574021187094184,0
TCGA-50-5049-01A-01R-1628-07,0.7596756075173986,1
TCGA-BH-A0B7-01A-12R-A115-07,0.8887010661296626,1
TCGA-33-AAS8-01A-11R-A405-07,0.7594566513193065,1
TCGA-BH-A0GZ-01A-11R-A056-07,0.6955444711561377,1
TCGA-LN-A4A1-01A-21R-A260-31,0.63455719131723,1
TCGA-XK-AAIW-01A-11R-A41O-07,0.8954166688115852,1
TCGA-98-8021-01A-11R-2247-07,0.8441073068034229,1
TCGA-B6-A0WX-01A-11R-A109-07,0.575053021046936,1
TCGA-EB-A82B-01A-11R-A352-07,0.8641496817299769,0
TCGA-25-1324-01A-01R-1565-13,0.6967896906664721,1
TCGA-13-1482-01A-01R-1565-13,0.6928400606401994,1
TCGA-KH-A6WC-01A-11R-A336-31,0.6126789188512384,1
TCGA-KC-A7FA-01A-21R-A33R-07,0.6990925204187839,1
TCGA-B2-4098-01A-02R-1325-07,0.6947220262746162,1
TCGA-EJ-A7NH-01A-12R-A33R-07,0.3109189927613592,0
TCGA-CJ-5686-01A-11R-1672-07,0.5807243010455412,0
TCGA-V1-A8MU-01A-11R-A37L-07,0.6367025920344443,0
TCGA-67-3774-01A-01R-0946-07,0.7140692198745183,1
TCGA-93-8067-01A-11R-2287-07,0.8050038905138673,1
TCGA-CJ-4923-01A-01R-1426-07,0.30781439444719416,1
TCGA-G6-A8L6-01A-11R-A37O-07,0.17181427421493617,1
TCGA-EB-A5SF-01A-11R-A311-07,0.25578522912028007,1
TCGA-34-2600-01A-01R-0851-07,0.8466386976839321,1
TCGA-E9-A1NF-01A-11R-A14D-07,0.8786055075878977,1
TCGA-A8-A08L-01A-11R-A00Z-07,0.8086182912194136,0
TCGA-AO-A0J4-01A-11R-A034-07,0.6634236072055951,1
TCGA-55-8203-01A-11R-2241-07,0.8052638424395794,1
TCGA-LN-A49S-01A-11R-A24K-31,0.745670290952829,1
TCGA-NC-A5HP-01A-11R-A26W-07,0.8235292458132443,1
TCGA-BH-A1FB-01A-11R-A13Q-07,0.21710136695148788,1
TCGA-53-A4EZ-01A-12R-A24X-07,0.831338658813036,1
TCGA-69-7978-01A-11R-2187-07,0.7634688430924211,1
TCGA-UB-AA0U-01A-11R-A38B-07,0.7282305052055076,1
TCGA-44-7662-01A-11R-2066-07,0.8765703513120988,1
TCGA-E2-A14P-01A-31R-A12D-07,0.91948673906015,1
TCGA-66-2770-01A-01R-0851-07,0.4850008036874248,1
TCGA-GL-A4EM-01A-11R-A24Z-07,0.21101070336113445,1
TCGA-A3-3357-01A-02R-1420-07,0.7822479556029669,1
TCGA-AA-A01D-01A-01R-A00A-07,0.706611571192729,1
TCGA-39-5040-01A-21R-2125-07,0.9056527477250165,1
TCGA-2Y-A9H6-01A-11R-A39D-07,0.7364311909284464,1
TCGA-38-6178-01A-11R-1755-07,0.7633690895335048,1
TCGA-G3-A25Z-01A-11R-A16W-07,0.9175989600142058,1
TCGA-BH-A204-01A-11R-A157-07,0.5948404458876029,1
TCGA-AA-A01Z-01A-11R-A083-07,0.8145634087858221,1
TCGA-FB-AAPU-01A-31R-A41B-07,0.8275237096168856,1
TCGA-18-3406-01A-01R-0980-07,0.234372697346177,0
TCGA-HC-7742-01A-11R-2118-07,0.6059754763166131,1
TCGA-B0-4691-01A-01R-1277-07,0.5239683406349811,1
TCGA-18-3408-01A-01R-0980-07,0.5353944501632747,0
TCGA-A8-A07W-01A-11R-A00Z-07,0.7054184031775058,1
TCGA-OL-A6VR-01A-32R-A33J-07,0.8214511451387733,1
TCGA-CA-6718-01A-11R-1839-07,0.7566506712544163,1
TCGA-04-1357-01A-01R-1565-13,0.7990889759470018,0
TCGA-X4-A8KS-01A-12R-A36G-07,0.24652171032697015,1
TCGA-EW-A2FR-01A-11R-A21T-07,0.7263297815072078,1
TCGA-A8-A0A9-01A-11R-A00Z-07,0.7941526308163879,1
TCGA-J4-A83N-01A-11R-A352-07,0.6643063099490844,1
TCGA-CJ-4872-01A-01R-1305-07,0.5692506948813495,1
TCGA-B0-5081-01A-01R-1334-07,0.5345918745481654,1
TCGA-E9-A24A-01A-11R-A169-07,0.6102461872507067,0
TCGA-DD-A73E-01A-12R-A32O-07,0.8350829066801985,1
TCGA-LA-A7SW-01A-11R-A405-07,0.9255460546531296,1
TCGA-C8-A12U-01A-11R-A115-07,0.8430113959408266,1
TCGA-B0-5097-01A-01R-1420-07,0.7810364720506847,1
TCGA-13-0795-01A-01R-1564-13,0.6921244940825194,1
TCGA-A7-A56D-01A-11R-A27Q-07,0.3216600703021282,1
TCGA-G3-A25S-01A-11R-A16W-07,0.8532684166601033,1
TCGA-XQ-A8TA-01A-11R-A36G-07,0.8590503057363678,1
TCGA-BP-4335-01A-01R-1289-07,0.3549673299881535,1
TCGA-CC-5258-01A-01R-A131-07,0.7746401271778784,1
TCGA-HC-A48F-01A-11R-A250-07,0.7691693774021288,1
TCGA-93-A4JN-01A-11R-A24X-07,0.3084061634039418,1
TCGA-DD-AADI-01A-11R-A41C-07,0.5725304871782596,0
TCGA-A8-A090-01A-11R-A00Z-07,0.794650259326069,1
TCGA-66-2785-01A-01R-0851-07,0.5534236360810723,0
TCGA-61-2097-01A-02R-1568-13,0.6432256795233392,1
TCGA-5P-A9K2-01A-11R-A42S-07,0.41443648331185595,1
TCGA-KK-A8IC-01A-11R-A36G-07,0.762299090022412,0
TCGA-A7-A26E-01A-11R-A277-07,0.378739200590796,1
TCGA-50-5066-01A-01R-1628-07,0.24494378541698425,1
TCGA-D8-A27N-01A-11R-A16F-07,0.9248103736508115,0
TCGA-78-7166-01A-12R-2066-07,0.4754041327153966,0
TCGA-E9-A1R3-01A-31R-A14M-07,0.6841205992996077,0
TCGA-97-A4M2-01A-12R-A24X-07,0.3267809787253202,1
TCGA-BQ-7056-01A-11R-1965-07,0.7046070507829157,1
TCGA-13-0724-01A-01R-1564-13,0.8860951680153873,0
TCGA-BH-A0HW-01A-11R-A034-07,0.7979625437335799,1
TCGA-PE-A5DE-01A-11R-A27Q-07,0.49909028124033,1
TCGA-2L-AAQI-01A-12R-A39D-07,0.7628324895439891,0
TCGA-2A-A8VV-01A-11R-A37L-07,0.7564741148566012,1
TCGA-39-5016-01A-01R-1443-07,0.6832697943463071,0
TCGA-D5-6930-01A-11R-1928-07,0.5403123974830013,1
TCGA-D8-A27I-01A-11R-A16F-07,0.2808424535045412,1
TCGA-V1-A8ML-01A-11R-A37L-07,0.9026184721278542,1
TCGA-85-6798-01A-11R-1949-07,0.6795546116250891,1
TCGA-AA-3510-01A-01R-1410-07,0.8603914696513998,1
TCGA-98-A53A-01A-11R-A262-07,0.8884827278504125,1
TCGA-A4-A772-01A-11R-A33Z-07,0.27907594333590313,0
TCGA-MP-A4TC-01A-11R-A24X-07,0.6382947398922221,1
TCGA-49-6745-01A-11R-1858-07,0.5333829127894908,1
TCGA-10-0927-01A-02R-1564-13,0.898263531197693,0
TCGA-A2-A0CT-01A-31R-A056-07,0.7621272305687821,1
TCGA-99-8025-01A-11R-2241-07,0.8207417418259529,1
TCGA-ZS-A9CE-01A-11R-A37K-07,0.9436407489161109,0
TCGA-AO-A0J6-01A-11R-A034-07,0.7839605005628024,1
TCGA-CA-6715-01A-21R-1839-07,0.8055911974288834,1
TCGA-AR-A255-01A-11R-A169-07,0.7538490517313913,0
TCGA-61-2088-01A-01R-1568-13,0.7901634810352116,1
TCGA-DD-A4NV-01A-11R-A311-07,0.7220640527454527,1
TCGA-K7-A5RF-01A-11R-A28V-07,0.6958259100151842,1
TCGA-RC-A6M6-01A-11R-A32O-07,0.8828764818231142,1
TCGA-EP-A12J-01A-11R-A131-07,0.8122778489208967,1
TCGA-BH-A0BW-01A-11R-A115-07,0.7489055910789236,1
TCGA-56-A4BY-01A-11R-A24H-07,0.8404526395940312,1
TCGA-AA-3980-01A-02R-1022-07,0.8148236529829078,1
TCGA-55-8507-01A-11R-2403-07,0.774535946993287,0
TCGA-BH-A0BS-01A-11R-A12P-07,0.754007033207691,1
TCGA-DD-A4NH-01A-11R-A27V-07,0.7231836613767993,1
TCGA-L9-A443-01A-12R-A24H-07,0.8287801428655033,1
TCGA-IB-7893-01A-11R-2204-07,0.331315428948129,0
TCGA-C8-A26W-01A-11R-A16F-07,0.9071304796665293,1
TCGA-AA-3866-01A-01R-1022-07,0.7593912890427021,1
TCGA-AA-3966-01A-01R-1113-07,0.7062229452637586,0
TCGA-24-1425-01A-02R-1566-13,0.8218018631729621,1
TCGA-J9-A52D-01A-11R-A29R-07,0.7872449211269501,1
TCGA-2Z-A9JQ-01A-11R-A42S-07,0.20809045058586115,1
TCGA-AA-3941-01A-01R-1022-07,0.6991886109713006,1
TCGA-77-7337-01A-21R-2045-07,0.6741489473872951,1
TCGA-92-8063-01A-11R-2247-07,0.8679630178892063,1
TCGA-BH-A0EA-01A-11R-A115-07,0.3807200154494034,1
TCGA-EJ-7330-01A-11R-2118-07,0.32282770365075836,1
TCGA-CC-A3MC-01A-11R-A22L-07,0.7679900783580045,1
TCGA-DD-AADD-01A-11R-A41C-07,0.8616602106926559,1
TCGA-EJ-7314-01A-31R-2118-07,0.672525892369678,1
TCGA-E2-A109-01A-11R-A10J-07,0.8909590769464876,1
TCGA-AO-A1KR-01A-12R-A144-07,0.715539526332554,1
TCGA-EJ-A7NK-01A-12R-A352-07,0.27719223982071295,1
TCGA-56-A4ZK-01A-11R-A262-07,0.8937317804263679,1
TCGA-B0-5117-01A-01R-1420-07,0.8075145377777684,0
TCGA-A2-A04R-01A-41R-A109-07,0.7659717212825149,1
TCGA-78-7152-01A-11R-2039-07,0.7185862519057883,1
TCGA-EB-A41B-01A-11R-A24X-07,0.8263237354413502,1
TCGA-50-6592-01A-11R-1755-07,0.7838991791234674,0
TCGA-E9-A1NA-01A-11R-A144-07,0.8719445184401372,1
TCGA-97-8552-01A-11R-2403-07,0.37715276408654397,1
TCGA-DD-A4NQ-01A-21R-A28V-07,0.8589995476974703,1
TCGA-QG-A5YX-01A-11R-A28H-07,0.7492735611781177,1
TCGA-38-4632-01A-01R-1755-07,0.6899121807839076,0
TCGA-ZP-A9D1-01A-11R-A38B-07,0.7853832112709894,0
TCGA-E9-A1RF-01A-11R-A157-07,0.9199179231577419,1
TCGA-AA-3681-01A-01R-0905-07,0.8092683659237841,1
TCGA-BH-A0BR-01A-21R-A115-07,0.8349999163331372,1
TCGA-CA-5254-01A-21R-1839-07,0.8570899197789981,1
TCGA-18-3417-01A-01R-1443-07,0.6282733314174365,1
TCGA-86-A4P7-01A-11R-A24X-07,0.7584649727490771,1
TCGA-24-1924-01A-01R-1567-13,0.6722885111872174,1
TCGA-AO-A0JL-01A-11R-A056-07,0.7077832325442681,0
TCGA-ED-A7PX-01A-51R-A352-07,0.8699784672428198,0
TCGA-29-1696-01A-01R-1567-13,0.5725053168524001,1
TCGA-AC-A8OP-01A-11R-A36F-07,0.8058772196095799,0
TCGA-BP-5202-01A-02R-1426-07,0.35253786029732903,1
TCGA-EP-A26S-01A-11R-A16W-07,0.8794368560097499,1
TCGA-77-8144-01A-11R-2247-07,0.8248050488113445,1
TCGA-60-2713-01A-01R-0851-07,0.8687364092973627,0
TCGA-AO-A03T-01A-21R-A034-07,0.48593342999547334,1
TCGA-NK-A5D1-01A-11R-A26W-07,0.7764055485192155,1
TCGA-NI-A8LF-01A-11R-A36F-07,0.8725875496186506,1
TCGA-B0-4693-01A-01R-1277-07,0.7686881815657012,0
TCGA-CH-5761-01A-11R-1580-07,0.8466167039108486,1
TCGA-VR-A8EW-01A-11R-A36D-31,0.6786420553519344,1
TCGA-09-0364-01A-02R-1564-13,0.6941107564816158,1
TCGA-US-A77E-01A-11R-A32O-07,0.5061060539768192,1
TCGA-BP-4329-01A-02R-1289-07,0.7438794106486842,1
TCGA-E9-A2JS-01A-11R-A180-07,0.8081342158638707,0
TCGA-L5-A8NN-01A-11R-A37I-31,0.8528637205609266,1
TCGA-BP-4169-01A-02R-1289-07,0.71185155187562,1
TCGA-DD-A3A5-01A-11R-A22L-07,0.7604224609402648,1
TCGA-KK-A7B1-01A-11R-A32O-07,0.830847357304247,1
TCGA-KR-A7K2-01A-12R-A33R-07,0.7863902699696435,1
TCGA-77-A5G8-01B-11R-A27Q-07,0.6684174228121061,1
TCGA-AA-A00F-01A-01R-A002-07,0.6951590617276817,1
TCGA-BP-4340-01A-01R-1289-07,0.4937487512896608,1
TCGA-BP-4164-01A-02R-1325-07,0.6434332567125555,1
TCGA-B6-A0RU-01A-11R-A084-07,0.6774188613448876,1
TCGA-EJ-7794-01A-11R-2118-07,0.3392344152908906,1
TCGA-C8-A12P-01A-11R-A115-07,0.8854141685407994,1
TCGA-09-1674-01A-01R-1566-13,0.8401840261243213,1
TCGA-G9-6365-01A-11R-1789-07,0.42365022004611425,1
TCGA-J4-8200-01A-11R-A29R-07,0.4998410294351912,0
TCGA-BH-A0H5-01A-21R-A115-07,0.236160580061757,1
TCGA-66-2787-01A-01R-0980-07,0.6777119773858603,1
TCGA-XK-AAIV-01A-11R-A41O-07,0.7440924423044148,1
TCGA-G9-6351-01A-21R-1965-07,0.5318382863041752,1
TCGA-BP-4967-01A-01R-1334-07,0.4918850098555339,0
TCGA-39-5036-01A-01R-1443-07,0.5203773880709323,1
TCGA-2J-AAB8-01A-12R-A41B-07,0.6838452810725363,0
TCGA-ZP-A9CV-01A-11R-A38B-07,0.7928845900971911,1
TCGA-A6-5667-01A-21R-1723-07,0.7210580817316584,1
TCGA-XJ-A83F-01A-11R-A352-07,0.740456373632588,1
TCGA-BP-4160-01A-02R-1289-07,0.381869151834347,1
TCGA-AA-A02H-01A-01R-A089-07,0.7831293627135002,1
TCGA-SU-A7E7-01A-22R-A33R-07,0.42758184512365244,1
TCGA-LN-A8HZ-01A-11R-A36D-31,0.5690523745416152,1
TCGA-VP-A87C-01A-11R-A352-07,0.5067328342886975,1
TCGA-G9-6347-01A-11R-A31N-07,0.13876047350504403,1
TCGA-2L-AAQM-01A-11R-A39D-07,0.8288308597125704,0
TCGA-CA-5797-01A-01R-1653-07,0.6919751295207884,1
TCGA-2J-AABA-01A-21R-A41B-07,0.6446264083046116,1
TCGA-77-8156-01A-11R-2247-07,0.8245627453487856,1
TCGA-VR-A8EZ-01A-11R-A36D-31,0.68425465265544,0
TCGA-J9-A52C-01A-11R-A26U-07,0.45135995465399104,1
TCGA-BP-4989-01A-01R-1334-07,0.5039753435530994,0
TCGA-EB-A3Y7-01A-11R-A239-07,0.5771382767533269,1
TCGA-13-1506-01A-01R-1565-13,0.8064821688751567,1
TCGA-EJ-A46D-01A-21R-A32Y-07,0.6753441515802614,0
TCGA-HC-A631-01A-11R-A29R-07,0.7514448385166151,1
TCGA-69-7761-01A-11R-2170-07,0.5142024010303394,1
TCGA-61-2092-01A-01R-1568-13,0.892843684871613,1
TCGA-BH-A1FN-01A-11R-A13Q-07,0.7727422732457254,1
TCGA-G3-A25X-01A-11R-A16W-07,0.6781383943597928,1
TCGA-34-8455-01A-11R-2326-07,0.7679243515691444,1
TCGA-BP-4972-01A-01R-1334-07,0.39198422265707206,0
TCGA-13-0885-01A-02R-1569-13,0.7930771520713513,0
TCGA-CJ-6027-01A-11R-1672-07,0.6069068554833154,0
TCGA-O1-A52J-01A-11R-A262-07,0.6306636887953988,1
TCGA-EB-A3XB-01A-11R-A239-07,0.3872071099930877,1
TCGA-KK-A7AY-01A-11R-A33R-07,0.773545816481699,1
TCGA-AA-3930-01A-01R-1022-07,0.8507294876058485,0
TCGA-49-4506-01A-01R-1206-07,0.7469665435052609,1
TCGA-61-2000-01A-01R-1568-13,0.9271694181819414,1
TCGA-Z5-AAPL-01A-12R-A41B-07,0.09979301923291224,1
TCGA-ZG-A9LU-01A-11R-A41O-07,0.3425287910730705,1
TCGA-JY-A93F-01A-21R-A37I-31,0.9042671532274446,0
TCGA-66-2800-01A-01R-1201-07,0.7301627726357702,1
TCGA-66-2773-01A-01R-1201-07,0.6931538353949571,0
TCGA-C8-A27A-01A-11R-A169-07,0.7733842954270238,1
TCGA-G7-A8LE-01A-11R-A36F-07,0.3753790444511669,1
TCGA-HC-7819-01A-11R-2118-07,0.4680368455999629,0
TCGA-50-5936-01A-11R-1628-07,0.814375302804109,1
TCGA-86-8359-01A-11R-2326-07,0.830346299635215,1
TCGA-AA-3518-01A-02R-0826-07,0.7569892871795494,1
TCGA-HC-7211-01A-11R-2118-07,0.5450582342247992,1
TCGA-BH-A0C0-01A-21R-A056-07,0.9208900732673235,1
TCGA-AA-A02O-01A-21R-A16W-07,0.33751546180761904,1
TCGA-KK-A8I5-01A-11R-A36G-07,0.8209028777245634,1
TCGA-BP-5000-01A-01R-1334-07,0.26579585345717566,1
TCGA-A8-A09X-01A-11R-A00Z-07,0.8723517071924585,1
TCGA-ER-A2NF-01A-11R-A18T-07,0.8805038429100505,0
TCGA-BH-A6R8-01A-21R-A33J-07,0.6190663401350066,0
TCGA-44-2661-01A-01R-1107-07,0.14409084911279954,1
TCGA-AO-A0J2-01A-11R-A034-07,0.8925079150675819,1
TCGA-IG-A5B8-01A-11R-A28J-31,0.5822268863526745,1
TCGA-55-8512-01A-11R-2403-07,0.6584113767378489,0
TCGA-HE-A5NJ-01A-11R-A26U-07,0.4463689096249739,0
