sample_id,score,y_member
TCGA-B0-5115-01A-01R-1420-07,0.27538076232576486,1
TCGA-EJ-A46E-01A-31R-A250-07,0.8381058663752968,1
TCGA-DD-AAE7-01A-11R-A41C-07,0.48531231749043857,1
TCGA-Z6-A8JE-01A-11R-A37I-31,0.6946644834980512,1
TCGA-A8-A08F-01A-11R-A00Z-07,0.6414127680908256,1
TCGA-59-2350-01A-01R-1569-13,0.5988292587407014,1
TCGA-CZ-4858-01A-01R-1305-07,0.9843006202697103,1
TCGA-CZ-5470-01A-01R-1503-07,0.6304785916711182,1
TCGA-AN-A0XN-01A-21R-A109-07,0.6834983070939648,1
TCGA-37-A5EL-01A-11R-A26W-07,0.6773682877361789,1
TCGA-46-6025-01A-11R-1820-07,0.6168375599459159,1
TCGA-AN-A0XS-01A-22R-A109-07,0.5275988779564682,1
TCGA-M7-A725-01A-12R-A32O-07,0.8089608336987565,1
TCGA-XN-A8T3-01A-11R-A36G-07,0.4158371222222261,0
TCGA-3K-AAZ8-01A-12R-A39D-07,0.3214005243446548,1
TCGA-B9-5155-01A-01R-1592-07,0.5673958148238096,1
TCGA-OK-A5Q2-01A-11R-A27Q-07,0.6030199745059989,1
TCGA-2Y-A9H8-01A-11R-A39D-07,0.6622630649672887,1
TCGA-30-1866-01A-02R-1568-13,0.5782059774317971,1
TCGA-SX-A7SO-01A-11R-A355-07,0.7301231766892312,1
TCGA-55-7283-01A-11R-2039-07,0.5747574797118453,1
TCGA-M7-A720-01A-12R-A32O-07,0.41117451272503464,1
TCGA-91-6828-01A-11R-1858-07,0.604094009501194,1
TCGA-D8-A1JF-01A-11R-A13Q-07,0.7490962620206565,1
TCGA-D8-A1JG-01B-11R-A13Q-07,0.7348328034183037,1
TCGA-AL-3468-01A-02R-1351-07,0.5320354938179952,1
TCGA-21-1082-01A-01R-0692-07,0.7324688358574134,1
TCGA-A4-8311-01A-11R-2404-07,0.49399868676480896,1
TCGA-BD-A3EP-01A-11R-A22L-07,0.8425254866887392,1
TCGA-92-7340-01A-21R-2045-07,0.6649660246671296,1
TCGA-EJ-A65B-01A-12R-A30B-07,0.8198780885386301,1
TCGA-HC-8261-01B-05R-2302-07,0.9875412833328467,1
TCGA-AZ-6601-01A-11R-1774-07,0.5692584563841206,1
TCGA-B0-4703-01A-01R-1277-07,0.6799936907578779,1
TCGA-AA-A004-01A-01R-A00A-07,0.9368840017448623,1
TCGA-30-1862-01A-02R-1568-13,0.7258178758823646,1
TCGA-09-2045-01A-01R-1568-13,0.7905531076527069,1
TCGA-E2-A10F-01A-11R-A10J-07,0.4245473595096049,1
TCGA-OL-A6VO-01A-12R-A33J-07,0.8261216687807481,1
TCGA-BQ-5884-01A-11R-1592-07,0.9322199554586896,1
TCGA-49-4507-01A-01R-1206-07,0.8370631020754312,1
TCGA-ZG-A9LS-01A-12R-A41O-07,0.7718793402559597,1
TCGA-AN-A0FW-01A-11R-A034-07,0.5246744534275144,1
TCGA-A6-A5ZU-01A-11R-A28H-07,0.876382159181929,1
TCGA-QU-A6IL-01A-11R-A31N-07,0.880765521194386,1
TCGA-67-4679-01B-01R-1755-07,0.5181160966952738,0
TCGA-DM-A28G-01A-11R-A16W-07,0.5784035027672904,1
TCGA-IB-AAUV-01A-11R-A38C-07,0.7315023089661935,1
TCGA-FB-AAPZ-01A-11R-A41B-07,0.42459897787021084,1
TCGA-DD-AAEG-01A-11R-A39D-07,0.46758641693073555,1
TCGA-24-0975-01A-02R-1565-13,0.7296407294468267,1
TCGA-AA-3841-01A-01R-0905-07,0.7176213299156778,0
TCGA-75-6211-01A-11R-1755-07,0.7858348399137395,1
TCGA-IB-7887-01A-11R-2156-07,0.6092569811396106,1
TCGA-78-7161-01A-11R-2039-07,0.6823964370912043,1
TCGA-B0-5699-01A-11R-1541-07,0.40699064849914796,1
TCGA-DD-A113-01A-11R-A131-07,0.7928399826965495,1
TCGA-E9-A1R2-01A-11R-A14D-07,0.5561822264567209,1
TCGA-78-7536-01A-11R-2066-07,0.8245254998731021,1
TCGA-B6-A0WY-01A-11R-A109-07,0.6170748591684008,1
TCGA-ZP-A9CY-01A-11R-A38B-07,0.49623865958660707,1
TCGA-EJ-5495-01A-01R-1580-07,0.9160280252249777,0
TCGA-2H-A9GJ-01A-11R-A37I-31,0.6623017440174567,1
TCGA-AA-3955-01A-02R-1022-07,0.5705059277725592,1
TCGA-20-1684-01A-01R-1566-13,0.6753145379093177,1
TCGA-AA-3697-01A-01R-1723-07,0.3397168939381209,1
TCGA-56-5898-01A-11R-1635-07,0.6110301882640866,1
TCGA-BP-4801-01A-02R-1420-07,0.34843787748840094,1
TCGA-D8-A146-01A-31R-A115-07,0.4499294304241032,1
TCGA-DD-AACJ-01A-11R-A41C-07,0.24054900129892523,0
TCGA-BQ-5892-01A-11R-1592-07,0.9045353536628328,1
TCGA-BH-A0BF-01A-21R-A12P-07,0.5770654823971093,0
TCGA-HZ-8003-01A-21R-2204-07,0.6170809049273456,0
TCGA-BH-A1EU-01A-11R-A137-07,0.6729261863945907,1
TCGA-61-1900-01A-01R-1567-13,0.6734691868214603,0
TCGA-AM-5821-01A-01R-1653-07,0.866620595076228,1
TCGA-A7-A26J-01A-11R-A169-07,0.44282556269495593,1
TCGA-AR-A1AT-01A-11R-A12P-07,0.593320629950575,1
TCGA-OL-A5S0-01A-11R-A28M-07,0.8869552560349564,1
TCGA-63-6202-01A-11R-1820-07,0.8535807705329469,1
TCGA-A2-A3XV-01A-21R-A239-07,0.9522780440781874,0
TCGA-CH-5772-01A-11R-1580-07,0.669468366909254,1
TCGA-OL-A5DA-01A-11R-A27Q-07,0.5991317045981296,1
TCGA-2Z-A9J1-01A-11R-A38C-07,0.22979826982149842,1
TCGA-LN-A8I0-01A-11R-A36D-31,0.673291227167056,0
TCGA-50-8460-01A-11R-2326-07,0.568250032493643,1
TCGA-86-8279-01A-11R-2287-07,0.6428040105885322,1
TCGA-56-A4ZJ-01A-11R-A262-07,0.8551254190548568,1
TCGA-67-3770-01A-01R-0946-07,0.7481197801545009,1
TCGA-A2-A0YF-01A-21R-A109-07,0.5259873169476239,1
TCGA-85-A50Z-01A-21R-A262-07,0.7466316195172389,1
TCGA-G9-6363-01A-21R-1789-07,0.9292435988249411,1
TCGA-G7-6790-01A-11R-1965-07,0.5513757715292533,0
TCGA-AR-A1AM-01A-41R-A22K-07,0.5786608018527895,0
TCGA-E2-A10C-01A-21R-A10J-07,0.7409895074212254,1
TCGA-AA-A00L-01A-01R-A002-07,0.3835680841843135,0
TCGA-55-7995-01A-11R-2187-07,0.7003418068793572,1
TCGA-G4-6309-01A-21R-1839-07,0.4808952788860875,1
TCGA-CJ-4908-01A-01R-1426-07,0.38617088104347963,1
TCGA-EJ-A46B-01A-31R-A250-07,0.287765116222548,0
TCGA-AR-A24Z-01A-11R-A169-07,0.5161514812605427,0
TCGA-A6-2685-01A-01R-1410-07,0.8144073578736483,0
TCGA-A4-A5DU-01A-11R-A28H-07,0.4239278052831297,1
TCGA-AZ-6600-01A-11R-1774-07,0.5663060493331866,1
TCGA-CC-A7IH-01A-11R-A33J-07,0.48847441639248323,1
TCGA-QU-A6IM-01A-11R-A31N-07,0.944526907508445,1
TCGA-LN-A49M-01A-21R-A260-31,0.47943087114570776,1
TCGA-66-2765-01A-01R-0851-07,0.6069011166560009,0
TCGA-A8-A0AB-01A-11R-A034-07,0.4350766258568616,1
TCGA-S3-AA14-01A-11R-A41B-07,0.614382737582355,1
TCGA-98-A538-01A-11R-A262-07,0.4406854199030193,1
TCGA-CM-6166-01A-11R-1653-07,0.6323118669343384,1
TCGA-5M-AAT4-01A-11R-A41B-07,0.4721074010370892,1
TCGA-61-2008-01A-02R-1568-13,0.7349503943996214,1
TCGA-B6-A0X0-01A-21R-A115-07,0.5109172942698487,1
TCGA-86-8281-01A-11R-2287-07,0.640940905129694,1
TCGA-24-1546-01A-01R-1566-13,0.7562587507799122,0
TCGA-V1-A9OL-01A-11R-A41O-07,0.6839411079720131,0
TCGA-BH-A201-01A-11R-A14M-07,0.5491510736561589,1
TCGA-18-3409-01A-01R-0980-07,0.8704990734829854,1
TCGA-F4-6461-01A-11R-1774-07,0.8796135147871009,1
TCGA-AA-A02E-01A-01R-A00A-07,0.47947400706746224,0
TCGA-YL-A9WY-01A-11R-A41O-07,0.7834043400181707,1
TCGA-B0-5102-01A-01R-1420-07,0.6278981199965186,1
TCGA-G9-7521-01A-11R-2263-07,0.8940748928268156,0
TCGA-CJ-4902-01A-01R-1426-07,0.44602008291797446,1
TCGA-CA-6717-01A-11R-1839-07,0.7996691769364064,0
TCGA-IG-A5S3-01A-11R-A28J-31,0.7348765025510682,0
TCGA-EJ-5497-01A-02R-1580-07,0.6490729565341654,1
TCGA-BF-A5EO-01A-12R-A27Q-07,0.295635940951051,0
TCGA-85-A4JC-01A-11R-A24Z-07,0.6919983959644616,1
TCGA-44-3917-01A-01R-A278-07,0.8657863291744793,1
TCGA-A8-A08H-01A-21R-A00Z-07,0.8719691001045328,1
TCGA-95-A4VN-01A-11R-A262-07,0.5733959285640159,1
TCGA-B0-5693-01A-11R-1541-07,0.3195776111672157,1
TCGA-77-8138-01A-11R-2247-07,0.6573251491270595,1
TCGA-KK-A7B0-01A-11R-A32O-07,0.9143597923988392,1
TCGA-B0-5083-01A-02R-1420-07,0.9605369282095297,1
TCGA-GM-A2DA-01A-11R-A18M-07,0.7795187678239605,1
TCGA-A2-A3KD-01A-12R-A213-07,0.5533876488663948,1
TCGA-DD-A39Y-01A-11R-A213-07,0.5776222365349553,1
TCGA-B6-A0WZ-01A-11R-A109-07,0.6050328947930302,1
TCGA-A6-2682-01A-01R-1410-07,0.5392687212280224,1
TCGA-D8-A1JU-01A-11R-A13Q-07,0.6353262179950812,0
TCGA-RL-AAAS-01A-32R-A39D-07,0.5031241602420685,0
TCGA-B9-A44B-01A-11R-A24Z-07,0.7613715067130169,1
TCGA-B6-A0I5-01A-11R-A034-07,0.774687153245128,1
TCGA-BH-AB28-01A-31R-A41B-07,0.5398977783392628,1
TCGA-E9-A1N9-01A-11R-A14D-07,0.5655555705180414,0
TCGA-A3-3363-01A-01R-0864-07,0.9545781790116834,1
TCGA-22-1000-01A-01R-A32Z-07,0.8471565315595893,1
TCGA-KK-A6E4-01A-11R-A30B-07,0.72237966010516,1
TCGA-BQ-5889-01A-11R-1592-07,0.9140071948089808,1
TCGA-DM-A1HA-01A-11R-A155-07,0.8917362774741124,1
TCGA-BF-A5ER-01A-12R-A27Q-07,0.22663744008451991,1
TCGA-LL-A73Y-01A-11R-A33J-07,0.792763917190344,1
TCGA-BF-A3DL-01A-11R-A20F-07,0.23738196668757755,1
TCGA-VR-A8EO-01A-11R-A36D-31,0.7130122702206395,1
TCGA-L1-A7W4-01A-12R-A36G-07,0.9499087663115845,1
TCGA-B0-4838-01A-01R-1305-07,0.40880973322423964,1
TCGA-2Y-A9GY-01A-11R-A38B-07,0.8380509962433725,1
TCGA-BP-4343-01A-02R-1289-07,0.8312895771934045,1
TCGA-BQ-5893-01A-11R-1592-07,0.9539285879172584,1
TCGA-HP-A5MZ-01A-21R-A27V-07,0.632758932849749,1
TCGA-A7-A4SE-01A-11R-A266-07,0.7914474990351945,0
TCGA-66-2783-01A-01R-1201-07,0.5048843773032362,1
TCGA-73-4675-01A-01R-1206-07,0.6567788601776267,1
TCGA-D5-5538-01A-01R-1653-07,0.6252175990868445,1
TCGA-YL-A8SO-01B-31R-A37L-07,0.6586648452463212,1
TCGA-E2-A15H-01A-11R-A12D-07,0.52550681559598,1
TCGA-V1-A8WN-01A-11R-A37L-07,0.40721038374745544,1
TCGA-BH-A0EB-01A-11R-A034-07,0.48143129869686563,1
TCGA-DD-A39X-01A-11R-A213-07,0.4568725474696368,1
TCGA-E2-A1LK-01A-21R-A14D-07,0.853603552671803,1
TCGA-AR-A0TV-01A-21R-A084-07,0.6680149787993664,0
TCGA-A1-A0SD-01A-11R-A115-07,0.49459343850383974,1
TCGA-33-AASI-01A-22R-A405-07,0.7443693321718182,1
TCGA-L5-A4OW-01A-11R-A28J-31,0.5313764046571291,1
TCGA-86-7711-01A-11R-2066-07,0.7727716434239559,1
TCGA-34-5234-01A-01R-1635-07,0.9287810954764232,0
TCGA-63-7023-01A-11R-1949-07,0.6625762908131513,1
TCGA-BP-5191-01A-01R-1426-07,0.7605917446533353,1
TCGA-Q9-A6FW-01A-31R-A31P-31,0.6890284369556542,0
TCGA-CZ-5468-01A-01R-1503-07,0.9343743072849132,0
TCGA-78-7153-01A-11R-2039-07,0.7570039010839692,1
TCGA-DD-A4NA-01A-11R-A266-07,0.9921631523117418,1
TCGA-43-2578-01A-01R-0851-07,0.7581822634178774,0
TCGA-5R-AA1C-01A-11R-A41C-07,0.5812418593810827,1
TCGA-78-7149-01A-11R-2039-07,0.7260234649306149,1
TCGA-CW-5591-01A-01R-1541-07,0.8831519058303167,1
TCGA-13-0906-01A-01R-1564-13,0.7188477855620312,1
TCGA-CJ-4876-01A-01R-1305-07,0.8218606809376768,1
TCGA-M7-A724-01A-12R-A32O-07,0.9002085123231894,1
TCGA-62-A46Y-01A-11R-A24H-07,0.46097629966482373,1
TCGA-C8-A26V-01A-11R-A16F-07,0.6131433027252676,1
TCGA-OL-A5D8-01A-11R-A27Q-07,0.6352441313988249,0
TCGA-77-8143-01A-11R-2247-07,0.6775182645077611,1
TCGA-BH-A0DO-01B-11R-A12D-07,0.5200051244980914,0
TCGA-CJ-5675-01A-11R-1541-07,0.6357648767838333,0
TCGA-A2-A4S0-01A-21R-A266-07,0.7597807537879842,1
TCGA-B9-4117-01A-02R-1351-07,0.8354299910266297,1
TCGA-BP-4352-01A-01R-1289-07,0.9836862830354979,0
TCGA-A2-A0ST-01A-12R-A084-07,0.8146361950170732,1
TCGA-E2-A1IH-01A-11R-A13Q-07,0.6236671579185438,1
TCGA-37-3792-01A-01R-0980-07,0.8021395930947282,0
TCGA-AK-3427-01A-01R-0864-07,0.9928161926984933,0
TCGA-AA-3506-01A-01R-1410-07,0.5828102753225735,1
TCGA-CZ-5466-01A-01R-1503-07,0.6330292793529494,1
TCGA-77-8140-01A-11R-2247-07,0.5941037842546866,0
TCGA-21-5786-01A-01R-1635-07,0.548521860145953,0
TCGA-86-8075-01A-11R-2241-07,0.5671842166331499,1
TCGA-A3-A8OX-01A-11R-A37O-07,0.60403945188741,1
TCGA-95-8494-01A-11R-2326-07,0.7032532067588685,0
TCGA-IG-A7DP-01A-31R-A336-31,0.9085434475424987,0
TCGA-AD-6964-01A-11R-1928-07,0.823528496176854,1
TCGA-A8-A0A6-01A-12R-A056-07,0.541836624873325,1
TCGA-B0-5711-01A-11R-1672-07,0.20184788437556955,1
TCGA-BH-A1FM-01A-11R-A13Q-07,0.7661637465124014,0
TCGA-CH-5771-01A-21R-1580-07,0.590617803098977,1
TCGA-69-7980-01A-11R-2187-07,0.6054591416436529,1
TCGA-AR-A254-01A-21R-A169-07,0.5595358030538042,1
TCGA-A6-2683-01A-01R-0821-07,0.7827819634762233,1
TCGA-PL-A8LY-01A-11R-A41B-07,0.7959959170136023,1
TCGA-G3-A3CH-01A-11R-A22L-07,0.5368338056659558,1
TCGA-57-1583-01A-01R-1566-13,0.518445273433672,1
TCGA-A4-8310-01A-11R-2404-07,0.4663718988018786,1
TCGA-XK-AAJP-01A-11R-A41O-07,0.5179525595764712,1
TCGA-EB-A3XE-01A-12R-A239-07,0.5696585957568705,1
TCGA-AN-A0FZ-01A-11R-A034-07,0.5262636528180894,1
TCGA-13-0911-01A-01R-1564-13,0.6236687280128289,1
TCGA-51-6867-01A-11R-2045-07,0.47590105749120115,0
TCGA-AN-A04D-01A-21R-A034-07,0.7993266587845619,0
TCGA-DD-AADC-01A-11R-A41C-07,0.7867645955587402,1
TCGA-73-4677-01A-01R-1206-07,0.6715469156535568,1
TCGA-L9-A743-01A-43R-A39D-07,0.4679192074940347,1
TCGA-E9-A6HE-01A-11R-A31O-07,0.8114136150597593,1
TCGA-E2-A15D-01A-11R-A115-07,0.529092287599105,1
TCGA-73-4658-01A-01R-1755-07,0.49122189888849455,0
TCGA-CH-5788-01A-11R-1580-07,0.9722410602095874,1
TCGA-E2-A14Z-01A-11R-A115-07,0.5995933962058644,1
TCGA-EB-A6QY-01A-12R-A32P-07,0.8554946248644139,0
TCGA-CH-5753-01A-11R-1580-07,0.9106306878995102,1
TCGA-AC-A3W5-01A-11R-A22K-07,0.7647532325712332,1
TCGA-A6-A566-01A-11R-A28H-07,0.930006867704902,1
TCGA-AA-3994-01A-01R-1113-07,0.6112546697895812,1
TCGA-MS-A51U-01A-31R-A266-07,0.6143487167763709,0
TCGA-13-1509-01A-01R-1565-13,0.6012426898767287,1
TCGA-IG-A6QS-01A-12R-A336-31,0.6343198424891214,0
TCGA-EW-A1PG-01A-11R-A144-07,0.7309664665826264,0
TCGA-23-1023-01A-02R-1564-13,0.6314872232723159,1
TCGA-XJ-A9DI-01A-11R-A37L-07,0.8446326123895264,1
TCGA-68-A59I-01A-11R-A262-07,0.7664866835750098,1
TCGA-13-0891-01A-01R-1564-13,0.635028268888708,0
TCGA-A7-A13E-01A-11R-A12P-07,0.7811461615971008,0
TCGA-A8-A07E-01A-11R-A034-07,0.49008923301687124,1
TCGA-EJ-7785-01A-11R-2118-07,0.8125462641257417,1
TCGA-98-A53C-01A-11R-A262-07,0.9750094294171107,1
TCGA-IB-A7M4-01A-11R-A36G-07,0.7446599677909034,1
TCGA-78-7146-01A-11R-2039-07,0.7458924424279768,0
TCGA-2Z-A9J9-01A-11R-A42S-07,0.9593853994119745,1
TCGA-FR-A726-01A-11R-A32P-07,0.7510842862089324,1
TCGA-49-4487-01A-21R-1858-07,0.6531252785933617,1
TCGA-C8-A278-01A-11R-A169-07,0.6566861466036407,1
TCGA-MP-A4T9-01A-11R-A24X-07,0.49689485933542177,1
TCGA-BH-A1FG-01A-11R-A13Q-07,0.546399289622154,0
TCGA-CK-6746-01A-11R-1839-07,0.8660360250509752,0
TCGA-E9-A1N8-01A-11R-A144-07,0.7918672779744061,1
TCGA-2Z-A9J6-01A-11R-A38C-07,0.22505013214574682,0
TCGA-A6-6137-01A-11R-1774-07,0.5562295332662492,1
TCGA-V1-A9OA-01A-11R-A41O-07,0.6579037763786161,0
TCGA-HV-A7OP-01A-11R-A33R-07,0.9920162253760767,1
TCGA-KK-A7B3-01A-11R-A33R-07,0.5773314533764343,1
TCGA-UB-A7MA-01A-11R-A33R-07,0.9457810405641472,1
TCGA-VR-AA7D-01A-11R-A406-31,0.46561265990971556,1
TCGA-D8-A1Y0-01A-11R-A14M-07,0.4822889312575188,1
TCGA-DD-A4NF-01A-11R-A27V-07,0.6814231156089241,0
TCGA-AR-A24Q-01A-12R-A169-07,0.733365948511495,1
TCGA-BP-4986-01A-01R-1334-07,0.4382771871275169,1
TCGA-L4-A4E6-01A-11R-A24H-07,0.6862231758739257,1
TCGA-EJ-A46F-01A-31R-A250-07,0.8722095659024498,1
TCGA-21-1078-01A-01R-0692-07,0.9639462705035352,1
TCGA-33-4587-01A-11R-2125-07,0.8548031267190633,1
TCGA-VN-A88Q-01A-11R-A352-07,0.6347698498298305,0
TCGA-RC-A7S9-01A-11R-A33R-07,0.6417728913060209,1
TCGA-98-A53J-01A-11R-A26W-07,0.6555400294792126,1
TCGA-B0-5705-01A-11R-1541-07,0.3761704848803213,0
TCGA-97-7546-01A-11R-2039-07,0.6723769463638543,1
TCGA-YL-A8SQ-01B-11R-A37L-07,0.5213071602934254,1
TCGA-AA-3712-01A-21R-1723-07,0.48257451231901444,1
TCGA-AR-A5QM-01A-11R-A27Q-07,0.6646430872379901,1
TCGA-HC-7077-01A-11R-1965-07,0.5149941711252453,1
TCGA-66-2795-01A-02R-0980-07,0.6414022525627514,1
TCGA-BP-4977-01A-01R-1334-07,0.4639327169833511,1
TCGA-CZ-5988-01A-11R-1672-07,0.735805216012986,1
TCGA-LL-A5YP-01A-21R-A28M-07,0.8374234363127672,1
TCGA-B0-4706-01A-01R-1503-07,0.6435612279952663,1
TCGA-29-1784-01A-02R-1567-13,0.5248653055651525,0
TCGA-55-7903-01A-11R-2170-07,0.5655941363599789,1
TCGA-CM-6680-01A-11R-1839-07,0.7105118474226757,1
TCGA-49-6743-01A-11R-1858-07,0.6756068647735846,1
TCGA-B0-4815-01A-01R-1503-07,0.8408698450934735,1
TCGA-EW-A1PE-01A-11R-A144-07,0.5042664987191671,1
TCGA-VN-A88I-01A-11R-A352-07,0.8994891621381926,1
TCGA-NJ-A7XG-01A-12R-A39D-07,0.6794992200478401,0
TCGA-G7-A8LC-01A-11R-A36F-07,0.6740289300040041,1
TCGA-G9-7525-01A-31R-2263-07,0.7321381366462502,1
TCGA-A3-3362-01A-02R-1325-07,0.2991049979147919,1
TCGA-AN-A0AR-01A-11R-A00Z-07,0.8814531735008729,1
TCGA-R6-A8WC-01A-11R-A37I-31,0.5735680188200007,1
TCGA-73-A9RS-01A-11R-A41B-07,0.8540298671454036,1
TCGA-05-4390-01A-02R-1755-07,0.7086934297452735,1
TCGA-CM-5349-01A-21R-1723-07,0.7684064886999361,0
TCGA-CJ-4637-01A-02R-1325-07,0.7704989007811287,0
TCGA-CJ-4897-01A-03R-1426-07,0.3291759691079746,1
TCGA-D8-A3Z6-01A-11R-A239-07,0.6108413274328723,1
TCGA-68-7757-01B-11R-2296-07,0.7839488080383853,1
TCGA-HI-7168-01A-11R-2118-07,0.7277008128466463,1
TCGA-DV-A4VZ-01A-11R-A266-07,0.9709786493556491,1
TCGA-CC-A7IJ-01A-11R-A33R-07,0.9931718257657579,0
TCGA-3C-AALJ-01A-31R-A41B-07,0.7437303810985386,1
TCGA-49-4505-01A-01R-1206-07,0.5738628772699117,1
TCGA-V5-A7RE-01A-11R-A354-31,0.6753832629618572,1
TCGA-CC-5261-01A-01R-A131-07,0.9764800966057605,1
TCGA-85-A4CN-01A-11R-A24H-07,0.4441124006932006,1
TCGA-BH-A0HI-01A-11R-A084-07,0.44691819808139227,1
TCGA-55-A48Z-01A-12R-A24X-07,0.5907692486052514,1
TCGA-60-2720-01A-01R-0851-07,0.847096561664174,1
TCGA-A7-A5ZV-01A-11R-A28M-07,0.9172193448558505,1
TCGA-HC-7231-01A-11R-2118-07,0.43031929000373853,1
TCGA-66-2771-01A-01R-0980-07,0.7918781467713446,1
TCGA-EJ-A65J-01A-11R-A311-07,0.6401459730737783,1
TCGA-G4-6322-01A-11R-1723-07,0.6447474014578504,0
TCGA-IB-A7LX-01A-12R-A36G-07,0.7420790235477281,1
TCGA-86-8669-01A-11R-2403-07,0.638825307602673,0
TCGA-B0-5697-01A-11R-1541-07,0.6933840795166879,0
TCGA-G4-6323-01A-11R-1723-07,0.7635290299529318,1
TCGA-L5-A4OT-01A-11R-A28J-31,0.6554200631985714,1
TCGA-3E-AAAZ-01A-11R-A38C-07,0.5277367300940217,1
TCGA-13-1498-01A-01R-1565-13,0.621841557216275,0
TCGA-WN-AB4C-01A-11R-A42S-07,0.8034802879150935,1
TCGA-AA-A02W-01A-01R-A00A-07,0.6138649197715665,1
TCGA-A6-5660-01A-01R-1653-07,0.569207043114851,1
TCGA-85-A50M-01A-21R-A262-07,0.8632702072292118,1
TCGA-B4-5378-01A-01R-1503-07,0.7323452548952751,0
TCGA-EW-A1PF-01A-11R-A144-07,0.5825926865700586,1
TCGA-44-4112-01B-06R-A277-07,0.8680598836817559,1
TCGA-23-1021-01B-01R-1564-13,0.6489322861227413,1
TCGA-CJ-4888-01A-01R-1305-07,0.7178759080471756,0
TCGA-FB-AAQ6-01A-11R-A41B-07,0.6539590953179875,1
TCGA-39-5021-01A-01R-1443-07,0.48743926169042934,1
TCGA-HZ-8638-01A-11R-2404-07,0.7483454362177486,1
TCGA-55-8085-01A-11R-2241-07,0.5857480602184215,1
TCGA-24-2038-01A-01R-1568-13,0.8715969768875199,1
TCGA-UZ-A9PS-01A-11R-A42S-07,0.6205875537258615,1
TCGA-23-1022-01A-01R-1564-13,0.6163712225758531,0
TCGA-25-1635-01A-01R-1566-13,0.6909020474719842,0
TCGA-56-8308-01A-11R-2296-07,0.5119806442807613,1
TCGA-A7-A13G-01A-11R-A13Q-07,0.7532973824682343,1
TCGA-BH-A0DX-01A-11R-A115-07,0.5699775267338137,1
TCGA-BH-A0HO-01A-11R-A034-07,0.5535791375474742,0
TCGA-A8-A092-01A-11R-A00Z-07,0.5587540356769173,1
TCGA-A8-A08I-01A-11R-A00Z-07,0.6565192085692109,0
TCGA-QU-A6IO-01A-11R-A31N-07,0.8821717744677587,1
TCGA-D8-A1XO-01A-11R-A14M-07,0.46764180728219024,1
TCGA-HE-A5NL-01A-11R-A26U-07,0.3104902732261966,1
TCGA-CZ-5984-01A-11R-1672-07,0.5686672704675044,1
TCGA-EJ-A7NJ-01A-22R-A352-07,0.4164559336818122,1
TCGA-A6-6653-01A-11R-1774-07,0.634327298011444,1
TCGA-BC-4073-01B-02R-A131-07,0.9751816974650618,0
TCGA-HZ-7923-01A-12R-2156-07,0.647640456788016,1
TCGA-AL-7173-01A-11R-2139-07,0.7381635673124445,1
TCGA-A2-A1FX-01A-11R-A13Q-07,0.5789464323593091,1
TCGA-AZ-4323-01A-21R-1839-07,0.9787691501213561,1
TCGA-J4-A67R-01A-21R-A30B-07,0.7808303696495785,1
TCGA-BF-AAP8-01A-11R-A40A-07,0.9323565620297015,1
TCGA-IG-A97H-01A-11R-A38D-31,0.6654333888126025,0
TCGA-DM-A28C-01A-11R-A32Y-07,0.7634908720717696,1
TCGA-NJ-A4YQ-01A-11R-A262-07,0.6178809811460311,1
TCGA-LN-A49K-01A-11R-A24K-31,0.4945261380194499,1
TCGA-44-2655-01A-01R-0946-07,0.612468282125771,0
TCGA-B8-5164-01A-01R-1420-07,0.6048148440319661,1
TCGA-IZ-8195-01A-31R-2404-07,0.5421998761695945,0
TCGA-XD-AAUG-01A-61R-A41B-07,0.6788281653157499,1
TCGA-OE-A75W-01A-12R-A32O-07,0.8161940739566956,1
TCGA-UZ-A9PU-01A-11R-A42S-07,0.35854747017098865,1
TCGA-CM-4752-01A-01R-1410-07,0.47332643406489444,1
TCGA-MR-A520-01A-11R-A266-07,0.4924146715709454,0
TCGA-E9-A1R0-01A-22R-A16F-07,0.4659690114765389,1
TCGA-43-8115-01A-11R-2247-07,0.6801184129747936,1
TCGA-F2-A7TX-01A-33R-A38C-07,0.7680715728890509,1
TCGA-13-1404-01A-01R-1565-13,0.5983693134206436,0
TCGA-13-0923-01A-01R-1564-13,0.5712512504960536,1
TCGA-LB-A7SX-01A-11R-A33R-07,0.7987595138264529,1
TCGA-BP-5001-01A-01R-1334-07,0.8189156958594013,1
TCGA-09-1665-01B-01R-1566-13,0.6746606186062174,1
TCGA-GL-A9DC-01A-11R-A37K-07,0.41694626642838883,0
TCGA-IA-A83T-01A-11R-A355-07,0.6227041751351311,1
TCGA-86-8668-01A-11R-2403-07,0.6070178543948792,0
TCGA-A6-5661-01A-01R-1653-07,0.6534532512567031,1
TCGA-V5-A7RC-01B-11R-A406-31,0.541836308014924,1
TCGA-05-4417-01A-22R-1858-07,0.5460541787218753,1
TCGA-29-1693-01A-01R-1567-13,0.7033464173687826,1
TCGA-AN-A0FX-01A-11R-A034-07,0.728352186313174,1
TCGA-C8-A135-01A-11R-A115-07,0.7065799791637629,1
TCGA-CM-6162-01A-11R-1653-07,0.9446948830528643,1
TCGA-E2-A15C-01A-31R-A12D-07,0.45533980923534834,1
TCGA-D8-A1JI-01A-11R-A13Q-07,0.6815597438134829,1
TCGA-24-1563-01A-01R-1566-13,0.6975362517098361,1
TCGA-BH-A42V-01A-11R-A24H-07,0.7166938281083288,1
TCGA-A6-6780-01A-11R-1839-07,0.6189497409557705,1
TCGA-A3-3323-01A-02R-1325-07,0.4748147469793373,1
TCGA-B0-4712-01A-01R-1503-07,0.9294157770962689,1
TCGA-85-A4QR-01A-11R-A24Z-07,0.6558915519394802,1
TCGA-EW-A423-01A-11R-A24H-07,0.7928972146704198,1
TCGA-HZ-A8P0-01A-11R-A36G-07,0.48634297042620145,1
TCGA-B1-A47M-01A-11R-A24Z-07,0.4182058429737218,0
TCGA-91-6830-01A-11R-1949-07,0.6261403495843911,1
TCGA-AO-A0J9-01A-11R-A034-07,0.7463515962986088,0
TCGA-V1-A8WV-01A-11R-A37L-07,0.9475519436502654,1
TCGA-LN-A49N-01A-11R-A24K-31,0.5544508689200827,1
TCGA-BF-AAP6-01A-11R-A40A-07,0.6679688977383317,1
TCGA-B6-A401-01A-11R-A239-07,0.759274048766405,1
TCGA-BQ-7060-01A-11R-1965-07,0.47103730597627513,0
TCGA-EP-A2KB-01A-11R-A180-07,0.6769845394063662,1
TCGA-A2-A0SY-01A-31R-A084-07,0.4303347095916613,0
TCGA-CZ-4860-01A-01R-1305-07,0.9797584586738116,1
TCGA-CM-6169-01A-11R-1653-07,0.9225250686322816,1
TCGA-85-8353-01A-21R-2296-07,0.6046131895607274,1
TCGA-AA-3850-01A-01R-1022-07,0.5128786026703283,1
TCGA-2Z-A9JJ-01A-11R-A42S-07,0.9448615450074358,1
TCGA-C8-A1HE-01A-11R-A13Q-07,0.39765238217738763,1
TCGA-97-7552-01A-11R-2039-07,0.7029011159226914,1
TCGA-YL-A8SC-01A-11R-A37L-07,0.6303269213504408,0
TCGA-BQ-5877-01A-11R-1592-07,0.9182694940179319,0
TCGA-AA-3986-01A-02R-1022-07,0.546563851226972,1
TCGA-A6-6140-01A-11R-1774-07,0.34766664217494286,1
TCGA-MP-A5C7-01A-11R-A262-07,0.7857237391117312,1
TCGA-86-7955-01A-11R-2187-07,0.858422144289307,1
TCGA-A3-3311-01A-02R-1325-07,0.4131957951693656,1
TCGA-MP-A4T8-01A-11R-A24X-07,0.6452465965499143,0
TCGA-49-4488-01A-01R-1755-07,0.6479156178933119,0
TCGA-A8-A07O-01A-11R-A00Z-07,0.8127697617962414,0
TCGA-EJ-7312-01B-21R-A32O-07,0.6529788894088862,1
TCGA-CK-5912-01A-11R-1653-07,0.8305663887122863,1
TCGA-56-6546-01A-11R-1820-07,0.7464882248445839,1
TCGA-B6-A1KC-01B-11R-A157-07,0.6251345841822264,1
TCGA-5P-A9JU-01A-11R-A42S-07,0.6690932430748584,0
TCGA-B9-4114-01A-01R-1193-07,0.5661706461797817,1
TCGA-EB-A551-01A-21R-A27Q-07,0.8853074375594363,1
TCGA-A7-A0DB-01A-11R-A277-07,0.6541535530006273,1
TCGA-G4-6628-01A-11R-1839-07,0.8070437609925312,1
TCGA-LD-A66U-01A-11R-A31O-07,0.8004053011667437,1
TCGA-91-6840-01A-11R-1949-07,0.7493197020344105,0
TCGA-EJ-5527-01A-01R-1580-07,0.8637143609888719,1
TCGA-29-2428-01A-01R-1569-13,0.489451790039755,0
TCGA-22-4601-01A-01R-1443-07,0.5872722111787352,0
TCGA-22-0940-01A-01R-0692-07,0.6894346014572235,1
TCGA-24-1555-01A-01R-1566-13,0.558828311521566,1
TCGA-F4-6856-01A-11R-1928-07,0.6149571886402178,1
TCGA-LG-A9QD-01A-11R-A38B-07,0.3758872691784009,1
TCGA-B0-4814-01A-01R-1277-07,0.40423501290097497,1
TCGA-DD-A3A7-01A-11R-A22L-07,0.5996549979910136,1
TCGA-BQ-7050-01A-11R-1965-07,0.5959951251752752,1
TCGA-EJ-5524-01A-01R-1580-07,0.8637002348433925,1
TCGA-E9-A22A-01A-11R-A157-07,0.6194501230518867,1
TCGA-BH-A1FJ-01A-11R-A13Q-07,0.562278168574361,1
TCGA-EJ-5517-01A-01R-1580-07,0.7226091349948291,1
TCGA-FB-AAPP-01A-12R-A41B-07,0.9516458520538759,1
TCGA-EJ-8472-01A-11R-2403-07,0.8162320283648814,1
TCGA-BP-4770-01A-01R-1503-07,0.9902117444408992,1
TCGA-CJ-5681-01A-11R-1541-07,0.9792613872296714,0
TCGA-EJ-5542-01A-01R-1580-07,0.8612060761398779,0
TCGA-13-1407-01A-01R-1565-13,0.4346266502978547,1
TCGA-J7-A8I2-01A-12R-A36F-07,0.9874566411597093,1
TCGA-ED-A627-01A-12R-A311-07,0.9126265901561192,0
TCGA-2J-AABU-01A-11R-A41B-07,0.481194111606783,1
TCGA-E9-A1QZ-01A-21R-A169-07,0.5881922614016726,1
TCGA-66-2744-01A-01R-0980-07,0.7251027042099607,1
TCGA-29-1781-01A-01R-1567-13,0.6314967640310926,1
TCGA-LN-A49L-01A-11R-A24K-31,0.8043687251655135,0
TCGA-18-4721-01A-01R-1443-07,0.5529654300303054,1
TCGA-A7-A5ZW-01A-12R-A29R-07,0.577004012640122,1
TCGA-B6-A409-01A-11R-A24H-07,0.8859643985135838,1
TCGA-FC-A4JI-01A-11R-A250-07,0.992056444728442,1
TCGA-13-1405-01A-01R-1565-13,0.7551509504496784,1
TCGA-DD-AADO-01A-11R-A41C-07,0.4679523621367239,1
TCGA-WX-AA46-01A-11R-A39D-07,0.5221323572682617,1
TCGA-4N-A93T-01A-11R-A37K-07,0.7986351985730288,1
TCGA-V1-A9OF-01A-11R-A41O-07,0.3074501193930884,0
TCGA-Y8-A897-01A-11R-A36F-07,0.47092290296055883,1
TCGA-A6-3807-01A-01R-1022-07,0.5975033371224987,1
TCGA-DD-A1ED-01A-11R-A155-07,0.7639985517998724,1
TCGA-AO-A0J8-01A-21R-A034-07,0.49918557054926976,1
TCGA-BH-A42T-01A-11R-A24H-07,0.7597450996880406,0
TCGA-25-1329-01A-01R-1565-13,0.6794654031635553,0
TCGA-AO-A12H-01A-11R-A115-07,0.6358971570509055,1
TCGA-G3-A25T-01A-11R-A16W-07,0.9297267456330056,1
TCGA-G9-7509-01A-11R-A41O-07,0.21124826739685224,1
TCGA-BC-A8YO-01A-11R-A37K-07,0.9282139573653869,1
TCGA-50-5942-01A-21R-1755-07,0.7461060788185938,1
TCGA-GM-A2DB-01A-31R-A18M-07,0.9006118145481269,1
TCGA-C8-A133-01A-32R-A12D-07,0.8472797097692432,1
TCGA-NC-A5HD-01A-11R-A26W-07,0.5763212675282506,1
TCGA-AR-A0U0-01A-11R-A109-07,0.8471653512589686,1
TCGA-23-1029-01B-01R-1567-13,0.5582662050403543,0
TCGA-HZ-8637-01A-11R-2404-07,0.8275518452585091,1
TCGA-D8-A1JM-01A-11R-A13Q-07,0.8627532738423856,1
TCGA-91-8499-01A-11R-2403-07,0.9206196176810643,1
TCGA-ZP-A9D2-01A-11R-A38B-07,0.9750983516484876,1
TCGA-2Y-A9GV-01A-11R-A38B-07,0.6514108214534641,1
TCGA-B8-A54D-01A-21R-A266-07,0.7132614451266602,1
TCGA-A4-8630-01A-11R-2404-07,0.3606216021920721,1
TCGA-F4-6855-01A-11R-1928-07,0.80440792207581,1
TCGA-EB-A3HV-01A-11R-A21D-07,0.536725057973901,1
TCGA-XJ-A83G-01A-11R-A352-07,0.48722941993812324,0
TCGA-AA-3560-01A-01R-0821-07,0.7786266713489784,1
TCGA-D8-A1XA-01A-11R-A14D-07,0.6493731555693971,1
TCGA-BP-4963-01A-01R-1334-07,0.32702836900047466,1
TCGA-04-1338-01A-01R-1564-13,0.7436280266769518,1
TCGA-09-1662-01A-01R-1566-13,0.6451357387311499,1
TCGA-24-1417-01A-01R-1565-13,0.6704992078034765,1
TCGA-ZG-A9LN-01A-11R-A41O-07,0.8812998422769672,1
TCGA-EJ-8474-01A-11R-2403-07,0.41895661091054914,1
TCGA-13-0727-01A-01R-1564-13,0.44624794108124227,1
TCGA-37-5819-01A-01R-1635-07,0.9113756262980146,1
TCGA-E2-A1LI-01A-12R-A157-07,0.6980637155407624,0
TCGA-77-7138-01A-41R-2045-07,0.7046492635124575,1
TCGA-A2-A3XU-01A-12R-A22U-07,0.9394779178192063,1
TCGA-QG-A5YW-01A-11R-A28H-07,0.7038235217932411,1
TCGA-49-AAR0-01A-21R-A39D-07,0.6758013955180213,1
TCGA-50-6590-01A-12R-1858-07,0.7893799748543999,1
TCGA-55-8510-01A-11R-2403-07,0.45394753774723956,1
TCGA-AL-3466-01A-02R-1351-07,0.982228880133008,0
TCGA-IB-AAUU-01A-11R-A37L-07,0.4218827364766612,0
TCGA-AA-3815-01A-01R-1022-07,0.5270928913228009,1
TCGA-AR-A0TZ-01A-12R-A084-07,0.572358040273905,1
TCGA-M7-A71Z-01A-12R-A32O-07,0.8697754127864247,1
TCGA-A8-A09C-01A-11R-A00Z-07,0.527462049454195,1
TCGA-DD-AAE1-01A-11R-A41C-07,0.4172352160939974,0
TCGA-BH-A1EX-01A-11R-A13Q-07,0.5427764523431605,1
TCGA-DM-A288-01A-11R-A16W-07,0.6177418396026283,0
TCGA-CC-A5UE-01A-11R-A28V-07,0.5922564277112604,1
TCGA-S8-A6BV-01A-21R-A31P-31,0.8260535495774484,1
TCGA-AO-A03O-01A-11R-A00Z-07,0.5500924888551796,0
TCGA-IA-A83W-01A-11R-A355-07,0.7140356978390756,1
TCGA-86-A4P8-01A-11R-A24X-07,0.7856844007087764,0
TCGA-A4-7288-01A-11R-A32Z-07,0.5915079913892306,0
TCGA-33-4532-01A-01R-1201-07,0.5470592021409785,1
TCGA-OY-A56P-01A-12R-A406-31,0.8052951753737256,1
TCGA-GK-A6C7-01A-11R-A33J-07,0.4679758815034128,1
TCGA-E2-A15E-01A-11R-A12D-07,0.5276943796872583,1
TCGA-DD-A39W-01A-11R-A213-07,0.7340412350620039,1
TCGA-AR-A0U3-01A-11R-A109-07,0.5420559850816359,1
TCGA-CJ-4900-01A-01R-1334-07,0.735574846976164,0
TCGA-E2-A15G-01A-11R-A12D-07,0.45028530446307746,1
TCGA-CH-5769-01A-11R-1580-07,0.7715888529547085,1
TCGA-60-2707-01A-01R-0851-07,0.610982775967266,1
TCGA-CW-5589-01A-01R-1541-07,0.22576180234851595,0
TCGA-DD-AAEB-01A-11R-A41C-07,0.40217114078853905,1
TCGA-61-2098-01A-01R-1568-13,0.7512988294738443,1
TCGA-05-4249-01A-01R-1107-07,0.5913058342244162,1
TCGA-33-4589-01A-01R-1443-07,0.8887226448756435,1
TCGA-E2-A15K-01A-11R-A12P-07,0.51686781670638,1
TCGA-DD-A4NL-01A-11R-A28V-07,0.5482402866707353,1
TCGA-BF-AAP2-01A-11R-A40A-07,0.5208052658125438,1
TCGA-44-6779-01A-11R-1858-07,0.7441569103656261,1
TCGA-85-7844-01A-11R-2125-07,0.50118546380721,1
TCGA-AK-3460-01A-02R-1277-07,0.28183059714135417,1
TCGA-B2-4101-01A-02R-1277-07,0.32963244131639025,1
TCGA-51-4080-01A-01R-1100-07,0.643261966855022,1
TCGA-3C-AALI-01A-11R-A41B-07,0.7752764684391267,1
TCGA-IB-A5SP-01A-11R-A32O-07,0.7715555855349541,1
TCGA-L5-A88Z-01A-11R-A36D-31,0.6303541420657437,0
TCGA-D9-A4Z5-01A-11R-A266-07,0.7884552140706309,1
TCGA-BH-A0DG-01A-21R-A12P-07,0.4933037510855221,0
TCGA-L5-A8NF-01A-11R-A37I-31,0.7571770484676228,1
TCGA-EJ-7325-01B-11R-A32O-07,0.8162369677312631,0
TCGA-13-1497-01A-01R-1565-13,0.6018073091243756,1
TCGA-HC-7736-01A-11R-2118-07,0.687698001238684,1
TCGA-AR-A1AH-01A-11R-A12D-07,0.7894686883628121,1
TCGA-A7-A26F-01B-04R-A22O-07,0.8877962071219345,1
TCGA-04-1337-01A-01R-1564-13,0.7895509302849568,1
TCGA-EB-A6QZ-01A-12R-A32P-07,0.46677457070417644,1
TCGA-AK-3444-01A-02R-1325-07,0.4501830331302581,0
TCGA-B0-5092-01A-01R-1420-07,0.7572992419845621,1
TCGA-A8-A09A-01A-11R-A00Z-07,0.49611312863397944,1
TCGA-LN-A49O-01A-11R-A24K-31,0.5170687983075476,1
TCGA-61-1737-01A-01R-1567-13,0.6775159422682048,1
TCGA-EJ-A46H-01A-31R-A26U-07,0.9358091372665726,0
TCGA-B6-A0X5-01A-21R-A109-07,0.7458331711863719,1
TCGA-C8-A26X-01A-31R-A16F-07,0.7825457330464857,0
TCGA-21-1077-01A-01R-0692-07,0.4560401729091535,1
TCGA-GM-A2DD-01A-11R-A180-07,0.8610346435927194,1
TCGA-BP-4326-01A-01R-1289-07,0.7325667422099232,0
TCGA-DA-A960-01A-11R-A37K-07,0.3733177614323918,1
TCGA-94-A5I4-01A-11R-A26W-07,0.4727146033276134,1
TCGA-AA-3520-01A-01R-0821-07,0.41241394740935033,1
TCGA-2Y-A9H1-01A-11R-A38B-07,0.24372182512235951,1
TCGA-63-A5ML-01A-31R-A27Q-07,0.6158904672053183,1
TCGA-KK-A8IB-01A-11R-A36G-07,0.7369875581897589,0
TCGA-AA-3947-01A-01R-1022-07,0.985315144702648,1
TCGA-B8-4621-01A-01R-1503-07,0.9104309708181695,1
TCGA-S3-AA11-01A-31R-A41B-07,0.5957371692102171,1
TCGA-BH-A0BM-01A-11R-A056-07,0.7387600409730776,1
TCGA-AK-3447-01A-01R-1766-07,0.998195365142176,1
TCGA-E2-A1IO-01A-11R-A144-07,0.6000629068103588,1
TCGA-BP-5185-01A-01R-1426-07,0.9091385323753959,1
TCGA-LL-A5YO-01A-21R-A28M-07,0.8408851223631572,0
TCGA-A3-3347-01A-02R-1325-07,0.7315990162127529,1
TCGA-60-2709-01A-21R-1820-07,0.6142631084974449,0
TCGA-DD-A1EK-01A-11R-A213-07,0.5487024503032353,1
TCGA-BH-A0HU-01A-11R-A034-07,0.6518070103752349,0
TCGA-HZ-7289-01A-11R-2156-07,0.9742748461934252,1
TCGA-33-4566-01A-01R-1443-07,0.8370403196252972,1
TCGA-EJ-5504-01A-01R-1580-07,0.48370160015031993,1
TCGA-IB-7654-01A-11R-2156-07,0.7373463027476522,1
TCGA-2Z-A9JD-01A-11R-A42S-07,0.5417394350289427,1
TCGA-BH-A18L-01A-32R-A12D-07,0.5874525739029313,1
TCGA-38-A44F-01A-11R-A24H-07,0.5954249327848832,0
TCGA-YL-A8SB-01A-31R-A37L-07,0.45773153062124217,1
TCGA-46-3768-01A-01R-0980-07,0.5293092995961968,1
TCGA-AR-A24U-01A-11R-A169-07,0.6969937040002823,1
TCGA-AO-A0JD-01A-11R-A056-07,0.7037758074062113,1
TCGA-A2-A0T1-01A-21R-A084-07,0.7553592676737383,1
TCGA-D8-A1JH-01A-11R-A13Q-07,0.4667538304357248,1
TCGA-BP-5194-01A-02R-1426-07,0.25329979425411103,1
TCGA-RB-AA9M-01A-11R-A39D-07,0.43920518486324217,1
TCGA-A4-7915-01A-11R-2204-07,0.9811375514816449,1
TCGA-AA-3867-01A-01R-1022-07,0.5436918088039502,1
TCGA-3A-A9IH-01A-12R-A39D-07,0.4658423578069212,1
TCGA-E2-A570-01A-11R-A29R-07,0.5719720269817702,1
TCGA-D5-5540-01A-01R-1653-07,0.8543225634167279,0
TCGA-B0-4839-01A-01R-1305-07,0.7182059800395718,1
TCGA-FS-A1ZN-01A-11R-A18T-07,0.8377275950176635,1
TCGA-D8-A1Y1-01A-21R-A14M-07,0.5145256608813759,1
TCGA-57-1993-01A-01R-1568-13,0.7336796780268701,1
TCGA-E9-A3X8-01A-31R-A22U-07,0.9181627269228126,1
TCGA-86-8073-01A-11R-2241-07,0.6223445300016325,1
TCGA-ZG-A8QW-01A-11R-A37L-07,0.6697416601126939,1
TCGA-AK-3458-01A-01R-1503-07,0.8982692204871657,1
TCGA-L5-A88S-01A-11R-A36D-31,0.8291073729797396,1
TCGA-DD-A4NJ-01A-11R-A27V-07,0.767075672741054,0
TCGA-55-6985-01A-11R-1949-07,0.5147333157538172,1
TCGA-78-7147-01A-11R-2039-07,0.6359773753089736,0
TCGA-AK-3429-01A-02R-1325-07,0.6692793239531556,0
TCGA-AR-A2LH-01A-31R-A18M-07,0.7497613797725914,0
TCGA-WX-AA47-01A-11R-A39D-07,0.6370932259448692,0
TCGA-04-1536-01A-01R-1566-13,0.7058124832998992,1
TCGA-L3-A524-01A-11R-A262-07,0.5490730071574672,1
TCGA-91-6848-01A-11R-1949-07,0.8348327088354136,1
TCGA-24-2027-01A-01R-1567-13,0.716276604431221,1
TCGA-H9-A6BX-01A-31R-A311-07,0.8745719765736665,1
TCGA-G9-6354-01A-11R-A311-07,0.49949775192543455,1
TCGA-10-0937-01A-02R-1564-13,0.5648407720102339,1
TCGA-B6-A0RN-01A-12R-A084-07,0.48835625898024443,1
TCGA-86-8056-01A-11R-2241-07,0.5749489260693952,0
TCGA-95-8039-01A-11R-2241-07,0.4562711610346103,0
TCGA-E9-A1R5-01A-11R-A14M-07,0.486257016520946,0
TCGA-A3-3331-01A-02R-1325-07,0.2761180222934569,1
TCGA-18-3410-01A-01R-0980-07,0.7164158845661884,1
TCGA-22-5491-01A-01R-1635-07,0.49846440848632245,1
TCGA-A4-A7UZ-01A-12R-A355-07,0.7579935559967232,0
TCGA-L5-A4OS-01A-11R-A28J-31,0.7962393703457713,0
TCGA-AZ-6607-01A-11R-1839-07,0.993539834204195,1
TCGA-B0-5077-01A-01R-1334-07,0.3556575289667076,0
TCGA-63-A5MW-01A-11R-A26W-07,0.7635613808982625,0
TCGA-CK-6747-01A-11R-1839-07,0.45893831072226776,1
TCGA-A8-A06U-01A-11R-A00Z-07,0.6132756823275226,1
TCGA-CC-A5UD-01A-11R-A28V-07,0.8975843169669262,1
TCGA-44-A47A-01A-21R-A24H-07,0.5440240880090037,0
TCGA-EW-A1IZ-01A-11R-A13Q-07,0.7531255940831043,1
TCGA-24-2019-01A-02R-1568-13,0.6082524567433981,1
TCGA-EW-A1IX-01A-12R-A144-07,0.5655111522660875,1
TCGA-13-0897-01A-01R-1564-13,0.7113084208243275,1
TCGA-A8-A06Q-01A-11R-A034-07,0.661948269831097,1
TCGA-A2-A4RX-01A-11R-A266-07,0.8491487880791059,1
TCGA-E9-A1RC-01A-11R-A157-07,0.5086780382099831,1
TCGA-AA-3814-01A-01R-0905-07,0.4645067634081282,1
TCGA-DD-AACH-01A-11R-A41C-07,0.9040495925333192,1
TCGA-AA-3496-01A-21R-1839-07,0.7606574593396674,1
TCGA-69-7974-01A-11R-2187-07,0.45513796318411903,0
TCGA-24-1431-01A-01R-1566-13,0.6696597980691373,1
TCGA-B6-A1KI-01A-11R-A14M-07,0.5481846910731435,0
TCGA-AK-3461-01A-02R-1277-07,0.36560595783558664,1
TCGA-DD-A11D-01A-11R-A131-07,0.39201306962512683,1
TCGA-22-4594-01A-01R-1201-07,0.9142810428231476,1
TCGA-GN-A8LN-01A-11R-A37K-07,0.7951749455309215,1
TCGA-A4-7286-01A-11R-A32Z-07,0.4317263874802581,0
TCGA-G9-6362-01A-11R-1789-07,0.8812156282313733,1
TCGA-ED-A7PZ-01A-11R-A33R-07,0.5021836243137223,1
TCGA-77-7139-01A-11R-2045-07,0.590504450523191,1
TCGA-AT-A5NU-01A-11R-A28H-07,0.3746995013013917,1
TCGA-G9-6348-01A-11R-1789-07,0.6529323986739302,1
TCGA-CM-5868-01A-01R-1653-07,0.4177530175508377,0
TCGA-80-5607-01A-31R-1949-07,0.5310662223059521,1
TCGA-DD-A4ND-01A-11R-A266-07,0.9350336151361066,1
TCGA-AK-3443-01A-02R-1325-07,0.9868274711891761,1
TCGA-BH-A28Q-01A-11R-A16F-07,0.4606408423169588,1
TCGA-62-A470-01A-11R-A24H-07,0.6587629331148391,1
TCGA-85-A5B5-01A-21R-A26W-07,0.7088559235157633,1
TCGA-GN-A4U5-01A-11R-A32P-07,0.7644866628776253,1
TCGA-A7-A2KD-01A-31R-A21T-07,0.5319825898349307,0
TCGA-5R-AAAM-01A-12R-A41C-07,0.5806456790096737,1
TCGA-AA-3952-01A-01R-1022-07,0.778249798447708,1
TCGA-E9-A1NC-01A-21R-A26B-07,0.8749057985300484,1
TCGA-E9-A229-01A-31R-A157-07,0.42382153676352313,0
TCGA-55-A494-01A-11R-A24X-07,0.7259358951852193,1
TCGA-D8-A1XL-01A-11R-A14M-07,0.7155481800541915,1
TCGA-YL-A8SI-01A-11R-A41O-07,0.31102025199754396,1
TCGA-61-1911-01A-01R-1567-13,0.8106694846116769,1
TCGA-56-1622-01A-01R-0692-07,0.7194891214879854,0
TCGA-C8-A26Z-01A-11R-A16F-07,0.4999581229051302,1
TCGA-V5-A7RB-01A-11R-A354-31,0.7238606176653722,1
TCGA-OL-A66H-01A-11R-A29R-07,0.7285323433254625,1
TCGA-AC-A3OD-01A-11R-A21T-07,0.7463799251022769,0
TCGA-A4-8516-01A-11R-2404-07,0.3284133696709444,0
TCGA-EJ-A7NN-01A-11R-A33R-07,0.6546567404958892,1
TCGA-A8-A06Y-01A-21R-A00Z-07,0.663811165100872,1
TCGA-EB-A5VU-01A-21R-A32P-07,0.8105574461779668,1
TCGA-HC-7232-01A-11R-2118-07,0.6911232813526401,1
TCGA-2L-AAQL-01A-11R-A38C-07,0.6974123481593713,1
TCGA-BF-A3DM-01A-11R-A20F-07,0.723644059937969,0
TCGA-GM-A2DI-01A-31R-A18M-07,0.6532495669655438,1
TCGA-CJ-4635-01A-02R-1305-07,0.4994183253339626,0
TCGA-FV-A4ZP-01A-12R-A266-07,0.8147266612861509,1
TCGA-IH-A3EA-01A-11R-A20F-07,0.3286113175163509,1
TCGA-HC-7075-01A-11R-1965-07,0.4274580821853822,1
TCGA-5P-A9K6-01A-11R-A42S-07,0.262471110108201,1
TCGA-DM-A28K-01A-21R-A32Y-07,0.6273053505577794,0
TCGA-BP-4962-01A-01R-1334-07,0.7354588916948847,1
TCGA-53-7624-01A-11R-2066-07,0.870953039823821,1
TCGA-AA-3854-01A-01R-0905-07,0.5964735536207625,1
TCGA-OL-A5RW-01A-11R-A28M-07,0.9361574090780234,0
TCGA-E9-A1RI-01A-11R-A169-07,0.4652403982162873,1
TCGA-A7-A4SB-01A-21R-A266-07,0.7126226605365821,1
TCGA-A3-3306-01A-01R-0864-07,0.7557623750578643,1
TCGA-G9-6371-01A-11R-1789-07,0.40584158552784283,1
TCGA-E9-A243-01A-21R-A169-07,0.7633608084993502,1
TCGA-A7-A0CG-01A-12R-A056-07,0.47045080778748705,0
TCGA-E9-A3HO-01A-11R-A213-07,0.7597850807283747,1
TCGA-B6-A408-01A-12R-A24H-07,0.6962643008273656,0
TCGA-24-1426-01A-01R-1565-13,0.5364699443097372,0
TCGA-AC-A6IV-01A-12R-A33J-07,0.6856592855886114,0
TCGA-AS-3778-01A-01R-A32Z-07,0.3333907146340288,1
TCGA-C8-A1HG-01A-11R-A137-07,0.721684596655003,1
TCGA-BQ-7059-01A-11R-1965-07,0.6917211084883738,1
TCGA-SX-A7SL-01A-11R-A355-07,0.5330574604405967,1
TCGA-13-1492-01A-01R-1565-13,0.7779656697475223,1
TCGA-BP-4970-01A-01R-1334-07,0.39791475868456944,1
TCGA-HE-7128-01A-11R-1965-07,0.7438011490226826,1
TCGA-61-1733-01A-01R-1567-13,0.5631498200986584,0
TCGA-LL-A5YL-01A-12R-A29R-07,0.8413993104410342,1
TCGA-DD-A3A8-01A-11R-A22L-07,0.24708565655013995,1
TCGA-AK-3450-01A-02R-1277-07,0.6865455022513265,1
TCGA-EW-A2FS-01A-11R-A17B-07,0.7227695698884212,1
TCGA-A2-A0T6-01A-11R-A084-07,0.5878990451129402,1
TCGA-FV-A496-01A-11R-A266-07,0.6096422649744968,1
TCGA-75-7027-01A-11R-1949-07,0.7231510555166556,1
TCGA-43-3394-01A-01R-0980-07,0.4838037235828783,1
TCGA-CZ-5455-01A-01R-1503-07,0.4372839608310358,1
TCGA-AA-3831-01A-01R-0905-07,0.3549573065515369,1
TCGA-NH-A8F7-01A-11R-A41B-07,0.5979275788977878,1
TCGA-FB-A4P6-01A-12R-A26U-07,0.5686814186739839,1
TCGA-VP-A87E-01A-31R-A352-07,0.6707182373750373,1
TCGA-BH-A0DD-01A-31R-A12P-07,0.49695343200324954,1
TCGA-CM-4744-01A-01R-A32Z-07,0.4685072192051028,1
TCGA-IG-A8O2-01A-11R-A36D-31,0.8190168168497128,1
TCGA-A8-A07P-01A-11R-A00Z-07,0.5311427506497753,1
TCGA-J4-A67Q-01A-21R-A30B-07,0.8787458230922878,1
TCGA-A3-3387-01A-01R-1541-07,0.4318960071271972,1
TCGA-IB-7647-01A-11R-2156-07,0.7711174029347784,1
TCGA-98-8022-01A-11R-2247-07,0.844067163625173,1
TCGA-J2-8194-01A-11R-2241-07,0.6130896132336253,1
TCGA-BP-5189-01A-02R-1426-07,0.36460980204858107,0
TCGA-24-2293-01A-01R-1568-13,0.8299613731130558,1
TCGA-DD-A1EA-01A-11R-A131-07,0.6912610650495888,1
TCGA-JY-A6FB-01A-11R-A336-31,0.6834283100573298,1
TCGA-60-2716-01A-01R-0851-07,0.8876274269978373,1
TCGA-A1-A0SF-01A-11R-A144-07,0.5485739927045399,1
TCGA-78-7148-01A-11R-2039-07,0.5225967333043252,1
TCGA-85-7696-01A-11R-2125-07,0.6077820114118017,1
TCGA-25-1319-01A-01R-1565-13,0.7232941057091085,1
TCGA-44-A47B-01A-11R-A24H-07,0.5927325693645276,1
TCGA-L5-A88W-01A-11R-A354-31,0.6719370983465774,1
TCGA-85-A4CL-01A-41R-A26W-07,0.7457904152890671,1
TCGA-44-A4SU-01A-11R-A24X-07,0.6093557138305873,1
TCGA-2Y-A9GX-01A-11R-A38B-07,0.8998251108617603,1
TCGA-G4-6586-01A-11R-1774-07,0.5546231317924165,1
TCGA-68-A59J-01A-21R-A26W-07,0.5719149395751397,0
TCGA-G6-A5PC-01A-11R-A33J-07,0.9750067465454428,1
TCGA-IG-A50L-01A-11R-A260-31,0.47879598179228366,0
TCGA-43-6770-01A-11R-1820-07,0.4003419748639182,0
TCGA-57-1584-01A-01R-1566-13,0.7575383798909244,1
TCGA-AC-A2B8-01A-11R-A17B-07,0.45665865104887754,1
TCGA-A4-A57E-01A-11R-A26U-07,0.8525878417397393,1
TCGA-24-1471-01A-01R-1566-13,0.8015605600785553,1
TCGA-56-7579-01A-11R-2045-07,0.6139541501183585,1
TCGA-KK-A59Y-01A-11R-A26U-07,0.4905966635437596,1
TCGA-A7-A26H-01A-11R-A169-07,0.4043616907277659,0
TCGA-DV-5573-01A-01R-1541-07,0.5731625564463029,1
TCGA-AC-A3TM-01A-11R-A22K-07,0.8572332690648863,1
TCGA-KK-A6E3-01A-21R-A30B-07,0.804826890524946,1
TCGA-25-2398-01A-01R-1569-13,0.6712640722510291,1
TCGA-25-1631-01A-01R-1569-13,0.6737954879244161,1
TCGA-B0-4710-01A-01R-1503-07,0.5971507264575266,0
TCGA-BD-A2L6-01A-11R-A213-07,0.43548851717165477,0
TCGA-85-8664-01A-11R-2403-07,0.6354181528936103,1
TCGA-59-2352-01A-01R-1569-13,0.6783220266452769,1
TCGA-97-8179-01A-11R-2287-07,0.599662968505326,0
TCGA-CW-5590-01A-01R-1541-07,0.29056064471520054,0
TCGA-24-1424-01A-01R-1565-13,0.5329538127344646,0
TCGA-GM-A3XL-01A-11R-A22U-07,0.9096493946472459,1
TCGA-D8-A1JA-01A-11R-A13Q-07,0.7406875975508913,1
TCGA-EB-A85J-01A-12R-A352-07,0.647698175408296,1
TCGA-HV-A7OL-01A-11R-A33R-07,0.8446820275900179,0
TCGA-55-8087-01A-11R-2241-07,0.7864453252818036,1
TCGA-55-6978-01A-11R-1949-07,0.5797228212286102,0
TCGA-BP-4332-01A-01R-1289-07,0.39759873250280914,1
TCGA-57-1586-01A-02R-1567-13,0.528236349257329,0
TCGA-5P-A9JV-01A-12R-A42S-07,0.8686646621081753,0
TCGA-A2-A1G0-01A-11R-A13Q-07,0.5214264429615083,0
TCGA-BP-4985-01A-01R-1334-07,0.8692421610702858,1
TCGA-US-A774-01A-21R-A32O-07,0.23634893596412912,0
TCGA-V7-A7HQ-01A-11R-A33J-07,0.910866500443336,1
TCGA-B0-4817-01A-01R-1277-07,0.8566460537194638,1
TCGA-61-1738-01A-01R-1567-13,0.8512570125792694,1
TCGA-A6-2681-01A-01R-1410-07,0.634124780849866,1
TCGA-22-4609-01A-21R-2125-07,0.6000245522662431,0
TCGA-HC-A6AN-01A-11R-A30B-07,0.8172159257080008,1
TCGA-AN-A0AM-01A-11R-A034-07,0.7366472981820469,1
TCGA-B2-5636-01A-02R-1541-07,0.7821020184028705,0
TCGA-59-2348-01A-01R-1569-13,0.7828875807533949,0
TCGA-EJ-5531-01A-01R-1580-07,0.5502008357614613,0
TCGA-D8-A4Z1-01A-21R-A266-07,0.6877209152573032,0
TCGA-BH-A0BV-01A-11R-A00Z-07,0.47034548636766343,1
TCGA-DD-AAEA-01A-11R-A41C-07,0.4282008395247815,1
TCGA-49-6761-01A-31R-1949-07,0.6455228500552692,1
TCGA-95-7043-01A-11R-1949-07,0.8608801889100571,1
TCGA-AD-6890-01A-11R-1928-07,0.41737032387611905,1
TCGA-97-8547-01A-11R-2403-07,0.577416575036133,1
TCGA-XP-A8T6-01A-11R-A36D-31,0.5817127491088139,1
TCGA-70-6722-01A-11R-1820-07,0.6911196005864567,1
TCGA-DD-AAVY-01A-11R-A41C-07,0.3615283198956885,0
TCGA-A2-A3XS-01A-11R-A22U-07,0.801997737998724,1
TCGA-A2-A0YL-01A-21R-A109-07,0.5014997456558261,1
TCGA-3A-A9IS-01A-21R-A39D-07,0.9869674207049347,1
TCGA-73-4666-01A-01R-1206-07,0.6957424750268334,1
TCGA-24-1467-01A-01R-1566-13,0.6658556909001859,0
TCGA-85-7699-01A-11R-2125-07,0.5664227259536149,1
TCGA-A8-A07B-01A-11R-A00Z-07,0.5630385427875408,0
TCGA-AA-A01P-01A-21R-A083-07,0.7962504039804998,1
TCGA-AC-A62X-01A-11R-A29R-07,0.850405842609135,1
TCGA-A2-A0YH-01A-11R-A109-07,0.507682081240316,1
TCGA-D8-A1XS-01A-11R-A14M-07,0.4305747342109557,1
TCGA-BH-A0E2-01A-11R-A056-07,0.6035708674550068,1
TCGA-13-0888-01A-01R-1564-13,0.45172333636738826,1
TCGA-IG-A4QS-01A-11R-A260-31,0.7949184346780315,1
TCGA-A6-2680-01A-01R-1410-07,0.38782894424141834,0
TCGA-A4-7997-01A-11R-2204-07,0.8422948599395066,1
TCGA-93-A4JO-01A-21R-A24X-07,0.5652980249055323,1
TCGA-KV-A74V-01A-11R-A33Z-07,0.48898120965863384,1
TCGA-G4-6588-01A-11R-1774-07,0.629560516728603,1
TCGA-J4-A83L-01A-11R-A352-07,0.33556114020913497,1
TCGA-5T-A9QA-01A-11R-A41B-07,0.801424434696078,0
TCGA-49-6744-01A-11R-1858-07,0.5043000580157708,1
TCGA-CK-4948-01B-11R-1653-07,0.4769246914623761,1
TCGA-77-7142-01A-11R-2045-07,0.6799714903994115,1
TCGA-ZG-A9M4-01A-11R-A41O-07,0.9109324418460975,1
TCGA-44-A479-01A-31R-A24H-07,0.5931422335527696,1
TCGA-AA-3511-01A-21R-1839-07,0.5593849185199429,1
TCGA-66-2758-01A-02R-0851-07,0.5519964960412207,1
TCGA-24-2290-01A-01R-1568-13,0.7231962469738747,1
TCGA-75-5125-01A-01R-1755-07,0.6573596665464382,1
TCGA-L9-A7SV-01A-11R-A39D-07,0.819475389619775,1
TCGA-VP-A87K-01A-11R-A352-07,0.5000628156421212,1
TCGA-A6-A565-01A-31R-A28H-07,0.9281516522786704,1
TCGA-04-1364-01A-01R-1565-13,0.5449935652463986,1
TCGA-04-1350-01A-01R-1565-13,0.5735427399807908,1
TCGA-22-5471-01A-01R-1635-07,0.6317655512855431,1
TCGA-EB-A430-01A-11R-A24X-07,0.5020171852690655,0
TCGA-ZG-A9ND-01A-11R-A41O-07,0.5611946483017854,1
TCGA-23-1119-01A-02R-1565-13,0.6035009383487034,1
TCGA-CJ-4642-01B-01R-1305-07,0.9954205110512504,1
TCGA-24-1413-01A-01R-1565-13,0.5223825899773524,1
TCGA-A8-A08A-01A-11R-A32Y-07,0.5276431345753468,1
TCGA-04-1519-01A-01R-1565-13,0.5848205413986207,1
TCGA-B6-A0RT-01A-21R-A084-07,0.8045306261435173,1
TCGA-AC-A5XS-01A-11R-A29R-07,0.7494077567473932,1
TCGA-HC-8257-01A-11R-2263-07,0.44842593851345247,1
TCGA-CJ-4881-01A-01R-1305-07,0.7455768935144595,0
TCGA-DD-AACY-01A-11R-A41C-07,0.3454467320655263,0
TCGA-CK-5915-01A-11R-1653-07,0.664200213446927,1
TCGA-2Y-A9GZ-01A-11R-A39D-07,0.4883004321787052,1
TCGA-2H-A9GI-01A-11R-A37I-31,0.7204590800858474,1
TCGA-B6-A0IP-01A-11R-A034-07,0.3971608054931491,1
TCGA-AA-3811-01A-01R-1022-07,0.5964007490799754,1
TCGA-55-8208-01A-11R-2241-07,0.5293348071391398,1
TCGA-V9-A7HT-01A-11R-A33Z-07,0.5271068857273482,0
TCGA-C8-A12M-01A-11R-A115-07,0.665004709000903,1
TCGA-BQ-5886-01A-11R-1592-07,0.5931619441123719,0
TCGA-GI-A2C9-01A-11R-A21T-07,0.7734310096064466,0
TCGA-G7-7502-01A-11R-2204-07,0.6227342641610027,1
TCGA-2Z-A9JM-01A-12R-A42S-07,0.47045798999492977,1
TCGA-85-A4PA-01A-11R-A24Z-07,0.9622222143495055,0
TCGA-C8-A12V-01A-11R-A115-07,0.8341267534332987,0
TCGA-HC-7745-01A-11R-2118-07,0.48040063431162383,1
TCGA-AC-A6IW-01A-12R-A33J-07,0.8916732943961577,1
TCGA-B0-5085-01A-01R-1334-07,0.8667580705567761,1
TCGA-AR-A1AU-01A-11R-A12P-07,0.5390587139356579,0
TCGA-B8-5546-01A-01R-1541-07,0.9655243745004151,1
TCGA-77-7141-01A-11R-2045-07,0.5709802267231745,1
TCGA-AA-3534-01A-01R-0821-07,0.6246588392799266,1
TCGA-AA-3524-01A-02R-0821-07,0.4787973510285407,1
TCGA-24-2280-01A-01R-1568-13,0.6285664026885643,1
TCGA-IB-7897-01A-21R-2204-07,0.8535794360014579,0
TCGA-95-7039-01A-11R-1949-07,0.5489841374413792,0
TCGA-CJ-5680-01A-11R-1541-07,0.7262589508521988,1
TCGA-AR-A1AN-01A-11R-A12P-07,0.5307802111510346,1
TCGA-LL-A6FP-01A-11R-A31O-07,0.8949442612215761,1
TCGA-30-1714-01A-02R-1567-13,0.6579758073735119,0
TCGA-E2-A15L-01A-11R-A12D-07,0.42879887504374486,1
TCGA-23-2077-01A-01R-1568-13,0.5155762488214284,1
TCGA-EJ-7123-01A-11R-1965-07,0.46571174231873014,1
TCGA-DD-AACI-01A-11R-A41C-07,0.5279542096268729,1
TCGA-A6-3808-01A-01R-1022-07,0.6702030584317328,0
TCGA-AA-3837-01A-01R-0905-07,0.48310113212358385,1
TCGA-95-7944-01A-11R-2187-07,0.7489434315024376,0
TCGA-A3-3320-01A-02R-1325-07,0.3873454245845701,1
TCGA-MM-A563-01A-11R-A266-07,0.46520081039566474,0
TCGA-77-8008-01A-21R-2187-07,0.8165241905719516,1
TCGA-G9-7519-01A-11R-2263-07,0.5834299503169942,1
TCGA-BF-A5EP-01A-12R-A27Q-07,0.5937858293863553,1
TCGA-B0-5694-01A-11R-1541-07,0.39852176361550756,1
TCGA-E9-A1R7-01A-11R-A14M-07,0.6791002898435494,1
TCGA-G3-A7M5-01A-11R-A33R-07,0.25799722604247427,1
TCGA-A2-A0SV-01A-11R-A084-07,0.6911264009784907,1
TCGA-DW-7838-01A-11R-2139-07,0.7595042565601136,1
TCGA-AN-A04C-01A-21R-A034-07,0.754272723968076,1
TCGA-77-6842-01A-11R-1949-07,0.6801400983675964,1
TCGA-B0-4688-01A-01R-1277-07,0.9961663285809178,1
TCGA-A2-A0YM-01A-11R-A109-07,0.778407422824393,1
TCGA-JY-A6F8-01A-11R-A336-31,0.8178843480281945,1
TCGA-F4-6808-01A-11R-1839-07,0.5707506865432328,1
TCGA-AC-A2BM-01A-11R-A21T-07,0.5601258092140383,1
TCGA-34-5236-01A-21R-1820-07,0.48141244964413926,1
TCGA-AZ-6598-01A-11R-1774-07,0.644218403250002,1
TCGA-D8-A1X7-01A-11R-A14M-07,0.5242813005181897,1
TCGA-AN-A0FY-01A-11R-A034-07,0.6506735046180857,1
TCGA-AO-A03R-01A-21R-A034-07,0.7302806256043871,1
TCGA-CJ-4920-01A-01R-1426-07,0.39081871880307084,1
TCGA-LL-A442-01A-11R-A24H-07,0.6086536065817678,1
TCGA-V1-A9OY-01A-11R-A41O-07,0.2915421126054815,1
TCGA-DD-AAVZ-01A-11R-A41C-07,0.5791678196277306,1
TCGA-UZ-A9PL-01A-11R-A38C-07,0.5307771575093198,0
TCGA-CJ-4638-01A-02R-1325-07,0.927179596933009,1
TCGA-25-2401-01A-01R-1569-13,0.5796513765394844,1
TCGA-BP-4765-01A-01R-1289-07,0.3047133646549961,1
TCGA-AN-A0FS-01A-11R-A034-07,0.43832108990942403,1
TCGA-B8-5162-01A-01R-1420-07,0.7081297191289778,0
TCGA-EV-5901-01A-11R-1592-07,0.8623001054472883,1
TCGA-2Y-A9H0-01A-11R-A38B-07,0.7393787502381761,1
TCGA-B4-5836-01A-11R-1672-07,0.3167591760283736,1
TCGA-G9-6338-01A-12R-1965-07,0.8412052025234172,1
TCGA-HZ-A9TJ-01A-11R-A41I-07,0.717949507594066,1
TCGA-D8-A1XT-01A-11R-A14M-07,0.707802273632964,0
TCGA-E9-A1N6-01A-11R-A144-07,0.5848837189098616,0
TCGA-E2-A1IK-01A-11R-A144-07,0.7184857712113105,1
TCGA-CJ-5683-01A-11R-1541-07,0.44442785238721894,1
TCGA-KK-A8IF-01A-11R-A36G-07,0.826215947559843,1
TCGA-QG-A5Z2-01A-11R-A28H-07,0.6774767393903192,1
TCGA-A1-A0SO-01A-22R-A084-07,0.8427556381944151,0
TCGA-E2-A154-01A-11R-A115-07,0.44717849575868784,1
TCGA-J9-A8CM-01A-11R-A352-07,0.6383493641207107,1
TCGA-AN-A0FV-01A-11R-A00Z-07,0.6022742637710644,1
TCGA-CM-6679-01A-11R-1839-07,0.7521949171535086,1
TCGA-77-8153-01A-11R-2403-07,0.4231781263732697,1
TCGA-BH-A0BJ-01A-11R-A056-07,0.513035321293731,1
TCGA-AN-A0AL-01A-11R-A00Z-07,0.8820198606505898,1
TCGA-24-1928-01A-01R-1567-13,0.7525296072087774,1
TCGA-IB-7890-01A-12R-2204-07,0.7065387437655808,0
TCGA-E2-A15R-01A-11R-A115-07,0.5744730132186769,1
TCGA-BH-A0DT-01A-21R-A12D-07,0.3832943341064065,0
TCGA-Q3-A5QY-01A-12R-A32O-07,0.7503265515095585,0
TCGA-NJ-A4YI-01A-11R-A262-07,0.7111252535376038,1
TCGA-ZG-A9N3-01A-11R-A41O-07,0.9795939123912717,1
TCGA-2Z-A9JO-01A-11R-A42S-07,0.7864150824303376,1
TCGA-25-1626-01A-01R-1566-13,0.8950008122856129,1
TCGA-CC-5262-01A-01R-A131-07,0.49523449988359647,0
TCGA-57-1582-01A-01R-1566-13,0.7370680953869027,0
TCGA-WJ-A86L-01A-12R-A39D-07,0.7867960039306067,0
TCGA-GL-6846-01A-11R-1965-07,0.6905050810867748,1
TCGA-E9-A54X-01A-11R-A266-07,0.770990505472164,1
TCGA-55-1594-01A-01R-0946-07,0.7191573663800767,0
TCGA-AA-3864-01A-01R-1022-07,0.6086457646793685,1
TCGA-49-6742-01A-11R-1858-07,0.6778682886907967,1
TCGA-H6-8124-01A-11R-2404-07,0.6407819655541914,1
TCGA-HC-7820-01A-11R-2118-07,0.23925253829924564,1
TCGA-AY-A8YK-01A-11R-A41B-07,0.41618494606481404,0
TCGA-34-8454-01A-11R-2326-07,0.5970381430753994,1
TCGA-A6-A56B-01A-31R-A28H-07,0.8308906774978361,0
TCGA-AR-A0U2-01A-11R-A109-07,0.6462764915584226,1
TCGA-BC-A112-01A-11R-A131-07,0.9642750439565899,1
TCGA-IB-7646-01A-11R-2156-07,0.9109161698697398,1
TCGA-V1-A9ZG-01A-11R-A41O-07,0.6382490749489139,1
TCGA-86-7953-01A-11R-2187-07,0.6580088947760754,1
TCGA-CZ-5451-01A-01R-1503-07,0.25883129042878383,1
TCGA-A6-6138-01A-11R-1774-07,0.6262260647828561,0
TCGA-GL-7966-01A-11R-2204-07,0.9843097120664046,1
TCGA-BP-4982-01A-01R-1334-07,0.2318801646771033,1
TCGA-B4-5835-01A-11R-1672-07,0.9902213779811311,1
TCGA-E9-A1NE-01A-21R-A14M-07,0.532451146242832,1
TCGA-MH-A856-01A-11R-A355-07,0.7473958736934403,1
TCGA-EB-A299-01A-21R-A18U-07,0.9071646478386645,0
TCGA-V1-A8MF-01A-11R-A36G-07,0.535438590385207,1
TCGA-G9-6361-01A-21R-1965-07,0.5672936003097754,1
TCGA-L5-A8NH-01A-11R-A37I-31,0.4932859774766771,0
TCGA-LN-A49P-01A-11R-A24K-31,0.7385085952036606,1
TCGA-E2-A14V-01A-11R-A12D-07,0.5155350813555583,1
TCGA-49-AAR4-01A-12R-A41B-07,0.6236327908469065,1
TCGA-IB-7885-01A-11R-2156-07,0.4562915968005164,0
TCGA-D8-A1XQ-01A-11R-A14M-07,0.8241746968672842,1
TCGA-AA-3872-01A-01R-1022-07,0.7364195061186504,0
TCGA-85-8070-01A-11R-2247-07,0.7071132464341926,1
TCGA-HI-7169-01A-11R-2118-07,0.9199811674474991,1
TCGA-HC-8213-01A-11R-A29R-07,0.583601043907005,0
TCGA-CH-5754-01A-11R-1580-07,0.8213303755710414,1
TCGA-2A-A8W1-01A-11R-A37L-07,0.6619343692595662,1
TCGA-AA-3527-01A-01R-0821-07,0.8459273390293461,1
TCGA-G7-6797-01A-11R-1965-07,0.6455627637416461,1
TCGA-05-4403-01A-01R-1206-07,0.7837111450845536,1
TCGA-EW-A1IW-01A-11R-A13Q-07,0.4366717217071117,1
TCGA-ZG-A9L0-01A-11R-A41O-07,0.7900292773714632,1
TCGA-56-8624-01A-11R-2403-07,0.8945481728481145,1
TCGA-D8-A1J8-01A-11R-A13Q-07,0.7274783833743852,1
TCGA-JY-A6FH-01A-11R-A336-31,0.7686416229679394,1
TCGA-09-0366-01A-01R-1564-13,0.7381166232288112,1
TCGA-A7-A6VV-01A-22R-A33J-07,0.8350453835324066,1
TCGA-L5-A4OG-01A-11R-A260-31,0.4440628563093115,1
TCGA-EJ-A65G-01A-21R-A29R-07,0.31874691426802376,1
TCGA-T9-A92H-01A-11R-A37K-07,0.3999862208272299,1
TCGA-AA-3685-01A-02R-A32Z-07,0.6054927593580862,1
TCGA-BP-4993-01A-02R-1420-07,0.346235667231803,1
TCGA-B0-5690-01A-11R-1541-07,0.4769113977225254,1
TCGA-G3-AAV6-01A-21R-A37K-07,0.7934224203497582,1
TCGA-13-1505-01A-01R-1565-13,0.5653852581283487,1
TCGA-LD-A9QF-01A-32R-A41B-07,0.854541574973373,1
TCGA-AA-3710-01A-01R-1022-07,0.7330695764640495,1
TCGA-85-7950-01A-11R-2187-07,0.7286900492112872,1
TCGA-A8-A07L-01A-11R-A00Z-07,0.6179549905055036,1
TCGA-55-A492-01A-11R-A24H-07,0.8703126734777514,0
TCGA-AZ-5403-01A-01R-1653-07,0.6464985811421811,1
TCGA-69-7765-01A-11R-2170-07,0.6153140286803376,1
TCGA-IB-8127-01A-11R-2404-07,0.529355015511839,1
TCGA-E2-A1IJ-01A-11R-A144-07,0.5933756393887624,0
TCGA-YL-A9WK-01A-11R-A37L-07,0.6540458382893599,1
TCGA-A8-A09D-01A-11R-A00Z-07,0.6257637028032905,1
TCGA-DD-AADA-01A-11R-A41C-07,0.6723917825941366,1
TCGA-CH-5763-01A-11R-1580-07,0.7725708248130713,1
TCGA-CZ-4865-01A-02R-1503-07,0.49301750463574023,1
TCGA-BC-A10Z-01A-11R-A131-07,0.5730385468853619,1
TCGA-EB-A44P-01A-11R-A266-07,0.7381980463042308,0
TCGA-CC-A3MA-01A-11R-A213-07,0.9926860358757116,1
TCGA-AA-3673-01A-01R-0905-07,0.37505771508955466,1
TCGA-CZ-5982-01A-11R-1672-07,0.7216801546199041,1
TCGA-56-7223-01A-11R-2045-07,0.8072267978128551,1
TCGA-EB-A41A-01A-11R-A24X-07,0.6550636558973998,0
TCGA-IB-AAUS-01A-12R-A38C-07,0.36602889467827926,0
TCGA-B0-4828-01A-01R-1277-07,0.6707456635636725,1
TCGA-92-8065-01A-11R-2247-07,0.840869586800012,1
TCGA-98-A53H-01A-12R-A262-07,0.9251541820337342,1
TCGA-05-4397-01A-01R-1206-07,0.8993892753561198,1
TCGA-HC-A6AO-01A-11R-A30B-07,0.8857721384376714,1
TCGA-E2-A108-01A-13R-A10J-07,0.7590199309340914,1
TCGA-23-1107-01A-01R-1564-13,0.709319781651693,1
TCGA-IA-A40X-01A-11R-A24Z-07,0.5689078054549807,1
TCGA-B4-5838-01A-11R-1672-07,0.7762506505372209,1
TCGA-24-1603-01A-01R-1566-13,0.5930736904836108,0
TCGA-R6-A6L4-01A-11R-A31P-31,0.6738508428327395,1
TCGA-B6-A0IE-01A-11R-A034-07,0.725941831749375,1
TCGA-04-1517-01A-01R-1565-13,0.604364621947305,1
TCGA-LA-A446-01A-21R-A24Z-07,0.41243174592699716,0
TCGA-C8-A1HF-01A-11R-A137-07,0.6557724901896358,1
TCGA-MP-A4TH-01A-31R-A262-07,0.5210429800637543,1
TCGA-AA-3848-01A-01R-0905-07,0.6894944350215397,0
TCGA-KV-A6GE-01A-11R-A31O-07,0.40440546674870037,1
TCGA-CC-A5UC-01A-11R-A28V-07,0.7666256310237647,1
TCGA-96-7544-01A-11R-2045-07,0.7043686843311252,0
TCGA-B6-A0X1-01A-11R-A109-07,0.867342560305432,1
TCGA-AA-3553-01A-01R-0821-07,0.4081507054587327,0
TCGA-HC-7818-01A-11R-2118-07,0.34452220614374374,1
TCGA-DD-AADL-01A-11R-A41C-07,0.5899104205221263,1
TCGA-78-7542-01A-21R-2066-07,0.8585947087685729,1
TCGA-E2-A1B5-01A-21R-A12P-07,0.7781212129808012,1
TCGA-A6-2684-01A-01R-1410-07,0.6923897367875957,1
TCGA-BH-A1FD-01A-11R-A13Q-07,0.6147898597821254,1
TCGA-G9-6496-01A-11R-1789-07,0.810104186006386,1
TCGA-EJ-8468-01A-21R-2403-07,0.6989745680785604,1
TCGA-AR-A1AS-01A-11R-A12P-07,0.5220347503941889,0
TCGA-86-8674-01A-21R-2403-07,0.7083988248300881,1
TCGA-DD-A4NS-01A-11R-A311-07,0.9439409046189269,1
TCGA-BP-5170-01A-01R-1426-07,0.4475115720346692,1
TCGA-A8-A06P-01A-11R-A00Z-07,0.4870925288983453,1
TCGA-B0-4697-01A-01R-1277-07,0.9407688042800529,1
TCGA-33-6737-01A-11R-1820-07,0.824100571106125,1
TCGA-85-A512-01A-11R-A26W-07,0.6575023546887959,1
TCGA-55-8511-01A-11R-2403-07,0.568111038809708,1
TCGA-VP-A878-01A-31R-A352-07,0.3988742717485125,0
TCGA-BH-A0DZ-01A-11R-A00Z-07,0.7039372273286604,1
TCGA-D5-6931-01A-11R-1928-07,0.4872195218460155,0
TCGA-50-5044-01A-21R-1858-07,0.837097666438438,0
TCGA-A2-A4RY-01A-31R-A266-07,0.8022296282040416,1
TCGA-EJ-7331-01A-11R-2118-07,0.6227793744329922,1
TCGA-CZ-4864-01A-01R-1503-07,0.4466118407455572,1
TCGA-4A-A93W-01A-11R-A37K-07,0.49819431370359113,1
TCGA-AA-3655-01A-02R-1723-07,0.4728155486400017,0
TCGA-CM-6678-01A-11R-1839-07,0.5779527829257413,1
TCGA-AA-A02J-01A-01R-A00A-07,0.288402373312394,1
TCGA-DD-AAVR-01A-11R-A41C-07,0.5917486635924349,0
TCGA-23-1123-01A-01R-1565-13,0.4835468096127618,1
TCGA-L5-A43H-01A-11R-A24K-31,0.5319916860904252,1
TCGA-EJ-7791-01A-11R-2118-07,0.521026319286978,1
TCGA-B6-A0RO-01A-22R-A084-07,0.7319685567783805,0
TCGA-96-8169-01A-11R-2296-07,0.5967701055445739,1
TCGA-E2-A10E-01A-21R-A10J-07,0.4310598284952479,1
TCGA-EJ-5518-01A-01R-1580-07,0.749186354628565,1
TCGA-5P-A9K0-01A-11R-A42S-07,0.2849960360611245,1
TCGA-AO-A0JM-01A-21R-A056-07,0.5458583398535426,1
TCGA-56-6545-01A-11R-1820-07,0.6257039204603387,1
TCGA-CJ-4643-01A-02R-1325-07,0.2557211094731045,0
TCGA-DZ-6135-01A-11R-1965-07,0.720393425950669,0
TCGA-QU-A6IN-01A-11R-A31N-07,0.9118569503125962,1
TCGA-EW-A1P6-01A-11R-A144-07,0.5077813042189042,1
TCGA-BH-A0E6-01A-11R-A034-07,0.8869510408383898,1
TCGA-04-1347-01A-01R-1564-13,0.5623352234123556,0
TCGA-NH-A6GB-01A-11R-A37K-07,0.47564779460319295,1
TCGA-50-5072-01A-21R-1858-07,0.7271902431698599,1
TCGA-O2-A52Q-01A-11R-A26W-07,0.880432262166231,1
TCGA-AC-A23C-01A-12R-A169-07,0.4674967229084607,1
TCGA-TP-A8TV-01A-11R-A41O-07,0.44601882819137234,0
TCGA-63-A5MN-01A-22R-A27Q-07,0.9111225271903886,0
TCGA-OL-A5D6-01A-21R-A27Q-07,0.8168866514584925,1
TCGA-55-8097-01A-11R-2241-07,0.5354634304061322,0
TCGA-EW-A1OX-01A-11R-A144-07,0.6966461682584101,1
TCGA-13-0804-01A-01R-1564-13,0.5478031566759803,1
TCGA-A2-A25D-01A-12R-A16F-07,0.6785506720602245,1
TCGA-24-1549-01A-01R-1566-13,0.7055642786261055,1
TCGA-XK-AAJR-01A-11R-A41O-07,0.3745268147779197,1
TCGA-CW-5588-01A-01R-1541-07,0.425277790363126,1
TCGA-SX-A71V-01A-11R-A33Z-07,0.3224696466726226,1
TCGA-BQ-7049-01A-11R-1965-07,0.9335997062876067,1
TCGA-BQ-5876-01A-11R-1592-07,0.9623313842331976,0
TCGA-B6-A0IJ-01A-11R-A034-07,0.8567236510249302,1
TCGA-55-A491-01A-11R-A24H-07,0.6679817823248329,1
TCGA-E2-A1L9-01A-11R-A13Q-07,0.4966740484126045,1
TCGA-44-8117-01A-11R-2241-07,0.5961376198791962,1
TCGA-JY-A93D-01A-11R-A38D-31,0.743729639831842,1
TCGA-AO-A0J3-01A-11R-A034-07,0.710361262822515,0
TCGA-A3-A8OU-01A-11R-A37O-07,0.42947367598522224,0
TCGA-63-A5M9-01A-11R-A26W-07,0.5250292819122848,1
TCGA-86-8585-01A-11R-2403-07,0.6692806627994381,0
TCGA-13-0762-01A-01R-1564-13,0.6163820330126807,1
TCGA-KK-A7B4-01A-11R-A32O-07,0.725300289000799,0
TCGA-MP-A4SV-01A-11R-A24X-07,0.4564121022795908,0
TCGA-LD-A7W5-01A-22R-A352-07,0.7360183350722748,0
TCGA-IZ-A6M8-01A-11R-A31O-07,0.6083737267131452,0
TCGA-CW-5585-01A-01R-1541-07,0.5842357048113063,1
TCGA-BH-A0B2-01A-11R-A10J-07,0.552342632090131,1
TCGA-AC-A2FK-01A-12R-A180-07,0.8121066183103576,1
TCGA-ER-A19K-01A-21R-A18T-07,0.7165956126310148,0
TCGA-DD-A4NR-01A-11R-A311-07,0.8648391747982698,0
TCGA-D8-A27T-01A-11R-A16F-07,0.4111328930350845,1
TCGA-96-7545-01A-21R-2045-07,0.6966290033588389,1
TCGA-21-1081-01A-01R-0692-07,0.6319576067056394,1
TCGA-AR-A2LL-01A-11R-A180-07,0.5096544987389569,1
TCGA-J4-A83M-01A-11R-A352-07,0.3648873203700531,1
TCGA-DD-AADF-01A-11R-A41C-07,0.3010826573604784,1
TCGA-B4-5377-01A-01R-1503-07,0.43403929387679874,1
TCGA-B8-5158-01A-01R-1420-07,0.7194339895778786,1
TCGA-25-1326-01A-01R-1565-13,0.7304462008228626,1
TCGA-DD-A1EB-01A-11R-A131-07,0.569459532038991,1
TCGA-63-A5MJ-01A-11R-A27Q-07,0.5157628897968212,1
TCGA-B9-4115-01A-01R-1193-07,0.616616414494175,1
TCGA-B8-4619-01A-02R-1325-07,0.963940798749651,1
TCGA-AA-3554-01A-01R-0826-07,0.5777613933195486,0
TCGA-2Y-A9H3-01A-11R-A38B-07,0.6291809596521036,1
TCGA-55-7728-01A-11R-2187-07,0.779972463032441,1
TCGA-BP-5181-01A-01R-1426-07,0.344410382622962,1
TCGA-DM-A1D8-01A-11R-A155-07,0.6176995671522915,1
TCGA-SX-A71S-01A-11R-A33Z-07,0.5694381256204161,1
TCGA-D8-A1XF-01A-11R-A14D-07,0.6732190007316169,1
TCGA-24-1474-01A-01R-1566-13,0.843982758980977,1
TCGA-KC-A4BN-01A-61R-A250-07,0.4434406967639082,1
TCGA-A3-3328-01A-01R-0864-07,0.9889046733856246,0
TCGA-HN-A2OB-01A-21R-A27Q-07,0.6920609843277613,1
TCGA-29-1698-01A-01R-1567-13,0.6754417044439083,0
TCGA-20-1686-01A-01R-1566-13,0.7909180882947409,1
TCGA-50-5939-01A-11R-1628-07,0.65508019483242,1
TCGA-A7-A3J1-01A-11R-A213-07,0.6099998083709891,1
TCGA-36-1570-01A-01R-1566-13,0.652084919380724,1
TCGA-AA-3521-01A-01R-0821-07,0.49418998883965237,1
TCGA-FC-7708-01A-11R-2118-07,0.46129127944215287,0
TCGA-VG-A8LO-01A-11R-A406-31,0.7229580695393777,1
TCGA-NK-A5CX-01A-11R-A26W-07,0.6434325496420711,1
TCGA-OL-A97C-01A-32R-A41B-07,0.8069356417381445,1
TCGA-E2-A158-01A-11R-A12D-07,0.8235650737482527,1
TCGA-HC-8256-01A-11R-2263-07,0.36311375538376595,1
TCGA-A7-A0CE-01A-11R-A00Z-07,0.8012384080176551,1
TCGA-AR-A1AL-01A-21R-A12P-07,0.5411968020995774,1
TCGA-E2-A3DX-01A-21R-A213-07,0.6782740649731333,1
TCGA-A2-A3XT-01A-11R-A22U-07,0.8531572649690108,0
TCGA-50-8457-01A-11R-2326-07,0.6018256482537367,1
TCGA-LL-A6FQ-01A-11R-A31O-07,0.8487466411595399,1
TCGA-2H-A9GK-01A-11R-A37I-31,0.6862289046749056,1
TCGA-G3-A5SM-01A-12R-A28V-07,0.49533249252549516,1
TCGA-AR-A1AX-01A-11R-A12P-07,0.5628953451144337,1
TCGA-A2-A4S3-01A-21R-A266-07,0.7682578135707409,1
TCGA-21-A5DI-01A-31R-A26W-07,0.562713059489412,1
TCGA-24-0966-01A-01R-1564-13,0.6060829718963903,0
TCGA-BH-A0H7-01A-13R-A056-07,0.6348689939735656,1
TCGA-97-7554-01A-11R-2039-07,0.5671951427240625,1
TCGA-IB-7886-01A-11R-2156-07,0.6332541868638284,1
TCGA-61-1728-01A-01R-1568-13,0.41571518439646776,1
TCGA-GM-A5PX-01A-12R-A28M-07,0.7758649732359058,1
TCGA-EJ-5494-01A-01R-1580-07,0.5552244705955619,1
TCGA-AZ-6605-01A-11R-1839-07,0.7074450357127583,1
TCGA-GL-A9DE-01A-11R-A37K-07,0.6676568536540484,0
TCGA-Y8-A895-01A-11R-A36F-07,0.2564172135534436,0
TCGA-55-8206-01A-11R-2241-07,0.5671518690028728,0
TCGA-85-8584-01A-11R-2403-07,0.9192370654386242,1
TCGA-AZ-4313-01A-01R-1410-07,0.7069539287374971,1
TCGA-EJ-AB20-01A-12R-A41O-07,0.9696291434754393,0
TCGA-43-8116-01A-11R-2247-07,0.49697329741608043,0
TCGA-97-7553-01A-21R-2039-07,0.5318812347690296,1
TCGA-VP-A87B-01A-11R-A352-07,0.6219344103834185,1
TCGA-BH-A0BA-01A-11R-A056-07,0.5476046994131698,1
TCGA-A3-3349-01A-01R-1188-07,0.28646939661936593,0
TCGA-EW-A1OW-01A-21R-A144-07,0.718513408530575,0
TCGA-L5-A8NW-01A-11R-A37I-31,0.4471982260168436,1
TCGA-EJ-A65M-01A-11R-A29R-07,0.5816362234493188,1
TCGA-E2-A15P-01A-11R-A115-07,0.48204233773708777,1
TCGA-A8-A09G-01A-21R-A00Z-07,0.6730746813765022,1
TCGA-MN-A4N5-01A-11R-A24X-07,0.4986098823431392,0
TCGA-A2-A0YG-01A-21R-A109-07,0.5499786238285183,1
TCGA-BH-A1EY-01A-11R-A13Q-07,0.6165787340743147,1
TCGA-CC-A9FU-01A-11R-A37K-07,0.7993212405137641,1
TCGA-A3-3335-01A-01R-0864-07,0.6001160326942601,1
TCGA-78-7154-01A-11R-2039-07,0.834778512661947,1
TCGA-69-8255-01A-11R-2287-07,0.8807179875148148,1
TCGA-EJ-5502-01A-01R-1580-07,0.5395226534692037,0
TCGA-AO-A03P-01A-11R-A00Z-07,0.5764967303511611,1
TCGA-22-5478-01A-01R-1635-07,0.712552321822211,1
TCGA-AA-3858-01A-01R-0905-07,0.39531905805602835,0
TCGA-HZ-8317-01A-11R-2404-07,0.612076219536905,1
TCGA-AQ-A1H2-01A-11R-A13Q-07,0.6889687400667961,1
TCGA-LN-A49R-01A-11R-A24K-31,0.7140776713390811,1
TCGA-24-1464-01A-01R-1566-13,0.6733268314832045,1
TCGA-G3-A5SL-01A-11R-A27V-07,0.30795041337306645,0
TCGA-VR-AA7B-01A-31R-A406-31,0.5956219855591087,1
TCGA-AC-A3QQ-01B-06R-A22O-07,0.8314408664591935,1
TCGA-AR-A24N-01A-11R-A169-07,0.4930105395448971,1
TCGA-D5-6531-01A-11R-1723-07,0.5688921756334421,1
TCGA-E9-A244-01A-11R-A169-07,0.80570285294926,1
TCGA-B0-4852-01A-01R-1503-07,0.5444621120342947,1
TCGA-DD-AAW0-01A-11R-A41C-07,0.6071490862604104,1
TCGA-55-8506-01A-11R-2403-07,0.6350857097056429,1
TCGA-B9-5156-01A-01R-1592-07,0.668487868561486,1
TCGA-D8-A27F-01A-11R-A16F-07,0.8196176059495548,1
TCGA-B4-5832-01A-11R-1672-07,0.9947973282453949,0
TCGA-CM-5341-01A-01R-1410-07,0.9419624851099376,1
TCGA-91-6831-01A-11R-1858-07,0.6612216275061857,0
TCGA-EJ-5526-01A-01R-1580-07,0.8711036691276788,1
TCGA-VP-A876-01A-11R-A352-07,0.6946123669339719,1
TCGA-E2-A576-01A-11R-A31O-07,0.8538761765311412,1
TCGA-J4-AATV-01A-11R-A41O-07,0.6130375113081441,0
TCGA-RC-A7SK-01A-11R-A352-07,0.42845030111696164,1
TCGA-BH-A1F2-01A-31R-A13Q-07,0.6238498675650399,0
TCGA-E2-A1BD-01A-11R-A12P-07,0.5399897172058561,1
TCGA-B8-5551-01A-01R-1541-07,0.9452145137645852,0
TCGA-49-AAR2-01A-11R-A39D-07,0.8323785834426515,0
TCGA-A1-A0SE-01A-11R-A084-07,0.36624856504740383,1
TCGA-D5-6534-01A-21R-1928-07,0.9850101537999384,1
TCGA-A7-A426-01A-22R-A24H-07,0.7416271980401468,1
TCGA-56-8503-01A-11R-2403-07,0.5804182302100898,1
TCGA-B1-A654-01A-11R-A31O-07,0.617602827499025,1
TCGA-AA-A029-01A-01R-A00A-07,0.480920259416413,1
TCGA-D8-A27K-01A-11R-A16F-07,0.4377715469041528,1
TCGA-BP-4991-01A-01R-1334-07,0.42739385665494717,1
TCGA-24-1428-01A-01R-1564-13,0.538166297800226,1
TCGA-10-0928-01A-02R-1564-13,0.5361784481919374,1
TCGA-M7-A71Y-01A-22R-A32O-07,0.5168024812346723,1
TCGA-G4-6299-01A-11R-1774-07,0.8414960758678801,1
TCGA-AK-3453-01A-02R-1277-07,0.8478935580089875,1
TCGA-E9-A247-01A-11R-A169-07,0.6210602855224595,1
TCGA-5P-A9K3-01A-11R-A42S-07,0.9041399861228784,1
TCGA-DD-A1EI-01A-11R-A131-07,0.7745469624821341,1
TCGA-B0-4823-01A-02R-1420-07,0.3120160414568602,1
TCGA-A2-A0CL-01A-11R-A115-07,0.7413479404696359,1
TCGA-VN-A88O-01A-11R-A352-07,0.4024421712986292,1
TCGA-A6-3810-01A-01R-1022-07,0.7494735974045097,1
TCGA-60-2724-01A-01R-0851-07,0.5868797444602466,1
TCGA-B3-3925-01A-02R-1351-07,0.8169209324050728,1
TCGA-G3-A7M8-01A-11R-A33R-07,0.5385726015197343,1
TCGA-AR-A5QP-01A-11R-A28M-07,0.5728544751529425,1
TCGA-CH-5767-01A-11R-1789-07,0.5846623875177805,1
TCGA-AR-A24S-01A-11R-A169-07,0.5794260879343124,0
TCGA-BH-A1FE-01A-11R-A13Q-07,0.5076651258613778,0
TCGA-EJ-7782-01A-11R-2118-07,0.6841149800682785,1
TCGA-55-8094-01A-11R-2241-07,0.8274979897250607,0
TCGA-77-8145-01A-11R-2247-07,0.5896429582500243,1
TCGA-AA-3851-01A-01R-1022-07,0.5765414199476777,1
TCGA-L5-A8NI-01A-11R-A37I-31,0.8088576986545903,1
TCGA-2J-AABP-01A-11R-A41B-07,0.959895926994427,1
TCGA-AC-A3YJ-01A-11R-A22U-07,0.7902740711262705,1
TCGA-25-1877-01A-01R-1567-13,0.8040277860406494,1
TCGA-AR-A2LE-01A-11R-A180-07,0.5505452782676469,0
TCGA-B0-4847-01A-01R-1277-07,0.8577694040048457,1
TCGA-BH-A0E1-01A-11R-A056-07,0.5267727836374302,1
TCGA-21-5784-01A-01R-1635-07,0.819297307567925,0
TCGA-KK-A7AQ-01A-11R-A33R-07,0.8432395620411653,1
TCGA-DD-AAE3-01A-11R-A41C-07,0.46296154376472143,1
TCGA-93-A4JQ-01A-11R-A24X-07,0.5012731490155369,1
TCGA-AC-A3TN-01A-11R-A22K-07,0.7708235605613106,1
TCGA-VR-A8Q7-01A-11R-A37I-31,0.6534370095576877,1
TCGA-HC-8259-01A-11R-2263-07,0.2572306788830529,1
TCGA-AO-A12A-01A-21R-A115-07,0.46534853961931266,0
TCGA-66-2742-01A-01R-0980-07,0.5716356277277704,1
TCGA-KC-A4BV-01A-31R-A26U-07,0.5339663281713555,1
TCGA-Y8-A8S0-01A-11R-A37K-07,0.3377311269470794,1
TCGA-YL-A8SF-01A-11R-A37L-07,0.721056267724496,1
TCGA-24-1567-01A-01R-1566-13,0.74185920120275,1
TCGA-BH-A0H6-01A-21R-A056-07,0.5251744976174626,0
TCGA-BP-5186-01A-01R-1426-07,0.2504030531004982,1
TCGA-B0-4699-01A-01R-1277-07,0.9751598235491562,1
TCGA-OY-A56Q-01A-11R-A406-31,0.8149895148841034,1
TCGA-B0-4836-01A-01R-1305-07,0.5720269043930911,1
TCGA-HZ-A49I-01A-12R-A26U-07,0.414505948677593,1
TCGA-J7-8537-01A-11R-2404-07,0.9619879302017522,0
TCGA-SX-A7SS-01A-11R-A36F-07,0.46295550249947226,1
TCGA-CM-6161-01A-11R-1653-07,0.7867445836336294,1
TCGA-66-2753-01A-01R-0980-07,0.6521263382607679,1
TCGA-A3-3343-01A-01R-0864-07,0.2826600534885267,1
TCGA-24-1930-01A-01R-1567-13,0.7480888863275709,1
TCGA-A2-A0T7-01A-21R-A084-07,0.5434629404466411,1
TCGA-75-6203-01A-11R-1755-07,0.658860766524165,1
TCGA-CZ-5989-01A-11R-1672-07,0.988659122432264,1
TCGA-DD-AAVP-01A-11R-A41C-07,0.49217129302146484,0
TCGA-MH-A562-01A-11R-A26U-07,0.48403515353666343,0
TCGA-AC-A2FE-01A-11R-A19W-07,0.6206656137599978,1
TCGA-ZG-A8QZ-01A-11R-A37L-07,0.5247046872107082,1
TCGA-B8-A54J-01A-11R-A33J-07,0.38237024990001317,0
TCGA-CM-6675-01A-11R-1839-07,0.8649169945297076,0
TCGA-A2-A0D1-01A-11R-A034-07,0.7489293977067554,1
TCGA-UZ-A9PZ-01A-11R-A42S-07,0.3252615423710596,0
TCGA-LN-A9FR-01A-11R-A38D-31,0.5016495532205815,1
TCGA-CZ-5458-01A-01R-1503-07,0.34738892972525237,1
TCGA-IB-A5SQ-01A-11R-A32O-07,0.4637572608229875,1
TCGA-EB-A1NK-01A-11R-A18T-07,0.46873309025078075,1
TCGA-BF-A1PX-01A-12R-A18T-07,0.7605011333119489,1
TCGA-MH-A855-01A-11R-A355-07,0.5680193420616146,1
TCGA-DZ-6131-01A-11R-1965-07,0.904730482029206,1
TCGA-CJ-4875-01A-01R-1305-07,0.6255594567942947,1
TCGA-BP-4787-01A-01R-1305-07,0.6262730651004194,1
TCGA-X4-A8KQ-01A-12R-A36G-07,0.8244150561744747,1
TCGA-CZ-4862-01A-01R-1305-07,0.5282316247813337,1
TCGA-E2-A14Y-01A-21R-A12D-07,0.8429423101784326,1
TCGA-B0-5100-01A-01R-1420-07,0.901364678521465,0
TCGA-EB-A42Y-01A-12R-A24X-07,0.7183098422530332,1
TCGA-25-2399-01A-01R-1569-13,0.5825749314053446,1
TCGA-EB-A42Z-01A-12R-A24X-07,0.6409759832282004,1
TCGA-66-2755-01A-01R-0851-07,0.6887534406751937,1
TCGA-A6-2677-01B-02R-A277-07,0.9966397582127257,1
TCGA-25-2400-01A-01R-1569-13,0.6529404961237864,0
TCGA-O2-A52S-01A-11R-A262-07,0.6228446257962152,1
TCGA-09-2054-01A-01R-1568-13,0.7099587973934774,1
TCGA-BC-A10Y-01A-11R-A131-07,0.6343578706552304,1
TCGA-22-5481-01A-31R-1949-07,0.8860278917162201,1
TCGA-A2-A0D3-01A-11R-A115-07,0.5399511828253509,1
TCGA-55-8505-01A-11R-2403-07,0.6730451101910078,1
TCGA-CJ-4636-01A-02R-1325-07,0.46462663324424325,1
TCGA-13-0797-01A-01R-1564-13,0.6032676634423845,1
TCGA-AA-A03J-01A-21R-A16W-07,0.6196613600678242,0
TCGA-VP-A872-01A-11R-A352-07,0.8687805513462437,1
TCGA-XR-A8TF-01A-11R-A36F-07,0.5666504515635874,1
TCGA-EP-A2KA-01A-11R-A180-07,0.7335666966249813,1
TCGA-25-1314-01A-01R-1565-13,0.5997791126492145,1
TCGA-64-5778-01A-01R-1628-07,0.6790494784703633,1
TCGA-04-1356-01A-01R-1569-13,0.7175038106867431,1
TCGA-46-3766-01A-01R-0980-07,0.9004078697156059,0
TCGA-78-7535-01A-11R-2066-07,0.789536032414643,1
TCGA-HZ-7919-01A-11R-2156-07,0.5622961297235228,1
TCGA-DW-7841-01A-11R-A32Z-07,0.4315183566656767,1
TCGA-AA-3538-01A-01R-0821-07,0.4022092563064719,1
TCGA-ZG-A9L5-01A-12R-A41O-07,0.8865497317465123,0
TCGA-DD-A39Z-01A-11R-A213-07,0.26639598590399977,1
TCGA-GM-A3NY-01A-11R-A21T-07,0.7458623930147124,1
TCGA-S4-A8RO-01A-12R-A37L-07,0.8159404809244192,1
TCGA-E2-A573-01A-11R-A29R-07,0.8417549580786071,1
TCGA-G3-A3CG-01A-11R-A213-07,0.40112749944905407,1
TCGA-PL-A8LZ-01A-31R-A36F-07,0.8485072753101391,1
TCGA-39-5011-01A-01R-1443-07,0.8530199799897078,1
TCGA-G3-AAV5-01A-11R-A37K-07,0.32558620406975275,1
TCGA-A3-3313-01A-02R-1325-07,0.9561175532862625,0
TCGA-UZ-A9PR-01A-11R-A42S-07,0.3794068431436356,1
TCGA-BQ-5887-01A-11R-1965-07,0.9266530063272045,1
TCGA-49-AARQ-01A-11R-A41B-07,0.8904731269337771,1
TCGA-AA-3488-01A-01R-1410-07,0.5180934947009447,1
TCGA-S3-AA0Z-01A-11R-A41B-07,0.8100033983012567,0
TCGA-FB-A78T-01A-12R-A32O-07,0.5359551432929491,1
TCGA-09-1659-01B-01R-1564-13,0.513198718761931,1
TCGA-55-8096-01A-11R-2241-07,0.5579917337482704,1
TCGA-DD-AACQ-01A-11R-A41C-07,0.5025627409101472,1
TCGA-CC-5260-01A-01R-A131-07,0.9940594222043969,1
TCGA-E2-A14S-01A-11R-A12D-07,0.5847865695704789,1
TCGA-B6-A0WT-01A-11R-A109-07,0.3750247730371302,1
TCGA-BQ-7048-01A-11R-1965-07,0.8417341344263597,0
TCGA-56-A62T-01A-11R-A405-07,0.5938444989188562,0
TCGA-EB-A3XD-01A-22R-A239-07,0.6908736735135261,1
TCGA-DD-AACZ-01A-11R-A41C-07,0.8546187894768194,1
TCGA-CC-A1HT-01A-11R-A131-07,0.9820802933857501,1
TCGA-B2-5633-01A-01R-1541-07,0.37683655018630285,0
TCGA-D5-5541-01A-01R-1653-07,0.6945220096144744,1
TCGA-BC-A217-01A-11R-A155-07,0.6783122892721638,1
TCGA-E2-A106-01A-11R-A10J-07,0.6671783359143925,0
TCGA-A2-A0D4-01A-11R-A00Z-07,0.6116680650662083,1
TCGA-BP-4768-01A-01R-1289-07,0.5816706836792356,1
TCGA-HC-7750-01A-11R-2118-07,0.37941512438091923,1
TCGA-C8-A1HI-01A-11R-A137-07,0.5652039975214465,1
TCGA-64-5815-01A-01R-1628-07,0.6602554002725243,1
TCGA-EW-A1P5-01A-11R-A144-07,0.632153472363502,1
TCGA-DD-AADK-01A-11R-A41C-07,0.502536668825971,1
TCGA-BP-4174-01A-02R-1289-07,0.7471692334198091,1
TCGA-22-5482-01A-01R-1635-07,0.41665062743492104,1
TCGA-CA-5256-01A-01R-1410-07,0.6970761037276143,0
TCGA-36-1571-01A-01R-1566-13,0.7179610054707991,1
TCGA-13-0714-01A-01R-1564-13,0.6287157814913946,0
TCGA-97-8172-01A-11R-2287-07,0.6227760922840452,1
TCGA-ZG-A9L9-01A-11R-A41O-07,0.8800343091658246,1
TCGA-E2-A159-01A-11R-A115-07,0.7419909999734733,1
TCGA-BP-5187-01A-01R-1426-07,0.38811189122743495,1
TCGA-DZ-6132-01A-11R-1965-07,0.8357787539496593,1
TCGA-A6-6649-01A-11R-1774-07,0.8561299134743522,1
TCGA-60-2722-01A-01R-0851-07,0.5081140370844666,0
TCGA-24-2033-01A-01R-1568-13,0.44990618603590193,1
TCGA-CH-5739-01A-11R-1580-07,0.6430829201746897,0
TCGA-EJ-A6RC-01A-11R-A32O-07,0.4290232806192422,1
TCGA-V5-AASW-01A-11R-A406-31,0.4727263733068099,0
TCGA-86-8280-01A-11R-2287-07,0.46084657076197827,0
TCGA-73-7499-01A-11R-2187-07,0.721770671719933,1
TCGA-DM-A1DA-01A-11R-A155-07,0.47801725446764026,1
TCGA-ED-A7XO-01A-11R-A352-07,0.5149908545119835,1
TCGA-35-4123-01A-01R-1107-07,0.6727314023699896,0
TCGA-CJ-4639-01A-02R-1325-07,0.3225825495721011,1
TCGA-35-4122-01A-01R-1107-07,0.8228056029364025,0
TCGA-AC-A7VC-01A-11R-A352-07,0.9399899387454305,0
TCGA-A8-A08X-01A-21R-A00Z-07,0.6911837678699446,0
TCGA-XK-AAIR-01A-11R-A41O-07,0.3887048482581112,1
TCGA-BH-A0B3-01A-11R-A056-07,0.8103823798069014,1
TCGA-BH-A1EV-01A-11R-A137-07,0.528015049579819,1
TCGA-AA-3982-01A-02R-1022-07,0.43034124383675754,1
TCGA-86-6562-01A-11R-1755-07,0.565190583998567,1
TCGA-EJ-5496-01A-01R-1580-07,0.5791866036594466,1
TCGA-B6-A400-01A-11R-A239-07,0.8201870019279587,0
TCGA-BF-A5ES-01A-11R-A27Q-07,0.3310789646173036,1
TCGA-F4-6854-01A-11R-1928-07,0.41160412885121433,1
TCGA-10-0938-01A-02R-1564-13,0.6449695465276053,0
TCGA-D8-A1XW-01A-11R-A14M-07,0.779760287947604,1
TCGA-55-8089-01A-11R-2241-07,0.60611970643159,1
TCGA-43-3920-01A-01R-0980-07,0.835843558178931,0
TCGA-AA-3660-01A-01R-1723-07,0.4551878359248352,1
TCGA-24-0970-01B-01R-1565-13,0.5867586510960376,0
TCGA-24-2298-01A-01R-1569-13,0.7687550559988883,1
TCGA-EJ-A46G-01A-31R-A26U-07,0.8431996189151321,0
TCGA-A8-A093-01A-11R-A00Z-07,0.3923081126536635,1
TCGA-A7-A26I-01B-06R-A22O-07,0.8574385148547666,1
TCGA-24-1842-01A-01R-1567-13,0.7168446104100726,1
TCGA-LB-A8F3-01A-11R-A36G-07,0.8248466760568889,1
TCGA-95-7567-01A-11R-2066-07,0.5797795599665098,1
TCGA-BH-A0EE-01A-11R-A034-07,0.8655067485212952,1
TCGA-55-7911-01A-11R-2170-07,0.5681555373650089,1
TCGA-B2-5641-01A-01R-1541-07,0.5471871365480105,0
TCGA-CH-5790-01A-11R-1580-07,0.6675157943911237,1
TCGA-90-7766-01A-21R-2125-07,0.6306152560146252,1
TCGA-AA-3818-01A-01R-0905-07,0.3530498126100948,0
TCGA-NC-A5HL-01A-11R-A26W-07,0.5542710665800533,1
TCGA-23-1120-01A-02R-1565-13,0.6267902435917161,1
TCGA-A8-A06N-01A-11R-A00Z-07,0.6846472057823101,0
TCGA-24-1427-01A-01R-1565-13,0.6580825483221976,1
TCGA-DM-A285-01A-11R-A16W-07,0.6862488270657906,0
TCGA-B6-A0RP-01A-21R-A084-07,0.5013114579456281,1
TCGA-77-8130-01A-11R-2247-07,0.8065806214439182,1
TCGA-85-7843-01A-11R-2125-07,0.5027115197166212,0
TCGA-22-1002-01A-01R-0692-07,0.7027597666670935,1
TCGA-L5-A4OU-01A-11R-A28J-31,0.7061020867856667,1
TCGA-44-3918-01B-02R-A277-07,0.9011214080999219,1
TCGA-EJ-5503-01A-01R-1580-07,0.4635704001200736,1
TCGA-B9-4113-01A-01R-1193-07,0.5541594517718799,1
TCGA-55-6642-01A-11R-1858-07,0.6210580850357446,1
TCGA-22-4604-01A-01R-1201-07,0.5166640556336176,1
TCGA-69-8253-01A-11R-2287-07,0.5887297198904057,0
TCGA-43-A475-01A-11R-A24H-07,0.6344143373507573,1
TCGA-13-0893-01B-01R-1565-13,0.6172956886677308,1
TCGA-ZG-A9MC-01A-31R-A41O-07,0.9367485427059737,1
TCGA-FB-AAQ3-01A-11R-A41B-07,0.8340804084304775,0
TCGA-30-1861-01A-01R-1568-13,0.7264031236250238,1
TCGA-A8-A0A4-01A-11R-A00Z-07,0.5967357707723604,1
TCGA-V1-A9ZI-01A-11R-A41O-07,0.8015531733211299,1
TCGA-AA-A01S-01A-21R-A083-07,0.5651194192449172,1
TCGA-J4-A6G1-01A-11R-A311-07,0.8377185431041806,1
TCGA-DD-AAD5-01A-11R-A41C-07,0.9062634532879192,0
TCGA-44-7661-01A-11R-2066-07,0.5898777404717778,1
TCGA-FV-A23B-01A-11R-A16W-07,0.7012906872005138,1
TCGA-E2-A1B1-01A-21R-A12P-07,0.6577770240215195,1
TCGA-EJ-A65D-01A-11R-A30B-07,0.9025762195157457,1
TCGA-CA-5796-01A-01R-1653-07,0.873337364493633,1
TCGA-AY-6196-01A-11R-1723-07,0.9957625494388402,1
TCGA-KK-A6E2-01A-11R-A311-07,0.5805264145004679,1
TCGA-05-4384-01A-01R-1755-07,0.5736859527356352,1
TCGA-D8-A1XD-01A-11R-A14D-07,0.5926936823424402,1
TCGA-T1-A6J8-01A-11R-A32O-07,0.44255507260799126,0
TCGA-A2-A0SU-01A-11R-A084-07,0.5071674451907126,1
TCGA-62-A46R-01A-11R-A24H-07,0.5981843122266498,1
TCGA-2J-AAB1-01A-11R-A41B-07,0.3899996434277502,1
TCGA-61-2102-01A-01R-1568-13,0.859784796698277,1
TCGA-BQ-5891-01A-11R-1592-07,0.8717851132471148,1
TCGA-78-7160-01A-11R-2039-07,0.6003353469689331,1
TCGA-AZ-4614-01A-01R-1410-07,0.7412827668697595,0
TCGA-CM-6676-01A-11R-1839-07,0.6135603695733243,1
TCGA-LN-A49W-01A-11R-A260-31,0.6738884961760142,1
TCGA-A2-A0EY-01A-11R-A034-07,0.6442389745728412,1
TCGA-CJ-4869-01A-02R-1426-07,0.6834638991880778,1
TCGA-F2-A8YN-01A-11R-A37L-07,0.45252407958533275,1
TCGA-EW-A6SC-01A-12R-A32P-07,0.5099832772130195,1
TCGA-77-A5G1-01A-11R-A27Q-07,0.7880153535200797,1
TCGA-V1-A9ZR-01A-11R-A41O-07,0.7650934246496697,1
TCGA-KK-A8I9-01A-11R-A36G-07,0.6937369858120267,0
TCGA-CC-A3MB-01A-11R-A213-07,0.6089828810994337,1
TCGA-B2-5635-01A-01R-1541-07,0.35783151269524704,1
TCGA-AA-3662-01A-01R-1723-07,0.65305407146853,1
TCGA-S3-AA15-01A-11R-A41B-07,0.860002296421462,1
TCGA-B8-4154-01A-01R-1188-07,0.7373115529586176,1
TCGA-43-A474-01A-11R-A24H-07,0.5138711036525908,1
TCGA-13-0800-01A-01R-1564-13,0.5698553218780613,1
TCGA-L9-A50W-01A-12R-A39D-07,0.6851639025105605,1
TCGA-B6-A1KF-01A-11R-A13Q-07,0.705447437758897,0
TCGA-22-1011-01A-01R-0692-07,0.6555556967150049,1
TCGA-AA-3833-01A-01R-0905-07,0.6623183086210415,1
TCGA-22-4605-01A-21R-2125-07,0.5937728337991396,1
TCGA-52-7810-01A-11R-2125-07,0.6799757834734594,1
TCGA-64-1678-01A-01R-0946-07,0.9217354189297098,1
TCGA-IB-7645-01A-22R-2204-07,0.6723038049120511,1
TCGA-A2-A0EP-01A-52R-A22U-07,0.8831279791522488,1
TCGA-AA-A00Z-01A-01R-A002-07,0.47666521182622706,1
TCGA-E2-A9RU-01A-11R-A41B-07,0.847081531780442,0
TCGA-BP-5184-01A-01R-1426-07,0.24061734317760045,1
TCGA-73-4670-01A-01R-1206-07,0.7411703346527185,1
TCGA-AA-3679-01A-02R-0905-07,0.45048678851312873,1
TCGA-CM-5348-01A-21R-1723-07,0.9739588328857582,1
TCGA-2A-A8W3-01A-11R-A37L-07,0.5727544899505271,0
TCGA-MH-A857-01A-11R-A355-07,0.9295248044117256,1
TCGA-E2-A1LG-01A-21R-A14M-07,0.8379771329660111,0
TCGA-05-4418-01A-01R-1206-07,0.6963282241734361,1
TCGA-83-5908-01A-21R-2287-07,0.6408206151445696,0
TCGA-G3-A5SJ-01A-11R-A27V-07,0.9031509466475244,1
TCGA-13-0901-01B-01R-1565-13,0.7695607522569188,1
TCGA-B0-5088-01A-01R-1334-07,0.4805243518307803,1
TCGA-AR-A0TU-01A-31R-A109-07,0.8448702190833364,0
TCGA-29-1770-01A-01R-1567-13,0.6263194279458852,1
TCGA-AA-3855-01A-01R-1022-07,0.34100926297074546,1
TCGA-B0-5402-01A-01R-1503-07,0.46232959775390875,1
TCGA-DD-AACD-01A-11R-A41C-07,0.39742524139535584,1
TCGA-UB-A7MB-01A-11R-A33R-07,0.6951051612161302,0
TCGA-J9-A52B-01A-11R-A26U-07,0.8097589339341562,1
TCGA-13-0908-01B-01R-1565-13,0.7884234263187102,1
TCGA-AS-3777-01A-01R-0864-07,0.988837668008076,0
TCGA-L5-A8NU-01A-11R-A36D-31,0.915870502488178,1
TCGA-BH-A0W5-01A-11R-A109-07,0.4932234265003463,1
TCGA-L5-A4OE-01A-11R-A260-31,0.5610034461798891,1
TCGA-29-1705-01A-01R-1567-13,0.6025905592359743,1
TCGA-AA-A024-01A-02R-A00A-07,0.797882799423313,1
TCGA-13-0799-01A-01R-1564-13,0.6293350125541206,1
TCGA-AR-A24L-01A-11R-A169-07,0.4324419300740835,1
TCGA-CZ-5463-01A-01R-1503-07,0.647662737013922,1
TCGA-G7-A4TM-01A-11R-A31O-07,0.38675380081306504,1
TCGA-5P-A9KH-01A-11R-A42S-07,0.9817610343377904,1
TCGA-E9-A249-01A-11R-A169-07,0.45162234815641067,1
TCGA-J2-A4AD-01A-11R-A24H-07,0.6452688458612921,1
TCGA-BP-4961-01A-01R-1334-07,0.3518621845353902,1
TCGA-DD-AADB-01A-11R-A41C-07,0.8266329660207803,1
TCGA-B6-A0X4-01A-11R-A109-07,0.7066429949447642,0
TCGA-80-5611-01A-01R-1628-07,0.7388335126100762,1
TCGA-A8-A06O-01A-11R-A00Z-07,0.5556444748221075,1
TCGA-B0-4690-01A-01R-1277-07,0.8931662723718279,1
TCGA-A8-A07C-01A-11R-A034-07,0.7816867677031787,1
TCGA-23-1032-01A-02R-1564-13,0.563465707470537,1
TCGA-CM-6167-01A-11R-1653-07,0.988454609950282,1
TCGA-D8-A142-01A-11R-A115-07,0.7534854615904096,1
TCGA-A3-A8OV-01A-11R-A37O-07,0.6994905333988873,1
TCGA-A8-A094-01A-11R-A00Z-07,0.7251332986700448,0
TCGA-HC-A8D0-01A-11R-A36G-07,0.6158161722501283,1
TCGA-M9-A5M8-01A-11R-A28J-31,0.4941264795747788,1
TCGA-DD-AACS-01A-11R-A41C-07,0.6489429866314019,1
TCGA-22-4593-01A-21R-1820-07,0.586456982009486,0
TCGA-E9-A1RB-01A-11R-A157-07,0.6005564019597641,1
TCGA-86-A456-01A-11R-A24H-07,0.5208635413653742,0
TCGA-AR-A24H-01A-11R-A169-07,0.5948465354384477,1
TCGA-OL-A5D7-01A-11R-A27Q-07,0.9206133829763549,0
TCGA-85-A511-01A-21R-A262-07,0.4180443079274577,0
TCGA-49-AAR9-01A-21R-A41B-07,0.8330680217284947,0
TCGA-13-1496-01A-01R-1565-13,0.6756462895375595,0
TCGA-60-2695-01A-01R-0851-07,0.7927667553249355,0
TCGA-YL-A8SH-01B-11R-A37L-07,0.3909374016647186,1
TCGA-23-1026-01B-01R-1569-13,0.5407903745787985,0
TCGA-AA-3684-01A-02R-0905-07,0.8653745379364737,1
TCGA-97-8174-01A-11R-2287-07,0.723797571823336,1
TCGA-A3-3308-01A-02R-1325-07,0.6030308413977055,1
TCGA-DD-A3A4-01A-11R-A22L-07,0.5240654122287343,1
TCGA-AR-A2LO-01A-31R-A18M-07,0.5510973363281056,0
TCGA-64-1679-01A-21R-2066-07,0.6585959646792129,1
TCGA-56-8623-01A-11R-A28V-07,0.9907832340070373,1
TCGA-69-A59K-01A-11R-A262-07,0.7007785575630019,0
TCGA-13-0766-01A-02R-1564-13,0.6959146749622804,1
TCGA-61-2016-01A-01R-1568-13,0.6723340223043691,1
TCGA-XV-AAZV-01A-11R-A40A-07,0.8178801278689334,1
TCGA-AA-A01Q-01A-01R-A002-07,0.6176365002471476,1
TCGA-A2-A25C-01A-11R-A169-07,0.49608509553220903,1
TCGA-24-1849-01A-01R-1567-13,0.7976813681028602,1
TCGA-LL-A5YM-01A-11R-A28M-07,0.9394052709702956,1
TCGA-23-2081-01A-01R-1568-13,0.6508382980104376,1
TCGA-BP-4975-01A-01R-1334-07,0.3283082988383467,1
TCGA-B8-5165-01A-01R-1420-07,0.3928218334612504,0
TCGA-SX-A7SR-01A-12R-A36F-07,0.3982678976455553,1
TCGA-AR-A24M-01A-11R-A169-07,0.5094722528290774,1
TCGA-LL-A6FR-01A-12R-A31O-07,0.9262015349191423,1
TCGA-IB-A5SS-01A-11R-A32O-07,0.6271161396735754,1
TCGA-EJ-AB27-01A-11R-A41O-07,0.24937187531845492,1
TCGA-37-3789-01A-01R-0980-07,0.6657427466049823,1
TCGA-AA-A01F-01A-01R-A002-07,0.43386307640332433,1
TCGA-VR-A8EY-01A-11R-A36D-31,0.6408091871398767,1
TCGA-CK-5913-01A-11R-1653-07,0.6300398885441973,0
TCGA-A3-3319-01A-02R-1325-07,0.8735975678336801,0
TCGA-77-8007-01A-11R-2187-07,0.8114530526285906,0
TCGA-24-1434-01A-01R-1566-13,0.837009524111237,1
TCGA-L5-A4OQ-01A-11R-A260-31,0.7714344482189891,1
TCGA-IG-A3YC-01A-11R-A24K-31,0.7517637146055393,1
TCGA-BH-A0DV-01A-21R-A12P-07,0.7267326574750655,1
TCGA-C8-A12N-01A-11R-A115-07,0.5730388724450065,1
TCGA-KC-A7F6-01A-11R-A33R-07,0.47164348222307045,1
TCGA-DM-A28E-01A-11R-A32Y-07,0.381454506567437,0
TCGA-85-8048-01A-11R-2247-07,0.7186818864834104,1
TCGA-55-8614-01A-11R-2403-07,0.7510269661613186,1
TCGA-L5-A4OH-01A-11R-A260-31,0.6060996521343215,0
TCGA-AO-A0JJ-01A-11R-A056-07,0.5428530932030747,1
TCGA-DM-A282-01A-12R-A16W-07,0.6046009573017743,1
TCGA-64-5775-01A-01R-1628-07,0.9041546602918904,1
TCGA-EJ-5511-01A-01R-1580-07,0.7117560869981314,1
TCGA-E2-A1LE-01A-12R-A19W-07,0.8137639553259535,1
TCGA-E9-A1NH-01A-11R-A14D-07,0.4762085657554319,0
TCGA-55-8302-01A-11R-2326-07,0.6560145387234924,1
TCGA-O2-A52N-01A-11R-A26W-07,0.6494760443180851,0
TCGA-AA-3495-01A-01R-1410-07,0.458460935575115,1
TCGA-A7-A13H-01A-11R-A22K-07,0.6320319116905427,0
TCGA-JY-A6FE-01A-11R-A336-31,0.8562551226086735,1
TCGA-HC-7210-01A-11R-2118-07,0.7820922981354231,1
TCGA-L5-A88T-01A-11R-A354-31,0.6897673854831785,0
TCGA-BP-4998-01A-01R-1334-07,0.40292801300941905,1
TCGA-S3-A6ZG-01A-22R-A32P-07,0.5127106899305679,1
TCGA-B0-5692-01A-11R-1541-07,0.6758181730830887,1
TCGA-ZG-A8QY-01A-11R-A37L-07,0.5203909061158993,1
TCGA-A1-A0SG-01A-11R-A144-07,0.527320450179321,0
TCGA-64-5774-01A-01R-1628-07,0.6868556370876335,1
TCGA-L5-A8NM-01A-11R-A37I-31,0.6860069171460751,1
TCGA-AO-A12D-01A-11R-A115-07,0.6127252753947382,1
TCGA-39-5024-01A-21R-1820-07,0.6614604533170054,1
TCGA-AA-A01K-01A-01R-A00A-07,0.631123962181411,0
TCGA-AA-3973-01A-01R-1022-07,0.8046887178354436,1
TCGA-22-5485-01A-01R-1635-07,0.43211033378082014,1
TCGA-50-5941-01A-11R-1755-07,0.40971943557274565,0
TCGA-C8-A12K-01A-21R-A115-07,0.8404849959383188,1
TCGA-MH-A55Z-01A-11R-A26U-07,0.2675175107351567,1
TCGA-BH-A0H3-01A-11R-A12P-07,0.5098352969020782,1
TCGA-CJ-4890-01A-01R-1305-07,0.7037912178535743,0
TCGA-85-8072-01A-31R-2247-07,0.5331642860733834,0
TCGA-5M-AATA-01A-31R-A41B-07,0.6401234625851253,0
TCGA-C8-A1HK-01A-21R-A13Q-07,0.6556929265548742,1
TCGA-AN-A0XP-01A-11R-A109-07,0.44638478613862576,1
TCGA-39-5028-01A-01R-1443-07,0.7694921535385393,0
TCGA-ZG-A9L6-01A-11R-A41O-07,0.49872133196723334,1
TCGA-AO-A03V-01A-11R-A115-07,0.5863968761181099,1
TCGA-CJ-4895-01A-01R-1305-07,0.4042387040500451,1
TCGA-BC-A10T-01A-11R-A131-07,0.624170804604807,0
TCGA-AR-A24K-01A-11R-A169-07,0.514002333617338,0
TCGA-A8-A06Z-01A-11R-A00Z-07,0.6036961452339936,1
TCGA-A6-6654-01A-21R-1839-07,0.9029738121766144,1
TCGA-G9-6373-01A-11R-1789-07,0.5989782446296043,1
TCGA-DD-A116-01A-11R-A131-07,0.35442024979804004,0
TCGA-VR-A8EQ-01A-11R-A36D-31,0.8299113883883351,1
TCGA-R6-A6L6-01B-11R-A336-31,0.838628865961079,1
TCGA-55-A493-01A-11R-A24H-07,0.7251101798329921,1
TCGA-ES-A2HS-01A-11R-A180-07,0.26580491126590217,1
TCGA-KK-A8I8-01A-11R-A36G-07,0.610900251090563,1
TCGA-L5-A4OI-01A-11R-A36D-31,0.6666474581972127,1
TCGA-43-6143-01A-11R-1820-07,0.6838185362202767,1
TCGA-HC-7080-01A-11R-1965-07,0.4871720062818267,1
TCGA-FV-A4ZQ-01A-11R-A266-07,0.8198015578084996,0
TCGA-A3-3374-01A-02R-1325-07,0.9808340192228642,0
TCGA-IG-A3QL-01A-11R-A24K-31,0.6992580287456823,0
TCGA-PL-A8LV-01A-21R-A41B-07,0.860171480379805,1
TCGA-HC-A9TE-01A-11R-A41O-07,0.9147557066474478,1
TCGA-G4-6321-01A-11R-1723-07,0.9695759882430071,1
TCGA-23-1030-01A-02R-1564-13,0.4499252078028187,1
TCGA-FB-AAQ2-01A-31R-A41B-07,0.8303613651230635,1
TCGA-A2-A0CY-01A-12R-A034-07,0.8741855010901438,1
TCGA-AN-A046-01A-21R-A034-07,0.5940573639097926,1
TCGA-BH-A0B4-01A-11R-A00Z-07,0.6438121652433237,1
TCGA-24-0982-01A-01R-1565-13,0.4406754657165007,1
TCGA-AR-A0TY-01A-12R-A115-07,0.7108640832155871,0
TCGA-WS-AB45-01A-11R-A41B-07,0.9913642185501594,0
TCGA-37-4135-01A-01R-1100-07,0.9418886905755165,1
TCGA-EW-A1P0-01A-11R-A144-07,0.5963914876451889,1
TCGA-A2-A04Y-01A-21R-A034-07,0.630545742230467,1
TCGA-ZP-A9D4-01A-11R-A37K-07,0.48819914926743857,1
TCGA-AC-A23H-01A-11R-A157-07,0.5960620004023288,1
TCGA-A8-A07G-01A-11R-A034-07,0.4830664295299241,0
TCGA-63-A5MT-01A-21R-A26W-07,0.612315385837456,1
TCGA-05-5428-01A-01R-1628-07,0.7939381759393922,1
TCGA-V1-A9OQ-01A-11R-A41O-07,0.503920489241088,1
TCGA-CZ-5454-01A-01R-1503-07,0.5595416742429555,0
TCGA-2J-AABK-01A-31R-A41B-07,0.5354839998090323,1
TCGA-L5-A893-01A-11R-A36D-31,0.665871317270503,1
TCGA-CW-5587-01A-01R-1541-07,0.4663792781138639,1
TCGA-CH-5766-01A-11R-1580-07,0.6830822702383311,0
TCGA-E9-A1NI-01A-11R-A14D-07,0.5284573527565541,1
TCGA-46-3767-01A-01R-0980-07,0.7423795678572738,0
TCGA-85-7710-01A-11R-2125-07,0.6902305983557364,1
TCGA-A2-A1G1-01A-21R-A13Q-07,0.7922180373116456,1
TCGA-AZ-6603-01A-11R-1839-07,0.5322653742061619,1
TCGA-BP-5180-01A-01R-1426-07,0.6410485290021282,1
TCGA-HC-7213-01A-11R-2118-07,0.8759212915937478,1
TCGA-BP-4354-01A-02R-1289-07,0.9024761830845593,0
TCGA-E2-A14W-01A-11R-A12D-07,0.6451058719448112,1
TCGA-L9-A444-01A-21R-A24H-07,0.5142530398121022,1
TCGA-86-7713-01A-11R-2066-07,0.7695156686539575,1
TCGA-MP-A4TJ-01A-51R-A262-07,0.5221668818193363,1
TCGA-B9-A5W8-01A-11R-A28H-07,0.6077333581317503,1
TCGA-BH-A0DE-01A-11R-A115-07,0.6142018000810889,0
TCGA-BP-4349-01A-01R-1289-07,0.4497473606310754,1
TCGA-LL-A8F5-01A-11R-A36F-07,0.9120287414618433,1
TCGA-95-A4VK-01A-11R-A262-07,0.5934324160236921,1
TCGA-HC-A9TH-01A-11R-A41O-07,0.6756619974177126,1
TCGA-CM-4743-01A-01R-1723-07,0.8421927334639401,1
TCGA-13-1499-01A-01R-1565-13,0.618387599780769,1
TCGA-43-7656-01A-11R-2125-07,0.7063204868562261,1
TCGA-66-2786-01A-01R-0851-07,0.6315324043511125,1
TCGA-44-7671-01A-11R-2066-07,0.6180126303780868,0
TCGA-D5-6535-01A-11R-1723-07,0.7049450576626198,1
TCGA-A3-3378-01A-02R-1325-07,0.7066587560531502,1
TCGA-KR-A7K8-01A-11R-A33J-07,0.5449179793717803,1
TCGA-B6-A0IG-01A-11R-A034-07,0.6917855076585461,1
TCGA-05-5423-01A-01R-1628-07,0.6333577332163022,1
TCGA-24-2020-01A-01R-1567-13,0.8375082765263636,0
TCGA-EJ-5532-01A-01R-1580-07,0.6059481884651318,1
TCGA-LN-A7HX-01A-11R-A336-31,0.41473792316351926,1
TCGA-24-1418-01A-01R-1565-13,0.6076576769732167,1
TCGA-A6-6648-01A-11R-1774-07,0.7123854555152594,1
TCGA-AO-A12F-01A-11R-A115-07,0.8227319960994763,1
TCGA-DD-A1EL-01A-11R-A155-07,0.7534915543890252,1
TCGA-F2-6880-01A-11R-2156-07,0.946851688320276,1
TCGA-IB-AAUW-01A-12R-A38C-07,0.5313012396270248,1
TCGA-EB-A4OZ-01A-12R-A266-07,0.49135522676926147,1
TCGA-CJ-4878-01A-01R-1305-07,0.7062607557817997,1
TCGA-4R-AA8I-01A-11R-A38B-07,0.6117675640694427,1
TCGA-CZ-4853-01A-01R-1426-07,0.33897548056304905,1
TCGA-DD-A4NN-01A-11R-A28V-07,0.8387924269216107,1
TCGA-21-5782-01A-01R-1635-07,0.5842511176174957,1
TCGA-85-A513-01A-12R-A26W-07,0.9632593951620875,0
TCGA-29-1761-01A-01R-1567-13,0.7309832753383747,1
TCGA-G7-6792-01A-21R-1965-07,0.7488236166836126,0
TCGA-NC-A5HQ-01A-11R-A26W-07,0.6744863906041593,1
TCGA-B1-A47O-01A-11R-A24Z-07,0.7068176894599666,1
TCGA-AR-A252-01A-11R-A169-07,0.6566033286761328,1
TCGA-BH-A18S-01A-11R-A12D-07,0.5795210612773876,1
TCGA-LQ-A4E4-01A-11R-A266-07,0.6567878672636167,1
TCGA-3A-A9IV-01A-11R-A41B-07,0.9682641359470336,1
TCGA-WN-A9G9-01A-12R-A37K-07,0.9470836736566338,1
TCGA-BH-A18F-01A-11R-A12D-07,0.5103499144874315,1
TCGA-13-0883-01A-02R-1569-13,0.8564448578060724,0
TCGA-55-7576-01A-11R-2066-07,0.5171936304448184,0
TCGA-44-A4SS-01A-11R-A24X-07,0.6468476075604956,1
TCGA-AD-A5EJ-01A-11R-A28H-07,0.5850286897862926,1
TCGA-E9-A5FL-01A-11R-A27Q-07,0.9451903623676252,1
TCGA-J4-A67L-01A-11R-A30B-07,0.8331025356917612,1
TCGA-23-1113-01A-01R-1564-13,0.4007044624485327,1
TCGA-55-6543-01A-11R-1755-07,0.5568976779878939,0
TCGA-BP-4334-01A-01R-1289-07,0.9918662011673007,1
TCGA-E2-A1L6-01A-11R-A13Q-07,0.42829983228519297,1
TCGA-D8-A27W-01A-11R-A16F-07,0.5879285355036933,1
TCGA-B6-A0WS-01A-11R-A115-07,0.47015589878565495,0
TCGA-B3-8121-01A-21R-2404-07,0.733812680010699,1
TCGA-D8-A1JK-01A-11R-A13Q-07,0.8329436740552096,1
TCGA-A2-A04N-01A-11R-A115-07,0.44450221206732127,1
TCGA-P4-A5E6-01A-11R-A28H-07,0.4704422059445806,1
TCGA-PJ-A5Z9-01A-11R-A28H-07,0.28177972813597313,1
TCGA-LN-A7HV-01A-21R-A354-31,0.7264160142082979,1
TCGA-22-0944-01A-01R-0692-07,0.5022574358367875,1
TCGA-AN-A0FK-01A-11R-A034-07,0.5648505824266093,1
TCGA-BF-AAOU-01A-12R-A39D-07,0.817409214732511,1
TCGA-HN-A2NL-01A-11R-A18M-07,0.8830762959350754,1
TCGA-FR-A2OS-01A-11R-A21D-07,0.7445600633337275,1
TCGA-CW-6093-01A-11R-1672-07,0.5216877441438853,1
TCGA-DD-A73F-01A-11R-A32O-07,0.5773758364476272,1
TCGA-WQ-A9G7-01A-11R-A37K-07,0.8924172199526555,1
TCGA-37-3783-01A-01R-1201-07,0.7961279657113911,1
TCGA-61-1995-01A-01R-1568-13,0.6652663924685291,1
TCGA-DD-AAD2-01A-11R-A41C-07,0.651882433030098,1
TCGA-24-1616-01A-01R-1566-13,0.6776526332929937,1
TCGA-B2-3923-01B-10R-A277-07,0.9949115202801777,1
TCGA-31-1950-01A-01R-1568-13,0.6888640023141926,1
TCGA-FC-A5OB-01A-11R-A29R-07,0.913577089998578,1
TCGA-LN-A49X-01A-31R-A260-31,0.44799117244793196,1
TCGA-UU-A93S-01A-21R-A41B-07,0.9086917089377231,1
TCGA-34-5240-01A-01R-1443-07,0.6380353005410716,1
TCGA-L5-A43C-01A-11R-A24K-31,0.8118743390239985,1
TCGA-46-3765-01A-01R-0980-07,0.5292768784197007,0
TCGA-B0-4844-01A-01R-1277-07,0.8003316457279206,1
TCGA-21-1080-01A-01R-0692-07,0.6762751571974656,1
TCGA-13-0920-01A-01R-1564-13,0.571522956370313,1
TCGA-F9-A8NY-01A-11R-A36F-07,0.8688632880061941,1
TCGA-LL-A740-01A-21R-A32P-07,0.8274537387840665,1
TCGA-BF-AAP4-01A-11R-A40A-07,0.5699173153174989,1
TCGA-XR-A8TD-01A-12R-A39D-07,0.7833206895444483,1
TCGA-33-4538-01A-01R-1201-07,0.35857917443304704,1
TCGA-LL-A9Q3-01A-11R-A41B-07,0.8487067972615869,1
TCGA-NJ-A4YF-01A-12R-A262-07,0.792211367835227,1
TCGA-MH-A560-01A-11R-A26U-07,0.5440185191693856,1
TCGA-L5-A8NE-01A-11R-A37I-31,0.7668230081261931,0
TCGA-04-1332-01A-01R-1564-13,0.6079388516263201,1
TCGA-EJ-A7NG-01A-31R-A33R-07,0.3771983092775438,0
TCGA-A8-A08J-01A-11R-A00Z-07,0.5629841383770099,1
TCGA-AK-3456-01A-02R-1325-07,0.8589170431145279,1
TCGA-G7-A8LB-01A-11R-A36F-07,0.6355001557359437,0
TCGA-B2-A4SR-01A-11R-A266-07,0.42659257861834393,1
TCGA-62-8394-01A-11R-2326-07,0.6825933562209965,1
TCGA-AZ-6608-01A-11R-1839-07,0.39014174248119987,1
TCGA-Q3-AA2A-01A-11R-A37L-07,0.5952779157518295,1
TCGA-B0-4694-01A-01R-1277-07,0.5623364521868583,1
TCGA-AR-A24V-01A-21R-A169-07,0.5024930960983104,0
TCGA-A2-A0EV-01A-11R-A034-07,0.4853743952851008,1
TCGA-60-2714-01A-01R-0851-07,0.8865901660666615,0
TCGA-BP-4762-01A-02R-1289-07,0.5149055995231114,1
TCGA-DD-AACG-01A-11R-A41C-07,0.43038910459558466,1
TCGA-B0-5094-01A-01R-1420-07,0.7194257958181041,1
TCGA-AA-3556-01A-01R-0821-07,0.672563284317091,0
TCGA-2J-AABO-01A-21R-A41B-07,0.5147829953690377,1
TCGA-B0-5400-01A-01R-1503-07,0.8695020726968032,0
TCGA-77-6845-01A-11R-1949-07,0.5033214193365203,0
TCGA-D8-A141-01A-11R-A115-07,0.5608721158754812,1
TCGA-55-A57B-01A-12R-A39D-07,0.5953977439404425,1
TCGA-60-2712-01A-01R-0851-07,0.7768211297651124,1
TCGA-A6-4105-01A-02R-1774-07,0.5184424306913566,1
TCGA-XV-A9W5-01A-11R-A38C-07,0.6741205332617577,1
TCGA-A6-5665-01B-03R-2302-07,0.9943972345228662,1
TCGA-E2-A1AZ-01A-11R-A12P-07,0.7609059284686582,1
TCGA-55-7910-01A-11R-2170-07,0.6920827911256155,1
TCGA-50-6673-01A-11R-1949-07,0.6079220255977379,1
TCGA-BH-A0DL-01A-11R-A115-07,0.8412953107778801,1
TCGA-AU-6004-01A-11R-1723-07,0.5827349173645151,1
TCGA-E2-A15I-01A-21R-A137-07,0.626297006741982,1
TCGA-G9-6369-01A-21R-1965-07,0.7625201024397208,0
TCGA-AA-3819-01A-01R-0905-07,0.32794060258713525,0
TCGA-KK-A6E0-01A-11R-A311-07,0.659501813167271,0
TCGA-SX-A71W-01A-12R-A355-07,0.2699963630116697,1
TCGA-AR-A0TS-01A-11R-A115-07,0.7619037414882537,1
TCGA-E9-A5UP-01A-11R-A28M-07,0.805686242553853,0
TCGA-AQ-A0Y5-01A-11R-A14M-07,0.5743869175759173,0
TCGA-BP-4807-01A-01R-1305-07,0.3650713050103024,1
TCGA-CM-5860-01A-01R-1653-07,0.685243208690292,1
TCGA-BC-A5W4-01A-11R-A28V-07,0.4833697884773585,1
TCGA-B0-4821-01A-01R-1503-07,0.9656601231413471,1
TCGA-UZ-A9PJ-01A-11R-A38C-07,0.3924077909431089,0
TCGA-DD-AACC-01A-11R-A41C-07,0.5814437587931522,0
TCGA-CJ-4870-01A-01R-1305-07,0.4991282134265889,1
TCGA-75-6207-01A-11R-1755-07,0.7743459188517521,1
TCGA-C8-A1HO-01A-11R-A13Q-07,0.5779682985226495,1
TCGA-JY-A938-01A-11R-A37I-31,0.7557829310559303,1
TCGA-04-1361-01A-01R-1565-13,0.6108387606075618,1
TCGA-2Z-A9J8-01A-11R-A42S-07,0.7579886102434293,1
TCGA-64-1677-01A-01R-0946-07,0.695604917159546,0
TCGA-AO-A0JE-01A-11R-A056-07,0.6729939151142214,1
TCGA-IG-A4P3-01A-11R-A260-31,0.4837584107937361,1
TCGA-05-4424-01A-22R-1858-07,0.671208401528975,0
TCGA-91-A4BD-01A-11R-A24H-07,0.7736012034828367,1
TCGA-DD-AAVS-01A-11R-A41C-07,0.679319855547272,0
TCGA-18-3414-01A-01R-0980-07,0.6194124888074138,1
TCGA-J4-A83I-01A-11R-A36G-07,0.53818160201069,1
TCGA-39-5035-01A-01R-1443-07,0.703091147160876,1
TCGA-AA-3544-01A-01R-1873-07,0.6682732247918339,1
TCGA-FB-A7DR-01A-21R-A33R-07,0.45938077515055703,1
TCGA-99-8032-01A-11R-2241-07,0.5889342021751989,1
TCGA-95-7948-01A-11R-2187-07,0.7848427236953621,0
TCGA-D8-A1XU-01A-11R-A14M-07,0.5052821077519666,0
TCGA-2Z-A9J7-01A-11R-A38C-07,0.4889914420417437,1
TCGA-13-A5FT-01A-11R-A406-31,0.7220362482774787,1
TCGA-BP-4803-01A-01R-1305-07,0.3642578255773459,1
TCGA-24-2271-01A-01R-1568-13,0.6634111443370785,1
TCGA-DD-A39V-01A-11R-A213-07,0.4485469335068665,0
TCGA-CM-6674-01A-11R-1839-07,0.5982997971626841,1
TCGA-30-1855-01A-01R-1567-13,0.6262388276110885,1
TCGA-2J-AABE-01A-12R-A41B-07,0.4053363220185933,1
TCGA-ED-A82E-01A-11R-A352-07,0.9795163603967137,1
TCGA-56-7580-01A-11R-2045-07,0.5190436886224856,1
TCGA-37-4130-01A-01R-1100-07,0.9570576784153484,1
TCGA-38-4626-01A-01R-1206-07,0.5895645933201545,1
TCGA-CZ-4861-01A-01R-1305-07,0.6478510400696585,1
TCGA-F4-6703-01A-11R-1839-07,0.9602996796798854,1
TCGA-61-2109-01A-01R-1568-13,0.5215674117226528,1
TCGA-5M-AATE-01A-11R-A41B-07,0.46881483717033606,1
TCGA-10-0931-01A-01R-1564-13,0.6233279839470208,1
TCGA-UZ-A9PQ-01A-11R-A42S-07,0.8121785392191929,1
TCGA-XC-AA0X-01A-32R-A405-07,0.5631352342807247,1
TCGA-BH-A0C1-01B-11R-A12D-07,0.48834447249620916,1
TCGA-09-1668-01B-01R-1566-13,0.7266106265766089,1
TCGA-77-7338-01A-11R-2045-07,0.4983251351745773,0
TCGA-61-2111-01A-01R-1568-13,0.8061392933130399,1
TCGA-AC-A8OS-01A-12R-A41B-07,0.6961301433552629,1
TCGA-BF-A3DJ-01A-11R-A20F-07,0.7712895314183618,1
TCGA-CJ-4893-01A-01R-1305-07,0.3659833589475531,1
TCGA-DD-AADS-01A-11R-A41C-07,0.3756472164718316,0
TCGA-61-2110-01A-01R-1568-13,0.6360608938364669,1
TCGA-DD-A1EE-01A-11R-A131-07,0.702847718149673,1
TCGA-BH-A0BP-01A-11R-A115-07,0.6716742618298246,1
TCGA-IG-A3I8-01A-11R-A24K-31,0.5973149767219891,1
TCGA-86-A4D0-01A-11R-A24H-07,0.8443755917548245,0
TCGA-22-1016-01A-01R-0692-07,0.8066968803976751,1
TCGA-BH-A0DS-01A-11R-A056-07,0.6229194514378958,1
TCGA-AR-A5QN-01A-12R-A28M-07,0.5668507008568048,1
TCGA-CW-6088-01A-11R-1672-07,0.37697018558117074,0
TCGA-AQ-A04L-01B-21R-A10J-07,0.7762870091194967,1
TCGA-A7-A13D-01A-13R-A12P-07,0.8570787259614067,1
TCGA-A2-A0YJ-01A-11R-A109-07,0.8487323650857682,1
TCGA-04-1331-01A-01R-1569-13,0.6371986711264158,1
TCGA-HZ-A8P1-01A-11R-A37L-07,0.8214628139784299,1
TCGA-AR-A24R-01A-11R-A169-07,0.4958445775075529,1
TCGA-36-1575-01A-01R-1566-13,0.6758377655100921,0
TCGA-C8-A273-01A-11R-A16F-07,0.6306179486328957,1
TCGA-DM-A1HB-01A-21R-A180-07,0.6211250635865542,0
TCGA-JL-A3YW-01A-12R-A239-07,0.8893238508737971,1
TCGA-13-1411-01A-01R-1565-13,0.7591033711402072,1
TCGA-60-2710-01A-01R-0851-07,0.46739914517521464,1
TCGA-BP-5009-01A-01R-1334-07,0.3632899371293449,1
TCGA-T7-A92I-01A-11R-A37O-07,0.9654301869275952,1
TCGA-EB-A85I-01A-11R-A352-07,0.6233102164653175,1
TCGA-F4-6460-01A-11R-1774-07,0.7799085531413588,0
TCGA-B8-A54E-01A-11R-A266-07,0.984257351093988,1
TCGA-60-2725-01A-01R-1201-07,0.5670079949008412,1
TCGA-NC-A5HI-01A-11R-A26W-07,0.6772566829376973,1
TCGA-BP-4965-01A-01R-1334-07,0.33608097486814276,1
TCGA-BP-4756-01A-01R-1289-07,0.9419483322351704,1
TCGA-A8-A095-01A-11R-A00Z-07,0.39596829318692184,1
TCGA-MM-A84U-01A-11R-A37O-07,0.7287504510553536,1
TCGA-HP-A5N0-01A-11R-A28V-07,0.7193970730900265,1
TCGA-A4-7996-01A-11R-2204-07,0.5751619181530047,1
TCGA-A2-A0EQ-01A-11R-A034-07,0.703152710954339,1
TCGA-A1-A0SK-01A-12R-A084-07,0.8706283505003125,1
TCGA-EJ-5505-01A-01R-1580-07,0.5818258063276873,1
TCGA-43-5668-01A-01R-1635-07,0.9356248345109947,0
TCGA-EW-A2FV-01A-11R-A17B-07,0.5747876553541782,0
TCGA-CZ-5456-01A-01R-1503-07,0.7065746803587258,1
TCGA-C8-A12Y-01A-11R-A12D-07,0.6388163569267902,1
TCGA-AR-A2LM-01A-11R-A180-07,0.5302867033788558,1
TCGA-A6-4107-01A-02R-1410-07,0.49747448031248126,1
TCGA-IG-A3YB-01A-11R-A36D-31,0.8298709100121734,1
TCGA-75-6205-01A-11R-1755-07,0.6043584950276258,1
TCGA-20-1683-01A-01R-1566-13,0.8614552434299866,1
TCGA-BP-4170-01A-02R-1289-07,0.3038663226588786,1
TCGA-CJ-6032-01A-11R-1672-07,0.5929437678234344,1
TCGA-DD-AACL-01A-11R-A41C-07,0.8265576853356152,1
TCGA-BP-4166-01A-02R-1289-07,0.5370293339387031,1
TCGA-2H-A9GL-01A-12R-A37I-31,0.7391700337380499,1
TCGA-B0-5084-01A-01R-1334-07,0.9921712832710969,1
TCGA-E2-A15J-01A-11R-A12P-07,0.5476125153642043,1
TCGA-44-6775-01C-02R-A277-07,0.8893553797891108,1
TCGA-A2-A04W-01A-31R-A115-07,0.8005758973987332,1
TCGA-G3-AAV0-01A-11R-A37K-07,0.35266681683779955,1
TCGA-AA-A00D-01A-01R-A002-07,0.5918358790675591,1
TCGA-56-5897-01A-11R-1635-07,0.5867234972253687,1
TCGA-EJ-7321-01A-31R-2263-07,0.5323246552109526,0
TCGA-2J-AABV-01A-12R-A41B-07,0.9171867828338246,1
TCGA-C8-A8HR-01A-11R-A36F-07,0.7600660200515453,1
TCGA-04-1362-01A-01R-1565-13,0.7008695996906958,0
TCGA-HZ-A77Q-01A-11R-A36G-07,0.422553998187742,1
TCGA-D8-A1JB-01A-11R-A13Q-07,0.6266081960859302,1
TCGA-B0-4811-01A-01R-1503-07,0.8798504878661102,0
TCGA-24-1103-01A-01R-1565-13,0.6520124449777238,1
TCGA-91-A4BC-01A-11R-A24H-07,0.7005463511013182,1
TCGA-D5-5539-01A-01R-1653-07,0.7952685753256115,1
TCGA-HZ-A4BK-01A-11R-A26U-07,0.4206895010485459,1
TCGA-13-1489-01A-01R-1565-13,0.6239373797498099,1
TCGA-A2-A04P-01A-31R-A034-07,0.8755077867777278,1
TCGA-IA-A40Y-01A-11R-A24Z-07,0.9187332580098178,1
TCGA-21-5783-01A-41R-2187-07,0.6515223838410749,1
TCGA-A6-2675-01A-02R-1723-07,0.7313538063731908,1
TCGA-B9-7268-01A-11R-A32Z-07,0.47145221310758484,1
TCGA-BP-4777-01A-01R-1289-07,0.45806241606455966,1
TCGA-BP-4988-01A-01R-1334-07,0.912377845773868,1
TCGA-2J-AABF-01A-31R-A41B-07,0.4400950639016234,1
TCGA-56-8201-01A-11R-2247-07,0.6741750857073955,1
TCGA-24-2035-01A-01R-1568-13,0.7797169684552513,1
TCGA-A1-A0SP-01A-11R-A084-07,0.8227344299397703,1
TCGA-BC-A10S-01A-22R-A131-07,0.45511389482274334,1
TCGA-HC-7738-01A-11R-2118-07,0.3262083759721754,1
TCGA-IA-A83S-01A-11R-A355-07,0.4652693761120406,0
TCGA-HZ-7920-01A-11R-2204-07,0.8117698886339211,1
TCGA-AA-3529-01A-02R-0821-07,0.45029558348607784,1
TCGA-D8-A1XJ-01A-11R-A14M-07,0.6707930787645163,1
TCGA-5X-AA5U-01A-11R-A406-31,0.7613219954272553,1
TCGA-3Z-A93Z-01A-11R-A37O-07,0.5947896881503244,1
TCGA-E9-A227-01A-11R-A157-07,0.5028756300872392,1
TCGA-B0-4843-01A-01R-1277-07,0.7804532749006915,0
TCGA-BH-A8G0-01A-11R-A352-07,0.7354166433855613,1
TCGA-FV-A3R2-01A-11R-A22L-07,0.4462849895108503,1
TCGA-CZ-4854-01A-01R-1305-07,0.6148416578333006,1
TCGA-04-1348-01A-01R-1565-13,0.5395040074445783,1
TCGA-38-4625-01A-01R-1206-07,0.7900648325681192,1
TCGA-A3-A6NJ-01A-12R-A33J-07,0.4085802479998,1
TCGA-BH-A0C3-01A-21R-A12P-07,0.5954053545721921,1
TCGA-58-8388-01A-11R-2326-07,0.8179341761331982,1
TCGA-NH-A50T-01A-11R-A28H-07,0.4268053346453187,1
TCGA-LL-A5YN-01A-11R-A28M-07,0.8377533864499446,0
TCGA-A2-A0ET-01A-31R-A034-07,0.6407755969580846,1
TCGA-GM-A2DO-01A-11R-A18M-07,0.8032734635135635,0
TCGA-A7-A0CH-01A-21R-A00Z-07,0.38719876638551,1
TCGA-2Y-A9GT-01A-11R-A38B-07,0.67730599535458,1
TCGA-B3-4104-01A-02R-1351-07,0.9954606676292532,1
TCGA-GM-A5PV-01A-11R-A28M-07,0.714007599445921,1
TCGA-29-1711-01A-01R-1567-13,0.7504842804424225,1
TCGA-AO-A1KS-01A-11R-A13Q-07,0.6103235020498436,0
TCGA-AO-A12G-01A-11R-A10J-07,0.5577705223811883,1
TCGA-HZ-8002-01A-11R-2204-07,0.6286799728324403,0
TCGA-22-5492-01A-01R-1635-07,0.642812367724234,1
TCGA-G4-6625-01A-21R-1774-07,0.5907451077199776,1
TCGA-L5-A4OF-01A-11R-A260-31,0.642061426794952,1
TCGA-55-A48Y-01A-11R-A24H-07,0.6133767288370332,0
TCGA-A2-A0YD-01A-11R-A109-07,0.5037089053136936,1
TCGA-13-0801-01A-01R-1564-13,0.736840119160189,1
TCGA-B4-5843-01A-11R-1672-07,0.5241058537658357,1
TCGA-AY-A69D-01A-11R-A37K-07,0.6332277425936317,0
TCGA-CJ-4899-01A-01R-1334-07,0.38044592025284635,1
TCGA-YL-A8S9-01A-11R-A37L-07,0.6378915651379872,1
TCGA-55-1596-01A-01R-0946-07,0.7930196907240585,1
TCGA-UB-AA0V-01A-11R-A38B-07,0.8020438039035542,1
TCGA-BH-A0HY-01A-11R-A056-07,0.6147479015349359,1
TCGA-64-1676-01A-01R-0946-07,0.7897294658035502,0
TCGA-A8-A09R-01A-11R-A00Z-07,0.4770357903099807,0
TCGA-D8-A1Y2-01A-11R-A157-07,0.697998854538066,1
TCGA-5P-A9JY-01A-11R-A42S-07,0.3861111245205641,1
TCGA-AR-A1AI-01A-11R-A12P-07,0.8211950266549515,1
TCGA-56-7823-01B-11R-2247-07,0.4335579821635264,1
TCGA-O2-A52V-01A-31R-A262-07,0.41476089676514194,1
TCGA-B0-4816-01A-01R-1503-07,0.38965815141234084,1
TCGA-MH-A55W-01A-11R-A26U-07,0.4045176500819515,1
TCGA-AN-A0FD-01A-11R-A034-07,0.6373227589793502,1
TCGA-3A-A9IB-01A-21R-A39D-07,0.5012585053076968,1
TCGA-P4-A5EA-01A-11R-A28H-07,0.9586061857245466,1
TCGA-XV-A9VZ-01A-11R-A38C-07,0.9707112293306454,0
TCGA-BC-A10U-01A-11R-A131-07,0.6853569361126391,0
TCGA-B6-A0I9-01A-11R-A034-07,0.5720342077216832,0
TCGA-B0-5119-01A-02R-1420-07,0.2416723012451589,0
TCGA-AR-A2LR-01A-12R-A18M-07,0.7876942165555798,0
TCGA-22-5472-01A-01R-1635-07,0.7022102324963663,1
TCGA-GI-A2C8-01A-11R-A16F-07,0.7505323133805833,0
TCGA-44-2666-01A-01R-0946-07,0.6208202024116897,1
TCGA-25-1632-01A-01R-1566-13,0.5433228395883334,1
TCGA-78-7540-01A-11R-2066-07,0.7603899034271538,1
TCGA-BH-A0AV-01A-31R-A115-07,0.8047205109584946,1
TCGA-AA-3845-01A-01R-1022-07,0.9168746266273584,1
TCGA-78-8655-01A-11R-2403-07,0.5188480063983781,1
TCGA-BP-4345-01A-01R-1289-07,0.7784006530836819,1
TCGA-98-A539-01A-31R-A262-07,0.49048911676321205,0
TCGA-50-6594-01A-11R-1755-07,0.7928875563521423,1
TCGA-49-AARN-01A-21R-A41B-07,0.47380700441756973,1
TCGA-A3-3358-01A-01R-1541-07,0.36414932269714934,1
TCGA-13-1483-01A-01R-1565-13,0.5484167784673512,0
TCGA-KK-A7B2-01A-12R-A32O-07,0.795481794126245,1
TCGA-49-AAQV-01A-11R-A39D-07,0.5879392270246951,0
TCGA-EV-5902-01A-11R-1592-07,0.5663073408258767,0
TCGA-AC-A6IX-01A-12R-A32P-07,0.554217411787227,1
TCGA-BW-A5NQ-01A-11R-A27V-07,0.809132140983257,0
TCGA-B6-A0WW-01A-11R-A109-07,0.5249635548894083,0
TCGA-R6-A8W8-01B-11R-A37I-31,0.7108260021198647,1
TCGA-XV-AAZW-01A-12R-A40A-07,0.7167950199605485,0
TCGA-BP-4173-01A-02R-1289-07,0.6153064859362389,1
TCGA-HZ-A49G-01A-11R-A26U-07,0.4069200314485624,0
TCGA-22-1012-01A-01R-0692-07,0.5271408237620496,1
TCGA-BH-A0C7-01B-11R-A115-07,0.5132754619657882,1
TCGA-CC-A7IL-01A-11R-A33R-07,0.245215166734632,1
TCGA-E9-A1RA-01A-11R-A14D-07,0.5029011756945223,1
TCGA-YL-A8HM-01A-11R-A36G-07,0.8443371127823454,0
TCGA-AC-A3HN-01A-11R-A213-07,0.5446313081483993,1
TCGA-D8-A1X8-01A-11R-A14M-07,0.42016892713785653,1
TCGA-78-7159-01A-11R-2039-07,0.5741330875924394,1
TCGA-AR-A1AK-01A-21R-A12P-07,0.5554183352644189,1
TCGA-Y8-A8RY-01A-11R-A37K-07,0.3469477298269372,1
TCGA-DD-AAED-01A-12R-A41C-07,0.8041083772418988,1
TCGA-AN-A0XV-01A-11R-A109-07,0.5195615010762633,1
TCGA-BP-4775-01A-01R-1289-07,0.504477941469887,1
TCGA-24-1556-01A-01R-1566-13,0.6770779041318052,1
TCGA-44-6148-01A-11R-1755-07,0.8401823451826484,1
TCGA-DD-A3A9-01A-11R-A266-07,0.6300923422005412,0
TCGA-XK-AAJU-01A-11R-A41O-07,0.43986441138861876,1
TCGA-A6-3809-01B-04R-A277-07,0.9965239609219988,1
TCGA-UZ-A9PO-01A-11R-A38C-07,0.3646778484052635,0
TCGA-05-4398-01A-01R-1206-07,0.5501332897585819,0
TCGA-AK-3436-01A-02R-1325-07,0.7956626282344952,1
TCGA-D9-A4Z2-01A-11R-A24X-07,0.8289247305431131,1
TCGA-44-8119-01A-11R-2241-07,0.7129921939556376,1
TCGA-EB-A97M-01A-11R-A38C-07,0.34279353595268863,1
TCGA-YL-A8HK-01A-11R-A36G-07,0.6934382759668661,1
TCGA-GL-A59T-01A-21R-A28H-07,0.4370595020487417,1
TCGA-90-7767-01A-11R-2125-07,0.7170304806574476,1
TCGA-DV-5568-01A-01R-1541-07,0.6088770962865188,1
TCGA-A4-A5Y0-01A-11R-A31O-07,0.6551290123225069,0
TCGA-BF-A1PZ-01A-11R-A18S-07,0.4660562988274002,1
TCGA-2J-AAB4-01A-12R-A41B-07,0.42280947567088034,0
TCGA-AC-A8OQ-01A-11R-A41B-07,0.8456000911975019,1
TCGA-DD-AACT-01A-11R-A41C-07,0.43581850080102863,0
TCGA-18-3412-01A-01R-0980-07,0.6098401276874604,1
TCGA-A2-A4S2-01A-12R-A266-07,0.6048553220410097,0
TCGA-H9-A6BY-01A-11R-A30B-07,0.6619204459006552,0
TCGA-DW-7837-01A-11R-2139-07,0.49769852875854637,1
TCGA-AA-3552-01A-01R-0821-07,0.6137491271124632,1
TCGA-UZ-A9PN-01A-11R-A38C-07,0.8070583705138192,1
TCGA-NC-A5HO-01A-11R-A26W-07,0.7417678565497968,1
TCGA-B8-A8YJ-01A-13R-A39I-07,0.8557166277113584,1
TCGA-A2-A04Q-01A-21R-A034-07,0.8047195526411625,1
TCGA-HC-A6AQ-01A-11R-A30B-07,0.6381046326389997,1
TCGA-DV-A4VX-01A-11R-A266-07,0.9261659641737775,1
TCGA-FC-A6HD-01A-11R-A31N-07,0.8830104428807999,0
TCGA-F2-A44G-01A-11R-A26U-07,0.47591050718508365,0
TCGA-AZ-4681-01A-01R-1410-07,0.5909849357007806,1
TCGA-VP-A87J-01A-11R-A352-07,0.694990282825648,0
TCGA-C8-A8HQ-01A-11R-A36F-07,0.6005859631825559,0
TCGA-YJ-A8SW-01A-11R-A37L-07,0.8553498769068795,1
TCGA-63-7020-01A-11R-1949-07,0.5766940857664673,0
TCGA-66-2754-01A-01R-0980-07,0.9070387103088662,1
TCGA-04-1343-01A-01R-1564-13,0.6268493921196808,1
TCGA-KK-A7AV-01A-11R-A32O-07,0.43528280737138797,1
TCGA-HC-A632-01A-11R-A29R-07,0.8074067600186848,0
TCGA-DD-AACE-01A-11R-A41C-07,0.4783949621403038,0
TCGA-23-1809-01A-01R-1566-13,0.7631776727190487,1
TCGA-JY-A939-01A-12R-A37I-31,0.8300915220860917,1
TCGA-25-1627-01A-01R-1566-13,0.7513904924607642,1
TCGA-IB-AAUP-01A-11R-A37L-07,0.6641228612119351,1
TCGA-RC-A6M3-01A-11R-A32O-07,0.961577176588842,1
TCGA-E9-A1RH-01A-21R-A169-07,0.8215615787486771,0
TCGA-KK-A8IH-01A-11R-A36G-07,0.5853626814808225,1
TCGA-AA-3869-01A-01R-1022-07,0.5394595316631744,0
TCGA-B0-5116-01A-02R-1420-07,0.5917346074450632,1
TCGA-GF-A2C7-01A-11R-A18T-07,0.560675550505874,1
TCGA-BH-A5J0-01A-11R-A27Q-07,0.7895728977672121,1
TCGA-66-2727-01A-01R-0980-07,0.46256037345152096,1
TCGA-CM-6163-01A-11R-1653-07,0.7883554759483011,1
TCGA-55-A490-01A-11R-A466-07,0.7347194100718781,0
TCGA-AA-3976-01A-01R-1022-07,0.35719845801382427,1
TCGA-A6-2679-01A-02R-1410-07,0.8110262924853381,0
TCGA-BP-5182-01A-01R-1426-07,0.5004479369674997,1
TCGA-56-8083-01A-11R-2247-07,0.8075349231173494,1
TCGA-55-8299-01A-11R-2287-07,0.48019712098334955,0
TCGA-LN-A8I1-01A-11R-A36D-31,0.7943602032601844,0
TCGA-SX-A7SU-01A-11R-A36F-07,0.5432178700563185,1
TCGA-E9-A295-01A-11R-A16F-07,0.6019556597188294,1
TCGA-EJ-7218-01B-11R-A32O-07,0.35932322276032697,1
TCGA-E2-A2P5-01A-11R-A19W-07,0.69153406054052,1
TCGA-A2-A0ES-01A-11R-A115-07,0.6670441844493517,1
TCGA-CK-5916-01A-11R-1653-07,0.8350419571866607,1
TCGA-EJ-A65E-01A-11R-A29R-07,0.4453905181024236,0
TCGA-OL-A66K-01A-11R-A29R-07,0.5881426421965436,1
TCGA-44-6774-01A-21R-1858-07,0.6409752228354473,1
TCGA-V1-A9Z7-01A-11R-A41O-07,0.7191078510904606,1
TCGA-ER-A196-01A-11R-A18T-07,0.8586430682250608,1
TCGA-2J-AABI-01A-12R-A41B-07,0.8797489432750532,1
TCGA-GJ-A9DB-01A-11R-A37K-07,0.5485757736476797,1
TCGA-A8-A0A7-01A-11R-A00Z-07,0.7562076879799726,1
TCGA-L5-A4ON-01A-11R-A260-31,0.6651637879297213,1
TCGA-F4-6806-01A-11R-1839-07,0.5416560047339213,0
TCGA-66-2792-01A-01R-0980-07,0.44616258600363046,1
TCGA-A8-A08R-01A-11R-A034-07,0.773619294523486,1
TCGA-E2-A1LH-01A-11R-A14D-07,0.9001580333734891,1
TCGA-24-1550-01A-01R-1566-13,0.8356334995672998,0
TCGA-44-7660-01A-11R-2066-07,0.8652530041719491,1
TCGA-85-A53L-01A-21R-A26W-07,0.6151161632823174,0
TCGA-MR-A8JO-01A-12R-A36F-07,0.9674811143772265,1
TCGA-44-5643-01A-01R-1628-07,0.9310110661945118,1
TCGA-90-6837-01A-11R-1949-07,0.7126478441862638,0
TCGA-DD-AAC9-01A-11R-A41C-07,0.3661615207980534,0
TCGA-BH-A203-01A-12R-A169-07,0.6452812784736974,1
TCGA-B8-4146-01B-11R-1672-07,0.9914868538188233,1
TCGA-24-1430-01A-01R-1566-13,0.5855217576428748,1
TCGA-BH-A5IZ-01A-11R-A27Q-07,0.8731241175271378,1
TCGA-78-7633-01A-11R-2066-07,0.7213181950049216,1
TCGA-A6-2686-01A-01R-A32Z-07,0.8718228162811142,1
TCGA-NC-A5HF-01A-11R-A26W-07,0.6072718009254497,1
TCGA-BQ-5882-01A-11R-1592-07,0.9347819234993359,1
TCGA-IB-AAUM-01A-11R-A37L-07,0.6467389824554779,1
TCGA-BF-AAP7-01A-11R-A40A-07,0.47212982116976726,1
TCGA-NJ-A4YG-01A-22R-A262-07,0.4972365867896429,0
TCGA-AA-3846-01A-01R-1022-07,0.5517257876639183,1
TCGA-UN-AAZ9-01A-11R-A38C-07,0.7434422905523784,0
TCGA-HC-A76X-01A-11R-A33R-07,0.4459247497968534,1
TCGA-25-2042-01A-01R-1568-13,0.9294026173332692,1
TCGA-F4-6459-01A-11R-1774-07,0.8660740232643213,1
TCGA-A7-A13F-01A-11R-A12P-07,0.5892801313897214,0
TCGA-A2-A0CP-01A-11R-A034-07,0.7212365190578235,1
TCGA-KK-A5A1-01A-11R-A29R-07,0.8353244727266225,0
TCGA-F2-6879-01A-11R-2156-07,0.6990036511080878,1
TCGA-A8-A099-01A-11R-A00Z-07,0.5830540942620479,1
TCGA-DD-AADP-01A-11R-A39D-07,0.5984544498584708,1
TCGA-A6-5657-01A-01R-A32Z-07,0.7088324790668542,1
TCGA-A8-A09M-01A-11R-A00Z-07,0.5673567705861225,1
TCGA-CH-5744-01A-11R-1580-07,0.5081993631470679,1
TCGA-43-6771-01A-11R-1820-07,0.8153094213545917,1
TCGA-LN-A4A5-01A-21R-A260-31,0.6439023217008597,1
TCGA-BH-A0BZ-01A-31R-A12P-07,0.6263082529004006,0
TCGA-05-4395-01A-01R-1206-07,0.7538323636606967,1
TCGA-BP-5178-01A-01R-1426-07,0.7585989353221498,1
TCGA-B6-A0RI-01A-11R-A056-07,0.4636837537139277,0
TCGA-63-A5MB-01A-11R-A26W-07,0.5678916445491088,1
TCGA-AQ-A04J-01A-02R-A034-07,0.7377446364311468,1
TCGA-77-8133-01A-12R-2247-07,0.5310701505757434,0
TCGA-B0-5399-01A-01R-1503-07,0.35820127226361437,1
TCGA-B8-A54I-01A-21R-A33J-07,0.8161732556383611,1
TCGA-61-1910-01A-01R-1567-13,0.5970403856017655,1
TCGA-A8-A07R-01A-21R-A034-07,0.8208733545188175,1
TCGA-CJ-4905-01A-02R-1426-07,0.4903260663862915,1
TCGA-AA-3525-01A-02R-0826-07,0.5859823306341474,1
TCGA-78-8662-01A-11R-2403-07,0.8564545228307815,1
TCGA-B6-A0IB-01A-11R-A034-07,0.6766632996602382,0
TCGA-EJ-7328-01A-31R-2118-07,0.6180792692276876,1
TCGA-BQ-5875-01A-11R-1592-07,0.7959399381499577,1
TCGA-IB-7649-01A-11R-2156-07,0.6710426279279466,0
TCGA-49-4494-01A-01R-1206-07,0.7872309997571713,1
TCGA-AR-A24P-01A-11R-A169-07,0.4434216054373481,1
TCGA-AA-3542-01A-02R-1873-07,0.7454486097200801,0
TCGA-DM-A28H-01A-11R-A16W-07,0.6888908615900243,0
TCGA-O2-A5IB-01A-11R-A27Q-07,0.8900436307046905,0
TCGA-A8-A06X-01A-21R-A00Z-07,0.6182331657226213,1
TCGA-BH-A28O-01A-11R-A22K-07,0.8392826885958162,1
TCGA-EJ-7115-01A-11R-2118-07,0.344956359305204,1
TCGA-DW-5560-01A-01R-1592-07,0.8152231593935385,1
TCGA-29-1703-01A-01R-1567-13,0.49066850498857956,1
TCGA-AA-3680-01A-01R-0905-07,0.734164456669654,1
TCGA-CC-A8HU-01A-11R-A36F-07,0.7623823412115597,1
TCGA-D8-A27P-01A-11R-A16F-07,0.4887244822536325,1
TCGA-3P-A9WA-01A-11R-A406-31,0.7956896346897813,0
TCGA-BH-A1F6-01A-11R-A13Q-07,0.7972568144432634,1
TCGA-63-5128-01A-01R-1443-07,0.5270379428255163,0
TCGA-RC-A7SF-01A-11R-A352-07,0.3635658945509777,0
TCGA-BH-A202-01A-11R-A14M-07,0.6032167621222989,1
TCGA-DD-AAD8-01A-11R-A41C-07,0.5816347712599763,1
TCGA-EU-5904-01A-11R-1672-07,0.3439515587089303,1
TCGA-55-8508-01A-11R-2403-07,0.5602614986385784,1
TCGA-B3-A6W5-01A-12R-A33Z-07,0.35398092509703116,0
TCGA-78-7155-01A-11R-2039-07,0.955090996440826,1
TCGA-24-2297-01A-01R-1568-13,0.5873514488475883,0
TCGA-A8-A09W-01A-11R-A00Z-07,0.6353096491117403,1
TCGA-B9-4617-01A-01R-1193-07,0.28443092356041555,0
TCGA-A8-A09B-01A-11R-A00Z-07,0.4419882573959722,1
TCGA-JY-A6FA-01A-11R-A336-31,0.6164299840558044,1
TCGA-97-A4M1-01A-11R-A24X-07,0.646566851537426,0
TCGA-GL-A9DD-01A-11R-A37K-07,0.3770735197911427,1
TCGA-A3-A6NN-01A-12R-A33J-07,0.3759734118242428,1
TCGA-18-3416-01A-01R-0980-07,0.5776575669447513,1
TCGA-EJ-5515-01A-01R-1580-07,0.7405350102493309,1
TCGA-D5-6539-01A-11R-1723-07,0.7510668950810935,1
TCGA-BH-A18N-01A-11R-A12D-07,0.5529937367936124,0
TCGA-BP-4167-01A-02R-1325-07,0.8267703709562532,1
TCGA-A2-A0CR-01A-11R-A22K-07,0.9179054730168641,1
TCGA-56-8628-01A-11R-2403-07,0.7813583762713358,1
TCGA-55-8621-01A-11R-2403-07,0.5413246373409055,1
TCGA-CC-A7II-01A-11R-A33J-07,0.9696552603010085,1
TCGA-85-6560-01A-11R-1820-07,0.8329486109921169,1
TCGA-AR-A24W-01A-11R-A169-07,0.6571635052605552,1
TCGA-85-6175-01A-11R-1820-07,0.8914616508839761,1
TCGA-86-7954-01A-11R-2187-07,0.6272890295495789,1
TCGA-CC-A9FS-01A-11R-A37K-07,0.521432238418142,1
TCGA-25-1870-01A-01R-1567-13,0.72281262855433,1
TCGA-63-7022-01A-11R-1949-07,0.7593080373904518,1
TCGA-R6-A6KZ-01A-11R-A31P-31,0.806988859060768,1
TCGA-AA-3562-01A-02R-0821-07,0.32082066251637753,1
TCGA-D5-6541-01A-11R-1723-07,0.8690076509821396,1
TCGA-PJ-A5Z8-01A-11R-A28H-07,0.8586516231812387,0
TCGA-BP-5010-01A-02R-1420-07,0.7582496330928599,0
TCGA-66-2790-01A-01R-0980-07,0.6046149574037402,1
TCGA-AL-A5DJ-01A-11R-A26U-07,0.9440709728759884,1
TCGA-AR-A0TR-01A-11R-A084-07,0.647595047945216,0
TCGA-AA-3979-01A-01R-1022-07,0.5796658205432142,1
TCGA-A1-A0SJ-01A-11R-A084-07,0.6446190429274233,1
TCGA-AO-A0JA-01A-11R-A056-07,0.5175101481017143,1
TCGA-86-A4JF-01A-11R-A24X-07,0.6320453845109127,1
TCGA-Z6-A8JD-01A-11R-A36D-31,0.5033097422673044,1
TCGA-92-7341-01A-31R-2045-07,0.4456485254159384,1
TCGA-E2-A15O-01A-11R-A115-07,0.5983488751599702,0
TCGA-V1-A9O9-01A-11R-A41O-07,0.5205222933303328,1
TCGA-67-6215-01A-11R-1755-07,0.5287825588405792,0
TCGA-AY-6386-01A-21R-1723-07,0.5129096416391774,1
TCGA-LN-A4A3-01A-11R-A260-31,0.36188338648991375,1
TCGA-44-6778-01A-11R-1858-07,0.6419177244014188,0
TCGA-RU-A8FL-01A-11R-A37K-07,0.6711137101522885,1
TCGA-G3-AAV1-01A-11R-A38B-07,0.6549402328398093,0
TCGA-CH-5745-01A-11R-1580-07,0.5628603753724036,0
TCGA-85-8580-01A-31R-2403-07,0.3730270257242395,1
TCGA-AK-3454-01A-02R-1277-07,0.8973698468844814,1
TCGA-M7-A722-01A-12R-A36G-07,0.9413996188636374,1
TCGA-3A-A9IN-01A-11R-A39D-07,0.945364896959181,1
TCGA-49-4501-01A-01R-1206-07,0.5871702508347129,1
TCGA-44-7667-01A-31R-2066-07,0.9105338136480529,1
TCGA-86-7714-01A-12R-2170-07,0.6137084876443047,1
TCGA-34-5929-01A-11R-1820-07,0.5485026177328047,0
TCGA-BC-A10R-01A-11R-A131-07,0.7747267587555824,1
TCGA-39-5027-01A-21R-1820-07,0.5122278695129221,1
TCGA-AA-A00E-01A-01R-A002-07,0.5763084874805323,1
TCGA-22-5473-01A-01R-1635-07,0.39314052976423075,0
TCGA-LL-A7T0-01A-31R-A352-07,0.7270420409865552,1
TCGA-13-1410-01A-01R-1565-13,0.6353285579307846,1
TCGA-G9-6377-01A-11R-1965-07,0.5287799029134592,1
TCGA-EJ-7784-01A-11R-2118-07,0.7160623587013785,1
TCGA-51-4081-01A-01R-1100-07,0.43693993730751174,0
TCGA-5P-A9JW-01A-11R-A42S-07,0.466265559848775,0
TCGA-DV-5567-01A-01R-1541-07,0.7804420108100829,1
TCGA-BH-A1FU-01A-11R-A14D-07,0.6707775213177427,0
TCGA-AR-A1AR-01A-31R-A137-07,0.8062502613523513,1
TCGA-43-7658-01A-11R-2125-07,0.8643732561906399,1
TCGA-BF-A1PU-01A-11R-A18S-07,0.4021373800651818,0
TCGA-CM-6171-01A-11R-1653-07,0.8427211817501628,1
TCGA-EW-A1J2-01A-21R-A13Q-07,0.5478819901709804,1
TCGA-UB-A7MF-01A-11R-A33J-07,0.6674840002923431,0
TCGA-DD-AAD0-01A-11R-A41C-07,0.45712139133218177,0
TCGA-85-6561-01A-11R-1820-07,0.5042664218353708,1
TCGA-G9-6367-01A-11R-1789-07,0.5409672786397677,1
TCGA-DM-A1D9-01A-11R-A155-07,0.6179287633247997,1
TCGA-EJ-7783-01A-11R-2118-07,0.7352020480755114,1
TCGA-33-AASD-01A-11R-A405-07,0.5962024940784018,1
TCGA-97-8177-01A-11R-2287-07,0.5530612062537195,1
TCGA-NH-A6GA-01A-11R-A37K-07,0.8116914400451637,0
TCGA-BH-A1FC-01A-11R-A13Q-07,0.8015693305583246,1
TCGA-BP-4165-01A-02R-1289-07,0.5503581726248568,1
TCGA-AA-A02R-01A-01R-A00A-07,0.7548434501284108,1
TCGA-AD-6899-01A-11R-1928-07,0.7594850750735068,1
TCGA-LN-A4MQ-01A-11R-A28J-31,0.5223470927724462,1
TCGA-KK-A59Z-01A-12R-A26U-07,0.7512635761231183,1
TCGA-MI-A75H-01A-11R-A32O-07,0.28905963368146836,0
TCGA-38-4630-01A-01R-1206-07,0.9219123162770755,1
TCGA-EP-A3RK-01A-11R-A22L-07,0.6070425823184231,1
TCGA-5C-A9VG-01A-11R-A37K-07,0.8369449750445412,1
TCGA-BH-A0E7-01A-11R-A034-07,0.4678357756385493,1
TCGA-AA-3956-01A-02R-1022-07,0.39110694055982165,0
TCGA-HC-8216-01A-11R-A29R-07,0.5560371688467737,1
TCGA-EJ-5519-01A-01R-1580-07,0.7305197866598441,1
TCGA-AA-3949-01A-01R-1022-07,0.744618593374017,0
TCGA-B0-5121-01A-02R-1420-07,0.38373910875528794,1
TCGA-10-0926-01A-01R-1564-13,0.5709477808123281,1
TCGA-AK-3451-01A-02R-1188-07,0.959942740044236,1
TCGA-A8-A085-01A-11R-A00Z-07,0.5828443105857435,0
TCGA-BH-A18M-01A-11R-A12D-07,0.41057610339295814,1
TCGA-G4-6315-01A-11R-1723-07,0.3759988630215044,1
TCGA-MP-A4TE-01A-22R-A466-07,0.7327566757120707,1
TCGA-EB-A4IS-01A-21R-A266-07,0.8281993591315345,1
TCGA-AN-A0AS-01A-11R-A00Z-07,0.6913234435559882,1
TCGA-CW-5583-01A-02R-1541-07,0.36587574468831785,1
TCGA-BH-A18T-01A-11R-A12D-07,0.7779313341866925,0
TCGA-E9-A22E-01A-11R-A157-07,0.738140006146394,1
TCGA-A2-A1FW-01A-11R-A13Q-07,0.6614381454441871,1
TCGA-H6-A45N-01A-11R-A26U-07,0.29079589693383984,1
TCGA-A2-A0SW-01A-11R-A084-07,0.6292322772109988,0
TCGA-B0-5712-01A-11R-1672-07,0.6726910843726981,1
TCGA-85-8277-01A-11R-2296-07,0.5137723925982907,1
TCGA-E2-A1II-01A-11R-A144-07,0.8613779932526522,1
TCGA-24-2267-01A-01R-1568-13,0.6776394500725551,1
TCGA-77-8131-01A-11R-2247-07,0.8078455201233431,1
TCGA-3A-A9IZ-01A-12R-A41B-07,0.7653659416967761,0
TCGA-55-7816-01A-11R-2170-07,0.8189699873872476,1
TCGA-AA-3509-01A-01R-1410-07,0.5405238553161793,1
TCGA-25-1322-01A-01R-1565-13,0.6080636162519337,1
TCGA-35-5375-01A-01R-1628-07,0.9007572652808782,1
TCGA-CJ-4918-01A-01R-1426-07,0.47150199908732193,1
TCGA-ED-A66X-01A-11R-A311-07,0.9134137346801801,1
TCGA-FV-A3I0-01A-11R-A22L-07,0.9810312154350131,0
TCGA-AO-A0JG-01A-31R-A084-07,0.6155376854363057,1
TCGA-XJ-A9DK-01A-11R-A37L-07,0.5313171895826789,1
TCGA-BH-A0BT-01A-11R-A12P-07,0.7251583016190126,1
TCGA-29-1783-01A-01R-1567-13,0.5343537170969532,0
TCGA-QG-A5Z1-01A-11R-A28H-07,0.7859557362413199,1
TCGA-F4-6805-01A-11R-1839-07,0.716353504133354,1
TCGA-18-4086-01A-01R-1100-07,0.40834684977272867,1
TCGA-99-8028-01A-11R-2241-07,0.612671064276407,1
TCGA-B0-5109-01A-02R-1420-07,0.986490843887445,1
TCGA-E2-A1B6-01A-31R-A12P-07,0.8823671083581575,1
TCGA-S4-A8RM-01A-11R-A37L-07,0.7271630350164506,1
TCGA-49-4486-01A-01R-1206-07,0.8671486259295038,1
TCGA-E9-A248-01A-11R-A169-07,0.7308482842608949,1
TCGA-IB-AAUR-01A-21R-A38C-07,0.5804122545450994,1
TCGA-BC-A69I-01A-11R-A311-07,0.3199152411525899,1
TCGA-AC-A23G-01A-11R-A213-07,0.7463803435261391,0
TCGA-DD-AADG-01A-11R-A41C-07,0.2897676234139707,0
TCGA-A8-A08S-01A-11R-A034-07,0.5598992076164832,1
TCGA-D8-A27G-01A-11R-A16F-07,0.4124991023547001,1
TCGA-A2-A0YT-01A-11R-A109-07,0.5295126254283752,1
TCGA-2H-A9GH-01A-11R-A37I-31,0.7582382250555975,1
TCGA-GM-A4E0-01A-12R-A266-07,0.9191173174069212,1
TCGA-86-8358-01A-11R-2326-07,0.877376516758889,1
TCGA-39-5034-01A-01R-1443-07,0.9106180239918559,1
TCGA-E9-A1N3-01A-12R-A157-07,0.6041732124955955,1
TCGA-91-8496-01A-11R-2403-07,0.7482471921958305,1
TCGA-KC-A7FE-01A-12R-A33R-07,0.42017868184901785,1
TCGA-04-1655-01A-01R-1566-13,0.5904271112356183,1
TCGA-A4-7584-01A-11R-2139-07,0.392707807262527,1
TCGA-HZ-7918-01A-11R-2156-07,0.8370473683863295,1
TCGA-AK-3440-01A-02R-1277-07,0.991810844812769,0
TCGA-CZ-4857-01A-01R-1305-07,0.6502446059539543,1
TCGA-B9-4116-01A-02R-1351-07,0.8942331679603673,1
TCGA-DZ-6133-01A-11R-1965-07,0.5267892475709886,0
TCGA-J9-A52E-01A-11R-A26U-07,0.9713895070113107,1
TCGA-ER-A2NB-01A-12R-A18S-07,0.5471751896808789,1
TCGA-A3-3346-01A-01R-1766-07,0.9745666592876899,1
TCGA-3A-A9IO-01A-11R-A38C-07,0.9876316198289585,1
TCGA-BP-4325-01A-02R-1289-07,0.4577955096985526,1
TCGA-IB-7889-01A-11R-2156-07,0.5663678448407582,0
TCGA-A8-A07F-01A-11R-A00Z-07,0.5177507941248857,1
TCGA-78-7162-01A-21R-2066-07,0.5983257914391515,1
TCGA-IB-7644-01A-11R-2156-07,0.6629362272960506,0
TCGA-36-1569-01A-01R-1566-13,0.7860022053957596,0
TCGA-52-7622-01A-11R-2125-07,0.4857439247908438,1
TCGA-69-8453-01A-12R-2326-07,0.5671140739713191,1
TCGA-OL-A66N-01A-12R-A31O-07,0.8802887041677916,1
TCGA-CC-A9FV-01A-11R-A37K-07,0.9934451027371086,1
TCGA-XD-AAUI-01A-42R-A41B-07,0.4293242900614129,1
TCGA-GM-A2DN-01A-11R-A180-07,0.5553586864811588,0
TCGA-G3-A3CK-01A-11R-A213-07,0.44842858351971654,0
TCGA-BP-4771-01A-01R-1289-07,0.7129646848997846,0
TCGA-DD-AACO-01A-11R-A41C-07,0.501564588339452,1
TCGA-75-7031-01A-11R-1949-07,0.6913624576447913,1
TCGA-24-1552-01A-01R-1566-13,0.6649838661072827,1
TCGA-85-8287-01A-11R-2296-07,0.721069637891011,0
TCGA-AY-6197-01A-11R-1723-07,0.5723127519445459,1
TCGA-96-A4JK-01A-11R-A24Z-07,0.5390790481458398,1
TCGA-C8-A12Z-01A-11R-A115-07,0.5805454665093531,1
TCGA-E9-A3Q9-01A-11R-A21T-07,0.7892905218280414,1
TCGA-AC-A8OR-01A-21R-A41B-07,0.767292608853067,1
TCGA-44-5644-01A-21R-2039-07,0.8171587372449616,1
TCGA-A2-A0T3-01A-21R-A115-07,0.625556814935305,1
TCGA-A4-8098-01A-11R-2404-07,0.8337183036620951,1
TCGA-EB-A82C-01A-11R-A352-07,0.4972997945144085,0
TCGA-DM-A1D0-01A-11R-A155-07,0.6403074850059931,1
TCGA-BF-AAP1-01A-11R-A39D-07,0.6284526686321993,1
TCGA-S3-AA12-01A-11R-A41B-07,0.6164236164131018,0
TCGA-24-2024-01A-02R-1568-13,0.5892351705698751,1
TCGA-24-2026-01A-01R-1567-13,0.7738678114695833,1
TCGA-G7-6796-01A-11R-1965-07,0.6318873239907296,1
TCGA-AL-3473-01A-01R-1193-07,0.9235257775289151,1
TCGA-Y8-A894-01A-11R-A36F-07,0.7035704410839413,1
TCGA-22-5483-01A-01R-1820-07,0.6881135781319,1
TCGA-CJ-4644-01A-02R-1325-07,0.4753992702848882,1
TCGA-22-5489-01A-01R-1635-07,0.6614697683630546,1
TCGA-D8-A1JP-01A-11R-A13Q-07,0.5915623353420207,0
TCGA-B9-A5W9-01A-11R-A28H-07,0.5653037197811134,1
TCGA-13-0886-01A-01R-1569-13,0.6716709102238962,1
TCGA-EB-A4P0-01A-41R-A266-07,0.6082972079291719,1
TCGA-G4-6307-01A-11R-1723-07,0.6772532718567619,0
TCGA-DD-AAEH-01A-11R-A41C-07,0.4244251416159523,1
TCGA-FV-A2QQ-01A-11R-A22L-07,0.30018682914148165,0
TCGA-MP-A4SW-01A-21R-A24X-07,0.5401835582123429,1
TCGA-P4-A5ED-01A-11R-A28H-07,0.9491596526557605,1
TCGA-CA-6719-01A-11R-1839-07,0.749661954671451,1
TCGA-AY-4071-01A-01R-1113-07,0.6198654445428721,1
TCGA-B8-4622-01A-02R-1277-07,0.25127702099390076,1
TCGA-AO-A1KP-01A-11R-A13Q-07,0.6577331534863731,1
TCGA-A8-A081-01A-11R-A00Z-07,0.5693978163146014,0
TCGA-24-2262-01A-01R-1568-13,0.8332996335188041,1
TCGA-3A-A9I7-01A-21R-A38C-07,0.397605330197379,1
TCGA-A2-A0CW-01A-21R-A115-07,0.6779702942973648,1
TCGA-UZ-A9Q0-01A-12R-A42S-07,0.49594913984331,1
TCGA-56-8082-01A-11R-2247-07,0.5855894127752482,0
TCGA-39-5019-01A-01R-1820-07,0.4289431997497957,1
TCGA-G3-A5SI-01A-31R-A27V-07,0.45895110386887783,1
TCGA-A2-A0EX-01A-21R-A034-07,0.5852160634996469,1
TCGA-AR-A2LJ-01A-12R-A19W-07,0.8280842941261961,1
TCGA-R6-A6DN-01B-11R-A31P-31,0.6527218021970806,1
TCGA-B0-4842-01A-02R-1420-07,0.945959410988316,1
TCGA-90-A4EE-01A-11R-A24Z-07,0.7523129747092622,0
TCGA-DW-7834-01A-11R-2139-07,0.6454556566249973,1
TCGA-A3-3317-01A-02R-1325-07,0.6939516384148912,1
TCGA-LN-A7HY-01A-12R-A354-31,0.8424209161693215,0
TCGA-B0-5080-01A-01R-1503-07,0.7227998422947575,1
TCGA-DD-AAW3-01A-11R-A41C-07,0.38159302778372434,1
TCGA-CM-5862-01A-01R-1653-07,0.8769874539351973,1
TCGA-G9-6494-01A-11R-1789-07,0.40021909425682284,0
TCGA-2J-AABT-01A-11R-A41B-07,0.518565168381022,1
TCGA-AA-3693-01A-01R-0905-07,0.6237169442593244,0
TCGA-2V-A95S-01A-11R-A37K-07,0.8166225932073834,1
TCGA-44-7669-01A-21R-2066-07,0.8052050067235578,0
TCGA-BP-5008-01A-01R-1334-07,0.3347927922258461,1
TCGA-D5-6920-01A-11R-1928-07,0.44188286158812945,1
TCGA-K7-A5RG-01A-11R-A28V-07,0.9046576138450505,1
TCGA-BP-4795-01A-02R-1420-07,0.7488213596666324,1
TCGA-18-3419-01A-01R-0980-07,0.7063160426418935,0
TCGA-G9-6332-01A-11R-1789-07,0.5496197660082045,1
TCGA-56-8309-01A-11R-2296-07,0.8016323892421051,1
TCGA-AC-A23E-01A-11R-A157-07,0.4835066355960092,1
TCGA-BQ-7046-01A-11R-1965-07,0.4021539788967509,1
TCGA-AN-A0AT-01A-11R-A034-07,0.8485502189647596,1
TCGA-BH-A0E9-01B-11R-A115-07,0.4873208470699455,0
TCGA-AA-3663-01A-01R-1723-07,0.6073002414928518,1
TCGA-A2-A0YI-01A-31R-A10J-07,0.5858615147921656,1
TCGA-34-8456-01A-21R-2326-07,0.6845041423915919,1
TCGA-AR-A1AJ-01A-21R-A12P-07,0.7557800293290343,1
TCGA-44-6145-01A-11R-1755-07,0.5765532317303712,1
TCGA-BP-4344-01A-01R-1289-07,0.3832533167634793,1
TCGA-5C-A9VH-01A-11R-A37K-07,0.7375719520761891,1
TCGA-62-8399-01A-21R-2326-07,0.664567913345101,0
TCGA-A8-A08T-01A-21R-A00Z-07,0.5061353769265322,1
TCGA-56-7222-01A-11R-2045-07,0.4744176684360595,0
TCGA-PZ-A5RE-01A-11R-A32O-07,0.5377279586488212,1
TCGA-EJ-5509-01A-01R-1580-07,0.5411841051249092,0
TCGA-58-8392-01A-11R-2326-07,0.439549518730924,1
TCGA-18-5595-01A-01R-1635-07,0.5594677419763397,1
TCGA-29-1695-01A-01R-1567-13,0.7883138650010065,1
TCGA-B0-4833-01A-01R-1305-07,0.5926228715885541,1
TCGA-D8-A27E-01A-11R-A16F-07,0.6364182026106512,0
TCGA-BH-A209-01A-11R-A157-07,0.7279913216894166,1
TCGA-BH-A0W4-01A-11R-A109-07,0.40206636078731095,0
TCGA-DV-5565-01A-01R-1541-07,0.8184830946260564,0
TCGA-94-A5I6-01A-21R-A27Q-07,0.39711028473873383,0
TCGA-61-1725-01A-01R-1567-13,0.5526626323079513,1
TCGA-B0-5098-01A-01R-1420-07,0.9950576630593193,1
TCGA-13-0905-01B-01R-1565-13,0.7596976569312924,1
TCGA-AA-3667-01A-01R-0905-07,0.6780629615963487,1
TCGA-D8-A1XC-01A-11R-A14D-07,0.5939327249473454,0
TCGA-J4-A6M7-01A-11R-A31N-07,0.4013629702683738,1
TCGA-24-1544-01A-01R-1566-13,0.6039060321618331,0
TCGA-YL-A9WJ-01A-11R-A37L-07,0.4413518562348001,1
TCGA-29-1785-01A-01R-1567-13,0.6405455869096425,0
TCGA-98-8020-01A-11R-2247-07,0.677149255634254,0
TCGA-XJ-A9DQ-01A-11R-A37L-07,0.3821366998544099,0
TCGA-C8-A8HP-01A-11R-A36F-07,0.8031459863380281,1
TCGA-B0-5096-01A-01R-1420-07,0.9276738152578862,1
TCGA-E9-A3QA-01A-61R-A22K-07,0.8844472704004471,1
TCGA-BH-A0WA-01A-11R-A109-07,0.7434126167481814,1
TCGA-66-2791-01A-01R-0980-07,0.555928987647617,1
TCGA-BH-A0HN-01A-11R-A10U-07,0.7585269493681547,1
TCGA-F4-6463-01A-11R-1723-07,0.7801895611662754,0
TCGA-A2-A1FZ-01A-51R-A14D-07,0.4995945798459105,1
TCGA-VP-AA1N-01A-31R-A41O-07,0.7211947584621538,1
TCGA-A3-3359-01A-01R-0864-07,0.24644751393197478,1
TCGA-AN-A049-01A-21R-A00Z-07,0.5222254125776787,1
TCGA-CZ-5462-01A-01R-1503-07,0.8354803201137916,1
TCGA-CM-6165-01A-11R-1653-07,0.71774208029791,1
TCGA-DD-A3A3-01A-11R-A22L-07,0.3415377519634622,1
TCGA-AO-A125-01A-11R-A10J-07,0.7309165870006474,1
TCGA-69-7760-01A-11R-2170-07,0.7429111645120893,1
TCGA-KC-A7FD-01A-11R-A33R-07,0.6390467478945506,0
TCGA-UZ-A9PK-01A-11R-A38C-07,0.2661890590293628,1
TCGA-62-8398-01A-11R-2326-07,0.6550243011692363,1
TCGA-B0-4698-01A-01R-1503-07,0.9958623423349612,1
TCGA-L5-A88V-01A-11R-A354-31,0.7659358866514462,1
TCGA-3A-A9IX-01A-11R-A41B-07,0.5708276180441086,1
TCGA-55-A4DG-01A-11R-A24H-07,0.6321647593831626,1
TCGA-EW-A424-01A-11R-A24H-07,0.7123427041981525,1
TCGA-60-2706-01A-01R-0851-07,0.8073241815703935,1
TCGA-IA-A40U-01A-11R-A24Z-07,0.366445542374197,1
TCGA-GM-A3XG-01A-31R-A24H-07,0.8500196326446219,0
TCGA-ZR-A9CJ-01B-11R-A38D-31,0.7885829641170043,1
TCGA-BH-A18G-01A-11R-A12D-07,0.8116772795177546,1
TCGA-G9-6384-01A-11R-1789-07,0.5677710054429153,0
TCGA-67-6216-01A-11R-1755-07,0.5373453411540852,1
TCGA-13-1488-01A-01R-1565-13,0.6587826189656302,1
TCGA-G9-6343-01A-21R-1965-07,0.6013187785777826,1
TCGA-90-A59Q-01A-11R-A26W-07,0.8786974020794376,1
TCGA-CW-5580-01A-01R-1672-07,0.437503675742881,1
TCGA-25-1625-01A-01R-1566-13,0.873215676750108,1
TCGA-EJ-A8FS-01A-11R-A352-07,0.47539300356277114,1
TCGA-CM-6164-01A-11R-1653-07,0.4573144876104334,0
TCGA-29-1763-01A-02R-1567-13,0.6036846362787718,0
TCGA-97-7941-01A-11R-2187-07,0.6749592932605049,1
TCGA-B0-4696-01A-01R-1277-07,0.9982716054569848,1
TCGA-AA-3675-01A-02R-0905-07,0.5368037971871402,1
TCGA-HC-A6AS-01A-11R-A30B-07,0.8293490057224471,1
TCGA-LN-A7HW-01A-22R-A354-31,0.5887582771756302,1
TCGA-50-6595-01A-12R-1858-07,0.6786536168039426,0
TCGA-05-4433-01A-22R-1858-07,0.654314471985289,1
TCGA-B0-5113-01A-01R-1420-07,0.4446798231588249,1
TCGA-OL-A66I-01A-21R-A29R-07,0.8812286832052258,1
TCGA-GM-A2DL-01A-11R-A18M-07,0.6512423847978975,1
TCGA-10-0934-01A-02R-1564-13,0.9284312715330347,1
TCGA-B1-5398-01A-02R-1592-07,0.780296900825371,1
TCGA-09-1667-01C-01R-1566-13,0.49770497662827784,1
TCGA-69-7979-01A-11R-2187-07,0.7456015232787977,1
TCGA-22-1017-01A-01R-0692-07,0.8645879844883484,1
TCGA-BP-4759-01A-01R-1289-07,0.6085880828650693,1
TCGA-ED-A459-01A-11R-A266-07,0.77661858835425,1
TCGA-EB-A51B-01A-11R-A27Q-07,0.6831534163448421,1
TCGA-CW-6090-01A-11R-1672-07,0.6560258536596834,1
TCGA-AA-3968-01A-01R-1022-07,0.5452698823630914,1
TCGA-85-8276-01A-11R-2296-07,0.586218336605534,1
TCGA-D5-6924-01A-11R-1928-07,0.7188562398608789,1
TCGA-95-7947-01A-11R-2187-07,0.7444187740732063,1
TCGA-50-5932-01A-11R-1755-07,0.7541746387930849,1
TCGA-G9-6342-01A-11R-1965-07,0.32515219349730384,1
TCGA-BH-A0H9-01A-11R-A056-07,0.5810062723849588,1
TCGA-AR-A24X-01A-11R-A169-07,0.4158122180755696,1
TCGA-A4-A5Y1-01A-11R-A28H-07,0.892773345369324,1
TCGA-AR-A1AV-01A-21R-A12P-07,0.43658446446564353,1
TCGA-33-4582-01A-01R-1443-07,0.7515747203796159,1
TCGA-A7-A0DC-01B-04R-A22O-07,0.8555727000872203,1
TCGA-E9-A245-01A-22R-A16F-07,0.6265572753056674,1
TCGA-LN-A49Y-01A-11R-A260-31,0.8066464437772085,1
TCGA-BP-4960-01A-01R-1334-07,0.6501788332233537,1
TCGA-CJ-4641-01A-02R-1325-07,0.49900541446445484,1
TCGA-55-7281-01A-11R-2039-07,0.5520985487168456,1
TCGA-AA-3870-01A-01R-1022-07,0.7731007502953036,1
TCGA-MI-A75E-01A-11R-A32O-07,0.3300879393692174,1
TCGA-DD-A1EF-01A-11R-A131-07,0.8715645498351118,1
TCGA-VR-A8EX-01A-11R-A36D-31,0.5765462452959859,1
TCGA-56-8504-01A-11R-2403-07,0.509390141276872,1
TCGA-MG-AAMC-01A-11R-A41O-07,0.7510667686290492,0
TCGA-56-A49D-01A-11R-A24H-07,0.7168266284149952,1
TCGA-39-5022-01A-21R-1820-07,0.7006656347574431,0
TCGA-55-7573-01A-11R-2039-07,0.5164677223794784,0
TCGA-13-0730-01A-01R-1564-13,0.6721054438078689,1
TCGA-D5-6538-01A-11R-1723-07,0.6107321717983258,1
TCGA-2Y-A9GU-01A-11R-A38B-07,0.5734174532991066,0
TCGA-YL-A8HJ-01A-11R-A36G-07,0.6607794155937377,1
TCGA-05-4396-01A-21R-1858-07,0.695908922095303,1
TCGA-E2-A1LL-01A-11R-A144-07,0.9189324074792984,1
TCGA-24-2281-01A-01R-1568-13,0.4698357205128772,1
TCGA-33-A4WN-01A-11R-A262-07,0.4684436248289423,1
TCGA-CZ-5985-01A-11R-1672-07,0.6232917325340463,1
TCGA-GN-A263-01A-11R-A18T-07,0.9428563032769015,1
TCGA-E9-A1RE-01A-11R-A157-07,0.6164439732508925,1
TCGA-E2-A15M-01A-11R-A12D-07,0.5478880784185028,0
TCGA-HC-8262-01A-11R-2263-07,0.3489998046949867,1
TCGA-DM-A0X9-01A-11R-A155-07,0.4246905054940997,1
TCGA-A7-A4SC-01A-12R-A266-07,0.6446033149988997,0
TCGA-AN-A04A-01A-21R-A034-07,0.5113882437174005,0
TCGA-QA-A7B7-01A-11R-A32O-07,0.8352185843956436,1
TCGA-29-2427-01A-01R-1569-13,0.8052834104114063,0
TCGA-25-1633-01A-01R-1566-13,0.8605300832416136,1
TCGA-85-A510-01A-11R-A26W-07,0.873396848601408,1
TCGA-75-5147-01A-01R-1628-07,0.5848938127542325,0
TCGA-D3-A5GT-01A-12R-A311-07,0.6528100356774796,1
TCGA-49-AARR-01A-11R-A41B-07,0.6883768052949483,1
TCGA-CH-5740-01A-11R-1580-07,0.5037664065750769,1
TCGA-BH-A0W3-01A-11R-A109-07,0.5054548329017581,1
TCGA-13-1487-01A-01R-1565-13,0.5527162185558119,1
TCGA-CZ-5464-01A-01R-1503-07,0.48840640643592154,0
TCGA-HC-A8D1-01A-11R-A36G-07,0.3062516937875354,1
TCGA-13-0884-01B-01R-1565-13,0.490862559456965,0
TCGA-D8-A1JD-01A-11R-A13Q-07,0.46642386144470854,1
TCGA-61-2009-01A-01R-1568-13,0.7419737774585826,0
TCGA-J4-A67N-01A-11R-A30B-07,0.840663061442597,1
TCGA-66-2788-01A-01R-0980-07,0.5466086320771718,1
TCGA-EJ-5501-01A-01R-1580-07,0.4916137072943713,1
TCGA-BC-4072-01B-11R-A155-07,0.9478588767178789,1
TCGA-LN-A5U7-01A-11R-A31P-31,0.3326097247217411,1
TCGA-IG-A4QT-01A-21R-A260-31,0.945907764427528,1
TCGA-YL-A9WX-01A-21R-A41O-07,0.5861484937567678,1
TCGA-3A-A9IL-01A-11R-A38C-07,0.9723802352470645,1
TCGA-AD-6965-01A-11R-1928-07,0.4482877794661993,1
TCGA-60-2704-01A-11R-2045-07,0.8393042493127594,1
TCGA-AA-3514-01A-02R-0821-07,0.8628938461891645,1
TCGA-IB-A5ST-01A-11R-A32O-07,0.6383702282940488,1
TCGA-BH-A0DQ-01A-11R-A084-07,0.5699871109677574,1
TCGA-D8-A1XY-01A-11R-A14M-07,0.5676900675352581,1
TCGA-ZG-A9LB-01A-11R-A41O-07,0.9109264601369612,1
TCGA-L5-A4OR-01A-11R-A260-31,0.6083064318551206,1
TCGA-LD-A74U-01A-13R-A33J-07,0.6506819405458943,1
TCGA-B8-4148-01A-02R-1325-07,0.41772382119467166,1
TCGA-77-8009-01A-11R-2187-07,0.5797164224324367,1
TCGA-55-7574-01A-11R-2039-07,0.5089542220724877,1
TCGA-XA-A8JR-01A-11R-A36G-07,0.2826157829552358,0
TCGA-B0-5095-01A-01R-1420-07,0.559536913564496,1
TCGA-NC-A5HE-01A-11R-A26W-07,0.7923746389578372,1
TCGA-RC-A6M4-01A-11R-A32O-07,0.26708360218001603,1
TCGA-EJ-A8FN-01A-11R-A352-07,0.36339914807649193,1
TCGA-2Z-A9JK-01A-11R-A42S-07,0.857997556235574,1
TCGA-69-8254-01A-11R-2287-07,0.5921514899519903,0
TCGA-67-6217-01A-11R-1755-07,0.5222580994466286,1
TCGA-55-7994-01A-11R-2187-07,0.6584792567625223,1
TCGA-55-8090-01A-11R-2241-07,0.5332360553853346,0
TCGA-LN-A5U5-01A-21R-A28J-31,0.7690777209347857,1
TCGA-66-2768-01A-01R-0851-07,0.5907071710696259,1
TCGA-WQ-AB4B-01A-11R-A41C-07,0.32443872091669573,1
TCGA-77-6844-01A-11R-1949-07,0.5286526079305538,1
TCGA-A8-A07Z-01A-11R-A00Z-07,0.6480532511531358,1
TCGA-AA-3977-01A-01R-1022-07,0.5248282628701653,0
TCGA-AC-A3W7-01A-11R-A22K-07,0.6344280388836725,1
TCGA-CC-5263-01A-01R-A131-07,0.9811349739322338,1
TCGA-18-3411-01A-01R-0980-07,0.5604763460861791,1
TCGA-DM-A0XD-01A-12R-A155-07,0.492625170091928,0
TCGA-OL-A5RU-01A-11R-A28M-07,0.6765596686319028,1
TCGA-33-AASB-01A-11R-A405-07,0.8595067426433894,1
TCGA-B6-A0RG-01A-11R-A056-07,0.5358018165673359,1
TCGA-DD-AAC8-01A-11R-A41C-07,0.7555710992675324,1
TCGA-VP-A87D-01A-11R-A352-07,0.5749559662772938,1
TCGA-BH-A0HX-01A-21R-A056-07,0.5374800492331505,1
TCGA-BP-4353-01A-02R-1289-07,0.49551637918331065,0
TCGA-66-2793-01A-01R-1201-07,0.8046021124042186,1
TCGA-E2-A15A-01A-11R-A12D-07,0.5110420068983322,1
TCGA-61-2094-01A-01R-1568-13,0.8001644966540213,0
TCGA-AA-3502-01A-01R-1410-07,0.6119979804570036,1
TCGA-E9-A22G-01A-11R-A157-07,0.8219980939723655,1
TCGA-A3-3325-01A-01R-0864-07,0.2971193699120668,0
TCGA-BP-4176-01A-02R-1289-07,0.4812151737049016,1
TCGA-09-1669-01A-01R-1566-13,0.4287971931643371,1
TCGA-04-1365-01A-01R-1565-13,0.47836650194601155,1
TCGA-2Z-A9JS-01A-21R-A42S-07,0.375880808740879,1
TCGA-AR-A0U4-01A-11R-A109-07,0.8293050489471376,1
TCGA-B0-5713-01A-11R-1672-07,0.30091640095829814,0
TCGA-L3-A4E7-01A-11R-A24Z-07,0.7496966303944892,1
TCGA-G7-6795-01A-11R-1965-07,0.6194233867197646,0
TCGA-AY-5543-01A-01R-1653-07,0.483466895467402,0
TCGA-G4-6294-01A-11R-1774-07,0.5604258407988724,1
TCGA-CM-5344-01A-21R-1723-07,0.6369699810853847,0
TCGA-TK-A8OK-01A-22R-A36G-07,0.8662032939377555,0
TCGA-VR-AA4G-01A-11R-A37I-31,0.35070294279600056,1
TCGA-JY-A93C-01A-11R-A38D-31,0.7873616819203524,1
TCGA-G9-6356-01A-11R-1789-07,0.40203820120616335,0
TCGA-A2-A0ER-01A-21R-A034-07,0.5112464744946064,1
TCGA-62-A46O-01A-11R-A24H-07,0.8830426870663853,1
TCGA-BQ-5885-01A-11R-1592-07,0.777093132148414,1
TCGA-E2-A1IN-01A-11R-A13Q-07,0.45075319455329255,1
TCGA-NJ-A55R-01A-11R-A262-07,0.6877852739043055,0
TCGA-A3-3383-01A-02R-1325-07,0.9026663479533563,1
TCGA-B4-5844-01A-11R-1672-07,0.42451215394631603,1
TCGA-CJ-5676-01A-11R-1541-07,0.5687580278974408,1
TCGA-MH-A561-01A-11R-A26U-07,0.4950330653071139,1
TCGA-96-A4JL-01A-11R-A24Z-07,0.7883486723110038,0
TCGA-KK-A6DY-01A-12R-A311-07,0.5298941569171783,1
TCGA-2Z-A9JP-01A-11R-A42S-07,0.379771473579779,1
TCGA-VR-A8ER-01A-11R-A36D-31,0.6440388527772989,1
TCGA-24-2288-01A-01R-1568-13,0.7257021610371867,1
TCGA-A8-A0AD-01A-11R-A056-07,0.4884295618746087,1
TCGA-B6-A0IQ-01A-11R-A034-07,0.792895049440974,1
TCGA-DM-A28A-01A-21R-A32Y-07,0.5577519138708149,1
TCGA-09-0369-01A-01R-1564-13,0.7292253998504359,1
TCGA-G7-A8LD-01A-11R-A36F-07,0.9732473051020785,1
TCGA-A4-7732-01A-11R-2139-07,0.4366722847640355,1
TCGA-QU-A6IP-01A-11R-A31N-07,0.29433188827317025,1
TCGA-DD-A1EG-01A-11R-A213-07,0.45596423188925994,0
TCGA-BP-5004-01A-01R-1334-07,0.4366263554081773,0
TCGA-BP-5006-01A-01R-1334-07,0.31762566454478125,1
TCGA-A6-6781-01A-22R-A278-07,0.9894735274261082,1
TCGA-CA-5255-01A-11R-1839-07,0.5293094937951557,0
TCGA-66-2782-01A-01R-0851-07,0.6463971596155187,1
TCGA-MP-A4SY-01A-21R-A24X-07,0.5413387876791731,1
TCGA-44-3398-01A-01R-1107-07,0.7433783314843045,1
TCGA-97-8171-01A-11R-2287-07,0.8541905143024029,1
TCGA-BH-A0BG-01A-11R-A115-07,0.788374563437908,0
TCGA-B0-4834-01A-01R-1305-07,0.9603419472955953,0
TCGA-A2-A25B-01A-11R-A169-07,0.5337391393825678,1
TCGA-70-6723-01A-11R-1820-07,0.534888756317051,1
TCGA-KK-A8IJ-01A-11R-A352-07,0.38413575538997796,1
TCGA-CZ-5986-01A-11R-1672-07,0.6239246604784909,1
TCGA-BH-A1EN-01A-11R-A13Q-07,0.7887337285790055,1
TCGA-CH-5768-01A-11R-1580-07,0.6159097433883046,1
TCGA-B0-4846-01A-01R-1277-07,0.3277421068014853,1
TCGA-E2-A2P6-01A-11R-A19W-07,0.6870624483983729,1
TCGA-AK-3434-01A-02R-1277-07,0.3805341339031884,1
TCGA-WW-A8ZI-01A-11R-A37L-07,0.7627366664221507,1
TCGA-56-7730-01A-11R-2125-07,0.5761529820323521,1
TCGA-3A-A9I9-01A-11R-A38C-07,0.39802848143418346,0
TCGA-EP-A2KC-01A-11R-A213-07,0.45874216599702755,1
TCGA-AO-A1KO-01A-31R-A13Q-07,0.8655695003232506,1
TCGA-BH-A18K-01A-11R-A12D-07,0.530780531543047,1
TCGA-D8-A147-01A-11R-A115-07,0.7528761079259139,1
TCGA-24-0979-01A-01R-1565-13,0.48889230399211475,0
TCGA-HC-7821-01A-12R-2118-07,0.6784570752218109,1
TCGA-3A-A9IU-01A-11R-A39D-07,0.5956786238572884,1
TCGA-AC-A3QP-01A-11R-A22U-07,0.824212606537126,1
TCGA-E9-A226-01A-21R-A157-07,0.5824446012439013,1
TCGA-MP-A4T7-01A-11R-A24X-07,0.6027242083529848,1
TCGA-HE-7129-01A-11R-1965-07,0.4521328427835752,1
TCGA-91-7771-01A-11R-2170-07,0.6126778739291323,1
TCGA-CC-A7IK-01A-12R-A33R-07,0.8669757037770055,1
TCGA-AD-6895-01A-11R-1928-07,0.7438057051859494,1
TCGA-2Z-A9JN-01A-21R-A42S-07,0.9044915962090515,1
TCGA-Y8-A898-01A-11R-A355-07,0.3559465650766414,1
TCGA-24-1545-01A-01R-1566-13,0.7595188559244964,1
TCGA-60-2711-01A-01R-0851-07,0.5312534542806014,1
TCGA-US-A77G-01A-11R-A32O-07,0.5942208625297979,1
TCGA-44-5645-01B-04R-A277-07,0.9516189158647373,1
TCGA-23-1109-01A-01R-1564-13,0.5229298967890983,1
TCGA-DD-A1EJ-01A-11R-A155-07,0.6973298002106254,1
TCGA-CK-6748-01A-11R-1839-07,0.8302651348570241,0
TCGA-HE-A5NH-01A-11R-A26U-07,0.37987757663513494,0
TCGA-LL-A50Y-01A-11R-A266-07,0.752565663171785,1
TCGA-BP-5173-01A-01R-1426-07,0.6450734941110752,0
TCGA-V1-A9O7-01A-21R-A41O-07,0.7619720268781424,0
TCGA-L5-A4OJ-01A-11R-A260-31,0.7152822746780878,1
TCGA-05-4434-01A-01R-1206-07,0.5336864731584338,1
TCGA-AZ-4682-01B-01R-A32Z-07,0.4358200168327218,1
TCGA-D8-A1J9-01A-11R-A13Q-07,0.5233082203454557,1
TCGA-CH-5746-01A-11R-1580-07,0.33273712566580693,0
TCGA-KV-A6GD-01A-11R-A31O-07,0.5806419153821497,1
TCGA-B0-4707-01A-01R-1277-07,0.9228181410168994,1
TCGA-58-8393-01A-11R-2326-07,0.5949127807930408,1
TCGA-FV-A495-01A-11R-A266-07,0.39987930339949096,1
TCGA-99-8033-01A-11R-2241-07,0.6032427823101527,1
TCGA-77-8139-01A-11R-2247-07,0.6073425328603197,1
TCGA-ED-A5KG-01A-11R-A27V-07,0.9922859517998209,1
TCGA-94-7033-01A-11R-1949-07,0.7470066662543495,1
TCGA-AA-3530-01A-01R-1022-07,0.587239286831748,1
TCGA-ZG-A9L1-01A-11R-A41O-07,0.8612430198946643,1
TCGA-FR-A3R1-01A-11R-A239-07,0.808789581628988,1
TCGA-2Z-A9JL-01A-11R-A42S-07,0.5664638777612948,1
TCGA-20-0987-01A-02R-1564-13,0.8579785275843319,0
TCGA-59-2363-01A-01R-1569-13,0.6963495145868377,1
TCGA-24-1419-01A-01R-1565-13,0.6822856003424318,1
TCGA-BH-A1FH-01A-12R-A13Q-07,0.7579067234097189,1
TCGA-B6-A0IA-01A-11R-A034-07,0.7940293891927492,1
TCGA-98-7454-01A-11R-2045-07,0.8830775529346293,0
TCGA-5P-A9JZ-01A-11R-A42S-07,0.33044491755308636,1
TCGA-55-6984-01A-11R-1949-07,0.651436492174178,1
TCGA-HC-8264-01B-11R-2403-07,0.7115542319265632,1
TCGA-G4-6314-01A-11R-1723-07,0.7440092377894686,1
TCGA-68-8250-01A-11R-2296-07,0.6203305052279886,1
TCGA-29-1769-01A-01R-1567-13,0.6379074655410072,0
TCGA-EU-5905-01A-11R-1672-07,0.5577995005676838,1
TCGA-F9-A7Q0-01A-11R-A36F-07,0.6777111420316727,1
TCGA-DD-AACN-01A-11R-A41C-07,0.8714583718779774,0
TCGA-A8-A079-01A-21R-A00Z-07,0.6898357515329667,1
TCGA-D8-A1JN-01A-11R-A13Q-07,0.7365521830301486,1
TCGA-A8-A08B-01A-11R-A00Z-07,0.6095922863329654,1
TCGA-JY-A6FD-01A-11R-A336-31,0.41951238303331195,1
TCGA-A8-A086-01A-11R-A00Z-07,0.5037548971680852,1
TCGA-13-2060-01A-01R-1568-13,0.7095550828390146,1
TCGA-HC-8265-01B-04R-2302-07,0.9983582063321415,1
TCGA-S4-A8RP-01A-11R-A36G-07,0.38778627821272676,1
TCGA-A8-A09Z-01A-11R-A00Z-07,0.7998364324844838,1
TCGA-CK-6751-01A-11R-1839-07,0.3793658256535644,0
TCGA-RB-A7B8-01A-12R-A33R-07,0.3933755526731876,1
TCGA-68-7755-01A-11R-2125-07,0.48370476302672544,0
TCGA-66-2759-01A-01R-0851-07,0.4464421807189427,1
TCGA-AA-A00J-01A-02R-A002-07,0.6748715160703334,1
TCGA-L5-A8NL-01A-12R-A37I-31,0.706997679300802,1
TCGA-24-1557-01A-01R-1566-13,0.5735640061612085,1
TCGA-A7-A3IY-01A-21R-A21T-07,0.7370679289490708,1
TCGA-B8-4151-01A-01R-1188-07,0.698570983386468,1
TCGA-61-1914-01A-01R-1567-13,0.6680992671104174,1
TCGA-IG-A3Y9-01A-12R-A24K-31,0.7498306990068859,1
TCGA-L5-A891-01A-11R-A36D-31,0.8460760446853627,1
TCGA-BP-4983-01A-01R-1334-07,0.9693646685347713,1
TCGA-04-1514-01A-01R-1566-13,0.7541570385434292,1
TCGA-NJ-A55A-01A-11R-A262-07,0.563179902652356,1
TCGA-A8-A09I-01A-22R-A034-07,0.5390069261106034,1
TCGA-AR-A251-01A-12R-A169-07,0.8025263648976856,1
TCGA-60-2715-01A-01R-0851-07,0.8212755165248236,1
TCGA-D9-A4Z3-01A-11R-A266-07,0.8297018505248641,1
TCGA-E2-A14Q-01A-11R-A12D-07,0.4872350265042387,0
TCGA-EW-A1P7-01A-21R-A144-07,0.8448695726177975,1
TCGA-HV-AA8X-01A-11R-A39D-07,0.6836398330174572,1
TCGA-ZG-A9L4-01A-11R-A41O-07,0.7066944837424788,1
TCGA-VN-A88L-01A-11R-A352-07,0.46807882476324014,1
TCGA-Z7-A8R5-01A-42R-A41B-07,0.8878034102138808,1
TCGA-IG-A51D-01A-11R-A36D-31,0.5213594818285542,0
TCGA-5P-A9K9-01A-11R-A42S-07,0.9425027084188072,1
TCGA-23-1114-01B-01R-1566-13,0.5810511439047193,1
TCGA-IZ-A6M9-01A-11R-A31O-07,0.5312067513480012,1
TCGA-44-2662-01B-02R-A277-07,0.8868283146440625,1
TCGA-A8-A08C-01A-11R-A00Z-07,0.5256384879601584,1
TCGA-36-1568-01A-01R-1566-13,0.7265258909633888,1
TCGA-MN-A4N1-01A-11R-A24X-07,0.7199111237980047,0
TCGA-C8-A12X-01A-11R-A115-07,0.7300909861803541,1
TCGA-63-5131-01A-01R-1443-07,0.6381942657838678,1
TCGA-G9-6499-01A-12R-1965-07,0.5250506205246402,1
TCGA-L5-A43M-01A-11R-A24K-31,0.8400242143678812,1
TCGA-C8-A275-01A-21R-A16F-07,0.6630476112873788,1
TCGA-A6-5664-01A-21R-1839-07,0.7667631084430873,0
TCGA-4B-A93V-01A-11R-A39D-07,0.8198542590378091,1
TCGA-G9-6364-01A-21R-1789-07,0.6923793815923082,1
TCGA-YH-A8SY-01A-11R-A37L-07,0.5244802125766733,1
TCGA-BP-4760-01A-02R-1420-07,0.7395644107063386,1
TCGA-DD-AAVU-01A-11R-A41C-07,0.28529759274352084,1
TCGA-XN-A8T5-01A-12R-A36G-07,0.44367946564325333,0
TCGA-55-8207-01A-11R-2241-07,0.6049148717100447,1
TCGA-DD-AAVV-01A-11R-A41C-07,0.6575976291476793,1
TCGA-FV-A2QR-01A-11R-A213-07,0.581220790383274,1
TCGA-DD-AAEE-01A-11R-A41C-07,0.3582352385371654,1
TCGA-B8-5159-01A-01R-1420-07,0.5372919174118229,1
TCGA-2A-A8VX-01A-11R-A37L-07,0.6912096761056601,0
TCGA-AA-A03F-01A-11R-A16W-07,0.8473329322340036,1
TCGA-91-8497-01A-11R-2403-07,0.6241839687189622,1
TCGA-EW-A1OV-01A-11R-A144-07,0.7161969912329441,0
TCGA-XP-A8T8-01A-11R-A36D-31,0.4631417552514535,1
TCGA-61-1736-01B-01R-1568-13,0.6447217883027871,0
TCGA-20-1682-01A-01R-1564-13,0.8334771739717703,1
TCGA-FB-AAPQ-01A-11R-A41B-07,0.7765218693894119,1
TCGA-AA-3950-01A-02R-1022-07,0.8613324853843084,1
TCGA-CK-4951-01A-01R-1410-07,0.6616630601090256,1
TCGA-BH-A0RX-01A-21R-A084-07,0.8329803920422593,0
TCGA-CJ-5671-01A-11R-1541-07,0.5914447657226831,1
TCGA-EW-A1IY-01A-11R-A13Q-07,0.6477933932346592,1
TCGA-E2-A1IE-01A-11R-A13Q-07,0.5296109124602975,1
TCGA-HI-7170-01A-11R-2118-07,0.7475263352893575,0
TCGA-A3-A6NL-01A-11R-A33J-07,0.3045954646297492,1
TCGA-EW-A1PD-01A-11R-A144-07,0.5616896770190011,1
TCGA-B6-A0IO-01A-11R-A034-07,0.5972767350310035,0
TCGA-50-5931-01A-11R-1755-07,0.8946858205471083,1
TCGA-HZ-A4BH-01A-11R-A26U-07,0.6045033601458223,1
TCGA-ZG-A9KY-01A-11R-A41O-07,0.9180194702787307,1
TCGA-EJ-5507-01A-01R-1580-07,0.8793167611333489,1
TCGA-CH-5751-01A-11R-1580-07,0.9890812437995234,1
TCGA-AA-3844-01A-01R-1022-07,0.401310740059738,1
TCGA-EB-A57M-01A-51R-A311-07,0.44495082748332754,1
TCGA-BP-4351-01A-01R-1289-07,0.6288891759472995,0
TCGA-DD-A11B-01A-11R-A131-07,0.649757267005271,1
TCGA-BQ-7045-01A-31R-1965-07,0.5388397232196158,0
TCGA-BH-A0BD-01A-11R-A034-07,0.5174822631599924,1
TCGA-BQ-5881-01A-11R-1592-07,0.5277459854652905,1
TCGA-25-1871-01A-01R-1567-13,0.6727595768470624,1
TCGA-61-1740-01A-01R-1567-13,0.6652385274731271,1
TCGA-33-AASJ-01A-11R-A405-07,0.5604496819110668,1
TCGA-CC-A123-01A-11R-A131-07,0.5462863432429776,1
TCGA-YG-AA3N-01A-11R-A38C-07,0.36965024475029523,0
TCGA-E2-A156-01A-11R-A12D-07,0.44406832806690055,0
TCGA-EW-A1PB-01A-11R-A144-07,0.9139670152952002,0
TCGA-XK-AAJT-01A-11R-A41O-07,0.5954716135126583,1
TCGA-EB-A550-01A-61R-A27Q-07,0.9449262469317129,1
TCGA-S3-A6ZF-01A-32R-A32P-07,0.551640716316735,1
TCGA-13-1408-01A-01R-1565-13,0.6347051030034162,1
TCGA-29-1690-01A-01R-1566-13,0.9004255770217905,1
TCGA-05-4425-01A-01R-1755-07,0.6483172151679718,1
TCGA-X8-AAAR-01A-11R-A406-31,0.8220921905639803,1
TCGA-JL-A3YX-01A-11R-A22U-07,0.6895011238662873,1
TCGA-IG-A3YA-01A-11R-A24K-31,0.6558674193058195,0
TCGA-HV-AA8V-01A-11R-A41B-07,0.3802868431958117,1
TCGA-IB-AAUO-01A-12R-A38C-07,0.673361058210676,1
TCGA-B6-A0I8-01A-11R-A034-07,0.6241548004823366,1
TCGA-FB-A545-01A-11R-A26U-07,0.6632983823393211,1
TCGA-BH-A18H-01A-11R-A12D-07,0.5986602893422288,1
TCGA-AK-3445-01A-02R-1277-07,0.6143614223364573,1
TCGA-25-1317-01A-01R-1565-13,0.5888430309331447,1
TCGA-BP-5200-01A-01R-1426-07,0.5109445446161965,1
TCGA-E9-A5FK-01A-11R-A27Q-07,0.866386917533926,1
TCGA-BH-A1EW-01A-11R-A137-07,0.5065495899697141,1
TCGA-NC-A5HN-01A-11R-A26W-07,0.5084514797880344,1
TCGA-13-0760-01A-01R-1564-13,0.7763328981040712,0
TCGA-AA-3970-01A-01R-1022-07,0.5739463892381339,0
TCGA-YL-A9WI-01A-11R-A37L-07,0.8109556775298395,1
TCGA-AA-A01T-01A-21R-A16W-07,0.6605513197268467,1
TCGA-AN-A0G0-01A-11R-A034-07,0.8122230418118179,1
TCGA-77-A5GB-01B-11R-A27Q-07,0.6521568407453945,1
TCGA-85-8481-01A-11R-2326-07,0.6705395544508375,0
TCGA-E2-A107-01A-11R-A10J-07,0.6067408925368011,1
TCGA-J2-8192-01A-11R-2241-07,0.607429999333761,1
TCGA-Z7-A8R6-01A-11R-A41B-07,0.6346767092060556,1
TCGA-B8-4153-01B-11R-1672-07,0.460603602862121,1
TCGA-BH-A0AY-01A-21R-A00Z-07,0.5825828131305655,1
TCGA-A1-A0SQ-01A-21R-A144-07,0.6343586298190554,1
TCGA-22-5477-01A-01R-1635-07,0.5321266887068805,1
TCGA-AA-A02K-01A-03R-A32Y-07,0.616796098768799,1
TCGA-AA-3531-01A-01R-0821-07,0.4703755749581855,1
TCGA-85-8351-01A-11R-2296-07,0.5601952027503447,1
TCGA-R6-A8WG-01A-11R-A37I-31,0.715057312222631,1
TCGA-2J-AABR-01A-11R-A41B-07,0.3671333157954317,1
TCGA-CJ-4884-01A-01R-1305-07,0.4983574467947768,1
TCGA-XV-A9W2-01A-11R-A39D-07,0.8364873075492906,1
TCGA-DD-A11A-01A-11R-A131-07,0.5214691598677523,0
TCGA-38-4631-01A-01R-1755-07,0.8578630342007236,1
TCGA-V1-A8MM-01A-11R-A37L-07,0.6922366021215421,1
TCGA-13-0726-01A-01R-1564-13,0.749343085860692,1
TCGA-HZ-8005-01A-11R-2204-07,0.8177541997730465,1
TCGA-BH-A18J-01A-11R-A12D-07,0.595437735115917,1
TCGA-60-2708-01A-01R-0851-07,0.6247889749429103,1
TCGA-AO-A1KT-01A-11R-A13Q-07,0.6147329093886906,1
TCGA-A2-A3KC-01A-11R-A213-07,0.5461012378309124,1
TCGA-EJ-5498-01A-01R-1580-07,0.8439027486393637,1
TCGA-AO-A0JF-01A-11R-A056-07,0.5354693751701797,1
TCGA-E9-A1R6-01A-11R-A14D-07,0.5916844712878886,1
TCGA-A7-A0CD-01A-11R-A00Z-07,0.4950877616694838,0
TCGA-29-1699-01A-01R-1567-13,0.6527950500470133,1
TCGA-CJ-6028-01A-11R-1672-07,0.7462605468481237,1
TCGA-24-1843-01A-01R-1567-13,0.589989571513656,1
TCGA-AA-A01R-01A-21R-A083-07,0.7659951525654901,1
TCGA-G9-A9S0-01A-11R-A41O-07,0.8559089698601081,1
TCGA-XV-AAZY-01A-12R-A40A-07,0.22691598439823005,0
TCGA-AK-3465-01A-02R-1325-07,0.9807393919713596,1
TCGA-AA-3812-01A-01R-0905-07,0.88006615755281,1
TCGA-77-A5GF-01A-21R-A27Q-07,0.4030598664877102,0
TCGA-HC-A4ZV-01A-11R-A26U-07,0.9197993384131068,1
TCGA-H9-7775-01A-11R-2118-07,0.3855522951632716,0
TCGA-60-2696-01A-01R-0851-07,0.7090372505114915,1
TCGA-13-0900-01B-01R-1565-13,0.7258205992026913,1
TCGA-85-8666-01A-11R-2403-07,0.4451058581999997,1
TCGA-4H-AAAK-01A-12R-A41B-07,0.5531693685738976,0
TCGA-BH-A0BC-01A-22R-A084-07,0.5739051158294962,0
TCGA-C8-A3M7-01A-12R-A21T-07,0.6472911563278944,0
TCGA-AR-A2LN-01A-21R-A18M-07,0.7617487190702732,1
TCGA-2Z-A9J5-01A-21R-A38C-07,0.46638434473754686,1
TCGA-AA-A01X-01A-21R-A083-07,0.8247618015924918,1
TCGA-C8-A134-01A-11R-A115-07,0.8048342277480789,1
TCGA-HV-A5A6-01A-11R-A26U-07,0.6808895169039508,0
TCGA-D8-A140-01A-11R-A115-07,0.48321835240202266,1
TCGA-F9-A4JJ-01A-11R-A24Z-07,0.955113480302451,1
TCGA-AR-A24O-01A-11R-A169-07,0.5731789434751335,1
TCGA-G3-AAUZ-01A-11R-A38B-07,0.30140117076180567,1
TCGA-63-A5MM-01A-11R-A26W-07,0.7908935724366171,1
TCGA-AN-A0FN-01A-11R-A034-07,0.7298454230923274,1
TCGA-GL-A59R-01A-11R-A26U-07,0.2937737531215122,1
TCGA-2H-A9GG-01A-11R-A37I-31,0.8916106326304079,1
TCGA-C8-A130-01A-31R-A115-07,0.6880261497919861,1
TCGA-2H-A9GF-01A-11R-A37I-31,0.7077175297802967,0
TCGA-55-5899-01A-11R-1628-07,0.8364445058730976,1
TCGA-B0-4713-01A-01R-1277-07,0.8475604636673612,1
TCGA-A8-A09Q-01A-11R-A00Z-07,0.5733170145866214,1
TCGA-VR-AA4D-01A-11R-A37I-31,0.7047435618055304,0
TCGA-36-1578-01A-01R-1566-13,0.7963201734903662,1
TCGA-AR-A1AY-01A-21R-A12P-07,0.7463566711526904,1
TCGA-86-8278-01A-11R-2287-07,0.5583413616461694,0
TCGA-A2-A0YK-01A-22R-A109-07,0.6553544075329072,1
TCGA-78-7163-01A-12R-2066-07,0.880372544322065,1
TCGA-A8-A06R-01A-11R-A00Z-07,0.7197655480704797,1
TCGA-HC-7752-01A-11R-2118-07,0.9017328446835183,1
TCGA-A8-A07J-01A-11R-A00Z-07,0.6120099297356106,1
TCGA-HC-7749-01A-11R-2118-07,0.361361711876958,0
TCGA-HC-A6HX-01A-11R-A31N-07,0.8858186460570904,1
TCGA-56-A4BW-01A-11R-A24H-07,0.6211908583303172,1
TCGA-BP-4162-01A-02R-1325-07,0.3503713827743519,1
TCGA-34-7107-01A-11R-1949-07,0.45963540034653905,1
TCGA-DD-AAE4-01A-11R-A41C-07,0.4032679348170235,1
TCGA-13-1510-01A-02R-1565-13,0.6568628378259398,1
TCGA-57-1585-01A-01R-1566-13,0.7279697834608466,1
TCGA-56-8305-01A-11R-2296-07,0.43310450420002256,1
TCGA-CJ-4874-01A-01R-1305-07,0.3309558517410933,1
TCGA-B6-A0RH-01A-21R-A115-07,0.6431754068599641,0
TCGA-HZ-A77O-01A-11R-A33R-07,0.6481032746193502,1
TCGA-24-1463-01A-01R-1566-13,0.7339087071373565,1
TCGA-A8-A07S-01A-11R-A034-07,0.4464022585672605,1
TCGA-3C-AAAU-01A-11R-A41B-07,0.6858623862232576,1
TCGA-AO-A03M-01B-11R-A10J-07,0.5890845249136094,1
TCGA-73-4659-01A-01R-1206-07,0.5257101195648368,1
TCGA-CZ-5453-01A-01R-1503-07,0.5399377910665577,1
TCGA-94-8035-01A-11R-2247-07,0.4113585748828478,1
TCGA-39-5031-01A-01R-1443-07,0.5936933016260895,1
TCGA-75-5146-01A-01R-1628-07,0.6904828426165386,1
TCGA-YL-A8S8-01A-11R-A37L-07,0.7534238825228983,0
TCGA-77-A5G6-01A-11R-A27Q-07,0.5548672984849603,1
TCGA-A7-A4SF-01A-11R-A266-07,0.749225933720166,1
TCGA-EB-A553-01A-12R-A27Q-07,0.6979306964414359,1
TCGA-AA-3939-01A-01R-1022-07,0.6466276301441772,1
TCGA-E2-A14N-01A-31R-A137-07,0.8445324002154031,1
TCGA-CJ-6030-01A-11R-1672-07,0.4691941389225504,1
TCGA-J4-A67M-01A-11R-A30B-07,0.7958490809251828,1
TCGA-BP-5198-01A-01R-1426-07,0.6792327393216376,1
TCGA-NK-A7XE-01A-12R-A405-07,0.7268052223873345,1
TCGA-HC-7209-01A-11R-2118-07,0.6304583620119023,1
TCGA-HZ-8315-01A-11R-2404-07,0.48985101089218147,1
TCGA-86-8076-01A-31R-2241-07,0.528946517997996,1
TCGA-A6-6650-01A-11R-A278-07,0.8139525542269027,1
TCGA-62-A46U-01A-11R-A24H-07,0.58848768472719,1
TCGA-BH-A18U-01A-21R-A12D-07,0.609389158233225,1
TCGA-55-6712-01A-11R-1858-07,0.6325151971606762,1
TCGA-BP-4761-01A-01R-1289-07,0.9869487329475557,1
TCGA-D8-A1XK-01A-21R-A14M-07,0.8352390333012247,1
TCGA-63-A5MI-01A-12R-A27Q-07,0.5701975855470351,1
TCGA-MP-A4TF-01A-11R-A262-07,0.6881298112401293,1
TCGA-DD-AACF-01A-11R-A41C-07,0.43355539603133103,1
TCGA-ZG-A9LZ-01A-11R-A41O-07,0.6909958215025823,1
TCGA-05-4250-01A-01R-1107-07,0.6807766460219589,1
TCGA-95-A4VP-01A-21R-A262-07,0.6472034157754595,1
TCGA-AA-3877-01A-01R-1022-07,0.6789514747235056,1
TCGA-AK-3426-01A-02R-1325-07,0.9481206877212518,1
TCGA-A3-3382-01A-02R-1325-07,0.6760924708392945,1
TCGA-IC-A6RE-01A-11R-A336-31,0.790092488562725,0
TCGA-A8-A08O-01A-21R-A056-07,0.4476730703930965,1
TCGA-B9-A5W7-01A-11R-A31O-07,0.3611163044571782,0
TCGA-33-A5GW-01A-11R-A27Q-07,0.5508169043652933,0
TCGA-G3-AAV7-01A-11R-A38B-07,0.9475193224720604,0
TCGA-5P-A9K8-01A-11R-A42S-07,0.880032074439818,1
TCGA-BP-5007-01A-01R-1334-07,0.24882276375645354,0
TCGA-A3-3365-01A-01R-0864-07,0.5593673660251062,1
TCGA-44-7659-01A-11R-2066-07,0.6251078205371398,1
TCGA-61-2003-01A-01R-1568-13,0.7557097519080691,1
TCGA-D5-6898-01A-11R-1928-07,0.6252244073252425,1
TCGA-GM-A2DC-01A-11R-A18M-07,0.8151580146599988,1
TCGA-5P-A9KF-01A-11R-A42S-07,0.39058309465542984,1
TCGA-BP-4161-01A-02R-1325-07,0.35657518707249053,1
TCGA-36-1576-01A-01R-1566-13,0.7454049273612824,1
TCGA-DD-A4NK-01A-11R-A28V-07,0.406366101690143,1
TCGA-CJ-4901-01A-01R-1426-07,0.7085754988870794,1
TCGA-MI-A75I-01A-11R-A32O-07,0.49928875834178277,1
TCGA-29-2414-01A-02R-1569-13,0.5871387481892175,0
TCGA-BH-A0GY-01A-11R-A056-07,0.555703389152863,0
TCGA-97-8175-01A-11R-2287-07,0.6260376176364189,1
TCGA-AL-3472-01A-01R-1193-07,0.5800086745042079,1
TCGA-HZ-A77P-01A-11R-A33R-07,0.5565731334890055,1
TCGA-A3-3352-01A-01R-0864-07,0.27320025985129753,0
TCGA-A7-A26G-01A-21R-A169-07,0.7618075107310789,0
TCGA-AO-A0JC-01A-11R-A056-07,0.903803055067278,1
TCGA-AA-3875-01A-01R-0905-07,0.44852596786974497,1
TCGA-D8-A1JJ-01A-31R-A14M-07,0.5334729636662398,1
TCGA-Y6-A8TL-01A-21R-A37L-07,0.23834280544535053,0
TCGA-J4-A6G3-01A-11R-A311-07,0.7115613251769048,1
TCGA-13-0768-01A-01R-1569-13,0.8681900551178457,1
TCGA-A7-A6VW-01A-21R-A33J-07,0.9255853670830015,1
TCGA-J9-A8CP-01A-11R-A352-07,0.5179543546979706,1
TCGA-P4-AAVK-01A-11R-A42S-07,0.5080518192169665,1
TCGA-B0-5709-01A-11R-1541-07,0.53835457795073,1
TCGA-B6-A0RV-01A-11R-A084-07,0.5092210488879745,1
TCGA-AA-A01V-01A-23R-A083-07,0.5788500383914016,0
TCGA-G9-7510-01A-11R-2263-07,0.3474937983248173,0
TCGA-D8-A73U-01A-11R-A33J-07,0.8050280998961453,0
TCGA-DD-AAEK-01A-11R-A41C-07,0.6507791593390558,1
TCGA-B0-5698-01A-11R-1672-07,0.4636572243474867,1
TCGA-KC-A4BL-01A-31R-A250-07,0.6576362153167321,1
TCGA-EJ-A7NM-01A-21R-A33R-07,0.8040584007090356,1
TCGA-B2-5639-01A-01R-1541-07,0.6932016055508334,1
TCGA-BH-A8FZ-01A-11R-A352-07,0.7344384649926975,0
TCGA-22-5474-01A-01R-1635-07,0.5132765725114407,1
TCGA-E2-A1IL-01A-11R-A14D-07,0.4805224224306402,0
TCGA-D8-A1XV-01A-11R-A14M-07,0.6367231338658852,1
TCGA-2Z-A9J3-01A-12R-A38C-07,0.6206304001518059,1
TCGA-L5-A4OP-01A-11R-A260-31,0.793291103730175,1
TCGA-AO-A129-01A-21R-A10J-07,0.8163970798711258,0
TCGA-B6-A0RL-01A-11R-A084-07,0.6677919485698545,1
TCGA-61-1743-01A-01R-1568-13,0.5504231593401241,1
TCGA-R6-A6Y0-01B-11R-A336-31,0.5553568325296151,1
TCGA-77-7463-01A-11R-2045-07,0.5218373215523721,1
TCGA-DD-AADW-01A-11R-A39D-07,0.9289603160744152,1
TCGA-AR-A1AP-01A-11R-A12P-07,0.5670225768835017,1
TCGA-A2-A25F-01A-11R-A169-07,0.8424923881823388,0
TCGA-AA-3862-01A-01R-1022-07,0.506077417992191,1
TCGA-G4-6306-01A-11R-1774-07,0.4384270266891413,1
TCGA-EB-A3XC-01A-11R-A239-07,0.8318520283877829,0
TCGA-34-5927-01A-11R-1820-07,0.6380562793244176,1
TCGA-AA-A017-01A-01R-A00A-07,0.5761487504106946,1
TCGA-A4-A5XZ-01A-11R-A31O-07,0.36865552217193703,1
TCGA-E2-A1LS-01A-12R-A157-07,0.8735731976744628,1
TCGA-L5-A8NV-01A-11R-A37I-31,0.7163813640069787,1
TCGA-5P-A9KE-01A-11R-A42S-07,0.27313911890036097,0
TCGA-61-1724-01A-01R-1568-13,0.7217093203824156,1
TCGA-VR-A8EP-01A-31R-A406-31,0.570717081251984,1
TCGA-YL-A8SL-01B-21R-A37L-07,0.8640784140799247,1
TCGA-G4-6310-01A-11R-1723-07,0.8585337998990474,1
TCGA-G3-AAV2-01A-11R-A37K-07,0.43725700140699725,1
TCGA-OL-A5RV-01A-12R-A28M-07,0.5654026627536773,0
TCGA-KK-A8I6-01A-11R-A36G-07,0.30630312491932776,0
TCGA-BH-A0B6-01A-11R-A19W-07,0.7758221214187615,1
TCGA-G7-6789-01A-11R-1965-07,0.9309203008083246,1
TCGA-G9-A9S7-01A-11R-A41O-07,0.4824531133632192,0
TCGA-78-8640-01A-11R-2403-07,0.7481124482833148,1
TCGA-55-6971-01A-11R-1949-07,0.5277600611888823,1
TCGA-DD-AAW2-01A-11R-A41C-07,0.42276170710448324,1
TCGA-HV-A5A4-01A-11R-A26U-07,0.3752405498417027,1
TCGA-BP-4355-01A-01R-1289-07,0.5896802739746261,1
TCGA-R6-A8W5-01B-11R-A37I-31,0.690690123758494,1
TCGA-CH-5752-01A-11R-1580-07,0.9216104572992395,1
TCGA-A7-A3RF-01A-11R-A22K-07,0.8446540860470373,1
TCGA-ED-A8O5-01A-11R-A36F-07,0.8225760145120463,1
TCGA-AA-3522-01A-01R-0821-07,0.6678237752704995,1
TCGA-ER-A42H-01A-11R-A24X-07,0.7236321496771728,1
TCGA-AL-3467-01A-02R-1351-07,0.9714686985753966,1
TCGA-55-8513-01A-11R-2403-07,0.6138475667019879,1
TCGA-AD-6901-01A-11R-1928-07,0.8770077657112755,0
TCGA-29-1694-01A-01R-1567-13,0.7466575545086954,0
TCGA-LN-A49V-01A-11R-A24K-31,0.7876477983361232,1
TCGA-55-6968-01A-11R-1949-07,0.8162235157097028,1
TCGA-A4-8517-01A-11R-2404-07,0.3142285541032033,1
TCGA-CZ-5461-01A-01R-1503-07,0.4149059643294118,1
TCGA-D8-A1XZ-01A-11R-A14M-07,0.5887923216031185,0
TCGA-AA-A00W-01A-01R-A002-07,0.33396693942312056,1
TCGA-BP-4804-01A-02R-1305-07,0.47866444203701614,1
TCGA-OL-A66J-01A-11R-A29R-07,0.7295177762354814,1
TCGA-AY-4070-01A-01R-1113-07,0.8242796656507398,1
TCGA-V1-A8WW-01A-11R-A37L-07,0.8591709277496618,1
TCGA-B6-A40B-01A-11R-A239-07,0.7409490525831998,1
TCGA-LN-A49U-01A-31R-A260-31,0.45093286351092976,1
TCGA-AO-A03U-01B-21R-A10J-07,0.8749228536134266,1
TCGA-E2-A105-01A-11R-A10J-07,0.6103114060015926,1
TCGA-CW-6097-01A-11R-1672-07,0.7921078075834496,0
TCGA-2Y-A9GS-01A-12R-A38B-07,0.664861885998852,1
TCGA-EW-A1J6-01A-11R-A13Q-07,0.8069527977323383,0
TCGA-E9-A1RD-01A-11R-A157-07,0.4140104461807715,1
TCGA-AD-A5EK-01A-11R-A28H-07,0.6703105613247223,1
TCGA-2K-A9WE-01A-11R-A38C-07,0.627160551444907,1
TCGA-EJ-A7NF-01A-11R-A33R-07,0.36510135818652517,1
TCGA-61-1721-01A-01R-1569-13,0.974866035159952,1
TCGA-BP-4346-01A-01R-1289-07,0.5697185273359995,1
TCGA-AA-3989-01A-01R-1022-07,0.43110725877490363,1
TCGA-61-1998-01A-01R-1568-13,0.48676438522427534,0
TCGA-05-4244-01A-01R-1107-07,0.609667063036986,1
TCGA-B8-A54K-01A-11R-A33J-07,0.8274509884474668,1
TCGA-5R-AA1D-01A-11R-A38B-07,0.9645364472744035,1
TCGA-34-5928-01A-11R-1820-07,0.6926958325570781,1
TCGA-BH-A0HQ-01A-11R-A034-07,0.44308033996176255,1
TCGA-CM-4746-01A-01R-1410-07,0.5937225526041017,1
TCGA-50-6593-01A-11R-1755-07,0.46806733767659603,1
TCGA-DV-A4W0-01A-11R-A266-07,0.5093390753875531,1
TCGA-25-1634-01A-01R-1566-13,0.6202742139872464,0
TCGA-50-6597-01A-11R-1858-07,0.8904952126922197,1
TCGA-AY-A54L-01A-11R-A28H-07,0.44763442890301486,0
TCGA-BP-4774-01A-01R-1289-07,0.4356164669519361,1
TCGA-66-2789-01A-01R-0980-07,0.7397377151278958,0
TCGA-DM-A1D4-01A-21R-A155-07,0.5658624848822705,1
TCGA-86-7701-01A-11R-2170-07,0.643165808658804,1
TCGA-21-1076-01A-02R-0692-07,0.7494442888488604,1
TCGA-AR-A0TX-01A-11R-A084-07,0.6236872691788513,1
TCGA-23-1116-01A-01R-1564-13,0.7862246861391565,1
TCGA-ZP-A9D0-01A-11R-A37K-07,0.5130450200693649,1
TCGA-CH-5743-01A-21R-1580-07,0.9112076794266051,0
TCGA-2A-AAYU-01A-11R-A41O-07,0.2646081778710665,1
TCGA-25-1323-01A-01R-1565-13,0.481689043221889,1
TCGA-R6-A6Y2-01B-11R-A336-31,0.7500005698093603,1
TCGA-DD-A1EC-01A-21R-A131-07,0.9641537162705611,1
TCGA-E2-A1BC-01A-11R-A12P-07,0.5834853628876757,1
TCGA-DD-AADN-01A-11R-A41C-07,0.6141005082664196,1
TCGA-KK-A8ID-01A-11R-A36G-07,0.7192158563905818,1
TCGA-A2-A4RW-01A-21R-A266-07,0.6296009421659998,1
TCGA-56-7822-01A-11R-2125-07,0.7781302606225039,0
TCGA-O2-A52W-01A-11R-A26W-07,0.5901040948922575,1
TCGA-UL-AAZ6-01A-11R-A41B-07,0.789595177215759,1
TCGA-YL-A8HO-01A-11R-A36G-07,0.6669752493180434,1
TCGA-13-0765-01A-01R-1564-13,0.776202463477943,0
TCGA-55-6979-01A-11R-1949-07,0.5598141380941073,1
TCGA-IB-7888-01A-11R-2156-07,0.7159471103783331,1
TCGA-AQ-A54O-01A-11R-A266-07,0.8655864972247777,1
TCGA-HC-7744-01A-11R-2118-07,0.749781514682814,1
TCGA-BP-4974-01A-01R-1334-07,0.6593450581161708,1
TCGA-A3-3367-01A-02R-1420-07,0.2881417740874228,1
TCGA-2H-A9GO-01A-11R-A37I-31,0.7606858252421824,1
TCGA-EJ-5522-01A-01R-1580-07,0.8066721803809387,1
TCGA-61-1919-01A-01R-1568-13,0.6232106231626813,1
TCGA-TP-A8TT-01A-12R-A41O-07,0.602338549534635,1
TCGA-AN-A0FJ-01A-11R-A00Z-07,0.8613450116118584,1
TCGA-B0-5696-01A-11R-1541-07,0.640313460596947,1
TCGA-CZ-4856-01A-02R-1426-07,0.3141232092686647,1
TCGA-A8-A075-01A-11R-A084-07,0.5208494081339375,0
TCGA-90-A4ED-01A-31R-A24Z-07,0.9280049750488177,1
TCGA-44-2657-01A-01R-1107-07,0.5209974292381692,0
TCGA-MP-A4TD-01A-32R-A262-07,0.673178309395866,1
TCGA-XR-A8TG-01A-11R-A36F-07,0.7286325972690513,1
TCGA-33-4533-01A-01R-1201-07,0.7845035468687717,1
TCGA-55-8514-01A-11R-2403-07,0.7641671548601208,1
TCGA-25-1316-01A-01R-1565-13,0.8634581971950868,1
TCGA-EB-A6R0-01A-12R-A32P-07,0.8178439255996429,1
TCGA-Y8-A8S1-01A-11R-A37K-07,0.8725615905596088,1
TCGA-B0-5120-01A-01R-1420-07,0.37222145851213645,1
TCGA-KR-A7K0-01A-12R-A33R-07,0.4356065470501472,0
TCGA-50-5944-01A-11R-1755-07,0.6376315997878425,1
TCGA-99-AA5R-01A-11R-A39D-07,0.6768831728839887,1
TCGA-CZ-5452-01A-01R-1503-07,0.7775735071025395,1
TCGA-XJ-A9DX-01A-11R-A37L-07,0.8471767723031928,0
TCGA-B6-A0IM-01A-11R-A034-07,0.5230371078733546,1
TCGA-61-2012-01A-01R-1568-13,0.7393284928967595,1
TCGA-2Z-A9J2-01A-11R-A38C-07,0.7942024942644483,1
TCGA-AC-A6NO-01A-12R-A33J-07,0.5898032875878316,1
TCGA-E9-A1N4-01A-11R-A14M-07,0.6671642913108486,1
TCGA-DZ-6134-01A-11R-1965-07,0.6633316543090677,1
TCGA-20-1685-01A-01R-1566-13,0.5800420335442579,0
TCGA-BH-A0AZ-01A-21R-A12P-07,0.6588952586450451,1
TCGA-55-7227-01A-11R-2039-07,0.4704203064598988,1
TCGA-34-5231-01A-21R-1820-07,0.5716496707133414,1
TCGA-DD-AAE2-01A-11R-A41C-07,0.5314506460093428,1
TCGA-AC-A62Y-01A-11R-A29R-07,0.6622832959171184,0
TCGA-A7-A425-01A-11R-A24H-07,0.7630527272026572,1
TCGA-AD-6548-01A-11R-1839-07,0.43172413705798407,1
TCGA-AC-A3W6-01A-12R-A22K-07,0.7318260118405984,0
TCGA-EB-A5UM-01A-11R-A311-07,0.6239275140284334,1
TCGA-EW-A6SA-01A-21R-A32P-07,0.715264120869359,1
TCGA-64-5779-01A-01R-1628-07,0.6422768443926177,0
TCGA-DD-A114-01A-11R-A131-07,0.982556990025366,1
TCGA-85-8052-01A-11R-2247-07,0.4438991366732685,1
TCGA-A2-A0T4-01A-31R-A084-07,0.5383044825499049,0
TCGA-DD-A3A2-01A-11R-A213-07,0.42088700293416365,1
TCGA-E2-A1B4-01A-11R-A12P-07,0.7404021351145836,1
TCGA-HV-A5A3-01A-11R-A26U-07,0.6334460840545603,1
TCGA-78-7167-01A-11R-2066-07,0.7679894928035843,1
TCGA-85-8479-01A-11R-2326-07,0.764197189068293,1
TCGA-XR-A8TE-01A-11R-A36F-07,0.846337427016698,1
TCGA-BP-4971-01A-01R-1334-07,0.8427434476123747,0
TCGA-EJ-7786-01A-11R-2118-07,0.3478303359473134,1
TCGA-25-1320-01A-01R-1565-13,0.630632452019393,1
TCGA-E2-A15S-01A-11R-A115-07,0.6778450458823054,1
TCGA-D9-A3Z4-01A-11R-A239-07,0.7961112164674081,1
TCGA-98-A53D-01A-32R-A262-07,0.9762967507822032,1
TCGA-DW-7839-01A-11R-2139-07,0.884583447816143,1
TCGA-86-8671-01A-11R-2403-07,0.5894830821181242,1
TCGA-B8-A54H-01A-11R-A33J-07,0.3902682530980141,1
TCGA-ZS-A9CF-01A-11R-A38B-07,0.7291202356660357,1
TCGA-50-5930-01A-11R-1755-07,0.5688599374461345,1
TCGA-73-4676-01A-01R-1755-07,0.7049230229778038,0
TCGA-2A-AAYF-01A-11R-A41O-07,0.3333992556498286,1
TCGA-G9-6366-01A-11R-2118-07,0.7067498379503274,1
TCGA-56-7582-01A-11R-2045-07,0.46051356080581846,1
TCGA-CJ-4916-01A-01R-1426-07,0.41093630004942944,1
TCGA-B2-3924-01A-02R-1325-07,0.42178455954330596,1
TCGA-NJ-A55O-01A-11R-A262-07,0.5031633099538719,1
TCGA-G3-A25V-01A-11R-A16W-07,0.4785582918006325,0
TCGA-A6-A567-01A-31R-A28H-07,0.761697254130595,1
TCGA-55-7907-01A-11R-2170-07,0.5916524874222103,1
TCGA-E2-A1LA-01A-11R-A144-07,0.6434633586456447,1
TCGA-97-A4M5-01A-11R-A24X-07,0.5291741558294187,1
TCGA-CA-6716-01A-11R-1839-07,0.7936015601738852,1
TCGA-66-2756-01A-01R-0851-07,0.8740129104712759,0
TCGA-69-7763-01A-11R-2170-07,0.5746069002321874,0
TCGA-FV-A3I1-01A-11R-A22L-07,0.6086404224277774,1
TCGA-A4-A48D-01A-11R-A24Z-07,0.6456262683719368,1
TCGA-30-1892-01A-01R-1568-13,0.7390517251757075,1
TCGA-S2-AA1A-01A-12R-A39D-07,0.6656437876266862,1
TCGA-AN-A0XT-01A-11R-A109-07,0.6449801348726684,1
TCGA-60-2726-01A-01R-0851-07,0.8087569275768118,1
TCGA-63-A5MV-01A-21R-A26W-07,0.7235317727464339,1
TCGA-HC-A6AL-01A-11R-A30B-07,0.7553063428127458,1
TCGA-24-1560-01A-01R-1566-13,0.6945217426356137,0
TCGA-A2-A0EU-01A-22R-A056-07,0.5329478817895054,1
TCGA-KK-A7AP-01A-12R-A33R-07,0.7931811801283426,1
TCGA-44-6146-01A-11R-A278-07,0.8505222283787811,1
TCGA-62-A472-01A-11R-A24H-07,0.6003296692807667,1
TCGA-56-8622-01A-11R-2403-07,0.868642808484729,1
TCGA-B0-4819-01A-01R-1277-07,0.7923710283890475,1
TCGA-BP-5176-01A-01R-1426-07,0.5676401275069315,1
TCGA-63-A5MP-01A-11R-A26W-07,0.5332506906160401,0
TCGA-XK-AAK1-01A-11R-A41O-07,0.7087440783651403,1
TCGA-78-7158-01A-11R-2039-07,0.7459954681584854,1
TCGA-AA-3678-01A-01R-0905-07,0.39583609077875453,1
TCGA-HI-7171-01A-12R-2118-07,0.7286405631434704,1
TCGA-LN-A4A2-01A-31R-A260-31,0.3018291651950741,1
TCGA-D8-A1JE-01A-11R-A13Q-07,0.5530313507557408,1
TCGA-B8-5552-01B-11R-1672-07,0.39616721990340065,1
TCGA-A8-A09V-01A-11R-A034-07,0.43371813258671876,0
TCGA-HZ-A49H-01A-11R-A26U-07,0.5809901866771431,1
TCGA-IG-A97I-01A-11R-A38D-31,0.5673182399648913,1
TCGA-D8-A1JT-01A-31R-A13Q-07,0.6678120707574006,1
TCGA-BP-4782-01A-02R-1420-07,0.41522095505463885,1
TCGA-A2-A0CQ-01A-21R-A034-07,0.716603679971513,1
TCGA-G3-A25U-01A-11R-A16W-07,0.6688779956721151,1
TCGA-BQ-7055-01A-11R-1965-07,0.9649414239415183,1
TCGA-37-A5EM-01A-21R-A27Q-07,0.5137752540707319,1
TCGA-NC-A5HG-01A-11R-A26W-07,0.7355808914184141,1
TCGA-13-1495-01A-01R-1565-13,0.5710548611276409,1
TCGA-AK-3431-01A-02R-1277-07,0.6379008078145504,1
TCGA-85-8049-01A-11R-2247-07,0.68901872949573,1
TCGA-UZ-A9PP-01A-11R-A42S-07,0.40914803325049726,1
TCGA-DD-AAE9-01A-11R-A41C-07,0.4165281769431086,1
TCGA-D5-5537-01A-21R-1928-07,0.5581302217521675,0
TCGA-VP-A879-01A-11R-A352-07,0.33873623280841775,0
TCGA-C8-A1HM-01A-12R-A137-07,0.6752857971140847,0
TCGA-A3-3316-01A-01R-0864-07,0.6168368987652313,1
TCGA-DW-7840-01A-11R-A32Z-07,0.3569514983712035,1
TCGA-D5-6927-01A-21R-1928-07,0.5311786532776072,1
TCGA-A6-2671-01A-01R-1410-07,0.6247747860969074,1
TCGA-61-1918-01A-01R-1568-13,0.4926457232656057,0
TCGA-FV-A3R3-01A-11R-A22L-07,0.8935425028522626,1
TCGA-F9-A7VF-01A-11R-A33Z-07,0.5860649762682696,1
TCGA-L7-A6VZ-01A-12R-A336-31,0.6769114868442921,0
TCGA-AA-3526-01A-02R-A32Z-07,0.5287412692161054,1
TCGA-56-8626-01A-11R-2403-07,0.6938409085977576,1
TCGA-DD-A3A1-01A-11R-A213-07,0.40657697514873126,1
TCGA-YL-A8SR-01B-11R-A37L-07,0.4684555948322656,1
TCGA-B0-4848-01A-01R-1277-07,0.5257675959541876,1
TCGA-55-6969-01A-11R-1949-07,0.6141369191438114,1
TCGA-2A-A8VL-01A-21R-A37L-07,0.3669633979412488,1
TCGA-24-1422-01A-01R-1565-13,0.7742271690397439,1
TCGA-A3-3370-01A-02R-1420-07,0.31942210414020433,1
TCGA-EW-A2FW-01A-11R-A17B-07,0.6423974536047522,1
TCGA-BH-A0BL-01A-11R-A115-07,0.7580377630300558,1
TCGA-AA-A010-01A-01R-A089-07,0.5928598533551248,1
TCGA-AA-3664-01A-01R-0905-07,0.6732560769905985,0
TCGA-GN-A26C-01A-11R-A18T-07,0.9153620854860703,1
TCGA-85-8354-01A-31R-2326-07,0.5202523133124264,1
TCGA-A3-3373-01A-02R-1420-07,0.49920784805873525,1
TCGA-30-1891-01A-01R-1568-13,0.6776846327391858,1
TCGA-HC-7078-01A-11R-2118-07,0.5046667722162183,1
TCGA-FC-A66V-01A-21R-A30B-07,0.8213942720622072,1
TCGA-A3-3324-01A-02R-1325-07,0.3488592294034242,1
TCGA-S3-AA10-01A-21R-A41B-07,0.8612040874237623,1
TCGA-53-7813-01A-11R-2170-07,0.729891778206801,1
TCGA-EW-A1P3-01A-11R-A144-07,0.6449359658334861,1
TCGA-BF-A3DN-01A-11R-A20F-07,0.8270442891304742,1
TCGA-22-4596-01A-01R-1201-07,0.9256204124159171,1
TCGA-G4-6297-01A-11R-1723-07,0.8020629415554833,1
TCGA-05-4422-01A-01R-1206-07,0.7241467384353524,1
TCGA-67-3773-01A-01R-0946-07,0.7614874503048178,1
TCGA-75-7025-01A-12R-1949-07,0.5757111731326681,0
TCGA-BH-A18I-01A-11R-A12D-07,0.43940713415515104,0
TCGA-E9-A54Y-01A-11R-A466-07,0.9213016832926267,1
TCGA-BP-4758-01A-01R-1289-07,0.6179027567373088,1
TCGA-LN-A9FO-01A-11R-A38D-31,0.6204698123134716,1
TCGA-10-0936-01A-01R-1564-13,0.6657819886977655,0
TCGA-DD-AACP-01A-11R-A41C-07,0.8440486074731429,1
TCGA-NH-A5IV-01A-42R-A37K-07,0.7507215090638094,1
TCGA-44-6777-01A-11R-1858-07,0.6471590444518613,1
TCGA-71-8520-01A-11R-2403-07,0.5294871634756457,1
TCGA-A8-A07I-01A-11R-A00Z-07,0.5258668568977213,1
TCGA-CC-A3M9-01A-11R-A213-07,0.9941673070680702,1
TCGA-AN-A0AK-01A-21R-A00Z-07,0.6963527819638075,1
TCGA-BP-5174-01A-01R-1426-07,0.802686558513867,1
TCGA-71-6725-01A-11R-1858-07,0.7400172208775728,1
TCGA-25-1623-01A-01R-1566-13,0.7616936472831959,1
TCGA-KK-A6E1-01A-11R-A311-07,0.8557941363139586,1
TCGA-AR-A0TQ-01A-11R-A084-07,0.6228568920847809,1
TCGA-50-5946-01A-11R-1755-07,0.7952636402670428,1
TCGA-A4-8312-01A-11R-2404-07,0.8413247782026956,1
TCGA-FC-7961-01A-11R-A29R-07,0.821963257331354,1
TCGA-AA-A01G-01A-01R-A002-07,0.33309436789077057,1
TCGA-C8-A12Q-01A-11R-A115-07,0.6058001630790806,1
TCGA-HV-A5A5-01A-11R-A26U-07,0.35643720496213127,1
TCGA-BP-4987-01A-01R-1334-07,0.2856687428056699,0
TCGA-24-1564-01A-01R-1566-13,0.8695361743029705,1
TCGA-EJ-7788-01A-11R-2118-07,0.5793079514128331,0
TCGA-O9-A75Z-01A-11R-A33Z-07,0.45300450725399444,1
TCGA-36-1574-01A-01R-1566-13,0.7167598051429662,1
TCGA-21-1070-01A-01R-0692-07,0.6233134967700595,1
TCGA-BP-4976-01A-01R-1334-07,0.4229585416296623,1
TCGA-A7-A0CJ-01A-21R-A00Z-07,0.6626737478791747,1
TCGA-13-1501-01A-01R-1565-13,0.5968928362457352,1
TCGA-CZ-5469-01A-01R-1503-07,0.9313474646944008,1
TCGA-29-1776-01A-01R-1567-13,0.5472597751608406,1
TCGA-75-6214-01A-41R-1949-07,0.8215484184281275,1
TCGA-55-8619-01A-11R-2403-07,0.5708255089071405,1
TCGA-A4-A6HP-01A-11R-A31O-07,0.4994184676080871,0
TCGA-LG-A6GG-01A-11R-A311-07,0.5037717836692827,1
TCGA-CC-A9FW-01A-11R-A37K-07,0.6918687609995253,1
TCGA-EJ-7781-01A-11R-2118-07,0.68869783995365,1
TCGA-05-5420-01A-01R-1628-07,0.7867158065457188,1
TCGA-EW-A3U0-01A-11R-A22K-07,0.8461919819731916,1
TCGA-61-2002-01A-01R-1568-13,0.7059696143333188,1
TCGA-B0-4841-01A-01R-1277-07,0.8874654700835346,1
TCGA-CJ-4885-01A-01R-1305-07,0.5878390651312712,1
TCGA-AQ-A7U7-01A-22R-A352-07,0.7359098580653818,1
TCGA-VN-A88P-01A-11R-A352-07,0.47524591423409124,1
TCGA-XX-A899-01A-11R-A36F-07,0.680303476089246,1
TCGA-E2-A14X-01A-11R-A115-07,0.696589495436942,1
TCGA-E2-A14U-01A-11R-A22K-07,0.7643916380833389,0
TCGA-CJ-6031-01A-11R-1672-07,0.4562104713953975,1
TCGA-38-4627-01A-01R-1206-07,0.760468628070634,1
TCGA-V1-A9OT-01A-11R-A41O-07,0.8678298887547001,1
TCGA-VR-A8ET-01A-11R-A406-31,0.6868205588045584,1
TCGA-A2-A1G6-01A-11R-A13Q-07,0.8247229938108638,1
TCGA-B0-5110-01A-01R-1420-07,0.4170123391523039,1
TCGA-A4-7585-01A-11R-2139-07,0.8638214886326595,1
TCGA-F2-7276-01A-11R-2156-07,0.6216594212691234,1
TCGA-BP-5168-01A-01R-1420-07,0.35301455825152633,0
TCGA-D5-6540-01A-11R-1723-07,0.7777947905528583,1
TCGA-A6-6652-01A-11R-1774-07,0.7353083713152623,1
TCGA-96-8170-01A-11R-2296-07,0.6640218196843051,0
TCGA-36-1577-01A-01R-1566-13,0.7477102290248767,1
TCGA-44-8120-01A-11R-2241-07,0.5666741729349302,1
TCGA-D5-6532-01A-11R-1723-07,0.39628509498738534,1
TCGA-AR-A2LK-01A-11R-A180-07,0.43447534115181613,1
TCGA-B6-A0X7-01A-11R-A10J-07,0.46497799290434255,1
TCGA-DD-AADQ-01A-11R-A41C-07,0.3863795896200773,1
TCGA-24-1416-01A-01R-1565-13,0.535469185316751,1
TCGA-53-7626-01A-12R-2066-07,0.5120469550233491,1
TCGA-G9-6370-01A-11R-1789-07,0.7140613464325675,1
TCGA-A2-A0CX-01A-21R-A00Z-07,0.6347602031527794,1
TCGA-G9-6498-01A-12R-A311-07,0.9106601120648425,1
TCGA-EB-A24D-01A-11R-A18T-07,0.7788721591685616,1
TCGA-P4-A5EB-01A-11R-A28H-07,0.5555583356846299,1
TCGA-55-6970-01A-11R-1949-07,0.6242210800572606,1
TCGA-AD-6963-01A-11R-1928-07,0.35303533937041526,1
TCGA-97-A4M3-01A-11R-A24X-07,0.6524312624021572,1
TCGA-23-2084-01A-02R-1568-13,0.5471767011353831,1
TCGA-E9-A228-01A-31R-A157-07,0.6674373718956541,1
TCGA-BF-A5EQ-01A-21R-A27Q-07,0.5573596582733702,1
TCGA-43-6773-01A-41R-1949-07,0.6948663723924552,1
TCGA-S3-AA17-01A-11R-A41B-07,0.6941606073202851,1
TCGA-D8-A143-01A-11R-A115-07,0.7820446175735447,1
TCGA-2Y-A9H7-01A-11R-A39D-07,0.5252033054465235,1
TCGA-91-6849-01A-11R-1949-07,0.6353959634724667,1
TCGA-B0-4818-01A-01R-1503-07,0.297808735575153,1
TCGA-DM-A280-01A-12R-A16W-07,0.5634050143720942,1
TCGA-EW-A1PH-01A-11R-A14M-07,0.775099061014544,1
TCGA-VN-A88R-01A-11R-A36G-07,0.7480585147360052,1
TCGA-91-6829-01A-21R-1858-07,0.6899387382960807,1
TCGA-30-1857-01A-02R-1569-13,0.7555036981371992,1
TCGA-V1-A8WS-01A-11R-A37L-07,0.6910233474079757,0
TCGA-D8-A27H-01A-11R-A16F-07,0.8433027060655367,1
TCGA-56-8304-01A-11R-2326-07,0.5202012398948556,1
TCGA-43-5670-01A-21R-2125-07,0.7366365033738737,1
TCGA-OL-A66P-01A-11R-A31O-07,0.9496299861760169,1
TCGA-78-7150-01A-21R-2039-07,0.7874792005904045,1
TCGA-C8-A12L-01A-11R-A115-07,0.7544952198013154,0
TCGA-IB-AAUT-01A-11R-A37L-07,0.48215641391740605,1
TCGA-B6-A0IN-01A-11R-A034-07,0.7828666193583903,1
TCGA-O8-A75V-01A-11R-A32O-07,0.3433324578127313,1
TCGA-DD-AAE6-01A-11R-A41C-07,0.5561316595121296,1
TCGA-L5-A8NR-01A-11R-A37I-31,0.6512864296249408,1
TCGA-KK-A8IG-01A-11R-A36G-07,0.5063315189488601,1
TCGA-L9-A8F4-01A-11R-A39D-07,0.674535749529596,1
TCGA-13-0887-01A-01R-1564-13,0.654152100693463,1
TCGA-BH-A1FR-01A-11R-A13Q-07,0.559747144268423,1
TCGA-BP-4981-01A-01R-1334-07,0.7330061533763848,1
TCGA-DV-5574-01A-01R-1541-07,0.5631114658565831,1
TCGA-AA-3696-01A-01R-0905-07,0.6900706295087635,0
TCGA-DD-A115-01A-11R-A131-07,0.46438439543465054,1
TCGA-98-A53B-01A-11R-A262-07,0.6563024958838608,1
TCGA-FB-A5VM-01A-11R-A32O-07,0.8819962901837212,1
TCGA-AK-3425-01A-02R-1277-07,0.6602428037003102,1
TCGA-CW-5581-01A-02R-1541-07,0.45228154896343026,1
TCGA-5P-A9K4-01A-11R-A42S-07,0.5127049443893255,1
TCGA-HE-A5NK-01A-11R-A26U-07,0.7881705811405583,1
TCGA-B9-A8YI-01A-21R-A37K-07,0.7116286302832753,1
TCGA-HZ-8001-01A-11R-2204-07,0.6841806719026283,1
TCGA-AC-A2FF-01A-11R-A17B-07,0.6144231238891846,1
TCGA-EJ-5512-01A-01R-1580-07,0.40407061133354,1
TCGA-68-8251-01A-11R-2296-07,0.6080818861302693,1
TCGA-C8-A27B-01A-11R-A169-07,0.7973665417075472,1
TCGA-GF-A769-01A-32R-A32P-07,0.8532012078166288,1
TCGA-ZP-A9CZ-01A-11R-A38B-07,0.6388219056669439,0
TCGA-24-1845-01A-01R-1567-13,0.6325166902069597,1
TCGA-29-A5NZ-01A-11R-A406-31,0.8583201971924659,1
TCGA-5P-A9KC-01A-11R-A42S-07,0.8783356401786773,1
TCGA-ZG-A9LY-01A-11R-A41O-07,0.5489007400600685,1
TCGA-13-0890-01A-01R-1564-13,0.7107027266250346,0
TCGA-EW-A1J3-01A-11R-A13Q-07,0.5172635259064678,1
TCGA-ED-A4XI-01A-11R-A266-07,0.6896499363037717,0
TCGA-23-1027-01A-02R-1564-13,0.5417621121285144,1
TCGA-A2-A0CV-01A-31R-A115-07,0.6874630251022893,1
TCGA-B0-5703-01A-11R-1541-07,0.6343520880513722,0
TCGA-BH-A18P-01A-11R-A12D-07,0.43952762848799015,0
TCGA-60-2703-01A-11R-2045-07,0.6179036672132339,0
TCGA-DD-AAD6-01A-11R-A41C-07,0.7025606354068197,1
TCGA-5P-A9KA-01A-11R-A42S-07,0.6900506445138358,1
TCGA-IB-7652-01A-11R-2156-07,0.6988723406029431,1
TCGA-97-A4M0-01A-11R-A24X-07,0.6293562657447969,1
TCGA-LN-A4A9-01A-11R-A28J-31,0.7016133223436685,1
TCGA-58-A46M-01A-11R-A24H-07,0.5844010322678991,1
TCGA-DD-AADM-01A-11R-A41C-07,0.23735766152327697,1
TCGA-K7-A6G5-01A-11R-A311-07,0.2824711433474992,0
TCGA-55-8204-01A-11R-2241-07,0.7564242419080244,1
TCGA-B4-5834-01A-11R-1672-07,0.363643447736382,1
TCGA-69-7764-01A-11R-2170-07,0.6528217019144167,1
TCGA-A3-3380-01A-01R-0864-07,0.403105509279852,0
TCGA-MF-A522-01A-11R-A262-07,0.568697643564097,1
TCGA-FB-AAPY-01A-11R-A41B-07,0.5044647845962509,1
TCGA-HC-8260-01A-11R-2263-07,0.38282337319011933,1
TCGA-35-3615-01A-01R-0946-07,0.6361371820478888,0
TCGA-BF-AAOX-01A-11R-A39D-07,0.4443712530538124,1
TCGA-49-4510-01A-01R-1206-07,0.7186503222416911,0
TCGA-55-7726-01A-11R-2170-07,0.8183069041196707,1
TCGA-D5-6536-01A-11R-1723-07,0.8627110121395054,1
TCGA-43-A56U-01A-11R-A26W-07,0.8536292107794391,1
TCGA-EP-A3JL-01A-11R-A213-07,0.43823192307104186,1
TCGA-HC-8258-01A-11R-2263-07,0.2847955921102378,1
TCGA-Z6-A9VB-01A-21R-A37I-31,0.48597759660957063,0
TCGA-V1-A9O5-01A-11R-A41O-07,0.9402368954010074,0
TCGA-77-8146-01A-11R-2247-07,0.6464311258254656,1
TCGA-EU-5906-01A-11R-1672-07,0.264172810483244,1
TCGA-34-2608-01A-02R-0851-07,0.7210202204723551,0
TCGA-LD-A7W6-01A-81R-A352-07,0.518276956911759,1
TCGA-B8-4143-01A-01R-1188-07,0.8628327622544163,1
TCGA-BQ-5883-01A-11R-1592-07,0.9593345594540211,1
TCGA-V5-AASV-01A-11R-A38D-31,0.6398006735931457,0
TCGA-A7-A0D9-01A-31R-A056-07,0.5978290731019,1
TCGA-A6-2676-01A-01R-0826-07,0.6441466251655029,1
TCGA-DM-A1D7-01A-11R-A155-07,0.48331964556947443,1
TCGA-B6-A3ZX-01A-11R-A239-07,0.8174606060270253,1
TCGA-05-4402-01A-01R-1206-07,0.5409778430001447,1
TCGA-AA-3555-01A-01R-0821-07,0.6517997678205925,1
TCGA-G3-A7M7-01A-12R-A352-07,0.32153269001615825,1
TCGA-A3-3351-01A-02R-1325-07,0.42811117704370055,0
TCGA-EB-A4IQ-01A-12R-A266-07,0.5574484968719341,1
TCGA-CJ-4907-01A-01R-1426-07,0.2808178615221673,0
TCGA-B8-5163-01A-01R-1420-07,0.7728775726605592,1
TCGA-AQ-A1H3-01A-31R-A13Q-07,0.377838285954667,1
TCGA-52-7811-01A-11R-2125-07,0.5818723533678569,1
TCGA-AR-A250-01A-31R-A169-07,0.5365130960371227,1
TCGA-J9-A8CK-01A-11R-A352-07,0.5271514206149591,1
TCGA-A2-A04U-01A-11R-A115-07,0.9145077455231146,1
TCGA-77-6843-01A-11R-1949-07,0.707782000069893,1
TCGA-EW-A6SD-01A-12R-A33J-07,0.7527352512596408,0
TCGA-BH-A0B5-01A-11R-A12P-07,0.44876374562836985,0
TCGA-29-2425-01A-01R-1569-13,0.5290486448978916,1
TCGA-AA-3972-01A-01R-1022-07,0.38583007394412006,1
TCGA-B6-A0IK-01A-12R-A056-07,0.6811195990864962,1
TCGA-V1-A8MJ-01A-11R-A36G-07,0.49423635683409184,1
TCGA-B0-5707-01A-11R-1541-07,0.9746992197364274,0
TCGA-13-1409-01A-01R-1565-13,0.6747012568394704,0
TCGA-HC-7817-01B-11R-A29R-07,0.6911379092209605,1
TCGA-LN-A4MR-01A-11R-A28J-31,0.5681712387015593,1
TCGA-CM-4747-01A-01R-1410-07,0.7694228675350967,1
TCGA-BP-5192-01A-01R-1426-07,0.4274893099897426,0
TCGA-CC-A7IF-01A-11R-A33J-07,0.5129124746731357,1
TCGA-75-6212-01A-11R-1755-07,0.5865675365126939,1
TCGA-61-2095-01A-01R-1568-13,0.9049629063750512,1
TCGA-BP-4992-01A-01R-1334-07,0.9626638715775728,1
TCGA-KK-A6E7-01A-11R-A31N-07,0.8788346409663192,0
TCGA-24-1469-01A-01R-1566-13,0.5625649688535759,1
TCGA-DD-A73B-01A-12R-A32O-07,0.647030382025438,1
TCGA-LN-A9FQ-01A-31R-A38D-31,0.5026104474726261,1
TCGA-J2-A4AG-01A-11R-A24H-07,0.5082695764268491,1
TCGA-G6-A8L8-01A-21R-A37O-07,0.8413087877026738,1
TCGA-A2-A0CS-01A-11R-A115-07,0.5473974280276366,1
TCGA-DD-AACA-01A-11R-A41C-07,0.6467177284913218,1
TCGA-A2-A0CZ-01A-11R-A034-07,0.7865065558785223,1
TCGA-23-1110-01A-01R-1564-13,0.46076837996778053,0
TCGA-E2-A150-01A-11R-A12D-07,0.816846790078736,1
TCGA-A6-6142-01A-11R-1774-07,0.7904924905124863,1
TCGA-AO-A124-01A-11R-A10J-07,0.8016348304976385,1
TCGA-NC-A5HJ-01A-11R-A26W-07,0.870269586025058,1
TCGA-85-8352-01A-31R-2326-07,0.8446894385587621,1
TCGA-B8-5545-01A-01R-1672-07,0.506905910102089,1
TCGA-DD-A118-01A-11R-A131-07,0.6934829652610125,0
TCGA-NJ-A4YP-01A-11R-A262-07,0.6056072545965333,1
TCGA-94-7557-01A-11R-2125-07,0.6755179074387072,1
TCGA-78-7156-01A-11R-2039-07,0.8376865700323561,1
TCGA-BH-A0HP-01A-12R-A084-07,0.4882415690267955,1
TCGA-B1-A656-01A-11R-A31O-07,0.7489404742195542,1
TCGA-39-5037-01A-01R-1443-07,0.6882072814856078,1
TCGA-CJ-4892-01A-01R-1305-07,0.34414387980192923,1
TCGA-55-1592-01A-01R-0946-07,0.5850864035852295,1
TCGA-E2-A1L7-01A-11R-A144-07,0.6476162743859472,1
TCGA-49-4512-01A-21R-1858-07,0.6856424507542861,0
TCGA-A1-A0SH-01A-11R-A084-07,0.6155135723637161,1
TCGA-G9-6339-01A-12R-A311-07,0.532212290156176,1
TCGA-67-3771-01A-01R-0946-07,0.6561912539462568,1
TCGA-J7-6720-01A-11R-2139-07,0.5305438250806467,1
TCGA-C8-A12O-01A-11R-A115-07,0.548603274598463,1
TCGA-CH-5741-01A-11R-1580-07,0.6620879316882516,1
TCGA-EJ-A8FU-01A-11R-A36G-07,0.4005223644010287,1
TCGA-B0-4849-01A-01R-1277-07,0.4730164182227266,1
TCGA-HC-A76W-01A-11R-A33R-07,0.6200066378769733,1
TCGA-CC-A8HT-01A-11R-A36F-07,0.8095505686675353,0
TCGA-G4-6320-01A-11R-1723-07,0.5798720400772901,1
TCGA-BP-4763-01A-01R-1289-07,0.7138543545750793,1
TCGA-A8-A097-01A-11R-A034-07,0.5392139386594497,1
TCGA-73-4662-01A-01R-1206-07,0.5618135757552627,1
TCGA-RC-A7SH-01A-11R-A38B-07,0.8153592236585842,1
TCGA-09-1661-01B-01R-1566-13,0.7679864535060005,1
TCGA-66-2766-01A-01R-0851-07,0.6500999526977367,1
TCGA-A2-A3XZ-01A-42R-A239-07,0.7538119618925226,0
TCGA-36-1581-01A-01R-1566-13,0.8990276200796601,1
TCGA-CH-5789-01A-11R-1580-07,0.7122911853350566,1
TCGA-BH-A1F0-01A-11R-A137-07,0.8136843516727512,1
TCGA-91-6847-01A-11R-1949-07,0.8689286935529593,0
TCGA-52-7809-01A-21R-2125-07,0.7109408993298956,1
TCGA-BD-A3ER-01A-11R-A213-07,0.6090266529496219,1
TCGA-13-1511-01A-01R-1565-13,0.7596402131848823,1
TCGA-21-1079-01A-01R-0692-07,0.6590721051873086,1
TCGA-BH-A18V-01A-11R-A12D-07,0.8029765832152399,1
TCGA-F4-6569-01A-11R-1774-07,0.8083627098975192,1
TCGA-66-2781-01A-01R-0851-07,0.5000716284183249,1
TCGA-G3-A5SK-01A-11R-A27V-07,0.5983689539261366,1
TCGA-AC-A62V-01A-11R-A31O-07,0.8847083474664915,1
TCGA-BP-5195-01A-02R-1426-07,0.2757676770206936,1
TCGA-A8-A0A1-01A-11R-A00Z-07,0.4651627744305744,1
TCGA-38-4629-01A-02R-1206-07,0.7455126753836884,1
TCGA-AC-A5EH-01A-11R-A28M-07,0.7196645757081701,1
TCGA-M7-A721-01A-12R-A32O-07,0.2813785238044568,1
TCGA-23-1028-01A-01R-1564-13,0.6254212912596141,1
TCGA-AZ-5407-01A-01R-1723-07,0.47386515231698045,1
TCGA-56-8625-01A-11R-2403-07,0.7741889480814239,1
TCGA-NC-A5HM-01A-12R-A26W-07,0.6249702165648678,1
TCGA-58-A46L-01A-11R-A24H-07,0.5905152064213177,0
TCGA-B6-A0IH-01A-11R-A115-07,0.6732914910553299,1
TCGA-77-A5FZ-01A-31R-A27Q-07,0.9681356123189351,1
TCGA-CK-4947-01B-11R-1653-07,0.6056867959634828,1
TCGA-AC-A2QI-01A-12R-A19W-07,0.5701166868759928,1
TCGA-G3-AAV4-01A-11R-A38B-07,0.5668402390115113,1
TCGA-93-7347-01A-11R-2187-07,0.4860949120038927,1
TCGA-LL-A73Z-01A-11R-A32P-07,0.7558526830297141,1
TCGA-AC-A2BK-01A-11R-A21T-07,0.8439631663747112,0
TCGA-25-1315-01A-01R-1565-13,0.4898099307600129,1
TCGA-A2-A0T2-01A-11R-A084-07,0.8630617047759181,1
TCGA-P4-A5E7-01A-31R-A28H-07,0.5152179196103355,0
TCGA-E2-A574-01A-11R-A29R-07,0.9412081286951491,0
TCGA-09-2051-01A-01R-1568-13,0.6792283247780013,1
TCGA-S3-A6ZH-01A-22R-A32P-07,0.5594094590289942,0
TCGA-AA-3548-01A-01R-1873-07,0.5362982621885726,1
TCGA-B9-A8YH-01A-11R-A37K-07,0.36018144702921495,0
TCGA-AA-3971-01A-01R-1022-07,0.3814747278582998,0
TCGA-BP-5169-01A-01R-1426-07,0.9561182694706079,1
TCGA-A2-A3XW-01A-11R-A239-07,0.9379251211616526,0
TCGA-AU-3779-01A-01R-1723-07,0.6890273494854685,1
TCGA-21-1071-01A-01R-0692-07,0.589578145254378,1
TCGA-2L-AAQE-01A-11R-A39D-07,0.6088488541496064,1
TCGA-78-7143-01A-11R-2039-07,0.5473887164273357,1
TCGA-CM-5863-01A-21R-1839-07,0.8104400941441476,1
TCGA-85-8288-01A-11R-2296-07,0.6259941143526763,1
TCGA-CC-5259-01A-31R-A213-07,0.646783384231854,1
TCGA-22-5480-01A-01R-1635-07,0.6948137684615211,1
TCGA-DW-7963-01B-11R-A28H-07,0.3821170566870617,0
TCGA-A1-A0SN-01A-11R-A144-07,0.5414818428209247,1
TCGA-V1-A8X3-01A-11R-A37L-07,0.27972084137747727,1
TCGA-E9-A22D-01A-11R-A157-07,0.6122869482372059,1
TCGA-B0-5075-01A-01R-1334-07,0.5906584613990649,1
TCGA-AK-3433-01A-02R-1277-07,0.9892057721901464,1
TCGA-BP-4331-01A-01R-1289-07,0.3520442802372213,0
TCGA-ES-A2HT-01A-12R-A180-07,0.32760363333430925,1
TCGA-29-1766-01A-01R-1567-13,0.5984304874757096,1
TCGA-HZ-7926-01A-11R-2156-07,0.6523468921975718,1
TCGA-4L-AA1F-01A-11R-A41O-07,0.981126852246656,1
TCGA-Q2-A5QZ-01A-11R-A28H-07,0.9385235903404396,0
TCGA-49-4490-01A-21R-1858-07,0.6642990862043723,1
TCGA-2Y-A9H2-01A-12R-A38B-07,0.9779143157713309,1
TCGA-24-1923-01A-01R-1567-13,0.6848218066547177,1
TCGA-22-4595-01A-01R-1201-07,0.6753329226231586,1
TCGA-44-6147-01B-06R-A277-07,0.9409775212059933,1
TCGA-3A-A9I5-01A-11R-A38C-07,0.8868968012782884,0
TCGA-50-5933-01A-11R-1755-07,0.6495338065108721,1
TCGA-BP-4995-01A-01R-1334-07,0.7305094495608244,1
TCGA-A2-A1FV-01A-11R-A13Q-07,0.6478904526832638,0
TCGA-CZ-4866-01A-01R-1503-07,0.7191314976595707,0
TCGA-F4-6570-01A-11R-1774-07,0.7675247503171014,1
TCGA-BH-A0EI-01A-11R-A115-07,0.5595939878256584,1
TCGA-AA-3713-01A-21R-1723-07,0.8012768189170616,1
TCGA-NI-A4U2-01A-11R-A28V-07,0.57803607303007,1
TCGA-DD-AADY-01A-11R-A41C-07,0.7407470885534014,1
TCGA-05-4405-01A-21R-1858-07,0.5307507486634243,1
TCGA-EJ-8469-01A-11R-2403-07,0.9094868588986328,1
TCGA-CK-5914-01A-11R-1653-07,0.5003065565021187,1
TCGA-61-2104-01A-01R-1568-13,0.7174150876756048,1
TCGA-95-7562-01A-11R-2241-07,0.7825179939872035,1
TCGA-NK-A5CR-01A-11R-A26W-07,0.4606758453582591,1
TCGA-DD-AACU-01A-11R-A41C-07,0.5548939054146034,1
TCGA-DD-A119-01A-11R-A131-07,0.3229695856464843,1
TCGA-GM-A3NW-01A-21R-A22K-07,0.6576736805099881,1
TCGA-50-8459-01A-11R-2326-07,0.7401368310175479,1
TCGA-AO-A12C-01A-11R-A10J-07,0.5147956506460063,0
TCGA-CK-4950-01A-01R-1723-07,0.4381910216210783,0
TCGA-55-6987-01A-11R-1949-07,0.561085980480834,1
TCGA-G3-A7M6-01A-11R-A33R-07,0.9658016214475988,1
TCGA-EW-A3E8-01B-11R-A24H-07,0.7374075890194083,1
TCGA-AO-A0JB-01A-11R-A32Y-07,0.8486137173174375,1
TCGA-EJ-A8FO-01A-21R-A36G-07,0.2874727144539563,1
TCGA-CM-6168-01A-11R-1653-07,0.7690416808538929,1
TCGA-J4-8198-01A-11R-2263-07,0.547534777648198,1
TCGA-YL-A8SA-01A-21R-A37L-07,0.5765265638721777,1
TCGA-CJ-5679-01A-11R-1541-07,0.8860477549723123,1
TCGA-LL-A7SZ-01A-32R-A352-07,0.9080548158862842,1
TCGA-CM-6677-01A-11R-1839-07,0.4516427209836954,1
TCGA-BP-4973-01A-01R-1334-07,0.284891726538522,1
TCGA-2L-AAQJ-01A-12R-A39D-07,0.43807503846243734,1
TCGA-09-0367-01A-01R-1564-13,0.7096464205511697,1
TCGA-BQ-7044-01A-11R-1965-07,0.5932863675190009,1
TCGA-B0-4813-01A-01R-1277-07,0.9631990485478391,1
TCGA-24-1104-01A-01R-1565-13,0.7205294531716401,1
TCGA-HC-A6HY-01A-11R-A31N-07,0.4963174671822811,1
TCGA-L5-A8NK-01A-21R-A37I-31,0.5507267482419197,1
TCGA-31-1953-01A-01R-1568-13,0.6931681899015188,1
TCGA-BH-A8FY-01A-11R-A36F-07,0.7832515005763544,1
TCGA-B0-5107-01A-01R-1420-07,0.9677513595985704,0
TCGA-09-1673-01A-01R-1566-13,0.7858278221970715,1
TCGA-CH-5764-01A-21R-1580-07,0.6513874720765588,0
TCGA-2H-A9GN-01A-11R-A37I-31,0.6030593656297156,1
TCGA-23-1024-01A-02R-1564-13,0.5851812583872611,0
TCGA-B8-5549-01A-01R-1541-07,0.3753267760030503,1
TCGA-GL-8500-01A-11R-2404-07,0.5726814469709935,1
TCGA-KK-A8IM-01A-11R-A36G-07,0.3428303856927952,0
TCGA-BH-A0BQ-01A-21R-A115-07,0.5591166500438974,1
TCGA-G3-A6UC-01A-21R-A33J-07,0.39183033400657324,1
TCGA-20-1687-01A-01R-1566-13,0.7576229460248983,0
TCGA-AC-A2QH-01A-11R-A18M-07,0.9321946926418049,1
TCGA-DM-A28M-01A-12R-A16W-07,0.5319938797323275,1
TCGA-13-0899-01A-01R-1564-13,0.5085759189029588,1
TCGA-2Y-A9GW-01A-11R-A38B-07,0.6693897809733393,1
TCGA-2A-A8VT-01A-11R-A37L-07,0.6671448997541317,1
TCGA-D5-6922-01A-11R-1928-07,0.7266910227900358,1
TCGA-24-1847-01A-01R-1566-13,0.715048229882946,1
TCGA-AC-A2FO-01A-11R-A180-07,0.5673052927993244,1
TCGA-UB-A7MC-01A-11R-A33R-07,0.7769419817730966,1
TCGA-MP-A4TK-01A-11R-A24X-07,0.5753715030329452,1
TCGA-04-1542-01A-01R-1566-13,0.6381028763893983,1
TCGA-EW-A1P8-01A-11R-A144-07,0.8292047676240917,1
TCGA-G7-7501-01A-11R-2204-07,0.9337911936493285,1
TCGA-A2-A0D0-01A-11R-A00Z-07,0.8930681496070353,0
TCGA-HC-7079-01A-11R-1965-07,0.9906842429630366,1
TCGA-KK-A8IA-01A-11R-A36G-07,0.5946367416940297,1
TCGA-D5-6529-01A-11R-1774-07,0.7486277625345105,1
TCGA-G4-6304-01A-11R-1928-07,0.5764423235060896,1
TCGA-BH-A0HB-01A-11R-A056-07,0.612617352692322,1
TCGA-CJ-4882-01A-02R-1426-07,0.7514949374057769,1
TCGA-24-1435-01A-01R-1566-13,0.5644252889435405,1
TCGA-AA-3492-01A-01R-1410-07,0.624553609456575,0
TCGA-IZ-8196-01A-11R-2404-07,0.7819668578073599,1
TCGA-UB-A7ME-01A-11R-A33J-07,0.703899713483877,0
TCGA-6A-AB49-01A-12R-A405-07,0.8816159608012581,1
TCGA-63-7021-01A-11R-1949-07,0.5581881392983767,1
TCGA-A2-A0EN-01A-13R-A084-07,0.6135749921079408,0
TCGA-A8-A0A2-01A-11R-A034-07,0.4156766917970807,0
TCGA-DD-AACX-01A-11R-A41C-07,0.48751471406597685,1
TCGA-E2-A14O-01A-31R-A115-07,0.7285139607914812,1
TCGA-AA-3695-01A-01R-0905-07,0.9898544789623424,1
TCGA-A2-A0EM-01A-11R-A034-07,0.3966808598384202,1
TCGA-AA-3549-01A-02R-0821-07,0.4038163550516213,1
TCGA-ED-A7XP-01A-11R-A352-07,0.7185442986913014,1
TCGA-97-7938-01A-11R-2170-07,0.7218502244923738,1
TCGA-23-1122-01A-01R-1565-13,0.5022253403977025,1
TCGA-AA-A01I-01A-02R-A089-07,0.7011568704488488,1
TCGA-ZS-A9CG-01A-11R-A37K-07,0.4249882491339226,1
TCGA-A7-A0DA-01A-31R-A115-07,0.7942853419919401,1
TCGA-29-1701-01A-01R-1567-13,0.7453932143453439,1
TCGA-LN-A4A6-01A-11R-A260-31,0.4229763986548785,0
TCGA-2H-A9GQ-01A-11R-A37I-31,0.8158103456512467,1
TCGA-B8-4620-01A-02R-1325-07,0.5847779389148989,1
TCGA-B0-4718-01A-01R-1277-07,0.7079312525006889,1
TCGA-AA-3861-01A-01R-1022-07,0.4694287219547343,1
TCGA-D5-6932-01A-11R-1928-07,0.48653140233412434,1
TCGA-55-8091-01A-11R-2241-07,0.5950943258199346,1
TCGA-64-1681-01A-11R-2066-07,0.6100983524752318,1
TCGA-VR-AA7I-01A-11R-A406-31,0.6286485132258489,0
TCGA-AZ-4308-01A-01R-1410-07,0.7408325583182636,1
TCGA-13-1403-01A-01R-1565-13,0.6797668566017436,1
TCGA-AL-3471-01A-02R-1351-07,0.7006841320426603,1
TCGA-23-2078-01A-01R-1568-13,0.651477714966085,1
TCGA-25-2409-01A-01R-1569-13,0.5184004665407689,1
TCGA-BH-A0W7-01A-11R-A115-07,0.5732139857591741,1
TCGA-DM-A1D6-01A-21R-A155-07,0.7471980171151908,1
TCGA-13-1512-01A-01R-1565-13,0.7806955535451495,1
TCGA-23-1111-01A-01R-1567-13,0.667688244467029,1
TCGA-43-6647-01A-11R-1820-07,0.7527103937446853,1
TCGA-85-7698-01A-11R-2125-07,0.4114892738955524,1
TCGA-MW-A4EC-01A-11R-A266-07,0.5109181176938621,1
TCGA-58-A46J-01A-11R-A24H-07,0.6602116752979762,1
TCGA-DD-AAVX-01A-11R-A41C-07,0.40185715704307196,1
TCGA-29-1777-01A-01R-1567-13,0.7165027762277827,1
TCGA-A2-A3XX-01A-21R-A239-07,0.8410679135126947,1
TCGA-55-7725-01A-11R-2170-07,0.8113105568399542,1
TCGA-BH-A0DP-01A-21R-A056-07,0.48927185068722434,1
TCGA-PD-A5DF-01A-11R-A27V-07,0.6837442782220637,1
TCGA-77-7465-01A-11R-2045-07,0.6854601689574026,1
TCGA-A6-5659-01A-01R-A278-07,0.9025051030398504,1
TCGA-A8-A08G-01A-11R-A00Z-07,0.4977804610428348,1
TCGA-39-5029-01A-01R-1443-07,0.5715665235413026,0
TCGA-DD-AAVQ-01A-11R-A41C-07,0.7588225749206651,1
TCGA-BH-A0DK-01A-21R-A056-07,0.6014880505189939,1
TCGA-AC-A2QJ-01A-12R-A19W-07,0.9841659481074765,1
TCGA-BP-4799-01A-01R-1305-07,0.9195770886395013,1
TCGA-18-3415-01A-01R-0980-07,0.5279811137952973,1
TCGA-22-A5C4-01A-12R-A27Q-07,0.7459079118760074,1
TCGA-Y8-A896-01A-11R-A36F-07,0.7398575009631165,1
TCGA-AC-A2FG-01A-11R-A17B-07,0.49291569176613864,1
TCGA-CW-5584-01A-01R-1541-07,0.37273164222071625,1
TCGA-58-8387-01A-11R-2296-07,0.6982145093857447,1
TCGA-55-7724-01A-11R-2170-07,0.8037340475495991,1
TCGA-AO-A12B-01A-11R-A10J-07,0.7336473940098517,1
TCGA-KC-A7F3-01A-21R-A33R-07,0.38304766496453796,1
TCGA-49-4514-01A-21R-1858-07,0.8643840484182002,1
TCGA-A8-A09N-01A-11R-A00Z-07,0.6070057254844791,1
TCGA-C8-A12W-01A-11R-A115-07,0.5905084419007525,1
TCGA-BP-4797-01A-01R-1305-07,0.48297289441182506,0
TCGA-G3-A7M9-01A-23R-A352-07,0.9741422161695303,1
TCGA-55-7815-01A-11R-2170-07,0.8251000032713416,1
TCGA-EJ-A8FP-01A-21R-A36G-07,0.46287600716812694,1
TCGA-AN-A0FT-01A-11R-A034-07,0.7340628584716156,0
TCGA-A2-A25A-01A-12R-A16F-07,0.5945813112201492,1
TCGA-33-4547-01A-01R-1201-07,0.4666245640586554,0
TCGA-G9-7523-01A-11R-2263-07,0.931887384073968,1
TCGA-KK-A8II-01A-11R-A36G-07,0.6226580755830073,1
TCGA-09-2048-01A-01R-1568-13,0.6748689493862895,1
TCGA-B0-4824-01A-01R-1277-07,0.41558722505151924,1
TCGA-BH-A0DH-01A-11R-A084-07,0.6138201142889173,0
TCGA-55-8615-01A-11R-2403-07,0.6613047937388772,1
TCGA-78-8648-01A-11R-2403-07,0.5797933912347676,0
TCGA-05-4426-01A-01R-1206-07,0.6193379993843642,1
TCGA-CW-6087-01A-11R-1672-07,0.9829142500506404,1
TCGA-BH-A2L8-01A-11R-A18M-07,0.6053968588934213,1
TCGA-64-1680-01A-02R-0946-07,0.6673303239141113,1
TCGA-ER-A19T-01A-11R-A18T-07,0.8728242980990614,1
TCGA-IB-7891-01A-11R-2204-07,0.5806988336962596,1
TCGA-SX-A7SN-01A-11R-A355-07,0.31478638373777373,0
TCGA-EJ-7793-01A-31R-2263-07,0.38290784932605054,1
TCGA-23-1118-01A-01R-1564-13,0.5716151461282634,1
TCGA-AQ-A54N-01A-11R-A266-07,0.9240710737608525,1
TCGA-DD-AAW1-01A-11R-A41C-07,0.4979335152044942,1
TCGA-L5-A43E-01A-11R-A24K-31,0.6647003794563041,1
TCGA-AA-A00O-01A-02R-A089-07,0.8974338592606458,0
TCGA-24-2261-01A-01R-1568-13,0.7283498968458499,1
TCGA-AA-3688-01A-01R-0905-07,0.37269926657717284,0
TCGA-UZ-A9PV-01A-11R-A42S-07,0.3784072769823257,1
TCGA-37-A5EN-01A-21R-A26W-07,0.6088798946439912,1
TCGA-09-2053-01C-01R-1568-13,0.4792350504444905,1
TCGA-EW-A1J5-01A-11R-A13Q-07,0.48328753522943235,1
TCGA-IB-AAUQ-01A-22R-A41I-07,0.42303213156892516,1
TCGA-A2-A0SX-01A-12R-A084-07,0.7418539523091062,1
TCGA-H8-A6C1-01A-11R-A32O-07,0.5100568681546469,0
TCGA-P4-AAVO-01A-11R-A42S-07,0.6754602510661522,1
TCGA-A7-A6VY-01A-12R-A33J-07,0.8441180741325833,1
TCGA-BP-5177-01A-01R-1426-07,0.5806832281939144,0
TCGA-37-4141-01A-02R-1100-07,0.8808063432753641,0
TCGA-85-8355-01A-11R-2296-07,0.7330962068597144,1
TCGA-60-2719-01A-01R-0851-07,0.5290518894084576,1
TCGA-AA-A01C-01A-01R-A00A-07,0.43973944180223595,1
TCGA-G9-6329-01A-13R-1965-07,0.6149852625880179,1
TCGA-BH-A0HK-01A-11R-A056-07,0.6208505280516079,1
TCGA-34-5239-01A-21R-1820-07,0.7301003174084006,0
TCGA-NC-A5HH-01A-11R-A26W-07,0.8392739553852475,1
TCGA-NC-A5HK-01A-11R-A26W-07,0.8257368619673331,1
TCGA-69-7973-01A-11R-2187-07,0.6648737513411864,1
TCGA-77-8128-01A-11R-2247-07,0.5220896544040052,1
TCGA-B0-5700-01A-11R-1541-07,0.7482727725679135,1
TCGA-IB-8126-01A-11R-2404-07,0.7451205051152465,1
TCGA-QL-A97D-01A-12R-A41B-07,0.42346300702759493,0
TCGA-XR-A8TC-01A-11R-A36F-07,0.6498853929134183,1
TCGA-63-A5MU-01A-11R-A26W-07,0.5813274816547482,1
TCGA-B8-A54F-01A-11R-A266-07,0.544315840581443,0
TCGA-78-7220-01A-11R-2039-07,0.8187136275854996,1
TCGA-97-8176-01A-11R-2403-07,0.6217026606798433,1
TCGA-G4-6293-01A-11R-1723-07,0.6187668553333503,1
TCGA-05-5715-01A-01R-1628-07,0.640857629781425,1
TCGA-E2-A1IF-01A-11R-A144-07,0.6917225534136034,1
TCGA-AC-A3YI-01A-21R-A239-07,0.8015033288145107,1
TCGA-2J-AAB6-01A-11R-A41B-07,0.7302920553290388,1
TCGA-B1-A47N-01A-11R-A24Z-07,0.6968005555669031,1
TCGA-D8-A1JL-01A-11R-A13Q-07,0.7802961880823199,1
TCGA-SS-A7HO-01A-21R-A37K-07,0.7516821753393249,1
TCGA-58-8390-01A-11R-2326-07,0.6460580018239417,1
TCGA-85-8582-01A-21R-2403-07,0.6796659448837195,1
TCGA-J9-A8CL-01A-11R-A352-07,0.7728205866327549,1
TCGA-BQ-5888-01A-11R-1592-07,0.8101106882485807,1
TCGA-GM-A2DF-01A-11R-A180-07,0.8884809557364115,1
TCGA-CJ-4891-01A-01R-1305-07,0.9010482221709877,1
TCGA-E2-A14R-01A-11R-A115-07,0.8308026354309933,1
TCGA-30-1853-01A-02R-1567-13,0.6339360607941439,1
TCGA-EV-5903-01A-11R-1592-07,0.6957550938162461,1
TCGA-G9-6353-01A-11R-1965-07,0.4397608689751988,0
TCGA-BC-A110-01A-11R-A131-07,0.8044419869864573,1
TCGA-04-1648-01A-01R-1567-13,0.8065966285044988,1
TCGA-55-6983-01A-11R-1949-07,0.5829970895951947,1
TCGA-WX-AA44-01A-11R-A39D-07,0.8258387250145759,1
TCGA-C8-A132-01A-31R-A115-07,0.4812872082558649,0
TCGA-A2-A0CU-01A-12R-A034-07,0.5308883926567032,1
TCGA-46-3769-01A-01R-0980-07,0.8463796935671152,0
TCGA-PE-A5DC-01A-12R-A27Q-07,0.67553548641394,1
TCGA-2J-AAB9-01A-11R-A41B-07,0.3238630673670148,0
TCGA-21-1083-01A-01R-0692-07,0.6645132204973099,1
TCGA-E2-A15F-01A-11R-A115-07,0.5349569549983083,1
TCGA-BH-A1F5-01A-12R-A13Q-07,0.6561839965993262,1
TCGA-EW-A1P4-01A-21R-A144-07,0.89585362584906,1
TCGA-29-1778-01A-01R-1567-13,0.6209799187281311,1
TCGA-30-1718-01A-01R-1567-13,0.612771448452552,1
TCGA-86-8074-01A-11R-2241-07,0.5436248764523718,1
TCGA-A6-6782-01A-11R-1839-07,0.6202033783255508,1
TCGA-IA-A83V-01A-11R-A355-07,0.503718050202136,0
TCGA-KK-A6E5-01A-11R-A311-07,0.299228600003468,1
TCGA-L9-A5IP-01A-21R-A39D-07,0.6956905834857191,0
TCGA-58-8391-01A-11R-2326-07,0.52327080231659,1
TCGA-KK-A8IK-01A-11R-A36G-07,0.9038955341901014,1
TCGA-F4-6807-01A-11R-1839-07,0.7414465753778516,1
TCGA-EJ-5516-01A-01R-1580-07,0.9289566777313497,1
TCGA-85-8350-01A-11R-2296-07,0.6365249206908836,1
TCGA-KK-A7AZ-01A-12R-A32O-07,0.7393628612389964,1
TCGA-DW-7842-01A-11R-A32Z-07,0.5873239399548044,1
TCGA-OL-A6VQ-01A-12R-A41B-07,0.5633430713434802,1
TCGA-31-1946-01A-01R-1568-13,0.6556449944294074,0
TCGA-AZ-6606-01A-11R-1839-07,0.5713556944437391,1
TCGA-DD-AAD1-01A-11R-A41C-07,0.9389771176288709,1
TCGA-A2-A0CO-01A-13R-A22K-07,0.8472528342320397,1
TCGA-CM-4750-01A-01R-1410-07,0.4813412431342017,1
TCGA-AC-A4ZE-01A-11R-A41B-07,0.6116402084415244,1
TCGA-BP-4327-01A-01R-1289-07,0.4711279098124008,1
TCGA-UZ-A9PX-01A-11R-A42S-07,0.35249109240375975,1
TCGA-BH-A0B9-01A-11R-A056-07,0.8242219205293978,1
TCGA-FB-AAQ0-01A-31R-A41B-07,0.7513846160726542,1
TCGA-A8-A09K-01A-11R-A00Z-07,0.5407313106177177,1
TCGA-55-1595-01A-01R-0946-07,0.5866948387118196,1
TCGA-J4-A83K-01A-11R-A352-07,0.21916223768441948,1
TCGA-A2-A1G4-01A-11R-A13Q-07,0.5424127142147723,1
TCGA-A2-A04T-01A-21R-A034-07,0.798528350778383,1
TCGA-V1-A8MK-01A-11R-A36G-07,0.2846662308912272,1
TCGA-AN-A03X-01A-21R-A00Z-07,0.5949701925404856,1
TCGA-97-7547-01A-11R-2039-07,0.7538384793147835,1
TCGA-AD-6889-01A-11R-1928-07,0.6174425744913459,1
TCGA-KK-A7AW-01A-11R-A32O-07,0.9577494257685778,1
TCGA-AO-A03N-01B-11R-A10J-07,0.7513921897992144,1
TCGA-EJ-5530-01A-01R-1580-07,0.4448494837358404,0
TCGA-P4-AAVM-01A-11R-A42S-07,0.6310471921174494,1
TCGA-66-2778-01A-02R-0851-07,0.8304819544262331,1
TCGA-HC-A6AP-01A-11R-A30B-07,0.8214007724843232,0
TCGA-Z6-AAPN-01A-11R-A406-31,0.7463488924118662,0
TCGA-CJ-4886-01A-01R-1305-07,0.18540965908925225,0
TCGA-BP-4769-01A-01R-1289-07,0.8113117248415082,1
TCGA-D8-A1XM-01A-21R-A14M-07,0.4555517864587723,1
TCGA-A7-A4SA-01A-11R-A266-07,0.7152452437701836,1
TCGA-LN-A7HZ-01A-31R-A354-31,0.8274552498596021,1
TCGA-AR-A1AO-01A-11R-A12P-07,0.801453639587759,1
TCGA-Y6-A9XI-01A-11R-A41O-07,0.453314895877861,1
TCGA-31-1951-01A-01R-1568-13,0.7107332927123214,1
TCGA-25-1318-01A-01R-1565-13,0.7217111599934276,1
TCGA-B0-5099-01A-01R-1420-07,0.6051636252618128,1
TCGA-CH-5794-01A-11R-1580-07,0.5098406141347649,1
TCGA-BQ-5894-01A-11R-1592-07,0.9664783620033055,1
TCGA-CZ-4863-01A-01R-1503-07,0.4129280892566503,1
TCGA-DD-AADJ-01A-11R-A41C-07,0.34058158483895856,1
TCGA-B0-4845-01A-01R-1277-07,0.4730126535092657,1
TCGA-BC-A216-01A-11R-A155-07,0.880966608241931,1
TCGA-CJ-4871-01A-01R-1305-07,0.4369758484258056,1
TCGA-B0-5710-01A-11R-1672-07,0.5000747360080248,1
TCGA-CH-5750-01A-11R-1580-07,0.6560356425764615,0
TCGA-DV-5566-01A-01R-1541-07,0.6330606187531067,1
TCGA-BC-A10X-01A-11R-A131-07,0.7147892803074815,0
TCGA-60-2721-01A-01R-0851-07,0.5853259146335126,1
TCGA-F2-7273-01A-11R-2156-07,0.6741862664290181,1
TCGA-05-4389-01A-01R-1206-07,0.6486651020088661,1
TCGA-A8-A083-01A-21R-A00Z-07,0.6294116272903267,1
TCGA-EJ-7317-01A-31R-2118-07,0.3855410939724556,1
TCGA-24-2023-01A-01R-1567-13,0.5788207977545775,1
TCGA-B6-A0RM-01A-11R-A084-07,0.5608280676239079,1
TCGA-56-A5DS-01A-11R-A27Q-07,0.5960699862739136,1
TCGA-CJ-5672-01A-11R-1541-07,0.5649149475833037,1
TCGA-73-7498-01A-12R-2187-07,0.5507129733049733,1
TCGA-GM-A2DH-01A-11R-A180-07,0.6643777435058787,0
TCGA-A8-A082-01A-11R-A00Z-07,0.5835429259902707,1
TCGA-DD-A4NI-01A-11R-A27V-07,0.5627826816264235,1
TCGA-G4-6626-01A-11R-1774-07,0.5800348958256205,1
TCGA-CH-5738-01A-11R-1580-07,0.5941524115216226,1
TCGA-79-5596-01A-31R-1949-07,0.445437576441654,1
TCGA-A6-5656-01A-21R-A278-07,0.9127015678810275,0
TCGA-BP-4766-01A-01R-1289-07,0.37174600610932207,1
TCGA-XQ-A8TB-01A-11R-A36G-07,0.580808698263321,1
TCGA-BP-4337-01A-01R-1289-07,0.7389214987211394,1
TCGA-G9-A9S4-01A-11R-A41O-07,0.8017240851635019,1
TCGA-CH-5762-01A-11R-1580-07,0.757329430840358,1
TCGA-B0-5106-01A-01R-1420-07,0.45382327603566347,1
TCGA-V1-A9OX-01A-11R-A41O-07,0.44928518494455755,0
TCGA-DD-AADU-01A-11R-A41C-07,0.35740583146115434,1
TCGA-A3-3385-01A-02R-1420-07,0.7390708119669158,1
TCGA-90-7964-01A-21R-2187-07,0.746586891464073,1
TCGA-55-7913-01B-11R-2241-07,0.7456792652682204,0
TCGA-AN-A0AJ-01A-11R-A00Z-07,0.6299633458160648,0
TCGA-09-1670-01A-01R-1566-13,0.5652201657656339,1
TCGA-A4-7734-01A-11R-A32Z-07,0.7878950802346821,1
TCGA-55-7914-01A-11R-2170-07,0.6404704196754869,1
TCGA-77-7140-01A-41R-2045-07,0.5788459156974796,1
TCGA-VN-A943-01A-11R-A41O-07,0.5620162537826252,0
TCGA-B0-5108-01A-01R-1420-07,0.5465591491739437,1
TCGA-J9-A8CN-01A-11R-A352-07,0.45368916846299506,1
TCGA-13-1485-01A-02R-1565-13,0.8419396972848013,1
TCGA-33-AASL-01A-11R-A405-07,0.7231386406025239,1
TCGA-CC-5264-01A-01R-A131-07,0.9222953359222584,1
TCGA-CK-4952-01A-01R-1723-07,0.697528501779711,1
TCGA-04-1530-01A-02R-1569-13,0.5723670063204181,1
TCGA-80-5608-01A-31R-1949-07,0.5596823274070873,0
TCGA-B1-A657-01A-11R-A31O-07,0.34639874360182377,1
TCGA-AA-3489-01A-21R-1839-07,0.8882771128829032,1
TCGA-OL-A66O-01A-11R-A31O-07,0.8509948899226215,1
TCGA-5L-AAT1-01A-12R-A41B-07,0.7388760064733909,0
TCGA-55-6986-01A-11R-1949-07,0.5901976929997638,1
TCGA-FB-A4P5-01A-11R-A26U-07,0.4218200674532122,1
TCGA-AK-3428-01A-02R-1277-07,0.589439026670251,0
TCGA-4T-AA8H-01A-11R-A41B-07,0.5971330979253314,1
TCGA-L5-A88Y-01A-11R-A354-31,0.7468777843450807,1
TCGA-VN-A88K-01A-11R-A352-07,0.5606771080582263,0
TCGA-58-A46N-01A-11R-A24H-07,0.493182159545937,1
TCGA-YL-A9WH-01A-11R-A37L-07,0.8931263788575344,1
TCGA-44-6776-01A-11R-1858-07,0.6308423069474383,0
TCGA-97-A4M6-01A-11R-A24X-07,0.5216107291939597,1
TCGA-33-4583-01A-01R-1443-07,0.5213943041988417,1
TCGA-2Y-A9H9-01A-21R-A39D-07,0.29266351976932525,0
TCGA-D8-A27L-01A-11R-A16F-07,0.47321785143148576,1
TCGA-F4-6704-01A-11R-1839-07,0.9396903841036748,1
TCGA-63-A5MY-01A-11R-A26W-07,0.7517230670231393,1
TCGA-AA-3666-01A-02R-0905-07,0.5524229189182627,1
TCGA-A8-A08Z-01A-21R-A00Z-07,0.5481357630177949,1
TCGA-V1-A9Z9-01A-21R-A41O-07,0.32209998563321957,1
TCGA-3A-A9IR-01A-11R-A38C-07,0.9868027557250938,1
TCGA-24-1436-01A-01R-1566-13,0.5560191889153739,0
TCGA-BH-A0AU-01A-11R-A12P-07,0.5194705960810093,1
TCGA-G9-6379-01A-11R-A31N-07,0.8987692154013334,0
TCGA-DD-AADR-01A-11R-A41C-07,0.37537834867634795,1
TCGA-EB-A4OY-01A-11R-A266-07,0.3488456541955741,1
TCGA-63-A5MG-01A-12R-A27Q-07,0.7012542118601134,0
TCGA-BP-4341-01A-01R-1289-07,0.5772058101142804,1
TCGA-B8-5550-01A-01R-1541-07,0.7006683317520485,1
TCGA-50-5935-01A-11R-1755-07,0.5385081177911775,1
TCGA-D5-6929-01A-31R-1928-07,0.5650604891274895,1
TCGA-55-A48X-01A-11R-A24H-07,0.448677372052808,1
TCGA-BH-A0HA-01A-11R-A12P-07,0.6739513651909362,1
TCGA-AD-5900-01A-11R-1653-07,0.5355176481465939,0
TCGA-50-5049-01A-01R-1628-07,0.6489694603692959,1
TCGA-BH-A0B7-01A-12R-A115-07,0.6327100029069826,1
TCGA-33-AAS8-01A-11R-A405-07,0.487958174685981,1
TCGA-BH-A0GZ-01A-11R-A056-07,0.6464774430500697,1
TCGA-LN-A4A1-01A-21R-A260-31,0.6292145416637208,1
TCGA-XK-AAIW-01A-11R-A41O-07,0.9554498639239523,1
TCGA-98-8021-01A-11R-2247-07,0.5664872308628124,1
TCGA-B6-A0WX-01A-11R-A109-07,0.7151345864709592,1
TCGA-EB-A82B-01A-11R-A352-07,0.5942425761896163,0
TCGA-25-1324-01A-01R-1565-13,0.6093727347747581,1
TCGA-13-1482-01A-01R-1565-13,0.6002823658151581,1
TCGA-KH-A6WC-01A-11R-A336-31,0.7955130774947974,1
TCGA-KC-A7FA-01A-21R-A33R-07,0.542102762042364,1
TCGA-B2-4098-01A-02R-1325-07,0.906445633183689,1
TCGA-EJ-A7NH-01A-12R-A33R-07,0.3560752764732115,0
TCGA-CJ-5686-01A-11R-1672-07,0.35773048354056997,0
TCGA-V1-A8MU-01A-11R-A37L-07,0.4786519187692346,0
TCGA-67-3774-01A-01R-0946-07,0.5756101931443567,1
TCGA-93-8067-01A-11R-2287-07,0.6711208500665132,1
TCGA-CJ-4923-01A-01R-1426-07,0.7618412227405942,1
TCGA-G6-A8L6-01A-11R-A37O-07,0.761057850237061,1
TCGA-EB-A5SF-01A-11R-A311-07,0.4060169283581271,1
TCGA-34-2600-01A-01R-0851-07,0.7700132625977648,1
TCGA-E9-A1NF-01A-11R-A14D-07,0.6899926009688679,1
TCGA-A8-A08L-01A-11R-A00Z-07,0.647341278115829,0
TCGA-AO-A0J4-01A-11R-A034-07,0.7575503419989835,1
TCGA-55-8203-01A-11R-2241-07,0.45582034007423633,1
TCGA-LN-A49S-01A-11R-A24K-31,0.653757727000144,1
TCGA-NC-A5HP-01A-11R-A26W-07,0.56088024228177,1
TCGA-BH-A1FB-01A-11R-A13Q-07,0.5766651147061935,1
TCGA-53-A4EZ-01A-12R-A24X-07,0.8313845429194516,1
TCGA-69-7978-01A-11R-2187-07,0.5351650385124261,1
TCGA-UB-AA0U-01A-11R-A38B-07,0.8221425535945046,1
TCGA-44-7662-01A-11R-2066-07,0.5297600118519981,1
TCGA-E2-A14P-01A-31R-A12D-07,0.7761094035460806,1
TCGA-66-2770-01A-01R-0851-07,0.4909817166419551,1
TCGA-GL-A4EM-01A-11R-A24Z-07,0.7453052065647447,1
TCGA-A3-3357-01A-02R-1420-07,0.5933827831773655,1
TCGA-AA-A01D-01A-01R-A00A-07,0.6993389632734875,1
TCGA-39-5040-01A-21R-2125-07,0.8951386630339683,1
TCGA-2Y-A9H6-01A-11R-A39D-07,0.6756399691544599,1
TCGA-38-6178-01A-11R-1755-07,0.5483870018740019,1
TCGA-G3-A25Z-01A-11R-A16W-07,0.3132633019976337,1
TCGA-BH-A204-01A-11R-A157-07,0.6061138381502289,1
TCGA-AA-A01Z-01A-11R-A083-07,0.5304269063618969,1
TCGA-FB-AAPU-01A-31R-A41B-07,0.8450853135828201,1
TCGA-18-3406-01A-01R-0980-07,0.883948352067987,0
TCGA-HC-7742-01A-11R-2118-07,0.5868884614743693,1
TCGA-B0-4691-01A-01R-1277-07,0.7920498797913842,1
TCGA-18-3408-01A-01R-0980-07,0.8350677525186522,0
TCGA-A8-A07W-01A-11R-A00Z-07,0.5741822003336697,1
TCGA-OL-A6VR-01A-32R-A33J-07,0.734742689206067,1
TCGA-CA-6718-01A-11R-1839-07,0.8156935090741333,1
TCGA-04-1357-01A-01R-1565-13,0.7776344731495158,0
TCGA-X4-A8KS-01A-12R-A36G-07,0.7847121802892433,1
TCGA-EW-A2FR-01A-11R-A21T-07,0.6752221329618612,1
TCGA-A8-A0A9-01A-11R-A00Z-07,0.4746813331314172,1
TCGA-J4-A83N-01A-11R-A352-07,0.31260177367112724,1
TCGA-CJ-4872-01A-01R-1305-07,0.412667286017352,1
TCGA-B0-5081-01A-01R-1334-07,0.6735718962721315,1
TCGA-E9-A24A-01A-11R-A169-07,0.458072226784198,0
TCGA-DD-A73E-01A-12R-A32O-07,0.6835518698327676,1
TCGA-LA-A7SW-01A-11R-A405-07,0.7482001344290086,1
TCGA-C8-A12U-01A-11R-A115-07,0.7551225693215583,1
TCGA-B0-5097-01A-01R-1420-07,0.78689078456347,1
TCGA-13-0795-01A-01R-1564-13,0.759061256532171,1
TCGA-A7-A56D-01A-11R-A27Q-07,0.9519193767408891,1
TCGA-G3-A25S-01A-11R-A16W-07,0.3146911735592087,1
TCGA-XQ-A8TA-01A-11R-A36G-07,0.9924896607192342,1
TCGA-BP-4335-01A-01R-1289-07,0.4573067278106361,1
TCGA-CC-5258-01A-01R-A131-07,0.9047357249535887,1
TCGA-HC-A48F-01A-11R-A250-07,0.6702995907948235,1
TCGA-93-A4JN-01A-11R-A24X-07,0.5947610789936999,1
TCGA-DD-AADI-01A-11R-A41C-07,0.594655042969439,0
TCGA-A8-A090-01A-11R-A00Z-07,0.4902542226903742,1
TCGA-66-2785-01A-01R-0851-07,0.825610686891265,0
TCGA-61-2097-01A-02R-1568-13,0.8131848766094313,1
TCGA-5P-A9K2-01A-11R-A42S-07,0.6239985723281881,1
TCGA-KK-A8IC-01A-11R-A36G-07,0.6927981822667987,0
TCGA-A7-A26E-01A-11R-A277-07,0.7598051739089958,1
TCGA-50-5066-01A-01R-1628-07,0.8516147101397119,1
TCGA-D8-A27N-01A-11R-A16F-07,0.5908761201672641,0
TCGA-78-7166-01A-12R-2066-07,0.6742327603341145,0
TCGA-E9-A1R3-01A-31R-A14M-07,0.71194456161809,0
TCGA-97-A4M2-01A-12R-A24X-07,0.5779433142243955,1
TCGA-BQ-7056-01A-11R-1965-07,0.7454682397486762,1
TCGA-13-0724-01A-01R-1564-13,0.4668840658684024,0
TCGA-BH-A0HW-01A-11R-A034-07,0.6783482748495782,1
TCGA-PE-A5DE-01A-11R-A27Q-07,0.6515247037537221,1
TCGA-2L-AAQI-01A-12R-A39D-07,0.5160900644953248,0
TCGA-2A-A8VV-01A-11R-A37L-07,0.3269719613271235,1
TCGA-39-5016-01A-01R-1443-07,0.5042241653336867,0
TCGA-D5-6930-01A-11R-1928-07,0.6513127419788008,1
TCGA-D8-A27I-01A-11R-A16F-07,0.5264613977726499,1
TCGA-V1-A8ML-01A-11R-A37L-07,0.4080576789567492,1
TCGA-85-6798-01A-11R-1949-07,0.5531361522722276,1
TCGA-AA-3510-01A-01R-1410-07,0.4579866904690008,1
TCGA-98-A53A-01A-11R-A262-07,0.5416451819113574,1
TCGA-A4-A772-01A-11R-A33Z-07,0.22778676510844828,0
TCGA-MP-A4TC-01A-11R-A24X-07,0.5802820682181606,1
TCGA-49-6745-01A-11R-1858-07,0.5737816279496732,1
TCGA-10-0927-01A-02R-1564-13,0.5673497692984615,0
TCGA-A2-A0CT-01A-31R-A056-07,0.655618569964486,1
TCGA-99-8025-01A-11R-2241-07,0.5298719180184481,1
TCGA-ZS-A9CE-01A-11R-A37K-07,0.27040244296205074,0
TCGA-AO-A0J6-01A-11R-A034-07,0.8561002878964608,1
TCGA-CA-6715-01A-21R-1839-07,0.5231295042382558,1
TCGA-AR-A255-01A-11R-A169-07,0.43364113784068953,0
TCGA-61-2088-01A-01R-1568-13,0.7675498313290852,1
TCGA-DD-A4NV-01A-11R-A311-07,0.6096066078542267,1
TCGA-K7-A5RF-01A-11R-A28V-07,0.6462868515721213,1
TCGA-RC-A6M6-01A-11R-A32O-07,0.8814490104218742,1
TCGA-EP-A12J-01A-11R-A131-07,0.4698102147532664,1
TCGA-BH-A0BW-01A-11R-A115-07,0.8372498231635581,1
TCGA-56-A4BY-01A-11R-A24H-07,0.5958962162379433,1
TCGA-AA-3980-01A-02R-1022-07,0.63194216680344,1
TCGA-55-8507-01A-11R-2403-07,0.5495651209693575,0
TCGA-BH-A0BS-01A-11R-A12P-07,0.5232032845399751,1
TCGA-DD-A4NH-01A-11R-A27V-07,0.942567040528793,1
TCGA-L9-A443-01A-12R-A24H-07,0.649407332023899,1
TCGA-IB-7893-01A-11R-2204-07,0.8724709314208936,0
TCGA-C8-A26W-01A-11R-A16F-07,0.5593876041555191,1
TCGA-AA-3866-01A-01R-1022-07,0.5472049819934663,1
TCGA-AA-3966-01A-01R-1113-07,0.8215146218096131,0
TCGA-24-1425-01A-02R-1566-13,0.833433266785571,1
TCGA-J9-A52D-01A-11R-A29R-07,0.7663511362920777,1
TCGA-2Z-A9JQ-01A-11R-A42S-07,0.7421011503054141,1
TCGA-AA-3941-01A-01R-1022-07,0.6473489926526751,1
TCGA-77-7337-01A-21R-2045-07,0.6006858156917363,1
TCGA-92-8063-01A-11R-2247-07,0.6037553700187815,1
TCGA-BH-A0EA-01A-11R-A115-07,0.6581285511599541,1
TCGA-EJ-7330-01A-11R-2118-07,0.6447985867151296,1
TCGA-CC-A3MC-01A-11R-A22L-07,0.6402942279126744,1
TCGA-DD-AADD-01A-11R-A41C-07,0.7329495168499229,1
TCGA-EJ-7314-01A-31R-2118-07,0.4670404777876815,1
TCGA-E2-A109-01A-11R-A10J-07,0.5857332467594378,1
TCGA-AO-A1KR-01A-12R-A144-07,0.9125987749864178,1
TCGA-EJ-A7NK-01A-12R-A352-07,0.37533537839327663,1
TCGA-56-A4ZK-01A-11R-A262-07,0.4313003091299443,1
TCGA-B0-5117-01A-01R-1420-07,0.9882498889466063,0
TCGA-A2-A04R-01A-41R-A109-07,0.5091963235223923,1
TCGA-78-7152-01A-11R-2039-07,0.5993323398708591,1
TCGA-EB-A41B-01A-11R-A24X-07,0.6942782483589702,1
TCGA-50-6592-01A-11R-1755-07,0.6766480006546131,0
TCGA-E9-A1NA-01A-11R-A144-07,0.6433917231817513,1
TCGA-97-8552-01A-11R-2403-07,0.602871004775868,1
TCGA-DD-A4NQ-01A-21R-A28V-07,0.805147664406788,1
TCGA-QG-A5YX-01A-11R-A28H-07,0.5566075821829631,1
TCGA-38-4632-01A-01R-1755-07,0.6652455750638402,0
TCGA-ZP-A9D1-01A-11R-A38B-07,0.6984629990240446,0
TCGA-E9-A1RF-01A-11R-A157-07,0.5826703006309528,1
TCGA-AA-3681-01A-01R-0905-07,0.43778135305975757,1
TCGA-BH-A0BR-01A-21R-A115-07,0.7289031788836622,1
TCGA-CA-5254-01A-21R-1839-07,0.7784152995212384,1
TCGA-18-3417-01A-01R-1443-07,0.7340188642015039,1
TCGA-86-A4P7-01A-11R-A24X-07,0.44322497806613137,1
TCGA-24-1924-01A-01R-1567-13,0.5528676421112796,1
TCGA-AO-A0JL-01A-11R-A056-07,0.8478716247715835,0
TCGA-ED-A7PX-01A-51R-A352-07,0.9667952207229783,0
TCGA-29-1696-01A-01R-1567-13,0.7975131588127614,1
TCGA-AC-A8OP-01A-11R-A36F-07,0.6155752862327927,0
TCGA-BP-5202-01A-02R-1426-07,0.27378157526676894,1
TCGA-EP-A26S-01A-11R-A16W-07,0.5158960153630409,1
TCGA-77-8144-01A-11R-2247-07,0.6909356106702913,1
TCGA-60-2713-01A-01R-0851-07,0.5280578195114407,0
TCGA-AO-A03T-01A-21R-A034-07,0.7358617044692553,1
TCGA-NK-A5D1-01A-11R-A26W-07,0.8152179099345742,1
TCGA-NI-A8LF-01A-11R-A36F-07,0.5397518899869131,1
TCGA-B0-4693-01A-01R-1277-07,0.3259864108600122,0
TCGA-CH-5761-01A-11R-1580-07,0.9738356561341619,1
TCGA-VR-A8EW-01A-11R-A36D-31,0.4640597252743727,1
TCGA-09-0364-01A-02R-1564-13,0.7294285037572238,1
TCGA-US-A77E-01A-11R-A32O-07,0.35088122779726677,1
TCGA-BP-4329-01A-02R-1289-07,0.4488344636032668,1
TCGA-E9-A2JS-01A-11R-A180-07,0.6332102413118758,0
TCGA-L5-A8NN-01A-11R-A37I-31,0.8414668474532375,1
TCGA-BP-4169-01A-02R-1289-07,0.5619376930843981,1
TCGA-DD-A3A5-01A-11R-A22L-07,0.3076814085919735,1
TCGA-KK-A7B1-01A-11R-A32O-07,0.49921877846103974,1
TCGA-KR-A7K2-01A-12R-A33R-07,0.4730149814654361,1
TCGA-77-A5G8-01B-11R-A27Q-07,0.43987071857731896,1
TCGA-AA-A00F-01A-01R-A002-07,0.5502410030664828,1
TCGA-BP-4340-01A-01R-1289-07,0.6733587588905818,1
TCGA-BP-4164-01A-02R-1325-07,0.49038263283587025,1
TCGA-B6-A0RU-01A-11R-A084-07,0.761763930380256,1
TCGA-EJ-7794-01A-11R-2118-07,0.6175596640605965,1
TCGA-C8-A12P-01A-11R-A115-07,0.704374591446905,1
TCGA-09-1674-01A-01R-1566-13,0.7083563850527284,1
TCGA-G9-6365-01A-11R-1789-07,0.6498582509956484,1
TCGA-J4-8200-01A-11R-A29R-07,0.5132477122978525,0
TCGA-BH-A0H5-01A-21R-A115-07,0.6695432504146482,1
TCGA-66-2787-01A-01R-0980-07,0.5037616977268323,1
TCGA-XK-AAIV-01A-11R-A41O-07,0.9344663288370191,1
TCGA-G9-6351-01A-21R-1965-07,0.38100627976462215,1
TCGA-BP-4967-01A-01R-1334-07,0.5623538568234238,0
TCGA-39-5036-01A-01R-1443-07,0.5318620864098601,1
TCGA-2J-AAB8-01A-12R-A41B-07,0.4103307077480528,0
TCGA-ZP-A9CV-01A-11R-A38B-07,0.4503567139321244,1
TCGA-A6-5667-01A-21R-1723-07,0.6296072166795645,1
TCGA-XJ-A83F-01A-11R-A352-07,0.4868811909585206,1
TCGA-BP-4160-01A-02R-1289-07,0.4732531902885266,1
TCGA-AA-A02H-01A-01R-A089-07,0.5248296002776469,1
TCGA-SU-A7E7-01A-22R-A33R-07,0.4058576318237774,1
TCGA-LN-A8HZ-01A-11R-A36D-31,0.4371512916364585,1
TCGA-VP-A87C-01A-11R-A352-07,0.8233178051999479,1
TCGA-G9-6347-01A-11R-A31N-07,0.9753364691304444,1
TCGA-2L-AAQM-01A-11R-A39D-07,0.9695664271833819,0
TCGA-CA-5797-01A-01R-1653-07,0.6231428558638519,1
TCGA-2J-AABA-01A-21R-A41B-07,0.5173300657095268,1
TCGA-77-8156-01A-11R-2247-07,0.5446959719149602,1
TCGA-VR-A8EZ-01A-11R-A36D-31,0.835656197691927,0
TCGA-J9-A52C-01A-11R-A26U-07,0.7857618549699937,1
TCGA-BP-4989-01A-01R-1334-07,0.7540489643043128,0
TCGA-EB-A3Y7-01A-11R-A239-07,0.28342671682099063,1
TCGA-13-1506-01A-01R-1565-13,0.5001968098356788,1
TCGA-EJ-A46D-01A-21R-A32Y-07,0.2428375190491272,0
TCGA-HC-A631-01A-11R-A29R-07,0.7012269781858285,1
TCGA-69-7761-01A-11R-2170-07,0.7289843844125237,1
TCGA-61-2092-01A-01R-1568-13,0.9351690542444405,1
TCGA-BH-A1FN-01A-11R-A13Q-07,0.6489734947071772,1
TCGA-G3-A25X-01A-11R-A16W-07,0.8475199002779723,1
TCGA-34-8455-01A-11R-2326-07,0.5169931471430308,1
TCGA-BP-4972-01A-01R-1334-07,0.274493333162231,0
TCGA-13-0885-01A-02R-1569-13,0.6145951345425725,0
TCGA-CJ-6027-01A-11R-1672-07,0.8485489989807737,0
TCGA-O1-A52J-01A-11R-A262-07,0.6631884826348008,1
TCGA-EB-A3XB-01A-11R-A239-07,0.7086923216489208,1
TCGA-KK-A7AY-01A-11R-A33R-07,0.7680955132491821,1
TCGA-AA-3930-01A-01R-1022-07,0.6007135540882804,0
TCGA-49-4506-01A-01R-1206-07,0.8556314867638135,1
TCGA-61-2000-01A-01R-1568-13,0.605572448736456,1
TCGA-Z5-AAPL-01A-12R-A41B-07,0.8934030928782338,1
TCGA-ZG-A9LU-01A-11R-A41O-07,0.8199324245899619,1
TCGA-JY-A93F-01A-21R-A37I-31,0.5719238096083213,0
TCGA-66-2800-01A-01R-1201-07,0.4803630151273571,1
TCGA-66-2773-01A-01R-1201-07,0.5208716573448013,0
TCGA-C8-A27A-01A-11R-A169-07,0.7183170601802995,1
TCGA-G7-A8LE-01A-11R-A36F-07,0.6100519520661475,1
TCGA-HC-7819-01A-11R-2118-07,0.3818512749892216,0
TCGA-50-5936-01A-11R-1628-07,0.6407960632214535,1
TCGA-86-8359-01A-11R-2326-07,0.5877126613205647,1
TCGA-AA-3518-01A-02R-0826-07,0.4345500738849915,1
TCGA-HC-7211-01A-11R-2118-07,0.8102075205739714,1
TCGA-BH-A0C0-01A-21R-A056-07,0.6725803115104986,1
TCGA-AA-A02O-01A-21R-A16W-07,0.6522568924404359,1
TCGA-KK-A8I5-01A-11R-A36G-07,0.447993392781065,1
TCGA-BP-5000-01A-01R-1334-07,0.5443467322508614,1
TCGA-A8-A09X-01A-11R-A00Z-07,0.7345855580828162,1
TCGA-ER-A2NF-01A-11R-A18T-07,0.8691079699784151,0
TCGA-BH-A6R8-01A-21R-A33J-07,0.7068515522007434,0
TCGA-44-2661-01A-01R-1107-07,0.6504879616417102,1
TCGA-AO-A0J2-01A-11R-A034-07,0.7919565994190719,1
TCGA-IG-A5B8-01A-11R-A28J-31,0.781405914167349,1
TCGA-55-8512-01A-11R-2403-07,0.6540704340249945,0
TCGA-HE-A5NJ-01A-11R-A26U-07,0.6360579958659854,0
