sample_id,score,y_member
TCGA-B0-5115-01A-01R-1420-07,0.2206611686968994,1
TCGA-EJ-A46E-01A-31R-A250-07,0.14949460976372073,1
TCGA-DD-AAE7-01A-11R-A41C-07,0.32215846740033177,1
TCGA-Z6-A8JE-01A-11R-A37I-31,0.7930499386945576,1
TCGA-A8-A08F-01A-11R-A00Z-07,0.9461251647470181,1
TCGA-59-2350-01A-01R-1569-13,0.908485147887571,1
TCGA-CZ-4858-01A-01R-1305-07,0.5039235675056186,1
TCGA-CZ-5470-01A-01R-1503-07,0.21173233593799712,0
TCGA-AN-A0XN-01A-21R-A109-07,0.9433727344054045,1
TCGA-37-A5EL-01A-11R-A26W-07,0.9284410494520146,1
TCGA-46-6025-01A-11R-1820-07,0.7265554360248396,1
TCGA-AN-A0XS-01A-22R-A109-07,0.9589791083201819,1
TCGA-M7-A725-01A-12R-A32O-07,0.3838645300540753,1
TCGA-XN-A8T3-01A-11R-A36G-07,0.9504032778674819,1
TCGA-3K-AAZ8-01A-12R-A39D-07,0.3523645448484065,1
TCGA-B9-5155-01A-01R-1592-07,0.162691438387816,1
TCGA-OK-A5Q2-01A-11R-A27Q-07,0.9522339237987167,1
TCGA-2Y-A9H8-01A-11R-A39D-07,0.48650740286869165,1
TCGA-30-1866-01A-02R-1568-13,0.662331006572522,1
TCGA-SX-A7SO-01A-11R-A355-07,0.18046876036399037,1
TCGA-55-7283-01A-11R-2039-07,0.9448070733384107,0
TCGA-M7-A720-01A-12R-A32O-07,0.24248844026721508,1
TCGA-91-6828-01A-11R-1858-07,0.9467045697224099,0
TCGA-D8-A1JF-01A-11R-A13Q-07,0.8561629680728224,1
TCGA-D8-A1JG-01B-11R-A13Q-07,0.9205544367765722,0
TCGA-AL-3468-01A-02R-1351-07,0.17445996276471334,0
TCGA-21-1082-01A-01R-0692-07,0.8164143983801062,1
TCGA-A4-8311-01A-11R-2404-07,0.17959175758973436,1
TCGA-BD-A3EP-01A-11R-A22L-07,0.4178746350222574,0
TCGA-92-7340-01A-21R-2045-07,0.9232301482884262,0
TCGA-EJ-A65B-01A-12R-A30B-07,0.21373990293042822,1
TCGA-HC-8261-01B-05R-2302-07,0.3207530669897419,1
TCGA-AZ-6601-01A-11R-1774-07,0.9603941370576967,1
TCGA-B0-4703-01A-01R-1277-07,0.2966209092644486,0
TCGA-AA-A004-01A-01R-A00A-07,0.17431532560471968,1
TCGA-30-1862-01A-02R-1568-13,0.9545117381060625,1
TCGA-09-2045-01A-01R-1568-13,0.74115675260744,1
TCGA-E2-A10F-01A-11R-A10J-07,0.964605313953663,1
TCGA-OL-A6VO-01A-12R-A33J-07,0.9173494574223771,1
TCGA-BQ-5884-01A-11R-1592-07,0.49441372834446884,1
TCGA-49-4507-01A-01R-1206-07,0.7747585756517608,1
TCGA-ZG-A9LS-01A-12R-A41O-07,0.9637894626134698,1
TCGA-AN-A0FW-01A-11R-A034-07,0.9542212619786972,1
TCGA-A6-A5ZU-01A-11R-A28H-07,0.790910123102694,1
TCGA-QU-A6IL-01A-11R-A31N-07,0.2301932593940129,0
TCGA-67-4679-01B-01R-1755-07,0.9113894558244758,1
TCGA-DM-A28G-01A-11R-A16W-07,0.42000719925227253,1
TCGA-IB-AAUV-01A-11R-A38C-07,0.45984615174010246,0
TCGA-FB-AAPZ-01A-11R-A41B-07,0.954519397634512,1
TCGA-DD-AAEG-01A-11R-A39D-07,0.39215202152560524,1
TCGA-24-0975-01A-02R-1565-13,0.9002960494004064,1
TCGA-AA-3841-01A-01R-0905-07,0.20504058821218474,1
TCGA-75-6211-01A-11R-1755-07,0.905958740901965,1
TCGA-IB-7887-01A-11R-2156-07,0.9315382977236473,0
TCGA-78-7161-01A-11R-2039-07,0.9069583386215191,1
TCGA-B0-5699-01A-11R-1541-07,0.46646402272240645,0
TCGA-DD-A113-01A-11R-A131-07,0.5972668932805585,1
TCGA-E9-A1R2-01A-11R-A14D-07,0.9623189196335982,1
TCGA-78-7536-01A-11R-2066-07,0.9502242816731988,0
TCGA-B6-A0WY-01A-11R-A109-07,0.9578420763291997,1
TCGA-ZP-A9CY-01A-11R-A38B-07,0.3028107995236956,1
TCGA-EJ-5495-01A-01R-1580-07,0.1568128205067165,1
TCGA-2H-A9GJ-01A-11R-A37I-31,0.7765467047122026,1
TCGA-AA-3955-01A-02R-1022-07,0.23322551141239622,1
TCGA-20-1684-01A-01R-1566-13,0.7320892088681806,1
TCGA-AA-3697-01A-01R-1723-07,0.7057135074231737,1
TCGA-56-5898-01A-11R-1635-07,0.921078523751871,1
TCGA-BP-4801-01A-02R-1420-07,0.17815480786596247,1
TCGA-D8-A146-01A-31R-A115-07,0.9650342465675212,1
TCGA-DD-AACJ-01A-11R-A41C-07,0.4211728051601263,1
TCGA-BQ-5892-01A-11R-1592-07,0.40402671849258254,0
TCGA-BH-A0BF-01A-21R-A12P-07,0.9504565740211935,1
TCGA-HZ-8003-01A-21R-2204-07,0.8792333113789369,1
TCGA-BH-A1EU-01A-11R-A137-07,0.21459061899802082,1
TCGA-61-1900-01A-01R-1567-13,0.8771117956920388,1
TCGA-AM-5821-01A-01R-1653-07,0.6894739860000471,1
TCGA-A7-A26J-01A-11R-A169-07,0.7634578131016423,0
TCGA-AR-A1AT-01A-11R-A12P-07,0.9596518710312802,1
TCGA-OL-A5S0-01A-11R-A28M-07,0.7829682750303019,1
TCGA-63-6202-01A-11R-1820-07,0.9257385502163449,1
TCGA-A2-A3XV-01A-21R-A239-07,0.3009781474336298,1
TCGA-CH-5772-01A-11R-1580-07,0.27837210009721264,0
TCGA-OL-A5DA-01A-11R-A27Q-07,0.9349775944865761,1
TCGA-2Z-A9J1-01A-11R-A38C-07,0.25864714048754733,1
TCGA-LN-A8I0-01A-11R-A36D-31,0.8055435601674341,1
TCGA-50-8460-01A-11R-2326-07,0.9516925443475496,1
TCGA-86-8279-01A-11R-2287-07,0.9396027149549834,1
TCGA-56-A4ZJ-01A-11R-A262-07,0.9154131149578786,1
TCGA-67-3770-01A-01R-0946-07,0.5515520743697719,1
TCGA-A2-A0YF-01A-21R-A109-07,0.8320363056952254,1
TCGA-85-A50Z-01A-21R-A262-07,0.8514571605269425,1
TCGA-G9-6363-01A-21R-1789-07,0.9330387680687112,0
TCGA-G7-6790-01A-11R-1965-07,0.1732642360603705,1
TCGA-AR-A1AM-01A-41R-A22K-07,0.9444100087139962,1
TCGA-E2-A10C-01A-21R-A10J-07,0.9093456163107712,1
TCGA-AA-A00L-01A-01R-A002-07,0.23985985179852612,1
TCGA-55-7995-01A-11R-2187-07,0.9162029723090208,1
TCGA-G4-6309-01A-21R-1839-07,0.24436655344650146,0
TCGA-CJ-4908-01A-01R-1426-07,0.16495688643188033,1
TCGA-EJ-A46B-01A-31R-A250-07,0.23166242693289457,1
TCGA-AR-A24Z-01A-11R-A169-07,0.8788793456392717,1
TCGA-A6-2685-01A-01R-1410-07,0.17046808862218715,1
TCGA-A4-A5DU-01A-11R-A28H-07,0.16578378317364506,1
TCGA-AZ-6600-01A-11R-1774-07,0.9605280941756473,0
TCGA-CC-A7IH-01A-11R-A33J-07,0.312433976171287,1
TCGA-QU-A6IM-01A-11R-A31N-07,0.22984904511672652,1
TCGA-LN-A49M-01A-21R-A260-31,0.21764185597559443,1
TCGA-66-2765-01A-01R-0851-07,0.5945602732707084,1
TCGA-A8-A0AB-01A-11R-A034-07,0.77625366525951,0
TCGA-S3-AA14-01A-11R-A41B-07,0.9518600172286339,0
TCGA-98-A538-01A-11R-A262-07,0.5866192460566564,0
TCGA-CM-6166-01A-11R-1653-07,0.3955570159296379,1
TCGA-5M-AAT4-01A-11R-A41B-07,0.40086522505486555,1
TCGA-61-2008-01A-02R-1568-13,0.937391186395339,1
TCGA-B6-A0X0-01A-21R-A115-07,0.952327584701639,1
TCGA-86-8281-01A-11R-2287-07,0.8406641595277762,1
TCGA-24-1546-01A-01R-1566-13,0.9238537271077334,1
TCGA-V1-A9OL-01A-11R-A41O-07,0.9542247037550933,1
TCGA-BH-A201-01A-11R-A14M-07,0.9585772586576092,1
TCGA-18-3409-01A-01R-0980-07,0.8864968174624641,1
TCGA-F4-6461-01A-11R-1774-07,0.9405624801886135,0
TCGA-AA-A02E-01A-01R-A00A-07,0.725704568117867,1
TCGA-YL-A9WY-01A-11R-A41O-07,0.9567699408381221,1
TCGA-B0-5102-01A-01R-1420-07,0.9228289223210766,1
TCGA-G9-7521-01A-11R-2263-07,0.7910094640949834,1
TCGA-CJ-4902-01A-01R-1426-07,0.27266293209231096,1
TCGA-CA-6717-01A-11R-1839-07,0.9403694642224626,1
TCGA-IG-A5S3-01A-11R-A28J-31,0.9045526723296904,1
TCGA-EJ-5497-01A-02R-1580-07,0.28987137935006524,1
TCGA-BF-A5EO-01A-12R-A27Q-07,0.2537483180080699,1
TCGA-85-A4JC-01A-11R-A24Z-07,0.883091588308055,1
TCGA-44-3917-01A-01R-A278-07,0.9500518833190776,0
TCGA-A8-A08H-01A-21R-A00Z-07,0.9083035464392388,1
TCGA-95-A4VN-01A-11R-A262-07,0.9347717075295748,0
TCGA-B0-5693-01A-11R-1541-07,0.19857289365460537,1
TCGA-77-8138-01A-11R-2247-07,0.7481900716894684,0
TCGA-KK-A7B0-01A-11R-A32O-07,0.17370838187248436,1
TCGA-B0-5083-01A-02R-1420-07,0.16072060673935043,1
TCGA-GM-A2DA-01A-11R-A18M-07,0.9242668349274361,1
TCGA-A2-A3KD-01A-12R-A213-07,0.9574044509186104,1
TCGA-DD-A39Y-01A-11R-A213-07,0.44249402533684645,1
TCGA-B6-A0WZ-01A-11R-A109-07,0.9266949480476511,1
TCGA-A6-2682-01A-01R-1410-07,0.23400136738305466,1
TCGA-D8-A1JU-01A-11R-A13Q-07,0.5166313950111536,1
TCGA-RL-AAAS-01A-32R-A39D-07,0.9235241250006353,1
TCGA-B9-A44B-01A-11R-A24Z-07,0.42973714763676873,1
TCGA-B6-A0I5-01A-11R-A034-07,0.27716443564086934,1
TCGA-BH-AB28-01A-31R-A41B-07,0.9443177125281146,0
TCGA-E9-A1N9-01A-11R-A14D-07,0.9266773108949588,1
TCGA-A3-3363-01A-01R-0864-07,0.2609693416473045,1
TCGA-22-1000-01A-01R-A32Z-07,0.9295056120073286,0
TCGA-KK-A6E4-01A-11R-A30B-07,0.24097642939970973,0
TCGA-BQ-5889-01A-11R-1592-07,0.8808290235384768,1
TCGA-DM-A1HA-01A-11R-A155-07,0.8923143393737829,1
TCGA-BF-A5ER-01A-12R-A27Q-07,0.3058020087749944,0
TCGA-LL-A73Y-01A-11R-A33J-07,0.9049514155549869,1
TCGA-BF-A3DL-01A-11R-A20F-07,0.2611779851162105,1
TCGA-VR-A8EO-01A-11R-A36D-31,0.8307208016055987,0
TCGA-L1-A7W4-01A-12R-A36G-07,0.9338880503844887,0
TCGA-B0-4838-01A-01R-1305-07,0.7239449085671352,1
TCGA-2Y-A9GY-01A-11R-A38B-07,0.43297786096584134,1
TCGA-BP-4343-01A-02R-1289-07,0.23921896361793787,1
TCGA-BQ-5893-01A-11R-1592-07,0.9346024701312847,1
TCGA-HP-A5MZ-01A-21R-A27V-07,0.2027302590420731,0
TCGA-A7-A4SE-01A-11R-A266-07,0.9127136434456384,1
TCGA-66-2783-01A-01R-1201-07,0.6443400482825203,1
TCGA-73-4675-01A-01R-1206-07,0.9280032604458923,1
TCGA-D5-5538-01A-01R-1653-07,0.9481938465108484,1
TCGA-YL-A8SO-01B-31R-A37L-07,0.8613724146316277,1
TCGA-E2-A15H-01A-11R-A12D-07,0.9566112330637163,1
TCGA-V1-A8WN-01A-11R-A37L-07,0.2715737386890638,1
TCGA-BH-A0EB-01A-11R-A034-07,0.9611798531412193,0
TCGA-DD-A39X-01A-11R-A213-07,0.3295551452410291,1
TCGA-E2-A1LK-01A-21R-A14D-07,0.8640132383890583,1
TCGA-AR-A0TV-01A-21R-A084-07,0.943324016861064,1
TCGA-A1-A0SD-01A-11R-A115-07,0.9675823279232006,1
TCGA-33-AASI-01A-22R-A405-07,0.9067127258216281,1
TCGA-L5-A4OW-01A-11R-A28J-31,0.23740849266972014,0
TCGA-86-7711-01A-11R-2066-07,0.60978456571683,1
TCGA-34-5234-01A-01R-1635-07,0.6542909641627797,1
TCGA-63-7023-01A-11R-1949-07,0.714204636217047,0
TCGA-BP-5191-01A-01R-1426-07,0.18390218835513453,0
TCGA-Q9-A6FW-01A-31R-A31P-31,0.4151024062628525,1
TCGA-CZ-5468-01A-01R-1503-07,0.2656289374148882,1
TCGA-78-7153-01A-11R-2039-07,0.9120691055253523,1
TCGA-DD-A4NA-01A-11R-A266-07,0.9346308525034493,1
TCGA-43-2578-01A-01R-0851-07,0.9016140586830175,1
TCGA-5R-AA1C-01A-11R-A41C-07,0.9252206423641693,1
TCGA-78-7149-01A-11R-2039-07,0.9207966885204637,1
TCGA-CW-5591-01A-01R-1541-07,0.2745151060374128,1
TCGA-13-0906-01A-01R-1564-13,0.7083539010946032,1
TCGA-CJ-4876-01A-01R-1305-07,0.5398937466604965,1
TCGA-M7-A724-01A-12R-A32O-07,0.2806355426834806,0
TCGA-62-A46Y-01A-11R-A24H-07,0.9575522560013534,1
TCGA-C8-A26V-01A-11R-A16F-07,0.9590125344670983,1
TCGA-OL-A5D8-01A-11R-A27Q-07,0.9391957793940571,1
TCGA-77-8143-01A-11R-2247-07,0.4194086617760686,0
TCGA-BH-A0DO-01B-11R-A12D-07,0.9321319700573425,1
TCGA-CJ-5675-01A-11R-1541-07,0.2523694555907196,1
TCGA-A2-A4S0-01A-21R-A266-07,0.9244771570048509,1
TCGA-B9-4117-01A-02R-1351-07,0.6578496379793565,1
TCGA-BP-4352-01A-01R-1289-07,0.7467727301981466,1
TCGA-A2-A0ST-01A-12R-A084-07,0.8069595844466354,0
TCGA-E2-A1IH-01A-11R-A13Q-07,0.9131558714993713,1
TCGA-37-3792-01A-01R-0980-07,0.8039154744776337,1
TCGA-AK-3427-01A-01R-0864-07,0.7290348062897879,1
TCGA-AA-3506-01A-01R-1410-07,0.23514328790875633,1
TCGA-CZ-5466-01A-01R-1503-07,0.9498118229702931,1
TCGA-77-8140-01A-11R-2247-07,0.5669510757483329,1
TCGA-21-5786-01A-01R-1635-07,0.9085948110127797,1
TCGA-86-8075-01A-11R-2241-07,0.9604000579027177,1
TCGA-A3-A8OX-01A-11R-A37O-07,0.9569522452757031,0
TCGA-95-8494-01A-11R-2326-07,0.8927220937344837,1
TCGA-IG-A7DP-01A-31R-A336-31,0.9097849367630821,1
TCGA-AD-6964-01A-11R-1928-07,0.9509141939987218,1
TCGA-A8-A0A6-01A-12R-A056-07,0.9607224799657132,1
TCGA-B0-5711-01A-11R-1672-07,0.30356934522443413,0
TCGA-BH-A1FM-01A-11R-A13Q-07,0.76174832905863,1
TCGA-CH-5771-01A-21R-1580-07,0.23140749791939919,1
TCGA-69-7980-01A-11R-2187-07,0.9565663449036631,1
TCGA-AR-A254-01A-21R-A169-07,0.8773931384443732,1
TCGA-A6-2683-01A-01R-0821-07,0.20771293300889646,1
TCGA-PL-A8LY-01A-11R-A41B-07,0.9467768943859632,1
TCGA-G3-A3CH-01A-11R-A22L-07,0.3714273462359873,1
TCGA-57-1583-01A-01R-1566-13,0.7970430716175496,1
TCGA-A4-8310-01A-11R-2404-07,0.14430250444223908,1
TCGA-XK-AAJP-01A-11R-A41O-07,0.31633101966514887,1
TCGA-EB-A3XE-01A-12R-A239-07,0.17474382738507274,1
TCGA-AN-A0FZ-01A-11R-A034-07,0.9541028523864068,1
TCGA-13-0911-01A-01R-1564-13,0.22675815624635798,1
TCGA-51-6867-01A-11R-2045-07,0.877046992503728,1
TCGA-AN-A04D-01A-21R-A034-07,0.8951110625502985,1
TCGA-DD-AADC-01A-11R-A41C-07,0.8238513103234844,1
TCGA-73-4677-01A-01R-1206-07,0.3762130781234307,1
TCGA-L9-A743-01A-43R-A39D-07,0.9543369402456119,1
TCGA-E9-A6HE-01A-11R-A31O-07,0.34528396001916,1
TCGA-E2-A15D-01A-11R-A115-07,0.9542388634433154,1
TCGA-73-4658-01A-01R-1755-07,0.9334537808075455,1
TCGA-CH-5788-01A-11R-1580-07,0.746862386091325,0
TCGA-E2-A14Z-01A-11R-A115-07,0.957282978498143,1
TCGA-EB-A6QY-01A-12R-A32P-07,0.45069273845892943,1
TCGA-CH-5753-01A-11R-1580-07,0.4068016227978928,1
TCGA-AC-A3W5-01A-11R-A22K-07,0.9310680068103723,1
TCGA-A6-A566-01A-11R-A28H-07,0.9619105857282116,1
TCGA-AA-3994-01A-01R-1113-07,0.7909819369672579,0
TCGA-MS-A51U-01A-31R-A266-07,0.9333751865620408,1
TCGA-13-1509-01A-01R-1565-13,0.40011563513423737,0
TCGA-IG-A6QS-01A-12R-A336-31,0.946494134300087,1
TCGA-EW-A1PG-01A-11R-A144-07,0.8186487994240104,1
TCGA-23-1023-01A-02R-1564-13,0.532052778883628,1
TCGA-XJ-A9DI-01A-11R-A37L-07,0.8124436291504022,1
TCGA-68-A59I-01A-11R-A262-07,0.9424838381381025,1
TCGA-13-0891-01A-01R-1564-13,0.4524586810977653,1
TCGA-A7-A13E-01A-11R-A12P-07,0.8968592494997868,1
TCGA-A8-A07E-01A-11R-A034-07,0.9616941276567545,0
TCGA-EJ-7785-01A-11R-2118-07,0.13447769272136,1
TCGA-98-A53C-01A-11R-A262-07,0.30619957689407185,1
TCGA-IB-A7M4-01A-11R-A36G-07,0.875443793711676,0
TCGA-78-7146-01A-11R-2039-07,0.6341210726618107,1
TCGA-2Z-A9J9-01A-11R-A42S-07,0.9082599211560731,0
TCGA-FR-A726-01A-11R-A32P-07,0.7005448836240369,1
TCGA-49-4487-01A-21R-1858-07,0.9224607351405073,0
TCGA-C8-A278-01A-11R-A169-07,0.9111038412440919,1
TCGA-MP-A4T9-01A-11R-A24X-07,0.954365593434044,1
TCGA-BH-A1FG-01A-11R-A13Q-07,0.9351100312535181,1
TCGA-CK-6746-01A-11R-1839-07,0.7821828653667021,1
TCGA-E9-A1N8-01A-11R-A144-07,0.8972423684988333,1
TCGA-2Z-A9J6-01A-11R-A38C-07,0.189434404092704,1
TCGA-A6-6137-01A-11R-1774-07,0.8733663760665119,1
TCGA-V1-A9OA-01A-11R-A41O-07,0.659036921729332,1
TCGA-HV-A7OP-01A-11R-A33R-07,0.8095188098907132,1
TCGA-KK-A7B3-01A-11R-A33R-07,0.9497671883966066,0
TCGA-UB-A7MA-01A-11R-A33R-07,0.8097498474999091,0
TCGA-VR-AA7D-01A-11R-A406-31,0.4644311893692929,0
TCGA-D8-A1Y0-01A-11R-A14M-07,0.9432516868592228,1
TCGA-DD-A4NF-01A-11R-A27V-07,0.734530401540715,1
TCGA-AR-A24Q-01A-12R-A169-07,0.9379400955330152,1
TCGA-BP-4986-01A-01R-1334-07,0.41217806651763433,0
TCGA-L4-A4E6-01A-11R-A24H-07,0.3326769886340926,1
TCGA-EJ-A46F-01A-31R-A250-07,0.28070502013321263,1
TCGA-21-1078-01A-01R-0692-07,0.9411319542826356,1
TCGA-33-4587-01A-11R-2125-07,0.9333714429793771,0
TCGA-VN-A88Q-01A-11R-A352-07,0.3456518960033641,1
TCGA-RC-A7S9-01A-11R-A33R-07,0.2813457930078942,1
TCGA-98-A53J-01A-11R-A26W-07,0.7509345854000737,1
TCGA-B0-5705-01A-11R-1541-07,0.2538522539201808,1
TCGA-97-7546-01A-11R-2039-07,0.9321078972217376,1
TCGA-YL-A8SQ-01B-11R-A37L-07,0.8613515190280143,1
TCGA-AA-3712-01A-21R-1723-07,0.7696280965407332,1
TCGA-AR-A5QM-01A-11R-A27Q-07,0.9477103102589612,1
TCGA-HC-7077-01A-11R-1965-07,0.24983815180901464,1
TCGA-66-2795-01A-02R-0980-07,0.6371419565188066,1
TCGA-BP-4977-01A-01R-1334-07,0.9610319926619113,1
TCGA-CZ-5988-01A-11R-1672-07,0.25295923915013163,1
TCGA-LL-A5YP-01A-21R-A28M-07,0.9059707030267116,1
TCGA-B0-4706-01A-01R-1503-07,0.21474672464205732,1
TCGA-29-1784-01A-02R-1567-13,0.4193798349072498,1
TCGA-55-7903-01A-11R-2170-07,0.9479194657671828,1
TCGA-CM-6680-01A-11R-1839-07,0.9481583982566788,0
TCGA-49-6743-01A-11R-1858-07,0.9072587018305478,0
TCGA-B0-4815-01A-01R-1503-07,0.7395654625410576,1
TCGA-EW-A1PE-01A-11R-A144-07,0.9534852446426824,1
TCGA-VN-A88I-01A-11R-A352-07,0.11768783118663517,0
TCGA-NJ-A7XG-01A-12R-A39D-07,0.783517619842599,1
TCGA-G7-A8LC-01A-11R-A36F-07,0.23318404223079964,1
TCGA-G9-7525-01A-31R-2263-07,0.2611936904300785,0
TCGA-A3-3362-01A-02R-1325-07,0.18969377968471163,1
TCGA-AN-A0AR-01A-11R-A00Z-07,0.949381276041191,0
TCGA-R6-A8WC-01A-11R-A37I-31,0.3740674244708746,1
TCGA-73-A9RS-01A-11R-A41B-07,0.7688164845479188,0
TCGA-05-4390-01A-02R-1755-07,0.8902239312610654,1
TCGA-CM-5349-01A-21R-1723-07,0.9547781125868737,1
TCGA-CJ-4637-01A-02R-1325-07,0.25970056687103493,1
TCGA-CJ-4897-01A-03R-1426-07,0.283353147254372,1
TCGA-D8-A3Z6-01A-11R-A239-07,0.9531203538650936,1
TCGA-68-7757-01B-11R-2296-07,0.9184271530265088,1
TCGA-HI-7168-01A-11R-2118-07,0.9390329890741702,1
TCGA-DV-A4VZ-01A-11R-A266-07,0.9025597630833649,1
TCGA-CC-A7IJ-01A-11R-A33R-07,0.9268788362426146,1
TCGA-3C-AALJ-01A-31R-A41B-07,0.8810746559612783,1
TCGA-49-4505-01A-01R-1206-07,0.8967866638538943,0
TCGA-V5-A7RE-01A-11R-A354-31,0.20151015357828392,0
TCGA-CC-5261-01A-01R-A131-07,0.8728233778859008,0
TCGA-85-A4CN-01A-11R-A24H-07,0.5911089909865895,0
TCGA-BH-A0HI-01A-11R-A084-07,0.9531984826735963,0
TCGA-55-A48Z-01A-12R-A24X-07,0.9521427566110219,1
TCGA-60-2720-01A-01R-0851-07,0.6225281225448741,1
TCGA-A7-A5ZV-01A-11R-A28M-07,0.9184421702834568,1
TCGA-HC-7231-01A-11R-2118-07,0.3087883638899546,1
TCGA-66-2771-01A-01R-0980-07,0.8769393244074586,1
TCGA-EJ-A65J-01A-11R-A311-07,0.3435797996054414,0
TCGA-G4-6322-01A-11R-1723-07,0.9569766554966526,1
TCGA-IB-A7LX-01A-12R-A36G-07,0.5648329610986739,1
TCGA-86-8669-01A-11R-2403-07,0.9414668558233898,1
TCGA-B0-5697-01A-11R-1541-07,0.7979452595910568,1
TCGA-G4-6323-01A-11R-1723-07,0.9484217058048173,1
TCGA-L5-A4OT-01A-11R-A28J-31,0.519371601648484,1
TCGA-3E-AAAZ-01A-11R-A38C-07,0.9608021929836339,1
TCGA-13-1498-01A-01R-1565-13,0.9398964753754936,1
TCGA-WN-AB4C-01A-11R-A42S-07,0.20999629996295,1
TCGA-AA-A02W-01A-01R-A00A-07,0.9389336372630186,0
TCGA-A6-5660-01A-01R-1653-07,0.9384560220109456,0
TCGA-85-A50M-01A-21R-A262-07,0.920271997479397,1
TCGA-B4-5378-01A-01R-1503-07,0.22370967664114022,1
TCGA-EW-A1PF-01A-11R-A144-07,0.9541763856349321,1
TCGA-44-4112-01B-06R-A277-07,0.46293520513775493,1
TCGA-23-1021-01B-01R-1564-13,0.6548589009857649,1
TCGA-CJ-4888-01A-01R-1305-07,0.7973469864337135,1
TCGA-FB-AAQ6-01A-11R-A41B-07,0.2073789803294383,1
TCGA-39-5021-01A-01R-1443-07,0.756911417674285,1
TCGA-HZ-8638-01A-11R-2404-07,0.9306908701303176,1
TCGA-55-8085-01A-11R-2241-07,0.944116990898999,1
TCGA-24-2038-01A-01R-1568-13,0.8717961651824113,1
TCGA-UZ-A9PS-01A-11R-A42S-07,0.16661232424813127,1
TCGA-23-1022-01A-01R-1564-13,0.9368460555515943,1
TCGA-25-1635-01A-01R-1566-13,0.9395158275266807,1
TCGA-56-8308-01A-11R-2296-07,0.9240189435390032,1
TCGA-A7-A13G-01A-11R-A13Q-07,0.8281808417345023,0
TCGA-BH-A0DX-01A-11R-A115-07,0.9496111405947325,1
TCGA-BH-A0HO-01A-11R-A034-07,0.9468581597154793,1
TCGA-A8-A092-01A-11R-A00Z-07,0.522255448564875,0
TCGA-A8-A08I-01A-11R-A00Z-07,0.929454893408643,1
TCGA-QU-A6IO-01A-11R-A31N-07,0.2393470201740684,1
TCGA-D8-A1XO-01A-11R-A14M-07,0.8725567916813595,1
TCGA-HE-A5NL-01A-11R-A26U-07,0.19363125684242738,1
TCGA-CZ-5984-01A-11R-1672-07,0.8179734539773958,1
TCGA-EJ-A7NJ-01A-22R-A352-07,0.2845550056199161,0
TCGA-A6-6653-01A-11R-1774-07,0.2063087290845766,1
TCGA-BC-4073-01B-02R-A131-07,0.89816885245221,1
TCGA-HZ-7923-01A-12R-2156-07,0.24999482981878496,1
TCGA-AL-7173-01A-11R-2139-07,0.176298607848526,1
TCGA-A2-A1FX-01A-11R-A13Q-07,0.9590049897517088,1
TCGA-AZ-4323-01A-21R-1839-07,0.911495207220402,1
TCGA-J4-A67R-01A-21R-A30B-07,0.1601208768574742,0
TCGA-BF-AAP8-01A-11R-A40A-07,0.8885051947733913,1
TCGA-IG-A97H-01A-11R-A38D-31,0.6833658299654676,1
TCGA-DM-A28C-01A-11R-A32Y-07,0.5594508949664574,1
TCGA-NJ-A4YQ-01A-11R-A262-07,0.9368517464261001,0
TCGA-LN-A49K-01A-11R-A24K-31,0.2881107670676881,1
TCGA-44-2655-01A-01R-0946-07,0.748323682209135,1
TCGA-B8-5164-01A-01R-1420-07,0.29170514108853,1
TCGA-IZ-8195-01A-31R-2404-07,0.17905572088972518,1
TCGA-XD-AAUG-01A-61R-A41B-07,0.33963695413076306,1
TCGA-OE-A75W-01A-12R-A32O-07,0.24648872889635343,1
TCGA-UZ-A9PU-01A-11R-A42S-07,0.21642768312794483,0
TCGA-CM-4752-01A-01R-1410-07,0.23287182516099778,1
TCGA-MR-A520-01A-11R-A266-07,0.3014007082880511,1
TCGA-E9-A1R0-01A-22R-A16F-07,0.9534612268991567,0
TCGA-43-8115-01A-11R-2247-07,0.9086887703416463,0
TCGA-F2-A7TX-01A-33R-A38C-07,0.9472931292769466,1
TCGA-13-1404-01A-01R-1565-13,0.9353958490593872,1
TCGA-13-0923-01A-01R-1564-13,0.3512965633671233,1
TCGA-LB-A7SX-01A-11R-A33R-07,0.9478221386617401,0
TCGA-BP-5001-01A-01R-1334-07,0.19416929693969642,1
TCGA-09-1665-01B-01R-1566-13,0.8638316919252597,0
TCGA-GL-A9DC-01A-11R-A37K-07,0.4111385541247528,1
TCGA-IA-A83T-01A-11R-A355-07,0.16281175543871576,1
TCGA-86-8668-01A-11R-2403-07,0.9431696199205842,1
TCGA-A6-5661-01A-01R-1653-07,0.26427423160271335,0
TCGA-V5-A7RC-01B-11R-A406-31,0.4498433847707278,1
TCGA-05-4417-01A-22R-1858-07,0.9584805319699363,1
TCGA-29-1693-01A-01R-1567-13,0.8781351118486186,0
TCGA-AN-A0FX-01A-11R-A034-07,0.9071857497540692,1
TCGA-C8-A135-01A-11R-A115-07,0.9423405010749896,0
TCGA-CM-6162-01A-11R-1653-07,0.17612374908348988,0
TCGA-E2-A15C-01A-31R-A12D-07,0.9637003671865283,1
TCGA-D8-A1JI-01A-11R-A13Q-07,0.8844159296798296,1
TCGA-24-1563-01A-01R-1566-13,0.9237021244499644,1
TCGA-BH-A42V-01A-11R-A24H-07,0.9399569554425549,1
TCGA-A6-6780-01A-11R-1839-07,0.29731830801807635,0
TCGA-A3-3323-01A-02R-1325-07,0.19100822983378857,1
TCGA-B0-4712-01A-01R-1503-07,0.18281261735298232,0
TCGA-85-A4QR-01A-11R-A24Z-07,0.6936428328651769,1
TCGA-EW-A423-01A-11R-A24H-07,0.30443417180077476,1
TCGA-HZ-A8P0-01A-11R-A36G-07,0.9583685649476872,1
TCGA-B1-A47M-01A-11R-A24Z-07,0.16242432193498216,1
TCGA-91-6830-01A-11R-1949-07,0.9449370461643292,1
TCGA-AO-A0J9-01A-11R-A034-07,0.9094020957455358,1
TCGA-V1-A8WV-01A-11R-A37L-07,0.9246883554195489,1
TCGA-LN-A49N-01A-11R-A24K-31,0.3220512752507683,1
TCGA-BF-AAP6-01A-11R-A40A-07,0.19644552027729958,1
TCGA-B6-A401-01A-11R-A239-07,0.9489490501013162,1
TCGA-BQ-7060-01A-11R-1965-07,0.16997828815084587,1
TCGA-EP-A2KB-01A-11R-A180-07,0.667860327195488,1
TCGA-A2-A0SY-01A-31R-A084-07,0.9670941907345394,1
TCGA-CZ-4860-01A-01R-1305-07,0.3356470537925188,1
TCGA-CM-6169-01A-11R-1653-07,0.921685508318012,1
TCGA-85-8353-01A-21R-2296-07,0.840006915432679,0
TCGA-AA-3850-01A-01R-1022-07,0.4788343158266937,0
TCGA-2Z-A9JJ-01A-11R-A42S-07,0.8906515893535191,0
TCGA-C8-A1HE-01A-11R-A13Q-07,0.26554337194641764,0
TCGA-97-7552-01A-11R-2039-07,0.44027810264890566,0
TCGA-YL-A8SC-01A-11R-A37L-07,0.9076245035004501,1
TCGA-BQ-5877-01A-11R-1592-07,0.3818598561576329,1
TCGA-AA-3986-01A-02R-1022-07,0.2567444372945912,1
TCGA-A6-6140-01A-11R-1774-07,0.2890153495049225,0
TCGA-MP-A5C7-01A-11R-A262-07,0.865547121126359,1
TCGA-86-7955-01A-11R-2187-07,0.828467027375028,1
TCGA-A3-3311-01A-02R-1325-07,0.25752673521323455,1
TCGA-MP-A4T8-01A-11R-A24X-07,0.9521922604037099,1
TCGA-49-4488-01A-01R-1755-07,0.8975851171761157,1
TCGA-A8-A07O-01A-11R-A00Z-07,0.7963499139159059,1
TCGA-EJ-7312-01B-21R-A32O-07,0.27713148519184727,1
TCGA-CK-5912-01A-11R-1653-07,0.7595579230602528,1
TCGA-56-6546-01A-11R-1820-07,0.889956120456614,1
TCGA-B6-A1KC-01B-11R-A157-07,0.9339888245691652,1
TCGA-5P-A9JU-01A-11R-A42S-07,0.5738766035404724,1
TCGA-B9-4114-01A-01R-1193-07,0.2391490782058174,1
TCGA-EB-A551-01A-21R-A27Q-07,0.9093124614702577,1
TCGA-A7-A0DB-01A-11R-A277-07,0.8005880254659548,1
TCGA-G4-6628-01A-11R-1839-07,0.9284833372438197,1
TCGA-LD-A66U-01A-11R-A31O-07,0.26374881471128364,1
TCGA-91-6840-01A-11R-1949-07,0.9555758807143793,1
TCGA-EJ-5527-01A-01R-1580-07,0.13238080360126145,1
TCGA-29-2428-01A-01R-1569-13,0.7842262746425526,1
TCGA-22-4601-01A-01R-1443-07,0.9383758368539225,1
TCGA-22-0940-01A-01R-0692-07,0.8439375291038215,1
TCGA-24-1555-01A-01R-1566-13,0.40623958084095474,0
TCGA-F4-6856-01A-11R-1928-07,0.7590210247573095,1
TCGA-LG-A9QD-01A-11R-A38B-07,0.30088883768980873,1
TCGA-B0-4814-01A-01R-1277-07,0.2664302608918533,1
TCGA-DD-A3A7-01A-11R-A22L-07,0.5879049962816564,1
TCGA-BQ-7050-01A-11R-1965-07,0.18027949667462925,1
TCGA-EJ-5524-01A-01R-1580-07,0.1369416470206502,0
TCGA-E9-A22A-01A-11R-A157-07,0.9217708948899812,1
TCGA-BH-A1FJ-01A-11R-A13Q-07,0.9433676721452993,1
TCGA-EJ-5517-01A-01R-1580-07,0.20265035325635622,0
TCGA-FB-AAPP-01A-12R-A41B-07,0.6306100761422762,1
TCGA-EJ-8472-01A-11R-2403-07,0.8245715081194918,1
TCGA-BP-4770-01A-01R-1503-07,0.8526379640967795,1
TCGA-CJ-5681-01A-11R-1541-07,0.29162006594890316,1
TCGA-EJ-5542-01A-01R-1580-07,0.16105515004052248,1
TCGA-13-1407-01A-01R-1565-13,0.9016130004500306,1
TCGA-J7-A8I2-01A-12R-A36F-07,0.8345695429598923,1
TCGA-ED-A627-01A-12R-A311-07,0.26423942853655247,1
TCGA-2J-AABU-01A-11R-A41B-07,0.9481177250346349,1
TCGA-E9-A1QZ-01A-21R-A169-07,0.9572232587162437,1
TCGA-66-2744-01A-01R-0980-07,0.8823048046674911,1
TCGA-29-1781-01A-01R-1567-13,0.7813435511234859,0
TCGA-LN-A49L-01A-11R-A24K-31,0.8028691160536587,1
TCGA-18-4721-01A-01R-1443-07,0.7190755305387913,0
TCGA-A7-A5ZW-01A-12R-A29R-07,0.9473720651915523,1
TCGA-B6-A409-01A-11R-A24H-07,0.7934516961774156,1
TCGA-FC-A4JI-01A-11R-A250-07,0.9253593437082812,0
TCGA-13-1405-01A-01R-1565-13,0.950989561002111,1
TCGA-DD-AADO-01A-11R-A41C-07,0.41195546551782714,1
TCGA-WX-AA46-01A-11R-A39D-07,0.238708922602344,1
TCGA-4N-A93T-01A-11R-A37K-07,0.5123100284248447,1
TCGA-V1-A9OF-01A-11R-A41O-07,0.27112782518034134,1
TCGA-Y8-A897-01A-11R-A36F-07,0.2883676630386496,0
TCGA-A6-3807-01A-01R-1022-07,0.9600390165978179,1
TCGA-DD-A1ED-01A-11R-A155-07,0.18704092559879545,1
TCGA-AO-A0J8-01A-21R-A034-07,0.9653651824715499,1
TCGA-BH-A42T-01A-11R-A24H-07,0.7395502443094082,1
TCGA-25-1329-01A-01R-1565-13,0.9535889442617317,1
TCGA-AO-A12H-01A-11R-A115-07,0.9457162998767062,0
TCGA-G3-A25T-01A-11R-A16W-07,0.942502375337387,1
TCGA-G9-7509-01A-11R-A41O-07,0.27686518852636177,1
TCGA-BC-A8YO-01A-11R-A37K-07,0.47724309455336156,1
TCGA-50-5942-01A-21R-1755-07,0.2466016477269187,1
TCGA-GM-A2DB-01A-31R-A18M-07,0.40013835670529285,0
TCGA-C8-A133-01A-32R-A12D-07,0.9096393122842008,1
TCGA-NC-A5HD-01A-11R-A26W-07,0.7921107166775249,1
TCGA-AR-A0U0-01A-11R-A109-07,0.8823843290198581,1
TCGA-23-1029-01B-01R-1567-13,0.7549534921468035,1
TCGA-HZ-8637-01A-11R-2404-07,0.9349400696051008,1
TCGA-D8-A1JM-01A-11R-A13Q-07,0.8814689417377527,1
TCGA-91-8499-01A-11R-2403-07,0.9379849287377688,1
TCGA-ZP-A9D2-01A-11R-A38B-07,0.9038497441759497,1
TCGA-2Y-A9GV-01A-11R-A38B-07,0.22765221208939973,0
TCGA-B8-A54D-01A-21R-A266-07,0.7268815939412463,1
TCGA-A4-8630-01A-11R-2404-07,0.18217388768781365,1
TCGA-F4-6855-01A-11R-1928-07,0.9449847901080936,0
TCGA-EB-A3HV-01A-11R-A21D-07,0.18176000063445066,1
TCGA-XJ-A83G-01A-11R-A352-07,0.2289342533763922,1
TCGA-AA-3560-01A-01R-0821-07,0.5672141988304364,1
TCGA-D8-A1XA-01A-11R-A14D-07,0.9468519659758473,1
TCGA-BP-4963-01A-01R-1334-07,0.2472636899228233,1
TCGA-04-1338-01A-01R-1564-13,0.9199942187955065,1
TCGA-09-1662-01A-01R-1566-13,0.9543739938798741,1
TCGA-24-1417-01A-01R-1565-13,0.9458925889858152,1
TCGA-ZG-A9LN-01A-11R-A41O-07,0.9457368950461829,0
TCGA-EJ-8474-01A-11R-2403-07,0.33066847502610985,0
TCGA-13-0727-01A-01R-1564-13,0.6128137006804859,1
TCGA-37-5819-01A-01R-1635-07,0.887896991868661,1
TCGA-E2-A1LI-01A-12R-A157-07,0.81940728068823,1
TCGA-77-7138-01A-41R-2045-07,0.8464896573948626,1
TCGA-A2-A3XU-01A-12R-A22U-07,0.9079282347709418,0
TCGA-QG-A5YW-01A-11R-A28H-07,0.9488459093411572,1
TCGA-49-AAR0-01A-21R-A39D-07,0.9379055571399294,0
TCGA-50-6590-01A-12R-1858-07,0.9073550517657725,1
TCGA-55-8510-01A-11R-2403-07,0.938483838382725,0
TCGA-AL-3466-01A-02R-1351-07,0.8892456190960858,1
TCGA-IB-AAUU-01A-11R-A37L-07,0.2649226281655949,1
TCGA-AA-3815-01A-01R-1022-07,0.39149295923447425,1
TCGA-AR-A0TZ-01A-12R-A084-07,0.9327009285429073,1
TCGA-M7-A71Z-01A-12R-A32O-07,0.30916814328048925,1
TCGA-A8-A09C-01A-11R-A00Z-07,0.9325696382140215,0
TCGA-DD-AAE1-01A-11R-A41C-07,0.408521022185519,1
TCGA-BH-A1EX-01A-11R-A13Q-07,0.9494281841833674,1
TCGA-DM-A288-01A-11R-A16W-07,0.9369777608605745,1
TCGA-CC-A5UE-01A-11R-A28V-07,0.3357194585819421,1
TCGA-S8-A6BV-01A-21R-A31P-31,0.903731941673531,1
TCGA-AO-A03O-01A-11R-A00Z-07,0.9183400365695318,1
TCGA-IA-A83W-01A-11R-A355-07,0.7264496176731909,1
TCGA-86-A4P8-01A-11R-A24X-07,0.14026963383680924,1
TCGA-A4-7288-01A-11R-A32Z-07,0.2401700282479865,1
TCGA-33-4532-01A-01R-1201-07,0.1831365884758671,0
TCGA-OY-A56P-01A-12R-A406-31,0.8862532074974074,1
TCGA-GK-A6C7-01A-11R-A33J-07,0.37259502076772916,0
TCGA-E2-A15E-01A-11R-A12D-07,0.9633322755498778,1
TCGA-DD-A39W-01A-11R-A213-07,0.9193884484008893,1
TCGA-AR-A0U3-01A-11R-A109-07,0.9459076810493482,1
TCGA-CJ-4900-01A-01R-1334-07,0.9183300731407568,1
TCGA-E2-A15G-01A-11R-A12D-07,0.18529521792152406,1
TCGA-CH-5769-01A-11R-1580-07,0.9607767917888392,1
TCGA-60-2707-01A-01R-0851-07,0.8374916556930659,1
TCGA-CW-5589-01A-01R-1541-07,0.16395999608303763,1
TCGA-DD-AAEB-01A-11R-A41C-07,0.6252152296679298,1
TCGA-61-2098-01A-01R-1568-13,0.7646541505522145,0
TCGA-05-4249-01A-01R-1107-07,0.9438662402689247,1
TCGA-33-4589-01A-01R-1443-07,0.8769717281418119,1
TCGA-E2-A15K-01A-11R-A12P-07,0.9630907686046943,1
TCGA-DD-A4NL-01A-11R-A28V-07,0.26280184393696093,1
TCGA-BF-AAP2-01A-11R-A40A-07,0.2045580510997359,1
TCGA-44-6779-01A-11R-1858-07,0.37765636329316377,1
TCGA-85-7844-01A-11R-2125-07,0.35986468521003334,1
TCGA-AK-3460-01A-02R-1277-07,0.2748619979475804,1
TCGA-B2-4101-01A-02R-1277-07,0.24023927659723576,0
TCGA-51-4080-01A-01R-1100-07,0.8085539237337762,1
TCGA-3C-AALI-01A-11R-A41B-07,0.8500899724367373,1
TCGA-IB-A5SP-01A-11R-A32O-07,0.3222280411178315,1
TCGA-L5-A88Z-01A-11R-A36D-31,0.2654436693233181,1
TCGA-D9-A4Z5-01A-11R-A266-07,0.23247399926719092,1
TCGA-BH-A0DG-01A-21R-A12P-07,0.9615731519704317,1
TCGA-L5-A8NF-01A-11R-A37I-31,0.9219899786673157,1
TCGA-EJ-7325-01B-11R-A32O-07,0.22118583523661545,1
TCGA-13-1497-01A-01R-1565-13,0.8546242729788546,0
TCGA-HC-7736-01A-11R-2118-07,0.31176038744885126,0
TCGA-AR-A1AH-01A-11R-A12D-07,0.8291767494120954,1
TCGA-A7-A26F-01B-04R-A22O-07,0.92721830180924,1
TCGA-04-1337-01A-01R-1564-13,0.8979726176229318,1
TCGA-EB-A6QZ-01A-12R-A32P-07,0.17554582319121187,1
TCGA-AK-3444-01A-02R-1325-07,0.22802657683149244,1
TCGA-B0-5092-01A-01R-1420-07,0.17370059370369764,1
TCGA-A8-A09A-01A-11R-A00Z-07,0.9605415997683856,0
TCGA-LN-A49O-01A-11R-A24K-31,0.8654385861696401,1
TCGA-61-1737-01A-01R-1567-13,0.9430197868893426,1
TCGA-EJ-A46H-01A-31R-A26U-07,0.19842223059627012,1
TCGA-B6-A0X5-01A-21R-A109-07,0.9458290731118647,1
TCGA-C8-A26X-01A-31R-A16F-07,0.8816688878714912,1
TCGA-21-1077-01A-01R-0692-07,0.9133859497431147,1
TCGA-GM-A2DD-01A-11R-A180-07,0.922530800869979,1
TCGA-BP-4326-01A-01R-1289-07,0.9490036852514238,1
TCGA-DA-A960-01A-11R-A37K-07,0.39950629759136713,1
TCGA-94-A5I4-01A-11R-A26W-07,0.8130299152104917,1
TCGA-AA-3520-01A-01R-0821-07,0.6564566538780252,1
TCGA-2Y-A9H1-01A-11R-A38B-07,0.3367178419205621,1
TCGA-63-A5ML-01A-31R-A27Q-07,0.9117776475869555,0
TCGA-KK-A8IB-01A-11R-A36G-07,0.4970442374136685,1
TCGA-AA-3947-01A-01R-1022-07,0.7951903963606084,1
TCGA-B8-4621-01A-01R-1503-07,0.16714190898079548,0
TCGA-S3-AA11-01A-31R-A41B-07,0.9466109860998525,1
TCGA-BH-A0BM-01A-11R-A056-07,0.9203525875843127,0
TCGA-AK-3447-01A-01R-1766-07,0.716037415483617,0
TCGA-E2-A1IO-01A-11R-A144-07,0.950885037694115,1
TCGA-BP-5185-01A-01R-1426-07,0.14122240723566393,1
TCGA-LL-A5YO-01A-21R-A28M-07,0.8519853457089313,1
TCGA-A3-3347-01A-02R-1325-07,0.19902292030085095,1
TCGA-60-2709-01A-21R-1820-07,0.8534608481548962,1
TCGA-DD-A1EK-01A-11R-A213-07,0.29810084643729007,0
TCGA-BH-A0HU-01A-11R-A034-07,0.9010874809333895,1
TCGA-HZ-7289-01A-11R-2156-07,0.2787095298210119,1
TCGA-33-4566-01A-01R-1443-07,0.7177908554495358,1
TCGA-EJ-5504-01A-01R-1580-07,0.29020681379495045,0
TCGA-IB-7654-01A-11R-2156-07,0.9486020105858245,0
TCGA-2Z-A9JD-01A-11R-A42S-07,0.19309614649888637,1
TCGA-BH-A18L-01A-32R-A12D-07,0.44770703066436496,1
TCGA-38-A44F-01A-11R-A24H-07,0.9289729568644911,1
TCGA-YL-A8SB-01A-31R-A37L-07,0.9591265519407408,1
TCGA-46-3768-01A-01R-0980-07,0.6641781867407226,0
TCGA-AR-A24U-01A-11R-A169-07,0.9149479857729798,1
TCGA-AO-A0JD-01A-11R-A056-07,0.9484461447249403,1
TCGA-A2-A0T1-01A-21R-A084-07,0.8854937355227349,1
TCGA-D8-A1JH-01A-11R-A13Q-07,0.9567601474625319,1
TCGA-BP-5194-01A-02R-1426-07,0.2773551678465599,1
TCGA-RB-AA9M-01A-11R-A39D-07,0.96074195079739,1
TCGA-A4-7915-01A-11R-2204-07,0.9014019003951665,1
TCGA-AA-3867-01A-01R-1022-07,0.9283741388907805,1
TCGA-3A-A9IH-01A-12R-A39D-07,0.9495198091309126,1
TCGA-E2-A570-01A-11R-A29R-07,0.9526146781029166,1
TCGA-D5-5540-01A-01R-1653-07,0.8034890444751565,1
TCGA-B0-4839-01A-01R-1305-07,0.20203062166058114,0
TCGA-FS-A1ZN-01A-11R-A18T-07,0.23793913847757608,0
TCGA-D8-A1Y1-01A-21R-A14M-07,0.9577776789802424,1
TCGA-57-1993-01A-01R-1568-13,0.932872225596949,0
TCGA-E9-A3X8-01A-31R-A22U-07,0.16647902342233759,1
TCGA-86-8073-01A-11R-2241-07,0.9464789513604301,1
TCGA-ZG-A8QW-01A-11R-A37L-07,0.9617660640304216,1
TCGA-AK-3458-01A-01R-1503-07,0.37762830538618997,1
TCGA-L5-A88S-01A-11R-A36D-31,0.939607281448565,1
TCGA-DD-A4NJ-01A-11R-A27V-07,0.2641757483750617,1
TCGA-55-6985-01A-11R-1949-07,0.9609439993666945,1
TCGA-78-7147-01A-11R-2039-07,0.9209285599989715,1
TCGA-AK-3429-01A-02R-1325-07,0.3651069592689416,1
TCGA-AR-A2LH-01A-31R-A18M-07,0.939721569743016,1
TCGA-WX-AA47-01A-11R-A39D-07,0.34401470077841884,1
TCGA-04-1536-01A-01R-1566-13,0.5178871724236589,1
TCGA-L3-A524-01A-11R-A262-07,0.9215429397888348,1
TCGA-91-6848-01A-11R-1949-07,0.9183056525554036,1
TCGA-24-2027-01A-01R-1567-13,0.8987745731695713,1
TCGA-H9-A6BX-01A-31R-A311-07,0.3208203835033675,1
TCGA-G9-6354-01A-11R-A311-07,0.26989498993456307,1
TCGA-10-0937-01A-02R-1564-13,0.44557768228861616,1
TCGA-B6-A0RN-01A-12R-A084-07,0.9163387851892829,1
TCGA-86-8056-01A-11R-2241-07,0.9067820892309675,1
TCGA-95-8039-01A-11R-2241-07,0.9539088243949128,1
TCGA-E9-A1R5-01A-11R-A14M-07,0.7065860448465109,1
TCGA-A3-3331-01A-02R-1325-07,0.2742437278751788,1
TCGA-18-3410-01A-01R-0980-07,0.7520375058144898,1
TCGA-22-5491-01A-01R-1635-07,0.1983778136373528,1
TCGA-A4-A7UZ-01A-12R-A355-07,0.8954646640452196,1
TCGA-L5-A4OS-01A-11R-A28J-31,0.561784405401411,1
TCGA-AZ-6607-01A-11R-1839-07,0.5855543022319751,1
TCGA-B0-5077-01A-01R-1334-07,0.9514518309694808,1
TCGA-63-A5MW-01A-11R-A26W-07,0.864033167559023,1
TCGA-CK-6747-01A-11R-1839-07,0.23223659459139617,1
TCGA-A8-A06U-01A-11R-A00Z-07,0.9625685251351025,1
TCGA-CC-A5UD-01A-11R-A28V-07,0.9236598807636056,0
TCGA-44-A47A-01A-21R-A24H-07,0.9395713769524494,1
TCGA-EW-A1IZ-01A-11R-A13Q-07,0.9320550695237277,1
TCGA-24-2019-01A-02R-1568-13,0.6977106729205796,1
TCGA-EW-A1IX-01A-12R-A144-07,0.9500021793303828,0
TCGA-13-0897-01A-01R-1564-13,0.2609082755908046,1
TCGA-A8-A06Q-01A-11R-A034-07,0.8137841967453264,1
TCGA-A2-A4RX-01A-11R-A266-07,0.9509146839728815,1
TCGA-E9-A1RC-01A-11R-A157-07,0.7668041978289629,1
TCGA-AA-3814-01A-01R-0905-07,0.8980948913946244,1
TCGA-DD-AACH-01A-11R-A41C-07,0.3756787264029709,0
TCGA-AA-3496-01A-21R-1839-07,0.9566349583257502,1
TCGA-69-7974-01A-11R-2187-07,0.9452601024153945,1
TCGA-24-1431-01A-01R-1566-13,0.42194420726776166,1
TCGA-B6-A1KI-01A-11R-A14M-07,0.9612322693977541,1
TCGA-AK-3461-01A-02R-1277-07,0.323759692560057,0
TCGA-DD-A11D-01A-11R-A131-07,0.30646785101966706,0
TCGA-22-4594-01A-01R-1201-07,0.9371416060056169,1
TCGA-GN-A8LN-01A-11R-A37K-07,0.8551565964596028,0
TCGA-A4-7286-01A-11R-A32Z-07,0.2288108267772886,1
TCGA-G9-6362-01A-11R-1789-07,0.3242145108523909,0
TCGA-ED-A7PZ-01A-11R-A33R-07,0.5551334609907826,1
TCGA-77-7139-01A-11R-2045-07,0.45945280883162043,1
TCGA-AT-A5NU-01A-11R-A28H-07,0.24044585738861476,1
TCGA-G9-6348-01A-11R-1789-07,0.33982266921249504,1
TCGA-CM-5868-01A-01R-1653-07,0.9129529733830106,1
TCGA-80-5607-01A-31R-1949-07,0.956727857982725,1
TCGA-DD-A4ND-01A-11R-A266-07,0.7456119978799665,1
TCGA-AK-3443-01A-02R-1325-07,0.7796768819466315,0
TCGA-BH-A28Q-01A-11R-A16F-07,0.6934443388056492,1
TCGA-62-A470-01A-11R-A24H-07,0.9126343116146591,1
TCGA-85-A5B5-01A-21R-A26W-07,0.8563534193636089,1
TCGA-GN-A4U5-01A-11R-A32P-07,0.15847295417354582,1
TCGA-A7-A2KD-01A-31R-A21T-07,0.9551436958142666,1
TCGA-5R-AAAM-01A-12R-A41C-07,0.2835706618561142,1
TCGA-AA-3952-01A-01R-1022-07,0.9236233972147545,0
TCGA-E9-A1NC-01A-21R-A26B-07,0.9278110476930012,1
TCGA-E9-A229-01A-31R-A157-07,0.9675898640997205,1
TCGA-55-A494-01A-11R-A24X-07,0.8162876336713188,1
TCGA-D8-A1XL-01A-11R-A14M-07,0.9451451564392097,0
TCGA-YL-A8SI-01A-11R-A41O-07,0.26738996041997715,0
TCGA-61-1911-01A-01R-1567-13,0.9184095542965158,1
TCGA-56-1622-01A-01R-0692-07,0.7181045148938242,1
TCGA-C8-A26Z-01A-11R-A16F-07,0.9326890720398651,1
TCGA-V5-A7RB-01A-11R-A354-31,0.5725121910028019,1
TCGA-OL-A66H-01A-11R-A29R-07,0.9143048933146263,0
TCGA-AC-A3OD-01A-11R-A21T-07,0.9285847848564205,1
TCGA-A4-8516-01A-11R-2404-07,0.2424788236978602,1
TCGA-EJ-A7NN-01A-11R-A33R-07,0.9627543180693406,1
TCGA-A8-A06Y-01A-21R-A00Z-07,0.9409511694074557,1
TCGA-EB-A5VU-01A-21R-A32P-07,0.32321007902900684,1
TCGA-HC-7232-01A-11R-2118-07,0.3503277618072849,1
TCGA-2L-AAQL-01A-11R-A38C-07,0.17829605391059247,1
TCGA-BF-A3DM-01A-11R-A20F-07,0.36602445888653207,1
TCGA-GM-A2DI-01A-31R-A18M-07,0.943932792277436,1
TCGA-CJ-4635-01A-02R-1305-07,0.3210434876911022,1
TCGA-FV-A4ZP-01A-12R-A266-07,0.7315621581127014,1
TCGA-IH-A3EA-01A-11R-A20F-07,0.24654195843390878,0
TCGA-HC-7075-01A-11R-1965-07,0.27597775242372546,0
TCGA-5P-A9K6-01A-11R-A42S-07,0.17363160468235225,0
TCGA-DM-A28K-01A-21R-A32Y-07,0.7201051591880333,1
TCGA-BP-4962-01A-01R-1334-07,0.19501765037747842,1
TCGA-53-7624-01A-11R-2066-07,0.6425927607240403,1
TCGA-AA-3854-01A-01R-0905-07,0.26846428308719994,1
TCGA-OL-A5RW-01A-11R-A28M-07,0.9176983252857449,1
TCGA-E9-A1RI-01A-11R-A169-07,0.7220503418640454,1
TCGA-A7-A4SB-01A-21R-A266-07,0.9473064074213683,1
TCGA-A3-3306-01A-01R-0864-07,0.5853172448543382,0
TCGA-G9-6371-01A-11R-1789-07,0.2792055811583291,1
TCGA-E9-A243-01A-21R-A169-07,0.4036221806993357,1
TCGA-A7-A0CG-01A-12R-A056-07,0.9601835580434688,1
TCGA-E9-A3HO-01A-11R-A213-07,0.925506060966062,1
TCGA-B6-A408-01A-12R-A24H-07,0.9376796059310852,1
TCGA-24-1426-01A-01R-1565-13,0.8981625547748271,1
TCGA-AC-A6IV-01A-12R-A33J-07,0.9109854617737521,1
TCGA-AS-3778-01A-01R-A32Z-07,0.23366870365004302,0
TCGA-C8-A1HG-01A-11R-A137-07,0.9323337442401147,0
TCGA-BQ-7059-01A-11R-1965-07,0.16576491974231505,1
TCGA-SX-A7SL-01A-11R-A355-07,0.24313668596533555,0
TCGA-13-1492-01A-01R-1565-13,0.9251145388979347,1
TCGA-BP-4970-01A-01R-1334-07,0.22082126244272243,1
TCGA-HE-7128-01A-11R-1965-07,0.19287751722005503,1
TCGA-61-1733-01A-01R-1567-13,0.7876941986855311,1
TCGA-LL-A5YL-01A-12R-A29R-07,0.44847681199305983,0
TCGA-DD-A3A8-01A-11R-A22L-07,0.34036770680087625,1
TCGA-AK-3450-01A-02R-1277-07,0.2842703323386881,0
TCGA-EW-A2FS-01A-11R-A17B-07,0.9312822987726782,0
TCGA-A2-A0T6-01A-11R-A084-07,0.9481969197549465,1
TCGA-FV-A496-01A-11R-A266-07,0.5114336904410438,1
TCGA-75-7027-01A-11R-1949-07,0.9148125822347579,0
TCGA-43-3394-01A-01R-0980-07,0.8340918332383056,1
TCGA-CZ-5455-01A-01R-1503-07,0.20912334359781204,1
TCGA-AA-3831-01A-01R-0905-07,0.22691265220531573,1
TCGA-NH-A8F7-01A-11R-A41B-07,0.3372700438463516,1
TCGA-FB-A4P6-01A-12R-A26U-07,0.230073109918468,1
TCGA-VP-A87E-01A-31R-A352-07,0.6271704390018573,1
TCGA-BH-A0DD-01A-31R-A12P-07,0.9175476020629203,1
TCGA-CM-4744-01A-01R-A32Z-07,0.30533324566887887,1
TCGA-IG-A8O2-01A-11R-A36D-31,0.7000154946889854,0
TCGA-A8-A07P-01A-11R-A00Z-07,0.9533991187384224,1
TCGA-J4-A67Q-01A-21R-A30B-07,0.21055446494458097,0
TCGA-A3-3387-01A-01R-1541-07,0.9557772127002688,1
TCGA-IB-7647-01A-11R-2156-07,0.551953357833479,1
TCGA-98-8022-01A-11R-2247-07,0.9083812213639112,0
TCGA-J2-8194-01A-11R-2241-07,0.9329270950411167,1
TCGA-BP-5189-01A-02R-1426-07,0.22538758245482315,1
TCGA-24-2293-01A-01R-1568-13,0.9155553964777967,0
TCGA-DD-A1EA-01A-11R-A131-07,0.4416237001563168,1
TCGA-JY-A6FB-01A-11R-A336-31,0.5007895895474714,1
TCGA-60-2716-01A-01R-0851-07,0.893731425984289,1
TCGA-A1-A0SF-01A-11R-A144-07,0.9572534132368087,0
TCGA-78-7148-01A-11R-2039-07,0.9207617479355212,1
TCGA-85-7696-01A-11R-2125-07,0.9052827492358135,1
TCGA-25-1319-01A-01R-1565-13,0.8703747821042276,1
TCGA-44-A47B-01A-11R-A24H-07,0.9466527306501837,0
TCGA-L5-A88W-01A-11R-A354-31,0.18488288423079954,1
TCGA-85-A4CL-01A-41R-A26W-07,0.8028910808206293,1
TCGA-44-A4SU-01A-11R-A24X-07,0.929501520032479,1
TCGA-2Y-A9GX-01A-11R-A38B-07,0.1572980613985109,0
TCGA-G4-6586-01A-11R-1774-07,0.24535788608211861,0
TCGA-68-A59J-01A-21R-A26W-07,0.9201175722956033,1
TCGA-G6-A5PC-01A-11R-A33J-07,0.22833858634109833,1
TCGA-IG-A50L-01A-11R-A260-31,0.23358372732188099,1
TCGA-43-6770-01A-11R-1820-07,0.7883527559035042,1
TCGA-57-1584-01A-01R-1566-13,0.8935621275061532,1
TCGA-AC-A2B8-01A-11R-A17B-07,0.9632801235832529,1
TCGA-A4-A57E-01A-11R-A26U-07,0.590876101945182,1
TCGA-24-1471-01A-01R-1566-13,0.9251899342871744,1
TCGA-56-7579-01A-11R-2045-07,0.4906861551081136,0
TCGA-KK-A59Y-01A-11R-A26U-07,0.29148151727183186,1
TCGA-A7-A26H-01A-11R-A169-07,0.940764400504063,1
TCGA-DV-5573-01A-01R-1541-07,0.9443264308925761,1
TCGA-AC-A3TM-01A-11R-A22K-07,0.18035332757350583,0
TCGA-KK-A6E3-01A-21R-A30B-07,0.22858085244784918,0
TCGA-25-2398-01A-01R-1569-13,0.8963426358391161,1
TCGA-25-1631-01A-01R-1569-13,0.9185061892148889,1
TCGA-B0-4710-01A-01R-1503-07,0.9633408355430555,1
TCGA-BD-A2L6-01A-11R-A213-07,0.34251113624526724,1
TCGA-85-8664-01A-11R-2403-07,0.9253547654876624,1
TCGA-59-2352-01A-01R-1569-13,0.8914877242540203,1
TCGA-97-8179-01A-11R-2287-07,0.9343811833534765,1
TCGA-CW-5590-01A-01R-1541-07,0.26681493319650057,1
TCGA-24-1424-01A-01R-1565-13,0.9251100600046003,1
TCGA-GM-A3XL-01A-11R-A22U-07,0.7994197287629368,1
TCGA-D8-A1JA-01A-11R-A13Q-07,0.3383859341222982,1
TCGA-EB-A85J-01A-12R-A352-07,0.2201605179194391,1
TCGA-HV-A7OL-01A-11R-A33R-07,0.19751719318851735,1
TCGA-55-8087-01A-11R-2241-07,0.9094462109646713,1
TCGA-55-6978-01A-11R-1949-07,0.9012397577350638,1
TCGA-BP-4332-01A-01R-1289-07,0.9464578573432464,1
TCGA-57-1586-01A-02R-1567-13,0.8310818775150692,1
TCGA-5P-A9JV-01A-12R-A42S-07,0.8935689606587534,1
TCGA-A2-A1G0-01A-11R-A13Q-07,0.9520245658694815,1
TCGA-BP-4985-01A-01R-1334-07,0.8182504203602612,1
TCGA-US-A774-01A-21R-A32O-07,0.9490244752971807,1
TCGA-V7-A7HQ-01A-11R-A33J-07,0.1584097819460812,1
TCGA-B0-4817-01A-01R-1277-07,0.3489092905943161,1
TCGA-61-1738-01A-01R-1567-13,0.8922092030309141,0
TCGA-A6-2681-01A-01R-1410-07,0.2180901110854401,0
TCGA-22-4609-01A-21R-2125-07,0.8926925651856724,1
TCGA-HC-A6AN-01A-11R-A30B-07,0.21987567078763925,1
TCGA-AN-A0AM-01A-11R-A034-07,0.9461365790756522,1
TCGA-B2-5636-01A-02R-1541-07,0.15820085605060508,1
TCGA-59-2348-01A-01R-1569-13,0.7845716495013224,1
TCGA-EJ-5531-01A-01R-1580-07,0.30039694944022727,1
TCGA-D8-A4Z1-01A-21R-A266-07,0.7318879785679032,1
TCGA-BH-A0BV-01A-11R-A00Z-07,0.967322712427186,1
TCGA-DD-AAEA-01A-11R-A41C-07,0.29937216306739056,1
TCGA-49-6761-01A-31R-1949-07,0.9117299726637684,1
TCGA-95-7043-01A-11R-1949-07,0.8891008300511808,0
TCGA-AD-6890-01A-11R-1928-07,0.3964796509760978,1
TCGA-97-8547-01A-11R-2403-07,0.9567939697263187,1
TCGA-XP-A8T6-01A-11R-A36D-31,0.2571509450354096,1
TCGA-70-6722-01A-11R-1820-07,0.8918697556288686,1
TCGA-DD-AAVY-01A-11R-A41C-07,0.318283819572592,1
TCGA-A2-A3XS-01A-11R-A22U-07,0.9465848515574969,0
TCGA-A2-A0YL-01A-21R-A109-07,0.9602201591535434,1
TCGA-3A-A9IS-01A-21R-A39D-07,0.8550958983677738,1
TCGA-73-4666-01A-01R-1206-07,0.6302482073278614,1
TCGA-24-1467-01A-01R-1566-13,0.5842210313582867,1
TCGA-85-7699-01A-11R-2125-07,0.869439321555544,1
TCGA-A8-A07B-01A-11R-A00Z-07,0.9216427612268079,1
TCGA-AA-A01P-01A-21R-A083-07,0.8884531758848968,1
TCGA-AC-A62X-01A-11R-A29R-07,0.3698584343449145,1
TCGA-A2-A0YH-01A-11R-A109-07,0.9404189041493184,1
TCGA-D8-A1XS-01A-11R-A14M-07,0.33788186461380465,0
TCGA-BH-A0E2-01A-11R-A056-07,0.9596183025376834,0
TCGA-13-0888-01A-01R-1564-13,0.7089286549634648,0
TCGA-IG-A4QS-01A-11R-A260-31,0.527564704216937,0
TCGA-A6-2680-01A-01R-1410-07,0.242539682968942,1
TCGA-A4-7997-01A-11R-2204-07,0.3323182271527998,0
TCGA-93-A4JO-01A-21R-A24X-07,0.938300117208386,1
TCGA-KV-A74V-01A-11R-A33Z-07,0.18123651316596248,1
TCGA-G4-6588-01A-11R-1774-07,0.23025812268835905,0
TCGA-J4-A83L-01A-11R-A352-07,0.2786077884185454,0
TCGA-5T-A9QA-01A-11R-A41B-07,0.9413585114931534,1
TCGA-49-6744-01A-11R-1858-07,0.9622498289220218,1
TCGA-CK-4948-01B-11R-1653-07,0.9512472594638282,0
TCGA-77-7142-01A-11R-2045-07,0.9100990501291265,1
TCGA-ZG-A9M4-01A-11R-A41O-07,0.9436116756370876,1
TCGA-44-A479-01A-31R-A24H-07,0.9333870154130919,1
TCGA-AA-3511-01A-21R-1839-07,0.9592300967471398,1
TCGA-66-2758-01A-02R-0851-07,0.5894802552406747,0
TCGA-24-2290-01A-01R-1568-13,0.963859976307966,1
TCGA-75-5125-01A-01R-1755-07,0.9153153322053,1
TCGA-L9-A7SV-01A-11R-A39D-07,0.8851038052030817,1
TCGA-VP-A87K-01A-11R-A352-07,0.27744172003793843,1
TCGA-A6-A565-01A-31R-A28H-07,0.9269664597176582,1
TCGA-04-1364-01A-01R-1565-13,0.8937526343882037,0
TCGA-04-1350-01A-01R-1565-13,0.6900087273676185,1
TCGA-22-5471-01A-01R-1635-07,0.3628010131631901,0
TCGA-EB-A430-01A-11R-A24X-07,0.20117544588762537,1
TCGA-ZG-A9ND-01A-11R-A41O-07,0.2964452220976167,1
TCGA-23-1119-01A-02R-1565-13,0.32592793131173575,0
TCGA-CJ-4642-01B-01R-1305-07,0.8988906146317632,1
TCGA-24-1413-01A-01R-1565-13,0.9038682699091604,1
TCGA-A8-A08A-01A-11R-A32Y-07,0.9523917684721508,1
TCGA-04-1519-01A-01R-1565-13,0.4688008149304852,1
TCGA-B6-A0RT-01A-21R-A084-07,0.8625514059827613,1
TCGA-AC-A5XS-01A-11R-A29R-07,0.9388390287837808,1
TCGA-HC-8257-01A-11R-2263-07,0.32812829129972987,1
TCGA-CJ-4881-01A-01R-1305-07,0.6048943856500311,1
TCGA-DD-AACY-01A-11R-A41C-07,0.3794077709852753,1
TCGA-CK-5915-01A-11R-1653-07,0.46406864732924746,0
TCGA-2Y-A9GZ-01A-11R-A39D-07,0.31285832448419953,1
TCGA-2H-A9GI-01A-11R-A37I-31,0.9219800241946408,1
TCGA-B6-A0IP-01A-11R-A034-07,0.9530002802025461,0
TCGA-AA-3811-01A-01R-1022-07,0.9392135157513031,1
TCGA-55-8208-01A-11R-2241-07,0.9319186058326501,0
TCGA-V9-A7HT-01A-11R-A33Z-07,0.2118146918823696,1
TCGA-C8-A12M-01A-11R-A115-07,0.9502959156030388,1
TCGA-BQ-5886-01A-11R-1592-07,0.153921651421285,1
TCGA-GI-A2C9-01A-11R-A21T-07,0.8780641011600475,1
TCGA-G7-7502-01A-11R-2204-07,0.9327784952790595,0
TCGA-2Z-A9JM-01A-12R-A42S-07,0.23636549309011246,1
TCGA-85-A4PA-01A-11R-A24Z-07,0.7130687607559818,1
TCGA-C8-A12V-01A-11R-A115-07,0.9480773722418433,1
TCGA-HC-7745-01A-11R-2118-07,0.259296291412367,1
TCGA-AC-A6IW-01A-12R-A33J-07,0.8201206599858811,1
TCGA-B0-5085-01A-01R-1334-07,0.15179473860280152,1
TCGA-AR-A1AU-01A-11R-A12P-07,0.9560246475948153,1
TCGA-B8-5546-01A-01R-1541-07,0.1635910503121323,1
TCGA-77-7141-01A-11R-2045-07,0.8446570520981174,1
TCGA-AA-3534-01A-01R-0821-07,0.574589741751123,1
TCGA-AA-3524-01A-02R-0821-07,0.2338599461973453,1
TCGA-24-2280-01A-01R-1568-13,0.7714103140849071,0
TCGA-IB-7897-01A-21R-2204-07,0.29934927770695263,1
TCGA-95-7039-01A-11R-1949-07,0.9398067995003493,1
TCGA-CJ-5680-01A-11R-1541-07,0.5209997682711645,1
TCGA-AR-A1AN-01A-11R-A12P-07,0.9664965188537727,0
TCGA-LL-A6FP-01A-11R-A31O-07,0.2705445603240916,0
TCGA-30-1714-01A-02R-1567-13,0.8289626228421197,1
TCGA-E2-A15L-01A-11R-A12D-07,0.9663945464356614,1
TCGA-23-2077-01A-01R-1568-13,0.9330901018907769,1
TCGA-EJ-7123-01A-11R-1965-07,0.2513514838034999,1
TCGA-DD-AACI-01A-11R-A41C-07,0.3565878950850044,1
TCGA-A6-3808-01A-01R-1022-07,0.9284709413571806,1
TCGA-AA-3837-01A-01R-0905-07,0.4278725533064298,1
TCGA-95-7944-01A-11R-2187-07,0.9444780188141202,1
TCGA-A3-3320-01A-02R-1325-07,0.3008330638456491,1
TCGA-MM-A563-01A-11R-A266-07,0.9425877259896277,1
TCGA-77-8008-01A-21R-2187-07,0.7151612750971508,1
TCGA-G9-7519-01A-11R-2263-07,0.2814102891976441,0
TCGA-BF-A5EP-01A-12R-A27Q-07,0.40343109134700095,1
TCGA-B0-5694-01A-11R-1541-07,0.7107356150026453,1
TCGA-E9-A1R7-01A-11R-A14M-07,0.8394754275567325,1
TCGA-G3-A7M5-01A-11R-A33R-07,0.3589654208816385,1
TCGA-A2-A0SV-01A-11R-A084-07,0.9507071829053044,1
TCGA-DW-7838-01A-11R-2139-07,0.20232048830400517,1
TCGA-AN-A04C-01A-21R-A034-07,0.5534991555206132,1
TCGA-77-6842-01A-11R-1949-07,0.8999496750968325,1
TCGA-B0-4688-01A-01R-1277-07,0.9076957090008528,1
TCGA-A2-A0YM-01A-11R-A109-07,0.8651630143120919,1
TCGA-JY-A6F8-01A-11R-A336-31,0.867306251567077,1
TCGA-F4-6808-01A-11R-1839-07,0.25217975335749676,1
TCGA-AC-A2BM-01A-11R-A21T-07,0.9515357932478041,1
TCGA-34-5236-01A-21R-1820-07,0.45103759456536835,0
TCGA-AZ-6598-01A-11R-1774-07,0.9556083320704264,1
TCGA-D8-A1X7-01A-11R-A14M-07,0.6611246816544483,1
TCGA-AN-A0FY-01A-11R-A034-07,0.9480363552760469,0
TCGA-AO-A03R-01A-21R-A034-07,0.9431931240474061,1
TCGA-CJ-4920-01A-01R-1426-07,0.29278076879313725,1
TCGA-LL-A442-01A-11R-A24H-07,0.9398695199915141,1
TCGA-V1-A9OY-01A-11R-A41O-07,0.28528188616799494,0
TCGA-DD-AAVZ-01A-11R-A41C-07,0.29945343926855383,1
TCGA-UZ-A9PL-01A-11R-A38C-07,0.1787925317743364,1
TCGA-CJ-4638-01A-02R-1325-07,0.2910359534511592,1
TCGA-25-2401-01A-01R-1569-13,0.9473539056050294,1
TCGA-BP-4765-01A-01R-1289-07,0.22219495792925603,1
TCGA-AN-A0FS-01A-11R-A034-07,0.952088976341279,1
TCGA-B8-5162-01A-01R-1420-07,0.13922042493696107,1
TCGA-EV-5901-01A-11R-1592-07,0.14583449908106613,0
TCGA-2Y-A9H0-01A-11R-A38B-07,0.3926975722243602,0
TCGA-B4-5836-01A-11R-1672-07,0.23342751862389255,1
TCGA-G9-6338-01A-12R-1965-07,0.2812669942581409,1
TCGA-HZ-A9TJ-01A-11R-A41I-07,0.7794011409202265,1
TCGA-D8-A1XT-01A-11R-A14M-07,0.9409119852835901,1
TCGA-E9-A1N6-01A-11R-A144-07,0.9580322145636369,1
TCGA-E2-A1IK-01A-11R-A144-07,0.9113208672094492,1
TCGA-CJ-5683-01A-11R-1541-07,0.9225656171711893,1
TCGA-KK-A8IF-01A-11R-A36G-07,0.28061368947343185,1
TCGA-QG-A5Z2-01A-11R-A28H-07,0.5158946087013474,1
TCGA-A1-A0SO-01A-22R-A084-07,0.9290430518411453,1
TCGA-E2-A154-01A-11R-A115-07,0.9494780688117546,1
TCGA-J9-A8CM-01A-11R-A352-07,0.9533651102540376,1
TCGA-AN-A0FV-01A-11R-A00Z-07,0.9363967248091218,1
TCGA-CM-6679-01A-11R-1839-07,0.9385185474382521,1
TCGA-77-8153-01A-11R-2403-07,0.23126885331899139,1
TCGA-BH-A0BJ-01A-11R-A056-07,0.9609860615080238,1
TCGA-AN-A0AL-01A-11R-A00Z-07,0.9076872464476273,0
TCGA-24-1928-01A-01R-1567-13,0.9549284200885751,1
TCGA-IB-7890-01A-12R-2204-07,0.5632793197970875,1
TCGA-E2-A15R-01A-11R-A115-07,0.8839300213510243,1
TCGA-BH-A0DT-01A-21R-A12D-07,0.9641885573167148,1
TCGA-Q3-A5QY-01A-12R-A32O-07,0.6658705326225791,1
TCGA-NJ-A4YI-01A-11R-A262-07,0.9399978314039206,1
TCGA-ZG-A9N3-01A-11R-A41O-07,0.9128960791625367,0
TCGA-2Z-A9JO-01A-11R-A42S-07,0.14008829963693023,1
TCGA-25-1626-01A-01R-1566-13,0.4969312228604862,0
TCGA-CC-5262-01A-01R-A131-07,0.22313803054605386,1
TCGA-57-1582-01A-01R-1566-13,0.6298294141296508,1
TCGA-WJ-A86L-01A-12R-A39D-07,0.5691311257149764,1
TCGA-GL-6846-01A-11R-1965-07,0.1427096404357997,1
TCGA-E9-A54X-01A-11R-A266-07,0.9281694562592514,1
TCGA-55-1594-01A-01R-0946-07,0.9180744943635896,1
TCGA-AA-3864-01A-01R-1022-07,0.25985249787849407,1
TCGA-49-6742-01A-11R-1858-07,0.9484039524386405,1
TCGA-H6-8124-01A-11R-2404-07,0.8574872138194186,1
TCGA-HC-7820-01A-11R-2118-07,0.2778426639731365,1
TCGA-AY-A8YK-01A-11R-A41B-07,0.24333754850230147,1
TCGA-34-8454-01A-11R-2326-07,0.9296084277839829,0
TCGA-A6-A56B-01A-31R-A28H-07,0.887973189071219,1
TCGA-AR-A0U2-01A-11R-A109-07,0.910626015856166,1
TCGA-BC-A112-01A-11R-A131-07,0.9184561393329916,1
TCGA-IB-7646-01A-11R-2156-07,0.5559448227218768,0
TCGA-V1-A9ZG-01A-11R-A41O-07,0.9627788951945591,1
TCGA-86-7953-01A-11R-2187-07,0.9572076566790947,1
TCGA-CZ-5451-01A-01R-1503-07,0.2551554916186853,1
TCGA-A6-6138-01A-11R-1774-07,0.9387424719311269,1
TCGA-GL-7966-01A-11R-2204-07,0.9127512113979181,1
TCGA-BP-4982-01A-01R-1334-07,0.27723026821785285,1
TCGA-B4-5835-01A-11R-1672-07,0.2522233088608273,1
TCGA-E9-A1NE-01A-21R-A14M-07,0.9601409715110303,1
TCGA-MH-A856-01A-11R-A355-07,0.2428632255187651,1
TCGA-EB-A299-01A-21R-A18U-07,0.5077703031812503,1
TCGA-V1-A8MF-01A-11R-A36G-07,0.3225581286687343,1
TCGA-G9-6361-01A-21R-1965-07,0.31921777626487,0
TCGA-L5-A8NH-01A-11R-A37I-31,0.18201215889120287,1
TCGA-LN-A49P-01A-11R-A24K-31,0.8838001454502391,1
TCGA-E2-A14V-01A-11R-A12D-07,0.9492339819413103,1
TCGA-49-AAR4-01A-12R-A41B-07,0.9252785027894774,1
TCGA-IB-7885-01A-11R-2156-07,0.8908096706258951,1
TCGA-D8-A1XQ-01A-11R-A14M-07,0.9255642221841399,0
TCGA-AA-3872-01A-01R-1022-07,0.7480773722089684,1
TCGA-85-8070-01A-11R-2247-07,0.7171154599392109,1
TCGA-HI-7169-01A-11R-2118-07,0.1928683240593249,1
TCGA-HC-8213-01A-11R-A29R-07,0.31630746632081636,1
TCGA-CH-5754-01A-11R-1580-07,0.9566971952158797,1
TCGA-2A-A8W1-01A-11R-A37L-07,0.26193956018198244,1
TCGA-AA-3527-01A-01R-0821-07,0.20645387479646635,1
TCGA-G7-6797-01A-11R-1965-07,0.3055069293816605,1
TCGA-05-4403-01A-01R-1206-07,0.7366090526401622,1
TCGA-EW-A1IW-01A-11R-A13Q-07,0.9678983880720855,1
TCGA-ZG-A9L0-01A-11R-A41O-07,0.95534370020807,0
TCGA-56-8624-01A-11R-2403-07,0.8790048249297417,1
TCGA-D8-A1J8-01A-11R-A13Q-07,0.28830967316826706,1
TCGA-JY-A6FH-01A-11R-A336-31,0.3707341713424731,1
TCGA-09-0366-01A-01R-1564-13,0.9252371664769294,1
TCGA-A7-A6VV-01A-22R-A33J-07,0.8630444868842025,0
TCGA-L5-A4OG-01A-11R-A260-31,0.2740602596472447,1
TCGA-EJ-A65G-01A-21R-A29R-07,0.2633526252050461,0
TCGA-T9-A92H-01A-11R-A37K-07,0.6220351830270054,1
TCGA-AA-3685-01A-02R-A32Z-07,0.21360965257331666,1
TCGA-BP-4993-01A-02R-1420-07,0.16692596769247675,1
TCGA-B0-5690-01A-11R-1541-07,0.1750036269192178,0
TCGA-G3-AAV6-01A-21R-A37K-07,0.8666458418900396,1
TCGA-13-1505-01A-01R-1565-13,0.940160462207561,0
TCGA-LD-A9QF-01A-32R-A41B-07,0.9535536183744258,1
TCGA-AA-3710-01A-01R-1022-07,0.3965396783405779,1
TCGA-85-7950-01A-11R-2187-07,0.8567150850153755,1
TCGA-A8-A07L-01A-11R-A00Z-07,0.9571421302992228,1
TCGA-55-A492-01A-11R-A24H-07,0.7570561472332723,1
TCGA-AZ-5403-01A-01R-1653-07,0.33565809087315956,0
TCGA-69-7765-01A-11R-2170-07,0.9132086136254242,0
TCGA-IB-8127-01A-11R-2404-07,0.9582080518854642,1
TCGA-E2-A1IJ-01A-11R-A144-07,0.9491257311529184,1
TCGA-YL-A9WK-01A-11R-A37L-07,0.7156647140438935,1
TCGA-A8-A09D-01A-11R-A00Z-07,0.960632675542833,0
TCGA-DD-AADA-01A-11R-A41C-07,0.2833237553640675,1
TCGA-CH-5763-01A-11R-1580-07,0.2450733290178847,0
TCGA-CZ-4865-01A-02R-1503-07,0.942284977102245,1
TCGA-BC-A10Z-01A-11R-A131-07,0.3875469660218087,0
TCGA-EB-A44P-01A-11R-A266-07,0.18977388386176341,1
TCGA-CC-A3MA-01A-11R-A213-07,0.9393866388975375,1
TCGA-AA-3673-01A-01R-0905-07,0.9532093019787776,1
TCGA-CZ-5982-01A-11R-1672-07,0.4904980835506833,1
TCGA-56-7223-01A-11R-2045-07,0.8558982999589192,1
TCGA-EB-A41A-01A-11R-A24X-07,0.38473499704856257,1
TCGA-IB-AAUS-01A-12R-A38C-07,0.16519569362366374,1
TCGA-B0-4828-01A-01R-1277-07,0.2122110390037577,0
TCGA-92-8065-01A-11R-2247-07,0.9004887357926779,1
TCGA-98-A53H-01A-12R-A262-07,0.9425197304915317,1
TCGA-05-4397-01A-01R-1206-07,0.6898890126242345,0
TCGA-HC-A6AO-01A-11R-A30B-07,0.2001975032683067,1
TCGA-E2-A108-01A-13R-A10J-07,0.9132028019860023,1
TCGA-23-1107-01A-01R-1564-13,0.6847784744409922,1
TCGA-IA-A40X-01A-11R-A24Z-07,0.2626414698099152,1
TCGA-B4-5838-01A-11R-1672-07,0.15259738147675633,0
TCGA-24-1603-01A-01R-1566-13,0.6660779050182044,1
TCGA-R6-A6L4-01A-11R-A31P-31,0.26434902482766154,1
TCGA-B6-A0IE-01A-11R-A034-07,0.727961788430284,1
TCGA-04-1517-01A-01R-1565-13,0.922010229965875,1
TCGA-LA-A446-01A-21R-A24Z-07,0.6479622686868318,1
TCGA-C8-A1HF-01A-11R-A137-07,0.738284586437763,1
TCGA-MP-A4TH-01A-31R-A262-07,0.9315118410112202,1
TCGA-AA-3848-01A-01R-0905-07,0.21050357149279578,1
TCGA-KV-A6GE-01A-11R-A31O-07,0.20777609274804842,1
TCGA-CC-A5UC-01A-11R-A28V-07,0.4953508180698645,1
TCGA-96-7544-01A-11R-2045-07,0.6740060801156,1
TCGA-B6-A0X1-01A-11R-A109-07,0.9249106372663553,0
TCGA-AA-3553-01A-01R-0821-07,0.3194764196889214,1
TCGA-HC-7818-01A-11R-2118-07,0.30506061610512325,1
TCGA-DD-AADL-01A-11R-A41C-07,0.28992360969852315,1
TCGA-78-7542-01A-21R-2066-07,0.7175415643842087,1
TCGA-E2-A1B5-01A-21R-A12P-07,0.91147221532509,1
TCGA-A6-2684-01A-01R-1410-07,0.19573281917244817,1
TCGA-BH-A1FD-01A-11R-A13Q-07,0.9657138122967135,1
TCGA-G9-6496-01A-11R-1789-07,0.27510733520408304,1
TCGA-EJ-8468-01A-21R-2403-07,0.2621078964701632,1
TCGA-AR-A1AS-01A-11R-A12P-07,0.9577562796874269,1
TCGA-86-8674-01A-21R-2403-07,0.9275786738625215,0
TCGA-DD-A4NS-01A-11R-A311-07,0.6523308483603729,1
TCGA-BP-5170-01A-01R-1426-07,0.23026048448728365,1
TCGA-A8-A06P-01A-11R-A00Z-07,0.9601836626649896,1
TCGA-B0-4697-01A-01R-1277-07,0.1566835346911097,1
TCGA-33-6737-01A-11R-1820-07,0.7002098936178991,0
TCGA-85-A512-01A-11R-A26W-07,0.8619655959603234,1
TCGA-55-8511-01A-11R-2403-07,0.9460021658393521,1
TCGA-VP-A878-01A-31R-A352-07,0.7629361022328692,1
TCGA-BH-A0DZ-01A-11R-A00Z-07,0.9419997684958569,1
TCGA-D5-6931-01A-11R-1928-07,0.9619070818119321,1
TCGA-50-5044-01A-21R-1858-07,0.8670467611725592,1
TCGA-A2-A4RY-01A-31R-A266-07,0.7945544784529049,1
TCGA-EJ-7331-01A-11R-2118-07,0.29027586511888165,1
TCGA-CZ-4864-01A-01R-1503-07,0.3754278311833262,1
TCGA-4A-A93W-01A-11R-A37K-07,0.1697772071779295,0
TCGA-AA-3655-01A-02R-1723-07,0.9603239473887394,1
TCGA-CM-6678-01A-11R-1839-07,0.9491912181192488,1
TCGA-AA-A02J-01A-01R-A00A-07,0.22072429989944709,1
TCGA-DD-AAVR-01A-11R-A41C-07,0.2756768638276397,1
TCGA-23-1123-01A-01R-1565-13,0.9100834081431386,1
TCGA-L5-A43H-01A-11R-A24K-31,0.21949238286351566,1
TCGA-EJ-7791-01A-11R-2118-07,0.2775816838600704,0
TCGA-B6-A0RO-01A-22R-A084-07,0.6224979385587401,1
TCGA-96-8169-01A-11R-2296-07,0.9409035750190448,1
TCGA-E2-A10E-01A-21R-A10J-07,0.9633877051977465,0
TCGA-EJ-5518-01A-01R-1580-07,0.9360045824557126,1
TCGA-5P-A9K0-01A-11R-A42S-07,0.18449653130278834,1
TCGA-AO-A0JM-01A-21R-A056-07,0.9615148616987013,1
TCGA-56-6545-01A-11R-1820-07,0.8492158730761742,0
TCGA-CJ-4643-01A-02R-1325-07,0.2606487721612134,1
TCGA-DZ-6135-01A-11R-1965-07,0.18566105916636744,1
TCGA-QU-A6IN-01A-11R-A31N-07,0.22052106933967808,1
TCGA-EW-A1P6-01A-11R-A144-07,0.8805860416245388,1
TCGA-BH-A0E6-01A-11R-A034-07,0.9464436881594132,0
TCGA-04-1347-01A-01R-1564-13,0.9162072693841061,1
TCGA-NH-A6GB-01A-11R-A37K-07,0.7144349365343929,1
TCGA-50-5072-01A-21R-1858-07,0.9122983143523836,1
TCGA-O2-A52Q-01A-11R-A26W-07,0.7227784711642072,0
TCGA-AC-A23C-01A-12R-A169-07,0.9415281622026224,1
TCGA-TP-A8TV-01A-11R-A41O-07,0.264507969117392,1
TCGA-63-A5MN-01A-22R-A27Q-07,0.9514364824445346,1
TCGA-OL-A5D6-01A-21R-A27Q-07,0.7739871185936346,0
TCGA-55-8097-01A-11R-2241-07,0.9040217343887967,1
TCGA-EW-A1OX-01A-11R-A144-07,0.9456522794612152,0
TCGA-13-0804-01A-01R-1564-13,0.3824142104268204,1
TCGA-A2-A25D-01A-12R-A16F-07,0.9540955327497478,0
TCGA-24-1549-01A-01R-1566-13,0.61737358235732,0
TCGA-XK-AAJR-01A-11R-A41O-07,0.5410634357093496,0
TCGA-CW-5588-01A-01R-1541-07,0.23367126428763343,1
TCGA-SX-A71V-01A-11R-A33Z-07,0.15621419156421248,0
TCGA-BQ-7049-01A-11R-1965-07,0.3649680359132218,0
TCGA-BQ-5876-01A-11R-1592-07,0.5565234530238301,1
TCGA-B6-A0IJ-01A-11R-A034-07,0.8877497966220509,1
TCGA-55-A491-01A-11R-A24H-07,0.9512908606687048,1
TCGA-E2-A1L9-01A-11R-A13Q-07,0.9396696286710016,0
TCGA-44-8117-01A-11R-2241-07,0.9423467565987211,0
TCGA-JY-A93D-01A-11R-A38D-31,0.273463738498412,1
TCGA-AO-A0J3-01A-11R-A034-07,0.9133946829120894,1
TCGA-A3-A8OU-01A-11R-A37O-07,0.32322645815210393,1
TCGA-63-A5M9-01A-11R-A26W-07,0.8314577640203245,1
TCGA-86-8585-01A-11R-2403-07,0.9140451336534008,1
TCGA-13-0762-01A-01R-1564-13,0.7112958436100201,1
TCGA-KK-A7B4-01A-11R-A32O-07,0.38197312414455536,1
TCGA-MP-A4SV-01A-11R-A24X-07,0.9448778090041335,1
TCGA-LD-A7W5-01A-22R-A352-07,0.9278820344239629,1
TCGA-IZ-A6M8-01A-11R-A31O-07,0.1409988329912175,1
TCGA-CW-5585-01A-01R-1541-07,0.2319345232292938,1
TCGA-BH-A0B2-01A-11R-A10J-07,0.962297464097321,1
TCGA-AC-A2FK-01A-12R-A180-07,0.32999934084992727,0
TCGA-ER-A19K-01A-21R-A18T-07,0.3354330214090539,1
TCGA-DD-A4NR-01A-11R-A311-07,0.2279859943106356,1
TCGA-D8-A27T-01A-11R-A16F-07,0.9639319814420106,0
TCGA-96-7545-01A-21R-2045-07,0.8385444199464145,1
TCGA-21-1081-01A-01R-0692-07,0.690257848979912,0
TCGA-AR-A2LL-01A-11R-A180-07,0.9364455521601439,1
TCGA-J4-A83M-01A-11R-A352-07,0.2841979227466696,0
TCGA-DD-AADF-01A-11R-A41C-07,0.3172920387322735,0
TCGA-B4-5377-01A-01R-1503-07,0.25145220033657745,1
TCGA-B8-5158-01A-01R-1420-07,0.24026265931559726,1
TCGA-25-1326-01A-01R-1565-13,0.9554657988386248,1
TCGA-DD-A1EB-01A-11R-A131-07,0.3569537991624117,1
TCGA-63-A5MJ-01A-11R-A27Q-07,0.3431128433909193,1
TCGA-B9-4115-01A-01R-1193-07,0.18663442118821946,1
TCGA-B8-4619-01A-02R-1325-07,0.19633175735705677,1
TCGA-AA-3554-01A-01R-0826-07,0.2735298686706056,1
TCGA-2Y-A9H3-01A-11R-A38B-07,0.32506954026459234,1
TCGA-55-7728-01A-11R-2187-07,0.39093495588130056,0
TCGA-BP-5181-01A-01R-1426-07,0.2487344202228159,0
TCGA-DM-A1D8-01A-11R-A155-07,0.762614128362217,1
TCGA-SX-A71S-01A-11R-A33Z-07,0.15611257591272756,0
TCGA-D8-A1XF-01A-11R-A14D-07,0.9438780006202865,1
TCGA-24-1474-01A-01R-1566-13,0.9256362198234345,1
TCGA-KC-A4BN-01A-61R-A250-07,0.3055413912657271,1
TCGA-A3-3328-01A-01R-0864-07,0.6991000861436151,1
TCGA-HN-A2OB-01A-21R-A27Q-07,0.8923428969230078,1
TCGA-29-1698-01A-01R-1567-13,0.9040464533674036,1
TCGA-20-1686-01A-01R-1566-13,0.8956710393019424,1
TCGA-50-5939-01A-11R-1628-07,0.9187560265607702,1
TCGA-A7-A3J1-01A-11R-A213-07,0.9438488529637945,1
TCGA-36-1570-01A-01R-1566-13,0.9047683281620825,1
TCGA-AA-3521-01A-01R-0821-07,0.3035893247446547,1
TCGA-FC-7708-01A-11R-2118-07,0.2852972714914333,1
TCGA-VG-A8LO-01A-11R-A406-31,0.8201452718755593,1
TCGA-NK-A5CX-01A-11R-A26W-07,0.9058637950542735,1
TCGA-OL-A97C-01A-32R-A41B-07,0.946975329072538,1
TCGA-E2-A158-01A-11R-A12D-07,0.8895785201107395,1
TCGA-HC-8256-01A-11R-2263-07,0.276171640711856,1
TCGA-A7-A0CE-01A-11R-A00Z-07,0.8557963967695515,1
TCGA-AR-A1AL-01A-21R-A12P-07,0.2524386016237287,1
TCGA-E2-A3DX-01A-21R-A213-07,0.9278264061783394,1
TCGA-A2-A3XT-01A-11R-A22U-07,0.9221669017248337,1
TCGA-50-8457-01A-11R-2326-07,0.9343342615078774,1
TCGA-LL-A6FQ-01A-11R-A31O-07,0.1645739271583296,1
TCGA-2H-A9GK-01A-11R-A37I-31,0.7832917225117573,0
TCGA-G3-A5SM-01A-12R-A28V-07,0.30416099863811874,1
TCGA-AR-A1AX-01A-11R-A12P-07,0.9592307206085804,1
TCGA-A2-A4S3-01A-21R-A266-07,0.9237050547677452,1
TCGA-21-A5DI-01A-31R-A26W-07,0.24803871575385036,1
TCGA-24-0966-01A-01R-1564-13,0.607267773908058,1
TCGA-BH-A0H7-01A-13R-A056-07,0.9337907415010194,1
TCGA-97-7554-01A-11R-2039-07,0.9544478283654456,1
TCGA-IB-7886-01A-11R-2156-07,0.2814917598710651,1
TCGA-61-1728-01A-01R-1568-13,0.7225145743850122,0
TCGA-GM-A5PX-01A-12R-A28M-07,0.9006670133321503,1
TCGA-EJ-5494-01A-01R-1580-07,0.9607794413088946,1
TCGA-AZ-6605-01A-11R-1839-07,0.954564033142665,1
TCGA-GL-A9DE-01A-11R-A37K-07,0.15604200058390275,1
TCGA-Y8-A895-01A-11R-A36F-07,0.19102945018046663,1
TCGA-55-8206-01A-11R-2241-07,0.929974643853943,1
TCGA-85-8584-01A-11R-2403-07,0.9410518995449698,1
TCGA-AZ-4313-01A-01R-1410-07,0.23377155095617067,1
TCGA-EJ-AB20-01A-12R-A41O-07,0.17967897988996967,1
TCGA-43-8116-01A-11R-2247-07,0.7686027354970044,1
TCGA-97-7553-01A-21R-2039-07,0.9210335887442671,1
TCGA-VP-A87B-01A-11R-A352-07,0.2662589403035238,1
TCGA-BH-A0BA-01A-11R-A056-07,0.9621655303698192,1
TCGA-A3-3349-01A-01R-1188-07,0.17262925950716654,1
TCGA-EW-A1OW-01A-21R-A144-07,0.8815610519126293,1
TCGA-L5-A8NW-01A-11R-A37I-31,0.23827379341046973,1
TCGA-EJ-A65M-01A-11R-A29R-07,0.24411302556885967,0
TCGA-E2-A15P-01A-11R-A115-07,0.965887362548674,1
TCGA-A8-A09G-01A-21R-A00Z-07,0.9557792501159337,1
TCGA-MN-A4N5-01A-11R-A24X-07,0.9418952282329827,1
TCGA-A2-A0YG-01A-21R-A109-07,0.9502546593720748,1
TCGA-BH-A1EY-01A-11R-A13Q-07,0.9634466088310553,1
TCGA-CC-A9FU-01A-11R-A37K-07,0.938292805790398,0
TCGA-A3-3335-01A-01R-0864-07,0.5480588905136972,0
TCGA-78-7154-01A-11R-2039-07,0.8490325211203604,1
TCGA-69-8255-01A-11R-2287-07,0.7402887551642063,1
TCGA-EJ-5502-01A-01R-1580-07,0.2735534995634623,1
TCGA-AO-A03P-01A-11R-A00Z-07,0.941609884595898,0
TCGA-22-5478-01A-01R-1635-07,0.8676514446578847,1
TCGA-AA-3858-01A-01R-0905-07,0.27647970271935374,1
TCGA-HZ-8317-01A-11R-2404-07,0.9494564073124497,1
TCGA-AQ-A1H2-01A-11R-A13Q-07,0.9477169494485528,1
TCGA-LN-A49R-01A-11R-A24K-31,0.7725923288919796,1
TCGA-24-1464-01A-01R-1566-13,0.9184337882039098,1
TCGA-G3-A5SL-01A-11R-A27V-07,0.44442760549985305,1
TCGA-VR-AA7B-01A-31R-A406-31,0.29721257588542177,0
TCGA-AC-A3QQ-01B-06R-A22O-07,0.9038314645975012,0
TCGA-AR-A24N-01A-11R-A169-07,0.8812106435054393,0
TCGA-D5-6531-01A-11R-1723-07,0.9428936266052883,1
TCGA-E9-A244-01A-11R-A169-07,0.8476186294136085,0
TCGA-B0-4852-01A-01R-1503-07,0.21769010985024168,0
TCGA-DD-AAW0-01A-11R-A41C-07,0.30219651250274693,1
TCGA-55-8506-01A-11R-2403-07,0.9454226479574577,1
TCGA-B9-5156-01A-01R-1592-07,0.1474299177802075,1
TCGA-D8-A27F-01A-11R-A16F-07,0.6747718123391925,0
TCGA-B4-5832-01A-11R-1672-07,0.39009833003436983,1
TCGA-CM-5341-01A-01R-1410-07,0.6575239050764086,1
TCGA-91-6831-01A-11R-1858-07,0.9483953197557975,1
TCGA-EJ-5526-01A-01R-1580-07,0.15346660242732757,1
TCGA-VP-A876-01A-11R-A352-07,0.2717465089700622,1
TCGA-E2-A576-01A-11R-A31O-07,0.16130659964454924,1
TCGA-J4-AATV-01A-11R-A41O-07,0.3461779528736671,1
TCGA-RC-A7SK-01A-11R-A352-07,0.3819645904015488,0
TCGA-BH-A1F2-01A-31R-A13Q-07,0.3982885847017555,1
TCGA-E2-A1BD-01A-11R-A12P-07,0.9548011347388956,0
TCGA-B8-5551-01A-01R-1541-07,0.2652343269548423,1
TCGA-49-AAR2-01A-11R-A39D-07,0.5772996444225086,1
TCGA-A1-A0SE-01A-11R-A084-07,0.9645015743727119,1
TCGA-D5-6534-01A-21R-1928-07,0.931989955605929,0
TCGA-A7-A426-01A-22R-A24H-07,0.13544397889676632,1
TCGA-56-8503-01A-11R-2403-07,0.4780993187783563,1
TCGA-B1-A654-01A-11R-A31O-07,0.1667389151865854,1
TCGA-AA-A029-01A-01R-A00A-07,0.22551217897803522,0
TCGA-D8-A27K-01A-11R-A16F-07,0.15268957310485856,1
TCGA-BP-4991-01A-01R-1334-07,0.23124516853402086,1
TCGA-24-1428-01A-01R-1564-13,0.7079217348981949,1
TCGA-10-0928-01A-02R-1564-13,0.9422419794736077,1
TCGA-M7-A71Y-01A-22R-A32O-07,0.2611540757060276,1
TCGA-G4-6299-01A-11R-1774-07,0.9000912486288146,0
TCGA-AK-3453-01A-02R-1277-07,0.14804214875205635,0
TCGA-E9-A247-01A-11R-A169-07,0.9318316144148471,1
TCGA-5P-A9K3-01A-11R-A42S-07,0.6810350628733919,0
TCGA-DD-A1EI-01A-11R-A131-07,0.42793659807587475,1
TCGA-B0-4823-01A-02R-1420-07,0.18787867086708987,1
TCGA-A2-A0CL-01A-11R-A115-07,0.9200718680659191,0
TCGA-VN-A88O-01A-11R-A352-07,0.29613547762426295,1
TCGA-A6-3810-01A-01R-1022-07,0.9124991101600908,1
TCGA-60-2724-01A-01R-0851-07,0.7086800198611455,1
TCGA-B3-3925-01A-02R-1351-07,0.16349796213096662,1
TCGA-G3-A7M8-01A-11R-A33R-07,0.3079115933856232,1
TCGA-AR-A5QP-01A-11R-A28M-07,0.949936532536927,1
TCGA-CH-5767-01A-11R-1789-07,0.3750746377880707,1
TCGA-AR-A24S-01A-11R-A169-07,0.859118854464772,1
TCGA-BH-A1FE-01A-11R-A13Q-07,0.2765738965944544,1
TCGA-EJ-7782-01A-11R-2118-07,0.8497526183671853,1
TCGA-55-8094-01A-11R-2241-07,0.925255169374837,1
TCGA-77-8145-01A-11R-2247-07,0.9218248063334978,1
TCGA-AA-3851-01A-01R-1022-07,0.47770134951931104,1
TCGA-L5-A8NI-01A-11R-A37I-31,0.930977742836052,1
TCGA-2J-AABP-01A-11R-A41B-07,0.9097415653207628,0
TCGA-AC-A3YJ-01A-11R-A22U-07,0.8959029762718849,1
TCGA-25-1877-01A-01R-1567-13,0.9072945431198691,1
TCGA-AR-A2LE-01A-11R-A180-07,0.9602378260505399,1
TCGA-B0-4847-01A-01R-1277-07,0.15158604062876072,1
TCGA-BH-A0E1-01A-11R-A056-07,0.9582429544192285,1
TCGA-21-5784-01A-01R-1635-07,0.7556324040098552,1
TCGA-KK-A7AQ-01A-11R-A33R-07,0.1765190499663583,1
TCGA-DD-AAE3-01A-11R-A41C-07,0.4460923378088072,1
TCGA-93-A4JQ-01A-11R-A24X-07,0.9572542031907332,1
TCGA-AC-A3TN-01A-11R-A22K-07,0.16717084859286674,1
TCGA-VR-A8Q7-01A-11R-A37I-31,0.17178321135866817,0
TCGA-HC-8259-01A-11R-2263-07,0.2724671918877284,0
TCGA-AO-A12A-01A-21R-A115-07,0.9588203711364026,1
TCGA-66-2742-01A-01R-0980-07,0.9276420099215734,1
TCGA-KC-A4BV-01A-31R-A26U-07,0.9144500121260769,1
TCGA-Y8-A8S0-01A-11R-A37K-07,0.17984353438827577,1
TCGA-YL-A8SF-01A-11R-A37L-07,0.9598627514317826,1
TCGA-24-1567-01A-01R-1566-13,0.7520310778910313,1
TCGA-BH-A0H6-01A-21R-A056-07,0.9491368086679658,1
TCGA-BP-5186-01A-01R-1426-07,0.21377290788723796,0
TCGA-B0-4699-01A-01R-1277-07,0.7684508822611729,1
TCGA-OY-A56Q-01A-11R-A406-31,0.8939277326000316,1
TCGA-B0-4836-01A-01R-1305-07,0.9043886053145527,1
TCGA-HZ-A49I-01A-12R-A26U-07,0.3267694963945661,1
TCGA-J7-8537-01A-11R-2404-07,0.2545901088324007,1
TCGA-SX-A7SS-01A-11R-A36F-07,0.17369575921347422,1
TCGA-CM-6161-01A-11R-1653-07,0.4215962998383982,1
TCGA-66-2753-01A-01R-0980-07,0.9186444612499955,1
TCGA-A3-3343-01A-01R-0864-07,0.22400351727515252,1
TCGA-24-1930-01A-01R-1567-13,0.926715451120073,1
TCGA-A2-A0T7-01A-21R-A084-07,0.9614986821417573,1
TCGA-75-6203-01A-11R-1755-07,0.5474679470743825,0
TCGA-CZ-5989-01A-11R-1672-07,0.3558574336529661,1
TCGA-DD-AAVP-01A-11R-A41C-07,0.5056794255303262,1
TCGA-MH-A562-01A-11R-A26U-07,0.16781865475495156,1
TCGA-AC-A2FE-01A-11R-A19W-07,0.9389534671905398,1
TCGA-ZG-A8QZ-01A-11R-A37L-07,0.9527750545083239,0
TCGA-B8-A54J-01A-11R-A33J-07,0.1503446030364731,1
TCGA-CM-6675-01A-11R-1839-07,0.9475217390260686,1
TCGA-A2-A0D1-01A-11R-A034-07,0.5923755709979894,0
TCGA-UZ-A9PZ-01A-11R-A42S-07,0.18389190912423622,1
TCGA-LN-A9FR-01A-11R-A38D-31,0.3305334736150588,1
TCGA-CZ-5458-01A-01R-1503-07,0.30988788052177035,1
TCGA-IB-A5SQ-01A-11R-A32O-07,0.9416926162902269,0
TCGA-EB-A1NK-01A-11R-A18T-07,0.2909179149146774,1
TCGA-BF-A1PX-01A-12R-A18T-07,0.16233017932930036,1
TCGA-MH-A855-01A-11R-A355-07,0.2562775260539446,0
TCGA-DZ-6131-01A-11R-1965-07,0.6373387855816222,1
TCGA-CJ-4875-01A-01R-1305-07,0.19971844275475717,0
TCGA-BP-4787-01A-01R-1305-07,0.6692546012354039,1
TCGA-X4-A8KQ-01A-12R-A36G-07,0.24301829765184835,1
TCGA-CZ-4862-01A-01R-1305-07,0.3763246089619738,1
TCGA-E2-A14Y-01A-21R-A12D-07,0.6871756157011257,1
TCGA-B0-5100-01A-01R-1420-07,0.2577320341079473,1
TCGA-EB-A42Y-01A-12R-A24X-07,0.935226041395862,1
TCGA-25-2399-01A-01R-1569-13,0.9575664955569361,0
TCGA-EB-A42Z-01A-12R-A24X-07,0.388838308012244,0
TCGA-66-2755-01A-01R-0851-07,0.8962980516033741,0
TCGA-A6-2677-01B-02R-A277-07,0.8093548700590594,1
TCGA-25-2400-01A-01R-1569-13,0.9021106476057866,1
TCGA-O2-A52S-01A-11R-A262-07,0.9169890521755406,1
TCGA-09-2054-01A-01R-1568-13,0.9178760941122835,1
TCGA-BC-A10Y-01A-11R-A131-07,0.30232061802791665,1
TCGA-22-5481-01A-31R-1949-07,0.9178743396132243,0
TCGA-A2-A0D3-01A-11R-A115-07,0.3235938674304737,1
TCGA-55-8505-01A-11R-2403-07,0.9273171062349987,1
TCGA-CJ-4636-01A-02R-1325-07,0.953781808923521,1
TCGA-13-0797-01A-01R-1564-13,0.16854345010892702,0
TCGA-AA-A03J-01A-21R-A16W-07,0.21361082634444775,1
TCGA-VP-A872-01A-11R-A352-07,0.7221577214873401,1
TCGA-XR-A8TF-01A-11R-A36F-07,0.5679604436514609,1
TCGA-EP-A2KA-01A-11R-A180-07,0.34570042486529207,1
TCGA-25-1314-01A-01R-1565-13,0.8299729477671349,1
TCGA-64-5778-01A-01R-1628-07,0.7451825955459662,1
TCGA-04-1356-01A-01R-1569-13,0.907696081762744,1
TCGA-46-3766-01A-01R-0980-07,0.6335520861112739,1
TCGA-78-7535-01A-11R-2066-07,0.3142069989374895,1
TCGA-HZ-7919-01A-11R-2156-07,0.2214569862111101,1
TCGA-DW-7841-01A-11R-A32Z-07,0.17641235688071766,1
TCGA-AA-3538-01A-01R-0821-07,0.9106521683496265,1
TCGA-ZG-A9L5-01A-12R-A41O-07,0.5021249108698091,1
TCGA-DD-A39Z-01A-11R-A213-07,0.3706629664170961,0
TCGA-GM-A3NY-01A-11R-A21T-07,0.7854107333969546,1
TCGA-S4-A8RO-01A-12R-A37L-07,0.9263302338000798,1
TCGA-E2-A573-01A-11R-A29R-07,0.8455452890907954,1
TCGA-G3-A3CG-01A-11R-A213-07,0.2993051632143544,1
TCGA-PL-A8LZ-01A-31R-A36F-07,0.8810263550078683,1
TCGA-39-5011-01A-01R-1443-07,0.9298429063225864,1
TCGA-G3-AAV5-01A-11R-A37K-07,0.28969654294850505,1
TCGA-A3-3313-01A-02R-1325-07,0.3109219995160639,1
TCGA-UZ-A9PR-01A-11R-A42S-07,0.17123739402332272,1
TCGA-BQ-5887-01A-11R-1965-07,0.30144581358186884,1
TCGA-49-AARQ-01A-11R-A41B-07,0.9017646888983412,1
TCGA-AA-3488-01A-01R-1410-07,0.21459394659192968,1
TCGA-S3-AA0Z-01A-11R-A41B-07,0.9220467914365654,1
TCGA-FB-A78T-01A-12R-A32O-07,0.6411261749120934,1
TCGA-09-1659-01B-01R-1564-13,0.5679256655824891,0
TCGA-55-8096-01A-11R-2241-07,0.9574900525882244,0
TCGA-DD-AACQ-01A-11R-A41C-07,0.5534307086113244,1
TCGA-CC-5260-01A-01R-A131-07,0.9289852893180537,1
TCGA-E2-A14S-01A-11R-A12D-07,0.9626075904968313,1
TCGA-B6-A0WT-01A-11R-A109-07,0.932231342054751,0
TCGA-BQ-7048-01A-11R-1965-07,0.7852361367392338,1
TCGA-56-A62T-01A-11R-A405-07,0.5966629108008948,1
TCGA-EB-A3XD-01A-22R-A239-07,0.17844192874742942,1
TCGA-DD-AACZ-01A-11R-A41C-07,0.8099852470622114,0
TCGA-CC-A1HT-01A-11R-A131-07,0.9502490330163198,1
TCGA-B2-5633-01A-01R-1541-07,0.18420220535078585,1
TCGA-D5-5541-01A-01R-1653-07,0.9348955534515737,0
TCGA-BC-A217-01A-11R-A155-07,0.2758666173232904,1
TCGA-E2-A106-01A-11R-A10J-07,0.9452038994200569,1
TCGA-A2-A0D4-01A-11R-A00Z-07,0.8638390327640144,1
TCGA-BP-4768-01A-01R-1289-07,0.7426865132577236,1
TCGA-HC-7750-01A-11R-2118-07,0.29169610447058736,1
TCGA-C8-A1HI-01A-11R-A137-07,0.9615628111378406,1
TCGA-64-5815-01A-01R-1628-07,0.897378751360079,1
TCGA-EW-A1P5-01A-11R-A144-07,0.9487897565754319,1
TCGA-DD-AADK-01A-11R-A41C-07,0.29758353880667504,1
TCGA-BP-4174-01A-02R-1289-07,0.2947740990767742,0
TCGA-22-5482-01A-01R-1635-07,0.5259797948799585,1
TCGA-CA-5256-01A-01R-1410-07,0.2361681833412187,1
TCGA-36-1571-01A-01R-1566-13,0.9129269685631414,1
TCGA-13-0714-01A-01R-1564-13,0.5023216783205897,1
TCGA-97-8172-01A-11R-2287-07,0.6990913009115853,1
TCGA-ZG-A9L9-01A-11R-A41O-07,0.4285774527103835,1
TCGA-E2-A159-01A-11R-A115-07,0.9074466840543952,1
TCGA-BP-5187-01A-01R-1426-07,0.3244640961670324,1
TCGA-DZ-6132-01A-11R-1965-07,0.26517342947735717,1
TCGA-A6-6649-01A-11R-1774-07,0.9338893765003078,0
TCGA-60-2722-01A-01R-0851-07,0.4589075464495441,1
TCGA-24-2033-01A-01R-1568-13,0.8154738560181876,1
TCGA-CH-5739-01A-11R-1580-07,0.29102944507828055,1
TCGA-EJ-A6RC-01A-11R-A32O-07,0.33823947730190157,0
TCGA-V5-AASW-01A-11R-A406-31,0.2438746505400082,1
TCGA-86-8280-01A-11R-2287-07,0.9556001029134651,1
TCGA-73-7499-01A-11R-2187-07,0.7085586473120756,1
TCGA-DM-A1DA-01A-11R-A155-07,0.4841167381094226,0
TCGA-ED-A7XO-01A-11R-A352-07,0.33204021489986796,0
TCGA-35-4123-01A-01R-1107-07,0.5271806509938832,1
TCGA-CJ-4639-01A-02R-1325-07,0.3193249763069585,1
TCGA-35-4122-01A-01R-1107-07,0.3082488549400712,1
TCGA-AC-A7VC-01A-11R-A352-07,0.9338294589333027,1
TCGA-A8-A08X-01A-21R-A00Z-07,0.9188247424297364,1
TCGA-XK-AAIR-01A-11R-A41O-07,0.29535511007008486,0
TCGA-BH-A0B3-01A-11R-A056-07,0.9038268581445835,1
TCGA-BH-A1EV-01A-11R-A137-07,0.9351412766547462,1
TCGA-AA-3982-01A-02R-1022-07,0.33128639723474806,1
TCGA-86-6562-01A-11R-1755-07,0.9535790655622998,0
TCGA-EJ-5496-01A-01R-1580-07,0.27394600079705883,1
TCGA-B6-A400-01A-11R-A239-07,0.9345689878022608,1
TCGA-BF-A5ES-01A-11R-A27Q-07,0.262838291971484,0
TCGA-F4-6854-01A-11R-1928-07,0.9319134824486072,1
TCGA-10-0938-01A-02R-1564-13,0.9210737688996122,1
TCGA-D8-A1XW-01A-11R-A14M-07,0.9239768768266137,1
TCGA-55-8089-01A-11R-2241-07,0.9163518503060895,0
TCGA-43-3920-01A-01R-0980-07,0.7721634992192925,1
TCGA-AA-3660-01A-01R-1723-07,0.9628351001470837,1
TCGA-24-0970-01B-01R-1565-13,0.6641712215029962,1
TCGA-24-2298-01A-01R-1569-13,0.9386791155844167,1
TCGA-EJ-A46G-01A-31R-A26U-07,0.9538928181506696,1
TCGA-A8-A093-01A-11R-A00Z-07,0.940775790123346,1
TCGA-A7-A26I-01B-06R-A22O-07,0.9321104283186045,1
TCGA-24-1842-01A-01R-1567-13,0.9482547909155858,1
TCGA-LB-A8F3-01A-11R-A36G-07,0.3127403361036349,1
TCGA-95-7567-01A-11R-2066-07,0.9584042649112012,1
TCGA-BH-A0EE-01A-11R-A034-07,0.2917831115681705,1
TCGA-55-7911-01A-11R-2170-07,0.9480507587243237,0
TCGA-B2-5641-01A-01R-1541-07,0.2820340402660831,1
TCGA-CH-5790-01A-11R-1580-07,0.30755575371062055,1
TCGA-90-7766-01A-21R-2125-07,0.6097954312546714,1
TCGA-AA-3818-01A-01R-0905-07,0.3250232757608171,1
TCGA-NC-A5HL-01A-11R-A26W-07,0.663827236538307,1
TCGA-23-1120-01A-02R-1565-13,0.9323063962696104,1
TCGA-A8-A06N-01A-11R-A00Z-07,0.9368251317286489,1
TCGA-24-1427-01A-01R-1565-13,0.9095042875210093,0
TCGA-DM-A285-01A-11R-A16W-07,0.957888562636853,1
TCGA-B6-A0RP-01A-21R-A084-07,0.9629834080705992,1
TCGA-77-8130-01A-11R-2247-07,0.6342974844267306,1
TCGA-85-7843-01A-11R-2125-07,0.842856312816243,1
TCGA-22-1002-01A-01R-0692-07,0.9510378144404416,1
TCGA-L5-A4OU-01A-11R-A28J-31,0.533023009041663,1
TCGA-44-3918-01B-02R-A277-07,0.3864197197905095,1
TCGA-EJ-5503-01A-01R-1580-07,0.243196159969937,1
TCGA-B9-4113-01A-01R-1193-07,0.1702547381841295,1
TCGA-55-6642-01A-11R-1858-07,0.947096109187356,0
TCGA-22-4604-01A-01R-1201-07,0.9185140585349583,1
TCGA-69-8253-01A-11R-2287-07,0.860783422657993,1
TCGA-43-A475-01A-11R-A24H-07,0.9362828212509575,1
TCGA-13-0893-01B-01R-1565-13,0.704438592313015,0
TCGA-ZG-A9MC-01A-31R-A41O-07,0.862828155386278,0
TCGA-FB-AAQ3-01A-11R-A41B-07,0.3917693773051214,1
TCGA-30-1861-01A-01R-1568-13,0.7749757323978281,1
TCGA-A8-A0A4-01A-11R-A00Z-07,0.9488271010905982,1
TCGA-V1-A9ZI-01A-11R-A41O-07,0.4675964620802329,0
TCGA-AA-A01S-01A-21R-A083-07,0.22513723098043642,1
TCGA-J4-A6G1-01A-11R-A311-07,0.9449242007457064,1
TCGA-DD-AAD5-01A-11R-A41C-07,0.4064578618424582,1
TCGA-44-7661-01A-11R-2066-07,0.16443095797702403,1
TCGA-FV-A23B-01A-11R-A16W-07,0.3620781721682121,1
TCGA-E2-A1B1-01A-21R-A12P-07,0.1789868568632692,1
TCGA-EJ-A65D-01A-11R-A30B-07,0.20800728779998712,1
TCGA-CA-5796-01A-01R-1653-07,0.2595579974102143,0
TCGA-AY-6196-01A-11R-1723-07,0.9355467922518007,1
TCGA-KK-A6E2-01A-11R-A311-07,0.28812189889841555,0
TCGA-05-4384-01A-01R-1755-07,0.9440544279650654,0
TCGA-D8-A1XD-01A-11R-A14D-07,0.8964437274040065,1
TCGA-T1-A6J8-01A-11R-A32O-07,0.3182937555946942,1
TCGA-A2-A0SU-01A-11R-A084-07,0.9545869946572936,1
TCGA-62-A46R-01A-11R-A24H-07,0.9439018701780981,1
TCGA-2J-AAB1-01A-11R-A41B-07,0.40254467327567156,1
TCGA-61-2102-01A-01R-1568-13,0.8802115325848228,1
TCGA-BQ-5891-01A-11R-1592-07,0.1619898826660767,1
TCGA-78-7160-01A-11R-2039-07,0.9305834796494737,0
TCGA-AZ-4614-01A-01R-1410-07,0.9361869484781334,1
TCGA-CM-6676-01A-11R-1839-07,0.9447708942654669,0
TCGA-LN-A49W-01A-11R-A260-31,0.9254853020620679,1
TCGA-A2-A0EY-01A-11R-A034-07,0.9512590655969182,1
TCGA-CJ-4869-01A-02R-1426-07,0.20383391640669765,1
TCGA-F2-A8YN-01A-11R-A37L-07,0.6549962343617206,0
TCGA-EW-A6SC-01A-12R-A32P-07,0.9554322944204087,1
TCGA-77-A5G1-01A-11R-A27Q-07,0.5064852897128247,1
TCGA-V1-A9ZR-01A-11R-A41O-07,0.9554168263037002,1
TCGA-KK-A8I9-01A-11R-A36G-07,0.9473763653463876,1
TCGA-CC-A3MB-01A-11R-A213-07,0.30819789171636774,1
TCGA-B2-5635-01A-01R-1541-07,0.8993265594153997,0
TCGA-AA-3662-01A-01R-1723-07,0.9537110601021901,1
TCGA-S3-AA15-01A-11R-A41B-07,0.8864986256255145,1
TCGA-B8-4154-01A-01R-1188-07,0.23283103686435175,0
TCGA-43-A474-01A-11R-A24H-07,0.25912839078678507,0
TCGA-13-0800-01A-01R-1564-13,0.9364845359034715,0
TCGA-L9-A50W-01A-12R-A39D-07,0.9286504504746048,1
TCGA-B6-A1KF-01A-11R-A13Q-07,0.8156318464021034,1
TCGA-22-1011-01A-01R-0692-07,0.9282235836904676,1
TCGA-AA-3833-01A-01R-0905-07,0.19502493146193614,1
TCGA-22-4605-01A-21R-2125-07,0.8749993555089298,0
TCGA-52-7810-01A-11R-2125-07,0.4336536984939701,0
TCGA-64-1678-01A-01R-0946-07,0.8858104114889145,1
TCGA-IB-7645-01A-22R-2204-07,0.20048755147414288,1
TCGA-A2-A0EP-01A-52R-A22U-07,0.27104415458566794,1
TCGA-AA-A00Z-01A-01R-A002-07,0.2684794007610742,1
TCGA-E2-A9RU-01A-11R-A41B-07,0.5247412925219666,1
TCGA-BP-5184-01A-01R-1426-07,0.22032472828823232,0
TCGA-73-4670-01A-01R-1206-07,0.803896390942466,1
TCGA-AA-3679-01A-02R-0905-07,0.24560562062039165,1
TCGA-CM-5348-01A-21R-1723-07,0.926166760546931,0
TCGA-2A-A8W3-01A-11R-A37L-07,0.949680613387768,1
TCGA-MH-A857-01A-11R-A355-07,0.5150381735803098,1
TCGA-E2-A1LG-01A-21R-A14M-07,0.6043732678935063,1
TCGA-05-4418-01A-01R-1206-07,0.6938225499086487,0
TCGA-83-5908-01A-21R-2287-07,0.8491629876182112,1
TCGA-G3-A5SJ-01A-11R-A27V-07,0.9256500595649614,0
TCGA-13-0901-01B-01R-1565-13,0.8703747336395353,1
TCGA-B0-5088-01A-01R-1334-07,0.17578872376910543,1
TCGA-AR-A0TU-01A-31R-A109-07,0.5885110535869545,1
TCGA-29-1770-01A-01R-1567-13,0.9307129729480822,1
TCGA-AA-3855-01A-01R-1022-07,0.25540103732708885,1
TCGA-B0-5402-01A-01R-1503-07,0.7087314228764908,1
TCGA-DD-AACD-01A-11R-A41C-07,0.278785052676884,1
TCGA-UB-A7MB-01A-11R-A33R-07,0.4059408240443641,1
TCGA-J9-A52B-01A-11R-A26U-07,0.942151392353078,1
TCGA-13-0908-01B-01R-1565-13,0.9364411372591427,0
TCGA-AS-3777-01A-01R-0864-07,0.443531771509873,1
TCGA-L5-A8NU-01A-11R-A36D-31,0.9246849925654572,0
TCGA-BH-A0W5-01A-11R-A109-07,0.9566963106433101,1
TCGA-L5-A4OE-01A-11R-A260-31,0.14852685971521132,1
TCGA-29-1705-01A-01R-1567-13,0.9517651150853919,0
TCGA-AA-A024-01A-02R-A00A-07,0.32145445255380417,1
TCGA-13-0799-01A-01R-1564-13,0.748949455314889,1
TCGA-AR-A24L-01A-11R-A169-07,0.33696904103397013,0
TCGA-CZ-5463-01A-01R-1503-07,0.24711108722822545,1
TCGA-G7-A4TM-01A-11R-A31O-07,0.18140291625549404,1
TCGA-5P-A9KH-01A-11R-A42S-07,0.3141387030831401,1
TCGA-E9-A249-01A-11R-A169-07,0.9204182420279353,1
TCGA-J2-A4AD-01A-11R-A24H-07,0.9477304508518589,1
TCGA-BP-4961-01A-01R-1334-07,0.2571591836297494,1
TCGA-DD-AADB-01A-11R-A41C-07,0.4108718978353736,1
TCGA-B6-A0X4-01A-11R-A109-07,0.8832673638091403,1
TCGA-80-5611-01A-01R-1628-07,0.8399267067738942,1
TCGA-A8-A06O-01A-11R-A00Z-07,0.9528041880171239,1
TCGA-B0-4690-01A-01R-1277-07,0.6866926255489706,0
TCGA-A8-A07C-01A-11R-A034-07,0.8682552793273561,0
TCGA-23-1032-01A-02R-1564-13,0.567762419711068,1
TCGA-CM-6167-01A-11R-1653-07,0.9539252778077363,1
TCGA-D8-A142-01A-11R-A115-07,0.8811844399583508,1
TCGA-A3-A8OV-01A-11R-A37O-07,0.2093070729002168,1
TCGA-A8-A094-01A-11R-A00Z-07,0.9240017280691191,1
TCGA-HC-A8D0-01A-11R-A36G-07,0.9588524214102498,1
TCGA-M9-A5M8-01A-11R-A28J-31,0.3044236637254673,0
TCGA-DD-AACS-01A-11R-A41C-07,0.34234708149557974,1
TCGA-22-4593-01A-21R-1820-07,0.8832745296483479,1
TCGA-E9-A1RB-01A-11R-A157-07,0.9190575395155595,1
TCGA-86-A456-01A-11R-A24H-07,0.9499439243936502,1
TCGA-AR-A24H-01A-11R-A169-07,0.8410236511463555,1
TCGA-OL-A5D7-01A-11R-A27Q-07,0.875663247783415,1
TCGA-85-A511-01A-21R-A262-07,0.9253708978719531,1
TCGA-49-AAR9-01A-21R-A41B-07,0.5570768104226301,1
TCGA-13-1496-01A-01R-1565-13,0.2770147395615723,1
TCGA-60-2695-01A-01R-0851-07,0.9057642991073394,1
TCGA-YL-A8SH-01B-11R-A37L-07,0.28858479261644354,1
TCGA-23-1026-01B-01R-1569-13,0.7732723652601527,1
TCGA-AA-3684-01A-02R-0905-07,0.13575477495803284,1
TCGA-97-8174-01A-11R-2287-07,0.9404489122088414,0
TCGA-A3-3308-01A-02R-1325-07,0.9523712575536846,1
TCGA-DD-A3A4-01A-11R-A22L-07,0.8504989669501182,0
TCGA-AR-A2LO-01A-31R-A18M-07,0.9476101426101023,1
TCGA-64-1679-01A-21R-2066-07,0.9273280627970462,0
TCGA-56-8623-01A-11R-A28V-07,0.19880564393501055,1
TCGA-69-A59K-01A-11R-A262-07,0.9266495474733931,1
TCGA-13-0766-01A-02R-1564-13,0.8058706331546545,1
TCGA-61-2016-01A-01R-1568-13,0.9137825451568085,1
TCGA-XV-AAZV-01A-11R-A40A-07,0.3514744041387897,0
TCGA-AA-A01Q-01A-01R-A002-07,0.33619747199105593,1
TCGA-A2-A25C-01A-11R-A169-07,0.830439816715808,0
TCGA-24-1849-01A-01R-1567-13,0.9167337740163157,1
TCGA-LL-A5YM-01A-11R-A28M-07,0.23797755818632554,0
TCGA-23-2081-01A-01R-1568-13,0.9339750172232164,1
TCGA-BP-4975-01A-01R-1334-07,0.24401245609927083,0
TCGA-B8-5165-01A-01R-1420-07,0.27328831126170766,1
TCGA-SX-A7SR-01A-12R-A36F-07,0.2338579629791339,1
TCGA-AR-A24M-01A-11R-A169-07,0.2322779789443789,0
TCGA-LL-A6FR-01A-12R-A31O-07,0.8165129050251339,1
TCGA-IB-A5SS-01A-11R-A32O-07,0.4456542407872438,1
TCGA-EJ-AB27-01A-11R-A41O-07,0.24962505176729038,1
TCGA-37-3789-01A-01R-0980-07,0.7876582958242304,0
TCGA-AA-A01F-01A-01R-A002-07,0.2693561827750735,1
TCGA-VR-A8EY-01A-11R-A36D-31,0.5630850504142363,1
TCGA-CK-5913-01A-11R-1653-07,0.19202693604868068,1
TCGA-A3-3319-01A-02R-1325-07,0.13496664131961983,1
TCGA-77-8007-01A-11R-2187-07,0.9343022205845724,1
TCGA-24-1434-01A-01R-1566-13,0.8948966987193663,1
TCGA-L5-A4OQ-01A-11R-A260-31,0.6643903756672785,1
TCGA-IG-A3YC-01A-11R-A24K-31,0.8725414919953149,0
TCGA-BH-A0DV-01A-21R-A12P-07,0.9108282878389798,1
TCGA-C8-A12N-01A-11R-A115-07,0.9584501227471219,1
TCGA-KC-A7F6-01A-11R-A33R-07,0.5619083083150129,1
TCGA-DM-A28E-01A-11R-A32Y-07,0.29267702281028,1
TCGA-85-8048-01A-11R-2247-07,0.893519398076701,1
TCGA-55-8614-01A-11R-2403-07,0.8521835571595611,1
TCGA-L5-A4OH-01A-11R-A260-31,0.26705266615375695,1
TCGA-AO-A0JJ-01A-11R-A056-07,0.9495184744428006,1
TCGA-DM-A282-01A-12R-A16W-07,0.3012535740590693,1
TCGA-64-5775-01A-01R-1628-07,0.953409924983699,0
TCGA-EJ-5511-01A-01R-1580-07,0.32571810266000367,1
TCGA-E2-A1LE-01A-12R-A19W-07,0.916204932423595,1
TCGA-E9-A1NH-01A-11R-A14D-07,0.9610497846814936,1
TCGA-55-8302-01A-11R-2326-07,0.9277876626535914,1
TCGA-O2-A52N-01A-11R-A26W-07,0.9291529627812432,1
TCGA-AA-3495-01A-01R-1410-07,0.22964843955013864,1
TCGA-A7-A13H-01A-11R-A22K-07,0.9299574186140506,1
TCGA-JY-A6FE-01A-11R-A336-31,0.9132064370868009,1
TCGA-HC-7210-01A-11R-2118-07,0.22591632571647868,1
TCGA-L5-A88T-01A-11R-A354-31,0.14433961708715928,1
TCGA-BP-4998-01A-01R-1334-07,0.2722359977718302,1
TCGA-S3-A6ZG-01A-22R-A32P-07,0.9134164245600733,1
TCGA-B0-5692-01A-11R-1541-07,0.23898101818981152,0
TCGA-ZG-A8QY-01A-11R-A37L-07,0.9458812476090541,0
TCGA-A1-A0SG-01A-11R-A144-07,0.9027625490649742,1
TCGA-64-5774-01A-01R-1628-07,0.914358250486963,1
TCGA-L5-A8NM-01A-11R-A37I-31,0.4664407573061047,0
TCGA-AO-A12D-01A-11R-A115-07,0.9573773251087909,1
TCGA-39-5024-01A-21R-1820-07,0.9034315644950803,1
TCGA-AA-A01K-01A-01R-A00A-07,0.9468158513132399,1
TCGA-AA-3973-01A-01R-1022-07,0.8700332918289114,1
TCGA-22-5485-01A-01R-1635-07,0.7489152546514892,1
TCGA-50-5941-01A-11R-1755-07,0.9550144973193601,1
TCGA-C8-A12K-01A-21R-A115-07,0.90563619717584,1
TCGA-MH-A55Z-01A-11R-A26U-07,0.18922870457475954,0
TCGA-BH-A0H3-01A-11R-A12P-07,0.2076399075698869,1
TCGA-CJ-4890-01A-01R-1305-07,0.13190747157362784,1
TCGA-85-8072-01A-31R-2247-07,0.943857823443823,1
TCGA-5M-AATA-01A-31R-A41B-07,0.9487589887425277,1
TCGA-C8-A1HK-01A-21R-A13Q-07,0.7557723874901654,0
TCGA-AN-A0XP-01A-11R-A109-07,0.9571817683504638,1
TCGA-39-5028-01A-01R-1443-07,0.891862675961911,1
TCGA-ZG-A9L6-01A-11R-A41O-07,0.25589262179794736,1
TCGA-AO-A03V-01A-11R-A115-07,0.956049353368607,1
TCGA-CJ-4895-01A-01R-1305-07,0.964709958996093,1
TCGA-BC-A10T-01A-11R-A131-07,0.5229748437024195,1
TCGA-AR-A24K-01A-11R-A169-07,0.5885576325264752,1
TCGA-A8-A06Z-01A-11R-A00Z-07,0.9468790224605974,1
TCGA-A6-6654-01A-21R-1839-07,0.9039511870538943,1
TCGA-G9-6373-01A-11R-1789-07,0.3552333201228392,1
TCGA-DD-A116-01A-11R-A131-07,0.2812270364711868,1
TCGA-VR-A8EQ-01A-11R-A36D-31,0.7762512118957378,1
TCGA-R6-A6L6-01B-11R-A336-31,0.7374335195021012,1
TCGA-55-A493-01A-11R-A24H-07,0.8360900364292091,1
TCGA-ES-A2HS-01A-11R-A180-07,0.35668876436023456,1
TCGA-KK-A8I8-01A-11R-A36G-07,0.29150910803701574,1
TCGA-L5-A4OI-01A-11R-A36D-31,0.4323654564775462,1
TCGA-43-6143-01A-11R-1820-07,0.9080181019988904,1
TCGA-HC-7080-01A-11R-1965-07,0.28242425227793827,1
TCGA-FV-A4ZQ-01A-11R-A266-07,0.7307801042914469,1
TCGA-A3-3374-01A-02R-1325-07,0.2985644093300146,1
TCGA-IG-A3QL-01A-11R-A24K-31,0.8134184483292819,1
TCGA-PL-A8LV-01A-21R-A41B-07,0.9103226353222378,1
TCGA-HC-A9TE-01A-11R-A41O-07,0.9420370991658014,1
TCGA-G4-6321-01A-11R-1723-07,0.3507986147305172,1
TCGA-23-1030-01A-02R-1564-13,0.8707146013960759,1
TCGA-FB-AAQ2-01A-31R-A41B-07,0.718647875310602,1
TCGA-A2-A0CY-01A-12R-A034-07,0.8932085042298551,1
TCGA-AN-A046-01A-21R-A034-07,0.9619602370547268,1
TCGA-BH-A0B4-01A-11R-A00Z-07,0.9596402671896951,0
TCGA-24-0982-01A-01R-1565-13,0.5645384559670049,1
TCGA-AR-A0TY-01A-12R-A115-07,0.9334792587796886,1
TCGA-WS-AB45-01A-11R-A41B-07,0.8106486440305846,1
TCGA-37-4135-01A-01R-1100-07,0.9212682203934596,1
TCGA-EW-A1P0-01A-11R-A144-07,0.9553769403125034,0
TCGA-A2-A04Y-01A-21R-A034-07,0.9515008873977046,1
TCGA-ZP-A9D4-01A-11R-A37K-07,0.322590211159631,1
TCGA-AC-A23H-01A-11R-A157-07,0.9543071535477757,1
TCGA-A8-A07G-01A-11R-A034-07,0.9653069679359596,1
TCGA-63-A5MT-01A-21R-A26W-07,0.9078474997271462,1
TCGA-05-5428-01A-01R-1628-07,0.8967308847650501,0
TCGA-V1-A9OQ-01A-11R-A41O-07,0.274891693899626,0
TCGA-CZ-5454-01A-01R-1503-07,0.5122443277085207,1
TCGA-2J-AABK-01A-31R-A41B-07,0.9499758109259988,0
TCGA-L5-A893-01A-11R-A36D-31,0.871920573206886,1
TCGA-CW-5587-01A-01R-1541-07,0.18051126916301125,1
TCGA-CH-5766-01A-11R-1580-07,0.661957696796136,1
TCGA-E9-A1NI-01A-11R-A14D-07,0.9646635939486692,0
TCGA-46-3767-01A-01R-0980-07,0.6493996197694184,1
TCGA-85-7710-01A-11R-2125-07,0.8762791381379307,0
TCGA-A2-A1G1-01A-21R-A13Q-07,0.9189026191329136,0
TCGA-AZ-6603-01A-11R-1839-07,0.2269230331016442,1
TCGA-BP-5180-01A-01R-1426-07,0.8514916269879673,0
TCGA-HC-7213-01A-11R-2118-07,0.9583515200781617,1
TCGA-BP-4354-01A-02R-1289-07,0.30032619134723104,1
TCGA-E2-A14W-01A-11R-A12D-07,0.939211700124205,0
TCGA-L9-A444-01A-21R-A24H-07,0.9426551443346813,1
TCGA-86-7713-01A-11R-2066-07,0.9048894433612341,1
TCGA-MP-A4TJ-01A-51R-A262-07,0.957937395337411,0
TCGA-B9-A5W8-01A-11R-A28H-07,0.2402830420106184,1
TCGA-BH-A0DE-01A-11R-A115-07,0.9584852529843884,1
TCGA-BP-4349-01A-01R-1289-07,0.2456616379773175,1
TCGA-LL-A8F5-01A-11R-A36F-07,0.9496806834189835,1
TCGA-95-A4VK-01A-11R-A262-07,0.9045511108111077,1
TCGA-HC-A9TH-01A-11R-A41O-07,0.9567213217391698,1
TCGA-CM-4743-01A-01R-1723-07,0.6901780547356074,1
TCGA-13-1499-01A-01R-1565-13,0.8171271735273475,1
TCGA-43-7656-01A-11R-2125-07,0.8884994159618221,1
TCGA-66-2786-01A-01R-0851-07,0.8953874021980381,0
TCGA-44-7671-01A-11R-2066-07,0.9110156500072586,1
TCGA-D5-6535-01A-11R-1723-07,0.9552944439047039,1
TCGA-A3-3378-01A-02R-1325-07,0.4222234451967265,1
TCGA-KR-A7K8-01A-11R-A33J-07,0.26970433151818307,1
TCGA-B6-A0IG-01A-11R-A034-07,0.9504603737481412,1
TCGA-05-5423-01A-01R-1628-07,0.6379631537900439,1
TCGA-24-2020-01A-01R-1567-13,0.8993162610644618,1
TCGA-EJ-5532-01A-01R-1580-07,0.22902997638579942,1
TCGA-LN-A7HX-01A-11R-A336-31,0.25527907947529854,0
TCGA-24-1418-01A-01R-1565-13,0.9534298239858904,1
TCGA-A6-6648-01A-11R-1774-07,0.2325611621859064,1
TCGA-AO-A12F-01A-11R-A115-07,0.8112307192971697,1
TCGA-DD-A1EL-01A-11R-A155-07,0.6857512571921912,1
TCGA-F2-6880-01A-11R-2156-07,0.546519510804679,0
TCGA-IB-AAUW-01A-12R-A38C-07,0.7503153220213181,0
TCGA-EB-A4OZ-01A-12R-A266-07,0.21402410498969882,1
TCGA-CJ-4878-01A-01R-1305-07,0.7296163705606658,1
TCGA-4R-AA8I-01A-11R-A38B-07,0.3184967928386552,1
TCGA-CZ-4853-01A-01R-1426-07,0.19141148671500552,1
TCGA-DD-A4NN-01A-11R-A28V-07,0.8444316847289757,1
TCGA-21-5782-01A-01R-1635-07,0.8879200190653855,0
TCGA-85-A513-01A-12R-A26W-07,0.9415092723837951,1
TCGA-29-1761-01A-01R-1567-13,0.8838814477577821,1
TCGA-G7-6792-01A-21R-1965-07,0.26726711701954325,1
TCGA-NC-A5HQ-01A-11R-A26W-07,0.8157103873867436,1
TCGA-B1-A47O-01A-11R-A24Z-07,0.2410537742093977,0
TCGA-AR-A252-01A-11R-A169-07,0.18017712912382433,1
TCGA-BH-A18S-01A-11R-A12D-07,0.5309449654490199,1
TCGA-LQ-A4E4-01A-11R-A266-07,0.9543243971516457,1
TCGA-3A-A9IV-01A-11R-A41B-07,0.651672552815084,1
TCGA-WN-A9G9-01A-12R-A37K-07,0.618032829813943,1
TCGA-BH-A18F-01A-11R-A12D-07,0.9656339878725198,1
TCGA-13-0883-01A-02R-1569-13,0.9485874066818527,1
TCGA-55-7576-01A-11R-2066-07,0.9560154888152794,1
TCGA-44-A4SS-01A-11R-A24X-07,0.9449045078734907,0
TCGA-AD-A5EJ-01A-11R-A28H-07,0.4872060448195047,0
TCGA-E9-A5FL-01A-11R-A27Q-07,0.5252584862319294,1
TCGA-J4-A67L-01A-11R-A30B-07,0.1743952282899719,1
TCGA-23-1113-01A-01R-1564-13,0.5070150598595965,1
TCGA-55-6543-01A-11R-1755-07,0.949066589866825,1
TCGA-BP-4334-01A-01R-1289-07,0.6924621764106903,1
TCGA-E2-A1L6-01A-11R-A13Q-07,0.9533346052765289,1
TCGA-D8-A27W-01A-11R-A16F-07,0.5024081670935315,0
TCGA-B6-A0WS-01A-11R-A115-07,0.9646520547461811,1
TCGA-B3-8121-01A-21R-2404-07,0.8248371260442784,0
TCGA-D8-A1JK-01A-11R-A13Q-07,0.952219214586856,1
TCGA-A2-A04N-01A-11R-A115-07,0.9489406301105614,0
TCGA-P4-A5E6-01A-11R-A28H-07,0.2049062658407435,1
TCGA-PJ-A5Z9-01A-11R-A28H-07,0.21851136269389404,0
TCGA-LN-A7HV-01A-21R-A354-31,0.34346011095521345,1
TCGA-22-0944-01A-01R-0692-07,0.5447605890177867,1
TCGA-AN-A0FK-01A-11R-A034-07,0.9501845387764646,0
TCGA-BF-AAOU-01A-12R-A39D-07,0.2122577420381114,1
TCGA-HN-A2NL-01A-11R-A18M-07,0.9364815018423567,1
TCGA-FR-A2OS-01A-11R-A21D-07,0.1962960411527764,1
TCGA-CW-6093-01A-11R-1672-07,0.229383458269123,1
TCGA-DD-A73F-01A-11R-A32O-07,0.3149035221000145,0
TCGA-WQ-A9G7-01A-11R-A37K-07,0.577737465756607,0
TCGA-37-3783-01A-01R-1201-07,0.6604111065032842,1
TCGA-61-1995-01A-01R-1568-13,0.9033176824560207,0
TCGA-DD-AAD2-01A-11R-A41C-07,0.30517685464517974,0
TCGA-24-1616-01A-01R-1566-13,0.9291783917027225,1
TCGA-B2-3923-01B-10R-A277-07,0.5194854827137355,1
TCGA-31-1950-01A-01R-1568-13,0.6335759040201352,1
TCGA-FC-A5OB-01A-11R-A29R-07,0.3973778894847209,1
TCGA-LN-A49X-01A-31R-A260-31,0.16696242323509583,0
TCGA-UU-A93S-01A-21R-A41B-07,0.4035259504132901,1
TCGA-34-5240-01A-01R-1443-07,0.5831768420681795,1
TCGA-L5-A43C-01A-11R-A24K-31,0.91418192810013,1
TCGA-46-3765-01A-01R-0980-07,0.6810237608689612,1
TCGA-B0-4844-01A-01R-1277-07,0.7072386734426215,1
TCGA-21-1080-01A-01R-0692-07,0.9378468163741478,0
TCGA-13-0920-01A-01R-1564-13,0.9096448402703322,1
TCGA-F9-A8NY-01A-11R-A36F-07,0.5967779575527115,1
TCGA-LL-A740-01A-21R-A32P-07,0.9184553215156203,1
TCGA-BF-AAP4-01A-11R-A40A-07,0.19585893677737537,1
TCGA-XR-A8TD-01A-12R-A39D-07,0.4430231817691609,1
TCGA-33-4538-01A-01R-1201-07,0.3992050199951117,0
TCGA-LL-A9Q3-01A-11R-A41B-07,0.44549321304810685,1
TCGA-NJ-A4YF-01A-12R-A262-07,0.9265270844180287,1
TCGA-MH-A560-01A-11R-A26U-07,0.15124854846061883,0
TCGA-L5-A8NE-01A-11R-A37I-31,0.8881336666847512,1
TCGA-04-1332-01A-01R-1564-13,0.9176782975046307,0
TCGA-EJ-A7NG-01A-31R-A33R-07,0.2542298444559645,1
TCGA-A8-A08J-01A-11R-A00Z-07,0.9570386213888531,1
TCGA-AK-3456-01A-02R-1325-07,0.1946462724553501,1
TCGA-G7-A8LB-01A-11R-A36F-07,0.16697281532361744,1
TCGA-B2-A4SR-01A-11R-A266-07,0.2711174478309694,0
TCGA-62-8394-01A-11R-2326-07,0.9307676191518649,1
TCGA-AZ-6608-01A-11R-1839-07,0.48399244048511536,0
TCGA-Q3-AA2A-01A-11R-A37L-07,0.22559055746715012,1
TCGA-B0-4694-01A-01R-1277-07,0.23350204223670418,0
TCGA-AR-A24V-01A-21R-A169-07,0.9595476425527976,1
TCGA-A2-A0EV-01A-11R-A034-07,0.965163114242025,0
TCGA-60-2714-01A-01R-0851-07,0.7931695704356292,1
TCGA-BP-4762-01A-02R-1289-07,0.15008223794584385,1
TCGA-DD-AACG-01A-11R-A41C-07,0.4033157656177597,1
TCGA-B0-5094-01A-01R-1420-07,0.6128913420141734,1
TCGA-AA-3556-01A-01R-0821-07,0.803484813920718,1
TCGA-2J-AABO-01A-21R-A41B-07,0.9518408337224771,0
TCGA-B0-5400-01A-01R-1503-07,0.17266716745955482,1
TCGA-77-6845-01A-11R-1949-07,0.8924190278876467,1
TCGA-D8-A141-01A-11R-A115-07,0.9577022510561125,1
TCGA-55-A57B-01A-12R-A39D-07,0.9349844609870195,1
TCGA-60-2712-01A-01R-0851-07,0.8882380323166966,0
TCGA-A6-4105-01A-02R-1774-07,0.950495864759773,1
TCGA-XV-A9W5-01A-11R-A38C-07,0.208467628636267,1
TCGA-A6-5665-01B-03R-2302-07,0.7676261395708037,1
TCGA-E2-A1AZ-01A-11R-A12P-07,0.7558091573050624,1
TCGA-55-7910-01A-11R-2170-07,0.9017679961481262,0
TCGA-50-6673-01A-11R-1949-07,0.9558275173106279,1
TCGA-BH-A0DL-01A-11R-A115-07,0.9153455752487994,1
TCGA-AU-6004-01A-11R-1723-07,0.914870475954393,0
TCGA-E2-A15I-01A-21R-A137-07,0.4791892289400792,1
TCGA-G9-6369-01A-21R-1965-07,0.248252570334342,1
TCGA-AA-3819-01A-01R-0905-07,0.3398377528128092,1
TCGA-KK-A6E0-01A-11R-A311-07,0.559634621643458,1
TCGA-SX-A71W-01A-12R-A355-07,0.2225059596011475,1
TCGA-AR-A0TS-01A-11R-A115-07,0.8796381432342908,1
TCGA-E9-A5UP-01A-11R-A28M-07,0.9183334035477144,1
TCGA-AQ-A0Y5-01A-11R-A14M-07,0.9556938287571379,1
TCGA-BP-4807-01A-01R-1305-07,0.16214383006345204,1
TCGA-CM-5860-01A-01R-1653-07,0.9338670821178372,0
TCGA-BC-A5W4-01A-11R-A28V-07,0.3797476141927646,1
TCGA-B0-4821-01A-01R-1503-07,0.19093263266209182,1
TCGA-UZ-A9PJ-01A-11R-A38C-07,0.20612835656235248,1
TCGA-DD-AACC-01A-11R-A41C-07,0.24513106114243943,1
TCGA-CJ-4870-01A-01R-1305-07,0.20304919790347412,1
TCGA-75-6207-01A-11R-1755-07,0.9259873100343465,1
TCGA-C8-A1HO-01A-11R-A13Q-07,0.9436128892297838,0
TCGA-JY-A938-01A-11R-A37I-31,0.7407544400275531,1
TCGA-04-1361-01A-01R-1565-13,0.9074957342331413,1
TCGA-2Z-A9J8-01A-11R-A42S-07,0.3981108557088145,1
TCGA-64-1677-01A-01R-0946-07,0.8950405258926086,1
TCGA-AO-A0JE-01A-11R-A056-07,0.9588655734632351,0
TCGA-IG-A4P3-01A-11R-A260-31,0.20308257841613325,1
TCGA-05-4424-01A-22R-1858-07,0.9366752767774893,1
TCGA-91-A4BD-01A-11R-A24H-07,0.5821722799521118,1
TCGA-DD-AAVS-01A-11R-A41C-07,0.4170674085227464,1
TCGA-18-3414-01A-01R-0980-07,0.9070445632954991,1
TCGA-J4-A83I-01A-11R-A36G-07,0.5665646609859931,0
TCGA-39-5035-01A-01R-1443-07,0.9077830977533105,0
TCGA-AA-3544-01A-01R-1873-07,0.2285639629412452,1
TCGA-FB-A7DR-01A-21R-A33R-07,0.9521152949893422,0
TCGA-99-8032-01A-11R-2241-07,0.9490483427822518,1
TCGA-95-7948-01A-11R-2187-07,0.9211938143872926,1
TCGA-D8-A1XU-01A-11R-A14M-07,0.9678562432850927,1
TCGA-2Z-A9J7-01A-11R-A38C-07,0.23350948428953383,1
TCGA-13-A5FT-01A-11R-A406-31,0.8591086745575096,0
TCGA-BP-4803-01A-01R-1305-07,0.2347532108502993,0
TCGA-24-2271-01A-01R-1568-13,0.8619133419935756,0
TCGA-DD-A39V-01A-11R-A213-07,0.28863322689760396,1
TCGA-CM-6674-01A-11R-1839-07,0.29652302179263734,0
TCGA-30-1855-01A-01R-1567-13,0.95626221965962,1
TCGA-2J-AABE-01A-12R-A41B-07,0.9485888575980687,0
TCGA-ED-A82E-01A-11R-A352-07,0.9214425734207733,0
TCGA-56-7580-01A-11R-2045-07,0.638296883123936,1
TCGA-37-4130-01A-01R-1100-07,0.8931823263818801,1
TCGA-38-4626-01A-01R-1206-07,0.6726427205178771,1
TCGA-CZ-4861-01A-01R-1305-07,0.5925884799194144,1
TCGA-F4-6703-01A-11R-1839-07,0.8839317954409731,1
TCGA-61-2109-01A-01R-1568-13,0.8950228600754374,1
TCGA-5M-AATE-01A-11R-A41B-07,0.25148066021128523,1
TCGA-10-0931-01A-01R-1564-13,0.6351248793367437,0
TCGA-UZ-A9PQ-01A-11R-A42S-07,0.6449127149154101,1
TCGA-XC-AA0X-01A-32R-A405-07,0.9163150859404829,1
TCGA-BH-A0C1-01B-11R-A12D-07,0.941744330231791,0
TCGA-09-1668-01B-01R-1566-13,0.9239294077428961,0
TCGA-77-7338-01A-11R-2045-07,0.2975605997532335,1
TCGA-61-2111-01A-01R-1568-13,0.9238259978086374,1
TCGA-AC-A8OS-01A-12R-A41B-07,0.9285909516461757,0
TCGA-BF-A3DJ-01A-11R-A20F-07,0.26225342054886336,1
TCGA-CJ-4893-01A-01R-1305-07,0.26186253581314894,0
TCGA-DD-AADS-01A-11R-A41C-07,0.3563537471477808,1
TCGA-61-2110-01A-01R-1568-13,0.7306010003483782,1
TCGA-DD-A1EE-01A-11R-A131-07,0.48273623050062675,1
TCGA-BH-A0BP-01A-11R-A115-07,0.9544556899947877,1
TCGA-IG-A3I8-01A-11R-A24K-31,0.739276402391047,1
TCGA-86-A4D0-01A-11R-A24H-07,0.9064214597097557,1
TCGA-22-1016-01A-01R-0692-07,0.9585970668992911,1
TCGA-BH-A0DS-01A-11R-A056-07,0.9511176616574365,0
TCGA-AR-A5QN-01A-12R-A28M-07,0.9570350992068642,1
TCGA-CW-6088-01A-11R-1672-07,0.2744207827094059,1
TCGA-AQ-A04L-01B-21R-A10J-07,0.8993466794911221,1
TCGA-A7-A13D-01A-13R-A12P-07,0.8739526690273492,1
TCGA-A2-A0YJ-01A-11R-A109-07,0.8964022263781924,1
TCGA-04-1331-01A-01R-1569-13,0.766425845471752,0
TCGA-HZ-A8P1-01A-11R-A37L-07,0.15265078986503128,0
TCGA-AR-A24R-01A-11R-A169-07,0.88461079052556,0
TCGA-36-1575-01A-01R-1566-13,0.9217981935592306,1
TCGA-C8-A273-01A-11R-A16F-07,0.9549239439915395,1
TCGA-DM-A1HB-01A-21R-A180-07,0.2260620812618449,1
TCGA-JL-A3YW-01A-12R-A239-07,0.9178407799825602,1
TCGA-13-1411-01A-01R-1565-13,0.9444126298436495,1
TCGA-60-2710-01A-01R-0851-07,0.5617791034756088,1
TCGA-BP-5009-01A-01R-1334-07,0.7299408133343767,1
TCGA-T7-A92I-01A-11R-A37O-07,0.24424934718080868,1
TCGA-EB-A85I-01A-11R-A352-07,0.15546449480559782,1
TCGA-F4-6460-01A-11R-1774-07,0.944029306152467,1
TCGA-B8-A54E-01A-11R-A266-07,0.25018731622648627,0
TCGA-60-2725-01A-01R-1201-07,0.9012072888098535,1
TCGA-NC-A5HI-01A-11R-A26W-07,0.25651088915444575,0
TCGA-BP-4965-01A-01R-1334-07,0.27602094820370127,1
TCGA-BP-4756-01A-01R-1289-07,0.4628488969864569,1
TCGA-A8-A095-01A-11R-A00Z-07,0.9583878199489435,1
TCGA-MM-A84U-01A-11R-A37O-07,0.152154463545351,1
TCGA-HP-A5N0-01A-11R-A28V-07,0.26409257683153603,1
TCGA-A4-7996-01A-11R-2204-07,0.18517783748547112,1
TCGA-A2-A0EQ-01A-11R-A034-07,0.8914781120013872,1
TCGA-A1-A0SK-01A-12R-A084-07,0.942852648571739,1
TCGA-EJ-5505-01A-01R-1580-07,0.2417547581589054,0
TCGA-43-5668-01A-01R-1635-07,0.936357748444979,1
TCGA-EW-A2FV-01A-11R-A17B-07,0.9576892738215426,1
TCGA-CZ-5456-01A-01R-1503-07,0.14976887566706085,1
TCGA-C8-A12Y-01A-11R-A12D-07,0.5273887540531329,1
TCGA-AR-A2LM-01A-11R-A180-07,0.8425668897513049,0
TCGA-A6-4107-01A-02R-1410-07,0.2446019614571726,0
TCGA-IG-A3YB-01A-11R-A36D-31,0.813479934155694,0
TCGA-75-6205-01A-11R-1755-07,0.9519530993853704,0
TCGA-20-1683-01A-01R-1566-13,0.8367272058702319,1
TCGA-BP-4170-01A-02R-1289-07,0.20865742905105303,0
TCGA-CJ-6032-01A-11R-1672-07,0.3288150402599674,0
TCGA-DD-AACL-01A-11R-A41C-07,0.3319259559179306,0
TCGA-BP-4166-01A-02R-1289-07,0.5633657223507778,1
TCGA-2H-A9GL-01A-12R-A37I-31,0.7982378491653481,1
TCGA-B0-5084-01A-01R-1334-07,0.9034598486694809,1
TCGA-E2-A15J-01A-11R-A12P-07,0.6224982136367384,1
TCGA-44-6775-01C-02R-A277-07,0.42866319603070663,1
TCGA-A2-A04W-01A-31R-A115-07,0.8779050580460094,1
TCGA-G3-AAV0-01A-11R-A37K-07,0.31330239141448785,1
TCGA-AA-A00D-01A-01R-A002-07,0.9511671510483349,1
TCGA-56-5897-01A-11R-1635-07,0.9030516398335565,0
TCGA-EJ-7321-01A-31R-2263-07,0.2794343321583083,1
TCGA-2J-AABV-01A-12R-A41B-07,0.2566087137894958,0
TCGA-C8-A8HR-01A-11R-A36F-07,0.8873848410890874,1
TCGA-04-1362-01A-01R-1565-13,0.9363493617772172,1
TCGA-HZ-A77Q-01A-11R-A36G-07,0.23950417032871238,1
TCGA-D8-A1JB-01A-11R-A13Q-07,0.968059021310318,1
TCGA-B0-4811-01A-01R-1503-07,0.17267975048808626,1
TCGA-24-1103-01A-01R-1565-13,0.7530884433252716,1
TCGA-91-A4BC-01A-11R-A24H-07,0.932335171441067,1
TCGA-D5-5539-01A-01R-1653-07,0.9543706747396832,1
TCGA-HZ-A4BK-01A-11R-A26U-07,0.9612213861119536,1
TCGA-13-1489-01A-01R-1565-13,0.7493318621783621,1
TCGA-A2-A04P-01A-31R-A034-07,0.767020693944718,0
TCGA-IA-A40Y-01A-11R-A24Z-07,0.8775292375027555,0
TCGA-21-5783-01A-41R-2187-07,0.917247837109129,0
TCGA-A6-2675-01A-02R-1723-07,0.9570765954457192,1
TCGA-B9-7268-01A-11R-A32Z-07,0.21517905142614618,1
TCGA-BP-4777-01A-01R-1289-07,0.3634500611076665,1
TCGA-BP-4988-01A-01R-1334-07,0.16859493412378776,1
TCGA-2J-AABF-01A-31R-A41B-07,0.9578824400350767,1
TCGA-56-8201-01A-11R-2247-07,0.8935254293958655,1
TCGA-24-2035-01A-01R-1568-13,0.9163196538533827,0
TCGA-A1-A0SP-01A-11R-A084-07,0.8137736140317406,1
TCGA-BC-A10S-01A-22R-A131-07,0.35327196330506183,1
TCGA-HC-7738-01A-11R-2118-07,0.2771005949147525,0
TCGA-IA-A83S-01A-11R-A355-07,0.15910428256310033,1
TCGA-HZ-7920-01A-11R-2204-07,0.5547598113703383,0
TCGA-AA-3529-01A-02R-0821-07,0.5205860003131596,0
TCGA-D8-A1XJ-01A-11R-A14M-07,0.9441522432637224,0
TCGA-5X-AA5U-01A-11R-A406-31,0.8053433154713654,1
TCGA-3Z-A93Z-01A-11R-A37O-07,0.20737012693686052,1
TCGA-E9-A227-01A-11R-A157-07,0.9577004130513758,0
TCGA-B0-4843-01A-01R-1277-07,0.17687475953432583,1
TCGA-BH-A8G0-01A-11R-A352-07,0.8957968308703763,1
TCGA-FV-A3R2-01A-11R-A22L-07,0.3154884158261094,0
TCGA-CZ-4854-01A-01R-1305-07,0.7665116519948075,1
TCGA-04-1348-01A-01R-1565-13,0.32574562383605465,1
TCGA-38-4625-01A-01R-1206-07,0.8951416689072272,1
TCGA-A3-A6NJ-01A-12R-A33J-07,0.21518217253544103,0
TCGA-BH-A0C3-01A-21R-A12P-07,0.9649894321679234,1
TCGA-58-8388-01A-11R-2326-07,0.8665419275842885,1
TCGA-NH-A50T-01A-11R-A28H-07,0.48317490680973874,0
TCGA-LL-A5YN-01A-11R-A28M-07,0.22223654978862545,1
TCGA-A2-A0ET-01A-31R-A034-07,0.9376014364872349,1
TCGA-GM-A2DO-01A-11R-A18M-07,0.8472809552303349,1
TCGA-A7-A0CH-01A-21R-A00Z-07,0.20048241247974846,1
TCGA-2Y-A9GT-01A-11R-A38B-07,0.30322456068725584,0
TCGA-B3-4104-01A-02R-1351-07,0.9078168688068143,1
TCGA-GM-A5PV-01A-11R-A28M-07,0.926831688905982,1
TCGA-29-1711-01A-01R-1567-13,0.9406591030430576,1
TCGA-AO-A1KS-01A-11R-A13Q-07,0.6064447797300209,1
TCGA-AO-A12G-01A-11R-A10J-07,0.9533679231604433,1
TCGA-HZ-8002-01A-11R-2204-07,0.1467596675946871,1
TCGA-22-5492-01A-01R-1635-07,0.9364573429407682,1
TCGA-G4-6625-01A-21R-1774-07,0.9592701212283704,1
TCGA-L5-A4OF-01A-11R-A260-31,0.6525591873747446,1
TCGA-55-A48Y-01A-11R-A24H-07,0.9457715105545252,1
TCGA-A2-A0YD-01A-11R-A109-07,0.9589593733455873,1
TCGA-13-0801-01A-01R-1564-13,0.23310910940236249,0
TCGA-B4-5843-01A-11R-1672-07,0.3080714101173963,1
TCGA-AY-A69D-01A-11R-A37K-07,0.38128469311791635,1
TCGA-CJ-4899-01A-01R-1334-07,0.25171365050054106,0
TCGA-YL-A8S9-01A-11R-A37L-07,0.40546813210110144,1
TCGA-55-1596-01A-01R-0946-07,0.5242389964271339,1
TCGA-UB-AA0V-01A-11R-A38B-07,0.15916843833357835,1
TCGA-BH-A0HY-01A-11R-A056-07,0.9457280797087316,1
TCGA-64-1676-01A-01R-0946-07,0.6797213168218029,1
TCGA-A8-A09R-01A-11R-A00Z-07,0.9525269393805323,1
TCGA-D8-A1Y2-01A-11R-A157-07,0.9525951289649728,0
TCGA-5P-A9JY-01A-11R-A42S-07,0.177033396229398,1
TCGA-AR-A1AI-01A-11R-A12P-07,0.49711081895935266,1
TCGA-56-7823-01B-11R-2247-07,0.45837985613393656,1
TCGA-O2-A52V-01A-31R-A262-07,0.7347827738295263,1
TCGA-B0-4816-01A-01R-1503-07,0.791161354990942,1
TCGA-MH-A55W-01A-11R-A26U-07,0.2804238290148652,0
TCGA-AN-A0FD-01A-11R-A034-07,0.9545648543737745,0
TCGA-3A-A9IB-01A-21R-A39D-07,0.8472398070394591,1
TCGA-P4-A5EA-01A-11R-A28H-07,0.9017178243039967,0
TCGA-XV-A9VZ-01A-11R-A38C-07,0.9366273833112697,1
TCGA-BC-A10U-01A-11R-A131-07,0.41870264549329284,1
TCGA-B6-A0I9-01A-11R-A034-07,0.9630121531970091,1
TCGA-B0-5119-01A-02R-1420-07,0.2256115525007294,1
TCGA-AR-A2LR-01A-12R-A18M-07,0.8808410722558264,1
TCGA-22-5472-01A-01R-1635-07,0.922809054607168,1
TCGA-GI-A2C8-01A-11R-A16F-07,0.9583352619236283,1
TCGA-44-2666-01A-01R-0946-07,0.9403402608686481,1
TCGA-25-1632-01A-01R-1566-13,0.8048192820052549,1
TCGA-78-7540-01A-11R-2066-07,0.9036455717382691,1
TCGA-BH-A0AV-01A-31R-A115-07,0.8945209575698567,1
TCGA-AA-3845-01A-01R-1022-07,0.9028910213713537,1
TCGA-78-8655-01A-11R-2403-07,0.9628195413077408,1
TCGA-BP-4345-01A-01R-1289-07,0.15854961792734057,1
TCGA-98-A539-01A-31R-A262-07,0.8057665255781772,1
TCGA-50-6594-01A-11R-1755-07,0.5843656396634411,1
TCGA-49-AARN-01A-21R-A41B-07,0.9525716463445857,0
TCGA-A3-3358-01A-01R-1541-07,0.9587039444837193,1
TCGA-13-1483-01A-01R-1565-13,0.9433090685394522,1
TCGA-KK-A7B2-01A-12R-A32O-07,0.2084813292084284,1
TCGA-49-AAQV-01A-11R-A39D-07,0.9512778300738587,1
TCGA-EV-5902-01A-11R-1592-07,0.2736020957800285,1
TCGA-AC-A6IX-01A-12R-A32P-07,0.9583037250022363,1
TCGA-BW-A5NQ-01A-11R-A27V-07,0.5029946069725367,1
TCGA-B6-A0WW-01A-11R-A109-07,0.9663598808477019,1
TCGA-R6-A8W8-01B-11R-A37I-31,0.703648198366078,1
TCGA-XV-AAZW-01A-12R-A40A-07,0.1779839742942383,1
TCGA-BP-4173-01A-02R-1289-07,0.1992041245932525,1
TCGA-HZ-A49G-01A-11R-A26U-07,0.4805132123151317,1
TCGA-22-1012-01A-01R-0692-07,0.3823584930055362,1
TCGA-BH-A0C7-01B-11R-A115-07,0.9664760908654099,1
TCGA-CC-A7IL-01A-11R-A33R-07,0.3825512052397261,1
TCGA-E9-A1RA-01A-11R-A14D-07,0.9602833377743762,1
TCGA-YL-A8HM-01A-11R-A36G-07,0.40115276927563925,1
TCGA-AC-A3HN-01A-11R-A213-07,0.9426901634031677,1
TCGA-D8-A1X8-01A-11R-A14M-07,0.9299761504974424,0
TCGA-78-7159-01A-11R-2039-07,0.9471160765985944,1
TCGA-AR-A1AK-01A-21R-A12P-07,0.9519830035378565,1
TCGA-Y8-A8RY-01A-11R-A37K-07,0.17233784227931115,0
TCGA-DD-AAED-01A-12R-A41C-07,0.4353340687162559,1
TCGA-AN-A0XV-01A-11R-A109-07,0.9680590438986045,1
TCGA-BP-4775-01A-01R-1289-07,0.36739379559646734,1
TCGA-24-1556-01A-01R-1566-13,0.9407927224134892,0
TCGA-44-6148-01A-11R-1755-07,0.509462394574171,1
TCGA-DD-A3A9-01A-11R-A266-07,0.3171585018310937,1
TCGA-XK-AAJU-01A-11R-A41O-07,0.23432382486398698,1
TCGA-A6-3809-01B-04R-A277-07,0.6227174298405878,1
TCGA-UZ-A9PO-01A-11R-A38C-07,0.18916860443702013,1
TCGA-05-4398-01A-01R-1206-07,0.9457407499718977,1
TCGA-AK-3436-01A-02R-1325-07,0.2619411206284743,1
TCGA-D9-A4Z2-01A-11R-A24X-07,0.24379773641598387,1
TCGA-44-8119-01A-11R-2241-07,0.933666992337902,1
TCGA-EB-A97M-01A-11R-A38C-07,0.28652300958619414,1
TCGA-YL-A8HK-01A-11R-A36G-07,0.9628063376775643,0
TCGA-GL-A59T-01A-21R-A28H-07,0.20031719986758761,0
TCGA-90-7767-01A-11R-2125-07,0.7347186758937437,1
TCGA-DV-5568-01A-01R-1541-07,0.34833304029158707,1
TCGA-A4-A5Y0-01A-11R-A31O-07,0.1701396247901022,1
TCGA-BF-A1PZ-01A-11R-A18S-07,0.33270320261391284,1
TCGA-2J-AAB4-01A-12R-A41B-07,0.8694923009870411,1
TCGA-AC-A8OQ-01A-11R-A41B-07,0.9526058513309938,1
TCGA-DD-AACT-01A-11R-A41C-07,0.30697226118634513,1
TCGA-18-3412-01A-01R-0980-07,0.29345349015220334,0
TCGA-A2-A4S2-01A-12R-A266-07,0.950899099322408,1
TCGA-H9-A6BY-01A-11R-A30B-07,0.22388960881293202,1
TCGA-DW-7837-01A-11R-2139-07,0.17939690164454755,1
TCGA-AA-3552-01A-01R-0821-07,0.9611914801655562,1
TCGA-UZ-A9PN-01A-11R-A38C-07,0.9003008474096745,1
TCGA-NC-A5HO-01A-11R-A26W-07,0.8944473225852331,1
TCGA-B8-A8YJ-01A-13R-A39I-07,0.18212008331572932,0
TCGA-A2-A04Q-01A-21R-A034-07,0.930970513388059,0
TCGA-HC-A6AQ-01A-11R-A30B-07,0.21762399995523019,1
TCGA-DV-A4VX-01A-11R-A266-07,0.24337031103377466,1
TCGA-FC-A6HD-01A-11R-A31N-07,0.24903624281090564,1
TCGA-F2-A44G-01A-11R-A26U-07,0.9562945858086034,1
TCGA-AZ-4681-01A-01R-1410-07,0.22399563864400307,1
TCGA-VP-A87J-01A-11R-A352-07,0.25530529100400967,1
TCGA-C8-A8HQ-01A-11R-A36F-07,0.9577211749346858,1
TCGA-YJ-A8SW-01A-11R-A37L-07,0.8923558095648617,0
TCGA-63-7020-01A-11R-1949-07,0.5343225210530468,1
TCGA-66-2754-01A-01R-0980-07,0.9039497191663435,1
TCGA-04-1343-01A-01R-1564-13,0.8333843553657059,1
TCGA-KK-A7AV-01A-11R-A32O-07,0.9470532785127457,1
TCGA-HC-A632-01A-11R-A29R-07,0.9641241915328271,1
TCGA-DD-AACE-01A-11R-A41C-07,0.33799844787338434,1
TCGA-23-1809-01A-01R-1566-13,0.9255325115336654,1
TCGA-JY-A939-01A-12R-A37I-31,0.9200607345682639,1
TCGA-25-1627-01A-01R-1566-13,0.6964803995565616,1
TCGA-IB-AAUP-01A-11R-A37L-07,0.9385476998483846,1
TCGA-RC-A6M3-01A-11R-A32O-07,0.8246921213425712,1
TCGA-E9-A1RH-01A-21R-A169-07,0.5442813993180692,1
TCGA-KK-A8IH-01A-11R-A36G-07,0.9519074221051117,1
TCGA-AA-3869-01A-01R-1022-07,0.9251787401520647,1
TCGA-B0-5116-01A-02R-1420-07,0.5233349882420555,1
TCGA-GF-A2C7-01A-11R-A18T-07,0.28930554887196797,1
TCGA-BH-A5J0-01A-11R-A27Q-07,0.44296057938576494,1
TCGA-66-2727-01A-01R-0980-07,0.16125829147129306,1
TCGA-CM-6163-01A-11R-1653-07,0.9527509051427733,1
TCGA-55-A490-01A-11R-A466-07,0.8961471142884265,1
TCGA-AA-3976-01A-01R-1022-07,0.24104697910053816,1
TCGA-A6-2679-01A-02R-1410-07,0.21084810436149592,1
TCGA-BP-5182-01A-01R-1426-07,0.9360839930754059,0
TCGA-56-8083-01A-11R-2247-07,0.8887525108889002,1
TCGA-55-8299-01A-11R-2287-07,0.9585453457844426,1
TCGA-LN-A8I1-01A-11R-A36D-31,0.9111775524747117,1
TCGA-SX-A7SU-01A-11R-A36F-07,0.15926391063258388,1
TCGA-E9-A295-01A-11R-A16F-07,0.9565368070337192,1
TCGA-EJ-7218-01B-11R-A32O-07,0.25001591721537425,1
TCGA-E2-A2P5-01A-11R-A19W-07,0.9493689569660803,1
TCGA-A2-A0ES-01A-11R-A115-07,0.6059588814179274,1
TCGA-CK-5916-01A-11R-1653-07,0.8573002789728013,1
TCGA-EJ-A65E-01A-11R-A29R-07,0.34343021404434704,1
TCGA-OL-A66K-01A-11R-A29R-07,0.9454407185148381,1
TCGA-44-6774-01A-21R-1858-07,0.9240738805356372,1
TCGA-V1-A9Z7-01A-11R-A41O-07,0.9279304807315273,1
TCGA-ER-A196-01A-11R-A18T-07,0.4311942233996959,0
TCGA-2J-AABI-01A-12R-A41B-07,0.9499323243987589,1
TCGA-GJ-A9DB-01A-11R-A37K-07,0.32725864046693176,1
TCGA-A8-A0A7-01A-11R-A00Z-07,0.8664929625804866,1
TCGA-L5-A4ON-01A-11R-A260-31,0.5712389204087982,1
TCGA-F4-6806-01A-11R-1839-07,0.9522471582019167,1
TCGA-66-2792-01A-01R-0980-07,0.49790527859904554,0
TCGA-A8-A08R-01A-11R-A034-07,0.8425415753185921,0
TCGA-E2-A1LH-01A-11R-A14D-07,0.8809664116939242,1
TCGA-24-1550-01A-01R-1566-13,0.9207289532941556,1
TCGA-44-7660-01A-11R-2066-07,0.9315868765523543,1
TCGA-85-A53L-01A-21R-A26W-07,0.8583155147196053,1
TCGA-MR-A8JO-01A-12R-A36F-07,0.9354400521548127,1
TCGA-44-5643-01A-01R-1628-07,0.9355664402432115,1
TCGA-90-6837-01A-11R-1949-07,0.936067906471736,1
TCGA-DD-AAC9-01A-11R-A41C-07,0.3291923011724624,1
TCGA-BH-A203-01A-12R-A169-07,0.9601665404724606,0
TCGA-B8-4146-01B-11R-1672-07,0.37689427142420473,1
TCGA-24-1430-01A-01R-1566-13,0.8903546650760911,1
TCGA-BH-A5IZ-01A-11R-A27Q-07,0.7041162096266222,1
TCGA-78-7633-01A-11R-2066-07,0.8852781099636114,1
TCGA-A6-2686-01A-01R-A32Z-07,0.9308538682314973,1
TCGA-NC-A5HF-01A-11R-A26W-07,0.4898502622952724,0
TCGA-BQ-5882-01A-11R-1592-07,0.23070802339430624,1
TCGA-IB-AAUM-01A-11R-A37L-07,0.21766313862402378,1
TCGA-BF-AAP7-01A-11R-A40A-07,0.2143858962899782,1
TCGA-NJ-A4YG-01A-22R-A262-07,0.95116989303872,1
TCGA-AA-3846-01A-01R-1022-07,0.4018893864339852,1
TCGA-UN-AAZ9-01A-11R-A38C-07,0.7385175345016725,1
TCGA-HC-A76X-01A-11R-A33R-07,0.2651147926175217,1
TCGA-25-2042-01A-01R-1568-13,0.8048021723680607,1
TCGA-F4-6459-01A-11R-1774-07,0.9177018397678379,1
TCGA-A7-A13F-01A-11R-A12P-07,0.9370087393821289,1
TCGA-A2-A0CP-01A-11R-A034-07,0.9255886628350556,1
TCGA-KK-A5A1-01A-11R-A29R-07,0.9135681992591878,1
TCGA-F2-6879-01A-11R-2156-07,0.4542238285916852,1
TCGA-A8-A099-01A-11R-A00Z-07,0.6918317225837082,0
TCGA-DD-AADP-01A-11R-A39D-07,0.3132880085441652,1
TCGA-A6-5657-01A-01R-A32Z-07,0.9492416961417531,1
TCGA-A8-A09M-01A-11R-A00Z-07,0.9645771369151764,1
TCGA-CH-5744-01A-11R-1580-07,0.26090322169158775,1
TCGA-43-6771-01A-11R-1820-07,0.453476563034706,1
TCGA-LN-A4A5-01A-21R-A260-31,0.49175032175313815,1
TCGA-BH-A0BZ-01A-31R-A12P-07,0.9457584351608094,1
TCGA-05-4395-01A-01R-1206-07,0.4266678237038962,1
TCGA-BP-5178-01A-01R-1426-07,0.21642857824680337,0
TCGA-B6-A0RI-01A-11R-A056-07,0.9677617321070294,1
TCGA-63-A5MB-01A-11R-A26W-07,0.8791622129965039,1
TCGA-AQ-A04J-01A-02R-A034-07,0.9094865053807839,1
TCGA-77-8133-01A-12R-2247-07,0.8982687542566861,1
TCGA-B0-5399-01A-01R-1503-07,0.24625883186924885,1
TCGA-B8-A54I-01A-21R-A33J-07,0.25936236287732534,1
TCGA-61-1910-01A-01R-1567-13,0.8431737832487242,1
TCGA-A8-A07R-01A-21R-A034-07,0.4766832990097291,1
TCGA-CJ-4905-01A-02R-1426-07,0.17122308769130842,1
TCGA-AA-3525-01A-02R-0826-07,0.23519568554622947,1
TCGA-78-8662-01A-11R-2403-07,0.8982463590213575,1
TCGA-B6-A0IB-01A-11R-A034-07,0.8538709807986942,1
TCGA-EJ-7328-01A-31R-2118-07,0.9589690677751688,1
TCGA-BQ-5875-01A-11R-1592-07,0.18144388445092013,1
TCGA-IB-7649-01A-11R-2156-07,0.35375919215873597,1
TCGA-49-4494-01A-01R-1206-07,0.8614353209038074,1
TCGA-AR-A24P-01A-11R-A169-07,0.3239777723679084,1
TCGA-AA-3542-01A-02R-1873-07,0.2023867798586194,1
TCGA-DM-A28H-01A-11R-A16W-07,0.29563703444671735,1
TCGA-O2-A5IB-01A-11R-A27Q-07,0.9152851981035799,1
TCGA-A8-A06X-01A-21R-A00Z-07,0.9659554144606566,1
TCGA-BH-A28O-01A-11R-A22K-07,0.6535641115924634,1
TCGA-EJ-7115-01A-11R-2118-07,0.29107469547676934,1
TCGA-DW-5560-01A-01R-1592-07,0.22227640810106084,1
TCGA-29-1703-01A-01R-1567-13,0.9036309952688898,1
TCGA-AA-3680-01A-01R-0905-07,0.9500241647025925,1
TCGA-CC-A8HU-01A-11R-A36F-07,0.4790356286294679,0
TCGA-D8-A27P-01A-11R-A16F-07,0.9540541090203496,0
TCGA-3P-A9WA-01A-11R-A406-31,0.6188210781113492,1
TCGA-BH-A1F6-01A-11R-A13Q-07,0.9146933894808945,1
TCGA-63-5128-01A-01R-1443-07,0.7462414148382142,1
TCGA-RC-A7SF-01A-11R-A352-07,0.4146030045415328,1
TCGA-BH-A202-01A-11R-A14M-07,0.8121879997429144,0
TCGA-DD-AAD8-01A-11R-A41C-07,0.3092063678517606,0
TCGA-EU-5904-01A-11R-1672-07,0.29087345764223266,1
TCGA-55-8508-01A-11R-2403-07,0.9415073250375291,1
TCGA-B3-A6W5-01A-12R-A33Z-07,0.1547900313985071,1
TCGA-78-7155-01A-11R-2039-07,0.9212855630830867,1
TCGA-24-2297-01A-01R-1568-13,0.9407032149808735,1
TCGA-A8-A09W-01A-11R-A00Z-07,0.8935648347969843,0
TCGA-B9-4617-01A-01R-1193-07,0.2732658698545399,1
TCGA-A8-A09B-01A-11R-A00Z-07,0.9603389544911195,0
TCGA-JY-A6FA-01A-11R-A336-31,0.5202008105909139,1
TCGA-97-A4M1-01A-11R-A24X-07,0.6672054881235693,1
TCGA-GL-A9DD-01A-11R-A37K-07,0.19968477164196702,1
TCGA-A3-A6NN-01A-12R-A33J-07,0.18905617513903922,1
TCGA-18-3416-01A-01R-0980-07,0.7493041742786208,1
TCGA-EJ-5515-01A-01R-1580-07,0.20860089422853784,0
TCGA-D5-6539-01A-11R-1723-07,0.23537412132548596,0
TCGA-BH-A18N-01A-11R-A12D-07,0.9449521850675712,1
TCGA-BP-4167-01A-02R-1325-07,0.19241948512873688,0
TCGA-A2-A0CR-01A-11R-A22K-07,0.1833572217463207,1
TCGA-56-8628-01A-11R-2403-07,0.8123148732392941,1
TCGA-55-8621-01A-11R-2403-07,0.9023950019681592,0
TCGA-CC-A7II-01A-11R-A33J-07,0.9091446968605752,0
TCGA-85-6560-01A-11R-1820-07,0.7303130812215504,0
TCGA-AR-A24W-01A-11R-A169-07,0.24806453807320486,1
TCGA-85-6175-01A-11R-1820-07,0.5408841041809277,1
TCGA-86-7954-01A-11R-2187-07,0.9525099788886442,0
TCGA-CC-A9FS-01A-11R-A37K-07,0.44121302923355543,0
TCGA-25-1870-01A-01R-1567-13,0.9409242565240648,1
TCGA-63-7022-01A-11R-1949-07,0.8560078891785406,0
TCGA-R6-A6KZ-01A-11R-A31P-31,0.9025126205547263,1
TCGA-AA-3562-01A-02R-0821-07,0.25818184516067666,1
TCGA-D5-6541-01A-11R-1723-07,0.9430524929553808,0
TCGA-PJ-A5Z8-01A-11R-A28H-07,0.6949393838225763,1
TCGA-BP-5010-01A-02R-1420-07,0.18976044099704786,1
TCGA-66-2790-01A-01R-0980-07,0.9321800996975251,1
TCGA-AL-A5DJ-01A-11R-A26U-07,0.8694763234082649,1
TCGA-AR-A0TR-01A-11R-A084-07,0.9228200409170995,1
TCGA-AA-3979-01A-01R-1022-07,0.2515745692682192,0
TCGA-A1-A0SJ-01A-11R-A084-07,0.956490118069878,0
TCGA-AO-A0JA-01A-11R-A056-07,0.9637413072605118,1
TCGA-86-A4JF-01A-11R-A24X-07,0.9561021371057338,1
TCGA-Z6-A8JD-01A-11R-A36D-31,0.19800787260651578,1
TCGA-92-7341-01A-31R-2045-07,0.31845047526061204,0
TCGA-E2-A15O-01A-11R-A115-07,0.9501617348996273,1
TCGA-V1-A9O9-01A-11R-A41O-07,0.9613477494722745,1
TCGA-67-6215-01A-11R-1755-07,0.9491083377500117,1
TCGA-AY-6386-01A-21R-1723-07,0.23818425109341507,1
TCGA-LN-A4A3-01A-11R-A260-31,0.17503112101875798,0
TCGA-44-6778-01A-11R-1858-07,0.9295203544570005,1
TCGA-RU-A8FL-01A-11R-A37K-07,0.5280192915322894,1
TCGA-G3-AAV1-01A-11R-A38B-07,0.31623890410754973,1
TCGA-CH-5745-01A-11R-1580-07,0.2681666472611383,1
TCGA-85-8580-01A-31R-2403-07,0.860534516715606,1
TCGA-AK-3454-01A-02R-1277-07,0.1729296541971687,1
TCGA-M7-A722-01A-12R-A36G-07,0.2845434409767311,1
TCGA-3A-A9IN-01A-11R-A39D-07,0.5380637362728755,1
TCGA-49-4501-01A-01R-1206-07,0.9017815287727508,1
TCGA-44-7667-01A-31R-2066-07,0.8862170749629321,1
TCGA-86-7714-01A-12R-2170-07,0.9345609541780073,1
TCGA-34-5929-01A-11R-1820-07,0.7622922240226013,1
TCGA-BC-A10R-01A-11R-A131-07,0.48935564744334653,1
TCGA-39-5027-01A-21R-1820-07,0.3997043794631721,1
TCGA-AA-A00E-01A-01R-A002-07,0.750645413526227,1
TCGA-22-5473-01A-01R-1635-07,0.2021661291422111,1
TCGA-LL-A7T0-01A-31R-A352-07,0.8006020123655495,0
TCGA-13-1410-01A-01R-1565-13,0.9332071278106489,1
TCGA-G9-6377-01A-11R-1965-07,0.3072295625818299,1
TCGA-EJ-7784-01A-11R-2118-07,0.2318443892083342,1
TCGA-51-4081-01A-01R-1100-07,0.47605308655000855,1
TCGA-5P-A9JW-01A-11R-A42S-07,0.15742545496539684,1
TCGA-DV-5567-01A-01R-1541-07,0.4326125975678744,1
TCGA-BH-A1FU-01A-11R-A14D-07,0.9383357595693123,1
TCGA-AR-A1AR-01A-31R-A137-07,0.28740201002175464,1
TCGA-43-7658-01A-11R-2125-07,0.9159429814545693,1
TCGA-BF-A1PU-01A-11R-A18S-07,0.22955658512552415,1
TCGA-CM-6171-01A-11R-1653-07,0.8584772330488846,1
TCGA-EW-A1J2-01A-21R-A13Q-07,0.29764247613410155,1
TCGA-UB-A7MF-01A-11R-A33J-07,0.4443354816245695,1
TCGA-DD-AAD0-01A-11R-A41C-07,0.7196745685210502,1
TCGA-85-6561-01A-11R-1820-07,0.2208807105116388,1
TCGA-G9-6367-01A-11R-1789-07,0.2558544119717352,1
TCGA-DM-A1D9-01A-11R-A155-07,0.4018354206097269,1
TCGA-EJ-7783-01A-11R-2118-07,0.20063480133321898,1
TCGA-33-AASD-01A-11R-A405-07,0.7017435326432301,1
TCGA-97-8177-01A-11R-2287-07,0.930845009676995,1
TCGA-NH-A6GA-01A-11R-A37K-07,0.9055226240018854,1
TCGA-BH-A1FC-01A-11R-A13Q-07,0.8747977796577724,0
TCGA-BP-4165-01A-02R-1289-07,0.19056391150737073,1
TCGA-AA-A02R-01A-01R-A00A-07,0.3342428952131936,1
TCGA-AD-6899-01A-11R-1928-07,0.963863382199535,1
TCGA-LN-A4MQ-01A-11R-A28J-31,0.5914339643783053,0
TCGA-KK-A59Z-01A-12R-A26U-07,0.9638043461873856,1
TCGA-MI-A75H-01A-11R-A32O-07,0.3319936146357051,1
TCGA-38-4630-01A-01R-1206-07,0.9434009897590211,1
TCGA-EP-A3RK-01A-11R-A22L-07,0.37385064122291445,1
TCGA-5C-A9VG-01A-11R-A37K-07,0.9467915672772502,0
TCGA-BH-A0E7-01A-11R-A034-07,0.9563174061567167,1
TCGA-AA-3956-01A-02R-1022-07,0.7485072729359178,1
TCGA-HC-8216-01A-11R-A29R-07,0.9635449189281111,1
TCGA-EJ-5519-01A-01R-1580-07,0.6984619995256326,1
TCGA-AA-3949-01A-01R-1022-07,0.34921063961015586,1
TCGA-B0-5121-01A-02R-1420-07,0.20573221177657455,1
TCGA-10-0926-01A-01R-1564-13,0.9255294948484318,1
TCGA-AK-3451-01A-02R-1188-07,0.3050627770846978,1
TCGA-A8-A085-01A-11R-A00Z-07,0.9280253927661245,1
TCGA-BH-A18M-01A-11R-A12D-07,0.9675065989618392,0
TCGA-G4-6315-01A-11R-1723-07,0.24349283430057878,1
TCGA-MP-A4TE-01A-22R-A466-07,0.7423264787069483,1
TCGA-EB-A4IS-01A-21R-A266-07,0.29522348830984546,1
TCGA-AN-A0AS-01A-11R-A00Z-07,0.9566329115708352,1
TCGA-CW-5583-01A-02R-1541-07,0.2518018165616013,1
TCGA-BH-A18T-01A-11R-A12D-07,0.7532413435281764,1
TCGA-E9-A22E-01A-11R-A157-07,0.9327532488733901,1
TCGA-A2-A1FW-01A-11R-A13Q-07,0.9267746401773087,1
TCGA-H6-A45N-01A-11R-A26U-07,0.8442739125858887,1
TCGA-A2-A0SW-01A-11R-A084-07,0.9402430089237088,1
TCGA-B0-5712-01A-11R-1672-07,0.34377260186801195,1
TCGA-85-8277-01A-11R-2296-07,0.3284877978854428,1
TCGA-E2-A1II-01A-11R-A144-07,0.8501258936901287,1
TCGA-24-2267-01A-01R-1568-13,0.9194330039542019,0
TCGA-77-8131-01A-11R-2247-07,0.9124618502883942,0
TCGA-3A-A9IZ-01A-12R-A41B-07,0.512343654275494,1
TCGA-55-7816-01A-11R-2170-07,0.8880028523861281,1
TCGA-AA-3509-01A-01R-1410-07,0.34632452666173685,0
TCGA-25-1322-01A-01R-1565-13,0.9385924261647935,1
TCGA-35-5375-01A-01R-1628-07,0.8979007951552798,1
TCGA-CJ-4918-01A-01R-1426-07,0.1865095784102591,1
TCGA-ED-A66X-01A-11R-A311-07,0.7182725987393557,1
TCGA-FV-A3I0-01A-11R-A22L-07,0.9071213369873906,1
TCGA-AO-A0JG-01A-31R-A084-07,0.9552457340792793,1
TCGA-XJ-A9DK-01A-11R-A37L-07,0.4824497398397154,1
TCGA-BH-A0BT-01A-11R-A12P-07,0.9453128131718397,0
TCGA-29-1783-01A-01R-1567-13,0.9195131646903377,1
TCGA-QG-A5Z1-01A-11R-A28H-07,0.9015067227800178,1
TCGA-F4-6805-01A-11R-1839-07,0.9482279393630559,1
TCGA-18-4086-01A-01R-1100-07,0.17306842795590216,1
TCGA-99-8028-01A-11R-2241-07,0.8041847300356588,1
TCGA-B0-5109-01A-02R-1420-07,0.9528016404327796,1
TCGA-E2-A1B6-01A-31R-A12P-07,0.8508627292527385,1
TCGA-S4-A8RM-01A-11R-A37L-07,0.23446401658142493,1
TCGA-49-4486-01A-01R-1206-07,0.8323653277638501,1
TCGA-E9-A248-01A-11R-A169-07,0.3775269456757256,0
TCGA-IB-AAUR-01A-21R-A38C-07,0.6161642988063527,0
TCGA-BC-A69I-01A-11R-A311-07,0.30056749110936265,1
TCGA-AC-A23G-01A-11R-A213-07,0.8701554593953309,1
TCGA-DD-AADG-01A-11R-A41C-07,0.3041434254961054,1
TCGA-A8-A08S-01A-11R-A034-07,0.8967737539319699,1
TCGA-D8-A27G-01A-11R-A16F-07,0.9656143632514229,1
TCGA-A2-A0YT-01A-11R-A109-07,0.9466669644263732,1
TCGA-2H-A9GH-01A-11R-A37I-31,0.69852323185813,1
TCGA-GM-A4E0-01A-12R-A266-07,0.839301359021613,1
TCGA-86-8358-01A-11R-2326-07,0.9074277936785466,1
TCGA-39-5034-01A-01R-1443-07,0.9466334209814112,0
TCGA-E9-A1N3-01A-12R-A157-07,0.7913229830741071,1
TCGA-91-8496-01A-11R-2403-07,0.644109930841092,0
TCGA-KC-A7FE-01A-12R-A33R-07,0.2500711047098074,1
TCGA-04-1655-01A-01R-1566-13,0.5546661415068505,1
TCGA-A4-7584-01A-11R-2139-07,0.1976895442700879,0
TCGA-HZ-7918-01A-11R-2156-07,0.8807028801408955,1
TCGA-AK-3440-01A-02R-1277-07,0.40618891045406424,1
TCGA-CZ-4857-01A-01R-1305-07,0.7131481971841132,1
TCGA-B9-4116-01A-02R-1351-07,0.8989598902004795,0
TCGA-DZ-6133-01A-11R-1965-07,0.15672495328877684,1
TCGA-J9-A52E-01A-11R-A26U-07,0.9338108453012176,0
TCGA-ER-A2NB-01A-12R-A18S-07,0.25588136522315613,1
TCGA-A3-3346-01A-01R-1766-07,0.4238897894828366,1
TCGA-3A-A9IO-01A-11R-A38C-07,0.8241971995904809,0
TCGA-BP-4325-01A-02R-1289-07,0.21680398762906777,0
TCGA-IB-7889-01A-11R-2156-07,0.9179474110607279,1
TCGA-A8-A07F-01A-11R-A00Z-07,0.9377908265176054,1
TCGA-78-7162-01A-21R-2066-07,0.8185872517012882,0
TCGA-IB-7644-01A-11R-2156-07,0.6599843801240874,1
TCGA-36-1569-01A-01R-1566-13,0.8950269899064013,1
TCGA-52-7622-01A-11R-2125-07,0.9107538464014221,1
TCGA-69-8453-01A-12R-2326-07,0.8299614374809547,1
TCGA-OL-A66N-01A-12R-A31O-07,0.29899357674648774,1
TCGA-CC-A9FV-01A-11R-A37K-07,0.9297134815985929,1
TCGA-XD-AAUI-01A-42R-A41B-07,0.9608194162270838,1
TCGA-GM-A2DN-01A-11R-A180-07,0.9488729350424289,1
TCGA-G3-A3CK-01A-11R-A213-07,0.35986132525323933,1
TCGA-BP-4771-01A-01R-1289-07,0.15289281964171647,1
TCGA-DD-AACO-01A-11R-A41C-07,0.7960863024050427,0
TCGA-75-7031-01A-11R-1949-07,0.9162896685389199,1
TCGA-24-1552-01A-01R-1566-13,0.778830973678524,1
TCGA-85-8287-01A-11R-2296-07,0.8788271346828569,1
TCGA-AY-6197-01A-11R-1723-07,0.7233471830974435,1
TCGA-96-A4JK-01A-11R-A24Z-07,0.9094444253841655,1
TCGA-C8-A12Z-01A-11R-A115-07,0.7499339244101499,1
TCGA-E9-A3Q9-01A-11R-A21T-07,0.9317499487790644,1
TCGA-AC-A8OR-01A-21R-A41B-07,0.9248881665419909,0
TCGA-44-5644-01A-21R-2039-07,0.8811039380748402,0
TCGA-A2-A0T3-01A-21R-A115-07,0.9461893513718211,1
TCGA-A4-8098-01A-11R-2404-07,0.4622528935650778,0
TCGA-EB-A82C-01A-11R-A352-07,0.26272821981616334,1
TCGA-DM-A1D0-01A-11R-A155-07,0.757924957446102,1
TCGA-BF-AAP1-01A-11R-A39D-07,0.40247602520856063,1
TCGA-S3-AA12-01A-11R-A41B-07,0.9391938896259735,1
TCGA-24-2024-01A-02R-1568-13,0.9352610333040714,1
TCGA-24-2026-01A-01R-1567-13,0.8904521140511349,1
TCGA-G7-6796-01A-11R-1965-07,0.18336023423008033,0
TCGA-AL-3473-01A-01R-1193-07,0.27499010477674507,1
TCGA-Y8-A894-01A-11R-A36F-07,0.2420552630038345,1
TCGA-22-5483-01A-01R-1820-07,0.9334050554532003,1
TCGA-CJ-4644-01A-02R-1325-07,0.18466449484248837,1
TCGA-22-5489-01A-01R-1635-07,0.8826408052067517,1
TCGA-D8-A1JP-01A-11R-A13Q-07,0.9641671934591571,1
TCGA-B9-A5W9-01A-11R-A28H-07,0.27310874458470263,0
TCGA-13-0886-01A-01R-1569-13,0.9260525622733069,0
TCGA-EB-A4P0-01A-41R-A266-07,0.22054991544217217,0
TCGA-G4-6307-01A-11R-1723-07,0.32329531997519634,1
TCGA-DD-AAEH-01A-11R-A41C-07,0.34443879897880186,1
TCGA-FV-A2QQ-01A-11R-A22L-07,0.33585268369510485,1
TCGA-MP-A4SW-01A-21R-A24X-07,0.9477969803040998,1
TCGA-P4-A5ED-01A-11R-A28H-07,0.5528229737468782,1
TCGA-CA-6719-01A-11R-1839-07,0.9439156527170935,1
TCGA-AY-4071-01A-01R-1113-07,0.33004789786247496,1
TCGA-B8-4622-01A-02R-1277-07,0.2575717111647965,1
TCGA-AO-A1KP-01A-11R-A13Q-07,0.9114939317607983,0
TCGA-A8-A081-01A-11R-A00Z-07,0.9529629940227449,1
TCGA-24-2262-01A-01R-1568-13,0.9515476733320976,1
TCGA-3A-A9I7-01A-21R-A38C-07,0.9578978174162074,1
TCGA-A2-A0CW-01A-21R-A115-07,0.9313980345308582,1
TCGA-UZ-A9Q0-01A-12R-A42S-07,0.16336416092685188,1
TCGA-56-8082-01A-11R-2247-07,0.918375246981452,1
TCGA-39-5019-01A-01R-1820-07,0.8408132876205429,1
TCGA-G3-A5SI-01A-31R-A27V-07,0.2492775262056312,1
TCGA-A2-A0EX-01A-21R-A034-07,0.9541920179073216,1
TCGA-AR-A2LJ-01A-12R-A19W-07,0.33149639562525157,1
TCGA-R6-A6DN-01B-11R-A31P-31,0.2725401833025449,0
TCGA-B0-4842-01A-02R-1420-07,0.18642091738152947,0
TCGA-90-A4EE-01A-11R-A24Z-07,0.8635657880805825,1
TCGA-DW-7834-01A-11R-2139-07,0.17315589372388604,1
TCGA-A3-3317-01A-02R-1325-07,0.9545545551253816,1
TCGA-LN-A7HY-01A-12R-A354-31,0.8789196696481557,1
TCGA-B0-5080-01A-01R-1503-07,0.2123556679996632,1
TCGA-DD-AAW3-01A-11R-A41C-07,0.3240406355484849,1
TCGA-CM-5862-01A-01R-1653-07,0.6352285792429475,1
TCGA-G9-6494-01A-11R-1789-07,0.2857901883026964,1
TCGA-2J-AABT-01A-11R-A41B-07,0.9506506233721664,1
TCGA-AA-3693-01A-01R-0905-07,0.4133271316099476,1
TCGA-2V-A95S-01A-11R-A37K-07,0.21348754992060331,0
TCGA-44-7669-01A-21R-2066-07,0.8408091615840142,1
TCGA-BP-5008-01A-01R-1334-07,0.19048754628050285,1
TCGA-D5-6920-01A-11R-1928-07,0.2147658314879708,1
TCGA-K7-A5RG-01A-11R-A28V-07,0.6176812072620332,1
TCGA-BP-4795-01A-02R-1420-07,0.24437928079153173,1
TCGA-18-3419-01A-01R-0980-07,0.9040826223697209,1
TCGA-G9-6332-01A-11R-1789-07,0.25914107010970067,1
TCGA-56-8309-01A-11R-2296-07,0.8616287651970307,1
TCGA-AC-A23E-01A-11R-A157-07,0.9595166746213896,1
TCGA-BQ-7046-01A-11R-1965-07,0.15088971971444357,1
TCGA-AN-A0AT-01A-11R-A034-07,0.9039160185199602,0
TCGA-BH-A0E9-01B-11R-A115-07,0.9535712961242585,1
TCGA-AA-3663-01A-01R-1723-07,0.2924583422194916,1
TCGA-A2-A0YI-01A-31R-A10J-07,0.9652403925231074,1
TCGA-34-8456-01A-21R-2326-07,0.9187585428313374,1
TCGA-AR-A1AJ-01A-21R-A12P-07,0.9396646857954886,1
TCGA-44-6145-01A-11R-1755-07,0.9584681836403266,1
TCGA-BP-4344-01A-01R-1289-07,0.19574003246397403,1
TCGA-5C-A9VH-01A-11R-A37K-07,0.2201999881375946,0
TCGA-62-8399-01A-21R-2326-07,0.9285653848849952,1
TCGA-A8-A08T-01A-21R-A00Z-07,0.9625332788376462,1
TCGA-56-7222-01A-11R-2045-07,0.32904673868472756,1
TCGA-PZ-A5RE-01A-11R-A32O-07,0.36141678516655057,0
TCGA-EJ-5509-01A-01R-1580-07,0.9451585433032363,1
TCGA-58-8392-01A-11R-2326-07,0.4427980968075691,1
TCGA-18-5595-01A-01R-1635-07,0.503190748169595,1
TCGA-29-1695-01A-01R-1567-13,0.9236495413752059,1
TCGA-B0-4833-01A-01R-1305-07,0.19901195169137154,1
TCGA-D8-A27E-01A-11R-A16F-07,0.8421413347632478,1
TCGA-BH-A209-01A-11R-A157-07,0.8826001757415105,0
TCGA-BH-A0W4-01A-11R-A109-07,0.9585327872182651,1
TCGA-DV-5565-01A-01R-1541-07,0.5784040307059795,1
TCGA-94-A5I6-01A-21R-A27Q-07,0.2744160760040726,1
TCGA-61-1725-01A-01R-1567-13,0.7516803424764069,1
TCGA-B0-5098-01A-01R-1420-07,0.6284367770172542,1
TCGA-13-0905-01B-01R-1565-13,0.6357834746531611,0
TCGA-AA-3667-01A-01R-0905-07,0.21299078216410475,0
TCGA-D8-A1XC-01A-11R-A14D-07,0.833242890587812,1
TCGA-J4-A6M7-01A-11R-A31N-07,0.293509610309069,1
TCGA-24-1544-01A-01R-1566-13,0.9283783037162652,1
TCGA-YL-A9WJ-01A-11R-A37L-07,0.5688039796292157,1
TCGA-29-1785-01A-01R-1567-13,0.950030971536457,1
TCGA-98-8020-01A-11R-2247-07,0.740010823095868,1
TCGA-XJ-A9DQ-01A-11R-A37L-07,0.2439220750856526,1
TCGA-C8-A8HP-01A-11R-A36F-07,0.8826940596305453,0
TCGA-B0-5096-01A-01R-1420-07,0.26385141511079246,0
TCGA-E9-A3QA-01A-61R-A22K-07,0.9217474310119729,0
TCGA-BH-A0WA-01A-11R-A109-07,0.8001161806369285,1
TCGA-66-2791-01A-01R-0980-07,0.830600349271728,1
TCGA-BH-A0HN-01A-11R-A10U-07,0.5345766926363563,0
TCGA-F4-6463-01A-11R-1723-07,0.9524155076296716,1
TCGA-A2-A1FZ-01A-51R-A14D-07,0.9624555545299144,1
TCGA-VP-AA1N-01A-31R-A41O-07,0.9564567734784011,1
TCGA-A3-3359-01A-01R-0864-07,0.19223262668524785,1
TCGA-AN-A049-01A-21R-A00Z-07,0.9599238642445497,1
TCGA-CZ-5462-01A-01R-1503-07,0.27628008766905515,0
TCGA-CM-6165-01A-11R-1653-07,0.9546777676482917,1
TCGA-DD-A3A3-01A-11R-A22L-07,0.36901015818042143,1
TCGA-AO-A125-01A-11R-A10J-07,0.37922027958628735,0
TCGA-69-7760-01A-11R-2170-07,0.604262645919055,1
TCGA-KC-A7FD-01A-11R-A33R-07,0.4429616858528308,1
TCGA-UZ-A9PK-01A-11R-A38C-07,0.224353113082566,1
TCGA-62-8398-01A-11R-2326-07,0.8694924930981013,0
TCGA-B0-4698-01A-01R-1503-07,0.9250524207528354,0
TCGA-L5-A88V-01A-11R-A354-31,0.24513123950506735,1
TCGA-3A-A9IX-01A-11R-A41B-07,0.9318827092320674,1
TCGA-55-A4DG-01A-11R-A24H-07,0.9256968400447778,1
TCGA-EW-A424-01A-11R-A24H-07,0.743364094810118,1
TCGA-60-2706-01A-01R-0851-07,0.9059041265685065,0
TCGA-IA-A40U-01A-11R-A24Z-07,0.320667274993483,1
TCGA-GM-A3XG-01A-31R-A24H-07,0.8668782671033561,1
TCGA-ZR-A9CJ-01B-11R-A38D-31,0.8209182449296493,1
TCGA-BH-A18G-01A-11R-A12D-07,0.9046667245863389,1
TCGA-G9-6384-01A-11R-1789-07,0.29449195616666096,1
TCGA-67-6216-01A-11R-1755-07,0.9334995293988434,1
TCGA-13-1488-01A-01R-1565-13,0.9159794516849175,1
TCGA-G9-6343-01A-21R-1965-07,0.26055015470328846,1
TCGA-90-A59Q-01A-11R-A26W-07,0.9007948201730271,1
TCGA-CW-5580-01A-01R-1672-07,0.2869869223832625,1
TCGA-25-1625-01A-01R-1566-13,0.8923570894210645,0
TCGA-EJ-A8FS-01A-11R-A352-07,0.2804775207301321,1
TCGA-CM-6164-01A-11R-1653-07,0.7879878092030115,1
TCGA-29-1763-01A-02R-1567-13,0.9473841241253426,1
TCGA-97-7941-01A-11R-2187-07,0.928318854536701,0
TCGA-B0-4696-01A-01R-1277-07,0.9319875450211191,1
TCGA-AA-3675-01A-02R-0905-07,0.9521610061456959,0
TCGA-HC-A6AS-01A-11R-A30B-07,0.19798662404216677,0
TCGA-LN-A7HW-01A-22R-A354-31,0.4593578450928323,1
TCGA-50-6595-01A-12R-1858-07,0.8652815782003935,1
TCGA-05-4433-01A-22R-1858-07,0.899701973718632,0
TCGA-B0-5113-01A-01R-1420-07,0.27569308842802936,1
TCGA-OL-A66I-01A-21R-A29R-07,0.8780765589864923,0
TCGA-GM-A2DL-01A-11R-A18M-07,0.9341261531796665,1
TCGA-10-0934-01A-02R-1564-13,0.9092189531997911,1
TCGA-B1-5398-01A-02R-1592-07,0.1811347698072989,1
TCGA-09-1667-01C-01R-1566-13,0.9496541090058783,1
TCGA-69-7979-01A-11R-2187-07,0.9512677661876268,1
TCGA-22-1017-01A-01R-0692-07,0.9471184775472523,0
TCGA-BP-4759-01A-01R-1289-07,0.16453411396268852,0
TCGA-ED-A459-01A-11R-A266-07,0.40024537311629166,1
TCGA-EB-A51B-01A-11R-A27Q-07,0.29810904820815104,1
TCGA-CW-6090-01A-11R-1672-07,0.5895750920904543,1
TCGA-AA-3968-01A-01R-1022-07,0.9573461434042487,1
TCGA-85-8276-01A-11R-2296-07,0.9462628052913564,1
TCGA-D5-6924-01A-11R-1928-07,0.9402169266682153,1
TCGA-95-7947-01A-11R-2187-07,0.9167907687696641,1
TCGA-50-5932-01A-11R-1755-07,0.8055481167938723,1
TCGA-G9-6342-01A-11R-1965-07,0.2765509997957784,1
TCGA-BH-A0H9-01A-11R-A056-07,0.9550498843066075,1
TCGA-AR-A24X-01A-11R-A169-07,0.277258997157748,1
TCGA-A4-A5Y1-01A-11R-A28H-07,0.5219670701705714,1
TCGA-AR-A1AV-01A-21R-A12P-07,0.9303709813179731,1
TCGA-33-4582-01A-01R-1443-07,0.5642367222121172,1
TCGA-A7-A0DC-01B-04R-A22O-07,0.9132857858046404,1
TCGA-E9-A245-01A-22R-A16F-07,0.9338258726277444,0
TCGA-LN-A49Y-01A-11R-A260-31,0.601325496288091,1
TCGA-BP-4960-01A-01R-1334-07,0.23617965241346014,0
TCGA-CJ-4641-01A-02R-1325-07,0.7788704300771008,1
TCGA-55-7281-01A-11R-2039-07,0.9342416750968523,1
TCGA-AA-3870-01A-01R-1022-07,0.4616670694316511,0
TCGA-MI-A75E-01A-11R-A32O-07,0.3172048238540988,1
TCGA-DD-A1EF-01A-11R-A131-07,0.9335173819078517,0
TCGA-VR-A8EX-01A-11R-A36D-31,0.15887370543394158,1
TCGA-56-8504-01A-11R-2403-07,0.86888625534071,1
TCGA-MG-AAMC-01A-11R-A41O-07,0.26210587115148104,1
TCGA-56-A49D-01A-11R-A24H-07,0.9034686861592223,0
TCGA-39-5022-01A-21R-1820-07,0.9148285109580926,1
TCGA-55-7573-01A-11R-2039-07,0.9111115790839215,1
TCGA-13-0730-01A-01R-1564-13,0.9149257343754265,1
TCGA-D5-6538-01A-11R-1723-07,0.6235958474200712,1
TCGA-2Y-A9GU-01A-11R-A38B-07,0.32766245509727937,1
TCGA-YL-A8HJ-01A-11R-A36G-07,0.8917638641236116,1
TCGA-05-4396-01A-21R-1858-07,0.9228295386099314,1
TCGA-E2-A1LL-01A-11R-A144-07,0.8878480588050521,0
TCGA-24-2281-01A-01R-1568-13,0.7068742350077617,0
TCGA-33-A4WN-01A-11R-A262-07,0.48854263597178044,1
TCGA-CZ-5985-01A-11R-1672-07,0.25041349227797716,1
TCGA-GN-A263-01A-11R-A18T-07,0.8932521367512689,1
TCGA-E9-A1RE-01A-11R-A157-07,0.4487706949525984,1
TCGA-E2-A15M-01A-11R-A12D-07,0.22363741664939207,1
TCGA-HC-8262-01A-11R-2263-07,0.2760471924217822,1
TCGA-DM-A0X9-01A-11R-A155-07,0.37628400178688676,0
TCGA-A7-A4SC-01A-12R-A266-07,0.9395821655677707,1
TCGA-AN-A04A-01A-21R-A034-07,0.9579971066618297,1
TCGA-QA-A7B7-01A-11R-A32O-07,0.4208922850927267,1
TCGA-29-2427-01A-01R-1569-13,0.7865811836243248,1
TCGA-25-1633-01A-01R-1566-13,0.9109697560962087,1
TCGA-85-A510-01A-11R-A26W-07,0.9054498261465368,0
TCGA-75-5147-01A-01R-1628-07,0.8824800652730489,1
TCGA-D3-A5GT-01A-12R-A311-07,0.7338637644909232,1
TCGA-49-AARR-01A-11R-A41B-07,0.6808516120457544,1
TCGA-CH-5740-01A-11R-1580-07,0.30847201036666594,1
TCGA-BH-A0W3-01A-11R-A109-07,0.8286175382506614,1
TCGA-13-1487-01A-01R-1565-13,0.9191059600213817,1
TCGA-CZ-5464-01A-01R-1503-07,0.9611881949792119,1
TCGA-HC-A8D1-01A-11R-A36G-07,0.2773483952211832,1
TCGA-13-0884-01B-01R-1565-13,0.6845210578684165,1
TCGA-D8-A1JD-01A-11R-A13Q-07,0.9650419469299618,1
TCGA-61-2009-01A-01R-1568-13,0.9274808948177427,1
TCGA-J4-A67N-01A-11R-A30B-07,0.22862538411388134,1
TCGA-66-2788-01A-01R-0980-07,0.9070178282729617,1
TCGA-EJ-5501-01A-01R-1580-07,0.795401022301632,1
TCGA-BC-4072-01B-11R-A155-07,0.8858944217020027,1
TCGA-LN-A5U7-01A-11R-A31P-31,0.3125668524636165,1
TCGA-IG-A4QT-01A-21R-A260-31,0.7798962820586914,0
TCGA-YL-A9WX-01A-21R-A41O-07,0.2435528820586677,1
TCGA-3A-A9IL-01A-11R-A38C-07,0.4626528553245447,1
TCGA-AD-6965-01A-11R-1928-07,0.9187218961272916,1
TCGA-60-2704-01A-11R-2045-07,0.6962999477250791,1
TCGA-AA-3514-01A-02R-0821-07,0.21078857218221564,1
TCGA-IB-A5ST-01A-11R-A32O-07,0.9390130516760526,1
TCGA-BH-A0DQ-01A-11R-A084-07,0.9613074591285704,0
TCGA-D8-A1XY-01A-11R-A14M-07,0.9656031563103847,1
TCGA-ZG-A9LB-01A-11R-A41O-07,0.29048419853131213,1
TCGA-L5-A4OR-01A-11R-A260-31,0.44113912326625604,1
TCGA-LD-A74U-01A-13R-A33J-07,0.9369206935942377,1
TCGA-B8-4148-01A-02R-1325-07,0.27704779115835876,1
TCGA-77-8009-01A-11R-2187-07,0.7158507251972308,1
TCGA-55-7574-01A-11R-2039-07,0.9389102105829845,1
TCGA-XA-A8JR-01A-11R-A36G-07,0.2574247608161494,1
TCGA-B0-5095-01A-01R-1420-07,0.22572797319994023,1
TCGA-NC-A5HE-01A-11R-A26W-07,0.8859673518295417,1
TCGA-RC-A6M4-01A-11R-A32O-07,0.33177475407273715,1
TCGA-EJ-A8FN-01A-11R-A352-07,0.2738067938307025,1
TCGA-2Z-A9JK-01A-11R-A42S-07,0.9240853719864877,1
TCGA-69-8254-01A-11R-2287-07,0.9448443171597131,1
TCGA-67-6217-01A-11R-1755-07,0.9258797027162984,1
TCGA-55-7994-01A-11R-2187-07,0.8664934307268348,0
TCGA-55-8090-01A-11R-2241-07,0.9356849553725344,1
TCGA-LN-A5U5-01A-21R-A28J-31,0.581315246192551,0
TCGA-66-2768-01A-01R-0851-07,0.32507485111836176,1
TCGA-WQ-AB4B-01A-11R-A41C-07,0.3076920566099538,1
TCGA-77-6844-01A-11R-1949-07,0.3294974444808568,0
TCGA-A8-A07Z-01A-11R-A00Z-07,0.600510447038604,1
TCGA-AA-3977-01A-01R-1022-07,0.296509830155516,1
TCGA-AC-A3W7-01A-11R-A22K-07,0.9054812137257604,1
TCGA-CC-5263-01A-01R-A131-07,0.3571814852131566,1
TCGA-18-3411-01A-01R-0980-07,0.29309950968561804,1
TCGA-DM-A0XD-01A-12R-A155-07,0.3340430182039731,1
TCGA-OL-A5RU-01A-11R-A28M-07,0.9465301363811595,1
TCGA-33-AASB-01A-11R-A405-07,0.8921926974916178,1
TCGA-B6-A0RG-01A-11R-A056-07,0.9594292150252135,1
TCGA-DD-AAC8-01A-11R-A41C-07,0.7670232068820435,1
TCGA-VP-A87D-01A-11R-A352-07,0.34093337540935703,1
TCGA-BH-A0HX-01A-21R-A056-07,0.9563630667000224,0
TCGA-BP-4353-01A-02R-1289-07,0.2182720495667688,1
TCGA-66-2793-01A-01R-1201-07,0.7128864716875454,1
TCGA-E2-A15A-01A-11R-A12D-07,0.942321594098573,1
TCGA-61-2094-01A-01R-1568-13,0.8967597155634262,1
TCGA-AA-3502-01A-01R-1410-07,0.36791571299328707,1
TCGA-E9-A22G-01A-11R-A157-07,0.6745844757722955,1
TCGA-A3-3325-01A-01R-0864-07,0.5356842188672707,1
TCGA-BP-4176-01A-02R-1289-07,0.4855441419998089,1
TCGA-09-1669-01A-01R-1566-13,0.49102984941573147,0
TCGA-04-1365-01A-01R-1565-13,0.6387307047413087,1
TCGA-2Z-A9JS-01A-21R-A42S-07,0.20045991335167368,1
TCGA-AR-A0U4-01A-11R-A109-07,0.8869096369281804,0
TCGA-B0-5713-01A-11R-1672-07,0.2638457241963901,1
TCGA-L3-A4E7-01A-11R-A24Z-07,0.8700758333623219,1
TCGA-G7-6795-01A-11R-1965-07,0.16679857449805202,1
TCGA-AY-5543-01A-01R-1653-07,0.5337385208266826,1
TCGA-G4-6294-01A-11R-1774-07,0.6564069105173947,1
TCGA-CM-5344-01A-21R-1723-07,0.9324737191102946,1
TCGA-TK-A8OK-01A-22R-A36G-07,0.20938182329389338,1
TCGA-VR-AA4G-01A-11R-A37I-31,0.19860458207888404,1
TCGA-JY-A93C-01A-11R-A38D-31,0.9444722783922175,1
TCGA-G9-6356-01A-11R-1789-07,0.9539280749064336,1
TCGA-A2-A0ER-01A-21R-A034-07,0.9512113639071251,1
TCGA-62-A46O-01A-11R-A24H-07,0.9321370889017856,1
TCGA-BQ-5885-01A-11R-1592-07,0.2852187155407552,0
TCGA-E2-A1IN-01A-11R-A13Q-07,0.9624993119848795,0
TCGA-NJ-A55R-01A-11R-A262-07,0.9394877663626778,1
TCGA-A3-3383-01A-02R-1325-07,0.13443688980712235,1
TCGA-B4-5844-01A-11R-1672-07,0.2897145671210438,1
TCGA-CJ-5676-01A-11R-1541-07,0.25042356930289905,0
TCGA-MH-A561-01A-11R-A26U-07,0.21298100639522527,1
TCGA-96-A4JL-01A-11R-A24Z-07,0.8715424872559311,1
TCGA-KK-A6DY-01A-12R-A311-07,0.8825139301869563,1
TCGA-2Z-A9JP-01A-11R-A42S-07,0.1956490227119539,1
TCGA-VR-A8ER-01A-11R-A36D-31,0.5730438515744875,1
TCGA-24-2288-01A-01R-1568-13,0.9321733254409027,1
TCGA-A8-A0AD-01A-11R-A056-07,0.9653977918179523,1
TCGA-B6-A0IQ-01A-11R-A034-07,0.7512596207315226,1
TCGA-DM-A28A-01A-21R-A32Y-07,0.940383174782787,1
TCGA-09-0369-01A-01R-1564-13,0.924951230098636,0
TCGA-G7-A8LD-01A-11R-A36F-07,0.9301181336642224,1
TCGA-A4-7732-01A-11R-2139-07,0.15112324856130122,1
TCGA-QU-A6IP-01A-11R-A31N-07,0.27388659426032325,1
TCGA-DD-A1EG-01A-11R-A213-07,0.2988888151926498,1
TCGA-BP-5004-01A-01R-1334-07,0.36949320616626136,1
TCGA-BP-5006-01A-01R-1334-07,0.18518045295405042,1
TCGA-A6-6781-01A-22R-A278-07,0.6387516299298936,0
TCGA-CA-5255-01A-11R-1839-07,0.21296803423845564,1
TCGA-66-2782-01A-01R-0851-07,0.8993894839367589,1
TCGA-MP-A4SY-01A-21R-A24X-07,0.9566309809009088,1
TCGA-44-3398-01A-01R-1107-07,0.9067663094363212,0
TCGA-97-8171-01A-11R-2287-07,0.9187876425842242,1
TCGA-BH-A0BG-01A-11R-A115-07,0.8859646781559614,1
TCGA-B0-4834-01A-01R-1305-07,0.1790911647412035,1
TCGA-A2-A25B-01A-11R-A169-07,0.8131888115247488,1
TCGA-70-6723-01A-11R-1820-07,0.6706200756517782,1
TCGA-KK-A8IJ-01A-11R-A352-07,0.2758435046786542,1
TCGA-CZ-5986-01A-11R-1672-07,0.2921919113222463,0
TCGA-BH-A1EN-01A-11R-A13Q-07,0.9273798248478554,1
TCGA-CH-5768-01A-11R-1580-07,0.30030521793841203,1
TCGA-B0-4846-01A-01R-1277-07,0.27919583008902227,0
TCGA-E2-A2P6-01A-11R-A19W-07,0.892148975402888,1
TCGA-AK-3434-01A-02R-1277-07,0.3072386731660884,1
TCGA-WW-A8ZI-01A-11R-A37L-07,0.4227914639121595,1
TCGA-56-7730-01A-11R-2125-07,0.39869044382822955,1
TCGA-3A-A9I9-01A-11R-A38C-07,0.9227288412018562,1
TCGA-EP-A2KC-01A-11R-A213-07,0.3457104583132474,0
TCGA-AO-A1KO-01A-31R-A13Q-07,0.18821223350953525,1
TCGA-BH-A18K-01A-11R-A12D-07,0.9616859629245189,0
TCGA-D8-A147-01A-11R-A115-07,0.8996521783698749,0
TCGA-24-0979-01A-01R-1565-13,0.7579185504941086,1
TCGA-HC-7821-01A-12R-2118-07,0.9621960057254251,1
TCGA-3A-A9IU-01A-11R-A39D-07,0.9238531743951339,1
TCGA-AC-A3QP-01A-11R-A22U-07,0.8423461338110767,0
TCGA-E9-A226-01A-21R-A157-07,0.7059418020134768,0
TCGA-MP-A4T7-01A-11R-A24X-07,0.9464414805392796,0
TCGA-HE-7129-01A-11R-1965-07,0.22874445769311036,1
TCGA-91-7771-01A-11R-2170-07,0.9344650210882011,1
TCGA-CC-A7IK-01A-12R-A33R-07,0.8851441737242681,1
TCGA-AD-6895-01A-11R-1928-07,0.581729733243691,1
TCGA-2Z-A9JN-01A-21R-A42S-07,0.3707891804218078,1
TCGA-Y8-A898-01A-11R-A355-07,0.20501467171202487,1
TCGA-24-1545-01A-01R-1566-13,0.9375716056542005,0
TCGA-60-2711-01A-01R-0851-07,0.6178087059847521,1
TCGA-US-A77G-01A-11R-A32O-07,0.34100712399290867,1
TCGA-44-5645-01B-04R-A277-07,0.6915262833184526,0
TCGA-23-1109-01A-01R-1564-13,0.9145817035831365,1
TCGA-DD-A1EJ-01A-11R-A155-07,0.6778729703032629,1
TCGA-CK-6748-01A-11R-1839-07,0.9300750116978493,1
TCGA-HE-A5NH-01A-11R-A26U-07,0.17034525180109575,1
TCGA-LL-A50Y-01A-11R-A266-07,0.2598015488874469,1
TCGA-BP-5173-01A-01R-1426-07,0.9598867371662783,1
TCGA-V1-A9O7-01A-21R-A41O-07,0.9463200052456386,1
TCGA-L5-A4OJ-01A-11R-A260-31,0.22234397775527903,1
TCGA-05-4434-01A-01R-1206-07,0.9424300262453531,1
TCGA-AZ-4682-01B-01R-A32Z-07,0.22173132194132802,1
TCGA-D8-A1J9-01A-11R-A13Q-07,0.9553513337097872,1
TCGA-CH-5746-01A-11R-1580-07,0.2852890222681662,1
TCGA-KV-A6GD-01A-11R-A31O-07,0.16752268121353855,1
TCGA-B0-4707-01A-01R-1277-07,0.7542530315193708,1
TCGA-58-8393-01A-11R-2326-07,0.927870061837601,1
TCGA-FV-A495-01A-11R-A266-07,0.2505226332546292,0
TCGA-99-8033-01A-11R-2241-07,0.9341306451002562,0
TCGA-77-8139-01A-11R-2247-07,0.9255940115043294,0
TCGA-ED-A5KG-01A-11R-A27V-07,0.9504667891378186,0
TCGA-94-7033-01A-11R-1949-07,0.707686550043029,1
TCGA-AA-3530-01A-01R-1022-07,0.5454388731210068,1
TCGA-ZG-A9L1-01A-11R-A41O-07,0.3993742587513618,0
TCGA-FR-A3R1-01A-11R-A239-07,0.4637445064946112,1
TCGA-2Z-A9JL-01A-11R-A42S-07,0.17186296582653132,1
TCGA-20-0987-01A-02R-1564-13,0.3103490384484248,1
TCGA-59-2363-01A-01R-1569-13,0.7915251223232803,1
TCGA-24-1419-01A-01R-1565-13,0.9085084506850745,1
TCGA-BH-A1FH-01A-12R-A13Q-07,0.9039932227259677,1
TCGA-B6-A0IA-01A-11R-A034-07,0.4529344865937013,1
TCGA-98-7454-01A-11R-2045-07,0.5276329149723704,1
TCGA-5P-A9JZ-01A-11R-A42S-07,0.23219465779069798,0
TCGA-55-6984-01A-11R-1949-07,0.9389537323757884,1
TCGA-HC-8264-01B-11R-2403-07,0.8002824998025153,1
TCGA-G4-6314-01A-11R-1723-07,0.9424813168083251,1
TCGA-68-8250-01A-11R-2296-07,0.927898594181884,1
TCGA-29-1769-01A-01R-1567-13,0.8869969065644426,1
TCGA-EU-5905-01A-11R-1672-07,0.9607493846076088,1
TCGA-F9-A7Q0-01A-11R-A36F-07,0.4133312458340282,1
TCGA-DD-AACN-01A-11R-A41C-07,0.8488098157499603,1
TCGA-A8-A079-01A-21R-A00Z-07,0.9527548165786204,1
TCGA-D8-A1JN-01A-11R-A13Q-07,0.9511153635465052,1
TCGA-A8-A08B-01A-11R-A00Z-07,0.9308608199772387,1
TCGA-JY-A6FD-01A-11R-A336-31,0.17700631605636544,1
TCGA-A8-A086-01A-11R-A00Z-07,0.9598420026343171,0
TCGA-13-2060-01A-01R-1568-13,0.9373685829709683,1
TCGA-HC-8265-01B-04R-2302-07,0.5831335656282091,1
TCGA-S4-A8RP-01A-11R-A36G-07,0.868830295387441,1
TCGA-A8-A09Z-01A-11R-A00Z-07,0.9259291401633234,1
TCGA-CK-6751-01A-11R-1839-07,0.22038625383310087,1
TCGA-RB-A7B8-01A-12R-A33R-07,0.9554187017310326,1
TCGA-68-7755-01A-11R-2125-07,0.23876576755915702,1
TCGA-66-2759-01A-01R-0851-07,0.7336585635581103,1
TCGA-AA-A00J-01A-02R-A002-07,0.9451283381431427,1
TCGA-L5-A8NL-01A-12R-A37I-31,0.6142973786323033,1
TCGA-24-1557-01A-01R-1566-13,0.9378293602249919,1
TCGA-A7-A3IY-01A-21R-A21T-07,0.927409081275171,1
TCGA-B8-4151-01A-01R-1188-07,0.18852879994439115,1
TCGA-61-1914-01A-01R-1567-13,0.48322703101458375,1
TCGA-IG-A3Y9-01A-12R-A24K-31,0.6218417179481839,1
TCGA-L5-A891-01A-11R-A36D-31,0.6642792666840406,1
TCGA-BP-4983-01A-01R-1334-07,0.47436940260078203,0
TCGA-04-1514-01A-01R-1566-13,0.9062865272812823,1
TCGA-NJ-A55A-01A-11R-A262-07,0.9179511264213448,0
TCGA-A8-A09I-01A-22R-A034-07,0.8740289328249795,1
TCGA-AR-A251-01A-12R-A169-07,0.7628942320124023,1
TCGA-60-2715-01A-01R-0851-07,0.8869548254777115,1
TCGA-D9-A4Z3-01A-11R-A266-07,0.9251203490909068,1
TCGA-E2-A14Q-01A-11R-A12D-07,0.9541752645027926,1
TCGA-EW-A1P7-01A-21R-A144-07,0.924864353305439,1
TCGA-HV-AA8X-01A-11R-A39D-07,0.5467304369412957,1
TCGA-ZG-A9L4-01A-11R-A41O-07,0.9623159789294499,1
TCGA-VN-A88L-01A-11R-A352-07,0.3957691453221867,1
TCGA-Z7-A8R5-01A-42R-A41B-07,0.25616936388192446,1
TCGA-IG-A51D-01A-11R-A36D-31,0.24792768706894336,1
TCGA-5P-A9K9-01A-11R-A42S-07,0.5702217618555947,1
TCGA-23-1114-01B-01R-1566-13,0.5889540745616377,0
TCGA-IZ-A6M9-01A-11R-A31O-07,0.20256217239075566,1
TCGA-44-2662-01B-02R-A277-07,0.7026154978987551,1
TCGA-A8-A08C-01A-11R-A00Z-07,0.15490017356834976,0
TCGA-36-1568-01A-01R-1566-13,0.9518204080611268,1
TCGA-MN-A4N1-01A-11R-A24X-07,0.8845585389979579,1
TCGA-C8-A12X-01A-11R-A115-07,0.945005095316009,1
TCGA-63-5131-01A-01R-1443-07,0.9061618238692167,1
TCGA-G9-6499-01A-12R-1965-07,0.2486949179006106,1
TCGA-L5-A43M-01A-11R-A24K-31,0.8069899652136873,0
TCGA-C8-A275-01A-21R-A16F-07,0.8645902835972157,1
TCGA-A6-5664-01A-21R-1839-07,0.9147238085201331,1
TCGA-4B-A93V-01A-11R-A39D-07,0.9288420060419341,1
TCGA-G9-6364-01A-21R-1789-07,0.3207545016614239,1
TCGA-YH-A8SY-01A-11R-A37L-07,0.8943781565848341,1
TCGA-BP-4760-01A-02R-1420-07,0.9248672773353279,0
TCGA-DD-AAVU-01A-11R-A41C-07,0.3137160827730391,1
TCGA-XN-A8T5-01A-12R-A36G-07,0.6214982805453676,1
TCGA-55-8207-01A-11R-2241-07,0.9484369572762592,1
TCGA-DD-AAVV-01A-11R-A41C-07,0.24991923763329585,1
TCGA-FV-A2QR-01A-11R-A213-07,0.2977935210977301,1
TCGA-DD-AAEE-01A-11R-A41C-07,0.37271713338828943,0
TCGA-B8-5159-01A-01R-1420-07,0.26596520615688407,1
TCGA-2A-A8VX-01A-11R-A37L-07,0.3008519793689988,1
TCGA-AA-A03F-01A-11R-A16W-07,0.20112979070952114,1
TCGA-91-8497-01A-11R-2403-07,0.9034570235790208,1
TCGA-EW-A1OV-01A-11R-A144-07,0.9404914206144998,1
TCGA-XP-A8T8-01A-11R-A36D-31,0.26498492471200974,1
TCGA-61-1736-01B-01R-1568-13,0.9355852782152442,1
TCGA-20-1682-01A-01R-1564-13,0.8753172386426782,1
TCGA-FB-AAPQ-01A-11R-A41B-07,0.4355056494825975,0
TCGA-AA-3950-01A-02R-1022-07,0.7487559052705854,1
TCGA-CK-4951-01A-01R-1410-07,0.9409834136876679,1
TCGA-BH-A0RX-01A-21R-A084-07,0.7993498455157917,1
TCGA-CJ-5671-01A-11R-1541-07,0.15764703677364483,1
TCGA-EW-A1IY-01A-11R-A13Q-07,0.19933842162061532,0
TCGA-E2-A1IE-01A-11R-A13Q-07,0.9210921300202367,1
TCGA-HI-7170-01A-11R-2118-07,0.8977166040868652,1
TCGA-A3-A6NL-01A-11R-A33J-07,0.21270568003808693,1
TCGA-EW-A1PD-01A-11R-A144-07,0.9615482169821341,0
TCGA-B6-A0IO-01A-11R-A034-07,0.9578120712855063,1
TCGA-50-5931-01A-11R-1755-07,0.9231044614593784,1
TCGA-HZ-A4BH-01A-11R-A26U-07,0.9616035989021786,1
TCGA-ZG-A9KY-01A-11R-A41O-07,0.5245301547717135,1
TCGA-EJ-5507-01A-01R-1580-07,0.9364959358513253,1
TCGA-CH-5751-01A-11R-1580-07,0.9230694891469642,0
TCGA-AA-3844-01A-01R-1022-07,0.23882771320144416,1
TCGA-EB-A57M-01A-51R-A311-07,0.152042200945314,1
TCGA-BP-4351-01A-01R-1289-07,0.16474069558316068,1
TCGA-DD-A11B-01A-11R-A131-07,0.48705026006809937,1
TCGA-BQ-7045-01A-31R-1965-07,0.21512698347775377,1
TCGA-BH-A0BD-01A-11R-A034-07,0.9643178995561682,1
TCGA-BQ-5881-01A-11R-1592-07,0.14895685902533584,1
TCGA-25-1871-01A-01R-1567-13,0.8932465226597075,1
TCGA-61-1740-01A-01R-1567-13,0.9202006618559349,0
TCGA-33-AASJ-01A-11R-A405-07,0.3840226438072189,1
TCGA-CC-A123-01A-11R-A131-07,0.5349314643674996,1
TCGA-YG-AA3N-01A-11R-A38C-07,0.22498849523259917,1
TCGA-E2-A156-01A-11R-A12D-07,0.41696736672511114,1
TCGA-EW-A1PB-01A-11R-A144-07,0.8903931285951283,1
TCGA-XK-AAJT-01A-11R-A41O-07,0.2646348577568681,1
TCGA-EB-A550-01A-61R-A27Q-07,0.9051434662721506,0
TCGA-S3-A6ZF-01A-32R-A32P-07,0.9671497646098826,0
TCGA-13-1408-01A-01R-1565-13,0.9237321895841365,0
TCGA-29-1690-01A-01R-1566-13,0.9242915297722302,1
TCGA-05-4425-01A-01R-1755-07,0.9263180972319227,1
TCGA-X8-AAAR-01A-11R-A406-31,0.9408280882361196,1
TCGA-JL-A3YX-01A-11R-A22U-07,0.7527189243953892,0
TCGA-IG-A3YA-01A-11R-A24K-31,0.5306986361776069,1
TCGA-HV-AA8V-01A-11R-A41B-07,0.5237243753270941,0
TCGA-IB-AAUO-01A-12R-A38C-07,0.7508108386130858,1
TCGA-B6-A0I8-01A-11R-A034-07,0.9283060103260479,1
TCGA-FB-A545-01A-11R-A26U-07,0.23904759211526552,1
TCGA-BH-A18H-01A-11R-A12D-07,0.9512571188978641,1
TCGA-AK-3445-01A-02R-1277-07,0.9566449971953573,1
TCGA-25-1317-01A-01R-1565-13,0.9349195492079063,1
TCGA-BP-5200-01A-01R-1426-07,0.9428868450780176,1
TCGA-E9-A5FK-01A-11R-A27Q-07,0.22348560531725925,0
TCGA-BH-A1EW-01A-11R-A137-07,0.9644488349862145,0
TCGA-NC-A5HN-01A-11R-A26W-07,0.3954122350642823,1
TCGA-13-0760-01A-01R-1564-13,0.7830026956658498,1
TCGA-AA-3970-01A-01R-1022-07,0.9528421594909554,1
TCGA-YL-A9WI-01A-11R-A37L-07,0.4576197361833404,1
TCGA-AA-A01T-01A-21R-A16W-07,0.22190979331252356,0
TCGA-AN-A0G0-01A-11R-A034-07,0.8006150178874676,1
TCGA-77-A5GB-01B-11R-A27Q-07,0.9188257875838874,0
TCGA-85-8481-01A-11R-2326-07,0.5915460613616773,1
TCGA-E2-A107-01A-11R-A10J-07,0.875678078789514,1
TCGA-J2-8192-01A-11R-2241-07,0.9423983609743806,1
TCGA-Z7-A8R6-01A-11R-A41B-07,0.93169637243145,1
TCGA-B8-4153-01B-11R-1672-07,0.21542208567815238,0
TCGA-BH-A0AY-01A-21R-A00Z-07,0.9598948153988586,1
TCGA-A1-A0SQ-01A-21R-A144-07,0.9480705939793729,1
TCGA-22-5477-01A-01R-1635-07,0.7074999648606543,1
TCGA-AA-A02K-01A-03R-A32Y-07,0.6038559266964845,0
TCGA-AA-3531-01A-01R-0821-07,0.2038613983089826,0
TCGA-85-8351-01A-11R-2296-07,0.895855504452638,1
TCGA-R6-A8WG-01A-11R-A37I-31,0.6655440535230641,1
TCGA-2J-AABR-01A-11R-A41B-07,0.9505019860339234,1
TCGA-CJ-4884-01A-01R-1305-07,0.9433057265058606,1
TCGA-XV-A9W2-01A-11R-A39D-07,0.33902447470405106,1
TCGA-DD-A11A-01A-11R-A131-07,0.36666305544323263,1
TCGA-38-4631-01A-01R-1755-07,0.8829752392869659,0
TCGA-V1-A8MM-01A-11R-A37L-07,0.2845322311217777,1
TCGA-13-0726-01A-01R-1564-13,0.7142131571834066,1
TCGA-HZ-8005-01A-11R-2204-07,0.7217069653482204,1
TCGA-BH-A18J-01A-11R-A12D-07,0.9601565734510883,1
TCGA-60-2708-01A-01R-0851-07,0.48995508139828986,1
TCGA-AO-A1KT-01A-11R-A13Q-07,0.9573997179240837,0
TCGA-A2-A3KC-01A-11R-A213-07,0.9493265590304458,1
TCGA-EJ-5498-01A-01R-1580-07,0.19920242414353825,0
TCGA-AO-A0JF-01A-11R-A056-07,0.9504549263174742,1
TCGA-E9-A1R6-01A-11R-A14D-07,0.9452038543195597,1
TCGA-A7-A0CD-01A-11R-A00Z-07,0.9390308461043411,1
TCGA-29-1699-01A-01R-1567-13,0.9242465152072414,0
TCGA-CJ-6028-01A-11R-1672-07,0.23033541920545714,1
TCGA-24-1843-01A-01R-1567-13,0.9171865489843246,0
TCGA-AA-A01R-01A-21R-A083-07,0.18581243304252,1
TCGA-G9-A9S0-01A-11R-A41O-07,0.5443662560491536,1
TCGA-XV-AAZY-01A-12R-A40A-07,0.2402965496062573,1
TCGA-AK-3465-01A-02R-1325-07,0.19567257433408947,0
TCGA-AA-3812-01A-01R-0905-07,0.17357082256607959,1
TCGA-77-A5GF-01A-21R-A27Q-07,0.20371731885419697,1
TCGA-HC-A4ZV-01A-11R-A26U-07,0.9529205633081758,1
TCGA-H9-7775-01A-11R-2118-07,0.2977213096362102,1
TCGA-60-2696-01A-01R-0851-07,0.867189397444136,1
TCGA-13-0900-01B-01R-1565-13,0.8817641555350528,1
TCGA-85-8666-01A-11R-2403-07,0.5846529886564453,1
TCGA-4H-AAAK-01A-12R-A41B-07,0.9514300991559186,1
TCGA-BH-A0BC-01A-22R-A084-07,0.9559291255026569,1
TCGA-C8-A3M7-01A-12R-A21T-07,0.9427511370446939,1
TCGA-AR-A2LN-01A-21R-A18M-07,0.1793123089820789,1
TCGA-2Z-A9J5-01A-21R-A38C-07,0.1726795557619156,1
TCGA-AA-A01X-01A-21R-A083-07,0.3070321657218713,1
TCGA-C8-A134-01A-11R-A115-07,0.9192880099898753,1
TCGA-HV-A5A6-01A-11R-A26U-07,0.7773845413776724,1
TCGA-D8-A140-01A-11R-A115-07,0.9583556179319347,1
TCGA-F9-A4JJ-01A-11R-A24Z-07,0.8622208272643391,1
TCGA-AR-A24O-01A-11R-A169-07,0.23756834014738076,0
TCGA-G3-AAUZ-01A-11R-A38B-07,0.3186961364536238,0
TCGA-63-A5MM-01A-11R-A26W-07,0.913117426585681,1
TCGA-AN-A0FN-01A-11R-A034-07,0.5514754522864638,1
TCGA-GL-A59R-01A-11R-A26U-07,0.21025410077579265,1
TCGA-2H-A9GG-01A-11R-A37I-31,0.9260980443677582,1
TCGA-C8-A130-01A-31R-A115-07,0.9470200179782815,1
TCGA-2H-A9GF-01A-11R-A37I-31,0.1499129828860512,1
TCGA-55-5899-01A-11R-1628-07,0.9052010624203206,1
TCGA-B0-4713-01A-01R-1277-07,0.3358607008378658,1
TCGA-A8-A09Q-01A-11R-A00Z-07,0.9641289742422078,1
TCGA-VR-AA4D-01A-11R-A37I-31,0.7021538103447442,1
TCGA-36-1578-01A-01R-1566-13,0.9337242332235157,1
TCGA-AR-A1AY-01A-21R-A12P-07,0.4474934676485809,1
TCGA-86-8278-01A-11R-2287-07,0.9494221869978021,1
TCGA-A2-A0YK-01A-22R-A109-07,0.7741934936402175,1
TCGA-78-7163-01A-12R-2066-07,0.300891484139063,0
TCGA-A8-A06R-01A-11R-A00Z-07,0.9489038299499228,1
TCGA-HC-7752-01A-11R-2118-07,0.34498347145192587,1
TCGA-A8-A07J-01A-11R-A00Z-07,0.9559753719761278,0
TCGA-HC-7749-01A-11R-2118-07,0.3289040703652315,1
TCGA-HC-A6HX-01A-11R-A31N-07,0.20836801315433764,0
TCGA-56-A4BW-01A-11R-A24H-07,0.9336516778642387,1
TCGA-BP-4162-01A-02R-1325-07,0.21333325525822755,1
TCGA-34-7107-01A-11R-1949-07,0.7617494139374571,1
TCGA-DD-AAE4-01A-11R-A41C-07,0.4675548500288827,1
TCGA-13-1510-01A-02R-1565-13,0.5101911827500296,0
TCGA-57-1585-01A-01R-1566-13,0.9302848396032386,1
TCGA-56-8305-01A-11R-2296-07,0.9261119969385794,1
TCGA-CJ-4874-01A-01R-1305-07,0.2086883642682019,1
TCGA-B6-A0RH-01A-21R-A115-07,0.9096563496132348,1
TCGA-HZ-A77O-01A-11R-A33R-07,0.9493837011163059,1
TCGA-24-1463-01A-01R-1566-13,0.906191527061847,1
TCGA-A8-A07S-01A-11R-A034-07,0.9540034056446604,1
TCGA-3C-AAAU-01A-11R-A41B-07,0.9331542989250848,1
TCGA-AO-A03M-01B-11R-A10J-07,0.9549661072360379,0
TCGA-73-4659-01A-01R-1206-07,0.9515235543271479,0
TCGA-CZ-5453-01A-01R-1503-07,0.21421101837857387,0
TCGA-94-8035-01A-11R-2247-07,0.8788329754639933,1
TCGA-39-5031-01A-01R-1443-07,0.8902200386140585,1
TCGA-75-5146-01A-01R-1628-07,0.922589790595012,1
TCGA-YL-A8S8-01A-11R-A37L-07,0.9577730836134735,1
TCGA-77-A5G6-01A-11R-A27Q-07,0.35415385894025875,1
TCGA-A7-A4SF-01A-11R-A266-07,0.8919638188723501,0
TCGA-EB-A553-01A-12R-A27Q-07,0.5707689393113178,1
TCGA-AA-3939-01A-01R-1022-07,0.19402263146325,1
TCGA-E2-A14N-01A-31R-A137-07,0.9153612939439089,1
TCGA-CJ-6030-01A-11R-1672-07,0.9638092149277411,1
TCGA-J4-A67M-01A-11R-A30B-07,0.2129585870121806,1
TCGA-BP-5198-01A-01R-1426-07,0.9064076969973591,1
TCGA-NK-A7XE-01A-12R-A405-07,0.8052777019600762,0
TCGA-HC-7209-01A-11R-2118-07,0.390729111462319,1
TCGA-HZ-8315-01A-11R-2404-07,0.7436073187516236,0
TCGA-86-8076-01A-31R-2241-07,0.9574234588969082,1
TCGA-A6-6650-01A-11R-A278-07,0.7490152868950668,1
TCGA-62-A46U-01A-11R-A24H-07,0.915936604347947,0
TCGA-BH-A18U-01A-21R-A12D-07,0.9324505755001199,1
TCGA-55-6712-01A-11R-1858-07,0.6883561256904142,1
TCGA-BP-4761-01A-01R-1289-07,0.4426852269853693,1
TCGA-D8-A1XK-01A-21R-A14M-07,0.6793047486713311,1
TCGA-63-A5MI-01A-12R-A27Q-07,0.6010973245513771,1
TCGA-MP-A4TF-01A-11R-A262-07,0.9230478252037433,1
TCGA-DD-AACF-01A-11R-A41C-07,0.35080604059317133,0
TCGA-ZG-A9LZ-01A-11R-A41O-07,0.9631316318264246,0
TCGA-05-4250-01A-01R-1107-07,0.8946539628517209,0
TCGA-95-A4VP-01A-21R-A262-07,0.9336171403302027,1
TCGA-AA-3877-01A-01R-1022-07,0.9526126644830848,1
TCGA-AK-3426-01A-02R-1325-07,0.18640383671430022,1
TCGA-A3-3382-01A-02R-1325-07,0.5447915520562372,0
TCGA-IC-A6RE-01A-11R-A336-31,0.8950191012647579,1
TCGA-A8-A08O-01A-21R-A056-07,0.959798181054551,1
TCGA-B9-A5W7-01A-11R-A31O-07,0.22270360155218713,1
TCGA-33-A5GW-01A-11R-A27Q-07,0.8875995663648467,1
TCGA-G3-AAV7-01A-11R-A38B-07,0.1867855487278184,1
TCGA-5P-A9K8-01A-11R-A42S-07,0.7516222931093864,1
TCGA-BP-5007-01A-01R-1334-07,0.24483072793739347,1
TCGA-A3-3365-01A-01R-0864-07,0.26578167605875147,0
TCGA-44-7659-01A-11R-2066-07,0.8672474093126956,1
TCGA-61-2003-01A-01R-1568-13,0.9395929738878656,1
TCGA-D5-6898-01A-11R-1928-07,0.9370821342227654,0
TCGA-GM-A2DC-01A-11R-A18M-07,0.9341833740024064,0
TCGA-5P-A9KF-01A-11R-A42S-07,0.23967314609030366,0
TCGA-BP-4161-01A-02R-1325-07,0.1738762161833674,1
TCGA-36-1576-01A-01R-1566-13,0.9399424777898886,0
TCGA-DD-A4NK-01A-11R-A28V-07,0.29283293339388733,0
TCGA-CJ-4901-01A-01R-1426-07,0.9019281443781223,1
TCGA-MI-A75I-01A-11R-A32O-07,0.3150886372037925,1
TCGA-29-2414-01A-02R-1569-13,0.9409678634286667,1
TCGA-BH-A0GY-01A-11R-A056-07,0.9544978019480111,1
TCGA-97-8175-01A-11R-2287-07,0.9583204938091596,1
TCGA-AL-3472-01A-01R-1193-07,0.16910997413578097,0
TCGA-HZ-A77P-01A-11R-A33R-07,0.9431613538109325,1
TCGA-A3-3352-01A-01R-0864-07,0.21885814561264702,1
TCGA-A7-A26G-01A-21R-A169-07,0.45572620743812786,1
TCGA-AO-A0JC-01A-11R-A056-07,0.871203147396471,1
TCGA-AA-3875-01A-01R-0905-07,0.35369278545612876,0
TCGA-D8-A1JJ-01A-31R-A14M-07,0.9584650389448847,0
TCGA-Y6-A8TL-01A-21R-A37L-07,0.2562279469534764,1
TCGA-J4-A6G3-01A-11R-A311-07,0.963506420485315,1
TCGA-13-0768-01A-01R-1569-13,0.9186025003926743,1
TCGA-A7-A6VW-01A-21R-A33J-07,0.6353442903679437,0
TCGA-J9-A8CP-01A-11R-A352-07,0.5456175128976097,1
TCGA-P4-AAVK-01A-11R-A42S-07,0.1647327629518663,1
TCGA-B0-5709-01A-11R-1541-07,0.47986537726397294,1
TCGA-B6-A0RV-01A-11R-A084-07,0.9640944536383588,1
TCGA-AA-A01V-01A-23R-A083-07,0.21975809824556009,1
TCGA-G9-7510-01A-11R-2263-07,0.23764810582332185,1
TCGA-D8-A73U-01A-11R-A33J-07,0.8947130421647761,1
TCGA-DD-AAEK-01A-11R-A41C-07,0.40899467839052056,0
TCGA-B0-5698-01A-11R-1672-07,0.39990236129150053,1
TCGA-KC-A4BL-01A-31R-A250-07,0.9254308475540091,1
TCGA-EJ-A7NM-01A-21R-A33R-07,0.9585692346873927,1
TCGA-B2-5639-01A-01R-1541-07,0.22450492096689614,1
TCGA-BH-A8FZ-01A-11R-A352-07,0.9434898499582716,1
TCGA-22-5474-01A-01R-1635-07,0.907824750501539,1
TCGA-E2-A1IL-01A-11R-A14D-07,0.947165329961379,1
TCGA-D8-A1XV-01A-11R-A14M-07,0.4626074815998805,1
TCGA-2Z-A9J3-01A-12R-A38C-07,0.4857421859019559,0
TCGA-L5-A4OP-01A-11R-A260-31,0.8156546063963733,1
TCGA-AO-A129-01A-21R-A10J-07,0.8921890667960575,1
TCGA-B6-A0RL-01A-11R-A084-07,0.9114219452109128,1
TCGA-61-1743-01A-01R-1568-13,0.6514097364905767,0
TCGA-R6-A6Y0-01B-11R-A336-31,0.13997168591617679,1
TCGA-77-7463-01A-11R-2045-07,0.3207860519796065,0
TCGA-DD-AADW-01A-11R-A39D-07,0.6957611404940571,1
TCGA-AR-A1AP-01A-11R-A12P-07,0.9628708282362402,0
TCGA-A2-A25F-01A-11R-A169-07,0.199735608826793,1
TCGA-AA-3862-01A-01R-1022-07,0.20425773358162155,1
TCGA-G4-6306-01A-11R-1774-07,0.24004216865627787,1
TCGA-EB-A3XC-01A-11R-A239-07,0.28070518701947433,1
TCGA-34-5927-01A-11R-1820-07,0.6064375948077679,1
TCGA-AA-A017-01A-01R-A00A-07,0.25058658655840993,1
TCGA-A4-A5XZ-01A-11R-A31O-07,0.18827191036026011,1
TCGA-E2-A1LS-01A-12R-A157-07,0.9333737580406644,1
TCGA-L5-A8NV-01A-11R-A37I-31,0.8818633840025265,0
TCGA-5P-A9KE-01A-11R-A42S-07,0.1579817438882016,1
TCGA-61-1724-01A-01R-1568-13,0.929072485022064,1
TCGA-VR-A8EP-01A-31R-A406-31,0.3867943074211765,1
TCGA-YL-A8SL-01B-21R-A37L-07,0.7935803022551671,1
TCGA-G4-6310-01A-11R-1723-07,0.8897276154732402,0
TCGA-G3-AAV2-01A-11R-A37K-07,0.34548610611245034,1
TCGA-OL-A5RV-01A-12R-A28M-07,0.947743447068535,1
TCGA-KK-A8I6-01A-11R-A36G-07,0.27245418068707344,1
TCGA-BH-A0B6-01A-11R-A19W-07,0.9164750066163206,1
TCGA-G7-6789-01A-11R-1965-07,0.397230778653162,0
TCGA-G9-A9S7-01A-11R-A41O-07,0.2866165697494885,1
TCGA-78-8640-01A-11R-2403-07,0.5547721308239792,1
TCGA-55-6971-01A-11R-1949-07,0.9593892589298825,0
TCGA-DD-AAW2-01A-11R-A41C-07,0.3464812112113451,1
TCGA-HV-A5A4-01A-11R-A26U-07,0.672609678636074,0
TCGA-BP-4355-01A-01R-1289-07,0.1497059063402075,0
TCGA-R6-A8W5-01B-11R-A37I-31,0.2167381752182866,0
TCGA-CH-5752-01A-11R-1580-07,0.5590209091366567,1
TCGA-A7-A3RF-01A-11R-A22K-07,0.9127820121367314,0
TCGA-ED-A8O5-01A-11R-A36F-07,0.7145109258298353,1
TCGA-AA-3522-01A-01R-0821-07,0.22016771302030716,1
TCGA-ER-A42H-01A-11R-A24X-07,0.7200680025605192,1
TCGA-AL-3467-01A-02R-1351-07,0.846167272960051,1
TCGA-55-8513-01A-11R-2403-07,0.6263466927571926,0
TCGA-AD-6901-01A-11R-1928-07,0.874697249939307,1
TCGA-29-1694-01A-01R-1567-13,0.9058707329372536,1
TCGA-LN-A49V-01A-11R-A24K-31,0.9038781314218924,1
TCGA-55-6968-01A-11R-1949-07,0.9021248607565922,0
TCGA-A4-8517-01A-11R-2404-07,0.22535638190011414,0
TCGA-CZ-5461-01A-01R-1503-07,0.27979776061935446,1
TCGA-D8-A1XZ-01A-11R-A14M-07,0.9510946992200857,1
TCGA-AA-A00W-01A-01R-A002-07,0.2362115387878228,1
TCGA-BP-4804-01A-02R-1305-07,0.2825548984026136,1
TCGA-OL-A66J-01A-11R-A29R-07,0.9504905397865202,1
TCGA-AY-4070-01A-01R-1113-07,0.911772095243135,0
TCGA-V1-A8WW-01A-11R-A37L-07,0.9516035575204028,1
TCGA-B6-A40B-01A-11R-A239-07,0.9293360267726801,1
TCGA-LN-A49U-01A-31R-A260-31,0.3935735973104652,1
TCGA-AO-A03U-01B-21R-A10J-07,0.9544724282936169,1
TCGA-E2-A105-01A-11R-A10J-07,0.9352303183971721,1
TCGA-CW-6097-01A-11R-1672-07,0.37316583093853556,1
TCGA-2Y-A9GS-01A-12R-A38B-07,0.3326684004500362,0
TCGA-EW-A1J6-01A-11R-A13Q-07,0.9246308810244186,1
TCGA-E9-A1RD-01A-11R-A157-07,0.2783440308723677,0
TCGA-AD-A5EK-01A-11R-A28H-07,0.9292441904833658,0
TCGA-2K-A9WE-01A-11R-A38C-07,0.1754500948281175,1
TCGA-EJ-A7NF-01A-11R-A33R-07,0.27229366866161675,1
TCGA-61-1721-01A-01R-1569-13,0.9156701629732769,1
TCGA-BP-4346-01A-01R-1289-07,0.31396787470716114,1
TCGA-AA-3989-01A-01R-1022-07,0.22503526543014735,1
TCGA-61-1998-01A-01R-1568-13,0.9540541777080058,1
TCGA-05-4244-01A-01R-1107-07,0.9563996026641675,1
TCGA-B8-A54K-01A-11R-A33J-07,0.8087422205697754,1
TCGA-5R-AA1D-01A-11R-A38B-07,0.914847174320653,0
TCGA-34-5928-01A-11R-1820-07,0.7578502490204952,1
TCGA-BH-A0HQ-01A-11R-A034-07,0.9598372565147056,1
TCGA-CM-4746-01A-01R-1410-07,0.22105538471464017,1
TCGA-50-6593-01A-11R-1755-07,0.9596367620096722,1
TCGA-DV-A4W0-01A-11R-A266-07,0.9625488866956565,0
TCGA-25-1634-01A-01R-1566-13,0.9045543720968526,1
TCGA-50-6597-01A-11R-1858-07,0.7916293971269531,1
TCGA-AY-A54L-01A-11R-A28H-07,0.4431161911560918,1
TCGA-BP-4774-01A-01R-1289-07,0.1679878098473463,1
TCGA-66-2789-01A-01R-0980-07,0.7593123944325191,1
TCGA-DM-A1D4-01A-21R-A155-07,0.3540272731834364,1
TCGA-86-7701-01A-11R-2170-07,0.9003180697100304,1
TCGA-21-1076-01A-02R-0692-07,0.8831975587360232,1
TCGA-AR-A0TX-01A-11R-A084-07,0.9518647618163378,1
TCGA-23-1116-01A-01R-1564-13,0.8364998510475018,0
TCGA-ZP-A9D0-01A-11R-A37K-07,0.34014188935353956,1
TCGA-CH-5743-01A-21R-1580-07,0.1971536317566945,1
TCGA-2A-AAYU-01A-11R-A41O-07,0.295124885048247,1
TCGA-25-1323-01A-01R-1565-13,0.6514903556215043,1
TCGA-R6-A6Y2-01B-11R-A336-31,0.7615178820678068,1
TCGA-DD-A1EC-01A-21R-A131-07,0.8826952487620396,1
TCGA-E2-A1BC-01A-11R-A12P-07,0.8780995267872164,1
TCGA-DD-AADN-01A-11R-A41C-07,0.5541666343483106,1
TCGA-KK-A8ID-01A-11R-A36G-07,0.5598677199139905,0
TCGA-A2-A4RW-01A-21R-A266-07,0.9456001753939242,1
TCGA-56-7822-01A-11R-2125-07,0.7019895189806797,1
TCGA-O2-A52W-01A-11R-A26W-07,0.38366282081496816,1
TCGA-UL-AAZ6-01A-11R-A41B-07,0.8720661020940137,1
TCGA-YL-A8HO-01A-11R-A36G-07,0.957526743617062,1
TCGA-13-0765-01A-01R-1564-13,0.5812234418601714,1
TCGA-55-6979-01A-11R-1949-07,0.9529471039617475,1
TCGA-IB-7888-01A-11R-2156-07,0.8566873455898876,1
TCGA-AQ-A54O-01A-11R-A266-07,0.6985307131313602,1
TCGA-HC-7744-01A-11R-2118-07,0.2385041356425844,1
TCGA-BP-4974-01A-01R-1334-07,0.16059381230632305,1
TCGA-A3-3367-01A-02R-1420-07,0.301536082640816,1
TCGA-2H-A9GO-01A-11R-A37I-31,0.9390028341187562,1
TCGA-EJ-5522-01A-01R-1580-07,0.16882211964816948,1
TCGA-61-1919-01A-01R-1568-13,0.9549304948786743,1
TCGA-TP-A8TT-01A-12R-A41O-07,0.9592509183779316,0
TCGA-AN-A0FJ-01A-11R-A00Z-07,0.8914303412462761,1
TCGA-B0-5696-01A-11R-1541-07,0.1593939748237295,1
TCGA-CZ-4856-01A-02R-1426-07,0.23076492616785624,1
TCGA-A8-A075-01A-11R-A084-07,0.9641976730091134,1
TCGA-90-A4ED-01A-31R-A24Z-07,0.9164362167406329,0
TCGA-44-2657-01A-01R-1107-07,0.9447624179522036,1
TCGA-MP-A4TD-01A-32R-A262-07,0.9432279830614108,1
TCGA-XR-A8TG-01A-11R-A36F-07,0.3950650427464317,1
TCGA-33-4533-01A-01R-1201-07,0.878941763526897,1
TCGA-55-8514-01A-11R-2403-07,0.33874320348974657,1
TCGA-25-1316-01A-01R-1565-13,0.891474116306676,1
TCGA-EB-A6R0-01A-12R-A32P-07,0.324631750948462,1
TCGA-Y8-A8S1-01A-11R-A37K-07,0.16657830682263772,1
TCGA-B0-5120-01A-01R-1420-07,0.21571586890692565,1
TCGA-KR-A7K0-01A-12R-A33R-07,0.26774849341172774,1
TCGA-50-5944-01A-11R-1755-07,0.9439403914130813,1
TCGA-99-AA5R-01A-11R-A39D-07,0.503702932758427,0
TCGA-CZ-5452-01A-01R-1503-07,0.25861602529961947,0
TCGA-XJ-A9DX-01A-11R-A37L-07,0.4654299013139661,1
TCGA-B6-A0IM-01A-11R-A034-07,0.953545348611754,1
TCGA-61-2012-01A-01R-1568-13,0.922959075390645,1
TCGA-2Z-A9J2-01A-11R-A38C-07,0.145908699910411,1
TCGA-AC-A6NO-01A-12R-A33J-07,0.39343181785073333,0
TCGA-E9-A1N4-01A-11R-A14M-07,0.9472119307826398,1
TCGA-DZ-6134-01A-11R-1965-07,0.14974171673926795,1
TCGA-20-1685-01A-01R-1566-13,0.7002128737425568,1
TCGA-BH-A0AZ-01A-21R-A12P-07,0.9527121918880347,1
TCGA-55-7227-01A-11R-2039-07,0.9582906398973817,0
TCGA-34-5231-01A-21R-1820-07,0.8967286294579064,0
TCGA-DD-AAE2-01A-11R-A41C-07,0.283964626590804,1
TCGA-AC-A62Y-01A-11R-A29R-07,0.9412040654209506,1
TCGA-A7-A425-01A-11R-A24H-07,0.3513742144970792,0
TCGA-AD-6548-01A-11R-1839-07,0.5347935189719185,1
TCGA-AC-A3W6-01A-12R-A22K-07,0.8640908031537369,1
TCGA-EB-A5UM-01A-11R-A311-07,0.5471703412193355,0
TCGA-EW-A6SA-01A-21R-A32P-07,0.9295673171111118,1
TCGA-64-5779-01A-01R-1628-07,0.9239043042544245,1
TCGA-DD-A114-01A-11R-A131-07,0.8306952587733054,1
TCGA-85-8052-01A-11R-2247-07,0.299066078790422,1
TCGA-A2-A0T4-01A-31R-A084-07,0.9614253970245734,1
TCGA-DD-A3A2-01A-11R-A213-07,0.33944246007690365,0
TCGA-E2-A1B4-01A-11R-A12P-07,0.4179476391828262,1
TCGA-HV-A5A3-01A-11R-A26U-07,0.9057885523229853,1
TCGA-78-7167-01A-11R-2066-07,0.8746793947948561,0
TCGA-85-8479-01A-11R-2326-07,0.9167639993402997,1
TCGA-XR-A8TE-01A-11R-A36F-07,0.9526211481619238,1
TCGA-BP-4971-01A-01R-1334-07,0.16271672038888993,1
TCGA-EJ-7786-01A-11R-2118-07,0.29169678437058555,0
TCGA-25-1320-01A-01R-1565-13,0.9246544323833155,0
TCGA-E2-A15S-01A-11R-A115-07,0.9356926474766389,1
TCGA-D9-A3Z4-01A-11R-A239-07,0.4852442954028019,0
TCGA-98-A53D-01A-32R-A262-07,0.9432912923116489,0
TCGA-DW-7839-01A-11R-2139-07,0.7474274738980313,0
TCGA-86-8671-01A-11R-2403-07,0.5481831478074592,1
TCGA-B8-A54H-01A-11R-A33J-07,0.254716252864452,1
TCGA-ZS-A9CF-01A-11R-A38B-07,0.29611414287116494,1
TCGA-50-5930-01A-11R-1755-07,0.9554873307172272,1
TCGA-73-4676-01A-01R-1755-07,0.2679777205547199,1
TCGA-2A-AAYF-01A-11R-A41O-07,0.2601544450667444,0
TCGA-G9-6366-01A-11R-2118-07,0.2246239369831982,0
TCGA-56-7582-01A-11R-2045-07,0.18475613672812002,1
TCGA-CJ-4916-01A-01R-1426-07,0.24097551139766676,1
TCGA-B2-3924-01A-02R-1325-07,0.2677047970446679,0
TCGA-NJ-A55O-01A-11R-A262-07,0.953855745859973,1
TCGA-G3-A25V-01A-11R-A16W-07,0.2620658409142138,1
TCGA-A6-A567-01A-31R-A28H-07,0.9329548015149213,1
TCGA-55-7907-01A-11R-2170-07,0.952749097297462,1
TCGA-E2-A1LA-01A-11R-A144-07,0.9438122743742486,0
TCGA-97-A4M5-01A-11R-A24X-07,0.9534767697866514,1
TCGA-CA-6716-01A-11R-1839-07,0.6723169803199056,1
TCGA-66-2756-01A-01R-0851-07,0.9019943792848759,1
TCGA-69-7763-01A-11R-2170-07,0.9510416453621959,1
TCGA-FV-A3I1-01A-11R-A22L-07,0.34377405322747606,1
TCGA-A4-A48D-01A-11R-A24Z-07,0.14815170611084638,1
TCGA-30-1892-01A-01R-1568-13,0.8564263078305704,0
TCGA-S2-AA1A-01A-12R-A39D-07,0.9283722869458763,0
TCGA-AN-A0XT-01A-11R-A109-07,0.9498997015417215,0
TCGA-60-2726-01A-01R-0851-07,0.9116627046555322,0
TCGA-63-A5MV-01A-21R-A26W-07,0.9087129230028185,0
TCGA-HC-A6AL-01A-11R-A30B-07,0.22973171527733308,1
TCGA-24-1560-01A-01R-1566-13,0.7094156308597979,1
TCGA-A2-A0EU-01A-22R-A056-07,0.9573201888837513,0
TCGA-KK-A7AP-01A-12R-A33R-07,0.4326640381984193,1
TCGA-44-6146-01A-11R-A278-07,0.8188353283124252,0
TCGA-62-A472-01A-11R-A24H-07,0.9287171196671498,1
TCGA-56-8622-01A-11R-2403-07,0.8541800253325998,1
TCGA-B0-4819-01A-01R-1277-07,0.25934012587673183,1
TCGA-BP-5176-01A-01R-1426-07,0.20649055419197676,1
TCGA-63-A5MP-01A-11R-A26W-07,0.9366262292943102,1
TCGA-XK-AAK1-01A-11R-A41O-07,0.24387228341139566,1
TCGA-78-7158-01A-11R-2039-07,0.9320867458562416,1
TCGA-AA-3678-01A-01R-0905-07,0.8506494359195499,0
TCGA-HI-7171-01A-12R-2118-07,0.6774372672749969,1
TCGA-LN-A4A2-01A-31R-A260-31,0.2423629230862873,1
TCGA-D8-A1JE-01A-11R-A13Q-07,0.3513945823493128,0
TCGA-B8-5552-01B-11R-1672-07,0.184954250968879,1
TCGA-A8-A09V-01A-11R-A034-07,0.23554873067463966,1
TCGA-HZ-A49H-01A-11R-A26U-07,0.9215156937680263,1
TCGA-IG-A97I-01A-11R-A38D-31,0.2159724501183365,0
TCGA-D8-A1JT-01A-31R-A13Q-07,0.9242510499396942,1
TCGA-BP-4782-01A-02R-1420-07,0.37429621969653526,1
TCGA-A2-A0CQ-01A-21R-A034-07,0.7334894313626301,1
TCGA-G3-A25U-01A-11R-A16W-07,0.4247381898634275,1
TCGA-BQ-7055-01A-11R-1965-07,0.47399929734570695,0
TCGA-37-A5EM-01A-21R-A27Q-07,0.937581414747265,1
TCGA-NC-A5HG-01A-11R-A26W-07,0.8902475430612296,0
TCGA-13-1495-01A-01R-1565-13,0.49765750223482946,1
TCGA-AK-3431-01A-02R-1277-07,0.16070908404386436,1
TCGA-85-8049-01A-11R-2247-07,0.9023307074109576,1
TCGA-UZ-A9PP-01A-11R-A42S-07,0.26458577699989694,1
TCGA-DD-AAE9-01A-11R-A41C-07,0.5207635961396478,1
TCGA-D5-5537-01A-21R-1928-07,0.9599826179079056,1
TCGA-VP-A879-01A-11R-A352-07,0.2609444109133925,1
TCGA-C8-A1HM-01A-12R-A137-07,0.9296592426602999,1
TCGA-A3-3316-01A-01R-0864-07,0.5004743427509565,1
TCGA-DW-7840-01A-11R-A32Z-07,0.1900385019936383,0
TCGA-D5-6927-01A-21R-1928-07,0.8725523345880815,1
TCGA-A6-2671-01A-01R-1410-07,0.2527898795854354,1
TCGA-61-1918-01A-01R-1568-13,0.8885651044707463,1
TCGA-FV-A3R3-01A-11R-A22L-07,0.1924350904561336,1
TCGA-F9-A7VF-01A-11R-A33Z-07,0.1631296665099196,1
TCGA-L7-A6VZ-01A-12R-A336-31,0.25927767053153694,1
TCGA-AA-3526-01A-02R-A32Z-07,0.5997116132778226,1
TCGA-56-8626-01A-11R-2403-07,0.8463428463481968,0
TCGA-DD-A3A1-01A-11R-A213-07,0.3236810582166546,1
TCGA-YL-A8SR-01B-11R-A37L-07,0.34172244616180264,1
TCGA-B0-4848-01A-01R-1277-07,0.6004383485664881,1
TCGA-55-6969-01A-11R-1949-07,0.9306580244255467,1
TCGA-2A-A8VL-01A-21R-A37L-07,0.26351112386259823,1
TCGA-24-1422-01A-01R-1565-13,0.9260847404630717,1
TCGA-A3-3370-01A-02R-1420-07,0.25671955815923975,1
TCGA-EW-A2FW-01A-11R-A17B-07,0.9416770581518987,1
TCGA-BH-A0BL-01A-11R-A115-07,0.872634792233256,1
TCGA-AA-A010-01A-01R-A089-07,0.9473105554766641,1
TCGA-AA-3664-01A-01R-0905-07,0.94113691687356,1
TCGA-GN-A26C-01A-11R-A18T-07,0.937018144941049,0
TCGA-85-8354-01A-31R-2326-07,0.6550152087803709,1
TCGA-A3-3373-01A-02R-1420-07,0.22794244353469661,1
TCGA-30-1891-01A-01R-1568-13,0.914325018110806,1
TCGA-HC-7078-01A-11R-2118-07,0.9475365072737014,0
TCGA-FC-A66V-01A-21R-A30B-07,0.2282785921610756,1
TCGA-A3-3324-01A-02R-1325-07,0.3297644830038842,1
TCGA-S3-AA10-01A-21R-A41B-07,0.8126173050543372,0
TCGA-53-7813-01A-11R-2170-07,0.9114983069245322,1
TCGA-EW-A1P3-01A-11R-A144-07,0.9332144481259599,1
TCGA-BF-A3DN-01A-11R-A20F-07,0.2062842411432671,1
TCGA-22-4596-01A-01R-1201-07,0.9469389673624594,1
TCGA-G4-6297-01A-11R-1723-07,0.9527090301036174,1
TCGA-05-4422-01A-01R-1206-07,0.9248443245868707,1
TCGA-67-3773-01A-01R-0946-07,0.5821683152266371,1
TCGA-75-7025-01A-12R-1949-07,0.9069624722068022,1
TCGA-BH-A18I-01A-11R-A12D-07,0.9666362157282575,1
TCGA-E9-A54Y-01A-11R-A466-07,0.6880160262022184,1
TCGA-BP-4758-01A-01R-1289-07,0.15975200058970715,1
TCGA-LN-A9FO-01A-11R-A38D-31,0.43084667149923334,0
TCGA-10-0936-01A-01R-1564-13,0.9315079617004842,1
TCGA-DD-AACP-01A-11R-A41C-07,0.5662143983724159,1
TCGA-NH-A5IV-01A-42R-A37K-07,0.9300014896294608,0
TCGA-44-6777-01A-11R-1858-07,0.9083812474433544,1
TCGA-71-8520-01A-11R-2403-07,0.9503259786182394,1
TCGA-A8-A07I-01A-11R-A00Z-07,0.9650998236881407,1
TCGA-CC-A3M9-01A-11R-A213-07,0.9136001321591608,0
TCGA-AN-A0AK-01A-21R-A00Z-07,0.9515888172018891,1
TCGA-BP-5174-01A-01R-1426-07,0.20498020437156184,1
TCGA-71-6725-01A-11R-1858-07,0.708350250185044,1
TCGA-25-1623-01A-01R-1566-13,0.9176492188959994,1
TCGA-KK-A6E1-01A-11R-A311-07,0.7167053589653121,0
TCGA-AR-A0TQ-01A-11R-A084-07,0.9475703421642805,1
TCGA-50-5946-01A-11R-1755-07,0.8864436873665911,1
TCGA-A4-8312-01A-11R-2404-07,0.5134214069465426,1
TCGA-FC-7961-01A-11R-A29R-07,0.9655177952994448,1
TCGA-AA-A01G-01A-01R-A002-07,0.2477923315960905,0
TCGA-C8-A12Q-01A-11R-A115-07,0.9522484019534109,1
TCGA-HV-A5A5-01A-11R-A26U-07,0.9562041394621159,1
TCGA-BP-4987-01A-01R-1334-07,0.21472710967997566,1
TCGA-24-1564-01A-01R-1566-13,0.9003374958019275,1
TCGA-EJ-7788-01A-11R-2118-07,0.2616240917828885,1
TCGA-O9-A75Z-01A-11R-A33Z-07,0.1747392404628948,0
TCGA-36-1574-01A-01R-1566-13,0.8256124238797605,0
TCGA-21-1070-01A-01R-0692-07,0.887790587697601,1
TCGA-BP-4976-01A-01R-1334-07,0.28744375310530157,0
TCGA-A7-A0CJ-01A-21R-A00Z-07,0.9548521653600646,0
TCGA-13-1501-01A-01R-1565-13,0.2795446866104302,1
TCGA-CZ-5469-01A-01R-1503-07,0.8757091805011782,1
TCGA-29-1776-01A-01R-1567-13,0.9178994640433372,1
TCGA-75-6214-01A-41R-1949-07,0.9367039003434263,1
TCGA-55-8619-01A-11R-2403-07,0.3460811143576472,0
TCGA-A4-A6HP-01A-11R-A31O-07,0.19698591432065593,1
TCGA-LG-A6GG-01A-11R-A311-07,0.3401720609442337,0
TCGA-CC-A9FW-01A-11R-A37K-07,0.3640711591519548,1
TCGA-EJ-7781-01A-11R-2118-07,0.25401938343571684,1
TCGA-05-5420-01A-01R-1628-07,0.8361875399777616,0
TCGA-EW-A3U0-01A-11R-A22K-07,0.9033220434484133,0
TCGA-61-2002-01A-01R-1568-13,0.9349645534944272,1
TCGA-B0-4841-01A-01R-1277-07,0.17263664188310762,1
TCGA-CJ-4885-01A-01R-1305-07,0.23623309126368766,0
TCGA-AQ-A7U7-01A-22R-A352-07,0.8805092503334486,1
TCGA-VN-A88P-01A-11R-A352-07,0.335910393556193,0
TCGA-XX-A899-01A-11R-A36F-07,0.89010585502219,0
TCGA-E2-A14X-01A-11R-A115-07,0.8042758205918837,1
TCGA-E2-A14U-01A-11R-A22K-07,0.7558742310112997,1
TCGA-CJ-6031-01A-11R-1672-07,0.21104922623591077,1
TCGA-38-4627-01A-01R-1206-07,0.5797858131761867,1
TCGA-V1-A9OT-01A-11R-A41O-07,0.21208811465434346,1
TCGA-VR-A8ET-01A-11R-A406-31,0.20804197685603296,1
TCGA-A2-A1G6-01A-11R-A13Q-07,0.2786411359045597,1
TCGA-B0-5110-01A-01R-1420-07,0.2742547348350478,1
TCGA-A4-7585-01A-11R-2139-07,0.18080671726010875,1
TCGA-F2-7276-01A-11R-2156-07,0.30339025431791944,1
TCGA-BP-5168-01A-01R-1420-07,0.27194894760122024,1
TCGA-D5-6540-01A-11R-1723-07,0.9280596013857518,1
TCGA-A6-6652-01A-11R-1774-07,0.5949770213837992,1
TCGA-96-8170-01A-11R-2296-07,0.9044831404323804,1
TCGA-36-1577-01A-01R-1566-13,0.7392063797296905,1
TCGA-44-8120-01A-11R-2241-07,0.9470838609673122,1
TCGA-D5-6532-01A-11R-1723-07,0.39493870562630773,0
TCGA-AR-A2LK-01A-11R-A180-07,0.8603466284548287,1
TCGA-B6-A0X7-01A-11R-A10J-07,0.9524795676681882,1
TCGA-DD-AADQ-01A-11R-A41C-07,0.3034810484851102,1
TCGA-24-1416-01A-01R-1565-13,0.9317220801361654,1
TCGA-53-7626-01A-12R-2066-07,0.9490384552484039,0
TCGA-G9-6370-01A-11R-1789-07,0.2306728267265119,1
TCGA-A2-A0CX-01A-21R-A00Z-07,0.943402123534465,1
TCGA-G9-6498-01A-12R-A311-07,0.23690034126740067,1
TCGA-EB-A24D-01A-11R-A18T-07,0.6378587378640693,0
TCGA-P4-A5EB-01A-11R-A28H-07,0.24322382674797716,1
TCGA-55-6970-01A-11R-1949-07,0.9346733422385222,1
TCGA-AD-6963-01A-11R-1928-07,0.24165289314362035,1
TCGA-97-A4M3-01A-11R-A24X-07,0.9280865421373266,1
TCGA-23-2084-01A-02R-1568-13,0.8771778717535171,0
TCGA-E9-A228-01A-31R-A157-07,0.9193641372237065,1
TCGA-BF-A5EQ-01A-21R-A27Q-07,0.18375217180594858,1
TCGA-43-6773-01A-41R-1949-07,0.9062741024493772,1
TCGA-S3-AA17-01A-11R-A41B-07,0.9435725596516831,0
TCGA-D8-A143-01A-11R-A115-07,0.5493155619631944,1
TCGA-2Y-A9H7-01A-11R-A39D-07,0.49895968467780955,1
TCGA-91-6849-01A-11R-1949-07,0.7191612655890359,1
TCGA-B0-4818-01A-01R-1503-07,0.231262530882518,0
TCGA-DM-A280-01A-12R-A16W-07,0.37566535181424143,1
TCGA-EW-A1PH-01A-11R-A14M-07,0.8902939358103199,0
TCGA-VN-A88R-01A-11R-A36G-07,0.2615759718397526,1
TCGA-91-6829-01A-21R-1858-07,0.9356297989971135,1
TCGA-30-1857-01A-02R-1569-13,0.3336204960286448,1
TCGA-V1-A8WS-01A-11R-A37L-07,0.2935723369443725,1
TCGA-D8-A27H-01A-11R-A16F-07,0.8325697465506431,1
TCGA-56-8304-01A-11R-2326-07,0.3340274083684271,0
TCGA-43-5670-01A-21R-2125-07,0.9020622922408205,1
TCGA-OL-A66P-01A-11R-A31O-07,0.23831754470947691,1
TCGA-78-7150-01A-21R-2039-07,0.5305079359583398,0
TCGA-C8-A12L-01A-11R-A115-07,0.9080767555332976,1
TCGA-IB-AAUT-01A-11R-A37L-07,0.1955971216253307,1
TCGA-B6-A0IN-01A-11R-A034-07,0.9109130301471292,1
TCGA-O8-A75V-01A-11R-A32O-07,0.32355879545228,0
TCGA-DD-AAE6-01A-11R-A41C-07,0.6005426123372017,0
TCGA-L5-A8NR-01A-11R-A37I-31,0.8912466807947488,1
TCGA-KK-A8IG-01A-11R-A36G-07,0.3422082474237134,1
TCGA-L9-A8F4-01A-11R-A39D-07,0.93851880426111,1
TCGA-13-0887-01A-01R-1564-13,0.45117246265628863,0
TCGA-BH-A1FR-01A-11R-A13Q-07,0.937301125589761,1
TCGA-BP-4981-01A-01R-1334-07,0.19402879415929541,1
TCGA-DV-5574-01A-01R-1541-07,0.21913931723965513,1
TCGA-AA-3696-01A-01R-0905-07,0.9361077707293485,1
TCGA-DD-A115-01A-11R-A131-07,0.31570543274571855,1
TCGA-98-A53B-01A-11R-A262-07,0.9103819616394699,1
TCGA-FB-A5VM-01A-11R-A32O-07,0.6741240877766147,0
TCGA-AK-3425-01A-02R-1277-07,0.5339886975020434,1
TCGA-CW-5581-01A-02R-1541-07,0.20310002944288402,0
TCGA-5P-A9K4-01A-11R-A42S-07,0.6975537144645443,1
TCGA-HE-A5NK-01A-11R-A26U-07,0.21160847453010617,1
TCGA-B9-A8YI-01A-21R-A37K-07,0.15327187495834593,1
TCGA-HZ-8001-01A-11R-2204-07,0.9357477353086349,1
TCGA-AC-A2FF-01A-11R-A17B-07,0.955192033836764,0
TCGA-EJ-5512-01A-01R-1580-07,0.2855473340424059,1
TCGA-68-8251-01A-11R-2296-07,0.9083704730593422,1
TCGA-C8-A27B-01A-11R-A169-07,0.8591289474134212,1
TCGA-GF-A769-01A-32R-A32P-07,0.47102748078384704,1
TCGA-ZP-A9CZ-01A-11R-A38B-07,0.2801417253100815,1
TCGA-24-1845-01A-01R-1567-13,0.7634990629815612,1
TCGA-29-A5NZ-01A-11R-A406-31,0.9150162590664199,1
TCGA-5P-A9KC-01A-11R-A42S-07,0.1746962956749902,0
TCGA-ZG-A9LY-01A-11R-A41O-07,0.9635644982069529,0
TCGA-13-0890-01A-01R-1564-13,0.7309789381195112,1
TCGA-EW-A1J3-01A-11R-A13Q-07,0.8613023772679747,1
TCGA-ED-A4XI-01A-11R-A266-07,0.20686857639842732,1
TCGA-23-1027-01A-02R-1564-13,0.4619213746818945,1
TCGA-A2-A0CV-01A-31R-A115-07,0.9378644643117312,1
TCGA-B0-5703-01A-11R-1541-07,0.9615011529955589,1
TCGA-BH-A18P-01A-11R-A12D-07,0.9392995504647459,1
TCGA-60-2703-01A-11R-2045-07,0.9301484870708854,1
TCGA-DD-AAD6-01A-11R-A41C-07,0.8712981984399418,1
TCGA-5P-A9KA-01A-11R-A42S-07,0.16822432164404755,1
TCGA-IB-7652-01A-11R-2156-07,0.9534152475363047,1
TCGA-97-A4M0-01A-11R-A24X-07,0.9256775424884716,1
TCGA-LN-A4A9-01A-11R-A28J-31,0.5190048425324167,1
TCGA-58-A46M-01A-11R-A24H-07,0.6839355655486693,1
TCGA-DD-AADM-01A-11R-A41C-07,0.34458657909653545,1
TCGA-K7-A6G5-01A-11R-A311-07,0.3319965344561505,1
TCGA-55-8204-01A-11R-2241-07,0.9193193384452487,1
TCGA-B4-5834-01A-11R-1672-07,0.25881900254698187,1
TCGA-69-7764-01A-11R-2170-07,0.9101109550735298,0
TCGA-A3-3380-01A-01R-0864-07,0.3572806861723241,1
TCGA-MF-A522-01A-11R-A262-07,0.8769314218032949,1
TCGA-FB-AAPY-01A-11R-A41B-07,0.2460852101850162,1
TCGA-HC-8260-01A-11R-2263-07,0.2725782865754714,1
TCGA-35-3615-01A-01R-0946-07,0.8699002126020149,1
TCGA-BF-AAOX-01A-11R-A39D-07,0.30325135109627416,0
TCGA-49-4510-01A-01R-1206-07,0.8673884394113702,1
TCGA-55-7726-01A-11R-2170-07,0.8313879008275498,1
TCGA-D5-6536-01A-11R-1723-07,0.9203461943825183,1
TCGA-43-A56U-01A-11R-A26W-07,0.8711934884509112,0
TCGA-EP-A3JL-01A-11R-A213-07,0.2895771817398326,1
TCGA-HC-8258-01A-11R-2263-07,0.2577480251391493,1
TCGA-Z6-A9VB-01A-21R-A37I-31,0.22747503935512794,1
TCGA-V1-A9O5-01A-11R-A41O-07,0.9297380430777437,1
TCGA-77-8146-01A-11R-2247-07,0.9128878777295678,1
TCGA-EU-5906-01A-11R-1672-07,0.23483657899197227,1
TCGA-34-2608-01A-02R-0851-07,0.5957820793470572,1
TCGA-LD-A7W6-01A-81R-A352-07,0.8413986636217701,1
TCGA-B8-4143-01A-01R-1188-07,0.4460949532178737,1
TCGA-BQ-5883-01A-11R-1592-07,0.2354069403746938,1
TCGA-V5-AASV-01A-11R-A38D-31,0.37952164714705394,1
TCGA-A7-A0D9-01A-31R-A056-07,0.9592582400750116,1
TCGA-A6-2676-01A-01R-0826-07,0.23982202740399977,1
TCGA-DM-A1D7-01A-11R-A155-07,0.3475128151688783,0
TCGA-B6-A3ZX-01A-11R-A239-07,0.9196015712026482,0
TCGA-05-4402-01A-01R-1206-07,0.9580657013864973,1
TCGA-AA-3555-01A-01R-0821-07,0.9535220174754602,0
TCGA-G3-A7M7-01A-12R-A352-07,0.3323027276450807,1
TCGA-A3-3351-01A-02R-1325-07,0.2134173342585441,1
TCGA-EB-A4IQ-01A-12R-A266-07,0.23668575459997662,1
TCGA-CJ-4907-01A-01R-1426-07,0.21822161108525628,1
TCGA-B8-5163-01A-01R-1420-07,0.13952202897305713,0
TCGA-AQ-A1H3-01A-31R-A13Q-07,0.2600024029012727,1
TCGA-52-7811-01A-11R-2125-07,0.9001020178313262,0
TCGA-AR-A250-01A-31R-A169-07,0.9459818131125064,1
TCGA-J9-A8CK-01A-11R-A352-07,0.9563159554390057,1
TCGA-A2-A04U-01A-11R-A115-07,0.9450429707102959,1
TCGA-77-6843-01A-11R-1949-07,0.9182888913214556,1
TCGA-EW-A6SD-01A-12R-A33J-07,0.919138207312765,1
TCGA-BH-A0B5-01A-11R-A12P-07,0.9545871650901591,1
TCGA-29-2425-01A-01R-1569-13,0.903430666582527,1
TCGA-AA-3972-01A-01R-1022-07,0.5412767046894436,1
TCGA-B6-A0IK-01A-12R-A056-07,0.9360871209834576,1
TCGA-V1-A8MJ-01A-11R-A36G-07,0.9562051667091569,0
TCGA-B0-5707-01A-11R-1541-07,0.21489910472152757,1
TCGA-13-1409-01A-01R-1565-13,0.6891028955371519,1
TCGA-HC-7817-01B-11R-A29R-07,0.9604641235382352,1
TCGA-LN-A4MR-01A-11R-A28J-31,0.2539627421244066,0
TCGA-CM-4747-01A-01R-1410-07,0.21949020270342687,1
TCGA-BP-5192-01A-01R-1426-07,0.21764326502290127,1
TCGA-CC-A7IF-01A-11R-A33J-07,0.4333096451726324,1
TCGA-75-6212-01A-11R-1755-07,0.9494948242908731,1
TCGA-61-2095-01A-01R-1568-13,0.9060281812582591,1
TCGA-BP-4992-01A-01R-1334-07,0.5394996066086802,1
TCGA-KK-A6E7-01A-11R-A31N-07,0.5904675271641271,1
TCGA-24-1469-01A-01R-1566-13,0.7092897419829389,1
TCGA-DD-A73B-01A-12R-A32O-07,0.4191919257628752,1
TCGA-LN-A9FQ-01A-31R-A38D-31,0.33863880551474823,0
TCGA-J2-A4AG-01A-11R-A24H-07,0.9128212586720379,0
TCGA-G6-A8L8-01A-21R-A37O-07,0.20442314620095933,0
TCGA-A2-A0CS-01A-11R-A115-07,0.9505968825619585,1
TCGA-DD-AACA-01A-11R-A41C-07,0.29622255672089964,1
TCGA-A2-A0CZ-01A-11R-A034-07,0.9264752049897785,0
TCGA-23-1110-01A-01R-1564-13,0.9174908937318097,1
TCGA-E2-A150-01A-11R-A12D-07,0.9038024894400384,1
TCGA-A6-6142-01A-11R-1774-07,0.7116615982229693,0
TCGA-AO-A124-01A-11R-A10J-07,0.8841641634439236,1
TCGA-NC-A5HJ-01A-11R-A26W-07,0.9092602099362632,0
TCGA-85-8352-01A-31R-2326-07,0.8988750690900357,1
TCGA-B8-5545-01A-01R-1672-07,0.2228599824147576,1
TCGA-DD-A118-01A-11R-A131-07,0.7142086113837144,1
TCGA-NJ-A4YP-01A-11R-A262-07,0.9466828936638412,1
TCGA-94-7557-01A-11R-2125-07,0.9324556941385626,0
TCGA-78-7156-01A-11R-2039-07,0.8867510347534316,1
TCGA-BH-A0HP-01A-12R-A084-07,0.9573896939375212,1
TCGA-B1-A656-01A-11R-A31O-07,0.1379115943631331,1
TCGA-39-5037-01A-01R-1443-07,0.8442254242026284,0
TCGA-CJ-4892-01A-01R-1305-07,0.2446267958798213,1
TCGA-55-1592-01A-01R-0946-07,0.951563264246025,0
TCGA-E2-A1L7-01A-11R-A144-07,0.9170653792345269,1
TCGA-49-4512-01A-21R-1858-07,0.9077802899226962,1
TCGA-A1-A0SH-01A-11R-A084-07,0.9510345299137113,1
TCGA-G9-6339-01A-12R-A311-07,0.2574164979914046,0
TCGA-67-3771-01A-01R-0946-07,0.9097552191785747,0
TCGA-J7-6720-01A-11R-2139-07,0.38089084638143683,1
TCGA-C8-A12O-01A-11R-A115-07,0.961790809525394,1
TCGA-CH-5741-01A-11R-1580-07,0.2959004734779353,1
TCGA-EJ-A8FU-01A-11R-A36G-07,0.24607159217821592,1
TCGA-B0-4849-01A-01R-1277-07,0.17072454402398549,1
TCGA-HC-A76W-01A-11R-A33R-07,0.9584744624102373,1
TCGA-CC-A8HT-01A-11R-A36F-07,0.2538229440949131,1
TCGA-G4-6320-01A-11R-1723-07,0.6024173940534565,1
TCGA-BP-4763-01A-01R-1289-07,0.22723723658276962,1
TCGA-A8-A097-01A-11R-A034-07,0.9671960170190307,0
TCGA-73-4662-01A-01R-1206-07,0.9224187366487091,0
TCGA-RC-A7SH-01A-11R-A38B-07,0.5276915514580534,1
TCGA-09-1661-01B-01R-1566-13,0.8893657707855867,0
TCGA-66-2766-01A-01R-0851-07,0.6005701902889458,1
TCGA-A2-A3XZ-01A-42R-A239-07,0.9504703281440418,1
TCGA-36-1581-01A-01R-1566-13,0.8919900514429787,0
TCGA-CH-5789-01A-11R-1580-07,0.2385628804504507,1
TCGA-BH-A1F0-01A-11R-A137-07,0.736045086614956,1
TCGA-91-6847-01A-11R-1949-07,0.9229840805832199,1
TCGA-52-7809-01A-21R-2125-07,0.888934544155564,1
TCGA-BD-A3ER-01A-11R-A213-07,0.28917599148143935,1
TCGA-13-1511-01A-01R-1565-13,0.9517003719652565,1
TCGA-21-1079-01A-01R-0692-07,0.6755599026689716,1
TCGA-BH-A18V-01A-11R-A12D-07,0.8694356679696487,1
TCGA-F4-6569-01A-11R-1774-07,0.9424272561985945,1
TCGA-66-2781-01A-01R-0851-07,0.9170105706876902,1
TCGA-G3-A5SK-01A-11R-A27V-07,0.44615234571284373,0
TCGA-AC-A62V-01A-11R-A31O-07,0.43172382073174514,1
TCGA-BP-5195-01A-02R-1426-07,0.2828653360766108,1
TCGA-A8-A0A1-01A-11R-A00Z-07,0.9673469315947649,1
TCGA-38-4629-01A-02R-1206-07,0.6190515179276794,1
TCGA-AC-A5EH-01A-11R-A28M-07,0.9295070807930033,1
TCGA-M7-A721-01A-12R-A32O-07,0.36492288767066405,1
TCGA-23-1028-01A-01R-1564-13,0.691849703912804,1
TCGA-AZ-5407-01A-01R-1723-07,0.805995813686102,1
TCGA-56-8625-01A-11R-2403-07,0.8789081916916843,0
TCGA-NC-A5HM-01A-12R-A26W-07,0.7909088060204728,0
TCGA-58-A46L-01A-11R-A24H-07,0.9093744118891545,1
TCGA-B6-A0IH-01A-11R-A115-07,0.9487900531329794,1
TCGA-77-A5FZ-01A-31R-A27Q-07,0.21790806550333827,1
TCGA-CK-4947-01B-11R-1653-07,0.23377772164595692,1
TCGA-AC-A2QI-01A-12R-A19W-07,0.953659948888288,1
TCGA-G3-AAV4-01A-11R-A38B-07,0.41505544485548773,1
TCGA-93-7347-01A-11R-2187-07,0.9501922863164419,1
TCGA-LL-A73Z-01A-11R-A32P-07,0.9113940775954106,1
TCGA-AC-A2BK-01A-11R-A21T-07,0.9240645690414139,1
TCGA-25-1315-01A-01R-1565-13,0.7593127119672041,1
TCGA-A2-A0T2-01A-11R-A084-07,0.8717871505120968,1
TCGA-P4-A5E7-01A-31R-A28H-07,0.21109476367631733,1
TCGA-E2-A574-01A-11R-A29R-07,0.9356272403001088,1
TCGA-09-2051-01A-01R-1568-13,0.9391894604100769,1
TCGA-S3-A6ZH-01A-22R-A32P-07,0.9459868132545212,1
TCGA-AA-3548-01A-01R-1873-07,0.22939731338731706,0
TCGA-B9-A8YH-01A-11R-A37K-07,0.18237446738173513,1
TCGA-AA-3971-01A-01R-1022-07,0.3880565125483061,1
TCGA-BP-5169-01A-01R-1426-07,0.21716458822051776,1
TCGA-A2-A3XW-01A-11R-A239-07,0.232019874265866,1
TCGA-AU-3779-01A-01R-1723-07,0.9520775062233794,1
TCGA-21-1071-01A-01R-0692-07,0.5111425110895569,1
TCGA-2L-AAQE-01A-11R-A39D-07,0.9467494625288683,1
TCGA-78-7143-01A-11R-2039-07,0.9430561696626094,1
TCGA-CM-5863-01A-21R-1839-07,0.9367014419436749,1
TCGA-85-8288-01A-11R-2296-07,0.8793492215134632,0
TCGA-CC-5259-01A-31R-A213-07,0.6054860027525442,1
TCGA-22-5480-01A-01R-1635-07,0.8641752285619116,1
TCGA-DW-7963-01B-11R-A28H-07,0.17033669682049593,1
TCGA-A1-A0SN-01A-11R-A144-07,0.9630226346392963,1
TCGA-V1-A8X3-01A-11R-A37L-07,0.3762395029017295,1
TCGA-E9-A22D-01A-11R-A157-07,0.9315172361743923,0
TCGA-B0-5075-01A-01R-1334-07,0.3333411200457677,1
TCGA-AK-3433-01A-02R-1277-07,0.4257253999284017,1
TCGA-BP-4331-01A-01R-1289-07,0.31202263505570127,1
TCGA-ES-A2HT-01A-12R-A180-07,0.2846147544487639,1
TCGA-29-1766-01A-01R-1567-13,0.6841273961253931,1
TCGA-HZ-7926-01A-11R-2156-07,0.7089072305145474,0
TCGA-4L-AA1F-01A-11R-A41O-07,0.921050299361722,1
TCGA-Q2-A5QZ-01A-11R-A28H-07,0.4065318635311938,1
TCGA-49-4490-01A-21R-1858-07,0.9371423489673739,1
TCGA-2Y-A9H2-01A-12R-A38B-07,0.9178755596357416,1
TCGA-24-1923-01A-01R-1567-13,0.8168012429818188,0
TCGA-22-4595-01A-01R-1201-07,0.9258680047153804,1
TCGA-44-6147-01B-06R-A277-07,0.5506079470988433,1
TCGA-3A-A9I5-01A-11R-A38C-07,0.5701749748913935,1
TCGA-50-5933-01A-11R-1755-07,0.8679525087691435,1
TCGA-BP-4995-01A-01R-1334-07,0.17772073151911982,0
TCGA-A2-A1FV-01A-11R-A13Q-07,0.9229876805551072,1
TCGA-CZ-4866-01A-01R-1503-07,0.3235861991855318,1
TCGA-F4-6570-01A-11R-1774-07,0.9344475014357639,1
TCGA-BH-A0EI-01A-11R-A115-07,0.9216794865707909,1
TCGA-AA-3713-01A-21R-1723-07,0.5887482466872599,1
TCGA-NI-A4U2-01A-11R-A28V-07,0.3059666601797653,1
TCGA-DD-AADY-01A-11R-A41C-07,0.8821962383850019,1
TCGA-05-4405-01A-21R-1858-07,0.9372173206252519,1
TCGA-EJ-8469-01A-11R-2403-07,0.36085537092589814,1
TCGA-CK-5914-01A-11R-1653-07,0.25516188989383426,1
TCGA-61-2104-01A-01R-1568-13,0.9266857901582454,0
TCGA-95-7562-01A-11R-2241-07,0.7144375683599589,0
TCGA-NK-A5CR-01A-11R-A26W-07,0.34949917542281844,1
TCGA-DD-AACU-01A-11R-A41C-07,0.3745832503965606,1
TCGA-DD-A119-01A-11R-A131-07,0.2949228992880701,1
TCGA-GM-A3NW-01A-21R-A22K-07,0.9432219709264495,1
TCGA-50-8459-01A-11R-2326-07,0.563984970873684,1
TCGA-AO-A12C-01A-11R-A10J-07,0.9602015241723828,1
TCGA-CK-4950-01A-01R-1723-07,0.33934937599022835,1
TCGA-55-6987-01A-11R-1949-07,0.9476848191476446,1
TCGA-G3-A7M6-01A-11R-A33R-07,0.9173917852683435,0
TCGA-EW-A3E8-01B-11R-A24H-07,0.9364495761063564,1
TCGA-AO-A0JB-01A-11R-A32Y-07,0.8073143051450766,1
TCGA-EJ-A8FO-01A-21R-A36G-07,0.2745596300649367,1
TCGA-CM-6168-01A-11R-1653-07,0.8663430138377043,1
TCGA-J4-8198-01A-11R-2263-07,0.29944204180341394,1
TCGA-YL-A8SA-01A-21R-A37L-07,0.264140362447842,1
TCGA-CJ-5679-01A-11R-1541-07,0.12769216016818874,1
TCGA-LL-A7SZ-01A-32R-A352-07,0.28477825564076087,1
TCGA-CM-6677-01A-11R-1839-07,0.6649083548624121,1
TCGA-BP-4973-01A-01R-1334-07,0.20577930701103686,1
TCGA-2L-AAQJ-01A-12R-A39D-07,0.9508526038943055,0
TCGA-09-0367-01A-01R-1564-13,0.32614704093413344,1
TCGA-BQ-7044-01A-11R-1965-07,0.17406914063716158,0
TCGA-B0-4813-01A-01R-1277-07,0.5817539469758239,0
TCGA-24-1104-01A-01R-1565-13,0.5433396600298208,1
TCGA-HC-A6HY-01A-11R-A31N-07,0.24870867515672254,0
TCGA-L5-A8NK-01A-21R-A37I-31,0.15183196009278146,1
TCGA-31-1953-01A-01R-1568-13,0.9359478424651991,1
TCGA-BH-A8FY-01A-11R-A36F-07,0.5929301648714762,1
TCGA-B0-5107-01A-01R-1420-07,0.8186669678108361,1
TCGA-09-1673-01A-01R-1566-13,0.9070994025827375,1
TCGA-CH-5764-01A-21R-1580-07,0.28580032601335176,1
TCGA-2H-A9GN-01A-11R-A37I-31,0.21153207383907255,1
TCGA-23-1024-01A-02R-1564-13,0.7690445061598385,1
TCGA-B8-5549-01A-01R-1541-07,0.2517542572944314,1
TCGA-GL-8500-01A-11R-2404-07,0.25149566286281705,1
TCGA-KK-A8IM-01A-11R-A36G-07,0.31263464419266224,1
TCGA-BH-A0BQ-01A-21R-A115-07,0.9581261268037331,1
TCGA-G3-A6UC-01A-21R-A33J-07,0.2918350076955355,1
TCGA-20-1687-01A-01R-1566-13,0.8863731283718219,1
TCGA-AC-A2QH-01A-11R-A18M-07,0.9259145920635325,1
TCGA-DM-A28M-01A-12R-A16W-07,0.5207371685211556,1
TCGA-13-0899-01A-01R-1564-13,0.6337381792264506,1
TCGA-2Y-A9GW-01A-11R-A38B-07,0.23868425262477258,1
TCGA-2A-A8VT-01A-11R-A37L-07,0.9289329053610409,1
TCGA-D5-6922-01A-11R-1928-07,0.9398643675181895,1
TCGA-24-1847-01A-01R-1566-13,0.9254083244610195,1
TCGA-AC-A2FO-01A-11R-A180-07,0.9557774528216394,1
TCGA-UB-A7MC-01A-11R-A33R-07,0.43420425102371574,0
TCGA-MP-A4TK-01A-11R-A24X-07,0.9521850698326433,1
TCGA-04-1542-01A-01R-1566-13,0.8741238778851346,1
TCGA-EW-A1P8-01A-11R-A144-07,0.9124030721345939,1
TCGA-G7-7501-01A-11R-2204-07,0.8604588329533043,0
TCGA-A2-A0D0-01A-11R-A00Z-07,0.7262162880026499,1
TCGA-HC-7079-01A-11R-1965-07,0.6135583302811607,1
TCGA-KK-A8IA-01A-11R-A36G-07,0.2865786323776067,1
TCGA-D5-6529-01A-11R-1774-07,0.9576802861125997,1
TCGA-G4-6304-01A-11R-1928-07,0.3814647588951807,0
TCGA-BH-A0HB-01A-11R-A056-07,0.9288580898536756,1
TCGA-CJ-4882-01A-02R-1426-07,0.6665832182719105,1
TCGA-24-1435-01A-01R-1566-13,0.9444287000684838,1
TCGA-AA-3492-01A-01R-1410-07,0.22466921940016588,1
TCGA-IZ-8196-01A-11R-2404-07,0.13501595629435292,1
TCGA-UB-A7ME-01A-11R-A33J-07,0.3121997543793252,1
TCGA-6A-AB49-01A-12R-A405-07,0.9085324291636359,0
TCGA-63-7021-01A-11R-1949-07,0.9004181269686621,1
TCGA-A2-A0EN-01A-13R-A084-07,0.9477255567924385,1
TCGA-A8-A0A2-01A-11R-A034-07,0.9547817024878134,1
TCGA-DD-AACX-01A-11R-A41C-07,0.60084408632587,1
TCGA-E2-A14O-01A-31R-A115-07,0.4478401140833731,1
TCGA-AA-3695-01A-01R-0905-07,0.9096965735612137,1
TCGA-A2-A0EM-01A-11R-A034-07,0.709084829686939,1
TCGA-AA-3549-01A-02R-0821-07,0.8448641693525186,1
TCGA-ED-A7XP-01A-11R-A352-07,0.3835889366590988,1
TCGA-97-7938-01A-11R-2170-07,0.7017045430166546,1
TCGA-23-1122-01A-01R-1565-13,0.9520732458135098,1
TCGA-AA-A01I-01A-02R-A089-07,0.33663922177601246,1
TCGA-ZS-A9CG-01A-11R-A37K-07,0.3104847945074368,1
TCGA-A7-A0DA-01A-31R-A115-07,0.839430057338963,1
TCGA-29-1701-01A-01R-1567-13,0.8664403871788644,1
TCGA-LN-A4A6-01A-11R-A260-31,0.26340151140123197,1
TCGA-2H-A9GQ-01A-11R-A37I-31,0.8964310776989398,1
TCGA-B8-4620-01A-02R-1325-07,0.9563645090765694,1
TCGA-B0-4718-01A-01R-1277-07,0.2212020043530884,0
TCGA-AA-3861-01A-01R-1022-07,0.28174663748797146,1
TCGA-D5-6932-01A-11R-1928-07,0.3694239256247098,1
TCGA-55-8091-01A-11R-2241-07,0.9566918860052074,1
TCGA-64-1681-01A-11R-2066-07,0.9316813246886788,1
TCGA-VR-AA7I-01A-11R-A406-31,0.2719083520380753,1
TCGA-AZ-4308-01A-01R-1410-07,0.2323043812421244,1
TCGA-13-1403-01A-01R-1565-13,0.7159843551522918,1
TCGA-AL-3471-01A-02R-1351-07,0.2177507369806204,0
TCGA-23-2078-01A-01R-1568-13,0.9397677918774135,0
TCGA-25-2409-01A-01R-1569-13,0.6886913567901161,1
TCGA-BH-A0W7-01A-11R-A115-07,0.9546373232581805,0
TCGA-DM-A1D6-01A-21R-A155-07,0.7401248926644539,1
TCGA-13-1512-01A-01R-1565-13,0.7178039009708448,1
TCGA-23-1111-01A-01R-1567-13,0.9411997573738571,1
TCGA-43-6647-01A-11R-1820-07,0.3055129105349145,1
TCGA-85-7698-01A-11R-2125-07,0.9136388440200992,1
TCGA-MW-A4EC-01A-11R-A266-07,0.3472308182768733,0
TCGA-58-A46J-01A-11R-A24H-07,0.8955248291728086,1
TCGA-DD-AAVX-01A-11R-A41C-07,0.3470700819225794,1
TCGA-29-1777-01A-01R-1567-13,0.8747684520099859,1
TCGA-A2-A3XX-01A-21R-A239-07,0.8852574520382844,1
TCGA-55-7725-01A-11R-2170-07,0.5650785854675269,0
TCGA-BH-A0DP-01A-21R-A056-07,0.9609986321820474,1
TCGA-PD-A5DF-01A-11R-A27V-07,0.3459411255259472,1
TCGA-77-7465-01A-11R-2045-07,0.8312144907445844,1
TCGA-A6-5659-01A-01R-A278-07,0.8615016221181733,0
TCGA-A8-A08G-01A-11R-A00Z-07,0.9579994089535468,1
TCGA-39-5029-01A-01R-1443-07,0.6759723722043558,1
TCGA-DD-AAVQ-01A-11R-A41C-07,0.1845852687989956,1
TCGA-BH-A0DK-01A-21R-A056-07,0.9570492008794812,0
TCGA-AC-A2QJ-01A-12R-A19W-07,0.224569873494455,1
TCGA-BP-4799-01A-01R-1305-07,0.4264332800458158,1
TCGA-18-3415-01A-01R-0980-07,0.2472365126986642,1
TCGA-22-A5C4-01A-12R-A27Q-07,0.933077847149683,1
TCGA-Y8-A896-01A-11R-A36F-07,0.9520233807401509,1
TCGA-AC-A2FG-01A-11R-A17B-07,0.9439004063502006,1
TCGA-CW-5584-01A-01R-1541-07,0.18922060904324128,1
TCGA-58-8387-01A-11R-2296-07,0.8931006919276817,0
TCGA-55-7724-01A-11R-2170-07,0.19448485552862133,1
TCGA-AO-A12B-01A-11R-A10J-07,0.9175596601264324,0
TCGA-KC-A7F3-01A-21R-A33R-07,0.29352727841082865,1
TCGA-49-4514-01A-21R-1858-07,0.7539255630524904,1
TCGA-A8-A09N-01A-11R-A00Z-07,0.9647495646706772,0
TCGA-C8-A12W-01A-11R-A115-07,0.9252604950285338,0
TCGA-BP-4797-01A-01R-1305-07,0.2702568429702683,1
TCGA-G3-A7M9-01A-23R-A352-07,0.908510370887296,1
TCGA-55-7815-01A-11R-2170-07,0.6330597645568261,1
TCGA-EJ-A8FP-01A-21R-A36G-07,0.24524580171446142,1
TCGA-AN-A0FT-01A-11R-A034-07,0.8760675600978878,1
TCGA-A2-A25A-01A-12R-A16F-07,0.9352761953355176,1
TCGA-33-4547-01A-01R-1201-07,0.9080092532218651,1
TCGA-G9-7523-01A-11R-2263-07,0.4433353669761444,0
TCGA-KK-A8II-01A-11R-A36G-07,0.24899960592790582,1
TCGA-09-2048-01A-01R-1568-13,0.9201560667101076,1
TCGA-B0-4824-01A-01R-1277-07,0.20075919840827502,1
TCGA-BH-A0DH-01A-11R-A084-07,0.954629318310848,1
TCGA-55-8615-01A-11R-2403-07,0.9391151760564029,1
TCGA-78-8648-01A-11R-2403-07,0.27019487148292376,1
TCGA-05-4426-01A-01R-1206-07,0.9503700321042455,0
TCGA-CW-6087-01A-11R-1672-07,0.7230818702364008,1
TCGA-BH-A2L8-01A-11R-A18M-07,0.9568912951228524,1
TCGA-64-1680-01A-02R-0946-07,0.9083813629285679,1
TCGA-ER-A19T-01A-11R-A18T-07,0.9263112940679104,1
TCGA-IB-7891-01A-11R-2204-07,0.18449325010763226,0
TCGA-SX-A7SN-01A-11R-A355-07,0.17423534704835567,1
TCGA-EJ-7793-01A-31R-2263-07,0.28483842620441,1
TCGA-23-1118-01A-01R-1564-13,0.9328673139982279,0
TCGA-AQ-A54N-01A-11R-A266-07,0.862161765244071,1
TCGA-DD-AAW1-01A-11R-A41C-07,0.30452139756858276,1
TCGA-L5-A43E-01A-11R-A24K-31,0.6458894249283218,1
TCGA-AA-A00O-01A-02R-A089-07,0.8032965727142687,1
TCGA-24-2261-01A-01R-1568-13,0.9192989722112663,1
TCGA-AA-3688-01A-01R-0905-07,0.23224320408670485,1
TCGA-UZ-A9PV-01A-11R-A42S-07,0.18261526694968594,1
TCGA-37-A5EN-01A-21R-A26W-07,0.8682356869349588,1
TCGA-09-2053-01C-01R-1568-13,0.6302169182239907,1
TCGA-EW-A1J5-01A-11R-A13Q-07,0.9266675021478723,1
TCGA-IB-AAUQ-01A-22R-A41I-07,0.9580543575469652,1
TCGA-A2-A0SX-01A-12R-A084-07,0.9036058178619822,1
TCGA-H8-A6C1-01A-11R-A32O-07,0.9476670303405543,1
TCGA-P4-AAVO-01A-11R-A42S-07,0.16630636590337858,1
TCGA-A7-A6VY-01A-12R-A33J-07,0.88885142702407,0
TCGA-BP-5177-01A-01R-1426-07,0.9484319112297059,1
TCGA-37-4141-01A-02R-1100-07,0.8867812219143533,1
TCGA-85-8355-01A-11R-2296-07,0.9105274618314636,1
TCGA-60-2719-01A-01R-0851-07,0.8923015118386887,1
TCGA-AA-A01C-01A-01R-A00A-07,0.24452288346433076,0
TCGA-G9-6329-01A-13R-1965-07,0.9116425205999182,1
TCGA-BH-A0HK-01A-11R-A056-07,0.9636133298170425,1
TCGA-34-5239-01A-21R-1820-07,0.8980833287153582,1
TCGA-NC-A5HH-01A-11R-A26W-07,0.8341524646258184,1
TCGA-NC-A5HK-01A-11R-A26W-07,0.9162892207907466,1
TCGA-69-7973-01A-11R-2187-07,0.9182808690927043,1
TCGA-77-8128-01A-11R-2247-07,0.6969406743506614,1
TCGA-B0-5700-01A-11R-1541-07,0.15080975791925,0
TCGA-IB-8126-01A-11R-2404-07,0.5509586163225866,1
TCGA-QL-A97D-01A-12R-A41B-07,0.6513319615693051,1
TCGA-XR-A8TC-01A-11R-A36F-07,0.5304020218747293,1
TCGA-63-A5MU-01A-11R-A26W-07,0.3247117541231489,1
TCGA-B8-A54F-01A-11R-A266-07,0.5199531005039515,1
TCGA-78-7220-01A-11R-2039-07,0.6025196215176603,0
TCGA-97-8176-01A-11R-2403-07,0.9428608036512063,1
TCGA-G4-6293-01A-11R-1723-07,0.949976204638143,0
TCGA-05-5715-01A-01R-1628-07,0.9176504413801282,1
TCGA-E2-A1IF-01A-11R-A144-07,0.939105500634793,0
TCGA-AC-A3YI-01A-21R-A239-07,0.9449487432413224,0
TCGA-2J-AAB6-01A-11R-A41B-07,0.3011022408070435,1
TCGA-B1-A47N-01A-11R-A24Z-07,0.14045528105890315,1
TCGA-D8-A1JL-01A-11R-A13Q-07,0.7985678288507833,1
TCGA-SS-A7HO-01A-21R-A37K-07,0.5944399401752127,0
TCGA-58-8390-01A-11R-2326-07,0.7645203039404479,1
TCGA-85-8582-01A-21R-2403-07,0.8686905435242172,1
TCGA-J9-A8CL-01A-11R-A352-07,0.9615411921640326,1
TCGA-BQ-5888-01A-11R-1592-07,0.21787525956069537,1
TCGA-GM-A2DF-01A-11R-A180-07,0.8990920524360491,0
TCGA-CJ-4891-01A-01R-1305-07,0.19127025050399085,1
TCGA-E2-A14R-01A-11R-A115-07,0.670630986769899,0
TCGA-30-1853-01A-02R-1567-13,0.8972211853967798,0
TCGA-EV-5903-01A-11R-1592-07,0.16201004662308932,1
TCGA-G9-6353-01A-11R-1965-07,0.2630311872148082,1
TCGA-BC-A110-01A-11R-A131-07,0.22080975474448875,1
TCGA-04-1648-01A-01R-1567-13,0.9355664030197611,0
TCGA-55-6983-01A-11R-1949-07,0.9579021632198325,1
TCGA-WX-AA44-01A-11R-A39D-07,0.29015386510955443,1
TCGA-C8-A132-01A-31R-A115-07,0.9657107371912543,1
TCGA-A2-A0CU-01A-12R-A034-07,0.9580091593681905,0
TCGA-46-3769-01A-01R-0980-07,0.888454032954372,1
TCGA-PE-A5DC-01A-12R-A27Q-07,0.9267524355955064,0
TCGA-2J-AAB9-01A-11R-A41B-07,0.9550602492736414,1
TCGA-21-1083-01A-01R-0692-07,0.9349110047950964,0
TCGA-E2-A15F-01A-11R-A115-07,0.9651414051974775,1
TCGA-BH-A1F5-01A-12R-A13Q-07,0.7319472177630849,1
TCGA-EW-A1P4-01A-21R-A144-07,0.901367754600401,1
TCGA-29-1778-01A-01R-1567-13,0.9011252862306339,1
TCGA-30-1718-01A-01R-1567-13,0.9457528414856302,1
TCGA-86-8074-01A-11R-2241-07,0.9607656633876189,1
TCGA-A6-6782-01A-11R-1839-07,0.9551421938828237,1
TCGA-IA-A83V-01A-11R-A355-07,0.1898510992338894,1
TCGA-KK-A6E5-01A-11R-A311-07,0.28512845927001673,1
TCGA-L9-A5IP-01A-21R-A39D-07,0.9334804897074334,1
TCGA-58-8391-01A-11R-2326-07,0.33169457366128224,1
TCGA-KK-A8IK-01A-11R-A36G-07,0.3088013451213701,1
TCGA-F4-6807-01A-11R-1839-07,0.9574838588273562,1
TCGA-EJ-5516-01A-01R-1580-07,0.13235267784593388,1
TCGA-85-8350-01A-11R-2296-07,0.9066159380610221,0
TCGA-KK-A7AZ-01A-12R-A32O-07,0.2555389539721288,0
TCGA-DW-7842-01A-11R-A32Z-07,0.1628511218531472,1
TCGA-OL-A6VQ-01A-12R-A41B-07,0.948232073784752,1
TCGA-31-1946-01A-01R-1568-13,0.9279816628592751,1
TCGA-AZ-6606-01A-11R-1839-07,0.6271793557779816,0
TCGA-DD-AAD1-01A-11R-A41C-07,0.7325668038739999,1
TCGA-A2-A0CO-01A-13R-A22K-07,0.6804627676888146,1
TCGA-CM-4750-01A-01R-1410-07,0.2026751541736887,0
TCGA-AC-A4ZE-01A-11R-A41B-07,0.7733886028241684,1
TCGA-BP-4327-01A-01R-1289-07,0.21217906785502988,1
TCGA-UZ-A9PX-01A-11R-A42S-07,0.2051532681108844,1
TCGA-BH-A0B9-01A-11R-A056-07,0.9309211860506946,1
TCGA-FB-AAQ0-01A-31R-A41B-07,0.1626051537664719,1
TCGA-A8-A09K-01A-11R-A00Z-07,0.9560711499098361,1
TCGA-55-1595-01A-01R-0946-07,0.9452610666596724,0
TCGA-J4-A83K-01A-11R-A352-07,0.2682923121515921,0
TCGA-A2-A1G4-01A-11R-A13Q-07,0.9510391952765961,1
TCGA-A2-A04T-01A-21R-A034-07,0.6825413885111246,0
TCGA-V1-A8MK-01A-11R-A36G-07,0.2547601872353792,1
TCGA-AN-A03X-01A-21R-A00Z-07,0.96087276235501,1
TCGA-97-7547-01A-11R-2039-07,0.9282930964982723,1
TCGA-AD-6889-01A-11R-1928-07,0.25276852930932064,1
TCGA-KK-A7AW-01A-11R-A32O-07,0.24043655897727167,0
TCGA-AO-A03N-01B-11R-A10J-07,0.4816419046567495,0
TCGA-EJ-5530-01A-01R-1580-07,0.30305154055670064,1
TCGA-P4-AAVM-01A-11R-A42S-07,0.15554838800734033,0
TCGA-66-2778-01A-02R-0851-07,0.6986360493489259,1
TCGA-HC-A6AP-01A-11R-A30B-07,0.1681099061300685,1
TCGA-Z6-AAPN-01A-11R-A406-31,0.6605630925442295,1
TCGA-CJ-4886-01A-01R-1305-07,0.1914896608601734,1
TCGA-BP-4769-01A-01R-1289-07,0.48995408591441253,1
TCGA-D8-A1XM-01A-21R-A14M-07,0.9640301190769243,1
TCGA-A7-A4SA-01A-11R-A266-07,0.9478465864422795,1
TCGA-LN-A7HZ-01A-31R-A354-31,0.929799100915903,0
TCGA-AR-A1AO-01A-11R-A12P-07,0.8612800822960865,1
TCGA-Y6-A9XI-01A-11R-A41O-07,0.32071518434207646,0
TCGA-31-1951-01A-01R-1568-13,0.9086830702546184,1
TCGA-25-1318-01A-01R-1565-13,0.9361784882350416,1
TCGA-B0-5099-01A-01R-1420-07,0.8532850587106274,1
TCGA-CH-5794-01A-11R-1580-07,0.2982240433597192,1
TCGA-BQ-5894-01A-11R-1592-07,0.9544210789391439,1
TCGA-CZ-4863-01A-01R-1503-07,0.5419530709368854,0
TCGA-DD-AADJ-01A-11R-A41C-07,0.42350377466353867,1
TCGA-B0-4845-01A-01R-1277-07,0.19447505116336908,0
TCGA-BC-A216-01A-11R-A155-07,0.20028608810979473,1
TCGA-CJ-4871-01A-01R-1305-07,0.2352067417278652,1
TCGA-B0-5710-01A-11R-1672-07,0.25175434114895523,1
TCGA-CH-5750-01A-11R-1580-07,0.874990529437267,1
TCGA-DV-5566-01A-01R-1541-07,0.7358779784491261,1
TCGA-BC-A10X-01A-11R-A131-07,0.24070826831429284,1
TCGA-60-2721-01A-01R-0851-07,0.8712263315556423,1
TCGA-F2-7273-01A-11R-2156-07,0.35360565610559536,1
TCGA-05-4389-01A-01R-1206-07,0.9199959639173487,1
TCGA-A8-A083-01A-21R-A00Z-07,0.7665979521616373,0
TCGA-EJ-7317-01A-31R-2118-07,0.2667328896086374,1
TCGA-24-2023-01A-01R-1567-13,0.7908546669678306,0
TCGA-B6-A0RM-01A-11R-A084-07,0.9135062054594345,0
TCGA-56-A5DS-01A-11R-A27Q-07,0.753604709862941,1
TCGA-CJ-5672-01A-11R-1541-07,0.35923981147121675,1
TCGA-73-7498-01A-12R-2187-07,0.8696797825590235,1
TCGA-GM-A2DH-01A-11R-A180-07,0.894572228015562,1
TCGA-A8-A082-01A-11R-A00Z-07,0.9588583360393046,0
TCGA-DD-A4NI-01A-11R-A27V-07,0.29288005744235424,1
TCGA-G4-6626-01A-11R-1774-07,0.3606700766109124,0
TCGA-CH-5738-01A-11R-1580-07,0.3654778603814546,1
TCGA-79-5596-01A-31R-1949-07,0.6078550055962053,1
TCGA-A6-5656-01A-21R-A278-07,0.7304488225702488,1
TCGA-BP-4766-01A-01R-1289-07,0.5491928827563826,1
TCGA-XQ-A8TB-01A-11R-A36G-07,0.3393389771551336,1
TCGA-BP-4337-01A-01R-1289-07,0.2840685170744299,0
TCGA-G9-A9S4-01A-11R-A41O-07,0.4448715454314362,1
TCGA-CH-5762-01A-11R-1580-07,0.25528857038596886,1
TCGA-B0-5106-01A-01R-1420-07,0.2343337851977276,1
TCGA-V1-A9OX-01A-11R-A41O-07,0.2589030927203223,1
TCGA-DD-AADU-01A-11R-A41C-07,0.2939412516124602,0
TCGA-A3-3385-01A-02R-1420-07,0.17868758264446105,1
TCGA-90-7964-01A-21R-2187-07,0.9253846241705155,0
TCGA-55-7913-01B-11R-2241-07,0.9244432731454717,1
TCGA-AN-A0AJ-01A-11R-A00Z-07,0.9572714028929105,1
TCGA-09-1670-01A-01R-1566-13,0.6403802516571052,1
TCGA-A4-7734-01A-11R-A32Z-07,0.14608552236859385,0
TCGA-55-7914-01A-11R-2170-07,0.9445649801940924,0
TCGA-77-7140-01A-41R-2045-07,0.765267156069732,1
TCGA-VN-A943-01A-11R-A41O-07,0.2537268230790801,1
TCGA-B0-5108-01A-01R-1420-07,0.2973923832103052,1
TCGA-J9-A8CN-01A-11R-A352-07,0.28929845587518355,1
TCGA-13-1485-01A-02R-1565-13,0.89941602485981,1
TCGA-33-AASL-01A-11R-A405-07,0.8625184316353162,1
TCGA-CC-5264-01A-01R-A131-07,0.19448900126135285,0
TCGA-CK-4952-01A-01R-1723-07,0.31785110408398676,1
TCGA-04-1530-01A-02R-1569-13,0.9384292278185641,0
TCGA-80-5608-01A-31R-1949-07,0.946829582208997,1
TCGA-B1-A657-01A-11R-A31O-07,0.23112066039088014,1
TCGA-AA-3489-01A-21R-1839-07,0.9309515326811741,0
TCGA-OL-A66O-01A-11R-A31O-07,0.2516341483326611,1
TCGA-5L-AAT1-01A-12R-A41B-07,0.9293197754264306,1
TCGA-55-6986-01A-11R-1949-07,0.9507065102430423,1
TCGA-FB-A4P5-01A-11R-A26U-07,0.8002248452480747,1
TCGA-AK-3428-01A-02R-1277-07,0.2879713372782434,1
TCGA-4T-AA8H-01A-11R-A41B-07,0.795521937400998,1
TCGA-L5-A88Y-01A-11R-A354-31,0.8130288591928814,1
TCGA-VN-A88K-01A-11R-A352-07,0.9635292660163087,1
TCGA-58-A46N-01A-11R-A24H-07,0.2345913062894156,1
TCGA-YL-A9WH-01A-11R-A37L-07,0.8970334341567396,0
TCGA-44-6776-01A-11R-1858-07,0.6393997877702244,1
TCGA-97-A4M6-01A-11R-A24X-07,0.9207298846413572,0
TCGA-33-4583-01A-01R-1443-07,0.35626862875870724,1
TCGA-2Y-A9H9-01A-21R-A39D-07,0.3898470401809617,1
TCGA-D8-A27L-01A-11R-A16F-07,0.9650824031031362,1
TCGA-F4-6704-01A-11R-1839-07,0.957215172313417,1
TCGA-63-A5MY-01A-11R-A26W-07,0.44440196260418185,1
TCGA-AA-3666-01A-02R-0905-07,0.3075194541902703,1
TCGA-A8-A08Z-01A-21R-A00Z-07,0.9661304883437449,0
TCGA-V1-A9Z9-01A-21R-A41O-07,0.28498524940619907,0
TCGA-3A-A9IR-01A-11R-A38C-07,0.6945721259968213,1
TCGA-24-1436-01A-01R-1566-13,0.9480587020430853,1
TCGA-BH-A0AU-01A-11R-A12P-07,0.9656118477976998,0
TCGA-G9-6379-01A-11R-A31N-07,0.20328838218172635,1
TCGA-DD-AADR-01A-11R-A41C-07,0.35230295435770076,1
TCGA-EB-A4OY-01A-11R-A266-07,0.22709843383313405,1
TCGA-63-A5MG-01A-12R-A27Q-07,0.8680228859157246,1
TCGA-BP-4341-01A-01R-1289-07,0.18005222849963368,1
TCGA-B8-5550-01A-01R-1541-07,0.271396488168239,1
TCGA-50-5935-01A-11R-1755-07,0.9296536175516141,1
TCGA-D5-6929-01A-31R-1928-07,0.9423923478416534,0
TCGA-55-A48X-01A-11R-A24H-07,0.9461690792244886,0
TCGA-BH-A0HA-01A-11R-A12P-07,0.9371041386224072,1
TCGA-AD-5900-01A-11R-1653-07,0.9433216727236255,1
TCGA-50-5049-01A-01R-1628-07,0.9045670196424602,1
TCGA-BH-A0B7-01A-12R-A115-07,0.9538122704974781,1
TCGA-33-AAS8-01A-11R-A405-07,0.9059832647206529,1
TCGA-BH-A0GZ-01A-11R-A056-07,0.9541451522700543,1
TCGA-LN-A4A1-01A-21R-A260-31,0.41654543557894097,0
TCGA-XK-AAIW-01A-11R-A41O-07,0.9019926990400282,1
TCGA-98-8021-01A-11R-2247-07,0.9286865196853584,0
TCGA-B6-A0WX-01A-11R-A109-07,0.9040145759196115,0
TCGA-EB-A82B-01A-11R-A352-07,0.2566105934715066,1
TCGA-25-1324-01A-01R-1565-13,0.9255324540591607,0
TCGA-13-1482-01A-01R-1565-13,0.6952887513293322,1
TCGA-KH-A6WC-01A-11R-A336-31,0.18178130611522178,1
TCGA-KC-A7FA-01A-21R-A33R-07,0.3188522262384418,0
TCGA-B2-4098-01A-02R-1325-07,0.357067852393615,0
TCGA-EJ-A7NH-01A-12R-A33R-07,0.24040684299592288,1
TCGA-CJ-5686-01A-11R-1672-07,0.2525581634445736,1
TCGA-V1-A8MU-01A-11R-A37L-07,0.44536875174277424,1
TCGA-67-3774-01A-01R-0946-07,0.9455922971807791,1
TCGA-93-8067-01A-11R-2287-07,0.9506587943174716,1
TCGA-CJ-4923-01A-01R-1426-07,0.4901845711213798,1
TCGA-G6-A8L6-01A-11R-A37O-07,0.1655286911443207,1
TCGA-EB-A5SF-01A-11R-A311-07,0.2583624512589258,0
TCGA-34-2600-01A-01R-0851-07,0.8425319682473027,0
TCGA-E9-A1NF-01A-11R-A14D-07,0.9497185307846734,1
TCGA-A8-A08L-01A-11R-A00Z-07,0.9095968235332731,1
TCGA-AO-A0J4-01A-11R-A034-07,0.881459225926104,1
TCGA-55-8203-01A-11R-2241-07,0.9561640359502707,1
TCGA-LN-A49S-01A-11R-A24K-31,0.27721799571673944,1
TCGA-NC-A5HP-01A-11R-A26W-07,0.8742672057606514,1
TCGA-BH-A1FB-01A-11R-A13Q-07,0.44358504017496686,1
TCGA-53-A4EZ-01A-12R-A24X-07,0.9120200963652592,1
TCGA-69-7978-01A-11R-2187-07,0.937909726058171,1
TCGA-UB-AA0U-01A-11R-A38B-07,0.27289072158509986,0
TCGA-44-7662-01A-11R-2066-07,0.96254923478078,1
TCGA-E2-A14P-01A-31R-A12D-07,0.6363100119382861,1
TCGA-66-2770-01A-01R-0851-07,0.9150137577974027,1
TCGA-GL-A4EM-01A-11R-A24Z-07,0.13161744770177977,0
TCGA-A3-3357-01A-02R-1420-07,0.3095920871388892,0
TCGA-AA-A01D-01A-01R-A00A-07,0.9347453535169707,1
TCGA-39-5040-01A-21R-2125-07,0.9118916432014263,0
TCGA-2Y-A9H6-01A-11R-A39D-07,0.2738833881239463,1
TCGA-38-6178-01A-11R-1755-07,0.9521610577997561,1
TCGA-G3-A25Z-01A-11R-A16W-07,0.34549100701815033,0
TCGA-BH-A204-01A-11R-A157-07,0.7778858041465517,1
TCGA-AA-A01Z-01A-11R-A083-07,0.20709939761858467,1
TCGA-FB-AAPU-01A-31R-A41B-07,0.1657423860050707,1
TCGA-18-3406-01A-01R-0980-07,0.7773866888137265,1
TCGA-HC-7742-01A-11R-2118-07,0.8710910700474623,1
TCGA-B0-4691-01A-01R-1277-07,0.1824100776944964,0
TCGA-18-3408-01A-01R-0980-07,0.8869404584341744,1
TCGA-A8-A07W-01A-11R-A00Z-07,0.9408717300766442,1
TCGA-OL-A6VR-01A-32R-A33J-07,0.8815782015113858,1
TCGA-CA-6718-01A-11R-1839-07,0.9297128896143179,1
TCGA-04-1357-01A-01R-1565-13,0.910519646017067,1
TCGA-X4-A8KS-01A-12R-A36G-07,0.2641709303589198,1
TCGA-EW-A2FR-01A-11R-A21T-07,0.9398368303569715,1
TCGA-A8-A0A9-01A-11R-A00Z-07,0.9674890638061409,1
TCGA-J4-A83N-01A-11R-A352-07,0.27982790785259437,0
TCGA-CJ-4872-01A-01R-1305-07,0.2291711723298997,1
TCGA-B0-5081-01A-01R-1334-07,0.3112228046183564,1
TCGA-E9-A24A-01A-11R-A169-07,0.2083755602439677,1
TCGA-DD-A73E-01A-12R-A32O-07,0.38840263183887064,1
TCGA-LA-A7SW-01A-11R-A405-07,0.7850151907764698,0
TCGA-C8-A12U-01A-11R-A115-07,0.8977667132065346,1
TCGA-B0-5097-01A-01R-1420-07,0.18794861426254614,1
TCGA-13-0795-01A-01R-1564-13,0.881028178766652,1
TCGA-A7-A56D-01A-11R-A27Q-07,0.15034551304141927,1
TCGA-G3-A25S-01A-11R-A16W-07,0.43957933955588285,1
TCGA-XQ-A8TA-01A-11R-A36G-07,0.9282862312228561,1
TCGA-BP-4335-01A-01R-1289-07,0.20398397082260494,1
TCGA-CC-5258-01A-01R-A131-07,0.8718947620338494,1
TCGA-HC-A48F-01A-11R-A250-07,0.29816487724449436,1
TCGA-93-A4JN-01A-11R-A24X-07,0.9279390892030472,1
TCGA-DD-AADI-01A-11R-A41C-07,0.1926151294220259,1
TCGA-A8-A090-01A-11R-A00Z-07,0.9543140562819328,1
TCGA-66-2785-01A-01R-0851-07,0.8880563837468592,1
TCGA-61-2097-01A-02R-1568-13,0.9478988379566622,1
TCGA-5P-A9K2-01A-11R-A42S-07,0.14172448641916996,1
TCGA-KK-A8IC-01A-11R-A36G-07,0.9611386356373178,1
TCGA-A7-A26E-01A-11R-A277-07,0.9434100621918463,1
TCGA-50-5066-01A-01R-1628-07,0.4565682848483242,1
TCGA-D8-A27N-01A-11R-A16F-07,0.949874320266602,1
TCGA-78-7166-01A-12R-2066-07,0.6092792338645598,1
TCGA-E9-A1R3-01A-31R-A14M-07,0.9504988728933572,1
TCGA-97-A4M2-01A-12R-A24X-07,0.7272747472222303,1
TCGA-BQ-7056-01A-11R-1965-07,0.7131737384249532,1
TCGA-13-0724-01A-01R-1564-13,0.526482195795035,1
TCGA-BH-A0HW-01A-11R-A034-07,0.92905633340939,1
TCGA-PE-A5DE-01A-11R-A27Q-07,0.890207009271118,1
TCGA-2L-AAQI-01A-12R-A39D-07,0.9488413619228524,1
TCGA-2A-A8VV-01A-11R-A37L-07,0.2749486069875369,1
TCGA-39-5016-01A-01R-1443-07,0.7046615794419828,1
TCGA-D5-6930-01A-11R-1928-07,0.286854643359799,1
TCGA-D8-A27I-01A-11R-A16F-07,0.9585618315746028,1
TCGA-V1-A8ML-01A-11R-A37L-07,0.28723579891975376,1
TCGA-85-6798-01A-11R-1949-07,0.625839515693889,1
TCGA-AA-3510-01A-01R-1410-07,0.2492803443013154,0
TCGA-98-A53A-01A-11R-A262-07,0.8770426155979985,1
TCGA-A4-A772-01A-11R-A33Z-07,0.19067376031447592,1
TCGA-MP-A4TC-01A-11R-A24X-07,0.9489794329317633,1
TCGA-49-6745-01A-11R-1858-07,0.5708904361756946,1
TCGA-10-0927-01A-02R-1564-13,0.8026010115778244,1
TCGA-A2-A0CT-01A-31R-A056-07,0.9383478671472013,0
TCGA-99-8025-01A-11R-2241-07,0.9565489404694849,1
TCGA-ZS-A9CE-01A-11R-A37K-07,0.3243618501541669,1
TCGA-AO-A0J6-01A-11R-A034-07,0.879542776803913,0
TCGA-CA-6715-01A-21R-1839-07,0.3142685592414159,1
TCGA-AR-A255-01A-11R-A169-07,0.9397254083666293,1
TCGA-61-2088-01A-01R-1568-13,0.906428931187935,1
TCGA-DD-A4NV-01A-11R-A311-07,0.23179131911156206,1
TCGA-K7-A5RF-01A-11R-A28V-07,0.2481102128466209,0
TCGA-RC-A6M6-01A-11R-A32O-07,0.5487765728991807,0
TCGA-EP-A12J-01A-11R-A131-07,0.3417791365224139,1
TCGA-BH-A0BW-01A-11R-A115-07,0.8854653135837801,1
TCGA-56-A4BY-01A-11R-A24H-07,0.909234623814725,1
TCGA-AA-3980-01A-02R-1022-07,0.5846474054995252,1
TCGA-55-8507-01A-11R-2403-07,0.9526620473280334,1
TCGA-BH-A0BS-01A-11R-A12P-07,0.2615224464050393,0
TCGA-DD-A4NH-01A-11R-A27V-07,0.614111462078097,1
TCGA-L9-A443-01A-12R-A24H-07,0.9070395898591319,0
TCGA-IB-7893-01A-11R-2204-07,0.5525479594970248,1
TCGA-C8-A26W-01A-11R-A16F-07,0.9645156100025927,1
TCGA-AA-3866-01A-01R-1022-07,0.9337359623976034,0
TCGA-AA-3966-01A-01R-1113-07,0.8493827659919675,1
TCGA-24-1425-01A-02R-1566-13,0.9124364585177996,0
TCGA-J9-A52D-01A-11R-A29R-07,0.38683061048577977,0
TCGA-2Z-A9JQ-01A-11R-A42S-07,0.24412180361620367,1
TCGA-AA-3941-01A-01R-1022-07,0.722407558954403,1
TCGA-77-7337-01A-21R-2045-07,0.22832959954293192,1
TCGA-92-8063-01A-11R-2247-07,0.8283131618154931,1
TCGA-BH-A0EA-01A-11R-A115-07,0.940746557994326,0
TCGA-EJ-7330-01A-11R-2118-07,0.2792147676341231,0
TCGA-CC-A3MC-01A-11R-A22L-07,0.33673619618852774,1
TCGA-DD-AADD-01A-11R-A41C-07,0.8894955868488659,1
TCGA-EJ-7314-01A-31R-2118-07,0.298250460304319,0
TCGA-E2-A109-01A-11R-A10J-07,0.9634531444427487,1
TCGA-AO-A1KR-01A-12R-A144-07,0.38265558667635513,1
TCGA-EJ-A7NK-01A-12R-A352-07,0.2504583558106242,1
TCGA-56-A4ZK-01A-11R-A262-07,0.7461843369425967,1
TCGA-B0-5117-01A-01R-1420-07,0.28448681340175314,1
TCGA-A2-A04R-01A-41R-A109-07,0.958048163700564,1
TCGA-78-7152-01A-11R-2039-07,0.9479022269645158,0
TCGA-EB-A41B-01A-11R-A24X-07,0.5080860375809411,1
TCGA-50-6592-01A-11R-1755-07,0.8932940184044831,1
TCGA-E9-A1NA-01A-11R-A144-07,0.9586584295320014,1
TCGA-97-8552-01A-11R-2403-07,0.8074472218482958,1
TCGA-DD-A4NQ-01A-21R-A28V-07,0.500501803304096,1
TCGA-QG-A5YX-01A-11R-A28H-07,0.8946578655356909,1
TCGA-38-4632-01A-01R-1755-07,0.8728243261979693,1
TCGA-ZP-A9D1-01A-11R-A38B-07,0.22558625237627586,1
TCGA-E9-A1RF-01A-11R-A157-07,0.961997593669476,1
TCGA-AA-3681-01A-01R-0905-07,0.9546957827794674,0
TCGA-BH-A0BR-01A-21R-A115-07,0.9322691648536447,0
TCGA-CA-5254-01A-21R-1839-07,0.9581608326873635,1
TCGA-18-3417-01A-01R-1443-07,0.7905537726246599,1
TCGA-86-A4P7-01A-11R-A24X-07,0.9559546223087312,0
TCGA-24-1924-01A-01R-1567-13,0.9099593971947577,1
TCGA-AO-A0JL-01A-11R-A056-07,0.7254946553105839,1
TCGA-ED-A7PX-01A-51R-A352-07,0.9510182335273815,1
TCGA-29-1696-01A-01R-1567-13,0.8605358022163501,1
TCGA-AC-A8OP-01A-11R-A36F-07,0.943781424082352,1
TCGA-BP-5202-01A-02R-1426-07,0.23701614237407043,1
TCGA-EP-A26S-01A-11R-A16W-07,0.3474270272391065,1
TCGA-77-8144-01A-11R-2247-07,0.7567002632516053,1
TCGA-60-2713-01A-01R-0851-07,0.9373405233731702,1
TCGA-AO-A03T-01A-21R-A034-07,0.6032269099921977,0
TCGA-NK-A5D1-01A-11R-A26W-07,0.8723177342887036,1
TCGA-NI-A8LF-01A-11R-A36F-07,0.42236720266103733,0
TCGA-B0-4693-01A-01R-1277-07,0.2603335232316324,1
TCGA-CH-5761-01A-11R-1580-07,0.9432097928271453,1
TCGA-VR-A8EW-01A-11R-A36D-31,0.17816274167548002,0
TCGA-09-0364-01A-02R-1564-13,0.9110474875213659,1
TCGA-US-A77E-01A-11R-A32O-07,0.9493303868819114,1
TCGA-BP-4329-01A-02R-1289-07,0.27905106671342755,1
TCGA-E9-A2JS-01A-11R-A180-07,0.9494448083669995,1
TCGA-L5-A8NN-01A-11R-A37I-31,0.7512154247668918,1
TCGA-BP-4169-01A-02R-1289-07,0.27709270424086513,1
TCGA-DD-A3A5-01A-11R-A22L-07,0.3477271367111337,0
TCGA-KK-A7B1-01A-11R-A32O-07,0.9513063436171272,1
TCGA-KR-A7K2-01A-12R-A33R-07,0.27814847567572454,1
TCGA-77-A5G8-01B-11R-A27Q-07,0.28723422136371535,1
TCGA-AA-A00F-01A-01R-A002-07,0.9373257711568308,0
TCGA-BP-4340-01A-01R-1289-07,0.30519416007052236,0
TCGA-BP-4164-01A-02R-1325-07,0.3050354478872478,1
TCGA-B6-A0RU-01A-11R-A084-07,0.8709665855502398,0
TCGA-EJ-7794-01A-11R-2118-07,0.4068229724125755,1
TCGA-C8-A12P-01A-11R-A115-07,0.8971092117587538,0
TCGA-09-1674-01A-01R-1566-13,0.8236636089094836,1
TCGA-G9-6365-01A-11R-1789-07,0.854338431391564,1
TCGA-J4-8200-01A-11R-A29R-07,0.30552201628907144,1
TCGA-BH-A0H5-01A-21R-A115-07,0.8011712173545359,0
TCGA-66-2787-01A-01R-0980-07,0.3554556625124501,0
TCGA-XK-AAIV-01A-11R-A41O-07,0.9510171599949744,1
TCGA-G9-6351-01A-21R-1965-07,0.263693848822249,1
TCGA-BP-4967-01A-01R-1334-07,0.9593098761704962,1
TCGA-39-5036-01A-01R-1443-07,0.16485932467291825,1
TCGA-2J-AAB8-01A-12R-A41B-07,0.9547586528266159,1
TCGA-ZP-A9CV-01A-11R-A38B-07,0.3107656328484997,1
TCGA-A6-5667-01A-21R-1723-07,0.6596376698164094,1
TCGA-XJ-A83F-01A-11R-A352-07,0.27074802857431424,1
TCGA-BP-4160-01A-02R-1289-07,0.19344501590286078,1
TCGA-AA-A02H-01A-01R-A089-07,0.9550452822076076,1
TCGA-SU-A7E7-01A-22R-A33R-07,0.9399305169431684,1
TCGA-LN-A8HZ-01A-11R-A36D-31,0.26862074737981767,1
TCGA-VP-A87C-01A-11R-A352-07,0.9294964940915382,1
TCGA-G9-6347-01A-11R-A31N-07,0.1682913883529512,1
TCGA-2L-AAQM-01A-11R-A39D-07,0.7993929581125754,1
TCGA-CA-5797-01A-01R-1653-07,0.9513209715348312,1
TCGA-2J-AABA-01A-21R-A41B-07,0.9574137432192129,1
TCGA-77-8156-01A-11R-2247-07,0.9141075383584436,1
TCGA-VR-A8EZ-01A-11R-A36D-31,0.9226363519011083,1
TCGA-J9-A52C-01A-11R-A26U-07,0.22055428561963583,0
TCGA-BP-4989-01A-01R-1334-07,0.25652237379834364,1
TCGA-EB-A3Y7-01A-11R-A239-07,0.35147438248356694,1
TCGA-13-1506-01A-01R-1565-13,0.378918696790591,1
TCGA-EJ-A46D-01A-21R-A32Y-07,0.2663686761683348,1
TCGA-HC-A631-01A-11R-A29R-07,0.9389343522121839,1
TCGA-69-7761-01A-11R-2170-07,0.7936129073114699,1
TCGA-61-2092-01A-01R-1568-13,0.8726415432610596,0
TCGA-BH-A1FN-01A-11R-A13Q-07,0.820364147229914,1
TCGA-G3-A25X-01A-11R-A16W-07,0.3325658989772368,1
TCGA-34-8455-01A-11R-2326-07,0.8985082789160661,1
TCGA-BP-4972-01A-01R-1334-07,0.22910464416247978,1
TCGA-13-0885-01A-02R-1569-13,0.5027228405161279,1
TCGA-CJ-6027-01A-11R-1672-07,0.7114790954699266,1
TCGA-O1-A52J-01A-11R-A262-07,0.8671551217188171,0
TCGA-EB-A3XB-01A-11R-A239-07,0.25814941048163764,0
TCGA-KK-A7AY-01A-11R-A33R-07,0.2424766896229586,1
TCGA-AA-3930-01A-01R-1022-07,0.9425978167641513,1
TCGA-49-4506-01A-01R-1206-07,0.611955591366723,1
TCGA-61-2000-01A-01R-1568-13,0.947951547957029,1
TCGA-Z5-AAPL-01A-12R-A41B-07,0.9240531009725794,1
TCGA-ZG-A9LU-01A-11R-A41O-07,0.5621952360315154,0
TCGA-JY-A93F-01A-21R-A37I-31,0.2805488197032449,1
TCGA-66-2800-01A-01R-1201-07,0.5947482997525158,1
TCGA-66-2773-01A-01R-1201-07,0.9104661430028855,1
TCGA-C8-A27A-01A-11R-A169-07,0.9449800773484933,1
TCGA-G7-A8LE-01A-11R-A36F-07,0.13159960120281605,0
TCGA-HC-7819-01A-11R-2118-07,0.2870848248759694,1
TCGA-50-5936-01A-11R-1628-07,0.9480903010944829,1
TCGA-86-8359-01A-11R-2326-07,0.9483562114927241,1
TCGA-AA-3518-01A-02R-0826-07,0.25265845417762217,1
TCGA-HC-7211-01A-11R-2118-07,0.22571049091687684,1
TCGA-BH-A0C0-01A-21R-A056-07,0.9441271466053488,1
TCGA-AA-A02O-01A-21R-A16W-07,0.2168938555356228,0
TCGA-KK-A8I5-01A-11R-A36G-07,0.270149790569465,1
TCGA-BP-5000-01A-01R-1334-07,0.23129236732259437,1
TCGA-A8-A09X-01A-11R-A00Z-07,0.955644958268779,1
TCGA-ER-A2NF-01A-11R-A18T-07,0.2784500646542176,1
TCGA-BH-A6R8-01A-21R-A33J-07,0.19650575814379972,1
TCGA-44-2661-01A-01R-1107-07,0.6224494175918063,1
TCGA-AO-A0J2-01A-11R-A034-07,0.8574116601982766,1
TCGA-IG-A5B8-01A-11R-A28J-31,0.27836746280488806,1
TCGA-55-8512-01A-11R-2403-07,0.8650999886057138,1
TCGA-HE-A5NJ-01A-11R-A26U-07,0.19300416798027112,1
