sample_id,score,y_member
TCGA-B0-5115-01A-01R-1420-07,0.4858059802520509,1
TCGA-EJ-A46E-01A-31R-A250-07,0.4873250757039387,1
TCGA-DD-AAE7-01A-11R-A41C-07,0.579151281722835,1
TCGA-Z6-A8JE-01A-11R-A37I-31,0.7508811232055396,1
TCGA-A8-A08F-01A-11R-A00Z-07,0.8675005023990959,1
TCGA-59-2350-01A-01R-1569-13,0.8733354564556445,1
TCGA-CZ-4858-01A-01R-1305-07,0.9520773679613308,1
TCGA-CZ-5470-01A-01R-1503-07,0.8913677681018559,1
TCGA-AN-A0XN-01A-21R-A109-07,0.46788364925276027,1
TCGA-37-A5EL-01A-11R-A26W-07,0.8398830204783616,1
TCGA-46-6025-01A-11R-1820-07,0.8098296233197164,1
TCGA-AN-A0XS-01A-22R-A109-07,0.8742401011846481,1
TCGA-M7-A725-01A-12R-A32O-07,0.9048924447213144,1
TCGA-XN-A8T3-01A-11R-A36G-07,0.957451238454247,0
TCGA-3K-AAZ8-01A-12R-A39D-07,0.6053648328286707,1
TCGA-B9-5155-01A-01R-1592-07,0.8714702711739843,1
TCGA-OK-A5Q2-01A-11R-A27Q-07,0.5610821880330333,1
TCGA-2Y-A9H8-01A-11R-A39D-07,0.6006157240611303,1
TCGA-30-1866-01A-02R-1568-13,0.5365902996403211,1
TCGA-SX-A7SO-01A-11R-A355-07,0.4565321445485526,1
TCGA-55-7283-01A-11R-2039-07,0.6069041960602996,1
TCGA-M7-A720-01A-12R-A32O-07,0.9006954490105975,1
TCGA-91-6828-01A-11R-1858-07,0.9071240664397827,1
TCGA-D8-A1JF-01A-11R-A13Q-07,0.4441411326403537,1
TCGA-D8-A1JG-01B-11R-A13Q-07,0.8790219769086003,1
TCGA-AL-3468-01A-02R-1351-07,0.5494034071932411,1
TCGA-21-1082-01A-01R-0692-07,0.8136181084557635,1
TCGA-A4-8311-01A-11R-2404-07,0.4972022994493908,1
TCGA-BD-A3EP-01A-11R-A22L-07,0.6219550676480126,1
TCGA-92-7340-01A-21R-2045-07,0.8486481058685806,1
TCGA-EJ-A65B-01A-12R-A30B-07,0.5349183385705917,1
TCGA-HC-8261-01B-05R-2302-07,0.539238593153249,1
TCGA-AZ-6601-01A-11R-1774-07,0.862763278892596,1
TCGA-B0-4703-01A-01R-1277-07,0.5095987372890332,1
TCGA-AA-A004-01A-01R-A00A-07,0.7301822585939718,1
TCGA-30-1862-01A-02R-1568-13,0.7155403309979667,1
TCGA-09-2045-01A-01R-1568-13,0.815646545668279,1
TCGA-E2-A10F-01A-11R-A10J-07,0.5761493569522592,1
TCGA-OL-A6VO-01A-12R-A33J-07,0.48733217971548265,1
TCGA-BQ-5884-01A-11R-1592-07,0.4738293656343472,1
TCGA-49-4507-01A-01R-1206-07,0.9108137287845082,1
TCGA-ZG-A9LS-01A-12R-A41O-07,0.5363943719345244,1
TCGA-AN-A0FW-01A-11R-A034-07,0.9200063836280821,1
TCGA-A6-A5ZU-01A-11R-A28H-07,0.5705643164947265,1
TCGA-QU-A6IL-01A-11R-A31N-07,0.4423000072241713,1
TCGA-67-4679-01B-01R-1755-07,0.5242704637653847,0
TCGA-DM-A28G-01A-11R-A16W-07,0.4505204161977975,1
TCGA-IB-AAUV-01A-11R-A38C-07,0.563302124179366,1
TCGA-FB-AAPZ-01A-11R-A41B-07,0.5395078909896528,1
TCGA-DD-AAEG-01A-11R-A39D-07,0.5802578523912876,1
TCGA-24-0975-01A-02R-1565-13,0.2552244087467545,1
TCGA-AA-3841-01A-01R-0905-07,0.7383650980110984,0
TCGA-75-6211-01A-11R-1755-07,0.908856960344718,1
TCGA-IB-7887-01A-11R-2156-07,0.5509351800237191,1
TCGA-78-7161-01A-11R-2039-07,0.5322618496837229,1
TCGA-B0-5699-01A-11R-1541-07,0.8695366452038685,1
TCGA-DD-A113-01A-11R-A131-07,0.9267721762013569,1
TCGA-E9-A1R2-01A-11R-A14D-07,0.9023828174903487,1
TCGA-78-7536-01A-11R-2066-07,0.6489147848794045,1
TCGA-B6-A0WY-01A-11R-A109-07,0.88237353861906,1
TCGA-ZP-A9CY-01A-11R-A38B-07,0.5756297993423136,1
TCGA-EJ-5495-01A-01R-1580-07,0.5095959874282547,0
TCGA-2H-A9GJ-01A-11R-A37I-31,0.6970176748435484,1
TCGA-AA-3955-01A-02R-1022-07,0.7893926878622137,1
TCGA-20-1684-01A-01R-1566-13,0.5437912797653403,1
TCGA-AA-3697-01A-01R-1723-07,0.8747703803667894,1
TCGA-56-5898-01A-11R-1635-07,0.8502982816645511,1
TCGA-BP-4801-01A-02R-1420-07,0.3879458018214108,1
TCGA-D8-A146-01A-31R-A115-07,0.4816828468416743,1
TCGA-DD-AACJ-01A-11R-A41C-07,0.5480586006008178,0
TCGA-BQ-5892-01A-11R-1592-07,0.4775456838354541,1
TCGA-BH-A0BF-01A-21R-A12P-07,0.4870770128561189,0
TCGA-HZ-8003-01A-21R-2204-07,0.5847243572369558,0
TCGA-BH-A1EU-01A-11R-A137-07,0.589053787825781,1
TCGA-61-1900-01A-01R-1567-13,0.7589103818140543,0
TCGA-AM-5821-01A-01R-1653-07,0.45454599298718534,1
TCGA-A7-A26J-01A-11R-A169-07,0.9058441092506822,1
TCGA-AR-A1AT-01A-11R-A12P-07,0.7002509140781329,1
TCGA-OL-A5S0-01A-11R-A28M-07,0.5203603023312874,1
TCGA-63-6202-01A-11R-1820-07,0.8577615286493225,1
TCGA-A2-A3XV-01A-21R-A239-07,0.5406764730755723,0
TCGA-CH-5772-01A-11R-1580-07,0.49476082811338323,1
TCGA-OL-A5DA-01A-11R-A27Q-07,0.9218687570871408,1
TCGA-2Z-A9J1-01A-11R-A38C-07,0.9507775389306125,1
TCGA-LN-A8I0-01A-11R-A36D-31,0.6246492959793996,0
TCGA-50-8460-01A-11R-2326-07,0.95642237355771,1
TCGA-86-8279-01A-11R-2287-07,0.9058967657633764,1
TCGA-56-A4ZJ-01A-11R-A262-07,0.45357936250377373,1
TCGA-67-3770-01A-01R-0946-07,0.9310879962237184,1
TCGA-A2-A0YF-01A-21R-A109-07,0.5790119712023334,1
TCGA-85-A50Z-01A-21R-A262-07,0.42254082066619697,1
TCGA-G9-6363-01A-21R-1789-07,0.5565806606981999,1
TCGA-G7-6790-01A-11R-1965-07,0.4785327050210682,0
TCGA-AR-A1AM-01A-41R-A22K-07,0.584872128885387,0
TCGA-E2-A10C-01A-21R-A10J-07,0.4941779169152232,1
TCGA-AA-A00L-01A-01R-A002-07,0.7622425323329253,0
TCGA-55-7995-01A-11R-2187-07,0.5383577159315812,1
TCGA-G4-6309-01A-21R-1839-07,0.4569516546480817,1
TCGA-CJ-4908-01A-01R-1426-07,0.4052947705335436,1
TCGA-EJ-A46B-01A-31R-A250-07,0.4877302397652138,0
TCGA-AR-A24Z-01A-11R-A169-07,0.45584960470926167,0
TCGA-A6-2685-01A-01R-1410-07,0.8046992811150296,0
TCGA-A4-A5DU-01A-11R-A28H-07,0.8908370700383587,1
TCGA-AZ-6600-01A-11R-1774-07,0.48339291132855,1
TCGA-CC-A7IH-01A-11R-A33J-07,0.5576539976743013,1
TCGA-QU-A6IM-01A-11R-A31N-07,0.5401961304104131,1
TCGA-LN-A49M-01A-21R-A260-31,0.6493174393366864,1
TCGA-66-2765-01A-01R-0851-07,0.44086700364630277,0
TCGA-A8-A0AB-01A-11R-A034-07,0.596781873574989,1
TCGA-S3-AA14-01A-11R-A41B-07,0.9043893619769467,1
TCGA-98-A538-01A-11R-A262-07,0.8345310331647134,1
TCGA-CM-6166-01A-11R-1653-07,0.4610667291761666,1
TCGA-5M-AAT4-01A-11R-A41B-07,0.4483935652060441,1
TCGA-61-2008-01A-02R-1568-13,0.6920107976829951,1
TCGA-B6-A0X0-01A-21R-A115-07,0.8913320226211436,1
TCGA-86-8281-01A-11R-2287-07,0.8932596340162664,1
TCGA-24-1546-01A-01R-1566-13,0.6887253379803937,0
TCGA-V1-A9OL-01A-11R-A41O-07,0.9139235705656034,0
TCGA-BH-A201-01A-11R-A14M-07,0.4870727340968434,1
TCGA-18-3409-01A-01R-0980-07,0.8309568253305726,1
TCGA-F4-6461-01A-11R-1774-07,0.6747624868447822,1
TCGA-AA-A02E-01A-01R-A00A-07,0.7814419744707053,0
TCGA-YL-A9WY-01A-11R-A41O-07,0.8948939939999522,1
TCGA-B0-5102-01A-01R-1420-07,0.8780167710170222,1
TCGA-G9-7521-01A-11R-2263-07,0.5109146341882664,0
TCGA-CJ-4902-01A-01R-1426-07,0.4686456621472475,1
TCGA-CA-6717-01A-11R-1839-07,0.4701421118871977,0
TCGA-IG-A5S3-01A-11R-A28J-31,0.8907856757312184,0
TCGA-EJ-5497-01A-02R-1580-07,0.8721213649438009,1
TCGA-BF-A5EO-01A-12R-A27Q-07,0.47383239866568044,0
TCGA-85-A4JC-01A-11R-A24Z-07,0.43363174315109826,1
TCGA-44-3917-01A-01R-A278-07,0.9098839546013212,1
TCGA-A8-A08H-01A-21R-A00Z-07,0.4722823956832689,1
TCGA-95-A4VN-01A-11R-A262-07,0.5365759699258988,1
TCGA-B0-5693-01A-11R-1541-07,0.38502007319408743,1
TCGA-77-8138-01A-11R-2247-07,0.4234519142093264,1
TCGA-KK-A7B0-01A-11R-A32O-07,0.5511637415902589,1
TCGA-B0-5083-01A-02R-1420-07,0.8924798906217271,1
TCGA-GM-A2DA-01A-11R-A18M-07,0.6061403269576865,1
TCGA-A2-A3KD-01A-12R-A213-07,0.5969918463889589,1
TCGA-DD-A39Y-01A-11R-A213-07,0.4585474634653967,1
TCGA-B6-A0WZ-01A-11R-A109-07,0.878061291520275,1
TCGA-A6-2682-01A-01R-1410-07,0.7768181165378006,1
TCGA-D8-A1JU-01A-11R-A13Q-07,0.5884637172319737,0
TCGA-RL-AAAS-01A-32R-A39D-07,0.5694340174972146,0
TCGA-B9-A44B-01A-11R-A24Z-07,0.9060281186902789,1
TCGA-B6-A0I5-01A-11R-A034-07,0.49264859774950726,1
TCGA-BH-AB28-01A-31R-A41B-07,0.9026398818182259,1
TCGA-E9-A1N9-01A-11R-A14D-07,0.5979995599547794,0
TCGA-A3-3363-01A-01R-0864-07,0.47199568196719033,1
TCGA-22-1000-01A-01R-A32Z-07,0.4379005772351814,1
TCGA-KK-A6E4-01A-11R-A30B-07,0.9470851242549995,1
TCGA-BQ-5889-01A-11R-1592-07,0.9179366947504907,1
TCGA-DM-A1HA-01A-11R-A155-07,0.9162803410163178,1
TCGA-BF-A5ER-01A-12R-A27Q-07,0.6835986976440029,1
TCGA-LL-A73Y-01A-11R-A33J-07,0.4917155973719898,1
TCGA-BF-A3DL-01A-11R-A20F-07,0.879954080628624,1
TCGA-VR-A8EO-01A-11R-A36D-31,0.8249346032566386,1
TCGA-L1-A7W4-01A-12R-A36G-07,0.6882570228348438,1
TCGA-B0-4838-01A-01R-1305-07,0.8762733597582054,1
TCGA-2Y-A9GY-01A-11R-A38B-07,0.6301390664960472,1
TCGA-BP-4343-01A-02R-1289-07,0.386978772428337,1
TCGA-BQ-5893-01A-11R-1592-07,0.5484535437651483,1
TCGA-HP-A5MZ-01A-21R-A27V-07,0.9284225348396051,1
TCGA-A7-A4SE-01A-11R-A266-07,0.5149420725477252,0
TCGA-66-2783-01A-01R-1201-07,0.41403756142723086,1
TCGA-73-4675-01A-01R-1206-07,0.9021568848808659,1
TCGA-D5-5538-01A-01R-1653-07,0.47607043013197964,1
TCGA-YL-A8SO-01B-31R-A37L-07,0.8927165214284907,1
TCGA-E2-A15H-01A-11R-A12D-07,0.48823252202449785,1
TCGA-V1-A8WN-01A-11R-A37L-07,0.5318440816066168,1
TCGA-BH-A0EB-01A-11R-A034-07,0.9423621307088857,1
TCGA-DD-A39X-01A-11R-A213-07,0.5754858515354087,1
TCGA-E2-A1LK-01A-21R-A14D-07,0.6274332132985811,1
TCGA-AR-A0TV-01A-21R-A084-07,0.8853355385250308,0
TCGA-A1-A0SD-01A-11R-A115-07,0.47054551356477164,1
TCGA-33-AASI-01A-22R-A405-07,0.8023876653620624,1
TCGA-L5-A4OW-01A-11R-A28J-31,0.758512792755734,1
TCGA-86-7711-01A-11R-2066-07,0.8943426608189758,1
TCGA-34-5234-01A-01R-1635-07,0.8595419246150212,0
TCGA-63-7023-01A-11R-1949-07,0.44323756486047416,1
TCGA-BP-5191-01A-01R-1426-07,0.8811574528444084,1
TCGA-Q9-A6FW-01A-31R-A31P-31,0.7378909697416332,0
TCGA-CZ-5468-01A-01R-1503-07,0.9066522834605181,0
TCGA-78-7153-01A-11R-2039-07,0.5301662465234909,1
TCGA-DD-A4NA-01A-11R-A266-07,0.6579343205609219,1
TCGA-43-2578-01A-01R-0851-07,0.6625287900117144,0
TCGA-5R-AA1C-01A-11R-A41C-07,0.574218653179165,1
TCGA-78-7149-01A-11R-2039-07,0.8744381721830342,1
TCGA-CW-5591-01A-01R-1541-07,0.8762908674902725,1
TCGA-13-0906-01A-01R-1564-13,0.35699992379458456,1
TCGA-CJ-4876-01A-01R-1305-07,0.8633128350294007,1
TCGA-M7-A724-01A-12R-A32O-07,0.5051830369961476,1
TCGA-62-A46Y-01A-11R-A24H-07,0.9182819904815498,1
TCGA-C8-A26V-01A-11R-A16F-07,0.8666495423364746,1
TCGA-OL-A5D8-01A-11R-A27Q-07,0.5860737380633243,0
TCGA-77-8143-01A-11R-2247-07,0.415844392065177,1
TCGA-BH-A0DO-01B-11R-A12D-07,0.6086073071832038,0
TCGA-CJ-5675-01A-11R-1541-07,0.8672331863405951,0
TCGA-A2-A4S0-01A-21R-A266-07,0.5957751426647424,1
TCGA-B9-4117-01A-02R-1351-07,0.48057477871805704,1
TCGA-BP-4352-01A-01R-1289-07,0.8886810931997654,0
TCGA-A2-A0ST-01A-12R-A084-07,0.6028191924989542,1
TCGA-E2-A1IH-01A-11R-A13Q-07,0.5197707376483784,1
TCGA-37-3792-01A-01R-0980-07,0.4024002288305004,0
TCGA-AK-3427-01A-01R-0864-07,0.8158744265609158,0
TCGA-AA-3506-01A-01R-1410-07,0.7438860303944576,1
TCGA-CZ-5466-01A-01R-1503-07,0.5220885546074067,1
TCGA-77-8140-01A-11R-2247-07,0.8473229945203454,0
TCGA-21-5786-01A-01R-1635-07,0.8619307460288788,0
TCGA-86-8075-01A-11R-2241-07,0.5242647750460099,1
TCGA-A3-A8OX-01A-11R-A37O-07,0.8771034617015434,1
TCGA-95-8494-01A-11R-2326-07,0.9375591894850277,0
TCGA-IG-A7DP-01A-31R-A336-31,0.26517987966377615,0
TCGA-AD-6964-01A-11R-1928-07,0.4753096871263806,1
TCGA-A8-A0A6-01A-12R-A056-07,0.4800731644708621,1
TCGA-B0-5711-01A-11R-1672-07,0.8082638309416234,1
TCGA-BH-A1FM-01A-11R-A13Q-07,0.48308350788620735,0
TCGA-CH-5771-01A-21R-1580-07,0.9060825301802828,1
TCGA-69-7980-01A-11R-2187-07,0.8884358202345716,1
TCGA-AR-A254-01A-21R-A169-07,0.4945494529571141,1
TCGA-A6-2683-01A-01R-0821-07,0.8775463199900504,1
TCGA-PL-A8LY-01A-11R-A41B-07,0.8897334813246547,1
TCGA-G3-A3CH-01A-11R-A22L-07,0.5843668690102963,1
TCGA-57-1583-01A-01R-1566-13,0.633485775491445,1
TCGA-A4-8310-01A-11R-2404-07,0.54917555820777,1
TCGA-XK-AAJP-01A-11R-A41O-07,0.5361848923327068,1
TCGA-EB-A3XE-01A-12R-A239-07,0.5048678845645792,1
TCGA-AN-A0FZ-01A-11R-A034-07,0.8751547831035744,1
TCGA-13-0911-01A-01R-1564-13,0.5005555188136466,1
TCGA-51-6867-01A-11R-2045-07,0.8508676579549228,0
TCGA-AN-A04D-01A-21R-A034-07,0.4591704607365888,0
TCGA-DD-AADC-01A-11R-A41C-07,0.9680426907008354,1
TCGA-73-4677-01A-01R-1206-07,0.6006176565841139,1
TCGA-L9-A743-01A-43R-A39D-07,0.5344635249881615,1
TCGA-E9-A6HE-01A-11R-A31O-07,0.8774517250329665,1
TCGA-E2-A15D-01A-11R-A115-07,0.48595756681098334,1
TCGA-73-4658-01A-01R-1755-07,0.9060997924841497,0
TCGA-CH-5788-01A-11R-1580-07,0.5697096881426735,1
TCGA-E2-A14Z-01A-11R-A115-07,0.953047188230821,1
TCGA-EB-A6QY-01A-12R-A32P-07,0.5094695674570189,0
TCGA-CH-5753-01A-11R-1580-07,0.5077983508023459,1
TCGA-AC-A3W5-01A-11R-A22K-07,0.5094752561759582,1
TCGA-A6-A566-01A-11R-A28H-07,0.4677923230313417,1
TCGA-AA-3994-01A-01R-1113-07,0.7788115744350821,1
TCGA-MS-A51U-01A-31R-A266-07,0.5833614282556697,0
TCGA-13-1509-01A-01R-1565-13,0.6849293119667402,1
TCGA-IG-A6QS-01A-12R-A336-31,0.5985495892606504,0
TCGA-EW-A1PG-01A-11R-A144-07,0.4867351471642356,0
TCGA-23-1023-01A-02R-1564-13,0.8011500579883005,1
TCGA-XJ-A9DI-01A-11R-A37L-07,0.8932843243313461,1
TCGA-68-A59I-01A-11R-A262-07,0.8551555552839281,1
TCGA-13-0891-01A-01R-1564-13,0.6113067901119771,0
TCGA-A7-A13E-01A-11R-A12P-07,0.4976942422940298,0
TCGA-A8-A07E-01A-11R-A034-07,0.46598023768513724,1
TCGA-EJ-7785-01A-11R-2118-07,0.5246383170117321,1
TCGA-98-A53C-01A-11R-A262-07,0.4275959856107737,1
TCGA-IB-A7M4-01A-11R-A36G-07,0.5967632707985788,1
TCGA-78-7146-01A-11R-2039-07,0.8958890434063825,0
TCGA-2Z-A9J9-01A-11R-A42S-07,0.49777825370827516,1
TCGA-FR-A726-01A-11R-A32P-07,0.5025743942777671,1
TCGA-49-4487-01A-21R-1858-07,0.5614524628924701,1
TCGA-C8-A278-01A-11R-A169-07,0.48520293324328334,1
TCGA-MP-A4T9-01A-11R-A24X-07,0.5339212278539398,1
TCGA-BH-A1FG-01A-11R-A13Q-07,0.5678286963841283,0
TCGA-CK-6746-01A-11R-1839-07,0.9076175530288421,0
TCGA-E9-A1N8-01A-11R-A144-07,0.49533812856459014,1
TCGA-2Z-A9J6-01A-11R-A38C-07,0.8588457846596879,0
TCGA-A6-6137-01A-11R-1774-07,0.8341785151905915,1
TCGA-V1-A9OA-01A-11R-A41O-07,0.5086884444724026,0
TCGA-HV-A7OP-01A-11R-A33R-07,0.5465788574363828,1
TCGA-KK-A7B3-01A-11R-A33R-07,0.5234238972498907,1
TCGA-UB-A7MA-01A-11R-A33R-07,0.9419991615942572,1
TCGA-VR-AA7D-01A-11R-A406-31,0.8359236070037439,1
TCGA-D8-A1Y0-01A-11R-A14M-07,0.9076299478945833,1
TCGA-DD-A4NF-01A-11R-A27V-07,0.920919924430479,0
TCGA-AR-A24Q-01A-12R-A169-07,0.48218491540824193,1
TCGA-BP-4986-01A-01R-1334-07,0.8094964052393234,1
TCGA-L4-A4E6-01A-11R-A24H-07,0.6364690247040747,1
TCGA-EJ-A46F-01A-31R-A250-07,0.5425476104045451,1
TCGA-21-1078-01A-01R-0692-07,0.3952732061854242,1
TCGA-33-4587-01A-11R-2125-07,0.9840927068050311,1
TCGA-VN-A88Q-01A-11R-A352-07,0.4980448756123872,0
TCGA-RC-A7S9-01A-11R-A33R-07,0.9094300620640084,1
TCGA-98-A53J-01A-11R-A26W-07,0.41576190319896916,1
TCGA-B0-5705-01A-11R-1541-07,0.8933391000541626,0
TCGA-97-7546-01A-11R-2039-07,0.6220842557197909,1
TCGA-YL-A8SQ-01B-11R-A37L-07,0.8806630002133395,1
TCGA-AA-3712-01A-21R-1723-07,0.4646773235658329,1
TCGA-AR-A5QM-01A-11R-A27Q-07,0.5902137404657463,1
TCGA-HC-7077-01A-11R-1965-07,0.5181756607135309,1
TCGA-66-2795-01A-02R-0980-07,0.42946322748453636,1
TCGA-BP-4977-01A-01R-1334-07,0.3831129920932656,1
TCGA-CZ-5988-01A-11R-1672-07,0.4504253806441616,1
TCGA-LL-A5YP-01A-21R-A28M-07,0.8639430010767776,1
TCGA-B0-4706-01A-01R-1503-07,0.9024997788098859,1
TCGA-29-1784-01A-02R-1567-13,0.6237408842188893,0
TCGA-55-7903-01A-11R-2170-07,0.665907986396319,1
TCGA-CM-6680-01A-11R-1839-07,0.8606084052311128,1
TCGA-49-6743-01A-11R-1858-07,0.9630530668279087,1
TCGA-B0-4815-01A-01R-1503-07,0.9018186610847264,1
TCGA-EW-A1PE-01A-11R-A144-07,0.49095129644460916,1
TCGA-VN-A88I-01A-11R-A352-07,0.5352898641985973,1
TCGA-NJ-A7XG-01A-12R-A39D-07,0.8739938859372242,0
TCGA-G7-A8LC-01A-11R-A36F-07,0.5261588653113275,1
TCGA-G9-7525-01A-31R-2263-07,0.8682654431613559,1
TCGA-A3-3362-01A-02R-1325-07,0.8800431410282756,1
TCGA-AN-A0AR-01A-11R-A00Z-07,0.9246478292938546,1
TCGA-R6-A8WC-01A-11R-A37I-31,0.8557689096742459,1
TCGA-73-A9RS-01A-11R-A41B-07,0.6482767774392245,1
TCGA-05-4390-01A-02R-1755-07,0.535102249623053,1
TCGA-CM-5349-01A-21R-1723-07,0.4779678296093055,0
TCGA-CJ-4637-01A-02R-1325-07,0.5312640719947541,0
TCGA-CJ-4897-01A-03R-1426-07,0.43506422178389326,1
TCGA-D8-A3Z6-01A-11R-A239-07,0.5966652326498478,1
TCGA-68-7757-01B-11R-2296-07,0.8257741779860496,1
TCGA-HI-7168-01A-11R-2118-07,0.9181322826024018,1
TCGA-DV-A4VZ-01A-11R-A266-07,0.4965530217152576,1
TCGA-CC-A7IJ-01A-11R-A33R-07,0.6776289436042325,0
TCGA-3C-AALJ-01A-31R-A41B-07,0.512295971145021,1
TCGA-49-4505-01A-01R-1206-07,0.5363392299386043,1
TCGA-V5-A7RE-01A-11R-A354-31,0.8440482881142773,1
TCGA-CC-5261-01A-01R-A131-07,0.9468268886691763,1
TCGA-85-A4CN-01A-11R-A24H-07,0.8479489916573151,1
TCGA-BH-A0HI-01A-11R-A084-07,0.4661452909329198,1
TCGA-55-A48Z-01A-12R-A24X-07,0.5519408291820549,1
TCGA-60-2720-01A-01R-0851-07,0.8593133383395283,1
TCGA-A7-A5ZV-01A-11R-A28M-07,0.6123002867342481,1
TCGA-HC-7231-01A-11R-2118-07,0.5210416088034806,1
TCGA-66-2771-01A-01R-0980-07,0.45929050938983207,1
TCGA-EJ-A65J-01A-11R-A311-07,0.8591577996188176,1
TCGA-G4-6322-01A-11R-1723-07,0.4662349256638602,0
TCGA-IB-A7LX-01A-12R-A36G-07,0.9011036390289789,1
TCGA-86-8669-01A-11R-2403-07,0.63392657582933,0
TCGA-B0-5697-01A-11R-1541-07,0.8677238251248908,0
TCGA-G4-6323-01A-11R-1723-07,0.5288708953810992,1
TCGA-L5-A4OT-01A-11R-A28J-31,0.7225195426420223,1
TCGA-3E-AAAZ-01A-11R-A38C-07,0.5694805284653006,1
TCGA-13-1498-01A-01R-1565-13,0.6710320708843082,0
TCGA-WN-AB4C-01A-11R-A42S-07,0.5271358730511939,1
TCGA-AA-A02W-01A-01R-A00A-07,0.806441358944246,1
TCGA-A6-5660-01A-01R-1653-07,0.4860613125131466,1
TCGA-85-A50M-01A-21R-A262-07,0.4029424479913735,1
TCGA-B4-5378-01A-01R-1503-07,0.8949138212756561,0
TCGA-EW-A1PF-01A-11R-A144-07,0.48981080708635655,1
TCGA-44-4112-01B-06R-A277-07,0.5073858691855154,1
TCGA-23-1021-01B-01R-1564-13,0.73732104588904,1
TCGA-CJ-4888-01A-01R-1305-07,0.8331009167193816,0
TCGA-FB-AAQ6-01A-11R-A41B-07,0.5845835430000185,1
TCGA-39-5021-01A-01R-1443-07,0.8171621681296032,1
TCGA-HZ-8638-01A-11R-2404-07,0.5716231411891843,1
TCGA-55-8085-01A-11R-2241-07,0.8949201898568256,1
TCGA-24-2038-01A-01R-1568-13,0.7250283519598024,1
TCGA-UZ-A9PS-01A-11R-A42S-07,0.5400222273438953,1
TCGA-23-1022-01A-01R-1564-13,0.614791599930981,0
TCGA-25-1635-01A-01R-1566-13,0.7629969197430139,0
TCGA-56-8308-01A-11R-2296-07,0.4109576415761963,1
TCGA-A7-A13G-01A-11R-A13Q-07,0.5613795551181482,1
TCGA-BH-A0DX-01A-11R-A115-07,0.9416125444133331,1
TCGA-BH-A0HO-01A-11R-A034-07,0.5822949365446943,0
TCGA-A8-A092-01A-11R-A00Z-07,0.4861405907829711,1
TCGA-A8-A08I-01A-11R-A00Z-07,0.989181768151986,0
TCGA-QU-A6IO-01A-11R-A31N-07,0.8697702139566269,1
TCGA-D8-A1XO-01A-11R-A14M-07,0.6040323942081139,1
TCGA-HE-A5NL-01A-11R-A26U-07,0.4741519067760246,1
TCGA-CZ-5984-01A-11R-1672-07,0.39558554749766667,1
TCGA-EJ-A7NJ-01A-22R-A352-07,0.4772656456259887,1
TCGA-A6-6653-01A-11R-1774-07,0.8808909908423115,1
TCGA-BC-4073-01B-02R-A131-07,0.5179516983471298,0
TCGA-HZ-7923-01A-12R-2156-07,0.5489705937473824,1
TCGA-AL-7173-01A-11R-2139-07,0.5616947142694183,1
TCGA-A2-A1FX-01A-11R-A13Q-07,0.8934995037575035,1
TCGA-AZ-4323-01A-21R-1839-07,0.47172188065493914,1
TCGA-J4-A67R-01A-21R-A30B-07,0.5165440334896874,1
TCGA-BF-AAP8-01A-11R-A40A-07,0.6088113650742407,1
TCGA-IG-A97H-01A-11R-A38D-31,0.6934890609305022,0
TCGA-DM-A28C-01A-11R-A32Y-07,0.5678520228038835,1
TCGA-NJ-A4YQ-01A-11R-A262-07,0.5430923572505701,1
TCGA-LN-A49K-01A-11R-A24K-31,0.8517712051878035,1
TCGA-44-2655-01A-01R-0946-07,0.8790823383292962,0
TCGA-B8-5164-01A-01R-1420-07,0.4580461197248435,1
TCGA-IZ-8195-01A-31R-2404-07,0.4956731926668069,0
TCGA-XD-AAUG-01A-61R-A41B-07,0.5445466801547534,1
TCGA-OE-A75W-01A-12R-A32O-07,0.5737513972157816,1
TCGA-UZ-A9PU-01A-11R-A42S-07,0.8777715612988606,1
TCGA-CM-4752-01A-01R-1410-07,0.7859349197962454,1
TCGA-MR-A520-01A-11R-A266-07,0.557997129343979,0
TCGA-E9-A1R0-01A-22R-A16F-07,0.9058886207309478,1
TCGA-43-8115-01A-11R-2247-07,0.4479510069456552,1
TCGA-F2-A7TX-01A-33R-A38C-07,0.9117808995816314,1
TCGA-13-1404-01A-01R-1565-13,0.7728047523166507,0
TCGA-13-0923-01A-01R-1564-13,0.7905696167487994,1
TCGA-LB-A7SX-01A-11R-A33R-07,0.9113912487057809,1
TCGA-BP-5001-01A-01R-1334-07,0.4794823475656946,1
TCGA-09-1665-01B-01R-1566-13,0.6550386949323498,1
TCGA-GL-A9DC-01A-11R-A37K-07,0.8852926690482681,0
TCGA-IA-A83T-01A-11R-A355-07,0.8721824580483692,1
TCGA-86-8668-01A-11R-2403-07,0.5361431825513303,0
TCGA-A6-5661-01A-01R-1653-07,0.4531438549796413,1
TCGA-V5-A7RC-01B-11R-A406-31,0.8514196392367452,1
TCGA-05-4417-01A-22R-1858-07,0.5357130046140915,1
TCGA-29-1693-01A-01R-1567-13,0.6059925692069101,1
TCGA-AN-A0FX-01A-11R-A034-07,0.4996738367961689,1
TCGA-C8-A135-01A-11R-A115-07,0.866531890588593,1
TCGA-CM-6162-01A-11R-1653-07,0.8436314227073796,1
TCGA-E2-A15C-01A-31R-A12D-07,0.46901155655926796,1
TCGA-D8-A1JI-01A-11R-A13Q-07,0.5659395753868577,1
TCGA-24-1563-01A-01R-1566-13,0.5996330320489193,1
TCGA-BH-A42V-01A-11R-A24H-07,0.9225855454568473,1
TCGA-A6-6780-01A-11R-1839-07,0.8473984694614567,1
TCGA-A3-3323-01A-02R-1325-07,0.5061347572507856,1
TCGA-B0-4712-01A-01R-1503-07,0.8654939545335087,1
TCGA-85-A4QR-01A-11R-A24Z-07,0.7953122417148999,1
TCGA-EW-A423-01A-11R-A24H-07,0.6070063182429772,1
TCGA-HZ-A8P0-01A-11R-A36G-07,0.9233596603811796,1
TCGA-B1-A47M-01A-11R-A24Z-07,0.8899335259228104,0
TCGA-91-6830-01A-11R-1949-07,0.90828653323872,1
TCGA-AO-A0J9-01A-11R-A034-07,0.6064790143630189,0
TCGA-V1-A8WV-01A-11R-A37L-07,0.8932392163433993,1
TCGA-LN-A49N-01A-11R-A24K-31,0.7235254906752754,1
TCGA-BF-AAP6-01A-11R-A40A-07,0.8944132750914585,1
TCGA-B6-A401-01A-11R-A239-07,0.6196311755236225,1
TCGA-BQ-7060-01A-11R-1965-07,0.4696792597819887,0
TCGA-EP-A2KB-01A-11R-A180-07,0.4987997800655494,1
TCGA-A2-A0SY-01A-31R-A084-07,0.9103069155300844,0
TCGA-CZ-4860-01A-01R-1305-07,0.8659781124284254,1
TCGA-CM-6169-01A-11R-1653-07,0.46314538595138854,1
TCGA-85-8353-01A-21R-2296-07,0.41021333131181886,1
TCGA-AA-3850-01A-01R-1022-07,0.8017953271576308,1
TCGA-2Z-A9JJ-01A-11R-A42S-07,0.8987383493601725,1
TCGA-C8-A1HE-01A-11R-A13Q-07,0.5556312852238082,1
TCGA-97-7552-01A-11R-2039-07,0.884564715264401,1
TCGA-YL-A8SC-01A-11R-A37L-07,0.908304963462089,0
TCGA-BQ-5877-01A-11R-1592-07,0.445298655413265,0
TCGA-AA-3986-01A-02R-1022-07,0.8021682663228062,1
TCGA-A6-6140-01A-11R-1774-07,0.4573318868913182,1
TCGA-MP-A5C7-01A-11R-A262-07,0.9329035770574071,1
TCGA-86-7955-01A-11R-2187-07,0.5133829854176427,1
TCGA-A3-3311-01A-02R-1325-07,0.8884014190572453,1
TCGA-MP-A4T8-01A-11R-A24X-07,0.53735289316689,0
TCGA-49-4488-01A-01R-1755-07,0.5379683415732054,0
TCGA-A8-A07O-01A-11R-A00Z-07,0.9400852032072085,0
TCGA-EJ-7312-01B-21R-A32O-07,0.504469444290592,1
TCGA-CK-5912-01A-11R-1653-07,0.8521759981148432,1
TCGA-56-6546-01A-11R-1820-07,0.8424674596624838,1
TCGA-B6-A1KC-01B-11R-A157-07,0.9053495157047007,1
TCGA-5P-A9JU-01A-11R-A42S-07,0.8728480902793343,0
TCGA-B9-4114-01A-01R-1193-07,0.8551848305024434,1
TCGA-EB-A551-01A-21R-A27Q-07,0.497205311552113,1
TCGA-A7-A0DB-01A-11R-A277-07,0.5745827358439246,1
TCGA-G4-6628-01A-11R-1839-07,0.46918924924625643,1
TCGA-LD-A66U-01A-11R-A31O-07,0.9289975943573048,1
TCGA-91-6840-01A-11R-1949-07,0.5525936498400705,0
TCGA-EJ-5527-01A-01R-1580-07,0.511236703636415,1
TCGA-29-2428-01A-01R-1569-13,0.7979632446840776,0
TCGA-22-4601-01A-01R-1443-07,0.8626325189335668,0
TCGA-22-0940-01A-01R-0692-07,0.9264838647809047,1
TCGA-24-1555-01A-01R-1566-13,0.7454894816848737,1
TCGA-F4-6856-01A-11R-1928-07,0.4789851469611646,1
TCGA-LG-A9QD-01A-11R-A38B-07,0.5626107903022063,1
TCGA-B0-4814-01A-01R-1277-07,0.8454768506057055,1
TCGA-DD-A3A7-01A-11R-A22L-07,0.9527613591400406,1
TCGA-BQ-7050-01A-11R-1965-07,0.8809761178569622,1
TCGA-EJ-5524-01A-01R-1580-07,0.9154315022203853,1
TCGA-E9-A22A-01A-11R-A157-07,0.8694718482613346,1
TCGA-BH-A1FJ-01A-11R-A13Q-07,0.45422908399005313,1
TCGA-EJ-5517-01A-01R-1580-07,0.5264910039387805,1
TCGA-FB-AAPP-01A-12R-A41B-07,0.5888069174845943,1
TCGA-EJ-8472-01A-11R-2403-07,0.5744095960471902,1
TCGA-BP-4770-01A-01R-1503-07,0.42739124541828666,1
TCGA-CJ-5681-01A-11R-1541-07,0.5083083694885352,0
TCGA-EJ-5542-01A-01R-1580-07,0.5320709673254811,0
TCGA-13-1407-01A-01R-1565-13,0.4851292308112231,1
TCGA-J7-A8I2-01A-12R-A36F-07,0.45167669269809335,1
TCGA-ED-A627-01A-12R-A311-07,0.6161318906795665,0
TCGA-2J-AABU-01A-11R-A41B-07,0.9122060112435718,1
TCGA-E9-A1QZ-01A-21R-A169-07,0.6037589944746993,1
TCGA-66-2744-01A-01R-0980-07,0.43472344301149823,1
TCGA-29-1781-01A-01R-1567-13,0.6846065981089352,1
TCGA-LN-A49L-01A-11R-A24K-31,0.7384312917411396,0
TCGA-18-4721-01A-01R-1443-07,0.8580800426481459,1
TCGA-A7-A5ZW-01A-12R-A29R-07,0.8676185846550326,1
TCGA-B6-A409-01A-11R-A24H-07,0.8996912845905504,1
TCGA-FC-A4JI-01A-11R-A250-07,0.5799666727513559,1
TCGA-13-1405-01A-01R-1565-13,0.7286164449372975,1
TCGA-DD-AADO-01A-11R-A41C-07,0.6290634238932382,1
TCGA-WX-AA46-01A-11R-A39D-07,0.5425147227345372,1
TCGA-4N-A93T-01A-11R-A37K-07,0.600138819634339,1
TCGA-V1-A9OF-01A-11R-A41O-07,0.8897406532555299,0
TCGA-Y8-A897-01A-11R-A36F-07,0.5077525292694806,1
TCGA-A6-3807-01A-01R-1022-07,0.7849725433118174,1
TCGA-DD-A1ED-01A-11R-A155-07,0.5510150485204682,1
TCGA-AO-A0J8-01A-21R-A034-07,0.4813926810535007,1
TCGA-BH-A42T-01A-11R-A24H-07,0.6154639871821725,0
TCGA-25-1329-01A-01R-1565-13,0.7129477233255215,0
TCGA-AO-A12H-01A-11R-A115-07,0.9296515107450676,1
TCGA-G3-A25T-01A-11R-A16W-07,0.6273077307378815,1
TCGA-G9-7509-01A-11R-A41O-07,0.9505196374076099,1
TCGA-BC-A8YO-01A-11R-A37K-07,0.5014540056947947,1
TCGA-50-5942-01A-21R-1755-07,0.48616982908310274,1
TCGA-GM-A2DB-01A-31R-A18M-07,0.5018986780038966,1
TCGA-C8-A133-01A-32R-A12D-07,0.9015938572644576,1
TCGA-NC-A5HD-01A-11R-A26W-07,0.8157731750053072,1
TCGA-AR-A0U0-01A-11R-A109-07,0.49667314873178037,1
TCGA-23-1029-01B-01R-1567-13,0.7606265020417962,0
TCGA-HZ-8637-01A-11R-2404-07,0.5675165333133102,1
TCGA-D8-A1JM-01A-11R-A13Q-07,0.5931667215222668,1
TCGA-91-8499-01A-11R-2403-07,0.5304990542161073,1
TCGA-ZP-A9D2-01A-11R-A38B-07,0.5993000803234504,1
TCGA-2Y-A9GV-01A-11R-A38B-07,0.9115445468873409,1
TCGA-B8-A54D-01A-21R-A266-07,0.8832709397327296,1
TCGA-A4-8630-01A-11R-2404-07,0.5140280531580458,1
TCGA-F4-6855-01A-11R-1928-07,0.4848442666907303,1
TCGA-EB-A3HV-01A-11R-A21D-07,0.8759131654911817,1
TCGA-XJ-A83G-01A-11R-A352-07,0.5442490316684311,0
TCGA-AA-3560-01A-01R-0821-07,0.7876434366028828,1
TCGA-D8-A1XA-01A-11R-A14D-07,0.9041964065682564,1
TCGA-BP-4963-01A-01R-1334-07,0.8787289982284446,1
TCGA-04-1338-01A-01R-1564-13,0.37154115422354006,1
TCGA-09-1662-01A-01R-1566-13,0.8630651755278265,1
TCGA-24-1417-01A-01R-1565-13,0.8255238191464092,1
TCGA-ZG-A9LN-01A-11R-A41O-07,0.5519407095836266,1
TCGA-EJ-8474-01A-11R-2403-07,0.870338433102273,1
TCGA-13-0727-01A-01R-1564-13,0.5834311647390318,1
TCGA-37-5819-01A-01R-1635-07,0.9225923995220187,1
TCGA-E2-A1LI-01A-12R-A157-07,0.8868914545383569,0
TCGA-77-7138-01A-41R-2045-07,0.4326589848767165,1
TCGA-A2-A3XU-01A-12R-A22U-07,0.5753268566774932,1
TCGA-QG-A5YW-01A-11R-A28H-07,0.4778026913100799,1
TCGA-49-AAR0-01A-21R-A39D-07,0.8871955680762909,1
TCGA-50-6590-01A-12R-1858-07,0.5440275713589605,1
TCGA-55-8510-01A-11R-2403-07,0.5505990494683132,1
TCGA-AL-3466-01A-02R-1351-07,0.44028817936122655,0
TCGA-IB-AAUU-01A-11R-A37L-07,0.8911287701834626,0
TCGA-AA-3815-01A-01R-1022-07,0.7856903356175668,1
TCGA-AR-A0TZ-01A-12R-A084-07,0.9070677999499268,1
TCGA-M7-A71Z-01A-12R-A32O-07,0.5321132586940241,1
TCGA-A8-A09C-01A-11R-A00Z-07,0.5684835233340513,1
TCGA-DD-AAE1-01A-11R-A41C-07,0.8995267754480912,0
TCGA-BH-A1EX-01A-11R-A13Q-07,0.4610253577490048,1
TCGA-DM-A288-01A-11R-A16W-07,0.4514806351744328,0
TCGA-CC-A5UE-01A-11R-A28V-07,0.9173101269061941,1
TCGA-S8-A6BV-01A-21R-A31P-31,0.7110019465269594,1
TCGA-AO-A03O-01A-11R-A00Z-07,0.9126103600305132,0
TCGA-IA-A83W-01A-11R-A355-07,0.9170848788235225,1
TCGA-86-A4P8-01A-11R-A24X-07,0.6226852073023822,0
TCGA-A4-7288-01A-11R-A32Z-07,0.5302011857286711,0
TCGA-33-4532-01A-01R-1201-07,0.8233300415943555,1
TCGA-OY-A56P-01A-12R-A406-31,0.7421720056755817,1
TCGA-GK-A6C7-01A-11R-A33J-07,0.4584661757965219,1
TCGA-E2-A15E-01A-11R-A12D-07,0.6198022435782179,1
TCGA-DD-A39W-01A-11R-A213-07,0.5617547932182416,1
TCGA-AR-A0U3-01A-11R-A109-07,0.47987030692259697,1
TCGA-CJ-4900-01A-01R-1334-07,0.38497861274868544,0
TCGA-E2-A15G-01A-11R-A12D-07,0.5395659251834808,1
TCGA-CH-5769-01A-11R-1580-07,0.5612679013267957,1
TCGA-60-2707-01A-01R-0851-07,0.41694669944833235,1
TCGA-CW-5589-01A-01R-1541-07,0.8003912237887959,0
TCGA-DD-AAEB-01A-11R-A41C-07,0.5575082203932111,1
TCGA-61-2098-01A-01R-1568-13,0.8686090300897795,1
TCGA-05-4249-01A-01R-1107-07,0.5332156095518389,1
TCGA-33-4589-01A-01R-1443-07,0.9163586357824827,1
TCGA-E2-A15K-01A-11R-A12P-07,0.4684684922262038,1
TCGA-DD-A4NL-01A-11R-A28V-07,0.5858482050849804,1
TCGA-BF-AAP2-01A-11R-A40A-07,0.8897198040842788,1
TCGA-44-6779-01A-11R-1858-07,0.5000485917946429,1
TCGA-85-7844-01A-11R-2125-07,0.8503878215532403,1
TCGA-AK-3460-01A-02R-1277-07,0.898260716546373,1
TCGA-B2-4101-01A-02R-1277-07,0.38083566677311564,1
TCGA-51-4080-01A-01R-1100-07,0.8486126036659104,1
TCGA-3C-AALI-01A-11R-A41B-07,0.8767633730470502,1
TCGA-IB-A5SP-01A-11R-A32O-07,0.5639307236257481,1
TCGA-L5-A88Z-01A-11R-A36D-31,0.6805814466474833,0
TCGA-D9-A4Z5-01A-11R-A266-07,0.6347131067837234,1
TCGA-BH-A0DG-01A-21R-A12P-07,0.8620505723150692,0
TCGA-L5-A8NF-01A-11R-A37I-31,0.2599254411798886,1
TCGA-EJ-7325-01B-11R-A32O-07,0.8858418923838453,0
TCGA-13-1497-01A-01R-1565-13,0.8755980460193081,1
TCGA-HC-7736-01A-11R-2118-07,0.5526813592851143,1
TCGA-AR-A1AH-01A-11R-A12D-07,0.48492633748192404,1
TCGA-A7-A26F-01B-04R-A22O-07,0.5199969030490172,1
TCGA-04-1337-01A-01R-1564-13,0.6489872637411424,1
TCGA-EB-A6QZ-01A-12R-A32P-07,0.4904583881323269,1
TCGA-AK-3444-01A-02R-1325-07,0.4961543942568309,0
TCGA-B0-5092-01A-01R-1420-07,0.886071086332514,1
TCGA-A8-A09A-01A-11R-A00Z-07,0.47565823657926776,1
TCGA-LN-A49O-01A-11R-A24K-31,0.6728318934893572,1
TCGA-61-1737-01A-01R-1567-13,0.6050068207162982,1
TCGA-EJ-A46H-01A-31R-A26U-07,0.5126426872812325,0
TCGA-B6-A0X5-01A-21R-A109-07,0.4444281836994077,1
TCGA-C8-A26X-01A-31R-A16F-07,0.5029521934559494,0
TCGA-21-1077-01A-01R-0692-07,0.8273505033898172,1
TCGA-GM-A2DD-01A-11R-A180-07,0.508369894471757,1
TCGA-BP-4326-01A-01R-1289-07,0.4066526464567522,0
TCGA-DA-A960-01A-11R-A37K-07,0.9535112311935325,1
TCGA-94-A5I4-01A-11R-A26W-07,0.8261881975822541,1
TCGA-AA-3520-01A-01R-0821-07,0.7912863237085942,1
TCGA-2Y-A9H1-01A-11R-A38B-07,0.5326324302878218,1
TCGA-63-A5ML-01A-31R-A27Q-07,0.42820842146429006,1
TCGA-KK-A8IB-01A-11R-A36G-07,0.5479492192640157,0
TCGA-AA-3947-01A-01R-1022-07,0.8489751710268904,1
TCGA-B8-4621-01A-01R-1503-07,0.8840812664990183,1
TCGA-S3-AA11-01A-31R-A41B-07,0.6100130757830613,1
TCGA-BH-A0BM-01A-11R-A056-07,0.5857155046703791,1
TCGA-AK-3447-01A-01R-1766-07,0.8431966802098673,1
TCGA-E2-A1IO-01A-11R-A144-07,0.4873733237722445,1
TCGA-BP-5185-01A-01R-1426-07,0.8830067027100257,1
TCGA-LL-A5YO-01A-21R-A28M-07,0.475826829261618,0
TCGA-A3-3347-01A-02R-1325-07,0.49090690807332926,1
TCGA-60-2709-01A-21R-1820-07,0.9359203533548965,0
TCGA-DD-A1EK-01A-11R-A213-07,0.6079141066153929,1
TCGA-BH-A0HU-01A-11R-A034-07,0.6097440758128446,0
TCGA-HZ-7289-01A-11R-2156-07,0.9133809415580212,1
TCGA-33-4566-01A-01R-1443-07,0.4208076284210075,1
TCGA-EJ-5504-01A-01R-1580-07,0.5497396959119548,1
TCGA-IB-7654-01A-11R-2156-07,0.5609545796104282,1
TCGA-2Z-A9JD-01A-11R-A42S-07,0.8808925962045121,1
TCGA-BH-A18L-01A-32R-A12D-07,0.555671224902316,1
TCGA-38-A44F-01A-11R-A24H-07,0.5222457607459015,0
TCGA-YL-A8SB-01A-31R-A37L-07,0.8752876664089936,1
TCGA-46-3768-01A-01R-0980-07,0.8462783485167711,1
TCGA-AR-A24U-01A-11R-A169-07,0.46935091260117984,1
TCGA-AO-A0JD-01A-11R-A056-07,0.4862400471976609,1
TCGA-A2-A0T1-01A-21R-A084-07,0.5152379417280198,1
TCGA-D8-A1JH-01A-11R-A13Q-07,0.4806460413616236,1
TCGA-BP-5194-01A-02R-1426-07,0.8675092812907454,1
TCGA-RB-AA9M-01A-11R-A39D-07,0.5814074129138016,1
TCGA-A4-7915-01A-11R-2204-07,0.4444506777492827,1
TCGA-AA-3867-01A-01R-1022-07,0.7929205084913636,1
TCGA-3A-A9IH-01A-12R-A39D-07,0.916337486892187,1
TCGA-E2-A570-01A-11R-A29R-07,0.9312666512849265,1
TCGA-D5-5540-01A-01R-1653-07,0.43189836198161347,0
TCGA-B0-4839-01A-01R-1305-07,0.4103098667304235,1
TCGA-FS-A1ZN-01A-11R-A18T-07,0.47310745449634584,1
TCGA-D8-A1Y1-01A-21R-A14M-07,0.47807728647796266,1
TCGA-57-1993-01A-01R-1568-13,0.8046252499960667,1
TCGA-E9-A3X8-01A-31R-A22U-07,0.9050356112222959,1
TCGA-86-8073-01A-11R-2241-07,0.536271646315119,1
TCGA-ZG-A8QW-01A-11R-A37L-07,0.531452685981285,1
TCGA-AK-3458-01A-01R-1503-07,0.8857237908920106,1
TCGA-L5-A88S-01A-11R-A36D-31,0.6975862830971407,1
TCGA-DD-A4NJ-01A-11R-A27V-07,0.5917401490405866,0
TCGA-55-6985-01A-11R-1949-07,0.54240170809472,1
TCGA-78-7147-01A-11R-2039-07,0.9340706536879202,0
TCGA-AK-3429-01A-02R-1325-07,0.4922533178456287,0
TCGA-AR-A2LH-01A-31R-A18M-07,0.596604774584369,0
TCGA-WX-AA47-01A-11R-A39D-07,0.6046094332803438,0
TCGA-04-1536-01A-01R-1566-13,0.8055048877924901,1
TCGA-L3-A524-01A-11R-A262-07,0.7920073536589821,1
TCGA-91-6848-01A-11R-1949-07,0.5453545575098748,1
TCGA-24-2027-01A-01R-1567-13,0.8001455543587654,1
TCGA-H9-A6BX-01A-31R-A311-07,0.8841587178157743,1
TCGA-G9-6354-01A-11R-A311-07,0.8944447513646041,1
TCGA-10-0937-01A-02R-1564-13,0.609246889370334,1
TCGA-B6-A0RN-01A-12R-A084-07,0.9283972452567059,1
TCGA-86-8056-01A-11R-2241-07,0.5175178865762237,0
TCGA-95-8039-01A-11R-2241-07,0.8864873305646978,0
TCGA-E9-A1R5-01A-11R-A14M-07,0.46991364715020945,0
TCGA-A3-3331-01A-02R-1325-07,0.8028475158030262,1
TCGA-18-3410-01A-01R-0980-07,0.8574849346612662,1
TCGA-22-5491-01A-01R-1635-07,0.8674783991375281,1
TCGA-A4-A7UZ-01A-12R-A355-07,0.5672141989521425,0
TCGA-L5-A4OS-01A-11R-A28J-31,0.7367215869720063,0
TCGA-AZ-6607-01A-11R-1839-07,0.4487334903288572,1
TCGA-B0-5077-01A-01R-1334-07,0.5154250185837315,0
TCGA-63-A5MW-01A-11R-A26W-07,0.43528022789060106,0
TCGA-CK-6747-01A-11R-1839-07,0.4575228668648017,1
TCGA-A8-A06U-01A-11R-A00Z-07,0.8688467722743811,1
TCGA-CC-A5UD-01A-11R-A28V-07,0.9336051386840353,1
TCGA-44-A47A-01A-21R-A24H-07,0.5564282091181517,0
TCGA-EW-A1IZ-01A-11R-A13Q-07,0.6272262848597665,1
TCGA-24-2019-01A-02R-1568-13,0.726318841875338,1
TCGA-EW-A1IX-01A-12R-A144-07,0.5839892508697437,1
TCGA-13-0897-01A-01R-1564-13,0.5606123125700619,1
TCGA-A8-A06Q-01A-11R-A034-07,0.5367784266710528,1
TCGA-A2-A4RX-01A-11R-A266-07,0.505297810676383,1
TCGA-E9-A1RC-01A-11R-A157-07,0.5855825845989193,1
TCGA-AA-3814-01A-01R-0905-07,0.9320668814002939,1
TCGA-DD-AACH-01A-11R-A41C-07,0.897231197228505,1
TCGA-AA-3496-01A-21R-1839-07,0.8361543730796754,1
TCGA-69-7974-01A-11R-2187-07,0.5239900989243602,0
TCGA-24-1431-01A-01R-1566-13,0.6280045490175341,1
TCGA-B6-A1KI-01A-11R-A14M-07,0.9035138563442856,0
TCGA-AK-3461-01A-02R-1277-07,0.5049594031506238,1
TCGA-DD-A11D-01A-11R-A131-07,0.5891607534162048,1
TCGA-22-4594-01A-01R-1201-07,0.8408945639947171,1
TCGA-GN-A8LN-01A-11R-A37K-07,0.8628148089454221,1
TCGA-A4-7286-01A-11R-A32Z-07,0.5231126450729418,0
TCGA-G9-6362-01A-11R-1789-07,0.9025921323997551,1
TCGA-ED-A7PZ-01A-11R-A33R-07,0.9124177479949288,1
TCGA-77-7139-01A-11R-2045-07,0.8358861140119874,1
TCGA-AT-A5NU-01A-11R-A28H-07,0.889379775633343,1
TCGA-G9-6348-01A-11R-1789-07,0.5476639565607693,1
TCGA-CM-5868-01A-01R-1653-07,0.4523089878711233,0
TCGA-80-5607-01A-31R-1949-07,0.5304395216450375,1
TCGA-DD-A4ND-01A-11R-A266-07,0.4887332049215073,1
TCGA-AK-3443-01A-02R-1325-07,0.8613898953765338,1
TCGA-BH-A28Q-01A-11R-A16F-07,0.49270491322706567,1
TCGA-62-A470-01A-11R-A24H-07,0.9292296751267166,1
TCGA-85-A5B5-01A-21R-A26W-07,0.8476564700176453,1
TCGA-GN-A4U5-01A-11R-A32P-07,0.5133066854876459,1
TCGA-A7-A2KD-01A-31R-A21T-07,0.8629472531178713,0
TCGA-5R-AAAM-01A-12R-A41C-07,0.9122360711750936,1
TCGA-AA-3952-01A-01R-1022-07,0.7698488551890954,1
TCGA-E9-A1NC-01A-21R-A26B-07,0.8620655941130689,1
TCGA-E9-A229-01A-31R-A157-07,0.467173841709285,0
TCGA-55-A494-01A-11R-A24X-07,0.5287143230906368,1
TCGA-D8-A1XL-01A-11R-A14M-07,0.8883764395930455,1
TCGA-YL-A8SI-01A-11R-A41O-07,0.8740225974226427,1
TCGA-61-1911-01A-01R-1567-13,0.7754861816714712,1
TCGA-56-1622-01A-01R-0692-07,0.4275016068499248,0
TCGA-C8-A26Z-01A-11R-A16F-07,0.5998920923305239,1
TCGA-V5-A7RB-01A-11R-A354-31,0.86709664908544,1
TCGA-OL-A66H-01A-11R-A29R-07,0.5752373465878603,1
TCGA-AC-A3OD-01A-11R-A21T-07,0.9238575224923227,0
TCGA-A4-8516-01A-11R-2404-07,0.486238802484596,0
TCGA-EJ-A7NN-01A-11R-A33R-07,0.8743609097036684,1
TCGA-A8-A06Y-01A-21R-A00Z-07,0.5981607793505177,1
TCGA-EB-A5VU-01A-21R-A32P-07,0.6257102248912325,1
TCGA-HC-7232-01A-11R-2118-07,0.544157055184386,1
TCGA-2L-AAQL-01A-11R-A38C-07,0.5769774264924606,1
TCGA-BF-A3DM-01A-11R-A20F-07,0.497444166240641,0
TCGA-GM-A2DI-01A-31R-A18M-07,0.568221636821941,1
TCGA-CJ-4635-01A-02R-1305-07,0.8882555960449718,0
TCGA-FV-A4ZP-01A-12R-A266-07,0.6143349636556039,1
TCGA-IH-A3EA-01A-11R-A20F-07,0.8075173755143923,1
TCGA-HC-7075-01A-11R-1965-07,0.48136906128509405,1
TCGA-5P-A9K6-01A-11R-A42S-07,0.8580484479971838,1
TCGA-DM-A28K-01A-21R-A32Y-07,0.44659165872997497,0
TCGA-BP-4962-01A-01R-1334-07,0.526094573221095,1
TCGA-53-7624-01A-11R-2066-07,0.5511812794128995,1
TCGA-AA-3854-01A-01R-0905-07,0.7894617730212498,1
TCGA-OL-A5RW-01A-11R-A28M-07,0.4997455808832308,0
TCGA-E9-A1RI-01A-11R-A169-07,0.8748432011995626,1
TCGA-A7-A4SB-01A-21R-A266-07,0.6044609068312264,1
TCGA-A3-3306-01A-01R-0864-07,0.46295259372914066,1
TCGA-G9-6371-01A-11R-1789-07,0.5083104551021614,1
TCGA-E9-A243-01A-21R-A169-07,0.90073617756523,1
TCGA-A7-A0CG-01A-12R-A056-07,0.592560920194769,0
TCGA-E9-A3HO-01A-11R-A213-07,0.5973571248680238,1
TCGA-B6-A408-01A-12R-A24H-07,0.9229651437973675,0
TCGA-24-1426-01A-01R-1565-13,0.6354750416949998,0
TCGA-AC-A6IV-01A-12R-A33J-07,0.9057005442606145,0
TCGA-AS-3778-01A-01R-A32Z-07,0.8268377671086357,1
TCGA-C8-A1HG-01A-11R-A137-07,0.48246797903842825,1
TCGA-BQ-7059-01A-11R-1965-07,0.4719343838524197,1
TCGA-SX-A7SL-01A-11R-A355-07,0.5260401220994175,1
TCGA-13-1492-01A-01R-1565-13,0.7468852577518442,1
TCGA-BP-4970-01A-01R-1334-07,0.49467761509839353,1
TCGA-HE-7128-01A-11R-1965-07,0.4767816249279004,1
TCGA-61-1733-01A-01R-1567-13,0.7315033791781178,0
TCGA-LL-A5YL-01A-12R-A29R-07,0.8718624324064957,1
TCGA-DD-A3A8-01A-11R-A22L-07,0.553301267364848,1
TCGA-AK-3450-01A-02R-1277-07,0.4453273483561618,1
TCGA-EW-A2FS-01A-11R-A17B-07,0.9239969349271756,1
TCGA-A2-A0T6-01A-11R-A084-07,0.47044498316731304,1
TCGA-FV-A496-01A-11R-A266-07,0.9117965778793005,1
TCGA-75-7027-01A-11R-1949-07,0.5625429142001952,1
TCGA-43-3394-01A-01R-0980-07,0.8448809101428948,1
TCGA-CZ-5455-01A-01R-1503-07,0.5002950855446195,1
TCGA-AA-3831-01A-01R-0905-07,0.7815975543116558,1
TCGA-NH-A8F7-01A-11R-A41B-07,0.8561389581690669,1
TCGA-FB-A4P6-01A-12R-A26U-07,0.5672642584277657,1
TCGA-VP-A87E-01A-31R-A352-07,0.5173632441385039,1
TCGA-BH-A0DD-01A-31R-A12P-07,0.938415877540579,1
TCGA-CM-4744-01A-01R-A32Z-07,0.4394881818316403,1
TCGA-IG-A8O2-01A-11R-A36D-31,0.7499587534408535,1
TCGA-A8-A07P-01A-11R-A00Z-07,0.6739830176119254,1
TCGA-J4-A67Q-01A-21R-A30B-07,0.8965792674017734,1
TCGA-A3-3387-01A-01R-1541-07,0.524894843648152,1
TCGA-IB-7647-01A-11R-2156-07,0.657351250628604,1
TCGA-98-8022-01A-11R-2247-07,0.44644473076553876,1
TCGA-J2-8194-01A-11R-2241-07,0.5274561608073427,1
TCGA-BP-5189-01A-02R-1426-07,0.9852289477238325,0
TCGA-24-2293-01A-01R-1568-13,0.7549527611315048,1
TCGA-DD-A1EA-01A-11R-A131-07,0.5571731690452145,1
TCGA-JY-A6FB-01A-11R-A336-31,0.6612372822484534,1
TCGA-60-2716-01A-01R-0851-07,0.5110546879808862,1
TCGA-A1-A0SF-01A-11R-A144-07,0.5824943795319395,1
TCGA-78-7148-01A-11R-2039-07,0.9238922651555467,1
TCGA-85-7696-01A-11R-2125-07,0.430799728600305,1
TCGA-25-1319-01A-01R-1565-13,0.7513315520648597,1
TCGA-44-A47B-01A-11R-A24H-07,0.8822909764610337,1
TCGA-L5-A88W-01A-11R-A354-31,0.7255179420825255,1
TCGA-85-A4CL-01A-41R-A26W-07,0.8389066768582227,1
TCGA-44-A4SU-01A-11R-A24X-07,0.528375532984187,1
TCGA-2Y-A9GX-01A-11R-A38B-07,0.5918127485140983,1
TCGA-G4-6586-01A-11R-1774-07,0.8426096155239526,1
TCGA-68-A59J-01A-21R-A26W-07,0.8638236824501999,0
TCGA-G6-A5PC-01A-11R-A33J-07,0.856453984154937,1
TCGA-IG-A50L-01A-11R-A260-31,0.6791342633797012,0
TCGA-43-6770-01A-11R-1820-07,0.8207380493113957,0
TCGA-57-1584-01A-01R-1566-13,0.8614606453093689,1
TCGA-AC-A2B8-01A-11R-A17B-07,0.6161955781352513,1
TCGA-A4-A57E-01A-11R-A26U-07,0.8609428854708083,1
TCGA-24-1471-01A-01R-1566-13,0.7971085234040579,1
TCGA-56-7579-01A-11R-2045-07,0.416674892710576,1
TCGA-KK-A59Y-01A-11R-A26U-07,0.8793010989852639,1
TCGA-A7-A26H-01A-11R-A169-07,0.45557903171179964,0
TCGA-DV-5573-01A-01R-1541-07,0.48473738655355625,1
TCGA-AC-A3TM-01A-11R-A22K-07,0.904438830111323,1
TCGA-KK-A6E3-01A-21R-A30B-07,0.8952190292076516,1
TCGA-25-2398-01A-01R-1569-13,0.7663155986032022,1
TCGA-25-1631-01A-01R-1569-13,0.7767069585897107,1
TCGA-B0-4710-01A-01R-1503-07,0.4701765458665411,0
TCGA-BD-A2L6-01A-11R-A213-07,0.5609714646225832,0
TCGA-85-8664-01A-11R-2403-07,0.7927300265451434,1
TCGA-59-2352-01A-01R-1569-13,0.30562684290930536,1
TCGA-97-8179-01A-11R-2287-07,0.5133703298963668,0
TCGA-CW-5590-01A-01R-1541-07,0.4956055661686952,0
TCGA-24-1424-01A-01R-1565-13,0.873494735632345,0
TCGA-GM-A3XL-01A-11R-A22U-07,0.4784148529574407,1
TCGA-D8-A1JA-01A-11R-A13Q-07,0.4610912012609571,1
TCGA-EB-A85J-01A-12R-A352-07,0.9121760136712374,1
TCGA-HV-A7OL-01A-11R-A33R-07,0.5740817198159065,0
TCGA-55-8087-01A-11R-2241-07,0.6212570817515406,1
TCGA-55-6978-01A-11R-1949-07,0.8927677564650419,0
TCGA-BP-4332-01A-01R-1289-07,0.8610421618791562,1
TCGA-57-1586-01A-02R-1567-13,0.64589383669301,0
TCGA-5P-A9JV-01A-12R-A42S-07,0.8891717581691844,0
TCGA-A2-A1G0-01A-11R-A13Q-07,0.5335357361033778,0
TCGA-BP-4985-01A-01R-1334-07,0.8360166092448206,1
TCGA-US-A774-01A-21R-A32O-07,0.8944789798006686,0
TCGA-V7-A7HQ-01A-11R-A33J-07,0.8476621966595375,1
TCGA-B0-4817-01A-01R-1277-07,0.9064649212306509,1
TCGA-61-1738-01A-01R-1567-13,0.6933595947005253,1
TCGA-A6-2681-01A-01R-1410-07,0.780043390623964,1
TCGA-22-4609-01A-21R-2125-07,0.8729950969856413,0
TCGA-HC-A6AN-01A-11R-A30B-07,0.8742140576125803,1
TCGA-AN-A0AM-01A-11R-A034-07,0.8888784213201422,1
TCGA-B2-5636-01A-02R-1541-07,0.44093652946523315,0
TCGA-59-2348-01A-01R-1569-13,0.7541381091764666,0
TCGA-EJ-5531-01A-01R-1580-07,0.5259311507377007,0
TCGA-D8-A4Z1-01A-21R-A266-07,0.5555146818165988,0
TCGA-BH-A0BV-01A-11R-A00Z-07,0.6074955925206769,1
TCGA-DD-AAEA-01A-11R-A41C-07,0.5624330134320012,1
TCGA-49-6761-01A-31R-1949-07,0.5432828500624323,1
TCGA-95-7043-01A-11R-1949-07,0.7538551014536314,1
TCGA-AD-6890-01A-11R-1928-07,0.48251104485484675,1
TCGA-97-8547-01A-11R-2403-07,0.5073880835413471,1
TCGA-XP-A8T6-01A-11R-A36D-31,0.6589175601003354,1
TCGA-70-6722-01A-11R-1820-07,0.9356819685334302,1
TCGA-DD-AAVY-01A-11R-A41C-07,0.5469296799084782,0
TCGA-A2-A3XS-01A-11R-A22U-07,0.6449172353258765,1
TCGA-A2-A0YL-01A-21R-A109-07,0.6061122559228983,1
TCGA-3A-A9IS-01A-21R-A39D-07,0.9282512476970399,1
TCGA-73-4666-01A-01R-1206-07,0.5540525448172197,1
TCGA-24-1467-01A-01R-1566-13,0.6598204377373782,0
TCGA-85-7699-01A-11R-2125-07,0.8512208869112673,1
TCGA-A8-A07B-01A-11R-A00Z-07,0.6094336779057876,0
TCGA-AA-A01P-01A-21R-A083-07,0.8268707977809557,1
TCGA-AC-A62X-01A-11R-A29R-07,0.5983122135573351,1
TCGA-A2-A0YH-01A-11R-A109-07,0.49335806505282215,1
TCGA-D8-A1XS-01A-11R-A14M-07,0.4620678510516786,1
TCGA-BH-A0E2-01A-11R-A056-07,0.49940522108718827,1
TCGA-13-0888-01A-01R-1564-13,0.6497008754775229,1
TCGA-IG-A4QS-01A-11R-A260-31,0.6465583150494989,1
TCGA-A6-2680-01A-01R-1410-07,0.7726726215452396,0
TCGA-A4-7997-01A-11R-2204-07,0.5106740530391505,1
TCGA-93-A4JO-01A-21R-A24X-07,0.5327921300560693,1
TCGA-KV-A74V-01A-11R-A33Z-07,0.8492578358714392,1
TCGA-G4-6588-01A-11R-1774-07,0.48968872630125043,1
TCGA-J4-A83L-01A-11R-A352-07,0.8894426200592582,1
TCGA-5T-A9QA-01A-11R-A41B-07,0.9039147546752625,0
TCGA-49-6744-01A-11R-1858-07,0.5417252308006418,1
TCGA-CK-4948-01B-11R-1653-07,0.8660063618961824,1
TCGA-77-7142-01A-11R-2045-07,0.4258857496704923,1
TCGA-ZG-A9M4-01A-11R-A41O-07,0.5450039289215282,1
TCGA-44-A479-01A-31R-A24H-07,0.8814934207857854,1
TCGA-AA-3511-01A-21R-1839-07,0.4729045392913295,1
TCGA-66-2758-01A-02R-0851-07,0.8653406317005953,1
TCGA-24-2290-01A-01R-1568-13,0.7238787351852218,1
TCGA-75-5125-01A-01R-1755-07,0.5500501652735165,1
TCGA-L9-A7SV-01A-11R-A39D-07,0.6136679306423735,1
TCGA-VP-A87K-01A-11R-A352-07,0.9118726452021685,1
TCGA-A6-A565-01A-31R-A28H-07,0.46412135644945013,1
TCGA-04-1364-01A-01R-1565-13,0.6325723016074186,1
TCGA-04-1350-01A-01R-1565-13,0.62973816909875,1
TCGA-22-5471-01A-01R-1635-07,0.8607019027361952,1
TCGA-EB-A430-01A-11R-A24X-07,0.4910904833110088,0
TCGA-ZG-A9ND-01A-11R-A41O-07,0.9120456560236931,1
TCGA-23-1119-01A-02R-1565-13,0.6895585133817009,1
TCGA-CJ-4642-01B-01R-1305-07,0.4478586083776996,1
TCGA-24-1413-01A-01R-1565-13,0.7466701679277691,1
TCGA-A8-A08A-01A-11R-A32Y-07,0.9166417442340375,1
TCGA-04-1519-01A-01R-1565-13,0.6720326638232629,1
TCGA-B6-A0RT-01A-21R-A084-07,0.9211033189401733,1
TCGA-AC-A5XS-01A-11R-A29R-07,0.6202277956661246,1
TCGA-HC-8257-01A-11R-2263-07,0.539328085301636,1
TCGA-CJ-4881-01A-01R-1305-07,0.8922896725411148,0
TCGA-DD-AACY-01A-11R-A41C-07,0.60612647543608,0
TCGA-CK-5915-01A-11R-1653-07,0.44693345885345676,1
TCGA-2Y-A9GZ-01A-11R-A39D-07,0.5311933820445532,1
TCGA-2H-A9GI-01A-11R-A37I-31,0.8713844960018836,1
TCGA-B6-A0IP-01A-11R-A034-07,0.867402289498307,1
TCGA-AA-3811-01A-01R-1022-07,0.79637922161734,1
TCGA-55-8208-01A-11R-2241-07,0.5280605281786631,1
TCGA-V9-A7HT-01A-11R-A33Z-07,0.5000788081238189,0
TCGA-C8-A12M-01A-11R-A115-07,0.9065493174695438,1
TCGA-BQ-5886-01A-11R-1592-07,0.49379841119023477,0
TCGA-GI-A2C9-01A-11R-A21T-07,0.5728046343440857,0
TCGA-G7-7502-01A-11R-2204-07,0.5401251461664766,1
TCGA-2Z-A9JM-01A-12R-A42S-07,0.5549388264689171,1
TCGA-85-A4PA-01A-11R-A24Z-07,0.4817013850213966,0
TCGA-C8-A12V-01A-11R-A115-07,0.8951100428512554,0
TCGA-HC-7745-01A-11R-2118-07,0.4752466150029002,1
TCGA-AC-A6IW-01A-12R-A33J-07,0.9272964904198113,1
TCGA-B0-5085-01A-01R-1334-07,0.8621172230777953,1
TCGA-AR-A1AU-01A-11R-A12P-07,0.9057557242837279,0
TCGA-B8-5546-01A-01R-1541-07,0.503306666052888,1
TCGA-77-7141-01A-11R-2045-07,0.8180327770621825,1
TCGA-AA-3534-01A-01R-0821-07,0.8061611440824015,1
TCGA-AA-3524-01A-02R-0821-07,0.7713734497655653,1
TCGA-24-2280-01A-01R-1568-13,0.7144269497845416,1
TCGA-IB-7897-01A-21R-2204-07,0.5497576358066472,0
TCGA-95-7039-01A-11R-1949-07,0.532863087484059,0
TCGA-CJ-5680-01A-11R-1541-07,0.8414109671963379,1
TCGA-AR-A1AN-01A-11R-A12P-07,0.4847468819736358,1
TCGA-LL-A6FP-01A-11R-A31O-07,0.9213518186450631,1
TCGA-30-1714-01A-02R-1567-13,0.30532939975777007,0
TCGA-E2-A15L-01A-11R-A12D-07,0.6972956190098715,1
TCGA-23-2077-01A-01R-1568-13,0.6672389362113845,1
TCGA-EJ-7123-01A-11R-1965-07,0.5268713583555843,1
TCGA-DD-AACI-01A-11R-A41C-07,0.5696690148723167,1
TCGA-A6-3808-01A-01R-1022-07,0.8218181777061726,0
TCGA-AA-3837-01A-01R-0905-07,0.7672495048839866,1
TCGA-95-7944-01A-11R-2187-07,0.5476220506186263,0
TCGA-A3-3320-01A-02R-1325-07,0.45307468172936266,1
TCGA-MM-A563-01A-11R-A266-07,0.4008092863354011,0
TCGA-77-8008-01A-21R-2187-07,0.4086953742283135,1
TCGA-G9-7519-01A-11R-2263-07,0.4909957510363942,1
TCGA-BF-A5EP-01A-12R-A27Q-07,0.9397619671346161,1
TCGA-B0-5694-01A-11R-1541-07,0.4071875584285054,1
TCGA-E9-A1R7-01A-11R-A14M-07,0.5831237096087857,1
TCGA-G3-A7M5-01A-11R-A33R-07,0.8711554995443479,1
TCGA-A2-A0SV-01A-11R-A084-07,0.8899682409053032,1
TCGA-DW-7838-01A-11R-2139-07,0.5098594749800598,1
TCGA-AN-A04C-01A-21R-A034-07,0.5000153728318276,1
TCGA-77-6842-01A-11R-1949-07,0.8252372835105951,1
TCGA-B0-4688-01A-01R-1277-07,0.9121374279550413,1
TCGA-A2-A0YM-01A-11R-A109-07,0.8754280626115238,1
TCGA-JY-A6F8-01A-11R-A336-31,0.7033908436688004,1
TCGA-F4-6808-01A-11R-1839-07,0.8703021455545586,1
TCGA-AC-A2BM-01A-11R-A21T-07,0.601335073319635,1
TCGA-34-5236-01A-21R-1820-07,0.9813190454344624,1
TCGA-AZ-6598-01A-11R-1774-07,0.8764755941995508,1
TCGA-D8-A1X7-01A-11R-A14M-07,0.4703113469491378,1
TCGA-AN-A0FY-01A-11R-A034-07,0.49430054369796345,1
TCGA-AO-A03R-01A-21R-A034-07,0.9184814291950695,1
TCGA-CJ-4920-01A-01R-1426-07,0.8138216288322693,1
TCGA-LL-A442-01A-11R-A24H-07,0.9051927610964715,1
TCGA-V1-A9OY-01A-11R-A41O-07,0.8924216493149544,1
TCGA-DD-AAVZ-01A-11R-A41C-07,0.5877473344432583,1
TCGA-UZ-A9PL-01A-11R-A38C-07,0.8668035557232039,0
TCGA-CJ-4638-01A-02R-1325-07,0.46940439259380096,1
TCGA-25-2401-01A-01R-1569-13,0.7784859442299985,1
TCGA-BP-4765-01A-01R-1289-07,0.8661469270906577,1
TCGA-AN-A0FS-01A-11R-A034-07,0.9898038982590392,1
TCGA-B8-5162-01A-01R-1420-07,0.8881818057178479,0
TCGA-EV-5901-01A-11R-1592-07,0.9864034202014824,1
TCGA-2Y-A9H0-01A-11R-A38B-07,0.9216180611359921,1
TCGA-B4-5836-01A-11R-1672-07,0.8571179732183594,1
TCGA-G9-6338-01A-12R-1965-07,0.506924733125881,1
TCGA-HZ-A9TJ-01A-11R-A41I-07,0.5768065475225453,1
TCGA-D8-A1XT-01A-11R-A14M-07,0.49102118974168285,0
TCGA-E9-A1N6-01A-11R-A144-07,0.8871894574543693,0
TCGA-E2-A1IK-01A-11R-A144-07,0.905188275776984,1
TCGA-CJ-5683-01A-11R-1541-07,0.8720840439609013,1
TCGA-KK-A8IF-01A-11R-A36G-07,0.902647526104616,1
TCGA-QG-A5Z2-01A-11R-A28H-07,0.43968171529574845,1
TCGA-A1-A0SO-01A-22R-A084-07,0.5430006268422423,0
TCGA-E2-A154-01A-11R-A115-07,0.9137476544083057,1
TCGA-J9-A8CM-01A-11R-A352-07,0.9116093038716029,1
TCGA-AN-A0FV-01A-11R-A00Z-07,0.6279930225269589,1
TCGA-CM-6679-01A-11R-1839-07,0.8827935698280039,1
TCGA-77-8153-01A-11R-2403-07,0.8177131748981084,1
TCGA-BH-A0BJ-01A-11R-A056-07,0.5869843818362053,1
TCGA-AN-A0AL-01A-11R-A00Z-07,0.526936896055948,1
TCGA-24-1928-01A-01R-1567-13,0.8149546023862002,1
TCGA-IB-7890-01A-12R-2204-07,0.8867302526644129,0
TCGA-E2-A15R-01A-11R-A115-07,0.9233726864001759,1
TCGA-BH-A0DT-01A-21R-A12D-07,0.46289772128289314,0
TCGA-Q3-A5QY-01A-12R-A32O-07,0.5730324175919427,0
TCGA-NJ-A4YI-01A-11R-A262-07,0.5380090084464456,1
TCGA-ZG-A9N3-01A-11R-A41O-07,0.6152954255170162,1
TCGA-2Z-A9JO-01A-11R-A42S-07,0.8765996575993382,1
TCGA-25-1626-01A-01R-1566-13,0.7963941090392898,1
TCGA-CC-5262-01A-01R-A131-07,0.9169473806506938,0
TCGA-57-1582-01A-01R-1566-13,0.7707363829169926,0
TCGA-WJ-A86L-01A-12R-A39D-07,0.9218656076211885,0
TCGA-GL-6846-01A-11R-1965-07,0.5090037921107093,1
TCGA-E9-A54X-01A-11R-A266-07,0.9081711420968851,1
TCGA-55-1594-01A-01R-0946-07,0.5377672364069248,0
TCGA-AA-3864-01A-01R-1022-07,0.8120282434723273,1
TCGA-49-6742-01A-11R-1858-07,0.5487183864245884,1
TCGA-H6-8124-01A-11R-2404-07,0.9038910863085781,1
TCGA-HC-7820-01A-11R-2118-07,0.4808891419493745,1
TCGA-AY-A8YK-01A-11R-A41B-07,0.4664633332985836,0
TCGA-34-8454-01A-11R-2326-07,0.8235235808458023,1
TCGA-A6-A56B-01A-31R-A28H-07,0.46816761772869114,0
TCGA-AR-A0U2-01A-11R-A109-07,0.5890106431945396,1
TCGA-BC-A112-01A-11R-A131-07,0.545154501397104,1
TCGA-IB-7646-01A-11R-2156-07,0.5491192951290312,1
TCGA-V1-A9ZG-01A-11R-A41O-07,0.8987152840808206,1
TCGA-86-7953-01A-11R-2187-07,0.5454405192086782,1
TCGA-CZ-5451-01A-01R-1503-07,0.4768366780394083,1
TCGA-A6-6138-01A-11R-1774-07,0.4446324611040869,0
TCGA-GL-7966-01A-11R-2204-07,0.9140863542368669,1
TCGA-BP-4982-01A-01R-1334-07,0.8947336711447702,1
TCGA-B4-5835-01A-11R-1672-07,0.8841995531798087,1
TCGA-E9-A1NE-01A-21R-A14M-07,0.9046165533770069,1
TCGA-MH-A856-01A-11R-A355-07,0.43320522612358314,1
TCGA-EB-A299-01A-21R-A18U-07,0.5240745869740717,0
TCGA-V1-A8MF-01A-11R-A36G-07,0.5580650141328772,1
TCGA-G9-6361-01A-21R-1965-07,0.8916765323895404,1
TCGA-L5-A8NH-01A-11R-A37I-31,0.7587339807397401,0
TCGA-LN-A49P-01A-11R-A24K-31,0.9109648006097912,1
TCGA-E2-A14V-01A-11R-A12D-07,0.7017611537268182,1
TCGA-49-AAR4-01A-12R-A41B-07,0.5458301238431268,1
TCGA-IB-7885-01A-11R-2156-07,0.5503281998583484,0
TCGA-D8-A1XQ-01A-11R-A14M-07,0.4974073942146417,1
TCGA-AA-3872-01A-01R-1022-07,0.8052445095727013,0
TCGA-85-8070-01A-11R-2247-07,0.8246751643143972,1
TCGA-HI-7169-01A-11R-2118-07,0.5041192563010999,1
TCGA-HC-8213-01A-11R-A29R-07,0.5131408373754452,0
TCGA-CH-5754-01A-11R-1580-07,0.5469290602789953,1
TCGA-2A-A8W1-01A-11R-A37L-07,0.9404474049565175,1
TCGA-AA-3527-01A-01R-0821-07,0.7221490184666572,1
TCGA-G7-6797-01A-11R-1965-07,0.5256565792549622,1
TCGA-05-4403-01A-01R-1206-07,0.5302329111002634,1
TCGA-EW-A1IW-01A-11R-A13Q-07,0.49486204896928676,1
TCGA-ZG-A9L0-01A-11R-A41O-07,0.9021294945134237,1
TCGA-56-8624-01A-11R-2403-07,0.5665092741599395,1
TCGA-D8-A1J8-01A-11R-A13Q-07,0.4611362784089373,1
TCGA-JY-A6FH-01A-11R-A336-31,0.7130182260869581,1
TCGA-09-0366-01A-01R-1564-13,0.7009607084850376,1
TCGA-A7-A6VV-01A-22R-A33J-07,0.5000225624065997,1
TCGA-L5-A4OG-01A-11R-A260-31,0.7353332802070423,1
TCGA-EJ-A65G-01A-21R-A29R-07,0.9438785068122411,1
TCGA-T9-A92H-01A-11R-A37K-07,0.8655832263400405,1
TCGA-AA-3685-01A-02R-A32Z-07,0.830263554356678,1
TCGA-BP-4993-01A-02R-1420-07,0.8402906746327976,1
TCGA-B0-5690-01A-11R-1541-07,0.8016161187975198,1
TCGA-G3-AAV6-01A-21R-A37K-07,0.8806929581160416,1
TCGA-13-1505-01A-01R-1565-13,0.8837104933447308,1
TCGA-LD-A9QF-01A-32R-A41B-07,0.5990430454795055,1
TCGA-AA-3710-01A-01R-1022-07,0.816509191188306,1
TCGA-85-7950-01A-11R-2187-07,0.8498581581070709,1
TCGA-A8-A07L-01A-11R-A00Z-07,0.497827856517771,1
TCGA-55-A492-01A-11R-A24H-07,0.9214609350335232,0
TCGA-AZ-5403-01A-01R-1653-07,0.4821303351491602,1
TCGA-69-7765-01A-11R-2170-07,0.5332130755828955,1
TCGA-IB-8127-01A-11R-2404-07,0.5578413779677002,1
TCGA-E2-A1IJ-01A-11R-A144-07,0.5937366582871112,0
TCGA-YL-A9WK-01A-11R-A37L-07,0.8898502704386337,1
TCGA-A8-A09D-01A-11R-A00Z-07,0.4817475478755552,1
TCGA-DD-AADA-01A-11R-A41C-07,0.5876599232953261,1
TCGA-CH-5763-01A-11R-1580-07,0.8863898938994477,1
TCGA-CZ-4865-01A-02R-1503-07,0.8889888130034158,1
TCGA-BC-A10Z-01A-11R-A131-07,0.9153512531493457,1
TCGA-EB-A44P-01A-11R-A266-07,0.946670803174951,0
TCGA-CC-A3MA-01A-11R-A213-07,0.9316350302084447,1
TCGA-AA-3673-01A-01R-0905-07,0.7919298741539591,1
TCGA-CZ-5982-01A-11R-1672-07,0.4747038484313758,1
TCGA-56-7223-01A-11R-2045-07,0.4220295628194686,1
TCGA-EB-A41A-01A-11R-A24X-07,0.45807085562451555,0
TCGA-IB-AAUS-01A-12R-A38C-07,0.5367054327495357,0
TCGA-B0-4828-01A-01R-1277-07,0.47187100784487906,1
TCGA-92-8065-01A-11R-2247-07,0.4285540863915264,1
TCGA-98-A53H-01A-12R-A262-07,0.41874313053104917,1
TCGA-05-4397-01A-01R-1206-07,0.5166878081789809,1
TCGA-HC-A6AO-01A-11R-A30B-07,0.9251516741956216,1
TCGA-E2-A108-01A-13R-A10J-07,0.4816454311113744,1
TCGA-23-1107-01A-01R-1564-13,0.8138697279989405,1
TCGA-IA-A40X-01A-11R-A24Z-07,0.5098371750543021,1
TCGA-B4-5838-01A-11R-1672-07,0.3830369633779327,1
TCGA-24-1603-01A-01R-1566-13,0.9746405151615793,0
TCGA-R6-A6L4-01A-11R-A31P-31,0.7233388233994005,1
TCGA-B6-A0IE-01A-11R-A034-07,0.5807605970435219,1
TCGA-04-1517-01A-01R-1565-13,0.6775400527929959,1
TCGA-LA-A446-01A-21R-A24Z-07,0.5689727428915221,0
TCGA-C8-A1HF-01A-11R-A137-07,0.871324675286201,1
TCGA-MP-A4TH-01A-31R-A262-07,0.5220448326660619,1
TCGA-AA-3848-01A-01R-0905-07,0.7364433601132585,0
TCGA-KV-A6GE-01A-11R-A31O-07,0.8554707392787795,1
TCGA-CC-A5UC-01A-11R-A28V-07,0.5066358676811608,1
TCGA-96-7544-01A-11R-2045-07,0.39357294595654124,0
TCGA-B6-A0X1-01A-11R-A109-07,0.8647254202243628,1
TCGA-AA-3553-01A-01R-0821-07,0.7950726739471649,0
TCGA-HC-7818-01A-11R-2118-07,0.5076717756182285,1
TCGA-DD-AADL-01A-11R-A41C-07,0.5694237365155427,1
TCGA-78-7542-01A-21R-2066-07,0.5144387066174128,1
TCGA-E2-A1B5-01A-21R-A12P-07,0.6134334633626821,1
TCGA-A6-2684-01A-01R-1410-07,0.7848923597931386,1
TCGA-BH-A1FD-01A-11R-A13Q-07,0.49855787992805217,1
TCGA-G9-6496-01A-11R-1789-07,0.5473804645830842,1
TCGA-EJ-8468-01A-21R-2403-07,0.5491910111420797,1
TCGA-AR-A1AS-01A-11R-A12P-07,0.4730576904641138,0
TCGA-86-8674-01A-21R-2403-07,0.896830606317183,1
TCGA-DD-A4NS-01A-11R-A311-07,0.6476489187952987,1
TCGA-BP-5170-01A-01R-1426-07,0.47180428509445704,1
TCGA-A8-A06P-01A-11R-A00Z-07,0.8750463445778337,1
TCGA-B0-4697-01A-01R-1277-07,0.534028611211219,1
TCGA-33-6737-01A-11R-1820-07,0.8494099923339988,1
TCGA-85-A512-01A-11R-A26W-07,0.4265800627203105,1
TCGA-55-8511-01A-11R-2403-07,0.8764836194031761,1
TCGA-VP-A878-01A-31R-A352-07,0.5236786640344241,0
TCGA-BH-A0DZ-01A-11R-A00Z-07,0.4775917645043193,1
TCGA-D5-6931-01A-11R-1928-07,0.8688540159040753,0
TCGA-50-5044-01A-21R-1858-07,0.5453602378171717,0
TCGA-A2-A4RY-01A-31R-A266-07,0.5942000927893117,1
TCGA-EJ-7331-01A-11R-2118-07,0.8929004813018573,1
TCGA-CZ-4864-01A-01R-1503-07,0.8673218249384484,1
TCGA-4A-A93W-01A-11R-A37K-07,0.872755360311733,1
TCGA-AA-3655-01A-02R-1723-07,0.47449580082869347,0
TCGA-CM-6678-01A-11R-1839-07,0.44320732930528384,1
TCGA-AA-A02J-01A-01R-A00A-07,0.7492795203610002,1
TCGA-DD-AAVR-01A-11R-A41C-07,0.608138088857765,0
TCGA-23-1123-01A-01R-1565-13,0.7367918183457213,1
TCGA-L5-A43H-01A-11R-A24K-31,0.7354198881396173,1
TCGA-EJ-7791-01A-11R-2118-07,0.5347384800436453,1
TCGA-B6-A0RO-01A-22R-A084-07,0.6171827100222599,0
TCGA-96-8169-01A-11R-2296-07,0.4167586246639913,1
TCGA-E2-A10E-01A-21R-A10J-07,0.9155962455338277,1
TCGA-EJ-5518-01A-01R-1580-07,0.5426910050188478,1
TCGA-5P-A9K0-01A-11R-A42S-07,0.5421972617719032,1
TCGA-AO-A0JM-01A-21R-A056-07,0.9008947644291193,1
TCGA-56-6545-01A-11R-1820-07,0.8232958464551425,1
TCGA-CJ-4643-01A-02R-1325-07,0.47678222464319675,0
TCGA-DZ-6135-01A-11R-1965-07,0.8846008890834576,0
TCGA-QU-A6IN-01A-11R-A31N-07,0.855117076806297,1
TCGA-EW-A1P6-01A-11R-A144-07,0.4564346909809597,1
TCGA-BH-A0E6-01A-11R-A034-07,0.5149382016983897,1
TCGA-04-1347-01A-01R-1564-13,0.6130359228545732,0
TCGA-NH-A6GB-01A-11R-A37K-07,0.47516779328639,1
TCGA-50-5072-01A-21R-1858-07,0.5412209232347265,1
TCGA-O2-A52Q-01A-11R-A26W-07,0.4593601720006226,1
TCGA-AC-A23C-01A-12R-A169-07,0.9095730421267516,1
TCGA-TP-A8TV-01A-11R-A41O-07,0.5361884541988589,0
TCGA-63-A5MN-01A-22R-A27Q-07,0.4265305789954163,0
TCGA-OL-A5D6-01A-21R-A27Q-07,0.8579753756823478,1
TCGA-55-8097-01A-11R-2241-07,0.934412476885363,0
TCGA-EW-A1OX-01A-11R-A144-07,0.9213085957088868,1
TCGA-13-0804-01A-01R-1564-13,0.634892817796649,1
TCGA-A2-A25D-01A-12R-A16F-07,0.9319153712856509,1
TCGA-24-1549-01A-01R-1566-13,0.6996243941005822,1
TCGA-XK-AAJR-01A-11R-A41O-07,0.5374714951774198,1
TCGA-CW-5588-01A-01R-1541-07,0.8663203733350733,1
TCGA-SX-A71V-01A-11R-A33Z-07,0.9388784852493708,1
TCGA-BQ-7049-01A-11R-1965-07,0.5645416962120436,1
TCGA-BQ-5876-01A-11R-1592-07,0.5106122318094184,0
TCGA-B6-A0IJ-01A-11R-A034-07,0.628639610172613,1
TCGA-55-A491-01A-11R-A24H-07,0.8829861766442391,1
TCGA-E2-A1L9-01A-11R-A13Q-07,0.4912021987928227,1
TCGA-44-8117-01A-11R-2241-07,0.9040728738599636,1
TCGA-JY-A93D-01A-11R-A38D-31,0.2546856688938842,1
TCGA-AO-A0J3-01A-11R-A034-07,0.5460295738195292,0
TCGA-A3-A8OU-01A-11R-A37O-07,0.8784589685703657,0
TCGA-63-A5M9-01A-11R-A26W-07,0.42609858499001313,1
TCGA-86-8585-01A-11R-2403-07,0.8955138210819652,0
TCGA-13-0762-01A-01R-1564-13,0.5290157337587986,1
TCGA-KK-A7B4-01A-11R-A32O-07,0.5308336336711866,0
TCGA-MP-A4SV-01A-11R-A24X-07,0.5384576386867015,0
TCGA-LD-A7W5-01A-22R-A352-07,0.5875901926551456,0
TCGA-IZ-A6M8-01A-11R-A31O-07,0.87781432033757,0
TCGA-CW-5585-01A-01R-1541-07,0.4317549557981621,1
TCGA-BH-A0B2-01A-11R-A10J-07,0.9134031318587817,1
TCGA-AC-A2FK-01A-12R-A180-07,0.5265048068155503,1
TCGA-ER-A19K-01A-21R-A18T-07,0.8976959319324737,0
TCGA-DD-A4NR-01A-11R-A311-07,0.5156210657432508,0
TCGA-D8-A27T-01A-11R-A16F-07,0.5918254199900108,1
TCGA-96-7545-01A-21R-2045-07,0.8522486006403921,1
TCGA-21-1081-01A-01R-0692-07,0.7812310115992535,1
TCGA-AR-A2LL-01A-11R-A180-07,0.5867571918659751,1
TCGA-J4-A83M-01A-11R-A352-07,0.8638591511674913,1
TCGA-DD-AADF-01A-11R-A41C-07,0.5838782949914393,1
TCGA-B4-5377-01A-01R-1503-07,0.8528305239849906,1
TCGA-B8-5158-01A-01R-1420-07,0.389218209797385,1
TCGA-25-1326-01A-01R-1565-13,0.6933721706048148,1
TCGA-DD-A1EB-01A-11R-A131-07,0.9146897421930675,1
TCGA-63-A5MJ-01A-11R-A27Q-07,0.8413507341200315,1
TCGA-B9-4115-01A-01R-1193-07,0.5393196031710041,1
TCGA-B8-4619-01A-02R-1325-07,0.8054002155667227,1
TCGA-AA-3554-01A-01R-0826-07,0.7920978999040151,0
TCGA-2Y-A9H3-01A-11R-A38B-07,0.5813866687263255,1
TCGA-55-7728-01A-11R-2187-07,0.5178844738047109,1
TCGA-BP-5181-01A-01R-1426-07,0.8522660270894429,1
TCGA-DM-A1D8-01A-11R-A155-07,0.8553210974578179,1
TCGA-SX-A71S-01A-11R-A33Z-07,0.8879093856429413,1
TCGA-D8-A1XF-01A-11R-A14D-07,0.5585591539552855,1
TCGA-24-1474-01A-01R-1566-13,0.7351377481724607,1
TCGA-KC-A4BN-01A-61R-A250-07,0.5183044465104351,1
TCGA-A3-3328-01A-01R-0864-07,0.8896042153680218,0
TCGA-HN-A2OB-01A-21R-A27Q-07,0.9093258598569718,1
TCGA-29-1698-01A-01R-1567-13,0.799794726486156,0
TCGA-20-1686-01A-01R-1566-13,0.7771500745429011,1
TCGA-50-5939-01A-11R-1628-07,0.5232965604879087,1
TCGA-A7-A3J1-01A-11R-A213-07,0.9906487566740755,1
TCGA-36-1570-01A-01R-1566-13,0.8625043681994258,1
TCGA-AA-3521-01A-01R-0821-07,0.8023591677003783,1
TCGA-FC-7708-01A-11R-2118-07,0.5263594725705183,0
TCGA-VG-A8LO-01A-11R-A406-31,0.8136238586859686,1
TCGA-NK-A5CX-01A-11R-A26W-07,0.4477681957352562,1
TCGA-OL-A97C-01A-32R-A41B-07,0.9366943302522126,1
TCGA-E2-A158-01A-11R-A12D-07,0.9283830566713355,1
TCGA-HC-8256-01A-11R-2263-07,0.49251720780808156,1
TCGA-A7-A0CE-01A-11R-A00Z-07,0.4947858387047514,1
TCGA-AR-A1AL-01A-21R-A12P-07,0.5886971502491154,1
TCGA-E2-A3DX-01A-21R-A213-07,0.5973623208792449,1
TCGA-A2-A3XT-01A-11R-A22U-07,0.8671754296620079,0
TCGA-50-8457-01A-11R-2326-07,0.6482073706672487,1
TCGA-LL-A6FQ-01A-11R-A31O-07,0.5597212832188941,1
TCGA-2H-A9GK-01A-11R-A37I-31,0.7692734082647749,1
TCGA-G3-A5SM-01A-12R-A28V-07,0.6064411266198702,1
TCGA-AR-A1AX-01A-11R-A12P-07,0.6169480160913596,1
TCGA-A2-A4S3-01A-21R-A266-07,0.5006970885396589,1
TCGA-21-A5DI-01A-31R-A26W-07,0.4384938362690211,1
TCGA-24-0966-01A-01R-1564-13,0.6073741990658218,0
TCGA-BH-A0H7-01A-13R-A056-07,0.8767879050289027,1
TCGA-97-7554-01A-11R-2039-07,0.5219668457603027,1
TCGA-IB-7886-01A-11R-2156-07,0.5816067906412836,1
TCGA-61-1728-01A-01R-1568-13,0.787128033599896,1
TCGA-GM-A5PX-01A-12R-A28M-07,0.5747404876066172,1
TCGA-EJ-5494-01A-01R-1580-07,0.5044853393688784,1
TCGA-AZ-6605-01A-11R-1839-07,0.4536340676694569,1
TCGA-GL-A9DE-01A-11R-A37K-07,0.4521332248102569,0
TCGA-Y8-A895-01A-11R-A36F-07,0.4955081165007688,0
TCGA-55-8206-01A-11R-2241-07,0.640322913277222,0
TCGA-85-8584-01A-11R-2403-07,0.4458964676961469,1
TCGA-AZ-4313-01A-01R-1410-07,0.7133754101690994,1
TCGA-EJ-AB20-01A-12R-A41O-07,0.5189867884571151,0
TCGA-43-8116-01A-11R-2247-07,0.43959213312317424,0
TCGA-97-7553-01A-21R-2039-07,0.5002972939334367,1
TCGA-VP-A87B-01A-11R-A352-07,0.9025571413262371,1
TCGA-BH-A0BA-01A-11R-A056-07,0.9061462738619445,1
TCGA-A3-3349-01A-01R-1188-07,0.5086430153117938,0
TCGA-EW-A1OW-01A-21R-A144-07,0.5157704229304497,0
TCGA-L5-A8NW-01A-11R-A37I-31,0.7051912385055477,1
TCGA-EJ-A65M-01A-11R-A29R-07,0.5266192045902011,1
TCGA-E2-A15P-01A-11R-A115-07,0.9182741396556351,1
TCGA-A8-A09G-01A-21R-A00Z-07,0.6089500834339642,1
TCGA-MN-A4N5-01A-11R-A24X-07,0.666561034455444,0
TCGA-A2-A0YG-01A-21R-A109-07,0.49875118240181027,1
TCGA-BH-A1EY-01A-11R-A13Q-07,0.5039493829571278,1
TCGA-CC-A9FU-01A-11R-A37K-07,0.6140364198085513,1
TCGA-A3-3335-01A-01R-0864-07,0.8682015452381165,1
TCGA-78-7154-01A-11R-2039-07,0.9022591292840558,1
TCGA-69-8255-01A-11R-2287-07,0.9400158532788523,1
TCGA-EJ-5502-01A-01R-1580-07,0.9884652830224803,0
TCGA-AO-A03P-01A-11R-A00Z-07,0.5804814133938893,1
TCGA-22-5478-01A-01R-1635-07,0.8095783283474729,1
TCGA-AA-3858-01A-01R-0905-07,0.758395367244829,0
TCGA-HZ-8317-01A-11R-2404-07,0.5555707306383337,1
TCGA-AQ-A1H2-01A-11R-A13Q-07,0.9237851255149753,1
TCGA-LN-A49R-01A-11R-A24K-31,0.8585855030042553,1
TCGA-24-1464-01A-01R-1566-13,0.8631486976582438,1
TCGA-G3-A5SL-01A-11R-A27V-07,0.5989122957828655,0
TCGA-VR-AA7B-01A-31R-A406-31,0.6931128894213722,1
TCGA-AC-A3QQ-01B-06R-A22O-07,0.590280377837108,1
TCGA-AR-A24N-01A-11R-A169-07,0.5849019090880447,1
TCGA-D5-6531-01A-11R-1723-07,0.933886196245494,1
TCGA-E9-A244-01A-11R-A169-07,0.895252203827957,1
TCGA-B0-4852-01A-01R-1503-07,0.5126100668366069,1
TCGA-DD-AAW0-01A-11R-A41C-07,0.575090107793197,1
TCGA-55-8506-01A-11R-2403-07,0.5322936436266873,1
TCGA-B9-5156-01A-01R-1592-07,0.8985078496101744,1
TCGA-D8-A27F-01A-11R-A16F-07,0.8946651238879794,1
TCGA-B4-5832-01A-11R-1672-07,0.349588658954954,0
TCGA-CM-5341-01A-01R-1410-07,0.8211795516028041,1
TCGA-91-6831-01A-11R-1858-07,0.9100026253708073,0
TCGA-EJ-5526-01A-01R-1580-07,0.5356568898455162,1
TCGA-VP-A876-01A-11R-A352-07,0.5166519471158185,1
TCGA-E2-A576-01A-11R-A31O-07,0.8970479478630873,1
TCGA-J4-AATV-01A-11R-A41O-07,0.8965745869005066,0
TCGA-RC-A7SK-01A-11R-A352-07,0.912805928603751,1
TCGA-BH-A1F2-01A-31R-A13Q-07,0.4744479582481424,0
TCGA-E2-A1BD-01A-11R-A12P-07,0.5904026552421282,1
TCGA-B8-5551-01A-01R-1541-07,0.8872152573611698,0
TCGA-49-AAR2-01A-11R-A39D-07,0.8893697880367244,0
TCGA-A1-A0SE-01A-11R-A084-07,0.933076256120436,1
TCGA-D5-6534-01A-21R-1928-07,0.8580979131789618,1
TCGA-A7-A426-01A-22R-A24H-07,0.9329804355258884,1
TCGA-56-8503-01A-11R-2403-07,0.42771505419193495,1
TCGA-B1-A654-01A-11R-A31O-07,0.5067734658426359,1
TCGA-AA-A029-01A-01R-A00A-07,0.7592521445925695,1
TCGA-D8-A27K-01A-11R-A16F-07,0.9455572322853327,1
TCGA-BP-4991-01A-01R-1334-07,0.5689562889300832,1
TCGA-24-1428-01A-01R-1564-13,0.7357573211177256,1
TCGA-10-0928-01A-02R-1564-13,0.7471454283026255,1
TCGA-M7-A71Y-01A-22R-A32O-07,0.4902571552176079,1
TCGA-G4-6299-01A-11R-1774-07,0.47055869890225904,1
TCGA-AK-3453-01A-02R-1277-07,0.5193611848636016,1
TCGA-E9-A247-01A-11R-A169-07,0.8929886657488451,1
TCGA-5P-A9K3-01A-11R-A42S-07,0.931890073862764,1
TCGA-DD-A1EI-01A-11R-A131-07,0.9082932755031553,1
TCGA-B0-4823-01A-02R-1420-07,0.4795461673307038,1
TCGA-A2-A0CL-01A-11R-A115-07,0.9239118053390599,1
TCGA-VN-A88O-01A-11R-A352-07,0.5310594279508478,1
TCGA-A6-3810-01A-01R-1022-07,0.8259103414346285,1
TCGA-60-2724-01A-01R-0851-07,0.4304611833474868,1
TCGA-B3-3925-01A-02R-1351-07,0.8610916825653268,1
TCGA-G3-A7M8-01A-11R-A33R-07,0.5663165879977906,1
TCGA-AR-A5QP-01A-11R-A28M-07,0.9180776472457224,1
TCGA-CH-5767-01A-11R-1789-07,0.492080658954508,1
TCGA-AR-A24S-01A-11R-A169-07,0.4731721519533946,0
TCGA-BH-A1FE-01A-11R-A13Q-07,0.4677383732571093,0
TCGA-EJ-7782-01A-11R-2118-07,0.8886105577990946,1
TCGA-55-8094-01A-11R-2241-07,0.6306252383655538,0
TCGA-77-8145-01A-11R-2247-07,0.8474899260339429,1
TCGA-AA-3851-01A-01R-1022-07,0.7968106275594371,1
TCGA-L5-A8NI-01A-11R-A37I-31,0.7092782014712036,1
TCGA-2J-AABP-01A-11R-A41B-07,0.8996694993838416,1
TCGA-AC-A3YJ-01A-11R-A22U-07,0.5765974088263471,1
TCGA-25-1877-01A-01R-1567-13,0.564101912517586,1
TCGA-AR-A2LE-01A-11R-A180-07,0.4556129267552037,0
TCGA-B0-4847-01A-01R-1277-07,0.8652595626503742,1
TCGA-BH-A0E1-01A-11R-A056-07,0.9219682696525862,1
TCGA-21-5784-01A-01R-1635-07,0.8504343970471732,0
TCGA-KK-A7AQ-01A-11R-A33R-07,0.5598791477747288,1
TCGA-DD-AAE3-01A-11R-A41C-07,0.6507361121021675,1
TCGA-93-A4JQ-01A-11R-A24X-07,0.899555834704463,1
TCGA-AC-A3TN-01A-11R-A22K-07,0.9083107211328787,1
TCGA-VR-A8Q7-01A-11R-A37I-31,0.702724645798783,1
TCGA-HC-8259-01A-11R-2263-07,0.5010371064704597,1
TCGA-AO-A12A-01A-21R-A115-07,0.5757864678912571,0
TCGA-66-2742-01A-01R-0980-07,0.40919621152490293,1
TCGA-KC-A4BV-01A-31R-A26U-07,0.8690496338348564,1
TCGA-Y8-A8S0-01A-11R-A37K-07,0.4710096697890687,1
TCGA-YL-A8SF-01A-11R-A37L-07,0.5625707176589975,1
TCGA-24-1567-01A-01R-1566-13,0.6946914414860942,1
TCGA-BH-A0H6-01A-21R-A056-07,0.8522490204168507,0
TCGA-BP-5186-01A-01R-1426-07,0.8700423350982601,1
TCGA-B0-4699-01A-01R-1277-07,0.525398693178944,1
TCGA-OY-A56Q-01A-11R-A406-31,0.6693080730597188,1
TCGA-B0-4836-01A-01R-1305-07,0.8953912207501357,1
TCGA-HZ-A49I-01A-12R-A26U-07,0.8985460745688282,1
TCGA-J7-8537-01A-11R-2404-07,0.5543032820027557,0
TCGA-SX-A7SS-01A-11R-A36F-07,0.8977180650576264,1
TCGA-CM-6161-01A-11R-1653-07,0.4526203861390831,1
TCGA-66-2753-01A-01R-0980-07,0.4492626341239309,1
TCGA-A3-3343-01A-01R-0864-07,0.8191603621482015,1
TCGA-24-1930-01A-01R-1567-13,0.8752584687449152,1
TCGA-A2-A0T7-01A-21R-A084-07,0.8752164700918051,1
TCGA-75-6203-01A-11R-1755-07,0.5154979946454649,1
TCGA-CZ-5989-01A-11R-1672-07,0.34352989487926905,1
TCGA-DD-AAVP-01A-11R-A41C-07,0.9512197253543044,0
TCGA-MH-A562-01A-11R-A26U-07,0.9061518683866691,0
TCGA-AC-A2FE-01A-11R-A19W-07,0.5559879417720175,1
TCGA-ZG-A8QZ-01A-11R-A37L-07,0.9092697076265851,1
TCGA-B8-A54J-01A-11R-A33J-07,0.9052428815991813,0
TCGA-CM-6675-01A-11R-1839-07,0.8416831571940546,0
TCGA-A2-A0D1-01A-11R-A034-07,0.848739976905216,1
TCGA-UZ-A9PZ-01A-11R-A42S-07,0.8711240359624299,0
TCGA-LN-A9FR-01A-11R-A38D-31,0.723075622673921,1
TCGA-CZ-5458-01A-01R-1503-07,0.8954457510644569,1
TCGA-IB-A5SQ-01A-11R-A32O-07,0.5655951287259755,1
TCGA-EB-A1NK-01A-11R-A18T-07,0.8938988087895338,1
TCGA-BF-A1PX-01A-12R-A18T-07,0.5260054961578031,1
TCGA-MH-A855-01A-11R-A355-07,0.47823523663603346,1
TCGA-DZ-6131-01A-11R-1965-07,0.5085353457326828,1
TCGA-CJ-4875-01A-01R-1305-07,0.8070501263085095,1
TCGA-BP-4787-01A-01R-1305-07,0.8800524189474225,1
TCGA-X4-A8KQ-01A-12R-A36G-07,0.5747012114934236,1
TCGA-CZ-4862-01A-01R-1305-07,0.8960920088160228,1
TCGA-E2-A14Y-01A-21R-A12D-07,0.4967853423881132,1
TCGA-B0-5100-01A-01R-1420-07,0.8843980394656742,0
TCGA-EB-A42Y-01A-12R-A24X-07,0.9080859161322672,1
TCGA-25-2399-01A-01R-1569-13,0.704288995150561,1
TCGA-EB-A42Z-01A-12R-A24X-07,0.4919391986289472,1
TCGA-66-2755-01A-01R-0851-07,0.8677298059187514,1
TCGA-A6-2677-01B-02R-A277-07,0.5332660856269246,1
TCGA-25-2400-01A-01R-1569-13,0.8739680160252518,0
TCGA-O2-A52S-01A-11R-A262-07,0.8484421560335559,1
TCGA-09-2054-01A-01R-1568-13,0.7169600222554051,1
TCGA-BC-A10Y-01A-11R-A131-07,0.604603531493138,1
TCGA-22-5481-01A-31R-1949-07,0.8065998602456275,1
TCGA-A2-A0D3-01A-11R-A115-07,0.9341460246425852,1
TCGA-55-8505-01A-11R-2403-07,0.526226821205634,1
TCGA-CJ-4636-01A-02R-1325-07,0.8834571605502207,1
TCGA-13-0797-01A-01R-1564-13,0.6275922826708437,1
TCGA-AA-A03J-01A-21R-A16W-07,0.7613076925195047,0
TCGA-VP-A872-01A-11R-A352-07,0.5637459760412781,1
TCGA-XR-A8TF-01A-11R-A36F-07,0.5674514584928002,1
TCGA-EP-A2KA-01A-11R-A180-07,0.4932639757364847,1
TCGA-25-1314-01A-01R-1565-13,0.7693662724324787,1
TCGA-64-5778-01A-01R-1628-07,0.620170151059134,1
TCGA-04-1356-01A-01R-1569-13,0.8116395904250965,1
TCGA-46-3766-01A-01R-0980-07,0.8589626350442889,0
TCGA-78-7535-01A-11R-2066-07,0.5434317754557269,1
TCGA-HZ-7919-01A-11R-2156-07,0.5682845805473382,1
TCGA-DW-7841-01A-11R-A32Z-07,0.894996775508431,1
TCGA-AA-3538-01A-01R-0821-07,0.809797938032199,1
TCGA-ZG-A9L5-01A-12R-A41O-07,0.5215301027388479,0
TCGA-DD-A39Z-01A-11R-A213-07,0.5402736677418382,1
TCGA-GM-A3NY-01A-11R-A21T-07,0.6023862973379156,1
TCGA-S4-A8RO-01A-12R-A37L-07,0.901699772577563,1
TCGA-E2-A573-01A-11R-A29R-07,0.8655899381351697,1
TCGA-G3-A3CG-01A-11R-A213-07,0.5694006086539348,1
TCGA-PL-A8LZ-01A-31R-A36F-07,0.85863927656499,1
TCGA-39-5011-01A-01R-1443-07,0.8434859558274089,1
TCGA-G3-AAV5-01A-11R-A37K-07,0.599354379876116,1
TCGA-A3-3313-01A-02R-1325-07,0.6075462303093233,0
TCGA-UZ-A9PR-01A-11R-A42S-07,0.4924885144899181,1
TCGA-BQ-5887-01A-11R-1965-07,0.5563155638470653,1
TCGA-49-AARQ-01A-11R-A41B-07,0.8851080586012076,1
TCGA-AA-3488-01A-01R-1410-07,0.7019419002383765,1
TCGA-S3-AA0Z-01A-11R-A41B-07,0.8833024036638382,0
TCGA-FB-A78T-01A-12R-A32O-07,0.5845053618549394,1
TCGA-09-1659-01B-01R-1564-13,0.599810482832227,1
TCGA-55-8096-01A-11R-2241-07,0.9018298776227284,1
TCGA-DD-AACQ-01A-11R-A41C-07,0.5879125293117385,1
TCGA-CC-5260-01A-01R-A131-07,0.9421865880718473,1
TCGA-E2-A14S-01A-11R-A12D-07,0.603668620544845,1
TCGA-B6-A0WT-01A-11R-A109-07,0.4752988344396619,1
TCGA-BQ-7048-01A-11R-1965-07,0.5218256572924803,0
TCGA-56-A62T-01A-11R-A405-07,0.44638200655307464,0
TCGA-EB-A3XD-01A-22R-A239-07,0.7339156215244496,1
TCGA-DD-AACZ-01A-11R-A41C-07,0.6336693058996786,1
TCGA-CC-A1HT-01A-11R-A131-07,0.5280568209319568,1
TCGA-B2-5633-01A-01R-1541-07,0.5060087088632907,0
TCGA-D5-5541-01A-01R-1653-07,0.477339987353845,1
TCGA-BC-A217-01A-11R-A155-07,0.910313424807584,1
TCGA-E2-A106-01A-11R-A10J-07,0.9282415290481189,0
TCGA-A2-A0D4-01A-11R-A00Z-07,0.6110163280347941,1
TCGA-BP-4768-01A-01R-1289-07,0.8676065086071909,1
TCGA-HC-7750-01A-11R-2118-07,0.5497359099411854,1
TCGA-C8-A1HI-01A-11R-A137-07,0.6079171972793027,1
TCGA-64-5815-01A-01R-1628-07,0.5242694180694334,1
TCGA-EW-A1P5-01A-11R-A144-07,0.48209025374367076,1
TCGA-DD-AADK-01A-11R-A41C-07,0.9206601147370954,1
TCGA-BP-4174-01A-02R-1289-07,0.8122186200282739,1
TCGA-22-5482-01A-01R-1635-07,0.8481491487903933,1
TCGA-CA-5256-01A-01R-1410-07,0.7644797117044415,0
TCGA-36-1571-01A-01R-1566-13,0.6785736718252692,1
TCGA-13-0714-01A-01R-1564-13,0.5622614458472576,0
TCGA-97-8172-01A-11R-2287-07,0.6268349699265295,1
TCGA-ZG-A9L9-01A-11R-A41O-07,0.5716527889499218,1
TCGA-E2-A159-01A-11R-A115-07,0.5035852402139906,1
TCGA-BP-5187-01A-01R-1426-07,0.4937984204492479,1
TCGA-DZ-6132-01A-11R-1965-07,0.9265828050446849,1
TCGA-A6-6649-01A-11R-1774-07,0.456625496776855,1
TCGA-60-2722-01A-01R-0851-07,0.4332964261203493,0
TCGA-24-2033-01A-01R-1568-13,0.6273666708127947,1
TCGA-CH-5739-01A-11R-1580-07,0.5057761111358424,0
TCGA-EJ-A6RC-01A-11R-A32O-07,0.553976796207239,1
TCGA-V5-AASW-01A-11R-A406-31,0.6521359742294948,0
TCGA-86-8280-01A-11R-2287-07,0.7351593536498603,0
TCGA-73-7499-01A-11R-2187-07,0.5443602280664869,1
TCGA-DM-A1DA-01A-11R-A155-07,0.5605978048158203,1
TCGA-ED-A7XO-01A-11R-A352-07,0.5897781811496294,1
TCGA-35-4123-01A-01R-1107-07,0.8861135922023033,0
TCGA-CJ-4639-01A-02R-1325-07,0.3632235972846459,1
TCGA-35-4122-01A-01R-1107-07,0.8900916513277223,0
TCGA-AC-A7VC-01A-11R-A352-07,0.5691541769608083,0
TCGA-A8-A08X-01A-21R-A00Z-07,0.9481504348249473,0
TCGA-XK-AAIR-01A-11R-A41O-07,0.4864089167291311,1
TCGA-BH-A0B3-01A-11R-A056-07,0.5143716257983624,1
TCGA-BH-A1EV-01A-11R-A137-07,0.47304079859301207,1
TCGA-AA-3982-01A-02R-1022-07,0.793383435151602,1
TCGA-86-6562-01A-11R-1755-07,0.5232197337251419,1
TCGA-EJ-5496-01A-01R-1580-07,0.49021894363677704,1
TCGA-B6-A400-01A-11R-A239-07,0.8617431314680432,0
TCGA-BF-A5ES-01A-11R-A27Q-07,0.4756228083872938,1
TCGA-F4-6854-01A-11R-1928-07,0.8830005318048768,1
TCGA-10-0938-01A-02R-1564-13,0.33873737651880687,0
TCGA-D8-A1XW-01A-11R-A14M-07,0.4804921538663185,1
TCGA-55-8089-01A-11R-2241-07,0.5420963201447571,1
TCGA-43-3920-01A-01R-0980-07,0.8264721303052124,0
TCGA-AA-3660-01A-01R-1723-07,0.8406749993209175,1
TCGA-24-0970-01B-01R-1565-13,0.85707303618652,0
TCGA-24-2298-01A-01R-1569-13,0.7932636298766276,1
TCGA-EJ-A46G-01A-31R-A26U-07,0.526346557032907,0
TCGA-A8-A093-01A-11R-A00Z-07,0.9407456195417615,1
TCGA-A7-A26I-01B-06R-A22O-07,0.5039182052502137,1
TCGA-24-1842-01A-01R-1567-13,0.8051866798934246,1
TCGA-LB-A8F3-01A-11R-A36G-07,0.8931723212652944,1
TCGA-95-7567-01A-11R-2066-07,0.5455504493056061,1
TCGA-BH-A0EE-01A-11R-A034-07,0.605387499543178,1
TCGA-55-7911-01A-11R-2170-07,0.5176282855476486,1
TCGA-B2-5641-01A-01R-1541-07,0.5006796381772521,0
TCGA-CH-5790-01A-11R-1580-07,0.8823352295930839,1
TCGA-90-7766-01A-21R-2125-07,0.40778278508621,1
TCGA-AA-3818-01A-01R-0905-07,0.7774397356747319,0
TCGA-NC-A5HL-01A-11R-A26W-07,0.8164245463538757,1
TCGA-23-1120-01A-02R-1565-13,0.769127442885027,1
TCGA-A8-A06N-01A-11R-A00Z-07,0.5551691864297386,0
TCGA-24-1427-01A-01R-1565-13,0.8057917655772607,1
TCGA-DM-A285-01A-11R-A16W-07,0.6914334718607974,0
TCGA-B6-A0RP-01A-21R-A084-07,0.558164074594796,1
TCGA-77-8130-01A-11R-2247-07,0.4137310815814048,1
TCGA-85-7843-01A-11R-2125-07,0.43073493006379343,0
TCGA-22-1002-01A-01R-0692-07,0.8588771700720861,1
TCGA-L5-A4OU-01A-11R-A28J-31,0.8610089493090606,1
TCGA-44-3918-01B-02R-A277-07,0.4987600116018885,1
TCGA-EJ-5503-01A-01R-1580-07,0.8772812485825675,1
TCGA-B9-4113-01A-01R-1193-07,0.8844815765621985,1
TCGA-55-6642-01A-11R-1858-07,0.5219800066996446,1
TCGA-22-4604-01A-01R-1201-07,0.8570127866463986,1
TCGA-69-8253-01A-11R-2287-07,0.5233253735844341,0
TCGA-43-A475-01A-11R-A24H-07,0.5136160851566434,1
TCGA-13-0893-01B-01R-1565-13,0.8290166932184883,1
TCGA-ZG-A9MC-01A-31R-A41O-07,0.562732378720124,1
TCGA-FB-AAQ3-01A-11R-A41B-07,0.5654899746109587,0
TCGA-30-1861-01A-01R-1568-13,0.7068012995775992,1
TCGA-A8-A0A4-01A-11R-A00Z-07,0.9132899753086022,1
TCGA-V1-A9ZI-01A-11R-A41O-07,0.5358312392798548,1
TCGA-AA-A01S-01A-21R-A083-07,0.8243669367676946,1
TCGA-J4-A6G1-01A-11R-A311-07,0.8851081865065472,1
TCGA-DD-AAD5-01A-11R-A41C-07,0.5333410276451265,0
TCGA-44-7661-01A-11R-2066-07,0.9018268687888151,1
TCGA-FV-A23B-01A-11R-A16W-07,0.9040374530423708,1
TCGA-E2-A1B1-01A-21R-A12P-07,0.6004776055599189,1
TCGA-EJ-A65D-01A-11R-A30B-07,0.938683797300256,1
TCGA-CA-5796-01A-01R-1653-07,0.6595871445135524,1
TCGA-AY-6196-01A-11R-1723-07,0.6005880736281262,1
TCGA-KK-A6E2-01A-11R-A311-07,0.5342795539931362,1
TCGA-05-4384-01A-01R-1755-07,0.5092764560575084,1
TCGA-D8-A1XD-01A-11R-A14D-07,0.6200275402927732,1
TCGA-T1-A6J8-01A-11R-A32O-07,0.915837585570905,0
TCGA-A2-A0SU-01A-11R-A084-07,0.8990765010975896,1
TCGA-62-A46R-01A-11R-A24H-07,0.9283848184503398,1
TCGA-2J-AAB1-01A-11R-A41B-07,0.8917321116245843,1
TCGA-61-2102-01A-01R-1568-13,0.8622650591442552,1
TCGA-BQ-5891-01A-11R-1592-07,0.42808003457213983,1
TCGA-78-7160-01A-11R-2039-07,0.5261623692228058,1
TCGA-AZ-4614-01A-01R-1410-07,0.7738544271864936,0
TCGA-CM-6676-01A-11R-1839-07,0.8391719114627226,1
TCGA-LN-A49W-01A-11R-A260-31,0.7350804672492917,1
TCGA-A2-A0EY-01A-11R-A034-07,0.49223027735928987,1
TCGA-CJ-4869-01A-02R-1426-07,0.3982939288166305,1
TCGA-F2-A8YN-01A-11R-A37L-07,0.550974816949346,1
TCGA-EW-A6SC-01A-12R-A32P-07,0.5969443041384518,1
TCGA-77-A5G1-01A-11R-A27Q-07,0.8237455298603483,1
TCGA-V1-A9ZR-01A-11R-A41O-07,0.8971052536396171,1
TCGA-KK-A8I9-01A-11R-A36G-07,0.5151978408309589,0
TCGA-CC-A3MB-01A-11R-A213-07,0.9101428200965229,1
TCGA-B2-5635-01A-01R-1541-07,0.4648135607386861,1
TCGA-AA-3662-01A-01R-1723-07,0.8527134809661504,1
TCGA-S3-AA15-01A-11R-A41B-07,0.8929062945550983,1
TCGA-B8-4154-01A-01R-1188-07,0.39468870975493237,1
TCGA-43-A474-01A-11R-A24H-07,0.8104499965379225,1
TCGA-13-0800-01A-01R-1564-13,0.6698535831383662,1
TCGA-L9-A50W-01A-12R-A39D-07,0.5201950338742909,1
TCGA-B6-A1KF-01A-11R-A13Q-07,0.5962847475404455,0
TCGA-22-1011-01A-01R-0692-07,0.8380268536276504,1
TCGA-AA-3833-01A-01R-0905-07,0.7816921915414795,1
TCGA-22-4605-01A-21R-2125-07,0.4287042238777942,1
TCGA-52-7810-01A-11R-2125-07,0.4465482952143267,1
TCGA-64-1678-01A-01R-0946-07,0.5141826439362474,1
TCGA-IB-7645-01A-22R-2204-07,0.5734904823936328,1
TCGA-A2-A0EP-01A-52R-A22U-07,0.4750162696901405,1
TCGA-AA-A00Z-01A-01R-A002-07,0.7611361595405034,1
TCGA-E2-A9RU-01A-11R-A41B-07,0.8869725590885207,0
TCGA-BP-5184-01A-01R-1426-07,0.5011927431999809,1
TCGA-73-4670-01A-01R-1206-07,0.5512666970129654,1
TCGA-AA-3679-01A-02R-0905-07,0.7583354495244441,1
TCGA-CM-5348-01A-21R-1723-07,0.4536893735051308,1
TCGA-2A-A8W3-01A-11R-A37L-07,0.8672993310924811,0
TCGA-MH-A857-01A-11R-A355-07,0.5053921962791763,1
TCGA-E2-A1LG-01A-21R-A14M-07,0.5523056558582393,0
TCGA-05-4418-01A-01R-1206-07,0.5477537257738825,1
TCGA-83-5908-01A-21R-2287-07,0.537046860938462,0
TCGA-G3-A5SJ-01A-11R-A27V-07,0.9082432858904993,1
TCGA-13-0901-01B-01R-1565-13,0.7041106149027188,1
TCGA-B0-5088-01A-01R-1334-07,0.8333205890904878,1
TCGA-AR-A0TU-01A-31R-A109-07,0.9266923512571681,0
TCGA-29-1770-01A-01R-1567-13,0.5516748415188815,1
TCGA-AA-3855-01A-01R-1022-07,0.7849835405329285,1
TCGA-B0-5402-01A-01R-1503-07,0.8542648818458968,1
TCGA-DD-AACD-01A-11R-A41C-07,0.5763440830170533,1
TCGA-UB-A7MB-01A-11R-A33R-07,0.9067184763875298,0
TCGA-J9-A52B-01A-11R-A26U-07,0.8761301268898928,1
TCGA-13-0908-01B-01R-1565-13,0.786580056498278,1
TCGA-AS-3777-01A-01R-0864-07,0.885647410855587,0
TCGA-L5-A8NU-01A-11R-A36D-31,0.2770372003539544,1
TCGA-BH-A0W5-01A-11R-A109-07,0.9372088054559354,1
TCGA-L5-A4OE-01A-11R-A260-31,0.6804086475336492,1
TCGA-29-1705-01A-01R-1567-13,0.7720239395585167,1
TCGA-AA-A024-01A-02R-A00A-07,0.8186578121074434,1
TCGA-13-0799-01A-01R-1564-13,0.5027988044897999,1
TCGA-AR-A24L-01A-11R-A169-07,0.9834386020258222,1
TCGA-CZ-5463-01A-01R-1503-07,0.8493298142137662,1
TCGA-G7-A4TM-01A-11R-A31O-07,0.5121791554906435,1
TCGA-5P-A9KH-01A-11R-A42S-07,0.49644689923392826,1
TCGA-E9-A249-01A-11R-A169-07,0.9168859689235996,1
TCGA-J2-A4AD-01A-11R-A24H-07,0.90235705099865,1
TCGA-BP-4961-01A-01R-1334-07,0.44713470589444143,1
TCGA-DD-AADB-01A-11R-A41C-07,0.6371074106932,1
TCGA-B6-A0X4-01A-11R-A109-07,0.5597749718688892,0
TCGA-80-5611-01A-01R-1628-07,0.5521583266784594,1
TCGA-A8-A06O-01A-11R-A00Z-07,0.5875947908127632,1
TCGA-B0-4690-01A-01R-1277-07,0.5095224181947489,1
TCGA-A8-A07C-01A-11R-A034-07,0.9817050831050835,1
TCGA-23-1032-01A-02R-1564-13,0.6032678355914255,1
TCGA-CM-6167-01A-11R-1653-07,0.4563224926859265,1
TCGA-D8-A142-01A-11R-A115-07,0.8755687446110857,1
TCGA-A3-A8OV-01A-11R-A37O-07,0.8131264961176778,1
TCGA-A8-A094-01A-11R-A00Z-07,0.8939916371432063,0
TCGA-HC-A8D0-01A-11R-A36G-07,0.5240336931455509,1
TCGA-M9-A5M8-01A-11R-A28J-31,0.6920590330912475,1
TCGA-DD-AACS-01A-11R-A41C-07,0.5686419970607308,1
TCGA-22-4593-01A-21R-1820-07,0.839098701377428,0
TCGA-E9-A1RB-01A-11R-A157-07,0.8842955796935912,1
TCGA-86-A456-01A-11R-A24H-07,0.5184276838249345,0
TCGA-AR-A24H-01A-11R-A169-07,0.5802015342927203,1
TCGA-OL-A5D7-01A-11R-A27Q-07,0.8553389064037228,0
TCGA-85-A511-01A-21R-A262-07,0.4412093532108086,0
TCGA-49-AAR9-01A-21R-A41B-07,0.8861833318835307,0
TCGA-13-1496-01A-01R-1565-13,0.7796380321558884,0
TCGA-60-2695-01A-01R-0851-07,0.5552892735534596,0
TCGA-YL-A8SH-01B-11R-A37L-07,0.5447824074683962,1
TCGA-23-1026-01B-01R-1569-13,0.8727626121649033,0
TCGA-AA-3684-01A-02R-0905-07,0.7950284539551974,1
TCGA-97-8174-01A-11R-2287-07,0.9274504985854057,1
TCGA-A3-3308-01A-02R-1325-07,0.48439529396207376,1
TCGA-DD-A3A4-01A-11R-A22L-07,0.5466700372230596,1
TCGA-AR-A2LO-01A-31R-A18M-07,0.909308334061578,0
TCGA-64-1679-01A-21R-2066-07,0.8980511972190053,1
TCGA-56-8623-01A-11R-A28V-07,0.9068574172905493,1
TCGA-69-A59K-01A-11R-A262-07,0.5205671010875755,0
TCGA-13-0766-01A-02R-1564-13,0.4925890994986445,1
TCGA-61-2016-01A-01R-1568-13,0.8852641789965909,1
TCGA-XV-AAZV-01A-11R-A40A-07,0.8662177866614047,1
TCGA-AA-A01Q-01A-01R-A002-07,0.7758440456429366,1
TCGA-A2-A25C-01A-11R-A169-07,0.9889997764724897,1
TCGA-24-1849-01A-01R-1567-13,0.8851610752864607,1
TCGA-LL-A5YM-01A-11R-A28M-07,0.8690110088823352,1
TCGA-23-2081-01A-01R-1568-13,0.8044145062655754,1
TCGA-BP-4975-01A-01R-1334-07,0.8799933806885952,1
TCGA-B8-5165-01A-01R-1420-07,0.4912665792730675,0
TCGA-SX-A7SR-01A-12R-A36F-07,0.4591008516645037,1
TCGA-AR-A24M-01A-11R-A169-07,0.48478555574683074,1
TCGA-LL-A6FR-01A-12R-A31O-07,0.9221840576642965,1
TCGA-IB-A5SS-01A-11R-A32O-07,0.8879204569470118,1
TCGA-EJ-AB27-01A-11R-A41O-07,0.8744554748952668,1
TCGA-37-3789-01A-01R-0980-07,0.868438110884443,1
TCGA-AA-A01F-01A-01R-A002-07,0.7786541611215491,1
TCGA-VR-A8EY-01A-11R-A36D-31,0.6082675956667078,1
TCGA-CK-5913-01A-11R-1653-07,0.4598826986613598,0
TCGA-A3-3319-01A-02R-1325-07,0.8824967908899806,0
TCGA-77-8007-01A-11R-2187-07,0.8555959301231295,0
TCGA-24-1434-01A-01R-1566-13,0.7314423585221301,1
TCGA-L5-A4OQ-01A-11R-A260-31,0.7039176218131933,1
TCGA-IG-A3YC-01A-11R-A24K-31,0.8577963468727979,1
TCGA-BH-A0DV-01A-21R-A12P-07,0.5457075483122784,1
TCGA-C8-A12N-01A-11R-A115-07,0.919965974443936,1
TCGA-KC-A7F6-01A-11R-A33R-07,0.8908855597095345,1
TCGA-DM-A28E-01A-11R-A32Y-07,0.8307670264798471,0
TCGA-85-8048-01A-11R-2247-07,0.436499558670654,1
TCGA-55-8614-01A-11R-2403-07,0.5247152909838706,1
TCGA-L5-A4OH-01A-11R-A260-31,0.9579135502054046,0
TCGA-AO-A0JJ-01A-11R-A056-07,0.9157263754147248,1
TCGA-DM-A282-01A-12R-A16W-07,0.5687124243750261,1
TCGA-64-5775-01A-01R-1628-07,0.5125570864587705,1
TCGA-EJ-5511-01A-01R-1580-07,0.5017325437448112,1
TCGA-E2-A1LE-01A-12R-A19W-07,0.49695669929487635,1
TCGA-E9-A1NH-01A-11R-A14D-07,0.6029390495309462,0
TCGA-55-8302-01A-11R-2326-07,0.5411752645215856,1
TCGA-O2-A52N-01A-11R-A26W-07,0.9210454922497598,0
TCGA-AA-3495-01A-01R-1410-07,0.7915936830771105,1
TCGA-A7-A13H-01A-11R-A22K-07,0.6075188237043792,0
TCGA-JY-A6FE-01A-11R-A336-31,0.6595585369919152,1
TCGA-HC-7210-01A-11R-2118-07,0.5293402054331555,1
TCGA-L5-A88T-01A-11R-A354-31,0.7342430649228767,0
TCGA-BP-4998-01A-01R-1334-07,0.8753742593797935,1
TCGA-S3-A6ZG-01A-22R-A32P-07,0.457818235241181,1
TCGA-B0-5692-01A-11R-1541-07,0.47938963281560704,1
TCGA-ZG-A8QY-01A-11R-A37L-07,0.5209255438794971,1
TCGA-A1-A0SG-01A-11R-A144-07,0.9229129884988574,0
TCGA-64-5774-01A-01R-1628-07,0.878829660236967,1
TCGA-L5-A8NM-01A-11R-A37I-31,0.6906042147954528,1
TCGA-AO-A12D-01A-11R-A115-07,0.49507499506279884,1
TCGA-39-5024-01A-21R-1820-07,0.8303589693020739,1
TCGA-AA-A01K-01A-01R-A00A-07,0.8086924231387707,0
TCGA-AA-3973-01A-01R-1022-07,0.8263296215592746,1
TCGA-22-5485-01A-01R-1635-07,0.826099158602842,1
TCGA-50-5941-01A-11R-1755-07,0.5343016031815693,0
TCGA-C8-A12K-01A-21R-A115-07,0.8793693380396751,1
TCGA-MH-A55Z-01A-11R-A26U-07,0.4861778986016404,1
TCGA-BH-A0H3-01A-11R-A12P-07,0.5684476414080608,1
TCGA-CJ-4890-01A-01R-1305-07,0.863328020792016,0
TCGA-85-8072-01A-31R-2247-07,0.863151975839739,0
TCGA-5M-AATA-01A-31R-A41B-07,0.4897063007555866,0
TCGA-C8-A1HK-01A-21R-A13Q-07,0.4769035944893341,1
TCGA-AN-A0XP-01A-11R-A109-07,0.47378007526316723,1
TCGA-39-5028-01A-01R-1443-07,0.8419277625835976,0
TCGA-ZG-A9L6-01A-11R-A41O-07,0.8848877008630843,1
TCGA-AO-A03V-01A-11R-A115-07,0.912074274326615,1
TCGA-CJ-4895-01A-01R-1305-07,0.921607221038618,1
TCGA-BC-A10T-01A-11R-A131-07,0.4900582044218786,0
TCGA-AR-A24K-01A-11R-A169-07,0.5443580430971819,0
TCGA-A8-A06Z-01A-11R-A00Z-07,0.9883783232299806,1
TCGA-A6-6654-01A-21R-1839-07,0.46343729069826267,1
TCGA-G9-6373-01A-11R-1789-07,0.5619692999523386,1
TCGA-DD-A116-01A-11R-A131-07,0.5782563096074508,0
TCGA-VR-A8EQ-01A-11R-A36D-31,0.28610398733278297,1
TCGA-R6-A6L6-01B-11R-A336-31,0.2925687855639542,1
TCGA-55-A493-01A-11R-A24H-07,0.5582264939508064,1
TCGA-ES-A2HS-01A-11R-A180-07,0.5326571991581968,1
TCGA-KK-A8I8-01A-11R-A36G-07,0.5050319002279566,1
TCGA-L5-A4OI-01A-11R-A36D-31,0.7266298730376739,1
TCGA-43-6143-01A-11R-1820-07,0.9785166956887272,1
TCGA-HC-7080-01A-11R-1965-07,0.8978504743903113,1
TCGA-FV-A4ZQ-01A-11R-A266-07,0.5999534895658976,0
TCGA-A3-3374-01A-02R-1325-07,0.8257594439615664,0
TCGA-IG-A3QL-01A-11R-A24K-31,0.6200802061215988,0
TCGA-PL-A8LV-01A-21R-A41B-07,0.5071525452364904,1
TCGA-HC-A9TE-01A-11R-A41O-07,0.49628297286219114,1
TCGA-G4-6321-01A-11R-1723-07,0.4471015466638241,1
TCGA-23-1030-01A-02R-1564-13,0.5272632984101847,1
TCGA-FB-AAQ2-01A-31R-A41B-07,0.5972389583646824,1
TCGA-A2-A0CY-01A-12R-A034-07,0.610487376661287,1
TCGA-AN-A046-01A-21R-A034-07,0.47462262129893684,1
TCGA-BH-A0B4-01A-11R-A00Z-07,0.8976492772801307,1
TCGA-24-0982-01A-01R-1565-13,0.6589589654254178,1
TCGA-AR-A0TY-01A-12R-A115-07,0.8950502866545441,0
TCGA-WS-AB45-01A-11R-A41B-07,0.8758939886303528,0
TCGA-37-4135-01A-01R-1100-07,0.7860222726656848,1
TCGA-EW-A1P0-01A-11R-A144-07,0.8528839037696437,1
TCGA-A2-A04Y-01A-21R-A034-07,0.8909536536453658,1
TCGA-ZP-A9D4-01A-11R-A37K-07,0.9158267792306911,1
TCGA-AC-A23H-01A-11R-A157-07,0.8623688042715103,1
TCGA-A8-A07G-01A-11R-A034-07,0.5962237598863597,0
TCGA-63-A5MT-01A-21R-A26W-07,0.41448714961634703,1
TCGA-05-5428-01A-01R-1628-07,0.8955572351788422,1
TCGA-V1-A9OQ-01A-11R-A41O-07,0.5087447206401673,1
TCGA-CZ-5454-01A-01R-1503-07,0.81144336679788,0
TCGA-2J-AABK-01A-31R-A41B-07,0.565625621856009,1
TCGA-L5-A893-01A-11R-A36D-31,0.8641534808631997,1
TCGA-CW-5587-01A-01R-1541-07,0.8561036116876866,1
TCGA-CH-5766-01A-11R-1580-07,0.517130780110681,0
TCGA-E9-A1NI-01A-11R-A14D-07,0.5109664315203881,1
TCGA-46-3767-01A-01R-0980-07,0.451932860587856,0
TCGA-85-7710-01A-11R-2125-07,0.4149458103516458,1
TCGA-A2-A1G1-01A-21R-A13Q-07,0.4783855311186926,1
TCGA-AZ-6603-01A-11R-1839-07,0.9391134558512829,1
TCGA-BP-5180-01A-01R-1426-07,0.8731533775470375,1
TCGA-HC-7213-01A-11R-2118-07,0.5863237385641775,1
TCGA-BP-4354-01A-02R-1289-07,0.8247724871852803,0
TCGA-E2-A14W-01A-11R-A12D-07,0.584578201678774,1
TCGA-L9-A444-01A-21R-A24H-07,0.906352741737614,1
TCGA-86-7713-01A-11R-2066-07,0.5232130097440545,1
TCGA-MP-A4TJ-01A-51R-A262-07,0.9124089457558504,1
TCGA-B9-A5W8-01A-11R-A28H-07,0.9049421989303743,1
TCGA-BH-A0DE-01A-11R-A115-07,0.5602950180617997,0
TCGA-BP-4349-01A-01R-1289-07,0.8080794035436131,1
TCGA-LL-A8F5-01A-11R-A36F-07,0.5129238470237467,1
TCGA-95-A4VK-01A-11R-A262-07,0.5408762182644994,1
TCGA-HC-A9TH-01A-11R-A41O-07,0.9078654304503588,1
TCGA-CM-4743-01A-01R-1723-07,0.4673919304783723,1
TCGA-13-1499-01A-01R-1565-13,0.6947530173442521,1
TCGA-43-7656-01A-11R-2125-07,0.8517104780420316,1
TCGA-66-2786-01A-01R-0851-07,0.8668817210488783,1
TCGA-44-7671-01A-11R-2066-07,0.5124087304651268,0
TCGA-D5-6535-01A-11R-1723-07,0.8663298154167014,1
TCGA-A3-3378-01A-02R-1325-07,0.38344905693148584,1
TCGA-KR-A7K8-01A-11R-A33J-07,0.8693743423569233,1
TCGA-B6-A0IG-01A-11R-A034-07,0.4875615069083307,1
TCGA-05-5423-01A-01R-1628-07,0.9009272074522865,1
TCGA-24-2020-01A-01R-1567-13,0.6756918014801034,0
TCGA-EJ-5532-01A-01R-1580-07,0.486377171799709,1
TCGA-LN-A7HX-01A-11R-A336-31,0.6522802131268779,1
TCGA-24-1418-01A-01R-1565-13,0.7508793966648526,1
TCGA-A6-6648-01A-11R-1774-07,0.8735472528203921,1
TCGA-AO-A12F-01A-11R-A115-07,0.8920668340464134,1
TCGA-DD-A1EL-01A-11R-A155-07,0.5126336721553318,1
TCGA-F2-6880-01A-11R-2156-07,0.6432167364810356,1
TCGA-IB-AAUW-01A-12R-A38C-07,0.5639011130342816,1
TCGA-EB-A4OZ-01A-12R-A266-07,0.5071211812943648,1
TCGA-CJ-4878-01A-01R-1305-07,0.9093942701435377,1
TCGA-4R-AA8I-01A-11R-A38B-07,0.5865971831537432,1
TCGA-CZ-4853-01A-01R-1426-07,0.8541229992796082,1
TCGA-DD-A4NN-01A-11R-A28V-07,0.5977497077843738,1
TCGA-21-5782-01A-01R-1635-07,0.8383113137395732,1
TCGA-85-A513-01A-12R-A26W-07,0.4281390698710619,0
TCGA-29-1761-01A-01R-1567-13,0.6650406130831434,1
TCGA-G7-6792-01A-21R-1965-07,0.5283614852055375,0
TCGA-NC-A5HQ-01A-11R-A26W-07,0.8627557040174662,1
TCGA-B1-A47O-01A-11R-A24Z-07,0.5205132659965963,1
TCGA-AR-A252-01A-11R-A169-07,0.6051113610140698,1
TCGA-BH-A18S-01A-11R-A12D-07,0.5737410171464316,1
TCGA-LQ-A4E4-01A-11R-A266-07,0.5817742863438305,1
TCGA-3A-A9IV-01A-11R-A41B-07,0.9392023594866474,1
TCGA-WN-A9G9-01A-12R-A37K-07,0.9006856177039753,1
TCGA-BH-A18F-01A-11R-A12D-07,0.5811763517608216,1
TCGA-13-0883-01A-02R-1569-13,0.6914074114860211,0
TCGA-55-7576-01A-11R-2066-07,0.5247126541313842,0
TCGA-44-A4SS-01A-11R-A24X-07,0.5436668306005927,1
TCGA-AD-A5EJ-01A-11R-A28H-07,0.46983959873775044,1
TCGA-E9-A5FL-01A-11R-A27Q-07,0.8913519028769649,1
TCGA-J4-A67L-01A-11R-A30B-07,0.5542516109240504,1
TCGA-23-1113-01A-01R-1564-13,0.6496124273350722,1
TCGA-55-6543-01A-11R-1755-07,0.6703656564719553,0
TCGA-BP-4334-01A-01R-1289-07,0.9416360014431587,1
TCGA-E2-A1L6-01A-11R-A13Q-07,0.5495260105017858,1
TCGA-D8-A27W-01A-11R-A16F-07,0.982972332763058,1
TCGA-B6-A0WS-01A-11R-A115-07,0.6035743139068316,0
TCGA-B3-8121-01A-21R-2404-07,0.5436331092547713,1
TCGA-D8-A1JK-01A-11R-A13Q-07,0.8711764187827438,1
TCGA-A2-A04N-01A-11R-A115-07,0.9242493511248062,1
TCGA-P4-A5E6-01A-11R-A28H-07,0.5344123018657286,1
TCGA-PJ-A5Z9-01A-11R-A28H-07,0.4947997524349519,1
TCGA-LN-A7HV-01A-21R-A354-31,0.6384855777811135,1
TCGA-22-0944-01A-01R-0692-07,0.8635442859631504,1
TCGA-AN-A0FK-01A-11R-A034-07,0.6019057058653584,1
TCGA-BF-AAOU-01A-12R-A39D-07,0.5017974866144959,1
TCGA-HN-A2NL-01A-11R-A18M-07,0.8787219448896016,1
TCGA-FR-A2OS-01A-11R-A21D-07,0.8679517323098354,1
TCGA-CW-6093-01A-11R-1672-07,0.45328208598877107,1
TCGA-DD-A73F-01A-11R-A32O-07,0.616343209767016,1
TCGA-WQ-A9G7-01A-11R-A37K-07,0.6337596664449151,1
TCGA-37-3783-01A-01R-1201-07,0.8355990271966118,1
TCGA-61-1995-01A-01R-1568-13,0.8812846594513813,1
TCGA-DD-AAD2-01A-11R-A41C-07,0.604487770659083,1
TCGA-24-1616-01A-01R-1566-13,0.6687397358420317,1
TCGA-B2-3923-01B-10R-A277-07,0.43645172098938684,1
TCGA-31-1950-01A-01R-1568-13,0.8585505229760121,1
TCGA-FC-A5OB-01A-11R-A29R-07,0.4960369222374415,1
TCGA-LN-A49X-01A-31R-A260-31,0.7002288476981532,1
TCGA-UU-A93S-01A-21R-A41B-07,0.6145153324551452,1
TCGA-34-5240-01A-01R-1443-07,0.7847052165376414,1
TCGA-L5-A43C-01A-11R-A24K-31,0.7252309911788534,1
TCGA-46-3765-01A-01R-0980-07,0.8338572400004248,0
TCGA-B0-4844-01A-01R-1277-07,0.5271006557808983,1
TCGA-21-1080-01A-01R-0692-07,0.8073014360874892,1
TCGA-13-0920-01A-01R-1564-13,0.6580574145862482,1
TCGA-F9-A8NY-01A-11R-A36F-07,0.5373274470757585,1
TCGA-LL-A740-01A-21R-A32P-07,0.4996087287933503,1
TCGA-BF-AAP4-01A-11R-A40A-07,0.8642721604279828,1
TCGA-XR-A8TD-01A-12R-A39D-07,0.6300965269559107,1
TCGA-33-4538-01A-01R-1201-07,0.41974690944157594,1
TCGA-LL-A9Q3-01A-11R-A41B-07,0.6121248210234352,1
TCGA-NJ-A4YF-01A-12R-A262-07,0.5399915086453126,1
TCGA-MH-A560-01A-11R-A26U-07,0.8408372131243366,1
TCGA-L5-A8NE-01A-11R-A37I-31,0.8624314469419163,0
TCGA-04-1332-01A-01R-1564-13,0.8733878451316051,1
TCGA-EJ-A7NG-01A-31R-A33R-07,0.9060052743066652,0
TCGA-A8-A08J-01A-11R-A00Z-07,0.49464364031308766,1
TCGA-AK-3456-01A-02R-1325-07,0.5090948912227088,1
TCGA-G7-A8LB-01A-11R-A36F-07,0.9383469663301138,0
TCGA-B2-A4SR-01A-11R-A266-07,0.5090590076142024,1
TCGA-62-8394-01A-11R-2326-07,0.8818345242123902,1
TCGA-AZ-6608-01A-11R-1839-07,0.8442930314633748,1
TCGA-Q3-AA2A-01A-11R-A37L-07,0.9176675130405122,1
TCGA-B0-4694-01A-01R-1277-07,0.8360479165434455,1
TCGA-AR-A24V-01A-21R-A169-07,0.8747146186168342,0
TCGA-A2-A0EV-01A-11R-A034-07,0.4683645389483161,1
TCGA-60-2714-01A-01R-0851-07,0.8558395112080359,0
TCGA-BP-4762-01A-02R-1289-07,0.5281098905455125,1
TCGA-DD-AACG-01A-11R-A41C-07,0.4764802331271469,1
TCGA-B0-5094-01A-01R-1420-07,0.5352579427155305,1
TCGA-AA-3556-01A-01R-0821-07,0.8157185979347182,0
TCGA-2J-AABO-01A-21R-A41B-07,0.5559742423158796,1
TCGA-B0-5400-01A-01R-1503-07,0.8216521427501768,0
TCGA-77-6845-01A-11R-1949-07,0.8379868892960186,0
TCGA-D8-A141-01A-11R-A115-07,0.49561839513844347,1
TCGA-55-A57B-01A-12R-A39D-07,0.6762044032952209,1
TCGA-60-2712-01A-01R-0851-07,0.4453012227103733,1
TCGA-A6-4105-01A-02R-1774-07,0.8479412220637255,1
TCGA-XV-A9W5-01A-11R-A38C-07,0.4944099170799044,1
TCGA-A6-5665-01B-03R-2302-07,0.47198830980221035,1
TCGA-E2-A1AZ-01A-11R-A12P-07,0.4977867835239842,1
TCGA-55-7910-01A-11R-2170-07,0.5627853722450816,1
TCGA-50-6673-01A-11R-1949-07,0.8867272729028051,1
TCGA-BH-A0DL-01A-11R-A115-07,0.4876112038420724,1
TCGA-AU-6004-01A-11R-1723-07,0.8571112951079263,1
TCGA-E2-A15I-01A-21R-A137-07,0.5890442417867747,1
TCGA-G9-6369-01A-21R-1965-07,0.871797294463791,0
TCGA-AA-3819-01A-01R-0905-07,0.7696892972105349,0
TCGA-KK-A6E0-01A-11R-A311-07,0.5474527188507476,0
TCGA-SX-A71W-01A-12R-A355-07,0.8856363483680272,1
TCGA-AR-A0TS-01A-11R-A115-07,0.4772536515422653,1
TCGA-E9-A5UP-01A-11R-A28M-07,0.8700555628714765,0
TCGA-AQ-A0Y5-01A-11R-A14M-07,0.8904363632981881,0
TCGA-BP-4807-01A-01R-1305-07,0.8078986366163717,1
TCGA-CM-5860-01A-01R-1653-07,0.445279131032077,1
TCGA-BC-A5W4-01A-11R-A28V-07,0.5602853103867382,1
TCGA-B0-4821-01A-01R-1503-07,0.914959174558743,1
TCGA-UZ-A9PJ-01A-11R-A38C-07,0.4767859793220155,0
TCGA-DD-AACC-01A-11R-A41C-07,0.5840922160564164,0
TCGA-CJ-4870-01A-01R-1305-07,0.5387806295808983,1
TCGA-75-6207-01A-11R-1755-07,0.5403140953439255,1
TCGA-C8-A1HO-01A-11R-A13Q-07,0.575351751591514,1
TCGA-JY-A938-01A-11R-A37I-31,0.7334904325511734,1
TCGA-04-1361-01A-01R-1565-13,0.6750466695002799,1
TCGA-2Z-A9J8-01A-11R-A42S-07,0.513532090895217,1
TCGA-64-1677-01A-01R-0946-07,0.5343820970089886,0
TCGA-AO-A0JE-01A-11R-A056-07,0.49418857694552054,1
TCGA-IG-A4P3-01A-11R-A260-31,0.8597580472747604,1
TCGA-05-4424-01A-22R-1858-07,0.6685692828115288,0
TCGA-91-A4BD-01A-11R-A24H-07,0.6357552868252082,1
TCGA-DD-AAVS-01A-11R-A41C-07,0.5943517302840129,0
TCGA-18-3414-01A-01R-0980-07,0.8457962546130596,1
TCGA-J4-A83I-01A-11R-A36G-07,0.5091703743075552,1
TCGA-39-5035-01A-01R-1443-07,0.8342386385013009,1
TCGA-AA-3544-01A-01R-1873-07,0.4652022238246345,1
TCGA-FB-A7DR-01A-21R-A33R-07,0.895364278113114,1
TCGA-99-8032-01A-11R-2241-07,0.5329853539867526,1
TCGA-95-7948-01A-11R-2187-07,0.5490434389356974,0
TCGA-D8-A1XU-01A-11R-A14M-07,0.915279281906805,0
TCGA-2Z-A9J7-01A-11R-A38C-07,0.9488949287140219,1
TCGA-13-A5FT-01A-11R-A406-31,0.807845019849592,1
TCGA-BP-4803-01A-01R-1305-07,0.8606999234522842,1
TCGA-24-2271-01A-01R-1568-13,0.8079834321630759,1
TCGA-DD-A39V-01A-11R-A213-07,0.5542379865351341,0
TCGA-CM-6674-01A-11R-1839-07,0.4665715381584691,1
TCGA-30-1855-01A-01R-1567-13,0.8806544383694745,1
TCGA-2J-AABE-01A-12R-A41B-07,0.9214852543956271,1
TCGA-ED-A82E-01A-11R-A352-07,0.6455401778315174,1
TCGA-56-7580-01A-11R-2045-07,0.8617589728368986,1
TCGA-37-4130-01A-01R-1100-07,0.8478660655398439,1
TCGA-38-4626-01A-01R-1206-07,0.5215709852584977,1
TCGA-CZ-4861-01A-01R-1305-07,0.5105589326159463,1
TCGA-F4-6703-01A-11R-1839-07,0.8609233551707837,1
TCGA-61-2109-01A-01R-1568-13,0.6906658670050633,1
TCGA-5M-AATE-01A-11R-A41B-07,0.5998085626533509,1
TCGA-10-0931-01A-01R-1564-13,0.6320165071345635,1
TCGA-UZ-A9PQ-01A-11R-A42S-07,0.5324267951789813,1
TCGA-XC-AA0X-01A-32R-A405-07,0.41391815586546454,1
TCGA-BH-A0C1-01B-11R-A12D-07,0.48652691613143845,1
TCGA-09-1668-01B-01R-1566-13,0.6770025227539406,1
TCGA-77-7338-01A-11R-2045-07,0.42336608005734644,0
TCGA-61-2111-01A-01R-1568-13,0.6972841437197066,1
TCGA-AC-A8OS-01A-12R-A41B-07,0.6033193426162765,1
TCGA-BF-A3DJ-01A-11R-A20F-07,0.5143733987535692,1
TCGA-CJ-4893-01A-01R-1305-07,0.8918802193965125,1
TCGA-DD-AADS-01A-11R-A41C-07,0.5660267658231971,0
TCGA-61-2110-01A-01R-1568-13,0.6579171787901446,1
TCGA-DD-A1EE-01A-11R-A131-07,0.9050224797461004,1
TCGA-BH-A0BP-01A-11R-A115-07,0.6147534825085665,1
TCGA-IG-A3I8-01A-11R-A24K-31,0.7020853621118482,1
TCGA-86-A4D0-01A-11R-A24H-07,0.9320868707765233,0
TCGA-22-1016-01A-01R-0692-07,0.8565164806485783,1
TCGA-BH-A0DS-01A-11R-A056-07,0.8702947557885482,1
TCGA-AR-A5QN-01A-12R-A28M-07,0.9228892478782098,1
TCGA-CW-6088-01A-11R-1672-07,0.46101964437955517,0
TCGA-AQ-A04L-01B-21R-A10J-07,0.5128684888138763,1
TCGA-A7-A13D-01A-13R-A12P-07,0.6501812892328399,1
TCGA-A2-A0YJ-01A-11R-A109-07,0.500946386566493,1
TCGA-04-1331-01A-01R-1569-13,0.7642452512258145,1
TCGA-HZ-A8P1-01A-11R-A37L-07,0.9204788553726987,1
TCGA-AR-A24R-01A-11R-A169-07,0.4707050853093887,1
TCGA-36-1575-01A-01R-1566-13,0.658000077332426,0
TCGA-C8-A273-01A-11R-A16F-07,0.47896494089866204,1
TCGA-DM-A1HB-01A-21R-A180-07,0.4452432381195767,0
TCGA-JL-A3YW-01A-12R-A239-07,0.5058756359687294,1
TCGA-13-1411-01A-01R-1565-13,0.5875226065216316,1
TCGA-60-2710-01A-01R-0851-07,0.8421872068516392,1
TCGA-BP-5009-01A-01R-1334-07,0.8536161732439193,1
TCGA-T7-A92I-01A-11R-A37O-07,0.45028825899159597,1
TCGA-EB-A85I-01A-11R-A352-07,0.5010314697876231,1
TCGA-F4-6460-01A-11R-1774-07,0.47096221663575016,0
TCGA-B8-A54E-01A-11R-A266-07,0.8444681899286735,1
TCGA-60-2725-01A-01R-1201-07,0.8487969974543914,1
TCGA-NC-A5HI-01A-11R-A26W-07,0.9180758258151673,1
TCGA-BP-4965-01A-01R-1334-07,0.9844984076628928,1
TCGA-BP-4756-01A-01R-1289-07,0.4948437787337187,1
TCGA-A8-A095-01A-11R-A00Z-07,0.8740054511451951,1
TCGA-MM-A84U-01A-11R-A37O-07,0.49841666475881896,1
TCGA-HP-A5N0-01A-11R-A28V-07,0.5837439682987015,1
TCGA-A4-7996-01A-11R-2204-07,0.9859496229311221,1
TCGA-A2-A0EQ-01A-11R-A034-07,0.6461870989352593,1
TCGA-A1-A0SK-01A-12R-A084-07,0.559077953018113,1
TCGA-EJ-5505-01A-01R-1580-07,0.5277797655975923,1
TCGA-43-5668-01A-01R-1635-07,0.4197360577079516,0
TCGA-EW-A2FV-01A-11R-A17B-07,0.4899982301075769,0
TCGA-CZ-5456-01A-01R-1503-07,0.8905835018310115,1
TCGA-C8-A12Y-01A-11R-A12D-07,0.8932840009667903,1
TCGA-AR-A2LM-01A-11R-A180-07,0.5651902864634772,1
TCGA-A6-4107-01A-02R-1410-07,0.8080079710832062,1
TCGA-IG-A3YB-01A-11R-A36D-31,0.6991372858152395,1
TCGA-75-6205-01A-11R-1755-07,0.51999299536393,1
TCGA-20-1683-01A-01R-1566-13,0.9675200485679458,1
TCGA-BP-4170-01A-02R-1289-07,0.8718219544478688,1
TCGA-CJ-6032-01A-11R-1672-07,0.8795803780358307,1
TCGA-DD-AACL-01A-11R-A41C-07,0.5062425236691013,1
TCGA-BP-4166-01A-02R-1289-07,0.9598270389518759,1
TCGA-2H-A9GL-01A-12R-A37I-31,0.7172923333071388,1
TCGA-B0-5084-01A-01R-1334-07,0.9042154073058231,1
TCGA-E2-A15J-01A-11R-A12P-07,0.5914291835571545,1
TCGA-44-6775-01C-02R-A277-07,0.5023428353316216,1
TCGA-A2-A04W-01A-31R-A115-07,0.9216616314898812,1
TCGA-G3-AAV0-01A-11R-A37K-07,0.5664609130807304,1
TCGA-AA-A00D-01A-01R-A002-07,0.8066810913155877,1
TCGA-56-5897-01A-11R-1635-07,0.870921557680214,1
TCGA-EJ-7321-01A-31R-2263-07,0.5335394754547089,0
TCGA-2J-AABV-01A-12R-A41B-07,0.5625344440505463,1
TCGA-C8-A8HR-01A-11R-A36F-07,0.6124496047058907,1
TCGA-04-1362-01A-01R-1565-13,0.6923311233015886,0
TCGA-HZ-A77Q-01A-11R-A36G-07,0.917862083368673,1
TCGA-D8-A1JB-01A-11R-A13Q-07,0.578804562852473,1
TCGA-B0-4811-01A-01R-1503-07,0.8100309870644171,0
TCGA-24-1103-01A-01R-1565-13,0.5701777691838605,1
TCGA-91-A4BC-01A-11R-A24H-07,0.5481743052385618,1
TCGA-D5-5539-01A-01R-1653-07,0.4441545930514929,1
TCGA-HZ-A4BK-01A-11R-A26U-07,0.5736164039093151,1
TCGA-13-1489-01A-01R-1565-13,0.8198389264434155,1
TCGA-A2-A04P-01A-31R-A034-07,0.6076095524628035,1
TCGA-IA-A40Y-01A-11R-A24Z-07,0.6665426108674635,1
TCGA-21-5783-01A-41R-2187-07,0.430594102168306,1
TCGA-A6-2675-01A-02R-1723-07,0.4667089294824943,1
TCGA-B9-7268-01A-11R-A32Z-07,0.8823731600801542,1
TCGA-BP-4777-01A-01R-1289-07,0.5145272252750881,1
TCGA-BP-4988-01A-01R-1334-07,0.4963124721555756,1
TCGA-2J-AABF-01A-31R-A41B-07,0.914412711129284,1
TCGA-56-8201-01A-11R-2247-07,0.42912423524518317,1
TCGA-24-2035-01A-01R-1568-13,0.8822101410508995,1
TCGA-A1-A0SP-01A-11R-A084-07,0.8912496316471533,1
TCGA-BC-A10S-01A-22R-A131-07,0.9213259428144164,1
TCGA-HC-7738-01A-11R-2118-07,0.5132362618685674,1
TCGA-IA-A83S-01A-11R-A355-07,0.48360233777995176,0
TCGA-HZ-7920-01A-11R-2204-07,0.5685011512816653,1
TCGA-AA-3529-01A-02R-0821-07,0.7798922307654687,1
TCGA-D8-A1XJ-01A-11R-A14M-07,0.5114680117201538,1
TCGA-5X-AA5U-01A-11R-A406-31,0.8552718137619694,1
TCGA-3Z-A93Z-01A-11R-A37O-07,0.49646729830831265,1
TCGA-E9-A227-01A-11R-A157-07,0.57327917807737,1
TCGA-B0-4843-01A-01R-1277-07,0.3945840587911576,0
TCGA-BH-A8G0-01A-11R-A352-07,0.6150446953161256,1
TCGA-FV-A3R2-01A-11R-A22L-07,0.9077094210730899,1
TCGA-CZ-4854-01A-01R-1305-07,0.9519161591743873,1
TCGA-04-1348-01A-01R-1565-13,0.7996235468872731,1
TCGA-38-4625-01A-01R-1206-07,0.9026916561263165,1
TCGA-A3-A6NJ-01A-12R-A33J-07,0.4747140593602271,1
TCGA-BH-A0C3-01A-21R-A12P-07,0.5615068524221415,1
TCGA-58-8388-01A-11R-2326-07,0.8379841319752257,1
TCGA-NH-A50T-01A-11R-A28H-07,0.8272384300610948,1
TCGA-LL-A5YN-01A-11R-A28M-07,0.5822041945460246,0
TCGA-A2-A0ET-01A-31R-A034-07,0.5441804020190393,1
TCGA-GM-A2DO-01A-11R-A18M-07,0.5945475219042368,0
TCGA-A7-A0CH-01A-21R-A00Z-07,0.5708846758203326,1
TCGA-2Y-A9GT-01A-11R-A38B-07,0.5566204493274697,1
TCGA-B3-4104-01A-02R-1351-07,0.5815857702402563,1
TCGA-GM-A5PV-01A-11R-A28M-07,0.5951792711752367,1
TCGA-29-1711-01A-01R-1567-13,0.8646137136285388,1
TCGA-AO-A1KS-01A-11R-A13Q-07,0.5532167647459548,0
TCGA-AO-A12G-01A-11R-A10J-07,0.9204218683726115,1
TCGA-HZ-8002-01A-11R-2204-07,0.5647810157774035,0
TCGA-22-5492-01A-01R-1635-07,0.8374908287978833,1
TCGA-G4-6625-01A-21R-1774-07,0.46527914672563186,1
TCGA-L5-A4OF-01A-11R-A260-31,0.7556360292830068,1
TCGA-55-A48Y-01A-11R-A24H-07,0.5353685575703733,0
TCGA-A2-A0YD-01A-11R-A109-07,0.9123219807216834,1
TCGA-13-0801-01A-01R-1564-13,0.7400246598105056,1
TCGA-B4-5843-01A-11R-1672-07,0.3740914848521886,1
TCGA-AY-A69D-01A-11R-A37K-07,0.8741354777002794,0
TCGA-CJ-4899-01A-01R-1334-07,0.8836261173258,1
TCGA-YL-A8S9-01A-11R-A37L-07,0.8602092139346791,1
TCGA-55-1596-01A-01R-0946-07,0.5337790753999498,1
TCGA-UB-AA0V-01A-11R-A38B-07,0.5807223763451519,1
TCGA-BH-A0HY-01A-11R-A056-07,0.9463186832329604,1
TCGA-64-1676-01A-01R-0946-07,0.5282747752692001,0
TCGA-A8-A09R-01A-11R-A00Z-07,0.4716741430379659,0
TCGA-D8-A1Y2-01A-11R-A157-07,0.5086921934001537,1
TCGA-5P-A9JY-01A-11R-A42S-07,0.9487995215520444,1
TCGA-AR-A1AI-01A-11R-A12P-07,0.891399739839775,1
TCGA-56-7823-01B-11R-2247-07,0.8323076557692844,1
TCGA-O2-A52V-01A-31R-A262-07,0.8148722902961895,1
TCGA-B0-4816-01A-01R-1503-07,0.955356035625626,1
TCGA-MH-A55W-01A-11R-A26U-07,0.4766722159899301,1
TCGA-AN-A0FD-01A-11R-A034-07,0.9403961185658136,1
TCGA-3A-A9IB-01A-21R-A39D-07,0.893497399716328,1
TCGA-P4-A5EA-01A-11R-A28H-07,0.4503592899602941,1
TCGA-XV-A9VZ-01A-11R-A38C-07,0.9647853772949575,0
TCGA-BC-A10U-01A-11R-A131-07,0.8630812467011272,0
TCGA-B6-A0I9-01A-11R-A034-07,0.4563377880013782,0
TCGA-B0-5119-01A-02R-1420-07,0.49459633153113153,0
TCGA-AR-A2LR-01A-12R-A18M-07,0.48185260177044914,0
TCGA-22-5472-01A-01R-1635-07,0.4176428212998229,1
TCGA-GI-A2C8-01A-11R-A16F-07,0.5900535125482229,0
TCGA-44-2666-01A-01R-0946-07,0.530863022961075,1
TCGA-25-1632-01A-01R-1566-13,0.8020588381300422,1
TCGA-78-7540-01A-11R-2066-07,0.8941558703271639,1
TCGA-BH-A0AV-01A-31R-A115-07,0.4990223832010247,1
TCGA-AA-3845-01A-01R-1022-07,0.8354090117711903,1
TCGA-78-8655-01A-11R-2403-07,0.660525474773591,1
TCGA-BP-4345-01A-01R-1289-07,0.3971395457189378,1
TCGA-98-A539-01A-31R-A262-07,0.4179225906801284,0
TCGA-50-6594-01A-11R-1755-07,0.5225083484997998,1
TCGA-49-AARN-01A-21R-A41B-07,0.527036321162165,1
TCGA-A3-3358-01A-01R-1541-07,0.8119144502777156,1
TCGA-13-1483-01A-01R-1565-13,0.579560370598434,0
TCGA-KK-A7B2-01A-12R-A32O-07,0.5479500643532033,1
TCGA-49-AAQV-01A-11R-A39D-07,0.5435884728255475,0
TCGA-EV-5902-01A-11R-1592-07,0.5336312646028943,0
TCGA-AC-A6IX-01A-12R-A32P-07,0.6024140746941524,1
TCGA-BW-A5NQ-01A-11R-A27V-07,0.6180229508255967,0
TCGA-B6-A0WW-01A-11R-A109-07,0.867042661305856,0
TCGA-R6-A8W8-01B-11R-A37I-31,0.704280517571516,1
TCGA-XV-AAZW-01A-12R-A40A-07,0.9035617729867076,0
TCGA-BP-4173-01A-02R-1289-07,0.4802060946888856,1
TCGA-HZ-A49G-01A-11R-A26U-07,0.5478734597414684,0
TCGA-22-1012-01A-01R-0692-07,0.7946466511397244,1
TCGA-BH-A0C7-01B-11R-A115-07,0.5814539922983851,1
TCGA-CC-A7IL-01A-11R-A33R-07,0.9108839129618854,1
TCGA-E9-A1RA-01A-11R-A14D-07,0.4791618405335494,1
TCGA-YL-A8HM-01A-11R-A36G-07,0.8823094988522977,0
TCGA-AC-A3HN-01A-11R-A213-07,0.564684830868174,1
TCGA-D8-A1X8-01A-11R-A14M-07,0.5910557283773501,1
TCGA-78-7159-01A-11R-2039-07,0.5300898692111351,1
TCGA-AR-A1AK-01A-21R-A12P-07,0.6055072818282339,1
TCGA-Y8-A8RY-01A-11R-A37K-07,0.9436054934086148,1
TCGA-DD-AAED-01A-12R-A41C-07,0.6069378542362316,1
TCGA-AN-A0XV-01A-11R-A109-07,0.5453222784038848,1
TCGA-BP-4775-01A-01R-1289-07,0.8777021981632472,1
TCGA-24-1556-01A-01R-1566-13,0.6897153441198275,1
TCGA-44-6148-01A-11R-1755-07,0.5114816757096081,1
TCGA-DD-A3A9-01A-11R-A266-07,0.8698713921898774,0
TCGA-XK-AAJU-01A-11R-A41O-07,0.5484465164720758,1
TCGA-A6-3809-01B-04R-A277-07,0.42436752863847926,1
TCGA-UZ-A9PO-01A-11R-A38C-07,0.4791581960149679,0
TCGA-05-4398-01A-01R-1206-07,0.9065337309459657,0
TCGA-AK-3436-01A-02R-1325-07,0.37127341761049404,1
TCGA-D9-A4Z2-01A-11R-A24X-07,0.49948215500274756,1
TCGA-44-8119-01A-11R-2241-07,0.5319525610790655,1
TCGA-EB-A97M-01A-11R-A38C-07,0.8807393856287722,1
TCGA-YL-A8HK-01A-11R-A36G-07,0.8954365718697381,1
TCGA-GL-A59T-01A-21R-A28H-07,0.5177989155055588,1
TCGA-90-7767-01A-11R-2125-07,0.43737499987349343,1
TCGA-DV-5568-01A-01R-1541-07,0.8879057353499953,1
TCGA-A4-A5Y0-01A-11R-A31O-07,0.8618702145349807,0
TCGA-BF-A1PZ-01A-11R-A18S-07,0.8903588320516288,1
TCGA-2J-AAB4-01A-12R-A41B-07,0.8917253212771307,0
TCGA-AC-A8OQ-01A-11R-A41B-07,0.8648085295417934,1
TCGA-DD-AACT-01A-11R-A41C-07,0.555360608607181,0
TCGA-18-3412-01A-01R-0980-07,0.8681845063518935,1
TCGA-A2-A4S2-01A-12R-A266-07,0.5842746618053481,0
TCGA-H9-A6BY-01A-11R-A30B-07,0.49292177392492675,0
TCGA-DW-7837-01A-11R-2139-07,0.8602562026940107,1
TCGA-AA-3552-01A-01R-0821-07,0.790635154714283,1
TCGA-UZ-A9PN-01A-11R-A38C-07,0.9032497811927335,1
TCGA-NC-A5HO-01A-11R-A26W-07,0.43613696927213347,1
TCGA-B8-A8YJ-01A-13R-A39I-07,0.4007367822238363,1
TCGA-A2-A04Q-01A-21R-A034-07,0.49396058012199123,1
TCGA-HC-A6AQ-01A-11R-A30B-07,0.5011705070439718,1
TCGA-DV-A4VX-01A-11R-A266-07,0.45894247562111656,1
TCGA-FC-A6HD-01A-11R-A31N-07,0.4988464787971466,0
TCGA-F2-A44G-01A-11R-A26U-07,0.5652563397698196,0
TCGA-AZ-4681-01A-01R-1410-07,0.7883223803158561,1
TCGA-VP-A87J-01A-11R-A352-07,0.5186551298373543,0
TCGA-C8-A8HQ-01A-11R-A36F-07,0.8815339343550264,0
TCGA-YJ-A8SW-01A-11R-A37L-07,0.906792997547581,1
TCGA-63-7020-01A-11R-1949-07,0.4195917766069719,0
TCGA-66-2754-01A-01R-0980-07,0.41291797539914404,1
TCGA-04-1343-01A-01R-1564-13,0.6302327888043568,1
TCGA-KK-A7AV-01A-11R-A32O-07,0.5522265881620911,1
TCGA-HC-A632-01A-11R-A29R-07,0.51150872355216,0
TCGA-DD-AACE-01A-11R-A41C-07,0.5754413274057868,0
TCGA-23-1809-01A-01R-1566-13,0.679972329265418,1
TCGA-JY-A939-01A-12R-A37I-31,0.7107756861678938,1
TCGA-25-1627-01A-01R-1566-13,0.7480625038425882,1
TCGA-IB-AAUP-01A-11R-A37L-07,0.5683426480616992,1
TCGA-RC-A6M3-01A-11R-A32O-07,0.5512097316996322,1
TCGA-E9-A1RH-01A-21R-A169-07,0.4684983770069719,0
TCGA-KK-A8IH-01A-11R-A36G-07,0.9075236493930039,1
TCGA-AA-3869-01A-01R-1022-07,0.8109449501412576,0
TCGA-B0-5116-01A-02R-1420-07,0.8325470497883918,1
TCGA-GF-A2C7-01A-11R-A18T-07,0.8906576031616843,1
TCGA-BH-A5J0-01A-11R-A27Q-07,0.8687229733946171,1
TCGA-66-2727-01A-01R-0980-07,0.9200331537179534,1
TCGA-CM-6163-01A-11R-1653-07,0.47049866942516266,1
TCGA-55-A490-01A-11R-A466-07,0.5500124659895326,0
TCGA-AA-3976-01A-01R-1022-07,0.7572233983332013,1
TCGA-A6-2679-01A-02R-1410-07,0.740878934627321,0
TCGA-BP-5182-01A-01R-1426-07,0.9092566791553603,1
TCGA-56-8083-01A-11R-2247-07,0.4377025006191214,1
TCGA-55-8299-01A-11R-2287-07,0.540228573257615,0
TCGA-LN-A8I1-01A-11R-A36D-31,0.6180588567130197,0
TCGA-SX-A7SU-01A-11R-A36F-07,0.9531774977236753,1
TCGA-E9-A295-01A-11R-A16F-07,0.4959634047675095,1
TCGA-EJ-7218-01B-11R-A32O-07,0.896466985282511,1
TCGA-E2-A2P5-01A-11R-A19W-07,0.6197156207758739,1
TCGA-A2-A0ES-01A-11R-A115-07,0.5929549086223384,1
TCGA-CK-5916-01A-11R-1653-07,0.5930546944085713,1
TCGA-EJ-A65E-01A-11R-A29R-07,0.9066978091605902,0
TCGA-OL-A66K-01A-11R-A29R-07,0.6039364269309069,1
TCGA-44-6774-01A-21R-1858-07,0.5060789969881576,1
TCGA-V1-A9Z7-01A-11R-A41O-07,0.8674795538030969,1
TCGA-ER-A196-01A-11R-A18T-07,0.5294557769566297,1
TCGA-2J-AABI-01A-12R-A41B-07,0.9246852210242218,1
TCGA-GJ-A9DB-01A-11R-A37K-07,0.9193773007575683,1
TCGA-A8-A0A7-01A-11R-A00Z-07,0.4792301427321957,1
TCGA-L5-A4ON-01A-11R-A260-31,0.7405768226121782,1
TCGA-F4-6806-01A-11R-1839-07,0.46032657846331243,0
TCGA-66-2792-01A-01R-0980-07,0.8480524472291535,1
TCGA-A8-A08R-01A-11R-A034-07,0.48332427174746634,1
TCGA-E2-A1LH-01A-11R-A14D-07,0.5040802235766064,1
TCGA-24-1550-01A-01R-1566-13,0.6238695270225505,0
TCGA-44-7660-01A-11R-2066-07,0.9049959910657509,1
TCGA-85-A53L-01A-21R-A26W-07,0.8620500290235047,0
TCGA-MR-A8JO-01A-12R-A36F-07,0.9416432980685918,1
TCGA-44-5643-01A-01R-1628-07,0.6390204828721793,1
TCGA-90-6837-01A-11R-1949-07,0.8261119738104793,0
TCGA-DD-AAC9-01A-11R-A41C-07,0.6163245458252408,0
TCGA-BH-A203-01A-12R-A169-07,0.48923544412595743,1
TCGA-B8-4146-01B-11R-1672-07,0.3621528754019184,1
TCGA-24-1430-01A-01R-1566-13,0.7679213252293904,1
TCGA-BH-A5IZ-01A-11R-A27Q-07,0.4956690462413767,1
TCGA-78-7633-01A-11R-2066-07,0.515627052560143,1
TCGA-A6-2686-01A-01R-A32Z-07,0.8577009110974574,1
TCGA-NC-A5HF-01A-11R-A26W-07,0.8203354979915074,1
TCGA-BQ-5882-01A-11R-1592-07,0.8981687039285753,1
TCGA-IB-AAUM-01A-11R-A37L-07,0.9160059567651008,1
TCGA-BF-AAP7-01A-11R-A40A-07,0.5020338483805447,1
TCGA-NJ-A4YG-01A-22R-A262-07,0.5222877094990032,0
TCGA-AA-3846-01A-01R-1022-07,0.8056580782637669,1
TCGA-UN-AAZ9-01A-11R-A38C-07,0.5166282873731018,0
TCGA-HC-A76X-01A-11R-A33R-07,0.9020820160371361,1
TCGA-25-2042-01A-01R-1568-13,0.7544876301340913,1
TCGA-F4-6459-01A-11R-1774-07,0.4883158955424138,1
TCGA-A7-A13F-01A-11R-A12P-07,0.46979835866266395,0
TCGA-A2-A0CP-01A-11R-A034-07,0.5903313492264586,1
TCGA-KK-A5A1-01A-11R-A29R-07,0.8784005189584531,0
TCGA-F2-6879-01A-11R-2156-07,0.5613008137510033,1
TCGA-A8-A099-01A-11R-A00Z-07,0.46730495444030384,1
TCGA-DD-AADP-01A-11R-A39D-07,0.5696969540137267,1
TCGA-A6-5657-01A-01R-A32Z-07,0.8780427632919192,1
TCGA-A8-A09M-01A-11R-A00Z-07,0.5546372459489854,1
TCGA-CH-5744-01A-11R-1580-07,0.5270852525369907,1
TCGA-43-6771-01A-11R-1820-07,0.8448567162034157,1
TCGA-LN-A4A5-01A-21R-A260-31,0.755421761511277,1
TCGA-BH-A0BZ-01A-31R-A12P-07,0.5040843530784326,0
TCGA-05-4395-01A-01R-1206-07,0.5227691109118527,1
TCGA-BP-5178-01A-01R-1426-07,0.5138229912901633,1
TCGA-B6-A0RI-01A-11R-A056-07,0.8746368378307786,0
TCGA-63-A5MB-01A-11R-A26W-07,0.8403827873733932,1
TCGA-AQ-A04J-01A-02R-A034-07,0.4934320902853341,1
TCGA-77-8133-01A-12R-2247-07,0.8836367490870604,0
TCGA-B0-5399-01A-01R-1503-07,0.8347375237837075,1
TCGA-B8-A54I-01A-21R-A33J-07,0.8498558772493852,1
TCGA-61-1910-01A-01R-1567-13,0.8575480318650662,1
TCGA-A8-A07R-01A-21R-A034-07,0.48390157529426875,1
TCGA-CJ-4905-01A-02R-1426-07,0.8511432990033235,1
TCGA-AA-3525-01A-02R-0826-07,0.7754033651268863,1
TCGA-78-8662-01A-11R-2403-07,0.6621121721437553,1
TCGA-B6-A0IB-01A-11R-A034-07,0.5917857379592278,0
TCGA-EJ-7328-01A-31R-2118-07,0.562399619836048,1
TCGA-BQ-5875-01A-11R-1592-07,0.6123482493867978,1
TCGA-IB-7649-01A-11R-2156-07,0.5612638402201269,0
TCGA-49-4494-01A-01R-1206-07,0.8915499136038267,1
TCGA-AR-A24P-01A-11R-A169-07,0.47433056438400384,1
TCGA-AA-3542-01A-02R-1873-07,0.6814476406702259,0
TCGA-DM-A28H-01A-11R-A16W-07,0.4475612216691457,0
TCGA-O2-A5IB-01A-11R-A27Q-07,0.982215190520602,0
TCGA-A8-A06X-01A-21R-A00Z-07,0.8621321653347255,1
TCGA-BH-A28O-01A-11R-A22K-07,0.9037180738312349,1
TCGA-EJ-7115-01A-11R-2118-07,0.48929781555984003,1
TCGA-DW-5560-01A-01R-1592-07,0.5398363051072843,1
TCGA-29-1703-01A-01R-1567-13,0.6883831028056159,1
TCGA-AA-3680-01A-01R-0905-07,0.825718895025302,1
TCGA-CC-A8HU-01A-11R-A36F-07,0.6194060685353588,1
TCGA-D8-A27P-01A-11R-A16F-07,0.5828302766166406,1
TCGA-3P-A9WA-01A-11R-A406-31,0.6487402537485931,0
TCGA-BH-A1F6-01A-11R-A13Q-07,0.86619494669807,1
TCGA-63-5128-01A-01R-1443-07,0.8329988555377693,0
TCGA-RC-A7SF-01A-11R-A352-07,0.5903153087547397,0
TCGA-BH-A202-01A-11R-A14M-07,0.4938169895247114,1
TCGA-DD-AAD8-01A-11R-A41C-07,0.5893438808341739,1
TCGA-EU-5904-01A-11R-1672-07,0.35369233449959425,1
TCGA-55-8508-01A-11R-2403-07,0.9019836301365579,1
TCGA-B3-A6W5-01A-12R-A33Z-07,0.8938197556029545,0
TCGA-78-7155-01A-11R-2039-07,0.9154134503054776,1
TCGA-24-2297-01A-01R-1568-13,0.756949403512392,0
TCGA-A8-A09W-01A-11R-A00Z-07,0.4825733830976483,1
TCGA-B9-4617-01A-01R-1193-07,0.4788284869210457,0
TCGA-A8-A09B-01A-11R-A00Z-07,0.6089398944179909,1
TCGA-JY-A6FA-01A-11R-A336-31,0.6995557088346027,1
TCGA-97-A4M1-01A-11R-A24X-07,0.6189059560950906,0
TCGA-GL-A9DD-01A-11R-A37K-07,0.8948144495549752,1
TCGA-A3-A6NN-01A-12R-A33J-07,0.49504907549002525,1
TCGA-18-3416-01A-01R-0980-07,0.8364753716844564,1
TCGA-EJ-5515-01A-01R-1580-07,0.48676968462118647,1
TCGA-D5-6539-01A-11R-1723-07,0.4447976818920158,1
TCGA-BH-A18N-01A-11R-A12D-07,0.5707834629612089,0
TCGA-BP-4167-01A-02R-1325-07,0.5315455952148217,1
TCGA-A2-A0CR-01A-11R-A22K-07,0.890589032749645,1
TCGA-56-8628-01A-11R-2403-07,0.4559251516520391,1
TCGA-55-8621-01A-11R-2403-07,0.5338802194568871,1
TCGA-CC-A7II-01A-11R-A33J-07,0.8783181048136748,1
TCGA-85-6560-01A-11R-1820-07,0.43745304075094704,1
TCGA-AR-A24W-01A-11R-A169-07,0.553413512474075,1
TCGA-85-6175-01A-11R-1820-07,0.8366891640322471,1
TCGA-86-7954-01A-11R-2187-07,0.6395453657469018,1
TCGA-CC-A9FS-01A-11R-A37K-07,0.909737509085771,1
TCGA-25-1870-01A-01R-1567-13,0.7040175592756699,1
TCGA-63-7022-01A-11R-1949-07,0.43586795475874673,1
TCGA-R6-A6KZ-01A-11R-A31P-31,0.8710933846964727,1
TCGA-AA-3562-01A-02R-0821-07,0.7623865528217497,1
TCGA-D5-6541-01A-11R-1723-07,0.5373208692717366,1
TCGA-PJ-A5Z8-01A-11R-A28H-07,0.522831993956669,0
TCGA-BP-5010-01A-02R-1420-07,0.606839015053446,0
TCGA-66-2790-01A-01R-0980-07,0.4345345717111513,1
TCGA-AL-A5DJ-01A-11R-A26U-07,0.9489932090179245,1
TCGA-AR-A0TR-01A-11R-A084-07,0.5769238602147603,0
TCGA-AA-3979-01A-01R-1022-07,0.7594609706046502,1
TCGA-A1-A0SJ-01A-11R-A084-07,0.47955699042723354,1
TCGA-AO-A0JA-01A-11R-A056-07,0.6144209658915805,1
TCGA-86-A4JF-01A-11R-A24X-07,0.5546243083353105,1
TCGA-Z6-A8JD-01A-11R-A36D-31,0.8489677465918757,1
TCGA-92-7341-01A-31R-2045-07,0.4500823730702388,1
TCGA-E2-A15O-01A-11R-A115-07,0.919693890486054,0
TCGA-V1-A9O9-01A-11R-A41O-07,0.9148921530189648,1
TCGA-67-6215-01A-11R-1755-07,0.8950222589146755,0
TCGA-AY-6386-01A-21R-1723-07,0.44200737279652663,1
TCGA-LN-A4A3-01A-11R-A260-31,0.2694329557811911,1
TCGA-44-6778-01A-11R-1858-07,0.646264484854591,0
TCGA-RU-A8FL-01A-11R-A37K-07,0.8930154992087201,1
TCGA-G3-AAV1-01A-11R-A38B-07,0.5975288963424588,0
TCGA-CH-5745-01A-11R-1580-07,0.5293300880649477,0
TCGA-85-8580-01A-31R-2403-07,0.4283077715755628,1
TCGA-AK-3454-01A-02R-1277-07,0.5299235837471173,1
TCGA-M7-A722-01A-12R-A36G-07,0.5053301839194253,1
TCGA-3A-A9IN-01A-11R-A39D-07,0.9153645044833837,1
TCGA-49-4501-01A-01R-1206-07,0.5360665663727677,1
TCGA-44-7667-01A-31R-2066-07,0.5134252465127989,1
TCGA-86-7714-01A-12R-2170-07,0.5096337572481262,1
TCGA-34-5929-01A-11R-1820-07,0.8314957558786235,0
TCGA-BC-A10R-01A-11R-A131-07,0.9658302774210453,1
TCGA-39-5027-01A-21R-1820-07,0.42647722393406357,1
TCGA-AA-A00E-01A-01R-A002-07,0.7997051547224217,1
TCGA-22-5473-01A-01R-1635-07,0.8587650111539811,0
TCGA-LL-A7T0-01A-31R-A352-07,0.8741758130544682,1
TCGA-13-1410-01A-01R-1565-13,0.7324750185322111,1
TCGA-G9-6377-01A-11R-1965-07,0.8545203040749297,1
TCGA-EJ-7784-01A-11R-2118-07,0.9131987643654793,1
TCGA-51-4081-01A-01R-1100-07,0.42395343626115956,0
TCGA-5P-A9JW-01A-11R-A42S-07,0.49598914286689544,0
TCGA-DV-5567-01A-01R-1541-07,0.8804649285179702,1
TCGA-BH-A1FU-01A-11R-A14D-07,0.49132994379434597,0
TCGA-AR-A1AR-01A-31R-A137-07,0.4989099282476957,1
TCGA-43-7658-01A-11R-2125-07,0.8786448711888878,1
TCGA-BF-A1PU-01A-11R-A18S-07,0.4722463091794419,0
TCGA-CM-6171-01A-11R-1653-07,0.8467627369170161,1
TCGA-EW-A1J2-01A-21R-A13Q-07,0.5874801600871806,1
TCGA-UB-A7MF-01A-11R-A33J-07,0.9265182451023641,0
TCGA-DD-AAD0-01A-11R-A41C-07,0.9078065333778506,0
TCGA-85-6561-01A-11R-1820-07,0.8498711875921586,1
TCGA-G9-6367-01A-11R-1789-07,0.4905119527665726,1
TCGA-DM-A1D9-01A-11R-A155-07,0.5826723551310851,1
TCGA-EJ-7783-01A-11R-2118-07,0.891393100077912,1
TCGA-33-AASD-01A-11R-A405-07,0.8103751558649918,1
TCGA-97-8177-01A-11R-2287-07,0.9062470804906032,1
TCGA-NH-A6GA-01A-11R-A37K-07,0.8686838577704306,0
TCGA-BH-A1FC-01A-11R-A13Q-07,0.48258706906996046,1
TCGA-BP-4165-01A-02R-1289-07,0.3926528817088081,1
TCGA-AA-A02R-01A-01R-A00A-07,0.8293500890832143,1
TCGA-AD-6899-01A-11R-1928-07,0.4814960070338704,1
TCGA-LN-A4MQ-01A-11R-A28J-31,0.6747996231356161,1
TCGA-KK-A59Z-01A-12R-A26U-07,0.5203221144796704,1
TCGA-MI-A75H-01A-11R-A32O-07,0.5737229865797309,0
TCGA-38-4630-01A-01R-1206-07,0.9869134718796482,1
TCGA-EP-A3RK-01A-11R-A22L-07,0.6199259393204276,1
TCGA-5C-A9VG-01A-11R-A37K-07,0.6017589022262863,1
TCGA-BH-A0E7-01A-11R-A034-07,0.5746656812099598,1
TCGA-AA-3956-01A-02R-1022-07,0.8008747436083172,0
TCGA-HC-8216-01A-11R-A29R-07,0.8886093950785766,1
TCGA-EJ-5519-01A-01R-1580-07,0.49449375562604764,1
TCGA-AA-3949-01A-01R-1022-07,0.8004528490068151,0
TCGA-B0-5121-01A-02R-1420-07,0.4574954822925617,1
TCGA-10-0926-01A-01R-1564-13,0.5204968672644096,1
TCGA-AK-3451-01A-02R-1188-07,0.7905070608875587,1
TCGA-A8-A085-01A-11R-A00Z-07,0.9014646151812759,0
TCGA-BH-A18M-01A-11R-A12D-07,0.5609682960877853,1
TCGA-G4-6315-01A-11R-1723-07,0.45764692132998064,1
TCGA-MP-A4TE-01A-22R-A466-07,0.9090800084379287,1
TCGA-EB-A4IS-01A-21R-A266-07,0.49352664023946125,1
TCGA-AN-A0AS-01A-11R-A00Z-07,0.8824577678125108,1
TCGA-CW-5583-01A-02R-1541-07,0.8981383154066832,1
TCGA-BH-A18T-01A-11R-A12D-07,0.47368292823316976,0
TCGA-E9-A22E-01A-11R-A157-07,0.48219144353381815,1
TCGA-A2-A1FW-01A-11R-A13Q-07,0.9038409091835466,1
TCGA-H6-A45N-01A-11R-A26U-07,0.9138019063264656,1
TCGA-A2-A0SW-01A-11R-A084-07,0.48855165827167235,0
TCGA-B0-5712-01A-11R-1672-07,0.8749079996368039,1
TCGA-85-8277-01A-11R-2296-07,0.8216801498732751,1
TCGA-E2-A1II-01A-11R-A144-07,0.6078964316015115,1
TCGA-24-2267-01A-01R-1568-13,0.6977081345667693,1
TCGA-77-8131-01A-11R-2247-07,0.42737036326857153,1
TCGA-3A-A9IZ-01A-12R-A41B-07,0.581168362270569,0
TCGA-55-7816-01A-11R-2170-07,0.6414665905835097,1
TCGA-AA-3509-01A-01R-1410-07,0.8128701185492674,1
TCGA-25-1322-01A-01R-1565-13,0.7840931522243743,1
TCGA-35-5375-01A-01R-1628-07,0.8795099736066068,1
TCGA-CJ-4918-01A-01R-1426-07,0.8201446850801328,1
TCGA-ED-A66X-01A-11R-A311-07,0.9192173629089152,1
TCGA-FV-A3I0-01A-11R-A22L-07,0.7533544166164942,0
TCGA-AO-A0JG-01A-31R-A084-07,0.5434406058527032,1
TCGA-XJ-A9DK-01A-11R-A37L-07,0.5228329763458847,1
TCGA-BH-A0BT-01A-11R-A12P-07,0.496255138232302,1
TCGA-29-1783-01A-01R-1567-13,0.7762816300008668,0
TCGA-QG-A5Z1-01A-11R-A28H-07,0.5611204030845338,1
TCGA-F4-6805-01A-11R-1839-07,0.48499737308116486,1
TCGA-18-4086-01A-01R-1100-07,0.8539168204699489,1
TCGA-99-8028-01A-11R-2241-07,0.8833728832860518,1
TCGA-B0-5109-01A-02R-1420-07,0.5764333312992694,1
TCGA-E2-A1B6-01A-31R-A12P-07,0.5152775450152263,1
TCGA-S4-A8RM-01A-11R-A37L-07,0.5858470715548607,1
TCGA-49-4486-01A-01R-1206-07,0.6306027638474608,1
TCGA-E9-A248-01A-11R-A169-07,0.4669274594396044,1
TCGA-IB-AAUR-01A-21R-A38C-07,0.570261179279357,1
TCGA-BC-A69I-01A-11R-A311-07,0.5473139573414806,1
TCGA-AC-A23G-01A-11R-A213-07,0.9540846866892541,0
TCGA-DD-AADG-01A-11R-A41C-07,0.557027583754328,0
TCGA-A8-A08S-01A-11R-A034-07,0.4608441589772029,1
TCGA-D8-A27G-01A-11R-A16F-07,0.9283196640413562,1
TCGA-A2-A0YT-01A-11R-A109-07,0.9115222221115433,1
TCGA-2H-A9GH-01A-11R-A37I-31,0.7686194377489157,1
TCGA-GM-A4E0-01A-12R-A266-07,0.5886307946444065,1
TCGA-86-8358-01A-11R-2326-07,0.6455461234560776,1
TCGA-39-5034-01A-01R-1443-07,0.8667245452163003,1
TCGA-E9-A1N3-01A-12R-A157-07,0.9101293361061192,1
TCGA-91-8496-01A-11R-2403-07,0.6560213407143006,1
TCGA-KC-A7FE-01A-12R-A33R-07,0.5300530409190852,1
TCGA-04-1655-01A-01R-1566-13,0.6865173996567336,1
TCGA-A4-7584-01A-11R-2139-07,0.47978681789790917,1
TCGA-HZ-7918-01A-11R-2156-07,0.5585373973151921,1
TCGA-AK-3440-01A-02R-1277-07,0.9459029455342409,0
TCGA-CZ-4857-01A-01R-1305-07,0.8762834109655718,1
TCGA-B9-4116-01A-02R-1351-07,0.8894378234407614,1
TCGA-DZ-6133-01A-11R-1965-07,0.4978459501922578,0
TCGA-J9-A52E-01A-11R-A26U-07,0.5766939807019993,1
TCGA-ER-A2NB-01A-12R-A18S-07,0.8582027255476025,1
TCGA-A3-3346-01A-01R-1766-07,0.8846739773000576,1
TCGA-3A-A9IO-01A-11R-A38C-07,0.5018513586332131,1
TCGA-BP-4325-01A-02R-1289-07,0.46367719775507826,1
TCGA-IB-7889-01A-11R-2156-07,0.5594204478130123,0
TCGA-A8-A07F-01A-11R-A00Z-07,0.4832852903547568,1
TCGA-78-7162-01A-21R-2066-07,0.6186678773840404,1
TCGA-IB-7644-01A-11R-2156-07,0.5717458810793788,0
TCGA-36-1569-01A-01R-1566-13,0.7608350914062557,0
TCGA-52-7622-01A-11R-2125-07,0.8555731126536511,1
TCGA-69-8453-01A-12R-2326-07,0.5092041156728491,1
TCGA-OL-A66N-01A-12R-A31O-07,0.623531838392825,1
TCGA-CC-A9FV-01A-11R-A37K-07,0.9440329817784482,1
TCGA-XD-AAUI-01A-42R-A41B-07,0.5671098501679949,1
TCGA-GM-A2DN-01A-11R-A180-07,0.5842417398479703,0
TCGA-G3-A3CK-01A-11R-A213-07,0.5663466056293117,0
TCGA-BP-4771-01A-01R-1289-07,0.8924088345070074,0
TCGA-DD-AACO-01A-11R-A41C-07,0.5881540359723127,1
TCGA-75-7031-01A-11R-1949-07,0.5301835547767804,1
TCGA-24-1552-01A-01R-1566-13,0.357037598058188,1
TCGA-85-8287-01A-11R-2296-07,0.43809524401602745,0
TCGA-AY-6197-01A-11R-1723-07,0.837449756539759,1
TCGA-96-A4JK-01A-11R-A24Z-07,0.43990449489146805,1
TCGA-C8-A12Z-01A-11R-A115-07,0.477351640830346,1
TCGA-E9-A3Q9-01A-11R-A21T-07,0.5297807686727438,1
TCGA-AC-A8OR-01A-21R-A41B-07,0.9169427250001035,1
TCGA-44-5644-01A-21R-2039-07,0.5381297472709174,1
TCGA-A2-A0T3-01A-21R-A115-07,0.48301653866186794,1
TCGA-A4-8098-01A-11R-2404-07,0.8990528074117681,1
TCGA-EB-A82C-01A-11R-A352-07,0.5226564945940928,0
TCGA-DM-A1D0-01A-11R-A155-07,0.5807118606822467,1
TCGA-BF-AAP1-01A-11R-A39D-07,0.8829703167824555,1
TCGA-S3-AA12-01A-11R-A41B-07,0.5795009323466935,0
TCGA-24-2024-01A-02R-1568-13,0.6027550414499211,1
TCGA-24-2026-01A-01R-1567-13,0.8318513261077148,1
TCGA-G7-6796-01A-11R-1965-07,0.8464573252545646,1
TCGA-AL-3473-01A-01R-1193-07,0.5181793056144878,1
TCGA-Y8-A894-01A-11R-A36F-07,0.8783668129959167,1
TCGA-22-5483-01A-01R-1820-07,0.8297851297822532,1
TCGA-CJ-4644-01A-02R-1325-07,0.8579926022352515,1
TCGA-22-5489-01A-01R-1635-07,0.8363393087808549,1
TCGA-D8-A1JP-01A-11R-A13Q-07,0.49680184132288036,0
TCGA-B9-A5W9-01A-11R-A28H-07,0.886394891274942,1
TCGA-13-0886-01A-01R-1569-13,0.6978898966413855,1
TCGA-EB-A4P0-01A-41R-A266-07,0.8538249015384508,1
TCGA-G4-6307-01A-11R-1723-07,0.8871876109527633,0
TCGA-DD-AAEH-01A-11R-A41C-07,0.5742075334041215,1
TCGA-FV-A2QQ-01A-11R-A22L-07,0.5453299129289355,0
TCGA-MP-A4SW-01A-21R-A24X-07,0.526652087455486,1
TCGA-P4-A5ED-01A-11R-A28H-07,0.5202362358226373,1
TCGA-CA-6719-01A-11R-1839-07,0.4606770347846722,1
TCGA-AY-4071-01A-01R-1113-07,0.8048416195110512,1
TCGA-B8-4622-01A-02R-1277-07,0.3827091103929447,1
TCGA-AO-A1KP-01A-11R-A13Q-07,0.9241595604120696,1
TCGA-A8-A081-01A-11R-A00Z-07,0.46096417019688474,0
TCGA-24-2262-01A-01R-1568-13,0.7820966099223345,1
TCGA-3A-A9I7-01A-21R-A38C-07,0.5635104078323001,1
TCGA-A2-A0CW-01A-21R-A115-07,0.48280237662082626,1
TCGA-UZ-A9Q0-01A-12R-A42S-07,0.5004466462649714,1
TCGA-56-8082-01A-11R-2247-07,0.42241659081126537,0
TCGA-39-5019-01A-01R-1820-07,0.8613534793256519,1
TCGA-G3-A5SI-01A-31R-A27V-07,0.9140895366636721,1
TCGA-A2-A0EX-01A-21R-A034-07,0.5927306501372666,1
TCGA-AR-A2LJ-01A-12R-A19W-07,0.8868888012707236,1
TCGA-R6-A6DN-01B-11R-A31P-31,0.6846467213551406,1
TCGA-B0-4842-01A-02R-1420-07,0.39524576609102313,1
TCGA-90-A4EE-01A-11R-A24Z-07,0.8349848796292108,0
TCGA-DW-7834-01A-11R-2139-07,0.532075499291072,1
TCGA-A3-3317-01A-02R-1325-07,0.8928467542965023,1
TCGA-LN-A7HY-01A-12R-A354-31,0.6818192708111179,0
TCGA-B0-5080-01A-01R-1503-07,0.3927834585249462,1
TCGA-DD-AAW3-01A-11R-A41C-07,0.9042642798845874,1
TCGA-CM-5862-01A-01R-1653-07,0.4583416665176012,1
TCGA-G9-6494-01A-11R-1789-07,0.4768620404059647,0
TCGA-2J-AABT-01A-11R-A41B-07,0.5677558939327819,1
TCGA-AA-3693-01A-01R-0905-07,0.8005744220462335,0
TCGA-2V-A95S-01A-11R-A37K-07,0.6134564315821098,1
TCGA-44-7669-01A-21R-2066-07,0.5499627437975007,0
TCGA-BP-5008-01A-01R-1334-07,0.8610358853295534,1
TCGA-D5-6920-01A-11R-1928-07,0.8397815988710391,1
TCGA-K7-A5RG-01A-11R-A28V-07,0.5885330500362785,1
TCGA-BP-4795-01A-02R-1420-07,0.47450513407905864,1
TCGA-18-3419-01A-01R-0980-07,0.41456606632279813,0
TCGA-G9-6332-01A-11R-1789-07,0.5079547913643349,1
TCGA-56-8309-01A-11R-2296-07,0.8285982133759607,1
TCGA-AC-A23E-01A-11R-A157-07,0.48070135547236,1
TCGA-BQ-7046-01A-11R-1965-07,0.8596554292092224,1
TCGA-AN-A0AT-01A-11R-A034-07,0.5061448086180863,1
TCGA-BH-A0E9-01B-11R-A115-07,0.6041110018719897,0
TCGA-AA-3663-01A-01R-1723-07,0.8429409299416417,1
TCGA-A2-A0YI-01A-31R-A10J-07,0.5721181373354937,1
TCGA-34-8456-01A-21R-2326-07,0.5767133956396205,1
TCGA-AR-A1AJ-01A-21R-A12P-07,0.8851706715862988,1
TCGA-44-6145-01A-11R-1755-07,0.5152706113611483,1
TCGA-BP-4344-01A-01R-1289-07,0.4584099479793795,1
TCGA-5C-A9VH-01A-11R-A37K-07,0.6214127582608929,1
TCGA-62-8399-01A-21R-2326-07,0.9035166438842208,0
TCGA-A8-A08T-01A-21R-A00Z-07,0.9422450552358448,1
TCGA-56-7222-01A-11R-2045-07,0.43026643578072543,0
TCGA-PZ-A5RE-01A-11R-A32O-07,0.5517164913334224,1
TCGA-EJ-5509-01A-01R-1580-07,0.5078844090218586,0
TCGA-58-8392-01A-11R-2326-07,0.430962428054078,1
TCGA-18-5595-01A-01R-1635-07,0.8450320541472598,1
TCGA-29-1695-01A-01R-1567-13,0.8226712799037137,1
TCGA-B0-4833-01A-01R-1305-07,0.49383961237572827,1
TCGA-D8-A27E-01A-11R-A16F-07,0.5533910281629811,0
TCGA-BH-A209-01A-11R-A157-07,0.495308552464947,1
TCGA-BH-A0W4-01A-11R-A109-07,0.47230067154048516,0
TCGA-DV-5565-01A-01R-1541-07,0.49080459983309027,0
TCGA-94-A5I6-01A-21R-A27Q-07,0.8429796734070089,0
TCGA-61-1725-01A-01R-1567-13,0.5387530267294429,1
TCGA-B0-5098-01A-01R-1420-07,0.862171776090225,1
TCGA-13-0905-01B-01R-1565-13,0.708217076911187,1
TCGA-AA-3667-01A-01R-0905-07,0.7232714729276857,1
TCGA-D8-A1XC-01A-11R-A14D-07,0.5513301338593347,0
TCGA-J4-A6M7-01A-11R-A31N-07,0.5017770969976489,1
TCGA-24-1544-01A-01R-1566-13,0.657465098184309,0
TCGA-YL-A9WJ-01A-11R-A37L-07,0.5591014244911352,1
TCGA-29-1785-01A-01R-1567-13,0.6781635937188744,0
TCGA-98-8020-01A-11R-2247-07,0.4385420002300142,0
TCGA-XJ-A9DQ-01A-11R-A37L-07,0.5017445231596043,0
TCGA-C8-A8HP-01A-11R-A36F-07,0.5016678172299044,1
TCGA-B0-5096-01A-01R-1420-07,0.5368679462249737,1
TCGA-E9-A3QA-01A-61R-A22K-07,0.5147811457155812,1
TCGA-BH-A0WA-01A-11R-A109-07,0.483482566306752,1
TCGA-66-2791-01A-01R-0980-07,0.8630177687346464,1
TCGA-BH-A0HN-01A-11R-A10U-07,0.5748014787367158,1
TCGA-F4-6463-01A-11R-1723-07,0.46231471115211287,0
TCGA-A2-A1FZ-01A-51R-A14D-07,0.5930878664219322,1
TCGA-VP-AA1N-01A-31R-A41O-07,0.9032603419754761,1
TCGA-A3-3359-01A-01R-0864-07,0.8899243088850153,1
TCGA-AN-A049-01A-21R-A00Z-07,0.4784979733897534,1
TCGA-CZ-5462-01A-01R-1503-07,0.36392479390598276,1
TCGA-CM-6165-01A-11R-1653-07,0.4570292699739121,1
TCGA-DD-A3A3-01A-11R-A22L-07,0.5569726574758807,1
TCGA-AO-A125-01A-11R-A10J-07,0.5348482001964611,1
TCGA-69-7760-01A-11R-2170-07,0.5296986261546277,1
TCGA-KC-A7FD-01A-11R-A33R-07,0.8653770169998424,0
TCGA-UZ-A9PK-01A-11R-A38C-07,0.4836591446332106,1
TCGA-62-8398-01A-11R-2326-07,0.8952302529910734,1
TCGA-B0-4698-01A-01R-1503-07,0.8794454833719453,1
TCGA-L5-A88V-01A-11R-A354-31,0.6553831383011361,1
TCGA-3A-A9IX-01A-11R-A41B-07,0.569801216863672,1
TCGA-55-A4DG-01A-11R-A24H-07,0.5211571532056493,1
TCGA-EW-A424-01A-11R-A24H-07,0.6148305682024194,1
TCGA-60-2706-01A-01R-0851-07,0.4419236165334169,1
TCGA-IA-A40U-01A-11R-A24Z-07,0.8724974892849638,1
TCGA-GM-A3XG-01A-31R-A24H-07,0.5825949275941261,0
TCGA-ZR-A9CJ-01B-11R-A38D-31,0.7717246270982263,1
TCGA-BH-A18G-01A-11R-A12D-07,0.48959202853770395,1
TCGA-G9-6384-01A-11R-1789-07,0.5148155341111057,0
TCGA-67-6216-01A-11R-1755-07,0.5220859521654474,1
TCGA-13-1488-01A-01R-1565-13,0.6685339160555686,1
TCGA-G9-6343-01A-21R-1965-07,0.8758897145174835,1
TCGA-90-A59Q-01A-11R-A26W-07,0.4366134073268656,1
TCGA-CW-5580-01A-01R-1672-07,0.8832451109797279,1
TCGA-25-1625-01A-01R-1566-13,0.7276759189345413,1
TCGA-EJ-A8FS-01A-11R-A352-07,0.5024914419223568,1
TCGA-CM-6164-01A-11R-1653-07,0.4748112213208187,0
TCGA-29-1763-01A-02R-1567-13,0.6913317962252017,0
TCGA-97-7941-01A-11R-2187-07,0.5269594978500127,1
TCGA-B0-4696-01A-01R-1277-07,0.543547659848656,1
TCGA-AA-3675-01A-02R-0905-07,0.8450484667577685,1
TCGA-HC-A6AS-01A-11R-A30B-07,0.8863650261497745,1
TCGA-LN-A7HW-01A-22R-A354-31,0.6970762061822564,1
TCGA-50-6595-01A-12R-1858-07,0.5189085466293323,0
TCGA-05-4433-01A-22R-1858-07,0.5285441224657083,1
TCGA-B0-5113-01A-01R-1420-07,0.512461292192089,1
TCGA-OL-A66I-01A-21R-A29R-07,0.5949351066921853,1
TCGA-GM-A2DL-01A-11R-A18M-07,0.4856042524650275,1
TCGA-10-0934-01A-02R-1564-13,0.6111908463901357,1
TCGA-B1-5398-01A-02R-1592-07,0.4819344306842605,1
TCGA-09-1667-01C-01R-1566-13,0.5619220145417124,1
TCGA-69-7979-01A-11R-2187-07,0.5549805093409886,1
TCGA-22-1017-01A-01R-0692-07,0.8510382613652785,1
TCGA-BP-4759-01A-01R-1289-07,0.9615614280316594,1
TCGA-ED-A459-01A-11R-A266-07,0.6164962962241229,1
TCGA-EB-A51B-01A-11R-A27Q-07,0.4809652119035975,1
TCGA-CW-6090-01A-11R-1672-07,0.5303512730094531,1
TCGA-AA-3968-01A-01R-1022-07,0.8075041769020261,1
TCGA-85-8276-01A-11R-2296-07,0.44342965650122446,1
TCGA-D5-6924-01A-11R-1928-07,0.4845788646717356,1
TCGA-95-7947-01A-11R-2187-07,0.668385846950134,1
TCGA-50-5932-01A-11R-1755-07,0.640256005319817,1
TCGA-G9-6342-01A-11R-1965-07,0.5555876416068806,1
TCGA-BH-A0H9-01A-11R-A056-07,0.6937665638994903,1
TCGA-AR-A24X-01A-11R-A169-07,0.466511963034717,1
TCGA-A4-A5Y1-01A-11R-A28H-07,0.5047678080478895,1
TCGA-AR-A1AV-01A-21R-A12P-07,0.47832443400440533,1
TCGA-33-4582-01A-01R-1443-07,0.8059480254896016,1
TCGA-A7-A0DC-01B-04R-A22O-07,0.5670872503720401,1
TCGA-E9-A245-01A-22R-A16F-07,0.5969302254863207,1
TCGA-LN-A49Y-01A-11R-A260-31,0.6636768621840642,1
TCGA-BP-4960-01A-01R-1334-07,0.4573330032809138,1
TCGA-CJ-4641-01A-02R-1325-07,0.41312113976236176,1
TCGA-55-7281-01A-11R-2039-07,0.9043395268126176,1
TCGA-AA-3870-01A-01R-1022-07,0.7967042612301746,1
TCGA-MI-A75E-01A-11R-A32O-07,0.5801133025673173,1
TCGA-DD-A1EF-01A-11R-A131-07,0.9124492519677252,1
TCGA-VR-A8EX-01A-11R-A36D-31,0.6680177193875584,1
TCGA-56-8504-01A-11R-2403-07,0.8545560269373881,1
TCGA-MG-AAMC-01A-11R-A41O-07,0.5187462971643557,0
TCGA-56-A49D-01A-11R-A24H-07,0.4400106526952136,1
TCGA-39-5022-01A-21R-1820-07,0.4250836815916076,0
TCGA-55-7573-01A-11R-2039-07,0.6527769896697414,0
TCGA-13-0730-01A-01R-1564-13,0.5807383803428193,1
TCGA-D5-6538-01A-11R-1723-07,0.8926893263752091,1
TCGA-2Y-A9GU-01A-11R-A38B-07,0.5649815716665397,0
TCGA-YL-A8HJ-01A-11R-A36G-07,0.9091901830434803,1
TCGA-05-4396-01A-21R-1858-07,0.9039272818636968,1
TCGA-E2-A1LL-01A-11R-A144-07,0.5080290729400011,1
TCGA-24-2281-01A-01R-1568-13,0.6645140985928579,1
TCGA-33-A4WN-01A-11R-A262-07,0.8328911197679274,1
TCGA-CZ-5985-01A-11R-1672-07,0.474715586569584,1
TCGA-GN-A263-01A-11R-A18T-07,0.5010042157919473,1
TCGA-E9-A1RE-01A-11R-A157-07,0.5929580070218371,1
TCGA-E2-A15M-01A-11R-A12D-07,0.4573599059771317,0
TCGA-HC-8262-01A-11R-2263-07,0.5400906093876289,1
TCGA-DM-A0X9-01A-11R-A155-07,0.5867334829220675,1
TCGA-A7-A4SC-01A-12R-A266-07,0.5739928464776634,0
TCGA-AN-A04A-01A-21R-A034-07,0.48246193826699707,0
TCGA-QA-A7B7-01A-11R-A32O-07,0.6155726771617818,1
TCGA-29-2427-01A-01R-1569-13,0.7117519769465851,0
TCGA-25-1633-01A-01R-1566-13,0.8925734905869319,1
TCGA-85-A510-01A-11R-A26W-07,0.5581070802397371,1
TCGA-75-5147-01A-01R-1628-07,0.5281207331293916,0
TCGA-D3-A5GT-01A-12R-A311-07,0.5997279865211599,1
TCGA-49-AARR-01A-11R-A41B-07,0.5440234223200167,1
TCGA-CH-5740-01A-11R-1580-07,0.5513344071375289,1
TCGA-BH-A0W3-01A-11R-A109-07,0.9296404199227108,1
TCGA-13-1487-01A-01R-1565-13,0.6787066594403285,1
TCGA-CZ-5464-01A-01R-1503-07,0.8988104616008658,0
TCGA-HC-A8D1-01A-11R-A36G-07,0.476173901068755,1
TCGA-13-0884-01B-01R-1565-13,0.7484936149250425,0
TCGA-D8-A1JD-01A-11R-A13Q-07,0.9838442494570093,1
TCGA-61-2009-01A-01R-1568-13,0.8164968273820835,0
TCGA-J4-A67N-01A-11R-A30B-07,0.9486685393814728,1
TCGA-66-2788-01A-01R-0980-07,0.868549311391528,1
TCGA-EJ-5501-01A-01R-1580-07,0.5521890954430911,1
TCGA-BC-4072-01B-11R-A155-07,0.6239526303310828,1
TCGA-LN-A5U7-01A-11R-A31P-31,0.6649996497762675,1
TCGA-IG-A4QT-01A-21R-A260-31,0.8012480334935576,1
TCGA-YL-A9WX-01A-21R-A41O-07,0.8638015218531148,1
TCGA-3A-A9IL-01A-11R-A38C-07,0.9223317894323353,1
TCGA-AD-6965-01A-11R-1928-07,0.6089969471916065,1
TCGA-60-2704-01A-11R-2045-07,0.4254694517627507,1
TCGA-AA-3514-01A-02R-0821-07,0.8063506147607772,1
TCGA-IB-A5ST-01A-11R-A32O-07,0.5705575577964848,1
TCGA-BH-A0DQ-01A-11R-A084-07,0.6999815754131116,1
TCGA-D8-A1XY-01A-11R-A14M-07,0.5548986916386548,1
TCGA-ZG-A9LB-01A-11R-A41O-07,0.5363101069810267,1
TCGA-L5-A4OR-01A-11R-A260-31,0.7228353081028707,1
TCGA-LD-A74U-01A-13R-A33J-07,0.6030428004146631,1
TCGA-B8-4148-01A-02R-1325-07,0.8946056989036669,1
TCGA-77-8009-01A-11R-2187-07,0.43479202889877544,1
TCGA-55-7574-01A-11R-2039-07,0.5280001154046686,1
TCGA-XA-A8JR-01A-11R-A36G-07,0.8491315554245601,0
TCGA-B0-5095-01A-01R-1420-07,0.3943913421436652,1
TCGA-NC-A5HE-01A-11R-A26W-07,0.43709038215086987,1
TCGA-RC-A6M4-01A-11R-A32O-07,0.912341063670993,1
TCGA-EJ-A8FN-01A-11R-A352-07,0.5035765456280993,1
TCGA-2Z-A9JK-01A-11R-A42S-07,0.8920611680401603,1
TCGA-69-8254-01A-11R-2287-07,0.8906430828521962,0
TCGA-67-6217-01A-11R-1755-07,0.6210274884201415,1
TCGA-55-7994-01A-11R-2187-07,0.6547870980137164,1
TCGA-55-8090-01A-11R-2241-07,0.8967770368520417,0
TCGA-LN-A5U5-01A-21R-A28J-31,0.7461354704480044,1
TCGA-66-2768-01A-01R-0851-07,0.9155382506889636,1
TCGA-WQ-AB4B-01A-11R-A41C-07,0.5801531700184178,1
TCGA-77-6844-01A-11R-1949-07,0.8348336444972685,1
TCGA-A8-A07Z-01A-11R-A00Z-07,0.9121395669347954,1
TCGA-AA-3977-01A-01R-1022-07,0.7874610263655707,0
TCGA-AC-A3W7-01A-11R-A22K-07,0.9299992484338901,1
TCGA-CC-5263-01A-01R-A131-07,0.5298865762209695,1
TCGA-18-3411-01A-01R-0980-07,0.8063037461602282,1
TCGA-DM-A0XD-01A-12R-A155-07,0.8343235510188278,0
TCGA-OL-A5RU-01A-11R-A28M-07,0.9060041672080954,1
TCGA-33-AASB-01A-11R-A405-07,0.820986031886752,1
TCGA-B6-A0RG-01A-11R-A056-07,0.48551008086630115,1
TCGA-DD-AAC8-01A-11R-A41C-07,0.6051031602842458,1
TCGA-VP-A87D-01A-11R-A352-07,0.8898822992346048,1
TCGA-BH-A0HX-01A-21R-A056-07,0.48443520833131354,1
TCGA-BP-4353-01A-02R-1289-07,0.4835753720505463,0
TCGA-66-2793-01A-01R-1201-07,0.8355076639637815,1
TCGA-E2-A15A-01A-11R-A12D-07,0.4940488803642703,1
TCGA-61-2094-01A-01R-1568-13,0.8235271281843153,0
TCGA-AA-3502-01A-01R-1410-07,0.8997094874181748,1
TCGA-E9-A22G-01A-11R-A157-07,0.47608144110279144,1
TCGA-A3-3325-01A-01R-0864-07,0.8015468755291734,0
TCGA-BP-4176-01A-02R-1289-07,0.8158793839152733,1
TCGA-09-1669-01A-01R-1566-13,0.7260078079900503,1
TCGA-04-1365-01A-01R-1565-13,0.7942375249838424,1
TCGA-2Z-A9JS-01A-21R-A42S-07,0.5114454572025221,1
TCGA-AR-A0U4-01A-11R-A109-07,0.495427033691313,1
TCGA-B0-5713-01A-11R-1672-07,0.4944682685588861,0
TCGA-L3-A4E7-01A-11R-A24Z-07,0.4435341060319649,1
TCGA-G7-6795-01A-11R-1965-07,0.5030005418769103,0
TCGA-AY-5543-01A-01R-1653-07,0.4384898002343768,0
TCGA-G4-6294-01A-11R-1774-07,0.47056154950787554,1
TCGA-CM-5344-01A-21R-1723-07,0.8717624093751182,0
TCGA-TK-A8OK-01A-22R-A36G-07,0.5317969633838922,0
TCGA-VR-AA4G-01A-11R-A37I-31,0.68091149003151,1
TCGA-JY-A93C-01A-11R-A38D-31,0.7110681414531289,1
TCGA-G9-6356-01A-11R-1789-07,0.5190515699199756,0
TCGA-A2-A0ER-01A-21R-A034-07,0.9076267656439718,1
TCGA-62-A46O-01A-11R-A24H-07,0.5329899388317981,1
TCGA-BQ-5885-01A-11R-1592-07,0.8652501286261696,1
TCGA-E2-A1IN-01A-11R-A13Q-07,0.4771224394427143,1
TCGA-NJ-A55R-01A-11R-A262-07,0.9075542649703473,0
TCGA-A3-3383-01A-02R-1325-07,0.47806322589643097,1
TCGA-B4-5844-01A-11R-1672-07,0.3662026542433234,1
TCGA-CJ-5676-01A-11R-1541-07,0.8838706430920087,1
TCGA-MH-A561-01A-11R-A26U-07,0.47667135145018713,1
TCGA-96-A4JL-01A-11R-A24Z-07,0.9299698118023761,0
TCGA-KK-A6DY-01A-12R-A311-07,0.9059994563735302,1
TCGA-2Z-A9JP-01A-11R-A42S-07,0.8723839420852922,1
TCGA-VR-A8ER-01A-11R-A36D-31,0.8621117019968979,1
TCGA-24-2288-01A-01R-1568-13,0.8758497406744618,1
TCGA-A8-A0AD-01A-11R-A056-07,0.575399746086964,1
TCGA-B6-A0IQ-01A-11R-A034-07,0.5906314217834383,1
TCGA-DM-A28A-01A-21R-A32Y-07,0.4754597887254374,1
TCGA-09-0369-01A-01R-1564-13,0.6407574163086551,1
TCGA-G7-A8LD-01A-11R-A36F-07,0.8899765167420028,1
TCGA-A4-7732-01A-11R-2139-07,0.8678091813387839,1
TCGA-QU-A6IP-01A-11R-A31N-07,0.5233544512592297,1
TCGA-DD-A1EG-01A-11R-A213-07,0.6165019740932531,0
TCGA-BP-5004-01A-01R-1334-07,0.8139151293728248,0
TCGA-BP-5006-01A-01R-1334-07,0.8587401173789482,1
TCGA-A6-6781-01A-22R-A278-07,0.8842348688192836,1
TCGA-CA-5255-01A-11R-1839-07,0.8499738047695009,0
TCGA-66-2782-01A-01R-0851-07,0.8142315050709115,1
TCGA-MP-A4SY-01A-21R-A24X-07,0.5486513815592526,1
TCGA-44-3398-01A-01R-1107-07,0.5190642900857411,1
TCGA-97-8171-01A-11R-2287-07,0.9020674967898303,1
TCGA-BH-A0BG-01A-11R-A115-07,0.8720114278170892,0
TCGA-B0-4834-01A-01R-1305-07,0.9005453647480003,0
TCGA-A2-A25B-01A-11R-A169-07,0.4714066522989358,1
TCGA-70-6723-01A-11R-1820-07,0.8172274140289872,1
TCGA-KK-A8IJ-01A-11R-A352-07,0.8652987986799227,1
TCGA-CZ-5986-01A-11R-1672-07,0.3772884760509361,1
TCGA-BH-A1EN-01A-11R-A13Q-07,0.6972499004047921,1
TCGA-CH-5768-01A-11R-1580-07,0.8965665081049565,1
TCGA-B0-4846-01A-01R-1277-07,0.4782007758307731,1
TCGA-E2-A2P6-01A-11R-A19W-07,0.5922641420338439,1
TCGA-AK-3434-01A-02R-1277-07,0.888526305093065,1
TCGA-WW-A8ZI-01A-11R-A37L-07,0.5052014311240108,1
TCGA-56-7730-01A-11R-2125-07,0.5551030563277034,1
TCGA-3A-A9I9-01A-11R-A38C-07,0.5778430716936236,0
TCGA-EP-A2KC-01A-11R-A213-07,0.9193687542312909,1
TCGA-AO-A1KO-01A-31R-A13Q-07,0.5375755857676336,1
TCGA-BH-A18K-01A-11R-A12D-07,0.4921169502152544,1
TCGA-D8-A147-01A-11R-A115-07,0.49272003759524124,1
TCGA-24-0979-01A-01R-1565-13,0.8656101097711979,0
TCGA-HC-7821-01A-12R-2118-07,0.5045512707632855,1
TCGA-3A-A9IU-01A-11R-A39D-07,0.553377115515985,1
TCGA-AC-A3QP-01A-11R-A22U-07,0.600104237471022,1
TCGA-E9-A226-01A-21R-A157-07,0.4608847946959915,1
TCGA-MP-A4T7-01A-11R-A24X-07,0.6698018452445568,1
TCGA-HE-7129-01A-11R-1965-07,0.42040128034149543,1
TCGA-91-7771-01A-11R-2170-07,0.648678241700979,1
TCGA-CC-A7IK-01A-12R-A33R-07,0.5909823490390481,1
TCGA-AD-6895-01A-11R-1928-07,0.4718555672897789,1
TCGA-2Z-A9JN-01A-21R-A42S-07,0.43567615514731334,1
TCGA-Y8-A898-01A-11R-A355-07,0.8672304037148002,1
TCGA-24-1545-01A-01R-1566-13,0.8077505072745819,1
TCGA-60-2711-01A-01R-0851-07,0.4330228080040666,1
TCGA-US-A77G-01A-11R-A32O-07,0.8851300460744354,1
TCGA-44-5645-01B-04R-A277-07,0.6446018296510821,1
TCGA-23-1109-01A-01R-1564-13,0.8490041245203452,1
TCGA-DD-A1EJ-01A-11R-A155-07,0.6143525647478143,1
TCGA-CK-6748-01A-11R-1839-07,0.4638803683341496,0
TCGA-HE-A5NH-01A-11R-A26U-07,0.5353789495428135,0
TCGA-LL-A50Y-01A-11R-A266-07,0.49198665596367336,1
TCGA-BP-5173-01A-01R-1426-07,0.8650436728222625,0
TCGA-V1-A9O7-01A-21R-A41O-07,0.9216775449856212,0
TCGA-L5-A4OJ-01A-11R-A260-31,0.7367054488022353,1
TCGA-05-4434-01A-01R-1206-07,0.8904191772716805,1
TCGA-AZ-4682-01B-01R-A32Z-07,0.839554936261889,1
TCGA-D8-A1J9-01A-11R-A13Q-07,0.4758102757367232,1
TCGA-CH-5746-01A-11R-1580-07,0.4688170393751937,0
TCGA-KV-A6GD-01A-11R-A31O-07,0.5224604673307284,1
TCGA-B0-4707-01A-01R-1277-07,0.9046939215336637,1
TCGA-58-8393-01A-11R-2326-07,0.4359820791520555,1
TCGA-FV-A495-01A-11R-A266-07,0.9091823768401722,1
TCGA-99-8033-01A-11R-2241-07,0.9053307972987291,1
TCGA-77-8139-01A-11R-2247-07,0.8609690846836454,1
TCGA-ED-A5KG-01A-11R-A27V-07,0.6609972595664128,1
TCGA-94-7033-01A-11R-1949-07,0.8281182999395843,1
TCGA-AA-3530-01A-01R-1022-07,0.8257870590348458,1
TCGA-ZG-A9L1-01A-11R-A41O-07,0.9505185091944273,1
TCGA-FR-A3R1-01A-11R-A239-07,0.4454286221515249,1
TCGA-2Z-A9JL-01A-11R-A42S-07,0.49251916333078755,1
TCGA-20-0987-01A-02R-1564-13,0.6443296237354705,0
TCGA-59-2363-01A-01R-1569-13,0.5883101942623438,1
TCGA-24-1419-01A-01R-1565-13,0.803464738074369,1
TCGA-BH-A1FH-01A-12R-A13Q-07,0.606711003384073,1
TCGA-B6-A0IA-01A-11R-A034-07,0.5989961940613159,1
TCGA-98-7454-01A-11R-2045-07,0.8417085675502022,0
TCGA-5P-A9JZ-01A-11R-A42S-07,0.4894556405390267,1
TCGA-55-6984-01A-11R-1949-07,0.9040190621630624,1
TCGA-HC-8264-01B-11R-2403-07,0.49802314913513596,1
TCGA-G4-6314-01A-11R-1723-07,0.4678885415556397,1
TCGA-68-8250-01A-11R-2296-07,0.43827623018541084,1
TCGA-29-1769-01A-01R-1567-13,0.639067000113582,0
TCGA-EU-5905-01A-11R-1672-07,0.8958653824900087,1
TCGA-F9-A7Q0-01A-11R-A36F-07,0.4887402573052622,1
TCGA-DD-AACN-01A-11R-A41C-07,0.5872768453038459,0
TCGA-A8-A079-01A-21R-A00Z-07,0.8742821702026274,1
TCGA-D8-A1JN-01A-11R-A13Q-07,0.9146888799477717,1
TCGA-A8-A08B-01A-11R-A00Z-07,0.49245845225896556,1
TCGA-JY-A6FD-01A-11R-A336-31,0.6715247333315616,1
TCGA-A8-A086-01A-11R-A00Z-07,0.6073083927849591,1
TCGA-13-2060-01A-01R-1568-13,0.6543778933761364,1
TCGA-HC-8265-01B-04R-2302-07,0.5212999992676898,1
TCGA-S4-A8RP-01A-11R-A36G-07,0.5629324181828725,1
TCGA-A8-A09Z-01A-11R-A00Z-07,0.9147953979935304,1
TCGA-CK-6751-01A-11R-1839-07,0.8274557623176187,0
TCGA-RB-A7B8-01A-12R-A33R-07,0.5858867953301324,1
TCGA-68-7755-01A-11R-2125-07,0.4456551274759931,0
TCGA-66-2759-01A-01R-0851-07,0.8577131553731915,1
TCGA-AA-A00J-01A-02R-A002-07,0.829183039715485,1
TCGA-L5-A8NL-01A-12R-A37I-31,0.8702881939960233,1
TCGA-24-1557-01A-01R-1566-13,0.7433857969805556,1
TCGA-A7-A3IY-01A-21R-A21T-07,0.8744913655172485,1
TCGA-B8-4151-01A-01R-1188-07,0.49119171540109485,1
TCGA-61-1914-01A-01R-1567-13,0.7131515962635229,1
TCGA-IG-A3Y9-01A-12R-A24K-31,0.8553300027974556,1
TCGA-L5-A891-01A-11R-A36D-31,0.6077501839035093,1
TCGA-BP-4983-01A-01R-1334-07,0.9109193822149069,1
TCGA-04-1514-01A-01R-1566-13,0.8609821049888908,1
TCGA-NJ-A55A-01A-11R-A262-07,0.5262296323347908,1
TCGA-A8-A09I-01A-22R-A034-07,0.48558267602793853,1
TCGA-AR-A251-01A-12R-A169-07,0.49776300062920315,1
TCGA-60-2715-01A-01R-0851-07,0.4341209980273851,1
TCGA-D9-A4Z3-01A-11R-A266-07,0.8540178481212695,1
TCGA-E2-A14Q-01A-11R-A12D-07,0.9103477838393274,0
TCGA-EW-A1P7-01A-21R-A144-07,0.5132059712684595,1
TCGA-HV-AA8X-01A-11R-A39D-07,0.8957840286532417,1
TCGA-ZG-A9L4-01A-11R-A41O-07,0.5494239612787714,1
TCGA-VN-A88L-01A-11R-A352-07,0.867466717675413,1
TCGA-Z7-A8R5-01A-42R-A41B-07,0.48770322492907314,1
TCGA-IG-A51D-01A-11R-A36D-31,0.7471105338551774,0
TCGA-5P-A9K9-01A-11R-A42S-07,0.8763930858494468,1
TCGA-23-1114-01B-01R-1566-13,0.6918515911313354,1
TCGA-IZ-A6M9-01A-11R-A31O-07,0.47836068085161243,1
TCGA-44-2662-01B-02R-A277-07,0.5001612277633101,1
TCGA-A8-A08C-01A-11R-A00Z-07,0.5725574353766618,1
TCGA-36-1568-01A-01R-1566-13,0.7666295814646161,1
TCGA-MN-A4N1-01A-11R-A24X-07,0.8877705222303114,0
TCGA-C8-A12X-01A-11R-A115-07,0.6841698038572208,1
TCGA-63-5131-01A-01R-1443-07,0.4191070832975384,1
TCGA-G9-6499-01A-12R-1965-07,0.5357080303800491,1
TCGA-L5-A43M-01A-11R-A24K-31,0.7321569360093136,1
TCGA-C8-A275-01A-21R-A16F-07,0.5033718042959824,1
TCGA-A6-5664-01A-21R-1839-07,0.8377263856238507,0
TCGA-4B-A93V-01A-11R-A39D-07,0.9698374591366058,1
TCGA-G9-6364-01A-21R-1789-07,0.47879531629336797,1
TCGA-YH-A8SY-01A-11R-A37L-07,0.5876480856150725,1
TCGA-BP-4760-01A-02R-1420-07,0.5145636320124858,1
TCGA-DD-AAVU-01A-11R-A41C-07,0.5322584949610203,1
TCGA-XN-A8T5-01A-12R-A36G-07,0.5557834019080338,0
TCGA-55-8207-01A-11R-2241-07,0.5177295993561435,1
TCGA-DD-AAVV-01A-11R-A41C-07,0.9302736290287483,1
TCGA-FV-A2QR-01A-11R-A213-07,0.5898882540218079,1
TCGA-DD-AAEE-01A-11R-A41C-07,0.5628958359637303,1
TCGA-B8-5159-01A-01R-1420-07,0.4944829753224171,1
TCGA-2A-A8VX-01A-11R-A37L-07,0.873356698464954,0
TCGA-AA-A03F-01A-11R-A16W-07,0.744674726206968,1
TCGA-91-8497-01A-11R-2403-07,0.9214481428095631,1
TCGA-EW-A1OV-01A-11R-A144-07,0.6067350935487085,0
TCGA-XP-A8T8-01A-11R-A36D-31,0.6314241452833653,1
TCGA-61-1736-01B-01R-1568-13,0.6910151961021599,0
TCGA-20-1682-01A-01R-1564-13,0.8781073319779485,1
TCGA-FB-AAPQ-01A-11R-A41B-07,0.5956523742397818,1
TCGA-AA-3950-01A-02R-1022-07,0.8094297052083662,1
TCGA-CK-4951-01A-01R-1410-07,0.8242648146443282,1
TCGA-BH-A0RX-01A-21R-A084-07,0.8617862755253987,0
TCGA-CJ-5671-01A-11R-1541-07,0.8674498016080098,1
TCGA-EW-A1IY-01A-11R-A13Q-07,0.4794874697213796,1
TCGA-E2-A1IE-01A-11R-A13Q-07,0.5829217625105422,1
TCGA-HI-7170-01A-11R-2118-07,0.5663599759539456,0
TCGA-A3-A6NL-01A-11R-A33J-07,0.8001313058552026,1
TCGA-EW-A1PD-01A-11R-A144-07,0.48415482873681936,1
TCGA-B6-A0IO-01A-11R-A034-07,0.5715296188926612,0
TCGA-50-5931-01A-11R-1755-07,0.9104439300114517,1
TCGA-HZ-A4BH-01A-11R-A26U-07,0.5628508932634014,1
TCGA-ZG-A9KY-01A-11R-A41O-07,0.8925523069852755,1
TCGA-EJ-5507-01A-01R-1580-07,0.5293996402173391,1
TCGA-CH-5751-01A-11R-1580-07,0.5611659295351876,1
TCGA-AA-3844-01A-01R-1022-07,0.7965909980867751,1
TCGA-EB-A57M-01A-51R-A311-07,0.5279090591981641,1
TCGA-BP-4351-01A-01R-1289-07,0.8071457178327867,0
TCGA-DD-A11B-01A-11R-A131-07,0.5296298077311008,1
TCGA-BQ-7045-01A-31R-1965-07,0.4822008083997977,0
TCGA-BH-A0BD-01A-11R-A034-07,0.8778834420633611,1
TCGA-BQ-5881-01A-11R-1592-07,0.48571085091444666,1
TCGA-25-1871-01A-01R-1567-13,0.8429485028034183,1
TCGA-61-1740-01A-01R-1567-13,0.8609324227946267,1
TCGA-33-AASJ-01A-11R-A405-07,0.9155921538228842,1
TCGA-CC-A123-01A-11R-A131-07,0.4890205573918657,1
TCGA-YG-AA3N-01A-11R-A38C-07,0.6162146935617339,0
TCGA-E2-A156-01A-11R-A12D-07,0.92381050973058,0
TCGA-EW-A1PB-01A-11R-A144-07,0.6049914911437363,0
TCGA-XK-AAJT-01A-11R-A41O-07,0.8941500488594759,1
TCGA-EB-A550-01A-61R-A27Q-07,0.5106944602013564,1
TCGA-S3-A6ZF-01A-32R-A32P-07,0.47287285475095486,1
TCGA-13-1408-01A-01R-1565-13,0.593870094163572,1
TCGA-29-1690-01A-01R-1566-13,0.7269990737167629,1
TCGA-05-4425-01A-01R-1755-07,0.5157839941452018,1
TCGA-X8-AAAR-01A-11R-A406-31,0.7353071602737125,1
TCGA-JL-A3YX-01A-11R-A22U-07,0.9308643291491345,1
TCGA-IG-A3YA-01A-11R-A24K-31,0.7178469889050817,0
TCGA-HV-AA8V-01A-11R-A41B-07,0.5600795652480088,1
TCGA-IB-AAUO-01A-12R-A38C-07,0.8949340011269784,1
TCGA-B6-A0I8-01A-11R-A034-07,0.9145586175764108,1
TCGA-FB-A545-01A-11R-A26U-07,0.5763059928094975,1
TCGA-BH-A18H-01A-11R-A12D-07,0.5857679971622087,1
TCGA-AK-3445-01A-02R-1277-07,0.5115865004235862,1
TCGA-25-1317-01A-01R-1565-13,0.7675416386371567,1
TCGA-BP-5200-01A-01R-1426-07,0.3527530827950295,1
TCGA-E9-A5FK-01A-11R-A27Q-07,0.6012750824447849,1
TCGA-BH-A1EW-01A-11R-A137-07,0.544421490700525,1
TCGA-NC-A5HN-01A-11R-A26W-07,0.40583015676282214,1
TCGA-13-0760-01A-01R-1564-13,0.7760568416878386,0
TCGA-AA-3970-01A-01R-1022-07,0.8029957514856886,0
TCGA-YL-A9WI-01A-11R-A37L-07,0.5220008279288848,1
TCGA-AA-A01T-01A-21R-A16W-07,0.6942670857885643,1
TCGA-AN-A0G0-01A-11R-A034-07,0.4821604173642226,1
TCGA-77-A5GB-01B-11R-A27Q-07,0.4465937334177435,1
TCGA-85-8481-01A-11R-2326-07,0.4035709796286763,0
TCGA-E2-A107-01A-11R-A10J-07,0.5908599735299687,1
TCGA-J2-8192-01A-11R-2241-07,0.5205251934450015,1
TCGA-Z7-A8R6-01A-11R-A41B-07,0.9466392001382787,1
TCGA-B8-4153-01B-11R-1672-07,0.7935971061682128,1
TCGA-BH-A0AY-01A-21R-A00Z-07,0.49268444583064985,1
TCGA-A1-A0SQ-01A-21R-A144-07,0.5610998155277495,1
TCGA-22-5477-01A-01R-1635-07,0.9180655669292773,1
TCGA-AA-A02K-01A-03R-A32Y-07,0.9251311579025593,1
TCGA-AA-3531-01A-01R-0821-07,0.7463304176218749,1
TCGA-85-8351-01A-11R-2296-07,0.8188182379740971,1
TCGA-R6-A8WG-01A-11R-A37I-31,0.8610759433999633,1
TCGA-2J-AABR-01A-11R-A41B-07,0.5606792758312591,1
TCGA-CJ-4884-01A-01R-1305-07,0.8364719040958271,1
TCGA-XV-A9W2-01A-11R-A39D-07,0.5313620017741598,1
TCGA-DD-A11A-01A-11R-A131-07,0.914633527259239,0
TCGA-38-4631-01A-01R-1755-07,0.8634401801261321,1
TCGA-V1-A8MM-01A-11R-A37L-07,0.5218240718467855,1
TCGA-13-0726-01A-01R-1564-13,0.556047778453354,1
TCGA-HZ-8005-01A-11R-2204-07,0.5793960242680021,1
TCGA-BH-A18J-01A-11R-A12D-07,0.5018465012504605,1
TCGA-60-2708-01A-01R-0851-07,0.9274117187521387,1
TCGA-AO-A1KT-01A-11R-A13Q-07,0.4710429675791584,1
TCGA-A2-A3KC-01A-11R-A213-07,0.5940322469551559,1
TCGA-EJ-5498-01A-01R-1580-07,0.5272109410675415,1
TCGA-AO-A0JF-01A-11R-A056-07,0.9446210604338404,1
TCGA-E9-A1R6-01A-11R-A14D-07,0.8927574833140339,1
TCGA-A7-A0CD-01A-11R-A00Z-07,0.9081107302676967,0
TCGA-29-1699-01A-01R-1567-13,0.752730249787605,1
TCGA-CJ-6028-01A-11R-1672-07,0.5138445977545266,1
TCGA-24-1843-01A-01R-1567-13,0.6202517294604797,1
TCGA-AA-A01R-01A-21R-A083-07,0.7453357182290901,1
TCGA-G9-A9S0-01A-11R-A41O-07,0.5190500372227262,1
TCGA-XV-AAZY-01A-12R-A40A-07,0.47667267902044785,0
TCGA-AK-3465-01A-02R-1325-07,0.900949976483351,1
TCGA-AA-3812-01A-01R-0905-07,0.7495010900188707,1
TCGA-77-A5GF-01A-21R-A27Q-07,0.4179362040994864,0
TCGA-HC-A4ZV-01A-11R-A26U-07,0.557279834955739,1
TCGA-H9-7775-01A-11R-2118-07,0.5021732417460522,0
TCGA-60-2696-01A-01R-0851-07,0.4476058476608598,1
TCGA-13-0900-01B-01R-1565-13,0.6753429817683925,1
TCGA-85-8666-01A-11R-2403-07,0.43718965052432407,1
TCGA-4H-AAAK-01A-12R-A41B-07,0.9145541564252146,0
TCGA-BH-A0BC-01A-22R-A084-07,0.9204328692495711,0
TCGA-C8-A3M7-01A-12R-A21T-07,0.5916047078549038,0
TCGA-AR-A2LN-01A-21R-A18M-07,0.6104296779813403,1
TCGA-2Z-A9J5-01A-21R-A38C-07,0.5442171539904742,1
TCGA-AA-A01X-01A-21R-A083-07,0.9097976731957362,1
TCGA-C8-A134-01A-11R-A115-07,0.9842651527778928,1
TCGA-HV-A5A6-01A-11R-A26U-07,0.5629159508004489,0
TCGA-D8-A140-01A-11R-A115-07,0.9080209757946655,1
TCGA-F9-A4JJ-01A-11R-A24Z-07,0.8903866608476532,1
TCGA-AR-A24O-01A-11R-A169-07,0.5827511809145871,1
TCGA-G3-AAUZ-01A-11R-A38B-07,0.5539881969298848,1
TCGA-63-A5MM-01A-11R-A26W-07,0.8230377090650216,1
TCGA-AN-A0FN-01A-11R-A034-07,0.8635397151102029,1
TCGA-GL-A59R-01A-11R-A26U-07,0.49062022543193684,1
TCGA-2H-A9GG-01A-11R-A37I-31,0.7221422414133417,1
TCGA-C8-A130-01A-31R-A115-07,0.5105747079679457,1
TCGA-2H-A9GF-01A-11R-A37I-31,0.7381099989164783,0
TCGA-55-5899-01A-11R-1628-07,0.5321485248947385,1
TCGA-B0-4713-01A-01R-1277-07,0.4769757736342255,1
TCGA-A8-A09Q-01A-11R-A00Z-07,0.4873957073368306,1
TCGA-VR-AA4D-01A-11R-A37I-31,0.6464627672605501,0
TCGA-36-1578-01A-01R-1566-13,0.7145049916701164,1
TCGA-AR-A1AY-01A-21R-A12P-07,0.48037623412126185,1
TCGA-86-8278-01A-11R-2287-07,0.508762726216204,0
TCGA-A2-A0YK-01A-22R-A109-07,0.9345908830267865,1
TCGA-78-7163-01A-12R-2066-07,0.6046486226449218,1
TCGA-A8-A06R-01A-11R-A00Z-07,0.888195280297858,1
TCGA-HC-7752-01A-11R-2118-07,0.49156310476356513,1
TCGA-A8-A07J-01A-11R-A00Z-07,0.5896130724412206,1
TCGA-HC-7749-01A-11R-2118-07,0.5049623205591423,0
TCGA-HC-A6HX-01A-11R-A31N-07,0.8863018979600454,1
TCGA-56-A4BW-01A-11R-A24H-07,0.4483948367947475,1
TCGA-BP-4162-01A-02R-1325-07,0.47545571183607155,1
TCGA-34-7107-01A-11R-1949-07,0.8399579568988282,1
TCGA-DD-AAE4-01A-11R-A41C-07,0.5845472269633776,1
TCGA-13-1510-01A-02R-1565-13,0.7989710928498345,1
TCGA-57-1585-01A-01R-1566-13,0.7210443887895897,1
TCGA-56-8305-01A-11R-2296-07,0.8265794498378867,1
TCGA-CJ-4874-01A-01R-1305-07,0.9510501813886414,1
TCGA-B6-A0RH-01A-21R-A115-07,0.5197003337851706,0
TCGA-HZ-A77O-01A-11R-A33R-07,0.5939880356654162,1
TCGA-24-1463-01A-01R-1566-13,0.8276342032117728,1
TCGA-A8-A07S-01A-11R-A034-07,0.6003673781897289,1
TCGA-3C-AAAU-01A-11R-A41B-07,0.5717731152918566,1
TCGA-AO-A03M-01B-11R-A10J-07,0.8808027449533187,1
TCGA-73-4659-01A-01R-1206-07,0.9066780204999436,1
TCGA-CZ-5453-01A-01R-1503-07,0.9217045026978459,1
TCGA-94-8035-01A-11R-2247-07,0.8268078939468048,1
TCGA-39-5031-01A-01R-1443-07,0.44035462614662113,1
TCGA-75-5146-01A-01R-1628-07,0.9360189446022666,1
TCGA-YL-A8S8-01A-11R-A37L-07,0.8699235102429395,0
TCGA-77-A5G6-01A-11R-A27Q-07,0.8177330734395157,1
TCGA-A7-A4SF-01A-11R-A266-07,0.8883046187316144,1
TCGA-EB-A553-01A-12R-A27Q-07,0.5269215493596238,1
TCGA-AA-3939-01A-01R-1022-07,0.7972095879501676,1
TCGA-E2-A14N-01A-31R-A137-07,0.5039758142423069,1
TCGA-CJ-6030-01A-11R-1672-07,0.3844257952702098,1
TCGA-J4-A67M-01A-11R-A30B-07,0.8799188110782632,1
TCGA-BP-5198-01A-01R-1426-07,0.9269405627879268,1
TCGA-NK-A7XE-01A-12R-A405-07,0.4408608100092655,1
TCGA-HC-7209-01A-11R-2118-07,0.8710155146169551,1
TCGA-HZ-8315-01A-11R-2404-07,0.9243181674785261,1
TCGA-86-8076-01A-31R-2241-07,0.5487198015090821,1
TCGA-A6-6650-01A-11R-A278-07,0.5731320387013547,1
TCGA-62-A46U-01A-11R-A24H-07,0.5302444273907304,1
TCGA-BH-A18U-01A-21R-A12D-07,0.48053928657592887,1
TCGA-55-6712-01A-11R-1858-07,0.5064636387881662,1
TCGA-BP-4761-01A-01R-1289-07,0.9465610730025307,1
TCGA-D8-A1XK-01A-21R-A14M-07,0.4535807205362848,1
TCGA-63-A5MI-01A-12R-A27Q-07,0.436248500201779,1
TCGA-MP-A4TF-01A-11R-A262-07,0.5290554213450028,1
TCGA-DD-AACF-01A-11R-A41C-07,0.5705675057994969,1
TCGA-ZG-A9LZ-01A-11R-A41O-07,0.555058762666569,1
TCGA-05-4250-01A-01R-1107-07,0.5359031037911052,1
TCGA-95-A4VP-01A-21R-A262-07,0.5392377741460325,1
TCGA-AA-3877-01A-01R-1022-07,0.814845261433157,1
TCGA-AK-3426-01A-02R-1325-07,0.5420763898107778,1
TCGA-A3-3382-01A-02R-1325-07,0.3737999031560982,1
TCGA-IC-A6RE-01A-11R-A336-31,0.6865592657259473,0
TCGA-A8-A08O-01A-21R-A056-07,0.4855616285828376,1
TCGA-B9-A5W7-01A-11R-A31O-07,0.5370896366658042,0
TCGA-33-A5GW-01A-11R-A27Q-07,0.4108273535900143,0
TCGA-G3-AAV7-01A-11R-A38B-07,0.6431571199696329,0
TCGA-5P-A9K8-01A-11R-A42S-07,0.48705700901286,1
TCGA-BP-5007-01A-01R-1334-07,0.8089374450994629,0
TCGA-A3-3365-01A-01R-0864-07,0.5010331304872455,1
TCGA-44-7659-01A-11R-2066-07,0.5327084710449869,1
TCGA-61-2003-01A-01R-1568-13,0.7823745688389853,1
TCGA-D5-6898-01A-11R-1928-07,0.8893953311397929,1
TCGA-GM-A2DC-01A-11R-A18M-07,0.555179829788735,1
TCGA-5P-A9KF-01A-11R-A42S-07,0.8658755895358821,1
TCGA-BP-4161-01A-02R-1325-07,0.4992102331244597,1
TCGA-36-1576-01A-01R-1566-13,0.7158307003146392,1
TCGA-DD-A4NK-01A-11R-A28V-07,0.9056940910443837,1
TCGA-CJ-4901-01A-01R-1426-07,0.5030366028564359,1
TCGA-MI-A75I-01A-11R-A32O-07,0.9251097251975775,1
TCGA-29-2414-01A-02R-1569-13,0.6628435488573371,0
TCGA-BH-A0GY-01A-11R-A056-07,0.4991198957449891,0
TCGA-97-8175-01A-11R-2287-07,0.8958814423394608,1
TCGA-AL-3472-01A-01R-1193-07,0.5035652842808767,1
TCGA-HZ-A77P-01A-11R-A33R-07,0.9119348036041051,1
TCGA-A3-3352-01A-01R-0864-07,0.8461094760694354,0
TCGA-A7-A26G-01A-21R-A169-07,0.5992591196538547,0
TCGA-AO-A0JC-01A-11R-A056-07,0.5951268442216915,1
TCGA-AA-3875-01A-01R-0905-07,0.7705476971186163,1
TCGA-D8-A1JJ-01A-31R-A14M-07,0.4954202146796953,1
TCGA-Y6-A8TL-01A-21R-A37L-07,0.9135533940052476,0
TCGA-J4-A6G3-01A-11R-A311-07,0.8725834817240445,1
TCGA-13-0768-01A-01R-1569-13,0.6117753964550332,1
TCGA-A7-A6VW-01A-21R-A33J-07,0.5043623306882392,1
TCGA-J9-A8CP-01A-11R-A352-07,0.9540954672892522,1
TCGA-P4-AAVK-01A-11R-A42S-07,0.5273916672407564,1
TCGA-B0-5709-01A-11R-1541-07,0.8653323209906034,1
TCGA-B6-A0RV-01A-11R-A084-07,0.5860376271006685,1
TCGA-AA-A01V-01A-23R-A083-07,0.7668662182724235,0
TCGA-G9-7510-01A-11R-2263-07,0.882482157072695,0
TCGA-D8-A73U-01A-11R-A33J-07,0.6052601767964824,0
TCGA-DD-AAEK-01A-11R-A41C-07,0.9261077107790562,1
TCGA-B0-5698-01A-11R-1672-07,0.8150231031499626,1
TCGA-KC-A4BL-01A-31R-A250-07,0.5237301029087329,1
TCGA-EJ-A7NM-01A-21R-A33R-07,0.9017374782675835,1
TCGA-B2-5639-01A-01R-1541-07,0.394589197703955,1
TCGA-BH-A8FZ-01A-11R-A352-07,0.4950354188231083,0
TCGA-22-5474-01A-01R-1635-07,0.8460321767473656,1
TCGA-E2-A1IL-01A-11R-A14D-07,0.571089221519361,0
TCGA-D8-A1XV-01A-11R-A14M-07,0.5613665564593995,1
TCGA-2Z-A9J3-01A-12R-A38C-07,0.9417760814616671,1
TCGA-L5-A4OP-01A-11R-A260-31,0.7070975075438015,1
TCGA-AO-A129-01A-21R-A10J-07,0.871400852778729,0
TCGA-B6-A0RL-01A-11R-A084-07,0.962960411842723,1
TCGA-61-1743-01A-01R-1568-13,0.6797894709165145,1
TCGA-R6-A6Y0-01B-11R-A336-31,0.7487551494082958,1
TCGA-77-7463-01A-11R-2045-07,0.8213398957713895,1
TCGA-DD-AADW-01A-11R-A39D-07,0.9337772772773606,1
TCGA-AR-A1AP-01A-11R-A12P-07,0.6890427929390701,1
TCGA-A2-A25F-01A-11R-A169-07,0.4769603608710051,0
TCGA-AA-3862-01A-01R-1022-07,0.7799943526195053,1
TCGA-G4-6306-01A-11R-1774-07,0.4401432784127023,1
TCGA-EB-A3XC-01A-11R-A239-07,0.862214262311875,0
TCGA-34-5927-01A-11R-1820-07,0.9791695048466195,1
TCGA-AA-A017-01A-01R-A00A-07,0.803407237700609,1
TCGA-A4-A5XZ-01A-11R-A31O-07,0.465695985178712,1
TCGA-E2-A1LS-01A-12R-A157-07,0.9143983704762375,1
TCGA-L5-A8NV-01A-11R-A37I-31,0.8638629141292483,1
TCGA-5P-A9KE-01A-11R-A42S-07,0.47599786726399773,0
TCGA-61-1724-01A-01R-1568-13,0.7404092690864719,1
TCGA-VR-A8EP-01A-31R-A406-31,0.6874436553925287,1
TCGA-YL-A8SL-01B-21R-A37L-07,0.8727423884097001,1
TCGA-G4-6310-01A-11R-1723-07,0.6146618191108923,1
TCGA-G3-AAV2-01A-11R-A37K-07,0.5731283435987554,1
TCGA-OL-A5RV-01A-12R-A28M-07,0.591350998254902,0
TCGA-KK-A8I6-01A-11R-A36G-07,0.9062313048179568,0
TCGA-BH-A0B6-01A-11R-A19W-07,0.57784372739381,1
TCGA-G7-6789-01A-11R-1965-07,0.8413741184228835,1
TCGA-G9-A9S7-01A-11R-A41O-07,0.8871254986176302,0
TCGA-78-8640-01A-11R-2403-07,0.964178285209954,1
TCGA-55-6971-01A-11R-1949-07,0.9592354058986199,1
TCGA-DD-AAW2-01A-11R-A41C-07,0.5833605857039432,1
TCGA-HV-A5A4-01A-11R-A26U-07,0.8940993056121476,1
TCGA-BP-4355-01A-01R-1289-07,0.46816006696467377,1
TCGA-R6-A8W5-01B-11R-A37I-31,0.6979161705251631,1
TCGA-CH-5752-01A-11R-1580-07,0.49955247039515654,1
TCGA-A7-A3RF-01A-11R-A22K-07,0.8715287993891819,1
TCGA-ED-A8O5-01A-11R-A36F-07,0.5939663862914514,1
TCGA-AA-3522-01A-01R-0821-07,0.8193955006054657,1
TCGA-ER-A42H-01A-11R-A24X-07,0.615750543931394,1
TCGA-AL-3467-01A-02R-1351-07,0.48937357740463827,1
TCGA-55-8513-01A-11R-2403-07,0.5318371151391297,1
TCGA-AD-6901-01A-11R-1928-07,0.6133113813089878,0
TCGA-29-1694-01A-01R-1567-13,0.7176234965130024,0
TCGA-LN-A49V-01A-11R-A24K-31,0.7294964133105448,1
TCGA-55-6968-01A-11R-1949-07,0.5321611991135561,1
TCGA-A4-8517-01A-11R-2404-07,0.47523947317226983,1
TCGA-CZ-5461-01A-01R-1503-07,0.39564339652829766,1
TCGA-D8-A1XZ-01A-11R-A14M-07,0.47511494056350995,0
TCGA-AA-A00W-01A-01R-A002-07,0.7823406769146196,1
TCGA-BP-4804-01A-02R-1305-07,0.8827653739426848,1
TCGA-OL-A66J-01A-11R-A29R-07,0.4794941090867313,1
TCGA-AY-4070-01A-01R-1113-07,0.795957554717825,1
TCGA-V1-A8WW-01A-11R-A37L-07,0.877189114397198,1
TCGA-B6-A40B-01A-11R-A239-07,0.48489003931947133,1
TCGA-LN-A49U-01A-31R-A260-31,0.6873019660280298,1
TCGA-AO-A03U-01B-21R-A10J-07,0.6099937062227201,1
TCGA-E2-A105-01A-11R-A10J-07,0.9182605343113945,1
TCGA-CW-6097-01A-11R-1672-07,0.39960812419140773,0
TCGA-2Y-A9GS-01A-12R-A38B-07,0.6125605497464855,1
TCGA-EW-A1J6-01A-11R-A13Q-07,0.6039685306852042,0
TCGA-E9-A1RD-01A-11R-A157-07,0.9063318501608978,1
TCGA-AD-A5EK-01A-11R-A28H-07,0.47816840613206857,1
TCGA-2K-A9WE-01A-11R-A38C-07,0.9092801261054138,1
TCGA-EJ-A7NF-01A-11R-A33R-07,0.5080665970173692,1
TCGA-61-1721-01A-01R-1569-13,0.873427267215021,1
TCGA-BP-4346-01A-01R-1289-07,0.4957159905791144,1
TCGA-AA-3989-01A-01R-1022-07,0.7691386803774595,1
TCGA-61-1998-01A-01R-1568-13,0.25235135929104235,0
TCGA-05-4244-01A-01R-1107-07,0.5372972850040207,1
TCGA-B8-A54K-01A-11R-A33J-07,0.8908569232452417,1
TCGA-5R-AA1D-01A-11R-A38B-07,0.6068732486080792,1
TCGA-34-5928-01A-11R-1820-07,0.9804406189160917,1
TCGA-BH-A0HQ-01A-11R-A034-07,0.9009817240883329,1
TCGA-CM-4746-01A-01R-1410-07,0.7216332532371514,1
TCGA-50-6593-01A-11R-1755-07,0.9043490107752122,1
TCGA-DV-A4W0-01A-11R-A266-07,0.8871607650837259,1
TCGA-25-1634-01A-01R-1566-13,0.6737425081577393,0
TCGA-50-6597-01A-11R-1858-07,0.7201007766846855,1
TCGA-AY-A54L-01A-11R-A28H-07,0.43536569829335553,0
TCGA-BP-4774-01A-01R-1289-07,0.46699754784716113,1
TCGA-66-2789-01A-01R-0980-07,0.43888186217266,0
TCGA-DM-A1D4-01A-21R-A155-07,0.4409929494626336,1
TCGA-86-7701-01A-11R-2170-07,0.9056916218290975,1
TCGA-21-1076-01A-02R-0692-07,0.8553396199518876,1
TCGA-AR-A0TX-01A-11R-A084-07,0.49143345940137345,1
TCGA-23-1116-01A-01R-1564-13,0.2430602708894971,1
TCGA-ZP-A9D0-01A-11R-A37K-07,0.9169697066205051,1
TCGA-CH-5743-01A-21R-1580-07,0.5391718697068905,0
TCGA-2A-AAYU-01A-11R-A41O-07,0.8675377463107468,1
TCGA-25-1323-01A-01R-1565-13,0.6738332422213535,1
TCGA-R6-A6Y2-01B-11R-A336-31,0.6639605543844839,1
TCGA-DD-A1EC-01A-21R-A131-07,0.9365802936948754,1
TCGA-E2-A1BC-01A-11R-A12P-07,0.582711506234319,1
TCGA-DD-AADN-01A-11R-A41C-07,0.5764805452941255,1
TCGA-KK-A8ID-01A-11R-A36G-07,0.8940484054094623,1
TCGA-A2-A4RW-01A-21R-A266-07,0.5729241993600006,1
TCGA-56-7822-01A-11R-2125-07,0.8476442425261345,0
TCGA-O2-A52W-01A-11R-A26W-07,0.827100119946404,1
TCGA-UL-AAZ6-01A-11R-A41B-07,0.49426771246523277,1
TCGA-YL-A8HO-01A-11R-A36G-07,0.8673210105191201,1
TCGA-13-0765-01A-01R-1564-13,0.6231918183015636,0
TCGA-55-6979-01A-11R-1949-07,0.527839362102908,1
TCGA-IB-7888-01A-11R-2156-07,0.5398985881054407,1
TCGA-AQ-A54O-01A-11R-A266-07,0.5803659362109117,1
TCGA-HC-7744-01A-11R-2118-07,0.513431166731373,1
TCGA-BP-4974-01A-01R-1334-07,0.48991659882223576,1
TCGA-A3-3367-01A-02R-1420-07,0.8162300580784748,1
TCGA-2H-A9GO-01A-11R-A37I-31,0.6378660556296971,1
TCGA-EJ-5522-01A-01R-1580-07,0.5183105079534588,1
TCGA-61-1919-01A-01R-1568-13,0.6648628153291107,1
TCGA-TP-A8TT-01A-12R-A41O-07,0.5335516327120109,1
TCGA-AN-A0FJ-01A-11R-A00Z-07,0.5072020617931365,1
TCGA-B0-5696-01A-11R-1541-07,0.49587078550545055,1
TCGA-CZ-4856-01A-02R-1426-07,0.8423616305286511,1
TCGA-A8-A075-01A-11R-A084-07,0.8693429968831469,0
TCGA-90-A4ED-01A-31R-A24Z-07,0.8937614046876508,1
TCGA-44-2657-01A-01R-1107-07,0.5363161779338658,0
TCGA-MP-A4TD-01A-32R-A262-07,0.5398055244303848,1
TCGA-XR-A8TG-01A-11R-A36F-07,0.4798473401039279,1
TCGA-33-4533-01A-01R-1201-07,0.4116946805924958,1
TCGA-55-8514-01A-11R-2403-07,0.9405531602414562,1
TCGA-25-1316-01A-01R-1565-13,0.7366113580505319,1
TCGA-EB-A6R0-01A-12R-A32P-07,0.6128304731678933,1
TCGA-Y8-A8S1-01A-11R-A37K-07,0.8484268160744254,1
TCGA-B0-5120-01A-01R-1420-07,0.5000014832055008,1
TCGA-KR-A7K0-01A-12R-A33R-07,0.5660921723837138,0
TCGA-50-5944-01A-11R-1755-07,0.6507967025019152,1
TCGA-99-AA5R-01A-11R-A39D-07,0.9135615404265406,1
TCGA-CZ-5452-01A-01R-1503-07,0.8859635739751874,1
TCGA-XJ-A9DX-01A-11R-A37L-07,0.8645506446101816,0
TCGA-B6-A0IM-01A-11R-A034-07,0.46633314180314567,1
TCGA-61-2012-01A-01R-1568-13,0.8500817724511197,1
TCGA-2Z-A9J2-01A-11R-A38C-07,0.5087296849433708,1
TCGA-AC-A6NO-01A-12R-A33J-07,0.6031985489926738,1
TCGA-E9-A1N4-01A-11R-A14M-07,0.5675165839894302,1
TCGA-DZ-6134-01A-11R-1965-07,0.5536238620328486,1
TCGA-20-1685-01A-01R-1566-13,0.6263227425999536,0
TCGA-BH-A0AZ-01A-21R-A12P-07,0.49072255882181004,1
TCGA-55-7227-01A-11R-2039-07,0.9084330286122273,1
TCGA-34-5231-01A-21R-1820-07,0.8207779006089603,1
TCGA-DD-AAE2-01A-11R-A41C-07,0.5630073422123169,1
TCGA-AC-A62Y-01A-11R-A29R-07,0.47182231461502666,0
TCGA-A7-A425-01A-11R-A24H-07,0.6242582387186713,1
TCGA-AD-6548-01A-11R-1839-07,0.8493392348423942,1
TCGA-AC-A3W6-01A-12R-A22K-07,0.9078197578351775,0
TCGA-EB-A5UM-01A-11R-A311-07,0.48641126493813014,1
TCGA-EW-A6SA-01A-21R-A32P-07,0.6030041584298907,1
TCGA-64-5779-01A-01R-1628-07,0.5295633271153264,0
TCGA-DD-A114-01A-11R-A131-07,0.5669682261054243,1
TCGA-85-8052-01A-11R-2247-07,0.9216724051728092,1
TCGA-A2-A0T4-01A-31R-A084-07,0.935126671553155,0
TCGA-DD-A3A2-01A-11R-A213-07,0.8994097538285657,1
TCGA-E2-A1B4-01A-11R-A12P-07,0.5861230752436114,1
TCGA-HV-A5A3-01A-11R-A26U-07,0.5695537205352543,1
TCGA-78-7167-01A-11R-2066-07,0.5311242896462451,1
TCGA-85-8479-01A-11R-2326-07,0.4561303219519359,1
TCGA-XR-A8TE-01A-11R-A36F-07,0.9154192125998042,1
TCGA-BP-4971-01A-01R-1334-07,0.8987736902561878,0
TCGA-EJ-7786-01A-11R-2118-07,0.8830787636859002,1
TCGA-25-1320-01A-01R-1565-13,0.6793033436557739,1
TCGA-E2-A15S-01A-11R-A115-07,0.8990797855907541,1
TCGA-D9-A3Z4-01A-11R-A239-07,0.6023321686279923,1
TCGA-98-A53D-01A-32R-A262-07,0.4223304698189628,1
TCGA-DW-7839-01A-11R-2139-07,0.49480022902993326,1
TCGA-86-8671-01A-11R-2403-07,0.5335559645031852,1
TCGA-B8-A54H-01A-11R-A33J-07,0.8541433635659686,1
TCGA-ZS-A9CF-01A-11R-A38B-07,0.9500652463115171,1
TCGA-50-5930-01A-11R-1755-07,0.5330668998140812,1
TCGA-73-4676-01A-01R-1755-07,0.9035577137312188,0
TCGA-2A-AAYF-01A-11R-A41O-07,0.9444848594033887,1
TCGA-G9-6366-01A-11R-2118-07,0.4704417626547658,1
TCGA-56-7582-01A-11R-2045-07,0.8212066710901921,1
TCGA-CJ-4916-01A-01R-1426-07,0.38519220268282234,1
TCGA-B2-3924-01A-02R-1325-07,0.49902086643156424,1
TCGA-NJ-A55O-01A-11R-A262-07,0.5338625342233237,1
TCGA-G3-A25V-01A-11R-A16W-07,0.5933519753651564,0
TCGA-A6-A567-01A-31R-A28H-07,0.46950680232719366,1
TCGA-55-7907-01A-11R-2170-07,0.5283283262859902,1
TCGA-E2-A1LA-01A-11R-A144-07,0.48763258031104084,1
TCGA-97-A4M5-01A-11R-A24X-07,0.5251681666801434,1
TCGA-CA-6716-01A-11R-1839-07,0.4631293023968131,1
TCGA-66-2756-01A-01R-0851-07,0.8574527685023798,0
TCGA-69-7763-01A-11R-2170-07,0.5149062500259334,0
TCGA-FV-A3I1-01A-11R-A22L-07,0.5879564295690176,1
TCGA-A4-A48D-01A-11R-A24Z-07,0.4991052986682389,1
TCGA-30-1892-01A-01R-1568-13,0.33080992309511564,1
TCGA-S2-AA1A-01A-12R-A39D-07,0.544609393332173,1
TCGA-AN-A0XT-01A-11R-A109-07,0.5994121197251688,1
TCGA-60-2726-01A-01R-0851-07,0.8267510174853471,1
TCGA-63-A5MV-01A-21R-A26W-07,0.4340475980779075,1
TCGA-HC-A6AL-01A-11R-A30B-07,0.5455025722587609,1
TCGA-24-1560-01A-01R-1566-13,0.7673375439950884,0
TCGA-A2-A0EU-01A-22R-A056-07,0.872915469338513,1
TCGA-KK-A7AP-01A-12R-A33R-07,0.9056616620371284,1
TCGA-44-6146-01A-11R-A278-07,0.5205529635503579,1
TCGA-62-A472-01A-11R-A24H-07,0.8943722643600902,1
TCGA-56-8622-01A-11R-2403-07,0.8255009581627885,1
TCGA-B0-4819-01A-01R-1277-07,0.8210583281515569,1
TCGA-BP-5176-01A-01R-1426-07,0.49306432851210924,1
TCGA-63-A5MP-01A-11R-A26W-07,0.42423439594497697,0
TCGA-XK-AAK1-01A-11R-A41O-07,0.549335885533786,1
TCGA-78-7158-01A-11R-2039-07,0.524523336151775,1
TCGA-AA-3678-01A-01R-0905-07,0.7776070426575535,1
TCGA-HI-7171-01A-12R-2118-07,0.5758625910145282,1
TCGA-LN-A4A2-01A-31R-A260-31,0.688410508208698,1
TCGA-D8-A1JE-01A-11R-A13Q-07,0.472065053428222,1
TCGA-B8-5552-01B-11R-1672-07,0.48092619376681334,1
TCGA-A8-A09V-01A-11R-A034-07,0.9326639224011484,0
TCGA-HZ-A49H-01A-11R-A26U-07,0.5625912317132599,1
TCGA-IG-A97I-01A-11R-A38D-31,0.7081239834829297,1
TCGA-D8-A1JT-01A-31R-A13Q-07,0.9213390996036404,1
TCGA-BP-4782-01A-02R-1420-07,0.4740741273099346,1
TCGA-A2-A0CQ-01A-21R-A034-07,0.5946868111896652,1
TCGA-G3-A25U-01A-11R-A16W-07,0.6118846118632993,1
TCGA-BQ-7055-01A-11R-1965-07,0.9376346031448419,1
TCGA-37-A5EM-01A-21R-A27Q-07,0.8291360289130837,1
TCGA-NC-A5HG-01A-11R-A26W-07,0.41024670174875144,1
TCGA-13-1495-01A-01R-1565-13,0.6882462687665529,1
TCGA-AK-3431-01A-02R-1277-07,0.41124096168296764,1
TCGA-85-8049-01A-11R-2247-07,0.8254757827275229,1
TCGA-UZ-A9PP-01A-11R-A42S-07,0.886422610193968,1
TCGA-DD-AAE9-01A-11R-A41C-07,0.556634637949016,1
TCGA-D5-5537-01A-21R-1928-07,0.5877815776706246,0
TCGA-VP-A879-01A-11R-A352-07,0.4749074993474517,0
TCGA-C8-A1HM-01A-12R-A137-07,0.46208867589258534,0
TCGA-A3-3316-01A-01R-0864-07,0.5254826036366465,1
TCGA-DW-7840-01A-11R-A32Z-07,0.493594271332564,1
TCGA-D5-6927-01A-21R-1928-07,0.4918258810379065,1
TCGA-A6-2671-01A-01R-1410-07,0.7654531690481857,1
TCGA-61-1918-01A-01R-1568-13,0.8543026206297558,0
TCGA-FV-A3R3-01A-11R-A22L-07,0.5886775716112549,1
TCGA-F9-A7VF-01A-11R-A33Z-07,0.8802567908897594,1
TCGA-L7-A6VZ-01A-12R-A336-31,0.7389517102658453,0
TCGA-AA-3526-01A-02R-A32Z-07,0.4557662971216033,1
TCGA-56-8626-01A-11R-2403-07,0.8360651278455054,1
TCGA-DD-A3A1-01A-11R-A213-07,0.5563069039698869,1
TCGA-YL-A8SR-01B-11R-A37L-07,0.4790483038670501,1
TCGA-B0-4848-01A-01R-1277-07,0.4056019186591829,1
TCGA-55-6969-01A-11R-1949-07,0.8953731121763548,1
TCGA-2A-A8VL-01A-21R-A37L-07,0.8575728830889224,1
TCGA-24-1422-01A-01R-1565-13,0.88498867805517,1
TCGA-A3-3370-01A-02R-1420-07,0.45818889411838165,1
TCGA-EW-A2FW-01A-11R-A17B-07,0.5649722692368249,1
TCGA-BH-A0BL-01A-11R-A115-07,0.4969174495630975,1
TCGA-AA-A010-01A-01R-A089-07,0.8006048648175075,1
TCGA-AA-3664-01A-01R-0905-07,0.8185294227560314,0
TCGA-GN-A26C-01A-11R-A18T-07,0.9347120968237677,1
TCGA-85-8354-01A-31R-2326-07,0.43630788032633966,1
TCGA-A3-3373-01A-02R-1420-07,0.38131749685401867,1
TCGA-30-1891-01A-01R-1568-13,0.7061568822935115,1
TCGA-HC-7078-01A-11R-2118-07,0.5183461862932021,1
TCGA-FC-A66V-01A-21R-A30B-07,0.49840469755642297,1
TCGA-A3-3324-01A-02R-1325-07,0.39282081883196834,1
TCGA-S3-AA10-01A-21R-A41B-07,0.4866725523672401,1
TCGA-53-7813-01A-11R-2170-07,0.5141922100876231,1
TCGA-EW-A1P3-01A-11R-A144-07,0.5723643862820074,1
TCGA-BF-A3DN-01A-11R-A20F-07,0.8783089522154488,1
TCGA-22-4596-01A-01R-1201-07,0.42712104909714876,1
TCGA-G4-6297-01A-11R-1723-07,0.8781059274276511,1
TCGA-05-4422-01A-01R-1206-07,0.5458815803728659,1
TCGA-67-3773-01A-01R-0946-07,0.5378688857637282,1
TCGA-75-7025-01A-12R-1949-07,0.5266250768230829,0
TCGA-BH-A18I-01A-11R-A12D-07,0.4712437275699564,0
TCGA-E9-A54Y-01A-11R-A466-07,0.8838055703236535,1
TCGA-BP-4758-01A-01R-1289-07,0.8720872425573882,1
TCGA-LN-A9FO-01A-11R-A38D-31,0.8443923693298104,1
TCGA-10-0936-01A-01R-1564-13,0.6169341383803185,0
TCGA-DD-AACP-01A-11R-A41C-07,0.9329523768210863,1
TCGA-NH-A5IV-01A-42R-A37K-07,0.9190218944937167,1
TCGA-44-6777-01A-11R-1858-07,0.7259683129171889,1
TCGA-71-8520-01A-11R-2403-07,0.5209055886466195,1
TCGA-A8-A07I-01A-11R-A00Z-07,0.8741324966881997,1
TCGA-CC-A3M9-01A-11R-A213-07,0.8918674497747819,1
TCGA-AN-A0AK-01A-21R-A00Z-07,0.9101967354429964,1
TCGA-BP-5174-01A-01R-1426-07,0.868370059584089,1
TCGA-71-6725-01A-11R-1858-07,0.6489187592823512,1
TCGA-25-1623-01A-01R-1566-13,0.6243536438330932,1
TCGA-KK-A6E1-01A-11R-A311-07,0.8841281587082108,1
TCGA-AR-A0TQ-01A-11R-A084-07,0.878597314242606,1
TCGA-50-5946-01A-11R-1755-07,0.9346766486612621,1
TCGA-A4-8312-01A-11R-2404-07,0.5500853750967531,1
TCGA-FC-7961-01A-11R-A29R-07,0.5381432525683191,1
TCGA-AA-A01G-01A-01R-A002-07,0.7824245734308584,1
TCGA-C8-A12Q-01A-11R-A115-07,0.898715036703297,1
TCGA-HV-A5A5-01A-11R-A26U-07,0.5591350655057622,1
TCGA-BP-4987-01A-01R-1334-07,0.8507842746130838,0
TCGA-24-1564-01A-01R-1566-13,0.30887491132890155,1
TCGA-EJ-7788-01A-11R-2118-07,0.502923685368538,0
TCGA-O9-A75Z-01A-11R-A33Z-07,0.8814003291553315,1
TCGA-36-1574-01A-01R-1566-13,0.5583874635301956,1
TCGA-21-1070-01A-01R-0692-07,0.41842666435775105,1
TCGA-BP-4976-01A-01R-1334-07,0.8933009794845687,1
TCGA-A7-A0CJ-01A-21R-A00Z-07,0.6771180779190072,1
TCGA-13-1501-01A-01R-1565-13,0.6498033672319217,1
TCGA-CZ-5469-01A-01R-1503-07,0.5444914113104596,1
TCGA-29-1776-01A-01R-1567-13,0.7353770096117823,1
TCGA-75-6214-01A-41R-1949-07,0.5405413504385425,1
TCGA-55-8619-01A-11R-2403-07,0.904871701963864,1
TCGA-A4-A6HP-01A-11R-A31O-07,0.890212738793489,0
TCGA-LG-A6GG-01A-11R-A311-07,0.5850345150475684,1
TCGA-CC-A9FW-01A-11R-A37K-07,0.9052505745712486,1
TCGA-EJ-7781-01A-11R-2118-07,0.8898352242002014,1
TCGA-05-5420-01A-01R-1628-07,0.512269695518981,1
TCGA-EW-A3U0-01A-11R-A22K-07,0.6284339812548434,1
TCGA-61-2002-01A-01R-1568-13,0.7380725738422723,1
TCGA-B0-4841-01A-01R-1277-07,0.3894623673679549,1
TCGA-CJ-4885-01A-01R-1305-07,0.80607159836446,1
TCGA-AQ-A7U7-01A-22R-A352-07,0.9294504577243966,1
TCGA-VN-A88P-01A-11R-A352-07,0.8549912955310542,1
TCGA-XX-A899-01A-11R-A36F-07,0.5025696956022265,1
TCGA-E2-A14X-01A-11R-A115-07,0.9260244012816952,1
TCGA-E2-A14U-01A-11R-A22K-07,0.5445536430589983,0
TCGA-CJ-6031-01A-11R-1672-07,0.523238699497193,1
TCGA-38-4627-01A-01R-1206-07,0.5302846268310583,1
TCGA-V1-A9OT-01A-11R-A41O-07,0.5276628949406833,1
TCGA-VR-A8ET-01A-11R-A406-31,0.24784949124457092,1
TCGA-A2-A1G6-01A-11R-A13Q-07,0.5983266022354679,1
TCGA-B0-5110-01A-01R-1420-07,0.4469762976721472,1
TCGA-A4-7585-01A-11R-2139-07,0.48877323780611265,1
TCGA-F2-7276-01A-11R-2156-07,0.5552235562041103,1
TCGA-BP-5168-01A-01R-1420-07,0.5187125630553554,0
TCGA-D5-6540-01A-11R-1723-07,0.4729950332285725,1
TCGA-A6-6652-01A-11R-1774-07,0.4546393255348989,1
TCGA-96-8170-01A-11R-2296-07,0.4219943608366215,0
TCGA-36-1577-01A-01R-1566-13,0.5601181565522781,1
TCGA-44-8120-01A-11R-2241-07,0.5089087536675345,1
TCGA-D5-6532-01A-11R-1723-07,0.8338128946696451,1
TCGA-AR-A2LK-01A-11R-A180-07,0.858134360366012,1
TCGA-B6-A0X7-01A-11R-A10J-07,0.9241990933283373,1
TCGA-DD-AADQ-01A-11R-A41C-07,0.46649370947305935,1
TCGA-24-1416-01A-01R-1565-13,0.6509757555695999,1
TCGA-53-7626-01A-12R-2066-07,0.5057305465344658,1
TCGA-G9-6370-01A-11R-1789-07,0.4999990111963329,1
TCGA-A2-A0CX-01A-21R-A00Z-07,0.5152139874186571,1
TCGA-G9-6498-01A-12R-A311-07,0.4568707477443066,1
TCGA-EB-A24D-01A-11R-A18T-07,0.608002088867368,1
TCGA-P4-A5EB-01A-11R-A28H-07,0.4732617334053198,1
TCGA-55-6970-01A-11R-1949-07,0.5377072411970111,1
TCGA-AD-6963-01A-11R-1928-07,0.8737383251747074,1
TCGA-97-A4M3-01A-11R-A24X-07,0.5291543778566807,1
TCGA-23-2084-01A-02R-1568-13,0.7337496853869777,1
TCGA-E9-A228-01A-31R-A157-07,0.5975919490233254,1
TCGA-BF-A5EQ-01A-21R-A27Q-07,0.5039830843279479,1
TCGA-43-6773-01A-41R-1949-07,0.8515699541888101,1
TCGA-S3-AA17-01A-11R-A41B-07,0.48123158633410446,1
TCGA-D8-A143-01A-11R-A115-07,0.8996340392709482,1
TCGA-2Y-A9H7-01A-11R-A39D-07,0.5990124313421099,1
TCGA-91-6849-01A-11R-1949-07,0.5001061016860014,1
TCGA-B0-4818-01A-01R-1503-07,0.8793531388191275,1
TCGA-DM-A280-01A-12R-A16W-07,0.4610093876630623,1
TCGA-EW-A1PH-01A-11R-A14M-07,0.8838282128836105,1
TCGA-VN-A88R-01A-11R-A36G-07,0.8758052675506911,1
TCGA-91-6829-01A-21R-1858-07,0.5351109855032378,1
TCGA-30-1857-01A-02R-1569-13,0.7270833617084216,1
TCGA-V1-A8WS-01A-11R-A37L-07,0.5173102427560868,0
TCGA-D8-A27H-01A-11R-A16F-07,0.48316759350412164,1
TCGA-56-8304-01A-11R-2326-07,0.4261138372617282,1
TCGA-43-5670-01A-21R-2125-07,0.43238033338401255,1
TCGA-OL-A66P-01A-11R-A31O-07,0.9234813070449202,1
TCGA-78-7150-01A-21R-2039-07,0.9066418408909028,1
TCGA-C8-A12L-01A-11R-A115-07,0.9007020962356218,0
TCGA-IB-AAUT-01A-11R-A37L-07,0.9206964746348357,1
TCGA-B6-A0IN-01A-11R-A034-07,0.6164001044272929,1
TCGA-O8-A75V-01A-11R-A32O-07,0.5831466464410968,1
TCGA-DD-AAE6-01A-11R-A41C-07,0.6052300715432647,1
TCGA-L5-A8NR-01A-11R-A37I-31,0.8690175820437107,1
TCGA-KK-A8IG-01A-11R-A36G-07,0.8520544013379892,1
TCGA-L9-A8F4-01A-11R-A39D-07,0.9556450083463308,1
TCGA-13-0887-01A-01R-1564-13,0.7928808676139274,1
TCGA-BH-A1FR-01A-11R-A13Q-07,0.917997664608438,1
TCGA-BP-4981-01A-01R-1334-07,0.8633655755825046,1
TCGA-DV-5574-01A-01R-1541-07,0.4203429823634755,1
TCGA-AA-3696-01A-01R-0905-07,0.46769156393565225,0
TCGA-DD-A115-01A-11R-A131-07,0.9480867336385235,1
TCGA-98-A53B-01A-11R-A262-07,0.4396567660868422,1
TCGA-FB-A5VM-01A-11R-A32O-07,0.9450526876251522,1
TCGA-AK-3425-01A-02R-1277-07,0.627178703166246,1
TCGA-CW-5581-01A-02R-1541-07,0.8039660914826404,1
TCGA-5P-A9K4-01A-11R-A42S-07,0.49895303360391074,1
TCGA-HE-A5NK-01A-11R-A26U-07,0.41950337607707916,1
TCGA-B9-A8YI-01A-21R-A37K-07,0.8863758730662754,1
TCGA-HZ-8001-01A-11R-2204-07,0.5559769114101855,1
TCGA-AC-A2FF-01A-11R-A17B-07,0.5972197570331734,1
TCGA-EJ-5512-01A-01R-1580-07,0.4971305086324998,1
TCGA-68-8251-01A-11R-2296-07,0.4497804596051327,1
TCGA-C8-A27B-01A-11R-A169-07,0.45693770620701785,1
TCGA-GF-A769-01A-32R-A32P-07,0.48645081527559836,1
TCGA-ZP-A9CZ-01A-11R-A38B-07,0.9272858214908465,0
TCGA-24-1845-01A-01R-1567-13,0.6320269886002641,1
TCGA-29-A5NZ-01A-11R-A406-31,0.6496692015940183,1
TCGA-5P-A9KC-01A-11R-A42S-07,0.8979594327437573,1
TCGA-ZG-A9LY-01A-11R-A41O-07,0.5324140740485075,1
TCGA-13-0890-01A-01R-1564-13,0.8111373915624736,0
TCGA-EW-A1J3-01A-11R-A13Q-07,0.47703406224046924,1
TCGA-ED-A4XI-01A-11R-A266-07,0.5993147134503383,0
TCGA-23-1027-01A-02R-1564-13,0.5327997261146185,1
TCGA-A2-A0CV-01A-31R-A115-07,0.6022751360469699,1
TCGA-B0-5703-01A-11R-1541-07,0.48007786832811683,0
TCGA-BH-A18P-01A-11R-A12D-07,0.8699026126968572,0
TCGA-60-2703-01A-11R-2045-07,0.8550868818793748,0
TCGA-DD-AAD6-01A-11R-A41C-07,0.5923999095075876,1
TCGA-5P-A9KA-01A-11R-A42S-07,0.4893737058155853,1
TCGA-IB-7652-01A-11R-2156-07,0.5576335951680736,1
TCGA-97-A4M0-01A-11R-A24X-07,0.6549995577602119,1
TCGA-LN-A4A9-01A-11R-A28J-31,0.7081527356004259,1
TCGA-58-A46M-01A-11R-A24H-07,0.8312529923147631,1
TCGA-DD-AADM-01A-11R-A41C-07,0.5621935833311604,1
TCGA-K7-A6G5-01A-11R-A311-07,0.5731368542390888,0
TCGA-55-8204-01A-11R-2241-07,0.9131272522132624,1
TCGA-B4-5834-01A-11R-1672-07,0.5089245317242085,1
TCGA-69-7764-01A-11R-2170-07,0.5219926563157422,1
TCGA-A3-3380-01A-01R-0864-07,0.4564977796279014,0
TCGA-MF-A522-01A-11R-A262-07,0.8114186679275333,1
TCGA-FB-AAPY-01A-11R-A41B-07,0.575875253765705,1
TCGA-HC-8260-01A-11R-2263-07,0.49418976641818124,1
TCGA-35-3615-01A-01R-0946-07,0.9025493197392501,0
TCGA-BF-AAOX-01A-11R-A39D-07,0.49058545970840206,1
TCGA-49-4510-01A-01R-1206-07,0.9796931498037591,0
TCGA-55-7726-01A-11R-2170-07,0.5390526229132748,1
TCGA-D5-6536-01A-11R-1723-07,0.8478983051323712,1
TCGA-43-A56U-01A-11R-A26W-07,0.8669396062394714,1
TCGA-EP-A3JL-01A-11R-A213-07,0.6018976257912269,1
TCGA-HC-8258-01A-11R-2263-07,0.8485705848253394,1
TCGA-Z6-A9VB-01A-21R-A37I-31,0.6047947557817345,0
TCGA-V1-A9O5-01A-11R-A41O-07,0.5188356043928358,0
TCGA-77-8146-01A-11R-2247-07,0.4313526856086306,1
TCGA-EU-5906-01A-11R-1672-07,0.4626319145017699,1
TCGA-34-2608-01A-02R-0851-07,0.8640118104395941,0
TCGA-LD-A7W6-01A-81R-A352-07,0.5749089249258665,1
TCGA-B8-4143-01A-01R-1188-07,0.9213133996452477,1
TCGA-BQ-5883-01A-11R-1592-07,0.42286150135058875,1
TCGA-V5-AASV-01A-11R-A38D-31,0.6523285186272925,0
TCGA-A7-A0D9-01A-31R-A056-07,0.9265965207032599,1
TCGA-A6-2676-01A-01R-0826-07,0.765352422719874,1
TCGA-DM-A1D7-01A-11R-A155-07,0.45788743812936733,1
TCGA-B6-A3ZX-01A-11R-A239-07,0.9278299538581778,1
TCGA-05-4402-01A-01R-1206-07,0.7367917616455967,1
TCGA-AA-3555-01A-01R-0821-07,0.82585866770266,1
TCGA-G3-A7M7-01A-12R-A352-07,0.9126104539851566,1
TCGA-A3-3351-01A-02R-1325-07,0.807469058816646,0
TCGA-EB-A4IQ-01A-12R-A266-07,0.8736420420813517,1
TCGA-CJ-4907-01A-01R-1426-07,0.37773625443201486,0
TCGA-B8-5163-01A-01R-1420-07,0.48654384934175127,1
TCGA-AQ-A1H3-01A-31R-A13Q-07,0.4608500504778408,1
TCGA-52-7811-01A-11R-2125-07,0.42747316334377883,1
TCGA-AR-A250-01A-31R-A169-07,0.49115979107898705,1
TCGA-J9-A8CK-01A-11R-A352-07,0.8729552264744205,1
TCGA-A2-A04U-01A-11R-A115-07,0.485304793446668,1
TCGA-77-6843-01A-11R-1949-07,0.5496170916873317,1
TCGA-EW-A6SD-01A-12R-A33J-07,0.8917065248637671,0
TCGA-BH-A0B5-01A-11R-A12P-07,0.5991121743468,0
TCGA-29-2425-01A-01R-1569-13,0.5481216608412571,1
TCGA-AA-3972-01A-01R-1022-07,0.8009547772840993,1
TCGA-B6-A0IK-01A-12R-A056-07,0.8961386239908471,1
TCGA-V1-A8MJ-01A-11R-A36G-07,0.8778915851081625,1
TCGA-B0-5707-01A-11R-1541-07,0.869160381263552,0
TCGA-13-1409-01A-01R-1565-13,0.6483665630801696,0
TCGA-HC-7817-01B-11R-A29R-07,0.834231180575436,1
TCGA-LN-A4MR-01A-11R-A28J-31,0.7267204924096913,1
TCGA-CM-4747-01A-01R-1410-07,0.7446821197396307,1
TCGA-BP-5192-01A-01R-1426-07,0.42887878605104224,0
TCGA-CC-A7IF-01A-11R-A33J-07,0.9068288014337247,1
TCGA-75-6212-01A-11R-1755-07,0.6353081122937249,1
TCGA-61-2095-01A-01R-1568-13,0.84931107567984,1
TCGA-BP-4992-01A-01R-1334-07,0.5076937006572985,1
TCGA-KK-A6E7-01A-11R-A31N-07,0.5279956844211805,0
TCGA-24-1469-01A-01R-1566-13,0.5427361490665147,1
TCGA-DD-A73B-01A-12R-A32O-07,0.5968607685673919,1
TCGA-LN-A9FQ-01A-31R-A38D-31,0.6682235271582113,1
TCGA-J2-A4AG-01A-11R-A24H-07,0.5346361095207668,1
TCGA-G6-A8L8-01A-21R-A37O-07,0.7895228342152908,1
TCGA-A2-A0CS-01A-11R-A115-07,0.48878930498271006,1
TCGA-DD-AACA-01A-11R-A41C-07,0.584379355364377,1
TCGA-A2-A0CZ-01A-11R-A034-07,0.49336603129150736,1
TCGA-23-1110-01A-01R-1564-13,0.621508360321798,0
TCGA-E2-A150-01A-11R-A12D-07,0.589672285597555,1
TCGA-A6-6142-01A-11R-1774-07,0.8876149893515102,1
TCGA-AO-A124-01A-11R-A10J-07,0.47993366099630386,1
TCGA-NC-A5HJ-01A-11R-A26W-07,0.5519280137370498,1
TCGA-85-8352-01A-31R-2326-07,0.8981043927013524,1
TCGA-B8-5545-01A-01R-1672-07,0.6092655326840647,1
TCGA-DD-A118-01A-11R-A131-07,0.5718639113787229,0
TCGA-NJ-A4YP-01A-11R-A262-07,0.8880828552546713,1
TCGA-94-7557-01A-11R-2125-07,0.4294049291227962,1
TCGA-78-7156-01A-11R-2039-07,0.5987103684528227,1
TCGA-BH-A0HP-01A-12R-A084-07,0.5884991380765143,1
TCGA-B1-A656-01A-11R-A31O-07,0.9525713389661923,1
TCGA-39-5037-01A-01R-1443-07,0.8130992973966864,1
TCGA-CJ-4892-01A-01R-1305-07,0.8917769220297574,1
TCGA-55-1592-01A-01R-0946-07,0.5313310850252865,1
TCGA-E2-A1L7-01A-11R-A144-07,0.5010784245133637,1
TCGA-49-4512-01A-21R-1858-07,0.9053501069141956,0
TCGA-A1-A0SH-01A-11R-A084-07,0.6022705488628756,1
TCGA-G9-6339-01A-12R-A311-07,0.50576192687388,1
TCGA-67-3771-01A-01R-0946-07,0.6456196115937661,1
TCGA-J7-6720-01A-11R-2139-07,0.8890669277808746,1
TCGA-C8-A12O-01A-11R-A115-07,0.8746754782266416,1
TCGA-CH-5741-01A-11R-1580-07,0.8688040260771952,1
TCGA-EJ-A8FU-01A-11R-A36G-07,0.5088365260119591,1
TCGA-B0-4849-01A-01R-1277-07,0.5103759478671338,1
TCGA-HC-A76W-01A-11R-A33R-07,0.8775973854291352,1
TCGA-CC-A8HT-01A-11R-A36F-07,0.5316698665462802,0
TCGA-G4-6320-01A-11R-1723-07,0.8685359459104732,1
TCGA-BP-4763-01A-01R-1289-07,0.5097853315631325,1
TCGA-A8-A097-01A-11R-A034-07,0.9825563198879997,1
TCGA-73-4662-01A-01R-1206-07,0.5133656461161008,1
TCGA-RC-A7SH-01A-11R-A38B-07,0.5928252511502533,1
TCGA-09-1661-01B-01R-1566-13,0.6826772847042786,1
TCGA-66-2766-01A-01R-0851-07,0.7789417484354891,1
TCGA-A2-A3XZ-01A-42R-A239-07,0.8914051506543069,0
TCGA-36-1581-01A-01R-1566-13,0.7643905894237866,1
TCGA-CH-5789-01A-11R-1580-07,0.5190206368390007,1
TCGA-BH-A1F0-01A-11R-A137-07,0.49510585936210166,1
TCGA-91-6847-01A-11R-1949-07,0.5339760926653738,0
TCGA-52-7809-01A-21R-2125-07,0.4312391785640459,1
TCGA-BD-A3ER-01A-11R-A213-07,0.6055904654775296,1
TCGA-13-1511-01A-01R-1565-13,0.6449150491425207,1
TCGA-21-1079-01A-01R-0692-07,0.8350972188160628,1
TCGA-BH-A18V-01A-11R-A12D-07,0.4735308347413344,1
TCGA-F4-6569-01A-11R-1774-07,0.8345746622213822,1
TCGA-66-2781-01A-01R-0851-07,0.43400184067647457,1
TCGA-G3-A5SK-01A-11R-A27V-07,0.5577198253853306,1
TCGA-AC-A62V-01A-11R-A31O-07,0.9193241194165415,1
TCGA-BP-5195-01A-02R-1426-07,0.8545129882842759,1
TCGA-A8-A0A1-01A-11R-A00Z-07,0.5541752914537903,1
TCGA-38-4629-01A-02R-1206-07,0.5256008137468415,1
TCGA-AC-A5EH-01A-11R-A28M-07,0.8826623763541707,1
TCGA-M7-A721-01A-12R-A32O-07,0.8678226684641687,1
TCGA-23-1028-01A-01R-1564-13,0.6585722521543541,1
TCGA-AZ-5407-01A-01R-1723-07,0.8441748735724159,1
TCGA-56-8625-01A-11R-2403-07,0.44079476587970706,1
TCGA-NC-A5HM-01A-12R-A26W-07,0.4418957316210339,1
TCGA-58-A46L-01A-11R-A24H-07,0.9794670880856116,0
TCGA-B6-A0IH-01A-11R-A115-07,0.9052777657809663,1
TCGA-77-A5FZ-01A-31R-A27Q-07,0.4314693392667156,1
TCGA-CK-4947-01B-11R-1653-07,0.45085163146637736,1
TCGA-AC-A2QI-01A-12R-A19W-07,0.8746718399260113,1
TCGA-G3-AAV4-01A-11R-A38B-07,0.5574145736293822,1
TCGA-93-7347-01A-11R-2187-07,0.5304238507550068,1
TCGA-LL-A73Z-01A-11R-A32P-07,0.8629754288438061,1
TCGA-AC-A2BK-01A-11R-A21T-07,0.5552245617455606,0
TCGA-25-1315-01A-01R-1565-13,0.6596706509305222,1
TCGA-A2-A0T2-01A-11R-A084-07,0.5273440446226864,1
TCGA-P4-A5E7-01A-31R-A28H-07,0.49219747042340534,0
TCGA-E2-A574-01A-11R-A29R-07,0.9119162692588687,0
TCGA-09-2051-01A-01R-1568-13,0.7060648900076358,1
TCGA-S3-A6ZH-01A-22R-A32P-07,0.9087347194413021,0
TCGA-AA-3548-01A-01R-1873-07,0.7468417695217017,1
TCGA-B9-A8YH-01A-11R-A37K-07,0.4834019394292609,0
TCGA-AA-3971-01A-01R-1022-07,0.7826562740514063,0
TCGA-BP-5169-01A-01R-1426-07,0.4902815539658424,1
TCGA-A2-A3XW-01A-11R-A239-07,0.8900684702839684,0
TCGA-AU-3779-01A-01R-1723-07,0.47477658708255305,1
TCGA-21-1071-01A-01R-0692-07,0.8479042976092066,1
TCGA-2L-AAQE-01A-11R-A39D-07,0.5561532195407037,1
TCGA-78-7143-01A-11R-2039-07,0.6727647372797617,1
TCGA-CM-5863-01A-21R-1839-07,0.8427245093887308,1
TCGA-85-8288-01A-11R-2296-07,0.8581119376718193,1
TCGA-CC-5259-01A-31R-A213-07,0.5002451576496078,1
TCGA-22-5480-01A-01R-1635-07,0.8253138879268463,1
TCGA-DW-7963-01B-11R-A28H-07,0.9443739823539616,0
TCGA-A1-A0SN-01A-11R-A144-07,0.48388208091416585,1
TCGA-V1-A8X3-01A-11R-A37L-07,0.8514191560656404,1
TCGA-E9-A22D-01A-11R-A157-07,0.9914006857737517,1
TCGA-B0-5075-01A-01R-1334-07,0.4991444607840318,1
TCGA-AK-3433-01A-02R-1277-07,0.47311424749577796,1
TCGA-BP-4331-01A-01R-1289-07,0.8146780066225864,0
TCGA-ES-A2HT-01A-12R-A180-07,0.5563688109980812,1
TCGA-29-1766-01A-01R-1567-13,0.5862633161702334,1
TCGA-HZ-7926-01A-11R-2156-07,0.5655785901613752,1
TCGA-4L-AA1F-01A-11R-A41O-07,0.5766747193265476,1
TCGA-Q2-A5QZ-01A-11R-A28H-07,0.48973220302154447,0
TCGA-49-4490-01A-21R-1858-07,0.9418728580017113,1
TCGA-2Y-A9H2-01A-12R-A38B-07,0.6688392100016349,1
TCGA-24-1923-01A-01R-1567-13,0.7283048490789333,1
TCGA-22-4595-01A-01R-1201-07,0.4242125544475558,1
TCGA-44-6147-01B-06R-A277-07,0.5534280659400945,1
TCGA-3A-A9I5-01A-11R-A38C-07,0.5778539601099627,0
TCGA-50-5933-01A-11R-1755-07,0.5160007589944889,1
TCGA-BP-4995-01A-01R-1334-07,0.8670168901220174,1
TCGA-A2-A1FV-01A-11R-A13Q-07,0.5954150118220104,0
TCGA-CZ-4866-01A-01R-1503-07,0.48732225444730687,0
TCGA-F4-6570-01A-11R-1774-07,0.4697780843414685,1
TCGA-BH-A0EI-01A-11R-A115-07,0.46471348012994246,1
TCGA-AA-3713-01A-21R-1723-07,0.4564357336069567,1
TCGA-NI-A4U2-01A-11R-A28V-07,0.5685693742646791,1
TCGA-DD-AADY-01A-11R-A41C-07,0.5674873823705675,1
TCGA-05-4405-01A-21R-1858-07,0.91204751686868,1
TCGA-EJ-8469-01A-11R-2403-07,0.5426089036605805,1
TCGA-CK-5914-01A-11R-1653-07,0.46374495941786337,1
TCGA-61-2104-01A-01R-1568-13,0.7240364481332882,1
TCGA-95-7562-01A-11R-2241-07,0.5597624948412073,1
TCGA-NK-A5CR-01A-11R-A26W-07,0.4042443548654001,1
TCGA-DD-AACU-01A-11R-A41C-07,0.5733966128647466,1
TCGA-DD-A119-01A-11R-A131-07,0.9124973953655459,1
TCGA-GM-A3NW-01A-21R-A22K-07,0.5580183283361424,1
TCGA-50-8459-01A-11R-2326-07,0.5213490162606912,1
TCGA-AO-A12C-01A-11R-A10J-07,0.9395179368549381,0
TCGA-CK-4950-01A-01R-1723-07,0.8784327388965957,0
TCGA-55-6987-01A-11R-1949-07,0.9000007381797276,1
TCGA-G3-A7M6-01A-11R-A33R-07,0.6330055234960877,1
TCGA-EW-A3E8-01B-11R-A24H-07,0.5990313579476909,1
TCGA-AO-A0JB-01A-11R-A32Y-07,0.5197162517802459,1
TCGA-EJ-A8FO-01A-21R-A36G-07,0.9220158717421998,1
TCGA-CM-6168-01A-11R-1653-07,0.8399602312966956,1
TCGA-J4-8198-01A-11R-2263-07,0.5101897638142378,1
TCGA-YL-A8SA-01A-21R-A37L-07,0.5400424974305491,1
TCGA-CJ-5679-01A-11R-1541-07,0.8461953448137304,1
TCGA-LL-A7SZ-01A-32R-A352-07,0.4830323465286812,1
TCGA-CM-6677-01A-11R-1839-07,0.46988960006808744,1
TCGA-BP-4973-01A-01R-1334-07,0.858767087246107,1
TCGA-2L-AAQJ-01A-12R-A39D-07,0.5839420009062436,1
TCGA-09-0367-01A-01R-1564-13,0.656386603023651,1
TCGA-BQ-7044-01A-11R-1965-07,0.5345013613643349,1
TCGA-B0-4813-01A-01R-1277-07,0.8543970834751184,1
TCGA-24-1104-01A-01R-1565-13,0.6923336196858649,1
TCGA-HC-A6HY-01A-11R-A31N-07,0.54719952883171,1
TCGA-L5-A8NK-01A-21R-A37I-31,0.7440084941223237,1
TCGA-31-1953-01A-01R-1568-13,0.792002157487695,1
TCGA-BH-A8FY-01A-11R-A36F-07,0.9220566073326323,1
TCGA-B0-5107-01A-01R-1420-07,0.8821023469828259,0
TCGA-09-1673-01A-01R-1566-13,0.568418843381164,1
TCGA-CH-5764-01A-21R-1580-07,0.5208552231103177,0
TCGA-2H-A9GN-01A-11R-A37I-31,0.7258811994466792,1
TCGA-23-1024-01A-02R-1564-13,0.6201931870737388,0
TCGA-B8-5549-01A-01R-1541-07,0.8926642384714959,1
TCGA-GL-8500-01A-11R-2404-07,0.47145895620928885,1
TCGA-KK-A8IM-01A-11R-A36G-07,0.4909408384988824,0
TCGA-BH-A0BQ-01A-21R-A115-07,0.8884403715009894,1
TCGA-G3-A6UC-01A-21R-A33J-07,0.5697902780279694,1
TCGA-20-1687-01A-01R-1566-13,0.6924186063574124,0
TCGA-AC-A2QH-01A-11R-A18M-07,0.45876460935775043,1
TCGA-DM-A28M-01A-12R-A16W-07,0.4547399203708054,1
TCGA-13-0899-01A-01R-1564-13,0.5342755428955096,1
TCGA-2Y-A9GW-01A-11R-A38B-07,0.6130035457293684,1
TCGA-2A-A8VT-01A-11R-A37L-07,0.9553997469663145,1
TCGA-D5-6922-01A-11R-1928-07,0.8704541122374481,1
TCGA-24-1847-01A-01R-1566-13,0.7990754058460351,1
TCGA-AC-A2FO-01A-11R-A180-07,0.6145043404504852,1
TCGA-UB-A7MC-01A-11R-A33R-07,0.5895511378022049,1
TCGA-MP-A4TK-01A-11R-A24X-07,0.5239623035109922,1
TCGA-04-1542-01A-01R-1566-13,0.6648543850915359,1
TCGA-EW-A1P8-01A-11R-A144-07,0.4819585018556689,1
TCGA-G7-7501-01A-11R-2204-07,0.4997881489575273,1
TCGA-A2-A0D0-01A-11R-A00Z-07,0.49034248850290235,0
TCGA-HC-7079-01A-11R-1965-07,0.4563694879311699,1
TCGA-KK-A8IA-01A-11R-A36G-07,0.9018796264832595,1
TCGA-D5-6529-01A-11R-1774-07,0.4570581388584104,1
TCGA-G4-6304-01A-11R-1928-07,0.445268330388503,1
TCGA-BH-A0HB-01A-11R-A056-07,0.8661229301925333,1
TCGA-CJ-4882-01A-02R-1426-07,0.913074983179428,1
TCGA-24-1435-01A-01R-1566-13,0.5922019996420891,1
TCGA-AA-3492-01A-01R-1410-07,0.7595800162163637,0
TCGA-IZ-8196-01A-11R-2404-07,0.8673190655513752,1
TCGA-UB-A7ME-01A-11R-A33J-07,0.9248498151726411,0
TCGA-6A-AB49-01A-12R-A405-07,0.45096135249891606,1
TCGA-63-7021-01A-11R-1949-07,0.43755386237171306,1
TCGA-A2-A0EN-01A-13R-A084-07,0.8991230421487245,0
TCGA-A8-A0A2-01A-11R-A034-07,0.5726030816461557,0
TCGA-DD-AACX-01A-11R-A41C-07,0.927889888249487,1
TCGA-E2-A14O-01A-31R-A115-07,0.4816783051464793,1
TCGA-AA-3695-01A-01R-0905-07,0.8209084882127576,1
TCGA-A2-A0EM-01A-11R-A034-07,0.9039167282036128,1
TCGA-AA-3549-01A-02R-0821-07,0.7802052383534418,1
TCGA-ED-A7XP-01A-11R-A352-07,0.5824133457047019,1
TCGA-97-7938-01A-11R-2170-07,0.5170439585373203,1
TCGA-23-1122-01A-01R-1565-13,0.5650943050140329,1
TCGA-AA-A01I-01A-02R-A089-07,0.8702867375853932,1
TCGA-ZS-A9CG-01A-11R-A37K-07,0.9586594025430286,1
TCGA-A7-A0DA-01A-31R-A115-07,0.5104062198127524,1
TCGA-29-1701-01A-01R-1567-13,0.7995398800922613,1
TCGA-LN-A4A6-01A-11R-A260-31,0.6417664986533833,0
TCGA-2H-A9GQ-01A-11R-A37I-31,0.8469467881382045,1
TCGA-B8-4620-01A-02R-1325-07,0.8846115540956975,1
TCGA-B0-4718-01A-01R-1277-07,0.40997456945684785,1
TCGA-AA-3861-01A-01R-1022-07,0.795721161218924,1
TCGA-D5-6932-01A-11R-1928-07,0.860660850424532,1
TCGA-55-8091-01A-11R-2241-07,0.8867478511997791,1
TCGA-64-1681-01A-11R-2066-07,0.666861110516988,1
TCGA-VR-AA7I-01A-11R-A406-31,0.7192192645256675,0
TCGA-AZ-4308-01A-01R-1410-07,0.7209013638014332,1
TCGA-13-1403-01A-01R-1565-13,0.6610420256686961,1
TCGA-AL-3471-01A-02R-1351-07,0.885091913366345,1
TCGA-23-2078-01A-01R-1568-13,0.6036618811481219,1
TCGA-25-2409-01A-01R-1569-13,0.6517771506330371,1
TCGA-BH-A0W7-01A-11R-A115-07,0.8781712982256082,1
TCGA-DM-A1D6-01A-21R-A155-07,0.8683323585027066,1
TCGA-13-1512-01A-01R-1565-13,0.6834096319721837,1
TCGA-23-1111-01A-01R-1567-13,0.6891889397588732,1
TCGA-43-6647-01A-11R-1820-07,0.853850301659333,1
TCGA-85-7698-01A-11R-2125-07,0.4359132571351315,1
TCGA-MW-A4EC-01A-11R-A266-07,0.463911808930278,1
TCGA-58-A46J-01A-11R-A24H-07,0.8649596878089728,1
TCGA-DD-AAVX-01A-11R-A41C-07,0.5330431249521363,1
TCGA-29-1777-01A-01R-1567-13,0.5586366812907794,1
TCGA-A2-A3XX-01A-21R-A239-07,0.49419210399073665,1
TCGA-55-7725-01A-11R-2170-07,0.6458901885213876,1
TCGA-BH-A0DP-01A-21R-A056-07,0.9116358328671466,1
TCGA-PD-A5DF-01A-11R-A27V-07,0.8963461254860048,1
TCGA-77-7465-01A-11R-2045-07,0.41578521498273,1
TCGA-A6-5659-01A-01R-A278-07,0.8716862106433025,1
TCGA-A8-A08G-01A-11R-A00Z-07,0.7016021927824568,1
TCGA-39-5029-01A-01R-1443-07,0.8587377213542412,0
TCGA-DD-AAVQ-01A-11R-A41C-07,0.6260162562886961,1
TCGA-BH-A0DK-01A-21R-A056-07,0.8615410284346552,1
TCGA-AC-A2QJ-01A-12R-A19W-07,0.8712202776427044,1
TCGA-BP-4799-01A-01R-1305-07,0.3711608846448409,1
TCGA-18-3415-01A-01R-0980-07,0.9237670048864901,1
TCGA-22-A5C4-01A-12R-A27Q-07,0.4314630700904397,1
TCGA-Y8-A896-01A-11R-A36F-07,0.8902376534371572,1
TCGA-AC-A2FG-01A-11R-A17B-07,0.9903628338672353,1
TCGA-CW-5584-01A-01R-1541-07,0.4511200449783692,1
TCGA-58-8387-01A-11R-2296-07,0.9150353155430294,1
TCGA-55-7724-01A-11R-2170-07,0.5138842043368885,1
TCGA-AO-A12B-01A-11R-A10J-07,0.9078362842285037,1
TCGA-KC-A7F3-01A-21R-A33R-07,0.8614592334889698,1
TCGA-49-4514-01A-21R-1858-07,0.5474657431210707,1
TCGA-A8-A09N-01A-11R-A00Z-07,0.46893099870415456,1
TCGA-C8-A12W-01A-11R-A115-07,0.859592549475454,1
TCGA-BP-4797-01A-01R-1305-07,0.87254171345058,0
TCGA-G3-A7M9-01A-23R-A352-07,0.911616617761913,1
TCGA-55-7815-01A-11R-2170-07,0.500466927240879,1
TCGA-EJ-A8FP-01A-21R-A36G-07,0.5136726841833114,1
TCGA-AN-A0FT-01A-11R-A034-07,0.5087623627163376,0
TCGA-A2-A25A-01A-12R-A16F-07,0.6038265383885216,1
TCGA-33-4547-01A-01R-1201-07,0.4243449408421625,0
TCGA-G9-7523-01A-11R-2263-07,0.49274862301397077,1
TCGA-KK-A8II-01A-11R-A36G-07,0.4943933015336022,1
TCGA-09-2048-01A-01R-1568-13,0.8695500160851345,1
TCGA-B0-4824-01A-01R-1277-07,0.5088253162554305,1
TCGA-BH-A0DH-01A-11R-A084-07,0.8731722243303122,0
TCGA-55-8615-01A-11R-2403-07,0.9291030544363266,1
TCGA-78-8648-01A-11R-2403-07,0.5344226809636454,0
TCGA-05-4426-01A-01R-1206-07,0.8949756690729903,1
TCGA-CW-6087-01A-11R-1672-07,0.4113529225436468,1
TCGA-BH-A2L8-01A-11R-A18M-07,0.9396667566431944,1
TCGA-64-1680-01A-02R-0946-07,0.6441865249675779,1
TCGA-ER-A19T-01A-11R-A18T-07,0.9211934367100987,1
TCGA-IB-7891-01A-11R-2204-07,0.553582707307716,1
TCGA-SX-A7SN-01A-11R-A355-07,0.5449652112203144,0
TCGA-EJ-7793-01A-31R-2263-07,0.49656916514858573,1
TCGA-23-1118-01A-01R-1564-13,0.875254282273505,1
TCGA-AQ-A54N-01A-11R-A266-07,0.9242175568985191,1
TCGA-DD-AAW1-01A-11R-A41C-07,0.5675372371841435,1
TCGA-L5-A43E-01A-11R-A24K-31,0.7112177725719249,1
TCGA-AA-A00O-01A-02R-A089-07,0.8400613182049141,0
TCGA-24-2261-01A-01R-1568-13,0.8840280158959842,1
TCGA-AA-3688-01A-01R-0905-07,0.7711635564291982,0
TCGA-UZ-A9PV-01A-11R-A42S-07,0.9045227803336169,1
TCGA-37-A5EN-01A-21R-A26W-07,0.5686454811493014,1
TCGA-09-2053-01C-01R-1568-13,0.8478151850291132,1
TCGA-EW-A1J5-01A-11R-A13Q-07,0.5941578902319566,1
TCGA-IB-AAUQ-01A-22R-A41I-07,0.5860751422744729,1
TCGA-A2-A0SX-01A-12R-A084-07,0.8798615993753541,1
TCGA-H8-A6C1-01A-11R-A32O-07,0.5681979921826772,0
TCGA-P4-AAVO-01A-11R-A42S-07,0.5106879865458821,1
TCGA-A7-A6VY-01A-12R-A33J-07,0.8964416575466648,1
TCGA-BP-5177-01A-01R-1426-07,0.37058460825118467,0
TCGA-37-4141-01A-02R-1100-07,0.8055378829754324,0
TCGA-85-8355-01A-11R-2296-07,0.4410359276767338,1
TCGA-60-2719-01A-01R-0851-07,0.4421249407604504,1
TCGA-AA-A01C-01A-01R-A00A-07,0.7584625081766084,1
TCGA-G9-6329-01A-13R-1965-07,0.5385094377493415,1
TCGA-BH-A0HK-01A-11R-A056-07,0.4791406912855667,1
TCGA-34-5239-01A-21R-1820-07,0.9813173539962312,0
TCGA-NC-A5HH-01A-11R-A26W-07,0.8389923444984213,1
TCGA-NC-A5HK-01A-11R-A26W-07,0.860139573787765,1
TCGA-69-7973-01A-11R-2187-07,0.9563460373715301,1
TCGA-77-8128-01A-11R-2247-07,0.4312202866994385,1
TCGA-B0-5700-01A-11R-1541-07,0.8984274118898082,1
TCGA-IB-8126-01A-11R-2404-07,0.5698069707480495,1
TCGA-QL-A97D-01A-12R-A41B-07,0.8548237868492579,0
TCGA-XR-A8TC-01A-11R-A36F-07,0.5830076910925096,1
TCGA-63-A5MU-01A-11R-A26W-07,0.4115954707875453,1
TCGA-B8-A54F-01A-11R-A266-07,0.5065750296133531,0
TCGA-78-7220-01A-11R-2039-07,0.8753856590906322,1
TCGA-97-8176-01A-11R-2403-07,0.8890196652503973,1
TCGA-G4-6293-01A-11R-1723-07,0.45307443085858085,1
TCGA-05-5715-01A-01R-1628-07,0.9084196813710504,1
TCGA-E2-A1IF-01A-11R-A144-07,0.8628182142676931,1
TCGA-AC-A3YI-01A-21R-A239-07,0.6202481182701404,1
TCGA-2J-AAB6-01A-11R-A41B-07,0.6050895437947305,1
TCGA-B1-A47N-01A-11R-A24Z-07,0.9481607284691088,1
TCGA-D8-A1JL-01A-11R-A13Q-07,0.4989613379111232,1
TCGA-SS-A7HO-01A-21R-A37K-07,0.4570095045860311,1
TCGA-58-8390-01A-11R-2326-07,0.8491312056422704,1
TCGA-85-8582-01A-21R-2403-07,0.8627318048398251,1
TCGA-J9-A8CL-01A-11R-A352-07,0.8969748436167391,1
TCGA-BQ-5888-01A-11R-1592-07,0.57753657118299,1
TCGA-GM-A2DF-01A-11R-A180-07,0.5186396426202844,1
TCGA-CJ-4891-01A-01R-1305-07,0.9185726280997294,1
TCGA-E2-A14R-01A-11R-A115-07,0.6140151543076363,1
TCGA-30-1853-01A-02R-1567-13,0.6596949143460034,1
TCGA-EV-5903-01A-11R-1592-07,0.48160959138987675,1
TCGA-G9-6353-01A-11R-1965-07,0.8913524080319298,0
TCGA-BC-A110-01A-11R-A131-07,0.5986605329849439,1
TCGA-04-1648-01A-01R-1567-13,0.5942834997762461,1
TCGA-55-6983-01A-11R-1949-07,0.5211955063119373,1
TCGA-WX-AA44-01A-11R-A39D-07,0.6156782438290017,1
TCGA-C8-A132-01A-31R-A115-07,0.48307164009662307,0
TCGA-A2-A0CU-01A-12R-A034-07,0.6020874470581479,1
TCGA-46-3769-01A-01R-0980-07,0.8585736031914843,0
TCGA-PE-A5DC-01A-12R-A27Q-07,0.6162755092403004,1
TCGA-2J-AAB9-01A-11R-A41B-07,0.5783980902468733,0
TCGA-21-1083-01A-01R-0692-07,0.9204786255723291,1
TCGA-E2-A15F-01A-11R-A115-07,0.5894072371640059,1
TCGA-BH-A1F5-01A-12R-A13Q-07,0.5692725557721894,1
TCGA-EW-A1P4-01A-21R-A144-07,0.4856057393694116,1
TCGA-29-1778-01A-01R-1567-13,0.8627722270732104,1
TCGA-30-1718-01A-01R-1567-13,0.6842589307620573,1
TCGA-86-8074-01A-11R-2241-07,0.9880219676915647,1
TCGA-A6-6782-01A-11R-1839-07,0.4771199643517592,1
TCGA-IA-A83V-01A-11R-A355-07,0.5599092283188859,0
TCGA-KK-A6E5-01A-11R-A311-07,0.512092489317705,1
TCGA-L9-A5IP-01A-21R-A39D-07,0.5527449819172302,0
TCGA-58-8391-01A-11R-2326-07,0.8124666675581782,1
TCGA-KK-A8IK-01A-11R-A36G-07,0.515712721093177,1
TCGA-F4-6807-01A-11R-1839-07,0.4642263365375454,1
TCGA-EJ-5516-01A-01R-1580-07,0.526594346933617,1
TCGA-85-8350-01A-11R-2296-07,0.43010358646161023,1
TCGA-KK-A7AZ-01A-12R-A32O-07,0.929134468077011,1
TCGA-DW-7842-01A-11R-A32Z-07,0.8941199021325508,1
TCGA-OL-A6VQ-01A-12R-A41B-07,0.5980175156857861,1
TCGA-31-1946-01A-01R-1568-13,0.556134570328701,0
TCGA-AZ-6606-01A-11R-1839-07,0.43174575289796463,1
TCGA-DD-AAD1-01A-11R-A41C-07,0.6364194230446982,1
TCGA-A2-A0CO-01A-13R-A22K-07,0.5977491181225416,1
TCGA-CM-4750-01A-01R-1410-07,0.7406268549420458,1
TCGA-AC-A4ZE-01A-11R-A41B-07,0.9267692235593619,1
TCGA-BP-4327-01A-01R-1289-07,0.39381354028444926,1
TCGA-UZ-A9PX-01A-11R-A42S-07,0.8708715532219736,1
TCGA-BH-A0B9-01A-11R-A056-07,0.989945489020231,1
TCGA-FB-AAQ0-01A-31R-A41B-07,0.5838176754502488,1
TCGA-A8-A09K-01A-11R-A00Z-07,0.5278619496302405,1
TCGA-55-1595-01A-01R-0946-07,0.9351077578605155,1
TCGA-J4-A83K-01A-11R-A352-07,0.9080358953367901,1
TCGA-A2-A1G4-01A-11R-A13Q-07,0.576675974033088,1
TCGA-A2-A04T-01A-21R-A034-07,0.4931378598573738,1
TCGA-V1-A8MK-01A-11R-A36G-07,0.854728355177704,1
TCGA-AN-A03X-01A-21R-A00Z-07,0.8977438409322546,1
TCGA-97-7547-01A-11R-2039-07,0.8870092015205578,1
TCGA-AD-6889-01A-11R-1928-07,0.831680497153909,1
TCGA-KK-A7AW-01A-11R-A32O-07,0.41498944919799186,1
TCGA-AO-A03N-01B-11R-A10J-07,0.5072153540588529,1
TCGA-EJ-5530-01A-01R-1580-07,0.894847976008339,0
TCGA-P4-AAVM-01A-11R-A42S-07,0.5075908265114817,1
TCGA-66-2778-01A-02R-0851-07,0.7961791798417864,1
TCGA-HC-A6AP-01A-11R-A30B-07,0.5654699379796818,0
TCGA-Z6-AAPN-01A-11R-A406-31,0.7143809466193207,0
TCGA-CJ-4886-01A-01R-1305-07,0.9015694614657759,0
TCGA-BP-4769-01A-01R-1289-07,0.9009525418930229,1
TCGA-D8-A1XM-01A-21R-A14M-07,0.6130860679849163,1
TCGA-A7-A4SA-01A-11R-A266-07,0.6212976660709634,1
TCGA-LN-A7HZ-01A-31R-A354-31,0.6188110786038243,1
TCGA-AR-A1AO-01A-11R-A12P-07,0.4889619263772576,1
TCGA-Y6-A9XI-01A-11R-A41O-07,0.5384781433400601,1
TCGA-31-1951-01A-01R-1568-13,0.8128945846486548,1
TCGA-25-1318-01A-01R-1565-13,0.7192402162119419,1
TCGA-B0-5099-01A-01R-1420-07,0.36151126878248746,1
TCGA-CH-5794-01A-11R-1580-07,0.5461813129063331,1
TCGA-BQ-5894-01A-11R-1592-07,0.8943035780031184,1
TCGA-CZ-4863-01A-01R-1503-07,0.8689030974965369,1
TCGA-DD-AADJ-01A-11R-A41C-07,0.5587803771317488,1
TCGA-B0-4845-01A-01R-1277-07,0.8730791256759233,1
TCGA-BC-A216-01A-11R-A155-07,0.9433324431776638,1
TCGA-CJ-4871-01A-01R-1305-07,0.8058952929800784,1
TCGA-B0-5710-01A-11R-1672-07,0.5013048749381558,1
TCGA-CH-5750-01A-11R-1580-07,0.5190002027986933,0
TCGA-DV-5566-01A-01R-1541-07,0.8585538675095657,1
TCGA-BC-A10X-01A-11R-A131-07,0.5693069503485988,0
TCGA-60-2721-01A-01R-0851-07,0.4343612875045908,1
TCGA-F2-7273-01A-11R-2156-07,0.5638521813822621,1
TCGA-05-4389-01A-01R-1206-07,0.5222660795101379,1
TCGA-A8-A083-01A-21R-A00Z-07,0.9110970033147813,1
TCGA-EJ-7317-01A-31R-2118-07,0.8704372192871516,1
TCGA-24-2023-01A-01R-1567-13,0.8761440567964143,1
TCGA-B6-A0RM-01A-11R-A084-07,0.9114543708622301,1
TCGA-56-A5DS-01A-11R-A27Q-07,0.8245683942290759,1
TCGA-CJ-5672-01A-11R-1541-07,0.9294278376430695,1
TCGA-73-7498-01A-12R-2187-07,0.9294020260547039,1
TCGA-GM-A2DH-01A-11R-A180-07,0.4824692592238323,0
TCGA-A8-A082-01A-11R-A00Z-07,0.8611649994191344,1
TCGA-DD-A4NI-01A-11R-A27V-07,0.5689754142918131,1
TCGA-G4-6626-01A-11R-1774-07,0.8346408473943746,1
TCGA-CH-5738-01A-11R-1580-07,0.8770870875715953,1
TCGA-79-5596-01A-31R-1949-07,0.8591317240147751,1
TCGA-A6-5656-01A-21R-A278-07,0.45136147760080414,0
TCGA-BP-4766-01A-01R-1289-07,0.8810610330007635,1
TCGA-XQ-A8TB-01A-11R-A36G-07,0.8532974193476722,1
TCGA-BP-4337-01A-01R-1289-07,0.5261374168411556,1
TCGA-G9-A9S4-01A-11R-A41O-07,0.8934182515798431,1
TCGA-CH-5762-01A-11R-1580-07,0.5189153356954984,1
TCGA-B0-5106-01A-01R-1420-07,0.8594093370628176,1
TCGA-V1-A9OX-01A-11R-A41O-07,0.8930769638745837,0
TCGA-DD-AADU-01A-11R-A41C-07,0.5527234107890697,1
TCGA-A3-3385-01A-02R-1420-07,0.481527958489394,1
TCGA-90-7964-01A-21R-2187-07,0.4650075971195459,1
TCGA-55-7913-01B-11R-2241-07,0.8988946635075288,0
TCGA-AN-A0AJ-01A-11R-A00Z-07,0.8815756400539656,0
TCGA-09-1670-01A-01R-1566-13,0.7381272376362931,1
TCGA-A4-7734-01A-11R-A32Z-07,0.5136878901525427,1
TCGA-55-7914-01A-11R-2170-07,0.5195489317424818,1
TCGA-77-7140-01A-41R-2045-07,0.8240216652264664,1
TCGA-VN-A943-01A-11R-A41O-07,0.9006938533142206,0
TCGA-B0-5108-01A-01R-1420-07,0.48980697453470795,1
TCGA-J9-A8CN-01A-11R-A352-07,0.8586659797994081,1
TCGA-13-1485-01A-02R-1565-13,0.6589628578621386,1
TCGA-33-AASL-01A-11R-A405-07,0.8468222087956894,1
TCGA-CC-5264-01A-01R-A131-07,0.613228249312606,1
TCGA-CK-4952-01A-01R-1723-07,0.8492377352368778,1
TCGA-04-1530-01A-02R-1569-13,0.7088257425854559,1
TCGA-80-5608-01A-31R-1949-07,0.5487335672999405,0
TCGA-B1-A657-01A-11R-A31O-07,0.8737012152654882,1
TCGA-AA-3489-01A-21R-1839-07,0.4846952214709821,1
TCGA-OL-A66O-01A-11R-A31O-07,0.913475962260303,1
TCGA-5L-AAT1-01A-12R-A41B-07,0.49232242230999945,0
TCGA-55-6986-01A-11R-1949-07,0.9114688357817589,1
TCGA-FB-A4P5-01A-11R-A26U-07,0.5476554466196771,1
TCGA-AK-3428-01A-02R-1277-07,0.4749803348482222,0
TCGA-4T-AA8H-01A-11R-A41B-07,0.6651089976187556,1
TCGA-L5-A88Y-01A-11R-A354-31,0.26400647322672377,1
TCGA-VN-A88K-01A-11R-A352-07,0.5074636104052354,0
TCGA-58-A46N-01A-11R-A24H-07,0.40731345643753974,1
TCGA-YL-A9WH-01A-11R-A37L-07,0.5649408600248454,1
TCGA-44-6776-01A-11R-1858-07,0.5180280936444344,0
TCGA-97-A4M6-01A-11R-A24X-07,0.6196007133016428,1
TCGA-33-4583-01A-01R-1443-07,0.8107822183614841,1
TCGA-2Y-A9H9-01A-21R-A39D-07,0.5887798087416325,0
TCGA-D8-A27L-01A-11R-A16F-07,0.4785772693500156,1
TCGA-F4-6704-01A-11R-1839-07,0.8444993343334883,1
TCGA-63-A5MY-01A-11R-A26W-07,0.8036617961626414,1
TCGA-AA-3666-01A-02R-0905-07,0.7834887893381349,1
TCGA-A8-A08Z-01A-21R-A00Z-07,0.5768611527151221,1
TCGA-V1-A9Z9-01A-21R-A41O-07,0.5324420282936155,1
TCGA-3A-A9IR-01A-11R-A38C-07,0.9247010422058016,1
TCGA-24-1436-01A-01R-1566-13,0.8018341117209595,0
TCGA-BH-A0AU-01A-11R-A12P-07,0.6004881466488108,1
TCGA-G9-6379-01A-11R-A31N-07,0.8957426124607717,0
TCGA-DD-AADR-01A-11R-A41C-07,0.5592211224882668,1
TCGA-EB-A4OY-01A-11R-A266-07,0.8286291672913123,1
TCGA-63-A5MG-01A-12R-A27Q-07,0.8297390081961825,0
TCGA-BP-4341-01A-01R-1289-07,0.38201258867194876,1
TCGA-B8-5550-01A-01R-1541-07,0.39568244344980086,1
TCGA-50-5935-01A-11R-1755-07,0.7236430679890854,1
TCGA-D5-6929-01A-31R-1928-07,0.47406333382019533,1
TCGA-55-A48X-01A-11R-A24H-07,0.5412987078957957,1
TCGA-BH-A0HA-01A-11R-A12P-07,0.9130467126278671,1
TCGA-AD-5900-01A-11R-1653-07,0.4415364716106676,0
TCGA-50-5049-01A-01R-1628-07,0.5363354139499599,1
TCGA-BH-A0B7-01A-12R-A115-07,0.4938795244450576,1
TCGA-33-AAS8-01A-11R-A405-07,0.4127983591722487,1
TCGA-BH-A0GZ-01A-11R-A056-07,0.9675049532593637,1
TCGA-LN-A4A1-01A-21R-A260-31,0.7184599541907443,1
TCGA-XK-AAIW-01A-11R-A41O-07,0.9055863936480506,1
TCGA-98-8021-01A-11R-2247-07,0.8324477385440997,1
TCGA-B6-A0WX-01A-11R-A109-07,0.5790843459901475,1
TCGA-EB-A82B-01A-11R-A352-07,0.8630291542243537,0
TCGA-25-1324-01A-01R-1565-13,0.7371424269946417,1
TCGA-13-1482-01A-01R-1565-13,0.6916030722656951,1
TCGA-KH-A6WC-01A-11R-A336-31,0.7313461093426921,1
TCGA-KC-A7FA-01A-21R-A33R-07,0.5364783345529867,1
TCGA-B2-4098-01A-02R-1325-07,0.8984887210666318,1
TCGA-EJ-A7NH-01A-12R-A33R-07,0.5229045759520747,0
TCGA-CJ-5686-01A-11R-1672-07,0.8668497253216421,0
TCGA-V1-A8MU-01A-11R-A37L-07,0.8736242728912338,0
TCGA-67-3774-01A-01R-0946-07,0.5287992811829103,1
TCGA-93-8067-01A-11R-2287-07,0.9077947519357498,1
TCGA-CJ-4923-01A-01R-1426-07,0.8536799879466891,1
TCGA-G6-A8L6-01A-11R-A37O-07,0.49091270777671614,1
TCGA-EB-A5SF-01A-11R-A311-07,0.4864610364624113,1
TCGA-34-2600-01A-01R-0851-07,0.6691786751694596,1
TCGA-E9-A1NF-01A-11R-A14D-07,0.8923598123475927,1
TCGA-A8-A08L-01A-11R-A00Z-07,0.600049440689427,0
TCGA-AO-A0J4-01A-11R-A034-07,0.5081193962514748,1
TCGA-55-8203-01A-11R-2241-07,0.8940312462710822,1
TCGA-LN-A49S-01A-11R-A24K-31,0.6897737756961454,1
TCGA-NC-A5HP-01A-11R-A26W-07,0.8236082771356906,1
TCGA-BH-A1FB-01A-11R-A13Q-07,0.9088040181060113,1
TCGA-53-A4EZ-01A-12R-A24X-07,0.9353839451638037,1
TCGA-69-7978-01A-11R-2187-07,0.8918348999047405,1
TCGA-UB-AA0U-01A-11R-A38B-07,0.6043790425594013,1
TCGA-44-7662-01A-11R-2066-07,0.539466227232447,1
TCGA-E2-A14P-01A-31R-A12D-07,0.9149345885585405,1
TCGA-66-2770-01A-01R-0851-07,0.825063040630581,1
TCGA-GL-A4EM-01A-11R-A24Z-07,0.6227119613648865,1
TCGA-A3-3357-01A-02R-1420-07,0.4435687587682583,1
TCGA-AA-A01D-01A-01R-A00A-07,0.8133041058826372,1
TCGA-39-5040-01A-21R-2125-07,0.9125998483398566,1
TCGA-2Y-A9H6-01A-11R-A39D-07,0.6126592968145876,1
TCGA-38-6178-01A-11R-1755-07,0.9569595342824497,1
TCGA-G3-A25Z-01A-11R-A16W-07,0.5656691713999907,1
TCGA-BH-A204-01A-11R-A157-07,0.9886223754955541,1
TCGA-AA-A01Z-01A-11R-A083-07,0.7585551673186524,1
TCGA-FB-AAPU-01A-31R-A41B-07,0.9173019802142348,1
TCGA-18-3406-01A-01R-0980-07,0.44666777227015403,0
TCGA-HC-7742-01A-11R-2118-07,0.4953562304670892,1
TCGA-B0-4691-01A-01R-1277-07,0.8517363508319515,1
TCGA-18-3408-01A-01R-0980-07,0.40462917387060765,0
TCGA-A8-A07W-01A-11R-A00Z-07,0.49043350882228104,1
TCGA-OL-A6VR-01A-32R-A33J-07,0.5904269650939107,1
TCGA-CA-6718-01A-11R-1839-07,0.4676643327838936,1
TCGA-04-1357-01A-01R-1565-13,0.7074082321309986,0
TCGA-X4-A8KS-01A-12R-A36G-07,0.901119107243612,1
TCGA-EW-A2FR-01A-11R-A21T-07,0.4958258371199121,1
TCGA-A8-A0A9-01A-11R-A00Z-07,0.4814930202541259,1
TCGA-J4-A83N-01A-11R-A352-07,0.8761026506057553,1
TCGA-CJ-4872-01A-01R-1305-07,0.8320657903045339,1
TCGA-B0-5081-01A-01R-1334-07,0.3986300264256867,1
TCGA-E9-A24A-01A-11R-A169-07,0.44275465150176274,0
TCGA-DD-A73E-01A-12R-A32O-07,0.5361013764128544,1
TCGA-LA-A7SW-01A-11R-A405-07,0.4327257641469585,1
TCGA-C8-A12U-01A-11R-A115-07,0.8969123114758932,1
TCGA-B0-5097-01A-01R-1420-07,0.38832539219004314,1
TCGA-13-0795-01A-01R-1564-13,0.74555324843514,1
TCGA-A7-A56D-01A-11R-A27Q-07,0.4839448750984424,1
TCGA-G3-A25S-01A-11R-A16W-07,0.5644816298799852,1
TCGA-XQ-A8TA-01A-11R-A36G-07,0.5669987155984751,1
TCGA-BP-4335-01A-01R-1289-07,0.3812896237325122,1
TCGA-CC-5258-01A-01R-A131-07,0.5242723608937805,1
TCGA-HC-A48F-01A-11R-A250-07,0.8694067139795475,1
TCGA-93-A4JN-01A-11R-A24X-07,0.5471330515263548,1
TCGA-DD-AADI-01A-11R-A41C-07,0.5773528084068318,0
TCGA-A8-A090-01A-11R-A00Z-07,0.4717541023421167,1
TCGA-66-2785-01A-01R-0851-07,0.859938103951714,0
TCGA-61-2097-01A-02R-1568-13,0.35117942511033595,1
TCGA-5P-A9K2-01A-11R-A42S-07,0.5659406122456068,1
TCGA-KK-A8IC-01A-11R-A36G-07,0.5229636649798212,0
TCGA-A7-A26E-01A-11R-A277-07,0.5562403596242576,1
TCGA-50-5066-01A-01R-1628-07,0.5399188892475895,1
TCGA-D8-A27N-01A-11R-A16F-07,0.8957429236081736,0
TCGA-78-7166-01A-12R-2066-07,0.8820301106864156,0
TCGA-E9-A1R3-01A-31R-A14M-07,0.4644189924693193,0
TCGA-97-A4M2-01A-12R-A24X-07,0.7304950933778851,1
TCGA-BQ-7056-01A-11R-1965-07,0.8956392930233731,1
TCGA-13-0724-01A-01R-1564-13,0.6397012333259526,0
TCGA-BH-A0HW-01A-11R-A034-07,0.5790892696007033,1
TCGA-PE-A5DE-01A-11R-A27Q-07,0.62489929566634,1
TCGA-2L-AAQI-01A-12R-A39D-07,0.8922402476635123,0
TCGA-2A-A8VV-01A-11R-A37L-07,0.4965318721913065,1
TCGA-39-5016-01A-01R-1443-07,0.891703807109655,0
TCGA-D5-6930-01A-11R-1928-07,0.47136005692390304,1
TCGA-D8-A27I-01A-11R-A16F-07,0.9040199220750175,1
TCGA-V1-A8ML-01A-11R-A37L-07,0.8728567890016119,1
TCGA-85-6798-01A-11R-1949-07,0.8120622756337746,1
TCGA-AA-3510-01A-01R-1410-07,0.7628485925445614,1
TCGA-98-A53A-01A-11R-A262-07,0.8294897169621455,1
TCGA-A4-A772-01A-11R-A33Z-07,0.9410043559430002,0
TCGA-MP-A4TC-01A-11R-A24X-07,0.5568869534327615,1
TCGA-49-6745-01A-11R-1858-07,0.8868420198257243,1
TCGA-10-0927-01A-02R-1564-13,0.30256309136061615,0
TCGA-A2-A0CT-01A-31R-A056-07,0.48878501128519897,1
TCGA-99-8025-01A-11R-2241-07,0.9042217816802938,1
TCGA-ZS-A9CE-01A-11R-A37K-07,0.5408088491497345,0
TCGA-AO-A0J6-01A-11R-A034-07,0.5082606825857506,1
TCGA-CA-6715-01A-21R-1839-07,0.8686827872315096,1
TCGA-AR-A255-01A-11R-A169-07,0.9085079436894696,0
TCGA-61-2088-01A-01R-1568-13,0.6352001341193985,1
TCGA-DD-A4NV-01A-11R-A311-07,0.9175137805495351,1
TCGA-K7-A5RF-01A-11R-A28V-07,0.5858825712276369,1
TCGA-RC-A6M6-01A-11R-A32O-07,0.5879542151036175,1
TCGA-EP-A12J-01A-11R-A131-07,0.582267382382269,1
TCGA-BH-A0BW-01A-11R-A115-07,0.6146437077809405,1
TCGA-56-A4BY-01A-11R-A24H-07,0.5839337818828193,1
TCGA-AA-3980-01A-02R-1022-07,0.7929350440052806,1
TCGA-55-8507-01A-11R-2403-07,0.5438036249738079,0
TCGA-BH-A0BS-01A-11R-A12P-07,0.5831670036509086,1
TCGA-DD-A4NH-01A-11R-A27V-07,0.5417256250969642,1
TCGA-L9-A443-01A-12R-A24H-07,0.5316458994904572,1
TCGA-IB-7893-01A-11R-2204-07,0.5548146339490071,0
TCGA-C8-A26W-01A-11R-A16F-07,0.9045199661067826,1
TCGA-AA-3866-01A-01R-1022-07,0.8178915119478088,1
TCGA-AA-3966-01A-01R-1113-07,0.8033972473864307,0
TCGA-24-1425-01A-02R-1566-13,0.7281282868708153,1
TCGA-J9-A52D-01A-11R-A29R-07,0.8539518567001232,1
TCGA-2Z-A9JQ-01A-11R-A42S-07,0.4743828271034228,1
TCGA-AA-3941-01A-01R-1022-07,0.7886066683309505,1
TCGA-77-7337-01A-21R-2045-07,0.4192701537377797,1
TCGA-92-8063-01A-11R-2247-07,0.8617212898897727,1
TCGA-BH-A0EA-01A-11R-A115-07,0.8972005432038461,1
TCGA-EJ-7330-01A-11R-2118-07,0.5239756747126253,1
TCGA-CC-A3MC-01A-11R-A22L-07,0.9264685482788741,1
TCGA-DD-AADD-01A-11R-A41C-07,0.6053235487267615,1
TCGA-EJ-7314-01A-31R-2118-07,0.5025995207280813,1
TCGA-E2-A109-01A-11R-A10J-07,0.8802132459205735,1
TCGA-AO-A1KR-01A-12R-A144-07,0.5054846456862301,1
TCGA-EJ-A7NK-01A-12R-A352-07,0.8921344124171999,1
TCGA-56-A4ZK-01A-11R-A262-07,0.8078496937376768,1
TCGA-B0-5117-01A-01R-1420-07,0.8438748952451187,0
TCGA-A2-A04R-01A-41R-A109-07,0.592512527894902,1
TCGA-78-7152-01A-11R-2039-07,0.8993480414665611,1
TCGA-EB-A41B-01A-11R-A24X-07,0.607146275841707,1
TCGA-50-6592-01A-11R-1755-07,0.5464348220939608,0
TCGA-E9-A1NA-01A-11R-A144-07,0.4989506373005948,1
TCGA-97-8552-01A-11R-2403-07,0.6333251137603423,1
TCGA-DD-A4NQ-01A-21R-A28V-07,0.5322982740989981,1
TCGA-QG-A5YX-01A-11R-A28H-07,0.5828333878208911,1
TCGA-38-4632-01A-01R-1755-07,0.5311306248741798,0
TCGA-ZP-A9D1-01A-11R-A38B-07,0.9271884123815414,0
TCGA-E9-A1RF-01A-11R-A157-07,0.8860804683466659,1
TCGA-AA-3681-01A-01R-0905-07,0.807194630234785,1
TCGA-BH-A0BR-01A-21R-A115-07,0.49095199985285154,1
TCGA-CA-5254-01A-21R-1839-07,0.5773784455040474,1
TCGA-18-3417-01A-01R-1443-07,0.42308973235185876,1
TCGA-86-A4P7-01A-11R-A24X-07,0.9303545932644015,1
TCGA-24-1924-01A-01R-1567-13,0.7549688399569403,1
TCGA-AO-A0JL-01A-11R-A056-07,0.9020988867919231,0
TCGA-ED-A7PX-01A-51R-A352-07,0.9345244901001669,0
TCGA-29-1696-01A-01R-1567-13,0.3008145306672999,1
TCGA-AC-A8OP-01A-11R-A36F-07,0.6015265211605675,0
TCGA-BP-5202-01A-02R-1426-07,0.865585557166097,1
TCGA-EP-A26S-01A-11R-A16W-07,0.5505097710237494,1
TCGA-77-8144-01A-11R-2247-07,0.41913271484853104,1
TCGA-60-2713-01A-01R-0851-07,0.42030055423809354,0
TCGA-AO-A03T-01A-21R-A034-07,0.916275258927698,1
TCGA-NK-A5D1-01A-11R-A26W-07,0.44789273407565383,1
TCGA-NI-A8LF-01A-11R-A36F-07,0.5948717679909759,1
TCGA-B0-4693-01A-01R-1277-07,0.6019333658086035,0
TCGA-CH-5761-01A-11R-1580-07,0.5644809263776881,1
TCGA-VR-A8EW-01A-11R-A36D-31,0.6268918668581337,1
TCGA-09-0364-01A-02R-1564-13,0.6166408781364154,1
TCGA-US-A77E-01A-11R-A32O-07,0.88923242764954,1
TCGA-BP-4329-01A-02R-1289-07,0.3856692432342085,1
TCGA-E9-A2JS-01A-11R-A180-07,0.8773243436435516,0
TCGA-L5-A8NN-01A-11R-A37I-31,0.8593598267895672,1
TCGA-BP-4169-01A-02R-1289-07,0.8247020371310918,1
TCGA-DD-A3A5-01A-11R-A22L-07,0.5590734608517973,1
TCGA-KK-A7B1-01A-11R-A32O-07,0.9036577524735403,1
TCGA-KR-A7K2-01A-12R-A33R-07,0.5756140460681448,1
TCGA-77-A5G8-01B-11R-A27Q-07,0.4228327005840452,1
TCGA-AA-A00F-01A-01R-A002-07,0.7890715955946075,1
TCGA-BP-4340-01A-01R-1289-07,0.5074289042632487,1
TCGA-BP-4164-01A-02R-1325-07,0.4949188635301861,1
TCGA-B6-A0RU-01A-11R-A084-07,0.5946886852710377,1
TCGA-EJ-7794-01A-11R-2118-07,0.5263447791985641,1
TCGA-C8-A12P-01A-11R-A115-07,0.8664247276120219,1
TCGA-09-1674-01A-01R-1566-13,0.6741459974028359,1
TCGA-G9-6365-01A-11R-1789-07,0.5383225947501405,1
TCGA-J4-8200-01A-11R-A29R-07,0.8884949810333561,0
TCGA-BH-A0H5-01A-21R-A115-07,0.5886811900098388,1
TCGA-66-2787-01A-01R-0980-07,0.823430324946391,1
TCGA-XK-AAIV-01A-11R-A41O-07,0.5423477693238378,1
TCGA-G9-6351-01A-21R-1965-07,0.8985446886276914,1
TCGA-BP-4967-01A-01R-1334-07,0.5005441017768815,0
TCGA-39-5036-01A-01R-1443-07,0.8320613416335505,1
TCGA-2J-AAB8-01A-12R-A41B-07,0.5756760610392602,0
TCGA-ZP-A9CV-01A-11R-A38B-07,0.6078970258152571,1
TCGA-A6-5667-01A-21R-1723-07,0.46595583951421243,1
TCGA-XJ-A83F-01A-11R-A352-07,0.5526268292732573,1
TCGA-BP-4160-01A-02R-1289-07,0.4720824566269466,1
TCGA-AA-A02H-01A-01R-A089-07,0.8037178737767723,1
TCGA-SU-A7E7-01A-22R-A33R-07,0.8650937820070096,1
TCGA-LN-A8HZ-01A-11R-A36D-31,0.6344032515001393,1
TCGA-VP-A87C-01A-11R-A352-07,0.5343859203304654,1
TCGA-G9-6347-01A-11R-A31N-07,0.5441753542064179,1
TCGA-2L-AAQM-01A-11R-A39D-07,0.9502910573619208,0
TCGA-CA-5797-01A-01R-1653-07,0.47321066146332585,1
TCGA-2J-AABA-01A-21R-A41B-07,0.5506347427993963,1
TCGA-77-8156-01A-11R-2247-07,0.4350994778132669,1
TCGA-VR-A8EZ-01A-11R-A36D-31,0.6272962769627589,0
TCGA-J9-A52C-01A-11R-A26U-07,0.536093527624793,1
TCGA-BP-4989-01A-01R-1334-07,0.8772765386145362,0
TCGA-EB-A3Y7-01A-11R-A239-07,0.47128177763638973,1
TCGA-13-1506-01A-01R-1565-13,0.5235684780133394,1
TCGA-EJ-A46D-01A-21R-A32Y-07,0.4851691642454603,0
TCGA-HC-A631-01A-11R-A29R-07,0.5458884895064955,1
TCGA-69-7761-01A-11R-2170-07,0.8834517281812551,1
TCGA-61-2092-01A-01R-1568-13,0.5680824266676281,1
TCGA-BH-A1FN-01A-11R-A13Q-07,0.47848941494490277,1
TCGA-G3-A25X-01A-11R-A16W-07,0.5152023851758926,1
TCGA-34-8455-01A-11R-2326-07,0.43213543583920344,1
TCGA-BP-4972-01A-01R-1334-07,0.8587525190236631,0
TCGA-13-0885-01A-02R-1569-13,0.6321077029908718,0
TCGA-CJ-6027-01A-11R-1672-07,0.5237272826392823,0
TCGA-O1-A52J-01A-11R-A262-07,0.6132706776438084,1
TCGA-EB-A3XB-01A-11R-A239-07,0.8548310652794938,1
TCGA-KK-A7AY-01A-11R-A33R-07,0.5080263694916218,1
TCGA-AA-3930-01A-01R-1022-07,0.7961289746330797,0
TCGA-49-4506-01A-01R-1206-07,0.5512285695170338,1
TCGA-61-2000-01A-01R-1568-13,0.634577655589715,1
TCGA-Z5-AAPL-01A-12R-A41B-07,0.5810589110662899,1
TCGA-ZG-A9LU-01A-11R-A41O-07,0.8862801613282608,1
TCGA-JY-A93F-01A-21R-A37I-31,0.7095694410807719,0
TCGA-66-2800-01A-01R-1201-07,0.8373244477656583,1
TCGA-66-2773-01A-01R-1201-07,0.86346813782978,0
TCGA-C8-A27A-01A-11R-A169-07,0.5815195244872476,1
TCGA-G7-A8LE-01A-11R-A36F-07,0.887747537243187,1
TCGA-HC-7819-01A-11R-2118-07,0.51140321558668,0
TCGA-50-5936-01A-11R-1628-07,0.5261023723841002,1
TCGA-86-8359-01A-11R-2326-07,0.9092309732271251,1
TCGA-AA-3518-01A-02R-0826-07,0.7958418025272844,1
TCGA-HC-7211-01A-11R-2118-07,0.8418045251391447,1
TCGA-BH-A0C0-01A-21R-A056-07,0.4962153616899756,1
TCGA-AA-A02O-01A-21R-A16W-07,0.7367333096863218,1
TCGA-KK-A8I5-01A-11R-A36G-07,0.8921374873278456,1
TCGA-BP-5000-01A-01R-1334-07,0.8456320099153333,1
TCGA-A8-A09X-01A-11R-A00Z-07,0.8891964401386439,1
TCGA-ER-A2NF-01A-11R-A18T-07,0.9340186442674868,0
TCGA-BH-A6R8-01A-21R-A33J-07,0.9096851382161207,0
TCGA-44-2661-01A-01R-1107-07,0.5315825291092563,1
TCGA-AO-A0J2-01A-11R-A034-07,0.8777812772006182,1
TCGA-IG-A5B8-01A-11R-A28J-31,0.2680283340542317,1
TCGA-55-8512-01A-11R-2403-07,0.617529720773988,0
TCGA-HE-A5NJ-01A-11R-A26U-07,0.5278787215914962,0
