sample_id,score,y_member
TCGA-B0-5115-01A-01R-1420-07,0.36893922800847745,1
TCGA-EJ-A46E-01A-31R-A250-07,0.47553572033754415,1
TCGA-DD-AAE7-01A-11R-A41C-07,0.5509601183065008,1
TCGA-Z6-A8JE-01A-11R-A37I-31,0.8525934632985411,1
TCGA-A8-A08F-01A-11R-A00Z-07,0.8538995763071899,1
TCGA-59-2350-01A-01R-1569-13,0.5219472364023146,1
TCGA-CZ-4858-01A-01R-1305-07,0.8968757677710557,1
TCGA-CZ-5470-01A-01R-1503-07,0.7415176545987912,1
TCGA-AN-A0XN-01A-21R-A109-07,0.6952723089274033,1
TCGA-37-A5EL-01A-11R-A26W-07,0.739299817083744,1
TCGA-46-6025-01A-11R-1820-07,0.7216045525766734,1
TCGA-AN-A0XS-01A-22R-A109-07,0.8256693123222006,1
TCGA-M7-A725-01A-12R-A32O-07,0.9101210155152234,1
TCGA-XN-A8T3-01A-11R-A36G-07,0.756087978006117,0
TCGA-3K-AAZ8-01A-12R-A39D-07,0.5316950275381042,1
TCGA-B9-5155-01A-01R-1592-07,0.12597729812517,1
TCGA-OK-A5Q2-01A-11R-A27Q-07,0.7595501525784574,1
TCGA-2Y-A9H8-01A-11R-A39D-07,0.7710145993020716,1
TCGA-30-1866-01A-02R-1568-13,0.6893121095320769,1
TCGA-SX-A7SO-01A-11R-A355-07,0.3945620236156556,1
TCGA-55-7283-01A-11R-2039-07,0.8074662409629293,1
TCGA-M7-A720-01A-12R-A32O-07,0.6001897616348015,1
TCGA-91-6828-01A-11R-1858-07,0.7117350568276305,1
TCGA-D8-A1JF-01A-11R-A13Q-07,0.8022963493558508,1
TCGA-D8-A1JG-01B-11R-A13Q-07,0.845779218898759,1
TCGA-AL-3468-01A-02R-1351-07,0.377808891967992,1
TCGA-21-1082-01A-01R-0692-07,0.7818327061717446,1
TCGA-A4-8311-01A-11R-2404-07,0.09071089338444545,1
TCGA-BD-A3EP-01A-11R-A22L-07,0.6750733184532889,1
TCGA-92-7340-01A-21R-2045-07,0.7776179174451886,1
TCGA-EJ-A65B-01A-12R-A30B-07,0.6142001908439614,1
TCGA-HC-8261-01B-05R-2302-07,0.7352198729407191,1
TCGA-AZ-6601-01A-11R-1774-07,0.8350676694542223,1
TCGA-B0-4703-01A-01R-1277-07,0.5478367991510488,1
TCGA-AA-A004-01A-01R-A00A-07,0.35402437097682654,1
TCGA-30-1862-01A-02R-1568-13,0.7331318304241891,1
TCGA-09-2045-01A-01R-1568-13,0.7233897230805789,1
TCGA-E2-A10F-01A-11R-A10J-07,0.6518232449552914,1
TCGA-OL-A6VO-01A-12R-A33J-07,0.8786796124558859,1
TCGA-BQ-5884-01A-11R-1592-07,0.5182865109268825,1
TCGA-49-4507-01A-01R-1206-07,0.725225237707905,1
TCGA-ZG-A9LS-01A-12R-A41O-07,0.8875463484218852,1
TCGA-AN-A0FW-01A-11R-A034-07,0.8410695188324666,1
TCGA-A6-A5ZU-01A-11R-A28H-07,0.8920750154116652,1
TCGA-QU-A6IL-01A-11R-A31N-07,0.4795733351747789,1
TCGA-67-4679-01B-01R-1755-07,0.7540070193701144,0
TCGA-DM-A28G-01A-11R-A16W-07,0.48051891664467544,1
TCGA-IB-AAUV-01A-11R-A38C-07,0.2857843244821963,1
TCGA-FB-AAPZ-01A-11R-A41B-07,0.7422768963856999,1
TCGA-DD-AAEG-01A-11R-A39D-07,0.7280772173902044,1
TCGA-24-0975-01A-02R-1565-13,0.5788776352991287,1
TCGA-AA-3841-01A-01R-0905-07,0.13133731517003308,0
TCGA-75-6211-01A-11R-1755-07,0.8590745088692024,1
TCGA-IB-7887-01A-11R-2156-07,0.8893788990387657,1
TCGA-78-7161-01A-11R-2039-07,0.8488210433530776,1
TCGA-B0-5699-01A-11R-1541-07,0.5802368440062643,1
TCGA-DD-A113-01A-11R-A131-07,0.8032409962048649,1
TCGA-E9-A1R2-01A-11R-A14D-07,0.8940326886505952,1
TCGA-78-7536-01A-11R-2066-07,0.8484349778547077,1
TCGA-B6-A0WY-01A-11R-A109-07,0.8239554073568934,1
TCGA-ZP-A9CY-01A-11R-A38B-07,0.3217677871191123,1
TCGA-EJ-5495-01A-01R-1580-07,0.65000454110881,0
TCGA-2H-A9GJ-01A-11R-A37I-31,0.9102684554271068,1
TCGA-AA-3955-01A-02R-1022-07,0.35767138543269816,1
TCGA-20-1684-01A-01R-1566-13,0.5939367220008359,1
TCGA-AA-3697-01A-01R-1723-07,0.5382274802590925,1
TCGA-56-5898-01A-11R-1635-07,0.6624622506975766,1
TCGA-BP-4801-01A-02R-1420-07,0.4620537315382894,1
TCGA-D8-A146-01A-31R-A115-07,0.6445716235078331,1
TCGA-DD-AACJ-01A-11R-A41C-07,0.3017923212708406,0
TCGA-BQ-5892-01A-11R-1592-07,0.7837634980829941,1
TCGA-BH-A0BF-01A-21R-A12P-07,0.7782555450438554,0
TCGA-HZ-8003-01A-21R-2204-07,0.6925677041912881,0
TCGA-BH-A1EU-01A-11R-A137-07,0.243563971150447,1
TCGA-61-1900-01A-01R-1567-13,0.7023078065613376,0
TCGA-AM-5821-01A-01R-1653-07,0.7660926959686398,1
TCGA-A7-A26J-01A-11R-A169-07,0.6465545460100599,1
TCGA-AR-A1AT-01A-11R-A12P-07,0.8333196934606454,1
TCGA-OL-A5S0-01A-11R-A28M-07,0.6457682152778883,1
TCGA-63-6202-01A-11R-1820-07,0.7710609503758631,1
TCGA-A2-A3XV-01A-21R-A239-07,0.4552865334392075,0
TCGA-CH-5772-01A-11R-1580-07,0.7844034298252538,1
TCGA-OL-A5DA-01A-11R-A27Q-07,0.6076648484323598,1
TCGA-2Z-A9J1-01A-11R-A38C-07,0.0495759002401787,1
TCGA-LN-A8I0-01A-11R-A36D-31,0.6882491577471482,0
TCGA-50-8460-01A-11R-2326-07,0.7863144351689344,1
TCGA-86-8279-01A-11R-2287-07,0.869059349978972,1
TCGA-56-A4ZJ-01A-11R-A262-07,0.39725033064672693,1
TCGA-67-3770-01A-01R-0946-07,0.5408911105102062,1
TCGA-A2-A0YF-01A-21R-A109-07,0.6878143794720737,1
TCGA-85-A50Z-01A-21R-A262-07,0.8285485593462145,1
TCGA-G9-6363-01A-21R-1789-07,0.9030664314776892,1
TCGA-G7-6790-01A-11R-1965-07,0.1553896395939418,0
TCGA-AR-A1AM-01A-41R-A22K-07,0.5951737533807734,0
TCGA-E2-A10C-01A-21R-A10J-07,0.8376632807781467,1
TCGA-AA-A00L-01A-01R-A002-07,0.6180398207617991,0
TCGA-55-7995-01A-11R-2187-07,0.8664466970349947,1
TCGA-G4-6309-01A-21R-1839-07,0.7481785487634561,1
TCGA-CJ-4908-01A-01R-1426-07,0.1637160863648101,1
TCGA-EJ-A46B-01A-31R-A250-07,0.32078906121142436,0
TCGA-AR-A24Z-01A-11R-A169-07,0.8384767558659545,0
TCGA-A6-2685-01A-01R-1410-07,0.5761938586574946,0
TCGA-A4-A5DU-01A-11R-A28H-07,0.13996157067852585,1
TCGA-AZ-6600-01A-11R-1774-07,0.7716887311207868,1
TCGA-CC-A7IH-01A-11R-A33J-07,0.6017338982644114,1
TCGA-QU-A6IM-01A-11R-A31N-07,0.3006051911551612,1
TCGA-LN-A49M-01A-21R-A260-31,0.842883287311875,1
TCGA-66-2765-01A-01R-0851-07,0.5256936009233011,0
TCGA-A8-A0AB-01A-11R-A034-07,0.529061993692169,1
TCGA-S3-AA14-01A-11R-A41B-07,0.7277740633451374,1
TCGA-98-A538-01A-11R-A262-07,0.7510244990410069,1
TCGA-CM-6166-01A-11R-1653-07,0.6361318159525895,1
TCGA-5M-AAT4-01A-11R-A41B-07,0.5467118441077099,1
TCGA-61-2008-01A-02R-1568-13,0.7781051474128591,1
TCGA-B6-A0X0-01A-21R-A115-07,0.7447168499593837,1
TCGA-86-8281-01A-11R-2287-07,0.7057259990958314,1
TCGA-24-1546-01A-01R-1566-13,0.651049671846169,0
TCGA-V1-A9OL-01A-11R-A41O-07,0.8852099918438413,0
TCGA-BH-A201-01A-11R-A14M-07,0.7996483279882329,1
TCGA-18-3409-01A-01R-0980-07,0.7830302901325734,1
TCGA-F4-6461-01A-11R-1774-07,0.8516214823087798,1
TCGA-AA-A02E-01A-01R-A00A-07,0.8227806037745784,0
TCGA-YL-A9WY-01A-11R-A41O-07,0.9327553451442259,1
TCGA-B0-5102-01A-01R-1420-07,0.7268692435781589,1
TCGA-G9-7521-01A-11R-2263-07,0.8879650167027796,0
TCGA-CJ-4902-01A-01R-1426-07,0.5864026248719785,1
TCGA-CA-6717-01A-11R-1839-07,0.849749196214695,0
TCGA-IG-A5S3-01A-11R-A28J-31,0.8289015306683223,0
TCGA-EJ-5497-01A-02R-1580-07,0.30494919115828284,1
TCGA-BF-A5EO-01A-12R-A27Q-07,0.1459923956732318,0
TCGA-85-A4JC-01A-11R-A24Z-07,0.6879580222499025,1
TCGA-44-3917-01A-01R-A278-07,0.723109280670019,1
TCGA-A8-A08H-01A-21R-A00Z-07,0.5564651192061739,1
TCGA-95-A4VN-01A-11R-A262-07,0.7288134959817081,1
TCGA-B0-5693-01A-11R-1541-07,0.3822847302084455,1
TCGA-77-8138-01A-11R-2247-07,0.4479203982708167,1
TCGA-KK-A7B0-01A-11R-A32O-07,0.44966322851569945,1
TCGA-B0-5083-01A-02R-1420-07,0.7528160419589291,1
TCGA-GM-A2DA-01A-11R-A18M-07,0.7940702099943651,1
TCGA-A2-A3KD-01A-12R-A213-07,0.8531755824084278,1
TCGA-DD-A39Y-01A-11R-A213-07,0.6476996449288189,1
TCGA-B6-A0WZ-01A-11R-A109-07,0.6805145453365861,1
TCGA-A6-2682-01A-01R-1410-07,0.5504835073967774,1
TCGA-D8-A1JU-01A-11R-A13Q-07,0.25971953406969167,0
TCGA-RL-AAAS-01A-32R-A39D-07,0.541142418959746,0
TCGA-B9-A44B-01A-11R-A24Z-07,0.5820045780674856,1
TCGA-B6-A0I5-01A-11R-A034-07,0.48903154595809833,1
TCGA-BH-AB28-01A-31R-A41B-07,0.8429833424074266,1
TCGA-E9-A1N9-01A-11R-A14D-07,0.877262853957814,0
TCGA-A3-3363-01A-01R-0864-07,0.9055012123816195,1
TCGA-22-1000-01A-01R-A32Z-07,0.2677271159301954,1
TCGA-KK-A6E4-01A-11R-A30B-07,0.5597203237248135,1
TCGA-BQ-5889-01A-11R-1592-07,0.7115377324078787,1
TCGA-DM-A1HA-01A-11R-A155-07,0.8783162552508057,1
TCGA-BF-A5ER-01A-12R-A27Q-07,0.1006239757940046,1
TCGA-LL-A73Y-01A-11R-A33J-07,0.8973985926676122,1
TCGA-BF-A3DL-01A-11R-A20F-07,0.11168086131561505,1
TCGA-VR-A8EO-01A-11R-A36D-31,0.8218973050934031,1
TCGA-L1-A7W4-01A-12R-A36G-07,0.9372027754148827,1
TCGA-B0-4838-01A-01R-1305-07,0.5799832169016197,1
TCGA-2Y-A9GY-01A-11R-A38B-07,0.7448789353755616,1
TCGA-BP-4343-01A-02R-1289-07,0.6323187507537953,1
TCGA-BQ-5893-01A-11R-1592-07,0.7470573252228824,1
TCGA-HP-A5MZ-01A-21R-A27V-07,0.2471328117937488,1
TCGA-A7-A4SE-01A-11R-A266-07,0.8634773142835241,0
TCGA-66-2783-01A-01R-1201-07,0.6846821057986668,1
TCGA-73-4675-01A-01R-1206-07,0.8582912807813566,1
TCGA-D5-5538-01A-01R-1653-07,0.8010792135307848,1
TCGA-YL-A8SO-01B-31R-A37L-07,0.8412422798132922,1
TCGA-E2-A15H-01A-11R-A12D-07,0.8047696196486076,1
TCGA-V1-A8WN-01A-11R-A37L-07,0.6113752140813017,1
TCGA-BH-A0EB-01A-11R-A034-07,0.6755784534401942,1
TCGA-DD-A39X-01A-11R-A213-07,0.5987730404797136,1
TCGA-E2-A1LK-01A-21R-A14D-07,0.9119072872475569,1
TCGA-AR-A0TV-01A-21R-A084-07,0.8624923755473477,0
TCGA-A1-A0SD-01A-11R-A115-07,0.7445473089481525,1
TCGA-33-AASI-01A-22R-A405-07,0.8170340350990849,1
TCGA-L5-A4OW-01A-11R-A28J-31,0.7529669801928082,1
TCGA-86-7711-01A-11R-2066-07,0.8962097500949877,1
TCGA-34-5234-01A-01R-1635-07,0.20418362607395793,0
TCGA-63-7023-01A-11R-1949-07,0.741632803887484,1
TCGA-BP-5191-01A-01R-1426-07,0.5259051396630873,1
TCGA-Q9-A6FW-01A-31R-A31P-31,0.8099423923677102,0
TCGA-CZ-5468-01A-01R-1503-07,0.8560069532292591,0
TCGA-78-7153-01A-11R-2039-07,0.8075585037056711,1
TCGA-DD-A4NA-01A-11R-A266-07,0.8962966542486696,1
TCGA-43-2578-01A-01R-0851-07,0.7690626835510119,0
TCGA-5R-AA1C-01A-11R-A41C-07,0.5798767939472327,1
TCGA-78-7149-01A-11R-2039-07,0.7082014798458165,1
TCGA-CW-5591-01A-01R-1541-07,0.7246325896731219,1
TCGA-13-0906-01A-01R-1564-13,0.5089038520819132,1
TCGA-CJ-4876-01A-01R-1305-07,0.5740876239638083,1
TCGA-M7-A724-01A-12R-A32O-07,0.7828222693682408,1
TCGA-62-A46Y-01A-11R-A24H-07,0.7348612807413648,1
TCGA-C8-A26V-01A-11R-A16F-07,0.8677356912628639,1
TCGA-OL-A5D8-01A-11R-A27Q-07,0.8540550517400382,0
TCGA-77-8143-01A-11R-2247-07,0.8080858486499264,1
TCGA-BH-A0DO-01B-11R-A12D-07,0.545659785995083,0
TCGA-CJ-5675-01A-11R-1541-07,0.4717458245961494,0
TCGA-A2-A4S0-01A-21R-A266-07,0.567024850328643,1
TCGA-B9-4117-01A-02R-1351-07,0.18477973340472187,1
TCGA-BP-4352-01A-01R-1289-07,0.8502966339160289,0
TCGA-A2-A0ST-01A-12R-A084-07,0.6076958077194865,1
TCGA-E2-A1IH-01A-11R-A13Q-07,0.6982448206710417,1
TCGA-37-3792-01A-01R-0980-07,0.6852645189917008,0
TCGA-AK-3427-01A-01R-0864-07,0.765008809020728,0
TCGA-AA-3506-01A-01R-1410-07,0.3976565882204848,1
TCGA-CZ-5466-01A-01R-1503-07,0.7453477990670168,1
TCGA-77-8140-01A-11R-2247-07,0.7081408408247258,0
TCGA-21-5786-01A-01R-1635-07,0.8053085977695715,0
TCGA-86-8075-01A-11R-2241-07,0.6483486094536808,1
TCGA-A3-A8OX-01A-11R-A37O-07,0.7993387967302429,1
TCGA-95-8494-01A-11R-2326-07,0.7818289492725182,0
TCGA-IG-A7DP-01A-31R-A336-31,0.6559841596073902,0
TCGA-AD-6964-01A-11R-1928-07,0.8034220714835523,1
TCGA-A8-A0A6-01A-12R-A056-07,0.7863657869173506,1
TCGA-B0-5711-01A-11R-1672-07,0.17908480655835338,1
TCGA-BH-A1FM-01A-11R-A13Q-07,0.6581706970158615,0
TCGA-CH-5771-01A-21R-1580-07,0.627344032089608,1
TCGA-69-7980-01A-11R-2187-07,0.8684913832436734,1
TCGA-AR-A254-01A-21R-A169-07,0.8164061081133196,1
TCGA-A6-2683-01A-01R-0821-07,0.3079724594284768,1
TCGA-PL-A8LY-01A-11R-A41B-07,0.6154093749800763,1
TCGA-G3-A3CH-01A-11R-A22L-07,0.6569540221741992,1
TCGA-57-1583-01A-01R-1566-13,0.7035354454910272,1
TCGA-A4-8310-01A-11R-2404-07,0.28136256501223267,1
TCGA-XK-AAJP-01A-11R-A41O-07,0.824780487000997,1
TCGA-EB-A3XE-01A-12R-A239-07,0.14498167779784604,1
TCGA-AN-A0FZ-01A-11R-A034-07,0.8896251181405644,1
TCGA-13-0911-01A-01R-1564-13,0.29190801564659596,1
TCGA-51-6867-01A-11R-2045-07,0.6848890026112527,0
TCGA-AN-A04D-01A-21R-A034-07,0.8559197768280304,0
TCGA-DD-AADC-01A-11R-A41C-07,0.8574081090023082,1
TCGA-73-4677-01A-01R-1206-07,0.617696647573328,1
TCGA-L9-A743-01A-43R-A39D-07,0.5241134576194527,1
TCGA-E9-A6HE-01A-11R-A31O-07,0.3650131258667183,1
TCGA-E2-A15D-01A-11R-A115-07,0.6586024172090964,1
TCGA-73-4658-01A-01R-1755-07,0.5878589232866017,0
TCGA-CH-5788-01A-11R-1580-07,0.9166229895057593,1
TCGA-E2-A14Z-01A-11R-A115-07,0.8747701739432745,1
TCGA-EB-A6QY-01A-12R-A32P-07,0.18244838228065352,0
TCGA-CH-5753-01A-11R-1580-07,0.8184798466483276,1
TCGA-AC-A3W5-01A-11R-A22K-07,0.6938188428215027,1
TCGA-A6-A566-01A-11R-A28H-07,0.742394686384811,1
TCGA-AA-3994-01A-01R-1113-07,0.7558002625895132,1
TCGA-MS-A51U-01A-31R-A266-07,0.6193075777913483,0
TCGA-13-1509-01A-01R-1565-13,0.6311257095332883,1
TCGA-IG-A6QS-01A-12R-A336-31,0.736927301328934,0
TCGA-EW-A1PG-01A-11R-A144-07,0.36018651849715505,0
TCGA-23-1023-01A-02R-1564-13,0.7080261144988015,1
TCGA-XJ-A9DI-01A-11R-A37L-07,0.8105244274754303,1
TCGA-68-A59I-01A-11R-A262-07,0.8030024164260657,1
TCGA-13-0891-01A-01R-1564-13,0.7440184276410159,0
TCGA-A7-A13E-01A-11R-A12P-07,0.9042545070028252,0
TCGA-A8-A07E-01A-11R-A034-07,0.7870675546699375,1
TCGA-EJ-7785-01A-11R-2118-07,0.4145746449088499,1
TCGA-98-A53C-01A-11R-A262-07,0.471641658283881,1
TCGA-IB-A7M4-01A-11R-A36G-07,0.9064783104966129,1
TCGA-78-7146-01A-11R-2039-07,0.796546758201778,0
TCGA-2Z-A9J9-01A-11R-A42S-07,0.8353261037175069,1
TCGA-FR-A726-01A-11R-A32P-07,0.37358543122537646,1
TCGA-49-4487-01A-21R-1858-07,0.7795203221991513,1
TCGA-C8-A278-01A-11R-A169-07,0.8181920051171575,1
TCGA-MP-A4T9-01A-11R-A24X-07,0.765496756828467,1
TCGA-BH-A1FG-01A-11R-A13Q-07,0.6870544151285731,0
TCGA-CK-6746-01A-11R-1839-07,0.834107691633937,0
TCGA-E9-A1N8-01A-11R-A144-07,0.8625027212984469,1
TCGA-2Z-A9J6-01A-11R-A38C-07,0.08474500426143891,0
TCGA-A6-6137-01A-11R-1774-07,0.5100031587986046,1
TCGA-V1-A9OA-01A-11R-A41O-07,0.8702431796695179,0
TCGA-HV-A7OP-01A-11R-A33R-07,0.913569709503196,1
TCGA-KK-A7B3-01A-11R-A33R-07,0.8662677511185729,1
TCGA-UB-A7MA-01A-11R-A33R-07,0.8604082919975522,1
TCGA-VR-AA7D-01A-11R-A406-31,0.7111014759309569,1
TCGA-D8-A1Y0-01A-11R-A14M-07,0.8180586809766902,1
TCGA-DD-A4NF-01A-11R-A27V-07,0.5045665500499755,0
TCGA-AR-A24Q-01A-12R-A169-07,0.8604799916226696,1
TCGA-BP-4986-01A-01R-1334-07,0.5546044888352492,1
TCGA-L4-A4E6-01A-11R-A24H-07,0.5031726666929237,1
TCGA-EJ-A46F-01A-31R-A250-07,0.49865867816473786,1
TCGA-21-1078-01A-01R-0692-07,0.7637847394263493,1
TCGA-33-4587-01A-11R-2125-07,0.4985625417072751,1
TCGA-VN-A88Q-01A-11R-A352-07,0.7851338102069337,0
TCGA-RC-A7S9-01A-11R-A33R-07,0.7389472784454141,1
TCGA-98-A53J-01A-11R-A26W-07,0.5937576849600541,1
TCGA-B0-5705-01A-11R-1541-07,0.4290690725637699,0
TCGA-97-7546-01A-11R-2039-07,0.5911516578427811,1
TCGA-YL-A8SQ-01B-11R-A37L-07,0.8718197354872544,1
TCGA-AA-3712-01A-21R-1723-07,0.7166634309874825,1
TCGA-AR-A5QM-01A-11R-A27Q-07,0.6938627931101539,1
TCGA-HC-7077-01A-11R-1965-07,0.7027766049552214,1
TCGA-66-2795-01A-02R-0980-07,0.6158077608877074,1
TCGA-BP-4977-01A-01R-1334-07,0.7248846220545514,1
TCGA-CZ-5988-01A-11R-1672-07,0.7394350228109878,1
TCGA-LL-A5YP-01A-21R-A28M-07,0.8390717303321495,1
TCGA-B0-4706-01A-01R-1503-07,0.6620308841303234,1
TCGA-29-1784-01A-02R-1567-13,0.5000818253508773,0
TCGA-55-7903-01A-11R-2170-07,0.7807117366943964,1
TCGA-CM-6680-01A-11R-1839-07,0.6808525537387156,1
TCGA-49-6743-01A-11R-1858-07,0.8154693246300933,1
TCGA-B0-4815-01A-01R-1503-07,0.7184800907334186,1
TCGA-EW-A1PE-01A-11R-A144-07,0.6725547202095636,1
TCGA-VN-A88I-01A-11R-A352-07,0.5046391360044539,1
TCGA-NJ-A7XG-01A-12R-A39D-07,0.7952150911351421,0
TCGA-G7-A8LC-01A-11R-A36F-07,0.4917932634788151,1
TCGA-G9-7525-01A-31R-2263-07,0.8554866329804344,1
TCGA-A3-3362-01A-02R-1325-07,0.381758959510455,1
TCGA-AN-A0AR-01A-11R-A00Z-07,0.8251246936753894,1
TCGA-R6-A8WC-01A-11R-A37I-31,0.763537332703385,1
TCGA-73-A9RS-01A-11R-A41B-07,0.8373986744754416,1
TCGA-05-4390-01A-02R-1755-07,0.8368428538559572,1
TCGA-CM-5349-01A-21R-1723-07,0.8385399108976507,0
TCGA-CJ-4637-01A-02R-1325-07,0.6433161631342301,0
TCGA-CJ-4897-01A-03R-1426-07,0.22476435040325946,1
TCGA-D8-A3Z6-01A-11R-A239-07,0.6697247877405117,1
TCGA-68-7757-01B-11R-2296-07,0.6642204737927135,1
TCGA-HI-7168-01A-11R-2118-07,0.8908684879554194,1
TCGA-DV-A4VZ-01A-11R-A266-07,0.7273726018566438,1
TCGA-CC-A7IJ-01A-11R-A33R-07,0.8498847287834376,0
TCGA-3C-AALJ-01A-31R-A41B-07,0.8321247580680795,1
TCGA-49-4505-01A-01R-1206-07,0.7191619046741891,1
TCGA-V5-A7RE-01A-11R-A354-31,0.8791065248378417,1
TCGA-CC-5261-01A-01R-A131-07,0.5510918897251422,1
TCGA-85-A4CN-01A-11R-A24H-07,0.48963510225936935,1
TCGA-BH-A0HI-01A-11R-A084-07,0.5557413656007856,1
TCGA-55-A48Z-01A-12R-A24X-07,0.8372867460424134,1
TCGA-60-2720-01A-01R-0851-07,0.5111960942033241,1
TCGA-A7-A5ZV-01A-11R-A28M-07,0.9340176717510309,1
TCGA-HC-7231-01A-11R-2118-07,0.6424790214917009,1
TCGA-66-2771-01A-01R-0980-07,0.40577140563681546,1
TCGA-EJ-A65J-01A-11R-A311-07,0.8898848747184707,1
TCGA-G4-6322-01A-11R-1723-07,0.830270755426783,0
TCGA-IB-A7LX-01A-12R-A36G-07,0.8678046305510564,1
TCGA-86-8669-01A-11R-2403-07,0.8414649731187172,0
TCGA-B0-5697-01A-11R-1541-07,0.8193106761581082,0
TCGA-G4-6323-01A-11R-1723-07,0.6621370185167043,1
TCGA-L5-A4OT-01A-11R-A28J-31,0.8502301236605367,1
TCGA-3E-AAAZ-01A-11R-A38C-07,0.8469030146776888,1
TCGA-13-1498-01A-01R-1565-13,0.7865213247970846,0
TCGA-WN-AB4C-01A-11R-A42S-07,0.29829011790297116,1
TCGA-AA-A02W-01A-01R-A00A-07,0.5803235107381105,1
TCGA-A6-5660-01A-01R-1653-07,0.6942955026978405,1
TCGA-85-A50M-01A-21R-A262-07,0.7381719637431451,1
TCGA-B4-5378-01A-01R-1503-07,0.36385775078568827,0
TCGA-EW-A1PF-01A-11R-A144-07,0.8527153511868993,1
TCGA-44-4112-01B-06R-A277-07,0.407285761679826,1
TCGA-23-1021-01B-01R-1564-13,0.5650409394478106,1
TCGA-CJ-4888-01A-01R-1305-07,0.6678225982474433,0
TCGA-FB-AAQ6-01A-11R-A41B-07,0.8352103361277742,1
TCGA-39-5021-01A-01R-1443-07,0.5338494463962493,1
TCGA-HZ-8638-01A-11R-2404-07,0.7657804426820659,1
TCGA-55-8085-01A-11R-2241-07,0.8551414013370765,1
TCGA-24-2038-01A-01R-1568-13,0.4800264656483755,1
TCGA-UZ-A9PS-01A-11R-A42S-07,0.4164737083104165,1
TCGA-23-1022-01A-01R-1564-13,0.6136228593172368,0
TCGA-25-1635-01A-01R-1566-13,0.6450095869322472,0
TCGA-56-8308-01A-11R-2296-07,0.6018413366956902,1
TCGA-A7-A13G-01A-11R-A13Q-07,0.6737541092668218,1
TCGA-BH-A0DX-01A-11R-A115-07,0.8392587395871529,1
TCGA-BH-A0HO-01A-11R-A034-07,0.7580628142586467,0
TCGA-A8-A092-01A-11R-A00Z-07,0.6480806145709528,1
TCGA-A8-A08I-01A-11R-A00Z-07,0.8694852912971329,0
TCGA-QU-A6IO-01A-11R-A31N-07,0.216062135718384,1
TCGA-D8-A1XO-01A-11R-A14M-07,0.7104396826006938,1
TCGA-HE-A5NL-01A-11R-A26U-07,0.02781930107089308,1
TCGA-CZ-5984-01A-11R-1672-07,0.7996110341963866,1
TCGA-EJ-A7NJ-01A-22R-A352-07,0.5290267518611849,1
TCGA-A6-6653-01A-11R-1774-07,0.7827428963998362,1
TCGA-BC-4073-01B-02R-A131-07,0.8007180094227738,0
TCGA-HZ-7923-01A-12R-2156-07,0.2554012023718833,1
TCGA-AL-7173-01A-11R-2139-07,0.43521928225228595,1
TCGA-A2-A1FX-01A-11R-A13Q-07,0.8418869780556825,1
TCGA-AZ-4323-01A-21R-1839-07,0.8121224204738956,1
TCGA-J4-A67R-01A-21R-A30B-07,0.135530151425894,1
TCGA-BF-AAP8-01A-11R-A40A-07,0.7347372940876893,1
TCGA-IG-A97H-01A-11R-A38D-31,0.8488630393634207,0
TCGA-DM-A28C-01A-11R-A32Y-07,0.7704339981669579,1
TCGA-NJ-A4YQ-01A-11R-A262-07,0.8721753681293181,1
TCGA-LN-A49K-01A-11R-A24K-31,0.6096443255662399,1
TCGA-44-2655-01A-01R-0946-07,0.6610875584368084,0
TCGA-B8-5164-01A-01R-1420-07,0.37046122392012143,1
TCGA-IZ-8195-01A-31R-2404-07,0.41465288424378133,0
TCGA-XD-AAUG-01A-61R-A41B-07,0.39508861958765323,1
TCGA-OE-A75W-01A-12R-A32O-07,0.6155641103932514,1
TCGA-UZ-A9PU-01A-11R-A42S-07,0.07495518660863112,1
TCGA-CM-4752-01A-01R-1410-07,0.7200230351584419,1
TCGA-MR-A520-01A-11R-A266-07,0.11960852811919007,0
TCGA-E9-A1R0-01A-22R-A16F-07,0.742870792562067,1
TCGA-43-8115-01A-11R-2247-07,0.6179784553631615,1
TCGA-F2-A7TX-01A-33R-A38C-07,0.8870586955729867,1
TCGA-13-1404-01A-01R-1565-13,0.6679448238109612,0
TCGA-13-0923-01A-01R-1564-13,0.5420124961727603,1
TCGA-LB-A7SX-01A-11R-A33R-07,0.9376639739642972,1
TCGA-BP-5001-01A-01R-1334-07,0.315923193590006,1
TCGA-09-1665-01B-01R-1566-13,0.7172077645851226,1
TCGA-GL-A9DC-01A-11R-A37K-07,0.2335188834251932,0
TCGA-IA-A83T-01A-11R-A355-07,0.34112427676462354,1
TCGA-86-8668-01A-11R-2403-07,0.717028001509903,0
TCGA-A6-5661-01A-01R-1653-07,0.5967566599984203,1
TCGA-V5-A7RC-01B-11R-A406-31,0.7276748244259751,1
TCGA-05-4417-01A-22R-1858-07,0.6825241441932139,1
TCGA-29-1693-01A-01R-1567-13,0.6607037236466593,1
TCGA-AN-A0FX-01A-11R-A034-07,0.8539983858246338,1
TCGA-C8-A135-01A-11R-A115-07,0.8696083315397601,1
TCGA-CM-6162-01A-11R-1653-07,0.46582266492454055,1
TCGA-E2-A15C-01A-31R-A12D-07,0.6933609290894619,1
TCGA-D8-A1JI-01A-11R-A13Q-07,0.7555902103125224,1
TCGA-24-1563-01A-01R-1566-13,0.678391321819319,1
TCGA-BH-A42V-01A-11R-A24H-07,0.38022330188311637,1
TCGA-A6-6780-01A-11R-1839-07,0.8338541984239658,1
TCGA-A3-3323-01A-02R-1325-07,0.31925430790160186,1
TCGA-B0-4712-01A-01R-1503-07,0.5353611435262641,1
TCGA-85-A4QR-01A-11R-A24Z-07,0.6098705912908169,1
TCGA-EW-A423-01A-11R-A24H-07,0.5552890534138363,1
TCGA-HZ-A8P0-01A-11R-A36G-07,0.8155735597403858,1
TCGA-B1-A47M-01A-11R-A24Z-07,0.2549877588636718,0
TCGA-91-6830-01A-11R-1949-07,0.868924174244223,1
TCGA-AO-A0J9-01A-11R-A034-07,0.6455722746815484,0
TCGA-V1-A8WV-01A-11R-A37L-07,0.9332672542548409,1
TCGA-LN-A49N-01A-11R-A24K-31,0.38329961741464635,1
TCGA-BF-AAP6-01A-11R-A40A-07,0.17670962450584218,1
TCGA-B6-A401-01A-11R-A239-07,0.6981140744263712,1
TCGA-BQ-7060-01A-11R-1965-07,0.04185221880267758,0
TCGA-EP-A2KB-01A-11R-A180-07,0.4947270782483505,1
TCGA-A2-A0SY-01A-31R-A084-07,0.6967991940072394,0
TCGA-CZ-4860-01A-01R-1305-07,0.8948263697342959,1
TCGA-CM-6169-01A-11R-1653-07,0.6124441847005614,1
TCGA-85-8353-01A-21R-2296-07,0.5036790001286837,1
TCGA-AA-3850-01A-01R-1022-07,0.78292460689831,1
TCGA-2Z-A9JJ-01A-11R-A42S-07,0.8762028760341288,1
TCGA-C8-A1HE-01A-11R-A13Q-07,0.5103176063951559,1
TCGA-97-7552-01A-11R-2039-07,0.38670143106933874,1
TCGA-YL-A8SC-01A-11R-A37L-07,0.8618321719704478,0
TCGA-BQ-5877-01A-11R-1592-07,0.6923011017777976,0
TCGA-AA-3986-01A-02R-1022-07,0.7265221948525181,1
TCGA-A6-6140-01A-11R-1774-07,0.474833652856979,1
TCGA-MP-A5C7-01A-11R-A262-07,0.6223895895384637,1
TCGA-86-7955-01A-11R-2187-07,0.8515339315096301,1
TCGA-A3-3311-01A-02R-1325-07,0.5657556142578456,1
TCGA-MP-A4T8-01A-11R-A24X-07,0.8217050099215473,0
TCGA-49-4488-01A-01R-1755-07,0.8016296705452179,0
TCGA-A8-A07O-01A-11R-A00Z-07,0.8172151731731097,0
TCGA-EJ-7312-01B-21R-A32O-07,0.8623010768271866,1
TCGA-CK-5912-01A-11R-1653-07,0.829067544217886,1
TCGA-56-6546-01A-11R-1820-07,0.7760765240003122,1
TCGA-B6-A1KC-01B-11R-A157-07,0.8016472753023391,1
TCGA-5P-A9JU-01A-11R-A42S-07,0.5352994142611174,0
TCGA-B9-4114-01A-01R-1193-07,0.538065687298445,1
TCGA-EB-A551-01A-21R-A27Q-07,0.4389795520894614,1
TCGA-A7-A0DB-01A-11R-A277-07,0.775797529849605,1
TCGA-G4-6628-01A-11R-1839-07,0.8612099930605791,1
TCGA-LD-A66U-01A-11R-A31O-07,0.10336596405702676,1
TCGA-91-6840-01A-11R-1949-07,0.9138915960790398,0
TCGA-EJ-5527-01A-01R-1580-07,0.2964888991969672,1
TCGA-29-2428-01A-01R-1569-13,0.6401228090311762,0
TCGA-22-4601-01A-01R-1443-07,0.7570571767135594,0
TCGA-22-0940-01A-01R-0692-07,0.6819259778994339,1
TCGA-24-1555-01A-01R-1566-13,0.5717160365829104,1
TCGA-F4-6856-01A-11R-1928-07,0.6655222297687885,1
TCGA-LG-A9QD-01A-11R-A38B-07,0.4607660377210339,1
TCGA-B0-4814-01A-01R-1277-07,0.6674511795885453,1
TCGA-DD-A3A7-01A-11R-A22L-07,0.5978250256183743,1
TCGA-BQ-7050-01A-11R-1965-07,0.40871658159332114,1
TCGA-EJ-5524-01A-01R-1580-07,0.4746988501119724,1
TCGA-E9-A22A-01A-11R-A157-07,0.7659590861772616,1
TCGA-BH-A1FJ-01A-11R-A13Q-07,0.7845484912679753,1
TCGA-EJ-5517-01A-01R-1580-07,0.5183836011977884,1
TCGA-FB-AAPP-01A-12R-A41B-07,0.9291337972416466,1
TCGA-EJ-8472-01A-11R-2403-07,0.9145031903115692,1
TCGA-BP-4770-01A-01R-1503-07,0.8740452102133666,1
TCGA-CJ-5681-01A-11R-1541-07,0.9327169384028391,0
TCGA-EJ-5542-01A-01R-1580-07,0.2818880958661295,0
TCGA-13-1407-01A-01R-1565-13,0.5637206577928011,1
TCGA-J7-A8I2-01A-12R-A36F-07,0.9065593785810353,1
TCGA-ED-A627-01A-12R-A311-07,0.4496813775674443,0
TCGA-2J-AABU-01A-11R-A41B-07,0.8579384634653913,1
TCGA-E9-A1QZ-01A-21R-A169-07,0.7603605054083454,1
TCGA-66-2744-01A-01R-0980-07,0.538603019927917,1
TCGA-29-1781-01A-01R-1567-13,0.6204812704540218,1
TCGA-LN-A49L-01A-11R-A24K-31,0.912923405159736,0
TCGA-18-4721-01A-01R-1443-07,0.5259293265960521,1
TCGA-A7-A5ZW-01A-12R-A29R-07,0.5314437361793818,1
TCGA-B6-A409-01A-11R-A24H-07,0.7549603703236386,1
TCGA-FC-A4JI-01A-11R-A250-07,0.9555475404250557,1
TCGA-13-1405-01A-01R-1565-13,0.708433853977297,1
TCGA-DD-AADO-01A-11R-A41C-07,0.41824784173333335,1
TCGA-WX-AA46-01A-11R-A39D-07,0.502935484933504,1
TCGA-4N-A93T-01A-11R-A37K-07,0.7134589911659175,1
TCGA-V1-A9OF-01A-11R-A41O-07,0.6585415442831064,0
TCGA-Y8-A897-01A-11R-A36F-07,0.23212967367589293,1
TCGA-A6-3807-01A-01R-1022-07,0.8246537442991938,1
TCGA-DD-A1ED-01A-11R-A155-07,0.2454151710732879,1
TCGA-AO-A0J8-01A-21R-A034-07,0.6479421716950845,1
TCGA-BH-A42T-01A-11R-A24H-07,0.6928870507297011,0
TCGA-25-1329-01A-01R-1565-13,0.734155712391011,0
TCGA-AO-A12H-01A-11R-A115-07,0.796933171290509,1
TCGA-G3-A25T-01A-11R-A16W-07,0.8114079556679575,1
TCGA-G9-7509-01A-11R-A41O-07,0.4560407620336034,1
TCGA-BC-A8YO-01A-11R-A37K-07,0.704581190319366,1
TCGA-50-5942-01A-21R-1755-07,0.6633849305378211,1
TCGA-GM-A2DB-01A-31R-A18M-07,0.7575117518350931,1
TCGA-C8-A133-01A-32R-A12D-07,0.5521057204742632,1
TCGA-NC-A5HD-01A-11R-A26W-07,0.6897729529520324,1
TCGA-AR-A0U0-01A-11R-A109-07,0.849804069137725,1
TCGA-23-1029-01B-01R-1567-13,0.5790297977557493,0
TCGA-HZ-8637-01A-11R-2404-07,0.8889172508524257,1
TCGA-D8-A1JM-01A-11R-A13Q-07,0.8895438965762416,1
TCGA-91-8499-01A-11R-2403-07,0.895637461342806,1
TCGA-ZP-A9D2-01A-11R-A38B-07,0.8321592521810718,1
TCGA-2Y-A9GV-01A-11R-A38B-07,0.5498167414243138,1
TCGA-B8-A54D-01A-21R-A266-07,0.6868726039792681,1
TCGA-A4-8630-01A-11R-2404-07,0.06670245373686269,1
TCGA-F4-6855-01A-11R-1928-07,0.74667106682225,1
TCGA-EB-A3HV-01A-11R-A21D-07,0.18888321231531796,1
TCGA-XJ-A83G-01A-11R-A352-07,0.430471960915015,0
TCGA-AA-3560-01A-01R-0821-07,0.8782072537800026,1
TCGA-D8-A1XA-01A-11R-A14D-07,0.8563873811234181,1
TCGA-BP-4963-01A-01R-1334-07,0.5873316895974945,1
TCGA-04-1338-01A-01R-1564-13,0.7319293313446411,1
TCGA-09-1662-01A-01R-1566-13,0.7614816297762244,1
TCGA-24-1417-01A-01R-1565-13,0.6928200913058284,1
TCGA-ZG-A9LN-01A-11R-A41O-07,0.9004089858644964,1
TCGA-EJ-8474-01A-11R-2403-07,0.7644227547343792,1
TCGA-13-0727-01A-01R-1564-13,0.5611465491270643,1
TCGA-37-5819-01A-01R-1635-07,0.8389020028503756,1
TCGA-E2-A1LI-01A-12R-A157-07,0.8284597103358637,0
TCGA-77-7138-01A-41R-2045-07,0.6959666768377405,1
TCGA-A2-A3XU-01A-12R-A22U-07,0.7995440496210021,1
TCGA-QG-A5YW-01A-11R-A28H-07,0.8329793106242318,1
TCGA-49-AAR0-01A-21R-A39D-07,0.7825128346417936,1
TCGA-50-6590-01A-12R-1858-07,0.7741852164020533,1
TCGA-55-8510-01A-11R-2403-07,0.6207897768757259,1
TCGA-AL-3466-01A-02R-1351-07,0.8341228666818254,0
TCGA-IB-AAUU-01A-11R-A37L-07,0.6457545984799176,0
TCGA-AA-3815-01A-01R-1022-07,0.7756053374444747,1
TCGA-AR-A0TZ-01A-12R-A084-07,0.7714742992589219,1
TCGA-M7-A71Z-01A-12R-A32O-07,0.71653966691913,1
TCGA-A8-A09C-01A-11R-A00Z-07,0.8445728770152923,1
TCGA-DD-AAE1-01A-11R-A41C-07,0.4935553934497031,0
TCGA-BH-A1EX-01A-11R-A13Q-07,0.7917941696898296,1
TCGA-DM-A288-01A-11R-A16W-07,0.7058556498054352,0
TCGA-CC-A5UE-01A-11R-A28V-07,0.679647884565083,1
TCGA-S8-A6BV-01A-21R-A31P-31,0.9226723599394547,1
TCGA-AO-A03O-01A-11R-A00Z-07,0.8698664342212934,0
TCGA-IA-A83W-01A-11R-A355-07,0.48592199900794797,1
TCGA-86-A4P8-01A-11R-A24X-07,0.335024247543828,0
TCGA-A4-7288-01A-11R-A32Z-07,0.1929169920385374,0
TCGA-33-4532-01A-01R-1201-07,0.7385275411181207,1
TCGA-OY-A56P-01A-12R-A406-31,0.48568251144706687,1
TCGA-GK-A6C7-01A-11R-A33J-07,0.5510919281521339,1
TCGA-E2-A15E-01A-11R-A12D-07,0.8317575531199258,1
TCGA-DD-A39W-01A-11R-A213-07,0.6748051863295249,1
TCGA-AR-A0U3-01A-11R-A109-07,0.8831828374146665,1
TCGA-CJ-4900-01A-01R-1334-07,0.8004383502264568,0
TCGA-E2-A15G-01A-11R-A12D-07,0.4351373813754447,1
TCGA-CH-5769-01A-11R-1580-07,0.8880460662867428,1
TCGA-60-2707-01A-01R-0851-07,0.24396065378192824,1
TCGA-CW-5589-01A-01R-1541-07,0.38469586277682233,0
TCGA-DD-AAEB-01A-11R-A41C-07,0.4778193953653883,1
TCGA-61-2098-01A-01R-1568-13,0.38788560805101446,1
TCGA-05-4249-01A-01R-1107-07,0.763476850309368,1
TCGA-33-4589-01A-01R-1443-07,0.364636006800911,1
TCGA-E2-A15K-01A-11R-A12P-07,0.7686950934572552,1
TCGA-DD-A4NL-01A-11R-A28V-07,0.30622397451444894,1
TCGA-BF-AAP2-01A-11R-A40A-07,0.09084847375347381,1
TCGA-44-6779-01A-11R-1858-07,0.7624430524456719,1
TCGA-85-7844-01A-11R-2125-07,0.34169787059724965,1
TCGA-AK-3460-01A-02R-1277-07,0.4122612569651193,1
TCGA-B2-4101-01A-02R-1277-07,0.29852998056548236,1
TCGA-51-4080-01A-01R-1100-07,0.5911731969869539,1
TCGA-3C-AALI-01A-11R-A41B-07,0.8368571940234739,1
TCGA-IB-A5SP-01A-11R-A32O-07,0.8236446329253407,1
TCGA-L5-A88Z-01A-11R-A36D-31,0.8126479330078112,0
TCGA-D9-A4Z5-01A-11R-A266-07,0.33396683961376084,1
TCGA-BH-A0DG-01A-21R-A12P-07,0.8441081323287782,0
TCGA-L5-A8NF-01A-11R-A37I-31,0.8866225703411943,1
TCGA-EJ-7325-01B-11R-A32O-07,0.5611125163634392,0
TCGA-13-1497-01A-01R-1565-13,0.7643387399126426,1
TCGA-HC-7736-01A-11R-2118-07,0.7467514767798363,1
TCGA-AR-A1AH-01A-11R-A12D-07,0.8791056260089707,1
TCGA-A7-A26F-01B-04R-A22O-07,0.8183316737826924,1
TCGA-04-1337-01A-01R-1564-13,0.6098811565130099,1
TCGA-EB-A6QZ-01A-12R-A32P-07,0.14117589024743354,1
TCGA-AK-3444-01A-02R-1325-07,0.3871781572442785,0
TCGA-B0-5092-01A-01R-1420-07,0.5478506735024189,1
TCGA-A8-A09A-01A-11R-A00Z-07,0.8163522590825967,1
TCGA-LN-A49O-01A-11R-A24K-31,0.7861482616762892,1
TCGA-61-1737-01A-01R-1567-13,0.739965800887308,1
TCGA-EJ-A46H-01A-31R-A26U-07,0.41263743147186743,0
TCGA-B6-A0X5-01A-21R-A109-07,0.9099823215692218,1
TCGA-C8-A26X-01A-31R-A16F-07,0.818286691566148,0
TCGA-21-1077-01A-01R-0692-07,0.5893533337675144,1
TCGA-GM-A2DD-01A-11R-A180-07,0.7859380967765072,1
TCGA-BP-4326-01A-01R-1289-07,0.7142791273354752,0
TCGA-DA-A960-01A-11R-A37K-07,0.26997979403949207,1
TCGA-94-A5I4-01A-11R-A26W-07,0.7034896191275761,1
TCGA-AA-3520-01A-01R-0821-07,0.6801240165745975,1
TCGA-2Y-A9H1-01A-11R-A38B-07,0.3072638795173171,1
TCGA-63-A5ML-01A-31R-A27Q-07,0.5975618008145381,1
TCGA-KK-A8IB-01A-11R-A36G-07,0.841547762464418,0
TCGA-AA-3947-01A-01R-1022-07,0.47678301858168337,1
TCGA-B8-4621-01A-01R-1503-07,0.8188589316756766,1
TCGA-S3-AA11-01A-31R-A41B-07,0.7715391742742318,1
TCGA-BH-A0BM-01A-11R-A056-07,0.45310835003871364,1
TCGA-AK-3447-01A-01R-1766-07,0.7752447411755498,1
TCGA-E2-A1IO-01A-11R-A144-07,0.7696299017357345,1
TCGA-BP-5185-01A-01R-1426-07,0.2823961191797814,1
TCGA-LL-A5YO-01A-21R-A28M-07,0.6119828686082227,0
TCGA-A3-3347-01A-02R-1325-07,0.6329292939834557,1
TCGA-60-2709-01A-21R-1820-07,0.3401983103650296,0
TCGA-DD-A1EK-01A-11R-A213-07,0.5821222773496662,1
TCGA-BH-A0HU-01A-11R-A034-07,0.7572208120840668,0
TCGA-HZ-7289-01A-11R-2156-07,0.9351747213177141,1
TCGA-33-4566-01A-01R-1443-07,0.7966891678147268,1
TCGA-EJ-5504-01A-01R-1580-07,0.6330497756806145,1
TCGA-IB-7654-01A-11R-2156-07,0.8461778897743297,1
TCGA-2Z-A9JD-01A-11R-A42S-07,0.3431478941070636,1
TCGA-BH-A18L-01A-32R-A12D-07,0.7588176590815073,1
TCGA-38-A44F-01A-11R-A24H-07,0.35421130158269926,0
TCGA-YL-A8SB-01A-31R-A37L-07,0.7620124156476451,1
TCGA-46-3768-01A-01R-0980-07,0.54982766265105,1
TCGA-AR-A24U-01A-11R-A169-07,0.8176116885114773,1
TCGA-AO-A0JD-01A-11R-A056-07,0.8737808753117297,1
TCGA-A2-A0T1-01A-21R-A084-07,0.8579759149229449,1
TCGA-D8-A1JH-01A-11R-A13Q-07,0.31339674838012993,1
TCGA-BP-5194-01A-02R-1426-07,0.17938071259885657,1
TCGA-RB-AA9M-01A-11R-A39D-07,0.7031671408503982,1
TCGA-A4-7915-01A-11R-2204-07,0.516139111206532,1
TCGA-AA-3867-01A-01R-1022-07,0.7202935414906022,1
TCGA-3A-A9IH-01A-12R-A39D-07,0.585562876138957,1
TCGA-E2-A570-01A-11R-A29R-07,0.7226245050659736,1
TCGA-D5-5540-01A-01R-1653-07,0.33316954036411406,0
TCGA-B0-4839-01A-01R-1305-07,0.4527440011300484,1
TCGA-FS-A1ZN-01A-11R-A18T-07,0.21164762742086018,1
TCGA-D8-A1Y1-01A-21R-A14M-07,0.8454962742726042,1
TCGA-57-1993-01A-01R-1568-13,0.5452057138362075,1
TCGA-E9-A3X8-01A-31R-A22U-07,0.12500718149563247,1
TCGA-86-8073-01A-11R-2241-07,0.8681983249065116,1
TCGA-ZG-A8QW-01A-11R-A37L-07,0.9190340465223844,1
TCGA-AK-3458-01A-01R-1503-07,0.5595509026889256,1
TCGA-L5-A88S-01A-11R-A36D-31,0.781469193384748,1
TCGA-DD-A4NJ-01A-11R-A27V-07,0.7464083039778313,0
TCGA-55-6985-01A-11R-1949-07,0.7214652384781546,1
TCGA-78-7147-01A-11R-2039-07,0.861179856482675,0
TCGA-AK-3429-01A-02R-1325-07,0.6089347678517305,0
TCGA-AR-A2LH-01A-31R-A18M-07,0.7581929439128356,0
TCGA-WX-AA47-01A-11R-A39D-07,0.7173216615994146,0
TCGA-04-1536-01A-01R-1566-13,0.688096086053941,1
TCGA-L3-A524-01A-11R-A262-07,0.6768120219004656,1
TCGA-91-6848-01A-11R-1949-07,0.7805107837000202,1
TCGA-24-2027-01A-01R-1567-13,0.626238725793851,1
TCGA-H9-A6BX-01A-31R-A311-07,0.474543693708708,1
TCGA-G9-6354-01A-11R-A311-07,0.4419466115012954,1
TCGA-10-0937-01A-02R-1564-13,0.5518800935378257,1
TCGA-B6-A0RN-01A-12R-A084-07,0.5855042391698546,1
TCGA-86-8056-01A-11R-2241-07,0.6557743874392153,0
TCGA-95-8039-01A-11R-2241-07,0.8039885233123097,0
TCGA-E9-A1R5-01A-11R-A14M-07,0.7629963829337062,0
TCGA-A3-3331-01A-02R-1325-07,0.46654642697650434,1
TCGA-18-3410-01A-01R-0980-07,0.6481639761984274,1
TCGA-22-5491-01A-01R-1635-07,0.4290203848868452,1
TCGA-A4-A7UZ-01A-12R-A355-07,0.7044864535398665,0
TCGA-L5-A4OS-01A-11R-A28J-31,0.9186375794007828,0
TCGA-AZ-6607-01A-11R-1839-07,0.6949408256754841,1
TCGA-B0-5077-01A-01R-1334-07,0.6912765549312037,0
TCGA-63-A5MW-01A-11R-A26W-07,0.7926298354128868,0
TCGA-CK-6747-01A-11R-1839-07,0.6749237025567226,1
TCGA-A8-A06U-01A-11R-A00Z-07,0.8801469585988249,1
TCGA-CC-A5UD-01A-11R-A28V-07,0.8352402691750423,1
TCGA-44-A47A-01A-21R-A24H-07,0.8708962837399274,0
TCGA-EW-A1IZ-01A-11R-A13Q-07,0.8195101878353472,1
TCGA-24-2019-01A-02R-1568-13,0.6617982170694131,1
TCGA-EW-A1IX-01A-12R-A144-07,0.5534130983560687,1
TCGA-13-0897-01A-01R-1564-13,0.5959515317640262,1
TCGA-A8-A06Q-01A-11R-A034-07,0.8325388843833893,1
TCGA-A2-A4RX-01A-11R-A266-07,0.8172675174165236,1
TCGA-E9-A1RC-01A-11R-A157-07,0.7601330635741516,1
TCGA-AA-3814-01A-01R-0905-07,0.628754250676056,1
TCGA-DD-AACH-01A-11R-A41C-07,0.8084557399526971,1
TCGA-AA-3496-01A-21R-1839-07,0.7895323291838374,1
TCGA-69-7974-01A-11R-2187-07,0.7850942145440156,0
TCGA-24-1431-01A-01R-1566-13,0.73577598157382,1
TCGA-B6-A1KI-01A-11R-A14M-07,0.7822507203015915,0
TCGA-AK-3461-01A-02R-1277-07,0.5451819382892494,1
TCGA-DD-A11D-01A-11R-A131-07,0.4597030583911489,1
TCGA-22-4594-01A-01R-1201-07,0.7069136095125498,1
TCGA-GN-A8LN-01A-11R-A37K-07,0.359491116502214,1
TCGA-A4-7286-01A-11R-A32Z-07,0.1633115283202848,0
TCGA-G9-6362-01A-11R-1789-07,0.8523762782746871,1
TCGA-ED-A7PZ-01A-11R-A33R-07,0.7292204760634591,1
TCGA-77-7139-01A-11R-2045-07,0.6033636769976053,1
TCGA-AT-A5NU-01A-11R-A28H-07,0.14320288570983125,1
TCGA-G9-6348-01A-11R-1789-07,0.8066584069118384,1
TCGA-CM-5868-01A-01R-1653-07,0.6091098489621832,0
TCGA-80-5607-01A-31R-1949-07,0.8513352156994352,1
TCGA-DD-A4ND-01A-11R-A266-07,0.7866256396126358,1
TCGA-AK-3443-01A-02R-1325-07,0.8324785337574143,1
TCGA-BH-A28Q-01A-11R-A16F-07,0.6745957959371762,1
TCGA-62-A470-01A-11R-A24H-07,0.7753314819563005,1
TCGA-85-A5B5-01A-21R-A26W-07,0.6475085699793536,1
TCGA-GN-A4U5-01A-11R-A32P-07,0.15702466443541863,1
TCGA-A7-A2KD-01A-31R-A21T-07,0.8908321204851063,0
TCGA-5R-AAAM-01A-12R-A41C-07,0.3779650472686733,1
TCGA-AA-3952-01A-01R-1022-07,0.8440867154303704,1
TCGA-E9-A1NC-01A-21R-A26B-07,0.7999318940799479,1
TCGA-E9-A229-01A-31R-A157-07,0.6917027247029574,0
TCGA-55-A494-01A-11R-A24X-07,0.8407391803399504,1
TCGA-D8-A1XL-01A-11R-A14M-07,0.7786288202153585,1
TCGA-YL-A8SI-01A-11R-A41O-07,0.5025625393424846,1
TCGA-61-1911-01A-01R-1567-13,0.7264892617347627,1
TCGA-56-1622-01A-01R-0692-07,0.7506497981138914,0
TCGA-C8-A26Z-01A-11R-A16F-07,0.8215804397545462,1
TCGA-V5-A7RB-01A-11R-A354-31,0.8683378784031296,1
TCGA-OL-A66H-01A-11R-A29R-07,0.7636790142299955,1
TCGA-AC-A3OD-01A-11R-A21T-07,0.7834625268935813,0
TCGA-A4-8516-01A-11R-2404-07,0.16800185163431824,0
TCGA-EJ-A7NN-01A-11R-A33R-07,0.9326329619858431,1
TCGA-A8-A06Y-01A-21R-A00Z-07,0.8347152840243497,1
TCGA-EB-A5VU-01A-21R-A32P-07,0.30033073450533376,1
TCGA-HC-7232-01A-11R-2118-07,0.811041705201848,1
TCGA-2L-AAQL-01A-11R-A38C-07,0.5593866144618741,1
TCGA-BF-A3DM-01A-11R-A20F-07,0.4273126805668746,0
TCGA-GM-A2DI-01A-31R-A18M-07,0.5902082009467933,1
TCGA-CJ-4635-01A-02R-1305-07,0.6710459665453926,0
TCGA-FV-A4ZP-01A-12R-A266-07,0.47519537473123197,1
TCGA-IH-A3EA-01A-11R-A20F-07,0.10168752234257344,1
TCGA-HC-7075-01A-11R-1965-07,0.5413342052813557,1
TCGA-5P-A9K6-01A-11R-A42S-07,0.04766516382551221,1
TCGA-DM-A28K-01A-21R-A32Y-07,0.6607655531904028,0
TCGA-BP-4962-01A-01R-1334-07,0.4842102193698357,1
TCGA-53-7624-01A-11R-2066-07,0.8897743459516005,1
TCGA-AA-3854-01A-01R-0905-07,0.6234844374619332,1
TCGA-OL-A5RW-01A-11R-A28M-07,0.844708127280607,0
TCGA-E9-A1RI-01A-11R-A169-07,0.48960869097148774,1
TCGA-A7-A4SB-01A-21R-A266-07,0.8156470469025318,1
TCGA-A3-3306-01A-01R-0864-07,0.7285447196949807,1
TCGA-G9-6371-01A-11R-1789-07,0.5642356604456716,1
TCGA-E9-A243-01A-21R-A169-07,0.7862798576502217,1
TCGA-A7-A0CG-01A-12R-A056-07,0.6172994439619477,0
TCGA-E9-A3HO-01A-11R-A213-07,0.7330299543726869,1
TCGA-B6-A408-01A-12R-A24H-07,0.7465330829269821,0
TCGA-24-1426-01A-01R-1565-13,0.7042113423245022,0
TCGA-AC-A6IV-01A-12R-A33J-07,0.5940339234775728,0
TCGA-AS-3778-01A-01R-A32Z-07,0.4871037606810607,1
TCGA-C8-A1HG-01A-11R-A137-07,0.7831018549068574,1
TCGA-BQ-7059-01A-11R-1965-07,0.2697774582818291,1
TCGA-SX-A7SL-01A-11R-A355-07,0.2830758234618277,1
TCGA-13-1492-01A-01R-1565-13,0.7064132794959775,1
TCGA-BP-4970-01A-01R-1334-07,0.3168851517658345,1
TCGA-HE-7128-01A-11R-1965-07,0.110121147554871,1
TCGA-61-1733-01A-01R-1567-13,0.7138530359058924,0
TCGA-LL-A5YL-01A-12R-A29R-07,0.5100601955862577,1
TCGA-DD-A3A8-01A-11R-A22L-07,0.4133477067338029,1
TCGA-AK-3450-01A-02R-1277-07,0.5342671515169944,1
TCGA-EW-A2FS-01A-11R-A17B-07,0.8058353694291263,1
TCGA-A2-A0T6-01A-11R-A084-07,0.44408472413190797,1
TCGA-FV-A496-01A-11R-A266-07,0.7198082274322055,1
TCGA-75-7027-01A-11R-1949-07,0.8024496620810366,1
TCGA-43-3394-01A-01R-0980-07,0.6062966725062392,1
TCGA-CZ-5455-01A-01R-1503-07,0.5361434092969677,1
TCGA-AA-3831-01A-01R-0905-07,0.633216888012502,1
TCGA-NH-A8F7-01A-11R-A41B-07,0.6454565064002644,1
TCGA-FB-A4P6-01A-12R-A26U-07,0.6484117436061373,1
TCGA-VP-A87E-01A-31R-A352-07,0.6072173477213252,1
TCGA-BH-A0DD-01A-31R-A12P-07,0.7608861091195759,1
TCGA-CM-4744-01A-01R-A32Z-07,0.6418783661991094,1
TCGA-IG-A8O2-01A-11R-A36D-31,0.8791549350043846,1
TCGA-A8-A07P-01A-11R-A00Z-07,0.7234942985517623,1
TCGA-J4-A67Q-01A-21R-A30B-07,0.18042978560883308,1
TCGA-A3-3387-01A-01R-1541-07,0.6730613662725226,1
TCGA-IB-7647-01A-11R-2156-07,0.8507629105005369,1
TCGA-98-8022-01A-11R-2247-07,0.777217659822378,1
TCGA-J2-8194-01A-11R-2241-07,0.7614100268523689,1
TCGA-BP-5189-01A-02R-1426-07,0.2492874250796983,0
TCGA-24-2293-01A-01R-1568-13,0.5323253718735351,1
TCGA-DD-A1EA-01A-11R-A131-07,0.8017286249674325,1
TCGA-JY-A6FB-01A-11R-A336-31,0.8380696490500656,1
TCGA-60-2716-01A-01R-0851-07,0.8019567775586737,1
TCGA-A1-A0SF-01A-11R-A144-07,0.8802995380299741,1
TCGA-78-7148-01A-11R-2039-07,0.8058219543671274,1
TCGA-85-7696-01A-11R-2125-07,0.6348951953301715,1
TCGA-25-1319-01A-01R-1565-13,0.7681433514236424,1
TCGA-44-A47B-01A-11R-A24H-07,0.8692929350216592,1
TCGA-L5-A88W-01A-11R-A354-31,0.8237034220599126,1
TCGA-85-A4CL-01A-41R-A26W-07,0.6959727357702038,1
TCGA-44-A4SU-01A-11R-A24X-07,0.7114353059953392,1
TCGA-2Y-A9GX-01A-11R-A38B-07,0.3877219916510669,1
TCGA-G4-6586-01A-11R-1774-07,0.6503232349718874,1
TCGA-68-A59J-01A-21R-A26W-07,0.7473513424043694,0
TCGA-G6-A5PC-01A-11R-A33J-07,0.40924126603464833,1
TCGA-IG-A50L-01A-11R-A260-31,0.7665253711262542,0
TCGA-43-6770-01A-11R-1820-07,0.5811421399305211,0
TCGA-57-1584-01A-01R-1566-13,0.6392941325681345,1
TCGA-AC-A2B8-01A-11R-A17B-07,0.6646718410505698,1
TCGA-A4-A57E-01A-11R-A26U-07,0.7465485315211426,1
TCGA-24-1471-01A-01R-1566-13,0.6873021734201072,1
TCGA-56-7579-01A-11R-2045-07,0.7126070186160943,1
TCGA-KK-A59Y-01A-11R-A26U-07,0.803211391151259,1
TCGA-A7-A26H-01A-11R-A169-07,0.7258724640202655,0
TCGA-DV-5573-01A-01R-1541-07,0.8134754053580453,1
TCGA-AC-A3TM-01A-11R-A22K-07,0.13675202090261765,1
TCGA-KK-A6E3-01A-21R-A30B-07,0.3293130229159407,1
TCGA-25-2398-01A-01R-1569-13,0.6245338096379371,1
TCGA-25-1631-01A-01R-1569-13,0.6803867411658041,1
TCGA-B0-4710-01A-01R-1503-07,0.7535169512095871,0
TCGA-BD-A2L6-01A-11R-A213-07,0.454844598714058,0
TCGA-85-8664-01A-11R-2403-07,0.7325500110399527,1
TCGA-59-2352-01A-01R-1569-13,0.6118616788542747,1
TCGA-97-8179-01A-11R-2287-07,0.8216928300421035,0
TCGA-CW-5590-01A-01R-1541-07,0.6890659926347471,0
TCGA-24-1424-01A-01R-1565-13,0.6567892872892355,0
TCGA-GM-A3XL-01A-11R-A22U-07,0.7644575564810131,1
TCGA-D8-A1JA-01A-11R-A13Q-07,0.7412185175839592,1
TCGA-EB-A85J-01A-12R-A352-07,0.20026398521374517,1
TCGA-HV-A7OL-01A-11R-A33R-07,0.5852169995346543,0
TCGA-55-8087-01A-11R-2241-07,0.7332761758139842,1
TCGA-55-6978-01A-11R-1949-07,0.392800525586511,0
TCGA-BP-4332-01A-01R-1289-07,0.5947332126260574,1
TCGA-57-1586-01A-02R-1567-13,0.6960655231396358,0
TCGA-5P-A9JV-01A-12R-A42S-07,0.7666776015490293,0
TCGA-A2-A1G0-01A-11R-A13Q-07,0.6695953723415677,0
TCGA-BP-4985-01A-01R-1334-07,0.9193582517205987,1
TCGA-US-A774-01A-21R-A32O-07,0.5017408139316087,0
TCGA-V7-A7HQ-01A-11R-A33J-07,0.10729061909538358,1
TCGA-B0-4817-01A-01R-1277-07,0.7948696413769075,1
TCGA-61-1738-01A-01R-1567-13,0.7157207175937358,1
TCGA-A6-2681-01A-01R-1410-07,0.41279426617347764,1
TCGA-22-4609-01A-21R-2125-07,0.40489539097163807,0
TCGA-HC-A6AN-01A-11R-A30B-07,0.6596197583752333,1
TCGA-AN-A0AM-01A-11R-A034-07,0.9287940230554176,1
TCGA-B2-5636-01A-02R-1541-07,0.3715432785022784,0
TCGA-59-2348-01A-01R-1569-13,0.8333684418236357,0
TCGA-EJ-5531-01A-01R-1580-07,0.6080723791776003,0
TCGA-D8-A4Z1-01A-21R-A266-07,0.22328532167409285,0
TCGA-BH-A0BV-01A-11R-A00Z-07,0.8376348467478271,1
TCGA-DD-AAEA-01A-11R-A41C-07,0.6364142896504597,1
TCGA-49-6761-01A-31R-1949-07,0.8552565687995343,1
TCGA-95-7043-01A-11R-1949-07,0.9065903138718753,1
TCGA-AD-6890-01A-11R-1928-07,0.6806819348179332,1
TCGA-97-8547-01A-11R-2403-07,0.7635593847224996,1
TCGA-XP-A8T6-01A-11R-A36D-31,0.8241676899758008,1
TCGA-70-6722-01A-11R-1820-07,0.6704928245030368,1
TCGA-DD-AAVY-01A-11R-A41C-07,0.38511544124692365,0
TCGA-A2-A3XS-01A-11R-A22U-07,0.7865553706845132,1
TCGA-A2-A0YL-01A-21R-A109-07,0.5555513294269357,1
TCGA-3A-A9IS-01A-21R-A39D-07,0.9167559031275625,1
TCGA-73-4666-01A-01R-1206-07,0.7127788401545302,1
TCGA-24-1467-01A-01R-1566-13,0.596623022787881,0
TCGA-85-7699-01A-11R-2125-07,0.495322393224969,1
TCGA-A8-A07B-01A-11R-A00Z-07,0.891818917000434,0
TCGA-AA-A01P-01A-21R-A083-07,0.7419455125226722,1
TCGA-AC-A62X-01A-11R-A29R-07,0.8755524377664177,1
TCGA-A2-A0YH-01A-11R-A109-07,0.8584601471544447,1
TCGA-D8-A1XS-01A-11R-A14M-07,0.6611170145030492,1
TCGA-BH-A0E2-01A-11R-A056-07,0.8881171343903133,1
TCGA-13-0888-01A-01R-1564-13,0.514014548542839,1
TCGA-IG-A4QS-01A-11R-A260-31,0.8641093534120272,1
TCGA-A6-2680-01A-01R-1410-07,0.5548784030491507,0
TCGA-A4-7997-01A-11R-2204-07,0.43476051195305637,1
TCGA-93-A4JO-01A-21R-A24X-07,0.7453792237756184,1
TCGA-KV-A74V-01A-11R-A33Z-07,0.1976887217044436,1
TCGA-G4-6588-01A-11R-1774-07,0.7003327879037193,1
TCGA-J4-A83L-01A-11R-A352-07,0.5327613913562785,1
TCGA-5T-A9QA-01A-11R-A41B-07,0.8106604810963602,0
TCGA-49-6744-01A-11R-1858-07,0.669589855674502,1
TCGA-CK-4948-01B-11R-1653-07,0.6251904631852567,1
TCGA-77-7142-01A-11R-2045-07,0.6956080796177774,1
TCGA-ZG-A9M4-01A-11R-A41O-07,0.9507344049217779,1
TCGA-44-A479-01A-31R-A24H-07,0.7071756238897122,1
TCGA-AA-3511-01A-21R-1839-07,0.6978693055963991,1
TCGA-66-2758-01A-02R-0851-07,0.5824421519797031,1
TCGA-24-2290-01A-01R-1568-13,0.7103297575890086,1
TCGA-75-5125-01A-01R-1755-07,0.8177229123923959,1
TCGA-L9-A7SV-01A-11R-A39D-07,0.7924278939245992,1
TCGA-VP-A87K-01A-11R-A352-07,0.6281934576831029,1
TCGA-A6-A565-01A-31R-A28H-07,0.6729124522064608,1
TCGA-04-1364-01A-01R-1565-13,0.5592233893288759,1
TCGA-04-1350-01A-01R-1565-13,0.5669254402858903,1
TCGA-22-5471-01A-01R-1635-07,0.5360893072375346,1
TCGA-EB-A430-01A-11R-A24X-07,0.1656453434945122,0
TCGA-ZG-A9ND-01A-11R-A41O-07,0.7826513682861131,1
TCGA-23-1119-01A-02R-1565-13,0.7003095704341828,1
TCGA-CJ-4642-01B-01R-1305-07,0.9524843551667623,1
TCGA-24-1413-01A-01R-1565-13,0.5133972853578416,1
TCGA-A8-A08A-01A-11R-A32Y-07,0.7863148056416153,1
TCGA-04-1519-01A-01R-1565-13,0.5168421457081991,1
TCGA-B6-A0RT-01A-21R-A084-07,0.6408947495483361,1
TCGA-AC-A5XS-01A-11R-A29R-07,0.8174041679751778,1
TCGA-HC-8257-01A-11R-2263-07,0.8713046853688983,1
TCGA-CJ-4881-01A-01R-1305-07,0.7807861247015174,0
TCGA-DD-AACY-01A-11R-A41C-07,0.6120549275731493,0
TCGA-CK-5915-01A-11R-1653-07,0.7012982511952973,1
TCGA-2Y-A9GZ-01A-11R-A39D-07,0.46910561358947056,1
TCGA-2H-A9GI-01A-11R-A37I-31,0.867023812240734,1
TCGA-B6-A0IP-01A-11R-A034-07,0.7227074012191473,1
TCGA-AA-3811-01A-01R-1022-07,0.8958468840676203,1
TCGA-55-8208-01A-11R-2241-07,0.6178393342326377,1
TCGA-V9-A7HT-01A-11R-A33Z-07,0.19185898277961239,0
TCGA-C8-A12M-01A-11R-A115-07,0.873195501461384,1
TCGA-BQ-5886-01A-11R-1592-07,0.22665491709868124,0
TCGA-GI-A2C9-01A-11R-A21T-07,0.8965975312655545,0
TCGA-G7-7502-01A-11R-2204-07,0.4459819825426938,1
TCGA-2Z-A9JM-01A-12R-A42S-07,0.4340216060742981,1
TCGA-85-A4PA-01A-11R-A24Z-07,0.7144900478834132,0
TCGA-C8-A12V-01A-11R-A115-07,0.801377100397159,0
TCGA-HC-7745-01A-11R-2118-07,0.5220499612392756,1
TCGA-AC-A6IW-01A-12R-A33J-07,0.812133274242558,1
TCGA-B0-5085-01A-01R-1334-07,0.16781233613637964,1
TCGA-AR-A1AU-01A-11R-A12P-07,0.853611837389948,0
TCGA-B8-5546-01A-01R-1541-07,0.8446976091379342,1
TCGA-77-7141-01A-11R-2045-07,0.7438942969698464,1
TCGA-AA-3534-01A-01R-0821-07,0.7379112528080566,1
TCGA-AA-3524-01A-02R-0821-07,0.6223143668584589,1
TCGA-24-2280-01A-01R-1568-13,0.7043249555268056,1
TCGA-IB-7897-01A-21R-2204-07,0.24665198040971328,0
TCGA-95-7039-01A-11R-1949-07,0.8583640439120864,0
TCGA-CJ-5680-01A-11R-1541-07,0.7389233653690251,1
TCGA-AR-A1AN-01A-11R-A12P-07,0.889978885961561,1
TCGA-LL-A6FP-01A-11R-A31O-07,0.36347511648247716,1
TCGA-30-1714-01A-02R-1567-13,0.7048384798978992,0
TCGA-E2-A15L-01A-11R-A12D-07,0.820549408742209,1
TCGA-23-2077-01A-01R-1568-13,0.5919189588837059,1
TCGA-EJ-7123-01A-11R-1965-07,0.625804815345384,1
TCGA-DD-AACI-01A-11R-A41C-07,0.6617908662141593,1
TCGA-A6-3808-01A-01R-1022-07,0.6592729597652954,0
TCGA-AA-3837-01A-01R-0905-07,0.6717332044462265,1
TCGA-95-7944-01A-11R-2187-07,0.816983520672742,0
TCGA-A3-3320-01A-02R-1325-07,0.14305313988303836,1
TCGA-MM-A563-01A-11R-A266-07,0.5577624746165901,0
TCGA-77-8008-01A-21R-2187-07,0.37476721888718706,1
TCGA-G9-7519-01A-11R-2263-07,0.5888970620177971,1
TCGA-BF-A5EP-01A-12R-A27Q-07,0.176630983632008,1
TCGA-B0-5694-01A-11R-1541-07,0.6432378951051957,1
TCGA-E9-A1R7-01A-11R-A14M-07,0.7962241838013698,1
TCGA-G3-A7M5-01A-11R-A33R-07,0.5795189237736157,1
TCGA-A2-A0SV-01A-11R-A084-07,0.7823475444297254,1
TCGA-DW-7838-01A-11R-2139-07,0.3569380388205556,1
TCGA-AN-A04C-01A-21R-A034-07,0.8066467925415209,1
TCGA-77-6842-01A-11R-1949-07,0.5831450872748595,1
TCGA-B0-4688-01A-01R-1277-07,0.9199986981928319,1
TCGA-A2-A0YM-01A-11R-A109-07,0.8240135560870953,1
TCGA-JY-A6F8-01A-11R-A336-31,0.8553945017771639,1
TCGA-F4-6808-01A-11R-1839-07,0.719347708257667,1
TCGA-AC-A2BM-01A-11R-A21T-07,0.7678049453111698,1
TCGA-34-5236-01A-21R-1820-07,0.5512922811572226,1
TCGA-AZ-6598-01A-11R-1774-07,0.8686596594259399,1
TCGA-D8-A1X7-01A-11R-A14M-07,0.791069312829433,1
TCGA-AN-A0FY-01A-11R-A034-07,0.8266659000844335,1
TCGA-AO-A03R-01A-21R-A034-07,0.8467878220842494,1
TCGA-CJ-4920-01A-01R-1426-07,0.6474663612543782,1
TCGA-LL-A442-01A-11R-A24H-07,0.8047693343553194,1
TCGA-V1-A9OY-01A-11R-A41O-07,0.7685742572406782,1
TCGA-DD-AAVZ-01A-11R-A41C-07,0.36100490581737593,1
TCGA-UZ-A9PL-01A-11R-A38C-07,0.3555589737543372,0
TCGA-CJ-4638-01A-02R-1325-07,0.5964534891424109,1
TCGA-25-2401-01A-01R-1569-13,0.5406846710179526,1
TCGA-BP-4765-01A-01R-1289-07,0.5857387148359148,1
TCGA-AN-A0FS-01A-11R-A034-07,0.6817376339601751,1
TCGA-B8-5162-01A-01R-1420-07,0.5303694302498658,0
TCGA-EV-5901-01A-11R-1592-07,0.36230140476750317,1
TCGA-2Y-A9H0-01A-11R-A38B-07,0.6772236380209788,1
TCGA-B4-5836-01A-11R-1672-07,0.4480362024807733,1
TCGA-G9-6338-01A-12R-1965-07,0.8802224983102679,1
TCGA-HZ-A9TJ-01A-11R-A41I-07,0.8452948692104023,1
TCGA-D8-A1XT-01A-11R-A14M-07,0.8700548009702549,0
TCGA-E9-A1N6-01A-11R-A144-07,0.8747540056413181,0
TCGA-E2-A1IK-01A-11R-A144-07,0.7451394806592435,1
TCGA-CJ-5683-01A-11R-1541-07,0.8175947180090628,1
TCGA-KK-A8IF-01A-11R-A36G-07,0.9182632742852802,1
TCGA-QG-A5Z2-01A-11R-A28H-07,0.47107771624321026,1
TCGA-A1-A0SO-01A-22R-A084-07,0.8536230481502816,0
TCGA-E2-A154-01A-11R-A115-07,0.8043523667663546,1
TCGA-J9-A8CM-01A-11R-A352-07,0.906845382304919,1
TCGA-AN-A0FV-01A-11R-A00Z-07,0.8591960182759482,1
TCGA-CM-6679-01A-11R-1839-07,0.5931377446967824,1
TCGA-77-8153-01A-11R-2403-07,0.39105018338340675,1
TCGA-BH-A0BJ-01A-11R-A056-07,0.8238391126566907,1
TCGA-AN-A0AL-01A-11R-A00Z-07,0.8508007594454273,1
TCGA-24-1928-01A-01R-1567-13,0.7790967307002645,1
TCGA-IB-7890-01A-12R-2204-07,0.5847074277560352,0
TCGA-E2-A15R-01A-11R-A115-07,0.7945458208865693,1
TCGA-BH-A0DT-01A-21R-A12D-07,0.5213069076476607,0
TCGA-Q3-A5QY-01A-12R-A32O-07,0.6147552499582244,0
TCGA-NJ-A4YI-01A-11R-A262-07,0.7968105806585478,1
TCGA-ZG-A9N3-01A-11R-A41O-07,0.9604549384692089,1
TCGA-2Z-A9JO-01A-11R-A42S-07,0.2908234251309682,1
TCGA-25-1626-01A-01R-1566-13,0.28186043706250263,1
TCGA-CC-5262-01A-01R-A131-07,0.6744177525463521,0
TCGA-57-1582-01A-01R-1566-13,0.7085567971566712,0
TCGA-WJ-A86L-01A-12R-A39D-07,0.7436336551394954,0
TCGA-GL-6846-01A-11R-1965-07,0.4179670015575116,1
TCGA-E9-A54X-01A-11R-A266-07,0.7589979120432518,1
TCGA-55-1594-01A-01R-0946-07,0.8275287791460646,0
TCGA-AA-3864-01A-01R-1022-07,0.6054021352729324,1
TCGA-49-6742-01A-11R-1858-07,0.8776419614473228,1
TCGA-H6-8124-01A-11R-2404-07,0.8614770855597819,1
TCGA-HC-7820-01A-11R-2118-07,0.49225637568118186,1
TCGA-AY-A8YK-01A-11R-A41B-07,0.6120667207496601,0
TCGA-34-8454-01A-11R-2326-07,0.6491683752247109,1
TCGA-A6-A56B-01A-31R-A28H-07,0.797186690092235,0
TCGA-AR-A0U2-01A-11R-A109-07,0.7932785401972244,1
TCGA-BC-A112-01A-11R-A131-07,0.8629585679633275,1
TCGA-IB-7646-01A-11R-2156-07,0.8763456493659596,1
TCGA-V1-A9ZG-01A-11R-A41O-07,0.9270696330534851,1
TCGA-86-7953-01A-11R-2187-07,0.843314542270117,1
TCGA-CZ-5451-01A-01R-1503-07,0.23431615611064968,1
TCGA-A6-6138-01A-11R-1774-07,0.7438398174112766,0
TCGA-GL-7966-01A-11R-2204-07,0.7678289697261986,1
TCGA-BP-4982-01A-01R-1334-07,0.06350797126570802,1
TCGA-B4-5835-01A-11R-1672-07,0.866607025500502,1
TCGA-E9-A1NE-01A-21R-A14M-07,0.6924280661939074,1
TCGA-MH-A856-01A-11R-A355-07,0.31498031463885545,1
TCGA-EB-A299-01A-21R-A18U-07,0.3623888402851265,0
TCGA-V1-A8MF-01A-11R-A36G-07,0.9170613948473106,1
TCGA-G9-6361-01A-21R-1965-07,0.857774758226986,1
TCGA-L5-A8NH-01A-11R-A37I-31,0.7890338201565563,0
TCGA-LN-A49P-01A-11R-A24K-31,0.8995878581019748,1
TCGA-E2-A14V-01A-11R-A12D-07,0.8448194987355812,1
TCGA-49-AAR4-01A-12R-A41B-07,0.6033301963421875,1
TCGA-IB-7885-01A-11R-2156-07,0.7377236075649165,0
TCGA-D8-A1XQ-01A-11R-A14M-07,0.9136685466042412,1
TCGA-AA-3872-01A-01R-1022-07,0.7304240252414662,0
TCGA-85-8070-01A-11R-2247-07,0.7488087194709603,1
TCGA-HI-7169-01A-11R-2118-07,0.6997813735427499,1
TCGA-HC-8213-01A-11R-A29R-07,0.5026602023489313,0
TCGA-CH-5754-01A-11R-1580-07,0.9064149347420749,1
TCGA-2A-A8W1-01A-11R-A37L-07,0.7397888075373971,1
TCGA-AA-3527-01A-01R-0821-07,0.2639481178629821,1
TCGA-G7-6797-01A-11R-1965-07,0.30112057872361553,1
TCGA-05-4403-01A-01R-1206-07,0.4741826036879756,1
TCGA-EW-A1IW-01A-11R-A13Q-07,0.8276020101149762,1
TCGA-ZG-A9L0-01A-11R-A41O-07,0.9246169064752213,1
TCGA-56-8624-01A-11R-2403-07,0.8104968643493625,1
TCGA-D8-A1J8-01A-11R-A13Q-07,0.4703616731504919,1
TCGA-JY-A6FH-01A-11R-A336-31,0.9354064604457157,1
TCGA-09-0366-01A-01R-1564-13,0.6997601874945416,1
TCGA-A7-A6VV-01A-22R-A33J-07,0.8162796983913359,1
TCGA-L5-A4OG-01A-11R-A260-31,0.8952845444011999,1
TCGA-EJ-A65G-01A-21R-A29R-07,0.31194770910730246,1
TCGA-T9-A92H-01A-11R-A37K-07,0.6818289198562845,1
TCGA-AA-3685-01A-02R-A32Z-07,0.514206787029579,1
TCGA-BP-4993-01A-02R-1420-07,0.2685746050545646,1
TCGA-B0-5690-01A-11R-1541-07,0.34623708568969236,1
TCGA-G3-AAV6-01A-21R-A37K-07,0.6760911001352689,1
TCGA-13-1505-01A-01R-1565-13,0.641388119596537,1
TCGA-LD-A9QF-01A-32R-A41B-07,0.6965666858226122,1
TCGA-AA-3710-01A-01R-1022-07,0.6873002041042671,1
TCGA-85-7950-01A-11R-2187-07,0.7580677017265915,1
TCGA-A8-A07L-01A-11R-A00Z-07,0.8459370299316983,1
TCGA-55-A492-01A-11R-A24H-07,0.6990655284690142,0
TCGA-AZ-5403-01A-01R-1653-07,0.5314933964292624,1
TCGA-69-7765-01A-11R-2170-07,0.6277982581070256,1
TCGA-IB-8127-01A-11R-2404-07,0.700509298425583,1
TCGA-E2-A1IJ-01A-11R-A144-07,0.5061871047215486,0
TCGA-YL-A9WK-01A-11R-A37L-07,0.8326122468520974,1
TCGA-A8-A09D-01A-11R-A00Z-07,0.8790302028742237,1
TCGA-DD-AADA-01A-11R-A41C-07,0.6604540578569165,1
TCGA-CH-5763-01A-11R-1580-07,0.4679537961826693,1
TCGA-CZ-4865-01A-02R-1503-07,0.7647832452930916,1
TCGA-BC-A10Z-01A-11R-A131-07,0.6279699051414477,1
TCGA-EB-A44P-01A-11R-A266-07,0.2655531138724496,0
TCGA-CC-A3MA-01A-11R-A213-07,0.7883863309665451,1
TCGA-AA-3673-01A-01R-0905-07,0.6512871907908532,1
TCGA-CZ-5982-01A-11R-1672-07,0.3220278198889405,1
TCGA-56-7223-01A-11R-2045-07,0.6676232926576472,1
TCGA-EB-A41A-01A-11R-A24X-07,0.28164254199910976,0
TCGA-IB-AAUS-01A-12R-A38C-07,0.294602318428112,0
TCGA-B0-4828-01A-01R-1277-07,0.6479985152939098,1
TCGA-92-8065-01A-11R-2247-07,0.8367766356775737,1
TCGA-98-A53H-01A-12R-A262-07,0.5876869530046227,1
TCGA-05-4397-01A-01R-1206-07,0.8793230208738855,1
TCGA-HC-A6AO-01A-11R-A30B-07,0.7536193048148041,1
TCGA-E2-A108-01A-13R-A10J-07,0.41535612014845974,1
TCGA-23-1107-01A-01R-1564-13,0.5823967023909662,1
TCGA-IA-A40X-01A-11R-A24Z-07,0.3950132814693602,1
TCGA-B4-5838-01A-11R-1672-07,0.6701598117060843,1
TCGA-24-1603-01A-01R-1566-13,0.6147543721856298,0
TCGA-R6-A6L4-01A-11R-A31P-31,0.8225983117702474,1
TCGA-B6-A0IE-01A-11R-A034-07,0.7600315908360467,1
TCGA-04-1517-01A-01R-1565-13,0.6977676007667771,1
TCGA-LA-A446-01A-21R-A24Z-07,0.4699008890994382,0
TCGA-C8-A1HF-01A-11R-A137-07,0.7967139384754643,1
TCGA-MP-A4TH-01A-31R-A262-07,0.5712249230554534,1
TCGA-AA-3848-01A-01R-0905-07,0.24886032933843835,0
TCGA-KV-A6GE-01A-11R-A31O-07,0.02803901681333057,1
TCGA-CC-A5UC-01A-11R-A28V-07,0.6795887409151601,1
TCGA-96-7544-01A-11R-2045-07,0.6710369765490873,0
TCGA-B6-A0X1-01A-11R-A109-07,0.8387539048479116,1
TCGA-AA-3553-01A-01R-0821-07,0.5414092182890158,0
TCGA-HC-7818-01A-11R-2118-07,0.7096580699364737,1
TCGA-DD-AADL-01A-11R-A41C-07,0.4839389054068516,1
TCGA-78-7542-01A-21R-2066-07,0.8337079699880932,1
TCGA-E2-A1B5-01A-21R-A12P-07,0.7375776567308864,1
TCGA-A6-2684-01A-01R-1410-07,0.5059761388077493,1
TCGA-BH-A1FD-01A-11R-A13Q-07,0.916733959079918,1
TCGA-G9-6496-01A-11R-1789-07,0.8774317603025322,1
TCGA-EJ-8468-01A-21R-2403-07,0.6701284595254006,1
TCGA-AR-A1AS-01A-11R-A12P-07,0.7637423631237441,0
TCGA-86-8674-01A-21R-2403-07,0.7129603833059884,1
TCGA-DD-A4NS-01A-11R-A311-07,0.7143451804058323,1
TCGA-BP-5170-01A-01R-1426-07,0.6150506931078779,1
TCGA-A8-A06P-01A-11R-A00Z-07,0.7285111425468579,1
TCGA-B0-4697-01A-01R-1277-07,0.5759125667590792,1
TCGA-33-6737-01A-11R-1820-07,0.7124034875470462,1
TCGA-85-A512-01A-11R-A26W-07,0.7337006170124489,1
TCGA-55-8511-01A-11R-2403-07,0.8711965500434227,1
TCGA-VP-A878-01A-31R-A352-07,0.8311468075524769,0
TCGA-BH-A0DZ-01A-11R-A00Z-07,0.8561829682296613,1
TCGA-D5-6931-01A-11R-1928-07,0.6520982001266964,0
TCGA-50-5044-01A-21R-1858-07,0.7522460063690405,0
TCGA-A2-A4RY-01A-31R-A266-07,0.18025704165991327,1
TCGA-EJ-7331-01A-11R-2118-07,0.3625491921539546,1
TCGA-CZ-4864-01A-01R-1503-07,0.27404093868717805,1
TCGA-4A-A93W-01A-11R-A37K-07,0.2012771446179598,1
TCGA-AA-3655-01A-02R-1723-07,0.7782243424540869,0
TCGA-CM-6678-01A-11R-1839-07,0.7209469147707351,1
TCGA-AA-A02J-01A-01R-A00A-07,0.360907368169183,1
TCGA-DD-AAVR-01A-11R-A41C-07,0.6372737614293993,0
TCGA-23-1123-01A-01R-1565-13,0.6627402596952658,1
TCGA-L5-A43H-01A-11R-A24K-31,0.5166146891561184,1
TCGA-EJ-7791-01A-11R-2118-07,0.40806608051103016,1
TCGA-B6-A0RO-01A-22R-A084-07,0.7846911996964915,0
TCGA-96-8169-01A-11R-2296-07,0.6007015886428583,1
TCGA-E2-A10E-01A-21R-A10J-07,0.7084119411742518,1
TCGA-EJ-5518-01A-01R-1580-07,0.8905563757106455,1
TCGA-5P-A9K0-01A-11R-A42S-07,0.2895712368578029,1
TCGA-AO-A0JM-01A-21R-A056-07,0.8435510923935651,1
TCGA-56-6545-01A-11R-1820-07,0.5759042833512358,1
TCGA-CJ-4643-01A-02R-1325-07,0.14025770705741264,0
TCGA-DZ-6135-01A-11R-1965-07,0.34465973839936426,0
TCGA-QU-A6IN-01A-11R-A31N-07,0.4813288293802676,1
TCGA-EW-A1P6-01A-11R-A144-07,0.7607818190538268,1
TCGA-BH-A0E6-01A-11R-A034-07,0.8248740418375906,1
TCGA-04-1347-01A-01R-1564-13,0.5266937771482726,0
TCGA-NH-A6GB-01A-11R-A37K-07,0.7486302196457983,1
TCGA-50-5072-01A-21R-1858-07,0.7423615437154817,1
TCGA-O2-A52Q-01A-11R-A26W-07,0.5807524822332772,1
TCGA-AC-A23C-01A-12R-A169-07,0.8165968457013241,1
TCGA-TP-A8TV-01A-11R-A41O-07,0.7773583254742428,0
TCGA-63-A5MN-01A-22R-A27Q-07,0.5975218403774543,0
TCGA-OL-A5D6-01A-21R-A27Q-07,0.6838499780518659,1
TCGA-55-8097-01A-11R-2241-07,0.7325110377907027,0
TCGA-EW-A1OX-01A-11R-A144-07,0.7347552845840924,1
TCGA-13-0804-01A-01R-1564-13,0.5512254537022905,1
TCGA-A2-A25D-01A-12R-A16F-07,0.8652641788097932,1
TCGA-24-1549-01A-01R-1566-13,0.747507972427534,1
TCGA-XK-AAJR-01A-11R-A41O-07,0.804840742657357,1
TCGA-CW-5588-01A-01R-1541-07,0.6709256255179951,1
TCGA-SX-A71V-01A-11R-A33Z-07,0.11477580031406884,1
TCGA-BQ-7049-01A-11R-1965-07,0.45093123058237355,1
TCGA-BQ-5876-01A-11R-1592-07,0.679220457740053,0
TCGA-B6-A0IJ-01A-11R-A034-07,0.8379619953792031,1
TCGA-55-A491-01A-11R-A24H-07,0.8586757106930331,1
TCGA-E2-A1L9-01A-11R-A13Q-07,0.6358182050041773,1
TCGA-44-8117-01A-11R-2241-07,0.8595376028803533,1
TCGA-JY-A93D-01A-11R-A38D-31,0.6682991135523211,1
TCGA-AO-A0J3-01A-11R-A034-07,0.7590824374007558,0
TCGA-A3-A8OU-01A-11R-A37O-07,0.5677060371037049,0
TCGA-63-A5M9-01A-11R-A26W-07,0.6879302928947206,1
TCGA-86-8585-01A-11R-2403-07,0.7949408916003198,0
TCGA-13-0762-01A-01R-1564-13,0.704660807948108,1
TCGA-KK-A7B4-01A-11R-A32O-07,0.861960704740387,0
TCGA-MP-A4SV-01A-11R-A24X-07,0.7217618391211215,0
TCGA-LD-A7W5-01A-22R-A352-07,0.814653754139484,0
TCGA-IZ-A6M8-01A-11R-A31O-07,0.05757451561281899,0
TCGA-CW-5585-01A-01R-1541-07,0.6324797546121238,1
TCGA-BH-A0B2-01A-11R-A10J-07,0.7654340389491127,1
TCGA-AC-A2FK-01A-12R-A180-07,0.10103982688921107,1
TCGA-ER-A19K-01A-21R-A18T-07,0.14838997513618093,0
TCGA-DD-A4NR-01A-11R-A311-07,0.6841785406292828,0
TCGA-D8-A27T-01A-11R-A16F-07,0.7706317912670749,1
TCGA-96-7545-01A-21R-2045-07,0.5848735565592565,1
TCGA-21-1081-01A-01R-0692-07,0.7438199077408194,1
TCGA-AR-A2LL-01A-11R-A180-07,0.8222108961418972,1
TCGA-J4-A83M-01A-11R-A352-07,0.6760890858523968,1
TCGA-DD-AADF-01A-11R-A41C-07,0.4849062129571361,1
TCGA-B4-5377-01A-01R-1503-07,0.36346910837000573,1
TCGA-B8-5158-01A-01R-1420-07,0.6614390632355862,1
TCGA-25-1326-01A-01R-1565-13,0.7176639145126371,1
TCGA-DD-A1EB-01A-11R-A131-07,0.5195307057806452,1
TCGA-63-A5MJ-01A-11R-A27Q-07,0.7163654567114136,1
TCGA-B9-4115-01A-01R-1193-07,0.40532139844930815,1
TCGA-B8-4619-01A-02R-1325-07,0.8358808590398839,1
TCGA-AA-3554-01A-01R-0826-07,0.6417480122954764,0
TCGA-2Y-A9H3-01A-11R-A38B-07,0.5149842190413109,1
TCGA-55-7728-01A-11R-2187-07,0.5069723675569534,1
TCGA-BP-5181-01A-01R-1426-07,0.5371514612385431,1
TCGA-DM-A1D8-01A-11R-A155-07,0.7785017227151951,1
TCGA-SX-A71S-01A-11R-A33Z-07,0.06592827612224107,1
TCGA-D8-A1XF-01A-11R-A14D-07,0.8177186138283986,1
TCGA-24-1474-01A-01R-1566-13,0.6220556213368466,1
TCGA-KC-A4BN-01A-61R-A250-07,0.4153438139584608,1
TCGA-A3-3328-01A-01R-0864-07,0.9035141337806751,0
TCGA-HN-A2OB-01A-21R-A27Q-07,0.14852131596715684,1
TCGA-29-1698-01A-01R-1567-13,0.7208779167682887,0
TCGA-20-1686-01A-01R-1566-13,0.8152552811838234,1
TCGA-50-5939-01A-11R-1628-07,0.8117726362396003,1
TCGA-A7-A3J1-01A-11R-A213-07,0.6919227986517458,1
TCGA-36-1570-01A-01R-1566-13,0.7414762036347665,1
TCGA-AA-3521-01A-01R-0821-07,0.6941907221892988,1
TCGA-FC-7708-01A-11R-2118-07,0.6182082893687435,0
TCGA-VG-A8LO-01A-11R-A406-31,0.5591184148594243,1
TCGA-NK-A5CX-01A-11R-A26W-07,0.5414783605045327,1
TCGA-OL-A97C-01A-32R-A41B-07,0.8915421532349388,1
TCGA-E2-A158-01A-11R-A12D-07,0.9172720580692643,1
TCGA-HC-8256-01A-11R-2263-07,0.5981854690897683,1
TCGA-A7-A0CE-01A-11R-A00Z-07,0.9200443119610381,1
TCGA-AR-A1AL-01A-21R-A12P-07,0.36080174391932973,1
TCGA-E2-A3DX-01A-21R-A213-07,0.44508577731189236,1
TCGA-A2-A3XT-01A-11R-A22U-07,0.8671455599764745,0
TCGA-50-8457-01A-11R-2326-07,0.6097776778704386,1
TCGA-LL-A6FQ-01A-11R-A31O-07,0.33219266925783536,1
TCGA-2H-A9GK-01A-11R-A37I-31,0.8293498708519063,1
TCGA-G3-A5SM-01A-12R-A28V-07,0.6865845548901527,1
TCGA-AR-A1AX-01A-11R-A12P-07,0.7932347915156833,1
TCGA-A2-A4S3-01A-21R-A266-07,0.8364626785440092,1
TCGA-21-A5DI-01A-31R-A26W-07,0.46505892786498176,1
TCGA-24-0966-01A-01R-1564-13,0.3910173448278541,0
TCGA-BH-A0H7-01A-13R-A056-07,0.8396389844266356,1
TCGA-97-7554-01A-11R-2039-07,0.8167352539981216,1
TCGA-IB-7886-01A-11R-2156-07,0.7831793025605632,1
TCGA-61-1728-01A-01R-1568-13,0.6439284023555496,1
TCGA-GM-A5PX-01A-12R-A28M-07,0.3385970291965634,1
TCGA-EJ-5494-01A-01R-1580-07,0.930728773663395,1
TCGA-AZ-6605-01A-11R-1839-07,0.6308704026514221,1
TCGA-GL-A9DE-01A-11R-A37K-07,0.10038766342005355,0
TCGA-Y8-A895-01A-11R-A36F-07,0.10724472379974145,0
TCGA-55-8206-01A-11R-2241-07,0.5691954332300863,0
TCGA-85-8584-01A-11R-2403-07,0.7401208490393165,1
TCGA-AZ-4313-01A-01R-1410-07,0.3342798797346465,1
TCGA-EJ-AB20-01A-12R-A41O-07,0.7172436264126276,0
TCGA-43-8116-01A-11R-2247-07,0.5368036991193709,0
TCGA-97-7553-01A-21R-2039-07,0.5284924119541625,1
TCGA-VP-A87B-01A-11R-A352-07,0.7665377407255687,1
TCGA-BH-A0BA-01A-11R-A056-07,0.801327358624047,1
TCGA-A3-3349-01A-01R-1188-07,0.22514124927803808,0
TCGA-EW-A1OW-01A-21R-A144-07,0.7658479185727891,0
TCGA-L5-A8NW-01A-11R-A37I-31,0.6858217946190188,1
TCGA-EJ-A65M-01A-11R-A29R-07,0.5320301512308654,1
TCGA-E2-A15P-01A-11R-A115-07,0.7514501840897957,1
TCGA-A8-A09G-01A-21R-A00Z-07,0.8080623232571333,1
TCGA-MN-A4N5-01A-11R-A24X-07,0.8431114159618317,0
TCGA-A2-A0YG-01A-21R-A109-07,0.8198756307953831,1
TCGA-BH-A1EY-01A-11R-A13Q-07,0.9021498354683741,1
TCGA-CC-A9FU-01A-11R-A37K-07,0.6133278586109545,1
TCGA-A3-3335-01A-01R-0864-07,0.7349219663495956,1
TCGA-78-7154-01A-11R-2039-07,0.8791115490347041,1
TCGA-69-8255-01A-11R-2287-07,0.8614200726069382,1
TCGA-EJ-5502-01A-01R-1580-07,0.6043421198464296,0
TCGA-AO-A03P-01A-11R-A00Z-07,0.8801182854571827,1
TCGA-22-5478-01A-01R-1635-07,0.7688420661780898,1
TCGA-AA-3858-01A-01R-0905-07,0.6479009899539712,0
TCGA-HZ-8317-01A-11R-2404-07,0.7983933496037061,1
TCGA-AQ-A1H2-01A-11R-A13Q-07,0.7657149842745331,1
TCGA-LN-A49R-01A-11R-A24K-31,0.8201682996913683,1
TCGA-24-1464-01A-01R-1566-13,0.6074956665118701,1
TCGA-G3-A5SL-01A-11R-A27V-07,0.3960496717254511,0
TCGA-VR-AA7B-01A-31R-A406-31,0.8607263033450737,1
TCGA-AC-A3QQ-01B-06R-A22O-07,0.7373707650729465,1
TCGA-AR-A24N-01A-11R-A169-07,0.8162587383251719,1
TCGA-D5-6531-01A-11R-1723-07,0.8509246884815419,1
TCGA-E9-A244-01A-11R-A169-07,0.8807777154543266,1
TCGA-B0-4852-01A-01R-1503-07,0.5473903611238494,1
TCGA-DD-AAW0-01A-11R-A41C-07,0.5045832938198114,1
TCGA-55-8506-01A-11R-2403-07,0.8566328760434836,1
TCGA-B9-5156-01A-01R-1592-07,0.239656941815252,1
TCGA-D8-A27F-01A-11R-A16F-07,0.8618734925190393,1
TCGA-B4-5832-01A-11R-1672-07,0.6439283058627765,0
TCGA-CM-5341-01A-01R-1410-07,0.48778280333246826,1
TCGA-91-6831-01A-11R-1858-07,0.787160918943104,0
TCGA-EJ-5526-01A-01R-1580-07,0.4858686121322387,1
TCGA-VP-A876-01A-11R-A352-07,0.6938635650403272,1
TCGA-E2-A576-01A-11R-A31O-07,0.32917893454559055,1
TCGA-J4-AATV-01A-11R-A41O-07,0.4729569214075971,0
TCGA-RC-A7SK-01A-11R-A352-07,0.5123688174487563,1
TCGA-BH-A1F2-01A-31R-A13Q-07,0.6669423476946401,0
TCGA-E2-A1BD-01A-11R-A12P-07,0.6680834190332117,1
TCGA-B8-5551-01A-01R-1541-07,0.6663296373533815,0
TCGA-49-AAR2-01A-11R-A39D-07,0.7630421600602377,0
TCGA-A1-A0SE-01A-11R-A084-07,0.7641339357344304,1
TCGA-D5-6534-01A-21R-1928-07,0.559718381529887,1
TCGA-A7-A426-01A-22R-A24H-07,0.2432346328278614,1
TCGA-56-8503-01A-11R-2403-07,0.45660182337794664,1
TCGA-B1-A654-01A-11R-A31O-07,0.07267844607395771,1
TCGA-AA-A029-01A-01R-A00A-07,0.6171958447544796,1
TCGA-D8-A27K-01A-11R-A16F-07,0.4413287621939317,1
TCGA-BP-4991-01A-01R-1334-07,0.3119579468952114,1
TCGA-24-1428-01A-01R-1564-13,0.7185868131492452,1
TCGA-10-0928-01A-02R-1564-13,0.6855305651976331,1
TCGA-M7-A71Y-01A-22R-A32O-07,0.7188635939342436,1
TCGA-G4-6299-01A-11R-1774-07,0.9040944096645757,1
TCGA-AK-3453-01A-02R-1277-07,0.6159702044063341,1
TCGA-E9-A247-01A-11R-A169-07,0.8636611969626016,1
TCGA-5P-A9K3-01A-11R-A42S-07,0.6124594889037173,1
TCGA-DD-A1EI-01A-11R-A131-07,0.676907865188177,1
TCGA-B0-4823-01A-02R-1420-07,0.3165369338327983,1
TCGA-A2-A0CL-01A-11R-A115-07,0.8238381526589108,1
TCGA-VN-A88O-01A-11R-A352-07,0.6600815963150763,1
TCGA-A6-3810-01A-01R-1022-07,0.7487498216644608,1
TCGA-60-2724-01A-01R-0851-07,0.6999311608863926,1
TCGA-B3-3925-01A-02R-1351-07,0.10190649609356485,1
TCGA-G3-A7M8-01A-11R-A33R-07,0.5510333405939962,1
TCGA-AR-A5QP-01A-11R-A28M-07,0.7705363736738795,1
TCGA-CH-5767-01A-11R-1789-07,0.7092685021856854,1
TCGA-AR-A24S-01A-11R-A169-07,0.7893771951136559,0
TCGA-BH-A1FE-01A-11R-A13Q-07,0.5697683820371742,0
TCGA-EJ-7782-01A-11R-2118-07,0.8935255079812502,1
TCGA-55-8094-01A-11R-2241-07,0.8897246724621801,0
TCGA-77-8145-01A-11R-2247-07,0.6514837175233578,1
TCGA-AA-3851-01A-01R-1022-07,0.6770445388189563,1
TCGA-L5-A8NI-01A-11R-A37I-31,0.9345839145163546,1
TCGA-2J-AABP-01A-11R-A41B-07,0.8964956703766188,1
TCGA-AC-A3YJ-01A-11R-A22U-07,0.6455514838487248,1
TCGA-25-1877-01A-01R-1567-13,0.54726999879071,1
TCGA-AR-A2LE-01A-11R-A180-07,0.8735020952224808,0
TCGA-B0-4847-01A-01R-1277-07,0.3205936059759246,1
TCGA-BH-A0E1-01A-11R-A056-07,0.8329583418441598,1
TCGA-21-5784-01A-01R-1635-07,0.4762475019998241,0
TCGA-KK-A7AQ-01A-11R-A33R-07,0.6211004288225835,1
TCGA-DD-AAE3-01A-11R-A41C-07,0.5760571306312614,1
TCGA-93-A4JQ-01A-11R-A24X-07,0.7518154351621544,1
TCGA-AC-A3TN-01A-11R-A22K-07,0.23714119527047486,1
TCGA-VR-A8Q7-01A-11R-A37I-31,0.9103719245575854,1
TCGA-HC-8259-01A-11R-2263-07,0.5488075016529171,1
TCGA-AO-A12A-01A-21R-A115-07,0.6276655357055131,0
TCGA-66-2742-01A-01R-0980-07,0.7225368166243895,1
TCGA-KC-A4BV-01A-31R-A26U-07,0.8806676702221788,1
TCGA-Y8-A8S0-01A-11R-A37K-07,0.043489559370727224,1
TCGA-YL-A8SF-01A-11R-A37L-07,0.8791311119018165,1
TCGA-24-1567-01A-01R-1566-13,0.789766523686681,1
TCGA-BH-A0H6-01A-21R-A056-07,0.7627480320929226,0
TCGA-BP-5186-01A-01R-1426-07,0.2739154520869343,1
TCGA-B0-4699-01A-01R-1277-07,0.8735226362684823,1
TCGA-OY-A56Q-01A-11R-A406-31,0.6468967629582167,1
TCGA-B0-4836-01A-01R-1305-07,0.6517573691780592,1
TCGA-HZ-A49I-01A-12R-A26U-07,0.6736562592943198,1
TCGA-J7-8537-01A-11R-2404-07,0.8302285239812284,0
TCGA-SX-A7SS-01A-11R-A36F-07,0.30874788515478174,1
TCGA-CM-6161-01A-11R-1653-07,0.7953866589090236,1
TCGA-66-2753-01A-01R-0980-07,0.6930402903596365,1
TCGA-A3-3343-01A-01R-0864-07,0.4390886332275392,1
TCGA-24-1930-01A-01R-1567-13,0.6849696404729007,1
TCGA-A2-A0T7-01A-21R-A084-07,0.7553117026421774,1
TCGA-75-6203-01A-11R-1755-07,0.49811279829818167,1
TCGA-CZ-5989-01A-11R-1672-07,0.5278177382565886,1
TCGA-DD-AAVP-01A-11R-A41C-07,0.7080483917465249,0
TCGA-MH-A562-01A-11R-A26U-07,0.054312420562803665,0
TCGA-AC-A2FE-01A-11R-A19W-07,0.7977523490994795,1
TCGA-ZG-A8QZ-01A-11R-A37L-07,0.7693307308744031,1
TCGA-B8-A54J-01A-11R-A33J-07,0.27141388713207737,0
TCGA-CM-6675-01A-11R-1839-07,0.8812923063598049,0
TCGA-A2-A0D1-01A-11R-A034-07,0.8913324715447024,1
TCGA-UZ-A9PZ-01A-11R-A42S-07,0.060208236537106004,0
TCGA-LN-A9FR-01A-11R-A38D-31,0.6032584599288915,1
TCGA-CZ-5458-01A-01R-1503-07,0.6610856594271914,1
TCGA-IB-A5SQ-01A-11R-A32O-07,0.592673208369111,1
TCGA-EB-A1NK-01A-11R-A18T-07,0.21193198712224293,1
TCGA-BF-A1PX-01A-12R-A18T-07,0.2257446491929169,1
TCGA-MH-A855-01A-11R-A355-07,0.23324251729134562,1
TCGA-DZ-6131-01A-11R-1965-07,0.8254958208161284,1
TCGA-CJ-4875-01A-01R-1305-07,0.4409587777821049,1
TCGA-BP-4787-01A-01R-1305-07,0.7193526705587827,1
TCGA-X4-A8KQ-01A-12R-A36G-07,0.7884869578633852,1
TCGA-CZ-4862-01A-01R-1305-07,0.5491769357363465,1
TCGA-E2-A14Y-01A-21R-A12D-07,0.8374737824696524,1
TCGA-B0-5100-01A-01R-1420-07,0.483604950842902,0
TCGA-EB-A42Y-01A-12R-A24X-07,0.5385882121108023,1
TCGA-25-2399-01A-01R-1569-13,0.7071324352135231,1
TCGA-EB-A42Z-01A-12R-A24X-07,0.26552456873749014,1
TCGA-66-2755-01A-01R-0851-07,0.6047859439836353,1
TCGA-A6-2677-01B-02R-A277-07,0.29362784760924304,1
TCGA-25-2400-01A-01R-1569-13,0.6942511501641299,0
TCGA-O2-A52S-01A-11R-A262-07,0.7354258104524589,1
TCGA-09-2054-01A-01R-1568-13,0.7203540543166107,1
TCGA-BC-A10Y-01A-11R-A131-07,0.48390754321644525,1
TCGA-22-5481-01A-31R-1949-07,0.7592539451141761,1
TCGA-A2-A0D3-01A-11R-A115-07,0.6907694073207481,1
TCGA-55-8505-01A-11R-2403-07,0.7753849336816679,1
TCGA-CJ-4636-01A-02R-1325-07,0.7332540457985548,1
TCGA-13-0797-01A-01R-1564-13,0.6272699350233979,1
TCGA-AA-A03J-01A-21R-A16W-07,0.3034221477283204,0
TCGA-VP-A872-01A-11R-A352-07,0.880883386508464,1
TCGA-XR-A8TF-01A-11R-A36F-07,0.6396107080693376,1
TCGA-EP-A2KA-01A-11R-A180-07,0.8168800322175616,1
TCGA-25-1314-01A-01R-1565-13,0.7500799033967607,1
TCGA-64-5778-01A-01R-1628-07,0.6102409535914156,1
TCGA-04-1356-01A-01R-1569-13,0.7654778765301642,1
TCGA-46-3766-01A-01R-0980-07,0.3585449189018387,0
TCGA-78-7535-01A-11R-2066-07,0.7693493874058394,1
TCGA-HZ-7919-01A-11R-2156-07,0.6630138674733942,1
TCGA-DW-7841-01A-11R-A32Z-07,0.28118776971707043,1
TCGA-AA-3538-01A-01R-0821-07,0.6891723618971496,1
TCGA-ZG-A9L5-01A-12R-A41O-07,0.9313748243378009,0
TCGA-DD-A39Z-01A-11R-A213-07,0.5700493712678121,1
TCGA-GM-A3NY-01A-11R-A21T-07,0.6376915488460582,1
TCGA-S4-A8RO-01A-12R-A37L-07,0.9036443581076814,1
TCGA-E2-A573-01A-11R-A29R-07,0.7209758770632343,1
TCGA-G3-A3CG-01A-11R-A213-07,0.596936468188028,1
TCGA-PL-A8LZ-01A-31R-A36F-07,0.8018342210335409,1
TCGA-39-5011-01A-01R-1443-07,0.7284483093764417,1
TCGA-G3-AAV5-01A-11R-A37K-07,0.59772404084283,1
TCGA-A3-3313-01A-02R-1325-07,0.8126166669529423,0
TCGA-UZ-A9PR-01A-11R-A42S-07,0.11104767657490494,1
TCGA-BQ-5887-01A-11R-1965-07,0.6661622081126997,1
TCGA-49-AARQ-01A-11R-A41B-07,0.7750033735755906,1
TCGA-AA-3488-01A-01R-1410-07,0.3721720091299839,1
TCGA-S3-AA0Z-01A-11R-A41B-07,0.9049178705275616,0
TCGA-FB-A78T-01A-12R-A32O-07,0.6760231780220385,1
TCGA-09-1659-01B-01R-1564-13,0.4769017506559035,1
TCGA-55-8096-01A-11R-2241-07,0.7570801630508595,1
TCGA-DD-AACQ-01A-11R-A41C-07,0.5613910973189041,1
TCGA-CC-5260-01A-01R-A131-07,0.7906331104504238,1
TCGA-E2-A14S-01A-11R-A12D-07,0.8374221396534718,1
TCGA-B6-A0WT-01A-11R-A109-07,0.7574498473204402,1
TCGA-BQ-7048-01A-11R-1965-07,0.6032691840804081,0
TCGA-56-A62T-01A-11R-A405-07,0.7851921146339984,0
TCGA-EB-A3XD-01A-22R-A239-07,0.33732997497356226,1
TCGA-DD-AACZ-01A-11R-A41C-07,0.7345851520174828,1
TCGA-CC-A1HT-01A-11R-A131-07,0.6552053564153434,1
TCGA-B2-5633-01A-01R-1541-07,0.36920093342245,0
TCGA-D5-5541-01A-01R-1653-07,0.6047124264803228,1
TCGA-BC-A217-01A-11R-A155-07,0.7194764108048411,1
TCGA-E2-A106-01A-11R-A10J-07,0.7780333251085029,0
TCGA-A2-A0D4-01A-11R-A00Z-07,0.8156377519372302,1
TCGA-BP-4768-01A-01R-1289-07,0.5880841235536421,1
TCGA-HC-7750-01A-11R-2118-07,0.47376912404733473,1
TCGA-C8-A1HI-01A-11R-A137-07,0.825605511644148,1
TCGA-64-5815-01A-01R-1628-07,0.5100759105140019,1
TCGA-EW-A1P5-01A-11R-A144-07,0.8201537873507161,1
TCGA-DD-AADK-01A-11R-A41C-07,0.6291249728826134,1
TCGA-BP-4174-01A-02R-1289-07,0.6544821413623862,1
TCGA-22-5482-01A-01R-1635-07,0.48549008131297045,1
TCGA-CA-5256-01A-01R-1410-07,0.5501954684014989,0
TCGA-36-1571-01A-01R-1566-13,0.5645728793849575,1
TCGA-13-0714-01A-01R-1564-13,0.6349316354613178,0
TCGA-97-8172-01A-11R-2287-07,0.6178579699100051,1
TCGA-ZG-A9L9-01A-11R-A41O-07,0.8732767973260993,1
TCGA-E2-A159-01A-11R-A115-07,0.7471400960062984,1
TCGA-BP-5187-01A-01R-1426-07,0.5970598232551723,1
TCGA-DZ-6132-01A-11R-1965-07,0.44841783506980726,1
TCGA-A6-6649-01A-11R-1774-07,0.7146797553454661,1
TCGA-60-2722-01A-01R-0851-07,0.6227251082784305,0
TCGA-24-2033-01A-01R-1568-13,0.687838240948857,1
TCGA-CH-5739-01A-11R-1580-07,0.7004081242403828,0
TCGA-EJ-A6RC-01A-11R-A32O-07,0.4100436700287676,1
TCGA-V5-AASW-01A-11R-A406-31,0.6570968720667429,0
TCGA-86-8280-01A-11R-2287-07,0.7256647352486914,0
TCGA-73-7499-01A-11R-2187-07,0.6967036896993266,1
TCGA-DM-A1DA-01A-11R-A155-07,0.6902879668098404,1
TCGA-ED-A7XO-01A-11R-A352-07,0.6730892413711052,1
TCGA-35-4123-01A-01R-1107-07,0.4798853333881424,0
TCGA-CJ-4639-01A-02R-1325-07,0.3511333409095795,1
TCGA-35-4122-01A-01R-1107-07,0.35764596899260365,0
TCGA-AC-A7VC-01A-11R-A352-07,0.86764673953219,0
TCGA-A8-A08X-01A-21R-A00Z-07,0.855375721610363,0
TCGA-XK-AAIR-01A-11R-A41O-07,0.7741430978972071,1
TCGA-BH-A0B3-01A-11R-A056-07,0.7468213632122046,1
TCGA-BH-A1EV-01A-11R-A137-07,0.8854070409970015,1
TCGA-AA-3982-01A-02R-1022-07,0.6202809123555194,1
TCGA-86-6562-01A-11R-1755-07,0.7664354756968907,1
TCGA-EJ-5496-01A-01R-1580-07,0.3476655889552868,1
TCGA-B6-A400-01A-11R-A239-07,0.8460900810725859,0
TCGA-BF-A5ES-01A-11R-A27Q-07,0.12996910975282364,1
TCGA-F4-6854-01A-11R-1928-07,0.6185970625710929,1
TCGA-10-0938-01A-02R-1564-13,0.6411927996186688,0
TCGA-D8-A1XW-01A-11R-A14M-07,0.8565731415445721,1
TCGA-55-8089-01A-11R-2241-07,0.7275792961810695,1
TCGA-43-3920-01A-01R-0980-07,0.5113868538927638,0
TCGA-AA-3660-01A-01R-1723-07,0.7566536711806569,1
TCGA-24-0970-01B-01R-1565-13,0.6777637768594632,0
TCGA-24-2298-01A-01R-1569-13,0.7343967912622662,1
TCGA-EJ-A46G-01A-31R-A26U-07,0.9528632392412087,0
TCGA-A8-A093-01A-11R-A00Z-07,0.6754018045928211,1
TCGA-A7-A26I-01B-06R-A22O-07,0.8600057562581291,1
TCGA-24-1842-01A-01R-1567-13,0.7037499401757917,1
TCGA-LB-A8F3-01A-11R-A36G-07,0.894327987682329,1
TCGA-95-7567-01A-11R-2066-07,0.8562306797486159,1
TCGA-BH-A0EE-01A-11R-A034-07,0.8545363986791045,1
TCGA-55-7911-01A-11R-2170-07,0.8288681633309197,1
TCGA-B2-5641-01A-01R-1541-07,0.5401612591383268,0
TCGA-CH-5790-01A-11R-1580-07,0.6861930601260203,1
TCGA-90-7766-01A-21R-2125-07,0.7204328814268618,1
TCGA-AA-3818-01A-01R-0905-07,0.6423658069865255,0
TCGA-NC-A5HL-01A-11R-A26W-07,0.7203312624591702,1
TCGA-23-1120-01A-02R-1565-13,0.7056607332188445,1
TCGA-A8-A06N-01A-11R-A00Z-07,0.7393915444409607,0
TCGA-24-1427-01A-01R-1565-13,0.6838629966271523,1
TCGA-DM-A285-01A-11R-A16W-07,0.8931775001670796,0
TCGA-B6-A0RP-01A-21R-A084-07,0.6111881222221407,1
TCGA-77-8130-01A-11R-2247-07,0.48256705690259566,1
TCGA-85-7843-01A-11R-2125-07,0.7279062005239698,0
TCGA-22-1002-01A-01R-0692-07,0.7468667308661537,1
TCGA-L5-A4OU-01A-11R-A28J-31,0.8714676828718515,1
TCGA-44-3918-01B-02R-A277-07,0.4108358504360071,1
TCGA-EJ-5503-01A-01R-1580-07,0.43065621564862666,1
TCGA-B9-4113-01A-01R-1193-07,0.18029497119043092,1
TCGA-55-6642-01A-11R-1858-07,0.6734836228848949,1
TCGA-22-4604-01A-01R-1201-07,0.6173164557263728,1
TCGA-69-8253-01A-11R-2287-07,0.8421019457509323,0
TCGA-43-A475-01A-11R-A24H-07,0.7357321550006772,1
TCGA-13-0893-01B-01R-1565-13,0.7708248319062078,1
TCGA-ZG-A9MC-01A-31R-A41O-07,0.775809448430787,1
TCGA-FB-AAQ3-01A-11R-A41B-07,0.8699022574677668,0
TCGA-30-1861-01A-01R-1568-13,0.7655682472356622,1
TCGA-A8-A0A4-01A-11R-A00Z-07,0.8460994733214962,1
TCGA-V1-A9ZI-01A-11R-A41O-07,0.8829704844632456,1
TCGA-AA-A01S-01A-21R-A083-07,0.49017203335224047,1
TCGA-J4-A6G1-01A-11R-A311-07,0.8918410440508922,1
TCGA-DD-AAD5-01A-11R-A41C-07,0.8407972246990236,0
TCGA-44-7661-01A-11R-2066-07,0.3119229831640555,1
TCGA-FV-A23B-01A-11R-A16W-07,0.7561051207695857,1
TCGA-E2-A1B1-01A-21R-A12P-07,0.6705066962425781,1
TCGA-EJ-A65D-01A-11R-A30B-07,0.44436066634864485,1
TCGA-CA-5796-01A-01R-1653-07,0.5425544274098097,1
TCGA-AY-6196-01A-11R-1723-07,0.6262242176461775,1
TCGA-KK-A6E2-01A-11R-A311-07,0.5960194114418339,1
TCGA-05-4384-01A-01R-1755-07,0.6992763619813036,1
TCGA-D8-A1XD-01A-11R-A14D-07,0.7415423333384489,1
TCGA-T1-A6J8-01A-11R-A32O-07,0.6676879524034834,0
TCGA-A2-A0SU-01A-11R-A084-07,0.8623830461882434,1
TCGA-62-A46R-01A-11R-A24H-07,0.8464666564845531,1
TCGA-2J-AAB1-01A-11R-A41B-07,0.5026636705720599,1
TCGA-61-2102-01A-01R-1568-13,0.8268337394519234,1
TCGA-BQ-5891-01A-11R-1592-07,0.6893351206590279,1
TCGA-78-7160-01A-11R-2039-07,0.7539092231767623,1
TCGA-AZ-4614-01A-01R-1410-07,0.8606487689449213,0
TCGA-CM-6676-01A-11R-1839-07,0.6699100944662632,1
TCGA-LN-A49W-01A-11R-A260-31,0.837978644357627,1
TCGA-A2-A0EY-01A-11R-A034-07,0.9017793521557691,1
TCGA-CJ-4869-01A-02R-1426-07,0.5338773556253567,1
TCGA-F2-A8YN-01A-11R-A37L-07,0.7744833873593846,1
TCGA-EW-A6SC-01A-12R-A32P-07,0.8217872272038859,1
TCGA-77-A5G1-01A-11R-A27Q-07,0.6387928349099083,1
TCGA-V1-A9ZR-01A-11R-A41O-07,0.8819494609882849,1
TCGA-KK-A8I9-01A-11R-A36G-07,0.7746149262411195,0
TCGA-CC-A3MB-01A-11R-A213-07,0.6813679729309237,1
TCGA-B2-5635-01A-01R-1541-07,0.4253782376714685,1
TCGA-AA-3662-01A-01R-1723-07,0.8197141274693446,1
TCGA-S3-AA15-01A-11R-A41B-07,0.7569412995215627,1
TCGA-B8-4154-01A-01R-1188-07,0.31360796739291774,1
TCGA-43-A474-01A-11R-A24H-07,0.5616206554829305,1
TCGA-13-0800-01A-01R-1564-13,0.6571201894559909,1
TCGA-L9-A50W-01A-12R-A39D-07,0.8101535851109748,1
TCGA-B6-A1KF-01A-11R-A13Q-07,0.866737505122036,0
TCGA-22-1011-01A-01R-0692-07,0.7341609927356044,1
TCGA-AA-3833-01A-01R-0905-07,0.59949231260324,1
TCGA-22-4605-01A-21R-2125-07,0.3463609213402063,1
TCGA-52-7810-01A-11R-2125-07,0.7089457169866284,1
TCGA-64-1678-01A-01R-0946-07,0.6450959960745218,1
TCGA-IB-7645-01A-22R-2204-07,0.488532529580387,1
TCGA-A2-A0EP-01A-52R-A22U-07,0.26482202561284635,1
TCGA-AA-A00Z-01A-01R-A002-07,0.6685037468913158,1
TCGA-E2-A9RU-01A-11R-A41B-07,0.6606262392881964,0
TCGA-BP-5184-01A-01R-1426-07,0.44680317946716785,1
TCGA-73-4670-01A-01R-1206-07,0.7936632504261818,1
TCGA-AA-3679-01A-02R-0905-07,0.7444703588494558,1
TCGA-CM-5348-01A-21R-1723-07,0.8653194532586472,1
TCGA-2A-A8W3-01A-11R-A37L-07,0.8564287750208018,0
TCGA-MH-A857-01A-11R-A355-07,0.8514470320378142,1
TCGA-E2-A1LG-01A-21R-A14M-07,0.9438480635024545,0
TCGA-05-4418-01A-01R-1206-07,0.8188484834880543,1
TCGA-83-5908-01A-21R-2287-07,0.6751186931701376,0
TCGA-G3-A5SJ-01A-11R-A27V-07,0.7782991525751309,1
TCGA-13-0901-01B-01R-1565-13,0.7071542356610905,1
TCGA-B0-5088-01A-01R-1334-07,0.29318722053773555,1
TCGA-AR-A0TU-01A-31R-A109-07,0.8286430616215742,0
TCGA-29-1770-01A-01R-1567-13,0.7034686068242809,1
TCGA-AA-3855-01A-01R-1022-07,0.6243802740920336,1
TCGA-B0-5402-01A-01R-1503-07,0.62286018536888,1
TCGA-DD-AACD-01A-11R-A41C-07,0.5201130593241551,1
TCGA-UB-A7MB-01A-11R-A33R-07,0.5981815591377897,0
TCGA-J9-A52B-01A-11R-A26U-07,0.9507197649841126,1
TCGA-13-0908-01B-01R-1565-13,0.6952565036713341,1
TCGA-AS-3777-01A-01R-0864-07,0.8982448605810922,0
TCGA-L5-A8NU-01A-11R-A36D-31,0.6693300228457303,1
TCGA-BH-A0W5-01A-11R-A109-07,0.6594871779862473,1
TCGA-L5-A4OE-01A-11R-A260-31,0.8368476377469649,1
TCGA-29-1705-01A-01R-1567-13,0.7413872215185974,1
TCGA-AA-A024-01A-02R-A00A-07,0.580770857877187,1
TCGA-13-0799-01A-01R-1564-13,0.5868000234235411,1
TCGA-AR-A24L-01A-11R-A169-07,0.6181519226389791,1
TCGA-CZ-5463-01A-01R-1503-07,0.5342188512467504,1
TCGA-G7-A4TM-01A-11R-A31O-07,0.2936390851689796,1
TCGA-5P-A9KH-01A-11R-A42S-07,0.8593266984472993,1
TCGA-E9-A249-01A-11R-A169-07,0.7690995965745717,1
TCGA-J2-A4AD-01A-11R-A24H-07,0.841116367959646,1
TCGA-BP-4961-01A-01R-1334-07,0.14463457854529124,1
TCGA-DD-AADB-01A-11R-A41C-07,0.589342030612081,1
TCGA-B6-A0X4-01A-11R-A109-07,0.5454962790792744,0
TCGA-80-5611-01A-01R-1628-07,0.8740496561699517,1
TCGA-A8-A06O-01A-11R-A00Z-07,0.8195795985116041,1
TCGA-B0-4690-01A-01R-1277-07,0.7883066021171106,1
TCGA-A8-A07C-01A-11R-A034-07,0.8221564399158741,1
TCGA-23-1032-01A-02R-1564-13,0.5461206358916845,1
TCGA-CM-6167-01A-11R-1653-07,0.6910391352854619,1
TCGA-D8-A142-01A-11R-A115-07,0.8758884792567446,1
TCGA-A3-A8OV-01A-11R-A37O-07,0.40961495769590067,1
TCGA-A8-A094-01A-11R-A00Z-07,0.8584319344514827,0
TCGA-HC-A8D0-01A-11R-A36G-07,0.8419289293138574,1
TCGA-M9-A5M8-01A-11R-A28J-31,0.7043229678523092,1
TCGA-DD-AACS-01A-11R-A41C-07,0.6294381308559179,1
TCGA-22-4593-01A-21R-1820-07,0.750216516700107,0
TCGA-E9-A1RB-01A-11R-A157-07,0.8150289998841047,1
TCGA-86-A456-01A-11R-A24H-07,0.7730962614997946,0
TCGA-AR-A24H-01A-11R-A169-07,0.8422862661736779,1
TCGA-OL-A5D7-01A-11R-A27Q-07,0.6273885894306517,0
TCGA-85-A511-01A-21R-A262-07,0.5249942638116886,0
TCGA-49-AAR9-01A-21R-A41B-07,0.8434362489192837,0
TCGA-13-1496-01A-01R-1565-13,0.6371641050825607,0
TCGA-60-2695-01A-01R-0851-07,0.6831118095450968,0
TCGA-YL-A8SH-01B-11R-A37L-07,0.7772398429971658,1
TCGA-23-1026-01B-01R-1569-13,0.5779332427224118,0
TCGA-AA-3684-01A-02R-0905-07,0.16044523163325913,1
TCGA-97-8174-01A-11R-2287-07,0.6855905652917832,1
TCGA-A3-3308-01A-02R-1325-07,0.7279184676749846,1
TCGA-DD-A3A4-01A-11R-A22L-07,0.6508499120556906,1
TCGA-AR-A2LO-01A-31R-A18M-07,0.7515130307403022,0
TCGA-64-1679-01A-21R-2066-07,0.7208503907687792,1
TCGA-56-8623-01A-11R-A28V-07,0.6124311021663479,1
TCGA-69-A59K-01A-11R-A262-07,0.8983721823316552,0
TCGA-13-0766-01A-02R-1564-13,0.48909683018381606,1
TCGA-61-2016-01A-01R-1568-13,0.7086243422181008,1
TCGA-XV-AAZV-01A-11R-A40A-07,0.40657057226241106,1
TCGA-AA-A01Q-01A-01R-A002-07,0.8252199583966192,1
TCGA-A2-A25C-01A-11R-A169-07,0.7199863150530328,1
TCGA-24-1849-01A-01R-1567-13,0.6854627817084061,1
TCGA-LL-A5YM-01A-11R-A28M-07,0.38984447134259165,1
TCGA-23-2081-01A-01R-1568-13,0.6556600949886283,1
TCGA-BP-4975-01A-01R-1334-07,0.5066473804801018,1
TCGA-B8-5165-01A-01R-1420-07,0.11201499649213273,0
TCGA-SX-A7SR-01A-12R-A36F-07,0.07708083671430249,1
TCGA-AR-A24M-01A-11R-A169-07,0.4276222645259833,1
TCGA-LL-A6FR-01A-12R-A31O-07,0.6150308645021979,1
TCGA-IB-A5SS-01A-11R-A32O-07,0.7096890765127405,1
TCGA-EJ-AB27-01A-11R-A41O-07,0.39972084982945594,1
TCGA-37-3789-01A-01R-0980-07,0.6248277412060301,1
TCGA-AA-A01F-01A-01R-A002-07,0.6839482307590602,1
TCGA-VR-A8EY-01A-11R-A36D-31,0.8029942982529246,1
TCGA-CK-5913-01A-11R-1653-07,0.7058470112865227,0
TCGA-A3-3319-01A-02R-1325-07,0.7305440815676909,0
TCGA-77-8007-01A-11R-2187-07,0.7047085738139371,0
TCGA-24-1434-01A-01R-1566-13,0.529402605624611,1
TCGA-L5-A4OQ-01A-11R-A260-31,0.923554691145751,1
TCGA-IG-A3YC-01A-11R-A24K-31,0.8271366185756036,1
TCGA-BH-A0DV-01A-21R-A12P-07,0.2460040623393639,1
TCGA-C8-A12N-01A-11R-A115-07,0.6864042509310697,1
TCGA-KC-A7F6-01A-11R-A33R-07,0.8198981353712397,1
TCGA-DM-A28E-01A-11R-A32Y-07,0.5040604403018586,0
TCGA-85-8048-01A-11R-2247-07,0.5260897897970706,1
TCGA-55-8614-01A-11R-2403-07,0.8529073460567931,1
TCGA-L5-A4OH-01A-11R-A260-31,0.861153084191394,0
TCGA-AO-A0JJ-01A-11R-A056-07,0.6875665281479775,1
TCGA-DM-A282-01A-12R-A16W-07,0.6424682607350637,1
TCGA-64-5775-01A-01R-1628-07,0.8816403770788129,1
TCGA-EJ-5511-01A-01R-1580-07,0.8618636664784609,1
TCGA-E2-A1LE-01A-12R-A19W-07,0.8261095183820244,1
TCGA-E9-A1NH-01A-11R-A14D-07,0.6027445032180981,0
TCGA-55-8302-01A-11R-2326-07,0.7506547509320223,1
TCGA-O2-A52N-01A-11R-A26W-07,0.7652163634820195,0
TCGA-AA-3495-01A-01R-1410-07,0.5870864595638798,1
TCGA-A7-A13H-01A-11R-A22K-07,0.5066302276114177,0
TCGA-JY-A6FE-01A-11R-A336-31,0.9010179896462334,1
TCGA-HC-7210-01A-11R-2118-07,0.6356908425968025,1
TCGA-L5-A88T-01A-11R-A354-31,0.8315631893752746,0
TCGA-BP-4998-01A-01R-1334-07,0.43982735376309895,1
TCGA-S3-A6ZG-01A-22R-A32P-07,0.7417423953977319,1
TCGA-B0-5692-01A-11R-1541-07,0.5867501090784686,1
TCGA-ZG-A8QY-01A-11R-A37L-07,0.8999294014069804,1
TCGA-A1-A0SG-01A-11R-A144-07,0.7941658928620644,0
TCGA-64-5774-01A-01R-1628-07,0.7742459643756837,1
TCGA-L5-A8NM-01A-11R-A37I-31,0.8466063856029972,1
TCGA-AO-A12D-01A-11R-A115-07,0.8580635212385226,1
TCGA-39-5024-01A-21R-1820-07,0.7279998049509736,1
TCGA-AA-A01K-01A-01R-A00A-07,0.8415397742714497,0
TCGA-AA-3973-01A-01R-1022-07,0.804491760147182,1
TCGA-22-5485-01A-01R-1635-07,0.7151264089852388,1
TCGA-50-5941-01A-11R-1755-07,0.737389989485356,0
TCGA-C8-A12K-01A-21R-A115-07,0.8108247578515163,1
TCGA-MH-A55Z-01A-11R-A26U-07,0.07430106992350027,1
TCGA-BH-A0H3-01A-11R-A12P-07,0.36502769777676414,1
TCGA-CJ-4890-01A-01R-1305-07,0.43346992397946355,0
TCGA-85-8072-01A-31R-2247-07,0.6873616008671373,0
TCGA-5M-AATA-01A-31R-A41B-07,0.8063601263564519,0
TCGA-C8-A1HK-01A-21R-A13Q-07,0.7774168143949964,1
TCGA-AN-A0XP-01A-11R-A109-07,0.5789349627494766,1
TCGA-39-5028-01A-01R-1443-07,0.7499168879568051,0
TCGA-ZG-A9L6-01A-11R-A41O-07,0.6190707905692314,1
TCGA-AO-A03V-01A-11R-A115-07,0.9036047560294703,1
TCGA-CJ-4895-01A-01R-1305-07,0.8021709144850349,1
TCGA-BC-A10T-01A-11R-A131-07,0.8259982478536643,0
TCGA-AR-A24K-01A-11R-A169-07,0.6657122946928113,0
TCGA-A8-A06Z-01A-11R-A00Z-07,0.7966986946470457,1
TCGA-A6-6654-01A-21R-1839-07,0.6379648134680391,1
TCGA-G9-6373-01A-11R-1789-07,0.8318405601849161,1
TCGA-DD-A116-01A-11R-A131-07,0.5873526616338203,0
TCGA-VR-A8EQ-01A-11R-A36D-31,0.8667377743934357,1
TCGA-R6-A6L6-01B-11R-A336-31,0.8743608912700711,1
TCGA-55-A493-01A-11R-A24H-07,0.5992270393104119,1
TCGA-ES-A2HS-01A-11R-A180-07,0.3480965983667451,1
TCGA-KK-A8I8-01A-11R-A36G-07,0.7638505762885011,1
TCGA-L5-A4OI-01A-11R-A36D-31,0.8474705503393632,1
TCGA-43-6143-01A-11R-1820-07,0.7896524004750876,1
TCGA-HC-7080-01A-11R-1965-07,0.8616781947438402,1
TCGA-FV-A4ZQ-01A-11R-A266-07,0.622260086118332,0
TCGA-A3-3374-01A-02R-1325-07,0.8181609428996824,0
TCGA-IG-A3QL-01A-11R-A24K-31,0.6576788563140195,0
TCGA-PL-A8LV-01A-21R-A41B-07,0.9096471912582871,1
TCGA-HC-A9TE-01A-11R-A41O-07,0.9406566328112462,1
TCGA-G4-6321-01A-11R-1723-07,0.7638730696796352,1
TCGA-23-1030-01A-02R-1564-13,0.7185107038059658,1
TCGA-FB-AAQ2-01A-31R-A41B-07,0.8600981854453487,1
TCGA-A2-A0CY-01A-12R-A034-07,0.8826458306256195,1
TCGA-AN-A046-01A-21R-A034-07,0.8789267730020099,1
TCGA-BH-A0B4-01A-11R-A00Z-07,0.8657046334835917,1
TCGA-24-0982-01A-01R-1565-13,0.44418921192987015,1
TCGA-AR-A0TY-01A-12R-A115-07,0.8812769912938195,0
TCGA-WS-AB45-01A-11R-A41B-07,0.7406596261002768,0
TCGA-37-4135-01A-01R-1100-07,0.43455350236764745,1
TCGA-EW-A1P0-01A-11R-A144-07,0.9055161433347249,1
TCGA-A2-A04Y-01A-21R-A034-07,0.895156244914404,1
TCGA-ZP-A9D4-01A-11R-A37K-07,0.5576285941645063,1
TCGA-AC-A23H-01A-11R-A157-07,0.8313748544012862,1
TCGA-A8-A07G-01A-11R-A034-07,0.7258300096245176,0
TCGA-63-A5MT-01A-21R-A26W-07,0.8073744485821042,1
TCGA-05-5428-01A-01R-1628-07,0.5224186430679714,1
TCGA-V1-A9OQ-01A-11R-A41O-07,0.713981167568581,1
TCGA-CZ-5454-01A-01R-1503-07,0.5248508823602221,0
TCGA-2J-AABK-01A-31R-A41B-07,0.7508265446615521,1
TCGA-L5-A893-01A-11R-A36D-31,0.7759145366750725,1
TCGA-CW-5587-01A-01R-1541-07,0.3085925448231999,1
TCGA-CH-5766-01A-11R-1580-07,0.8653531749288105,0
TCGA-E9-A1NI-01A-11R-A14D-07,0.7624515635262892,1
TCGA-46-3767-01A-01R-0980-07,0.2616178834615388,0
TCGA-85-7710-01A-11R-2125-07,0.7950582561919808,1
TCGA-A2-A1G1-01A-21R-A13Q-07,0.790786770252652,1
TCGA-AZ-6603-01A-11R-1839-07,0.46971544692926603,1
TCGA-BP-5180-01A-01R-1426-07,0.508222542006332,1
TCGA-HC-7213-01A-11R-2118-07,0.9287752897239824,1
TCGA-BP-4354-01A-02R-1289-07,0.81661950533821,0
TCGA-E2-A14W-01A-11R-A12D-07,0.784873765319328,1
TCGA-L9-A444-01A-21R-A24H-07,0.7820946376938291,1
TCGA-86-7713-01A-11R-2066-07,0.8074950026532943,1
TCGA-MP-A4TJ-01A-51R-A262-07,0.5356664208639023,1
TCGA-B9-A5W8-01A-11R-A28H-07,0.2114383926148844,1
TCGA-BH-A0DE-01A-11R-A115-07,0.7486321654559622,0
TCGA-BP-4349-01A-01R-1289-07,0.491696057672683,1
TCGA-LL-A8F5-01A-11R-A36F-07,0.8298901159694207,1
TCGA-95-A4VK-01A-11R-A262-07,0.8778121083654392,1
TCGA-HC-A9TH-01A-11R-A41O-07,0.9162830372035414,1
TCGA-CM-4743-01A-01R-1723-07,0.814873256172065,1
TCGA-13-1499-01A-01R-1565-13,0.6571039962589243,1
TCGA-43-7656-01A-11R-2125-07,0.7769179093191034,1
TCGA-66-2786-01A-01R-0851-07,0.7096952283274959,1
TCGA-44-7671-01A-11R-2066-07,0.7128063095229566,0
TCGA-D5-6535-01A-11R-1723-07,0.7719696781061839,1
TCGA-A3-3378-01A-02R-1325-07,0.614822810887619,1
TCGA-KR-A7K8-01A-11R-A33J-07,0.7956093885283938,1
TCGA-B6-A0IG-01A-11R-A034-07,0.8920715089867037,1
TCGA-05-5423-01A-01R-1628-07,0.4069914913943123,1
TCGA-24-2020-01A-01R-1567-13,0.7502737806044643,0
TCGA-EJ-5532-01A-01R-1580-07,0.6169016735933517,1
TCGA-LN-A7HX-01A-11R-A336-31,0.6892072732221867,1
TCGA-24-1418-01A-01R-1565-13,0.6001356471498034,1
TCGA-A6-6648-01A-11R-1774-07,0.564022930115093,1
TCGA-AO-A12F-01A-11R-A115-07,0.8944085046853524,1
TCGA-DD-A1EL-01A-11R-A155-07,0.7321554911853627,1
TCGA-F2-6880-01A-11R-2156-07,0.857053396390039,1
TCGA-IB-AAUW-01A-12R-A38C-07,0.46459684908205134,1
TCGA-EB-A4OZ-01A-12R-A266-07,0.1438565204605774,1
TCGA-CJ-4878-01A-01R-1305-07,0.6722145122610006,1
TCGA-4R-AA8I-01A-11R-A38B-07,0.768916383556823,1
TCGA-CZ-4853-01A-01R-1426-07,0.3154249738829173,1
TCGA-DD-A4NN-01A-11R-A28V-07,0.4609990472921227,1
TCGA-21-5782-01A-01R-1635-07,0.6502182649914895,1
TCGA-85-A513-01A-12R-A26W-07,0.6985665439071553,0
TCGA-29-1761-01A-01R-1567-13,0.5693205780340911,1
TCGA-G7-6792-01A-21R-1965-07,0.38545994384800086,0
TCGA-NC-A5HQ-01A-11R-A26W-07,0.6691613371333888,1
TCGA-B1-A47O-01A-11R-A24Z-07,0.4660151711096786,1
TCGA-AR-A252-01A-11R-A169-07,0.6789498052968148,1
TCGA-BH-A18S-01A-11R-A12D-07,0.7190211821922082,1
TCGA-LQ-A4E4-01A-11R-A266-07,0.7896095973666009,1
TCGA-3A-A9IV-01A-11R-A41B-07,0.933823611547693,1
TCGA-WN-A9G9-01A-12R-A37K-07,0.810297872013131,1
TCGA-BH-A18F-01A-11R-A12D-07,0.8525536762434076,1
TCGA-13-0883-01A-02R-1569-13,0.5889893957281201,0
TCGA-55-7576-01A-11R-2066-07,0.8098731558292982,0
TCGA-44-A4SS-01A-11R-A24X-07,0.8762496530935228,1
TCGA-AD-A5EJ-01A-11R-A28H-07,0.7155873555156583,1
TCGA-E9-A5FL-01A-11R-A27Q-07,0.8314332392848046,1
TCGA-J4-A67L-01A-11R-A30B-07,0.5478907514535994,1
TCGA-23-1113-01A-01R-1564-13,0.4417413345276735,1
TCGA-55-6543-01A-11R-1755-07,0.8051222268201298,0
TCGA-BP-4334-01A-01R-1289-07,0.7831297809101995,1
TCGA-E2-A1L6-01A-11R-A13Q-07,0.7120942512280776,1
TCGA-D8-A27W-01A-11R-A16F-07,0.7972679604147029,1
TCGA-B6-A0WS-01A-11R-A115-07,0.8935506975545712,0
TCGA-B3-8121-01A-21R-2404-07,0.38999506380615084,1
TCGA-D8-A1JK-01A-11R-A13Q-07,0.8201469800713544,1
TCGA-A2-A04N-01A-11R-A115-07,0.6442473678754834,1
TCGA-P4-A5E6-01A-11R-A28H-07,0.15648907685769325,1
TCGA-PJ-A5Z9-01A-11R-A28H-07,0.09609186130940499,1
TCGA-LN-A7HV-01A-21R-A354-31,0.8442632191714264,1
TCGA-22-0944-01A-01R-0692-07,0.6384326218195504,1
TCGA-AN-A0FK-01A-11R-A034-07,0.851943448105086,1
TCGA-BF-AAOU-01A-12R-A39D-07,0.4577209043004577,1
TCGA-HN-A2NL-01A-11R-A18M-07,0.822626508631069,1
TCGA-FR-A2OS-01A-11R-A21D-07,0.22843667590282316,1
TCGA-CW-6093-01A-11R-1672-07,0.31834374802084986,1
TCGA-DD-A73F-01A-11R-A32O-07,0.6525262872929899,1
TCGA-WQ-A9G7-01A-11R-A37K-07,0.6648033371683076,1
TCGA-37-3783-01A-01R-1201-07,0.49764674004895026,1
TCGA-61-1995-01A-01R-1568-13,0.6024690558262196,1
TCGA-DD-AAD2-01A-11R-A41C-07,0.6823670735579996,1
TCGA-24-1616-01A-01R-1566-13,0.7241917662294262,1
TCGA-B2-3923-01B-10R-A277-07,0.701544250926159,1
TCGA-31-1950-01A-01R-1568-13,0.5751665669474056,1
TCGA-FC-A5OB-01A-11R-A29R-07,0.7871633979806466,1
TCGA-LN-A49X-01A-31R-A260-31,0.6647677995922363,1
TCGA-UU-A93S-01A-21R-A41B-07,0.8681395131640341,1
TCGA-34-5240-01A-01R-1443-07,0.5842946528736668,1
TCGA-L5-A43C-01A-11R-A24K-31,0.7630510729169833,1
TCGA-46-3765-01A-01R-0980-07,0.5870871884694341,0
TCGA-B0-4844-01A-01R-1277-07,0.6822119986275179,1
TCGA-21-1080-01A-01R-0692-07,0.8375894809951966,1
TCGA-13-0920-01A-01R-1564-13,0.5685260855038786,1
TCGA-F9-A8NY-01A-11R-A36F-07,0.7571644489132747,1
TCGA-LL-A740-01A-21R-A32P-07,0.846979190538214,1
TCGA-BF-AAP4-01A-11R-A40A-07,0.14698326050502183,1
TCGA-XR-A8TD-01A-12R-A39D-07,0.7675785555149366,1
TCGA-33-4538-01A-01R-1201-07,0.4678921765459723,1
TCGA-LL-A9Q3-01A-11R-A41B-07,0.7123887765065987,1
TCGA-NJ-A4YF-01A-12R-A262-07,0.8893931544677985,1
TCGA-MH-A560-01A-11R-A26U-07,0.17801384196974765,1
TCGA-L5-A8NE-01A-11R-A37I-31,0.9389047221187752,0
TCGA-04-1332-01A-01R-1564-13,0.6760874996990744,1
TCGA-EJ-A7NG-01A-31R-A33R-07,0.2786110945900489,0
TCGA-A8-A08J-01A-11R-A00Z-07,0.8046426802833181,1
TCGA-AK-3456-01A-02R-1325-07,0.796443337128488,1
TCGA-G7-A8LB-01A-11R-A36F-07,0.2830504348677891,0
TCGA-B2-A4SR-01A-11R-A266-07,0.4126468370576097,1
TCGA-62-8394-01A-11R-2326-07,0.7899861238153275,1
TCGA-AZ-6608-01A-11R-1839-07,0.5170017588305126,1
TCGA-Q3-AA2A-01A-11R-A37L-07,0.7255201598065778,1
TCGA-B0-4694-01A-01R-1277-07,0.648010531842831,1
TCGA-AR-A24V-01A-21R-A169-07,0.7774855088922594,0
TCGA-A2-A0EV-01A-11R-A034-07,0.8623574593294239,1
TCGA-60-2714-01A-01R-0851-07,0.8668322476595768,0
TCGA-BP-4762-01A-02R-1289-07,0.48337682237453533,1
TCGA-DD-AACG-01A-11R-A41C-07,0.5570482587410808,1
TCGA-B0-5094-01A-01R-1420-07,0.6139325037971507,1
TCGA-AA-3556-01A-01R-0821-07,0.791453537900749,0
TCGA-2J-AABO-01A-21R-A41B-07,0.8237744692569805,1
TCGA-B0-5400-01A-01R-1503-07,0.557863434481387,0
TCGA-77-6845-01A-11R-1949-07,0.7265475393687985,0
TCGA-D8-A141-01A-11R-A115-07,0.5296271728040325,1
TCGA-55-A57B-01A-12R-A39D-07,0.7562736095617157,1
TCGA-60-2712-01A-01R-0851-07,0.6880033428235767,1
TCGA-A6-4105-01A-02R-1774-07,0.6661086588908676,1
TCGA-XV-A9W5-01A-11R-A38C-07,0.31022760951511846,1
TCGA-A6-5665-01B-03R-2302-07,0.4508326763575888,1
TCGA-E2-A1AZ-01A-11R-A12P-07,0.6722971022244397,1
TCGA-55-7910-01A-11R-2170-07,0.8258692784201231,1
TCGA-50-6673-01A-11R-1949-07,0.8544687249571583,1
TCGA-BH-A0DL-01A-11R-A115-07,0.9125097536405383,1
TCGA-AU-6004-01A-11R-1723-07,0.7379063165567644,1
TCGA-E2-A15I-01A-21R-A137-07,0.5782567257545596,1
TCGA-G9-6369-01A-21R-1965-07,0.7323957172213388,0
TCGA-AA-3819-01A-01R-0905-07,0.4578411999227817,0
TCGA-KK-A6E0-01A-11R-A311-07,0.8891527121585587,0
TCGA-SX-A71W-01A-12R-A355-07,0.24645146392579192,1
TCGA-AR-A0TS-01A-11R-A115-07,0.7844525859352885,1
TCGA-E9-A5UP-01A-11R-A28M-07,0.7916570105104475,0
TCGA-AQ-A0Y5-01A-11R-A14M-07,0.7977266679382553,0
TCGA-BP-4807-01A-01R-1305-07,0.3791620976160751,1
TCGA-CM-5860-01A-01R-1653-07,0.7636675693361578,1
TCGA-BC-A5W4-01A-11R-A28V-07,0.7309394943132196,1
TCGA-B0-4821-01A-01R-1503-07,0.6312196206317233,1
TCGA-UZ-A9PJ-01A-11R-A38C-07,0.17746006524332153,0
TCGA-DD-AACC-01A-11R-A41C-07,0.6026393853106927,0
TCGA-CJ-4870-01A-01R-1305-07,0.3837102332405776,1
TCGA-75-6207-01A-11R-1755-07,0.8923635918479345,1
TCGA-C8-A1HO-01A-11R-A13Q-07,0.78710043709018,1
TCGA-JY-A938-01A-11R-A37I-31,0.8609820612647114,1
TCGA-04-1361-01A-01R-1565-13,0.6845420147156541,1
TCGA-2Z-A9J8-01A-11R-A42S-07,0.5281177582544858,1
TCGA-64-1677-01A-01R-0946-07,0.7084879297444082,0
TCGA-AO-A0JE-01A-11R-A056-07,0.8857371128286732,1
TCGA-IG-A4P3-01A-11R-A260-31,0.7268299430398237,1
TCGA-05-4424-01A-22R-1858-07,0.7930089131335397,0
TCGA-91-A4BD-01A-11R-A24H-07,0.7014950552138967,1
TCGA-DD-AAVS-01A-11R-A41C-07,0.4252455442030025,0
TCGA-18-3414-01A-01R-0980-07,0.7219650928111379,1
TCGA-J4-A83I-01A-11R-A36G-07,0.903323088400319,1
TCGA-39-5035-01A-01R-1443-07,0.811580547372007,1
TCGA-AA-3544-01A-01R-1873-07,0.6076231934900641,1
TCGA-FB-A7DR-01A-21R-A33R-07,0.7899477408409222,1
TCGA-99-8032-01A-11R-2241-07,0.7854018085799476,1
TCGA-95-7948-01A-11R-2187-07,0.8987371774477825,0
TCGA-D8-A1XU-01A-11R-A14M-07,0.8081213851507036,0
TCGA-2Z-A9J7-01A-11R-A38C-07,0.4343594859711031,1
TCGA-13-A5FT-01A-11R-A406-31,0.7146291419600607,1
TCGA-BP-4803-01A-01R-1305-07,0.41919609195378804,1
TCGA-24-2271-01A-01R-1568-13,0.6112610120406106,1
TCGA-DD-A39V-01A-11R-A213-07,0.48070775785495884,0
TCGA-CM-6674-01A-11R-1839-07,0.6896006880731961,1
TCGA-30-1855-01A-01R-1567-13,0.7190768380206624,1
TCGA-2J-AABE-01A-12R-A41B-07,0.7082965527771352,1
TCGA-ED-A82E-01A-11R-A352-07,0.8094052884655343,1
TCGA-56-7580-01A-11R-2045-07,0.6764479972388132,1
TCGA-37-4130-01A-01R-1100-07,0.6712983739240238,1
TCGA-38-4626-01A-01R-1206-07,0.6641971868820905,1
TCGA-CZ-4861-01A-01R-1305-07,0.7724713547682142,1
TCGA-F4-6703-01A-11R-1839-07,0.6271522901332424,1
TCGA-61-2109-01A-01R-1568-13,0.573347744440934,1
TCGA-5M-AATE-01A-11R-A41B-07,0.5880217836777704,1
TCGA-10-0931-01A-01R-1564-13,0.5119452955189635,1
TCGA-UZ-A9PQ-01A-11R-A42S-07,0.6918457206366893,1
TCGA-XC-AA0X-01A-32R-A405-07,0.46944442525689745,1
TCGA-BH-A0C1-01B-11R-A12D-07,0.7792634251577265,1
TCGA-09-1668-01B-01R-1566-13,0.6616157305315271,1
TCGA-77-7338-01A-11R-2045-07,0.3014095780650018,0
TCGA-61-2111-01A-01R-1568-13,0.8159147168939775,1
TCGA-AC-A8OS-01A-12R-A41B-07,0.4735908139687015,1
TCGA-BF-A3DJ-01A-11R-A20F-07,0.2602429984813629,1
TCGA-CJ-4893-01A-01R-1305-07,0.48044922310330856,1
TCGA-DD-AADS-01A-11R-A41C-07,0.46545257737886236,0
TCGA-61-2110-01A-01R-1568-13,0.5948142798155942,1
TCGA-DD-A1EE-01A-11R-A131-07,0.4880901479503127,1
TCGA-BH-A0BP-01A-11R-A115-07,0.8678297162070003,1
TCGA-IG-A3I8-01A-11R-A24K-31,0.7572209174752675,1
TCGA-86-A4D0-01A-11R-A24H-07,0.8004467963944601,0
TCGA-22-1016-01A-01R-0692-07,0.6789928687438309,1
TCGA-BH-A0DS-01A-11R-A056-07,0.7981800328333918,1
TCGA-AR-A5QN-01A-12R-A28M-07,0.8560034954360044,1
TCGA-CW-6088-01A-11R-1672-07,0.24183382749830207,0
TCGA-AQ-A04L-01B-21R-A10J-07,0.9235858133748275,1
TCGA-A7-A13D-01A-13R-A12P-07,0.828110883911593,1
TCGA-A2-A0YJ-01A-11R-A109-07,0.8782756268513452,1
TCGA-04-1331-01A-01R-1569-13,0.685383220990729,1
TCGA-HZ-A8P1-01A-11R-A37L-07,0.8948415851174123,1
TCGA-AR-A24R-01A-11R-A169-07,0.8097839214508895,1
TCGA-36-1575-01A-01R-1566-13,0.46644615087266583,0
TCGA-C8-A273-01A-11R-A16F-07,0.8506137443810865,1
TCGA-DM-A1HB-01A-21R-A180-07,0.6929065201387157,0
TCGA-JL-A3YW-01A-12R-A239-07,0.6819883526239583,1
TCGA-13-1411-01A-01R-1565-13,0.5764510266228375,1
TCGA-60-2710-01A-01R-0851-07,0.44149683718279203,1
TCGA-BP-5009-01A-01R-1334-07,0.5917585760468441,1
TCGA-T7-A92I-01A-11R-A37O-07,0.8532128981014556,1
TCGA-EB-A85I-01A-11R-A352-07,0.20661894200149106,1
TCGA-F4-6460-01A-11R-1774-07,0.7789998880175099,0
TCGA-B8-A54E-01A-11R-A266-07,0.8749249149037653,1
TCGA-60-2725-01A-01R-1201-07,0.35645069777063026,1
TCGA-NC-A5HI-01A-11R-A26W-07,0.6503351059530676,1
TCGA-BP-4965-01A-01R-1334-07,0.2659618986109339,1
TCGA-BP-4756-01A-01R-1289-07,0.88176234253121,1
TCGA-A8-A095-01A-11R-A00Z-07,0.7320335340524512,1
TCGA-MM-A84U-01A-11R-A37O-07,0.6658533566246617,1
TCGA-HP-A5N0-01A-11R-A28V-07,0.6356730802725071,1
TCGA-A4-7996-01A-11R-2204-07,0.25753664929424636,1
TCGA-A2-A0EQ-01A-11R-A034-07,0.8295204531186874,1
TCGA-A1-A0SK-01A-12R-A084-07,0.832973071297706,1
TCGA-EJ-5505-01A-01R-1580-07,0.531568420147688,1
TCGA-43-5668-01A-01R-1635-07,0.8515554430580301,0
TCGA-EW-A2FV-01A-11R-A17B-07,0.8595820469100388,0
TCGA-CZ-5456-01A-01R-1503-07,0.7536394184714224,1
TCGA-C8-A12Y-01A-11R-A12D-07,0.7141479659425052,1
TCGA-AR-A2LM-01A-11R-A180-07,0.42797002879638396,1
TCGA-A6-4107-01A-02R-1410-07,0.5118132962359311,1
TCGA-IG-A3YB-01A-11R-A36D-31,0.9258858384644935,1
TCGA-75-6205-01A-11R-1755-07,0.6354072371852889,1
TCGA-20-1683-01A-01R-1566-13,0.8037359882197836,1
TCGA-BP-4170-01A-02R-1289-07,0.2814629808437304,1
TCGA-CJ-6032-01A-11R-1672-07,0.5096012200532178,1
TCGA-DD-AACL-01A-11R-A41C-07,0.5691303442824465,1
TCGA-BP-4166-01A-02R-1289-07,0.5732034296118167,1
TCGA-2H-A9GL-01A-12R-A37I-31,0.8738224435264439,1
TCGA-B0-5084-01A-01R-1334-07,0.9051690579218831,1
TCGA-E2-A15J-01A-11R-A12P-07,0.8051898370242682,1
TCGA-44-6775-01C-02R-A277-07,0.16134515674944985,1
TCGA-A2-A04W-01A-31R-A115-07,0.8286454065109343,1
TCGA-G3-AAV0-01A-11R-A37K-07,0.4267750534081675,1
TCGA-AA-A00D-01A-01R-A002-07,0.8426154236899293,1
TCGA-56-5897-01A-11R-1635-07,0.432926765642216,1
TCGA-EJ-7321-01A-31R-2263-07,0.5855745819759881,0
TCGA-2J-AABV-01A-12R-A41B-07,0.8147707283240617,1
TCGA-C8-A8HR-01A-11R-A36F-07,0.7277457109874765,1
TCGA-04-1362-01A-01R-1565-13,0.7159675189103729,0
TCGA-HZ-A77Q-01A-11R-A36G-07,0.41263902157144733,1
TCGA-D8-A1JB-01A-11R-A13Q-07,0.6838143436272639,1
TCGA-B0-4811-01A-01R-1503-07,0.590008212382089,0
TCGA-24-1103-01A-01R-1565-13,0.672726334078055,1
TCGA-91-A4BC-01A-11R-A24H-07,0.7961404533599206,1
TCGA-D5-5539-01A-01R-1653-07,0.7590121406298662,1
TCGA-HZ-A4BK-01A-11R-A26U-07,0.6329787615924044,1
TCGA-13-1489-01A-01R-1565-13,0.728107921816541,1
TCGA-A2-A04P-01A-31R-A034-07,0.7909711433465033,1
TCGA-IA-A40Y-01A-11R-A24Z-07,0.7142529035879565,1
TCGA-21-5783-01A-41R-2187-07,0.6935334193690802,1
TCGA-A6-2675-01A-02R-1723-07,0.6777289808638813,1
TCGA-B9-7268-01A-11R-A32Z-07,0.12794306385705245,1
TCGA-BP-4777-01A-01R-1289-07,0.5414233633178025,1
TCGA-BP-4988-01A-01R-1334-07,0.47936212552070606,1
TCGA-2J-AABF-01A-31R-A41B-07,0.7685459756551924,1
TCGA-56-8201-01A-11R-2247-07,0.6603587737084294,1
TCGA-24-2035-01A-01R-1568-13,0.7985221033382298,1
TCGA-A1-A0SP-01A-11R-A084-07,0.8327713188308892,1
TCGA-BC-A10S-01A-22R-A131-07,0.48211864077447253,1
TCGA-HC-7738-01A-11R-2118-07,0.646556962224885,1
TCGA-IA-A83S-01A-11R-A355-07,0.21488957137846945,0
TCGA-HZ-7920-01A-11R-2204-07,0.42193618522539217,1
TCGA-AA-3529-01A-02R-0821-07,0.7792576929242006,1
TCGA-D8-A1XJ-01A-11R-A14M-07,0.8410544349942659,1
TCGA-5X-AA5U-01A-11R-A406-31,0.49564948721075824,1
TCGA-3Z-A93Z-01A-11R-A37O-07,0.631532983381328,1
TCGA-E9-A227-01A-11R-A157-07,0.7899839273304841,1
TCGA-B0-4843-01A-01R-1277-07,0.6121072694447105,0
TCGA-BH-A8G0-01A-11R-A352-07,0.2522596498724623,1
TCGA-FV-A3R2-01A-11R-A22L-07,0.6257600185073355,1
TCGA-CZ-4854-01A-01R-1305-07,0.7389375061294411,1
TCGA-04-1348-01A-01R-1565-13,0.6055281320341707,1
TCGA-38-4625-01A-01R-1206-07,0.8390645237562988,1
TCGA-A3-A6NJ-01A-12R-A33J-07,0.5641985939761616,1
TCGA-BH-A0C3-01A-21R-A12P-07,0.8716976280640215,1
TCGA-58-8388-01A-11R-2326-07,0.4895250694825014,1
TCGA-NH-A50T-01A-11R-A28H-07,0.6569374796723954,1
TCGA-LL-A5YN-01A-11R-A28M-07,0.3233538464565699,0
TCGA-A2-A0ET-01A-31R-A034-07,0.8150839260888779,1
TCGA-GM-A2DO-01A-11R-A18M-07,0.48996982977716,0
TCGA-A7-A0CH-01A-21R-A00Z-07,0.6019483719142817,1
TCGA-2Y-A9GT-01A-11R-A38B-07,0.6928609734964253,1
TCGA-B3-4104-01A-02R-1351-07,0.9356312730142606,1
TCGA-GM-A5PV-01A-11R-A28M-07,0.4743489897084205,1
TCGA-29-1711-01A-01R-1567-13,0.811971936815841,1
TCGA-AO-A1KS-01A-11R-A13Q-07,0.6522263894072684,0
TCGA-AO-A12G-01A-11R-A10J-07,0.8448502297517687,1
TCGA-HZ-8002-01A-11R-2204-07,0.6253388488149167,0
TCGA-22-5492-01A-01R-1635-07,0.7997858692958028,1
TCGA-G4-6625-01A-21R-1774-07,0.7285733163468526,1
TCGA-L5-A4OF-01A-11R-A260-31,0.8888405987858858,1
TCGA-55-A48Y-01A-11R-A24H-07,0.849274564349697,0
TCGA-A2-A0YD-01A-11R-A109-07,0.4324688576561028,1
TCGA-13-0801-01A-01R-1564-13,0.4728483182575565,1
TCGA-B4-5843-01A-11R-1672-07,0.6555799130908881,1
TCGA-AY-A69D-01A-11R-A37K-07,0.6689239573635513,0
TCGA-CJ-4899-01A-01R-1334-07,0.4730827985082368,1
TCGA-YL-A8S9-01A-11R-A37L-07,0.6058429832759937,1
TCGA-55-1596-01A-01R-0946-07,0.8464125893501522,1
TCGA-UB-AA0V-01A-11R-A38B-07,0.4687775143845377,1
TCGA-BH-A0HY-01A-11R-A056-07,0.8776781662655788,1
TCGA-64-1676-01A-01R-0946-07,0.5639374070015757,0
TCGA-A8-A09R-01A-11R-A00Z-07,0.8131208067192709,0
TCGA-D8-A1Y2-01A-11R-A157-07,0.7555436352274855,1
TCGA-5P-A9JY-01A-11R-A42S-07,0.10462322612160099,1
TCGA-AR-A1AI-01A-11R-A12P-07,0.699054078787073,1
TCGA-56-7823-01B-11R-2247-07,0.5885123706160733,1
TCGA-O2-A52V-01A-31R-A262-07,0.6115971655987203,1
TCGA-B0-4816-01A-01R-1503-07,0.4609173841914034,1
TCGA-MH-A55W-01A-11R-A26U-07,0.20422300820940512,1
TCGA-AN-A0FD-01A-11R-A034-07,0.8458169419185677,1
TCGA-3A-A9IB-01A-21R-A39D-07,0.7094978111018387,1
TCGA-P4-A5EA-01A-11R-A28H-07,0.744541276791814,1
TCGA-XV-A9VZ-01A-11R-A38C-07,0.8112088294829708,0
TCGA-BC-A10U-01A-11R-A131-07,0.7876922823743748,0
TCGA-B6-A0I9-01A-11R-A034-07,0.8856642743853137,0
TCGA-B0-5119-01A-02R-1420-07,0.41719971614552603,0
TCGA-AR-A2LR-01A-12R-A18M-07,0.8804233736231935,0
TCGA-22-5472-01A-01R-1635-07,0.6079218104820372,1
TCGA-GI-A2C8-01A-11R-A16F-07,0.8394521717613667,0
TCGA-44-2666-01A-01R-0946-07,0.9125547042406754,1
TCGA-25-1632-01A-01R-1566-13,0.6356930192845502,1
TCGA-78-7540-01A-11R-2066-07,0.5994122544478038,1
TCGA-BH-A0AV-01A-31R-A115-07,0.8387148969841193,1
TCGA-AA-3845-01A-01R-1022-07,0.8850149345340982,1
TCGA-78-8655-01A-11R-2403-07,0.8743716996510169,1
TCGA-BP-4345-01A-01R-1289-07,0.37027752042931095,1
TCGA-98-A539-01A-31R-A262-07,0.6027306347023745,0
TCGA-50-6594-01A-11R-1755-07,0.903829199629776,1
TCGA-49-AARN-01A-21R-A41B-07,0.8184249392686754,1
TCGA-A3-3358-01A-01R-1541-07,0.5268594458202824,1
TCGA-13-1483-01A-01R-1565-13,0.6140350116686546,0
TCGA-KK-A7B2-01A-12R-A32O-07,0.2865274389866898,1
TCGA-49-AAQV-01A-11R-A39D-07,0.8192334697724398,0
TCGA-EV-5902-01A-11R-1592-07,0.3572010740215964,0
TCGA-AC-A6IX-01A-12R-A32P-07,0.829909237569904,1
TCGA-BW-A5NQ-01A-11R-A27V-07,0.6423081069117951,0
TCGA-B6-A0WW-01A-11R-A109-07,0.8008994260184173,0
TCGA-R6-A8W8-01B-11R-A37I-31,0.9043458824862246,1
TCGA-XV-AAZW-01A-12R-A40A-07,0.2462122529657464,0
TCGA-BP-4173-01A-02R-1289-07,0.31283275878194644,1
TCGA-HZ-A49G-01A-11R-A26U-07,0.6298448920543107,0
TCGA-22-1012-01A-01R-0692-07,0.6983843198860177,1
TCGA-BH-A0C7-01B-11R-A115-07,0.8452651424547587,1
TCGA-CC-A7IL-01A-11R-A33R-07,0.46044166509004225,1
TCGA-E9-A1RA-01A-11R-A14D-07,0.8104317014638617,1
TCGA-YL-A8HM-01A-11R-A36G-07,0.8877575931440859,0
TCGA-AC-A3HN-01A-11R-A213-07,0.5154265058050136,1
TCGA-D8-A1X8-01A-11R-A14M-07,0.7215980964665218,1
TCGA-78-7159-01A-11R-2039-07,0.713081579446739,1
TCGA-AR-A1AK-01A-21R-A12P-07,0.7789041529600288,1
TCGA-Y8-A8RY-01A-11R-A37K-07,0.08996736162497362,1
TCGA-DD-AAED-01A-12R-A41C-07,0.6950552717410295,1
TCGA-AN-A0XV-01A-11R-A109-07,0.8472160155622437,1
TCGA-BP-4775-01A-01R-1289-07,0.7556810069507331,1
TCGA-24-1556-01A-01R-1566-13,0.5755523266595173,1
TCGA-44-6148-01A-11R-1755-07,0.6922817758007325,1
TCGA-DD-A3A9-01A-11R-A266-07,0.6118135660230413,0
TCGA-XK-AAJU-01A-11R-A41O-07,0.5110277089744112,1
TCGA-A6-3809-01B-04R-A277-07,0.5901209987539844,1
TCGA-UZ-A9PO-01A-11R-A38C-07,0.09801895365073864,0
TCGA-05-4398-01A-01R-1206-07,0.8333373779365475,0
TCGA-AK-3436-01A-02R-1325-07,0.7615573779214742,1
TCGA-D9-A4Z2-01A-11R-A24X-07,0.134021041290819,1
TCGA-44-8119-01A-11R-2241-07,0.8469917729997076,1
TCGA-EB-A97M-01A-11R-A38C-07,0.11017488701012806,1
TCGA-YL-A8HK-01A-11R-A36G-07,0.8796782353720755,1
TCGA-GL-A59T-01A-21R-A28H-07,0.12673719525219554,1
TCGA-90-7767-01A-11R-2125-07,0.5859498573709677,1
TCGA-DV-5568-01A-01R-1541-07,0.48170912577958847,1
TCGA-A4-A5Y0-01A-11R-A31O-07,0.43967570261487454,0
TCGA-BF-A1PZ-01A-11R-A18S-07,0.12961071562606666,1
TCGA-2J-AAB4-01A-12R-A41B-07,0.645485262670642,0
TCGA-AC-A8OQ-01A-11R-A41B-07,0.8593807697749326,1
TCGA-DD-AACT-01A-11R-A41C-07,0.6562962942429929,0
TCGA-18-3412-01A-01R-0980-07,0.5958013132856878,1
TCGA-A2-A4S2-01A-12R-A266-07,0.7847323208116826,0
TCGA-H9-A6BY-01A-11R-A30B-07,0.33140925653177167,0
TCGA-DW-7837-01A-11R-2139-07,0.25079882602578957,1
TCGA-AA-3552-01A-01R-0821-07,0.7822014215478693,1
TCGA-UZ-A9PN-01A-11R-A38C-07,0.7879951688553917,1
TCGA-NC-A5HO-01A-11R-A26W-07,0.7556480405127942,1
TCGA-B8-A8YJ-01A-13R-A39I-07,0.3686646191474722,1
TCGA-A2-A04Q-01A-21R-A034-07,0.8000923963335361,1
TCGA-HC-A6AQ-01A-11R-A30B-07,0.16510836682630362,1
TCGA-DV-A4VX-01A-11R-A266-07,0.7107828597780042,1
TCGA-FC-A6HD-01A-11R-A31N-07,0.5787199480862389,0
TCGA-F2-A44G-01A-11R-A26U-07,0.8128234878616523,0
TCGA-AZ-4681-01A-01R-1410-07,0.4704370989245224,1
TCGA-VP-A87J-01A-11R-A352-07,0.8957282419672279,0
TCGA-C8-A8HQ-01A-11R-A36F-07,0.8616608681977623,0
TCGA-YJ-A8SW-01A-11R-A37L-07,0.9458111866469322,1
TCGA-63-7020-01A-11R-1949-07,0.6198369989834992,0
TCGA-66-2754-01A-01R-0980-07,0.7079213038921182,1
TCGA-04-1343-01A-01R-1564-13,0.4969624866568092,1
TCGA-KK-A7AV-01A-11R-A32O-07,0.6321174399215733,1
TCGA-HC-A632-01A-11R-A29R-07,0.9245784814554329,0
TCGA-DD-AACE-01A-11R-A41C-07,0.6482783194164632,0
TCGA-23-1809-01A-01R-1566-13,0.7950936516826189,1
TCGA-JY-A939-01A-12R-A37I-31,0.9056560002645383,1
TCGA-25-1627-01A-01R-1566-13,0.6925354398476717,1
TCGA-IB-AAUP-01A-11R-A37L-07,0.7806367344293256,1
TCGA-RC-A6M3-01A-11R-A32O-07,0.8480482104695313,1
TCGA-E9-A1RH-01A-21R-A169-07,0.8537184977404451,0
TCGA-KK-A8IH-01A-11R-A36G-07,0.9205076472208361,1
TCGA-AA-3869-01A-01R-1022-07,0.7834000562702095,0
TCGA-B0-5116-01A-02R-1420-07,0.8160403305992603,1
TCGA-GF-A2C7-01A-11R-A18T-07,0.14309047986277082,1
TCGA-BH-A5J0-01A-11R-A27Q-07,0.4947287240620348,1
TCGA-66-2727-01A-01R-0980-07,0.6289023365944781,1
TCGA-CM-6163-01A-11R-1653-07,0.7121367068757372,1
TCGA-55-A490-01A-11R-A466-07,0.8824784344270838,0
TCGA-AA-3976-01A-01R-1022-07,0.5026282889937373,1
TCGA-A6-2679-01A-02R-1410-07,0.5568121731152409,0
TCGA-BP-5182-01A-01R-1426-07,0.47131341350622974,1
TCGA-56-8083-01A-11R-2247-07,0.7356464527677127,1
TCGA-55-8299-01A-11R-2287-07,0.7812796104940105,0
TCGA-LN-A8I1-01A-11R-A36D-31,0.8885282162987986,0
TCGA-SX-A7SU-01A-11R-A36F-07,0.22370179771351956,1
TCGA-E9-A295-01A-11R-A16F-07,0.8589788396052249,1
TCGA-EJ-7218-01B-11R-A32O-07,0.60268738818502,1
TCGA-E2-A2P5-01A-11R-A19W-07,0.7997355007340428,1
TCGA-A2-A0ES-01A-11R-A115-07,0.2755945059340169,1
TCGA-CK-5916-01A-11R-1653-07,0.8309710894543312,1
TCGA-EJ-A65E-01A-11R-A29R-07,0.804235213679009,0
TCGA-OL-A66K-01A-11R-A29R-07,0.7249498646331527,1
TCGA-44-6774-01A-21R-1858-07,0.6226644544528641,1
TCGA-V1-A9Z7-01A-11R-A41O-07,0.9258712597774625,1
TCGA-ER-A196-01A-11R-A18T-07,0.5238492982355624,1
TCGA-2J-AABI-01A-12R-A41B-07,0.9119129308508338,1
TCGA-GJ-A9DB-01A-11R-A37K-07,0.6427232206317423,1
TCGA-A8-A0A7-01A-11R-A00Z-07,0.791946720861631,1
TCGA-L5-A4ON-01A-11R-A260-31,0.8509279939378191,1
TCGA-F4-6806-01A-11R-1839-07,0.6884542589804036,0
TCGA-66-2792-01A-01R-0980-07,0.4994517582653494,1
TCGA-A8-A08R-01A-11R-A034-07,0.8330223439420146,1
TCGA-E2-A1LH-01A-11R-A14D-07,0.8152594089912643,1
TCGA-24-1550-01A-01R-1566-13,0.7563120073398388,0
TCGA-44-7660-01A-11R-2066-07,0.9083099702265426,1
TCGA-85-A53L-01A-21R-A26W-07,0.779000535505495,0
TCGA-MR-A8JO-01A-12R-A36F-07,0.5448487070601982,1
TCGA-44-5643-01A-01R-1628-07,0.9098245065082762,1
TCGA-90-6837-01A-11R-1949-07,0.751966681036957,0
TCGA-DD-AAC9-01A-11R-A41C-07,0.39602696445428265,0
TCGA-BH-A203-01A-12R-A169-07,0.8924646714068029,1
TCGA-B8-4146-01B-11R-1672-07,0.6005058597446117,1
TCGA-24-1430-01A-01R-1566-13,0.5923955872630086,1
TCGA-BH-A5IZ-01A-11R-A27Q-07,0.8832242099015075,1
TCGA-78-7633-01A-11R-2066-07,0.6919209707381294,1
TCGA-A6-2686-01A-01R-A32Z-07,0.9112206363194071,1
TCGA-NC-A5HF-01A-11R-A26W-07,0.6826144847467362,1
TCGA-BQ-5882-01A-11R-1592-07,0.7565211059268923,1
TCGA-IB-AAUM-01A-11R-A37L-07,0.7407255308324798,1
TCGA-BF-AAP7-01A-11R-A40A-07,0.07353891049860277,1
TCGA-NJ-A4YG-01A-22R-A262-07,0.8024033691365715,0
TCGA-AA-3846-01A-01R-1022-07,0.6100187953392063,1
TCGA-UN-AAZ9-01A-11R-A38C-07,0.1331146932217182,0
TCGA-HC-A76X-01A-11R-A33R-07,0.48189682825560165,1
TCGA-25-2042-01A-01R-1568-13,0.597756484493273,1
TCGA-F4-6459-01A-11R-1774-07,0.8314265171315744,1
TCGA-A7-A13F-01A-11R-A12P-07,0.8686405251134957,0
TCGA-A2-A0CP-01A-11R-A034-07,0.3145794601984557,1
TCGA-KK-A5A1-01A-11R-A29R-07,0.9063862225199896,0
TCGA-F2-6879-01A-11R-2156-07,0.8007485092826079,1
TCGA-A8-A099-01A-11R-A00Z-07,0.7598533794832254,1
TCGA-DD-AADP-01A-11R-A39D-07,0.6907834513563169,1
TCGA-A6-5657-01A-01R-A32Z-07,0.766387871982249,1
TCGA-A8-A09M-01A-11R-A00Z-07,0.801924639415848,1
TCGA-CH-5744-01A-11R-1580-07,0.732162615580728,1
TCGA-43-6771-01A-11R-1820-07,0.6483523648256313,1
TCGA-LN-A4A5-01A-21R-A260-31,0.721579776932821,1
TCGA-BH-A0BZ-01A-31R-A12P-07,0.7995618998116159,0
TCGA-05-4395-01A-01R-1206-07,0.7901552323977349,1
TCGA-BP-5178-01A-01R-1426-07,0.6200504813473492,1
TCGA-B6-A0RI-01A-11R-A056-07,0.8106997608600244,0
TCGA-63-A5MB-01A-11R-A26W-07,0.7287848801021133,1
TCGA-AQ-A04J-01A-02R-A034-07,0.722466035833204,1
TCGA-77-8133-01A-12R-2247-07,0.5762021029665944,0
TCGA-B0-5399-01A-01R-1503-07,0.5372541392903315,1
TCGA-B8-A54I-01A-21R-A33J-07,0.6478360561846741,1
TCGA-61-1910-01A-01R-1567-13,0.7458965270435691,1
TCGA-A8-A07R-01A-21R-A034-07,0.8441645234870412,1
TCGA-CJ-4905-01A-02R-1426-07,0.18468585160141487,1
TCGA-AA-3525-01A-02R-0826-07,0.5592621532503186,1
TCGA-78-8662-01A-11R-2403-07,0.896522143272524,1
TCGA-B6-A0IB-01A-11R-A034-07,0.6967003667032262,0
TCGA-EJ-7328-01A-31R-2118-07,0.7312920467718,1
TCGA-BQ-5875-01A-11R-1592-07,0.3992150428376708,1
TCGA-IB-7649-01A-11R-2156-07,0.7261421772393476,0
TCGA-49-4494-01A-01R-1206-07,0.6576189778464226,1
TCGA-AR-A24P-01A-11R-A169-07,0.6126206150662977,1
TCGA-AA-3542-01A-02R-1873-07,0.2491405264010169,0
TCGA-DM-A28H-01A-11R-A16W-07,0.7310640011832125,0
TCGA-O2-A5IB-01A-11R-A27Q-07,0.6108917473603884,0
TCGA-A8-A06X-01A-21R-A00Z-07,0.8868851704048161,1
TCGA-BH-A28O-01A-11R-A22K-07,0.09483839668433912,1
TCGA-EJ-7115-01A-11R-2118-07,0.5514918483476576,1
TCGA-DW-5560-01A-01R-1592-07,0.28820849970093043,1
TCGA-29-1703-01A-01R-1567-13,0.667935926834967,1
TCGA-AA-3680-01A-01R-0905-07,0.7274101741405534,1
TCGA-CC-A8HU-01A-11R-A36F-07,0.56964206304895,1
TCGA-D8-A27P-01A-11R-A16F-07,0.5881810780505494,1
TCGA-3P-A9WA-01A-11R-A406-31,0.6670724637455903,0
TCGA-BH-A1F6-01A-11R-A13Q-07,0.8744515050466624,1
TCGA-63-5128-01A-01R-1443-07,0.679049255782724,0
TCGA-RC-A7SF-01A-11R-A352-07,0.6297863041575708,0
TCGA-BH-A202-01A-11R-A14M-07,0.7816675748543473,1
TCGA-DD-AAD8-01A-11R-A41C-07,0.7436400989008178,1
TCGA-EU-5904-01A-11R-1672-07,0.28422414079225544,1
TCGA-55-8508-01A-11R-2403-07,0.8688316376916846,1
TCGA-B3-A6W5-01A-12R-A33Z-07,0.23259115358029564,0
TCGA-78-7155-01A-11R-2039-07,0.8893963771883772,1
TCGA-24-2297-01A-01R-1568-13,0.653972072611372,0
TCGA-A8-A09W-01A-11R-A00Z-07,0.8050239957588476,1
TCGA-B9-4617-01A-01R-1193-07,0.25124372672855055,0
TCGA-A8-A09B-01A-11R-A00Z-07,0.7605844183521008,1
TCGA-JY-A6FA-01A-11R-A336-31,0.9025902141760275,1
TCGA-97-A4M1-01A-11R-A24X-07,0.5107430964859297,0
TCGA-GL-A9DD-01A-11R-A37K-07,0.15285879624715934,1
TCGA-A3-A6NN-01A-12R-A33J-07,0.3761740122574275,1
TCGA-18-3416-01A-01R-0980-07,0.6704719887498896,1
TCGA-EJ-5515-01A-01R-1580-07,0.2905083210548145,1
TCGA-D5-6539-01A-11R-1723-07,0.61943667908921,1
TCGA-BH-A18N-01A-11R-A12D-07,0.7536191451491443,0
TCGA-BP-4167-01A-02R-1325-07,0.5167645052022221,1
TCGA-A2-A0CR-01A-11R-A22K-07,0.08324651486175319,1
TCGA-56-8628-01A-11R-2403-07,0.5919220633254839,1
TCGA-55-8621-01A-11R-2403-07,0.5887381540313396,1
TCGA-CC-A7II-01A-11R-A33J-07,0.7395265086824361,1
TCGA-85-6560-01A-11R-1820-07,0.8060722763409274,1
TCGA-AR-A24W-01A-11R-A169-07,0.3146205627215038,1
TCGA-85-6175-01A-11R-1820-07,0.4391710230248769,1
TCGA-86-7954-01A-11R-2187-07,0.8565920351942077,1
TCGA-CC-A9FS-01A-11R-A37K-07,0.7914067267813693,1
TCGA-25-1870-01A-01R-1567-13,0.764649291461298,1
TCGA-63-7022-01A-11R-1949-07,0.4877152974318436,1
TCGA-R6-A6KZ-01A-11R-A31P-31,0.8948736667508249,1
TCGA-AA-3562-01A-02R-0821-07,0.6152325761851687,1
TCGA-D5-6541-01A-11R-1723-07,0.855921195991129,1
TCGA-PJ-A5Z8-01A-11R-A28H-07,0.5932218093871314,0
TCGA-BP-5010-01A-02R-1420-07,0.5753273660965174,0
TCGA-66-2790-01A-01R-0980-07,0.7776782149324302,1
TCGA-AL-A5DJ-01A-11R-A26U-07,0.7465261505959738,1
TCGA-AR-A0TR-01A-11R-A084-07,0.6451452028205866,0
TCGA-AA-3979-01A-01R-1022-07,0.5786596123325218,1
TCGA-A1-A0SJ-01A-11R-A084-07,0.8667350622234676,1
TCGA-AO-A0JA-01A-11R-A056-07,0.8398255444364752,1
TCGA-86-A4JF-01A-11R-A24X-07,0.8591431980839505,1
TCGA-Z6-A8JD-01A-11R-A36D-31,0.7124750994482291,1
TCGA-92-7341-01A-31R-2045-07,0.4984007441357907,1
TCGA-E2-A15O-01A-11R-A115-07,0.8341323768068525,0
TCGA-V1-A9O9-01A-11R-A41O-07,0.8680996143371807,1
TCGA-67-6215-01A-11R-1755-07,0.8249300863295104,0
TCGA-AY-6386-01A-21R-1723-07,0.6562106158353178,1
TCGA-LN-A4A3-01A-11R-A260-31,0.6281084935408481,1
TCGA-44-6778-01A-11R-1858-07,0.7254405306012613,0
TCGA-RU-A8FL-01A-11R-A37K-07,0.7363001715642788,1
TCGA-G3-AAV1-01A-11R-A38B-07,0.637859664450755,0
TCGA-CH-5745-01A-11R-1580-07,0.8207612823659757,0
TCGA-85-8580-01A-31R-2403-07,0.591257825579676,1
TCGA-AK-3454-01A-02R-1277-07,0.29271277838917265,1
TCGA-M7-A722-01A-12R-A36G-07,0.7354131775807178,1
TCGA-3A-A9IN-01A-11R-A39D-07,0.8166247940786233,1
TCGA-49-4501-01A-01R-1206-07,0.5085663848112091,1
TCGA-44-7667-01A-31R-2066-07,0.8347694873545284,1
TCGA-86-7714-01A-12R-2170-07,0.7443562182049765,1
TCGA-34-5929-01A-11R-1820-07,0.7051607702831666,0
TCGA-BC-A10R-01A-11R-A131-07,0.767540940511996,1
TCGA-39-5027-01A-21R-1820-07,0.5738849593002152,1
TCGA-AA-A00E-01A-01R-A002-07,0.8197736689676268,1
TCGA-22-5473-01A-01R-1635-07,0.47655749545575565,0
TCGA-LL-A7T0-01A-31R-A352-07,0.7646497421720797,1
TCGA-13-1410-01A-01R-1565-13,0.6329717500051463,1
TCGA-G9-6377-01A-11R-1965-07,0.7138143393400999,1
TCGA-EJ-7784-01A-11R-2118-07,0.6949951516444131,1
TCGA-51-4081-01A-01R-1100-07,0.40982955054542525,0
TCGA-5P-A9JW-01A-11R-A42S-07,0.2278344347861811,0
TCGA-DV-5567-01A-01R-1541-07,0.34151514767237623,1
TCGA-BH-A1FU-01A-11R-A14D-07,0.6529982772006825,0
TCGA-AR-A1AR-01A-31R-A137-07,0.7454974765363771,1
TCGA-43-7658-01A-11R-2125-07,0.6730858266012633,1
TCGA-BF-A1PU-01A-11R-A18S-07,0.13230053688004684,0
TCGA-CM-6171-01A-11R-1653-07,0.8208040248738643,1
TCGA-EW-A1J2-01A-21R-A13Q-07,0.22603542848904898,1
TCGA-UB-A7MF-01A-11R-A33J-07,0.7878152753179615,0
TCGA-DD-AAD0-01A-11R-A41C-07,0.6674044992316134,0
TCGA-85-6561-01A-11R-1820-07,0.391654504080351,1
TCGA-G9-6367-01A-11R-1789-07,0.4845561103989518,1
TCGA-DM-A1D9-01A-11R-A155-07,0.5831858281051431,1
TCGA-EJ-7783-01A-11R-2118-07,0.38361661508567,1
TCGA-33-AASD-01A-11R-A405-07,0.7016035563568696,1
TCGA-97-8177-01A-11R-2287-07,0.6395858491533145,1
TCGA-NH-A6GA-01A-11R-A37K-07,0.8518029243610187,0
TCGA-BH-A1FC-01A-11R-A13Q-07,0.838472635234159,1
TCGA-BP-4165-01A-02R-1289-07,0.25988659333978764,1
TCGA-AA-A02R-01A-01R-A00A-07,0.7986982652017908,1
TCGA-AD-6899-01A-11R-1928-07,0.8404437597805209,1
TCGA-LN-A4MQ-01A-11R-A28J-31,0.5839734597145082,1
TCGA-KK-A59Z-01A-12R-A26U-07,0.9080594486736904,1
TCGA-MI-A75H-01A-11R-A32O-07,0.4829117601645792,0
TCGA-38-4630-01A-01R-1206-07,0.9093211697858128,1
TCGA-EP-A3RK-01A-11R-A22L-07,0.5734373161569859,1
TCGA-5C-A9VG-01A-11R-A37K-07,0.8481750676813753,1
TCGA-BH-A0E7-01A-11R-A034-07,0.7256335932392711,1
TCGA-AA-3956-01A-02R-1022-07,0.703277851184831,0
TCGA-HC-8216-01A-11R-A29R-07,0.8950402103404026,1
TCGA-EJ-5519-01A-01R-1580-07,0.8506962444330787,1
TCGA-AA-3949-01A-01R-1022-07,0.5975868022178741,0
TCGA-B0-5121-01A-02R-1420-07,0.3079232048363679,1
TCGA-10-0926-01A-01R-1564-13,0.6658665992415225,1
TCGA-AK-3451-01A-02R-1188-07,0.4152818072811419,1
TCGA-A8-A085-01A-11R-A00Z-07,0.8895991975913208,0
TCGA-BH-A18M-01A-11R-A12D-07,0.7143276930955805,1
TCGA-G4-6315-01A-11R-1723-07,0.33811023403453266,1
TCGA-MP-A4TE-01A-22R-A466-07,0.7685260377942307,1
TCGA-EB-A4IS-01A-21R-A266-07,0.2769698790998257,1
TCGA-AN-A0AS-01A-11R-A00Z-07,0.8711544827461724,1
TCGA-CW-5583-01A-02R-1541-07,0.1112136161374148,1
TCGA-BH-A18T-01A-11R-A12D-07,0.8025777855406969,0
TCGA-E9-A22E-01A-11R-A157-07,0.626992656621757,1
TCGA-A2-A1FW-01A-11R-A13Q-07,0.8495108891848382,1
TCGA-H6-A45N-01A-11R-A26U-07,0.36267052412800005,1
TCGA-A2-A0SW-01A-11R-A084-07,0.8492195172500889,0
TCGA-B0-5712-01A-11R-1672-07,0.7552390478857611,1
TCGA-85-8277-01A-11R-2296-07,0.6303218077930414,1
TCGA-E2-A1II-01A-11R-A144-07,0.8299857661434471,1
TCGA-24-2267-01A-01R-1568-13,0.6003303850130836,1
TCGA-77-8131-01A-11R-2247-07,0.5091694142381439,1
TCGA-3A-A9IZ-01A-12R-A41B-07,0.894601699479938,0
TCGA-55-7816-01A-11R-2170-07,0.7967936610824672,1
TCGA-AA-3509-01A-01R-1410-07,0.6925888615154743,1
TCGA-25-1322-01A-01R-1565-13,0.617351704992016,1
TCGA-35-5375-01A-01R-1628-07,0.8356385063124809,1
TCGA-CJ-4918-01A-01R-1426-07,0.5050148951846032,1
TCGA-ED-A66X-01A-11R-A311-07,0.6982755343457095,1
TCGA-FV-A3I0-01A-11R-A22L-07,0.8305774089974937,0
TCGA-AO-A0JG-01A-31R-A084-07,0.793256323661611,1
TCGA-XJ-A9DK-01A-11R-A37L-07,0.8395427356408474,1
TCGA-BH-A0BT-01A-11R-A12P-07,0.792039410285576,1
TCGA-29-1783-01A-01R-1567-13,0.540457215118466,0
TCGA-QG-A5Z1-01A-11R-A28H-07,0.7992558797556244,1
TCGA-F4-6805-01A-11R-1839-07,0.6435017746389009,1
TCGA-18-4086-01A-01R-1100-07,0.3765894193082832,1
TCGA-99-8028-01A-11R-2241-07,0.5544064559313436,1
TCGA-B0-5109-01A-02R-1420-07,0.9146106128662446,1
TCGA-E2-A1B6-01A-31R-A12P-07,0.6300011837420892,1
TCGA-S4-A8RM-01A-11R-A37L-07,0.813595903573037,1
TCGA-49-4486-01A-01R-1206-07,0.42443202381727557,1
TCGA-E9-A248-01A-11R-A169-07,0.8189480260422356,1
TCGA-IB-AAUR-01A-21R-A38C-07,0.38607531969234915,1
TCGA-BC-A69I-01A-11R-A311-07,0.5124490243415372,1
TCGA-AC-A23G-01A-11R-A213-07,0.3172500742310252,0
TCGA-DD-AADG-01A-11R-A41C-07,0.40707496042321767,0
TCGA-A8-A08S-01A-11R-A034-07,0.7897149981569553,1
TCGA-D8-A27G-01A-11R-A16F-07,0.8063513570264677,1
TCGA-A2-A0YT-01A-11R-A109-07,0.8263632205432132,1
TCGA-2H-A9GH-01A-11R-A37I-31,0.8718764250671943,1
TCGA-GM-A4E0-01A-12R-A266-07,0.3777576098732821,1
TCGA-86-8358-01A-11R-2326-07,0.875047299352605,1
TCGA-39-5034-01A-01R-1443-07,0.8513078815553613,1
TCGA-E9-A1N3-01A-12R-A157-07,0.6122785553694292,1
TCGA-91-8496-01A-11R-2403-07,0.535302957754105,1
TCGA-KC-A7FE-01A-12R-A33R-07,0.32951885422314786,1
TCGA-04-1655-01A-01R-1566-13,0.7107017774696562,1
TCGA-A4-7584-01A-11R-2139-07,0.19079987134874465,1
TCGA-HZ-7918-01A-11R-2156-07,0.8381477688761386,1
TCGA-AK-3440-01A-02R-1277-07,0.8078114532929144,0
TCGA-CZ-4857-01A-01R-1305-07,0.8068558028434226,1
TCGA-B9-4116-01A-02R-1351-07,0.6875445936297678,1
TCGA-DZ-6133-01A-11R-1965-07,0.0938471980871924,0
TCGA-J9-A52E-01A-11R-A26U-07,0.938805935411418,1
TCGA-ER-A2NB-01A-12R-A18S-07,0.22133800976766402,1
TCGA-A3-3346-01A-01R-1766-07,0.7623605117429854,1
TCGA-3A-A9IO-01A-11R-A38C-07,0.9117180463469597,1
TCGA-BP-4325-01A-02R-1289-07,0.5127980473507932,1
TCGA-IB-7889-01A-11R-2156-07,0.8478830761173589,0
TCGA-A8-A07F-01A-11R-A00Z-07,0.7525539824883742,1
TCGA-78-7162-01A-21R-2066-07,0.5131257614056015,1
TCGA-IB-7644-01A-11R-2156-07,0.7795809988740134,0
TCGA-36-1569-01A-01R-1566-13,0.5814167151676972,0
TCGA-52-7622-01A-11R-2125-07,0.4160872086270314,1
TCGA-69-8453-01A-12R-2326-07,0.5747979472226112,1
TCGA-OL-A66N-01A-12R-A31O-07,0.46754513533869685,1
TCGA-CC-A9FV-01A-11R-A37K-07,0.6160222294747842,1
TCGA-XD-AAUI-01A-42R-A41B-07,0.7568363065263821,1
TCGA-GM-A2DN-01A-11R-A180-07,0.8226015211891676,0
TCGA-G3-A3CK-01A-11R-A213-07,0.36617276865317766,0
TCGA-BP-4771-01A-01R-1289-07,0.385817271187476,0
TCGA-DD-AACO-01A-11R-A41C-07,0.7239175521098411,1
TCGA-75-7031-01A-11R-1949-07,0.8514429102182128,1
TCGA-24-1552-01A-01R-1566-13,0.6955422430029291,1
TCGA-85-8287-01A-11R-2296-07,0.6068952817586798,0
TCGA-AY-6197-01A-11R-1723-07,0.8205540417426511,1
TCGA-96-A4JK-01A-11R-A24Z-07,0.6368089666982808,1
TCGA-C8-A12Z-01A-11R-A115-07,0.7475146165067533,1
TCGA-E9-A3Q9-01A-11R-A21T-07,0.7704044280772054,1
TCGA-AC-A8OR-01A-21R-A41B-07,0.7907208154450928,1
TCGA-44-5644-01A-21R-2039-07,0.9063643326713854,1
TCGA-A2-A0T3-01A-21R-A115-07,0.9027127560221246,1
TCGA-A4-8098-01A-11R-2404-07,0.7212629186943819,1
TCGA-EB-A82C-01A-11R-A352-07,0.1771358395617631,0
TCGA-DM-A1D0-01A-11R-A155-07,0.7702967493551556,1
TCGA-BF-AAP1-01A-11R-A39D-07,0.19177628100520433,1
TCGA-S3-AA12-01A-11R-A41B-07,0.7200652383612267,0
TCGA-24-2024-01A-02R-1568-13,0.6661601743372445,1
TCGA-24-2026-01A-01R-1567-13,0.7948826329708418,1
TCGA-G7-6796-01A-11R-1965-07,0.42911542797113883,1
TCGA-AL-3473-01A-01R-1193-07,0.8446613012620613,1
TCGA-Y8-A894-01A-11R-A36F-07,0.3347206041048302,1
TCGA-22-5483-01A-01R-1820-07,0.6924626353811021,1
TCGA-CJ-4644-01A-02R-1325-07,0.46185697557649696,1
TCGA-22-5489-01A-01R-1635-07,0.4917447016255837,1
TCGA-D8-A1JP-01A-11R-A13Q-07,0.9060849859270687,0
TCGA-B9-A5W9-01A-11R-A28H-07,0.3750661086222288,1
TCGA-13-0886-01A-01R-1569-13,0.6927622516852342,1
TCGA-EB-A4P0-01A-41R-A266-07,0.21071015183271144,1
TCGA-G4-6307-01A-11R-1723-07,0.5982440147556626,0
TCGA-DD-AAEH-01A-11R-A41C-07,0.6388823069444919,1
TCGA-FV-A2QQ-01A-11R-A22L-07,0.32743822906119896,0
TCGA-MP-A4SW-01A-21R-A24X-07,0.7725853286851321,1
TCGA-P4-A5ED-01A-11R-A28H-07,0.798742731230591,1
TCGA-CA-6719-01A-11R-1839-07,0.7211076520643497,1
TCGA-AY-4071-01A-01R-1113-07,0.6150217254110784,1
TCGA-B8-4622-01A-02R-1277-07,0.3666992097837467,1
TCGA-AO-A1KP-01A-11R-A13Q-07,0.6880675774902656,1
TCGA-A8-A081-01A-11R-A00Z-07,0.8334203914040532,0
TCGA-24-2262-01A-01R-1568-13,0.8285998830327156,1
TCGA-3A-A9I7-01A-21R-A38C-07,0.6883232438206952,1
TCGA-A2-A0CW-01A-21R-A115-07,0.8705788888667794,1
TCGA-UZ-A9Q0-01A-12R-A42S-07,0.09736344453844614,1
TCGA-56-8082-01A-11R-2247-07,0.6990834250884268,0
TCGA-39-5019-01A-01R-1820-07,0.6768292268659447,1
TCGA-G3-A5SI-01A-31R-A27V-07,0.6624956688006994,1
TCGA-A2-A0EX-01A-21R-A034-07,0.7252365943297363,1
TCGA-AR-A2LJ-01A-12R-A19W-07,0.33419075295148826,1
TCGA-R6-A6DN-01B-11R-A31P-31,0.9173010633847101,1
TCGA-B0-4842-01A-02R-1420-07,0.7111489437542367,1
TCGA-90-A4EE-01A-11R-A24Z-07,0.5435379393205316,0
TCGA-DW-7834-01A-11R-2139-07,0.38510308489713535,1
TCGA-A3-3317-01A-02R-1325-07,0.7702273312992174,1
TCGA-LN-A7HY-01A-12R-A354-31,0.9315020313581596,0
TCGA-B0-5080-01A-01R-1503-07,0.4055035450062477,1
TCGA-DD-AAW3-01A-11R-A41C-07,0.5035527276042121,1
TCGA-CM-5862-01A-01R-1653-07,0.7867333016445032,1
TCGA-G9-6494-01A-11R-1789-07,0.6427265661504346,0
TCGA-2J-AABT-01A-11R-A41B-07,0.7883232804757341,1
TCGA-AA-3693-01A-01R-0905-07,0.6310019226262972,0
TCGA-2V-A95S-01A-11R-A37K-07,0.7937745685816708,1
TCGA-44-7669-01A-21R-2066-07,0.8302922594325005,0
TCGA-BP-5008-01A-01R-1334-07,0.24370242410956078,1
TCGA-D5-6920-01A-11R-1928-07,0.6633939327189629,1
TCGA-K7-A5RG-01A-11R-A28V-07,0.7590926597410019,1
TCGA-BP-4795-01A-02R-1420-07,0.20688946348175916,1
TCGA-18-3419-01A-01R-0980-07,0.860815636054497,0
TCGA-G9-6332-01A-11R-1789-07,0.6368181357048386,1
TCGA-56-8309-01A-11R-2296-07,0.4202965562688793,1
TCGA-AC-A23E-01A-11R-A157-07,0.5586554479089645,1
TCGA-BQ-7046-01A-11R-1965-07,0.08512723552446676,1
TCGA-AN-A0AT-01A-11R-A034-07,0.8639474159730879,1
TCGA-BH-A0E9-01B-11R-A115-07,0.5348207882072663,0
TCGA-AA-3663-01A-01R-1723-07,0.7842677635482543,1
TCGA-A2-A0YI-01A-31R-A10J-07,0.7052613655903522,1
TCGA-34-8456-01A-21R-2326-07,0.7099944776235003,1
TCGA-AR-A1AJ-01A-21R-A12P-07,0.6432604400986156,1
TCGA-44-6145-01A-11R-1755-07,0.7525022986784702,1
TCGA-BP-4344-01A-01R-1289-07,0.22250282981699032,1
TCGA-5C-A9VH-01A-11R-A37K-07,0.5863402666999806,1
TCGA-62-8399-01A-21R-2326-07,0.8686771339833467,0
TCGA-A8-A08T-01A-21R-A00Z-07,0.8289919806836227,1
TCGA-56-7222-01A-11R-2045-07,0.5959470586108494,0
TCGA-PZ-A5RE-01A-11R-A32O-07,0.6956662607035824,1
TCGA-EJ-5509-01A-01R-1580-07,0.7813399289959996,0
TCGA-58-8392-01A-11R-2326-07,0.473356740654433,1
TCGA-18-5595-01A-01R-1635-07,0.696757980416746,1
TCGA-29-1695-01A-01R-1567-13,0.7668977820143045,1
TCGA-B0-4833-01A-01R-1305-07,0.4575478702593,1
TCGA-D8-A27E-01A-11R-A16F-07,0.5884103529496522,0
TCGA-BH-A209-01A-11R-A157-07,0.7512169915246079,1
TCGA-BH-A0W4-01A-11R-A109-07,0.5383803311682818,0
TCGA-DV-5565-01A-01R-1541-07,0.7065865043680967,0
TCGA-94-A5I6-01A-21R-A27Q-07,0.5899188154054261,0
TCGA-61-1725-01A-01R-1567-13,0.4339723436662369,1
TCGA-B0-5098-01A-01R-1420-07,0.9372366052964309,1
TCGA-13-0905-01B-01R-1565-13,0.6815248846972016,1
TCGA-AA-3667-01A-01R-0905-07,0.24579041937289725,1
TCGA-D8-A1XC-01A-11R-A14D-07,0.7556857375861181,0
TCGA-J4-A6M7-01A-11R-A31N-07,0.710431884224506,1
TCGA-24-1544-01A-01R-1566-13,0.6696261507387661,0
TCGA-YL-A9WJ-01A-11R-A37L-07,0.8443766153677578,1
TCGA-29-1785-01A-01R-1567-13,0.7217609308834724,0
TCGA-98-8020-01A-11R-2247-07,0.4927813773581099,0
TCGA-XJ-A9DQ-01A-11R-A37L-07,0.5465885581522941,0
TCGA-C8-A8HP-01A-11R-A36F-07,0.8424291166008376,1
TCGA-B0-5096-01A-01R-1420-07,0.886371467514885,1
TCGA-E9-A3QA-01A-61R-A22K-07,0.773325762382894,1
TCGA-BH-A0WA-01A-11R-A109-07,0.8270978443647837,1
TCGA-66-2791-01A-01R-0980-07,0.5082223840031145,1
TCGA-BH-A0HN-01A-11R-A10U-07,0.5418129391057992,1
TCGA-F4-6463-01A-11R-1723-07,0.7538437960996276,0
TCGA-A2-A1FZ-01A-51R-A14D-07,0.7422658720862004,1
TCGA-VP-AA1N-01A-31R-A41O-07,0.8845147585410709,1
TCGA-A3-3359-01A-01R-0864-07,0.24388897134347598,1
TCGA-AN-A049-01A-21R-A00Z-07,0.8571505677430235,1
TCGA-CZ-5462-01A-01R-1503-07,0.7888263828675327,1
TCGA-CM-6165-01A-11R-1653-07,0.7096834530891735,1
TCGA-DD-A3A3-01A-11R-A22L-07,0.6030102867261429,1
TCGA-AO-A125-01A-11R-A10J-07,0.6164039615924564,1
TCGA-69-7760-01A-11R-2170-07,0.8595638082594691,1
TCGA-KC-A7FD-01A-11R-A33R-07,0.801214761710605,0
TCGA-UZ-A9PK-01A-11R-A38C-07,0.07973365418216707,1
TCGA-62-8398-01A-11R-2326-07,0.8210771185744382,1
TCGA-B0-4698-01A-01R-1503-07,0.933253331214215,1
TCGA-L5-A88V-01A-11R-A354-31,0.901770772841288,1
TCGA-3A-A9IX-01A-11R-A41B-07,0.48968234326034116,1
TCGA-55-A4DG-01A-11R-A24H-07,0.7197265991806623,1
TCGA-EW-A424-01A-11R-A24H-07,0.6455377036422352,1
TCGA-60-2706-01A-01R-0851-07,0.8123677028747261,1
TCGA-IA-A40U-01A-11R-A24Z-07,0.2926730836060336,1
TCGA-GM-A3XG-01A-31R-A24H-07,0.21953011556378257,0
TCGA-ZR-A9CJ-01B-11R-A38D-31,0.8694205511032961,1
TCGA-BH-A18G-01A-11R-A12D-07,0.8559854480299428,1
TCGA-G9-6384-01A-11R-1789-07,0.604836801234394,0
TCGA-67-6216-01A-11R-1755-07,0.8092144412945912,1
TCGA-13-1488-01A-01R-1565-13,0.6643799110419041,1
TCGA-G9-6343-01A-21R-1965-07,0.5154567319674673,1
TCGA-90-A59Q-01A-11R-A26W-07,0.7730053585650241,1
TCGA-CW-5580-01A-01R-1672-07,0.639717160287127,1
TCGA-25-1625-01A-01R-1566-13,0.7439776151990053,1
TCGA-EJ-A8FS-01A-11R-A352-07,0.8166519974476221,1
TCGA-CM-6164-01A-11R-1653-07,0.5889527055017774,0
TCGA-29-1763-01A-02R-1567-13,0.7075274055924127,0
TCGA-97-7941-01A-11R-2187-07,0.7534968109670894,1
TCGA-B0-4696-01A-01R-1277-07,0.9205997121485849,1
TCGA-AA-3675-01A-02R-0905-07,0.7791680941479984,1
TCGA-HC-A6AS-01A-11R-A30B-07,0.3228386648136176,1
TCGA-LN-A7HW-01A-22R-A354-31,0.626527862728547,1
TCGA-50-6595-01A-12R-1858-07,0.5467581029349066,0
TCGA-05-4433-01A-22R-1858-07,0.705698224663683,1
TCGA-B0-5113-01A-01R-1420-07,0.2665976231313939,1
TCGA-OL-A66I-01A-21R-A29R-07,0.8433988513411874,1
TCGA-GM-A2DL-01A-11R-A18M-07,0.8551922348106191,1
TCGA-10-0934-01A-02R-1564-13,0.8018293234547695,1
TCGA-B1-5398-01A-02R-1592-07,0.42390632246094573,1
TCGA-09-1667-01C-01R-1566-13,0.7499531670747751,1
TCGA-69-7979-01A-11R-2187-07,0.903374703969769,1
TCGA-22-1017-01A-01R-0692-07,0.8130035192467131,1
TCGA-BP-4759-01A-01R-1289-07,0.6468191918555806,1
TCGA-ED-A459-01A-11R-A266-07,0.8390555530968091,1
TCGA-EB-A51B-01A-11R-A27Q-07,0.220252005324399,1
TCGA-CW-6090-01A-11R-1672-07,0.7102765826227366,1
TCGA-AA-3968-01A-01R-1022-07,0.6719295647585491,1
TCGA-85-8276-01A-11R-2296-07,0.7510446621276806,1
TCGA-D5-6924-01A-11R-1928-07,0.5183169594640674,1
TCGA-95-7947-01A-11R-2187-07,0.8748760026622463,1
TCGA-50-5932-01A-11R-1755-07,0.7682435483933547,1
TCGA-G9-6342-01A-11R-1965-07,0.6868579740476234,1
TCGA-BH-A0H9-01A-11R-A056-07,0.8667817987878625,1
TCGA-AR-A24X-01A-11R-A169-07,0.5746418873259288,1
TCGA-A4-A5Y1-01A-11R-A28H-07,0.772920408782987,1
TCGA-AR-A1AV-01A-21R-A12P-07,0.7958729366676716,1
TCGA-33-4582-01A-01R-1443-07,0.7442122590217223,1
TCGA-A7-A0DC-01B-04R-A22O-07,0.7476235878594794,1
TCGA-E9-A245-01A-22R-A16F-07,0.7048794460850492,1
TCGA-LN-A49Y-01A-11R-A260-31,0.9328338438608322,1
TCGA-BP-4960-01A-01R-1334-07,0.37440036965360596,1
TCGA-CJ-4641-01A-02R-1325-07,0.5885707269683729,1
TCGA-55-7281-01A-11R-2039-07,0.7065577604705885,1
TCGA-AA-3870-01A-01R-1022-07,0.761576130282196,1
TCGA-MI-A75E-01A-11R-A32O-07,0.5434855059921638,1
TCGA-DD-A1EF-01A-11R-A131-07,0.7044619745874077,1
TCGA-VR-A8EX-01A-11R-A36D-31,0.8247699526009666,1
TCGA-56-8504-01A-11R-2403-07,0.6680557383053602,1
TCGA-MG-AAMC-01A-11R-A41O-07,0.6808044502033087,0
TCGA-56-A49D-01A-11R-A24H-07,0.780563147345301,1
TCGA-39-5022-01A-21R-1820-07,0.4782527521184671,0
TCGA-55-7573-01A-11R-2039-07,0.5199589805995756,0
TCGA-13-0730-01A-01R-1564-13,0.7313169373767637,1
TCGA-D5-6538-01A-11R-1723-07,0.7988166594960749,1
TCGA-2Y-A9GU-01A-11R-A38B-07,0.6425171076424164,0
TCGA-YL-A8HJ-01A-11R-A36G-07,0.7605065960353172,1
TCGA-05-4396-01A-21R-1858-07,0.766353880715937,1
TCGA-E2-A1LL-01A-11R-A144-07,0.9122877152152161,1
TCGA-24-2281-01A-01R-1568-13,0.624513266970487,1
TCGA-33-A4WN-01A-11R-A262-07,0.72352537116995,1
TCGA-CZ-5985-01A-11R-1672-07,0.5734665170073827,1
TCGA-GN-A263-01A-11R-A18T-07,0.5153021241997606,1
TCGA-E9-A1RE-01A-11R-A157-07,0.8110547271218956,1
TCGA-E2-A15M-01A-11R-A12D-07,0.5767022218762751,0
TCGA-HC-8262-01A-11R-2263-07,0.8052367913718252,1
TCGA-DM-A0X9-01A-11R-A155-07,0.555919456075995,1
TCGA-A7-A4SC-01A-12R-A266-07,0.8030037191402029,0
TCGA-AN-A04A-01A-21R-A034-07,0.8358257307689764,0
TCGA-QA-A7B7-01A-11R-A32O-07,0.6064191192379282,1
TCGA-29-2427-01A-01R-1569-13,0.598808644082058,0
TCGA-25-1633-01A-01R-1566-13,0.7136587853142299,1
TCGA-85-A510-01A-11R-A26W-07,0.7364151880478441,1
TCGA-75-5147-01A-01R-1628-07,0.7661437430641452,0
TCGA-D3-A5GT-01A-12R-A311-07,0.27328495946105125,1
TCGA-49-AARR-01A-11R-A41B-07,0.6487923126367391,1
TCGA-CH-5740-01A-11R-1580-07,0.8327833836650242,1
TCGA-BH-A0W3-01A-11R-A109-07,0.5731980191862331,1
TCGA-13-1487-01A-01R-1565-13,0.6698079304293382,1
TCGA-CZ-5464-01A-01R-1503-07,0.8330539773820669,0
TCGA-HC-A8D1-01A-11R-A36G-07,0.5442436596990073,1
TCGA-13-0884-01B-01R-1565-13,0.5860805498798535,0
TCGA-D8-A1JD-01A-11R-A13Q-07,0.7782015443082114,1
TCGA-61-2009-01A-01R-1568-13,0.6920333164992544,0
TCGA-J4-A67N-01A-11R-A30B-07,0.5389494572302985,1
TCGA-66-2788-01A-01R-0980-07,0.5166815064003769,1
TCGA-EJ-5501-01A-01R-1580-07,0.8445026628830932,1
TCGA-BC-4072-01B-11R-A155-07,0.8363855042775161,1
TCGA-LN-A5U7-01A-11R-A31P-31,0.560097671277163,1
TCGA-IG-A4QT-01A-21R-A260-31,0.6879871776169013,1
TCGA-YL-A9WX-01A-21R-A41O-07,0.5648953458044811,1
TCGA-3A-A9IL-01A-11R-A38C-07,0.8774696836428927,1
TCGA-AD-6965-01A-11R-1928-07,0.6989280876149758,1
TCGA-60-2704-01A-11R-2045-07,0.4282303552909684,1
TCGA-AA-3514-01A-02R-0821-07,0.4525208131091368,1
TCGA-IB-A5ST-01A-11R-A32O-07,0.8132762517075298,1
TCGA-BH-A0DQ-01A-11R-A084-07,0.8035225849614166,1
TCGA-D8-A1XY-01A-11R-A14M-07,0.8016809923044217,1
TCGA-ZG-A9LB-01A-11R-A41O-07,0.8596655890421175,1
TCGA-L5-A4OR-01A-11R-A260-31,0.8811032004662473,1
TCGA-LD-A74U-01A-13R-A33J-07,0.5050563864432,1
TCGA-B8-4148-01A-02R-1325-07,0.46589441001228477,1
TCGA-77-8009-01A-11R-2187-07,0.6743586686297636,1
TCGA-55-7574-01A-11R-2039-07,0.6851718732530914,1
TCGA-XA-A8JR-01A-11R-A36G-07,0.6044637460328754,0
TCGA-B0-5095-01A-01R-1420-07,0.6376320303575101,1
TCGA-NC-A5HE-01A-11R-A26W-07,0.7312302771161229,1
TCGA-RC-A6M4-01A-11R-A32O-07,0.40775051671089035,1
TCGA-EJ-A8FN-01A-11R-A352-07,0.6728261900223903,1
TCGA-2Z-A9JK-01A-11R-A42S-07,0.8540434482745451,1
TCGA-69-8254-01A-11R-2287-07,0.7364690328654213,0
TCGA-67-6217-01A-11R-1755-07,0.5291986527256503,1
TCGA-55-7994-01A-11R-2187-07,0.7882026086160038,1
TCGA-55-8090-01A-11R-2241-07,0.7790891439478886,0
TCGA-LN-A5U5-01A-21R-A28J-31,0.8555592420595562,1
TCGA-66-2768-01A-01R-0851-07,0.5938423081504433,1
TCGA-WQ-AB4B-01A-11R-A41C-07,0.4973997006495953,1
TCGA-77-6844-01A-11R-1949-07,0.6772654190172411,1
TCGA-A8-A07Z-01A-11R-A00Z-07,0.7211096989001952,1
TCGA-AA-3977-01A-01R-1022-07,0.6048643646483609,0
TCGA-AC-A3W7-01A-11R-A22K-07,0.335601693836385,1
TCGA-CC-5263-01A-01R-A131-07,0.7536806150260668,1
TCGA-18-3411-01A-01R-0980-07,0.5464686387165599,1
TCGA-DM-A0XD-01A-12R-A155-07,0.6939699277268757,0
TCGA-OL-A5RU-01A-11R-A28M-07,0.724284717664552,1
TCGA-33-AASB-01A-11R-A405-07,0.8131629508877587,1
TCGA-B6-A0RG-01A-11R-A056-07,0.8255346891620609,1
TCGA-DD-AAC8-01A-11R-A41C-07,0.6603754394842408,1
TCGA-VP-A87D-01A-11R-A352-07,0.7701638436203956,1
TCGA-BH-A0HX-01A-21R-A056-07,0.8595441086201789,1
TCGA-BP-4353-01A-02R-1289-07,0.6584781822448207,0
TCGA-66-2793-01A-01R-1201-07,0.7811345541170404,1
TCGA-E2-A15A-01A-11R-A12D-07,0.8103602256492064,1
TCGA-61-2094-01A-01R-1568-13,0.6484153086778219,0
TCGA-AA-3502-01A-01R-1410-07,0.7464554809612131,1
TCGA-E9-A22G-01A-11R-A157-07,0.8210997986899203,1
TCGA-A3-3325-01A-01R-0864-07,0.6701713091804793,0
TCGA-BP-4176-01A-02R-1289-07,0.5311211742113078,1
TCGA-09-1669-01A-01R-1566-13,0.6164701235575657,1
TCGA-04-1365-01A-01R-1565-13,0.5358175271843231,1
TCGA-2Z-A9JS-01A-21R-A42S-07,0.13494565979262854,1
TCGA-AR-A0U4-01A-11R-A109-07,0.8963055448486924,1
TCGA-B0-5713-01A-11R-1672-07,0.4103921781144913,0
TCGA-L3-A4E7-01A-11R-A24Z-07,0.6227394014750073,1
TCGA-G7-6795-01A-11R-1965-07,0.3387833466551404,0
TCGA-AY-5543-01A-01R-1653-07,0.5955091249473158,0
TCGA-G4-6294-01A-11R-1774-07,0.6503294240339523,1
TCGA-CM-5344-01A-21R-1723-07,0.7320284303721003,0
TCGA-TK-A8OK-01A-22R-A36G-07,0.7446807587215467,0
TCGA-VR-AA4G-01A-11R-A37I-31,0.6621255760383326,1
TCGA-JY-A93C-01A-11R-A38D-31,0.9053116068477385,1
TCGA-G9-6356-01A-11R-1789-07,0.6131541070636188,0
TCGA-A2-A0ER-01A-21R-A034-07,0.7068627619172284,1
TCGA-62-A46O-01A-11R-A24H-07,0.7956305060284791,1
TCGA-BQ-5885-01A-11R-1592-07,0.6176944647726794,1
TCGA-E2-A1IN-01A-11R-A13Q-07,0.7110243190366121,1
TCGA-NJ-A55R-01A-11R-A262-07,0.8844572197244474,0
TCGA-A3-3383-01A-02R-1325-07,0.5452025665159564,1
TCGA-B4-5844-01A-11R-1672-07,0.3292498208716823,1
TCGA-CJ-5676-01A-11R-1541-07,0.4230195529367719,1
TCGA-MH-A561-01A-11R-A26U-07,0.20651695783338184,1
TCGA-96-A4JL-01A-11R-A24Z-07,0.6705700543221476,0
TCGA-KK-A6DY-01A-12R-A311-07,0.7351076159184081,1
TCGA-2Z-A9JP-01A-11R-A42S-07,0.09208606418187511,1
TCGA-VR-A8ER-01A-11R-A36D-31,0.8826251343713394,1
TCGA-24-2288-01A-01R-1568-13,0.7580381205158263,1
TCGA-A8-A0AD-01A-11R-A056-07,0.8651200600825697,1
TCGA-B6-A0IQ-01A-11R-A034-07,0.8369930804004472,1
TCGA-DM-A28A-01A-21R-A32Y-07,0.7192272825407989,1
TCGA-09-0369-01A-01R-1564-13,0.6491015896923746,1
TCGA-G7-A8LD-01A-11R-A36F-07,0.8414705613204368,1
TCGA-A4-7732-01A-11R-2139-07,0.19812040869441946,1
TCGA-QU-A6IP-01A-11R-A31N-07,0.33724991025389767,1
TCGA-DD-A1EG-01A-11R-A213-07,0.4420927293135917,0
TCGA-BP-5004-01A-01R-1334-07,0.6661448514004641,0
TCGA-BP-5006-01A-01R-1334-07,0.37771508726829894,1
TCGA-A6-6781-01A-22R-A278-07,0.5372677950142063,1
TCGA-CA-5255-01A-11R-1839-07,0.5738058854338035,0
TCGA-66-2782-01A-01R-0851-07,0.679946140408183,1
TCGA-MP-A4SY-01A-21R-A24X-07,0.8230113318813976,1
TCGA-44-3398-01A-01R-1107-07,0.5041051794861463,1
TCGA-97-8171-01A-11R-2287-07,0.8788299779476648,1
TCGA-BH-A0BG-01A-11R-A115-07,0.8806221973487584,0
TCGA-B0-4834-01A-01R-1305-07,0.8232089609161714,0
TCGA-A2-A25B-01A-11R-A169-07,0.8066419589560385,1
TCGA-70-6723-01A-11R-1820-07,0.6301174257677364,1
TCGA-KK-A8IJ-01A-11R-A352-07,0.6722950580435655,1
TCGA-CZ-5986-01A-11R-1672-07,0.4679336115275777,1
TCGA-BH-A1EN-01A-11R-A13Q-07,0.8974684439178958,1
TCGA-CH-5768-01A-11R-1580-07,0.5203288787195148,1
TCGA-B0-4846-01A-01R-1277-07,0.28209921818616013,1
TCGA-E2-A2P6-01A-11R-A19W-07,0.7698526500162396,1
TCGA-AK-3434-01A-02R-1277-07,0.5756868307248871,1
TCGA-WW-A8ZI-01A-11R-A37L-07,0.9095778922202868,1
TCGA-56-7730-01A-11R-2125-07,0.5780544434533789,1
TCGA-3A-A9I9-01A-11R-A38C-07,0.6399372674187401,0
TCGA-EP-A2KC-01A-11R-A213-07,0.5440935979288009,1
TCGA-AO-A1KO-01A-31R-A13Q-07,0.5038379503282351,1
TCGA-BH-A18K-01A-11R-A12D-07,0.8083029824430374,1
TCGA-D8-A147-01A-11R-A115-07,0.7794823432984328,1
TCGA-24-0979-01A-01R-1565-13,0.7037896594634256,0
TCGA-HC-7821-01A-12R-2118-07,0.9149734256092631,1
TCGA-3A-A9IU-01A-11R-A39D-07,0.8032194250634399,1
TCGA-AC-A3QP-01A-11R-A22U-07,0.27875788059426315,1
TCGA-E9-A226-01A-21R-A157-07,0.7310248791861198,1
TCGA-MP-A4T7-01A-11R-A24X-07,0.8229298436514154,1
TCGA-HE-7129-01A-11R-1965-07,0.1696630108429845,1
TCGA-91-7771-01A-11R-2170-07,0.7373285483117249,1
TCGA-CC-A7IK-01A-12R-A33R-07,0.6120008620312007,1
TCGA-AD-6895-01A-11R-1928-07,0.7762547296681797,1
TCGA-2Z-A9JN-01A-21R-A42S-07,0.8310392480124568,1
TCGA-Y8-A898-01A-11R-A355-07,0.03735846447867541,1
TCGA-24-1545-01A-01R-1566-13,0.5349509351019137,1
TCGA-60-2711-01A-01R-0851-07,0.7206431477310369,1
TCGA-US-A77G-01A-11R-A32O-07,0.6976174370223588,1
TCGA-44-5645-01B-04R-A277-07,0.3149153729656493,1
TCGA-23-1109-01A-01R-1564-13,0.6299165492388928,1
TCGA-DD-A1EJ-01A-11R-A155-07,0.6644473818488329,1
TCGA-CK-6748-01A-11R-1839-07,0.7426497771737156,0
TCGA-HE-A5NH-01A-11R-A26U-07,0.23763108743233347,0
TCGA-LL-A50Y-01A-11R-A266-07,0.27958387347881425,1
TCGA-BP-5173-01A-01R-1426-07,0.7709570752729952,0
TCGA-V1-A9O7-01A-21R-A41O-07,0.7746389057053101,0
TCGA-L5-A4OJ-01A-11R-A260-31,0.840175837385229,1
TCGA-05-4434-01A-01R-1206-07,0.8699602083173373,1
TCGA-AZ-4682-01B-01R-A32Z-07,0.5437723095236826,1
TCGA-D8-A1J9-01A-11R-A13Q-07,0.8683342251514538,1
TCGA-CH-5746-01A-11R-1580-07,0.2847721118794826,0
TCGA-KV-A6GD-01A-11R-A31O-07,0.18072249124747283,1
TCGA-B0-4707-01A-01R-1277-07,0.8204342257373599,1
TCGA-58-8393-01A-11R-2326-07,0.661982532049577,1
TCGA-FV-A495-01A-11R-A266-07,0.35476877568430093,1
TCGA-99-8033-01A-11R-2241-07,0.7977151708679885,1
TCGA-77-8139-01A-11R-2247-07,0.6951712993657081,1
TCGA-ED-A5KG-01A-11R-A27V-07,0.7230343088650958,1
TCGA-94-7033-01A-11R-1949-07,0.6945138846866479,1
TCGA-AA-3530-01A-01R-1022-07,0.6655576275219786,1
TCGA-ZG-A9L1-01A-11R-A41O-07,0.9269260273481061,1
TCGA-FR-A3R1-01A-11R-A239-07,0.2305431986221365,1
TCGA-2Z-A9JL-01A-11R-A42S-07,0.3175341867792054,1
TCGA-20-0987-01A-02R-1564-13,0.5622545525443092,0
TCGA-59-2363-01A-01R-1569-13,0.7642690376543615,1
TCGA-24-1419-01A-01R-1565-13,0.6274418213422912,1
TCGA-BH-A1FH-01A-12R-A13Q-07,0.3870987289142876,1
TCGA-B6-A0IA-01A-11R-A034-07,0.7699176938081564,1
TCGA-98-7454-01A-11R-2045-07,0.5475999317080947,0
TCGA-5P-A9JZ-01A-11R-A42S-07,0.2279202713528509,1
TCGA-55-6984-01A-11R-1949-07,0.7702748800208299,1
TCGA-HC-8264-01B-11R-2403-07,0.8602342780627584,1
TCGA-G4-6314-01A-11R-1723-07,0.7210622249716112,1
TCGA-68-8250-01A-11R-2296-07,0.7594557634662618,1
TCGA-29-1769-01A-01R-1567-13,0.5365500805939422,0
TCGA-EU-5905-01A-11R-1672-07,0.7669290840961924,1
TCGA-F9-A7Q0-01A-11R-A36F-07,0.3265470738124576,1
TCGA-DD-AACN-01A-11R-A41C-07,0.5239747303053964,0
TCGA-A8-A079-01A-21R-A00Z-07,0.8205384038833732,1
TCGA-D8-A1JN-01A-11R-A13Q-07,0.7482578670054951,1
TCGA-A8-A08B-01A-11R-A00Z-07,0.8690626978721586,1
TCGA-JY-A6FD-01A-11R-A336-31,0.7795730949899037,1
TCGA-A8-A086-01A-11R-A00Z-07,0.709146254025644,1
TCGA-13-2060-01A-01R-1568-13,0.7784704641615269,1
TCGA-HC-8265-01B-04R-2302-07,0.8574684873176729,1
TCGA-S4-A8RP-01A-11R-A36G-07,0.6183026884972272,1
TCGA-A8-A09Z-01A-11R-A00Z-07,0.9262998407817429,1
TCGA-CK-6751-01A-11R-1839-07,0.6638323576427639,0
TCGA-RB-A7B8-01A-12R-A33R-07,0.6502029372393191,1
TCGA-68-7755-01A-11R-2125-07,0.5842273489017605,0
TCGA-66-2759-01A-01R-0851-07,0.7265900491678026,1
TCGA-AA-A00J-01A-02R-A002-07,0.8525048993496926,1
TCGA-L5-A8NL-01A-12R-A37I-31,0.8545018178079357,1
TCGA-24-1557-01A-01R-1566-13,0.7020000657683483,1
TCGA-A7-A3IY-01A-21R-A21T-07,0.7974862319538241,1
TCGA-B8-4151-01A-01R-1188-07,0.3164887177999196,1
TCGA-61-1914-01A-01R-1567-13,0.5575100734619002,1
TCGA-IG-A3Y9-01A-12R-A24K-31,0.7219381679568866,1
TCGA-L5-A891-01A-11R-A36D-31,0.9260419322592195,1
TCGA-BP-4983-01A-01R-1334-07,0.8671934274402049,1
TCGA-04-1514-01A-01R-1566-13,0.5711264024854545,1
TCGA-NJ-A55A-01A-11R-A262-07,0.7371937810174808,1
TCGA-A8-A09I-01A-22R-A034-07,0.7798892829744853,1
TCGA-AR-A251-01A-12R-A169-07,0.8451396695827901,1
TCGA-60-2715-01A-01R-0851-07,0.5780792688860915,1
TCGA-D9-A4Z3-01A-11R-A266-07,0.44226829807975476,1
TCGA-E2-A14Q-01A-11R-A12D-07,0.8239959797497144,0
TCGA-EW-A1P7-01A-21R-A144-07,0.6822175526498203,1
TCGA-HV-AA8X-01A-11R-A39D-07,0.8329341735010898,1
TCGA-ZG-A9L4-01A-11R-A41O-07,0.8329989916987076,1
TCGA-VN-A88L-01A-11R-A352-07,0.7860639726750759,1
TCGA-Z7-A8R5-01A-42R-A41B-07,0.19384697608444804,1
TCGA-IG-A51D-01A-11R-A36D-31,0.7538841727436307,0
TCGA-5P-A9K9-01A-11R-A42S-07,0.8188268110547022,1
TCGA-23-1114-01B-01R-1566-13,0.5317174094777011,1
TCGA-IZ-A6M9-01A-11R-A31O-07,0.08849862339381087,1
TCGA-44-2662-01B-02R-A277-07,0.4632659667405342,1
TCGA-A8-A08C-01A-11R-A00Z-07,0.8113185240407823,1
TCGA-36-1568-01A-01R-1566-13,0.7422701569289447,1
TCGA-MN-A4N1-01A-11R-A24X-07,0.7822595359647815,0
TCGA-C8-A12X-01A-11R-A115-07,0.8472825455341868,1
TCGA-63-5131-01A-01R-1443-07,0.7134298756042723,1
TCGA-G9-6499-01A-12R-1965-07,0.5305190594304978,1
TCGA-L5-A43M-01A-11R-A24K-31,0.9147574208611846,1
TCGA-C8-A275-01A-21R-A16F-07,0.828331382203817,1
TCGA-A6-5664-01A-21R-1839-07,0.628767022516332,0
TCGA-4B-A93V-01A-11R-A39D-07,0.8402731386474118,1
TCGA-G9-6364-01A-21R-1789-07,0.8027649330546,1
TCGA-YH-A8SY-01A-11R-A37L-07,0.6803691853280893,1
TCGA-BP-4760-01A-02R-1420-07,0.2767473835348997,1
TCGA-DD-AAVU-01A-11R-A41C-07,0.43950000835826836,1
TCGA-XN-A8T5-01A-12R-A36G-07,0.36638791233943524,0
TCGA-55-8207-01A-11R-2241-07,0.707321487938369,1
TCGA-DD-AAVV-01A-11R-A41C-07,0.7228971308826533,1
TCGA-FV-A2QR-01A-11R-A213-07,0.7719699837241726,1
TCGA-DD-AAEE-01A-11R-A41C-07,0.5631355962104885,1
TCGA-B8-5159-01A-01R-1420-07,0.7102196704230692,1
TCGA-2A-A8VX-01A-11R-A37L-07,0.8191042263627138,0
TCGA-AA-A03F-01A-11R-A16W-07,0.2757931597575769,1
TCGA-91-8497-01A-11R-2403-07,0.4442669046426409,1
TCGA-EW-A1OV-01A-11R-A144-07,0.8465686934487994,0
TCGA-XP-A8T8-01A-11R-A36D-31,0.5843230544544175,1
TCGA-61-1736-01B-01R-1568-13,0.6668226083596192,0
TCGA-20-1682-01A-01R-1564-13,0.7758448355253869,1
TCGA-FB-AAPQ-01A-11R-A41B-07,0.8051759049937509,1
TCGA-AA-3950-01A-02R-1022-07,0.7502925803146733,1
TCGA-CK-4951-01A-01R-1410-07,0.828133122400119,1
TCGA-BH-A0RX-01A-21R-A084-07,0.6893398277431183,0
TCGA-CJ-5671-01A-11R-1541-07,0.5692198858500975,1
TCGA-EW-A1IY-01A-11R-A13Q-07,0.38994648382008945,1
TCGA-E2-A1IE-01A-11R-A13Q-07,0.7037040685009223,1
TCGA-HI-7170-01A-11R-2118-07,0.687108718237213,0
TCGA-A3-A6NL-01A-11R-A33J-07,0.3562555134414954,1
TCGA-EW-A1PD-01A-11R-A144-07,0.8131557597489698,1
TCGA-B6-A0IO-01A-11R-A034-07,0.8841626218799297,0
TCGA-50-5931-01A-11R-1755-07,0.9256890534798842,1
TCGA-HZ-A4BH-01A-11R-A26U-07,0.7883380571677397,1
TCGA-ZG-A9KY-01A-11R-A41O-07,0.9389637398982335,1
TCGA-EJ-5507-01A-01R-1580-07,0.8750899000185415,1
TCGA-CH-5751-01A-11R-1580-07,0.8815069481581697,1
TCGA-AA-3844-01A-01R-1022-07,0.6026938582592063,1
TCGA-EB-A57M-01A-51R-A311-07,0.1916443574215207,1
TCGA-BP-4351-01A-01R-1289-07,0.5380334176496724,0
TCGA-DD-A11B-01A-11R-A131-07,0.47412276138659465,1
TCGA-BQ-7045-01A-31R-1965-07,0.3484519055102678,0
TCGA-BH-A0BD-01A-11R-A034-07,0.8249424238601583,1
TCGA-BQ-5881-01A-11R-1592-07,0.03155120073795937,1
TCGA-25-1871-01A-01R-1567-13,0.42281916012974086,1
TCGA-61-1740-01A-01R-1567-13,0.6756014342726928,1
TCGA-33-AASJ-01A-11R-A405-07,0.6604838648732035,1
TCGA-CC-A123-01A-11R-A131-07,0.5609352100814942,1
TCGA-YG-AA3N-01A-11R-A38C-07,0.13988724762411164,0
TCGA-E2-A156-01A-11R-A12D-07,0.47722097604690783,0
TCGA-EW-A1PB-01A-11R-A144-07,0.8350422535834283,0
TCGA-XK-AAJT-01A-11R-A41O-07,0.7753014444447747,1
TCGA-EB-A550-01A-61R-A27Q-07,0.4153911868136345,1
TCGA-S3-A6ZF-01A-32R-A32P-07,0.8792888737908299,1
TCGA-13-1408-01A-01R-1565-13,0.6921179961087786,1
TCGA-29-1690-01A-01R-1566-13,0.4452127425105371,1
TCGA-05-4425-01A-01R-1755-07,0.8895475048726266,1
TCGA-X8-AAAR-01A-11R-A406-31,0.7591610827636414,1
TCGA-JL-A3YX-01A-11R-A22U-07,0.6429025535408729,1
TCGA-IG-A3YA-01A-11R-A24K-31,0.5513921289561996,0
TCGA-HV-AA8V-01A-11R-A41B-07,0.4300124117959126,1
TCGA-IB-AAUO-01A-12R-A38C-07,0.7842940387514061,1
TCGA-B6-A0I8-01A-11R-A034-07,0.7837782567720348,1
TCGA-FB-A545-01A-11R-A26U-07,0.7922892114326648,1
TCGA-BH-A18H-01A-11R-A12D-07,0.8920525730026382,1
TCGA-AK-3445-01A-02R-1277-07,0.8411160563912027,1
TCGA-25-1317-01A-01R-1565-13,0.550057464994069,1
TCGA-BP-5200-01A-01R-1426-07,0.3890569324317588,1
TCGA-E9-A5FK-01A-11R-A27Q-07,0.17266350044904896,1
TCGA-BH-A1EW-01A-11R-A137-07,0.8482072318924451,1
TCGA-NC-A5HN-01A-11R-A26W-07,0.7281088329585165,1
TCGA-13-0760-01A-01R-1564-13,0.7795180439912517,0
TCGA-AA-3970-01A-01R-1022-07,0.7926903299919814,0
TCGA-YL-A9WI-01A-11R-A37L-07,0.9197938724125954,1
TCGA-AA-A01T-01A-21R-A16W-07,0.2821620954500648,1
TCGA-AN-A0G0-01A-11R-A034-07,0.7980531609936131,1
TCGA-77-A5GB-01B-11R-A27Q-07,0.5675781344121981,1
TCGA-85-8481-01A-11R-2326-07,0.5313566885655383,0
TCGA-E2-A107-01A-11R-A10J-07,0.6478663716694079,1
TCGA-J2-8192-01A-11R-2241-07,0.49310256723165236,1
TCGA-Z7-A8R6-01A-11R-A41B-07,0.6045584360166517,1
TCGA-B8-4153-01B-11R-1672-07,0.3479444691052353,1
TCGA-BH-A0AY-01A-21R-A00Z-07,0.8121245169266497,1
TCGA-A1-A0SQ-01A-21R-A144-07,0.8603693813352311,1
TCGA-22-5477-01A-01R-1635-07,0.5153406556609547,1
TCGA-AA-A02K-01A-03R-A32Y-07,0.8359866922377351,1
TCGA-AA-3531-01A-01R-0821-07,0.4516075769758417,1
TCGA-85-8351-01A-11R-2296-07,0.7453146407121071,1
TCGA-R6-A8WG-01A-11R-A37I-31,0.8727758278489435,1
TCGA-2J-AABR-01A-11R-A41B-07,0.5531103567646716,1
TCGA-CJ-4884-01A-01R-1305-07,0.7251730408986549,1
TCGA-XV-A9W2-01A-11R-A39D-07,0.38463948982781454,1
TCGA-DD-A11A-01A-11R-A131-07,0.6957248834922781,0
TCGA-38-4631-01A-01R-1755-07,0.8092201587023102,1
TCGA-V1-A8MM-01A-11R-A37L-07,0.8665559009009489,1
TCGA-13-0726-01A-01R-1564-13,0.5518442941164715,1
TCGA-HZ-8005-01A-11R-2204-07,0.8132607785403151,1
TCGA-BH-A18J-01A-11R-A12D-07,0.9038824355878685,1
TCGA-60-2708-01A-01R-0851-07,0.6363062977221831,1
TCGA-AO-A1KT-01A-11R-A13Q-07,0.8757561440821271,1
TCGA-A2-A3KC-01A-11R-A213-07,0.7244337164082677,1
TCGA-EJ-5498-01A-01R-1580-07,0.3009817020725691,1
TCGA-AO-A0JF-01A-11R-A056-07,0.5467155012252018,1
TCGA-E9-A1R6-01A-11R-A14D-07,0.6812838600658487,1
TCGA-A7-A0CD-01A-11R-A00Z-07,0.7507763600984508,0
TCGA-29-1699-01A-01R-1567-13,0.73674738745415,1
TCGA-CJ-6028-01A-11R-1672-07,0.7573972965530412,1
TCGA-24-1843-01A-01R-1567-13,0.5599249643592751,1
TCGA-AA-A01R-01A-21R-A083-07,0.6368834626140871,1
TCGA-G9-A9S0-01A-11R-A41O-07,0.9173238612709181,1
TCGA-XV-AAZY-01A-12R-A40A-07,0.06751530699974767,0
TCGA-AK-3465-01A-02R-1325-07,0.8480996067101767,1
TCGA-AA-3812-01A-01R-0905-07,0.10395489803363725,1
TCGA-77-A5GF-01A-21R-A27Q-07,0.41491023560251866,0
TCGA-HC-A4ZV-01A-11R-A26U-07,0.9334564185247787,1
TCGA-H9-7775-01A-11R-2118-07,0.6924807419567511,0
TCGA-60-2696-01A-01R-0851-07,0.7706086836513357,1
TCGA-13-0900-01B-01R-1565-13,0.6181782822123115,1
TCGA-85-8666-01A-11R-2403-07,0.5494938538030947,1
TCGA-4H-AAAK-01A-12R-A41B-07,0.7553757355515437,0
TCGA-BH-A0BC-01A-22R-A084-07,0.875122010716921,0
TCGA-C8-A3M7-01A-12R-A21T-07,0.7704019314933064,0
TCGA-AR-A2LN-01A-21R-A18M-07,0.24671282230137398,1
TCGA-2Z-A9J5-01A-21R-A38C-07,0.02855384687524639,1
TCGA-AA-A01X-01A-21R-A083-07,0.733265428156973,1
TCGA-C8-A134-01A-11R-A115-07,0.888978088336426,1
TCGA-HV-A5A6-01A-11R-A26U-07,0.8819104882594407,0
TCGA-D8-A140-01A-11R-A115-07,0.8149900036479959,1
TCGA-F9-A4JJ-01A-11R-A24Z-07,0.6779413658685203,1
TCGA-AR-A24O-01A-11R-A169-07,0.2191303330018706,1
TCGA-G3-AAUZ-01A-11R-A38B-07,0.38653748122676446,1
TCGA-63-A5MM-01A-11R-A26W-07,0.6219736156816261,1
TCGA-AN-A0FN-01A-11R-A034-07,0.3045692800607762,1
TCGA-GL-A59R-01A-11R-A26U-07,0.13328338167095286,1
TCGA-2H-A9GG-01A-11R-A37I-31,0.9161418280893973,1
TCGA-C8-A130-01A-31R-A115-07,0.8952128921823119,1
TCGA-2H-A9GF-01A-11R-A37I-31,0.9293412026583918,0
TCGA-55-5899-01A-11R-1628-07,0.9246977319363013,1
TCGA-B0-4713-01A-01R-1277-07,0.7723849292956527,1
TCGA-A8-A09Q-01A-11R-A00Z-07,0.8813170280005892,1
TCGA-VR-AA4D-01A-11R-A37I-31,0.7659461084758671,0
TCGA-36-1578-01A-01R-1566-13,0.8021016535723591,1
TCGA-AR-A1AY-01A-21R-A12P-07,0.7649736575553964,1
TCGA-86-8278-01A-11R-2287-07,0.824970561376013,0
TCGA-A2-A0YK-01A-22R-A109-07,0.2636756726632113,1
TCGA-78-7163-01A-12R-2066-07,0.8451160856979374,1
TCGA-A8-A06R-01A-11R-A00Z-07,0.9094308045666529,1
TCGA-HC-7752-01A-11R-2118-07,0.8403155343286278,1
TCGA-A8-A07J-01A-11R-A00Z-07,0.7057424925181315,1
TCGA-HC-7749-01A-11R-2118-07,0.8742047085424123,0
TCGA-HC-A6HX-01A-11R-A31N-07,0.2589755279538411,1
TCGA-56-A4BW-01A-11R-A24H-07,0.6813524679849607,1
TCGA-BP-4162-01A-02R-1325-07,0.4378151931875152,1
TCGA-34-7107-01A-11R-1949-07,0.5461546257673843,1
TCGA-DD-AAE4-01A-11R-A41C-07,0.47263473206076634,1
TCGA-13-1510-01A-02R-1565-13,0.7324862684074014,1
TCGA-57-1585-01A-01R-1566-13,0.5726743634301156,1
TCGA-56-8305-01A-11R-2296-07,0.7593116847688223,1
TCGA-CJ-4874-01A-01R-1305-07,0.18999635408820492,1
TCGA-B6-A0RH-01A-21R-A115-07,0.8179234156349482,0
TCGA-HZ-A77O-01A-11R-A33R-07,0.6930085809793378,1
TCGA-24-1463-01A-01R-1566-13,0.6827059880335695,1
TCGA-A8-A07S-01A-11R-A034-07,0.804596064830549,1
TCGA-3C-AAAU-01A-11R-A41B-07,0.7956362671561679,1
TCGA-AO-A03M-01B-11R-A10J-07,0.8811533026618341,1
TCGA-73-4659-01A-01R-1206-07,0.8066165698706719,1
TCGA-CZ-5453-01A-01R-1503-07,0.6132886774461815,1
TCGA-94-8035-01A-11R-2247-07,0.6092869781323506,1
TCGA-39-5031-01A-01R-1443-07,0.7172564222340482,1
TCGA-75-5146-01A-01R-1628-07,0.7048552646716345,1
TCGA-YL-A8S8-01A-11R-A37L-07,0.9182461321023253,0
TCGA-77-A5G6-01A-11R-A27Q-07,0.6545037063370805,1
TCGA-A7-A4SF-01A-11R-A266-07,0.8549932266678559,1
TCGA-EB-A553-01A-12R-A27Q-07,0.4252174407522288,1
TCGA-AA-3939-01A-01R-1022-07,0.5008575184601666,1
TCGA-E2-A14N-01A-31R-A137-07,0.7256595981673802,1
TCGA-CJ-6030-01A-11R-1672-07,0.696166021580414,1
TCGA-J4-A67M-01A-11R-A30B-07,0.37281499427357667,1
TCGA-BP-5198-01A-01R-1426-07,0.6394286262835464,1
TCGA-NK-A7XE-01A-12R-A405-07,0.7776810629824944,1
TCGA-HC-7209-01A-11R-2118-07,0.7691143429125012,1
TCGA-HZ-8315-01A-11R-2404-07,0.7023409769921353,1
TCGA-86-8076-01A-31R-2241-07,0.6989181786517713,1
TCGA-A6-6650-01A-11R-A278-07,0.610427084981788,1
TCGA-62-A46U-01A-11R-A24H-07,0.8063666430558812,1
TCGA-BH-A18U-01A-21R-A12D-07,0.8664023393204183,1
TCGA-55-6712-01A-11R-1858-07,0.7584225238678417,1
TCGA-BP-4761-01A-01R-1289-07,0.7333296611442823,1
TCGA-D8-A1XK-01A-21R-A14M-07,0.8593475037329892,1
TCGA-63-A5MI-01A-12R-A27Q-07,0.6432725656149263,1
TCGA-MP-A4TF-01A-11R-A262-07,0.8932534081526503,1
TCGA-DD-AACF-01A-11R-A41C-07,0.6948046391093428,1
TCGA-ZG-A9LZ-01A-11R-A41O-07,0.923593944807011,1
TCGA-05-4250-01A-01R-1107-07,0.6989152560014612,1
TCGA-95-A4VP-01A-21R-A262-07,0.7180243110196759,1
TCGA-AA-3877-01A-01R-1022-07,0.7496979784527348,1
TCGA-AK-3426-01A-02R-1325-07,0.43988829607446644,1
TCGA-A3-3382-01A-02R-1325-07,0.7660042537874889,1
TCGA-IC-A6RE-01A-11R-A336-31,0.8946755186642307,0
TCGA-A8-A08O-01A-21R-A056-07,0.7436560984824527,1
TCGA-B9-A5W7-01A-11R-A31O-07,0.24330098142916054,0
TCGA-33-A5GW-01A-11R-A27Q-07,0.5699053892755341,0
TCGA-G3-AAV7-01A-11R-A38B-07,0.7787876034020378,0
TCGA-5P-A9K8-01A-11R-A42S-07,0.778494816270991,1
TCGA-BP-5007-01A-01R-1334-07,0.2886082699201399,0
TCGA-A3-3365-01A-01R-0864-07,0.39871008846184636,1
TCGA-44-7659-01A-11R-2066-07,0.8036709512416313,1
TCGA-61-2003-01A-01R-1568-13,0.6763030531388146,1
TCGA-D5-6898-01A-11R-1928-07,0.6788025548178604,1
TCGA-GM-A2DC-01A-11R-A18M-07,0.7737625690023053,1
TCGA-5P-A9KF-01A-11R-A42S-07,0.12519542551431223,1
TCGA-BP-4161-01A-02R-1325-07,0.42270511544874256,1
TCGA-36-1576-01A-01R-1566-13,0.5397026092643026,1
TCGA-DD-A4NK-01A-11R-A28V-07,0.416564912611523,1
TCGA-CJ-4901-01A-01R-1426-07,0.8059131805310279,1
TCGA-MI-A75I-01A-11R-A32O-07,0.7019529706605072,1
TCGA-29-2414-01A-02R-1569-13,0.6685677401930663,0
TCGA-BH-A0GY-01A-11R-A056-07,0.8382643928302512,0
TCGA-97-8175-01A-11R-2287-07,0.7981226640710891,1
TCGA-AL-3472-01A-01R-1193-07,0.1988071100998983,1
TCGA-HZ-A77P-01A-11R-A33R-07,0.7811726072786634,1
TCGA-A3-3352-01A-01R-0864-07,0.4168920308677596,0
TCGA-A7-A26G-01A-21R-A169-07,0.7198509161271209,0
TCGA-AO-A0JC-01A-11R-A056-07,0.21668926692985013,1
TCGA-AA-3875-01A-01R-0905-07,0.5776769652246869,1
TCGA-D8-A1JJ-01A-31R-A14M-07,0.8683723813478045,1
TCGA-Y6-A8TL-01A-21R-A37L-07,0.5087249661100003,0
TCGA-J4-A6G3-01A-11R-A311-07,0.8236295872756598,1
TCGA-13-0768-01A-01R-1569-13,0.7376592264921003,1
TCGA-A7-A6VW-01A-21R-A33J-07,0.6312466151232741,1
TCGA-J9-A8CP-01A-11R-A352-07,0.9133573809227894,1
TCGA-P4-AAVK-01A-11R-A42S-07,0.18748294420896733,1
TCGA-B0-5709-01A-11R-1541-07,0.5519929006957512,1
TCGA-B6-A0RV-01A-11R-A084-07,0.8860243853426377,1
TCGA-AA-A01V-01A-23R-A083-07,0.4681852855397408,0
TCGA-G9-7510-01A-11R-2263-07,0.507799551437698,0
TCGA-D8-A73U-01A-11R-A33J-07,0.4584713188747193,0
TCGA-DD-AAEK-01A-11R-A41C-07,0.6986588394538987,1
TCGA-B0-5698-01A-11R-1672-07,0.439978299744525,1
TCGA-KC-A4BL-01A-31R-A250-07,0.6732369975037584,1
TCGA-EJ-A7NM-01A-21R-A33R-07,0.9448812191499746,1
TCGA-B2-5639-01A-01R-1541-07,0.581115348424319,1
TCGA-BH-A8FZ-01A-11R-A352-07,0.7718421657980119,0
TCGA-22-5474-01A-01R-1635-07,0.5435987833631377,1
TCGA-E2-A1IL-01A-11R-A14D-07,0.5345606983394234,0
TCGA-D8-A1XV-01A-11R-A14M-07,0.6204291530270779,1
TCGA-2Z-A9J3-01A-12R-A38C-07,0.4132192595731904,1
TCGA-L5-A4OP-01A-11R-A260-31,0.9124467801006055,1
TCGA-AO-A129-01A-21R-A10J-07,0.6966302219131879,0
TCGA-B6-A0RL-01A-11R-A084-07,0.7409040001002153,1
TCGA-61-1743-01A-01R-1568-13,0.7832073499618349,1
TCGA-R6-A6Y0-01B-11R-A336-31,0.8632097192317965,1
TCGA-77-7463-01A-11R-2045-07,0.6225594907036232,1
TCGA-DD-AADW-01A-11R-A39D-07,0.36226942677020857,1
TCGA-AR-A1AP-01A-11R-A12P-07,0.8855902583845324,1
TCGA-A2-A25F-01A-11R-A169-07,0.5328069081740144,0
TCGA-AA-3862-01A-01R-1022-07,0.6395544318822906,1
TCGA-G4-6306-01A-11R-1774-07,0.6413553553560697,1
TCGA-EB-A3XC-01A-11R-A239-07,0.2887201469404623,0
TCGA-34-5927-01A-11R-1820-07,0.6074417055986617,1
TCGA-AA-A017-01A-01R-A00A-07,0.6210674593161454,1
TCGA-A4-A5XZ-01A-11R-A31O-07,0.1199517137572201,1
TCGA-E2-A1LS-01A-12R-A157-07,0.7979600819776966,1
TCGA-L5-A8NV-01A-11R-A37I-31,0.7530765386907259,1
TCGA-5P-A9KE-01A-11R-A42S-07,0.09388280343688835,0
TCGA-61-1724-01A-01R-1568-13,0.7464591056174315,1
TCGA-VR-A8EP-01A-31R-A406-31,0.8653239149238136,1
TCGA-YL-A8SL-01B-21R-A37L-07,0.8403069203122083,1
TCGA-G4-6310-01A-11R-1723-07,0.8382065914017041,1
TCGA-G3-AAV2-01A-11R-A37K-07,0.4808338517092025,1
TCGA-OL-A5RV-01A-12R-A28M-07,0.4920468111505075,0
TCGA-KK-A8I6-01A-11R-A36G-07,0.7511106479513592,0
TCGA-BH-A0B6-01A-11R-A19W-07,0.7113672271929319,1
TCGA-G7-6789-01A-11R-1965-07,0.7354745757790156,1
TCGA-G9-A9S7-01A-11R-A41O-07,0.7612627609126847,0
TCGA-78-8640-01A-11R-2403-07,0.8531832130097704,1
TCGA-55-6971-01A-11R-1949-07,0.7410523532524719,1
TCGA-DD-AAW2-01A-11R-A41C-07,0.5702151653592766,1
TCGA-HV-A5A4-01A-11R-A26U-07,0.6114063072485504,1
TCGA-BP-4355-01A-01R-1289-07,0.25431935950640644,1
TCGA-R6-A8W5-01B-11R-A37I-31,0.8587914194119138,1
TCGA-CH-5752-01A-11R-1580-07,0.8361438372557334,1
TCGA-A7-A3RF-01A-11R-A22K-07,0.703846418693227,1
TCGA-ED-A8O5-01A-11R-A36F-07,0.578479509155171,1
TCGA-AA-3522-01A-01R-0821-07,0.5862338780810507,1
TCGA-ER-A42H-01A-11R-A24X-07,0.41799716941206394,1
TCGA-AL-3467-01A-02R-1351-07,0.6485303288323534,1
TCGA-55-8513-01A-11R-2403-07,0.5080593803863975,1
TCGA-AD-6901-01A-11R-1928-07,0.7199720240240195,0
TCGA-29-1694-01A-01R-1567-13,0.6478678074492855,0
TCGA-LN-A49V-01A-11R-A24K-31,0.8815826478988387,1
TCGA-55-6968-01A-11R-1949-07,0.8620469660756346,1
TCGA-A4-8517-01A-11R-2404-07,0.16972412798406927,1
TCGA-CZ-5461-01A-01R-1503-07,0.4929222497146802,1
TCGA-D8-A1XZ-01A-11R-A14M-07,0.8714461805326759,0
TCGA-AA-A00W-01A-01R-A002-07,0.45409893117077604,1
TCGA-BP-4804-01A-02R-1305-07,0.42303914709575613,1
TCGA-OL-A66J-01A-11R-A29R-07,0.7593367810294461,1
TCGA-AY-4070-01A-01R-1113-07,0.8281764557604623,1
TCGA-V1-A8WW-01A-11R-A37L-07,0.942329784059066,1
TCGA-B6-A40B-01A-11R-A239-07,0.6215276779681146,1
TCGA-LN-A49U-01A-31R-A260-31,0.5815327619049693,1
TCGA-AO-A03U-01B-21R-A10J-07,0.8296463145814911,1
TCGA-E2-A105-01A-11R-A10J-07,0.7110989438996951,1
TCGA-CW-6097-01A-11R-1672-07,0.6287090770769866,0
TCGA-2Y-A9GS-01A-12R-A38B-07,0.7399200777844678,1
TCGA-EW-A1J6-01A-11R-A13Q-07,0.8183608285000549,0
TCGA-E9-A1RD-01A-11R-A157-07,0.4265798464678027,1
TCGA-AD-A5EK-01A-11R-A28H-07,0.8492165009972568,1
TCGA-2K-A9WE-01A-11R-A38C-07,0.19923574579677375,1
TCGA-EJ-A7NF-01A-11R-A33R-07,0.5519211055635118,1
TCGA-61-1721-01A-01R-1569-13,0.7648367062595318,1
TCGA-BP-4346-01A-01R-1289-07,0.2555823863482918,1
TCGA-AA-3989-01A-01R-1022-07,0.5900529548133011,1
TCGA-61-1998-01A-01R-1568-13,0.6913270763630338,0
TCGA-05-4244-01A-01R-1107-07,0.8438217744652429,1
TCGA-B8-A54K-01A-11R-A33J-07,0.4937846099022513,1
TCGA-5R-AA1D-01A-11R-A38B-07,0.3386829928217939,1
TCGA-34-5928-01A-11R-1820-07,0.5907212181053372,1
TCGA-BH-A0HQ-01A-11R-A034-07,0.6343427513856363,1
TCGA-CM-4746-01A-01R-1410-07,0.5437522837991807,1
TCGA-50-6593-01A-11R-1755-07,0.7676536461183286,1
TCGA-DV-A4W0-01A-11R-A266-07,0.8177187158278755,1
TCGA-25-1634-01A-01R-1566-13,0.5800147434531361,0
TCGA-50-6597-01A-11R-1858-07,0.8187253482208147,1
TCGA-AY-A54L-01A-11R-A28H-07,0.5298379804788013,0
TCGA-BP-4774-01A-01R-1289-07,0.3563603472006065,1
TCGA-66-2789-01A-01R-0980-07,0.6932625328544374,0
TCGA-DM-A1D4-01A-21R-A155-07,0.7069759968491859,1
TCGA-86-7701-01A-11R-2170-07,0.7172953978033199,1
TCGA-21-1076-01A-02R-0692-07,0.5836994088226013,1
TCGA-AR-A0TX-01A-11R-A084-07,0.8971478922343027,1
TCGA-23-1116-01A-01R-1564-13,0.5925345529225647,1
TCGA-ZP-A9D0-01A-11R-A37K-07,0.5417798556864929,1
TCGA-CH-5743-01A-21R-1580-07,0.4898118681238044,0
TCGA-2A-AAYU-01A-11R-A41O-07,0.7574990973046389,1
TCGA-25-1323-01A-01R-1565-13,0.6007733774249379,1
TCGA-R6-A6Y2-01B-11R-A336-31,0.7831533821109595,1
TCGA-DD-A1EC-01A-21R-A131-07,0.911052320194479,1
TCGA-E2-A1BC-01A-11R-A12P-07,0.5705133945036854,1
TCGA-DD-AADN-01A-11R-A41C-07,0.4439693085492837,1
TCGA-KK-A8ID-01A-11R-A36G-07,0.8943688636211518,1
TCGA-A2-A4RW-01A-21R-A266-07,0.8805633239475992,1
TCGA-56-7822-01A-11R-2125-07,0.686664668554558,0
TCGA-O2-A52W-01A-11R-A26W-07,0.5569152758643385,1
TCGA-UL-AAZ6-01A-11R-A41B-07,0.8226140297515241,1
TCGA-YL-A8HO-01A-11R-A36G-07,0.8776670810980535,1
TCGA-13-0765-01A-01R-1564-13,0.6617231708396685,0
TCGA-55-6979-01A-11R-1949-07,0.6350316471865058,1
TCGA-IB-7888-01A-11R-2156-07,0.588309913065035,1
TCGA-AQ-A54O-01A-11R-A266-07,0.5883854688294397,1
TCGA-HC-7744-01A-11R-2118-07,0.7766826198067331,1
TCGA-BP-4974-01A-01R-1334-07,0.3711251698822824,1
TCGA-A3-3367-01A-02R-1420-07,0.44293443286936185,1
TCGA-2H-A9GO-01A-11R-A37I-31,0.9045642803550186,1
TCGA-EJ-5522-01A-01R-1580-07,0.36443433741740705,1
TCGA-61-1919-01A-01R-1568-13,0.5203194313614528,1
TCGA-TP-A8TT-01A-12R-A41O-07,0.9026943946741358,1
TCGA-AN-A0FJ-01A-11R-A00Z-07,0.8982764119005939,1
TCGA-B0-5696-01A-11R-1541-07,0.4999454497658111,1
TCGA-CZ-4856-01A-02R-1426-07,0.45445602853327205,1
TCGA-A8-A075-01A-11R-A084-07,0.7835752548556859,0
TCGA-90-A4ED-01A-31R-A24Z-07,0.8491522340572372,1
TCGA-44-2657-01A-01R-1107-07,0.6009982902845589,0
TCGA-MP-A4TD-01A-32R-A262-07,0.6960757041161683,1
TCGA-XR-A8TG-01A-11R-A36F-07,0.6910461639785136,1
TCGA-33-4533-01A-01R-1201-07,0.7255264840552986,1
TCGA-55-8514-01A-11R-2403-07,0.7471682158957667,1
TCGA-25-1316-01A-01R-1565-13,0.8312264242927896,1
TCGA-EB-A6R0-01A-12R-A32P-07,0.2513773765296473,1
TCGA-Y8-A8S1-01A-11R-A37K-07,0.3162999099292111,1
TCGA-B0-5120-01A-01R-1420-07,0.5340668922971822,1
TCGA-KR-A7K0-01A-12R-A33R-07,0.5819535332777852,0
TCGA-50-5944-01A-11R-1755-07,0.7333677348551414,1
TCGA-99-AA5R-01A-11R-A39D-07,0.47960138943468705,1
TCGA-CZ-5452-01A-01R-1503-07,0.5876650184141727,1
TCGA-XJ-A9DX-01A-11R-A37L-07,0.9155279967324721,0
TCGA-B6-A0IM-01A-11R-A034-07,0.78421997036196,1
TCGA-61-2012-01A-01R-1568-13,0.718534759098431,1
TCGA-2Z-A9J2-01A-11R-A38C-07,0.26542139883277044,1
TCGA-AC-A6NO-01A-12R-A33J-07,0.6030499956451842,1
TCGA-E9-A1N4-01A-11R-A14M-07,0.8882946430215057,1
TCGA-DZ-6134-01A-11R-1965-07,0.12584367559855322,1
TCGA-20-1685-01A-01R-1566-13,0.5134433162309451,0
TCGA-BH-A0AZ-01A-21R-A12P-07,0.7124924033461588,1
TCGA-55-7227-01A-11R-2039-07,0.7922838197318861,1
TCGA-34-5231-01A-21R-1820-07,0.8024288719262762,1
TCGA-DD-AAE2-01A-11R-A41C-07,0.586040643298237,1
TCGA-AC-A62Y-01A-11R-A29R-07,0.8125289225723832,0
TCGA-A7-A425-01A-11R-A24H-07,0.37985281520982916,1
TCGA-AD-6548-01A-11R-1839-07,0.6084702855412605,1
TCGA-AC-A3W6-01A-12R-A22K-07,0.508857501294465,0
TCGA-EB-A5UM-01A-11R-A311-07,0.24447367100238862,1
TCGA-EW-A6SA-01A-21R-A32P-07,0.7805938795439892,1
TCGA-64-5779-01A-01R-1628-07,0.8277323771321361,0
TCGA-DD-A114-01A-11R-A131-07,0.7226244804184834,1
TCGA-85-8052-01A-11R-2247-07,0.5860295265264112,1
TCGA-A2-A0T4-01A-31R-A084-07,0.7891730314617763,0
TCGA-DD-A3A2-01A-11R-A213-07,0.29273446530273795,1
TCGA-E2-A1B4-01A-11R-A12P-07,0.38485755001264416,1
TCGA-HV-A5A3-01A-11R-A26U-07,0.8549653336115286,1
TCGA-78-7167-01A-11R-2066-07,0.6831463848416289,1
TCGA-85-8479-01A-11R-2326-07,0.6917447295673818,1
TCGA-XR-A8TE-01A-11R-A36F-07,0.7904812065563438,1
TCGA-BP-4971-01A-01R-1334-07,0.4725275151137398,0
TCGA-EJ-7786-01A-11R-2118-07,0.24828643241833626,1
TCGA-25-1320-01A-01R-1565-13,0.6514639804880018,1
TCGA-E2-A15S-01A-11R-A115-07,0.7770164357708953,1
TCGA-D9-A3Z4-01A-11R-A239-07,0.182082820706183,1
TCGA-98-A53D-01A-32R-A262-07,0.574322979122189,1
TCGA-DW-7839-01A-11R-2139-07,0.5766346834702256,1
TCGA-86-8671-01A-11R-2403-07,0.39718878600116847,1
TCGA-B8-A54H-01A-11R-A33J-07,0.594087344405142,1
TCGA-ZS-A9CF-01A-11R-A38B-07,0.7362341974420793,1
TCGA-50-5930-01A-11R-1755-07,0.8601237612798532,1
TCGA-73-4676-01A-01R-1755-07,0.7897565373662092,0
TCGA-2A-AAYF-01A-11R-A41O-07,0.4792010726944556,1
TCGA-G9-6366-01A-11R-2118-07,0.8530339748317393,1
TCGA-56-7582-01A-11R-2045-07,0.485043552792687,1
TCGA-CJ-4916-01A-01R-1426-07,0.4013352503660583,1
TCGA-B2-3924-01A-02R-1325-07,0.41024613450147207,1
TCGA-NJ-A55O-01A-11R-A262-07,0.796013073387088,1
TCGA-G3-A25V-01A-11R-A16W-07,0.3440299672036712,0
TCGA-A6-A567-01A-31R-A28H-07,0.8147509217947302,1
TCGA-55-7907-01A-11R-2170-07,0.8653656635241144,1
TCGA-E2-A1LA-01A-11R-A144-07,0.8006043936501088,1
TCGA-97-A4M5-01A-11R-A24X-07,0.7795087514606219,1
TCGA-CA-6716-01A-11R-1839-07,0.7347271456857994,1
TCGA-66-2756-01A-01R-0851-07,0.8159227523112424,0
TCGA-69-7763-01A-11R-2170-07,0.7267324241463303,0
TCGA-FV-A3I1-01A-11R-A22L-07,0.6722625073605465,1
TCGA-A4-A48D-01A-11R-A24Z-07,0.17549910889300904,1
TCGA-30-1892-01A-01R-1568-13,0.5160156725511197,1
TCGA-S2-AA1A-01A-12R-A39D-07,0.6130508722284301,1
TCGA-AN-A0XT-01A-11R-A109-07,0.821979166168217,1
TCGA-60-2726-01A-01R-0851-07,0.7758313213321778,1
TCGA-63-A5MV-01A-21R-A26W-07,0.7661493141704012,1
TCGA-HC-A6AL-01A-11R-A30B-07,0.5547049593333617,1
TCGA-24-1560-01A-01R-1566-13,0.6387705925903102,0
TCGA-A2-A0EU-01A-22R-A056-07,0.7437504545940415,1
TCGA-KK-A7AP-01A-12R-A33R-07,0.8751404287374223,1
TCGA-44-6146-01A-11R-A278-07,0.6836621815729439,1
TCGA-62-A472-01A-11R-A24H-07,0.8048247247382999,1
TCGA-56-8622-01A-11R-2403-07,0.7686773749001026,1
TCGA-B0-4819-01A-01R-1277-07,0.47941293713096583,1
TCGA-BP-5176-01A-01R-1426-07,0.5924675935944852,1
TCGA-63-A5MP-01A-11R-A26W-07,0.7237460063942651,0
TCGA-XK-AAK1-01A-11R-A41O-07,0.8035818689916703,1
TCGA-78-7158-01A-11R-2039-07,0.8906097597324533,1
TCGA-AA-3678-01A-01R-0905-07,0.7182973717977741,1
TCGA-HI-7171-01A-12R-2118-07,0.8908945725447811,1
TCGA-LN-A4A2-01A-31R-A260-31,0.49630234638782783,1
TCGA-D8-A1JE-01A-11R-A13Q-07,0.47188697757838277,1
TCGA-B8-5552-01B-11R-1672-07,0.26053904288241264,1
TCGA-A8-A09V-01A-11R-A034-07,0.3996099164038314,0
TCGA-HZ-A49H-01A-11R-A26U-07,0.5673064526637424,1
TCGA-IG-A97I-01A-11R-A38D-31,0.7514836229625979,1
TCGA-D8-A1JT-01A-31R-A13Q-07,0.6668747302868474,1
TCGA-BP-4782-01A-02R-1420-07,0.681619838329707,1
TCGA-A2-A0CQ-01A-21R-A034-07,0.5948717283271766,1
TCGA-G3-A25U-01A-11R-A16W-07,0.5341890054123268,1
TCGA-BQ-7055-01A-11R-1965-07,0.847223079765983,1
TCGA-37-A5EM-01A-21R-A27Q-07,0.6556207908464732,1
TCGA-NC-A5HG-01A-11R-A26W-07,0.7453603612156082,1
TCGA-13-1495-01A-01R-1565-13,0.7277805311384637,1
TCGA-AK-3431-01A-02R-1277-07,0.4108858915526661,1
TCGA-85-8049-01A-11R-2247-07,0.5276677663661731,1
TCGA-UZ-A9PP-01A-11R-A42S-07,0.2161492667781304,1
TCGA-DD-AAE9-01A-11R-A41C-07,0.6165891440629122,1
TCGA-D5-5537-01A-21R-1928-07,0.8131144041278999,0
TCGA-VP-A879-01A-11R-A352-07,0.5183791602366901,0
TCGA-C8-A1HM-01A-12R-A137-07,0.7853909476635762,0
TCGA-A3-3316-01A-01R-0864-07,0.6853898183865071,1
TCGA-DW-7840-01A-11R-A32Z-07,0.24687753336030932,1
TCGA-D5-6927-01A-21R-1928-07,0.7179941853562497,1
TCGA-A6-2671-01A-01R-1410-07,0.715707884831315,1
TCGA-61-1918-01A-01R-1568-13,0.6104662737856892,0
TCGA-FV-A3R3-01A-11R-A22L-07,0.6246298051958665,1
TCGA-F9-A7VF-01A-11R-A33Z-07,0.1743322128144284,1
TCGA-L7-A6VZ-01A-12R-A336-31,0.8776753903653057,0
TCGA-AA-3526-01A-02R-A32Z-07,0.5829731756982324,1
TCGA-56-8626-01A-11R-2403-07,0.6387083375907768,1
TCGA-DD-A3A1-01A-11R-A213-07,0.6216243980002909,1
TCGA-YL-A8SR-01B-11R-A37L-07,0.8269148768505151,1
TCGA-B0-4848-01A-01R-1277-07,0.6304805253248886,1
TCGA-55-6969-01A-11R-1949-07,0.8335063602274023,1
TCGA-2A-A8VL-01A-21R-A37L-07,0.4489611135706212,1
TCGA-24-1422-01A-01R-1565-13,0.6407009606006212,1
TCGA-A3-3370-01A-02R-1420-07,0.36142002433807047,1
TCGA-EW-A2FW-01A-11R-A17B-07,0.8278504269929133,1
TCGA-BH-A0BL-01A-11R-A115-07,0.7048040750586508,1
TCGA-AA-A010-01A-01R-A089-07,0.8803875240442844,1
TCGA-AA-3664-01A-01R-0905-07,0.7604399738273502,0
TCGA-GN-A26C-01A-11R-A18T-07,0.5107850088253909,1
TCGA-85-8354-01A-31R-2326-07,0.6817563747000289,1
TCGA-A3-3373-01A-02R-1420-07,0.5123231814054836,1
TCGA-30-1891-01A-01R-1568-13,0.7244536046464147,1
TCGA-HC-7078-01A-11R-2118-07,0.8914252827081375,1
TCGA-FC-A66V-01A-21R-A30B-07,0.2098285865487806,1
TCGA-A3-3324-01A-02R-1325-07,0.44489024260766463,1
TCGA-S3-AA10-01A-21R-A41B-07,0.8050996443699654,1
TCGA-53-7813-01A-11R-2170-07,0.5868541006697287,1
TCGA-EW-A1P3-01A-11R-A144-07,0.7718166653795044,1
TCGA-BF-A3DN-01A-11R-A20F-07,0.20101515977869355,1
TCGA-22-4596-01A-01R-1201-07,0.604386811187319,1
TCGA-G4-6297-01A-11R-1723-07,0.77324781334707,1
TCGA-05-4422-01A-01R-1206-07,0.8067924109217459,1
TCGA-67-3773-01A-01R-0946-07,0.681919151764938,1
TCGA-75-7025-01A-12R-1949-07,0.6052492690849094,0
TCGA-BH-A18I-01A-11R-A12D-07,0.8015822478621167,0
TCGA-E9-A54Y-01A-11R-A466-07,0.46409808498583355,1
TCGA-BP-4758-01A-01R-1289-07,0.5287432096081867,1
TCGA-LN-A9FO-01A-11R-A38D-31,0.901844507718662,1
TCGA-10-0936-01A-01R-1564-13,0.4435663994008088,0
TCGA-DD-AACP-01A-11R-A41C-07,0.7340397447921986,1
TCGA-NH-A5IV-01A-42R-A37K-07,0.9107534192442311,1
TCGA-44-6777-01A-11R-1858-07,0.5245071403337087,1
TCGA-71-8520-01A-11R-2403-07,0.754479123044098,1
TCGA-A8-A07I-01A-11R-A00Z-07,0.8587205482928549,1
TCGA-CC-A3M9-01A-11R-A213-07,0.7718699176551628,1
TCGA-AN-A0AK-01A-21R-A00Z-07,0.8375900194230625,1
TCGA-BP-5174-01A-01R-1426-07,0.37680766623321443,1
TCGA-71-6725-01A-11R-1858-07,0.8461323304318424,1
TCGA-25-1623-01A-01R-1566-13,0.5941863396196683,1
TCGA-KK-A6E1-01A-11R-A311-07,0.9252818753339151,1
TCGA-AR-A0TQ-01A-11R-A084-07,0.8278894998743835,1
TCGA-50-5946-01A-11R-1755-07,0.8509061598189058,1
TCGA-A4-8312-01A-11R-2404-07,0.8417614632966297,1
TCGA-FC-7961-01A-11R-A29R-07,0.930389577463514,1
TCGA-AA-A01G-01A-01R-A002-07,0.41822126980371294,1
TCGA-C8-A12Q-01A-11R-A115-07,0.8915519019652773,1
TCGA-HV-A5A5-01A-11R-A26U-07,0.6424259353618148,1
TCGA-BP-4987-01A-01R-1334-07,0.24905575995039508,0
TCGA-24-1564-01A-01R-1566-13,0.6675813971964919,1
TCGA-EJ-7788-01A-11R-2118-07,0.6694442257543328,0
TCGA-O9-A75Z-01A-11R-A33Z-07,0.21831194634515572,1
TCGA-36-1574-01A-01R-1566-13,0.6502560271520206,1
TCGA-21-1070-01A-01R-0692-07,0.6250460846292728,1
TCGA-BP-4976-01A-01R-1334-07,0.4255588703871442,1
TCGA-A7-A0CJ-01A-21R-A00Z-07,0.9020174637707729,1
TCGA-13-1501-01A-01R-1565-13,0.6802895961447984,1
TCGA-CZ-5469-01A-01R-1503-07,0.813028667046896,1
TCGA-29-1776-01A-01R-1567-13,0.6109868416384597,1
TCGA-75-6214-01A-41R-1949-07,0.9003615635466916,1
TCGA-55-8619-01A-11R-2403-07,0.4117930864854842,1
TCGA-A4-A6HP-01A-11R-A31O-07,0.06617158657310412,0
TCGA-LG-A6GG-01A-11R-A311-07,0.7116402962127952,1
TCGA-CC-A9FW-01A-11R-A37K-07,0.6976113191784851,1
TCGA-EJ-7781-01A-11R-2118-07,0.5651225299473375,1
TCGA-05-5420-01A-01R-1628-07,0.40977514508229285,1
TCGA-EW-A3U0-01A-11R-A22K-07,0.8405429522261175,1
TCGA-61-2002-01A-01R-1568-13,0.6029128813556652,1
TCGA-B0-4841-01A-01R-1277-07,0.6277276870134642,1
TCGA-CJ-4885-01A-01R-1305-07,0.48378767825305186,1
TCGA-AQ-A7U7-01A-22R-A352-07,0.4651871786804115,1
TCGA-VN-A88P-01A-11R-A352-07,0.8457005902188219,1
TCGA-XX-A899-01A-11R-A36F-07,0.6236814219939341,1
TCGA-E2-A14X-01A-11R-A115-07,0.8659127561502916,1
TCGA-E2-A14U-01A-11R-A22K-07,0.19405443644878065,0
TCGA-CJ-6031-01A-11R-1672-07,0.4685671110271931,1
TCGA-38-4627-01A-01R-1206-07,0.36639667688864175,1
TCGA-V1-A9OT-01A-11R-A41O-07,0.7824841413522096,1
TCGA-VR-A8ET-01A-11R-A406-31,0.8955312573313056,1
TCGA-A2-A1G6-01A-11R-A13Q-07,0.184262627974209,1
TCGA-B0-5110-01A-01R-1420-07,0.1674197435139394,1
TCGA-A4-7585-01A-11R-2139-07,0.3620758187425315,1
TCGA-F2-7276-01A-11R-2156-07,0.5509730449838355,1
TCGA-BP-5168-01A-01R-1420-07,0.5215082107566267,0
TCGA-D5-6540-01A-11R-1723-07,0.7498222615654144,1
TCGA-A6-6652-01A-11R-1774-07,0.7213829544995513,1
TCGA-96-8170-01A-11R-2296-07,0.6586304671392454,0
TCGA-36-1577-01A-01R-1566-13,0.6040391344522443,1
TCGA-44-8120-01A-11R-2241-07,0.8360881839535055,1
TCGA-D5-6532-01A-11R-1723-07,0.5851196946455154,1
TCGA-AR-A2LK-01A-11R-A180-07,0.726012793488159,1
TCGA-B6-A0X7-01A-11R-A10J-07,0.5926318444731727,1
TCGA-DD-AADQ-01A-11R-A41C-07,0.7747192111390557,1
TCGA-24-1416-01A-01R-1565-13,0.6788112732837501,1
TCGA-53-7626-01A-12R-2066-07,0.6018868429750758,1
TCGA-G9-6370-01A-11R-1789-07,0.33205607244545615,1
TCGA-A2-A0CX-01A-21R-A00Z-07,0.8627177444754359,1
TCGA-G9-6498-01A-12R-A311-07,0.8187078689318266,1
TCGA-EB-A24D-01A-11R-A18T-07,0.251128715108561,1
TCGA-P4-A5EB-01A-11R-A28H-07,0.1806191062061525,1
TCGA-55-6970-01A-11R-1949-07,0.7489185592165858,1
TCGA-AD-6963-01A-11R-1928-07,0.5876208736196175,1
TCGA-97-A4M3-01A-11R-A24X-07,0.7784031669378129,1
TCGA-23-2084-01A-02R-1568-13,0.5723263626136461,1
TCGA-E9-A228-01A-31R-A157-07,0.8312232215317111,1
TCGA-BF-A5EQ-01A-21R-A27Q-07,0.12514548410438198,1
TCGA-43-6773-01A-41R-1949-07,0.6815434346019427,1
TCGA-S3-AA17-01A-11R-A41B-07,0.8382635018289517,1
TCGA-D8-A143-01A-11R-A115-07,0.7727726045728903,1
TCGA-2Y-A9H7-01A-11R-A39D-07,0.7042824980905973,1
TCGA-91-6849-01A-11R-1949-07,0.750004328534242,1
TCGA-B0-4818-01A-01R-1503-07,0.3851631796580951,1
TCGA-DM-A280-01A-12R-A16W-07,0.6975705268820667,1
TCGA-EW-A1PH-01A-11R-A14M-07,0.8625993832078651,1
TCGA-VN-A88R-01A-11R-A36G-07,0.8665243707414264,1
TCGA-91-6829-01A-21R-1858-07,0.799082148109891,1
TCGA-30-1857-01A-02R-1569-13,0.667429779285262,1
TCGA-V1-A8WS-01A-11R-A37L-07,0.8244339176411006,0
TCGA-D8-A27H-01A-11R-A16F-07,0.9146038303925669,1
TCGA-56-8304-01A-11R-2326-07,0.656394820743312,1
TCGA-43-5670-01A-21R-2125-07,0.8127220781076865,1
TCGA-OL-A66P-01A-11R-A31O-07,0.5335023982554363,1
TCGA-78-7150-01A-21R-2039-07,0.8170603325788495,1
TCGA-C8-A12L-01A-11R-A115-07,0.8940642658442555,0
TCGA-IB-AAUT-01A-11R-A37L-07,0.5832776883869182,1
TCGA-B6-A0IN-01A-11R-A034-07,0.8422340356342978,1
TCGA-O8-A75V-01A-11R-A32O-07,0.34177536747808124,1
TCGA-DD-AAE6-01A-11R-A41C-07,0.5580228922450532,1
TCGA-L5-A8NR-01A-11R-A37I-31,0.8624934509917348,1
TCGA-KK-A8IG-01A-11R-A36G-07,0.8122527011902255,1
TCGA-L9-A8F4-01A-11R-A39D-07,0.857329691251375,1
TCGA-13-0887-01A-01R-1564-13,0.5558403211668376,1
TCGA-BH-A1FR-01A-11R-A13Q-07,0.8118906401563145,1
TCGA-BP-4981-01A-01R-1334-07,0.4069551610531727,1
TCGA-DV-5574-01A-01R-1541-07,0.4387358898371736,1
TCGA-AA-3696-01A-01R-0905-07,0.8610360733276463,0
TCGA-DD-A115-01A-11R-A131-07,0.6323320878933588,1
TCGA-98-A53B-01A-11R-A262-07,0.7462290276208785,1
TCGA-FB-A5VM-01A-11R-A32O-07,0.85736312385058,1
TCGA-AK-3425-01A-02R-1277-07,0.6250441992691671,1
TCGA-CW-5581-01A-02R-1541-07,0.5781430854540794,1
TCGA-5P-A9K4-01A-11R-A42S-07,0.34521454145641933,1
TCGA-HE-A5NK-01A-11R-A26U-07,0.5777369764212325,1
TCGA-B9-A8YI-01A-21R-A37K-07,0.23958308707253212,1
TCGA-HZ-8001-01A-11R-2204-07,0.7755369307059012,1
TCGA-AC-A2FF-01A-11R-A17B-07,0.48034298191562247,1
TCGA-EJ-5512-01A-01R-1580-07,0.4292794080762893,1
TCGA-68-8251-01A-11R-2296-07,0.5596142475992435,1
TCGA-C8-A27B-01A-11R-A169-07,0.784135753691656,1
TCGA-GF-A769-01A-32R-A32P-07,0.47544148671705455,1
TCGA-ZP-A9CZ-01A-11R-A38B-07,0.6410466200977686,0
TCGA-24-1845-01A-01R-1567-13,0.6767520338053129,1
TCGA-29-A5NZ-01A-11R-A406-31,0.5746546259379723,1
TCGA-5P-A9KC-01A-11R-A42S-07,0.7403141040317139,1
TCGA-ZG-A9LY-01A-11R-A41O-07,0.8880170757459873,1
TCGA-13-0890-01A-01R-1564-13,0.5467598872058211,0
TCGA-EW-A1J3-01A-11R-A13Q-07,0.6475267122431021,1
TCGA-ED-A4XI-01A-11R-A266-07,0.40802961555952255,0
TCGA-23-1027-01A-02R-1564-13,0.47344254151824755,1
TCGA-A2-A0CV-01A-31R-A115-07,0.6214786391120719,1
TCGA-B0-5703-01A-11R-1541-07,0.7688600515575384,0
TCGA-BH-A18P-01A-11R-A12D-07,0.731782659550859,0
TCGA-60-2703-01A-11R-2045-07,0.613569921969355,0
TCGA-DD-AAD6-01A-11R-A41C-07,0.6656002080403045,1
TCGA-5P-A9KA-01A-11R-A42S-07,0.2593979701428898,1
TCGA-IB-7652-01A-11R-2156-07,0.739948921100188,1
TCGA-97-A4M0-01A-11R-A24X-07,0.742895281459943,1
TCGA-LN-A4A9-01A-11R-A28J-31,0.8625182098924219,1
TCGA-58-A46M-01A-11R-A24H-07,0.6606294273672422,1
TCGA-DD-AADM-01A-11R-A41C-07,0.28282733079400874,1
TCGA-K7-A6G5-01A-11R-A311-07,0.41871049435703217,0
TCGA-55-8204-01A-11R-2241-07,0.8726820194690001,1
TCGA-B4-5834-01A-11R-1672-07,0.2695449558549202,1
TCGA-69-7764-01A-11R-2170-07,0.8349254400426419,1
TCGA-A3-3380-01A-01R-0864-07,0.5178577439826421,0
TCGA-MF-A522-01A-11R-A262-07,0.6678408547118908,1
TCGA-FB-AAPY-01A-11R-A41B-07,0.43656992058897237,1
TCGA-HC-8260-01A-11R-2263-07,0.641614037727473,1
TCGA-35-3615-01A-01R-0946-07,0.7187328874255744,0
TCGA-BF-AAOX-01A-11R-A39D-07,0.22628354313564422,1
TCGA-49-4510-01A-01R-1206-07,0.7280149659993713,0
TCGA-55-7726-01A-11R-2170-07,0.6427590641805018,1
TCGA-D5-6536-01A-11R-1723-07,0.8500308228412192,1
TCGA-43-A56U-01A-11R-A26W-07,0.5808689413321476,1
TCGA-EP-A3JL-01A-11R-A213-07,0.4405542861319918,1
TCGA-HC-8258-01A-11R-2263-07,0.5545984842280742,1
TCGA-Z6-A9VB-01A-21R-A37I-31,0.6921188411859904,0
TCGA-V1-A9O5-01A-11R-A41O-07,0.9648070241918358,0
TCGA-77-8146-01A-11R-2247-07,0.6039493634158466,1
TCGA-EU-5906-01A-11R-1672-07,0.16131376010515508,1
TCGA-34-2608-01A-02R-0851-07,0.3209218321673785,0
TCGA-LD-A7W6-01A-81R-A352-07,0.6017881714870664,1
TCGA-B8-4143-01A-01R-1188-07,0.803971328793434,1
TCGA-BQ-5883-01A-11R-1592-07,0.768237275809333,1
TCGA-V5-AASV-01A-11R-A38D-31,0.9318232063410175,0
TCGA-A7-A0D9-01A-31R-A056-07,0.8833787092751387,1
TCGA-A6-2676-01A-01R-0826-07,0.7792140245562027,1
TCGA-DM-A1D7-01A-11R-A155-07,0.8009760981469906,1
TCGA-B6-A3ZX-01A-11R-A239-07,0.7509539510553666,1
TCGA-05-4402-01A-01R-1206-07,0.8111271741400786,1
TCGA-AA-3555-01A-01R-0821-07,0.7930327668691877,1
TCGA-G3-A7M7-01A-12R-A352-07,0.40226354197366176,1
TCGA-A3-3351-01A-02R-1325-07,0.15322280627699994,0
TCGA-EB-A4IQ-01A-12R-A266-07,0.2749280093741624,1
TCGA-CJ-4907-01A-01R-1426-07,0.33830782050651015,0
TCGA-B8-5163-01A-01R-1420-07,0.5129619198122106,1
TCGA-AQ-A1H3-01A-31R-A13Q-07,0.7085091606439945,1
TCGA-52-7811-01A-11R-2125-07,0.5890694551068968,1
TCGA-AR-A250-01A-31R-A169-07,0.8013546258061666,1
TCGA-J9-A8CK-01A-11R-A352-07,0.8499253692388258,1
TCGA-A2-A04U-01A-11R-A115-07,0.8853583508892524,1
TCGA-77-6843-01A-11R-1949-07,0.680774880589587,1
TCGA-EW-A6SD-01A-12R-A33J-07,0.8724515314328708,0
TCGA-BH-A0B5-01A-11R-A12P-07,0.7410960947566756,0
TCGA-29-2425-01A-01R-1569-13,0.6896655216048758,1
TCGA-AA-3972-01A-01R-1022-07,0.590796992051009,1
TCGA-B6-A0IK-01A-12R-A056-07,0.8725760985547178,1
TCGA-V1-A8MJ-01A-11R-A36G-07,0.8328152769111545,1
TCGA-B0-5707-01A-11R-1541-07,0.880919482270155,0
TCGA-13-1409-01A-01R-1565-13,0.6259600922761237,0
TCGA-HC-7817-01B-11R-A29R-07,0.8861399181245617,1
TCGA-LN-A4MR-01A-11R-A28J-31,0.8472920429056104,1
TCGA-CM-4747-01A-01R-1410-07,0.34955157878523047,1
TCGA-BP-5192-01A-01R-1426-07,0.30077100601013196,0
TCGA-CC-A7IF-01A-11R-A33J-07,0.5718888132565514,1
TCGA-75-6212-01A-11R-1755-07,0.8006564359243888,1
TCGA-61-2095-01A-01R-1568-13,0.2942891999045885,1
TCGA-BP-4992-01A-01R-1334-07,0.46826648441657714,1
TCGA-KK-A6E7-01A-11R-A31N-07,0.9181092958807088,0
TCGA-24-1469-01A-01R-1566-13,0.6066589046386038,1
TCGA-DD-A73B-01A-12R-A32O-07,0.5948904270296487,1
TCGA-LN-A9FQ-01A-31R-A38D-31,0.614861577936259,1
TCGA-J2-A4AG-01A-11R-A24H-07,0.7611847584534784,1
TCGA-G6-A8L8-01A-21R-A37O-07,0.5015587295858145,1
TCGA-A2-A0CS-01A-11R-A115-07,0.6769553634556422,1
TCGA-DD-AACA-01A-11R-A41C-07,0.6307622530395662,1
TCGA-A2-A0CZ-01A-11R-A034-07,0.6222345230166398,1
TCGA-23-1110-01A-01R-1564-13,0.5288924278723981,0
TCGA-E2-A150-01A-11R-A12D-07,0.8893592066414955,1
TCGA-A6-6142-01A-11R-1774-07,0.728789096761624,1
TCGA-AO-A124-01A-11R-A10J-07,0.824493642246697,1
TCGA-NC-A5HJ-01A-11R-A26W-07,0.7281577608263592,1
TCGA-85-8352-01A-31R-2326-07,0.8693663412441507,1
TCGA-B8-5545-01A-01R-1672-07,0.3535985789986861,1
TCGA-DD-A118-01A-11R-A131-07,0.758854324843026,0
TCGA-NJ-A4YP-01A-11R-A262-07,0.85996927400986,1
TCGA-94-7557-01A-11R-2125-07,0.7071977597352274,1
TCGA-78-7156-01A-11R-2039-07,0.5713206844526181,1
TCGA-BH-A0HP-01A-12R-A084-07,0.842973092023115,1
TCGA-B1-A656-01A-11R-A31O-07,0.25670874902864554,1
TCGA-39-5037-01A-01R-1443-07,0.5539441890953106,1
TCGA-CJ-4892-01A-01R-1305-07,0.4281490035034067,1
TCGA-55-1592-01A-01R-0946-07,0.8853940275742957,1
TCGA-E2-A1L7-01A-11R-A144-07,0.8318859211656255,1
TCGA-49-4512-01A-21R-1858-07,0.7862750859109566,0
TCGA-A1-A0SH-01A-11R-A084-07,0.564005324457507,1
TCGA-G9-6339-01A-12R-A311-07,0.7206525488919713,1
TCGA-67-3771-01A-01R-0946-07,0.8743808419095388,1
TCGA-J7-6720-01A-11R-2139-07,0.26909737590418886,1
TCGA-C8-A12O-01A-11R-A115-07,0.8330557441436004,1
TCGA-CH-5741-01A-11R-1580-07,0.8036943326813483,1
TCGA-EJ-A8FU-01A-11R-A36G-07,0.5754016914662623,1
TCGA-B0-4849-01A-01R-1277-07,0.40856261354904844,1
TCGA-HC-A76W-01A-11R-A33R-07,0.9325043288574113,1
TCGA-CC-A8HT-01A-11R-A36F-07,0.7179791845697154,0
TCGA-G4-6320-01A-11R-1723-07,0.8146885403751728,1
TCGA-BP-4763-01A-01R-1289-07,0.7432424468000811,1
TCGA-A8-A097-01A-11R-A034-07,0.8744668198670656,1
TCGA-73-4662-01A-01R-1206-07,0.8152044452855053,1
TCGA-RC-A7SH-01A-11R-A38B-07,0.614476743067425,1
TCGA-09-1661-01B-01R-1566-13,0.7382989995565602,1
TCGA-66-2766-01A-01R-0851-07,0.5979293048037191,1
TCGA-A2-A3XZ-01A-42R-A239-07,0.8488215877335822,0
TCGA-36-1581-01A-01R-1566-13,0.782394992776827,1
TCGA-CH-5789-01A-11R-1580-07,0.4510036784300529,1
TCGA-BH-A1F0-01A-11R-A137-07,0.688361030007419,1
TCGA-91-6847-01A-11R-1949-07,0.8867901186317254,0
TCGA-52-7809-01A-21R-2125-07,0.7588859425714782,1
TCGA-BD-A3ER-01A-11R-A213-07,0.4565569543585019,1
TCGA-13-1511-01A-01R-1565-13,0.8002547827510537,1
TCGA-21-1079-01A-01R-0692-07,0.659924726051407,1
TCGA-BH-A18V-01A-11R-A12D-07,0.8613673204357818,1
TCGA-F4-6569-01A-11R-1774-07,0.822710275849163,1
TCGA-66-2781-01A-01R-0851-07,0.6755362621628196,1
TCGA-G3-A5SK-01A-11R-A27V-07,0.5980192279852771,1
TCGA-AC-A62V-01A-11R-A31O-07,0.6196104333378682,1
TCGA-BP-5195-01A-02R-1426-07,0.2787680831902595,1
TCGA-A8-A0A1-01A-11R-A00Z-07,0.6864349257338656,1
TCGA-38-4629-01A-02R-1206-07,0.5496225562784922,1
TCGA-AC-A5EH-01A-11R-A28M-07,0.8709098033144541,1
TCGA-M7-A721-01A-12R-A32O-07,0.7130991969524205,1
TCGA-23-1028-01A-01R-1564-13,0.6390242600593624,1
TCGA-AZ-5407-01A-01R-1723-07,0.672396274932078,1
TCGA-56-8625-01A-11R-2403-07,0.6510731284021787,1
TCGA-NC-A5HM-01A-12R-A26W-07,0.5767931154678716,1
TCGA-58-A46L-01A-11R-A24H-07,0.7285391480481708,0
TCGA-B6-A0IH-01A-11R-A115-07,0.4867267033760982,1
TCGA-77-A5FZ-01A-31R-A27Q-07,0.3588077520260847,1
TCGA-CK-4947-01B-11R-1653-07,0.6616028059768153,1
TCGA-AC-A2QI-01A-12R-A19W-07,0.704788007689981,1
TCGA-G3-AAV4-01A-11R-A38B-07,0.6098269972479579,1
TCGA-93-7347-01A-11R-2187-07,0.6073528031908818,1
TCGA-LL-A73Z-01A-11R-A32P-07,0.8034285131252888,1
TCGA-AC-A2BK-01A-11R-A21T-07,0.8426464193782303,0
TCGA-25-1315-01A-01R-1565-13,0.5209386591711533,1
TCGA-A2-A0T2-01A-11R-A084-07,0.8008133137407905,1
TCGA-P4-A5E7-01A-31R-A28H-07,0.32434956587171776,0
TCGA-E2-A574-01A-11R-A29R-07,0.8627092243748735,0
TCGA-09-2051-01A-01R-1568-13,0.7066284915451584,1
TCGA-S3-A6ZH-01A-22R-A32P-07,0.8238451029028209,0
TCGA-AA-3548-01A-01R-1873-07,0.47737731087607144,1
TCGA-B9-A8YH-01A-11R-A37K-07,0.10560229803132574,0
TCGA-AA-3971-01A-01R-1022-07,0.6273094707167902,0
TCGA-BP-5169-01A-01R-1426-07,0.6864926126454051,1
TCGA-A2-A3XW-01A-11R-A239-07,0.6365846122408841,0
TCGA-AU-3779-01A-01R-1723-07,0.8114955071193645,1
TCGA-21-1071-01A-01R-0692-07,0.46123212660964047,1
TCGA-2L-AAQE-01A-11R-A39D-07,0.8585502176566931,1
TCGA-78-7143-01A-11R-2039-07,0.7219796972398368,1
TCGA-CM-5863-01A-21R-1839-07,0.6456581862184627,1
TCGA-85-8288-01A-11R-2296-07,0.639617150179124,1
TCGA-CC-5259-01A-31R-A213-07,0.7294121760987325,1
TCGA-22-5480-01A-01R-1635-07,0.5751056636558414,1
TCGA-DW-7963-01B-11R-A28H-07,0.1620086155065727,0
TCGA-A1-A0SN-01A-11R-A144-07,0.8712564529643895,1
TCGA-V1-A8X3-01A-11R-A37L-07,0.7702583970093166,1
TCGA-E9-A22D-01A-11R-A157-07,0.8162409082462149,1
TCGA-B0-5075-01A-01R-1334-07,0.5637367784178471,1
TCGA-AK-3433-01A-02R-1277-07,0.8526626183880726,1
TCGA-BP-4331-01A-01R-1289-07,0.4295644971125974,0
TCGA-ES-A2HT-01A-12R-A180-07,0.29086856772956043,1
TCGA-29-1766-01A-01R-1567-13,0.48541688306638503,1
TCGA-HZ-7926-01A-11R-2156-07,0.6603615227197149,1
TCGA-4L-AA1F-01A-11R-A41O-07,0.88300127799659,1
TCGA-Q2-A5QZ-01A-11R-A28H-07,0.28496806515522705,0
TCGA-49-4490-01A-21R-1858-07,0.7775256515780354,1
TCGA-2Y-A9H2-01A-12R-A38B-07,0.7894062671934965,1
TCGA-24-1923-01A-01R-1567-13,0.7337064484482976,1
TCGA-22-4595-01A-01R-1201-07,0.6744738891520119,1
TCGA-44-6147-01B-06R-A277-07,0.350711293260554,1
TCGA-3A-A9I5-01A-11R-A38C-07,0.9228031137158447,0
TCGA-50-5933-01A-11R-1755-07,0.7411463312251542,1
TCGA-BP-4995-01A-01R-1334-07,0.0018144832910504068,1
TCGA-A2-A1FV-01A-11R-A13Q-07,0.6310600075005305,0
TCGA-CZ-4866-01A-01R-1503-07,0.6286508049335785,0
TCGA-F4-6570-01A-11R-1774-07,0.8306056090249991,1
TCGA-BH-A0EI-01A-11R-A115-07,0.629095720466474,1
TCGA-AA-3713-01A-21R-1723-07,0.8020062142540251,1
TCGA-NI-A4U2-01A-11R-A28V-07,0.6230566898611438,1
TCGA-DD-AADY-01A-11R-A41C-07,0.6963922255448998,1
TCGA-05-4405-01A-21R-1858-07,0.7245021192698333,1
TCGA-EJ-8469-01A-11R-2403-07,0.8110660193290372,1
TCGA-CK-5914-01A-11R-1653-07,0.5143495413875601,1
TCGA-61-2104-01A-01R-1568-13,0.63121977981859,1
TCGA-95-7562-01A-11R-2241-07,0.840718735826097,1
TCGA-NK-A5CR-01A-11R-A26W-07,0.6560390485892235,1
TCGA-DD-AACU-01A-11R-A41C-07,0.6500762087717336,1
TCGA-DD-A119-01A-11R-A131-07,0.4490799508326845,1
TCGA-GM-A3NW-01A-21R-A22K-07,0.7832318935641873,1
TCGA-50-8459-01A-11R-2326-07,0.1439150932777486,1
TCGA-AO-A12C-01A-11R-A10J-07,0.8203302672072983,0
TCGA-CK-4950-01A-01R-1723-07,0.598269664954201,0
TCGA-55-6987-01A-11R-1949-07,0.7349896747218344,1
TCGA-G3-A7M6-01A-11R-A33R-07,0.8157421418899925,1
TCGA-EW-A3E8-01B-11R-A24H-07,0.504366818144736,1
TCGA-AO-A0JB-01A-11R-A32Y-07,0.7101251441045607,1
TCGA-EJ-A8FO-01A-21R-A36G-07,0.4972158198787885,1
TCGA-CM-6168-01A-11R-1653-07,0.6561678516577841,1
TCGA-J4-8198-01A-11R-2263-07,0.659687399029899,1
TCGA-YL-A8SA-01A-21R-A37L-07,0.7935437524299878,1
TCGA-CJ-5679-01A-11R-1541-07,0.681226380182639,1
TCGA-LL-A7SZ-01A-32R-A352-07,0.4830914798344492,1
TCGA-CM-6677-01A-11R-1839-07,0.6899078346059667,1
TCGA-BP-4973-01A-01R-1334-07,0.4136568929803726,1
TCGA-2L-AAQJ-01A-12R-A39D-07,0.7602247402694325,1
TCGA-09-0367-01A-01R-1564-13,0.514835279951582,1
TCGA-BQ-7044-01A-11R-1965-07,0.49917157040723287,1
TCGA-B0-4813-01A-01R-1277-07,0.8729662549542909,1
TCGA-24-1104-01A-01R-1565-13,0.7111099953432418,1
TCGA-HC-A6HY-01A-11R-A31N-07,0.4837022701650558,1
TCGA-L5-A8NK-01A-21R-A37I-31,0.7349497651308999,1
TCGA-31-1953-01A-01R-1568-13,0.5658727622382712,1
TCGA-BH-A8FY-01A-11R-A36F-07,0.700224766904196,1
TCGA-B0-5107-01A-01R-1420-07,0.8051091639110889,0
TCGA-09-1673-01A-01R-1566-13,0.7883020417817245,1
TCGA-CH-5764-01A-21R-1580-07,0.4687576960979886,0
TCGA-2H-A9GN-01A-11R-A37I-31,0.8914656865059353,1
TCGA-23-1024-01A-02R-1564-13,0.7004739612693256,0
TCGA-B8-5549-01A-01R-1541-07,0.43253698456228545,1
TCGA-GL-8500-01A-11R-2404-07,0.19911944730780198,1
TCGA-KK-A8IM-01A-11R-A36G-07,0.6761056838952478,0
TCGA-BH-A0BQ-01A-21R-A115-07,0.5290211645732736,1
TCGA-G3-A6UC-01A-21R-A33J-07,0.3938744770545384,1
TCGA-20-1687-01A-01R-1566-13,0.6469387803942478,0
TCGA-AC-A2QH-01A-11R-A18M-07,0.8874505026841203,1
TCGA-DM-A28M-01A-12R-A16W-07,0.6506107752974403,1
TCGA-13-0899-01A-01R-1564-13,0.5867499387855308,1
TCGA-2Y-A9GW-01A-11R-A38B-07,0.4374172495301134,1
TCGA-2A-A8VT-01A-11R-A37L-07,0.9087952318337976,1
TCGA-D5-6922-01A-11R-1928-07,0.6849946391089025,1
TCGA-24-1847-01A-01R-1566-13,0.5806461780442639,1
TCGA-AC-A2FO-01A-11R-A180-07,0.7178295835191361,1
TCGA-UB-A7MC-01A-11R-A33R-07,0.6935562293115444,1
TCGA-MP-A4TK-01A-11R-A24X-07,0.7166847783628384,1
TCGA-04-1542-01A-01R-1566-13,0.5902578673014132,1
TCGA-EW-A1P8-01A-11R-A144-07,0.7565130718573306,1
TCGA-G7-7501-01A-11R-2204-07,0.7400788860582702,1
TCGA-A2-A0D0-01A-11R-A00Z-07,0.8367271641530352,0
TCGA-HC-7079-01A-11R-1965-07,0.6234550719338247,1
TCGA-KK-A8IA-01A-11R-A36G-07,0.8187833097914397,1
TCGA-D5-6529-01A-11R-1774-07,0.7198599079480449,1
TCGA-G4-6304-01A-11R-1928-07,0.7471605839166858,1
TCGA-BH-A0HB-01A-11R-A056-07,0.8160626231719242,1
TCGA-CJ-4882-01A-02R-1426-07,0.6265579941885981,1
TCGA-24-1435-01A-01R-1566-13,0.6617486074987418,1
TCGA-AA-3492-01A-01R-1410-07,0.797281457870195,0
TCGA-IZ-8196-01A-11R-2404-07,0.1780423390251089,1
TCGA-UB-A7ME-01A-11R-A33J-07,0.6673449249609905,0
TCGA-6A-AB49-01A-12R-A405-07,0.764596120860456,1
TCGA-63-7021-01A-11R-1949-07,0.5777063259251687,1
TCGA-A2-A0EN-01A-13R-A084-07,0.6438387705987952,0
TCGA-A8-A0A2-01A-11R-A034-07,0.6978290904335436,0
TCGA-DD-AACX-01A-11R-A41C-07,0.6398985285494836,1
TCGA-E2-A14O-01A-31R-A115-07,0.6643632937051241,1
TCGA-AA-3695-01A-01R-0905-07,0.9412838960931467,1
TCGA-A2-A0EM-01A-11R-A034-07,0.7370110339431932,1
TCGA-AA-3549-01A-02R-0821-07,0.6973527829479618,1
TCGA-ED-A7XP-01A-11R-A352-07,0.763446624088291,1
TCGA-97-7938-01A-11R-2170-07,0.47079258318825873,1
TCGA-23-1122-01A-01R-1565-13,0.6030691362247199,1
TCGA-AA-A01I-01A-02R-A089-07,0.5946211023286776,1
TCGA-ZS-A9CG-01A-11R-A37K-07,0.39662835372995947,1
TCGA-A7-A0DA-01A-31R-A115-07,0.8657661434604981,1
TCGA-29-1701-01A-01R-1567-13,0.4062728515159319,1
TCGA-LN-A4A6-01A-11R-A260-31,0.8015587741036015,0
TCGA-2H-A9GQ-01A-11R-A37I-31,0.9546436778648328,1
TCGA-B8-4620-01A-02R-1325-07,0.730453171696937,1
TCGA-B0-4718-01A-01R-1277-07,0.6564724802964337,1
TCGA-AA-3861-01A-01R-1022-07,0.616917978550983,1
TCGA-D5-6932-01A-11R-1928-07,0.6352411687362415,1
TCGA-55-8091-01A-11R-2241-07,0.7707797472950657,1
TCGA-64-1681-01A-11R-2066-07,0.7747037356988954,1
TCGA-VR-AA7I-01A-11R-A406-31,0.7784411239434349,0
TCGA-AZ-4308-01A-01R-1410-07,0.18326005565537906,1
TCGA-13-1403-01A-01R-1565-13,0.6689510222758478,1
TCGA-AL-3471-01A-02R-1351-07,0.28101230056940757,1
TCGA-23-2078-01A-01R-1568-13,0.6520547585818024,1
TCGA-25-2409-01A-01R-1569-13,0.6545795691214034,1
TCGA-BH-A0W7-01A-11R-A115-07,0.8086409211926491,1
TCGA-DM-A1D6-01A-21R-A155-07,0.701831551998488,1
TCGA-13-1512-01A-01R-1565-13,0.7428516543251861,1
TCGA-23-1111-01A-01R-1567-13,0.7371439319668374,1
TCGA-43-6647-01A-11R-1820-07,0.4942447579165999,1
TCGA-85-7698-01A-11R-2125-07,0.38677062952943286,1
TCGA-MW-A4EC-01A-11R-A266-07,0.4641948883101311,1
TCGA-58-A46J-01A-11R-A24H-07,0.7299296934529516,1
TCGA-DD-AAVX-01A-11R-A41C-07,0.5602446959740784,1
TCGA-29-1777-01A-01R-1567-13,0.41378077825734744,1
TCGA-A2-A3XX-01A-21R-A239-07,0.8140034623007757,1
TCGA-55-7725-01A-11R-2170-07,0.47114125138562957,1
TCGA-BH-A0DP-01A-21R-A056-07,0.6692711922513325,1
TCGA-PD-A5DF-01A-11R-A27V-07,0.7395824997160125,1
TCGA-77-7465-01A-11R-2045-07,0.6378999163367621,1
TCGA-A6-5659-01A-01R-A278-07,0.6640954341657196,1
TCGA-A8-A08G-01A-11R-A00Z-07,0.8102692796107832,1
TCGA-39-5029-01A-01R-1443-07,0.7713098718665082,0
TCGA-DD-AAVQ-01A-11R-A41C-07,0.5247489868400076,1
TCGA-BH-A0DK-01A-21R-A056-07,0.7755532615615912,1
TCGA-AC-A2QJ-01A-12R-A19W-07,0.4803068439237307,1
TCGA-BP-4799-01A-01R-1305-07,0.78676694526532,1
TCGA-18-3415-01A-01R-0980-07,0.4122598041594483,1
TCGA-22-A5C4-01A-12R-A27Q-07,0.8373256696671526,1
TCGA-Y8-A896-01A-11R-A36F-07,0.7536908028344166,1
TCGA-AC-A2FG-01A-11R-A17B-07,0.4948931395423424,1
TCGA-CW-5584-01A-01R-1541-07,0.4739681105609073,1
TCGA-58-8387-01A-11R-2296-07,0.5709327242649612,1
TCGA-55-7724-01A-11R-2170-07,0.5298704168870852,1
TCGA-AO-A12B-01A-11R-A10J-07,0.8056105835997088,1
TCGA-KC-A7F3-01A-21R-A33R-07,0.7198657020267631,1
TCGA-49-4514-01A-21R-1858-07,0.7940041288930955,1
TCGA-A8-A09N-01A-11R-A00Z-07,0.8256375063859581,1
TCGA-C8-A12W-01A-11R-A115-07,0.7794094657022859,1
TCGA-BP-4797-01A-01R-1305-07,0.5385957685801543,0
TCGA-G3-A7M9-01A-23R-A352-07,0.7121361892793638,1
TCGA-55-7815-01A-11R-2170-07,0.3369408765251591,1
TCGA-EJ-A8FP-01A-21R-A36G-07,0.39247734606416823,1
TCGA-AN-A0FT-01A-11R-A034-07,0.8031237922648709,0
TCGA-A2-A25A-01A-12R-A16F-07,0.36780764498485385,1
TCGA-33-4547-01A-01R-1201-07,0.6828946307850621,0
TCGA-G9-7523-01A-11R-2263-07,0.6908817002739691,1
TCGA-KK-A8II-01A-11R-A36G-07,0.8443819204845838,1
TCGA-09-2048-01A-01R-1568-13,0.5435496500245212,1
TCGA-B0-4824-01A-01R-1277-07,0.555035402836268,1
TCGA-BH-A0DH-01A-11R-A084-07,0.8403449361097014,0
TCGA-55-8615-01A-11R-2403-07,0.8499417893322089,1
TCGA-78-8648-01A-11R-2403-07,0.4661707635758557,0
TCGA-05-4426-01A-01R-1206-07,0.8700080258212776,1
TCGA-CW-6087-01A-11R-1672-07,0.8049559551666092,1
TCGA-BH-A2L8-01A-11R-A18M-07,0.8380607519377457,1
TCGA-64-1680-01A-02R-0946-07,0.7389409307968571,1
TCGA-ER-A19T-01A-11R-A18T-07,0.569564719975198,1
TCGA-IB-7891-01A-11R-2204-07,0.6113853099989285,1
TCGA-SX-A7SN-01A-11R-A355-07,0.17231455150132652,0
TCGA-EJ-7793-01A-31R-2263-07,0.45945291512469333,1
TCGA-23-1118-01A-01R-1564-13,0.648250064628801,1
TCGA-AQ-A54N-01A-11R-A266-07,0.8171237286879176,1
TCGA-DD-AAW1-01A-11R-A41C-07,0.3931092901140933,1
TCGA-L5-A43E-01A-11R-A24K-31,0.7834574738948424,1
TCGA-AA-A00O-01A-02R-A089-07,0.9137609132313469,0
TCGA-24-2261-01A-01R-1568-13,0.6388670403340814,1
TCGA-AA-3688-01A-01R-0905-07,0.6170580230268383,0
TCGA-UZ-A9PV-01A-11R-A42S-07,0.23304136839582984,1
TCGA-37-A5EN-01A-21R-A26W-07,0.6283321314495666,1
TCGA-09-2053-01C-01R-1568-13,0.6270214445005154,1
TCGA-EW-A1J5-01A-11R-A13Q-07,0.7416914843632479,1
TCGA-IB-AAUQ-01A-22R-A41I-07,0.6965436626223259,1
TCGA-A2-A0SX-01A-12R-A084-07,0.8167060590229177,1
TCGA-H8-A6C1-01A-11R-A32O-07,0.8768241199282274,0
TCGA-P4-AAVO-01A-11R-A42S-07,0.48486748990170064,1
TCGA-A7-A6VY-01A-12R-A33J-07,0.7693711475582693,1
TCGA-BP-5177-01A-01R-1426-07,0.6757539232040403,0
TCGA-37-4141-01A-02R-1100-07,0.6876373669012528,0
TCGA-85-8355-01A-11R-2296-07,0.6730071412664205,1
TCGA-60-2719-01A-01R-0851-07,0.7248691454875954,1
TCGA-AA-A01C-01A-01R-A00A-07,0.4435300310513692,1
TCGA-G9-6329-01A-13R-1965-07,0.8043586400304954,1
TCGA-BH-A0HK-01A-11R-A056-07,0.910929868161858,1
TCGA-34-5239-01A-21R-1820-07,0.33060791805596995,0
TCGA-NC-A5HH-01A-11R-A26W-07,0.779208385270014,1
TCGA-NC-A5HK-01A-11R-A26W-07,0.8186225856852889,1
TCGA-69-7973-01A-11R-2187-07,0.8218208818544513,1
TCGA-77-8128-01A-11R-2247-07,0.3854813762907655,1
TCGA-B0-5700-01A-11R-1541-07,0.30216935145088847,1
TCGA-IB-8126-01A-11R-2404-07,0.5918406106971739,1
TCGA-QL-A97D-01A-12R-A41B-07,0.6612495402332403,0
TCGA-XR-A8TC-01A-11R-A36F-07,0.6007524084408887,1
TCGA-63-A5MU-01A-11R-A26W-07,0.6114125759287774,1
TCGA-B8-A54F-01A-11R-A266-07,0.5945225110507932,0
TCGA-78-7220-01A-11R-2039-07,0.8501928802399328,1
TCGA-97-8176-01A-11R-2403-07,0.843574005141412,1
TCGA-G4-6293-01A-11R-1723-07,0.7971814042843185,1
TCGA-05-5715-01A-01R-1628-07,0.695118178997742,1
TCGA-E2-A1IF-01A-11R-A144-07,0.6483233383348442,1
TCGA-AC-A3YI-01A-21R-A239-07,0.3962088538213875,1
TCGA-2J-AAB6-01A-11R-A41B-07,0.8596267471086734,1
TCGA-B1-A47N-01A-11R-A24Z-07,0.105307753092174,1
TCGA-D8-A1JL-01A-11R-A13Q-07,0.7972823445833118,1
TCGA-SS-A7HO-01A-21R-A37K-07,0.7132931699209094,1
TCGA-58-8390-01A-11R-2326-07,0.6514216453097387,1
TCGA-85-8582-01A-21R-2403-07,0.611820344277056,1
TCGA-J9-A8CL-01A-11R-A352-07,0.9423379107547859,1
TCGA-BQ-5888-01A-11R-1592-07,0.8297290129298496,1
TCGA-GM-A2DF-01A-11R-A180-07,0.8577809355344581,1
TCGA-CJ-4891-01A-01R-1305-07,0.777810786552191,1
TCGA-E2-A14R-01A-11R-A115-07,0.8729620714426963,1
TCGA-30-1853-01A-02R-1567-13,0.6417165200139331,1
TCGA-EV-5903-01A-11R-1592-07,0.24925538255364427,1
TCGA-G9-6353-01A-11R-1965-07,0.287302009172499,0
TCGA-BC-A110-01A-11R-A131-07,0.5164850284262362,1
TCGA-04-1648-01A-01R-1567-13,0.8329619299773029,1
TCGA-55-6983-01A-11R-1949-07,0.7406733320543927,1
TCGA-WX-AA44-01A-11R-A39D-07,0.7012959890281738,1
TCGA-C8-A132-01A-31R-A115-07,0.8791914266748977,0
TCGA-A2-A0CU-01A-12R-A034-07,0.8565974669207246,1
TCGA-46-3769-01A-01R-0980-07,0.7723388614616046,0
TCGA-PE-A5DC-01A-12R-A27Q-07,0.8323929954926611,1
TCGA-2J-AAB9-01A-11R-A41B-07,0.7293769451276413,0
TCGA-21-1083-01A-01R-0692-07,0.8366640652050022,1
TCGA-E2-A15F-01A-11R-A115-07,0.8549611584219052,1
TCGA-BH-A1F5-01A-12R-A13Q-07,0.4547583494910794,1
TCGA-EW-A1P4-01A-21R-A144-07,0.8787176761406117,1
TCGA-29-1778-01A-01R-1567-13,0.7272093167963788,1
TCGA-30-1718-01A-01R-1567-13,0.6394882274492141,1
TCGA-86-8074-01A-11R-2241-07,0.7935518683615632,1
TCGA-A6-6782-01A-11R-1839-07,0.783224058331366,1
TCGA-IA-A83V-01A-11R-A355-07,0.23249388723061198,0
TCGA-KK-A6E5-01A-11R-A311-07,0.7294257166686263,1
TCGA-L9-A5IP-01A-21R-A39D-07,0.8683979471298022,0
TCGA-58-8391-01A-11R-2326-07,0.6270002224415773,1
TCGA-KK-A8IK-01A-11R-A36G-07,0.8994535755178656,1
TCGA-F4-6807-01A-11R-1839-07,0.6607406570854267,1
TCGA-EJ-5516-01A-01R-1580-07,0.3642530175065575,1
TCGA-85-8350-01A-11R-2296-07,0.6302337842013592,1
TCGA-KK-A7AZ-01A-12R-A32O-07,0.8779535952789725,1
TCGA-DW-7842-01A-11R-A32Z-07,0.10094839855122748,1
TCGA-OL-A6VQ-01A-12R-A41B-07,0.3002808668747967,1
TCGA-31-1946-01A-01R-1568-13,0.6579003020167369,0
TCGA-AZ-6606-01A-11R-1839-07,0.7504985573684043,1
TCGA-DD-AAD1-01A-11R-A41C-07,0.6201572404444198,1
TCGA-A2-A0CO-01A-13R-A22K-07,0.2575081495334856,1
TCGA-CM-4750-01A-01R-1410-07,0.3894081383849317,1
TCGA-AC-A4ZE-01A-11R-A41B-07,0.8339157014445874,1
TCGA-BP-4327-01A-01R-1289-07,0.5845217607415446,1
TCGA-UZ-A9PX-01A-11R-A42S-07,0.09624716581196875,1
TCGA-BH-A0B9-01A-11R-A056-07,0.8169007252251858,1
TCGA-FB-AAQ0-01A-31R-A41B-07,0.8392628544444631,1
TCGA-A8-A09K-01A-11R-A00Z-07,0.7383247784921063,1
TCGA-55-1595-01A-01R-0946-07,0.8945622817903265,1
TCGA-J4-A83K-01A-11R-A352-07,0.35268413245057945,1
TCGA-A2-A1G4-01A-11R-A13Q-07,0.8038210622810397,1
TCGA-A2-A04T-01A-21R-A034-07,0.8019211905704432,1
TCGA-V1-A8MK-01A-11R-A36G-07,0.47705809731928134,1
TCGA-AN-A03X-01A-21R-A00Z-07,0.8275340618326991,1
TCGA-97-7547-01A-11R-2039-07,0.7819542188718408,1
TCGA-AD-6889-01A-11R-1928-07,0.8136169737493107,1
TCGA-KK-A7AW-01A-11R-A32O-07,0.4890419638598989,1
TCGA-AO-A03N-01B-11R-A10J-07,0.7496993719027287,1
TCGA-EJ-5530-01A-01R-1580-07,0.3441431215177538,0
TCGA-P4-AAVM-01A-11R-A42S-07,0.14313671512911336,1
TCGA-66-2778-01A-02R-0851-07,0.3133360068212225,1
TCGA-HC-A6AP-01A-11R-A30B-07,0.3644807362315623,0
TCGA-Z6-AAPN-01A-11R-A406-31,0.8927506473222684,0
TCGA-CJ-4886-01A-01R-1305-07,0.09210155348273362,0
TCGA-BP-4769-01A-01R-1289-07,0.33416065529831757,1
TCGA-D8-A1XM-01A-21R-A14M-07,0.7012162929928812,1
TCGA-A7-A4SA-01A-11R-A266-07,0.8961446817720852,1
TCGA-LN-A7HZ-01A-31R-A354-31,0.6639895813400972,1
TCGA-AR-A1AO-01A-11R-A12P-07,0.6186717659080931,1
TCGA-Y6-A9XI-01A-11R-A41O-07,0.7783860694939458,1
TCGA-31-1951-01A-01R-1568-13,0.6387943962978544,1
TCGA-25-1318-01A-01R-1565-13,0.6856739061170143,1
TCGA-B0-5099-01A-01R-1420-07,0.7101048961889556,1
TCGA-CH-5794-01A-11R-1580-07,0.867239568296277,1
TCGA-BQ-5894-01A-11R-1592-07,0.6854713509491921,1
TCGA-CZ-4863-01A-01R-1503-07,0.6255164065435168,1
TCGA-DD-AADJ-01A-11R-A41C-07,0.5732495940902137,1
TCGA-B0-4845-01A-01R-1277-07,0.5351474571830285,1
TCGA-BC-A216-01A-11R-A155-07,0.76782187093576,1
TCGA-CJ-4871-01A-01R-1305-07,0.5816293309092936,1
TCGA-B0-5710-01A-11R-1672-07,0.589780156783515,1
TCGA-CH-5750-01A-11R-1580-07,0.8321771089923,0
TCGA-DV-5566-01A-01R-1541-07,0.5741532891654726,1
TCGA-BC-A10X-01A-11R-A131-07,0.551171467146525,0
TCGA-60-2721-01A-01R-0851-07,0.5188836056423742,1
TCGA-F2-7273-01A-11R-2156-07,0.44171431561743013,1
TCGA-05-4389-01A-01R-1206-07,0.8271905588245938,1
TCGA-A8-A083-01A-21R-A00Z-07,0.6773528839719525,1
TCGA-EJ-7317-01A-31R-2118-07,0.3411900413962486,1
TCGA-24-2023-01A-01R-1567-13,0.7027744977657203,1
TCGA-B6-A0RM-01A-11R-A084-07,0.8108610080806277,1
TCGA-56-A5DS-01A-11R-A27Q-07,0.5288953869088641,1
TCGA-CJ-5672-01A-11R-1541-07,0.46741594872942943,1
TCGA-73-7498-01A-12R-2187-07,0.5270476172993853,1
TCGA-GM-A2DH-01A-11R-A180-07,0.7763376509236057,0
TCGA-A8-A082-01A-11R-A00Z-07,0.8448494321971554,1
TCGA-DD-A4NI-01A-11R-A27V-07,0.2658473605691379,1
TCGA-G4-6626-01A-11R-1774-07,0.7441234197098544,1
TCGA-CH-5738-01A-11R-1580-07,0.5237404515922753,1
TCGA-79-5596-01A-31R-1949-07,0.5449717333318379,1
TCGA-A6-5656-01A-21R-A278-07,0.5429444515407456,0
TCGA-BP-4766-01A-01R-1289-07,0.630230632543889,1
TCGA-XQ-A8TB-01A-11R-A36G-07,0.8380990392770501,1
TCGA-BP-4337-01A-01R-1289-07,0.7970331769962407,1
TCGA-G9-A9S4-01A-11R-A41O-07,0.8776683285956024,1
TCGA-CH-5762-01A-11R-1580-07,0.6471706362326172,1
TCGA-B0-5106-01A-01R-1420-07,0.5537337441416886,1
TCGA-V1-A9OX-01A-11R-A41O-07,0.5110743328638044,0
TCGA-DD-AADU-01A-11R-A41C-07,0.5752150155133219,1
TCGA-A3-3385-01A-02R-1420-07,0.5462166196235176,1
TCGA-90-7964-01A-21R-2187-07,0.7174436640410372,1
TCGA-55-7913-01B-11R-2241-07,0.8330732158110838,0
TCGA-AN-A0AJ-01A-11R-A00Z-07,0.8723261547845583,0
TCGA-09-1670-01A-01R-1566-13,0.46781935384838236,1
TCGA-A4-7734-01A-11R-A32Z-07,0.3172196909386957,1
TCGA-55-7914-01A-11R-2170-07,0.936933376466671,1
TCGA-77-7140-01A-41R-2045-07,0.6815737209704447,1
TCGA-VN-A943-01A-11R-A41O-07,0.5289389170705705,0
TCGA-B0-5108-01A-01R-1420-07,0.46546842608307626,1
TCGA-J9-A8CN-01A-11R-A352-07,0.7315629515287912,1
TCGA-13-1485-01A-02R-1565-13,0.6301489186971675,1
TCGA-33-AASL-01A-11R-A405-07,0.7453737851904867,1
TCGA-CC-5264-01A-01R-A131-07,0.7950584904140418,1
TCGA-CK-4952-01A-01R-1723-07,0.6779403301927872,1
TCGA-04-1530-01A-02R-1569-13,0.5704656630090085,1
TCGA-80-5608-01A-31R-1949-07,0.7470633400174063,0
TCGA-B1-A657-01A-11R-A31O-07,0.0619212062046219,1
TCGA-AA-3489-01A-21R-1839-07,0.7504062610390353,1
TCGA-OL-A66O-01A-11R-A31O-07,0.34691270064333257,1
TCGA-5L-AAT1-01A-12R-A41B-07,0.7068336663095834,0
TCGA-55-6986-01A-11R-1949-07,0.8903961892440844,1
TCGA-FB-A4P5-01A-11R-A26U-07,0.42936558727020296,1
TCGA-AK-3428-01A-02R-1277-07,0.7584051519180065,0
TCGA-4T-AA8H-01A-11R-A41B-07,0.6362932640052731,1
TCGA-L5-A88Y-01A-11R-A354-31,0.8411666770712948,1
TCGA-VN-A88K-01A-11R-A352-07,0.9196873485797986,0
TCGA-58-A46N-01A-11R-A24H-07,0.6307196844427041,1
TCGA-YL-A9WH-01A-11R-A37L-07,0.9442606750778895,1
TCGA-44-6776-01A-11R-1858-07,0.5572868591008298,0
TCGA-97-A4M6-01A-11R-A24X-07,0.78303621090052,1
TCGA-33-4583-01A-01R-1443-07,0.5094745917077326,1
TCGA-2Y-A9H9-01A-21R-A39D-07,0.593743951452366,0
TCGA-D8-A27L-01A-11R-A16F-07,0.5019716948167602,1
TCGA-F4-6704-01A-11R-1839-07,0.884545592178275,1
TCGA-63-A5MY-01A-11R-A26W-07,0.7626159850372558,1
TCGA-AA-3666-01A-02R-0905-07,0.697728645369184,1
TCGA-A8-A08Z-01A-21R-A00Z-07,0.7304759248449236,1
TCGA-V1-A9Z9-01A-21R-A41O-07,0.7967460601639583,1
TCGA-3A-A9IR-01A-11R-A38C-07,0.9109838055829067,1
TCGA-24-1436-01A-01R-1566-13,0.6643452523274097,0
TCGA-BH-A0AU-01A-11R-A12P-07,0.8834905493516534,1
TCGA-G9-6379-01A-11R-A31N-07,0.1748045674023478,0
TCGA-DD-AADR-01A-11R-A41C-07,0.5975157419679993,1
TCGA-EB-A4OY-01A-11R-A266-07,0.1752705479834205,1
TCGA-63-A5MG-01A-12R-A27Q-07,0.6761649547363023,0
TCGA-BP-4341-01A-01R-1289-07,0.3007489072146376,1
TCGA-B8-5550-01A-01R-1541-07,0.7188089064728495,1
TCGA-50-5935-01A-11R-1755-07,0.7590002855171115,1
TCGA-D5-6929-01A-31R-1928-07,0.7828364367825817,1
TCGA-55-A48X-01A-11R-A24H-07,0.6473341871675732,1
TCGA-BH-A0HA-01A-11R-A12P-07,0.6853736135670011,1
TCGA-AD-5900-01A-11R-1653-07,0.8202563281554064,0
TCGA-50-5049-01A-01R-1628-07,0.6394301288339957,1
TCGA-BH-A0B7-01A-12R-A115-07,0.87315147939894,1
TCGA-33-AAS8-01A-11R-A405-07,0.6004851962163251,1
TCGA-BH-A0GZ-01A-11R-A056-07,0.7802275728435373,1
TCGA-LN-A4A1-01A-21R-A260-31,0.8161125254863666,1
TCGA-XK-AAIW-01A-11R-A41O-07,0.888942403378112,1
TCGA-98-8021-01A-11R-2247-07,0.6970715876927542,1
TCGA-B6-A0WX-01A-11R-A109-07,0.8639261021308823,1
TCGA-EB-A82B-01A-11R-A352-07,0.30224721332395227,0
TCGA-25-1324-01A-01R-1565-13,0.5084601539322074,1
TCGA-13-1482-01A-01R-1565-13,0.6431340649465098,1
TCGA-KH-A6WC-01A-11R-A336-31,0.8668017243500955,1
TCGA-KC-A7FA-01A-21R-A33R-07,0.8644236250271106,1
TCGA-B2-4098-01A-02R-1325-07,0.861013219567931,1
TCGA-EJ-A7NH-01A-12R-A33R-07,0.5013488565856129,0
TCGA-CJ-5686-01A-11R-1672-07,0.588163555949546,0
TCGA-V1-A8MU-01A-11R-A37L-07,0.6375297175561482,0
TCGA-67-3774-01A-01R-0946-07,0.7195110842862199,1
TCGA-93-8067-01A-11R-2287-07,0.8612293642284046,1
TCGA-CJ-4923-01A-01R-1426-07,0.6909316470906471,1
TCGA-G6-A8L6-01A-11R-A37O-07,0.339047977223562,1
TCGA-EB-A5SF-01A-11R-A311-07,0.17167353282918071,1
TCGA-34-2600-01A-01R-0851-07,0.7776736712382291,1
TCGA-E9-A1NF-01A-11R-A14D-07,0.8750099450675046,1
TCGA-A8-A08L-01A-11R-A00Z-07,0.8566885937876018,0
TCGA-AO-A0J4-01A-11R-A034-07,0.8457282982993138,1
TCGA-55-8203-01A-11R-2241-07,0.7984258940653793,1
TCGA-LN-A49S-01A-11R-A24K-31,0.8429695003906934,1
TCGA-NC-A5HP-01A-11R-A26W-07,0.6149992292528038,1
TCGA-BH-A1FB-01A-11R-A13Q-07,0.15829934793673306,1
TCGA-53-A4EZ-01A-12R-A24X-07,0.859846655835032,1
TCGA-69-7978-01A-11R-2187-07,0.5903201593766112,1
TCGA-UB-AA0U-01A-11R-A38B-07,0.5945182215173357,1
TCGA-44-7662-01A-11R-2066-07,0.7411815492357658,1
TCGA-E2-A14P-01A-31R-A12D-07,0.8646596374801464,1
TCGA-66-2770-01A-01R-0851-07,0.5263630976584466,1
TCGA-GL-A4EM-01A-11R-A24Z-07,0.12934245996312366,1
TCGA-A3-3357-01A-02R-1420-07,0.6416030349498753,1
TCGA-AA-A01D-01A-01R-A00A-07,0.8951899638798724,1
TCGA-39-5040-01A-21R-2125-07,0.880716533405994,1
TCGA-2Y-A9H6-01A-11R-A39D-07,0.6572939710670798,1
TCGA-38-6178-01A-11R-1755-07,0.8228976539261095,1
TCGA-G3-A25Z-01A-11R-A16W-07,0.5420485830625867,1
TCGA-BH-A204-01A-11R-A157-07,0.6815731056039052,1
TCGA-AA-A01Z-01A-11R-A083-07,0.6826879366952218,1
TCGA-FB-AAPU-01A-31R-A41B-07,0.8722970932312658,1
TCGA-18-3406-01A-01R-0980-07,0.5051553837672967,0
TCGA-HC-7742-01A-11R-2118-07,0.8452065220669265,1
TCGA-B0-4691-01A-01R-1277-07,0.6794182389598766,1
TCGA-18-3408-01A-01R-0980-07,0.5431184613450176,0
TCGA-A8-A07W-01A-11R-A00Z-07,0.7993734968169263,1
TCGA-OL-A6VR-01A-32R-A33J-07,0.7515349293829627,1
TCGA-CA-6718-01A-11R-1839-07,0.830703519664776,1
TCGA-04-1357-01A-01R-1565-13,0.611675019918991,0
TCGA-X4-A8KS-01A-12R-A36G-07,0.6771657488588453,1
TCGA-EW-A2FR-01A-11R-A21T-07,0.7648949045687058,1
TCGA-A8-A0A9-01A-11R-A00Z-07,0.8563220329752163,1
TCGA-J4-A83N-01A-11R-A352-07,0.5667779945035125,1
TCGA-CJ-4872-01A-01R-1305-07,0.4780805568258355,1
TCGA-B0-5081-01A-01R-1334-07,0.5950941525652207,1
TCGA-E9-A24A-01A-11R-A169-07,0.33880423698263906,0
TCGA-DD-A73E-01A-12R-A32O-07,0.6667804426027087,1
TCGA-LA-A7SW-01A-11R-A405-07,0.7521016866333361,1
TCGA-C8-A12U-01A-11R-A115-07,0.8000268210400063,1
TCGA-B0-5097-01A-01R-1420-07,0.6820543936706555,1
TCGA-13-0795-01A-01R-1564-13,0.602725152561679,1
TCGA-A7-A56D-01A-11R-A27Q-07,0.21020120451543273,1
TCGA-G3-A25S-01A-11R-A16W-07,0.6760081207345955,1
TCGA-XQ-A8TA-01A-11R-A36G-07,0.923775984210675,1
TCGA-BP-4335-01A-01R-1289-07,0.4416874090028546,1
TCGA-CC-5258-01A-01R-A131-07,0.619751143800741,1
TCGA-HC-A48F-01A-11R-A250-07,0.8545767184054021,1
TCGA-93-A4JN-01A-11R-A24X-07,0.7617821912149311,1
TCGA-DD-AADI-01A-11R-A41C-07,0.28305560134800883,0
TCGA-A8-A090-01A-11R-A00Z-07,0.8179947242191643,1
TCGA-66-2785-01A-01R-0851-07,0.7029384018593192,0
TCGA-61-2097-01A-02R-1568-13,0.6532376556765083,1
TCGA-5P-A9K2-01A-11R-A42S-07,0.12114903739614234,1
TCGA-KK-A8IC-01A-11R-A36G-07,0.8930478661971692,0
TCGA-A7-A26E-01A-11R-A277-07,0.7932878809268405,1
TCGA-50-5066-01A-01R-1628-07,0.32023314122259117,1
TCGA-D8-A27N-01A-11R-A16F-07,0.8900737197883315,0
TCGA-78-7166-01A-12R-2066-07,0.7754175278947607,0
TCGA-E9-A1R3-01A-31R-A14M-07,0.6525950504276545,0
TCGA-97-A4M2-01A-12R-A24X-07,0.3835139650730981,1
TCGA-BQ-7056-01A-11R-1965-07,0.65150608323473,1
TCGA-13-0724-01A-01R-1564-13,0.5766483859927367,0
TCGA-BH-A0HW-01A-11R-A034-07,0.7096901361850605,1
TCGA-PE-A5DE-01A-11R-A27Q-07,0.6485642796073735,1
TCGA-2L-AAQI-01A-12R-A39D-07,0.7421541818279127,0
TCGA-2A-A8VV-01A-11R-A37L-07,0.735576993253891,1
TCGA-39-5016-01A-01R-1443-07,0.6209246874405409,0
TCGA-D5-6930-01A-11R-1928-07,0.6687593080996804,1
TCGA-D8-A27I-01A-11R-A16F-07,0.5780002636581693,1
TCGA-V1-A8ML-01A-11R-A37L-07,0.8024572486481113,1
TCGA-85-6798-01A-11R-1949-07,0.5506996900931092,1
TCGA-AA-3510-01A-01R-1410-07,0.6587058149132202,1
TCGA-98-A53A-01A-11R-A262-07,0.6167928872470851,1
TCGA-A4-A772-01A-11R-A33Z-07,0.04094342076192255,0
TCGA-MP-A4TC-01A-11R-A24X-07,0.7436624973334247,1
TCGA-49-6745-01A-11R-1858-07,0.5927780259869309,1
TCGA-10-0927-01A-02R-1564-13,0.6818391905422022,0
TCGA-A2-A0CT-01A-31R-A056-07,0.8170542451572523,1
TCGA-99-8025-01A-11R-2241-07,0.8621236979608089,1
TCGA-ZS-A9CE-01A-11R-A37K-07,0.46209804087365913,0
TCGA-AO-A0J6-01A-11R-A034-07,0.8934246936415372,1
TCGA-CA-6715-01A-21R-1839-07,0.6629778856216577,1
TCGA-AR-A255-01A-11R-A169-07,0.7388401042308912,0
TCGA-61-2088-01A-01R-1568-13,0.5705845962943547,1
TCGA-DD-A4NV-01A-11R-A311-07,0.5341117071790344,1
TCGA-K7-A5RF-01A-11R-A28V-07,0.5394140372161329,1
TCGA-RC-A6M6-01A-11R-A32O-07,0.8442397040704819,1
TCGA-EP-A12J-01A-11R-A131-07,0.5589759182078025,1
TCGA-BH-A0BW-01A-11R-A115-07,0.8458740301242089,1
TCGA-56-A4BY-01A-11R-A24H-07,0.7526605442417985,1
TCGA-AA-3980-01A-02R-1022-07,0.7701199560459964,1
TCGA-55-8507-01A-11R-2403-07,0.825097441277188,0
TCGA-BH-A0BS-01A-11R-A12P-07,0.7055174618560275,1
TCGA-DD-A4NH-01A-11R-A27V-07,0.6779952032798888,1
TCGA-L9-A443-01A-12R-A24H-07,0.8799579863783898,1
TCGA-IB-7893-01A-11R-2204-07,0.8265664283788436,0
TCGA-C8-A26W-01A-11R-A16F-07,0.9050520287990029,1
TCGA-AA-3866-01A-01R-1022-07,0.6659490611784273,1
TCGA-AA-3966-01A-01R-1113-07,0.7835371189628574,0
TCGA-24-1425-01A-02R-1566-13,0.6771504554675302,1
TCGA-J9-A52D-01A-11R-A29R-07,0.8248869468021419,1
TCGA-2Z-A9JQ-01A-11R-A42S-07,0.12519681648588002,1
TCGA-AA-3941-01A-01R-1022-07,0.7625555048679554,1
TCGA-77-7337-01A-21R-2045-07,0.5494100554725561,1
TCGA-92-8063-01A-11R-2247-07,0.7402565531998195,1
TCGA-BH-A0EA-01A-11R-A115-07,0.47564613110063647,1
TCGA-EJ-7330-01A-11R-2118-07,0.5315504298037456,1
TCGA-CC-A3MC-01A-11R-A22L-07,0.6903537653751307,1
TCGA-DD-AADD-01A-11R-A41C-07,0.5562631158142277,1
TCGA-EJ-7314-01A-31R-2118-07,0.745467971406589,1
TCGA-E2-A109-01A-11R-A10J-07,0.8396727359131624,1
TCGA-AO-A1KR-01A-12R-A144-07,0.813459742022815,1
TCGA-EJ-A7NK-01A-12R-A352-07,0.27219211332757526,1
TCGA-56-A4ZK-01A-11R-A262-07,0.6919999691945988,1
TCGA-B0-5117-01A-01R-1420-07,0.7999966325484965,0
TCGA-A2-A04R-01A-41R-A109-07,0.7323458156836897,1
TCGA-78-7152-01A-11R-2039-07,0.8507806975269577,1
TCGA-EB-A41B-01A-11R-A24X-07,0.35342295019396414,1
TCGA-50-6592-01A-11R-1755-07,0.8317496426247576,0
TCGA-E9-A1NA-01A-11R-A144-07,0.9176988518053694,1
TCGA-97-8552-01A-11R-2403-07,0.5076558866103811,1
TCGA-DD-A4NQ-01A-21R-A28V-07,0.8246103932884128,1
TCGA-QG-A5YX-01A-11R-A28H-07,0.6774869169835603,1
TCGA-38-4632-01A-01R-1755-07,0.6293100947000073,0
TCGA-ZP-A9D1-01A-11R-A38B-07,0.6009711778856501,0
TCGA-E9-A1RF-01A-11R-A157-07,0.9108909447043371,1
TCGA-AA-3681-01A-01R-0905-07,0.7774969320798054,1
TCGA-BH-A0BR-01A-21R-A115-07,0.857051759467147,1
TCGA-CA-5254-01A-21R-1839-07,0.8854052053970605,1
TCGA-18-3417-01A-01R-1443-07,0.5833794348431568,1
TCGA-86-A4P7-01A-11R-A24X-07,0.6559871817970785,1
TCGA-24-1924-01A-01R-1567-13,0.5182342227778859,1
TCGA-AO-A0JL-01A-11R-A056-07,0.8855006026724915,0
TCGA-ED-A7PX-01A-51R-A352-07,0.7750322979389004,0
TCGA-29-1696-01A-01R-1567-13,0.5953667893790565,1
TCGA-AC-A8OP-01A-11R-A36F-07,0.8659913371389689,0
TCGA-BP-5202-01A-02R-1426-07,0.43371618020576413,1
TCGA-EP-A26S-01A-11R-A16W-07,0.47986383626765206,1
TCGA-77-8144-01A-11R-2247-07,0.6933916258468209,1
TCGA-60-2713-01A-01R-0851-07,0.6861154266991891,0
TCGA-AO-A03T-01A-21R-A034-07,0.7405027001677056,1
TCGA-NK-A5D1-01A-11R-A26W-07,0.741412545938081,1
TCGA-NI-A8LF-01A-11R-A36F-07,0.6737319128810392,1
TCGA-B0-4693-01A-01R-1277-07,0.4507717952569198,0
TCGA-CH-5761-01A-11R-1580-07,0.9377890634947931,1
TCGA-VR-A8EW-01A-11R-A36D-31,0.5890272866651631,1
TCGA-09-0364-01A-02R-1564-13,0.525571178929074,1
TCGA-US-A77E-01A-11R-A32O-07,0.6204949706278702,1
TCGA-BP-4329-01A-02R-1289-07,0.5535043806532487,1
TCGA-E9-A2JS-01A-11R-A180-07,0.8402828560641765,0
TCGA-L5-A8NN-01A-11R-A37I-31,0.9198835041950647,1
TCGA-BP-4169-01A-02R-1289-07,0.5162428544821762,1
TCGA-DD-A3A5-01A-11R-A22L-07,0.3874739427004414,1
TCGA-KK-A7B1-01A-11R-A32O-07,0.8964092331410981,1
TCGA-KR-A7K2-01A-12R-A33R-07,0.598086729143084,1
TCGA-77-A5G8-01B-11R-A27Q-07,0.4180218423471414,1
TCGA-AA-A00F-01A-01R-A002-07,0.7488920435901684,1
TCGA-BP-4340-01A-01R-1289-07,0.516153862964681,1
TCGA-BP-4164-01A-02R-1325-07,0.6011076723124404,1
TCGA-B6-A0RU-01A-11R-A084-07,0.7217084404296189,1
TCGA-EJ-7794-01A-11R-2118-07,0.5465032604605043,1
TCGA-C8-A12P-01A-11R-A115-07,0.9150052613181188,1
TCGA-09-1674-01A-01R-1566-13,0.5642240343899155,1
TCGA-G9-6365-01A-11R-1789-07,0.6577314267534287,1
TCGA-J4-8200-01A-11R-A29R-07,0.6394272132346203,0
TCGA-BH-A0H5-01A-21R-A115-07,0.42115069649730386,1
TCGA-66-2787-01A-01R-0980-07,0.49877655060156895,1
TCGA-XK-AAIV-01A-11R-A41O-07,0.946148141249012,1
TCGA-G9-6351-01A-21R-1965-07,0.40089277840068877,1
TCGA-BP-4967-01A-01R-1334-07,0.7039790907310338,0
TCGA-39-5036-01A-01R-1443-07,0.6137695123562076,1
TCGA-2J-AAB8-01A-12R-A41B-07,0.8317806859494933,0
TCGA-ZP-A9CV-01A-11R-A38B-07,0.4995078587383791,1
TCGA-A6-5667-01A-21R-1723-07,0.5818849112445821,1
TCGA-XJ-A83F-01A-11R-A352-07,0.7656029827543327,1
TCGA-BP-4160-01A-02R-1289-07,0.5398377305767229,1
TCGA-AA-A02H-01A-01R-A089-07,0.7565727150848486,1
TCGA-SU-A7E7-01A-22R-A33R-07,0.7851749761179209,1
TCGA-LN-A8HZ-01A-11R-A36D-31,0.3959996548963411,1
TCGA-VP-A87C-01A-11R-A352-07,0.76140257051489,1
TCGA-G9-6347-01A-11R-A31N-07,0.3274537700922982,1
TCGA-2L-AAQM-01A-11R-A39D-07,0.9390040777952937,0
TCGA-CA-5797-01A-01R-1653-07,0.7509372908853649,1
TCGA-2J-AABA-01A-21R-A41B-07,0.8676153188966418,1
TCGA-77-8156-01A-11R-2247-07,0.6682475213819207,1
TCGA-VR-A8EZ-01A-11R-A36D-31,0.7922221995298073,0
TCGA-J9-A52C-01A-11R-A26U-07,0.6397848607279373,1
TCGA-BP-4989-01A-01R-1334-07,0.5842789206997264,0
TCGA-EB-A3Y7-01A-11R-A239-07,0.11448582258596683,1
TCGA-13-1506-01A-01R-1565-13,0.49718392078334595,1
TCGA-EJ-A46D-01A-21R-A32Y-07,0.6349596831804108,0
TCGA-HC-A631-01A-11R-A29R-07,0.9122866875674962,1
TCGA-69-7761-01A-11R-2170-07,0.6091222569814385,1
TCGA-61-2092-01A-01R-1568-13,0.8405579097113006,1
TCGA-BH-A1FN-01A-11R-A13Q-07,0.8488818562494432,1
TCGA-G3-A25X-01A-11R-A16W-07,0.6277642470319028,1
TCGA-34-8455-01A-11R-2326-07,0.5750880317154927,1
TCGA-BP-4972-01A-01R-1334-07,0.35250316790054936,0
TCGA-13-0885-01A-02R-1569-13,0.5808489667249542,0
TCGA-CJ-6027-01A-11R-1672-07,0.7397541192022072,0
TCGA-O1-A52J-01A-11R-A262-07,0.7655960688081409,1
TCGA-EB-A3XB-01A-11R-A239-07,0.06332556097977561,1
TCGA-KK-A7AY-01A-11R-A33R-07,0.6952171179818017,1
TCGA-AA-3930-01A-01R-1022-07,0.7907489848702821,0
TCGA-49-4506-01A-01R-1206-07,0.7283930398302698,1
TCGA-61-2000-01A-01R-1568-13,0.6705863718685235,1
TCGA-Z5-AAPL-01A-12R-A41B-07,0.8559441706761997,1
TCGA-ZG-A9LU-01A-11R-A41O-07,0.8696830670261444,1
TCGA-JY-A93F-01A-21R-A37I-31,0.9041335562118206,0
TCGA-66-2800-01A-01R-1201-07,0.5347544409342687,1
TCGA-66-2773-01A-01R-1201-07,0.5539836788903014,0
TCGA-C8-A27A-01A-11R-A169-07,0.7476480362729803,1
TCGA-G7-A8LE-01A-11R-A36F-07,0.11054595734325447,1
TCGA-HC-7819-01A-11R-2118-07,0.5348338656084649,0
TCGA-50-5936-01A-11R-1628-07,0.847672930161275,1
TCGA-86-8359-01A-11R-2326-07,0.8589950187218196,1
TCGA-AA-3518-01A-02R-0826-07,0.5978680668022374,1
TCGA-HC-7211-01A-11R-2118-07,0.7960333555579401,1
TCGA-BH-A0C0-01A-21R-A056-07,0.8400814791303649,1
TCGA-AA-A02O-01A-21R-A16W-07,0.33252480794886996,1
TCGA-KK-A8I5-01A-11R-A36G-07,0.8059386085449699,1
TCGA-BP-5000-01A-01R-1334-07,0.4251081716752168,1
TCGA-A8-A09X-01A-11R-A00Z-07,0.880331847410731,1
TCGA-ER-A2NF-01A-11R-A18T-07,0.5085552539801926,0
TCGA-BH-A6R8-01A-21R-A33J-07,0.67063925064773,0
TCGA-44-2661-01A-01R-1107-07,0.3565704956393018,1
TCGA-AO-A0J2-01A-11R-A034-07,0.8766304929442266,1
TCGA-IG-A5B8-01A-11R-A28J-31,0.8440812837175922,1
TCGA-55-8512-01A-11R-2403-07,0.7267689179605159,0
TCGA-HE-A5NJ-01A-11R-A26U-07,0.456997192775941,0
