sample_id,score,y_member
TCGA-B0-5115-01A-01R-1420-07,-0.5370807758735511,1
TCGA-EJ-A46E-01A-31R-A250-07,-0.23108307626793514,1
TCGA-DD-AAE7-01A-11R-A41C-07,-0.5221334974173463,1
TCGA-Z6-A8JE-01A-11R-A37I-31,-0.3955908261670474,1
TCGA-A8-A08F-01A-11R-A00Z-07,-0.16101263360117563,1
TCGA-59-2350-01A-01R-1569-13,-0.32836613719690066,1
TCGA-CZ-4858-01A-01R-1305-07,0.14045568641023862,1
TCGA-CZ-5470-01A-01R-1503-07,-0.33382112099883443,1
TCGA-AN-A0XN-01A-21R-A109-07,-0.11992200708452781,1
TCGA-37-A5EL-01A-11R-A26W-07,-0.17046072179445346,1
TCGA-46-6025-01A-11R-1820-07,-0.2239498526492558,1
TCGA-AN-A0XS-01A-22R-A109-07,-0.1942625308324749,1
TCGA-M7-A725-01A-12R-A32O-07,-0.256960195630676,1
TCGA-XN-A8T3-01A-11R-A36G-07,-0.5253198032464753,0
TCGA-3K-AAZ8-01A-12R-A39D-07,-0.6038851467099181,1
TCGA-B9-5155-01A-01R-1592-07,-0.4504333677852033,1
TCGA-OK-A5Q2-01A-11R-A27Q-07,-0.16298595502817273,1
TCGA-2Y-A9H8-01A-11R-A39D-07,-0.3976360142060445,1
TCGA-30-1866-01A-02R-1568-13,-0.3801002705743153,1
TCGA-SX-A7SO-01A-11R-A355-07,-0.39723710788543576,1
TCGA-55-7283-01A-11R-2039-07,-0.199034031789948,1
TCGA-M7-A720-01A-12R-A32O-07,-0.4847106257417225,1
TCGA-91-6828-01A-11R-1858-07,-0.17436015919974032,1
TCGA-D8-A1JF-01A-11R-A13Q-07,-0.08431432833253165,1
TCGA-D8-A1JG-01B-11R-A13Q-07,-0.09545099618776333,1
TCGA-AL-3468-01A-02R-1351-07,-0.47955570413175874,1
TCGA-21-1082-01A-01R-0692-07,-0.17524792994637703,1
TCGA-A4-8311-01A-11R-2404-07,-0.4839730792082288,1
TCGA-BD-A3EP-01A-11R-A22L-07,-0.2834646141180416,1
TCGA-92-7340-01A-21R-2045-07,-0.20425895416237438,1
TCGA-EJ-A65B-01A-12R-A30B-07,-0.2636582878248459,1
TCGA-HC-8261-01B-05R-2302-07,0.12238576709151977,1
TCGA-AZ-6601-01A-11R-1774-07,-0.3786537448346487,1
TCGA-B0-4703-01A-01R-1277-07,-0.3163898913810664,1
TCGA-AA-A004-01A-01R-A00A-07,-0.023883022763151317,1
TCGA-30-1862-01A-02R-1568-13,-0.2666852906885503,1
TCGA-09-2045-01A-01R-1568-13,-0.22852331008350596,1
TCGA-E2-A10F-01A-11R-A10J-07,-0.257473519927678,1
TCGA-OL-A6VO-01A-12R-A33J-07,-0.007357593549461303,1
TCGA-BQ-5884-01A-11R-1592-07,-0.1456707327676842,1
TCGA-49-4507-01A-01R-1206-07,-0.022110034779090494,1
TCGA-ZG-A9LS-01A-12R-A41O-07,-0.2901964225189392,1
TCGA-AN-A0FW-01A-11R-A034-07,-0.18150455047220562,1
TCGA-A6-A5ZU-01A-11R-A28H-07,-0.17136836955026805,1
TCGA-QU-A6IL-01A-11R-A31N-07,-0.15194855489358008,1
TCGA-67-4679-01B-01R-1755-07,-0.21532393013878026,0
TCGA-DM-A28G-01A-11R-A16W-07,-0.37678058729810526,1
TCGA-IB-AAUV-01A-11R-A38C-07,-0.3575580377591167,1
TCGA-FB-AAPZ-01A-11R-A41B-07,-0.5605752132675644,1
TCGA-DD-AAEG-01A-11R-A39D-07,-0.49216199850076003,1
TCGA-24-0975-01A-02R-1565-13,-0.27843689483315975,1
TCGA-AA-3841-01A-01R-0905-07,-0.25222307773470026,0
TCGA-75-6211-01A-11R-1755-07,-0.06566555310737282,1
TCGA-IB-7887-01A-11R-2156-07,-0.39869732498727395,1
TCGA-78-7161-01A-11R-2039-07,-0.14267887389034697,1
TCGA-B0-5699-01A-11R-1541-07,-0.45415735707856153,1
TCGA-DD-A113-01A-11R-A131-07,-0.30720936364266077,1
TCGA-E9-A1R2-01A-11R-A14D-07,-0.187622464778682,1
TCGA-78-7536-01A-11R-2066-07,-0.03748420752427117,1
TCGA-B6-A0WY-01A-11R-A109-07,-0.1442787008199114,1
TCGA-ZP-A9CY-01A-11R-A38B-07,-0.5111581270409854,1
TCGA-EJ-5495-01A-01R-1580-07,-0.11594447658174604,0
TCGA-2H-A9GJ-01A-11R-A37I-31,-0.37221707299251544,1
TCGA-AA-3955-01A-02R-1022-07,-0.3861798901394969,1
TCGA-20-1684-01A-01R-1566-13,-0.34272572055260225,1
TCGA-AA-3697-01A-01R-1723-07,-0.5013548552191348,1
TCGA-56-5898-01A-11R-1635-07,-0.23659722483418943,1
TCGA-BP-4801-01A-02R-1420-07,-0.520244662313923,1
TCGA-D8-A146-01A-31R-A115-07,-0.26126039363549264,1
TCGA-DD-AACJ-01A-11R-A41C-07,-0.6172203156296812,0
TCGA-BQ-5892-01A-11R-1592-07,-0.19507261951025887,1
TCGA-BH-A0BF-01A-21R-A12P-07,-0.17003628745663243,0
TCGA-HZ-8003-01A-21R-2204-07,-0.42153578914445883,0
TCGA-BH-A1EU-01A-11R-A137-07,-0.15358777090453837,1
TCGA-61-1900-01A-01R-1567-13,-0.31874831615630816,0
TCGA-AM-5821-01A-01R-1653-07,-0.18529011529054237,1
TCGA-A7-A26J-01A-11R-A169-07,-0.2546269021853071,1
TCGA-AR-A1AT-01A-11R-A12P-07,-0.17889870042646455,1
TCGA-OL-A5S0-01A-11R-A28M-07,0.06926404851471499,1
TCGA-63-6202-01A-11R-1820-07,-0.06982020560275376,1
TCGA-A2-A3XV-01A-21R-A239-07,0.1605599121307777,0
TCGA-CH-5772-01A-11R-1580-07,-0.3722498653177675,1
TCGA-OL-A5DA-01A-11R-A27Q-07,-0.16400947231387578,1
TCGA-2Z-A9J1-01A-11R-A38C-07,-0.6268951654702309,1
TCGA-LN-A8I0-01A-11R-A36D-31,-0.3318518770597907,0
TCGA-50-8460-01A-11R-2326-07,-0.19805582197387195,1
TCGA-86-8279-01A-11R-2287-07,-0.1619504241755226,1
TCGA-56-A4ZJ-01A-11R-A262-07,-0.10282152920663097,1
TCGA-67-3770-01A-01R-0946-07,-0.08743935646960103,1
TCGA-A2-A0YF-01A-21R-A109-07,-0.2103434844682342,1
TCGA-85-A50Z-01A-21R-A262-07,-0.15019372420380003,1
TCGA-G9-6363-01A-21R-1789-07,-0.1008116277933684,1
TCGA-G7-6790-01A-11R-1965-07,-0.4744612577875833,0
TCGA-AR-A1AM-01A-41R-A22K-07,-0.16230214317490002,0
TCGA-E2-A10C-01A-21R-A10J-07,-0.07872111418724856,1
TCGA-AA-A00L-01A-01R-A002-07,-0.46394029468513825,0
TCGA-55-7995-01A-11R-2187-07,-0.09640906473929538,1
TCGA-G4-6309-01A-21R-1839-07,-0.4317526758489894,1
TCGA-CJ-4908-01A-01R-1426-07,-0.49165794832486154,1
TCGA-EJ-A46B-01A-31R-A250-07,-0.5479092928769363,0
TCGA-AR-A24Z-01A-11R-A169-07,-0.19736565345564921,0
TCGA-A6-2685-01A-01R-1410-07,-0.22173935841940065,0
TCGA-A4-A5DU-01A-11R-A28H-07,-0.5454180546393577,1
TCGA-AZ-6600-01A-11R-1774-07,-0.39710798946477976,1
TCGA-CC-A7IH-01A-11R-A33J-07,-0.5022745472765217,1
TCGA-QU-A6IM-01A-11R-A31N-07,-0.08606603138343694,1
TCGA-LN-A49M-01A-21R-A260-31,-0.4508281330146085,1
TCGA-66-2765-01A-01R-0851-07,-0.23458432040470614,0
TCGA-A8-A0AB-01A-11R-A034-07,-0.2535407102110477,1
TCGA-S3-AA14-01A-11R-A41B-07,-0.1498008962729762,1
TCGA-98-A538-01A-11R-A262-07,-0.2946332136332775,1
TCGA-CM-6166-01A-11R-1653-07,-0.34644755951671763,1
TCGA-5M-AAT4-01A-11R-A41B-07,-0.4254339783166748,1
TCGA-61-2008-01A-02R-1568-13,-0.3022132917481109,1
TCGA-B6-A0X0-01A-21R-A115-07,-0.18498535830810378,1
TCGA-86-8281-01A-11R-2287-07,-0.17230237972958687,1
TCGA-24-1546-01A-01R-1566-13,-0.2464558237068383,0
TCGA-V1-A9OL-01A-11R-A41O-07,-0.34678890726866063,0
TCGA-BH-A201-01A-11R-A14M-07,-0.1967070418147393,1
TCGA-18-3409-01A-01R-0980-07,-0.0312671765126625,1
TCGA-F4-6461-01A-11R-1774-07,-0.1828909050894423,1
TCGA-AA-A02E-01A-01R-A00A-07,-0.42882988614434164,0
TCGA-YL-A9WY-01A-11R-A41O-07,-0.25430689950818813,1
TCGA-B0-5102-01A-01R-1420-07,-0.3174846125968084,1
TCGA-G9-7521-01A-11R-2263-07,-0.1631072565937318,0
TCGA-CJ-4902-01A-01R-1426-07,-0.46089845857248884,1
TCGA-CA-6717-01A-11R-1839-07,-0.23453658992216223,0
TCGA-IG-A5S3-01A-11R-A28J-31,-0.3154027435932233,0
TCGA-EJ-5497-01A-02R-1580-07,-0.38246840801511145,1
TCGA-BF-A5EO-01A-12R-A27Q-07,-1.114832302308836,0
TCGA-85-A4JC-01A-11R-A24Z-07,-0.2032459860552438,1
TCGA-44-3917-01A-01R-A278-07,0.0007384754055983084,1
TCGA-A8-A08H-01A-21R-A00Z-07,0.013685988507042567,1
TCGA-95-A4VN-01A-11R-A262-07,-0.20662835726426318,1
TCGA-B0-5693-01A-11R-1541-07,-0.5107579902342282,1
TCGA-77-8138-01A-11R-2247-07,-0.22518705113054543,1
TCGA-KK-A7B0-01A-11R-A32O-07,-0.1085905184112388,1
TCGA-B0-5083-01A-02R-1420-07,0.013247136390693137,1
TCGA-GM-A2DA-01A-11R-A18M-07,-0.07363016220818545,1
TCGA-A2-A3KD-01A-12R-A213-07,-0.1968021360168529,1
TCGA-DD-A39Y-01A-11R-A213-07,-0.4369210688119623,1
TCGA-B6-A0WZ-01A-11R-A109-07,-0.1605306238211406,1
TCGA-A6-2682-01A-01R-1410-07,-0.3759809503910654,1
TCGA-D8-A1JU-01A-11R-A13Q-07,-0.13274529501104004,0
TCGA-RL-AAAS-01A-32R-A39D-07,-0.42792261088303,0
TCGA-B9-A44B-01A-11R-A24Z-07,-0.32586565042394994,1
TCGA-B6-A0I5-01A-11R-A034-07,-0.06571033627842504,1
TCGA-BH-AB28-01A-31R-A41B-07,-0.18112197781396394,1
TCGA-E9-A1N9-01A-11R-A14D-07,-0.18565137189804304,0
TCGA-A3-3363-01A-01R-0864-07,-0.007499084002155761,1
TCGA-22-1000-01A-01R-A32Z-07,-0.11746972688681684,1
TCGA-KK-A6E4-01A-11R-A30B-07,-0.27926896942822343,1
TCGA-BQ-5889-01A-11R-1592-07,-0.16912015906661526,1
TCGA-DM-A1HA-01A-11R-A155-07,-0.11533546349396398,1
TCGA-BF-A5ER-01A-12R-A27Q-07,-0.8720829643465766,1
TCGA-LL-A73Y-01A-11R-A33J-07,-0.049152448650516496,1
TCGA-BF-A3DL-01A-11R-A20F-07,-0.9785445178552195,1
TCGA-VR-A8EO-01A-11R-A36D-31,-0.300242327634811,1
TCGA-L1-A7W4-01A-12R-A36G-07,-0.038840639189248204,1
TCGA-B0-4838-01A-01R-1305-07,-0.4607644840916755,1
TCGA-2Y-A9GY-01A-11R-A38B-07,-0.25925973177931416,1
TCGA-BP-4343-01A-02R-1289-07,-0.21901966811472154,1
TCGA-BQ-5893-01A-11R-1592-07,-0.06642114088621347,1
TCGA-HP-A5MZ-01A-21R-A27V-07,-0.4145824258533399,1
TCGA-A7-A4SE-01A-11R-A266-07,-0.002717094443461453,0
TCGA-66-2783-01A-01R-1201-07,-0.27402612031326595,1
TCGA-73-4675-01A-01R-1206-07,-0.12993276850946445,1
TCGA-D5-5538-01A-01R-1653-07,-0.361110723933821,1
TCGA-YL-A8SO-01B-31R-A37L-07,-0.34089814853702244,1
TCGA-E2-A15H-01A-11R-A12D-07,-0.2095896192822704,1
TCGA-V1-A8WN-01A-11R-A37L-07,-0.5024931169241241,1
TCGA-BH-A0EB-01A-11R-A034-07,-0.2248838970433386,1
TCGA-DD-A39X-01A-11R-A213-07,-0.5012292040642339,1
TCGA-E2-A1LK-01A-21R-A14D-07,0.026580492495741966,1
TCGA-AR-A0TV-01A-21R-A084-07,-0.11811221942845282,0
TCGA-A1-A0SD-01A-11R-A115-07,-0.22809747876209002,1
TCGA-33-AASI-01A-22R-A405-07,-0.12908471109600372,1
TCGA-L5-A4OW-01A-11R-A28J-31,-0.456087672226011,1
TCGA-86-7711-01A-11R-2066-07,-0.07359476581383734,1
TCGA-34-5234-01A-01R-1635-07,0.06995018202077341,0
TCGA-63-7023-01A-11R-1949-07,-0.21138102909759424,1
TCGA-BP-5191-01A-01R-1426-07,-0.24766437389834162,1
TCGA-Q9-A6FW-01A-31R-A31P-31,-0.3843126744064406,0
TCGA-CZ-5468-01A-01R-1503-07,-0.07370025591751332,0
TCGA-78-7153-01A-11R-2039-07,-0.09183604902727088,1
TCGA-DD-A4NA-01A-11R-A266-07,0.1987824184962156,1
TCGA-43-2578-01A-01R-0851-07,-0.11533824646550457,0
TCGA-5R-AA1C-01A-11R-A41C-07,-0.47589174159080205,1
TCGA-78-7149-01A-11R-2039-07,-0.11415371588071806,1
TCGA-CW-5591-01A-01R-1541-07,-0.1519946900074031,1
TCGA-13-0906-01A-01R-1564-13,-0.3153522884816915,1
TCGA-CJ-4876-01A-01R-1305-07,-0.22141704399493264,1
TCGA-M7-A724-01A-12R-A32O-07,-0.15409703971913233,1
TCGA-62-A46Y-01A-11R-A24H-07,-0.2625808104321577,1
TCGA-C8-A26V-01A-11R-A16F-07,-0.14990222696554945,1
TCGA-OL-A5D8-01A-11R-A27Q-07,-0.13753393101937206,0
TCGA-77-8143-01A-11R-2247-07,-0.20709951754482825,1
TCGA-BH-A0DO-01B-11R-A12D-07,-0.21178003079765348,0
TCGA-CJ-5675-01A-11R-1541-07,-0.32746729907174493,0
TCGA-A2-A4S0-01A-21R-A266-07,-0.07067089627777441,1
TCGA-B9-4117-01A-02R-1351-07,-0.28669316102706816,1
TCGA-BP-4352-01A-01R-1289-07,0.18348587394787835,0
TCGA-A2-A0ST-01A-12R-A084-07,-0.04018603687551809,1
TCGA-E2-A1IH-01A-11R-A13Q-07,-0.15117118944095825,1
TCGA-37-3792-01A-01R-0980-07,-0.11677832858198493,0
TCGA-AK-3427-01A-01R-0864-07,0.2681336329648424,0
TCGA-AA-3506-01A-01R-1410-07,-0.3623602160328134,1
TCGA-CZ-5466-01A-01R-1503-07,-0.3553470185725664,1
TCGA-77-8140-01A-11R-2247-07,-0.2425414167982074,0
TCGA-21-5786-01A-01R-1635-07,-0.2387715006828008,0
TCGA-86-8075-01A-11R-2241-07,-0.21597409274497573,1
TCGA-A3-A8OX-01A-11R-A37O-07,-0.3673466861119107,1
TCGA-95-8494-01A-11R-2326-07,-0.07372830053441286,0
TCGA-IG-A7DP-01A-31R-A336-31,-0.17114707956804076,0
TCGA-AD-6964-01A-11R-1928-07,-0.22123104955596984,1
TCGA-A8-A0A6-01A-12R-A056-07,-0.2082720543271893,1
TCGA-B0-5711-01A-11R-1672-07,-0.5873598745025757,1
TCGA-BH-A1FM-01A-11R-A13Q-07,-0.09059998300584012,0
TCGA-CH-5771-01A-21R-1580-07,-0.3636784639174131,1
TCGA-69-7980-01A-11R-2187-07,-0.16048319519173576,1
TCGA-AR-A254-01A-21R-A169-07,-0.1978935495029024,1
TCGA-A6-2683-01A-01R-0821-07,-0.20488214461364346,1
TCGA-PL-A8LY-01A-11R-A41B-07,-0.035289232433448774,1
TCGA-G3-A3CH-01A-11R-A22L-07,-0.4782097494846538,1
TCGA-57-1583-01A-01R-1566-13,-0.37890635490819685,1
TCGA-A4-8310-01A-11R-2404-07,-0.5045651504612497,1
TCGA-XK-AAJP-01A-11R-A41O-07,-0.411570158913236,1
TCGA-EB-A3XE-01A-12R-A239-07,-0.8591314674916041,1
TCGA-AN-A0FZ-01A-11R-A034-07,-0.17871979128031426,1
TCGA-13-0911-01A-01R-1564-13,-0.30910407370118764,1
TCGA-51-6867-01A-11R-2045-07,-0.2769310233501665,0
TCGA-AN-A04D-01A-21R-A034-07,-0.01180556246609671,0
TCGA-DD-AADC-01A-11R-A41C-07,-0.31455929756706635,1
TCGA-73-4677-01A-01R-1206-07,-0.13231345921985022,1
TCGA-L9-A743-01A-43R-A39D-07,-0.25913217814010925,1
TCGA-E9-A6HE-01A-11R-A31O-07,-0.03594975011973164,1
TCGA-E2-A15D-01A-11R-A115-07,-0.2225009299448174,1
TCGA-73-4658-01A-01R-1755-07,-0.2024972293871494,0
TCGA-CH-5788-01A-11R-1580-07,-0.008173592028930803,1
TCGA-E2-A14Z-01A-11R-A115-07,-0.15552888105124743,1
TCGA-EB-A6QY-01A-12R-A32P-07,-0.6288974403958958,0
TCGA-CH-5753-01A-11R-1580-07,-0.16016736379576646,1
TCGA-AC-A3W5-01A-11R-A22K-07,-0.07549992878398035,1
TCGA-A6-A566-01A-11R-A28H-07,-0.1135718682067883,1
TCGA-AA-3994-01A-01R-1113-07,-0.348360556043607,1
TCGA-MS-A51U-01A-31R-A266-07,-0.14817694715502094,0
TCGA-13-1509-01A-01R-1565-13,-0.35941482850380463,1
TCGA-IG-A6QS-01A-12R-A336-31,-0.36421129782632766,0
TCGA-EW-A1PG-01A-11R-A144-07,-0.08532670273899962,0
TCGA-23-1023-01A-02R-1564-13,-0.29998254694018117,1
TCGA-XJ-A9DI-01A-11R-A37L-07,-0.2123347798601735,1
TCGA-68-A59I-01A-11R-A262-07,-0.16351602510413063,1
TCGA-13-0891-01A-01R-1564-13,-0.30692210690605587,0
TCGA-A7-A13E-01A-11R-A12P-07,-0.038220467264109714,0
TCGA-A8-A07E-01A-11R-A034-07,-0.23025830305939587,1
TCGA-EJ-7785-01A-11R-2118-07,-0.2627184937278416,1
TCGA-98-A53C-01A-11R-A262-07,0.13812039836374365,1
TCGA-IB-A7M4-01A-11R-A36G-07,-0.3128807509332854,1
TCGA-78-7146-01A-11R-2039-07,-0.06026279298619713,0
TCGA-2Z-A9J9-01A-11R-A42S-07,-0.09186422648131777,1
TCGA-FR-A726-01A-11R-A32P-07,-0.7048648850350029,1
TCGA-49-4487-01A-21R-1858-07,-0.1439694949488638,1
TCGA-C8-A278-01A-11R-A169-07,-0.1376133511286803,1
TCGA-MP-A4T9-01A-11R-A24X-07,-0.23033155969249644,1
TCGA-BH-A1FG-01A-11R-A13Q-07,-0.20565042921961427,0
TCGA-CK-6746-01A-11R-1839-07,-0.17236454352283212,0
TCGA-E9-A1N8-01A-11R-A144-07,-0.03418573642731115,1
TCGA-2Z-A9J6-01A-11R-A38C-07,-0.629554166724953,0
TCGA-A6-6137-01A-11R-1774-07,-0.3827479688188881,1
TCGA-V1-A9OA-01A-11R-A41O-07,-0.33498214639751805,0
TCGA-HV-A7OP-01A-11R-A33R-07,0.2231945039607635,1
TCGA-KK-A7B3-01A-11R-A33R-07,-0.4094038694690024,1
TCGA-UB-A7MA-01A-11R-A33R-07,-0.10862251682235809,1
TCGA-VR-AA7D-01A-11R-A406-31,-0.485642989715657,1
TCGA-D8-A1Y0-01A-11R-A14M-07,-0.22410912942019923,1
TCGA-DD-A4NF-01A-11R-A27V-07,-0.38183272743003344,0
TCGA-AR-A24Q-01A-12R-A169-07,-0.09017825821519844,1
TCGA-BP-4986-01A-01R-1334-07,-0.4522349796043775,1
TCGA-L4-A4E6-01A-11R-A24H-07,-0.14795868898634126,1
TCGA-EJ-A46F-01A-31R-A250-07,-0.17321923015062157,1
TCGA-21-1078-01A-01R-0692-07,0.15117134835427173,1
TCGA-33-4587-01A-11R-2125-07,-0.0719454415844308,1
TCGA-VN-A88Q-01A-11R-A352-07,-0.3521914103490528,0
TCGA-RC-A7S9-01A-11R-A33R-07,-0.40725585061711117,1
TCGA-98-A53J-01A-11R-A26W-07,-0.2374661388651587,1
TCGA-B0-5705-01A-11R-1541-07,-0.4746697425144091,0
TCGA-97-7546-01A-11R-2039-07,-0.14865452212225672,1
TCGA-YL-A8SQ-01B-11R-A37L-07,-0.40821166362910677,1
TCGA-AA-3712-01A-21R-1723-07,-0.42664641140524756,1
TCGA-AR-A5QM-01A-11R-A27Q-07,-0.13705960831751993,1
TCGA-HC-7077-01A-11R-1965-07,-0.4302520916102903,1
TCGA-66-2795-01A-02R-0980-07,-0.24136454998421952,1
TCGA-BP-4977-01A-01R-1334-07,-0.45586989130669364,1
TCGA-CZ-5988-01A-11R-1672-07,-0.29788301442702697,1
TCGA-LL-A5YP-01A-21R-A28M-07,0.0024866860917882754,1
TCGA-B0-4706-01A-01R-1503-07,-0.3427250428207094,1
TCGA-29-1784-01A-02R-1567-13,-0.3774273101531335,0
TCGA-55-7903-01A-11R-2170-07,-0.2056878555237179,1
TCGA-CM-6680-01A-11R-1839-07,-0.3100864739829331,1
TCGA-49-6743-01A-11R-1858-07,-0.14338460208348217,1
TCGA-B0-4815-01A-01R-1503-07,-0.21212538611395584,1
TCGA-EW-A1PE-01A-11R-A144-07,-0.20756504846029225,1
TCGA-VN-A88I-01A-11R-A352-07,-0.15796851858973027,1
TCGA-NJ-A7XG-01A-12R-A39D-07,-0.13318006299042892,0
TCGA-G7-A8LC-01A-11R-A36F-07,-0.3701340393134419,1
TCGA-G9-7525-01A-31R-2263-07,-0.3132590049230273,1
TCGA-A3-3362-01A-02R-1325-07,-0.5288948094363767,1
TCGA-AN-A0AR-01A-11R-A00Z-07,0.05481330693146546,1
TCGA-R6-A8WC-01A-11R-A37I-31,-0.3950783098458697,1
TCGA-73-A9RS-01A-11R-A41B-07,-0.011009800637186134,1
TCGA-05-4390-01A-02R-1755-07,-0.12373795448468122,1
TCGA-CM-5349-01A-21R-1723-07,-0.28741446399821224,0
TCGA-CJ-4637-01A-02R-1325-07,-0.2813837405744085,0
TCGA-CJ-4897-01A-03R-1426-07,-0.5229875549729179,1
TCGA-D8-A3Z6-01A-11R-A239-07,-0.14893882789760243,1
TCGA-68-7757-01B-11R-2296-07,-0.12857239119163452,1
TCGA-HI-7168-01A-11R-2118-07,-0.2876045399082561,1
TCGA-DV-A4VZ-01A-11R-A266-07,0.03441521626842686,1
TCGA-CC-A7IJ-01A-11R-A33R-07,0.2336153018173415,0
TCGA-3C-AALJ-01A-31R-A41B-07,-0.06323283291821968,1
TCGA-49-4505-01A-01R-1206-07,-0.20718793522263657,1
TCGA-V5-A7RE-01A-11R-A354-31,-0.3309703001237977,1
TCGA-CC-5261-01A-01R-A131-07,0.03030883248035897,1
TCGA-85-A4CN-01A-11R-A24H-07,-0.30167348255908877,1
TCGA-BH-A0HI-01A-11R-A084-07,-0.24876555455656518,1
TCGA-55-A48Z-01A-12R-A24X-07,-0.18075767216273808,1
TCGA-60-2720-01A-01R-0851-07,-0.0646664403653397,1
TCGA-A7-A5ZV-01A-11R-A28M-07,0.08060631890121636,1
TCGA-HC-7231-01A-11R-2118-07,-0.4985291814296332,1
TCGA-66-2771-01A-01R-0980-07,-0.13290074239208757,1
TCGA-EJ-A65J-01A-11R-A311-07,-0.3549155252382219,1
TCGA-G4-6322-01A-11R-1723-07,-0.32950311564635604,0
TCGA-IB-A7LX-01A-12R-A36G-07,-0.2770922381063914,1
TCGA-86-8669-01A-11R-2403-07,-0.1478234127479585,0
TCGA-B0-5697-01A-11R-1541-07,-0.29532428939654687,0
TCGA-G4-6323-01A-11R-1723-07,-0.2961012214529069,1
TCGA-L5-A4OT-01A-11R-A28J-31,-0.4237831176659146,1
TCGA-3E-AAAZ-01A-11R-A38C-07,-0.44132776334905294,1
TCGA-13-1498-01A-01R-1565-13,-0.32899348982526266,0
TCGA-WN-AB4C-01A-11R-A42S-07,-0.28289731592482814,1
TCGA-AA-A02W-01A-01R-A00A-07,-0.32715937045355103,1
TCGA-A6-5660-01A-01R-1653-07,-0.4048416342526339,1
TCGA-85-A50M-01A-21R-A262-07,-0.06455742660568894,1
TCGA-B4-5378-01A-01R-1503-07,-0.2994276732235504,0
TCGA-EW-A1PF-01A-11R-A144-07,-0.19269521179170157,1
TCGA-44-4112-01B-06R-A277-07,0.017562056864750233,1
TCGA-23-1021-01B-01R-1564-13,-0.32576793793004066,1
TCGA-CJ-4888-01A-01R-1305-07,-0.30889119992330155,0
TCGA-FB-AAQ6-01A-11R-A41B-07,-0.3873889370602411,1
TCGA-39-5021-01A-01R-1443-07,-0.29461445312909273,1
TCGA-HZ-8638-01A-11R-2404-07,-0.34442489639093826,1
TCGA-55-8085-01A-11R-2241-07,-0.1946386300998441,1
TCGA-24-2038-01A-01R-1568-13,-0.14149584347338665,1
TCGA-UZ-A9PS-01A-11R-A42S-07,-0.43206103280181746,1
TCGA-23-1022-01A-01R-1564-13,-0.3316595431235765,0
TCGA-25-1635-01A-01R-1566-13,-0.25942153872720086,0
TCGA-56-8308-01A-11R-2296-07,-0.28928945852265125,1
TCGA-A7-A13G-01A-11R-A13Q-07,-0.09510617270089018,1
TCGA-BH-A0DX-01A-11R-A115-07,-0.18099494123351592,1
TCGA-BH-A0HO-01A-11R-A034-07,-0.19113112706380683,0
TCGA-A8-A092-01A-11R-A00Z-07,-0.19077823382739298,1
TCGA-A8-A08I-01A-11R-A00Z-07,-0.1369358366415972,0
TCGA-QU-A6IO-01A-11R-A31N-07,-0.17644794798516292,1
TCGA-D8-A1XO-01A-11R-A14M-07,-0.24575007142724897,1
TCGA-HE-A5NL-01A-11R-A26U-07,-0.6027895735495608,1
TCGA-CZ-5984-01A-11R-1672-07,-0.3882809391688471,1
TCGA-EJ-A7NJ-01A-22R-A352-07,-0.4848989183645351,1
TCGA-A6-6653-01A-11R-1774-07,-0.3563340057482772,1
TCGA-BC-4073-01B-02R-A131-07,-0.016839908231397648,0
TCGA-HZ-7923-01A-12R-2156-07,-0.4550294275331568,1
TCGA-AL-7173-01A-11R-2139-07,-0.36127316469103643,1
TCGA-A2-A1FX-01A-11R-A13Q-07,-0.17881188332425368,1
TCGA-AZ-4323-01A-21R-1839-07,0.08075518716038135,1
TCGA-J4-A67R-01A-21R-A30B-07,-0.2917356502535764,1
TCGA-BF-AAP8-01A-11R-A40A-07,-0.5705826180100895,1
TCGA-IG-A97H-01A-11R-A38D-31,-0.34020718325917354,0
TCGA-DM-A28C-01A-11R-A32Y-07,-0.24577075193957992,1
TCGA-NJ-A4YQ-01A-11R-A262-07,-0.16555554207996045,1
TCGA-LN-A49K-01A-11R-A24K-31,-0.5065526689039274,1
TCGA-44-2655-01A-01R-0946-07,-0.18785005955916798,0
TCGA-B8-5164-01A-01R-1420-07,-0.3603945547385716,1
TCGA-IZ-8195-01A-31R-2404-07,-0.45488977759752297,0
TCGA-XD-AAUG-01A-61R-A41B-07,-0.4180488426488998,1
TCGA-OE-A75W-01A-12R-A32O-07,-0.26338260315835,1
TCGA-UZ-A9PU-01A-11R-A42S-07,-0.5658246551525852,1
TCGA-CM-4752-01A-01R-1410-07,-0.39016847760847934,1
TCGA-MR-A520-01A-11R-A266-07,-0.4964195581338277,0
TCGA-E9-A1R0-01A-22R-A16F-07,-0.23094480907435871,1
TCGA-43-8115-01A-11R-2247-07,-0.1995265812634293,1
TCGA-F2-A7TX-01A-33R-A38C-07,-0.29998726279067534,1
TCGA-13-1404-01A-01R-1565-13,-0.35165433529659695,0
TCGA-13-0923-01A-01R-1564-13,-0.3649379443610916,1
TCGA-LB-A7SX-01A-11R-A33R-07,-0.22862923135703345,1
TCGA-BP-5001-01A-01R-1334-07,-0.2151802503982568,1
TCGA-09-1665-01B-01R-1566-13,-0.3077624409971115,1
TCGA-GL-A9DC-01A-11R-A37K-07,-0.5350978325200056,0
TCGA-IA-A83T-01A-11R-A355-07,-0.4045851840622144,1
TCGA-86-8668-01A-11R-2403-07,-0.1658467499843195,0
TCGA-A6-5661-01A-01R-1653-07,-0.3622368497939769,1
TCGA-V5-A7RC-01B-11R-A406-31,-0.4457669946590835,1
TCGA-05-4417-01A-22R-1858-07,-0.22155140544252022,1
TCGA-29-1693-01A-01R-1567-13,-0.26776350799297916,1
TCGA-AN-A0FX-01A-11R-A034-07,-0.09142625468900939,1
TCGA-C8-A135-01A-11R-A115-07,-0.1129520927315083,1
TCGA-CM-6162-01A-11R-1653-07,-0.0651832049430584,1
TCGA-E2-A15C-01A-31R-A12D-07,-0.23573545335213597,1
TCGA-D8-A1JI-01A-11R-A13Q-07,-0.12411366053339724,1
TCGA-24-1563-01A-01R-1566-13,-0.30127532985387623,1
TCGA-BH-A42V-01A-11R-A24H-07,-0.0854937432625571,1
TCGA-A6-6780-01A-11R-1839-07,-0.349183863600357,1
TCGA-A3-3323-01A-02R-1325-07,-0.45168374570123226,1
TCGA-B0-4712-01A-01R-1503-07,-0.09059754700794602,1
TCGA-85-A4QR-01A-11R-A24Z-07,-0.20265351755552438,1
TCGA-EW-A423-01A-11R-A24H-07,-0.04645448630748689,1
TCGA-HZ-A8P0-01A-11R-A36G-07,-0.46812288868142093,1
TCGA-B1-A47M-01A-11R-A24Z-07,-0.4960297066925096,0
TCGA-91-6830-01A-11R-1949-07,-0.14370367820795435,1
TCGA-AO-A0J9-01A-11R-A034-07,-0.07075377140551997,0
TCGA-V1-A8WV-01A-11R-A37L-07,-0.05330238868791771,1
TCGA-LN-A49N-01A-11R-A24K-31,-0.4904819187337472,1
TCGA-BF-AAP6-01A-11R-A40A-07,-0.7770633497007535,1
TCGA-B6-A401-01A-11R-A239-07,-0.05025879059961203,1
TCGA-BQ-7060-01A-11R-1965-07,-0.4980990798475679,0
TCGA-EP-A2KB-01A-11R-A180-07,-0.39244959453871747,1
TCGA-A2-A0SY-01A-31R-A084-07,-0.24526482296725272,0
TCGA-CZ-4860-01A-01R-1305-07,0.10758840468515662,1
TCGA-CM-6169-01A-11R-1653-07,-0.09107964854231866,1
TCGA-85-8353-01A-21R-2296-07,-0.2750264682339613,1
TCGA-AA-3850-01A-01R-1022-07,-0.4211606044821038,1
TCGA-2Z-A9JJ-01A-11R-A42S-07,-0.12035342332397107,1
TCGA-C8-A1HE-01A-11R-A13Q-07,-0.2821282919778703,1
TCGA-97-7552-01A-11R-2039-07,-0.1353857390687372,1
TCGA-YL-A8SC-01A-11R-A37L-07,-0.3716334090427809,0
TCGA-BQ-5877-01A-11R-1592-07,-0.1470921774372911,0
TCGA-AA-3986-01A-02R-1022-07,-0.407939587231821,1
TCGA-A6-6140-01A-11R-1774-07,-0.4831501032525498,1
TCGA-MP-A5C7-01A-11R-A262-07,-0.09583652197123532,1
TCGA-86-7955-01A-11R-2187-07,0.02378777457302091,1
TCGA-A3-3311-01A-02R-1325-07,-0.4708935502206377,1
TCGA-MP-A4T8-01A-11R-A24X-07,-0.16012712529673448,0
TCGA-49-4488-01A-01R-1755-07,-0.12021691614849467,0
TCGA-A8-A07O-01A-11R-A00Z-07,-0.0023863502213891065,0
TCGA-EJ-7312-01B-21R-A32O-07,-0.3834147738747082,1
TCGA-CK-5912-01A-11R-1653-07,-0.2264848409759414,1
TCGA-56-6546-01A-11R-1820-07,-0.16055193462022815,1
TCGA-B6-A1KC-01B-11R-A157-07,-0.15330531921003715,1
TCGA-5P-A9JU-01A-11R-A42S-07,-0.3792184997726281,0
TCGA-B9-4114-01A-01R-1193-07,-0.42881317614736664,1
TCGA-EB-A551-01A-21R-A27Q-07,-0.557005032957569,1
TCGA-A7-A0DB-01A-11R-A277-07,-0.17059008173518797,1
TCGA-G4-6628-01A-11R-1839-07,-0.21494552594012664,1
TCGA-LD-A66U-01A-11R-A31O-07,-0.030951496491417475,1
TCGA-91-6840-01A-11R-1949-07,-0.08212356280199785,0
TCGA-EJ-5527-01A-01R-1580-07,-0.2272375397308538,1
TCGA-29-2428-01A-01R-1569-13,-0.3926809541698937,0
TCGA-22-4601-01A-01R-1443-07,-0.2554273997891529,0
TCGA-22-0940-01A-01R-0692-07,-0.21939547238462978,1
TCGA-24-1555-01A-01R-1566-13,-0.3862535822936183,1
TCGA-F4-6856-01A-11R-1928-07,-0.3885302280985731,1
TCGA-LG-A9QD-01A-11R-A38B-07,-0.564676262233651,1
TCGA-B0-4814-01A-01R-1277-07,-0.46426473543998287,1
TCGA-DD-A3A7-01A-11R-A22L-07,-0.44702351273929136,1
TCGA-BQ-7050-01A-11R-1965-07,-0.4450816388864651,1
TCGA-EJ-5524-01A-01R-1580-07,-0.2236317241352,1
TCGA-E9-A22A-01A-11R-A157-07,-0.15533018089909612,1
TCGA-BH-A1FJ-01A-11R-A13Q-07,-0.20083625158440208,1
TCGA-EJ-5517-01A-01R-1580-07,-0.33916581826546466,1
TCGA-FB-AAPP-01A-12R-A41B-07,0.009308838885513765,1
TCGA-EJ-8472-01A-11R-2403-07,-0.24348299385309902,1
TCGA-BP-4770-01A-01R-1503-07,0.20684114357692726,1
TCGA-CJ-5681-01A-11R-1541-07,0.0897883092605989,0
TCGA-EJ-5542-01A-01R-1580-07,-0.2323404257294082,0
TCGA-13-1407-01A-01R-1565-13,-0.41916920261214735,1
TCGA-J7-A8I2-01A-12R-A36F-07,0.15247393850569962,1
TCGA-ED-A627-01A-12R-A311-07,-0.17964718925540282,0
TCGA-2J-AABU-01A-11R-A41B-07,-0.4709411592791606,1
TCGA-E9-A1QZ-01A-21R-A169-07,-0.19562706991284287,1
TCGA-66-2744-01A-01R-0980-07,-0.1940007293019345,1
TCGA-29-1781-01A-01R-1567-13,-0.33790589958008604,1
TCGA-LN-A49L-01A-11R-A24K-31,-0.24344577139148452,0
TCGA-18-4721-01A-01R-1443-07,-0.25795115875790986,1
TCGA-A7-A5ZW-01A-12R-A29R-07,-0.1889491132200225,1
TCGA-B6-A409-01A-11R-A24H-07,0.060263718430107034,1
TCGA-FC-A4JI-01A-11R-A250-07,0.2275401035017479,1
TCGA-13-1405-01A-01R-1565-13,-0.26554576222786,1
TCGA-DD-AADO-01A-11R-A41C-07,-0.48284555878254154,1
TCGA-WX-AA46-01A-11R-A39D-07,-0.47800237653547145,1
TCGA-4N-A93T-01A-11R-A37K-07,-0.2262940853980449,1
TCGA-V1-A9OF-01A-11R-A41O-07,-0.5410549798697575,0
TCGA-Y8-A897-01A-11R-A36F-07,-0.5332178595421302,1
TCGA-A6-3807-01A-01R-1022-07,-0.37072062005625694,1
TCGA-DD-A1ED-01A-11R-A155-07,-0.3710875570378244,1
TCGA-AO-A0J8-01A-21R-A034-07,-0.24313492787144067,1
TCGA-BH-A42T-01A-11R-A24H-07,-0.05210420549286832,0
TCGA-25-1329-01A-01R-1565-13,-0.2968327915093413,0
TCGA-AO-A12H-01A-11R-A115-07,-0.12742501984800383,1
TCGA-G3-A25T-01A-11R-A16W-07,-0.14069567343956504,1
TCGA-G9-7509-01A-11R-A41O-07,-0.6029298126974769,1
TCGA-BC-A8YO-01A-11R-A37K-07,-0.18025598283743885,1
TCGA-50-5942-01A-21R-1755-07,-0.11623138564397022,1
TCGA-GM-A2DB-01A-31R-A18M-07,0.07004145429782112,1
TCGA-C8-A133-01A-32R-A12D-07,0.005371913307978524,1
TCGA-NC-A5HD-01A-11R-A26W-07,-0.24112064038571274,1
TCGA-AR-A0U0-01A-11R-A109-07,0.012087241216003845,1
TCGA-23-1029-01B-01R-1567-13,-0.3487323752690538,0
TCGA-HZ-8637-01A-11R-2404-07,-0.24663024614765353,1
TCGA-D8-A1JM-01A-11R-A13Q-07,0.023266583638593904,1
TCGA-91-8499-01A-11R-2403-07,0.0945790918941171,1
TCGA-ZP-A9D2-01A-11R-A38B-07,-0.014228836734107823,1
TCGA-2Y-A9GV-01A-11R-A38B-07,-0.41788111653542664,1
TCGA-B8-A54D-01A-21R-A266-07,-0.30187931566212867,1
TCGA-A4-8630-01A-11R-2404-07,-0.5634223701160513,1
TCGA-F4-6855-01A-11R-1928-07,-0.25015294912727964,1
TCGA-EB-A3HV-01A-11R-A21D-07,-0.8886619261628569,1
TCGA-XJ-A83G-01A-11R-A352-07,-0.4545443397231061,0
TCGA-AA-3560-01A-01R-0821-07,-0.23975868562936914,1
TCGA-D8-A1XA-01A-11R-A14D-07,-0.13080945233790042,1
TCGA-BP-4963-01A-01R-1334-07,-0.4788638560750587,1
TCGA-04-1338-01A-01R-1564-13,-0.2638886733636547,1
TCGA-09-1662-01A-01R-1566-13,-0.33067111868808763,1
TCGA-24-1417-01A-01R-1565-13,-0.29164760036265924,1
TCGA-ZG-A9LN-01A-11R-A41O-07,-0.18181647912811472,1
TCGA-EJ-8474-01A-11R-2403-07,-0.49026438981872084,1
TCGA-13-0727-01A-01R-1564-13,-0.4194896975305179,1
TCGA-37-5819-01A-01R-1635-07,0.022888277457879965,1
TCGA-E2-A1LI-01A-12R-A157-07,-0.07432191663636908,0
TCGA-77-7138-01A-41R-2045-07,-0.18875949813050957,1
TCGA-A2-A3XU-01A-12R-A22U-07,0.14157462017162117,1
TCGA-QG-A5YW-01A-11R-A28H-07,-0.31754358857131365,1
TCGA-49-AAR0-01A-21R-A39D-07,-0.1546383916808811,1
TCGA-50-6590-01A-12R-1858-07,-0.057242407000064666,1
TCGA-55-8510-01A-11R-2403-07,-0.25127337387292364,1
TCGA-AL-3466-01A-02R-1351-07,0.08722557083047389,0
TCGA-IB-AAUU-01A-11R-A37L-07,-0.5113883727343154,0
TCGA-AA-3815-01A-01R-1022-07,-0.4021770748702029,1
TCGA-AR-A0TZ-01A-12R-A084-07,-0.17965272113793973,1
TCGA-M7-A71Z-01A-12R-A32O-07,-0.1879866793293136,1
TCGA-A8-A09C-01A-11R-A00Z-07,-0.20702074450303887,1
TCGA-DD-AAE1-01A-11R-A41C-07,-0.524176372186682,0
TCGA-BH-A1EX-01A-11R-A13Q-07,-0.21095614888135691,1
TCGA-DM-A288-01A-11R-A16W-07,-0.33113526263602755,0
TCGA-CC-A5UE-01A-11R-A28V-07,-0.43589703342927877,1
TCGA-S8-A6BV-01A-21R-A31P-31,-0.3005547099550355,1
TCGA-AO-A03O-01A-11R-A00Z-07,-0.19010259905335994,0
TCGA-IA-A83W-01A-11R-A355-07,-0.35963602713892306,1
TCGA-86-A4P8-01A-11R-A24X-07,-0.0770611398573805,0
TCGA-A4-7288-01A-11R-A32Z-07,-0.43723773261323007,0
TCGA-33-4532-01A-01R-1201-07,-0.25736041203494975,1
TCGA-OY-A56P-01A-12R-A406-31,-0.18998159177779722,1
TCGA-GK-A6C7-01A-11R-A33J-07,-0.4188981751278736,1
TCGA-E2-A15E-01A-11R-A12D-07,-0.21278931054115435,1
TCGA-DD-A39W-01A-11R-A213-07,-0.361865703587437,1
TCGA-AR-A0U3-01A-11R-A109-07,-0.2035680594222776,1
TCGA-CJ-4900-01A-01R-1334-07,-0.2726585510713211,0
TCGA-E2-A15G-01A-11R-A12D-07,-0.26022179227113995,1
TCGA-CH-5769-01A-11R-1580-07,-0.3063268284466797,1
TCGA-60-2707-01A-01R-0851-07,-0.24031494457156197,1
TCGA-CW-5589-01A-01R-1541-07,-0.5597371762326653,0
TCGA-DD-AAEB-01A-11R-A41C-07,-0.5540035003909102,1
TCGA-61-2098-01A-01R-1568-13,-0.2572658695279305,1
TCGA-05-4249-01A-01R-1107-07,-0.20081780877940725,1
TCGA-33-4589-01A-01R-1443-07,-0.0441216816267201,1
TCGA-E2-A15K-01A-11R-A12P-07,-0.21899066124805647,1
TCGA-DD-A4NL-01A-11R-A28V-07,-0.4691736126885673,1
TCGA-BF-AAP2-01A-11R-A40A-07,-0.8895587363997591,1
TCGA-44-6779-01A-11R-1858-07,-0.09463309988148298,1
TCGA-85-7844-01A-11R-2125-07,-0.27767022299021776,1
TCGA-AK-3460-01A-02R-1277-07,-0.5383289151038342,1
TCGA-B2-4101-01A-02R-1277-07,-0.5247274810123727,1
TCGA-51-4080-01A-01R-1100-07,-0.23472679125985255,1
TCGA-3C-AALI-01A-11R-A41B-07,-0.03571040851494222,1
TCGA-IB-A5SP-01A-11R-A32O-07,-0.34737121444200947,1
TCGA-L5-A88Z-01A-11R-A36D-31,-0.3828416464427135,0
TCGA-D9-A4Z5-01A-11R-A266-07,-0.695981226343816,1
TCGA-BH-A0DG-01A-21R-A12P-07,-0.21333878341911458,0
TCGA-L5-A8NF-01A-11R-A37I-31,-0.38133799775711547,1
TCGA-EJ-7325-01B-11R-A32O-07,-0.2506105541211685,0
TCGA-13-1497-01A-01R-1565-13,-0.346446460095837,1
TCGA-HC-7736-01A-11R-2118-07,-0.33888116105422883,1
TCGA-AR-A1AH-01A-11R-A12D-07,-0.03947526876763826,1
TCGA-A7-A26F-01B-04R-A22O-07,0.020686616271957645,1
TCGA-04-1337-01A-01R-1564-13,-0.22774819414432887,1
TCGA-EB-A6QZ-01A-12R-A32P-07,-0.8598912550764014,1
TCGA-AK-3444-01A-02R-1325-07,-0.45799233028321124,0
TCGA-B0-5092-01A-01R-1420-07,-0.26932372654830145,1
TCGA-A8-A09A-01A-11R-A00Z-07,-0.21345645172187258,1
TCGA-LN-A49O-01A-11R-A24K-31,-0.46440613340880926,1
TCGA-61-1737-01A-01R-1567-13,-0.2869796456624371,1
TCGA-EJ-A46H-01A-31R-A26U-07,-0.0861539760309693,0
TCGA-B6-A0X5-01A-21R-A109-07,-0.08383539095482485,1
TCGA-C8-A26X-01A-31R-A16F-07,-0.04135206865031874,0
TCGA-21-1077-01A-01R-0692-07,-0.3273745776632131,1
TCGA-GM-A2DD-01A-11R-A180-07,0.008078424934559713,1
TCGA-BP-4326-01A-01R-1289-07,-0.2776748612366753,0
TCGA-DA-A960-01A-11R-A37K-07,-1.0046651932197463,1
TCGA-94-A5I4-01A-11R-A26W-07,-0.2884741148609763,1
TCGA-AA-3520-01A-01R-0821-07,-0.45820245440209684,1
TCGA-2Y-A9H1-01A-11R-A38B-07,-0.625047318278627,1
TCGA-63-A5ML-01A-31R-A27Q-07,-0.25879646569733966,1
TCGA-KK-A8IB-01A-11R-A36G-07,-0.3040453684761194,0
TCGA-AA-3947-01A-01R-1022-07,0.15259916693139525,1
TCGA-B8-4621-01A-01R-1503-07,-0.12479984407992309,1
TCGA-S3-AA11-01A-31R-A41B-07,-0.16555993358144286,1
TCGA-BH-A0BM-01A-11R-A056-07,-0.09380146710725777,1
TCGA-AK-3447-01A-01R-1766-07,0.42849825335637504,1
TCGA-E2-A1IO-01A-11R-A144-07,-0.16947249981485218,1
TCGA-BP-5185-01A-01R-1426-07,-0.1178453414650243,1
TCGA-LL-A5YO-01A-21R-A28M-07,0.00557106435987013,0
TCGA-A3-3347-01A-02R-1325-07,-0.3154419904554091,1
TCGA-60-2709-01A-21R-1820-07,-0.22123913224502853,0
TCGA-DD-A1EK-01A-11R-A213-07,-0.4804755218261025,1
TCGA-BH-A0HU-01A-11R-A034-07,-0.10316610091291124,0
TCGA-HZ-7289-01A-11R-2156-07,0.07419432772001072,1
TCGA-33-4566-01A-01R-1443-07,-0.08718660008211172,1
TCGA-EJ-5504-01A-01R-1580-07,-0.4463349620422771,1
TCGA-IB-7654-01A-11R-2156-07,-0.3417973772017757,1
TCGA-2Z-A9JD-01A-11R-A42S-07,-0.44770262472620004,1
TCGA-BH-A18L-01A-32R-A12D-07,-0.16846032029525093,1
TCGA-38-A44F-01A-11R-A24H-07,-0.17991415060562924,0
TCGA-YL-A8SB-01A-31R-A37L-07,-0.46541997518896794,1
TCGA-46-3768-01A-01R-0980-07,-0.2702927653272039,1
TCGA-AR-A24U-01A-11R-A169-07,-0.1301910175993346,1
TCGA-AO-A0JD-01A-11R-A056-07,-0.11787162032628258,1
TCGA-A2-A0T1-01A-21R-A084-07,-0.07725185683461984,1
TCGA-D8-A1JH-01A-11R-A13Q-07,-0.23183188505250812,1
TCGA-BP-5194-01A-02R-1426-07,-0.5617106868938953,1
TCGA-RB-AA9M-01A-11R-A39D-07,-0.5742041072138028,1
TCGA-A4-7915-01A-11R-2204-07,0.08368407339686544,1
TCGA-AA-3867-01A-01R-1022-07,-0.3888053369691488,1
TCGA-3A-A9IH-01A-12R-A39D-07,-0.47666616521157,1
TCGA-E2-A570-01A-11R-A29R-07,-0.15272438402360586,1
TCGA-D5-5540-01A-01R-1653-07,-0.17828263096803507,0
TCGA-B0-4839-01A-01R-1305-07,-0.3005729091881883,1
TCGA-FS-A1ZN-01A-11R-A18T-07,-0.6639313350707519,1
TCGA-D8-A1Y1-01A-21R-A14M-07,-0.21370289360173816,1
TCGA-57-1993-01A-01R-1568-13,-0.29427816019948405,1
TCGA-E9-A3X8-01A-31R-A22U-07,0.08985212697627713,1
TCGA-86-8073-01A-11R-2241-07,-0.16007649066134663,1
TCGA-ZG-A8QW-01A-11R-A37L-07,-0.3582112826365663,1
TCGA-AK-3458-01A-01R-1503-07,-0.13786755152225402,1
TCGA-L5-A88S-01A-11R-A36D-31,-0.3066159544157408,1
TCGA-DD-A4NJ-01A-11R-A27V-07,-0.33651354956873664,0
TCGA-55-6985-01A-11R-1949-07,-0.24626621623449682,1
TCGA-78-7147-01A-11R-2039-07,-0.13867742976560676,0
TCGA-AK-3429-01A-02R-1325-07,-0.3319574599927059,0
TCGA-AR-A2LH-01A-31R-A18M-07,-0.07307238570626827,0
TCGA-WX-AA47-01A-11R-A39D-07,-0.4152307889340718,0
TCGA-04-1536-01A-01R-1566-13,-0.2586757252693005,1
TCGA-L3-A524-01A-11R-A262-07,-0.25333841863002937,1
TCGA-91-6848-01A-11R-1949-07,-0.006686531372692429,1
TCGA-24-2027-01A-01R-1567-13,-0.30897431123179137,1
TCGA-H9-A6BX-01A-31R-A311-07,-0.2024217244486645,1
TCGA-G9-6354-01A-11R-A311-07,-0.4648760728281597,1
TCGA-10-0937-01A-02R-1564-13,-0.3717349932446834,1
TCGA-B6-A0RN-01A-12R-A084-07,-0.22599196046983147,1
TCGA-86-8056-01A-11R-2241-07,-0.18230052770737995,0
TCGA-95-8039-01A-11R-2241-07,-0.25111084709461884,0
TCGA-E9-A1R5-01A-11R-A14M-07,-0.21363242707997748,0
TCGA-A3-3331-01A-02R-1325-07,-0.5473685615366716,1
TCGA-18-3410-01A-01R-0980-07,-0.18185282962563087,1
TCGA-22-5491-01A-01R-1635-07,-0.2998119652783479,1
TCGA-A4-A7UZ-01A-12R-A355-07,-0.3287298680096729,0
TCGA-L5-A4OS-01A-11R-A28J-31,-0.29407859463990343,0
TCGA-AZ-6607-01A-11R-1839-07,0.225459719091602,1
TCGA-B0-5077-01A-01R-1334-07,-0.4890389092804345,0
TCGA-63-A5MW-01A-11R-A26W-07,-0.13842440061408787,0
TCGA-CK-6747-01A-11R-1839-07,-0.43079776192047575,1
TCGA-A8-A06U-01A-11R-A00Z-07,-0.16530247791075672,1
TCGA-CC-A5UD-01A-11R-A28V-07,-0.18826206340394372,1
TCGA-44-A47A-01A-21R-A24H-07,-0.19631534904412332,0
TCGA-EW-A1IZ-01A-11R-A13Q-07,-0.08299560720600004,1
TCGA-24-2019-01A-02R-1568-13,-0.34920758488833914,1
TCGA-EW-A1IX-01A-12R-A144-07,-0.186592591908342,1
TCGA-13-0897-01A-01R-1564-13,-0.28542059911782364,1
TCGA-A8-A06Q-01A-11R-A034-07,-0.13811106847071714,1
TCGA-A2-A4RX-01A-11R-A266-07,-0.0006030400229216871,1
TCGA-E9-A1RC-01A-11R-A157-07,-0.20438370048597346,1
TCGA-AA-3814-01A-01R-0905-07,-0.4257437087207128,1
TCGA-DD-AACH-01A-11R-A41C-07,-0.18845582339595768,1
TCGA-AA-3496-01A-21R-1839-07,-0.2772860868635497,1
TCGA-69-7974-01A-11R-2187-07,-0.23920761479497554,0
TCGA-24-1431-01A-01R-1566-13,-0.3056106014028518,1
TCGA-B6-A1KI-01A-11R-A14M-07,-0.1849656858648962,0
TCGA-AK-3461-01A-02R-1277-07,-0.48667726238409936,1
TCGA-DD-A11D-01A-11R-A131-07,-0.5313077546307732,1
TCGA-22-4594-01A-01R-1201-07,0.00042097382342046256,1
TCGA-GN-A8LN-01A-11R-A37K-07,-0.718439013361685,1
TCGA-A4-7286-01A-11R-A32Z-07,-0.4809417279373818,0
TCGA-G9-6362-01A-11R-1789-07,-0.1907605354135928,1
TCGA-ED-A7PZ-01A-11R-A33R-07,-0.4431212388586705,1
TCGA-77-7139-01A-11R-2045-07,-0.2507111078043094,1
TCGA-AT-A5NU-01A-11R-A28H-07,-0.56174418130804,1
TCGA-G9-6348-01A-11R-1789-07,-0.3941976019926878,1
TCGA-CM-5868-01A-01R-1653-07,-0.44999449296226424,0
TCGA-80-5607-01A-31R-1949-07,-0.19368128912551616,1
TCGA-DD-A4ND-01A-11R-A266-07,-0.13810900076959498,1
TCGA-AK-3443-01A-02R-1325-07,0.16588878645588886,1
TCGA-BH-A28Q-01A-11R-A16F-07,-0.25408619418887113,1
TCGA-62-A470-01A-11R-A24H-07,-0.16287032339768817,1
TCGA-85-A5B5-01A-21R-A26W-07,-0.2015650524931715,1
TCGA-GN-A4U5-01A-11R-A32P-07,-0.7072427407308316,1
TCGA-A7-A2KD-01A-31R-A21T-07,-0.19005260969786278,0
TCGA-5R-AAAM-01A-12R-A41C-07,-0.45438576209504433,1
TCGA-AA-3952-01A-01R-1022-07,-0.24561659066055733,1
TCGA-E9-A1NC-01A-21R-A26B-07,0.05363500531240201,1
TCGA-E9-A229-01A-31R-A157-07,-0.2502636245651636,0
TCGA-55-A494-01A-11R-A24X-07,-0.1141619434851917,1
TCGA-D8-A1XL-01A-11R-A14M-07,-0.09475904665351845,1
TCGA-YL-A8SI-01A-11R-A41O-07,-0.5482363188390543,1
TCGA-61-1911-01A-01R-1567-13,-0.21841535654641014,1
TCGA-56-1622-01A-01R-0692-07,-0.1926101753748306,0
TCGA-C8-A26Z-01A-11R-A16F-07,-0.21217203069038762,1
TCGA-V5-A7RB-01A-11R-A354-31,-0.31813672265670984,1
TCGA-OL-A66H-01A-11R-A29R-07,-0.08670897133367565,1
TCGA-AC-A3OD-01A-11R-A21T-07,-0.09488209217359006,0
TCGA-A4-8516-01A-11R-2404-07,-0.5877372401695502,0
TCGA-EJ-A7NN-01A-11R-A33R-07,-0.3778466404968082,1
TCGA-A8-A06Y-01A-21R-A00Z-07,-0.14155824859501367,1
TCGA-EB-A5VU-01A-21R-A32P-07,-0.6530135217023514,1
TCGA-HC-7232-01A-11R-2118-07,-0.37544953858609253,1
TCGA-2L-AAQL-01A-11R-A38C-07,-0.36723715204992957,1
TCGA-BF-A3DM-01A-11R-A20F-07,-0.7505885602118945,0
TCGA-GM-A2DI-01A-31R-A18M-07,-0.15326457314029926,1
TCGA-CJ-4635-01A-02R-1305-07,-0.41373092185265725,0
TCGA-FV-A4ZP-01A-12R-A266-07,-0.274266550113208,1
TCGA-IH-A3EA-01A-11R-A20F-07,-1.071839753763561,1
TCGA-HC-7075-01A-11R-1965-07,-0.4691916758751092,1
TCGA-5P-A9K6-01A-11R-A42S-07,-0.6264778259289036,1
TCGA-DM-A28K-01A-21R-A32Y-07,-0.317047972443095,0
TCGA-BP-4962-01A-01R-1334-07,-0.29261891474531493,1
TCGA-53-7624-01A-11R-2066-07,0.015515629941180073,1
TCGA-AA-3854-01A-01R-0905-07,-0.3552789188324271,1
TCGA-OL-A5RW-01A-11R-A28M-07,0.12291112503934667,0
TCGA-E9-A1RI-01A-11R-A169-07,-0.237795686519382,1
TCGA-A7-A4SB-01A-21R-A266-07,-0.11188930351762065,1
TCGA-A3-3306-01A-01R-0864-07,-0.27374017205113116,1
TCGA-G9-6371-01A-11R-1789-07,-0.4900828172788876,1
TCGA-E9-A243-01A-21R-A169-07,-0.07073781557939769,1
TCGA-A7-A0CG-01A-12R-A056-07,-0.23068023360503634,0
TCGA-E9-A3HO-01A-11R-A213-07,-0.06015105756246533,1
TCGA-B6-A408-01A-12R-A24H-07,-0.10111600991015623,0
TCGA-24-1426-01A-01R-1565-13,-0.39654508013962597,0
TCGA-AC-A6IV-01A-12R-A33J-07,-0.10060046721903042,0
TCGA-AS-3778-01A-01R-A32Z-07,-0.49878743377101104,1
TCGA-C8-A1HG-01A-11R-A137-07,-0.09772847223928623,1
TCGA-BQ-7059-01A-11R-1965-07,-0.3744361748182699,1
TCGA-SX-A7SL-01A-11R-A355-07,-0.4810410403176996,1
TCGA-13-1492-01A-01R-1565-13,-0.24569814609757418,1
TCGA-BP-4970-01A-01R-1334-07,-0.4733817443799274,1
TCGA-HE-7128-01A-11R-1965-07,-0.3590087629710391,1
TCGA-61-1733-01A-01R-1567-13,-0.34449651325084524,0
TCGA-LL-A5YL-01A-12R-A29R-07,-0.02273002988450626,1
TCGA-DD-A3A8-01A-11R-A22L-07,-0.6335987557251805,1
TCGA-AK-3450-01A-02R-1277-07,-0.3265347276152469,1
TCGA-EW-A2FS-01A-11R-A17B-07,-0.08351209255561175,1
TCGA-A2-A0T6-01A-11R-A084-07,-0.1780363100233747,1
TCGA-FV-A496-01A-11R-A266-07,-0.4473682342518811,1
TCGA-75-7027-01A-11R-1949-07,-0.09890701437834937,1
TCGA-43-3394-01A-01R-0980-07,-0.29708706421173753,1
TCGA-CZ-5455-01A-01R-1503-07,-0.4532034401939945,1
TCGA-AA-3831-01A-01R-0905-07,-0.4926356528995605,1
TCGA-NH-A8F7-01A-11R-A41B-07,-0.3502038128503093,1
TCGA-FB-A4P6-01A-12R-A26U-07,-0.45002513000393884,1
TCGA-VP-A87E-01A-31R-A352-07,-0.36389454547967204,1
TCGA-BH-A0DD-01A-31R-A12P-07,-0.22545331142469366,1
TCGA-CM-4744-01A-01R-A32Z-07,-0.4264152412167326,1
TCGA-IG-A8O2-01A-11R-A36D-31,-0.20738802213586946,1
TCGA-A8-A07P-01A-11R-A00Z-07,-0.19206023564242417,1
TCGA-J4-A67Q-01A-21R-A30B-07,-0.18405427654533502,1
TCGA-A3-3387-01A-01R-1541-07,-0.469662293739954,1
TCGA-IB-7647-01A-11R-2156-07,-0.3198387959592001,1
TCGA-98-8022-01A-11R-2247-07,-0.09682150554343975,1
TCGA-J2-8194-01A-11R-2241-07,-0.2075229022160489,1
TCGA-BP-5189-01A-02R-1426-07,-0.4937636192905759,0
TCGA-24-2293-01A-01R-1568-13,-0.2031126466215571,1
TCGA-DD-A1EA-01A-11R-A131-07,-0.3678684370607132,1
TCGA-JY-A6FB-01A-11R-A336-31,-0.36098783179268934,1
TCGA-60-2716-01A-01R-0851-07,-0.028844972382278164,1
TCGA-A1-A0SF-01A-11R-A144-07,-0.1841520299843563,1
TCGA-78-7148-01A-11R-2039-07,-0.20820466547132543,1
TCGA-85-7696-01A-11R-2125-07,-0.2386071101531498,1
TCGA-25-1319-01A-01R-1565-13,-0.27570984708556595,1
TCGA-44-A47B-01A-11R-A24H-07,-0.16358581329518862,1
TCGA-L5-A88W-01A-11R-A354-31,-0.35992591409299474,1
TCGA-85-A4CL-01A-41R-A26W-07,-0.14859823007971812,1
TCGA-44-A4SU-01A-11R-A24X-07,-0.20164820091314956,1
TCGA-2Y-A9GX-01A-11R-A38B-07,-0.21078585667853172,1
TCGA-G4-6586-01A-11R-1774-07,-0.36917810523362665,1
TCGA-68-A59J-01A-21R-A26W-07,-0.24585759462972412,0
TCGA-G6-A5PC-01A-11R-A33J-07,0.04822988475805404,1
TCGA-IG-A50L-01A-11R-A260-31,-0.4779353240055121,0
TCGA-43-6770-01A-11R-1820-07,-0.33779917353336286,0
TCGA-57-1584-01A-01R-1566-13,-0.25798881768096293,1
TCGA-AC-A2B8-01A-11R-A17B-07,-0.2448144243376375,1
TCGA-A4-A57E-01A-11R-A26U-07,-0.21623824339717393,1
TCGA-24-1471-01A-01R-1566-13,-0.2031019627577552,1
TCGA-56-7579-01A-11R-2045-07,-0.2485069874174215,1
TCGA-KK-A59Y-01A-11R-A26U-07,-0.41948692069804205,1
TCGA-A7-A26H-01A-11R-A169-07,-0.2631955816195005,0
TCGA-DV-5573-01A-01R-1541-07,-0.39772561291057285,1
TCGA-AC-A3TM-01A-11R-A22K-07,0.024334808108485876,1
TCGA-KK-A6E3-01A-21R-A30B-07,-0.2576471385976084,1
TCGA-25-2398-01A-01R-1569-13,-0.32813469742875856,1
TCGA-25-1631-01A-01R-1569-13,-0.3052478725670737,1
TCGA-B0-4710-01A-01R-1503-07,-0.36414691382682124,0
TCGA-BD-A2L6-01A-11R-A213-07,-0.5031102222613134,0
TCGA-85-8664-01A-11R-2403-07,-0.21562373854640912,1
TCGA-59-2352-01A-01R-1569-13,-0.31247454697398763,1
TCGA-97-8179-01A-11R-2287-07,-0.19665040283057003,0
TCGA-CW-5590-01A-01R-1541-07,-0.5201199586214702,0
TCGA-24-1424-01A-01R-1565-13,-0.3499124682488792,0
TCGA-GM-A3XL-01A-11R-A22U-07,0.07823339360606582,1
TCGA-D8-A1JA-01A-11R-A13Q-07,-0.09993486462201379,1
TCGA-EB-A85J-01A-12R-A352-07,-0.7895676102255735,1
TCGA-HV-A7OL-01A-11R-A33R-07,-0.2204281274179484,0
TCGA-55-8087-01A-11R-2241-07,-0.10307639965271231,1
TCGA-55-6978-01A-11R-1949-07,-0.16598705857202192,0
TCGA-BP-4332-01A-01R-1289-07,-0.48292275801037526,1
TCGA-57-1586-01A-02R-1567-13,-0.37127221201135374,0
TCGA-5P-A9JV-01A-12R-A42S-07,-0.2515569438485568,0
TCGA-A2-A1G0-01A-11R-A13Q-07,-0.199806612948814,0
TCGA-BP-4985-01A-01R-1334-07,-0.191374073648063,1
TCGA-US-A774-01A-21R-A32O-07,-0.6120683556593446,0
TCGA-V7-A7HQ-01A-11R-A33J-07,0.08443703116687845,1
TCGA-B0-4817-01A-01R-1277-07,-0.17458247454293097,1
TCGA-61-1738-01A-01R-1567-13,-0.18783194066524367,1
TCGA-A6-2681-01A-01R-1410-07,-0.338456168865833,1
TCGA-22-4609-01A-21R-2125-07,-0.2557041200064411,0
TCGA-HC-A6AN-01A-11R-A30B-07,-0.25245162436025215,1
TCGA-AN-A0AM-01A-11R-A034-07,-0.09212454622217334,1
TCGA-B2-5636-01A-02R-1541-07,-0.26864602662505305,0
TCGA-59-2348-01A-01R-1569-13,-0.22794271334972585,0
TCGA-EJ-5531-01A-01R-1580-07,-0.4054715574710264,0
TCGA-D8-A4Z1-01A-21R-A266-07,-0.10642736332335408,0
TCGA-BH-A0BV-01A-11R-A00Z-07,-0.23338949648981827,1
TCGA-DD-AAEA-01A-11R-A41C-07,-0.4986500790445092,1
TCGA-49-6761-01A-31R-1949-07,-0.15597728389439913,1
TCGA-95-7043-01A-11R-1949-07,0.0010754204138603725,1
TCGA-AD-6890-01A-11R-1928-07,-0.4425988455602247,1
TCGA-97-8547-01A-11R-2403-07,-0.19107673566936526,1
TCGA-XP-A8T6-01A-11R-A36D-31,-0.43386635481644137,1
TCGA-70-6722-01A-11R-1820-07,-0.17559749572599162,1
TCGA-DD-AAVY-01A-11R-A41C-07,-0.5657465380248766,0
TCGA-A2-A3XS-01A-11R-A22U-07,-0.024663710252159313,1
TCGA-A2-A0YL-01A-21R-A109-07,-0.23551650380911845,1
TCGA-3A-A9IS-01A-21R-A39D-07,0.18083741566243156,1
TCGA-73-4666-01A-01R-1206-07,-0.10364816785211292,1
TCGA-24-1467-01A-01R-1566-13,-0.2948002815339795,0
TCGA-85-7699-01A-11R-2125-07,-0.24691105823546425,1
TCGA-A8-A07B-01A-11R-A00Z-07,-0.1718586218036403,0
TCGA-AA-A01P-01A-21R-A083-07,-0.25292469054920913,1
TCGA-AC-A62X-01A-11R-A29R-07,0.008806372295766396,1
TCGA-A2-A0YH-01A-11R-A109-07,-0.2100362197117954,1
TCGA-D8-A1XS-01A-11R-A14M-07,-0.27310481973956013,1
TCGA-BH-A0E2-01A-11R-A056-07,-0.18608040680457405,1
TCGA-13-0888-01A-01R-1564-13,-0.3993234300419419,1
TCGA-IG-A4QS-01A-11R-A260-31,-0.2860253247098311,1
TCGA-A6-2680-01A-01R-1410-07,-0.4625597832746016,0
TCGA-A4-7997-01A-11R-2204-07,-0.2601375053287263,1
TCGA-93-A4JO-01A-21R-A24X-07,-0.1931748553963259,1
TCGA-KV-A74V-01A-11R-A33Z-07,-0.4758567808839534,1
TCGA-G4-6588-01A-11R-1774-07,-0.3939749827739561,1
TCGA-J4-A83L-01A-11R-A352-07,-0.5388271120614397,1
TCGA-5T-A9QA-01A-11R-A41B-07,-0.028676976972883378,0
TCGA-49-6744-01A-11R-1858-07,-0.2331249524170272,1
TCGA-CK-4948-01B-11R-1653-07,-0.43286398696714745,1
TCGA-77-7142-01A-11R-2045-07,-0.2041181227440051,1
TCGA-ZG-A9M4-01A-11R-A41O-07,-0.116366411136204,1
TCGA-44-A479-01A-31R-A24H-07,-0.17199550067978617,1
TCGA-AA-3511-01A-21R-1839-07,-0.39055343746836313,1
TCGA-66-2758-01A-02R-0851-07,-0.26127455157015006,1
TCGA-24-2290-01A-01R-1568-13,-0.26141440553182427,1
TCGA-75-5125-01A-01R-1755-07,-0.1319948110543213,1
TCGA-L9-A7SV-01A-11R-A39D-07,-0.04232540591686735,1
TCGA-VP-A87K-01A-11R-A352-07,-0.4334085807594034,1
TCGA-A6-A565-01A-31R-A28H-07,-0.10425116797827831,1
TCGA-04-1364-01A-01R-1565-13,-0.36709364842850667,1
TCGA-04-1350-01A-01R-1565-13,-0.35067831879851563,1
TCGA-22-5471-01A-01R-1635-07,-0.21676624217940305,1
TCGA-EB-A430-01A-11R-A24X-07,-0.9089687572919274,0
TCGA-ZG-A9ND-01A-11R-A41O-07,-0.42250954036218125,1
TCGA-23-1119-01A-02R-1565-13,-0.31264714815090205,1
TCGA-CJ-4642-01B-01R-1305-07,0.2954750052106403,1
TCGA-24-1413-01A-01R-1565-13,-0.37094368901536834,1
TCGA-A8-A08A-01A-11R-A32Y-07,-0.20173894151454316,1
TCGA-04-1519-01A-01R-1565-13,-0.3526447117555213,1
TCGA-B6-A0RT-01A-21R-A084-07,-0.03648533240931691,1
TCGA-AC-A5XS-01A-11R-A29R-07,-0.08617246124166918,1
TCGA-HC-8257-01A-11R-2263-07,-0.48070737365994615,1
TCGA-CJ-4881-01A-01R-1305-07,-0.27699900678006545,0
TCGA-DD-AACY-01A-11R-A41C-07,-0.5504366083999851,0
TCGA-CK-5915-01A-11R-1653-07,-0.3463949513904429,1
TCGA-2Y-A9GZ-01A-11R-A39D-07,-0.4864742059971238,1
TCGA-2H-A9GI-01A-11R-A37I-31,-0.3302054174234063,1
TCGA-B6-A0IP-01A-11R-A034-07,-0.2527534546030277,1
TCGA-AA-3811-01A-01R-1022-07,-0.3567370596556046,1
TCGA-55-8208-01A-11R-2241-07,-0.22836226810958443,1
TCGA-V9-A7HT-01A-11R-A33Z-07,-0.4562645678198801,0
TCGA-C8-A12M-01A-11R-A115-07,-0.12863675664595584,1
TCGA-BQ-5886-01A-11R-1592-07,-0.392023510217748,0
TCGA-GI-A2C9-01A-11R-A21T-07,-0.046326233905471095,0
TCGA-G7-7502-01A-11R-2204-07,-0.4181356805450367,1
TCGA-2Z-A9JM-01A-12R-A42S-07,-0.5473244906019264,1
TCGA-85-A4PA-01A-11R-A24Z-07,0.12704589946726935,0
TCGA-C8-A12V-01A-11R-A115-07,-0.0013653422631715237,0
TCGA-HC-7745-01A-11R-2118-07,-0.444616829731081,1
TCGA-AC-A6IW-01A-12R-A33J-07,0.07531255931063176,1
TCGA-B0-5085-01A-01R-1334-07,-0.17205320056223447,1
TCGA-AR-A1AU-01A-11R-A12P-07,-0.18829079192170872,0
TCGA-B8-5546-01A-01R-1541-07,-0.0026606581709800094,1
TCGA-77-7141-01A-11R-2045-07,-0.26896275390573215,1
TCGA-AA-3534-01A-01R-0821-07,-0.33797386938531393,1
TCGA-AA-3524-01A-02R-0821-07,-0.4146025138302118,1
TCGA-24-2280-01A-01R-1568-13,-0.3193314941316786,1
TCGA-IB-7897-01A-21R-2204-07,-0.27264661306499943,0
TCGA-95-7039-01A-11R-1949-07,-0.17582941676514738,0
TCGA-CJ-5680-01A-11R-1541-07,-0.2902566799509409,1
TCGA-AR-A1AN-01A-11R-A12P-07,-0.20488615149049086,1
TCGA-LL-A6FP-01A-11R-A31O-07,0.03840531976450643,1
TCGA-30-1714-01A-02R-1567-13,-0.313773614920821,0
TCGA-E2-A15L-01A-11R-A12D-07,-0.26256045500682823,1
TCGA-23-2077-01A-01R-1568-13,-0.3934072669931361,1
TCGA-EJ-7123-01A-11R-1965-07,-0.46472062646230433,1
TCGA-DD-AACI-01A-11R-A41C-07,-0.45890601984203067,1
TCGA-A6-3808-01A-01R-1022-07,-0.33565405985636676,0
TCGA-AA-3837-01A-01R-0905-07,-0.4199370223714898,1
TCGA-95-7944-01A-11R-2187-07,-0.05815437806971153,0
TCGA-A3-3320-01A-02R-1325-07,-0.478058644107693,1
TCGA-MM-A563-01A-11R-A266-07,-0.39844435876480033,0
TCGA-77-8008-01A-21R-2187-07,-0.13241133531161237,1
TCGA-G9-7519-01A-11R-2263-07,-0.4220934408836717,1
TCGA-BF-A5EP-01A-12R-A27Q-07,-0.7661516492857637,1
TCGA-B0-5694-01A-11R-1541-07,-0.496834111343353,1
TCGA-E9-A1R7-01A-11R-A14M-07,-0.14764931259659017,1
TCGA-G3-A7M5-01A-11R-A33R-07,-0.595523633306126,1
TCGA-A2-A0SV-01A-11R-A084-07,-0.11342470296086946,1
TCGA-DW-7838-01A-11R-2139-07,-0.3585738124038162,1
TCGA-AN-A04C-01A-21R-A034-07,-0.06685087243058402,1
TCGA-77-6842-01A-11R-1949-07,-0.2063229507086994,1
TCGA-B0-4688-01A-01R-1277-07,0.3598107864858659,1
TCGA-A2-A0YM-01A-11R-A109-07,-0.033363553262947925,1
TCGA-JY-A6F8-01A-11R-A336-31,-0.251454399890111,1
TCGA-F4-6808-01A-11R-1839-07,-0.39235639458174654,1
TCGA-AC-A2BM-01A-11R-A21T-07,-0.1966965851362029,1
TCGA-34-5236-01A-21R-1820-07,-0.2909606878215951,1
TCGA-AZ-6598-01A-11R-1774-07,-0.32230487568328003,1
TCGA-D8-A1X7-01A-11R-A14M-07,-0.22322615571303475,1
TCGA-AN-A0FY-01A-11R-A034-07,-0.14035848289112016,1
TCGA-AO-A03R-01A-21R-A034-07,-0.08985535732023195,1
TCGA-CJ-4920-01A-01R-1426-07,-0.48998306829749083,1
TCGA-LL-A442-01A-11R-A24H-07,-0.1650241776652411,1
TCGA-V1-A9OY-01A-11R-A41O-07,-0.5455898658694127,1
TCGA-DD-AAVZ-01A-11R-A41C-07,-0.44795241636979827,1
TCGA-UZ-A9PL-01A-11R-A38C-07,-0.4260679172482007,0
TCGA-CJ-4638-01A-02R-1325-07,-0.10719915409724745,1
TCGA-25-2401-01A-01R-1569-13,-0.3516845486818496,1
TCGA-BP-4765-01A-01R-1289-07,-0.5014045355281777,1
TCGA-AN-A0FS-01A-11R-A034-07,-0.24461919512919222,1
TCGA-B8-5162-01A-01R-1420-07,-0.3046031677465941,0
TCGA-EV-5901-01A-11R-1592-07,-0.22137205868887774,1
TCGA-2Y-A9H0-01A-11R-A38B-07,-0.3471967652489888,1
TCGA-B4-5836-01A-11R-1672-07,-0.5325952057771793,1
TCGA-G9-6338-01A-12R-1965-07,-0.2224519569016911,1
TCGA-HZ-A9TJ-01A-11R-A41I-07,-0.3997313894376077,1
TCGA-D8-A1XT-01A-11R-A14M-07,-0.1021769819281254,0
TCGA-E9-A1N6-01A-11R-A144-07,-0.17122365215758328,0
TCGA-E2-A1IK-01A-11R-A144-07,-0.0940197940209146,1
TCGA-CJ-5683-01A-11R-1541-07,-0.4340400041028965,1
TCGA-KK-A8IF-01A-11R-A36G-07,-0.2512222387281274,1
TCGA-QG-A5Z2-01A-11R-A28H-07,-0.34514260097435145,1
TCGA-A1-A0SO-01A-22R-A084-07,0.006339219015719786,0
TCGA-E2-A154-01A-11R-A115-07,-0.2629499456467796,1
TCGA-J9-A8CM-01A-11R-A352-07,-0.3684968333420275,1
TCGA-AN-A0FV-01A-11R-A00Z-07,-0.14758807066276544,1
TCGA-CM-6679-01A-11R-1839-07,-0.28231057688534267,1
TCGA-77-8153-01A-11R-2403-07,-0.3182043033991611,1
TCGA-BH-A0BJ-01A-11R-A056-07,-0.21811961212906786,1
TCGA-AN-A0AL-01A-11R-A00Z-07,0.04483794931550355,1
TCGA-24-1928-01A-01R-1567-13,-0.2740797194888872,1
TCGA-IB-7890-01A-12R-2204-07,-0.36567971011457795,0
TCGA-E2-A15R-01A-11R-A115-07,-0.17360858270480234,1
TCGA-BH-A0DT-01A-21R-A12D-07,-0.2576694479032546,0
TCGA-Q3-A5QY-01A-12R-A32O-07,-0.34602454421738804,0
TCGA-NJ-A4YI-01A-11R-A262-07,-0.1404761008736725,1
TCGA-ZG-A9N3-01A-11R-A41O-07,0.06685179748543331,1
TCGA-2Z-A9JO-01A-11R-A42S-07,-0.32656432126930635,1
TCGA-25-1626-01A-01R-1566-13,-0.18203971741431216,1
TCGA-CC-5262-01A-01R-A131-07,-0.47548820962125654,0
TCGA-57-1582-01A-01R-1566-13,-0.2709842111595568,0
TCGA-WJ-A86L-01A-12R-A39D-07,-0.29998487969999865,0
TCGA-GL-6846-01A-11R-1965-07,-0.4179342040124738,1
TCGA-E9-A54X-01A-11R-A266-07,-0.06709201422806046,1
TCGA-55-1594-01A-01R-0946-07,-0.08326501493239828,0
TCGA-AA-3864-01A-01R-1022-07,-0.38515085839290014,1
TCGA-49-6742-01A-11R-1858-07,-0.1332630477444947,1
TCGA-H6-8124-01A-11R-2404-07,-0.35648585085743345,1
TCGA-HC-7820-01A-11R-2118-07,-0.5961484736789086,1
TCGA-AY-A8YK-01A-11R-A41B-07,-0.4536883567215915,0
TCGA-34-8454-01A-11R-2326-07,-0.25871930747911975,1
TCGA-A6-A56B-01A-31R-A28H-07,-0.20889300199156458,0
TCGA-AR-A0U2-01A-11R-A109-07,-0.13702862713323266,1
TCGA-BC-A112-01A-11R-A131-07,-0.058507097186705374,1
TCGA-IB-7646-01A-11R-2156-07,-0.2030027726843931,1
TCGA-V1-A9ZG-01A-11R-A41O-07,-0.36896859102405866,1
TCGA-86-7953-01A-11R-2187-07,-0.16152409890502,1
TCGA-CZ-5451-01A-01R-1503-07,-0.5290492983554195,1
TCGA-A6-6138-01A-11R-1774-07,-0.3545782886155375,0
TCGA-GL-7966-01A-11R-2204-07,0.093647612046175,1
TCGA-BP-4982-01A-01R-1334-07,-0.5682059027551556,1
TCGA-B4-5835-01A-11R-1672-07,0.2033029281281836,1
TCGA-E9-A1NE-01A-21R-A14M-07,-0.20234395260690557,1
TCGA-MH-A856-01A-11R-A355-07,-0.3433418785820701,1
TCGA-EB-A299-01A-21R-A18U-07,-0.6116370031251338,0
TCGA-V1-A8MF-01A-11R-A36G-07,-0.41118856243377594,1
TCGA-G9-6361-01A-21R-1965-07,-0.4345985127634956,1
TCGA-L5-A8NH-01A-11R-A37I-31,-0.45793962846940484,0
TCGA-LN-A49P-01A-11R-A24K-31,-0.33228735438916973,1
TCGA-E2-A14V-01A-11R-A12D-07,-0.2062846980287581,1
TCGA-49-AAR4-01A-12R-A41B-07,-0.1900284268586232,1
TCGA-IB-7885-01A-11R-2156-07,-0.5009146231433713,0
TCGA-D8-A1XQ-01A-11R-A14M-07,-0.01946123134960151,1
TCGA-AA-3872-01A-01R-1022-07,-0.2966319544764936,0
TCGA-85-8070-01A-11R-2247-07,-0.18311142769653496,1
TCGA-HI-7169-01A-11R-2118-07,-0.11733828581944496,1
TCGA-HC-8213-01A-11R-A29R-07,-0.42718566459517887,0
TCGA-CH-5754-01A-11R-1580-07,-0.2485541067418176,1
TCGA-2A-A8W1-01A-11R-A37L-07,-0.3481150330829625,1
TCGA-AA-3527-01A-01R-0821-07,-0.135322197345744,1
TCGA-G7-6797-01A-11R-1965-07,-0.40882847838443065,1
TCGA-05-4403-01A-01R-1206-07,-0.09290582660780151,1
TCGA-EW-A1IW-01A-11R-A13Q-07,-0.24041633437750773,1
TCGA-ZG-A9L0-01A-11R-A41O-07,-0.2826323136161426,1
TCGA-56-8624-01A-11R-2403-07,-0.012675296443447477,1
TCGA-D8-A1J8-01A-11R-A13Q-07,-0.12414056463380693,1
TCGA-JY-A6FH-01A-11R-A336-31,-0.2960938710447769,1
TCGA-09-0366-01A-01R-1564-13,-0.2504362407684589,1
TCGA-A7-A6VV-01A-22R-A33J-07,0.003138068242706981,1
TCGA-L5-A4OG-01A-11R-A260-31,-0.4697349433047826,1
TCGA-EJ-A65G-01A-21R-A29R-07,-0.5385474285065617,1
TCGA-T9-A92H-01A-11R-A37K-07,-0.4469769051384495,1
TCGA-AA-3685-01A-02R-A32Z-07,-0.3594467113715616,1
TCGA-BP-4993-01A-02R-1420-07,-0.49186676264245266,1
TCGA-B0-5690-01A-11R-1541-07,-0.4334316299348286,1
TCGA-G3-AAV6-01A-21R-A37K-07,-0.292532670311936,1
TCGA-13-1505-01A-01R-1565-13,-0.372050210539926,1
TCGA-LD-A9QF-01A-32R-A41B-07,-0.004682678534412725,1
TCGA-AA-3710-01A-01R-1022-07,-0.3074747282507633,1
TCGA-85-7950-01A-11R-2187-07,-0.16907154227194965,1
TCGA-A8-A07L-01A-11R-A00Z-07,-0.1557131652074503,1
TCGA-55-A492-01A-11R-A24H-07,0.01056704584390018,0
TCGA-AZ-5403-01A-01R-1653-07,-0.34239764202754625,1
TCGA-69-7765-01A-11R-2170-07,-0.20902421356517145,1
TCGA-IB-8127-01A-11R-2404-07,-0.4984451168533991,1
TCGA-E2-A1IJ-01A-11R-A144-07,-0.16746416398092176,0
TCGA-YL-A9WK-01A-11R-A37L-07,-0.3321160564422745,1
TCGA-A8-A09D-01A-11R-A00Z-07,-0.15078699838172388,1
TCGA-DD-AADA-01A-11R-A41C-07,-0.38404348520837545,1
TCGA-CH-5763-01A-11R-1580-07,-0.2923648767974632,1
TCGA-CZ-4865-01A-02R-1503-07,-0.4196861440955046,1
TCGA-BC-A10Z-01A-11R-A131-07,-0.4310108826518113,1
TCGA-EB-A44P-01A-11R-A266-07,-0.7339166470222583,0
TCGA-CC-A3MA-01A-11R-A213-07,0.17613613526864771,1
TCGA-AA-3673-01A-01R-0905-07,-0.45956545200125437,1
TCGA-CZ-5982-01A-11R-1672-07,-0.2884317983987524,1
TCGA-56-7223-01A-11R-2045-07,-0.10433962614993819,1
TCGA-EB-A41A-01A-11R-A24X-07,-0.7589704423856248,0
TCGA-IB-AAUS-01A-12R-A38C-07,-0.5147391222004479,0
TCGA-B0-4828-01A-01R-1277-07,-0.32671224916950825,1
TCGA-92-8065-01A-11R-2247-07,-0.07740964349087595,1
TCGA-98-A53H-01A-12R-A262-07,-0.01365817411789423,1
TCGA-05-4397-01A-01R-1206-07,0.0500099094189762,1
TCGA-HC-A6AO-01A-11R-A30B-07,-0.17380973970864272,1
TCGA-E2-A108-01A-13R-A10J-07,-0.08767331229911013,1
TCGA-23-1107-01A-01R-1564-13,-0.2762502757434001,1
TCGA-IA-A40X-01A-11R-A24Z-07,-0.45151112982039054,1
TCGA-B4-5838-01A-11R-1672-07,-0.2563994922034408,1
TCGA-24-1603-01A-01R-1566-13,-0.35016430612222826,0
TCGA-R6-A6L4-01A-11R-A31P-31,-0.4256005699579748,1
TCGA-B6-A0IE-01A-11R-A034-07,-0.08337928813497109,1
TCGA-04-1517-01A-01R-1565-13,-0.3607816110205838,1
TCGA-LA-A446-01A-21R-A24Z-07,-0.3290236251629472,0
TCGA-C8-A1HF-01A-11R-A137-07,-0.11397678268634623,1
TCGA-MP-A4TH-01A-31R-A262-07,-0.2239562372485544,1
TCGA-AA-3848-01A-01R-0905-07,-0.2854076606961514,0
TCGA-KV-A6GE-01A-11R-A31O-07,-0.5581927181304407,1
TCGA-CC-A5UC-01A-11R-A28V-07,-0.3101679452819527,1
TCGA-96-7544-01A-11R-2045-07,-0.16828233329565098,0
TCGA-B6-A0X1-01A-11R-A109-07,0.009200214096639103,1
TCGA-AA-3553-01A-01R-0821-07,-0.4554316817962061,0
TCGA-HC-7818-01A-11R-2118-07,-0.5103108348002259,1
TCGA-DD-AADL-01A-11R-A41C-07,-0.4530118718195384,1
TCGA-78-7542-01A-21R-2066-07,0.00186343058793081,1
TCGA-E2-A1B5-01A-21R-A12P-07,-0.07013218876599317,1
TCGA-A6-2684-01A-01R-1410-07,-0.28748566456137337,1
TCGA-BH-A1FD-01A-11R-A13Q-07,-0.15640712084943034,1
TCGA-G9-6496-01A-11R-1789-07,-0.2795051859030583,1
TCGA-EJ-8468-01A-21R-2403-07,-0.35001527529421306,1
TCGA-AR-A1AS-01A-11R-A12P-07,-0.21279448608186888,0
TCGA-86-8674-01A-21R-2403-07,-0.11800073211471201,1
TCGA-DD-A4NS-01A-11R-A311-07,-0.13932984274690746,1
TCGA-BP-5170-01A-01R-1426-07,-0.44204039230614195,1
TCGA-A8-A06P-01A-11R-A00Z-07,-0.21754378944243938,1
TCGA-B0-4697-01A-01R-1277-07,-0.043262228977233155,1
TCGA-33-6737-01A-11R-1820-07,-0.08751364976956753,1
TCGA-85-A512-01A-11R-A26W-07,-0.2208060081272259,1
TCGA-55-8511-01A-11R-2403-07,-0.1806414137287209,1
TCGA-VP-A878-01A-31R-A352-07,-0.47226018138943043,0
TCGA-BH-A0DZ-01A-11R-A00Z-07,-0.11993181301685835,1
TCGA-D5-6931-01A-11R-1928-07,-0.4200731444043111,0
TCGA-50-5044-01A-21R-1858-07,-0.0065405379811115305,0
TCGA-A2-A4RY-01A-31R-A266-07,-0.05259462000545437,1
TCGA-EJ-7331-01A-11R-2118-07,-0.39206768726674235,1
TCGA-CZ-4864-01A-01R-1503-07,-0.44622791435883014,1
TCGA-4A-A93W-01A-11R-A37K-07,-0.4856129161372164,1
TCGA-AA-3655-01A-02R-1723-07,-0.4112834545220407,0
TCGA-CM-6678-01A-11R-1839-07,-0.3908162320415672,1
TCGA-AA-A02J-01A-01R-A00A-07,-0.4941608599956172,1
TCGA-DD-AAVR-01A-11R-A41C-07,-0.42800105498745006,0
TCGA-23-1123-01A-01R-1565-13,-0.39835496997733877,1
TCGA-L5-A43H-01A-11R-A24K-31,-0.46967496238173795,1
TCGA-EJ-7791-01A-11R-2118-07,-0.42996044544223017,1
TCGA-B6-A0RO-01A-22R-A084-07,-0.09653647611339539,0
TCGA-96-8169-01A-11R-2296-07,-0.2420247913206644,1
TCGA-E2-A10E-01A-21R-A10J-07,-0.24989991163148403,1
TCGA-EJ-5518-01A-01R-1580-07,-0.29843743128410216,1
TCGA-5P-A9K0-01A-11R-A42S-07,-0.5982692916001044,1
TCGA-AO-A0JM-01A-21R-A056-07,-0.18491788344295232,1
TCGA-56-6545-01A-11R-1820-07,-0.21927839558166673,1
TCGA-CJ-4643-01A-02R-1325-07,-0.5524208571600595,0
TCGA-DZ-6135-01A-11R-1965-07,-0.3566906181471664,0
TCGA-QU-A6IN-01A-11R-A31N-07,-0.14556060130579673,1
TCGA-EW-A1P6-01A-11R-A144-07,-0.22009388779041275,1
TCGA-BH-A0E6-01A-11R-A034-07,0.04291167021058182,1
TCGA-04-1347-01A-01R-1564-13,-0.3474637329683815,0
TCGA-NH-A6GB-01A-11R-A37K-07,-0.4210836986766135,1
TCGA-50-5072-01A-21R-1858-07,-0.11524721684798894,1
TCGA-O2-A52Q-01A-11R-A26W-07,-0.05595466815374422,1
TCGA-AC-A23C-01A-12R-A169-07,-0.23979800075653204,1
TCGA-TP-A8TV-01A-11R-A41O-07,-0.4431106406611819,0
TCGA-63-A5MN-01A-22R-A27Q-07,-0.007777746638177373,0
TCGA-OL-A5D6-01A-21R-A27Q-07,-0.01834054440624651,1
TCGA-55-8097-01A-11R-2241-07,-0.18841324555572556,0
TCGA-EW-A1OX-01A-11R-A144-07,-0.12051169049108217,1
TCGA-13-0804-01A-01R-1564-13,-0.3661679279201659,1
TCGA-A2-A25D-01A-12R-A16F-07,-0.11280501787502198,1
TCGA-24-1549-01A-01R-1566-13,-0.2726555843244632,1
TCGA-XK-AAJR-01A-11R-A41O-07,-0.508937302065493,1
TCGA-CW-5588-01A-01R-1541-07,-0.446724787415932,1
TCGA-SX-A71V-01A-11R-A33Z-07,-0.5939884413818264,1
TCGA-BQ-7049-01A-11R-1965-07,-0.1662852312755929,1
TCGA-BQ-5876-01A-11R-1592-07,-0.013767662494390912,0
TCGA-B6-A0IJ-01A-11R-A034-07,0.00188138648285198,1
TCGA-55-A491-01A-11R-A24H-07,-0.11456049086554818,1
TCGA-E2-A1L9-01A-11R-A13Q-07,-0.21502459885117392,1
TCGA-44-8117-01A-11R-2241-07,-0.1793528177034429,1
TCGA-JY-A93D-01A-11R-A38D-31,-0.33591457602238234,1
TCGA-AO-A0J3-01A-11R-A034-07,-0.10677931850420397,0
TCGA-A3-A8OU-01A-11R-A37O-07,-0.4355304096653677,0
TCGA-63-A5M9-01A-11R-A26W-07,-0.2778796772920418,1
TCGA-86-8585-01A-11R-2403-07,-0.09212490188251515,0
TCGA-13-0762-01A-01R-1564-13,-0.33677128456765654,1
TCGA-KK-A7B4-01A-11R-A32O-07,-0.3045216051150704,0
TCGA-MP-A4SV-01A-11R-A24X-07,-0.23453171181847238,0
TCGA-LD-A7W5-01A-22R-A352-07,-0.050685213156733216,0
TCGA-IZ-A6M8-01A-11R-A31O-07,-0.40315171164000657,0
TCGA-CW-5585-01A-01R-1541-07,-0.3925015705052273,1
TCGA-BH-A0B2-01A-11R-A10J-07,-0.17542422728009135,1
TCGA-AC-A2FK-01A-12R-A180-07,-0.03810239991267902,1
TCGA-ER-A19K-01A-21R-A18T-07,-0.8412381785952917,0
TCGA-DD-A4NR-01A-11R-A311-07,-0.258649680314885,0
TCGA-D8-A27T-01A-11R-A16F-07,-0.2594750638980721,1
TCGA-96-7545-01A-21R-2045-07,-0.1855336146584731,1
TCGA-21-1081-01A-01R-0692-07,-0.23561395525468448,1
TCGA-AR-A2LL-01A-11R-A180-07,-0.2066765513407099,1
TCGA-J4-A83M-01A-11R-A352-07,-0.5063813018280152,1
TCGA-DD-AADF-01A-11R-A41C-07,-0.5607013502437872,1
TCGA-B4-5377-01A-01R-1503-07,-0.43920903807475853,1
TCGA-B8-5158-01A-01R-1420-07,-0.3052153870949069,1
TCGA-25-1326-01A-01R-1565-13,-0.3131532014861331,1
TCGA-DD-A1EB-01A-11R-A131-07,-0.44157349985910554,1
TCGA-63-A5MJ-01A-11R-A27Q-07,-0.29249479139245077,1
TCGA-B9-4115-01A-01R-1193-07,-0.4103907125254247,1
TCGA-B8-4619-01A-02R-1325-07,0.017035419204595316,1
TCGA-AA-3554-01A-01R-0826-07,-0.3643159299350138,0
TCGA-2Y-A9H3-01A-11R-A38B-07,-0.42028688121500846,1
TCGA-55-7728-01A-11R-2187-07,-0.08097092236864793,1
TCGA-BP-5181-01A-01R-1426-07,-0.5071180993408559,1
TCGA-DM-A1D8-01A-11R-A155-07,-0.3454910372779692,1
TCGA-SX-A71S-01A-11R-A33Z-07,-0.45482918128078403,1
TCGA-D8-A1XF-01A-11R-A14D-07,-0.12880710188464517,1
TCGA-24-1474-01A-01R-1566-13,-0.19163807097427848,1
TCGA-KC-A4BN-01A-61R-A250-07,-0.4549411381690741,1
TCGA-A3-3328-01A-01R-0864-07,0.19553020717219008,0
TCGA-HN-A2OB-01A-21R-A27Q-07,-0.11750737164899627,1
TCGA-29-1698-01A-01R-1567-13,-0.31830372553951913,0
TCGA-20-1686-01A-01R-1566-13,-0.2088346620671661,1
TCGA-50-5939-01A-11R-1628-07,-0.16233037974809866,1
TCGA-A7-A3J1-01A-11R-A213-07,-0.14451181589189313,1
TCGA-36-1570-01A-01R-1566-13,-0.32421972576131014,1
TCGA-AA-3521-01A-01R-0821-07,-0.42550830899270303,1
TCGA-FC-7708-01A-11R-2118-07,-0.45048605138766956,0
TCGA-VG-A8LO-01A-11R-A406-31,-0.2827819489874235,1
TCGA-NK-A5CX-01A-11R-A26W-07,-0.23018872774092278,1
TCGA-OL-A97C-01A-32R-A41B-07,-0.025693845750992914,1
TCGA-E2-A158-01A-11R-A12D-07,-0.00990289975472925,1
TCGA-HC-8256-01A-11R-2263-07,-0.49811701731943164,1
TCGA-A7-A0CE-01A-11R-A00Z-07,-0.036682293979180616,1
TCGA-AR-A1AL-01A-21R-A12P-07,-0.22763698291118897,1
TCGA-E2-A3DX-01A-21R-A213-07,-0.11843223970845794,1
TCGA-A2-A3XT-01A-11R-A22U-07,0.018499545525985987,0
TCGA-50-8457-01A-11R-2326-07,-0.20860866087398872,1
TCGA-LL-A6FQ-01A-11R-A31O-07,0.012026776036231385,1
TCGA-2H-A9GK-01A-11R-A37I-31,-0.36656203591273395,1
TCGA-G3-A5SM-01A-12R-A28V-07,-0.49783315576124254,1
TCGA-AR-A1AX-01A-11R-A12P-07,-0.18354714312423873,1
TCGA-A2-A4S3-01A-21R-A266-07,-0.06588157512517764,1
TCGA-21-A5DI-01A-31R-A26W-07,-0.2746847375223183,1
TCGA-24-0966-01A-01R-1564-13,-0.3395337762466365,0
TCGA-BH-A0H7-01A-13R-A056-07,-0.15106724285903558,1
TCGA-97-7554-01A-11R-2039-07,-0.1864134348904703,1
TCGA-IB-7886-01A-11R-2156-07,-0.39567745833117235,1
TCGA-61-1728-01A-01R-1568-13,-0.40969517523335974,1
TCGA-GM-A5PX-01A-12R-A28M-07,-0.07584220886640604,1
TCGA-EJ-5494-01A-01R-1580-07,-0.41787512284576855,1
TCGA-AZ-6605-01A-11R-1839-07,-0.32529208873468746,1
TCGA-GL-A9DE-01A-11R-A37K-07,-0.38483914210415643,0
TCGA-Y8-A895-01A-11R-A36F-07,-0.5880545861164325,0
TCGA-55-8206-01A-11R-2241-07,-0.21014609109992444,0
TCGA-85-8584-01A-11R-2403-07,0.01996082765237964,1
TCGA-AZ-4313-01A-01R-1410-07,-0.27823103563035617,1
TCGA-EJ-AB20-01A-12R-A41O-07,0.03589931153207632,0
TCGA-43-8116-01A-11R-2247-07,-0.2806091758558508,0
TCGA-97-7553-01A-21R-2039-07,-0.2363484766359456,1
TCGA-VP-A87B-01A-11R-A352-07,-0.3678497158060294,1
TCGA-BH-A0BA-01A-11R-A056-07,-0.1975964903031743,1
TCGA-A3-3349-01A-01R-1188-07,-0.5191577177574906,0
TCGA-EW-A1OW-01A-21R-A144-07,-0.08563245202426441,0
TCGA-L5-A8NW-01A-11R-A37I-31,-0.5073584879408756,1
TCGA-EJ-A65M-01A-11R-A29R-07,-0.43142658453552657,1
TCGA-E2-A15P-01A-11R-A115-07,-0.21824976936629106,1
TCGA-A8-A09G-01A-21R-A00Z-07,-0.15715794209139616,1
TCGA-MN-A4N5-01A-11R-A24X-07,-0.2007197799878455,0
TCGA-A2-A0YG-01A-21R-A109-07,-0.2009855520949303,1
TCGA-BH-A1EY-01A-11R-A13Q-07,-0.1597970267625241,1
TCGA-CC-A9FU-01A-11R-A37K-07,-0.3093891483972837,1
TCGA-A3-3335-01A-01R-0864-07,-0.34612529309906626,1
TCGA-78-7154-01A-11R-2039-07,-0.021033349433174482,1
TCGA-69-8255-01A-11R-2287-07,0.03196279766086437,1
TCGA-EJ-5502-01A-01R-1580-07,-0.41716773217086517,0
TCGA-AO-A03P-01A-11R-A00Z-07,-0.17322519021911814,1
TCGA-22-5478-01A-01R-1635-07,-0.1770274012292731,1
TCGA-AA-3858-01A-01R-0905-07,-0.45430714742380107,0
TCGA-HZ-8317-01A-11R-2404-07,-0.4399842033072038,1
TCGA-AQ-A1H2-01A-11R-A13Q-07,-0.12023444548274868,1
TCGA-LN-A49R-01A-11R-A24K-31,-0.3811224844613973,1
TCGA-24-1464-01A-01R-1566-13,-0.3142104665405238,1
TCGA-G3-A5SL-01A-11R-A27V-07,-0.5599257459386567,0
TCGA-VR-AA7B-01A-31R-A406-31,-0.4327929680408041,1
TCGA-AC-A3QQ-01B-06R-A22O-07,-0.06102780343834871,1
TCGA-AR-A24N-01A-11R-A169-07,-0.2419577170912474,1
TCGA-D5-6531-01A-11R-1723-07,-0.37005437043981876,1
TCGA-E9-A244-01A-11R-A169-07,-0.028102943062007144,1
TCGA-B0-4852-01A-01R-1503-07,-0.4247198489159516,1
TCGA-DD-AAW0-01A-11R-A41C-07,-0.45302238537195705,1
TCGA-55-8506-01A-11R-2403-07,-0.17287093570552625,1
TCGA-B9-5156-01A-01R-1592-07,-0.4056381826865345,1
TCGA-D8-A27F-01A-11R-A16F-07,-0.014224107529441208,1
TCGA-B4-5832-01A-11R-1672-07,0.24755044623808325,0
TCGA-CM-5341-01A-01R-1410-07,-0.01784335997699746,1
TCGA-91-6831-01A-11R-1858-07,-0.11806967399908579,0
TCGA-EJ-5526-01A-01R-1580-07,-0.22949191321660634,1
TCGA-VP-A876-01A-11R-A352-07,-0.345103768951643,1
TCGA-E2-A576-01A-11R-A31O-07,0.012938179956751419,1
TCGA-J4-AATV-01A-11R-A41O-07,-0.37724576561053397,0
TCGA-RC-A7SK-01A-11R-A352-07,-0.530106563111527,1
TCGA-BH-A1F2-01A-31R-A13Q-07,-0.14712653844158516,0
TCGA-E2-A1BD-01A-11R-A12P-07,-0.1951755999046171,1
TCGA-B8-5551-01A-01R-1541-07,-0.050443711742261345,0
TCGA-49-AAR2-01A-11R-A39D-07,0.002690092993672986,0
TCGA-A1-A0SE-01A-11R-A084-07,-0.2759890109154408,1
TCGA-D5-6534-01A-21R-1928-07,0.11032420488464899,1
TCGA-A7-A426-01A-22R-A24H-07,-0.07605588563162749,1
TCGA-56-8503-01A-11R-2403-07,-0.2593787958960882,1
TCGA-B1-A654-01A-11R-A31O-07,-0.41225162424188994,1
TCGA-AA-A029-01A-01R-A00A-07,-0.4277256089444494,1
TCGA-D8-A27K-01A-11R-A16F-07,-0.25080634725870526,1
TCGA-BP-4991-01A-01R-1334-07,-0.4629152423696028,1
TCGA-24-1428-01A-01R-1564-13,-0.3626410032053069,1
TCGA-10-0928-01A-02R-1564-13,-0.35718782437085417,1
TCGA-M7-A71Y-01A-22R-A32O-07,-0.44528560794537564,1
TCGA-G4-6299-01A-11R-1774-07,-0.1895522119931812,1
TCGA-AK-3453-01A-02R-1277-07,-0.1734863542705749,1
TCGA-E9-A247-01A-11R-A169-07,-0.14364160959125596,1
TCGA-5P-A9K3-01A-11R-A42S-07,-0.18729355772779285,1
TCGA-DD-A1EI-01A-11R-A131-07,-0.3526648372721623,1
TCGA-B0-4823-01A-02R-1420-07,-0.5055606984316079,1
TCGA-A2-A0CL-01A-11R-A115-07,-0.07948144535433195,1
TCGA-VN-A88O-01A-11R-A352-07,-0.5062173104198446,1
TCGA-A6-3810-01A-01R-1022-07,-0.2513362821851515,1
TCGA-60-2724-01A-01R-0851-07,-0.23796113531534674,1
TCGA-B3-3925-01A-02R-1351-07,-0.30123082332765244,1
TCGA-G3-A7M8-01A-11R-A33R-07,-0.4845638544701525,1
TCGA-AR-A5QP-01A-11R-A28M-07,-0.1828626249550456,1
TCGA-CH-5767-01A-11R-1789-07,-0.4031014021410191,1
TCGA-AR-A24S-01A-11R-A169-07,-0.17029571577394828,0
TCGA-BH-A1FE-01A-11R-A13Q-07,-0.21845986649778004,0
TCGA-EJ-7782-01A-11R-2118-07,-0.3247901133371885,1
TCGA-55-8094-01A-11R-2241-07,-0.011883818229030632,0
TCGA-77-8145-01A-11R-2247-07,-0.2560868971193516,1
TCGA-AA-3851-01A-01R-1022-07,-0.3619839885587723,1
TCGA-L5-A8NI-01A-11R-A37I-31,-0.32375384209281677,1
TCGA-2J-AABP-01A-11R-A41B-07,0.009212523692451907,1
TCGA-AC-A3YJ-01A-11R-A22U-07,-0.035218488404084626,1
TCGA-25-1877-01A-01R-1567-13,-0.19809600529497973,1
TCGA-AR-A2LE-01A-11R-A180-07,-0.1844249032608236,0
TCGA-B0-4847-01A-01R-1277-07,-0.18040785142759355,1
TCGA-BH-A0E1-01A-11R-A056-07,-0.21167125515614404,1
TCGA-21-5784-01A-01R-1635-07,-0.09484939343212274,0
TCGA-KK-A7AQ-01A-11R-A33R-07,-0.24119795099656927,1
TCGA-DD-AAE3-01A-11R-A41C-07,-0.5221250597948675,1
TCGA-93-A4JQ-01A-11R-A24X-07,-0.19716259716147402,1
TCGA-AC-A3TN-01A-11R-A22K-07,-0.043877315265246894,1
TCGA-VR-A8Q7-01A-11R-A37I-31,-0.36284282588648115,1
TCGA-HC-8259-01A-11R-2263-07,-0.5635479804257907,1
TCGA-AO-A12A-01A-21R-A115-07,-0.23869727111624098,0
TCGA-66-2742-01A-01R-0980-07,-0.2590817827279122,1
TCGA-KC-A4BV-01A-31R-A26U-07,-0.418280521169721,1
TCGA-Y8-A8S0-01A-11R-A37K-07,-0.566573119037623,1
TCGA-YL-A8SF-01A-11R-A37L-07,-0.30490056131366516,1
TCGA-24-1567-01A-01R-1566-13,-0.23792394907327213,1
TCGA-BH-A0H6-01A-21R-A056-07,-0.19247258907262332,0
TCGA-BP-5186-01A-01R-1426-07,-0.5525688092901657,1
TCGA-B0-4699-01A-01R-1277-07,0.07038647730420358,1
TCGA-OY-A56Q-01A-11R-A406-31,-0.1863507272759229,1
TCGA-B0-4836-01A-01R-1305-07,-0.3846510906734297,1
TCGA-HZ-A49I-01A-12R-A26U-07,-0.5455155585303543,1
TCGA-J7-8537-01A-11R-2404-07,-0.03466101767452833,0
TCGA-SX-A7SS-01A-11R-A36F-07,-0.508892549697694,1
TCGA-CM-6161-01A-11R-1653-07,-0.2628499082819647,1
TCGA-66-2753-01A-01R-0980-07,-0.23759328364239402,1
TCGA-A3-3343-01A-01R-0864-07,-0.5329039868912082,1
TCGA-24-1930-01A-01R-1567-13,-0.29022285781220925,1
TCGA-A2-A0T7-01A-21R-A084-07,-0.19107744887136624,1
TCGA-75-6203-01A-11R-1755-07,-0.1719929033098034,1
TCGA-CZ-5989-01A-11R-1672-07,0.1556168418765461,1
TCGA-DD-AAVP-01A-11R-A41C-07,-0.48825650600063836,0
TCGA-MH-A562-01A-11R-A26U-07,-0.4446630604713019,0
TCGA-AC-A2FE-01A-11R-A19W-07,-0.16869907343431575,1
TCGA-ZG-A8QZ-01A-11R-A37L-07,-0.43418445361203994,1
TCGA-B8-A54J-01A-11R-A33J-07,-0.45274618718201304,0
TCGA-CM-6675-01A-11R-1839-07,-0.17418591386286472,0
TCGA-A2-A0D1-01A-11R-A034-07,-0.0698251240732352,1
TCGA-UZ-A9PZ-01A-11R-A42S-07,-0.5719489335657141,0
TCGA-LN-A9FR-01A-11R-A38D-31,-0.47453315323526396,1
TCGA-CZ-5458-01A-01R-1503-07,-0.4984160636920185,1
TCGA-IB-A5SQ-01A-11R-A32O-07,-0.49633893513756244,1
TCGA-EB-A1NK-01A-11R-A18T-07,-0.8953690550065768,1
TCGA-BF-A1PX-01A-12R-A18T-07,-0.8112473568450103,1
TCGA-MH-A855-01A-11R-A355-07,-0.49208319911594817,1
TCGA-DZ-6131-01A-11R-1965-07,-0.17358282141303966,1
TCGA-CJ-4875-01A-01R-1305-07,-0.3377114402457713,1
TCGA-BP-4787-01A-01R-1305-07,-0.3697869266179888,1
TCGA-X4-A8KQ-01A-12R-A36G-07,-0.24434173077121008,1
TCGA-CZ-4862-01A-01R-1305-07,-0.40477111871849497,1
TCGA-E2-A14Y-01A-21R-A12D-07,-0.011817841689483676,1
TCGA-B0-5100-01A-01R-1420-07,-0.0960157363960001,0
TCGA-EB-A42Y-01A-12R-A24X-07,-0.6851770715227019,1
TCGA-25-2399-01A-01R-1569-13,-0.3448367088078858,1
TCGA-EB-A42Z-01A-12R-A24X-07,-0.8707681409952043,1
TCGA-66-2755-01A-01R-0851-07,-0.20135803324646093,1
TCGA-A6-2677-01B-02R-A277-07,0.33509741701064605,1
TCGA-25-2400-01A-01R-1569-13,-0.3198053766972718,0
TCGA-O2-A52S-01A-11R-A262-07,-0.2344790610036068,1
TCGA-09-2054-01A-01R-1568-13,-0.2930631307077428,1
TCGA-BC-A10Y-01A-11R-A131-07,-0.41722045411963377,1
TCGA-22-5481-01A-31R-1949-07,0.004233575405354271,1
TCGA-A2-A0D3-01A-11R-A115-07,-0.20405762274668543,1
TCGA-55-8505-01A-11R-2403-07,-0.1443032603904174,1
TCGA-CJ-4636-01A-02R-1325-07,-0.42897171192635136,1
TCGA-13-0797-01A-01R-1564-13,-0.344406995624005,1
TCGA-AA-A03J-01A-21R-A16W-07,-0.307801706890872,0
TCGA-VP-A872-01A-11R-A352-07,-0.19383166332062257,1
TCGA-XR-A8TF-01A-11R-A36F-07,-0.48077540714431116,1
TCGA-EP-A2KA-01A-11R-A180-07,-0.3378376035237499,1
TCGA-25-1314-01A-01R-1565-13,-0.34097143912035666,1
TCGA-64-5778-01A-01R-1628-07,-0.11669514613107737,1
TCGA-04-1356-01A-01R-1569-13,-0.2936640180852138,1
TCGA-46-3766-01A-01R-0980-07,-0.021174751260072733,0
TCGA-78-7535-01A-11R-2066-07,-0.06555293513515065,1
TCGA-HZ-7919-01A-11R-2156-07,-0.433983433126229,1
TCGA-DW-7841-01A-11R-A32Z-07,-0.496707899622786,1
TCGA-AA-3538-01A-01R-0821-07,-0.45508625196280106,1
TCGA-ZG-A9L5-01A-12R-A41O-07,-0.1719822646866085,0
TCGA-DD-A39Z-01A-11R-A213-07,-0.6247062380387078,1
TCGA-GM-A3NY-01A-11R-A21T-07,-0.08148152416289935,1
TCGA-S4-A8RO-01A-12R-A37L-07,-0.31853067110162553,1
TCGA-E2-A573-01A-11R-A29R-07,-0.0050871538755968325,1
TCGA-G3-A3CG-01A-11R-A213-07,-0.5300572992201078,1
TCGA-PL-A8LZ-01A-31R-A36F-07,-0.004331439328195957,1
TCGA-39-5011-01A-01R-1443-07,-0.07520041269232808,1
TCGA-G3-AAV5-01A-11R-A37K-07,-0.586745036223606,1
TCGA-A3-3313-01A-02R-1325-07,-0.011701311298998865,0
TCGA-UZ-A9PR-01A-11R-A42S-07,-0.5193392183248493,1
TCGA-BQ-5887-01A-11R-1965-07,-0.1448429447702551,1
TCGA-49-AARQ-01A-11R-A41B-07,0.045045063463409425,1
TCGA-AA-3488-01A-01R-1410-07,-0.3927272353107596,1
TCGA-S3-AA0Z-01A-11R-A41B-07,-0.019244605626637924,0
TCGA-FB-A78T-01A-12R-A32O-07,-0.5074449608596008,1
TCGA-09-1659-01B-01R-1564-13,-0.37681813289623467,1
TCGA-55-8096-01A-11R-2241-07,-0.1984696561619196,1
TCGA-DD-AACQ-01A-11R-A41C-07,-0.48857195427357614,1
TCGA-CC-5260-01A-01R-A131-07,0.213199276716877,1
TCGA-E2-A14S-01A-11R-A12D-07,-0.1813227061088758,1
TCGA-B6-A0WT-01A-11R-A109-07,-0.2798665786935612,1
TCGA-BQ-7048-01A-11R-1965-07,-0.3286493219779838,0
TCGA-56-A62T-01A-11R-A405-07,-0.24113130710706798,0
TCGA-EB-A3XD-01A-22R-A239-07,-0.863416529985826,1
TCGA-DD-AACZ-01A-11R-A41C-07,-0.24211637247881682,1
TCGA-CC-A1HT-01A-11R-A131-07,0.04375563236327828,1
TCGA-B2-5633-01A-01R-1541-07,-0.48548418860411047,0
TCGA-D5-5541-01A-01R-1653-07,-0.34956220980512326,1
TCGA-BC-A217-01A-11R-A155-07,-0.3918460989201244,1
TCGA-E2-A106-01A-11R-A10J-07,-0.11825793356918357,0
TCGA-A2-A0D4-01A-11R-A00Z-07,-0.14751075936868224,1
TCGA-BP-4768-01A-01R-1289-07,-0.3632456364310309,1
TCGA-HC-7750-01A-11R-2118-07,-0.515200694564713,1
TCGA-C8-A1HI-01A-11R-A137-07,-0.20083062755154293,1
TCGA-64-5815-01A-01R-1628-07,-0.1608355527080902,1
TCGA-EW-A1P5-01A-11R-A144-07,-0.16889353492428766,1
TCGA-DD-AADK-01A-11R-A41C-07,-0.49130979797147206,1
TCGA-BP-4174-01A-02R-1289-07,-0.28372696768078387,1
TCGA-22-5482-01A-01R-1635-07,-0.31354699580668216,1
TCGA-CA-5256-01A-01R-1410-07,-0.30107587654951834,0
TCGA-36-1571-01A-01R-1566-13,-0.26567054800415096,1
TCGA-13-0714-01A-01R-1564-13,-0.34371648034732394,0
TCGA-97-8172-01A-11R-2287-07,-0.17129087151295389,1
TCGA-ZG-A9L9-01A-11R-A41O-07,-0.1908351335149265,1
TCGA-E2-A159-01A-11R-A115-07,-0.0888370013888551,1
TCGA-BP-5187-01A-01R-1426-07,-0.469983410508821,1
TCGA-DZ-6132-01A-11R-1965-07,-0.25715206774067834,1
TCGA-A6-6649-01A-11R-1774-07,-0.22197765641319037,1
TCGA-60-2722-01A-01R-0851-07,-0.2721733917199237,0
TCGA-24-2033-01A-01R-1568-13,-0.4034455974298744,1
TCGA-CH-5739-01A-11R-1580-07,-0.3597303148463992,0
TCGA-EJ-A6RC-01A-11R-A32O-07,-0.4900777979409485,1
TCGA-V5-AASW-01A-11R-A406-31,-0.45501017267459987,0
TCGA-86-8280-01A-11R-2287-07,-0.25613819243463226,0
TCGA-73-7499-01A-11R-2187-07,-0.08832885409367405,1
TCGA-DM-A1DA-01A-11R-A155-07,-0.4090661966034157,1
TCGA-ED-A7XO-01A-11R-A352-07,-0.5032301891751303,1
TCGA-35-4123-01A-01R-1107-07,-0.10833445206725693,0
TCGA-CJ-4639-01A-02R-1325-07,-0.5232197714562556,1
TCGA-35-4122-01A-01R-1107-07,-0.010180001137659546,0
TCGA-AC-A7VC-01A-11R-A352-07,0.1414190810790766,0
TCGA-A8-A08X-01A-21R-A00Z-07,-0.09605005953207205,0
TCGA-XK-AAIR-01A-11R-A41O-07,-0.4983377761890832,1
TCGA-BH-A0B3-01A-11R-A056-07,-0.03482081509275176,1
TCGA-BH-A1EV-01A-11R-A137-07,-0.2098108029225991,1
TCGA-AA-3982-01A-02R-1022-07,-0.43767521693674616,1
TCGA-86-6562-01A-11R-1755-07,-0.21914212248962822,1
TCGA-EJ-5496-01A-01R-1580-07,-0.4134095038313658,1
TCGA-B6-A400-01A-11R-A239-07,0.011934429220920076,0
TCGA-BF-A5ES-01A-11R-A27Q-07,-1.0274345704731682,1
TCGA-F4-6854-01A-11R-1928-07,-0.45269526421144396,1
TCGA-10-0938-01A-02R-1564-13,-0.30178873704682135,0
TCGA-D8-A1XW-01A-11R-A14M-07,-0.06340382870340534,1
TCGA-55-8089-01A-11R-2241-07,-0.17836130098660324,1
TCGA-43-3920-01A-01R-0980-07,-0.08413855798177902,0
TCGA-AA-3660-01A-01R-1723-07,-0.43113747769151967,1
TCGA-24-0970-01B-01R-1565-13,-0.33243034265323995,0
TCGA-24-2298-01A-01R-1569-13,-0.22861834305337686,1
TCGA-EJ-A46G-01A-31R-A26U-07,-0.21969173968594993,0
TCGA-A8-A093-01A-11R-A00Z-07,-0.2745846568278743,1
TCGA-A7-A26I-01B-06R-A22O-07,0.0029922654341803575,1
TCGA-24-1842-01A-01R-1567-13,-0.2780422587222164,1
TCGA-LB-A8F3-01A-11R-A36G-07,-0.21529356818555911,1
TCGA-95-7567-01A-11R-2066-07,-0.20409659689823378,1
TCGA-BH-A0EE-01A-11R-A034-07,0.013664132054474339,1
TCGA-55-7911-01A-11R-2170-07,-0.20660899258821963,1
TCGA-B2-5641-01A-01R-1541-07,-0.38286463347903177,0
TCGA-CH-5790-01A-11R-1580-07,-0.3606452580649331,1
TCGA-90-7766-01A-21R-2125-07,-0.2608256778817667,1
TCGA-AA-3818-01A-01R-0905-07,-0.484835415932729,0
TCGA-NC-A5HL-01A-11R-A26W-07,-0.2400835780352294,1
TCGA-23-1120-01A-02R-1565-13,-0.3248834723524576,1
TCGA-A8-A06N-01A-11R-A00Z-07,-0.10178878890933322,0
TCGA-24-1427-01A-01R-1565-13,-0.31264521717859023,1
TCGA-DM-A285-01A-11R-A16W-07,-0.31985790387589247,0
TCGA-B6-A0RP-01A-21R-A084-07,-0.22773467131167613,1
TCGA-77-8130-01A-11R-2247-07,-0.12600252156841985,1
TCGA-85-7843-01A-11R-2125-07,-0.29551698683967403,0
TCGA-22-1002-01A-01R-0692-07,-0.17106276408037818,1
TCGA-L5-A4OU-01A-11R-A28J-31,-0.3818280645972719,1
TCGA-44-3918-01B-02R-A277-07,0.029678706973564516,1
TCGA-EJ-5503-01A-01R-1580-07,-0.45765045659167963,1
TCGA-B9-4113-01A-01R-1193-07,-0.4460384551060728,1
TCGA-55-6642-01A-11R-1858-07,-0.17258068911225016,1
TCGA-22-4604-01A-01R-1201-07,-0.2854629434951376,1
TCGA-69-8253-01A-11R-2287-07,-0.17686728714845815,0
TCGA-43-A475-01A-11R-A24H-07,-0.20153801349758046,1
TCGA-13-0893-01B-01R-1565-13,-0.33618712066354356,1
TCGA-ZG-A9MC-01A-31R-A41O-07,-0.10734636627619601,1
TCGA-FB-AAQ3-01A-11R-A41B-07,-0.1990936647458779,0
TCGA-30-1861-01A-01R-1568-13,-0.28109616619166394,1
TCGA-A8-A0A4-01A-11R-A00Z-07,-0.17175064934859716,1
TCGA-V1-A9ZI-01A-11R-A41O-07,-0.2713034447823261,1
TCGA-AA-A01S-01A-21R-A083-07,-0.364133824144201,1
TCGA-J4-A6G1-01A-11R-A311-07,-0.23910230438451419,1
TCGA-DD-AAD5-01A-11R-A41C-07,-0.17093297048030034,0
TCGA-44-7661-01A-11R-2066-07,-0.17296300055304292,1
TCGA-FV-A23B-01A-11R-A16W-07,-0.36136240837497424,1
TCGA-E2-A1B1-01A-21R-A12P-07,-0.16573629090982456,1
TCGA-EJ-A65D-01A-11R-A30B-07,-0.13894134156284083,1
TCGA-CA-5796-01A-01R-1653-07,-0.19902589862889583,1
TCGA-AY-6196-01A-11R-1723-07,0.2770891486554558,1
TCGA-KK-A6E2-01A-11R-A311-07,-0.39556330948572377,1
TCGA-05-4384-01A-01R-1755-07,-0.23028996997002807,1
TCGA-D8-A1XD-01A-11R-A14D-07,-0.1727296188297194,1
TCGA-T1-A6J8-01A-11R-A32O-07,-0.5046930646212959,0
TCGA-A2-A0SU-01A-11R-A084-07,-0.205313044581,1
TCGA-62-A46R-01A-11R-A24H-07,-0.19687527414056535,1
TCGA-2J-AAB1-01A-11R-A41B-07,-0.5814192002140847,1
TCGA-61-2102-01A-01R-1568-13,-0.15831323790903498,1
TCGA-BQ-5891-01A-11R-1592-07,-0.23405662595204837,1
TCGA-78-7160-01A-11R-2039-07,-0.19148384880598376,1
TCGA-AZ-4614-01A-01R-1410-07,-0.2748638561487853,0
TCGA-CM-6676-01A-11R-1839-07,-0.36532070738855205,1
TCGA-LN-A49W-01A-11R-A260-31,-0.3982494085310996,1
TCGA-A2-A0EY-01A-11R-A034-07,-0.1419717096993277,1
TCGA-CJ-4869-01A-02R-1426-07,-0.31008582064926193,1
TCGA-F2-A8YN-01A-11R-A37L-07,-0.4461850771502612,1
TCGA-EW-A6SC-01A-12R-A32P-07,-0.21366211691472997,1
TCGA-77-A5G1-01A-11R-A27Q-07,-0.11956400509622235,1
TCGA-V1-A9ZR-01A-11R-A41O-07,-0.2890359024927144,1
TCGA-KK-A8I9-01A-11R-A36G-07,-0.32346150914206034,0
TCGA-CC-A3MB-01A-11R-A213-07,-0.43693351615769416,1
TCGA-B2-5635-01A-01R-1541-07,-0.5037336177122466,1
TCGA-AA-3662-01A-01R-1723-07,-0.3315816122861842,1
TCGA-S3-AA15-01A-11R-A41B-07,0.030502029897801753,1
TCGA-B8-4154-01A-01R-1188-07,-0.28193790116528933,1
TCGA-43-A474-01A-11R-A24H-07,-0.28780043098791314,1
TCGA-13-0800-01A-01R-1564-13,-0.3461068385052113,1
TCGA-L9-A50W-01A-12R-A39D-07,-0.13898909147336408,1
TCGA-B6-A1KF-01A-11R-A13Q-07,-0.08899500797232535,0
TCGA-22-1011-01A-01R-0692-07,-0.23534547502816192,1
TCGA-AA-3833-01A-01R-0905-07,-0.33789382733396695,1
TCGA-22-4605-01A-21R-2125-07,-0.24111475101227947,1
TCGA-52-7810-01A-11R-2125-07,-0.18586010390884122,1
TCGA-64-1678-01A-01R-0946-07,0.07907450235067016,1
TCGA-IB-7645-01A-22R-2204-07,-0.43036323129332055,1
TCGA-A2-A0EP-01A-52R-A22U-07,0.02322220597544156,1
TCGA-AA-A00Z-01A-01R-A002-07,-0.43535418775040424,1
TCGA-E2-A9RU-01A-11R-A41B-07,0.02138095740257683,0
TCGA-BP-5184-01A-01R-1426-07,-0.555491778575719,1
TCGA-73-4670-01A-01R-1206-07,-0.07826293884194903,1
TCGA-AA-3679-01A-02R-0905-07,-0.41928834823932193,1
TCGA-CM-5348-01A-21R-1723-07,0.020360191004963796,1
TCGA-2A-A8W3-01A-11R-A37L-07,-0.38875303645656295,0
TCGA-MH-A857-01A-11R-A355-07,-0.1561633226662827,1
TCGA-E2-A1LG-01A-21R-A14M-07,0.008449734563266038,0
TCGA-05-4418-01A-01R-1206-07,-0.12451086669080792,1
TCGA-83-5908-01A-21R-2287-07,-0.14445912737806793,0
TCGA-G3-A5SJ-01A-11R-A27V-07,-0.1930555843257466,1
TCGA-13-0901-01B-01R-1565-13,-0.2316697623776283,1
TCGA-B0-5088-01A-01R-1334-07,-0.41847510059865745,1
TCGA-AR-A0TU-01A-31R-A109-07,0.013256604358381737,0
TCGA-29-1770-01A-01R-1567-13,-0.3139979577206612,1
TCGA-AA-3855-01A-01R-1022-07,-0.4890804134369419,1
TCGA-B0-5402-01A-01R-1503-07,-0.43893633134702487,1
TCGA-DD-AACD-01A-11R-A41C-07,-0.553797462963456,1
TCGA-UB-A7MB-01A-11R-A33R-07,-0.364027240259111,0
TCGA-J9-A52B-01A-11R-A26U-07,-0.2454836344845237,1
TCGA-13-0908-01B-01R-1565-13,-0.2271489441512933,1
TCGA-AS-3777-01A-01R-0864-07,0.20457468764156458,0
TCGA-L5-A8NU-01A-11R-A36D-31,-0.20062037102125985,1
TCGA-BH-A0W5-01A-11R-A109-07,-0.1950816386505346,1
TCGA-L5-A4OE-01A-11R-A260-31,-0.4574523407719955,1
TCGA-29-1705-01A-01R-1567-13,-0.3423235326289002,1
TCGA-AA-A024-01A-02R-A00A-07,-0.25846166258739406,1
TCGA-13-0799-01A-01R-1564-13,-0.34713140197648096,1
TCGA-AR-A24L-01A-11R-A169-07,-0.24321782571509992,1
TCGA-CZ-5463-01A-01R-1503-07,-0.3503557212515361,1
TCGA-G7-A4TM-01A-11R-A31O-07,-0.5216162984413437,1
TCGA-5P-A9KH-01A-11R-A42S-07,0.06004585137803181,1
TCGA-E9-A249-01A-11R-A169-07,-0.22437288381596032,1
TCGA-J2-A4AD-01A-11R-A24H-07,-0.16210210635452674,1
TCGA-BP-4961-01A-01R-1334-07,-0.4859546003450416,1
TCGA-DD-AADB-01A-11R-A41C-07,-0.2981941104988266,1
TCGA-B6-A0X4-01A-11R-A109-07,-0.09130945629300839,0
TCGA-80-5611-01A-01R-1628-07,-0.10079899011073992,1
TCGA-A8-A06O-01A-11R-A00Z-07,-0.20333478655595524,1
TCGA-B0-4690-01A-01R-1277-07,-0.1314062541337428,1
TCGA-A8-A07C-01A-11R-A034-07,-0.04348859340416874,1
TCGA-23-1032-01A-02R-1564-13,-0.35790932202463643,1
TCGA-CM-6167-01A-11R-1653-07,0.14079371350235198,1
TCGA-D8-A142-01A-11R-A115-07,-0.06512824096176922,1
TCGA-A3-A8OV-01A-11R-A37O-07,-0.2968205457732935,1
TCGA-A8-A094-01A-11R-A00Z-07,-0.09008352321142384,0
TCGA-HC-A8D0-01A-11R-A36G-07,-0.39738980318407296,1
TCGA-M9-A5M8-01A-11R-A28J-31,-0.43592491697623614,1
TCGA-DD-AACS-01A-11R-A41C-07,-0.41886884810039626,1
TCGA-22-4593-01A-21R-1820-07,-0.24433917496851548,0
TCGA-E9-A1RB-01A-11R-A157-07,-0.14985220712870992,1
TCGA-86-A456-01A-11R-A24H-07,-0.22101369445873179,0
TCGA-AR-A24H-01A-11R-A169-07,-0.17510343167884512,1
TCGA-OL-A5D7-01A-11R-A27Q-07,0.12373790192748477,0
TCGA-85-A511-01A-21R-A262-07,-0.3323966804671845,0
TCGA-49-AAR9-01A-21R-A41B-07,-0.02029042527566401,0
TCGA-13-1496-01A-01R-1565-13,-0.2733595477505458,0
TCGA-60-2695-01A-01R-0851-07,-0.151945616763912,0
TCGA-YL-A8SH-01B-11R-A37L-07,-0.5116957063551917,1
TCGA-23-1026-01B-01R-1569-13,-0.37129850319160634,0
TCGA-AA-3684-01A-02R-0905-07,-0.13053795205196275,1
TCGA-97-8174-01A-11R-2287-07,-0.11756729542814734,1
TCGA-A3-3308-01A-02R-1325-07,-0.3598351536001546,1
TCGA-DD-A3A4-01A-11R-A22L-07,-0.4752451631075943,1
TCGA-AR-A2LO-01A-31R-A18M-07,-0.17572060911790038,0
TCGA-64-1679-01A-21R-2066-07,-0.14555508344262086,1
TCGA-56-8623-01A-11R-A28V-07,0.3192127258642856,1
TCGA-69-A59K-01A-11R-A262-07,-0.10921299370236091,0
TCGA-13-0766-01A-02R-1564-13,-0.301580714519222,1
TCGA-61-2016-01A-01R-1568-13,-0.29922280218784797,1
TCGA-XV-AAZV-01A-11R-A40A-07,-0.720252555170323,1
TCGA-AA-A01Q-01A-01R-A002-07,-0.35129510087269755,1
TCGA-A2-A25C-01A-11R-A169-07,-0.2203727297409087,1
TCGA-24-1849-01A-01R-1567-13,-0.23428353325233525,1
TCGA-LL-A5YM-01A-11R-A28M-07,0.12090146854116492,1
TCGA-23-2081-01A-01R-1568-13,-0.3311679665028195,1
TCGA-BP-4975-01A-01R-1334-07,-0.5287887637451737,1
TCGA-B8-5165-01A-01R-1420-07,-0.46656444119409446,0
TCGA-SX-A7SR-01A-12R-A36F-07,-0.5813072356056291,1
TCGA-AR-A24M-01A-11R-A169-07,-0.23363270942891756,1
TCGA-LL-A6FR-01A-12R-A31O-07,0.11193543761867164,1
TCGA-IB-A5SS-01A-11R-A32O-07,-0.4117141181666697,1
TCGA-EJ-AB27-01A-11R-A41O-07,-0.561144714080391,1
TCGA-37-3789-01A-01R-0980-07,-0.23578247283691303,1
TCGA-AA-A01F-01A-01R-A002-07,-0.4286454683537259,1
TCGA-VR-A8EY-01A-11R-A36D-31,-0.3731794133666572,1
TCGA-CK-5913-01A-11R-1653-07,-0.3629261688745997,0
TCGA-A3-3319-01A-02R-1325-07,-0.16109354848067084,0
TCGA-77-8007-01A-11R-2187-07,-0.07824246095300874,0
TCGA-24-1434-01A-01R-1566-13,-0.22665493847759705,1
TCGA-L5-A4OQ-01A-11R-A260-31,-0.3233859257632098,1
TCGA-IG-A3YC-01A-11R-A24K-31,-0.344576696289101,1
TCGA-BH-A0DV-01A-21R-A12P-07,-0.10958494339097825,1
TCGA-C8-A12N-01A-11R-A115-07,-0.1745297490527357,1
TCGA-KC-A7F6-01A-11R-A33R-07,-0.46658203695577655,1
TCGA-DM-A28E-01A-11R-A32Y-07,-0.44706597767157213,0
TCGA-85-8048-01A-11R-2247-07,-0.19683149073609502,1
TCGA-55-8614-01A-11R-2403-07,-0.06920420365925693,1
TCGA-L5-A4OH-01A-11R-A260-31,-0.4142484713311752,0
TCGA-AO-A0JJ-01A-11R-A056-07,-0.19477411258727326,1
TCGA-DM-A282-01A-12R-A16W-07,-0.37740838402515214,1
TCGA-64-5775-01A-01R-1628-07,0.06200750728760577,1
TCGA-EJ-5511-01A-01R-1580-07,-0.3528731757478692,1
TCGA-E2-A1LE-01A-12R-A19W-07,-0.033199255648364505,1
TCGA-E9-A1NH-01A-11R-A14D-07,-0.23117889679460368,0
TCGA-55-8302-01A-11R-2326-07,-0.16281086782014667,1
TCGA-O2-A52N-01A-11R-A26W-07,-0.20707269454629912,0
TCGA-AA-3495-01A-01R-1410-07,-0.43959050084537443,1
TCGA-A7-A13H-01A-11R-A22K-07,-0.1384497145212849,0
TCGA-JY-A6FE-01A-11R-A336-31,-0.16864978406734477,1
TCGA-HC-7210-01A-11R-2118-07,-0.28489758059840986,1
TCGA-L5-A88T-01A-11R-A354-31,-0.3517584378318494,0
TCGA-BP-4998-01A-01R-1334-07,-0.46464541315370195,1
TCGA-S3-A6ZG-01A-22R-A32P-07,-0.2187236838707454,1
TCGA-B0-5692-01A-11R-1541-07,-0.33589005611986494,1
TCGA-ZG-A8QY-01A-11R-A37L-07,-0.43181243697124155,1
TCGA-A1-A0SG-01A-11R-A144-07,-0.1897622570250994,0
TCGA-64-5774-01A-01R-1628-07,-0.10365741863249428,1
TCGA-L5-A8NM-01A-11R-A37I-31,-0.3947207385630851,1
TCGA-AO-A12D-01A-11R-A115-07,-0.14558445033394612,1
TCGA-39-5024-01A-21R-1820-07,-0.2446700540290392,1
TCGA-AA-A01K-01A-01R-A00A-07,-0.3502024434328539,0
TCGA-AA-3973-01A-01R-1022-07,-0.2150844079975922,1
TCGA-22-5485-01A-01R-1635-07,-0.3039998321239379,1
TCGA-50-5941-01A-11R-1755-07,-0.24100833117343956,0
TCGA-C8-A12K-01A-21R-A115-07,8.391546956176302e-05,1
TCGA-MH-A55Z-01A-11R-A26U-07,-0.5908482202072495,1
TCGA-BH-A0H3-01A-11R-A12P-07,-0.22338570100135155,1
TCGA-CJ-4890-01A-01R-1305-07,-0.3145112999856066,0
TCGA-85-8072-01A-31R-2247-07,-0.2559208639373934,0
TCGA-5M-AATA-01A-31R-A41B-07,-0.34551689914701894,0
TCGA-C8-A1HK-01A-21R-A13Q-07,-0.14396493865547358,1
TCGA-AN-A0XP-01A-11R-A109-07,-0.2532582224925609,1
TCGA-39-5028-01A-01R-1443-07,-0.12647970630145408,0
TCGA-ZG-A9L6-01A-11R-A41O-07,-0.42459584149611307,1
TCGA-AO-A03V-01A-11R-A115-07,-0.1748379241166196,1
TCGA-CJ-4895-01A-01R-1305-07,-0.43018529734923777,1
TCGA-BC-A10T-01A-11R-A131-07,-0.4179091423393724,0
TCGA-AR-A24K-01A-11R-A169-07,-0.2102348411312317,0
TCGA-A8-A06Z-01A-11R-A00Z-07,-0.1387524736732837,1
TCGA-A6-6654-01A-21R-1839-07,-0.1357098943753206,1
TCGA-G9-6373-01A-11R-1789-07,-0.39275649353460984,1
TCGA-DD-A116-01A-11R-A131-07,-0.5533336281587807,0
TCGA-VR-A8EQ-01A-11R-A36D-31,-0.2566030672136589,1
TCGA-R6-A6L6-01B-11R-A336-31,-0.24131265905556942,1
TCGA-55-A493-01A-11R-A24H-07,-0.12827904697327225,1
TCGA-ES-A2HS-01A-11R-A180-07,-0.5857794070472615,1
TCGA-KK-A8I8-01A-11R-A36G-07,-0.39021351806115867,1
TCGA-L5-A4OI-01A-11R-A36D-31,-0.3867603987836453,1
TCGA-43-6143-01A-11R-1820-07,-0.15961145613354255,1
TCGA-HC-7080-01A-11R-1965-07,-0.4619752137101149,1
TCGA-FV-A4ZQ-01A-11R-A266-07,-0.2884393586922948,0
TCGA-A3-3374-01A-02R-1325-07,0.1490262628215542,0
TCGA-IG-A3QL-01A-11R-A24K-31,-0.30348942006389196,0
TCGA-PL-A8LV-01A-21R-A41B-07,0.022299675320769607,1
TCGA-HC-A9TE-01A-11R-A41O-07,-0.1374039562090836,1
TCGA-G4-6321-01A-11R-1723-07,0.03016995915576362,1
TCGA-23-1030-01A-02R-1564-13,-0.4244035945004925,1
TCGA-FB-AAQ2-01A-31R-A41B-07,-0.2466111535347088,1
TCGA-A2-A0CY-01A-12R-A034-07,0.03230298365838664,1
TCGA-AN-A046-01A-21R-A034-07,-0.20144745218171714,1
TCGA-BH-A0B4-01A-11R-A00Z-07,-0.14855835507380374,1
TCGA-24-0982-01A-01R-1565-13,-0.41846867228842255,1
TCGA-AR-A0TY-01A-12R-A115-07,-0.09949394832924005,0
TCGA-WS-AB45-01A-11R-A41B-07,0.2305487165170801,0
TCGA-37-4135-01A-01R-1100-07,0.06402769251702695,1
TCGA-EW-A1P0-01A-11R-A144-07,-0.18418782428789854,1
TCGA-A2-A04Y-01A-21R-A034-07,-0.13295393199184047,1
TCGA-ZP-A9D4-01A-11R-A37K-07,-0.48934969559181,1
TCGA-AC-A23H-01A-11R-A157-07,-0.16511685045320149,1
TCGA-A8-A07G-01A-11R-A034-07,-0.23257520399460727,0
TCGA-63-A5MT-01A-21R-A26W-07,-0.22001609206397976,1
TCGA-05-5428-01A-01R-1628-07,-0.043977632896834394,1
TCGA-V1-A9OQ-01A-11R-A41O-07,-0.44357198346220067,1
TCGA-CZ-5454-01A-01R-1503-07,-0.3842118262411121,0
TCGA-2J-AABK-01A-31R-A41B-07,-0.48349771048398815,1
TCGA-L5-A893-01A-11R-A36D-31,-0.3976014420182219,1
TCGA-CW-5587-01A-01R-1541-07,-0.44733152874871895,1
TCGA-CH-5766-01A-11R-1580-07,-0.35755395092588,0
TCGA-E9-A1NI-01A-11R-A14D-07,-0.2177625704005613,1
TCGA-46-3767-01A-01R-0980-07,-0.16173648233743446,0
TCGA-85-7710-01A-11R-2125-07,-0.221234405045053,1
TCGA-A2-A1G1-01A-21R-A13Q-07,-0.03379469275867778,1
TCGA-AZ-6603-01A-11R-1839-07,-0.41844004727182704,1
TCGA-BP-5180-01A-01R-1426-07,-0.31465572463830155,1
TCGA-HC-7213-01A-11R-2118-07,-0.19344144918344333,1
TCGA-BP-4354-01A-02R-1289-07,-0.12658251400449,0
TCGA-E2-A14W-01A-11R-A12D-07,-0.11847330094893366,1
TCGA-L9-A444-01A-21R-A24H-07,-0.2115598596946281,1
TCGA-86-7713-01A-11R-2066-07,-0.09751553638667623,1
TCGA-MP-A4TJ-01A-51R-A262-07,-0.239752518151709,1
TCGA-B9-A5W8-01A-11R-A28H-07,-0.4223465845207095,1
TCGA-BH-A0DE-01A-11R-A115-07,-0.15526638587827105,0
TCGA-BP-4349-01A-01R-1289-07,-0.45306940765249565,1
TCGA-LL-A8F5-01A-11R-A36F-07,0.08743750505028053,1
TCGA-95-A4VK-01A-11R-A262-07,-0.18894007993894443,1
TCGA-HC-A9TH-01A-11R-A41O-07,-0.34333837241616627,1
TCGA-CM-4743-01A-01R-1723-07,-0.21236710159135277,1
TCGA-13-1499-01A-01R-1565-13,-0.3282463006968711,1
TCGA-43-7656-01A-11R-2125-07,-0.18369303093168696,1
TCGA-66-2786-01A-01R-0851-07,-0.24576384274989255,1
TCGA-44-7671-01A-11R-2066-07,-0.17172133383831575,0
TCGA-D5-6535-01A-11R-1723-07,-0.32275729855091945,1
TCGA-A3-3378-01A-02R-1325-07,-0.32615916515703425,1
TCGA-KR-A7K8-01A-11R-A33J-07,-0.46557722891828446,1
TCGA-B6-A0IG-01A-11R-A034-07,-0.10803464828383681,1
TCGA-05-5423-01A-01R-1628-07,-0.13146710513246204,1
TCGA-24-2020-01A-01R-1567-13,-0.20047054760016528,0
TCGA-EJ-5532-01A-01R-1580-07,-0.405765287476062,1
TCGA-LN-A7HX-01A-11R-A336-31,-0.49616366923301164,1
TCGA-24-1418-01A-01R-1565-13,-0.34939308961409504,1
TCGA-A6-6648-01A-11R-1774-07,-0.31423630562255717,1
TCGA-AO-A12F-01A-11R-A115-07,-0.019902624141845217,1
TCGA-DD-A1EL-01A-11R-A155-07,-0.35012117420729993,1
TCGA-F2-6880-01A-11R-2156-07,-0.037096469195383536,1
TCGA-IB-AAUW-01A-12R-A38C-07,-0.508030742451035,1
TCGA-EB-A4OZ-01A-12R-A266-07,-0.8302637167105941,1
TCGA-CJ-4878-01A-01R-1305-07,-0.2911412893013529,1
TCGA-4R-AA8I-01A-11R-A38B-07,-0.4396885410143511,1
TCGA-CZ-4853-01A-01R-1426-07,-0.48612502767536975,1
TCGA-DD-A4NN-01A-11R-A28V-07,-0.25663289204409073,1
TCGA-21-5782-01A-01R-1635-07,-0.266811915258579,1
TCGA-85-A513-01A-12R-A26W-07,0.14404631337727444,0
TCGA-29-1761-01A-01R-1567-13,-0.25361542367428397,1
TCGA-G7-6792-01A-21R-1965-07,-0.3276924763966692,0
TCGA-NC-A5HQ-01A-11R-A26W-07,-0.22294513541221622,1
TCGA-B1-A47O-01A-11R-A24Z-07,-0.3795472358610388,1
TCGA-AR-A252-01A-11R-A169-07,-0.14814267513753007,1
TCGA-BH-A18S-01A-11R-A12D-07,-0.1806615251007569,1
TCGA-LQ-A4E4-01A-11R-A266-07,-0.13791333288272092,1
TCGA-3A-A9IV-01A-11R-A41B-07,0.08364905931373795,1
TCGA-WN-A9G9-01A-12R-A37K-07,-0.05510241690048481,1
TCGA-BH-A18F-01A-11R-A12D-07,-0.21402598677009357,1
TCGA-13-0883-01A-02R-1569-13,-0.18401711693858797,0
TCGA-55-7576-01A-11R-2066-07,-0.22607759771730299,0
TCGA-44-A4SS-01A-11R-A24X-07,-0.17856498872888193,1
TCGA-AD-A5EJ-01A-11R-A28H-07,-0.3917547333939526,1
TCGA-E9-A5FL-01A-11R-A27Q-07,0.17319758874874594,1
TCGA-J4-A67L-01A-11R-A30B-07,-0.22431788078155251,1
TCGA-23-1113-01A-01R-1564-13,-0.42660059975419623,1
TCGA-55-6543-01A-11R-1755-07,-0.20016806526850653,0
TCGA-BP-4334-01A-01R-1289-07,0.2435774241901354,1
TCGA-E2-A1L6-01A-11R-A13Q-07,-0.26396165382492925,1
TCGA-D8-A27W-01A-11R-A16F-07,-0.17059505338364134,1
TCGA-B6-A0WS-01A-11R-A115-07,-0.23309457079042084,0
TCGA-B3-8121-01A-21R-2404-07,-0.3488768933659848,1
TCGA-D8-A1JK-01A-11R-A13Q-07,0.0019002636596412333,1
TCGA-A2-A04N-01A-11R-A115-07,-0.2263262564413947,1
TCGA-P4-A5E6-01A-11R-A28H-07,-0.4917350331871666,1
TCGA-PJ-A5Z9-01A-11R-A28H-07,-0.5819654914423623,1
TCGA-LN-A7HV-01A-21R-A354-31,-0.2630051751400815,1
TCGA-22-0944-01A-01R-0692-07,-0.28632250174088814,1
TCGA-AN-A0FK-01A-11R-A034-07,-0.1721074175652996,1
TCGA-BF-AAOU-01A-12R-A39D-07,-0.6350760026729129,1
TCGA-HN-A2NL-01A-11R-A18M-07,0.06674617039137154,1
TCGA-FR-A2OS-01A-11R-A21D-07,-0.6674237469451276,1
TCGA-CW-6093-01A-11R-1672-07,-0.4105336629235549,1
TCGA-DD-A73F-01A-11R-A32O-07,-0.4581488253887676,1
TCGA-WQ-A9G7-01A-11R-A37K-07,-0.20769608580564833,1
TCGA-37-3783-01A-01R-1201-07,-0.10578182394725355,1
TCGA-61-1995-01A-01R-1568-13,-0.3123231186941889,1
TCGA-DD-AAD2-01A-11R-A41C-07,-0.4152176800412163,1
TCGA-24-1616-01A-01R-1566-13,-0.3336378666302073,1
TCGA-B2-3923-01B-10R-A277-07,0.2518617264013903,1
TCGA-31-1950-01A-01R-1568-13,-0.3180485259916376,1
TCGA-FC-A5OB-01A-11R-A29R-07,-0.16519036321658484,1
TCGA-LN-A49X-01A-31R-A260-31,-0.52935950849648,1
TCGA-UU-A93S-01A-21R-A41B-07,0.07233602194445793,1
TCGA-34-5240-01A-01R-1443-07,-0.21026252012476734,1
TCGA-L5-A43C-01A-11R-A24K-31,-0.31988930091419615,1
TCGA-46-3765-01A-01R-0980-07,-0.28727335560266787,0
TCGA-B0-4844-01A-01R-1277-07,-0.21956693113405373,1
TCGA-21-1080-01A-01R-0692-07,-0.20619460863394762,1
TCGA-13-0920-01A-01R-1564-13,-0.3504739296551197,1
TCGA-F9-A8NY-01A-11R-A36F-07,-0.26530077449984296,1
TCGA-LL-A740-01A-21R-A32P-07,-0.017454055107768596,1
TCGA-BF-AAP4-01A-11R-A40A-07,-0.9363557380793548,1
TCGA-XR-A8TD-01A-12R-A39D-07,-0.31754392751317273,1
TCGA-33-4538-01A-01R-1201-07,-0.34430061014516855,1
TCGA-LL-A9Q3-01A-11R-A41B-07,-0.008326036855230146,1
TCGA-NJ-A4YF-01A-12R-A262-07,-0.033117967976120974,1
TCGA-MH-A560-01A-11R-A26U-07,-0.46069120671512936,1
TCGA-L5-A8NE-01A-11R-A37I-31,-0.2855021278523264,0
TCGA-04-1332-01A-01R-1564-13,-0.337593531397531,1
TCGA-EJ-A7NG-01A-31R-A33R-07,-0.5022594779895087,0
TCGA-A8-A08J-01A-11R-A00Z-07,-0.18260208461828975,1
TCGA-AK-3456-01A-02R-1325-07,-0.1829969856970539,1
TCGA-G7-A8LB-01A-11R-A36F-07,-0.36501977462852286,0
TCGA-B2-A4SR-01A-11R-A266-07,-0.4669993829047478,1
TCGA-62-8394-01A-11R-2326-07,-0.1335342316304726,1
TCGA-AZ-6608-01A-11R-1839-07,-0.4714333938901227,1
TCGA-Q3-AA2A-01A-11R-A37L-07,-0.4528664177222463,1
TCGA-B0-4694-01A-01R-1277-07,-0.3767223900830185,1
TCGA-AR-A24V-01A-21R-A169-07,-0.20285215124182482,0
TCGA-A2-A0EV-01A-11R-A034-07,-0.23720418472407456,1
TCGA-60-2714-01A-01R-0851-07,8.420959950453675e-05,0
TCGA-BP-4762-01A-02R-1289-07,-0.43377011411545074,1
TCGA-DD-AACG-01A-11R-A41C-07,-0.5042395331113261,1
TCGA-B0-5094-01A-01R-1420-07,-0.3185642776340677,1
TCGA-AA-3556-01A-01R-0821-07,-0.3106352395193014,0
TCGA-2J-AABO-01A-21R-A41B-07,-0.510468342938459,1
TCGA-B0-5400-01A-01R-1503-07,-0.14086244771138562,0
TCGA-77-6845-01A-11R-1949-07,-0.27177894977947276,0
TCGA-D8-A141-01A-11R-A115-07,-0.18636116988655202,1
TCGA-55-A57B-01A-12R-A39D-07,-0.2101028250048465,1
TCGA-60-2712-01A-01R-0851-07,-0.1577245134829167,1
TCGA-A6-4105-01A-02R-1774-07,-0.39711817991784903,1
TCGA-XV-A9W5-01A-11R-A38C-07,-0.797015762386116,1
TCGA-A6-5665-01B-03R-2302-07,0.2565875919246185,1
TCGA-E2-A1AZ-01A-11R-A12P-07,-0.08779495887651854,1
TCGA-55-7910-01A-11R-2170-07,-0.10380961228060813,1
TCGA-50-6673-01A-11R-1949-07,-0.16362716698732982,1
TCGA-BH-A0DL-01A-11R-A115-07,8.628336599673076e-06,1
TCGA-AU-6004-01A-11R-1723-07,-0.368405085280622,1
TCGA-E2-A15I-01A-21R-A137-07,-0.16606312162297177,1
TCGA-G9-6369-01A-21R-1965-07,-0.28698159636877213,0
TCGA-AA-3819-01A-01R-0905-07,-0.5088419658168393,0
TCGA-KK-A6E0-01A-11R-A311-07,-0.3545807571597585,0
TCGA-SX-A71W-01A-12R-A355-07,-0.602621483105494,1
TCGA-AR-A0TS-01A-11R-A115-07,-0.07300625723468143,1
TCGA-E9-A5UP-01A-11R-A28M-07,-0.02127499683422885,0
TCGA-AQ-A0Y5-01A-11R-A14M-07,-0.18069858250184986,0
TCGA-BP-4807-01A-01R-1305-07,-0.4816795978332497,1
TCGA-CM-5860-01A-01R-1653-07,-0.32619180716757223,1
TCGA-BC-A5W4-01A-11R-A28V-07,-0.4668534242869768,1
TCGA-B0-4821-01A-01R-1503-07,0.03146671621347443,1
TCGA-UZ-A9PJ-01A-11R-A38C-07,-0.5424369681924799,0
TCGA-DD-AACC-01A-11R-A41C-07,-0.4293243549293809,0
TCGA-CJ-4870-01A-01R-1305-07,-0.4213236513914018,1
TCGA-75-6207-01A-11R-1755-07,-0.07268879267646271,1
TCGA-C8-A1HO-01A-11R-A13Q-07,-0.18383181817168978,1
TCGA-JY-A938-01A-11R-A37I-31,-0.3534968952597756,1
TCGA-04-1361-01A-01R-1565-13,-0.33471223925994587,1
TCGA-2Z-A9J8-01A-11R-A42S-07,-0.3440332423988009,1
TCGA-64-1677-01A-01R-0946-07,-0.08775008060255815,0
TCGA-AO-A0JE-01A-11R-A056-07,-0.1305455663478897,1
TCGA-IG-A4P3-01A-11R-A260-31,-0.4657734218989226,1
TCGA-05-4424-01A-22R-1858-07,-0.130728291009648,0
TCGA-91-A4BD-01A-11R-A24H-07,-0.09770647905862,1
TCGA-DD-AAVS-01A-11R-A41C-07,-0.39596719402899827,0
TCGA-18-3414-01A-01R-0980-07,-0.2360486609743897,1
TCGA-J4-A83I-01A-11R-A36G-07,-0.41957949926286586,1
TCGA-39-5035-01A-01R-1443-07,-0.19086451460086662,1
TCGA-AA-3544-01A-01R-1873-07,-0.3285046049797059,1
TCGA-FB-A7DR-01A-21R-A33R-07,-0.4791438170432279,1
TCGA-99-8032-01A-11R-2241-07,-0.20247534543112564,1
TCGA-95-7948-01A-11R-2187-07,-0.04334046211705885,0
TCGA-D8-A1XU-01A-11R-A14M-07,-0.2039686548287088,0
TCGA-2Z-A9J7-01A-11R-A38C-07,-0.4550862498091586,1
TCGA-13-A5FT-01A-11R-A406-31,-0.2619482811405956,1
TCGA-BP-4803-01A-01R-1305-07,-0.49282506432564416,1
TCGA-24-2271-01A-01R-1568-13,-0.3110540023494183,1
TCGA-DD-A39V-01A-11R-A213-07,-0.5140668373024231,0
TCGA-CM-6674-01A-11R-1839-07,-0.3651593464692926,1
TCGA-30-1855-01A-01R-1567-13,-0.33541600688412565,1
TCGA-2J-AABE-01A-12R-A41B-07,-0.55744664159791,1
TCGA-ED-A82E-01A-11R-A352-07,0.013666335196831234,1
TCGA-56-7580-01A-11R-2045-07,-0.2782230664067827,1
TCGA-37-4130-01A-01R-1100-07,0.12977732693370514,1
TCGA-38-4626-01A-01R-1206-07,-0.2030532277679872,1
TCGA-CZ-4861-01A-01R-1305-07,-0.3267385915474682,1
TCGA-F4-6703-01A-11R-1839-07,0.000576739768151538,1
TCGA-61-2109-01A-01R-1568-13,-0.3656903146121995,1
TCGA-5M-AATE-01A-11R-A41B-07,-0.4433298075743034,1
TCGA-10-0931-01A-01R-1564-13,-0.33072218091941374,1
TCGA-UZ-A9PQ-01A-11R-A42S-07,-0.25854275644124547,1
TCGA-XC-AA0X-01A-32R-A405-07,-0.24713733696403387,1
TCGA-BH-A0C1-01B-11R-A12D-07,-0.23982633346822485,1
TCGA-09-1668-01B-01R-1566-13,-0.2740641670711065,1
TCGA-77-7338-01A-11R-2045-07,-0.28210429500540574,0
TCGA-61-2111-01A-01R-1568-13,-0.23616699085844226,1
TCGA-AC-A8OS-01A-12R-A41B-07,-0.10607313490766915,1
TCGA-BF-A3DJ-01A-11R-A20F-07,-0.7481338945688121,1
TCGA-CJ-4893-01A-01R-1305-07,-0.474258576040163,1
TCGA-DD-AADS-01A-11R-A41C-07,-0.5292945493938179,0
TCGA-61-2110-01A-01R-1568-13,-0.34859220692826043,1
TCGA-DD-A1EE-01A-11R-A131-07,-0.3882891426266565,1
TCGA-BH-A0BP-01A-11R-A115-07,-0.13166182116583958,1
TCGA-IG-A3I8-01A-11R-A24K-31,-0.4595484337038455,1
TCGA-86-A4D0-01A-11R-A24H-07,0.011782571590465973,0
TCGA-22-1016-01A-01R-0692-07,-0.12428145271858981,1
TCGA-BH-A0DS-01A-11R-A056-07,-0.15651955893230818,1
TCGA-AR-A5QN-01A-12R-A28M-07,-0.17739622610708114,1
TCGA-CW-6088-01A-11R-1672-07,-0.47908735500304384,0
TCGA-AQ-A04L-01B-21R-A10J-07,-0.07787301776505158,1
TCGA-A7-A13D-01A-13R-A12P-07,0.009943115650601317,1
TCGA-A2-A0YJ-01A-11R-A109-07,0.011490802296129244,1
TCGA-04-1331-01A-01R-1569-13,-0.31400070248989137,1
TCGA-HZ-A8P1-01A-11R-A37L-07,-0.20728037598892854,1
TCGA-AR-A24R-01A-11R-A169-07,-0.2383931028114886,1
TCGA-36-1575-01A-01R-1566-13,-0.28024959799268134,0
TCGA-C8-A273-01A-11R-A16F-07,-0.1429111435225819,1
TCGA-DM-A1HB-01A-21R-A180-07,-0.35003076509986497,0
TCGA-JL-A3YW-01A-12R-A239-07,0.03457557050975838,1
TCGA-13-1411-01A-01R-1565-13,-0.2674689560403868,1
TCGA-60-2710-01A-01R-0851-07,-0.3026407345091743,1
TCGA-BP-5009-01A-01R-1334-07,-0.4642618335846692,1
TCGA-T7-A92I-01A-11R-A37O-07,0.02333607073132629,1
TCGA-EB-A85I-01A-11R-A352-07,-0.8638304785409281,1
TCGA-F4-6460-01A-11R-1774-07,-0.26832825751410844,0
TCGA-B8-A54E-01A-11R-A266-07,0.10455445883390856,1
TCGA-60-2725-01A-01R-1201-07,-0.24262748461882674,1
TCGA-NC-A5HI-01A-11R-A26W-07,-0.22097062671737555,1
TCGA-BP-4965-01A-01R-1334-07,-0.5158435630889445,1
TCGA-BP-4756-01A-01R-1289-07,-0.06602959949289354,1
TCGA-A8-A095-01A-11R-A00Z-07,-0.2723116683825403,1
TCGA-MM-A84U-01A-11R-A37O-07,-0.2912210369127713,1
TCGA-HP-A5N0-01A-11R-A28V-07,-0.4102193017235416,1
TCGA-A4-7996-01A-11R-2204-07,-0.42515899077642316,1
TCGA-A2-A0EQ-01A-11R-A034-07,-0.09557975363530805,1
TCGA-A1-A0SK-01A-12R-A084-07,0.017374214586544288,1
TCGA-EJ-5505-01A-01R-1580-07,-0.44213130521277505,1
TCGA-43-5668-01A-01R-1635-07,0.0546160708393924,0
TCGA-EW-A2FV-01A-11R-A17B-07,-0.17881796084866372,0
TCGA-CZ-5456-01A-01R-1503-07,-0.3100138714250055,1
TCGA-C8-A12Y-01A-11R-A12D-07,-0.1259137037904481,1
TCGA-AR-A2LM-01A-11R-A180-07,-0.20847078683398745,1
TCGA-A6-4107-01A-02R-1410-07,-0.42024026651528035,1
TCGA-IG-A3YB-01A-11R-A36D-31,-0.24919300430246852,1
TCGA-75-6205-01A-11R-1755-07,-0.19363499174778107,1
TCGA-20-1683-01A-01R-1566-13,-0.16234928506361748,1
TCGA-BP-4170-01A-02R-1289-07,-0.5331007496397748,1
TCGA-CJ-6032-01A-11R-1672-07,-0.37001647609547694,1
TCGA-DD-AACL-01A-11R-A41C-07,-0.2690834787179023,1
TCGA-BP-4166-01A-02R-1289-07,-0.40083252947338166,1
TCGA-2H-A9GL-01A-12R-A37I-31,-0.33022505998240254,1
TCGA-B0-5084-01A-01R-1334-07,0.2522777064717687,1
TCGA-E2-A15J-01A-11R-A12P-07,-0.2057735625563086,1
TCGA-44-6775-01C-02R-A277-07,0.057840444286283973,1
TCGA-A2-A04W-01A-31R-A115-07,-0.02329316237245335,1
TCGA-G3-AAV0-01A-11R-A37K-07,-0.5799456691650722,1
TCGA-AA-A00D-01A-01R-A002-07,-0.38189916722915446,1
TCGA-56-5897-01A-11R-1635-07,-0.24655735979244078,1
TCGA-EJ-7321-01A-31R-2263-07,-0.4256173762062795,0
TCGA-2J-AABV-01A-12R-A41B-07,-0.09798940648208164,1
TCGA-C8-A8HR-01A-11R-A36F-07,-0.08511572843458746,1
TCGA-04-1362-01A-01R-1565-13,-0.2963747670810421,0
TCGA-HZ-A77Q-01A-11R-A36G-07,-0.5724295924894774,1
TCGA-D8-A1JB-01A-11R-A13Q-07,-0.17381362983425333,1
TCGA-B0-4811-01A-01R-1503-07,-0.15294481592828296,0
TCGA-24-1103-01A-01R-1565-13,-0.32093000329782106,1
TCGA-91-A4BC-01A-11R-A24H-07,-0.11078676225778365,1
TCGA-D5-5539-01A-01R-1653-07,-0.27580163314146217,1
TCGA-HZ-A4BK-01A-11R-A26U-07,-0.601917625851874,1
TCGA-13-1489-01A-01R-1565-13,-0.31941284712943824,1
TCGA-A2-A04P-01A-31R-A034-07,0.03597675797959215,1
TCGA-IA-A40Y-01A-11R-A24Z-07,-0.1474015750516483,1
TCGA-21-5783-01A-41R-2187-07,-0.21795745699035146,1
TCGA-A6-2675-01A-02R-1723-07,-0.3176060538555883,1
TCGA-B9-7268-01A-11R-A32Z-07,-0.5242748467782986,1
TCGA-BP-4777-01A-01R-1289-07,-0.4369595444828645,1
TCGA-BP-4988-01A-01R-1334-07,-0.12486221276449369,1
TCGA-2J-AABF-01A-31R-A41B-07,-0.5343802614873505,1
TCGA-56-8201-01A-11R-2247-07,-0.21245597299923918,1
TCGA-24-2035-01A-01R-1568-13,-0.2607941393494324,1
TCGA-A1-A0SP-01A-11R-A084-07,-0.0047370994356898425,1
TCGA-BC-A10S-01A-22R-A131-07,-0.5024144234910307,1
TCGA-HC-7738-01A-11R-2118-07,-0.5514093603257992,1
TCGA-IA-A83S-01A-11R-A355-07,-0.5118778889745498,0
TCGA-HZ-7920-01A-11R-2204-07,-0.3146060234996097,1
TCGA-AA-3529-01A-02R-0821-07,-0.4389603402122341,1
TCGA-D8-A1XJ-01A-11R-A14M-07,-0.1399043684191906,1
TCGA-5X-AA5U-01A-11R-A406-31,-0.23715279263412747,1
TCGA-3Z-A93Z-01A-11R-A37O-07,-0.3623594439975051,1
TCGA-E9-A227-01A-11R-A157-07,-0.21564370285987194,1
TCGA-B0-4843-01A-01R-1277-07,-0.23328817616035102,0
TCGA-BH-A8G0-01A-11R-A352-07,-0.07761929265760886,1
TCGA-FV-A3R2-01A-11R-A22L-07,-0.513023615570131,1
TCGA-CZ-4854-01A-01R-1305-07,-0.3564840095451764,1
TCGA-04-1348-01A-01R-1565-13,-0.3708918993818445,1
TCGA-38-4625-01A-01R-1206-07,-0.028692141305854863,1
TCGA-A3-A6NJ-01A-12R-A33J-07,-0.45775791066112675,1
TCGA-BH-A0C3-01A-21R-A12P-07,-0.1735901135938585,1
TCGA-58-8388-01A-11R-2326-07,-0.1226793718542088,1
TCGA-NH-A50T-01A-11R-A28H-07,-0.4370522410720474,1
TCGA-LL-A5YN-01A-11R-A28M-07,0.002880126206352813,0
TCGA-A2-A0ET-01A-31R-A034-07,-0.15970423894541041,1
TCGA-GM-A2DO-01A-11R-A18M-07,-0.02418250958164757,0
TCGA-A7-A0CH-01A-21R-A00Z-07,-0.27815834853482313,1
TCGA-2Y-A9GT-01A-11R-A38B-07,-0.4072416237000522,1
TCGA-B3-4104-01A-02R-1351-07,0.30861359278524914,1
TCGA-GM-A5PV-01A-11R-A28M-07,-0.11465879239369216,1
TCGA-29-1711-01A-01R-1567-13,-0.2713957509362263,1
TCGA-AO-A1KS-01A-11R-A13Q-07,-0.16877715650827882,0
TCGA-AO-A12G-01A-11R-A10J-07,-0.16876963386312863,1
TCGA-HZ-8002-01A-11R-2204-07,-0.3988549135175908,0
TCGA-22-5492-01A-01R-1635-07,-0.22360500649591689,1
TCGA-G4-6625-01A-21R-1774-07,-0.38953043411292615,1
TCGA-L5-A4OF-01A-11R-A260-31,-0.3830266693882259,1
TCGA-55-A48Y-01A-11R-A24H-07,-0.1759297359382629,0
TCGA-A2-A0YD-01A-11R-A109-07,-0.210064784805275,1
TCGA-13-0801-01A-01R-1564-13,-0.2557659150462175,1
TCGA-B4-5843-01A-11R-1672-07,-0.4071458128682983,1
TCGA-AY-A69D-01A-11R-A37K-07,-0.3440203090270125,0
TCGA-CJ-4899-01A-01R-1334-07,-0.49458241610071807,1
TCGA-YL-A8S9-01A-11R-A37L-07,-0.37637094477256877,1
TCGA-55-1596-01A-01R-0946-07,-0.05733224924293765,1
TCGA-UB-AA0V-01A-11R-A38B-07,-0.32366224387697135,1
TCGA-BH-A0HY-01A-11R-A056-07,-0.14439272241120013,1
TCGA-64-1676-01A-01R-0946-07,-0.05007882743663039,0
TCGA-A8-A09R-01A-11R-A00Z-07,-0.2259306267614969,0
TCGA-D8-A1Y2-01A-11R-A157-07,-0.11927019179746957,1
TCGA-5P-A9JY-01A-11R-A42S-07,-0.5222656470394761,1
TCGA-AR-A1AI-01A-11R-A12P-07,-0.023095356489304636,1
TCGA-56-7823-01B-11R-2247-07,-0.3052401784814248,1
TCGA-O2-A52V-01A-31R-A262-07,-0.350964979169034,1
TCGA-B0-4816-01A-01R-1503-07,-0.47217576486579665,1
TCGA-MH-A55W-01A-11R-A26U-07,-0.5722048385083954,1
TCGA-AN-A0FD-01A-11R-A034-07,-0.15605082109326307,1
TCGA-3A-A9IB-01A-21R-A39D-07,-0.48818137836353026,1
TCGA-P4-A5EA-01A-11R-A28H-07,-0.038634363147901744,1
TCGA-XV-A9VZ-01A-11R-A38C-07,-0.48624633172565845,0
TCGA-BC-A10U-01A-11R-A131-07,-0.3745469846942133,0
TCGA-B6-A0I9-01A-11R-A034-07,-0.16405084834888267,0
TCGA-B0-5119-01A-02R-1420-07,-0.575424838270966,0
TCGA-AR-A2LR-01A-12R-A18M-07,-0.038296739496454214,0
TCGA-22-5472-01A-01R-1635-07,-0.1745426886886915,1
TCGA-GI-A2C8-01A-11R-A16F-07,-0.08279308767920342,0
TCGA-44-2666-01A-01R-0946-07,-0.1871338679528008,1
TCGA-25-1632-01A-01R-1566-13,-0.36380937551181913,1
TCGA-78-7540-01A-11R-2066-07,-0.06315171582313493,1
TCGA-BH-A0AV-01A-31R-A115-07,-0.05918791322874838,1
TCGA-AA-3845-01A-01R-1022-07,-0.10480370595938931,1
TCGA-78-8655-01A-11R-2403-07,-0.20742654503110802,1
TCGA-BP-4345-01A-01R-1289-07,-0.2633519662359438,1
TCGA-98-A539-01A-31R-A262-07,-0.28110682422362643,0
TCGA-50-6594-01A-11R-1755-07,-0.07679161026582862,1
TCGA-49-AARN-01A-21R-A41B-07,-0.23412141093346883,1
TCGA-A3-3358-01A-01R-1541-07,-0.48487847594176464,1
TCGA-13-1483-01A-01R-1565-13,-0.3634947254881003,0
TCGA-KK-A7B2-01A-12R-A32O-07,-0.30970253687766724,1
TCGA-49-AAQV-01A-11R-A39D-07,-0.1702773459742768,0
TCGA-EV-5902-01A-11R-1592-07,-0.4364970852674471,0
TCGA-AC-A6IX-01A-12R-A32P-07,-0.18894778818779503,1
TCGA-BW-A5NQ-01A-11R-A27V-07,-0.28568730334446985,0
TCGA-B6-A0WW-01A-11R-A109-07,-0.20827694132917568,0
TCGA-R6-A8W8-01B-11R-A37I-31,-0.35446872079137937,1
TCGA-XV-AAZW-01A-12R-A40A-07,-0.7960934616340545,0
TCGA-BP-4173-01A-02R-1289-07,-0.3608618332442309,1
TCGA-HZ-A49G-01A-11R-A26U-07,-0.5700999774570735,0
TCGA-22-1012-01A-01R-0692-07,-0.280789654562124,1
TCGA-BH-A0C7-01B-11R-A115-07,-0.2094676024657182,1
TCGA-CC-A7IL-01A-11R-A33R-07,-0.6267189495388094,1
TCGA-E9-A1RA-01A-11R-A14D-07,-0.21540449124455616,1
TCGA-YL-A8HM-01A-11R-A36G-07,-0.2003831817597987,0
TCGA-AC-A3HN-01A-11R-A213-07,-0.20202825871388663,1
TCGA-D8-A1X8-01A-11R-A14M-07,-0.2627021735622198,1
TCGA-78-7159-01A-11R-2039-07,-0.18915148256967668,1
TCGA-AR-A1AK-01A-21R-A12P-07,-0.18187454156324814,1
TCGA-Y8-A8RY-01A-11R-A37K-07,-0.5518436109640487,1
TCGA-DD-AAED-01A-12R-A41C-07,-0.31500538989669097,1
TCGA-AN-A0XV-01A-11R-A109-07,-0.20357516498819864,1
TCGA-BP-4775-01A-01R-1289-07,-0.41653221865697965,1
TCGA-24-1556-01A-01R-1566-13,-0.30844002889691163,1
TCGA-44-6148-01A-11R-1755-07,-0.040891942641472674,1
TCGA-DD-A3A9-01A-11R-A266-07,-0.39806550940952135,0
TCGA-XK-AAJU-01A-11R-A41O-07,-0.4737176003000173,1
TCGA-A6-3809-01B-04R-A277-07,0.3219213159885008,1
TCGA-UZ-A9PO-01A-11R-A38C-07,-0.5755573068746764,0
TCGA-05-4398-01A-01R-1206-07,-0.17682775854669264,0
TCGA-AK-3436-01A-02R-1325-07,-0.23751335004351748,1
TCGA-D9-A4Z2-01A-11R-A24X-07,-0.6826242014453348,1
TCGA-44-8119-01A-11R-2241-07,-0.10891587696032168,1
TCGA-EB-A97M-01A-11R-A38C-07,-0.9704980859469027,1
TCGA-YL-A8HK-01A-11R-A36G-07,-0.3370366553110742,1
TCGA-GL-A59T-01A-21R-A28H-07,-0.5344441586531369,1
TCGA-90-7767-01A-11R-2125-07,-0.19083685988218088,1
TCGA-DV-5568-01A-01R-1541-07,-0.3661387733272497,1
TCGA-A4-A5Y0-01A-11R-A31O-07,-0.37882426024391996,0
TCGA-BF-A1PZ-01A-11R-A18S-07,-0.8971516109030746,1
TCGA-2J-AAB4-01A-12R-A41B-07,-0.5558723715219588,0
TCGA-AC-A8OQ-01A-11R-A41B-07,0.024254496358162254,1
TCGA-DD-AACT-01A-11R-A41C-07,-0.5182980894763143,0
TCGA-18-3412-01A-01R-0980-07,-0.2540047653487181,1
TCGA-A2-A4S2-01A-12R-A266-07,-0.15499749839101115,0
TCGA-H9-A6BY-01A-11R-A30B-07,-0.30635014221869256,0
TCGA-DW-7837-01A-11R-2139-07,-0.5110807540756576,1
TCGA-AA-3552-01A-01R-0821-07,-0.368262590659396,1
TCGA-UZ-A9PN-01A-11R-A38C-07,-0.31915383386367574,1
TCGA-NC-A5HO-01A-11R-A26W-07,-0.17405754463529288,1
TCGA-B8-A8YJ-01A-13R-A39I-07,-0.19258364848231901,1
TCGA-A2-A04Q-01A-21R-A034-07,-0.028858046277156633,1
TCGA-HC-A6AQ-01A-11R-A30B-07,-0.37234465113813103,1
TCGA-DV-A4VX-01A-11R-A266-07,-0.08517394864364612,1
TCGA-FC-A6HD-01A-11R-A31N-07,-0.16142583437938401,0
TCGA-F2-A44G-01A-11R-A26U-07,-0.4923383133636036,0
TCGA-AZ-4681-01A-01R-1410-07,-0.3504438155926548,1
TCGA-VP-A87J-01A-11R-A352-07,-0.35199076418004255,0
TCGA-C8-A8HQ-01A-11R-A36F-07,-0.14720192574380797,0
TCGA-YJ-A8SW-01A-11R-A37L-07,-0.21095088996236638,1
TCGA-63-7020-01A-11R-1949-07,-0.24626948745747668,0
TCGA-66-2754-01A-01R-0980-07,-0.01337944908808653,1
TCGA-04-1343-01A-01R-1564-13,-0.33698737323017314,1
TCGA-KK-A7AV-01A-11R-A32O-07,-0.4638819748366941,1
TCGA-HC-A632-01A-11R-A29R-07,-0.2189272568292848,0
TCGA-DD-AACE-01A-11R-A41C-07,-0.484883938595377,0
TCGA-23-1809-01A-01R-1566-13,-0.23261218921408924,1
TCGA-JY-A939-01A-12R-A37I-31,-0.28553522225519135,1
TCGA-25-1627-01A-01R-1566-13,-0.25718978368000517,1
TCGA-IB-AAUP-01A-11R-A37L-07,-0.4110571208387315,1
TCGA-RC-A6M3-01A-11R-A32O-07,-0.05006839807632945,1
TCGA-E9-A1RH-01A-21R-A169-07,-0.033179977361995336,0
TCGA-KK-A8IH-01A-11R-A36G-07,-0.39233832556419534,1
TCGA-AA-3869-01A-01R-1022-07,-0.40347753109696693,0
TCGA-B0-5116-01A-02R-1420-07,-0.3756488874903316,1
TCGA-GF-A2C7-01A-11R-A18T-07,-0.9343141092809469,1
TCGA-BH-A5J0-01A-11R-A27Q-07,-0.03782731641613254,1
TCGA-66-2727-01A-01R-0980-07,-0.31048657109909655,1
TCGA-CM-6163-01A-11R-1653-07,-0.24334810163938067,1
TCGA-55-A490-01A-11R-A466-07,-0.05287805499703351,0
TCGA-AA-3976-01A-01R-1022-07,-0.46624616543257846,1
TCGA-A6-2679-01A-02R-1410-07,-0.16940214713341661,0
TCGA-BP-5182-01A-01R-1426-07,-0.43195248317573043,1
TCGA-56-8083-01A-11R-2247-07,-0.11509944541957919,1
TCGA-55-8299-01A-11R-2287-07,-0.23100006389396854,0
TCGA-LN-A8I1-01A-11R-A36D-31,-0.19917378795289192,0
TCGA-SX-A7SU-01A-11R-A36F-07,-0.43083112195976936,1
TCGA-E9-A295-01A-11R-A16F-07,-0.15846154254049769,1
TCGA-EJ-7218-01B-11R-A32O-07,-0.5042320698680177,1
TCGA-E2-A2P5-01A-11R-A19W-07,-0.11024899713368444,1
TCGA-A2-A0ES-01A-11R-A115-07,-0.15063041700045257,1
TCGA-CK-5916-01A-11R-1653-07,-0.23940471734421853,1
TCGA-EJ-A65E-01A-11R-A29R-07,-0.4674383100153652,0
TCGA-OL-A66K-01A-11R-A29R-07,-0.1500434384223394,1
TCGA-44-6774-01A-21R-1858-07,-0.1742358044585143,1
TCGA-V1-A9Z7-01A-11R-A41O-07,-0.31586988427535206,1
TCGA-ER-A196-01A-11R-A18T-07,-0.6191923077201315,1
TCGA-2J-AABI-01A-12R-A41B-07,-0.173898323570572,1
TCGA-GJ-A9DB-01A-11R-A37K-07,-0.4563157921572706,1
TCGA-A8-A0A7-01A-11R-A00Z-07,-0.09549532014536666,1
TCGA-L5-A4ON-01A-11R-A260-31,-0.3593374786361394,1
TCGA-F4-6806-01A-11R-1839-07,-0.39689345216113,0
TCGA-66-2792-01A-01R-0980-07,-0.33021152732192244,1
TCGA-A8-A08R-01A-11R-A034-07,-0.06531499471575186,1
TCGA-E2-A1LH-01A-11R-A14D-07,0.05335682748647027,1
TCGA-24-1550-01A-01R-1566-13,-0.18166224342918108,0
TCGA-44-7660-01A-11R-2066-07,0.0206192318646985,1
TCGA-85-A53L-01A-21R-A26W-07,-0.23227606430876954,0
TCGA-MR-A8JO-01A-12R-A36F-07,-0.04369064669975336,1
TCGA-44-5643-01A-01R-1628-07,0.13892974292226007,1
TCGA-90-6837-01A-11R-1949-07,-0.19497253111908786,0
TCGA-DD-AAC9-01A-11R-A41C-07,-0.5543901628285148,0
TCGA-BH-A203-01A-12R-A169-07,-0.14702681016873143,1
TCGA-B8-4146-01B-11R-1672-07,0.16534407686250446,1
TCGA-24-1430-01A-01R-1566-13,-0.3509377544295394,1
TCGA-BH-A5IZ-01A-11R-A27Q-07,0.0296375805622165,1
TCGA-78-7633-01A-11R-2066-07,-0.13289076279771966,1
TCGA-A6-2686-01A-01R-A32Z-07,-0.17198053568995134,1
TCGA-NC-A5HF-01A-11R-A26W-07,-0.22157752042518158,1
TCGA-BQ-5882-01A-11R-1592-07,-0.1216164116825981,1
TCGA-IB-AAUM-01A-11R-A37L-07,-0.4167882576463935,1
TCGA-BF-AAP7-01A-11R-A40A-07,-0.9133870063111686,1
TCGA-NJ-A4YG-01A-22R-A262-07,-0.23102878794147044,0
TCGA-AA-3846-01A-01R-1022-07,-0.3812619119402173,1
TCGA-UN-AAZ9-01A-11R-A38C-07,-0.317104891523712,0
TCGA-HC-A76X-01A-11R-A33R-07,-0.4871043035870733,1
TCGA-25-2042-01A-01R-1568-13,-0.07117256452782797,1
TCGA-F4-6459-01A-11R-1774-07,-0.16000236279457447,1
TCGA-A7-A13F-01A-11R-A12P-07,-0.16869663313453306,0
TCGA-A2-A0CP-01A-11R-A034-07,-0.09114114208084913,1
TCGA-KK-A5A1-01A-11R-A29R-07,-0.22227927494210492,0
TCGA-F2-6879-01A-11R-2156-07,-0.39007771139070785,1
TCGA-A8-A099-01A-11R-A00Z-07,-0.18569491292236875,1
TCGA-DD-AADP-01A-11R-A39D-07,-0.47423911080559455,1
TCGA-A6-5657-01A-01R-A32Z-07,-0.3241613573600686,1
TCGA-A8-A09M-01A-11R-A00Z-07,-0.18056143464298063,1
TCGA-CH-5744-01A-11R-1580-07,-0.4241552549528065,1
TCGA-43-6771-01A-11R-1820-07,-0.11810353204277903,1
TCGA-LN-A4A5-01A-21R-A260-31,-0.36552454861939854,1
TCGA-BH-A0BZ-01A-31R-A12P-07,-0.14004209475632737,0
TCGA-05-4395-01A-01R-1206-07,-0.07688165338590136,1
TCGA-BP-5178-01A-01R-1426-07,-0.2778288755933679,1
TCGA-B6-A0RI-01A-11R-A056-07,-0.24270887860615625,0
TCGA-63-A5MB-01A-11R-A26W-07,-0.270145664254055,1
TCGA-AQ-A04J-01A-02R-A034-07,-0.08184986093985783,1
TCGA-77-8133-01A-12R-2247-07,-0.2672125036566467,0
TCGA-B0-5399-01A-01R-1503-07,-0.5025837779878426,1
TCGA-B8-A54I-01A-21R-A33J-07,-0.22075520344816305,1
TCGA-61-1910-01A-01R-1567-13,-0.3297608846700138,1
TCGA-A8-A07R-01A-21R-A034-07,-0.01969132019462371,1
TCGA-CJ-4905-01A-02R-1426-07,-0.42601250211466196,1
TCGA-AA-3525-01A-02R-0826-07,-0.38090789305552236,1
TCGA-78-8662-01A-11R-2403-07,-0.008791669107020417,1
TCGA-B6-A0IB-01A-11R-A034-07,-0.10731634247144498,0
TCGA-EJ-7328-01A-31R-2118-07,-0.3890694690106574,1
TCGA-BQ-5875-01A-11R-1592-07,-0.3134692184912319,1
TCGA-IB-7649-01A-11R-2156-07,-0.40317195555685736,0
TCGA-49-4494-01A-01R-1206-07,-0.07480892878788284,1
TCGA-AR-A24P-01A-11R-A169-07,-0.2705922835619612,1
TCGA-AA-3542-01A-02R-1873-07,-0.24817816303286333,0
TCGA-DM-A28H-01A-11R-A16W-07,-0.3043319627213199,0
TCGA-O2-A5IB-01A-11R-A27Q-07,-0.02707562467211446,0
TCGA-A8-A06X-01A-21R-A00Z-07,-0.15504074291100486,1
TCGA-BH-A28O-01A-11R-A22K-07,-0.0029177793738010484,1
TCGA-EJ-7115-01A-11R-2118-07,-0.5373763237977952,1
TCGA-DW-5560-01A-01R-1592-07,-0.2772238511202099,1
TCGA-29-1703-01A-01R-1567-13,-0.3829697215348136,1
TCGA-AA-3680-01A-01R-0905-07,-0.2821585521955317,1
TCGA-CC-A8HU-01A-11R-A36F-07,-0.35044831623183037,1
TCGA-D8-A27P-01A-11R-A16F-07,-0.24544600956196294,1
TCGA-3P-A9WA-01A-11R-A406-31,-0.2091585052503134,0
TCGA-BH-A1F6-01A-11R-A13Q-07,-0.031111337101655163,1
TCGA-63-5128-01A-01R-1443-07,-0.2912485893080344,0
TCGA-RC-A7SF-01A-11R-A352-07,-0.5311760133929643,0
TCGA-BH-A202-01A-11R-A14M-07,-0.18512388058368148,1
TCGA-DD-AAD8-01A-11R-A41C-07,-0.4648089817378597,1
TCGA-EU-5904-01A-11R-1672-07,-0.5192297983216271,1
TCGA-55-8508-01A-11R-2403-07,-0.1902926821671921,1
TCGA-B3-A6W5-01A-12R-A33Z-07,-0.5401066935838796,0
TCGA-78-7155-01A-11R-2039-07,0.17436842645010997,1
TCGA-24-2297-01A-01R-1568-13,-0.3549442744282228,0
TCGA-A8-A09W-01A-11R-A00Z-07,-0.1654726415060369,1
TCGA-B9-4617-01A-01R-1193-07,-0.5512143452738711,0
TCGA-A8-A09B-01A-11R-A00Z-07,-0.25272936562992215,1
TCGA-JY-A6FA-01A-11R-A336-31,-0.39941911904675714,1
TCGA-97-A4M1-01A-11R-A24X-07,-0.146354435562909,0
TCGA-GL-A9DD-01A-11R-A37K-07,-0.5459234269683494,1
TCGA-A3-A6NN-01A-12R-A33J-07,-0.483970598521347,1
TCGA-18-3416-01A-01R-0980-07,-0.2579482887330482,1
TCGA-EJ-5515-01A-01R-1580-07,-0.3029741682791296,1
TCGA-D5-6539-01A-11R-1723-07,-0.31268347989766543,1
TCGA-BH-A18N-01A-11R-A12D-07,-0.17966037112343067,0
TCGA-BP-4167-01A-02R-1325-07,-0.2387054730951043,1
TCGA-A2-A0CR-01A-11R-A22K-07,0.0883253954482219,1
TCGA-56-8628-01A-11R-2403-07,-0.13922629972552203,1
TCGA-55-8621-01A-11R-2403-07,-0.2255644196265945,1
TCGA-CC-A7II-01A-11R-A33J-07,0.0060566985730795084,1
TCGA-85-6560-01A-11R-1820-07,-0.09609548632429307,1
TCGA-AR-A24W-01A-11R-A169-07,-0.14766774369163277,1
TCGA-85-6175-01A-11R-1820-07,-0.04630487004721365,1
TCGA-86-7954-01A-11R-2187-07,-0.17485138524884916,1
TCGA-CC-A9FS-01A-11R-A37K-07,-0.4629891267748586,1
TCGA-25-1870-01A-01R-1567-13,-0.2699773781552733,1
TCGA-63-7022-01A-11R-1949-07,-0.15302993816237406,1
TCGA-R6-A6KZ-01A-11R-A31P-31,-0.27355509664773653,1
TCGA-AA-3562-01A-02R-0821-07,-0.4618173236987971,1
TCGA-D5-6541-01A-11R-1723-07,-0.2134994204442024,1
TCGA-PJ-A5Z8-01A-11R-A28H-07,-0.2358025151533948,0
TCGA-BP-5010-01A-02R-1420-07,-0.2572026094981952,0
TCGA-66-2790-01A-01R-0980-07,-0.24481375956574622,1
TCGA-AL-A5DJ-01A-11R-A26U-07,-0.04006133353280805,1
TCGA-AR-A0TR-01A-11R-A084-07,-0.13918264718842457,0
TCGA-AA-3979-01A-01R-1022-07,-0.375095630825729,1
TCGA-A1-A0SJ-01A-11R-A084-07,-0.14930431485403553,1
TCGA-AO-A0JA-01A-11R-A056-07,-0.22570598938236158,1
TCGA-86-A4JF-01A-11R-A24X-07,-0.15542489539319795,1
TCGA-Z6-A8JD-01A-11R-A36D-31,-0.47463586125571633,1
TCGA-92-7341-01A-31R-2045-07,-0.30097878664542616,1
TCGA-E2-A15O-01A-11R-A115-07,-0.15880035981438986,0
TCGA-V1-A9O9-01A-11R-A41O-07,-0.42708582324508854,1
TCGA-67-6215-01A-11R-1755-07,-0.21913584818028875,0
TCGA-AY-6386-01A-21R-1723-07,-0.42939223013763017,1
TCGA-LN-A4A3-01A-11R-A260-31,-0.5392009034087496,1
TCGA-44-6778-01A-11R-1858-07,-0.1501628636981804,0
TCGA-RU-A8FL-01A-11R-A37K-07,-0.32115036457458734,1
TCGA-G3-AAV1-01A-11R-A38B-07,-0.40604124681245296,0
TCGA-CH-5745-01A-11R-1580-07,-0.40547581924602705,0
TCGA-85-8580-01A-31R-2403-07,-0.3457253259928869,1
TCGA-AK-3454-01A-02R-1277-07,-0.14164515518032228,1
TCGA-M7-A722-01A-12R-A36G-07,-0.08837550626391667,1
TCGA-3A-A9IN-01A-11R-A39D-07,-0.05562501486115025,1
TCGA-49-4501-01A-01R-1206-07,-0.18945672608709854,1
TCGA-44-7667-01A-31R-2066-07,0.08202086860606952,1
TCGA-86-7714-01A-12R-2170-07,-0.18053429394976783,1
TCGA-34-5929-01A-11R-1820-07,-0.252843068898951,0
TCGA-BC-A10R-01A-11R-A131-07,-0.32123620884140475,1
TCGA-39-5027-01A-21R-1820-07,-0.2870387812684614,1
TCGA-AA-A00E-01A-01R-A002-07,-0.3632942103149406,1
TCGA-22-5473-01A-01R-1635-07,-0.3311494867869492,0
TCGA-LL-A7T0-01A-31R-A352-07,-0.07631627459940177,1
TCGA-13-1410-01A-01R-1565-13,-0.3485612560074146,1
TCGA-G9-6377-01A-11R-1965-07,-0.4197433872783577,1
TCGA-EJ-7784-01A-11R-2118-07,-0.3055999063081764,1
TCGA-51-4081-01A-01R-1100-07,-0.3172715484501738,0
TCGA-5P-A9JW-01A-11R-A42S-07,-0.49016722662407675,0
TCGA-DV-5567-01A-01R-1541-07,-0.25546497820686487,1
TCGA-BH-A1FU-01A-11R-A14D-07,-0.13441092191677106,0
TCGA-AR-A1AR-01A-31R-A137-07,-0.04772449635746002,1
TCGA-43-7658-01A-11R-2125-07,-0.03656141924486565,1
TCGA-BF-A1PU-01A-11R-A18S-07,-0.8613585335292832,0
TCGA-CM-6171-01A-11R-1653-07,-0.1800088385167931,1
TCGA-EW-A1J2-01A-21R-A13Q-07,-0.20819326198392796,1
TCGA-UB-A7MF-01A-11R-A33J-07,-0.3898918559669436,0
TCGA-DD-AAD0-01A-11R-A41C-07,-0.5096861324506635,0
TCGA-85-6561-01A-11R-1820-07,-0.26288999737230345,1
TCGA-G9-6367-01A-11R-1789-07,-0.42393917430249295,1
TCGA-DM-A1D9-01A-11R-A155-07,-0.3463193753448548,1
TCGA-EJ-7783-01A-11R-2118-07,-0.2953140862816124,1
TCGA-33-AASD-01A-11R-A405-07,-0.24823156869479554,1
TCGA-97-8177-01A-11R-2287-07,-0.20333665302267676,1
TCGA-NH-A6GA-01A-11R-A37K-07,-0.24632120653742612,0
TCGA-BH-A1FC-01A-11R-A13Q-07,-0.020262076334692007,1
TCGA-BP-4165-01A-02R-1289-07,-0.3839202620589073,1
TCGA-AA-A02R-01A-01R-A00A-07,-0.29514195215591943,1
TCGA-AD-6899-01A-11R-1928-07,-0.29872557867417315,1
TCGA-LN-A4MQ-01A-11R-A28J-31,-0.46447181584804464,1
TCGA-KK-A59Z-01A-12R-A26U-07,-0.30914268837061065,1
TCGA-MI-A75H-01A-11R-A32O-07,-0.5888914229092203,0
TCGA-38-4630-01A-01R-1206-07,0.09744395176760536,1
TCGA-EP-A3RK-01A-11R-A22L-07,-0.4433033645959949,1
TCGA-5C-A9VG-01A-11R-A37K-07,-0.24420989407634996,1
TCGA-BH-A0E7-01A-11R-A034-07,-0.23363637898244982,1
TCGA-AA-3956-01A-02R-1022-07,-0.43654136669190824,0
TCGA-HC-8216-01A-11R-A29R-07,-0.396423335201417,1
TCGA-EJ-5519-01A-01R-1580-07,-0.3118328666418845,1
TCGA-AA-3949-01A-01R-1022-07,-0.2735988157810775,0
TCGA-B0-5121-01A-02R-1420-07,-0.5022753329426939,1
TCGA-10-0926-01A-01R-1564-13,-0.3440230510051828,1
TCGA-AK-3451-01A-02R-1188-07,-0.021248288833741795,1
TCGA-A8-A085-01A-11R-A00Z-07,-0.1626975455920804,0
TCGA-BH-A18M-01A-11R-A12D-07,-0.2575920000340849,1
TCGA-G4-6315-01A-11R-1723-07,-0.5058015741557894,1
TCGA-MP-A4TE-01A-22R-A466-07,-0.07800624344189987,1
TCGA-EB-A4IS-01A-21R-A266-07,-0.6918161805359816,1
TCGA-AN-A0AS-01A-11R-A00Z-07,-0.12334415684256562,1
TCGA-CW-5583-01A-02R-1541-07,-0.5038402569414424,1
TCGA-BH-A18T-01A-11R-A12D-07,-0.03702571146589627,0
TCGA-E9-A22E-01A-11R-A157-07,-0.09230094464573688,1
TCGA-A2-A1FW-01A-11R-A13Q-07,-0.14023343054800785,1
TCGA-H6-A45N-01A-11R-A26U-07,-0.5871685473600139,1
TCGA-A2-A0SW-01A-11R-A084-07,-0.1375507534483431,0
TCGA-B0-5712-01A-11R-1672-07,-0.30021131485274727,1
TCGA-85-8277-01A-11R-2296-07,-0.28286310053713437,1
TCGA-E2-A1II-01A-11R-A144-07,0.022094488036271516,1
TCGA-24-2267-01A-01R-1568-13,-0.31633494071834733,1
TCGA-77-8131-01A-11R-2247-07,-0.13318947879657866,1
TCGA-3A-A9IZ-01A-12R-A41B-07,-0.3122965490611554,0
TCGA-55-7816-01A-11R-2170-07,-0.04890357800678121,1
TCGA-AA-3509-01A-01R-1410-07,-0.36235859040556606,1
TCGA-25-1322-01A-01R-1565-13,-0.33037953703159845,1
TCGA-35-5375-01A-01R-1628-07,0.06660669496742637,1
TCGA-CJ-4918-01A-01R-1426-07,-0.43115997169616527,1
TCGA-ED-A66X-01A-11R-A311-07,-0.20391364851578972,1
TCGA-FV-A3I0-01A-11R-A22L-07,0.06758363762540533,0
TCGA-AO-A0JG-01A-31R-A084-07,-0.18666433162179163,1
TCGA-XJ-A9DK-01A-11R-A37L-07,-0.43754140533254166,1
TCGA-BH-A0BT-01A-11R-A12P-07,-0.10325477704062407,1
TCGA-29-1783-01A-01R-1567-13,-0.4033898950621085,0
TCGA-QG-A5Z1-01A-11R-A28H-07,-0.2598129794952657,1
TCGA-F4-6805-01A-11R-1839-07,-0.32848162068490006,1
TCGA-18-4086-01A-01R-1100-07,-0.35186513175673034,1
TCGA-99-8028-01A-11R-2241-07,-0.19584987114446756,1
TCGA-B0-5109-01A-02R-1420-07,0.14418692320826576,1
TCGA-E2-A1B6-01A-31R-A12P-07,0.02958123957423077,1
TCGA-S4-A8RM-01A-11R-A37L-07,-0.322145691753735,1
TCGA-49-4486-01A-01R-1206-07,-0.023981876229108523,1
TCGA-E9-A248-01A-11R-A169-07,-0.1189446771925089,1
TCGA-IB-AAUR-01A-21R-A38C-07,-0.3901691897995814,1
TCGA-BC-A69I-01A-11R-A311-07,-0.5866035057286485,1
TCGA-AC-A23G-01A-11R-A213-07,-0.07969657251749174,0
TCGA-DD-AADG-01A-11R-A41C-07,-0.580373620171874,0
TCGA-A8-A08S-01A-11R-A034-07,-0.19523759562925064,1
TCGA-D8-A27G-01A-11R-A16F-07,-0.2478378058922789,1
TCGA-A2-A0YT-01A-11R-A109-07,-0.1973045660027631,1
TCGA-2H-A9GH-01A-11R-A37I-31,-0.34904637674966316,1
TCGA-GM-A4E0-01A-12R-A266-07,0.08469414774796954,1
TCGA-86-8358-01A-11R-2326-07,0.025040930114039343,1
TCGA-39-5034-01A-01R-1443-07,-0.007111550340248061,1
TCGA-E9-A1N3-01A-12R-A157-07,-0.17250427748240907,1
TCGA-91-8496-01A-11R-2403-07,-0.10934970590601137,1
TCGA-KC-A7FE-01A-12R-A33R-07,-0.47516826495705544,1
TCGA-04-1655-01A-01R-1566-13,-0.33100893283833716,1
TCGA-A4-7584-01A-11R-2139-07,-0.5346953146376038,1
TCGA-HZ-7918-01A-11R-2156-07,-0.27621327957337855,1
TCGA-AK-3440-01A-02R-1277-07,0.22068105776715075,0
TCGA-CZ-4857-01A-01R-1305-07,-0.34453768182692723,1
TCGA-B9-4116-01A-02R-1351-07,-0.2012426983986492,1
TCGA-DZ-6133-01A-11R-1965-07,-0.45452036929199596,0
TCGA-J9-A52E-01A-11R-A26U-07,0.03864978429714879,1
TCGA-ER-A2NB-01A-12R-A18S-07,-0.8172325448759191,1
TCGA-A3-3346-01A-01R-1766-07,0.044482903072930215,1
TCGA-3A-A9IO-01A-11R-A38C-07,0.1654896497876428,1
TCGA-BP-4325-01A-02R-1289-07,-0.461663127734091,1
TCGA-IB-7889-01A-11R-2156-07,-0.4105866768048197,0
TCGA-A8-A07F-01A-11R-A00Z-07,-0.22453449840094164,1
TCGA-78-7162-01A-21R-2066-07,-0.19305609354962885,1
TCGA-IB-7644-01A-11R-2156-07,-0.35188703522089837,0
TCGA-36-1569-01A-01R-1566-13,-0.2318375268549375,0
TCGA-52-7622-01A-11R-2125-07,-0.2942373273323847,1
TCGA-69-8453-01A-12R-2326-07,-0.2011528362506336,1
TCGA-OL-A66N-01A-12R-A31O-07,0.04172976834369981,1
TCGA-CC-A9FV-01A-11R-A37K-07,0.21597549150650408,1
TCGA-XD-AAUI-01A-42R-A41B-07,-0.5657382183988842,1
TCGA-GM-A2DN-01A-11R-A180-07,-0.18412356265489915,0
TCGA-G3-A3CK-01A-11R-A213-07,-0.4935361489263479,0
TCGA-BP-4771-01A-01R-1289-07,-0.3159962683895274,0
TCGA-DD-AACO-01A-11R-A41C-07,-0.4619178473554406,1
TCGA-75-7031-01A-11R-1949-07,-0.15243489567872545,1
TCGA-24-1552-01A-01R-1566-13,-0.32988298333416965,1
TCGA-85-8287-01A-11R-2296-07,-0.16881813537122736,0
TCGA-AY-6197-01A-11R-1723-07,-0.39570716707657194,1
TCGA-96-A4JK-01A-11R-A24Z-07,-0.23641880851977534,1
TCGA-C8-A12Z-01A-11R-A115-07,-0.17966848719156406,1
TCGA-E9-A3Q9-01A-11R-A21T-07,-0.058368330603664684,1
TCGA-AC-A8OR-01A-21R-A41B-07,-0.05735394537490101,1
TCGA-44-5644-01A-21R-2039-07,-0.05118629161119608,1
TCGA-A2-A0T3-01A-21R-A115-07,-0.14472031533095256,1
TCGA-A4-8098-01A-11R-2404-07,-0.26268351350046104,1
TCGA-EB-A82C-01A-11R-A352-07,-0.8582258299937282,0
TCGA-DM-A1D0-01A-11R-A155-07,-0.34331027862374797,1
TCGA-BF-AAP1-01A-11R-A39D-07,-0.8528445343801874,1
TCGA-S3-AA12-01A-11R-A41B-07,-0.1375750589940522,0
TCGA-24-2024-01A-02R-1568-13,-0.3270470965138433,1
TCGA-24-2026-01A-01R-1567-13,-0.25006177497627624,1
TCGA-G7-6796-01A-11R-1965-07,-0.3928819189906985,1
TCGA-AL-3473-01A-01R-1193-07,-0.14712271494620643,1
TCGA-Y8-A894-01A-11R-A36F-07,-0.41028231114460373,1
TCGA-22-5483-01A-01R-1820-07,-0.1906389409492246,1
TCGA-CJ-4644-01A-02R-1325-07,-0.44676969784217463,1
TCGA-22-5489-01A-01R-1635-07,-0.20886137676412164,1
TCGA-D8-A1JP-01A-11R-A13Q-07,-0.17928667717500227,0
TCGA-B9-A5W9-01A-11R-A28H-07,-0.4353542960679027,1
TCGA-13-0886-01A-01R-1569-13,-0.32020448852098127,1
TCGA-EB-A4P0-01A-41R-A266-07,-0.7861726187302264,1
TCGA-G4-6307-01A-11R-1723-07,-0.30990610059798485,0
TCGA-DD-AAEH-01A-11R-A41C-07,-0.5505144907589359,1
TCGA-FV-A2QQ-01A-11R-A22L-07,-0.6085795666046858,0
TCGA-MP-A4SW-01A-21R-A24X-07,-0.2269609029721446,1
TCGA-P4-A5ED-01A-11R-A28H-07,-0.07226267297826271,1
TCGA-CA-6719-01A-11R-1839-07,-0.2944605853736099,1
TCGA-AY-4071-01A-01R-1113-07,-0.34503641381680206,1
TCGA-B8-4622-01A-02R-1277-07,-0.5580802699703978,1
TCGA-AO-A1KP-01A-11R-A13Q-07,-0.1404198244036515,1
TCGA-A8-A081-01A-11R-A00Z-07,-0.18353140103628665,0
TCGA-24-2262-01A-01R-1568-13,-0.1921292971703188,1
TCGA-3A-A9I7-01A-21R-A38C-07,-0.5508556126165705,1
TCGA-A2-A0CW-01A-21R-A115-07,-0.11809235027979048,1
TCGA-UZ-A9Q0-01A-12R-A42S-07,-0.44433782412516626,1
TCGA-56-8082-01A-11R-2247-07,-0.24531341374896504,0
TCGA-39-5019-01A-01R-1820-07,-0.33529019230117063,1
TCGA-G3-A5SI-01A-31R-A27V-07,-0.4692709186188788,1
TCGA-A2-A0EX-01A-21R-A034-07,-0.18241886812285107,1
TCGA-AR-A2LJ-01A-12R-A19W-07,-0.004346244890961376,1
TCGA-R6-A6DN-01B-11R-A31P-31,-0.3663649484838108,1
TCGA-B0-4842-01A-02R-1420-07,-0.053334756600231445,1
TCGA-90-A4EE-01A-11R-A24Z-07,-0.16885152804085213,0
TCGA-DW-7834-01A-11R-2139-07,-0.43849978898885694,1
TCGA-A3-3317-01A-02R-1325-07,-0.33412379342119847,1
TCGA-LN-A7HY-01A-12R-A354-31,-0.21729817450482247,0
TCGA-B0-5080-01A-01R-1503-07,-0.29995168691274077,1
TCGA-DD-AAW3-01A-11R-A41C-07,-0.5725060034849326,1
TCGA-CM-5862-01A-01R-1653-07,-0.18440153459790662,1
TCGA-G9-6494-01A-11R-1789-07,-0.4823555681999731,0
TCGA-2J-AABT-01A-11R-A41B-07,-0.47413749285354595,1
TCGA-AA-3693-01A-01R-0905-07,-0.3567549298604264,0
TCGA-2V-A95S-01A-11R-A37K-07,-0.30153128758945785,1
TCGA-44-7669-01A-21R-2066-07,-0.04743917926540526,0
TCGA-BP-5008-01A-01R-1334-07,-0.490050034815349,1
TCGA-D5-6920-01A-11R-1928-07,-0.44367030845949773,1
TCGA-K7-A5RG-01A-11R-A28V-07,-0.20175318938876824,1
TCGA-BP-4795-01A-02R-1420-07,-0.29029447909727685,1
TCGA-18-3419-01A-01R-0980-07,-0.1778768200606115,0
TCGA-G9-6332-01A-11R-1789-07,-0.4286877958573855,1
TCGA-56-8309-01A-11R-2296-07,-0.13951166478869964,1
TCGA-AC-A23E-01A-11R-A157-07,-0.23530827003532184,1
TCGA-BQ-7046-01A-11R-1965-07,-0.5369958066067486,1
TCGA-AN-A0AT-01A-11R-A034-07,-0.002648517477790423,1
TCGA-BH-A0E9-01B-11R-A115-07,-0.21856352975548868,0
TCGA-AA-3663-01A-01R-1723-07,-0.3570169118572369,1
TCGA-A2-A0YI-01A-31R-A10J-07,-0.18537645280828272,1
TCGA-34-8456-01A-21R-2326-07,-0.20952580051001354,1
TCGA-AR-A1AJ-01A-21R-A12P-07,-0.07612017590692235,1
TCGA-44-6145-01A-11R-1755-07,-0.20171770657043173,1
TCGA-BP-4344-01A-01R-1289-07,-0.48050937869646493,1
TCGA-5C-A9VH-01A-11R-A37K-07,-0.3841875719057651,1
TCGA-62-8399-01A-21R-2326-07,-0.10701187014680602,0
TCGA-A8-A08T-01A-21R-A00Z-07,-0.22098622071760318,1
TCGA-56-7222-01A-11R-2045-07,-0.2772796706717068,0
TCGA-PZ-A5RE-01A-11R-A32O-07,-0.508154144147552,1
TCGA-EJ-5509-01A-01R-1580-07,-0.4298187686421682,0
TCGA-58-8392-01A-11R-2326-07,-0.3233525296534689,1
TCGA-18-5595-01A-01R-1635-07,-0.2342837157243325,1
TCGA-29-1695-01A-01R-1567-13,-0.2292892425997414,1
TCGA-B0-4833-01A-01R-1305-07,-0.3733301672452292,1
TCGA-D8-A27E-01A-11R-A16F-07,-0.14960258317937866,0
TCGA-BH-A209-01A-11R-A157-07,-0.10279228075856386,1
TCGA-BH-A0W4-01A-11R-A109-07,-0.2610178124122197,0
TCGA-DV-5565-01A-01R-1541-07,-0.19130168093241925,0
TCGA-94-A5I6-01A-21R-A27Q-07,-0.3484510246995699,0
TCGA-61-1725-01A-01R-1567-13,-0.3415833260665049,1
TCGA-B0-5098-01A-01R-1420-07,0.33108039386493593,1
TCGA-13-0905-01B-01R-1565-13,-0.24428429416755995,1
TCGA-AA-3667-01A-01R-0905-07,-0.2756514364235198,1
TCGA-D8-A1XC-01A-11R-A14D-07,-0.15624637427724364,0
TCGA-J4-A6M7-01A-11R-A31N-07,-0.5146670010132588,1
TCGA-24-1544-01A-01R-1566-13,-0.35955652055101983,0
TCGA-YL-A9WJ-01A-11R-A37L-07,-0.46524588211235296,1
TCGA-29-1785-01A-01R-1567-13,-0.31737593000087294,0
TCGA-98-8020-01A-11R-2247-07,-0.19690326092595545,0
TCGA-XJ-A9DQ-01A-11R-A37L-07,-0.5002700197175208,0
TCGA-C8-A8HP-01A-11R-A36F-07,-0.028510195290625047,1
TCGA-B0-5096-01A-01R-1420-07,-0.11146728092925835,1
TCGA-E9-A3QA-01A-61R-A22K-07,0.04720391820445459,1
TCGA-BH-A0WA-01A-11R-A109-07,-0.08402447199279424,1
TCGA-66-2791-01A-01R-0980-07,-0.30095149187037284,1
TCGA-BH-A0HN-01A-11R-A10U-07,-0.058921440984179056,1
TCGA-F4-6463-01A-11R-1723-07,-0.28291973576880775,0
TCGA-A2-A1FZ-01A-51R-A14D-07,-0.24508276180529684,1
TCGA-VP-AA1N-01A-31R-A41O-07,-0.3047659705139653,1
TCGA-A3-3359-01A-01R-0864-07,-0.5800883834840225,1
TCGA-AN-A049-01A-21R-A00Z-07,-0.20786077358606,1
TCGA-CZ-5462-01A-01R-1503-07,-0.23709473359982983,1
TCGA-CM-6165-01A-11R-1653-07,-0.29783990890687023,1
TCGA-DD-A3A3-01A-11R-A22L-07,-0.5522160266368114,1
TCGA-AO-A125-01A-11R-A10J-07,-0.1023496942221488,1
TCGA-69-7760-01A-11R-2170-07,-0.11220093499479356,1
TCGA-KC-A7FD-01A-11R-A33R-07,-0.33435292599102207,0
TCGA-UZ-A9PK-01A-11R-A38C-07,-0.6312394894773002,1
TCGA-62-8398-01A-11R-2326-07,-0.15032093156248041,1
TCGA-B0-4698-01A-01R-1503-07,0.3632533994152065,1
TCGA-L5-A88V-01A-11R-A354-31,-0.272690278775495,1
TCGA-3A-A9IX-01A-11R-A41B-07,-0.4872119827302796,1
TCGA-55-A4DG-01A-11R-A24H-07,-0.1792973454642434,1
TCGA-EW-A424-01A-11R-A24H-07,-0.11038956065452576,1
TCGA-60-2706-01A-01R-0851-07,-0.11125290093760819,1
TCGA-IA-A40U-01A-11R-A24Z-07,-0.5425746151361925,1
TCGA-GM-A3XG-01A-31R-A24H-07,0.01017352504218059,0
TCGA-ZR-A9CJ-01B-11R-A38D-31,-0.3053659896062691,1
TCGA-BH-A18G-01A-11R-A12D-07,-0.03954804862850883,1
TCGA-G9-6384-01A-11R-1789-07,-0.4230467076639752,0
TCGA-67-6216-01A-11R-1755-07,-0.21789553144446752,1
TCGA-13-1488-01A-01R-1565-13,-0.317037789848125,1
TCGA-G9-6343-01A-21R-1965-07,-0.39480119771417543,1
TCGA-90-A59Q-01A-11R-A26W-07,-0.05851621910922324,1
TCGA-CW-5580-01A-01R-1672-07,-0.4468244695806042,1
TCGA-25-1625-01A-01R-1566-13,-0.15625348479454876,1
TCGA-EJ-A8FS-01A-11R-A352-07,-0.4482968353082685,1
TCGA-CM-6164-01A-11R-1653-07,-0.44767282972606515,0
TCGA-29-1763-01A-02R-1567-13,-0.3487688276610452,0
TCGA-97-7941-01A-11R-2187-07,-0.15560522762630435,1
TCGA-B0-4696-01A-01R-1277-07,0.4580308602553995,1
TCGA-AA-3675-01A-02R-0905-07,-0.3859587356886717,1
TCGA-HC-A6AS-01A-11R-A30B-07,-0.2571239873707058,1
TCGA-LN-A7HW-01A-22R-A354-31,-0.4084505332663636,1
TCGA-50-6595-01A-12R-1858-07,-0.10939784578214506,0
TCGA-05-4433-01A-22R-1858-07,-0.1639733591327141,1
TCGA-B0-5113-01A-01R-1420-07,-0.4705492227224773,1
TCGA-OL-A66I-01A-21R-A29R-07,0.03287894202467572,1
TCGA-GM-A2DL-01A-11R-A18M-07,-0.13172150721877532,1
TCGA-10-0934-01A-02R-1564-13,-0.05795774383787566,1
TCGA-B1-5398-01A-02R-1592-07,-0.3278862946755415,1
TCGA-09-1667-01C-01R-1566-13,-0.38942726028810754,1
TCGA-69-7979-01A-11R-2187-07,-0.08131826918967154,1
TCGA-22-1017-01A-01R-0692-07,-0.047624882467079396,1
TCGA-BP-4759-01A-01R-1289-07,-0.35211949404971055,1
TCGA-ED-A459-01A-11R-A266-07,-0.33687995406060034,1
TCGA-EB-A51B-01A-11R-A27Q-07,-0.8558684460030428,1
TCGA-CW-6090-01A-11R-1672-07,-0.35496767206376023,1
TCGA-AA-3968-01A-01R-1022-07,-0.39571437230731477,1
TCGA-85-8276-01A-11R-2296-07,-0.25214496614872706,1
TCGA-D5-6924-01A-11R-1928-07,-0.31927273831674546,1
TCGA-95-7947-01A-11R-2187-07,-0.10772647467031547,1
TCGA-50-5932-01A-11R-1755-07,-0.1095161707875949,1
TCGA-G9-6342-01A-11R-1965-07,-0.5432717420565606,1
TCGA-BH-A0H9-01A-11R-A056-07,-0.1893856820813865,1
TCGA-AR-A24X-01A-11R-A169-07,-0.26857193205710994,1
TCGA-A4-A5Y1-01A-11R-A28H-07,-0.22959236374704917,1
TCGA-AR-A1AV-01A-21R-A12P-07,-0.2610217056061108,1
TCGA-33-4582-01A-01R-1443-07,-0.17045771464682866,1
TCGA-A7-A0DC-01B-04R-A22O-07,-0.019772871737596648,1
TCGA-E9-A245-01A-22R-A16F-07,-0.15609476045004778,1
TCGA-LN-A49Y-01A-11R-A260-31,-0.2835762353109498,1
TCGA-BP-4960-01A-01R-1334-07,-0.34570525734828034,1
TCGA-CJ-4641-01A-02R-1325-07,-0.4181838741898573,1
TCGA-55-7281-01A-11R-2039-07,-0.21226644376678894,1
TCGA-AA-3870-01A-01R-1022-07,-0.26247142227850107,1
TCGA-MI-A75E-01A-11R-A32O-07,-0.5710381185700585,1
TCGA-DD-A1EF-01A-11R-A131-07,-0.22623028066336281,1
TCGA-VR-A8EX-01A-11R-A36D-31,-0.41347721196631204,1
TCGA-56-8504-01A-11R-2403-07,-0.28418076256258845,1
TCGA-MG-AAMC-01A-11R-A41O-07,-0.30503125824044003,0
TCGA-56-A49D-01A-11R-A24H-07,-0.17954506004480328,1
TCGA-39-5022-01A-21R-1820-07,-0.1840961318334256,0
TCGA-55-7573-01A-11R-2039-07,-0.22425304099179635,0
TCGA-13-0730-01A-01R-1564-13,-0.2757940944900077,1
TCGA-D5-6538-01A-11R-1723-07,-0.3410044921609535,1
TCGA-2Y-A9GU-01A-11R-A38B-07,-0.44779793649933086,0
TCGA-YL-A8HJ-01A-11R-A36G-07,-0.36232118302760424,1
TCGA-05-4396-01A-21R-1858-07,-0.10405301861931025,1
TCGA-E2-A1LL-01A-11R-A144-07,0.09663293105284963,1
TCGA-24-2281-01A-01R-1568-13,-0.40404786181759367,1
TCGA-33-A4WN-01A-11R-A262-07,-0.31130138138552094,1
TCGA-CZ-5985-01A-11R-1672-07,-0.36744852557717056,1
TCGA-GN-A263-01A-11R-A18T-07,-0.37883784530874287,1
TCGA-E9-A1RE-01A-11R-A157-07,-0.17626508555885598,1
TCGA-E2-A15M-01A-11R-A12D-07,-0.18164404717373742,0
TCGA-HC-8262-01A-11R-2263-07,-0.5318945755894271,1
TCGA-DM-A0X9-01A-11R-A155-07,-0.45527006659428654,1
TCGA-A7-A4SC-01A-12R-A266-07,-0.13132265239718574,0
TCGA-AN-A04A-01A-21R-A034-07,-0.20188036798068582,0
TCGA-QA-A7B7-01A-11R-A32O-07,-0.2818004987438013,1
TCGA-29-2427-01A-01R-1569-13,-0.23459040973080086,0
TCGA-25-1633-01A-01R-1566-13,-0.1721731287968505,1
TCGA-85-A510-01A-11R-A26W-07,-0.07156556572241153,1
TCGA-75-5147-01A-01R-1628-07,-0.1602393470875855,0
TCGA-D3-A5GT-01A-12R-A311-07,-0.794619115565347,1
TCGA-49-AARR-01A-11R-A41B-07,-0.13094660423991739,1
TCGA-CH-5740-01A-11R-1580-07,-0.4375396288409697,1
TCGA-BH-A0W3-01A-11R-A109-07,-0.21603984167810117,1
TCGA-13-1487-01A-01R-1565-13,-0.39357458631103354,1
TCGA-CZ-5464-01A-01R-1503-07,-0.4023208861404191,0
TCGA-HC-A8D1-01A-11R-A36G-07,-0.5306438323452585,1
TCGA-13-0884-01B-01R-1565-13,-0.4029012158530954,0
TCGA-D8-A1JD-01A-11R-A13Q-07,-0.23380140796488144,1
TCGA-61-2009-01A-01R-1568-13,-0.2653928880091331,0
TCGA-J4-A67N-01A-11R-A30B-07,-0.23663342822214886,1
TCGA-66-2788-01A-01R-0980-07,-0.2869858459786233,1
TCGA-EJ-5501-01A-01R-1580-07,-0.45703378481038603,1
TCGA-BC-4072-01B-11R-A155-07,-0.0922463416589171,1
TCGA-LN-A5U7-01A-11R-A31P-31,-0.5537038194735295,1
TCGA-IG-A4QT-01A-21R-A260-31,-0.1506255008100873,1
TCGA-YL-A9WX-01A-21R-A41O-07,-0.4048650739656309,1
TCGA-3A-A9IL-01A-11R-A38C-07,0.04758536216984626,1
TCGA-AD-6965-01A-11R-1928-07,-0.43018244105449277,1
TCGA-60-2704-01A-11R-2045-07,-0.1386510392844507,1
TCGA-AA-3514-01A-02R-0821-07,-0.12471642566749493,1
TCGA-IB-A5ST-01A-11R-A32O-07,-0.47969854377088395,1
TCGA-BH-A0DQ-01A-11R-A084-07,-0.1870027825485688,1
TCGA-D8-A1XY-01A-11R-A14M-07,-0.18960481597879777,1
TCGA-ZG-A9LB-01A-11R-A41O-07,-0.12117748666194542,1
TCGA-L5-A4OR-01A-11R-A260-31,-0.43326577851432196,1
TCGA-LD-A74U-01A-13R-A33J-07,-0.11738705060586167,1
TCGA-B8-4148-01A-02R-1325-07,-0.4450949147427252,1
TCGA-77-8009-01A-11R-2187-07,-0.26086601515592733,1
TCGA-55-7574-01A-11R-2039-07,-0.20921751905989863,1
TCGA-XA-A8JR-01A-11R-A36G-07,-0.5589287662002222,0
TCGA-B0-5095-01A-01R-1420-07,-0.38852390022283795,1
TCGA-NC-A5HE-01A-11R-A26W-07,-0.15822458364863284,1
TCGA-RC-A6M4-01A-11R-A32O-07,-0.6230786228824242,1
TCGA-EJ-A8FN-01A-11R-A352-07,-0.5159622177987663,1
TCGA-2Z-A9JK-01A-11R-A42S-07,-0.2274240286315908,1
TCGA-69-8254-01A-11R-2287-07,-0.1972347583248873,0
TCGA-67-6217-01A-11R-1755-07,-0.23304205186969446,1
TCGA-55-7994-01A-11R-2187-07,-0.14420109448578877,1
TCGA-55-8090-01A-11R-2241-07,-0.20765219278261124,0
TCGA-LN-A5U5-01A-21R-A28J-31,-0.3117544736730565,1
TCGA-66-2768-01A-01R-0851-07,-0.24920691507733156,1
TCGA-WQ-AB4B-01A-11R-A41C-07,-0.5662179830952659,1
TCGA-77-6844-01A-11R-1949-07,-0.28752173198129766,1
TCGA-A8-A07Z-01A-11R-A00Z-07,-0.12368146177517694,1
TCGA-AA-3977-01A-01R-1022-07,-0.3832916143536888,0
TCGA-AC-A3W7-01A-11R-A22K-07,-0.14008964052927672,1
TCGA-CC-5263-01A-01R-A131-07,0.03714244146414217,1
TCGA-18-3411-01A-01R-0980-07,-0.23431698261778217,1
TCGA-DM-A0XD-01A-12R-A155-07,-0.4060990582056887,0
TCGA-OL-A5RU-01A-11R-A28M-07,-0.11792004345358335,1
TCGA-33-AASB-01A-11R-A405-07,-0.07403395502749231,1
TCGA-B6-A0RG-01A-11R-A056-07,-0.18888794426570107,1
TCGA-DD-AAC8-01A-11R-A41C-07,-0.35556619269721407,1
TCGA-VP-A87D-01A-11R-A352-07,-0.4173895571460207,1
TCGA-BH-A0HX-01A-21R-A056-07,-0.19631881988626182,1
TCGA-BP-4353-01A-02R-1289-07,-0.43280322835629564,0
TCGA-66-2793-01A-01R-1201-07,-0.12608340940014,1
TCGA-E2-A15A-01A-11R-A12D-07,-0.22821885076779636,1
TCGA-61-2094-01A-01R-1568-13,-0.20580605667475857,0
TCGA-AA-3502-01A-01R-1410-07,-0.3592178351978828,1
TCGA-E9-A22G-01A-11R-A157-07,-0.010415546186719353,1
TCGA-A3-3325-01A-01R-0864-07,-0.5001989618341,0
TCGA-BP-4176-01A-02R-1289-07,-0.4173654029314494,1
TCGA-09-1669-01A-01R-1566-13,-0.42792469434119335,1
TCGA-04-1365-01A-01R-1565-13,-0.38836633076980515,1
TCGA-2Z-A9JS-01A-21R-A42S-07,-0.578963137628826,1
TCGA-AR-A0U4-01A-11R-A109-07,-0.02635083914031617,1
TCGA-B0-5713-01A-11R-1672-07,-0.5298163273022216,0
TCGA-L3-A4E7-01A-11R-A24Z-07,-0.16997064210214108,1
TCGA-G7-6795-01A-11R-1965-07,-0.39069449650449684,0
TCGA-AY-5543-01A-01R-1653-07,-0.3912891573295717,0
TCGA-G4-6294-01A-11R-1774-07,-0.3749189907100385,1
TCGA-CM-5344-01A-21R-1723-07,-0.328777666629954,0
TCGA-TK-A8OK-01A-22R-A36G-07,-0.19693671271957747,0
TCGA-VR-AA4G-01A-11R-A37I-31,-0.516431394358439,1
TCGA-JY-A93C-01A-11R-A38D-31,-0.3066482604713289,1
TCGA-G9-6356-01A-11R-1789-07,-0.46933677618649755,0
TCGA-A2-A0ER-01A-21R-A034-07,-0.21299269783516595,1
TCGA-62-A46O-01A-11R-A24H-07,0.026067853396817466,1
TCGA-BQ-5885-01A-11R-1592-07,-0.3093175584307382,1
TCGA-E2-A1IN-01A-11R-A13Q-07,-0.2568136339166637,1
TCGA-NJ-A55R-01A-11R-A262-07,-0.14737711238343368,0
TCGA-A3-3383-01A-02R-1325-07,-0.1225124220787643,1
TCGA-B4-5844-01A-11R-1672-07,-0.46183252972428007,1
TCGA-CJ-5676-01A-11R-1541-07,-0.3672062538959213,1
TCGA-MH-A561-01A-11R-A26U-07,-0.5045365040694355,1
TCGA-96-A4JL-01A-11R-A24Z-07,-0.11824269141340846,0
TCGA-KK-A6DY-01A-12R-A311-07,-0.4179536688785573,1
TCGA-2Z-A9JP-01A-11R-A42S-07,-0.5272912932314751,1
TCGA-VR-A8ER-01A-11R-A36D-31,-0.34723840266708295,1
TCGA-24-2288-01A-01R-1568-13,-0.28613972815813754,1
TCGA-A8-A0AD-01A-11R-A056-07,-0.22319600219240718,1
TCGA-B6-A0IQ-01A-11R-A034-07,-0.02103990789790103,1
TCGA-DM-A28A-01A-21R-A32Y-07,-0.3778303242335312,1
TCGA-09-0369-01A-01R-1564-13,-0.27364712954362846,1
TCGA-G7-A8LD-01A-11R-A36F-07,0.04153750631285905,1
TCGA-A4-7732-01A-11R-2139-07,-0.5291696695724619,1
TCGA-QU-A6IP-01A-11R-A31N-07,-0.530987353202383,1
TCGA-DD-A1EG-01A-11R-A213-07,-0.5013899802219595,0
TCGA-BP-5004-01A-01R-1334-07,-0.4617767587064291,0
TCGA-BP-5006-01A-01R-1334-07,-0.5075045619329971,1
TCGA-A6-6781-01A-22R-A278-07,0.15133313339315718,1
TCGA-CA-5255-01A-11R-1839-07,-0.3999254031653231,0
TCGA-66-2782-01A-01R-0851-07,-0.19623134935975223,1
TCGA-MP-A4SY-01A-21R-A24X-07,-0.21414092939316565,1
TCGA-44-3398-01A-01R-1107-07,-0.09519088650651507,1
TCGA-97-8171-01A-11R-2287-07,-0.0010737541317329341,1
TCGA-BH-A0BG-01A-11R-A115-07,-0.04900372493231631,0
TCGA-B0-4834-01A-01R-1305-07,0.0130287704743411,0
TCGA-A2-A25B-01A-11R-A169-07,-0.22400050952691786,1
TCGA-70-6723-01A-11R-1820-07,-0.2601588886623089,1
TCGA-KK-A8IJ-01A-11R-A352-07,-0.4942257837661838,1
TCGA-CZ-5986-01A-11R-1672-07,-0.36247684596665414,1
TCGA-BH-A1EN-01A-11R-A13Q-07,-0.06457641763757889,1
TCGA-CH-5768-01A-11R-1580-07,-0.3811556602110125,1
TCGA-B0-4846-01A-01R-1277-07,-0.5213005394074098,1
TCGA-E2-A2P6-01A-11R-A19W-07,-0.13335230849305552,1
TCGA-AK-3434-01A-02R-1277-07,-0.4795951420877009,1
TCGA-WW-A8ZI-01A-11R-A37L-07,-0.30390996902174083,1
TCGA-56-7730-01A-11R-2125-07,-0.25749124581622307,1
TCGA-3A-A9I9-01A-11R-A38C-07,-0.5104542187619423,0
TCGA-EP-A2KC-01A-11R-A213-07,-0.5029789386525616,1
TCGA-AO-A1KO-01A-31R-A13Q-07,0.0009785018760778213,1
TCGA-BH-A18K-01A-11R-A12D-07,-0.21333998929026218,1
TCGA-D8-A147-01A-11R-A115-07,-0.07581060613868294,1
TCGA-24-0979-01A-01R-1565-13,-0.38207400734360725,0
TCGA-HC-7821-01A-12R-2118-07,-0.35036330623336176,1
TCGA-3A-A9IU-01A-11R-A39D-07,-0.4495281019393046,1
TCGA-AC-A3QP-01A-11R-A22U-07,-0.03198229336720408,1
TCGA-E9-A226-01A-21R-A157-07,-0.21038249186223623,1
TCGA-MP-A4T7-01A-11R-A24X-07,-0.1934064635113982,1
TCGA-HE-7129-01A-11R-1965-07,-0.5112850537286961,1
TCGA-91-7771-01A-11R-2170-07,-0.16667114137164984,1
TCGA-CC-A7IK-01A-12R-A33R-07,-0.23556455920208555,1
TCGA-AD-6895-01A-11R-1928-07,-0.30262724820351294,1
TCGA-2Z-A9JN-01A-21R-A42S-07,-0.18094107551380312,1
TCGA-Y8-A898-01A-11R-A355-07,-0.5614661074927574,1
TCGA-24-1545-01A-01R-1566-13,-0.2502467461446002,1
TCGA-60-2711-01A-01R-0851-07,-0.27449828665345116,1
TCGA-US-A77G-01A-11R-A32O-07,-0.3883012411244221,1
TCGA-44-5645-01B-04R-A277-07,0.125241720178549,1
TCGA-23-1109-01A-01R-1564-13,-0.3947109480000535,1
TCGA-DD-A1EJ-01A-11R-A155-07,-0.3785268091608407,1
TCGA-CK-6748-01A-11R-1839-07,-0.19753199495357165,0
TCGA-HE-A5NH-01A-11R-A26U-07,-0.5193700678415539,0
TCGA-LL-A50Y-01A-11R-A266-07,-0.05196947835642595,1
TCGA-BP-5173-01A-01R-1426-07,-0.343165794015117,0
TCGA-V1-A9O7-01A-21R-A41O-07,-0.28723572726204105,0
TCGA-L5-A4OJ-01A-11R-A260-31,-0.38042911525682765,1
TCGA-05-4434-01A-01R-1206-07,-0.2016921171906385,1
TCGA-AZ-4682-01B-01R-A32Z-07,-0.42338881952186147,1
TCGA-D8-A1J9-01A-11R-A13Q-07,-0.20813987555433458,1
TCGA-CH-5746-01A-11R-1580-07,-0.5291573090246815,0
TCGA-KV-A6GD-01A-11R-A31O-07,-0.4859863831474899,1
TCGA-B0-4707-01A-01R-1277-07,-0.06881189614077098,1
TCGA-58-8393-01A-11R-2326-07,-0.23029986734472888,1
TCGA-FV-A495-01A-11R-A266-07,-0.5219236187212839,1
TCGA-99-8033-01A-11R-2241-07,-0.16191453651272533,1
TCGA-77-8139-01A-11R-2247-07,-0.2655110338509271,1
TCGA-ED-A5KG-01A-11R-A27V-07,0.1397681081235848,1
TCGA-94-7033-01A-11R-1949-07,-0.1469162160743533,1
TCGA-AA-3530-01A-01R-1022-07,-0.35188863344159194,1
TCGA-ZG-A9L1-01A-11R-A41O-07,-0.20756105908713748,1
TCGA-FR-A3R1-01A-11R-A239-07,-0.702284537116328,1
TCGA-2Z-A9JL-01A-11R-A42S-07,-0.46390224560692145,1
TCGA-20-0987-01A-02R-1564-13,-0.16452631462606396,0
TCGA-59-2363-01A-01R-1569-13,-0.2882226473753569,1
TCGA-24-1419-01A-01R-1565-13,-0.3129848345351799,1
TCGA-BH-A1FH-01A-12R-A13Q-07,-0.08257824674614361,1
TCGA-B6-A0IA-01A-11R-A034-07,-0.04054073710206499,1
TCGA-98-7454-01A-11R-2045-07,-0.06261087211874476,0
TCGA-5P-A9JZ-01A-11R-A42S-07,-0.5830687087284991,1
TCGA-55-6984-01A-11R-1949-07,-0.14967062625406763,1
TCGA-HC-8264-01B-11R-2403-07,-0.32886422490214384,1
TCGA-G4-6314-01A-11R-1723-07,-0.29596472741764657,1
TCGA-68-8250-01A-11R-2296-07,-0.2258543489450203,1
TCGA-29-1769-01A-01R-1567-13,-0.3363019729390846,0
TCGA-EU-5905-01A-11R-1672-07,-0.37272567897151815,1
TCGA-F9-A7Q0-01A-11R-A36F-07,-0.3874769400608268,1
TCGA-DD-AACN-01A-11R-A41C-07,-0.27613512981024785,0
TCGA-A8-A079-01A-21R-A00Z-07,-0.1228448269800764,1
TCGA-D8-A1JN-01A-11R-A13Q-07,-0.10702059513321023,1
TCGA-A8-A08B-01A-11R-A00Z-07,-0.16622463492949596,1
TCGA-JY-A6FD-01A-11R-A336-31,-0.47709372993284255,1
TCGA-A8-A086-01A-11R-A00Z-07,-0.23226050709108165,1
TCGA-13-2060-01A-01R-1568-13,-0.282937871164107,1
TCGA-HC-8265-01B-04R-2302-07,0.4025017080311715,1
TCGA-S4-A8RP-01A-11R-A36G-07,-0.5665150144700131,1
TCGA-A8-A09Z-01A-11R-A00Z-07,-0.04586723765083045,1
TCGA-CK-6751-01A-11R-1839-07,-0.4696533292930059,0
TCGA-RB-A7B8-01A-12R-A33R-07,-0.5420605295958311,1
TCGA-68-7755-01A-11R-2125-07,-0.2858331300049506,0
TCGA-66-2759-01A-01R-0851-07,-0.31554971296664713,1
TCGA-AA-A00J-01A-02R-A002-07,-0.3295922318857211,1
TCGA-L5-A8NL-01A-12R-A37I-31,-0.3503743923568413,1
TCGA-24-1557-01A-01R-1566-13,-0.3462824520781345,1
TCGA-A7-A3IY-01A-21R-A21T-07,-0.08402352773659291,1
TCGA-B8-4151-01A-01R-1188-07,-0.3071175156683453,1
TCGA-61-1914-01A-01R-1567-13,-0.2967945715833048,1
TCGA-IG-A3Y9-01A-12R-A24K-31,-0.36400985368398203,1
TCGA-L5-A891-01A-11R-A36D-31,-0.2015793842437942,1
TCGA-BP-4983-01A-01R-1334-07,0.045330047600472836,1
TCGA-04-1514-01A-01R-1566-13,-0.25166700297799727,1
TCGA-NJ-A55A-01A-11R-A262-07,-0.17650556705942755,1
TCGA-A8-A09I-01A-22R-A034-07,-0.21087104724585595,1
TCGA-AR-A251-01A-12R-A169-07,-0.035510821157658856,1
TCGA-60-2715-01A-01R-0851-07,-0.11257193631439988,1
TCGA-D9-A4Z3-01A-11R-A266-07,-0.6311862523800106,1
TCGA-E2-A14Q-01A-11R-A12D-07,-0.22957548147033416,0
TCGA-EW-A1P7-01A-21R-A144-07,-0.008047691910018471,1
TCGA-HV-AA8X-01A-11R-A39D-07,-0.368132763780121,1
TCGA-ZG-A9L4-01A-11R-A41O-07,-0.30703007335183347,1
TCGA-VN-A88L-01A-11R-A352-07,-0.45942976200171626,1
TCGA-Z7-A8R5-01A-42R-A41B-07,0.03202251226918241,1
TCGA-IG-A51D-01A-11R-A36D-31,-0.4642692252831297,0
TCGA-5P-A9K9-01A-11R-A42S-07,-0.1154440328593721,1
TCGA-23-1114-01B-01R-1566-13,-0.33225452983467224,1
TCGA-IZ-A6M9-01A-11R-A31O-07,-0.48650395717638495,1
TCGA-44-2662-01B-02R-A277-07,0.06219821139741243,1
TCGA-A8-A08C-01A-11R-A00Z-07,-0.20585577349422002,1
TCGA-36-1568-01A-01R-1566-13,-0.27327978850923224,1
TCGA-MN-A4N1-01A-11R-A24X-07,-0.10113977261761511,0
TCGA-C8-A12X-01A-11R-A115-07,-0.10730172386040679,1
TCGA-63-5131-01A-01R-1443-07,-0.22043395711275038,1
TCGA-G9-6499-01A-12R-1965-07,-0.4103930593349698,1
TCGA-L5-A43M-01A-11R-A24K-31,-0.3230029122736087,1
TCGA-C8-A275-01A-21R-A16F-07,-0.12289415521793078,1
TCGA-A6-5664-01A-21R-1839-07,-0.26177640720238743,0
TCGA-4B-A93V-01A-11R-A39D-07,-0.008392818108870893,1
TCGA-G9-6364-01A-21R-1789-07,-0.3532883988531012,1
TCGA-YH-A8SY-01A-11R-A37L-07,-0.4618503449164937,1
TCGA-BP-4760-01A-02R-1420-07,-0.276079782525926,1
TCGA-DD-AAVU-01A-11R-A41C-07,-0.6024255759059731,1
TCGA-XN-A8T5-01A-12R-A36G-07,-0.5045407769233425,0
TCGA-55-8207-01A-11R-2241-07,-0.1814194379956927,1
TCGA-DD-AAVV-01A-11R-A41C-07,-0.3801674612763119,1
TCGA-FV-A2QR-01A-11R-A213-07,-0.4466483995702713,1
TCGA-DD-AAEE-01A-11R-A41C-07,-0.5489503772095822,1
TCGA-B8-5159-01A-01R-1420-07,-0.4153208929094495,1
TCGA-2A-A8VX-01A-11R-A37L-07,-0.3263469841673348,0
TCGA-AA-A03F-01A-11R-A16W-07,-0.17123698971199125,1
TCGA-91-8497-01A-11R-2403-07,-0.18697715402760973,1
TCGA-EW-A1OV-01A-11R-A144-07,-0.09955752403587906,0
TCGA-XP-A8T8-01A-11R-A36D-31,-0.49937231872966553,1
TCGA-61-1736-01B-01R-1568-13,-0.31943196551534336,0
TCGA-20-1682-01A-01R-1564-13,-0.22134046699044926,1
TCGA-FB-AAPQ-01A-11R-A41B-07,-0.31036557893265826,1
TCGA-AA-3950-01A-02R-1022-07,-0.16876904372074195,1
TCGA-CK-4951-01A-01R-1410-07,-0.30805586742938335,1
TCGA-BH-A0RX-01A-21R-A084-07,0.00753094061530795,0
TCGA-CJ-5671-01A-11R-1541-07,-0.3688215959306784,1
TCGA-EW-A1IY-01A-11R-A13Q-07,-0.15210500826030987,1
TCGA-E2-A1IE-01A-11R-A13Q-07,-0.2053275476836917,1
TCGA-HI-7170-01A-11R-2118-07,-0.28746143426687715,0
TCGA-A3-A6NL-01A-11R-A33J-07,-0.5038124345203105,1
TCGA-EW-A1PD-01A-11R-A144-07,-0.17244238111566015,1
TCGA-B6-A0IO-01A-11R-A034-07,-0.1545124822318911,0
TCGA-50-5931-01A-11R-1755-07,0.06691749611245039,1
TCGA-HZ-A4BH-01A-11R-A26U-07,-0.4551841406957899,1
TCGA-ZG-A9KY-01A-11R-A41O-07,-0.10915370192660413,1
TCGA-EJ-5507-01A-01R-1580-07,-0.20436220448491355,1
TCGA-CH-5751-01A-11R-1580-07,0.16170977189555236,1
TCGA-AA-3844-01A-01R-1022-07,-0.42843563323438266,1
TCGA-EB-A57M-01A-51R-A311-07,-0.9509168539520435,1
TCGA-BP-4351-01A-01R-1289-07,-0.3268507598340182,0
TCGA-DD-A11B-01A-11R-A131-07,-0.3923010355907823,1
TCGA-BQ-7045-01A-31R-1965-07,-0.45887699357010847,0
TCGA-BH-A0BD-01A-11R-A034-07,-0.20212602540431088,1
TCGA-BQ-5881-01A-11R-1592-07,-0.4657738899414361,1
TCGA-25-1871-01A-01R-1567-13,-0.3075533764318694,1
TCGA-61-1740-01A-01R-1567-13,-0.3296486894888192,1
TCGA-33-AASJ-01A-11R-A405-07,-0.26354991752354306,1
TCGA-CC-A123-01A-11R-A131-07,-0.43896271594796565,1
TCGA-YG-AA3N-01A-11R-A38C-07,-0.9715772087751875,0
TCGA-E2-A156-01A-11R-A12D-07,-0.23506743281274928,0
TCGA-EW-A1PB-01A-11R-A144-07,0.08267985236794537,0
TCGA-XK-AAJT-01A-11R-A41O-07,-0.39362716016931465,1
TCGA-EB-A550-01A-61R-A27Q-07,-0.5360740442146924,1
TCGA-S3-A6ZF-01A-32R-A32P-07,-0.20192223835595244,1
TCGA-13-1408-01A-01R-1565-13,-0.3502593068625484,1
TCGA-29-1690-01A-01R-1566-13,-0.11495504139976302,1
TCGA-05-4425-01A-01R-1755-07,-0.17271923926473412,1
TCGA-X8-AAAR-01A-11R-A406-31,-0.2613087605046381,1
TCGA-JL-A3YX-01A-11R-A22U-07,-0.10635995999751482,1
TCGA-IG-A3YA-01A-11R-A24K-31,-0.3969754002274978,0
TCGA-HV-AA8V-01A-11R-A41B-07,-0.5825117591274231,1
TCGA-IB-AAUO-01A-12R-A38C-07,-0.35401198231045616,1
TCGA-B6-A0I8-01A-11R-A034-07,-0.15479558001329202,1
TCGA-FB-A545-01A-11R-A26U-07,-0.35493596203970207,1
TCGA-BH-A18H-01A-11R-A12D-07,-0.16195953713051642,1
TCGA-AK-3445-01A-02R-1277-07,-0.3762845081916119,1
TCGA-25-1317-01A-01R-1565-13,-0.3549673791731114,1
TCGA-BP-5200-01A-01R-1426-07,-0.4344826322258249,1
TCGA-E9-A5FK-01A-11R-A27Q-07,0.011155401061009696,1
TCGA-BH-A1EW-01A-11R-A137-07,-0.2123447710054039,1
TCGA-NC-A5HN-01A-11R-A26W-07,-0.28765679238517927,1
TCGA-13-0760-01A-01R-1564-13,-0.2318579356679159,0
TCGA-AA-3970-01A-01R-1022-07,-0.37938421037621917,0
TCGA-YL-A9WI-01A-11R-A37L-07,-0.24702936773720033,1
TCGA-AA-A01T-01A-21R-A16W-07,-0.28750936162554575,1
TCGA-AN-A0G0-01A-11R-A034-07,-0.026102246191705508,1
TCGA-77-A5GB-01B-11R-A27Q-07,-0.22142014509013042,1
TCGA-85-8481-01A-11R-2326-07,-0.1751924696488439,0
TCGA-E2-A107-01A-11R-A10J-07,-0.1454071847005217,1
TCGA-J2-8192-01A-11R-2241-07,-0.20779189990797317,1
TCGA-Z7-A8R6-01A-11R-A41B-07,-0.1435705092630978,1
TCGA-B8-4153-01B-11R-1672-07,-0.4172395220444063,1
TCGA-BH-A0AY-01A-21R-A00Z-07,-0.17557694450442898,1
TCGA-A1-A0SQ-01A-21R-A144-07,-0.1406916752553869,1
TCGA-22-5477-01A-01R-1635-07,-0.29051152571549066,1
TCGA-AA-A02K-01A-03R-A32Y-07,-0.3318281012210407,1
TCGA-AA-3531-01A-01R-0821-07,-0.38762196256318243,1
TCGA-85-8351-01A-11R-2296-07,-0.2627737161487787,1
TCGA-R6-A8WG-01A-11R-A37I-31,-0.36433797253920625,1
TCGA-2J-AABR-01A-11R-A41B-07,-0.5791468411342517,1
TCGA-CJ-4884-01A-01R-1305-07,-0.44273148586302163,1
TCGA-XV-A9W2-01A-11R-A39D-07,-0.7436648974882921,1
TCGA-DD-A11A-01A-11R-A131-07,-0.47074943133760777,0
TCGA-38-4631-01A-01R-1755-07,0.020045744028939706,1
TCGA-V1-A8MM-01A-11R-A37L-07,-0.34203863288164316,1
TCGA-13-0726-01A-01R-1564-13,-0.27385845145152665,1
TCGA-HZ-8005-01A-11R-2204-07,-0.27194568037661093,1
TCGA-BH-A18J-01A-11R-A12D-07,-0.1742095630694913,1
TCGA-60-2708-01A-01R-0851-07,-0.23512394637347195,1
TCGA-AO-A1KT-01A-11R-A13Q-07,-0.16117457766149396,1
TCGA-A2-A3KC-01A-11R-A213-07,-0.1952128237821757,1
TCGA-EJ-5498-01A-01R-1580-07,-0.27465900502908647,1
TCGA-AO-A0JF-01A-11R-A056-07,-0.20556341370165057,1
TCGA-E9-A1R6-01A-11R-A14D-07,-0.16562097407469276,1
TCGA-A7-A0CD-01A-11R-A00Z-07,-0.208293438452653,0
TCGA-29-1699-01A-01R-1567-13,-0.3043411671120521,1
TCGA-CJ-6028-01A-11R-1672-07,-0.29843444888777215,1
TCGA-24-1843-01A-01R-1567-13,-0.3543300878331005,1
TCGA-AA-A01R-01A-21R-A083-07,-0.21155044564236017,1
TCGA-G9-A9S0-01A-11R-A41O-07,-0.21055290441638175,1
TCGA-XV-AAZY-01A-12R-A40A-07,-1.021563500608353,0
TCGA-AK-3465-01A-02R-1325-07,0.12351698499565664,1
TCGA-AA-3812-01A-01R-0905-07,-0.1139309770645877,1
TCGA-77-A5GF-01A-21R-A27Q-07,-0.3038490045169595,0
TCGA-HC-A4ZV-01A-11R-A26U-07,-0.12705928461731322,1
TCGA-H9-7775-01A-11R-2118-07,-0.49595660514924095,0
TCGA-60-2696-01A-01R-0851-07,-0.19204897390067244,1
TCGA-13-0900-01B-01R-1565-13,-0.2991871611676052,1
TCGA-85-8666-01A-11R-2403-07,-0.3220674754961355,1
TCGA-4H-AAAK-01A-12R-A41B-07,-0.17458629480859666,0
TCGA-BH-A0BC-01A-22R-A084-07,-0.18038252129347632,0
TCGA-C8-A3M7-01A-12R-A21T-07,-0.1394543473672281,0
TCGA-AR-A2LN-01A-21R-A18M-07,-0.10145748086805564,1
TCGA-2Z-A9J5-01A-21R-A38C-07,-0.5213409261475721,1
TCGA-AA-A01X-01A-21R-A083-07,-0.18042119547225582,1
TCGA-C8-A134-01A-11R-A115-07,-0.02255649598970554,1
TCGA-HV-A5A6-01A-11R-A26U-07,-0.365263035414898,0
TCGA-D8-A140-01A-11R-A115-07,-0.2222445834172256,1
TCGA-F9-A4JJ-01A-11R-A24Z-07,-0.0577635695136281,1
TCGA-AR-A24O-01A-11R-A169-07,-0.20879213145720485,1
TCGA-G3-AAUZ-01A-11R-A38B-07,-0.5740227632344987,1
TCGA-63-A5MM-01A-11R-A26W-07,-0.11482750413789578,1
TCGA-AN-A0FN-01A-11R-A034-07,-0.09985845375526273,1
TCGA-GL-A59R-01A-11R-A26U-07,-0.6054989110950094,1
TCGA-2H-A9GG-01A-11R-A37I-31,-0.17249892009283974,1
TCGA-C8-A130-01A-31R-A115-07,-0.1239977450329148,1
TCGA-2H-A9GF-01A-11R-A37I-31,-0.31867131258544024,0
TCGA-55-5899-01A-11R-1628-07,-0.027975696921741604,1
TCGA-B0-4713-01A-01R-1277-07,-0.199462697910137,1
TCGA-A8-A09Q-01A-11R-A00Z-07,-0.1700398038252273,1
TCGA-VR-AA4D-01A-11R-A37I-31,-0.3184790363859803,0
TCGA-36-1578-01A-01R-1566-13,-0.23350234716285645,1
TCGA-AR-A1AY-01A-21R-A12P-07,-0.0674071198042728,1
TCGA-86-8278-01A-11R-2287-07,-0.19436205709858212,0
TCGA-A2-A0YK-01A-22R-A109-07,-0.14634187004936186,1
TCGA-78-7163-01A-12R-2066-07,0.023747888047544186,1
TCGA-A8-A06R-01A-11R-A00Z-07,-0.09183611336894935,1
TCGA-HC-7752-01A-11R-2118-07,-0.18238091136803689,1
TCGA-A8-A07J-01A-11R-A00Z-07,-0.1642087600156926,1
TCGA-HC-7749-01A-11R-2118-07,-0.5174279103753272,0
TCGA-HC-A6HX-01A-11R-A31N-07,-0.18014426769064873,1
TCGA-56-A4BW-01A-11R-A24H-07,-0.23513454675670686,1
TCGA-BP-4162-01A-02R-1325-07,-0.5117342674345692,1
TCGA-34-7107-01A-11R-1949-07,-0.29117421941017857,1
TCGA-DD-AAE4-01A-11R-A41C-07,-0.5334113675755198,1
TCGA-13-1510-01A-02R-1565-13,-0.30549393236706235,1
TCGA-57-1585-01A-01R-1566-13,-0.28139404068340657,1
TCGA-56-8305-01A-11R-2296-07,-0.29838220056254317,1
TCGA-CJ-4874-01A-01R-1305-07,-0.5214095268132538,1
TCGA-B6-A0RH-01A-21R-A115-07,-0.11533753492193367,0
TCGA-HZ-A77O-01A-11R-A33R-07,-0.37584021029505305,1
TCGA-24-1463-01A-01R-1566-13,-0.27539614807764606,1
TCGA-A8-A07S-01A-11R-A034-07,-0.2508301124509662,1
TCGA-3C-AAAU-01A-11R-A41B-07,-0.11705648055819258,1
TCGA-AO-A03M-01B-11R-A10J-07,-0.1624255782299053,1
TCGA-73-4659-01A-01R-1206-07,-0.21400076300524096,1
TCGA-CZ-5453-01A-01R-1503-07,-0.39464721540426306,1
TCGA-94-8035-01A-11R-2247-07,-0.3098482546555753,1
TCGA-39-5031-01A-01R-1443-07,-0.2655077885671739,1
TCGA-75-5146-01A-01R-1628-07,-0.12838644731496024,1
TCGA-YL-A8S8-01A-11R-A37L-07,-0.28580798541177255,0
TCGA-77-A5G6-01A-11R-A27Q-07,-0.26261254586043487,1
TCGA-A7-A4SF-01A-11R-A266-07,-0.07948419761680699,1
TCGA-EB-A553-01A-12R-A27Q-07,-0.8054499175587003,1
TCGA-AA-3939-01A-01R-1022-07,-0.3369056433462573,1
TCGA-E2-A14N-01A-31R-A137-07,-0.00112565454983626,1
TCGA-CJ-6030-01A-11R-1672-07,-0.4345020811324065,1
TCGA-J4-A67M-01A-11R-A30B-07,-0.27954411364328263,1
TCGA-BP-5198-01A-01R-1426-07,-0.3292209892315354,1
TCGA-NK-A7XE-01A-12R-A405-07,-0.15852246805379744,1
TCGA-HC-7209-01A-11R-2118-07,-0.3760188423734516,1
TCGA-HZ-8315-01A-11R-2404-07,-0.4679953334265989,1
TCGA-86-8076-01A-31R-2241-07,-0.22884205406654298,1
TCGA-A6-6650-01A-11R-A278-07,-0.22877668436588275,1
TCGA-62-A46U-01A-11R-A24H-07,-0.20355571386569693,1
TCGA-BH-A18U-01A-21R-A12D-07,-0.169533197625907,1
TCGA-55-6712-01A-11R-1858-07,-0.1927076970562511,1
TCGA-BP-4761-01A-01R-1289-07,0.1752999409556149,1
TCGA-D8-A1XK-01A-21R-A14M-07,-0.011029775099658514,1
TCGA-63-A5MI-01A-12R-A27Q-07,-0.2486812683619179,1
TCGA-MP-A4TF-01A-11R-A262-07,-0.14132109774133508,1
TCGA-DD-AACF-01A-11R-A41C-07,-0.5036732986315287,1
TCGA-ZG-A9LZ-01A-11R-A41O-07,-0.3680328341338168,1
TCGA-05-4250-01A-01R-1107-07,-0.14708944093364082,1
TCGA-95-A4VP-01A-21R-A262-07,-0.12500223071724018,1
TCGA-AA-3877-01A-01R-1022-07,-0.3309282606991324,1
TCGA-AK-3426-01A-02R-1325-07,-0.037056594619841926,1
TCGA-A3-3382-01A-02R-1325-07,-0.3422194775748824,1
TCGA-IC-A6RE-01A-11R-A336-31,-0.3218253721797232,0
TCGA-A8-A08O-01A-21R-A056-07,-0.25270284177017316,1
TCGA-B9-A5W7-01A-11R-A31O-07,-0.5622479357489806,0
TCGA-33-A5GW-01A-11R-A27Q-07,-0.24825248312069267,0
TCGA-G3-AAV7-01A-11R-A38B-07,-0.08080963030525762,0
TCGA-5P-A9K8-01A-11R-A42S-07,-0.22552164175821518,1
TCGA-BP-5007-01A-01R-1334-07,-0.5374314412498324,0
TCGA-A3-3365-01A-01R-0864-07,-0.3926132466841349,1
TCGA-44-7659-01A-11R-2066-07,-0.1794923152744085,1
TCGA-61-2003-01A-01R-1568-13,-0.25653124523346404,1
TCGA-D5-6898-01A-11R-1928-07,-0.3536930899888593,1
TCGA-GM-A2DC-01A-11R-A18M-07,-0.03589425830068201,1
TCGA-5P-A9KF-01A-11R-A42S-07,-0.5496099164608389,1
TCGA-BP-4161-01A-02R-1325-07,-0.489161543224493,1
TCGA-36-1576-01A-01R-1566-13,-0.28718993401891324,1
TCGA-DD-A4NK-01A-11R-A28V-07,-0.5528779029007072,1
TCGA-CJ-4901-01A-01R-1426-07,-0.30261760950042743,1
TCGA-MI-A75I-01A-11R-A32O-07,-0.4916224113148186,1
TCGA-29-2414-01A-02R-1569-13,-0.35101213754109956,0
TCGA-BH-A0GY-01A-11R-A056-07,-0.1797926323064788,0
TCGA-97-8175-01A-11R-2287-07,-0.16369558662013312,1
TCGA-AL-3472-01A-01R-1193-07,-0.43708093888184135,1
TCGA-HZ-A77P-01A-11R-A33R-07,-0.435932520216318,1
TCGA-A3-3352-01A-01R-0864-07,-0.5212882569545393,0
TCGA-A7-A26G-01A-21R-A169-07,-0.0756632006338392,0
TCGA-AO-A0JC-01A-11R-A056-07,0.05140928569754182,1
TCGA-AA-3875-01A-01R-0905-07,-0.4570647472013866,1
TCGA-D8-A1JJ-01A-31R-A14M-07,-0.20575451782534598,1
TCGA-Y6-A8TL-01A-21R-A37L-07,-0.5719141373483575,0
TCGA-J4-A6G3-01A-11R-A311-07,-0.32742257408181813,1
TCGA-13-0768-01A-01R-1569-13,-0.14974033790918181,1
TCGA-A7-A6VW-01A-21R-A33J-07,0.1097481842265135,1
TCGA-J9-A8CP-01A-11R-A352-07,-0.39774140090653276,1
TCGA-P4-AAVK-01A-11R-A42S-07,-0.4659660541313483,1
TCGA-B0-5709-01A-11R-1541-07,-0.424639900904839,1
TCGA-B6-A0RV-01A-11R-A084-07,-0.22532961757742456,1
TCGA-AA-A01V-01A-23R-A083-07,-0.3562400688773885,0
TCGA-G9-7510-01A-11R-2263-07,-0.519221834972841,0
TCGA-D8-A73U-01A-11R-A33J-07,-0.041102626157779515,0
TCGA-DD-AAEK-01A-11R-A41C-07,-0.397249458427546,1
TCGA-B0-5698-01A-11R-1672-07,-0.4290715122179905,1
TCGA-KC-A4BL-01A-31R-A250-07,-0.36833586169194565,1
TCGA-EJ-A7NM-01A-21R-A33R-07,-0.273150609919274,1
TCGA-B2-5639-01A-01R-1541-07,-0.31784185431964845,1
TCGA-BH-A8FZ-01A-11R-A352-07,-0.07070264926356151,0
TCGA-22-5474-01A-01R-1635-07,-0.27146969703933177,1
TCGA-E2-A1IL-01A-11R-A14D-07,-0.23353580177328853,0
TCGA-D8-A1XV-01A-11R-A14M-07,-0.1605960670712912,1
TCGA-2Z-A9J3-01A-12R-A38C-07,-0.3930069382887305,1
TCGA-L5-A4OP-01A-11R-A260-31,-0.3045350258009987,1
TCGA-AO-A129-01A-21R-A10J-07,-0.023130670396786287,0
TCGA-B6-A0RL-01A-11R-A084-07,-0.10204058504025577,1
TCGA-61-1743-01A-01R-1568-13,-0.35747833293258746,1
TCGA-R6-A6Y0-01B-11R-A336-31,-0.415903941544161,1
TCGA-77-7463-01A-11R-2045-07,-0.2825080167316804,1
TCGA-DD-AADW-01A-11R-A39D-07,-0.14457438919234125,1
TCGA-AR-A1AP-01A-11R-A12P-07,-0.1886740865941956,1
TCGA-A2-A25F-01A-11R-A169-07,-0.0038807105244267883,0
TCGA-AA-3862-01A-01R-1022-07,-0.3769119306952443,1
TCGA-G4-6306-01A-11R-1774-07,-0.4329345840781394,1
TCGA-EB-A3XC-01A-11R-A239-07,-0.7925439417846056,0
TCGA-34-5927-01A-11R-1820-07,-0.21016599775850212,1
TCGA-AA-A017-01A-01R-A00A-07,-0.37150916464981915,1
TCGA-A4-A5XZ-01A-11R-A31O-07,-0.5591395424225248,1
TCGA-E2-A1LS-01A-12R-A157-07,0.01830062189021062,1
TCGA-L5-A8NV-01A-11R-A37I-31,-0.38967869509254793,1
TCGA-5P-A9KE-01A-11R-A42S-07,-0.5718569977623519,0
TCGA-61-1724-01A-01R-1568-13,-0.2909456647359132,1
TCGA-VR-A8EP-01A-31R-A406-31,-0.493032419457521,1
TCGA-YL-A8SL-01B-21R-A37L-07,-0.20300723817823588,1
TCGA-G4-6310-01A-11R-1723-07,-0.2130133908918575,1
TCGA-G3-AAV2-01A-11R-A37K-07,-0.5329041924562179,1
TCGA-OL-A5RV-01A-12R-A28M-07,-0.16736813552802907,0
TCGA-KK-A8I6-01A-11R-A36G-07,-0.5517501042374396,0
TCGA-BH-A0B6-01A-11R-A19W-07,-0.07765693733965205,1
TCGA-G7-6789-01A-11R-1965-07,-0.1472550131945868,1
TCGA-G9-A9S7-01A-11R-A41O-07,-0.41869402218732293,0
TCGA-78-8640-01A-11R-2403-07,-0.07763471297515454,1
TCGA-55-6971-01A-11R-1949-07,-0.2291039730318398,1
TCGA-DD-AAW2-01A-11R-A41C-07,-0.532334153769765,1
TCGA-HV-A5A4-01A-11R-A26U-07,-0.5400318903546013,1
TCGA-BP-4355-01A-01R-1289-07,-0.3561653408084425,1
TCGA-R6-A8W5-01B-11R-A37I-31,-0.3722307143481776,1
TCGA-CH-5752-01A-11R-1580-07,-0.11854674583742388,1
TCGA-A7-A3RF-01A-11R-A22K-07,0.014106019077024018,1
TCGA-ED-A8O5-01A-11R-A36F-07,-0.3036639022990149,1
TCGA-AA-3522-01A-01R-0821-07,-0.3292433065614273,1
TCGA-ER-A42H-01A-11R-A24X-07,-0.7564251478209307,1
TCGA-AL-3467-01A-02R-1351-07,0.008364076541935155,1
TCGA-55-8513-01A-11R-2403-07,-0.19521910120685493,1
TCGA-AD-6901-01A-11R-1928-07,-0.15608675487812387,0
TCGA-29-1694-01A-01R-1567-13,-0.25100230956651376,0
TCGA-LN-A49V-01A-11R-A24K-31,-0.2901500012249927,1
TCGA-55-6968-01A-11R-1949-07,-0.028914473714753728,1
TCGA-A4-8517-01A-11R-2404-07,-0.6067310272385754,1
TCGA-CZ-5461-01A-01R-1503-07,-0.4714082277108277,1
TCGA-D8-A1XZ-01A-11R-A14M-07,-0.1563424111429169,0
TCGA-AA-A00W-01A-01R-A002-07,-0.4996145331194082,1
TCGA-BP-4804-01A-02R-1305-07,-0.4333248655227686,1
TCGA-OL-A66J-01A-11R-A29R-07,-0.09741307297287939,1
TCGA-AY-4070-01A-01R-1113-07,-0.22424249636741364,1
TCGA-V1-A8WW-01A-11R-A37L-07,-0.184570077958606,1
TCGA-B6-A40B-01A-11R-A239-07,-0.09433046014666888,1
TCGA-LN-A49U-01A-31R-A260-31,-0.4795964943479823,1
TCGA-AO-A03U-01B-21R-A10J-07,0.018961175869415092,1
TCGA-E2-A105-01A-11R-A10J-07,-0.1449030629710167,1
TCGA-CW-6097-01A-11R-1672-07,-0.24530939435227475,0
TCGA-2Y-A9GS-01A-12R-A38B-07,-0.4078696950259974,1
TCGA-EW-A1J6-01A-11R-A13Q-07,-0.022558685628054107,0
TCGA-E9-A1RD-01A-11R-A157-07,-0.2783159178578028,1
TCGA-AD-A5EK-01A-11R-A28H-07,-0.33836195876088027,1
TCGA-2K-A9WE-01A-11R-A38C-07,-0.43566592649316443,1
TCGA-EJ-A7NF-01A-11R-A33R-07,-0.5143419707211802,1
TCGA-61-1721-01A-01R-1569-13,0.09273290098918062,1
TCGA-BP-4346-01A-01R-1289-07,-0.3885428587215592,1
TCGA-AA-3989-01A-01R-1022-07,-0.45267649442918995,1
TCGA-61-1998-01A-01R-1568-13,-0.391524503153057,0
TCGA-05-4244-01A-01R-1107-07,-0.19373125195302968,1
TCGA-B8-A54K-01A-11R-A33J-07,-0.22041627039845973,1
TCGA-5R-AA1D-01A-11R-A38B-07,-0.0486271664049914,1
TCGA-34-5928-01A-11R-1820-07,-0.22633253158251904,1
TCGA-BH-A0HQ-01A-11R-A034-07,-0.2422879959501261,1
TCGA-CM-4746-01A-01R-1410-07,-0.3568437068353893,1
TCGA-50-6593-01A-11R-1755-07,-0.24093363891857622,1
TCGA-DV-A4W0-01A-11R-A266-07,-0.39394660474476806,1
TCGA-25-1634-01A-01R-1566-13,-0.3306535985220598,0
TCGA-50-6597-01A-11R-1858-07,0.03695611373242356,1
TCGA-AY-A54L-01A-11R-A28H-07,-0.4225925495510005,0
TCGA-BP-4774-01A-01R-1289-07,-0.4411336803438585,1
TCGA-66-2789-01A-01R-0980-07,-0.16619214117880904,0
TCGA-DM-A1D4-01A-21R-A155-07,-0.3776348347437955,1
TCGA-86-7701-01A-11R-2170-07,-0.1309123596103404,1
TCGA-21-1076-01A-02R-0692-07,-0.19785771634059748,1
TCGA-AR-A0TX-01A-11R-A084-07,-0.15795049300557695,1
TCGA-23-1116-01A-01R-1564-13,-0.2496757410499351,1
TCGA-ZP-A9D0-01A-11R-A37K-07,-0.46907350483024945,1
TCGA-CH-5743-01A-21R-1580-07,-0.12173211706409737,0
TCGA-2A-AAYU-01A-11R-A41O-07,-0.5695960608285269,1
TCGA-25-1323-01A-01R-1565-13,-0.39019826122215084,1
TCGA-R6-A6Y2-01B-11R-A336-31,-0.3066307934602112,1
TCGA-DD-A1EC-01A-21R-A131-07,-0.04776737458234877,1
TCGA-E2-A1BC-01A-11R-A12P-07,-0.18740764417792471,1
TCGA-DD-AADN-01A-11R-A41C-07,-0.40448485604866885,1
TCGA-KK-A8ID-01A-11R-A36G-07,-0.29572609986177956,1
TCGA-A2-A4RW-01A-21R-A266-07,-0.1534707010114363,1
TCGA-56-7822-01A-11R-2125-07,-0.13114674121135153,0
TCGA-O2-A52W-01A-11R-A26W-07,-0.24948574910328705,1
TCGA-UL-AAZ6-01A-11R-A41B-07,-0.04462092733823326,1
TCGA-YL-A8HO-01A-11R-A36G-07,-0.3170600291892583,1
TCGA-13-0765-01A-01R-1564-13,-0.22444256060306134,0
TCGA-55-6979-01A-11R-1949-07,-0.2340394805264478,1
TCGA-IB-7888-01A-11R-2156-07,-0.44151487851494564,1
TCGA-AQ-A54O-01A-11R-A266-07,0.017961746172055343,1
TCGA-HC-7744-01A-11R-2118-07,-0.3242535293504153,1
TCGA-BP-4974-01A-01R-1334-07,-0.3301451180608971,1
TCGA-A3-3367-01A-02R-1420-07,-0.5336968465941863,1
TCGA-2H-A9GO-01A-11R-A37I-31,-0.2982985530643267,1
TCGA-EJ-5522-01A-01R-1580-07,-0.286727901507342,1
TCGA-61-1919-01A-01R-1568-13,-0.35368717228089924,1
TCGA-TP-A8TT-01A-12R-A41O-07,-0.3865926275572184,1
TCGA-AN-A0FJ-01A-11R-A00Z-07,0.013720179077842648,1
TCGA-B0-5696-01A-11R-1541-07,-0.3718139920258057,1
TCGA-CZ-4856-01A-02R-1426-07,-0.5101389845158355,1
TCGA-A8-A075-01A-11R-A084-07,-0.1908393380878972,0
TCGA-90-A4ED-01A-31R-A24Z-07,0.027574980950519665,1
TCGA-44-2657-01A-01R-1107-07,-0.2230600784312938,0
TCGA-MP-A4TD-01A-32R-A262-07,-0.1418098485394347,1
TCGA-XR-A8TG-01A-11R-A36F-07,-0.3571339156108606,1
TCGA-33-4533-01A-01R-1201-07,-0.11795613001189743,1
TCGA-55-8514-01A-11R-2403-07,-0.09798147501466171,1
TCGA-25-1316-01A-01R-1565-13,-0.1683614549839892,1
TCGA-EB-A6R0-01A-12R-A32P-07,-0.6445147441050416,1
TCGA-Y8-A8S1-01A-11R-A37K-07,-0.20743629925986495,1
TCGA-B0-5120-01A-01R-1420-07,-0.5053437484991338,1
TCGA-KR-A7K0-01A-12R-A33R-07,-0.48324577663842444,0
TCGA-50-5944-01A-11R-1755-07,-0.175461608638147,1
TCGA-99-AA5R-01A-11R-A39D-07,-0.15154965844519708,1
TCGA-CZ-5452-01A-01R-1503-07,-0.2727444089768178,1
TCGA-XJ-A9DX-01A-11R-A37L-07,-0.21497957639064338,0
TCGA-B6-A0IM-01A-11R-A034-07,-0.21167749809516725,1
TCGA-61-2012-01A-01R-1568-13,-0.2600017075671012,1
TCGA-2Z-A9J2-01A-11R-A38C-07,-0.3058186050794506,1
TCGA-AC-A6NO-01A-12R-A33J-07,-0.16381218063812866,1
TCGA-E9-A1N4-01A-11R-A14M-07,-0.13247708249395226,1
TCGA-DZ-6134-01A-11R-1965-07,-0.41286403180545705,1
TCGA-20-1685-01A-01R-1566-13,-0.37191120784736403,0
TCGA-BH-A0AZ-01A-21R-A12P-07,-0.15517117835915667,1
TCGA-55-7227-01A-11R-2039-07,-0.2561385076833089,1
TCGA-34-5231-01A-21R-1820-07,-0.2644554233359922,1
TCGA-DD-AAE2-01A-11R-A41C-07,-0.46628934593349963,1
TCGA-AC-A62Y-01A-11R-A29R-07,-0.12318038805488413,0
TCGA-A7-A425-01A-11R-A24H-07,-0.05096157718550857,1
TCGA-AD-6548-01A-11R-1839-07,-0.4773974131191,1
TCGA-AC-A3W6-01A-12R-A22K-07,-0.0942746828525785,0
TCGA-EB-A5UM-01A-11R-A311-07,-0.8064539484624939,1
TCGA-EW-A6SA-01A-21R-A32P-07,-0.09970288635294472,1
TCGA-64-5779-01A-01R-1628-07,-0.12808056950835184,0
TCGA-DD-A114-01A-11R-A131-07,0.03348192176446296,1
TCGA-85-8052-01A-11R-2247-07,-0.31921153528707413,1
TCGA-A2-A0T4-01A-31R-A084-07,-0.2108027221396436,0
TCGA-DD-A3A2-01A-11R-A213-07,-0.5265365783623795,1
TCGA-E2-A1B4-01A-11R-A12P-07,-0.09754737268250273,1
TCGA-HV-A5A3-01A-11R-A26U-07,-0.37108662326037817,1
TCGA-78-7167-01A-11R-2066-07,-0.09047065164613008,1
TCGA-85-8479-01A-11R-2326-07,-0.13718219818099994,1
TCGA-XR-A8TE-01A-11R-A36F-07,-0.26633320600813776,1
TCGA-BP-4971-01A-01R-1334-07,-0.20659103596172396,0
TCGA-EJ-7786-01A-11R-2118-07,-0.526362077050899,1
TCGA-25-1320-01A-01R-1565-13,-0.34130947403886,1
TCGA-E2-A15S-01A-11R-A115-07,-0.12294782464271689,1
TCGA-D9-A3Z4-01A-11R-A239-07,-0.7492823664975564,1
TCGA-98-A53D-01A-32R-A262-07,0.1706494305521251,1
TCGA-DW-7839-01A-11R-2139-07,-0.2596503856023671,1
TCGA-86-8671-01A-11R-2403-07,-0.1798184665794916,1
TCGA-B8-A54H-01A-11R-A33J-07,-0.47817853684544753,1
TCGA-ZS-A9CF-01A-11R-A38B-07,-0.3391112500562589,1
TCGA-50-5930-01A-11R-1755-07,-0.19525260417517457,1
TCGA-73-4676-01A-01R-1755-07,-0.1356558588016901,0
TCGA-2A-AAYF-01A-11R-A41O-07,-0.5387985249126178,1
TCGA-G9-6366-01A-11R-2118-07,-0.32876967401458496,1
TCGA-56-7582-01A-11R-2045-07,-0.3127994734853826,1
TCGA-CJ-4916-01A-01R-1426-07,-0.48551666898414964,1
TCGA-B2-3924-01A-02R-1325-07,-0.4576461711301126,1
TCGA-NJ-A55O-01A-11R-A262-07,-0.2186211896762067,1
TCGA-G3-A25V-01A-11R-A16W-07,-0.5118465844571525,0
TCGA-A6-A567-01A-31R-A28H-07,-0.2788105075919208,1
TCGA-55-7907-01A-11R-2170-07,-0.19561370072831655,1
TCGA-E2-A1LA-01A-11R-A144-07,-0.1329958797028492,1
TCGA-97-A4M5-01A-11R-A24X-07,-0.2323448810398947,1
TCGA-CA-6716-01A-11R-1839-07,-0.23597902214509903,1
TCGA-66-2756-01A-01R-0851-07,-0.03627358923674358,0
TCGA-69-7763-01A-11R-2170-07,-0.20365526836589926,0
TCGA-FV-A3I1-01A-11R-A22L-07,-0.4265296945105944,1
TCGA-A4-A48D-01A-11R-A24Z-07,-0.44504229201621426,1
TCGA-30-1892-01A-01R-1568-13,-0.2709217339010489,1
TCGA-S2-AA1A-01A-12R-A39D-07,-0.13956352282632975,1
TCGA-AN-A0XT-01A-11R-A109-07,-0.15317493444212402,1
TCGA-60-2726-01A-01R-0851-07,-0.10118632275882435,1
TCGA-63-A5MV-01A-21R-A26W-07,-0.19531670472976834,1
TCGA-HC-A6AL-01A-11R-A30B-07,-0.309651384712035,1
TCGA-24-1560-01A-01R-1566-13,-0.2956129481276792,0
TCGA-A2-A0EU-01A-22R-A056-07,-0.2017633624543619,1
TCGA-KK-A7AP-01A-12R-A33R-07,-0.2506853624766205,1
TCGA-44-6146-01A-11R-A278-07,-0.02375844878316512,1
TCGA-62-A472-01A-11R-A24H-07,-0.1692355694701898,1
TCGA-56-8622-01A-11R-2403-07,-0.06720500019743471,1
TCGA-B0-4819-01A-01R-1277-07,-0.24803409755567044,1
TCGA-BP-5176-01A-01R-1426-07,-0.3934180186593092,1
TCGA-63-A5MP-01A-11R-A26W-07,-0.2793597728712824,0
TCGA-XK-AAK1-01A-11R-A41O-07,-0.3497177517972972,1
TCGA-78-7158-01A-11R-2039-07,-0.08875969827525466,1
TCGA-AA-3678-01A-01R-0905-07,-0.4751251960626724,1
TCGA-HI-7171-01A-12R-2118-07,-0.3241667371435063,1
TCGA-LN-A4A2-01A-31R-A260-31,-0.5577863918159006,1
TCGA-D8-A1JE-01A-11R-A13Q-07,-0.21434832276706017,1
TCGA-B8-5552-01B-11R-1672-07,-0.4879696091725894,1
TCGA-A8-A09V-01A-11R-A034-07,-0.24494008461533864,0
TCGA-HZ-A49H-01A-11R-A26U-07,-0.4633109804700383,1
TCGA-IG-A97I-01A-11R-A38D-31,-0.45153995870686964,1
TCGA-D8-A1JT-01A-31R-A13Q-07,-0.13078875425111589,1
TCGA-BP-4782-01A-02R-1420-07,-0.4820580043435406,1
TCGA-A2-A0CQ-01A-21R-A034-07,-0.11853587475804989,1
TCGA-G3-A25U-01A-11R-A16W-07,-0.3959411783344291,1
TCGA-BQ-7055-01A-11R-1965-07,-0.007155760534769867,1
TCGA-37-A5EM-01A-21R-A27Q-07,-0.25063872426478623,1
TCGA-NC-A5HG-01A-11R-A26W-07,-0.15289560511406391,1
TCGA-13-1495-01A-01R-1565-13,-0.368314677683545,1
TCGA-AK-3431-01A-02R-1277-07,-0.35760282956170336,1
TCGA-85-8049-01A-11R-2247-07,-0.1933617933297944,1
TCGA-UZ-A9PP-01A-11R-A42S-07,-0.528538001707767,1
TCGA-DD-AAE9-01A-11R-A41C-07,-0.541417052618329,1
TCGA-D5-5537-01A-21R-1928-07,-0.372506275133111,0
TCGA-VP-A879-01A-11R-A352-07,-0.5221209858791452,0
TCGA-C8-A1HM-01A-12R-A137-07,-0.11367337164413484,0
TCGA-A3-3316-01A-01R-0864-07,-0.3715168644853446,1
TCGA-DW-7840-01A-11R-A32Z-07,-0.5514589398580876,1
TCGA-D5-6927-01A-21R-1928-07,-0.39009146815421486,1
TCGA-A6-2671-01A-01R-1410-07,-0.3316029017186827,1
TCGA-61-1918-01A-01R-1568-13,-0.3708499251361258,0
TCGA-FV-A3R3-01A-11R-A22L-07,-0.20752578661987908,1
TCGA-F9-A7VF-01A-11R-A33Z-07,-0.4253149682161815,1
TCGA-L7-A6VZ-01A-12R-A336-31,-0.3750150869597701,0
TCGA-AA-3526-01A-02R-A32Z-07,-0.38481478179775186,1
TCGA-56-8626-01A-11R-2403-07,-0.1777066042163627,1
TCGA-DD-A3A1-01A-11R-A213-07,-0.5506975131070885,1
TCGA-YL-A8SR-01B-11R-A37L-07,-0.46951662216259893,1
TCGA-B0-4848-01A-01R-1277-07,-0.40300595888223256,1
TCGA-55-6969-01A-11R-1949-07,-0.14407806993808886,1
TCGA-2A-A8VL-01A-21R-A37L-07,-0.5053773579103714,1
TCGA-24-1422-01A-01R-1565-13,-0.2622041940239189,1
TCGA-A3-3370-01A-02R-1420-07,-0.5164478322878437,1
TCGA-EW-A2FW-01A-11R-A17B-07,-0.15476823845305038,1
TCGA-BH-A0BL-01A-11R-A115-07,-0.08509323090265719,1
TCGA-AA-A010-01A-01R-A089-07,-0.37607704197607245,1
TCGA-AA-3664-01A-01R-0905-07,-0.3080729583327142,0
TCGA-GN-A26C-01A-11R-A18T-07,-0.5623142004720573,1
TCGA-85-8354-01A-31R-2326-07,-0.28144565366855134,1
TCGA-A3-3373-01A-02R-1420-07,-0.42998462855488384,1
TCGA-30-1891-01A-01R-1568-13,-0.2806835401739349,1
TCGA-HC-7078-01A-11R-2118-07,-0.44339322719038,1
TCGA-FC-A66V-01A-21R-A30B-07,-0.23767569931332916,1
TCGA-A3-3324-01A-02R-1325-07,-0.5019082145633676,1
TCGA-S3-AA10-01A-21R-A41B-07,0.028506679215388603,1
TCGA-53-7813-01A-11R-2170-07,-0.113152078983976,1
TCGA-EW-A1P3-01A-11R-A144-07,-0.1545266093905714,1
TCGA-BF-A3DN-01A-11R-A20F-07,-0.7214643368288189,1
TCGA-22-4596-01A-01R-1201-07,0.02049675568737637,1
TCGA-G4-6297-01A-11R-1723-07,-0.266190491294104,1
TCGA-05-4422-01A-01R-1206-07,-0.12687259610302576,1
TCGA-67-3773-01A-01R-0946-07,-0.09383446066681402,1
TCGA-75-7025-01A-12R-1949-07,-0.18488051344146236,0
TCGA-BH-A18I-01A-11R-A12D-07,-0.24586097135507146,0
TCGA-E9-A54Y-01A-11R-A466-07,0.09079511161548307,1
TCGA-BP-4758-01A-01R-1289-07,-0.35096267590993513,1
TCGA-LN-A9FO-01A-11R-A38D-31,-0.42598288602152995,1
TCGA-10-0936-01A-01R-1564-13,-0.2990312399633269,0
TCGA-DD-AACP-01A-11R-A41C-07,-0.25638199538826956,1
TCGA-NH-A5IV-01A-42R-A37K-07,-0.2759092554956639,1
TCGA-44-6777-01A-11R-1858-07,-0.1734696801092027,1
TCGA-71-8520-01A-11R-2403-07,-0.20788391126203398,1
TCGA-A8-A07I-01A-11R-A00Z-07,-0.21070239753520137,1
TCGA-CC-A3M9-01A-11R-A213-07,0.21715083574722763,1
TCGA-AN-A0AK-01A-21R-A00Z-07,-0.10567500545362331,1
TCGA-BP-5174-01A-01R-1426-07,-0.2606675226469383,1
TCGA-71-6725-01A-11R-1858-07,-0.1121772485496424,1
TCGA-25-1623-01A-01R-1566-13,-0.2641293584483973,1
TCGA-KK-A6E1-01A-11R-A311-07,-0.20324280234731595,1
TCGA-AR-A0TQ-01A-11R-A084-07,-0.14668519263559837,1
TCGA-50-5946-01A-11R-1755-07,-0.0809996232954975,1
TCGA-A4-8312-01A-11R-2404-07,-0.2701466762630693,1
TCGA-FC-7961-01A-11R-A29R-07,-0.2641673549315251,1
TCGA-AA-A01G-01A-01R-A002-07,-0.5317452779049279,1
TCGA-C8-A12Q-01A-11R-A115-07,-0.15863466916321578,1
TCGA-HV-A5A5-01A-11R-A26U-07,-0.6183326467329251,1
TCGA-BP-4987-01A-01R-1334-07,-0.5208429396667591,0
TCGA-24-1564-01A-01R-1566-13,-0.18187574158516784,1
TCGA-EJ-7788-01A-11R-2118-07,-0.40543922135477956,0
TCGA-O9-A75Z-01A-11R-A33Z-07,-0.5070813847237902,1
TCGA-36-1574-01A-01R-1566-13,-0.29642460429100237,1
TCGA-21-1070-01A-01R-0692-07,-0.22894662748324282,1
TCGA-BP-4976-01A-01R-1334-07,-0.44215309808969094,1
TCGA-A7-A0CJ-01A-21R-A00Z-07,-0.13496344594815843,1
TCGA-13-1501-01A-01R-1565-13,-0.35838433694415944,1
TCGA-CZ-5469-01A-01R-1503-07,-0.07470292212663142,1
TCGA-29-1776-01A-01R-1567-13,-0.3615160052477006,1
TCGA-75-6214-01A-41R-1949-07,-0.054352823760370726,1
TCGA-55-8619-01A-11R-2403-07,-0.19081448378334326,1
TCGA-A4-A6HP-01A-11R-A31O-07,-0.47794603346343784,0
TCGA-LG-A6GG-01A-11R-A311-07,-0.4911906012987987,1
TCGA-CC-A9FW-01A-11R-A37K-07,-0.3836024399304977,1
TCGA-EJ-7781-01A-11R-2118-07,-0.3492233394432737,1
TCGA-05-5420-01A-01R-1628-07,-0.06569984048883044,1
TCGA-EW-A3U0-01A-11R-A22K-07,0.012466577188661655,1
TCGA-61-2002-01A-01R-1568-13,-0.287847233187651,1
TCGA-B0-4841-01A-01R-1277-07,-0.16187675153230843,1
TCGA-CJ-4885-01A-01R-1305-07,-0.37013417415875355,1
TCGA-AQ-A7U7-01A-22R-A352-07,-0.0795570752594793,1
TCGA-VN-A88P-01A-11R-A352-07,-0.4620190376901288,1
TCGA-XX-A899-01A-11R-A36F-07,-0.12625163334070197,1
TCGA-E2-A14X-01A-11R-A115-07,-0.10214002156940188,1
TCGA-E2-A14U-01A-11R-A22K-07,-0.053162052661117114,0
TCGA-CJ-6031-01A-11R-1672-07,-0.4409284466288307,1
TCGA-38-4627-01A-01R-1206-07,-0.10199439823456104,1
TCGA-V1-A9OT-01A-11R-A41O-07,-0.21396467229990712,1
TCGA-VR-A8ET-01A-11R-A406-31,-0.3852160514586998,1
TCGA-A2-A1G6-01A-11R-A13Q-07,-0.043241133316274896,1
TCGA-B0-5110-01A-01R-1420-07,-0.5018291928084575,1
TCGA-A4-7585-01A-11R-2139-07,-0.24782111743719928,1
TCGA-F2-7276-01A-11R-2156-07,-0.4684130378152717,1
TCGA-BP-5168-01A-01R-1420-07,-0.5032150294707467,0
TCGA-D5-6540-01A-11R-1723-07,-0.26856471513576113,1
TCGA-A6-6652-01A-11R-1774-07,-0.292752229886347,1
TCGA-96-8170-01A-11R-2296-07,-0.23147933915101965,0
TCGA-36-1577-01A-01R-1566-13,-0.2666724433533021,1
TCGA-44-8120-01A-11R-2241-07,-0.18949949108156616,1
TCGA-D5-6532-01A-11R-1723-07,-0.45564904111840127,1
TCGA-AR-A2LK-01A-11R-A180-07,-0.24083150627376318,1
TCGA-B6-A0X7-01A-11R-A10J-07,-0.22984675740123223,1
TCGA-DD-AADQ-01A-11R-A41C-07,-0.5476226689264572,1
TCGA-24-1416-01A-01R-1565-13,-0.3606693087371522,1
TCGA-53-7626-01A-12R-2066-07,-0.22145336077107183,1
TCGA-G9-6370-01A-11R-1789-07,-0.3386420855928687,1
TCGA-A2-A0CX-01A-21R-A00Z-07,-0.15920188984135072,1
TCGA-G9-6498-01A-12R-A311-07,-0.14935924382812074,1
TCGA-EB-A24D-01A-11R-A18T-07,-0.7111298556609401,1
TCGA-P4-A5EB-01A-11R-A28H-07,-0.47095752862958656,1
TCGA-55-6970-01A-11R-1949-07,-0.16918540043173994,1
TCGA-AD-6963-01A-11R-1928-07,-0.475692729677047,1
TCGA-97-A4M3-01A-11R-A24X-07,-0.14579479812345633,1
TCGA-23-2084-01A-02R-1568-13,-0.3628678845533541,1
TCGA-E9-A228-01A-31R-A157-07,-0.14729208783331613,1
TCGA-BF-A5EQ-01A-21R-A27Q-07,-0.8430099436451878,1
TCGA-43-6773-01A-41R-1949-07,-0.18419161869490414,1
TCGA-S3-AA17-01A-11R-A41B-07,-0.10931764575264322,1
TCGA-D8-A143-01A-11R-A115-07,-0.031470237378182934,1
TCGA-2Y-A9H7-01A-11R-A39D-07,-0.46394467586331334,1
TCGA-91-6849-01A-11R-1949-07,-0.15624574088067036,1
TCGA-B0-4818-01A-01R-1503-07,-0.5015326915289506,1
TCGA-DM-A280-01A-12R-A16W-07,-0.38101551675877693,1
TCGA-EW-A1PH-01A-11R-A14M-07,-0.061254684435008505,1
TCGA-VN-A88R-01A-11R-A36G-07,-0.3030873144715661,1
TCGA-91-6829-01A-21R-1858-07,-0.13311207826058039,1
TCGA-30-1857-01A-02R-1569-13,-0.2729752336728884,1
TCGA-V1-A8WS-01A-11R-A37L-07,-0.3543873576560238,0
TCGA-D8-A27H-01A-11R-A16F-07,0.0018778487424696696,1
TCGA-56-8304-01A-11R-2326-07,-0.2591447591298198,1
TCGA-43-5670-01A-21R-2125-07,-0.14301370676351627,1
TCGA-OL-A66P-01A-11R-A31O-07,0.15968495522552908,1
TCGA-78-7150-01A-21R-2039-07,-0.05576247716118558,1
TCGA-C8-A12L-01A-11R-A115-07,-0.06828601452863915,0
TCGA-IB-AAUT-01A-11R-A37L-07,-0.4888262684269783,1
TCGA-B6-A0IN-01A-11R-A034-07,-0.050185385169735815,1
TCGA-O8-A75V-01A-11R-A32O-07,-0.5708507168068528,1
TCGA-DD-AAE6-01A-11R-A41C-07,-0.4437967557762179,1
TCGA-L5-A8NR-01A-11R-A37I-31,-0.403700571709422,1
TCGA-KK-A8IG-01A-11R-A36G-07,-0.43352868688494206,1
TCGA-L9-A8F4-01A-11R-A39D-07,-0.1281190575279709,1
TCGA-13-0887-01A-01R-1564-13,-0.32933703480316595,1
TCGA-BH-A1FR-01A-11R-A13Q-07,-0.19016750883637715,1
TCGA-BP-4981-01A-01R-1334-07,-0.2742169221174496,1
TCGA-DV-5574-01A-01R-1541-07,-0.3748231206791642,1
TCGA-AA-3696-01A-01R-0905-07,-0.30086955815959954,0
TCGA-DD-A115-01A-11R-A131-07,-0.4999235049365903,1
TCGA-98-A53B-01A-11R-A262-07,-0.24089864292242713,1
TCGA-FB-A5VM-01A-11R-A32O-07,-0.15894550381635336,1
TCGA-AK-3425-01A-02R-1277-07,-0.34219266601117326,1
TCGA-CW-5581-01A-02R-1541-07,-0.4195358247270885,1
TCGA-5P-A9K4-01A-11R-A42S-07,-0.47727474530813396,1
TCGA-HE-A5NK-01A-11R-A26U-07,-0.28431144394533625,1
TCGA-B9-A8YI-01A-21R-A37K-07,-0.34473192209939824,1
TCGA-HZ-8001-01A-11R-2204-07,-0.3726676480832843,1
TCGA-AC-A2FF-01A-11R-A17B-07,-0.16715713364783794,1
TCGA-EJ-5512-01A-01R-1580-07,-0.4892540590441515,1
TCGA-68-8251-01A-11R-2296-07,-0.23219745157959312,1
TCGA-C8-A27B-01A-11R-A169-07,-0.05279272096658761,1
TCGA-GF-A769-01A-32R-A32P-07,-0.6677560489791956,1
TCGA-ZP-A9CZ-01A-11R-A38B-07,-0.3784734093540154,0
TCGA-24-1845-01A-01R-1567-13,-0.3384576826664823,1
TCGA-29-A5NZ-01A-11R-A406-31,-0.14890637237961357,1
TCGA-5P-A9KC-01A-11R-A42S-07,-0.23801038870884417,1
TCGA-ZG-A9LY-01A-11R-A41O-07,-0.4249226285113885,1
TCGA-13-0890-01A-01R-1564-13,-0.263035841603552,0
TCGA-EW-A1J3-01A-11R-A13Q-07,-0.23029504872931542,1
TCGA-ED-A4XI-01A-11R-A266-07,-0.3784971607627518,0
TCGA-23-1027-01A-02R-1564-13,-0.388082901439883,1
TCGA-A2-A0CV-01A-31R-A115-07,-0.1262684297427377,1
TCGA-B0-5703-01A-11R-1541-07,-0.3575289913541628,0
TCGA-BH-A18P-01A-11R-A12D-07,-0.24965992519688615,0
TCGA-60-2703-01A-11R-2045-07,-0.23736496109354568,0
TCGA-DD-AAD6-01A-11R-A41C-07,-0.35166586116431925,1
TCGA-5P-A9KA-01A-11R-A42S-07,-0.4302699933753551,1
TCGA-IB-7652-01A-11R-2156-07,-0.3919824860131309,1
TCGA-97-A4M0-01A-11R-A24X-07,-0.16874312873793482,1
TCGA-LN-A4A9-01A-11R-A28J-31,-0.36191228142671916,1
TCGA-58-A46M-01A-11R-A24H-07,-0.24820277796552015,1
TCGA-DD-AADM-01A-11R-A41C-07,-0.6571580035640407,1
TCGA-K7-A6G5-01A-11R-A311-07,-0.6011908120840462,0
TCGA-55-8204-01A-11R-2241-07,-0.0925118558461,1
TCGA-B4-5834-01A-11R-1672-07,-0.49197233238567134,1
TCGA-69-7764-01A-11R-2170-07,-0.17724440042369013,1
TCGA-A3-3380-01A-01R-0864-07,-0.45789929905770593,0
TCGA-MF-A522-01A-11R-A262-07,-0.2451804775623281,1
TCGA-FB-AAPY-01A-11R-A41B-07,-0.5216855728869775,1
TCGA-HC-8260-01A-11R-2263-07,-0.5049089212634505,1
TCGA-35-3615-01A-01R-0946-07,-0.1488552474491337,0
TCGA-BF-AAOX-01A-11R-A39D-07,-0.8073959794733454,1
TCGA-49-4510-01A-01R-1206-07,-0.11847535925198567,0
TCGA-55-7726-01A-11R-2170-07,-0.051914825386419935,1
TCGA-D5-6536-01A-11R-1723-07,-0.16754255128287301,1
TCGA-43-A56U-01A-11R-A26W-07,-0.09293496230308665,1
TCGA-EP-A3JL-01A-11R-A213-07,-0.5220179757468592,1
TCGA-HC-8258-01A-11R-2263-07,-0.5399740243937844,1
TCGA-Z6-A9VB-01A-21R-A37I-31,-0.48326758377211043,0
TCGA-V1-A9O5-01A-11R-A41O-07,-0.06122303827667108,0
TCGA-77-8146-01A-11R-2247-07,-0.22344098654318828,1
TCGA-EU-5906-01A-11R-1672-07,-0.5364153910367072,1
TCGA-34-2608-01A-02R-0851-07,-0.18588090512171773,0
TCGA-LD-A7W6-01A-81R-A352-07,-0.19941673005638422,1
TCGA-B8-4143-01A-01R-1188-07,-0.14243460871901487,1
TCGA-BQ-5883-01A-11R-1592-07,-0.09372022804271476,1
TCGA-V5-AASV-01A-11R-A38D-31,-0.3625219279650948,0
TCGA-A7-A0D9-01A-31R-A056-07,-0.16047969447862895,1
TCGA-A6-2676-01A-01R-0826-07,-0.32806153816238326,1
TCGA-DM-A1D7-01A-11R-A155-07,-0.420702362759891,1
TCGA-B6-A3ZX-01A-11R-A239-07,-0.015584789940175162,1
TCGA-05-4402-01A-01R-1206-07,-0.2287706708347347,1
TCGA-AA-3555-01A-01R-0821-07,-0.3120736468456122,1
TCGA-G3-A7M7-01A-12R-A352-07,-0.5630599532862643,1
TCGA-A3-3351-01A-02R-1325-07,-0.47491440382665734,0
TCGA-EB-A4IQ-01A-12R-A266-07,-0.9341815804447525,1
TCGA-CJ-4907-01A-01R-1426-07,-0.5319828233949402,0
TCGA-B8-5163-01A-01R-1420-07,-0.29953333757946166,1
TCGA-AQ-A1H3-01A-31R-A13Q-07,-0.27901626216395536,1
TCGA-52-7811-01A-11R-2125-07,-0.26130328095482364,1
TCGA-AR-A250-01A-31R-A169-07,-0.21805162014454976,1
TCGA-J9-A8CK-01A-11R-A352-07,-0.4186626429770451,1
TCGA-A2-A04U-01A-11R-A115-07,0.08423728107306404,1
TCGA-77-6843-01A-11R-1949-07,-0.19055327492509527,1
TCGA-EW-A6SD-01A-12R-A33J-07,-0.07278705318886784,0
TCGA-BH-A0B5-01A-11R-A12P-07,-0.23812299394508094,0
TCGA-29-2425-01A-01R-1569-13,-0.3716787128648195,1
TCGA-AA-3972-01A-01R-1022-07,-0.4730596424695599,1
TCGA-B6-A0IK-01A-12R-A056-07,-0.11003856018657682,1
TCGA-V1-A8MJ-01A-11R-A36G-07,-0.43137943025898057,1
TCGA-B0-5707-01A-11R-1541-07,0.06266366262090768,0
TCGA-13-1409-01A-01R-1565-13,-0.31036336299340744,0
TCGA-HC-7817-01B-11R-A29R-07,-0.3367793889324455,1
TCGA-LN-A4MR-01A-11R-A28J-31,-0.45297479725931494,1
TCGA-CM-4747-01A-01R-1410-07,-0.20946270628658656,1
TCGA-BP-5192-01A-01R-1426-07,-0.4577776701956882,0
TCGA-CC-A7IF-01A-11R-A33J-07,-0.48258219218357756,1
TCGA-75-6212-01A-11R-1755-07,-0.18482701598504972,1
TCGA-61-2095-01A-01R-1568-13,-0.11301704994813008,1
TCGA-BP-4992-01A-01R-1334-07,-0.001464414413207103,1
TCGA-KK-A6E7-01A-11R-A31N-07,-0.14096247053459302,0
TCGA-24-1469-01A-01R-1566-13,-0.3591361105752997,1
TCGA-DD-A73B-01A-12R-A32O-07,-0.3924247356965841,1
TCGA-LN-A9FQ-01A-31R-A38D-31,-0.4165343270078329,1
TCGA-J2-A4AG-01A-11R-A24H-07,-0.23093024364216794,1
TCGA-G6-A8L8-01A-21R-A37O-07,-0.20146718541758238,1
TCGA-A2-A0CS-01A-11R-A115-07,-0.19128657588222464,1
TCGA-DD-AACA-01A-11R-A41C-07,-0.41641399727064576,1
TCGA-A2-A0CZ-01A-11R-A034-07,-0.058711948080415396,1
TCGA-23-1110-01A-01R-1564-13,-0.39025005795026174,0
TCGA-E2-A150-01A-11R-A12D-07,-0.03918711494422784,1
TCGA-A6-6142-01A-11R-1774-07,-0.2420224296599799,1
TCGA-AO-A124-01A-11R-A10J-07,-0.038949630386364786,1
TCGA-NC-A5HJ-01A-11R-A26W-07,-0.0425700880819261,1
TCGA-85-8352-01A-31R-2326-07,-0.06614142856192964,1
TCGA-B8-5545-01A-01R-1672-07,-0.427065803028184,1
TCGA-DD-A118-01A-11R-A131-07,-0.39852123614255536,0
TCGA-NJ-A4YP-01A-11R-A262-07,-0.15998348628464576,1
TCGA-94-7557-01A-11R-2125-07,-0.21766563805081995,1
TCGA-78-7156-01A-11R-2039-07,-0.05209221798577204,1
TCGA-BH-A0HP-01A-12R-A084-07,-0.21789951430880558,1
TCGA-B1-A656-01A-11R-A31O-07,-0.3268145386189759,1
TCGA-39-5037-01A-01R-1443-07,-0.19405946512047817,1
TCGA-CJ-4892-01A-01R-1305-07,-0.5037856948950472,1
TCGA-55-1592-01A-01R-0946-07,-0.20654655386941576,1
TCGA-E2-A1L7-01A-11R-A144-07,-0.12223964240819415,1
TCGA-49-4512-01A-21R-1858-07,-0.12081695854676644,0
TCGA-A1-A0SH-01A-11R-A084-07,-0.16278182394303542,1
TCGA-G9-6339-01A-12R-A311-07,-0.4422110472180546,1
TCGA-67-3771-01A-01R-0946-07,-0.16433908124873367,1
TCGA-J7-6720-01A-11R-2139-07,-0.46258090013648195,1
TCGA-C8-A12O-01A-11R-A115-07,-0.18349070273991286,1
TCGA-CH-5741-01A-11R-1580-07,-0.3652064672047765,1
TCGA-EJ-A8FU-01A-11R-A36G-07,-0.47567907056970143,1
TCGA-B0-4849-01A-01R-1277-07,-0.4132035556160197,1
TCGA-HC-A76W-01A-11R-A33R-07,-0.3653456764024039,1
TCGA-CC-A8HT-01A-11R-A36F-07,-0.29859108174978444,0
TCGA-G4-6320-01A-11R-1723-07,-0.3449828582082587,1
TCGA-BP-4763-01A-01R-1289-07,-0.31450493215076375,1
TCGA-A8-A097-01A-11R-A034-07,-0.18987935169635559,1
TCGA-73-4662-01A-01R-1206-07,-0.22274507169913657,1
TCGA-RC-A7SH-01A-11R-A38B-07,-0.29646679513180496,1
TCGA-09-1661-01B-01R-1566-13,-0.2510906122779773,1
TCGA-66-2766-01A-01R-0851-07,-0.2084168917462939,1
TCGA-A2-A3XZ-01A-42R-A239-07,-0.06545146297832909,0
TCGA-36-1581-01A-01R-1566-13,-0.11879878761797388,1
TCGA-CH-5789-01A-11R-1580-07,-0.3483811185748663,1
TCGA-BH-A1F0-01A-11R-A137-07,-0.029024836543301073,1
TCGA-91-6847-01A-11R-1949-07,0.03348344203954287,0
TCGA-52-7809-01A-21R-2125-07,-0.1878061167209603,1
TCGA-BD-A3ER-01A-11R-A213-07,-0.47958035813365973,1
TCGA-13-1511-01A-01R-1565-13,-0.25761998751436216,1
TCGA-21-1079-01A-01R-0692-07,-0.22399881184122294,1
TCGA-BH-A18V-01A-11R-A12D-07,-0.040764716172065216,1
TCGA-F4-6569-01A-11R-1774-07,-0.22383847905788581,1
TCGA-66-2781-01A-01R-0851-07,-0.2844435409006746,1
TCGA-G3-A5SK-01A-11R-A27V-07,-0.43969889983852306,1
TCGA-AC-A62V-01A-11R-A31O-07,0.038949078435210005,1
TCGA-BP-5195-01A-02R-1426-07,-0.5478232128604809,1
TCGA-A8-A0A1-01A-11R-A00Z-07,-0.24841597009891708,1
TCGA-38-4629-01A-02R-1206-07,-0.08739189560785877,1
TCGA-AC-A5EH-01A-11R-A28M-07,-0.08989533469102891,1
TCGA-M7-A721-01A-12R-A32O-07,-0.5647820128548954,1
TCGA-23-1028-01A-01R-1564-13,-0.3209775061386313,1
TCGA-AZ-5407-01A-01R-1723-07,-0.4289364319025176,1
TCGA-56-8625-01A-11R-2403-07,-0.18456649136113656,1
TCGA-NC-A5HM-01A-12R-A26W-07,-0.2253921554498036,1
TCGA-58-A46L-01A-11R-A24H-07,-0.23809951197288673,0
TCGA-B6-A0IH-01A-11R-A115-07,-0.13077424742806185,1
TCGA-77-A5FZ-01A-31R-A27Q-07,0.12147835682938705,1
TCGA-CK-4947-01B-11R-1653-07,-0.39748088635721096,1
TCGA-AC-A2QI-01A-12R-A19W-07,-0.17993973613721778,1
TCGA-G3-AAV4-01A-11R-A38B-07,-0.45332607925394425,1
TCGA-93-7347-01A-11R-2187-07,-0.24329462753464795,1
TCGA-LL-A73Z-01A-11R-A32P-07,-0.06250287802173868,1
TCGA-AC-A2BK-01A-11R-A21T-07,0.010981917327094677,0
TCGA-25-1315-01A-01R-1565-13,-0.41302282685244207,1
TCGA-A2-A0T2-01A-11R-A084-07,0.01722095471772634,1
TCGA-P4-A5E7-01A-31R-A28H-07,-0.4817119398482529,0
TCGA-E2-A574-01A-11R-A29R-07,0.154483003446735,0
TCGA-09-2051-01A-01R-1568-13,-0.3073132292142766,1
TCGA-S3-A6ZH-01A-22R-A32P-07,-0.16712478750524906,0
TCGA-AA-3548-01A-01R-1873-07,-0.36690532104232687,1
TCGA-B9-A8YH-01A-11R-A37K-07,-0.5397659274603317,0
TCGA-AA-3971-01A-01R-1022-07,-0.45497249163624753,0
TCGA-BP-5169-01A-01R-1426-07,-0.015972215565368934,1
TCGA-A2-A3XW-01A-11R-A239-07,0.14297501592949263,0
TCGA-AU-3779-01A-01R-1723-07,-0.3346575478378622,1
TCGA-21-1071-01A-01R-0692-07,-0.25906934765192813,1
TCGA-2L-AAQE-01A-11R-A39D-07,-0.41369975961994704,1
TCGA-78-7143-01A-11R-2039-07,-0.22481086623648394,1
TCGA-CM-5863-01A-21R-1839-07,-0.25011887603413163,1
TCGA-85-8288-01A-11R-2296-07,-0.2285256535861203,1
TCGA-CC-5259-01A-31R-A213-07,-0.42564990116444335,1
TCGA-22-5480-01A-01R-1635-07,-0.1718642906595477,1
TCGA-DW-7963-01B-11R-A28H-07,-0.540599552929014,0
TCGA-A1-A0SN-01A-11R-A144-07,-0.19444456569749746,1
TCGA-V1-A8X3-01A-11R-A37L-07,-0.5481451913375572,1
TCGA-E9-A22D-01A-11R-A157-07,-0.1460585845021115,1
TCGA-B0-5075-01A-01R-1334-07,-0.3800359230255426,1
TCGA-AK-3433-01A-02R-1277-07,0.19863690616511387,1
TCGA-BP-4331-01A-01R-1289-07,-0.49827638751667175,0
TCGA-ES-A2HT-01A-12R-A180-07,-0.5883039558477613,1
TCGA-29-1766-01A-01R-1567-13,-0.3609469050525656,1
TCGA-HZ-7926-01A-11R-2156-07,-0.42284855780226716,1
TCGA-4L-AA1F-01A-11R-A41O-07,0.05471342131911733,1
TCGA-Q2-A5QZ-01A-11R-A28H-07,-0.11547248272969018,0
TCGA-49-4490-01A-21R-1858-07,-0.13046285428180102,1
TCGA-2Y-A9H2-01A-12R-A38B-07,0.010126766007836262,1
TCGA-24-1923-01A-01R-1567-13,-0.3000092304641953,1
TCGA-22-4595-01A-01R-1201-07,-0.19464652323384002,1
TCGA-44-6147-01B-06R-A277-07,0.11329355195483205,1
TCGA-3A-A9I5-01A-11R-A38C-07,-0.215654081441481,0
TCGA-50-5933-01A-11R-1755-07,-0.1462650366568198,1
TCGA-BP-4995-01A-01R-1334-07,-0.2687946493353195,1
TCGA-A2-A1FV-01A-11R-A13Q-07,-0.14095193358448616,0
TCGA-CZ-4866-01A-01R-1503-07,-0.2873755271287186,0
TCGA-F4-6570-01A-11R-1774-07,-0.270813122970964,1
TCGA-BH-A0EI-01A-11R-A115-07,-0.20095509640656384,1
TCGA-AA-3713-01A-21R-1723-07,-0.2793511299347074,1
TCGA-NI-A4U2-01A-11R-A28V-07,-0.471129738723863,1
TCGA-DD-AADY-01A-11R-A41C-07,-0.3564440880759315,1
TCGA-05-4405-01A-21R-1858-07,-0.20751592712452355,1
TCGA-EJ-8469-01A-11R-2403-07,-0.11201259274583121,1
TCGA-CK-5914-01A-11R-1653-07,-0.42298655540678876,1
TCGA-61-2104-01A-01R-1568-13,-0.27546390252191455,1
TCGA-95-7562-01A-11R-2241-07,-0.07947016386404568,1
TCGA-NK-A5CR-01A-11R-A26W-07,-0.3080902555896497,1
TCGA-DD-AACU-01A-11R-A41C-07,-0.4696613474197673,1
TCGA-DD-A119-01A-11R-A131-07,-0.5868761929277949,1
TCGA-GM-A3NW-01A-21R-A22K-07,-0.12390843099154078,1
TCGA-50-8459-01A-11R-2326-07,-0.11958969935309616,1
TCGA-AO-A12C-01A-11R-A10J-07,-0.21222566287089864,0
TCGA-CK-4950-01A-01R-1723-07,-0.46177946970729233,0
TCGA-55-6987-01A-11R-1949-07,-0.22136216132143413,1
TCGA-G3-A7M6-01A-11R-A33R-07,-0.03555808178088791,1
TCGA-EW-A3E8-01B-11R-A24H-07,-0.09799440178818182,1
TCGA-AO-A0JB-01A-11R-A32Y-07,0.009034961445580882,1
TCGA-EJ-A8FO-01A-21R-A36G-07,-0.578170023304753,1
TCGA-CM-6168-01A-11R-1653-07,-0.2811492201343288,1
TCGA-J4-8198-01A-11R-2263-07,-0.42919788873379094,1
TCGA-YL-A8SA-01A-21R-A37L-07,-0.38103605917239847,1
TCGA-CJ-5679-01A-11R-1541-07,-0.15603995500607096,1
TCGA-LL-A7SZ-01A-32R-A352-07,0.08543024916657184,1
TCGA-CM-6677-01A-11R-1839-07,-0.4622288408971428,1
TCGA-BP-4973-01A-01R-1334-07,-0.5304959722417991,1
TCGA-2L-AAQJ-01A-12R-A39D-07,-0.5048670579502843,1
TCGA-09-0367-01A-01R-1564-13,-0.3165923620560639,1
TCGA-BQ-7044-01A-11R-1965-07,-0.43798333710900067,1
TCGA-B0-4813-01A-01R-1277-07,0.013237823220989863,1
TCGA-24-1104-01A-01R-1565-13,-0.2878047752321333,1
TCGA-HC-A6HY-01A-11R-A31N-07,-0.4413277473423083,1
TCGA-L5-A8NK-01A-21R-A37I-31,-0.5362879989661056,1
TCGA-31-1953-01A-01R-1568-13,-0.3065457540231326,1
TCGA-BH-A8FY-01A-11R-A36F-07,-0.04517135677240364,1
TCGA-B0-5107-01A-01R-1420-07,0.053875066910500806,0
TCGA-09-1673-01A-01R-1566-13,-0.2525034567184358,1
TCGA-CH-5764-01A-21R-1580-07,-0.3750049611756431,0
TCGA-2H-A9GN-01A-11R-A37I-31,-0.524086906807383,1
TCGA-23-1024-01A-02R-1564-13,-0.34875611645314675,0
TCGA-B8-5549-01A-01R-1541-07,-0.4990645502625355,1
TCGA-GL-8500-01A-11R-2404-07,-0.4521235674435655,1
TCGA-KK-A8IM-01A-11R-A36G-07,-0.5323090918147025,0
TCGA-BH-A0BQ-01A-21R-A115-07,-0.18601835541809295,1
TCGA-G3-A6UC-01A-21R-A33J-07,-0.5418105057281121,1
TCGA-20-1687-01A-01R-1566-13,-0.2569886910304887,0
TCGA-AC-A2QH-01A-11R-A18M-07,0.08875966822908206,1
TCGA-DM-A28M-01A-12R-A16W-07,-0.4043679750948629,1
TCGA-13-0899-01A-01R-1564-13,-0.38285862551995853,1
TCGA-2Y-A9GW-01A-11R-A38B-07,-0.41706098181549045,1
TCGA-2A-A8VT-01A-11R-A37L-07,-0.3189950923740604,1
TCGA-D5-6922-01A-11R-1928-07,-0.3016312816303038,1
TCGA-24-1847-01A-01R-1566-13,-0.28623932950627046,1
TCGA-AC-A2FO-01A-11R-A180-07,-0.1869471282441637,1
TCGA-UB-A7MC-01A-11R-A33R-07,-0.33743882954213833,1
TCGA-MP-A4TK-01A-11R-A24X-07,-0.19377080757884377,1
TCGA-04-1542-01A-01R-1566-13,-0.3105917732309086,1
TCGA-EW-A1P8-01A-11R-A144-07,-0.018997219726081937,1
TCGA-G7-7501-01A-11R-2204-07,-0.10272626340167589,1
TCGA-A2-A0D0-01A-11R-A00Z-07,0.07462825675841644,0
TCGA-HC-7079-01A-11R-1965-07,0.1768360971829324,1
TCGA-KK-A8IA-01A-11R-A36G-07,-0.3978940008096974,1
TCGA-D5-6529-01A-11R-1774-07,-0.2941944848665631,1
TCGA-G4-6304-01A-11R-1928-07,-0.3755111287560377,1
TCGA-BH-A0HB-01A-11R-A056-07,-0.14879387126038066,1
TCGA-CJ-4882-01A-02R-1426-07,-0.24070222640152686,1
TCGA-24-1435-01A-01R-1566-13,-0.3568017027888407,1
TCGA-AA-3492-01A-01R-1410-07,-0.3514806694763061,0
TCGA-IZ-8196-01A-11R-2404-07,-0.32256938404538144,1
TCGA-UB-A7ME-01A-11R-A33J-07,-0.3562101585558272,0
TCGA-6A-AB49-01A-12R-A405-07,-0.05912087601560755,1
TCGA-63-7021-01A-11R-1949-07,-0.27827863010589476,1
TCGA-A2-A0EN-01A-13R-A084-07,-0.1630158253655612,0
TCGA-A8-A0A2-01A-11R-A034-07,-0.24286319641824472,0
TCGA-DD-AACX-01A-11R-A41C-07,-0.49614364728705806,1
TCGA-E2-A14O-01A-31R-A115-07,-0.08238538573627244,1
TCGA-AA-3695-01A-01R-0905-07,0.22414108732252996,1
TCGA-A2-A0EM-01A-11R-A034-07,-0.24874326656514784,1
TCGA-AA-3549-01A-02R-0821-07,-0.4427004577236652,1
TCGA-ED-A7XP-01A-11R-A352-07,-0.3699115971973391,1
TCGA-97-7938-01A-11R-2170-07,-0.14592056412456217,1
TCGA-23-1122-01A-01R-1565-13,-0.40663370068130383,1
TCGA-AA-A01I-01A-02R-A089-07,-0.26631371282435307,1
TCGA-ZS-A9CG-01A-11R-A37K-07,-0.5419947423461071,1
TCGA-A7-A0DA-01A-31R-A115-07,-0.06525210718876766,1
TCGA-29-1701-01A-01R-1567-13,-0.2539573049730926,1
TCGA-LN-A4A6-01A-11R-A260-31,-0.5221256919060878,0
TCGA-2H-A9GQ-01A-11R-A37I-31,-0.27559771384140114,1
TCGA-B8-4620-01A-02R-1325-07,-0.37088578735660355,1
TCGA-B0-4718-01A-01R-1277-07,-0.32019096588023394,1
TCGA-AA-3861-01A-01R-1022-07,-0.41320932716429815,1
TCGA-D5-6932-01A-11R-1928-07,-0.4251877996277629,1
TCGA-55-8091-01A-11R-2241-07,-0.18583948645304865,1
TCGA-64-1681-01A-11R-2066-07,-0.20975501376305514,1
TCGA-VR-AA7I-01A-11R-A406-31,-0.43875030732696163,0
TCGA-AZ-4308-01A-01R-1410-07,-0.22429609719893742,1
TCGA-13-1403-01A-01R-1565-13,-0.316043401104722,1
TCGA-AL-3471-01A-02R-1351-07,-0.38369360749873044,1
TCGA-23-2078-01A-01R-1568-13,-0.3363879582249619,1
TCGA-25-2409-01A-01R-1569-13,-0.3618736933985341,1
TCGA-BH-A0W7-01A-11R-A115-07,-0.16229132409438943,1
TCGA-DM-A1D6-01A-21R-A155-07,-0.2938851458207904,1
TCGA-13-1512-01A-01R-1565-13,-0.24442585279073073,1
TCGA-23-1111-01A-01R-1567-13,-0.31774961029685783,1
TCGA-43-6647-01A-11R-1820-07,-0.15099251351337667,1
TCGA-85-7698-01A-11R-2125-07,-0.3212877887098994,1
TCGA-MW-A4EC-01A-11R-A266-07,-0.40861410243285157,1
TCGA-58-A46J-01A-11R-A24H-07,-0.2080533106726795,1
TCGA-DD-AAVX-01A-11R-A41C-07,-0.5345977252714418,1
TCGA-29-1777-01A-01R-1567-13,-0.2804253496468872,1
TCGA-A2-A3XX-01A-21R-A239-07,-0.008032737092050336,1
TCGA-55-7725-01A-11R-2170-07,-0.0754248912607793,1
TCGA-BH-A0DP-01A-21R-A056-07,-0.21993240147921372,1
TCGA-PD-A5DF-01A-11R-A27V-07,-0.4016791966123228,1
TCGA-77-7465-01A-11R-2045-07,-0.17870969593331662,1
TCGA-A6-5659-01A-01R-A278-07,-0.1290360846353242,1
TCGA-A8-A08G-01A-11R-A00Z-07,-0.2228070641339394,1
TCGA-39-5029-01A-01R-1443-07,-0.22925775001988122,0
TCGA-DD-AAVQ-01A-11R-A41C-07,-0.3309685730102565,1
TCGA-BH-A0DK-01A-21R-A056-07,-0.1607530951245982,1
TCGA-AC-A2QJ-01A-12R-A19W-07,0.30331912681683115,1
TCGA-BP-4799-01A-01R-1305-07,-0.11603024491680128,1
TCGA-18-3415-01A-01R-0980-07,-0.25915902859170764,1
TCGA-22-A5C4-01A-12R-A27Q-07,-0.16455350013752948,1
TCGA-Y8-A896-01A-11R-A36F-07,-0.350352763503654,1
TCGA-AC-A2FG-01A-11R-A17B-07,-0.2136463377768323,1
TCGA-CW-5584-01A-01R-1541-07,-0.48566703935343886,1
TCGA-58-8387-01A-11R-2296-07,-0.1912210290656507,1
TCGA-55-7724-01A-11R-2170-07,-0.06455232393177686,1
TCGA-AO-A12B-01A-11R-A10J-07,-0.09875681579967335,1
TCGA-KC-A7F3-01A-21R-A33R-07,-0.4953694795442593,1
TCGA-49-4514-01A-21R-1858-07,-0.0204977605642525,1
TCGA-A8-A09N-01A-11R-A00Z-07,-0.1719300415400817,1
TCGA-C8-A12W-01A-11R-A115-07,-0.16055171664392145,1
TCGA-BP-4797-01A-01R-1305-07,-0.42016270857570825,0
TCGA-G3-A7M9-01A-23R-A352-07,0.0033284257747852935,1
TCGA-55-7815-01A-11R-2170-07,-0.05310658798098806,1
TCGA-EJ-A8FP-01A-21R-A36G-07,-0.4581316143287881,1
TCGA-AN-A0FT-01A-11R-A034-07,-0.08443992401053024,0
TCGA-A2-A25A-01A-12R-A16F-07,-0.16880893686957343,1
TCGA-33-4547-01A-01R-1201-07,-0.2859378987246735,0
TCGA-G9-7523-01A-11R-2263-07,-0.11288946624816784,1
TCGA-KK-A8II-01A-11R-A36G-07,-0.3948575013388612,1
TCGA-09-2048-01A-01R-1568-13,-0.29162765630154686,1
TCGA-B0-4824-01A-01R-1277-07,-0.46956241946489313,1
TCGA-BH-A0DH-01A-11R-A084-07,-0.16334601325925732,0
TCGA-55-8615-01A-11R-2403-07,-0.1365674715253218,1
TCGA-78-8648-01A-11R-2403-07,-0.16979015494186192,0
TCGA-05-4426-01A-01R-1206-07,-0.17199107362716526,1
TCGA-CW-6087-01A-11R-1672-07,0.0891389591690798,1
TCGA-BH-A2L8-01A-11R-A18M-07,-0.16402039462482096,1
TCGA-64-1680-01A-02R-0946-07,-0.16133907160967265,1
TCGA-ER-A19T-01A-11R-A18T-07,-0.7195840709662964,1
TCGA-IB-7891-01A-11R-2204-07,-0.4627887779030334,1
TCGA-SX-A7SN-01A-11R-A355-07,-0.5801318154607301,0
TCGA-EJ-7793-01A-31R-2263-07,-0.5251926440294273,1
TCGA-23-1118-01A-01R-1564-13,-0.3713802533547783,1
TCGA-AQ-A54N-01A-11R-A266-07,0.11400017334343994,1
TCGA-DD-AAW1-01A-11R-A41C-07,-0.48833322799586804,1
TCGA-L5-A43E-01A-11R-A24K-31,-0.3569656009085751,1
TCGA-AA-A00O-01A-02R-A089-07,-0.11430480734600773,0
TCGA-24-2261-01A-01R-1568-13,-0.28699290126683674,1
TCGA-AA-3688-01A-01R-0905-07,-0.48952236002557253,0
TCGA-UZ-A9PV-01A-11R-A42S-07,-0.55061108698581,1
TCGA-37-A5EN-01A-21R-A26W-07,-0.2507671136065799,1
TCGA-09-2053-01C-01R-1568-13,-0.41692197125673636,1
TCGA-EW-A1J5-01A-11R-A13Q-07,-0.2318590305059517,1
TCGA-IB-AAUQ-01A-22R-A41I-07,-0.5370927736762736,1
TCGA-A2-A0SX-01A-12R-A084-07,-0.06927049761074393,1
TCGA-H8-A6C1-01A-11R-A32O-07,-0.46237930159173557,0
TCGA-P4-AAVO-01A-11R-A42S-07,-0.3618188393725786,1
TCGA-A7-A6VY-01A-12R-A33J-07,0.020409423046096307,1
TCGA-BP-5177-01A-01R-1426-07,-0.3724780507385235,0
TCGA-37-4141-01A-02R-1100-07,-0.04559404028435349,0
TCGA-85-8355-01A-11R-2296-07,-0.1880699700220098,1
TCGA-60-2719-01A-01R-0851-07,-0.26927180716692,1
TCGA-AA-A01C-01A-01R-A00A-07,-0.43668938495883225,1
TCGA-G9-6329-01A-13R-1965-07,-0.3861539916458722,1
TCGA-BH-A0HK-01A-11R-A056-07,-0.1500376772272784,1
TCGA-34-5239-01A-21R-1820-07,-0.18780745459548154,0
TCGA-NC-A5HH-01A-11R-A26W-07,-0.10084415281853265,1
TCGA-NC-A5HK-01A-11R-A26W-07,-0.11149511356199275,1
TCGA-69-7973-01A-11R-2187-07,-0.1269589744901651,1
TCGA-77-8128-01A-11R-2247-07,-0.29318490025496446,1
TCGA-B0-5700-01A-11R-1541-07,-0.29342923893427625,1
TCGA-IB-8126-01A-11R-2404-07,-0.32927783760377694,1
TCGA-QL-A97D-01A-12R-A41B-07,-0.4372114135951641,0
TCGA-XR-A8TC-01A-11R-A36F-07,-0.3932641442787176,1
TCGA-63-A5MU-01A-11R-A26W-07,-0.25784309505134795,1
TCGA-B8-A54F-01A-11R-A266-07,-0.4078868543461092,0
TCGA-78-7220-01A-11R-2039-07,-0.021739031795909435,1
TCGA-97-8176-01A-11R-2403-07,-0.15264341673642418,1
TCGA-G4-6293-01A-11R-1723-07,-0.39576684811615404,1
TCGA-05-5715-01A-01R-1628-07,-0.1602076515665145,1
TCGA-E2-A1IF-01A-11R-A144-07,-0.11574457567028344,1
TCGA-AC-A3YI-01A-21R-A239-07,-0.048878327274164184,1
TCGA-2J-AAB6-01A-11R-A41B-07,-0.3342044806163387,1
TCGA-B1-A47N-01A-11R-A24Z-07,-0.34475303670212676,1
TCGA-D8-A1JL-01A-11R-A13Q-07,-0.06580556808283944,1
TCGA-SS-A7HO-01A-21R-A37K-07,-0.2740474105310694,1
TCGA-58-8390-01A-11R-2326-07,-0.23804069329915942,1
TCGA-85-8582-01A-21R-2403-07,-0.21156484104189316,1
TCGA-J9-A8CL-01A-11R-A352-07,-0.2794155862803233,1
TCGA-BQ-5888-01A-11R-1592-07,-0.30826694508286,1
TCGA-GM-A2DF-01A-11R-A180-07,0.041397585885763845,1
TCGA-CJ-4891-01A-01R-1305-07,-0.10773873493834377,1
TCGA-E2-A14R-01A-11R-A115-07,-0.014030596650891227,1
TCGA-30-1853-01A-02R-1567-13,-0.3305098857354252,1
TCGA-EV-5903-01A-11R-1592-07,-0.41962952775798334,1
TCGA-G9-6353-01A-11R-1965-07,-0.4720595835423286,0
TCGA-BC-A110-01A-11R-A131-07,-0.3185110611651045,1
TCGA-04-1648-01A-01R-1567-13,-0.20174718849826923,1
TCGA-55-6983-01A-11R-1949-07,-0.2119335973191148,1
TCGA-WX-AA44-01A-11R-A39D-07,-0.30205482934732286,1
TCGA-C8-A132-01A-31R-A115-07,-0.21334804638007712,0
TCGA-A2-A0CU-01A-12R-A034-07,-0.18668100300113122,1
TCGA-46-3769-01A-01R-0980-07,-0.07854405055966904,0
TCGA-PE-A5DC-01A-12R-A27Q-07,-0.09879160677366847,1
TCGA-2J-AAB9-01A-11R-A41B-07,-0.5974043421808907,0
TCGA-21-1083-01A-01R-0692-07,-0.18591093196858013,1
TCGA-E2-A15F-01A-11R-A115-07,-0.21147392481849872,1
TCGA-BH-A1F5-01A-12R-A13Q-07,-0.17709295652071358,1
TCGA-EW-A1P4-01A-21R-A144-07,0.06319907932754154,1
TCGA-29-1778-01A-01R-1567-13,-0.3380799545845841,1
TCGA-30-1718-01A-01R-1567-13,-0.34172006405779676,1
TCGA-86-8074-01A-11R-2241-07,-0.1894486018842982,1
TCGA-A6-6782-01A-11R-1839-07,-0.36481090387128196,1
TCGA-IA-A83V-01A-11R-A355-07,-0.4433197368430537,0
TCGA-KK-A6E5-01A-11R-A311-07,-0.5251052058104327,1
TCGA-L9-A5IP-01A-21R-A39D-07,-0.08277427495561374,0
TCGA-58-8391-01A-11R-2326-07,-0.2725981074919707,1
TCGA-KK-A8IK-01A-11R-A36G-07,-0.14050835905716602,1
TCGA-F4-6807-01A-11R-1839-07,-0.2922441016625737,1
TCGA-EJ-5516-01A-01R-1580-07,-0.1362882666272372,1
TCGA-85-8350-01A-11R-2296-07,-0.23877893243214668,1
TCGA-KK-A7AZ-01A-12R-A32O-07,-0.30282707551910015,1
TCGA-DW-7842-01A-11R-A32Z-07,-0.43497639868390126,1
TCGA-OL-A6VQ-01A-12R-A41B-07,-0.18185764289402523,1
TCGA-31-1946-01A-01R-1568-13,-0.33951499810464913,0
TCGA-AZ-6606-01A-11R-1839-07,-0.40742817845805007,1
TCGA-DD-AAD1-01A-11R-A41C-07,-0.13314154267779954,1
TCGA-A2-A0CO-01A-13R-A22K-07,0.009568045145518077,1
TCGA-CM-4750-01A-01R-1410-07,-0.4160609856113834,1
TCGA-AC-A4ZE-01A-11R-A41B-07,-0.15046706423328735,1
TCGA-BP-4327-01A-01R-1289-07,-0.43819509647613003,1
TCGA-UZ-A9PX-01A-11R-A42S-07,-0.5923211211409862,1
TCGA-BH-A0B9-01A-11R-A056-07,0.004687863042353539,1
TCGA-FB-AAQ0-01A-31R-A41B-07,-0.34824977494450193,1
TCGA-A8-A09K-01A-11R-A00Z-07,-0.1964047599937965,1
TCGA-55-1595-01A-01R-0946-07,-0.1879720941681318,1
TCGA-J4-A83K-01A-11R-A352-07,-0.5953799819991651,1
TCGA-A2-A1G4-01A-11R-A13Q-07,-0.21230302839692028,1
TCGA-A2-A04T-01A-21R-A034-07,-0.028246968987686735,1
TCGA-V1-A8MK-01A-11R-A36G-07,-0.5637444788223677,1
TCGA-AN-A03X-01A-21R-A00Z-07,-0.15847014829633274,1
TCGA-97-7547-01A-11R-2039-07,-0.10465151585480596,1
TCGA-AD-6889-01A-11R-1928-07,-0.35511426547659863,1
TCGA-KK-A7AW-01A-11R-A32O-07,-0.06977576161616014,1
TCGA-AO-A03N-01B-11R-A10J-07,-0.08959682089624872,1
TCGA-EJ-5530-01A-01R-1580-07,-0.4604112274936584,0
TCGA-P4-AAVM-01A-11R-A42S-07,-0.4213375810247894,1
TCGA-66-2778-01A-02R-0851-07,-0.08552224128777507,1
TCGA-HC-A6AP-01A-11R-A30B-07,-0.2184610016064048,0
TCGA-Z6-AAPN-01A-11R-A406-31,-0.32852927236477436,0
TCGA-CJ-4886-01A-01R-1305-07,-0.595768273671058,0
TCGA-BP-4769-01A-01R-1289-07,-0.22931868125185337,1
TCGA-D8-A1XM-01A-21R-A14M-07,-0.2575806789231231,1
TCGA-A7-A4SA-01A-11R-A266-07,-0.1073758459931205,1
TCGA-LN-A7HZ-01A-31R-A354-31,-0.2536700306909097,1
TCGA-AR-A1AO-01A-11R-A12P-07,-0.040701586510891764,1
TCGA-Y6-A9XI-01A-11R-A41O-07,-0.4526693399693258,1
TCGA-31-1951-01A-01R-1568-13,-0.29575524883385407,1
TCGA-25-1318-01A-01R-1565-13,-0.2674017140634427,1
TCGA-B0-5099-01A-01R-1420-07,-0.3614792786849292,1
TCGA-CH-5794-01A-11R-1580-07,-0.4204951439493786,1
TCGA-BQ-5894-01A-11R-1592-07,-0.010350941335903903,1
TCGA-CZ-4863-01A-01R-1503-07,-0.47122408712287384,1
TCGA-DD-AADJ-01A-11R-A41C-07,-0.5656598707167829,1
TCGA-B0-4845-01A-01R-1277-07,-0.4202790572110439,1
TCGA-BC-A216-01A-11R-A155-07,-0.21339702482905487,1
TCGA-CJ-4871-01A-01R-1305-07,-0.45938069123205344,1
TCGA-B0-5710-01A-11R-1672-07,-0.4437579604025921,1
TCGA-CH-5750-01A-11R-1580-07,-0.3501820863866076,0
TCGA-DV-5566-01A-01R-1541-07,-0.35627210733285686,1
TCGA-BC-A10X-01A-11R-A131-07,-0.3432727814605806,0
TCGA-60-2721-01A-01R-0851-07,-0.2576541729844324,1
TCGA-F2-7273-01A-11R-2156-07,-0.3897624871056864,1
TCGA-05-4389-01A-01R-1206-07,-0.15276084063555995,1
TCGA-A8-A083-01A-21R-A00Z-07,-0.14861010654557472,1
TCGA-EJ-7317-01A-31R-2118-07,-0.48895728500385716,1
TCGA-24-2023-01A-01R-1567-13,-0.350138150292928,1
TCGA-B6-A0RM-01A-11R-A084-07,-0.18668610144334377,1
TCGA-56-A5DS-01A-11R-A27Q-07,-0.24378862477625782,1
TCGA-CJ-5672-01A-11R-1541-07,-0.39339413859177796,1
TCGA-73-7498-01A-12R-2187-07,-0.21229390204478824,1
TCGA-GM-A2DH-01A-11R-A180-07,-0.12851943587671205,0
TCGA-A8-A082-01A-11R-A00Z-07,-0.1622630477462597,1
TCGA-DD-A4NI-01A-11R-A27V-07,-0.4864130533886539,1
TCGA-G4-6626-01A-11R-1774-07,-0.3847928234930983,1
TCGA-CH-5738-01A-11R-1580-07,-0.3758120690675957,1
TCGA-79-5596-01A-31R-1949-07,-0.32467795550409256,1
TCGA-A6-5656-01A-21R-A278-07,-0.10055455282432321,0
TCGA-BP-4766-01A-01R-1289-07,-0.4822972286406885,1
TCGA-XQ-A8TB-01A-11R-A36G-07,-0.387677675039456,1
TCGA-BP-4337-01A-01R-1289-07,-0.28368156371722036,1
TCGA-G9-A9S4-01A-11R-A41O-07,-0.24918939590301822,1
TCGA-CH-5762-01A-11R-1580-07,-0.2955992034190179,1
TCGA-B0-5106-01A-01R-1420-07,-0.4557044978682354,1
TCGA-V1-A9OX-01A-11R-A41O-07,-0.45014737662485427,0
TCGA-DD-AADU-01A-11R-A41C-07,-0.5551451244793635,1
TCGA-A3-3385-01A-02R-1420-07,-0.30309717851471324,1
TCGA-90-7964-01A-21R-2187-07,-0.1692939132909509,1
TCGA-55-7913-01B-11R-2241-07,-0.08513592936975053,0
TCGA-AN-A0AJ-01A-11R-A00Z-07,-0.1300570799645473,0
TCGA-09-1670-01A-01R-1566-13,-0.38343641530916506,1
TCGA-A4-7734-01A-11R-A32Z-07,-0.2951578987452914,1
TCGA-55-7914-01A-11R-2170-07,-0.16259392540508205,1
TCGA-77-7140-01A-41R-2045-07,-0.24433805206838144,1
TCGA-VN-A943-01A-11R-A41O-07,-0.4207516863796655,0
TCGA-B0-5108-01A-01R-1420-07,-0.41266164725991644,1
TCGA-J9-A8CN-01A-11R-A352-07,-0.43402430613827386,1
TCGA-13-1485-01A-02R-1565-13,-0.18485924199082568,1
TCGA-33-AASL-01A-11R-A405-07,-0.17067451143026785,1
TCGA-CC-5264-01A-01R-A131-07,-0.1689274859708284,1
TCGA-CK-4952-01A-01R-1723-07,-0.2915387042191534,1
TCGA-04-1530-01A-02R-1569-13,-0.35530810581087957,1
TCGA-80-5608-01A-31R-1949-07,-0.1789236602616764,0
TCGA-B1-A657-01A-11R-A31O-07,-0.5744492511236596,1
TCGA-AA-3489-01A-21R-1839-07,-0.15200578040144094,1
TCGA-OL-A66O-01A-11R-A31O-07,0.009432278800649998,1
TCGA-5L-AAT1-01A-12R-A41B-07,-0.07975194463326657,0
TCGA-55-6986-01A-11R-1949-07,-0.16528175140328955,1
TCGA-FB-A4P5-01A-11R-A26U-07,-0.5507097361075808,1
TCGA-AK-3428-01A-02R-1277-07,-0.370299984706238,0
TCGA-4T-AA8H-01A-11R-A41B-07,-0.39181068916068756,1
TCGA-L5-A88Y-01A-11R-A354-31,-0.33455882455485064,1
TCGA-VN-A88K-01A-11R-A352-07,-0.3834991902064707,0
TCGA-58-A46N-01A-11R-A24H-07,-0.295516588617788,1
TCGA-YL-A9WH-01A-11R-A37L-07,-0.14915015620744707,1
TCGA-44-6776-01A-11R-1858-07,-0.1524055600018501,0
TCGA-97-A4M6-01A-11R-A24X-07,-0.22444565406232544,1
TCGA-33-4583-01A-01R-1443-07,-0.2516862148531207,1
TCGA-2Y-A9H9-01A-21R-A39D-07,-0.5972250729172516,0
TCGA-D8-A27L-01A-11R-A16F-07,-0.23406608018833092,1
TCGA-F4-6704-01A-11R-1839-07,-0.06454753030809388,1
TCGA-63-A5MY-01A-11R-A26W-07,-0.16505220376102675,1
TCGA-AA-3666-01A-02R-0905-07,-0.3803310705132503,1
TCGA-A8-A08Z-01A-21R-A00Z-07,-0.2190410417842423,1
TCGA-V1-A9Z9-01A-21R-A41O-07,-0.5355188754439478,1
TCGA-3A-A9IR-01A-11R-A38C-07,0.16542014693750484,1
TCGA-24-1436-01A-01R-1566-13,-0.34891782351187245,0
TCGA-BH-A0AU-01A-11R-A12P-07,-0.21063070035150772,1
TCGA-G9-6379-01A-11R-A31N-07,-0.1231692933821688,0
TCGA-DD-AADR-01A-11R-A41C-07,-0.5584131013252088,1
TCGA-EB-A4OY-01A-11R-A266-07,-0.9758770704634182,1
TCGA-63-A5MG-01A-12R-A27Q-07,-0.18668130230240923,0
TCGA-BP-4341-01A-01R-1289-07,-0.38566968060728013,1
TCGA-B8-5550-01A-01R-1541-07,-0.34500450173977154,1
TCGA-50-5935-01A-11R-1755-07,-0.2050452553447952,1
TCGA-D5-6929-01A-31R-1928-07,-0.3865623530052697,1
TCGA-55-A48X-01A-11R-A24H-07,-0.2742907986420135,1
TCGA-BH-A0HA-01A-11R-A12P-07,-0.1302191436745797,1
TCGA-AD-5900-01A-11R-1653-07,-0.37493183169450744,0
TCGA-50-5049-01A-01R-1628-07,-0.16058157338831497,1
TCGA-BH-A0B7-01A-12R-A115-07,-0.15612432031796208,1
TCGA-33-AAS8-01A-11R-A405-07,-0.29972721720990614,1
TCGA-BH-A0GZ-01A-11R-A056-07,-0.1377769216488139,1
TCGA-LN-A4A1-01A-21R-A260-31,-0.43817058244160556,1
TCGA-XK-AAIW-01A-11R-A41O-07,-0.01668297538998839,1
TCGA-98-8021-01A-11R-2247-07,-0.26288213938048727,1
TCGA-B6-A0WX-01A-11R-A109-07,-0.08820222932630724,1
TCGA-EB-A82B-01A-11R-A352-07,-0.9288402461787295,0
TCGA-25-1324-01A-01R-1565-13,-0.34144755095131196,1
TCGA-13-1482-01A-01R-1565-13,-0.36402074359771247,1
TCGA-KH-A6WC-01A-11R-A336-31,-0.3178006025689542,1
TCGA-KC-A7FA-01A-21R-A33R-07,-0.440946261732435,1
TCGA-B2-4098-01A-02R-1325-07,-0.1264930125433958,1
TCGA-EJ-A7NH-01A-12R-A33R-07,-0.5162545753028444,0
TCGA-CJ-5686-01A-11R-1672-07,-0.49813990174519707,0
TCGA-V1-A8MU-01A-11R-A37L-07,-0.464066617614036,0
TCGA-67-3774-01A-01R-0946-07,-0.20354860722795126,1
TCGA-93-8067-01A-11R-2287-07,-0.143258555402304,1
TCGA-CJ-4923-01A-01R-1426-07,-0.28141651998325545,1
TCGA-G6-A8L6-01A-11R-A37O-07,-0.25879614154952413,1
TCGA-EB-A5SF-01A-11R-A311-07,-0.9765632355740386,1
TCGA-34-2600-01A-01R-0851-07,-0.13831734422584074,1
TCGA-E9-A1NF-01A-11R-A14D-07,-0.11538537588610091,1
TCGA-A8-A08L-01A-11R-A00Z-07,-0.1376750162882326,0
TCGA-AO-A0J4-01A-11R-A034-07,-0.07664710200907082,1
TCGA-55-8203-01A-11R-2241-07,-0.23532262549565786,1
TCGA-LN-A49S-01A-11R-A24K-31,-0.3867776362672944,1
TCGA-NC-A5HP-01A-11R-A26W-07,-0.24183361787159618,1
TCGA-BH-A1FB-01A-11R-A13Q-07,-0.18060992983514862,1
TCGA-53-A4EZ-01A-12R-A24X-07,-0.009845370134899015,1
TCGA-69-7978-01A-11R-2187-07,-0.21865315896067372,1
TCGA-UB-AA0U-01A-11R-A38B-07,-0.32385806790959243,1
TCGA-44-7662-01A-11R-2066-07,-0.19818840240913912,1
TCGA-E2-A14P-01A-31R-A12D-07,-0.06205021067023783,1
TCGA-66-2770-01A-01R-0851-07,-0.28116783102434106,1
TCGA-GL-A4EM-01A-11R-A24Z-07,-0.3598123304806965,1
TCGA-A3-3357-01A-02R-1420-07,-0.39268348577248224,1
TCGA-AA-A01D-01A-01R-A00A-07,-0.3048516884428133,1
TCGA-39-5040-01A-21R-2125-07,-0.021483638918624995,1
TCGA-2Y-A9H6-01A-11R-A39D-07,-0.3981198140115703,1
TCGA-38-6178-01A-11R-1755-07,-0.20537606604948966,1
TCGA-G3-A25Z-01A-11R-A16W-07,-0.5863212053108011,1
TCGA-BH-A204-01A-11R-A157-07,-0.16010048884129752,1
TCGA-AA-A01Z-01A-11R-A083-07,-0.3697766638279375,1
TCGA-FB-AAPU-01A-31R-A41B-07,-0.22279849067907814,1
TCGA-18-3406-01A-01R-0980-07,-0.05311295117825149,0
TCGA-HC-7742-01A-11R-2118-07,-0.37361277327672293,1
TCGA-B0-4691-01A-01R-1277-07,-0.24369571804612045,1
TCGA-18-3408-01A-01R-0980-07,-0.10711264935527239,0
TCGA-A8-A07W-01A-11R-A00Z-07,-0.18015630386173237,1
TCGA-OL-A6VR-01A-32R-A33J-07,-0.07891650829018831,1
TCGA-CA-6718-01A-11R-1839-07,-0.22622629023674468,1
TCGA-04-1357-01A-01R-1565-13,-0.25408244655291695,0
TCGA-X4-A8KS-01A-12R-A36G-07,-0.2593580629168907,1
TCGA-EW-A2FR-01A-11R-A21T-07,-0.11614350781657498,1
TCGA-A8-A0A9-01A-11R-A00Z-07,-0.23457736980563473,1
TCGA-J4-A83N-01A-11R-A352-07,-0.5397697261204781,1
TCGA-CJ-4872-01A-01R-1305-07,-0.45224113650405917,1
TCGA-B0-5081-01A-01R-1334-07,-0.33023426337293793,1
TCGA-E9-A24A-01A-11R-A169-07,-0.2505535837551435,0
TCGA-DD-A73E-01A-12R-A32O-07,-0.3886228808562608,1
TCGA-LA-A7SW-01A-11R-A405-07,-0.15588968838291514,1
TCGA-C8-A12U-01A-11R-A115-07,-0.06696987881894616,1
TCGA-B0-5097-01A-01R-1420-07,-0.26612882071749566,1
TCGA-13-0795-01A-01R-1564-13,-0.24357849553035427,1
TCGA-A7-A56D-01A-11R-A27Q-07,0.15188917752230688,1
TCGA-G3-A25S-01A-11R-A16W-07,-0.5809362731601462,1
TCGA-XQ-A8TA-01A-11R-A36G-07,0.26534422015703235,1
TCGA-BP-4335-01A-01R-1289-07,-0.43309885666410575,1
TCGA-CC-5258-01A-01R-A131-07,-0.20076896221453586,1
TCGA-HC-A48F-01A-11R-A250-07,-0.3487588435955082,1
TCGA-93-A4JN-01A-11R-A24X-07,-0.1682711666668549,1
TCGA-DD-AADI-01A-11R-A41C-07,-0.4012045857798833,0
TCGA-A8-A090-01A-11R-A00Z-07,-0.22881839200788184,1
TCGA-66-2785-01A-01R-0851-07,-0.05924201749085376,0
TCGA-61-2097-01A-02R-1568-13,-0.21472740451679073,1
TCGA-5P-A9K2-01A-11R-A42S-07,-0.4155179902212451,1
TCGA-KK-A8IC-01A-11R-A36G-07,-0.3237748923066596,0
TCGA-A7-A26E-01A-11R-A277-07,-0.10969795976214865,1
TCGA-50-5066-01A-01R-1628-07,-0.005113079742289957,1
TCGA-D8-A27N-01A-11R-A16F-07,-0.15527113921543387,0
TCGA-78-7166-01A-12R-2066-07,-0.09336789857281565,0
TCGA-E9-A1R3-01A-31R-A14M-07,-0.1315436839221065,0
TCGA-97-A4M2-01A-12R-A24X-07,-0.20551337600701902,1
TCGA-BQ-7056-01A-11R-1965-07,-0.3105600078371127,1
TCGA-13-0724-01A-01R-1564-13,-0.39967877954765263,0
TCGA-BH-A0HW-01A-11R-A034-07,-0.11680887718875761,1
TCGA-PE-A5DE-01A-11R-A27Q-07,-0.1281741602502913,1
TCGA-2L-AAQI-01A-12R-A39D-07,-0.4883558160781643,0
TCGA-2A-A8VV-01A-11R-A37L-07,-0.5486748349900278,1
TCGA-39-5016-01A-01R-1443-07,-0.2851031988579242,0
TCGA-D5-6930-01A-11R-1928-07,-0.3724958278121909,1
TCGA-D8-A27I-01A-11R-A16F-07,-0.18820836874188696,1
TCGA-V1-A8ML-01A-11R-A37L-07,-0.5138164970115187,1
TCGA-85-6798-01A-11R-1949-07,-0.24771816413856435,1
TCGA-AA-3510-01A-01R-1410-07,-0.4312773259541235,1
TCGA-98-A53A-01A-11R-A262-07,-0.27573831683880196,1
TCGA-A4-A772-01A-11R-A33Z-07,-0.647467765847557,0
TCGA-MP-A4TC-01A-11R-A24X-07,-0.2033984851472581,1
TCGA-49-6745-01A-11R-1858-07,-0.17033408463878982,1
TCGA-10-0927-01A-02R-1564-13,-0.3705990499457173,0
TCGA-A2-A0CT-01A-31R-A056-07,-0.130225802907105,1
TCGA-99-8025-01A-11R-2241-07,-0.22077739402268798,1
TCGA-ZS-A9CE-01A-11R-A37K-07,-0.5896861046214585,0
TCGA-AO-A0J6-01A-11R-A034-07,0.0235027359072972,1
TCGA-CA-6715-01A-21R-1839-07,-0.4163306913790895,1
TCGA-AR-A255-01A-11R-A169-07,-0.24631720819500583,0
TCGA-61-2088-01A-01R-1568-13,-0.25722839827583294,1
TCGA-DD-A4NV-01A-11R-A311-07,-0.41361884726438664,1
TCGA-K7-A5RF-01A-11R-A28V-07,-0.44224297919252326,1
TCGA-RC-A6M6-01A-11R-A32O-07,-0.21182142755090344,1
TCGA-EP-A12J-01A-11R-A131-07,-0.49777567307599113,1
TCGA-BH-A0BW-01A-11R-A115-07,-0.01661454611821367,1
TCGA-56-A4BY-01A-11R-A24H-07,-0.26470157586289467,1
TCGA-AA-3980-01A-02R-1022-07,-0.3499092129458746,1
TCGA-55-8507-01A-11R-2403-07,-0.18906864166868245,0
TCGA-BH-A0BS-01A-11R-A12P-07,-0.21801380630040249,1
TCGA-DD-A4NH-01A-11R-A27V-07,-0.15180393064344458,1
TCGA-L9-A443-01A-12R-A24H-07,-0.17820522259352575,1
TCGA-IB-7893-01A-11R-2204-07,-0.16931735803746129,0
TCGA-C8-A26W-01A-11R-A16F-07,-0.18092337058150829,1
TCGA-AA-3866-01A-01R-1022-07,-0.39652606630427445,1
TCGA-AA-3966-01A-01R-1113-07,-0.20531494193317956,0
TCGA-24-1425-01A-02R-1566-13,-0.19476347487712936,1
TCGA-J9-A52D-01A-11R-A29R-07,-0.29758779112849854,1
TCGA-2Z-A9JQ-01A-11R-A42S-07,-0.34772720340238006,1
TCGA-AA-3941-01A-01R-1022-07,-0.32808766447217685,1
TCGA-77-7337-01A-21R-2045-07,-0.26264555527804573,1
TCGA-92-8063-01A-11R-2247-07,-0.2568019881666727,1
TCGA-BH-A0EA-01A-11R-A115-07,-0.15887853162535634,1
TCGA-EJ-7330-01A-11R-2118-07,-0.3718464646980623,1
TCGA-CC-A3MC-01A-11R-A22L-07,-0.4068963998418208,1
TCGA-DD-AADD-01A-11R-A41C-07,-0.338750043111591,1
TCGA-EJ-7314-01A-31R-2118-07,-0.46225851514887295,1
TCGA-E2-A109-01A-11R-A10J-07,-0.17466897093075504,1
TCGA-AO-A1KR-01A-12R-A144-07,0.08047723186282862,1
TCGA-EJ-A7NK-01A-12R-A352-07,-0.4922791627584222,1
TCGA-56-A4ZK-01A-11R-A262-07,-0.3233288030542206,1
TCGA-B0-5117-01A-01R-1420-07,0.1652105354964908,0
TCGA-A2-A04R-01A-41R-A109-07,-0.2105557950664705,1
TCGA-78-7152-01A-11R-2039-07,-0.182490506790403,1
TCGA-EB-A41B-01A-11R-A24X-07,-0.7939548289013407,1
TCGA-50-6592-01A-11R-1755-07,-0.11759967774150647,0
TCGA-E9-A1NA-01A-11R-A144-07,-0.13042905620603182,1
TCGA-97-8552-01A-11R-2403-07,-0.176996169667296,1
TCGA-DD-A4NQ-01A-21R-A28V-07,-0.28965325738439435,1
TCGA-QG-A5YX-01A-11R-A28H-07,-0.4104537698572403,1
TCGA-38-4632-01A-01R-1755-07,-0.142801739823097,0
TCGA-ZP-A9D1-01A-11R-A38B-07,-0.3934435979847021,0
TCGA-E9-A1RF-01A-11R-A157-07,-0.17513656749977435,1
TCGA-AA-3681-01A-01R-0905-07,-0.46218924615938906,1
TCGA-BH-A0BR-01A-21R-A115-07,-0.10037958098166355,1
TCGA-CA-5254-01A-21R-1839-07,-0.2580292333339256,1
TCGA-18-3417-01A-01R-1443-07,-0.14442477052288874,1
TCGA-86-A4P7-01A-11R-A24X-07,-0.24811883639513793,1
TCGA-24-1924-01A-01R-1567-13,-0.3642699386070651,1
TCGA-AO-A0JL-01A-11R-A056-07,0.03383844299273893,0
TCGA-ED-A7PX-01A-51R-A352-07,-0.017854895891385218,0
TCGA-29-1696-01A-01R-1567-13,-0.24472755972986932,1
TCGA-AC-A8OP-01A-11R-A36F-07,-0.14976382190472684,0
TCGA-BP-5202-01A-02R-1426-07,-0.5249859222978236,1
TCGA-EP-A26S-01A-11R-A16W-07,-0.4757405451932864,1
TCGA-77-8144-01A-11R-2247-07,-0.19548617482997016,1
TCGA-60-2713-01A-01R-0851-07,-0.2794581626483779,0
TCGA-AO-A03T-01A-21R-A034-07,-0.060777933872726383,1
TCGA-NK-A5D1-01A-11R-A26W-07,-0.1279526716840643,1
TCGA-NI-A8LF-01A-11R-A36F-07,-0.46697840234183785,1
TCGA-B0-4693-01A-01R-1277-07,-0.5254400964305342,0
TCGA-CH-5761-01A-11R-1580-07,0.05271278646129759,1
TCGA-VR-A8EW-01A-11R-A36D-31,-0.457813241733509,1
TCGA-09-0364-01A-02R-1564-13,-0.2445423538177749,1
TCGA-US-A77E-01A-11R-A32O-07,-0.605997987711927,1
TCGA-BP-4329-01A-02R-1289-07,-0.4394472613242277,1
TCGA-E9-A2JS-01A-11R-A180-07,-0.13682064170770553,0
TCGA-L5-A8NN-01A-11R-A37I-31,-0.22119530224178893,1
TCGA-BP-4169-01A-02R-1289-07,-0.39842150736783016,1
TCGA-DD-A3A5-01A-11R-A22L-07,-0.5771776800293706,1
TCGA-KK-A7B1-01A-11R-A32O-07,-0.4393261104686025,1
TCGA-KR-A7K2-01A-12R-A33R-07,-0.4782141513462534,1
TCGA-77-A5G8-01B-11R-A27Q-07,-0.312753026030806,1
TCGA-AA-A00F-01A-01R-A002-07,-0.39568171876243496,1
TCGA-BP-4340-01A-01R-1289-07,-0.34089983669093143,1
TCGA-BP-4164-01A-02R-1325-07,-0.4244002720870845,1
TCGA-B6-A0RU-01A-11R-A084-07,-0.08022885122835659,1
TCGA-EJ-7794-01A-11R-2118-07,-0.40415096766929065,1
TCGA-C8-A12P-01A-11R-A115-07,-0.09582795231748663,1
TCGA-09-1674-01A-01R-1566-13,-0.2626772374466378,1
TCGA-G9-6365-01A-11R-1789-07,-0.36620461004424304,1
TCGA-J4-8200-01A-11R-A29R-07,-0.45352678368488514,0
TCGA-BH-A0H5-01A-21R-A115-07,-0.14412781734920627,1
TCGA-66-2787-01A-01R-0980-07,-0.2956870327169003,1
TCGA-XK-AAIV-01A-11R-A41O-07,-0.10695174983825327,1
TCGA-G9-6351-01A-21R-1965-07,-0.5373282151809803,1
TCGA-BP-4967-01A-01R-1334-07,-0.3894852743110243,0
TCGA-39-5036-01A-01R-1443-07,-0.2652895944988966,1
TCGA-2J-AAB8-01A-12R-A41B-07,-0.5140623694800547,0
TCGA-ZP-A9CV-01A-11R-A38B-07,-0.5079638396656679,1
TCGA-A6-5667-01A-21R-1723-07,-0.36304765546711465,1
TCGA-XJ-A83F-01A-11R-A352-07,-0.4398893914532219,1
TCGA-BP-4160-01A-02R-1289-07,-0.43975295386404767,1
TCGA-AA-A02H-01A-01R-A089-07,-0.38248253050785896,1
TCGA-SU-A7E7-01A-22R-A33R-07,-0.48945623689916223,1
TCGA-LN-A8HZ-01A-11R-A36D-31,-0.4538735135788318,1
TCGA-VP-A87C-01A-11R-A352-07,-0.2537284395682636,1
TCGA-G9-6347-01A-11R-A31N-07,0.020637864932931085,1
TCGA-2L-AAQM-01A-11R-A39D-07,0.05920749130455136,0
TCGA-CA-5797-01A-01R-1653-07,-0.37542626927139133,1
TCGA-2J-AABA-01A-21R-A41B-07,-0.4926504690940971,1
TCGA-77-8156-01A-11R-2247-07,-0.26347765377105864,1
TCGA-VR-A8EZ-01A-11R-A36D-31,-0.20526956657856918,0
TCGA-J9-A52C-01A-11R-A26U-07,-0.2750359172380245,1
TCGA-BP-4989-01A-01R-1334-07,-0.26401997989322906,0
TCGA-EB-A3Y7-01A-11R-A239-07,-1.0174651581690795,1
TCGA-13-1506-01A-01R-1565-13,-0.4030739997768674,1
TCGA-EJ-A46D-01A-21R-A32Y-07,-0.5835338840759584,0
TCGA-HC-A631-01A-11R-A29R-07,-0.3540408974708838,1
TCGA-69-7761-01A-11R-2170-07,-0.157584809850796,1
TCGA-61-2092-01A-01R-1568-13,-0.07468309409383361,1
TCGA-BH-A1FN-01A-11R-A13Q-07,-0.156194011401336,1
TCGA-G3-A25X-01A-11R-A16W-07,-0.27011044488865765,1
TCGA-34-8455-01A-11R-2326-07,-0.29494263535265924,1
TCGA-BP-4972-01A-01R-1334-07,-0.5361527893920759,0
TCGA-13-0885-01A-02R-1569-13,-0.33071053069958933,0
TCGA-CJ-6027-01A-11R-1672-07,-0.18817918368142364,0
TCGA-O1-A52J-01A-11R-A262-07,-0.15348873552572764,1
TCGA-EB-A3XB-01A-11R-A239-07,-0.8065747608853657,1
TCGA-KK-A7AY-01A-11R-A33R-07,-0.288495649719568,1
TCGA-AA-3930-01A-01R-1022-07,-0.3324768908127293,0
TCGA-49-4506-01A-01R-1206-07,0.014391175786444556,1
TCGA-61-2000-01A-01R-1568-13,-0.3457167152756195,1
TCGA-Z5-AAPL-01A-12R-A41B-07,-0.20520563057914745,1
TCGA-ZG-A9LU-01A-11R-A41O-07,-0.23016515228434825,1
TCGA-JY-A93F-01A-21R-A37I-31,-0.3956009391288862,0
TCGA-66-2800-01A-01R-1201-07,-0.3001740580347662,1
TCGA-66-2773-01A-01R-1201-07,-0.2729805141410275,0
TCGA-C8-A27A-01A-11R-A169-07,-0.10013959683644115,1
TCGA-G7-A8LE-01A-11R-A36F-07,-0.4391782233594283,1
TCGA-HC-7819-01A-11R-2118-07,-0.5165724114743648,0
TCGA-50-5936-01A-11R-1628-07,-0.16501568674129807,1
TCGA-86-8359-01A-11R-2326-07,-0.19049815268355688,1
TCGA-AA-3518-01A-02R-0826-07,-0.43920086215775395,1
TCGA-HC-7211-01A-11R-2118-07,-0.2434153151849886,1
TCGA-BH-A0C0-01A-21R-A056-07,-0.1120293595572728,1
TCGA-AA-A02O-01A-21R-A16W-07,-0.2849499458114061,1
TCGA-KK-A8I5-01A-11R-A36G-07,-0.46495008253396464,1
TCGA-BP-5000-01A-01R-1334-07,-0.3790988165404947,1
TCGA-A8-A09X-01A-11R-A00Z-07,-0.08815580481898318,1
TCGA-ER-A2NF-01A-11R-A18T-07,-0.5744898660764572,0
TCGA-BH-A6R8-01A-21R-A33J-07,-0.0890148377140783,0
TCGA-44-2661-01A-01R-1107-07,-0.18063265585725094,1
TCGA-AO-A0J2-01A-11R-A034-07,-0.04066879968538586,1
TCGA-IG-A5B8-01A-11R-A28J-31,-0.2824615005278229,1
TCGA-55-8512-01A-11R-2403-07,-0.14522201373480084,0
TCGA-HE-A5NJ-01A-11R-A26U-07,-0.3896930345413099,0
