sample_id,score,y_member
TCGA-B0-5115-01A-01R-1420-07,0.4994849059621533,1
TCGA-EJ-A46E-01A-31R-A250-07,0.47581574907607077,1
TCGA-DD-AAE7-01A-11R-A41C-07,0.6795742140306333,1
TCGA-Z6-A8JE-01A-11R-A37I-31,0.7251477191767591,1
TCGA-A8-A08F-01A-11R-A00Z-07,0.8753051915795406,1
TCGA-59-2350-01A-01R-1569-13,0.9000275018940899,1
TCGA-CZ-4858-01A-01R-1305-07,0.9475505187049499,1
TCGA-CZ-5470-01A-01R-1503-07,0.8453070483351997,1
TCGA-AN-A0XN-01A-21R-A109-07,0.4166932376705533,1
TCGA-37-A5EL-01A-11R-A26W-07,0.7710033649258724,1
TCGA-46-6025-01A-11R-1820-07,0.7456256145406552,1
TCGA-AN-A0XS-01A-22R-A109-07,0.7673351848000944,1
TCGA-M7-A725-01A-12R-A32O-07,0.860728632155511,1
TCGA-XN-A8T3-01A-11R-A36G-07,0.9918800218323511,0
TCGA-3K-AAZ8-01A-12R-A39D-07,0.68972154044985,1
TCGA-B9-5155-01A-01R-1592-07,0.8055505819289023,1
TCGA-OK-A5Q2-01A-11R-A27Q-07,0.7554923900613402,1
TCGA-2Y-A9H8-01A-11R-A39D-07,0.7274807731870699,1
TCGA-30-1866-01A-02R-1568-13,0.3316109356694981,1
TCGA-SX-A7SO-01A-11R-A355-07,0.37261239086908776,1
TCGA-55-7283-01A-11R-2039-07,0.7183067448983368,1
TCGA-M7-A720-01A-12R-A32O-07,0.8160989319025865,1
TCGA-91-6828-01A-11R-1858-07,0.8885301509627274,1
TCGA-D8-A1JF-01A-11R-A13Q-07,0.299831461013147,1
TCGA-D8-A1JG-01B-11R-A13Q-07,0.9137118110554936,1
TCGA-AL-3468-01A-02R-1351-07,0.635070652666385,1
TCGA-21-1082-01A-01R-0692-07,0.8477448016976928,1
TCGA-A4-8311-01A-11R-2404-07,0.6160314230170161,1
TCGA-BD-A3EP-01A-11R-A22L-07,0.7836715662705105,1
TCGA-92-7340-01A-21R-2045-07,0.8410323723537321,1
TCGA-EJ-A65B-01A-12R-A30B-07,0.4337903271296496,1
TCGA-HC-8261-01B-05R-2302-07,0.49516540523313174,1
TCGA-AZ-6601-01A-11R-1774-07,0.8947694826854465,1
TCGA-B0-4703-01A-01R-1277-07,0.6103073407125824,1
TCGA-AA-A004-01A-01R-A00A-07,0.3530056995912679,1
TCGA-30-1862-01A-02R-1568-13,0.8193121450100256,1
TCGA-09-2045-01A-01R-1568-13,0.9054248112635533,1
TCGA-E2-A10F-01A-11R-A10J-07,0.7111374935051206,1
TCGA-OL-A6VO-01A-12R-A33J-07,0.39789416424645035,1
TCGA-BQ-5884-01A-11R-1592-07,0.5392156100449261,1
TCGA-49-4507-01A-01R-1206-07,0.8204520047826523,1
TCGA-ZG-A9LS-01A-12R-A41O-07,0.5808934320365485,1
TCGA-AN-A0FW-01A-11R-A034-07,0.9002801724904776,1
TCGA-A6-A5ZU-01A-11R-A28H-07,0.7178036922997585,1
TCGA-QU-A6IL-01A-11R-A31N-07,0.3058085460199354,1
TCGA-67-4679-01B-01R-1755-07,0.5136995772004638,0
TCGA-DM-A28G-01A-11R-A16W-07,0.4329022366462387,1
TCGA-IB-AAUV-01A-11R-A38C-07,0.41251523484416525,1
TCGA-FB-AAPZ-01A-11R-A41B-07,0.5399508945647485,1
TCGA-DD-AAEG-01A-11R-A39D-07,0.58262868214522,1
TCGA-24-0975-01A-02R-1565-13,0.35381618003259035,1
TCGA-AA-3841-01A-01R-0905-07,0.4199722356321333,0
TCGA-75-6211-01A-11R-1755-07,0.8654499887755858,1
TCGA-IB-7887-01A-11R-2156-07,0.5721094122565906,1
TCGA-78-7161-01A-11R-2039-07,0.48556139376086255,1
TCGA-B0-5699-01A-11R-1541-07,0.8525742285579638,1
TCGA-DD-A113-01A-11R-A131-07,0.9593846969500738,1
TCGA-E9-A1R2-01A-11R-A14D-07,0.8832080444757652,1
TCGA-78-7536-01A-11R-2066-07,0.6207700268946662,1
TCGA-B6-A0WY-01A-11R-A109-07,0.8808953220807312,1
TCGA-ZP-A9CY-01A-11R-A38B-07,0.6956273025129828,1
TCGA-EJ-5495-01A-01R-1580-07,0.4914346336980251,0
TCGA-2H-A9GJ-01A-11R-A37I-31,0.6328019722605623,1
TCGA-AA-3955-01A-02R-1022-07,0.7098770023574503,1
TCGA-20-1684-01A-01R-1566-13,0.2775333792310285,1
TCGA-AA-3697-01A-01R-1723-07,0.925347100079612,1
TCGA-56-5898-01A-11R-1635-07,0.8769400698340675,1
TCGA-BP-4801-01A-02R-1420-07,0.24754746428178906,1
TCGA-D8-A146-01A-31R-A115-07,0.4949261180477825,1
TCGA-DD-AACJ-01A-11R-A41C-07,0.44510224000175874,0
TCGA-BQ-5892-01A-11R-1592-07,0.5322296352941658,1
TCGA-BH-A0BF-01A-21R-A12P-07,0.5055671527560838,0
TCGA-HZ-8003-01A-21R-2204-07,0.6643804206742545,0
TCGA-BH-A1EU-01A-11R-A137-07,0.6427300557911672,1
TCGA-61-1900-01A-01R-1567-13,0.7925796234151828,0
TCGA-AM-5821-01A-01R-1653-07,0.4487735693866111,1
TCGA-A7-A26J-01A-11R-A169-07,0.9723082868050034,1
TCGA-AR-A1AT-01A-11R-A12P-07,0.9108973754302739,1
TCGA-OL-A5S0-01A-11R-A28M-07,0.5733745683968868,1
TCGA-63-6202-01A-11R-1820-07,0.8467104838531294,1
TCGA-A2-A3XV-01A-21R-A239-07,0.3868995788130985,0
TCGA-CH-5772-01A-11R-1580-07,0.529995300125712,1
TCGA-OL-A5DA-01A-11R-A27Q-07,0.9215246981242331,1
TCGA-2Z-A9J1-01A-11R-A38C-07,0.9581580012168819,1
TCGA-LN-A8I0-01A-11R-A36D-31,0.6764445802200796,0
TCGA-50-8460-01A-11R-2326-07,0.9827725413293011,1
TCGA-86-8279-01A-11R-2287-07,0.7892400624882889,1
TCGA-56-A4ZJ-01A-11R-A262-07,0.5514350424488891,1
TCGA-67-3770-01A-01R-0946-07,0.9523869970702901,1
TCGA-A2-A0YF-01A-21R-A109-07,0.5698957995614347,1
TCGA-85-A50Z-01A-21R-A262-07,0.3641759751736241,1
TCGA-G9-6363-01A-21R-1789-07,0.7089125545550368,1
TCGA-G7-6790-01A-11R-1965-07,0.515996177308171,0
TCGA-AR-A1AM-01A-41R-A22K-07,0.7260900162084575,0
TCGA-E2-A10C-01A-21R-A10J-07,0.47062548903727525,1
TCGA-AA-A00L-01A-01R-A002-07,0.6213052606855671,0
TCGA-55-7995-01A-11R-2187-07,0.5892986860225493,1
TCGA-G4-6309-01A-21R-1839-07,0.5627219625433082,1
TCGA-CJ-4908-01A-01R-1426-07,0.39132623591257293,1
TCGA-EJ-A46B-01A-31R-A250-07,0.370093947966525,0
TCGA-AR-A24Z-01A-11R-A169-07,0.2904806121087313,0
TCGA-A6-2685-01A-01R-1410-07,0.7039013244670586,0
TCGA-A4-A5DU-01A-11R-A28H-07,0.907405234794361,1
TCGA-AZ-6600-01A-11R-1774-07,0.5970023538271894,1
TCGA-CC-A7IH-01A-11R-A33J-07,0.5819428842786774,1
TCGA-QU-A6IM-01A-11R-A31N-07,0.5422702454376264,1
TCGA-LN-A49M-01A-21R-A260-31,0.6072260097906984,1
TCGA-66-2765-01A-01R-0851-07,0.47860756322357645,0
TCGA-A8-A0AB-01A-11R-A034-07,0.7959561888467022,1
TCGA-S3-AA14-01A-11R-A41B-07,0.9276271882868928,1
TCGA-98-A538-01A-11R-A262-07,0.8252359693130193,1
TCGA-CM-6166-01A-11R-1653-07,0.5552092892585534,1
TCGA-5M-AAT4-01A-11R-A41B-07,0.5011179953718883,1
TCGA-61-2008-01A-02R-1568-13,0.7526270358491234,1
TCGA-B6-A0X0-01A-21R-A115-07,0.7870024418863147,1
TCGA-86-8281-01A-11R-2287-07,0.8497120783153439,1
TCGA-24-1546-01A-01R-1566-13,0.7376106980836653,0
TCGA-V1-A9OL-01A-11R-A41O-07,0.9248445994665229,0
TCGA-BH-A201-01A-11R-A14M-07,0.4725472547280477,1
TCGA-18-3409-01A-01R-0980-07,0.8334340222015164,1
TCGA-F4-6461-01A-11R-1774-07,0.9353275251522429,1
TCGA-AA-A02E-01A-01R-A00A-07,0.6818888498193384,0
TCGA-YL-A9WY-01A-11R-A41O-07,0.9135770080311564,1
TCGA-B0-5102-01A-01R-1420-07,0.8681646485036685,1
TCGA-G9-7521-01A-11R-2263-07,0.556767313652249,0
TCGA-CJ-4902-01A-01R-1426-07,0.5785087720937535,1
TCGA-CA-6717-01A-11R-1839-07,0.5725388209164481,0
TCGA-IG-A5S3-01A-11R-A28J-31,0.9250090933200457,0
TCGA-EJ-5497-01A-02R-1580-07,0.8686471325530787,1
TCGA-BF-A5EO-01A-12R-A27Q-07,0.2921185833979917,0
TCGA-85-A4JC-01A-11R-A24Z-07,0.588364423479914,1
TCGA-44-3917-01A-01R-A278-07,0.7424276696778465,1
TCGA-A8-A08H-01A-21R-A00Z-07,0.38652322640607106,1
TCGA-95-A4VN-01A-11R-A262-07,0.5227147463758485,1
TCGA-B0-5693-01A-11R-1541-07,0.4048065123167325,1
TCGA-77-8138-01A-11R-2247-07,0.5164696539606229,1
TCGA-KK-A7B0-01A-11R-A32O-07,0.5897350936343351,1
TCGA-B0-5083-01A-02R-1420-07,0.8773822379902246,1
TCGA-GM-A2DA-01A-11R-A18M-07,0.7309437748346124,1
TCGA-A2-A3KD-01A-12R-A213-07,0.7068317646760094,1
TCGA-DD-A39Y-01A-11R-A213-07,0.24663551654014287,1
TCGA-B6-A0WZ-01A-11R-A109-07,0.7030886708854601,1
TCGA-A6-2682-01A-01R-1410-07,0.7857830498334527,1
TCGA-D8-A1JU-01A-11R-A13Q-07,0.7031558334672321,0
TCGA-RL-AAAS-01A-32R-A39D-07,0.6712728897835507,0
TCGA-B9-A44B-01A-11R-A24Z-07,0.8805581775824369,1
TCGA-B6-A0I5-01A-11R-A034-07,0.4668362416924696,1
TCGA-BH-AB28-01A-31R-A41B-07,0.8398101709996577,1
TCGA-E9-A1N9-01A-11R-A14D-07,0.6790877375488733,0
TCGA-A3-3363-01A-01R-0864-07,0.6440762437551528,1
TCGA-22-1000-01A-01R-A32Z-07,0.5927423107205724,1
TCGA-KK-A6E4-01A-11R-A30B-07,0.9380479170683343,1
TCGA-BQ-5889-01A-11R-1592-07,0.9186626273377219,1
TCGA-DM-A1HA-01A-11R-A155-07,0.9088077965944477,1
TCGA-BF-A5ER-01A-12R-A27Q-07,0.8380170760034249,1
TCGA-LL-A73Y-01A-11R-A33J-07,0.46259859192174235,1
TCGA-BF-A3DL-01A-11R-A20F-07,0.7695244384033897,1
TCGA-VR-A8EO-01A-11R-A36D-31,0.6388386585405174,1
TCGA-L1-A7W4-01A-12R-A36G-07,0.8353603141412065,1
TCGA-B0-4838-01A-01R-1305-07,0.8900741998047558,1
TCGA-2Y-A9GY-01A-11R-A38B-07,0.6956548823412624,1
TCGA-BP-4343-01A-02R-1289-07,0.378306868042398,1
TCGA-BQ-5893-01A-11R-1592-07,0.7674843605651572,1
TCGA-HP-A5MZ-01A-21R-A27V-07,0.9477726186416734,1
TCGA-A7-A4SE-01A-11R-A266-07,0.46039942410306667,0
TCGA-66-2783-01A-01R-1201-07,0.49385978451048734,1
TCGA-73-4675-01A-01R-1206-07,0.8258578995705986,1
TCGA-D5-5538-01A-01R-1653-07,0.5934779107411543,1
TCGA-YL-A8SO-01B-31R-A37L-07,0.9145951746844052,1
TCGA-E2-A15H-01A-11R-A12D-07,0.4805853649181108,1
TCGA-V1-A8WN-01A-11R-A37L-07,0.570036485506286,1
TCGA-BH-A0EB-01A-11R-A034-07,0.98306116468815,1
TCGA-DD-A39X-01A-11R-A213-07,0.4512199151218595,1
TCGA-E2-A1LK-01A-21R-A14D-07,0.6229197458210479,1
TCGA-AR-A0TV-01A-21R-A084-07,0.5440028524925058,0
TCGA-A1-A0SD-01A-11R-A115-07,0.5073511620709602,1
TCGA-33-AASI-01A-22R-A405-07,0.712402449645197,1
TCGA-L5-A4OW-01A-11R-A28J-31,0.7172125521780998,1
TCGA-86-7711-01A-11R-2066-07,0.7839663510504945,1
TCGA-34-5234-01A-01R-1635-07,0.8907889816870217,0
TCGA-63-7023-01A-11R-1949-07,0.44406316323288864,1
TCGA-BP-5191-01A-01R-1426-07,0.7985957224731766,1
TCGA-Q9-A6FW-01A-31R-A31P-31,0.7677230735992905,0
TCGA-CZ-5468-01A-01R-1503-07,0.8634098322513787,0
TCGA-78-7153-01A-11R-2039-07,0.4446520386922888,1
TCGA-DD-A4NA-01A-11R-A266-07,0.836856381758951,1
TCGA-43-2578-01A-01R-0851-07,0.9429291225243723,0
TCGA-5R-AA1C-01A-11R-A41C-07,0.5435985696877337,1
TCGA-78-7149-01A-11R-2039-07,0.8884076566788224,1
TCGA-CW-5591-01A-01R-1541-07,0.8499778094974546,1
TCGA-13-0906-01A-01R-1564-13,0.5280148756972894,1
TCGA-CJ-4876-01A-01R-1305-07,0.819199778730018,1
TCGA-M7-A724-01A-12R-A32O-07,0.452487786868754,1
TCGA-62-A46Y-01A-11R-A24H-07,0.9509648734858546,1
TCGA-C8-A26V-01A-11R-A16F-07,0.7761169963805424,1
TCGA-OL-A5D8-01A-11R-A27Q-07,0.6260185414005053,0
TCGA-77-8143-01A-11R-2247-07,0.3587699283636185,1
TCGA-BH-A0DO-01B-11R-A12D-07,0.7637204740010943,0
TCGA-CJ-5675-01A-11R-1541-07,0.8156711500437909,0
TCGA-A2-A4S0-01A-21R-A266-07,0.7169322969737484,1
TCGA-B9-4117-01A-02R-1351-07,0.40925104396613543,1
TCGA-BP-4352-01A-01R-1289-07,0.8723525933867946,0
TCGA-A2-A0ST-01A-12R-A084-07,0.7652643198335783,1
TCGA-E2-A1IH-01A-11R-A13Q-07,0.5103643184448788,1
TCGA-37-3792-01A-01R-0980-07,0.4121206740328581,0
TCGA-AK-3427-01A-01R-0864-07,0.4934198551124269,0
TCGA-AA-3506-01A-01R-1410-07,0.5682813008789617,1
TCGA-CZ-5466-01A-01R-1503-07,0.6601370208780024,1
TCGA-77-8140-01A-11R-2247-07,0.7926417715799448,0
TCGA-21-5786-01A-01R-1635-07,0.8004831266273117,0
TCGA-86-8075-01A-11R-2241-07,0.530935423338562,1
TCGA-A3-A8OX-01A-11R-A37O-07,0.8955669166915742,1
TCGA-95-8494-01A-11R-2326-07,0.9607002741264445,0
TCGA-IG-A7DP-01A-31R-A336-31,0.3489691416762873,0
TCGA-AD-6964-01A-11R-1928-07,0.6064114895669276,1
TCGA-A8-A0A6-01A-12R-A056-07,0.4633535615979405,1
TCGA-B0-5711-01A-11R-1672-07,0.6377875653182699,1
TCGA-BH-A1FM-01A-11R-A13Q-07,0.32550078667608995,0
TCGA-CH-5771-01A-21R-1580-07,0.849329494500816,1
TCGA-69-7980-01A-11R-2187-07,0.8094629948591928,1
TCGA-AR-A254-01A-21R-A169-07,0.5252930784007495,1
TCGA-A6-2683-01A-01R-0821-07,0.9217631249236403,1
TCGA-PL-A8LY-01A-11R-A41B-07,0.8996391202294689,1
TCGA-G3-A3CH-01A-11R-A22L-07,0.6731121120375834,1
TCGA-57-1583-01A-01R-1566-13,0.5585435111848361,1
TCGA-A4-8310-01A-11R-2404-07,0.7431885840180462,1
TCGA-XK-AAJP-01A-11R-A41O-07,0.5343683145437422,1
TCGA-EB-A3XE-01A-12R-A239-07,0.4656183254610944,1
TCGA-AN-A0FZ-01A-11R-A034-07,0.9095344592268573,1
TCGA-13-0911-01A-01R-1564-13,0.21595373028752313,1
TCGA-51-6867-01A-11R-2045-07,0.8195743517934295,0
TCGA-AN-A04D-01A-21R-A034-07,0.21577379288383253,0
TCGA-DD-AADC-01A-11R-A41C-07,0.9737551249271099,1
TCGA-73-4677-01A-01R-1206-07,0.5941920012305641,1
TCGA-L9-A743-01A-43R-A39D-07,0.4907513338841716,1
TCGA-E9-A6HE-01A-11R-A31O-07,0.8236886554456392,1
TCGA-E2-A15D-01A-11R-A115-07,0.49715061602173916,1
TCGA-73-4658-01A-01R-1755-07,0.74234783057373,0
TCGA-CH-5788-01A-11R-1580-07,0.5974333443081198,1
TCGA-E2-A14Z-01A-11R-A115-07,0.9427691628562062,1
TCGA-EB-A6QY-01A-12R-A32P-07,0.5629221498149505,0
TCGA-CH-5753-01A-11R-1580-07,0.5746862855413561,1
TCGA-AC-A3W5-01A-11R-A22K-07,0.4669640773209338,1
TCGA-A6-A566-01A-11R-A28H-07,0.5022308463423962,1
TCGA-AA-3994-01A-01R-1113-07,0.7034887596589313,1
TCGA-MS-A51U-01A-31R-A266-07,0.6828852547720484,0
TCGA-13-1509-01A-01R-1565-13,0.676056670317127,1
TCGA-IG-A6QS-01A-12R-A336-31,0.5558666655565384,0
TCGA-EW-A1PG-01A-11R-A144-07,0.4138201917879789,0
TCGA-23-1023-01A-02R-1564-13,0.8881052932758464,1
TCGA-XJ-A9DI-01A-11R-A37L-07,0.9336772000323855,1
TCGA-68-A59I-01A-11R-A262-07,0.8826384714447446,1
TCGA-13-0891-01A-01R-1564-13,0.4598165362828106,0
TCGA-A7-A13E-01A-11R-A12P-07,0.33684928940087666,0
TCGA-A8-A07E-01A-11R-A034-07,0.5530830991486703,1
TCGA-EJ-7785-01A-11R-2118-07,0.6378244175449761,1
TCGA-98-A53C-01A-11R-A262-07,0.5511573026354435,1
TCGA-IB-A7M4-01A-11R-A36G-07,0.6524894021715598,1
TCGA-78-7146-01A-11R-2039-07,0.8089160477878048,0
TCGA-2Z-A9J9-01A-11R-A42S-07,0.5083374915801967,1
TCGA-FR-A726-01A-11R-A32P-07,0.5851096611307816,1
TCGA-49-4487-01A-21R-1858-07,0.5865340291536311,1
TCGA-C8-A278-01A-11R-A169-07,0.4595644822608953,1
TCGA-MP-A4T9-01A-11R-A24X-07,0.544968480908821,1
TCGA-BH-A1FG-01A-11R-A13Q-07,0.624096584807634,0
TCGA-CK-6746-01A-11R-1839-07,0.9390410889826228,0
TCGA-E9-A1N8-01A-11R-A144-07,0.3836192652558639,1
TCGA-2Z-A9J6-01A-11R-A38C-07,0.7264179441085811,0
TCGA-A6-6137-01A-11R-1774-07,0.8542494492327406,1
TCGA-V1-A9OA-01A-11R-A41O-07,0.5338557447667736,0
TCGA-HV-A7OP-01A-11R-A33R-07,0.39503327279206574,1
TCGA-KK-A7B3-01A-11R-A33R-07,0.5804661830773059,1
TCGA-UB-A7MA-01A-11R-A33R-07,0.9653458847606646,1
TCGA-VR-AA7D-01A-11R-A406-31,0.6559362580709608,1
TCGA-D8-A1Y0-01A-11R-A14M-07,0.9501092528932668,1
TCGA-DD-A4NF-01A-11R-A27V-07,0.7923990112751964,0
TCGA-AR-A24Q-01A-12R-A169-07,0.4414186491566397,1
TCGA-BP-4986-01A-01R-1334-07,0.6936395749054092,1
TCGA-L4-A4E6-01A-11R-A24H-07,0.6927232267675704,1
TCGA-EJ-A46F-01A-31R-A250-07,0.49931116778469203,1
TCGA-21-1078-01A-01R-0692-07,0.3258059595461585,1
TCGA-33-4587-01A-11R-2125-07,0.9690535491890622,1
TCGA-VN-A88Q-01A-11R-A352-07,0.44306825273607936,0
TCGA-RC-A7S9-01A-11R-A33R-07,0.7841141151182491,1
TCGA-98-A53J-01A-11R-A26W-07,0.41988284939367315,1
TCGA-B0-5705-01A-11R-1541-07,0.8662193032750864,0
TCGA-97-7546-01A-11R-2039-07,0.797953324081239,1
TCGA-YL-A8SQ-01B-11R-A37L-07,0.8705626710907678,1
TCGA-AA-3712-01A-21R-1723-07,0.5387236104900343,1
TCGA-AR-A5QM-01A-11R-A27Q-07,0.7637722769476707,1
TCGA-HC-7077-01A-11R-1965-07,0.458165231821275,1
TCGA-66-2795-01A-02R-0980-07,0.5376771907715471,1
TCGA-BP-4977-01A-01R-1334-07,0.358514150873741,1
TCGA-CZ-5988-01A-11R-1672-07,0.5410962477799437,1
TCGA-LL-A5YP-01A-21R-A28M-07,0.8124176000624936,1
TCGA-B0-4706-01A-01R-1503-07,0.9340173737178905,1
TCGA-29-1784-01A-02R-1567-13,0.5393547566963397,0
TCGA-55-7903-01A-11R-2170-07,0.8858780795777934,1
TCGA-CM-6680-01A-11R-1839-07,0.8765260268980571,1
TCGA-49-6743-01A-11R-1858-07,0.967101693648562,1
TCGA-B0-4815-01A-01R-1503-07,0.9436499560596834,1
TCGA-EW-A1PE-01A-11R-A144-07,0.41399104842763995,1
TCGA-VN-A88I-01A-11R-A352-07,0.6752245983185774,1
TCGA-NJ-A7XG-01A-12R-A39D-07,0.7761402784317017,0
TCGA-G7-A8LC-01A-11R-A36F-07,0.6646496327361133,1
TCGA-G9-7525-01A-31R-2263-07,0.8971308989238013,1
TCGA-A3-3362-01A-02R-1325-07,0.9130052063140369,1
TCGA-AN-A0AR-01A-11R-A00Z-07,0.8917855095975199,1
TCGA-R6-A8WC-01A-11R-A37I-31,0.8052806876059363,1
TCGA-73-A9RS-01A-11R-A41B-07,0.7753926349043115,1
TCGA-05-4390-01A-02R-1755-07,0.5640172483842151,1
TCGA-CM-5349-01A-21R-1723-07,0.6827128733078235,0
TCGA-CJ-4637-01A-02R-1325-07,0.719598183792458,0
TCGA-CJ-4897-01A-03R-1426-07,0.47101002290157407,1
TCGA-D8-A3Z6-01A-11R-A239-07,0.6279598687770057,1
TCGA-68-7757-01B-11R-2296-07,0.7623238831891924,1
TCGA-HI-7168-01A-11R-2118-07,0.9403917483473532,1
TCGA-DV-A4VZ-01A-11R-A266-07,0.4828052617932909,1
TCGA-CC-A7IJ-01A-11R-A33R-07,0.8098039605673979,0
TCGA-3C-AALJ-01A-31R-A41B-07,0.3993926848817159,1
TCGA-49-4505-01A-01R-1206-07,0.5048669661815891,1
TCGA-V5-A7RE-01A-11R-A354-31,0.7531054092155027,1
TCGA-CC-5261-01A-01R-A131-07,0.9664476336541618,1
TCGA-85-A4CN-01A-11R-A24H-07,0.76891325431458,1
TCGA-BH-A0HI-01A-11R-A084-07,0.3984757112588018,1
TCGA-55-A48Z-01A-12R-A24X-07,0.4871959531388782,1
TCGA-60-2720-01A-01R-0851-07,0.7296188312699402,1
TCGA-A7-A5ZV-01A-11R-A28M-07,0.5868187730584091,1
TCGA-HC-7231-01A-11R-2118-07,0.5997833804305553,1
TCGA-66-2771-01A-01R-0980-07,0.5601864268763196,1
TCGA-EJ-A65J-01A-11R-A311-07,0.8438406563373,1
TCGA-G4-6322-01A-11R-1723-07,0.511267326603052,0
TCGA-IB-A7LX-01A-12R-A36G-07,0.9117431190593307,1
TCGA-86-8669-01A-11R-2403-07,0.6918405787517032,0
TCGA-B0-5697-01A-11R-1541-07,0.8411006190345804,0
TCGA-G4-6323-01A-11R-1723-07,0.7084797756448047,1
TCGA-L5-A4OT-01A-11R-A28J-31,0.6685425553766385,1
TCGA-3E-AAAZ-01A-11R-A38C-07,0.6388538650672908,1
TCGA-13-1498-01A-01R-1565-13,0.5726925995133716,0
TCGA-WN-AB4C-01A-11R-A42S-07,0.557348342541607,1
TCGA-AA-A02W-01A-01R-A00A-07,0.8523129540071425,1
TCGA-A6-5660-01A-01R-1653-07,0.5780670262363283,1
TCGA-85-A50M-01A-21R-A262-07,0.5174504751179309,1
TCGA-B4-5378-01A-01R-1503-07,0.886918138261249,0
TCGA-EW-A1PF-01A-11R-A144-07,0.542548618205963,1
TCGA-44-4112-01B-06R-A277-07,0.46104161340950234,1
TCGA-23-1021-01B-01R-1564-13,0.7983663943471777,1
TCGA-CJ-4888-01A-01R-1305-07,0.7269786043021724,0
TCGA-FB-AAQ6-01A-11R-A41B-07,0.6088220646007174,1
TCGA-39-5021-01A-01R-1443-07,0.862445234783972,1
TCGA-HZ-8638-01A-11R-2404-07,0.6739127510108968,1
TCGA-55-8085-01A-11R-2241-07,0.8023441346872677,1
TCGA-24-2038-01A-01R-1568-13,0.7299063848135624,1
TCGA-UZ-A9PS-01A-11R-A42S-07,0.6423822326154851,1
TCGA-23-1022-01A-01R-1564-13,0.4538075494484206,0
TCGA-25-1635-01A-01R-1566-13,0.8041740529098781,0
TCGA-56-8308-01A-11R-2296-07,0.36005233269994263,1
TCGA-A7-A13G-01A-11R-A13Q-07,0.5428095440307885,1
TCGA-BH-A0DX-01A-11R-A115-07,0.9595186770666706,1
TCGA-BH-A0HO-01A-11R-A034-07,0.6905395973448969,0
TCGA-A8-A092-01A-11R-A00Z-07,0.3705087505403502,1
TCGA-A8-A08I-01A-11R-A00Z-07,0.9773770850213178,0
TCGA-QU-A6IO-01A-11R-A31N-07,0.8528695059584119,1
TCGA-D8-A1XO-01A-11R-A14M-07,0.7584212305386805,1
TCGA-HE-A5NL-01A-11R-A26U-07,0.652257382738927,1
TCGA-CZ-5984-01A-11R-1672-07,0.41621324499151535,1
TCGA-EJ-A7NJ-01A-22R-A352-07,0.3486689313594579,1
TCGA-A6-6653-01A-11R-1774-07,0.8139334194906755,1
TCGA-BC-4073-01B-02R-A131-07,0.5808177462599141,0
TCGA-HZ-7923-01A-12R-2156-07,0.5537211172636555,1
TCGA-AL-7173-01A-11R-2139-07,0.745849434850199,1
TCGA-A2-A1FX-01A-11R-A13Q-07,0.841705911451558,1
TCGA-AZ-4323-01A-21R-1839-07,0.6069312334076946,1
TCGA-J4-A67R-01A-21R-A30B-07,0.5654743590995716,1
TCGA-BF-AAP8-01A-11R-A40A-07,0.7239608413708774,1
TCGA-IG-A97H-01A-11R-A38D-31,0.6969525164212921,0
TCGA-DM-A28C-01A-11R-A32Y-07,0.6964295201895233,1
TCGA-NJ-A4YQ-01A-11R-A262-07,0.5462925444224951,1
TCGA-LN-A49K-01A-11R-A24K-31,0.8304998249008915,1
TCGA-44-2655-01A-01R-0946-07,0.7819238570914507,0
TCGA-B8-5164-01A-01R-1420-07,0.5289547917816607,1
TCGA-IZ-8195-01A-31R-2404-07,0.3814701468320771,0
TCGA-XD-AAUG-01A-61R-A41B-07,0.5178668157765652,1
TCGA-OE-A75W-01A-12R-A32O-07,0.6985273315309518,1
TCGA-UZ-A9PU-01A-11R-A42S-07,0.913196917775774,1
TCGA-CM-4752-01A-01R-1410-07,0.7904499203194697,1
TCGA-MR-A520-01A-11R-A266-07,0.49818494649048495,0
TCGA-E9-A1R0-01A-22R-A16F-07,0.9235027077105294,1
TCGA-43-8115-01A-11R-2247-07,0.5537327394653212,1
TCGA-F2-A7TX-01A-33R-A38C-07,0.906109421751502,1
TCGA-13-1404-01A-01R-1565-13,0.8388029645752973,0
TCGA-13-0923-01A-01R-1564-13,0.5642366653289028,1
TCGA-LB-A7SX-01A-11R-A33R-07,0.8906011851409457,1
TCGA-BP-5001-01A-01R-1334-07,0.49714614050498107,1
TCGA-09-1665-01B-01R-1566-13,0.5239609973872477,1
TCGA-GL-A9DC-01A-11R-A37K-07,0.889683778657485,0
TCGA-IA-A83T-01A-11R-A355-07,0.8286787171164308,1
TCGA-86-8668-01A-11R-2403-07,0.5336584832591726,0
TCGA-A6-5661-01A-01R-1653-07,0.45519897124001973,1
TCGA-V5-A7RC-01B-11R-A406-31,0.792842926980582,1
TCGA-05-4417-01A-22R-1858-07,0.43848738117563374,1
TCGA-29-1693-01A-01R-1567-13,0.5165468533239828,1
TCGA-AN-A0FX-01A-11R-A034-07,0.5363254766666792,1
TCGA-C8-A135-01A-11R-A115-07,0.7968767838223326,1
TCGA-CM-6162-01A-11R-1653-07,0.9028282777479059,1
TCGA-E2-A15C-01A-31R-A12D-07,0.44197754437881653,1
TCGA-D8-A1JI-01A-11R-A13Q-07,0.5513979120768343,1
TCGA-24-1563-01A-01R-1566-13,0.5038007849747388,1
TCGA-BH-A42V-01A-11R-A24H-07,0.9815208785758673,1
TCGA-A6-6780-01A-11R-1839-07,0.7597152290412429,1
TCGA-A3-3323-01A-02R-1325-07,0.6540515321354411,1
TCGA-B0-4712-01A-01R-1503-07,0.8755258050191308,1
TCGA-85-A4QR-01A-11R-A24Z-07,0.6493683784754027,1
TCGA-EW-A423-01A-11R-A24H-07,0.7366040588943062,1
TCGA-HZ-A8P0-01A-11R-A36G-07,0.8929937614490445,1
TCGA-B1-A47M-01A-11R-A24Z-07,0.8622306993718778,0
TCGA-91-6830-01A-11R-1949-07,0.8912018751004166,1
TCGA-AO-A0J9-01A-11R-A034-07,0.7233288893544086,0
TCGA-V1-A8WV-01A-11R-A37L-07,0.9208058968843121,1
TCGA-LN-A49N-01A-11R-A24K-31,0.7416269807722509,1
TCGA-BF-AAP6-01A-11R-A40A-07,0.8075925806095772,1
TCGA-B6-A401-01A-11R-A239-07,0.835047875932258,1
TCGA-BQ-7060-01A-11R-1965-07,0.38917335856854474,0
TCGA-EP-A2KB-01A-11R-A180-07,0.25546137465233076,1
TCGA-A2-A0SY-01A-31R-A084-07,0.9156059036573683,0
TCGA-CZ-4860-01A-01R-1305-07,0.7848429131776132,1
TCGA-CM-6169-01A-11R-1653-07,0.6169744291436562,1
TCGA-85-8353-01A-21R-2296-07,0.441252937779227,1
TCGA-AA-3850-01A-01R-1022-07,0.8254016455943688,1
TCGA-2Z-A9JJ-01A-11R-A42S-07,0.9165088670290186,1
TCGA-C8-A1HE-01A-11R-A13Q-07,0.6647337989629225,1
TCGA-97-7552-01A-11R-2039-07,0.8823847927734751,1
TCGA-YL-A8SC-01A-11R-A37L-07,0.9099538203942971,0
TCGA-BQ-5877-01A-11R-1592-07,0.48333534626548563,0
TCGA-AA-3986-01A-02R-1022-07,0.7159724585488786,1
TCGA-A6-6140-01A-11R-1774-07,0.47544914347622086,1
TCGA-MP-A5C7-01A-11R-A262-07,0.9420018519828962,1
TCGA-86-7955-01A-11R-2187-07,0.39284352790504223,1
TCGA-A3-3311-01A-02R-1325-07,0.861347154976584,1
TCGA-MP-A4T8-01A-11R-A24X-07,0.5988187922767058,0
TCGA-49-4488-01A-01R-1755-07,0.45846455154261984,0
TCGA-A8-A07O-01A-11R-A00Z-07,0.829608782272101,0
TCGA-EJ-7312-01B-21R-A32O-07,0.4673243987867646,1
TCGA-CK-5912-01A-11R-1653-07,0.866733099461743,1
TCGA-56-6546-01A-11R-1820-07,0.870713797336573,1
TCGA-B6-A1KC-01B-11R-A157-07,0.788144414682183,1
TCGA-5P-A9JU-01A-11R-A42S-07,0.8014504641489779,0
TCGA-B9-4114-01A-01R-1193-07,0.8055118618787057,1
TCGA-EB-A551-01A-21R-A27Q-07,0.5379549291495043,1
TCGA-A7-A0DB-01A-11R-A277-07,0.6774803291488247,1
TCGA-G4-6628-01A-11R-1839-07,0.5348041745518375,1
TCGA-LD-A66U-01A-11R-A31O-07,0.9361421332280282,1
TCGA-91-6840-01A-11R-1949-07,0.4896999405894049,0
TCGA-EJ-5527-01A-01R-1580-07,0.5747668026952548,1
TCGA-29-2428-01A-01R-1569-13,0.6844629190253926,0
TCGA-22-4601-01A-01R-1443-07,0.8697536335280264,0
TCGA-22-0940-01A-01R-0692-07,0.8911897468793163,1
TCGA-24-1555-01A-01R-1566-13,0.7945621455133038,1
TCGA-F4-6856-01A-11R-1928-07,0.5951096934396193,1
TCGA-LG-A9QD-01A-11R-A38B-07,0.6162441566615675,1
TCGA-B0-4814-01A-01R-1277-07,0.7735083241974964,1
TCGA-DD-A3A7-01A-11R-A22L-07,0.8504067912495651,1
TCGA-BQ-7050-01A-11R-1965-07,0.8756333773756633,1
TCGA-EJ-5524-01A-01R-1580-07,0.9088399943832075,1
TCGA-E9-A22A-01A-11R-A157-07,0.8091272630663024,1
TCGA-BH-A1FJ-01A-11R-A13Q-07,0.29718182447928376,1
TCGA-EJ-5517-01A-01R-1580-07,0.6406306772485928,1
TCGA-FB-AAPP-01A-12R-A41B-07,0.4662931895837153,1
TCGA-EJ-8472-01A-11R-2403-07,0.6154914430681215,1
TCGA-BP-4770-01A-01R-1503-07,0.43427324138016205,1
TCGA-CJ-5681-01A-11R-1541-07,0.5859567866808512,0
TCGA-EJ-5542-01A-01R-1580-07,0.6887688652750219,0
TCGA-13-1407-01A-01R-1565-13,0.1401181030589951,1
TCGA-J7-A8I2-01A-12R-A36F-07,0.2501196163561838,1
TCGA-ED-A627-01A-12R-A311-07,0.716707350776691,0
TCGA-2J-AABU-01A-11R-A41B-07,0.8797768443133526,1
TCGA-E9-A1QZ-01A-21R-A169-07,0.8082311320882697,1
TCGA-66-2744-01A-01R-0980-07,0.49687678693901727,1
TCGA-29-1781-01A-01R-1567-13,0.5870527063930968,1
TCGA-LN-A49L-01A-11R-A24K-31,0.7373531001221157,0
TCGA-18-4721-01A-01R-1443-07,0.8923413983134149,1
TCGA-A7-A5ZW-01A-12R-A29R-07,0.7937020758329072,1
TCGA-B6-A409-01A-11R-A24H-07,0.8403059380550955,1
TCGA-FC-A4JI-01A-11R-A250-07,0.5278358949241487,1
TCGA-13-1405-01A-01R-1565-13,0.8450485221794803,1
TCGA-DD-AADO-01A-11R-A41C-07,0.5686454048264523,1
TCGA-WX-AA46-01A-11R-A39D-07,0.4206213137910875,1
TCGA-4N-A93T-01A-11R-A37K-07,0.7914158652250225,1
TCGA-V1-A9OF-01A-11R-A41O-07,0.8933696088373538,0
TCGA-Y8-A897-01A-11R-A36F-07,0.5702800944272902,1
TCGA-A6-3807-01A-01R-1022-07,0.8185121520304135,1
TCGA-DD-A1ED-01A-11R-A155-07,0.3752355942681713,1
TCGA-AO-A0J8-01A-21R-A034-07,0.4458675799073885,1
TCGA-BH-A42T-01A-11R-A24H-07,0.7402915166848828,0
TCGA-25-1329-01A-01R-1565-13,0.8268104589174656,0
TCGA-AO-A12H-01A-11R-A115-07,0.9442187412774582,1
TCGA-G3-A25T-01A-11R-A16W-07,0.7624469532189663,1
TCGA-G9-7509-01A-11R-A41O-07,0.9084588214515795,1
TCGA-BC-A8YO-01A-11R-A37K-07,0.48154600844287354,1
TCGA-50-5942-01A-21R-1755-07,0.449588262044624,1
TCGA-GM-A2DB-01A-31R-A18M-07,0.47417262110575603,1
TCGA-C8-A133-01A-32R-A12D-07,0.8458032300781854,1
TCGA-NC-A5HD-01A-11R-A26W-07,0.8026931876474558,1
TCGA-AR-A0U0-01A-11R-A109-07,0.4865805864780972,1
TCGA-23-1029-01B-01R-1567-13,0.8062868431916329,0
TCGA-HZ-8637-01A-11R-2404-07,0.6467009070237708,1
TCGA-D8-A1JM-01A-11R-A13Q-07,0.5606734665811041,1
TCGA-91-8499-01A-11R-2403-07,0.5135587183260507,1
TCGA-ZP-A9D2-01A-11R-A38B-07,0.770218687992616,1
TCGA-2Y-A9GV-01A-11R-A38B-07,0.917130080649757,1
TCGA-B8-A54D-01A-21R-A266-07,0.8743894392892427,1
TCGA-A4-8630-01A-11R-2404-07,0.6606655271722733,1
TCGA-F4-6855-01A-11R-1928-07,0.6317451009356759,1
TCGA-EB-A3HV-01A-11R-A21D-07,0.8567146774805381,1
TCGA-XJ-A83G-01A-11R-A352-07,0.5762212204731252,0
TCGA-AA-3560-01A-01R-0821-07,0.6541425274724759,1
TCGA-D8-A1XA-01A-11R-A14D-07,0.9099916390211161,1
TCGA-BP-4963-01A-01R-1334-07,0.8268031532058852,1
TCGA-04-1338-01A-01R-1564-13,0.6000569677146176,1
TCGA-09-1662-01A-01R-1566-13,0.8162479258546085,1
TCGA-24-1417-01A-01R-1565-13,0.9372556215820116,1
TCGA-ZG-A9LN-01A-11R-A41O-07,0.7787940372128125,1
TCGA-EJ-8474-01A-11R-2403-07,0.8846787251889698,1
TCGA-13-0727-01A-01R-1564-13,0.49177366968627684,1
TCGA-37-5819-01A-01R-1635-07,0.8167359841285442,1
TCGA-E2-A1LI-01A-12R-A157-07,0.8526388000189262,0
TCGA-77-7138-01A-41R-2045-07,0.45518689142072305,1
TCGA-A2-A3XU-01A-12R-A22U-07,0.53660595814363,1
TCGA-QG-A5YW-01A-11R-A28H-07,0.5854897973302615,1
TCGA-49-AAR0-01A-21R-A39D-07,0.8624791465851095,1
TCGA-50-6590-01A-12R-1858-07,0.5921715424972185,1
TCGA-55-8510-01A-11R-2403-07,0.5449903993969042,1
TCGA-AL-3466-01A-02R-1351-07,0.32807968279934513,0
TCGA-IB-AAUU-01A-11R-A37L-07,0.892898913519675,0
TCGA-AA-3815-01A-01R-1022-07,0.7452441413213374,1
TCGA-AR-A0TZ-01A-12R-A084-07,0.9543104032857233,1
TCGA-M7-A71Z-01A-12R-A32O-07,0.5339784813850252,1
TCGA-A8-A09C-01A-11R-A00Z-07,0.7345625411292016,1
TCGA-DD-AAE1-01A-11R-A41C-07,0.7865555965557842,0
TCGA-BH-A1EX-01A-11R-A13Q-07,0.3993520935112683,1
TCGA-DM-A288-01A-11R-A16W-07,0.46960931382955606,0
TCGA-CC-A5UE-01A-11R-A28V-07,0.9085963425268488,1
TCGA-S8-A6BV-01A-21R-A31P-31,0.7873424517934767,1
TCGA-AO-A03O-01A-11R-A00Z-07,0.8825796549435362,0
TCGA-IA-A83W-01A-11R-A355-07,0.9295752649116049,1
TCGA-86-A4P8-01A-11R-A24X-07,0.6749416374074878,0
TCGA-A4-7288-01A-11R-A32Z-07,0.669374407304391,0
TCGA-33-4532-01A-01R-1201-07,0.7435596563195493,1
TCGA-OY-A56P-01A-12R-A406-31,0.7295614087617346,1
TCGA-GK-A6C7-01A-11R-A33J-07,0.42915098678039215,1
TCGA-E2-A15E-01A-11R-A12D-07,0.8540693493340116,1
TCGA-DD-A39W-01A-11R-A213-07,0.5782058419429208,1
TCGA-AR-A0U3-01A-11R-A109-07,0.5125332231699762,1
TCGA-CJ-4900-01A-01R-1334-07,0.3951609130046652,0
TCGA-E2-A15G-01A-11R-A12D-07,0.6088242244106675,1
TCGA-CH-5769-01A-11R-1580-07,0.6338283955439079,1
TCGA-60-2707-01A-01R-0851-07,0.4543540951489573,1
TCGA-CW-5589-01A-01R-1541-07,0.6810005133095044,0
TCGA-DD-AAEB-01A-11R-A41C-07,0.518909799154558,1
TCGA-61-2098-01A-01R-1568-13,0.8016137234286673,1
TCGA-05-4249-01A-01R-1107-07,0.5169381961545411,1
TCGA-33-4589-01A-01R-1443-07,0.8231569581966106,1
TCGA-E2-A15K-01A-11R-A12P-07,0.43127689909919104,1
TCGA-DD-A4NL-01A-11R-A28V-07,0.5919993792645091,1
TCGA-BF-AAP2-01A-11R-A40A-07,0.7914336901295895,1
TCGA-44-6779-01A-11R-1858-07,0.3945929851033096,1
TCGA-85-7844-01A-11R-2125-07,0.7968575807673012,1
TCGA-AK-3460-01A-02R-1277-07,0.8997876619609787,1
TCGA-B2-4101-01A-02R-1277-07,0.265845577880973,1
TCGA-51-4080-01A-01R-1100-07,0.711864699729903,1
TCGA-3C-AALI-01A-11R-A41B-07,0.8190437381281319,1
TCGA-IB-A5SP-01A-11R-A32O-07,0.6563054928190485,1
TCGA-L5-A88Z-01A-11R-A36D-31,0.6721799997289376,0
TCGA-D9-A4Z5-01A-11R-A266-07,0.8190028609253165,1
TCGA-BH-A0DG-01A-21R-A12P-07,0.816464007037814,0
TCGA-L5-A8NF-01A-11R-A37I-31,0.3341468439093356,1
TCGA-EJ-7325-01B-11R-A32O-07,0.654602638131473,0
TCGA-13-1497-01A-01R-1565-13,0.9098212840339958,1
TCGA-HC-7736-01A-11R-2118-07,0.7198838045412023,1
TCGA-AR-A1AH-01A-11R-A12D-07,0.35611708722311464,1
TCGA-A7-A26F-01B-04R-A22O-07,0.510924119249828,1
TCGA-04-1337-01A-01R-1564-13,0.557880715645669,1
TCGA-EB-A6QZ-01A-12R-A32P-07,0.5448560516493067,1
TCGA-AK-3444-01A-02R-1325-07,0.5415428901537944,0
TCGA-B0-5092-01A-01R-1420-07,0.90487720157436,1
TCGA-A8-A09A-01A-11R-A00Z-07,0.490458425146725,1
TCGA-LN-A49O-01A-11R-A24K-31,0.657036668808591,1
TCGA-61-1737-01A-01R-1567-13,0.5106218157971354,1
TCGA-EJ-A46H-01A-31R-A26U-07,0.5077923385133,0
TCGA-B6-A0X5-01A-21R-A109-07,0.2587201789610705,1
TCGA-C8-A26X-01A-31R-A16F-07,0.5581730118674619,0
TCGA-21-1077-01A-01R-0692-07,0.8481798645439462,1
TCGA-GM-A2DD-01A-11R-A180-07,0.5198858642367729,1
TCGA-BP-4326-01A-01R-1289-07,0.41323354564958736,0
TCGA-DA-A960-01A-11R-A37K-07,0.8815977380873454,1
TCGA-94-A5I4-01A-11R-A26W-07,0.7500047703337877,1
TCGA-AA-3520-01A-01R-0821-07,0.7493138340029947,1
TCGA-2Y-A9H1-01A-11R-A38B-07,0.44428407064172115,1
TCGA-63-A5ML-01A-31R-A27Q-07,0.5198988700121666,1
TCGA-KK-A8IB-01A-11R-A36G-07,0.6599849650887666,0
TCGA-AA-3947-01A-01R-1022-07,0.7627140868192243,1
TCGA-B8-4621-01A-01R-1503-07,0.9090563372419507,1
TCGA-S3-AA11-01A-31R-A41B-07,0.7720020546815981,1
TCGA-BH-A0BM-01A-11R-A056-07,0.6969684461510459,1
TCGA-AK-3447-01A-01R-1766-07,0.7074924675210783,1
TCGA-E2-A1IO-01A-11R-A144-07,0.42315483525256253,1
TCGA-BP-5185-01A-01R-1426-07,0.8027839985795564,1
TCGA-LL-A5YO-01A-21R-A28M-07,0.47355046003274076,0
TCGA-A3-3347-01A-02R-1325-07,0.6177913337312723,1
TCGA-60-2709-01A-21R-1820-07,0.9369657931061693,0
TCGA-DD-A1EK-01A-11R-A213-07,0.6123244387890588,1
TCGA-BH-A0HU-01A-11R-A034-07,0.6882184657742021,0
TCGA-HZ-7289-01A-11R-2156-07,0.8806154674529715,1
TCGA-33-4566-01A-01R-1443-07,0.4878162811001363,1
TCGA-EJ-5504-01A-01R-1580-07,0.7331694888256817,1
TCGA-IB-7654-01A-11R-2156-07,0.5763720857596483,1
TCGA-2Z-A9JD-01A-11R-A42S-07,0.7155624375418432,1
TCGA-BH-A18L-01A-32R-A12D-07,0.4490329069274888,1
TCGA-38-A44F-01A-11R-A24H-07,0.5000741926307611,0
TCGA-YL-A8SB-01A-31R-A37L-07,0.9151197784493696,1
TCGA-46-3768-01A-01R-0980-07,0.8482355121965035,1
TCGA-AR-A24U-01A-11R-A169-07,0.44970830162551206,1
TCGA-AO-A0JD-01A-11R-A056-07,0.40076928530805656,1
TCGA-A2-A0T1-01A-21R-A084-07,0.4428330228009638,1
TCGA-D8-A1JH-01A-11R-A13Q-07,0.4833430506425252,1
TCGA-BP-5194-01A-02R-1426-07,0.9073055624672758,1
TCGA-RB-AA9M-01A-11R-A39D-07,0.66745928430695,1
TCGA-A4-7915-01A-11R-2204-07,0.43354837185092854,1
TCGA-AA-3867-01A-01R-1022-07,0.797953451584277,1
TCGA-3A-A9IH-01A-12R-A39D-07,0.8735176127840967,1
TCGA-E2-A570-01A-11R-A29R-07,0.962816219924142,1
TCGA-D5-5540-01A-01R-1653-07,0.3778561544591653,0
TCGA-B0-4839-01A-01R-1305-07,0.3846699235596061,1
TCGA-FS-A1ZN-01A-11R-A18T-07,0.34681657154956713,1
TCGA-D8-A1Y1-01A-21R-A14M-07,0.4600354480552003,1
TCGA-57-1993-01A-01R-1568-13,0.840982309480485,1
TCGA-E9-A3X8-01A-31R-A22U-07,0.8579785874432625,1
TCGA-86-8073-01A-11R-2241-07,0.581403927366813,1
TCGA-ZG-A8QW-01A-11R-A37L-07,0.6737552903460488,1
TCGA-AK-3458-01A-01R-1503-07,0.9376366651902865,1
TCGA-L5-A88S-01A-11R-A36D-31,0.7853250152363406,1
TCGA-DD-A4NJ-01A-11R-A27V-07,0.6824754705112055,0
TCGA-55-6985-01A-11R-1949-07,0.5427975918102685,1
TCGA-78-7147-01A-11R-2039-07,0.9492394073849604,0
TCGA-AK-3429-01A-02R-1325-07,0.5946525412473858,0
TCGA-AR-A2LH-01A-31R-A18M-07,0.6216383346170168,0
TCGA-WX-AA47-01A-11R-A39D-07,0.5342362273706025,0
TCGA-04-1536-01A-01R-1566-13,0.8917860059354199,1
TCGA-L3-A524-01A-11R-A262-07,0.6804359240736388,1
TCGA-91-6848-01A-11R-1949-07,0.5600798594712991,1
TCGA-24-2027-01A-01R-1567-13,0.6051432485624157,1
TCGA-H9-A6BX-01A-31R-A311-07,0.9211800356032785,1
TCGA-G9-6354-01A-11R-A311-07,0.8534027000096509,1
TCGA-10-0937-01A-02R-1564-13,0.5624382918422641,1
TCGA-B6-A0RN-01A-12R-A084-07,0.9288035329973849,1
TCGA-86-8056-01A-11R-2241-07,0.4691872888062356,0
TCGA-95-8039-01A-11R-2241-07,0.8995116871044495,0
TCGA-E9-A1R5-01A-11R-A14M-07,0.3448607869115491,0
TCGA-A3-3331-01A-02R-1325-07,0.6765373706884646,1
TCGA-18-3410-01A-01R-0980-07,0.8217008903727926,1
TCGA-22-5491-01A-01R-1635-07,0.7865952780770177,1
TCGA-A4-A7UZ-01A-12R-A355-07,0.7215998873853199,0
TCGA-L5-A4OS-01A-11R-A28J-31,0.7489061871656562,0
TCGA-AZ-6607-01A-11R-1839-07,0.5380615539606791,1
TCGA-B0-5077-01A-01R-1334-07,0.635311899205674,0
TCGA-63-A5MW-01A-11R-A26W-07,0.4720956046483462,0
TCGA-CK-6747-01A-11R-1839-07,0.612636593131318,1
TCGA-A8-A06U-01A-11R-A00Z-07,0.6711787828406386,1
TCGA-CC-A5UD-01A-11R-A28V-07,0.9170399238144996,1
TCGA-44-A47A-01A-21R-A24H-07,0.5875581949611807,0
TCGA-EW-A1IZ-01A-11R-A13Q-07,0.7964766941970873,1
TCGA-24-2019-01A-02R-1568-13,0.7279260998682459,1
TCGA-EW-A1IX-01A-12R-A144-07,0.7139546183768424,1
TCGA-13-0897-01A-01R-1564-13,0.33514800007895074,1
TCGA-A8-A06Q-01A-11R-A034-07,0.481473045039783,1
TCGA-A2-A4RX-01A-11R-A266-07,0.4955901598560836,1
TCGA-E9-A1RC-01A-11R-A157-07,0.5890343262762433,1
TCGA-AA-3814-01A-01R-0905-07,0.9056873508527657,1
TCGA-DD-AACH-01A-11R-A41C-07,0.861328406279914,1
TCGA-AA-3496-01A-21R-1839-07,0.864693693980997,1
TCGA-69-7974-01A-11R-2187-07,0.49556514774551563,0
TCGA-24-1431-01A-01R-1566-13,0.5627159906150402,1
TCGA-B6-A1KI-01A-11R-A14M-07,0.9152865039684847,0
TCGA-AK-3461-01A-02R-1277-07,0.6367900345315115,1
TCGA-DD-A11D-01A-11R-A131-07,0.5049546105638628,1
TCGA-22-4594-01A-01R-1201-07,0.8391657015757314,1
TCGA-GN-A8LN-01A-11R-A37K-07,0.867803223868495,1
TCGA-A4-7286-01A-11R-A32Z-07,0.6238910848052999,0
TCGA-G9-6362-01A-11R-1789-07,0.7640146774347826,1
TCGA-ED-A7PZ-01A-11R-A33R-07,0.8373214988709987,1
TCGA-77-7139-01A-11R-2045-07,0.7214722454414421,1
TCGA-AT-A5NU-01A-11R-A28H-07,0.8101433388318415,1
TCGA-G9-6348-01A-11R-1789-07,0.6750378116265981,1
TCGA-CM-5868-01A-01R-1653-07,0.5342407152623223,0
TCGA-80-5607-01A-31R-1949-07,0.5706824477037556,1
TCGA-DD-A4ND-01A-11R-A266-07,0.4752032918321874,1
TCGA-AK-3443-01A-02R-1325-07,0.6836742419459765,1
TCGA-BH-A28Q-01A-11R-A16F-07,0.5734992616561658,1
TCGA-62-A470-01A-11R-A24H-07,0.9060361730028024,1
TCGA-85-A5B5-01A-21R-A26W-07,0.8276156037558521,1
TCGA-GN-A4U5-01A-11R-A32P-07,0.6347217718511076,1
TCGA-A7-A2KD-01A-31R-A21T-07,0.8958843922073215,0
TCGA-5R-AAAM-01A-12R-A41C-07,0.8678036586374692,1
TCGA-AA-3952-01A-01R-1022-07,0.6541017579020136,1
TCGA-E9-A1NC-01A-21R-A26B-07,0.8053763766183017,1
TCGA-E9-A229-01A-31R-A157-07,0.4559194531202006,0
TCGA-55-A494-01A-11R-A24X-07,0.5528712365759829,1
TCGA-D8-A1XL-01A-11R-A14M-07,0.7831100615695857,1
TCGA-YL-A8SI-01A-11R-A41O-07,0.9218294124970581,1
TCGA-61-1911-01A-01R-1567-13,0.8663644827222696,1
TCGA-56-1622-01A-01R-0692-07,0.4904737381399722,0
TCGA-C8-A26Z-01A-11R-A16F-07,0.6544644880065379,1
TCGA-V5-A7RB-01A-11R-A354-31,0.8204848452663618,1
TCGA-OL-A66H-01A-11R-A29R-07,0.6827806177329717,1
TCGA-AC-A3OD-01A-11R-A21T-07,0.9414163757496222,0
TCGA-A4-8516-01A-11R-2404-07,0.4765814403208039,0
TCGA-EJ-A7NN-01A-11R-A33R-07,0.9154052610255555,1
TCGA-A8-A06Y-01A-21R-A00Z-07,0.6534943786587644,1
TCGA-EB-A5VU-01A-21R-A32P-07,0.8741204745397257,1
TCGA-HC-7232-01A-11R-2118-07,0.5777985986000728,1
TCGA-2L-AAQL-01A-11R-A38C-07,0.5477410559104153,1
TCGA-BF-A3DM-01A-11R-A20F-07,0.5115783760305195,0
TCGA-GM-A2DI-01A-31R-A18M-07,0.6965387274747954,1
TCGA-CJ-4635-01A-02R-1305-07,0.9000351099243429,0
TCGA-FV-A4ZP-01A-12R-A266-07,0.5954859946076237,1
TCGA-IH-A3EA-01A-11R-A20F-07,0.6474684793939923,1
TCGA-HC-7075-01A-11R-1965-07,0.4566245620513962,1
TCGA-5P-A9K6-01A-11R-A42S-07,0.8758865773397742,1
TCGA-DM-A28K-01A-21R-A32Y-07,0.4292299160924114,0
TCGA-BP-4962-01A-01R-1334-07,0.614464750273759,1
TCGA-53-7624-01A-11R-2066-07,0.5373974255523881,1
TCGA-AA-3854-01A-01R-0905-07,0.6124677329555119,1
TCGA-OL-A5RW-01A-11R-A28M-07,0.33747413648001623,0
TCGA-E9-A1RI-01A-11R-A169-07,0.827472057849943,1
TCGA-A7-A4SB-01A-21R-A266-07,0.7649338423377746,1
TCGA-A3-3306-01A-01R-0864-07,0.532248924447989,1
TCGA-G9-6371-01A-11R-1789-07,0.5305651812868006,1
TCGA-E9-A243-01A-21R-A169-07,0.9209278636755812,1
TCGA-A7-A0CG-01A-12R-A056-07,0.7130156962266023,0
TCGA-E9-A3HO-01A-11R-A213-07,0.6723106473234692,1
TCGA-B6-A408-01A-12R-A24H-07,0.9237754015306026,0
TCGA-24-1426-01A-01R-1565-13,0.5661415426640087,0
TCGA-AC-A6IV-01A-12R-A33J-07,0.9264458612730609,0
TCGA-AS-3778-01A-01R-A32Z-07,0.7721054728493552,1
TCGA-C8-A1HG-01A-11R-A137-07,0.3488165504407078,1
TCGA-BQ-7059-01A-11R-1965-07,0.5588296158834043,1
TCGA-SX-A7SL-01A-11R-A355-07,0.5627813252915338,1
TCGA-13-1492-01A-01R-1565-13,0.5891870232651252,1
TCGA-BP-4970-01A-01R-1334-07,0.7151927369931396,1
TCGA-HE-7128-01A-11R-1965-07,0.3932332956033334,1
TCGA-61-1733-01A-01R-1567-13,0.803935878895839,0
TCGA-LL-A5YL-01A-12R-A29R-07,0.7724842314166198,1
TCGA-DD-A3A8-01A-11R-A22L-07,0.5688347734578658,1
TCGA-AK-3450-01A-02R-1277-07,0.39219952352737164,1
TCGA-EW-A2FS-01A-11R-A17B-07,0.9548480443725211,1
TCGA-A2-A0T6-01A-11R-A084-07,0.48935131927095815,1
TCGA-FV-A496-01A-11R-A266-07,0.8431480450837762,1
TCGA-75-7027-01A-11R-1949-07,0.6483059459747184,1
TCGA-43-3394-01A-01R-0980-07,0.817737552916455,1
TCGA-CZ-5455-01A-01R-1503-07,0.6287900528535313,1
TCGA-AA-3831-01A-01R-0905-07,0.7680972756583583,1
TCGA-NH-A8F7-01A-11R-A41B-07,0.7391492962101595,1
TCGA-FB-A4P6-01A-12R-A26U-07,0.6214441017056973,1
TCGA-VP-A87E-01A-31R-A352-07,0.5610525329824453,1
TCGA-BH-A0DD-01A-31R-A12P-07,0.9373932284181623,1
TCGA-CM-4744-01A-01R-A32Z-07,0.33199035072180433,1
TCGA-IG-A8O2-01A-11R-A36D-31,0.8517375701579836,1
TCGA-A8-A07P-01A-11R-A00Z-07,0.8559873475099861,1
TCGA-J4-A67Q-01A-21R-A30B-07,0.7969869353281983,1
TCGA-A3-3387-01A-01R-1541-07,0.641682874574291,1
TCGA-IB-7647-01A-11R-2156-07,0.8083900863881551,1
TCGA-98-8022-01A-11R-2247-07,0.5580686956548715,1
TCGA-J2-8194-01A-11R-2241-07,0.4238260421503518,1
TCGA-BP-5189-01A-02R-1426-07,0.9784925830831837,0
TCGA-24-2293-01A-01R-1568-13,0.8351421809851467,1
TCGA-DD-A1EA-01A-11R-A131-07,0.6542723485157571,1
TCGA-JY-A6FB-01A-11R-A336-31,0.6267820974202849,1
TCGA-60-2716-01A-01R-0851-07,0.7698557920682394,1
TCGA-A1-A0SF-01A-11R-A144-07,0.6126668324109692,1
TCGA-78-7148-01A-11R-2039-07,0.9241467670269543,1
TCGA-85-7696-01A-11R-2125-07,0.365806469316107,1
TCGA-25-1319-01A-01R-1565-13,0.8035807707663966,1
TCGA-44-A47B-01A-11R-A24H-07,0.8690994203297605,1
TCGA-L5-A88W-01A-11R-A354-31,0.6118031994483518,1
TCGA-85-A4CL-01A-41R-A26W-07,0.8340478914316696,1
TCGA-44-A4SU-01A-11R-A24X-07,0.5589452218471207,1
TCGA-2Y-A9GX-01A-11R-A38B-07,0.7656312107487186,1
TCGA-G4-6586-01A-11R-1774-07,0.8474668209335691,1
TCGA-68-A59J-01A-21R-A26W-07,0.8622953719503749,0
TCGA-G6-A5PC-01A-11R-A33J-07,0.8296237622577305,1
TCGA-IG-A50L-01A-11R-A260-31,0.6711026108555739,0
TCGA-43-6770-01A-11R-1820-07,0.8338162160893161,0
TCGA-57-1584-01A-01R-1566-13,0.8550283179811486,1
TCGA-AC-A2B8-01A-11R-A17B-07,0.8456278419992226,1
TCGA-A4-A57E-01A-11R-A26U-07,0.6966946738018006,1
TCGA-24-1471-01A-01R-1566-13,0.9329585726673134,1
TCGA-56-7579-01A-11R-2045-07,0.46119389197992205,1
TCGA-KK-A59Y-01A-11R-A26U-07,0.8611915883419583,1
TCGA-A7-A26H-01A-11R-A169-07,0.437872532095055,0
TCGA-DV-5573-01A-01R-1541-07,0.6114748896777218,1
TCGA-AC-A3TM-01A-11R-A22K-07,0.8615758701916285,1
TCGA-KK-A6E3-01A-21R-A30B-07,0.8371668659626307,1
TCGA-25-2398-01A-01R-1569-13,0.8101874345405753,1
TCGA-25-1631-01A-01R-1569-13,0.8309193112451864,1
TCGA-B0-4710-01A-01R-1503-07,0.6296002614707685,0
TCGA-BD-A2L6-01A-11R-A213-07,0.43919581357310844,0
TCGA-85-8664-01A-11R-2403-07,0.6576223696909224,1
TCGA-59-2352-01A-01R-1569-13,0.41204346656080393,1
TCGA-97-8179-01A-11R-2287-07,0.43612633757542474,0
TCGA-CW-5590-01A-01R-1541-07,0.6216997081235837,0
TCGA-24-1424-01A-01R-1565-13,0.9276297737174621,0
TCGA-GM-A3XL-01A-11R-A22U-07,0.33146186332584726,1
TCGA-D8-A1JA-01A-11R-A13Q-07,0.28244145538961046,1
TCGA-EB-A85J-01A-12R-A352-07,0.9531231818097381,1
TCGA-HV-A7OL-01A-11R-A33R-07,0.45416608852054413,0
TCGA-55-8087-01A-11R-2241-07,0.7150307329993557,1
TCGA-55-6978-01A-11R-1949-07,0.8590670838118969,0
TCGA-BP-4332-01A-01R-1289-07,0.8202374042900302,1
TCGA-57-1586-01A-02R-1567-13,0.5448091820445373,0
TCGA-5P-A9JV-01A-12R-A42S-07,0.9102212170175841,0
TCGA-A2-A1G0-01A-11R-A13Q-07,0.5166951911281847,0
TCGA-BP-4985-01A-01R-1334-07,0.7490552934675332,1
TCGA-US-A774-01A-21R-A32O-07,0.8676597646915079,0
TCGA-V7-A7HQ-01A-11R-A33J-07,0.6354290616158702,1
TCGA-B0-4817-01A-01R-1277-07,0.9307812474504318,1
TCGA-61-1738-01A-01R-1567-13,0.7403151428364857,1
TCGA-A6-2681-01A-01R-1410-07,0.7041372453576312,1
TCGA-22-4609-01A-21R-2125-07,0.8764017877178383,0
TCGA-HC-A6AN-01A-11R-A30B-07,0.8705714143244011,1
TCGA-AN-A0AM-01A-11R-A034-07,0.8249475181445431,1
TCGA-B2-5636-01A-02R-1541-07,0.48455807722828176,0
TCGA-59-2348-01A-01R-1569-13,0.892911999209143,0
TCGA-EJ-5531-01A-01R-1580-07,0.5780844312832092,0
TCGA-D8-A4Z1-01A-21R-A266-07,0.70711379192179,0
TCGA-BH-A0BV-01A-11R-A00Z-07,0.7026356035881802,1
TCGA-DD-AAEA-01A-11R-A41C-07,0.5414384003959498,1
TCGA-49-6761-01A-31R-1949-07,0.44536361009310615,1
TCGA-95-7043-01A-11R-1949-07,0.9184602341316535,1
TCGA-AD-6890-01A-11R-1928-07,0.5980215495871946,1
TCGA-97-8547-01A-11R-2403-07,0.45584668495225567,1
TCGA-XP-A8T6-01A-11R-A36D-31,0.6793151352068919,1
TCGA-70-6722-01A-11R-1820-07,0.9536060671461976,1
TCGA-DD-AAVY-01A-11R-A41C-07,0.4116101427555975,0
TCGA-A2-A3XS-01A-11R-A22U-07,0.7936360483046573,1
TCGA-A2-A0YL-01A-21R-A109-07,0.7746497137478866,1
TCGA-3A-A9IS-01A-21R-A39D-07,0.8738745673119167,1
TCGA-73-4666-01A-01R-1206-07,0.5365410155414436,1
TCGA-24-1467-01A-01R-1566-13,0.6254837627558856,0
TCGA-85-7699-01A-11R-2125-07,0.8523925521205801,1
TCGA-A8-A07B-01A-11R-A00Z-07,0.7576246326160863,0
TCGA-AA-A01P-01A-21R-A083-07,0.8047012633589262,1
TCGA-AC-A62X-01A-11R-A29R-07,0.6302883422257536,1
TCGA-A2-A0YH-01A-11R-A109-07,0.47685736764885683,1
TCGA-D8-A1XS-01A-11R-A14M-07,0.4218797367831712,1
TCGA-BH-A0E2-01A-11R-A056-07,0.4107634517544037,1
TCGA-13-0888-01A-01R-1564-13,0.5325752919461773,1
TCGA-IG-A4QS-01A-11R-A260-31,0.6604651071561064,1
TCGA-A6-2680-01A-01R-1410-07,0.7451090572806364,0
TCGA-A4-7997-01A-11R-2204-07,0.6627348702048371,1
TCGA-93-A4JO-01A-21R-A24X-07,0.5215451961641608,1
TCGA-KV-A74V-01A-11R-A33Z-07,0.7118884676426657,1
TCGA-G4-6588-01A-11R-1774-07,0.6108229927575662,1
TCGA-J4-A83L-01A-11R-A352-07,0.7265841576441494,1
TCGA-5T-A9QA-01A-11R-A41B-07,0.8305810245693525,0
TCGA-49-6744-01A-11R-1858-07,0.608929731645711,1
TCGA-CK-4948-01B-11R-1653-07,0.8994228257677286,1
TCGA-77-7142-01A-11R-2045-07,0.5286743654395601,1
TCGA-ZG-A9M4-01A-11R-A41O-07,0.6329043587146765,1
TCGA-44-A479-01A-31R-A24H-07,0.8344652351002677,1
TCGA-AA-3511-01A-21R-1839-07,0.7212351612105964,1
TCGA-66-2758-01A-02R-0851-07,0.856292267334014,1
TCGA-24-2290-01A-01R-1568-13,0.6882687809930891,1
TCGA-75-5125-01A-01R-1755-07,0.4541962906633432,1
TCGA-L9-A7SV-01A-11R-A39D-07,0.7555534851316618,1
TCGA-VP-A87K-01A-11R-A352-07,0.8457664936144299,1
TCGA-A6-A565-01A-31R-A28H-07,0.535981588506157,1
TCGA-04-1364-01A-01R-1565-13,0.5721293952361133,1
TCGA-04-1350-01A-01R-1565-13,0.5213407683939141,1
TCGA-22-5471-01A-01R-1635-07,0.8143820688657462,1
TCGA-EB-A430-01A-11R-A24X-07,0.4822233187691126,0
TCGA-ZG-A9ND-01A-11R-A41O-07,0.9026606165497327,1
TCGA-23-1119-01A-02R-1565-13,0.7305751824198332,1
TCGA-CJ-4642-01B-01R-1305-07,0.5214479639375339,1
TCGA-24-1413-01A-01R-1565-13,0.7835445353969113,1
TCGA-A8-A08A-01A-11R-A32Y-07,0.9306291158949407,1
TCGA-04-1519-01A-01R-1565-13,0.5222792796291553,1
TCGA-B6-A0RT-01A-21R-A084-07,0.9294447960626623,1
TCGA-AC-A5XS-01A-11R-A29R-07,0.7386048796008434,1
TCGA-HC-8257-01A-11R-2263-07,0.593419462935736,1
TCGA-CJ-4881-01A-01R-1305-07,0.9403984472952093,0
TCGA-DD-AACY-01A-11R-A41C-07,0.7201948451933087,0
TCGA-CK-5915-01A-11R-1653-07,0.37242612244969897,1
TCGA-2Y-A9GZ-01A-11R-A39D-07,0.514496913771422,1
TCGA-2H-A9GI-01A-11R-A37I-31,0.7979906829903495,1
TCGA-B6-A0IP-01A-11R-A034-07,0.9139882408522326,1
TCGA-AA-3811-01A-01R-1022-07,0.8021538249896055,1
TCGA-55-8208-01A-11R-2241-07,0.5046594764959794,1
TCGA-V9-A7HT-01A-11R-A33Z-07,0.4998338250636979,0
TCGA-C8-A12M-01A-11R-A115-07,0.9040969831641962,1
TCGA-BQ-5886-01A-11R-1592-07,0.45227835477426775,0
TCGA-GI-A2C9-01A-11R-A21T-07,0.6752996811541677,0
TCGA-G7-7502-01A-11R-2204-07,0.6510438033674814,1
TCGA-2Z-A9JM-01A-12R-A42S-07,0.7050779881718362,1
TCGA-85-A4PA-01A-11R-A24Z-07,0.5747049868873959,0
TCGA-C8-A12V-01A-11R-A115-07,0.8251338213999813,0
TCGA-HC-7745-01A-11R-2118-07,0.4299837476663412,1
TCGA-AC-A6IW-01A-12R-A33J-07,0.9236030038744838,1
TCGA-B0-5085-01A-01R-1334-07,0.7849170291366906,1
TCGA-AR-A1AU-01A-11R-A12P-07,0.9107828428333722,0
TCGA-B8-5546-01A-01R-1541-07,0.5096576964097013,1
TCGA-77-7141-01A-11R-2045-07,0.8602584433602432,1
TCGA-AA-3534-01A-01R-0821-07,0.7632310871510376,1
TCGA-AA-3524-01A-02R-0821-07,0.6061239675772647,1
TCGA-24-2280-01A-01R-1568-13,0.804869274385264,1
TCGA-IB-7897-01A-21R-2204-07,0.5145079610971832,0
TCGA-95-7039-01A-11R-1949-07,0.5872480406895839,0
TCGA-CJ-5680-01A-11R-1541-07,0.6439993899510648,1
TCGA-AR-A1AN-01A-11R-A12P-07,0.5216291160366445,1
TCGA-LL-A6FP-01A-11R-A31O-07,0.8970036123131137,1
TCGA-30-1714-01A-02R-1567-13,0.3200812733091601,0
TCGA-E2-A15L-01A-11R-A12D-07,0.9243038274015137,1
TCGA-23-2077-01A-01R-1568-13,0.7701582387037654,1
TCGA-EJ-7123-01A-11R-1965-07,0.5444953877377715,1
TCGA-DD-AACI-01A-11R-A41C-07,0.5417237301251124,1
TCGA-A6-3808-01A-01R-1022-07,0.8143638818933618,0
TCGA-AA-3837-01A-01R-0905-07,0.759591954594081,1
TCGA-95-7944-01A-11R-2187-07,0.5662887595631917,0
TCGA-A3-3320-01A-02R-1325-07,0.40920070872422587,1
TCGA-MM-A563-01A-11R-A266-07,0.34683699851156835,0
TCGA-77-8008-01A-21R-2187-07,0.518796619065684,1
TCGA-G9-7519-01A-11R-2263-07,0.40576343908998114,1
TCGA-BF-A5EP-01A-12R-A27Q-07,0.9341609291100652,1
TCGA-B0-5694-01A-11R-1541-07,0.44868284636980266,1
TCGA-E9-A1R7-01A-11R-A14M-07,0.5738779940070777,1
TCGA-G3-A7M5-01A-11R-A33R-07,0.6823997437596309,1
TCGA-A2-A0SV-01A-11R-A084-07,0.8145095442265358,1
TCGA-DW-7838-01A-11R-2139-07,0.41586567421436255,1
TCGA-AN-A04C-01A-21R-A034-07,0.4269992769429314,1
TCGA-77-6842-01A-11R-1949-07,0.795342678763152,1
TCGA-B0-4688-01A-01R-1277-07,0.9304204710899894,1
TCGA-A2-A0YM-01A-11R-A109-07,0.6866542648779065,1
TCGA-JY-A6F8-01A-11R-A336-31,0.5422341300836984,1
TCGA-F4-6808-01A-11R-1839-07,0.8137534757065065,1
TCGA-AC-A2BM-01A-11R-A21T-07,0.7165910697237786,1
TCGA-34-5236-01A-21R-1820-07,0.949108537086276,1
TCGA-AZ-6598-01A-11R-1774-07,0.8491581573256112,1
TCGA-D8-A1X7-01A-11R-A14M-07,0.3452476568712153,1
TCGA-AN-A0FY-01A-11R-A034-07,0.4453103940400083,1
TCGA-AO-A03R-01A-21R-A034-07,0.8880797161516208,1
TCGA-CJ-4920-01A-01R-1426-07,0.6888038114267009,1
TCGA-LL-A442-01A-11R-A24H-07,0.9650934514904494,1
TCGA-V1-A9OY-01A-11R-A41O-07,0.899683618385275,1
TCGA-DD-AAVZ-01A-11R-A41C-07,0.6533770366328739,1
TCGA-UZ-A9PL-01A-11R-A38C-07,0.8616459978574049,0
TCGA-CJ-4638-01A-02R-1325-07,0.4735147640200294,1
TCGA-25-2401-01A-01R-1569-13,0.9488411169103654,1
TCGA-BP-4765-01A-01R-1289-07,0.7692273631108599,1
TCGA-AN-A0FS-01A-11R-A034-07,0.9848013915897907,1
TCGA-B8-5162-01A-01R-1420-07,0.9116271442918443,0
TCGA-EV-5901-01A-11R-1592-07,0.9589453686529024,1
TCGA-2Y-A9H0-01A-11R-A38B-07,0.8734032624741879,1
TCGA-B4-5836-01A-11R-1672-07,0.7932677126638977,1
TCGA-G9-6338-01A-12R-1965-07,0.43266027744586444,1
TCGA-HZ-A9TJ-01A-11R-A41I-07,0.6100293811676353,1
TCGA-D8-A1XT-01A-11R-A14M-07,0.5105693117133006,0
TCGA-E9-A1N6-01A-11R-A144-07,0.8580074548321074,0
TCGA-E2-A1IK-01A-11R-A144-07,0.9171518324327613,1
TCGA-CJ-5683-01A-11R-1541-07,0.8502964761578805,1
TCGA-KK-A8IF-01A-11R-A36G-07,0.8771500983564708,1
TCGA-QG-A5Z2-01A-11R-A28H-07,0.47837668678115575,1
TCGA-A1-A0SO-01A-22R-A084-07,0.42123820519927674,0
TCGA-E2-A154-01A-11R-A115-07,0.9562551504005005,1
TCGA-J9-A8CM-01A-11R-A352-07,0.8936878539302668,1
TCGA-AN-A0FV-01A-11R-A00Z-07,0.7588260194815772,1
TCGA-CM-6679-01A-11R-1839-07,0.8684303252066172,1
TCGA-77-8153-01A-11R-2403-07,0.7304048925394825,1
TCGA-BH-A0BJ-01A-11R-A056-07,0.7565304977411512,1
TCGA-AN-A0AL-01A-11R-A00Z-07,0.6246965020436162,1
TCGA-24-1928-01A-01R-1567-13,0.7816483630852132,1
TCGA-IB-7890-01A-12R-2204-07,0.8589356285902187,0
TCGA-E2-A15R-01A-11R-A115-07,0.9154622684283772,1
TCGA-BH-A0DT-01A-21R-A12D-07,0.4728215871848561,0
TCGA-Q3-A5QY-01A-12R-A32O-07,0.4769089589419427,0
TCGA-NJ-A4YI-01A-11R-A262-07,0.5818555475857651,1
TCGA-ZG-A9N3-01A-11R-A41O-07,0.6334168427774435,1
TCGA-2Z-A9JO-01A-11R-A42S-07,0.7912751626818114,1
TCGA-25-1626-01A-01R-1566-13,0.8677966193762631,1
TCGA-CC-5262-01A-01R-A131-07,0.8783738253891659,0
TCGA-57-1582-01A-01R-1566-13,0.8123192339403,0
TCGA-WJ-A86L-01A-12R-A39D-07,0.9181051919159715,0
TCGA-GL-6846-01A-11R-1965-07,0.6016793434962614,1
TCGA-E9-A54X-01A-11R-A266-07,0.8663674209090596,1
TCGA-55-1594-01A-01R-0946-07,0.4732827884719651,0
TCGA-AA-3864-01A-01R-1022-07,0.8175154478393479,1
TCGA-49-6742-01A-11R-1858-07,0.5689689066203273,1
TCGA-H6-8124-01A-11R-2404-07,0.8290349259436705,1
TCGA-HC-7820-01A-11R-2118-07,0.40177319811440804,1
TCGA-AY-A8YK-01A-11R-A41B-07,0.5589264732725494,0
TCGA-34-8454-01A-11R-2326-07,0.830737842881362,1
TCGA-A6-A56B-01A-31R-A28H-07,0.5380764556248282,0
TCGA-AR-A0U2-01A-11R-A109-07,0.5771486286503589,1
TCGA-BC-A112-01A-11R-A131-07,0.6061901479057801,1
TCGA-IB-7646-01A-11R-2156-07,0.5234256366817259,1
TCGA-V1-A9ZG-01A-11R-A41O-07,0.844121286133018,1
TCGA-86-7953-01A-11R-2187-07,0.4899219596237398,1
TCGA-CZ-5451-01A-01R-1503-07,0.5690906759644204,1
TCGA-A6-6138-01A-11R-1774-07,0.5623724265063834,0
TCGA-GL-7966-01A-11R-2204-07,0.9145461997860458,1
TCGA-BP-4982-01A-01R-1334-07,0.8698386583076047,1
TCGA-B4-5835-01A-11R-1672-07,0.9131290046414258,1
TCGA-E9-A1NE-01A-21R-A14M-07,0.9505979110349544,1
TCGA-MH-A856-01A-11R-A355-07,0.402700139753002,1
TCGA-EB-A299-01A-21R-A18U-07,0.639826108293554,0
TCGA-V1-A8MF-01A-11R-A36G-07,0.6174465167300465,1
TCGA-G9-6361-01A-21R-1965-07,0.7792934197247062,1
TCGA-L5-A8NH-01A-11R-A37I-31,0.710295667300201,0
TCGA-LN-A49P-01A-11R-A24K-31,0.9428485071041048,1
TCGA-E2-A14V-01A-11R-A12D-07,0.8949614108613551,1
TCGA-49-AAR4-01A-12R-A41B-07,0.6317192332752637,1
TCGA-IB-7885-01A-11R-2156-07,0.5622014683353295,0
TCGA-D8-A1XQ-01A-11R-A14M-07,0.4406512603426729,1
TCGA-AA-3872-01A-01R-1022-07,0.7155724274158977,0
TCGA-85-8070-01A-11R-2247-07,0.7531851949244326,1
TCGA-HI-7169-01A-11R-2118-07,0.43905664438501685,1
TCGA-HC-8213-01A-11R-A29R-07,0.4891370165210117,0
TCGA-CH-5754-01A-11R-1580-07,0.6027607490988313,1
TCGA-2A-A8W1-01A-11R-A37L-07,0.8867937220549819,1
TCGA-AA-3527-01A-01R-0821-07,0.4132280169960761,1
TCGA-G7-6797-01A-11R-1965-07,0.5404885139276601,1
TCGA-05-4403-01A-01R-1206-07,0.566882803209282,1
TCGA-EW-A1IW-01A-11R-A13Q-07,0.4795147474879908,1
TCGA-ZG-A9L0-01A-11R-A41O-07,0.9204031148925379,1
TCGA-56-8624-01A-11R-2403-07,0.8861707291927455,1
TCGA-D8-A1J8-01A-11R-A13Q-07,0.38370584502056887,1
TCGA-JY-A6FH-01A-11R-A336-31,0.6747538676430392,1
TCGA-09-0366-01A-01R-1564-13,0.6513941774049677,1
TCGA-A7-A6VV-01A-22R-A33J-07,0.38352701178976467,1
TCGA-L5-A4OG-01A-11R-A260-31,0.8076117358733792,1
TCGA-EJ-A65G-01A-21R-A29R-07,0.888800442790106,1
TCGA-T9-A92H-01A-11R-A37K-07,0.8820752468820791,1
TCGA-AA-3685-01A-02R-A32Z-07,0.799301421823157,1
TCGA-BP-4993-01A-02R-1420-07,0.7969065561638473,1
TCGA-B0-5690-01A-11R-1541-07,0.7047335213024584,1
TCGA-G3-AAV6-01A-21R-A37K-07,0.7509907608542566,1
TCGA-13-1505-01A-01R-1565-13,0.9261408941453225,1
TCGA-LD-A9QF-01A-32R-A41B-07,0.6611613323777616,1
TCGA-AA-3710-01A-01R-1022-07,0.8138481305521847,1
TCGA-85-7950-01A-11R-2187-07,0.9050441865081349,1
TCGA-A8-A07L-01A-11R-A00Z-07,0.4105587031894728,1
TCGA-55-A492-01A-11R-A24H-07,0.8549836966646096,0
TCGA-AZ-5403-01A-01R-1653-07,0.5672246621019983,1
TCGA-69-7765-01A-11R-2170-07,0.5180298031375005,1
TCGA-IB-8127-01A-11R-2404-07,0.5426386999117048,1
TCGA-E2-A1IJ-01A-11R-A144-07,0.7669425392012746,0
TCGA-YL-A9WK-01A-11R-A37L-07,0.8659622240193193,1
TCGA-A8-A09D-01A-11R-A00Z-07,0.416013339471636,1
TCGA-DD-AADA-01A-11R-A41C-07,0.7798934949425764,1
TCGA-CH-5763-01A-11R-1580-07,0.876658923042427,1
TCGA-CZ-4865-01A-02R-1503-07,0.9302065716351928,1
TCGA-BC-A10Z-01A-11R-A131-07,0.8439048547791814,1
TCGA-EB-A44P-01A-11R-A266-07,0.9099060206856795,0
TCGA-CC-A3MA-01A-11R-A213-07,0.979764337565176,1
TCGA-AA-3673-01A-01R-0905-07,0.7814059472464556,1
TCGA-CZ-5982-01A-11R-1672-07,0.5344132584622433,1
TCGA-56-7223-01A-11R-2045-07,0.41929230448249233,1
TCGA-EB-A41A-01A-11R-A24X-07,0.36093084932687675,0
TCGA-IB-AAUS-01A-12R-A38C-07,0.48746632978904575,0
TCGA-B0-4828-01A-01R-1277-07,0.5384648463008395,1
TCGA-92-8065-01A-11R-2247-07,0.4261193418354646,1
TCGA-98-A53H-01A-12R-A262-07,0.511837653404913,1
TCGA-05-4397-01A-01R-1206-07,0.47705704704916746,1
TCGA-HC-A6AO-01A-11R-A30B-07,0.7865756279231992,1
TCGA-E2-A108-01A-13R-A10J-07,0.3887053199921182,1
TCGA-23-1107-01A-01R-1564-13,0.902909546543087,1
TCGA-IA-A40X-01A-11R-A24Z-07,0.5258647922828493,1
TCGA-B4-5838-01A-11R-1672-07,0.3261942051524916,1
TCGA-24-1603-01A-01R-1566-13,0.9756299221881576,0
TCGA-R6-A6L4-01A-11R-A31P-31,0.700811325587486,1
TCGA-B6-A0IE-01A-11R-A034-07,0.6246692876537754,1
TCGA-04-1517-01A-01R-1565-13,0.7264480235929269,1
TCGA-LA-A446-01A-21R-A24Z-07,0.7724017863637005,0
TCGA-C8-A1HF-01A-11R-A137-07,0.7555920344084397,1
TCGA-MP-A4TH-01A-31R-A262-07,0.6513331860231598,1
TCGA-AA-3848-01A-01R-0905-07,0.5866073703459764,0
TCGA-KV-A6GE-01A-11R-A31O-07,0.7880789418439254,1
TCGA-CC-A5UC-01A-11R-A28V-07,0.4314414616974641,1
TCGA-96-7544-01A-11R-2045-07,0.44108764596455713,0
TCGA-B6-A0X1-01A-11R-A109-07,0.7472400071026392,1
TCGA-AA-3553-01A-01R-0821-07,0.7462061094364314,0
TCGA-HC-7818-01A-11R-2118-07,0.5365106422619654,1
TCGA-DD-AADL-01A-11R-A41C-07,0.6124478033087536,1
TCGA-78-7542-01A-21R-2066-07,0.4304428593976598,1
TCGA-E2-A1B5-01A-21R-A12P-07,0.5980809536698016,1
TCGA-A6-2684-01A-01R-1410-07,0.7674036974149852,1
TCGA-BH-A1FD-01A-11R-A13Q-07,0.4841020174606099,1
TCGA-G9-6496-01A-11R-1789-07,0.7039693611731047,1
TCGA-EJ-8468-01A-21R-2403-07,0.6480092534537613,1
TCGA-AR-A1AS-01A-11R-A12P-07,0.3749653616903508,0
TCGA-86-8674-01A-21R-2403-07,0.7365228322105489,1
TCGA-DD-A4NS-01A-11R-A311-07,0.8469701806900127,1
TCGA-BP-5170-01A-01R-1426-07,0.48751843740876794,1
TCGA-A8-A06P-01A-11R-A00Z-07,0.7904703737203698,1
TCGA-B0-4697-01A-01R-1277-07,0.7303651221414912,1
TCGA-33-6737-01A-11R-1820-07,0.755493792782504,1
TCGA-85-A512-01A-11R-A26W-07,0.4919734852925558,1
TCGA-55-8511-01A-11R-2403-07,0.8765727656982161,1
TCGA-VP-A878-01A-31R-A352-07,0.5611703201538699,0
TCGA-BH-A0DZ-01A-11R-A00Z-07,0.4260253789573734,1
TCGA-D5-6931-01A-11R-1928-07,0.8711788217515759,0
TCGA-50-5044-01A-21R-1858-07,0.40757426175742284,0
TCGA-A2-A4RY-01A-31R-A266-07,0.7541514392808767,1
TCGA-EJ-7331-01A-11R-2118-07,0.8952386251610547,1
TCGA-CZ-4864-01A-01R-1503-07,0.9737438850422112,1
TCGA-4A-A93W-01A-11R-A37K-07,0.8718539761824962,1
TCGA-AA-3655-01A-02R-1723-07,0.7284923078139912,0
TCGA-CM-6678-01A-11R-1839-07,0.5831069028097546,1
TCGA-AA-A02J-01A-01R-A00A-07,0.4308038633316112,1
TCGA-DD-AAVR-01A-11R-A41C-07,0.7752781460277772,0
TCGA-23-1123-01A-01R-1565-13,0.6990903662486238,1
TCGA-L5-A43H-01A-11R-A24K-31,0.7250743187396856,1
TCGA-EJ-7791-01A-11R-2118-07,0.7551855952492208,1
TCGA-B6-A0RO-01A-22R-A084-07,0.6743682701068372,0
TCGA-96-8169-01A-11R-2296-07,0.43866437642651845,1
TCGA-E2-A10E-01A-21R-A10J-07,0.9287706322246417,1
TCGA-EJ-5518-01A-01R-1580-07,0.6960701667986258,1
TCGA-5P-A9K0-01A-11R-A42S-07,0.6934607241021041,1
TCGA-AO-A0JM-01A-21R-A056-07,0.8432482559249296,1
TCGA-56-6545-01A-11R-1820-07,0.8220113180525035,1
TCGA-CJ-4643-01A-02R-1325-07,0.5146332170872957,0
TCGA-DZ-6135-01A-11R-1965-07,0.9586145137260539,0
TCGA-QU-A6IN-01A-11R-A31N-07,0.6860174900830747,1
TCGA-EW-A1P6-01A-11R-A144-07,0.35530493688441345,1
TCGA-BH-A0E6-01A-11R-A034-07,0.42515646836335647,1
TCGA-04-1347-01A-01R-1564-13,0.4536612896552198,0
TCGA-NH-A6GB-01A-11R-A37K-07,0.5015369271587843,1
TCGA-50-5072-01A-21R-1858-07,0.5252197359761017,1
TCGA-O2-A52Q-01A-11R-A26W-07,0.4655529235850638,1
TCGA-AC-A23C-01A-12R-A169-07,0.9716633220887705,1
TCGA-TP-A8TV-01A-11R-A41O-07,0.6012334671572517,0
TCGA-63-A5MN-01A-22R-A27Q-07,0.39397921153767207,0
TCGA-OL-A5D6-01A-21R-A27Q-07,0.6994006578273302,1
TCGA-55-8097-01A-11R-2241-07,0.9602160616365021,0
TCGA-EW-A1OX-01A-11R-A144-07,0.8561379595557373,1
TCGA-13-0804-01A-01R-1564-13,0.5954463100707045,1
TCGA-A2-A25D-01A-12R-A16F-07,0.9496090779018689,1
TCGA-24-1549-01A-01R-1566-13,0.730399865830304,1
TCGA-XK-AAJR-01A-11R-A41O-07,0.5633695331782762,1
TCGA-CW-5588-01A-01R-1541-07,0.8546936538608153,1
TCGA-SX-A71V-01A-11R-A33Z-07,0.9144718497368532,1
TCGA-BQ-7049-01A-11R-1965-07,0.7115183557030739,1
TCGA-BQ-5876-01A-11R-1592-07,0.40256574634601855,0
TCGA-B6-A0IJ-01A-11R-A034-07,0.8073439838091698,1
TCGA-55-A491-01A-11R-A24H-07,0.889096361204404,1
TCGA-E2-A1L9-01A-11R-A13Q-07,0.3900751459395478,1
TCGA-44-8117-01A-11R-2241-07,0.8573430561682667,1
TCGA-JY-A93D-01A-11R-A38D-31,0.41404858207222944,1
TCGA-AO-A0J3-01A-11R-A034-07,0.6306308694673697,0
TCGA-A3-A8OU-01A-11R-A37O-07,0.8557182098815548,0
TCGA-63-A5M9-01A-11R-A26W-07,0.5163118387877011,1
TCGA-86-8585-01A-11R-2403-07,0.8686718836995332,0
TCGA-13-0762-01A-01R-1564-13,0.2619341144754523,1
TCGA-KK-A7B4-01A-11R-A32O-07,0.4946790812219622,0
TCGA-MP-A4SV-01A-11R-A24X-07,0.6011722692666357,0
TCGA-LD-A7W5-01A-22R-A352-07,0.5690834488095494,0
TCGA-IZ-A6M8-01A-11R-A31O-07,0.7441060421572239,0
TCGA-CW-5585-01A-01R-1541-07,0.3570282708288284,1
TCGA-BH-A0B2-01A-11R-A10J-07,0.9388584133182715,1
TCGA-AC-A2FK-01A-12R-A180-07,0.5230872301243273,1
TCGA-ER-A19K-01A-21R-A18T-07,0.874204240020658,0
TCGA-DD-A4NR-01A-11R-A311-07,0.5691357566026265,0
TCGA-D8-A27T-01A-11R-A16F-07,0.7073988866819093,1
TCGA-96-7545-01A-21R-2045-07,0.8438887638061756,1
TCGA-21-1081-01A-01R-0692-07,0.7261428801013718,1
TCGA-AR-A2LL-01A-11R-A180-07,0.6891584844889481,1
TCGA-J4-A83M-01A-11R-A352-07,0.8473698679843057,1
TCGA-DD-AADF-01A-11R-A41C-07,0.36506929979229896,1
TCGA-B4-5377-01A-01R-1503-07,0.8019213568427863,1
TCGA-B8-5158-01A-01R-1420-07,0.3329984076962138,1
TCGA-25-1326-01A-01R-1565-13,0.7873012636117028,1
TCGA-DD-A1EB-01A-11R-A131-07,0.7972887543323162,1
TCGA-63-A5MJ-01A-11R-A27Q-07,0.8500450088335904,1
TCGA-B9-4115-01A-01R-1193-07,0.5763623534658199,1
TCGA-B8-4619-01A-02R-1325-07,0.6581742161554294,1
TCGA-AA-3554-01A-01R-0826-07,0.8217904911054932,0
TCGA-2Y-A9H3-01A-11R-A38B-07,0.6066103657220535,1
TCGA-55-7728-01A-11R-2187-07,0.4527380974974189,1
TCGA-BP-5181-01A-01R-1426-07,0.6832710892302336,1
TCGA-DM-A1D8-01A-11R-A155-07,0.8712584625911756,1
TCGA-SX-A71S-01A-11R-A33Z-07,0.8491294051892548,1
TCGA-D8-A1XF-01A-11R-A14D-07,0.48915401686621035,1
TCGA-24-1474-01A-01R-1566-13,0.7762309236652891,1
TCGA-KC-A4BN-01A-61R-A250-07,0.5306573747933684,1
TCGA-A3-3328-01A-01R-0864-07,0.7649535816034934,0
TCGA-HN-A2OB-01A-21R-A27Q-07,0.9373411369450224,1
TCGA-29-1698-01A-01R-1567-13,0.8882212747277517,0
TCGA-20-1686-01A-01R-1566-13,0.7883736641872225,1
TCGA-50-5939-01A-11R-1628-07,0.4898918196639399,1
TCGA-A7-A3J1-01A-11R-A213-07,0.9839506486692697,1
TCGA-36-1570-01A-01R-1566-13,0.9016777720905393,1
TCGA-AA-3521-01A-01R-0821-07,0.7855607317096369,1
TCGA-FC-7708-01A-11R-2118-07,0.5943966191795581,0
TCGA-VG-A8LO-01A-11R-A406-31,0.9399762235635238,1
TCGA-NK-A5CX-01A-11R-A26W-07,0.5241313589745622,1
TCGA-OL-A97C-01A-32R-A41B-07,0.9623346554434838,1
TCGA-E2-A158-01A-11R-A12D-07,0.9198662304918859,1
TCGA-HC-8256-01A-11R-2263-07,0.4834353391645457,1
TCGA-A7-A0CE-01A-11R-A00Z-07,0.45987498395454507,1
TCGA-AR-A1AL-01A-21R-A12P-07,0.7432876240204201,1
TCGA-E2-A3DX-01A-21R-A213-07,0.6926252976838598,1
TCGA-A2-A3XT-01A-11R-A22U-07,0.7447460544697891,0
TCGA-50-8457-01A-11R-2326-07,0.7666113437556874,1
TCGA-LL-A6FQ-01A-11R-A31O-07,0.5050582115183463,1
TCGA-2H-A9GK-01A-11R-A37I-31,0.780550897758575,1
TCGA-G3-A5SM-01A-12R-A28V-07,0.6349923710309286,1
TCGA-AR-A1AX-01A-11R-A12P-07,0.7479782332797659,1
TCGA-A2-A4S3-01A-21R-A266-07,0.54602550441489,1
TCGA-21-A5DI-01A-31R-A26W-07,0.4957476286169424,1
TCGA-24-0966-01A-01R-1564-13,0.4919346009442556,0
TCGA-BH-A0H7-01A-13R-A056-07,0.8219512503194196,1
TCGA-97-7554-01A-11R-2039-07,0.605165350992702,1
TCGA-IB-7886-01A-11R-2156-07,0.6399062246116628,1
TCGA-61-1728-01A-01R-1568-13,0.8003020070969851,1
TCGA-GM-A5PX-01A-12R-A28M-07,0.6787265663295396,1
TCGA-EJ-5494-01A-01R-1580-07,0.5400105706386615,1
TCGA-AZ-6605-01A-11R-1839-07,0.4716108116469969,1
TCGA-GL-A9DE-01A-11R-A37K-07,0.3861699490992246,0
TCGA-Y8-A895-01A-11R-A36F-07,0.4832396924978407,0
TCGA-55-8206-01A-11R-2241-07,0.7025690582760725,0
TCGA-85-8584-01A-11R-2403-07,0.505399375710953,1
TCGA-AZ-4313-01A-01R-1410-07,0.44787940430950335,1
TCGA-EJ-AB20-01A-12R-A41O-07,0.39731360173891833,0
TCGA-43-8116-01A-11R-2247-07,0.49122081631322456,0
TCGA-97-7553-01A-21R-2039-07,0.5088156310410412,1
TCGA-VP-A87B-01A-11R-A352-07,0.8513333267148652,1
TCGA-BH-A0BA-01A-11R-A056-07,0.8828626726528394,1
TCGA-A3-3349-01A-01R-1188-07,0.7247354859777272,0
TCGA-EW-A1OW-01A-21R-A144-07,0.4208774850437132,0
TCGA-L5-A8NW-01A-11R-A37I-31,0.6580569699308775,1
TCGA-EJ-A65M-01A-11R-A29R-07,0.6496928207573541,1
TCGA-E2-A15P-01A-11R-A115-07,0.9558402203429028,1
TCGA-A8-A09G-01A-21R-A00Z-07,0.7267529614199679,1
TCGA-MN-A4N5-01A-11R-A24X-07,0.8678685607313854,0
TCGA-A2-A0YG-01A-21R-A109-07,0.47623354836876985,1
TCGA-BH-A1EY-01A-11R-A13Q-07,0.48623318533541127,1
TCGA-CC-A9FU-01A-11R-A37K-07,0.6925353586024993,1
TCGA-A3-3335-01A-01R-0864-07,0.8898386479154543,1
TCGA-78-7154-01A-11R-2039-07,0.8613998669428786,1
TCGA-69-8255-01A-11R-2287-07,0.9828940736190367,1
TCGA-EJ-5502-01A-01R-1580-07,0.9735203597514315,0
TCGA-AO-A03P-01A-11R-A00Z-07,0.6367085292438786,1
TCGA-22-5478-01A-01R-1635-07,0.7445851750970944,1
TCGA-AA-3858-01A-01R-0905-07,0.687762905915678,0
TCGA-HZ-8317-01A-11R-2404-07,0.5387477166479178,1
TCGA-AQ-A1H2-01A-11R-A13Q-07,0.9733722144825401,1
TCGA-LN-A49R-01A-11R-A24K-31,0.8375817518438801,1
TCGA-24-1464-01A-01R-1566-13,0.9033477646319641,1
TCGA-G3-A5SL-01A-11R-A27V-07,0.6476590010702631,0
TCGA-VR-AA7B-01A-31R-A406-31,0.7386857969077558,1
TCGA-AC-A3QQ-01B-06R-A22O-07,0.5651562574516276,1
TCGA-AR-A24N-01A-11R-A169-07,0.7088258600048,1
TCGA-D5-6531-01A-11R-1723-07,0.9202930465674062,1
TCGA-E9-A244-01A-11R-A169-07,0.7970114713127453,1
TCGA-B0-4852-01A-01R-1503-07,0.49621116462347453,1
TCGA-DD-AAW0-01A-11R-A41C-07,0.6754853758567666,1
TCGA-55-8506-01A-11R-2403-07,0.5630475337239861,1
TCGA-B9-5156-01A-01R-1592-07,0.8955798322027573,1
TCGA-D8-A27F-01A-11R-A16F-07,0.8312730748221134,1
TCGA-B4-5832-01A-11R-1672-07,0.10553684505212114,0
TCGA-CM-5341-01A-01R-1410-07,0.7533228538108903,1
TCGA-91-6831-01A-11R-1858-07,0.8481414210558632,0
TCGA-EJ-5526-01A-01R-1580-07,0.5137775182126169,1
TCGA-VP-A876-01A-11R-A352-07,0.632055910587791,1
TCGA-E2-A576-01A-11R-A31O-07,0.7858868159291049,1
TCGA-J4-AATV-01A-11R-A41O-07,0.8947734014590119,0
TCGA-RC-A7SK-01A-11R-A352-07,0.8640530960474242,1
TCGA-BH-A1F2-01A-31R-A13Q-07,0.4140566322030004,0
TCGA-E2-A1BD-01A-11R-A12P-07,0.7170208036468065,1
TCGA-B8-5551-01A-01R-1541-07,0.9064235862058476,0
TCGA-49-AAR2-01A-11R-A39D-07,0.7320449524148656,0
TCGA-A1-A0SE-01A-11R-A084-07,0.9415483115202505,1
TCGA-D5-6534-01A-21R-1928-07,0.8104374265433918,1
TCGA-A7-A426-01A-22R-A24H-07,0.9502589450337497,1
TCGA-56-8503-01A-11R-2403-07,0.4755450045760119,1
TCGA-B1-A654-01A-11R-A31O-07,0.5757019781217445,1
TCGA-AA-A029-01A-01R-A00A-07,0.48993873953158307,1
TCGA-D8-A27K-01A-11R-A16F-07,0.9748353263562698,1
TCGA-BP-4991-01A-01R-1334-07,0.790082875624407,1
TCGA-24-1428-01A-01R-1564-13,0.7738639463435221,1
TCGA-10-0928-01A-02R-1564-13,0.8114591571402101,1
TCGA-M7-A71Y-01A-22R-A32O-07,0.5039143699298826,1
TCGA-G4-6299-01A-11R-1774-07,0.5321090703213557,1
TCGA-AK-3453-01A-02R-1277-07,0.5847804592921197,1
TCGA-E9-A247-01A-11R-A169-07,0.7378101224173836,1
TCGA-5P-A9K3-01A-11R-A42S-07,0.9378761156245395,1
TCGA-DD-A1EI-01A-11R-A131-07,0.9083493118376399,1
TCGA-B0-4823-01A-02R-1420-07,0.5981071100092454,1
TCGA-A2-A0CL-01A-11R-A115-07,0.912556023848111,1
TCGA-VN-A88O-01A-11R-A352-07,0.6490830030240273,1
TCGA-A6-3810-01A-01R-1022-07,0.7747812483144091,1
TCGA-60-2724-01A-01R-0851-07,0.44309769178829495,1
TCGA-B3-3925-01A-02R-1351-07,0.8731517276207849,1
TCGA-G3-A7M8-01A-11R-A33R-07,0.632758390003477,1
TCGA-AR-A5QP-01A-11R-A28M-07,0.9328873939419823,1
TCGA-CH-5767-01A-11R-1789-07,0.4880874436674003,1
TCGA-AR-A24S-01A-11R-A169-07,0.5021579698115952,0
TCGA-BH-A1FE-01A-11R-A13Q-07,0.4285312270068476,0
TCGA-EJ-7782-01A-11R-2118-07,0.8416709569727003,1
TCGA-55-8094-01A-11R-2241-07,0.7007107985418101,0
TCGA-77-8145-01A-11R-2247-07,0.884116096136326,1
TCGA-AA-3851-01A-01R-1022-07,0.7600368135552772,1
TCGA-L5-A8NI-01A-11R-A37I-31,0.814779294306921,1
TCGA-2J-AABP-01A-11R-A41B-07,0.7931703424770764,1
TCGA-AC-A3YJ-01A-11R-A22U-07,0.635313863287175,1
TCGA-25-1877-01A-01R-1567-13,0.3997897956688509,1
TCGA-AR-A2LE-01A-11R-A180-07,0.42721775274355944,0
TCGA-B0-4847-01A-01R-1277-07,0.7989816961772414,1
TCGA-BH-A0E1-01A-11R-A056-07,0.9196463373146022,1
TCGA-21-5784-01A-01R-1635-07,0.7998132168746145,0
TCGA-KK-A7AQ-01A-11R-A33R-07,0.6510191771199871,1
TCGA-DD-AAE3-01A-11R-A41C-07,0.7001981545195949,1
TCGA-93-A4JQ-01A-11R-A24X-07,0.850662080999551,1
TCGA-AC-A3TN-01A-11R-A22K-07,0.9229328422818454,1
TCGA-VR-A8Q7-01A-11R-A37I-31,0.6609136711237693,1
TCGA-HC-8259-01A-11R-2263-07,0.5386556665843948,1
TCGA-AO-A12A-01A-21R-A115-07,0.6571250579093739,0
TCGA-66-2742-01A-01R-0980-07,0.45266200046535376,1
TCGA-KC-A4BV-01A-31R-A26U-07,0.8797072064098128,1
TCGA-Y8-A8S0-01A-11R-A37K-07,0.4613302189398563,1
TCGA-YL-A8SF-01A-11R-A37L-07,0.702809634983055,1
TCGA-24-1567-01A-01R-1566-13,0.7675339414443029,1
TCGA-BH-A0H6-01A-21R-A056-07,0.6392173891234911,0
TCGA-BP-5186-01A-01R-1426-07,0.8999327921841315,1
TCGA-B0-4699-01A-01R-1277-07,0.736537772836233,1
TCGA-OY-A56Q-01A-11R-A406-31,0.5783023448753938,1
TCGA-B0-4836-01A-01R-1305-07,0.9098383630780298,1
TCGA-HZ-A49I-01A-12R-A26U-07,0.8443960133242403,1
TCGA-J7-8537-01A-11R-2404-07,0.6924162490228688,0
TCGA-SX-A7SS-01A-11R-A36F-07,0.8232402116124317,1
TCGA-CM-6161-01A-11R-1653-07,0.5576772843925575,1
TCGA-66-2753-01A-01R-0980-07,0.5681802177348214,1
TCGA-A3-3343-01A-01R-0864-07,0.6785444007779644,1
TCGA-24-1930-01A-01R-1567-13,0.873543984224804,1
TCGA-A2-A0T7-01A-21R-A084-07,0.9311446084611502,1
TCGA-75-6203-01A-11R-1755-07,0.4505156831936494,1
TCGA-CZ-5989-01A-11R-1672-07,0.15876064332026904,1
TCGA-DD-AAVP-01A-11R-A41C-07,0.8532347285349428,0
TCGA-MH-A562-01A-11R-A26U-07,0.8957702927209549,0
TCGA-AC-A2FE-01A-11R-A19W-07,0.656357228442205,1
TCGA-ZG-A8QZ-01A-11R-A37L-07,0.9137752164374571,1
TCGA-B8-A54J-01A-11R-A33J-07,0.8977946714313062,0
TCGA-CM-6675-01A-11R-1839-07,0.8810423179440368,0
TCGA-A2-A0D1-01A-11R-A034-07,0.601010314204702,1
TCGA-UZ-A9PZ-01A-11R-A42S-07,0.8245603493470102,0
TCGA-LN-A9FR-01A-11R-A38D-31,0.8025333018971422,1
TCGA-CZ-5458-01A-01R-1503-07,0.9163021499658593,1
TCGA-IB-A5SQ-01A-11R-A32O-07,0.5814965282881942,1
TCGA-EB-A1NK-01A-11R-A18T-07,0.7826500307427947,1
TCGA-BF-A1PX-01A-12R-A18T-07,0.5474386202900328,1
TCGA-MH-A855-01A-11R-A355-07,0.4697788367356435,1
TCGA-DZ-6131-01A-11R-1965-07,0.673984260779312,1
TCGA-CJ-4875-01A-01R-1305-07,0.6500168629841329,1
TCGA-BP-4787-01A-01R-1305-07,0.8936348221113317,1
TCGA-X4-A8KQ-01A-12R-A36G-07,0.7140800147871055,1
TCGA-CZ-4862-01A-01R-1305-07,0.9227990110097435,1
TCGA-E2-A14Y-01A-21R-A12D-07,0.35979024223575884,1
TCGA-B0-5100-01A-01R-1420-07,0.8972263796729598,0
TCGA-EB-A42Y-01A-12R-A24X-07,0.9643326049605089,1
TCGA-25-2399-01A-01R-1569-13,0.7855303069160039,1
TCGA-EB-A42Z-01A-12R-A24X-07,0.43898157693168405,1
TCGA-66-2755-01A-01R-0851-07,0.8539854403264555,1
TCGA-A6-2677-01B-02R-A277-07,0.5608078459076337,1
TCGA-25-2400-01A-01R-1569-13,0.8707662970961781,0
TCGA-O2-A52S-01A-11R-A262-07,0.7213580886295166,1
TCGA-09-2054-01A-01R-1568-13,0.7548334031257484,1
TCGA-BC-A10Y-01A-11R-A131-07,0.7135317154499928,1
TCGA-22-5481-01A-31R-1949-07,0.730706657194574,1
TCGA-A2-A0D3-01A-11R-A115-07,0.8990268089613974,1
TCGA-55-8505-01A-11R-2403-07,0.5297507400550264,1
TCGA-CJ-4636-01A-02R-1325-07,0.9184591079619077,1
TCGA-13-0797-01A-01R-1564-13,0.5609139454800328,1
TCGA-AA-A03J-01A-21R-A16W-07,0.6140607908650296,0
TCGA-VP-A872-01A-11R-A352-07,0.6906630245096437,1
TCGA-XR-A8TF-01A-11R-A36F-07,0.511593729779783,1
TCGA-EP-A2KA-01A-11R-A180-07,0.5356199214436418,1
TCGA-25-1314-01A-01R-1565-13,0.7520367823493355,1
TCGA-64-5778-01A-01R-1628-07,0.5984195477589324,1
TCGA-04-1356-01A-01R-1569-13,0.7486679800866433,1
TCGA-46-3766-01A-01R-0980-07,0.80151907475209,0
TCGA-78-7535-01A-11R-2066-07,0.5163001025990217,1
TCGA-HZ-7919-01A-11R-2156-07,0.645819198114611,1
TCGA-DW-7841-01A-11R-A32Z-07,0.9021708989865265,1
TCGA-AA-3538-01A-01R-0821-07,0.8249043902611508,1
TCGA-ZG-A9L5-01A-12R-A41O-07,0.44769119352488995,0
TCGA-DD-A39Z-01A-11R-A213-07,0.35804893339347876,1
TCGA-GM-A3NY-01A-11R-A21T-07,0.7001471027454547,1
TCGA-S4-A8RO-01A-12R-A37L-07,0.9144121651317598,1
TCGA-E2-A573-01A-11R-A29R-07,0.7529138117932441,1
TCGA-G3-A3CG-01A-11R-A213-07,0.6044955532199399,1
TCGA-PL-A8LZ-01A-31R-A36F-07,0.7793908583800606,1
TCGA-39-5011-01A-01R-1443-07,0.8346691574473808,1
TCGA-G3-AAV5-01A-11R-A37K-07,0.5180042926317348,1
TCGA-A3-3313-01A-02R-1325-07,0.8437636229277943,0
TCGA-UZ-A9PR-01A-11R-A42S-07,0.5495070853022707,1
TCGA-BQ-5887-01A-11R-1965-07,0.6353390955607813,1
TCGA-49-AARQ-01A-11R-A41B-07,0.7949955602894996,1
TCGA-AA-3488-01A-01R-1410-07,0.384044914173598,1
TCGA-S3-AA0Z-01A-11R-A41B-07,0.6404767266742845,0
TCGA-FB-A78T-01A-12R-A32O-07,0.6699419514919613,1
TCGA-09-1659-01B-01R-1564-13,0.5570872348776288,1
TCGA-55-8096-01A-11R-2241-07,0.8446989963080548,1
TCGA-DD-AACQ-01A-11R-A41C-07,0.4840746121481063,1
TCGA-CC-5260-01A-01R-A131-07,0.9841521192771936,1
TCGA-E2-A14S-01A-11R-A12D-07,0.71047545614281,1
TCGA-B6-A0WT-01A-11R-A109-07,0.4808320805356779,1
TCGA-BQ-7048-01A-11R-1965-07,0.5855918660502936,0
TCGA-56-A62T-01A-11R-A405-07,0.49110528874438986,0
TCGA-EB-A3XD-01A-22R-A239-07,0.9582907780778505,1
TCGA-DD-AACZ-01A-11R-A41C-07,0.7321589129479482,1
TCGA-CC-A1HT-01A-11R-A131-07,0.6139388713061321,1
TCGA-B2-5633-01A-01R-1541-07,0.6646518913490087,0
TCGA-D5-5541-01A-01R-1653-07,0.5644813149598111,1
TCGA-BC-A217-01A-11R-A155-07,0.896575923610157,1
TCGA-E2-A106-01A-11R-A10J-07,0.9331431905541151,0
TCGA-A2-A0D4-01A-11R-A00Z-07,0.5816648467368604,1
TCGA-BP-4768-01A-01R-1289-07,0.858603871677776,1
TCGA-HC-7750-01A-11R-2118-07,0.7301662332629512,1
TCGA-C8-A1HI-01A-11R-A137-07,0.7951536087963105,1
TCGA-64-5815-01A-01R-1628-07,0.5294041232463624,1
TCGA-EW-A1P5-01A-11R-A144-07,0.3852631572306771,1
TCGA-DD-AADK-01A-11R-A41C-07,0.9255160698342535,1
TCGA-BP-4174-01A-02R-1289-07,0.7421343423189364,1
TCGA-22-5482-01A-01R-1635-07,0.796987539113847,1
TCGA-CA-5256-01A-01R-1410-07,0.5708240385488964,0
TCGA-36-1571-01A-01R-1566-13,0.7033366012302442,1
TCGA-13-0714-01A-01R-1564-13,0.3855103734713227,0
TCGA-97-8172-01A-11R-2287-07,0.7985452081009692,1
TCGA-ZG-A9L9-01A-11R-A41O-07,0.6680161161168371,1
TCGA-E2-A159-01A-11R-A115-07,0.5257029505944643,1
TCGA-BP-5187-01A-01R-1426-07,0.6819113150780627,1
TCGA-DZ-6132-01A-11R-1965-07,0.9634449318470484,1
TCGA-A6-6649-01A-11R-1774-07,0.6226867681831573,1
TCGA-60-2722-01A-01R-0851-07,0.38279960432155596,0
TCGA-24-2033-01A-01R-1568-13,0.603349767424387,1
TCGA-CH-5739-01A-11R-1580-07,0.5596536328253897,0
TCGA-EJ-A6RC-01A-11R-A32O-07,0.7410297502494217,1
TCGA-V5-AASW-01A-11R-A406-31,0.5609148946380249,0
TCGA-86-8280-01A-11R-2287-07,0.9310489534443988,0
TCGA-73-7499-01A-11R-2187-07,0.4479197041609317,1
TCGA-DM-A1DA-01A-11R-A155-07,0.7387463199258043,1
TCGA-ED-A7XO-01A-11R-A352-07,0.6964226937186895,1
TCGA-35-4123-01A-01R-1107-07,0.8462779342999349,0
TCGA-CJ-4639-01A-02R-1325-07,0.2945117486738508,1
TCGA-35-4122-01A-01R-1107-07,0.8229558013538901,0
TCGA-AC-A7VC-01A-11R-A352-07,0.46547531588204705,0
TCGA-A8-A08X-01A-21R-A00Z-07,0.9015497714551605,0
TCGA-XK-AAIR-01A-11R-A41O-07,0.4169308762676059,1
TCGA-BH-A0B3-01A-11R-A056-07,0.48603495458728174,1
TCGA-BH-A1EV-01A-11R-A137-07,0.3949877178122091,1
TCGA-AA-3982-01A-02R-1022-07,0.7274052839028364,1
TCGA-86-6562-01A-11R-1755-07,0.5552759682862357,1
TCGA-EJ-5496-01A-01R-1580-07,0.48616178399731946,1
TCGA-B6-A400-01A-11R-A239-07,0.8163881748785564,0
TCGA-BF-A5ES-01A-11R-A27Q-07,0.5582439756322561,1
TCGA-F4-6854-01A-11R-1928-07,0.8843445986251584,1
TCGA-10-0938-01A-02R-1564-13,0.38195481439814766,0
TCGA-D8-A1XW-01A-11R-A14M-07,0.40700780836275463,1
TCGA-55-8089-01A-11R-2241-07,0.5048055171444816,1
TCGA-43-3920-01A-01R-0980-07,0.8177773322909142,0
TCGA-AA-3660-01A-01R-1723-07,0.8654560735050042,1
TCGA-24-0970-01B-01R-1565-13,0.8908454876856944,0
TCGA-24-2298-01A-01R-1569-13,0.8841294528660093,1
TCGA-EJ-A46G-01A-31R-A26U-07,0.49698689576950716,0
TCGA-A8-A093-01A-11R-A00Z-07,0.9040005328897054,1
TCGA-A7-A26I-01B-06R-A22O-07,0.39030321597445544,1
TCGA-24-1842-01A-01R-1567-13,0.8230056157858593,1
TCGA-LB-A8F3-01A-11R-A36G-07,0.856412058691549,1
TCGA-95-7567-01A-11R-2066-07,0.6189581203300538,1
TCGA-BH-A0EE-01A-11R-A034-07,0.5639766628303169,1
TCGA-55-7911-01A-11R-2170-07,0.5470117037879061,1
TCGA-B2-5641-01A-01R-1541-07,0.6250830700631005,0
TCGA-CH-5790-01A-11R-1580-07,0.8720592385650336,1
TCGA-90-7766-01A-21R-2125-07,0.40002666556375377,1
TCGA-AA-3818-01A-01R-0905-07,0.6105879052825756,0
TCGA-NC-A5HL-01A-11R-A26W-07,0.687105100851516,1
TCGA-23-1120-01A-02R-1565-13,0.8875268184471,1
TCGA-A8-A06N-01A-11R-A00Z-07,0.5065787854161342,0
TCGA-24-1427-01A-01R-1565-13,0.8699914335320296,1
TCGA-DM-A285-01A-11R-A16W-07,0.9469659219904065,0
TCGA-B6-A0RP-01A-21R-A084-07,0.6778813326800668,1
TCGA-77-8130-01A-11R-2247-07,0.43419275252002426,1
TCGA-85-7843-01A-11R-2125-07,0.5160034997106479,0
TCGA-22-1002-01A-01R-0692-07,0.8542512824087877,1
TCGA-L5-A4OU-01A-11R-A28J-31,0.8460539520644289,1
TCGA-44-3918-01B-02R-A277-07,0.4241247532174849,1
TCGA-EJ-5503-01A-01R-1580-07,0.903951543798515,1
TCGA-B9-4113-01A-01R-1193-07,0.8327041773326588,1
TCGA-55-6642-01A-11R-1858-07,0.5282525444352202,1
TCGA-22-4604-01A-01R-1201-07,0.8256820094300277,1
TCGA-69-8253-01A-11R-2287-07,0.4404469355709877,0
TCGA-43-A475-01A-11R-A24H-07,0.7339772269024998,1
TCGA-13-0893-01B-01R-1565-13,0.8542538579942585,1
TCGA-ZG-A9MC-01A-31R-A41O-07,0.572299265799494,1
TCGA-FB-AAQ3-01A-11R-A41B-07,0.46718648522118383,0
TCGA-30-1861-01A-01R-1568-13,0.7522905314635903,1
TCGA-A8-A0A4-01A-11R-A00Z-07,0.9462039522830881,1
TCGA-V1-A9ZI-01A-11R-A41O-07,0.6459655756921134,1
TCGA-AA-A01S-01A-21R-A083-07,0.7314594437949713,1
TCGA-J4-A6G1-01A-11R-A311-07,0.9127113919685659,1
TCGA-DD-AAD5-01A-11R-A41C-07,0.5380861760749595,0
TCGA-44-7661-01A-11R-2066-07,0.8931613491118156,1
TCGA-FV-A23B-01A-11R-A16W-07,0.8990124689676386,1
TCGA-E2-A1B1-01A-21R-A12P-07,0.8014697602147495,1
TCGA-EJ-A65D-01A-11R-A30B-07,0.8571713495389797,1
TCGA-CA-5796-01A-01R-1653-07,0.8836052706548353,1
TCGA-AY-6196-01A-11R-1723-07,0.8266464150207877,1
TCGA-KK-A6E2-01A-11R-A311-07,0.5729405386721356,1
TCGA-05-4384-01A-01R-1755-07,0.439907513720556,1
TCGA-D8-A1XD-01A-11R-A14D-07,0.8133815280817692,1
TCGA-T1-A6J8-01A-11R-A32O-07,0.8620123977956984,0
TCGA-A2-A0SU-01A-11R-A084-07,0.9173296057572815,1
TCGA-62-A46R-01A-11R-A24H-07,0.9553579660346763,1
TCGA-2J-AAB1-01A-11R-A41B-07,0.8773709527415113,1
TCGA-61-2102-01A-01R-1568-13,0.7720394373468,1
TCGA-BQ-5891-01A-11R-1592-07,0.4316389439810767,1
TCGA-78-7160-01A-11R-2039-07,0.5870141347276139,1
TCGA-AZ-4614-01A-01R-1410-07,0.622164054321746,0
TCGA-CM-6676-01A-11R-1839-07,0.8873946238152527,1
TCGA-LN-A49W-01A-11R-A260-31,0.9404126481047598,1
TCGA-A2-A0EY-01A-11R-A034-07,0.3827589393786776,1
TCGA-CJ-4869-01A-02R-1426-07,0.3220583286688594,1
TCGA-F2-A8YN-01A-11R-A37L-07,0.5578976865388529,1
TCGA-EW-A6SC-01A-12R-A32P-07,0.7760714132150237,1
TCGA-77-A5G1-01A-11R-A27Q-07,0.7940569037231153,1
TCGA-V1-A9ZR-01A-11R-A41O-07,0.8811126239242819,1
TCGA-KK-A8I9-01A-11R-A36G-07,0.6214075021653731,0
TCGA-CC-A3MB-01A-11R-A213-07,0.8757070912801277,1
TCGA-B2-5635-01A-01R-1541-07,0.5174545091272308,1
TCGA-AA-3662-01A-01R-1723-07,0.8152876033347805,1
TCGA-S3-AA15-01A-11R-A41B-07,0.8101272141571763,1
TCGA-B8-4154-01A-01R-1188-07,0.36677489749860726,1
TCGA-43-A474-01A-11R-A24H-07,0.7461766947926409,1
TCGA-13-0800-01A-01R-1564-13,0.5060922773326527,1
TCGA-L9-A50W-01A-12R-A39D-07,0.45196982928030444,1
TCGA-B6-A1KF-01A-11R-A13Q-07,0.5711093986179013,0
TCGA-22-1011-01A-01R-0692-07,0.8980667865723682,1
TCGA-AA-3833-01A-01R-0905-07,0.7458592818021764,1
TCGA-22-4605-01A-21R-2125-07,0.5341372186202312,1
TCGA-52-7810-01A-11R-2125-07,0.500427352754903,1
TCGA-64-1678-01A-01R-0946-07,0.3209398757430859,1
TCGA-IB-7645-01A-22R-2204-07,0.6491222337448957,1
TCGA-A2-A0EP-01A-52R-A22U-07,0.39422744006510446,1
TCGA-AA-A00Z-01A-01R-A002-07,0.6196739911259069,1
TCGA-E2-A9RU-01A-11R-A41B-07,0.8021440406159379,0
TCGA-BP-5184-01A-01R-1426-07,0.6584952263348215,1
TCGA-73-4670-01A-01R-1206-07,0.535353010079213,1
TCGA-AA-3679-01A-02R-0905-07,0.7009051347719951,1
TCGA-CM-5348-01A-21R-1723-07,0.586843262895816,1
TCGA-2A-A8W3-01A-11R-A37L-07,0.8640311634085612,0
TCGA-MH-A857-01A-11R-A355-07,0.5876765714814323,1
TCGA-E2-A1LG-01A-21R-A14M-07,0.6135692972545053,0
TCGA-05-4418-01A-01R-1206-07,0.5937976410749679,1
TCGA-83-5908-01A-21R-2287-07,0.5560813887156348,0
TCGA-G3-A5SJ-01A-11R-A27V-07,0.8701493449842105,1
TCGA-13-0901-01B-01R-1565-13,0.5704510962825246,1
TCGA-B0-5088-01A-01R-1334-07,0.7205090945748975,1
TCGA-AR-A0TU-01A-31R-A109-07,0.8927560110373851,0
TCGA-29-1770-01A-01R-1567-13,0.4034444995319656,1
TCGA-AA-3855-01A-01R-1022-07,0.6953553399227699,1
TCGA-B0-5402-01A-01R-1503-07,0.7333013028938631,1
TCGA-DD-AACD-01A-11R-A41C-07,0.5426384953334866,1
TCGA-UB-A7MB-01A-11R-A33R-07,0.876092024466259,0
TCGA-J9-A52B-01A-11R-A26U-07,0.8814599103140758,1
TCGA-13-0908-01B-01R-1565-13,0.8896386183414614,1
TCGA-AS-3777-01A-01R-0864-07,0.8464066701809168,0
TCGA-L5-A8NU-01A-11R-A36D-31,0.46517655279801,1
TCGA-BH-A0W5-01A-11R-A109-07,0.9378533892745811,1
TCGA-L5-A4OE-01A-11R-A260-31,0.6960169942063632,1
TCGA-29-1705-01A-01R-1567-13,0.9314429608184752,1
TCGA-AA-A024-01A-02R-A00A-07,0.6744672593335701,1
TCGA-13-0799-01A-01R-1564-13,0.32527800707436855,1
TCGA-AR-A24L-01A-11R-A169-07,0.9184271144238844,1
TCGA-CZ-5463-01A-01R-1503-07,0.8166560931486714,1
TCGA-G7-A4TM-01A-11R-A31O-07,0.6110097591178663,1
TCGA-5P-A9KH-01A-11R-A42S-07,0.42899473314714665,1
TCGA-E9-A249-01A-11R-A169-07,0.9745259196872498,1
TCGA-J2-A4AD-01A-11R-A24H-07,0.9037960388111416,1
TCGA-BP-4961-01A-01R-1334-07,0.4139299946403547,1
TCGA-DD-AADB-01A-11R-A41C-07,0.7641534861777541,1
TCGA-B6-A0X4-01A-11R-A109-07,0.5659378415412184,0
TCGA-80-5611-01A-01R-1628-07,0.5153118605585844,1
TCGA-A8-A06O-01A-11R-A00Z-07,0.6289484163825674,1
TCGA-B0-4690-01A-01R-1277-07,0.7567547059638108,1
TCGA-A8-A07C-01A-11R-A034-07,0.8200736468092393,1
TCGA-23-1032-01A-02R-1564-13,0.38746536725324066,1
TCGA-CM-6167-01A-11R-1653-07,0.6470957175503969,1
TCGA-D8-A142-01A-11R-A115-07,0.9486873364608936,1
TCGA-A3-A8OV-01A-11R-A37O-07,0.6247505138190267,1
TCGA-A8-A094-01A-11R-A00Z-07,0.8198415593210097,0
TCGA-HC-A8D0-01A-11R-A36G-07,0.7168062009487386,1
TCGA-M9-A5M8-01A-11R-A28J-31,0.5767364991429178,1
TCGA-DD-AACS-01A-11R-A41C-07,0.5489248057215016,1
TCGA-22-4593-01A-21R-1820-07,0.8178629371058397,0
TCGA-E9-A1RB-01A-11R-A157-07,0.9254437829255765,1
TCGA-86-A456-01A-11R-A24H-07,0.5129520821828507,0
TCGA-AR-A24H-01A-11R-A169-07,0.5720643646025211,1
TCGA-OL-A5D7-01A-11R-A27Q-07,0.6195504735724843,0
TCGA-85-A511-01A-21R-A262-07,0.48641702154127026,0
TCGA-49-AAR9-01A-21R-A41B-07,0.7776557346254407,0
TCGA-13-1496-01A-01R-1565-13,0.6038316350092906,0
TCGA-60-2695-01A-01R-0851-07,0.7864966076287158,0
TCGA-YL-A8SH-01B-11R-A37L-07,0.6796257651787423,1
TCGA-23-1026-01B-01R-1569-13,0.8651145783637028,0
TCGA-AA-3684-01A-02R-0905-07,0.7317711789929027,1
TCGA-97-8174-01A-11R-2287-07,0.9445964765075264,1
TCGA-A3-3308-01A-02R-1325-07,0.6003071587650266,1
TCGA-DD-A3A4-01A-11R-A22L-07,0.43257415594935184,1
TCGA-AR-A2LO-01A-31R-A18M-07,0.9468403560899528,0
TCGA-64-1679-01A-21R-2066-07,0.7997355578510776,1
TCGA-56-8623-01A-11R-A28V-07,0.9178097998128332,1
TCGA-69-A59K-01A-11R-A262-07,0.5536772688866134,0
TCGA-13-0766-01A-02R-1564-13,0.36284361581418867,1
TCGA-61-2016-01A-01R-1568-13,0.9003043379022391,1
TCGA-XV-AAZV-01A-11R-A40A-07,0.8576348648921722,1
TCGA-AA-A01Q-01A-01R-A002-07,0.6515197896410808,1
TCGA-A2-A25C-01A-11R-A169-07,0.9714281261325248,1
TCGA-24-1849-01A-01R-1567-13,0.9539544521077641,1
TCGA-LL-A5YM-01A-11R-A28M-07,0.41774796277597925,1
TCGA-23-2081-01A-01R-1568-13,0.840319704305314,1
TCGA-BP-4975-01A-01R-1334-07,0.8685697245825973,1
TCGA-B8-5165-01A-01R-1420-07,0.6112556160668995,0
TCGA-SX-A7SR-01A-12R-A36F-07,0.46564920854741615,1
TCGA-AR-A24M-01A-11R-A169-07,0.4458683377333762,1
TCGA-LL-A6FR-01A-12R-A31O-07,0.8508515273100102,1
TCGA-IB-A5SS-01A-11R-A32O-07,0.7417912759326939,1
TCGA-EJ-AB27-01A-11R-A41O-07,0.922208342700686,1
TCGA-37-3789-01A-01R-0980-07,0.8088939001197346,1
TCGA-AA-A01F-01A-01R-A002-07,0.6193281573172325,1
TCGA-VR-A8EY-01A-11R-A36D-31,0.5544103839210395,1
TCGA-CK-5913-01A-11R-1653-07,0.576135723882662,0
TCGA-A3-3319-01A-02R-1325-07,0.8372065622853316,0
TCGA-77-8007-01A-11R-2187-07,0.9354035212267112,0
TCGA-24-1434-01A-01R-1566-13,0.6982410444974986,1
TCGA-L5-A4OQ-01A-11R-A260-31,0.7310570765813084,1
TCGA-IG-A3YC-01A-11R-A24K-31,0.8881138672466004,1
TCGA-BH-A0DV-01A-21R-A12P-07,0.6725290146459247,1
TCGA-C8-A12N-01A-11R-A115-07,0.9206083802715614,1
TCGA-KC-A7F6-01A-11R-A33R-07,0.9232374232328147,1
TCGA-DM-A28E-01A-11R-A32Y-07,0.7175506781471926,0
TCGA-85-8048-01A-11R-2247-07,0.45538141316520514,1
TCGA-55-8614-01A-11R-2403-07,0.5086968038763281,1
TCGA-L5-A4OH-01A-11R-A260-31,0.8770702263681235,0
TCGA-AO-A0JJ-01A-11R-A056-07,0.914132815967519,1
TCGA-DM-A282-01A-12R-A16W-07,0.7691195766759421,1
TCGA-64-5775-01A-01R-1628-07,0.49206189321747296,1
TCGA-EJ-5511-01A-01R-1580-07,0.4086393801131851,1
TCGA-E2-A1LE-01A-12R-A19W-07,0.4114966755192889,1
TCGA-E9-A1NH-01A-11R-A14D-07,0.751195033928641,0
TCGA-55-8302-01A-11R-2326-07,0.49547806188864907,1
TCGA-O2-A52N-01A-11R-A26W-07,0.89622995325379,0
TCGA-AA-3495-01A-01R-1410-07,0.7232427280890875,1
TCGA-A7-A13H-01A-11R-A22K-07,0.7165440157559748,0
TCGA-JY-A6FE-01A-11R-A336-31,0.6074367329661039,1
TCGA-HC-7210-01A-11R-2118-07,0.4983225332149001,1
TCGA-L5-A88T-01A-11R-A354-31,0.6178876230064989,0
TCGA-BP-4998-01A-01R-1334-07,0.9261224136287343,1
TCGA-S3-A6ZG-01A-22R-A32P-07,0.37533032309920805,1
TCGA-B0-5692-01A-11R-1541-07,0.5085691471694817,1
TCGA-ZG-A8QY-01A-11R-A37L-07,0.5570271118302033,1
TCGA-A1-A0SG-01A-11R-A144-07,0.9036787152635515,0
TCGA-64-5774-01A-01R-1628-07,0.8159092376364254,1
TCGA-L5-A8NM-01A-11R-A37I-31,0.6481861877935967,1
TCGA-AO-A12D-01A-11R-A115-07,0.5526540715816743,1
TCGA-39-5024-01A-21R-1820-07,0.8846801190591219,1
TCGA-AA-A01K-01A-01R-A00A-07,0.7957055683484171,0
TCGA-AA-3973-01A-01R-1022-07,0.7961500694892947,1
TCGA-22-5485-01A-01R-1635-07,0.7584474934146549,1
TCGA-50-5941-01A-11R-1755-07,0.6017942658963984,0
TCGA-C8-A12K-01A-21R-A115-07,0.7864007741331541,1
TCGA-MH-A55Z-01A-11R-A26U-07,0.5544071680068539,1
TCGA-BH-A0H3-01A-11R-A12P-07,0.712841209596483,1
TCGA-CJ-4890-01A-01R-1305-07,0.7206367149535299,0
TCGA-85-8072-01A-31R-2247-07,0.7604806100040132,0
TCGA-5M-AATA-01A-31R-A41B-07,0.5286595192829711,0
TCGA-C8-A1HK-01A-21R-A13Q-07,0.3774451985114654,1
TCGA-AN-A0XP-01A-11R-A109-07,0.4421219476819121,1
TCGA-39-5028-01A-01R-1443-07,0.8676064314667188,0
TCGA-ZG-A9L6-01A-11R-A41O-07,0.8837758003841463,1
TCGA-AO-A03V-01A-11R-A115-07,0.9332735885303984,1
TCGA-CJ-4895-01A-01R-1305-07,0.9758489485780306,1
TCGA-BC-A10T-01A-11R-A131-07,0.3141809199991239,0
TCGA-AR-A24K-01A-11R-A169-07,0.585781589541887,0
TCGA-A8-A06Z-01A-11R-A00Z-07,0.9566782436795703,1
TCGA-A6-6654-01A-21R-1839-07,0.5626298712864053,1
TCGA-G9-6373-01A-11R-1789-07,0.6582088229234367,1
TCGA-DD-A116-01A-11R-A131-07,0.583001045771696,0
TCGA-VR-A8EQ-01A-11R-A36D-31,0.47516017779373493,1
TCGA-R6-A6L6-01B-11R-A336-31,0.4519134594193373,1
TCGA-55-A493-01A-11R-A24H-07,0.5868752189338742,1
TCGA-ES-A2HS-01A-11R-A180-07,0.3787724566913459,1
TCGA-KK-A8I8-01A-11R-A36G-07,0.5193744654393804,1
TCGA-L5-A4OI-01A-11R-A36D-31,0.7274756478807678,1
TCGA-43-6143-01A-11R-1820-07,0.911846597256437,1
TCGA-HC-7080-01A-11R-1965-07,0.9158252221800848,1
TCGA-FV-A4ZQ-01A-11R-A266-07,0.6701527592734,0
TCGA-A3-3374-01A-02R-1325-07,0.6557787688085107,0
TCGA-IG-A3QL-01A-11R-A24K-31,0.4148545727337402,0
TCGA-PL-A8LV-01A-21R-A41B-07,0.5350439409890537,1
TCGA-HC-A9TE-01A-11R-A41O-07,0.5890048388227092,1
TCGA-G4-6321-01A-11R-1723-07,0.34145467520842904,1
TCGA-23-1030-01A-02R-1564-13,0.3029082489141189,1
TCGA-FB-AAQ2-01A-31R-A41B-07,0.6897244179718749,1
TCGA-A2-A0CY-01A-12R-A034-07,0.5794287801546852,1
TCGA-AN-A046-01A-21R-A034-07,0.3752534916574173,1
TCGA-BH-A0B4-01A-11R-A00Z-07,0.8265010805316466,1
TCGA-24-0982-01A-01R-1565-13,0.5887511716485756,1
TCGA-AR-A0TY-01A-12R-A115-07,0.7672142942310469,0
TCGA-WS-AB45-01A-11R-A41B-07,0.8854800293926324,0
TCGA-37-4135-01A-01R-1100-07,0.5704180821793184,1
TCGA-EW-A1P0-01A-11R-A144-07,0.757272239663879,1
TCGA-A2-A04Y-01A-21R-A034-07,0.8851502217379675,1
TCGA-ZP-A9D4-01A-11R-A37K-07,0.9098623828933057,1
TCGA-AC-A23H-01A-11R-A157-07,0.763803809274162,1
TCGA-A8-A07G-01A-11R-A034-07,0.7712706983619485,0
TCGA-63-A5MT-01A-21R-A26W-07,0.5004697249562488,1
TCGA-05-5428-01A-01R-1628-07,0.7653929599105003,1
TCGA-V1-A9OQ-01A-11R-A41O-07,0.6157631383825534,1
TCGA-CZ-5454-01A-01R-1503-07,0.6865913769400626,0
TCGA-2J-AABK-01A-31R-A41B-07,0.5072655103639029,1
TCGA-L5-A893-01A-11R-A36D-31,0.8921661534126564,1
TCGA-CW-5587-01A-01R-1541-07,0.747848626365942,1
TCGA-CH-5766-01A-11R-1580-07,0.5617004763409554,0
TCGA-E9-A1NI-01A-11R-A14D-07,0.5317474422174575,1
TCGA-46-3767-01A-01R-0980-07,0.5377582595824754,0
TCGA-85-7710-01A-11R-2125-07,0.4549887827714693,1
TCGA-A2-A1G1-01A-21R-A13Q-07,0.45722744002181304,1
TCGA-AZ-6603-01A-11R-1839-07,0.9291707558368836,1
TCGA-BP-5180-01A-01R-1426-07,0.827628554634459,1
TCGA-HC-7213-01A-11R-2118-07,0.7013918319203083,1
TCGA-BP-4354-01A-02R-1289-07,0.7766488510195202,0
TCGA-E2-A14W-01A-11R-A12D-07,0.740196760181947,1
TCGA-L9-A444-01A-21R-A24H-07,0.82602336754991,1
TCGA-86-7713-01A-11R-2066-07,0.5132620100772889,1
TCGA-MP-A4TJ-01A-51R-A262-07,0.8779080557660618,1
TCGA-B9-A5W8-01A-11R-A28H-07,0.9159834109994038,1
TCGA-BH-A0DE-01A-11R-A115-07,0.643555246734691,0
TCGA-BP-4349-01A-01R-1289-07,0.612257479987306,1
TCGA-LL-A8F5-01A-11R-A36F-07,0.44262090287103584,1
TCGA-95-A4VK-01A-11R-A262-07,0.6283454109877235,1
TCGA-HC-A9TH-01A-11R-A41O-07,0.8243231939846444,1
TCGA-CM-4743-01A-01R-1723-07,0.5596251815371883,1
TCGA-13-1499-01A-01R-1565-13,0.6827258341913094,1
TCGA-43-7656-01A-11R-2125-07,0.8854135976292008,1
TCGA-66-2786-01A-01R-0851-07,0.8299281640561609,1
TCGA-44-7671-01A-11R-2066-07,0.4660514816739953,0
TCGA-D5-6535-01A-11R-1723-07,0.8722055195298382,1
TCGA-A3-3378-01A-02R-1325-07,0.27195494317734487,1
TCGA-KR-A7K8-01A-11R-A33J-07,0.6461520958766709,1
TCGA-B6-A0IG-01A-11R-A034-07,0.4546474688787767,1
TCGA-05-5423-01A-01R-1628-07,0.8415697519012245,1
TCGA-24-2020-01A-01R-1567-13,0.5828319588214496,0
TCGA-EJ-5532-01A-01R-1580-07,0.5767440250533632,1
TCGA-LN-A7HX-01A-11R-A336-31,0.6705656489533179,1
TCGA-24-1418-01A-01R-1565-13,0.8629447558720666,1
TCGA-A6-6648-01A-11R-1774-07,0.8118858196149215,1
TCGA-AO-A12F-01A-11R-A115-07,0.7862980133125254,1
TCGA-DD-A1EL-01A-11R-A155-07,0.5410216313208096,1
TCGA-F2-6880-01A-11R-2156-07,0.7407102941346508,1
TCGA-IB-AAUW-01A-12R-A38C-07,0.7202581152228941,1
TCGA-EB-A4OZ-01A-12R-A266-07,0.35162791965155926,1
TCGA-CJ-4878-01A-01R-1305-07,0.9472954251876539,1
TCGA-4R-AA8I-01A-11R-A38B-07,0.701594566098166,1
TCGA-CZ-4853-01A-01R-1426-07,0.7890799860553627,1
TCGA-DD-A4NN-01A-11R-A28V-07,0.6698473532332853,1
TCGA-21-5782-01A-01R-1635-07,0.779033733674465,1
TCGA-85-A513-01A-12R-A26W-07,0.5039982174595504,0
TCGA-29-1761-01A-01R-1567-13,0.7080120884828213,1
TCGA-G7-6792-01A-21R-1965-07,0.47445660065252043,0
TCGA-NC-A5HQ-01A-11R-A26W-07,0.8182692811228707,1
TCGA-B1-A47O-01A-11R-A24Z-07,0.5387750644320609,1
TCGA-AR-A252-01A-11R-A169-07,0.7409747657795956,1
TCGA-BH-A18S-01A-11R-A12D-07,0.6258665046051112,1
TCGA-LQ-A4E4-01A-11R-A266-07,0.6678302746975575,1
TCGA-3A-A9IV-01A-11R-A41B-07,0.911589483128466,1
TCGA-WN-A9G9-01A-12R-A37K-07,0.8889209505886476,1
TCGA-BH-A18F-01A-11R-A12D-07,0.6985147987757675,1
TCGA-13-0883-01A-02R-1569-13,0.6021313453623836,0
TCGA-55-7576-01A-11R-2066-07,0.5141096127208882,0
TCGA-44-A4SS-01A-11R-A24X-07,0.6136769977222979,1
TCGA-AD-A5EJ-01A-11R-A28H-07,0.6349632027190748,1
TCGA-E9-A5FL-01A-11R-A27Q-07,0.7407309684387876,1
TCGA-J4-A67L-01A-11R-A30B-07,0.6616343087276723,1
TCGA-23-1113-01A-01R-1564-13,0.5927286026499133,1
TCGA-55-6543-01A-11R-1755-07,0.8771393679300754,0
TCGA-BP-4334-01A-01R-1289-07,0.9027866391122965,1
TCGA-E2-A1L6-01A-11R-A13Q-07,0.6848821593386311,1
TCGA-D8-A27W-01A-11R-A16F-07,0.9486203964623039,1
TCGA-B6-A0WS-01A-11R-A115-07,0.7338740673096696,0
TCGA-B3-8121-01A-21R-2404-07,0.6122311353873687,1
TCGA-D8-A1JK-01A-11R-A13Q-07,0.8452010580429965,1
TCGA-A2-A04N-01A-11R-A115-07,0.909577847182985,1
TCGA-P4-A5E6-01A-11R-A28H-07,0.7175505329762247,1
TCGA-PJ-A5Z9-01A-11R-A28H-07,0.5396552391630977,1
TCGA-LN-A7HV-01A-21R-A354-31,0.5231994441677121,1
TCGA-22-0944-01A-01R-0692-07,0.7339915911452419,1
TCGA-AN-A0FK-01A-11R-A034-07,0.6445941845980333,1
TCGA-BF-AAOU-01A-12R-A39D-07,0.5683603952529822,1
TCGA-HN-A2NL-01A-11R-A18M-07,0.7211011964283024,1
TCGA-FR-A2OS-01A-11R-A21D-07,0.8420790282905591,1
TCGA-CW-6093-01A-11R-1672-07,0.5851991135908872,1
TCGA-DD-A73F-01A-11R-A32O-07,0.7463881884315479,1
TCGA-WQ-A9G7-01A-11R-A37K-07,0.720869110847188,1
TCGA-37-3783-01A-01R-1201-07,0.8096517497154538,1
TCGA-61-1995-01A-01R-1568-13,0.9168162886302735,1
TCGA-DD-AAD2-01A-11R-A41C-07,0.755026919962545,1
TCGA-24-1616-01A-01R-1566-13,0.7764955352790074,1
TCGA-B2-3923-01B-10R-A277-07,0.2429933237173737,1
TCGA-31-1950-01A-01R-1568-13,0.7930193324898488,1
TCGA-FC-A5OB-01A-11R-A29R-07,0.3969444866975226,1
TCGA-LN-A49X-01A-31R-A260-31,0.7497036016323483,1
TCGA-UU-A93S-01A-21R-A41B-07,0.543769960716564,1
TCGA-34-5240-01A-01R-1443-07,0.6330632305214654,1
TCGA-L5-A43C-01A-11R-A24K-31,0.7160174511845235,1
TCGA-46-3765-01A-01R-0980-07,0.8016788032634095,0
TCGA-B0-4844-01A-01R-1277-07,0.6029551981408405,1
TCGA-21-1080-01A-01R-0692-07,0.763562467964476,1
TCGA-13-0920-01A-01R-1564-13,0.674723730473383,1
TCGA-F9-A8NY-01A-11R-A36F-07,0.5582042925301866,1
TCGA-LL-A740-01A-21R-A32P-07,0.4870592384600709,1
TCGA-BF-AAP4-01A-11R-A40A-07,0.8371047129548882,1
TCGA-XR-A8TD-01A-12R-A39D-07,0.7278433251956395,1
TCGA-33-4538-01A-01R-1201-07,0.4404037924932264,1
TCGA-LL-A9Q3-01A-11R-A41B-07,0.6676398333814576,1
TCGA-NJ-A4YF-01A-12R-A262-07,0.5171099351849677,1
TCGA-MH-A560-01A-11R-A26U-07,0.5291146133473228,1
TCGA-L5-A8NE-01A-11R-A37I-31,0.8139332683243603,0
TCGA-04-1332-01A-01R-1564-13,0.8917106964996512,1
TCGA-EJ-A7NG-01A-31R-A33R-07,0.9209358904417219,0
TCGA-A8-A08J-01A-11R-A00Z-07,0.4275192195516558,1
TCGA-AK-3456-01A-02R-1325-07,0.5968229774206942,1
TCGA-G7-A8LB-01A-11R-A36F-07,0.862474798306993,0
TCGA-B2-A4SR-01A-11R-A266-07,0.6279477896229284,1
TCGA-62-8394-01A-11R-2326-07,0.8805313243278198,1
TCGA-AZ-6608-01A-11R-1839-07,0.769772773750851,1
TCGA-Q3-AA2A-01A-11R-A37L-07,0.9063272463423652,1
TCGA-B0-4694-01A-01R-1277-07,0.679189901574205,1
TCGA-AR-A24V-01A-21R-A169-07,0.7324613491901857,0
TCGA-A2-A0EV-01A-11R-A034-07,0.3748346667703672,1
TCGA-60-2714-01A-01R-0851-07,0.7673548428790152,0
TCGA-BP-4762-01A-02R-1289-07,0.7738354151505941,1
TCGA-DD-AACG-01A-11R-A41C-07,0.2755571560134794,1
TCGA-B0-5094-01A-01R-1420-07,0.6100193724032276,1
TCGA-AA-3556-01A-01R-0821-07,0.6507457317510448,0
TCGA-2J-AABO-01A-21R-A41B-07,0.46081783486493677,1
TCGA-B0-5400-01A-01R-1503-07,0.6546785486716235,0
TCGA-77-6845-01A-11R-1949-07,0.8152069557809166,0
TCGA-D8-A141-01A-11R-A115-07,0.4342767123191117,1
TCGA-55-A57B-01A-12R-A39D-07,0.891843360184027,1
TCGA-60-2712-01A-01R-0851-07,0.5558801549588515,1
TCGA-A6-4105-01A-02R-1774-07,0.8754945277656345,1
TCGA-XV-A9W5-01A-11R-A38C-07,0.507449033141236,1
TCGA-A6-5665-01B-03R-2302-07,0.5613291082533365,1
TCGA-E2-A1AZ-01A-11R-A12P-07,0.42205315971509844,1
TCGA-55-7910-01A-11R-2170-07,0.680021631478178,1
TCGA-50-6673-01A-11R-1949-07,0.8673519483020843,1
TCGA-BH-A0DL-01A-11R-A115-07,0.4245185973920481,1
TCGA-AU-6004-01A-11R-1723-07,0.888729087229236,1
TCGA-E2-A15I-01A-21R-A137-07,0.6630042866694064,1
TCGA-G9-6369-01A-21R-1965-07,0.8136498769671439,0
TCGA-AA-3819-01A-01R-0905-07,0.7199220776512744,0
TCGA-KK-A6E0-01A-11R-A311-07,0.541156585813436,0
TCGA-SX-A71W-01A-12R-A355-07,0.923219735247772,1
TCGA-AR-A0TS-01A-11R-A115-07,0.3926541232049127,1
TCGA-E9-A5UP-01A-11R-A28M-07,0.7752765576601247,0
TCGA-AQ-A0Y5-01A-11R-A14M-07,0.8077324940464348,0
TCGA-BP-4807-01A-01R-1305-07,0.7906325082308225,1
TCGA-CM-5860-01A-01R-1653-07,0.4826129693507468,1
TCGA-BC-A5W4-01A-11R-A28V-07,0.5683146869006263,1
TCGA-B0-4821-01A-01R-1503-07,0.8497986846585721,1
TCGA-UZ-A9PJ-01A-11R-A38C-07,0.4519573184869284,0
TCGA-DD-AACC-01A-11R-A41C-07,0.655445944505303,0
TCGA-CJ-4870-01A-01R-1305-07,0.7000448722219338,1
TCGA-75-6207-01A-11R-1755-07,0.5945620675372223,1
TCGA-C8-A1HO-01A-11R-A13Q-07,0.6460715721943713,1
TCGA-JY-A938-01A-11R-A37I-31,0.7294679604208106,1
TCGA-04-1361-01A-01R-1565-13,0.8167317768509976,1
TCGA-2Z-A9J8-01A-11R-A42S-07,0.5456674792694325,1
TCGA-64-1677-01A-01R-0946-07,0.49166577721629673,0
TCGA-AO-A0JE-01A-11R-A056-07,0.5392070747974859,1
TCGA-IG-A4P3-01A-11R-A260-31,0.8649318729111398,1
TCGA-05-4424-01A-22R-1858-07,0.8438458979822391,0
TCGA-91-A4BD-01A-11R-A24H-07,0.6866875144968054,1
TCGA-DD-AAVS-01A-11R-A41C-07,0.6760014989222336,0
TCGA-18-3414-01A-01R-0980-07,0.8399590958093535,1
TCGA-J4-A83I-01A-11R-A36G-07,0.543312381299217,1
TCGA-39-5035-01A-01R-1443-07,0.8626729675012816,1
TCGA-AA-3544-01A-01R-1873-07,0.5079286460370157,1
TCGA-FB-A7DR-01A-21R-A33R-07,0.8757815779720055,1
TCGA-99-8032-01A-11R-2241-07,0.49822471521032446,1
TCGA-95-7948-01A-11R-2187-07,0.583109449404609,0
TCGA-D8-A1XU-01A-11R-A14M-07,0.9858067141845096,0
TCGA-2Z-A9J7-01A-11R-A38C-07,0.9343007559632183,1
TCGA-13-A5FT-01A-11R-A406-31,0.6421055484559937,1
TCGA-BP-4803-01A-01R-1305-07,0.8244617381079372,1
TCGA-24-2271-01A-01R-1568-13,0.9154215751126042,1
TCGA-DD-A39V-01A-11R-A213-07,0.382826523214089,0
TCGA-CM-6674-01A-11R-1839-07,0.5301867371812478,1
TCGA-30-1855-01A-01R-1567-13,0.9315121740638702,1
TCGA-2J-AABE-01A-12R-A41B-07,0.8777808170704688,1
TCGA-ED-A82E-01A-11R-A352-07,0.8529650138445166,1
TCGA-56-7580-01A-11R-2045-07,0.7953571063405793,1
TCGA-37-4130-01A-01R-1100-07,0.7032799124076193,1
TCGA-38-4626-01A-01R-1206-07,0.49318966891547605,1
TCGA-CZ-4861-01A-01R-1305-07,0.6757232494477242,1
TCGA-F4-6703-01A-11R-1839-07,0.8200579947323373,1
TCGA-61-2109-01A-01R-1568-13,0.7577441155765451,1
TCGA-5M-AATE-01A-11R-A41B-07,0.8692899541865544,1
TCGA-10-0931-01A-01R-1564-13,0.5077080728073501,1
TCGA-UZ-A9PQ-01A-11R-A42S-07,0.6300885060768983,1
TCGA-XC-AA0X-01A-32R-A405-07,0.5052869517183756,1
TCGA-BH-A0C1-01B-11R-A12D-07,0.6007195829305871,1
TCGA-09-1668-01B-01R-1566-13,0.63368895740599,1
TCGA-77-7338-01A-11R-2045-07,0.5069205032377576,0
TCGA-61-2111-01A-01R-1568-13,0.7147423271925982,1
TCGA-AC-A8OS-01A-12R-A41B-07,0.6920872891404348,1
TCGA-BF-A3DJ-01A-11R-A20F-07,0.6319499390595812,1
TCGA-CJ-4893-01A-01R-1305-07,0.8665015736847832,1
TCGA-DD-AADS-01A-11R-A41C-07,0.40302091598324713,0
TCGA-61-2110-01A-01R-1568-13,0.6517977611249514,1
TCGA-DD-A1EE-01A-11R-A131-07,0.8707095604123737,1
TCGA-BH-A0BP-01A-11R-A115-07,0.7320714851725298,1
TCGA-IG-A3I8-01A-11R-A24K-31,0.697603668087592,1
TCGA-86-A4D0-01A-11R-A24H-07,0.9567604252393732,0
TCGA-22-1016-01A-01R-0692-07,0.9086876311308941,1
TCGA-BH-A0DS-01A-11R-A056-07,0.8439400162083962,1
TCGA-AR-A5QN-01A-12R-A28M-07,0.9071903636557931,1
TCGA-CW-6088-01A-11R-1672-07,0.5501032753002776,0
TCGA-AQ-A04L-01B-21R-A10J-07,0.5034530229371484,1
TCGA-A7-A13D-01A-13R-A12P-07,0.8239515271712563,1
TCGA-A2-A0YJ-01A-11R-A109-07,0.44612802844938954,1
TCGA-04-1331-01A-01R-1569-13,0.8944689909507477,1
TCGA-HZ-A8P1-01A-11R-A37L-07,0.8622428209933096,1
TCGA-AR-A24R-01A-11R-A169-07,0.4330322989919305,1
TCGA-36-1575-01A-01R-1566-13,0.6969043629264243,0
TCGA-C8-A273-01A-11R-A16F-07,0.5157388145556638,1
TCGA-DM-A1HB-01A-21R-A180-07,0.42643881255111193,0
TCGA-JL-A3YW-01A-12R-A239-07,0.49498116358320887,1
TCGA-13-1411-01A-01R-1565-13,0.43715449524365857,1
TCGA-60-2710-01A-01R-0851-07,0.8049850814600268,1
TCGA-BP-5009-01A-01R-1334-07,0.7566307985501433,1
TCGA-T7-A92I-01A-11R-A37O-07,0.41276076578103754,1
TCGA-EB-A85I-01A-11R-A352-07,0.5309100465161996,1
TCGA-F4-6460-01A-11R-1774-07,0.5476565553166487,0
TCGA-B8-A54E-01A-11R-A266-07,0.7962739933057771,1
TCGA-60-2725-01A-01R-1201-07,0.8604791145302608,1
TCGA-NC-A5HI-01A-11R-A26W-07,0.8526513671375452,1
TCGA-BP-4965-01A-01R-1334-07,0.9289635946727665,1
TCGA-BP-4756-01A-01R-1289-07,0.7054448965322243,1
TCGA-A8-A095-01A-11R-A00Z-07,0.853756569535715,1
TCGA-MM-A84U-01A-11R-A37O-07,0.5183014692303888,1
TCGA-HP-A5N0-01A-11R-A28V-07,0.6442635904094902,1
TCGA-A4-7996-01A-11R-2204-07,0.9593181845895783,1
TCGA-A2-A0EQ-01A-11R-A034-07,0.7928031507963921,1
TCGA-A1-A0SK-01A-12R-A084-07,0.37328553154671607,1
TCGA-EJ-5505-01A-01R-1580-07,0.6181680181847468,1
TCGA-43-5668-01A-01R-1635-07,0.41248450282523647,0
TCGA-EW-A2FV-01A-11R-A17B-07,0.5028081626068123,0
TCGA-CZ-5456-01A-01R-1503-07,0.9377231919011699,1
TCGA-C8-A12Y-01A-11R-A12D-07,0.8011616896072523,1
TCGA-AR-A2LM-01A-11R-A180-07,0.7675051661108041,1
TCGA-A6-4107-01A-02R-1410-07,0.8082174203506092,1
TCGA-IG-A3YB-01A-11R-A36D-31,0.733106384709771,1
TCGA-75-6205-01A-11R-1755-07,0.5144879236066349,1
TCGA-20-1683-01A-01R-1566-13,0.9311993381852808,1
TCGA-BP-4170-01A-02R-1289-07,0.8630131329388945,1
TCGA-CJ-6032-01A-11R-1672-07,0.8699759620174599,1
TCGA-DD-AACL-01A-11R-A41C-07,0.4527940920136725,1
TCGA-BP-4166-01A-02R-1289-07,0.9538565490301639,1
TCGA-2H-A9GL-01A-12R-A37I-31,0.7874073403707155,1
TCGA-B0-5084-01A-01R-1334-07,0.9055414899264698,1
TCGA-E2-A15J-01A-11R-A12P-07,0.6981998829848549,1
TCGA-44-6775-01C-02R-A277-07,0.32413615774548116,1
TCGA-A2-A04W-01A-31R-A115-07,0.8887599733925289,1
TCGA-G3-AAV0-01A-11R-A37K-07,0.5383522909461103,1
TCGA-AA-A00D-01A-01R-A002-07,0.6976978293564667,1
TCGA-56-5897-01A-11R-1635-07,0.8299377497308281,1
TCGA-EJ-7321-01A-31R-2263-07,0.6722211694530639,0
TCGA-2J-AABV-01A-12R-A41B-07,0.5859349336561109,1
TCGA-C8-A8HR-01A-11R-A36F-07,0.7571491657701735,1
TCGA-04-1362-01A-01R-1565-13,0.6415017502349893,0
TCGA-HZ-A77Q-01A-11R-A36G-07,0.8454052710570992,1
TCGA-D8-A1JB-01A-11R-A13Q-07,0.7552088533489439,1
TCGA-B0-4811-01A-01R-1503-07,0.6726504353398184,0
TCGA-24-1103-01A-01R-1565-13,0.47011992969363686,1
TCGA-91-A4BC-01A-11R-A24H-07,0.551580901382757,1
TCGA-D5-5539-01A-01R-1653-07,0.5834935490697748,1
TCGA-HZ-A4BK-01A-11R-A26U-07,0.6404268594673242,1
TCGA-13-1489-01A-01R-1565-13,0.8263963866824175,1
TCGA-A2-A04P-01A-31R-A034-07,0.7054302341719911,1
TCGA-IA-A40Y-01A-11R-A24Z-07,0.8742319222471204,1
TCGA-21-5783-01A-41R-2187-07,0.3875774786655446,1
TCGA-A6-2675-01A-02R-1723-07,0.5545566864236332,1
TCGA-B9-7268-01A-11R-A32Z-07,0.7845478448972012,1
TCGA-BP-4777-01A-01R-1289-07,0.5837149627275556,1
TCGA-BP-4988-01A-01R-1334-07,0.5414737725251894,1
TCGA-2J-AABF-01A-31R-A41B-07,0.8602942365368487,1
TCGA-56-8201-01A-11R-2247-07,0.43416485487327217,1
TCGA-24-2035-01A-01R-1568-13,0.9339099805028921,1
TCGA-A1-A0SP-01A-11R-A084-07,0.8236676644219486,1
TCGA-BC-A10S-01A-22R-A131-07,0.779164157256569,1
TCGA-HC-7738-01A-11R-2118-07,0.5502438124462906,1
TCGA-IA-A83S-01A-11R-A355-07,0.4529946718006699,0
TCGA-HZ-7920-01A-11R-2204-07,0.5413681708677482,1
TCGA-AA-3529-01A-02R-0821-07,0.6888280118144835,1
TCGA-D8-A1XJ-01A-11R-A14M-07,0.4370339342321722,1
TCGA-5X-AA5U-01A-11R-A406-31,0.7374797432198251,1
TCGA-3Z-A93Z-01A-11R-A37O-07,0.48697392605414297,1
TCGA-E9-A227-01A-11R-A157-07,0.6374658828857058,1
TCGA-B0-4843-01A-01R-1277-07,0.4021342221937342,0
TCGA-BH-A8G0-01A-11R-A352-07,0.8019257212054546,1
TCGA-FV-A3R2-01A-11R-A22L-07,0.8741009383416221,1
TCGA-CZ-4854-01A-01R-1305-07,0.9456150302217227,1
TCGA-04-1348-01A-01R-1565-13,0.8132650937040357,1
TCGA-38-4625-01A-01R-1206-07,0.8315304604838294,1
TCGA-A3-A6NJ-01A-12R-A33J-07,0.5093077909220212,1
TCGA-BH-A0C3-01A-21R-A12P-07,0.7591146118040171,1
TCGA-58-8388-01A-11R-2326-07,0.869319824685166,1
TCGA-NH-A50T-01A-11R-A28H-07,0.7523998824709117,1
TCGA-LL-A5YN-01A-11R-A28M-07,0.6980413352736593,0
TCGA-A2-A0ET-01A-31R-A034-07,0.5347499834623974,1
TCGA-GM-A2DO-01A-11R-A18M-07,0.643205634668024,0
TCGA-A7-A0CH-01A-21R-A00Z-07,0.7233058395401145,1
TCGA-2Y-A9GT-01A-11R-A38B-07,0.6637039305153642,1
TCGA-B3-4104-01A-02R-1351-07,0.6796616597222103,1
TCGA-GM-A5PV-01A-11R-A28M-07,0.7714876833069795,1
TCGA-29-1711-01A-01R-1567-13,0.8516502144627285,1
TCGA-AO-A1KS-01A-11R-A13Q-07,0.6496784637229699,0
TCGA-AO-A12G-01A-11R-A10J-07,0.9365851080353633,1
TCGA-HZ-8002-01A-11R-2204-07,0.6113732717814844,0
TCGA-22-5492-01A-01R-1635-07,0.8846874121421852,1
TCGA-G4-6625-01A-21R-1774-07,0.551640818869923,1
TCGA-L5-A4OF-01A-11R-A260-31,0.8419894360119741,1
TCGA-55-A48Y-01A-11R-A24H-07,0.49451037454880675,0
TCGA-A2-A0YD-01A-11R-A109-07,0.9005134739713085,1
TCGA-13-0801-01A-01R-1564-13,0.6434362206128319,1
TCGA-B4-5843-01A-11R-1672-07,0.2810482587623431,1
TCGA-AY-A69D-01A-11R-A37K-07,0.7726408350844053,0
TCGA-CJ-4899-01A-01R-1334-07,0.9691004969352364,1
TCGA-YL-A8S9-01A-11R-A37L-07,0.6720981946883128,1
TCGA-55-1596-01A-01R-0946-07,0.4492832319257307,1
TCGA-UB-AA0V-01A-11R-A38B-07,0.680287673406674,1
TCGA-BH-A0HY-01A-11R-A056-07,0.9827884888053526,1
TCGA-64-1676-01A-01R-0946-07,0.4988888281391076,0
TCGA-A8-A09R-01A-11R-A00Z-07,0.3492171806894524,0
TCGA-D8-A1Y2-01A-11R-A157-07,0.4950876458304149,1
TCGA-5P-A9JY-01A-11R-A42S-07,0.9362501305652038,1
TCGA-AR-A1AI-01A-11R-A12P-07,0.850573385513134,1
TCGA-56-7823-01B-11R-2247-07,0.7868578723191428,1
TCGA-O2-A52V-01A-31R-A262-07,0.7860212939205844,1
TCGA-B0-4816-01A-01R-1503-07,0.9319395522314131,1
TCGA-MH-A55W-01A-11R-A26U-07,0.5805799023111659,1
TCGA-AN-A0FD-01A-11R-A034-07,0.9756148706774277,1
TCGA-3A-A9IB-01A-21R-A39D-07,0.8034920346662963,1
TCGA-P4-A5EA-01A-11R-A28H-07,0.2494240130189816,1
TCGA-XV-A9VZ-01A-11R-A38C-07,0.9787708566156181,0
TCGA-BC-A10U-01A-11R-A131-07,0.7633578898500356,0
TCGA-B6-A0I9-01A-11R-A034-07,0.36879600689266445,0
TCGA-B0-5119-01A-02R-1420-07,0.5650028424564912,0
TCGA-AR-A2LR-01A-12R-A18M-07,0.4316982303653942,0
TCGA-22-5472-01A-01R-1635-07,0.4735753520584539,1
TCGA-GI-A2C8-01A-11R-A16F-07,0.6256615375502548,0
TCGA-44-2666-01A-01R-0946-07,0.5209016992696252,1
TCGA-25-1632-01A-01R-1566-13,0.7943756905430696,1
TCGA-78-7540-01A-11R-2066-07,0.7970311717216465,1
TCGA-BH-A0AV-01A-31R-A115-07,0.4566471018054191,1
TCGA-AA-3845-01A-01R-1022-07,0.8587488718382276,1
TCGA-78-8655-01A-11R-2403-07,0.8159232745264783,1
TCGA-BP-4345-01A-01R-1289-07,0.3497718365512255,1
TCGA-98-A539-01A-31R-A262-07,0.5110059780232244,0
TCGA-50-6594-01A-11R-1755-07,0.4565241650340946,1
TCGA-49-AARN-01A-21R-A41B-07,0.4661685902555994,1
TCGA-A3-3358-01A-01R-1541-07,0.6637593102390332,1
TCGA-13-1483-01A-01R-1565-13,0.5163269010337564,0
TCGA-KK-A7B2-01A-12R-A32O-07,0.6174963485897396,1
TCGA-49-AAQV-01A-11R-A39D-07,0.6082230452324681,0
TCGA-EV-5902-01A-11R-1592-07,0.5920899036076042,0
TCGA-AC-A6IX-01A-12R-A32P-07,0.7087468588269759,1
TCGA-BW-A5NQ-01A-11R-A27V-07,0.6558634596561447,0
TCGA-B6-A0WW-01A-11R-A109-07,0.7929419425499146,0
TCGA-R6-A8W8-01B-11R-A37I-31,0.7400011209820287,1
TCGA-XV-AAZW-01A-12R-A40A-07,0.9425882429695287,0
TCGA-BP-4173-01A-02R-1289-07,0.5341745311003075,1
TCGA-HZ-A49G-01A-11R-A26U-07,0.5931670654341373,0
TCGA-22-1012-01A-01R-0692-07,0.7666041155478015,1
TCGA-BH-A0C7-01B-11R-A115-07,0.707386712848009,1
TCGA-CC-A7IL-01A-11R-A33R-07,0.7592791441842935,1
TCGA-E9-A1RA-01A-11R-A14D-07,0.4186762158665078,1
TCGA-YL-A8HM-01A-11R-A36G-07,0.8614109841367424,0
TCGA-AC-A3HN-01A-11R-A213-07,0.6959605025494535,1
TCGA-D8-A1X8-01A-11R-A14M-07,0.8179308514462097,1
TCGA-78-7159-01A-11R-2039-07,0.51653631209475,1
TCGA-AR-A1AK-01A-21R-A12P-07,0.7341107872052958,1
TCGA-Y8-A8RY-01A-11R-A37K-07,0.9313120546015159,1
TCGA-DD-AAED-01A-12R-A41C-07,0.6702887060524496,1
TCGA-AN-A0XV-01A-11R-A109-07,0.7474004174620151,1
TCGA-BP-4775-01A-01R-1289-07,0.8724511251671705,1
TCGA-24-1556-01A-01R-1566-13,0.8443069430079692,1
TCGA-44-6148-01A-11R-1755-07,0.3983964066167965,1
TCGA-DD-A3A9-01A-11R-A266-07,0.6368533623144657,0
TCGA-XK-AAJU-01A-11R-A41O-07,0.5581111649411044,1
TCGA-A6-3809-01B-04R-A277-07,0.40628950384397233,1
TCGA-UZ-A9PO-01A-11R-A38C-07,0.3412032434413126,0
TCGA-05-4398-01A-01R-1206-07,0.8326139262023684,0
TCGA-AK-3436-01A-02R-1325-07,0.36369244131074907,1
TCGA-D9-A4Z2-01A-11R-A24X-07,0.5380814058666196,1
TCGA-44-8119-01A-11R-2241-07,0.5002429614638667,1
TCGA-EB-A97M-01A-11R-A38C-07,0.7709967958269862,1
TCGA-YL-A8HK-01A-11R-A36G-07,0.9288853383405131,1
TCGA-GL-A59T-01A-21R-A28H-07,0.6203172367003483,1
TCGA-90-7767-01A-11R-2125-07,0.5411491226414805,1
TCGA-DV-5568-01A-01R-1541-07,0.9162139995192057,1
TCGA-A4-A5Y0-01A-11R-A31O-07,0.8475784687777584,0
TCGA-BF-A1PZ-01A-11R-A18S-07,0.8316711801461787,1
TCGA-2J-AAB4-01A-12R-A41B-07,0.8874549012561972,0
TCGA-AC-A8OQ-01A-11R-A41B-07,0.8679243409126679,1
TCGA-DD-AACT-01A-11R-A41C-07,0.5150408168974222,0
TCGA-18-3412-01A-01R-0980-07,0.8351229659981614,1
TCGA-A2-A4S2-01A-12R-A266-07,0.6969143638543707,0
TCGA-H9-A6BY-01A-11R-A30B-07,0.4105690444116877,0
TCGA-DW-7837-01A-11R-2139-07,0.8859631117497259,1
TCGA-AA-3552-01A-01R-0821-07,0.8525727810709777,1
TCGA-UZ-A9PN-01A-11R-A38C-07,0.8716156792991779,1
TCGA-NC-A5HO-01A-11R-A26W-07,0.5292595530661649,1
TCGA-B8-A8YJ-01A-13R-A39I-07,0.35251400005432787,1
TCGA-A2-A04Q-01A-21R-A034-07,0.40344143395357474,1
TCGA-HC-A6AQ-01A-11R-A30B-07,0.45810051211014857,1
TCGA-DV-A4VX-01A-11R-A266-07,0.47825055846079423,1
TCGA-FC-A6HD-01A-11R-A31N-07,0.2949125977286252,0
TCGA-F2-A44G-01A-11R-A26U-07,0.5914028527922112,0
TCGA-AZ-4681-01A-01R-1410-07,0.6439687496732294,1
TCGA-VP-A87J-01A-11R-A352-07,0.6110968114953241,0
TCGA-C8-A8HQ-01A-11R-A36F-07,0.8202527692241973,0
TCGA-YJ-A8SW-01A-11R-A37L-07,0.8870311664693422,1
TCGA-63-7020-01A-11R-1949-07,0.4940844577881868,0
TCGA-66-2754-01A-01R-0980-07,0.395362543921366,1
TCGA-04-1343-01A-01R-1564-13,0.6673218662750476,1
TCGA-KK-A7AV-01A-11R-A32O-07,0.7481945210013468,1
TCGA-HC-A632-01A-11R-A29R-07,0.5322115779844347,0
TCGA-DD-AACE-01A-11R-A41C-07,0.502357234569266,0
TCGA-23-1809-01A-01R-1566-13,0.6744971836939004,1
TCGA-JY-A939-01A-12R-A37I-31,0.7586144757737319,1
TCGA-25-1627-01A-01R-1566-13,0.8218656298337871,1
TCGA-IB-AAUP-01A-11R-A37L-07,0.5850933124099192,1
TCGA-RC-A6M3-01A-11R-A32O-07,0.6148027550700534,1
TCGA-E9-A1RH-01A-21R-A169-07,0.34625465701029456,0
TCGA-KK-A8IH-01A-11R-A36G-07,0.8819242157000562,1
TCGA-AA-3869-01A-01R-1022-07,0.7596613258428802,0
TCGA-B0-5116-01A-02R-1420-07,0.7774248949527592,1
TCGA-GF-A2C7-01A-11R-A18T-07,0.8081411749509431,1
TCGA-BH-A5J0-01A-11R-A27Q-07,0.7952017487932264,1
TCGA-66-2727-01A-01R-0980-07,0.8750768579863546,1
TCGA-CM-6163-01A-11R-1653-07,0.6746390820752155,1
TCGA-55-A490-01A-11R-A466-07,0.5602542125233572,0
TCGA-AA-3976-01A-01R-1022-07,0.6219821719043017,1
TCGA-A6-2679-01A-02R-1410-07,0.46879703228111497,0
TCGA-BP-5182-01A-01R-1426-07,0.9038980438265293,1
TCGA-56-8083-01A-11R-2247-07,0.5863986086653791,1
TCGA-55-8299-01A-11R-2287-07,0.5932000026254172,0
TCGA-LN-A8I1-01A-11R-A36D-31,0.529992523182225,0
TCGA-SX-A7SU-01A-11R-A36F-07,0.9267045429502636,1
TCGA-E9-A295-01A-11R-A16F-07,0.4650795406726071,1
TCGA-EJ-7218-01B-11R-A32O-07,0.8733889869658614,1
TCGA-E2-A2P5-01A-11R-A19W-07,0.6838787998947728,1
TCGA-A2-A0ES-01A-11R-A115-07,0.7291477937199984,1
TCGA-CK-5916-01A-11R-1653-07,0.8670472957320332,1
TCGA-EJ-A65E-01A-11R-A29R-07,0.9105339733657399,0
TCGA-OL-A66K-01A-11R-A29R-07,0.6902233935554318,1
TCGA-44-6774-01A-21R-1858-07,0.4690062510463619,1
TCGA-V1-A9Z7-01A-11R-A41O-07,0.8639042273479197,1
TCGA-ER-A196-01A-11R-A18T-07,0.6515260773755831,1
TCGA-2J-AABI-01A-12R-A41B-07,0.8955726152979336,1
TCGA-GJ-A9DB-01A-11R-A37K-07,0.9147609503378306,1
TCGA-A8-A0A7-01A-11R-A00Z-07,0.4130619830645056,1
TCGA-L5-A4ON-01A-11R-A260-31,0.8254443491197497,1
TCGA-F4-6806-01A-11R-1839-07,0.5601831713967864,0
TCGA-66-2792-01A-01R-0980-07,0.778725484928397,1
TCGA-A8-A08R-01A-11R-A034-07,0.45105708503312925,1
TCGA-E2-A1LH-01A-11R-A14D-07,0.4535422274395045,1
TCGA-24-1550-01A-01R-1566-13,0.4369755425437996,0
TCGA-44-7660-01A-11R-2066-07,0.8953350721637744,1
TCGA-85-A53L-01A-21R-A26W-07,0.7855232375066967,0
TCGA-MR-A8JO-01A-12R-A36F-07,0.9661846894888609,1
TCGA-44-5643-01A-01R-1628-07,0.725478375874578,1
TCGA-90-6837-01A-11R-1949-07,0.7975213730056521,0
TCGA-DD-AAC9-01A-11R-A41C-07,0.723952206907802,0
TCGA-BH-A203-01A-12R-A169-07,0.45106024017016755,1
TCGA-B8-4146-01B-11R-1672-07,0.20151226723061857,1
TCGA-24-1430-01A-01R-1566-13,0.856247023510628,1
TCGA-BH-A5IZ-01A-11R-A27Q-07,0.5160774511175359,1
TCGA-78-7633-01A-11R-2066-07,0.38939092857128427,1
TCGA-A6-2686-01A-01R-A32Z-07,0.8582413039127411,1
TCGA-NC-A5HF-01A-11R-A26W-07,0.786410993043634,1
TCGA-BQ-5882-01A-11R-1592-07,0.8245298706038833,1
TCGA-IB-AAUM-01A-11R-A37L-07,0.9137883115254608,1
TCGA-BF-AAP7-01A-11R-A40A-07,0.5768228573652426,1
TCGA-NJ-A4YG-01A-22R-A262-07,0.5043861938527435,0
TCGA-AA-3846-01A-01R-1022-07,0.7706673131717365,1
TCGA-UN-AAZ9-01A-11R-A38C-07,0.5531997874677598,0
TCGA-HC-A76X-01A-11R-A33R-07,0.8730016058926982,1
TCGA-25-2042-01A-01R-1568-13,0.8674291382314041,1
TCGA-F4-6459-01A-11R-1774-07,0.6090952744780599,1
TCGA-A7-A13F-01A-11R-A12P-07,0.49105051065650107,0
TCGA-A2-A0CP-01A-11R-A034-07,0.7799639034217485,1
TCGA-KK-A5A1-01A-11R-A29R-07,0.8931089534483106,0
TCGA-F2-6879-01A-11R-2156-07,0.5970698550380276,1
TCGA-A8-A099-01A-11R-A00Z-07,0.4338593011560642,1
TCGA-DD-AADP-01A-11R-A39D-07,0.7175871109495499,1
TCGA-A6-5657-01A-01R-A32Z-07,0.8739533051546253,1
TCGA-A8-A09M-01A-11R-A00Z-07,0.6714536305380183,1
TCGA-CH-5744-01A-11R-1580-07,0.5556254603489178,1
TCGA-43-6771-01A-11R-1820-07,0.7535997877654809,1
TCGA-LN-A4A5-01A-21R-A260-31,0.7313540040078271,1
TCGA-BH-A0BZ-01A-31R-A12P-07,0.516744782857282,0
TCGA-05-4395-01A-01R-1206-07,0.47179251307588815,1
TCGA-BP-5178-01A-01R-1426-07,0.6632050578232653,1
TCGA-B6-A0RI-01A-11R-A056-07,0.8230903041174721,0
TCGA-63-A5MB-01A-11R-A26W-07,0.7491986736858699,1
TCGA-AQ-A04J-01A-02R-A034-07,0.42284370190083764,1
TCGA-77-8133-01A-12R-2247-07,0.9399005136803935,0
TCGA-B0-5399-01A-01R-1503-07,0.8116691107149674,1
TCGA-B8-A54I-01A-21R-A33J-07,0.6637731254252264,1
TCGA-61-1910-01A-01R-1567-13,0.8105256091107597,1
TCGA-A8-A07R-01A-21R-A034-07,0.3741233119040799,1
TCGA-CJ-4905-01A-02R-1426-07,0.7717962500231487,1
TCGA-AA-3525-01A-02R-0826-07,0.7144860450627261,1
TCGA-78-8662-01A-11R-2403-07,0.7661436226202193,1
TCGA-B6-A0IB-01A-11R-A034-07,0.7039466182331653,0
TCGA-EJ-7328-01A-31R-2118-07,0.580136301012059,1
TCGA-BQ-5875-01A-11R-1592-07,0.802318709177843,1
TCGA-IB-7649-01A-11R-2156-07,0.5757916252142397,0
TCGA-49-4494-01A-01R-1206-07,0.7638463265952898,1
TCGA-AR-A24P-01A-11R-A169-07,0.4311177294929291,1
TCGA-AA-3542-01A-02R-1873-07,0.1874080302598396,0
TCGA-DM-A28H-01A-11R-A16W-07,0.31347201131239444,0
TCGA-O2-A5IB-01A-11R-A27Q-07,0.9606579259167204,0
TCGA-A8-A06X-01A-21R-A00Z-07,0.8127779938179545,1
TCGA-BH-A28O-01A-11R-A22K-07,0.8543025020038687,1
TCGA-EJ-7115-01A-11R-2118-07,0.4748227134161151,1
TCGA-DW-5560-01A-01R-1592-07,0.6516184397815952,1
TCGA-29-1703-01A-01R-1567-13,0.6828959530577023,1
TCGA-AA-3680-01A-01R-0905-07,0.7686694909108052,1
TCGA-CC-A8HU-01A-11R-A36F-07,0.6943745868835166,1
TCGA-D8-A27P-01A-11R-A16F-07,0.7727678085248807,1
TCGA-3P-A9WA-01A-11R-A406-31,0.4372225597220252,0
TCGA-BH-A1F6-01A-11R-A13Q-07,0.8207728426470913,1
TCGA-63-5128-01A-01R-1443-07,0.7351787140048125,0
TCGA-RC-A7SF-01A-11R-A352-07,0.6759630915764018,0
TCGA-BH-A202-01A-11R-A14M-07,0.428974503156086,1
TCGA-DD-AAD8-01A-11R-A41C-07,0.6427001196395329,1
TCGA-EU-5904-01A-11R-1672-07,0.22471571450275138,1
TCGA-55-8508-01A-11R-2403-07,0.9312206351493573,1
TCGA-B3-A6W5-01A-12R-A33Z-07,0.8786641985705893,0
TCGA-78-7155-01A-11R-2039-07,0.8624454253114517,1
TCGA-24-2297-01A-01R-1568-13,0.9003993149695134,0
TCGA-A8-A09W-01A-11R-A00Z-07,0.39179806266872325,1
TCGA-B9-4617-01A-01R-1193-07,0.46763283330181815,0
TCGA-A8-A09B-01A-11R-A00Z-07,0.75325400050997,1
TCGA-JY-A6FA-01A-11R-A336-31,0.5137912866269458,1
TCGA-97-A4M1-01A-11R-A24X-07,0.7986751979005169,0
TCGA-GL-A9DD-01A-11R-A37K-07,0.899863408404061,1
TCGA-A3-A6NN-01A-12R-A33J-07,0.516535005064137,1
TCGA-18-3416-01A-01R-0980-07,0.8254316436387928,1
TCGA-EJ-5515-01A-01R-1580-07,0.4999242531009971,1
TCGA-D5-6539-01A-11R-1723-07,0.45549224243202635,1
TCGA-BH-A18N-01A-11R-A12D-07,0.5883893194541132,0
TCGA-BP-4167-01A-02R-1325-07,0.7160348026854139,1
TCGA-A2-A0CR-01A-11R-A22K-07,0.8813544595567588,1
TCGA-56-8628-01A-11R-2403-07,0.5092135748695538,1
TCGA-55-8621-01A-11R-2403-07,0.5161865090849761,1
TCGA-CC-A7II-01A-11R-A33J-07,0.7939751336876385,1
TCGA-85-6560-01A-11R-1820-07,0.3720199902289135,1
TCGA-AR-A24W-01A-11R-A169-07,0.6933869136672846,1
TCGA-85-6175-01A-11R-1820-07,0.9416674207565152,1
TCGA-86-7954-01A-11R-2187-07,0.8074250232254706,1
TCGA-CC-A9FS-01A-11R-A37K-07,0.8684238489047327,1
TCGA-25-1870-01A-01R-1567-13,0.7098558263797505,1
TCGA-63-7022-01A-11R-1949-07,0.5382724134608081,1
TCGA-R6-A6KZ-01A-11R-A31P-31,0.8874931678176504,1
TCGA-AA-3562-01A-02R-0821-07,0.7315292783400872,1
TCGA-D5-6541-01A-11R-1723-07,0.8294776356956652,1
TCGA-PJ-A5Z8-01A-11R-A28H-07,0.6613958265016328,0
TCGA-BP-5010-01A-02R-1420-07,0.8139232802346169,0
TCGA-66-2790-01A-01R-0980-07,0.4807990813910341,1
TCGA-AL-A5DJ-01A-11R-A26U-07,0.8450711904649905,1
TCGA-AR-A0TR-01A-11R-A084-07,0.5072930081328024,0
TCGA-AA-3979-01A-01R-1022-07,0.4732534420082126,1
TCGA-A1-A0SJ-01A-11R-A084-07,0.49445822069258916,1
TCGA-AO-A0JA-01A-11R-A056-07,0.8258063555932385,1
TCGA-86-A4JF-01A-11R-A24X-07,0.569172993111051,1
TCGA-Z6-A8JD-01A-11R-A36D-31,0.8094910990687166,1
TCGA-92-7341-01A-31R-2045-07,0.46843272758931087,1
TCGA-E2-A15O-01A-11R-A115-07,0.9152889619978578,0
TCGA-V1-A9O9-01A-11R-A41O-07,0.8735261663810051,1
TCGA-67-6215-01A-11R-1755-07,0.7885871760205103,0
TCGA-AY-6386-01A-21R-1723-07,0.4649316291469432,1
TCGA-LN-A4A3-01A-11R-A260-31,0.3255952232213223,1
TCGA-44-6778-01A-11R-1858-07,0.8245546941354878,0
TCGA-RU-A8FL-01A-11R-A37K-07,0.9234548791335457,1
TCGA-G3-AAV1-01A-11R-A38B-07,0.7101237132154229,0
TCGA-CH-5745-01A-11R-1580-07,0.45775636511639695,0
TCGA-85-8580-01A-31R-2403-07,0.42228449431138027,1
TCGA-AK-3454-01A-02R-1277-07,0.7237255564600457,1
TCGA-M7-A722-01A-12R-A36G-07,0.32609278432426003,1
TCGA-3A-A9IN-01A-11R-A39D-07,0.9249708690407035,1
TCGA-49-4501-01A-01R-1206-07,0.4393722209361761,1
TCGA-44-7667-01A-31R-2066-07,0.35198527580505184,1
TCGA-86-7714-01A-12R-2170-07,0.5509063158618681,1
TCGA-34-5929-01A-11R-1820-07,0.7662118254415392,0
TCGA-BC-A10R-01A-11R-A131-07,0.9703962887513663,1
TCGA-39-5027-01A-21R-1820-07,0.3630673505200504,1
TCGA-AA-A00E-01A-01R-A002-07,0.6952966014156179,1
TCGA-22-5473-01A-01R-1635-07,0.772627973763711,0
TCGA-LL-A7T0-01A-31R-A352-07,0.7948000707823063,1
TCGA-13-1410-01A-01R-1565-13,0.7341614320258044,1
TCGA-G9-6377-01A-11R-1965-07,0.63124863129945,1
TCGA-EJ-7784-01A-11R-2118-07,0.8507540095159296,1
TCGA-51-4081-01A-01R-1100-07,0.3969075232760389,0
TCGA-5P-A9JW-01A-11R-A42S-07,0.49683870084996923,0
TCGA-DV-5567-01A-01R-1541-07,0.8476290172006349,1
TCGA-BH-A1FU-01A-11R-A14D-07,0.44750490254743847,0
TCGA-AR-A1AR-01A-31R-A137-07,0.43925378060907383,1
TCGA-43-7658-01A-11R-2125-07,0.9253921517827413,1
TCGA-BF-A1PU-01A-11R-A18S-07,0.35774672267129015,0
TCGA-CM-6171-01A-11R-1653-07,0.7932779435909594,1
TCGA-EW-A1J2-01A-21R-A13Q-07,0.7401052900109665,1
TCGA-UB-A7MF-01A-11R-A33J-07,0.9003881761371725,0
TCGA-DD-AAD0-01A-11R-A41C-07,0.7743042146807679,0
TCGA-85-6561-01A-11R-1820-07,0.86384477003914,1
TCGA-G9-6367-01A-11R-1789-07,0.38832920613485866,1
TCGA-DM-A1D9-01A-11R-A155-07,0.8210543472607159,1
TCGA-EJ-7783-01A-11R-2118-07,0.910459626889816,1
TCGA-33-AASD-01A-11R-A405-07,0.7104685807409008,1
TCGA-97-8177-01A-11R-2287-07,0.8343446090528759,1
TCGA-NH-A6GA-01A-11R-A37K-07,0.8721286416690209,0
TCGA-BH-A1FC-01A-11R-A13Q-07,0.3355581163416496,1
TCGA-BP-4165-01A-02R-1289-07,0.2773376813383254,1
TCGA-AA-A02R-01A-01R-A00A-07,0.8595389316935612,1
TCGA-AD-6899-01A-11R-1928-07,0.6327380046120068,1
TCGA-LN-A4MQ-01A-11R-A28J-31,0.6332206859754286,1
TCGA-KK-A59Z-01A-12R-A26U-07,0.5891451060380575,1
TCGA-MI-A75H-01A-11R-A32O-07,0.5908722800042292,0
TCGA-38-4630-01A-01R-1206-07,0.9319986747860642,1
TCGA-EP-A3RK-01A-11R-A22L-07,0.7255319007102277,1
TCGA-5C-A9VG-01A-11R-A37K-07,0.6102115548420516,1
TCGA-BH-A0E7-01A-11R-A034-07,0.6035997306485291,1
TCGA-AA-3956-01A-02R-1022-07,0.7956396387926417,0
TCGA-HC-8216-01A-11R-A29R-07,0.9254563087969773,1
TCGA-EJ-5519-01A-01R-1580-07,0.5754153448857041,1
TCGA-AA-3949-01A-01R-1022-07,0.7527215024652247,0
TCGA-B0-5121-01A-02R-1420-07,0.5227637925691753,1
TCGA-10-0926-01A-01R-1564-13,0.2429212859086924,1
TCGA-AK-3451-01A-02R-1188-07,0.5543694872461139,1
TCGA-A8-A085-01A-11R-A00Z-07,0.9295245452648548,0
TCGA-BH-A18M-01A-11R-A12D-07,0.6991869433957532,1
TCGA-G4-6315-01A-11R-1723-07,0.5609292446224402,1
TCGA-MP-A4TE-01A-22R-A466-07,0.9022090039765023,1
TCGA-EB-A4IS-01A-21R-A266-07,0.5527642393165314,1
TCGA-AN-A0AS-01A-11R-A00Z-07,0.7671415865927138,1
TCGA-CW-5583-01A-02R-1541-07,0.880287665695041,1
TCGA-BH-A18T-01A-11R-A12D-07,0.30911751160532597,0
TCGA-E9-A22E-01A-11R-A157-07,0.39792805228373623,1
TCGA-A2-A1FW-01A-11R-A13Q-07,0.7670867002596793,1
TCGA-H6-A45N-01A-11R-A26U-07,0.865404600362803,1
TCGA-A2-A0SW-01A-11R-A084-07,0.39999210885361414,0
TCGA-B0-5712-01A-11R-1672-07,0.8422377347892651,1
TCGA-85-8277-01A-11R-2296-07,0.8249787859795377,1
TCGA-E2-A1II-01A-11R-A144-07,0.6986961877891077,1
TCGA-24-2267-01A-01R-1568-13,0.8356270987922457,1
TCGA-77-8131-01A-11R-2247-07,0.4109593631553787,1
TCGA-3A-A9IZ-01A-12R-A41B-07,0.5764910707358692,0
TCGA-55-7816-01A-11R-2170-07,0.7953478362630321,1
TCGA-AA-3509-01A-01R-1410-07,0.790990378998334,1
TCGA-25-1322-01A-01R-1565-13,0.8269738256839165,1
TCGA-35-5375-01A-01R-1628-07,0.7522809585722088,1
TCGA-CJ-4918-01A-01R-1426-07,0.6742629469718606,1
TCGA-ED-A66X-01A-11R-A311-07,0.9542388060387109,1
TCGA-FV-A3I0-01A-11R-A22L-07,0.9533834070874895,0
TCGA-AO-A0JG-01A-31R-A084-07,0.595266461722855,1
TCGA-XJ-A9DK-01A-11R-A37L-07,0.5844504887555074,1
TCGA-BH-A0BT-01A-11R-A12P-07,0.404862130318765,1
TCGA-29-1783-01A-01R-1567-13,0.8347018202180925,0
TCGA-QG-A5Z1-01A-11R-A28H-07,0.7335985642522008,1
TCGA-F4-6805-01A-11R-1839-07,0.6433690192368939,1
TCGA-18-4086-01A-01R-1100-07,0.8174734223004169,1
TCGA-99-8028-01A-11R-2241-07,0.7519306520163487,1
TCGA-B0-5109-01A-02R-1420-07,0.8072873959008458,1
TCGA-E2-A1B6-01A-31R-A12P-07,0.46195907058136754,1
TCGA-S4-A8RM-01A-11R-A37L-07,0.6947297741796608,1
TCGA-49-4486-01A-01R-1206-07,0.7376386020056501,1
TCGA-E9-A248-01A-11R-A169-07,0.3690450521703915,1
TCGA-IB-AAUR-01A-21R-A38C-07,0.5593266274615691,1
TCGA-BC-A69I-01A-11R-A311-07,0.46374377265390865,1
TCGA-AC-A23G-01A-11R-A213-07,0.9030263581260648,0
TCGA-DD-AADG-01A-11R-A41C-07,0.4525315413812797,0
TCGA-A8-A08S-01A-11R-A034-07,0.342008036122252,1
TCGA-D8-A27G-01A-11R-A16F-07,0.9575763781038424,1
TCGA-A2-A0YT-01A-11R-A109-07,0.899730397329952,1
TCGA-2H-A9GH-01A-11R-A37I-31,0.8401947741767907,1
TCGA-GM-A4E0-01A-12R-A266-07,0.7415536514653654,1
TCGA-86-8358-01A-11R-2326-07,0.750792226949306,1
TCGA-39-5034-01A-01R-1443-07,0.8794424156720856,1
TCGA-E9-A1N3-01A-12R-A157-07,0.9657672051020512,1
TCGA-91-8496-01A-11R-2403-07,0.7475626073333187,1
TCGA-KC-A7FE-01A-12R-A33R-07,0.6449137232037586,1
TCGA-04-1655-01A-01R-1566-13,0.5165148617710716,1
TCGA-A4-7584-01A-11R-2139-07,0.48375731522792537,1
TCGA-HZ-7918-01A-11R-2156-07,0.5965274092719427,1
TCGA-AK-3440-01A-02R-1277-07,0.8687094969528126,0
TCGA-CZ-4857-01A-01R-1305-07,0.8798326550143188,1
TCGA-B9-4116-01A-02R-1351-07,0.9351506877444669,1
TCGA-DZ-6133-01A-11R-1965-07,0.49899000964647977,0
TCGA-J9-A52E-01A-11R-A26U-07,0.7277073148408296,1
TCGA-ER-A2NB-01A-12R-A18S-07,0.7140167617763336,1
TCGA-A3-3346-01A-01R-1766-07,0.915451227709318,1
TCGA-3A-A9IO-01A-11R-A38C-07,0.2552509575565504,1
TCGA-BP-4325-01A-02R-1289-07,0.4563598274810742,1
TCGA-IB-7889-01A-11R-2156-07,0.6951102280772077,0
TCGA-A8-A07F-01A-11R-A00Z-07,0.5106871981921228,1
TCGA-78-7162-01A-21R-2066-07,0.7348196927659122,1
TCGA-IB-7644-01A-11R-2156-07,0.6581869700428828,0
TCGA-36-1569-01A-01R-1566-13,0.8650120019746707,0
TCGA-52-7622-01A-11R-2125-07,0.796403928755905,1
TCGA-69-8453-01A-12R-2326-07,0.41281067595561777,1
TCGA-OL-A66N-01A-12R-A31O-07,0.7964580838138265,1
TCGA-CC-A9FV-01A-11R-A37K-07,0.9626922333131687,1
TCGA-XD-AAUI-01A-42R-A41B-07,0.6117590800457532,1
TCGA-GM-A2DN-01A-11R-A180-07,0.7349620501616729,0
TCGA-G3-A3CK-01A-11R-A213-07,0.5557349459450187,0
TCGA-BP-4771-01A-01R-1289-07,0.8833552841792236,0
TCGA-DD-AACO-01A-11R-A41C-07,0.6530320345122296,1
TCGA-75-7031-01A-11R-1949-07,0.43009757499536727,1
TCGA-24-1552-01A-01R-1566-13,0.5967342503757931,1
TCGA-85-8287-01A-11R-2296-07,0.5302668181903293,0
TCGA-AY-6197-01A-11R-1723-07,0.8355962696445357,1
TCGA-96-A4JK-01A-11R-A24Z-07,0.43450442110872783,1
TCGA-C8-A12Z-01A-11R-A115-07,0.43562217347794374,1
TCGA-E9-A3Q9-01A-11R-A21T-07,0.5998091256514219,1
TCGA-AC-A8OR-01A-21R-A41B-07,0.9257774472712528,1
TCGA-44-5644-01A-21R-2039-07,0.5461716554409098,1
TCGA-A2-A0T3-01A-21R-A115-07,0.3956920243538739,1
TCGA-A4-8098-01A-11R-2404-07,0.9120732568291188,1
TCGA-EB-A82C-01A-11R-A352-07,0.5280795949020021,0
TCGA-DM-A1D0-01A-11R-A155-07,0.6622005904666078,1
TCGA-BF-AAP1-01A-11R-A39D-07,0.7585180846778229,1
TCGA-S3-AA12-01A-11R-A41B-07,0.5387398239931317,0
TCGA-24-2024-01A-02R-1568-13,0.5737931827849804,1
TCGA-24-2026-01A-01R-1567-13,0.9507149481359191,1
TCGA-G7-6796-01A-11R-1965-07,0.5956114921312502,1
TCGA-AL-3473-01A-01R-1193-07,0.5994559793733203,1
TCGA-Y8-A894-01A-11R-A36F-07,0.8761243305106061,1
TCGA-22-5483-01A-01R-1820-07,0.8201393820187896,1
TCGA-CJ-4644-01A-02R-1325-07,0.8746911848870004,1
TCGA-22-5489-01A-01R-1635-07,0.8749015244414229,1
TCGA-D8-A1JP-01A-11R-A13Q-07,0.491672040247627,0
TCGA-B9-A5W9-01A-11R-A28H-07,0.8051357784129124,1
TCGA-13-0886-01A-01R-1569-13,0.8156112163136949,1
TCGA-EB-A4P0-01A-41R-A266-07,0.811223404205384,1
TCGA-G4-6307-01A-11R-1723-07,0.7861986609912195,0
TCGA-DD-AAEH-01A-11R-A41C-07,0.6112196602231873,1
TCGA-FV-A2QQ-01A-11R-A22L-07,0.5746656771996456,0
TCGA-MP-A4SW-01A-21R-A24X-07,0.531732962578507,1
TCGA-P4-A5ED-01A-11R-A28H-07,0.5537775757615792,1
TCGA-CA-6719-01A-11R-1839-07,0.5944854113581419,1
TCGA-AY-4071-01A-01R-1113-07,0.7903212830685731,1
TCGA-B8-4622-01A-02R-1277-07,0.4031339530510937,1
TCGA-AO-A1KP-01A-11R-A13Q-07,0.8908321756155053,1
TCGA-A8-A081-01A-11R-A00Z-07,0.30700843401564426,0
TCGA-24-2262-01A-01R-1568-13,0.8244320013567576,1
TCGA-3A-A9I7-01A-21R-A38C-07,0.5453635060769749,1
TCGA-A2-A0CW-01A-21R-A115-07,0.2794254635047235,1
TCGA-UZ-A9Q0-01A-12R-A42S-07,0.5519289816056313,1
TCGA-56-8082-01A-11R-2247-07,0.43616937512552995,0
TCGA-39-5019-01A-01R-1820-07,0.8143679597374132,1
TCGA-G3-A5SI-01A-31R-A27V-07,0.8106731365252915,1
TCGA-A2-A0EX-01A-21R-A034-07,0.7223633792293586,1
TCGA-AR-A2LJ-01A-12R-A19W-07,0.8640467395889527,1
TCGA-R6-A6DN-01B-11R-A31P-31,0.789762191667601,1
TCGA-B0-4842-01A-02R-1420-07,0.2749293421143022,1
TCGA-90-A4EE-01A-11R-A24Z-07,0.7615378695310965,0
TCGA-DW-7834-01A-11R-2139-07,0.6855955678386592,1
TCGA-A3-3317-01A-02R-1325-07,0.8633448247832423,1
TCGA-LN-A7HY-01A-12R-A354-31,0.6147903814753615,0
TCGA-B0-5080-01A-01R-1503-07,0.3255025043029089,1
TCGA-DD-AAW3-01A-11R-A41C-07,0.7855481360213813,1
TCGA-CM-5862-01A-01R-1653-07,0.45369790147006406,1
TCGA-G9-6494-01A-11R-1789-07,0.5143388624197092,0
TCGA-2J-AABT-01A-11R-A41B-07,0.6384734966518267,1
TCGA-AA-3693-01A-01R-0905-07,0.7826131196596509,0
TCGA-2V-A95S-01A-11R-A37K-07,0.7117633614321206,1
TCGA-44-7669-01A-21R-2066-07,0.46796446684032705,0
TCGA-BP-5008-01A-01R-1334-07,0.8893290845396064,1
TCGA-D5-6920-01A-11R-1928-07,0.7994169792359833,1
TCGA-K7-A5RG-01A-11R-A28V-07,0.6488496631364254,1
TCGA-BP-4795-01A-02R-1420-07,0.603468919835887,1
TCGA-18-3419-01A-01R-0980-07,0.532064992870554,0
TCGA-G9-6332-01A-11R-1789-07,0.48075342176474745,1
TCGA-56-8309-01A-11R-2296-07,0.8325753917794438,1
TCGA-AC-A23E-01A-11R-A157-07,0.4332584953306309,1
TCGA-BQ-7046-01A-11R-1965-07,0.7974121111584619,1
TCGA-AN-A0AT-01A-11R-A034-07,0.4533558824472204,1
TCGA-BH-A0E9-01B-11R-A115-07,0.7465775518040223,0
TCGA-AA-3663-01A-01R-1723-07,0.7503422554625018,1
TCGA-A2-A0YI-01A-31R-A10J-07,0.7666950701400463,1
TCGA-34-8456-01A-21R-2326-07,0.8722463917322395,1
TCGA-AR-A1AJ-01A-21R-A12P-07,0.8039654046444628,1
TCGA-44-6145-01A-11R-1755-07,0.6086087527410384,1
TCGA-BP-4344-01A-01R-1289-07,0.4649965159967721,1
TCGA-5C-A9VH-01A-11R-A37K-07,0.7563162713087314,1
TCGA-62-8399-01A-21R-2326-07,0.8516698775746384,0
TCGA-A8-A08T-01A-21R-A00Z-07,0.9706556327714169,1
TCGA-56-7222-01A-11R-2045-07,0.354861488161857,0
TCGA-PZ-A5RE-01A-11R-A32O-07,0.4744329902010269,1
TCGA-EJ-5509-01A-01R-1580-07,0.6122149538836975,0
TCGA-58-8392-01A-11R-2326-07,0.4559315596180252,1
TCGA-18-5595-01A-01R-1635-07,0.7669339376144599,1
TCGA-29-1695-01A-01R-1567-13,0.7050617941466417,1
TCGA-B0-4833-01A-01R-1305-07,0.5879513206265548,1
TCGA-D8-A27E-01A-11R-A16F-07,0.5442443855558903,0
TCGA-BH-A209-01A-11R-A157-07,0.4697767713549859,1
TCGA-BH-A0W4-01A-11R-A109-07,0.45192095822892686,0
TCGA-DV-5565-01A-01R-1541-07,0.5006118714187804,0
TCGA-94-A5I6-01A-21R-A27Q-07,0.771035688791548,0
TCGA-61-1725-01A-01R-1567-13,0.40224390379195907,1
TCGA-B0-5098-01A-01R-1420-07,0.7080067301180619,1
TCGA-13-0905-01B-01R-1565-13,0.6555426968753437,1
TCGA-AA-3667-01A-01R-0905-07,0.35619716501069376,1
TCGA-D8-A1XC-01A-11R-A14D-07,0.5205353248104919,0
TCGA-J4-A6M7-01A-11R-A31N-07,0.5575080081677122,1
TCGA-24-1544-01A-01R-1566-13,0.6374048657914089,0
TCGA-YL-A9WJ-01A-11R-A37L-07,0.7293814248836422,1
TCGA-29-1785-01A-01R-1567-13,0.7583739436543223,0
TCGA-98-8020-01A-11R-2247-07,0.4842714133841037,0
TCGA-XJ-A9DQ-01A-11R-A37L-07,0.45977651930970637,0
TCGA-C8-A8HP-01A-11R-A36F-07,0.5377318505457824,1
TCGA-B0-5096-01A-01R-1420-07,0.7176050153899508,1
TCGA-E9-A3QA-01A-61R-A22K-07,0.52595814478797,1
TCGA-BH-A0WA-01A-11R-A109-07,0.42950182920996355,1
TCGA-66-2791-01A-01R-0980-07,0.8939757786139564,1
TCGA-BH-A0HN-01A-11R-A10U-07,0.559897180630707,1
TCGA-F4-6463-01A-11R-1723-07,0.5651062836928836,0
TCGA-A2-A1FZ-01A-51R-A14D-07,0.7289848764809808,1
TCGA-VP-AA1N-01A-31R-A41O-07,0.8587470618595691,1
TCGA-A3-3359-01A-01R-0864-07,0.9160070863852197,1
TCGA-AN-A049-01A-21R-A00Z-07,0.4402617938876019,1
TCGA-CZ-5462-01A-01R-1503-07,0.16343046600318142,1
TCGA-CM-6165-01A-11R-1653-07,0.48820080188570636,1
TCGA-DD-A3A3-01A-11R-A22L-07,0.40060701748239097,1
TCGA-AO-A125-01A-11R-A10J-07,0.5233282596494144,1
TCGA-69-7760-01A-11R-2170-07,0.550040059003271,1
TCGA-KC-A7FD-01A-11R-A33R-07,0.5214629347113886,0
TCGA-UZ-A9PK-01A-11R-A38C-07,0.5190960943464037,1
TCGA-62-8398-01A-11R-2326-07,0.825072085108124,1
TCGA-B0-4698-01A-01R-1503-07,0.8749281803407705,1
TCGA-L5-A88V-01A-11R-A354-31,0.6467371171529511,1
TCGA-3A-A9IX-01A-11R-A41B-07,0.6538605785021341,1
TCGA-55-A4DG-01A-11R-A24H-07,0.565503512769984,1
TCGA-EW-A424-01A-11R-A24H-07,0.6904286260422966,1
TCGA-60-2706-01A-01R-0851-07,0.5614207027666874,1
TCGA-IA-A40U-01A-11R-A24Z-07,0.8063048933204178,1
TCGA-GM-A3XG-01A-31R-A24H-07,0.6868150888793529,0
TCGA-ZR-A9CJ-01B-11R-A38D-31,0.7513532067112066,1
TCGA-BH-A18G-01A-11R-A12D-07,0.4788103285870254,1
TCGA-G9-6384-01A-11R-1789-07,0.4774585335055875,0
TCGA-67-6216-01A-11R-1755-07,0.4879554371500341,1
TCGA-13-1488-01A-01R-1565-13,0.6483277969494425,1
TCGA-G9-6343-01A-21R-1965-07,0.8511757388516534,1
TCGA-90-A59Q-01A-11R-A26W-07,0.60325660131395,1
TCGA-CW-5580-01A-01R-1672-07,0.9799267171393082,1
TCGA-25-1625-01A-01R-1566-13,0.8079367254500064,1
TCGA-EJ-A8FS-01A-11R-A352-07,0.39095217436050017,1
TCGA-CM-6164-01A-11R-1653-07,0.5827437999145677,0
TCGA-29-1763-01A-02R-1567-13,0.6217160515374064,0
TCGA-97-7941-01A-11R-2187-07,0.6390268724519784,1
TCGA-B0-4696-01A-01R-1277-07,0.6726525320130481,1
TCGA-AA-3675-01A-02R-0905-07,0.7823975399958036,1
TCGA-HC-A6AS-01A-11R-A30B-07,0.8872392170184981,1
TCGA-LN-A7HW-01A-22R-A354-31,0.7325736853663941,1
TCGA-50-6595-01A-12R-1858-07,0.4083938854107159,0
TCGA-05-4433-01A-22R-1858-07,0.5459818108353754,1
TCGA-B0-5113-01A-01R-1420-07,0.6207038077635713,1
TCGA-OL-A66I-01A-21R-A29R-07,0.6004203383570405,1
TCGA-GM-A2DL-01A-11R-A18M-07,0.4591284332697309,1
TCGA-10-0934-01A-02R-1564-13,0.3434592394880533,1
TCGA-B1-5398-01A-02R-1592-07,0.4666267220747981,1
TCGA-09-1667-01C-01R-1566-13,0.3999954737714896,1
TCGA-69-7979-01A-11R-2187-07,0.5773141157903735,1
TCGA-22-1017-01A-01R-0692-07,0.8205468615867947,1
TCGA-BP-4759-01A-01R-1289-07,0.9745764950952938,1
TCGA-ED-A459-01A-11R-A266-07,0.725532197067039,1
TCGA-EB-A51B-01A-11R-A27Q-07,0.5075007440281281,1
TCGA-CW-6090-01A-11R-1672-07,0.6720244283104736,1
TCGA-AA-3968-01A-01R-1022-07,0.8132997497412021,1
TCGA-85-8276-01A-11R-2296-07,0.5330186302056492,1
TCGA-D5-6924-01A-11R-1928-07,0.6801295064853697,1
TCGA-95-7947-01A-11R-2187-07,0.7775239076848552,1
TCGA-50-5932-01A-11R-1755-07,0.8268485891560189,1
TCGA-G9-6342-01A-11R-1965-07,0.6568759284056539,1
TCGA-BH-A0H9-01A-11R-A056-07,0.9337093542662425,1
TCGA-AR-A24X-01A-11R-A169-07,0.4900592311650058,1
TCGA-A4-A5Y1-01A-11R-A28H-07,0.5949104047504475,1
TCGA-AR-A1AV-01A-21R-A12P-07,0.4343215314907385,1
TCGA-33-4582-01A-01R-1443-07,0.7680420313829331,1
TCGA-A7-A0DC-01B-04R-A22O-07,0.5500273244934276,1
TCGA-E9-A245-01A-22R-A16F-07,0.6617127103305822,1
TCGA-LN-A49Y-01A-11R-A260-31,0.7502350185409602,1
TCGA-BP-4960-01A-01R-1334-07,0.47790592455025155,1
TCGA-CJ-4641-01A-02R-1325-07,0.4446611563335101,1
TCGA-55-7281-01A-11R-2039-07,0.8755594183384484,1
TCGA-AA-3870-01A-01R-1022-07,0.7643984520552682,1
TCGA-MI-A75E-01A-11R-A32O-07,0.6996661391606359,1
TCGA-DD-A1EF-01A-11R-A131-07,0.9045892771345742,1
TCGA-VR-A8EX-01A-11R-A36D-31,0.694493315554985,1
TCGA-56-8504-01A-11R-2403-07,0.8503770913956481,1
TCGA-MG-AAMC-01A-11R-A41O-07,0.5120409227132642,0
TCGA-56-A49D-01A-11R-A24H-07,0.5806820961746169,1
TCGA-39-5022-01A-21R-1820-07,0.5371659923470711,0
TCGA-55-7573-01A-11R-2039-07,0.7978583044990122,0
TCGA-13-0730-01A-01R-1564-13,0.47651728784160374,1
TCGA-D5-6538-01A-11R-1723-07,0.9460226845460379,1
TCGA-2Y-A9GU-01A-11R-A38B-07,0.5716343212851549,0
TCGA-YL-A8HJ-01A-11R-A36G-07,0.9353584453949809,1
TCGA-05-4396-01A-21R-1858-07,0.7223895012644669,1
TCGA-E2-A1LL-01A-11R-A144-07,0.4409259038883768,1
TCGA-24-2281-01A-01R-1568-13,0.6958500024123935,1
TCGA-33-A4WN-01A-11R-A262-07,0.8205840615016574,1
TCGA-CZ-5985-01A-11R-1672-07,0.48246781764280733,1
TCGA-GN-A263-01A-11R-A18T-07,0.47697883005247077,1
TCGA-E9-A1RE-01A-11R-A157-07,0.7692227215239326,1
TCGA-E2-A15M-01A-11R-A12D-07,0.4247164210740417,0
TCGA-HC-8262-01A-11R-2263-07,0.6276906294261901,1
TCGA-DM-A0X9-01A-11R-A155-07,0.8058660226277481,1
TCGA-A7-A4SC-01A-12R-A266-07,0.6786709468090905,0
TCGA-AN-A04A-01A-21R-A034-07,0.46115209925979733,0
TCGA-QA-A7B7-01A-11R-A32O-07,0.5414585271336697,1
TCGA-29-2427-01A-01R-1569-13,0.7490117802270747,0
TCGA-25-1633-01A-01R-1566-13,0.9273175535622279,1
TCGA-85-A510-01A-11R-A26W-07,0.7716335488681094,1
TCGA-75-5147-01A-01R-1628-07,0.470629532602516,0
TCGA-D3-A5GT-01A-12R-A311-07,0.6061693541879266,1
TCGA-49-AARR-01A-11R-A41B-07,0.6457501637876271,1
TCGA-CH-5740-01A-11R-1580-07,0.6426257208937488,1
TCGA-BH-A0W3-01A-11R-A109-07,0.9348423538981383,1
TCGA-13-1487-01A-01R-1565-13,0.7225630836117368,1
TCGA-CZ-5464-01A-01R-1503-07,0.844379264650925,0
TCGA-HC-A8D1-01A-11R-A36G-07,0.41776801903156974,1
TCGA-13-0884-01B-01R-1565-13,0.7630488084822804,0
TCGA-D8-A1JD-01A-11R-A13Q-07,0.9351105294491527,1
TCGA-61-2009-01A-01R-1568-13,0.7187453448285391,0
TCGA-J4-A67N-01A-11R-A30B-07,0.8904479557953057,1
TCGA-66-2788-01A-01R-0980-07,0.9045661745310732,1
TCGA-EJ-5501-01A-01R-1580-07,0.6534245807767277,1
TCGA-BC-4072-01B-11R-A155-07,0.8572021026284995,1
TCGA-LN-A5U7-01A-11R-A31P-31,0.615362543350277,1
TCGA-IG-A4QT-01A-21R-A260-31,0.9048761649868479,1
TCGA-YL-A9WX-01A-21R-A41O-07,0.8288114427655461,1
TCGA-3A-A9IL-01A-11R-A38C-07,0.905908716768239,1
TCGA-AD-6965-01A-11R-1928-07,0.8930725618165988,1
TCGA-60-2704-01A-11R-2045-07,0.4983597782047376,1
TCGA-AA-3514-01A-02R-0821-07,0.6952931964728306,1
TCGA-IB-A5ST-01A-11R-A32O-07,0.6425711558298052,1
TCGA-BH-A0DQ-01A-11R-A084-07,0.9019329671742531,1
TCGA-D8-A1XY-01A-11R-A14M-07,0.7075206460845688,1
TCGA-ZG-A9LB-01A-11R-A41O-07,0.5320093381618333,1
TCGA-L5-A4OR-01A-11R-A260-31,0.758220394296556,1
TCGA-LD-A74U-01A-13R-A33J-07,0.7937414194517074,1
TCGA-B8-4148-01A-02R-1325-07,0.8302298022980124,1
TCGA-77-8009-01A-11R-2187-07,0.42479662741590885,1
TCGA-55-7574-01A-11R-2039-07,0.5136518531956088,1
TCGA-XA-A8JR-01A-11R-A36G-07,0.8026449637794945,0
TCGA-B0-5095-01A-01R-1420-07,0.3930979783174727,1
TCGA-NC-A5HE-01A-11R-A26W-07,0.5504949436981527,1
TCGA-RC-A6M4-01A-11R-A32O-07,0.7790351436627952,1
TCGA-EJ-A8FN-01A-11R-A352-07,0.5701462229635137,1
TCGA-2Z-A9JK-01A-11R-A42S-07,0.9247956920321345,1
TCGA-69-8254-01A-11R-2287-07,0.9444225370446998,0
TCGA-67-6217-01A-11R-1755-07,0.796994907382086,1
TCGA-55-7994-01A-11R-2187-07,0.6959372417759734,1
TCGA-55-8090-01A-11R-2241-07,0.7399972295558713,0
TCGA-LN-A5U5-01A-21R-A28J-31,0.707395624782485,1
TCGA-66-2768-01A-01R-0851-07,0.8165888687580698,1
TCGA-WQ-AB4B-01A-11R-A41C-07,0.5199140798261915,1
TCGA-77-6844-01A-11R-1949-07,0.8090749213002747,1
TCGA-A8-A07Z-01A-11R-A00Z-07,0.9006327379411022,1
TCGA-AA-3977-01A-01R-1022-07,0.667563323115098,0
TCGA-AC-A3W7-01A-11R-A22K-07,0.9452311246932559,1
TCGA-CC-5263-01A-01R-A131-07,0.5915612475176851,1
TCGA-18-3411-01A-01R-0980-07,0.7163751102641482,1
TCGA-DM-A0XD-01A-12R-A155-07,0.8511442982170713,0
TCGA-OL-A5RU-01A-11R-A28M-07,0.9152772917892947,1
TCGA-33-AASB-01A-11R-A405-07,0.8488813191092209,1
TCGA-B6-A0RG-01A-11R-A056-07,0.3299432788461455,1
TCGA-DD-AAC8-01A-11R-A41C-07,0.6513749756530866,1
TCGA-VP-A87D-01A-11R-A352-07,0.8727334383880664,1
TCGA-BH-A0HX-01A-21R-A056-07,0.5345303183846974,1
TCGA-BP-4353-01A-02R-1289-07,0.547769968262423,0
TCGA-66-2793-01A-01R-1201-07,0.8455911796682678,1
TCGA-E2-A15A-01A-11R-A12D-07,0.48694683094853264,1
TCGA-61-2094-01A-01R-1568-13,0.7194766975756498,0
TCGA-AA-3502-01A-01R-1410-07,0.9716484506818042,1
TCGA-E9-A22G-01A-11R-A157-07,0.30994407718025524,1
TCGA-A3-3325-01A-01R-0864-07,0.6806873308313717,0
TCGA-BP-4176-01A-02R-1289-07,0.7472635891021097,1
TCGA-09-1669-01A-01R-1566-13,0.7566279198367322,1
TCGA-04-1365-01A-01R-1565-13,0.6480960554115166,1
TCGA-2Z-A9JS-01A-21R-A42S-07,0.644007264988186,1
TCGA-AR-A0U4-01A-11R-A109-07,0.384561355657681,1
TCGA-B0-5713-01A-11R-1672-07,0.6761422690423706,0
TCGA-L3-A4E7-01A-11R-A24Z-07,0.4314628528837086,1
TCGA-G7-6795-01A-11R-1965-07,0.5690506985780404,0
TCGA-AY-5543-01A-01R-1653-07,0.42057474679053714,0
TCGA-G4-6294-01A-11R-1774-07,0.5389903031894866,1
TCGA-CM-5344-01A-21R-1723-07,0.8917892787024606,0
TCGA-TK-A8OK-01A-22R-A36G-07,0.6645411361292223,0
TCGA-VR-AA4G-01A-11R-A37I-31,0.7030121421464061,1
TCGA-JY-A93C-01A-11R-A38D-31,0.8037635589854379,1
TCGA-G9-6356-01A-11R-1789-07,0.5826519633860935,0
TCGA-A2-A0ER-01A-21R-A034-07,0.8791231465488314,1
TCGA-62-A46O-01A-11R-A24H-07,0.44304892403047735,1
TCGA-BQ-5885-01A-11R-1592-07,0.8479242097290723,1
TCGA-E2-A1IN-01A-11R-A13Q-07,0.39652642113064085,1
TCGA-NJ-A55R-01A-11R-A262-07,0.8800628831802179,0
TCGA-A3-3383-01A-02R-1325-07,0.43891774517327803,1
TCGA-B4-5844-01A-11R-1672-07,0.2752001348315264,1
TCGA-CJ-5676-01A-11R-1541-07,0.8853777661564418,1
TCGA-MH-A561-01A-11R-A26U-07,0.4770815344602056,1
TCGA-96-A4JL-01A-11R-A24Z-07,0.9177402994823057,0
TCGA-KK-A6DY-01A-12R-A311-07,0.8871356596611619,1
TCGA-2Z-A9JP-01A-11R-A42S-07,0.7504652473696212,1
TCGA-VR-A8ER-01A-11R-A36D-31,0.8665573023044093,1
TCGA-24-2288-01A-01R-1568-13,0.9062045008117605,1
TCGA-A8-A0AD-01A-11R-A056-07,0.722127582772192,1
TCGA-B6-A0IQ-01A-11R-A034-07,0.6460460607405348,1
TCGA-DM-A28A-01A-21R-A32Y-07,0.6700003892317162,1
TCGA-09-0369-01A-01R-1564-13,0.5956310850707363,1
TCGA-G7-A8LD-01A-11R-A36F-07,0.9191963911688792,1
TCGA-A4-7732-01A-11R-2139-07,0.8228647778826079,1
TCGA-QU-A6IP-01A-11R-A31N-07,0.5471266774959233,1
TCGA-DD-A1EG-01A-11R-A213-07,0.6790299704117045,0
TCGA-BP-5004-01A-01R-1334-07,0.7292623446764894,0
TCGA-BP-5006-01A-01R-1334-07,0.8446176252475055,1
TCGA-A6-6781-01A-22R-A278-07,0.8609100483789872,1
TCGA-CA-5255-01A-11R-1839-07,0.7769807233579419,0
TCGA-66-2782-01A-01R-0851-07,0.7632720029014284,1
TCGA-MP-A4SY-01A-21R-A24X-07,0.5450440983861623,1
TCGA-44-3398-01A-01R-1107-07,0.5036222105921544,1
TCGA-97-8171-01A-11R-2287-07,0.8251116689743805,1
TCGA-BH-A0BG-01A-11R-A115-07,0.7388383872176723,0
TCGA-B0-4834-01A-01R-1305-07,0.920404610906962,0
TCGA-A2-A25B-01A-11R-A169-07,0.41419989390799766,1
TCGA-70-6723-01A-11R-1820-07,0.7694548240698519,1
TCGA-KK-A8IJ-01A-11R-A352-07,0.7956926402087371,1
TCGA-CZ-5986-01A-11R-1672-07,0.29192787392204045,1
TCGA-BH-A1EN-01A-11R-A13Q-07,0.9028180584135757,1
TCGA-CH-5768-01A-11R-1580-07,0.868348226304722,1
TCGA-B0-4846-01A-01R-1277-07,0.568773556976318,1
TCGA-E2-A2P6-01A-11R-A19W-07,0.6505968091144277,1
TCGA-AK-3434-01A-02R-1277-07,0.8212210084958788,1
TCGA-WW-A8ZI-01A-11R-A37L-07,0.47687991845298977,1
TCGA-56-7730-01A-11R-2125-07,0.7212995812451032,1
TCGA-3A-A9I9-01A-11R-A38C-07,0.6344494911389013,0
TCGA-EP-A2KC-01A-11R-A213-07,0.8969989938799937,1
TCGA-AO-A1KO-01A-31R-A13Q-07,0.4998421387582625,1
TCGA-BH-A18K-01A-11R-A12D-07,0.4880567105200075,1
TCGA-D8-A147-01A-11R-A115-07,0.47622204619880004,1
TCGA-24-0979-01A-01R-1565-13,0.8392437728058051,0
TCGA-HC-7821-01A-12R-2118-07,0.548026460526275,1
TCGA-3A-A9IU-01A-11R-A39D-07,0.6562650047776034,1
TCGA-AC-A3QP-01A-11R-A22U-07,0.8316663747001922,1
TCGA-E9-A226-01A-21R-A157-07,0.40275553642290113,1
TCGA-MP-A4T7-01A-11R-A24X-07,0.8096291680294769,1
TCGA-HE-7129-01A-11R-1965-07,0.3583264863743999,1
TCGA-91-7771-01A-11R-2170-07,0.7693758474226526,1
TCGA-CC-A7IK-01A-12R-A33R-07,0.6340022223257148,1
TCGA-AD-6895-01A-11R-1928-07,0.6760415422825583,1
TCGA-2Z-A9JN-01A-21R-A42S-07,0.36580011879441104,1
TCGA-Y8-A898-01A-11R-A355-07,0.8745146876660533,1
TCGA-24-1545-01A-01R-1566-13,0.8680391149849441,1
TCGA-60-2711-01A-01R-0851-07,0.48882627559609354,1
TCGA-US-A77G-01A-11R-A32O-07,0.8753798520035777,1
TCGA-44-5645-01B-04R-A277-07,0.7572029642725132,1
TCGA-23-1109-01A-01R-1564-13,0.8593347601676445,1
TCGA-DD-A1EJ-01A-11R-A155-07,0.6678787926971449,1
TCGA-CK-6748-01A-11R-1839-07,0.6750800122485171,0
TCGA-HE-A5NH-01A-11R-A26U-07,0.6589421800753926,0
TCGA-LL-A50Y-01A-11R-A266-07,0.44701109162435104,1
TCGA-BP-5173-01A-01R-1426-07,0.6907471252004034,0
TCGA-V1-A9O7-01A-21R-A41O-07,0.934834052396062,0
TCGA-L5-A4OJ-01A-11R-A260-31,0.8153569056051364,1
TCGA-05-4434-01A-01R-1206-07,0.8387673713134004,1
TCGA-AZ-4682-01B-01R-A32Z-07,0.8000050655245007,1
TCGA-D8-A1J9-01A-11R-A13Q-07,0.42358391443915044,1
TCGA-CH-5746-01A-11R-1580-07,0.5766775118610411,0
TCGA-KV-A6GD-01A-11R-A31O-07,0.5662170794577599,1
TCGA-B0-4707-01A-01R-1277-07,0.9069635592091914,1
TCGA-58-8393-01A-11R-2326-07,0.5471996778027889,1
TCGA-FV-A495-01A-11R-A266-07,0.898062417450164,1
TCGA-99-8033-01A-11R-2241-07,0.8245515358756289,1
TCGA-77-8139-01A-11R-2247-07,0.8144580717001346,1
TCGA-ED-A5KG-01A-11R-A27V-07,0.8704597964340399,1
TCGA-94-7033-01A-11R-1949-07,0.7761185995611958,1
TCGA-AA-3530-01A-01R-1022-07,0.7929582778464346,1
TCGA-ZG-A9L1-01A-11R-A41O-07,0.8442833676615907,1
TCGA-FR-A3R1-01A-11R-A239-07,0.39931114444839483,1
TCGA-2Z-A9JL-01A-11R-A42S-07,0.5252827231810577,1
TCGA-20-0987-01A-02R-1564-13,0.45917343471083755,0
TCGA-59-2363-01A-01R-1569-13,0.4108548613310309,1
TCGA-24-1419-01A-01R-1565-13,0.8396933857383626,1
TCGA-BH-A1FH-01A-12R-A13Q-07,0.737305584884425,1
TCGA-B6-A0IA-01A-11R-A034-07,0.546023904596961,1
TCGA-98-7454-01A-11R-2045-07,0.8182455808081807,0
TCGA-5P-A9JZ-01A-11R-A42S-07,0.5641761699135053,1
TCGA-55-6984-01A-11R-1949-07,0.8538910309352395,1
TCGA-HC-8264-01B-11R-2403-07,0.5581517349001036,1
TCGA-G4-6314-01A-11R-1723-07,0.5847445103004449,1
TCGA-68-8250-01A-11R-2296-07,0.6124149946057053,1
TCGA-29-1769-01A-01R-1567-13,0.4266693028678886,0
TCGA-EU-5905-01A-11R-1672-07,0.8785851885672187,1
TCGA-F9-A7Q0-01A-11R-A36F-07,0.479069011953861,1
TCGA-DD-AACN-01A-11R-A41C-07,0.5803653080064345,0
TCGA-A8-A079-01A-21R-A00Z-07,0.749805492418672,1
TCGA-D8-A1JN-01A-11R-A13Q-07,0.9227268762669951,1
TCGA-A8-A08B-01A-11R-A00Z-07,0.3542100811701267,1
TCGA-JY-A6FD-01A-11R-A336-31,0.6427839235482791,1
TCGA-A8-A086-01A-11R-A00Z-07,0.7949529806929145,1
TCGA-13-2060-01A-01R-1568-13,0.482894333384721,1
TCGA-HC-8265-01B-04R-2302-07,0.4790031840501471,1
TCGA-S4-A8RP-01A-11R-A36G-07,0.5972302728893163,1
TCGA-A8-A09Z-01A-11R-A00Z-07,0.871726070913955,1
TCGA-CK-6751-01A-11R-1839-07,0.8255363087486959,0
TCGA-RB-A7B8-01A-12R-A33R-07,0.5789630558079276,1
TCGA-68-7755-01A-11R-2125-07,0.4256084386329698,0
TCGA-66-2759-01A-01R-0851-07,0.8602693928473008,1
TCGA-AA-A00J-01A-02R-A002-07,0.8561619454969986,1
TCGA-L5-A8NL-01A-12R-A37I-31,0.9076790589721595,1
TCGA-24-1557-01A-01R-1566-13,0.8937567814992134,1
TCGA-A7-A3IY-01A-21R-A21T-07,0.790158271227133,1
TCGA-B8-4151-01A-01R-1188-07,0.5415025968953456,1
TCGA-61-1914-01A-01R-1567-13,0.7988540567680141,1
TCGA-IG-A3Y9-01A-12R-A24K-31,0.8323412195049932,1
TCGA-L5-A891-01A-11R-A36D-31,0.4637351872555731,1
TCGA-BP-4983-01A-01R-1334-07,0.931723436136722,1
TCGA-04-1514-01A-01R-1566-13,0.8340493651717086,1
TCGA-NJ-A55A-01A-11R-A262-07,0.5567508068086615,1
TCGA-A8-A09I-01A-22R-A034-07,0.44553794751103803,1
TCGA-AR-A251-01A-12R-A169-07,0.31311686193446275,1
TCGA-60-2715-01A-01R-0851-07,0.5473088370113669,1
TCGA-D9-A4Z3-01A-11R-A266-07,0.8079475902457753,1
TCGA-E2-A14Q-01A-11R-A12D-07,0.8719731009430977,0
TCGA-EW-A1P7-01A-21R-A144-07,0.539357760943761,1
TCGA-HV-AA8X-01A-11R-A39D-07,0.802645606591333,1
TCGA-ZG-A9L4-01A-11R-A41O-07,0.647110885362503,1
TCGA-VN-A88L-01A-11R-A352-07,0.8577466544501667,1
TCGA-Z7-A8R5-01A-42R-A41B-07,0.4999303871506587,1
TCGA-IG-A51D-01A-11R-A36D-31,0.6873933555156074,0
TCGA-5P-A9K9-01A-11R-A42S-07,0.8968841152600373,1
TCGA-23-1114-01B-01R-1566-13,0.6212261133959512,1
TCGA-IZ-A6M9-01A-11R-A31O-07,0.39963083305978175,1
TCGA-44-2662-01B-02R-A277-07,0.30435509060111177,1
TCGA-A8-A08C-01A-11R-A00Z-07,0.6450184110507826,1
TCGA-36-1568-01A-01R-1566-13,0.7613639812164094,1
TCGA-MN-A4N1-01A-11R-A24X-07,0.8928671467812784,0
TCGA-C8-A12X-01A-11R-A115-07,0.8694890321961102,1
TCGA-63-5131-01A-01R-1443-07,0.49868980419653,1
TCGA-G9-6499-01A-12R-1965-07,0.6672842892629124,1
TCGA-L5-A43M-01A-11R-A24K-31,0.7686300729206882,1
TCGA-C8-A275-01A-21R-A16F-07,0.36569663199994684,1
TCGA-A6-5664-01A-21R-1839-07,0.8794577482179605,0
TCGA-4B-A93V-01A-11R-A39D-07,0.9613157016852513,1
TCGA-G9-6364-01A-21R-1789-07,0.4399338813955294,1
TCGA-YH-A8SY-01A-11R-A37L-07,0.5555985867537957,1
TCGA-BP-4760-01A-02R-1420-07,0.6472766239224012,1
TCGA-DD-AAVU-01A-11R-A41C-07,0.3945887137537182,1
TCGA-XN-A8T5-01A-12R-A36G-07,0.518658017218976,0
TCGA-55-8207-01A-11R-2241-07,0.6005428501952369,1
TCGA-DD-AAVV-01A-11R-A41C-07,0.9622246482480266,1
TCGA-FV-A2QR-01A-11R-A213-07,0.6457312921082818,1
TCGA-DD-AAEE-01A-11R-A41C-07,0.5375140692418979,1
TCGA-B8-5159-01A-01R-1420-07,0.6150775485495302,1
TCGA-2A-A8VX-01A-11R-A37L-07,0.7826151972735855,0
TCGA-AA-A03F-01A-11R-A16W-07,0.5842688717541787,1
TCGA-91-8497-01A-11R-2403-07,0.9425411620078182,1
TCGA-EW-A1OV-01A-11R-A144-07,0.6813525885256472,0
TCGA-XP-A8T8-01A-11R-A36D-31,0.6299201062260542,1
TCGA-61-1736-01B-01R-1568-13,0.7852202737416086,0
TCGA-20-1682-01A-01R-1564-13,0.8506258343043114,1
TCGA-FB-AAPQ-01A-11R-A41B-07,0.6613142946061018,1
TCGA-AA-3950-01A-02R-1022-07,0.7523243842391545,1
TCGA-CK-4951-01A-01R-1410-07,0.839034868715972,1
TCGA-BH-A0RX-01A-21R-A084-07,0.8042166364748173,0
TCGA-CJ-5671-01A-11R-1541-07,0.8680683361882702,1
TCGA-EW-A1IY-01A-11R-A13Q-07,0.46239991425689075,1
TCGA-E2-A1IE-01A-11R-A13Q-07,0.6637122737644829,1
TCGA-HI-7170-01A-11R-2118-07,0.6444408877596586,0
TCGA-A3-A6NL-01A-11R-A33J-07,0.6739063910362263,1
TCGA-EW-A1PD-01A-11R-A144-07,0.549480655480467,1
TCGA-B6-A0IO-01A-11R-A034-07,0.5849234022047051,0
TCGA-50-5931-01A-11R-1755-07,0.8182286592889305,1
TCGA-HZ-A4BH-01A-11R-A26U-07,0.6300606122962755,1
TCGA-ZG-A9KY-01A-11R-A41O-07,0.8590024502484065,1
TCGA-EJ-5507-01A-01R-1580-07,0.6339016796780839,1
TCGA-CH-5751-01A-11R-1580-07,0.6013877204984114,1
TCGA-AA-3844-01A-01R-1022-07,0.7984146391684609,1
TCGA-EB-A57M-01A-51R-A311-07,0.5749098393521601,1
TCGA-BP-4351-01A-01R-1289-07,0.7550586707447705,0
TCGA-DD-A11B-01A-11R-A131-07,0.4792830871465236,1
TCGA-BQ-7045-01A-31R-1965-07,0.38707678635992115,0
TCGA-BH-A0BD-01A-11R-A034-07,0.8158392503001402,1
TCGA-BQ-5881-01A-11R-1592-07,0.4721130040026183,1
TCGA-25-1871-01A-01R-1567-13,0.701251164534956,1
TCGA-61-1740-01A-01R-1567-13,0.8681088756791989,1
TCGA-33-AASJ-01A-11R-A405-07,0.914929032693422,1
TCGA-CC-A123-01A-11R-A131-07,0.1985632730455366,1
TCGA-YG-AA3N-01A-11R-A38C-07,0.8252230393877705,0
TCGA-E2-A156-01A-11R-A12D-07,0.8234043440943073,0
TCGA-EW-A1PB-01A-11R-A144-07,0.7124576719171821,0
TCGA-XK-AAJT-01A-11R-A41O-07,0.9026055967465092,1
TCGA-EB-A550-01A-61R-A27Q-07,0.5685019700280004,1
TCGA-S3-A6ZF-01A-32R-A32P-07,0.3506050311725388,1
TCGA-13-1408-01A-01R-1565-13,0.4740610762491089,1
TCGA-29-1690-01A-01R-1566-13,0.8001088743594611,1
TCGA-05-4425-01A-01R-1755-07,0.472729954457599,1
TCGA-X8-AAAR-01A-11R-A406-31,0.7752390495898129,1
TCGA-JL-A3YX-01A-11R-A22U-07,0.9641213687969347,1
TCGA-IG-A3YA-01A-11R-A24K-31,0.764740238985637,0
TCGA-HV-AA8V-01A-11R-A41B-07,0.5723746413751407,1
TCGA-IB-AAUO-01A-12R-A38C-07,0.9072353762930265,1
TCGA-B6-A0I8-01A-11R-A034-07,0.9142137046582218,1
TCGA-FB-A545-01A-11R-A26U-07,0.6035176064945357,1
TCGA-BH-A18H-01A-11R-A12D-07,0.7127585137652015,1
TCGA-AK-3445-01A-02R-1277-07,0.5947493691108716,1
TCGA-25-1317-01A-01R-1565-13,0.7897099000633957,1
TCGA-BP-5200-01A-01R-1426-07,0.41644241492763745,1
TCGA-E9-A5FK-01A-11R-A27Q-07,0.7348608079657307,1
TCGA-BH-A1EW-01A-11R-A137-07,0.6744548838747134,1
TCGA-NC-A5HN-01A-11R-A26W-07,0.32438259889387083,1
TCGA-13-0760-01A-01R-1564-13,0.8371741618934181,0
TCGA-AA-3970-01A-01R-1022-07,0.714539212112708,0
TCGA-YL-A9WI-01A-11R-A37L-07,0.5278179563190903,1
TCGA-AA-A01T-01A-21R-A16W-07,0.3483106280208127,1
TCGA-AN-A0G0-01A-11R-A034-07,0.420997315304757,1
TCGA-77-A5GB-01B-11R-A27Q-07,0.4859962460237182,1
TCGA-85-8481-01A-11R-2326-07,0.38370344966024983,0
TCGA-E2-A107-01A-11R-A10J-07,0.701409448670465,1
TCGA-J2-8192-01A-11R-2241-07,0.5270355682066453,1
TCGA-Z7-A8R6-01A-11R-A41B-07,0.8995555239811354,1
TCGA-B8-4153-01B-11R-1672-07,0.6317434685121864,1
TCGA-BH-A0AY-01A-21R-A00Z-07,0.546306887524777,1
TCGA-A1-A0SQ-01A-21R-A144-07,0.6431479310411621,1
TCGA-22-5477-01A-01R-1635-07,0.9705685046788672,1
TCGA-AA-A02K-01A-03R-A32Y-07,0.8144159985609418,1
TCGA-AA-3531-01A-01R-0821-07,0.5565401899128701,1
TCGA-85-8351-01A-11R-2296-07,0.8436587391782172,1
TCGA-R6-A8WG-01A-11R-A37I-31,0.8672928625199803,1
TCGA-2J-AABR-01A-11R-A41B-07,0.5832380986331308,1
TCGA-CJ-4884-01A-01R-1305-07,0.7683391280444962,1
TCGA-XV-A9W2-01A-11R-A39D-07,0.5308628010843128,1
TCGA-DD-A11A-01A-11R-A131-07,0.7562315364577317,0
TCGA-38-4631-01A-01R-1755-07,0.7747584237750478,1
TCGA-V1-A8MM-01A-11R-A37L-07,0.6010802529020098,1
TCGA-13-0726-01A-01R-1564-13,0.3921943508414597,1
TCGA-HZ-8005-01A-11R-2204-07,0.5908697073930603,1
TCGA-BH-A18J-01A-11R-A12D-07,0.49005063113729713,1
TCGA-60-2708-01A-01R-0851-07,0.8454342712393734,1
TCGA-AO-A1KT-01A-11R-A13Q-07,0.40388920673777495,1
TCGA-A2-A3KC-01A-11R-A213-07,0.7459072464461719,1
TCGA-EJ-5498-01A-01R-1580-07,0.6162009122245053,1
TCGA-AO-A0JF-01A-11R-A056-07,0.9769811078198247,1
TCGA-E9-A1R6-01A-11R-A14D-07,0.8302542642925596,1
TCGA-A7-A0CD-01A-11R-A00Z-07,0.8700460870133031,0
TCGA-29-1699-01A-01R-1567-13,0.8209475898915961,1
TCGA-CJ-6028-01A-11R-1672-07,0.6647532923083073,1
TCGA-24-1843-01A-01R-1567-13,0.6020171243963891,1
TCGA-AA-A01R-01A-21R-A083-07,0.46021507213423385,1
TCGA-G9-A9S0-01A-11R-A41O-07,0.5410219816283044,1
TCGA-XV-AAZY-01A-12R-A40A-07,0.3166132544127166,0
TCGA-AK-3465-01A-02R-1325-07,0.9448585116978879,1
TCGA-AA-3812-01A-01R-0905-07,0.652625247285562,1
TCGA-77-A5GF-01A-21R-A27Q-07,0.3895702650467048,0
TCGA-HC-A4ZV-01A-11R-A26U-07,0.7263766939759255,1
TCGA-H9-7775-01A-11R-2118-07,0.4918583741056804,0
TCGA-60-2696-01A-01R-0851-07,0.5710481307115745,1
TCGA-13-0900-01B-01R-1565-13,0.611320318171391,1
TCGA-85-8666-01A-11R-2403-07,0.4726947901746623,1
TCGA-4H-AAAK-01A-12R-A41B-07,0.9187614369962491,0
TCGA-BH-A0BC-01A-22R-A084-07,0.9339563005282033,0
TCGA-C8-A3M7-01A-12R-A21T-07,0.6981039396700298,0
TCGA-AR-A2LN-01A-21R-A18M-07,0.7076512606982517,1
TCGA-2Z-A9J5-01A-21R-A38C-07,0.6538412782936855,1
TCGA-AA-A01X-01A-21R-A083-07,0.9818134013101885,1
TCGA-C8-A134-01A-11R-A115-07,0.9174238214111531,1
TCGA-HV-A5A6-01A-11R-A26U-07,0.5222922693560883,0
TCGA-D8-A140-01A-11R-A115-07,0.9169304864095492,1
TCGA-F9-A4JJ-01A-11R-A24Z-07,0.8740437572547778,1
TCGA-AR-A24O-01A-11R-A169-07,0.732352093810068,1
TCGA-G3-AAUZ-01A-11R-A38B-07,0.4894922380064726,1
TCGA-63-A5MM-01A-11R-A26W-07,0.8554835362712131,1
TCGA-AN-A0FN-01A-11R-A034-07,0.8087825208851959,1
TCGA-GL-A59R-01A-11R-A26U-07,0.6149561821988476,1
TCGA-2H-A9GG-01A-11R-A37I-31,0.791425270011892,1
TCGA-C8-A130-01A-31R-A115-07,0.5390858109421263,1
TCGA-2H-A9GF-01A-11R-A37I-31,0.7055561543911677,0
TCGA-55-5899-01A-11R-1628-07,0.500228463252071,1
TCGA-B0-4713-01A-01R-1277-07,0.4450485173414867,1
TCGA-A8-A09Q-01A-11R-A00Z-07,0.46248479616055127,1
TCGA-VR-AA4D-01A-11R-A37I-31,0.5066678907114746,0
TCGA-36-1578-01A-01R-1566-13,0.7736495130129211,1
TCGA-AR-A1AY-01A-21R-A12P-07,0.35318512757531323,1
TCGA-86-8278-01A-11R-2287-07,0.5105635147018767,0
TCGA-A2-A0YK-01A-22R-A109-07,0.9495800700428162,1
TCGA-78-7163-01A-12R-2066-07,0.6636362345562251,1
TCGA-A8-A06R-01A-11R-A00Z-07,0.769442717405991,1
TCGA-HC-7752-01A-11R-2118-07,0.3658180158173866,1
TCGA-A8-A07J-01A-11R-A00Z-07,0.7115580382172191,1
TCGA-HC-7749-01A-11R-2118-07,0.5012473406438845,0
TCGA-HC-A6HX-01A-11R-A31N-07,0.8577392964608803,1
TCGA-56-A4BW-01A-11R-A24H-07,0.45513475232143236,1
TCGA-BP-4162-01A-02R-1325-07,0.47966651938050137,1
TCGA-34-7107-01A-11R-1949-07,0.7295672284882159,1
TCGA-DD-AAE4-01A-11R-A41C-07,0.5108015245618492,1
TCGA-13-1510-01A-02R-1565-13,0.8393163493378445,1
TCGA-57-1585-01A-01R-1566-13,0.8001328391898969,1
TCGA-56-8305-01A-11R-2296-07,0.9081196312747113,1
TCGA-CJ-4874-01A-01R-1305-07,0.9513204553941254,1
TCGA-B6-A0RH-01A-21R-A115-07,0.5062878883807641,0
TCGA-HZ-A77O-01A-11R-A33R-07,0.6589838817894589,1
TCGA-24-1463-01A-01R-1566-13,0.8687915904168605,1
TCGA-A8-A07S-01A-11R-A034-07,0.7061537181338134,1
TCGA-3C-AAAU-01A-11R-A41B-07,0.5848116960133966,1
TCGA-AO-A03M-01B-11R-A10J-07,0.9381280296026963,1
TCGA-73-4659-01A-01R-1206-07,0.8667833320749853,1
TCGA-CZ-5453-01A-01R-1503-07,0.9271150155577719,1
TCGA-94-8035-01A-11R-2247-07,0.8123510604339939,1
TCGA-39-5031-01A-01R-1443-07,0.5370940130423002,1
TCGA-75-5146-01A-01R-1628-07,0.9501176729523898,1
TCGA-YL-A8S8-01A-11R-A37L-07,0.8639768868814363,0
TCGA-77-A5G6-01A-11R-A27Q-07,0.8363976302953366,1
TCGA-A7-A4SF-01A-11R-A266-07,0.676160664994141,1
TCGA-EB-A553-01A-12R-A27Q-07,0.5400567976225644,1
TCGA-AA-3939-01A-01R-1022-07,0.7559604503351002,1
TCGA-E2-A14N-01A-31R-A137-07,0.3951532988432249,1
TCGA-CJ-6030-01A-11R-1672-07,0.3816530392932906,1
TCGA-J4-A67M-01A-11R-A30B-07,0.7633253480525605,1
TCGA-BP-5198-01A-01R-1426-07,0.9770809170234818,1
TCGA-NK-A7XE-01A-12R-A405-07,0.47447231451726346,1
TCGA-HC-7209-01A-11R-2118-07,0.8460528598861994,1
TCGA-HZ-8315-01A-11R-2404-07,0.8798984751732049,1
TCGA-86-8076-01A-31R-2241-07,0.5430739964075475,1
TCGA-A6-6650-01A-11R-A278-07,0.7697314117506668,1
TCGA-62-A46U-01A-11R-A24H-07,0.47227887337187124,1
TCGA-BH-A18U-01A-21R-A12D-07,0.43078319532063486,1
TCGA-55-6712-01A-11R-1858-07,0.47034044625644117,1
TCGA-BP-4761-01A-01R-1289-07,0.9198305660899323,1
TCGA-D8-A1XK-01A-21R-A14M-07,0.1966798901711481,1
TCGA-63-A5MI-01A-12R-A27Q-07,0.5706844428647257,1
TCGA-MP-A4TF-01A-11R-A262-07,0.49484225109550295,1
TCGA-DD-AACF-01A-11R-A41C-07,0.5947798170832294,1
TCGA-ZG-A9LZ-01A-11R-A41O-07,0.5647669649460647,1
TCGA-05-4250-01A-01R-1107-07,0.5736047166085823,1
TCGA-95-A4VP-01A-21R-A262-07,0.5589662616028956,1
TCGA-AA-3877-01A-01R-1022-07,0.763884256505478,1
TCGA-AK-3426-01A-02R-1325-07,0.6638169578237211,1
TCGA-A3-3382-01A-02R-1325-07,0.322338245157666,1
TCGA-IC-A6RE-01A-11R-A336-31,0.7558599381697606,0
TCGA-A8-A08O-01A-21R-A056-07,0.5565102118463926,1
TCGA-B9-A5W7-01A-11R-A31O-07,0.6731152217533419,0
TCGA-33-A5GW-01A-11R-A27Q-07,0.4878357016948623,0
TCGA-G3-AAV7-01A-11R-A38B-07,0.7477997355294829,0
TCGA-5P-A9K8-01A-11R-A42S-07,0.4728401442142716,1
TCGA-BP-5007-01A-01R-1334-07,0.6987682965064484,0
TCGA-A3-3365-01A-01R-0864-07,0.5316666516317528,1
TCGA-44-7659-01A-11R-2066-07,0.6362414145412889,1
TCGA-61-2003-01A-01R-1568-13,0.8932352164274753,1
TCGA-D5-6898-01A-11R-1928-07,0.8838715731141089,1
TCGA-GM-A2DC-01A-11R-A18M-07,0.41158858050237784,1
TCGA-5P-A9KF-01A-11R-A42S-07,0.8486282575029274,1
TCGA-BP-4161-01A-02R-1325-07,0.547664931091046,1
TCGA-36-1576-01A-01R-1566-13,0.6491547857274091,1
TCGA-DD-A4NK-01A-11R-A28V-07,0.8143374764596044,1
TCGA-CJ-4901-01A-01R-1426-07,0.6410474724806391,1
TCGA-MI-A75I-01A-11R-A32O-07,0.9221131294891738,1
TCGA-29-2414-01A-02R-1569-13,0.6585024075429985,0
TCGA-BH-A0GY-01A-11R-A056-07,0.509872991026775,0
TCGA-97-8175-01A-11R-2287-07,0.7922700027170231,1
TCGA-AL-3472-01A-01R-1193-07,0.3506417070913624,1
TCGA-HZ-A77P-01A-11R-A33R-07,0.9074188991073399,1
TCGA-A3-3352-01A-01R-0864-07,0.8326263550911764,0
TCGA-A7-A26G-01A-21R-A169-07,0.7147518149112077,0
TCGA-AO-A0JC-01A-11R-A056-07,0.702793786689537,1
TCGA-AA-3875-01A-01R-0905-07,0.6763284736264404,1
TCGA-D8-A1JJ-01A-31R-A14M-07,0.499968973135536,1
TCGA-Y6-A8TL-01A-21R-A37L-07,0.9528943273327419,0
TCGA-J4-A6G3-01A-11R-A311-07,0.9024528880689263,1
TCGA-13-0768-01A-01R-1569-13,0.4897882542138809,1
TCGA-A7-A6VW-01A-21R-A33J-07,0.5218066661205101,1
TCGA-J9-A8CP-01A-11R-A352-07,0.9511749698004155,1
TCGA-P4-AAVK-01A-11R-A42S-07,0.5905464739239094,1
TCGA-B0-5709-01A-11R-1541-07,0.8518437672667025,1
TCGA-B6-A0RV-01A-11R-A084-07,0.7199803476588279,1
TCGA-AA-A01V-01A-23R-A083-07,0.6030175577859468,0
TCGA-G9-7510-01A-11R-2263-07,0.8260724879487449,0
TCGA-D8-A73U-01A-11R-A33J-07,0.7982341178273978,0
TCGA-DD-AAEK-01A-11R-A41C-07,0.9386084517733099,1
TCGA-B0-5698-01A-11R-1672-07,0.6912023136625046,1
TCGA-KC-A4BL-01A-31R-A250-07,0.5492914787279265,1
TCGA-EJ-A7NM-01A-21R-A33R-07,0.8390899028003974,1
TCGA-B2-5639-01A-01R-1541-07,0.3800739667411272,1
TCGA-BH-A8FZ-01A-11R-A352-07,0.4149381385450997,0
TCGA-22-5474-01A-01R-1635-07,0.962909463616848,1
TCGA-E2-A1IL-01A-11R-A14D-07,0.7084641981314691,0
TCGA-D8-A1XV-01A-11R-A14M-07,0.5168788327511142,1
TCGA-2Z-A9J3-01A-12R-A38C-07,0.9075278987308556,1
TCGA-L5-A4OP-01A-11R-A260-31,0.7645524058580284,1
TCGA-AO-A129-01A-21R-A10J-07,0.8452022594536506,0
TCGA-B6-A0RL-01A-11R-A084-07,0.9168300899988343,1
TCGA-61-1743-01A-01R-1568-13,0.7759501821329345,1
TCGA-R6-A6Y0-01B-11R-A336-31,0.7838248441165582,1
TCGA-77-7463-01A-11R-2045-07,0.7140965571729085,1
TCGA-DD-AADW-01A-11R-A39D-07,0.9591123633304431,1
TCGA-AR-A1AP-01A-11R-A12P-07,0.9137995672698145,1
TCGA-A2-A25F-01A-11R-A169-07,0.36439007818232616,0
TCGA-AA-3862-01A-01R-1022-07,0.7270197122947679,1
TCGA-G4-6306-01A-11R-1774-07,0.36984572903379515,1
TCGA-EB-A3XC-01A-11R-A239-07,0.808749841752413,0
TCGA-34-5927-01A-11R-1820-07,0.9160022372345589,1
TCGA-AA-A017-01A-01R-A00A-07,0.8295509769976033,1
TCGA-A4-A5XZ-01A-11R-A31O-07,0.4346655149545193,1
TCGA-E2-A1LS-01A-12R-A157-07,0.8518062186072967,1
TCGA-L5-A8NV-01A-11R-A37I-31,0.9032079847993808,1
TCGA-5P-A9KE-01A-11R-A42S-07,0.5025158581189048,0
TCGA-61-1724-01A-01R-1568-13,0.8391737421646234,1
TCGA-VR-A8EP-01A-31R-A406-31,0.6030042756989095,1
TCGA-YL-A8SL-01B-21R-A37L-07,0.8607349701083772,1
TCGA-G4-6310-01A-11R-1723-07,0.8462542191037493,1
TCGA-G3-AAV2-01A-11R-A37K-07,0.5782677304165259,1
TCGA-OL-A5RV-01A-12R-A28M-07,0.730234296149732,0
TCGA-KK-A8I6-01A-11R-A36G-07,0.8491270818955395,0
TCGA-BH-A0B6-01A-11R-A19W-07,0.6591046396002478,1
TCGA-G7-6789-01A-11R-1965-07,0.8449890811747398,1
TCGA-G9-A9S7-01A-11R-A41O-07,0.9103185660139412,0
TCGA-78-8640-01A-11R-2403-07,0.9832224924913917,1
TCGA-55-6971-01A-11R-1949-07,0.928401889709877,1
TCGA-DD-AAW2-01A-11R-A41C-07,0.5458019527237662,1
TCGA-HV-A5A4-01A-11R-A26U-07,0.8593144601658916,1
TCGA-BP-4355-01A-01R-1289-07,0.3977808929544944,1
TCGA-R6-A8W5-01B-11R-A37I-31,0.8145855743053388,1
TCGA-CH-5752-01A-11R-1580-07,0.5313679318297982,1
TCGA-A7-A3RF-01A-11R-A22K-07,0.6353763577150581,1
TCGA-ED-A8O5-01A-11R-A36F-07,0.5234433092773152,1
TCGA-AA-3522-01A-01R-0821-07,0.7545072980238295,1
TCGA-ER-A42H-01A-11R-A24X-07,0.7036918782684735,1
TCGA-AL-3467-01A-02R-1351-07,0.41516621309774493,1
TCGA-55-8513-01A-11R-2403-07,0.5374392835575914,1
TCGA-AD-6901-01A-11R-1928-07,0.8700132633716892,0
TCGA-29-1694-01A-01R-1567-13,0.6533153083159694,0
TCGA-LN-A49V-01A-11R-A24K-31,0.6663629231586089,1
TCGA-55-6968-01A-11R-1949-07,0.5223955179192218,1
TCGA-A4-8517-01A-11R-2404-07,0.4561793609160076,1
TCGA-CZ-5461-01A-01R-1503-07,0.3738381165244191,1
TCGA-D8-A1XZ-01A-11R-A14M-07,0.3579016506272897,0
TCGA-AA-A00W-01A-01R-A002-07,0.5967508060923205,1
TCGA-BP-4804-01A-02R-1305-07,0.8973708080193872,1
TCGA-OL-A66J-01A-11R-A29R-07,0.4066210677502598,1
TCGA-AY-4070-01A-01R-1113-07,0.7792780645834337,1
TCGA-V1-A8WW-01A-11R-A37L-07,0.8770468200695012,1
TCGA-B6-A40B-01A-11R-A239-07,0.42909789235243745,1
TCGA-LN-A49U-01A-31R-A260-31,0.6284690693274313,1
TCGA-AO-A03U-01B-21R-A10J-07,0.7850107913163661,1
TCGA-E2-A105-01A-11R-A10J-07,0.915567815457027,1
TCGA-CW-6097-01A-11R-1672-07,0.4087806089212154,0
TCGA-2Y-A9GS-01A-12R-A38B-07,0.6616556659205255,1
TCGA-EW-A1J6-01A-11R-A13Q-07,0.6247557084164577,0
TCGA-E9-A1RD-01A-11R-A157-07,0.8745856592355645,1
TCGA-AD-A5EK-01A-11R-A28H-07,0.6700622988831857,1
TCGA-2K-A9WE-01A-11R-A38C-07,0.8952978135833586,1
TCGA-EJ-A7NF-01A-11R-A33R-07,0.5437238649229692,1
TCGA-61-1721-01A-01R-1569-13,0.8212628163786206,1
TCGA-BP-4346-01A-01R-1289-07,0.5726502362520589,1
TCGA-AA-3989-01A-01R-1022-07,0.5387138639400894,1
TCGA-61-1998-01A-01R-1568-13,0.24442825798856688,0
TCGA-05-4244-01A-01R-1107-07,0.5373914328768638,1
TCGA-B8-A54K-01A-11R-A33J-07,0.9197470802419981,1
TCGA-5R-AA1D-01A-11R-A38B-07,0.681595198043062,1
TCGA-34-5928-01A-11R-1820-07,0.9607330286054255,1
TCGA-BH-A0HQ-01A-11R-A034-07,0.9110201904196514,1
TCGA-CM-4746-01A-01R-1410-07,0.5003927179572905,1
TCGA-50-6593-01A-11R-1755-07,0.9043342844780501,1
TCGA-DV-A4W0-01A-11R-A266-07,0.9025763945132795,1
TCGA-25-1634-01A-01R-1566-13,0.5322782445591704,0
TCGA-50-6597-01A-11R-1858-07,0.8745741097261985,1
TCGA-AY-A54L-01A-11R-A28H-07,0.3735748540441152,0
TCGA-BP-4774-01A-01R-1289-07,0.6035690351199722,1
TCGA-66-2789-01A-01R-0980-07,0.4695076690666213,0
TCGA-DM-A1D4-01A-21R-A155-07,0.4377830443452098,1
TCGA-86-7701-01A-11R-2170-07,0.8622156657990648,1
TCGA-21-1076-01A-02R-0692-07,0.8524335087494749,1
TCGA-AR-A0TX-01A-11R-A084-07,0.4276902055769109,1
TCGA-23-1116-01A-01R-1564-13,0.28338624720003697,1
TCGA-ZP-A9D0-01A-11R-A37K-07,0.8553141631493503,1
TCGA-CH-5743-01A-21R-1580-07,0.5501751569363988,0
TCGA-2A-AAYU-01A-11R-A41O-07,0.8934561285875607,1
TCGA-25-1323-01A-01R-1565-13,0.6843293472730695,1
TCGA-R6-A6Y2-01B-11R-A336-31,0.6730748083756004,1
TCGA-DD-A1EC-01A-21R-A131-07,0.9703136621137703,1
TCGA-E2-A1BC-01A-11R-A12P-07,0.7738843470656808,1
TCGA-DD-AADN-01A-11R-A41C-07,0.4578508924334046,1
TCGA-KK-A8ID-01A-11R-A36G-07,0.7663767457370498,1
TCGA-A2-A4RW-01A-21R-A266-07,0.6621966549765711,1
TCGA-56-7822-01A-11R-2125-07,0.8071493926777257,0
TCGA-O2-A52W-01A-11R-A26W-07,0.8146630158665856,1
TCGA-UL-AAZ6-01A-11R-A41B-07,0.3708169369859716,1
TCGA-YL-A8HO-01A-11R-A36G-07,0.8571771821746028,1
TCGA-13-0765-01A-01R-1564-13,0.5406960599656137,0
TCGA-55-6979-01A-11R-1949-07,0.5738700134311159,1
TCGA-IB-7888-01A-11R-2156-07,0.5313164462756508,1
TCGA-AQ-A54O-01A-11R-A266-07,0.40300105411648585,1
TCGA-HC-7744-01A-11R-2118-07,0.5969605938333223,1
TCGA-BP-4974-01A-01R-1334-07,0.6193479507879099,1
TCGA-A3-3367-01A-02R-1420-07,0.716135177532194,1
TCGA-2H-A9GO-01A-11R-A37I-31,0.595075511117699,1
TCGA-EJ-5522-01A-01R-1580-07,0.46285618073722357,1
TCGA-61-1919-01A-01R-1568-13,0.6170710378377566,1
TCGA-TP-A8TT-01A-12R-A41O-07,0.5817039226338893,1
TCGA-AN-A0FJ-01A-11R-A00Z-07,0.476914979011453,1
TCGA-B0-5696-01A-11R-1541-07,0.6453828298718667,1
TCGA-CZ-4856-01A-02R-1426-07,0.6983894268691527,1
TCGA-A8-A075-01A-11R-A084-07,0.8028630693308398,0
TCGA-90-A4ED-01A-31R-A24Z-07,0.9521529898097053,1
TCGA-44-2657-01A-01R-1107-07,0.5076860142618006,0
TCGA-MP-A4TD-01A-32R-A262-07,0.5169161988317311,1
TCGA-XR-A8TG-01A-11R-A36F-07,0.39032822273058726,1
TCGA-33-4533-01A-01R-1201-07,0.4448198898177573,1
TCGA-55-8514-01A-11R-2403-07,0.9568413006854429,1
TCGA-25-1316-01A-01R-1565-13,0.7574376754311386,1
TCGA-EB-A6R0-01A-12R-A32P-07,0.7485576385183095,1
TCGA-Y8-A8S1-01A-11R-A37K-07,0.6877800474942646,1
TCGA-B0-5120-01A-01R-1420-07,0.6831526933288126,1
TCGA-KR-A7K0-01A-12R-A33R-07,0.6103640870928453,0
TCGA-50-5944-01A-11R-1755-07,0.8538337749488506,1
TCGA-99-AA5R-01A-11R-A39D-07,0.930118938034598,1
TCGA-CZ-5452-01A-01R-1503-07,0.8486897737447969,1
TCGA-XJ-A9DX-01A-11R-A37L-07,0.7874276584167066,0
TCGA-B6-A0IM-01A-11R-A034-07,0.42679133058879715,1
TCGA-61-2012-01A-01R-1568-13,0.8332478869856272,1
TCGA-2Z-A9J2-01A-11R-A38C-07,0.33965273798595,1
TCGA-AC-A6NO-01A-12R-A33J-07,0.7074793629287743,1
TCGA-E9-A1N4-01A-11R-A14M-07,0.7166517358704055,1
TCGA-DZ-6134-01A-11R-1965-07,0.7693802519153696,1
TCGA-20-1685-01A-01R-1566-13,0.4478991637718206,0
TCGA-BH-A0AZ-01A-21R-A12P-07,0.4041323762873231,1
TCGA-55-7227-01A-11R-2039-07,0.8903755795635522,1
TCGA-34-5231-01A-21R-1820-07,0.7954164782057724,1
TCGA-DD-AAE2-01A-11R-A41C-07,0.5322892821500309,1
TCGA-AC-A62Y-01A-11R-A29R-07,0.383946235283039,0
TCGA-A7-A425-01A-11R-A24H-07,0.7370020541361569,1
TCGA-AD-6548-01A-11R-1839-07,0.87262940639093,1
TCGA-AC-A3W6-01A-12R-A22K-07,0.9066991919582258,0
TCGA-EB-A5UM-01A-11R-A311-07,0.43253642676801024,1
TCGA-EW-A6SA-01A-21R-A32P-07,0.6581872105648863,1
TCGA-64-5779-01A-01R-1628-07,0.48042402022374164,0
TCGA-DD-A114-01A-11R-A131-07,0.6625649096357455,1
TCGA-85-8052-01A-11R-2247-07,0.8795189213959432,1
TCGA-A2-A0T4-01A-31R-A084-07,0.9708063133722209,0
TCGA-DD-A3A2-01A-11R-A213-07,0.7824057656256246,1
TCGA-E2-A1B4-01A-11R-A12P-07,0.7401447002463261,1
TCGA-HV-A5A3-01A-11R-A26U-07,0.6345219199463432,1
TCGA-78-7167-01A-11R-2066-07,0.48862163475982046,1
TCGA-85-8479-01A-11R-2326-07,0.4414362369038443,1
TCGA-XR-A8TE-01A-11R-A36F-07,0.876942248804236,1
TCGA-BP-4971-01A-01R-1334-07,0.8609190276262867,0
TCGA-EJ-7786-01A-11R-2118-07,0.8121463276023962,1
TCGA-25-1320-01A-01R-1565-13,0.6312129864673798,1
TCGA-E2-A15S-01A-11R-A115-07,0.8466682502415073,1
TCGA-D9-A3Z4-01A-11R-A239-07,0.803251161059811,1
TCGA-98-A53D-01A-32R-A262-07,0.38768175649442804,1
TCGA-DW-7839-01A-11R-2139-07,0.44621085520412973,1
TCGA-86-8671-01A-11R-2403-07,0.5797545322562833,1
TCGA-B8-A54H-01A-11R-A33J-07,0.8346989963490821,1
TCGA-ZS-A9CF-01A-11R-A38B-07,0.9141051859264685,1
TCGA-50-5930-01A-11R-1755-07,0.5585541911858628,1
TCGA-73-4676-01A-01R-1755-07,0.8341641371091877,0
TCGA-2A-AAYF-01A-11R-A41O-07,0.9015406747938017,1
TCGA-G9-6366-01A-11R-2118-07,0.3915873400667472,1
TCGA-56-7582-01A-11R-2045-07,0.7749011088931808,1
TCGA-CJ-4916-01A-01R-1426-07,0.28699131263140537,1
TCGA-B2-3924-01A-02R-1325-07,0.5801329060750628,1
TCGA-NJ-A55O-01A-11R-A262-07,0.571248926076073,1
TCGA-G3-A25V-01A-11R-A16W-07,0.7352713839161137,0
TCGA-A6-A567-01A-31R-A28H-07,0.5836101025251897,1
TCGA-55-7907-01A-11R-2170-07,0.6016768819766369,1
TCGA-E2-A1LA-01A-11R-A144-07,0.45532132688166493,1
TCGA-97-A4M5-01A-11R-A24X-07,0.4947399945708133,1
TCGA-CA-6716-01A-11R-1839-07,0.6018804415297287,1
TCGA-66-2756-01A-01R-0851-07,0.812442686877657,0
TCGA-69-7763-01A-11R-2170-07,0.5409404069147546,0
TCGA-FV-A3I1-01A-11R-A22L-07,0.6347696251437546,1
TCGA-A4-A48D-01A-11R-A24Z-07,0.41591923546438087,1
TCGA-30-1892-01A-01R-1568-13,0.6064142568841586,1
TCGA-S2-AA1A-01A-12R-A39D-07,0.6415344622319098,1
TCGA-AN-A0XT-01A-11R-A109-07,0.7477354089642064,1
TCGA-60-2726-01A-01R-0851-07,0.8078413103560265,1
TCGA-63-A5MV-01A-21R-A26W-07,0.6041092613659441,1
TCGA-HC-A6AL-01A-11R-A30B-07,0.6404741326125474,1
TCGA-24-1560-01A-01R-1566-13,0.8023476624427888,0
TCGA-A2-A0EU-01A-22R-A056-07,0.7558461192826987,1
TCGA-KK-A7AP-01A-12R-A33R-07,0.7786312566054202,1
TCGA-44-6146-01A-11R-A278-07,0.44487138349520766,1
TCGA-62-A472-01A-11R-A24H-07,0.9041946811837616,1
TCGA-56-8622-01A-11R-2403-07,0.7704495787123166,1
TCGA-B0-4819-01A-01R-1277-07,0.7339891224838837,1
TCGA-BP-5176-01A-01R-1426-07,0.5698675770845273,1
TCGA-63-A5MP-01A-11R-A26W-07,0.46048333506432065,0
TCGA-XK-AAK1-01A-11R-A41O-07,0.5253927294297456,1
TCGA-78-7158-01A-11R-2039-07,0.4798565679097893,1
TCGA-AA-3678-01A-01R-0905-07,0.6742648513347064,1
TCGA-HI-7171-01A-12R-2118-07,0.6646093162736466,1
TCGA-LN-A4A2-01A-31R-A260-31,0.6197872982837062,1
TCGA-D8-A1JE-01A-11R-A13Q-07,0.3763832458558303,1
TCGA-B8-5552-01B-11R-1672-07,0.639359222044497,1
TCGA-A8-A09V-01A-11R-A034-07,0.8916067792432525,0
TCGA-HZ-A49H-01A-11R-A26U-07,0.5596021437890545,1
TCGA-IG-A97I-01A-11R-A38D-31,0.6984193851057777,1
TCGA-D8-A1JT-01A-31R-A13Q-07,0.9037326340755995,1
TCGA-BP-4782-01A-02R-1420-07,0.5681988623442215,1
TCGA-A2-A0CQ-01A-21R-A034-07,0.7016070423882848,1
TCGA-G3-A25U-01A-11R-A16W-07,0.549313572403028,1
TCGA-BQ-7055-01A-11R-1965-07,0.944638549902142,1
TCGA-37-A5EM-01A-21R-A27Q-07,0.823823033860259,1
TCGA-NC-A5HG-01A-11R-A26W-07,0.45596289986683064,1
TCGA-13-1495-01A-01R-1565-13,0.7353188621176378,1
TCGA-AK-3431-01A-02R-1277-07,0.4901382366229794,1
TCGA-85-8049-01A-11R-2247-07,0.7895436246785749,1
TCGA-UZ-A9PP-01A-11R-A42S-07,0.8948742115314465,1
TCGA-DD-AAE9-01A-11R-A41C-07,0.4408284853411496,1
TCGA-D5-5537-01A-21R-1928-07,0.80947854377761,0
TCGA-VP-A879-01A-11R-A352-07,0.43468703475305304,0
TCGA-C8-A1HM-01A-12R-A137-07,0.3399862627860919,0
TCGA-A3-3316-01A-01R-0864-07,0.6381650195408205,1
TCGA-DW-7840-01A-11R-A32Z-07,0.4794817040165645,1
TCGA-D5-6927-01A-21R-1928-07,0.5288245064624872,1
TCGA-A6-2671-01A-01R-1410-07,0.7162439636774033,1
TCGA-61-1918-01A-01R-1568-13,0.8730556190231658,0
TCGA-FV-A3R3-01A-11R-A22L-07,0.7065816564077226,1
TCGA-F9-A7VF-01A-11R-A33Z-07,0.7424897735562326,1
TCGA-L7-A6VZ-01A-12R-A336-31,0.6723336439456695,0
TCGA-AA-3526-01A-02R-A32Z-07,0.5907376687791125,1
TCGA-56-8626-01A-11R-2403-07,0.8563707946792037,1
TCGA-DD-A3A1-01A-11R-A213-07,0.4913814738968824,1
TCGA-YL-A8SR-01B-11R-A37L-07,0.3997979699510083,1
TCGA-B0-4848-01A-01R-1277-07,0.46726283025673915,1
TCGA-55-6969-01A-11R-1949-07,0.8388360808545655,1
TCGA-2A-A8VL-01A-21R-A37L-07,0.7907117797734524,1
TCGA-24-1422-01A-01R-1565-13,0.9465805880264332,1
TCGA-A3-3370-01A-02R-1420-07,0.505322691507722,1
TCGA-EW-A2FW-01A-11R-A17B-07,0.6325543309726858,1
TCGA-BH-A0BL-01A-11R-A115-07,0.4920871822213434,1
TCGA-AA-A010-01A-01R-A089-07,0.819220000898738,1
TCGA-AA-3664-01A-01R-0905-07,0.5921576148166113,0
TCGA-GN-A26C-01A-11R-A18T-07,0.9416994039542557,1
TCGA-85-8354-01A-31R-2326-07,0.4518093275121828,1
TCGA-A3-3373-01A-02R-1420-07,0.33292300206747033,1
TCGA-30-1891-01A-01R-1568-13,0.8178974326133039,1
TCGA-HC-7078-01A-11R-2118-07,0.6283154221494605,1
TCGA-FC-A66V-01A-21R-A30B-07,0.3472314484735589,1
TCGA-A3-3324-01A-02R-1325-07,0.3027856938182911,1
TCGA-S3-AA10-01A-21R-A41B-07,0.38096206019954976,1
TCGA-53-7813-01A-11R-2170-07,0.5000713317401332,1
TCGA-EW-A1P3-01A-11R-A144-07,0.7167433857035073,1
TCGA-BF-A3DN-01A-11R-A20F-07,0.7814526861849914,1
TCGA-22-4596-01A-01R-1201-07,0.4435467274091023,1
TCGA-G4-6297-01A-11R-1723-07,0.8957977768347458,1
TCGA-05-4422-01A-01R-1206-07,0.528971226652119,1
TCGA-67-3773-01A-01R-0946-07,0.5120367548328834,1
TCGA-75-7025-01A-12R-1949-07,0.52763256378236,0
TCGA-BH-A18I-01A-11R-A12D-07,0.4421096848434633,0
TCGA-E9-A54Y-01A-11R-A466-07,0.7702820821609421,1
TCGA-BP-4758-01A-01R-1289-07,0.7913095470807022,1
TCGA-LN-A9FO-01A-11R-A38D-31,0.8194444873371579,1
TCGA-10-0936-01A-01R-1564-13,0.46851051364129276,0
TCGA-DD-AACP-01A-11R-A41C-07,0.9281340499139015,1
TCGA-NH-A5IV-01A-42R-A37K-07,0.9396169633786061,1
TCGA-44-6777-01A-11R-1858-07,0.906956546763531,1
TCGA-71-8520-01A-11R-2403-07,0.5918478325144402,1
TCGA-A8-A07I-01A-11R-A00Z-07,0.8296499932625327,1
TCGA-CC-A3M9-01A-11R-A213-07,0.879508332987954,1
TCGA-AN-A0AK-01A-21R-A00Z-07,0.9364797308280877,1
TCGA-BP-5174-01A-01R-1426-07,0.8285735626015113,1
TCGA-71-6725-01A-11R-1858-07,0.7332535070659947,1
TCGA-25-1623-01A-01R-1566-13,0.6231553894730761,1
TCGA-KK-A6E1-01A-11R-A311-07,0.8541817019392884,1
TCGA-AR-A0TQ-01A-11R-A084-07,0.905811464976252,1
TCGA-50-5946-01A-11R-1755-07,0.942283956410266,1
TCGA-A4-8312-01A-11R-2404-07,0.6430915122893572,1
TCGA-FC-7961-01A-11R-A29R-07,0.6547341494057807,1
TCGA-AA-A01G-01A-01R-A002-07,0.5796802519120849,1
TCGA-C8-A12Q-01A-11R-A115-07,0.8948324030759554,1
TCGA-HV-A5A5-01A-11R-A26U-07,0.6380964762237123,1
TCGA-BP-4987-01A-01R-1334-07,0.7973154113582848,0
TCGA-24-1564-01A-01R-1566-13,0.6789573862826173,1
TCGA-EJ-7788-01A-11R-2118-07,0.5610123276337043,0
TCGA-O9-A75Z-01A-11R-A33Z-07,0.9053425321254962,1
TCGA-36-1574-01A-01R-1566-13,0.4669271616656356,1
TCGA-21-1070-01A-01R-0692-07,0.5559038134016326,1
TCGA-BP-4976-01A-01R-1334-07,0.9041997539462311,1
TCGA-A7-A0CJ-01A-21R-A00Z-07,0.8840185040657832,1
TCGA-13-1501-01A-01R-1565-13,0.7099591258968743,1
TCGA-CZ-5469-01A-01R-1503-07,0.6568702007918119,1
TCGA-29-1776-01A-01R-1567-13,0.7931244178510863,1
TCGA-75-6214-01A-41R-1949-07,0.6037837551398747,1
TCGA-55-8619-01A-11R-2403-07,0.8580813374113957,1
TCGA-A4-A6HP-01A-11R-A31O-07,0.8866226878801555,0
TCGA-LG-A6GG-01A-11R-A311-07,0.5758086720635809,1
TCGA-CC-A9FW-01A-11R-A37K-07,0.9081839042295148,1
TCGA-EJ-7781-01A-11R-2118-07,0.8942888825856078,1
TCGA-05-5420-01A-01R-1628-07,0.5124218693162311,1
TCGA-EW-A3U0-01A-11R-A22K-07,0.7283817767486646,1
TCGA-61-2002-01A-01R-1568-13,0.8081497834465168,1
TCGA-B0-4841-01A-01R-1277-07,0.2753619362837872,1
TCGA-CJ-4885-01A-01R-1305-07,0.5580412125824918,1
TCGA-AQ-A7U7-01A-22R-A352-07,0.9220371372325351,1
TCGA-VN-A88P-01A-11R-A352-07,0.7642796356644297,1
TCGA-XX-A899-01A-11R-A36F-07,0.5400739933246833,1
TCGA-E2-A14X-01A-11R-A115-07,0.9279238998745721,1
TCGA-E2-A14U-01A-11R-A22K-07,0.5536730285566609,0
TCGA-CJ-6031-01A-11R-1672-07,0.679363061767308,1
TCGA-38-4627-01A-01R-1206-07,0.4442325982581928,1
TCGA-V1-A9OT-01A-11R-A41O-07,0.5519880011868827,1
TCGA-VR-A8ET-01A-11R-A406-31,0.2864738513361752,1
TCGA-A2-A1G6-01A-11R-A13Q-07,0.6822601271625578,1
TCGA-B0-5110-01A-01R-1420-07,0.5069500974231193,1
TCGA-A4-7585-01A-11R-2139-07,0.6064274274808521,1
TCGA-F2-7276-01A-11R-2156-07,0.5878911689542082,1
TCGA-BP-5168-01A-01R-1420-07,0.6443931583130471,0
TCGA-D5-6540-01A-11R-1723-07,0.471887906323516,1
TCGA-A6-6652-01A-11R-1774-07,0.5233725571873974,1
TCGA-96-8170-01A-11R-2296-07,0.4250447000728161,0
TCGA-36-1577-01A-01R-1566-13,0.3116815767646316,1
TCGA-44-8120-01A-11R-2241-07,0.4926717460679593,1
TCGA-D5-6532-01A-11R-1723-07,0.8338067760683013,1
TCGA-AR-A2LK-01A-11R-A180-07,0.7807190477288666,1
TCGA-B6-A0X7-01A-11R-A10J-07,0.9473922228896992,1
TCGA-DD-AADQ-01A-11R-A41C-07,0.2766380335696096,1
TCGA-24-1416-01A-01R-1565-13,0.48971261528124815,1
TCGA-53-7626-01A-12R-2066-07,0.44040524713099055,1
TCGA-G9-6370-01A-11R-1789-07,0.5309248901920576,1
TCGA-A2-A0CX-01A-21R-A00Z-07,0.490320870915627,1
TCGA-G9-6498-01A-12R-A311-07,0.3775238865287095,1
TCGA-EB-A24D-01A-11R-A18T-07,0.6991205912601295,1
TCGA-P4-A5EB-01A-11R-A28H-07,0.400347447806895,1
TCGA-55-6970-01A-11R-1949-07,0.6124570438316436,1
TCGA-AD-6963-01A-11R-1928-07,0.8280094822971119,1
TCGA-97-A4M3-01A-11R-A24X-07,0.5548499004636441,1
TCGA-23-2084-01A-02R-1568-13,0.7429936203934381,1
TCGA-E9-A228-01A-31R-A157-07,0.737606865123153,1
TCGA-BF-A5EQ-01A-21R-A27Q-07,0.5064571664989128,1
TCGA-43-6773-01A-41R-1949-07,0.8400196276382881,1
TCGA-S3-AA17-01A-11R-A41B-07,0.40675651486885345,1
TCGA-D8-A143-01A-11R-A115-07,0.7733180392894886,1
TCGA-2Y-A9H7-01A-11R-A39D-07,0.650116293072282,1
TCGA-91-6849-01A-11R-1949-07,0.4284402663938053,1
TCGA-B0-4818-01A-01R-1503-07,0.86298056348451,1
TCGA-DM-A280-01A-12R-A16W-07,0.45932495539767715,1
TCGA-EW-A1PH-01A-11R-A14M-07,0.8284169073845603,1
TCGA-VN-A88R-01A-11R-A36G-07,0.9092030119594618,1
TCGA-91-6829-01A-21R-1858-07,0.5559227900587491,1
TCGA-30-1857-01A-02R-1569-13,0.7759589216486764,1
TCGA-V1-A8WS-01A-11R-A37L-07,0.5644476495019883,0
TCGA-D8-A27H-01A-11R-A16F-07,0.5846213118372863,1
TCGA-56-8304-01A-11R-2326-07,0.5424314496968402,1
TCGA-43-5670-01A-21R-2125-07,0.4203075307529236,1
TCGA-OL-A66P-01A-11R-A31O-07,0.8350021524041072,1
TCGA-78-7150-01A-21R-2039-07,0.8626674334207348,1
TCGA-C8-A12L-01A-11R-A115-07,0.8242284800846845,0
TCGA-IB-AAUT-01A-11R-A37L-07,0.903807636288732,1
TCGA-B6-A0IN-01A-11R-A034-07,0.6356705411106284,1
TCGA-O8-A75V-01A-11R-A32O-07,0.6372804105702828,1
TCGA-DD-AAE6-01A-11R-A41C-07,0.39464054442321206,1
TCGA-L5-A8NR-01A-11R-A37I-31,0.8549912221392407,1
TCGA-KK-A8IG-01A-11R-A36G-07,0.8561244353469766,1
TCGA-L9-A8F4-01A-11R-A39D-07,0.9505626381304069,1
TCGA-13-0887-01A-01R-1564-13,0.7196820127534715,1
TCGA-BH-A1FR-01A-11R-A13Q-07,0.9310368904117188,1
TCGA-BP-4981-01A-01R-1334-07,0.8540891541980865,1
TCGA-DV-5574-01A-01R-1541-07,0.4197490449607546,1
TCGA-AA-3696-01A-01R-0905-07,0.49089541931617375,0
TCGA-DD-A115-01A-11R-A131-07,0.9043258419969575,1
TCGA-98-A53B-01A-11R-A262-07,0.48893685776934215,1
TCGA-FB-A5VM-01A-11R-A32O-07,0.9652313372172563,1
TCGA-AK-3425-01A-02R-1277-07,0.8976778249435781,1
TCGA-CW-5581-01A-02R-1541-07,0.5370729630987165,1
TCGA-5P-A9K4-01A-11R-A42S-07,0.6209549019128604,1
TCGA-HE-A5NK-01A-11R-A26U-07,0.37498817807474777,1
TCGA-B9-A8YI-01A-21R-A37K-07,0.736873204212212,1
TCGA-HZ-8001-01A-11R-2204-07,0.5411598648568441,1
TCGA-AC-A2FF-01A-11R-A17B-07,0.7627205993396292,1
TCGA-EJ-5512-01A-01R-1580-07,0.5694005652205015,1
TCGA-68-8251-01A-11R-2296-07,0.612444495901448,1
TCGA-C8-A27B-01A-11R-A169-07,0.3129820090378299,1
TCGA-GF-A769-01A-32R-A32P-07,0.5640227958673693,1
TCGA-ZP-A9CZ-01A-11R-A38B-07,0.9356734560091475,0
TCGA-24-1845-01A-01R-1567-13,0.5718720726721439,1
TCGA-29-A5NZ-01A-11R-A406-31,0.5944260510097694,1
TCGA-5P-A9KC-01A-11R-A42S-07,0.8329776250549912,1
TCGA-ZG-A9LY-01A-11R-A41O-07,0.7029621506715038,1
TCGA-13-0890-01A-01R-1564-13,0.7012934676800346,0
TCGA-EW-A1J3-01A-11R-A13Q-07,0.42852043277241053,1
TCGA-ED-A4XI-01A-11R-A266-07,0.6905668990628955,0
TCGA-23-1027-01A-02R-1564-13,0.3292534248377831,1
TCGA-A2-A0CV-01A-31R-A115-07,0.7402572209083785,1
TCGA-B0-5703-01A-11R-1541-07,0.6139504715199348,0
TCGA-BH-A18P-01A-11R-A12D-07,0.7830909507107351,0
TCGA-60-2703-01A-11R-2045-07,0.7872062431714754,0
TCGA-DD-AAD6-01A-11R-A41C-07,0.549642022888939,1
TCGA-5P-A9KA-01A-11R-A42S-07,0.6017291667890571,1
TCGA-IB-7652-01A-11R-2156-07,0.6661463820872042,1
TCGA-97-A4M0-01A-11R-A24X-07,0.8132876474433731,1
TCGA-LN-A4A9-01A-11R-A28J-31,0.7965712480044043,1
TCGA-58-A46M-01A-11R-A24H-07,0.6632102516170305,1
TCGA-DD-AADM-01A-11R-A41C-07,0.5698455860111616,1
TCGA-K7-A6G5-01A-11R-A311-07,0.5918767856735766,0
TCGA-55-8204-01A-11R-2241-07,0.908203025662557,1
TCGA-B4-5834-01A-11R-1672-07,0.6116527463061272,1
TCGA-69-7764-01A-11R-2170-07,0.5040842540451804,1
TCGA-A3-3380-01A-01R-0864-07,0.4956313447197197,0
TCGA-MF-A522-01A-11R-A262-07,0.5847873605220972,1
TCGA-FB-AAPY-01A-11R-A41B-07,0.5406951973419387,1
TCGA-HC-8260-01A-11R-2263-07,0.5106592682535621,1
TCGA-35-3615-01A-01R-0946-07,0.8315255799253766,0
TCGA-BF-AAOX-01A-11R-A39D-07,0.4449222274904569,1
TCGA-49-4510-01A-01R-1206-07,0.9918686671910556,0
TCGA-55-7726-01A-11R-2170-07,0.527425733264594,1
TCGA-D5-6536-01A-11R-1723-07,0.8888593406628379,1
TCGA-43-A56U-01A-11R-A26W-07,0.8451260369893104,1
TCGA-EP-A3JL-01A-11R-A213-07,0.6476922159849217,1
TCGA-HC-8258-01A-11R-2263-07,0.730765454111849,1
TCGA-Z6-A9VB-01A-21R-A37I-31,0.43203570023919524,0
TCGA-V1-A9O5-01A-11R-A41O-07,0.6162072799863425,0
TCGA-77-8146-01A-11R-2247-07,0.4977846534527501,1
TCGA-EU-5906-01A-11R-1672-07,0.5147675623203194,1
TCGA-34-2608-01A-02R-0851-07,0.793542879837349,0
TCGA-LD-A7W6-01A-81R-A352-07,0.6748216145654484,1
TCGA-B8-4143-01A-01R-1188-07,0.9719512131705639,1
TCGA-BQ-5883-01A-11R-1592-07,0.29630104351859843,1
TCGA-V5-AASV-01A-11R-A38D-31,0.4694969038601282,0
TCGA-A7-A0D9-01A-31R-A056-07,0.9507464721722324,1
TCGA-A6-2676-01A-01R-0826-07,0.6119778014456939,1
TCGA-DM-A1D7-01A-11R-A155-07,0.5424159926275193,1
TCGA-B6-A3ZX-01A-11R-A239-07,0.9249749044429807,1
TCGA-05-4402-01A-01R-1206-07,0.9343021314504274,1
TCGA-AA-3555-01A-01R-0821-07,0.8332548536383766,1
TCGA-G3-A7M7-01A-12R-A352-07,0.8678006430226729,1
TCGA-A3-3351-01A-02R-1325-07,0.7171733193807525,0
TCGA-EB-A4IQ-01A-12R-A266-07,0.898456478466445,1
TCGA-CJ-4907-01A-01R-1426-07,0.34146075535855097,0
TCGA-B8-5163-01A-01R-1420-07,0.5661174593906465,1
TCGA-AQ-A1H3-01A-31R-A13Q-07,0.4893069968248096,1
TCGA-52-7811-01A-11R-2125-07,0.4788404608017648,1
TCGA-AR-A250-01A-31R-A169-07,0.4538891160751872,1
TCGA-J9-A8CK-01A-11R-A352-07,0.902501816181388,1
TCGA-A2-A04U-01A-11R-A115-07,0.2687767860598651,1
TCGA-77-6843-01A-11R-1949-07,0.7754315140253759,1
TCGA-EW-A6SD-01A-12R-A33J-07,0.8641394044072257,0
TCGA-BH-A0B5-01A-11R-A12P-07,0.7858710114434856,0
TCGA-29-2425-01A-01R-1569-13,0.3096501017523767,1
TCGA-AA-3972-01A-01R-1022-07,0.7794427838495895,1
TCGA-B6-A0IK-01A-12R-A056-07,0.8616423731403857,1
TCGA-V1-A8MJ-01A-11R-A36G-07,0.8507563482012734,1
TCGA-B0-5707-01A-11R-1541-07,0.8884720167057243,0
TCGA-13-1409-01A-01R-1565-13,0.49682212080607185,0
TCGA-HC-7817-01B-11R-A29R-07,0.785846571412556,1
TCGA-LN-A4MR-01A-11R-A28J-31,0.7521042536247352,1
TCGA-CM-4747-01A-01R-1410-07,0.4709672508077063,1
TCGA-BP-5192-01A-01R-1426-07,0.47228780982925667,0
TCGA-CC-A7IF-01A-11R-A33J-07,0.8807512022293157,1
TCGA-75-6212-01A-11R-1755-07,0.803019711573687,1
TCGA-61-2095-01A-01R-1568-13,0.9724397024157676,1
TCGA-BP-4992-01A-01R-1334-07,0.6552631505049014,1
TCGA-KK-A6E7-01A-11R-A31N-07,0.6487791540701981,0
TCGA-24-1469-01A-01R-1566-13,0.3861718427311281,1
TCGA-DD-A73B-01A-12R-A32O-07,0.7147186137196135,1
TCGA-LN-A9FQ-01A-31R-A38D-31,0.7632603003339602,1
TCGA-J2-A4AG-01A-11R-A24H-07,0.5192753247962633,1
TCGA-G6-A8L8-01A-21R-A37O-07,0.45256040216918353,1
TCGA-A2-A0CS-01A-11R-A115-07,0.47514104907043003,1
TCGA-DD-AACA-01A-11R-A41C-07,0.6293107779065887,1
TCGA-A2-A0CZ-01A-11R-A034-07,0.46974547005873735,1
TCGA-23-1110-01A-01R-1564-13,0.3991914053788379,0
TCGA-E2-A150-01A-11R-A12D-07,0.6171718003007428,1
TCGA-A6-6142-01A-11R-1774-07,0.9071123229005243,1
TCGA-AO-A124-01A-11R-A10J-07,0.4666520090254983,1
TCGA-NC-A5HJ-01A-11R-A26W-07,0.8033398094009943,1
TCGA-85-8352-01A-31R-2326-07,0.9340213218798653,1
TCGA-B8-5545-01A-01R-1672-07,0.8621643821757646,1
TCGA-DD-A118-01A-11R-A131-07,0.594814126312871,0
TCGA-NJ-A4YP-01A-11R-A262-07,0.9043071297264443,1
TCGA-94-7557-01A-11R-2125-07,0.5073521103005258,1
TCGA-78-7156-01A-11R-2039-07,0.5154653220223375,1
TCGA-BH-A0HP-01A-12R-A084-07,0.7421975495756048,1
TCGA-B1-A656-01A-11R-A31O-07,0.9158912767184195,1
TCGA-39-5037-01A-01R-1443-07,0.6473621210540257,1
TCGA-CJ-4892-01A-01R-1305-07,0.8844722072970265,1
TCGA-55-1592-01A-01R-0946-07,0.5332442735054543,1
TCGA-E2-A1L7-01A-11R-A144-07,0.5176082710933643,1
TCGA-49-4512-01A-21R-1858-07,0.861258453206709,0
TCGA-A1-A0SH-01A-11R-A084-07,0.7702571993918612,1
TCGA-G9-6339-01A-12R-A311-07,0.49992270165863584,1
TCGA-67-3771-01A-01R-0946-07,0.7291364727976573,1
TCGA-J7-6720-01A-11R-2139-07,0.933357257841263,1
TCGA-C8-A12O-01A-11R-A115-07,0.8754807296804726,1
TCGA-CH-5741-01A-11R-1580-07,0.8802073042225143,1
TCGA-EJ-A8FU-01A-11R-A36G-07,0.5195971279674927,1
TCGA-B0-4849-01A-01R-1277-07,0.5735688532158595,1
TCGA-HC-A76W-01A-11R-A33R-07,0.8976011558065016,1
TCGA-CC-A8HT-01A-11R-A36F-07,0.5224414137998861,0
TCGA-G4-6320-01A-11R-1723-07,0.8086357024828021,1
TCGA-BP-4763-01A-01R-1289-07,0.6022411940976969,1
TCGA-A8-A097-01A-11R-A034-07,0.9145344613586573,1
TCGA-73-4662-01A-01R-1206-07,0.5901422555897523,1
TCGA-RC-A7SH-01A-11R-A38B-07,0.6060384633351029,1
TCGA-09-1661-01B-01R-1566-13,0.49969104683416105,1
TCGA-66-2766-01A-01R-0851-07,0.7259772202632595,1
TCGA-A2-A3XZ-01A-42R-A239-07,0.8012898706872904,0
TCGA-36-1581-01A-01R-1566-13,0.8828622537600102,1
TCGA-CH-5789-01A-11R-1580-07,0.5512389300420838,1
TCGA-BH-A1F0-01A-11R-A137-07,0.4269355862666034,1
TCGA-91-6847-01A-11R-1949-07,0.4697698836204785,0
TCGA-52-7809-01A-21R-2125-07,0.3859318818092637,1
TCGA-BD-A3ER-01A-11R-A213-07,0.7869553341272476,1
TCGA-13-1511-01A-01R-1565-13,0.670517167200666,1
TCGA-21-1079-01A-01R-0692-07,0.8140290159402579,1
TCGA-BH-A18V-01A-11R-A12D-07,0.35849894431964174,1
TCGA-F4-6569-01A-11R-1774-07,0.8526024429073183,1
TCGA-66-2781-01A-01R-0851-07,0.5155402651217371,1
TCGA-G3-A5SK-01A-11R-A27V-07,0.42413455288886687,1
TCGA-AC-A62V-01A-11R-A31O-07,0.8840663732102502,1
TCGA-BP-5195-01A-02R-1426-07,0.8479533860624648,1
TCGA-A8-A0A1-01A-11R-A00Z-07,0.7430615580870163,1
TCGA-38-4629-01A-02R-1206-07,0.5762772639964657,1
TCGA-AC-A5EH-01A-11R-A28M-07,0.811189895476548,1
TCGA-M7-A721-01A-12R-A32O-07,0.8997552641275547,1
TCGA-23-1028-01A-01R-1564-13,0.5702150301243943,1
TCGA-AZ-5407-01A-01R-1723-07,0.8027837633613784,1
TCGA-56-8625-01A-11R-2403-07,0.5671027583385561,1
TCGA-NC-A5HM-01A-12R-A26W-07,0.5225838204876638,1
TCGA-58-A46L-01A-11R-A24H-07,0.954184237488453,0
TCGA-B6-A0IH-01A-11R-A115-07,0.9076718573352511,1
TCGA-77-A5FZ-01A-31R-A27Q-07,0.4643839334590979,1
TCGA-CK-4947-01B-11R-1653-07,0.42775105145988557,1
TCGA-AC-A2QI-01A-12R-A19W-07,0.7588912652950179,1
TCGA-G3-AAV4-01A-11R-A38B-07,0.6037494864932454,1
TCGA-93-7347-01A-11R-2187-07,0.49053017405915506,1
TCGA-LL-A73Z-01A-11R-A32P-07,0.8526098966685793,1
TCGA-AC-A2BK-01A-11R-A21T-07,0.47943015376432857,0
TCGA-25-1315-01A-01R-1565-13,0.5914399891762137,1
TCGA-A2-A0T2-01A-11R-A084-07,0.5043528713389066,1
TCGA-P4-A5E7-01A-31R-A28H-07,0.536558080942963,0
TCGA-E2-A574-01A-11R-A29R-07,0.9247609894802583,0
TCGA-09-2051-01A-01R-1568-13,0.7652878697404422,1
TCGA-S3-A6ZH-01A-22R-A32P-07,0.8547549152900911,0
TCGA-AA-3548-01A-01R-1873-07,0.5978245846318677,1
TCGA-B9-A8YH-01A-11R-A37K-07,0.562620380652407,0
TCGA-AA-3971-01A-01R-1022-07,0.7921639596815695,0
TCGA-BP-5169-01A-01R-1426-07,0.6278877361699092,1
TCGA-A2-A3XW-01A-11R-A239-07,0.7864603201666008,0
TCGA-AU-3779-01A-01R-1723-07,0.6197916145375444,1
TCGA-21-1071-01A-01R-0692-07,0.8469146137466518,1
TCGA-2L-AAQE-01A-11R-A39D-07,0.5393131329221686,1
TCGA-78-7143-01A-11R-2039-07,0.8297095620582634,1
TCGA-CM-5863-01A-21R-1839-07,0.9011198313298164,1
TCGA-85-8288-01A-11R-2296-07,0.8900375522168065,1
TCGA-CC-5259-01A-31R-A213-07,0.4106473349015516,1
TCGA-22-5480-01A-01R-1635-07,0.7798067945826932,1
TCGA-DW-7963-01B-11R-A28H-07,0.9022320258132822,0
TCGA-A1-A0SN-01A-11R-A144-07,0.4515118682415583,1
TCGA-V1-A8X3-01A-11R-A37L-07,0.8338355895033182,1
TCGA-E9-A22D-01A-11R-A157-07,0.9817948689783987,1
TCGA-B0-5075-01A-01R-1334-07,0.5434555502119405,1
TCGA-AK-3433-01A-02R-1277-07,0.349424541223591,1
TCGA-BP-4331-01A-01R-1289-07,0.678998861255057,0
TCGA-ES-A2HT-01A-12R-A180-07,0.39282938220481906,1
TCGA-29-1766-01A-01R-1567-13,0.413137928460561,1
TCGA-HZ-7926-01A-11R-2156-07,0.5333894368789437,1
TCGA-4L-AA1F-01A-11R-A41O-07,0.6853399854203228,1
TCGA-Q2-A5QZ-01A-11R-A28H-07,0.37718023120916744,0
TCGA-49-4490-01A-21R-1858-07,0.9804650507692863,1
TCGA-2Y-A9H2-01A-12R-A38B-07,0.895444116419107,1
TCGA-24-1923-01A-01R-1567-13,0.8840716948538756,1
TCGA-22-4595-01A-01R-1201-07,0.5126735425488389,1
TCGA-44-6147-01B-06R-A277-07,0.3886630602707906,1
TCGA-3A-A9I5-01A-11R-A38C-07,0.6407226290845243,0
TCGA-50-5933-01A-11R-1755-07,0.5300081173365102,1
TCGA-BP-4995-01A-01R-1334-07,0.848049120799193,1
TCGA-A2-A1FV-01A-11R-A13Q-07,0.6913961549080673,0
TCGA-CZ-4866-01A-01R-1503-07,0.5825984563435176,0
TCGA-F4-6570-01A-11R-1774-07,0.5500956338679323,1
TCGA-BH-A0EI-01A-11R-A115-07,0.36533453741497934,1
TCGA-AA-3713-01A-21R-1723-07,0.5737014310490324,1
TCGA-NI-A4U2-01A-11R-A28V-07,0.498662330455933,1
TCGA-DD-AADY-01A-11R-A41C-07,0.5569260825440895,1
TCGA-05-4405-01A-21R-1858-07,0.849642290015142,1
TCGA-EJ-8469-01A-11R-2403-07,0.5586856032971412,1
TCGA-CK-5914-01A-11R-1653-07,0.45111727141739943,1
TCGA-61-2104-01A-01R-1568-13,0.8790241882402033,1
TCGA-95-7562-01A-11R-2241-07,0.6199347360273418,1
TCGA-NK-A5CR-01A-11R-A26W-07,0.32740726825719896,1
TCGA-DD-AACU-01A-11R-A41C-07,0.6449195088016338,1
TCGA-DD-A119-01A-11R-A131-07,0.877867688880876,1
TCGA-GM-A3NW-01A-21R-A22K-07,0.5767492907125269,1
TCGA-50-8459-01A-11R-2326-07,0.46344417277624156,1
TCGA-AO-A12C-01A-11R-A10J-07,0.9775346867081571,0
TCGA-CK-4950-01A-01R-1723-07,0.8260649931896492,0
TCGA-55-6987-01A-11R-1949-07,0.7950628392077318,1
TCGA-G3-A7M6-01A-11R-A33R-07,0.7819535224586759,1
TCGA-EW-A3E8-01B-11R-A24H-07,0.6904070429695283,1
TCGA-AO-A0JB-01A-11R-A32Y-07,0.4920503844830014,1
TCGA-EJ-A8FO-01A-21R-A36G-07,0.9228305907142214,1
TCGA-CM-6168-01A-11R-1653-07,0.8601732437119536,1
TCGA-J4-8198-01A-11R-2263-07,0.5482878473591153,1
TCGA-YL-A8SA-01A-21R-A37L-07,0.5501967335560958,1
TCGA-CJ-5679-01A-11R-1541-07,0.7594600169008561,1
TCGA-LL-A7SZ-01A-32R-A352-07,0.31106926081599623,1
TCGA-CM-6677-01A-11R-1839-07,0.5096817856030387,1
TCGA-BP-4973-01A-01R-1334-07,0.9438991480687805,1
TCGA-2L-AAQJ-01A-12R-A39D-07,0.5106611149776322,1
TCGA-09-0367-01A-01R-1564-13,0.7435569669553034,1
TCGA-BQ-7044-01A-11R-1965-07,0.5819344678552748,1
TCGA-B0-4813-01A-01R-1277-07,0.7035547720121511,1
TCGA-24-1104-01A-01R-1565-13,0.8060999893784945,1
TCGA-HC-A6HY-01A-11R-A31N-07,0.6228839116699026,1
TCGA-L5-A8NK-01A-21R-A37I-31,0.7562099221671584,1
TCGA-31-1953-01A-01R-1568-13,0.8814234324100038,1
TCGA-BH-A8FY-01A-11R-A36F-07,0.922260488576803,1
TCGA-B0-5107-01A-01R-1420-07,0.8961030979105689,0
TCGA-09-1673-01A-01R-1566-13,0.33669561110648283,1
TCGA-CH-5764-01A-21R-1580-07,0.5849258407263741,0
TCGA-2H-A9GN-01A-11R-A37I-31,0.7220670338486592,1
TCGA-23-1024-01A-02R-1564-13,0.550768361239758,0
TCGA-B8-5549-01A-01R-1541-07,0.9133184884864739,1
TCGA-GL-8500-01A-11R-2404-07,0.4612397582260638,1
TCGA-KK-A8IM-01A-11R-A36G-07,0.6262522094358685,0
TCGA-BH-A0BQ-01A-21R-A115-07,0.7681451358615018,1
TCGA-G3-A6UC-01A-21R-A33J-07,0.5720306069406448,1
TCGA-20-1687-01A-01R-1566-13,0.7766334833459834,0
TCGA-AC-A2QH-01A-11R-A18M-07,0.2672945406522121,1
TCGA-DM-A28M-01A-12R-A16W-07,0.3949845855259243,1
TCGA-13-0899-01A-01R-1564-13,0.45179591064279206,1
TCGA-2Y-A9GW-01A-11R-A38B-07,0.7282372729680086,1
TCGA-2A-A8VT-01A-11R-A37L-07,0.9412224686966943,1
TCGA-D5-6922-01A-11R-1928-07,0.8906249316733493,1
TCGA-24-1847-01A-01R-1566-13,0.8362399691046353,1
TCGA-AC-A2FO-01A-11R-A180-07,0.779868642490953,1
TCGA-UB-A7MC-01A-11R-A33R-07,0.6833537760907595,1
TCGA-MP-A4TK-01A-11R-A24X-07,0.4480674161159168,1
TCGA-04-1542-01A-01R-1566-13,0.6057191042407581,1
TCGA-EW-A1P8-01A-11R-A144-07,0.4312772090772067,1
TCGA-G7-7501-01A-11R-2204-07,0.4478320360322486,1
TCGA-A2-A0D0-01A-11R-A00Z-07,0.3241072435714263,0
TCGA-HC-7079-01A-11R-1965-07,0.3513112161783305,1
TCGA-KK-A8IA-01A-11R-A36G-07,0.8278615344018816,1
TCGA-D5-6529-01A-11R-1774-07,0.5643713575997602,1
TCGA-G4-6304-01A-11R-1928-07,0.4130331382815162,1
TCGA-BH-A0HB-01A-11R-A056-07,0.8454237231093775,1
TCGA-CJ-4882-01A-02R-1426-07,0.9334726807992993,1
TCGA-24-1435-01A-01R-1566-13,0.4674927166382762,1
TCGA-AA-3492-01A-01R-1410-07,0.618640766900365,0
TCGA-IZ-8196-01A-11R-2404-07,0.9017944535217426,1
TCGA-UB-A7ME-01A-11R-A33J-07,0.8680403468345145,0
TCGA-6A-AB49-01A-12R-A405-07,0.5164268129615738,1
TCGA-63-7021-01A-11R-1949-07,0.5180272370111348,1
TCGA-A2-A0EN-01A-13R-A084-07,0.8966077716133528,0
TCGA-A8-A0A2-01A-11R-A034-07,0.6771910057017345,0
TCGA-DD-AACX-01A-11R-A41C-07,0.9030437751683252,1
TCGA-E2-A14O-01A-31R-A115-07,0.297683531080038,1
TCGA-AA-3695-01A-01R-0905-07,0.6349663011234945,1
TCGA-A2-A0EM-01A-11R-A034-07,0.8900086398026842,1
TCGA-AA-3549-01A-02R-0821-07,0.6732174292537421,1
TCGA-ED-A7XP-01A-11R-A352-07,0.7175318443945837,1
TCGA-97-7938-01A-11R-2170-07,0.6260855514015757,1
TCGA-23-1122-01A-01R-1565-13,0.49424685036260374,1
TCGA-AA-A01I-01A-02R-A089-07,0.7900348472996024,1
TCGA-ZS-A9CG-01A-11R-A37K-07,0.8483621913486131,1
TCGA-A7-A0DA-01A-31R-A115-07,0.48911916516380893,1
TCGA-29-1701-01A-01R-1567-13,0.6184806086774632,1
TCGA-LN-A4A6-01A-11R-A260-31,0.49469563482784845,0
TCGA-2H-A9GQ-01A-11R-A37I-31,0.7916596130977497,1
TCGA-B8-4620-01A-02R-1325-07,0.9004331560910502,1
TCGA-B0-4718-01A-01R-1277-07,0.38832296458116045,1
TCGA-AA-3861-01A-01R-1022-07,0.7660952747069931,1
TCGA-D5-6932-01A-11R-1928-07,0.8710366001822687,1
TCGA-55-8091-01A-11R-2241-07,0.7985067346847917,1
TCGA-64-1681-01A-11R-2066-07,0.8581867596829317,1
TCGA-VR-AA7I-01A-11R-A406-31,0.7107642543672431,0
TCGA-AZ-4308-01A-01R-1410-07,0.5357293309794513,1
TCGA-13-1403-01A-01R-1565-13,0.7197116505131304,1
TCGA-AL-3471-01A-02R-1351-07,0.8597590238650732,1
TCGA-23-2078-01A-01R-1568-13,0.555494946829618,1
TCGA-25-2409-01A-01R-1569-13,0.5817855581812711,1
TCGA-BH-A0W7-01A-11R-A115-07,0.796396716928359,1
TCGA-DM-A1D6-01A-21R-A155-07,0.9341885550442772,1
TCGA-13-1512-01A-01R-1565-13,0.6336390557202206,1
TCGA-23-1111-01A-01R-1567-13,0.7528437444738525,1
TCGA-43-6647-01A-11R-1820-07,0.8127633202762248,1
TCGA-85-7698-01A-11R-2125-07,0.46882192458453736,1
TCGA-MW-A4EC-01A-11R-A266-07,0.5413557221660448,1
TCGA-58-A46J-01A-11R-A24H-07,0.8510604743883042,1
TCGA-DD-AAVX-01A-11R-A41C-07,0.37613631846898377,1
TCGA-29-1777-01A-01R-1567-13,0.5716865223448943,1
TCGA-A2-A3XX-01A-21R-A239-07,0.47528975511684285,1
TCGA-55-7725-01A-11R-2170-07,0.7588668730947948,1
TCGA-BH-A0DP-01A-21R-A056-07,0.9264492985083144,1
TCGA-PD-A5DF-01A-11R-A27V-07,0.7706234059017069,1
TCGA-77-7465-01A-11R-2045-07,0.44679593095854525,1
TCGA-A6-5659-01A-01R-A278-07,0.7971674082453365,1
TCGA-A8-A08G-01A-11R-A00Z-07,0.9286637949414137,1
TCGA-39-5029-01A-01R-1443-07,0.7867000619438216,0
TCGA-DD-AAVQ-01A-11R-A41C-07,0.7346518077492574,1
TCGA-BH-A0DK-01A-21R-A056-07,0.842789725278187,1
TCGA-AC-A2QJ-01A-12R-A19W-07,0.5000465402966214,1
TCGA-BP-4799-01A-01R-1305-07,0.18107422625224895,1
TCGA-18-3415-01A-01R-0980-07,0.886334924858994,1
TCGA-22-A5C4-01A-12R-A27Q-07,0.512867758999479,1
TCGA-Y8-A896-01A-11R-A36F-07,0.9227552461351285,1
TCGA-AC-A2FG-01A-11R-A17B-07,0.9833771715356384,1
TCGA-CW-5584-01A-01R-1541-07,0.6345546486077446,1
TCGA-58-8387-01A-11R-2296-07,0.8489160149780586,1
TCGA-55-7724-01A-11R-2170-07,0.5241297747571737,1
TCGA-AO-A12B-01A-11R-A10J-07,0.8558448386827682,1
TCGA-KC-A7F3-01A-21R-A33R-07,0.7164821453105276,1
TCGA-49-4514-01A-21R-1858-07,0.4066954754777165,1
TCGA-A8-A09N-01A-11R-A00Z-07,0.39160822702794107,1
TCGA-C8-A12W-01A-11R-A115-07,0.8163673442783278,1
TCGA-BP-4797-01A-01R-1305-07,0.9052747653002027,0
TCGA-G3-A7M9-01A-23R-A352-07,0.9092194946223827,1
TCGA-55-7815-01A-11R-2170-07,0.4932138011220049,1
TCGA-EJ-A8FP-01A-21R-A36G-07,0.47479951846053015,1
TCGA-AN-A0FT-01A-11R-A034-07,0.48110026276045664,0
TCGA-A2-A25A-01A-12R-A16F-07,0.8044285536556841,1
TCGA-33-4547-01A-01R-1201-07,0.39630041404842,0
TCGA-G9-7523-01A-11R-2263-07,0.49136319820838337,1
TCGA-KK-A8II-01A-11R-A36G-07,0.46363256193462005,1
TCGA-09-2048-01A-01R-1568-13,0.8568255340588002,1
TCGA-B0-4824-01A-01R-1277-07,0.5962556412684772,1
TCGA-BH-A0DH-01A-11R-A084-07,0.7292669391518968,0
TCGA-55-8615-01A-11R-2403-07,0.9681929158131333,1
TCGA-78-8648-01A-11R-2403-07,0.4096973690261904,0
TCGA-05-4426-01A-01R-1206-07,0.9479959216078723,1
TCGA-CW-6087-01A-11R-1672-07,0.39127416214042504,1
TCGA-BH-A2L8-01A-11R-A18M-07,0.9465155942266305,1
TCGA-64-1680-01A-02R-0946-07,0.8662967916139628,1
TCGA-ER-A19T-01A-11R-A18T-07,0.9262714183677115,1
TCGA-IB-7891-01A-11R-2204-07,0.6629027977276855,1
TCGA-SX-A7SN-01A-11R-A355-07,0.666588222351546,0
TCGA-EJ-7793-01A-31R-2263-07,0.6032187674910703,1
TCGA-23-1118-01A-01R-1564-13,0.8117970315025956,1
TCGA-AQ-A54N-01A-11R-A266-07,0.8304398501749529,1
TCGA-DD-AAW1-01A-11R-A41C-07,0.5132535850700243,1
TCGA-L5-A43E-01A-11R-A24K-31,0.6007990044167576,1
TCGA-AA-A00O-01A-02R-A089-07,0.7919249776187373,0
TCGA-24-2261-01A-01R-1568-13,0.9019726979870533,1
TCGA-AA-3688-01A-01R-0905-07,0.7763082010330418,0
TCGA-UZ-A9PV-01A-11R-A42S-07,0.9043309739565583,1
TCGA-37-A5EN-01A-21R-A26W-07,0.7864578526503877,1
TCGA-09-2053-01C-01R-1568-13,0.826607792020379,1
TCGA-EW-A1J5-01A-11R-A13Q-07,0.792947983976299,1
TCGA-IB-AAUQ-01A-22R-A41I-07,0.6198885219812638,1
TCGA-A2-A0SX-01A-12R-A084-07,0.8536483824590184,1
TCGA-H8-A6C1-01A-11R-A32O-07,0.6062357132350848,0
TCGA-P4-AAVO-01A-11R-A42S-07,0.5230899777923051,1
TCGA-A7-A6VY-01A-12R-A33J-07,0.8528027921688142,1
TCGA-BP-5177-01A-01R-1426-07,0.33828119806103285,0
TCGA-37-4141-01A-02R-1100-07,0.6926184981024855,0
TCGA-85-8355-01A-11R-2296-07,0.5672556316588114,1
TCGA-60-2719-01A-01R-0851-07,0.4264067808761178,1
TCGA-AA-A01C-01A-01R-A00A-07,0.6959677138984286,1
TCGA-G9-6329-01A-13R-1965-07,0.6828883387931012,1
TCGA-BH-A0HK-01A-11R-A056-07,0.3228892449520578,1
TCGA-34-5239-01A-21R-1820-07,0.9482451689487491,0
TCGA-NC-A5HH-01A-11R-A26W-07,0.7917244579712793,1
TCGA-NC-A5HK-01A-11R-A26W-07,0.8005778492862211,1
TCGA-69-7973-01A-11R-2187-07,0.9965005638837897,1
TCGA-77-8128-01A-11R-2247-07,0.42920981191781976,1
TCGA-B0-5700-01A-11R-1541-07,0.9084640147938753,1
TCGA-IB-8126-01A-11R-2404-07,0.6249167522859698,1
TCGA-QL-A97D-01A-12R-A41B-07,0.7754226853996075,0
TCGA-XR-A8TC-01A-11R-A36F-07,0.647540444762536,1
TCGA-63-A5MU-01A-11R-A26W-07,0.33011936190971175,1
TCGA-B8-A54F-01A-11R-A266-07,0.667253585827318,0
TCGA-78-7220-01A-11R-2039-07,0.8138296923165862,1
TCGA-97-8176-01A-11R-2403-07,0.8630766082347919,1
TCGA-G4-6293-01A-11R-1723-07,0.5444521549783187,1
TCGA-05-5715-01A-01R-1628-07,0.897267981634712,1
TCGA-E2-A1IF-01A-11R-A144-07,0.6988294037170515,1
TCGA-AC-A3YI-01A-21R-A239-07,0.7864827345933557,1
TCGA-2J-AAB6-01A-11R-A41B-07,0.6748554690383705,1
TCGA-B1-A47N-01A-11R-A24Z-07,0.8985475142339174,1
TCGA-D8-A1JL-01A-11R-A13Q-07,0.5786272032529933,1
TCGA-SS-A7HO-01A-21R-A37K-07,0.49223413552803824,1
TCGA-58-8390-01A-11R-2326-07,0.8317414765783279,1
TCGA-85-8582-01A-21R-2403-07,0.8435720391308618,1
TCGA-J9-A8CL-01A-11R-A352-07,0.9245081716322903,1
TCGA-BQ-5888-01A-11R-1592-07,0.693611322195873,1
TCGA-GM-A2DF-01A-11R-A180-07,0.4748607859031553,1
TCGA-CJ-4891-01A-01R-1305-07,0.8268654902129446,1
TCGA-E2-A14R-01A-11R-A115-07,0.6504241154928881,1
TCGA-30-1853-01A-02R-1567-13,0.5998346491456937,1
TCGA-EV-5903-01A-11R-1592-07,0.55276412287457,1
TCGA-G9-6353-01A-11R-1965-07,0.816521591671205,0
TCGA-BC-A110-01A-11R-A131-07,0.6405212283316795,1
TCGA-04-1648-01A-01R-1567-13,0.43920457748192676,1
TCGA-55-6983-01A-11R-1949-07,0.5272589434924797,1
TCGA-WX-AA44-01A-11R-A39D-07,0.7411011175850988,1
TCGA-C8-A132-01A-31R-A115-07,0.47451448455986933,0
TCGA-A2-A0CU-01A-12R-A034-07,0.730826004284582,1
TCGA-46-3769-01A-01R-0980-07,0.7820877370314764,0
TCGA-PE-A5DC-01A-12R-A27Q-07,0.7348541863061793,1
TCGA-2J-AAB9-01A-11R-A41B-07,0.6020360463753024,0
TCGA-21-1083-01A-01R-0692-07,0.8862609433952626,1
TCGA-E2-A15F-01A-11R-A115-07,0.6602579173884967,1
TCGA-BH-A1F5-01A-12R-A13Q-07,0.6762246076162707,1
TCGA-EW-A1P4-01A-21R-A144-07,0.38284379259641993,1
TCGA-29-1778-01A-01R-1567-13,0.8627153368655055,1
TCGA-30-1718-01A-01R-1567-13,0.702201357943921,1
TCGA-86-8074-01A-11R-2241-07,0.956724929175705,1
TCGA-A6-6782-01A-11R-1839-07,0.5595315152337763,1
TCGA-IA-A83V-01A-11R-A355-07,0.773074594566145,0
TCGA-KK-A6E5-01A-11R-A311-07,0.5951692559083901,1
TCGA-L9-A5IP-01A-21R-A39D-07,0.5898880631399255,0
TCGA-58-8391-01A-11R-2326-07,0.7151453502570201,1
TCGA-KK-A8IK-01A-11R-A36G-07,0.3438842041264389,1
TCGA-F4-6807-01A-11R-1839-07,0.5981633508578116,1
TCGA-EJ-5516-01A-01R-1580-07,0.648481991049353,1
TCGA-85-8350-01A-11R-2296-07,0.600911192410342,1
TCGA-KK-A7AZ-01A-12R-A32O-07,0.9398157568436669,1
TCGA-DW-7842-01A-11R-A32Z-07,0.7729281148955939,1
TCGA-OL-A6VQ-01A-12R-A41B-07,0.7286984535404475,1
TCGA-31-1946-01A-01R-1568-13,0.49907052265964696,0
TCGA-AZ-6606-01A-11R-1839-07,0.42556926204194945,1
TCGA-DD-AAD1-01A-11R-A41C-07,0.8550832101074858,1
TCGA-A2-A0CO-01A-13R-A22K-07,0.7215337777841475,1
TCGA-CM-4750-01A-01R-1410-07,0.5162395123829545,1
TCGA-AC-A4ZE-01A-11R-A41B-07,0.9064702982047167,1
TCGA-BP-4327-01A-01R-1289-07,0.3789475283096407,1
TCGA-UZ-A9PX-01A-11R-A42S-07,0.8399209861966319,1
TCGA-BH-A0B9-01A-11R-A056-07,0.9654228367984211,1
TCGA-FB-AAQ0-01A-31R-A41B-07,0.6616937565721197,1
TCGA-A8-A09K-01A-11R-A00Z-07,0.5225313916680383,1
TCGA-55-1595-01A-01R-0946-07,0.9869190141246299,1
TCGA-J4-A83K-01A-11R-A352-07,0.9102758377807494,1
TCGA-A2-A1G4-01A-11R-A13Q-07,0.574615991621863,1
TCGA-A2-A04T-01A-21R-A034-07,0.3467260782096761,1
TCGA-V1-A8MK-01A-11R-A36G-07,0.8272546970661842,1
TCGA-AN-A03X-01A-21R-A00Z-07,0.8299422565942021,1
TCGA-97-7547-01A-11R-2039-07,0.8731927500159269,1
TCGA-AD-6889-01A-11R-1928-07,0.8370008853552231,1
TCGA-KK-A7AW-01A-11R-A32O-07,0.12352141885370117,1
TCGA-AO-A03N-01B-11R-A10J-07,0.3971306720084176,1
TCGA-EJ-5530-01A-01R-1580-07,0.9520400740877245,0
TCGA-P4-AAVM-01A-11R-A42S-07,0.4529945891412274,1
TCGA-66-2778-01A-02R-0851-07,0.6970416447716943,1
TCGA-HC-A6AP-01A-11R-A30B-07,0.6430609138633838,0
TCGA-Z6-AAPN-01A-11R-A406-31,0.7324464825108614,0
TCGA-CJ-4886-01A-01R-1305-07,0.8920199755158678,0
TCGA-BP-4769-01A-01R-1289-07,0.8952455602583363,1
TCGA-D8-A1XM-01A-21R-A14M-07,0.7758718713287522,1
TCGA-A7-A4SA-01A-11R-A266-07,0.7357309041783303,1
TCGA-LN-A7HZ-01A-31R-A354-31,0.5783894629239937,1
TCGA-AR-A1AO-01A-11R-A12P-07,0.46561080404800953,1
TCGA-Y6-A9XI-01A-11R-A41O-07,0.5773585033358909,1
TCGA-31-1951-01A-01R-1568-13,0.6503916504708315,1
TCGA-25-1318-01A-01R-1565-13,0.8283469199112177,1
TCGA-B0-5099-01A-01R-1420-07,0.3095281437122185,1
TCGA-CH-5794-01A-11R-1580-07,0.6138067188859752,1
TCGA-BQ-5894-01A-11R-1592-07,0.9138551799489028,1
TCGA-CZ-4863-01A-01R-1503-07,0.8466289254883833,1
TCGA-DD-AADJ-01A-11R-A41C-07,0.558617622237384,1
TCGA-B0-4845-01A-01R-1277-07,0.8054815960969735,1
TCGA-BC-A216-01A-11R-A155-07,0.9813596421108975,1
TCGA-CJ-4871-01A-01R-1305-07,0.7033091730446323,1
TCGA-B0-5710-01A-11R-1672-07,0.5916749843523234,1
TCGA-CH-5750-01A-11R-1580-07,0.5255013877746999,0
TCGA-DV-5566-01A-01R-1541-07,0.8133749268504696,1
TCGA-BC-A10X-01A-11R-A131-07,0.5508794913317457,0
TCGA-60-2721-01A-01R-0851-07,0.4728867961001008,1
TCGA-F2-7273-01A-11R-2156-07,0.6996179156219735,1
TCGA-05-4389-01A-01R-1206-07,0.554112917384413,1
TCGA-A8-A083-01A-21R-A00Z-07,0.8971459185182993,1
TCGA-EJ-7317-01A-31R-2118-07,0.8450539400540596,1
TCGA-24-2023-01A-01R-1567-13,0.8817468003949863,1
TCGA-B6-A0RM-01A-11R-A084-07,0.8798244477766534,1
TCGA-56-A5DS-01A-11R-A27Q-07,0.8414642464300239,1
TCGA-CJ-5672-01A-11R-1541-07,0.975079374647901,1
TCGA-73-7498-01A-12R-2187-07,0.9245354807038614,1
TCGA-GM-A2DH-01A-11R-A180-07,0.39516415540865774,0
TCGA-A8-A082-01A-11R-A00Z-07,0.7159972501661245,1
TCGA-DD-A4NI-01A-11R-A27V-07,0.5742732954312854,1
TCGA-G4-6626-01A-11R-1774-07,0.7625808246006324,1
TCGA-CH-5738-01A-11R-1580-07,0.8265213903460763,1
TCGA-79-5596-01A-31R-1949-07,0.8229375742468797,1
TCGA-A6-5656-01A-21R-A278-07,0.3453549341140384,0
TCGA-BP-4766-01A-01R-1289-07,0.8964320444083925,1
TCGA-XQ-A8TB-01A-11R-A36G-07,0.7848819311474784,1
TCGA-BP-4337-01A-01R-1289-07,0.7073169391646298,1
TCGA-G9-A9S4-01A-11R-A41O-07,0.8040002669565243,1
TCGA-CH-5762-01A-11R-1580-07,0.7486536234337304,1
TCGA-B0-5106-01A-01R-1420-07,0.8165296522956984,1
TCGA-V1-A9OX-01A-11R-A41O-07,0.924957896340704,0
TCGA-DD-AADU-01A-11R-A41C-07,0.36782656586415574,1
TCGA-A3-3385-01A-02R-1420-07,0.46478071595522186,1
TCGA-90-7964-01A-21R-2187-07,0.5066046906504059,1
TCGA-55-7913-01B-11R-2241-07,0.9336034571115585,0
TCGA-AN-A0AJ-01A-11R-A00Z-07,0.7715995539537391,0
TCGA-09-1670-01A-01R-1566-13,0.7957460013484848,1
TCGA-A4-7734-01A-11R-A32Z-07,0.5514734301926199,1
TCGA-55-7914-01A-11R-2170-07,0.48577595307640403,1
TCGA-77-7140-01A-41R-2045-07,0.7376976291566829,1
TCGA-VN-A943-01A-11R-A41O-07,0.7212894653597494,0
TCGA-B0-5108-01A-01R-1420-07,0.5878983075387425,1
TCGA-J9-A8CN-01A-11R-A352-07,0.6290952017220224,1
TCGA-13-1485-01A-02R-1565-13,0.6073922441363819,1
TCGA-33-AASL-01A-11R-A405-07,0.803665525483744,1
TCGA-CC-5264-01A-01R-A131-07,0.6948781650538428,1
TCGA-CK-4952-01A-01R-1723-07,0.7883114047355114,1
TCGA-04-1530-01A-02R-1569-13,0.5997587876294299,1
TCGA-80-5608-01A-31R-1949-07,0.5263632556822357,0
TCGA-B1-A657-01A-11R-A31O-07,0.813348449379649,1
TCGA-AA-3489-01A-21R-1839-07,0.6243837861564955,1
TCGA-OL-A66O-01A-11R-A31O-07,0.8882853902723601,1
TCGA-5L-AAT1-01A-12R-A41B-07,0.5164635684278389,0
TCGA-55-6986-01A-11R-1949-07,0.8845437914148576,1
TCGA-FB-A4P5-01A-11R-A26U-07,0.5091232306446779,1
TCGA-AK-3428-01A-02R-1277-07,0.590707562937208,0
TCGA-4T-AA8H-01A-11R-A41B-07,0.8995300075419314,1
TCGA-L5-A88Y-01A-11R-A354-31,0.32458658362695764,1
TCGA-VN-A88K-01A-11R-A352-07,0.5634089329948931,0
TCGA-58-A46N-01A-11R-A24H-07,0.4077294816322052,1
TCGA-YL-A9WH-01A-11R-A37L-07,0.6611610654206611,1
TCGA-44-6776-01A-11R-1858-07,0.5411180810010864,0
TCGA-97-A4M6-01A-11R-A24X-07,0.7596246787595197,1
TCGA-33-4583-01A-01R-1443-07,0.6814501638256509,1
TCGA-2Y-A9H9-01A-21R-A39D-07,0.5714164419980121,0
TCGA-D8-A27L-01A-11R-A16F-07,0.45674427980194954,1
TCGA-F4-6704-01A-11R-1839-07,0.8838889535604196,1
TCGA-63-A5MY-01A-11R-A26W-07,0.6521652901884822,1
TCGA-AA-3666-01A-02R-0905-07,0.682573497339997,1
TCGA-A8-A08Z-01A-21R-A00Z-07,0.836653558352013,1
TCGA-V1-A9Z9-01A-21R-A41O-07,0.6219612819854837,1
TCGA-3A-A9IR-01A-11R-A38C-07,0.8798977985944534,1
TCGA-24-1436-01A-01R-1566-13,0.8694304954515477,0
TCGA-BH-A0AU-01A-11R-A12P-07,0.710387613622577,1
TCGA-G9-6379-01A-11R-A31N-07,0.7124794226417638,0
TCGA-DD-AADR-01A-11R-A41C-07,0.592273757505165,1
TCGA-EB-A4OY-01A-11R-A266-07,0.6010807860352628,1
TCGA-63-A5MG-01A-12R-A27Q-07,0.8700760624719586,0
TCGA-BP-4341-01A-01R-1289-07,0.2356367796039388,1
TCGA-B8-5550-01A-01R-1541-07,0.3829721433073643,1
TCGA-50-5935-01A-11R-1755-07,0.9189802921891123,1
TCGA-D5-6929-01A-31R-1928-07,0.6124954257201524,1
TCGA-55-A48X-01A-11R-A24H-07,0.4982719025321635,1
TCGA-BH-A0HA-01A-11R-A12P-07,0.9033407109478069,1
TCGA-AD-5900-01A-11R-1653-07,0.5859005297833869,0
TCGA-50-5049-01A-01R-1628-07,0.4575501655373787,1
TCGA-BH-A0B7-01A-12R-A115-07,0.46444181025775444,1
TCGA-33-AAS8-01A-11R-A405-07,0.4631147276910408,1
TCGA-BH-A0GZ-01A-11R-A056-07,0.9675264788855547,1
TCGA-LN-A4A1-01A-21R-A260-31,0.7329374323159353,1
TCGA-XK-AAIW-01A-11R-A41O-07,0.8179415445833457,1
TCGA-98-8021-01A-11R-2247-07,0.8292357384990318,1
TCGA-B6-A0WX-01A-11R-A109-07,0.8100249570489999,1
TCGA-EB-A82B-01A-11R-A352-07,0.8328739150516914,0
TCGA-25-1324-01A-01R-1565-13,0.6951429816071565,1
TCGA-13-1482-01A-01R-1565-13,0.7598077099453215,1
TCGA-KH-A6WC-01A-11R-A336-31,0.7435126256172804,1
TCGA-KC-A7FA-01A-21R-A33R-07,0.568377018960201,1
TCGA-B2-4098-01A-02R-1325-07,0.927142845327737,1
TCGA-EJ-A7NH-01A-12R-A33R-07,0.5689655587340623,0
TCGA-CJ-5686-01A-11R-1672-07,0.8377500721922883,0
TCGA-V1-A8MU-01A-11R-A37L-07,0.9342924438733765,0
TCGA-67-3774-01A-01R-0946-07,0.5907807425610014,1
TCGA-93-8067-01A-11R-2287-07,0.8587989427076616,1
TCGA-CJ-4923-01A-01R-1426-07,0.7460913526000795,1
TCGA-G6-A8L6-01A-11R-A37O-07,0.45317423619233926,1
TCGA-EB-A5SF-01A-11R-A311-07,0.2660143479598378,1
TCGA-34-2600-01A-01R-0851-07,0.9417699238996136,1
TCGA-E9-A1NF-01A-11R-A14D-07,0.843636520917608,1
TCGA-A8-A08L-01A-11R-A00Z-07,0.6417978248333438,0
TCGA-AO-A0J4-01A-11R-A034-07,0.498264161876706,1
TCGA-55-8203-01A-11R-2241-07,0.8066705924936642,1
TCGA-LN-A49S-01A-11R-A24K-31,0.7297606646314058,1
TCGA-NC-A5HP-01A-11R-A26W-07,0.8154941873647024,1
TCGA-BH-A1FB-01A-11R-A13Q-07,0.9818740678032578,1
TCGA-53-A4EZ-01A-12R-A24X-07,0.9291622468253017,1
TCGA-69-7978-01A-11R-2187-07,0.8589138208044216,1
TCGA-UB-AA0U-01A-11R-A38B-07,0.6981620328684551,1
TCGA-44-7662-01A-11R-2066-07,0.4837214334218985,1
TCGA-E2-A14P-01A-31R-A12D-07,0.9037864188674056,1
TCGA-66-2770-01A-01R-0851-07,0.8497177731889025,1
TCGA-GL-A4EM-01A-11R-A24Z-07,0.7936648985935519,1
TCGA-A3-3357-01A-02R-1420-07,0.5636057898620123,1
TCGA-AA-A01D-01A-01R-A00A-07,0.8104956678229218,1
TCGA-39-5040-01A-21R-2125-07,0.9356280283131899,1
TCGA-2Y-A9H6-01A-11R-A39D-07,0.6871448349720374,1
TCGA-38-6178-01A-11R-1755-07,0.9479184820913306,1
TCGA-G3-A25Z-01A-11R-A16W-07,0.6130709438029907,1
TCGA-BH-A204-01A-11R-A157-07,0.9558288878674388,1
TCGA-AA-A01Z-01A-11R-A083-07,0.678264394703368,1
TCGA-FB-AAPU-01A-31R-A41B-07,0.8604576334193439,1
TCGA-18-3406-01A-01R-0980-07,0.5563450256939444,0
TCGA-HC-7742-01A-11R-2118-07,0.648857215142395,1
TCGA-B0-4691-01A-01R-1277-07,0.858236046451008,1
TCGA-18-3408-01A-01R-0980-07,0.2683813395410715,0
TCGA-A8-A07W-01A-11R-A00Z-07,0.4699943594195302,1
TCGA-OL-A6VR-01A-32R-A33J-07,0.7053084896351842,1
TCGA-CA-6718-01A-11R-1839-07,0.5515410723140297,1
TCGA-04-1357-01A-01R-1565-13,0.766168134385946,0
TCGA-X4-A8KS-01A-12R-A36G-07,0.8931232562678194,1
TCGA-EW-A2FR-01A-11R-A21T-07,0.5729125696067402,1
TCGA-A8-A0A9-01A-11R-A00Z-07,0.4154909529552754,1
TCGA-J4-A83N-01A-11R-A352-07,0.8912299747925311,1
TCGA-CJ-4872-01A-01R-1305-07,0.7194717234043948,1
TCGA-B0-5081-01A-01R-1334-07,0.33995231566413125,1
TCGA-E9-A24A-01A-11R-A169-07,0.35675556750079285,0
TCGA-DD-A73E-01A-12R-A32O-07,0.49366392539103326,1
TCGA-LA-A7SW-01A-11R-A405-07,0.4636263338862837,1
TCGA-C8-A12U-01A-11R-A115-07,0.9088315982085164,1
TCGA-B0-5097-01A-01R-1420-07,0.3138471472844823,1
TCGA-13-0795-01A-01R-1564-13,0.7250068604451624,1
TCGA-A7-A56D-01A-11R-A27Q-07,0.30068703894432364,1
TCGA-G3-A25S-01A-11R-A16W-07,0.5334429856619467,1
TCGA-XQ-A8TA-01A-11R-A36G-07,0.526468179686064,1
TCGA-BP-4335-01A-01R-1289-07,0.2937298927089228,1
TCGA-CC-5258-01A-01R-A131-07,0.5571622764297256,1
TCGA-HC-A48F-01A-11R-A250-07,0.8205581449525505,1
TCGA-93-A4JN-01A-11R-A24X-07,0.5101525797621507,1
TCGA-DD-AADI-01A-11R-A41C-07,0.5904895185059276,0
TCGA-A8-A090-01A-11R-A00Z-07,0.4922712183023542,1
TCGA-66-2785-01A-01R-0851-07,0.791333479612686,0
TCGA-61-2097-01A-02R-1568-13,0.4932517089078535,1
TCGA-5P-A9K2-01A-11R-A42S-07,0.7748157639838367,1
TCGA-KK-A8IC-01A-11R-A36G-07,0.5861647431830704,0
TCGA-A7-A26E-01A-11R-A277-07,0.5483144131028096,1
TCGA-50-5066-01A-01R-1628-07,0.5016029514702971,1
TCGA-D8-A27N-01A-11R-A16F-07,0.8057696986170212,0
TCGA-78-7166-01A-12R-2066-07,0.81553188129712,0
TCGA-E9-A1R3-01A-31R-A14M-07,0.36828742192143976,0
TCGA-97-A4M2-01A-12R-A24X-07,0.9162460177974546,1
TCGA-BQ-7056-01A-11R-1965-07,0.8151964587265543,1
TCGA-13-0724-01A-01R-1564-13,0.5105883119304946,0
TCGA-BH-A0HW-01A-11R-A034-07,0.5059435419153321,1
TCGA-PE-A5DE-01A-11R-A27Q-07,0.8067039711742935,1
TCGA-2L-AAQI-01A-12R-A39D-07,0.8998221202259464,0
TCGA-2A-A8VV-01A-11R-A37L-07,0.5107082747642444,1
TCGA-39-5016-01A-01R-1443-07,0.9133117866858833,0
TCGA-D5-6930-01A-11R-1928-07,0.6001384716721763,1
TCGA-D8-A27I-01A-11R-A16F-07,0.9718821609635264,1
TCGA-V1-A8ML-01A-11R-A37L-07,0.7875013603355381,1
TCGA-85-6798-01A-11R-1949-07,0.7391319164800347,1
TCGA-AA-3510-01A-01R-1410-07,0.7510860087020272,1
TCGA-98-A53A-01A-11R-A262-07,0.7498129239420396,1
TCGA-A4-A772-01A-11R-A33Z-07,0.8943319481957392,0
TCGA-MP-A4TC-01A-11R-A24X-07,0.5947913344170246,1
TCGA-49-6745-01A-11R-1858-07,0.8878896468684849,1
TCGA-10-0927-01A-02R-1564-13,0.2704607179860685,0
TCGA-A2-A0CT-01A-31R-A056-07,0.47240594988539164,1
TCGA-99-8025-01A-11R-2241-07,0.8277249418986784,1
TCGA-ZS-A9CE-01A-11R-A37K-07,0.5673253494935571,0
TCGA-AO-A0J6-01A-11R-A034-07,0.48556440296957304,1
TCGA-CA-6715-01A-21R-1839-07,0.7954728285613698,1
TCGA-AR-A255-01A-11R-A169-07,0.91463191334584,0
TCGA-61-2088-01A-01R-1568-13,0.5842721801036711,1
TCGA-DD-A4NV-01A-11R-A311-07,0.8913644045642773,1
TCGA-K7-A5RF-01A-11R-A28V-07,0.6404813982933336,1
TCGA-RC-A6M6-01A-11R-A32O-07,0.7412287765526722,1
TCGA-EP-A12J-01A-11R-A131-07,0.604724658722685,1
TCGA-BH-A0BW-01A-11R-A115-07,0.8422224556450106,1
TCGA-56-A4BY-01A-11R-A24H-07,0.8181191562797288,1
TCGA-AA-3980-01A-02R-1022-07,0.7371524400051677,1
TCGA-55-8507-01A-11R-2403-07,0.6359755575771306,0
TCGA-BH-A0BS-01A-11R-A12P-07,0.6548620992243784,1
TCGA-DD-A4NH-01A-11R-A27V-07,0.5867350294316195,1
TCGA-L9-A443-01A-12R-A24H-07,0.47310093188594754,1
TCGA-IB-7893-01A-11R-2204-07,0.5847210413081948,0
TCGA-C8-A26W-01A-11R-A16F-07,0.9321825667439373,1
TCGA-AA-3866-01A-01R-1022-07,0.810702478772386,1
TCGA-AA-3966-01A-01R-1113-07,0.8273162988381642,0
TCGA-24-1425-01A-02R-1566-13,0.780037440823371,1
TCGA-J9-A52D-01A-11R-A29R-07,0.7121329549047005,1
TCGA-2Z-A9JQ-01A-11R-A42S-07,0.39782128201771283,1
TCGA-AA-3941-01A-01R-1022-07,0.690729280730083,1
TCGA-77-7337-01A-21R-2045-07,0.4933766408906513,1
TCGA-92-8063-01A-11R-2247-07,0.841271620435635,1
TCGA-BH-A0EA-01A-11R-A115-07,0.9280802950118764,1
TCGA-EJ-7330-01A-11R-2118-07,0.5138307016870675,1
TCGA-CC-A3MC-01A-11R-A22L-07,0.9218877597265208,1
TCGA-DD-AADD-01A-11R-A41C-07,0.5446825563288455,1
TCGA-EJ-7314-01A-31R-2118-07,0.587996145437819,1
TCGA-E2-A109-01A-11R-A10J-07,0.7688420673255651,1
TCGA-AO-A1KR-01A-12R-A144-07,0.3597915419834428,1
TCGA-EJ-A7NK-01A-12R-A352-07,0.8692983533323485,1
TCGA-56-A4ZK-01A-11R-A262-07,0.7459820596675525,1
TCGA-B0-5117-01A-01R-1420-07,0.6321204572458451,0
TCGA-A2-A04R-01A-41R-A109-07,0.6764596331604618,1
TCGA-78-7152-01A-11R-2039-07,0.873866075970179,1
TCGA-EB-A41B-01A-11R-A24X-07,0.753607369860061,1
TCGA-50-6592-01A-11R-1755-07,0.5458579210292789,0
TCGA-E9-A1NA-01A-11R-A144-07,0.4714879422728628,1
TCGA-97-8552-01A-11R-2403-07,0.8003005017506312,1
TCGA-DD-A4NQ-01A-21R-A28V-07,0.5829111342306574,1
TCGA-QG-A5YX-01A-11R-A28H-07,0.7465571271152313,1
TCGA-38-4632-01A-01R-1755-07,0.4371195294931991,0
TCGA-ZP-A9D1-01A-11R-A38B-07,0.9354424934403737,0
TCGA-E9-A1RF-01A-11R-A157-07,0.8424388013501709,1
TCGA-AA-3681-01A-01R-0905-07,0.8108399582111523,1
TCGA-BH-A0BR-01A-21R-A115-07,0.4237325254755245,1
TCGA-CA-5254-01A-21R-1839-07,0.8114367694095358,1
TCGA-18-3417-01A-01R-1443-07,0.44991038631788755,1
TCGA-86-A4P7-01A-11R-A24X-07,0.9699271607116736,1
TCGA-24-1924-01A-01R-1567-13,0.7801695796281604,1
TCGA-AO-A0JL-01A-11R-A056-07,0.9213741913468386,0
TCGA-ED-A7PX-01A-51R-A352-07,0.9659537034895517,0
TCGA-29-1696-01A-01R-1567-13,0.40091948028067054,1
TCGA-AC-A8OP-01A-11R-A36F-07,0.7047804935091654,0
TCGA-BP-5202-01A-02R-1426-07,0.842432267425677,1
TCGA-EP-A26S-01A-11R-A16W-07,0.4896173131226285,1
TCGA-77-8144-01A-11R-2247-07,0.32593903474689806,1
TCGA-60-2713-01A-01R-0851-07,0.41194287456124384,0
TCGA-AO-A03T-01A-21R-A034-07,0.9577934017832804,1
TCGA-NK-A5D1-01A-11R-A26W-07,0.540250487854867,1
TCGA-NI-A8LF-01A-11R-A36F-07,0.7341694867791065,1
TCGA-B0-4693-01A-01R-1277-07,0.8762072434226865,0
TCGA-CH-5761-01A-11R-1580-07,0.5920765621038677,1
TCGA-VR-A8EW-01A-11R-A36D-31,0.5597520424449753,1
TCGA-09-0364-01A-02R-1564-13,0.45758410530470806,1
TCGA-US-A77E-01A-11R-A32O-07,0.8379806827330539,1
TCGA-BP-4329-01A-02R-1289-07,0.2984965164432797,1
TCGA-E9-A2JS-01A-11R-A180-07,0.763514676208721,0
TCGA-L5-A8NN-01A-11R-A37I-31,0.8546705978151773,1
TCGA-BP-4169-01A-02R-1289-07,0.8151472594146234,1
TCGA-DD-A3A5-01A-11R-A22L-07,0.472078383284091,1
TCGA-KK-A7B1-01A-11R-A32O-07,0.866247464987804,1
TCGA-KR-A7K2-01A-12R-A33R-07,0.627791362680919,1
TCGA-77-A5G8-01B-11R-A27Q-07,0.4260857753251048,1
TCGA-AA-A00F-01A-01R-A002-07,0.8032699389462863,1
TCGA-BP-4340-01A-01R-1289-07,0.5664281934450744,1
TCGA-BP-4164-01A-02R-1325-07,0.5533644116013577,1
TCGA-B6-A0RU-01A-11R-A084-07,0.6628955093380099,1
TCGA-EJ-7794-01A-11R-2118-07,0.5954487525070428,1
TCGA-C8-A12P-01A-11R-A115-07,0.7902802975100953,1
TCGA-09-1674-01A-01R-1566-13,0.7181975628359121,1
TCGA-G9-6365-01A-11R-1789-07,0.6924784488989321,1
TCGA-J4-8200-01A-11R-A29R-07,0.7941059786269854,0
TCGA-BH-A0H5-01A-21R-A115-07,0.6876130083813805,1
TCGA-66-2787-01A-01R-0980-07,0.7862317562171613,1
TCGA-XK-AAIV-01A-11R-A41O-07,0.6314456233314653,1
TCGA-G9-6351-01A-21R-1965-07,0.8601259408381705,1
TCGA-BP-4967-01A-01R-1334-07,0.6417076824668028,0
TCGA-39-5036-01A-01R-1443-07,0.775017199539415,1
TCGA-2J-AAB8-01A-12R-A41B-07,0.5154214985995662,0
TCGA-ZP-A9CV-01A-11R-A38B-07,0.6796708576355025,1
TCGA-A6-5667-01A-21R-1723-07,0.5279357416194519,1
TCGA-XJ-A83F-01A-11R-A352-07,0.6664384478588058,1
TCGA-BP-4160-01A-02R-1289-07,0.6027360413376289,1
TCGA-AA-A02H-01A-01R-A089-07,0.7611462485788903,1
TCGA-SU-A7E7-01A-22R-A33R-07,0.7976631645918312,1
TCGA-LN-A8HZ-01A-11R-A36D-31,0.5372147904981471,1
TCGA-VP-A87C-01A-11R-A352-07,0.6556876698103677,1
TCGA-G9-6347-01A-11R-A31N-07,0.5816652069528602,1
TCGA-2L-AAQM-01A-11R-A39D-07,0.961711507051664,0
TCGA-CA-5797-01A-01R-1653-07,0.602165200638629,1
TCGA-2J-AABA-01A-21R-A41B-07,0.577340289689929,1
TCGA-77-8156-01A-11R-2247-07,0.4626313772924591,1
TCGA-VR-A8EZ-01A-11R-A36D-31,0.6752934132288145,0
TCGA-J9-A52C-01A-11R-A26U-07,0.5132282030187632,1
TCGA-BP-4989-01A-01R-1334-07,0.8798574187447493,0
TCGA-EB-A3Y7-01A-11R-A239-07,0.375432263887822,1
TCGA-13-1506-01A-01R-1565-13,0.30194851156311087,1
TCGA-EJ-A46D-01A-21R-A32Y-07,0.4749392875292586,0
TCGA-HC-A631-01A-11R-A29R-07,0.6320278274138048,1
TCGA-69-7761-01A-11R-2170-07,0.8867069502482731,1
TCGA-61-2092-01A-01R-1568-13,0.33634563036410775,1
TCGA-BH-A1FN-01A-11R-A13Q-07,0.4162448971193628,1
TCGA-G3-A25X-01A-11R-A16W-07,0.48552775128684333,1
TCGA-34-8455-01A-11R-2326-07,0.4904810358646179,1
TCGA-BP-4972-01A-01R-1334-07,0.865434468536404,0
TCGA-13-0885-01A-02R-1569-13,0.6521259146408279,0
TCGA-CJ-6027-01A-11R-1672-07,0.6244713819436568,0
TCGA-O1-A52J-01A-11R-A262-07,0.8249179368649151,1
TCGA-EB-A3XB-01A-11R-A239-07,0.7876615619894777,1
TCGA-KK-A7AY-01A-11R-A33R-07,0.4765727074664278,1
TCGA-AA-3930-01A-01R-1022-07,0.7077719519832015,0
TCGA-49-4506-01A-01R-1206-07,0.45226627944128805,1
TCGA-61-2000-01A-01R-1568-13,0.5264018181524646,1
TCGA-Z5-AAPL-01A-12R-A41B-07,0.6244941631042222,1
TCGA-ZG-A9LU-01A-11R-A41O-07,0.8422515544183651,1
TCGA-JY-A93F-01A-21R-A37I-31,0.42559806890629326,0
TCGA-66-2800-01A-01R-1201-07,0.7890545839248062,1
TCGA-66-2773-01A-01R-1201-07,0.8083635971489902,0
TCGA-C8-A27A-01A-11R-A169-07,0.708674488390417,1
TCGA-G7-A8LE-01A-11R-A36F-07,0.897860256199192,1
TCGA-HC-7819-01A-11R-2118-07,0.5274653872916626,0
TCGA-50-5936-01A-11R-1628-07,0.6124307607549316,1
TCGA-86-8359-01A-11R-2326-07,0.8799188054801697,1
TCGA-AA-3518-01A-02R-0826-07,0.7941450968325038,1
TCGA-HC-7211-01A-11R-2118-07,0.6958927475621337,1
TCGA-BH-A0C0-01A-21R-A056-07,0.4408893504520591,1
TCGA-AA-A02O-01A-21R-A16W-07,0.4949084479338442,1
TCGA-KK-A8I5-01A-11R-A36G-07,0.7932898919288635,1
TCGA-BP-5000-01A-01R-1334-07,0.7486191350768497,1
TCGA-A8-A09X-01A-11R-A00Z-07,0.807807434546006,1
TCGA-ER-A2NF-01A-11R-A18T-07,0.9562488879502049,0
TCGA-BH-A6R8-01A-21R-A33J-07,0.8918615897816038,0
TCGA-44-2661-01A-01R-1107-07,0.551546238960166,1
TCGA-AO-A0J2-01A-11R-A034-07,0.6980620833511194,1
TCGA-IG-A5B8-01A-11R-A28J-31,0.40656871475378836,1
TCGA-55-8512-01A-11R-2403-07,0.7235873327223004,0
TCGA-HE-A5NJ-01A-11R-A26U-07,0.6383824436713416,0
