sample_id,score,y_member
TCGA-B0-5115-01A-01R-1420-07,0.5422550467994022,1
TCGA-EJ-A46E-01A-31R-A250-07,0.5520126208027033,1
TCGA-DD-AAE7-01A-11R-A41C-07,0.5817329890075691,1
TCGA-Z6-A8JE-01A-11R-A37I-31,0.7133552721563097,1
TCGA-A8-A08F-01A-11R-A00Z-07,0.6109355148410857,1
TCGA-59-2350-01A-01R-1569-13,0.8421713679191573,1
TCGA-CZ-4858-01A-01R-1305-07,0.7964374114282426,1
TCGA-CZ-5470-01A-01R-1503-07,0.6624359543585068,1
TCGA-AN-A0XN-01A-21R-A109-07,0.5907461823320057,1
TCGA-37-A5EL-01A-11R-A26W-07,0.5105437651411611,1
TCGA-46-6025-01A-11R-1820-07,0.4950576701286259,1
TCGA-AN-A0XS-01A-22R-A109-07,0.6007135054101136,1
TCGA-M7-A725-01A-12R-A32O-07,0.552245057841392,1
TCGA-XN-A8T3-01A-11R-A36G-07,0.5742998103138869,0
TCGA-3K-AAZ8-01A-12R-A39D-07,0.4113162733443068,1
TCGA-B9-5155-01A-01R-1592-07,0.4958916131403032,1
TCGA-OK-A5Q2-01A-11R-A27Q-07,0.6204439617770217,1
TCGA-2Y-A9H8-01A-11R-A39D-07,0.5295738511757703,1
TCGA-30-1866-01A-02R-1568-13,0.8107074584033385,1
TCGA-SX-A7SO-01A-11R-A355-07,0.4436066765748873,1
TCGA-55-7283-01A-11R-2039-07,0.5444062473449741,1
TCGA-M7-A720-01A-12R-A32O-07,0.6480800868863977,1
TCGA-91-6828-01A-11R-1858-07,0.6347072857951187,1
TCGA-D8-A1JF-01A-11R-A13Q-07,0.44110469237956756,1
TCGA-D8-A1JG-01B-11R-A13Q-07,0.4906736610769479,1
TCGA-AL-3468-01A-02R-1351-07,0.5327278070948315,1
TCGA-21-1082-01A-01R-0692-07,0.02884344040756531,1
TCGA-A4-8311-01A-11R-2404-07,0.5346842095884734,1
TCGA-BD-A3EP-01A-11R-A22L-07,0.7158291727525655,1
TCGA-92-7340-01A-21R-2045-07,0.6190689153794442,1
TCGA-EJ-A65B-01A-12R-A30B-07,0.5112088355912777,1
TCGA-HC-8261-01B-05R-2302-07,0.40345890753351726,1
TCGA-AZ-6601-01A-11R-1774-07,0.9054165255395958,1
TCGA-B0-4703-01A-01R-1277-07,0.551231223248916,1
TCGA-AA-A004-01A-01R-A00A-07,0.03779961545920442,1
TCGA-30-1862-01A-02R-1568-13,0.8763919927602223,1
TCGA-09-2045-01A-01R-1568-13,0.7692003386961979,1
TCGA-E2-A10F-01A-11R-A10J-07,0.606030637265882,1
TCGA-OL-A6VO-01A-12R-A33J-07,0.5160931705469262,1
TCGA-BQ-5884-01A-11R-1592-07,0.44606879801868293,1
TCGA-49-4507-01A-01R-1206-07,0.5719009331186431,1
TCGA-ZG-A9LS-01A-12R-A41O-07,0.6215905839296902,1
TCGA-AN-A0FW-01A-11R-A034-07,0.5355065599545226,1
TCGA-A6-A5ZU-01A-11R-A28H-07,0.8489927318975397,1
TCGA-QU-A6IL-01A-11R-A31N-07,0.35288874594879943,1
TCGA-67-4679-01B-01R-1755-07,0.5458254593589408,0
TCGA-DM-A28G-01A-11R-A16W-07,0.8575573975049606,1
TCGA-IB-AAUV-01A-11R-A38C-07,0.5318157313763463,1
TCGA-FB-AAPZ-01A-11R-A41B-07,0.5654389534041327,1
TCGA-DD-AAEG-01A-11R-A39D-07,0.5282365033408193,1
TCGA-24-0975-01A-02R-1565-13,0.7198221351361637,1
TCGA-AA-3841-01A-01R-0905-07,0.046663678281422684,0
TCGA-75-6211-01A-11R-1755-07,0.6130886958761128,1
TCGA-IB-7887-01A-11R-2156-07,0.5656915165411762,1
TCGA-78-7161-01A-11R-2039-07,0.5405808741074505,1
TCGA-B0-5699-01A-11R-1541-07,0.5559352420182656,1
TCGA-DD-A113-01A-11R-A131-07,0.6474081779959957,1
TCGA-E9-A1R2-01A-11R-A14D-07,0.5985889058866579,1
TCGA-78-7536-01A-11R-2066-07,0.46614385424157717,1
TCGA-B6-A0WY-01A-11R-A109-07,0.6193436350097574,1
TCGA-ZP-A9CY-01A-11R-A38B-07,0.5824131228868069,1
TCGA-EJ-5495-01A-01R-1580-07,0.6068347629339776,0
TCGA-2H-A9GJ-01A-11R-A37I-31,0.8166047047399484,1
TCGA-AA-3955-01A-02R-1022-07,0.06901962395177111,1
TCGA-20-1684-01A-01R-1566-13,0.032564354658471024,1
TCGA-AA-3697-01A-01R-1723-07,0.9030672563845349,1
TCGA-56-5898-01A-11R-1635-07,0.6310186631262173,1
TCGA-BP-4801-01A-02R-1420-07,0.537528683035644,1
TCGA-D8-A146-01A-31R-A115-07,0.5828901440204527,1
TCGA-DD-AACJ-01A-11R-A41C-07,0.3388170235663007,0
TCGA-BQ-5892-01A-11R-1592-07,0.5531379551150672,1
TCGA-BH-A0BF-01A-21R-A12P-07,0.6149474296459081,0
TCGA-HZ-8003-01A-21R-2204-07,0.5924212836998669,0
TCGA-BH-A1EU-01A-11R-A137-07,0.50800837040063,1
TCGA-61-1900-01A-01R-1567-13,0.7070123470960831,0
TCGA-AM-5821-01A-01R-1653-07,0.8365222400217822,1
TCGA-A7-A26J-01A-11R-A169-07,0.57067642357978,1
TCGA-AR-A1AT-01A-11R-A12P-07,0.5863990119233387,1
TCGA-OL-A5S0-01A-11R-A28M-07,0.580403473130135,1
TCGA-63-6202-01A-11R-1820-07,0.6087558477672874,1
TCGA-A2-A3XV-01A-21R-A239-07,0.24955753299232997,0
TCGA-CH-5772-01A-11R-1580-07,0.5241608629153933,1
TCGA-OL-A5DA-01A-11R-A27Q-07,0.6090063445017248,1
TCGA-2Z-A9J1-01A-11R-A38C-07,0.5828568830854641,1
TCGA-LN-A8I0-01A-11R-A36D-31,0.03340037504671018,0
TCGA-50-8460-01A-11R-2326-07,0.6368159391157886,1
TCGA-86-8279-01A-11R-2287-07,0.6220131492389892,1
TCGA-56-A4ZJ-01A-11R-A262-07,0.60201334612806,1
TCGA-67-3770-01A-01R-0946-07,0.578503338757469,1
TCGA-A2-A0YF-01A-21R-A109-07,0.4832509191845506,1
TCGA-85-A50Z-01A-21R-A262-07,0.5010680255985324,1
TCGA-G9-6363-01A-21R-1789-07,0.5412452831922524,1
TCGA-G7-6790-01A-11R-1965-07,0.4997572326877882,0
TCGA-AR-A1AM-01A-41R-A22K-07,0.6039102073723587,0
TCGA-E2-A10C-01A-21R-A10J-07,0.5448715868878159,1
TCGA-AA-A00L-01A-01R-A002-07,0.06502005320759403,0
TCGA-55-7995-01A-11R-2187-07,0.5595804335126151,1
TCGA-G4-6309-01A-21R-1839-07,0.8590352177534042,1
TCGA-CJ-4908-01A-01R-1426-07,0.5773774859938391,1
TCGA-EJ-A46B-01A-31R-A250-07,0.5381896127728252,0
TCGA-AR-A24Z-01A-11R-A169-07,0.4313779188707782,0
TCGA-A6-2685-01A-01R-1410-07,0.08984902378706226,0
TCGA-A4-A5DU-01A-11R-A28H-07,0.6141210152704013,1
TCGA-AZ-6600-01A-11R-1774-07,0.8998521165447669,1
TCGA-CC-A7IH-01A-11R-A33J-07,0.45245530307170473,1
TCGA-QU-A6IM-01A-11R-A31N-07,0.3210416158205516,1
TCGA-LN-A49M-01A-21R-A260-31,0.8130753319804813,1
TCGA-66-2765-01A-01R-0851-07,0.5686509317253743,0
TCGA-A8-A0AB-01A-11R-A034-07,0.47429836120181273,1
TCGA-S3-AA14-01A-11R-A41B-07,0.6742633867224539,1
TCGA-98-A538-01A-11R-A262-07,0.5387316799402901,1
TCGA-CM-6166-01A-11R-1653-07,0.861460179613257,1
TCGA-5M-AAT4-01A-11R-A41B-07,0.8449557144880008,1
TCGA-61-2008-01A-02R-1568-13,0.8647938260048295,1
TCGA-B6-A0X0-01A-21R-A115-07,0.64176857905957,1
TCGA-86-8281-01A-11R-2287-07,0.5758862227956019,1
TCGA-24-1546-01A-01R-1566-13,0.8717994454618339,0
TCGA-V1-A9OL-01A-11R-A41O-07,0.6200671500956955,0
TCGA-BH-A201-01A-11R-A14M-07,0.5915010865702174,1
TCGA-18-3409-01A-01R-0980-07,0.5664240650915612,1
TCGA-F4-6461-01A-11R-1774-07,0.8781105349462878,1
TCGA-AA-A02E-01A-01R-A00A-07,0.07748944240298598,0
TCGA-YL-A9WY-01A-11R-A41O-07,0.6196059109594704,1
TCGA-B0-5102-01A-01R-1420-07,0.6014152203761494,1
TCGA-G9-7521-01A-11R-2263-07,0.5141159530043156,0
TCGA-CJ-4902-01A-01R-1426-07,0.5828388521407846,1
TCGA-CA-6717-01A-11R-1839-07,0.8944663053854207,0
TCGA-IG-A5S3-01A-11R-A28J-31,0.6123551668180405,0
TCGA-EJ-5497-01A-02R-1580-07,0.5809616650012523,1
TCGA-BF-A5EO-01A-12R-A27Q-07,0.45698288533827197,0
TCGA-85-A4JC-01A-11R-A24Z-07,0.5508112870974318,1
TCGA-44-3917-01A-01R-A278-07,0.5204857134897701,1
TCGA-A8-A08H-01A-21R-A00Z-07,0.563451871027096,1
TCGA-95-A4VN-01A-11R-A262-07,0.5645476306009354,1
TCGA-B0-5693-01A-11R-1541-07,0.5301045961571749,1
TCGA-77-8138-01A-11R-2247-07,0.5627297410257333,1
TCGA-KK-A7B0-01A-11R-A32O-07,0.4332458473230354,1
TCGA-B0-5083-01A-02R-1420-07,0.56002503400422,1
TCGA-GM-A2DA-01A-11R-A18M-07,0.6029779247785346,1
TCGA-A2-A3KD-01A-12R-A213-07,0.5936361566332383,1
TCGA-DD-A39Y-01A-11R-A213-07,0.4128575856105819,1
TCGA-B6-A0WZ-01A-11R-A109-07,0.5673822380261575,1
TCGA-A6-2682-01A-01R-1410-07,0.07442022353612406,1
TCGA-D8-A1JU-01A-11R-A13Q-07,0.5838994192057948,0
TCGA-RL-AAAS-01A-32R-A39D-07,0.6036203956500158,0
TCGA-B9-A44B-01A-11R-A24Z-07,0.6084615740971748,1
TCGA-B6-A0I5-01A-11R-A034-07,0.5459571163437392,1
TCGA-BH-AB28-01A-31R-A41B-07,0.6598475843860475,1
TCGA-E9-A1N9-01A-11R-A14D-07,0.49404360362465755,0
TCGA-A3-3363-01A-01R-0864-07,0.5435710072307347,1
TCGA-22-1000-01A-01R-A32Z-07,0.6000041156448753,1
TCGA-KK-A6E4-01A-11R-A30B-07,0.4771029670852994,1
TCGA-BQ-5889-01A-11R-1592-07,0.6994824972720641,1
TCGA-DM-A1HA-01A-11R-A155-07,0.8108493173724894,1
TCGA-BF-A5ER-01A-12R-A27Q-07,0.3454594254174367,1
TCGA-LL-A73Y-01A-11R-A33J-07,0.5969702036339994,1
TCGA-BF-A3DL-01A-11R-A20F-07,0.5381282780598265,1
TCGA-VR-A8EO-01A-11R-A36D-31,0.7476421029721726,1
TCGA-L1-A7W4-01A-12R-A36G-07,0.5496766757167507,1
TCGA-B0-4838-01A-01R-1305-07,0.6301287084972415,1
TCGA-2Y-A9GY-01A-11R-A38B-07,0.5906914321726446,1
TCGA-BP-4343-01A-02R-1289-07,0.5160166320842117,1
TCGA-BQ-5893-01A-11R-1592-07,0.5600174613875598,1
TCGA-HP-A5MZ-01A-21R-A27V-07,0.6880024915481157,1
TCGA-A7-A4SE-01A-11R-A266-07,0.5624374977777166,0
TCGA-66-2783-01A-01R-1201-07,0.5322348743171363,1
TCGA-73-4675-01A-01R-1206-07,0.6177475222676393,1
TCGA-D5-5538-01A-01R-1653-07,0.8825710526253564,1
TCGA-YL-A8SO-01B-31R-A37L-07,0.579499121227813,1
TCGA-E2-A15H-01A-11R-A12D-07,0.5498072086625692,1
TCGA-V1-A8WN-01A-11R-A37L-07,0.5795882148493415,1
TCGA-BH-A0EB-01A-11R-A034-07,0.5735025958832685,1
TCGA-DD-A39X-01A-11R-A213-07,0.43603205993568284,1
TCGA-E2-A1LK-01A-21R-A14D-07,0.47729204050818314,1
TCGA-AR-A0TV-01A-21R-A084-07,0.5711174057842862,0
TCGA-A1-A0SD-01A-11R-A115-07,0.6036532818425617,1
TCGA-33-AASI-01A-22R-A405-07,0.8000723916592382,1
TCGA-L5-A4OW-01A-11R-A28J-31,0.7091947981714453,1
TCGA-86-7711-01A-11R-2066-07,0.4681806909213599,1
TCGA-34-5234-01A-01R-1635-07,0.6009304454190165,0
TCGA-63-7023-01A-11R-1949-07,0.5001555838528341,1
TCGA-BP-5191-01A-01R-1426-07,0.5649829237288253,1
TCGA-Q9-A6FW-01A-31R-A31P-31,0.6643068819506293,0
TCGA-CZ-5468-01A-01R-1503-07,0.5894899585855747,0
TCGA-78-7153-01A-11R-2039-07,0.5523316477639507,1
TCGA-DD-A4NA-01A-11R-A266-07,0.6991368297690935,1
TCGA-43-2578-01A-01R-0851-07,0.5845427366957872,0
TCGA-5R-AA1C-01A-11R-A41C-07,0.3950837946458946,1
TCGA-78-7149-01A-11R-2039-07,0.6288867824354475,1
TCGA-CW-5591-01A-01R-1541-07,0.5910457230848218,1
TCGA-13-0906-01A-01R-1564-13,0.689341036031427,1
TCGA-CJ-4876-01A-01R-1305-07,0.782086423275549,1
TCGA-M7-A724-01A-12R-A32O-07,0.29817876956148154,1
TCGA-62-A46Y-01A-11R-A24H-07,0.5930931315067978,1
TCGA-C8-A26V-01A-11R-A16F-07,0.5649676933545518,1
TCGA-OL-A5D8-01A-11R-A27Q-07,0.5078669112357677,0
TCGA-77-8143-01A-11R-2247-07,0.5116548920848395,1
TCGA-BH-A0DO-01B-11R-A12D-07,0.5880790233022236,0
TCGA-CJ-5675-01A-11R-1541-07,0.5477180186215487,0
TCGA-A2-A4S0-01A-21R-A266-07,0.4935785144310734,1
TCGA-B9-4117-01A-02R-1351-07,0.5041519297437005,1
TCGA-BP-4352-01A-01R-1289-07,0.5415631150607252,0
TCGA-A2-A0ST-01A-12R-A084-07,0.5685780571492786,1
TCGA-E2-A1IH-01A-11R-A13Q-07,0.583774209806478,1
TCGA-37-3792-01A-01R-0980-07,0.49129855381237464,0
TCGA-AK-3427-01A-01R-0864-07,0.37474255607016854,0
TCGA-AA-3506-01A-01R-1410-07,0.05622737226474797,1
TCGA-CZ-5466-01A-01R-1503-07,0.6169676021485726,1
TCGA-77-8140-01A-11R-2247-07,0.5498824816799863,0
TCGA-21-5786-01A-01R-1635-07,0.612977896172305,0
TCGA-86-8075-01A-11R-2241-07,0.5792199416815026,1
TCGA-A3-A8OX-01A-11R-A37O-07,0.6204541565965156,1
TCGA-95-8494-01A-11R-2326-07,0.5810835031359418,0
TCGA-IG-A7DP-01A-31R-A336-31,0.6673614909305405,0
TCGA-AD-6964-01A-11R-1928-07,0.8934745677050449,1
TCGA-A8-A0A6-01A-12R-A056-07,0.5822557272406209,1
TCGA-B0-5711-01A-11R-1672-07,0.5236575733900511,1
TCGA-BH-A1FM-01A-11R-A13Q-07,0.3958031619746814,0
TCGA-CH-5771-01A-21R-1580-07,0.6668022634723452,1
TCGA-69-7980-01A-11R-2187-07,0.5825508302995251,1
TCGA-AR-A254-01A-21R-A169-07,0.5473814462416339,1
TCGA-A6-2683-01A-01R-0821-07,0.039040904657351716,1
TCGA-PL-A8LY-01A-11R-A41B-07,0.5841063584107312,1
TCGA-G3-A3CH-01A-11R-A22L-07,0.5488260087571633,1
TCGA-57-1583-01A-01R-1566-13,0.779449333840208,1
TCGA-A4-8310-01A-11R-2404-07,0.5780568469276346,1
TCGA-XK-AAJP-01A-11R-A41O-07,0.4803745007909205,1
TCGA-EB-A3XE-01A-12R-A239-07,0.5681265461130909,1
TCGA-AN-A0FZ-01A-11R-A034-07,0.4534775546126788,1
TCGA-13-0911-01A-01R-1564-13,0.7870823620952231,1
TCGA-51-6867-01A-11R-2045-07,0.5117682834356989,0
TCGA-AN-A04D-01A-21R-A034-07,0.4242401993588042,0
TCGA-DD-AADC-01A-11R-A41C-07,0.8459678864005385,1
TCGA-73-4677-01A-01R-1206-07,0.532589128142126,1
TCGA-L9-A743-01A-43R-A39D-07,0.5731985780298348,1
TCGA-E9-A6HE-01A-11R-A31O-07,0.5374476191902052,1
TCGA-E2-A15D-01A-11R-A115-07,0.6174903656389863,1
TCGA-73-4658-01A-01R-1755-07,0.6243942042734535,0
TCGA-CH-5788-01A-11R-1580-07,0.43225217338439326,1
TCGA-E2-A14Z-01A-11R-A115-07,0.8333514973854567,1
TCGA-EB-A6QY-01A-12R-A32P-07,0.5792508655780467,0
TCGA-CH-5753-01A-11R-1580-07,0.5085026604989914,1
TCGA-AC-A3W5-01A-11R-A22K-07,0.6218895773466652,1
TCGA-A6-A566-01A-11R-A28H-07,0.8835136170267479,1
TCGA-AA-3994-01A-01R-1113-07,0.07495734977930589,1
TCGA-MS-A51U-01A-31R-A266-07,0.6076358268138883,0
TCGA-13-1509-01A-01R-1565-13,0.03930485833830659,1
TCGA-IG-A6QS-01A-12R-A336-31,0.028947318448594137,0
TCGA-EW-A1PG-01A-11R-A144-07,0.5618842736038376,0
TCGA-23-1023-01A-02R-1564-13,0.7483542014091974,1
TCGA-XJ-A9DI-01A-11R-A37L-07,0.6034243171030798,1
TCGA-68-A59I-01A-11R-A262-07,0.6266357630727838,1
TCGA-13-0891-01A-01R-1564-13,0.7322446041599783,0
TCGA-A7-A13E-01A-11R-A12P-07,0.4962768002318186,0
TCGA-A8-A07E-01A-11R-A034-07,0.5877875055653679,1
TCGA-EJ-7785-01A-11R-2118-07,0.5874331737474434,1
TCGA-98-A53C-01A-11R-A262-07,0.5728504438271408,1
TCGA-IB-A7M4-01A-11R-A36G-07,0.5919084648282458,1
TCGA-78-7146-01A-11R-2039-07,0.5521719563889306,0
TCGA-2Z-A9J9-01A-11R-A42S-07,0.5866897409104561,1
TCGA-FR-A726-01A-11R-A32P-07,0.6302223270096887,1
TCGA-49-4487-01A-21R-1858-07,0.5674193328186603,1
TCGA-C8-A278-01A-11R-A169-07,0.5409100150882075,1
TCGA-MP-A4T9-01A-11R-A24X-07,0.5847418958586577,1
TCGA-BH-A1FG-01A-11R-A13Q-07,0.4805565521579777,0
TCGA-CK-6746-01A-11R-1839-07,0.8576077318953079,0
TCGA-E9-A1N8-01A-11R-A144-07,0.4568628694087343,1
TCGA-2Z-A9J6-01A-11R-A38C-07,0.5468415316307415,0
TCGA-A6-6137-01A-11R-1774-07,0.879478300467334,1
TCGA-V1-A9OA-01A-11R-A41O-07,0.583292891795839,0
TCGA-HV-A7OP-01A-11R-A33R-07,0.19940704660283365,1
TCGA-KK-A7B3-01A-11R-A33R-07,0.6155541670585024,1
TCGA-UB-A7MA-01A-11R-A33R-07,0.763770725094201,1
TCGA-VR-AA7D-01A-11R-A406-31,0.771605403769945,1
TCGA-D8-A1Y0-01A-11R-A14M-07,0.5856922658899901,1
TCGA-DD-A4NF-01A-11R-A27V-07,0.5527565479697887,0
TCGA-AR-A24Q-01A-12R-A169-07,0.5205201670867258,1
TCGA-BP-4986-01A-01R-1334-07,0.5370484084389424,1
TCGA-L4-A4E6-01A-11R-A24H-07,0.5542245187773169,1
TCGA-EJ-A46F-01A-31R-A250-07,0.3471000166747101,1
TCGA-21-1078-01A-01R-0692-07,0.4969685177131905,1
TCGA-33-4587-01A-11R-2125-07,0.42926760573523615,1
TCGA-VN-A88Q-01A-11R-A352-07,0.5349283623905889,0
TCGA-RC-A7S9-01A-11R-A33R-07,0.5637442086387845,1
TCGA-98-A53J-01A-11R-A26W-07,0.4571191237718348,1
TCGA-B0-5705-01A-11R-1541-07,0.6021556960647129,0
TCGA-97-7546-01A-11R-2039-07,0.560060918179367,1
TCGA-YL-A8SQ-01B-11R-A37L-07,0.5678938380548036,1
TCGA-AA-3712-01A-21R-1723-07,0.8569516267082757,1
TCGA-AR-A5QM-01A-11R-A27Q-07,0.6022081557539845,1
TCGA-HC-7077-01A-11R-1965-07,0.4658619426224683,1
TCGA-66-2795-01A-02R-0980-07,0.5532173396907646,1
TCGA-BP-4977-01A-01R-1334-07,0.5495382826424153,1
TCGA-CZ-5988-01A-11R-1672-07,0.4861497609319657,1
TCGA-LL-A5YP-01A-21R-A28M-07,0.5994918040311058,1
TCGA-B0-4706-01A-01R-1503-07,0.6633834721908252,1
TCGA-29-1784-01A-02R-1567-13,0.03091802096116136,0
TCGA-55-7903-01A-11R-2170-07,0.5697258246421837,1
TCGA-CM-6680-01A-11R-1839-07,0.9098567290417546,1
TCGA-49-6743-01A-11R-1858-07,0.616162429372727,1
TCGA-B0-4815-01A-01R-1503-07,0.6378234203839352,1
TCGA-EW-A1PE-01A-11R-A144-07,0.5617424987811406,1
TCGA-VN-A88I-01A-11R-A352-07,0.5903463099567577,1
TCGA-NJ-A7XG-01A-12R-A39D-07,0.5353405788538486,0
TCGA-G7-A8LC-01A-11R-A36F-07,0.4487490912691098,1
TCGA-G9-7525-01A-31R-2263-07,0.5169390904932577,1
TCGA-A3-3362-01A-02R-1325-07,0.5932207141934617,1
TCGA-AN-A0AR-01A-11R-A00Z-07,0.5111408282068244,1
TCGA-R6-A8WC-01A-11R-A37I-31,0.5993017486437244,1
TCGA-73-A9RS-01A-11R-A41B-07,0.5370911602963234,1
TCGA-05-4390-01A-02R-1755-07,0.5133494790265347,1
TCGA-CM-5349-01A-21R-1723-07,0.8927894727955674,0
TCGA-CJ-4637-01A-02R-1325-07,0.6043667559283386,0
TCGA-CJ-4897-01A-03R-1426-07,0.5040302498031575,1
TCGA-D8-A3Z6-01A-11R-A239-07,0.572969055790452,1
TCGA-68-7757-01B-11R-2296-07,0.585766465121955,1
TCGA-HI-7168-01A-11R-2118-07,0.6578346999146153,1
TCGA-DV-A4VZ-01A-11R-A266-07,0.487678388865836,1
TCGA-CC-A7IJ-01A-11R-A33R-07,0.6949233161611409,0
TCGA-3C-AALJ-01A-31R-A41B-07,0.566986045890755,1
TCGA-49-4505-01A-01R-1206-07,0.5697172044213463,1
TCGA-V5-A7RE-01A-11R-A354-31,0.7791053756203795,1
TCGA-CC-5261-01A-01R-A131-07,0.8051771041053751,1
TCGA-85-A4CN-01A-11R-A24H-07,0.5923777339509396,1
TCGA-BH-A0HI-01A-11R-A084-07,0.5652497978930313,1
TCGA-55-A48Z-01A-12R-A24X-07,0.5828666800064038,1
TCGA-60-2720-01A-01R-0851-07,0.5559994556291962,1
TCGA-A7-A5ZV-01A-11R-A28M-07,0.4489009120869252,1
TCGA-HC-7231-01A-11R-2118-07,0.5763892230879474,1
TCGA-66-2771-01A-01R-0980-07,0.536755657669195,1
TCGA-EJ-A65J-01A-11R-A311-07,0.514686558817931,1
TCGA-G4-6322-01A-11R-1723-07,0.8372231812326034,0
TCGA-IB-A7LX-01A-12R-A36G-07,0.541332562071749,1
TCGA-86-8669-01A-11R-2403-07,0.5436667444404811,0
TCGA-B0-5697-01A-11R-1541-07,0.6146652311671057,0
TCGA-G4-6323-01A-11R-1723-07,0.8615455341762068,1
TCGA-L5-A4OT-01A-11R-A28J-31,0.6281529020007732,1
TCGA-3E-AAAZ-01A-11R-A38C-07,0.5844815290598012,1
TCGA-13-1498-01A-01R-1565-13,0.7011285472539837,0
TCGA-WN-AB4C-01A-11R-A42S-07,0.40805039062006104,1
TCGA-AA-A02W-01A-01R-A00A-07,0.09844767152203454,1
TCGA-A6-5660-01A-01R-1653-07,0.8774355514938059,1
TCGA-85-A50M-01A-21R-A262-07,0.4884583707600751,1
TCGA-B4-5378-01A-01R-1503-07,0.6268830037607982,0
TCGA-EW-A1PF-01A-11R-A144-07,0.6045746067670548,1
TCGA-44-4112-01B-06R-A277-07,0.3618658866620084,1
TCGA-23-1021-01B-01R-1564-13,0.6857460417517881,1
TCGA-CJ-4888-01A-01R-1305-07,0.602952396427004,0
TCGA-FB-AAQ6-01A-11R-A41B-07,0.5655456245500693,1
TCGA-39-5021-01A-01R-1443-07,0.7971854776965228,1
TCGA-HZ-8638-01A-11R-2404-07,0.5761011033600316,1
TCGA-55-8085-01A-11R-2241-07,0.5865950993044201,1
TCGA-24-2038-01A-01R-1568-13,0.04560648609342134,1
TCGA-UZ-A9PS-01A-11R-A42S-07,0.5295433409355558,1
TCGA-23-1022-01A-01R-1564-13,0.024827091021902215,0
TCGA-25-1635-01A-01R-1566-13,0.7585769213979698,0
TCGA-56-8308-01A-11R-2296-07,0.5256651731984114,1
TCGA-A7-A13G-01A-11R-A13Q-07,0.36296236234967494,1
TCGA-BH-A0DX-01A-11R-A115-07,0.6910596373522468,1
TCGA-BH-A0HO-01A-11R-A034-07,0.531380799034647,0
TCGA-A8-A092-01A-11R-A00Z-07,0.5218942321309077,1
TCGA-A8-A08I-01A-11R-A00Z-07,0.5293513439895631,0
TCGA-QU-A6IO-01A-11R-A31N-07,0.4041568685282326,1
TCGA-D8-A1XO-01A-11R-A14M-07,0.5453064022438424,1
TCGA-HE-A5NL-01A-11R-A26U-07,0.5861163500696673,1
TCGA-CZ-5984-01A-11R-1672-07,0.5831036334014842,1
TCGA-EJ-A7NJ-01A-22R-A352-07,0.5219340452640647,1
TCGA-A6-6653-01A-11R-1774-07,0.8815487993535499,1
TCGA-BC-4073-01B-02R-A131-07,0.7094428543287369,0
TCGA-HZ-7923-01A-12R-2156-07,0.5456641246068848,1
TCGA-AL-7173-01A-11R-2139-07,0.5930217475331571,1
TCGA-A2-A1FX-01A-11R-A13Q-07,0.5398799187225327,1
TCGA-AZ-4323-01A-21R-1839-07,0.8839979201806154,1
TCGA-J4-A67R-01A-21R-A30B-07,0.5174553363158682,1
TCGA-BF-AAP8-01A-11R-A40A-07,0.5866016810438925,1
TCGA-IG-A97H-01A-11R-A38D-31,0.5898687218829279,0
TCGA-DM-A28C-01A-11R-A32Y-07,0.7943365372035593,1
TCGA-NJ-A4YQ-01A-11R-A262-07,0.570057228737324,1
TCGA-LN-A49K-01A-11R-A24K-31,0.8449360107965145,1
TCGA-44-2655-01A-01R-0946-07,0.5652265838576254,0
TCGA-B8-5164-01A-01R-1420-07,0.4975875485956808,1
TCGA-IZ-8195-01A-31R-2404-07,0.5246197839035338,0
TCGA-XD-AAUG-01A-61R-A41B-07,0.5246793078887613,1
TCGA-OE-A75W-01A-12R-A32O-07,0.48275281827019717,1
TCGA-UZ-A9PU-01A-11R-A42S-07,0.5788651923809308,1
TCGA-CM-4752-01A-01R-1410-07,0.0751287919583313,1
TCGA-MR-A520-01A-11R-A266-07,0.45064080486945846,0
TCGA-E9-A1R0-01A-22R-A16F-07,0.6624400059167466,1
TCGA-43-8115-01A-11R-2247-07,0.6175704159788833,1
TCGA-F2-A7TX-01A-33R-A38C-07,0.6337543823819602,1
TCGA-13-1404-01A-01R-1565-13,0.6940255005576302,0
TCGA-13-0923-01A-01R-1564-13,0.8015566162348912,1
TCGA-LB-A7SX-01A-11R-A33R-07,0.6290378122289629,1
TCGA-BP-5001-01A-01R-1334-07,0.5001561633552343,1
TCGA-09-1665-01B-01R-1566-13,0.7946068698199465,1
TCGA-GL-A9DC-01A-11R-A37K-07,0.5887039419746579,0
TCGA-IA-A83T-01A-11R-A355-07,0.5899144228722278,1
TCGA-86-8668-01A-11R-2403-07,0.5427400099495894,0
TCGA-A6-5661-01A-01R-1653-07,0.8438739911121533,1
TCGA-V5-A7RC-01B-11R-A406-31,0.7994548783872003,1
TCGA-05-4417-01A-22R-1858-07,0.5523970561922433,1
TCGA-29-1693-01A-01R-1567-13,0.8572465301170002,1
TCGA-AN-A0FX-01A-11R-A034-07,0.5571023680442053,1
TCGA-C8-A135-01A-11R-A115-07,0.5714032250055104,1
TCGA-CM-6162-01A-11R-1653-07,0.8856319808098638,1
TCGA-E2-A15C-01A-31R-A12D-07,0.5747698511769419,1
TCGA-D8-A1JI-01A-11R-A13Q-07,0.42750460715164945,1
TCGA-24-1563-01A-01R-1566-13,0.8834361238830937,1
TCGA-BH-A42V-01A-11R-A24H-07,0.6248816065510621,1
TCGA-A6-6780-01A-11R-1839-07,0.8606141926658895,1
TCGA-A3-3323-01A-02R-1325-07,0.5381906345707858,1
TCGA-B0-4712-01A-01R-1503-07,0.5820930528848072,1
TCGA-85-A4QR-01A-11R-A24Z-07,0.7242061937259298,1
TCGA-EW-A423-01A-11R-A24H-07,0.4838252024470065,1
TCGA-HZ-A8P0-01A-11R-A36G-07,0.6450775213763263,1
TCGA-B1-A47M-01A-11R-A24Z-07,0.6260901316005578,0
TCGA-91-6830-01A-11R-1949-07,0.6573531819665689,1
TCGA-AO-A0J9-01A-11R-A034-07,0.6176338812324398,0
TCGA-V1-A8WV-01A-11R-A37L-07,0.565889567260452,1
TCGA-LN-A49N-01A-11R-A24K-31,0.667552772515885,1
TCGA-BF-AAP6-01A-11R-A40A-07,0.5507687370712305,1
TCGA-B6-A401-01A-11R-A239-07,0.6244324018987344,1
TCGA-BQ-7060-01A-11R-1965-07,0.5237095415838129,0
TCGA-EP-A2KB-01A-11R-A180-07,0.4218911126190307,1
TCGA-A2-A0SY-01A-31R-A084-07,0.6227781689121049,0
TCGA-CZ-4860-01A-01R-1305-07,0.5823032203454164,1
TCGA-CM-6169-01A-11R-1653-07,0.884379797850357,1
TCGA-85-8353-01A-21R-2296-07,0.5562986553697452,1
TCGA-AA-3850-01A-01R-1022-07,0.08427853321747854,1
TCGA-2Z-A9JJ-01A-11R-A42S-07,0.6192216608764232,1
TCGA-C8-A1HE-01A-11R-A13Q-07,0.5279854860867708,1
TCGA-97-7552-01A-11R-2039-07,0.564152193980195,1
TCGA-YL-A8SC-01A-11R-A37L-07,0.6436044190718128,0
TCGA-BQ-5877-01A-11R-1592-07,0.6285861584336044,0
TCGA-AA-3986-01A-02R-1022-07,0.086841452283868,1
TCGA-A6-6140-01A-11R-1774-07,0.8386002228589955,1
TCGA-MP-A5C7-01A-11R-A262-07,0.5429839322648619,1
TCGA-86-7955-01A-11R-2187-07,0.4533143269600429,1
TCGA-A3-3311-01A-02R-1325-07,0.6319637140583696,1
TCGA-MP-A4T8-01A-11R-A24X-07,0.5813292125933296,0
TCGA-49-4488-01A-01R-1755-07,0.5233643600326258,0
TCGA-A8-A07O-01A-11R-A00Z-07,0.5021552508878897,0
TCGA-EJ-7312-01B-21R-A32O-07,0.4934863399170173,1
TCGA-CK-5912-01A-11R-1653-07,0.8820835461452069,1
TCGA-56-6546-01A-11R-1820-07,0.6628124119950513,1
TCGA-B6-A1KC-01B-11R-A157-07,0.3813732129956484,1
TCGA-5P-A9JU-01A-11R-A42S-07,0.5182351955980247,0
TCGA-B9-4114-01A-01R-1193-07,0.5982284919220235,1
TCGA-EB-A551-01A-21R-A27Q-07,0.5857523585687021,1
TCGA-A7-A0DB-01A-11R-A277-07,0.5051498253100182,1
TCGA-G4-6628-01A-11R-1839-07,0.8647394684064615,1
TCGA-LD-A66U-01A-11R-A31O-07,0.6377791810994211,1
TCGA-91-6840-01A-11R-1949-07,0.5525892350457052,0
TCGA-EJ-5527-01A-01R-1580-07,0.5718958869833073,1
TCGA-29-2428-01A-01R-1569-13,0.645495814039083,0
TCGA-22-4601-01A-01R-1443-07,0.6251780662748219,0
TCGA-22-0940-01A-01R-0692-07,0.5737679455275756,1
TCGA-24-1555-01A-01R-1566-13,0.681870792670587,1
TCGA-F4-6856-01A-11R-1928-07,0.8689716518040818,1
TCGA-LG-A9QD-01A-11R-A38B-07,0.46196668971468335,1
TCGA-B0-4814-01A-01R-1277-07,0.5368739846454009,1
TCGA-DD-A3A7-01A-11R-A22L-07,0.40207852064392013,1
TCGA-BQ-7050-01A-11R-1965-07,0.5255684487631143,1
TCGA-EJ-5524-01A-01R-1580-07,0.6658627703665301,1
TCGA-E9-A22A-01A-11R-A157-07,0.6477887714623309,1
TCGA-BH-A1FJ-01A-11R-A13Q-07,0.46327407187365904,1
TCGA-EJ-5517-01A-01R-1580-07,0.5267622864806667,1
TCGA-FB-AAPP-01A-12R-A41B-07,0.4151556501905659,1
TCGA-EJ-8472-01A-11R-2403-07,0.5275187818691951,1
TCGA-BP-4770-01A-01R-1503-07,0.48089477761057114,1
TCGA-CJ-5681-01A-11R-1541-07,0.4834198615940766,0
TCGA-EJ-5542-01A-01R-1580-07,0.5703712138768146,0
TCGA-13-1407-01A-01R-1565-13,0.7435652046938478,1
TCGA-J7-A8I2-01A-12R-A36F-07,0.45297781342788407,1
TCGA-ED-A627-01A-12R-A311-07,0.6754072379088985,0
TCGA-2J-AABU-01A-11R-A41B-07,0.6059126358606979,1
TCGA-E9-A1QZ-01A-21R-A169-07,0.5767650416716232,1
TCGA-66-2744-01A-01R-0980-07,0.5643491095831565,1
TCGA-29-1781-01A-01R-1567-13,0.8372042437161219,1
TCGA-LN-A49L-01A-11R-A24K-31,0.03148254296793037,0
TCGA-18-4721-01A-01R-1443-07,0.611533655967854,1
TCGA-A7-A5ZW-01A-12R-A29R-07,0.6282106568241822,1
TCGA-B6-A409-01A-11R-A24H-07,0.5965587809111833,1
TCGA-FC-A4JI-01A-11R-A250-07,0.40067927334865966,1
TCGA-13-1405-01A-01R-1565-13,0.8759907011601687,1
TCGA-DD-AADO-01A-11R-A41C-07,0.32217900526012294,1
TCGA-WX-AA46-01A-11R-A39D-07,0.4570797721181408,1
TCGA-4N-A93T-01A-11R-A37K-07,0.8425184739987256,1
TCGA-V1-A9OF-01A-11R-A41O-07,0.7900990510776739,0
TCGA-Y8-A897-01A-11R-A36F-07,0.5636349915572622,1
TCGA-A6-3807-01A-01R-1022-07,0.09020063414055436,1
TCGA-DD-A1ED-01A-11R-A155-07,0.5397329171565933,1
TCGA-AO-A0J8-01A-21R-A034-07,0.585484214573386,1
TCGA-BH-A42T-01A-11R-A24H-07,0.5453049946771518,0
TCGA-25-1329-01A-01R-1565-13,0.8686332402797972,0
TCGA-AO-A12H-01A-11R-A115-07,0.6193872327488098,1
TCGA-G3-A25T-01A-11R-A16W-07,0.6356542703601226,1
TCGA-G9-7509-01A-11R-A41O-07,0.7980082978149295,1
TCGA-BC-A8YO-01A-11R-A37K-07,0.6485604572204064,1
TCGA-50-5942-01A-21R-1755-07,0.5405753283025456,1
TCGA-GM-A2DB-01A-31R-A18M-07,0.5758005412148375,1
TCGA-C8-A133-01A-32R-A12D-07,0.48338780285029126,1
TCGA-NC-A5HD-01A-11R-A26W-07,0.5694320705402083,1
TCGA-AR-A0U0-01A-11R-A109-07,0.5474543618425107,1
TCGA-23-1029-01B-01R-1567-13,0.7535968742595919,0
TCGA-HZ-8637-01A-11R-2404-07,0.5743639621111589,1
TCGA-D8-A1JM-01A-11R-A13Q-07,0.41373517060365916,1
TCGA-91-8499-01A-11R-2403-07,0.4581507126977095,1
TCGA-ZP-A9D2-01A-11R-A38B-07,0.7069902310041678,1
TCGA-2Y-A9GV-01A-11R-A38B-07,0.6798535973296064,1
TCGA-B8-A54D-01A-21R-A266-07,0.8018621277889272,1
TCGA-A4-8630-01A-11R-2404-07,0.5088293666699317,1
TCGA-F4-6855-01A-11R-1928-07,0.8906098342551264,1
TCGA-EB-A3HV-01A-11R-A21D-07,0.6245585074680821,1
TCGA-XJ-A83G-01A-11R-A352-07,0.5216305646596793,0
TCGA-AA-3560-01A-01R-0821-07,0.06836894998572123,1
TCGA-D8-A1XA-01A-11R-A14D-07,0.5497691634587386,1
TCGA-BP-4963-01A-01R-1334-07,0.5519175553403672,1
TCGA-04-1338-01A-01R-1564-13,0.7337291474261223,1
TCGA-09-1662-01A-01R-1566-13,0.7256725512980087,1
TCGA-24-1417-01A-01R-1565-13,0.7795868176953543,1
TCGA-ZG-A9LN-01A-11R-A41O-07,0.61861217819138,1
TCGA-EJ-8474-01A-11R-2403-07,0.5462304112615141,1
TCGA-13-0727-01A-01R-1564-13,0.7834006842585098,1
TCGA-37-5819-01A-01R-1635-07,0.7738474251295482,1
TCGA-E2-A1LI-01A-12R-A157-07,0.5564152359808977,0
TCGA-77-7138-01A-41R-2045-07,0.4998975320579835,1
TCGA-A2-A3XU-01A-12R-A22U-07,0.3594447299399708,1
TCGA-QG-A5YW-01A-11R-A28H-07,0.87957359996402,1
TCGA-49-AAR0-01A-21R-A39D-07,0.5996723135151338,1
TCGA-50-6590-01A-12R-1858-07,0.5448945925786363,1
TCGA-55-8510-01A-11R-2403-07,0.606792021080948,1
TCGA-AL-3466-01A-02R-1351-07,0.5443683560934336,0
TCGA-IB-AAUU-01A-11R-A37L-07,0.5497055293485069,0
TCGA-AA-3815-01A-01R-1022-07,0.08216659549187545,1
TCGA-AR-A0TZ-01A-12R-A084-07,0.5176387424300036,1
TCGA-M7-A71Z-01A-12R-A32O-07,0.3820691169421205,1
TCGA-A8-A09C-01A-11R-A00Z-07,0.5389129362124331,1
TCGA-DD-AAE1-01A-11R-A41C-07,0.5202103342202881,0
TCGA-BH-A1EX-01A-11R-A13Q-07,0.5551187875715452,1
TCGA-DM-A288-01A-11R-A16W-07,0.8202220923609275,0
TCGA-CC-A5UE-01A-11R-A28V-07,0.6067124558717818,1
TCGA-S8-A6BV-01A-21R-A31P-31,0.04401090271495655,1
TCGA-AO-A03O-01A-11R-A00Z-07,0.5706907026641431,0
TCGA-IA-A83W-01A-11R-A355-07,0.6830961792882044,1
TCGA-86-A4P8-01A-11R-A24X-07,0.5231266156986435,0
TCGA-A4-7288-01A-11R-A32Z-07,0.49295708773170616,0
TCGA-33-4532-01A-01R-1201-07,0.5179520683569485,1
TCGA-OY-A56P-01A-12R-A406-31,0.5696987120149729,1
TCGA-GK-A6C7-01A-11R-A33J-07,0.5314579221104261,1
TCGA-E2-A15E-01A-11R-A12D-07,0.6152879553590725,1
TCGA-DD-A39W-01A-11R-A213-07,0.43366979707721937,1
TCGA-AR-A0U3-01A-11R-A109-07,0.5348359569284112,1
TCGA-CJ-4900-01A-01R-1334-07,0.6103079268270507,0
TCGA-E2-A15G-01A-11R-A12D-07,0.5288136760088994,1
TCGA-CH-5769-01A-11R-1580-07,0.6081360614752132,1
TCGA-60-2707-01A-01R-0851-07,0.5265111213509714,1
TCGA-CW-5589-01A-01R-1541-07,0.5692575821797436,0
TCGA-DD-AAEB-01A-11R-A41C-07,0.3201171525755412,1
TCGA-61-2098-01A-01R-1568-13,0.8384647425922553,1
TCGA-05-4249-01A-01R-1107-07,0.5660628610185866,1
TCGA-33-4589-01A-01R-1443-07,0.3985442512410735,1
TCGA-E2-A15K-01A-11R-A12P-07,0.5593242991049395,1
TCGA-DD-A4NL-01A-11R-A28V-07,0.5556544445996693,1
TCGA-BF-AAP2-01A-11R-A40A-07,0.6292880788422759,1
TCGA-44-6779-01A-11R-1858-07,0.45820423448573777,1
TCGA-85-7844-01A-11R-2125-07,0.5429408945534477,1
TCGA-AK-3460-01A-02R-1277-07,0.6040794177300903,1
TCGA-B2-4101-01A-02R-1277-07,0.5314226668994346,1
TCGA-51-4080-01A-01R-1100-07,0.526245607264796,1
TCGA-3C-AALI-01A-11R-A41B-07,0.6165207627084686,1
TCGA-IB-A5SP-01A-11R-A32O-07,0.5293007354032262,1
TCGA-L5-A88Z-01A-11R-A36D-31,0.7977980626964013,0
TCGA-D9-A4Z5-01A-11R-A266-07,0.5388493873452382,1
TCGA-BH-A0DG-01A-21R-A12P-07,0.612951099962513,0
TCGA-L5-A8NF-01A-11R-A37I-31,0.5798771029924967,1
TCGA-EJ-7325-01B-11R-A32O-07,0.43410958299843544,0
TCGA-13-1497-01A-01R-1565-13,0.8452300520208123,1
TCGA-HC-7736-01A-11R-2118-07,0.5769314375169584,1
TCGA-AR-A1AH-01A-11R-A12D-07,0.470397571204147,1
TCGA-A7-A26F-01B-04R-A22O-07,0.47225717044931553,1
TCGA-04-1337-01A-01R-1564-13,0.7307479340922884,1
TCGA-EB-A6QZ-01A-12R-A32P-07,0.5490944196482022,1
TCGA-AK-3444-01A-02R-1325-07,0.48712945985568934,0
TCGA-B0-5092-01A-01R-1420-07,0.6054165115833581,1
TCGA-A8-A09A-01A-11R-A00Z-07,0.5295590354263898,1
TCGA-LN-A49O-01A-11R-A24K-31,0.7847976825496383,1
TCGA-61-1737-01A-01R-1567-13,0.047477576659917566,1
TCGA-EJ-A46H-01A-31R-A26U-07,0.562169021159328,0
TCGA-B6-A0X5-01A-21R-A109-07,0.390223528229358,1
TCGA-C8-A26X-01A-31R-A16F-07,0.5914958225552427,0
TCGA-21-1077-01A-01R-0692-07,0.028396014377215596,1
TCGA-GM-A2DD-01A-11R-A180-07,0.6179663050066944,1
TCGA-BP-4326-01A-01R-1289-07,0.5193650954259352,0
TCGA-DA-A960-01A-11R-A37K-07,0.4077358439022411,1
TCGA-94-A5I4-01A-11R-A26W-07,0.5988937421420202,1
TCGA-AA-3520-01A-01R-0821-07,0.07846838929933878,1
TCGA-2Y-A9H1-01A-11R-A38B-07,0.28667460147684537,1
TCGA-63-A5ML-01A-31R-A27Q-07,0.530457564812255,1
TCGA-KK-A8IB-01A-11R-A36G-07,0.6065349871328701,0
TCGA-AA-3947-01A-01R-1022-07,0.07015705262000041,1
TCGA-B8-4621-01A-01R-1503-07,0.5744494164161196,1
TCGA-S3-AA11-01A-31R-A41B-07,0.5749756939524605,1
TCGA-BH-A0BM-01A-11R-A056-07,0.5790321720357823,1
TCGA-AK-3447-01A-01R-1766-07,0.011634951648807469,1
TCGA-E2-A1IO-01A-11R-A144-07,0.5846940254930644,1
TCGA-BP-5185-01A-01R-1426-07,0.5163788370716863,1
TCGA-LL-A5YO-01A-21R-A28M-07,0.5670643641491516,0
TCGA-A3-3347-01A-02R-1325-07,0.5613038585000901,1
TCGA-60-2709-01A-21R-1820-07,0.8422280342131581,0
TCGA-DD-A1EK-01A-11R-A213-07,0.5458617111158309,1
TCGA-BH-A0HU-01A-11R-A034-07,0.5691025587604059,0
TCGA-HZ-7289-01A-11R-2156-07,0.4641229256203351,1
TCGA-33-4566-01A-01R-1443-07,0.4553670887039388,1
TCGA-EJ-5504-01A-01R-1580-07,0.5681454552013763,1
TCGA-IB-7654-01A-11R-2156-07,0.5666545303628981,1
TCGA-2Z-A9JD-01A-11R-A42S-07,0.555433390931127,1
TCGA-BH-A18L-01A-32R-A12D-07,0.427740060023751,1
TCGA-38-A44F-01A-11R-A24H-07,0.5775831526838328,0
TCGA-YL-A8SB-01A-31R-A37L-07,0.5982724143012121,1
TCGA-46-3768-01A-01R-0980-07,0.5759133112354676,1
TCGA-AR-A24U-01A-11R-A169-07,0.5456403958919388,1
TCGA-AO-A0JD-01A-11R-A056-07,0.5092881566567845,1
TCGA-A2-A0T1-01A-21R-A084-07,0.5901070531085908,1
TCGA-D8-A1JH-01A-11R-A13Q-07,0.6000633014597331,1
TCGA-BP-5194-01A-02R-1426-07,0.6457287450283342,1
TCGA-RB-AA9M-01A-11R-A39D-07,0.5958037648420431,1
TCGA-A4-7915-01A-11R-2204-07,0.5306635307010255,1
TCGA-AA-3867-01A-01R-1022-07,0.08779641147953401,1
TCGA-3A-A9IH-01A-12R-A39D-07,0.6273943423791366,1
TCGA-E2-A570-01A-11R-A29R-07,0.6608418704269058,1
TCGA-D5-5540-01A-01R-1653-07,0.7762913301314969,0
TCGA-B0-4839-01A-01R-1305-07,0.5313120298552295,1
TCGA-FS-A1ZN-01A-11R-A18T-07,0.5801479732035398,1
TCGA-D8-A1Y1-01A-21R-A14M-07,0.5595780401521925,1
TCGA-57-1993-01A-01R-1568-13,0.7415423818276711,1
TCGA-E9-A3X8-01A-31R-A22U-07,0.47343850481373206,1
TCGA-86-8073-01A-11R-2241-07,0.5449080604047777,1
TCGA-ZG-A8QW-01A-11R-A37L-07,0.5937552632745812,1
TCGA-AK-3458-01A-01R-1503-07,0.7481282936074704,1
TCGA-L5-A88S-01A-11R-A36D-31,0.654598387514874,1
TCGA-DD-A4NJ-01A-11R-A27V-07,0.6439114206487108,0
TCGA-55-6985-01A-11R-1949-07,0.5823732416282112,1
TCGA-78-7147-01A-11R-2039-07,0.6269966154005738,0
TCGA-AK-3429-01A-02R-1325-07,0.5131802042799412,0
TCGA-AR-A2LH-01A-31R-A18M-07,0.6254402928809722,0
TCGA-WX-AA47-01A-11R-A39D-07,0.40353432952395674,0
TCGA-04-1536-01A-01R-1566-13,0.6965169101874296,1
TCGA-L3-A524-01A-11R-A262-07,0.024113297976563485,1
TCGA-91-6848-01A-11R-1949-07,0.5208724008185843,1
TCGA-24-2027-01A-01R-1567-13,0.8308820141806479,1
TCGA-H9-A6BX-01A-31R-A311-07,0.5920434042621932,1
TCGA-G9-6354-01A-11R-A311-07,0.583010239632836,1
TCGA-10-0937-01A-02R-1564-13,0.030597314563266097,1
TCGA-B6-A0RN-01A-12R-A084-07,0.6458393281524392,1
TCGA-86-8056-01A-11R-2241-07,0.5386918533299033,0
TCGA-95-8039-01A-11R-2241-07,0.6510085133337394,0
TCGA-E9-A1R5-01A-11R-A14M-07,0.49961273711131443,0
TCGA-A3-3331-01A-02R-1325-07,0.4946740488662743,1
TCGA-18-3410-01A-01R-0980-07,0.5834069120162274,1
TCGA-22-5491-01A-01R-1635-07,0.5101846240516809,1
TCGA-A4-A7UZ-01A-12R-A355-07,0.6524958391891436,0
TCGA-L5-A4OS-01A-11R-A28J-31,0.6965381876824952,0
TCGA-AZ-6607-01A-11R-1839-07,0.8403670069975588,1
TCGA-B0-5077-01A-01R-1334-07,0.555400189826826,0
TCGA-63-A5MW-01A-11R-A26W-07,0.5094882872646767,0
TCGA-CK-6747-01A-11R-1839-07,0.8588426634353574,1
TCGA-A8-A06U-01A-11R-A00Z-07,0.5929115600642126,1
TCGA-CC-A5UD-01A-11R-A28V-07,0.6645569844904814,1
TCGA-44-A47A-01A-21R-A24H-07,0.5857314120150847,0
TCGA-EW-A1IZ-01A-11R-A13Q-07,0.5864268403962984,1
TCGA-24-2019-01A-02R-1568-13,0.6631477010860646,1
TCGA-EW-A1IX-01A-12R-A144-07,0.5631371404800277,1
TCGA-13-0897-01A-01R-1564-13,0.03077179909976454,1
TCGA-A8-A06Q-01A-11R-A034-07,0.42117636267907127,1
TCGA-A2-A4RX-01A-11R-A266-07,0.5830479634003283,1
TCGA-E9-A1RC-01A-11R-A157-07,0.5268530697470931,1
TCGA-AA-3814-01A-01R-0905-07,0.9582565860266153,1
TCGA-DD-AACH-01A-11R-A41C-07,0.7346193378594412,1
TCGA-AA-3496-01A-21R-1839-07,0.8901012194669066,1
TCGA-69-7974-01A-11R-2187-07,0.5252875218793251,0
TCGA-24-1431-01A-01R-1566-13,0.03054175397413693,1
TCGA-B6-A1KI-01A-11R-A14M-07,0.538589647164257,0
TCGA-AK-3461-01A-02R-1277-07,0.532060367610633,1
TCGA-DD-A11D-01A-11R-A131-07,0.5049153283228971,1
TCGA-22-4594-01A-01R-1201-07,0.6395271013685149,1
TCGA-GN-A8LN-01A-11R-A37K-07,0.6688008721331659,1
TCGA-A4-7286-01A-11R-A32Z-07,0.5443385494782363,0
TCGA-G9-6362-01A-11R-1789-07,0.5214149777944289,1
TCGA-ED-A7PZ-01A-11R-A33R-07,0.48402693061165364,1
TCGA-77-7139-01A-11R-2045-07,0.5353143239577975,1
TCGA-AT-A5NU-01A-11R-A28H-07,0.5897812457014949,1
TCGA-G9-6348-01A-11R-1789-07,0.6048607780350299,1
TCGA-CM-5868-01A-01R-1653-07,0.8794609704747077,0
TCGA-80-5607-01A-31R-1949-07,0.5377940314176713,1
TCGA-DD-A4ND-01A-11R-A266-07,0.6956129608315602,1
TCGA-AK-3443-01A-02R-1325-07,0.3693526506182437,1
TCGA-BH-A28Q-01A-11R-A16F-07,0.5982108280657144,1
TCGA-62-A470-01A-11R-A24H-07,0.5928963268098429,1
TCGA-85-A5B5-01A-21R-A26W-07,0.5940378836865281,1
TCGA-GN-A4U5-01A-11R-A32P-07,0.6599647433877679,1
TCGA-A7-A2KD-01A-31R-A21T-07,0.545049090269816,0
TCGA-5R-AAAM-01A-12R-A41C-07,0.6918745290491282,1
TCGA-AA-3952-01A-01R-1022-07,0.073714128475002,1
TCGA-E9-A1NC-01A-21R-A26B-07,0.5988111960790042,1
TCGA-E9-A229-01A-31R-A157-07,0.5842060647824414,0
TCGA-55-A494-01A-11R-A24X-07,0.49649312955088093,1
TCGA-D8-A1XL-01A-11R-A14M-07,0.6546301453080775,1
TCGA-YL-A8SI-01A-11R-A41O-07,0.5646120400644663,1
TCGA-61-1911-01A-01R-1567-13,0.6974181509554415,1
TCGA-56-1622-01A-01R-0692-07,0.49420783992056205,0
TCGA-C8-A26Z-01A-11R-A16F-07,0.4937084072706413,1
TCGA-V5-A7RB-01A-11R-A354-31,0.6714571935404652,1
TCGA-OL-A66H-01A-11R-A29R-07,0.58740168806585,1
TCGA-AC-A3OD-01A-11R-A21T-07,0.49456500303861356,0
TCGA-A4-8516-01A-11R-2404-07,0.52937819934236,0
TCGA-EJ-A7NN-01A-11R-A33R-07,0.6012398131212099,1
TCGA-A8-A06Y-01A-21R-A00Z-07,0.5310007356377233,1
TCGA-EB-A5VU-01A-21R-A32P-07,0.6140451680127362,1
TCGA-HC-7232-01A-11R-2118-07,0.5540301758835409,1
TCGA-2L-AAQL-01A-11R-A38C-07,0.5344132294401971,1
TCGA-BF-A3DM-01A-11R-A20F-07,0.5554836055226382,0
TCGA-GM-A2DI-01A-31R-A18M-07,0.5925948157457297,1
TCGA-CJ-4635-01A-02R-1305-07,0.5854938854924264,0
TCGA-FV-A4ZP-01A-12R-A266-07,0.2881018573681826,1
TCGA-IH-A3EA-01A-11R-A20F-07,0.02214768989576935,1
TCGA-HC-7075-01A-11R-1965-07,0.5036674187439003,1
TCGA-5P-A9K6-01A-11R-A42S-07,0.5815549699240113,1
TCGA-DM-A28K-01A-21R-A32Y-07,0.791907878721715,0
TCGA-BP-4962-01A-01R-1334-07,0.553138331559303,1
TCGA-53-7624-01A-11R-2066-07,0.5318392288298894,1
TCGA-AA-3854-01A-01R-0905-07,0.9435808617777951,1
TCGA-OL-A5RW-01A-11R-A28M-07,0.48524380801294953,0
TCGA-E9-A1RI-01A-11R-A169-07,0.5809599289235066,1
TCGA-A7-A4SB-01A-21R-A266-07,0.5239869470499486,1
TCGA-A3-3306-01A-01R-0864-07,0.504832956123837,1
TCGA-G9-6371-01A-11R-1789-07,0.5045292749576199,1
TCGA-E9-A243-01A-21R-A169-07,0.5712603853231232,1
TCGA-A7-A0CG-01A-12R-A056-07,0.5816468533303016,0
TCGA-E9-A3HO-01A-11R-A213-07,0.5214062109519717,1
TCGA-B6-A408-01A-12R-A24H-07,0.6077169164478821,0
TCGA-24-1426-01A-01R-1565-13,0.840267322601356,0
TCGA-AC-A6IV-01A-12R-A33J-07,0.62560343143181,0
TCGA-AS-3778-01A-01R-A32Z-07,0.5972499082256395,1
TCGA-C8-A1HG-01A-11R-A137-07,0.46540945667870964,1
TCGA-BQ-7059-01A-11R-1965-07,0.5921363065888166,1
TCGA-SX-A7SL-01A-11R-A355-07,0.4852943145440345,1
TCGA-13-1492-01A-01R-1565-13,0.5706643236430868,1
TCGA-BP-4970-01A-01R-1334-07,0.547670462285869,1
TCGA-HE-7128-01A-11R-1965-07,0.5229383628225167,1
TCGA-61-1733-01A-01R-1567-13,0.6446164375141172,0
TCGA-LL-A5YL-01A-12R-A29R-07,0.5624933450891416,1
TCGA-DD-A3A8-01A-11R-A22L-07,0.3759800505529556,1
TCGA-AK-3450-01A-02R-1277-07,0.4917392307787793,1
TCGA-EW-A2FS-01A-11R-A17B-07,0.6106321656014763,1
TCGA-A2-A0T6-01A-11R-A084-07,0.5704454287088286,1
TCGA-FV-A496-01A-11R-A266-07,0.5751822759594055,1
TCGA-75-7027-01A-11R-1949-07,0.5636381295967424,1
TCGA-43-3394-01A-01R-0980-07,0.5608571117560885,1
TCGA-CZ-5455-01A-01R-1503-07,0.5218421564044888,1
TCGA-AA-3831-01A-01R-0905-07,0.07094363509936381,1
TCGA-NH-A8F7-01A-11R-A41B-07,0.8359196094957616,1
TCGA-FB-A4P6-01A-12R-A26U-07,0.5877054334502645,1
TCGA-VP-A87E-01A-31R-A352-07,0.555989407578391,1
TCGA-BH-A0DD-01A-31R-A12P-07,0.6192643846546035,1
TCGA-CM-4744-01A-01R-A32Z-07,0.8034837222582288,1
TCGA-IG-A8O2-01A-11R-A36D-31,0.03748048786192989,1
TCGA-A8-A07P-01A-11R-A00Z-07,0.5017550461843449,1
TCGA-J4-A67Q-01A-21R-A30B-07,0.488575695301784,1
TCGA-A3-3387-01A-01R-1541-07,0.5996949356324925,1
TCGA-IB-7647-01A-11R-2156-07,0.5560845006408742,1
TCGA-98-8022-01A-11R-2247-07,0.5952678382254587,1
TCGA-J2-8194-01A-11R-2241-07,0.550854291135738,1
TCGA-BP-5189-01A-02R-1426-07,0.5470106172195633,0
TCGA-24-2293-01A-01R-1568-13,0.060099337612152574,1
TCGA-DD-A1EA-01A-11R-A131-07,0.5084758868430737,1
TCGA-JY-A6FB-01A-11R-A336-31,0.8388733815412888,1
TCGA-60-2716-01A-01R-0851-07,0.5756366970383041,1
TCGA-A1-A0SF-01A-11R-A144-07,0.5922678343252997,1
TCGA-78-7148-01A-11R-2039-07,0.5719315995524341,1
TCGA-85-7696-01A-11R-2125-07,0.5355457830023603,1
TCGA-25-1319-01A-01R-1565-13,0.6686706953210716,1
TCGA-44-A47B-01A-11R-A24H-07,0.5576265862919301,1
TCGA-L5-A88W-01A-11R-A354-31,0.5467547594996451,1
TCGA-85-A4CL-01A-41R-A26W-07,0.5843418102791678,1
TCGA-44-A4SU-01A-11R-A24X-07,0.5865920403628856,1
TCGA-2Y-A9GX-01A-11R-A38B-07,0.6899929796229981,1
TCGA-G4-6586-01A-11R-1774-07,0.8413052736009025,1
TCGA-68-A59J-01A-21R-A26W-07,0.6069609399566613,0
TCGA-G6-A5PC-01A-11R-A33J-07,0.021966494648070104,1
TCGA-IG-A50L-01A-11R-A260-31,0.822009366852501,0
TCGA-43-6770-01A-11R-1820-07,0.7839376915422637,0
TCGA-57-1584-01A-01R-1566-13,0.7114303682661924,1
TCGA-AC-A2B8-01A-11R-A17B-07,0.5899304323206352,1
TCGA-A4-A57E-01A-11R-A26U-07,0.5909544078730469,1
TCGA-24-1471-01A-01R-1566-13,0.6773543728659261,1
TCGA-56-7579-01A-11R-2045-07,0.5036646836578949,1
TCGA-KK-A59Y-01A-11R-A26U-07,0.6255500139457859,1
TCGA-A7-A26H-01A-11R-A169-07,0.5706532342549541,0
TCGA-DV-5573-01A-01R-1541-07,0.6261473851197543,1
TCGA-AC-A3TM-01A-11R-A22K-07,0.533102263353118,1
TCGA-KK-A6E3-01A-21R-A30B-07,0.5290364725100535,1
TCGA-25-2398-01A-01R-1569-13,0.7607824108925998,1
TCGA-25-1631-01A-01R-1569-13,0.7308906907117441,1
TCGA-B0-4710-01A-01R-1503-07,0.5570844785191599,0
TCGA-BD-A2L6-01A-11R-A213-07,0.49362694373764315,0
TCGA-85-8664-01A-11R-2403-07,0.7321349295593693,1
TCGA-59-2352-01A-01R-1569-13,0.7036700291944348,1
TCGA-97-8179-01A-11R-2287-07,0.5590825418029293,0
TCGA-CW-5590-01A-01R-1541-07,0.5798954510120461,0
TCGA-24-1424-01A-01R-1565-13,0.6986067995087757,0
TCGA-GM-A3XL-01A-11R-A22U-07,0.5077374919604409,1
TCGA-D8-A1JA-01A-11R-A13Q-07,0.4033064082233999,1
TCGA-EB-A85J-01A-12R-A352-07,0.6359873442777197,1
TCGA-HV-A7OL-01A-11R-A33R-07,0.4627934348066403,0
TCGA-55-8087-01A-11R-2241-07,0.5419711479674088,1
TCGA-55-6978-01A-11R-1949-07,0.6002950552719156,0
TCGA-BP-4332-01A-01R-1289-07,0.5568693399198502,1
TCGA-57-1586-01A-02R-1567-13,0.8414348352686719,0
TCGA-5P-A9JV-01A-12R-A42S-07,0.5827717352266281,0
TCGA-A2-A1G0-01A-11R-A13Q-07,0.5477221801530218,0
TCGA-BP-4985-01A-01R-1334-07,0.5850483291883101,1
TCGA-US-A774-01A-21R-A32O-07,0.5886221051531904,0
TCGA-V7-A7HQ-01A-11R-A33J-07,0.39448539728097076,1
TCGA-B0-4817-01A-01R-1277-07,0.6277537398954496,1
TCGA-61-1738-01A-01R-1567-13,0.03394441506238159,1
TCGA-A6-2681-01A-01R-1410-07,0.06706879953915189,1
TCGA-22-4609-01A-21R-2125-07,0.6633041696957783,0
TCGA-HC-A6AN-01A-11R-A30B-07,0.45430711839731225,1
TCGA-AN-A0AM-01A-11R-A034-07,0.6256115448307307,1
TCGA-B2-5636-01A-02R-1541-07,0.5496494084802922,0
TCGA-59-2348-01A-01R-1569-13,0.6857358162294604,0
TCGA-EJ-5531-01A-01R-1580-07,0.5924462720312307,0
TCGA-D8-A4Z1-01A-21R-A266-07,0.6099383735683234,0
TCGA-BH-A0BV-01A-11R-A00Z-07,0.5476429489105514,1
TCGA-DD-AAEA-01A-11R-A41C-07,0.43547262782282475,1
TCGA-49-6761-01A-31R-1949-07,0.5085070514948995,1
TCGA-95-7043-01A-11R-1949-07,0.4949432776952391,1
TCGA-AD-6890-01A-11R-1928-07,0.8651127304558025,1
TCGA-97-8547-01A-11R-2403-07,0.5840124730711835,1
TCGA-XP-A8T6-01A-11R-A36D-31,0.036360142691512075,1
TCGA-70-6722-01A-11R-1820-07,0.5949179085500489,1
TCGA-DD-AAVY-01A-11R-A41C-07,0.34351967221671653,0
TCGA-A2-A3XS-01A-11R-A22U-07,0.6046072247656279,1
TCGA-A2-A0YL-01A-21R-A109-07,0.5904402834735207,1
TCGA-3A-A9IS-01A-21R-A39D-07,0.32429742999203587,1
TCGA-73-4666-01A-01R-1206-07,0.47449552341641427,1
TCGA-24-1467-01A-01R-1566-13,0.8312130965885133,0
TCGA-85-7699-01A-11R-2125-07,0.6177179708827157,1
TCGA-A8-A07B-01A-11R-A00Z-07,0.492295009169644,0
TCGA-AA-A01P-01A-21R-A083-07,0.10940528678204083,1
TCGA-AC-A62X-01A-11R-A29R-07,0.4726569940539795,1
TCGA-A2-A0YH-01A-11R-A109-07,0.5529898278053829,1
TCGA-D8-A1XS-01A-11R-A14M-07,0.5138998751974797,1
TCGA-BH-A0E2-01A-11R-A056-07,0.5925773962712219,1
TCGA-13-0888-01A-01R-1564-13,0.0323053178100425,1
TCGA-IG-A4QS-01A-11R-A260-31,0.83787708941784,1
TCGA-A6-2680-01A-01R-1410-07,0.06448826488214557,0
TCGA-A4-7997-01A-11R-2204-07,0.5456894587644117,1
TCGA-93-A4JO-01A-21R-A24X-07,0.5723894144553014,1
TCGA-KV-A74V-01A-11R-A33Z-07,0.4903409980118607,1
TCGA-G4-6588-01A-11R-1774-07,0.8726348317580284,1
TCGA-J4-A83L-01A-11R-A352-07,0.5495172543717765,1
TCGA-5T-A9QA-01A-11R-A41B-07,0.4917625487731344,0
TCGA-49-6744-01A-11R-1858-07,0.5906516098097133,1
TCGA-CK-4948-01B-11R-1653-07,0.8951293990613404,1
TCGA-77-7142-01A-11R-2045-07,0.542279220659692,1
TCGA-ZG-A9M4-01A-11R-A41O-07,0.5579472753612519,1
TCGA-44-A479-01A-31R-A24H-07,0.5858541076364625,1
TCGA-AA-3511-01A-21R-1839-07,0.8894999777759115,1
TCGA-66-2758-01A-02R-0851-07,0.6214055082537294,1
TCGA-24-2290-01A-01R-1568-13,0.6876869278376676,1
TCGA-75-5125-01A-01R-1755-07,0.5551593621345828,1
TCGA-L9-A7SV-01A-11R-A39D-07,0.4758806588470101,1
TCGA-VP-A87K-01A-11R-A352-07,0.5568742889952358,1
TCGA-A6-A565-01A-31R-A28H-07,0.8869613972884975,1
TCGA-04-1364-01A-01R-1565-13,0.7473606749390228,1
TCGA-04-1350-01A-01R-1565-13,0.03048836969999817,1
TCGA-22-5471-01A-01R-1635-07,0.6019833537326191,1
TCGA-EB-A430-01A-11R-A24X-07,0.5560221251933729,0
TCGA-ZG-A9ND-01A-11R-A41O-07,0.5681234559748292,1
TCGA-23-1119-01A-02R-1565-13,0.038266638181251526,1
TCGA-CJ-4642-01B-01R-1305-07,0.5625638857109098,1
TCGA-24-1413-01A-01R-1565-13,0.7572949888168609,1
TCGA-A8-A08A-01A-11R-A32Y-07,0.8339005838016607,1
TCGA-04-1519-01A-01R-1565-13,0.7918768206469651,1
TCGA-B6-A0RT-01A-21R-A084-07,0.6104120291289942,1
TCGA-AC-A5XS-01A-11R-A29R-07,0.5883576592761006,1
TCGA-HC-8257-01A-11R-2263-07,0.5759387378391471,1
TCGA-CJ-4881-01A-01R-1305-07,0.04211333599128559,0
TCGA-DD-AACY-01A-11R-A41C-07,0.4999609668042895,0
TCGA-CK-5915-01A-11R-1653-07,0.7928773555552245,1
TCGA-2Y-A9GZ-01A-11R-A39D-07,0.44721844047029446,1
TCGA-2H-A9GI-01A-11R-A37I-31,0.865540496767631,1
TCGA-B6-A0IP-01A-11R-A034-07,0.5786911628616982,1
TCGA-AA-3811-01A-01R-1022-07,0.0863924354697242,1
TCGA-55-8208-01A-11R-2241-07,0.5864562081090097,1
TCGA-V9-A7HT-01A-11R-A33Z-07,0.6000376413872318,0
TCGA-C8-A12M-01A-11R-A115-07,0.4482813867055481,1
TCGA-BQ-5886-01A-11R-1592-07,0.4626511950723268,0
TCGA-GI-A2C9-01A-11R-A21T-07,0.6004003922126998,0
TCGA-G7-7502-01A-11R-2204-07,0.5983595029364392,1
TCGA-2Z-A9JM-01A-12R-A42S-07,0.6164305891743672,1
TCGA-85-A4PA-01A-11R-A24Z-07,0.4157084510875381,0
TCGA-C8-A12V-01A-11R-A115-07,0.6329704846069699,0
TCGA-HC-7745-01A-11R-2118-07,0.5630364825890978,1
TCGA-AC-A6IW-01A-12R-A33J-07,0.5093999297771903,1
TCGA-B0-5085-01A-01R-1334-07,0.4929992691823701,1
TCGA-AR-A1AU-01A-11R-A12P-07,0.6063932316335237,0
TCGA-B8-5546-01A-01R-1541-07,0.45517898912061955,1
TCGA-77-7141-01A-11R-2045-07,0.6414828304659812,1
TCGA-AA-3534-01A-01R-0821-07,0.0924600617233442,1
TCGA-AA-3524-01A-02R-0821-07,0.05668389533483557,1
TCGA-24-2280-01A-01R-1568-13,0.04783842757157987,1
TCGA-IB-7897-01A-21R-2204-07,0.4994288622179296,0
TCGA-95-7039-01A-11R-1949-07,0.5659547311783181,0
TCGA-CJ-5680-01A-11R-1541-07,0.6217252345075771,1
TCGA-AR-A1AN-01A-11R-A12P-07,0.6006719104028468,1
TCGA-LL-A6FP-01A-11R-A31O-07,0.4130335386320025,1
TCGA-30-1714-01A-02R-1567-13,0.6227647936547177,0
TCGA-E2-A15L-01A-11R-A12D-07,0.5563954086019145,1
TCGA-23-2077-01A-01R-1568-13,0.038787994619084935,1
TCGA-EJ-7123-01A-11R-1965-07,0.5374186311332916,1
TCGA-DD-AACI-01A-11R-A41C-07,0.4171928553315301,1
TCGA-A6-3808-01A-01R-1022-07,0.10079519160700079,0
TCGA-AA-3837-01A-01R-0905-07,0.07432813577754017,1
TCGA-95-7944-01A-11R-2187-07,0.5453574345877054,0
TCGA-A3-3320-01A-02R-1325-07,0.438469588984159,1
TCGA-MM-A563-01A-11R-A266-07,0.6093085434713589,0
TCGA-77-8008-01A-21R-2187-07,0.5641516876147104,1
TCGA-G9-7519-01A-11R-2263-07,0.5038792786772827,1
TCGA-BF-A5EP-01A-12R-A27Q-07,0.8070433201731636,1
TCGA-B0-5694-01A-11R-1541-07,0.5820913527730502,1
TCGA-E9-A1R7-01A-11R-A14M-07,0.4192750035753919,1
TCGA-G3-A7M5-01A-11R-A33R-07,0.7118815416936077,1
TCGA-A2-A0SV-01A-11R-A084-07,0.6055312047150632,1
TCGA-DW-7838-01A-11R-2139-07,0.5561854849183999,1
TCGA-AN-A04C-01A-21R-A034-07,0.5000585497934171,1
TCGA-77-6842-01A-11R-1949-07,0.5635831362514976,1
TCGA-B0-4688-01A-01R-1277-07,0.5790233989960726,1
TCGA-A2-A0YM-01A-11R-A109-07,0.5278191009390288,1
TCGA-JY-A6F8-01A-11R-A336-31,0.5306699379430682,1
TCGA-F4-6808-01A-11R-1839-07,0.8610301663378713,1
TCGA-AC-A2BM-01A-11R-A21T-07,0.4954274802952921,1
TCGA-34-5236-01A-21R-1820-07,0.5453778322866984,1
TCGA-AZ-6598-01A-11R-1774-07,0.8899783596530987,1
TCGA-D8-A1X7-01A-11R-A14M-07,0.49418508257197485,1
TCGA-AN-A0FY-01A-11R-A034-07,0.5213578229917444,1
TCGA-AO-A03R-01A-21R-A034-07,0.5687675531506412,1
TCGA-CJ-4920-01A-01R-1426-07,0.563061455967468,1
TCGA-LL-A442-01A-11R-A24H-07,0.46217252004043197,1
TCGA-V1-A9OY-01A-11R-A41O-07,0.6645973641852123,1
TCGA-DD-AAVZ-01A-11R-A41C-07,0.543698502033514,1
TCGA-UZ-A9PL-01A-11R-A38C-07,0.5033488645172722,0
TCGA-CJ-4638-01A-02R-1325-07,0.5489018033304816,1
TCGA-25-2401-01A-01R-1569-13,0.8789196519312344,1
TCGA-BP-4765-01A-01R-1289-07,0.5377375293673332,1
TCGA-AN-A0FS-01A-11R-A034-07,0.592368994489368,1
TCGA-B8-5162-01A-01R-1420-07,0.5778334109804841,0
TCGA-EV-5901-01A-11R-1592-07,0.6097647776770293,1
TCGA-2Y-A9H0-01A-11R-A38B-07,0.6447930974790066,1
TCGA-B4-5836-01A-11R-1672-07,0.5487873962662853,1
TCGA-G9-6338-01A-12R-1965-07,0.5096890333842957,1
TCGA-HZ-A9TJ-01A-11R-A41I-07,0.5543129688602636,1
TCGA-D8-A1XT-01A-11R-A14M-07,0.5690040532367006,0
TCGA-E9-A1N6-01A-11R-A144-07,0.6212111814964599,0
TCGA-E2-A1IK-01A-11R-A144-07,0.6708336428874193,1
TCGA-CJ-5683-01A-11R-1541-07,0.5846710350235647,1
TCGA-KK-A8IF-01A-11R-A36G-07,0.5127581716669061,1
TCGA-QG-A5Z2-01A-11R-A28H-07,0.8676270871270677,1
TCGA-A1-A0SO-01A-22R-A084-07,0.37297012677497043,0
TCGA-E2-A154-01A-11R-A115-07,0.581962936015344,1
TCGA-J9-A8CM-01A-11R-A352-07,0.6662699038318198,1
TCGA-AN-A0FV-01A-11R-A00Z-07,0.5414390410613229,1
TCGA-CM-6679-01A-11R-1839-07,0.9005688230478526,1
TCGA-77-8153-01A-11R-2403-07,0.5117035738745553,1
TCGA-BH-A0BJ-01A-11R-A056-07,0.6073779689073424,1
TCGA-AN-A0AL-01A-11R-A00Z-07,0.610685964940405,1
TCGA-24-1928-01A-01R-1567-13,0.7254167269909622,1
TCGA-IB-7890-01A-12R-2204-07,0.6174174646807542,0
TCGA-E2-A15R-01A-11R-A115-07,0.5098497199848228,1
TCGA-BH-A0DT-01A-21R-A12D-07,0.5737053299742277,0
TCGA-Q3-A5QY-01A-12R-A32O-07,0.5273438526851185,0
TCGA-NJ-A4YI-01A-11R-A262-07,0.5273687851266615,1
TCGA-ZG-A9N3-01A-11R-A41O-07,0.5586997044412922,1
TCGA-2Z-A9JO-01A-11R-A42S-07,0.5669701441559948,1
TCGA-25-1626-01A-01R-1566-13,0.7602451821093097,1
TCGA-CC-5262-01A-01R-A131-07,0.6959045365616627,0
TCGA-57-1582-01A-01R-1566-13,0.6673295703661577,0
TCGA-WJ-A86L-01A-12R-A39D-07,0.6434830069381348,0
TCGA-GL-6846-01A-11R-1965-07,0.5792146861860363,1
TCGA-E9-A54X-01A-11R-A266-07,0.5630266577352729,1
TCGA-55-1594-01A-01R-0946-07,0.5153320820628112,0
TCGA-AA-3864-01A-01R-1022-07,0.08158721816111397,1
TCGA-49-6742-01A-11R-1858-07,0.5930334255009158,1
TCGA-H6-8124-01A-11R-2404-07,0.580130319563303,1
TCGA-HC-7820-01A-11R-2118-07,0.5271292976799602,1
TCGA-AY-A8YK-01A-11R-A41B-07,0.8643399596110918,0
TCGA-34-8454-01A-11R-2326-07,0.6197517657699774,1
TCGA-A6-A56B-01A-31R-A28H-07,0.8597773518674009,0
TCGA-AR-A0U2-01A-11R-A109-07,0.4391971952045831,1
TCGA-BC-A112-01A-11R-A131-07,0.7494795353594892,1
TCGA-IB-7646-01A-11R-2156-07,0.47009489181055036,1
TCGA-V1-A9ZG-01A-11R-A41O-07,0.6051838141432594,1
TCGA-86-7953-01A-11R-2187-07,0.5605837517619261,1
TCGA-CZ-5451-01A-01R-1503-07,0.503663103461155,1
TCGA-A6-6138-01A-11R-1774-07,0.8650130000856693,0
TCGA-GL-7966-01A-11R-2204-07,0.6201532062513249,1
TCGA-BP-4982-01A-01R-1334-07,0.6131469769690541,1
TCGA-B4-5835-01A-11R-1672-07,0.541600572866554,1
TCGA-E9-A1NE-01A-21R-A14M-07,0.6069741005395628,1
TCGA-MH-A856-01A-11R-A355-07,0.5745907126684998,1
TCGA-EB-A299-01A-21R-A18U-07,0.7011311574769079,0
TCGA-V1-A8MF-01A-11R-A36G-07,0.5755755751316135,1
TCGA-G9-6361-01A-21R-1965-07,0.527317598851445,1
TCGA-L5-A8NH-01A-11R-A37I-31,0.6685257236062807,0
TCGA-LN-A49P-01A-11R-A24K-31,0.6910117326461069,1
TCGA-E2-A14V-01A-11R-A12D-07,0.5416787771837369,1
TCGA-49-AAR4-01A-12R-A41B-07,0.5770582554970435,1
TCGA-IB-7885-01A-11R-2156-07,0.5694288212098003,0
TCGA-D8-A1XQ-01A-11R-A14M-07,0.5542634348836515,1
TCGA-AA-3872-01A-01R-1022-07,0.09459970201675927,0
TCGA-85-8070-01A-11R-2247-07,0.4756517520347398,1
TCGA-HI-7169-01A-11R-2118-07,0.48243914103045876,1
TCGA-HC-8213-01A-11R-A29R-07,0.45556835865558704,0
TCGA-CH-5754-01A-11R-1580-07,0.6072538816374915,1
TCGA-2A-A8W1-01A-11R-A37L-07,0.43830876124169416,1
TCGA-AA-3527-01A-01R-0821-07,0.03957882242276824,1
TCGA-G7-6797-01A-11R-1965-07,0.45538926799339385,1
TCGA-05-4403-01A-01R-1206-07,0.5409730866004625,1
TCGA-EW-A1IW-01A-11R-A13Q-07,0.5928086265491329,1
TCGA-ZG-A9L0-01A-11R-A41O-07,0.6730456311252798,1
TCGA-56-8624-01A-11R-2403-07,0.59140242704593,1
TCGA-D8-A1J8-01A-11R-A13Q-07,0.4701433630076829,1
TCGA-JY-A6FH-01A-11R-A336-31,0.6704531910255429,1
TCGA-09-0366-01A-01R-1564-13,0.040134881549921037,1
TCGA-A7-A6VV-01A-22R-A33J-07,0.5794748988264827,1
TCGA-L5-A4OG-01A-11R-A260-31,0.7157274322989249,1
TCGA-EJ-A65G-01A-21R-A29R-07,0.5489492940729037,1
TCGA-T9-A92H-01A-11R-A37K-07,0.9444633645642821,1
TCGA-AA-3685-01A-02R-A32Z-07,0.8625474763784285,1
TCGA-BP-4993-01A-02R-1420-07,0.572115554647295,1
TCGA-B0-5690-01A-11R-1541-07,0.5335985646196213,1
TCGA-G3-AAV6-01A-21R-A37K-07,0.5445412571739232,1
TCGA-13-1505-01A-01R-1565-13,0.7244847791444373,1
TCGA-LD-A9QF-01A-32R-A41B-07,0.5926868283333953,1
TCGA-AA-3710-01A-01R-1022-07,0.09204918739281373,1
TCGA-85-7950-01A-11R-2187-07,0.58829061110551,1
TCGA-A8-A07L-01A-11R-A00Z-07,0.506340733779862,1
TCGA-55-A492-01A-11R-A24H-07,0.48642640528661996,0
TCGA-AZ-5403-01A-01R-1653-07,0.875188949555293,1
TCGA-69-7765-01A-11R-2170-07,0.531915461542526,1
TCGA-IB-8127-01A-11R-2404-07,0.5611567664472286,1
TCGA-E2-A1IJ-01A-11R-A144-07,0.6240425143058,0
TCGA-YL-A9WK-01A-11R-A37L-07,0.6005327656231397,1
TCGA-A8-A09D-01A-11R-A00Z-07,0.5759300501055051,1
TCGA-DD-AADA-01A-11R-A41C-07,0.5447823430362154,1
TCGA-CH-5763-01A-11R-1580-07,0.5659781459911798,1
TCGA-CZ-4865-01A-02R-1503-07,0.6582771140142183,1
TCGA-BC-A10Z-01A-11R-A131-07,0.5003098561801753,1
TCGA-EB-A44P-01A-11R-A266-07,0.8472533877956254,0
TCGA-CC-A3MA-01A-11R-A213-07,0.788384984091069,1
TCGA-AA-3673-01A-01R-0905-07,0.9576741522844853,1
TCGA-CZ-5982-01A-11R-1672-07,0.5082661797870522,1
TCGA-56-7223-01A-11R-2045-07,0.45679345976784747,1
TCGA-EB-A41A-01A-11R-A24X-07,0.4603086041734501,0
TCGA-IB-AAUS-01A-12R-A38C-07,0.5395722705968019,0
TCGA-B0-4828-01A-01R-1277-07,0.5632676854413746,1
TCGA-92-8065-01A-11R-2247-07,0.5773852345946234,1
TCGA-98-A53H-01A-12R-A262-07,0.6149803748765279,1
TCGA-05-4397-01A-01R-1206-07,0.5375512152154414,1
TCGA-HC-A6AO-01A-11R-A30B-07,0.4695394131754924,1
TCGA-E2-A108-01A-13R-A10J-07,0.60490109640459,1
TCGA-23-1107-01A-01R-1564-13,0.6093923587875889,1
TCGA-IA-A40X-01A-11R-A24Z-07,0.49929768970675587,1
TCGA-B4-5838-01A-11R-1672-07,0.4705778076594068,1
TCGA-24-1603-01A-01R-1566-13,0.7202107070795221,0
TCGA-R6-A6L4-01A-11R-A31P-31,0.6798060048948421,1
TCGA-B6-A0IE-01A-11R-A034-07,0.5118270138911613,1
TCGA-04-1517-01A-01R-1565-13,0.04315533037474918,1
TCGA-LA-A446-01A-21R-A24Z-07,0.5344531877838871,0
TCGA-C8-A1HF-01A-11R-A137-07,0.6559831883770428,1
TCGA-MP-A4TH-01A-31R-A262-07,0.5688648686207631,1
TCGA-AA-3848-01A-01R-0905-07,0.0444780176296022,0
TCGA-KV-A6GE-01A-11R-A31O-07,0.509614376132359,1
TCGA-CC-A5UC-01A-11R-A28V-07,0.6028468555984003,1
TCGA-96-7544-01A-11R-2045-07,0.47810269689283474,0
TCGA-B6-A0X1-01A-11R-A109-07,0.5862350821038536,1
TCGA-AA-3553-01A-01R-0821-07,0.07359139792106438,0
TCGA-HC-7818-01A-11R-2118-07,0.5970189123869971,1
TCGA-DD-AADL-01A-11R-A41C-07,0.5060829024244082,1
TCGA-78-7542-01A-21R-2066-07,0.48930091885589744,1
TCGA-E2-A1B5-01A-21R-A12P-07,0.5760297570639767,1
TCGA-A6-2684-01A-01R-1410-07,0.06927896097939204,1
TCGA-BH-A1FD-01A-11R-A13Q-07,0.5568280886918725,1
TCGA-G9-6496-01A-11R-1789-07,0.5015553720452249,1
TCGA-EJ-8468-01A-21R-2403-07,0.5522495369083857,1
TCGA-AR-A1AS-01A-11R-A12P-07,0.5212270958835828,0
TCGA-86-8674-01A-21R-2403-07,0.56609908488517,1
TCGA-DD-A4NS-01A-11R-A311-07,0.7421871072975252,1
TCGA-BP-5170-01A-01R-1426-07,0.5369568358374557,1
TCGA-A8-A06P-01A-11R-A00Z-07,0.6190848192095297,1
TCGA-B0-4697-01A-01R-1277-07,0.5099999907721984,1
TCGA-33-6737-01A-11R-1820-07,0.6055210255452249,1
TCGA-85-A512-01A-11R-A26W-07,0.5434818992958146,1
TCGA-55-8511-01A-11R-2403-07,0.6151207580257056,1
TCGA-VP-A878-01A-31R-A352-07,0.6031805183086673,0
TCGA-BH-A0DZ-01A-11R-A00Z-07,0.5373820886243507,1
TCGA-D5-6931-01A-11R-1928-07,0.9025431363655356,0
TCGA-50-5044-01A-21R-1858-07,0.5005425085890345,0
TCGA-A2-A4RY-01A-31R-A266-07,0.6239160459420139,1
TCGA-EJ-7331-01A-11R-2118-07,0.5860327168704352,1
TCGA-CZ-4864-01A-01R-1503-07,0.5188135241614529,1
TCGA-4A-A93W-01A-11R-A37K-07,0.8209614819226284,1
TCGA-AA-3655-01A-02R-1723-07,0.8950477660603456,0
TCGA-CM-6678-01A-11R-1839-07,0.8756107467500689,1
TCGA-AA-A02J-01A-01R-A00A-07,0.05284693256393402,1
TCGA-DD-AAVR-01A-11R-A41C-07,0.5753282826957171,0
TCGA-23-1123-01A-01R-1565-13,0.6884494837669832,1
TCGA-L5-A43H-01A-11R-A24K-31,0.6983081039328347,1
TCGA-EJ-7791-01A-11R-2118-07,0.5966100600415583,1
TCGA-B6-A0RO-01A-22R-A084-07,0.5243982791748372,0
TCGA-96-8169-01A-11R-2296-07,0.571254421984459,1
TCGA-E2-A10E-01A-21R-A10J-07,0.5639588663861493,1
TCGA-EJ-5518-01A-01R-1580-07,0.600617625614895,1
TCGA-5P-A9K0-01A-11R-A42S-07,0.567125618857736,1
TCGA-AO-A0JM-01A-21R-A056-07,0.6615941052055209,1
TCGA-56-6545-01A-11R-1820-07,0.5658472065362292,1
TCGA-CJ-4643-01A-02R-1325-07,0.529821797743281,0
TCGA-DZ-6135-01A-11R-1965-07,0.6047717091442386,0
TCGA-QU-A6IN-01A-11R-A31N-07,0.6230813086447148,1
TCGA-EW-A1P6-01A-11R-A144-07,0.568900380073087,1
TCGA-BH-A0E6-01A-11R-A034-07,0.5507006862393232,1
TCGA-04-1347-01A-01R-1564-13,0.024575474930134115,0
TCGA-NH-A6GB-01A-11R-A37K-07,0.8518608125703606,1
TCGA-50-5072-01A-21R-1858-07,0.5833598937496196,1
TCGA-O2-A52Q-01A-11R-A26W-07,0.5468135553076156,1
TCGA-AC-A23C-01A-12R-A169-07,0.5196572079616542,1
TCGA-TP-A8TV-01A-11R-A41O-07,0.4444604682236077,0
TCGA-63-A5MN-01A-22R-A27Q-07,0.557300754166983,0
TCGA-OL-A5D6-01A-21R-A27Q-07,0.581625646756868,1
TCGA-55-8097-01A-11R-2241-07,0.5689585041637986,0
TCGA-EW-A1OX-01A-11R-A144-07,0.48463862256949675,1
TCGA-13-0804-01A-01R-1564-13,0.03126629807477918,1
TCGA-A2-A25D-01A-12R-A16F-07,0.6411249395051135,1
TCGA-24-1549-01A-01R-1566-13,0.8291180178139631,1
TCGA-XK-AAJR-01A-11R-A41O-07,0.5751191766248956,1
TCGA-CW-5588-01A-01R-1541-07,0.5817054455363457,1
TCGA-SX-A71V-01A-11R-A33Z-07,0.8078320257310705,1
TCGA-BQ-7049-01A-11R-1965-07,0.6046046732985918,1
TCGA-BQ-5876-01A-11R-1592-07,0.412511277130247,0
TCGA-B6-A0IJ-01A-11R-A034-07,0.5563593927247992,1
TCGA-55-A491-01A-11R-A24H-07,0.5756883495560009,1
TCGA-E2-A1L9-01A-11R-A13Q-07,0.5757192758277734,1
TCGA-44-8117-01A-11R-2241-07,0.6149887228064935,1
TCGA-JY-A93D-01A-11R-A38D-31,0.6612777906783817,1
TCGA-AO-A0J3-01A-11R-A034-07,0.40182111394964926,0
TCGA-A3-A8OU-01A-11R-A37O-07,0.6338725341759,0
TCGA-63-A5M9-01A-11R-A26W-07,0.5117960301142739,1
TCGA-86-8585-01A-11R-2403-07,0.5948613339769269,0
TCGA-13-0762-01A-01R-1564-13,0.027742768769180238,1
TCGA-KK-A7B4-01A-11R-A32O-07,0.5253063103486538,0
TCGA-MP-A4SV-01A-11R-A24X-07,0.5990288888894197,0
TCGA-LD-A7W5-01A-22R-A352-07,0.5855920665035178,0
TCGA-IZ-A6M8-01A-11R-A31O-07,0.522238406800705,0
TCGA-CW-5585-01A-01R-1541-07,0.48020713716673763,1
TCGA-BH-A0B2-01A-11R-A10J-07,0.6255522250865535,1
TCGA-AC-A2FK-01A-12R-A180-07,0.5780146161057338,1
TCGA-ER-A19K-01A-21R-A18T-07,0.6473308598369419,0
TCGA-DD-A4NR-01A-11R-A311-07,0.6996784806539716,0
TCGA-D8-A27T-01A-11R-A16F-07,0.5941350094877499,1
TCGA-96-7545-01A-21R-2045-07,0.6067083147445951,1
TCGA-21-1081-01A-01R-0692-07,0.7559157635103912,1
TCGA-AR-A2LL-01A-11R-A180-07,0.5322989008223128,1
TCGA-J4-A83M-01A-11R-A352-07,0.5250755024701477,1
TCGA-DD-AADF-01A-11R-A41C-07,0.2759708209688617,1
TCGA-B4-5377-01A-01R-1503-07,0.6267767827122682,1
TCGA-B8-5158-01A-01R-1420-07,0.5487610598822458,1
TCGA-25-1326-01A-01R-1565-13,0.0497430057029071,1
TCGA-DD-A1EB-01A-11R-A131-07,0.5882808588488945,1
TCGA-63-A5MJ-01A-11R-A27Q-07,0.5725963041262373,1
TCGA-B9-4115-01A-01R-1193-07,0.5675768481947552,1
TCGA-B8-4619-01A-02R-1325-07,0.5031746781746878,1
TCGA-AA-3554-01A-01R-0826-07,0.08984545920232556,0
TCGA-2Y-A9H3-01A-11R-A38B-07,0.4655688040340784,1
TCGA-55-7728-01A-11R-2187-07,0.5281173799982464,1
TCGA-BP-5181-01A-01R-1426-07,0.6009716704314122,1
TCGA-DM-A1D8-01A-11R-A155-07,0.9384950904772897,1
TCGA-SX-A71S-01A-11R-A33Z-07,0.6353995299278957,1
TCGA-D8-A1XF-01A-11R-A14D-07,0.3350866405935161,1
TCGA-24-1474-01A-01R-1566-13,0.6838437614540543,1
TCGA-KC-A4BN-01A-61R-A250-07,0.5316770212536925,1
TCGA-A3-3328-01A-01R-0864-07,0.345399928364928,0
TCGA-HN-A2OB-01A-21R-A27Q-07,0.6182493840420451,1
TCGA-29-1698-01A-01R-1567-13,0.7546649552894311,0
TCGA-20-1686-01A-01R-1566-13,0.6467815135536147,1
TCGA-50-5939-01A-11R-1628-07,0.559357427743335,1
TCGA-A7-A3J1-01A-11R-A213-07,0.6185051415566649,1
TCGA-36-1570-01A-01R-1566-13,0.7007546613321913,1
TCGA-AA-3521-01A-01R-0821-07,0.08561848685363574,1
TCGA-FC-7708-01A-11R-2118-07,0.5873842771239353,0
TCGA-VG-A8LO-01A-11R-A406-31,0.6936822040801662,1
TCGA-NK-A5CX-01A-11R-A26W-07,0.6060289497309554,1
TCGA-OL-A97C-01A-32R-A41B-07,0.6560831946139659,1
TCGA-E2-A158-01A-11R-A12D-07,0.5203649559155697,1
TCGA-HC-8256-01A-11R-2263-07,0.49939058168575295,1
TCGA-A7-A0CE-01A-11R-A00Z-07,0.5285893764254936,1
TCGA-AR-A1AL-01A-21R-A12P-07,0.5985116626996014,1
TCGA-E2-A3DX-01A-21R-A213-07,0.57730099995501,1
TCGA-A2-A3XT-01A-11R-A22U-07,0.5867077556045938,0
TCGA-50-8457-01A-11R-2326-07,0.5654334037927709,1
TCGA-LL-A6FQ-01A-11R-A31O-07,0.32961696338013086,1
TCGA-2H-A9GK-01A-11R-A37I-31,0.6870735665576496,1
TCGA-G3-A5SM-01A-12R-A28V-07,0.5983630769256453,1
TCGA-AR-A1AX-01A-11R-A12P-07,0.5780071151278285,1
TCGA-A2-A4S3-01A-21R-A266-07,0.5510680646272421,1
TCGA-21-A5DI-01A-31R-A26W-07,0.5148296492049846,1
TCGA-24-0966-01A-01R-1564-13,0.023978939178548986,0
TCGA-BH-A0H7-01A-13R-A056-07,0.595719429968885,1
TCGA-97-7554-01A-11R-2039-07,0.5620180291498598,1
TCGA-IB-7886-01A-11R-2156-07,0.5551781431118828,1
TCGA-61-1728-01A-01R-1568-13,0.7523643151192538,1
TCGA-GM-A5PX-01A-12R-A28M-07,0.5819836911473989,1
TCGA-EJ-5494-01A-01R-1580-07,0.5643876320096486,1
TCGA-AZ-6605-01A-11R-1839-07,0.8930684993346222,1
TCGA-GL-A9DE-01A-11R-A37K-07,0.4531392139945709,0
TCGA-Y8-A895-01A-11R-A36F-07,0.5454511902420988,0
TCGA-55-8206-01A-11R-2241-07,0.5584994801422742,0
TCGA-85-8584-01A-11R-2403-07,0.5877370486541988,1
TCGA-AZ-4313-01A-01R-1410-07,0.04662616190808217,1
TCGA-EJ-AB20-01A-12R-A41O-07,0.4924338571978919,0
TCGA-43-8116-01A-11R-2247-07,0.5422113847072113,0
TCGA-97-7553-01A-21R-2039-07,0.565493480314136,1
TCGA-VP-A87B-01A-11R-A352-07,0.5796290429593437,1
TCGA-BH-A0BA-01A-11R-A056-07,0.6193821122800882,1
TCGA-A3-3349-01A-01R-1188-07,0.5364658744998957,0
TCGA-EW-A1OW-01A-21R-A144-07,0.5795641677256599,0
TCGA-L5-A8NW-01A-11R-A37I-31,0.608218406083558,1
TCGA-EJ-A65M-01A-11R-A29R-07,0.5535415758708274,1
TCGA-E2-A15P-01A-11R-A115-07,0.5409331005163325,1
TCGA-A8-A09G-01A-21R-A00Z-07,0.5088080696325179,1
TCGA-MN-A4N5-01A-11R-A24X-07,0.5843765283790275,0
TCGA-A2-A0YG-01A-21R-A109-07,0.5138254975544572,1
TCGA-BH-A1EY-01A-11R-A13Q-07,0.5790762652699404,1
TCGA-CC-A9FU-01A-11R-A37K-07,0.5285979519806064,1
TCGA-A3-3335-01A-01R-0864-07,0.5887799873343108,1
TCGA-78-7154-01A-11R-2039-07,0.5599530785902028,1
TCGA-69-8255-01A-11R-2287-07,0.48890265085226225,1
TCGA-EJ-5502-01A-01R-1580-07,0.5975417787776826,0
TCGA-AO-A03P-01A-11R-A00Z-07,0.5097907258352028,1
TCGA-22-5478-01A-01R-1635-07,0.5771409218743987,1
TCGA-AA-3858-01A-01R-0905-07,0.06188128585446596,0
TCGA-HZ-8317-01A-11R-2404-07,0.5826613610684749,1
TCGA-AQ-A1H2-01A-11R-A13Q-07,0.4980433751829628,1
TCGA-LN-A49R-01A-11R-A24K-31,0.8409069055831956,1
TCGA-24-1464-01A-01R-1566-13,0.8387976140985205,1
TCGA-G3-A5SL-01A-11R-A27V-07,0.40846605937997704,0
TCGA-VR-AA7B-01A-31R-A406-31,0.038786339584783155,1
TCGA-AC-A3QQ-01B-06R-A22O-07,0.36952506965125154,1
TCGA-AR-A24N-01A-11R-A169-07,0.48172518806589576,1
TCGA-D5-6531-01A-11R-1723-07,0.9517409304354131,1
TCGA-E9-A244-01A-11R-A169-07,0.5837238266950758,1
TCGA-B0-4852-01A-01R-1503-07,0.5438345674162155,1
TCGA-DD-AAW0-01A-11R-A41C-07,0.6054759991062552,1
TCGA-55-8506-01A-11R-2403-07,0.5162625689960125,1
TCGA-B9-5156-01A-01R-1592-07,0.6170095180492613,1
TCGA-D8-A27F-01A-11R-A16F-07,0.5868915396412253,1
TCGA-B4-5832-01A-11R-1672-07,0.18865902611701987,0
TCGA-CM-5341-01A-01R-1410-07,0.07836374675173291,1
TCGA-91-6831-01A-11R-1858-07,0.6358944964099382,0
TCGA-EJ-5526-01A-01R-1580-07,0.5577949848187508,1
TCGA-VP-A876-01A-11R-A352-07,0.4890089717014499,1
TCGA-E2-A576-01A-11R-A31O-07,0.4774955794339863,1
TCGA-J4-AATV-01A-11R-A41O-07,0.6572250393102469,0
TCGA-RC-A7SK-01A-11R-A352-07,0.5493847760566765,1
TCGA-BH-A1F2-01A-31R-A13Q-07,0.49419342970212576,0
TCGA-E2-A1BD-01A-11R-A12P-07,0.577321256738791,1
TCGA-B8-5551-01A-01R-1541-07,0.8218142172272732,0
TCGA-49-AAR2-01A-11R-A39D-07,0.516008232860592,0
TCGA-A1-A0SE-01A-11R-A084-07,0.6798255788141897,1
TCGA-D5-6534-01A-21R-1928-07,0.895803848610813,1
TCGA-A7-A426-01A-22R-A24H-07,0.6844325181352269,1
TCGA-56-8503-01A-11R-2403-07,0.585521321394121,1
TCGA-B1-A654-01A-11R-A31O-07,0.45044451367799193,1
TCGA-AA-A029-01A-01R-A00A-07,0.05473374996168626,1
TCGA-D8-A27K-01A-11R-A16F-07,0.6881513514330206,1
TCGA-BP-4991-01A-01R-1334-07,0.5350541983110593,1
TCGA-24-1428-01A-01R-1564-13,0.6444161838037796,1
TCGA-10-0928-01A-02R-1564-13,0.6584595714786081,1
TCGA-M7-A71Y-01A-22R-A32O-07,0.5659130212143626,1
TCGA-G4-6299-01A-11R-1774-07,0.8812032483799682,1
TCGA-AK-3453-01A-02R-1277-07,0.53830082811828,1
TCGA-E9-A247-01A-11R-A169-07,0.5993047659146137,1
TCGA-5P-A9K3-01A-11R-A42S-07,0.5670147406349327,1
TCGA-DD-A1EI-01A-11R-A131-07,0.6731172663199828,1
TCGA-B0-4823-01A-02R-1420-07,0.5801539771377522,1
TCGA-A2-A0CL-01A-11R-A115-07,0.6366002067924813,1
TCGA-VN-A88O-01A-11R-A352-07,0.5444877027214354,1
TCGA-A6-3810-01A-01R-1022-07,0.10392076918566993,1
TCGA-60-2724-01A-01R-0851-07,0.5308234487692565,1
TCGA-B3-3925-01A-02R-1351-07,0.5522060420288576,1
TCGA-G3-A7M8-01A-11R-A33R-07,0.5148829272555351,1
TCGA-AR-A5QP-01A-11R-A28M-07,0.6150945339271222,1
TCGA-CH-5767-01A-11R-1789-07,0.44903163238533333,1
TCGA-AR-A24S-01A-11R-A169-07,0.5670209796698228,0
TCGA-BH-A1FE-01A-11R-A13Q-07,0.5452922991537084,0
TCGA-EJ-7782-01A-11R-2118-07,0.5161794598426152,1
TCGA-55-8094-01A-11R-2241-07,0.4406147427434418,0
TCGA-77-8145-01A-11R-2247-07,0.6398888359461357,1
TCGA-AA-3851-01A-01R-1022-07,0.08221661398845724,1
TCGA-L5-A8NI-01A-11R-A37I-31,0.6997659550668455,1
TCGA-2J-AABP-01A-11R-A41B-07,0.49395251562141806,1
TCGA-AC-A3YJ-01A-11R-A22U-07,0.48323122303432137,1
TCGA-25-1877-01A-01R-1567-13,0.7816274119843881,1
TCGA-AR-A2LE-01A-11R-A180-07,0.5355688585801441,0
TCGA-B0-4847-01A-01R-1277-07,0.5476751681211125,1
TCGA-BH-A0E1-01A-11R-A056-07,0.6526206584400102,1
TCGA-21-5784-01A-01R-1635-07,0.6148811588773225,0
TCGA-KK-A7AQ-01A-11R-A33R-07,0.49432094846853014,1
TCGA-DD-AAE3-01A-11R-A41C-07,0.3713580216263244,1
TCGA-93-A4JQ-01A-11R-A24X-07,0.6233063537098337,1
TCGA-AC-A3TN-01A-11R-A22K-07,0.5540757473262043,1
TCGA-VR-A8Q7-01A-11R-A37I-31,0.6078932533405913,1
TCGA-HC-8259-01A-11R-2263-07,0.5061033903380443,1
TCGA-AO-A12A-01A-21R-A115-07,0.6058855860998379,0
TCGA-66-2742-01A-01R-0980-07,0.5645317290317077,1
TCGA-KC-A4BV-01A-31R-A26U-07,0.6615028922768104,1
TCGA-Y8-A8S0-01A-11R-A37K-07,0.5265528669065015,1
TCGA-YL-A8SF-01A-11R-A37L-07,0.5769506083028749,1
TCGA-24-1567-01A-01R-1566-13,0.8339130306778397,1
TCGA-BH-A0H6-01A-21R-A056-07,0.5832971145344287,0
TCGA-BP-5186-01A-01R-1426-07,0.5521606923095571,1
TCGA-B0-4699-01A-01R-1277-07,0.5680812631671482,1
TCGA-OY-A56Q-01A-11R-A406-31,0.7501703676854357,1
TCGA-B0-4836-01A-01R-1305-07,0.6276123068584898,1
TCGA-HZ-A49I-01A-12R-A26U-07,0.6195122993256972,1
TCGA-J7-8537-01A-11R-2404-07,0.5842965400976942,0
TCGA-SX-A7SS-01A-11R-A36F-07,0.5892638139015107,1
TCGA-CM-6161-01A-11R-1653-07,0.8533024476036832,1
TCGA-66-2753-01A-01R-0980-07,0.5716459046695854,1
TCGA-A3-3343-01A-01R-0864-07,0.5375555626908822,1
TCGA-24-1930-01A-01R-1567-13,0.874226577839806,1
TCGA-A2-A0T7-01A-21R-A084-07,0.5921673737502415,1
TCGA-75-6203-01A-11R-1755-07,0.5571187261585988,1
TCGA-CZ-5989-01A-11R-1672-07,0.24970556521881548,1
TCGA-DD-AAVP-01A-11R-A41C-07,0.5034888153989421,0
TCGA-MH-A562-01A-11R-A26U-07,0.5123980623389042,0
TCGA-AC-A2FE-01A-11R-A19W-07,0.6118057788800148,1
TCGA-ZG-A8QZ-01A-11R-A37L-07,0.656998751733492,1
TCGA-B8-A54J-01A-11R-A33J-07,0.6139909028254543,0
TCGA-CM-6675-01A-11R-1839-07,0.8633729924126209,0
TCGA-A2-A0D1-01A-11R-A034-07,0.4410029297796465,1
TCGA-UZ-A9PZ-01A-11R-A42S-07,0.5880386392314096,0
TCGA-LN-A9FR-01A-11R-A38D-31,0.8179982597243681,1
TCGA-CZ-5458-01A-01R-1503-07,0.6211428135221492,1
TCGA-IB-A5SQ-01A-11R-A32O-07,0.5729786383804083,1
TCGA-EB-A1NK-01A-11R-A18T-07,0.5509057664365338,1
TCGA-BF-A1PX-01A-12R-A18T-07,0.663456842489972,1
TCGA-MH-A855-01A-11R-A355-07,0.5340237255255381,1
TCGA-DZ-6131-01A-11R-1965-07,0.5433803130250541,1
TCGA-CJ-4875-01A-01R-1305-07,0.5414850391269008,1
TCGA-BP-4787-01A-01R-1305-07,0.637233055614049,1
TCGA-X4-A8KQ-01A-12R-A36G-07,0.5581301439376959,1
TCGA-CZ-4862-01A-01R-1305-07,0.6408018667286727,1
TCGA-E2-A14Y-01A-21R-A12D-07,0.4548376509948934,1
TCGA-B0-5100-01A-01R-1420-07,0.5788879795088269,0
TCGA-EB-A42Y-01A-12R-A24X-07,0.6647852212247228,1
TCGA-25-2399-01A-01R-1569-13,0.04505288942801561,1
TCGA-EB-A42Z-01A-12R-A24X-07,0.5154614930121821,1
TCGA-66-2755-01A-01R-0851-07,0.6076601614460547,1
TCGA-A6-2677-01B-02R-A277-07,0.7595970328741581,1
TCGA-25-2400-01A-01R-1569-13,0.6717952868103053,0
TCGA-O2-A52S-01A-11R-A262-07,0.5298784828298403,1
TCGA-09-2054-01A-01R-1568-13,0.8223685589241416,1
TCGA-BC-A10Y-01A-11R-A131-07,0.5102873249560238,1
TCGA-22-5481-01A-31R-1949-07,0.4816345847463236,1
TCGA-A2-A0D3-01A-11R-A115-07,0.6152424225712607,1
TCGA-55-8505-01A-11R-2403-07,0.5303324579961194,1
TCGA-CJ-4636-01A-02R-1325-07,0.6499871022608299,1
TCGA-13-0797-01A-01R-1564-13,0.025157371417962465,1
TCGA-AA-A03J-01A-21R-A16W-07,0.924929555463763,0
TCGA-VP-A872-01A-11R-A352-07,0.5857335860622223,1
TCGA-XR-A8TF-01A-11R-A36F-07,0.3660186407011094,1
TCGA-EP-A2KA-01A-11R-A180-07,0.5594933285048141,1
TCGA-25-1314-01A-01R-1565-13,0.7293527675410691,1
TCGA-64-5778-01A-01R-1628-07,0.5439957114768532,1
TCGA-04-1356-01A-01R-1569-13,0.8417632653747218,1
TCGA-46-3766-01A-01R-0980-07,0.6646982459419146,0
TCGA-78-7535-01A-11R-2066-07,0.49995437484806243,1
TCGA-HZ-7919-01A-11R-2156-07,0.5469692648750845,1
TCGA-DW-7841-01A-11R-A32Z-07,0.5894842252292847,1
TCGA-AA-3538-01A-01R-0821-07,0.08773575336298169,1
TCGA-ZG-A9L5-01A-12R-A41O-07,0.42747186119226127,0
TCGA-DD-A39Z-01A-11R-A213-07,0.33231643276048295,1
TCGA-GM-A3NY-01A-11R-A21T-07,0.5362547149234809,1
TCGA-S4-A8RO-01A-12R-A37L-07,0.552039575561777,1
TCGA-E2-A573-01A-11R-A29R-07,0.6184673750679548,1
TCGA-G3-A3CG-01A-11R-A213-07,0.5080425874536447,1
TCGA-PL-A8LZ-01A-31R-A36F-07,0.6021995552566437,1
TCGA-39-5011-01A-01R-1443-07,0.5901133468706259,1
TCGA-G3-AAV5-01A-11R-A37K-07,0.37720346947980016,1
TCGA-A3-3313-01A-02R-1325-07,0.5291679824890292,0
TCGA-UZ-A9PR-01A-11R-A42S-07,0.5566863123246615,1
TCGA-BQ-5887-01A-11R-1965-07,0.5126423557910545,1
TCGA-49-AARQ-01A-11R-A41B-07,0.5385439187731415,1
TCGA-AA-3488-01A-01R-1410-07,0.041338239637880546,1
TCGA-S3-AA0Z-01A-11R-A41B-07,0.5167191319162412,0
TCGA-FB-A78T-01A-12R-A32O-07,0.5801819010919064,1
TCGA-09-1659-01B-01R-1564-13,0.03354307942387159,1
TCGA-55-8096-01A-11R-2241-07,0.5944478074753475,1
TCGA-DD-AACQ-01A-11R-A41C-07,0.4353025251118566,1
TCGA-CC-5260-01A-01R-A131-07,0.7627240002142632,1
TCGA-E2-A14S-01A-11R-A12D-07,0.5102918524001048,1
TCGA-B6-A0WT-01A-11R-A109-07,0.5435547549589017,1
TCGA-BQ-7048-01A-11R-1965-07,0.5277922943729586,0
TCGA-56-A62T-01A-11R-A405-07,0.5480276044440866,0
TCGA-EB-A3XD-01A-22R-A239-07,0.6336386903797796,1
TCGA-DD-AACZ-01A-11R-A41C-07,0.5687545556939896,1
TCGA-CC-A1HT-01A-11R-A131-07,0.7183862105871476,1
TCGA-B2-5633-01A-01R-1541-07,0.5378972169348047,0
TCGA-D5-5541-01A-01R-1653-07,0.8880203348097019,1
TCGA-BC-A217-01A-11R-A155-07,0.6112051236954179,1
TCGA-E2-A106-01A-11R-A10J-07,0.5705574141747232,0
TCGA-A2-A0D4-01A-11R-A00Z-07,0.4559639095598037,1
TCGA-BP-4768-01A-01R-1289-07,0.559289748450574,1
TCGA-HC-7750-01A-11R-2118-07,0.5956985888397339,1
TCGA-C8-A1HI-01A-11R-A137-07,0.6034556292931915,1
TCGA-64-5815-01A-01R-1628-07,0.5501487087952497,1
TCGA-EW-A1P5-01A-11R-A144-07,0.5313782739023579,1
TCGA-DD-AADK-01A-11R-A41C-07,0.6484034648106689,1
TCGA-BP-4174-01A-02R-1289-07,0.5306492597278688,1
TCGA-22-5482-01A-01R-1635-07,0.5304724879602868,1
TCGA-CA-5256-01A-01R-1410-07,0.05760690161470765,0
TCGA-36-1571-01A-01R-1566-13,0.8033522340122049,1
TCGA-13-0714-01A-01R-1564-13,0.8457742394811633,0
TCGA-97-8172-01A-11R-2287-07,0.5778149116709828,1
TCGA-ZG-A9L9-01A-11R-A41O-07,0.5775314804320749,1
TCGA-E2-A159-01A-11R-A115-07,0.5940151151410754,1
TCGA-BP-5187-01A-01R-1426-07,0.5252562563087053,1
TCGA-DZ-6132-01A-11R-1965-07,0.5973234116073798,1
TCGA-A6-6649-01A-11R-1774-07,0.8814395240559132,1
TCGA-60-2722-01A-01R-0851-07,0.4653784276628476,0
TCGA-24-2033-01A-01R-1568-13,0.03481292179112811,1
TCGA-CH-5739-01A-11R-1580-07,0.5608344254318948,0
TCGA-EJ-A6RC-01A-11R-A32O-07,0.6119933451775348,1
TCGA-V5-AASW-01A-11R-A406-31,0.027911747345625324,0
TCGA-86-8280-01A-11R-2287-07,0.6025013227605047,0
TCGA-73-7499-01A-11R-2187-07,0.5523191504028283,1
TCGA-DM-A1DA-01A-11R-A155-07,0.7787822371212411,1
TCGA-ED-A7XO-01A-11R-A352-07,0.5398727429796886,1
TCGA-35-4123-01A-01R-1107-07,0.49700808806170416,0
TCGA-CJ-4639-01A-02R-1325-07,0.5038714819546648,1
TCGA-35-4122-01A-01R-1107-07,0.48852258736895504,0
TCGA-AC-A7VC-01A-11R-A352-07,0.46578971571666505,0
TCGA-A8-A08X-01A-21R-A00Z-07,0.8249566426888848,0
TCGA-XK-AAIR-01A-11R-A41O-07,0.5762240446083661,1
TCGA-BH-A0B3-01A-11R-A056-07,0.6101972305581237,1
TCGA-BH-A1EV-01A-11R-A137-07,0.5123591694108895,1
TCGA-AA-3982-01A-02R-1022-07,0.07893006955611173,1
TCGA-86-6562-01A-11R-1755-07,0.5635291139451101,1
TCGA-EJ-5496-01A-01R-1580-07,0.5427417506347775,1
TCGA-B6-A400-01A-11R-A239-07,0.6451403901569505,0
TCGA-BF-A5ES-01A-11R-A27Q-07,0.4708171771483111,1
TCGA-F4-6854-01A-11R-1928-07,0.8908954718385919,1
TCGA-10-0938-01A-02R-1564-13,0.541161129962179,0
TCGA-D8-A1XW-01A-11R-A14M-07,0.4930431303385316,1
TCGA-55-8089-01A-11R-2241-07,0.5656092947143214,1
TCGA-43-3920-01A-01R-0980-07,0.5494239520196015,0
TCGA-AA-3660-01A-01R-1723-07,0.8751788928319584,1
TCGA-24-0970-01B-01R-1565-13,0.6769871599363106,0
TCGA-24-2298-01A-01R-1569-13,0.7249524213329102,1
TCGA-EJ-A46G-01A-31R-A26U-07,0.5598431629854772,0
TCGA-A8-A093-01A-11R-A00Z-07,0.5877275391914953,1
TCGA-A7-A26I-01B-06R-A22O-07,0.4430591672873719,1
TCGA-24-1842-01A-01R-1567-13,0.7312902733280671,1
TCGA-LB-A8F3-01A-11R-A36G-07,0.5250966637035552,1
TCGA-95-7567-01A-11R-2066-07,0.5793642087635066,1
TCGA-BH-A0EE-01A-11R-A034-07,0.46362518730391283,1
TCGA-55-7911-01A-11R-2170-07,0.55484538161461,1
TCGA-B2-5641-01A-01R-1541-07,0.5708949351548578,0
TCGA-CH-5790-01A-11R-1580-07,0.6085992658308792,1
TCGA-90-7766-01A-21R-2125-07,0.5234308657804796,1
TCGA-AA-3818-01A-01R-0905-07,0.07400807200991641,0
TCGA-NC-A5HL-01A-11R-A26W-07,0.5265204076466847,1
TCGA-23-1120-01A-02R-1565-13,0.753414104594918,1
TCGA-A8-A06N-01A-11R-A00Z-07,0.34447663648875326,0
TCGA-24-1427-01A-01R-1565-13,0.789978406584034,1
TCGA-DM-A285-01A-11R-A16W-07,0.8803579759887983,0
TCGA-B6-A0RP-01A-21R-A084-07,0.5501364153370797,1
TCGA-77-8130-01A-11R-2247-07,0.5206589707011982,1
TCGA-85-7843-01A-11R-2125-07,0.5600736529090863,0
TCGA-22-1002-01A-01R-0692-07,0.6742986769849013,1
TCGA-L5-A4OU-01A-11R-A28J-31,0.8581901725306562,1
TCGA-44-3918-01B-02R-A277-07,0.3500788531145779,1
TCGA-EJ-5503-01A-01R-1580-07,0.5722114614835605,1
TCGA-B9-4113-01A-01R-1193-07,0.5810002447187049,1
TCGA-55-6642-01A-11R-1858-07,0.5518266935989495,1
TCGA-22-4604-01A-01R-1201-07,0.5580104143856517,1
TCGA-69-8253-01A-11R-2287-07,0.5429629895508116,0
TCGA-43-A475-01A-11R-A24H-07,0.52182851882341,1
TCGA-13-0893-01B-01R-1565-13,0.7413267956115898,1
TCGA-ZG-A9MC-01A-31R-A41O-07,0.6069889832763561,1
TCGA-FB-AAQ3-01A-11R-A41B-07,0.5044303395060806,0
TCGA-30-1861-01A-01R-1568-13,0.041196048397409944,1
TCGA-A8-A0A4-01A-11R-A00Z-07,0.6197109095526586,1
TCGA-V1-A9ZI-01A-11R-A41O-07,0.5369525894885878,1
TCGA-AA-A01S-01A-21R-A083-07,0.041481118423025945,1
TCGA-J4-A6G1-01A-11R-A311-07,0.5831250554050355,1
TCGA-DD-AAD5-01A-11R-A41C-07,0.5798198787428934,0
TCGA-44-7661-01A-11R-2066-07,0.5980951954877854,1
TCGA-FV-A23B-01A-11R-A16W-07,0.6539135546576613,1
TCGA-E2-A1B1-01A-21R-A12P-07,0.5528175499226377,1
TCGA-EJ-A65D-01A-11R-A30B-07,0.6138541543752949,1
TCGA-CA-5796-01A-01R-1653-07,0.8288972327263422,1
TCGA-AY-6196-01A-11R-1723-07,0.8817670883316143,1
TCGA-KK-A6E2-01A-11R-A311-07,0.5043713607939669,1
TCGA-05-4384-01A-01R-1755-07,0.5555524362173468,1
TCGA-D8-A1XD-01A-11R-A14D-07,0.4865451152096791,1
TCGA-T1-A6J8-01A-11R-A32O-07,0.6308215549444546,0
TCGA-A2-A0SU-01A-11R-A084-07,0.5919125037067506,1
TCGA-62-A46R-01A-11R-A24H-07,0.5621643333471924,1
TCGA-2J-AAB1-01A-11R-A41B-07,0.5347126123343954,1
TCGA-61-2102-01A-01R-1568-13,0.6382361698028096,1
TCGA-BQ-5891-01A-11R-1592-07,0.5365990842010135,1
TCGA-78-7160-01A-11R-2039-07,0.5709753321086961,1
TCGA-AZ-4614-01A-01R-1410-07,0.06296317809842547,0
TCGA-CM-6676-01A-11R-1839-07,0.8798964872436851,1
TCGA-LN-A49W-01A-11R-A260-31,0.6897477333388554,1
TCGA-A2-A0EY-01A-11R-A034-07,0.5587450559331594,1
TCGA-CJ-4869-01A-02R-1426-07,0.5625687954166655,1
TCGA-F2-A8YN-01A-11R-A37L-07,0.5500409015008724,1
TCGA-EW-A6SC-01A-12R-A32P-07,0.5767159442394247,1
TCGA-77-A5G1-01A-11R-A27Q-07,0.5317584633656505,1
TCGA-V1-A9ZR-01A-11R-A41O-07,0.6278861422776885,1
TCGA-KK-A8I9-01A-11R-A36G-07,0.60715574162753,0
TCGA-CC-A3MB-01A-11R-A213-07,0.6214150892034991,1
TCGA-B2-5635-01A-01R-1541-07,0.5447303517436182,1
TCGA-AA-3662-01A-01R-1723-07,0.8950829747718742,1
TCGA-S3-AA15-01A-11R-A41B-07,0.6509855347472615,1
TCGA-B8-4154-01A-01R-1188-07,0.512339706420411,1
TCGA-43-A474-01A-11R-A24H-07,0.4805098513623108,1
TCGA-13-0800-01A-01R-1564-13,0.7924302460632646,1
TCGA-L9-A50W-01A-12R-A39D-07,0.5540057193557535,1
TCGA-B6-A1KF-01A-11R-A13Q-07,0.3906401067379423,0
TCGA-22-1011-01A-01R-0692-07,0.819996580168711,1
TCGA-AA-3833-01A-01R-0905-07,0.08763832884791771,1
TCGA-22-4605-01A-21R-2125-07,0.5787036978634645,1
TCGA-52-7810-01A-11R-2125-07,0.45402693177178094,1
TCGA-64-1678-01A-01R-0946-07,0.3774557909710559,1
TCGA-IB-7645-01A-22R-2204-07,0.5488982150234379,1
TCGA-A2-A0EP-01A-52R-A22U-07,0.576105741740193,1
TCGA-AA-A00Z-01A-01R-A002-07,0.0693972399665003,1
TCGA-E2-A9RU-01A-11R-A41B-07,0.5655442710589706,0
TCGA-BP-5184-01A-01R-1426-07,0.5754443135274055,1
TCGA-73-4670-01A-01R-1206-07,0.5236149191027104,1
TCGA-AA-3679-01A-02R-0905-07,0.06821732444411162,1
TCGA-CM-5348-01A-21R-1723-07,0.8728407341312336,1
TCGA-2A-A8W3-01A-11R-A37L-07,0.589886934155784,0
TCGA-MH-A857-01A-11R-A355-07,0.41909380301623544,1
TCGA-E2-A1LG-01A-21R-A14M-07,0.4607304156207542,0
TCGA-05-4418-01A-01R-1206-07,0.5840537431284529,1
TCGA-83-5908-01A-21R-2287-07,0.5378075464197501,0
TCGA-G3-A5SJ-01A-11R-A27V-07,0.7760536850543887,1
TCGA-13-0901-01B-01R-1565-13,0.7958546558485526,1
TCGA-B0-5088-01A-01R-1334-07,0.5966680984214311,1
TCGA-AR-A0TU-01A-31R-A109-07,0.5128015047189299,0
TCGA-29-1770-01A-01R-1567-13,0.848898074635375,1
TCGA-AA-3855-01A-01R-1022-07,0.07236400921598742,1
TCGA-B0-5402-01A-01R-1503-07,0.4669958985222487,1
TCGA-DD-AACD-01A-11R-A41C-07,0.36737423317166146,1
TCGA-UB-A7MB-01A-11R-A33R-07,0.6085724513182807,0
TCGA-J9-A52B-01A-11R-A26U-07,0.5528928946113968,1
TCGA-13-0908-01B-01R-1565-13,0.7655188712428285,1
TCGA-AS-3777-01A-01R-0864-07,0.5248114685897853,0
TCGA-L5-A8NU-01A-11R-A36D-31,0.7080010219327798,1
TCGA-BH-A0W5-01A-11R-A109-07,0.6923408508394227,1
TCGA-L5-A4OE-01A-11R-A260-31,0.0334918944163192,1
TCGA-29-1705-01A-01R-1567-13,0.8797776298179807,1
TCGA-AA-A024-01A-02R-A00A-07,0.07677064860703414,1
TCGA-13-0799-01A-01R-1564-13,0.7682599970747995,1
TCGA-AR-A24L-01A-11R-A169-07,0.4931389115266392,1
TCGA-CZ-5463-01A-01R-1503-07,0.49662716812677316,1
TCGA-G7-A4TM-01A-11R-A31O-07,0.6195710151323409,1
TCGA-5P-A9KH-01A-11R-A42S-07,0.3542706037855995,1
TCGA-E9-A249-01A-11R-A169-07,0.5193690526087109,1
TCGA-J2-A4AD-01A-11R-A24H-07,0.8176152811720215,1
TCGA-BP-4961-01A-01R-1334-07,0.5112297111159207,1
TCGA-DD-AADB-01A-11R-A41C-07,0.591374920261685,1
TCGA-B6-A0X4-01A-11R-A109-07,0.45949035790243387,0
TCGA-80-5611-01A-01R-1628-07,0.5256870325536278,1
TCGA-A8-A06O-01A-11R-A00Z-07,0.5249803157446226,1
TCGA-B0-4690-01A-01R-1277-07,0.5989248293527656,1
TCGA-A8-A07C-01A-11R-A034-07,0.40380993441127094,1
TCGA-23-1032-01A-02R-1564-13,0.02193050004285842,1
TCGA-CM-6167-01A-11R-1653-07,0.8903549297779321,1
TCGA-D8-A142-01A-11R-A115-07,0.5884248720411133,1
TCGA-A3-A8OV-01A-11R-A37O-07,0.5705235593081935,1
TCGA-A8-A094-01A-11R-A00Z-07,0.6211662370816309,0
TCGA-HC-A8D0-01A-11R-A36G-07,0.6397314755495594,1
TCGA-M9-A5M8-01A-11R-A28J-31,0.8410712504529234,1
TCGA-DD-AACS-01A-11R-A41C-07,0.42313097123000276,1
TCGA-22-4593-01A-21R-1820-07,0.59669914742085,0
TCGA-E9-A1RB-01A-11R-A157-07,0.5666865557655176,1
TCGA-86-A456-01A-11R-A24H-07,0.5534442380779989,0
TCGA-AR-A24H-01A-11R-A169-07,0.4834219912979157,1
TCGA-OL-A5D7-01A-11R-A27Q-07,0.4626196948629152,0
TCGA-85-A511-01A-21R-A262-07,0.6054923298471391,0
TCGA-49-AAR9-01A-21R-A41B-07,0.5022061483474469,0
TCGA-13-1496-01A-01R-1565-13,0.6746782671294946,0
TCGA-60-2695-01A-01R-0851-07,0.5493947311647864,0
TCGA-YL-A8SH-01B-11R-A37L-07,0.5777121280357206,1
TCGA-23-1026-01B-01R-1569-13,0.7016524050891485,0
TCGA-AA-3684-01A-02R-0905-07,0.06563506803216494,1
TCGA-97-8174-01A-11R-2287-07,0.5663227872502188,1
TCGA-A3-3308-01A-02R-1325-07,0.5775131868760508,1
TCGA-DD-A3A4-01A-11R-A22L-07,0.34060432603315705,1
TCGA-AR-A2LO-01A-31R-A18M-07,0.6238795760667742,0
TCGA-64-1679-01A-21R-2066-07,0.5461838078072634,1
TCGA-56-8623-01A-11R-A28V-07,0.5501332736886779,1
TCGA-69-A59K-01A-11R-A262-07,0.5224325353806125,0
TCGA-13-0766-01A-02R-1564-13,0.02834291031239033,1
TCGA-61-2016-01A-01R-1568-13,0.7256908887347342,1
TCGA-XV-AAZV-01A-11R-A40A-07,0.6507475958257901,1
TCGA-AA-A01Q-01A-01R-A002-07,0.07376205934613178,1
TCGA-A2-A25C-01A-11R-A169-07,0.5259930039438157,1
TCGA-24-1849-01A-01R-1567-13,0.8957943302759939,1
TCGA-LL-A5YM-01A-11R-A28M-07,0.3866908891730942,1
TCGA-23-2081-01A-01R-1568-13,0.7480195713079403,1
TCGA-BP-4975-01A-01R-1334-07,0.5953655467384599,1
TCGA-B8-5165-01A-01R-1420-07,0.5546495956108785,0
TCGA-SX-A7SR-01A-12R-A36F-07,0.525968994145674,1
TCGA-AR-A24M-01A-11R-A169-07,0.552494767923857,1
TCGA-LL-A6FR-01A-12R-A31O-07,0.4681746940964994,1
TCGA-IB-A5SS-01A-11R-A32O-07,0.5519546078859989,1
TCGA-EJ-AB27-01A-11R-A41O-07,0.5830546223558131,1
TCGA-37-3789-01A-01R-0980-07,0.5701370997118621,1
TCGA-AA-A01F-01A-01R-A002-07,0.06442989688075715,1
TCGA-VR-A8EY-01A-11R-A36D-31,0.02604213357377877,1
TCGA-CK-5913-01A-11R-1653-07,0.8621599872916293,0
TCGA-A3-3319-01A-02R-1325-07,0.5550657208261046,0
TCGA-77-8007-01A-11R-2187-07,0.557970874498972,0
TCGA-24-1434-01A-01R-1566-13,0.7764785259623883,1
TCGA-L5-A4OQ-01A-11R-A260-31,0.7250461969028662,1
TCGA-IG-A3YC-01A-11R-A24K-31,0.8803102350111216,1
TCGA-BH-A0DV-01A-21R-A12P-07,0.5747772451426888,1
TCGA-C8-A12N-01A-11R-A115-07,0.6158622737353071,1
TCGA-KC-A7F6-01A-11R-A33R-07,0.5691559184212105,1
TCGA-DM-A28E-01A-11R-A32Y-07,0.8153101907150779,0
TCGA-85-8048-01A-11R-2247-07,0.6019172640719789,1
TCGA-55-8614-01A-11R-2403-07,0.5727527336939958,1
TCGA-L5-A4OH-01A-11R-A260-31,0.5826195794806747,0
TCGA-AO-A0JJ-01A-11R-A056-07,0.6159304071287601,1
TCGA-DM-A282-01A-12R-A16W-07,0.8496967732132683,1
TCGA-64-5775-01A-01R-1628-07,0.3928313705627526,1
TCGA-EJ-5511-01A-01R-1580-07,0.5035078035244615,1
TCGA-E2-A1LE-01A-12R-A19W-07,0.581732229754517,1
TCGA-E9-A1NH-01A-11R-A14D-07,0.5960585533796514,0
TCGA-55-8302-01A-11R-2326-07,0.5684685064306019,1
TCGA-O2-A52N-01A-11R-A26W-07,0.5641907369197683,0
TCGA-AA-3495-01A-01R-1410-07,0.07993634747576722,1
TCGA-A7-A13H-01A-11R-A22K-07,0.6253747381860266,0
TCGA-JY-A6FE-01A-11R-A336-31,0.820211750226247,1
TCGA-HC-7210-01A-11R-2118-07,0.5333888701927136,1
TCGA-L5-A88T-01A-11R-A354-31,0.7009948255849263,0
TCGA-BP-4998-01A-01R-1334-07,0.5887729973046072,1
TCGA-S3-A6ZG-01A-22R-A32P-07,0.5062793750486815,1
TCGA-B0-5692-01A-11R-1541-07,0.5670056071424442,1
TCGA-ZG-A8QY-01A-11R-A37L-07,0.5523553353712318,1
TCGA-A1-A0SG-01A-11R-A144-07,0.5681468073313821,0
TCGA-64-5774-01A-01R-1628-07,0.5276040748610732,1
TCGA-L5-A8NM-01A-11R-A37I-31,0.8439668128553245,1
TCGA-AO-A12D-01A-11R-A115-07,0.5485488952173794,1
TCGA-39-5024-01A-21R-1820-07,0.6329935915605208,1
TCGA-AA-A01K-01A-01R-A00A-07,0.1048284608847402,0
TCGA-AA-3973-01A-01R-1022-07,0.09592336183926797,1
TCGA-22-5485-01A-01R-1635-07,0.5694800186039483,1
TCGA-50-5941-01A-11R-1755-07,0.5966874714945849,0
TCGA-C8-A12K-01A-21R-A115-07,0.5674969978462443,1
TCGA-MH-A55Z-01A-11R-A26U-07,0.5094239542061985,1
TCGA-BH-A0H3-01A-11R-A12P-07,0.5867133798205584,1
TCGA-CJ-4890-01A-01R-1305-07,0.6668478609874644,0
TCGA-85-8072-01A-31R-2247-07,0.6195743306572964,0
TCGA-5M-AATA-01A-31R-A41B-07,0.8757674331210821,0
TCGA-C8-A1HK-01A-21R-A13Q-07,0.43748917372300433,1
TCGA-AN-A0XP-01A-11R-A109-07,0.5055647469089787,1
TCGA-39-5028-01A-01R-1443-07,0.6335392367457642,0
TCGA-ZG-A9L6-01A-11R-A41O-07,0.6646467526441769,1
TCGA-AO-A03V-01A-11R-A115-07,0.5870797371727188,1
TCGA-CJ-4895-01A-01R-1305-07,0.6808188078609684,1
TCGA-BC-A10T-01A-11R-A131-07,0.5642437468684501,0
TCGA-AR-A24K-01A-11R-A169-07,0.44803540950903326,0
TCGA-A8-A06Z-01A-11R-A00Z-07,0.43396427262786474,1
TCGA-A6-6654-01A-21R-1839-07,0.8846275931155491,1
TCGA-G9-6373-01A-11R-1789-07,0.5760497188616689,1
TCGA-DD-A116-01A-11R-A131-07,0.4193565459493067,0
TCGA-VR-A8EQ-01A-11R-A36D-31,0.5929785063875681,1
TCGA-R6-A6L6-01B-11R-A336-31,0.6550529071129477,1
TCGA-55-A493-01A-11R-A24H-07,0.5269405279594044,1
TCGA-ES-A2HS-01A-11R-A180-07,0.32741302424420277,1
TCGA-KK-A8I8-01A-11R-A36G-07,0.5379332995163897,1
TCGA-L5-A4OI-01A-11R-A36D-31,0.6111578788395505,1
TCGA-43-6143-01A-11R-1820-07,0.5163286386800469,1
TCGA-HC-7080-01A-11R-1965-07,0.7583410180490991,1
TCGA-FV-A4ZQ-01A-11R-A266-07,0.5789325190661964,0
TCGA-A3-3374-01A-02R-1325-07,0.5409667929900753,0
TCGA-IG-A3QL-01A-11R-A24K-31,0.02829685432980821,0
TCGA-PL-A8LV-01A-21R-A41B-07,0.5648455882962182,1
TCGA-HC-A9TE-01A-11R-A41O-07,0.5798518098205696,1
TCGA-G4-6321-01A-11R-1723-07,0.8095101193473615,1
TCGA-23-1030-01A-02R-1564-13,0.8194951611920644,1
TCGA-FB-AAQ2-01A-31R-A41B-07,0.5766167506689182,1
TCGA-A2-A0CY-01A-12R-A034-07,0.4741063198274012,1
TCGA-AN-A046-01A-21R-A034-07,0.5466340037458334,1
TCGA-BH-A0B4-01A-11R-A00Z-07,0.6781252374869069,1
TCGA-24-0982-01A-01R-1565-13,0.8199329684928544,1
TCGA-AR-A0TY-01A-12R-A115-07,0.5680602822456606,0
TCGA-WS-AB45-01A-11R-A41B-07,0.8960430761039837,0
TCGA-37-4135-01A-01R-1100-07,0.01584450289927339,1
TCGA-EW-A1P0-01A-11R-A144-07,0.5296343456422167,1
TCGA-A2-A04Y-01A-21R-A034-07,0.5908241671843533,1
TCGA-ZP-A9D4-01A-11R-A37K-07,0.546491281789427,1
TCGA-AC-A23H-01A-11R-A157-07,0.5280559723333318,1
TCGA-A8-A07G-01A-11R-A034-07,0.5672534709567992,0
TCGA-63-A5MT-01A-21R-A26W-07,0.5669655227467647,1
TCGA-05-5428-01A-01R-1628-07,0.4839083722485399,1
TCGA-V1-A9OQ-01A-11R-A41O-07,0.5397046234970299,1
TCGA-CZ-5454-01A-01R-1503-07,0.5083923416106091,0
TCGA-2J-AABK-01A-31R-A41B-07,0.5897228766266107,1
TCGA-L5-A893-01A-11R-A36D-31,0.8758485219107696,1
TCGA-CW-5587-01A-01R-1541-07,0.5162953630109032,1
TCGA-CH-5766-01A-11R-1580-07,0.5948800267819933,0
TCGA-E9-A1NI-01A-11R-A14D-07,0.6072088902639228,1
TCGA-46-3767-01A-01R-0980-07,0.6058509231315891,0
TCGA-85-7710-01A-11R-2125-07,0.5320921199720064,1
TCGA-A2-A1G1-01A-21R-A13Q-07,0.4875022549799501,1
TCGA-AZ-6603-01A-11R-1839-07,0.8947080139089509,1
TCGA-BP-5180-01A-01R-1426-07,0.5582645929612672,1
TCGA-HC-7213-01A-11R-2118-07,0.579478227396299,1
TCGA-BP-4354-01A-02R-1289-07,0.5337733101918389,0
TCGA-E2-A14W-01A-11R-A12D-07,0.5003152649952782,1
TCGA-L9-A444-01A-21R-A24H-07,0.6348245540285583,1
TCGA-86-7713-01A-11R-2066-07,0.49251518799826444,1
TCGA-MP-A4TJ-01A-51R-A262-07,0.660749700106387,1
TCGA-B9-A5W8-01A-11R-A28H-07,0.6277907555166525,1
TCGA-BH-A0DE-01A-11R-A115-07,0.5841722961026915,0
TCGA-BP-4349-01A-01R-1289-07,0.5115461836167939,1
TCGA-LL-A8F5-01A-11R-A36F-07,0.5132429537104761,1
TCGA-95-A4VK-01A-11R-A262-07,0.5761348999713477,1
TCGA-HC-A9TH-01A-11R-A41O-07,0.658660377349894,1
TCGA-CM-4743-01A-01R-1723-07,0.8351321138661095,1
TCGA-13-1499-01A-01R-1565-13,0.8634505423207327,1
TCGA-43-7656-01A-11R-2125-07,0.5803553167264142,1
TCGA-66-2786-01A-01R-0851-07,0.6314767931671442,1
TCGA-44-7671-01A-11R-2066-07,0.5471448575174562,0
TCGA-D5-6535-01A-11R-1723-07,0.8847519202273738,1
TCGA-A3-3378-01A-02R-1325-07,0.5220237619682931,1
TCGA-KR-A7K8-01A-11R-A33J-07,0.6559805163027056,1
TCGA-B6-A0IG-01A-11R-A034-07,0.5596527330813524,1
TCGA-05-5423-01A-01R-1628-07,0.6225949631927811,1
TCGA-24-2020-01A-01R-1567-13,0.030289290525998054,0
TCGA-EJ-5532-01A-01R-1580-07,0.5383924744694494,1
TCGA-LN-A7HX-01A-11R-A336-31,0.030567991173876607,1
TCGA-24-1418-01A-01R-1565-13,0.7332437262779009,1
TCGA-A6-6648-01A-11R-1774-07,0.864241066600395,1
TCGA-AO-A12F-01A-11R-A115-07,0.6284761679657896,1
TCGA-DD-A1EL-01A-11R-A155-07,0.5996137932442476,1
TCGA-F2-6880-01A-11R-2156-07,0.5219222149996751,1
TCGA-IB-AAUW-01A-12R-A38C-07,0.5823929131255764,1
TCGA-EB-A4OZ-01A-12R-A266-07,0.5241688606455601,1
TCGA-CJ-4878-01A-01R-1305-07,0.5258896521661321,1
TCGA-4R-AA8I-01A-11R-A38B-07,0.5753618457995427,1
TCGA-CZ-4853-01A-01R-1426-07,0.5114220223987648,1
TCGA-DD-A4NN-01A-11R-A28V-07,0.5228035032175697,1
TCGA-21-5782-01A-01R-1635-07,0.6290385774273545,1
TCGA-85-A513-01A-12R-A26W-07,0.6011930993793274,0
TCGA-29-1761-01A-01R-1567-13,0.02990113521320909,1
TCGA-G7-6792-01A-21R-1965-07,0.5382936383499712,0
TCGA-NC-A5HQ-01A-11R-A26W-07,0.6221940053648115,1
TCGA-B1-A47O-01A-11R-A24Z-07,0.527741882104435,1
TCGA-AR-A252-01A-11R-A169-07,0.5652542921259386,1
TCGA-BH-A18S-01A-11R-A12D-07,0.479356993950803,1
TCGA-LQ-A4E4-01A-11R-A266-07,0.4913572431776918,1
TCGA-3A-A9IV-01A-11R-A41B-07,0.4849357680843445,1
TCGA-WN-A9G9-01A-12R-A37K-07,0.541976934343387,1
TCGA-BH-A18F-01A-11R-A12D-07,0.6099730813307271,1
TCGA-13-0883-01A-02R-1569-13,0.7554977727454132,0
TCGA-55-7576-01A-11R-2066-07,0.5634558611749442,0
TCGA-44-A4SS-01A-11R-A24X-07,0.5927450798209453,1
TCGA-AD-A5EJ-01A-11R-A28H-07,0.8699998740624522,1
TCGA-E9-A5FL-01A-11R-A27Q-07,0.5836278934793931,1
TCGA-J4-A67L-01A-11R-A30B-07,0.4838283348569078,1
TCGA-23-1113-01A-01R-1564-13,0.7755479070755595,1
TCGA-55-6543-01A-11R-1755-07,0.5876056540983935,0
TCGA-BP-4334-01A-01R-1289-07,0.7145800439290526,1
TCGA-E2-A1L6-01A-11R-A13Q-07,0.5879620836973624,1
TCGA-D8-A27W-01A-11R-A16F-07,0.5246324544083122,1
TCGA-B6-A0WS-01A-11R-A115-07,0.5610494388027687,0
TCGA-B3-8121-01A-21R-2404-07,0.6282825893117985,1
TCGA-D8-A1JK-01A-11R-A13Q-07,0.5993216194348135,1
TCGA-A2-A04N-01A-11R-A115-07,0.6690025397977228,1
TCGA-P4-A5E6-01A-11R-A28H-07,0.5452193560203181,1
TCGA-PJ-A5Z9-01A-11R-A28H-07,0.5221596802245732,1
TCGA-LN-A7HV-01A-21R-A354-31,0.030692281134232845,1
TCGA-22-0944-01A-01R-0692-07,0.5759239047389829,1
TCGA-AN-A0FK-01A-11R-A034-07,0.5018268085725435,1
TCGA-BF-AAOU-01A-12R-A39D-07,0.6001089243541007,1
TCGA-HN-A2NL-01A-11R-A18M-07,0.557931928666867,1
TCGA-FR-A2OS-01A-11R-A21D-07,0.6150737629191807,1
TCGA-CW-6093-01A-11R-1672-07,0.5363745713187796,1
TCGA-DD-A73F-01A-11R-A32O-07,0.5638779292850566,1
TCGA-WQ-A9G7-01A-11R-A37K-07,0.5992813287370933,1
TCGA-37-3783-01A-01R-1201-07,0.48225832506896454,1
TCGA-61-1995-01A-01R-1568-13,0.8675973120622008,1
TCGA-DD-AAD2-01A-11R-A41C-07,0.6371218249467188,1
TCGA-24-1616-01A-01R-1566-13,0.032765915228546716,1
TCGA-B2-3923-01B-10R-A277-07,0.2705629286238864,1
TCGA-31-1950-01A-01R-1568-13,0.6254033768585191,1
TCGA-FC-A5OB-01A-11R-A29R-07,0.3204557272793436,1
TCGA-LN-A49X-01A-31R-A260-31,0.7023086457623733,1
TCGA-UU-A93S-01A-21R-A41B-07,0.455726563721082,1
TCGA-34-5240-01A-01R-1443-07,0.021740415687375798,1
TCGA-L5-A43C-01A-11R-A24K-31,0.7385144346267953,1
TCGA-46-3765-01A-01R-0980-07,0.5520236079838071,0
TCGA-B0-4844-01A-01R-1277-07,0.5781081201248385,1
TCGA-21-1080-01A-01R-0692-07,0.7553065345895844,1
TCGA-13-0920-01A-01R-1564-13,0.03149598043526309,1
TCGA-F9-A8NY-01A-11R-A36F-07,0.5222692340319788,1
TCGA-LL-A740-01A-21R-A32P-07,0.5632587304445626,1
TCGA-BF-AAP4-01A-11R-A40A-07,0.5734323887015136,1
TCGA-XR-A8TD-01A-12R-A39D-07,0.6582851277249415,1
TCGA-33-4538-01A-01R-1201-07,0.5352749553375489,1
TCGA-LL-A9Q3-01A-11R-A41B-07,0.48530032927678557,1
TCGA-NJ-A4YF-01A-12R-A262-07,0.5309259416605894,1
TCGA-MH-A560-01A-11R-A26U-07,0.518640688285694,1
TCGA-L5-A8NE-01A-11R-A37I-31,0.8182070895719991,0
TCGA-04-1332-01A-01R-1564-13,0.8530350072151057,1
TCGA-EJ-A7NG-01A-31R-A33R-07,0.6517966398485014,0
TCGA-A8-A08J-01A-11R-A00Z-07,0.5448475118480318,1
TCGA-AK-3456-01A-02R-1325-07,0.5348890364056844,1
TCGA-G7-A8LB-01A-11R-A36F-07,0.43583051954011953,0
TCGA-B2-A4SR-01A-11R-A266-07,0.5413768808851589,1
TCGA-62-8394-01A-11R-2326-07,0.6337424147237197,1
TCGA-AZ-6608-01A-11R-1839-07,0.8308538222484342,1
TCGA-Q3-AA2A-01A-11R-A37L-07,0.620443782590003,1
TCGA-B0-4694-01A-01R-1277-07,0.5678737866418211,1
TCGA-AR-A24V-01A-21R-A169-07,0.5455017488300673,0
TCGA-A2-A0EV-01A-11R-A034-07,0.5688161084228852,1
TCGA-60-2714-01A-01R-0851-07,0.5759909423912374,0
TCGA-BP-4762-01A-02R-1289-07,0.5881517245869476,1
TCGA-DD-AACG-01A-11R-A41C-07,0.34576016393639486,1
TCGA-B0-5094-01A-01R-1420-07,0.5497606855729326,1
TCGA-AA-3556-01A-01R-0821-07,0.08476359366741533,0
TCGA-2J-AABO-01A-21R-A41B-07,0.5450875272807688,1
TCGA-B0-5400-01A-01R-1503-07,0.5833407612135108,0
TCGA-77-6845-01A-11R-1949-07,0.5498504940803273,0
TCGA-D8-A141-01A-11R-A115-07,0.6100798560776857,1
TCGA-55-A57B-01A-12R-A39D-07,0.5835960099970499,1
TCGA-60-2712-01A-01R-0851-07,0.6028874322642164,1
TCGA-A6-4105-01A-02R-1774-07,0.8911121172937283,1
TCGA-XV-A9W5-01A-11R-A38C-07,0.5923914482181232,1
TCGA-A6-5665-01B-03R-2302-07,0.8148369771025287,1
TCGA-E2-A1AZ-01A-11R-A12P-07,0.5235364829199075,1
TCGA-55-7910-01A-11R-2170-07,0.5448843715531495,1
TCGA-50-6673-01A-11R-1949-07,0.6564932968903328,1
TCGA-BH-A0DL-01A-11R-A115-07,0.5583823415833469,1
TCGA-AU-6004-01A-11R-1723-07,0.9016319893561796,1
TCGA-E2-A15I-01A-21R-A137-07,0.5437320943491943,1
TCGA-G9-6369-01A-21R-1965-07,0.441905293416199,0
TCGA-AA-3819-01A-01R-0905-07,0.0748704395319644,0
TCGA-KK-A6E0-01A-11R-A311-07,0.5353443502308329,0
TCGA-SX-A71W-01A-12R-A355-07,0.6270536183503751,1
TCGA-AR-A0TS-01A-11R-A115-07,0.552703659947364,1
TCGA-E9-A5UP-01A-11R-A28M-07,0.5350964968190433,0
TCGA-AQ-A0Y5-01A-11R-A14M-07,0.6256069990634261,0
TCGA-BP-4807-01A-01R-1305-07,0.5791928450699894,1
TCGA-CM-5860-01A-01R-1653-07,0.8803834170192805,1
TCGA-BC-A5W4-01A-11R-A28V-07,0.40642033975295294,1
TCGA-B0-4821-01A-01R-1503-07,0.5416116762194352,1
TCGA-UZ-A9PJ-01A-11R-A38C-07,0.5451027787383189,0
TCGA-DD-AACC-01A-11R-A41C-07,0.5812596011195912,0
TCGA-CJ-4870-01A-01R-1305-07,0.5310331128354856,1
TCGA-75-6207-01A-11R-1755-07,0.5740385838098495,1
TCGA-C8-A1HO-01A-11R-A13Q-07,0.42870914182791403,1
TCGA-JY-A938-01A-11R-A37I-31,0.7156573529903515,1
TCGA-04-1361-01A-01R-1565-13,0.8638331142434504,1
TCGA-2Z-A9J8-01A-11R-A42S-07,0.5350328949470707,1
TCGA-64-1677-01A-01R-0946-07,0.5143908078602826,0
TCGA-AO-A0JE-01A-11R-A056-07,0.6056959215510257,1
TCGA-IG-A4P3-01A-11R-A260-31,0.8525735899177249,1
TCGA-05-4424-01A-22R-1858-07,0.5550915482434118,0
TCGA-91-A4BD-01A-11R-A24H-07,0.5097646883308403,1
TCGA-DD-AAVS-01A-11R-A41C-07,0.5886158593582349,0
TCGA-18-3414-01A-01R-0980-07,0.6160246771779228,1
TCGA-J4-A83I-01A-11R-A36G-07,0.5478133922665919,1
TCGA-39-5035-01A-01R-1443-07,0.593148549121083,1
TCGA-AA-3544-01A-01R-1873-07,0.8199888301435848,1
TCGA-FB-A7DR-01A-21R-A33R-07,0.5529245323213667,1
TCGA-99-8032-01A-11R-2241-07,0.5890619568491381,1
TCGA-95-7948-01A-11R-2187-07,0.5369673632231525,0
TCGA-D8-A1XU-01A-11R-A14M-07,0.5788104224258813,0
TCGA-2Z-A9J7-01A-11R-A38C-07,0.7809077733724209,1
TCGA-13-A5FT-01A-11R-A406-31,0.6366021975241729,1
TCGA-BP-4803-01A-01R-1305-07,0.5628349219793289,1
TCGA-24-2271-01A-01R-1568-13,0.7643405909099095,1
TCGA-DD-A39V-01A-11R-A213-07,0.36352967379116863,0
TCGA-CM-6674-01A-11R-1839-07,0.8727326515171294,1
TCGA-30-1855-01A-01R-1567-13,0.8652207300019943,1
TCGA-2J-AABE-01A-12R-A41B-07,0.6304501732106956,1
TCGA-ED-A82E-01A-11R-A352-07,0.6948448698148512,1
TCGA-56-7580-01A-11R-2045-07,0.5877578518864183,1
TCGA-37-4130-01A-01R-1100-07,0.4828312091603328,1
TCGA-38-4626-01A-01R-1206-07,0.5387989255759548,1
TCGA-CZ-4861-01A-01R-1305-07,0.5722496177172067,1
TCGA-F4-6703-01A-11R-1839-07,0.8942668427863139,1
TCGA-61-2109-01A-01R-1568-13,0.8379687418434241,1
TCGA-5M-AATE-01A-11R-A41B-07,0.8558655580687827,1
TCGA-10-0931-01A-01R-1564-13,0.026621258715450746,1
TCGA-UZ-A9PQ-01A-11R-A42S-07,0.5242604820021329,1
TCGA-XC-AA0X-01A-32R-A405-07,0.5624539414177918,1
TCGA-BH-A0C1-01B-11R-A12D-07,0.5794611913175143,1
TCGA-09-1668-01B-01R-1566-13,0.7455586337746903,1
TCGA-77-7338-01A-11R-2045-07,0.5189724712463732,0
TCGA-61-2111-01A-01R-1568-13,0.8684783981901635,1
TCGA-AC-A8OS-01A-12R-A41B-07,0.5908286169140293,1
TCGA-BF-A3DJ-01A-11R-A20F-07,0.6121842192704517,1
TCGA-CJ-4893-01A-01R-1305-07,0.5691334295394007,1
TCGA-DD-AADS-01A-11R-A41C-07,0.2737486490737098,0
TCGA-61-2110-01A-01R-1568-13,0.8201561507081581,1
TCGA-DD-A1EE-01A-11R-A131-07,0.586342589602041,1
TCGA-BH-A0BP-01A-11R-A115-07,0.5983843700560834,1
TCGA-IG-A3I8-01A-11R-A24K-31,0.6485821989742748,1
TCGA-86-A4D0-01A-11R-A24H-07,0.5664540756455925,0
TCGA-22-1016-01A-01R-0692-07,0.6704701324846497,1
TCGA-BH-A0DS-01A-11R-A056-07,0.6230321363133816,1
TCGA-AR-A5QN-01A-12R-A28M-07,0.5937749326441061,1
TCGA-CW-6088-01A-11R-1672-07,0.5239733903589138,0
TCGA-AQ-A04L-01B-21R-A10J-07,0.5473745482086801,1
TCGA-A7-A13D-01A-13R-A12P-07,0.53038677698851,1
TCGA-A2-A0YJ-01A-11R-A109-07,0.4858345931511524,1
TCGA-04-1331-01A-01R-1569-13,0.7432642037743327,1
TCGA-HZ-A8P1-01A-11R-A37L-07,0.6315319207976828,1
TCGA-AR-A24R-01A-11R-A169-07,0.5125326748191641,1
TCGA-36-1575-01A-01R-1566-13,0.03241349716633724,0
TCGA-C8-A273-01A-11R-A16F-07,0.5666478225520779,1
TCGA-DM-A1HB-01A-21R-A180-07,0.8207106492854737,0
TCGA-JL-A3YW-01A-12R-A239-07,0.6005400697556973,1
TCGA-13-1411-01A-01R-1565-13,0.8721833808980352,1
TCGA-60-2710-01A-01R-0851-07,0.5817555661400841,1
TCGA-BP-5009-01A-01R-1334-07,0.6432439136313411,1
TCGA-T7-A92I-01A-11R-A37O-07,0.4447591023472271,1
TCGA-EB-A85I-01A-11R-A352-07,0.5773247760052207,1
TCGA-F4-6460-01A-11R-1774-07,0.8860853722281059,0
TCGA-B8-A54E-01A-11R-A266-07,0.4554259472783626,1
TCGA-60-2725-01A-01R-1201-07,0.631190435396793,1
TCGA-NC-A5HI-01A-11R-A26W-07,0.7609678981100253,1
TCGA-BP-4965-01A-01R-1334-07,0.543762098142192,1
TCGA-BP-4756-01A-01R-1289-07,0.5311624396859626,1
TCGA-A8-A095-01A-11R-A00Z-07,0.6291902913250776,1
TCGA-MM-A84U-01A-11R-A37O-07,0.5643884647831812,1
TCGA-HP-A5N0-01A-11R-A28V-07,0.5635617411436891,1
TCGA-A4-7996-01A-11R-2204-07,0.6071885870375766,1
TCGA-A2-A0EQ-01A-11R-A034-07,0.5775949424869604,1
TCGA-A1-A0SK-01A-12R-A084-07,0.32515898089525647,1
TCGA-EJ-5505-01A-01R-1580-07,0.5219934014529958,1
TCGA-43-5668-01A-01R-1635-07,0.5142710813277042,0
TCGA-EW-A2FV-01A-11R-A17B-07,0.5809995272846918,0
TCGA-CZ-5456-01A-01R-1503-07,0.6030336045199697,1
TCGA-C8-A12Y-01A-11R-A12D-07,0.5403750728997999,1
TCGA-AR-A2LM-01A-11R-A180-07,0.5956923297136986,1
TCGA-A6-4107-01A-02R-1410-07,0.07006734783317045,1
TCGA-IG-A3YB-01A-11R-A36D-31,0.044345750233084714,1
TCGA-75-6205-01A-11R-1755-07,0.5478109736454408,1
TCGA-20-1683-01A-01R-1566-13,0.6249843771807121,1
TCGA-BP-4170-01A-02R-1289-07,0.5392214107259644,1
TCGA-CJ-6032-01A-11R-1672-07,0.5304095758005094,1
TCGA-DD-AACL-01A-11R-A41C-07,0.5889994455043142,1
TCGA-BP-4166-01A-02R-1289-07,0.6217891954487847,1
TCGA-2H-A9GL-01A-12R-A37I-31,0.8345094737135895,1
TCGA-B0-5084-01A-01R-1334-07,0.628489014374675,1
TCGA-E2-A15J-01A-11R-A12P-07,0.5409850944981129,1
TCGA-44-6775-01C-02R-A277-07,0.297458870548753,1
TCGA-A2-A04W-01A-31R-A115-07,0.6309133901174859,1
TCGA-G3-AAV0-01A-11R-A37K-07,0.39728759712537115,1
TCGA-AA-A00D-01A-01R-A002-07,0.09246523392393671,1
TCGA-56-5897-01A-11R-1635-07,0.6210686749942751,1
TCGA-EJ-7321-01A-31R-2263-07,0.546297098148133,0
TCGA-2J-AABV-01A-12R-A41B-07,0.4896818165873589,1
TCGA-C8-A8HR-01A-11R-A36F-07,0.6222897261106126,1
TCGA-04-1362-01A-01R-1565-13,0.8676859717597329,0
TCGA-HZ-A77Q-01A-11R-A36G-07,0.6220321881116256,1
TCGA-D8-A1JB-01A-11R-A13Q-07,0.6064813295526664,1
TCGA-B0-4811-01A-01R-1503-07,0.5642837673372105,0
TCGA-24-1103-01A-01R-1565-13,0.838981638440584,1
TCGA-91-A4BC-01A-11R-A24H-07,0.5887208534791614,1
TCGA-D5-5539-01A-01R-1653-07,0.8794917665650515,1
TCGA-HZ-A4BK-01A-11R-A26U-07,0.5931962632394259,1
TCGA-13-1489-01A-01R-1565-13,0.626249106943686,1
TCGA-A2-A04P-01A-31R-A034-07,0.5313024567568466,1
TCGA-IA-A40Y-01A-11R-A24Z-07,0.5809997061203022,1
TCGA-21-5783-01A-41R-2187-07,0.527305914326349,1
TCGA-A6-2675-01A-02R-1723-07,0.89099577453845,1
TCGA-B9-7268-01A-11R-A32Z-07,0.5146052925910365,1
TCGA-BP-4777-01A-01R-1289-07,0.5760211883584992,1
TCGA-BP-4988-01A-01R-1334-07,0.45928468723995614,1
TCGA-2J-AABF-01A-31R-A41B-07,0.6075051864032466,1
TCGA-56-8201-01A-11R-2247-07,0.5494968687301077,1
TCGA-24-2035-01A-01R-1568-13,0.7546588705839987,1
TCGA-A1-A0SP-01A-11R-A084-07,0.590557680529538,1
TCGA-BC-A10S-01A-22R-A131-07,0.6261582385731327,1
TCGA-HC-7738-01A-11R-2118-07,0.5578370574862237,1
TCGA-IA-A83S-01A-11R-A355-07,0.5428665295004694,0
TCGA-HZ-7920-01A-11R-2204-07,0.5199710207998873,1
TCGA-AA-3529-01A-02R-0821-07,0.06829879195630945,1
TCGA-D8-A1XJ-01A-11R-A14M-07,0.5824022637268309,1
TCGA-5X-AA5U-01A-11R-A406-31,0.7988836159988396,1
TCGA-3Z-A93Z-01A-11R-A37O-07,0.5978709724659239,1
TCGA-E9-A227-01A-11R-A157-07,0.5807777277407091,1
TCGA-B0-4843-01A-01R-1277-07,0.534762056219544,0
TCGA-BH-A8G0-01A-11R-A352-07,0.6188118967877567,1
TCGA-FV-A3R2-01A-11R-A22L-07,0.5877890686788619,1
TCGA-CZ-4854-01A-01R-1305-07,0.8313755627724522,1
TCGA-04-1348-01A-01R-1565-13,0.7217852924905439,1
TCGA-38-4625-01A-01R-1206-07,0.6075478333780807,1
TCGA-A3-A6NJ-01A-12R-A33J-07,0.5180523100508623,1
TCGA-BH-A0C3-01A-21R-A12P-07,0.5908756188306125,1
TCGA-58-8388-01A-11R-2326-07,0.564072191187289,1
TCGA-NH-A50T-01A-11R-A28H-07,0.8164578678758849,1
TCGA-LL-A5YN-01A-11R-A28M-07,0.5068486883231782,0
TCGA-A2-A0ET-01A-31R-A034-07,0.41680356625692727,1
TCGA-GM-A2DO-01A-11R-A18M-07,0.5277835657628531,0
TCGA-A7-A0CH-01A-21R-A00Z-07,0.5450937105545293,1
TCGA-2Y-A9GT-01A-11R-A38B-07,0.5091564950182431,1
TCGA-B3-4104-01A-02R-1351-07,0.5188512733863151,1
TCGA-GM-A5PV-01A-11R-A28M-07,0.591846014469593,1
TCGA-29-1711-01A-01R-1567-13,0.8701876601842103,1
TCGA-AO-A1KS-01A-11R-A13Q-07,0.43678853039229226,0
TCGA-AO-A12G-01A-11R-A10J-07,0.6266010800838857,1
TCGA-HZ-8002-01A-11R-2204-07,0.5644778697957632,0
TCGA-22-5492-01A-01R-1635-07,0.6018933418163024,1
TCGA-G4-6625-01A-21R-1774-07,0.8853463303150526,1
TCGA-L5-A4OF-01A-11R-A260-31,0.6971617362300988,1
TCGA-55-A48Y-01A-11R-A24H-07,0.5504297391319268,0
TCGA-A2-A0YD-01A-11R-A109-07,0.5993636927789602,1
TCGA-13-0801-01A-01R-1564-13,0.595916720942104,1
TCGA-B4-5843-01A-11R-1672-07,0.5262306507757347,1
TCGA-AY-A69D-01A-11R-A37K-07,0.8756466856450271,0
TCGA-CJ-4899-01A-01R-1334-07,0.5394794719159867,1
TCGA-YL-A8S9-01A-11R-A37L-07,0.37839328601053823,1
TCGA-55-1596-01A-01R-0946-07,0.4873085329955824,1
TCGA-UB-AA0V-01A-11R-A38B-07,0.5991798215181592,1
TCGA-BH-A0HY-01A-11R-A056-07,0.5812163119859277,1
TCGA-64-1676-01A-01R-0946-07,0.4428032056277636,0
TCGA-A8-A09R-01A-11R-A00Z-07,0.5388990364582724,0
TCGA-D8-A1Y2-01A-11R-A157-07,0.617748602755415,1
TCGA-5P-A9JY-01A-11R-A42S-07,0.7690993728611496,1
TCGA-AR-A1AI-01A-11R-A12P-07,0.5783265139225466,1
TCGA-56-7823-01B-11R-2247-07,0.5156853867409931,1
TCGA-O2-A52V-01A-31R-A262-07,0.5993110415767706,1
TCGA-B0-4816-01A-01R-1503-07,0.6337690601786305,1
TCGA-MH-A55W-01A-11R-A26U-07,0.5316321993925733,1
TCGA-AN-A0FD-01A-11R-A034-07,0.6081529651775479,1
TCGA-3A-A9IB-01A-21R-A39D-07,0.5786351394456664,1
TCGA-P4-A5EA-01A-11R-A28H-07,0.5280082268377012,1
TCGA-XV-A9VZ-01A-11R-A38C-07,0.7067877312766755,0
TCGA-BC-A10U-01A-11R-A131-07,0.6403250924443468,0
TCGA-B6-A0I9-01A-11R-A034-07,0.4921652716240005,0
TCGA-B0-5119-01A-02R-1420-07,0.5286799359996779,0
TCGA-AR-A2LR-01A-12R-A18M-07,0.46788498109503157,0
TCGA-22-5472-01A-01R-1635-07,0.6253795352038057,1
TCGA-GI-A2C8-01A-11R-A16F-07,0.5294336753850718,0
TCGA-44-2666-01A-01R-0946-07,0.5467020588047452,1
TCGA-25-1632-01A-01R-1566-13,0.6752246007618925,1
TCGA-78-7540-01A-11R-2066-07,0.5554787024514858,1
TCGA-BH-A0AV-01A-31R-A115-07,0.5214710482531401,1
TCGA-AA-3845-01A-01R-1022-07,0.10466082979552545,1
TCGA-78-8655-01A-11R-2403-07,0.5923030784602811,1
TCGA-BP-4345-01A-01R-1289-07,0.5506860202011632,1
TCGA-98-A539-01A-31R-A262-07,0.5354067672891231,0
TCGA-50-6594-01A-11R-1755-07,0.4685931384574138,1
TCGA-49-AARN-01A-21R-A41B-07,0.5887130754440982,1
TCGA-A3-3358-01A-01R-1541-07,0.56245383949664,1
TCGA-13-1483-01A-01R-1565-13,0.8661617219259201,0
TCGA-KK-A7B2-01A-12R-A32O-07,0.5902611190780216,1
TCGA-49-AAQV-01A-11R-A39D-07,0.5735743604722434,0
TCGA-EV-5902-01A-11R-1592-07,0.47762365184492545,0
TCGA-AC-A6IX-01A-12R-A32P-07,0.621122621347429,1
TCGA-BW-A5NQ-01A-11R-A27V-07,0.526906581563687,0
TCGA-B6-A0WW-01A-11R-A109-07,0.63159116549967,0
TCGA-R6-A8W8-01B-11R-A37I-31,0.8292340560137642,1
TCGA-XV-AAZW-01A-12R-A40A-07,0.6341169292714521,0
TCGA-BP-4173-01A-02R-1289-07,0.5777452857112072,1
TCGA-HZ-A49G-01A-11R-A26U-07,0.5877960469875388,0
TCGA-22-1012-01A-01R-0692-07,0.020567491327007976,1
TCGA-BH-A0C7-01B-11R-A115-07,0.5600834557936908,1
TCGA-CC-A7IL-01A-11R-A33R-07,0.45978909397951645,1
TCGA-E9-A1RA-01A-11R-A14D-07,0.5907912568604711,1
TCGA-YL-A8HM-01A-11R-A36G-07,0.5360213359452702,0
TCGA-AC-A3HN-01A-11R-A213-07,0.6136768169188759,1
TCGA-D8-A1X8-01A-11R-A14M-07,0.5706422222600587,1
TCGA-78-7159-01A-11R-2039-07,0.5636244584438077,1
TCGA-AR-A1AK-01A-21R-A12P-07,0.6048420403300052,1
TCGA-Y8-A8RY-01A-11R-A37K-07,0.8184940749457124,1
TCGA-DD-AAED-01A-12R-A41C-07,0.4647587281730342,1
TCGA-AN-A0XV-01A-11R-A109-07,0.5854897970547271,1
TCGA-BP-4775-01A-01R-1289-07,0.5795015627323825,1
TCGA-24-1556-01A-01R-1566-13,0.0436910020055021,1
TCGA-44-6148-01A-11R-1755-07,0.5402597065865481,1
TCGA-DD-A3A9-01A-11R-A266-07,0.6293154756431112,0
TCGA-XK-AAJU-01A-11R-A41O-07,0.5890291581717099,1
TCGA-A6-3809-01B-04R-A277-07,0.7311294707457712,1
TCGA-UZ-A9PO-01A-11R-A38C-07,0.502071847116104,0
TCGA-05-4398-01A-01R-1206-07,0.6231503188388764,0
TCGA-AK-3436-01A-02R-1325-07,0.5035991854644858,1
TCGA-D9-A4Z2-01A-11R-A24X-07,0.5668897117017462,1
TCGA-44-8119-01A-11R-2241-07,0.5294972069567201,1
TCGA-EB-A97M-01A-11R-A38C-07,0.5811067765047792,1
TCGA-YL-A8HK-01A-11R-A36G-07,0.6604563386082867,1
TCGA-GL-A59T-01A-21R-A28H-07,0.5844747159427867,1
TCGA-90-7767-01A-11R-2125-07,0.5369500138516421,1
TCGA-DV-5568-01A-01R-1541-07,0.631971659471814,1
TCGA-A4-A5Y0-01A-11R-A31O-07,0.5279503388499727,0
TCGA-BF-A1PZ-01A-11R-A18S-07,0.6057786512027475,1
TCGA-2J-AAB4-01A-12R-A41B-07,0.5434845693285982,0
TCGA-AC-A8OQ-01A-11R-A41B-07,0.6000904767029048,1
TCGA-DD-AACT-01A-11R-A41C-07,0.5523358050478002,0
TCGA-18-3412-01A-01R-0980-07,0.5750439429389342,1
TCGA-A2-A4S2-01A-12R-A266-07,0.5771039329221181,0
TCGA-H9-A6BY-01A-11R-A30B-07,0.38235206264365806,0
TCGA-DW-7837-01A-11R-2139-07,0.6493928814136504,1
TCGA-AA-3552-01A-01R-0821-07,0.9548843801371848,1
TCGA-UZ-A9PN-01A-11R-A38C-07,0.6363682701091904,1
TCGA-NC-A5HO-01A-11R-A26W-07,0.5337056866262434,1
TCGA-B8-A8YJ-01A-13R-A39I-07,0.49881336187996095,1
TCGA-A2-A04Q-01A-21R-A034-07,0.5985175820012258,1
TCGA-HC-A6AQ-01A-11R-A30B-07,0.42914107102341925,1
TCGA-DV-A4VX-01A-11R-A266-07,0.44789047560497663,1
TCGA-FC-A6HD-01A-11R-A31N-07,0.2786986304474763,0
TCGA-F2-A44G-01A-11R-A26U-07,0.5427270178632739,0
TCGA-AZ-4681-01A-01R-1410-07,0.03436615278893338,1
TCGA-VP-A87J-01A-11R-A352-07,0.504940017136419,0
TCGA-C8-A8HQ-01A-11R-A36F-07,0.605229507011255,0
TCGA-YJ-A8SW-01A-11R-A37L-07,0.5748026327062736,1
TCGA-63-7020-01A-11R-1949-07,0.5942105369874252,0
TCGA-66-2754-01A-01R-0980-07,0.434633355102725,1
TCGA-04-1343-01A-01R-1564-13,0.828490729670202,1
TCGA-KK-A7AV-01A-11R-A32O-07,0.6252795053651482,1
TCGA-HC-A632-01A-11R-A29R-07,0.5422438194021234,0
TCGA-DD-AACE-01A-11R-A41C-07,0.4178345684040636,0
TCGA-23-1809-01A-01R-1566-13,0.8235083420740577,1
TCGA-JY-A939-01A-12R-A37I-31,0.6985213550056071,1
TCGA-25-1627-01A-01R-1566-13,0.6765347823824914,1
TCGA-IB-AAUP-01A-11R-A37L-07,0.548553489087542,1
TCGA-RC-A6M3-01A-11R-A32O-07,0.6411832325609422,1
TCGA-E9-A1RH-01A-21R-A169-07,0.46813031160045,0
TCGA-KK-A8IH-01A-11R-A36G-07,0.6709410610853211,1
TCGA-AA-3869-01A-01R-1022-07,0.08516041027377161,0
TCGA-B0-5116-01A-02R-1420-07,0.5813468236918022,1
TCGA-GF-A2C7-01A-11R-A18T-07,0.6508332515943077,1
TCGA-BH-A5J0-01A-11R-A27Q-07,0.5778209113077695,1
TCGA-66-2727-01A-01R-0980-07,0.7347717668128588,1
TCGA-CM-6163-01A-11R-1653-07,0.8879324909227719,1
TCGA-55-A490-01A-11R-A466-07,0.5142305395542792,0
TCGA-AA-3976-01A-01R-1022-07,0.06674904741962882,1
TCGA-A6-2679-01A-02R-1410-07,0.035983800927224155,0
TCGA-BP-5182-01A-01R-1426-07,0.6570257617918734,1
TCGA-56-8083-01A-11R-2247-07,0.5200597432676861,1
TCGA-55-8299-01A-11R-2287-07,0.5815980759098849,0
TCGA-LN-A8I1-01A-11R-A36D-31,0.033789145615937405,0
TCGA-SX-A7SU-01A-11R-A36F-07,0.7929018733695398,1
TCGA-E9-A295-01A-11R-A16F-07,0.5969865556572689,1
TCGA-EJ-7218-01B-11R-A32O-07,0.551187151219036,1
TCGA-E2-A2P5-01A-11R-A19W-07,0.5547027935620817,1
TCGA-A2-A0ES-01A-11R-A115-07,0.5779495638258783,1
TCGA-CK-5916-01A-11R-1653-07,0.8652802118072348,1
TCGA-EJ-A65E-01A-11R-A29R-07,0.5939261069376751,0
TCGA-OL-A66K-01A-11R-A29R-07,0.5722823249902133,1
TCGA-44-6774-01A-21R-1858-07,0.5496111611226283,1
TCGA-V1-A9Z7-01A-11R-A41O-07,0.603053288039122,1
TCGA-ER-A196-01A-11R-A18T-07,0.6457302824197434,1
TCGA-2J-AABI-01A-12R-A41B-07,0.5662049411930791,1
TCGA-GJ-A9DB-01A-11R-A37K-07,0.701335189289295,1
TCGA-A8-A0A7-01A-11R-A00Z-07,0.5682335289798384,1
TCGA-L5-A4ON-01A-11R-A260-31,0.038902369948427135,1
TCGA-F4-6806-01A-11R-1839-07,0.8800714663305507,0
TCGA-66-2792-01A-01R-0980-07,0.5873340892286296,1
TCGA-A8-A08R-01A-11R-A034-07,0.5174401395786994,1
TCGA-E2-A1LH-01A-11R-A14D-07,0.5857016594899647,1
TCGA-24-1550-01A-01R-1566-13,0.8503518900073168,0
TCGA-44-7660-01A-11R-2066-07,0.6009963241874651,1
TCGA-85-A53L-01A-21R-A26W-07,0.6012511832216482,0
TCGA-MR-A8JO-01A-12R-A36F-07,0.7986941715763266,1
TCGA-44-5643-01A-01R-1628-07,0.5435781801655373,1
TCGA-90-6837-01A-11R-1949-07,0.6052546364008661,0
TCGA-DD-AAC9-01A-11R-A41C-07,0.545744337251209,0
TCGA-BH-A203-01A-12R-A169-07,0.5475279259954008,1
TCGA-B8-4146-01B-11R-1672-07,0.2771755419605538,1
TCGA-24-1430-01A-01R-1566-13,0.7419487368336244,1
TCGA-BH-A5IZ-01A-11R-A27Q-07,0.5430558347175202,1
TCGA-78-7633-01A-11R-2066-07,0.5001440805727725,1
TCGA-A6-2686-01A-01R-A32Z-07,0.8929382765337591,1
TCGA-NC-A5HF-01A-11R-A26W-07,0.5425721256185737,1
TCGA-BQ-5882-01A-11R-1592-07,0.5916668461680892,1
TCGA-IB-AAUM-01A-11R-A37L-07,0.6554315718331244,1
TCGA-BF-AAP7-01A-11R-A40A-07,0.5940252176566853,1
TCGA-NJ-A4YG-01A-22R-A262-07,0.5662524180627151,0
TCGA-AA-3846-01A-01R-1022-07,0.08234924544780753,1
TCGA-UN-AAZ9-01A-11R-A38C-07,0.4504202574976835,0
TCGA-HC-A76X-01A-11R-A33R-07,0.4921054869051317,1
TCGA-25-2042-01A-01R-1568-13,0.7350631762373474,1
TCGA-F4-6459-01A-11R-1774-07,0.8938009306510909,1
TCGA-A7-A13F-01A-11R-A12P-07,0.5116845042753216,0
TCGA-A2-A0CP-01A-11R-A034-07,0.6109570669600107,1
TCGA-KK-A5A1-01A-11R-A29R-07,0.5450132930253367,0
TCGA-F2-6879-01A-11R-2156-07,0.5322112237948682,1
TCGA-A8-A099-01A-11R-A00Z-07,0.4733563555231264,1
TCGA-DD-AADP-01A-11R-A39D-07,0.5574888293926348,1
TCGA-A6-5657-01A-01R-A32Z-07,0.8948346127911393,1
TCGA-A8-A09M-01A-11R-A00Z-07,0.5354800740547843,1
TCGA-CH-5744-01A-11R-1580-07,0.5561445005782244,1
TCGA-43-6771-01A-11R-1820-07,0.45524298271909486,1
TCGA-LN-A4A5-01A-21R-A260-31,0.7122312206312501,1
TCGA-BH-A0BZ-01A-31R-A12P-07,0.5806191872715855,0
TCGA-05-4395-01A-01R-1206-07,0.47321001086618897,1
TCGA-BP-5178-01A-01R-1426-07,0.5607107468711414,1
TCGA-B6-A0RI-01A-11R-A056-07,0.5863529453154348,0
TCGA-63-A5MB-01A-11R-A26W-07,0.5314177152162021,1
TCGA-AQ-A04J-01A-02R-A034-07,0.587892705491421,1
TCGA-77-8133-01A-12R-2247-07,0.5740723870233571,0
TCGA-B0-5399-01A-01R-1503-07,0.6336485109222951,1
TCGA-B8-A54I-01A-21R-A33J-07,0.6278687126684699,1
TCGA-61-1910-01A-01R-1567-13,0.7955149713065224,1
TCGA-A8-A07R-01A-21R-A034-07,0.4769657387574735,1
TCGA-CJ-4905-01A-02R-1426-07,0.638342655915329,1
TCGA-AA-3525-01A-02R-0826-07,0.06841441039882397,1
TCGA-78-8662-01A-11R-2403-07,0.497434488884693,1
TCGA-B6-A0IB-01A-11R-A034-07,0.4936028356311596,0
TCGA-EJ-7328-01A-31R-2118-07,0.6009471826700457,1
TCGA-BQ-5875-01A-11R-1592-07,0.4991927851628531,1
TCGA-IB-7649-01A-11R-2156-07,0.581183965553528,0
TCGA-49-4494-01A-01R-1206-07,0.5604516413649379,1
TCGA-AR-A24P-01A-11R-A169-07,0.5732013550477956,1
TCGA-AA-3542-01A-02R-1873-07,0.03577006483108839,0
TCGA-DM-A28H-01A-11R-A16W-07,0.7764774136927867,0
TCGA-O2-A5IB-01A-11R-A27Q-07,0.40550231907439893,0
TCGA-A8-A06X-01A-21R-A00Z-07,0.5767990472097616,1
TCGA-BH-A28O-01A-11R-A22K-07,0.6175065330625632,1
TCGA-EJ-7115-01A-11R-2118-07,0.5692372121565722,1
TCGA-DW-5560-01A-01R-1592-07,0.49995762830136636,1
TCGA-29-1703-01A-01R-1567-13,0.03769141325172683,1
TCGA-AA-3680-01A-01R-0905-07,0.10307521465119841,1
TCGA-CC-A8HU-01A-11R-A36F-07,0.43474784546133577,1
TCGA-D8-A27P-01A-11R-A16F-07,0.589355207240533,1
TCGA-3P-A9WA-01A-11R-A406-31,0.7693648079488283,0
TCGA-BH-A1F6-01A-11R-A13Q-07,0.6061677395357201,1
TCGA-63-5128-01A-01R-1443-07,0.7492207370048666,0
TCGA-RC-A7SF-01A-11R-A352-07,0.46425471997441614,0
TCGA-BH-A202-01A-11R-A14M-07,0.5590323769639839,1
TCGA-DD-AAD8-01A-11R-A41C-07,0.46546384688611436,1
TCGA-EU-5904-01A-11R-1672-07,0.45406657226146396,1
TCGA-55-8508-01A-11R-2403-07,0.6498744535483741,1
TCGA-B3-A6W5-01A-12R-A33Z-07,0.58959407426655,0
TCGA-78-7155-01A-11R-2039-07,0.4682876608492186,1
TCGA-24-2297-01A-01R-1568-13,0.7366479538171922,0
TCGA-A8-A09W-01A-11R-A00Z-07,0.4704417737966735,1
TCGA-B9-4617-01A-01R-1193-07,0.48583274118024766,0
TCGA-A8-A09B-01A-11R-A00Z-07,0.5693844778854495,1
TCGA-JY-A6FA-01A-11R-A336-31,0.6036439982359717,1
TCGA-97-A4M1-01A-11R-A24X-07,0.5761429193785113,0
TCGA-GL-A9DD-01A-11R-A37K-07,0.8479402848261358,1
TCGA-A3-A6NN-01A-12R-A33J-07,0.561038355384586,1
TCGA-18-3416-01A-01R-0980-07,0.5410613753015873,1
TCGA-EJ-5515-01A-01R-1580-07,0.5229038207215133,1
TCGA-D5-6539-01A-11R-1723-07,0.8664542372853856,1
TCGA-BH-A18N-01A-11R-A12D-07,0.4679959764418712,0
TCGA-BP-4167-01A-02R-1325-07,0.5231277923745701,1
TCGA-A2-A0CR-01A-11R-A22K-07,0.5155393623213946,1
TCGA-56-8628-01A-11R-2403-07,0.5958067317728193,1
TCGA-55-8621-01A-11R-2403-07,0.5996770428038501,1
TCGA-CC-A7II-01A-11R-A33J-07,0.6270194363086365,1
TCGA-85-6560-01A-11R-1820-07,0.4814486616471538,1
TCGA-AR-A24W-01A-11R-A169-07,0.5433674398123849,1
TCGA-85-6175-01A-11R-1820-07,0.5574120665253859,1
TCGA-86-7954-01A-11R-2187-07,0.6063712037624809,1
TCGA-CC-A9FS-01A-11R-A37K-07,0.5939680452313277,1
TCGA-25-1870-01A-01R-1567-13,0.044574159889513736,1
TCGA-63-7022-01A-11R-1949-07,0.5927988460746604,1
TCGA-R6-A6KZ-01A-11R-A31P-31,0.8661241355991015,1
TCGA-AA-3562-01A-02R-0821-07,0.07012527498659882,1
TCGA-D5-6541-01A-11R-1723-07,0.8760570216755676,1
TCGA-PJ-A5Z8-01A-11R-A28H-07,0.6104029623917713,0
TCGA-BP-5010-01A-02R-1420-07,0.5637621756733117,0
TCGA-66-2790-01A-01R-0980-07,0.6037037831179816,1
TCGA-AL-A5DJ-01A-11R-A26U-07,0.6956560564220071,1
TCGA-AR-A0TR-01A-11R-A084-07,0.3899740147898627,0
TCGA-AA-3979-01A-01R-1022-07,0.05116859159099581,1
TCGA-A1-A0SJ-01A-11R-A084-07,0.5653766354960741,1
TCGA-AO-A0JA-01A-11R-A056-07,0.592626978253976,1
TCGA-86-A4JF-01A-11R-A24X-07,0.5908083242857994,1
TCGA-Z6-A8JD-01A-11R-A36D-31,0.819942016145567,1
TCGA-92-7341-01A-31R-2045-07,0.5157007600714065,1
TCGA-E2-A15O-01A-11R-A115-07,0.5758893223587522,0
TCGA-V1-A9O9-01A-11R-A41O-07,0.6787510664580646,1
TCGA-67-6215-01A-11R-1755-07,0.5225639679832457,0
TCGA-AY-6386-01A-21R-1723-07,0.8374632523601111,1
TCGA-LN-A4A3-01A-11R-A260-31,0.6180952920359698,1
TCGA-44-6778-01A-11R-1858-07,0.5405551249692575,0
TCGA-RU-A8FL-01A-11R-A37K-07,0.8079979087957243,1
TCGA-G3-AAV1-01A-11R-A38B-07,0.5657024947817971,0
TCGA-CH-5745-01A-11R-1580-07,0.5187217041923216,0
TCGA-85-8580-01A-31R-2403-07,0.5776158459834594,1
TCGA-AK-3454-01A-02R-1277-07,0.5630884905635706,1
TCGA-M7-A722-01A-12R-A36G-07,0.2902482406897838,1
TCGA-3A-A9IN-01A-11R-A39D-07,0.5208663985781387,1
TCGA-49-4501-01A-01R-1206-07,0.5761714663110152,1
TCGA-44-7667-01A-31R-2066-07,0.416920050006696,1
TCGA-86-7714-01A-12R-2170-07,0.5436154949290359,1
TCGA-34-5929-01A-11R-1820-07,0.543344289901509,0
TCGA-BC-A10R-01A-11R-A131-07,0.8654334024092906,1
TCGA-39-5027-01A-21R-1820-07,0.5062618646110342,1
TCGA-AA-A00E-01A-01R-A002-07,0.08303809834389926,1
TCGA-22-5473-01A-01R-1635-07,0.6034333760453799,0
TCGA-LL-A7T0-01A-31R-A352-07,0.6036490438462415,1
TCGA-13-1410-01A-01R-1565-13,0.688886412702514,1
TCGA-G9-6377-01A-11R-1965-07,0.5923273512086226,1
TCGA-EJ-7784-01A-11R-2118-07,0.6158179261988966,1
TCGA-51-4081-01A-01R-1100-07,0.5212782994890054,0
TCGA-5P-A9JW-01A-11R-A42S-07,0.5140997686683644,0
TCGA-DV-5567-01A-01R-1541-07,0.5627171008028656,1
TCGA-BH-A1FU-01A-11R-A14D-07,0.5851116345989258,0
TCGA-AR-A1AR-01A-31R-A137-07,0.5076610452660845,1
TCGA-43-7658-01A-11R-2125-07,0.5065635025727877,1
TCGA-BF-A1PU-01A-11R-A18S-07,0.48656479078135384,0
TCGA-CM-6171-01A-11R-1653-07,0.8657599090694177,1
TCGA-EW-A1J2-01A-21R-A13Q-07,0.6032092617289585,1
TCGA-UB-A7MF-01A-11R-A33J-07,0.5967904617291878,0
TCGA-DD-AAD0-01A-11R-A41C-07,0.5155308165932587,0
TCGA-85-6561-01A-11R-1820-07,0.620901278951124,1
TCGA-G9-6367-01A-11R-1789-07,0.5223009845074317,1
TCGA-DM-A1D9-01A-11R-A155-07,0.8303542336740354,1
TCGA-EJ-7783-01A-11R-2118-07,0.5800366824519286,1
TCGA-33-AASD-01A-11R-A405-07,0.741286257385141,1
TCGA-97-8177-01A-11R-2287-07,0.602409901925599,1
TCGA-NH-A6GA-01A-11R-A37K-07,0.8972960873246727,0
TCGA-BH-A1FC-01A-11R-A13Q-07,0.4554343777621776,1
TCGA-BP-4165-01A-02R-1289-07,0.5148310779516561,1
TCGA-AA-A02R-01A-01R-A00A-07,0.07904307111919946,1
TCGA-AD-6899-01A-11R-1928-07,0.8881764612142136,1
TCGA-LN-A4MQ-01A-11R-A28J-31,0.03145599645420633,1
TCGA-KK-A59Z-01A-12R-A26U-07,0.571064685444869,1
TCGA-MI-A75H-01A-11R-A32O-07,0.4305488036009795,0
TCGA-38-4630-01A-01R-1206-07,0.4966537837687799,1
TCGA-EP-A3RK-01A-11R-A22L-07,0.5661413699175482,1
TCGA-5C-A9VG-01A-11R-A37K-07,0.5413438195876709,1
TCGA-BH-A0E7-01A-11R-A034-07,0.48554668132940265,1
TCGA-AA-3956-01A-02R-1022-07,0.09070227131438001,0
TCGA-HC-8216-01A-11R-A29R-07,0.5846690436003522,1
TCGA-EJ-5519-01A-01R-1580-07,0.51307943070822,1
TCGA-AA-3949-01A-01R-1022-07,0.0888602803701832,0
TCGA-B0-5121-01A-02R-1420-07,0.5375734805624225,1
TCGA-10-0926-01A-01R-1564-13,0.026917419725293715,1
TCGA-AK-3451-01A-02R-1188-07,0.7248923414541937,1
TCGA-A8-A085-01A-11R-A00Z-07,0.477191741394449,0
TCGA-BH-A18M-01A-11R-A12D-07,0.6181417919602048,1
TCGA-G4-6315-01A-11R-1723-07,0.827555770907337,1
TCGA-MP-A4TE-01A-22R-A466-07,0.7478179010038628,1
TCGA-EB-A4IS-01A-21R-A266-07,0.6539591895797456,1
TCGA-AN-A0AS-01A-11R-A00Z-07,0.6396125457614946,1
TCGA-CW-5583-01A-02R-1541-07,0.6072866472849376,1
TCGA-BH-A18T-01A-11R-A12D-07,0.45153903325269024,0
TCGA-E9-A22E-01A-11R-A157-07,0.5580686818218878,1
TCGA-A2-A1FW-01A-11R-A13Q-07,0.4184105169459068,1
TCGA-H6-A45N-01A-11R-A26U-07,0.6533158663538379,1
TCGA-A2-A0SW-01A-11R-A084-07,0.5674145603775449,0
TCGA-B0-5712-01A-11R-1672-07,0.5506254087666055,1
TCGA-85-8277-01A-11R-2296-07,0.5550033895143275,1
TCGA-E2-A1II-01A-11R-A144-07,0.5080364577614971,1
TCGA-24-2267-01A-01R-1568-13,0.8851134181883442,1
TCGA-77-8131-01A-11R-2247-07,0.589354389502699,1
TCGA-3A-A9IZ-01A-12R-A41B-07,0.5398074586093082,0
TCGA-55-7816-01A-11R-2170-07,0.5694631943612409,1
TCGA-AA-3509-01A-01R-1410-07,0.08421732857890056,1
TCGA-25-1322-01A-01R-1565-13,0.7539771912046394,1
TCGA-35-5375-01A-01R-1628-07,0.4431871324022001,1
TCGA-CJ-4918-01A-01R-1426-07,0.5723466508131273,1
TCGA-ED-A66X-01A-11R-A311-07,0.7758817618246061,1
TCGA-FV-A3I0-01A-11R-A22L-07,0.7313807884007361,0
TCGA-AO-A0JG-01A-31R-A084-07,0.5449358940583526,1
TCGA-XJ-A9DK-01A-11R-A37L-07,0.5938737277352795,1
TCGA-BH-A0BT-01A-11R-A12P-07,0.5276489799311812,1
TCGA-29-1783-01A-01R-1567-13,0.746370763083521,0
TCGA-QG-A5Z1-01A-11R-A28H-07,0.8663418765644616,1
TCGA-F4-6805-01A-11R-1839-07,0.8921351747270186,1
TCGA-18-4086-01A-01R-1100-07,0.6158486019184127,1
TCGA-99-8028-01A-11R-2241-07,0.5772909690122764,1
TCGA-B0-5109-01A-02R-1420-07,0.6110814120251039,1
TCGA-E2-A1B6-01A-31R-A12P-07,0.5595039244090155,1
TCGA-S4-A8RM-01A-11R-A37L-07,0.5180305912980216,1
TCGA-49-4486-01A-01R-1206-07,0.4720392162401557,1
TCGA-E9-A248-01A-11R-A169-07,0.5006910365056939,1
TCGA-IB-AAUR-01A-21R-A38C-07,0.5396063296485388,1
TCGA-BC-A69I-01A-11R-A311-07,0.4372845388205494,1
TCGA-AC-A23G-01A-11R-A213-07,0.638847605939919,0
TCGA-DD-AADG-01A-11R-A41C-07,0.3815936128241788,0
TCGA-A8-A08S-01A-11R-A034-07,0.4995376735962395,1
TCGA-D8-A27G-01A-11R-A16F-07,0.6530028578839907,1
TCGA-A2-A0YT-01A-11R-A109-07,0.5513800857176803,1
TCGA-2H-A9GH-01A-11R-A37I-31,0.7411454708579869,1
TCGA-GM-A4E0-01A-12R-A266-07,0.5779266125243613,1
TCGA-86-8358-01A-11R-2326-07,0.4925817389048232,1
TCGA-39-5034-01A-01R-1443-07,0.634062646463169,1
TCGA-E9-A1N3-01A-12R-A157-07,0.44566891522005125,1
TCGA-91-8496-01A-11R-2403-07,0.5117338066589125,1
TCGA-KC-A7FE-01A-12R-A33R-07,0.6148895708988082,1
TCGA-04-1655-01A-01R-1566-13,0.03233312566732624,1
TCGA-A4-7584-01A-11R-2139-07,0.5286465292437293,1
TCGA-HZ-7918-01A-11R-2156-07,0.555040799344531,1
TCGA-AK-3440-01A-02R-1277-07,0.6678748029594913,0
TCGA-CZ-4857-01A-01R-1305-07,0.6252108527776411,1
TCGA-B9-4116-01A-02R-1351-07,0.6046506969775666,1
TCGA-DZ-6133-01A-11R-1965-07,0.4839271791566308,0
TCGA-J9-A52E-01A-11R-A26U-07,0.6139431294591268,1
TCGA-ER-A2NB-01A-12R-A18S-07,0.5125589084484057,1
TCGA-A3-3346-01A-01R-1766-07,0.6126422932128869,1
TCGA-3A-A9IO-01A-11R-A38C-07,0.3274307070086256,1
TCGA-BP-4325-01A-02R-1289-07,0.5005157263061825,1
TCGA-IB-7889-01A-11R-2156-07,0.5956734506615461,0
TCGA-A8-A07F-01A-11R-A00Z-07,0.5636903457444581,1
TCGA-78-7162-01A-21R-2066-07,0.5725392023057512,1
TCGA-IB-7644-01A-11R-2156-07,0.574221451281746,0
TCGA-36-1569-01A-01R-1566-13,0.7302521252408258,0
TCGA-52-7622-01A-11R-2125-07,0.593570702200965,1
TCGA-69-8453-01A-12R-2326-07,0.5609648010488089,1
TCGA-OL-A66N-01A-12R-A31O-07,0.546725195212584,1
TCGA-CC-A9FV-01A-11R-A37K-07,0.7465167999586525,1
TCGA-XD-AAUI-01A-42R-A41B-07,0.584889113738095,1
TCGA-GM-A2DN-01A-11R-A180-07,0.6327444875791894,0
TCGA-G3-A3CK-01A-11R-A213-07,0.48936281437272666,0
TCGA-BP-4771-01A-01R-1289-07,0.8293613109475318,0
TCGA-DD-AACO-01A-11R-A41C-07,0.3713185704247124,1
TCGA-75-7031-01A-11R-1949-07,0.5334806083316908,1
TCGA-24-1552-01A-01R-1566-13,0.6360628276096563,1
TCGA-85-8287-01A-11R-2296-07,0.5832437332085558,0
TCGA-AY-6197-01A-11R-1723-07,0.8836686702182188,1
TCGA-96-A4JK-01A-11R-A24Z-07,0.5661278149951455,1
TCGA-C8-A12Z-01A-11R-A115-07,0.517596542153697,1
TCGA-E9-A3Q9-01A-11R-A21T-07,0.5280649301367283,1
TCGA-AC-A8OR-01A-21R-A41B-07,0.610687964612813,1
TCGA-44-5644-01A-21R-2039-07,0.4957863083654429,1
TCGA-A2-A0T3-01A-21R-A115-07,0.4878886020231225,1
TCGA-A4-8098-01A-11R-2404-07,0.6361173956949064,1
TCGA-EB-A82C-01A-11R-A352-07,0.5662312504636011,0
TCGA-DM-A1D0-01A-11R-A155-07,0.8095852016830396,1
TCGA-BF-AAP1-01A-11R-A39D-07,0.6347696619144619,1
TCGA-S3-AA12-01A-11R-A41B-07,0.446624882450123,0
TCGA-24-2024-01A-02R-1568-13,0.8648667634197735,1
TCGA-24-2026-01A-01R-1567-13,0.6764324646526093,1
TCGA-G7-6796-01A-11R-1965-07,0.5779753072096147,1
TCGA-AL-3473-01A-01R-1193-07,0.5109756534425104,1
TCGA-Y8-A894-01A-11R-A36F-07,0.49594553803806496,1
TCGA-22-5483-01A-01R-1820-07,0.7811340972847975,1
TCGA-CJ-4644-01A-02R-1325-07,0.574373120093608,1
TCGA-22-5489-01A-01R-1635-07,0.6111441121265275,1
TCGA-D8-A1JP-01A-11R-A13Q-07,0.5883326311802725,0
TCGA-B9-A5W9-01A-11R-A28H-07,0.5899249446786223,1
TCGA-13-0886-01A-01R-1569-13,0.877808127865589,1
TCGA-EB-A4P0-01A-41R-A266-07,0.5695832333685418,1
TCGA-G4-6307-01A-11R-1723-07,0.8145427774400319,0
TCGA-DD-AAEH-01A-11R-A41C-07,0.47084074854510205,1
TCGA-FV-A2QQ-01A-11R-A22L-07,0.48470489590291005,0
TCGA-MP-A4SW-01A-21R-A24X-07,0.5749575558463819,1
TCGA-P4-A5ED-01A-11R-A28H-07,0.4717345709079469,1
TCGA-CA-6719-01A-11R-1839-07,0.870640608353944,1
TCGA-AY-4071-01A-01R-1113-07,0.08389031489413454,1
TCGA-B8-4622-01A-02R-1277-07,0.5437640200629279,1
TCGA-AO-A1KP-01A-11R-A13Q-07,0.44554357141557643,1
TCGA-A8-A081-01A-11R-A00Z-07,0.45023815740786305,0
TCGA-24-2262-01A-01R-1568-13,0.7763404440010022,1
TCGA-3A-A9I7-01A-21R-A38C-07,0.5853266227558197,1
TCGA-A2-A0CW-01A-21R-A115-07,0.513232457822285,1
TCGA-UZ-A9Q0-01A-12R-A42S-07,0.4924917051362574,1
TCGA-56-8082-01A-11R-2247-07,0.4994583779633061,0
TCGA-39-5019-01A-01R-1820-07,0.6318267131755227,1
TCGA-G3-A5SI-01A-31R-A27V-07,0.48934038590808515,1
TCGA-A2-A0EX-01A-21R-A034-07,0.606326824325653,1
TCGA-AR-A2LJ-01A-12R-A19W-07,0.5980731030147226,1
TCGA-R6-A6DN-01B-11R-A31P-31,0.6695908682109402,1
TCGA-B0-4842-01A-02R-1420-07,0.45974344926110355,1
TCGA-90-A4EE-01A-11R-A24Z-07,0.6081306828033352,0
TCGA-DW-7834-01A-11R-2139-07,0.5784125246142664,1
TCGA-A3-3317-01A-02R-1325-07,0.5982864061534429,1
TCGA-LN-A7HY-01A-12R-A354-31,0.857379292415252,0
TCGA-B0-5080-01A-01R-1503-07,0.55733284432,1
TCGA-DD-AAW3-01A-11R-A41C-07,0.5350216861399454,1
TCGA-CM-5862-01A-01R-1653-07,0.8341876560259462,1
TCGA-G9-6494-01A-11R-1789-07,0.5160634190971146,0
TCGA-2J-AABT-01A-11R-A41B-07,0.5802610455931065,1
TCGA-AA-3693-01A-01R-0905-07,0.07704713973805657,0
TCGA-2V-A95S-01A-11R-A37K-07,0.6011765139260151,1
TCGA-44-7669-01A-21R-2066-07,0.5102310755193323,0
TCGA-BP-5008-01A-01R-1334-07,0.5816763929086353,1
TCGA-D5-6920-01A-11R-1928-07,0.8917928946434819,1
TCGA-K7-A5RG-01A-11R-A28V-07,0.6916596401762523,1
TCGA-BP-4795-01A-02R-1420-07,0.5491945107176458,1
TCGA-18-3419-01A-01R-0980-07,0.5474543284352653,0
TCGA-G9-6332-01A-11R-1789-07,0.43072906200672784,1
TCGA-56-8309-01A-11R-2296-07,0.5951990904129325,1
TCGA-AC-A23E-01A-11R-A157-07,0.5829860757669449,1
TCGA-BQ-7046-01A-11R-1965-07,0.5401545722393102,1
TCGA-AN-A0AT-01A-11R-A034-07,0.5393617910441088,1
TCGA-BH-A0E9-01B-11R-A115-07,0.5737215535089868,0
TCGA-AA-3663-01A-01R-1723-07,0.8317031085349335,1
TCGA-A2-A0YI-01A-31R-A10J-07,0.5563830283906811,1
TCGA-34-8456-01A-21R-2326-07,0.5785946861144587,1
TCGA-AR-A1AJ-01A-21R-A12P-07,0.624512612920954,1
TCGA-44-6145-01A-11R-1755-07,0.5835947056587693,1
TCGA-BP-4344-01A-01R-1289-07,0.5192644105461266,1
TCGA-5C-A9VH-01A-11R-A37K-07,0.6476966225552697,1
TCGA-62-8399-01A-21R-2326-07,0.5423818321683193,0
TCGA-A8-A08T-01A-21R-A00Z-07,0.5559318495748701,1
TCGA-56-7222-01A-11R-2045-07,0.5010271268657496,0
TCGA-PZ-A5RE-01A-11R-A32O-07,0.5471118943504533,1
TCGA-EJ-5509-01A-01R-1580-07,0.6001407590645267,0
TCGA-58-8392-01A-11R-2326-07,0.4925250679435717,1
TCGA-18-5595-01A-01R-1635-07,0.5044266028008262,1
TCGA-29-1695-01A-01R-1567-13,0.6998257163524763,1
TCGA-B0-4833-01A-01R-1305-07,0.5378046152544106,1
TCGA-D8-A27E-01A-11R-A16F-07,0.49516051624760193,0
TCGA-BH-A209-01A-11R-A157-07,0.5341425393178961,1
TCGA-BH-A0W4-01A-11R-A109-07,0.5633363865300118,0
TCGA-DV-5565-01A-01R-1541-07,0.5726580134166853,0
TCGA-94-A5I6-01A-21R-A27Q-07,0.5784209297561421,0
TCGA-61-1725-01A-01R-1567-13,0.8397488761536446,1
TCGA-B0-5098-01A-01R-1420-07,0.5465309399555829,1
TCGA-13-0905-01B-01R-1565-13,0.8144044490247887,1
TCGA-AA-3667-01A-01R-0905-07,0.0417842754286106,1
TCGA-D8-A1XC-01A-11R-A14D-07,0.46910271079572724,0
TCGA-J4-A6M7-01A-11R-A31N-07,0.48397304308476885,1
TCGA-24-1544-01A-01R-1566-13,0.03335119053171438,0
TCGA-YL-A9WJ-01A-11R-A37L-07,0.592698297232085,1
TCGA-29-1785-01A-01R-1567-13,0.730917224793218,0
TCGA-98-8020-01A-11R-2247-07,0.5553325755858708,0
TCGA-XJ-A9DQ-01A-11R-A37L-07,0.5650349755408832,0
TCGA-C8-A8HP-01A-11R-A36F-07,0.5791096751604806,1
TCGA-B0-5096-01A-01R-1420-07,0.5547598492571771,1
TCGA-E9-A3QA-01A-61R-A22K-07,0.5945815745969756,1
TCGA-BH-A0WA-01A-11R-A109-07,0.5548153034220917,1
TCGA-66-2791-01A-01R-0980-07,0.6269211842284247,1
TCGA-BH-A0HN-01A-11R-A10U-07,0.4002517087455855,1
TCGA-F4-6463-01A-11R-1723-07,0.8841278218665042,0
TCGA-A2-A1FZ-01A-51R-A14D-07,0.6083746441583606,1
TCGA-VP-AA1N-01A-31R-A41O-07,0.5962167982305409,1
TCGA-A3-3359-01A-01R-0864-07,0.633618299124195,1
TCGA-AN-A049-01A-21R-A00Z-07,0.5551350904066813,1
TCGA-CZ-5462-01A-01R-1503-07,0.43990727082132114,1
TCGA-CM-6165-01A-11R-1653-07,0.8737066201523842,1
TCGA-DD-A3A3-01A-11R-A22L-07,0.36955711956905885,1
TCGA-AO-A125-01A-11R-A10J-07,0.43947004747935453,1
TCGA-69-7760-01A-11R-2170-07,0.48108398209865066,1
TCGA-KC-A7FD-01A-11R-A33R-07,0.5668000347615406,0
TCGA-UZ-A9PK-01A-11R-A38C-07,0.5570727581199226,1
TCGA-62-8398-01A-11R-2326-07,0.6089856428322702,1
TCGA-B0-4698-01A-01R-1503-07,0.5995051306709865,1
TCGA-L5-A88V-01A-11R-A354-31,0.028618722446093887,1
TCGA-3A-A9IX-01A-11R-A41B-07,0.5927468431340996,1
TCGA-55-A4DG-01A-11R-A24H-07,0.5370189813442449,1
TCGA-EW-A424-01A-11R-A24H-07,0.5875246042327881,1
TCGA-60-2706-01A-01R-0851-07,0.5235011990956726,1
TCGA-IA-A40U-01A-11R-A24Z-07,0.5515632676127981,1
TCGA-GM-A3XG-01A-31R-A24H-07,0.5908289187293784,0
TCGA-ZR-A9CJ-01B-11R-A38D-31,0.6922482405177338,1
TCGA-BH-A18G-01A-11R-A12D-07,0.5498492309336345,1
TCGA-G9-6384-01A-11R-1789-07,0.5655660980842874,0
TCGA-67-6216-01A-11R-1755-07,0.5529782718089958,1
TCGA-13-1488-01A-01R-1565-13,0.6822542859986055,1
TCGA-G9-6343-01A-21R-1965-07,0.028718471901217863,1
TCGA-90-A59Q-01A-11R-A26W-07,0.6277640654631329,1
TCGA-CW-5580-01A-01R-1672-07,0.5586832639565154,1
TCGA-25-1625-01A-01R-1566-13,0.8845071154874024,1
TCGA-EJ-A8FS-01A-11R-A352-07,0.47141427410976755,1
TCGA-CM-6164-01A-11R-1653-07,0.8937387811673616,0
TCGA-29-1763-01A-02R-1567-13,0.7351949389063418,0
TCGA-97-7941-01A-11R-2187-07,0.5911752824963524,1
TCGA-B0-4696-01A-01R-1277-07,0.3804706305124959,1
TCGA-AA-3675-01A-02R-0905-07,0.8579160361249301,1
TCGA-HC-A6AS-01A-11R-A30B-07,0.5687800257999671,1
TCGA-LN-A7HW-01A-22R-A354-31,0.6480103580150005,1
TCGA-50-6595-01A-12R-1858-07,0.5258630596935601,0
TCGA-05-4433-01A-22R-1858-07,0.5266505546050813,1
TCGA-B0-5113-01A-01R-1420-07,0.5048437386442008,1
TCGA-OL-A66I-01A-21R-A29R-07,0.5796127134025209,1
TCGA-GM-A2DL-01A-11R-A18M-07,0.6262562817157465,1
TCGA-10-0934-01A-02R-1564-13,0.023011020172422264,1
TCGA-B1-5398-01A-02R-1592-07,0.5042447108830429,1
TCGA-09-1667-01C-01R-1566-13,0.03974724020529026,1
TCGA-69-7979-01A-11R-2187-07,0.5625018620461061,1
TCGA-22-1017-01A-01R-0692-07,0.628304476642575,1
TCGA-BP-4759-01A-01R-1289-07,0.8223850563915245,1
TCGA-ED-A459-01A-11R-A266-07,0.5661903966804889,1
TCGA-EB-A51B-01A-11R-A27Q-07,0.5359807292304907,1
TCGA-CW-6090-01A-11R-1672-07,0.5080277006834926,1
TCGA-AA-3968-01A-01R-1022-07,0.09217108159315178,1
TCGA-85-8276-01A-11R-2296-07,0.6291363984846461,1
TCGA-D5-6924-01A-11R-1928-07,0.8859942692749492,1
TCGA-95-7947-01A-11R-2187-07,0.524251739779057,1
TCGA-50-5932-01A-11R-1755-07,0.4992377080197577,1
TCGA-G9-6342-01A-11R-1965-07,0.5893529941477693,1
TCGA-BH-A0H9-01A-11R-A056-07,0.579759245335937,1
TCGA-AR-A24X-01A-11R-A169-07,0.5624887314624402,1
TCGA-A4-A5Y1-01A-11R-A28H-07,0.5461667297586198,1
TCGA-AR-A1AV-01A-21R-A12P-07,0.5017854080894918,1
TCGA-33-4582-01A-01R-1443-07,0.7480025943763337,1
TCGA-A7-A0DC-01B-04R-A22O-07,0.3536941173492008,1
TCGA-E9-A245-01A-22R-A16F-07,0.5420003889209609,1
TCGA-LN-A49Y-01A-11R-A260-31,0.8197431875202944,1
TCGA-BP-4960-01A-01R-1334-07,0.5372768808488625,1
TCGA-CJ-4641-01A-02R-1325-07,0.5921175079892426,1
TCGA-55-7281-01A-11R-2039-07,0.6015329561378637,1
TCGA-AA-3870-01A-01R-1022-07,0.08217636094530016,1
TCGA-MI-A75E-01A-11R-A32O-07,0.5686060563954929,1
TCGA-DD-A1EF-01A-11R-A131-07,0.6628374036361745,1
TCGA-VR-A8EX-01A-11R-A36D-31,0.03486262915067228,1
TCGA-56-8504-01A-11R-2403-07,0.6184724706003497,1
TCGA-MG-AAMC-01A-11R-A41O-07,0.443654776126552,0
TCGA-56-A49D-01A-11R-A24H-07,0.6029563435079571,1
TCGA-39-5022-01A-21R-1820-07,0.5793640863250445,0
TCGA-55-7573-01A-11R-2039-07,0.5538351098585931,0
TCGA-13-0730-01A-01R-1564-13,0.8323479886208849,1
TCGA-D5-6538-01A-11R-1723-07,0.8523858835910861,1
TCGA-2Y-A9GU-01A-11R-A38B-07,0.43455637326359614,0
TCGA-YL-A8HJ-01A-11R-A36G-07,0.6800544718278537,1
TCGA-05-4396-01A-21R-1858-07,0.6002483573802719,1
TCGA-E2-A1LL-01A-11R-A144-07,0.5380695195400519,1
TCGA-24-2281-01A-01R-1568-13,0.8372307820966468,1
TCGA-33-A4WN-01A-11R-A262-07,0.5812829788207922,1
TCGA-CZ-5985-01A-11R-1672-07,0.501427529647029,1
TCGA-GN-A263-01A-11R-A18T-07,0.42976901593669614,1
TCGA-E9-A1RE-01A-11R-A157-07,0.45296097406851865,1
TCGA-E2-A15M-01A-11R-A12D-07,0.5433978520226946,0
TCGA-HC-8262-01A-11R-2263-07,0.5886331130627118,1
TCGA-DM-A0X9-01A-11R-A155-07,0.8361354043825887,1
TCGA-A7-A4SC-01A-12R-A266-07,0.5699196085221254,0
TCGA-AN-A04A-01A-21R-A034-07,0.5537802303331838,0
TCGA-QA-A7B7-01A-11R-A32O-07,0.4706498190717266,1
TCGA-29-2427-01A-01R-1569-13,0.8722856435362494,0
TCGA-25-1633-01A-01R-1566-13,0.8844494186586936,1
TCGA-85-A510-01A-11R-A26W-07,0.532951638916693,1
TCGA-75-5147-01A-01R-1628-07,0.5367277653812357,0
TCGA-D3-A5GT-01A-12R-A311-07,0.4355347625146694,1
TCGA-49-AARR-01A-11R-A41B-07,0.5909587913806418,1
TCGA-CH-5740-01A-11R-1580-07,0.5680989560204822,1
TCGA-BH-A0W3-01A-11R-A109-07,0.541220698430707,1
TCGA-13-1487-01A-01R-1565-13,0.8576147031367424,1
TCGA-CZ-5464-01A-01R-1503-07,0.6831834110421378,0
TCGA-HC-A8D1-01A-11R-A36G-07,0.5725217326982637,1
TCGA-13-0884-01B-01R-1565-13,0.6518326066267088,0
TCGA-D8-A1JD-01A-11R-A13Q-07,0.5736731336039024,1
TCGA-61-2009-01A-01R-1568-13,0.8721769204004657,0
TCGA-J4-A67N-01A-11R-A30B-07,0.7288051021080979,1
TCGA-66-2788-01A-01R-0980-07,0.6598372058279544,1
TCGA-EJ-5501-01A-01R-1580-07,0.6223357603681151,1
TCGA-BC-4072-01B-11R-A155-07,0.7345025085055639,1
TCGA-LN-A5U7-01A-11R-A31P-31,0.7743707236107127,1
TCGA-IG-A4QT-01A-21R-A260-31,0.6124514137313125,1
TCGA-YL-A9WX-01A-21R-A41O-07,0.6718955294930672,1
TCGA-3A-A9IL-01A-11R-A38C-07,0.4246777589869118,1
TCGA-AD-6965-01A-11R-1928-07,0.8643486582814323,1
TCGA-60-2704-01A-11R-2045-07,0.5531469638890439,1
TCGA-AA-3514-01A-02R-0821-07,0.042228429633788776,1
TCGA-IB-A5ST-01A-11R-A32O-07,0.5653268430001467,1
TCGA-BH-A0DQ-01A-11R-A084-07,0.6070682357622345,1
TCGA-D8-A1XY-01A-11R-A14M-07,0.5400664213904627,1
TCGA-ZG-A9LB-01A-11R-A41O-07,0.5239894121910378,1
TCGA-L5-A4OR-01A-11R-A260-31,0.6624793742889995,1
TCGA-LD-A74U-01A-13R-A33J-07,0.6155749880673831,1
TCGA-B8-4148-01A-02R-1325-07,0.6268138696929232,1
TCGA-77-8009-01A-11R-2187-07,0.49973242600864515,1
TCGA-55-7574-01A-11R-2039-07,0.54902435773836,1
TCGA-XA-A8JR-01A-11R-A36G-07,0.6316301299346632,0
TCGA-B0-5095-01A-01R-1420-07,0.5670366114150278,1
TCGA-NC-A5HE-01A-11R-A26W-07,0.5775694470819119,1
TCGA-RC-A6M4-01A-11R-A32O-07,0.5018961873329276,1
TCGA-EJ-A8FN-01A-11R-A352-07,0.5852782802555718,1
TCGA-2Z-A9JK-01A-11R-A42S-07,0.6350371731533488,1
TCGA-69-8254-01A-11R-2287-07,0.5377899442422232,0
TCGA-67-6217-01A-11R-1755-07,0.5696253692085146,1
TCGA-55-7994-01A-11R-2187-07,0.52256425536931,1
TCGA-55-8090-01A-11R-2241-07,0.5265819463023995,0
TCGA-LN-A5U5-01A-21R-A28J-31,0.6212399301128818,1
TCGA-66-2768-01A-01R-0851-07,0.7338187964627962,1
TCGA-WQ-AB4B-01A-11R-A41C-07,0.46031878180836455,1
TCGA-77-6844-01A-11R-1949-07,0.5944566920036951,1
TCGA-A8-A07Z-01A-11R-A00Z-07,0.5205323859607895,1
TCGA-AA-3977-01A-01R-1022-07,0.07179474199069817,0
TCGA-AC-A3W7-01A-11R-A22K-07,0.6123487231217362,1
TCGA-CC-5263-01A-01R-A131-07,0.6861204920443086,1
TCGA-18-3411-01A-01R-0980-07,0.021112490299551482,1
TCGA-DM-A0XD-01A-12R-A155-07,0.8474990202177735,0
TCGA-OL-A5RU-01A-11R-A28M-07,0.6162123073552965,1
TCGA-33-AASB-01A-11R-A405-07,0.5900275426616921,1
TCGA-B6-A0RG-01A-11R-A056-07,0.5278089447713779,1
TCGA-DD-AAC8-01A-11R-A41C-07,0.5145914925404056,1
TCGA-VP-A87D-01A-11R-A352-07,0.49060436886581266,1
TCGA-BH-A0HX-01A-21R-A056-07,0.5863073019400566,1
TCGA-BP-4353-01A-02R-1289-07,0.5092593449275797,0
TCGA-66-2793-01A-01R-1201-07,0.5417934909226051,1
TCGA-E2-A15A-01A-11R-A12D-07,0.551727574295279,1
TCGA-61-2094-01A-01R-1568-13,0.7256857842522657,0
TCGA-AA-3502-01A-01R-1410-07,0.07579491439668257,1
TCGA-E9-A22G-01A-11R-A157-07,0.42244679985556793,1
TCGA-A3-3325-01A-01R-0864-07,0.5796850658877195,0
TCGA-BP-4176-01A-02R-1289-07,0.5774792923207932,1
TCGA-09-1669-01A-01R-1566-13,0.6806276650570438,1
TCGA-04-1365-01A-01R-1565-13,0.6836249489771739,1
TCGA-2Z-A9JS-01A-21R-A42S-07,0.5838883357756086,1
TCGA-AR-A0U4-01A-11R-A109-07,0.5453458601068757,1
TCGA-B0-5713-01A-11R-1672-07,0.5353159976828823,0
TCGA-L3-A4E7-01A-11R-A24Z-07,0.5985494899995608,1
TCGA-G7-6795-01A-11R-1965-07,0.44658020424084793,0
TCGA-AY-5543-01A-01R-1653-07,0.8087323649500545,0
TCGA-G4-6294-01A-11R-1774-07,0.8427160222438321,1
TCGA-CM-5344-01A-21R-1723-07,0.9056960033249144,0
TCGA-TK-A8OK-01A-22R-A36G-07,0.5895241040954958,0
TCGA-VR-AA4G-01A-11R-A37I-31,0.8163929899210547,1
TCGA-JY-A93C-01A-11R-A38D-31,0.8732652388248797,1
TCGA-G9-6356-01A-11R-1789-07,0.6198076575407047,0
TCGA-A2-A0ER-01A-21R-A034-07,0.5091516704557645,1
TCGA-62-A46O-01A-11R-A24H-07,0.4610775368267531,1
TCGA-BQ-5885-01A-11R-1592-07,0.5102461232509679,1
TCGA-E2-A1IN-01A-11R-A13Q-07,0.5919780327793754,1
TCGA-NJ-A55R-01A-11R-A262-07,0.6140032313758077,0
TCGA-A3-3383-01A-02R-1325-07,0.47374301125982804,1
TCGA-B4-5844-01A-11R-1672-07,0.5418738283821408,1
TCGA-CJ-5676-01A-11R-1541-07,0.5960466330598096,1
TCGA-MH-A561-01A-11R-A26U-07,0.5623759965819379,1
TCGA-96-A4JL-01A-11R-A24Z-07,0.8061137165449479,0
TCGA-KK-A6DY-01A-12R-A311-07,0.6155324266106776,1
TCGA-2Z-A9JP-01A-11R-A42S-07,0.5747450862534548,1
TCGA-VR-A8ER-01A-11R-A36D-31,0.8222940314676084,1
TCGA-24-2288-01A-01R-1568-13,0.752006938848404,1
TCGA-A8-A0AD-01A-11R-A056-07,0.5113969547649267,1
TCGA-B6-A0IQ-01A-11R-A034-07,0.44927547688062025,1
TCGA-DM-A28A-01A-21R-A32Y-07,0.8732971533971212,1
TCGA-09-0369-01A-01R-1564-13,0.8067544674182919,1
TCGA-G7-A8LD-01A-11R-A36F-07,0.6343663669836709,1
TCGA-A4-7732-01A-11R-2139-07,0.6497257602146161,1
TCGA-QU-A6IP-01A-11R-A31N-07,0.5874713814358714,1
TCGA-DD-A1EG-01A-11R-A213-07,0.5426447424950096,0
TCGA-BP-5004-01A-01R-1334-07,0.5357224170660663,0
TCGA-BP-5006-01A-01R-1334-07,0.5564380734922896,1
TCGA-A6-6781-01A-22R-A278-07,0.9023345834351073,1
TCGA-CA-5255-01A-11R-1839-07,0.8605217595458391,0
TCGA-66-2782-01A-01R-0851-07,0.8020067060141471,1
TCGA-MP-A4SY-01A-21R-A24X-07,0.5723602730757079,1
TCGA-44-3398-01A-01R-1107-07,0.5007169511386971,1
TCGA-97-8171-01A-11R-2287-07,0.5032842535305632,1
TCGA-BH-A0BG-01A-11R-A115-07,0.5678384648783408,0
TCGA-B0-4834-01A-01R-1305-07,0.03145345446711909,0
TCGA-A2-A25B-01A-11R-A169-07,0.5086763078746613,1
TCGA-70-6723-01A-11R-1820-07,0.4947370976022941,1
TCGA-KK-A8IJ-01A-11R-A352-07,0.5198604171083729,1
TCGA-CZ-5986-01A-11R-1672-07,0.45330070111940857,1
TCGA-BH-A1EN-01A-11R-A13Q-07,0.48457451102323235,1
TCGA-CH-5768-01A-11R-1580-07,0.5532636213316304,1
TCGA-B0-4846-01A-01R-1277-07,0.5213626467295934,1
TCGA-E2-A2P6-01A-11R-A19W-07,0.5261648604966926,1
TCGA-AK-3434-01A-02R-1277-07,0.6385319459843751,1
TCGA-WW-A8ZI-01A-11R-A37L-07,0.47966916618007355,1
TCGA-56-7730-01A-11R-2125-07,0.500928634218903,1
TCGA-3A-A9I9-01A-11R-A38C-07,0.5942058650013786,0
TCGA-EP-A2KC-01A-11R-A213-07,0.6655945398528988,1
TCGA-AO-A1KO-01A-31R-A13Q-07,0.4914016889090509,1
TCGA-BH-A18K-01A-11R-A12D-07,0.6000227717704599,1
TCGA-D8-A147-01A-11R-A115-07,0.5314608120468348,1
TCGA-24-0979-01A-01R-1565-13,0.6486102811108079,0
TCGA-HC-7821-01A-12R-2118-07,0.5633934461197981,1
TCGA-3A-A9IU-01A-11R-A39D-07,0.5716235344939423,1
TCGA-AC-A3QP-01A-11R-A22U-07,0.6139089439732771,1
TCGA-E9-A226-01A-21R-A157-07,0.48164476868738065,1
TCGA-MP-A4T7-01A-11R-A24X-07,0.6070531363660144,1
TCGA-HE-7129-01A-11R-1965-07,0.5111471454057658,1
TCGA-91-7771-01A-11R-2170-07,0.5634146614026779,1
TCGA-CC-A7IK-01A-12R-A33R-07,0.4945583590373099,1
TCGA-AD-6895-01A-11R-1928-07,0.8639379661838582,1
TCGA-2Z-A9JN-01A-21R-A42S-07,0.5452649145415226,1
TCGA-Y8-A898-01A-11R-A355-07,0.8181136459169501,1
TCGA-24-1545-01A-01R-1566-13,0.790448675572909,1
TCGA-60-2711-01A-01R-0851-07,0.5982922279774293,1
TCGA-US-A77G-01A-11R-A32O-07,0.5263763987094644,1
TCGA-44-5645-01B-04R-A277-07,0.27959127215847096,1
TCGA-23-1109-01A-01R-1564-13,0.6594908737113061,1
TCGA-DD-A1EJ-01A-11R-A155-07,0.547829212277354,1
TCGA-CK-6748-01A-11R-1839-07,0.8673667941734217,0
TCGA-HE-A5NH-01A-11R-A26U-07,0.5836373567148699,0
TCGA-LL-A50Y-01A-11R-A266-07,0.484577031090936,1
TCGA-BP-5173-01A-01R-1426-07,0.5461378720162604,0
TCGA-V1-A9O7-01A-21R-A41O-07,0.6692892205591687,0
TCGA-L5-A4OJ-01A-11R-A260-31,0.6449907641760507,1
TCGA-05-4434-01A-01R-1206-07,0.623284821880761,1
TCGA-AZ-4682-01B-01R-A32Z-07,0.8626807100183881,1
TCGA-D8-A1J9-01A-11R-A13Q-07,0.5195948556071552,1
TCGA-CH-5746-01A-11R-1580-07,0.5752972457137465,0
TCGA-KV-A6GD-01A-11R-A31O-07,0.5963574010064039,1
TCGA-B0-4707-01A-01R-1277-07,0.5887199548648592,1
TCGA-58-8393-01A-11R-2326-07,0.5847843799257816,1
TCGA-FV-A495-01A-11R-A266-07,0.5420848123809455,1
TCGA-99-8033-01A-11R-2241-07,0.5345791314306596,1
TCGA-77-8139-01A-11R-2247-07,0.6006205206157741,1
TCGA-ED-A5KG-01A-11R-A27V-07,0.7650376248912594,1
TCGA-94-7033-01A-11R-1949-07,0.6065405686995301,1
TCGA-AA-3530-01A-01R-1022-07,0.0921112123330794,1
TCGA-ZG-A9L1-01A-11R-A41O-07,0.5405566531270266,1
TCGA-FR-A3R1-01A-11R-A239-07,0.43855696442507036,1
TCGA-2Z-A9JL-01A-11R-A42S-07,0.5878786649415316,1
TCGA-20-0987-01A-02R-1564-13,0.027122946480590458,0
TCGA-59-2363-01A-01R-1569-13,0.8387627837423527,1
TCGA-24-1419-01A-01R-1565-13,0.6789683846328952,1
TCGA-BH-A1FH-01A-12R-A13Q-07,0.5844263055623603,1
TCGA-B6-A0IA-01A-11R-A034-07,0.39054690957137816,1
TCGA-98-7454-01A-11R-2045-07,0.6361989486171536,0
TCGA-5P-A9JZ-01A-11R-A42S-07,0.5671616160816798,1
TCGA-55-6984-01A-11R-1949-07,0.6437794464522758,1
TCGA-HC-8264-01B-11R-2403-07,0.5585300763258666,1
TCGA-G4-6314-01A-11R-1723-07,0.8865541059673409,1
TCGA-68-8250-01A-11R-2296-07,0.587428279345719,1
TCGA-29-1769-01A-01R-1567-13,0.6903517899420515,0
TCGA-EU-5905-01A-11R-1672-07,0.617976341867561,1
TCGA-F9-A7Q0-01A-11R-A36F-07,0.4866094042353883,1
TCGA-DD-AACN-01A-11R-A41C-07,0.6587137933086399,0
TCGA-A8-A079-01A-21R-A00Z-07,0.5224289087376347,1
TCGA-D8-A1JN-01A-11R-A13Q-07,0.497044554717285,1
TCGA-A8-A08B-01A-11R-A00Z-07,0.5346356418457545,1
TCGA-JY-A6FD-01A-11R-A336-31,0.8029834017606018,1
TCGA-A8-A086-01A-11R-A00Z-07,0.5555919208286746,1
TCGA-13-2060-01A-01R-1568-13,0.6812891516660934,1
TCGA-HC-8265-01B-04R-2302-07,0.3414622792505901,1
TCGA-S4-A8RP-01A-11R-A36G-07,0.5899592237878999,1
TCGA-A8-A09Z-01A-11R-A00Z-07,0.5269749503302409,1
TCGA-CK-6751-01A-11R-1839-07,0.8870454356593753,0
TCGA-RB-A7B8-01A-12R-A33R-07,0.5811402827354192,1
TCGA-68-7755-01A-11R-2125-07,0.5343586000031287,0
TCGA-66-2759-01A-01R-0851-07,0.5575881597331717,1
TCGA-AA-A00J-01A-02R-A002-07,0.10147752073471804,1
TCGA-L5-A8NL-01A-12R-A37I-31,0.6964742649541419,1
TCGA-24-1557-01A-01R-1566-13,0.7566425239404068,1
TCGA-A7-A3IY-01A-21R-A21T-07,0.6165199935031811,1
TCGA-B8-4151-01A-01R-1188-07,0.4913030963404106,1
TCGA-61-1914-01A-01R-1567-13,0.03598438432383333,1
TCGA-IG-A3Y9-01A-12R-A24K-31,0.8505238169034676,1
TCGA-L5-A891-01A-11R-A36D-31,0.7805192917919711,1
TCGA-BP-4983-01A-01R-1334-07,0.6278095032271374,1
TCGA-04-1514-01A-01R-1566-13,0.6426882769884149,1
TCGA-NJ-A55A-01A-11R-A262-07,0.5753978122684351,1
TCGA-A8-A09I-01A-22R-A034-07,0.544637936496945,1
TCGA-AR-A251-01A-12R-A169-07,0.4581835288446101,1
TCGA-60-2715-01A-01R-0851-07,0.6182828954352774,1
TCGA-D9-A4Z3-01A-11R-A266-07,0.5855942642853053,1
TCGA-E2-A14Q-01A-11R-A12D-07,0.570527577932737,0
TCGA-EW-A1P7-01A-21R-A144-07,0.5992532296136627,1
TCGA-HV-AA8X-01A-11R-A39D-07,0.5441072337580776,1
TCGA-ZG-A9L4-01A-11R-A41O-07,0.6003303688372817,1
TCGA-VN-A88L-01A-11R-A352-07,0.5358963408179035,1
TCGA-Z7-A8R5-01A-42R-A41B-07,0.581734060779246,1
TCGA-IG-A51D-01A-11R-A36D-31,0.685113640553188,0
TCGA-5P-A9K9-01A-11R-A42S-07,0.6253364387224405,1
TCGA-23-1114-01B-01R-1566-13,0.8490911227218783,1
TCGA-IZ-A6M9-01A-11R-A31O-07,0.4295811623196786,1
TCGA-44-2662-01B-02R-A277-07,0.28924952859094677,1
TCGA-A8-A08C-01A-11R-A00Z-07,0.4538620504526009,1
TCGA-36-1568-01A-01R-1566-13,0.7663860621402984,1
TCGA-MN-A4N1-01A-11R-A24X-07,0.6224352608838296,0
TCGA-C8-A12X-01A-11R-A115-07,0.5345808238114088,1
TCGA-63-5131-01A-01R-1443-07,0.5261586454656791,1
TCGA-G9-6499-01A-12R-1965-07,0.5086738827619822,1
TCGA-L5-A43M-01A-11R-A24K-31,0.841899517206265,1
TCGA-C8-A275-01A-21R-A16F-07,0.5329570829813965,1
TCGA-A6-5664-01A-21R-1839-07,0.8886020674802146,0
TCGA-4B-A93V-01A-11R-A39D-07,0.5204014597925108,1
TCGA-G9-6364-01A-21R-1789-07,0.5648712301195421,1
TCGA-YH-A8SY-01A-11R-A37L-07,0.5641231217117323,1
TCGA-BP-4760-01A-02R-1420-07,0.5819266360746652,1
TCGA-DD-AAVU-01A-11R-A41C-07,0.27993537351029824,1
TCGA-XN-A8T5-01A-12R-A36G-07,0.5356069093268818,0
TCGA-55-8207-01A-11R-2241-07,0.5209683899894154,1
TCGA-DD-AAVV-01A-11R-A41C-07,0.711655013453147,1
TCGA-FV-A2QR-01A-11R-A213-07,0.5107545115242533,1
TCGA-DD-AAEE-01A-11R-A41C-07,0.46762917460947967,1
TCGA-B8-5159-01A-01R-1420-07,0.5010187872950682,1
TCGA-2A-A8VX-01A-11R-A37L-07,0.43581838540119516,0
TCGA-AA-A03F-01A-11R-A16W-07,0.050473617615249405,1
TCGA-91-8497-01A-11R-2403-07,0.6411651013514743,1
TCGA-EW-A1OV-01A-11R-A144-07,0.5815873515159039,0
TCGA-XP-A8T8-01A-11R-A36D-31,0.79031925433809,1
TCGA-61-1736-01B-01R-1568-13,0.8539459568923056,0
TCGA-20-1682-01A-01R-1564-13,0.8652247368765208,1
TCGA-FB-AAPQ-01A-11R-A41B-07,0.5084566005937763,1
TCGA-AA-3950-01A-02R-1022-07,0.09448677014422235,1
TCGA-CK-4951-01A-01R-1410-07,0.09591766447427436,1
TCGA-BH-A0RX-01A-21R-A084-07,0.6010235930836373,0
TCGA-CJ-5671-01A-11R-1541-07,0.5902108161834514,1
TCGA-EW-A1IY-01A-11R-A13Q-07,0.5022018433341665,1
TCGA-E2-A1IE-01A-11R-A13Q-07,0.4748546014808957,1
TCGA-HI-7170-01A-11R-2118-07,0.6282750403985142,0
TCGA-A3-A6NL-01A-11R-A33J-07,0.5549014751707003,1
TCGA-EW-A1PD-01A-11R-A144-07,0.5984048296580674,1
TCGA-B6-A0IO-01A-11R-A034-07,0.568822484418307,0
TCGA-50-5931-01A-11R-1755-07,0.6170551694168409,1
TCGA-HZ-A4BH-01A-11R-A26U-07,0.5599692190080328,1
TCGA-ZG-A9KY-01A-11R-A41O-07,0.5649566702780546,1
TCGA-EJ-5507-01A-01R-1580-07,0.5576829014361907,1
TCGA-CH-5751-01A-11R-1580-07,0.5361164889977934,1
TCGA-AA-3844-01A-01R-1022-07,0.06960569203488368,1
TCGA-EB-A57M-01A-51R-A311-07,0.6307513737035049,1
TCGA-BP-4351-01A-01R-1289-07,0.5170073483829427,0
TCGA-DD-A11B-01A-11R-A131-07,0.4727246532260981,1
TCGA-BQ-7045-01A-31R-1965-07,0.5052292661454235,0
TCGA-BH-A0BD-01A-11R-A034-07,0.5768737103457388,1
TCGA-BQ-5881-01A-11R-1592-07,0.46689465956693804,1
TCGA-25-1871-01A-01R-1567-13,0.755824816683368,1
TCGA-61-1740-01A-01R-1567-13,0.8497844444320767,1
TCGA-33-AASJ-01A-11R-A405-07,0.4928065572999803,1
TCGA-CC-A123-01A-11R-A131-07,0.3597503652875925,1
TCGA-YG-AA3N-01A-11R-A38C-07,0.5088956164279811,0
TCGA-E2-A156-01A-11R-A12D-07,0.5524718365331717,0
TCGA-EW-A1PB-01A-11R-A144-07,0.5224867757876086,0
TCGA-XK-AAJT-01A-11R-A41O-07,0.6708403012830819,1
TCGA-EB-A550-01A-61R-A27Q-07,0.7012729366451695,1
TCGA-S3-A6ZF-01A-32R-A32P-07,0.5627566964152619,1
TCGA-13-1408-01A-01R-1565-13,0.04681772567539339,1
TCGA-29-1690-01A-01R-1566-13,0.8783553058803931,1
TCGA-05-4425-01A-01R-1755-07,0.539292525226175,1
TCGA-X8-AAAR-01A-11R-A406-31,0.6777359802753969,1
TCGA-JL-A3YX-01A-11R-A22U-07,0.6092857366653858,1
TCGA-IG-A3YA-01A-11R-A24K-31,0.7068885955529148,0
TCGA-HV-AA8V-01A-11R-A41B-07,0.5880521000267535,1
TCGA-IB-AAUO-01A-12R-A38C-07,0.5584561093925929,1
TCGA-B6-A0I8-01A-11R-A034-07,0.46901871387882754,1
TCGA-FB-A545-01A-11R-A26U-07,0.5167526877082871,1
TCGA-BH-A18H-01A-11R-A12D-07,0.6000194920980341,1
TCGA-AK-3445-01A-02R-1277-07,0.5652335229414941,1
TCGA-25-1317-01A-01R-1565-13,0.7523920825526095,1
TCGA-BP-5200-01A-01R-1426-07,0.555960747328763,1
TCGA-E9-A5FK-01A-11R-A27Q-07,0.5513155594346467,1
TCGA-BH-A1EW-01A-11R-A137-07,0.5487184463464159,1
TCGA-NC-A5HN-01A-11R-A26W-07,0.46395665772796774,1
TCGA-13-0760-01A-01R-1564-13,0.6271192921832386,0
TCGA-AA-3970-01A-01R-1022-07,0.959307723738992,0
TCGA-YL-A9WI-01A-11R-A37L-07,0.49640639422947125,1
TCGA-AA-A01T-01A-21R-A16W-07,0.03326617298458325,1
TCGA-AN-A0G0-01A-11R-A034-07,0.49151606045097224,1
TCGA-77-A5GB-01B-11R-A27Q-07,0.5456235929475143,1
TCGA-85-8481-01A-11R-2326-07,0.49951357796819346,0
TCGA-E2-A107-01A-11R-A10J-07,0.5237879026526662,1
TCGA-J2-8192-01A-11R-2241-07,0.5595671400748254,1
TCGA-Z7-A8R6-01A-11R-A41B-07,0.5941812571905668,1
TCGA-B8-4153-01B-11R-1672-07,0.5863725959785293,1
TCGA-BH-A0AY-01A-21R-A00Z-07,0.6133249917383653,1
TCGA-A1-A0SQ-01A-21R-A144-07,0.4826936890512787,1
TCGA-22-5477-01A-01R-1635-07,0.7457014145478188,1
TCGA-AA-A02K-01A-03R-A32Y-07,0.9325574394877335,1
TCGA-AA-3531-01A-01R-0821-07,0.048462802330977654,1
TCGA-85-8351-01A-11R-2296-07,0.5995087092417287,1
TCGA-R6-A8WG-01A-11R-A37I-31,0.6534969760863644,1
TCGA-2J-AABR-01A-11R-A41B-07,0.5750643036372811,1
TCGA-CJ-4884-01A-01R-1305-07,0.6257958782681188,1
TCGA-XV-A9W2-01A-11R-A39D-07,0.6616945230707825,1
TCGA-DD-A11A-01A-11R-A131-07,0.5462772330649222,0
TCGA-38-4631-01A-01R-1755-07,0.7444118997777754,1
TCGA-V1-A8MM-01A-11R-A37L-07,0.5293558635739153,1
TCGA-13-0726-01A-01R-1564-13,0.036138321127900844,1
TCGA-HZ-8005-01A-11R-2204-07,0.5540580063472739,1
TCGA-BH-A18J-01A-11R-A12D-07,0.5861054855811129,1
TCGA-60-2708-01A-01R-0851-07,0.5495831805214579,1
TCGA-AO-A1KT-01A-11R-A13Q-07,0.6036176805245032,1
TCGA-A2-A3KC-01A-11R-A213-07,0.6013041350292839,1
TCGA-EJ-5498-01A-01R-1580-07,0.6168379884377541,1
TCGA-AO-A0JF-01A-11R-A056-07,0.6297929580323897,1
TCGA-E9-A1R6-01A-11R-A14D-07,0.604393895724355,1
TCGA-A7-A0CD-01A-11R-A00Z-07,0.48213218014178405,0
TCGA-29-1699-01A-01R-1567-13,0.7620343627877184,1
TCGA-CJ-6028-01A-11R-1672-07,0.5522438448886646,1
TCGA-24-1843-01A-01R-1567-13,0.8368507214792329,1
TCGA-AA-A01R-01A-21R-A083-07,0.053439160089904736,1
TCGA-G9-A9S0-01A-11R-A41O-07,0.5620030584988381,1
TCGA-XV-AAZY-01A-12R-A40A-07,0.3783773642905688,0
TCGA-AK-3465-01A-02R-1325-07,0.5788906521358905,1
TCGA-AA-3812-01A-01R-0905-07,0.05324571408886196,1
TCGA-77-A5GF-01A-21R-A27Q-07,0.5325926300389542,0
TCGA-HC-A4ZV-01A-11R-A26U-07,0.5408930711743505,1
TCGA-H9-7775-01A-11R-2118-07,0.516219820827859,0
TCGA-60-2696-01A-01R-0851-07,0.5868017604663993,1
TCGA-13-0900-01B-01R-1565-13,0.7199936373870016,1
TCGA-85-8666-01A-11R-2403-07,0.5157284943431232,1
TCGA-4H-AAAK-01A-12R-A41B-07,0.6475712157075902,0
TCGA-BH-A0BC-01A-22R-A084-07,0.6720131652549437,0
TCGA-C8-A3M7-01A-12R-A21T-07,0.600762303066367,0
TCGA-AR-A2LN-01A-21R-A18M-07,0.5796988144742754,1
TCGA-2Z-A9J5-01A-21R-A38C-07,0.5354139741151291,1
TCGA-AA-A01X-01A-21R-A083-07,0.08200998475878955,1
TCGA-C8-A134-01A-11R-A115-07,0.547884177191818,1
TCGA-HV-A5A6-01A-11R-A26U-07,0.5584779099878863,0
TCGA-D8-A140-01A-11R-A115-07,0.570869228358818,1
TCGA-F9-A4JJ-01A-11R-A24Z-07,0.5513743348573938,1
TCGA-AR-A24O-01A-11R-A169-07,0.5652155870722299,1
TCGA-G3-AAUZ-01A-11R-A38B-07,0.37485290618847344,1
TCGA-63-A5MM-01A-11R-A26W-07,0.5600529212787242,1
TCGA-AN-A0FN-01A-11R-A034-07,0.6153342502601508,1
TCGA-GL-A59R-01A-11R-A26U-07,0.58096567239084,1
TCGA-2H-A9GG-01A-11R-A37I-31,0.8393025239070184,1
TCGA-C8-A130-01A-31R-A115-07,0.6216559261455712,1
TCGA-2H-A9GF-01A-11R-A37I-31,0.6604768032708453,0
TCGA-55-5899-01A-11R-1628-07,0.5390226525865601,1
TCGA-B0-4713-01A-01R-1277-07,0.5236078675326469,1
TCGA-A8-A09Q-01A-11R-A00Z-07,0.5375426442802381,1
TCGA-VR-AA4D-01A-11R-A37I-31,0.028474217949420174,0
TCGA-36-1578-01A-01R-1566-13,0.850629757274573,1
TCGA-AR-A1AY-01A-21R-A12P-07,0.4802046599385391,1
TCGA-86-8278-01A-11R-2287-07,0.5666069779056825,0
TCGA-A2-A0YK-01A-22R-A109-07,0.6864410584376804,1
TCGA-78-7163-01A-12R-2066-07,0.4567713813057247,1
TCGA-A8-A06R-01A-11R-A00Z-07,0.6076233853940698,1
TCGA-HC-7752-01A-11R-2118-07,0.3876707468299717,1
TCGA-A8-A07J-01A-11R-A00Z-07,0.5964991708287023,1
TCGA-HC-7749-01A-11R-2118-07,0.5492566557714118,0
TCGA-HC-A6HX-01A-11R-A31N-07,0.48658138221263536,1
TCGA-56-A4BW-01A-11R-A24H-07,0.5841329012693206,1
TCGA-BP-4162-01A-02R-1325-07,0.5190417447068639,1
TCGA-34-7107-01A-11R-1949-07,0.5663713287063069,1
TCGA-DD-AAE4-01A-11R-A41C-07,0.3557005284206603,1
TCGA-13-1510-01A-02R-1565-13,0.7207666092949654,1
TCGA-57-1585-01A-01R-1566-13,0.8848944234282612,1
TCGA-56-8305-01A-11R-2296-07,0.5739006266429656,1
TCGA-CJ-4874-01A-01R-1305-07,0.8266134354407145,1
TCGA-B6-A0RH-01A-21R-A115-07,0.5885155887938429,0
TCGA-HZ-A77O-01A-11R-A33R-07,0.5930202222062929,1
TCGA-24-1463-01A-01R-1566-13,0.744762398638826,1
TCGA-A8-A07S-01A-11R-A034-07,0.5303809827126772,1
TCGA-3C-AAAU-01A-11R-A41B-07,0.4916811009606433,1
TCGA-AO-A03M-01B-11R-A10J-07,0.5843332685640679,1
TCGA-73-4659-01A-01R-1206-07,0.64711517973767,1
TCGA-CZ-5453-01A-01R-1503-07,0.5363782754949582,1
TCGA-94-8035-01A-11R-2247-07,0.5739865863911374,1
TCGA-39-5031-01A-01R-1443-07,0.5884449349737443,1
TCGA-75-5146-01A-01R-1628-07,0.6219807471773822,1
TCGA-YL-A8S8-01A-11R-A37L-07,0.5802458534237596,0
TCGA-77-A5G6-01A-11R-A27Q-07,0.5453984076400673,1
TCGA-A7-A4SF-01A-11R-A266-07,0.5574145712147394,1
TCGA-EB-A553-01A-12R-A27Q-07,0.4890954652007571,1
TCGA-AA-3939-01A-01R-1022-07,0.0698308326597747,1
TCGA-E2-A14N-01A-31R-A137-07,0.4779324668504006,1
TCGA-CJ-6030-01A-11R-1672-07,0.5851372646118678,1
TCGA-J4-A67M-01A-11R-A30B-07,0.5258223127255659,1
TCGA-BP-5198-01A-01R-1426-07,0.6262540934483573,1
TCGA-NK-A7XE-01A-12R-A405-07,0.491379465962625,1
TCGA-HC-7209-01A-11R-2118-07,0.5816647631051585,1
TCGA-HZ-8315-01A-11R-2404-07,0.6479978784510019,1
TCGA-86-8076-01A-31R-2241-07,0.5817294708884059,1
TCGA-A6-6650-01A-11R-A278-07,0.7859628285859199,1
TCGA-62-A46U-01A-11R-A24H-07,0.5444791410673451,1
TCGA-BH-A18U-01A-21R-A12D-07,0.5593358667324394,1
TCGA-55-6712-01A-11R-1858-07,0.4991768740738861,1
TCGA-BP-4761-01A-01R-1289-07,0.7184569928625509,1
TCGA-D8-A1XK-01A-21R-A14M-07,0.44318775424919277,1
TCGA-63-A5MI-01A-12R-A27Q-07,0.5378374739322865,1
TCGA-MP-A4TF-01A-11R-A262-07,0.558143989398422,1
TCGA-DD-AACF-01A-11R-A41C-07,0.4590890889099442,1
TCGA-ZG-A9LZ-01A-11R-A41O-07,0.5956494711098701,1
TCGA-05-4250-01A-01R-1107-07,0.5857483598970367,1
TCGA-95-A4VP-01A-21R-A262-07,0.5876311545358524,1
TCGA-AA-3877-01A-01R-1022-07,0.09454484627904955,1
TCGA-AK-3426-01A-02R-1325-07,0.5396272442416467,1
TCGA-A3-3382-01A-02R-1325-07,0.49708772471809914,1
TCGA-IC-A6RE-01A-11R-A336-31,0.8735468705035067,0
TCGA-A8-A08O-01A-21R-A056-07,0.5693684844841685,1
TCGA-B9-A5W7-01A-11R-A31O-07,0.5502901666070181,0
TCGA-33-A5GW-01A-11R-A27Q-07,0.5268597538268602,0
TCGA-G3-AAV7-01A-11R-A38B-07,0.675438567448931,0
TCGA-5P-A9K8-01A-11R-A42S-07,0.4239437435291083,1
TCGA-BP-5007-01A-01R-1334-07,0.5190620987139645,0
TCGA-A3-3365-01A-01R-0864-07,0.5407581913184906,1
TCGA-44-7659-01A-11R-2066-07,0.5459681043177819,1
TCGA-61-2003-01A-01R-1568-13,0.76808596411176,1
TCGA-D5-6898-01A-11R-1928-07,0.8980787253628831,1
TCGA-GM-A2DC-01A-11R-A18M-07,0.4162468812698547,1
TCGA-5P-A9KF-01A-11R-A42S-07,0.6308534555661406,1
TCGA-BP-4161-01A-02R-1325-07,0.5534394362376412,1
TCGA-36-1576-01A-01R-1566-13,0.7861621968093574,1
TCGA-DD-A4NK-01A-11R-A28V-07,0.5743284965484673,1
TCGA-CJ-4901-01A-01R-1426-07,0.5483035387912258,1
TCGA-MI-A75I-01A-11R-A32O-07,0.6335619439178494,1
TCGA-29-2414-01A-02R-1569-13,0.8419858851682985,0
TCGA-BH-A0GY-01A-11R-A056-07,0.5694785789867184,0
TCGA-97-8175-01A-11R-2287-07,0.5673766046135452,1
TCGA-AL-3472-01A-01R-1193-07,0.46964690538076814,1
TCGA-HZ-A77P-01A-11R-A33R-07,0.5976934823065033,1
TCGA-A3-3352-01A-01R-0864-07,0.5552585642563309,0
TCGA-A7-A26G-01A-21R-A169-07,0.5248050543446013,0
TCGA-AO-A0JC-01A-11R-A056-07,0.5232881080313407,1
TCGA-AA-3875-01A-01R-0905-07,0.08287278685473007,1
TCGA-D8-A1JJ-01A-31R-A14M-07,0.5982231820601255,1
TCGA-Y6-A8TL-01A-21R-A37L-07,0.6610130646815493,0
TCGA-J4-A6G3-01A-11R-A311-07,0.5890966600915836,1
TCGA-13-0768-01A-01R-1569-13,0.05070208867466614,1
TCGA-A7-A6VW-01A-21R-A33J-07,0.5168876056198874,1
TCGA-J9-A8CP-01A-11R-A352-07,0.819620515666754,1
TCGA-P4-AAVK-01A-11R-A42S-07,0.5368231354079996,1
TCGA-B0-5709-01A-11R-1541-07,0.571079356340849,1
TCGA-B6-A0RV-01A-11R-A084-07,0.5894310316344279,1
TCGA-AA-A01V-01A-23R-A083-07,0.06577271726941351,0
TCGA-G9-7510-01A-11R-2263-07,0.5821779462637894,0
TCGA-D8-A73U-01A-11R-A33J-07,0.5754597666603568,0
TCGA-DD-AAEK-01A-11R-A41C-07,0.6846891064391054,1
TCGA-B0-5698-01A-11R-1672-07,0.5535339235168707,1
TCGA-KC-A4BL-01A-31R-A250-07,0.618104941025284,1
TCGA-EJ-A7NM-01A-21R-A33R-07,0.6182361075301696,1
TCGA-B2-5639-01A-01R-1541-07,0.5469955321000018,1
TCGA-BH-A8FZ-01A-11R-A352-07,0.5864212797998654,0
TCGA-22-5474-01A-01R-1635-07,0.5718662800443306,1
TCGA-E2-A1IL-01A-11R-A14D-07,0.5601163424691711,0
TCGA-D8-A1XV-01A-11R-A14M-07,0.4144242684326116,1
TCGA-2Z-A9J3-01A-12R-A38C-07,0.5582157261138875,1
TCGA-L5-A4OP-01A-11R-A260-31,0.6615195837928454,1
TCGA-AO-A129-01A-21R-A10J-07,0.5866244923600324,0
TCGA-B6-A0RL-01A-11R-A084-07,0.6829345500943579,1
TCGA-61-1743-01A-01R-1568-13,0.035210436794785,1
TCGA-R6-A6Y0-01B-11R-A336-31,0.7033218862642221,1
TCGA-77-7463-01A-11R-2045-07,0.4917156206755688,1
TCGA-DD-AADW-01A-11R-A39D-07,0.7441339993462509,1
TCGA-AR-A1AP-01A-11R-A12P-07,0.5606113197092802,1
TCGA-A2-A25F-01A-11R-A169-07,0.5383683609895656,0
TCGA-AA-3862-01A-01R-1022-07,0.07614271312771316,1
TCGA-G4-6306-01A-11R-1774-07,0.7991554340277347,1
TCGA-EB-A3XC-01A-11R-A239-07,0.6893158313905502,0
TCGA-34-5927-01A-11R-1820-07,0.4994882090063654,1
TCGA-AA-A017-01A-01R-A00A-07,0.07754584278628131,1
TCGA-A4-A5XZ-01A-11R-A31O-07,0.5062808778852638,1
TCGA-E2-A1LS-01A-12R-A157-07,0.41962728570701496,1
TCGA-L5-A8NV-01A-11R-A37I-31,0.731645783086367,1
TCGA-5P-A9KE-01A-11R-A42S-07,0.5498370237748289,0
TCGA-61-1724-01A-01R-1568-13,0.04495927709015792,1
TCGA-VR-A8EP-01A-31R-A406-31,0.03442867753404124,1
TCGA-YL-A8SL-01B-21R-A37L-07,0.501846201734406,1
TCGA-G4-6310-01A-11R-1723-07,0.8833963775107653,1
TCGA-G3-AAV2-01A-11R-A37K-07,0.3590323944284192,1
TCGA-OL-A5RV-01A-12R-A28M-07,0.6081652554689794,0
TCGA-KK-A8I6-01A-11R-A36G-07,0.5763883153149051,0
TCGA-BH-A0B6-01A-11R-A19W-07,0.5688861708298908,1
TCGA-G7-6789-01A-11R-1965-07,0.5724512502095292,1
TCGA-G9-A9S7-01A-11R-A41O-07,0.6059812031235838,0
TCGA-78-8640-01A-11R-2403-07,0.5850103455491101,1
TCGA-55-6971-01A-11R-1949-07,0.6168314984059319,1
TCGA-DD-AAW2-01A-11R-A41C-07,0.424568409473544,1
TCGA-HV-A5A4-01A-11R-A26U-07,0.6180256236712232,1
TCGA-BP-4355-01A-01R-1289-07,0.48308232772496307,1
TCGA-R6-A8W5-01B-11R-A37I-31,0.8716807181057339,1
TCGA-CH-5752-01A-11R-1580-07,0.5223620383301041,1
TCGA-A7-A3RF-01A-11R-A22K-07,0.4892977268484729,1
TCGA-ED-A8O5-01A-11R-A36F-07,0.5369140806581914,1
TCGA-AA-3522-01A-01R-0821-07,0.08701181839895081,1
TCGA-ER-A42H-01A-11R-A24X-07,0.537927827368293,1
TCGA-AL-3467-01A-02R-1351-07,0.40510634701018194,1
TCGA-55-8513-01A-11R-2403-07,0.5820064470689288,1
TCGA-AD-6901-01A-11R-1928-07,0.8851920560556017,0
TCGA-29-1694-01A-01R-1567-13,0.7309472646934481,0
TCGA-LN-A49V-01A-11R-A24K-31,0.6275953651831259,1
TCGA-55-6968-01A-11R-1949-07,0.5227791973237356,1
TCGA-A4-8517-01A-11R-2404-07,0.5424226357808282,1
TCGA-CZ-5461-01A-01R-1503-07,0.5544507791791393,1
TCGA-D8-A1XZ-01A-11R-A14M-07,0.521625489633476,0
TCGA-AA-A00W-01A-01R-A002-07,0.06855754473445662,1
TCGA-BP-4804-01A-02R-1305-07,0.624145669810875,1
TCGA-OL-A66J-01A-11R-A29R-07,0.5782784004719466,1
TCGA-AY-4070-01A-01R-1113-07,0.09436365704012921,1
TCGA-V1-A8WW-01A-11R-A37L-07,0.5601767811118771,1
TCGA-B6-A40B-01A-11R-A239-07,0.5732287901473997,1
TCGA-LN-A49U-01A-31R-A260-31,0.6125606378384534,1
TCGA-AO-A03U-01B-21R-A10J-07,0.5563812142157413,1
TCGA-E2-A105-01A-11R-A10J-07,0.5141383267610571,1
TCGA-CW-6097-01A-11R-1672-07,0.5719946578177773,0
TCGA-2Y-A9GS-01A-12R-A38B-07,0.6179342065402748,1
TCGA-EW-A1J6-01A-11R-A13Q-07,0.5009448404597783,0
TCGA-E9-A1RD-01A-11R-A157-07,0.5384144048470563,1
TCGA-AD-A5EK-01A-11R-A28H-07,0.8592526786693179,1
TCGA-2K-A9WE-01A-11R-A38C-07,0.6156475074109018,1
TCGA-EJ-A7NF-01A-11R-A33R-07,0.5293080079488198,1
TCGA-61-1721-01A-01R-1569-13,0.8644490759485223,1
TCGA-BP-4346-01A-01R-1289-07,0.5673904318244944,1
TCGA-AA-3989-01A-01R-1022-07,0.06581990781422009,1
TCGA-61-1998-01A-01R-1568-13,0.7335181066174904,0
TCGA-05-4244-01A-01R-1107-07,0.552600335837238,1
TCGA-B8-A54K-01A-11R-A33J-07,0.6244976874153603,1
TCGA-5R-AA1D-01A-11R-A38B-07,0.6752628908985786,1
TCGA-34-5928-01A-11R-1820-07,0.5707744678383166,1
TCGA-BH-A0HQ-01A-11R-A034-07,0.6115722803482712,1
TCGA-CM-4746-01A-01R-1410-07,0.045035457827522975,1
TCGA-50-6593-01A-11R-1755-07,0.6565970036664558,1
TCGA-DV-A4W0-01A-11R-A266-07,0.5375718832691305,1
TCGA-25-1634-01A-01R-1566-13,0.779156532868219,0
TCGA-50-6597-01A-11R-1858-07,0.44399272287334607,1
TCGA-AY-A54L-01A-11R-A28H-07,0.8176874428150365,0
TCGA-BP-4774-01A-01R-1289-07,0.5540965347557605,1
TCGA-66-2789-01A-01R-0980-07,0.5868104066215821,0
TCGA-DM-A1D4-01A-21R-A155-07,0.8265012736558144,1
TCGA-86-7701-01A-11R-2170-07,0.6491766619091561,1
TCGA-21-1076-01A-02R-0692-07,0.5933982223026919,1
TCGA-AR-A0TX-01A-11R-A084-07,0.5511800307817019,1
TCGA-23-1116-01A-01R-1564-13,0.7345009721750249,1
TCGA-ZP-A9D0-01A-11R-A37K-07,0.5862208018735049,1
TCGA-CH-5743-01A-21R-1580-07,0.5869464812296474,0
TCGA-2A-AAYU-01A-11R-A41O-07,0.529899102399638,1
TCGA-25-1323-01A-01R-1565-13,0.8494620905676662,1
TCGA-R6-A6Y2-01B-11R-A336-31,0.6766681291265375,1
TCGA-DD-A1EC-01A-21R-A131-07,0.7584669466674064,1
TCGA-E2-A1BC-01A-11R-A12P-07,0.5644888927442683,1
TCGA-DD-AADN-01A-11R-A41C-07,0.2801159421738735,1
TCGA-KK-A8ID-01A-11R-A36G-07,0.545165645782859,1
TCGA-A2-A4RW-01A-21R-A266-07,0.5698237215288529,1
TCGA-56-7822-01A-11R-2125-07,0.5937523701042023,0
TCGA-O2-A52W-01A-11R-A26W-07,0.5392169872141751,1
TCGA-UL-AAZ6-01A-11R-A41B-07,0.5465696138039965,1
TCGA-YL-A8HO-01A-11R-A36G-07,0.6720996106556901,1
TCGA-13-0765-01A-01R-1564-13,0.02817693651900373,0
TCGA-55-6979-01A-11R-1949-07,0.586298942587316,1
TCGA-IB-7888-01A-11R-2156-07,0.5430722332570459,1
TCGA-AQ-A54O-01A-11R-A266-07,0.4170441227873915,1
TCGA-HC-7744-01A-11R-2118-07,0.5391646615460914,1
TCGA-BP-4974-01A-01R-1334-07,0.5364678777330042,1
TCGA-A3-3367-01A-02R-1420-07,0.5689630595742282,1
TCGA-2H-A9GO-01A-11R-A37I-31,0.032116805284678716,1
TCGA-EJ-5522-01A-01R-1580-07,0.5603513074605576,1
TCGA-61-1919-01A-01R-1568-13,0.7438198772005034,1
TCGA-TP-A8TT-01A-12R-A41O-07,0.5826997621643247,1
TCGA-AN-A0FJ-01A-11R-A00Z-07,0.48997282810737774,1
TCGA-B0-5696-01A-11R-1541-07,0.5626532976915153,1
TCGA-CZ-4856-01A-02R-1426-07,0.6376304350696038,1
TCGA-A8-A075-01A-11R-A084-07,0.6273376241432617,0
TCGA-90-A4ED-01A-31R-A24Z-07,0.5722425828060661,1
TCGA-44-2657-01A-01R-1107-07,0.5964225293701438,0
TCGA-MP-A4TD-01A-32R-A262-07,0.5928282416805609,1
TCGA-XR-A8TG-01A-11R-A36F-07,0.5335033109469253,1
TCGA-33-4533-01A-01R-1201-07,0.5124393238894683,1
TCGA-55-8514-01A-11R-2403-07,0.5416194004642394,1
TCGA-25-1316-01A-01R-1565-13,0.845311206877156,1
TCGA-EB-A6R0-01A-12R-A32P-07,0.5748754712259735,1
TCGA-Y8-A8S1-01A-11R-A37K-07,0.5531046913165243,1
TCGA-B0-5120-01A-01R-1420-07,0.5188277352254389,1
TCGA-KR-A7K0-01A-12R-A33R-07,0.5667079296842131,0
TCGA-50-5944-01A-11R-1755-07,0.5697979951759629,1
TCGA-99-AA5R-01A-11R-A39D-07,0.5579959548772176,1
TCGA-CZ-5452-01A-01R-1503-07,0.6065019162705174,1
TCGA-XJ-A9DX-01A-11R-A37L-07,0.4573363742887279,0
TCGA-B6-A0IM-01A-11R-A034-07,0.5058445449717297,1
TCGA-61-2012-01A-01R-1568-13,0.8618751381427029,1
TCGA-2Z-A9J2-01A-11R-A38C-07,0.43201088818007227,1
TCGA-AC-A6NO-01A-12R-A33J-07,0.5693351743476517,1
TCGA-E9-A1N4-01A-11R-A14M-07,0.5486743083003879,1
TCGA-DZ-6134-01A-11R-1965-07,0.591670812078566,1
TCGA-20-1685-01A-01R-1566-13,0.03473929985613511,0
TCGA-BH-A0AZ-01A-21R-A12P-07,0.6072452694003969,1
TCGA-55-7227-01A-11R-2039-07,0.6631798257325493,1
TCGA-34-5231-01A-21R-1820-07,0.783150359626926,1
TCGA-DD-AAE2-01A-11R-A41C-07,0.5308570232704616,1
TCGA-AC-A62Y-01A-11R-A29R-07,0.5797215911126312,0
TCGA-A7-A425-01A-11R-A24H-07,0.5998938954923643,1
TCGA-AD-6548-01A-11R-1839-07,0.8873765249800033,1
TCGA-AC-A3W6-01A-12R-A22K-07,0.6294329008841391,0
TCGA-EB-A5UM-01A-11R-A311-07,0.5406424957719076,1
TCGA-EW-A6SA-01A-21R-A32P-07,0.40093479721168906,1
TCGA-64-5779-01A-01R-1628-07,0.5496349881990987,0
TCGA-DD-A114-01A-11R-A131-07,0.7526805488113599,1
TCGA-85-8052-01A-11R-2247-07,0.5766348566800528,1
TCGA-A2-A0T4-01A-31R-A084-07,0.845982166807379,0
TCGA-DD-A3A2-01A-11R-A213-07,0.5171234314157711,1
TCGA-E2-A1B4-01A-11R-A12P-07,0.5381257047756495,1
TCGA-HV-A5A3-01A-11R-A26U-07,0.5287879535283349,1
TCGA-78-7167-01A-11R-2066-07,0.530300062555285,1
TCGA-85-8479-01A-11R-2326-07,0.49073291051659307,1
TCGA-XR-A8TE-01A-11R-A36F-07,0.6455976272298635,1
TCGA-BP-4971-01A-01R-1334-07,0.5720562707650687,0
TCGA-EJ-7786-01A-11R-2118-07,0.551460274836686,1
TCGA-25-1320-01A-01R-1565-13,0.7464443863136658,1
TCGA-E2-A15S-01A-11R-A115-07,0.47386759404806067,1
TCGA-D9-A3Z4-01A-11R-A239-07,0.6051495319957911,1
TCGA-98-A53D-01A-32R-A262-07,0.5324857170950772,1
TCGA-DW-7839-01A-11R-2139-07,0.4418852105734657,1
TCGA-86-8671-01A-11R-2403-07,0.593085660953283,1
TCGA-B8-A54H-01A-11R-A33J-07,0.6195606167232731,1
TCGA-ZS-A9CF-01A-11R-A38B-07,0.6158872322128073,1
TCGA-50-5930-01A-11R-1755-07,0.5739669843627637,1
TCGA-73-4676-01A-01R-1755-07,0.5782124782159556,0
TCGA-2A-AAYF-01A-11R-A41O-07,0.7821189048407798,1
TCGA-G9-6366-01A-11R-2118-07,0.5073714094807221,1
TCGA-56-7582-01A-11R-2045-07,0.548537100965071,1
TCGA-CJ-4916-01A-01R-1426-07,0.5383121497720046,1
TCGA-B2-3924-01A-02R-1325-07,0.5374028278289497,1
TCGA-NJ-A55O-01A-11R-A262-07,0.5945451793028499,1
TCGA-G3-A25V-01A-11R-A16W-07,0.5898014955816776,0
TCGA-A6-A567-01A-31R-A28H-07,0.8595582960880968,1
TCGA-55-7907-01A-11R-2170-07,0.5775632756997419,1
TCGA-E2-A1LA-01A-11R-A144-07,0.5625925445102419,1
TCGA-97-A4M5-01A-11R-A24X-07,0.5801408120912352,1
TCGA-CA-6716-01A-11R-1839-07,0.8596872386007247,1
TCGA-66-2756-01A-01R-0851-07,0.5330954653732513,0
TCGA-69-7763-01A-11R-2170-07,0.5657522106818202,0
TCGA-FV-A3I1-01A-11R-A22L-07,0.564191189256296,1
TCGA-A4-A48D-01A-11R-A24Z-07,0.4649776643502488,1
TCGA-30-1892-01A-01R-1568-13,0.7127661716674976,1
TCGA-S2-AA1A-01A-12R-A39D-07,0.5788137006306535,1
TCGA-AN-A0XT-01A-11R-A109-07,0.5142752099860227,1
TCGA-60-2726-01A-01R-0851-07,0.5202151647461283,1
TCGA-63-A5MV-01A-21R-A26W-07,0.5742671990367624,1
TCGA-HC-A6AL-01A-11R-A30B-07,0.4910398638671668,1
TCGA-24-1560-01A-01R-1566-13,0.706584726936799,0
TCGA-A2-A0EU-01A-22R-A056-07,0.5883140144482369,1
TCGA-KK-A7AP-01A-12R-A33R-07,0.46622037323046406,1
TCGA-44-6146-01A-11R-A278-07,0.47351985040841815,1
TCGA-62-A472-01A-11R-A24H-07,0.8197464892382175,1
TCGA-56-8622-01A-11R-2403-07,0.5343972999366543,1
TCGA-B0-4819-01A-01R-1277-07,0.6031062209704644,1
TCGA-BP-5176-01A-01R-1426-07,0.5357656039155907,1
TCGA-63-A5MP-01A-11R-A26W-07,0.55212927226977,0
TCGA-XK-AAK1-01A-11R-A41O-07,0.4570376455548848,1
TCGA-78-7158-01A-11R-2039-07,0.5303605583822119,1
TCGA-AA-3678-01A-01R-0905-07,0.08148745187727707,1
TCGA-HI-7171-01A-12R-2118-07,0.5123952256352897,1
TCGA-LN-A4A2-01A-31R-A260-31,0.5596685804082236,1
TCGA-D8-A1JE-01A-11R-A13Q-07,0.47615956640471047,1
TCGA-B8-5552-01B-11R-1672-07,0.5740329784971366,1
TCGA-A8-A09V-01A-11R-A034-07,0.5686754007078463,0
TCGA-HZ-A49H-01A-11R-A26U-07,0.5818311302787678,1
TCGA-IG-A97I-01A-11R-A38D-31,0.6549676076122969,1
TCGA-D8-A1JT-01A-31R-A13Q-07,0.36910420148255324,1
TCGA-BP-4782-01A-02R-1420-07,0.5796341354617778,1
TCGA-A2-A0CQ-01A-21R-A034-07,0.5151329883884656,1
TCGA-G3-A25U-01A-11R-A16W-07,0.41964265838475573,1
TCGA-BQ-7055-01A-11R-1965-07,0.5519714755071486,1
TCGA-37-A5EM-01A-21R-A27Q-07,0.5483016259901246,1
TCGA-NC-A5HG-01A-11R-A26W-07,0.4892652314725613,1
TCGA-13-1495-01A-01R-1565-13,0.03574059162348451,1
TCGA-AK-3431-01A-02R-1277-07,0.5761792979009467,1
TCGA-85-8049-01A-11R-2247-07,0.5662172175525668,1
TCGA-UZ-A9PP-01A-11R-A42S-07,0.621131414733625,1
TCGA-DD-AAE9-01A-11R-A41C-07,0.333294917487875,1
TCGA-D5-5537-01A-21R-1928-07,0.8727553775318752,0
TCGA-VP-A879-01A-11R-A352-07,0.5471516939368125,0
TCGA-C8-A1HM-01A-12R-A137-07,0.5377027365684107,0
TCGA-A3-3316-01A-01R-0864-07,0.5383152470122065,1
TCGA-DW-7840-01A-11R-A32Z-07,0.6058071159909231,1
TCGA-D5-6927-01A-21R-1928-07,0.8870794301249085,1
TCGA-A6-2671-01A-01R-1410-07,0.06974328035588108,1
TCGA-61-1918-01A-01R-1568-13,0.8574180599641423,0
TCGA-FV-A3R3-01A-11R-A22L-07,0.6050386527554954,1
TCGA-F9-A7VF-01A-11R-A33Z-07,0.4814496353298921,1
TCGA-L7-A6VZ-01A-12R-A336-31,0.6843580598906135,0
TCGA-AA-3526-01A-02R-A32Z-07,0.8645014247816474,1
TCGA-56-8626-01A-11R-2403-07,0.6330434576491027,1
TCGA-DD-A3A1-01A-11R-A213-07,0.3876954314613086,1
TCGA-YL-A8SR-01B-11R-A37L-07,0.4904472046539163,1
TCGA-B0-4848-01A-01R-1277-07,0.6036858795895305,1
TCGA-55-6969-01A-11R-1949-07,0.6302131751424824,1
TCGA-2A-A8VL-01A-21R-A37L-07,0.484747222471578,1
TCGA-24-1422-01A-01R-1565-13,0.8934460374595362,1
TCGA-A3-3370-01A-02R-1420-07,0.493471407434449,1
TCGA-EW-A2FW-01A-11R-A17B-07,0.5161459366789715,1
TCGA-BH-A0BL-01A-11R-A115-07,0.5851158857675404,1
TCGA-AA-A010-01A-01R-A089-07,0.9554419400408097,1
TCGA-AA-3664-01A-01R-0905-07,0.0886294752040068,0
TCGA-GN-A26C-01A-11R-A18T-07,0.6653292686749838,1
TCGA-85-8354-01A-31R-2326-07,0.5494086611027029,1
TCGA-A3-3373-01A-02R-1420-07,0.5155089256259692,1
TCGA-30-1891-01A-01R-1568-13,0.8789117381149527,1
TCGA-HC-7078-01A-11R-2118-07,0.5979875074476577,1
TCGA-FC-A66V-01A-21R-A30B-07,0.4229115157595075,1
TCGA-A3-3324-01A-02R-1325-07,0.5325903619499115,1
TCGA-S3-AA10-01A-21R-A41B-07,0.5674071528498811,1
TCGA-53-7813-01A-11R-2170-07,0.4872464823029806,1
TCGA-EW-A1P3-01A-11R-A144-07,0.5803563321114334,1
TCGA-BF-A3DN-01A-11R-A20F-07,0.548357371427956,1
TCGA-22-4596-01A-01R-1201-07,0.577360348764085,1
TCGA-G4-6297-01A-11R-1723-07,0.9096711775694843,1
TCGA-05-4422-01A-01R-1206-07,0.5250681294080041,1
TCGA-67-3773-01A-01R-0946-07,0.466386952061106,1
TCGA-75-7025-01A-12R-1949-07,0.5819181664210648,0
TCGA-BH-A18I-01A-11R-A12D-07,0.6033466351178409,0
TCGA-E9-A54Y-01A-11R-A466-07,0.3212618723080916,1
TCGA-BP-4758-01A-01R-1289-07,0.5414167687337096,1
TCGA-LN-A9FO-01A-11R-A38D-31,0.6496988053171721,1
TCGA-10-0936-01A-01R-1564-13,0.7547492876151092,0
TCGA-DD-AACP-01A-11R-A41C-07,0.6736030204160777,1
TCGA-NH-A5IV-01A-42R-A37K-07,0.8857462372703727,1
TCGA-44-6777-01A-11R-1858-07,0.5411087400498363,1
TCGA-71-8520-01A-11R-2403-07,0.5627841931404626,1
TCGA-A8-A07I-01A-11R-A00Z-07,0.5831484045291875,1
TCGA-CC-A3M9-01A-11R-A213-07,0.7018371947525845,1
TCGA-AN-A0AK-01A-21R-A00Z-07,0.5000915638522142,1
TCGA-BP-5174-01A-01R-1426-07,0.6194628111468812,1
TCGA-71-6725-01A-11R-1858-07,0.49830582288226427,1
TCGA-25-1623-01A-01R-1566-13,0.8846191909438665,1
TCGA-KK-A6E1-01A-11R-A311-07,0.48266530092086096,1
TCGA-AR-A0TQ-01A-11R-A084-07,0.5688124339272939,1
TCGA-50-5946-01A-11R-1755-07,0.5553351266158089,1
TCGA-A4-8312-01A-11R-2404-07,0.5221634350953624,1
TCGA-FC-7961-01A-11R-A29R-07,0.5868962665337122,1
TCGA-AA-A01G-01A-01R-A002-07,0.06598795282945259,1
TCGA-C8-A12Q-01A-11R-A115-07,0.6792329904612203,1
TCGA-HV-A5A5-01A-11R-A26U-07,0.5964562662773886,1
TCGA-BP-4987-01A-01R-1334-07,0.5019874170894151,0
TCGA-24-1564-01A-01R-1566-13,0.76763313051062,1
TCGA-EJ-7788-01A-11R-2118-07,0.5408211220975181,0
TCGA-O9-A75Z-01A-11R-A33Z-07,0.6140488209038907,1
TCGA-36-1574-01A-01R-1566-13,0.04007800098155742,1
TCGA-21-1070-01A-01R-0692-07,0.6079511334790803,1
TCGA-BP-4976-01A-01R-1334-07,0.6088025558974011,1
TCGA-A7-A0CJ-01A-21R-A00Z-07,0.4981986342949438,1
TCGA-13-1501-01A-01R-1565-13,0.03400650826356927,1
TCGA-CZ-5469-01A-01R-1503-07,0.5819465218972103,1
TCGA-29-1776-01A-01R-1567-13,0.70215580537436,1
TCGA-75-6214-01A-41R-1949-07,0.5368340836500711,1
TCGA-55-8619-01A-11R-2403-07,0.6438939730145371,1
TCGA-A4-A6HP-01A-11R-A31O-07,0.5084819919646092,0
TCGA-LG-A6GG-01A-11R-A311-07,0.44187921079023484,1
TCGA-CC-A9FW-01A-11R-A37K-07,0.5890453577878798,1
TCGA-EJ-7781-01A-11R-2118-07,0.5771913436210016,1
TCGA-05-5420-01A-01R-1628-07,0.4508131259827834,1
TCGA-EW-A3U0-01A-11R-A22K-07,0.5733090246664067,1
TCGA-61-2002-01A-01R-1568-13,0.7685027843197642,1
TCGA-B0-4841-01A-01R-1277-07,0.52895339835506,1
TCGA-CJ-4885-01A-01R-1305-07,0.504401372489011,1
TCGA-AQ-A7U7-01A-22R-A352-07,0.6546415165267621,1
TCGA-VN-A88P-01A-11R-A352-07,0.6160071049218955,1
TCGA-XX-A899-01A-11R-A36F-07,0.6165298221533859,1
TCGA-E2-A14X-01A-11R-A115-07,0.6014949719387469,1
TCGA-E2-A14U-01A-11R-A22K-07,0.5619429188037934,0
TCGA-CJ-6031-01A-11R-1672-07,0.6021514637403353,1
TCGA-38-4627-01A-01R-1206-07,0.5667195905811488,1
TCGA-V1-A9OT-01A-11R-A41O-07,0.442505848314702,1
TCGA-VR-A8ET-01A-11R-A406-31,0.5077349521575163,1
TCGA-A2-A1G6-01A-11R-A13Q-07,0.5419573272911407,1
TCGA-B0-5110-01A-01R-1420-07,0.5016258626921319,1
TCGA-A4-7585-01A-11R-2139-07,0.5622557416336692,1
TCGA-F2-7276-01A-11R-2156-07,0.5838702212383279,1
TCGA-BP-5168-01A-01R-1420-07,0.5431621767376642,0
TCGA-D5-6540-01A-11R-1723-07,0.864190634887251,1
TCGA-A6-6652-01A-11R-1774-07,0.8286523314187703,1
TCGA-96-8170-01A-11R-2296-07,0.5918196041532712,0
TCGA-36-1577-01A-01R-1566-13,0.03693609327141665,1
TCGA-44-8120-01A-11R-2241-07,0.5698839481505595,1
TCGA-D5-6532-01A-11R-1723-07,0.8293978887783358,1
TCGA-AR-A2LK-01A-11R-A180-07,0.5244028504219077,1
TCGA-B6-A0X7-01A-11R-A10J-07,0.6799296628975985,1
TCGA-DD-AADQ-01A-11R-A41C-07,0.40529539957213245,1
TCGA-24-1416-01A-01R-1565-13,0.8416633539420302,1
TCGA-53-7626-01A-12R-2066-07,0.5407528336983637,1
TCGA-G9-6370-01A-11R-1789-07,0.5569325162776815,1
TCGA-A2-A0CX-01A-21R-A00Z-07,0.562487650828523,1
TCGA-G9-6498-01A-12R-A311-07,0.488516055312522,1
TCGA-EB-A24D-01A-11R-A18T-07,0.48923770983572235,1
TCGA-P4-A5EB-01A-11R-A28H-07,0.5010128200092351,1
TCGA-55-6970-01A-11R-1949-07,0.5643164303366808,1
TCGA-AD-6963-01A-11R-1928-07,0.8854173109162551,1
TCGA-97-A4M3-01A-11R-A24X-07,0.5372966834873918,1
TCGA-23-2084-01A-02R-1568-13,0.6773324007075555,1
TCGA-E9-A228-01A-31R-A157-07,0.49406728569153313,1
TCGA-BF-A5EQ-01A-21R-A27Q-07,0.5763732701039256,1
TCGA-43-6773-01A-41R-1949-07,0.5848642809263953,1
TCGA-S3-AA17-01A-11R-A41B-07,0.5526162110617124,1
TCGA-D8-A143-01A-11R-A115-07,0.6033362496822987,1
TCGA-2Y-A9H7-01A-11R-A39D-07,0.5103442140780781,1
TCGA-91-6849-01A-11R-1949-07,0.4907283953824469,1
TCGA-B0-4818-01A-01R-1503-07,0.5281450593668621,1
TCGA-DM-A280-01A-12R-A16W-07,0.8210767912604618,1
TCGA-EW-A1PH-01A-11R-A14M-07,0.5746716139061028,1
TCGA-VN-A88R-01A-11R-A36G-07,0.7819996012201921,1
TCGA-91-6829-01A-21R-1858-07,0.5493464572346164,1
TCGA-30-1857-01A-02R-1569-13,0.0431416961568857,1
TCGA-V1-A8WS-01A-11R-A37L-07,0.49118809660062795,0
TCGA-D8-A27H-01A-11R-A16F-07,0.5450392055098274,1
TCGA-56-8304-01A-11R-2326-07,0.5302027352321702,1
TCGA-43-5670-01A-21R-2125-07,0.49666671396593687,1
TCGA-OL-A66P-01A-11R-A31O-07,0.5472441062145513,1
TCGA-78-7150-01A-21R-2039-07,0.5636502519847988,1
TCGA-C8-A12L-01A-11R-A115-07,0.6459132335703827,0
TCGA-IB-AAUT-01A-11R-A37L-07,0.6596474432870636,1
TCGA-B6-A0IN-01A-11R-A034-07,0.5524605388362765,1
TCGA-O8-A75V-01A-11R-A32O-07,0.5322874333895125,1
TCGA-DD-AAE6-01A-11R-A41C-07,0.35093679590605004,1
TCGA-L5-A8NR-01A-11R-A37I-31,0.8587611875541831,1
TCGA-KK-A8IG-01A-11R-A36G-07,0.540993505984196,1
TCGA-L9-A8F4-01A-11R-A39D-07,0.6189966450253149,1
TCGA-13-0887-01A-01R-1564-13,0.642629944258223,1
TCGA-BH-A1FR-01A-11R-A13Q-07,0.6199167978448511,1
TCGA-BP-4981-01A-01R-1334-07,0.5060336123126062,1
TCGA-DV-5574-01A-01R-1541-07,0.5686525434806422,1
TCGA-AA-3696-01A-01R-0905-07,0.8392331768361653,0
TCGA-DD-A115-01A-11R-A131-07,0.8450520199676725,1
TCGA-98-A53B-01A-11R-A262-07,0.5893598419976196,1
TCGA-FB-A5VM-01A-11R-A32O-07,0.5338929274892419,1
TCGA-AK-3425-01A-02R-1277-07,0.6183143908822455,1
TCGA-CW-5581-01A-02R-1541-07,0.5283580489886718,1
TCGA-5P-A9K4-01A-11R-A42S-07,0.5712160917489789,1
TCGA-HE-A5NK-01A-11R-A26U-07,0.5682040316953018,1
TCGA-B9-A8YI-01A-21R-A37K-07,0.5193747152197732,1
TCGA-HZ-8001-01A-11R-2204-07,0.5919066885875814,1
TCGA-AC-A2FF-01A-11R-A17B-07,0.5996082961556342,1
TCGA-EJ-5512-01A-01R-1580-07,0.5538463009050678,1
TCGA-68-8251-01A-11R-2296-07,0.5900235068118919,1
TCGA-C8-A27B-01A-11R-A169-07,0.4962249347022359,1
TCGA-GF-A769-01A-32R-A32P-07,0.5816610605798644,1
TCGA-ZP-A9CZ-01A-11R-A38B-07,0.7272734848998476,0
TCGA-24-1845-01A-01R-1567-13,0.029565653540062537,1
TCGA-29-A5NZ-01A-11R-A406-31,0.04464951836286988,1
TCGA-5P-A9KC-01A-11R-A42S-07,0.5765456895060455,1
TCGA-ZG-A9LY-01A-11R-A41O-07,0.6011795168242383,1
TCGA-13-0890-01A-01R-1564-13,0.6757444665474471,0
TCGA-EW-A1J3-01A-11R-A13Q-07,0.478078865417921,1
TCGA-ED-A4XI-01A-11R-A266-07,0.6228550743686636,0
TCGA-23-1027-01A-02R-1564-13,0.8505496952749655,1
TCGA-A2-A0CV-01A-31R-A115-07,0.587270393401805,1
TCGA-B0-5703-01A-11R-1541-07,0.5573907587821515,0
TCGA-BH-A18P-01A-11R-A12D-07,0.5962957906094459,0
TCGA-60-2703-01A-11R-2045-07,0.6073616197377769,0
TCGA-DD-AAD6-01A-11R-A41C-07,0.45470580765580576,1
TCGA-5P-A9KA-01A-11R-A42S-07,0.5627859651736394,1
TCGA-IB-7652-01A-11R-2156-07,0.5563975249228602,1
TCGA-97-A4M0-01A-11R-A24X-07,0.570445701269854,1
TCGA-LN-A4A9-01A-11R-A28J-31,0.8165898537197307,1
TCGA-58-A46M-01A-11R-A24H-07,0.5144622901377355,1
TCGA-DD-AADM-01A-11R-A41C-07,0.3944043775035475,1
TCGA-K7-A6G5-01A-11R-A311-07,0.489205352574127,0
TCGA-55-8204-01A-11R-2241-07,0.6182051597908452,1
TCGA-B4-5834-01A-11R-1672-07,0.5273279028196124,1
TCGA-69-7764-01A-11R-2170-07,0.5181799870606623,1
TCGA-A3-3380-01A-01R-0864-07,0.506529248768938,0
TCGA-MF-A522-01A-11R-A262-07,0.4685990375837831,1
TCGA-FB-AAPY-01A-11R-A41B-07,0.5777777241967093,1
TCGA-HC-8260-01A-11R-2263-07,0.5798898597617097,1
TCGA-35-3615-01A-01R-0946-07,0.5307810284880455,0
TCGA-BF-AAOX-01A-11R-A39D-07,0.4679316023545916,1
TCGA-49-4510-01A-01R-1206-07,0.8004386500087812,0
TCGA-55-7726-01A-11R-2170-07,0.506209191816272,1
TCGA-D5-6536-01A-11R-1723-07,0.8901834052834253,1
TCGA-43-A56U-01A-11R-A26W-07,0.6472016449335646,1
TCGA-EP-A3JL-01A-11R-A213-07,0.5344316474940694,1
TCGA-HC-8258-01A-11R-2263-07,0.5570896102542824,1
TCGA-Z6-A9VB-01A-21R-A37I-31,0.029908120671621862,0
TCGA-V1-A9O5-01A-11R-A41O-07,0.5839983696100086,0
TCGA-77-8146-01A-11R-2247-07,0.5622560322192516,1
TCGA-EU-5906-01A-11R-1672-07,0.5264430953713704,1
TCGA-34-2608-01A-02R-0851-07,0.6525516660034402,0
TCGA-LD-A7W6-01A-81R-A352-07,0.5954318839408784,1
TCGA-B8-4143-01A-01R-1188-07,0.6147398894361207,1
TCGA-BQ-5883-01A-11R-1592-07,0.49952457062579897,1
TCGA-V5-AASV-01A-11R-A38D-31,0.034077281105168854,0
TCGA-A7-A0D9-01A-31R-A056-07,0.5852204705541222,1
TCGA-A6-2676-01A-01R-0826-07,0.0707920284429319,1
TCGA-DM-A1D7-01A-11R-A155-07,0.8550264339561023,1
TCGA-B6-A3ZX-01A-11R-A239-07,0.5822860298628971,1
TCGA-05-4402-01A-01R-1206-07,0.5903318781200978,1
TCGA-AA-3555-01A-01R-0821-07,0.09479379271523747,1
TCGA-G3-A7M7-01A-12R-A352-07,0.542465473231486,1
TCGA-A3-3351-01A-02R-1325-07,0.5361846279099369,0
TCGA-EB-A4IQ-01A-12R-A266-07,0.6427878286568507,1
TCGA-CJ-4907-01A-01R-1426-07,0.5525917032657051,0
TCGA-B8-5163-01A-01R-1420-07,0.5443683644616092,1
TCGA-AQ-A1H3-01A-31R-A13Q-07,0.5661881300129905,1
TCGA-52-7811-01A-11R-2125-07,0.5725316505474464,1
TCGA-AR-A250-01A-31R-A169-07,0.5341245837742575,1
TCGA-J9-A8CK-01A-11R-A352-07,0.5624767407705538,1
TCGA-A2-A04U-01A-11R-A115-07,0.4571552922256031,1
TCGA-77-6843-01A-11R-1949-07,0.4878801887344163,1
TCGA-EW-A6SD-01A-12R-A33J-07,0.627026369679844,0
TCGA-BH-A0B5-01A-11R-A12P-07,0.6089247553073347,0
TCGA-29-2425-01A-01R-1569-13,0.03483620504682509,1
TCGA-AA-3972-01A-01R-1022-07,0.07583408603424543,1
TCGA-B6-A0IK-01A-12R-A056-07,0.6594963783004854,1
TCGA-V1-A8MJ-01A-11R-A36G-07,0.6080033142272548,1
TCGA-B0-5707-01A-11R-1541-07,0.5869383884853056,0
TCGA-13-1409-01A-01R-1565-13,0.7612282615295364,0
TCGA-HC-7817-01B-11R-A29R-07,0.5924731233720552,1
TCGA-LN-A4MR-01A-11R-A28J-31,0.610079989462102,1
TCGA-CM-4747-01A-01R-1410-07,0.04766253184258295,1
TCGA-BP-5192-01A-01R-1426-07,0.49444619807296386,0
TCGA-CC-A7IF-01A-11R-A33J-07,0.5803976246816595,1
TCGA-75-6212-01A-11R-1755-07,0.5449002561882522,1
TCGA-61-2095-01A-01R-1568-13,0.7925257280077227,1
TCGA-BP-4992-01A-01R-1334-07,0.47853571134669737,1
TCGA-KK-A6E7-01A-11R-A31N-07,0.4571152153946842,0
TCGA-24-1469-01A-01R-1566-13,0.036942435138994874,1
TCGA-DD-A73B-01A-12R-A32O-07,0.41143003598728767,1
TCGA-LN-A9FQ-01A-31R-A38D-31,0.038017260368622324,1
TCGA-J2-A4AG-01A-11R-A24H-07,0.5277242891241334,1
TCGA-G6-A8L8-01A-21R-A37O-07,0.5133976470491072,1
TCGA-A2-A0CS-01A-11R-A115-07,0.5560959548976526,1
TCGA-DD-AACA-01A-11R-A41C-07,0.45508330138234937,1
TCGA-A2-A0CZ-01A-11R-A034-07,0.6176921482064498,1
TCGA-23-1110-01A-01R-1564-13,0.7027545983700447,0
TCGA-E2-A150-01A-11R-A12D-07,0.5244932339400675,1
TCGA-A6-6142-01A-11R-1774-07,0.8999048194111051,1
TCGA-AO-A124-01A-11R-A10J-07,0.49168866456207694,1
TCGA-NC-A5HJ-01A-11R-A26W-07,0.6152237749238539,1
TCGA-85-8352-01A-31R-2326-07,0.5573430254149758,1
TCGA-B8-5545-01A-01R-1672-07,0.5794516483144604,1
TCGA-DD-A118-01A-11R-A131-07,0.4947668729882717,0
TCGA-NJ-A4YP-01A-11R-A262-07,0.63113839228385,1
TCGA-94-7557-01A-11R-2125-07,0.5545996080933415,1
TCGA-78-7156-01A-11R-2039-07,0.4829764432099709,1
TCGA-BH-A0HP-01A-12R-A084-07,0.6066351604466247,1
TCGA-B1-A656-01A-11R-A31O-07,0.5272511003542768,1
TCGA-39-5037-01A-01R-1443-07,0.4711606946526559,1
TCGA-CJ-4892-01A-01R-1305-07,0.5533688243855527,1
TCGA-55-1592-01A-01R-0946-07,0.5920733155226618,1
TCGA-E2-A1L7-01A-11R-A144-07,0.555521107668204,1
TCGA-49-4512-01A-21R-1858-07,0.6413782634015659,0
TCGA-A1-A0SH-01A-11R-A084-07,0.5883448690372376,1
TCGA-G9-6339-01A-12R-A311-07,0.5441041222750351,1
TCGA-67-3771-01A-01R-0946-07,0.5416227391759749,1
TCGA-J7-6720-01A-11R-2139-07,0.6010557635439316,1
TCGA-C8-A12O-01A-11R-A115-07,0.6224449570531218,1
TCGA-CH-5741-01A-11R-1580-07,0.4709630370979464,1
TCGA-EJ-A8FU-01A-11R-A36G-07,0.578969145843353,1
TCGA-B0-4849-01A-01R-1277-07,0.5275587414727048,1
TCGA-HC-A76W-01A-11R-A33R-07,0.5817923031346743,1
TCGA-CC-A8HT-01A-11R-A36F-07,0.658473391200304,0
TCGA-G4-6320-01A-11R-1723-07,0.8758452776943305,1
TCGA-BP-4763-01A-01R-1289-07,0.5167365502895946,1
TCGA-A8-A097-01A-11R-A034-07,0.5420220777182767,1
TCGA-73-4662-01A-01R-1206-07,0.5396200353316758,1
TCGA-RC-A7SH-01A-11R-A38B-07,0.5178561441393096,1
TCGA-09-1661-01B-01R-1566-13,0.04105269565458524,1
TCGA-66-2766-01A-01R-0851-07,0.7384311399292698,1
TCGA-A2-A3XZ-01A-42R-A239-07,0.6323852784009512,0
TCGA-36-1581-01A-01R-1566-13,0.7297760384481357,1
TCGA-CH-5789-01A-11R-1580-07,0.5617620003870782,1
TCGA-BH-A1F0-01A-11R-A137-07,0.5424349549232959,1
TCGA-91-6847-01A-11R-1949-07,0.45300258903311297,0
TCGA-52-7809-01A-21R-2125-07,0.5213693329133723,1
TCGA-BD-A3ER-01A-11R-A213-07,0.627405412490335,1
TCGA-13-1511-01A-01R-1565-13,0.749814056446962,1
TCGA-21-1079-01A-01R-0692-07,0.558239897184992,1
TCGA-BH-A18V-01A-11R-A12D-07,0.48422422422559064,1
TCGA-F4-6569-01A-11R-1774-07,0.8770680307055906,1
TCGA-66-2781-01A-01R-0851-07,0.5723046861216438,1
TCGA-G3-A5SK-01A-11R-A27V-07,0.45017580547496006,1
TCGA-AC-A62V-01A-11R-A31O-07,0.42843232825763566,1
TCGA-BP-5195-01A-02R-1426-07,0.5652642720585209,1
TCGA-A8-A0A1-01A-11R-A00Z-07,0.5804950325791649,1
TCGA-38-4629-01A-02R-1206-07,0.5256065957942117,1
TCGA-AC-A5EH-01A-11R-A28M-07,0.6558118008390634,1
TCGA-M7-A721-01A-12R-A32O-07,0.5543623038082642,1
TCGA-23-1028-01A-01R-1564-13,0.03398641086365222,1
TCGA-AZ-5407-01A-01R-1723-07,0.8531200671684851,1
TCGA-56-8625-01A-11R-2403-07,0.5903273270354806,1
TCGA-NC-A5HM-01A-12R-A26W-07,0.6043917484336554,1
TCGA-58-A46L-01A-11R-A24H-07,0.5724411914611326,0
TCGA-B6-A0IH-01A-11R-A115-07,0.5875728561113157,1
TCGA-77-A5FZ-01A-31R-A27Q-07,0.5690113005772518,1
TCGA-CK-4947-01B-11R-1653-07,0.8671714991914672,1
TCGA-AC-A2QI-01A-12R-A19W-07,0.5979852516672869,1
TCGA-G3-AAV4-01A-11R-A38B-07,0.462769093341925,1
TCGA-93-7347-01A-11R-2187-07,0.5623347851150873,1
TCGA-LL-A73Z-01A-11R-A32P-07,0.612151760729536,1
TCGA-AC-A2BK-01A-11R-A21T-07,0.40743713337012827,0
TCGA-25-1315-01A-01R-1565-13,0.03199769149229689,1
TCGA-A2-A0T2-01A-11R-A084-07,0.5734130853261734,1
TCGA-P4-A5E7-01A-31R-A28H-07,0.5942154568514284,0
TCGA-E2-A574-01A-11R-A29R-07,0.43719423840100197,0
TCGA-09-2051-01A-01R-1568-13,0.8633424282759364,1
TCGA-S3-A6ZH-01A-22R-A32P-07,0.47893260347347666,0
TCGA-AA-3548-01A-01R-1873-07,0.9368084879021333,1
TCGA-B9-A8YH-01A-11R-A37K-07,0.5633172302806677,0
TCGA-AA-3971-01A-01R-1022-07,0.08128718094471857,0
TCGA-BP-5169-01A-01R-1426-07,0.5475428073564862,1
TCGA-A2-A3XW-01A-11R-A239-07,0.5852977852668427,0
TCGA-AU-3779-01A-01R-1723-07,0.8786983518177938,1
TCGA-21-1071-01A-01R-0692-07,0.7986453034971417,1
TCGA-2L-AAQE-01A-11R-A39D-07,0.5566860592257663,1
TCGA-78-7143-01A-11R-2039-07,0.5890775303918668,1
TCGA-CM-5863-01A-21R-1839-07,0.881276822433487,1
TCGA-85-8288-01A-11R-2296-07,0.617264817562699,1
TCGA-CC-5259-01A-31R-A213-07,0.3847271001709629,1
TCGA-22-5480-01A-01R-1635-07,0.5591677188917318,1
TCGA-DW-7963-01B-11R-A28H-07,0.6188004793852563,0
TCGA-A1-A0SN-01A-11R-A144-07,0.5499388158575091,1
TCGA-V1-A8X3-01A-11R-A37L-07,0.5701871700514145,1
TCGA-E9-A22D-01A-11R-A157-07,0.5546358333269777,1
TCGA-B0-5075-01A-01R-1334-07,0.5440006008433251,1
TCGA-AK-3433-01A-02R-1277-07,0.3749677379805557,1
TCGA-BP-4331-01A-01R-1289-07,0.5696219035786503,0
TCGA-ES-A2HT-01A-12R-A180-07,0.3636080145900576,1
TCGA-29-1766-01A-01R-1567-13,0.039772832396762436,1
TCGA-HZ-7926-01A-11R-2156-07,0.5436059018898591,1
TCGA-4L-AA1F-01A-11R-A41O-07,0.5876222450896279,1
TCGA-Q2-A5QZ-01A-11R-A28H-07,0.28472124769698653,0
TCGA-49-4490-01A-21R-1858-07,0.641133801182249,1
TCGA-2Y-A9H2-01A-12R-A38B-07,0.7624286756109475,1
TCGA-24-1923-01A-01R-1567-13,0.046510079020004605,1
TCGA-22-4595-01A-01R-1201-07,0.562902482309975,1
TCGA-44-6147-01B-06R-A277-07,0.2653599912535994,1
TCGA-3A-A9I5-01A-11R-A38C-07,0.5151226185307926,0
TCGA-50-5933-01A-11R-1755-07,0.5424429821359883,1
TCGA-BP-4995-01A-01R-1334-07,0.5671173076024492,1
TCGA-A2-A1FV-01A-11R-A13Q-07,0.45533060953566495,0
TCGA-CZ-4866-01A-01R-1503-07,0.5171508126434315,0
TCGA-F4-6570-01A-11R-1774-07,0.8740796643194952,1
TCGA-BH-A0EI-01A-11R-A115-07,0.5579511801753138,1
TCGA-AA-3713-01A-21R-1723-07,0.8647812743787777,1
TCGA-NI-A4U2-01A-11R-A28V-07,0.4552775632487702,1
TCGA-DD-AADY-01A-11R-A41C-07,0.4777982925121982,1
TCGA-05-4405-01A-21R-1858-07,0.637336615270949,1
TCGA-EJ-8469-01A-11R-2403-07,0.5297519736704603,1
TCGA-CK-5914-01A-11R-1653-07,0.8341708059466155,1
TCGA-61-2104-01A-01R-1568-13,0.8726070696217667,1
TCGA-95-7562-01A-11R-2241-07,0.559834507020421,1
TCGA-NK-A5CR-01A-11R-A26W-07,0.4308749114368236,1
TCGA-DD-AACU-01A-11R-A41C-07,0.5888478467164695,1
TCGA-DD-A119-01A-11R-A131-07,0.531519331526118,1
TCGA-GM-A3NW-01A-21R-A22K-07,0.5379126149412893,1
TCGA-50-8459-01A-11R-2326-07,0.5448380023886035,1
TCGA-AO-A12C-01A-11R-A10J-07,0.6044595757261727,0
TCGA-CK-4950-01A-01R-1723-07,0.887785834143611,0
TCGA-55-6987-01A-11R-1949-07,0.5813122392255422,1
TCGA-G3-A7M6-01A-11R-A33R-07,0.7047339551457178,1
TCGA-EW-A3E8-01B-11R-A24H-07,0.6255842096175265,1
TCGA-AO-A0JB-01A-11R-A32Y-07,0.5819480030460072,1
TCGA-EJ-A8FO-01A-21R-A36G-07,0.6628205161670001,1
TCGA-CM-6168-01A-11R-1653-07,0.904346461222959,1
TCGA-J4-8198-01A-11R-2263-07,0.5277786816249218,1
TCGA-YL-A8SA-01A-21R-A37L-07,0.43674317348376185,1
TCGA-CJ-5679-01A-11R-1541-07,0.6073665831171166,1
TCGA-LL-A7SZ-01A-32R-A352-07,0.4490977121640709,1
TCGA-CM-6677-01A-11R-1839-07,0.8758865944680577,1
TCGA-BP-4973-01A-01R-1334-07,0.520036582462078,1
TCGA-2L-AAQJ-01A-12R-A39D-07,0.5384574253632989,1
TCGA-09-0367-01A-01R-1564-13,0.03245355208376673,1
TCGA-BQ-7044-01A-11R-1965-07,0.5740518009380199,1
TCGA-B0-4813-01A-01R-1277-07,0.5795734019711317,1
TCGA-24-1104-01A-01R-1565-13,0.041857411177984395,1
TCGA-HC-A6HY-01A-11R-A31N-07,0.4888909375142906,1
TCGA-L5-A8NK-01A-21R-A37I-31,0.7097101959403496,1
TCGA-31-1953-01A-01R-1568-13,0.7755874782315135,1
TCGA-BH-A8FY-01A-11R-A36F-07,0.5387498626680488,1
TCGA-B0-5107-01A-01R-1420-07,0.5717657504124388,0
TCGA-09-1673-01A-01R-1566-13,0.7990569236635092,1
TCGA-CH-5764-01A-21R-1580-07,0.5649889306989022,0
TCGA-2H-A9GN-01A-11R-A37I-31,0.6538782020366142,1
TCGA-23-1024-01A-02R-1564-13,0.7692000318135763,0
TCGA-B8-5549-01A-01R-1541-07,0.5852041272806867,1
TCGA-GL-8500-01A-11R-2404-07,0.45401750757006454,1
TCGA-KK-A8IM-01A-11R-A36G-07,0.611139933567421,0
TCGA-BH-A0BQ-01A-21R-A115-07,0.6807180949919908,1
TCGA-G3-A6UC-01A-21R-A33J-07,0.3580342587753193,1
TCGA-20-1687-01A-01R-1566-13,0.8599363856946945,0
TCGA-AC-A2QH-01A-11R-A18M-07,0.35926380739532804,1
TCGA-DM-A28M-01A-12R-A16W-07,0.8173859175413196,1
TCGA-13-0899-01A-01R-1564-13,0.02960392381281147,1
TCGA-2Y-A9GW-01A-11R-A38B-07,0.6329382378561952,1
TCGA-2A-A8VT-01A-11R-A37L-07,0.8131222829030453,1
TCGA-D5-6922-01A-11R-1928-07,0.899288175854802,1
TCGA-24-1847-01A-01R-1566-13,0.7648685728632492,1
TCGA-AC-A2FO-01A-11R-A180-07,0.6161478590122479,1
TCGA-UB-A7MC-01A-11R-A33R-07,0.5314423949259732,1
TCGA-MP-A4TK-01A-11R-A24X-07,0.56570723763138,1
TCGA-04-1542-01A-01R-1566-13,0.8041088427527538,1
TCGA-EW-A1P8-01A-11R-A144-07,0.541886887697326,1
TCGA-G7-7501-01A-11R-2204-07,0.5176144791478389,1
TCGA-A2-A0D0-01A-11R-A00Z-07,0.4942683143604975,0
TCGA-HC-7079-01A-11R-1965-07,0.5904095104035403,1
TCGA-KK-A8IA-01A-11R-A36G-07,0.5586248581629285,1
TCGA-D5-6529-01A-11R-1774-07,0.8818391601650104,1
TCGA-G4-6304-01A-11R-1928-07,0.8403713626857294,1
TCGA-BH-A0HB-01A-11R-A056-07,0.6094698700987867,1
TCGA-CJ-4882-01A-02R-1426-07,0.6630865131004524,1
TCGA-24-1435-01A-01R-1566-13,0.8650575300632483,1
TCGA-AA-3492-01A-01R-1410-07,0.0594995033663311,0
TCGA-IZ-8196-01A-11R-2404-07,0.5481915648615312,1
TCGA-UB-A7ME-01A-11R-A33J-07,0.7176958724201777,0
TCGA-6A-AB49-01A-12R-A405-07,0.47678361875188785,1
TCGA-63-7021-01A-11R-1949-07,0.5731291782811117,1
TCGA-A2-A0EN-01A-13R-A084-07,0.5987798007490417,0
TCGA-A8-A0A2-01A-11R-A034-07,0.5111936066006814,0
TCGA-DD-AACX-01A-11R-A41C-07,0.5897075101935542,1
TCGA-E2-A14O-01A-31R-A115-07,0.4293047311320064,1
TCGA-AA-3695-01A-01R-0905-07,0.08115652301719906,1
TCGA-A2-A0EM-01A-11R-A034-07,0.5815523665958395,1
TCGA-AA-3549-01A-02R-0821-07,0.06928708823059375,1
TCGA-ED-A7XP-01A-11R-A352-07,0.620691444641584,1
TCGA-97-7938-01A-11R-2170-07,0.5343481724656933,1
TCGA-23-1122-01A-01R-1565-13,0.8372204583438626,1
TCGA-AA-A01I-01A-02R-A089-07,0.8507257592119214,1
TCGA-ZS-A9CG-01A-11R-A37K-07,0.7719496500023063,1
TCGA-A7-A0DA-01A-31R-A115-07,0.5572782392814694,1
TCGA-29-1701-01A-01R-1567-13,0.8164389870394706,1
TCGA-LN-A4A6-01A-11R-A260-31,0.7688521277589278,0
TCGA-2H-A9GQ-01A-11R-A37I-31,0.8009105247955168,1
TCGA-B8-4620-01A-02R-1325-07,0.5620900917953195,1
TCGA-B0-4718-01A-01R-1277-07,0.5491005846606819,1
TCGA-AA-3861-01A-01R-1022-07,0.07267913705360615,1
TCGA-D5-6932-01A-11R-1928-07,0.8908914191459066,1
TCGA-55-8091-01A-11R-2241-07,0.596483342849932,1
TCGA-64-1681-01A-11R-2066-07,0.5720530042794911,1
TCGA-VR-AA7I-01A-11R-A406-31,0.6989486089701415,0
TCGA-AZ-4308-01A-01R-1410-07,0.04214293439673172,1
TCGA-13-1403-01A-01R-1565-13,0.8642920391690833,1
TCGA-AL-3471-01A-02R-1351-07,0.028933167864331255,1
TCGA-23-2078-01A-01R-1568-13,0.8759633340735399,1
TCGA-25-2409-01A-01R-1569-13,0.8550077874257006,1
TCGA-BH-A0W7-01A-11R-A115-07,0.6446823332644736,1
TCGA-DM-A1D6-01A-21R-A155-07,0.809868856485907,1
TCGA-13-1512-01A-01R-1565-13,0.665638223838939,1
TCGA-23-1111-01A-01R-1567-13,0.8414600360769575,1
TCGA-43-6647-01A-11R-1820-07,0.6069318431168399,1
TCGA-85-7698-01A-11R-2125-07,0.5966091156892666,1
TCGA-MW-A4EC-01A-11R-A266-07,0.5471006467649282,1
TCGA-58-A46J-01A-11R-A24H-07,0.6309150560915527,1
TCGA-DD-AAVX-01A-11R-A41C-07,0.4805409677422103,1
TCGA-29-1777-01A-01R-1567-13,0.03262869319377721,1
TCGA-A2-A3XX-01A-21R-A239-07,0.5290196780619097,1
TCGA-55-7725-01A-11R-2170-07,0.49051052978927645,1
TCGA-BH-A0DP-01A-21R-A056-07,0.6291146260468101,1
TCGA-PD-A5DF-01A-11R-A27V-07,0.7335042555556947,1
TCGA-77-7465-01A-11R-2045-07,0.5268759935471216,1
TCGA-A6-5659-01A-01R-A278-07,0.8705910035102018,1
TCGA-A8-A08G-01A-11R-A00Z-07,0.5473239732994686,1
TCGA-39-5029-01A-01R-1443-07,0.5904162765389663,0
TCGA-DD-AAVQ-01A-11R-A41C-07,0.6378996196795608,1
TCGA-BH-A0DK-01A-21R-A056-07,0.6091760365283585,1
TCGA-AC-A2QJ-01A-12R-A19W-07,0.36927941859498925,1
TCGA-BP-4799-01A-01R-1305-07,0.44645974144494815,1
TCGA-18-3415-01A-01R-0980-07,0.7616272301470809,1
TCGA-22-A5C4-01A-12R-A27Q-07,0.5638549079179207,1
TCGA-Y8-A896-01A-11R-A36F-07,0.6080007412675259,1
TCGA-AC-A2FG-01A-11R-A17B-07,0.61612828856925,1
TCGA-CW-5584-01A-01R-1541-07,0.5617507051275278,1
TCGA-58-8387-01A-11R-2296-07,0.5338381595197765,1
TCGA-55-7724-01A-11R-2170-07,0.49070395966614555,1
TCGA-AO-A12B-01A-11R-A10J-07,0.5294406761888719,1
TCGA-KC-A7F3-01A-21R-A33R-07,0.6787549885631154,1
TCGA-49-4514-01A-21R-1858-07,0.48281974214819595,1
TCGA-A8-A09N-01A-11R-A00Z-07,0.5234920385918784,1
TCGA-C8-A12W-01A-11R-A115-07,0.5980995330914556,1
TCGA-BP-4797-01A-01R-1305-07,0.630610078215955,0
TCGA-G3-A7M9-01A-23R-A352-07,0.7613680242151645,1
TCGA-55-7815-01A-11R-2170-07,0.37840789470729175,1
TCGA-EJ-A8FP-01A-21R-A36G-07,0.5613646363310071,1
TCGA-AN-A0FT-01A-11R-A034-07,0.5228177336245245,0
TCGA-A2-A25A-01A-12R-A16F-07,0.604890451952205,1
TCGA-33-4547-01A-01R-1201-07,0.5933974533314348,0
TCGA-G9-7523-01A-11R-2263-07,0.5682597718290084,1
TCGA-KK-A8II-01A-11R-A36G-07,0.5151676714729726,1
TCGA-09-2048-01A-01R-1568-13,0.6259362979367243,1
TCGA-B0-4824-01A-01R-1277-07,0.5499997080911665,1
TCGA-BH-A0DH-01A-11R-A084-07,0.5723053640125648,0
TCGA-55-8615-01A-11R-2403-07,0.6508560948862351,1
TCGA-78-8648-01A-11R-2403-07,0.5385743795790678,0
TCGA-05-4426-01A-01R-1206-07,0.5910687883393296,1
TCGA-CW-6087-01A-11R-1672-07,0.5631384439064809,1
TCGA-BH-A2L8-01A-11R-A18M-07,0.6851480397560316,1
TCGA-64-1680-01A-02R-0946-07,0.4946243549242425,1
TCGA-ER-A19T-01A-11R-A18T-07,0.652747572010146,1
TCGA-IB-7891-01A-11R-2204-07,0.5834497815850244,1
TCGA-SX-A7SN-01A-11R-A355-07,0.5873019266011283,0
TCGA-EJ-7793-01A-31R-2263-07,0.5383231736044548,1
TCGA-23-1118-01A-01R-1564-13,0.861807682741348,1
TCGA-AQ-A54N-01A-11R-A266-07,0.49227524786657256,1
TCGA-DD-AAW1-01A-11R-A41C-07,0.419677379185132,1
TCGA-L5-A43E-01A-11R-A24K-31,0.6687347283466978,1
TCGA-AA-A00O-01A-02R-A089-07,0.10482666636653493,0
TCGA-24-2261-01A-01R-1568-13,0.8635806474558697,1
TCGA-AA-3688-01A-01R-0905-07,0.06945471706088477,0
TCGA-UZ-A9PV-01A-11R-A42S-07,0.5392878694015225,1
TCGA-37-A5EN-01A-21R-A26W-07,0.5526019899693445,1
TCGA-09-2053-01C-01R-1568-13,0.6516802397469273,1
TCGA-EW-A1J5-01A-11R-A13Q-07,0.5529841830105099,1
TCGA-IB-AAUQ-01A-22R-A41I-07,0.5764889023655377,1
TCGA-A2-A0SX-01A-12R-A084-07,0.5775336910704434,1
TCGA-H8-A6C1-01A-11R-A32O-07,0.5765538075638038,0
TCGA-P4-AAVO-01A-11R-A42S-07,0.4605415191671847,1
TCGA-A7-A6VY-01A-12R-A33J-07,0.6582446945438472,1
TCGA-BP-5177-01A-01R-1426-07,0.5598018028689536,0
TCGA-37-4141-01A-02R-1100-07,0.7640255055574033,0
TCGA-85-8355-01A-11R-2296-07,0.5910058261905289,1
TCGA-60-2719-01A-01R-0851-07,0.552591849815049,1
TCGA-AA-A01C-01A-01R-A00A-07,0.07185753858302246,1
TCGA-G9-6329-01A-13R-1965-07,0.6146484571333061,1
TCGA-BH-A0HK-01A-11R-A056-07,0.5465268543177146,1
TCGA-34-5239-01A-21R-1820-07,0.6170407277775649,0
TCGA-NC-A5HH-01A-11R-A26W-07,0.5443353830616419,1
TCGA-NC-A5HK-01A-11R-A26W-07,0.5859456400761471,1
TCGA-69-7973-01A-11R-2187-07,0.5617188912490659,1
TCGA-77-8128-01A-11R-2247-07,0.533848681446927,1
TCGA-B0-5700-01A-11R-1541-07,0.6293194050607677,1
TCGA-IB-8126-01A-11R-2404-07,0.5840362682996566,1
TCGA-QL-A97D-01A-12R-A41B-07,0.8666470277376778,0
TCGA-XR-A8TC-01A-11R-A36F-07,0.48785261405161334,1
TCGA-63-A5MU-01A-11R-A26W-07,0.46920376584619855,1
TCGA-B8-A54F-01A-11R-A266-07,0.5435807689857233,0
TCGA-78-7220-01A-11R-2039-07,0.5392938375812633,1
TCGA-97-8176-01A-11R-2403-07,0.027102064319386245,1
TCGA-G4-6293-01A-11R-1723-07,0.8652339087939751,1
TCGA-05-5715-01A-01R-1628-07,0.6277782443540939,1
TCGA-E2-A1IF-01A-11R-A144-07,0.6213734531998918,1
TCGA-AC-A3YI-01A-21R-A239-07,0.5936568573717772,1
TCGA-2J-AAB6-01A-11R-A41B-07,0.5380843119922663,1
TCGA-B1-A47N-01A-11R-A24Z-07,0.7028582583586923,1
TCGA-D8-A1JL-01A-11R-A13Q-07,0.5497968326584982,1
TCGA-SS-A7HO-01A-21R-A37K-07,0.8295735580055194,1
TCGA-58-8390-01A-11R-2326-07,0.5891613051460267,1
TCGA-85-8582-01A-21R-2403-07,0.6440729981712677,1
TCGA-J9-A8CL-01A-11R-A352-07,0.6106218470699424,1
TCGA-BQ-5888-01A-11R-1592-07,0.5421031334100981,1
TCGA-GM-A2DF-01A-11R-A180-07,0.5799104761079075,1
TCGA-CJ-4891-01A-01R-1305-07,0.7945705181637877,1
TCGA-E2-A14R-01A-11R-A115-07,0.5084335994431856,1
TCGA-30-1853-01A-02R-1567-13,0.028828266886398782,1
TCGA-EV-5903-01A-11R-1592-07,0.6027189890177687,1
TCGA-G9-6353-01A-11R-1965-07,0.5492135175789244,0
TCGA-BC-A110-01A-11R-A131-07,0.6078441325435447,1
TCGA-04-1648-01A-01R-1567-13,0.04504187412491976,1
TCGA-55-6983-01A-11R-1949-07,0.5654345168148444,1
TCGA-WX-AA44-01A-11R-A39D-07,0.6528257058766191,1
TCGA-C8-A132-01A-31R-A115-07,0.5799202307770005,0
TCGA-A2-A0CU-01A-12R-A034-07,0.5359894221791921,1
TCGA-46-3769-01A-01R-0980-07,0.6040199503739544,0
TCGA-PE-A5DC-01A-12R-A27Q-07,0.5651488704354056,1
TCGA-2J-AAB9-01A-11R-A41B-07,0.5797969836621254,0
TCGA-21-1083-01A-01R-0692-07,0.7931707826968946,1
TCGA-E2-A15F-01A-11R-A115-07,0.5466028083696561,1
TCGA-BH-A1F5-01A-12R-A13Q-07,0.42077830627021834,1
TCGA-EW-A1P4-01A-21R-A144-07,0.5221194529840659,1
TCGA-29-1778-01A-01R-1567-13,0.8372761165995013,1
TCGA-30-1718-01A-01R-1567-13,0.7207399854199391,1
TCGA-86-8074-01A-11R-2241-07,0.5795739114104165,1
TCGA-A6-6782-01A-11R-1839-07,0.8833012588080961,1
TCGA-IA-A83V-01A-11R-A355-07,0.6060867870832238,0
TCGA-KK-A6E5-01A-11R-A311-07,0.6019618399962803,1
TCGA-L9-A5IP-01A-21R-A39D-07,0.5306108229824217,0
TCGA-58-8391-01A-11R-2326-07,0.4946790551428645,1
TCGA-KK-A8IK-01A-11R-A36G-07,0.41840853294700997,1
TCGA-F4-6807-01A-11R-1839-07,0.8893833172209443,1
TCGA-EJ-5516-01A-01R-1580-07,0.5640993666043976,1
TCGA-85-8350-01A-11R-2296-07,0.6000457592814131,1
TCGA-KK-A7AZ-01A-12R-A32O-07,0.5714096819006785,1
TCGA-DW-7842-01A-11R-A32Z-07,0.600024417759181,1
TCGA-OL-A6VQ-01A-12R-A41B-07,0.5976374842661376,1
TCGA-31-1946-01A-01R-1568-13,0.04816033285642217,0
TCGA-AZ-6606-01A-11R-1839-07,0.8282474434249687,1
TCGA-DD-AAD1-01A-11R-A41C-07,0.7190897181636903,1
TCGA-A2-A0CO-01A-13R-A22K-07,0.611219822186376,1
TCGA-CM-4750-01A-01R-1410-07,0.05226770897508658,1
TCGA-AC-A4ZE-01A-11R-A41B-07,0.6066460718000144,1
TCGA-BP-4327-01A-01R-1289-07,0.5492153744945959,1
TCGA-UZ-A9PX-01A-11R-A42S-07,0.5638871616423087,1
TCGA-BH-A0B9-01A-11R-A056-07,0.49780176538620613,1
TCGA-FB-AAQ0-01A-31R-A41B-07,0.5196124685344039,1
TCGA-A8-A09K-01A-11R-A00Z-07,0.4210535467196598,1
TCGA-55-1595-01A-01R-0946-07,0.5417403265299757,1
TCGA-J4-A83K-01A-11R-A352-07,0.6405216191945002,1
TCGA-A2-A1G4-01A-11R-A13Q-07,0.44098951516042656,1
TCGA-A2-A04T-01A-21R-A034-07,0.4770787415204126,1
TCGA-V1-A8MK-01A-11R-A36G-07,0.5451094662016552,1
TCGA-AN-A03X-01A-21R-A00Z-07,0.6348960836663842,1
TCGA-97-7547-01A-11R-2039-07,0.5142526063901153,1
TCGA-AD-6889-01A-11R-1928-07,0.8414158219568832,1
TCGA-KK-A7AW-01A-11R-A32O-07,0.2969080894503924,1
TCGA-AO-A03N-01B-11R-A10J-07,0.5282588262432805,1
TCGA-EJ-5530-01A-01R-1580-07,0.5191088418727463,0
TCGA-P4-AAVM-01A-11R-A42S-07,0.45887754887761034,1
TCGA-66-2778-01A-02R-0851-07,0.018401821578427808,1
TCGA-HC-A6AP-01A-11R-A30B-07,0.5041731521249344,0
TCGA-Z6-AAPN-01A-11R-A406-31,0.6927824030654853,0
TCGA-CJ-4886-01A-01R-1305-07,0.646372803830219,0
TCGA-BP-4769-01A-01R-1289-07,0.814767944694038,1
TCGA-D8-A1XM-01A-21R-A14M-07,0.5924911999955847,1
TCGA-A7-A4SA-01A-11R-A266-07,0.6009405817907958,1
TCGA-LN-A7HZ-01A-31R-A354-31,0.8313526612014296,1
TCGA-AR-A1AO-01A-11R-A12P-07,0.5971156946358147,1
TCGA-Y6-A9XI-01A-11R-A41O-07,0.4774971176855207,1
TCGA-31-1951-01A-01R-1568-13,0.8703359731903769,1
TCGA-25-1318-01A-01R-1565-13,0.04990011224881409,1
TCGA-B0-5099-01A-01R-1420-07,0.5001192243474936,1
TCGA-CH-5794-01A-11R-1580-07,0.5588194279900492,1
TCGA-BQ-5894-01A-11R-1592-07,0.6336442786438439,1
TCGA-CZ-4863-01A-01R-1503-07,0.553113212300211,1
TCGA-DD-AADJ-01A-11R-A41C-07,0.3843492353766555,1
TCGA-B0-4845-01A-01R-1277-07,0.603546343588806,1
TCGA-BC-A216-01A-11R-A155-07,0.7390306691515622,1
TCGA-CJ-4871-01A-01R-1305-07,0.5597204128282497,1
TCGA-B0-5710-01A-11R-1672-07,0.5287644038137398,1
TCGA-CH-5750-01A-11R-1580-07,0.5690225986386939,0
TCGA-DV-5566-01A-01R-1541-07,0.5755849207294876,1
TCGA-BC-A10X-01A-11R-A131-07,0.5787964619222463,0
TCGA-60-2721-01A-01R-0851-07,0.567155031169118,1
TCGA-F2-7273-01A-11R-2156-07,0.555613853619225,1
TCGA-05-4389-01A-01R-1206-07,0.563979591371368,1
TCGA-A8-A083-01A-21R-A00Z-07,0.4817756854174614,1
TCGA-EJ-7317-01A-31R-2118-07,0.5494706110370619,1
TCGA-24-2023-01A-01R-1567-13,0.7054115806006764,1
TCGA-B6-A0RM-01A-11R-A084-07,0.5097138755324943,1
TCGA-56-A5DS-01A-11R-A27Q-07,0.6038404343286372,1
TCGA-CJ-5672-01A-11R-1541-07,0.8369332096747946,1
TCGA-73-7498-01A-12R-2187-07,0.6417929746958551,1
TCGA-GM-A2DH-01A-11R-A180-07,0.5379883407877689,0
TCGA-A8-A082-01A-11R-A00Z-07,0.575292509400227,1
TCGA-DD-A4NI-01A-11R-A27V-07,0.5641385393507794,1
TCGA-G4-6626-01A-11R-1774-07,0.8091241606548564,1
TCGA-CH-5738-01A-11R-1580-07,0.5888978458820585,1
TCGA-79-5596-01A-31R-1949-07,0.5877439944747671,1
TCGA-A6-5656-01A-21R-A278-07,0.8018708035817571,0
TCGA-BP-4766-01A-01R-1289-07,0.5937407320427137,1
TCGA-XQ-A8TB-01A-11R-A36G-07,0.5500268549129449,1
TCGA-BP-4337-01A-01R-1289-07,0.5715180214959937,1
TCGA-G9-A9S4-01A-11R-A41O-07,0.6130311722805968,1
TCGA-CH-5762-01A-11R-1580-07,0.5931803024778047,1
TCGA-B0-5106-01A-01R-1420-07,0.5505687071248578,1
TCGA-V1-A9OX-01A-11R-A41O-07,0.6400392502033432,0
TCGA-DD-AADU-01A-11R-A41C-07,0.3066378273860489,1
TCGA-A3-3385-01A-02R-1420-07,0.44878194870673227,1
TCGA-90-7964-01A-21R-2187-07,0.5838542428052452,1
TCGA-55-7913-01B-11R-2241-07,0.5191531432340546,0
TCGA-AN-A0AJ-01A-11R-A00Z-07,0.5183891862719152,0
TCGA-09-1670-01A-01R-1566-13,0.7670663772380717,1
TCGA-A4-7734-01A-11R-A32Z-07,0.5984900692559255,1
TCGA-55-7914-01A-11R-2170-07,0.5196921258940407,1
TCGA-77-7140-01A-41R-2045-07,0.5017199386224791,1
TCGA-VN-A943-01A-11R-A41O-07,0.4535262556202755,0
TCGA-B0-5108-01A-01R-1420-07,0.5722670998108399,1
TCGA-J9-A8CN-01A-11R-A352-07,0.5518045562919434,1
TCGA-13-1485-01A-02R-1565-13,0.741062012772073,1
TCGA-33-AASL-01A-11R-A405-07,0.5732091038644451,1
TCGA-CC-5264-01A-01R-A131-07,0.562777659333922,1
TCGA-CK-4952-01A-01R-1723-07,0.8539145837291434,1
TCGA-04-1530-01A-02R-1569-13,0.7521024276264288,1
TCGA-80-5608-01A-31R-1949-07,0.5297042465468763,0
TCGA-B1-A657-01A-11R-A31O-07,0.5724998843426126,1
TCGA-AA-3489-01A-21R-1839-07,0.8862368359514871,1
TCGA-OL-A66O-01A-11R-A31O-07,0.5236355963568852,1
TCGA-5L-AAT1-01A-12R-A41B-07,0.5963114330324346,0
TCGA-55-6986-01A-11R-1949-07,0.6517072306571055,1
TCGA-FB-A4P5-01A-11R-A26U-07,0.5696415274636941,1
TCGA-AK-3428-01A-02R-1277-07,0.5197910513219745,0
TCGA-4T-AA8H-01A-11R-A41B-07,0.8367623649395101,1
TCGA-L5-A88Y-01A-11R-A354-31,0.6456165226157252,1
TCGA-VN-A88K-01A-11R-A352-07,0.5520680518998015,0
TCGA-58-A46N-01A-11R-A24H-07,0.4377144535883695,1
TCGA-YL-A9WH-01A-11R-A37L-07,0.5681812614300684,1
TCGA-44-6776-01A-11R-1858-07,0.5421227097490905,0
TCGA-97-A4M6-01A-11R-A24X-07,0.5954654287803494,1
TCGA-33-4583-01A-01R-1443-07,0.4415524473594741,1
TCGA-2Y-A9H9-01A-21R-A39D-07,0.4566873334269679,0
TCGA-D8-A27L-01A-11R-A16F-07,0.6187302418289288,1
TCGA-F4-6704-01A-11R-1839-07,0.8844927909696491,1
TCGA-63-A5MY-01A-11R-A26W-07,0.4642201439844532,1
TCGA-AA-3666-01A-02R-0905-07,0.07232293505642491,1
TCGA-A8-A08Z-01A-21R-A00Z-07,0.6079550319577447,1
TCGA-V1-A9Z9-01A-21R-A41O-07,0.6082692315767702,1
TCGA-3A-A9IR-01A-11R-A38C-07,0.3433364133720565,1
TCGA-24-1436-01A-01R-1566-13,0.7423334021640784,0
TCGA-BH-A0AU-01A-11R-A12P-07,0.5589416937298766,1
TCGA-G9-6379-01A-11R-A31N-07,0.45208729940139736,0
TCGA-DD-AADR-01A-11R-A41C-07,0.44627063880592044,1
TCGA-EB-A4OY-01A-11R-A266-07,0.014056982601367257,1
TCGA-63-A5MG-01A-12R-A27Q-07,0.6500140540871702,0
TCGA-BP-4341-01A-01R-1289-07,0.5007646989727487,1
TCGA-B8-5550-01A-01R-1541-07,0.569659886915058,1
TCGA-50-5935-01A-11R-1755-07,0.5553075157776112,1
TCGA-D5-6929-01A-31R-1928-07,0.880707366637083,1
TCGA-55-A48X-01A-11R-A24H-07,0.5711081065319557,1
TCGA-BH-A0HA-01A-11R-A12P-07,0.5888214377152002,1
TCGA-AD-5900-01A-11R-1653-07,0.8773074095296212,0
TCGA-50-5049-01A-01R-1628-07,0.5716450475500604,1
TCGA-BH-A0B7-01A-12R-A115-07,0.6095015368903755,1
TCGA-33-AAS8-01A-11R-A405-07,0.55315641491436,1
TCGA-BH-A0GZ-01A-11R-A056-07,0.8388542605167201,1
TCGA-LN-A4A1-01A-21R-A260-31,0.6197661889789225,1
TCGA-XK-AAIW-01A-11R-A41O-07,0.5592993795047345,1
TCGA-98-8021-01A-11R-2247-07,0.5871702480669619,1
TCGA-B6-A0WX-01A-11R-A109-07,0.5868007545248491,1
TCGA-EB-A82B-01A-11R-A352-07,0.5926924496119625,0
TCGA-25-1324-01A-01R-1565-13,0.634570677736671,1
TCGA-13-1482-01A-01R-1565-13,0.8287748667287351,1
TCGA-KH-A6WC-01A-11R-A336-31,0.8260571861234006,1
TCGA-KC-A7FA-01A-21R-A33R-07,0.5533396397938812,1
TCGA-B2-4098-01A-02R-1325-07,0.6531027258538508,1
TCGA-EJ-A7NH-01A-12R-A33R-07,0.5369878532085897,0
TCGA-CJ-5686-01A-11R-1672-07,0.5505187907459209,0
TCGA-V1-A8MU-01A-11R-A37L-07,0.5993119701147639,0
TCGA-67-3774-01A-01R-0946-07,0.5662433840032858,1
TCGA-93-8067-01A-11R-2287-07,0.5751934356312626,1
TCGA-CJ-4923-01A-01R-1426-07,0.6644811754800103,1
TCGA-G6-A8L6-01A-11R-A37O-07,0.49891125496206107,1
TCGA-EB-A5SF-01A-11R-A311-07,0.3337179512597583,1
TCGA-34-2600-01A-01R-0851-07,0.5259591598240207,1
TCGA-E9-A1NF-01A-11R-A14D-07,0.674639789828429,1
TCGA-A8-A08L-01A-11R-A00Z-07,0.5176966749187184,0
TCGA-AO-A0J4-01A-11R-A034-07,0.5983195475369566,1
TCGA-55-8203-01A-11R-2241-07,0.5828658829721822,1
TCGA-LN-A49S-01A-11R-A24K-31,0.04151696696373773,1
TCGA-NC-A5HP-01A-11R-A26W-07,0.6569594424308134,1
TCGA-BH-A1FB-01A-11R-A13Q-07,0.5850445519146177,1
TCGA-53-A4EZ-01A-12R-A24X-07,0.5939301602462139,1
TCGA-69-7978-01A-11R-2187-07,0.6025068865887762,1
TCGA-UB-AA0U-01A-11R-A38B-07,0.6268355892375294,1
TCGA-44-7662-01A-11R-2066-07,0.5607588741018042,1
TCGA-E2-A14P-01A-31R-A12D-07,0.559810596655108,1
TCGA-66-2770-01A-01R-0851-07,0.029010570168670504,1
TCGA-GL-A4EM-01A-11R-A24Z-07,0.5333971584998608,1
TCGA-A3-3357-01A-02R-1420-07,0.5166708669547496,1
TCGA-AA-A01D-01A-01R-A00A-07,0.0944146050736541,1
TCGA-39-5040-01A-21R-2125-07,0.5013297301719337,1
TCGA-2Y-A9H6-01A-11R-A39D-07,0.618732196647823,1
TCGA-38-6178-01A-11R-1755-07,0.6350154190516519,1
TCGA-G3-A25Z-01A-11R-A16W-07,0.46035096470897513,1
TCGA-BH-A204-01A-11R-A157-07,0.35574660664115126,1
TCGA-AA-A01Z-01A-11R-A083-07,0.05912439971302336,1
TCGA-FB-AAPU-01A-31R-A41B-07,0.5760862226274526,1
TCGA-18-3406-01A-01R-0980-07,0.4915068302923357,0
TCGA-HC-7742-01A-11R-2118-07,0.5870223482270729,1
TCGA-B0-4691-01A-01R-1277-07,0.6001022917441842,1
TCGA-18-3408-01A-01R-0980-07,0.434857839614256,0
TCGA-A8-A07W-01A-11R-A00Z-07,0.5527922430429815,1
TCGA-OL-A6VR-01A-32R-A33J-07,0.5431676734329156,1
TCGA-CA-6718-01A-11R-1839-07,0.8698275344753124,1
TCGA-04-1357-01A-01R-1565-13,0.04761707075825254,0
TCGA-X4-A8KS-01A-12R-A36G-07,0.5973202924543247,1
TCGA-EW-A2FR-01A-11R-A21T-07,0.603361444563096,1
TCGA-A8-A0A9-01A-11R-A00Z-07,0.5484206789073238,1
TCGA-J4-A83N-01A-11R-A352-07,0.5289185300577546,1
TCGA-CJ-4872-01A-01R-1305-07,0.5676302568833275,1
TCGA-B0-5081-01A-01R-1334-07,0.5792458041621594,1
TCGA-E9-A24A-01A-11R-A169-07,0.5133930012824672,0
TCGA-DD-A73E-01A-12R-A32O-07,0.41760136763797184,1
TCGA-LA-A7SW-01A-11R-A405-07,0.47732334131609017,1
TCGA-C8-A12U-01A-11R-A115-07,0.5236718704315868,1
TCGA-B0-5097-01A-01R-1420-07,0.5618055471777635,1
TCGA-13-0795-01A-01R-1564-13,0.6261933026395061,1
TCGA-A7-A56D-01A-11R-A27Q-07,0.32582250538721763,1
TCGA-G3-A25S-01A-11R-A16W-07,0.3147697191556383,1
TCGA-XQ-A8TA-01A-11R-A36G-07,0.3910625484188223,1
TCGA-BP-4335-01A-01R-1289-07,0.5017310962580949,1
TCGA-CC-5258-01A-01R-A131-07,0.6247108382002527,1
TCGA-HC-A48F-01A-11R-A250-07,0.49887748427143536,1
TCGA-93-A4JN-01A-11R-A24X-07,0.5747541296872517,1
TCGA-DD-AADI-01A-11R-A41C-07,0.5501888600424547,0
TCGA-A8-A090-01A-11R-A00Z-07,0.54036715662045,1
TCGA-66-2785-01A-01R-0851-07,0.6182962069841915,0
TCGA-61-2097-01A-02R-1568-13,0.714133398854669,1
TCGA-5P-A9K2-01A-11R-A42S-07,0.4812362981633655,1
TCGA-KK-A8IC-01A-11R-A36G-07,0.6079868862259336,0
TCGA-A7-A26E-01A-11R-A277-07,0.3874662996087027,1
TCGA-50-5066-01A-01R-1628-07,0.43202012296965675,1
TCGA-D8-A27N-01A-11R-A16F-07,0.6517273433741092,0
TCGA-78-7166-01A-12R-2066-07,0.549930577606418,0
TCGA-E9-A1R3-01A-31R-A14M-07,0.5272564460646687,0
TCGA-97-A4M2-01A-12R-A24X-07,0.5779194197469016,1
TCGA-BQ-7056-01A-11R-1965-07,0.577992873729397,1
TCGA-13-0724-01A-01R-1564-13,0.03559407157155102,0
TCGA-BH-A0HW-01A-11R-A034-07,0.4354848201204203,1
TCGA-PE-A5DE-01A-11R-A27Q-07,0.5755785768492675,1
TCGA-2L-AAQI-01A-12R-A39D-07,0.563200417763971,0
TCGA-2A-A8VV-01A-11R-A37L-07,0.516567105402863,1
TCGA-39-5016-01A-01R-1443-07,0.547694682017611,0
TCGA-D5-6930-01A-11R-1928-07,0.8766009405579602,1
TCGA-D8-A27I-01A-11R-A16F-07,0.6333325041961201,1
TCGA-V1-A8ML-01A-11R-A37L-07,0.5417369161749208,1
TCGA-85-6798-01A-11R-1949-07,0.4884758457065789,1
TCGA-AA-3510-01A-01R-1410-07,0.06550813501797395,1
TCGA-98-A53A-01A-11R-A262-07,0.5485337015257052,1
TCGA-A4-A772-01A-11R-A33Z-07,0.6104172446946016,0
TCGA-MP-A4TC-01A-11R-A24X-07,0.5713515563848081,1
TCGA-49-6745-01A-11R-1858-07,0.5824763575204795,1
TCGA-10-0927-01A-02R-1564-13,0.6136360672463387,0
TCGA-A2-A0CT-01A-31R-A056-07,0.5282885360783517,1
TCGA-99-8025-01A-11R-2241-07,0.581729494910515,1
TCGA-ZS-A9CE-01A-11R-A37K-07,0.3978381203271027,0
TCGA-AO-A0J6-01A-11R-A034-07,0.568934982326849,1
TCGA-CA-6715-01A-21R-1839-07,0.8682433922510794,1
TCGA-AR-A255-01A-11R-A169-07,0.5605380677578263,0
TCGA-61-2088-01A-01R-1568-13,0.7479759869656221,1
TCGA-DD-A4NV-01A-11R-A311-07,0.6577147194212881,1
TCGA-K7-A5RF-01A-11R-A28V-07,0.5972051050293722,1
TCGA-RC-A6M6-01A-11R-A32O-07,0.6246660937250553,1
TCGA-EP-A12J-01A-11R-A131-07,0.4197879351059277,1
TCGA-BH-A0BW-01A-11R-A115-07,0.5038464999387936,1
TCGA-56-A4BY-01A-11R-A24H-07,0.5637657873488039,1
TCGA-AA-3980-01A-02R-1022-07,0.08038440251463558,1
TCGA-55-8507-01A-11R-2403-07,0.5898585727251333,0
TCGA-BH-A0BS-01A-11R-A12P-07,0.49256728012537876,1
TCGA-DD-A4NH-01A-11R-A27V-07,0.6781172691628361,1
TCGA-L9-A443-01A-12R-A24H-07,0.5316433603568931,1
TCGA-IB-7893-01A-11R-2204-07,0.49598599759067186,0
TCGA-C8-A26W-01A-11R-A16F-07,0.5912880222794196,1
TCGA-AA-3866-01A-01R-1022-07,0.08815105005816185,1
TCGA-AA-3966-01A-01R-1113-07,0.09218419437935813,0
TCGA-24-1425-01A-02R-1566-13,0.8923707497885599,1
TCGA-J9-A52D-01A-11R-A29R-07,0.36641284675170593,1
TCGA-2Z-A9JQ-01A-11R-A42S-07,0.33975512380787215,1
TCGA-AA-3941-01A-01R-1022-07,0.07547589352534517,1
TCGA-77-7337-01A-21R-2045-07,0.49639733786521817,1
TCGA-92-8063-01A-11R-2247-07,0.6060330228085905,1
TCGA-BH-A0EA-01A-11R-A115-07,0.6241917340395012,1
TCGA-EJ-7330-01A-11R-2118-07,0.5732245374495362,1
TCGA-CC-A3MC-01A-11R-A22L-07,0.6849691859086955,1
TCGA-DD-AADD-01A-11R-A41C-07,0.4539100969551832,1
TCGA-EJ-7314-01A-31R-2118-07,0.5602571871831402,1
TCGA-E2-A109-01A-11R-A10J-07,0.5204697621953042,1
TCGA-AO-A1KR-01A-12R-A144-07,0.4174924756572773,1
TCGA-EJ-A7NK-01A-12R-A352-07,0.8305887016526557,1
TCGA-56-A4ZK-01A-11R-A262-07,0.6036615104000158,1
TCGA-B0-5117-01A-01R-1420-07,0.5226699968971557,0
TCGA-A2-A04R-01A-41R-A109-07,0.489786471359503,1
TCGA-78-7152-01A-11R-2039-07,0.6341392154019037,1
TCGA-EB-A41B-01A-11R-A24X-07,0.5235827846600696,1
TCGA-50-6592-01A-11R-1755-07,0.5470679948329319,0
TCGA-E9-A1NA-01A-11R-A144-07,0.5532599654125078,1
TCGA-97-8552-01A-11R-2403-07,0.5853944294248454,1
TCGA-DD-A4NQ-01A-21R-A28V-07,0.5921489228194317,1
TCGA-QG-A5YX-01A-11R-A28H-07,0.8410984052892666,1
TCGA-38-4632-01A-01R-1755-07,0.5049074745740721,0
TCGA-ZP-A9D1-01A-11R-A38B-07,0.70165402220801,0
TCGA-E9-A1RF-01A-11R-A157-07,0.574998115710754,1
TCGA-AA-3681-01A-01R-0905-07,0.0821286477404952,1
TCGA-BH-A0BR-01A-21R-A115-07,0.5990198339286615,1
TCGA-CA-5254-01A-21R-1839-07,0.849966440911281,1
TCGA-18-3417-01A-01R-1443-07,0.4901960508431722,1
TCGA-86-A4P7-01A-11R-A24X-07,0.5868968177281334,1
TCGA-24-1924-01A-01R-1567-13,0.6812611699737264,1
TCGA-AO-A0JL-01A-11R-A056-07,0.722168818406033,0
TCGA-ED-A7PX-01A-51R-A352-07,0.7998913827329857,0
TCGA-29-1696-01A-01R-1567-13,0.6490946023889997,1
TCGA-AC-A8OP-01A-11R-A36F-07,0.5613689816212056,0
TCGA-BP-5202-01A-02R-1426-07,0.5666485298531939,1
TCGA-EP-A26S-01A-11R-A16W-07,0.44374648616555507,1
TCGA-77-8144-01A-11R-2247-07,0.49709340929587364,1
TCGA-60-2713-01A-01R-0851-07,0.5882107930604761,0
TCGA-AO-A03T-01A-21R-A034-07,0.5384505496976707,1
TCGA-NK-A5D1-01A-11R-A26W-07,0.5597158223112892,1
TCGA-NI-A8LF-01A-11R-A36F-07,0.554614496692936,1
TCGA-B0-4693-01A-01R-1277-07,0.5462653290710542,0
TCGA-CH-5761-01A-11R-1580-07,0.5265854293061497,1
TCGA-VR-A8EW-01A-11R-A36D-31,0.7984709139906951,1
TCGA-09-0364-01A-02R-1564-13,0.7516238106156918,1
TCGA-US-A77E-01A-11R-A32O-07,0.5840493764718966,1
TCGA-BP-4329-01A-02R-1289-07,0.5311567401113393,1
TCGA-E9-A2JS-01A-11R-A180-07,0.5606923801059474,0
TCGA-L5-A8NN-01A-11R-A37I-31,0.8519995686045133,1
TCGA-BP-4169-01A-02R-1289-07,0.5891955515670668,1
TCGA-DD-A3A5-01A-11R-A22L-07,0.3957387677839345,1
TCGA-KK-A7B1-01A-11R-A32O-07,0.6087116506882058,1
TCGA-KR-A7K2-01A-12R-A33R-07,0.5342119915596526,1
TCGA-77-A5G8-01B-11R-A27Q-07,0.5272727761795245,1
TCGA-AA-A00F-01A-01R-A002-07,0.09238468879786253,1
TCGA-BP-4340-01A-01R-1289-07,0.49588845452177077,1
TCGA-BP-4164-01A-02R-1325-07,0.4848407471929561,1
TCGA-B6-A0RU-01A-11R-A084-07,0.5958786428722903,1
TCGA-EJ-7794-01A-11R-2118-07,0.5855076875056369,1
TCGA-C8-A12P-01A-11R-A115-07,0.5878598077183612,1
TCGA-09-1674-01A-01R-1566-13,0.033712284698431724,1
TCGA-G9-6365-01A-11R-1789-07,0.5935740380918759,1
TCGA-J4-8200-01A-11R-A29R-07,0.6479972877168493,0
TCGA-BH-A0H5-01A-21R-A115-07,0.5975498034818036,1
TCGA-66-2787-01A-01R-0980-07,0.5635421795194648,1
TCGA-XK-AAIV-01A-11R-A41O-07,0.6220380093899145,1
TCGA-G9-6351-01A-21R-1965-07,0.5201124449828299,1
TCGA-BP-4967-01A-01R-1334-07,0.5649750499385913,0
TCGA-39-5036-01A-01R-1443-07,0.5658853657204902,1
TCGA-2J-AAB8-01A-12R-A41B-07,0.5620900830285277,0
TCGA-ZP-A9CV-01A-11R-A38B-07,0.5541150933653345,1
TCGA-A6-5667-01A-21R-1723-07,0.8722045854023714,1
TCGA-XJ-A83F-01A-11R-A352-07,0.5323447753183687,1
TCGA-BP-4160-01A-02R-1289-07,0.5445854654168367,1
TCGA-AA-A02H-01A-01R-A089-07,0.9567623586738427,1
TCGA-SU-A7E7-01A-22R-A33R-07,0.6024571296231419,1
TCGA-LN-A8HZ-01A-11R-A36D-31,0.028220438230885745,1
TCGA-VP-A87C-01A-11R-A352-07,0.6038952412871749,1
TCGA-G9-6347-01A-11R-A31N-07,0.3967786895535649,1
TCGA-2L-AAQM-01A-11R-A39D-07,0.3981315281030311,0
TCGA-CA-5797-01A-01R-1653-07,0.8684517391564962,1
TCGA-2J-AABA-01A-21R-A41B-07,0.5747522654109546,1
TCGA-77-8156-01A-11R-2247-07,0.5475552587546895,1
TCGA-VR-A8EZ-01A-11R-A36D-31,0.032397554612363245,0
TCGA-J9-A52C-01A-11R-A26U-07,0.567611105323952,1
TCGA-BP-4989-01A-01R-1334-07,0.6305099900097897,0
TCGA-EB-A3Y7-01A-11R-A239-07,0.30534201697274277,1
TCGA-13-1506-01A-01R-1565-13,0.7927556967228377,1
TCGA-EJ-A46D-01A-21R-A32Y-07,0.5838746796805182,0
TCGA-HC-A631-01A-11R-A29R-07,0.49771648524114925,1
TCGA-69-7761-01A-11R-2170-07,0.5801485811922585,1
TCGA-61-2092-01A-01R-1568-13,0.030757917316244682,1
TCGA-BH-A1FN-01A-11R-A13Q-07,0.564479506284671,1
TCGA-G3-A25X-01A-11R-A16W-07,0.5620783447161565,1
TCGA-34-8455-01A-11R-2326-07,0.5970955464754887,1
TCGA-BP-4972-01A-01R-1334-07,0.5479249452625807,0
TCGA-13-0885-01A-02R-1569-13,0.7967661738239493,0
TCGA-CJ-6027-01A-11R-1672-07,0.5616122715265712,0
TCGA-O1-A52J-01A-11R-A262-07,0.544870058712374,1
TCGA-EB-A3XB-01A-11R-A239-07,0.5979352184325772,1
TCGA-KK-A7AY-01A-11R-A33R-07,0.4496280234998966,1
TCGA-AA-3930-01A-01R-1022-07,0.08184673154723346,0
TCGA-49-4506-01A-01R-1206-07,0.4639873223806694,1
TCGA-61-2000-01A-01R-1568-13,0.6616342161811455,1
TCGA-Z5-AAPL-01A-12R-A41B-07,0.5442805030759421,1
TCGA-ZG-A9LU-01A-11R-A41O-07,0.6345278729495882,1
TCGA-JY-A93F-01A-21R-A37I-31,0.5404043496848614,0
TCGA-66-2800-01A-01R-1201-07,0.6210260629188203,1
TCGA-66-2773-01A-01R-1201-07,0.6288615178947988,0
TCGA-C8-A27A-01A-11R-A169-07,0.43743220066316596,1
TCGA-G7-A8LE-01A-11R-A36F-07,0.6007446145415698,1
TCGA-HC-7819-01A-11R-2118-07,0.5059106929644727,0
TCGA-50-5936-01A-11R-1628-07,0.5602440776532651,1
TCGA-86-8359-01A-11R-2326-07,0.6173314903269937,1
TCGA-AA-3518-01A-02R-0826-07,0.07364905646654288,1
TCGA-HC-7211-01A-11R-2118-07,0.5560320532952674,1
TCGA-BH-A0C0-01A-21R-A056-07,0.5603279641629889,1
TCGA-AA-A02O-01A-21R-A16W-07,0.054054681723337085,1
TCGA-KK-A8I5-01A-11R-A36G-07,0.6096384731810977,1
TCGA-BP-5000-01A-01R-1334-07,0.6368725012036224,1
TCGA-A8-A09X-01A-11R-A00Z-07,0.8095181600934875,1
TCGA-ER-A2NF-01A-11R-A18T-07,0.6972402397518221,0
TCGA-BH-A6R8-01A-21R-A33J-07,0.5200255218336217,0
TCGA-44-2661-01A-01R-1107-07,0.5555969854856332,1
TCGA-AO-A0J2-01A-11R-A034-07,0.5228556432618896,1
TCGA-IG-A5B8-01A-11R-A28J-31,0.5620192023966607,1
TCGA-55-8512-01A-11R-2403-07,0.553938737000839,0
TCGA-HE-A5NJ-01A-11R-A26U-07,0.5860743690199757,0
