sample_id,score,y_member
TCGA-B0-5115-01A-01R-1420-07,-0.08771960456880806,1
TCGA-EJ-A46E-01A-31R-A250-07,0.020583753627626003,1
TCGA-DD-AAE7-01A-11R-A41C-07,-0.09593247886528583,1
TCGA-Z6-A8JE-01A-11R-A37I-31,-0.26033355988531215,1
TCGA-A8-A08F-01A-11R-A00Z-07,-0.031183632885413048,1
TCGA-59-2350-01A-01R-1569-13,-0.07952675115930039,1
TCGA-CZ-4858-01A-01R-1305-07,0.20314106146977912,1
TCGA-CZ-5470-01A-01R-1503-07,-0.02520634015678276,1
TCGA-AN-A0XN-01A-21R-A109-07,-0.02454075365663154,1
TCGA-37-A5EL-01A-11R-A26W-07,-0.018860985281562347,1
TCGA-46-6025-01A-11R-1820-07,-0.04911806574652432,1
TCGA-AN-A0XS-01A-22R-A109-07,-0.04988521481066397,1
TCGA-M7-A725-01A-12R-A32O-07,-0.001589804218558929,1
TCGA-XN-A8T3-01A-11R-A36G-07,-0.3819404965621669,0
TCGA-3K-AAZ8-01A-12R-A39D-07,-0.11224642940487685,1
TCGA-B9-5155-01A-01R-1592-07,-0.17041899056894647,1
TCGA-OK-A5Q2-01A-11R-A27Q-07,-0.038437969647345686,1
TCGA-2Y-A9H8-01A-11R-A39D-07,-0.026760956265472067,1
TCGA-30-1866-01A-02R-1568-13,-0.07791098103752857,1
TCGA-SX-A7SO-01A-11R-A355-07,-0.12940949269448038,1
TCGA-55-7283-01A-11R-2039-07,-0.09089447099737841,1
TCGA-M7-A720-01A-12R-A32O-07,-0.0953881957267603,1
TCGA-91-6828-01A-11R-1858-07,-0.07806490978183618,1
TCGA-D8-A1JF-01A-11R-A13Q-07,-0.0032347701676182575,1
TCGA-D8-A1JG-01B-11R-A13Q-07,-0.015137358885368412,1
TCGA-AL-3468-01A-02R-1351-07,-0.17007932221535693,1
TCGA-21-1082-01A-01R-0692-07,-0.038403661811004866,1
TCGA-A4-8311-01A-11R-2404-07,-0.18563793843990198,1
TCGA-BD-A3EP-01A-11R-A22L-07,-0.03550994441950922,1
TCGA-92-7340-01A-21R-2045-07,-0.05661076103750895,1
TCGA-EJ-A65B-01A-12R-A30B-07,0.01657848930214188,1
TCGA-HC-8261-01B-05R-2302-07,0.22004986868803716,1
TCGA-AZ-6601-01A-11R-1774-07,-0.08915422467020966,1
TCGA-B0-4703-01A-01R-1277-07,-0.025590391783244747,1
TCGA-AA-A004-01A-01R-A00A-07,0.16190152261348428,1
TCGA-30-1862-01A-02R-1568-13,-0.07672499991059105,1
TCGA-09-2045-01A-01R-1568-13,-0.05259147481839527,1
TCGA-E2-A10F-01A-11R-A10J-07,-0.0540291815637606,1
TCGA-OL-A6VO-01A-12R-A33J-07,0.003394944546954936,1
TCGA-BQ-5884-01A-11R-1592-07,0.02900551299186459,1
TCGA-49-4507-01A-01R-1206-07,-0.013800538150086755,1
TCGA-ZG-A9LS-01A-12R-A41O-07,-0.024384571737778433,1
TCGA-AN-A0FW-01A-11R-A034-07,-0.032315491881707493,1
TCGA-A6-A5ZU-01A-11R-A28H-07,0.008645846762079403,1
TCGA-QU-A6IL-01A-11R-A31N-07,0.06468398551439294,1
TCGA-67-4679-01B-01R-1755-07,-0.10337412983763315,0
TCGA-DM-A28G-01A-11R-A16W-07,-0.08607520093392577,1
TCGA-IB-AAUV-01A-11R-A38C-07,-0.26100344771159906,1
TCGA-FB-AAPZ-01A-11R-A41B-07,-0.3905150470098601,1
TCGA-DD-AAEG-01A-11R-A39D-07,-0.07999180811278027,1
TCGA-24-0975-01A-02R-1565-13,-0.04355372091678734,1
TCGA-AA-3841-01A-01R-0905-07,0.012318364958783136,0
TCGA-75-6211-01A-11R-1755-07,-0.037729570139620264,1
TCGA-IB-7887-01A-11R-2156-07,-0.2752961783843688,1
TCGA-78-7161-01A-11R-2039-07,-0.06550085457792416,1
TCGA-B0-5699-01A-11R-1541-07,-0.06512753899842963,1
TCGA-DD-A113-01A-11R-A131-07,-0.01464010177917039,1
TCGA-E9-A1R2-01A-11R-A14D-07,-0.03724444641861939,1
TCGA-78-7536-01A-11R-2066-07,-0.027519552205492757,1
TCGA-B6-A0WY-01A-11R-A109-07,-0.032008852088383596,1
TCGA-ZP-A9CY-01A-11R-A38B-07,-0.11389193887163894,1
TCGA-EJ-5495-01A-01R-1580-07,0.038398787601208365,0
TCGA-2H-A9GJ-01A-11R-A37I-31,-0.22522381866537516,1
TCGA-AA-3955-01A-02R-1022-07,-0.06616543303977332,1
TCGA-20-1684-01A-01R-1566-13,-0.07246839457202711,1
TCGA-AA-3697-01A-01R-1723-07,-0.11813936640026934,1
TCGA-56-5898-01A-11R-1635-07,-0.07065673271485265,1
TCGA-BP-4801-01A-02R-1420-07,-0.08484030152673439,1
TCGA-D8-A146-01A-31R-A115-07,-0.0630442164475179,1
TCGA-DD-AACJ-01A-11R-A41C-07,-0.11041441291211583,0
TCGA-BQ-5892-01A-11R-1592-07,-0.044431958678418794,1
TCGA-BH-A0BF-01A-21R-A12P-07,-0.05103346225919376,0
TCGA-HZ-8003-01A-21R-2204-07,-0.3131083729291435,0
TCGA-BH-A1EU-01A-11R-A137-07,-0.036264560084415795,1
TCGA-61-1900-01A-01R-1567-13,-0.07085969311272937,0
TCGA-AM-5821-01A-01R-1653-07,0.04444668200410822,1
TCGA-A7-A26J-01A-11R-A169-07,-0.04561174832016822,1
TCGA-AR-A1AT-01A-11R-A12P-07,-0.04379713623251343,1
TCGA-OL-A5S0-01A-11R-A28M-07,0.021471741540229853,1
TCGA-63-6202-01A-11R-1820-07,0.01741712012938094,1
TCGA-A2-A3XV-01A-21R-A239-07,0.059233062879645894,0
TCGA-CH-5772-01A-11R-1580-07,-0.05280516246926088,1
TCGA-OL-A5DA-01A-11R-A27Q-07,-0.0387616027973523,1
TCGA-2Z-A9J1-01A-11R-A38C-07,-0.253213093494512,1
TCGA-LN-A8I0-01A-11R-A36D-31,-0.21767606760744904,0
TCGA-50-8460-01A-11R-2326-07,-0.0850776044156661,1
TCGA-86-8279-01A-11R-2287-07,-0.07699756065991308,1
TCGA-56-A4ZJ-01A-11R-A262-07,-0.026426857597720465,1
TCGA-67-3770-01A-01R-0946-07,-0.04521560078920012,1
TCGA-A2-A0YF-01A-21R-A109-07,-0.03849561197692648,1
TCGA-85-A50Z-01A-21R-A262-07,-0.018943850976879676,1
TCGA-G9-6363-01A-21R-1789-07,0.09950802277325295,1
TCGA-G7-6790-01A-11R-1965-07,-0.18579620622128037,0
TCGA-AR-A1AM-01A-41R-A22K-07,-0.05290969819745546,0
TCGA-E2-A10C-01A-21R-A10J-07,-0.01547474098245502,1
TCGA-AA-A00L-01A-01R-A002-07,-0.0990464411186243,0
TCGA-55-7995-01A-11R-2187-07,-0.04053208405938223,1
TCGA-G4-6309-01A-21R-1839-07,-0.0975208376664586,1
TCGA-CJ-4908-01A-01R-1426-07,-0.0735635953502272,1
TCGA-EJ-A46B-01A-31R-A250-07,-0.11519812888487257,0
TCGA-AR-A24Z-01A-11R-A169-07,-0.044387804163245816,0
TCGA-A6-2685-01A-01R-1410-07,-0.016737749038371715,0
TCGA-A4-A5DU-01A-11R-A28H-07,-0.20806453279384227,1
TCGA-AZ-6600-01A-11R-1774-07,-0.09819137101061885,1
TCGA-CC-A7IH-01A-11R-A33J-07,-0.08131757950734358,1
TCGA-QU-A6IM-01A-11R-A31N-07,0.11013538536093335,1
TCGA-LN-A49M-01A-21R-A260-31,-0.30774357287709697,1
TCGA-66-2765-01A-01R-0851-07,-0.06448152613529884,0
TCGA-A8-A0AB-01A-11R-A034-07,-0.04662757139292916,1
TCGA-S3-AA14-01A-11R-A41B-07,-0.02681638148261416,1
TCGA-98-A538-01A-11R-A262-07,-0.07280650453456641,1
TCGA-CM-6166-01A-11R-1653-07,-0.05655699599295807,1
TCGA-5M-AAT4-01A-11R-A41B-07,-0.09222140516737357,1
TCGA-61-2008-01A-02R-1568-13,-0.07197735518672393,1
TCGA-B6-A0X0-01A-21R-A115-07,-0.03769097868739786,1
TCGA-86-8281-01A-11R-2287-07,-0.08991505306945542,1
TCGA-24-1546-01A-01R-1566-13,-0.05866307244431499,0
TCGA-V1-A9OL-01A-11R-A41O-07,-0.05918031524608227,0
TCGA-BH-A201-01A-11R-A14M-07,-0.041801675184582165,1
TCGA-18-3409-01A-01R-0980-07,-0.014220450566105308,1
TCGA-F4-6461-01A-11R-1774-07,-0.0064418316082381815,1
TCGA-AA-A02E-01A-01R-A00A-07,-0.09734415516258145,0
TCGA-YL-A9WY-01A-11R-A41O-07,-0.02891533779078573,1
TCGA-B0-5102-01A-01R-1420-07,-0.02194440736924275,1
TCGA-G9-7521-01A-11R-2263-07,0.04711089348780126,0
TCGA-CJ-4902-01A-01R-1426-07,-0.0707206260996459,1
TCGA-CA-6717-01A-11R-1839-07,-0.04632589391309556,0
TCGA-IG-A5S3-01A-11R-A28J-31,-0.19547537714679183,0
TCGA-EJ-5497-01A-02R-1580-07,-0.061742547166539784,1
TCGA-BF-A5EO-01A-12R-A27Q-07,-0.7131228048255583,0
TCGA-85-A4JC-01A-11R-A24Z-07,-0.03780259646099117,1
TCGA-44-3917-01A-01R-A278-07,-0.008981821772329594,1
TCGA-A8-A08H-01A-21R-A00Z-07,0.008869508804749772,1
TCGA-95-A4VN-01A-11R-A262-07,-0.09182818919009048,1
TCGA-B0-5693-01A-11R-1541-07,-0.08427316254420629,1
TCGA-77-8138-01A-11R-2247-07,-0.058385772407557206,1
TCGA-KK-A7B0-01A-11R-A32O-07,0.09596233765772605,1
TCGA-B0-5083-01A-02R-1420-07,0.1452940004413859,1
TCGA-GM-A2DA-01A-11R-A18M-07,-0.018748814963026897,1
TCGA-A2-A3KD-01A-12R-A213-07,-0.04192156102134394,1
TCGA-DD-A39Y-01A-11R-A213-07,-0.021370657173717746,1
TCGA-B6-A0WZ-01A-11R-A109-07,-0.032492474136795256,1
TCGA-A6-2682-01A-01R-1410-07,-0.06859486552142809,1
TCGA-D8-A1JU-01A-11R-A13Q-07,-0.055762424175462066,0
TCGA-RL-AAAS-01A-32R-A39D-07,-0.3424520401111208,0
TCGA-B9-A44B-01A-11R-A24Z-07,-0.08582906411024718,1
TCGA-B6-A0I5-01A-11R-A034-07,-0.00492556305648857,1
TCGA-BH-AB28-01A-31R-A41B-07,-0.0400339635470528,1
TCGA-E9-A1N9-01A-11R-A14D-07,-0.041182604661657615,0
TCGA-A3-3363-01A-01R-0864-07,0.14203921383677603,1
TCGA-22-1000-01A-01R-A32Z-07,-0.04234772101444534,1
TCGA-KK-A6E4-01A-11R-A30B-07,0.010857185260274724,1
TCGA-BQ-5889-01A-11R-1592-07,-0.008761374934548868,1
TCGA-DM-A1HA-01A-11R-A155-07,0.08395270349039004,1
TCGA-BF-A5ER-01A-12R-A27Q-07,-0.7160828114521056,1
TCGA-LL-A73Y-01A-11R-A33J-07,-0.0056734682683168705,1
TCGA-BF-A3DL-01A-11R-A20F-07,-0.7196411604664267,1
TCGA-VR-A8EO-01A-11R-A36D-31,-0.18006794891974062,1
TCGA-L1-A7W4-01A-12R-A36G-07,0.009789115128772365,1
TCGA-B0-4838-01A-01R-1305-07,-0.06328899745247611,1
TCGA-2Y-A9GY-01A-11R-A38B-07,0.03212509562066453,1
TCGA-BP-4343-01A-02R-1289-07,0.03616364286025953,1
TCGA-BQ-5893-01A-11R-1592-07,0.05898616478440236,1
TCGA-HP-A5MZ-01A-21R-A27V-07,-0.07380550972741921,1
TCGA-A7-A4SE-01A-11R-A266-07,-0.0012943994516506274,0
TCGA-66-2783-01A-01R-1201-07,-0.07348094520212789,1
TCGA-73-4675-01A-01R-1206-07,-0.05363855611676006,1
TCGA-D5-5538-01A-01R-1653-07,-0.08209368974847707,1
TCGA-YL-A8SO-01B-31R-A37L-07,-0.03889386620232188,1
TCGA-E2-A15H-01A-11R-A12D-07,-0.04611841057221017,1
TCGA-V1-A8WN-01A-11R-A37L-07,-0.10653145938891252,1
TCGA-BH-A0EB-01A-11R-A034-07,-0.05300765269102393,1
TCGA-DD-A39X-01A-11R-A213-07,-0.06386976968935082,1
TCGA-E2-A1LK-01A-21R-A14D-07,0.01679745938039162,1
TCGA-AR-A0TV-01A-21R-A084-07,-0.02723526292587871,0
TCGA-A1-A0SD-01A-11R-A115-07,-0.05537309317458218,1
TCGA-33-AASI-01A-22R-A405-07,-0.006481319147180938,1
TCGA-L5-A4OW-01A-11R-A28J-31,-0.3012278035445199,1
TCGA-86-7711-01A-11R-2066-07,-0.02112221654906988,1
TCGA-34-5234-01A-01R-1635-07,0.062407478949195405,0
TCGA-63-7023-01A-11R-1949-07,-0.04007827598769879,1
TCGA-BP-5191-01A-01R-1426-07,0.035674855649851796,1
TCGA-Q9-A6FW-01A-31R-A31P-31,-0.27803515111783744,0
TCGA-CZ-5468-01A-01R-1503-07,0.08408501410316482,0
TCGA-78-7153-01A-11R-2039-07,-0.03208544120628927,1
TCGA-DD-A4NA-01A-11R-A266-07,0.2863375830069325,1
TCGA-43-2578-01A-01R-0851-07,-0.009161977724657312,0
TCGA-5R-AA1C-01A-11R-A41C-07,-0.05985384168815616,1
TCGA-78-7149-01A-11R-2039-07,-0.06243933573914553,1
TCGA-CW-5591-01A-01R-1541-07,0.05983984735227903,1
TCGA-13-0906-01A-01R-1564-13,-0.06389016509580668,1
TCGA-CJ-4876-01A-01R-1305-07,0.030473020676245025,1
TCGA-M7-A724-01A-12R-A32O-07,0.04832080290886398,1
TCGA-62-A46Y-01A-11R-A24H-07,-0.10804340177517777,1
TCGA-C8-A26V-01A-11R-A16F-07,-0.02419532253482339,1
TCGA-OL-A5D8-01A-11R-A27Q-07,-0.026926886966591682,0
TCGA-77-8143-01A-11R-2247-07,-0.042771144790549546,1
TCGA-BH-A0DO-01B-11R-A12D-07,-0.06398695589604692,0
TCGA-CJ-5675-01A-11R-1541-07,-0.015790315543412134,0
TCGA-A2-A4S0-01A-21R-A266-07,-0.02369168793702303,1
TCGA-B9-4117-01A-02R-1351-07,-0.07141793030966294,1
TCGA-BP-4352-01A-01R-1289-07,0.23137476470716556,0
TCGA-A2-A0ST-01A-12R-A084-07,-0.01490001420632808,1
TCGA-E2-A1IH-01A-11R-A13Q-07,-0.033389206209971475,1
TCGA-37-3792-01A-01R-0980-07,-0.009422801569888124,0
TCGA-AK-3427-01A-01R-0864-07,0.292181500468658,0
TCGA-AA-3506-01A-01R-1410-07,-0.046081923709001424,1
TCGA-CZ-5466-01A-01R-1503-07,-0.025760776533966113,1
TCGA-77-8140-01A-11R-2247-07,-0.059825570606458184,0
TCGA-21-5786-01A-01R-1635-07,-0.0714075014114778,0
TCGA-86-8075-01A-11R-2241-07,-0.0876256409287399,1
TCGA-A3-A8OX-01A-11R-A37O-07,-0.04076860469558904,1
TCGA-95-8494-01A-11R-2326-07,-0.03737303900237053,0
TCGA-IG-A7DP-01A-31R-A336-31,-0.1176290667570481,0
TCGA-AD-6964-01A-11R-1928-07,-0.02305904237900832,1
TCGA-A8-A0A6-01A-12R-A056-07,-0.055792077045561425,1
TCGA-B0-5711-01A-11R-1672-07,-0.10532463716550754,1
TCGA-BH-A1FM-01A-11R-A13Q-07,-0.006726197592535578,0
TCGA-CH-5771-01A-21R-1580-07,-0.07133485173790405,1
TCGA-69-7980-01A-11R-2187-07,-0.0734732208561165,1
TCGA-AR-A254-01A-21R-A169-07,-0.038640857374822805,1
TCGA-A6-2683-01A-01R-0821-07,0.04325789174222561,1
TCGA-PL-A8LY-01A-11R-A41B-07,-0.011468781784155804,1
TCGA-G3-A3CH-01A-11R-A22L-07,-0.08303853495375363,1
TCGA-57-1583-01A-01R-1566-13,-0.08652113166457076,1
TCGA-A4-8310-01A-11R-2404-07,-0.20975024004795528,1
TCGA-XK-AAJP-01A-11R-A41O-07,-0.07415256347423271,1
TCGA-EB-A3XE-01A-12R-A239-07,-0.6376035941487395,1
TCGA-AN-A0FZ-01A-11R-A034-07,-0.030131605287307944,1
TCGA-13-0911-01A-01R-1564-13,-0.04807605505556946,1
TCGA-51-6867-01A-11R-2045-07,-0.08770623255659389,0
TCGA-AN-A04D-01A-21R-A034-07,-0.0002430524693132437,0
TCGA-DD-AADC-01A-11R-A41C-07,0.00886606684571268,1
TCGA-73-4677-01A-01R-1206-07,-0.07033499629090124,1
TCGA-L9-A743-01A-43R-A39D-07,-0.1062533684966332,1
TCGA-E9-A6HE-01A-11R-A31O-07,0.0022329970908110844,1
TCGA-E2-A15D-01A-11R-A115-07,-0.0553614410692714,1
TCGA-73-4658-01A-01R-1755-07,-0.0964030141669535,0
TCGA-CH-5788-01A-11R-1580-07,0.14917085471044247,1
TCGA-E2-A14Z-01A-11R-A115-07,-0.03545109916641567,1
TCGA-EB-A6QY-01A-12R-A32P-07,-0.4699297384111906,0
TCGA-CH-5753-01A-11R-1580-07,0.06896545998246957,1
TCGA-AC-A3W5-01A-11R-A22K-07,-0.022472755334928186,1
TCGA-A6-A566-01A-11R-A28H-07,0.020980505570948035,1
TCGA-AA-3994-01A-01R-1113-07,-0.057550103955579884,1
TCGA-MS-A51U-01A-31R-A266-07,-0.0475307755645113,0
TCGA-13-1509-01A-01R-1565-13,-0.08330499812104682,1
TCGA-IG-A6QS-01A-12R-A336-31,-0.2422598011087745,0
TCGA-EW-A1PG-01A-11R-A144-07,-0.028356721608449688,0
TCGA-23-1023-01A-02R-1564-13,-0.054953619099969514,1
TCGA-XJ-A9DI-01A-11R-A37L-07,0.009044804686788943,1
TCGA-68-A59I-01A-11R-A262-07,-0.040611455419502895,1
TCGA-13-0891-01A-01R-1564-13,-0.053071855665708864,0
TCGA-A7-A13E-01A-11R-A12P-07,-0.0015618829916982913,0
TCGA-A8-A07E-01A-11R-A034-07,-0.05113389369166546,1
TCGA-EJ-7785-01A-11R-2118-07,0.002160662061008679,1
TCGA-98-A53C-01A-11R-A262-07,0.06509753669096734,1
TCGA-IB-A7M4-01A-11R-A36G-07,-0.19996171564736792,1
TCGA-78-7146-01A-11R-2039-07,-0.04448118739277982,0
TCGA-2Z-A9J9-01A-11R-A42S-07,0.045374718296423706,1
TCGA-FR-A726-01A-11R-A32P-07,-0.5607627501065754,1
TCGA-49-4487-01A-21R-1858-07,-0.07440344000622225,1
TCGA-C8-A278-01A-11R-A169-07,-0.026709710343115284,1
TCGA-MP-A4T9-01A-11R-A24X-07,-0.10391097209879245,1
TCGA-BH-A1FG-01A-11R-A13Q-07,-0.04508966999544417,0
TCGA-CK-6746-01A-11R-1839-07,0.01713188362330042,0
TCGA-E9-A1N8-01A-11R-A144-07,0.013428421013863996,1
TCGA-2Z-A9J6-01A-11R-A38C-07,-0.25567155614812,0
TCGA-A6-6137-01A-11R-1774-07,-0.09382050226659257,1
TCGA-V1-A9OA-01A-11R-A41O-07,-0.03729813038778533,0
TCGA-HV-A7OP-01A-11R-A33R-07,0.21626212869481765,1
TCGA-KK-A7B3-01A-11R-A33R-07,-0.05017839637220831,1
TCGA-UB-A7MA-01A-11R-A33R-07,0.08900659447299746,1
TCGA-VR-AA7D-01A-11R-A406-31,-0.3251581696808579,1
TCGA-D8-A1Y0-01A-11R-A14M-07,-0.048408795837796746,1
TCGA-DD-A4NF-01A-11R-A27V-07,-0.034264581997952515,0
TCGA-AR-A24Q-01A-12R-A169-07,-0.01251090684827816,1
TCGA-BP-4986-01A-01R-1334-07,-0.0621052378196146,1
TCGA-L4-A4E6-01A-11R-A24H-07,-0.07058270051978016,1
TCGA-EJ-A46F-01A-31R-A250-07,0.04151032845545939,1
TCGA-21-1078-01A-01R-0692-07,0.11397404989815467,1
TCGA-33-4587-01A-11R-2125-07,0.02536077779780128,1
TCGA-VN-A88Q-01A-11R-A352-07,-0.03385611559705489,0
TCGA-RC-A7S9-01A-11R-A33R-07,-0.032834117087555646,1
TCGA-98-A53J-01A-11R-A26W-07,-0.047296490330427716,1
TCGA-B0-5705-01A-11R-1541-07,-0.07101730357895043,0
TCGA-97-7546-01A-11R-2039-07,-0.07283574727444637,1
TCGA-YL-A8SQ-01B-11R-A37L-07,-0.0815764623286374,1
TCGA-AA-3712-01A-21R-1723-07,-0.09377195265721713,1
TCGA-AR-A5QM-01A-11R-A27Q-07,-0.03648105466195949,1
TCGA-HC-7077-01A-11R-1965-07,-0.06496481234512406,1
TCGA-66-2795-01A-02R-0980-07,-0.07046934782163522,1
TCGA-BP-4977-01A-01R-1334-07,-0.06762698451872799,1
TCGA-CZ-5988-01A-11R-1672-07,-0.017278132672759693,1
TCGA-LL-A5YP-01A-21R-A28M-07,0.003926279653399833,1
TCGA-B0-4706-01A-01R-1503-07,-0.014307444593340277,1
TCGA-29-1784-01A-02R-1567-13,-0.10434144820289555,0
TCGA-55-7903-01A-11R-2170-07,-0.09482169525938282,1
TCGA-CM-6680-01A-11R-1839-07,-0.07328985666248257,1
TCGA-49-6743-01A-11R-1858-07,-0.06798755572115202,1
TCGA-B0-4815-01A-01R-1503-07,0.013218425140041002,1
TCGA-EW-A1PE-01A-11R-A144-07,-0.04776040646404137,1
TCGA-VN-A88I-01A-11R-A352-07,0.0603038279188086,1
TCGA-NJ-A7XG-01A-12R-A39D-07,-0.07598312125655045,0
TCGA-G7-A8LC-01A-11R-A36F-07,-0.10263087002587269,1
TCGA-G9-7525-01A-31R-2263-07,-0.017712857492187793,1
TCGA-A3-3362-01A-02R-1325-07,-0.09743568117445311,1
TCGA-AN-A0AR-01A-11R-A00Z-07,0.0233960441836907,1
TCGA-R6-A8WC-01A-11R-A37I-31,-0.2519377345381661,1
TCGA-73-A9RS-01A-11R-A41B-07,-0.000576384904239872,1
TCGA-05-4390-01A-02R-1755-07,-0.06438117270897642,1
TCGA-CM-5349-01A-21R-1723-07,-0.05606996692763763,0
TCGA-CJ-4637-01A-02R-1325-07,-0.025289739759569704,0
TCGA-CJ-4897-01A-03R-1426-07,-0.08104569490461287,1
TCGA-D8-A3Z6-01A-11R-A239-07,-0.03550227376101731,1
TCGA-68-7757-01B-11R-2296-07,-0.032810014051021824,1
TCGA-HI-7168-01A-11R-2118-07,-0.010347189128038822,1
TCGA-DV-A4VZ-01A-11R-A266-07,0.16310521364043779,1
TCGA-CC-A7IJ-01A-11R-A33R-07,0.30539527242042114,0
TCGA-3C-AALJ-01A-31R-A41B-07,-0.00926242524208074,1
TCGA-49-4505-01A-01R-1206-07,-0.08749628711019847,1
TCGA-V5-A7RE-01A-11R-A354-31,-0.22848206518410022,1
TCGA-CC-5261-01A-01R-A131-07,0.14423439321885834,1
TCGA-85-A4CN-01A-11R-A24H-07,-0.07110253845599046,1
TCGA-BH-A0HI-01A-11R-A084-07,-0.053638815402909254,1
TCGA-55-A48Z-01A-12R-A24X-07,-0.07383978065766805,1
TCGA-60-2720-01A-01R-0851-07,0.017595083309189734,1
TCGA-A7-A5ZV-01A-11R-A28M-07,0.04209700381266137,1
TCGA-HC-7231-01A-11R-2118-07,-0.10906512134784291,1
TCGA-66-2771-01A-01R-0980-07,-0.016199781756167837,1
TCGA-EJ-A65J-01A-11R-A311-07,-0.023192438309232236,1
TCGA-G4-6322-01A-11R-1723-07,-0.05306712756247112,0
TCGA-IB-A7LX-01A-12R-A36G-07,-0.1892116474535488,1
TCGA-86-8669-01A-11R-2403-07,-0.06196785961106788,0
TCGA-B0-5697-01A-11R-1541-07,-0.01592178007689311,0
TCGA-G4-6323-01A-11R-1723-07,-0.057616099976798583,1
TCGA-L5-A4OT-01A-11R-A28J-31,-0.26990771395704727,1
TCGA-3E-AAAZ-01A-11R-A38C-07,-0.31223118708694453,1
TCGA-13-1498-01A-01R-1565-13,-0.08025986862034777,0
TCGA-WN-AB4C-01A-11R-A42S-07,-0.03907651644290508,1
TCGA-AA-A02W-01A-01R-A00A-07,-0.059555928927463544,1
TCGA-A6-5660-01A-01R-1653-07,-0.09496898986674178,1
TCGA-85-A50M-01A-21R-A262-07,0.008159401238055128,1
TCGA-B4-5378-01A-01R-1503-07,-0.0111361045507004,0
TCGA-EW-A1PF-01A-11R-A144-07,-0.04213061668728411,1
TCGA-44-4112-01B-06R-A277-07,0.014142155691871683,1
TCGA-23-1021-01B-01R-1564-13,-0.07589528313223877,1
TCGA-CJ-4888-01A-01R-1305-07,-0.01982903203114787,0
TCGA-FB-AAQ6-01A-11R-A41B-07,-0.24249774270995478,1
TCGA-39-5021-01A-01R-1443-07,-0.08423302379065598,1
TCGA-HZ-8638-01A-11R-2404-07,-0.23101398719184843,1
TCGA-55-8085-01A-11R-2241-07,-0.08319871071648581,1
TCGA-24-2038-01A-01R-1568-13,-0.045103081400592764,1
TCGA-UZ-A9PS-01A-11R-A42S-07,-0.1746009454288103,1
TCGA-23-1022-01A-01R-1564-13,-0.0652124320324493,0
TCGA-25-1635-01A-01R-1566-13,-0.06816278757611308,0
TCGA-56-8308-01A-11R-2296-07,-0.09279785399335201,1
TCGA-A7-A13G-01A-11R-A13Q-07,-0.010915559747338412,1
TCGA-BH-A0DX-01A-11R-A115-07,-0.036878840756031345,1
TCGA-BH-A0HO-01A-11R-A034-07,-0.043093764031981965,0
TCGA-A8-A092-01A-11R-A00Z-07,-0.04595927877198234,1
TCGA-A8-A08I-01A-11R-A00Z-07,-0.03216729882135367,0
TCGA-QU-A6IO-01A-11R-A31N-07,0.06465123714457875,1
TCGA-D8-A1XO-01A-11R-A14M-07,-0.05636624372235624,1
TCGA-HE-A5NL-01A-11R-A26U-07,-0.2428079038056641,1
TCGA-CZ-5984-01A-11R-1672-07,-0.04426529896546924,1
TCGA-EJ-A7NJ-01A-22R-A352-07,-0.09220807874091295,1
TCGA-A6-6653-01A-11R-1774-07,-0.05109426131277507,1
TCGA-BC-4073-01B-02R-A131-07,0.11661309465057677,0
TCGA-HZ-7923-01A-12R-2156-07,-0.31860258363420124,1
TCGA-AL-7173-01A-11R-2139-07,-0.12089347850439107,1
TCGA-A2-A1FX-01A-11R-A13Q-07,-0.03686171332140591,1
TCGA-AZ-4323-01A-21R-1839-07,0.16015263141531902,1
TCGA-J4-A67R-01A-21R-A30B-07,0.009767763100434663,1
TCGA-BF-AAP8-01A-11R-A40A-07,-0.3420869730784742,1
TCGA-IG-A97H-01A-11R-A38D-31,-0.24292692504987495,0
TCGA-DM-A28C-01A-11R-A32Y-07,-0.007501030165319897,1
TCGA-NJ-A4YQ-01A-11R-A262-07,-0.07088125848870568,1
TCGA-LN-A49K-01A-11R-A24K-31,-0.3303132767929128,1
TCGA-44-2655-01A-01R-0946-07,-0.09979353266703005,0
TCGA-B8-5164-01A-01R-1420-07,-0.022579203854885904,1
TCGA-IZ-8195-01A-31R-2404-07,-0.17685441389524506,0
TCGA-XD-AAUG-01A-61R-A41B-07,-0.32106716272073266,1
TCGA-OE-A75W-01A-12R-A32O-07,-0.161626511862768,1
TCGA-UZ-A9PU-01A-11R-A42S-07,-0.2243585012805801,1
TCGA-CM-4752-01A-01R-1410-07,-0.0790956712554404,1
TCGA-MR-A520-01A-11R-A266-07,-0.08635781934134029,0
TCGA-E9-A1R0-01A-22R-A16F-07,-0.04775604889455484,1
TCGA-43-8115-01A-11R-2247-07,-0.05681717101576353,1
TCGA-F2-A7TX-01A-33R-A38C-07,-0.19822209349905595,1
TCGA-13-1404-01A-01R-1565-13,-0.09738373178360538,0
TCGA-13-0923-01A-01R-1564-13,-0.08338695854252332,1
TCGA-LB-A7SX-01A-11R-A33R-07,-0.13898312752601696,1
TCGA-BP-5001-01A-01R-1334-07,0.0420671431138327,1
TCGA-09-1665-01B-01R-1566-13,-0.04848531003143033,1
TCGA-GL-A9DC-01A-11R-A37K-07,-0.23124687676176525,0
TCGA-IA-A83T-01A-11R-A355-07,-0.12489075790228923,1
TCGA-86-8668-01A-11R-2403-07,-0.080286395557811,0
TCGA-A6-5661-01A-01R-1653-07,-0.05821419403778933,1
TCGA-V5-A7RC-01B-11R-A406-31,-0.3013880907771642,1
TCGA-05-4417-01A-22R-1858-07,-0.08915623327162887,1
TCGA-29-1693-01A-01R-1567-13,-0.04333938167047908,1
TCGA-AN-A0FX-01A-11R-A034-07,-0.015743880480883352,1
TCGA-C8-A135-01A-11R-A115-07,-0.019833566155019623,1
TCGA-CM-6162-01A-11R-1653-07,0.06216235451505499,1
TCGA-E2-A15C-01A-31R-A12D-07,-0.05271686373796886,1
TCGA-D8-A1JI-01A-11R-A13Q-07,-0.017119043387787414,1
TCGA-24-1563-01A-01R-1566-13,-0.07514777813099494,1
TCGA-BH-A42V-01A-11R-A24H-07,-0.02948198118782881,1
TCGA-A6-6780-01A-11R-1839-07,-0.04973839360662386,1
TCGA-A3-3323-01A-02R-1325-07,-0.05114354027485807,1
TCGA-B0-4712-01A-01R-1503-07,0.0733191580096693,1
TCGA-85-A4QR-01A-11R-A24Z-07,-0.02578413042960058,1
TCGA-EW-A423-01A-11R-A24H-07,-0.0019439753352862822,1
TCGA-HZ-A8P0-01A-11R-A36G-07,-0.32903173226997645,1
TCGA-B1-A47M-01A-11R-A24Z-07,-0.188806089063516,0
TCGA-91-6830-01A-11R-1949-07,-0.05792590448730974,1
TCGA-AO-A0J9-01A-11R-A034-07,-0.01914500464920553,0
TCGA-V1-A8WV-01A-11R-A37L-07,0.10063544210540842,1
TCGA-LN-A49N-01A-11R-A24K-31,-0.3003821862037915,1
TCGA-BF-AAP6-01A-11R-A40A-07,-0.5700474967559489,1
TCGA-B6-A401-01A-11R-A239-07,-0.009920250840742145,1
TCGA-BQ-7060-01A-11R-1965-07,-0.20857560305500966,0
TCGA-EP-A2KB-01A-11R-A180-07,-0.005042746380619847,1
TCGA-A2-A0SY-01A-31R-A084-07,-0.05988481597996595,0
TCGA-CZ-4860-01A-01R-1305-07,0.19802400477961024,1
TCGA-CM-6169-01A-11R-1653-07,0.025694618976160048,1
TCGA-85-8353-01A-21R-2296-07,-0.08290272273927331,1
TCGA-AA-3850-01A-01R-1022-07,-0.08765574131118808,1
TCGA-2Z-A9JJ-01A-11R-A42S-07,0.018650869764376885,1
TCGA-C8-A1HE-01A-11R-A13Q-07,-0.05680247942760225,1
TCGA-97-7552-01A-11R-2039-07,-0.06495489498090543,1
TCGA-YL-A8SC-01A-11R-A37L-07,-0.06895473543200503,0
TCGA-BQ-5877-01A-11R-1592-07,-0.023564226594116968,0
TCGA-AA-3986-01A-02R-1022-07,-0.0896364956690353,1
TCGA-A6-6140-01A-11R-1774-07,-0.11476667755431805,1
TCGA-MP-A5C7-01A-11R-A262-07,-0.05468583200458984,1
TCGA-86-7955-01A-11R-2187-07,0.010759794060983605,1
TCGA-A3-3311-01A-02R-1325-07,-0.08092016813113953,1
TCGA-MP-A4T8-01A-11R-A24X-07,-0.07740900715385726,0
TCGA-49-4488-01A-01R-1755-07,-0.060426221591572245,0
TCGA-A8-A07O-01A-11R-A00Z-07,0.013455473290419377,0
TCGA-EJ-7312-01B-21R-A32O-07,-0.0404888479412962,1
TCGA-CK-5912-01A-11R-1653-07,0.012859571351689976,1
TCGA-56-6546-01A-11R-1820-07,-0.03751198743664514,1
TCGA-B6-A1KC-01B-11R-A157-07,-0.02219881662161688,1
TCGA-5P-A9JU-01A-11R-A42S-07,-0.134992894882397,0
TCGA-B9-4114-01A-01R-1193-07,-0.15238763010652598,1
TCGA-EB-A551-01A-21R-A27Q-07,-0.3812702184915847,1
TCGA-A7-A0DB-01A-11R-A277-07,-0.027992808545774902,1
TCGA-G4-6628-01A-11R-1839-07,0.006669295673086916,1
TCGA-LD-A66U-01A-11R-A31O-07,-0.005753316334090188,1
TCGA-91-6840-01A-11R-1949-07,-0.03603460878089033,0
TCGA-EJ-5527-01A-01R-1580-07,0.009136621151767882,1
TCGA-29-2428-01A-01R-1569-13,-0.10658015334364722,0
TCGA-22-4601-01A-01R-1443-07,-0.07941875947608745,0
TCGA-22-0940-01A-01R-0692-07,-0.059176038281109816,1
TCGA-24-1555-01A-01R-1566-13,-0.10216113054742648,1
TCGA-F4-6856-01A-11R-1928-07,-0.07444687843851673,1
TCGA-LG-A9QD-01A-11R-A38B-07,-0.10608108894217788,1
TCGA-B0-4814-01A-01R-1277-07,-0.06664343410099786,1
TCGA-DD-A3A7-01A-11R-A22L-07,-0.013219667590207252,1
TCGA-BQ-7050-01A-11R-1965-07,-0.16863038575675518,1
TCGA-EJ-5524-01A-01R-1580-07,0.010232620038785804,1
TCGA-E9-A22A-01A-11R-A157-07,-0.03264875983148441,1
TCGA-BH-A1FJ-01A-11R-A13Q-07,-0.04621536159900286,1
TCGA-EJ-5517-01A-01R-1580-07,-0.029780980660047862,1
TCGA-FB-AAPP-01A-12R-A41B-07,0.048154972564906785,1
TCGA-EJ-8472-01A-11R-2403-07,0.01625925467915815,1
TCGA-BP-4770-01A-01R-1503-07,0.2465410126147418,1
TCGA-CJ-5681-01A-11R-1541-07,0.188659155622706,0
TCGA-EJ-5542-01A-01R-1580-07,0.012878488993718068,0
TCGA-13-1407-01A-01R-1565-13,-0.0965547771125614,1
TCGA-J7-A8I2-01A-12R-A36F-07,0.2351800640818529,1
TCGA-ED-A627-01A-12R-A311-07,0.014864752282882933,0
TCGA-2J-AABU-01A-11R-A41B-07,-0.30905003350266214,1
TCGA-E9-A1QZ-01A-21R-A169-07,-0.04361615465519447,1
TCGA-66-2744-01A-01R-0980-07,-0.04777001882215972,1
TCGA-29-1781-01A-01R-1567-13,-0.07555531702660989,1
TCGA-LN-A49L-01A-11R-A24K-31,-0.16221163568754576,0
TCGA-18-4721-01A-01R-1443-07,-0.08961429337508567,1
TCGA-A7-A5ZW-01A-12R-A29R-07,-0.052631244093743874,1
TCGA-B6-A409-01A-11R-A24H-07,0.025772309409403414,1
TCGA-FC-A4JI-01A-11R-A250-07,0.2789468212070011,1
TCGA-13-1405-01A-01R-1565-13,-0.05461106528855709,1
TCGA-DD-AADO-01A-11R-A41C-07,-0.03452314982569116,1
TCGA-WX-AA46-01A-11R-A39D-07,-0.07589208795285335,1
TCGA-4N-A93T-01A-11R-A37K-07,-0.0037144786528998165,1
TCGA-V1-A9OF-01A-11R-A41O-07,-0.11520616571209824,0
TCGA-Y8-A897-01A-11R-A36F-07,-0.20563376926203936,1
TCGA-A6-3807-01A-01R-1022-07,-0.0723326595817752,1
TCGA-DD-A1ED-01A-11R-A155-07,-0.05113212092530019,1
TCGA-AO-A0J8-01A-21R-A034-07,-0.05124173736715284,1
TCGA-BH-A42T-01A-11R-A24H-07,-0.00781473394242095,0
TCGA-25-1329-01A-01R-1565-13,-0.0814262116204315,0
TCGA-AO-A12H-01A-11R-A115-07,-0.03115661583229801,1
TCGA-G3-A25T-01A-11R-A16W-07,0.11338821268940863,1
TCGA-G9-7509-01A-11R-A41O-07,-0.13525760128353578,1
TCGA-BC-A8YO-01A-11R-A37K-07,0.052359836479004766,1
TCGA-50-5942-01A-21R-1755-07,-0.07458200287248554,1
TCGA-GM-A2DB-01A-31R-A18M-07,0.033372065572938155,1
TCGA-C8-A133-01A-32R-A12D-07,0.014921868491687714,1
TCGA-NC-A5HD-01A-11R-A26W-07,-0.05380558511722657,1
TCGA-AR-A0U0-01A-11R-A109-07,0.017508406027875942,1
TCGA-23-1029-01B-01R-1567-13,-0.09672953405311933,0
TCGA-HZ-8637-01A-11R-2404-07,-0.17065566656309059,1
TCGA-D8-A1JM-01A-11R-A13Q-07,0.029226659687302353,1
TCGA-91-8499-01A-11R-2403-07,0.053896497604439236,1
TCGA-ZP-A9D2-01A-11R-A38B-07,0.12864463373848073,1
TCGA-2Y-A9GV-01A-11R-A38B-07,-0.0666899083994689,1
TCGA-B8-A54D-01A-21R-A266-07,-0.004963321399637543,1
TCGA-A4-8630-01A-11R-2404-07,-0.21946173445989473,1
TCGA-F4-6855-01A-11R-1928-07,-0.0460715460040193,1
TCGA-EB-A3HV-01A-11R-A21D-07,-0.658516028229635,1
TCGA-XJ-A83G-01A-11R-A352-07,-0.08412812420552933,0
TCGA-AA-3560-01A-01R-0821-07,0.004628606358134283,1
TCGA-D8-A1XA-01A-11R-A14D-07,-0.018464612602597005,1
TCGA-BP-4963-01A-01R-1334-07,-0.06476865780227563,1
TCGA-04-1338-01A-01R-1564-13,-0.03955940313685906,1
TCGA-09-1662-01A-01R-1566-13,-0.07653710831906592,1
TCGA-24-1417-01A-01R-1565-13,-0.06749360343435708,1
TCGA-ZG-A9LN-01A-11R-A41O-07,0.013074414441410139,1
TCGA-EJ-8474-01A-11R-2403-07,-0.10126418552573978,1
TCGA-13-0727-01A-01R-1564-13,-0.09701122554733707,1
TCGA-37-5819-01A-01R-1635-07,0.06970211183874524,1
TCGA-E2-A1LI-01A-12R-A157-07,-0.017796257665665335,0
TCGA-77-7138-01A-41R-2045-07,-0.040616887840718284,1
TCGA-A2-A3XU-01A-12R-A22U-07,0.057143774907965315,1
TCGA-QG-A5YW-01A-11R-A28H-07,-0.060119549416061485,1
TCGA-49-AAR0-01A-21R-A39D-07,-0.05786232473028689,1
TCGA-50-6590-01A-12R-1858-07,-0.017048959292052582,1
TCGA-55-8510-01A-11R-2403-07,-0.10078594780829207,1
TCGA-AL-3466-01A-02R-1351-07,0.1573127621813198,0
TCGA-IB-AAUU-01A-11R-A37L-07,-0.37264412794462115,0
TCGA-AA-3815-01A-01R-1022-07,-0.08596763037594855,1
TCGA-AR-A0TZ-01A-12R-A084-07,-0.03406565454839091,1
TCGA-M7-A71Z-01A-12R-A32O-07,0.05670343133576661,1
TCGA-A8-A09C-01A-11R-A00Z-07,-0.037608458345067555,1
TCGA-DD-AAE1-01A-11R-A41C-07,-0.08041903894256287,0
TCGA-BH-A1EX-01A-11R-A13Q-07,-0.03898182833017029,1
TCGA-DM-A288-01A-11R-A16W-07,-0.05840784696219033,0
TCGA-CC-A5UE-01A-11R-A28V-07,-0.040047328135935714,1
TCGA-S8-A6BV-01A-21R-A31P-31,-0.17628286588000655,1
TCGA-AO-A03O-01A-11R-A00Z-07,-0.04149490742836369,0
TCGA-IA-A83W-01A-11R-A355-07,-0.13612114714782106,1
TCGA-86-A4P8-01A-11R-A24X-07,-0.04853578704244298,0
TCGA-A4-7288-01A-11R-A32Z-07,-0.174032460392588,0
TCGA-33-4532-01A-01R-1201-07,-0.06182356448112967,1
TCGA-OY-A56P-01A-12R-A406-31,0.007769652686591607,1
TCGA-GK-A6C7-01A-11R-A33J-07,-0.054389243990053106,1
TCGA-E2-A15E-01A-11R-A12D-07,-0.050510255895750186,1
TCGA-DD-A39W-01A-11R-A213-07,-0.013030643175600291,1
TCGA-AR-A0U3-01A-11R-A109-07,-0.039481714780774335,1
TCGA-CJ-4900-01A-01R-1334-07,-0.010447620776890253,0
TCGA-E2-A15G-01A-11R-A12D-07,-0.05829874466618414,1
TCGA-CH-5769-01A-11R-1580-07,-0.039086743921730775,1
TCGA-60-2707-01A-01R-0851-07,-0.06881687157059263,1
TCGA-CW-5589-01A-01R-1541-07,-0.10334292983950137,0
TCGA-DD-AAEB-01A-11R-A41C-07,-0.07308624901999498,1
TCGA-61-2098-01A-01R-1568-13,-0.04278843881506105,1
TCGA-05-4249-01A-01R-1107-07,-0.09574106284160426,1
TCGA-33-4589-01A-01R-1443-07,0.034088401997786094,1
TCGA-E2-A15K-01A-11R-A12P-07,-0.044842243935478455,1
TCGA-DD-A4NL-01A-11R-A28V-07,-0.09005493871144901,1
TCGA-BF-AAP2-01A-11R-A40A-07,-0.6458759714126873,1
TCGA-44-6779-01A-11R-1858-07,-0.04907201591263818,1
TCGA-85-7844-01A-11R-2125-07,-0.08716985285259601,1
TCGA-AK-3460-01A-02R-1277-07,-0.08789203403621347,1
TCGA-B2-4101-01A-02R-1277-07,-0.08410479945668758,1
TCGA-51-4080-01A-01R-1100-07,-0.046585990916271136,1
TCGA-3C-AALI-01A-11R-A41B-07,0.0028105571048188077,1
TCGA-IB-A5SP-01A-11R-A32O-07,-0.22223687180712515,1
TCGA-L5-A88Z-01A-11R-A36D-31,-0.25570609986604514,0
TCGA-D9-A4Z5-01A-11R-A266-07,-0.5139314960426937,1
TCGA-BH-A0DG-01A-21R-A12P-07,-0.05240510247886872,0
TCGA-L5-A8NF-01A-11R-A37I-31,-0.23118328581315828,1
TCGA-EJ-7325-01B-11R-A32O-07,0.023376479534882207,0
TCGA-13-1497-01A-01R-1565-13,-0.0788687398220859,1
TCGA-HC-7736-01A-11R-2118-07,-0.03351416175708599,1
TCGA-AR-A1AH-01A-11R-A12D-07,0.005711167778232081,1
TCGA-A7-A26F-01B-04R-A22O-07,0.03612236798754003,1
TCGA-04-1337-01A-01R-1564-13,-0.030273483264859853,1
TCGA-EB-A6QZ-01A-12R-A32P-07,-0.6837472133644817,1
TCGA-AK-3444-01A-02R-1325-07,-0.06640850884750468,0
TCGA-B0-5092-01A-01R-1420-07,-0.0035376910456523295,1
TCGA-A8-A09A-01A-11R-A00Z-07,-0.04266714823925001,1
TCGA-LN-A49O-01A-11R-A24K-31,-0.2916406770498351,1
TCGA-61-1737-01A-01R-1567-13,-0.0681792893182678,1
TCGA-EJ-A46H-01A-31R-A26U-07,0.0971063980721932,0
TCGA-B6-A0X5-01A-21R-A109-07,-0.01495289772006982,1
TCGA-C8-A26X-01A-31R-A16F-07,-0.009423861581167578,0
TCGA-21-1077-01A-01R-0692-07,-0.10192552920666519,1
TCGA-GM-A2DD-01A-11R-A180-07,0.007956812227565934,1
TCGA-BP-4326-01A-01R-1289-07,0.002578449354176535,0
TCGA-DA-A960-01A-11R-A37K-07,-0.6391490658538075,1
TCGA-94-A5I4-01A-11R-A26W-07,-0.06329074417690826,1
TCGA-AA-3520-01A-01R-0821-07,-0.1114851055052921,1
TCGA-2Y-A9H1-01A-11R-A38B-07,-0.10241807303342029,1
TCGA-63-A5ML-01A-31R-A27Q-07,-0.060705142113114736,1
TCGA-KK-A8IB-01A-11R-A36G-07,-0.025195319675329106,0
TCGA-AA-3947-01A-01R-1022-07,0.22832718281294728,1
TCGA-B8-4621-01A-01R-1503-07,0.08123322998625516,1
TCGA-S3-AA11-01A-31R-A41B-07,-0.04231822607341651,1
TCGA-BH-A0BM-01A-11R-A056-07,-0.03262949655885852,1
TCGA-AK-3447-01A-01R-1766-07,0.37815015586571415,1
TCGA-E2-A1IO-01A-11R-A144-07,-0.040428063620582017,1
TCGA-BP-5185-01A-01R-1426-07,0.08625499308516303,1
TCGA-LL-A5YO-01A-21R-A28M-07,-0.01009646689923992,0
TCGA-A3-3347-01A-02R-1325-07,-0.03854388652434014,1
TCGA-60-2709-01A-21R-1820-07,-0.07505656522060165,0
TCGA-DD-A1EK-01A-11R-A213-07,-0.07714697289599019,1
TCGA-BH-A0HU-01A-11R-A034-07,-0.028532516259526998,0
TCGA-HZ-7289-01A-11R-2156-07,0.11420106921570043,1
TCGA-33-4566-01A-01R-1443-07,0.0044398534539361574,1
TCGA-EJ-5504-01A-01R-1580-07,-0.08635095684259178,1
TCGA-IB-7654-01A-11R-2156-07,-0.2594185741262367,1
TCGA-2Z-A9JD-01A-11R-A42S-07,-0.16941694721485714,1
TCGA-BH-A18L-01A-32R-A12D-07,-0.024845878990736942,1
TCGA-38-A44F-01A-11R-A24H-07,-0.07857268684095206,0
TCGA-YL-A8SB-01A-31R-A37L-07,-0.10357614061700753,1
TCGA-46-3768-01A-01R-0980-07,-0.07035219146013201,1
TCGA-AR-A24U-01A-11R-A169-07,-0.019463864129464433,1
TCGA-AO-A0JD-01A-11R-A056-07,-0.0161625796367576,1
TCGA-A2-A0T1-01A-21R-A084-07,-0.011971872218127087,1
TCGA-D8-A1JH-01A-11R-A13Q-07,-0.058543682153711835,1
TCGA-BP-5194-01A-02R-1426-07,-0.09519379832188757,1
TCGA-RB-AA9M-01A-11R-A39D-07,-0.38744952783766584,1
TCGA-A4-7915-01A-11R-2204-07,0.1446613659030628,1
TCGA-AA-3867-01A-01R-1022-07,-0.07564576165649463,1
TCGA-3A-A9IH-01A-12R-A39D-07,-0.33506145700234546,1
TCGA-E2-A570-01A-11R-A29R-07,-0.03301169742956739,1
TCGA-D5-5540-01A-01R-1653-07,0.02803542850498225,0
TCGA-B0-4839-01A-01R-1305-07,0.0071127620061542576,1
TCGA-FS-A1ZN-01A-11R-A18T-07,-0.5023426911009906,1
TCGA-D8-A1Y1-01A-21R-A14M-07,-0.04670175457547275,1
TCGA-57-1993-01A-01R-1568-13,-0.0528213823857546,1
TCGA-E9-A3X8-01A-31R-A22U-07,0.035621772806068874,1
TCGA-86-8073-01A-11R-2241-07,-0.0744313362197454,1
TCGA-ZG-A8QW-01A-11R-A37L-07,-0.06519481461377732,1
TCGA-AK-3458-01A-01R-1503-07,0.08796557286420695,1
TCGA-L5-A88S-01A-11R-A36D-31,-0.18400509418260688,1
TCGA-DD-A4NJ-01A-11R-A27V-07,-0.031182561947061507,0
TCGA-55-6985-01A-11R-1949-07,-0.10643775934238038,1
TCGA-78-7147-01A-11R-2039-07,-0.07548351964558041,0
TCGA-AK-3429-01A-02R-1325-07,-0.02279502116727386,0
TCGA-AR-A2LH-01A-31R-A18M-07,-0.029254674990526863,0
TCGA-WX-AA47-01A-11R-A39D-07,-0.01601488465401957,0
TCGA-04-1536-01A-01R-1566-13,-0.022424609087093386,1
TCGA-L3-A524-01A-11R-A262-07,-0.05410022332046722,1
TCGA-91-6848-01A-11R-1949-07,-0.001155386178111779,1
TCGA-24-2027-01A-01R-1567-13,-0.0498651227741518,1
TCGA-H9-A6BX-01A-31R-A311-07,0.025186888664255676,1
TCGA-G9-6354-01A-11R-A311-07,-0.07727534770301481,1
TCGA-10-0937-01A-02R-1564-13,-0.07648543253616764,1
TCGA-B6-A0RN-01A-12R-A084-07,-0.06276096242920384,1
TCGA-86-8056-01A-11R-2241-07,-0.09127773806260231,0
TCGA-95-8039-01A-11R-2241-07,-0.11022259496912615,0
TCGA-E9-A1R5-01A-11R-A14M-07,-0.04851127507044746,0
TCGA-A3-3331-01A-02R-1325-07,-0.09165000727285842,1
TCGA-18-3410-01A-01R-0980-07,-0.038688865983725,1
TCGA-22-5491-01A-01R-1635-07,-0.07543554137382424,1
TCGA-A4-A7UZ-01A-12R-A355-07,-0.14045426589479668,0
TCGA-L5-A4OS-01A-11R-A28J-31,-0.18400983581109845,0
TCGA-AZ-6607-01A-11R-1839-07,0.2396130360135594,1
TCGA-B0-5077-01A-01R-1334-07,-0.0887499123096257,0
TCGA-63-A5MW-01A-11R-A26W-07,-0.022139172923586345,0
TCGA-CK-6747-01A-11R-1839-07,-0.10291943868156399,1
TCGA-A8-A06U-01A-11R-A00Z-07,-0.030016693993693885,1
TCGA-CC-A5UD-01A-11R-A28V-07,0.09027865508752075,1
TCGA-44-A47A-01A-21R-A24H-07,-0.09879989904097022,0
TCGA-EW-A1IZ-01A-11R-A13Q-07,-0.015637572148354272,1
TCGA-24-2019-01A-02R-1568-13,-0.09057268297970035,1
TCGA-EW-A1IX-01A-12R-A144-07,-0.048479484932703765,1
TCGA-13-0897-01A-01R-1564-13,-0.04323170490625627,1
TCGA-A8-A06Q-01A-11R-A034-07,-0.01720697603351283,1
TCGA-A2-A4RX-01A-11R-A266-07,0.008352986192588792,1
TCGA-E9-A1RC-01A-11R-A157-07,-0.037673115685924526,1
TCGA-AA-3814-01A-01R-0905-07,-0.10275710438487891,1
TCGA-DD-AACH-01A-11R-A41C-07,0.05382382166448616,1
TCGA-AA-3496-01A-21R-1839-07,-0.04104337815980309,1
TCGA-69-7974-01A-11R-2187-07,-0.10675440627232409,0
TCGA-24-1431-01A-01R-1566-13,-0.05539933470096588,1
TCGA-B6-A1KI-01A-11R-A14M-07,-0.05422713205506127,0
TCGA-AK-3461-01A-02R-1277-07,-0.07607371485363512,1
TCGA-DD-A11D-01A-11R-A131-07,-0.09549720900128798,1
TCGA-22-4594-01A-01R-1201-07,0.03650347857078958,1
TCGA-GN-A8LN-01A-11R-A37K-07,-0.510476298124053,1
TCGA-A4-7286-01A-11R-A32Z-07,-0.18909692316355795,0
TCGA-G9-6362-01A-11R-1789-07,0.059555519269968285,1
TCGA-ED-A7PZ-01A-11R-A33R-07,-0.027974913282264466,1
TCGA-77-7139-01A-11R-2045-07,-0.06085493524915579,1
TCGA-AT-A5NU-01A-11R-A28H-07,-0.20046083280848156,1
TCGA-G9-6348-01A-11R-1789-07,-0.05170883683939963,1
TCGA-CM-5868-01A-01R-1653-07,-0.1105999022396949,0
TCGA-80-5607-01A-31R-1949-07,-0.08917426581179165,1
TCGA-DD-A4ND-01A-11R-A266-07,0.04811603937004624,1
TCGA-AK-3443-01A-02R-1325-07,0.22714487809138834,1
TCGA-BH-A28Q-01A-11R-A16F-07,-0.05863537243185,1
TCGA-62-A470-01A-11R-A24H-07,-0.07555462796274534,1
TCGA-85-A5B5-01A-21R-A26W-07,-0.02819963393754909,1
TCGA-GN-A4U5-01A-11R-A32P-07,-0.5715960363433128,1
TCGA-A7-A2KD-01A-31R-A21T-07,-0.04275119162046083,0
TCGA-5R-AAAM-01A-12R-A41C-07,-0.08495565080363367,1
TCGA-AA-3952-01A-01R-1022-07,0.00919028567959174,1
TCGA-E9-A1NC-01A-21R-A26B-07,0.021669878084077433,1
TCGA-E9-A229-01A-31R-A157-07,-0.05903942408816036,0
TCGA-55-A494-01A-11R-A24X-07,-0.04324526148962302,1
TCGA-D8-A1XL-01A-11R-A14M-07,-0.021410853244407203,1
TCGA-YL-A8SI-01A-11R-A41O-07,-0.1229400482912495,1
TCGA-61-1911-01A-01R-1567-13,-0.02931520440153167,1
TCGA-56-1622-01A-01R-0692-07,-0.053269717953002386,0
TCGA-C8-A26Z-01A-11R-A16F-07,-0.03969800029241442,1
TCGA-V5-A7RB-01A-11R-A354-31,-0.22027126378654757,1
TCGA-OL-A66H-01A-11R-A29R-07,-0.022610292550272408,1
TCGA-AC-A3OD-01A-11R-A21T-07,-0.008877039498073301,0
TCGA-A4-8516-01A-11R-2404-07,-0.24266131783469988,0
TCGA-EJ-A7NN-01A-11R-A33R-07,-0.05773245708107997,1
TCGA-A8-A06Y-01A-21R-A00Z-07,-0.03501192457570026,1
TCGA-EB-A5VU-01A-21R-A32P-07,-0.4928549559812724,1
TCGA-HC-7232-01A-11R-2118-07,-0.04917801445770517,1
TCGA-2L-AAQL-01A-11R-A38C-07,-0.24019483026952207,1
TCGA-BF-A3DM-01A-11R-A20F-07,-0.5494206336318469,0
TCGA-GM-A2DI-01A-31R-A18M-07,-0.03270028714092947,1
TCGA-CJ-4635-01A-02R-1305-07,-0.045740056725078235,0
TCGA-FV-A4ZP-01A-12R-A266-07,0.09552476286748446,1
TCGA-IH-A3EA-01A-11R-A20F-07,-0.6900801043819796,1
TCGA-HC-7075-01A-11R-1965-07,-0.08296922788327794,1
TCGA-5P-A9K6-01A-11R-A42S-07,-0.2523862082500157,1
TCGA-DM-A28K-01A-21R-A32Y-07,-0.03844420830971378,0
TCGA-BP-4962-01A-01R-1334-07,0.008218423427011281,1
TCGA-53-7624-01A-11R-2066-07,0.009335455493929772,1
TCGA-AA-3854-01A-01R-0905-07,-0.05442419838542269,1
TCGA-OL-A5RW-01A-11R-A28M-07,0.04035011107892294,0
TCGA-E9-A1RI-01A-11R-A169-07,-0.05470270280951563,1
TCGA-A7-A4SB-01A-21R-A266-07,-0.020367487128103955,1
TCGA-A3-3306-01A-01R-0864-07,0.015888742314726173,1
TCGA-G9-6371-01A-11R-1789-07,-0.08027486729861566,1
TCGA-E9-A243-01A-21R-A169-07,-0.00759296115390907,1
TCGA-A7-A0CG-01A-12R-A056-07,-0.052952315279307036,0
TCGA-E9-A3HO-01A-11R-A213-07,-0.005312067937108006,1
TCGA-B6-A408-01A-12R-A24H-07,-0.030508369229768333,0
TCGA-24-1426-01A-01R-1565-13,-0.10783349376592592,0
TCGA-AC-A6IV-01A-12R-A33J-07,-0.03624511395811539,0
TCGA-AS-3778-01A-01R-A32Z-07,-0.07758763918099273,1
TCGA-C8-A1HG-01A-11R-A137-07,-0.013697432578298346,1
TCGA-BQ-7059-01A-11R-1965-07,-0.13520783678867984,1
TCGA-SX-A7SL-01A-11R-A355-07,-0.1698398591427735,1
TCGA-13-1492-01A-01R-1565-13,-0.02708063085563656,1
TCGA-BP-4970-01A-01R-1334-07,-0.0803045290953601,1
TCGA-HE-7128-01A-11R-1965-07,-0.12180449502623608,1
TCGA-61-1733-01A-01R-1567-13,-0.08583709578192067,0
TCGA-LL-A5YL-01A-12R-A29R-07,-0.000998533204727594,1
TCGA-DD-A3A8-01A-11R-A22L-07,-0.11814442452428499,1
TCGA-AK-3450-01A-02R-1277-07,-0.01708503132641112,1
TCGA-EW-A2FS-01A-11R-A17B-07,-0.009613005281036747,1
TCGA-A2-A0T6-01A-11R-A084-07,-0.05414273500050551,1
TCGA-FV-A496-01A-11R-A266-07,-0.05380269375788662,1
TCGA-75-7027-01A-11R-1949-07,-0.04331601003545149,1
TCGA-43-3394-01A-01R-0980-07,-0.08432061117669172,1
TCGA-CZ-5455-01A-01R-1503-07,-0.06758172007579673,1
TCGA-AA-3831-01A-01R-0905-07,-0.1147927108255533,1
TCGA-NH-A8F7-01A-11R-A41B-07,-0.053617134201654905,1
TCGA-FB-A4P6-01A-12R-A26U-07,-0.32735328535342634,1
TCGA-VP-A87E-01A-31R-A352-07,-0.04581911554455484,1
TCGA-BH-A0DD-01A-31R-A12P-07,-0.04924856322158303,1
TCGA-CM-4744-01A-01R-A32Z-07,-0.06604394031383919,1
TCGA-IG-A8O2-01A-11R-A36D-31,-0.13189776455046862,1
TCGA-A8-A07P-01A-11R-A00Z-07,-0.03623101354174532,1
TCGA-J4-A67Q-01A-21R-A30B-07,0.06440720917922434,1
TCGA-A3-3387-01A-01R-1541-07,-0.08172267085364225,1
TCGA-IB-7647-01A-11R-2156-07,-0.2107725618252363,1
TCGA-98-8022-01A-11R-2247-07,-0.018627981539257557,1
TCGA-J2-8194-01A-11R-2241-07,-0.0958244762719568,1
TCGA-BP-5189-01A-02R-1426-07,-0.0916289019893426,0
TCGA-24-2293-01A-01R-1568-13,-0.02522359224482692,1
TCGA-DD-A1EA-01A-11R-A131-07,-0.02975827505145537,1
TCGA-JY-A6FB-01A-11R-A336-31,-0.2496206364413242,1
TCGA-60-2716-01A-01R-0851-07,0.027141896792402205,1
TCGA-A1-A0SF-01A-11R-A144-07,-0.04106826319174707,1
TCGA-78-7148-01A-11R-2039-07,-0.08753979317313257,1
TCGA-85-7696-01A-11R-2125-07,-0.06590901741459664,1
TCGA-25-1319-01A-01R-1565-13,-0.045237361634038326,1
TCGA-44-A47B-01A-11R-A24H-07,-0.07970706794293339,1
TCGA-L5-A88W-01A-11R-A354-31,-0.25262628436254997,1
TCGA-85-A4CL-01A-41R-A26W-07,-0.012134842500884476,1
TCGA-44-A4SU-01A-11R-A24X-07,-0.08916529255791933,1
TCGA-2Y-A9GX-01A-11R-A38B-07,-0.0016633945639656412,1
TCGA-G4-6586-01A-11R-1774-07,-0.05702999043743584,1
TCGA-68-A59J-01A-21R-A26W-07,-0.07518774450825993,0
TCGA-G6-A5PC-01A-11R-A33J-07,0.19168105953337558,1
TCGA-IG-A50L-01A-11R-A260-31,-0.3288249824756172,0
TCGA-43-6770-01A-11R-1820-07,-0.0992208519107587,0
TCGA-57-1584-01A-01R-1566-13,-0.06248130230353883,1
TCGA-AC-A2B8-01A-11R-A17B-07,-0.053046103482188633,1
TCGA-A4-A57E-01A-11R-A26U-07,-0.04969884883607684,1
TCGA-24-1471-01A-01R-1566-13,-0.01556442802982538,1
TCGA-56-7579-01A-11R-2045-07,-0.04975157338391942,1
TCGA-KK-A59Y-01A-11R-A26U-07,-0.060051571872595716,1
TCGA-A7-A26H-01A-11R-A169-07,-0.060017722711674285,0
TCGA-DV-5573-01A-01R-1541-07,-0.07405802209107111,1
TCGA-AC-A3TM-01A-11R-A22K-07,0.018331511562851406,1
TCGA-KK-A6E3-01A-21R-A30B-07,0.011675278883325244,1
TCGA-25-2398-01A-01R-1569-13,-0.07261839006445958,1
TCGA-25-1631-01A-01R-1569-13,-0.07699064173194142,1
TCGA-B0-4710-01A-01R-1503-07,-0.043596264868308365,0
TCGA-BD-A2L6-01A-11R-A213-07,-0.07692442233230422,0
TCGA-85-8664-01A-11R-2403-07,-0.03465498917418782,1
TCGA-59-2352-01A-01R-1569-13,-0.06759852659942575,1
TCGA-97-8179-01A-11R-2287-07,-0.0943189173758656,0
TCGA-CW-5590-01A-01R-1541-07,-0.09872978067015262,0
TCGA-24-1424-01A-01R-1565-13,-0.09790966270059555,0
TCGA-GM-A3XL-01A-11R-A22U-07,0.024630900853234602,1
TCGA-D8-A1JA-01A-11R-A13Q-07,-0.004938728583729942,1
TCGA-EB-A85J-01A-12R-A352-07,-0.6258741011814052,1
TCGA-HV-A7OL-01A-11R-A33R-07,-0.14956231542394283,0
TCGA-55-8087-01A-11R-2241-07,-0.06841438973274122,1
TCGA-55-6978-01A-11R-1949-07,-0.07591066775885344,0
TCGA-BP-4332-01A-01R-1289-07,-0.07635598656707573,1
TCGA-57-1586-01A-02R-1567-13,-0.10276413866945584,0
TCGA-5P-A9JV-01A-12R-A42S-07,-0.0766832796089552,0
TCGA-A2-A1G0-01A-11R-A13Q-07,-0.05518987413033672,0
TCGA-BP-4985-01A-01R-1334-07,0.046009432593655496,1
TCGA-US-A774-01A-21R-A32O-07,-0.4316206183724353,0
TCGA-V7-A7HQ-01A-11R-A33J-07,0.0381563939330464,1
TCGA-B0-4817-01A-01R-1277-07,0.06394506998086415,1
TCGA-61-1738-01A-01R-1567-13,-0.001294578517450365,1
TCGA-A6-2681-01A-01R-1410-07,-0.04310349914732687,1
TCGA-22-4609-01A-21R-2125-07,-0.09019031757059484,0
TCGA-HC-A6AN-01A-11R-A30B-07,0.012449012460602836,1
TCGA-AN-A0AM-01A-11R-A034-07,-0.019959636137958335,1
TCGA-B2-5636-01A-02R-1541-07,-0.004338210707153093,0
TCGA-59-2348-01A-01R-1569-13,-0.021100241176136708,0
TCGA-EJ-5531-01A-01R-1580-07,-0.09381536934503423,0
TCGA-D8-A4Z1-01A-21R-A266-07,-0.041361418447593945,0
TCGA-BH-A0BV-01A-11R-A00Z-07,-0.04457017145942603,1
TCGA-DD-AAEA-01A-11R-A41C-07,-0.05811650725224334,1
TCGA-49-6761-01A-31R-1949-07,-0.06229201601553015,1
TCGA-95-7043-01A-11R-1949-07,0.012426246420851843,1
TCGA-AD-6890-01A-11R-1928-07,-0.08805539115909108,1
TCGA-97-8547-01A-11R-2403-07,-0.07795360320029303,1
TCGA-XP-A8T6-01A-11R-A36D-31,-0.2926560610576932,1
TCGA-70-6722-01A-11R-1820-07,-0.039913416685610104,1
TCGA-DD-AAVY-01A-11R-A41C-07,-0.11579025379818284,0
TCGA-A2-A3XS-01A-11R-A22U-07,-0.004795884969990575,1
TCGA-A2-A0YL-01A-21R-A109-07,-0.04876873244696603,1
TCGA-3A-A9IS-01A-21R-A39D-07,0.22012115845246155,1
TCGA-73-4666-01A-01R-1206-07,-0.05155981192544092,1
TCGA-24-1467-01A-01R-1566-13,-0.0799574084494359,0
TCGA-85-7699-01A-11R-2125-07,-0.07931286303706993,1
TCGA-A8-A07B-01A-11R-A00Z-07,-0.030671787064044314,0
TCGA-AA-A01P-01A-21R-A083-07,-0.02889466490294448,1
TCGA-AC-A62X-01A-11R-A29R-07,0.01450062124589137,1
TCGA-A2-A0YH-01A-11R-A109-07,-0.04777573333603329,1
TCGA-D8-A1XS-01A-11R-A14M-07,-0.05251551658786912,1
TCGA-BH-A0E2-01A-11R-A056-07,-0.040007953584471664,1
TCGA-13-0888-01A-01R-1564-13,-0.10419693891301231,1
TCGA-IG-A4QS-01A-11R-A260-31,-0.1624196163664778,1
TCGA-A6-2680-01A-01R-1410-07,-0.10528430110088088,0
TCGA-A4-7997-01A-11R-2204-07,-0.07599367272282002,1
TCGA-93-A4JO-01A-21R-A24X-07,-0.07338154375999417,1
TCGA-KV-A74V-01A-11R-A33Z-07,-0.16901757462490447,1
TCGA-G4-6588-01A-11R-1774-07,-0.0665543072881098,1
TCGA-J4-A83L-01A-11R-A352-07,-0.11599754531818449,1
TCGA-5T-A9QA-01A-11R-A41B-07,-0.0030148542677493166,0
TCGA-49-6744-01A-11R-1858-07,-0.09700118537958075,1
TCGA-CK-4948-01B-11R-1653-07,-0.09642873036084122,1
TCGA-77-7142-01A-11R-2045-07,-0.053132498862350365,1
TCGA-ZG-A9M4-01A-11R-A41O-07,0.08275513129821406,1
TCGA-44-A479-01A-31R-A24H-07,-0.07390215038251974,1
TCGA-AA-3511-01A-21R-1839-07,-0.09595902711890515,1
TCGA-66-2758-01A-02R-0851-07,-0.06978163445752225,1
TCGA-24-2290-01A-01R-1568-13,-0.051957146666709794,1
TCGA-75-5125-01A-01R-1755-07,-0.06236097740287617,1
TCGA-L9-A7SV-01A-11R-A39D-07,-0.023126441093791854,1
TCGA-VP-A87K-01A-11R-A352-07,-0.06859723753592056,1
TCGA-A6-A565-01A-31R-A28H-07,0.04193296355150066,1
TCGA-04-1364-01A-01R-1565-13,-0.08443771205502767,1
TCGA-04-1350-01A-01R-1565-13,-0.07744635257206822,1
TCGA-22-5471-01A-01R-1635-07,-0.048971867655495306,1
TCGA-EB-A430-01A-11R-A24X-07,-0.6511265851191326,0
TCGA-ZG-A9ND-01A-11R-A41O-07,-0.06406793809742056,1
TCGA-23-1119-01A-02R-1565-13,-0.06352825719494308,1
TCGA-CJ-4642-01B-01R-1305-07,0.3013892700427696,1
TCGA-24-1413-01A-01R-1565-13,-0.10527727249370364,1
TCGA-A8-A08A-01A-11R-A32Y-07,-0.03881021595814891,1
TCGA-04-1519-01A-01R-1565-13,-0.0840301107733898,1
TCGA-B6-A0RT-01A-21R-A084-07,-0.0048348023876425205,1
TCGA-AC-A5XS-01A-11R-A29R-07,-0.024253554343379106,1
TCGA-HC-8257-01A-11R-2263-07,-0.0896307075650847,1
TCGA-CJ-4881-01A-01R-1305-07,-0.014700401720267138,0
TCGA-DD-AACY-01A-11R-A41C-07,-0.10587141652160846,0
TCGA-CK-5915-01A-11R-1653-07,-0.05169250124696639,1
TCGA-2Y-A9GZ-01A-11R-A39D-07,-0.057523040943522334,1
TCGA-2H-A9GI-01A-11R-A37I-31,-0.21951349115244406,1
TCGA-B6-A0IP-01A-11R-A034-07,-0.052001777564396674,1
TCGA-AA-3811-01A-01R-1022-07,-0.05974818606534676,1
TCGA-55-8208-01A-11R-2241-07,-0.09543923982906968,1
TCGA-V9-A7HT-01A-11R-A33Z-07,-0.17097770563918496,0
TCGA-C8-A12M-01A-11R-A115-07,-0.015148540301724772,1
TCGA-BQ-5886-01A-11R-1592-07,-0.14133671805370918,0
TCGA-GI-A2C9-01A-11R-A21T-07,-0.014802877527116187,0
TCGA-G7-7502-01A-11R-2204-07,-0.1481420475321813,1
TCGA-2Z-A9JM-01A-12R-A42S-07,-0.21844289542408102,1
TCGA-85-A4PA-01A-11R-A24Z-07,0.1156190772153645,0
TCGA-C8-A12V-01A-11R-A115-07,9.096240113196136e-05,0
TCGA-HC-7745-01A-11R-2118-07,-0.10204917351047825,1
TCGA-AC-A6IW-01A-12R-A33J-07,0.024277935985755124,1
TCGA-B0-5085-01A-01R-1334-07,0.06970500581322969,1
TCGA-AR-A1AU-01A-11R-A12P-07,-0.04443604227219155,0
TCGA-B8-5546-01A-01R-1541-07,0.14095925655413033,1
TCGA-77-7141-01A-11R-2045-07,-0.07567691562961837,1
TCGA-AA-3534-01A-01R-0821-07,-0.05126676439663676,1
TCGA-AA-3524-01A-02R-0821-07,-0.0733929533342672,1
TCGA-24-2280-01A-01R-1568-13,-0.07707604260216848,1
TCGA-IB-7897-01A-21R-2204-07,-0.20115454349465842,0
TCGA-95-7039-01A-11R-1949-07,-0.08632329124262962,0
TCGA-CJ-5680-01A-11R-1541-07,-0.006496643784978098,1
TCGA-AR-A1AN-01A-11R-A12P-07,-0.04334960794300187,1
TCGA-LL-A6FP-01A-11R-A31O-07,0.015630302942684596,1
TCGA-30-1714-01A-02R-1567-13,-0.07575192250562356,0
TCGA-E2-A15L-01A-11R-A12D-07,-0.054258672516110905,1
TCGA-23-2077-01A-01R-1568-13,-0.1110701910355316,1
TCGA-EJ-7123-01A-11R-1965-07,-0.09203582394407826,1
TCGA-DD-AACI-01A-11R-A41C-07,-0.053742833031571055,1
TCGA-A6-3808-01A-01R-1022-07,-0.07722110540288106,0
TCGA-AA-3837-01A-01R-0905-07,-0.0957519770400426,1
TCGA-95-7944-01A-11R-2187-07,-0.01934018067740141,0
TCGA-A3-3320-01A-02R-1325-07,-0.07665449423634701,1
TCGA-MM-A563-01A-11R-A266-07,-0.05878033663906426,0
TCGA-77-8008-01A-21R-2187-07,-0.026495079489784832,1
TCGA-G9-7519-01A-11R-2263-07,-0.06355225703446554,1
TCGA-BF-A5EP-01A-12R-A27Q-07,-0.5845079007151006,1
TCGA-B0-5694-01A-11R-1541-07,-0.07592971944239865,1
TCGA-E9-A1R7-01A-11R-A14M-07,-0.017413598672163577,1
TCGA-G3-A7M5-01A-11R-A33R-07,-0.08893089237018838,1
TCGA-A2-A0SV-01A-11R-A084-07,-0.021589800650338546,1
TCGA-DW-7838-01A-11R-2139-07,-0.10624742954371295,1
TCGA-AN-A04C-01A-21R-A034-07,-0.0018428571507333805,1
TCGA-77-6842-01A-11R-1949-07,-0.050874889974778376,1
TCGA-B0-4688-01A-01R-1277-07,0.3346835379007014,1
TCGA-A2-A0YM-01A-11R-A109-07,0.003560239710576777,1
TCGA-JY-A6F8-01A-11R-A336-31,-0.1204569709704036,1
TCGA-F4-6808-01A-11R-1839-07,-0.0610171320288155,1
TCGA-AC-A2BM-01A-11R-A21T-07,-0.028791032071807773,1
TCGA-34-5236-01A-21R-1820-07,-0.0871028241217141,1
TCGA-AZ-6598-01A-11R-1774-07,-0.038005256138167645,1
TCGA-D8-A1X7-01A-11R-A14M-07,-0.04021510738419454,1
TCGA-AN-A0FY-01A-11R-A034-07,-0.030143888527277434,1
TCGA-AO-A03R-01A-21R-A034-07,-0.020100486945137965,1
TCGA-CJ-4920-01A-01R-1426-07,-0.07837834618101937,1
TCGA-LL-A442-01A-11R-A24H-07,-0.034861648371511324,1
TCGA-V1-A9OY-01A-11R-A41O-07,-0.12023155442746018,1
TCGA-DD-AAVZ-01A-11R-A41C-07,-0.06885271216350575,1
TCGA-UZ-A9PL-01A-11R-A38C-07,-0.1536264786548824,0
TCGA-CJ-4638-01A-02R-1325-07,0.08233171174815115,1
TCGA-25-2401-01A-01R-1569-13,-0.09180278297936079,1
TCGA-BP-4765-01A-01R-1289-07,-0.08507592817075724,1
TCGA-AN-A0FS-01A-11R-A034-07,-0.053049848047840846,1
TCGA-B8-5162-01A-01R-1420-07,-0.026810996621820356,0
TCGA-EV-5901-01A-11R-1592-07,-0.058885556102451844,1
TCGA-2Y-A9H0-01A-11R-A38B-07,-0.011009893439197217,1
TCGA-B4-5836-01A-11R-1672-07,-0.0791899162962995,1
TCGA-G9-6338-01A-12R-1965-07,0.04378955535429244,1
TCGA-HZ-A9TJ-01A-11R-A41I-07,-0.24131788079744063,1
TCGA-D8-A1XT-01A-11R-A14M-07,-0.020930876209645805,0
TCGA-E9-A1N6-01A-11R-A144-07,-0.03944874140733947,0
TCGA-E2-A1IK-01A-11R-A144-07,-0.022253710022560814,1
TCGA-CJ-5683-01A-11R-1541-07,-0.07058941301560699,1
TCGA-KK-A8IF-01A-11R-A36G-07,0.015923798146925724,1
TCGA-QG-A5Z2-01A-11R-A28H-07,-0.06570922935476334,1
TCGA-A1-A0SO-01A-22R-A084-07,0.011992067355530569,0
TCGA-E2-A154-01A-11R-A115-07,-0.051265113001190285,1
TCGA-J9-A8CM-01A-11R-A352-07,-0.06227128615084082,1
TCGA-AN-A0FV-01A-11R-A00Z-07,-0.01826692213807157,1
TCGA-CM-6679-01A-11R-1839-07,-0.05248816652761418,1
TCGA-77-8153-01A-11R-2403-07,-0.07248792980196209,1
TCGA-BH-A0BJ-01A-11R-A056-07,-0.05144641223615673,1
TCGA-AN-A0AL-01A-11R-A00Z-07,0.024191785873715035,1
TCGA-24-1928-01A-01R-1567-13,-0.06124710838447485,1
TCGA-IB-7890-01A-12R-2204-07,-0.2903918172468107,0
TCGA-E2-A15R-01A-11R-A115-07,-0.02563445456623996,1
TCGA-BH-A0DT-01A-21R-A12D-07,-0.05811231948468197,0
TCGA-Q3-A5QY-01A-12R-A32O-07,-0.2440109733417534,0
TCGA-NJ-A4YI-01A-11R-A262-07,-0.0695096737063173,1
TCGA-ZG-A9N3-01A-11R-A41O-07,0.1796230806007922,1
TCGA-2Z-A9JO-01A-11R-A42S-07,-0.08435575384226675,1
TCGA-25-1626-01A-01R-1566-13,-0.011925742915951366,1
TCGA-CC-5262-01A-01R-A131-07,-0.08944846092205043,0
TCGA-57-1582-01A-01R-1566-13,-0.05623302282709028,0
TCGA-WJ-A86L-01A-12R-A39D-07,0.01166895970547164,0
TCGA-GL-6846-01A-11R-1965-07,-0.17262141398585765,1
TCGA-E9-A54X-01A-11R-A266-07,-0.0052936537895252045,1
TCGA-55-1594-01A-01R-0946-07,-0.04774285024469845,0
TCGA-AA-3864-01A-01R-1022-07,-0.06763389839298099,1
TCGA-49-6742-01A-11R-1858-07,-0.06666340772638231,1
TCGA-H6-8124-01A-11R-2404-07,-0.2654315099561575,1
TCGA-HC-7820-01A-11R-2118-07,-0.13300839280566357,1
TCGA-AY-A8YK-01A-11R-A41B-07,-0.10938161733669234,0
TCGA-34-8454-01A-11R-2326-07,-0.07664598759848386,1
TCGA-A6-A56B-01A-31R-A28H-07,-0.001957372018494911,0
TCGA-AR-A0U2-01A-11R-A109-07,-0.017363746564795234,1
TCGA-BC-A112-01A-11R-A131-07,0.11339986288992394,1
TCGA-IB-7646-01A-11R-2156-07,-0.12572239558299483,1
TCGA-V1-A9ZG-01A-11R-A41O-07,-0.054794693201399194,1
TCGA-86-7953-01A-11R-2187-07,-0.06997529268567684,1
TCGA-CZ-5451-01A-01R-1503-07,-0.08695710106113323,1
TCGA-A6-6138-01A-11R-1774-07,-0.07596973240732832,0
TCGA-GL-7966-01A-11R-2204-07,0.16467687549303608,1
TCGA-BP-4982-01A-01R-1334-07,-0.09293171469224766,1
TCGA-B4-5835-01A-11R-1672-07,0.23604054290523727,1
TCGA-E9-A1NE-01A-21R-A14M-07,-0.04671398273750188,1
TCGA-MH-A856-01A-11R-A355-07,-0.09915410529491317,1
TCGA-EB-A299-01A-21R-A18U-07,-0.4689627524925853,0
TCGA-V1-A8MF-01A-11R-A36G-07,-0.0663645050228438,1
TCGA-G9-6361-01A-21R-1965-07,-0.06464237402659884,1
TCGA-L5-A8NH-01A-11R-A37I-31,-0.32469576762157126,0
TCGA-LN-A49P-01A-11R-A24K-31,-0.2311547259600807,1
TCGA-E2-A14V-01A-11R-A12D-07,-0.049029361246312124,1
TCGA-49-AAR4-01A-12R-A41B-07,-0.07780012795520017,1
TCGA-IB-7885-01A-11R-2156-07,-0.37139985326858926,0
TCGA-D8-A1XQ-01A-11R-A14M-07,0.002321924117898875,1
TCGA-AA-3872-01A-01R-1022-07,-0.04339740957317037,0
TCGA-85-8070-01A-11R-2247-07,-0.027992020074538975,1
TCGA-HI-7169-01A-11R-2118-07,0.10580509467017542,1
TCGA-HC-8213-01A-11R-A29R-07,-0.06628265351502004,0
TCGA-CH-5754-01A-11R-1580-07,-0.01698178206814982,1
TCGA-2A-A8W1-01A-11R-A37L-07,-0.029110838290347035,1
TCGA-AA-3527-01A-01R-0821-07,0.07701625760977171,1
TCGA-G7-6797-01A-11R-1965-07,-0.12193370204863704,1
TCGA-05-4403-01A-01R-1206-07,-0.03357051117798021,1
TCGA-EW-A1IW-01A-11R-A13Q-07,-0.05004722934286896,1
TCGA-ZG-A9L0-01A-11R-A41O-07,-0.03686542141767518,1
TCGA-56-8624-01A-11R-2403-07,0.018745198253173053,1
TCGA-D8-A1J8-01A-11R-A13Q-07,-0.014082900398445251,1
TCGA-JY-A6FH-01A-11R-A336-31,-0.16617409999460678,1
TCGA-09-0366-01A-01R-1564-13,-0.03775082483966595,1
TCGA-A7-A6VV-01A-22R-A33J-07,0.007032707609397926,1
TCGA-L5-A4OG-01A-11R-A260-31,-0.31223614165632657,1
TCGA-EJ-A65G-01A-21R-A29R-07,-0.1067852455880355,1
TCGA-T9-A92H-01A-11R-A37K-07,-0.09831585047258717,1
TCGA-AA-3685-01A-02R-A32Z-07,-0.04378111698936942,1
TCGA-BP-4993-01A-02R-1420-07,-0.07750811882778384,1
TCGA-B0-5690-01A-11R-1541-07,-0.048771146781600834,1
TCGA-G3-AAV6-01A-21R-A37K-07,0.042417949500238014,1
TCGA-13-1505-01A-01R-1565-13,-0.08854737665829411,1
TCGA-LD-A9QF-01A-32R-A41B-07,-0.003941202170660955,1
TCGA-AA-3710-01A-01R-1022-07,-0.033404080669757544,1
TCGA-85-7950-01A-11R-2187-07,-0.02943969069498648,1
TCGA-A8-A07L-01A-11R-A00Z-07,-0.03043880178859037,1
TCGA-55-A492-01A-11R-A24H-07,-0.011409635159528593,0
TCGA-AZ-5403-01A-01R-1653-07,-0.06158726958023613,1
TCGA-69-7765-01A-11R-2170-07,-0.0880923427250517,1
TCGA-IB-8127-01A-11R-2404-07,-0.3580602839689292,1
TCGA-E2-A1IJ-01A-11R-A144-07,-0.05066991174887662,0
TCGA-YL-A9WK-01A-11R-A37L-07,-0.03714472942315135,1
TCGA-A8-A09D-01A-11R-A00Z-07,-0.03368468912551297,1
TCGA-DD-AADA-01A-11R-A41C-07,-0.04280085886493157,1
TCGA-CH-5763-01A-11R-1580-07,-0.024799906141973804,1
TCGA-CZ-4865-01A-02R-1503-07,-0.043994650554211305,1
TCGA-BC-A10Z-01A-11R-A131-07,-0.026321224979597754,1
TCGA-EB-A44P-01A-11R-A266-07,-0.5717495519899428,0
TCGA-CC-A3MA-01A-11R-A213-07,0.25664424681311276,1
TCGA-AA-3673-01A-01R-0905-07,-0.10828702481094507,1
TCGA-CZ-5982-01A-11R-1672-07,0.006361571922930396,1
TCGA-56-7223-01A-11R-2045-07,0.005718891951633276,1
TCGA-EB-A41A-01A-11R-A24X-07,-0.5773614753221811,0
TCGA-IB-AAUS-01A-12R-A38C-07,-0.3558616540864383,0
TCGA-B0-4828-01A-01R-1277-07,-0.015897836716809173,1
TCGA-92-8065-01A-11R-2247-07,-0.003102924760542622,1
TCGA-98-A53H-01A-12R-A262-07,0.0036314821820004695,1
TCGA-05-4397-01A-01R-1206-07,0.02519249135256612,1
TCGA-HC-A6AO-01A-11R-A30B-07,0.055926336412542,1
TCGA-E2-A108-01A-13R-A10J-07,-0.02213429749127843,1
TCGA-23-1107-01A-01R-1564-13,-0.029075702986969716,1
TCGA-IA-A40X-01A-11R-A24Z-07,-0.1656382824664249,1
TCGA-B4-5838-01A-11R-1672-07,0.01694221229227605,1
TCGA-24-1603-01A-01R-1566-13,-0.09783815533693094,0
TCGA-R6-A6L4-01A-11R-A31P-31,-0.2885137931821664,1
TCGA-B6-A0IE-01A-11R-A034-07,-0.020428587739404196,1
TCGA-04-1517-01A-01R-1565-13,-0.08656862599945117,1
TCGA-LA-A446-01A-21R-A24Z-07,-0.09966683826327866,0
TCGA-C8-A1HF-01A-11R-A137-07,-0.023485555144226938,1
TCGA-MP-A4TH-01A-31R-A262-07,-0.10896571351880942,1
TCGA-AA-3848-01A-01R-0905-07,-0.00739219178686374,0
TCGA-KV-A6GE-01A-11R-A31O-07,-0.1935766725552716,1
TCGA-CC-A5UC-01A-11R-A28V-07,-0.010751762529701312,1
TCGA-96-7544-01A-11R-2045-07,-0.05073291497980869,0
TCGA-B6-A0X1-01A-11R-A109-07,0.020755311331711063,1
TCGA-AA-3553-01A-01R-0821-07,-0.10591499869469931,0
TCGA-HC-7818-01A-11R-2118-07,-0.12143807890191978,1
TCGA-DD-AADL-01A-11R-A41C-07,-0.05200303855399282,1
TCGA-78-7542-01A-21R-2066-07,-0.006231213509373653,1
TCGA-E2-A1B5-01A-21R-A12P-07,-0.01874443572581093,1
TCGA-A6-2684-01A-01R-1410-07,-0.01576057487281236,1
TCGA-BH-A1FD-01A-11R-A13Q-07,-0.029919340148404805,1
TCGA-G9-6496-01A-11R-1789-07,-0.006991841070602208,1
TCGA-EJ-8468-01A-21R-2403-07,-0.05198562355219592,1
TCGA-AR-A1AS-01A-11R-A12P-07,-0.047532514285620574,0
TCGA-86-8674-01A-21R-2403-07,-0.04870363278668064,1
TCGA-DD-A4NS-01A-11R-A311-07,0.039114819204424535,1
TCGA-BP-5170-01A-01R-1426-07,-0.05402480734628163,1
TCGA-A8-A06P-01A-11R-A00Z-07,-0.05031333212101775,1
TCGA-B0-4697-01A-01R-1277-07,0.10940252091721613,1
TCGA-33-6737-01A-11R-1820-07,0.006873347737729964,1
TCGA-85-A512-01A-11R-A26W-07,-0.04357007709667237,1
TCGA-55-8511-01A-11R-2403-07,-0.07036444804079019,1
TCGA-VP-A878-01A-31R-A352-07,-0.10919235609132143,0
TCGA-BH-A0DZ-01A-11R-A00Z-07,-0.02140511781777693,1
TCGA-D5-6931-01A-11R-1928-07,-0.09809770461091155,0
TCGA-50-5044-01A-21R-1858-07,-0.00028800328361705123,0
TCGA-A2-A4RY-01A-31R-A266-07,-0.021358008949885304,1
TCGA-EJ-7331-01A-11R-2118-07,-0.05855861557765431,1
TCGA-CZ-4864-01A-01R-1503-07,-0.06155306474450767,1
TCGA-4A-A93W-01A-11R-A37K-07,-0.1901554544145622,1
TCGA-AA-3655-01A-02R-1723-07,-0.09953105769526033,0
TCGA-CM-6678-01A-11R-1839-07,-0.09268625200345676,1
TCGA-AA-A02J-01A-01R-A00A-07,-0.10255752362805869,1
TCGA-DD-AAVR-01A-11R-A41C-07,-0.07753866433482366,0
TCGA-23-1123-01A-01R-1565-13,-0.10456535556556697,1
TCGA-L5-A43H-01A-11R-A24K-31,-0.3187755572076474,1
TCGA-EJ-7791-01A-11R-2118-07,-0.09272072746285455,1
TCGA-B6-A0RO-01A-22R-A084-07,-0.017926557270894553,0
TCGA-96-8169-01A-11R-2296-07,-0.07400509529820722,1
TCGA-E2-A10E-01A-21R-A10J-07,-0.04935113294790147,1
TCGA-EJ-5518-01A-01R-1580-07,-0.028106434010478357,1
TCGA-5P-A9K0-01A-11R-A42S-07,-0.24082324847838832,1
TCGA-AO-A0JM-01A-21R-A056-07,-0.03493079508588972,1
TCGA-56-6545-01A-11R-1820-07,-0.06983539741171126,1
TCGA-CJ-4643-01A-02R-1325-07,-0.10556807882136005,0
TCGA-DZ-6135-01A-11R-1965-07,-0.12936211227084712,0
TCGA-QU-A6IN-01A-11R-A31N-07,0.095239282965857,1
TCGA-EW-A1P6-01A-11R-A144-07,-0.04437095678557794,1
TCGA-BH-A0E6-01A-11R-A034-07,0.01887382857725895,1
TCGA-04-1347-01A-01R-1564-13,-0.07065798822746337,0
TCGA-NH-A6GB-01A-11R-A37K-07,-0.0815818257849347,1
TCGA-50-5072-01A-21R-1858-07,-0.0682488202486211,1
TCGA-O2-A52Q-01A-11R-A26W-07,0.016382746975987437,1
TCGA-AC-A23C-01A-12R-A169-07,-0.04713799229415684,1
TCGA-TP-A8TV-01A-11R-A41O-07,-0.08432850493667911,0
TCGA-63-A5MN-01A-22R-A27Q-07,0.006800716516057497,0
TCGA-OL-A5D6-01A-21R-A27Q-07,0.0002298896647430029,1
TCGA-55-8097-01A-11R-2241-07,-0.09528072553339363,0
TCGA-EW-A1OX-01A-11R-A144-07,-0.020634013515509367,1
TCGA-13-0804-01A-01R-1564-13,-0.08641019916719009,1
TCGA-A2-A25D-01A-12R-A16F-07,-0.01987748732971357,1
TCGA-24-1549-01A-01R-1566-13,-0.02525353355856519,1
TCGA-XK-AAJR-01A-11R-A41O-07,-0.11337627613157923,1
TCGA-CW-5588-01A-01R-1541-07,-0.05955185056747423,1
TCGA-SX-A71V-01A-11R-A33Z-07,-0.24885762192886243,1
TCGA-BQ-7049-01A-11R-1965-07,-0.024188646742124138,1
TCGA-BQ-5876-01A-11R-1592-07,0.08486560007310989,0
TCGA-B6-A0IJ-01A-11R-A034-07,0.003447180514907132,1
TCGA-55-A491-01A-11R-A24H-07,-0.04993989429319609,1
TCGA-E2-A1L9-01A-11R-A13Q-07,-0.049013409812640726,1
TCGA-44-8117-01A-11R-2241-07,-0.08499813990136915,1
TCGA-JY-A93D-01A-11R-A38D-31,-0.23835018288414236,1
TCGA-AO-A0J3-01A-11R-A034-07,-0.024238679273899905,0
TCGA-A3-A8OU-01A-11R-A37O-07,-0.058878235870676164,0
TCGA-63-A5M9-01A-11R-A26W-07,-0.07094894067617274,1
TCGA-86-8585-01A-11R-2403-07,-0.04605580310851987,0
TCGA-13-0762-01A-01R-1564-13,-0.06420723478096771,1
TCGA-KK-A7B4-01A-11R-A32O-07,-0.04196379863048877,0
TCGA-MP-A4SV-01A-11R-A24X-07,-0.11506280357347859,0
TCGA-LD-A7W5-01A-22R-A352-07,-0.015263067093470065,0
TCGA-IZ-A6M8-01A-11R-A31O-07,-0.12434522238726949,0
TCGA-CW-5585-01A-01R-1541-07,-0.034341567963969984,1
TCGA-BH-A0B2-01A-11R-A10J-07,-0.04696727877189289,1
TCGA-AC-A2FK-01A-12R-A180-07,-0.02439720127889222,1
TCGA-ER-A19K-01A-21R-A18T-07,-0.5775048993501165,0
TCGA-DD-A4NR-01A-11R-A311-07,-0.011246202747007605,0
TCGA-D8-A27T-01A-11R-A16F-07,-0.05416513031627881,1
TCGA-96-7545-01A-21R-2045-07,-0.06707569222903534,1
TCGA-21-1081-01A-01R-0692-07,-0.04373816524022982,1
TCGA-AR-A2LL-01A-11R-A180-07,-0.044639326685079875,1
TCGA-J4-A83M-01A-11R-A352-07,-0.10125280398434613,1
TCGA-DD-AADF-01A-11R-A41C-07,-0.08570933491546187,1
TCGA-B4-5377-01A-01R-1503-07,-0.04927625675234244,1
TCGA-B8-5158-01A-01R-1420-07,-0.017896623009142215,1
TCGA-25-1326-01A-01R-1565-13,-0.0748215212034601,1
TCGA-DD-A1EB-01A-11R-A131-07,-0.04280651721406689,1
TCGA-63-A5MJ-01A-11R-A27Q-07,-0.07655155857378491,1
TCGA-B9-4115-01A-01R-1193-07,-0.13742823165328152,1
TCGA-B8-4619-01A-02R-1325-07,0.14486774810115402,1
TCGA-AA-3554-01A-01R-0826-07,-0.0727826597483916,0
TCGA-2Y-A9H3-01A-11R-A38B-07,-0.02877917412967417,1
TCGA-55-7728-01A-11R-2187-07,-0.01839567306483011,1
TCGA-BP-5181-01A-01R-1426-07,-0.07673272335586721,1
TCGA-DM-A1D8-01A-11R-A155-07,-0.05004873155986022,1
TCGA-SX-A71S-01A-11R-A33Z-07,-0.16037208109024945,1
TCGA-D8-A1XF-01A-11R-A14D-07,-0.01836831445103454,1
TCGA-24-1474-01A-01R-1566-13,-0.002927305625608051,1
TCGA-KC-A4BN-01A-61R-A250-07,-0.07373768949056561,1
TCGA-A3-3328-01A-01R-0864-07,0.23540159498151697,0
TCGA-HN-A2OB-01A-21R-A27Q-07,-0.04700190822876745,1
TCGA-29-1698-01A-01R-1567-13,-0.08120336726300305,0
TCGA-20-1686-01A-01R-1566-13,0.002350493684925265,1
TCGA-50-5939-01A-11R-1628-07,-0.07575340777156862,1
TCGA-A7-A3J1-01A-11R-A213-07,-0.03590958594774446,1
TCGA-36-1570-01A-01R-1566-13,-0.07089567924627671,1
TCGA-AA-3521-01A-01R-0821-07,-0.09190959600598995,1
TCGA-FC-7708-01A-11R-2118-07,-0.1010867969687053,0
TCGA-VG-A8LO-01A-11R-A406-31,-0.029831898006400487,1
TCGA-NK-A5CX-01A-11R-A26W-07,-0.07144708011802711,1
TCGA-OL-A97C-01A-32R-A41B-07,-0.003228546636519158,1
TCGA-E2-A158-01A-11R-A12D-07,0.014780267801707148,1
TCGA-HC-8256-01A-11R-2263-07,-0.11047896579690637,1
TCGA-A7-A0CE-01A-11R-A00Z-07,0.0018597001862377925,1
TCGA-AR-A1AL-01A-21R-A12P-07,-0.053040841186527285,1
TCGA-E2-A3DX-01A-21R-A213-07,-0.03407259048394909,1
TCGA-A2-A3XT-01A-11R-A22U-07,0.008589921542875358,0
TCGA-50-8457-01A-11R-2326-07,-0.10502578346305477,1
TCGA-LL-A6FQ-01A-11R-A31O-07,0.014250008394789909,1
TCGA-2H-A9GK-01A-11R-A37I-31,-0.23958258134393745,1
TCGA-G3-A5SM-01A-12R-A28V-07,-0.09475891082705404,1
TCGA-AR-A1AX-01A-11R-A12P-07,-0.04022157660570798,1
TCGA-A2-A4S3-01A-21R-A266-07,-0.01469992371475069,1
TCGA-21-A5DI-01A-31R-A26W-07,-0.07559851835800256,1
TCGA-24-0966-01A-01R-1564-13,-0.08654087664543865,0
TCGA-BH-A0H7-01A-13R-A056-07,-0.03146767554544004,1
TCGA-97-7554-01A-11R-2039-07,-0.08601654978575274,1
TCGA-IB-7886-01A-11R-2156-07,-0.27923053972627865,1
TCGA-61-1728-01A-01R-1568-13,-0.12038183647152623,1
TCGA-GM-A5PX-01A-12R-A28M-07,-0.03300362414218383,1
TCGA-EJ-5494-01A-01R-1580-07,-0.07667691852630008,1
TCGA-AZ-6605-01A-11R-1839-07,-0.07896656058329692,1
TCGA-GL-A9DE-01A-11R-A37K-07,-0.14216652808190303,0
TCGA-Y8-A895-01A-11R-A36F-07,-0.23937948996791836,0
TCGA-55-8206-01A-11R-2241-07,-0.11050710653736237,0
TCGA-85-8584-01A-11R-2403-07,0.0510462763892837,1
TCGA-AZ-4313-01A-01R-1410-07,0.0010993619108784875,1
TCGA-EJ-AB20-01A-12R-A41O-07,0.1996538660124209,0
TCGA-43-8116-01A-11R-2247-07,-0.0833923607161975,0
TCGA-97-7553-01A-21R-2039-07,-0.09892285763301452,1
TCGA-VP-A87B-01A-11R-A352-07,-0.04285933249744692,1
TCGA-BH-A0BA-01A-11R-A056-07,-0.04373796828234277,1
TCGA-A3-3349-01A-01R-1188-07,-0.08546451968251481,0
TCGA-EW-A1OW-01A-21R-A144-07,-0.017484170608733064,0
TCGA-L5-A8NW-01A-11R-A37I-31,-0.34172185731657456,1
TCGA-EJ-A65M-01A-11R-A29R-07,-0.07015905236105252,1
TCGA-E2-A15P-01A-11R-A115-07,-0.05174418678604399,1
TCGA-A8-A09G-01A-21R-A00Z-07,-0.02828647068806213,1
TCGA-MN-A4N5-01A-11R-A24X-07,-0.1016620964739835,0
TCGA-A2-A0YG-01A-21R-A109-07,-0.031355712296959215,1
TCGA-BH-A1EY-01A-11R-A13Q-07,-0.032341665820364254,1
TCGA-CC-A9FU-01A-11R-A37K-07,0.025557045845327645,1
TCGA-A3-3335-01A-01R-0864-07,-0.02250326096076185,1
TCGA-78-7154-01A-11R-2039-07,-0.004713784077551907,1
TCGA-69-8255-01A-11R-2287-07,0.023984633311655536,1
TCGA-EJ-5502-01A-01R-1580-07,-0.09305390796152144,0
TCGA-AO-A03P-01A-11R-A00Z-07,-0.033105774747356174,1
TCGA-22-5478-01A-01R-1635-07,-0.03525505055137555,1
TCGA-AA-3858-01A-01R-0905-07,-0.09482481666182156,0
TCGA-HZ-8317-01A-11R-2404-07,-0.31260415069575276,1
TCGA-AQ-A1H2-01A-11R-A13Q-07,-0.018992079730293654,1
TCGA-LN-A49R-01A-11R-A24K-31,-0.24802569536355287,1
TCGA-24-1464-01A-01R-1566-13,-0.06671223789839795,1
TCGA-G3-A5SL-01A-11R-A27V-07,-0.11414016241391357,0
TCGA-VR-AA7B-01A-31R-A406-31,-0.2806225216342187,1
TCGA-AC-A3QQ-01B-06R-A22O-07,0.006292867552118158,1
TCGA-AR-A24N-01A-11R-A169-07,-0.043114105133561134,1
TCGA-D5-6531-01A-11R-1723-07,-0.06536465815510185,1
TCGA-E9-A244-01A-11R-A169-07,0.006911808318412738,1
TCGA-B0-4852-01A-01R-1503-07,-0.0571521043302596,1
TCGA-DD-AAW0-01A-11R-A41C-07,-0.08221274484441499,1
TCGA-55-8506-01A-11R-2403-07,-0.08109157453660241,1
TCGA-B9-5156-01A-01R-1592-07,-0.16164612469552236,1
TCGA-D8-A27F-01A-11R-A16F-07,0.00740327577536742,1
TCGA-B4-5832-01A-11R-1672-07,0.28484159378512636,0
TCGA-CM-5341-01A-01R-1410-07,0.12965571960893726,1
TCGA-91-6831-01A-11R-1858-07,-0.06969093263445197,0
TCGA-EJ-5526-01A-01R-1580-07,0.017412706802529727,1
TCGA-VP-A876-01A-11R-A352-07,-0.04408214862226969,1
TCGA-E2-A576-01A-11R-A31O-07,0.012827208837707832,1
TCGA-J4-AATV-01A-11R-A41O-07,-0.06244653108104513,0
TCGA-RC-A7SK-01A-11R-A352-07,-0.07838936974130412,1
TCGA-BH-A1F2-01A-31R-A13Q-07,-0.023200285957792003,0
TCGA-E2-A1BD-01A-11R-A12P-07,-0.03840854232413228,1
TCGA-B8-5551-01A-01R-1541-07,0.08019096064676356,0
TCGA-49-AAR2-01A-11R-A39D-07,-0.005489883940330614,0
TCGA-A1-A0SE-01A-11R-A084-07,-0.05689257523476095,1
TCGA-D5-6534-01A-21R-1928-07,0.156489227013278,1
TCGA-A7-A426-01A-22R-A24H-07,-0.019637370918632262,1
TCGA-56-8503-01A-11R-2403-07,-0.07230155959817691,1
TCGA-B1-A654-01A-11R-A31O-07,-0.12759105618392685,1
TCGA-AA-A029-01A-01R-A00A-07,-0.07642010825794521,1
TCGA-D8-A27K-01A-11R-A16F-07,-0.052798300893510834,1
TCGA-BP-4991-01A-01R-1334-07,-0.06713942054942446,1
TCGA-24-1428-01A-01R-1564-13,-0.07901946049481304,1
TCGA-10-0928-01A-02R-1564-13,-0.07030371902238909,1
TCGA-M7-A71Y-01A-22R-A32O-07,-0.07858430487268474,1
TCGA-G4-6299-01A-11R-1774-07,0.008914992502203576,1
TCGA-AK-3453-01A-02R-1277-07,0.057524349972876546,1
TCGA-E9-A247-01A-11R-A169-07,-0.02816753051718631,1
TCGA-5P-A9K3-01A-11R-A42S-07,-0.0030327908353025425,1
TCGA-DD-A1EI-01A-11R-A131-07,-0.048547491776682786,1
TCGA-B0-4823-01A-02R-1420-07,-0.0821792226043462,1
TCGA-A2-A0CL-01A-11R-A115-07,-0.021237234890263974,1
TCGA-VN-A88O-01A-11R-A352-07,-0.0973633388783874,1
TCGA-A6-3810-01A-01R-1022-07,-0.03583615674519936,1
TCGA-60-2724-01A-01R-0851-07,-0.061351526394582384,1
TCGA-B3-3925-01A-02R-1351-07,-0.07005432262828244,1
TCGA-G3-A7M8-01A-11R-A33R-07,-0.08439222426909691,1
TCGA-AR-A5QP-01A-11R-A28M-07,-0.0420799662141481,1
TCGA-CH-5767-01A-11R-1789-07,-0.053870851290873864,1
TCGA-AR-A24S-01A-11R-A169-07,-0.04030650430476144,0
TCGA-BH-A1FE-01A-11R-A13Q-07,-0.054420318625741475,0
TCGA-EJ-7782-01A-11R-2118-07,-0.017687759598650647,1
TCGA-55-8094-01A-11R-2241-07,-0.003890438301808147,0
TCGA-77-8145-01A-11R-2247-07,-0.0764020684893302,1
TCGA-AA-3851-01A-01R-1022-07,-0.062483162429126986,1
TCGA-L5-A8NI-01A-11R-A37I-31,-0.196480988463434,1
TCGA-2J-AABP-01A-11R-A41B-07,0.03637711903186125,1
TCGA-AC-A3YJ-01A-11R-A22U-07,-0.005877060576955222,1
TCGA-25-1877-01A-01R-1567-13,0.014612454704102645,1
TCGA-AR-A2LE-01A-11R-A180-07,-0.04553366101490999,0
TCGA-B0-4847-01A-01R-1277-07,0.059035464181063056,1
TCGA-BH-A0E1-01A-11R-A056-07,-0.04362619635833943,1
TCGA-21-5784-01A-01R-1635-07,-0.009857148451107666,0
TCGA-KK-A7AQ-01A-11R-A33R-07,0.022855573795398914,1
TCGA-DD-AAE3-01A-11R-A41C-07,-0.0692517967081269,1
TCGA-93-A4JQ-01A-11R-A24X-07,-0.091859860221712,1
TCGA-AC-A3TN-01A-11R-A22K-07,-0.012862212666598967,1
TCGA-VR-A8Q7-01A-11R-A37I-31,-0.2398181269445971,1
TCGA-HC-8259-01A-11R-2263-07,-0.11834123672199848,1
TCGA-AO-A12A-01A-21R-A115-07,-0.05916065200857919,0
TCGA-66-2742-01A-01R-0980-07,-0.08002747029497277,1
TCGA-KC-A4BV-01A-31R-A26U-07,-0.08032907203555106,1
TCGA-Y8-A8S0-01A-11R-A37K-07,-0.23380753331473186,1
TCGA-YL-A8SF-01A-11R-A37L-07,-0.03612564272460299,1
TCGA-24-1567-01A-01R-1566-13,-0.008063039120763883,1
TCGA-BH-A0H6-01A-21R-A056-07,-0.0514937711157917,0
TCGA-BP-5186-01A-01R-1426-07,-0.09531438284220249,1
TCGA-B0-4699-01A-01R-1277-07,0.1356937285773881,1
TCGA-OY-A56Q-01A-11R-A406-31,-0.017755273698667955,1
TCGA-B0-4836-01A-01R-1305-07,-0.03906452744410373,1
TCGA-HZ-A49I-01A-12R-A26U-07,-0.38525485705986073,1
TCGA-J7-8537-01A-11R-2404-07,0.04895865625396778,0
TCGA-SX-A7SS-01A-11R-A36F-07,-0.18105526496046873,1
TCGA-CM-6161-01A-11R-1653-07,-0.010376607915850006,1
TCGA-66-2753-01A-01R-0980-07,-0.06811029057683417,1
TCGA-A3-3343-01A-01R-0864-07,-0.08351966762506814,1
TCGA-24-1930-01A-01R-1567-13,-0.06496971467789064,1
TCGA-A2-A0T7-01A-21R-A084-07,-0.04587470804900005,1
TCGA-75-6203-01A-11R-1755-07,-0.07962071608190692,1
TCGA-CZ-5989-01A-11R-1672-07,0.23541494787258926,1
TCGA-DD-AAVP-01A-11R-A41C-07,-0.062209686784151584,0
TCGA-MH-A562-01A-11R-A26U-07,-0.15893003117661897,0
TCGA-AC-A2FE-01A-11R-A19W-07,-0.045580623984854116,1
TCGA-ZG-A8QZ-01A-11R-A37L-07,-0.09820248512946694,1
TCGA-B8-A54J-01A-11R-A33J-07,-0.06991206880450224,0
TCGA-CM-6675-01A-11R-1839-07,0.0272793151587162,0
TCGA-A2-A0D1-01A-11R-A034-07,-0.001570239449328992,1
TCGA-UZ-A9PZ-01A-11R-A42S-07,-0.2261651004589319,0
TCGA-LN-A9FR-01A-11R-A38D-31,-0.3140837805379251,1
TCGA-CZ-5458-01A-01R-1503-07,-0.07681382615803144,1
TCGA-IB-A5SQ-01A-11R-A32O-07,-0.3354203863190576,1
TCGA-EB-A1NK-01A-11R-A18T-07,-0.647602413154815,1
TCGA-BF-A1PX-01A-12R-A18T-07,-0.580321280476826,1
TCGA-MH-A855-01A-11R-A355-07,-0.1837039339446385,1
TCGA-DZ-6131-01A-11R-1965-07,-0.030830466212427056,1
TCGA-CJ-4875-01A-01R-1305-07,-0.014832626300030951,1
TCGA-BP-4787-01A-01R-1305-07,-0.041548458892777744,1
TCGA-X4-A8KQ-01A-12R-A36G-07,0.013410399585848267,1
TCGA-CZ-4862-01A-01R-1305-07,-0.05818472582537594,1
TCGA-E2-A14Y-01A-21R-A12D-07,0.012133301269611213,1
TCGA-B0-5100-01A-01R-1420-07,0.08245166427329845,0
TCGA-EB-A42Y-01A-12R-A24X-07,-0.5067519393562591,1
TCGA-25-2399-01A-01R-1569-13,-0.08828585471463533,1
TCGA-EB-A42Z-01A-12R-A24X-07,-0.6103285056395504,1
TCGA-66-2755-01A-01R-0851-07,-0.055386517109098914,1
TCGA-A6-2677-01B-02R-A277-07,0.33072839653115454,1
TCGA-25-2400-01A-01R-1569-13,-0.07523676177253796,0
TCGA-O2-A52S-01A-11R-A262-07,-0.04465534946428777,1
TCGA-09-2054-01A-01R-1568-13,-0.051276604367824524,1
TCGA-BC-A10Y-01A-11R-A131-07,-0.03652124247569832,1
TCGA-22-5481-01A-31R-1949-07,0.05423330465822877,1
TCGA-A2-A0D3-01A-11R-A115-07,-0.05287543666734837,1
TCGA-55-8505-01A-11R-2403-07,-0.060648705784899504,1
TCGA-CJ-4636-01A-02R-1325-07,-0.06854748060233777,1
TCGA-13-0797-01A-01R-1564-13,-0.06561636397711307,1
TCGA-AA-A03J-01A-21R-A16W-07,-0.025753899781561125,0
TCGA-VP-A872-01A-11R-A352-07,0.04730569461135612,1
TCGA-XR-A8TF-01A-11R-A36F-07,-0.03985222243801505,1
TCGA-EP-A2KA-01A-11R-A180-07,-0.008098004090407866,1
TCGA-25-1314-01A-01R-1565-13,-0.08202801330972248,1
TCGA-64-5778-01A-01R-1628-07,-0.04991150067091626,1
TCGA-04-1356-01A-01R-1569-13,-0.052923188064103295,1
TCGA-46-3766-01A-01R-0980-07,-0.012974342972279307,0
TCGA-78-7535-01A-11R-2066-07,-0.028701653941840762,1
TCGA-HZ-7919-01A-11R-2156-07,-0.33437691049120477,1
TCGA-DW-7841-01A-11R-A32Z-07,-0.1889091254107934,1
TCGA-AA-3538-01A-01R-0821-07,-0.1148861970367583,1
TCGA-ZG-A9L5-01A-12R-A41O-07,0.055293302808799856,0
TCGA-DD-A39Z-01A-11R-A213-07,-0.09569489937367473,1
TCGA-GM-A3NY-01A-11R-A21T-07,-0.008317616499067332,1
TCGA-S4-A8RO-01A-12R-A37L-07,-0.2031307616857114,1
TCGA-E2-A573-01A-11R-A29R-07,0.0013545233049569656,1
TCGA-G3-A3CG-01A-11R-A213-07,-0.1023855223004839,1
TCGA-PL-A8LZ-01A-31R-A36F-07,-0.0017670892704323227,1
TCGA-39-5011-01A-01R-1443-07,-0.0025248763702005184,1
TCGA-G3-AAV5-01A-11R-A37K-07,-0.09488140315811507,1
TCGA-A3-3313-01A-02R-1325-07,0.12583507160236088,0
TCGA-UZ-A9PR-01A-11R-A42S-07,-0.21211147040774345,1
TCGA-BQ-5887-01A-11R-1965-07,0.026335034459050503,1
TCGA-49-AARQ-01A-11R-A41B-07,0.02473290193042164,1
TCGA-AA-3488-01A-01R-1410-07,-0.05732062086176807,1
TCGA-S3-AA0Z-01A-11R-A41B-07,0.00404257897556436,0
TCGA-FB-A78T-01A-12R-A32O-07,-0.32610257621106037,1
TCGA-09-1659-01B-01R-1564-13,-0.0955965085866478,1
TCGA-55-8096-01A-11R-2241-07,-0.08192810177166633,1
TCGA-DD-AACQ-01A-11R-A41C-07,-0.05418195084358369,1
TCGA-CC-5260-01A-01R-A131-07,0.30781598918928543,1
TCGA-E2-A14S-01A-11R-A12D-07,-0.03541961443333668,1
TCGA-B6-A0WT-01A-11R-A109-07,-0.053834514733405336,1
TCGA-BQ-7048-01A-11R-1965-07,-0.11154870249263399,0
TCGA-56-A62T-01A-11R-A405-07,-0.06844485250557722,0
TCGA-EB-A3XD-01A-22R-A239-07,-0.5406641224848625,1
TCGA-DD-AACZ-01A-11R-A41C-07,0.026060922073402288,1
TCGA-CC-A1HT-01A-11R-A131-07,0.15934239449858975,1
TCGA-B2-5633-01A-01R-1541-07,-0.07829775494689425,0
TCGA-D5-5541-01A-01R-1653-07,-0.07683219289428311,1
TCGA-BC-A217-01A-11R-A155-07,-0.027842424844024456,1
TCGA-E2-A106-01A-11R-A10J-07,-0.024017875281385933,0
TCGA-A2-A0D4-01A-11R-A00Z-07,-0.03381379468512211,1
TCGA-BP-4768-01A-01R-1289-07,-0.024687723721655633,1
TCGA-HC-7750-01A-11R-2118-07,-0.10922959228690722,1
TCGA-C8-A1HI-01A-11R-A137-07,-0.03710006425412791,1
TCGA-64-5815-01A-01R-1628-07,-0.06820007254034434,1
TCGA-EW-A1P5-01A-11R-A144-07,-0.03333239454093894,1
TCGA-DD-AADK-01A-11R-A41C-07,-0.0751667469898311,1
TCGA-BP-4174-01A-02R-1289-07,0.02238536663760037,1
TCGA-22-5482-01A-01R-1635-07,-0.09586966277085658,1
TCGA-CA-5256-01A-01R-1410-07,-0.027042416074831658,0
TCGA-36-1571-01A-01R-1566-13,-0.053230417650088416,1
TCGA-13-0714-01A-01R-1564-13,-0.09387161249042127,0
TCGA-97-8172-01A-11R-2287-07,-0.08920444004809112,1
TCGA-ZG-A9L9-01A-11R-A41O-07,0.028077063079946,1
TCGA-E2-A159-01A-11R-A115-07,-0.017549912755078948,1
TCGA-BP-5187-01A-01R-1426-07,-0.06458602805979093,1
TCGA-DZ-6132-01A-11R-1965-07,-0.08360405891293801,1
TCGA-A6-6649-01A-11R-1774-07,-0.012486625205239446,1
TCGA-60-2722-01A-01R-0851-07,-0.06554638156863418,0
TCGA-24-2033-01A-01R-1568-13,-0.1054840483988555,1
TCGA-CH-5739-01A-11R-1580-07,-0.05728601842558665,0
TCGA-EJ-A6RC-01A-11R-A32O-07,-0.10703122044296041,1
TCGA-V5-AASW-01A-11R-A406-31,-0.31633237540663645,0
TCGA-86-8280-01A-11R-2287-07,-0.11800285789783696,0
TCGA-73-7499-01A-11R-2187-07,-0.051331450207765014,1
TCGA-DM-A1DA-01A-11R-A155-07,-0.06595826990608399,1
TCGA-ED-A7XO-01A-11R-A352-07,-0.07697088086382073,1
TCGA-35-4123-01A-01R-1107-07,-0.056133578417567526,0
TCGA-CJ-4639-01A-02R-1325-07,-0.0912261625195222,1
TCGA-35-4122-01A-01R-1107-07,-0.00390951345279592,0
TCGA-AC-A7VC-01A-11R-A352-07,0.05698988558142708,0
TCGA-A8-A08X-01A-21R-A00Z-07,-0.02753252821229194,0
TCGA-XK-AAIR-01A-11R-A41O-07,-0.1088356581584299,1
TCGA-BH-A0B3-01A-11R-A056-07,-0.005551613651872251,1
TCGA-BH-A1EV-01A-11R-A137-07,-0.035198765243709816,1
TCGA-AA-3982-01A-02R-1022-07,-0.10843319152861025,1
TCGA-86-6562-01A-11R-1755-07,-0.09300529499528305,1
TCGA-EJ-5496-01A-01R-1580-07,-0.08018905054957892,1
TCGA-B6-A400-01A-11R-A239-07,0.009743652812606616,0
TCGA-BF-A5ES-01A-11R-A27Q-07,-0.713094401577258,1
TCGA-F4-6854-01A-11R-1928-07,-0.10490843401827579,1
TCGA-10-0938-01A-02R-1564-13,-0.04785268127239486,0
TCGA-D8-A1XW-01A-11R-A14M-07,-0.005507272396252819,1
TCGA-55-8089-01A-11R-2241-07,-0.07791346030782201,1
TCGA-43-3920-01A-01R-0980-07,-0.012523517509011671,0
TCGA-AA-3660-01A-01R-1723-07,-0.09803569756931368,1
TCGA-24-0970-01B-01R-1565-13,-0.07929996295737461,0
TCGA-24-2298-01A-01R-1569-13,-0.03709376017559138,1
TCGA-EJ-A46G-01A-31R-A26U-07,0.012096629893232418,0
TCGA-A8-A093-01A-11R-A00Z-07,-0.05397965122131689,1
TCGA-A7-A26I-01B-06R-A22O-07,0.03337127420958647,1
TCGA-24-1842-01A-01R-1567-13,-0.0468384466387468,1
TCGA-LB-A8F3-01A-11R-A36G-07,-0.14253352401091876,1
TCGA-95-7567-01A-11R-2066-07,-0.08983621821472287,1
TCGA-BH-A0EE-01A-11R-A034-07,0.012156007576864261,1
TCGA-55-7911-01A-11R-2170-07,-0.09146200545489488,1
TCGA-B2-5641-01A-01R-1541-07,-0.05655234097149117,0
TCGA-CH-5790-01A-11R-1580-07,-0.05037919181303493,1
TCGA-90-7766-01A-21R-2125-07,-0.0674244852544623,1
TCGA-AA-3818-01A-01R-0905-07,-0.1283034803821379,0
TCGA-NC-A5HL-01A-11R-A26W-07,-0.049806156123182614,1
TCGA-23-1120-01A-02R-1565-13,-0.08274870917699795,1
TCGA-A8-A06N-01A-11R-A00Z-07,-0.013923232511556985,0
TCGA-24-1427-01A-01R-1565-13,-0.07431323710130609,1
TCGA-DM-A285-01A-11R-A16W-07,-0.06463902533616488,0
TCGA-B6-A0RP-01A-21R-A084-07,-0.05366376727665229,1
TCGA-77-8130-01A-11R-2247-07,-0.014623997361060861,1
TCGA-85-7843-01A-11R-2125-07,-0.08321424224151495,0
TCGA-22-1002-01A-01R-0692-07,-0.07003975075919146,1
TCGA-L5-A4OU-01A-11R-A28J-31,-0.25405301006086367,1
TCGA-44-3918-01B-02R-A277-07,0.017521042495874058,1
TCGA-EJ-5503-01A-01R-1580-07,-0.09000827502318069,1
TCGA-B9-4113-01A-01R-1193-07,-0.16334976235308174,1
TCGA-55-6642-01A-11R-1858-07,-0.0804962879359404,1
TCGA-22-4604-01A-01R-1201-07,-0.08968516686691536,1
TCGA-69-8253-01A-11R-2287-07,-0.09911985037584745,0
TCGA-43-A475-01A-11R-A24H-07,-0.047037820893168596,1
TCGA-13-0893-01B-01R-1565-13,-0.07516428131541752,1
TCGA-ZG-A9MC-01A-31R-A41O-07,0.07254605336741735,1
TCGA-FB-AAQ3-01A-11R-A41B-07,-0.1284922399756497,0
TCGA-30-1861-01A-01R-1568-13,-0.050732380163807454,1
TCGA-A8-A0A4-01A-11R-A00Z-07,-0.035771557028211665,1
TCGA-V1-A9ZI-01A-11R-A41O-07,0.003576691583378799,1
TCGA-AA-A01S-01A-21R-A083-07,-0.034996598440961126,1
TCGA-J4-A6G1-01A-11R-A311-07,-0.007385693820136434,1
TCGA-DD-AAD5-01A-11R-A41C-07,0.07713658615681987,0
TCGA-44-7661-01A-11R-2066-07,-0.0849256169780425,1
TCGA-FV-A23B-01A-11R-A16W-07,-0.034510824960335064,1
TCGA-E2-A1B1-01A-21R-A12P-07,-0.033813822426338645,1
TCGA-EJ-A65D-01A-11R-A30B-07,0.07730893984113686,1
TCGA-CA-5796-01A-01R-1653-07,0.00011809680694426435,1
TCGA-AY-6196-01A-11R-1723-07,0.25701193534804834,1
TCGA-KK-A6E2-01A-11R-A311-07,-0.06832371916986658,1
TCGA-05-4384-01A-01R-1755-07,-0.11093956548127089,1
TCGA-D8-A1XD-01A-11R-A14D-07,-0.03245182911547652,1
TCGA-T1-A6J8-01A-11R-A32O-07,-0.08976915666673128,0
TCGA-A2-A0SU-01A-11R-A084-07,-0.04053720382300156,1
TCGA-62-A46R-01A-11R-A24H-07,-0.08816275234960907,1
TCGA-2J-AAB1-01A-11R-A41B-07,-0.37556764150099275,1
TCGA-61-2102-01A-01R-1568-13,0.047354290341372125,1
TCGA-BQ-5891-01A-11R-1592-07,-0.04423050330815493,1
TCGA-78-7160-01A-11R-2039-07,-0.08500023831180938,1
TCGA-AZ-4614-01A-01R-1410-07,-0.009738174002285372,0
TCGA-CM-6676-01A-11R-1839-07,-0.0647323643122243,1
TCGA-LN-A49W-01A-11R-A260-31,-0.2617694604720663,1
TCGA-A2-A0EY-01A-11R-A034-07,-0.03022841142787282,1
TCGA-CJ-4869-01A-02R-1426-07,-0.006396052220187645,1
TCGA-F2-A8YN-01A-11R-A37L-07,-0.3269845896386367,1
TCGA-EW-A6SC-01A-12R-A32P-07,-0.04646232699266097,1
TCGA-77-A5G1-01A-11R-A27Q-07,-0.023091775625959196,1
TCGA-V1-A9ZR-01A-11R-A41O-07,-0.019894570794024704,1
TCGA-KK-A8I9-01A-11R-A36G-07,-0.037257602290658276,0
TCGA-CC-A3MB-01A-11R-A213-07,-0.05168939105774198,1
TCGA-B2-5635-01A-01R-1541-07,-0.08082583805966592,1
TCGA-AA-3662-01A-01R-1723-07,-0.05821985033710184,1
TCGA-S3-AA15-01A-11R-A41B-07,0.008100279585327524,1
TCGA-B8-4154-01A-01R-1188-07,0.009282747301131452,1
TCGA-43-A474-01A-11R-A24H-07,-0.07811451844151733,1
TCGA-13-0800-01A-01R-1564-13,-0.07769980272330271,1
TCGA-L9-A50W-01A-12R-A39D-07,-0.0644683685121383,1
TCGA-B6-A1KF-01A-11R-A13Q-07,-0.014493724812714397,0
TCGA-22-1011-01A-01R-0692-07,-0.07952878319016572,1
TCGA-AA-3833-01A-01R-0905-07,-0.052090061691560656,1
TCGA-22-4605-01A-21R-2125-07,-0.09461112847018449,1
TCGA-52-7810-01A-11R-2125-07,-0.02872554892502875,1
TCGA-64-1678-01A-01R-0946-07,0.0421212006786108,1
TCGA-IB-7645-01A-22R-2204-07,-0.30608238641147417,1
TCGA-A2-A0EP-01A-52R-A22U-07,0.0076076079996353465,1
TCGA-AA-A00Z-01A-01R-A002-07,-0.08128733669885087,1
TCGA-E2-A9RU-01A-11R-A41B-07,0.010427740793950237,0
TCGA-BP-5184-01A-01R-1426-07,-0.08998084102843255,1
TCGA-73-4670-01A-01R-1206-07,-0.04466298164807593,1
TCGA-AA-3679-01A-02R-0905-07,-0.07706510300446832,1
TCGA-CM-5348-01A-21R-1723-07,0.11430815396118106,1
TCGA-2A-A8W3-01A-11R-A37L-07,-0.06728769096309067,0
TCGA-MH-A857-01A-11R-A355-07,0.023833501315744254,1
TCGA-E2-A1LG-01A-21R-A14M-07,0.0174106124085213,0
TCGA-05-4418-01A-01R-1206-07,-0.04540987687766036,1
TCGA-83-5908-01A-21R-2287-07,-0.06913093011313795,0
TCGA-G3-A5SJ-01A-11R-A27V-07,0.04120380736009252,1
TCGA-13-0901-01B-01R-1565-13,-0.01970755378043429,1
TCGA-B0-5088-01A-01R-1334-07,-0.04740397700188169,1
TCGA-AR-A0TU-01A-31R-A109-07,0.005367906012164234,0
TCGA-29-1770-01A-01R-1567-13,-0.06021206319009635,1
TCGA-AA-3855-01A-01R-1022-07,-0.11272391876541127,1
TCGA-B0-5402-01A-01R-1503-07,-0.04406661669984212,1
TCGA-DD-AACD-01A-11R-A41C-07,-0.08397732340256839,1
TCGA-UB-A7MB-01A-11R-A33R-07,-0.013109212420425785,0
TCGA-J9-A52B-01A-11R-A26U-07,0.011228016618789867,1
TCGA-13-0908-01B-01R-1565-13,-0.049696294382790746,1
TCGA-AS-3777-01A-01R-0864-07,0.2088799260501928,0
TCGA-L5-A8NU-01A-11R-A36D-31,-0.14432809375962097,1
TCGA-BH-A0W5-01A-11R-A109-07,-0.04941984991470675,1
TCGA-L5-A4OE-01A-11R-A260-31,-0.3001778193102024,1
TCGA-29-1705-01A-01R-1567-13,-0.09340305053577846,1
TCGA-AA-A024-01A-02R-A00A-07,-0.02621526610778001,1
TCGA-13-0799-01A-01R-1564-13,-0.07117108310697427,1
TCGA-AR-A24L-01A-11R-A169-07,-0.046880843578886514,1
TCGA-CZ-5463-01A-01R-1503-07,-0.0173791664246256,1
TCGA-G7-A4TM-01A-11R-A31O-07,-0.21895216453177935,1
TCGA-5P-A9KH-01A-11R-A42S-07,0.18185347591874332,1
TCGA-E9-A249-01A-11R-A169-07,-0.04702094097983727,1
TCGA-J2-A4AD-01A-11R-A24H-07,-0.08127901807798386,1
TCGA-BP-4961-01A-01R-1334-07,-0.0835054966950882,1
TCGA-DD-AADB-01A-11R-A41C-07,0.006445343829669901,1
TCGA-B6-A0X4-01A-11R-A109-07,-0.02704126393063253,0
TCGA-80-5611-01A-01R-1628-07,-0.04329180689232307,1
TCGA-A8-A06O-01A-11R-A00Z-07,-0.03878517374488188,1
TCGA-B0-4690-01A-01R-1277-07,0.04744739398788454,1
TCGA-A8-A07C-01A-11R-A034-07,0.0037041423620722326,1
TCGA-23-1032-01A-02R-1564-13,-0.07469898172851439,1
TCGA-CM-6167-01A-11R-1653-07,0.14183573301768426,1
TCGA-D8-A142-01A-11R-A115-07,-0.008345650219050586,1
TCGA-A3-A8OV-01A-11R-A37O-07,-0.001646816405365607,1
TCGA-A8-A094-01A-11R-A00Z-07,-0.017580976429899395,0
TCGA-HC-A8D0-01A-11R-A36G-07,-0.07743512490339124,1
TCGA-M9-A5M8-01A-11R-A28J-31,-0.29274917205143347,1
TCGA-DD-AACS-01A-11R-A41C-07,-0.04008990097177306,1
TCGA-22-4593-01A-21R-1820-07,-0.06979132638803383,0
TCGA-E9-A1RB-01A-11R-A157-07,-0.024124440191878375,1
TCGA-86-A456-01A-11R-A24H-07,-0.10675102086236785,0
TCGA-AR-A24H-01A-11R-A169-07,-0.029133778799702616,1
TCGA-OL-A5D7-01A-11R-A27Q-07,0.03736515453346911,0
TCGA-85-A511-01A-21R-A262-07,-0.10830454953993898,0
TCGA-49-AAR9-01A-21R-A41B-07,-0.018503971888408525,0
TCGA-13-1496-01A-01R-1565-13,-0.042879935183665084,0
TCGA-60-2695-01A-01R-0851-07,-0.019642328143635195,0
TCGA-YL-A8SH-01B-11R-A37L-07,-0.11284956596738092,1
TCGA-23-1026-01B-01R-1569-13,-0.10502885769776737,0
TCGA-AA-3684-01A-02R-0905-07,0.06489274828084256,1
TCGA-97-8174-01A-11R-2287-07,-0.0705674982841452,1
TCGA-A3-3308-01A-02R-1325-07,-0.04183962207115363,1
TCGA-DD-A3A4-01A-11R-A22L-07,-0.05049075917792342,1
TCGA-AR-A2LO-01A-31R-A18M-07,-0.04580299480575945,0
TCGA-64-1679-01A-21R-2066-07,-0.05782557214665519,1
TCGA-56-8623-01A-11R-A28V-07,0.13441175623291882,1
TCGA-69-A59K-01A-11R-A262-07,-0.045497879512634634,0
TCGA-13-0766-01A-02R-1564-13,-0.0477491972389033,1
TCGA-61-2016-01A-01R-1568-13,-0.07814106383577947,1
TCGA-XV-AAZV-01A-11R-A40A-07,-0.4838150461935494,1
TCGA-AA-A01Q-01A-01R-A002-07,-0.04365903321372852,1
TCGA-A2-A25C-01A-11R-A169-07,-0.04002483590196592,1
TCGA-24-1849-01A-01R-1567-13,-0.0452343892736925,1
TCGA-LL-A5YM-01A-11R-A28M-07,0.04946258715210662,1
TCGA-23-2081-01A-01R-1568-13,-0.08603807812522908,1
TCGA-BP-4975-01A-01R-1334-07,-0.08616684017192296,1
TCGA-B8-5165-01A-01R-1420-07,-0.08520954167996483,0
TCGA-SX-A7SR-01A-12R-A36F-07,-0.23016632087352124,1
TCGA-AR-A24M-01A-11R-A169-07,-0.0420873545673991,1
TCGA-LL-A6FR-01A-12R-A31O-07,0.04196125820039652,1
TCGA-IB-A5SS-01A-11R-A32O-07,-0.29912019535296563,1
TCGA-EJ-AB27-01A-11R-A41O-07,-0.13002148840026476,1
TCGA-37-3789-01A-01R-0980-07,-0.05047959202149454,1
TCGA-AA-A01F-01A-01R-A002-07,-0.07976212532565828,1
TCGA-VR-A8EY-01A-11R-A36D-31,-0.22062455413614518,1
TCGA-CK-5913-01A-11R-1653-07,-0.07277362191916269,0
TCGA-A3-3319-01A-02R-1325-07,0.040416948495676334,0
TCGA-77-8007-01A-11R-2187-07,-0.0020701457027767225,0
TCGA-24-1434-01A-01R-1566-13,-0.03614111464976123,1
TCGA-L5-A4OQ-01A-11R-A260-31,-0.21466029957163915,1
TCGA-IG-A3YC-01A-11R-A24K-31,-0.2461064829903607,1
TCGA-BH-A0DV-01A-21R-A12P-07,-0.03198791578618671,1
TCGA-C8-A12N-01A-11R-A115-07,-0.045297582982645995,1
TCGA-KC-A7F6-01A-11R-A33R-07,-0.08639124768539132,1
TCGA-DM-A28E-01A-11R-A32Y-07,-0.11356863079126382,0
TCGA-85-8048-01A-11R-2247-07,-0.05742100660297228,1
TCGA-55-8614-01A-11R-2403-07,-0.026398100319287295,1
TCGA-L5-A4OH-01A-11R-A260-31,-0.2677342597210548,0
TCGA-AO-A0JJ-01A-11R-A056-07,-0.04637536052896349,1
TCGA-DM-A282-01A-12R-A16W-07,-0.06552670803650437,1
TCGA-64-5775-01A-01R-1628-07,0.0516422168707649,1
TCGA-EJ-5511-01A-01R-1580-07,-0.030276241496133647,1
TCGA-E2-A1LE-01A-12R-A19W-07,-0.0022266892771165684,1
TCGA-E9-A1NH-01A-11R-A14D-07,-0.05882687913699126,0
TCGA-55-8302-01A-11R-2326-07,-0.07230610378288795,1
TCGA-O2-A52N-01A-11R-A26W-07,-0.0448221228158057,0
TCGA-AA-3495-01A-01R-1410-07,-0.10527295406417862,1
TCGA-A7-A13H-01A-11R-A22K-07,-0.04295302896855681,0
TCGA-JY-A6FE-01A-11R-A336-31,-0.0707981240696726,1
TCGA-HC-7210-01A-11R-2118-07,-0.010713772106531044,1
TCGA-L5-A88T-01A-11R-A354-31,-0.25184977806860914,0
TCGA-BP-4998-01A-01R-1334-07,-0.06921078414307837,1
TCGA-S3-A6ZG-01A-22R-A32P-07,-0.04104830256012709,1
TCGA-B0-5692-01A-11R-1541-07,-0.024434798702099064,1
TCGA-ZG-A8QY-01A-11R-A37L-07,-0.07998838213381781,1
TCGA-A1-A0SG-01A-11R-A144-07,-0.04841327136065436,0
TCGA-64-5774-01A-01R-1628-07,-0.052547720447944465,1
TCGA-L5-A8NM-01A-11R-A37I-31,-0.2590945229911637,1
TCGA-AO-A12D-01A-11R-A115-07,-0.03008124400137741,1
TCGA-39-5024-01A-21R-1820-07,-0.06277456337630571,1
TCGA-AA-A01K-01A-01R-A00A-07,-0.08088514627857904,0
TCGA-AA-3973-01A-01R-1022-07,-0.012633984928945817,1
TCGA-22-5485-01A-01R-1635-07,-0.07807793074486356,1
TCGA-50-5941-01A-11R-1755-07,-0.11652837899449359,0
TCGA-C8-A12K-01A-21R-A115-07,0.003919988689061263,1
TCGA-MH-A55Z-01A-11R-A26U-07,-0.22970843297905547,1
TCGA-BH-A0H3-01A-11R-A12P-07,-0.053834087031573746,1
TCGA-CJ-4890-01A-01R-1305-07,-0.035169393303528584,0
TCGA-85-8072-01A-31R-2247-07,-0.06735305390498804,0
TCGA-5M-AATA-01A-31R-A41B-07,-0.0693402607942378,0
TCGA-C8-A1HK-01A-21R-A13Q-07,-0.019441585979100534,1
TCGA-AN-A0XP-01A-11R-A109-07,-0.05348187546768632,1
TCGA-39-5028-01A-01R-1443-07,-0.0395974388708704,0
TCGA-ZG-A9L6-01A-11R-A41O-07,-0.08443776990569397,1
TCGA-AO-A03V-01A-11R-A115-07,-0.03240599417523863,1
TCGA-CJ-4895-01A-01R-1305-07,-0.06485116299420364,1
TCGA-BC-A10T-01A-11R-A131-07,-0.05924953940158099,0
TCGA-AR-A24K-01A-11R-A169-07,-0.04160603832936991,0
TCGA-A8-A06Z-01A-11R-A00Z-07,-0.014748882750744808,1
TCGA-A6-6654-01A-21R-1839-07,0.018936082863431486,1
TCGA-G9-6373-01A-11R-1789-07,-0.0432111362517213,1
TCGA-DD-A116-01A-11R-A131-07,-0.08666312267495023,0
TCGA-VR-A8EQ-01A-11R-A36D-31,-0.14318019840248003,1
TCGA-R6-A6L6-01B-11R-A336-31,-0.16015268914151357,1
TCGA-55-A493-01A-11R-A24H-07,-0.04436737008060577,1
TCGA-ES-A2HS-01A-11R-A180-07,-0.07951194118085478,1
TCGA-KK-A8I8-01A-11R-A36G-07,-0.051272527528880105,1
TCGA-L5-A4OI-01A-11R-A36D-31,-0.23654704572945504,1
TCGA-43-6143-01A-11R-1820-07,-0.017718835650353666,1
TCGA-HC-7080-01A-11R-1965-07,-0.07545156677134057,1
TCGA-FV-A4ZQ-01A-11R-A266-07,-0.001880319872004533,0
TCGA-A3-3374-01A-02R-1325-07,0.22084679437373042,0
TCGA-IG-A3QL-01A-11R-A24K-31,-0.2235273816320819,0
TCGA-PL-A8LV-01A-21R-A41B-07,0.013767600572068963,1
TCGA-HC-A9TE-01A-11R-A41O-07,0.06273725319911433,1
TCGA-G4-6321-01A-11R-1723-07,0.15814640294778515,1
TCGA-23-1030-01A-02R-1564-13,-0.11496745784728159,1
TCGA-FB-AAQ2-01A-31R-A41B-07,-0.17214337181378134,1
TCGA-A2-A0CY-01A-12R-A034-07,0.028938254966656512,1
TCGA-AN-A046-01A-21R-A034-07,-0.0406557800323995,1
TCGA-BH-A0B4-01A-11R-A00Z-07,-0.03503129057293713,1
TCGA-24-0982-01A-01R-1565-13,-0.11784057670542242,1
TCGA-AR-A0TY-01A-12R-A115-07,-0.013688244038473144,0
TCGA-WS-AB45-01A-11R-A41B-07,0.2394132751905612,0
TCGA-37-4135-01A-01R-1100-07,0.09570841526213206,1
TCGA-EW-A1P0-01A-11R-A144-07,-0.03057913837136859,1
TCGA-A2-A04Y-01A-21R-A034-07,-0.028871520511248548,1
TCGA-ZP-A9D4-01A-11R-A37K-07,-0.06636982148539482,1
TCGA-AC-A23H-01A-11R-A157-07,-0.026555214788311042,1
TCGA-A8-A07G-01A-11R-A034-07,-0.04972301232687183,0
TCGA-63-A5MT-01A-21R-A26W-07,-0.05629870504863909,1
TCGA-05-5428-01A-01R-1628-07,-0.019993445937157572,1
TCGA-V1-A9OQ-01A-11R-A41O-07,-0.07568533715004692,1
TCGA-CZ-5454-01A-01R-1503-07,-0.039972779809521554,0
TCGA-2J-AABK-01A-31R-A41B-07,-0.31101334679471376,1
TCGA-L5-A893-01A-11R-A36D-31,-0.2629938964737379,1
TCGA-CW-5587-01A-01R-1541-07,-0.063292943637017,1
TCGA-CH-5766-01A-11R-1580-07,-0.04823359726467611,0
TCGA-E9-A1NI-01A-11R-A14D-07,-0.0398459526756257,1
TCGA-46-3767-01A-01R-0980-07,-0.07806924820471127,0
TCGA-85-7710-01A-11R-2125-07,-0.0610995833606418,1
TCGA-A2-A1G1-01A-21R-A13Q-07,0.009111475686163571,1
TCGA-AZ-6603-01A-11R-1839-07,-0.11304958501874508,1
TCGA-BP-5180-01A-01R-1426-07,-0.001417301128348888,1
TCGA-HC-7213-01A-11R-2118-07,0.011664211317961765,1
TCGA-BP-4354-01A-02R-1289-07,0.04493037064767505,0
TCGA-E2-A14W-01A-11R-A12D-07,-0.023965623462129975,1
TCGA-L9-A444-01A-21R-A24H-07,-0.08789923500206526,1
TCGA-86-7713-01A-11R-2066-07,-0.049729426820092786,1
TCGA-MP-A4TJ-01A-51R-A262-07,-0.09153902156041782,1
TCGA-B9-A5W8-01A-11R-A28H-07,-0.15288973182769747,1
TCGA-BH-A0DE-01A-11R-A115-07,-0.04727611169727351,0
TCGA-BP-4349-01A-01R-1289-07,-0.06895683133187078,1
TCGA-LL-A8F5-01A-11R-A36F-07,0.037504981772905024,1
TCGA-95-A4VK-01A-11R-A262-07,-0.08431347270627909,1
TCGA-HC-A9TH-01A-11R-A41O-07,-0.04675907128276896,1
TCGA-CM-4743-01A-01R-1723-07,0.018418483895318697,1
TCGA-13-1499-01A-01R-1565-13,-0.07387015542327123,1
TCGA-43-7656-01A-11R-2125-07,-0.041563550227886194,1
TCGA-66-2786-01A-01R-0851-07,-0.07378803284339847,1
TCGA-44-7671-01A-11R-2066-07,-0.08569940942120227,0
TCGA-D5-6535-01A-11R-1723-07,-0.05261551708346327,1
TCGA-A3-3378-01A-02R-1325-07,-0.013366463551025045,1
TCGA-KR-A7K8-01A-11R-A33J-07,-0.05407776278795928,1
TCGA-B6-A0IG-01A-11R-A034-07,-0.024670201882310994,1
TCGA-05-5423-01A-01R-1628-07,-0.05271139896501143,1
TCGA-24-2020-01A-01R-1567-13,0.004266308530069001,0
TCGA-EJ-5532-01A-01R-1580-07,-0.0707146443516318,1
TCGA-LN-A7HX-01A-11R-A336-31,-0.31721182594845376,1
TCGA-24-1418-01A-01R-1565-13,-0.08811034442407134,1
TCGA-A6-6648-01A-11R-1774-07,-0.040231944871458175,1
TCGA-AO-A12F-01A-11R-A115-07,0.0032471828439047416,1
TCGA-DD-A1EL-01A-11R-A155-07,-0.011460448200471575,1
TCGA-F2-6880-01A-11R-2156-07,-0.024987130796120572,1
TCGA-IB-AAUW-01A-12R-A38C-07,-0.36814180738039975,1
TCGA-EB-A4OZ-01A-12R-A266-07,-0.585592544523336,1
TCGA-CJ-4878-01A-01R-1305-07,0.00907315555253947,1
TCGA-4R-AA8I-01A-11R-A38B-07,-0.06994288800301403,1
TCGA-CZ-4853-01A-01R-1426-07,-0.06422000053215494,1
TCGA-DD-A4NN-01A-11R-A28V-07,0.03589626839236704,1
TCGA-21-5782-01A-01R-1635-07,-0.05719033749550843,1
TCGA-85-A513-01A-12R-A26W-07,0.10970638639639714,0
TCGA-29-1761-01A-01R-1567-13,-0.025969111826491077,1
TCGA-G7-6792-01A-21R-1965-07,-0.1266501344970444,0
TCGA-NC-A5HQ-01A-11R-A26W-07,-0.05118608606350951,1
TCGA-B1-A47O-01A-11R-A24Z-07,-0.11200775919795883,1
TCGA-AR-A252-01A-11R-A169-07,-0.029911671292678937,1
TCGA-BH-A18S-01A-11R-A12D-07,-0.04678096312850808,1
TCGA-LQ-A4E4-01A-11R-A266-07,-0.025763684423414895,1
TCGA-3A-A9IV-01A-11R-A41B-07,0.10325235181400148,1
TCGA-WN-A9G9-01A-12R-A37K-07,0.08165346182462285,1
TCGA-BH-A18F-01A-11R-A12D-07,-0.04856526593843416,1
TCGA-13-0883-01A-02R-1569-13,-0.03000260175591034,0
TCGA-55-7576-01A-11R-2066-07,-0.10821106787509242,0
TCGA-44-A4SS-01A-11R-A24X-07,-0.06263504731914364,1
TCGA-AD-A5EJ-01A-11R-A28H-07,-0.08059527130928819,1
TCGA-E9-A5FL-01A-11R-A27Q-07,0.07199811425881633,1
TCGA-J4-A67L-01A-11R-A30B-07,0.0374257839797257,1
TCGA-23-1113-01A-01R-1564-13,-0.10192725214804917,1
TCGA-55-6543-01A-11R-1755-07,-0.10043797790770705,0
TCGA-BP-4334-01A-01R-1289-07,0.2884174809955019,1
TCGA-E2-A1L6-01A-11R-A13Q-07,-0.05368853674870631,1
TCGA-D8-A27W-01A-11R-A16F-07,-0.029783571357435226,1
TCGA-B6-A0WS-01A-11R-A115-07,-0.055224556240664954,0
TCGA-B3-8121-01A-21R-2404-07,-0.13489826772635707,1
TCGA-D8-A1JK-01A-11R-A13Q-07,0.002741688313561926,1
TCGA-A2-A04N-01A-11R-A115-07,-0.054106403037630584,1
TCGA-P4-A5E6-01A-11R-A28H-07,-0.17359509116206212,1
TCGA-PJ-A5Z9-01A-11R-A28H-07,-0.21949324157130268,1
TCGA-LN-A7HV-01A-21R-A354-31,-0.18867554754668064,1
TCGA-22-0944-01A-01R-0692-07,-0.07496206087086495,1
TCGA-AN-A0FK-01A-11R-A034-07,-0.023225155914573775,1
TCGA-BF-AAOU-01A-12R-A39D-07,-0.5107088711074637,1
TCGA-HN-A2NL-01A-11R-A18M-07,0.03970410111142002,1
TCGA-FR-A2OS-01A-11R-A21D-07,-0.5192350123036065,1
TCGA-CW-6093-01A-11R-1672-07,-0.04793228918734701,1
TCGA-DD-A73F-01A-11R-A32O-07,-0.07519651643266895,1
TCGA-WQ-A9G7-01A-11R-A37K-07,0.09099805121074817,1
TCGA-37-3783-01A-01R-1201-07,0.0027478477969405386,1
TCGA-61-1995-01A-01R-1568-13,-0.06689129262699402,1
TCGA-DD-AAD2-01A-11R-A41C-07,-0.06917112663888962,1
TCGA-24-1616-01A-01R-1566-13,-0.07393128926980685,1
TCGA-B2-3923-01B-10R-A277-07,0.2874217155329537,1
TCGA-31-1950-01A-01R-1568-13,-0.05939657181305394,1
TCGA-FC-A5OB-01A-11R-A29R-07,0.06299623194880682,1
TCGA-LN-A49X-01A-31R-A260-31,-0.3378390682931667,1
TCGA-UU-A93S-01A-21R-A41B-07,0.024329276935966627,1
TCGA-34-5240-01A-01R-1443-07,-0.03607509711163609,1
TCGA-L5-A43C-01A-11R-A24K-31,-0.20280137480106492,1
TCGA-46-3765-01A-01R-0980-07,-0.09643223407031432,0
TCGA-B0-4844-01A-01R-1277-07,0.034979940686646616,1
TCGA-21-1080-01A-01R-0692-07,-0.03960370808658073,1
TCGA-13-0920-01A-01R-1564-13,-0.07659498704076688,1
TCGA-F9-A8NY-01A-11R-A36F-07,-0.05376797617839671,1
TCGA-LL-A740-01A-21R-A32P-07,0.0002655499015481071,1
TCGA-BF-AAP4-01A-11R-A40A-07,-0.6284691361701779,1
TCGA-XR-A8TD-01A-12R-A39D-07,-0.021348145588270105,1
TCGA-33-4538-01A-01R-1201-07,-0.09602463176151972,1
TCGA-LL-A9Q3-01A-11R-A41B-07,0.006086811048787885,1
TCGA-NJ-A4YF-01A-12R-A262-07,-0.01873486369394779,1
TCGA-MH-A560-01A-11R-A26U-07,-0.15229444370266473,1
TCGA-L5-A8NE-01A-11R-A37I-31,-0.17793950952130946,0
TCGA-04-1332-01A-01R-1564-13,-0.07436419475760146,1
TCGA-EJ-A7NG-01A-31R-A33R-07,-0.11322990454875562,0
TCGA-A8-A08J-01A-11R-A00Z-07,-0.03666606556124468,1
TCGA-AK-3456-01A-02R-1325-07,0.05102834457677389,1
TCGA-G7-A8LB-01A-11R-A36F-07,-0.12034651993464617,0
TCGA-B2-A4SR-01A-11R-A266-07,-0.06413800457870232,1
TCGA-62-8394-01A-11R-2326-07,-0.06749475634472676,1
TCGA-AZ-6608-01A-11R-1839-07,-0.0978222858946307,1
TCGA-Q3-AA2A-01A-11R-A37L-07,-0.29433728752617533,1
TCGA-B0-4694-01A-01R-1277-07,-0.025198880663154313,1
TCGA-AR-A24V-01A-21R-A169-07,-0.0512066591059409,0
TCGA-A2-A0EV-01A-11R-A034-07,-0.04897422938948843,1
TCGA-60-2714-01A-01R-0851-07,0.03870029526328279,0
TCGA-BP-4762-01A-02R-1289-07,-0.052759339060318565,1
TCGA-DD-AACG-01A-11R-A41C-07,-0.05196609568083721,1
TCGA-B0-5094-01A-01R-1420-07,-0.0017449899082248063,1
TCGA-AA-3556-01A-01R-0821-07,-0.04783361390822648,0
TCGA-2J-AABO-01A-21R-A41B-07,-0.3456514014983343,1
TCGA-B0-5400-01A-01R-1503-07,0.0737773104911246,0
TCGA-77-6845-01A-11R-1949-07,-0.07763986752867218,0
TCGA-D8-A141-01A-11R-A115-07,-0.0460902990805219,1
TCGA-55-A57B-01A-12R-A39D-07,-0.08954521689032131,1
TCGA-60-2712-01A-01R-0851-07,-0.05459633698762753,1
TCGA-A6-4105-01A-02R-1774-07,-0.08907598183183058,1
TCGA-XV-A9W5-01A-11R-A38C-07,-0.5668331472430925,1
TCGA-A6-5665-01B-03R-2302-07,0.27568397159901625,1
TCGA-E2-A1AZ-01A-11R-A12P-07,-0.01071803995092692,1
TCGA-55-7910-01A-11R-2170-07,-0.054200168116883836,1
TCGA-50-6673-01A-11R-1949-07,-0.07343191211209553,1
TCGA-BH-A0DL-01A-11R-A115-07,0.014436411272997671,1
TCGA-AU-6004-01A-11R-1723-07,-0.08460286717220405,1
TCGA-E2-A15I-01A-21R-A137-07,-0.048305946956384516,1
TCGA-G9-6369-01A-21R-1965-07,0.003175974250400655,0
TCGA-AA-3819-01A-01R-0905-07,-0.13315518436660473,0
TCGA-KK-A6E0-01A-11R-A311-07,-0.03906868958725789,0
TCGA-SX-A71W-01A-12R-A355-07,-0.24983522677849973,1
TCGA-AR-A0TS-01A-11R-A115-07,-0.01368397983535605,1
TCGA-E9-A5UP-01A-11R-A28M-07,-0.013165471611694696,0
TCGA-AQ-A0Y5-01A-11R-A14M-07,-0.039623410721401804,0
TCGA-BP-4807-01A-01R-1305-07,-0.06903123055582876,1
TCGA-CM-5860-01A-01R-1653-07,-0.0514813609621954,1
TCGA-BC-A5W4-01A-11R-A28V-07,-0.03867512454211284,1
TCGA-B0-4821-01A-01R-1503-07,0.1718831603253542,1
TCGA-UZ-A9PJ-01A-11R-A38C-07,-0.2235423811762519,0
TCGA-DD-AACC-01A-11R-A41C-07,-0.06244155125418642,0
TCGA-CJ-4870-01A-01R-1305-07,-0.049058514232038886,1
TCGA-75-6207-01A-11R-1755-07,-0.0297737279978017,1
TCGA-C8-A1HO-01A-11R-A13Q-07,-0.028051919834571733,1
TCGA-JY-A938-01A-11R-A37I-31,-0.20862928088773072,1
TCGA-04-1361-01A-01R-1565-13,-0.09435592503837328,1
TCGA-2Z-A9J8-01A-11R-A42S-07,-0.11662098821828826,1
TCGA-64-1677-01A-01R-0946-07,-0.04995353645779676,0
TCGA-AO-A0JE-01A-11R-A056-07,-0.026346137467458758,1
TCGA-IG-A4P3-01A-11R-A260-31,-0.3046365912635473,1
TCGA-05-4424-01A-22R-1858-07,-0.0690725763332236,0
TCGA-91-A4BD-01A-11R-A24H-07,-0.04671336742116733,1
TCGA-DD-AAVS-01A-11R-A41C-07,-0.05085322819753365,0
TCGA-18-3414-01A-01R-0980-07,-0.06573972140197262,1
TCGA-J4-A83I-01A-11R-A36G-07,-0.061081411254966675,1
TCGA-39-5035-01A-01R-1443-07,-0.04124758653264994,1
TCGA-AA-3544-01A-01R-1873-07,-0.040609086097756646,1
TCGA-FB-A7DR-01A-21R-A33R-07,-0.34306482759872703,1
TCGA-99-8032-01A-11R-2241-07,-0.0875106499418626,1
TCGA-95-7948-01A-11R-2187-07,-0.020501116178458092,0
TCGA-D8-A1XU-01A-11R-A14M-07,-0.04557624295946513,0
TCGA-2Z-A9J7-01A-11R-A38C-07,-0.1404619338490813,1
TCGA-13-A5FT-01A-11R-A406-31,-0.029384182633786553,1
TCGA-BP-4803-01A-01R-1305-07,-0.07584130912846733,1
TCGA-24-2271-01A-01R-1568-13,-0.0759819427639217,1
TCGA-DD-A39V-01A-11R-A213-07,-0.07912607074323201,0
TCGA-CM-6674-01A-11R-1839-07,-0.06557954271123692,1
TCGA-30-1855-01A-01R-1567-13,-0.08226201359263287,1
TCGA-2J-AABE-01A-12R-A41B-07,-0.38185191883842945,1
TCGA-ED-A82E-01A-11R-A352-07,0.1824225837058963,1
TCGA-56-7580-01A-11R-2045-07,-0.07614076844604324,1
TCGA-37-4130-01A-01R-1100-07,0.14184008542196405,1
TCGA-38-4626-01A-01R-1206-07,-0.09119575739983911,1
TCGA-CZ-4861-01A-01R-1305-07,-0.029320270721202857,1
TCGA-F4-6703-01A-11R-1839-07,0.08718390710686978,1
TCGA-61-2109-01A-01R-1568-13,-0.0853503867425741,1
TCGA-5M-AATE-01A-11R-A41B-07,-0.09983438453573372,1
TCGA-10-0931-01A-01R-1564-13,-0.06622077323573952,1
TCGA-UZ-A9PQ-01A-11R-A42S-07,-0.06554321716386441,1
TCGA-XC-AA0X-01A-32R-A405-07,-0.08329051290579922,1
TCGA-BH-A0C1-01B-11R-A12D-07,-0.04707584114874369,1
TCGA-09-1668-01B-01R-1566-13,-0.06365661226584281,1
TCGA-77-7338-01A-11R-2045-07,-0.09457541534068784,0
TCGA-61-2111-01A-01R-1568-13,-0.034292703560384,1
TCGA-AC-A8OS-01A-12R-A41B-07,-0.02553329203909035,1
TCGA-BF-A3DJ-01A-11R-A20F-07,-0.5177634892751298,1
TCGA-CJ-4893-01A-01R-1305-07,-0.0740140189281803,1
TCGA-DD-AADS-01A-11R-A41C-07,-0.0558814452247274,0
TCGA-61-2110-01A-01R-1568-13,-0.07783614296735614,1
TCGA-DD-A1EE-01A-11R-A131-07,-0.03895871217924014,1
TCGA-BH-A0BP-01A-11R-A115-07,-0.02844732415985252,1
TCGA-IG-A3I8-01A-11R-A24K-31,-0.30378656881825156,1
TCGA-86-A4D0-01A-11R-A24H-07,-0.01868844090205743,0
TCGA-22-1016-01A-01R-0692-07,-0.045630935732432154,1
TCGA-BH-A0DS-01A-11R-A056-07,-0.03986574367408259,1
TCGA-AR-A5QN-01A-12R-A28M-07,-0.04283286845524975,1
TCGA-CW-6088-01A-11R-1672-07,-0.07046552212172286,0
TCGA-AQ-A04L-01B-21R-A10J-07,-0.006358543093470154,1
TCGA-A7-A13D-01A-13R-A12P-07,0.008532379524545339,1
TCGA-A2-A0YJ-01A-11R-A109-07,0.02253533267563828,1
TCGA-04-1331-01A-01R-1569-13,-0.06251754515961262,1
TCGA-HZ-A8P1-01A-11R-A37L-07,-0.13524226458582247,1
TCGA-AR-A24R-01A-11R-A169-07,-0.038683689275219216,1
TCGA-36-1575-01A-01R-1566-13,-0.05341197563610134,0
TCGA-C8-A273-01A-11R-A16F-07,-0.0279005688445065,1
TCGA-DM-A1HB-01A-21R-A180-07,-0.06687626615042,0
TCGA-JL-A3YW-01A-12R-A239-07,0.01773952313931828,1
TCGA-13-1411-01A-01R-1565-13,-0.04527157572560828,1
TCGA-60-2710-01A-01R-0851-07,-0.08666530502873326,1
TCGA-BP-5009-01A-01R-1334-07,-0.07461833308088868,1
TCGA-T7-A92I-01A-11R-A37O-07,0.14529447231488982,1
TCGA-EB-A85I-01A-11R-A352-07,-0.6065254343296105,1
TCGA-F4-6460-01A-11R-1774-07,-0.033391497503296785,0
TCGA-B8-A54E-01A-11R-A266-07,0.2075045990858595,1
TCGA-60-2725-01A-01R-1201-07,-0.0877710426484583,1
TCGA-NC-A5HI-01A-11R-A26W-07,-0.044632943622145496,1
TCGA-BP-4965-01A-01R-1334-07,-0.08679957016723396,1
TCGA-BP-4756-01A-01R-1289-07,0.09878971026287496,1
TCGA-A8-A095-01A-11R-A00Z-07,-0.05617027808706511,1
TCGA-MM-A84U-01A-11R-A37O-07,-0.0004858048014905294,1
TCGA-HP-A5N0-01A-11R-A28V-07,-0.06188641655325417,1
TCGA-A4-7996-01A-11R-2204-07,-0.17439786588873915,1
TCGA-A2-A0EQ-01A-11R-A034-07,-0.02910885259894768,1
TCGA-A1-A0SK-01A-12R-A084-07,0.023453621800914395,1
TCGA-EJ-5505-01A-01R-1580-07,-0.08524944498712152,1
TCGA-43-5668-01A-01R-1635-07,0.06574653474973643,0
TCGA-EW-A2FV-01A-11R-A17B-07,-0.04728432738808005,0
TCGA-CZ-5456-01A-01R-1503-07,-0.002133555087969665,1
TCGA-C8-A12Y-01A-11R-A12D-07,-0.02623241191280984,1
TCGA-AR-A2LM-01A-11R-A180-07,-0.05694444488705157,1
TCGA-A6-4107-01A-02R-1410-07,-0.08795694195592668,1
TCGA-IG-A3YB-01A-11R-A36D-31,-0.159669926099755,1
TCGA-75-6205-01A-11R-1755-07,-0.08046700549348954,1
TCGA-20-1683-01A-01R-1566-13,0.017168142013798567,1
TCGA-BP-4170-01A-02R-1289-07,-0.08881089454245242,1
TCGA-CJ-6032-01A-11R-1672-07,-0.022593876433103,1
TCGA-DD-AACL-01A-11R-A41C-07,0.02762699621454064,1
TCGA-BP-4166-01A-02R-1289-07,-0.04036571249855799,1
TCGA-2H-A9GL-01A-12R-A37I-31,-0.20424837570553908,1
TCGA-B0-5084-01A-01R-1334-07,0.24423552916596247,1
TCGA-E2-A15J-01A-11R-A12P-07,-0.03969876784347294,1
TCGA-44-6775-01C-02R-A277-07,0.02985984729602081,1
TCGA-A2-A04W-01A-31R-A115-07,0.009554795070798552,1
TCGA-G3-AAV0-01A-11R-A37K-07,-0.08277656566991884,1
TCGA-AA-A00D-01A-01R-A002-07,-0.07305435974930527,1
TCGA-56-5897-01A-11R-1635-07,-0.07472171386136346,1
TCGA-EJ-7321-01A-31R-2263-07,-0.0850073612752964,0
TCGA-2J-AABV-01A-12R-A41B-07,-0.026922442790687763,1
TCGA-C8-A8HR-01A-11R-A36F-07,-0.024275232381233632,1
TCGA-04-1362-01A-01R-1565-13,-0.06868077631680765,0
TCGA-HZ-A77Q-01A-11R-A36G-07,-0.4027477592886916,1
TCGA-D8-A1JB-01A-11R-A13Q-07,-0.04941878454804545,1
TCGA-B0-4811-01A-01R-1503-07,0.06577271280010769,0
TCGA-24-1103-01A-01R-1565-13,-0.05490541587564772,1
TCGA-91-A4BC-01A-11R-A24H-07,-0.053087906095623,1
TCGA-D5-5539-01A-01R-1653-07,-0.04410284657264775,1
TCGA-HZ-A4BK-01A-11R-A26U-07,-0.3897193676159276,1
TCGA-13-1489-01A-01R-1565-13,-0.05973071628045925,1
TCGA-A2-A04P-01A-31R-A034-07,0.01605586554145422,1
TCGA-IA-A40Y-01A-11R-A24Z-07,-0.006370453742240633,1
TCGA-21-5783-01A-41R-2187-07,-0.048558403366946876,1
TCGA-A6-2675-01A-02R-1723-07,-0.07536671112402173,1
TCGA-B9-7268-01A-11R-A32Z-07,-0.19658742001831442,1
TCGA-BP-4777-01A-01R-1289-07,-0.0678479402520517,1
TCGA-BP-4988-01A-01R-1334-07,0.09222317092257484,1
TCGA-2J-AABF-01A-31R-A41B-07,-0.37832876828084105,1
TCGA-56-8201-01A-11R-2247-07,-0.05414410774066772,1
TCGA-24-2035-01A-01R-1568-13,-0.04926897573404401,1
TCGA-A1-A0SP-01A-11R-A084-07,0.011055846658096308,1
TCGA-BC-A10S-01A-22R-A131-07,-0.08495987596398973,1
TCGA-HC-7738-01A-11R-2118-07,-0.12485270118365045,1
TCGA-IA-A83S-01A-11R-A355-07,-0.20317239074921667,0
TCGA-HZ-7920-01A-11R-2204-07,-0.23036341630402807,1
TCGA-AA-3529-01A-02R-0821-07,-0.09113723543336961,1
TCGA-D8-A1XJ-01A-11R-A14M-07,-0.020362074647746045,1
TCGA-5X-AA5U-01A-11R-A406-31,-0.016984758717327908,1
TCGA-3Z-A93Z-01A-11R-A37O-07,-0.028539456195769395,1
TCGA-E9-A227-01A-11R-A157-07,-0.04444554942491488,1
TCGA-B0-4843-01A-01R-1277-07,0.014629765921768817,0
TCGA-BH-A8G0-01A-11R-A352-07,-0.04553081650141343,1
TCGA-FV-A3R2-01A-11R-A22L-07,-0.070304470000475,1
TCGA-CZ-4854-01A-01R-1305-07,-0.036558488285722265,1
TCGA-04-1348-01A-01R-1565-13,-0.0861494997535918,1
TCGA-38-4625-01A-01R-1206-07,-0.01762423115170565,1
TCGA-A3-A6NJ-01A-12R-A33J-07,-0.06441163806313902,1
TCGA-BH-A0C3-01A-21R-A12P-07,-0.037274344995256684,1
TCGA-58-8388-01A-11R-2326-07,-0.006728366446133881,1
TCGA-NH-A50T-01A-11R-A28H-07,-0.09280866177435369,1
TCGA-LL-A5YN-01A-11R-A28M-07,0.0001830353138581156,0
TCGA-A2-A0ET-01A-31R-A034-07,-0.016013411577692194,1
TCGA-GM-A2DO-01A-11R-A18M-07,-0.009270983407291003,0
TCGA-A7-A0CH-01A-21R-A00Z-07,-0.061765063366005915,1
TCGA-2Y-A9GT-01A-11R-A38B-07,-0.04469275911561645,1
TCGA-B3-4104-01A-02R-1351-07,0.3175058483268149,1
TCGA-GM-A5PV-01A-11R-A28M-07,-0.031479930609186545,1
TCGA-29-1711-01A-01R-1567-13,-0.04767831014578414,1
TCGA-AO-A1KS-01A-11R-A13Q-07,-0.025600954514351303,0
TCGA-AO-A12G-01A-11R-A10J-07,-0.03686619893633738,1
TCGA-HZ-8002-01A-11R-2204-07,-0.30930433658434664,0
TCGA-22-5492-01A-01R-1635-07,-0.06003906997103955,1
TCGA-G4-6625-01A-21R-1774-07,-0.0968084339757889,1
TCGA-L5-A4OF-01A-11R-A260-31,-0.24429189299739293,1
TCGA-55-A48Y-01A-11R-A24H-07,-0.08176930139038453,0
TCGA-A2-A0YD-01A-11R-A109-07,-0.04945367918100425,1
TCGA-13-0801-01A-01R-1564-13,-0.018551746919801083,1
TCGA-B4-5843-01A-11R-1672-07,-0.04867834156474489,1
TCGA-AY-A69D-01A-11R-A37K-07,-0.058728422835007496,0
TCGA-CJ-4899-01A-01R-1334-07,-0.08080919646498957,1
TCGA-YL-A8S9-01A-11R-A37L-07,-0.053263279340734465,1
TCGA-55-1596-01A-01R-0946-07,-0.02698651895599502,1
TCGA-UB-AA0V-01A-11R-A38B-07,-0.03267701637634639,1
TCGA-BH-A0HY-01A-11R-A056-07,-0.023396034611941886,1
TCGA-64-1676-01A-01R-0946-07,-0.026458242758395752,0
TCGA-A8-A09R-01A-11R-A00Z-07,-0.046317109039969606,0
TCGA-D8-A1Y2-01A-11R-A157-07,-0.024357382997609582,1
TCGA-5P-A9JY-01A-11R-A42S-07,-0.19336323128287183,1
TCGA-AR-A1AI-01A-11R-A12P-07,0.009947692696882112,1
TCGA-56-7823-01B-11R-2247-07,-0.07060246164213821,1
TCGA-O2-A52V-01A-31R-A262-07,-0.09839387176973628,1
TCGA-B0-4816-01A-01R-1503-07,-0.07233715309478923,1
TCGA-MH-A55W-01A-11R-A26U-07,-0.22663294285382085,1
TCGA-AN-A0FD-01A-11R-A034-07,-0.03322470512174261,1
TCGA-3A-A9IB-01A-21R-A39D-07,-0.3467448838541506,1
TCGA-P4-A5EA-01A-11R-A28H-07,0.08581687737492692,1
TCGA-XV-A9VZ-01A-11R-A38C-07,-0.24353600600050684,0
TCGA-BC-A10U-01A-11R-A131-07,-0.04203399116007356,0
TCGA-B6-A0I9-01A-11R-A034-07,-0.030394378158641624,0
TCGA-B0-5119-01A-02R-1420-07,-0.10256553541827959,0
TCGA-AR-A2LR-01A-12R-A18M-07,0.0004619042045430426,0
TCGA-22-5472-01A-01R-1635-07,-0.060410309807152125,1
TCGA-GI-A2C8-01A-11R-A16F-07,-0.03717906340199052,0
TCGA-44-2666-01A-01R-0946-07,-0.07793998383799,1
TCGA-25-1632-01A-01R-1566-13,-0.08419329131809389,1
TCGA-78-7540-01A-11R-2066-07,-0.026628581825874846,1
TCGA-BH-A0AV-01A-31R-A115-07,-0.003769268473038776,1
TCGA-AA-3845-01A-01R-1022-07,0.0577341611842805,1
TCGA-78-8655-01A-11R-2403-07,-0.09361078453074302,1
TCGA-BP-4345-01A-01R-1289-07,-0.0022757224900631823,1
TCGA-98-A539-01A-31R-A262-07,-0.08460773836946128,0
TCGA-50-6594-01A-11R-1755-07,-0.021601148048174618,1
TCGA-49-AARN-01A-21R-A41B-07,-0.09861979443980941,1
TCGA-A3-3358-01A-01R-1541-07,-0.07470451528733452,1
TCGA-13-1483-01A-01R-1565-13,-0.11329085378447673,0
TCGA-KK-A7B2-01A-12R-A32O-07,-0.01393082334843635,1
TCGA-49-AAQV-01A-11R-A39D-07,-0.08659904813348297,0
TCGA-EV-5902-01A-11R-1592-07,-0.16927932677968438,0
TCGA-AC-A6IX-01A-12R-A32P-07,-0.04571678238882588,1
TCGA-BW-A5NQ-01A-11R-A27V-07,-0.007274645866824481,0
TCGA-B6-A0WW-01A-11R-A109-07,-0.046785434532040586,0
TCGA-R6-A8W8-01B-11R-A37I-31,-0.2531230526200079,1
TCGA-XV-AAZW-01A-12R-A40A-07,-0.6204255194033934,0
TCGA-BP-4173-01A-02R-1289-07,-0.04351605087601464,1
TCGA-HZ-A49G-01A-11R-A26U-07,-0.41390458213712505,0
TCGA-22-1012-01A-01R-0692-07,-0.06847140061971667,1
TCGA-BH-A0C7-01B-11R-A115-07,-0.045603105104318885,1
TCGA-CC-A7IL-01A-11R-A33R-07,-0.10197833666202924,1
TCGA-E9-A1RA-01A-11R-A14D-07,-0.04515472981919853,1
TCGA-YL-A8HM-01A-11R-A36G-07,0.015385537834419524,0
TCGA-AC-A3HN-01A-11R-A213-07,-0.04893012906994318,1
TCGA-D8-A1X8-01A-11R-A14M-07,-0.0548214723016264,1
TCGA-78-7159-01A-11R-2039-07,-0.09370112680816058,1
TCGA-AR-A1AK-01A-21R-A12P-07,-0.04399944081138841,1
TCGA-Y8-A8RY-01A-11R-A37K-07,-0.21677891991726364,1
TCGA-DD-AAED-01A-12R-A41C-07,0.03498373011094411,1
TCGA-AN-A0XV-01A-11R-A109-07,-0.050007326474284595,1
TCGA-BP-4775-01A-01R-1289-07,-0.042372497649307915,1
TCGA-24-1556-01A-01R-1566-13,-0.0644800291416871,1
TCGA-44-6148-01A-11R-1755-07,-0.037940146461282714,1
TCGA-DD-A3A9-01A-11R-A266-07,-0.03764565957983372,0
TCGA-XK-AAJU-01A-11R-A41O-07,-0.10024997180411602,1
TCGA-A6-3809-01B-04R-A277-07,0.3189496183657549,1
TCGA-UZ-A9PO-01A-11R-A38C-07,-0.23197416254083417,0
TCGA-05-4398-01A-01R-1206-07,-0.08181969168817944,0
TCGA-AK-3436-01A-02R-1325-07,0.0344863131954572,1
TCGA-D9-A4Z2-01A-11R-A24X-07,-0.5652909221232033,1
TCGA-44-8119-01A-11R-2241-07,-0.06697524264796059,1
TCGA-EB-A97M-01A-11R-A38C-07,-0.7089690377651423,1
TCGA-YL-A8HK-01A-11R-A36G-07,-0.056864566074330075,1
TCGA-GL-A59T-01A-21R-A28H-07,-0.2059994467468124,1
TCGA-90-7767-01A-11R-2125-07,-0.03783493631355897,1
TCGA-DV-5568-01A-01R-1541-07,-0.032049026887264624,1
TCGA-A4-A5Y0-01A-11R-A31O-07,-0.13409685213941422,0
TCGA-BF-A1PZ-01A-11R-A18S-07,-0.6909371115930003,1
TCGA-2J-AAB4-01A-12R-A41B-07,-0.3907232204799443,0
TCGA-AC-A8OQ-01A-11R-A41B-07,0.017885492811473332,1
TCGA-DD-AACT-01A-11R-A41C-07,-0.09741358136870573,0
TCGA-18-3412-01A-01R-0980-07,-0.05428303631578306,1
TCGA-A2-A4S2-01A-12R-A266-07,-0.04811276347398408,0
TCGA-H9-A6BY-01A-11R-A30B-07,-0.014269484077731218,0
TCGA-DW-7837-01A-11R-2139-07,-0.20621473469980275,1
TCGA-AA-3552-01A-01R-0821-07,-0.07125875319797698,1
TCGA-UZ-A9PN-01A-11R-A38C-07,-0.10086460107537307,1
TCGA-NC-A5HO-01A-11R-A26W-07,-0.014973151440855382,1
TCGA-B8-A8YJ-01A-13R-A39I-07,0.03430347723626091,1
TCGA-A2-A04Q-01A-21R-A034-07,-0.007930240098044467,1
TCGA-HC-A6AQ-01A-11R-A30B-07,-0.038952555444632525,1
TCGA-DV-A4VX-01A-11R-A266-07,0.10418272813879798,1
TCGA-FC-A6HD-01A-11R-A31N-07,0.04978718057131291,0
TCGA-F2-A44G-01A-11R-A26U-07,-0.34438319331073486,0
TCGA-AZ-4681-01A-01R-1410-07,-0.02574513509039804,1
TCGA-VP-A87J-01A-11R-A352-07,-0.021170199699152032,0
TCGA-C8-A8HQ-01A-11R-A36F-07,-0.041927907363861365,0
TCGA-YJ-A8SW-01A-11R-A37L-07,0.03514232808727947,1
TCGA-63-7020-01A-11R-1949-07,-0.06784973588286602,0
TCGA-66-2754-01A-01R-0980-07,0.05593934115396756,1
TCGA-04-1343-01A-01R-1564-13,-0.0714814955609434,1
TCGA-KK-A7AV-01A-11R-A32O-07,-0.099550214830583,1
TCGA-HC-A632-01A-11R-A29R-07,0.014223032193073549,0
TCGA-DD-AACE-01A-11R-A41C-07,-0.06516537019985108,0
TCGA-23-1809-01A-01R-1566-13,-0.01952556511150152,1
TCGA-JY-A939-01A-12R-A37I-31,-0.2108499810491278,1
TCGA-25-1627-01A-01R-1566-13,-0.0338481245564371,1
TCGA-IB-AAUP-01A-11R-A37L-07,-0.2879116796763068,1
TCGA-RC-A6M3-01A-11R-A32O-07,0.14655008971920483,1
TCGA-E9-A1RH-01A-21R-A169-07,0.0007238273945305036,0
TCGA-KK-A8IH-01A-11R-A36G-07,-0.05278895548833816,1
TCGA-AA-3869-01A-01R-1022-07,-0.09234449393865857,0
TCGA-B0-5116-01A-02R-1420-07,-0.03826960458317149,1
TCGA-GF-A2C7-01A-11R-A18T-07,-0.6098187657264533,1
TCGA-BH-A5J0-01A-11R-A27Q-07,0.00216053927486877,1
TCGA-66-2727-01A-01R-0980-07,-0.08275545469611983,1
TCGA-CM-6163-01A-11R-1653-07,-0.029722820736019506,1
TCGA-55-A490-01A-11R-A466-07,-0.03034731799242626,0
TCGA-AA-3976-01A-01R-1022-07,-0.09610400306409951,1
TCGA-A6-2679-01A-02R-1410-07,0.05943270345389909,0
TCGA-BP-5182-01A-01R-1426-07,-0.05574277425724567,1
TCGA-56-8083-01A-11R-2247-07,-4.12992132022082e-05,1
TCGA-55-8299-01A-11R-2287-07,-0.10446758847147515,0
TCGA-LN-A8I1-01A-11R-A36D-31,-0.15184432050109806,0
TCGA-SX-A7SU-01A-11R-A36F-07,-0.1275788902600049,1
TCGA-E9-A295-01A-11R-A16F-07,-0.03637647844002022,1
TCGA-EJ-7218-01B-11R-A32O-07,-0.10574951218683751,1
TCGA-E2-A2P5-01A-11R-A19W-07,-0.02178159150445598,1
TCGA-A2-A0ES-01A-11R-A115-07,-0.03819839760811654,1
TCGA-CK-5916-01A-11R-1653-07,-0.00872454200592808,1
TCGA-EJ-A65E-01A-11R-A29R-07,-0.1045821674628255,0
TCGA-OL-A66K-01A-11R-A29R-07,-0.037644815936804,1
TCGA-44-6774-01A-21R-1858-07,-0.06354030722270186,1
TCGA-V1-A9Z7-01A-11R-A41O-07,-0.01885786603853075,1
TCGA-ER-A196-01A-11R-A18T-07,-0.4510400100476898,1
TCGA-2J-AABI-01A-12R-A41B-07,-0.060026246150391045,1
TCGA-GJ-A9DB-01A-11R-A37K-07,-0.07643390532460578,1
TCGA-A8-A0A7-01A-11R-A00Z-07,-0.02344731965232179,1
TCGA-L5-A4ON-01A-11R-A260-31,-0.24316453361667117,1
TCGA-F4-6806-01A-11R-1839-07,-0.10792503280053252,0
TCGA-66-2792-01A-01R-0980-07,-0.09296467988883318,1
TCGA-A8-A08R-01A-11R-A034-07,-0.005155259094093716,1
TCGA-E2-A1LH-01A-11R-A14D-07,0.02045517839583788,1
TCGA-24-1550-01A-01R-1566-13,0.0013872422390889872,0
TCGA-44-7660-01A-11R-2066-07,0.01642257091969222,1
TCGA-85-A53L-01A-21R-A26W-07,-0.061088862607347416,0
TCGA-MR-A8JO-01A-12R-A36F-07,0.10458504189232941,1
TCGA-44-5643-01A-01R-1628-07,0.07621435698421702,1
TCGA-90-6837-01A-11R-1949-07,-0.04770484889294968,0
TCGA-DD-AAC9-01A-11R-A41C-07,-0.12055872923302355,0
TCGA-BH-A203-01A-12R-A169-07,-0.02677539757508575,1
TCGA-B8-4146-01B-11R-1672-07,0.2369728787114856,1
TCGA-24-1430-01A-01R-1566-13,-0.07953003728070505,1
TCGA-BH-A5IZ-01A-11R-A27Q-07,0.018080218320790535,1
TCGA-78-7633-01A-11R-2066-07,-0.0634755572351499,1
TCGA-A6-2686-01A-01R-A32Z-07,0.01824928675118416,1
TCGA-NC-A5HF-01A-11R-A26W-07,-0.041472112516603946,1
TCGA-BQ-5882-01A-11R-1592-07,0.025408968095257348,1
TCGA-IB-AAUM-01A-11R-A37L-07,-0.2978513845683316,1
TCGA-BF-AAP7-01A-11R-A40A-07,-0.6762239581037142,1
TCGA-NJ-A4YG-01A-22R-A262-07,-0.1219432172518595,0
TCGA-AA-3846-01A-01R-1022-07,-0.07556979539624974,1
TCGA-UN-AAZ9-01A-11R-A38C-07,-0.09553589254112416,0
TCGA-HC-A76X-01A-11R-A33R-07,-0.09695432686237983,1
TCGA-25-2042-01A-01R-1568-13,0.059489978862417664,1
TCGA-F4-6459-01A-11R-1774-07,0.0010059983200396948,1
TCGA-A7-A13F-01A-11R-A12P-07,-0.03384512773308761,0
TCGA-A2-A0CP-01A-11R-A034-07,-0.031401266490087336,1
TCGA-KK-A5A1-01A-11R-A29R-07,0.015740346025084687,0
TCGA-F2-6879-01A-11R-2156-07,-0.25592898034819506,1
TCGA-A8-A099-01A-11R-A00Z-07,-0.035668883203793085,1
TCGA-DD-AADP-01A-11R-A39D-07,-0.07952498769250722,1
TCGA-A6-5657-01A-01R-A32Z-07,-0.0675185499058071,1
TCGA-A8-A09M-01A-11R-A00Z-07,-0.039250637065272334,1
TCGA-CH-5744-01A-11R-1580-07,-0.06882888541724697,1
TCGA-43-6771-01A-11R-1820-07,-0.003917192765566584,1
TCGA-LN-A4A5-01A-21R-A260-31,-0.24950435717615985,1
TCGA-BH-A0BZ-01A-31R-A12P-07,-0.04050247061951099,0
TCGA-05-4395-01A-01R-1206-07,-0.03087160800169704,1
TCGA-BP-5178-01A-01R-1426-07,0.0019138859937013126,1
TCGA-B6-A0RI-01A-11R-A056-07,-0.055447328340535215,0
TCGA-63-A5MB-01A-11R-A26W-07,-0.07121501406655606,1
TCGA-AQ-A04J-01A-02R-A034-07,-0.021061980197489026,1
TCGA-77-8133-01A-12R-2247-07,-0.07878176355191159,0
TCGA-B0-5399-01A-01R-1503-07,-0.07519817700495718,1
TCGA-B8-A54I-01A-21R-A33J-07,0.030812297549718592,1
TCGA-61-1910-01A-01R-1567-13,-0.06309958832104304,1
TCGA-A8-A07R-01A-21R-A034-07,0.007303490344968712,1
TCGA-CJ-4905-01A-02R-1426-07,-0.0484546644347913,1
TCGA-AA-3525-01A-02R-0826-07,-0.061018801873818376,1
TCGA-78-8662-01A-11R-2403-07,-0.0030464442770554902,1
TCGA-B6-A0IB-01A-11R-A034-07,-0.029149259137077384,0
TCGA-EJ-7328-01A-31R-2118-07,-0.07520035245956973,1
TCGA-BQ-5875-01A-11R-1592-07,-0.08371033823902344,1
TCGA-IB-7649-01A-11R-2156-07,-0.3268493505889464,0
TCGA-49-4494-01A-01R-1206-07,-0.034845776992353895,1
TCGA-AR-A24P-01A-11R-A169-07,-0.05266733592571907,1
TCGA-AA-3542-01A-02R-1873-07,0.011135236663646639,0
TCGA-DM-A28H-01A-11R-A16W-07,-0.026802518938706242,0
TCGA-O2-A5IB-01A-11R-A27Q-07,0.04323322389750342,0
TCGA-A8-A06X-01A-21R-A00Z-07,-0.02778649597515158,1
TCGA-BH-A28O-01A-11R-A22K-07,-0.018176683468649386,1
TCGA-EJ-7115-01A-11R-2118-07,-0.12374063742459435,1
TCGA-DW-5560-01A-01R-1592-07,-0.054506013863895024,1
TCGA-29-1703-01A-01R-1567-13,-0.09755413230567272,1
TCGA-AA-3680-01A-01R-0905-07,-0.04924106669234293,1
TCGA-CC-A8HU-01A-11R-A36F-07,0.013083186490600895,1
TCGA-D8-A27P-01A-11R-A16F-07,-0.05868507302129888,1
TCGA-3P-A9WA-01A-11R-A406-31,-0.02361132640931138,0
TCGA-BH-A1F6-01A-11R-A13Q-07,0.0018101415962517569,1
TCGA-63-5128-01A-01R-1443-07,-0.09405966224567766,0
TCGA-RC-A7SF-01A-11R-A352-07,-0.0747522872991827,0
TCGA-BH-A202-01A-11R-A14M-07,-0.038527910108794756,1
TCGA-DD-AAD8-01A-11R-A41C-07,-0.03659629083453724,1
TCGA-EU-5904-01A-11R-1672-07,-0.0821534976515577,1
TCGA-55-8508-01A-11R-2403-07,-0.08250589207129372,1
TCGA-B3-A6W5-01A-12R-A33Z-07,-0.23159851116615143,0
TCGA-78-7155-01A-11R-2039-07,0.09641444437780551,1
TCGA-24-2297-01A-01R-1568-13,-0.09261042493256429,0
TCGA-A8-A09W-01A-11R-A00Z-07,-0.02810716588581661,1
TCGA-B9-4617-01A-01R-1193-07,-0.21249573559564322,0
TCGA-A8-A09B-01A-11R-A00Z-07,-0.053546441660626914,1
TCGA-JY-A6FA-01A-11R-A336-31,-0.26483124163802646,1
TCGA-97-A4M1-01A-11R-A24X-07,-0.08352752173504222,0
TCGA-GL-A9DD-01A-11R-A37K-07,-0.2253876976223209,1
TCGA-A3-A6NN-01A-12R-A33J-07,-0.06489751976085881,1
TCGA-18-3416-01A-01R-0980-07,-0.06252015920272501,1
TCGA-EJ-5515-01A-01R-1580-07,-0.012081774058598579,1
TCGA-D5-6539-01A-11R-1723-07,-0.05021496111397873,1
TCGA-BH-A18N-01A-11R-A12D-07,-0.03909492920267604,0
TCGA-BP-4167-01A-02R-1325-07,0.02907435296398248,1
TCGA-A2-A0CR-01A-11R-A22K-07,0.027358669945834697,1
TCGA-56-8628-01A-11R-2403-07,-0.03458769240990087,1
TCGA-55-8621-01A-11R-2403-07,-0.09523335833677722,1
TCGA-CC-A7II-01A-11R-A33J-07,0.20990096485697815,1
TCGA-85-6560-01A-11R-1820-07,0.0069616476409611674,1
TCGA-AR-A24W-01A-11R-A169-07,-0.038829192305923604,1
TCGA-85-6175-01A-11R-1820-07,0.0005195429183277597,1
TCGA-86-7954-01A-11R-2187-07,-0.07776976359230382,1
TCGA-CC-A9FS-01A-11R-A37K-07,-0.04723698314599167,1
TCGA-25-1870-01A-01R-1567-13,-0.09638529811349722,1
TCGA-63-7022-01A-11R-1949-07,-0.04709664282569634,1
TCGA-R6-A6KZ-01A-11R-A31P-31,-0.18148603087491005,1
TCGA-AA-3562-01A-02R-0821-07,-0.10339439327914329,1
TCGA-D5-6541-01A-11R-1723-07,-0.031051154758001503,1
TCGA-PJ-A5Z8-01A-11R-A28H-07,-0.053929331888281175,0
TCGA-BP-5010-01A-02R-1420-07,0.007240098692078033,0
TCGA-66-2790-01A-01R-0980-07,-0.0740635627267761,1
TCGA-AL-A5DJ-01A-11R-A26U-07,0.09714271753796469,1
TCGA-AR-A0TR-01A-11R-A084-07,-0.03429720584189,0
TCGA-AA-3979-01A-01R-1022-07,-0.051989136041191965,1
TCGA-A1-A0SJ-01A-11R-A084-07,-0.02691910934778217,1
TCGA-AO-A0JA-01A-11R-A056-07,-0.04695858570228844,1
TCGA-86-A4JF-01A-11R-A24X-07,-0.07751064462753493,1
TCGA-Z6-A8JD-01A-11R-A36D-31,-0.2975094654274651,1
TCGA-92-7341-01A-31R-2045-07,-0.09173849433268756,1
TCGA-E2-A15O-01A-11R-A115-07,-0.03806722617669511,0
TCGA-V1-A9O9-01A-11R-A41O-07,-0.08288054422283864,1
TCGA-67-6215-01A-11R-1755-07,-0.10180160911428701,0
TCGA-AY-6386-01A-21R-1723-07,-0.09198281232841073,1
TCGA-LN-A4A3-01A-11R-A260-31,-0.3666761868613202,1
TCGA-44-6778-01A-11R-1858-07,-0.0716417652008829,0
TCGA-RU-A8FL-01A-11R-A37K-07,-0.042646019601611185,1
TCGA-G3-AAV1-01A-11R-A38B-07,-0.061346517073343355,0
TCGA-CH-5745-01A-11R-1580-07,-0.07891638301506264,0
TCGA-85-8580-01A-31R-2403-07,-0.10540821280233417,1
TCGA-AK-3454-01A-02R-1277-07,0.06524993999174707,1
TCGA-M7-A722-01A-12R-A36G-07,0.09902451660337845,1
TCGA-3A-A9IN-01A-11R-A39D-07,-0.020456895600776695,1
TCGA-49-4501-01A-01R-1206-07,-0.08535211631313697,1
TCGA-44-7667-01A-31R-2066-07,0.03925495592647496,1
TCGA-86-7714-01A-12R-2170-07,-0.08759101567940202,1
TCGA-34-5929-01A-11R-1820-07,-0.06658973225985704,0
TCGA-BC-A10R-01A-11R-A131-07,-0.004741583588830819,1
TCGA-39-5027-01A-21R-1820-07,-0.06619007439866259,1
TCGA-AA-A00E-01A-01R-A002-07,-0.062396077158671695,1
TCGA-22-5473-01A-01R-1635-07,-0.10319433254084012,0
TCGA-LL-A7T0-01A-31R-A352-07,-0.008972537821986634,1
TCGA-13-1410-01A-01R-1565-13,-0.07412107870497481,1
TCGA-G9-6377-01A-11R-1965-07,-0.06636872778848676,1
TCGA-EJ-7784-01A-11R-2118-07,-0.01969964092972616,1
TCGA-51-4081-01A-01R-1100-07,-0.10206519763767441,0
TCGA-5P-A9JW-01A-11R-A42S-07,-0.18090753997766285,0
TCGA-DV-5567-01A-01R-1541-07,0.006319761984632425,1
TCGA-BH-A1FU-01A-11R-A14D-07,-0.03256955789926257,0
TCGA-AR-A1AR-01A-31R-A137-07,0.004137739806580187,1
TCGA-43-7658-01A-11R-2125-07,0.042634658720322106,1
TCGA-BF-A1PU-01A-11R-A18S-07,-0.6655564269329023,0
TCGA-CM-6171-01A-11R-1653-07,0.030926369737103193,1
TCGA-EW-A1J2-01A-21R-A13Q-07,-0.057486973038935754,1
TCGA-UB-A7MF-01A-11R-A33J-07,-0.030273837860210092,0
TCGA-DD-AAD0-01A-11R-A41C-07,-0.07178326952500381,0
TCGA-85-6561-01A-11R-1820-07,-0.09554007450785404,1
TCGA-G9-6367-01A-11R-1789-07,-0.0681504196493044,1
TCGA-DM-A1D9-01A-11R-A155-07,-0.06224691601282969,1
TCGA-EJ-7783-01A-11R-2118-07,-0.01751053521318135,1
TCGA-33-AASD-01A-11R-A405-07,-0.05428261968773616,1
TCGA-97-8177-01A-11R-2287-07,-0.08794624113797252,1
TCGA-NH-A6GA-01A-11R-A37K-07,-0.009402514128686779,0
TCGA-BH-A1FC-01A-11R-A13Q-07,0.0009662162317594312,1
TCGA-BP-4165-01A-02R-1289-07,-0.030862541492968725,1
TCGA-AA-A02R-01A-01R-A00A-07,-0.007836528362331792,1
TCGA-AD-6899-01A-11R-1928-07,-0.05850611334915415,1
TCGA-LN-A4MQ-01A-11R-A28J-31,-0.3088852403321665,1
TCGA-KK-A59Z-01A-12R-A26U-07,-0.020573033771603647,1
TCGA-MI-A75H-01A-11R-A32O-07,-0.12256565579321547,0
TCGA-38-4630-01A-01R-1206-07,0.06147783331545057,1
TCGA-EP-A3RK-01A-11R-A22L-07,-0.06944506945201052,1
TCGA-5C-A9VG-01A-11R-A37K-07,0.035573256037132454,1
TCGA-BH-A0E7-01A-11R-A034-07,-0.052183960535036544,1
TCGA-AA-3956-01A-02R-1022-07,-0.1220370825025434,0
TCGA-HC-8216-01A-11R-A29R-07,-0.080608788106453,1
TCGA-EJ-5519-01A-01R-1580-07,-0.019895318329631248,1
TCGA-AA-3949-01A-01R-1022-07,-0.02769798507623619,0
TCGA-B0-5121-01A-02R-1420-07,-0.07985160192902671,1
TCGA-10-0926-01A-01R-1564-13,-0.07508335594036462,1
TCGA-AK-3451-01A-02R-1188-07,0.1650072847866199,1
TCGA-A8-A085-01A-11R-A00Z-07,-0.03427359768317883,0
TCGA-BH-A18M-01A-11R-A12D-07,-0.05204776295629039,1
TCGA-G4-6315-01A-11R-1723-07,-0.12177021478044575,1
TCGA-MP-A4TE-01A-22R-A466-07,-0.026538784246336045,1
TCGA-EB-A4IS-01A-21R-A266-07,-0.5288564126967004,1
TCGA-AN-A0AS-01A-11R-A00Z-07,-0.021457369916004745,1
TCGA-CW-5583-01A-02R-1541-07,-0.07397421477585046,1
TCGA-BH-A18T-01A-11R-A12D-07,0.0006798631817803981,0
TCGA-E9-A22E-01A-11R-A157-07,-0.02605104009964177,1
TCGA-A2-A1FW-01A-11R-A13Q-07,-0.014193081021110138,1
TCGA-H6-A45N-01A-11R-A26U-07,-0.4092585979053726,1
TCGA-A2-A0SW-01A-11R-A084-07,-0.03477454372655649,0
TCGA-B0-5712-01A-11R-1672-07,-0.004155116255824516,1
TCGA-85-8277-01A-11R-2296-07,-0.06915768694307105,1
TCGA-E2-A1II-01A-11R-A144-07,0.013406729485703886,1
TCGA-24-2267-01A-01R-1568-13,-0.07416896718212457,1
TCGA-77-8131-01A-11R-2247-07,-0.02441885803494881,1
TCGA-3A-A9IZ-01A-12R-A41B-07,-0.2418145142701246,0
TCGA-55-7816-01A-11R-2170-07,-0.022534883248952104,1
TCGA-AA-3509-01A-01R-1410-07,-0.07101897400589816,1
TCGA-25-1322-01A-01R-1565-13,-0.08083455732042799,1
TCGA-35-5375-01A-01R-1628-07,0.04694750996512211,1
TCGA-CJ-4918-01A-01R-1426-07,-0.06752456253399483,1
TCGA-ED-A66X-01A-11R-A311-07,0.022154841465108255,1
TCGA-FV-A3I0-01A-11R-A22L-07,0.21826209257035403,0
TCGA-AO-A0JG-01A-31R-A084-07,-0.04661267566239402,1
TCGA-XJ-A9DK-01A-11R-A37L-07,-0.08439475111155591,1
TCGA-BH-A0BT-01A-11R-A12P-07,-0.011992327327733603,1
TCGA-29-1783-01A-01R-1567-13,-0.12172592553658738,0
TCGA-QG-A5Z1-01A-11R-A28H-07,-0.03699426315461006,1
TCGA-F4-6805-01A-11R-1839-07,-0.0773147745397412,1
TCGA-18-4086-01A-01R-1100-07,-0.10883305458355003,1
TCGA-99-8028-01A-11R-2241-07,-0.08123567632401656,1
TCGA-B0-5109-01A-02R-1420-07,0.1860188417380335,1
TCGA-E2-A1B6-01A-31R-A12P-07,0.010000855822807393,1
TCGA-S4-A8RM-01A-11R-A37L-07,-0.22261412471815745,1
TCGA-49-4486-01A-01R-1206-07,-0.022228090034000503,1
TCGA-E9-A248-01A-11R-A169-07,-0.019905739248298204,1
TCGA-IB-AAUR-01A-21R-A38C-07,-0.27861483100622736,1
TCGA-BC-A69I-01A-11R-A311-07,-0.11214054316979795,1
TCGA-AC-A23G-01A-11R-A213-07,-0.026857809937525356,0
TCGA-DD-AADG-01A-11R-A41C-07,-0.1163650239111747,0
TCGA-A8-A08S-01A-11R-A034-07,-0.03637403375933242,1
TCGA-D8-A27G-01A-11R-A16F-07,-0.04970249048534103,1
TCGA-A2-A0YT-01A-11R-A109-07,-0.03340657975312317,1
TCGA-2H-A9GH-01A-11R-A37I-31,-0.2273675823293415,1
TCGA-GM-A4E0-01A-12R-A266-07,0.018085096332618445,1
TCGA-86-8358-01A-11R-2326-07,0.009387478433653989,1
TCGA-39-5034-01A-01R-1443-07,0.04047451564892094,1
TCGA-E9-A1N3-01A-12R-A157-07,-0.031072072964138258,1
TCGA-91-8496-01A-11R-2403-07,-0.05689119346922117,1
TCGA-KC-A7FE-01A-12R-A33R-07,-0.10231435013654648,1
TCGA-04-1655-01A-01R-1566-13,-0.06852344634071873,1
TCGA-A4-7584-01A-11R-2139-07,-0.22316709924603617,1
TCGA-HZ-7918-01A-11R-2156-07,-0.2007204003099757,1
TCGA-AK-3440-01A-02R-1277-07,0.2472944140469455,0
TCGA-CZ-4857-01A-01R-1305-07,-0.02128732645620259,1
TCGA-B9-4116-01A-02R-1351-07,-0.02351320637598091,1
TCGA-DZ-6133-01A-11R-1965-07,-0.17750432472580652,0
TCGA-J9-A52E-01A-11R-A26U-07,0.15589616719346816,1
TCGA-ER-A2NB-01A-12R-A18S-07,-0.545220050401196,1
TCGA-A3-3346-01A-01R-1766-07,0.17225620541699949,1
TCGA-3A-A9IO-01A-11R-A38C-07,0.14320727663168015,1
TCGA-BP-4325-01A-02R-1289-07,-0.06247835545967235,1
TCGA-IB-7889-01A-11R-2156-07,-0.327807023490571,0
TCGA-A8-A07F-01A-11R-A00Z-07,-0.03883049381518312,1
TCGA-78-7162-01A-21R-2066-07,-0.08924967084288146,1
TCGA-IB-7644-01A-11R-2156-07,-0.2682448553160141,0
TCGA-36-1569-01A-01R-1566-13,-0.05694601789840275,0
TCGA-52-7622-01A-11R-2125-07,-0.10056519543433619,1
TCGA-69-8453-01A-12R-2326-07,-0.07835753885382904,1
TCGA-OL-A66N-01A-12R-A31O-07,0.006570079273817963,1
TCGA-CC-A9FV-01A-11R-A37K-07,0.2952719778791312,1
TCGA-XD-AAUI-01A-42R-A41B-07,-0.37536377081909544,1
TCGA-GM-A2DN-01A-11R-A180-07,-0.046415574360552575,0
TCGA-G3-A3CK-01A-11R-A213-07,-0.09762405118615441,0
TCGA-BP-4771-01A-01R-1289-07,-0.02609195100189283,0
TCGA-DD-AACO-01A-11R-A41C-07,-0.02340814689238882,1
TCGA-75-7031-01A-11R-1949-07,-0.06418719601499102,1
TCGA-24-1552-01A-01R-1566-13,-0.07125812180183752,1
TCGA-85-8287-01A-11R-2296-07,-0.0664629760322891,0
TCGA-AY-6197-01A-11R-1723-07,-0.07062816856009205,1
TCGA-96-A4JK-01A-11R-A24Z-07,-0.05698819508887962,1
TCGA-C8-A12Z-01A-11R-A115-07,-0.02937087863894925,1
TCGA-E9-A3Q9-01A-11R-A21T-07,-0.03261771611482056,1
TCGA-AC-A8OR-01A-21R-A41B-07,-0.01237137140872754,1
TCGA-44-5644-01A-21R-2039-07,-0.016187933957140663,1
TCGA-A2-A0T3-01A-21R-A115-07,-0.031521819181410136,1
TCGA-A4-8098-01A-11R-2404-07,-0.061883980255317,1
TCGA-EB-A82C-01A-11R-A352-07,-0.6371984169223567,0
TCGA-DM-A1D0-01A-11R-A155-07,-0.04015429179907104,1
TCGA-BF-AAP1-01A-11R-A39D-07,-0.5647979864151794,1
TCGA-S3-AA12-01A-11R-A41B-07,-0.02655243111733709,0
TCGA-24-2024-01A-02R-1568-13,-0.08817051391909535,1
TCGA-24-2026-01A-01R-1567-13,-0.036322186249933275,1
TCGA-G7-6796-01A-11R-1965-07,-0.10816094364413804,1
TCGA-AL-3473-01A-01R-1193-07,0.014391901631101097,1
TCGA-Y8-A894-01A-11R-A36F-07,-0.13617754158393897,1
TCGA-22-5483-01A-01R-1820-07,-0.04642313460864612,1
TCGA-CJ-4644-01A-02R-1325-07,-0.04685290251576641,1
TCGA-22-5489-01A-01R-1635-07,-0.0561663554903393,1
TCGA-D8-A1JP-01A-11R-A13Q-07,-0.04530949850130597,0
TCGA-B9-A5W9-01A-11R-A28H-07,-0.15266042057640425,1
TCGA-13-0886-01A-01R-1569-13,-0.07226459206367875,1
TCGA-EB-A4P0-01A-41R-A266-07,-0.6199372941131222,1
TCGA-G4-6307-01A-11R-1723-07,-0.03602478831356962,0
TCGA-DD-AAEH-01A-11R-A41C-07,-0.10821096470840705,1
TCGA-FV-A2QQ-01A-11R-A22L-07,-0.12978777794239366,0
TCGA-MP-A4SW-01A-21R-A24X-07,-0.09664791869559061,1
TCGA-P4-A5ED-01A-11R-A28H-07,0.10412839517301008,1
TCGA-CA-6719-01A-11R-1839-07,-0.04263638010361224,1
TCGA-AY-4071-01A-01R-1113-07,-0.0572821790487629,1
TCGA-B8-4622-01A-02R-1277-07,-0.09013586654648824,1
TCGA-AO-A1KP-01A-11R-A13Q-07,-0.018427974317388407,1
TCGA-A8-A081-01A-11R-A00Z-07,-0.0413513927197356,0
TCGA-24-2262-01A-01R-1568-13,0.006320411289279363,1
TCGA-3A-A9I7-01A-21R-A38C-07,-0.3845483205480025,1
TCGA-A2-A0CW-01A-21R-A115-07,-0.02008108365802895,1
TCGA-UZ-A9Q0-01A-12R-A42S-07,-0.1618913922332067,1
TCGA-56-8082-01A-11R-2247-07,-0.06945450189660358,0
TCGA-39-5019-01A-01R-1820-07,-0.1026215942394644,1
TCGA-G3-A5SI-01A-31R-A27V-07,-0.05660777148525921,1
TCGA-A2-A0EX-01A-21R-A034-07,-0.051069889756996154,1
TCGA-AR-A2LJ-01A-12R-A19W-07,0.0036848810823616454,1
TCGA-R6-A6DN-01B-11R-A31P-31,-0.23655285823918668,1
TCGA-B0-4842-01A-02R-1420-07,0.13555461322522713,1
TCGA-90-A4EE-01A-11R-A24Z-07,-0.03939096227974867,0
TCGA-DW-7834-01A-11R-2139-07,-0.13916815168745436,1
TCGA-A3-3317-01A-02R-1325-07,-0.02260197254909361,1
TCGA-LN-A7HY-01A-12R-A354-31,-0.14623346825155809,0
TCGA-B0-5080-01A-01R-1503-07,-0.006013600976703983,1
TCGA-DD-AAW3-01A-11R-A41C-07,-0.1012568846396175,1
TCGA-CM-5862-01A-01R-1653-07,0.014863674580330059,1
TCGA-G9-6494-01A-11R-1789-07,-0.09285741194431449,0
TCGA-2J-AABT-01A-11R-A41B-07,-0.3285273490910425,1
TCGA-AA-3693-01A-01R-0905-07,-0.07814510589834577,0
TCGA-2V-A95S-01A-11R-A37K-07,0.020933647426049307,1
TCGA-44-7669-01A-21R-2066-07,-0.030261072264261262,0
TCGA-BP-5008-01A-01R-1334-07,-0.08532313584679299,1
TCGA-D5-6920-01A-11R-1928-07,-0.10497232177121975,1
TCGA-K7-A5RG-01A-11R-A28V-07,0.021450738775749312,1
TCGA-BP-4795-01A-02R-1420-07,-0.0050915752700729415,1
TCGA-18-3419-01A-01R-0980-07,-0.034821889264410016,0
TCGA-G9-6332-01A-11R-1789-07,-0.06727035488477026,1
TCGA-56-8309-01A-11R-2296-07,-0.044457429418453424,1
TCGA-AC-A23E-01A-11R-A157-07,-0.053316165498197766,1
TCGA-BQ-7046-01A-11R-1965-07,-0.21676370727440245,1
TCGA-AN-A0AT-01A-11R-A034-07,0.004757621265319696,1
TCGA-BH-A0E9-01B-11R-A115-07,-0.057871270145625826,0
TCGA-AA-3663-01A-01R-1723-07,-0.06197468265290107,1
TCGA-A2-A0YI-01A-31R-A10J-07,-0.05054412531873616,1
TCGA-34-8456-01A-21R-2326-07,-0.05868341468753276,1
TCGA-AR-A1AJ-01A-21R-A12P-07,-0.013973827181529477,1
TCGA-44-6145-01A-11R-1755-07,-0.08277895828541898,1
TCGA-BP-4344-01A-01R-1289-07,-0.0808924108988905,1
TCGA-5C-A9VH-01A-11R-A37K-07,-0.05351433912107135,1
TCGA-62-8399-01A-21R-2326-07,-0.051669011790280626,0
TCGA-A8-A08T-01A-21R-A00Z-07,-0.04684458803945049,1
TCGA-56-7222-01A-11R-2045-07,-0.08811872267837233,0
TCGA-PZ-A5RE-01A-11R-A32O-07,-0.33212116902778854,1
TCGA-EJ-5509-01A-01R-1580-07,-0.08926321937493342,0
TCGA-58-8392-01A-11R-2326-07,-0.08095838855326047,1
TCGA-18-5595-01A-01R-1635-07,-0.05373464733662627,1
TCGA-29-1695-01A-01R-1567-13,-0.030070963103442375,1
TCGA-B0-4833-01A-01R-1305-07,-0.030635875144485233,1
TCGA-D8-A27E-01A-11R-A16F-07,-0.044844037061601075,0
TCGA-BH-A209-01A-11R-A157-07,-0.022850784735150228,1
TCGA-BH-A0W4-01A-11R-A109-07,-0.06091546890985846,0
TCGA-DV-5565-01A-01R-1541-07,0.036324279590682886,0
TCGA-94-A5I6-01A-21R-A27Q-07,-0.10300464775965687,0
TCGA-61-1725-01A-01R-1567-13,-0.07751124600138146,1
TCGA-B0-5098-01A-01R-1420-07,0.3142203133432413,1
TCGA-13-0905-01B-01R-1565-13,-0.020318486942662962,1
TCGA-AA-3667-01A-01R-0905-07,0.009339905269463098,1
TCGA-D8-A1XC-01A-11R-A14D-07,-0.03424993272743832,0
TCGA-J4-A6M7-01A-11R-A31N-07,-0.10177301243284069,1
TCGA-24-1544-01A-01R-1566-13,-0.08569807511484914,0
TCGA-YL-A9WJ-01A-11R-A37L-07,-0.09698176442550943,1
TCGA-29-1785-01A-01R-1567-13,-0.07776365507679396,0
TCGA-98-8020-01A-11R-2247-07,-0.056138735592485826,0
TCGA-XJ-A9DQ-01A-11R-A37L-07,-0.10751300173396984,0
TCGA-C8-A8HP-01A-11R-A36F-07,0.00027348825760488773,1
TCGA-B0-5096-01A-01R-1420-07,0.09743073413109916,1
TCGA-E9-A3QA-01A-61R-A22K-07,0.02208555672943163,1
TCGA-BH-A0WA-01A-11R-A109-07,-0.01092443453174772,1
TCGA-66-2791-01A-01R-0980-07,-0.09235338437274355,1
TCGA-BH-A0HN-01A-11R-A10U-07,-0.008631870585138646,1
TCGA-F4-6463-01A-11R-1723-07,-0.05935532522076487,0
TCGA-A2-A1FZ-01A-51R-A14D-07,-0.055074634477193886,1
TCGA-VP-AA1N-01A-31R-A41O-07,-0.007884318994507408,1
TCGA-A3-3359-01A-01R-0864-07,-0.09969598140030465,1
TCGA-AN-A049-01A-21R-A00Z-07,-0.0396654328431002,1
TCGA-CZ-5462-01A-01R-1503-07,0.03565241350916334,1
TCGA-CM-6165-01A-11R-1653-07,-0.05575423187239225,1
TCGA-DD-A3A3-01A-11R-A22L-07,-0.07662759307084234,1
TCGA-AO-A125-01A-11R-A10J-07,-0.0162631783727771,1
TCGA-69-7760-01A-11R-2170-07,-0.04619020835129965,1
TCGA-KC-A7FD-01A-11R-A33R-07,-0.030887628044401805,0
TCGA-UZ-A9PK-01A-11R-A38C-07,-0.2440749794184665,1
TCGA-62-8398-01A-11R-2326-07,-0.06491602591954158,1
TCGA-B0-4698-01A-01R-1503-07,0.33854335574257366,1
TCGA-L5-A88V-01A-11R-A354-31,-0.19134517396488054,1
TCGA-3A-A9IX-01A-11R-A41B-07,-0.3885611584324161,1
TCGA-55-A4DG-01A-11R-A24H-07,-0.07741788675597773,1
TCGA-EW-A424-01A-11R-A24H-07,-0.022975687611644077,1
TCGA-60-2706-01A-01R-0851-07,-0.012968510802244112,1
TCGA-IA-A40U-01A-11R-A24Z-07,-0.2090339457914843,1
TCGA-GM-A3XG-01A-31R-A24H-07,-0.012645430507064025,0
TCGA-ZR-A9CJ-01B-11R-A38D-31,-0.18816453505890132,1
TCGA-BH-A18G-01A-11R-A12D-07,0.0002717985063296671,1
TCGA-G9-6384-01A-11R-1789-07,-0.07840427682136131,0
TCGA-67-6216-01A-11R-1755-07,-0.09505735602012805,1
TCGA-13-1488-01A-01R-1565-13,-0.054620792033313964,1
TCGA-G9-6343-01A-21R-1965-07,-0.04693717912487925,1
TCGA-90-A59Q-01A-11R-A26W-07,0.021397089068291283,1
TCGA-CW-5580-01A-01R-1672-07,-0.06762736321878886,1
TCGA-25-1625-01A-01R-1566-13,-0.00312911213506258,1
TCGA-EJ-A8FS-01A-11R-A352-07,-0.08141579798131006,1
TCGA-CM-6164-01A-11R-1653-07,-0.11612263576189379,0
TCGA-29-1763-01A-02R-1567-13,-0.088445457781723,0
TCGA-97-7941-01A-11R-2187-07,-0.07142699960753318,1
TCGA-B0-4696-01A-01R-1277-07,0.4048670271972018,1
TCGA-AA-3675-01A-02R-0905-07,-0.07569041803571594,1
TCGA-HC-A6AS-01A-11R-A30B-07,0.015122281689260528,1
TCGA-LN-A7HW-01A-22R-A354-31,-0.2850708136348813,1
TCGA-50-6595-01A-12R-1858-07,-0.049245541352646784,0
TCGA-05-4433-01A-22R-1858-07,-0.07404144449997418,1
TCGA-B0-5113-01A-01R-1420-07,-0.06536450072864616,1
TCGA-OL-A66I-01A-21R-A29R-07,0.007808204032263268,1
TCGA-GM-A2DL-01A-11R-A18M-07,-0.029464649675031363,1
TCGA-10-0934-01A-02R-1564-13,0.11751501237279811,1
TCGA-B1-5398-01A-02R-1592-07,-0.08923436581188107,1
TCGA-09-1667-01C-01R-1566-13,-0.09333635176066457,1
TCGA-69-7979-01A-11R-2187-07,-0.034775429560766916,1
TCGA-22-1017-01A-01R-0692-07,0.017036290376963664,1
TCGA-BP-4759-01A-01R-1289-07,-0.022714354833676946,1
TCGA-ED-A459-01A-11R-A266-07,0.0015722782000840106,1
TCGA-EB-A51B-01A-11R-A27Q-07,-0.5932267931332186,1
TCGA-CW-6090-01A-11R-1672-07,-0.016705685857282774,1
TCGA-AA-3968-01A-01R-1022-07,-0.0857737180265528,1
TCGA-85-8276-01A-11R-2296-07,-0.07709789490000586,1
TCGA-D5-6924-01A-11R-1928-07,-0.067126040926115,1
TCGA-95-7947-01A-11R-2187-07,-0.04679746307121341,1
TCGA-50-5932-01A-11R-1755-07,-0.049633237908865147,1
TCGA-G9-6342-01A-11R-1965-07,-0.11421668638877366,1
TCGA-BH-A0H9-01A-11R-A056-07,-0.0443842473920771,1
TCGA-AR-A24X-01A-11R-A169-07,-0.050899093996251234,1
TCGA-A4-A5Y1-01A-11R-A28H-07,-0.04635558207795415,1
TCGA-AR-A1AV-01A-21R-A12P-07,-0.04761200266597433,1
TCGA-33-4582-01A-01R-1443-07,-0.02381186651017598,1
TCGA-A7-A0DC-01B-04R-A22O-07,0.0156521470792695,1
TCGA-E9-A245-01A-22R-A16F-07,-0.02476582755747259,1
TCGA-LN-A49Y-01A-11R-A260-31,-0.1708667011342131,1
TCGA-BP-4960-01A-01R-1334-07,-0.014350964094324722,1
TCGA-CJ-4641-01A-02R-1325-07,-0.0636557745686364,1
TCGA-55-7281-01A-11R-2039-07,-0.08033113711980759,1
TCGA-AA-3870-01A-01R-1022-07,2.7481607856538634e-06,1
TCGA-MI-A75E-01A-11R-A32O-07,-0.11775089341934128,1
TCGA-DD-A1EF-01A-11R-A131-07,0.06198128277942633,1
TCGA-VR-A8EX-01A-11R-A36D-31,-0.29189408479058937,1
TCGA-56-8504-01A-11R-2403-07,-0.0773667845867863,1
TCGA-MG-AAMC-01A-11R-A41O-07,0.0020647682330167576,0
TCGA-56-A49D-01A-11R-A24H-07,-0.03841523209645845,1
TCGA-39-5022-01A-21R-1820-07,-0.07077450369078606,0
TCGA-55-7573-01A-11R-2039-07,-0.11094942260487,0
TCGA-13-0730-01A-01R-1564-13,-0.04435218156974577,1
TCGA-D5-6538-01A-11R-1723-07,-0.044234893177002604,1
TCGA-2Y-A9GU-01A-11R-A38B-07,-0.04819440450452472,0
TCGA-YL-A8HJ-01A-11R-A36G-07,-0.0624118741783668,1
TCGA-05-4396-01A-21R-1858-07,-0.04535445673750759,1
TCGA-E2-A1LL-01A-11R-A144-07,0.0472317343070302,1
TCGA-24-2281-01A-01R-1568-13,-0.10625017367571157,1
TCGA-33-A4WN-01A-11R-A262-07,-0.0834415981501851,1
TCGA-CZ-5985-01A-11R-1672-07,-0.02690207129674589,1
TCGA-GN-A263-01A-11R-A18T-07,-0.25654816388092044,1
TCGA-E9-A1RE-01A-11R-A157-07,-0.029704147482865546,1
TCGA-E2-A15M-01A-11R-A12D-07,-0.04776373401656118,0
TCGA-HC-8262-01A-11R-2263-07,-0.11813378413724404,1
TCGA-DM-A0X9-01A-11R-A155-07,-0.10371939321458738,1
TCGA-A7-A4SC-01A-12R-A266-07,-0.04063950140736143,0
TCGA-AN-A04A-01A-21R-A034-07,-0.04329872565061387,0
TCGA-QA-A7B7-01A-11R-A32O-07,0.04048562653998751,1
TCGA-29-2427-01A-01R-1569-13,-0.0430263248838554,0
TCGA-25-1633-01A-01R-1566-13,-0.01497080650723718,1
TCGA-85-A510-01A-11R-A26W-07,0.026737741562200937,1
TCGA-75-5147-01A-01R-1628-07,-0.07781539519770862,0
TCGA-D3-A5GT-01A-12R-A311-07,-0.5630009586757557,1
TCGA-49-AARR-01A-11R-A41B-07,-0.06487558774672782,1
TCGA-CH-5740-01A-11R-1580-07,-0.08428240912651255,1
TCGA-BH-A0W3-01A-11R-A109-07,-0.046514472452089915,1
TCGA-13-1487-01A-01R-1565-13,-0.10653685556887732,1
TCGA-CZ-5464-01A-01R-1503-07,-0.06915715916088802,0
TCGA-HC-A8D1-01A-11R-A36G-07,-0.12605157360922079,1
TCGA-13-0884-01B-01R-1565-13,-0.11693805507110208,0
TCGA-D8-A1JD-01A-11R-A13Q-07,-0.048364533798508594,1
TCGA-61-2009-01A-01R-1568-13,-0.06325811164409505,0
TCGA-J4-A67N-01A-11R-A30B-07,0.03180179540973837,1
TCGA-66-2788-01A-01R-0980-07,-0.10360969121521423,1
TCGA-EJ-5501-01A-01R-1580-07,-0.08953117068995375,1
TCGA-BC-4072-01B-11R-A155-07,0.08009421322318482,1
TCGA-LN-A5U7-01A-11R-A31P-31,-0.3460678518908732,1
TCGA-IG-A4QT-01A-21R-A260-31,-0.05199712280627496,1
TCGA-YL-A9WX-01A-21R-A41O-07,-0.07194908259461194,1
TCGA-3A-A9IL-01A-11R-A38C-07,0.07853722644723043,1
TCGA-AD-6965-01A-11R-1928-07,-0.09449873132200043,1
TCGA-60-2704-01A-11R-2045-07,-0.044080129182205656,1
TCGA-AA-3514-01A-02R-0821-07,0.07736365063011029,1
TCGA-IB-A5ST-01A-11R-A32O-07,-0.3202419504439105,1
TCGA-BH-A0DQ-01A-11R-A084-07,-0.04213402757095299,1
TCGA-D8-A1XY-01A-11R-A14M-07,-0.04242238995529218,1
TCGA-ZG-A9LB-01A-11R-A41O-07,0.0796596928841723,1
TCGA-L5-A4OR-01A-11R-A260-31,-0.28852133202601804,1
TCGA-LD-A74U-01A-13R-A33J-07,-0.03785465582461252,1
TCGA-B8-4148-01A-02R-1325-07,-0.06234993149453597,1
TCGA-77-8009-01A-11R-2187-07,-0.05067928753644059,1
TCGA-55-7574-01A-11R-2039-07,-0.09225726649539746,1
TCGA-XA-A8JR-01A-11R-A36G-07,-0.1227639011576565,0
TCGA-B0-5095-01A-01R-1420-07,-0.051976270062180314,1
TCGA-NC-A5HE-01A-11R-A26W-07,-0.022054951755063838,1
TCGA-RC-A6M4-01A-11R-A32O-07,-0.09999311597048464,1
TCGA-EJ-A8FN-01A-11R-A352-07,-0.10449830646892502,1
TCGA-2Z-A9JK-01A-11R-A42S-07,-0.061804397002322535,1
TCGA-69-8254-01A-11R-2287-07,-0.0987621981348385,0
TCGA-67-6217-01A-11R-1755-07,-0.12158880854170533,1
TCGA-55-7994-01A-11R-2187-07,-0.07075851189287177,1
TCGA-55-8090-01A-11R-2241-07,-0.09552384172267347,0
TCGA-LN-A5U5-01A-21R-A28J-31,-0.2159356821860633,1
TCGA-66-2768-01A-01R-0851-07,-0.05479948550670784,1
TCGA-WQ-AB4B-01A-11R-A41C-07,-0.10094831854331071,1
TCGA-77-6844-01A-11R-1949-07,-0.07558398044614817,1
TCGA-A8-A07Z-01A-11R-A00Z-07,-0.016937562539679422,1
TCGA-AA-3977-01A-01R-1022-07,-0.07783883687074854,0
TCGA-AC-A3W7-01A-11R-A22K-07,-0.029943281953196153,1
TCGA-CC-5263-01A-01R-A131-07,0.20040236837156064,1
TCGA-18-3411-01A-01R-0980-07,-0.05285674044452828,1
TCGA-DM-A0XD-01A-12R-A155-07,-0.09009579556270364,0
TCGA-OL-A5RU-01A-11R-A28M-07,-0.035367763755004174,1
TCGA-33-AASB-01A-11R-A405-07,0.029365744085917658,1
TCGA-B6-A0RG-01A-11R-A056-07,-0.0330743426390964,1
TCGA-DD-AAC8-01A-11R-A41C-07,-0.028821603427570123,1
TCGA-VP-A87D-01A-11R-A352-07,-0.06440492595720736,1
TCGA-BH-A0HX-01A-21R-A056-07,-0.03974729528318715,1
TCGA-BP-4353-01A-02R-1289-07,-0.05186076326458169,0
TCGA-66-2793-01A-01R-1201-07,-0.018070497036712065,1
TCGA-E2-A15A-01A-11R-A12D-07,-0.04255589003484874,1
TCGA-61-2094-01A-01R-1568-13,-0.027264129042030585,0
TCGA-AA-3502-01A-01R-1410-07,-0.06372616038003556,1
TCGA-E9-A22G-01A-11R-A157-07,0.011990915833534876,1
TCGA-A3-3325-01A-01R-0864-07,-0.07864826445625363,0
TCGA-BP-4176-01A-02R-1289-07,-0.04734048826047818,1
TCGA-09-1669-01A-01R-1566-13,-0.11520174758017268,1
TCGA-04-1365-01A-01R-1565-13,-0.09923485784747287,1
TCGA-2Z-A9JS-01A-21R-A42S-07,-0.23488795432118273,1
TCGA-AR-A0U4-01A-11R-A109-07,0.006446051862481376,1
TCGA-B0-5713-01A-11R-1672-07,-0.09420659492376224,0
TCGA-L3-A4E7-01A-11R-A24Z-07,-0.035770407131845955,1
TCGA-G7-6795-01A-11R-1965-07,-0.1131495834529597,0
TCGA-AY-5543-01A-01R-1653-07,-0.08229607175661811,0
TCGA-G4-6294-01A-11R-1774-07,-0.07826080406820513,1
TCGA-CM-5344-01A-21R-1723-07,-0.06059399661440478,0
TCGA-TK-A8OK-01A-22R-A36G-07,0.03345696594791488,0
TCGA-VR-AA4G-01A-11R-A37I-31,-0.34766676970171234,1
TCGA-JY-A93C-01A-11R-A38D-31,-0.21812110171343396,1
TCGA-G9-6356-01A-11R-1789-07,-0.12006666543969478,0
TCGA-A2-A0ER-01A-21R-A034-07,-0.039459610547812184,1
TCGA-62-A46O-01A-11R-A24H-07,0.011458914198115485,1
TCGA-BQ-5885-01A-11R-1592-07,-0.062207056723797595,1
TCGA-E2-A1IN-01A-11R-A13Q-07,-0.057675605188724804,1
TCGA-NJ-A55R-01A-11R-A262-07,-0.058871782551396114,0
TCGA-A3-3383-01A-02R-1325-07,0.09965134433384217,1
TCGA-B4-5844-01A-11R-1672-07,-0.06754568990247455,1
TCGA-CJ-5676-01A-11R-1541-07,-0.019422199969080133,1
TCGA-MH-A561-01A-11R-A26U-07,-0.19098907895314748,1
TCGA-96-A4JL-01A-11R-A24Z-07,-0.027087981894649556,0
TCGA-KK-A6DY-01A-12R-A311-07,-0.0857490599844562,1
TCGA-2Z-A9JP-01A-11R-A42S-07,-0.1981886520138519,1
TCGA-VR-A8ER-01A-11R-A36D-31,-0.23638337028652412,1
TCGA-24-2288-01A-01R-1568-13,-0.06844421363100718,1
TCGA-A8-A0AD-01A-11R-A056-07,-0.040251846529757995,1
TCGA-B6-A0IQ-01A-11R-A034-07,0.0040057445103950364,1
TCGA-DM-A28A-01A-21R-A32Y-07,-0.07732950873903312,1
TCGA-09-0369-01A-01R-1564-13,-0.029485890016055994,1
TCGA-G7-A8LD-01A-11R-A36F-07,0.1549745703861795,1
TCGA-A4-7732-01A-11R-2139-07,-0.2081775084836834,1
TCGA-QU-A6IP-01A-11R-A31N-07,-0.11121042505994858,1
TCGA-DD-A1EG-01A-11R-A213-07,-0.09620414273482476,0
TCGA-BP-5004-01A-01R-1334-07,-0.0728040836352369,0
TCGA-BP-5006-01A-01R-1334-07,-0.08172368307867282,1
TCGA-A6-6781-01A-22R-A278-07,0.20220179112763634,1
TCGA-CA-5255-01A-11R-1839-07,-0.09190788653095916,0
TCGA-66-2782-01A-01R-0851-07,-0.05049735997099327,1
TCGA-MP-A4SY-01A-21R-A24X-07,-0.09458377704141743,1
TCGA-44-3398-01A-01R-1107-07,-0.03970165452940186,1
TCGA-97-8171-01A-11R-2287-07,0.012301387688091163,1
TCGA-BH-A0BG-01A-11R-A115-07,-0.009994162886776164,0
TCGA-B0-4834-01A-01R-1305-07,0.14768214198438276,0
TCGA-A2-A25B-01A-11R-A169-07,-0.038894329242279105,1
TCGA-70-6723-01A-11R-1820-07,-0.05298527238742463,1
TCGA-KK-A8IJ-01A-11R-A352-07,-0.08829974273484904,1
TCGA-CZ-5986-01A-11R-1672-07,-0.022002420485439423,1
TCGA-BH-A1EN-01A-11R-A13Q-07,0.004739640360460181,1
TCGA-CH-5768-01A-11R-1580-07,-0.06810933978745488,1
TCGA-B0-4846-01A-01R-1277-07,-0.08198132475832338,1
TCGA-E2-A2P6-01A-11R-A19W-07,-0.024103597809717433,1
TCGA-AK-3434-01A-02R-1277-07,-0.07158619010698478,1
TCGA-WW-A8ZI-01A-11R-A37L-07,0.008516379551865095,1
TCGA-56-7730-01A-11R-2125-07,-0.05027677531662354,1
TCGA-3A-A9I9-01A-11R-A38C-07,-0.33669358527325927,0
TCGA-EP-A2KC-01A-11R-A213-07,-0.09482526613187003,1
TCGA-AO-A1KO-01A-31R-A13Q-07,-0.00010687394012620871,1
TCGA-BH-A18K-01A-11R-A12D-07,-0.04472927334415496,1
TCGA-D8-A147-01A-11R-A115-07,-0.009100956783131916,1
TCGA-24-0979-01A-01R-1565-13,-0.10112704027024799,0
TCGA-HC-7821-01A-12R-2118-07,-0.038178342294783986,1
TCGA-3A-A9IU-01A-11R-A39D-07,-0.32099473674021767,1
TCGA-AC-A3QP-01A-11R-A22U-07,-0.011665404359974303,1
TCGA-E9-A226-01A-21R-A157-07,-0.04040842574693162,1
TCGA-MP-A4T7-01A-11R-A24X-07,-0.08231882581317916,1
TCGA-HE-7129-01A-11R-1965-07,-0.2074007720121751,1
TCGA-91-7771-01A-11R-2170-07,-0.07700130094743057,1
TCGA-CC-A7IK-01A-12R-A33R-07,0.06611146066816477,1
TCGA-AD-6895-01A-11R-1928-07,-0.028516300444310225,1
TCGA-2Z-A9JN-01A-21R-A42S-07,-0.02101466960213696,1
TCGA-Y8-A898-01A-11R-A355-07,-0.20985418762983538,1
TCGA-24-1545-01A-01R-1566-13,-0.06535868050374705,1
TCGA-60-2711-01A-01R-0851-07,-0.06594454158068148,1
TCGA-US-A77G-01A-11R-A32O-07,-0.25629454291351955,1
TCGA-44-5645-01B-04R-A277-07,0.047680910978204635,1
TCGA-23-1109-01A-01R-1564-13,-0.10106748576797396,1
TCGA-DD-A1EJ-01A-11R-A155-07,-0.024254754171968578,1
TCGA-CK-6748-01A-11R-1839-07,-0.018950063612348893,0
TCGA-HE-A5NH-01A-11R-A26U-07,-0.22006828064012648,0
TCGA-LL-A50Y-01A-11R-A266-07,-0.010398684099311179,1
TCGA-BP-5173-01A-01R-1426-07,-0.026416887006127196,0
TCGA-V1-A9O7-01A-21R-A41O-07,-0.0452348159595315,0
TCGA-L5-A4OJ-01A-11R-A260-31,-0.24192051034823528,1
TCGA-05-4434-01A-01R-1206-07,-0.08577535738387435,1
TCGA-AZ-4682-01B-01R-A32Z-07,-0.09120288934327055,1
TCGA-D8-A1J9-01A-11R-A13Q-07,-0.0380052138878076,1
TCGA-CH-5746-01A-11R-1580-07,-0.12390432559341032,0
TCGA-KV-A6GD-01A-11R-A31O-07,-0.18309442999537742,1
TCGA-B0-4707-01A-01R-1277-07,0.10411343492471373,1
TCGA-58-8393-01A-11R-2326-07,-0.07004323613925695,1
TCGA-FV-A495-01A-11R-A266-07,-0.07057748329883273,1
TCGA-99-8033-01A-11R-2241-07,-0.08088894911722821,1
TCGA-77-8139-01A-11R-2247-07,-0.06850955348416729,1
TCGA-ED-A5KG-01A-11R-A27V-07,0.2055853727134621,1
TCGA-94-7033-01A-11R-1949-07,-0.004431200186541181,1
TCGA-AA-3530-01A-01R-1022-07,-0.07149536944698437,1
TCGA-ZG-A9L1-01A-11R-A41O-07,0.029729724452782734,1
TCGA-FR-A3R1-01A-11R-A239-07,-0.48604821804476944,1
TCGA-2Z-A9JL-01A-11R-A42S-07,-0.1655772398404004,1
TCGA-20-0987-01A-02R-1564-13,0.026559995344719464,0
TCGA-59-2363-01A-01R-1569-13,-0.044821339604584905,1
TCGA-24-1419-01A-01R-1565-13,-0.061335706087865906,1
TCGA-BH-A1FH-01A-12R-A13Q-07,-0.026181958437259924,1
TCGA-B6-A0IA-01A-11R-A034-07,0.006287758205815594,1
TCGA-98-7454-01A-11R-2045-07,-0.019466815613530482,0
TCGA-5P-A9JZ-01A-11R-A42S-07,-0.23440922628693875,1
TCGA-55-6984-01A-11R-1949-07,-0.06280728432209251,1
TCGA-HC-8264-01B-11R-2403-07,-0.030054397150131855,1
TCGA-G4-6314-01A-11R-1723-07,-0.05349296375180078,1
TCGA-68-8250-01A-11R-2296-07,-0.06874942484172519,1
TCGA-29-1769-01A-01R-1567-13,-0.07498006413472293,0
TCGA-EU-5905-01A-11R-1672-07,-0.03002486671208718,1
TCGA-F9-A7Q0-01A-11R-A36F-07,-0.12207227880250646,1
TCGA-DD-AACN-01A-11R-A41C-07,-0.009292822673030611,0
TCGA-A8-A079-01A-21R-A00Z-07,-0.022158606320066734,1
TCGA-D8-A1JN-01A-11R-A13Q-07,-0.019010766906450875,1
TCGA-A8-A08B-01A-11R-A00Z-07,-0.029285387493148393,1
TCGA-JY-A6FD-01A-11R-A336-31,-0.31973028123882224,1
TCGA-A8-A086-01A-11R-A00Z-07,-0.04786524219344744,1
TCGA-13-2060-01A-01R-1568-13,-0.04841423215802214,1
TCGA-HC-8265-01B-04R-2302-07,0.41278107771738615,1
TCGA-S4-A8RP-01A-11R-A36G-07,-0.3835883253320404,1
TCGA-A8-A09Z-01A-11R-A00Z-07,0.010118015539202146,1
TCGA-CK-6751-01A-11R-1839-07,-0.1203750442117751,0
TCGA-RB-A7B8-01A-12R-A33R-07,-0.3746775778871116,1
TCGA-68-7755-01A-11R-2125-07,-0.08466717115629818,0
TCGA-66-2759-01A-01R-0851-07,-0.08345904756673078,1
TCGA-AA-A00J-01A-02R-A002-07,-0.05098520581124514,1
TCGA-L5-A8NL-01A-12R-A37I-31,-0.24356443865368343,1
TCGA-24-1557-01A-01R-1566-13,-0.09775905587572119,1
TCGA-A7-A3IY-01A-21R-A21T-07,-0.01812891157045092,1
TCGA-B8-4151-01A-01R-1188-07,-0.008344563898378676,1
TCGA-61-1914-01A-01R-1567-13,-0.062256935508903224,1
TCGA-IG-A3Y9-01A-12R-A24K-31,-0.23189478062892716,1
TCGA-L5-A891-01A-11R-A36D-31,-0.12137432597759054,1
TCGA-BP-4983-01A-01R-1334-07,0.16130317025443933,1
TCGA-04-1514-01A-01R-1566-13,-0.029469770155659242,1
TCGA-NJ-A55A-01A-11R-A262-07,-0.08819115379841283,1
TCGA-A8-A09I-01A-22R-A034-07,-0.042052169090887416,1
TCGA-AR-A251-01A-12R-A169-07,0.01683047138742259,1
TCGA-60-2715-01A-01R-0851-07,-0.030707402863348623,1
TCGA-D9-A4Z3-01A-11R-A266-07,-0.4343141717325342,1
TCGA-E2-A14Q-01A-11R-A12D-07,-0.05291833494105249,0
TCGA-EW-A1P7-01A-21R-A144-07,0.00018781767393475217,1
TCGA-HV-AA8X-01A-11R-A39D-07,-0.2483337574468477,1
TCGA-ZG-A9L4-01A-11R-A41O-07,-0.03416939166790028,1
TCGA-VN-A88L-01A-11R-A352-07,-0.08493901163512652,1
TCGA-Z7-A8R5-01A-42R-A41B-07,0.0052162184156079585,1
TCGA-IG-A51D-01A-11R-A36D-31,-0.30239552272669484,0
TCGA-5P-A9K9-01A-11R-A42S-07,0.0019583114750365087,1
TCGA-23-1114-01B-01R-1566-13,-0.07072463109622298,1
TCGA-IZ-A6M9-01A-11R-A31O-07,-0.14653208157405004,1
TCGA-44-2662-01B-02R-A277-07,0.04246767285521827,1
TCGA-A8-A08C-01A-11R-A00Z-07,-0.04219399514485717,1
TCGA-36-1568-01A-01R-1566-13,-0.06366755066495355,1
TCGA-MN-A4N1-01A-11R-A24X-07,-0.051567587791052076,0
TCGA-C8-A12X-01A-11R-A115-07,-0.01499967250663833,1
TCGA-63-5131-01A-01R-1443-07,-0.06317156641518885,1
TCGA-G9-6499-01A-12R-1965-07,-0.06794456118509064,1
TCGA-L5-A43M-01A-11R-A24K-31,-0.21326753398378706,1
TCGA-C8-A275-01A-21R-A16F-07,-0.02502188334605592,1
TCGA-A6-5664-01A-21R-1839-07,-0.05448850730519799,0
TCGA-4B-A93V-01A-11R-A39D-07,0.0016649096988315517,1
TCGA-G9-6364-01A-21R-1789-07,-0.03435199192295474,1
TCGA-YH-A8SY-01A-11R-A37L-07,-0.32284132372056895,1
TCGA-BP-4760-01A-02R-1420-07,-0.0030557049901573582,1
TCGA-DD-AAVU-01A-11R-A41C-07,-0.08647072692356392,1
TCGA-XN-A8T5-01A-12R-A36G-07,-0.38151020738195135,0
TCGA-55-8207-01A-11R-2241-07,-0.09805164389518624,1
TCGA-DD-AAVV-01A-11R-A41C-07,-0.05761997141377972,1
TCGA-FV-A2QR-01A-11R-A213-07,-0.06942680758552329,1
TCGA-DD-AAEE-01A-11R-A41C-07,-0.08188380296016351,1
TCGA-B8-5159-01A-01R-1420-07,-0.04726594026160086,1
TCGA-2A-A8VX-01A-11R-A37L-07,-0.03389217234963424,0
TCGA-AA-A03F-01A-11R-A16W-07,0.07701561622755804,1
TCGA-91-8497-01A-11R-2403-07,-0.09430708221006372,1
TCGA-EW-A1OV-01A-11R-A144-07,-0.029359060368130296,0
TCGA-XP-A8T8-01A-11R-A36D-31,-0.31347394033721787,1
TCGA-61-1736-01B-01R-1568-13,-0.07948835927379433,0
TCGA-20-1682-01A-01R-1564-13,-0.017330222494893455,1
TCGA-FB-AAPQ-01A-11R-A41B-07,-0.21996205991384418,1
TCGA-AA-3950-01A-02R-1022-07,0.039045199351560735,1
TCGA-CK-4951-01A-01R-1410-07,-0.052915330227127126,1
TCGA-BH-A0RX-01A-21R-A084-07,-0.0035437718146528554,0
TCGA-CJ-5671-01A-11R-1541-07,-0.03633841769801457,1
TCGA-EW-A1IY-01A-11R-A13Q-07,-0.02223441978283869,1
TCGA-E2-A1IE-01A-11R-A13Q-07,-0.042052829692116295,1
TCGA-HI-7170-01A-11R-2118-07,-0.026098816590436193,0
TCGA-A3-A6NL-01A-11R-A33J-07,-0.0779386390460008,1
TCGA-EW-A1PD-01A-11R-A144-07,-0.042401814048262716,1
TCGA-B6-A0IO-01A-11R-A034-07,-0.03766161113290375,0
TCGA-50-5931-01A-11R-1755-07,0.03493666211843883,1
TCGA-HZ-A4BH-01A-11R-A26U-07,-0.34935656588313135,1
TCGA-ZG-A9KY-01A-11R-A41O-07,0.07645804375018354,1
TCGA-EJ-5507-01A-01R-1580-07,0.02448670826125222,1
TCGA-CH-5751-01A-11R-1580-07,0.201476301847239,1
TCGA-AA-3844-01A-01R-1022-07,-0.09320022945113489,1
TCGA-EB-A57M-01A-51R-A311-07,-0.6246312811476128,1
TCGA-BP-4351-01A-01R-1289-07,-0.011402581698040109,0
TCGA-DD-A11B-01A-11R-A131-07,-0.03211864163110989,1
TCGA-BQ-7045-01A-31R-1965-07,-0.16667772042757253,0
TCGA-BH-A0BD-01A-11R-A034-07,-0.042559987307459725,1
TCGA-BQ-5881-01A-11R-1592-07,-0.16231534070511994,1
TCGA-25-1871-01A-01R-1567-13,-0.05609924090504567,1
TCGA-61-1740-01A-01R-1567-13,-0.07717006885686394,1
TCGA-33-AASJ-01A-11R-A405-07,-0.0541797914666186,1
TCGA-CC-A123-01A-11R-A131-07,-0.02077806888096967,1
TCGA-YG-AA3N-01A-11R-A38C-07,-0.6926831385751973,0
TCGA-E2-A156-01A-11R-A12D-07,-0.05730394579061468,0
TCGA-EW-A1PB-01A-11R-A144-07,0.03030050824213343,0
TCGA-XK-AAJT-01A-11R-A41O-07,-0.06451166717254185,1
TCGA-EB-A550-01A-61R-A27Q-07,-0.33307605040888,1
TCGA-S3-A6ZF-01A-32R-A32P-07,-0.041937895485052536,1
TCGA-13-1408-01A-01R-1565-13,-0.07403270635415199,1
TCGA-29-1690-01A-01R-1566-13,-0.012023855488261912,1
TCGA-05-4425-01A-01R-1755-07,-0.0646435886883694,1
TCGA-X8-AAAR-01A-11R-A406-31,-0.18566097163326722,1
TCGA-JL-A3YX-01A-11R-A22U-07,-0.0236143165439369,1
TCGA-IG-A3YA-01A-11R-A24K-31,-0.2770376535307804,0
TCGA-HV-AA8V-01A-11R-A41B-07,-0.41079292498668085,1
TCGA-IB-AAUO-01A-12R-A38C-07,-0.2224664073803607,1
TCGA-B6-A0I8-01A-11R-A034-07,-0.024406577502906885,1
TCGA-FB-A545-01A-11R-A26U-07,-0.2564714266110591,1
TCGA-BH-A18H-01A-11R-A12D-07,-0.03503989455173267,1
TCGA-AK-3445-01A-02R-1277-07,-0.019853090921450392,1
TCGA-25-1317-01A-01R-1565-13,-0.09615256874041365,1
TCGA-BP-5200-01A-01R-1426-07,-0.048310057775758704,1
TCGA-E9-A5FK-01A-11R-A27Q-07,0.0005970902081212423,1
TCGA-BH-A1EW-01A-11R-A137-07,-0.042243075416125465,1
TCGA-NC-A5HN-01A-11R-A26W-07,-0.060078659244484744,1
TCGA-13-0760-01A-01R-1564-13,-0.02714464464524945,0
TCGA-AA-3970-01A-01R-1022-07,-0.08567959681502352,0
TCGA-YL-A9WI-01A-11R-A37L-07,0.005708445301379793,1
TCGA-AA-A01T-01A-21R-A16W-07,0.00038770582595383084,1
TCGA-AN-A0G0-01A-11R-A034-07,0.007064971799543673,1
TCGA-77-A5GB-01B-11R-A27Q-07,-0.05390651017151353,1
TCGA-85-8481-01A-11R-2326-07,-0.04825617200876627,0
TCGA-E2-A107-01A-11R-A10J-07,-0.031968851150476776,1
TCGA-J2-8192-01A-11R-2241-07,-0.09440606053231122,1
TCGA-Z7-A8R6-01A-11R-A41B-07,-0.0320440025222174,1
TCGA-B8-4153-01B-11R-1672-07,-0.05265482102281944,1
TCGA-BH-A0AY-01A-21R-A00Z-07,-0.0450872874702968,1
TCGA-A1-A0SQ-01A-21R-A144-07,-0.030650408466605262,1
TCGA-22-5477-01A-01R-1635-07,-0.07390440343665522,1
TCGA-AA-A02K-01A-03R-A32Y-07,-0.03386515966195247,1
TCGA-AA-3531-01A-01R-0821-07,-0.050809705079884165,1
TCGA-85-8351-01A-11R-2296-07,-0.06928946462528354,1
TCGA-R6-A8WG-01A-11R-A37I-31,-0.22924091777685154,1
TCGA-2J-AABR-01A-11R-A41B-07,-0.40869814555595546,1
TCGA-CJ-4884-01A-01R-1305-07,-0.05581798472703128,1
TCGA-XV-A9W2-01A-11R-A39D-07,-0.5146136847816555,1
TCGA-DD-A11A-01A-11R-A131-07,-0.06135646747906932,0
TCGA-38-4631-01A-01R-1755-07,0.005955919531265626,1
TCGA-V1-A8MM-01A-11R-A37L-07,-0.03719443340245657,1
TCGA-13-0726-01A-01R-1564-13,-0.03457906967170323,1
TCGA-HZ-8005-01A-11R-2204-07,-0.1775078000528575,1
TCGA-BH-A18J-01A-11R-A12D-07,-0.034856384836681686,1
TCGA-60-2708-01A-01R-0851-07,-0.06797243800037636,1
TCGA-AO-A1KT-01A-11R-A13Q-07,-0.032387133091377064,1
TCGA-A2-A3KC-01A-11R-A213-07,-0.043763629634992626,1
TCGA-EJ-5498-01A-01R-1580-07,-0.01786389789048525,1
TCGA-AO-A0JF-01A-11R-A056-07,-0.05116667266757372,1
TCGA-E9-A1R6-01A-11R-A14D-07,-0.03309741992583363,1
TCGA-A7-A0CD-01A-11R-A00Z-07,-0.04156936936196581,0
TCGA-29-1699-01A-01R-1567-13,-0.064796744315053,1
TCGA-CJ-6028-01A-11R-1672-07,-0.010618134598503191,1
TCGA-24-1843-01A-01R-1567-13,-0.07645334051055577,1
TCGA-AA-A01R-01A-21R-A083-07,0.0462594450056169,1
TCGA-G9-A9S0-01A-11R-A41O-07,0.019978928362282416,1
TCGA-XV-AAZY-01A-12R-A40A-07,-0.7304035005901093,0
TCGA-AK-3465-01A-02R-1325-07,0.2013178036442958,1
TCGA-AA-3812-01A-01R-0905-07,0.09044860822983564,1
TCGA-77-A5GF-01A-21R-A27Q-07,-0.09183586134999323,0
TCGA-HC-A4ZV-01A-11R-A26U-07,0.052110405897059245,1
TCGA-H9-7775-01A-11R-2118-07,-0.1096311533645492,0
TCGA-60-2696-01A-01R-0851-07,-0.05147090777691917,1
TCGA-13-0900-01B-01R-1565-13,-0.051798037581253384,1
TCGA-85-8666-01A-11R-2403-07,-0.1007005845296756,1
TCGA-4H-AAAK-01A-12R-A41B-07,-0.048875633114592455,0
TCGA-BH-A0BC-01A-22R-A084-07,-0.04438953096447339,0
TCGA-C8-A3M7-01A-12R-A21T-07,-0.03605243212474482,0
TCGA-AR-A2LN-01A-21R-A18M-07,-0.033161837760299594,1
TCGA-2Z-A9J5-01A-21R-A38C-07,-0.18786834225890206,1
TCGA-AA-A01X-01A-21R-A083-07,0.02102124307092689,1
TCGA-C8-A134-01A-11R-A115-07,0.006421075404697937,1
TCGA-HV-A5A6-01A-11R-A26U-07,-0.24572869394935015,0
TCGA-D8-A140-01A-11R-A115-07,-0.044285733613244324,1
TCGA-F9-A4JJ-01A-11R-A24Z-07,0.04788312403028622,1
TCGA-AR-A24O-01A-11R-A169-07,-0.04498678721295807,1
TCGA-G3-AAUZ-01A-11R-A38B-07,-0.08095522808268668,1
TCGA-63-A5MM-01A-11R-A26W-07,-0.014798290774447163,1
TCGA-AN-A0FN-01A-11R-A034-07,-0.03070677113644169,1
TCGA-GL-A59R-01A-11R-A26U-07,-0.24982386808897367,1
TCGA-2H-A9GG-01A-11R-A37I-31,-0.10543206022656253,1
TCGA-C8-A130-01A-31R-A115-07,-0.02909414861082604,1
TCGA-2H-A9GF-01A-11R-A37I-31,-0.2151705186388302,0
TCGA-55-5899-01A-11R-1628-07,-0.0015032835229176038,1
TCGA-B0-4713-01A-01R-1277-07,0.0441162996688834,1
TCGA-A8-A09Q-01A-11R-A00Z-07,-0.03366739617078446,1
TCGA-VR-AA4D-01A-11R-A37I-31,-0.21503183763927772,0
TCGA-36-1578-01A-01R-1566-13,-0.035586338740368935,1
TCGA-AR-A1AY-01A-21R-A12P-07,-0.00576459568216709,1
TCGA-86-8278-01A-11R-2287-07,-0.09650533199765249,0
TCGA-A2-A0YK-01A-22R-A109-07,-0.03984790089748678,1
TCGA-78-7163-01A-12R-2066-07,0.0057869996132081936,1
TCGA-A8-A06R-01A-11R-A00Z-07,-0.01740301403492218,1
TCGA-HC-7752-01A-11R-2118-07,0.07897825572184733,1
TCGA-A8-A07J-01A-11R-A00Z-07,-0.0470127256694413,1
TCGA-HC-7749-01A-11R-2118-07,-0.11205930542131923,0
TCGA-HC-A6HX-01A-11R-A31N-07,0.0682291301632251,1
TCGA-56-A4BW-01A-11R-A24H-07,-0.06035665280016222,1
TCGA-BP-4162-01A-02R-1325-07,-0.07568893726792111,1
TCGA-34-7107-01A-11R-1949-07,-0.07414355394966439,1
TCGA-DD-AAE4-01A-11R-A41C-07,-0.07150876814447342,1
TCGA-13-1510-01A-02R-1565-13,-0.0677140878445838,1
TCGA-57-1585-01A-01R-1566-13,-0.06327379461957618,1
TCGA-56-8305-01A-11R-2296-07,-0.08276207891319967,1
TCGA-CJ-4874-01A-01R-1305-07,-0.0773908473913331,1
TCGA-B6-A0RH-01A-21R-A115-07,-0.0235690918455181,0
TCGA-HZ-A77O-01A-11R-A33R-07,-0.27950822397056474,1
TCGA-24-1463-01A-01R-1566-13,-0.04766369400263969,1
TCGA-A8-A07S-01A-11R-A034-07,-0.04526104646015243,1
TCGA-3C-AAAU-01A-11R-A41B-07,-0.01529064693524567,1
TCGA-AO-A03M-01B-11R-A10J-07,-0.03255664109370213,1
TCGA-73-4659-01A-01R-1206-07,-0.0926987887182691,1
TCGA-CZ-5453-01A-01R-1503-07,-0.05228126166182656,1
TCGA-94-8035-01A-11R-2247-07,-0.0790986533107788,1
TCGA-39-5031-01A-01R-1443-07,-0.07487750696800816,1
TCGA-75-5146-01A-01R-1628-07,-0.05929429111745591,1
TCGA-YL-A8S8-01A-11R-A37L-07,-0.01909050805174841,0
TCGA-77-A5G6-01A-11R-A27Q-07,-0.06834429850306793,1
TCGA-A7-A4SF-01A-11R-A266-07,-0.017706110671798597,1
TCGA-EB-A553-01A-12R-A27Q-07,-0.5385343728690417,1
TCGA-AA-3939-01A-01R-1022-07,-0.044902815883402385,1
TCGA-E2-A14N-01A-31R-A137-07,0.009182073812307397,1
TCGA-CJ-6030-01A-11R-1672-07,-0.05864305174547202,1
TCGA-J4-A67M-01A-11R-A30B-07,0.002163602882394162,1
TCGA-BP-5198-01A-01R-1426-07,-0.029671346733970542,1
TCGA-NK-A7XE-01A-12R-A405-07,-0.009153584039518147,1
TCGA-HC-7209-01A-11R-2118-07,-0.051193214007676166,1
TCGA-HZ-8315-01A-11R-2404-07,-0.37760836570741363,1
TCGA-86-8076-01A-31R-2241-07,-0.10444129216647484,1
TCGA-A6-6650-01A-11R-A278-07,0.010691510291731257,1
TCGA-62-A46U-01A-11R-A24H-07,-0.0870519833048832,1
TCGA-BH-A18U-01A-21R-A12D-07,-0.03178379468435923,1
TCGA-55-6712-01A-11R-1858-07,-0.08349528195055236,1
TCGA-BP-4761-01A-01R-1289-07,0.2663169971651759,1
TCGA-D8-A1XK-01A-21R-A14M-07,0.016939423071095847,1
TCGA-63-A5MI-01A-12R-A27Q-07,-0.06330145709272822,1
TCGA-MP-A4TF-01A-11R-A262-07,-0.06593154125443161,1
TCGA-DD-AACF-01A-11R-A41C-07,-0.0711371563772243,1
TCGA-ZG-A9LZ-01A-11R-A41O-07,-0.05407310069350638,1
TCGA-05-4250-01A-01R-1107-07,-0.06769149946793536,1
TCGA-95-A4VP-01A-21R-A262-07,-0.058575578465090594,1
TCGA-AA-3877-01A-01R-1022-07,-0.06338557096363066,1
TCGA-AK-3426-01A-02R-1325-07,0.113437546849303,1
TCGA-A3-3382-01A-02R-1325-07,-0.011913979752461123,1
TCGA-IC-A6RE-01A-11R-A336-31,-0.2287197527076942,0
TCGA-A8-A08O-01A-21R-A056-07,-0.04705227276592946,1
TCGA-B9-A5W7-01A-11R-A31O-07,-0.23597012967196204,0
TCGA-33-A5GW-01A-11R-A27Q-07,-0.06694819397991038,0
TCGA-G3-AAV7-01A-11R-A38B-07,0.09012803237007787,0
TCGA-5P-A9K8-01A-11R-A42S-07,-0.015337548391476365,1
TCGA-BP-5007-01A-01R-1334-07,-0.09548552506475555,0
TCGA-A3-3365-01A-01R-0864-07,-0.04273006217968026,1
TCGA-44-7659-01A-11R-2066-07,-0.0924611993070462,1
TCGA-61-2003-01A-01R-1568-13,-0.062205088098807766,1
TCGA-D5-6898-01A-11R-1928-07,-0.06230847224115812,1
TCGA-GM-A2DC-01A-11R-A18M-07,-0.009446609118009937,1
TCGA-5P-A9KF-01A-11R-A42S-07,-0.1934666954244571,1
TCGA-BP-4161-01A-02R-1325-07,-0.0795595258415294,1
TCGA-36-1576-01A-01R-1566-13,-0.07023454764550226,1
TCGA-DD-A4NK-01A-11R-A28V-07,-0.09275016865140076,1
TCGA-CJ-4901-01A-01R-1426-07,-0.02130305193582727,1
TCGA-MI-A75I-01A-11R-A32O-07,-0.06687957495906334,1
TCGA-29-2414-01A-02R-1569-13,-0.09349017242275208,0
TCGA-BH-A0GY-01A-11R-A056-07,-0.04126575756579848,0
TCGA-97-8175-01A-11R-2287-07,-0.058475721203802934,1
TCGA-AL-3472-01A-01R-1193-07,-0.12658487189320755,1
TCGA-HZ-A77P-01A-11R-A33R-07,-0.3283415376479906,1
TCGA-A3-3352-01A-01R-0864-07,-0.0870581448112576,0
TCGA-A7-A26G-01A-21R-A169-07,-0.0123183369269276,0
TCGA-AO-A0JC-01A-11R-A056-07,0.026808799326714632,1
TCGA-AA-3875-01A-01R-0905-07,-0.10759580983710973,1
TCGA-D8-A1JJ-01A-31R-A14M-07,-0.03960085358004341,1
TCGA-Y6-A8TL-01A-21R-A37L-07,-0.12833631813150856,0
TCGA-J4-A6G3-01A-11R-A311-07,-0.06914279121420724,1
TCGA-13-0768-01A-01R-1569-13,0.009211687768873732,1
TCGA-A7-A6VW-01A-21R-A33J-07,0.044846325981618126,1
TCGA-J9-A8CP-01A-11R-A352-07,-0.05138064351736514,1
TCGA-P4-AAVK-01A-11R-A42S-07,-0.19585490583891502,1
TCGA-B0-5709-01A-11R-1541-07,-0.06478191904281534,1
TCGA-B6-A0RV-01A-11R-A084-07,-0.05394164374950475,1
TCGA-AA-A01V-01A-23R-A083-07,-0.05282365105631163,0
TCGA-G9-7510-01A-11R-2263-07,-0.11875937545789345,0
TCGA-D8-A73U-01A-11R-A33J-07,-0.02357945016521863,0
TCGA-DD-AAEK-01A-11R-A41C-07,-0.06320674694579424,1
TCGA-B0-5698-01A-11R-1672-07,-0.04185154426309254,1
TCGA-KC-A4BL-01A-31R-A250-07,-0.07131447877509188,1
TCGA-EJ-A7NM-01A-21R-A33R-07,-0.014374927026771274,1
TCGA-B2-5639-01A-01R-1541-07,-0.02272479155971618,1
TCGA-BH-A8FZ-01A-11R-A352-07,-0.017854334505161384,0
TCGA-22-5474-01A-01R-1635-07,-0.09222117024931856,1
TCGA-E2-A1IL-01A-11R-A14D-07,-0.05841956432143687,0
TCGA-D8-A1XV-01A-11R-A14M-07,-0.030456306106115702,1
TCGA-2Z-A9J3-01A-12R-A38C-07,-0.14720196711647357,1
TCGA-L5-A4OP-01A-11R-A260-31,-0.21596798599530778,1
TCGA-AO-A129-01A-21R-A10J-07,-0.008539858902964813,0
TCGA-B6-A0RL-01A-11R-A084-07,-0.01797070019408775,1
TCGA-61-1743-01A-01R-1568-13,-0.07971410195633595,1
TCGA-R6-A6Y0-01B-11R-A336-31,-0.27900705356338873,1
TCGA-77-7463-01A-11R-2045-07,-0.07094040706348069,1
TCGA-DD-AADW-01A-11R-A39D-07,0.0878756781443177,1
TCGA-AR-A1AP-01A-11R-A12P-07,-0.03847750067358344,1
TCGA-A2-A25F-01A-11R-A169-07,0.0014686212131874102,0
TCGA-AA-3862-01A-01R-1022-07,-0.06107644401531707,1
TCGA-G4-6306-01A-11R-1774-07,-0.0817858595942287,1
TCGA-EB-A3XC-01A-11R-A239-07,-0.576809816527581,0
TCGA-34-5927-01A-11R-1820-07,-0.043950896325889964,1
TCGA-AA-A017-01A-01R-A00A-07,-0.0681498894255492,1
TCGA-A4-A5XZ-01A-11R-A31O-07,-0.22582672406988363,1
TCGA-E2-A1LS-01A-12R-A157-07,0.029092309943180836,1
TCGA-L5-A8NV-01A-11R-A37I-31,-0.2594465910849655,1
TCGA-5P-A9KE-01A-11R-A42S-07,-0.23848134526266448,0
TCGA-61-1724-01A-01R-1568-13,-0.04875637800058659,1
TCGA-VR-A8EP-01A-31R-A406-31,-0.322189022853734,1
TCGA-YL-A8SL-01B-21R-A37L-07,0.02218764303927195,1
TCGA-G4-6310-01A-11R-1723-07,-0.018287842977876473,1
TCGA-G3-AAV2-01A-11R-A37K-07,-0.08157194861611089,1
TCGA-OL-A5RV-01A-12R-A28M-07,-0.04959246245597065,0
TCGA-KK-A8I6-01A-11R-A36G-07,-0.12060891579171859,0
TCGA-BH-A0B6-01A-11R-A19W-07,-0.022777816711264953,1
TCGA-G7-6789-01A-11R-1965-07,0.0207483750815626,1
TCGA-G9-A9S7-01A-11R-A41O-07,-0.06941139939903396,0
TCGA-78-8640-01A-11R-2403-07,-0.030823314305810253,1
TCGA-55-6971-01A-11R-1949-07,-0.09298355799496655,1
TCGA-DD-AAW2-01A-11R-A41C-07,-0.09139776192861841,1
TCGA-HV-A5A4-01A-11R-A26U-07,-0.35396421863558,1
TCGA-BP-4355-01A-01R-1289-07,-0.023021053685788974,1
TCGA-R6-A8W5-01B-11R-A37I-31,-0.2509673974262683,1
TCGA-CH-5752-01A-11R-1580-07,0.07103418637646665,1
TCGA-A7-A3RF-01A-11R-A22K-07,0.01257569319889515,1
TCGA-ED-A8O5-01A-11R-A36F-07,0.01316092030653965,1
TCGA-AA-3522-01A-01R-0821-07,-0.05376933807066974,1
TCGA-ER-A42H-01A-11R-A24X-07,-0.5212927982789157,1
TCGA-AL-3467-01A-02R-1351-07,0.11677775789063803,1
TCGA-55-8513-01A-11R-2403-07,-0.0864207838022709,1
TCGA-AD-6901-01A-11R-1928-07,-0.004250092964404719,0
TCGA-29-1694-01A-01R-1567-13,-0.06098376254119889,0
TCGA-LN-A49V-01A-11R-A24K-31,-0.17757914522850013,1
TCGA-55-6968-01A-11R-1949-07,-0.018036035028655313,1
TCGA-A4-8517-01A-11R-2404-07,-0.2399485389276865,1
TCGA-CZ-5461-01A-01R-1503-07,-0.07877982179525903,1
TCGA-D8-A1XZ-01A-11R-A14M-07,-0.030164849967381335,0
TCGA-AA-A00W-01A-01R-A002-07,-0.1161700753370005,1
TCGA-BP-4804-01A-02R-1305-07,-0.06750020536649673,1
TCGA-OL-A66J-01A-11R-A29R-07,-0.027439602209138696,1
TCGA-AY-4070-01A-01R-1113-07,-0.0014090223812530875,1
TCGA-V1-A8WW-01A-11R-A37L-07,0.04168734312095922,1
TCGA-B6-A40B-01A-11R-A239-07,-0.018307931411214583,1
TCGA-LN-A49U-01A-31R-A260-31,-0.3364535281686788,1
TCGA-AO-A03U-01B-21R-A10J-07,0.013229042171631412,1
TCGA-E2-A105-01A-11R-A10J-07,-0.02964700649022175,1
TCGA-CW-6097-01A-11R-1672-07,-0.0029455299869296362,0
TCGA-2Y-A9GS-01A-12R-A38B-07,-0.06491517446950508,1
TCGA-EW-A1J6-01A-11R-A13Q-07,1.9098826517086027e-05,0
TCGA-E9-A1RD-01A-11R-A157-07,-0.0551130126016631,1
TCGA-AD-A5EK-01A-11R-A28H-07,-0.05196405607330663,1
TCGA-2K-A9WE-01A-11R-A38C-07,-0.1563287316402294,1
TCGA-EJ-A7NF-01A-11R-A33R-07,-0.10755491643436671,1
TCGA-61-1721-01A-01R-1569-13,0.0903364194023457,1
TCGA-BP-4346-01A-01R-1289-07,-0.045524504854032984,1
TCGA-AA-3989-01A-01R-1022-07,-0.0966016746531798,1
TCGA-61-1998-01A-01R-1568-13,-0.12770337057675377,0
TCGA-05-4244-01A-01R-1107-07,-0.08189445698917247,1
TCGA-B8-A54K-01A-11R-A33J-07,0.040081967594002885,1
TCGA-5R-AA1D-01A-11R-A38B-07,0.11129230085768764,1
TCGA-34-5928-01A-11R-1820-07,-0.06601908407973403,1
TCGA-BH-A0HQ-01A-11R-A034-07,-0.05612130701168772,1
TCGA-CM-4746-01A-01R-1410-07,-0.05441243712139095,1
TCGA-50-6593-01A-11R-1755-07,-0.10174748122973462,1
TCGA-DV-A4W0-01A-11R-A266-07,-0.03135760218114631,1
TCGA-25-1634-01A-01R-1566-13,-0.0824353681210262,0
TCGA-50-6597-01A-11R-1858-07,0.02246841176101373,1
TCGA-AY-A54L-01A-11R-A28H-07,-0.09610350415039351,0
TCGA-BP-4774-01A-01R-1289-07,-0.058697991592592924,1
TCGA-66-2789-01A-01R-0980-07,-0.05074351967065868,0
TCGA-DM-A1D4-01A-21R-A155-07,-0.07250463311468465,1
TCGA-86-7701-01A-11R-2170-07,-0.06288475837235688,1
TCGA-21-1076-01A-02R-0692-07,-0.056211298795332855,1
TCGA-AR-A0TX-01A-11R-A084-07,-0.03360872744850052,1
TCGA-23-1116-01A-01R-1564-13,-0.0361818691767299,1
TCGA-ZP-A9D0-01A-11R-A37K-07,-0.06900873857870088,1
TCGA-CH-5743-01A-21R-1580-07,0.05693271369431872,0
TCGA-2A-AAYU-01A-11R-A41O-07,-0.11716456466977884,1
TCGA-25-1323-01A-01R-1565-13,-0.10631931250041368,1
TCGA-R6-A6Y2-01B-11R-A336-31,-0.21741114110904022,1
TCGA-DD-A1EC-01A-21R-A131-07,0.126451900121072,1
TCGA-E2-A1BC-01A-11R-A12P-07,-0.05488578659419434,1
TCGA-DD-AADN-01A-11R-A41C-07,0.020637111271911597,1
TCGA-KK-A8ID-01A-11R-A36G-07,-0.007268462209434545,1
TCGA-A2-A4RW-01A-21R-A266-07,-0.03614111662690496,1
TCGA-56-7822-01A-11R-2125-07,-0.040645719931438555,0
TCGA-O2-A52W-01A-11R-A26W-07,-0.05509144780021619,1
TCGA-UL-AAZ6-01A-11R-A41B-07,-0.0024917908138408556,1
TCGA-YL-A8HO-01A-11R-A36G-07,-0.045149751803851286,1
TCGA-13-0765-01A-01R-1564-13,-0.015614014396093546,0
TCGA-55-6979-01A-11R-1949-07,-0.09588339148814487,1
TCGA-IB-7888-01A-11R-2156-07,-0.2896728796578773,1
TCGA-AQ-A54O-01A-11R-A266-07,0.0116449649317811,1
TCGA-HC-7744-01A-11R-2118-07,-0.03482525121555439,1
TCGA-BP-4974-01A-01R-1334-07,-0.02266111645282581,1
TCGA-A3-3367-01A-02R-1420-07,-0.08222515874846058,1
TCGA-2H-A9GO-01A-11R-A37I-31,-0.17789002859862083,1
TCGA-EJ-5522-01A-01R-1580-07,-0.02220029853808449,1
TCGA-61-1919-01A-01R-1568-13,-0.09122506177243363,1
TCGA-TP-A8TT-01A-12R-A41O-07,-0.054676912446056596,1
TCGA-AN-A0FJ-01A-11R-A00Z-07,0.02326610559806793,1
TCGA-B0-5696-01A-11R-1541-07,-0.02928746795552346,1
TCGA-CZ-4856-01A-02R-1426-07,-0.07964653770678698,1
TCGA-A8-A075-01A-11R-A084-07,-0.04503391293879022,0
TCGA-90-A4ED-01A-31R-A24Z-07,0.0834235147276458,1
TCGA-44-2657-01A-01R-1107-07,-0.1035259784187413,0
TCGA-MP-A4TD-01A-32R-A262-07,-0.06299961348170799,1
TCGA-XR-A8TG-01A-11R-A36F-07,-0.034808574858859145,1
TCGA-33-4533-01A-01R-1201-07,-0.0054262320691470505,1
TCGA-55-8514-01A-11R-2403-07,-0.05011583238537054,1
TCGA-25-1316-01A-01R-1565-13,0.010556625173706079,1
TCGA-EB-A6R0-01A-12R-A32P-07,-0.5410973904877803,1
TCGA-Y8-A8S1-01A-11R-A37K-07,0.020518824114558982,1
TCGA-B0-5120-01A-01R-1420-07,-0.07900403316611233,1
TCGA-KR-A7K0-01A-12R-A33R-07,-0.09671986885714881,0
TCGA-50-5944-01A-11R-1755-07,-0.07575616091187494,1
TCGA-99-AA5R-01A-11R-A39D-07,-0.06743022068433865,1
TCGA-CZ-5452-01A-01R-1503-07,0.008681017740577538,1
TCGA-XJ-A9DX-01A-11R-A37L-07,0.03475213540439999,0
TCGA-B6-A0IM-01A-11R-A034-07,-0.03607653488847421,1
TCGA-61-2012-01A-01R-1568-13,-0.04274209067980325,1
TCGA-2Z-A9J2-01A-11R-A38C-07,-0.05534821716085869,1
TCGA-AC-A6NO-01A-12R-A33J-07,-0.03314793972706061,1
TCGA-E9-A1N4-01A-11R-A14M-07,-0.02017643865533591,1
TCGA-DZ-6134-01A-11R-1965-07,-0.16254854845447955,1
TCGA-20-1685-01A-01R-1566-13,-0.09936981532197235,0
TCGA-BH-A0AZ-01A-21R-A12P-07,-0.03960458224782287,1
TCGA-55-7227-01A-11R-2039-07,-0.10238134409200043,1
TCGA-34-5231-01A-21R-1820-07,-0.05832910010254465,1
TCGA-DD-AAE2-01A-11R-A41C-07,-0.07386010238696801,1
TCGA-AC-A62Y-01A-11R-A29R-07,-0.028471964688195323,0
TCGA-A7-A425-01A-11R-A24H-07,-0.0077341981551941755,1
TCGA-AD-6548-01A-11R-1839-07,-0.12080040130332952,1
TCGA-AC-A3W6-01A-12R-A22K-07,-0.02488300049476111,0
TCGA-EB-A5UM-01A-11R-A311-07,-0.6130775448904794,1
TCGA-EW-A6SA-01A-21R-A32P-07,-0.016242612029500295,1
TCGA-64-5779-01A-01R-1628-07,-0.06498469186945546,0
TCGA-DD-A114-01A-11R-A131-07,0.15185000508817095,1
TCGA-85-8052-01A-11R-2247-07,-0.09327478159565163,1
TCGA-A2-A0T4-01A-31R-A084-07,-0.049646863749596856,0
TCGA-DD-A3A2-01A-11R-A213-07,-0.08020162776529427,1
TCGA-E2-A1B4-01A-11R-A12P-07,-0.031076595336105052,1
TCGA-HV-A5A3-01A-11R-A26U-07,-0.2507004951320846,1
TCGA-78-7167-01A-11R-2066-07,-0.06665757737876855,1
TCGA-85-8479-01A-11R-2326-07,-0.0015642662037195472,1
TCGA-XR-A8TE-01A-11R-A36F-07,0.014795017368372824,1
TCGA-BP-4971-01A-01R-1334-07,0.04368416405426023,0
TCGA-EJ-7786-01A-11R-2118-07,-0.11626750086712083,1
TCGA-25-1320-01A-01R-1565-13,-0.08604308663726237,1
TCGA-E2-A15S-01A-11R-A115-07,-0.022070157342710096,1
TCGA-D9-A3Z4-01A-11R-A239-07,-0.5160914493054986,1
TCGA-98-A53D-01A-32R-A262-07,0.08705449867508062,1
TCGA-DW-7839-01A-11R-2139-07,-0.047971824596159306,1
TCGA-86-8671-01A-11R-2403-07,-0.07245987892249357,1
TCGA-B8-A54H-01A-11R-A33J-07,-0.07721249736372982,1
TCGA-ZS-A9CF-01A-11R-A38B-07,0.012860717796783489,1
TCGA-50-5930-01A-11R-1755-07,-0.0848767912236616,1
TCGA-73-4676-01A-01R-1755-07,-0.07455710836212681,0
TCGA-2A-AAYF-01A-11R-A41O-07,-0.10619212945551262,1
TCGA-G9-6366-01A-11R-2118-07,-0.02972071253023982,1
TCGA-56-7582-01A-11R-2045-07,-0.08194884736799309,1
TCGA-CJ-4916-01A-01R-1426-07,-0.07798981340387386,1
TCGA-B2-3924-01A-02R-1325-07,-0.07228026423940173,1
TCGA-NJ-A55O-01A-11R-A262-07,-0.09392893268374415,1
TCGA-G3-A25V-01A-11R-A16W-07,-0.10785127465747166,0
TCGA-A6-A567-01A-31R-A28H-07,-0.0337040426777512,1
TCGA-55-7907-01A-11R-2170-07,-0.08085602729534165,1
TCGA-E2-A1LA-01A-11R-A144-07,-0.028053343097302307,1
TCGA-97-A4M5-01A-11R-A24X-07,-0.09509046425358288,1
TCGA-CA-6716-01A-11R-1839-07,-0.0303125218426491,1
TCGA-66-2756-01A-01R-0851-07,0.03347716079661273,0
TCGA-69-7763-01A-11R-2170-07,-0.1023366758514746,0
TCGA-FV-A3I1-01A-11R-A22L-07,-0.07027422285465758,1
TCGA-A4-A48D-01A-11R-A24Z-07,-0.14971345510353185,1
TCGA-30-1892-01A-01R-1568-13,-0.0390988678122733,1
TCGA-S2-AA1A-01A-12R-A39D-07,-0.061748775594578205,1
TCGA-AN-A0XT-01A-11R-A109-07,-0.03446619918846808,1
TCGA-60-2726-01A-01R-0851-07,0.01513045581316228,1
TCGA-63-A5MV-01A-21R-A26W-07,-0.05545797572682987,1
TCGA-HC-A6AL-01A-11R-A30B-07,-0.0071146454911132865,1
TCGA-24-1560-01A-01R-1566-13,-0.07195575893678026,0
TCGA-A2-A0EU-01A-22R-A056-07,-0.03962176911253073,1
TCGA-KK-A7AP-01A-12R-A33R-07,0.028925500459550474,1
TCGA-44-6146-01A-11R-A278-07,-0.005433573694514571,1
TCGA-62-A472-01A-11R-A24H-07,-0.07890775878910074,1
TCGA-56-8622-01A-11R-2403-07,-0.006644196369353022,1
TCGA-B0-4819-01A-01R-1277-07,0.008407748365300668,1
TCGA-BP-5176-01A-01R-1426-07,-0.0481653478695555,1
TCGA-63-A5MP-01A-11R-A26W-07,-0.08029813636879489,0
TCGA-XK-AAK1-01A-11R-A41O-07,-0.02998855220699236,1
TCGA-78-7158-01A-11R-2039-07,-0.029441561230781753,1
TCGA-AA-3678-01A-01R-0905-07,-0.10946995193959573,1
TCGA-HI-7171-01A-12R-2118-07,-0.02501850702592408,1
TCGA-LN-A4A2-01A-31R-A260-31,-0.363674049711493,1
TCGA-D8-A1JE-01A-11R-A13Q-07,-0.036140609435893666,1
TCGA-B8-5552-01B-11R-1672-07,-0.08429729326224866,1
TCGA-A8-A09V-01A-11R-A034-07,-0.05377310714824473,0
TCGA-HZ-A49H-01A-11R-A26U-07,-0.31981585599648893,1
TCGA-IG-A97I-01A-11R-A38D-31,-0.2982490892111072,1
TCGA-D8-A1JT-01A-31R-A13Q-07,-0.01235174411674749,1
TCGA-BP-4782-01A-02R-1420-07,-0.06385723624863061,1
TCGA-A2-A0CQ-01A-21R-A034-07,-0.017373073090900016,1
TCGA-G3-A25U-01A-11R-A16W-07,-0.006543161047980564,1
TCGA-BQ-7055-01A-11R-1965-07,0.12132346174494148,1
TCGA-37-A5EM-01A-21R-A27Q-07,-0.0726232856814281,1
TCGA-NC-A5HG-01A-11R-A26W-07,-0.025308024910571134,1
TCGA-13-1495-01A-01R-1565-13,-0.08869134119905903,1
TCGA-AK-3431-01A-02R-1277-07,-0.03683431752737843,1
TCGA-85-8049-01A-11R-2247-07,-0.06316857772314076,1
TCGA-UZ-A9PP-01A-11R-A42S-07,-0.22116966900405546,1
TCGA-DD-AAE9-01A-11R-A41C-07,-0.07279133130687868,1
TCGA-D5-5537-01A-21R-1928-07,-0.08740755107464121,0
TCGA-VP-A879-01A-11R-A352-07,-0.11620073369771715,0
TCGA-C8-A1HM-01A-12R-A137-07,-0.031116349617671298,0
TCGA-A3-3316-01A-01R-0864-07,-0.04056132402624725,1
TCGA-DW-7840-01A-11R-A32Z-07,-0.22224244772396926,1
TCGA-D5-6927-01A-21R-1928-07,-0.08572067695416938,1
TCGA-A6-2671-01A-01R-1410-07,-0.0445297758486728,1
TCGA-61-1918-01A-01R-1568-13,-0.11903661310992346,0
TCGA-FV-A3R3-01A-11R-A22L-07,0.0334667923731569,1
TCGA-F9-A7VF-01A-11R-A33Z-07,-0.13328271298951877,1
TCGA-L7-A6VZ-01A-12R-A336-31,-0.24474411891560421,0
TCGA-AA-3526-01A-02R-A32Z-07,-0.07804077752191234,1
TCGA-56-8626-01A-11R-2403-07,-0.04411825988982907,1
TCGA-DD-A3A1-01A-11R-A213-07,-0.07254989450682978,1
TCGA-YL-A8SR-01B-11R-A37L-07,-0.0797132962026228,1
TCGA-B0-4848-01A-01R-1277-07,-0.048160187025435106,1
TCGA-55-6969-01A-11R-1949-07,-0.07053231129836064,1
TCGA-2A-A8VL-01A-21R-A37L-07,-0.10643618579454062,1
TCGA-24-1422-01A-01R-1565-13,-0.06369976361606396,1
TCGA-A3-3370-01A-02R-1420-07,-0.08121905695137928,1
TCGA-EW-A2FW-01A-11R-A17B-07,-0.029434167871771125,1
TCGA-BH-A0BL-01A-11R-A115-07,-0.017827817953363984,1
TCGA-AA-A010-01A-01R-A089-07,-0.0688196965430804,1
TCGA-AA-3664-01A-01R-0905-07,-0.04860929506628155,0
TCGA-GN-A26C-01A-11R-A18T-07,-0.3914422951605641,1
TCGA-85-8354-01A-31R-2326-07,-0.0609222972283896,1
TCGA-A3-3373-01A-02R-1420-07,-0.05027196710807304,1
TCGA-30-1891-01A-01R-1568-13,-0.05969483338402075,1
TCGA-HC-7078-01A-11R-2118-07,-0.09063953319252628,1
TCGA-FC-A66V-01A-21R-A30B-07,0.03605969082646476,1
TCGA-A3-3324-01A-02R-1325-07,-0.0802733466861965,1
TCGA-S3-AA10-01A-21R-A41B-07,0.0131400080650087,1
TCGA-53-7813-01A-11R-2170-07,-0.056955406362662414,1
TCGA-EW-A1P3-01A-11R-A144-07,-0.032336157002423135,1
TCGA-BF-A3DN-01A-11R-A20F-07,-0.504593596095497,1
TCGA-22-4596-01A-01R-1201-07,0.015429772268408921,1
TCGA-G4-6297-01A-11R-1723-07,-0.03692316088705111,1
TCGA-05-4422-01A-01R-1206-07,-0.04857401718584036,1
TCGA-67-3773-01A-01R-0946-07,-0.038558827957489994,1
TCGA-75-7025-01A-12R-1949-07,-0.10540694464964072,0
TCGA-BH-A18I-01A-11R-A12D-07,-0.05656330176844145,0
TCGA-E9-A54Y-01A-11R-A466-07,0.0317022953824386,1
TCGA-BP-4758-01A-01R-1289-07,-0.01469010194699687,1
TCGA-LN-A9FO-01A-11R-A38D-31,-0.275463359060029,1
TCGA-10-0936-01A-01R-1564-13,-0.054215126990093246,0
TCGA-DD-AACP-01A-11R-A41C-07,0.03707093272011447,1
TCGA-NH-A5IV-01A-42R-A37K-07,-0.0358731458137032,1
TCGA-44-6777-01A-11R-1858-07,-0.07515822700976457,1
TCGA-71-8520-01A-11R-2403-07,-0.08322233012686686,1
TCGA-A8-A07I-01A-11R-A00Z-07,-0.039126309682036765,1
TCGA-CC-A3M9-01A-11R-A213-07,0.3136153428792781,1
TCGA-AN-A0AK-01A-21R-A00Z-07,-0.01317451434826747,1
TCGA-BP-5174-01A-01R-1426-07,0.018349461675319954,1
TCGA-71-6725-01A-11R-1858-07,-0.044927272946801905,1
TCGA-25-1623-01A-01R-1566-13,-0.04567003668281768,1
TCGA-KK-A6E1-01A-11R-A311-07,0.031380672429735135,1
TCGA-AR-A0TQ-01A-11R-A084-07,-0.02690596627908568,1
TCGA-50-5946-01A-11R-1755-07,-0.036502623396256935,1
TCGA-A4-8312-01A-11R-2404-07,-0.05917046786150064,1
TCGA-FC-7961-01A-11R-A29R-07,-0.01654238726844637,1
TCGA-AA-A01G-01A-01R-A002-07,-0.11419669325059177,1
TCGA-C8-A12Q-01A-11R-A115-07,-0.029536377080851665,1
TCGA-HV-A5A5-01A-11R-A26U-07,-0.4234911895916536,1
TCGA-BP-4987-01A-01R-1334-07,-0.07926786700015552,0
TCGA-24-1564-01A-01R-1566-13,-0.027722467284235924,1
TCGA-EJ-7788-01A-11R-2118-07,-0.08747384691198035,0
TCGA-O9-A75Z-01A-11R-A33Z-07,-0.19627327366207734,1
TCGA-36-1574-01A-01R-1566-13,-0.05422774401775572,1
TCGA-21-1070-01A-01R-0692-07,-0.06428807777079007,1
TCGA-BP-4976-01A-01R-1334-07,-0.06711353772539719,1
TCGA-A7-A0CJ-01A-21R-A00Z-07,-0.027381476863695006,1
TCGA-13-1501-01A-01R-1565-13,-0.07347088542467989,1
TCGA-CZ-5469-01A-01R-1503-07,0.08568597804810821,1
TCGA-29-1776-01A-01R-1567-13,-0.09239966649652803,1
TCGA-75-6214-01A-41R-1949-07,-0.01902085913111354,1
TCGA-55-8619-01A-11R-2403-07,-0.07500143547386903,1
TCGA-A4-A6HP-01A-11R-A31O-07,-0.16401460132447038,0
TCGA-LG-A6GG-01A-11R-A311-07,-0.0701649325531262,1
TCGA-CC-A9FW-01A-11R-A37K-07,-0.02684781207869747,1
TCGA-EJ-7781-01A-11R-2118-07,-0.0407689178200647,1
TCGA-05-5420-01A-01R-1628-07,-0.01758134142172777,1
TCGA-EW-A3U0-01A-11R-A22K-07,0.007325009835486506,1
TCGA-61-2002-01A-01R-1568-13,-0.06567766117705626,1
TCGA-B0-4841-01A-01R-1277-07,0.0696920507279645,1
TCGA-CJ-4885-01A-01R-1305-07,-0.029268428114407257,1
TCGA-AQ-A7U7-01A-22R-A352-07,-0.015268980208361859,1
TCGA-VN-A88P-01A-11R-A352-07,-0.08734136916387317,1
TCGA-XX-A899-01A-11R-A36F-07,-0.03775121202449647,1
TCGA-E2-A14X-01A-11R-A115-07,-0.01688660620071636,1
TCGA-E2-A14U-01A-11R-A22K-07,-0.04039195157738783,0
TCGA-CJ-6031-01A-11R-1672-07,-0.06901336379401174,1
TCGA-38-4627-01A-01R-1206-07,-0.03663979372171485,1
TCGA-V1-A9OT-01A-11R-A41O-07,0.03605835535648839,1
TCGA-VR-A8ET-01A-11R-A406-31,-0.26271982406010336,1
TCGA-A2-A1G6-01A-11R-A13Q-07,-0.022188638464009883,1
TCGA-B0-5110-01A-01R-1420-07,-0.08443959262774076,1
TCGA-A4-7585-01A-11R-2139-07,-0.07628866307534529,1
TCGA-F2-7276-01A-11R-2156-07,-0.34592733542949183,1
TCGA-BP-5168-01A-01R-1420-07,-0.08557162638451994,0
TCGA-D5-6540-01A-11R-1723-07,-0.02369836700145118,1
TCGA-A6-6652-01A-11R-1774-07,-0.01740335782043252,1
TCGA-96-8170-01A-11R-2296-07,-0.06375269586761197,0
TCGA-36-1577-01A-01R-1566-13,-0.039954986836463646,1
TCGA-44-8120-01A-11R-2241-07,-0.08431370794523889,1
TCGA-D5-6532-01A-11R-1723-07,-0.09958955008424801,1
TCGA-AR-A2LK-01A-11R-A180-07,-0.045674018244793814,1
TCGA-B6-A0X7-01A-11R-A10J-07,-0.055390557909815015,1
TCGA-DD-AADQ-01A-11R-A41C-07,-0.08606985583239854,1
TCGA-24-1416-01A-01R-1565-13,-0.10155886900917295,1
TCGA-53-7626-01A-12R-2066-07,-0.09646563335797056,1
TCGA-G9-6370-01A-11R-1789-07,-0.03980815135578172,1
TCGA-A2-A0CX-01A-21R-A00Z-07,-0.032659916376420975,1
TCGA-G9-6498-01A-12R-A311-07,0.06621398096095961,1
TCGA-EB-A24D-01A-11R-A18T-07,-0.4995269293831953,1
TCGA-P4-A5EB-01A-11R-A28H-07,-0.1771507000633853,1
TCGA-55-6970-01A-11R-1949-07,-0.08093114852971912,1
TCGA-AD-6963-01A-11R-1928-07,-0.10005465556805915,1
TCGA-97-A4M3-01A-11R-A24X-07,-0.08573874490471983,1
TCGA-23-2084-01A-02R-1568-13,-0.09792975668043344,1
TCGA-E9-A228-01A-31R-A157-07,-0.024124408668582675,1
TCGA-BF-A5EQ-01A-21R-A27Q-07,-0.6435132484623416,1
TCGA-43-6773-01A-41R-1949-07,-0.05071366102539594,1
TCGA-S3-AA17-01A-11R-A41B-07,-0.026027391671763767,1
TCGA-D8-A143-01A-11R-A115-07,0.005077073459173426,1
TCGA-2Y-A9H7-01A-11R-A39D-07,-0.05843638774497499,1
TCGA-91-6849-01A-11R-1949-07,-0.09098972345903981,1
TCGA-B0-4818-01A-01R-1503-07,-0.07435250631106552,1
TCGA-DM-A280-01A-12R-A16W-07,-0.07088997736149745,1
TCGA-EW-A1PH-01A-11R-A14M-07,-0.00017654083817898416,1
TCGA-VN-A88R-01A-11R-A36G-07,-0.016282292409010087,1
TCGA-91-6829-01A-21R-1858-07,-0.06723216283772121,1
TCGA-30-1857-01A-02R-1569-13,-0.050125641850813175,1
TCGA-V1-A8WS-01A-11R-A37L-07,-0.03873695204141449,0
TCGA-D8-A27H-01A-11R-A16F-07,0.023870115385874597,1
TCGA-56-8304-01A-11R-2326-07,-0.05990711386208585,1
TCGA-43-5670-01A-21R-2125-07,-0.02436359339713928,1
TCGA-OL-A66P-01A-11R-A31O-07,0.05071248720234354,1
TCGA-78-7150-01A-21R-2039-07,-0.021918691087018084,1
TCGA-C8-A12L-01A-11R-A115-07,-0.00871888605022966,0
TCGA-IB-AAUT-01A-11R-A37L-07,-0.3870696910825884,1
TCGA-B6-A0IN-01A-11R-A034-07,-0.01503725037735162,1
TCGA-O8-A75V-01A-11R-A32O-07,-0.11485483124727192,1
TCGA-DD-AAE6-01A-11R-A41C-07,-0.018331284204887454,1
TCGA-L5-A8NR-01A-11R-A37I-31,-0.2682658419950448,1
TCGA-KK-A8IG-01A-11R-A36G-07,-0.08080365473017953,1
TCGA-L9-A8F4-01A-11R-A39D-07,-0.05358870182090565,1
TCGA-13-0887-01A-01R-1564-13,-0.05388167902759328,1
TCGA-BH-A1FR-01A-11R-A13Q-07,-0.03850187449406042,1
TCGA-BP-4981-01A-01R-1334-07,0.011858303989149927,1
TCGA-DV-5574-01A-01R-1541-07,-0.0471692041160318,1
TCGA-AA-3696-01A-01R-0905-07,-0.044221874417559266,0
TCGA-DD-A115-01A-11R-A131-07,-0.07926544944196469,1
TCGA-98-A53B-01A-11R-A262-07,-0.06452383710894298,1
TCGA-FB-A5VM-01A-11R-A32O-07,-0.07106133646673729,1
TCGA-AK-3425-01A-02R-1277-07,-0.02784618705064172,1
TCGA-CW-5581-01A-02R-1541-07,-0.052145463485950005,1
TCGA-5P-A9K4-01A-11R-A42S-07,-0.18132612376548538,1
TCGA-HE-A5NK-01A-11R-A26U-07,-0.0856529403220939,1
TCGA-B9-A8YI-01A-21R-A37K-07,-0.093939880944814,1
TCGA-HZ-8001-01A-11R-2204-07,-0.2672959762346671,1
TCGA-AC-A2FF-01A-11R-A17B-07,-0.04185525121343132,1
TCGA-EJ-5512-01A-01R-1580-07,-0.09862462442249122,1
TCGA-68-8251-01A-11R-2296-07,-0.0697698597715736,1
TCGA-C8-A27B-01A-11R-A169-07,-0.002340718780800105,1
TCGA-GF-A769-01A-32R-A32P-07,-0.43289285522566257,1
TCGA-ZP-A9CZ-01A-11R-A38B-07,-0.0657480757949332,0
TCGA-24-1845-01A-01R-1567-13,-0.06594129440363228,1
TCGA-29-A5NZ-01A-11R-A406-31,0.025824402098413125,1
TCGA-5P-A9KC-01A-11R-A42S-07,-0.04401636565689697,1
TCGA-ZG-A9LY-01A-11R-A41O-07,-0.079416145866094,1
TCGA-13-0890-01A-01R-1564-13,-0.04046755747136564,0
TCGA-EW-A1J3-01A-11R-A13Q-07,-0.038267194398764366,1
TCGA-ED-A4XI-01A-11R-A266-07,-0.07477593652132276,0
TCGA-23-1027-01A-02R-1564-13,-0.0836653570418812,1
TCGA-A2-A0CV-01A-31R-A115-07,-0.037650508395496,1
TCGA-B0-5703-01A-11R-1541-07,-0.03103814339333265,0
TCGA-BH-A18P-01A-11R-A12D-07,-0.05140756704896822,0
TCGA-60-2703-01A-11R-2045-07,-0.07435567290002165,0
TCGA-DD-AAD6-01A-11R-A41C-07,0.014487096968254325,1
TCGA-5P-A9KA-01A-11R-A42S-07,-0.16677211641056805,1
TCGA-IB-7652-01A-11R-2156-07,-0.29731686754619513,1
TCGA-97-A4M0-01A-11R-A24X-07,-0.07932626043047966,1
TCGA-LN-A4A9-01A-11R-A28J-31,-0.23588564611751262,1
TCGA-58-A46M-01A-11R-A24H-07,-0.05320165193883225,1
TCGA-DD-AADM-01A-11R-A41C-07,-0.11677387639344437,1
TCGA-K7-A6G5-01A-11R-A311-07,-0.13034320826452267,0
TCGA-55-8204-01A-11R-2241-07,-0.033194692503300996,1
TCGA-B4-5834-01A-11R-1672-07,-0.07729302043666723,1
TCGA-69-7764-01A-11R-2170-07,-0.07006694037675099,1
TCGA-A3-3380-01A-01R-0864-07,-0.0751311737280577,0
TCGA-MF-A522-01A-11R-A262-07,-0.0550387879203033,1
TCGA-FB-AAPY-01A-11R-A41B-07,-0.35868529689709816,1
TCGA-HC-8260-01A-11R-2263-07,-0.10168915468174282,1
TCGA-35-3615-01A-01R-0946-07,-0.08173107654485752,0
TCGA-BF-AAOX-01A-11R-A39D-07,-0.6488331144539675,1
TCGA-49-4510-01A-01R-1206-07,-0.07144702260235236,0
TCGA-55-7726-01A-11R-2170-07,-0.015031366628962152,1
TCGA-D5-6536-01A-11R-1723-07,0.014073326628128612,1
TCGA-43-A56U-01A-11R-A26W-07,-0.014667687034947172,1
TCGA-EP-A3JL-01A-11R-A213-07,-0.10280092299018348,1
TCGA-HC-8258-01A-11R-2263-07,-0.11956208492594968,1
TCGA-Z6-A9VB-01A-21R-A37I-31,-0.3163341180750585,0
TCGA-V1-A9O5-01A-11R-A41O-07,0.08243643863959849,0
TCGA-77-8146-01A-11R-2247-07,-0.05991236252936577,1
TCGA-EU-5906-01A-11R-1672-07,-0.09052350360457885,1
TCGA-34-2608-01A-02R-0851-07,-0.08450693148451123,0
TCGA-LD-A7W6-01A-81R-A352-07,-0.04238813623500279,1
TCGA-B8-4143-01A-01R-1188-07,0.059060767494919966,1
TCGA-BQ-5883-01A-11R-1592-07,0.036149430727049806,1
TCGA-V5-AASV-01A-11R-A38D-31,-0.23755980371851068,0
TCGA-A7-A0D9-01A-31R-A056-07,-0.03303199876032908,1
TCGA-A6-2676-01A-01R-0826-07,-0.03567180316746661,1
TCGA-DM-A1D7-01A-11R-A155-07,-0.0877045930358635,1
TCGA-B6-A3ZX-01A-11R-A239-07,2.3919103878861377e-05,1
TCGA-05-4402-01A-01R-1206-07,-0.09923912837151218,1
TCGA-AA-3555-01A-01R-0821-07,-0.04993147472943594,1
TCGA-G3-A7M7-01A-12R-A352-07,-0.10244448008235878,1
TCGA-A3-3351-01A-02R-1325-07,-0.07035685852410224,0
TCGA-EB-A4IQ-01A-12R-A266-07,-0.639031383721428,1
TCGA-CJ-4907-01A-01R-1426-07,-0.09310194157597673,0
TCGA-B8-5163-01A-01R-1420-07,-0.01883492704818295,1
TCGA-AQ-A1H3-01A-31R-A13Q-07,-0.056295507698113915,1
TCGA-52-7811-01A-11R-2125-07,-0.0887416305071239,1
TCGA-AR-A250-01A-31R-A169-07,-0.04626275425687184,1
TCGA-J9-A8CK-01A-11R-A352-07,-0.07955395162933115,1
TCGA-A2-A04U-01A-11R-A115-07,0.04088955353250414,1
TCGA-77-6843-01A-11R-1949-07,-0.03357035286246341,1
TCGA-EW-A6SD-01A-12R-A33J-07,-0.012439088871017788,0
TCGA-BH-A0B5-01A-11R-A12P-07,-0.05513964359968847,0
TCGA-29-2425-01A-01R-1569-13,-0.0826669034176957,1
TCGA-AA-3972-01A-01R-1022-07,-0.11360727953032686,1
TCGA-B6-A0IK-01A-12R-A056-07,-0.018363496527147572,1
TCGA-V1-A8MJ-01A-11R-A36G-07,-0.06832105193775097,1
TCGA-B0-5707-01A-11R-1541-07,0.16558018547370806,0
TCGA-13-1409-01A-01R-1565-13,-0.06372798775476216,0
TCGA-HC-7817-01B-11R-A29R-07,-0.055358189896625144,1
TCGA-LN-A4MR-01A-11R-A28J-31,-0.28700838753778324,1
TCGA-CM-4747-01A-01R-1410-07,0.04371741790032557,1
TCGA-BP-5192-01A-01R-1426-07,-0.07582268907297791,0
TCGA-CC-A7IF-01A-11R-A33J-07,-0.059939901733504476,1
TCGA-75-6212-01A-11R-1755-07,-0.07053999296521986,1
TCGA-61-2095-01A-01R-1568-13,0.009683859515582833,1
TCGA-BP-4992-01A-01R-1334-07,0.17666018854423557,1
TCGA-KK-A6E7-01A-11R-A31N-07,0.055313854531028966,0
TCGA-24-1469-01A-01R-1566-13,-0.09450032784515229,1
TCGA-DD-A73B-01A-12R-A32O-07,-0.020778487801529442,1
TCGA-LN-A9FQ-01A-31R-A38D-31,-0.30167961649371455,1
TCGA-J2-A4AG-01A-11R-A24H-07,-0.11016544762327127,1
TCGA-G6-A8L8-01A-21R-A37O-07,0.0497563227610673,1
TCGA-A2-A0CS-01A-11R-A115-07,-0.042290674241948496,1
TCGA-DD-AACA-01A-11R-A41C-07,-0.04217025923821715,1
TCGA-A2-A0CZ-01A-11R-A034-07,-0.02588978272624429,1
TCGA-23-1110-01A-01R-1564-13,-0.09837445793743524,0
TCGA-E2-A150-01A-11R-A12D-07,0.006271304806531312,1
TCGA-A6-6142-01A-11R-1774-07,-0.02482261797577504,1
TCGA-AO-A124-01A-11R-A10J-07,0.0045108019481581805,1
TCGA-NC-A5HJ-01A-11R-A26W-07,0.009625491303142558,1
TCGA-85-8352-01A-31R-2326-07,0.03643758337111833,1
TCGA-B8-5545-01A-01R-1672-07,-0.0599543375582602,1
TCGA-DD-A118-01A-11R-A131-07,-0.02765110645440322,0
TCGA-NJ-A4YP-01A-11R-A262-07,-0.07665456020439895,1
TCGA-94-7557-01A-11R-2125-07,-0.05774017664852912,1
TCGA-78-7156-01A-11R-2039-07,-0.02586911800635976,1
TCGA-BH-A0HP-01A-12R-A084-07,-0.04974030807669787,1
TCGA-B1-A656-01A-11R-A31O-07,-0.0803836649617176,1
TCGA-39-5037-01A-01R-1443-07,-0.017091337620679336,1
TCGA-CJ-4892-01A-01R-1305-07,-0.07426043295437212,1
TCGA-55-1592-01A-01R-0946-07,-0.09291273633615293,1
TCGA-E2-A1L7-01A-11R-A144-07,-0.02602907747218627,1
TCGA-49-4512-01A-21R-1858-07,-0.05697658893065522,0
TCGA-A1-A0SH-01A-11R-A084-07,-0.041843670495661595,1
TCGA-G9-6339-01A-12R-A311-07,-0.06786193280015608,1
TCGA-67-3771-01A-01R-0946-07,-0.07212202468862525,1
TCGA-J7-6720-01A-11R-2139-07,-0.1827635648591806,1
TCGA-C8-A12O-01A-11R-A115-07,-0.03306176953681972,1
TCGA-CH-5741-01A-11R-1580-07,-0.035220067131586374,1
TCGA-EJ-A8FU-01A-11R-A36G-07,-0.1068072191693585,1
TCGA-B0-4849-01A-01R-1277-07,-0.0495820461703166,1
TCGA-HC-A76W-01A-11R-A33R-07,-0.054782558616329975,1
TCGA-CC-A8HT-01A-11R-A36F-07,0.0014664501843128519,0
TCGA-G4-6320-01A-11R-1723-07,-0.057176272537360774,1
TCGA-BP-4763-01A-01R-1289-07,-0.010636759493167393,1
TCGA-A8-A097-01A-11R-A034-07,-0.04205555737373936,1
TCGA-73-4662-01A-01R-1206-07,-0.10400572241939607,1
TCGA-RC-A7SH-01A-11R-A38B-07,0.030689295305190618,1
TCGA-09-1661-01B-01R-1566-13,-0.04544662137019738,1
TCGA-66-2766-01A-01R-0851-07,-0.03566892201184604,1
TCGA-A2-A3XZ-01A-42R-A239-07,-0.019209779370437018,0
TCGA-36-1581-01A-01R-1566-13,0.013793678436042478,1
TCGA-CH-5789-01A-11R-1580-07,-0.05193941348570834,1
TCGA-BH-A1F0-01A-11R-A137-07,-0.0018915136418033245,1
TCGA-91-6847-01A-11R-1949-07,0.013156948047732276,0
TCGA-52-7809-01A-21R-2125-07,-0.0317424676858638,1
TCGA-BD-A3ER-01A-11R-A213-07,-0.0940710861358615,1
TCGA-13-1511-01A-01R-1565-13,-0.026740904126975693,1
TCGA-21-1079-01A-01R-0692-07,-0.05075401450876085,1
TCGA-BH-A18V-01A-11R-A12D-07,0.0046526011246099406,1
TCGA-F4-6569-01A-11R-1774-07,-0.03685894029653176,1
TCGA-66-2781-01A-01R-0851-07,-0.07981412368025943,1
TCGA-G3-A5SK-01A-11R-A27V-07,-0.04648306519871408,1
TCGA-AC-A62V-01A-11R-A31O-07,0.022460053989947083,1
TCGA-BP-5195-01A-02R-1426-07,-0.09188560464246925,1
TCGA-A8-A0A1-01A-11R-A00Z-07,-0.049993747114854596,1
TCGA-38-4629-01A-02R-1206-07,-0.04206064542814724,1
TCGA-AC-A5EH-01A-11R-A28M-07,-0.015874195609393685,1
TCGA-M7-A721-01A-12R-A32O-07,-0.13174416106494868,1
TCGA-23-1028-01A-01R-1564-13,-0.05739288607899262,1
TCGA-AZ-5407-01A-01R-1723-07,-0.09276326985934495,1
TCGA-56-8625-01A-11R-2403-07,-0.04726845724614352,1
TCGA-NC-A5HM-01A-12R-A26W-07,-0.05293369082249294,1
TCGA-58-A46L-01A-11R-A24H-07,-0.07514683949009417,0
TCGA-B6-A0IH-01A-11R-A115-07,-0.040248549817676824,1
TCGA-77-A5FZ-01A-31R-A27Q-07,0.06329441873829303,1
TCGA-CK-4947-01B-11R-1653-07,-0.08167784706856464,1
TCGA-AC-A2QI-01A-12R-A19W-07,-0.04606448268643679,1
TCGA-G3-AAV4-01A-11R-A38B-07,-0.0562944744188936,1
TCGA-93-7347-01A-11R-2187-07,-0.10036590253185146,1
TCGA-LL-A73Z-01A-11R-A32P-07,-0.024328741346571047,1
TCGA-AC-A2BK-01A-11R-A21T-07,0.020657553754901328,0
TCGA-25-1315-01A-01R-1565-13,-0.10604403569197633,1
TCGA-A2-A0T2-01A-11R-A084-07,0.019268474512487387,1
TCGA-P4-A5E7-01A-31R-A28H-07,-0.1900045582635531,0
TCGA-E2-A574-01A-11R-A29R-07,0.05985715971102387,0
TCGA-09-2051-01A-01R-1568-13,-0.07194813536774888,1
TCGA-S3-A6ZH-01A-22R-A32P-07,-0.03967876045773374,0
TCGA-AA-3548-01A-01R-1873-07,-0.04494626931736105,1
TCGA-B9-A8YH-01A-11R-A37K-07,-0.22871469707928177,0
TCGA-AA-3971-01A-01R-1022-07,-0.12569516581970255,0
TCGA-BP-5169-01A-01R-1426-07,0.1437458061286967,1
TCGA-A2-A3XW-01A-11R-A239-07,0.05360918202332114,0
TCGA-AU-3779-01A-01R-1723-07,-0.0605337521471832,1
TCGA-21-1071-01A-01R-0692-07,-0.07706045733540778,1
TCGA-2L-AAQE-01A-11R-A39D-07,-0.2842102420099313,1
TCGA-78-7143-01A-11R-2039-07,-0.09918160758859992,1
TCGA-CM-5863-01A-21R-1839-07,-0.04703576013262834,1
TCGA-85-8288-01A-11R-2296-07,-0.0721919514702885,1
TCGA-CC-5259-01A-31R-A213-07,-0.014719577732244004,1
TCGA-22-5480-01A-01R-1635-07,-0.03895494338359706,1
TCGA-DW-7963-01B-11R-A28H-07,-0.22786871189648739,0
TCGA-A1-A0SN-01A-11R-A144-07,-0.04013103679813852,1
TCGA-V1-A8X3-01A-11R-A37L-07,-0.11563000796643448,1
TCGA-E9-A22D-01A-11R-A157-07,-0.03312345868192869,1
TCGA-B0-5075-01A-01R-1334-07,-0.026047178794792285,1
TCGA-AK-3433-01A-02R-1277-07,0.2457297695071415,1
TCGA-BP-4331-01A-01R-1289-07,-0.0836215343863241,0
TCGA-ES-A2HT-01A-12R-A180-07,-0.09983541913614999,1
TCGA-29-1766-01A-01R-1567-13,-0.07906695384519603,1
TCGA-HZ-7926-01A-11R-2156-07,-0.2918553900716879,1
TCGA-4L-AA1F-01A-11R-A41O-07,0.17889103076996826,1
TCGA-Q2-A5QZ-01A-11R-A28H-07,0.047585332221093006,0
TCGA-49-4490-01A-21R-1858-07,-0.06129453544420794,1
TCGA-2Y-A9H2-01A-12R-A38B-07,0.17837880247971713,1
TCGA-24-1923-01A-01R-1567-13,-0.05686489075948781,1
TCGA-22-4595-01A-01R-1201-07,-0.04902142931813758,1
TCGA-44-6147-01B-06R-A277-07,0.048862463177322596,1
TCGA-3A-A9I5-01A-11R-A38C-07,-0.12361256498619985,0
TCGA-50-5933-01A-11R-1755-07,-0.07230677401056228,1
TCGA-BP-4995-01A-01R-1334-07,-0.0018696556209882556,1
TCGA-A2-A1FV-01A-11R-A13Q-07,-0.023106051412477412,0
TCGA-CZ-4866-01A-01R-1503-07,-0.006299010930104407,0
TCGA-F4-6570-01A-11R-1774-07,-0.030386172506611006,1
TCGA-BH-A0EI-01A-11R-A115-07,-0.041529294408780636,1
TCGA-AA-3713-01A-21R-1723-07,-0.03117322322585507,1
TCGA-NI-A4U2-01A-11R-A28V-07,-0.05874096081455498,1
TCGA-DD-AADY-01A-11R-A41C-07,-0.0005164611454097767,1
TCGA-05-4405-01A-21R-1858-07,-0.09689907892697791,1
TCGA-EJ-8469-01A-11R-2403-07,0.0562717824237418,1
TCGA-CK-5914-01A-11R-1653-07,-0.09371848842376393,1
TCGA-61-2104-01A-01R-1568-13,-0.06593767318534306,1
TCGA-95-7562-01A-11R-2241-07,-0.04562878138951958,1
TCGA-NK-A5CR-01A-11R-A26W-07,-0.07880077145393008,1
TCGA-DD-AACU-01A-11R-A41C-07,-0.07583936187543054,1
TCGA-DD-A119-01A-11R-A131-07,-0.10168596587767437,1
TCGA-GM-A3NW-01A-21R-A22K-07,-0.031093330369126683,1
TCGA-50-8459-01A-11R-2326-07,-0.04092241743214491,1
TCGA-AO-A12C-01A-11R-A10J-07,-0.050760564384818435,0
TCGA-CK-4950-01A-01R-1723-07,-0.11759433196727509,0
TCGA-55-6987-01A-11R-1949-07,-0.088630576168565,1
TCGA-G3-A7M6-01A-11R-A33R-07,0.1417954907360228,1
TCGA-EW-A3E8-01B-11R-A24H-07,-0.026644371942357272,1
TCGA-AO-A0JB-01A-11R-A32Y-07,0.007299777916656117,1
TCGA-EJ-A8FO-01A-21R-A36G-07,-0.13467888250982843,1
TCGA-CM-6168-01A-11R-1653-07,-0.056146054348682695,1
TCGA-J4-8198-01A-11R-2263-07,-0.07736407814260789,1
TCGA-YL-A8SA-01A-21R-A37L-07,-0.03543522695451869,1
TCGA-CJ-5679-01A-11R-1541-07,0.05125929626509813,1
TCGA-LL-A7SZ-01A-32R-A352-07,0.03392746974737186,1
TCGA-CM-6677-01A-11R-1839-07,-0.10243679428789045,1
TCGA-BP-4973-01A-01R-1334-07,-0.08220901279247766,1
TCGA-2L-AAQJ-01A-12R-A39D-07,-0.34338725671385634,1
TCGA-09-0367-01A-01R-1564-13,-0.06614347552494158,1
TCGA-BQ-7044-01A-11R-1965-07,-0.16300627888218341,1
TCGA-B0-4813-01A-01R-1277-07,0.15882115192299948,1
TCGA-24-1104-01A-01R-1565-13,-0.06436196098557366,1
TCGA-HC-A6HY-01A-11R-A31N-07,-0.07703175667489796,1
TCGA-L5-A8NK-01A-21R-A37I-31,-0.32756508665481615,1
TCGA-31-1953-01A-01R-1568-13,-0.07737840019120429,1
TCGA-BH-A8FY-01A-11R-A36F-07,-0.004071494059850758,1
TCGA-B0-5107-01A-01R-1420-07,0.16199756778110183,0
TCGA-09-1673-01A-01R-1566-13,-0.027279172340775606,1
TCGA-CH-5764-01A-21R-1580-07,-0.06326149736655368,0
TCGA-2H-A9GN-01A-11R-A37I-31,-0.28965173648901277,1
TCGA-23-1024-01A-02R-1564-13,-0.07902709534614308,0
TCGA-B8-5549-01A-01R-1541-07,-0.0815376967875445,1
TCGA-GL-8500-01A-11R-2404-07,-0.15816856924360534,1
TCGA-KK-A8IM-01A-11R-A36G-07,-0.13218987660414852,0
TCGA-BH-A0BQ-01A-21R-A115-07,-0.04314690035578064,1
TCGA-G3-A6UC-01A-21R-A33J-07,-0.08449372104844588,1
TCGA-20-1687-01A-01R-1566-13,-0.06791489375323467,0
TCGA-AC-A2QH-01A-11R-A18M-07,0.05997652855384288,1
TCGA-DM-A28M-01A-12R-A16W-07,-0.08351865977728237,1
TCGA-13-0899-01A-01R-1564-13,-0.08338346751252108,1
TCGA-2Y-A9GW-01A-11R-A38B-07,-0.07127690565948105,1
TCGA-2A-A8VT-01A-11R-A37L-07,-0.01865531553922025,1
TCGA-D5-6922-01A-11R-1928-07,-0.045425915223813305,1
TCGA-24-1847-01A-01R-1566-13,-0.06799123681168533,1
TCGA-AC-A2FO-01A-11R-A180-07,-0.05251604358870837,1
TCGA-UB-A7MC-01A-11R-A33R-07,-0.012770117267488947,1
TCGA-MP-A4TK-01A-11R-A24X-07,-0.09020440116021897,1
TCGA-04-1542-01A-01R-1566-13,-0.06315399841171952,1
TCGA-EW-A1P8-01A-11R-A144-07,0.001273097417981674,1
TCGA-G7-7501-01A-11R-2204-07,0.00423710379491362,1
TCGA-A2-A0D0-01A-11R-A00Z-07,0.031108731241708168,0
TCGA-HC-7079-01A-11R-1965-07,0.25941747945463556,1
TCGA-KK-A8IA-01A-11R-A36G-07,-0.06050873983096855,1
TCGA-D5-6529-01A-11R-1774-07,-0.06462810543342673,1
TCGA-G4-6304-01A-11R-1928-07,-0.058869985451895125,1
TCGA-BH-A0HB-01A-11R-A056-07,-0.02952762907327777,1
TCGA-CJ-4882-01A-02R-1426-07,0.004372028201592255,1
TCGA-24-1435-01A-01R-1566-13,-0.09351759042460855,1
TCGA-AA-3492-01A-01R-1410-07,-0.046973537758378675,0
TCGA-IZ-8196-01A-11R-2404-07,-0.10702139542247195,1
TCGA-UB-A7ME-01A-11R-A33J-07,-0.03182468275573423,0
TCGA-6A-AB49-01A-12R-A405-07,0.03768396647723318,1
TCGA-63-7021-01A-11R-1949-07,-0.07107687266340597,1
TCGA-A2-A0EN-01A-13R-A084-07,-0.05311006348527973,0
TCGA-A8-A0A2-01A-11R-A034-07,-0.051651716959794584,0
TCGA-DD-AACX-01A-11R-A41C-07,-0.06780986313278678,1
TCGA-E2-A14O-01A-31R-A115-07,-0.009538735703018358,1
TCGA-AA-3695-01A-01R-0905-07,0.3074716973264743,1
TCGA-A2-A0EM-01A-11R-A034-07,-0.04998695843859236,1
TCGA-AA-3549-01A-02R-0821-07,-0.0892948204696824,1
TCGA-ED-A7XP-01A-11R-A352-07,-0.05348935299731389,1
TCGA-97-7938-01A-11R-2170-07,-0.08357351786938409,1
TCGA-23-1122-01A-01R-1565-13,-0.12094433923068268,1
TCGA-AA-A01I-01A-02R-A089-07,-0.021153868330862212,1
TCGA-ZS-A9CG-01A-11R-A37K-07,-0.10422916123287394,1
TCGA-A7-A0DA-01A-31R-A115-07,-0.0034378018386352354,1
TCGA-29-1701-01A-01R-1567-13,-0.022828098655118957,1
TCGA-LN-A4A6-01A-11R-A260-31,-0.34357676172242485,0
TCGA-2H-A9GQ-01A-11R-A37I-31,-0.17276477421337763,1
TCGA-B8-4620-01A-02R-1325-07,-0.03245598793232293,1
TCGA-B0-4718-01A-01R-1277-07,-0.004475687089428554,1
TCGA-AA-3861-01A-01R-1022-07,-0.095727498852161,1
TCGA-D5-6932-01A-11R-1928-07,-0.09762415919855169,1
TCGA-55-8091-01A-11R-2241-07,-0.07570501776336183,1
TCGA-64-1681-01A-11R-2066-07,-0.09180725424501243,1
TCGA-VR-AA7I-01A-11R-A406-31,-0.31182362610210534,0
TCGA-AZ-4308-01A-01R-1410-07,0.03267557814213196,1
TCGA-13-1403-01A-01R-1565-13,-0.06592470224769555,1
TCGA-AL-3471-01A-02R-1351-07,-0.12613521339041656,1
TCGA-23-2078-01A-01R-1568-13,-0.08423710279040002,1
TCGA-25-2409-01A-01R-1569-13,-0.11039348373954579,1
TCGA-BH-A0W7-01A-11R-A115-07,-0.037114579042383314,1
TCGA-DM-A1D6-01A-21R-A155-07,-0.02736712736372474,1
TCGA-13-1512-01A-01R-1565-13,-0.031567247860352275,1
TCGA-23-1111-01A-01R-1567-13,-0.0734243323567322,1
TCGA-43-6647-01A-11R-1820-07,-0.032473322431029426,1
TCGA-85-7698-01A-11R-2125-07,-0.10276601884813531,1
TCGA-MW-A4EC-01A-11R-A266-07,-0.048239010278085574,1
TCGA-58-A46J-01A-11R-A24H-07,-0.04342453250917661,1
TCGA-DD-AAVX-01A-11R-A41C-07,-0.09848542305708406,1
TCGA-29-1777-01A-01R-1567-13,-0.03664650222376517,1
TCGA-A2-A3XX-01A-21R-A239-07,0.0018441117491240515,1
TCGA-55-7725-01A-11R-2170-07,-0.04346621081818677,1
TCGA-BH-A0DP-01A-21R-A056-07,-0.05060321714596082,1
TCGA-PD-A5DF-01A-11R-A27V-07,-0.05691165352433664,1
TCGA-77-7465-01A-11R-2045-07,-0.047056434140793545,1
TCGA-A6-5659-01A-01R-A278-07,0.06079775940244276,1
TCGA-A8-A08G-01A-11R-A00Z-07,-0.040916633222986706,1
TCGA-39-5029-01A-01R-1443-07,-0.06496948668308113,0
TCGA-DD-AAVQ-01A-11R-A41C-07,-0.018284867042948624,1
TCGA-BH-A0DK-01A-21R-A056-07,-0.0414635606181075,1
TCGA-AC-A2QJ-01A-12R-A19W-07,0.11633652491334916,1
TCGA-BP-4799-01A-01R-1305-07,0.09046605616356422,1
TCGA-18-3415-01A-01R-0980-07,-0.06815150846610389,1
TCGA-22-A5C4-01A-12R-A27Q-07,-0.03798020954761028,1
TCGA-Y8-A896-01A-11R-A36F-07,-0.13078640654715962,1
TCGA-AC-A2FG-01A-11R-A17B-07,-0.05993926071782891,1
TCGA-CW-5584-01A-01R-1541-07,-0.08214600120796069,1
TCGA-58-8387-01A-11R-2296-07,-0.026196225713932274,1
TCGA-55-7724-01A-11R-2170-07,-0.009081815330457484,1
TCGA-AO-A12B-01A-11R-A10J-07,-0.012080656491023195,1
TCGA-KC-A7F3-01A-21R-A33R-07,-0.09653864980725999,1
TCGA-49-4514-01A-21R-1858-07,-0.005199479909960534,1
TCGA-A8-A09N-01A-11R-A00Z-07,-0.03510929158887271,1
TCGA-C8-A12W-01A-11R-A115-07,-0.031242077206857236,1
TCGA-BP-4797-01A-01R-1305-07,-0.06121262849345871,0
TCGA-G3-A7M9-01A-23R-A352-07,0.1531252960431229,1
TCGA-55-7815-01A-11R-2170-07,-0.014964895157742701,1
TCGA-EJ-A8FP-01A-21R-A36G-07,-0.09596512487132335,1
TCGA-AN-A0FT-01A-11R-A034-07,-0.014005157742279036,0
TCGA-A2-A25A-01A-12R-A16F-07,-0.03774999124216141,1
TCGA-33-4547-01A-01R-1201-07,-0.10250443116846944,0
TCGA-G9-7523-01A-11R-2263-07,0.08242449407282475,1
TCGA-KK-A8II-01A-11R-A36G-07,-0.056555336134161936,1
TCGA-09-2048-01A-01R-1568-13,-0.03828412663582279,1
TCGA-B0-4824-01A-01R-1277-07,-0.0646222776484831,1
TCGA-BH-A0DH-01A-11R-A084-07,-0.037475135499131756,0
TCGA-55-8615-01A-11R-2403-07,-0.06224069597599706,1
TCGA-78-8648-01A-11R-2403-07,-0.06970015058501433,0
TCGA-05-4426-01A-01R-1206-07,-0.07037411530061817,1
TCGA-CW-6087-01A-11R-1672-07,0.16543097260681977,1
TCGA-BH-A2L8-01A-11R-A18M-07,-0.043472228829569366,1
TCGA-64-1680-01A-02R-0946-07,-0.06525093760275825,1
TCGA-ER-A19T-01A-11R-A18T-07,-0.3990433640883654,1
TCGA-IB-7891-01A-11R-2204-07,-0.3408117058675332,1
TCGA-SX-A7SN-01A-11R-A355-07,-0.2435098439550974,0
TCGA-EJ-7793-01A-31R-2263-07,-0.10476300219916825,1
TCGA-23-1118-01A-01R-1564-13,-0.09748484948346925,1
TCGA-AQ-A54N-01A-11R-A266-07,0.04665757897108446,1
TCGA-DD-AAW1-01A-11R-A41C-07,-0.08378294299629398,1
TCGA-L5-A43E-01A-11R-A24K-31,-0.25683760744396833,1
TCGA-AA-A00O-01A-02R-A089-07,0.038039077536413404,0
TCGA-24-2261-01A-01R-1568-13,-0.06790121849508922,1
TCGA-AA-3688-01A-01R-0905-07,-0.12411008427040228,0
TCGA-UZ-A9PV-01A-11R-A42S-07,-0.20590475889196586,1
TCGA-37-A5EN-01A-21R-A26W-07,-0.059006439913110866,1
TCGA-09-2053-01C-01R-1568-13,-0.10637727106625383,1
TCGA-EW-A1J5-01A-11R-A13Q-07,-0.04870572164332941,1
TCGA-IB-AAUQ-01A-22R-A41I-07,-0.35072363533185535,1
TCGA-A2-A0SX-01A-12R-A084-07,-0.010456007472799922,1
TCGA-H8-A6C1-01A-11R-A32O-07,-0.3390303758422703,0
TCGA-P4-AAVO-01A-11R-A42S-07,-0.08856142900994539,1
TCGA-A7-A6VY-01A-12R-A33J-07,0.00760941337246902,1
TCGA-BP-5177-01A-01R-1426-07,-0.03781512238289981,0
TCGA-37-4141-01A-02R-1100-07,0.031306040915273343,0
TCGA-85-8355-01A-11R-2296-07,-0.06314514806684504,1
TCGA-60-2719-01A-01R-0851-07,-0.06629941871185117,1
TCGA-AA-A01C-01A-01R-A00A-07,-0.08881246937177044,1
TCGA-G9-6329-01A-13R-1965-07,-0.05412382723641933,1
TCGA-BH-A0HK-01A-11R-A056-07,-0.02621023554966421,1
TCGA-34-5239-01A-21R-1820-07,-0.062432004227916,0
TCGA-NC-A5HH-01A-11R-A26W-07,0.007322962954877635,1
TCGA-NC-A5HK-01A-11R-A26W-07,0.01406705118546085,1
TCGA-69-7973-01A-11R-2187-07,-0.06569953217330605,1
TCGA-77-8128-01A-11R-2247-07,-0.07536079499421089,1
TCGA-B0-5700-01A-11R-1541-07,0.01239860225928248,1
TCGA-IB-8126-01A-11R-2404-07,-0.2706923591346756,1
TCGA-QL-A97D-01A-12R-A41B-07,-0.09498567010989001,0
TCGA-XR-A8TC-01A-11R-A36F-07,-0.02260561957670609,1
TCGA-63-A5MU-01A-11R-A26W-07,-0.0544614220578367,1
TCGA-B8-A54F-01A-11R-A266-07,-0.05168493120196801,0
TCGA-78-7220-01A-11R-2039-07,-0.004943224018193843,1
TCGA-97-8176-01A-11R-2403-07,-0.07079984120324086,1
TCGA-G4-6293-01A-11R-1723-07,-0.0910900638094117,1
TCGA-05-5715-01A-01R-1628-07,-0.06902465143125612,1
TCGA-E2-A1IF-01A-11R-A144-07,-0.02790996128116227,1
TCGA-AC-A3YI-01A-21R-A239-07,-0.014236589901577845,1
TCGA-2J-AAB6-01A-11R-A41B-07,-0.22570263541485658,1
TCGA-B1-A47N-01A-11R-A24Z-07,-0.06809310737116919,1
TCGA-D8-A1JL-01A-11R-A13Q-07,-0.002880815699156095,1
TCGA-SS-A7HO-01A-21R-A37K-07,-0.004714023528412728,1
TCGA-58-8390-01A-11R-2326-07,-0.05737227494538484,1
TCGA-85-8582-01A-21R-2403-07,-0.05817655912308742,1
TCGA-J9-A8CL-01A-11R-A352-07,-0.020443329352485117,1
TCGA-BQ-5888-01A-11R-1592-07,-0.0820094067701667,1
TCGA-GM-A2DF-01A-11R-A180-07,0.016692064005391236,1
TCGA-CJ-4891-01A-01R-1305-07,0.09702462724332146,1
TCGA-E2-A14R-01A-11R-A115-07,0.0028316410314956266,1
TCGA-30-1853-01A-02R-1567-13,-0.07198267539243061,1
TCGA-EV-5903-01A-11R-1592-07,-0.1493151565124527,1
TCGA-G9-6353-01A-11R-1965-07,-0.09408917000136968,0
TCGA-BC-A110-01A-11R-A131-07,-0.013931111254969436,1
TCGA-04-1648-01A-01R-1567-13,-0.03276730337160706,1
TCGA-55-6983-01A-11R-1949-07,-0.09417157137189382,1
TCGA-WX-AA44-01A-11R-A39D-07,-0.004048265571403313,1
TCGA-C8-A132-01A-31R-A115-07,-0.04955517275766251,0
TCGA-A2-A0CU-01A-12R-A034-07,-0.033775194652132474,1
TCGA-46-3769-01A-01R-0980-07,-0.01063369934545023,0
TCGA-PE-A5DC-01A-12R-A27Q-07,-0.021076627343447448,1
TCGA-2J-AAB9-01A-11R-A41B-07,-0.42212088548315807,0
TCGA-21-1083-01A-01R-0692-07,-0.04636647390414602,1
TCGA-E2-A15F-01A-11R-A115-07,-0.04677851766860831,1
TCGA-BH-A1F5-01A-12R-A13Q-07,-0.027993175300601608,1
TCGA-EW-A1P4-01A-21R-A144-07,0.02648261906854843,1
TCGA-29-1778-01A-01R-1567-13,-0.08727812222107786,1
TCGA-30-1718-01A-01R-1567-13,-0.0808660293491854,1
TCGA-86-8074-01A-11R-2241-07,-0.08763340359901772,1
TCGA-A6-6782-01A-11R-1839-07,-0.0938427264216591,1
TCGA-IA-A83V-01A-11R-A355-07,-0.16391747717343272,0
TCGA-KK-A6E5-01A-11R-A311-07,-0.11110039319021399,1
TCGA-L9-A5IP-01A-21R-A39D-07,-0.046165806628960214,0
TCGA-58-8391-01A-11R-2326-07,-0.05763973370576136,1
TCGA-KK-A8IK-01A-11R-A36G-07,0.07878976026029165,1
TCGA-F4-6807-01A-11R-1839-07,-0.06693291602425404,1
TCGA-EJ-5516-01A-01R-1580-07,0.0573602324095497,1
TCGA-85-8350-01A-11R-2296-07,-0.06670970395835066,1
TCGA-KK-A7AZ-01A-12R-A32O-07,-0.003550931761872114,1
TCGA-DW-7842-01A-11R-A32Z-07,-0.1617316668884888,1
TCGA-OL-A6VQ-01A-12R-A41B-07,-0.049341821730264336,1
TCGA-31-1946-01A-01R-1568-13,-0.10635391415683774,0
TCGA-AZ-6606-01A-11R-1839-07,-0.08227304855966952,1
TCGA-DD-AAD1-01A-11R-A41C-07,0.03501173429895844,1
TCGA-A2-A0CO-01A-13R-A22K-07,-0.0151550848282522,1
TCGA-CM-4750-01A-01R-1410-07,-0.0731733799543191,1
TCGA-AC-A4ZE-01A-11R-A41B-07,-0.0271454212305326,1
TCGA-BP-4327-01A-01R-1289-07,-0.051233223718026084,1
TCGA-UZ-A9PX-01A-11R-A42S-07,-0.23397653895449413,1
TCGA-BH-A0B9-01A-11R-A056-07,0.011101598245231907,1
TCGA-FB-AAQ0-01A-31R-A41B-07,-0.2301170724589357,1
TCGA-A8-A09K-01A-11R-A00Z-07,-0.03648193171098258,1
TCGA-55-1595-01A-01R-0946-07,-0.08779483083446514,1
TCGA-J4-A83K-01A-11R-A352-07,-0.13416671286862203,1
TCGA-A2-A1G4-01A-11R-A13Q-07,-0.040137140242134765,1
TCGA-A2-A04T-01A-21R-A034-07,0.0021672028770894384,1
TCGA-V1-A8MK-01A-11R-A36G-07,-0.12707055525973093,1
TCGA-AN-A03X-01A-21R-A00Z-07,-0.035675390839358646,1
TCGA-97-7547-01A-11R-2039-07,-0.06348308032682465,1
TCGA-AD-6889-01A-11R-1928-07,-0.04695420792151722,1
TCGA-KK-A7AW-01A-11R-A32O-07,0.13544379141716864,1
TCGA-AO-A03N-01B-11R-A10J-07,-0.01763704140162669,1
TCGA-EJ-5530-01A-01R-1580-07,-0.09943146879866571,0
TCGA-P4-AAVM-01A-11R-A42S-07,-0.15190169527151046,1
TCGA-66-2778-01A-02R-0851-07,0.01998377776205533,1
TCGA-HC-A6AP-01A-11R-A30B-07,0.025163180529516833,0
TCGA-Z6-AAPN-01A-11R-A406-31,-0.20440435944463495,0
TCGA-CJ-4886-01A-01R-1305-07,-0.11403124100204645,0
TCGA-BP-4769-01A-01R-1289-07,0.010930930885565689,1
TCGA-D8-A1XM-01A-21R-A14M-07,-0.053821584331391475,1
TCGA-A7-A4SA-01A-11R-A266-07,-0.020182748242644113,1
TCGA-LN-A7HZ-01A-31R-A354-31,-0.18403055039031824,1
TCGA-AR-A1AO-01A-11R-A12P-07,-0.011160867920506712,1
TCGA-Y6-A9XI-01A-11R-A41O-07,-0.08284632032801156,1
TCGA-31-1951-01A-01R-1568-13,-0.06298056268300344,1
TCGA-25-1318-01A-01R-1565-13,-0.07719328896325721,1
TCGA-B0-5099-01A-01R-1420-07,-0.023650228801729966,1
TCGA-CH-5794-01A-11R-1580-07,-0.08238109481649944,1
TCGA-BQ-5894-01A-11R-1592-07,0.07828058903349049,1
TCGA-CZ-4863-01A-01R-1503-07,-0.07041092199493926,1
TCGA-DD-AADJ-01A-11R-A41C-07,-0.09332172010982405,1
TCGA-B0-4845-01A-01R-1277-07,-0.04712932014357106,1
TCGA-BC-A216-01A-11R-A155-07,0.028425902462011113,1
TCGA-CJ-4871-01A-01R-1305-07,-0.06541635421732366,1
TCGA-B0-5710-01A-11R-1672-07,-0.052745168886182595,1
TCGA-CH-5750-01A-11R-1580-07,-0.07346230657122708,0
TCGA-DV-5566-01A-01R-1541-07,-0.04062181288011809,1
TCGA-BC-A10X-01A-11R-A131-07,-0.0507702991358518,0
TCGA-60-2721-01A-01R-0851-07,-0.07955959758295966,1
TCGA-F2-7273-01A-11R-2156-07,-0.3095567350316552,1
TCGA-05-4389-01A-01R-1206-07,-0.0688751375876275,1
TCGA-A8-A083-01A-21R-A00Z-07,-0.041680104350741994,1
TCGA-EJ-7317-01A-31R-2118-07,-0.0929483154988755,1
TCGA-24-2023-01A-01R-1567-13,-0.08001148654992787,1
TCGA-B6-A0RM-01A-11R-A084-07,-0.03606747786984241,1
TCGA-56-A5DS-01A-11R-A27Q-07,-0.07525946103556083,1
TCGA-CJ-5672-01A-11R-1541-07,-0.04231286979247896,1
TCGA-73-7498-01A-12R-2187-07,-0.10648156890295625,1
TCGA-GM-A2DH-01A-11R-A180-07,-0.030896769519768653,0
TCGA-A8-A082-01A-11R-A00Z-07,-0.028848420216445993,1
TCGA-DD-A4NI-01A-11R-A27V-07,-0.08227052902732356,1
TCGA-G4-6626-01A-11R-1774-07,-0.047899804142593136,1
TCGA-CH-5738-01A-11R-1580-07,-0.07597210566919536,1
TCGA-79-5596-01A-31R-1949-07,-0.07283316023998226,1
TCGA-A6-5656-01A-21R-A278-07,0.054889723379431744,0
TCGA-BP-4766-01A-01R-1289-07,-0.06361661114326242,1
TCGA-XQ-A8TB-01A-11R-A36G-07,-0.0647702831378019,1
TCGA-BP-4337-01A-01R-1289-07,-0.010010046768303612,1
TCGA-G9-A9S4-01A-11R-A41O-07,0.01575350417119865,1
TCGA-CH-5762-01A-11R-1580-07,-0.03426953359959943,1
TCGA-B0-5106-01A-01R-1420-07,-0.06210654736729702,1
TCGA-V1-A9OX-01A-11R-A41O-07,-0.0907642829895882,0
TCGA-DD-AADU-01A-11R-A41C-07,-0.09133748626419673,1
TCGA-A3-3385-01A-02R-1420-07,-0.00032414103461430574,1
TCGA-90-7964-01A-21R-2187-07,-0.04094293169013122,1
TCGA-55-7913-01B-11R-2241-07,-0.05290525047042686,0
TCGA-AN-A0AJ-01A-11R-A00Z-07,-0.0343518253984276,0
TCGA-09-1670-01A-01R-1566-13,-0.10944310112366137,1
TCGA-A4-7734-01A-11R-A32Z-07,-0.10910932811495658,1
TCGA-55-7914-01A-11R-2170-07,-0.06990829375307743,1
TCGA-77-7140-01A-41R-2045-07,-0.052788789051133204,1
TCGA-VN-A943-01A-11R-A41O-07,-0.06152456565910406,0
TCGA-B0-5108-01A-01R-1420-07,-0.057876878161226726,1
TCGA-J9-A8CN-01A-11R-A352-07,-0.05477458867642075,1
TCGA-13-1485-01A-02R-1565-13,-0.024284585719657116,1
TCGA-33-AASL-01A-11R-A405-07,-0.009359011164283622,1
TCGA-CC-5264-01A-01R-A131-07,0.07996079218700669,1
TCGA-CK-4952-01A-01R-1723-07,-0.026921206482141517,1
TCGA-04-1530-01A-02R-1569-13,-0.081965611699801,1
TCGA-80-5608-01A-31R-1949-07,-0.09542926332639677,0
TCGA-B1-A657-01A-11R-A31O-07,-0.23629445324912876,1
TCGA-AA-3489-01A-21R-1839-07,-0.001270047581403294,1
TCGA-OL-A66O-01A-11R-A31O-07,0.007759251177932044,1
TCGA-5L-AAT1-01A-12R-A41B-07,-0.03589422967055395,0
TCGA-55-6986-01A-11R-1949-07,-0.07669476467075542,1
TCGA-FB-A4P5-01A-11R-A26U-07,-0.3938545671523681,1
TCGA-AK-3428-01A-02R-1277-07,-0.02725412590148952,0
TCGA-4T-AA8H-01A-11R-A41B-07,-0.07710877079363018,1
TCGA-L5-A88Y-01A-11R-A354-31,-0.21621122583448268,1
TCGA-VN-A88K-01A-11R-A352-07,-0.045081705062451495,0
TCGA-58-A46N-01A-11R-A24H-07,-0.06223653227904544,1
TCGA-YL-A9WH-01A-11R-A37L-07,0.054642029783653734,1
TCGA-44-6776-01A-11R-1858-07,-0.09127869421670122,0
TCGA-97-A4M6-01A-11R-A24X-07,-0.1005263862039773,1
TCGA-33-4583-01A-01R-1443-07,-0.050988081505418476,1
TCGA-2Y-A9H9-01A-21R-A39D-07,-0.11462428182783324,0
TCGA-D8-A27L-01A-11R-A16F-07,-0.05479973748333937,1
TCGA-F4-6704-01A-11R-1839-07,0.06312337978526239,1
TCGA-63-A5MY-01A-11R-A26W-07,-0.017955534007075627,1
TCGA-AA-3666-01A-02R-0905-07,-0.06592146482281652,1
TCGA-A8-A08Z-01A-21R-A00Z-07,-0.05043068236201286,1
TCGA-V1-A9Z9-01A-21R-A41O-07,-0.11646135681050637,1
TCGA-3A-A9IR-01A-11R-A38C-07,0.1768610129849256,1
TCGA-24-1436-01A-01R-1566-13,-0.09603375629736485,0
TCGA-BH-A0AU-01A-11R-A12P-07,-0.03939880556374323,1
TCGA-G9-6379-01A-11R-A31N-07,0.07757787027734757,0
TCGA-DD-AADR-01A-11R-A41C-07,-0.08255127868552722,1
TCGA-EB-A4OY-01A-11R-A266-07,-0.6577100591798556,1
TCGA-63-A5MG-01A-12R-A27Q-07,-0.0610022512276697,0
TCGA-BP-4341-01A-01R-1289-07,-0.03148320302846491,1
TCGA-B8-5550-01A-01R-1541-07,-0.028214640736327835,1
TCGA-50-5935-01A-11R-1755-07,-0.0964404889096205,1
TCGA-D5-6929-01A-31R-1928-07,-0.08385339720698337,1
TCGA-55-A48X-01A-11R-A24H-07,-0.11279744942161025,1
TCGA-BH-A0HA-01A-11R-A12P-07,-0.029589149600793545,1
TCGA-AD-5900-01A-11R-1653-07,-0.08923941724181161,0
TCGA-50-5049-01A-01R-1628-07,-0.07254581621205072,1
TCGA-BH-A0B7-01A-12R-A115-07,-0.026425353904347457,1
TCGA-33-AAS8-01A-11R-A405-07,-0.06721518694687485,1
TCGA-BH-A0GZ-01A-11R-A056-07,-0.028650312267688383,1
TCGA-LN-A4A1-01A-21R-A260-31,-0.2607588106844615,1
TCGA-XK-AAIW-01A-11R-A41O-07,0.10058916955097709,1
TCGA-98-8021-01A-11R-2247-07,-0.07930511616381652,1
TCGA-B6-A0WX-01A-11R-A109-07,-0.013570511731298416,1
TCGA-EB-A82B-01A-11R-A352-07,-0.6088211084540968,0
TCGA-25-1324-01A-01R-1565-13,-0.05462703849993548,1
TCGA-13-1482-01A-01R-1565-13,-0.08637351110442619,1
TCGA-KH-A6WC-01A-11R-A336-31,-0.19762996640546363,1
TCGA-KC-A7FA-01A-21R-A33R-07,-0.06834173711916007,1
TCGA-B2-4098-01A-02R-1325-07,0.07775607016307971,1
TCGA-EJ-A7NH-01A-12R-A33R-07,-0.1090277293312577,0
TCGA-CJ-5686-01A-11R-1672-07,-0.08911240061515767,0
TCGA-V1-A8MU-01A-11R-A37L-07,-0.10822217968205634,0
TCGA-67-3774-01A-01R-0946-07,-0.09615643294690689,1
TCGA-93-8067-01A-11R-2287-07,-0.06293937866472493,1
TCGA-CJ-4923-01A-01R-1426-07,-0.00793154860526702,1
TCGA-G6-A8L6-01A-11R-A37O-07,0.020116408684577335,1
TCGA-EB-A5SF-01A-11R-A311-07,-0.6125641581740274,1
TCGA-34-2600-01A-01R-0851-07,-0.01515520545887179,1
TCGA-E9-A1NF-01A-11R-A14D-07,-0.026653434381888157,1
TCGA-A8-A08L-01A-11R-A00Z-07,-0.027287634071028157,0
TCGA-AO-A0J4-01A-11R-A034-07,-0.011882350213532308,1
TCGA-55-8203-01A-11R-2241-07,-0.1067760220440245,1
TCGA-LN-A49S-01A-11R-A24K-31,-0.26586669150834846,1
TCGA-NC-A5HP-01A-11R-A26W-07,-0.07096854488696155,1
TCGA-BH-A1FB-01A-11R-A13Q-07,-0.050790776039173056,1
TCGA-53-A4EZ-01A-12R-A24X-07,-0.00042634746617518313,1
TCGA-69-7978-01A-11R-2187-07,-0.08480512475160307,1
TCGA-UB-AA0U-01A-11R-A38B-07,-0.03522852410919419,1
TCGA-44-7662-01A-11R-2066-07,-0.09271457080961822,1
TCGA-E2-A14P-01A-31R-A12D-07,0.005017279863575244,1
TCGA-66-2770-01A-01R-0851-07,-0.08281894829291385,1
TCGA-GL-A4EM-01A-11R-A24Z-07,-0.10977685339790486,1
TCGA-A3-3357-01A-02R-1420-07,-0.028642426427983623,1
TCGA-AA-A01D-01A-01R-A00A-07,-0.030655793317668968,1
TCGA-39-5040-01A-21R-2125-07,0.0578452952770129,1
TCGA-2Y-A9H6-01A-11R-A39D-07,-0.056004798433246475,1
TCGA-38-6178-01A-11R-1755-07,-0.08593555267830273,1
TCGA-G3-A25Z-01A-11R-A16W-07,-0.0996535621025363,1
TCGA-BH-A204-01A-11R-A157-07,-0.01505967345284042,1
TCGA-AA-A01Z-01A-11R-A083-07,-0.0543081819684117,1
TCGA-FB-AAPU-01A-31R-A41B-07,-0.12390316779123538,1
TCGA-18-3406-01A-01R-0980-07,0.0012443628218043285,0
TCGA-HC-7742-01A-11R-2118-07,-0.05884409126608739,1
TCGA-B0-4691-01A-01R-1277-07,0.017556009727218,1
TCGA-18-3408-01A-01R-0980-07,-0.02929229968465792,0
TCGA-A8-A07W-01A-11R-A00Z-07,-0.03998225426893202,1
TCGA-OL-A6VR-01A-32R-A33J-07,-0.01751879310083238,1
TCGA-CA-6718-01A-11R-1839-07,-0.018798647981945544,1
TCGA-04-1357-01A-01R-1565-13,-0.06589700844309933,0
TCGA-X4-A8KS-01A-12R-A36G-07,0.015737987117763464,1
TCGA-EW-A2FR-01A-11R-A21T-07,-0.03411686143028679,1
TCGA-A8-A0A9-01A-11R-A00Z-07,-0.0484519247646917,1
TCGA-J4-A83N-01A-11R-A352-07,-0.11581561055814538,1
TCGA-CJ-4872-01A-01R-1305-07,-0.07603934037290722,1
TCGA-B0-5081-01A-01R-1334-07,-0.03267164780905093,1
TCGA-E9-A24A-01A-11R-A169-07,-0.05604388686704171,0
TCGA-DD-A73E-01A-12R-A32O-07,-0.0269812704609667,1
TCGA-LA-A7SW-01A-11R-A405-07,-0.014490063787436766,1
TCGA-C8-A12U-01A-11R-A115-07,-0.006215916159463149,1
TCGA-B0-5097-01A-01R-1420-07,-0.013938555865576508,1
TCGA-13-0795-01A-01R-1564-13,-0.018777661117124995,1
TCGA-A7-A56D-01A-11R-A27Q-07,0.05388764200081245,1
TCGA-G3-A25S-01A-11R-A16W-07,-0.06696373630969926,1
TCGA-XQ-A8TA-01A-11R-A36G-07,0.3175964753910818,1
TCGA-BP-4335-01A-01R-1289-07,-0.04440897281902788,1
TCGA-CC-5258-01A-01R-A131-07,0.04713283095471675,1
TCGA-HC-A48F-01A-11R-A250-07,-0.02911078795751513,1
TCGA-93-A4JN-01A-11R-A24X-07,-0.07403033244599931,1
TCGA-DD-AADI-01A-11R-A41C-07,-0.04364317558990684,0
TCGA-A8-A090-01A-11R-A00Z-07,-0.043316035261215184,1
TCGA-66-2785-01A-01R-0851-07,0.0034626865775197837,0
TCGA-61-2097-01A-02R-1568-13,-0.04647419220963936,1
TCGA-5P-A9K2-01A-11R-A42S-07,-0.11233216310639718,1
TCGA-KK-A8IC-01A-11R-A36G-07,-0.046480661197109405,0
TCGA-A7-A26E-01A-11R-A277-07,-0.016867881549266557,1
TCGA-50-5066-01A-01R-1628-07,0.003453795674616391,1
TCGA-D8-A27N-01A-11R-A16F-07,-0.040917565061131554,0
TCGA-78-7166-01A-12R-2066-07,-0.04857141637334013,0
TCGA-E9-A1R3-01A-31R-A14M-07,-0.04609107610148622,0
TCGA-97-A4M2-01A-12R-A24X-07,-0.09026949548495926,1
TCGA-BQ-7056-01A-11R-1965-07,-0.11081842317487653,1
TCGA-13-0724-01A-01R-1564-13,-0.110305720963485,0
TCGA-BH-A0HW-01A-11R-A034-07,-0.020356932096516796,1
TCGA-PE-A5DE-01A-11R-A27Q-07,-0.029959242913484153,1
TCGA-2L-AAQI-01A-12R-A39D-07,-0.3449492808021915,0
TCGA-2A-A8VV-01A-11R-A37L-07,-0.10861411253171067,1
TCGA-39-5016-01A-01R-1443-07,-0.08604466488777182,0
TCGA-D5-6930-01A-11R-1928-07,-0.07821383621043648,1
TCGA-D8-A27I-01A-11R-A16F-07,-0.04818281515520151,1
TCGA-V1-A8ML-01A-11R-A37L-07,-0.09293387179405442,1
TCGA-85-6798-01A-11R-1949-07,-0.05376382055377912,1
TCGA-AA-3510-01A-01R-1410-07,-0.07972403915606062,1
TCGA-98-A53A-01A-11R-A262-07,-0.06272680418344882,1
TCGA-A4-A772-01A-11R-A33Z-07,-0.26934923392212445,0
TCGA-MP-A4TC-01A-11R-A24X-07,-0.08842087552824272,1
TCGA-49-6745-01A-11R-1858-07,-0.08002068303528094,1
TCGA-10-0927-01A-02R-1564-13,-0.09861720438596477,0
TCGA-A2-A0CT-01A-31R-A056-07,-0.02122508673377152,1
TCGA-99-8025-01A-11R-2241-07,-0.0928180026970137,1
TCGA-ZS-A9CE-01A-11R-A37K-07,-0.10466158250192892,0
TCGA-AO-A0J6-01A-11R-A034-07,0.014595813859413954,1
TCGA-CA-6715-01A-21R-1839-07,-0.0833891433950764,1
TCGA-AR-A255-01A-11R-A169-07,-0.05648550993345752,0
TCGA-61-2088-01A-01R-1568-13,-0.024020275232189994,1
TCGA-DD-A4NV-01A-11R-A311-07,-0.052476725703825215,1
TCGA-K7-A5RF-01A-11R-A28V-07,-0.08201909877530308,1
TCGA-RC-A6M6-01A-11R-A32O-07,0.05134030611741848,1
TCGA-EP-A12J-01A-11R-A131-07,-0.06686238127234276,1
TCGA-BH-A0BW-01A-11R-A115-07,0.009644467984012566,1
TCGA-56-A4BY-01A-11R-A24H-07,-0.07494050069884756,1
TCGA-AA-3980-01A-02R-1022-07,-0.06158866219013417,1
TCGA-55-8507-01A-11R-2403-07,-0.09369180997837478,0
TCGA-BH-A0BS-01A-11R-A12P-07,-0.03620270243518753,1
TCGA-DD-A4NH-01A-11R-A27V-07,0.07850818527309086,1
TCGA-L9-A443-01A-12R-A24H-07,-0.07888660185832042,1
TCGA-IB-7893-01A-11R-2204-07,-0.15616147009350068,0
TCGA-C8-A26W-01A-11R-A16F-07,-0.04496391578149269,1
TCGA-AA-3866-01A-01R-1022-07,-0.08607083798654273,1
TCGA-AA-3966-01A-01R-1113-07,-0.0012813255439797556,0
TCGA-24-1425-01A-02R-1566-13,-0.02176753683216624,1
TCGA-J9-A52D-01A-11R-A29R-07,-0.021592513594589163,1
TCGA-2Z-A9JQ-01A-11R-A42S-07,-0.0876693737538822,1
TCGA-AA-3941-01A-01R-1022-07,-0.02178397618542538,1
TCGA-77-7337-01A-21R-2045-07,-0.07839940518081925,1
TCGA-92-8063-01A-11R-2247-07,-0.06226224547029652,1
TCGA-BH-A0EA-01A-11R-A115-07,-0.0551152381848137,1
TCGA-EJ-7330-01A-11R-2118-07,-0.06037441769454846,1
TCGA-CC-A3MC-01A-11R-A22L-07,-0.06375193415400862,1
TCGA-DD-AADD-01A-11R-A41C-07,0.007619684481682287,1
TCGA-EJ-7314-01A-31R-2118-07,-0.09715173942331869,1
TCGA-E2-A109-01A-11R-A10J-07,-0.03493646112641741,1
TCGA-AO-A1KR-01A-12R-A144-07,0.03139592930300177,1
TCGA-EJ-A7NK-01A-12R-A352-07,-0.09440382251966585,1
TCGA-56-A4ZK-01A-11R-A262-07,-0.09426913715631599,1
TCGA-B0-5117-01A-01R-1420-07,0.21132663109650163,0
TCGA-A2-A04R-01A-41R-A109-07,-0.04157142593476401,1
TCGA-78-7152-01A-11R-2039-07,-0.08763888867853267,1
TCGA-EB-A41B-01A-11R-A24X-07,-0.5637681246433227,1
TCGA-50-6592-01A-11R-1755-07,-0.05968097099637849,0
TCGA-E9-A1NA-01A-11R-A144-07,-0.02361127764473796,1
TCGA-97-8552-01A-11R-2403-07,-0.09312171357935888,1
TCGA-DD-A4NQ-01A-21R-A28V-07,0.0072401782122191154,1
TCGA-QG-A5YX-01A-11R-A28H-07,-0.07244213472344102,1
TCGA-38-4632-01A-01R-1755-07,-0.06861550842773041,0
TCGA-ZP-A9D1-01A-11R-A38B-07,-0.0693198217953453,0
TCGA-E9-A1RF-01A-11R-A157-07,-0.03836987488414484,1
TCGA-AA-3681-01A-01R-0905-07,-0.10876158728484848,1
TCGA-BH-A0BR-01A-21R-A115-07,-0.01657104975305753,1
TCGA-CA-5254-01A-21R-1839-07,-0.013178945913701199,1
TCGA-18-3417-01A-01R-1443-07,-0.020965691945053364,1
TCGA-86-A4P7-01A-11R-A24X-07,-0.10860056495199272,1
TCGA-24-1924-01A-01R-1567-13,-0.09470079425232171,1
TCGA-AO-A0JL-01A-11R-A056-07,0.015600929353052951,0
TCGA-ED-A7PX-01A-51R-A352-07,0.14472867087293778,0
TCGA-29-1696-01A-01R-1567-13,-0.024918476068750132,1
TCGA-AC-A8OP-01A-11R-A36F-07,-0.034470149146304765,0
TCGA-BP-5202-01A-02R-1426-07,-0.09000524661382261,1
TCGA-EP-A26S-01A-11R-A16W-07,-0.07604809513812473,1
TCGA-77-8144-01A-11R-2247-07,-0.028531896941559838,1
TCGA-60-2713-01A-01R-0851-07,-0.10161481898184108,0
TCGA-AO-A03T-01A-21R-A034-07,-0.010711882455492146,1
TCGA-NK-A5D1-01A-11R-A26W-07,0.004616115706591562,1
TCGA-NI-A8LF-01A-11R-A36F-07,-0.07378023551488432,1
TCGA-B0-4693-01A-01R-1277-07,-0.09143894829134305,0
TCGA-CH-5761-01A-11R-1580-07,0.1608183745987074,1
TCGA-VR-A8EW-01A-11R-A36D-31,-0.2984358716888459,1
TCGA-09-0364-01A-02R-1564-13,-0.025350569348748842,1
TCGA-US-A77E-01A-11R-A32O-07,-0.39606388485485944,1
TCGA-BP-4329-01A-02R-1289-07,-0.05369635447874558,1
TCGA-E9-A2JS-01A-11R-A180-07,-0.03207477639844099,0
TCGA-L5-A8NN-01A-11R-A37I-31,-0.130083387471246,1
TCGA-BP-4169-01A-02R-1289-07,-0.05665382991955491,1
TCGA-DD-A3A5-01A-11R-A22L-07,-0.08721725585537045,1
TCGA-KK-A7B1-01A-11R-A32O-07,-0.0787545966903735,1
TCGA-KR-A7K2-01A-12R-A33R-07,-0.07365644560675416,1
TCGA-77-A5G8-01B-11R-A27Q-07,-0.09013689115187529,1
TCGA-AA-A00F-01A-01R-A002-07,-0.09305644788019071,1
TCGA-BP-4340-01A-01R-1289-07,-0.01419176554360888,1
TCGA-BP-4164-01A-02R-1325-07,-0.050532111780052166,1
TCGA-B6-A0RU-01A-11R-A084-07,-0.01441918735710458,1
TCGA-EJ-7794-01A-11R-2118-07,-0.07800466402066178,1
TCGA-C8-A12P-01A-11R-A115-07,-0.013812294574330015,1
TCGA-09-1674-01A-01R-1566-13,-0.03163369961543097,1
TCGA-G9-6365-01A-11R-1789-07,-0.04932118713814379,1
TCGA-J4-8200-01A-11R-A29R-07,-0.08596606304158486,0
TCGA-BH-A0H5-01A-21R-A115-07,-0.042551094715723894,1
TCGA-66-2787-01A-01R-0980-07,-0.08492886389813091,1
TCGA-XK-AAIV-01A-11R-A41O-07,0.04913021300583669,1
TCGA-G9-6351-01A-21R-1965-07,-0.11288105099417294,1
TCGA-BP-4967-01A-01R-1334-07,-0.055094628599390884,0
TCGA-39-5036-01A-01R-1443-07,-0.05864726862794802,1
TCGA-2J-AAB8-01A-12R-A41B-07,-0.3681422704941262,0
TCGA-ZP-A9CV-01A-11R-A38B-07,-0.10006821777154756,1
TCGA-A6-5667-01A-21R-1723-07,-0.06911616528508499,1
TCGA-XJ-A83F-01A-11R-A352-07,-0.07612306459735753,1
TCGA-BP-4160-01A-02R-1289-07,-0.0544844960328694,1
TCGA-AA-A02H-01A-01R-A089-07,-0.08318771474660748,1
TCGA-SU-A7E7-01A-22R-A33R-07,-0.10476042272450586,1
TCGA-LN-A8HZ-01A-11R-A36D-31,-0.3165386994827237,1
TCGA-VP-A87C-01A-11R-A352-07,-0.009670588084744365,1
TCGA-G9-6347-01A-11R-A31N-07,0.19075066614127636,1
TCGA-2L-AAQM-01A-11R-A39D-07,0.06493997314021142,0
TCGA-CA-5797-01A-01R-1653-07,-0.06564983193923057,1
TCGA-2J-AABA-01A-21R-A41B-07,-0.3324383808278665,1
TCGA-77-8156-01A-11R-2247-07,-0.06282325819294825,1
TCGA-VR-A8EZ-01A-11R-A36D-31,-0.13371352286198143,0
TCGA-J9-A52C-01A-11R-A26U-07,-0.01865607501363512,1
TCGA-BP-4989-01A-01R-1334-07,-0.0009164525181512812,0
TCGA-EB-A3Y7-01A-11R-A239-07,-0.7175105362012395,1
TCGA-13-1506-01A-01R-1565-13,-0.09315589799110624,1
TCGA-EJ-A46D-01A-21R-A32Y-07,-0.13445784412866657,0
TCGA-HC-A631-01A-11R-A29R-07,-0.03819965221454686,1
TCGA-69-7761-01A-11R-2170-07,-0.06293244311826297,1
TCGA-61-2092-01A-01R-1568-13,0.06412346812355502,1
TCGA-BH-A1FN-01A-11R-A13Q-07,-0.025185178390923588,1
TCGA-G3-A25X-01A-11R-A16W-07,0.044404573003023966,1
TCGA-34-8455-01A-11R-2326-07,-0.08880923180754784,1
TCGA-BP-4972-01A-01R-1334-07,-0.09992944895759075,0
TCGA-13-0885-01A-02R-1569-13,-0.07948284691251904,0
TCGA-CJ-6027-01A-11R-1672-07,0.013214902984559684,0
TCGA-O1-A52J-01A-11R-A262-07,-0.06053355779482758,1
TCGA-EB-A3XB-01A-11R-A239-07,-0.5794170846995148,1
TCGA-KK-A7AY-01A-11R-A33R-07,0.006671606440578836,1
TCGA-AA-3930-01A-01R-1022-07,-0.05782341172803689,0
TCGA-49-4506-01A-01R-1206-07,0.009329806530339504,1
TCGA-61-2000-01A-01R-1568-13,-0.07984536123793767,1
TCGA-Z5-AAPL-01A-12R-A41B-07,-0.10918288389867664,1
TCGA-ZG-A9LU-01A-11R-A41O-07,0.0115949393253762,1
TCGA-JY-A93F-01A-21R-A37I-31,-0.27683208397825143,0
TCGA-66-2800-01A-01R-1201-07,-0.09152055207376354,1
TCGA-66-2773-01A-01R-1201-07,-0.09397003497512285,0
TCGA-C8-A27A-01A-11R-A169-07,-0.009862451541671091,1
TCGA-G7-A8LE-01A-11R-A36F-07,-0.14866371569377115,1
TCGA-HC-7819-01A-11R-2118-07,-0.11960875569098234,0
TCGA-50-5936-01A-11R-1628-07,-0.07939316778467073,1
TCGA-86-8359-01A-11R-2326-07,-0.07866947198082541,1
TCGA-AA-3518-01A-02R-0826-07,-0.0936213082653089,1
TCGA-HC-7211-01A-11R-2118-07,0.004430616437529119,1
TCGA-BH-A0C0-01A-21R-A056-07,-0.02854554402656434,1
TCGA-AA-A02O-01A-21R-A16W-07,-0.00467274332850567,1
TCGA-KK-A8I5-01A-11R-A36G-07,-0.08518803040899202,1
TCGA-BP-5000-01A-01R-1334-07,-0.03870347401637079,1
TCGA-A8-A09X-01A-11R-A00Z-07,-0.010488605112089964,1
TCGA-ER-A2NF-01A-11R-A18T-07,-0.5099965564967098,0
TCGA-BH-A6R8-01A-21R-A33J-07,-0.020473970953119987,0
TCGA-44-2661-01A-01R-1107-07,-0.07386524723542251,1
TCGA-AO-A0J2-01A-11R-A034-07,-0.006245260774349737,1
TCGA-IG-A5B8-01A-11R-A28J-31,-0.17314561353420743,1
TCGA-55-8512-01A-11R-2403-07,-0.0858186377596607,0
TCGA-HE-A5NJ-01A-11R-A26U-07,-0.14911810708035173,0
