sample_id,score,y_member
TCGA-B0-5115-01A-01R-1420-07,0.1567490113050014,1
TCGA-EJ-A46E-01A-31R-A250-07,0.40489170912044475,1
TCGA-DD-AAE7-01A-11R-A41C-07,0.7238885609196263,0
TCGA-Z6-A8JE-01A-11R-A37I-31,0.8489970659389736,1
TCGA-A8-A08F-01A-11R-A00Z-07,0.8590427007946043,0
TCGA-59-2350-01A-01R-1569-13,0.8018954450042246,1
TCGA-CZ-4858-01A-01R-1305-07,0.8723933953931149,1
TCGA-CZ-5470-01A-01R-1503-07,0.5951336205392339,1
TCGA-AN-A0XN-01A-21R-A109-07,0.7074748906117295,0
TCGA-37-A5EL-01A-11R-A26W-07,0.9172295387449804,1
TCGA-46-6025-01A-11R-1820-07,0.8704356187506569,1
TCGA-AN-A0XS-01A-22R-A109-07,0.6451526697654354,0
TCGA-M7-A725-01A-12R-A32O-07,0.662134104726206,1
TCGA-XN-A8T3-01A-11R-A36G-07,0.4247376834443099,1
TCGA-3K-AAZ8-01A-12R-A39D-07,0.7965474200163781,0
TCGA-B9-5155-01A-01R-1592-07,0.5699754138929879,1
TCGA-OK-A5Q2-01A-11R-A27Q-07,0.4337190007552416,1
TCGA-2Y-A9H8-01A-11R-A39D-07,0.9046948960012543,1
TCGA-30-1866-01A-02R-1568-13,0.8643530428669431,1
TCGA-SX-A7SO-01A-11R-A355-07,0.8332789642325044,1
TCGA-55-7283-01A-11R-2039-07,0.6806753016973133,1
TCGA-M7-A720-01A-12R-A32O-07,0.170314690227482,1
TCGA-91-6828-01A-11R-1858-07,0.6944946122536501,1
TCGA-D8-A1JF-01A-11R-A13Q-07,0.8577228498524967,1
TCGA-D8-A1JG-01B-11R-A13Q-07,0.9025410341199172,1
TCGA-AL-3468-01A-02R-1351-07,0.6447022862397552,1
TCGA-21-1082-01A-01R-0692-07,0.825999468363621,1
TCGA-A4-8311-01A-11R-2404-07,0.5300182182974981,1
TCGA-BD-A3EP-01A-11R-A22L-07,0.6202715641290982,1
TCGA-92-7340-01A-21R-2045-07,0.8011517512346158,1
TCGA-EJ-A65B-01A-12R-A30B-07,0.5234072154177373,1
TCGA-HC-8261-01B-05R-2302-07,0.5817083065957211,1
TCGA-AZ-6601-01A-11R-1774-07,0.7691482368743927,1
TCGA-B0-4703-01A-01R-1277-07,0.50495059308944,1
TCGA-AA-A004-01A-01R-A00A-07,0.8961746452902014,1
TCGA-30-1862-01A-02R-1568-13,0.7809522143590037,1
TCGA-09-2045-01A-01R-1568-13,0.8085490697432488,0
TCGA-E2-A10F-01A-11R-A10J-07,0.23137557332306855,0
TCGA-OL-A6VO-01A-12R-A33J-07,0.8676576673253555,1
TCGA-BQ-5884-01A-11R-1592-07,0.8363879016970809,1
TCGA-49-4507-01A-01R-1206-07,0.8208691818716652,0
TCGA-ZG-A9LS-01A-12R-A41O-07,0.5476586877624686,0
TCGA-AN-A0FW-01A-11R-A034-07,0.8297197927463534,1
TCGA-A6-A5ZU-01A-11R-A28H-07,0.8337501279301075,1
TCGA-QU-A6IL-01A-11R-A31N-07,0.7065206609022567,1
TCGA-67-4679-01B-01R-1755-07,0.7890497459976209,1
TCGA-DM-A28G-01A-11R-A16W-07,0.4394961191045472,1
TCGA-IB-AAUV-01A-11R-A38C-07,0.35703903280353266,1
TCGA-FB-AAPZ-01A-11R-A41B-07,0.44894444197836786,1
TCGA-DD-AAEG-01A-11R-A39D-07,0.8573461895835466,0
TCGA-24-0975-01A-02R-1565-13,0.7941152109427788,0
TCGA-AA-3841-01A-01R-0905-07,0.6330929817243534,1
TCGA-75-6211-01A-11R-1755-07,0.8405534580699523,1
TCGA-IB-7887-01A-11R-2156-07,0.7388211817422986,1
TCGA-78-7161-01A-11R-2039-07,0.8332520088369656,1
TCGA-B0-5699-01A-11R-1541-07,0.559193862234848,1
TCGA-DD-A113-01A-11R-A131-07,0.8656234076866096,1
TCGA-E9-A1R2-01A-11R-A14D-07,0.7687754236703359,1
TCGA-78-7536-01A-11R-2066-07,0.8867689736238071,1
TCGA-B6-A0WY-01A-11R-A109-07,0.6442860645453834,0
TCGA-ZP-A9CY-01A-11R-A38B-07,0.5389624328649026,0
TCGA-EJ-5495-01A-01R-1580-07,0.38441383752668956,1
TCGA-2H-A9GJ-01A-11R-A37I-31,0.8805200288434949,1
TCGA-AA-3955-01A-02R-1022-07,0.4947431112479348,0
TCGA-20-1684-01A-01R-1566-13,0.8661309214257343,1
TCGA-AA-3697-01A-01R-1723-07,0.39683684951948356,1
TCGA-56-5898-01A-11R-1635-07,0.7311029613929969,1
TCGA-BP-4801-01A-02R-1420-07,0.3647699703819707,1
TCGA-D8-A146-01A-31R-A115-07,0.3152071404705807,1
TCGA-DD-AACJ-01A-11R-A41C-07,0.8087357724566819,1
TCGA-BQ-5892-01A-11R-1592-07,0.44210510636707956,1
TCGA-BH-A0BF-01A-21R-A12P-07,0.45317293896822153,1
TCGA-HZ-8003-01A-21R-2204-07,0.45885190515578983,1
TCGA-BH-A1EU-01A-11R-A137-07,0.2960096688258128,0
TCGA-61-1900-01A-01R-1567-13,0.8952195015387321,1
TCGA-AM-5821-01A-01R-1653-07,0.8527942135767119,1
TCGA-A7-A26J-01A-11R-A169-07,0.536529110250872,1
TCGA-AR-A1AT-01A-11R-A12P-07,0.7884281431260084,1
TCGA-OL-A5S0-01A-11R-A28M-07,0.8146423097887767,0
TCGA-63-6202-01A-11R-1820-07,0.8269978615997423,1
TCGA-A2-A3XV-01A-21R-A239-07,0.8403179424271171,1
TCGA-CH-5772-01A-11R-1580-07,0.5275020161339102,1
TCGA-OL-A5DA-01A-11R-A27Q-07,0.6850731359779689,1
TCGA-2Z-A9J1-01A-11R-A38C-07,0.31771867764247375,0
TCGA-LN-A8I0-01A-11R-A36D-31,0.7834518005215685,1
TCGA-50-8460-01A-11R-2326-07,0.7164373045875488,0
TCGA-86-8279-01A-11R-2287-07,0.7513290311653377,1
TCGA-56-A4ZJ-01A-11R-A262-07,0.6210474773900757,0
TCGA-67-3770-01A-01R-0946-07,0.8047036016138348,0
TCGA-A2-A0YF-01A-21R-A109-07,0.7492772524920512,0
TCGA-85-A50Z-01A-21R-A262-07,0.8975207415656522,0
TCGA-G9-6363-01A-21R-1789-07,0.7197140925825932,1
TCGA-G7-6790-01A-11R-1965-07,0.4911646426385583,1
TCGA-AR-A1AM-01A-41R-A22K-07,0.37937443658287145,1
TCGA-E2-A10C-01A-21R-A10J-07,0.8568940578851565,1
TCGA-AA-A00L-01A-01R-A002-07,0.6636459853690099,1
TCGA-55-7995-01A-11R-2187-07,0.7388827567233717,1
TCGA-G4-6309-01A-21R-1839-07,0.8535251293768971,1
TCGA-CJ-4908-01A-01R-1426-07,0.08677286816845743,0
TCGA-EJ-A46B-01A-31R-A250-07,0.17516548315711705,1
TCGA-AR-A24Z-01A-11R-A169-07,0.832933311587899,1
TCGA-A6-2685-01A-01R-1410-07,0.6072687778760844,1
TCGA-A4-A5DU-01A-11R-A28H-07,0.5005277462959239,1
TCGA-AZ-6600-01A-11R-1774-07,0.46156794936598705,1
TCGA-CC-A7IH-01A-11R-A33J-07,0.8501004623135833,0
TCGA-QU-A6IM-01A-11R-A31N-07,0.6853143076113466,1
TCGA-LN-A49M-01A-21R-A260-31,0.8534775844374239,1
TCGA-66-2765-01A-01R-0851-07,0.6846714442741644,1
TCGA-A8-A0AB-01A-11R-A034-07,0.5488172599653458,1
TCGA-S3-AA14-01A-11R-A41B-07,0.54239716187286,1
TCGA-98-A538-01A-11R-A262-07,0.8751362126942295,1
TCGA-CM-6166-01A-11R-1653-07,0.5633435734666691,1
TCGA-5M-AAT4-01A-11R-A41B-07,0.7008296190376987,0
TCGA-61-2008-01A-02R-1568-13,0.8452273060096108,0
TCGA-B6-A0X0-01A-21R-A115-07,0.715391695917308,0
TCGA-86-8281-01A-11R-2287-07,0.7229591198382975,1
TCGA-24-1546-01A-01R-1566-13,0.7546408483346894,1
TCGA-V1-A9OL-01A-11R-A41O-07,0.7249105103310013,1
TCGA-BH-A201-01A-11R-A14M-07,0.6164460716305163,1
TCGA-18-3409-01A-01R-0980-07,0.7344103776675261,1
TCGA-F4-6461-01A-11R-1774-07,0.787234813965059,1
TCGA-AA-A02E-01A-01R-A00A-07,0.784137072233593,1
TCGA-YL-A9WY-01A-11R-A41O-07,0.5876578079134215,0
TCGA-B0-5102-01A-01R-1420-07,0.5762103947469951,0
TCGA-G9-7521-01A-11R-2263-07,0.7676389526586247,1
TCGA-CJ-4902-01A-01R-1426-07,0.25221923842906585,1
TCGA-CA-6717-01A-11R-1839-07,0.6915546602250084,1
TCGA-IG-A5S3-01A-11R-A28J-31,0.8289997792801282,1
TCGA-EJ-5497-01A-02R-1580-07,0.16438776348045062,0
TCGA-BF-A5EO-01A-12R-A27Q-07,0.8439735824296883,1
TCGA-85-A4JC-01A-11R-A24Z-07,0.8137953975433065,1
TCGA-44-3917-01A-01R-A278-07,0.8937993951242816,1
TCGA-A8-A08H-01A-21R-A00Z-07,0.4861318274117129,0
TCGA-95-A4VN-01A-11R-A262-07,0.6795298910470631,1
TCGA-B0-5693-01A-11R-1541-07,0.3465800578800175,1
TCGA-77-8138-01A-11R-2247-07,0.7720913899221469,1
TCGA-KK-A7B0-01A-11R-A32O-07,0.6158086724127317,1
TCGA-B0-5083-01A-02R-1420-07,0.7887975130945831,1
TCGA-GM-A2DA-01A-11R-A18M-07,0.7761831388245889,1
TCGA-A2-A3KD-01A-12R-A213-07,0.7724891749791791,0
TCGA-DD-A39Y-01A-11R-A213-07,0.8219170319667923,0
TCGA-B6-A0WZ-01A-11R-A109-07,0.6736757997852275,0
TCGA-A6-2682-01A-01R-1410-07,0.6796220444754176,1
TCGA-D8-A1JU-01A-11R-A13Q-07,0.26819597087586805,1
TCGA-RL-AAAS-01A-32R-A39D-07,0.3126729514261071,1
TCGA-B9-A44B-01A-11R-A24Z-07,0.8559115841798074,1
TCGA-B6-A0I5-01A-11R-A034-07,0.6299478045236834,0
TCGA-BH-AB28-01A-31R-A41B-07,0.7143208970541151,1
TCGA-E9-A1N9-01A-11R-A14D-07,0.8796523278585798,1
TCGA-A3-3363-01A-01R-0864-07,0.6319599364208399,1
TCGA-22-1000-01A-01R-A32Z-07,0.27711938536442365,1
TCGA-KK-A6E4-01A-11R-A30B-07,0.46033424103867376,1
TCGA-BQ-5889-01A-11R-1592-07,0.6368564176836276,1
TCGA-DM-A1HA-01A-11R-A155-07,0.8899119102954457,1
TCGA-BF-A5ER-01A-12R-A27Q-07,0.8697769786322039,1
TCGA-LL-A73Y-01A-11R-A33J-07,0.7612990940383245,1
TCGA-BF-A3DL-01A-11R-A20F-07,0.8583310214074649,1
TCGA-VR-A8EO-01A-11R-A36D-31,0.8625801822297847,1
TCGA-L1-A7W4-01A-12R-A36G-07,0.8743059048786036,1
TCGA-B0-4838-01A-01R-1305-07,0.37801229914337375,1
TCGA-2Y-A9GY-01A-11R-A38B-07,0.8746831752090154,1
TCGA-BP-4343-01A-02R-1289-07,0.7179483329843054,1
TCGA-BQ-5893-01A-11R-1592-07,0.8225206356616477,1
TCGA-HP-A5MZ-01A-21R-A27V-07,0.38521041271643003,1
TCGA-A7-A4SE-01A-11R-A266-07,0.8793804483596981,1
TCGA-66-2783-01A-01R-1201-07,0.7968224382424098,1
TCGA-73-4675-01A-01R-1206-07,0.7683189219010934,1
TCGA-D5-5538-01A-01R-1653-07,0.5909192593733193,0
TCGA-YL-A8SO-01B-31R-A37L-07,0.6213130493536213,0
TCGA-E2-A15H-01A-11R-A12D-07,0.7822527545566812,0
TCGA-V1-A8WN-01A-11R-A37L-07,0.36303452150058013,1
TCGA-BH-A0EB-01A-11R-A034-07,0.6876160273123606,1
TCGA-DD-A39X-01A-11R-A213-07,0.833403526906061,1
TCGA-E2-A1LK-01A-21R-A14D-07,0.9071814420261434,1
TCGA-AR-A0TV-01A-21R-A084-07,0.8850880797484533,1
TCGA-A1-A0SD-01A-11R-A115-07,0.6239939100542489,1
TCGA-33-AASI-01A-22R-A405-07,0.8535451138018172,0
TCGA-L5-A4OW-01A-11R-A28J-31,0.7111110359233394,1
TCGA-86-7711-01A-11R-2066-07,0.9096940203754533,1
TCGA-34-5234-01A-01R-1635-07,0.5370359602299166,1
TCGA-63-7023-01A-11R-1949-07,0.8829817532112055,1
TCGA-BP-5191-01A-01R-1426-07,0.5661253341509277,1
TCGA-Q9-A6FW-01A-31R-A31P-31,0.7807354005088084,1
TCGA-CZ-5468-01A-01R-1503-07,0.8195867495897549,1
TCGA-78-7153-01A-11R-2039-07,0.8099434032754326,0
TCGA-DD-A4NA-01A-11R-A266-07,0.8943541254945973,1
TCGA-43-2578-01A-01R-0851-07,0.8642247001202243,1
TCGA-5R-AA1C-01A-11R-A41C-07,0.8575912236785375,1
TCGA-78-7149-01A-11R-2039-07,0.7229271157018083,1
TCGA-CW-5591-01A-01R-1541-07,0.48852797804355336,0
TCGA-13-0906-01A-01R-1564-13,0.8124111803624658,0
TCGA-CJ-4876-01A-01R-1305-07,0.518073478366934,0
TCGA-M7-A724-01A-12R-A32O-07,0.7321215763380631,1
TCGA-62-A46Y-01A-11R-A24H-07,0.4850250516486578,1
TCGA-C8-A26V-01A-11R-A16F-07,0.7908181245114917,1
TCGA-OL-A5D8-01A-11R-A27Q-07,0.8406717373859911,1
TCGA-77-8143-01A-11R-2247-07,0.9020891506904282,1
TCGA-BH-A0DO-01B-11R-A12D-07,0.5109390725436118,1
TCGA-CJ-5675-01A-11R-1541-07,0.5528000349826956,1
TCGA-A2-A4S0-01A-21R-A266-07,0.7700651051376297,1
TCGA-B9-4117-01A-02R-1351-07,0.6571326690205215,1
TCGA-BP-4352-01A-01R-1289-07,0.89002552947936,1
TCGA-A2-A0ST-01A-12R-A084-07,0.6702038997541964,1
TCGA-E2-A1IH-01A-11R-A13Q-07,0.6106894052861933,1
TCGA-37-3792-01A-01R-0980-07,0.8430586042010321,1
TCGA-AK-3427-01A-01R-0864-07,0.9239214371192008,1
TCGA-AA-3506-01A-01R-1410-07,0.6929654449635275,1
TCGA-CZ-5466-01A-01R-1503-07,0.5825510182366039,1
TCGA-77-8140-01A-11R-2247-07,0.8593887995741802,1
TCGA-21-5786-01A-01R-1635-07,0.8730267753973668,1
TCGA-86-8075-01A-11R-2241-07,0.6007074672915521,0
TCGA-A3-A8OX-01A-11R-A37O-07,0.46257370931230496,1
TCGA-95-8494-01A-11R-2326-07,0.8140408390801602,1
TCGA-IG-A7DP-01A-31R-A336-31,0.6997824149120533,1
TCGA-AD-6964-01A-11R-1928-07,0.6644002389719981,1
TCGA-A8-A0A6-01A-12R-A056-07,0.5967698117521323,1
TCGA-B0-5711-01A-11R-1672-07,0.10537465209776513,1
TCGA-BH-A1FM-01A-11R-A13Q-07,0.8435782964071896,1
TCGA-CH-5771-01A-21R-1580-07,0.2491270592520863,0
TCGA-69-7980-01A-11R-2187-07,0.7733414536742127,1
TCGA-AR-A254-01A-21R-A169-07,0.7628705583472238,0
TCGA-A6-2683-01A-01R-0821-07,0.8040767348287231,0
TCGA-PL-A8LY-01A-11R-A41B-07,0.5208243035754648,0
TCGA-G3-A3CH-01A-11R-A22L-07,0.792224076089066,1
TCGA-57-1583-01A-01R-1566-13,0.9105097052207077,1
TCGA-A4-8310-01A-11R-2404-07,0.4665992151264209,1
TCGA-XK-AAJP-01A-11R-A41O-07,0.6328989026099637,1
TCGA-EB-A3XE-01A-12R-A239-07,0.7951941523002855,1
TCGA-AN-A0FZ-01A-11R-A034-07,0.8643910020811943,0
TCGA-13-0911-01A-01R-1564-13,0.8131042743632565,1
TCGA-51-6867-01A-11R-2045-07,0.7937650286741778,1
TCGA-AN-A04D-01A-21R-A034-07,0.9050273228887438,1
TCGA-DD-AADC-01A-11R-A41C-07,0.8891404813954893,1
TCGA-73-4677-01A-01R-1206-07,0.7604563687088998,1
TCGA-L9-A743-01A-43R-A39D-07,0.4040702940870852,1
TCGA-E9-A6HE-01A-11R-A31O-07,0.6184894388411196,1
TCGA-E2-A15D-01A-11R-A115-07,0.4853663140125835,1
TCGA-73-4658-01A-01R-1755-07,0.663313469963181,1
TCGA-CH-5788-01A-11R-1580-07,0.8402473917347604,1
TCGA-E2-A14Z-01A-11R-A115-07,0.7493239294234173,1
TCGA-EB-A6QY-01A-12R-A32P-07,0.8753303723218778,1
TCGA-CH-5753-01A-11R-1580-07,0.6567365012781712,1
TCGA-AC-A3W5-01A-11R-A22K-07,0.6555597929311633,1
TCGA-A6-A566-01A-11R-A28H-07,0.5419117784718023,1
TCGA-AA-3994-01A-01R-1113-07,0.7101582992374398,1
TCGA-MS-A51U-01A-31R-A266-07,0.5135314035918398,1
TCGA-13-1509-01A-01R-1565-13,0.7978898293464112,1
TCGA-IG-A6QS-01A-12R-A336-31,0.7820239589869227,1
TCGA-EW-A1PG-01A-11R-A144-07,0.5295513939036772,1
TCGA-23-1023-01A-02R-1564-13,0.8283388195695989,0
TCGA-XJ-A9DI-01A-11R-A37L-07,0.44639032317849964,0
TCGA-68-A59I-01A-11R-A262-07,0.8648939544147234,1
TCGA-13-0891-01A-01R-1564-13,0.898584409849195,1
TCGA-A7-A13E-01A-11R-A12P-07,0.908320091714113,1
TCGA-A8-A07E-01A-11R-A034-07,0.5191399406265899,1
TCGA-EJ-7785-01A-11R-2118-07,0.24126470733348232,1
TCGA-98-A53C-01A-11R-A262-07,0.39676068564873707,1
TCGA-IB-A7M4-01A-11R-A36G-07,0.6430079486279258,1
TCGA-78-7146-01A-11R-2039-07,0.871464104044019,1
TCGA-2Z-A9J9-01A-11R-A42S-07,0.5381168861794957,1
TCGA-FR-A726-01A-11R-A32P-07,0.87824984995869,1
TCGA-49-4487-01A-21R-1858-07,0.8134608070771976,1
TCGA-C8-A278-01A-11R-A169-07,0.8130827761760563,1
TCGA-MP-A4T9-01A-11R-A24X-07,0.6461710808144935,1
TCGA-BH-A1FG-01A-11R-A13Q-07,0.6780930883887218,1
TCGA-CK-6746-01A-11R-1839-07,0.8401934904583233,1
TCGA-E9-A1N8-01A-11R-A144-07,0.8463716403208572,1
TCGA-2Z-A9J6-01A-11R-A38C-07,0.4070175411277343,1
TCGA-A6-6137-01A-11R-1774-07,0.515755159610542,1
TCGA-V1-A9OA-01A-11R-A41O-07,0.5434490196690644,1
TCGA-HV-A7OP-01A-11R-A33R-07,0.8793813030524731,1
TCGA-KK-A7B3-01A-11R-A33R-07,0.5495111592015085,1
TCGA-UB-A7MA-01A-11R-A33R-07,0.8892591633278868,1
TCGA-VR-AA7D-01A-11R-A406-31,0.8170626889437057,1
TCGA-D8-A1Y0-01A-11R-A14M-07,0.6418202749306259,1
TCGA-DD-A4NF-01A-11R-A27V-07,0.8959624363359638,1
TCGA-AR-A24Q-01A-12R-A169-07,0.7619992381183546,0
TCGA-BP-4986-01A-01R-1334-07,0.2954262761411332,1
TCGA-L4-A4E6-01A-11R-A24H-07,0.5678255580545566,1
TCGA-EJ-A46F-01A-31R-A250-07,0.7571678605022489,1
TCGA-21-1078-01A-01R-0692-07,0.8732914770052265,0
TCGA-33-4587-01A-11R-2125-07,0.8814754560126294,1
TCGA-VN-A88Q-01A-11R-A352-07,0.4478875166497399,1
TCGA-RC-A7S9-01A-11R-A33R-07,0.8612290754272972,1
TCGA-98-A53J-01A-11R-A26W-07,0.8178669626878851,0
TCGA-B0-5705-01A-11R-1541-07,0.4492561474775999,1
TCGA-97-7546-01A-11R-2039-07,0.5499347735428639,1
TCGA-YL-A8SQ-01B-11R-A37L-07,0.3585628078883526,1
TCGA-AA-3712-01A-21R-1723-07,0.5253251464985321,1
TCGA-AR-A5QM-01A-11R-A27Q-07,0.5013510888544528,0
TCGA-HC-7077-01A-11R-1965-07,0.514732894830374,0
TCGA-66-2795-01A-02R-0980-07,0.6430582502686218,1
TCGA-BP-4977-01A-01R-1334-07,0.47195951908752454,1
TCGA-CZ-5988-01A-11R-1672-07,0.7066623169533011,1
TCGA-LL-A5YP-01A-21R-A28M-07,0.7912619828518629,1
TCGA-B0-4706-01A-01R-1503-07,0.5291723691254164,1
TCGA-29-1784-01A-02R-1567-13,0.7860149361212586,1
TCGA-55-7903-01A-11R-2170-07,0.7342277819938986,0
TCGA-CM-6680-01A-11R-1839-07,0.3071163057837041,1
TCGA-49-6743-01A-11R-1858-07,0.8464671135955918,1
TCGA-B0-4815-01A-01R-1503-07,0.5888975994260868,1
TCGA-EW-A1PE-01A-11R-A144-07,0.5511178927501703,1
TCGA-VN-A88I-01A-11R-A352-07,0.23595394277285991,1
TCGA-NJ-A7XG-01A-12R-A39D-07,0.7781449991214486,1
TCGA-G7-A8LC-01A-11R-A36F-07,0.7768389008688457,1
TCGA-G9-7525-01A-31R-2263-07,0.6252655618046897,1
TCGA-A3-3362-01A-02R-1325-07,0.1165301257886222,0
TCGA-AN-A0AR-01A-11R-A00Z-07,0.896006585894979,1
TCGA-R6-A8WC-01A-11R-A37I-31,0.7917280358456807,0
TCGA-73-A9RS-01A-11R-A41B-07,0.8595569885632706,1
TCGA-05-4390-01A-02R-1755-07,0.8553556435574212,1
TCGA-CM-5349-01A-21R-1723-07,0.6420063013448273,1
TCGA-CJ-4637-01A-02R-1325-07,0.543745987623037,1
TCGA-CJ-4897-01A-03R-1426-07,0.3143541431366528,0
TCGA-D8-A3Z6-01A-11R-A239-07,0.6719984822741193,0
TCGA-68-7757-01B-11R-2296-07,0.6423576798744492,1
TCGA-HI-7168-01A-11R-2118-07,0.5946561018105246,1
TCGA-DV-A4VZ-01A-11R-A266-07,0.8071677110786777,1
TCGA-CC-A7IJ-01A-11R-A33R-07,0.9302417407219894,1
TCGA-3C-AALJ-01A-31R-A41B-07,0.882322659635609,1
TCGA-49-4505-01A-01R-1206-07,0.6108733047346984,1
TCGA-V5-A7RE-01A-11R-A354-31,0.8523241048998763,1
TCGA-CC-5261-01A-01R-A131-07,0.6172089644411789,1
TCGA-85-A4CN-01A-11R-A24H-07,0.7598120471951323,1
TCGA-BH-A0HI-01A-11R-A084-07,0.3770528099944219,1
TCGA-55-A48Z-01A-12R-A24X-07,0.7172396624526545,1
TCGA-60-2720-01A-01R-0851-07,0.751535239721966,1
TCGA-A7-A5ZV-01A-11R-A28M-07,0.9283530104045836,0
TCGA-HC-7231-01A-11R-2118-07,0.2073182954826633,1
TCGA-66-2771-01A-01R-0980-07,0.7096214350337864,1
TCGA-EJ-A65J-01A-11R-A311-07,0.7193384040108809,1
TCGA-G4-6322-01A-11R-1723-07,0.8007020922623103,1
TCGA-IB-A7LX-01A-12R-A36G-07,0.7988877723044157,0
TCGA-86-8669-01A-11R-2403-07,0.8103043139287187,1
TCGA-B0-5697-01A-11R-1541-07,0.3547023440152158,1
TCGA-G4-6323-01A-11R-1723-07,0.4406590347882471,0
TCGA-L5-A4OT-01A-11R-A28J-31,0.8324403745997826,1
TCGA-3E-AAAZ-01A-11R-A38C-07,0.6089253923383015,0
TCGA-13-1498-01A-01R-1565-13,0.8540744425322052,1
TCGA-WN-AB4C-01A-11R-A42S-07,0.8210778344571724,0
TCGA-AA-A02W-01A-01R-A00A-07,0.4936896286768292,1
TCGA-A6-5660-01A-01R-1653-07,0.6179515801929529,1
TCGA-85-A50M-01A-21R-A262-07,0.8521613661374513,1
TCGA-B4-5378-01A-01R-1503-07,0.36020212327624984,1
TCGA-EW-A1PF-01A-11R-A144-07,0.5366923859593241,0
TCGA-44-4112-01B-06R-A277-07,0.8052968679653681,0
TCGA-23-1021-01B-01R-1564-13,0.7964310230684358,1
TCGA-CJ-4888-01A-01R-1305-07,0.5244362093726544,1
TCGA-FB-AAQ6-01A-11R-A41B-07,0.5652646397885241,0
TCGA-39-5021-01A-01R-1443-07,0.7295246142604448,0
TCGA-HZ-8638-01A-11R-2404-07,0.4002522859096664,1
TCGA-55-8085-01A-11R-2241-07,0.8257393229046477,0
TCGA-24-2038-01A-01R-1568-13,0.7106930670706668,0
TCGA-UZ-A9PS-01A-11R-A42S-07,0.6777951808951208,1
TCGA-23-1022-01A-01R-1564-13,0.8840447182621028,1
TCGA-25-1635-01A-01R-1566-13,0.8688028363167253,1
TCGA-56-8308-01A-11R-2296-07,0.7282575137680319,1
TCGA-A7-A13G-01A-11R-A13Q-07,0.8883378743489838,1
TCGA-BH-A0DX-01A-11R-A115-07,0.6411749264026746,1
TCGA-BH-A0HO-01A-11R-A034-07,0.7103009797112958,1
TCGA-A8-A092-01A-11R-A00Z-07,0.690914728083783,1
TCGA-A8-A08I-01A-11R-A00Z-07,0.8492267184794342,1
TCGA-QU-A6IO-01A-11R-A31N-07,0.5717679992096751,1
TCGA-D8-A1XO-01A-11R-A14M-07,0.5914182166283329,0
TCGA-HE-A5NL-01A-11R-A26U-07,0.20009573860535018,0
TCGA-CZ-5984-01A-11R-1672-07,0.4882193997154874,1
TCGA-EJ-A7NJ-01A-22R-A352-07,0.22644402056881885,1
TCGA-A6-6653-01A-11R-1774-07,0.7867752849203613,1
TCGA-BC-4073-01B-02R-A131-07,0.8643277088819724,1
TCGA-HZ-7923-01A-12R-2156-07,0.13833048586788485,1
TCGA-AL-7173-01A-11R-2139-07,0.5420612204965113,0
TCGA-A2-A1FX-01A-11R-A13Q-07,0.8757094192007842,1
TCGA-AZ-4323-01A-21R-1839-07,0.7261607565769561,1
TCGA-J4-A67R-01A-21R-A30B-07,0.19451549819768132,1
TCGA-BF-AAP8-01A-11R-A40A-07,0.8966307198639453,1
TCGA-IG-A97H-01A-11R-A38D-31,0.8810717734176609,1
TCGA-DM-A28C-01A-11R-A32Y-07,0.716241088104443,1
TCGA-NJ-A4YQ-01A-11R-A262-07,0.8766124792952682,1
TCGA-LN-A49K-01A-11R-A24K-31,0.6620783148000778,1
TCGA-44-2655-01A-01R-0946-07,0.6273722143347635,1
TCGA-B8-5164-01A-01R-1420-07,0.4208056574752458,1
TCGA-IZ-8195-01A-31R-2404-07,0.7637541899386552,1
TCGA-XD-AAUG-01A-61R-A41B-07,0.29524206368483874,1
TCGA-OE-A75W-01A-12R-A32O-07,0.5442527039098765,1
TCGA-UZ-A9PU-01A-11R-A42S-07,0.3780714872382607,1
TCGA-CM-4752-01A-01R-1410-07,0.5641025408805074,1
TCGA-MR-A520-01A-11R-A266-07,0.5956665991464936,1
TCGA-E9-A1R0-01A-22R-A16F-07,0.6153887873774521,1
TCGA-43-8115-01A-11R-2247-07,0.522927156150275,1
TCGA-F2-A7TX-01A-33R-A38C-07,0.5488420017410801,0
TCGA-13-1404-01A-01R-1565-13,0.8163592411908195,1
TCGA-13-0923-01A-01R-1564-13,0.8579941974525138,1
TCGA-LB-A7SX-01A-11R-A33R-07,0.6828005405446717,1
TCGA-BP-5001-01A-01R-1334-07,0.5111222260267995,0
TCGA-09-1665-01B-01R-1566-13,0.8996661313737024,1
TCGA-GL-A9DC-01A-11R-A37K-07,0.5564518478299705,1
TCGA-IA-A83T-01A-11R-A355-07,0.7528079746408702,0
TCGA-86-8668-01A-11R-2403-07,0.7132721282164503,1
TCGA-A6-5661-01A-01R-1653-07,0.7071577878542861,1
TCGA-V5-A7RC-01B-11R-A406-31,0.7771420710310184,0
TCGA-05-4417-01A-22R-1858-07,0.5746850590409428,0
TCGA-29-1693-01A-01R-1567-13,0.8578901289149555,1
TCGA-AN-A0FX-01A-11R-A034-07,0.845623572274104,1
TCGA-C8-A135-01A-11R-A115-07,0.8755711162055906,1
TCGA-CM-6162-01A-11R-1653-07,0.4363742378226896,1
TCGA-E2-A15C-01A-31R-A12D-07,0.5055433182891935,1
TCGA-D8-A1JI-01A-11R-A13Q-07,0.8700446863395721,1
TCGA-24-1563-01A-01R-1566-13,0.7201997033010796,1
TCGA-BH-A42V-01A-11R-A24H-07,0.44301942386263615,1
TCGA-A6-6780-01A-11R-1839-07,0.8083209654734931,1
TCGA-A3-3323-01A-02R-1325-07,0.29947566246265156,1
TCGA-B0-4712-01A-01R-1503-07,0.6266848576737231,1
TCGA-85-A4QR-01A-11R-A24Z-07,0.8568730228938588,0
TCGA-EW-A423-01A-11R-A24H-07,0.663082031529271,0
TCGA-HZ-A8P0-01A-11R-A36G-07,0.5295046357885459,1
TCGA-B1-A47M-01A-11R-A24Z-07,0.4683817352243174,1
TCGA-91-6830-01A-11R-1949-07,0.7077680363919046,1
TCGA-AO-A0J9-01A-11R-A034-07,0.5760932404712241,1
TCGA-V1-A8WV-01A-11R-A37L-07,0.7343153556390055,0
TCGA-LN-A49N-01A-11R-A24K-31,0.6173455227024918,1
TCGA-BF-AAP6-01A-11R-A40A-07,0.8706400284691205,0
TCGA-B6-A401-01A-11R-A239-07,0.6902746633999799,1
TCGA-BQ-7060-01A-11R-1965-07,0.34027412082894404,1
TCGA-EP-A2KB-01A-11R-A180-07,0.794753102899264,1
TCGA-A2-A0SY-01A-31R-A084-07,0.46519386802310614,1
TCGA-CZ-4860-01A-01R-1305-07,0.8913880080680355,1
TCGA-CM-6169-01A-11R-1653-07,0.41599263407464965,1
TCGA-85-8353-01A-21R-2296-07,0.6440540819188677,1
TCGA-AA-3850-01A-01R-1022-07,0.6231064035717466,1
TCGA-2Z-A9JJ-01A-11R-A42S-07,0.8579037408930433,1
TCGA-C8-A1HE-01A-11R-A13Q-07,0.41815193301782744,1
TCGA-97-7552-01A-11R-2039-07,0.3247253612530607,1
TCGA-YL-A8SC-01A-11R-A37L-07,0.7118813344590618,1
TCGA-BQ-5877-01A-11R-1592-07,0.7768063033547505,1
TCGA-AA-3986-01A-02R-1022-07,0.36048163054116106,1
TCGA-A6-6140-01A-11R-1774-07,0.5507353117538875,1
TCGA-MP-A5C7-01A-11R-A262-07,0.7500091727120239,1
TCGA-86-7955-01A-11R-2187-07,0.9137912485148691,1
TCGA-A3-3311-01A-02R-1325-07,0.24458706256351712,0
TCGA-MP-A4T8-01A-11R-A24X-07,0.7698313010676433,1
TCGA-49-4488-01A-01R-1755-07,0.8331427643317757,1
TCGA-A8-A07O-01A-11R-A00Z-07,0.810941884938759,1
TCGA-EJ-7312-01B-21R-A32O-07,0.6510964097080171,1
TCGA-CK-5912-01A-11R-1653-07,0.7686047831534681,1
TCGA-56-6546-01A-11R-1820-07,0.8944062352279228,1
TCGA-B6-A1KC-01B-11R-A157-07,0.8650807177913328,0
TCGA-5P-A9JU-01A-11R-A42S-07,0.8060902315838725,1
TCGA-B9-4114-01A-01R-1193-07,0.7192001862499081,1
TCGA-EB-A551-01A-21R-A27Q-07,0.8980891810333781,1
TCGA-A7-A0DB-01A-11R-A277-07,0.6826929153377217,1
TCGA-G4-6628-01A-11R-1839-07,0.754680937935353,0
TCGA-LD-A66U-01A-11R-A31O-07,0.4153854159413867,1
TCGA-91-6840-01A-11R-1949-07,0.8709047593237198,1
TCGA-EJ-5527-01A-01R-1580-07,0.16267264017952793,1
TCGA-29-2428-01A-01R-1569-13,0.8563113962442519,1
TCGA-22-4601-01A-01R-1443-07,0.7877560992564586,1
TCGA-22-0940-01A-01R-0692-07,0.7681491996037777,1
TCGA-24-1555-01A-01R-1566-13,0.8439534058673211,1
TCGA-F4-6856-01A-11R-1928-07,0.6047838836005615,1
TCGA-LG-A9QD-01A-11R-A38B-07,0.7775718445712243,1
TCGA-B0-4814-01A-01R-1277-07,0.5399743085811455,1
TCGA-DD-A3A7-01A-11R-A22L-07,0.866304065260997,0
TCGA-BQ-7050-01A-11R-1965-07,0.7354853292522296,1
TCGA-EJ-5524-01A-01R-1580-07,0.32406570448866134,1
TCGA-E9-A22A-01A-11R-A157-07,0.6880419362280877,1
TCGA-BH-A1FJ-01A-11R-A13Q-07,0.8713175766233828,1
TCGA-EJ-5517-01A-01R-1580-07,0.31880351207684443,1
TCGA-FB-AAPP-01A-12R-A41B-07,0.8520415396885436,1
TCGA-EJ-8472-01A-11R-2403-07,0.7555664616200699,0
TCGA-BP-4770-01A-01R-1503-07,0.8686128969911437,1
TCGA-CJ-5681-01A-11R-1541-07,0.9307222049751851,1
TCGA-EJ-5542-01A-01R-1580-07,0.23017679989006773,1
TCGA-13-1407-01A-01R-1565-13,0.8621102574581875,0
TCGA-J7-A8I2-01A-12R-A36F-07,0.904253392731914,0
TCGA-ED-A627-01A-12R-A311-07,0.6169258174917546,1
TCGA-2J-AABU-01A-11R-A41B-07,0.7713903931604914,1
TCGA-E9-A1QZ-01A-21R-A169-07,0.5660059975049642,1
TCGA-66-2744-01A-01R-0980-07,0.7686080474204612,1
TCGA-29-1781-01A-01R-1567-13,0.8703331330113214,1
TCGA-LN-A49L-01A-11R-A24K-31,0.9072362419642142,1
TCGA-18-4721-01A-01R-1443-07,0.7187546313180467,1
TCGA-A7-A5ZW-01A-12R-A29R-07,0.3196219256736424,0
TCGA-B6-A409-01A-11R-A24H-07,0.8463384699497193,1
TCGA-FC-A4JI-01A-11R-A250-07,0.9159302165484354,1
TCGA-13-1405-01A-01R-1565-13,0.8477866020057119,0
TCGA-DD-AADO-01A-11R-A41C-07,0.8577582725736161,1
TCGA-WX-AA46-01A-11R-A39D-07,0.7987072648104881,0
TCGA-4N-A93T-01A-11R-A37K-07,0.818013482082475,0
TCGA-V1-A9OF-01A-11R-A41O-07,0.4188298006621242,1
TCGA-Y8-A897-01A-11R-A36F-07,0.46878011908748646,1
TCGA-A6-3807-01A-01R-1022-07,0.7768321643586661,1
TCGA-DD-A1ED-01A-11R-A155-07,0.4981266998497776,0
TCGA-AO-A0J8-01A-21R-A034-07,0.4030803028478691,0
TCGA-BH-A42T-01A-11R-A24H-07,0.7148318493545208,1
TCGA-25-1329-01A-01R-1565-13,0.8421359254666101,1
TCGA-AO-A12H-01A-11R-A115-07,0.7781943778251249,1
TCGA-G3-A25T-01A-11R-A16W-07,0.7707874321980356,0
TCGA-G9-7509-01A-11R-A41O-07,0.1595466087149738,1
TCGA-BC-A8YO-01A-11R-A37K-07,0.8017045999260067,0
TCGA-50-5942-01A-21R-1755-07,0.7220447376991735,1
TCGA-GM-A2DB-01A-31R-A18M-07,0.8098019208206088,1
TCGA-C8-A133-01A-32R-A12D-07,0.8574039067872601,1
TCGA-NC-A5HD-01A-11R-A26W-07,0.8775918311454299,1
TCGA-AR-A0U0-01A-11R-A109-07,0.8584118048658579,1
TCGA-23-1029-01B-01R-1567-13,0.7971242430245047,1
TCGA-HZ-8637-01A-11R-2404-07,0.6248085472606051,1
TCGA-D8-A1JM-01A-11R-A13Q-07,0.9250100402061832,1
TCGA-91-8499-01A-11R-2403-07,0.9024205589746597,1
TCGA-ZP-A9D2-01A-11R-A38B-07,0.8710033999068102,0
TCGA-2Y-A9GV-01A-11R-A38B-07,0.7243308463080521,1
TCGA-B8-A54D-01A-21R-A266-07,0.538299465555115,1
TCGA-A4-8630-01A-11R-2404-07,0.43986748352502625,1
TCGA-F4-6855-01A-11R-1928-07,0.5232512142100892,1
TCGA-EB-A3HV-01A-11R-A21D-07,0.789602159940281,1
TCGA-XJ-A83G-01A-11R-A352-07,0.27519607759587106,1
TCGA-AA-3560-01A-01R-0821-07,0.8822526513969874,1
TCGA-D8-A1XA-01A-11R-A14D-07,0.8081101195402542,1
TCGA-BP-4963-01A-01R-1334-07,0.39267840881011257,1
TCGA-04-1338-01A-01R-1564-13,0.8389084818114718,0
TCGA-09-1662-01A-01R-1566-13,0.8117722140117594,0
TCGA-24-1417-01A-01R-1565-13,0.8276814769236406,0
TCGA-ZG-A9LN-01A-11R-A41O-07,0.7054733818367884,1
TCGA-EJ-8474-01A-11R-2403-07,0.311392938202905,1
TCGA-13-0727-01A-01R-1564-13,0.8016302676560478,0
TCGA-37-5819-01A-01R-1635-07,0.8698094563255381,0
TCGA-E2-A1LI-01A-12R-A157-07,0.8158252901371378,1
TCGA-77-7138-01A-41R-2045-07,0.8336465622669972,0
TCGA-A2-A3XU-01A-12R-A22U-07,0.8915642205517039,1
TCGA-QG-A5YW-01A-11R-A28H-07,0.6935809756655069,1
TCGA-49-AAR0-01A-21R-A39D-07,0.6773304643341576,1
TCGA-50-6590-01A-12R-1858-07,0.8426455279918811,1
TCGA-55-8510-01A-11R-2403-07,0.5212069180784417,1
TCGA-AL-3466-01A-02R-1351-07,0.8422010305342396,1
TCGA-IB-AAUU-01A-11R-A37L-07,0.505844680724507,1
TCGA-AA-3815-01A-01R-1022-07,0.6996251877609775,0
TCGA-AR-A0TZ-01A-12R-A084-07,0.8353167670254605,1
TCGA-M7-A71Z-01A-12R-A32O-07,0.8002301617399421,0
TCGA-A8-A09C-01A-11R-A00Z-07,0.6784562418638614,1
TCGA-DD-AAE1-01A-11R-A41C-07,0.7684952757837837,1
TCGA-BH-A1EX-01A-11R-A13Q-07,0.6198627103937098,0
TCGA-DM-A288-01A-11R-A16W-07,0.7439866468057992,1
TCGA-CC-A5UE-01A-11R-A28V-07,0.8399097841856148,1
TCGA-S8-A6BV-01A-21R-A31P-31,0.8518642897074895,1
TCGA-AO-A03O-01A-11R-A00Z-07,0.8710545402942447,1
TCGA-IA-A83W-01A-11R-A355-07,0.5030218070704356,1
TCGA-86-A4P8-01A-11R-A24X-07,0.5981764202151969,1
TCGA-A4-7288-01A-11R-A32Z-07,0.6660860306775096,1
TCGA-33-4532-01A-01R-1201-07,0.8529255152691074,1
TCGA-OY-A56P-01A-12R-A406-31,0.8658461861831934,0
TCGA-GK-A6C7-01A-11R-A33J-07,0.4088154611535526,1
TCGA-E2-A15E-01A-11R-A12D-07,0.5929256855695498,0
TCGA-DD-A39W-01A-11R-A213-07,0.8991436926130832,0
TCGA-AR-A0U3-01A-11R-A109-07,0.8218627503423758,1
TCGA-CJ-4900-01A-01R-1334-07,0.5124342812667012,1
TCGA-E2-A15G-01A-11R-A12D-07,0.45014674374482117,1
TCGA-CH-5769-01A-11R-1580-07,0.5969197100364672,1
TCGA-60-2707-01A-01R-0851-07,0.548509055823012,0
TCGA-CW-5589-01A-01R-1541-07,0.07639911338376154,1
TCGA-DD-AAEB-01A-11R-A41C-07,0.8353461517732299,0
TCGA-61-2098-01A-01R-1568-13,0.7031916904511815,1
TCGA-05-4249-01A-01R-1107-07,0.7272857163967551,1
TCGA-33-4589-01A-01R-1443-07,0.8778210073499989,1
TCGA-E2-A15K-01A-11R-A12P-07,0.6738948050958373,0
TCGA-DD-A4NL-01A-11R-A28V-07,0.6061196169133465,0
TCGA-BF-AAP2-01A-11R-A40A-07,0.8069035527211065,1
TCGA-44-6779-01A-11R-1858-07,0.7943510056727664,1
TCGA-85-7844-01A-11R-2125-07,0.675557968480506,1
TCGA-AK-3460-01A-02R-1277-07,0.2596462323772829,0
TCGA-B2-4101-01A-02R-1277-07,0.119083861130661,1
TCGA-51-4080-01A-01R-1100-07,0.8371020468536309,1
TCGA-3C-AALI-01A-11R-A41B-07,0.8595063801008392,0
TCGA-IB-A5SP-01A-11R-A32O-07,0.7156836141428767,1
TCGA-L5-A88Z-01A-11R-A36D-31,0.8003923774476426,1
TCGA-D9-A4Z5-01A-11R-A266-07,0.889674153050483,0
TCGA-BH-A0DG-01A-21R-A12P-07,0.7336541016446333,1
TCGA-L5-A8NF-01A-11R-A37I-31,0.8487437363108258,0
TCGA-EJ-7325-01B-11R-A32O-07,0.6538001739455437,1
TCGA-13-1497-01A-01R-1565-13,0.8883673780091549,1
TCGA-HC-7736-01A-11R-2118-07,0.6011888572174389,1
TCGA-AR-A1AH-01A-11R-A12D-07,0.8964151612096535,1
TCGA-A7-A26F-01B-04R-A22O-07,0.8255859618012577,1
TCGA-04-1337-01A-01R-1564-13,0.803043293477183,0
TCGA-EB-A6QZ-01A-12R-A32P-07,0.8463732143214697,0
TCGA-AK-3444-01A-02R-1325-07,0.3998570906220449,1
TCGA-B0-5092-01A-01R-1420-07,0.5273730331626546,0
TCGA-A8-A09A-01A-11R-A00Z-07,0.7572335963773059,1
TCGA-LN-A49O-01A-11R-A24K-31,0.8771401667550373,1
TCGA-61-1737-01A-01R-1567-13,0.7872924511722543,0
TCGA-EJ-A46H-01A-31R-A26U-07,0.32461509117844095,1
TCGA-B6-A0X5-01A-21R-A109-07,0.9437972258913753,1
TCGA-C8-A26X-01A-31R-A16F-07,0.8314762722190864,1
TCGA-21-1077-01A-01R-0692-07,0.5892977789970665,1
TCGA-GM-A2DD-01A-11R-A180-07,0.8758028851890791,0
TCGA-BP-4326-01A-01R-1289-07,0.8158940333926575,1
TCGA-DA-A960-01A-11R-A37K-07,0.9311959718652403,1
TCGA-94-A5I4-01A-11R-A26W-07,0.7572494320994906,1
TCGA-AA-3520-01A-01R-0821-07,0.6276380242425251,1
TCGA-2Y-A9H1-01A-11R-A38B-07,0.8375513088843194,0
TCGA-63-A5ML-01A-31R-A27Q-07,0.728549419594323,1
TCGA-KK-A8IB-01A-11R-A36G-07,0.5263733350633907,1
TCGA-AA-3947-01A-01R-1022-07,0.7827501172203477,0
TCGA-B8-4621-01A-01R-1503-07,0.26194450638111094,1
TCGA-S3-AA11-01A-31R-A41B-07,0.7192593196995668,0
TCGA-BH-A0BM-01A-11R-A056-07,0.6050278166680777,1
TCGA-AK-3447-01A-01R-1766-07,0.929633449005128,1
TCGA-E2-A1IO-01A-11R-A144-07,0.6414881287548163,0
TCGA-BP-5185-01A-01R-1426-07,0.7000293093856996,0
TCGA-LL-A5YO-01A-21R-A28M-07,0.7351923594030096,1
TCGA-A3-3347-01A-02R-1325-07,0.4382920991939376,1
TCGA-60-2709-01A-21R-1820-07,0.4553109994611949,1
TCGA-DD-A1EK-01A-11R-A213-07,0.751323021905331,1
TCGA-BH-A0HU-01A-11R-A034-07,0.7898398846731189,1
TCGA-HZ-7289-01A-11R-2156-07,0.8417725177121697,1
TCGA-33-4566-01A-01R-1443-07,0.919591336168025,1
TCGA-EJ-5504-01A-01R-1580-07,0.2616410151070355,1
TCGA-IB-7654-01A-11R-2156-07,0.7431991715627978,1
TCGA-2Z-A9JD-01A-11R-A42S-07,0.6702953549695959,1
TCGA-BH-A18L-01A-32R-A12D-07,0.8651545593369885,0
TCGA-38-A44F-01A-11R-A24H-07,0.26266515118205946,1
TCGA-YL-A8SB-01A-31R-A37L-07,0.22822038477298173,1
TCGA-46-3768-01A-01R-0980-07,0.8113723320317006,1
TCGA-AR-A24U-01A-11R-A169-07,0.7959580386439422,1
TCGA-AO-A0JD-01A-11R-A056-07,0.9001479587713515,1
TCGA-A2-A0T1-01A-21R-A084-07,0.8004878280215255,1
TCGA-D8-A1JH-01A-11R-A13Q-07,0.20313123326108237,1
TCGA-BP-5194-01A-02R-1426-07,0.16337778052584298,1
TCGA-RB-AA9M-01A-11R-A39D-07,0.3837275297297808,1
TCGA-A4-7915-01A-11R-2204-07,0.8249437097350998,1
TCGA-AA-3867-01A-01R-1022-07,0.6292177768150676,1
TCGA-3A-A9IH-01A-12R-A39D-07,0.4428176070614705,0
TCGA-E2-A570-01A-11R-A29R-07,0.61269418349919,1
TCGA-D5-5540-01A-01R-1653-07,0.6377463339308442,1
TCGA-B0-4839-01A-01R-1305-07,0.4810413091688287,1
TCGA-FS-A1ZN-01A-11R-A18T-07,0.7731832539628941,1
TCGA-D8-A1Y1-01A-21R-A14M-07,0.641677489068018,1
TCGA-57-1993-01A-01R-1568-13,0.8017137081132062,1
TCGA-E9-A3X8-01A-31R-A22U-07,0.5877296225162214,1
TCGA-86-8073-01A-11R-2241-07,0.8248329171544353,1
TCGA-ZG-A8QW-01A-11R-A37L-07,0.5527469292710461,1
TCGA-AK-3458-01A-01R-1503-07,0.7331273335794536,1
TCGA-L5-A88S-01A-11R-A36D-31,0.7361586574394365,1
TCGA-DD-A4NJ-01A-11R-A27V-07,0.7792446849941191,1
TCGA-55-6985-01A-11R-1949-07,0.5647523910809893,0
TCGA-78-7147-01A-11R-2039-07,0.7709172580299783,1
TCGA-AK-3429-01A-02R-1325-07,0.5026328487217536,1
TCGA-AR-A2LH-01A-31R-A18M-07,0.5456984344070489,1
TCGA-WX-AA47-01A-11R-A39D-07,0.8802413370809652,1
TCGA-04-1536-01A-01R-1566-13,0.9054331082364803,1
TCGA-L3-A524-01A-11R-A262-07,0.8636885123053715,1
TCGA-91-6848-01A-11R-1949-07,0.8899269686739719,0
TCGA-24-2027-01A-01R-1567-13,0.8494441959151199,1
TCGA-H9-A6BX-01A-31R-A311-07,0.20500190903391113,0
TCGA-G9-6354-01A-11R-A311-07,0.3816755312339737,1
TCGA-10-0937-01A-02R-1564-13,0.8832189274126869,0
TCGA-B6-A0RN-01A-12R-A084-07,0.6019756891406838,1
TCGA-86-8056-01A-11R-2241-07,0.7563938729540058,1
TCGA-95-8039-01A-11R-2241-07,0.6495823079848307,1
TCGA-E9-A1R5-01A-11R-A14M-07,0.7464750354299706,1
TCGA-A3-3331-01A-02R-1325-07,0.2073610412103545,1
TCGA-18-3410-01A-01R-0980-07,0.8875320731899384,0
TCGA-22-5491-01A-01R-1635-07,0.6850620348095037,1
TCGA-A4-A7UZ-01A-12R-A355-07,0.43826033164416006,1
TCGA-L5-A4OS-01A-11R-A28J-31,0.8411540725720263,1
TCGA-AZ-6607-01A-11R-1839-07,0.7236675310035631,0
TCGA-B0-5077-01A-01R-1334-07,0.33692357420673413,1
TCGA-63-A5MW-01A-11R-A26W-07,0.8707917768934211,1
TCGA-CK-6747-01A-11R-1839-07,0.5765003080429458,1
TCGA-A8-A06U-01A-11R-A00Z-07,0.8744613323686624,0
TCGA-CC-A5UD-01A-11R-A28V-07,0.9169553336154712,1
TCGA-44-A47A-01A-21R-A24H-07,0.8470409101299453,1
TCGA-EW-A1IZ-01A-11R-A13Q-07,0.6762066834718843,1
TCGA-24-2019-01A-02R-1568-13,0.863163026286896,1
TCGA-EW-A1IX-01A-12R-A144-07,0.5241792967646117,1
TCGA-13-0897-01A-01R-1564-13,0.8182100720725174,1
TCGA-A8-A06Q-01A-11R-A034-07,0.8958169347830418,0
TCGA-A2-A4RX-01A-11R-A266-07,0.7533058021933122,1
TCGA-E9-A1RC-01A-11R-A157-07,0.7743865607634455,0
TCGA-AA-3814-01A-01R-0905-07,0.424098220076136,0
TCGA-DD-AACH-01A-11R-A41C-07,0.8827386231048241,1
TCGA-AA-3496-01A-21R-1839-07,0.5811069850736786,1
TCGA-69-7974-01A-11R-2187-07,0.7497839958823848,1
TCGA-24-1431-01A-01R-1566-13,0.8919022378070857,1
TCGA-B6-A1KI-01A-11R-A14M-07,0.636229717820221,1
TCGA-AK-3461-01A-02R-1277-07,0.31573555293080086,1
TCGA-DD-A11D-01A-11R-A131-07,0.7864499326449382,1
TCGA-22-4594-01A-01R-1201-07,0.7653425525391625,1
TCGA-GN-A8LN-01A-11R-A37K-07,0.9021812961045516,1
TCGA-A4-7286-01A-11R-A32Z-07,0.6102594991508965,1
TCGA-G9-6362-01A-11R-1789-07,0.8005017181502584,1
TCGA-ED-A7PZ-01A-11R-A33R-07,0.8917940789406317,0
TCGA-77-7139-01A-11R-2045-07,0.8275315982347827,0
TCGA-AT-A5NU-01A-11R-A28H-07,0.5291669349058497,1
TCGA-G9-6348-01A-11R-1789-07,0.4532359824717944,0
TCGA-CM-5868-01A-01R-1653-07,0.4795756564953694,1
TCGA-80-5607-01A-31R-1949-07,0.847116741467505,1
TCGA-DD-A4ND-01A-11R-A266-07,0.7328637862748995,0
TCGA-AK-3443-01A-02R-1325-07,0.8976044648221049,1
TCGA-BH-A28Q-01A-11R-A16F-07,0.6159436298018822,1
TCGA-62-A470-01A-11R-A24H-07,0.7141827266128622,1
TCGA-85-A5B5-01A-21R-A26W-07,0.797333062063832,1
TCGA-GN-A4U5-01A-11R-A32P-07,0.7052136718895867,0
TCGA-A7-A2KD-01A-31R-A21T-07,0.8018890275861676,1
TCGA-5R-AAAM-01A-12R-A41C-07,0.5865666328590959,1
TCGA-AA-3952-01A-01R-1022-07,0.8504390827891525,1
TCGA-E9-A1NC-01A-21R-A26B-07,0.7963222933845925,1
TCGA-E9-A229-01A-31R-A157-07,0.38772826431414553,1
TCGA-55-A494-01A-11R-A24X-07,0.8492287420431878,1
TCGA-D8-A1XL-01A-11R-A14M-07,0.7808311563234792,1
TCGA-YL-A8SI-01A-11R-A41O-07,0.16379812974605956,1
TCGA-61-1911-01A-01R-1567-13,0.8321639009953994,1
TCGA-56-1622-01A-01R-0692-07,0.808635658125068,1
TCGA-C8-A26Z-01A-11R-A16F-07,0.7761885225695074,1
TCGA-V5-A7RB-01A-11R-A354-31,0.8097651790307733,0
TCGA-OL-A66H-01A-11R-A29R-07,0.6624912978100791,1
TCGA-AC-A3OD-01A-11R-A21T-07,0.7886736772858269,1
TCGA-A4-8516-01A-11R-2404-07,0.4200835456571203,1
TCGA-EJ-A7NN-01A-11R-A33R-07,0.612358526763815,0
TCGA-A8-A06Y-01A-21R-A00Z-07,0.8421821341091528,0
TCGA-EB-A5VU-01A-21R-A32P-07,0.9093401481140704,1
TCGA-HC-7232-01A-11R-2118-07,0.6461611204023845,1
TCGA-2L-AAQL-01A-11R-A38C-07,0.6392859108832976,1
TCGA-BF-A3DM-01A-11R-A20F-07,0.9161188830527904,1
TCGA-GM-A2DI-01A-31R-A18M-07,0.3946416249606071,1
TCGA-CJ-4635-01A-02R-1305-07,0.42191745621192744,1
TCGA-FV-A4ZP-01A-12R-A266-07,0.9243597748414248,1
TCGA-IH-A3EA-01A-11R-A20F-07,0.8948636870674579,1
TCGA-HC-7075-01A-11R-1965-07,0.40969841116523276,1
TCGA-5P-A9K6-01A-11R-A42S-07,0.16984234315447436,1
TCGA-DM-A28K-01A-21R-A32Y-07,0.800498764880352,1
TCGA-BP-4962-01A-01R-1334-07,0.3602198105948047,0
TCGA-53-7624-01A-11R-2066-07,0.8977635199001919,1
TCGA-AA-3854-01A-01R-0905-07,0.6318015262741093,1
TCGA-OL-A5RW-01A-11R-A28M-07,0.9077866143834307,1
TCGA-E9-A1RI-01A-11R-A169-07,0.4134336164949037,1
TCGA-A7-A4SB-01A-21R-A266-07,0.8169248756478971,0
TCGA-A3-3306-01A-01R-0864-07,0.6965060110410554,1
TCGA-G9-6371-01A-11R-1789-07,0.29343619643004004,1
TCGA-E9-A243-01A-21R-A169-07,0.7478862208330395,1
TCGA-A7-A0CG-01A-12R-A056-07,0.537413291261093,1
TCGA-E9-A3HO-01A-11R-A213-07,0.8339587467271828,1
TCGA-B6-A408-01A-12R-A24H-07,0.7016601814976159,1
TCGA-24-1426-01A-01R-1565-13,0.875353131029427,1
TCGA-AC-A6IV-01A-12R-A33J-07,0.3883434787047082,1
TCGA-AS-3778-01A-01R-A32Z-07,0.24207059504996747,1
TCGA-C8-A1HG-01A-11R-A137-07,0.851505841855394,1
TCGA-BQ-7059-01A-11R-1965-07,0.4107346916719941,1
TCGA-SX-A7SL-01A-11R-A355-07,0.7176485883383577,1
TCGA-13-1492-01A-01R-1565-13,0.8753830108534234,1
TCGA-BP-4970-01A-01R-1334-07,0.2891055177303511,1
TCGA-HE-7128-01A-11R-1965-07,0.36402365865387226,1
TCGA-61-1733-01A-01R-1567-13,0.8686006754244343,1
TCGA-LL-A5YL-01A-12R-A29R-07,0.7919162901550569,1
TCGA-DD-A3A8-01A-11R-A22L-07,0.8259384029711813,1
TCGA-AK-3450-01A-02R-1277-07,0.5760331940397561,1
TCGA-EW-A2FS-01A-11R-A17B-07,0.8291846081388847,1
TCGA-A2-A0T6-01A-11R-A084-07,0.24088726106557343,1
TCGA-FV-A496-01A-11R-A266-07,0.8366270734258275,0
TCGA-75-7027-01A-11R-1949-07,0.767409856834446,1
TCGA-43-3394-01A-01R-0980-07,0.7421626664502199,1
TCGA-CZ-5455-01A-01R-1503-07,0.26178744664286174,1
TCGA-AA-3831-01A-01R-0905-07,0.6901411377075752,0
TCGA-NH-A8F7-01A-11R-A41B-07,0.7417093398791764,0
TCGA-FB-A4P6-01A-12R-A26U-07,0.2257682209114146,0
TCGA-VP-A87E-01A-31R-A352-07,0.40080772390488345,1
TCGA-BH-A0DD-01A-31R-A12P-07,0.7695168117717361,0
TCGA-CM-4744-01A-01R-A32Z-07,0.7079442394493703,1
TCGA-IG-A8O2-01A-11R-A36D-31,0.8290432464771818,1
TCGA-A8-A07P-01A-11R-A00Z-07,0.7655209972729322,0
TCGA-J4-A67Q-01A-21R-A30B-07,0.41230503120763234,1
TCGA-A3-3387-01A-01R-1541-07,0.18795264184099555,0
TCGA-IB-7647-01A-11R-2156-07,0.5745558620525857,1
TCGA-98-8022-01A-11R-2247-07,0.7696053241959188,1
TCGA-J2-8194-01A-11R-2241-07,0.7441393030050102,1
TCGA-BP-5189-01A-02R-1426-07,0.15977030495054304,1
TCGA-24-2293-01A-01R-1568-13,0.7155511053815515,1
TCGA-DD-A1EA-01A-11R-A131-07,0.8449902412721115,0
TCGA-JY-A6FB-01A-11R-A336-31,0.8285426736705438,0
TCGA-60-2716-01A-01R-0851-07,0.859756616386892,1
TCGA-A1-A0SF-01A-11R-A144-07,0.6428138479914244,1
TCGA-78-7148-01A-11R-2039-07,0.7319931077747783,1
TCGA-85-7696-01A-11R-2125-07,0.7946487596529845,1
TCGA-25-1319-01A-01R-1565-13,0.9076812034980815,1
TCGA-44-A47B-01A-11R-A24H-07,0.839949232226852,1
TCGA-L5-A88W-01A-11R-A354-31,0.8857775330691013,1
TCGA-85-A4CL-01A-41R-A26W-07,0.8411011197628552,1
TCGA-44-A4SU-01A-11R-A24X-07,0.4707786922220617,0
TCGA-2Y-A9GX-01A-11R-A38B-07,0.6202870885442043,1
TCGA-G4-6586-01A-11R-1774-07,0.6890764231413437,1
TCGA-68-A59J-01A-21R-A26W-07,0.819776619093039,1
TCGA-G6-A5PC-01A-11R-A33J-07,0.6978785385358944,1
TCGA-IG-A50L-01A-11R-A260-31,0.8240093065705479,1
TCGA-43-6770-01A-11R-1820-07,0.7410111445797228,1
TCGA-57-1584-01A-01R-1566-13,0.8350444869253321,1
TCGA-AC-A2B8-01A-11R-A17B-07,0.38775762421074744,1
TCGA-A4-A57E-01A-11R-A26U-07,0.8298182325672463,1
TCGA-24-1471-01A-01R-1566-13,0.7911010932047976,1
TCGA-56-7579-01A-11R-2045-07,0.8265235715230659,1
TCGA-KK-A59Y-01A-11R-A26U-07,0.5133981076001017,1
TCGA-A7-A26H-01A-11R-A169-07,0.6258265859267708,1
TCGA-DV-5573-01A-01R-1541-07,0.36165486212562004,1
TCGA-AC-A3TM-01A-11R-A22K-07,0.4964784659920299,1
TCGA-KK-A6E3-01A-21R-A30B-07,0.4332772501688357,1
TCGA-25-2398-01A-01R-1569-13,0.756432400954821,0
TCGA-25-1631-01A-01R-1569-13,0.8110784358979317,1
TCGA-B0-4710-01A-01R-1503-07,0.591593693468928,1
TCGA-BD-A2L6-01A-11R-A213-07,0.8103515935958763,1
TCGA-85-8664-01A-11R-2403-07,0.8886059501135019,0
TCGA-59-2352-01A-01R-1569-13,0.8357068567230712,1
TCGA-97-8179-01A-11R-2287-07,0.722525711689706,1
TCGA-CW-5590-01A-01R-1541-07,0.41650573265427293,1
TCGA-24-1424-01A-01R-1565-13,0.8186140402093138,1
TCGA-GM-A3XL-01A-11R-A22U-07,0.8562782628583618,1
TCGA-D8-A1JA-01A-11R-A13Q-07,0.8294836702052358,0
TCGA-EB-A85J-01A-12R-A352-07,0.8779556867254776,0
TCGA-HV-A7OL-01A-11R-A33R-07,0.442878914171504,1
TCGA-55-8087-01A-11R-2241-07,0.7186931878474914,1
TCGA-55-6978-01A-11R-1949-07,0.5515580186942812,1
TCGA-BP-4332-01A-01R-1289-07,0.34838511240165426,1
TCGA-57-1586-01A-02R-1567-13,0.8709698480437594,1
TCGA-5P-A9JV-01A-12R-A42S-07,0.375080075817716,1
TCGA-A2-A1G0-01A-11R-A13Q-07,0.6590608185504808,1
TCGA-BP-4985-01A-01R-1334-07,0.8447160171679742,1
TCGA-US-A774-01A-21R-A32O-07,0.075481859024556,1
TCGA-V7-A7HQ-01A-11R-A33J-07,0.6169299967374461,1
TCGA-B0-4817-01A-01R-1277-07,0.7798088201800123,0
TCGA-61-1738-01A-01R-1567-13,0.907536726627164,1
TCGA-A6-2681-01A-01R-1410-07,0.6623287089325088,1
TCGA-22-4609-01A-21R-2125-07,0.5421464640788426,1
TCGA-HC-A6AN-01A-11R-A30B-07,0.5216238149249248,0
TCGA-AN-A0AM-01A-11R-A034-07,0.9100579215264476,0
TCGA-B2-5636-01A-02R-1541-07,0.4300402539917993,1
TCGA-59-2348-01A-01R-1569-13,0.8867109591181888,1
TCGA-EJ-5531-01A-01R-1580-07,0.17437630075408647,1
TCGA-D8-A4Z1-01A-21R-A266-07,0.33101247735209893,1
TCGA-BH-A0BV-01A-11R-A00Z-07,0.6470722441990079,0
TCGA-DD-AAEA-01A-11R-A41C-07,0.8511321792177529,1
TCGA-49-6761-01A-31R-1949-07,0.8420151379112483,1
TCGA-95-7043-01A-11R-1949-07,0.9143385087161879,1
TCGA-AD-6890-01A-11R-1928-07,0.5870438306981947,0
TCGA-97-8547-01A-11R-2403-07,0.7168862040634837,1
TCGA-XP-A8T6-01A-11R-A36D-31,0.8116223707533109,1
TCGA-70-6722-01A-11R-1820-07,0.7796560659986368,1
TCGA-DD-AAVY-01A-11R-A41C-07,0.8191746935758781,1
TCGA-A2-A3XS-01A-11R-A22U-07,0.7725908626067478,1
TCGA-A2-A0YL-01A-21R-A109-07,0.2978565425747159,0
TCGA-3A-A9IS-01A-21R-A39D-07,0.9360571625094402,1
TCGA-73-4666-01A-01R-1206-07,0.846587972330365,1
TCGA-24-1467-01A-01R-1566-13,0.8254452737867067,1
TCGA-85-7699-01A-11R-2125-07,0.6842584861037455,0
TCGA-A8-A07B-01A-11R-A00Z-07,0.8715087426956167,1
TCGA-AA-A01P-01A-21R-A083-07,0.6864606111434579,1
TCGA-AC-A62X-01A-11R-A29R-07,0.8900044530546166,1
TCGA-A2-A0YH-01A-11R-A109-07,0.7850735164503557,1
TCGA-D8-A1XS-01A-11R-A14M-07,0.5412116976535775,1
TCGA-BH-A0E2-01A-11R-A056-07,0.7752508366307221,1
TCGA-13-0888-01A-01R-1564-13,0.8432074023760521,1
TCGA-IG-A4QS-01A-11R-A260-31,0.7870038321319656,1
TCGA-A6-2680-01A-01R-1410-07,0.5823044990769415,1
TCGA-A4-7997-01A-11R-2204-07,0.5765110956237879,1
TCGA-93-A4JO-01A-21R-A24X-07,0.6709535269489197,1
TCGA-KV-A74V-01A-11R-A33Z-07,0.65577985034247,0
TCGA-G4-6588-01A-11R-1774-07,0.6539772301903806,1
TCGA-J4-A83L-01A-11R-A352-07,0.2895900354991965,1
TCGA-5T-A9QA-01A-11R-A41B-07,0.9115521729467065,1
TCGA-49-6744-01A-11R-1858-07,0.5634677226976382,1
TCGA-CK-4948-01B-11R-1653-07,0.3834930450117502,1
TCGA-77-7142-01A-11R-2045-07,0.8668888308512687,1
TCGA-ZG-A9M4-01A-11R-A41O-07,0.841996983060763,0
TCGA-44-A479-01A-31R-A24H-07,0.6946224805674257,1
TCGA-AA-3511-01A-21R-1839-07,0.3590492162784776,1
TCGA-66-2758-01A-02R-0851-07,0.8128597227116161,1
TCGA-24-2290-01A-01R-1568-13,0.8744097964146229,1
TCGA-75-5125-01A-01R-1755-07,0.8806869973644106,1
TCGA-L9-A7SV-01A-11R-A39D-07,0.8458996910511792,1
TCGA-VP-A87K-01A-11R-A352-07,0.49003364135028454,1
TCGA-A6-A565-01A-31R-A28H-07,0.6057382593694342,1
TCGA-04-1364-01A-01R-1565-13,0.8764321437862085,1
TCGA-04-1350-01A-01R-1565-13,0.8526152390094657,1
TCGA-22-5471-01A-01R-1635-07,0.8061135394509265,1
TCGA-EB-A430-01A-11R-A24X-07,0.8638820174387151,1
TCGA-ZG-A9ND-01A-11R-A41O-07,0.6384170882402832,1
TCGA-23-1119-01A-02R-1565-13,0.8362063217290172,1
TCGA-CJ-4642-01B-01R-1305-07,0.9515591989798454,1
TCGA-24-1413-01A-01R-1565-13,0.7172857791831593,0
TCGA-A8-A08A-01A-11R-A32Y-07,0.618571591656555,0
TCGA-04-1519-01A-01R-1565-13,0.8267333071245185,1
TCGA-B6-A0RT-01A-21R-A084-07,0.6776544197764437,1
TCGA-AC-A5XS-01A-11R-A29R-07,0.671280004164256,1
TCGA-HC-8257-01A-11R-2263-07,0.5483623866754361,1
TCGA-CJ-4881-01A-01R-1305-07,0.488257742780621,1
TCGA-DD-AACY-01A-11R-A41C-07,0.8358560580697006,1
TCGA-CK-5915-01A-11R-1653-07,0.7676995661614255,1
TCGA-2Y-A9GZ-01A-11R-A39D-07,0.8434787700966156,0
TCGA-2H-A9GI-01A-11R-A37I-31,0.7910370508412475,1
TCGA-B6-A0IP-01A-11R-A034-07,0.5613027473948359,1
TCGA-AA-3811-01A-01R-1022-07,0.816978995251049,0
TCGA-55-8208-01A-11R-2241-07,0.48241913564222205,1
TCGA-V9-A7HT-01A-11R-A33Z-07,0.32289224719669024,1
TCGA-C8-A12M-01A-11R-A115-07,0.9101494057663645,1
TCGA-BQ-5886-01A-11R-1592-07,0.6145375901409604,1
TCGA-GI-A2C9-01A-11R-A21T-07,0.7579813708006811,1
TCGA-G7-7502-01A-11R-2204-07,0.4517837404153188,1
TCGA-2Z-A9JM-01A-12R-A42S-07,0.32871332259064817,1
TCGA-85-A4PA-01A-11R-A24Z-07,0.7708736036699948,1
TCGA-C8-A12V-01A-11R-A115-07,0.781015435215176,1
TCGA-HC-7745-01A-11R-2118-07,0.12287466149222619,1
TCGA-AC-A6IW-01A-12R-A33J-07,0.8202115330584318,1
TCGA-B0-5085-01A-01R-1334-07,0.5682833383090687,0
TCGA-AR-A1AU-01A-11R-A12P-07,0.6874965102789984,1
TCGA-B8-5546-01A-01R-1541-07,0.8687271717296285,0
TCGA-77-7141-01A-11R-2045-07,0.770799663980974,1
TCGA-AA-3534-01A-01R-0821-07,0.7078363473262053,0
TCGA-AA-3524-01A-02R-0821-07,0.6611512772097917,0
TCGA-24-2280-01A-01R-1568-13,0.7391661731449506,1
TCGA-IB-7897-01A-21R-2204-07,0.16431145817200785,1
TCGA-95-7039-01A-11R-1949-07,0.8537467752911454,1
TCGA-CJ-5680-01A-11R-1541-07,0.5852795013481338,1
TCGA-AR-A1AN-01A-11R-A12P-07,0.7942484384108356,1
TCGA-LL-A6FP-01A-11R-A31O-07,0.8139310527060135,1
TCGA-30-1714-01A-02R-1567-13,0.8930984140414546,1
TCGA-E2-A15L-01A-11R-A12D-07,0.678102969149207,1
TCGA-23-2077-01A-01R-1568-13,0.8199936127759807,0
TCGA-EJ-7123-01A-11R-1965-07,0.2803407831807774,1
TCGA-DD-AACI-01A-11R-A41C-07,0.7629490483939176,1
TCGA-A6-3808-01A-01R-1022-07,0.43155581670970955,1
TCGA-AA-3837-01A-01R-0905-07,0.6931388325535788,1
TCGA-95-7944-01A-11R-2187-07,0.8739910085248291,1
TCGA-A3-3320-01A-02R-1325-07,0.2697926819198025,0
TCGA-MM-A563-01A-11R-A266-07,0.3717117464886454,1
TCGA-77-8008-01A-21R-2187-07,0.5165096206055134,1
TCGA-G9-7519-01A-11R-2263-07,0.3819911728292175,1
TCGA-BF-A5EP-01A-12R-A27Q-07,0.8752760700083098,1
TCGA-B0-5694-01A-11R-1541-07,0.4538211377441992,1
TCGA-E9-A1R7-01A-11R-A14M-07,0.9018421171546716,1
TCGA-G3-A7M5-01A-11R-A33R-07,0.8698095258242589,1
TCGA-A2-A0SV-01A-11R-A084-07,0.7893812666442668,1
TCGA-DW-7838-01A-11R-2139-07,0.5220279587447714,1
TCGA-AN-A04C-01A-21R-A034-07,0.8998757556214202,1
TCGA-77-6842-01A-11R-1949-07,0.8455991375109564,0
TCGA-B0-4688-01A-01R-1277-07,0.9237887364071921,0
TCGA-A2-A0YM-01A-11R-A109-07,0.8667697702887938,1
TCGA-JY-A6F8-01A-11R-A336-31,0.8751378164330207,1
TCGA-F4-6808-01A-11R-1839-07,0.75211378825566,0
TCGA-AC-A2BM-01A-11R-A21T-07,0.7488909723575656,1
TCGA-34-5236-01A-21R-1820-07,0.7205960318494755,1
TCGA-AZ-6598-01A-11R-1774-07,0.8175356145394211,1
TCGA-D8-A1X7-01A-11R-A14M-07,0.7664509859778103,0
TCGA-AN-A0FY-01A-11R-A034-07,0.8637281679078717,1
TCGA-AO-A03R-01A-21R-A034-07,0.8479973338007742,0
TCGA-CJ-4920-01A-01R-1426-07,0.41922512650803895,1
TCGA-LL-A442-01A-11R-A24H-07,0.8567517947783102,1
TCGA-V1-A9OY-01A-11R-A41O-07,0.2670100340161629,1
TCGA-DD-AAVZ-01A-11R-A41C-07,0.7183231275422094,0
TCGA-UZ-A9PL-01A-11R-A38C-07,0.7888666861955937,1
TCGA-CJ-4638-01A-02R-1325-07,0.6305235140369021,1
TCGA-25-2401-01A-01R-1569-13,0.6356955717287671,1
TCGA-BP-4765-01A-01R-1289-07,0.26450573515682646,0
TCGA-AN-A0FS-01A-11R-A034-07,0.47916214461386986,1
TCGA-B8-5162-01A-01R-1420-07,0.354430790791084,1
TCGA-EV-5901-01A-11R-1592-07,0.3658147085137638,1
TCGA-2Y-A9H0-01A-11R-A38B-07,0.8787186662043414,1
TCGA-B4-5836-01A-11R-1672-07,0.2494151545597543,0
TCGA-G9-6338-01A-12R-1965-07,0.8441984724165159,1
TCGA-HZ-A9TJ-01A-11R-A41I-07,0.7239856658489129,0
TCGA-D8-A1XT-01A-11R-A14M-07,0.848928023915097,1
TCGA-E9-A1N6-01A-11R-A144-07,0.7613354304816424,1
TCGA-E2-A1IK-01A-11R-A144-07,0.7113855446404763,0
TCGA-CJ-5683-01A-11R-1541-07,0.4764749846060889,0
TCGA-KK-A8IF-01A-11R-A36G-07,0.8398977834806719,1
TCGA-QG-A5Z2-01A-11R-A28H-07,0.4919139815953688,1
TCGA-A1-A0SO-01A-22R-A084-07,0.92246339199114,1
TCGA-E2-A154-01A-11R-A115-07,0.5450095969244473,0
TCGA-J9-A8CM-01A-11R-A352-07,0.5886853088135939,1
TCGA-AN-A0FV-01A-11R-A00Z-07,0.8928975154076627,1
TCGA-CM-6679-01A-11R-1839-07,0.32643559749763146,1
TCGA-77-8153-01A-11R-2403-07,0.7532337600703091,1
TCGA-BH-A0BJ-01A-11R-A056-07,0.48589170505817947,1
TCGA-AN-A0AL-01A-11R-A00Z-07,0.8291139440938715,1
TCGA-24-1928-01A-01R-1567-13,0.8893549929071887,1
TCGA-IB-7890-01A-12R-2204-07,0.4098731163994476,1
TCGA-E2-A15R-01A-11R-A115-07,0.8468961520966631,1
TCGA-BH-A0DT-01A-21R-A12D-07,0.25217610530641477,1
TCGA-Q3-A5QY-01A-12R-A32O-07,0.41107895325347854,1
TCGA-NJ-A4YI-01A-11R-A262-07,0.8343527815567925,0
TCGA-ZG-A9N3-01A-11R-A41O-07,0.8628170121867814,1
TCGA-2Z-A9JO-01A-11R-A42S-07,0.70119459130743,1
TCGA-25-1626-01A-01R-1566-13,0.2949296123681786,1
TCGA-CC-5262-01A-01R-A131-07,0.6518086614995401,1
TCGA-57-1582-01A-01R-1566-13,0.8888482614321459,1
TCGA-WJ-A86L-01A-12R-A39D-07,0.9102605424549793,1
TCGA-GL-6846-01A-11R-1965-07,0.5737655190882016,0
TCGA-E9-A54X-01A-11R-A266-07,0.7493085182916905,0
TCGA-55-1594-01A-01R-0946-07,0.8736354170405694,1
TCGA-AA-3864-01A-01R-1022-07,0.7318783194602955,1
TCGA-49-6742-01A-11R-1858-07,0.8520685347766676,0
TCGA-H6-8124-01A-11R-2404-07,0.6351749295258075,1
TCGA-HC-7820-01A-11R-2118-07,0.18699441134930608,1
TCGA-AY-A8YK-01A-11R-A41B-07,0.6358518659283577,1
TCGA-34-8454-01A-11R-2326-07,0.7683447620104236,1
TCGA-A6-A56B-01A-31R-A28H-07,0.7683055150436725,1
TCGA-AR-A0U2-01A-11R-A109-07,0.8833824350982642,1
TCGA-BC-A112-01A-11R-A131-07,0.8519810658955068,0
TCGA-IB-7646-01A-11R-2156-07,0.7666423707885288,1
TCGA-V1-A9ZG-01A-11R-A41O-07,0.7351894355845113,1
TCGA-86-7953-01A-11R-2187-07,0.8409446118811589,0
TCGA-CZ-5451-01A-01R-1503-07,0.3762741673014613,0
TCGA-A6-6138-01A-11R-1774-07,0.6872864583540538,1
TCGA-GL-7966-01A-11R-2204-07,0.8217186862376513,0
TCGA-BP-4982-01A-01R-1334-07,0.11809904932911997,1
TCGA-B4-5835-01A-11R-1672-07,0.8439802953684197,1
TCGA-E9-A1NE-01A-21R-A14M-07,0.6113339316267771,1
TCGA-MH-A856-01A-11R-A355-07,0.6783843417915065,1
TCGA-EB-A299-01A-21R-A18U-07,0.6558860598414472,1
TCGA-V1-A8MF-01A-11R-A36G-07,0.7625933253345415,0
TCGA-G9-6361-01A-21R-1965-07,0.41422451172153973,1
TCGA-L5-A8NH-01A-11R-A37I-31,0.7741676162163482,1
TCGA-LN-A49P-01A-11R-A24K-31,0.8330098419194867,0
TCGA-E2-A14V-01A-11R-A12D-07,0.8012761085673896,1
TCGA-49-AAR4-01A-12R-A41B-07,0.5659274847960638,1
TCGA-IB-7885-01A-11R-2156-07,0.44528287986116893,1
TCGA-D8-A1XQ-01A-11R-A14M-07,0.9147835145467986,1
TCGA-AA-3872-01A-01R-1022-07,0.6488763081233346,1
TCGA-85-8070-01A-11R-2247-07,0.887539965271289,1
TCGA-HI-7169-01A-11R-2118-07,0.8120053889595689,0
TCGA-HC-8213-01A-11R-A29R-07,0.43822628508793776,1
TCGA-CH-5754-01A-11R-1580-07,0.5638573024754475,1
TCGA-2A-A8W1-01A-11R-A37L-07,0.7101562877264955,0
TCGA-AA-3527-01A-01R-0821-07,0.8291012205151042,0
TCGA-G7-6797-01A-11R-1965-07,0.752558557191933,1
TCGA-05-4403-01A-01R-1206-07,0.4206933566622339,1
TCGA-EW-A1IW-01A-11R-A13Q-07,0.801339393723642,1
TCGA-ZG-A9L0-01A-11R-A41O-07,0.5673311413656029,1
TCGA-56-8624-01A-11R-2403-07,0.8765600476840227,1
TCGA-D8-A1J8-01A-11R-A13Q-07,0.652053821670543,1
TCGA-JY-A6FH-01A-11R-A336-31,0.9097980811985523,1
TCGA-09-0366-01A-01R-1564-13,0.8727075159471355,1
TCGA-A7-A6VV-01A-22R-A33J-07,0.8135852872339466,1
TCGA-L5-A4OG-01A-11R-A260-31,0.8720907523973582,1
TCGA-EJ-A65G-01A-21R-A29R-07,0.20120046477329342,1
TCGA-T9-A92H-01A-11R-A37K-07,0.6657753820690301,1
TCGA-AA-3685-01A-02R-A32Z-07,0.5996320870749509,0
TCGA-BP-4993-01A-02R-1420-07,0.18282091811759607,0
TCGA-B0-5690-01A-11R-1541-07,0.3135392602071877,1
TCGA-G3-AAV6-01A-21R-A37K-07,0.8627993106885055,1
TCGA-13-1505-01A-01R-1565-13,0.8270359512913775,1
TCGA-LD-A9QF-01A-32R-A41B-07,0.6435328806941312,0
TCGA-AA-3710-01A-01R-1022-07,0.7698825043021614,1
TCGA-85-7950-01A-11R-2187-07,0.8595766620795814,1
TCGA-A8-A07L-01A-11R-A00Z-07,0.8913942641137671,1
TCGA-55-A492-01A-11R-A24H-07,0.8153908020930202,1
TCGA-AZ-5403-01A-01R-1653-07,0.41695007648450594,1
TCGA-69-7765-01A-11R-2170-07,0.48273413621428585,1
TCGA-IB-8127-01A-11R-2404-07,0.3582317991215549,1
TCGA-E2-A1IJ-01A-11R-A144-07,0.4118685175312094,1
TCGA-YL-A9WK-01A-11R-A37L-07,0.5532586303360807,0
TCGA-A8-A09D-01A-11R-A00Z-07,0.864842817251721,1
TCGA-DD-AADA-01A-11R-A41C-07,0.8695878422357577,1
TCGA-CH-5763-01A-11R-1580-07,0.2746502318173298,1
TCGA-CZ-4865-01A-02R-1503-07,0.37081694104971386,1
TCGA-BC-A10Z-01A-11R-A131-07,0.8833189815438517,1
TCGA-EB-A44P-01A-11R-A266-07,0.8363732745712045,1
TCGA-CC-A3MA-01A-11R-A213-07,0.8927156812656891,1
TCGA-AA-3673-01A-01R-0905-07,0.5302392982037569,1
TCGA-CZ-5982-01A-11R-1672-07,0.450006054822797,1
TCGA-56-7223-01A-11R-2045-07,0.8803343687067288,0
TCGA-EB-A41A-01A-11R-A24X-07,0.8870885800755297,1
TCGA-IB-AAUS-01A-12R-A38C-07,0.27212728639049366,1
TCGA-B0-4828-01A-01R-1277-07,0.511999297122683,1
TCGA-92-8065-01A-11R-2247-07,0.7892730875117787,1
TCGA-98-A53H-01A-12R-A262-07,0.33434790954799537,1
TCGA-05-4397-01A-01R-1206-07,0.873799813252189,1
TCGA-HC-A6AO-01A-11R-A30B-07,0.7291120293684693,1
TCGA-E2-A108-01A-13R-A10J-07,0.39380410521018316,1
TCGA-23-1107-01A-01R-1564-13,0.8965988784952015,0
TCGA-IA-A40X-01A-11R-A24Z-07,0.7159896914947661,1
TCGA-B4-5838-01A-11R-1672-07,0.49889835939808747,1
TCGA-24-1603-01A-01R-1566-13,0.7802366992482868,1
TCGA-R6-A6L4-01A-11R-A31P-31,0.8403000143134932,1
TCGA-B6-A0IE-01A-11R-A034-07,0.8369894837647645,1
TCGA-04-1517-01A-01R-1565-13,0.8876934229520217,0
TCGA-LA-A446-01A-21R-A24Z-07,0.7741624500734353,1
TCGA-C8-A1HF-01A-11R-A137-07,0.7709244599912473,0
TCGA-MP-A4TH-01A-31R-A262-07,0.5558583796145439,0
TCGA-AA-3848-01A-01R-0905-07,0.7729002016820894,1
TCGA-KV-A6GE-01A-11R-A31O-07,0.3793478873925708,1
TCGA-CC-A5UC-01A-11R-A28V-07,0.7949179630022444,1
TCGA-96-7544-01A-11R-2045-07,0.7898797887789921,1
TCGA-B6-A0X1-01A-11R-A109-07,0.8846811243927709,1
TCGA-AA-3553-01A-01R-0821-07,0.5311937693099302,1
TCGA-HC-7818-01A-11R-2118-07,0.22812826186516244,1
TCGA-DD-AADL-01A-11R-A41C-07,0.7467343420372892,0
TCGA-78-7542-01A-21R-2066-07,0.8764842983908391,1
TCGA-E2-A1B5-01A-21R-A12P-07,0.8222623036278073,0
TCGA-A6-2684-01A-01R-1410-07,0.6986823070203841,0
TCGA-BH-A1FD-01A-11R-A13Q-07,0.8357900221869248,0
TCGA-G9-6496-01A-11R-1789-07,0.7436235570280945,0
TCGA-EJ-8468-01A-21R-2403-07,0.35544360163911404,1
TCGA-AR-A1AS-01A-11R-A12P-07,0.6779546739094742,1
TCGA-86-8674-01A-21R-2403-07,0.7822597767858948,1
TCGA-DD-A4NS-01A-11R-A311-07,0.7094833318916183,1
TCGA-BP-5170-01A-01R-1426-07,0.5956404976024261,1
TCGA-A8-A06P-01A-11R-A00Z-07,0.49375658630601793,1
TCGA-B0-4697-01A-01R-1277-07,0.7573929202289432,0
TCGA-33-6737-01A-11R-1820-07,0.8192850700429622,1
TCGA-85-A512-01A-11R-A26W-07,0.8498711827027987,0
TCGA-55-8511-01A-11R-2403-07,0.8596443545285217,0
TCGA-VP-A878-01A-31R-A352-07,0.41652668897557477,1
TCGA-BH-A0DZ-01A-11R-A00Z-07,0.872099516121992,1
TCGA-D5-6931-01A-11R-1928-07,0.5555150363018325,1
TCGA-50-5044-01A-21R-1858-07,0.857376753812629,1
TCGA-A2-A4RY-01A-31R-A266-07,0.18642621068120693,0
TCGA-EJ-7331-01A-11R-2118-07,0.19600602986296264,1
TCGA-CZ-4864-01A-01R-1503-07,0.3392489792927069,1
TCGA-4A-A93W-01A-11R-A37K-07,0.37570745734585537,1
TCGA-AA-3655-01A-02R-1723-07,0.6324186606679553,1
TCGA-CM-6678-01A-11R-1839-07,0.44150417747356135,1
TCGA-AA-A02J-01A-01R-A00A-07,0.6253707468130436,1
TCGA-DD-AAVR-01A-11R-A41C-07,0.7871799406808528,1
TCGA-23-1123-01A-01R-1565-13,0.8814812639606131,0
TCGA-L5-A43H-01A-11R-A24K-31,0.5963842529195845,0
TCGA-EJ-7791-01A-11R-2118-07,0.17691571012004964,1
TCGA-B6-A0RO-01A-22R-A084-07,0.8134019429362678,1
TCGA-96-8169-01A-11R-2296-07,0.7069086041928124,1
TCGA-E2-A10E-01A-21R-A10J-07,0.5933162822190651,1
TCGA-EJ-5518-01A-01R-1580-07,0.6050900189290748,0
TCGA-5P-A9K0-01A-11R-A42S-07,0.5377197446510331,1
TCGA-AO-A0JM-01A-21R-A056-07,0.8014345108905097,1
TCGA-56-6545-01A-11R-1820-07,0.8018817835008217,1
TCGA-CJ-4643-01A-02R-1325-07,0.10401865719122017,1
TCGA-DZ-6135-01A-11R-1965-07,0.4609835890161854,1
TCGA-QU-A6IN-01A-11R-A31N-07,0.7156085432448948,0
TCGA-EW-A1P6-01A-11R-A144-07,0.7024414183445593,1
TCGA-BH-A0E6-01A-11R-A034-07,0.8172483681598741,1
TCGA-04-1347-01A-01R-1564-13,0.8849057418056583,1
TCGA-NH-A6GB-01A-11R-A37K-07,0.7646969973814617,1
TCGA-50-5072-01A-21R-1858-07,0.8024657330971336,0
TCGA-O2-A52Q-01A-11R-A26W-07,0.8158302040102344,1
TCGA-AC-A23C-01A-12R-A169-07,0.761294281703563,1
TCGA-TP-A8TV-01A-11R-A41O-07,0.6897230852621077,1
TCGA-63-A5MN-01A-22R-A27Q-07,0.6422777466088436,1
TCGA-OL-A5D6-01A-21R-A27Q-07,0.7592963787543495,1
TCGA-55-8097-01A-11R-2241-07,0.6588718657053975,1
TCGA-EW-A1OX-01A-11R-A144-07,0.8706810769736942,1
TCGA-13-0804-01A-01R-1564-13,0.8148000234854001,1
TCGA-A2-A25D-01A-12R-A16F-07,0.7697509398287884,1
TCGA-24-1549-01A-01R-1566-13,0.8790949769083511,1
TCGA-XK-AAJR-01A-11R-A41O-07,0.4275569711820791,1
TCGA-CW-5588-01A-01R-1541-07,0.4860695116907567,1
TCGA-SX-A71V-01A-11R-A33Z-07,0.4420992941353752,1
TCGA-BQ-7049-01A-11R-1965-07,0.6153597965035088,1
TCGA-BQ-5876-01A-11R-1592-07,0.8887777059803075,1
TCGA-B6-A0IJ-01A-11R-A034-07,0.8441458603829741,0
TCGA-55-A491-01A-11R-A24H-07,0.840188176705067,1
TCGA-E2-A1L9-01A-11R-A13Q-07,0.37131731644800003,1
TCGA-44-8117-01A-11R-2241-07,0.8629720671232822,1
TCGA-JY-A93D-01A-11R-A38D-31,0.6303983512227598,1
TCGA-AO-A0J3-01A-11R-A034-07,0.8955305159938429,1
TCGA-A3-A8OU-01A-11R-A37O-07,0.3520336537534076,1
TCGA-63-A5M9-01A-11R-A26W-07,0.8754083873835792,0
TCGA-86-8585-01A-11R-2403-07,0.8014573801867175,1
TCGA-13-0762-01A-01R-1564-13,0.9081704288408915,0
TCGA-KK-A7B4-01A-11R-A32O-07,0.6241454994434841,1
TCGA-MP-A4SV-01A-11R-A24X-07,0.5481441126547673,1
TCGA-LD-A7W5-01A-22R-A352-07,0.8744995047007554,1
TCGA-IZ-A6M8-01A-11R-A31O-07,0.5086053076052068,1
TCGA-CW-5585-01A-01R-1541-07,0.49988028446160016,0
TCGA-BH-A0B2-01A-11R-A10J-07,0.4137175482871154,1
TCGA-AC-A2FK-01A-12R-A180-07,0.15871941002298684,1
TCGA-ER-A19K-01A-21R-A18T-07,0.853563538631139,1
TCGA-DD-A4NR-01A-11R-A311-07,0.7356095589116515,1
TCGA-D8-A27T-01A-11R-A16F-07,0.4293589088515603,1
TCGA-96-7545-01A-21R-2045-07,0.6648446033382985,1
TCGA-21-1081-01A-01R-0692-07,0.8680049736364505,1
TCGA-AR-A2LL-01A-11R-A180-07,0.6900165807826772,0
TCGA-J4-A83M-01A-11R-A352-07,0.3391182000726797,1
TCGA-DD-AADF-01A-11R-A41C-07,0.8238822185653555,1
TCGA-B4-5377-01A-01R-1503-07,0.38828591091843145,0
TCGA-B8-5158-01A-01R-1420-07,0.5425932206906665,0
TCGA-25-1326-01A-01R-1565-13,0.7945597028404964,1
TCGA-DD-A1EB-01A-11R-A131-07,0.8555701072018593,1
TCGA-63-A5MJ-01A-11R-A27Q-07,0.8602925091084753,0
TCGA-B9-4115-01A-01R-1193-07,0.4274649111417562,1
TCGA-B8-4619-01A-02R-1325-07,0.8513638571513448,1
TCGA-AA-3554-01A-01R-0826-07,0.6531704952150845,1
TCGA-2Y-A9H3-01A-11R-A38B-07,0.8171331226295435,1
TCGA-55-7728-01A-11R-2187-07,0.6857000623982756,1
TCGA-BP-5181-01A-01R-1426-07,0.34996936849079185,1
TCGA-DM-A1D8-01A-11R-A155-07,0.6674758951276186,0
TCGA-SX-A71S-01A-11R-A33Z-07,0.4809725846111983,1
TCGA-D8-A1XF-01A-11R-A14D-07,0.925933425822319,0
TCGA-24-1474-01A-01R-1566-13,0.8629792629622521,0
TCGA-KC-A4BN-01A-61R-A250-07,0.26853145621469077,0
TCGA-A3-3328-01A-01R-0864-07,0.912624608617399,1
TCGA-HN-A2OB-01A-21R-A27Q-07,0.09606678015081029,1
TCGA-29-1698-01A-01R-1567-13,0.8269459522436475,1
TCGA-20-1686-01A-01R-1566-13,0.8987508223256949,1
TCGA-50-5939-01A-11R-1628-07,0.7092512031039505,1
TCGA-A7-A3J1-01A-11R-A213-07,0.6338514295841747,1
TCGA-36-1570-01A-01R-1566-13,0.8723525149307501,1
TCGA-AA-3521-01A-01R-0821-07,0.542845863998312,1
TCGA-FC-7708-01A-11R-2118-07,0.30378860050940876,1
TCGA-VG-A8LO-01A-11R-A406-31,0.8401361333167702,1
TCGA-NK-A5CX-01A-11R-A26W-07,0.511806452976667,1
TCGA-OL-A97C-01A-32R-A41B-07,0.7973008638083391,0
TCGA-E2-A158-01A-11R-A12D-07,0.9210759014897483,1
TCGA-HC-8256-01A-11R-2263-07,0.5500465513821886,1
TCGA-A7-A0CE-01A-11R-A00Z-07,0.8686738595307871,0
TCGA-AR-A1AL-01A-21R-A12P-07,0.24933117131197424,1
TCGA-E2-A3DX-01A-21R-A213-07,0.5070249281514877,1
TCGA-A2-A3XT-01A-11R-A22U-07,0.8799917758640453,1
TCGA-50-8457-01A-11R-2326-07,0.5907349100818347,0
TCGA-LL-A6FQ-01A-11R-A31O-07,0.7640957627183759,1
TCGA-2H-A9GK-01A-11R-A37I-31,0.8038581494354877,1
TCGA-G3-A5SM-01A-12R-A28V-07,0.792624989530708,1
TCGA-AR-A1AX-01A-11R-A12P-07,0.561397221726291,0
TCGA-A2-A4S3-01A-21R-A266-07,0.8163832341087864,0
TCGA-21-A5DI-01A-31R-A26W-07,0.7877584506703705,0
TCGA-24-0966-01A-01R-1564-13,0.809604812869392,1
TCGA-BH-A0H7-01A-13R-A056-07,0.8014375354023935,0
TCGA-97-7554-01A-11R-2039-07,0.8051638294688052,1
TCGA-IB-7886-01A-11R-2156-07,0.48128248787420796,1
TCGA-61-1728-01A-01R-1568-13,0.8588167872177549,1
TCGA-GM-A5PX-01A-12R-A28M-07,0.5382141204500466,1
TCGA-EJ-5494-01A-01R-1580-07,0.6884207661651103,1
TCGA-AZ-6605-01A-11R-1839-07,0.4446842169524217,0
TCGA-GL-A9DE-01A-11R-A37K-07,0.5586644466525372,1
TCGA-Y8-A895-01A-11R-A36F-07,0.49087830285091516,1
TCGA-55-8206-01A-11R-2241-07,0.665324474445777,1
TCGA-85-8584-01A-11R-2403-07,0.7960932466725482,1
TCGA-AZ-4313-01A-01R-1410-07,0.8156302251908688,0
TCGA-EJ-AB20-01A-12R-A41O-07,0.6987195608997517,1
TCGA-43-8116-01A-11R-2247-07,0.7155930920934722,1
TCGA-97-7553-01A-21R-2039-07,0.4332426824304872,0
TCGA-VP-A87B-01A-11R-A352-07,0.5814158719651105,1
TCGA-BH-A0BA-01A-11R-A056-07,0.6590782177034594,1
TCGA-A3-3349-01A-01R-1188-07,0.12820237158638603,1
TCGA-EW-A1OW-01A-21R-A144-07,0.7259146605165222,1
TCGA-L5-A8NW-01A-11R-A37I-31,0.654055945128337,1
TCGA-EJ-A65M-01A-11R-A29R-07,0.2515066386309807,1
TCGA-E2-A15P-01A-11R-A115-07,0.7432067006259404,1
TCGA-A8-A09G-01A-21R-A00Z-07,0.8237504496148548,1
TCGA-MN-A4N5-01A-11R-A24X-07,0.8483232323475937,1
TCGA-A2-A0YG-01A-21R-A109-07,0.8768645989431376,1
TCGA-BH-A1EY-01A-11R-A13Q-07,0.8642286212404203,0
TCGA-CC-A9FU-01A-11R-A37K-07,0.8716676299483028,1
TCGA-A3-3335-01A-01R-0864-07,0.6726784459147949,1
TCGA-78-7154-01A-11R-2039-07,0.8907934938384349,1
TCGA-69-8255-01A-11R-2287-07,0.8658128905256554,1
TCGA-EJ-5502-01A-01R-1580-07,0.1387070359559541,1
TCGA-AO-A03P-01A-11R-A00Z-07,0.8951220525690144,1
TCGA-22-5478-01A-01R-1635-07,0.8033653515206078,1
TCGA-AA-3858-01A-01R-0905-07,0.6684276084075818,1
TCGA-HZ-8317-01A-11R-2404-07,0.3108350825987298,1
TCGA-AQ-A1H2-01A-11R-A13Q-07,0.8756543435742182,1
TCGA-LN-A49R-01A-11R-A24K-31,0.8289507719251435,1
TCGA-24-1464-01A-01R-1566-13,0.843100266410644,0
TCGA-G3-A5SL-01A-11R-A27V-07,0.7228252366450771,1
TCGA-VR-AA7B-01A-31R-A406-31,0.8773822111637862,1
TCGA-AC-A3QQ-01B-06R-A22O-07,0.8742258227465559,1
TCGA-AR-A24N-01A-11R-A169-07,0.7739334647956209,1
TCGA-D5-6531-01A-11R-1723-07,0.7737180194937523,1
TCGA-E9-A244-01A-11R-A169-07,0.8728895830719618,1
TCGA-B0-4852-01A-01R-1503-07,0.25665162019794924,1
TCGA-DD-AAW0-01A-11R-A41C-07,0.6942479266231649,1
TCGA-55-8506-01A-11R-2403-07,0.8819026128116765,1
TCGA-B9-5156-01A-01R-1592-07,0.4243578415445328,1
TCGA-D8-A27F-01A-11R-A16F-07,0.8778210332240667,1
TCGA-B4-5832-01A-11R-1672-07,0.8577312917964256,1
TCGA-CM-5341-01A-01R-1410-07,0.758925064709834,1
TCGA-91-6831-01A-11R-1858-07,0.7961572955975584,1
TCGA-EJ-5526-01A-01R-1580-07,0.32388314143810387,1
TCGA-VP-A876-01A-11R-A352-07,0.40991399495267694,1
TCGA-E2-A576-01A-11R-A31O-07,0.737039584638866,0
TCGA-J4-AATV-01A-11R-A41O-07,0.26676578499260584,1
TCGA-RC-A7SK-01A-11R-A352-07,0.8291134010358354,1
TCGA-BH-A1F2-01A-31R-A13Q-07,0.818781253234293,1
TCGA-E2-A1BD-01A-11R-A12P-07,0.6224701966868257,1
TCGA-B8-5551-01A-01R-1541-07,0.7085799951860071,1
TCGA-49-AAR2-01A-11R-A39D-07,0.8978369059167287,1
TCGA-A1-A0SE-01A-11R-A084-07,0.3799961518578403,0
TCGA-D5-6534-01A-21R-1928-07,0.5198924393727196,1
TCGA-A7-A426-01A-22R-A24H-07,0.14733368710693756,1
TCGA-56-8503-01A-11R-2403-07,0.6028249460628667,0
TCGA-B1-A654-01A-11R-A31O-07,0.40428792543516096,1
TCGA-AA-A029-01A-01R-A00A-07,0.7727266808815513,1
TCGA-D8-A27K-01A-11R-A16F-07,0.3798089740771294,1
TCGA-BP-4991-01A-01R-1334-07,0.18958620604409324,1
TCGA-24-1428-01A-01R-1564-13,0.8638253508544405,1
TCGA-10-0928-01A-02R-1564-13,0.8581631079253682,1
TCGA-M7-A71Y-01A-22R-A32O-07,0.3223784290106939,0
TCGA-G4-6299-01A-11R-1774-07,0.8677216541319978,1
TCGA-AK-3453-01A-02R-1277-07,0.6379081407973852,1
TCGA-E9-A247-01A-11R-A169-07,0.8567121646701286,1
TCGA-5P-A9K3-01A-11R-A42S-07,0.8172085452424764,1
TCGA-DD-A1EI-01A-11R-A131-07,0.7600761698970976,0
TCGA-B0-4823-01A-02R-1420-07,0.2807626667322629,1
TCGA-A2-A0CL-01A-11R-A115-07,0.810208111859456,1
TCGA-VN-A88O-01A-11R-A352-07,0.44984961662981343,0
TCGA-A6-3810-01A-01R-1022-07,0.45729052794521713,1
TCGA-60-2724-01A-01R-0851-07,0.8649367272205036,1
TCGA-B3-3925-01A-02R-1351-07,0.33414411821070766,1
TCGA-G3-A7M8-01A-11R-A33R-07,0.8474063042247438,0
TCGA-AR-A5QP-01A-11R-A28M-07,0.6093383075936829,0
TCGA-CH-5767-01A-11R-1789-07,0.5048500866783355,1
TCGA-AR-A24S-01A-11R-A169-07,0.5925540529922264,1
TCGA-BH-A1FE-01A-11R-A13Q-07,0.545502166854875,1
TCGA-EJ-7782-01A-11R-2118-07,0.7244290028111854,1
TCGA-55-8094-01A-11R-2241-07,0.898916439354499,1
TCGA-77-8145-01A-11R-2247-07,0.7451457731034118,1
TCGA-AA-3851-01A-01R-1022-07,0.6018502376294652,0
TCGA-L5-A8NI-01A-11R-A37I-31,0.8648744285418565,0
TCGA-2J-AABP-01A-11R-A41B-07,0.8328680062800741,1
TCGA-AC-A3YJ-01A-11R-A22U-07,0.7310680881488256,0
TCGA-25-1877-01A-01R-1567-13,0.8936672823241603,1
TCGA-AR-A2LE-01A-11R-A180-07,0.8307469456666853,1
TCGA-B0-4847-01A-01R-1277-07,0.5465560672405078,1
TCGA-BH-A0E1-01A-11R-A056-07,0.7126164166385004,1
TCGA-21-5784-01A-01R-1635-07,0.7268954699697067,1
TCGA-KK-A7AQ-01A-11R-A33R-07,0.5408038834660971,1
TCGA-DD-AAE3-01A-11R-A41C-07,0.8272493634723713,0
TCGA-93-A4JQ-01A-11R-A24X-07,0.6340145417521866,0
TCGA-AC-A3TN-01A-11R-A22K-07,0.6060362358549425,0
TCGA-VR-A8Q7-01A-11R-A37I-31,0.9323026902555259,1
TCGA-HC-8259-01A-11R-2263-07,0.2626545740206968,1
TCGA-AO-A12A-01A-21R-A115-07,0.3218026641581808,1
TCGA-66-2742-01A-01R-0980-07,0.7962557839454938,1
TCGA-KC-A4BV-01A-31R-A26U-07,0.5766655840777859,1
TCGA-Y8-A8S0-01A-11R-A37K-07,0.42283663648370995,1
TCGA-YL-A8SF-01A-11R-A37L-07,0.5442737307220752,1
TCGA-24-1567-01A-01R-1566-13,0.8984070621154874,1
TCGA-BH-A0H6-01A-21R-A056-07,0.5969578540146637,1
TCGA-BP-5186-01A-01R-1426-07,0.19589838375874838,1
TCGA-B0-4699-01A-01R-1277-07,0.8293175794375727,0
TCGA-OY-A56Q-01A-11R-A406-31,0.8870944246037813,0
TCGA-B0-4836-01A-01R-1305-07,0.5794533291294658,0
TCGA-HZ-A49I-01A-12R-A26U-07,0.5200185162167611,1
TCGA-J7-8537-01A-11R-2404-07,0.8400002870400483,1
TCGA-SX-A7SS-01A-11R-A36F-07,0.708184041538537,0
TCGA-CM-6161-01A-11R-1653-07,0.7301917156286614,0
TCGA-66-2753-01A-01R-0980-07,0.7783260642397202,0
TCGA-A3-3343-01A-01R-0864-07,0.29741524777047307,0
TCGA-24-1930-01A-01R-1567-13,0.765070984521701,1
TCGA-A2-A0T7-01A-21R-A084-07,0.6323891536739416,1
TCGA-75-6203-01A-11R-1755-07,0.5359808133318099,1
TCGA-CZ-5989-01A-11R-1672-07,0.8136688745022316,0
TCGA-DD-AAVP-01A-11R-A41C-07,0.8947560690617437,1
TCGA-MH-A562-01A-11R-A26U-07,0.5720958628077396,1
TCGA-AC-A2FE-01A-11R-A19W-07,0.5330478576729196,1
TCGA-ZG-A8QZ-01A-11R-A37L-07,0.2877598265932935,1
TCGA-B8-A54J-01A-11R-A33J-07,0.2549777547308872,1
TCGA-CM-6675-01A-11R-1839-07,0.850868028470205,1
TCGA-A2-A0D1-01A-11R-A034-07,0.9125501484017069,1
TCGA-UZ-A9PZ-01A-11R-A42S-07,0.32262197227422323,1
TCGA-LN-A9FR-01A-11R-A38D-31,0.7392047330588023,1
TCGA-CZ-5458-01A-01R-1503-07,0.4603819147100081,1
TCGA-IB-A5SQ-01A-11R-A32O-07,0.35523909880342075,1
TCGA-EB-A1NK-01A-11R-A18T-07,0.8552754128848118,0
TCGA-BF-A1PX-01A-12R-A18T-07,0.7438167329509652,0
TCGA-MH-A855-01A-11R-A355-07,0.4590034608043337,1
TCGA-DZ-6131-01A-11R-1965-07,0.8924976206413773,1
TCGA-CJ-4875-01A-01R-1305-07,0.4364652439131908,1
TCGA-BP-4787-01A-01R-1305-07,0.5037024990915018,1
TCGA-X4-A8KQ-01A-12R-A36G-07,0.6799131459271631,1
TCGA-CZ-4862-01A-01R-1305-07,0.26760253995987104,1
TCGA-E2-A14Y-01A-21R-A12D-07,0.9057074023559057,1
TCGA-B0-5100-01A-01R-1420-07,0.6916232140189151,1
TCGA-EB-A42Y-01A-12R-A24X-07,0.9325637266303127,0
TCGA-25-2399-01A-01R-1569-13,0.8321625367137215,1
TCGA-EB-A42Z-01A-12R-A24X-07,0.8724078470067156,1
TCGA-66-2755-01A-01R-0851-07,0.8795956334156112,1
TCGA-A6-2677-01B-02R-A277-07,0.7943323623115024,0
TCGA-25-2400-01A-01R-1569-13,0.8937372763343165,1
TCGA-O2-A52S-01A-11R-A262-07,0.8811683533166649,0
TCGA-09-2054-01A-01R-1568-13,0.8624963736702981,1
TCGA-BC-A10Y-01A-11R-A131-07,0.7675632748608692,1
TCGA-22-5481-01A-31R-1949-07,0.9036175753417536,1
TCGA-A2-A0D3-01A-11R-A115-07,0.6560168570664102,1
TCGA-55-8505-01A-11R-2403-07,0.7109225096782381,1
TCGA-CJ-4636-01A-02R-1325-07,0.22844117318587503,1
TCGA-13-0797-01A-01R-1564-13,0.8647022066688899,1
TCGA-AA-A03J-01A-21R-A16W-07,0.5932889245400287,1
TCGA-VP-A872-01A-11R-A352-07,0.6229535123535096,0
TCGA-XR-A8TF-01A-11R-A36F-07,0.849616875215871,1
TCGA-EP-A2KA-01A-11R-A180-07,0.9052080402665714,1
TCGA-25-1314-01A-01R-1565-13,0.84522522691835,1
TCGA-64-5778-01A-01R-1628-07,0.7311725461635776,1
TCGA-04-1356-01A-01R-1569-13,0.8609635348958732,1
TCGA-46-3766-01A-01R-0980-07,0.35828348115346503,1
TCGA-78-7535-01A-11R-2066-07,0.7759813044671826,1
TCGA-HZ-7919-01A-11R-2156-07,0.2961775685267296,1
TCGA-DW-7841-01A-11R-A32Z-07,0.36548542000280965,1
TCGA-AA-3538-01A-01R-0821-07,0.6242941363194023,1
TCGA-ZG-A9L5-01A-12R-A41O-07,0.87818871621877,1
TCGA-DD-A39Z-01A-11R-A213-07,0.8582252552819792,1
TCGA-GM-A3NY-01A-11R-A21T-07,0.7913632803347439,1
TCGA-S4-A8RO-01A-12R-A37L-07,0.8340529178673394,1
TCGA-E2-A573-01A-11R-A29R-07,0.7117681961555663,0
TCGA-G3-A3CG-01A-11R-A213-07,0.7851319207847033,0
TCGA-PL-A8LZ-01A-31R-A36F-07,0.810892486662852,0
TCGA-39-5011-01A-01R-1443-07,0.8536476877574355,1
TCGA-G3-AAV5-01A-11R-A37K-07,0.8006340502508433,0
TCGA-A3-3313-01A-02R-1325-07,0.785690423696443,1
TCGA-UZ-A9PR-01A-11R-A42S-07,0.5440104127325371,0
TCGA-BQ-5887-01A-11R-1965-07,0.8792577262869095,1
TCGA-49-AARQ-01A-11R-A41B-07,0.9079511895889913,0
TCGA-AA-3488-01A-01R-1410-07,0.7438469054549232,1
TCGA-S3-AA0Z-01A-11R-A41B-07,0.8954996542104544,1
TCGA-FB-A78T-01A-12R-A32O-07,0.4982404538395147,1
TCGA-09-1659-01B-01R-1564-13,0.8209026560072551,1
TCGA-55-8096-01A-11R-2241-07,0.6974144905797949,1
TCGA-DD-AACQ-01A-11R-A41C-07,0.8093093865203772,0
TCGA-CC-5260-01A-01R-A131-07,0.8393704595189041,1
TCGA-E2-A14S-01A-11R-A12D-07,0.6753213677032011,1
TCGA-B6-A0WT-01A-11R-A109-07,0.6325112827261765,1
TCGA-BQ-7048-01A-11R-1965-07,0.8017934904273862,1
TCGA-56-A62T-01A-11R-A405-07,0.8353240762326325,1
TCGA-EB-A3XD-01A-22R-A239-07,0.7963210020098165,1
TCGA-DD-AACZ-01A-11R-A41C-07,0.85614549921823,1
TCGA-CC-A1HT-01A-11R-A131-07,0.8107198369207425,1
TCGA-B2-5633-01A-01R-1541-07,0.24638318231087233,1
TCGA-D5-5541-01A-01R-1653-07,0.4046955097894929,1
TCGA-BC-A217-01A-11R-A155-07,0.7906494058412085,1
TCGA-E2-A106-01A-11R-A10J-07,0.8437868446842551,1
TCGA-A2-A0D4-01A-11R-A00Z-07,0.8888246235175382,1
TCGA-BP-4768-01A-01R-1289-07,0.5952154343146053,1
TCGA-HC-7750-01A-11R-2118-07,0.2623473086598721,1
TCGA-C8-A1HI-01A-11R-A137-07,0.8285909696883894,0
TCGA-64-5815-01A-01R-1628-07,0.6685332830286381,0
TCGA-EW-A1P5-01A-11R-A144-07,0.7551100587150366,1
TCGA-DD-AADK-01A-11R-A41C-07,0.716672874980711,1
TCGA-BP-4174-01A-02R-1289-07,0.6010296009483866,1
TCGA-22-5482-01A-01R-1635-07,0.7034433470125879,1
TCGA-CA-5256-01A-01R-1410-07,0.5789221328959463,1
TCGA-36-1571-01A-01R-1566-13,0.8676519700196511,1
TCGA-13-0714-01A-01R-1564-13,0.8521291764360301,1
TCGA-97-8172-01A-11R-2287-07,0.6597082328570255,1
TCGA-ZG-A9L9-01A-11R-A41O-07,0.6730184860756062,0
TCGA-E2-A159-01A-11R-A115-07,0.7568450887828456,0
TCGA-BP-5187-01A-01R-1426-07,0.4824819238245907,1
TCGA-DZ-6132-01A-11R-1965-07,0.4419942445587606,1
TCGA-A6-6649-01A-11R-1774-07,0.3947745053204204,1
TCGA-60-2722-01A-01R-0851-07,0.8532295015080221,1
TCGA-24-2033-01A-01R-1568-13,0.826178222300517,1
TCGA-CH-5739-01A-11R-1580-07,0.33673105344427157,1
TCGA-EJ-A6RC-01A-11R-A32O-07,0.06268166460550671,1
TCGA-V5-AASW-01A-11R-A406-31,0.7183780888807331,1
TCGA-86-8280-01A-11R-2287-07,0.4495459077409305,1
TCGA-73-7499-01A-11R-2187-07,0.7464497441328202,1
TCGA-DM-A1DA-01A-11R-A155-07,0.7456110329137329,1
TCGA-ED-A7XO-01A-11R-A352-07,0.7387963380216065,1
TCGA-35-4123-01A-01R-1107-07,0.7438693143149159,1
TCGA-CJ-4639-01A-02R-1325-07,0.23196123728062304,1
TCGA-35-4122-01A-01R-1107-07,0.8196832837358069,1
TCGA-AC-A7VC-01A-11R-A352-07,0.8894303001946829,1
TCGA-A8-A08X-01A-21R-A00Z-07,0.7989186221398287,1
TCGA-XK-AAIR-01A-11R-A41O-07,0.2692014525577989,1
TCGA-BH-A0B3-01A-11R-A056-07,0.7300012983785755,1
TCGA-BH-A1EV-01A-11R-A137-07,0.8565145878331809,1
TCGA-AA-3982-01A-02R-1022-07,0.6943933959633519,1
TCGA-86-6562-01A-11R-1755-07,0.5581092325604977,1
TCGA-EJ-5496-01A-01R-1580-07,0.15552578355316424,1
TCGA-B6-A400-01A-11R-A239-07,0.8028829342473655,1
TCGA-BF-A5ES-01A-11R-A27Q-07,0.9054523033946947,1
TCGA-F4-6854-01A-11R-1928-07,0.5239360740137905,0
TCGA-10-0938-01A-02R-1564-13,0.8963735139684397,1
TCGA-D8-A1XW-01A-11R-A14M-07,0.8422428379239952,0
TCGA-55-8089-01A-11R-2241-07,0.7343304635467981,1
TCGA-43-3920-01A-01R-0980-07,0.844396326939472,1
TCGA-AA-3660-01A-01R-1723-07,0.6402777405255503,0
TCGA-24-0970-01B-01R-1565-13,0.8731615439208558,1
TCGA-24-2298-01A-01R-1569-13,0.8635905705815538,0
TCGA-EJ-A46G-01A-31R-A26U-07,0.8036556746469594,1
TCGA-A8-A093-01A-11R-A00Z-07,0.7326238929492279,0
TCGA-A7-A26I-01B-06R-A22O-07,0.8344461908557024,0
TCGA-24-1842-01A-01R-1567-13,0.8659864766536834,1
TCGA-LB-A8F3-01A-11R-A36G-07,0.7486519030711072,1
TCGA-95-7567-01A-11R-2066-07,0.7486948690612162,1
TCGA-BH-A0EE-01A-11R-A034-07,0.9080901453844327,1
TCGA-55-7911-01A-11R-2170-07,0.7668069745236584,1
TCGA-B2-5641-01A-01R-1541-07,0.4084493319613062,1
TCGA-CH-5790-01A-11R-1580-07,0.30529628361357675,1
TCGA-90-7766-01A-21R-2125-07,0.8420911937636492,1
TCGA-AA-3818-01A-01R-0905-07,0.5368109510652264,1
TCGA-NC-A5HL-01A-11R-A26W-07,0.8756179979968715,0
TCGA-23-1120-01A-02R-1565-13,0.840201508407537,1
TCGA-A8-A06N-01A-11R-A00Z-07,0.8371887656257112,1
TCGA-24-1427-01A-01R-1565-13,0.8295280299806661,1
TCGA-DM-A285-01A-11R-A16W-07,0.7252115749575492,1
TCGA-B6-A0RP-01A-21R-A084-07,0.5048271273704906,0
TCGA-77-8130-01A-11R-2247-07,0.8420260004026405,1
TCGA-85-7843-01A-11R-2125-07,0.7990170956192185,1
TCGA-22-1002-01A-01R-0692-07,0.6937586861049274,1
TCGA-L5-A4OU-01A-11R-A28J-31,0.8328587581646053,1
TCGA-44-3918-01B-02R-A277-07,0.8309371408075814,1
TCGA-EJ-5503-01A-01R-1580-07,0.08493084510784585,1
TCGA-B9-4113-01A-01R-1193-07,0.35785626532373077,1
TCGA-55-6642-01A-11R-1858-07,0.6744190323170501,1
TCGA-22-4604-01A-01R-1201-07,0.6670924916214068,0
TCGA-69-8253-01A-11R-2287-07,0.7726975561857496,1
TCGA-43-A475-01A-11R-A24H-07,0.8497678112672251,1
TCGA-13-0893-01B-01R-1565-13,0.882908470125995,1
TCGA-ZG-A9MC-01A-31R-A41O-07,0.35777747357546125,1
TCGA-FB-AAQ3-01A-11R-A41B-07,0.539536379817222,1
TCGA-30-1861-01A-01R-1568-13,0.9056580288316609,1
TCGA-A8-A0A4-01A-11R-A00Z-07,0.7841962972385579,1
TCGA-V1-A9ZI-01A-11R-A41O-07,0.708223836602492,1
TCGA-AA-A01S-01A-21R-A083-07,0.8201312641386508,0
TCGA-J4-A6G1-01A-11R-A311-07,0.3077330277036366,0
TCGA-DD-AAD5-01A-11R-A41C-07,0.9073413948441921,1
TCGA-44-7661-01A-11R-2066-07,0.42101627428178606,0
TCGA-FV-A23B-01A-11R-A16W-07,0.8119963248563385,1
TCGA-E2-A1B1-01A-21R-A12P-07,0.6631732252813916,1
TCGA-EJ-A65D-01A-11R-A30B-07,0.621804232230172,1
TCGA-CA-5796-01A-01R-1653-07,0.6240660873476495,1
TCGA-AY-6196-01A-11R-1723-07,0.6416052119979557,0
TCGA-KK-A6E2-01A-11R-A311-07,0.5387461854965306,1
TCGA-05-4384-01A-01R-1755-07,0.594458325650075,1
TCGA-D8-A1XD-01A-11R-A14D-07,0.8436745190538336,1
TCGA-T1-A6J8-01A-11R-A32O-07,0.8388924990110422,1
TCGA-A2-A0SU-01A-11R-A084-07,0.8604098074126085,1
TCGA-62-A46R-01A-11R-A24H-07,0.765259336347766,1
TCGA-2J-AAB1-01A-11R-A41B-07,0.33475870427220694,1
TCGA-61-2102-01A-01R-1568-13,0.9116843738887356,1
TCGA-BQ-5891-01A-11R-1592-07,0.7866391459971374,1
TCGA-78-7160-01A-11R-2039-07,0.6019275649304333,1
TCGA-AZ-4614-01A-01R-1410-07,0.8780211030569107,1
TCGA-CM-6676-01A-11R-1839-07,0.5191447627124632,1
TCGA-LN-A49W-01A-11R-A260-31,0.7524459849545567,0
TCGA-A2-A0EY-01A-11R-A034-07,0.8476553908485577,1
TCGA-CJ-4869-01A-02R-1426-07,0.44275103769841556,1
TCGA-F2-A8YN-01A-11R-A37L-07,0.6104574956428772,1
TCGA-EW-A6SC-01A-12R-A32P-07,0.6353365417964916,0
TCGA-77-A5G1-01A-11R-A27Q-07,0.8314253522255471,0
TCGA-V1-A9ZR-01A-11R-A41O-07,0.5994245703596307,1
TCGA-KK-A8I9-01A-11R-A36G-07,0.4711035086565241,1
TCGA-CC-A3MB-01A-11R-A213-07,0.7973787600986194,0
TCGA-B2-5635-01A-01R-1541-07,0.3098291011040132,1
TCGA-AA-3662-01A-01R-1723-07,0.6562355293507829,1
TCGA-S3-AA15-01A-11R-A41B-07,0.6606040684256401,0
TCGA-B8-4154-01A-01R-1188-07,0.4875715878639416,1
TCGA-43-A474-01A-11R-A24H-07,0.866321653982404,1
TCGA-13-0800-01A-01R-1564-13,0.8728177520440515,1
TCGA-L9-A50W-01A-12R-A39D-07,0.8131811328246964,1
TCGA-B6-A1KF-01A-11R-A13Q-07,0.8907354335560916,1
TCGA-22-1011-01A-01R-0692-07,0.72108221315371,1
TCGA-AA-3833-01A-01R-0905-07,0.5889026999991884,0
TCGA-22-4605-01A-21R-2125-07,0.45832621666305257,1
TCGA-52-7810-01A-11R-2125-07,0.8832658747506538,1
TCGA-64-1678-01A-01R-0946-07,0.8968949593408572,0
TCGA-IB-7645-01A-22R-2204-07,0.24215400489545108,0
TCGA-A2-A0EP-01A-52R-A22U-07,0.2896721697912343,1
TCGA-AA-A00Z-01A-01R-A002-07,0.7424005237387346,1
TCGA-E2-A9RU-01A-11R-A41B-07,0.8553192165050975,1
TCGA-BP-5184-01A-01R-1426-07,0.2203532198246601,1
TCGA-73-4670-01A-01R-1206-07,0.8272545716289659,1
TCGA-AA-3679-01A-02R-0905-07,0.7635735320306137,1
TCGA-CM-5348-01A-21R-1723-07,0.808454847795425,1
TCGA-2A-A8W3-01A-11R-A37L-07,0.6986793387973237,1
TCGA-MH-A857-01A-11R-A355-07,0.9046484378438023,1
TCGA-E2-A1LG-01A-21R-A14M-07,0.9322582070069175,1
TCGA-05-4418-01A-01R-1206-07,0.7454128878210795,1
TCGA-83-5908-01A-21R-2287-07,0.7580610321549404,1
TCGA-G3-A5SJ-01A-11R-A27V-07,0.7945327450027718,1
TCGA-13-0901-01B-01R-1565-13,0.907258158863921,1
TCGA-B0-5088-01A-01R-1334-07,0.1937660516558904,1
TCGA-AR-A0TU-01A-31R-A109-07,0.9010604616998867,1
TCGA-29-1770-01A-01R-1567-13,0.8241236379632639,1
TCGA-AA-3855-01A-01R-1022-07,0.6074382062764225,1
TCGA-B0-5402-01A-01R-1503-07,0.5066213913325959,1
TCGA-DD-AACD-01A-11R-A41C-07,0.8135687003776786,0
TCGA-UB-A7MB-01A-11R-A33R-07,0.8504937988065115,1
TCGA-J9-A52B-01A-11R-A26U-07,0.8346156233325702,1
TCGA-13-0908-01B-01R-1565-13,0.8386916048572239,1
TCGA-AS-3777-01A-01R-0864-07,0.8252569374105315,1
TCGA-L5-A8NU-01A-11R-A36D-31,0.44751561157999825,1
TCGA-BH-A0W5-01A-11R-A109-07,0.29399551032669363,1
TCGA-L5-A4OE-01A-11R-A260-31,0.8369611176023355,1
TCGA-29-1705-01A-01R-1567-13,0.7777610923568605,1
TCGA-AA-A024-01A-02R-A00A-07,0.6785530517119798,1
TCGA-13-0799-01A-01R-1564-13,0.8568283590361951,1
TCGA-AR-A24L-01A-11R-A169-07,0.6987642343581754,1
TCGA-CZ-5463-01A-01R-1503-07,0.47790457319255436,1
TCGA-G7-A4TM-01A-11R-A31O-07,0.38543855180251235,1
TCGA-5P-A9KH-01A-11R-A42S-07,0.8694101978316755,1
TCGA-E9-A249-01A-11R-A169-07,0.7060097784418704,0
TCGA-J2-A4AD-01A-11R-A24H-07,0.7480521322460044,1
TCGA-BP-4961-01A-01R-1334-07,0.15404204423452902,0
TCGA-DD-AADB-01A-11R-A41C-07,0.7833875164838127,1
TCGA-B6-A0X4-01A-11R-A109-07,0.6865545217673477,1
TCGA-80-5611-01A-01R-1628-07,0.8711978292353871,1
TCGA-A8-A06O-01A-11R-A00Z-07,0.690418454720831,0
TCGA-B0-4690-01A-01R-1277-07,0.6536058967798788,1
TCGA-A8-A07C-01A-11R-A034-07,0.8796512311815847,1
TCGA-23-1032-01A-02R-1564-13,0.8878280835703972,1
TCGA-CM-6167-01A-11R-1653-07,0.36233435085177923,1
TCGA-D8-A142-01A-11R-A115-07,0.8444837712796359,0
TCGA-A3-A8OV-01A-11R-A37O-07,0.367953764733392,1
TCGA-A8-A094-01A-11R-A00Z-07,0.8890874001237312,1
TCGA-HC-A8D0-01A-11R-A36G-07,0.4006999727174717,1
TCGA-M9-A5M8-01A-11R-A28J-31,0.6926235090344047,1
TCGA-DD-AACS-01A-11R-A41C-07,0.8593092984865144,0
TCGA-22-4593-01A-21R-1820-07,0.7829060250703294,1
TCGA-E9-A1RB-01A-11R-A157-07,0.7768863942431007,0
TCGA-86-A456-01A-11R-A24H-07,0.7839649937387347,1
TCGA-AR-A24H-01A-11R-A169-07,0.792435775630207,0
TCGA-OL-A5D7-01A-11R-A27Q-07,0.8690283084099186,1
TCGA-85-A511-01A-21R-A262-07,0.5338841904345571,1
TCGA-49-AAR9-01A-21R-A41B-07,0.9142640542246041,1
TCGA-13-1496-01A-01R-1565-13,0.8728771040301858,1
TCGA-60-2695-01A-01R-0851-07,0.8084390531977919,1
TCGA-YL-A8SH-01B-11R-A37L-07,0.3303524713452296,1
TCGA-23-1026-01B-01R-1569-13,0.7954137225651678,1
TCGA-AA-3684-01A-02R-0905-07,0.7151773484817988,1
TCGA-97-8174-01A-11R-2287-07,0.727450095775152,1
TCGA-A3-3308-01A-02R-1325-07,0.5632848191236852,1
TCGA-DD-A3A4-01A-11R-A22L-07,0.8992093837329147,1
TCGA-AR-A2LO-01A-31R-A18M-07,0.4404863525423331,1
TCGA-64-1679-01A-21R-2066-07,0.6505568295175664,1
TCGA-56-8623-01A-11R-A28V-07,0.6294521622074023,1
TCGA-69-A59K-01A-11R-A262-07,0.9052582029725275,1
TCGA-13-0766-01A-02R-1564-13,0.861483337441723,0
TCGA-61-2016-01A-01R-1568-13,0.6860935796825167,1
TCGA-XV-AAZV-01A-11R-A40A-07,0.8382977450775639,1
TCGA-AA-A01Q-01A-01R-A002-07,0.8338096617984548,1
TCGA-A2-A25C-01A-11R-A169-07,0.6823845988363937,1
TCGA-24-1849-01A-01R-1567-13,0.7506107310767705,1
TCGA-LL-A5YM-01A-11R-A28M-07,0.8424307923565438,1
TCGA-23-2081-01A-01R-1568-13,0.7942089213304144,1
TCGA-BP-4975-01A-01R-1334-07,0.3989592287561584,1
TCGA-B8-5165-01A-01R-1420-07,0.10179118513172843,1
TCGA-SX-A7SR-01A-12R-A36F-07,0.30564386862700216,0
TCGA-AR-A24M-01A-11R-A169-07,0.5898459679723188,1
TCGA-LL-A6FR-01A-12R-A31O-07,0.8346393662797938,1
TCGA-IB-A5SS-01A-11R-A32O-07,0.496363330185239,0
TCGA-EJ-AB27-01A-11R-A41O-07,0.12555978787620767,1
TCGA-37-3789-01A-01R-0980-07,0.8241383046533329,1
TCGA-AA-A01F-01A-01R-A002-07,0.7660458821511225,1
TCGA-VR-A8EY-01A-11R-A36D-31,0.8346000540661279,0
TCGA-CK-5913-01A-11R-1653-07,0.7945460892274393,1
TCGA-A3-3319-01A-02R-1325-07,0.5900016454641256,1
TCGA-77-8007-01A-11R-2187-07,0.7735916496552053,1
TCGA-24-1434-01A-01R-1566-13,0.6877179435467106,1
TCGA-L5-A4OQ-01A-11R-A260-31,0.8525988335669004,1
TCGA-IG-A3YC-01A-11R-A24K-31,0.7452704493902733,1
TCGA-BH-A0DV-01A-21R-A12P-07,0.32539731408292405,1
TCGA-C8-A12N-01A-11R-A115-07,0.4237772889934617,1
TCGA-KC-A7F6-01A-11R-A33R-07,0.3616821725659639,0
TCGA-DM-A28E-01A-11R-A32Y-07,0.5886416114515294,1
TCGA-85-8048-01A-11R-2247-07,0.5092543040139144,1
TCGA-55-8614-01A-11R-2403-07,0.682034711315324,0
TCGA-L5-A4OH-01A-11R-A260-31,0.8662346599079305,1
TCGA-AO-A0JJ-01A-11R-A056-07,0.5604657220970973,1
TCGA-DM-A282-01A-12R-A16W-07,0.49200717884060463,1
TCGA-64-5775-01A-01R-1628-07,0.9147551505612614,1
TCGA-EJ-5511-01A-01R-1580-07,0.565544940946926,1
TCGA-E2-A1LE-01A-12R-A19W-07,0.864271345364063,0
TCGA-E9-A1NH-01A-11R-A14D-07,0.39501338611608244,1
TCGA-55-8302-01A-11R-2326-07,0.8403304873787731,0
TCGA-O2-A52N-01A-11R-A26W-07,0.8795718145683326,1
TCGA-AA-3495-01A-01R-1410-07,0.5839228556370004,0
TCGA-A7-A13H-01A-11R-A22K-07,0.43598015261823225,1
TCGA-JY-A6FE-01A-11R-A336-31,0.8849493840253029,1
TCGA-HC-7210-01A-11R-2118-07,0.47708137899751696,1
TCGA-L5-A88T-01A-11R-A354-31,0.7868248852199157,1
TCGA-BP-4998-01A-01R-1334-07,0.22583110953507707,1
TCGA-S3-A6ZG-01A-22R-A32P-07,0.6574841883903055,0
TCGA-B0-5692-01A-11R-1541-07,0.5370277767110669,1
TCGA-ZG-A8QY-01A-11R-A37L-07,0.7108196110236117,1
TCGA-A1-A0SG-01A-11R-A144-07,0.6860900046187052,1
TCGA-64-5774-01A-01R-1628-07,0.7532011596361452,0
TCGA-L5-A8NM-01A-11R-A37I-31,0.8241408277330284,1
TCGA-AO-A12D-01A-11R-A115-07,0.8203634730530307,1
TCGA-39-5024-01A-21R-1820-07,0.7806836648871817,1
TCGA-AA-A01K-01A-01R-A00A-07,0.6781270740001651,1
TCGA-AA-3973-01A-01R-1022-07,0.774753736425779,0
TCGA-22-5485-01A-01R-1635-07,0.8269697102969281,1
TCGA-50-5941-01A-11R-1755-07,0.6018895724625349,1
TCGA-C8-A12K-01A-21R-A115-07,0.7883073058683849,0
TCGA-MH-A55Z-01A-11R-A26U-07,0.4662194058875663,1
TCGA-BH-A0H3-01A-11R-A12P-07,0.40880500065391684,1
TCGA-CJ-4890-01A-01R-1305-07,0.30778271903940274,1
TCGA-85-8072-01A-31R-2247-07,0.7797946356926434,1
TCGA-5M-AATA-01A-31R-A41B-07,0.7649356186340053,1
TCGA-C8-A1HK-01A-21R-A13Q-07,0.8837674450172152,1
TCGA-AN-A0XP-01A-11R-A109-07,0.5481448690532906,1
TCGA-39-5028-01A-01R-1443-07,0.8212442119694394,1
TCGA-ZG-A9L6-01A-11R-A41O-07,0.19493815428925582,1
TCGA-AO-A03V-01A-11R-A115-07,0.8756332442412659,1
TCGA-CJ-4895-01A-01R-1305-07,0.43722369508610304,1
TCGA-BC-A10T-01A-11R-A131-07,0.8046598582757346,1
TCGA-AR-A24K-01A-11R-A169-07,0.7361089774380462,1
TCGA-A8-A06Z-01A-11R-A00Z-07,0.8669029677151451,1
TCGA-A6-6654-01A-21R-1839-07,0.4722072217721762,0
TCGA-G9-6373-01A-11R-1789-07,0.4528565516322517,1
TCGA-DD-A116-01A-11R-A131-07,0.8462447605936864,1
TCGA-VR-A8EQ-01A-11R-A36D-31,0.879155347694006,1
TCGA-R6-A6L6-01B-11R-A336-31,0.8408866525312296,1
TCGA-55-A493-01A-11R-A24H-07,0.7626395894298386,0
TCGA-ES-A2HS-01A-11R-A180-07,0.8056925904813278,0
TCGA-KK-A8I8-01A-11R-A36G-07,0.5217814184898673,1
TCGA-L5-A4OI-01A-11R-A36D-31,0.8308477477630266,0
TCGA-43-6143-01A-11R-1820-07,0.8707648815816372,0
TCGA-HC-7080-01A-11R-1965-07,0.7851489859781583,1
TCGA-FV-A4ZQ-01A-11R-A266-07,0.7922148405563503,1
TCGA-A3-3374-01A-02R-1325-07,0.922618339147588,1
TCGA-IG-A3QL-01A-11R-A24K-31,0.8049049818170095,1
TCGA-PL-A8LV-01A-21R-A41B-07,0.8614913393020333,1
TCGA-HC-A9TE-01A-11R-A41O-07,0.7780087701091535,1
TCGA-G4-6321-01A-11R-1723-07,0.832415346387919,1
TCGA-23-1030-01A-02R-1564-13,0.7597580229394292,1
TCGA-FB-AAQ2-01A-31R-A41B-07,0.7498064826349746,0
TCGA-A2-A0CY-01A-12R-A034-07,0.9138552144928727,0
TCGA-AN-A046-01A-21R-A034-07,0.683343406124512,1
TCGA-BH-A0B4-01A-11R-A00Z-07,0.6900174796102677,1
TCGA-24-0982-01A-01R-1565-13,0.7428915345498579,1
TCGA-AR-A0TY-01A-12R-A115-07,0.9244092934997984,1
TCGA-WS-AB45-01A-11R-A41B-07,0.6154508849519531,1
TCGA-37-4135-01A-01R-1100-07,0.9005943152798611,1
TCGA-EW-A1P0-01A-11R-A144-07,0.8766522872721031,1
TCGA-A2-A04Y-01A-21R-A034-07,0.850904610116023,1
TCGA-ZP-A9D4-01A-11R-A37K-07,0.8376003471178881,0
TCGA-AC-A23H-01A-11R-A157-07,0.8728630133891638,1
TCGA-A8-A07G-01A-11R-A034-07,0.6245188470251396,1
TCGA-63-A5MT-01A-21R-A26W-07,0.8445828508348705,1
TCGA-05-5428-01A-01R-1628-07,0.8282558789015885,1
TCGA-V1-A9OQ-01A-11R-A41O-07,0.4755618389354541,1
TCGA-CZ-5454-01A-01R-1503-07,0.5148549285885708,1
TCGA-2J-AABK-01A-31R-A41B-07,0.3950503825172873,1
TCGA-L5-A893-01A-11R-A36D-31,0.6406259731877035,0
TCGA-CW-5587-01A-01R-1541-07,0.2886302178155511,1
TCGA-CH-5766-01A-11R-1580-07,0.5673494238546335,1
TCGA-E9-A1NI-01A-11R-A14D-07,0.62761490409574,1
TCGA-46-3767-01A-01R-0980-07,0.2918518190889272,1
TCGA-85-7710-01A-11R-2125-07,0.7996678774996097,1
TCGA-A2-A1G1-01A-21R-A13Q-07,0.8397254143310627,1
TCGA-AZ-6603-01A-11R-1839-07,0.26232453266226996,1
TCGA-BP-5180-01A-01R-1426-07,0.4390079057885058,1
TCGA-HC-7213-01A-11R-2118-07,0.6834807332267424,1
TCGA-BP-4354-01A-02R-1289-07,0.7439421635733895,1
TCGA-E2-A14W-01A-11R-A12D-07,0.8398205006615214,1
TCGA-L9-A444-01A-21R-A24H-07,0.7268007548606348,0
TCGA-86-7713-01A-11R-2066-07,0.8656685221375169,1
TCGA-MP-A4TJ-01A-51R-A262-07,0.45759352651619994,1
TCGA-B9-A5W8-01A-11R-A28H-07,0.5708402048941382,1
TCGA-BH-A0DE-01A-11R-A115-07,0.7022163688385409,1
TCGA-BP-4349-01A-01R-1289-07,0.2880028641400868,1
TCGA-LL-A8F5-01A-11R-A36F-07,0.8910690871264977,1
TCGA-95-A4VK-01A-11R-A262-07,0.8269645382591205,1
TCGA-HC-A9TH-01A-11R-A41O-07,0.4277710354259489,1
TCGA-CM-4743-01A-01R-1723-07,0.8461126629033855,1
TCGA-13-1499-01A-01R-1565-13,0.8261457063508851,1
TCGA-43-7656-01A-11R-2125-07,0.8445781795368835,1
TCGA-66-2786-01A-01R-0851-07,0.7574239478181238,1
TCGA-44-7671-01A-11R-2066-07,0.6689731161900052,1
TCGA-D5-6535-01A-11R-1723-07,0.48393224064510026,0
TCGA-A3-3378-01A-02R-1325-07,0.5349079454990762,0
TCGA-KR-A7K8-01A-11R-A33J-07,0.917063528751487,1
TCGA-B6-A0IG-01A-11R-A034-07,0.8818017163219181,0
TCGA-05-5423-01A-01R-1628-07,0.7652537154830463,1
TCGA-24-2020-01A-01R-1567-13,0.914153118391073,1
TCGA-EJ-5532-01A-01R-1580-07,0.361575397049703,1
TCGA-LN-A7HX-01A-11R-A336-31,0.7981345960920406,1
TCGA-24-1418-01A-01R-1565-13,0.7467423456381733,0
TCGA-A6-6648-01A-11R-1774-07,0.6526259764714367,1
TCGA-AO-A12F-01A-11R-A115-07,0.8708525578973252,1
TCGA-DD-A1EL-01A-11R-A155-07,0.852604008006192,1
TCGA-F2-6880-01A-11R-2156-07,0.8323258444924052,1
TCGA-IB-AAUW-01A-12R-A38C-07,0.18749614895405542,1
TCGA-EB-A4OZ-01A-12R-A266-07,0.7720277256293551,1
TCGA-CJ-4878-01A-01R-1305-07,0.630254849173329,0
TCGA-4R-AA8I-01A-11R-A38B-07,0.7951586475402453,1
TCGA-CZ-4853-01A-01R-1426-07,0.35718793239409236,1
TCGA-DD-A4NN-01A-11R-A28V-07,0.7900672910773424,1
TCGA-21-5782-01A-01R-1635-07,0.752250641312454,1
TCGA-85-A513-01A-12R-A26W-07,0.7571993752190547,1
TCGA-29-1761-01A-01R-1567-13,0.9026100448821177,1
TCGA-G7-6792-01A-21R-1965-07,0.6618204271860584,1
TCGA-NC-A5HQ-01A-11R-A26W-07,0.7767509174106395,0
TCGA-B1-A47O-01A-11R-A24Z-07,0.6918167149016242,1
TCGA-AR-A252-01A-11R-A169-07,0.7365905186169209,0
TCGA-BH-A18S-01A-11R-A12D-07,0.6767943668271793,1
TCGA-LQ-A4E4-01A-11R-A266-07,0.8090025458847978,1
TCGA-3A-A9IV-01A-11R-A41B-07,0.9171388310830446,0
TCGA-WN-A9G9-01A-12R-A37K-07,0.7267836492751446,0
TCGA-BH-A18F-01A-11R-A12D-07,0.510765602929836,0
TCGA-13-0883-01A-02R-1569-13,0.6448887181025651,1
TCGA-55-7576-01A-11R-2066-07,0.8072518354227186,1
TCGA-44-A4SS-01A-11R-A24X-07,0.8143091029802658,1
TCGA-AD-A5EJ-01A-11R-A28H-07,0.8054485553973626,1
TCGA-E9-A5FL-01A-11R-A27Q-07,0.8464261546604968,1
TCGA-J4-A67L-01A-11R-A30B-07,0.5110359905977054,0
TCGA-23-1113-01A-01R-1564-13,0.8587075471590411,1
TCGA-55-6543-01A-11R-1755-07,0.6502122927225441,1
TCGA-BP-4334-01A-01R-1289-07,0.9073806063164215,0
TCGA-E2-A1L6-01A-11R-A13Q-07,0.5008101658835404,1
TCGA-D8-A27W-01A-11R-A16F-07,0.7674876724935884,1
TCGA-B6-A0WS-01A-11R-A115-07,0.7594181226167627,1
TCGA-B3-8121-01A-21R-2404-07,0.2820596682972435,1
TCGA-D8-A1JK-01A-11R-A13Q-07,0.8271196318508999,1
TCGA-A2-A04N-01A-11R-A115-07,0.29827445578867506,1
TCGA-P4-A5E6-01A-11R-A28H-07,0.6014605986151095,0
TCGA-PJ-A5Z9-01A-11R-A28H-07,0.45183644275288687,1
TCGA-LN-A7HV-01A-21R-A354-31,0.828029080514613,0
TCGA-22-0944-01A-01R-0692-07,0.8464503136752767,0
TCGA-AN-A0FK-01A-11R-A034-07,0.8047004285459466,1
TCGA-BF-AAOU-01A-12R-A39D-07,0.8360082639251133,1
TCGA-HN-A2NL-01A-11R-A18M-07,0.8811521894031047,1
TCGA-FR-A2OS-01A-11R-A21D-07,0.8613016604623002,0
TCGA-CW-6093-01A-11R-1672-07,0.3025519261849479,1
TCGA-DD-A73F-01A-11R-A32O-07,0.801983676128125,1
TCGA-WQ-A9G7-01A-11R-A37K-07,0.8504961210668418,1
TCGA-37-3783-01A-01R-1201-07,0.7849816988621513,1
TCGA-61-1995-01A-01R-1568-13,0.7361514112509155,1
TCGA-DD-AAD2-01A-11R-A41C-07,0.6458292455416879,1
TCGA-24-1616-01A-01R-1566-13,0.8967107053477599,1
TCGA-B2-3923-01B-10R-A277-07,0.9116304985067397,1
TCGA-31-1950-01A-01R-1568-13,0.8960207795484977,1
TCGA-FC-A5OB-01A-11R-A29R-07,0.7881504904446797,1
TCGA-LN-A49X-01A-31R-A260-31,0.7819360434971685,1
TCGA-UU-A93S-01A-21R-A41B-07,0.9007103301690826,1
TCGA-34-5240-01A-01R-1443-07,0.800895830256466,1
TCGA-L5-A43C-01A-11R-A24K-31,0.7350232583730776,1
TCGA-46-3765-01A-01R-0980-07,0.7124735828300948,1
TCGA-B0-4844-01A-01R-1277-07,0.5884041964248731,1
TCGA-21-1080-01A-01R-0692-07,0.8898183146942671,1
TCGA-13-0920-01A-01R-1564-13,0.8816909674085659,1
TCGA-F9-A8NY-01A-11R-A36F-07,0.8457627281552905,0
TCGA-LL-A740-01A-21R-A32P-07,0.877058677660627,1
TCGA-BF-AAP4-01A-11R-A40A-07,0.8734024471842639,1
TCGA-XR-A8TD-01A-12R-A39D-07,0.8165641595352845,1
TCGA-33-4538-01A-01R-1201-07,0.7226049993440362,1
TCGA-LL-A9Q3-01A-11R-A41B-07,0.876296628734753,1
TCGA-NJ-A4YF-01A-12R-A262-07,0.9025868857980056,0
TCGA-MH-A560-01A-11R-A26U-07,0.7262256882952044,1
TCGA-L5-A8NE-01A-11R-A37I-31,0.9019091780372062,1
TCGA-04-1332-01A-01R-1564-13,0.7136229422315266,1
TCGA-EJ-A7NG-01A-31R-A33R-07,0.09041683953697978,1
TCGA-A8-A08J-01A-11R-A00Z-07,0.8082475796971424,1
TCGA-AK-3456-01A-02R-1325-07,0.6082782301004899,1
TCGA-G7-A8LB-01A-11R-A36F-07,0.8352961017587958,1
TCGA-B2-A4SR-01A-11R-A266-07,0.3218454711986918,1
TCGA-62-8394-01A-11R-2326-07,0.756287148501795,1
TCGA-AZ-6608-01A-11R-1839-07,0.7045802314938067,1
TCGA-Q3-AA2A-01A-11R-A37L-07,0.5277391354036177,1
TCGA-B0-4694-01A-01R-1277-07,0.3816353101969288,1
TCGA-AR-A24V-01A-21R-A169-07,0.6049669528252627,1
TCGA-A2-A0EV-01A-11R-A034-07,0.6854024680160056,1
TCGA-60-2714-01A-01R-0851-07,0.871463662743763,1
TCGA-BP-4762-01A-02R-1289-07,0.37362786095429673,1
TCGA-DD-AACG-01A-11R-A41C-07,0.8485416461842534,1
TCGA-B0-5094-01A-01R-1420-07,0.7232144546719593,1
TCGA-AA-3556-01A-01R-0821-07,0.7541376675955364,1
TCGA-2J-AABO-01A-21R-A41B-07,0.7824393540005027,1
TCGA-B0-5400-01A-01R-1503-07,0.6663991107912057,1
TCGA-77-6845-01A-11R-1949-07,0.874042149127356,1
TCGA-D8-A141-01A-11R-A115-07,0.289934522456185,0
TCGA-55-A57B-01A-12R-A39D-07,0.7750673111290307,0
TCGA-60-2712-01A-01R-0851-07,0.7260981778729547,1
TCGA-A6-4105-01A-02R-1774-07,0.49145228069829316,1
TCGA-XV-A9W5-01A-11R-A38C-07,0.8821948518267038,1
TCGA-A6-5665-01B-03R-2302-07,0.8400682661653542,1
TCGA-E2-A1AZ-01A-11R-A12P-07,0.769375056552587,1
TCGA-55-7910-01A-11R-2170-07,0.8315117006883354,1
TCGA-50-6673-01A-11R-1949-07,0.7827650084864983,0
TCGA-BH-A0DL-01A-11R-A115-07,0.8595964243698148,1
TCGA-AU-6004-01A-11R-1723-07,0.5681461363547066,1
TCGA-E2-A15I-01A-21R-A137-07,0.7037949996875209,1
TCGA-G9-6369-01A-21R-1965-07,0.6621659174902933,1
TCGA-AA-3819-01A-01R-0905-07,0.4105590442079215,1
TCGA-KK-A6E0-01A-11R-A311-07,0.6793490608806346,1
TCGA-SX-A71W-01A-12R-A355-07,0.5074309173126633,0
TCGA-AR-A0TS-01A-11R-A115-07,0.8011539636598173,0
TCGA-E9-A5UP-01A-11R-A28M-07,0.8696150939494449,1
TCGA-AQ-A0Y5-01A-11R-A14M-07,0.841584175282741,1
TCGA-BP-4807-01A-01R-1305-07,0.25243805780873496,0
TCGA-CM-5860-01A-01R-1653-07,0.6910351146872344,1
TCGA-BC-A5W4-01A-11R-A28V-07,0.8599870415176297,1
TCGA-B0-4821-01A-01R-1503-07,0.8097931608225305,1
TCGA-UZ-A9PJ-01A-11R-A38C-07,0.531666858216693,1
TCGA-DD-AACC-01A-11R-A41C-07,0.5791173254440507,1
TCGA-CJ-4870-01A-01R-1305-07,0.4889248236934366,0
TCGA-75-6207-01A-11R-1755-07,0.866209866391005,1
TCGA-C8-A1HO-01A-11R-A13Q-07,0.855713534986657,1
TCGA-JY-A938-01A-11R-A37I-31,0.798570809422327,1
TCGA-04-1361-01A-01R-1565-13,0.8555236031540335,1
TCGA-2Z-A9J8-01A-11R-A42S-07,0.7685389664657939,1
TCGA-64-1677-01A-01R-0946-07,0.8009438606982224,1
TCGA-AO-A0JE-01A-11R-A056-07,0.8137229413951431,1
TCGA-IG-A4P3-01A-11R-A260-31,0.7349100063230123,1
TCGA-05-4424-01A-22R-1858-07,0.7398610190309686,1
TCGA-91-A4BD-01A-11R-A24H-07,0.6903206826893049,1
TCGA-DD-AAVS-01A-11R-A41C-07,0.6338202511809138,1
TCGA-18-3414-01A-01R-0980-07,0.6932828672410896,0
TCGA-J4-A83I-01A-11R-A36G-07,0.5836508342327031,1
TCGA-39-5035-01A-01R-1443-07,0.8941660191395034,1
TCGA-AA-3544-01A-01R-1873-07,0.7631864469914352,1
TCGA-FB-A7DR-01A-21R-A33R-07,0.5798455131700828,1
TCGA-99-8032-01A-11R-2241-07,0.6355542874697482,1
TCGA-95-7948-01A-11R-2187-07,0.8992948366360847,1
TCGA-D8-A1XU-01A-11R-A14M-07,0.7357572831492959,1
TCGA-2Z-A9J7-01A-11R-A38C-07,0.7785171430110075,1
TCGA-13-A5FT-01A-11R-A406-31,0.8909159129648422,1
TCGA-BP-4803-01A-01R-1305-07,0.3964283248159184,1
TCGA-24-2271-01A-01R-1568-13,0.8035368081616711,1
TCGA-DD-A39V-01A-11R-A213-07,0.7821590348380555,1
TCGA-CM-6674-01A-11R-1839-07,0.6383073091307417,1
TCGA-30-1855-01A-01R-1567-13,0.8758791983896871,0
TCGA-2J-AABE-01A-12R-A41B-07,0.40761670748668327,1
TCGA-ED-A82E-01A-11R-A352-07,0.8803210291241796,1
TCGA-56-7580-01A-11R-2045-07,0.7789901148866518,0
TCGA-37-4130-01A-01R-1100-07,0.8986620268978458,1
TCGA-38-4626-01A-01R-1206-07,0.4941873789088651,0
TCGA-CZ-4861-01A-01R-1305-07,0.5548746926613288,1
TCGA-F4-6703-01A-11R-1839-07,0.5522299639896096,1
TCGA-61-2109-01A-01R-1568-13,0.7989426827932442,1
TCGA-5M-AATE-01A-11R-A41B-07,0.5311428446333222,1
TCGA-10-0931-01A-01R-1564-13,0.8726142519477664,1
TCGA-UZ-A9PQ-01A-11R-A42S-07,0.8354157780637583,1
TCGA-XC-AA0X-01A-32R-A405-07,0.5256479498538491,1
TCGA-BH-A0C1-01B-11R-A12D-07,0.6000605776251547,1
TCGA-09-1668-01B-01R-1566-13,0.8191016808152437,1
TCGA-77-7338-01A-11R-2045-07,0.5752442017018059,1
TCGA-61-2111-01A-01R-1568-13,0.8637010596403096,1
TCGA-AC-A8OS-01A-12R-A41B-07,0.5375519385141613,1
TCGA-BF-A3DJ-01A-11R-A20F-07,0.885998874673845,1
TCGA-CJ-4893-01A-01R-1305-07,0.21717556435270746,1
TCGA-DD-AADS-01A-11R-A41C-07,0.853297147841937,1
TCGA-61-2110-01A-01R-1568-13,0.8115654350489424,0
TCGA-DD-A1EE-01A-11R-A131-07,0.8065145635258851,1
TCGA-BH-A0BP-01A-11R-A115-07,0.7847384751846646,1
TCGA-IG-A3I8-01A-11R-A24K-31,0.7602062621267788,1
TCGA-86-A4D0-01A-11R-A24H-07,0.8375459544432691,1
TCGA-22-1016-01A-01R-0692-07,0.7381466716246359,1
TCGA-BH-A0DS-01A-11R-A056-07,0.6747349017563694,1
TCGA-AR-A5QN-01A-12R-A28M-07,0.7019705224909567,1
TCGA-CW-6088-01A-11R-1672-07,0.30276176594877435,1
TCGA-AQ-A04L-01B-21R-A10J-07,0.9136891234948504,0
TCGA-A7-A13D-01A-13R-A12P-07,0.848460575255526,1
TCGA-A2-A0YJ-01A-11R-A109-07,0.9062634122240594,0
TCGA-04-1331-01A-01R-1569-13,0.8365871832149071,1
TCGA-HZ-A8P1-01A-11R-A37L-07,0.6960530978526331,1
TCGA-AR-A24R-01A-11R-A169-07,0.8125574107264008,1
TCGA-36-1575-01A-01R-1566-13,0.8743966558190573,1
TCGA-C8-A273-01A-11R-A16F-07,0.8385151838196828,1
TCGA-DM-A1HB-01A-21R-A180-07,0.7940834568754621,1
TCGA-JL-A3YW-01A-12R-A239-07,0.7312528833313564,1
TCGA-13-1411-01A-01R-1565-13,0.7655409063492039,1
TCGA-60-2710-01A-01R-0851-07,0.602010263036441,1
TCGA-BP-5009-01A-01R-1334-07,0.4094666787625899,1
TCGA-T7-A92I-01A-11R-A37O-07,0.8236225251531899,1
TCGA-EB-A85I-01A-11R-A352-07,0.8559440028489572,1
TCGA-F4-6460-01A-11R-1774-07,0.6729425666173107,1
TCGA-B8-A54E-01A-11R-A266-07,0.8991478058546776,1
TCGA-60-2725-01A-01R-1201-07,0.7117288883565567,1
TCGA-NC-A5HI-01A-11R-A26W-07,0.8630076419986574,1
TCGA-BP-4965-01A-01R-1334-07,0.2932526618798786,0
TCGA-BP-4756-01A-01R-1289-07,0.8441173626065455,1
TCGA-A8-A095-01A-11R-A00Z-07,0.48933083512256415,1
TCGA-MM-A84U-01A-11R-A37O-07,0.4278926750357162,1
TCGA-HP-A5N0-01A-11R-A28V-07,0.8388435042825244,1
TCGA-A4-7996-01A-11R-2204-07,0.44558288916555894,1
TCGA-A2-A0EQ-01A-11R-A034-07,0.8276263238589843,1
TCGA-A1-A0SK-01A-12R-A084-07,0.9100381646001697,1
TCGA-EJ-5505-01A-01R-1580-07,0.3600383283495433,1
TCGA-43-5668-01A-01R-1635-07,0.9052428382466822,1
TCGA-EW-A2FV-01A-11R-A17B-07,0.798971642802533,1
TCGA-CZ-5456-01A-01R-1503-07,0.7228108909747596,1
TCGA-C8-A12Y-01A-11R-A12D-07,0.7901921481111326,1
TCGA-AR-A2LM-01A-11R-A180-07,0.6194210138224521,1
TCGA-A6-4107-01A-02R-1410-07,0.5494028614156402,1
TCGA-IG-A3YB-01A-11R-A36D-31,0.8626933210722825,1
TCGA-75-6205-01A-11R-1755-07,0.668240035756105,1
TCGA-20-1683-01A-01R-1566-13,0.9127008599770154,1
TCGA-BP-4170-01A-02R-1289-07,0.25202657244703874,1
TCGA-CJ-6032-01A-11R-1672-07,0.5352119927516561,1
TCGA-DD-AACL-01A-11R-A41C-07,0.8000759908451038,1
TCGA-BP-4166-01A-02R-1289-07,0.5656901802160643,1
TCGA-2H-A9GL-01A-12R-A37I-31,0.8644212232897778,1
TCGA-B0-5084-01A-01R-1334-07,0.8738641455905412,1
TCGA-E2-A15J-01A-11R-A12P-07,0.8063609600727905,1
TCGA-44-6775-01C-02R-A277-07,0.7876887398358797,0
TCGA-A2-A04W-01A-31R-A115-07,0.8314499672297345,1
TCGA-G3-AAV0-01A-11R-A37K-07,0.8503071140240812,1
TCGA-AA-A00D-01A-01R-A002-07,0.789263540744377,1
TCGA-56-5897-01A-11R-1635-07,0.5586357912803451,1
TCGA-EJ-7321-01A-31R-2263-07,0.257885742176301,1
TCGA-2J-AABV-01A-12R-A41B-07,0.6441751139564754,1
TCGA-C8-A8HR-01A-11R-A36F-07,0.5817307414827584,1
TCGA-04-1362-01A-01R-1565-13,0.8166421805656731,1
TCGA-HZ-A77Q-01A-11R-A36G-07,0.2373624119335213,1
TCGA-D8-A1JB-01A-11R-A13Q-07,0.5159085269875185,1
TCGA-B0-4811-01A-01R-1503-07,0.7021421529881848,1
TCGA-24-1103-01A-01R-1565-13,0.8699616002817716,1
TCGA-91-A4BC-01A-11R-A24H-07,0.8137728442778362,1
TCGA-D5-5539-01A-01R-1653-07,0.7570306097892877,1
TCGA-HZ-A4BK-01A-11R-A26U-07,0.3609867364447692,1
TCGA-13-1489-01A-01R-1565-13,0.9114288924361252,1
TCGA-A2-A04P-01A-31R-A034-07,0.9009436690201847,1
TCGA-IA-A40Y-01A-11R-A24Z-07,0.8178098747144211,1
TCGA-21-5783-01A-41R-2187-07,0.7992467214929646,1
TCGA-A6-2675-01A-02R-1723-07,0.35752587435741023,1
TCGA-B9-7268-01A-11R-A32Z-07,0.5592660194315603,1
TCGA-BP-4777-01A-01R-1289-07,0.1638630377893834,1
TCGA-BP-4988-01A-01R-1334-07,0.7549217493915441,1
TCGA-2J-AABF-01A-31R-A41B-07,0.31744685222612884,1
TCGA-56-8201-01A-11R-2247-07,0.7922454158953561,0
TCGA-24-2035-01A-01R-1568-13,0.8071357613912069,1
TCGA-A1-A0SP-01A-11R-A084-07,0.8268337349651083,1
TCGA-BC-A10S-01A-22R-A131-07,0.6360085499552856,1
TCGA-HC-7738-01A-11R-2118-07,0.29782857583678274,1
TCGA-IA-A83S-01A-11R-A355-07,0.43134466766590757,1
TCGA-HZ-7920-01A-11R-2204-07,0.3911830428235061,1
TCGA-AA-3529-01A-02R-0821-07,0.7568782114007893,1
TCGA-D8-A1XJ-01A-11R-A14M-07,0.8717641537994115,1
TCGA-5X-AA5U-01A-11R-A406-31,0.8768775175531452,1
TCGA-3Z-A93Z-01A-11R-A37O-07,0.32487647768153927,1
TCGA-E9-A227-01A-11R-A157-07,0.5434163841497386,1
TCGA-B0-4843-01A-01R-1277-07,0.517227781559687,1
TCGA-BH-A8G0-01A-11R-A352-07,0.26211354713775803,1
TCGA-FV-A3R2-01A-11R-A22L-07,0.8281732193037912,1
TCGA-CZ-4854-01A-01R-1305-07,0.5329754941737858,0
TCGA-04-1348-01A-01R-1565-13,0.8544154875131222,1
TCGA-38-4625-01A-01R-1206-07,0.9146325202871057,1
TCGA-A3-A6NJ-01A-12R-A33J-07,0.4286252525476434,1
TCGA-BH-A0C3-01A-21R-A12P-07,0.7422574539341531,1
TCGA-58-8388-01A-11R-2326-07,0.7719736966267089,1
TCGA-NH-A50T-01A-11R-A28H-07,0.7831028047256688,1
TCGA-LL-A5YN-01A-11R-A28M-07,0.6274156473633755,1
TCGA-A2-A0ET-01A-31R-A034-07,0.8671825142300403,1
TCGA-GM-A2DO-01A-11R-A18M-07,0.7183767265674255,1
TCGA-A7-A0CH-01A-21R-A00Z-07,0.49293510477397035,0
TCGA-2Y-A9GT-01A-11R-A38B-07,0.8468629635858862,1
TCGA-B3-4104-01A-02R-1351-07,0.8984404748604277,0
TCGA-GM-A5PV-01A-11R-A28M-07,0.44574068739768596,1
TCGA-29-1711-01A-01R-1567-13,0.8768974459908039,1
TCGA-AO-A1KS-01A-11R-A13Q-07,0.8209737821835635,1
TCGA-AO-A12G-01A-11R-A10J-07,0.7882169987722706,1
TCGA-HZ-8002-01A-11R-2204-07,0.31091530872909545,1
TCGA-22-5492-01A-01R-1635-07,0.7751548370941811,1
TCGA-G4-6625-01A-21R-1774-07,0.3561469443548237,1
TCGA-L5-A4OF-01A-11R-A260-31,0.8337879030549679,0
TCGA-55-A48Y-01A-11R-A24H-07,0.7750298366647378,1
TCGA-A2-A0YD-01A-11R-A109-07,0.39130964728683304,0
TCGA-13-0801-01A-01R-1564-13,0.8616800992680401,1
TCGA-B4-5843-01A-11R-1672-07,0.5192560881911645,1
TCGA-AY-A69D-01A-11R-A37K-07,0.7714387385634857,1
TCGA-CJ-4899-01A-01R-1334-07,0.23603587892981526,1
TCGA-YL-A8S9-01A-11R-A37L-07,0.691819147851813,0
TCGA-55-1596-01A-01R-0946-07,0.884353844781186,0
TCGA-UB-AA0V-01A-11R-A38B-07,0.6758669545358108,1
TCGA-BH-A0HY-01A-11R-A056-07,0.8916206093607404,1
TCGA-64-1676-01A-01R-0946-07,0.8611197418807885,1
TCGA-A8-A09R-01A-11R-A00Z-07,0.7495922528253264,1
TCGA-D8-A1Y2-01A-11R-A157-07,0.6629977009161381,1
TCGA-5P-A9JY-01A-11R-A42S-07,0.5728299354941434,1
TCGA-AR-A1AI-01A-11R-A12P-07,0.8171930682770121,1
TCGA-56-7823-01B-11R-2247-07,0.8439365082657572,0
TCGA-O2-A52V-01A-31R-A262-07,0.65006175710836,0
TCGA-B0-4816-01A-01R-1503-07,0.4245570816012869,0
TCGA-MH-A55W-01A-11R-A26U-07,0.6381299431755505,1
TCGA-AN-A0FD-01A-11R-A034-07,0.7209708158425431,1
TCGA-3A-A9IB-01A-21R-A39D-07,0.5491274898253525,0
TCGA-P4-A5EA-01A-11R-A28H-07,0.7869610064694457,1
TCGA-XV-A9VZ-01A-11R-A38C-07,0.8999850950323985,1
TCGA-BC-A10U-01A-11R-A131-07,0.829104413999738,1
TCGA-B6-A0I9-01A-11R-A034-07,0.8939211112977657,1
TCGA-B0-5119-01A-02R-1420-07,0.2498120864900899,1
TCGA-AR-A2LR-01A-12R-A18M-07,0.8664819256390777,1
TCGA-22-5472-01A-01R-1635-07,0.4196442261350604,1
TCGA-GI-A2C8-01A-11R-A16F-07,0.8537716977791885,1
TCGA-44-2666-01A-01R-0946-07,0.8231787210965028,1
TCGA-25-1632-01A-01R-1566-13,0.841818228943801,1
TCGA-78-7540-01A-11R-2066-07,0.7316280593888278,1
TCGA-BH-A0AV-01A-31R-A115-07,0.7568780487028869,1
TCGA-AA-3845-01A-01R-1022-07,0.8514739409717874,0
TCGA-78-8655-01A-11R-2403-07,0.7365329134858535,1
TCGA-BP-4345-01A-01R-1289-07,0.3328588061778317,1
TCGA-98-A539-01A-31R-A262-07,0.7252484101330124,1
TCGA-50-6594-01A-11R-1755-07,0.9305582896643786,1
TCGA-49-AARN-01A-21R-A41B-07,0.3475325155962929,1
TCGA-A3-3358-01A-01R-1541-07,0.3057485658574803,1
TCGA-13-1483-01A-01R-1565-13,0.8157287053565484,1
TCGA-KK-A7B2-01A-12R-A32O-07,0.11475634261430268,1
TCGA-49-AAQV-01A-11R-A39D-07,0.8036921726115588,1
TCGA-EV-5902-01A-11R-1592-07,0.7369353041952289,1
TCGA-AC-A6IX-01A-12R-A32P-07,0.5997646257664249,0
TCGA-BW-A5NQ-01A-11R-A27V-07,0.8383197098329478,1
TCGA-B6-A0WW-01A-11R-A109-07,0.7876057830105336,1
TCGA-R6-A8W8-01B-11R-A37I-31,0.8859399701243508,1
TCGA-XV-AAZW-01A-12R-A40A-07,0.8283274185376553,1
TCGA-BP-4173-01A-02R-1289-07,0.30855451496396763,1
TCGA-HZ-A49G-01A-11R-A26U-07,0.24776322926861055,1
TCGA-22-1012-01A-01R-0692-07,0.8606580274700285,1
TCGA-BH-A0C7-01B-11R-A115-07,0.7965168965737278,1
TCGA-CC-A7IL-01A-11R-A33R-07,0.8644121456955336,0
TCGA-E9-A1RA-01A-11R-A14D-07,0.5467600296142681,1
TCGA-YL-A8HM-01A-11R-A36G-07,0.7679124287499671,1
TCGA-AC-A3HN-01A-11R-A213-07,0.19689158575332075,1
TCGA-D8-A1X8-01A-11R-A14M-07,0.4812704484545627,1
TCGA-78-7159-01A-11R-2039-07,0.6543904802713347,1
TCGA-AR-A1AK-01A-21R-A12P-07,0.6757594136693367,1
TCGA-Y8-A8RY-01A-11R-A37K-07,0.3339523301510509,1
TCGA-DD-AAED-01A-12R-A41C-07,0.904314581655237,1
TCGA-AN-A0XV-01A-11R-A109-07,0.750265024718739,0
TCGA-BP-4775-01A-01R-1289-07,0.5261951605841907,1
TCGA-24-1556-01A-01R-1566-13,0.8036297143407023,1
TCGA-44-6148-01A-11R-1755-07,0.7011701920680019,0
TCGA-DD-A3A9-01A-11R-A266-07,0.8662106409673909,1
TCGA-XK-AAJU-01A-11R-A41O-07,0.1542699166213749,1
TCGA-A6-3809-01B-04R-A277-07,0.9157182561271057,1
TCGA-UZ-A9PO-01A-11R-A38C-07,0.3526809954502373,1
TCGA-05-4398-01A-01R-1206-07,0.8333226979598283,1
TCGA-AK-3436-01A-02R-1325-07,0.8137324908794162,0
TCGA-D9-A4Z2-01A-11R-A24X-07,0.8157151937290776,1
TCGA-44-8119-01A-11R-2241-07,0.8198265306446505,1
TCGA-EB-A97M-01A-11R-A38C-07,0.8285223285121133,1
TCGA-YL-A8HK-01A-11R-A36G-07,0.4274924779695127,1
TCGA-GL-A59T-01A-21R-A28H-07,0.2869080139839781,1
TCGA-90-7767-01A-11R-2125-07,0.8496327413643612,1
TCGA-DV-5568-01A-01R-1541-07,0.348905025912248,1
TCGA-A4-A5Y0-01A-11R-A31O-07,0.7443910937197108,1
TCGA-BF-A1PZ-01A-11R-A18S-07,0.8475254376668997,1
TCGA-2J-AAB4-01A-12R-A41B-07,0.6168107229435663,1
TCGA-AC-A8OQ-01A-11R-A41B-07,0.8257608274311783,1
TCGA-DD-AACT-01A-11R-A41C-07,0.8123003988239574,1
TCGA-18-3412-01A-01R-0980-07,0.8495865174308392,1
TCGA-A2-A4S2-01A-12R-A266-07,0.7121792878309122,1
TCGA-H9-A6BY-01A-11R-A30B-07,0.35210609374009827,1
TCGA-DW-7837-01A-11R-2139-07,0.2436134911868091,0
TCGA-AA-3552-01A-01R-0821-07,0.6361408576456126,1
TCGA-UZ-A9PN-01A-11R-A38C-07,0.6537845304721026,1
TCGA-NC-A5HO-01A-11R-A26W-07,0.8434855393963776,1
TCGA-B8-A8YJ-01A-13R-A39I-07,0.4232529284423518,1
TCGA-A2-A04Q-01A-21R-A034-07,0.7128478904566821,1
TCGA-HC-A6AQ-01A-11R-A30B-07,0.25088494866044975,1
TCGA-DV-A4VX-01A-11R-A266-07,0.8330402235010519,1
TCGA-FC-A6HD-01A-11R-A31N-07,0.7160854522119797,1
TCGA-F2-A44G-01A-11R-A26U-07,0.6270073247678811,1
TCGA-AZ-4681-01A-01R-1410-07,0.819272528462828,0
TCGA-VP-A87J-01A-11R-A352-07,0.8227450510867824,1
TCGA-C8-A8HQ-01A-11R-A36F-07,0.7144683049588042,1
TCGA-YJ-A8SW-01A-11R-A37L-07,0.8947812956633427,1
TCGA-63-7020-01A-11R-1949-07,0.5624843661443101,1
TCGA-66-2754-01A-01R-0980-07,0.8923932164181505,1
TCGA-04-1343-01A-01R-1564-13,0.8382577275282118,0
TCGA-KK-A7AV-01A-11R-A32O-07,0.056610805224644796,1
TCGA-HC-A632-01A-11R-A29R-07,0.7654449976751035,1
TCGA-DD-AACE-01A-11R-A41C-07,0.83127362532538,1
TCGA-23-1809-01A-01R-1566-13,0.8963943275958146,1
TCGA-JY-A939-01A-12R-A37I-31,0.7444857572391065,0
TCGA-25-1627-01A-01R-1566-13,0.829062942078257,0
TCGA-IB-AAUP-01A-11R-A37L-07,0.47369127580729975,1
TCGA-RC-A6M3-01A-11R-A32O-07,0.875583762697346,0
TCGA-E9-A1RH-01A-21R-A169-07,0.9124206985210436,1
TCGA-KK-A8IH-01A-11R-A36G-07,0.5847681421174831,0
TCGA-AA-3869-01A-01R-1022-07,0.7948675333104461,1
TCGA-B0-5116-01A-02R-1420-07,0.5944213082634746,1
TCGA-GF-A2C7-01A-11R-A18T-07,0.8506680436593638,1
TCGA-BH-A5J0-01A-11R-A27Q-07,0.6730373696993925,1
TCGA-66-2727-01A-01R-0980-07,0.7389215285760989,1
TCGA-CM-6163-01A-11R-1653-07,0.41838917375252843,1
TCGA-55-A490-01A-11R-A466-07,0.9299764006363149,1
TCGA-AA-3976-01A-01R-1022-07,0.6103688496192734,1
TCGA-A6-2679-01A-02R-1410-07,0.9008102313121442,1
TCGA-BP-5182-01A-01R-1426-07,0.25020753704024185,1
TCGA-56-8083-01A-11R-2247-07,0.9039045192731361,1
TCGA-55-8299-01A-11R-2287-07,0.5204085349347806,1
TCGA-LN-A8I1-01A-11R-A36D-31,0.8585786140019093,1
TCGA-SX-A7SU-01A-11R-A36F-07,0.5999710651201617,1
TCGA-E9-A295-01A-11R-A16F-07,0.7291480123814467,0
TCGA-EJ-7218-01B-11R-A32O-07,0.4090065367639409,1
TCGA-E2-A2P5-01A-11R-A19W-07,0.8393896577765886,0
TCGA-A2-A0ES-01A-11R-A115-07,0.2295697662389365,1
TCGA-CK-5916-01A-11R-1653-07,0.8042477642534714,1
TCGA-EJ-A65E-01A-11R-A29R-07,0.6536354254182711,1
TCGA-OL-A66K-01A-11R-A29R-07,0.7196004561918983,1
TCGA-44-6774-01A-21R-1858-07,0.5014321874367228,1
TCGA-V1-A9Z7-01A-11R-A41O-07,0.6950864231786839,0
TCGA-ER-A196-01A-11R-A18T-07,0.8503065522325706,1
TCGA-2J-AABI-01A-12R-A41B-07,0.810959901047647,1
TCGA-GJ-A9DB-01A-11R-A37K-07,0.8300518587685318,0
TCGA-A8-A0A7-01A-11R-A00Z-07,0.7136301725608832,1
TCGA-L5-A4ON-01A-11R-A260-31,0.756199869881466,1
TCGA-F4-6806-01A-11R-1839-07,0.33936482720367056,1
TCGA-66-2792-01A-01R-0980-07,0.6866465569920459,1
TCGA-A8-A08R-01A-11R-A034-07,0.8805785665998368,1
TCGA-E2-A1LH-01A-11R-A14D-07,0.8144104682550933,1
TCGA-24-1550-01A-01R-1566-13,0.8554818215673947,1
TCGA-44-7660-01A-11R-2066-07,0.8986928823360546,1
TCGA-85-A53L-01A-21R-A26W-07,0.9113360920559952,1
TCGA-MR-A8JO-01A-12R-A36F-07,0.7164853418062676,1
TCGA-44-5643-01A-01R-1628-07,0.7821242714789186,1
TCGA-90-6837-01A-11R-1949-07,0.8177907923258354,1
TCGA-DD-AAC9-01A-11R-A41C-07,0.5903859812084683,1
TCGA-BH-A203-01A-12R-A169-07,0.8825220084710029,1
TCGA-B8-4146-01B-11R-1672-07,0.6636996637786516,1
TCGA-24-1430-01A-01R-1566-13,0.8131889159069875,1
TCGA-BH-A5IZ-01A-11R-A27Q-07,0.855756548669803,1
TCGA-78-7633-01A-11R-2066-07,0.7741845177969833,0
TCGA-A6-2686-01A-01R-A32Z-07,0.8091321361162467,1
TCGA-NC-A5HF-01A-11R-A26W-07,0.847804933169818,1
TCGA-BQ-5882-01A-11R-1592-07,0.8679887006361182,1
TCGA-IB-AAUM-01A-11R-A37L-07,0.31709201302998985,0
TCGA-BF-AAP7-01A-11R-A40A-07,0.6979706387574489,0
TCGA-NJ-A4YG-01A-22R-A262-07,0.6593214259909214,1
TCGA-AA-3846-01A-01R-1022-07,0.5211591706249022,1
TCGA-UN-AAZ9-01A-11R-A38C-07,0.6323284975256206,1
TCGA-HC-A76X-01A-11R-A33R-07,0.39773198510735613,0
TCGA-25-2042-01A-01R-1568-13,0.7747075148254764,1
TCGA-F4-6459-01A-11R-1774-07,0.6949479688244539,1
TCGA-A7-A13F-01A-11R-A12P-07,0.8236629938447481,1
TCGA-A2-A0CP-01A-11R-A034-07,0.45663744383990684,1
TCGA-KK-A5A1-01A-11R-A29R-07,0.7499115455852463,1
TCGA-F2-6879-01A-11R-2156-07,0.6244476812288665,1
TCGA-A8-A099-01A-11R-A00Z-07,0.8170701523913089,1
TCGA-DD-AADP-01A-11R-A39D-07,0.778351421619046,0
TCGA-A6-5657-01A-01R-A32Z-07,0.6088833811386278,0
TCGA-A8-A09M-01A-11R-A00Z-07,0.725770623326319,0
TCGA-CH-5744-01A-11R-1580-07,0.548595375007131,0
TCGA-43-6771-01A-11R-1820-07,0.8571116920649188,1
TCGA-LN-A4A5-01A-21R-A260-31,0.7142275377662655,1
TCGA-BH-A0BZ-01A-31R-A12P-07,0.6756108535122131,1
TCGA-05-4395-01A-01R-1206-07,0.8482359050118894,1
TCGA-BP-5178-01A-01R-1426-07,0.711403456513859,1
TCGA-B6-A0RI-01A-11R-A056-07,0.6858698951897949,1
TCGA-63-A5MB-01A-11R-A26W-07,0.8719077386719801,0
TCGA-AQ-A04J-01A-02R-A034-07,0.5959237358365056,0
TCGA-77-8133-01A-12R-2247-07,0.7687064811359714,1
TCGA-B0-5399-01A-01R-1503-07,0.34284954094243797,1
TCGA-B8-A54I-01A-21R-A33J-07,0.4995146459125625,1
TCGA-61-1910-01A-01R-1567-13,0.8439354887096264,1
TCGA-A8-A07R-01A-21R-A034-07,0.931789744978645,1
TCGA-CJ-4905-01A-02R-1426-07,0.2329926886527058,0
TCGA-AA-3525-01A-02R-0826-07,0.6302090320105547,1
TCGA-78-8662-01A-11R-2403-07,0.888849464297089,1
TCGA-B6-A0IB-01A-11R-A034-07,0.6837312649965224,1
TCGA-EJ-7328-01A-31R-2118-07,0.14238850970253353,1
TCGA-BQ-5875-01A-11R-1592-07,0.8110811149997023,0
TCGA-IB-7649-01A-11R-2156-07,0.2599386844063385,1
TCGA-49-4494-01A-01R-1206-07,0.8019791973434759,1
TCGA-AR-A24P-01A-11R-A169-07,0.45770484646215637,1
TCGA-AA-3542-01A-02R-1873-07,0.7552034257119438,1
TCGA-DM-A28H-01A-11R-A16W-07,0.7962031354617604,1
TCGA-O2-A5IB-01A-11R-A27Q-07,0.8614705882306296,1
TCGA-A8-A06X-01A-21R-A00Z-07,0.8876670456372532,1
TCGA-BH-A28O-01A-11R-A22K-07,0.21484689891721917,0
TCGA-EJ-7115-01A-11R-2118-07,0.13301018524572208,1
TCGA-DW-5560-01A-01R-1592-07,0.8211314931794039,0
TCGA-29-1703-01A-01R-1567-13,0.8595322979031115,1
TCGA-AA-3680-01A-01R-0905-07,0.48426418257794207,1
TCGA-CC-A8HU-01A-11R-A36F-07,0.861134799128576,1
TCGA-D8-A27P-01A-11R-A16F-07,0.5487125189099997,1
TCGA-3P-A9WA-01A-11R-A406-31,0.8744731096603054,1
TCGA-BH-A1F6-01A-11R-A13Q-07,0.7980764372866862,1
TCGA-63-5128-01A-01R-1443-07,0.8402363147446146,1
TCGA-RC-A7SF-01A-11R-A352-07,0.8497017080281614,1
TCGA-BH-A202-01A-11R-A14M-07,0.7862937412479309,1
TCGA-DD-AAD8-01A-11R-A41C-07,0.8087803072610488,1
TCGA-EU-5904-01A-11R-1672-07,0.22326046903430832,0
TCGA-55-8508-01A-11R-2403-07,0.7076360504006721,1
TCGA-B3-A6W5-01A-12R-A33Z-07,0.5563534165573714,1
TCGA-78-7155-01A-11R-2039-07,0.9307915432986489,1
TCGA-24-2297-01A-01R-1568-13,0.8253666540285474,1
TCGA-A8-A09W-01A-11R-A00Z-07,0.8251659167438278,1
TCGA-B9-4617-01A-01R-1193-07,0.6569467743331451,1
TCGA-A8-A09B-01A-11R-A00Z-07,0.5003807046411429,1
TCGA-JY-A6FA-01A-11R-A336-31,0.8721306038187878,1
TCGA-97-A4M1-01A-11R-A24X-07,0.5480270969269434,1
TCGA-GL-A9DD-01A-11R-A37K-07,0.20363166775720468,0
TCGA-A3-A6NN-01A-12R-A33J-07,0.17480069967252918,1
TCGA-18-3416-01A-01R-0980-07,0.832169303831103,0
TCGA-EJ-5515-01A-01R-1580-07,0.10008844946570573,1
TCGA-D5-6539-01A-11R-1723-07,0.48430720177127273,1
TCGA-BH-A18N-01A-11R-A12D-07,0.7716765862294386,1
TCGA-BP-4167-01A-02R-1325-07,0.6289620038518264,1
TCGA-A2-A0CR-01A-11R-A22K-07,0.4740466447541463,0
TCGA-56-8628-01A-11R-2403-07,0.6543404980600419,0
TCGA-55-8621-01A-11R-2403-07,0.3866717907187497,1
TCGA-CC-A7II-01A-11R-A33J-07,0.9168469868210535,1
TCGA-85-6560-01A-11R-1820-07,0.9034304872534956,1
TCGA-AR-A24W-01A-11R-A169-07,0.3630616211811807,1
TCGA-85-6175-01A-11R-1820-07,0.3985118700669995,1
TCGA-86-7954-01A-11R-2187-07,0.7562516584358652,1
TCGA-CC-A9FS-01A-11R-A37K-07,0.860001198410104,1
TCGA-25-1870-01A-01R-1567-13,0.8317952351531858,1
TCGA-63-7022-01A-11R-1949-07,0.5995471380387429,1
TCGA-R6-A6KZ-01A-11R-A31P-31,0.8175186288716418,1
TCGA-AA-3562-01A-02R-0821-07,0.6152962866234084,1
TCGA-D5-6541-01A-11R-1723-07,0.701031946073111,1
TCGA-PJ-A5Z8-01A-11R-A28H-07,0.7182386369262754,1
TCGA-BP-5010-01A-02R-1420-07,0.6452368426905489,1
TCGA-66-2790-01A-01R-0980-07,0.786689486149527,0
TCGA-AL-A5DJ-01A-11R-A26U-07,0.9018986854715473,1
TCGA-AR-A0TR-01A-11R-A084-07,0.7835625823121857,1
TCGA-AA-3979-01A-01R-1022-07,0.7541282632140655,1
TCGA-A1-A0SJ-01A-11R-A084-07,0.8439950351776306,1
TCGA-AO-A0JA-01A-11R-A056-07,0.7696022161788248,0
TCGA-86-A4JF-01A-11R-A24X-07,0.8081277784714072,1
TCGA-Z6-A8JD-01A-11R-A36D-31,0.794141446011499,1
TCGA-92-7341-01A-31R-2045-07,0.7621816504629857,1
TCGA-E2-A15O-01A-11R-A115-07,0.8570370765321916,1
TCGA-V1-A9O9-01A-11R-A41O-07,0.28725061258921086,1
TCGA-67-6215-01A-11R-1755-07,0.7225069469668047,1
TCGA-AY-6386-01A-21R-1723-07,0.5991540636247853,1
TCGA-LN-A4A3-01A-11R-A260-31,0.766108544872662,1
TCGA-44-6778-01A-11R-1858-07,0.7161644207841884,1
TCGA-RU-A8FL-01A-11R-A37K-07,0.8159829003759999,1
TCGA-G3-AAV1-01A-11R-A38B-07,0.7394685817912368,1
TCGA-CH-5745-01A-11R-1580-07,0.5665773478248217,1
TCGA-85-8580-01A-31R-2403-07,0.6925270499667442,0
TCGA-AK-3454-01A-02R-1277-07,0.4010660417039681,1
TCGA-M7-A722-01A-12R-A36G-07,0.7795010622697277,1
TCGA-3A-A9IN-01A-11R-A39D-07,0.8205397324958813,0
TCGA-49-4501-01A-01R-1206-07,0.5708380446407832,0
TCGA-44-7667-01A-31R-2066-07,0.8906082945119779,0
TCGA-86-7714-01A-12R-2170-07,0.7382997820844837,1
TCGA-34-5929-01A-11R-1820-07,0.8620183281199091,1
TCGA-BC-A10R-01A-11R-A131-07,0.8726596480535224,1
TCGA-39-5027-01A-21R-1820-07,0.7767948380265112,0
TCGA-AA-A00E-01A-01R-A002-07,0.837351869215061,0
TCGA-22-5473-01A-01R-1635-07,0.7184398734059869,1
TCGA-LL-A7T0-01A-31R-A352-07,0.7936260169310727,1
TCGA-13-1410-01A-01R-1565-13,0.8385959985075947,1
TCGA-G9-6377-01A-11R-1965-07,0.3899394187260782,0
TCGA-EJ-7784-01A-11R-2118-07,0.4033691313085903,1
TCGA-51-4081-01A-01R-1100-07,0.7250120934386248,1
TCGA-5P-A9JW-01A-11R-A42S-07,0.5150123017327858,1
TCGA-DV-5567-01A-01R-1541-07,0.5794126838772411,0
TCGA-BH-A1FU-01A-11R-A14D-07,0.6600405611860648,1
TCGA-AR-A1AR-01A-31R-A137-07,0.7606256456982591,0
TCGA-43-7658-01A-11R-2125-07,0.8912628682311379,0
TCGA-BF-A1PU-01A-11R-A18S-07,0.8629419783257076,1
TCGA-CM-6171-01A-11R-1653-07,0.809374790893931,1
TCGA-EW-A1J2-01A-21R-A13Q-07,0.11634290547211178,1
TCGA-UB-A7MF-01A-11R-A33J-07,0.856228169818178,1
TCGA-DD-AAD0-01A-11R-A41C-07,0.8820237191413421,1
TCGA-85-6561-01A-11R-1820-07,0.43438994687370025,1
TCGA-G9-6367-01A-11R-1789-07,0.3350147991183885,0
TCGA-DM-A1D9-01A-11R-A155-07,0.5650688983262833,0
TCGA-EJ-7783-01A-11R-2118-07,0.12242768075228694,1
TCGA-33-AASD-01A-11R-A405-07,0.8488804462648136,0
TCGA-97-8177-01A-11R-2287-07,0.6893374588500594,1
TCGA-NH-A6GA-01A-11R-A37K-07,0.7360873408265904,1
TCGA-BH-A1FC-01A-11R-A13Q-07,0.8470137676190874,1
TCGA-BP-4165-01A-02R-1289-07,0.40357188905513147,1
TCGA-AA-A02R-01A-01R-A00A-07,0.7885762460109361,1
TCGA-AD-6899-01A-11R-1928-07,0.5593006444309438,1
TCGA-LN-A4MQ-01A-11R-A28J-31,0.8151226202131902,1
TCGA-KK-A59Z-01A-12R-A26U-07,0.7219130516180825,0
TCGA-MI-A75H-01A-11R-A32O-07,0.8351673122700386,1
TCGA-38-4630-01A-01R-1206-07,0.9002954402855847,1
TCGA-EP-A3RK-01A-11R-A22L-07,0.7926004256727573,1
TCGA-5C-A9VG-01A-11R-A37K-07,0.9210853057237299,1
TCGA-BH-A0E7-01A-11R-A034-07,0.7245442422557663,1
TCGA-AA-3956-01A-02R-1022-07,0.4389323670790863,1
TCGA-HC-8216-01A-11R-A29R-07,0.44385168676958425,0
TCGA-EJ-5519-01A-01R-1580-07,0.6907302505192897,0
TCGA-AA-3949-01A-01R-1022-07,0.7503444561043452,1
TCGA-B0-5121-01A-02R-1420-07,0.26906109318270927,1
TCGA-10-0926-01A-01R-1564-13,0.9037186350888706,1
TCGA-AK-3451-01A-02R-1188-07,0.7608646631537787,1
TCGA-A8-A085-01A-11R-A00Z-07,0.9146127046265317,1
TCGA-BH-A18M-01A-11R-A12D-07,0.45768607780481146,1
TCGA-G4-6315-01A-11R-1723-07,0.3554952755771507,0
TCGA-MP-A4TE-01A-22R-A466-07,0.7359271343772273,1
TCGA-EB-A4IS-01A-21R-A266-07,0.7497922109492253,1
TCGA-AN-A0AS-01A-11R-A00Z-07,0.7374007681293873,0
TCGA-CW-5583-01A-02R-1541-07,0.1677895169408934,1
TCGA-BH-A18T-01A-11R-A12D-07,0.8653214606738461,1
TCGA-E9-A22E-01A-11R-A157-07,0.6879522505130603,1
TCGA-A2-A1FW-01A-11R-A13Q-07,0.9297524818280852,0
TCGA-H6-A45N-01A-11R-A26U-07,0.29331014935101457,1
TCGA-A2-A0SW-01A-11R-A084-07,0.8139417576654073,1
TCGA-B0-5712-01A-11R-1672-07,0.6758150589271839,0
TCGA-85-8277-01A-11R-2296-07,0.8639908288292499,1
TCGA-E2-A1II-01A-11R-A144-07,0.8281383549938683,1
TCGA-24-2267-01A-01R-1568-13,0.7453995144539365,1
TCGA-77-8131-01A-11R-2247-07,0.670587634589045,1
TCGA-3A-A9IZ-01A-12R-A41B-07,0.7149864573887216,1
TCGA-55-7816-01A-11R-2170-07,0.689365635029415,0
TCGA-AA-3509-01A-01R-1410-07,0.6754449098353239,1
TCGA-25-1322-01A-01R-1565-13,0.7437822805100822,0
TCGA-35-5375-01A-01R-1628-07,0.8608715809026504,0
TCGA-CJ-4918-01A-01R-1426-07,0.514325669833211,1
TCGA-ED-A66X-01A-11R-A311-07,0.727081327297256,1
TCGA-FV-A3I0-01A-11R-A22L-07,0.9224569821128527,1
TCGA-AO-A0JG-01A-31R-A084-07,0.7708749389330388,1
TCGA-XJ-A9DK-01A-11R-A37L-07,0.3261329668053634,1
TCGA-BH-A0BT-01A-11R-A12P-07,0.7215845667067913,1
TCGA-29-1783-01A-01R-1567-13,0.7685903077610096,1
TCGA-QG-A5Z1-01A-11R-A28H-07,0.6279864575218916,1
TCGA-F4-6805-01A-11R-1839-07,0.3625288745512501,0
TCGA-18-4086-01A-01R-1100-07,0.5315463656448209,1
TCGA-99-8028-01A-11R-2241-07,0.3567096805092114,1
TCGA-B0-5109-01A-02R-1420-07,0.8167397995124152,1
TCGA-E2-A1B6-01A-31R-A12P-07,0.7359144243588923,1
TCGA-S4-A8RM-01A-11R-A37L-07,0.7093842252256608,0
TCGA-49-4486-01A-01R-1206-07,0.753684313665398,1
TCGA-E9-A248-01A-11R-A169-07,0.8750800642942932,1
TCGA-IB-AAUR-01A-21R-A38C-07,0.17755599547469936,1
TCGA-BC-A69I-01A-11R-A311-07,0.7893452279418581,1
TCGA-AC-A23G-01A-11R-A213-07,0.25601780141912095,1
TCGA-DD-AADG-01A-11R-A41C-07,0.8205811570075057,1
TCGA-A8-A08S-01A-11R-A034-07,0.8332713729202764,0
TCGA-D8-A27G-01A-11R-A16F-07,0.6704116233714331,1
TCGA-A2-A0YT-01A-11R-A109-07,0.802282987788829,0
TCGA-2H-A9GH-01A-11R-A37I-31,0.8467322865421454,0
TCGA-GM-A4E0-01A-12R-A266-07,0.5863416854594273,0
TCGA-86-8358-01A-11R-2326-07,0.8501969804432457,0
TCGA-39-5034-01A-01R-1443-07,0.8394927441264618,1
TCGA-E9-A1N3-01A-12R-A157-07,0.7392923998236957,1
TCGA-91-8496-01A-11R-2403-07,0.7068049218909468,1
TCGA-KC-A7FE-01A-12R-A33R-07,0.06345820430375637,1
TCGA-04-1655-01A-01R-1566-13,0.8963654530985812,1
TCGA-A4-7584-01A-11R-2139-07,0.5886817099248497,1
TCGA-HZ-7918-01A-11R-2156-07,0.44424146428388717,1
TCGA-AK-3440-01A-02R-1277-07,0.894593449194374,1
TCGA-CZ-4857-01A-01R-1305-07,0.6946040117983632,0
TCGA-B9-4116-01A-02R-1351-07,0.8428451681105962,1
TCGA-DZ-6133-01A-11R-1965-07,0.5458636327061995,1
TCGA-J9-A52E-01A-11R-A26U-07,0.8192551837414747,1
TCGA-ER-A2NB-01A-12R-A18S-07,0.8679528226091071,1
TCGA-A3-3346-01A-01R-1766-07,0.7724291775967975,1
TCGA-3A-A9IO-01A-11R-A38C-07,0.8970432855269905,1
TCGA-BP-4325-01A-02R-1289-07,0.41313428509657074,1
TCGA-IB-7889-01A-11R-2156-07,0.40502005833931365,1
TCGA-A8-A07F-01A-11R-A00Z-07,0.5938621589282136,0
TCGA-78-7162-01A-21R-2066-07,0.4619139779563959,1
TCGA-IB-7644-01A-11R-2156-07,0.4503701026815697,1
TCGA-36-1569-01A-01R-1566-13,0.6887098188416108,1
TCGA-52-7622-01A-11R-2125-07,0.47311807714287946,1
TCGA-69-8453-01A-12R-2326-07,0.44274972860448164,0
TCGA-OL-A66N-01A-12R-A31O-07,0.7186355658687545,1
TCGA-CC-A9FV-01A-11R-A37K-07,0.8316804932559522,0
TCGA-XD-AAUI-01A-42R-A41B-07,0.538610524599299,0
TCGA-GM-A2DN-01A-11R-A180-07,0.3561341078547806,1
TCGA-G3-A3CK-01A-11R-A213-07,0.6909811755917633,1
TCGA-BP-4771-01A-01R-1289-07,0.27772591196744884,1
TCGA-DD-AACO-01A-11R-A41C-07,0.9028166072171135,1
TCGA-75-7031-01A-11R-1949-07,0.8619059359738486,1
TCGA-24-1552-01A-01R-1566-13,0.8493235056393375,1
TCGA-85-8287-01A-11R-2296-07,0.7433008568832559,1
TCGA-AY-6197-01A-11R-1723-07,0.8180581366342292,0
TCGA-96-A4JK-01A-11R-A24Z-07,0.8209299744678408,1
TCGA-C8-A12Z-01A-11R-A115-07,0.8429229491753296,0
TCGA-E9-A3Q9-01A-11R-A21T-07,0.7657897091526925,1
TCGA-AC-A8OR-01A-21R-A41B-07,0.6736553061699976,1
TCGA-44-5644-01A-21R-2039-07,0.9080835349723582,1
TCGA-A2-A0T3-01A-21R-A115-07,0.8959628936102619,0
TCGA-A4-8098-01A-11R-2404-07,0.8070722171937272,1
TCGA-EB-A82C-01A-11R-A352-07,0.8725479309472933,1
TCGA-DM-A1D0-01A-11R-A155-07,0.8315231215958788,0
TCGA-BF-AAP1-01A-11R-A39D-07,0.8333429669550856,0
TCGA-S3-AA12-01A-11R-A41B-07,0.8396906300537995,1
TCGA-24-2024-01A-02R-1568-13,0.7452292777588897,1
TCGA-24-2026-01A-01R-1567-13,0.8937577806906946,1
TCGA-G7-6796-01A-11R-1965-07,0.6192638238941353,1
TCGA-AL-3473-01A-01R-1193-07,0.6459140845055109,1
TCGA-Y8-A894-01A-11R-A36F-07,0.742559549618926,1
TCGA-22-5483-01A-01R-1820-07,0.8208850958438516,1
TCGA-CJ-4644-01A-02R-1325-07,0.4602633137626855,1
TCGA-22-5489-01A-01R-1635-07,0.6657933911814456,1
TCGA-D8-A1JP-01A-11R-A13Q-07,0.8099856612849222,1
TCGA-B9-A5W9-01A-11R-A28H-07,0.6496224712523053,1
TCGA-13-0886-01A-01R-1569-13,0.7843793855715698,1
TCGA-EB-A4P0-01A-41R-A266-07,0.8390924869338399,1
TCGA-G4-6307-01A-11R-1723-07,0.7727784377388731,1
TCGA-DD-AAEH-01A-11R-A41C-07,0.8105813735552481,0
TCGA-FV-A2QQ-01A-11R-A22L-07,0.6519225134803798,1
TCGA-MP-A4SW-01A-21R-A24X-07,0.6549663811134002,1
TCGA-P4-A5ED-01A-11R-A28H-07,0.9056979853270408,1
TCGA-CA-6719-01A-11R-1839-07,0.6239319621435304,1
TCGA-AY-4071-01A-01R-1113-07,0.5389630562937833,1
TCGA-B8-4622-01A-02R-1277-07,0.2735110581225627,1
TCGA-AO-A1KP-01A-11R-A13Q-07,0.8307861097223653,1
TCGA-A8-A081-01A-11R-A00Z-07,0.8411939694542147,1
TCGA-24-2262-01A-01R-1568-13,0.8930530062170358,0
TCGA-3A-A9I7-01A-21R-A38C-07,0.41243362809161266,0
TCGA-A2-A0CW-01A-21R-A115-07,0.8810690373040592,0
TCGA-UZ-A9Q0-01A-12R-A42S-07,0.6190231776656373,1
TCGA-56-8082-01A-11R-2247-07,0.8714786026388328,1
TCGA-39-5019-01A-01R-1820-07,0.7728426814804551,0
TCGA-G3-A5SI-01A-31R-A27V-07,0.877537259496616,1
TCGA-A2-A0EX-01A-21R-A034-07,0.5750563743808683,1
TCGA-AR-A2LJ-01A-12R-A19W-07,0.5607871725404002,0
TCGA-R6-A6DN-01B-11R-A31P-31,0.8852932940091223,1
TCGA-B0-4842-01A-02R-1420-07,0.8307201048662025,1
TCGA-90-A4EE-01A-11R-A24Z-07,0.7624015769858467,1
TCGA-DW-7834-01A-11R-2139-07,0.4333890319414869,1
TCGA-A3-3317-01A-02R-1325-07,0.2990040908337684,1
TCGA-LN-A7HY-01A-12R-A354-31,0.8576717862188329,1
TCGA-B0-5080-01A-01R-1503-07,0.44507303208986154,0
TCGA-DD-AAW3-01A-11R-A41C-07,0.7955933781376409,1
TCGA-CM-5862-01A-01R-1653-07,0.7831356325339753,1
TCGA-G9-6494-01A-11R-1789-07,0.38053416444708044,1
TCGA-2J-AABT-01A-11R-A41B-07,0.48691891068288445,1
TCGA-AA-3693-01A-01R-0905-07,0.6351201824444039,1
TCGA-2V-A95S-01A-11R-A37K-07,0.8310461504342724,1
TCGA-44-7669-01A-21R-2066-07,0.8422851738930958,1
TCGA-BP-5008-01A-01R-1334-07,0.18698106993489955,0
TCGA-D5-6920-01A-11R-1928-07,0.47688578524178515,1
TCGA-K7-A5RG-01A-11R-A28V-07,0.7365867838083436,1
TCGA-BP-4795-01A-02R-1420-07,0.24578073995500715,0
TCGA-18-3419-01A-01R-0980-07,0.8549076000979758,1
TCGA-G9-6332-01A-11R-1789-07,0.49898873619087153,0
TCGA-56-8309-01A-11R-2296-07,0.7519052063219643,1
TCGA-AC-A23E-01A-11R-A157-07,0.4018889024356304,0
TCGA-BQ-7046-01A-11R-1965-07,0.34366401817745945,1
TCGA-AN-A0AT-01A-11R-A034-07,0.8784840162912677,1
TCGA-BH-A0E9-01B-11R-A115-07,0.4214289955238133,1
TCGA-AA-3663-01A-01R-1723-07,0.7957642037488261,1
TCGA-A2-A0YI-01A-31R-A10J-07,0.5817851764715576,0
TCGA-34-8456-01A-21R-2326-07,0.798661124126437,0
TCGA-AR-A1AJ-01A-21R-A12P-07,0.6220287618041387,1
TCGA-44-6145-01A-11R-1755-07,0.6531790740191239,1
TCGA-BP-4344-01A-01R-1289-07,0.24793001165839887,1
TCGA-5C-A9VH-01A-11R-A37K-07,0.6352916815774172,1
TCGA-62-8399-01A-21R-2326-07,0.8452702755965259,1
TCGA-A8-A08T-01A-21R-A00Z-07,0.7272550564366532,0
TCGA-56-7222-01A-11R-2045-07,0.8180855101719645,1
TCGA-PZ-A5RE-01A-11R-A32O-07,0.4196604361793918,1
TCGA-EJ-5509-01A-01R-1580-07,0.3456839553709348,1
TCGA-58-8392-01A-11R-2326-07,0.8097708700916583,1
TCGA-18-5595-01A-01R-1635-07,0.7856887382181518,0
TCGA-29-1695-01A-01R-1567-13,0.8262003413983056,0
TCGA-B0-4833-01A-01R-1305-07,0.3402615698619883,1
TCGA-D8-A27E-01A-11R-A16F-07,0.6404281200224441,1
TCGA-BH-A209-01A-11R-A157-07,0.7354927159669151,1
TCGA-BH-A0W4-01A-11R-A109-07,0.2754471855576721,1
TCGA-DV-5565-01A-01R-1541-07,0.6839065013441774,1
TCGA-94-A5I6-01A-21R-A27Q-07,0.6849391909270233,1
TCGA-61-1725-01A-01R-1567-13,0.8569486196092749,0
TCGA-B0-5098-01A-01R-1420-07,0.8702485072868157,0
TCGA-13-0905-01B-01R-1565-13,0.8920237202833349,1
TCGA-AA-3667-01A-01R-0905-07,0.6999969323236526,1
TCGA-D8-A1XC-01A-11R-A14D-07,0.8075452313479926,1
TCGA-J4-A6M7-01A-11R-A31N-07,0.49192460122661186,1
TCGA-24-1544-01A-01R-1566-13,0.8844422392655795,1
TCGA-YL-A9WJ-01A-11R-A37L-07,0.33369942314958634,1
TCGA-29-1785-01A-01R-1567-13,0.8314749861072669,1
TCGA-98-8020-01A-11R-2247-07,0.824842413232943,1
TCGA-XJ-A9DQ-01A-11R-A37L-07,0.15605614015581537,1
TCGA-C8-A8HP-01A-11R-A36F-07,0.8503175982365911,1
TCGA-B0-5096-01A-01R-1420-07,0.8433913609956167,1
TCGA-E9-A3QA-01A-61R-A22K-07,0.8311823601608529,1
TCGA-BH-A0WA-01A-11R-A109-07,0.8204180573542321,1
TCGA-66-2791-01A-01R-0980-07,0.5486666639999053,1
TCGA-BH-A0HN-01A-11R-A10U-07,0.7296022458070109,1
TCGA-F4-6463-01A-11R-1723-07,0.41135885956520446,1
TCGA-A2-A1FZ-01A-51R-A14D-07,0.5441891223444864,1
TCGA-VP-AA1N-01A-31R-A41O-07,0.7551683203975221,1
TCGA-A3-3359-01A-01R-0864-07,0.20128408231982936,0
TCGA-AN-A049-01A-21R-A00Z-07,0.7249729205649857,1
TCGA-CZ-5462-01A-01R-1503-07,0.766214595032848,1
TCGA-CM-6165-01A-11R-1653-07,0.47354518061807793,1
TCGA-DD-A3A3-01A-11R-A22L-07,0.8460031184442595,1
TCGA-AO-A125-01A-11R-A10J-07,0.7860587911505588,1
TCGA-69-7760-01A-11R-2170-07,0.9010550319575403,0
TCGA-KC-A7FD-01A-11R-A33R-07,0.6636383327810925,1
TCGA-UZ-A9PK-01A-11R-A38C-07,0.2574330919081877,1
TCGA-62-8398-01A-11R-2326-07,0.7124916978516747,1
TCGA-B0-4698-01A-01R-1503-07,0.8939029456102716,1
TCGA-L5-A88V-01A-11R-A354-31,0.8713712016144329,0
TCGA-3A-A9IX-01A-11R-A41B-07,0.18845357082033398,0
TCGA-55-A4DG-01A-11R-A24H-07,0.7453899377317211,1
TCGA-EW-A424-01A-11R-A24H-07,0.4954396876247877,1
TCGA-60-2706-01A-01R-0851-07,0.8690378926096284,1
TCGA-IA-A40U-01A-11R-A24Z-07,0.48393888984320665,0
TCGA-GM-A3XG-01A-31R-A24H-07,0.4931801754618944,1
TCGA-ZR-A9CJ-01B-11R-A38D-31,0.8662136812576224,1
TCGA-BH-A18G-01A-11R-A12D-07,0.8905082996687725,0
TCGA-G9-6384-01A-11R-1789-07,0.28896195083754544,1
TCGA-67-6216-01A-11R-1755-07,0.7383805597183486,1
TCGA-13-1488-01A-01R-1565-13,0.8662695543586294,0
TCGA-G9-6343-01A-21R-1965-07,0.288810538611064,0
TCGA-90-A59Q-01A-11R-A26W-07,0.6391822853218532,1
TCGA-CW-5580-01A-01R-1672-07,0.5410770555938788,1
TCGA-25-1625-01A-01R-1566-13,0.8359133582101406,1
TCGA-EJ-A8FS-01A-11R-A352-07,0.6699271689703412,0
TCGA-CM-6164-01A-11R-1653-07,0.46229953336782686,1
TCGA-29-1763-01A-02R-1567-13,0.7778424255614113,1
TCGA-97-7941-01A-11R-2187-07,0.6502120572960417,1
TCGA-B0-4696-01A-01R-1277-07,0.9288285564505157,1
TCGA-AA-3675-01A-02R-0905-07,0.5789988159421192,1
TCGA-HC-A6AS-01A-11R-A30B-07,0.2961889019262095,1
TCGA-LN-A7HW-01A-22R-A354-31,0.7041534173548291,0
TCGA-50-6595-01A-12R-1858-07,0.5992667764781008,1
TCGA-05-4433-01A-22R-1858-07,0.6101009330352506,1
TCGA-B0-5113-01A-01R-1420-07,0.25951800022885535,1
TCGA-OL-A66I-01A-21R-A29R-07,0.7836338148977301,1
TCGA-GM-A2DL-01A-11R-A18M-07,0.8096302262758743,1
TCGA-10-0934-01A-02R-1564-13,0.9138821802555048,1
TCGA-B1-5398-01A-02R-1592-07,0.777323198293784,0
TCGA-09-1667-01C-01R-1566-13,0.84900957095917,1
TCGA-69-7979-01A-11R-2187-07,0.909102548950068,1
TCGA-22-1017-01A-01R-0692-07,0.8467902985309975,1
TCGA-BP-4759-01A-01R-1289-07,0.5530269319582741,1
TCGA-ED-A459-01A-11R-A266-07,0.8623348801372164,1
TCGA-EB-A51B-01A-11R-A27Q-07,0.8975445576919733,1
TCGA-CW-6090-01A-11R-1672-07,0.6234586934524424,0
TCGA-AA-3968-01A-01R-1022-07,0.6273601944222386,1
TCGA-85-8276-01A-11R-2296-07,0.8125674795488929,1
TCGA-D5-6924-01A-11R-1928-07,0.35839715481033263,0
TCGA-95-7947-01A-11R-2187-07,0.85037567571301,1
TCGA-50-5932-01A-11R-1755-07,0.8071980228367102,1
TCGA-G9-6342-01A-11R-1965-07,0.26881261001462364,1
TCGA-BH-A0H9-01A-11R-A056-07,0.7936381124882008,0
TCGA-AR-A24X-01A-11R-A169-07,0.40083963313128085,1
TCGA-A4-A5Y1-01A-11R-A28H-07,0.8631962402166404,1
TCGA-AR-A1AV-01A-21R-A12P-07,0.6483584963408143,1
TCGA-33-4582-01A-01R-1443-07,0.9153720910699311,1
TCGA-A7-A0DC-01B-04R-A22O-07,0.8603493777975835,1
TCGA-E9-A245-01A-22R-A16F-07,0.7860631239611756,1
TCGA-LN-A49Y-01A-11R-A260-31,0.9063578654575771,1
TCGA-BP-4960-01A-01R-1334-07,0.38512856594278794,1
TCGA-CJ-4641-01A-02R-1325-07,0.2306622124617811,0
TCGA-55-7281-01A-11R-2039-07,0.5347942292751741,1
TCGA-AA-3870-01A-01R-1022-07,0.7981371660237173,1
TCGA-MI-A75E-01A-11R-A32O-07,0.619495843972849,1
TCGA-DD-A1EF-01A-11R-A131-07,0.8903299177767071,1
TCGA-VR-A8EX-01A-11R-A36D-31,0.7793149127053879,1
TCGA-56-8504-01A-11R-2403-07,0.7848527039089213,0
TCGA-MG-AAMC-01A-11R-A41O-07,0.6510762842544108,1
TCGA-56-A49D-01A-11R-A24H-07,0.8608390070981854,1
TCGA-39-5022-01A-21R-1820-07,0.41985312138002057,1
TCGA-55-7573-01A-11R-2039-07,0.5129883554795922,1
TCGA-13-0730-01A-01R-1564-13,0.8605884681039786,1
TCGA-D5-6538-01A-11R-1723-07,0.7958311008493256,1
TCGA-2Y-A9GU-01A-11R-A38B-07,0.8435946473318351,1
TCGA-YL-A8HJ-01A-11R-A36G-07,0.18283457059143873,1
TCGA-05-4396-01A-21R-1858-07,0.8167234479979322,1
TCGA-E2-A1LL-01A-11R-A144-07,0.8836917700161471,1
TCGA-24-2281-01A-01R-1568-13,0.8149416010940651,1
TCGA-33-A4WN-01A-11R-A262-07,0.753656332767926,1
TCGA-CZ-5985-01A-11R-1672-07,0.4972222334055323,0
TCGA-GN-A263-01A-11R-A18T-07,0.9153292835160223,1
TCGA-E9-A1RE-01A-11R-A157-07,0.8290076471028656,1
TCGA-E2-A15M-01A-11R-A12D-07,0.6193863198869363,1
TCGA-HC-8262-01A-11R-2263-07,0.3121254920044041,1
TCGA-DM-A0X9-01A-11R-A155-07,0.4614762339474102,1
TCGA-A7-A4SC-01A-12R-A266-07,0.6703773060420826,1
TCGA-AN-A04A-01A-21R-A034-07,0.7189727879624074,1
TCGA-QA-A7B7-01A-11R-A32O-07,0.8690252831113064,1
TCGA-29-2427-01A-01R-1569-13,0.8661617234704331,1
TCGA-25-1633-01A-01R-1566-13,0.8125759649690185,1
TCGA-85-A510-01A-11R-A26W-07,0.8917195380330436,1
TCGA-75-5147-01A-01R-1628-07,0.6744418244947028,1
TCGA-D3-A5GT-01A-12R-A311-07,0.89443408617996,1
TCGA-49-AARR-01A-11R-A41B-07,0.6611706625157554,1
TCGA-CH-5740-01A-11R-1580-07,0.6082571476672479,1
TCGA-BH-A0W3-01A-11R-A109-07,0.6728882305636861,1
TCGA-13-1487-01A-01R-1565-13,0.8187641117055107,1
TCGA-CZ-5464-01A-01R-1503-07,0.483814103908384,1
TCGA-HC-A8D1-01A-11R-A36G-07,0.05629319168632485,0
TCGA-13-0884-01B-01R-1565-13,0.822965819545383,1
TCGA-D8-A1JD-01A-11R-A13Q-07,0.5925074613398875,0
TCGA-61-2009-01A-01R-1568-13,0.8101318055078957,1
TCGA-J4-A67N-01A-11R-A30B-07,0.6091778004092722,1
TCGA-66-2788-01A-01R-0980-07,0.5785988586534757,1
TCGA-EJ-5501-01A-01R-1580-07,0.44847943042151567,1
TCGA-BC-4072-01B-11R-A155-07,0.8608816300363239,0
TCGA-LN-A5U7-01A-11R-A31P-31,0.7573985824084728,1
TCGA-IG-A4QT-01A-21R-A260-31,0.8075169389770028,1
TCGA-YL-A9WX-01A-21R-A41O-07,0.0771975459407138,1
TCGA-3A-A9IL-01A-11R-A38C-07,0.8527658059583876,1
TCGA-AD-6965-01A-11R-1928-07,0.6135900255909602,0
TCGA-60-2704-01A-11R-2045-07,0.6627616834239303,0
TCGA-AA-3514-01A-02R-0821-07,0.7911116484582339,1
TCGA-IB-A5ST-01A-11R-A32O-07,0.3872537788799942,1
TCGA-BH-A0DQ-01A-11R-A084-07,0.5720078324460737,1
TCGA-D8-A1XY-01A-11R-A14M-07,0.8070397110448171,1
TCGA-ZG-A9LB-01A-11R-A41O-07,0.7755963871191253,1
TCGA-L5-A4OR-01A-11R-A260-31,0.8336138833517606,0
TCGA-LD-A74U-01A-13R-A33J-07,0.3215287334489189,1
TCGA-B8-4148-01A-02R-1325-07,0.2725485712273367,0
TCGA-77-8009-01A-11R-2187-07,0.8564406100787292,0
TCGA-55-7574-01A-11R-2039-07,0.4572829893221071,0
TCGA-XA-A8JR-01A-11R-A36G-07,0.25929795779696424,1
TCGA-B0-5095-01A-01R-1420-07,0.42383067317917583,0
TCGA-NC-A5HE-01A-11R-A26W-07,0.7093441704618672,1
TCGA-RC-A6M4-01A-11R-A32O-07,0.7931748516946284,1
TCGA-EJ-A8FN-01A-11R-A352-07,0.30700600396329153,1
TCGA-2Z-A9JK-01A-11R-A42S-07,0.43819323735583193,0
TCGA-69-8254-01A-11R-2287-07,0.7566124216217485,1
TCGA-67-6217-01A-11R-1755-07,0.6710389698425117,1
TCGA-55-7994-01A-11R-2187-07,0.8318259707064334,1
TCGA-55-8090-01A-11R-2241-07,0.7517890318681867,1
TCGA-LN-A5U5-01A-21R-A28J-31,0.8379879574879454,1
TCGA-66-2768-01A-01R-0851-07,0.85157192692152,0
TCGA-WQ-AB4B-01A-11R-A41C-07,0.6952946603106402,1
TCGA-77-6844-01A-11R-1949-07,0.7933180197587864,1
TCGA-A8-A07Z-01A-11R-A00Z-07,0.8371313927879581,1
TCGA-AA-3977-01A-01R-1022-07,0.8242283877846402,1
TCGA-AC-A3W7-01A-11R-A22K-07,0.37184930596160204,1
TCGA-CC-5263-01A-01R-A131-07,0.8560266354999114,1
TCGA-18-3411-01A-01R-0980-07,0.818216196298355,0
TCGA-DM-A0XD-01A-12R-A155-07,0.7054467598224875,1
TCGA-OL-A5RU-01A-11R-A28M-07,0.6137790444274374,0
TCGA-33-AASB-01A-11R-A405-07,0.887491232995863,0
TCGA-B6-A0RG-01A-11R-A056-07,0.7917827247726875,1
TCGA-DD-AAC8-01A-11R-A41C-07,0.8562403957800943,1
TCGA-VP-A87D-01A-11R-A352-07,0.6468707453581922,1
TCGA-BH-A0HX-01A-21R-A056-07,0.751338498432906,1
TCGA-BP-4353-01A-02R-1289-07,0.5945148466614424,1
TCGA-66-2793-01A-01R-1201-07,0.9119781829754124,1
TCGA-E2-A15A-01A-11R-A12D-07,0.7379199794645863,1
TCGA-61-2094-01A-01R-1568-13,0.6911765684369268,1
TCGA-AA-3502-01A-01R-1410-07,0.6575538861297537,0
TCGA-E9-A22G-01A-11R-A157-07,0.8967179164783908,0
TCGA-A3-3325-01A-01R-0864-07,0.404932869624482,1
TCGA-BP-4176-01A-02R-1289-07,0.39932276010385775,1
TCGA-09-1669-01A-01R-1566-13,0.8245983244741614,1
TCGA-04-1365-01A-01R-1565-13,0.7933781545907607,0
TCGA-2Z-A9JS-01A-21R-A42S-07,0.3603075181030884,1
TCGA-AR-A0U4-01A-11R-A109-07,0.8875723029675469,1
TCGA-B0-5713-01A-11R-1672-07,0.32369297773511396,1
TCGA-L3-A4E7-01A-11R-A24Z-07,0.5359342622983707,1
TCGA-G7-6795-01A-11R-1965-07,0.8338725059443599,1
TCGA-AY-5543-01A-01R-1653-07,0.6507738224894493,1
TCGA-G4-6294-01A-11R-1774-07,0.6045271169599735,1
TCGA-CM-5344-01A-21R-1723-07,0.6230890639665615,1
TCGA-TK-A8OK-01A-22R-A36G-07,0.5110761071428158,1
TCGA-VR-AA4G-01A-11R-A37I-31,0.6731571220786955,0
TCGA-JY-A93C-01A-11R-A38D-31,0.8234352277917887,1
TCGA-G9-6356-01A-11R-1789-07,0.057106687083970584,1
TCGA-A2-A0ER-01A-21R-A034-07,0.7779081569714329,1
TCGA-62-A46O-01A-11R-A24H-07,0.8951655109950829,1
TCGA-BQ-5885-01A-11R-1592-07,0.8597288512025714,1
TCGA-E2-A1IN-01A-11R-A13Q-07,0.41799860176772113,1
TCGA-NJ-A55R-01A-11R-A262-07,0.8095671880243531,1
TCGA-A3-3383-01A-02R-1325-07,0.5409470329817428,1
TCGA-B4-5844-01A-11R-1672-07,0.25157237657418025,1
TCGA-CJ-5676-01A-11R-1541-07,0.3763341483144973,1
TCGA-MH-A561-01A-11R-A26U-07,0.5078339739301876,0
TCGA-96-A4JL-01A-11R-A24Z-07,0.8603589585696672,1
TCGA-KK-A6DY-01A-12R-A311-07,0.21935996470797456,1
TCGA-2Z-A9JP-01A-11R-A42S-07,0.5806537463605691,0
TCGA-VR-A8ER-01A-11R-A36D-31,0.8503073735747587,1
TCGA-24-2288-01A-01R-1568-13,0.8256528849018384,1
TCGA-A8-A0AD-01A-11R-A056-07,0.8438446571852335,0
TCGA-B6-A0IQ-01A-11R-A034-07,0.8969257117618386,1
TCGA-DM-A28A-01A-21R-A32Y-07,0.6876035186037318,0
TCGA-09-0369-01A-01R-1564-13,0.8686823358550522,1
TCGA-G7-A8LD-01A-11R-A36F-07,0.9039175632295015,1
TCGA-A4-7732-01A-11R-2139-07,0.3139392276177928,0
TCGA-QU-A6IP-01A-11R-A31N-07,0.13654583252386657,0
TCGA-DD-A1EG-01A-11R-A213-07,0.5432021053039956,1
TCGA-BP-5004-01A-01R-1334-07,0.5271282991633017,1
TCGA-BP-5006-01A-01R-1334-07,0.33490835593990154,1
TCGA-A6-6781-01A-22R-A278-07,0.6812108931878275,1
TCGA-CA-5255-01A-11R-1839-07,0.5205573500402383,1
TCGA-66-2782-01A-01R-0851-07,0.7161005480775836,1
TCGA-MP-A4SY-01A-21R-A24X-07,0.7333353867059591,0
TCGA-44-3398-01A-01R-1107-07,0.7401414653773235,1
TCGA-97-8171-01A-11R-2287-07,0.8993397495776835,0
TCGA-BH-A0BG-01A-11R-A115-07,0.772642646774464,1
TCGA-B0-4834-01A-01R-1305-07,0.8944805082504679,1
TCGA-A2-A25B-01A-11R-A169-07,0.8761619842415486,1
TCGA-70-6723-01A-11R-1820-07,0.8973346886978002,1
TCGA-KK-A8IJ-01A-11R-A352-07,0.4316371472677502,0
TCGA-CZ-5986-01A-11R-1672-07,0.5490346985769882,1
TCGA-BH-A1EN-01A-11R-A13Q-07,0.9030733862464738,1
TCGA-CH-5768-01A-11R-1580-07,0.2130346924798194,1
TCGA-B0-4846-01A-01R-1277-07,0.2522690145380086,1
TCGA-E2-A2P6-01A-11R-A19W-07,0.7652721022869707,1
TCGA-AK-3434-01A-02R-1277-07,0.44927004000572707,1
TCGA-WW-A8ZI-01A-11R-A37L-07,0.835851968523869,1
TCGA-56-7730-01A-11R-2125-07,0.862229128123912,1
TCGA-3A-A9I9-01A-11R-A38C-07,0.47423670508612337,1
TCGA-EP-A2KC-01A-11R-A213-07,0.5251536889383018,1
TCGA-AO-A1KO-01A-31R-A13Q-07,0.674308126429203,1
TCGA-BH-A18K-01A-11R-A12D-07,0.6474344845019168,1
TCGA-D8-A147-01A-11R-A115-07,0.8739788174719979,1
TCGA-24-0979-01A-01R-1565-13,0.8109398071253159,1
TCGA-HC-7821-01A-12R-2118-07,0.6974379367441012,1
TCGA-3A-A9IU-01A-11R-A39D-07,0.5424640415013811,0
TCGA-AC-A3QP-01A-11R-A22U-07,0.4149152199132159,1
TCGA-E9-A226-01A-21R-A157-07,0.8015203692259976,1
TCGA-MP-A4T7-01A-11R-A24X-07,0.5990202782565178,1
TCGA-HE-7129-01A-11R-1965-07,0.5611346152150027,0
TCGA-91-7771-01A-11R-2170-07,0.7279878607692735,0
TCGA-CC-A7IK-01A-12R-A33R-07,0.8584013882978923,0
TCGA-AD-6895-01A-11R-1928-07,0.8048629097897284,1
TCGA-2Z-A9JN-01A-21R-A42S-07,0.7980665730368893,0
TCGA-Y8-A898-01A-11R-A355-07,0.22789897647931037,1
TCGA-24-1545-01A-01R-1566-13,0.5960510817632733,1
TCGA-60-2711-01A-01R-0851-07,0.8506253084610192,1
TCGA-US-A77G-01A-11R-A32O-07,0.469072672066077,0
TCGA-44-5645-01B-04R-A277-07,0.8477914143015212,1
TCGA-23-1109-01A-01R-1564-13,0.7966929126311031,1
TCGA-DD-A1EJ-01A-11R-A155-07,0.8990308794911029,0
TCGA-CK-6748-01A-11R-1839-07,0.5289593569478017,1
TCGA-HE-A5NH-01A-11R-A26U-07,0.46012623987359597,1
TCGA-LL-A50Y-01A-11R-A266-07,0.6597753125866983,1
TCGA-BP-5173-01A-01R-1426-07,0.6778639854858876,1
TCGA-V1-A9O7-01A-21R-A41O-07,0.39492057611024955,1
TCGA-L5-A4OJ-01A-11R-A260-31,0.8888315506974585,1
TCGA-05-4434-01A-01R-1206-07,0.7882752327158993,1
TCGA-AZ-4682-01B-01R-A32Z-07,0.5327663746550879,1
TCGA-D8-A1J9-01A-11R-A13Q-07,0.870416145224543,1
TCGA-CH-5746-01A-11R-1580-07,0.05862202435734302,1
TCGA-KV-A6GD-01A-11R-A31O-07,0.36872962742015425,0
TCGA-B0-4707-01A-01R-1277-07,0.8286589752800319,0
TCGA-58-8393-01A-11R-2326-07,0.7194313335709044,1
TCGA-FV-A495-01A-11R-A266-07,0.7751384791860183,1
TCGA-99-8033-01A-11R-2241-07,0.8658564721797002,1
TCGA-77-8139-01A-11R-2247-07,0.8420692229669099,1
TCGA-ED-A5KG-01A-11R-A27V-07,0.6697340686545018,1
TCGA-94-7033-01A-11R-1949-07,0.8718928052743379,1
TCGA-AA-3530-01A-01R-1022-07,0.4891609308893923,1
TCGA-ZG-A9L1-01A-11R-A41O-07,0.865454219568239,1
TCGA-FR-A3R1-01A-11R-A239-07,0.9120696120618663,0
TCGA-2Z-A9JL-01A-11R-A42S-07,0.46247682249314265,0
TCGA-20-0987-01A-02R-1564-13,0.8789906162661975,1
TCGA-59-2363-01A-01R-1569-13,0.8911839110300723,1
TCGA-24-1419-01A-01R-1565-13,0.8791159452826454,0
TCGA-BH-A1FH-01A-12R-A13Q-07,0.35396028238263255,1
TCGA-B6-A0IA-01A-11R-A034-07,0.9046208810027923,1
TCGA-98-7454-01A-11R-2045-07,0.5952937926582186,1
TCGA-5P-A9JZ-01A-11R-A42S-07,0.6107358066249453,1
TCGA-55-6984-01A-11R-1949-07,0.618716407611538,1
TCGA-HC-8264-01B-11R-2403-07,0.6144166831302099,0
TCGA-G4-6314-01A-11R-1723-07,0.6228321548902503,0
TCGA-68-8250-01A-11R-2296-07,0.7684361615608588,0
TCGA-29-1769-01A-01R-1567-13,0.882792307873985,1
TCGA-EU-5905-01A-11R-1672-07,0.6765200679945279,1
TCGA-F9-A7Q0-01A-11R-A36F-07,0.7101082408884231,1
TCGA-DD-AACN-01A-11R-A41C-07,0.7190375696821462,1
TCGA-A8-A079-01A-21R-A00Z-07,0.8546885857462115,0
TCGA-D8-A1JN-01A-11R-A13Q-07,0.859407368181354,1
TCGA-A8-A08B-01A-11R-A00Z-07,0.8373300402021732,0
TCGA-JY-A6FD-01A-11R-A336-31,0.813353733658688,1
TCGA-A8-A086-01A-11R-A00Z-07,0.5829826965693924,1
TCGA-13-2060-01A-01R-1568-13,0.9002145379057263,0
TCGA-HC-8265-01B-04R-2302-07,0.8558601192916394,1
TCGA-S4-A8RP-01A-11R-A36G-07,0.2047950514456294,0
TCGA-A8-A09Z-01A-11R-A00Z-07,0.9113382861533339,1
TCGA-CK-6751-01A-11R-1839-07,0.62006453098491,1
TCGA-RB-A7B8-01A-12R-A33R-07,0.394495892915397,1
TCGA-68-7755-01A-11R-2125-07,0.786375906211105,1
TCGA-66-2759-01A-01R-0851-07,0.799988607795843,0
TCGA-AA-A00J-01A-02R-A002-07,0.8399067780882068,0
TCGA-L5-A8NL-01A-12R-A37I-31,0.8058233160988706,0
TCGA-24-1557-01A-01R-1566-13,0.8659924635918006,1
TCGA-A7-A3IY-01A-21R-A21T-07,0.6609930553319334,0
TCGA-B8-4151-01A-01R-1188-07,0.4689869747132466,1
TCGA-61-1914-01A-01R-1567-13,0.8451250864995502,1
TCGA-IG-A3Y9-01A-12R-A24K-31,0.7155944596329419,1
TCGA-L5-A891-01A-11R-A36D-31,0.918650316255342,1
TCGA-BP-4983-01A-01R-1334-07,0.8900689609766661,1
TCGA-04-1514-01A-01R-1566-13,0.8549946016032894,1
TCGA-NJ-A55A-01A-11R-A262-07,0.5220090417479591,1
TCGA-A8-A09I-01A-22R-A034-07,0.7762325939061595,0
TCGA-AR-A251-01A-12R-A169-07,0.9056788036613111,1
TCGA-60-2715-01A-01R-0851-07,0.6402158589285444,1
TCGA-D9-A4Z3-01A-11R-A266-07,0.9203254217902173,0
TCGA-E2-A14Q-01A-11R-A12D-07,0.6707547205331071,1
TCGA-EW-A1P7-01A-21R-A144-07,0.6846554998321296,1
TCGA-HV-AA8X-01A-11R-A39D-07,0.7618323437494562,1
TCGA-ZG-A9L4-01A-11R-A41O-07,0.4796004370117367,0
TCGA-VN-A88L-01A-11R-A352-07,0.4803505706093421,1
TCGA-Z7-A8R5-01A-42R-A41B-07,0.44566417900648814,1
TCGA-IG-A51D-01A-11R-A36D-31,0.763492154478318,1
TCGA-5P-A9K9-01A-11R-A42S-07,0.8542139288439415,0
TCGA-23-1114-01B-01R-1566-13,0.7979316281542513,1
TCGA-IZ-A6M9-01A-11R-A31O-07,0.667445363917935,0
TCGA-44-2662-01B-02R-A277-07,0.8335102215068622,0
TCGA-A8-A08C-01A-11R-A00Z-07,0.7731973143825215,1
TCGA-36-1568-01A-01R-1566-13,0.790613817736295,0
TCGA-MN-A4N1-01A-11R-A24X-07,0.8092285250380108,1
TCGA-C8-A12X-01A-11R-A115-07,0.8262907739463171,1
TCGA-63-5131-01A-01R-1443-07,0.807744111929164,1
TCGA-G9-6499-01A-12R-1965-07,0.38064530867763396,1
TCGA-L5-A43M-01A-11R-A24K-31,0.8652512481642622,1
TCGA-C8-A275-01A-21R-A16F-07,0.837169005005791,1
TCGA-A6-5664-01A-21R-1839-07,0.4639883460148326,1
TCGA-4B-A93V-01A-11R-A39D-07,0.9092263041774937,1
TCGA-G9-6364-01A-21R-1789-07,0.43545096447679804,1
TCGA-YH-A8SY-01A-11R-A37L-07,0.3216402067217562,1
TCGA-BP-4760-01A-02R-1420-07,0.467761369234932,1
TCGA-DD-AAVU-01A-11R-A41C-07,0.8329641839163979,0
TCGA-XN-A8T5-01A-12R-A36G-07,0.3245032643383687,1
TCGA-55-8207-01A-11R-2241-07,0.7240929204650798,1
TCGA-DD-AAVV-01A-11R-A41C-07,0.7463947628981137,0
TCGA-FV-A2QR-01A-11R-A213-07,0.8372244369705328,1
TCGA-DD-AAEE-01A-11R-A41C-07,0.808149611757352,1
TCGA-B8-5159-01A-01R-1420-07,0.64014077747665,1
TCGA-2A-A8VX-01A-11R-A37L-07,0.8016256570893309,1
TCGA-AA-A03F-01A-11R-A16W-07,0.7852192576978198,1
TCGA-91-8497-01A-11R-2403-07,0.42341493038204786,1
TCGA-EW-A1OV-01A-11R-A144-07,0.7749163305404523,1
TCGA-XP-A8T8-01A-11R-A36D-31,0.7221336361696143,0
TCGA-61-1736-01B-01R-1568-13,0.8208062406228599,1
TCGA-20-1682-01A-01R-1564-13,0.8637120525560825,0
TCGA-FB-AAPQ-01A-11R-A41B-07,0.8157802699843616,1
TCGA-AA-3950-01A-02R-1022-07,0.8040225114478898,1
TCGA-CK-4951-01A-01R-1410-07,0.7219951777390575,0
TCGA-BH-A0RX-01A-21R-A084-07,0.7862850958122147,1
TCGA-CJ-5671-01A-11R-1541-07,0.38089678419798106,1
TCGA-EW-A1IY-01A-11R-A13Q-07,0.664490821851326,1
TCGA-E2-A1IE-01A-11R-A13Q-07,0.7630816982227301,1
TCGA-HI-7170-01A-11R-2118-07,0.34536566457030976,1
TCGA-A3-A6NL-01A-11R-A33J-07,0.17452820982682446,1
TCGA-EW-A1PD-01A-11R-A144-07,0.6221598633405646,1
TCGA-B6-A0IO-01A-11R-A034-07,0.799054082356897,1
TCGA-50-5931-01A-11R-1755-07,0.8259498719098364,1
TCGA-HZ-A4BH-01A-11R-A26U-07,0.697910854539232,1
TCGA-ZG-A9KY-01A-11R-A41O-07,0.8378452043768632,0
TCGA-EJ-5507-01A-01R-1580-07,0.5427442071106818,0
TCGA-CH-5751-01A-11R-1580-07,0.7718996144383026,1
TCGA-AA-3844-01A-01R-1022-07,0.5461569508637194,1
TCGA-EB-A57M-01A-51R-A311-07,0.8263273410215134,1
TCGA-BP-4351-01A-01R-1289-07,0.5488329482875416,1
TCGA-DD-A11B-01A-11R-A131-07,0.7325642492855018,1
TCGA-BQ-7045-01A-31R-1965-07,0.5996575879682832,1
TCGA-BH-A0BD-01A-11R-A034-07,0.7794871325968985,1
TCGA-BQ-5881-01A-11R-1592-07,0.6369402616861631,0
TCGA-25-1871-01A-01R-1567-13,0.8548631187791248,0
TCGA-61-1740-01A-01R-1567-13,0.8198349553363067,1
TCGA-33-AASJ-01A-11R-A405-07,0.8539419382499902,1
TCGA-CC-A123-01A-11R-A131-07,0.8395984364516369,0
TCGA-YG-AA3N-01A-11R-A38C-07,0.8434249834155055,1
TCGA-E2-A156-01A-11R-A12D-07,0.5871914857567493,1
TCGA-EW-A1PB-01A-11R-A144-07,0.8840340725732068,1
TCGA-XK-AAJT-01A-11R-A41O-07,0.4359530750078312,1
TCGA-EB-A550-01A-61R-A27Q-07,0.7416895189346395,1
TCGA-S3-A6ZF-01A-32R-A32P-07,0.8239222835931812,1
TCGA-13-1408-01A-01R-1565-13,0.7606231368168789,1
TCGA-29-1690-01A-01R-1566-13,0.7350251017675075,1
TCGA-05-4425-01A-01R-1755-07,0.8331513322071536,0
TCGA-X8-AAAR-01A-11R-A406-31,0.6811642463627414,1
TCGA-JL-A3YX-01A-11R-A22U-07,0.5098693636898094,1
TCGA-IG-A3YA-01A-11R-A24K-31,0.45530206791516736,1
TCGA-HV-AA8V-01A-11R-A41B-07,0.2686017770727138,1
TCGA-IB-AAUO-01A-12R-A38C-07,0.6518914090421141,1
TCGA-B6-A0I8-01A-11R-A034-07,0.8096437605331952,1
TCGA-FB-A545-01A-11R-A26U-07,0.6693739754731577,1
TCGA-BH-A18H-01A-11R-A12D-07,0.7935061594665068,0
TCGA-AK-3445-01A-02R-1277-07,0.7067302924938673,0
TCGA-25-1317-01A-01R-1565-13,0.5323294639532725,1
TCGA-BP-5200-01A-01R-1426-07,0.36729655591109023,1
TCGA-E9-A5FK-01A-11R-A27Q-07,0.5061367091470492,1
TCGA-BH-A1EW-01A-11R-A137-07,0.7163845393269946,1
TCGA-NC-A5HN-01A-11R-A26W-07,0.9107102342727293,1
TCGA-13-0760-01A-01R-1564-13,0.9283683629234198,1
TCGA-AA-3970-01A-01R-1022-07,0.5630759085506691,1
TCGA-YL-A9WI-01A-11R-A37L-07,0.8587669391564118,1
TCGA-AA-A01T-01A-21R-A16W-07,0.8321316594322602,1
TCGA-AN-A0G0-01A-11R-A034-07,0.8351832384073846,1
TCGA-77-A5GB-01B-11R-A27Q-07,0.8319029286691002,1
TCGA-85-8481-01A-11R-2326-07,0.7954858276087686,1
TCGA-E2-A107-01A-11R-A10J-07,0.709609677496807,0
TCGA-J2-8192-01A-11R-2241-07,0.309006459781584,1
TCGA-Z7-A8R6-01A-11R-A41B-07,0.6123192599666455,1
TCGA-B8-4153-01B-11R-1672-07,0.34096863771725583,1
TCGA-BH-A0AY-01A-21R-A00Z-07,0.6211233815425409,0
TCGA-A1-A0SQ-01A-21R-A144-07,0.8947206292429605,1
TCGA-22-5477-01A-01R-1635-07,0.7909824157232473,1
TCGA-AA-A02K-01A-03R-A32Y-07,0.7913073223327314,1
TCGA-AA-3531-01A-01R-0821-07,0.6899080930156435,1
TCGA-85-8351-01A-11R-2296-07,0.8291387592759744,1
TCGA-R6-A8WG-01A-11R-A37I-31,0.8531480373519085,1
TCGA-2J-AABR-01A-11R-A41B-07,0.2173722574461411,1
TCGA-CJ-4884-01A-01R-1305-07,0.5170995960651544,1
TCGA-XV-A9W2-01A-11R-A39D-07,0.883745440744627,1
TCGA-DD-A11A-01A-11R-A131-07,0.8610241032932319,1
TCGA-38-4631-01A-01R-1755-07,0.9137182915186194,1
TCGA-V1-A8MM-01A-11R-A37L-07,0.7407038081720796,0
TCGA-13-0726-01A-01R-1564-13,0.8273267589719768,0
TCGA-HZ-8005-01A-11R-2204-07,0.6749510409836097,0
TCGA-BH-A18J-01A-11R-A12D-07,0.8585024249426364,0
TCGA-60-2708-01A-01R-0851-07,0.8030275060613979,1
TCGA-AO-A1KT-01A-11R-A13Q-07,0.8047714477076329,1
TCGA-A2-A3KC-01A-11R-A213-07,0.5267239893952058,1
TCGA-EJ-5498-01A-01R-1580-07,0.11724962786387653,1
TCGA-AO-A0JF-01A-11R-A056-07,0.3561079040897844,1
TCGA-E9-A1R6-01A-11R-A14D-07,0.6623173815449802,1
TCGA-A7-A0CD-01A-11R-A00Z-07,0.8205980475425567,1
TCGA-29-1699-01A-01R-1567-13,0.8488838017111913,1
TCGA-CJ-6028-01A-11R-1672-07,0.5214851876388614,0
TCGA-24-1843-01A-01R-1567-13,0.8761497887111885,1
TCGA-AA-A01R-01A-21R-A083-07,0.8669511821090549,0
TCGA-G9-A9S0-01A-11R-A41O-07,0.7117275400553609,1
TCGA-XV-AAZY-01A-12R-A40A-07,0.8943721830640078,1
TCGA-AK-3465-01A-02R-1325-07,0.888367384802658,1
TCGA-AA-3812-01A-01R-0905-07,0.6913822180223377,0
TCGA-77-A5GF-01A-21R-A27Q-07,0.7167835634315219,1
TCGA-HC-A4ZV-01A-11R-A26U-07,0.7797103611137992,0
TCGA-H9-7775-01A-11R-2118-07,0.37804169128171916,1
TCGA-60-2696-01A-01R-0851-07,0.8370310449736764,0
TCGA-13-0900-01B-01R-1565-13,0.8050776279320828,1
TCGA-85-8666-01A-11R-2403-07,0.7054942639618476,0
TCGA-4H-AAAK-01A-12R-A41B-07,0.4456778045032815,1
TCGA-BH-A0BC-01A-22R-A084-07,0.734085222915504,1
TCGA-C8-A3M7-01A-12R-A21T-07,0.6095089673547788,1
TCGA-AR-A2LN-01A-21R-A18M-07,0.5311734795549691,1
TCGA-2Z-A9J5-01A-21R-A38C-07,0.3722547742090251,0
TCGA-AA-A01X-01A-21R-A083-07,0.743745513342413,0
TCGA-C8-A134-01A-11R-A115-07,0.896423549141835,1
TCGA-HV-A5A6-01A-11R-A26U-07,0.7581838451311207,1
TCGA-D8-A140-01A-11R-A115-07,0.8026418357368621,1
TCGA-F9-A4JJ-01A-11R-A24Z-07,0.8370423505276188,1
TCGA-AR-A24O-01A-11R-A169-07,0.17600071717503737,1
TCGA-G3-AAUZ-01A-11R-A38B-07,0.7390262211142963,1
TCGA-63-A5MM-01A-11R-A26W-07,0.7468435910336141,1
TCGA-AN-A0FN-01A-11R-A034-07,0.30137052702019773,1
TCGA-GL-A59R-01A-11R-A26U-07,0.273256538790131,0
TCGA-2H-A9GG-01A-11R-A37I-31,0.8696564818961824,1
TCGA-C8-A130-01A-31R-A115-07,0.860818918203033,1
TCGA-2H-A9GF-01A-11R-A37I-31,0.8929971545446304,1
TCGA-55-5899-01A-11R-1628-07,0.8704068232384741,1
TCGA-B0-4713-01A-01R-1277-07,0.7434167457222248,0
TCGA-A8-A09Q-01A-11R-A00Z-07,0.832046599508269,1
TCGA-VR-AA4D-01A-11R-A37I-31,0.8276695559222241,1
TCGA-36-1578-01A-01R-1566-13,0.8700215659702849,1
TCGA-AR-A1AY-01A-21R-A12P-07,0.8201183605499238,1
TCGA-86-8278-01A-11R-2287-07,0.7515270725496414,1
TCGA-A2-A0YK-01A-22R-A109-07,0.28999001264525875,1
TCGA-78-7163-01A-12R-2066-07,0.8710228602850779,1
TCGA-A8-A06R-01A-11R-A00Z-07,0.8977865588099649,1
TCGA-HC-7752-01A-11R-2118-07,0.8166812081893744,0
TCGA-A8-A07J-01A-11R-A00Z-07,0.608144495318561,1
TCGA-HC-7749-01A-11R-2118-07,0.5949146219999154,1
TCGA-HC-A6HX-01A-11R-A31N-07,0.4042165030448801,1
TCGA-56-A4BW-01A-11R-A24H-07,0.8403522643339153,1
TCGA-BP-4162-01A-02R-1325-07,0.3646306723201318,0
TCGA-34-7107-01A-11R-1949-07,0.7447623470508128,0
TCGA-DD-AAE4-01A-11R-A41C-07,0.8042355549705993,0
TCGA-13-1510-01A-02R-1565-13,0.8735524306072394,1
TCGA-57-1585-01A-01R-1566-13,0.7167661020077821,1
TCGA-56-8305-01A-11R-2296-07,0.821037258810915,0
TCGA-CJ-4874-01A-01R-1305-07,0.2513897099379621,1
TCGA-B6-A0RH-01A-21R-A115-07,0.800437716770105,1
TCGA-HZ-A77O-01A-11R-A33R-07,0.5239198545754652,1
TCGA-24-1463-01A-01R-1566-13,0.7537458994646453,0
TCGA-A8-A07S-01A-11R-A034-07,0.7668972083449335,1
TCGA-3C-AAAU-01A-11R-A41B-07,0.8055123060209839,1
TCGA-AO-A03M-01B-11R-A10J-07,0.7642965769793106,1
TCGA-73-4659-01A-01R-1206-07,0.6723539919266559,1
TCGA-CZ-5453-01A-01R-1503-07,0.480714901644992,1
TCGA-94-8035-01A-11R-2247-07,0.6876585347234456,1
TCGA-39-5031-01A-01R-1443-07,0.7679716868723836,1
TCGA-75-5146-01A-01R-1628-07,0.772188724326154,0
TCGA-YL-A8S8-01A-11R-A37L-07,0.6812692493014221,1
TCGA-77-A5G6-01A-11R-A27Q-07,0.8264604954797761,1
TCGA-A7-A4SF-01A-11R-A266-07,0.8656678290892719,1
TCGA-EB-A553-01A-12R-A27Q-07,0.9064634324826011,1
TCGA-AA-3939-01A-01R-1022-07,0.5984832382198019,0
TCGA-E2-A14N-01A-31R-A137-07,0.8808353543835402,1
TCGA-CJ-6030-01A-11R-1672-07,0.34964629308810946,0
TCGA-J4-A67M-01A-11R-A30B-07,0.36624353180362457,1
TCGA-BP-5198-01A-01R-1426-07,0.5517446356066115,1
TCGA-NK-A7XE-01A-12R-A405-07,0.8293246100462489,1
TCGA-HC-7209-01A-11R-2118-07,0.33618194717465666,1
TCGA-HZ-8315-01A-11R-2404-07,0.26239139374560483,1
TCGA-86-8076-01A-31R-2241-07,0.4008349438180149,1
TCGA-A6-6650-01A-11R-A278-07,0.7761768167510493,1
TCGA-62-A46U-01A-11R-A24H-07,0.777059028076154,1
TCGA-BH-A18U-01A-21R-A12D-07,0.8858121711979744,0
TCGA-55-6712-01A-11R-1858-07,0.804772690338665,0
TCGA-BP-4761-01A-01R-1289-07,0.8659355253043078,0
TCGA-D8-A1XK-01A-21R-A14M-07,0.9020049125639228,1
TCGA-63-A5MI-01A-12R-A27Q-07,0.822982264297928,1
TCGA-MP-A4TF-01A-11R-A262-07,0.8230229499803515,1
TCGA-DD-AACF-01A-11R-A41C-07,0.8609547501595867,1
TCGA-ZG-A9LZ-01A-11R-A41O-07,0.6366400758882729,1
TCGA-05-4250-01A-01R-1107-07,0.801084158778694,1
TCGA-95-A4VP-01A-21R-A262-07,0.7002821296713229,1
TCGA-AA-3877-01A-01R-1022-07,0.6837862104965672,1
TCGA-AK-3426-01A-02R-1325-07,0.6314857191309399,1
TCGA-A3-3382-01A-02R-1325-07,0.722948949400579,1
TCGA-IC-A6RE-01A-11R-A336-31,0.7955553072539544,1
TCGA-A8-A08O-01A-21R-A056-07,0.566973463820625,1
TCGA-B9-A5W7-01A-11R-A31O-07,0.3735380058665751,1
TCGA-33-A5GW-01A-11R-A27Q-07,0.7475485869197818,1
TCGA-G3-AAV7-01A-11R-A38B-07,0.8363636525442716,1
TCGA-5P-A9K8-01A-11R-A42S-07,0.8866820615870251,1
TCGA-BP-5007-01A-01R-1334-07,0.1991421614289208,1
TCGA-A3-3365-01A-01R-0864-07,0.43784272317529266,1
TCGA-44-7659-01A-11R-2066-07,0.8224098850067879,1
TCGA-61-2003-01A-01R-1568-13,0.6543787920895949,0
TCGA-D5-6898-01A-11R-1928-07,0.5751136629461489,1
TCGA-GM-A2DC-01A-11R-A18M-07,0.8589909204446188,1
TCGA-5P-A9KF-01A-11R-A42S-07,0.4155185611811115,1
TCGA-BP-4161-01A-02R-1325-07,0.23054982997471304,1
TCGA-36-1576-01A-01R-1566-13,0.6579375699295905,1
TCGA-DD-A4NK-01A-11R-A28V-07,0.7956674794436347,1
TCGA-CJ-4901-01A-01R-1426-07,0.7808322301931424,0
TCGA-MI-A75I-01A-11R-A32O-07,0.799153365635986,0
TCGA-29-2414-01A-02R-1569-13,0.8432462915606109,1
TCGA-BH-A0GY-01A-11R-A056-07,0.7790268389702968,1
TCGA-97-8175-01A-11R-2287-07,0.7678313832838275,1
TCGA-AL-3472-01A-01R-1193-07,0.722651236231503,1
TCGA-HZ-A77P-01A-11R-A33R-07,0.40270911730851255,1
TCGA-A3-3352-01A-01R-0864-07,0.213438125673278,1
TCGA-A7-A26G-01A-21R-A169-07,0.8285687358640464,1
TCGA-AO-A0JC-01A-11R-A056-07,0.49506311466634795,0
TCGA-AA-3875-01A-01R-0905-07,0.4655686613112532,1
TCGA-D8-A1JJ-01A-31R-A14M-07,0.7922008709149699,1
TCGA-Y6-A8TL-01A-21R-A37L-07,0.16193292768889997,1
TCGA-J4-A6G3-01A-11R-A311-07,0.36948428419612905,0
TCGA-13-0768-01A-01R-1569-13,0.8462224671195425,1
TCGA-A7-A6VW-01A-21R-A33J-07,0.7856479374249518,1
TCGA-J9-A8CP-01A-11R-A352-07,0.6435048393689058,1
TCGA-P4-AAVK-01A-11R-A42S-07,0.45277910905521507,1
TCGA-B0-5709-01A-11R-1541-07,0.405016377998305,1
TCGA-B6-A0RV-01A-11R-A084-07,0.74565356506606,1
TCGA-AA-A01V-01A-23R-A083-07,0.5669960683302415,1
TCGA-G9-7510-01A-11R-2263-07,0.16198011834208026,1
TCGA-D8-A73U-01A-11R-A33J-07,0.5611625079389405,1
TCGA-DD-AAEK-01A-11R-A41C-07,0.7392694460127822,1
TCGA-B0-5698-01A-11R-1672-07,0.5000180476681704,1
TCGA-KC-A4BL-01A-31R-A250-07,0.2080963939381039,1
TCGA-EJ-A7NM-01A-21R-A33R-07,0.6833357095226045,1
TCGA-B2-5639-01A-01R-1541-07,0.4047161071490668,1
TCGA-BH-A8FZ-01A-11R-A352-07,0.8227425839727545,1
TCGA-22-5474-01A-01R-1635-07,0.45461721099756164,0
TCGA-E2-A1IL-01A-11R-A14D-07,0.47186950392375204,1
TCGA-D8-A1XV-01A-11R-A14M-07,0.6973805810934697,1
TCGA-2Z-A9J3-01A-12R-A38C-07,0.7134410564823145,1
TCGA-L5-A4OP-01A-11R-A260-31,0.9004849914493783,0
TCGA-AO-A129-01A-21R-A10J-07,0.7817623605324693,1
TCGA-B6-A0RL-01A-11R-A084-07,0.9017074678233782,0
TCGA-61-1743-01A-01R-1568-13,0.8733460842624818,1
TCGA-R6-A6Y0-01B-11R-A336-31,0.8340342840136828,1
TCGA-77-7463-01A-11R-2045-07,0.8880014804392476,1
TCGA-DD-AADW-01A-11R-A39D-07,0.6938766560444556,1
TCGA-AR-A1AP-01A-11R-A12P-07,0.7681323711330252,1
TCGA-A2-A25F-01A-11R-A169-07,0.5926067369695853,1
TCGA-AA-3862-01A-01R-1022-07,0.5675537376296073,0
TCGA-G4-6306-01A-11R-1774-07,0.7101306578357028,1
TCGA-EB-A3XC-01A-11R-A239-07,0.7846084836652667,1
TCGA-34-5927-01A-11R-1820-07,0.8200002891736816,1
TCGA-AA-A017-01A-01R-A00A-07,0.6204101125053834,1
TCGA-A4-A5XZ-01A-11R-A31O-07,0.3952102452895897,1
TCGA-E2-A1LS-01A-12R-A157-07,0.9072249056045719,0
TCGA-L5-A8NV-01A-11R-A37I-31,0.5802339373771463,1
TCGA-5P-A9KE-01A-11R-A42S-07,0.44011399741861557,1
TCGA-61-1724-01A-01R-1568-13,0.8930725949857813,1
TCGA-VR-A8EP-01A-31R-A406-31,0.8619619302854382,1
TCGA-YL-A8SL-01B-21R-A37L-07,0.6338144909212508,0
TCGA-G4-6310-01A-11R-1723-07,0.6743586587820974,1
TCGA-G3-AAV2-01A-11R-A37K-07,0.8675319207792086,1
TCGA-OL-A5RV-01A-12R-A28M-07,0.39099852350890196,1
TCGA-KK-A8I6-01A-11R-A36G-07,0.30634343054207624,1
TCGA-BH-A0B6-01A-11R-A19W-07,0.7263280517940174,1
TCGA-G7-6789-01A-11R-1965-07,0.772544617825851,1
TCGA-G9-A9S7-01A-11R-A41O-07,0.5345597013995279,1
TCGA-78-8640-01A-11R-2403-07,0.8918498638081575,1
TCGA-55-6971-01A-11R-1949-07,0.7175001026122741,1
TCGA-DD-AAW2-01A-11R-A41C-07,0.7678112311163904,0
TCGA-HV-A5A4-01A-11R-A26U-07,0.44407479240082326,1
TCGA-BP-4355-01A-01R-1289-07,0.2831440425895714,1
TCGA-R6-A8W5-01B-11R-A37I-31,0.7994650657069521,1
TCGA-CH-5752-01A-11R-1580-07,0.6869200977750292,1
TCGA-A7-A3RF-01A-11R-A22K-07,0.8525979302610887,1
TCGA-ED-A8O5-01A-11R-A36F-07,0.8594007245529323,1
TCGA-AA-3522-01A-01R-0821-07,0.6546730315746829,0
TCGA-ER-A42H-01A-11R-A24X-07,0.8988129016219362,1
TCGA-AL-3467-01A-02R-1351-07,0.9202584947125705,0
TCGA-55-8513-01A-11R-2403-07,0.34590593646961093,1
TCGA-AD-6901-01A-11R-1928-07,0.5334889731063863,1
TCGA-29-1694-01A-01R-1567-13,0.7798826212146716,1
TCGA-LN-A49V-01A-11R-A24K-31,0.8961101643981084,1
TCGA-55-6968-01A-11R-1949-07,0.8597434914185507,1
TCGA-A4-8517-01A-11R-2404-07,0.36745248349599424,1
TCGA-CZ-5461-01A-01R-1503-07,0.48186793603814276,0
TCGA-D8-A1XZ-01A-11R-A14M-07,0.8750495266682835,1
TCGA-AA-A00W-01A-01R-A002-07,0.5574899273173463,1
TCGA-BP-4804-01A-02R-1305-07,0.2269207774889638,1
TCGA-OL-A66J-01A-11R-A29R-07,0.6937630399897337,1
TCGA-AY-4070-01A-01R-1113-07,0.7944030496594007,1
TCGA-V1-A8WW-01A-11R-A37L-07,0.7317497649837409,0
TCGA-B6-A40B-01A-11R-A239-07,0.7194580340799445,0
TCGA-LN-A49U-01A-31R-A260-31,0.717987627277427,0
TCGA-AO-A03U-01B-21R-A10J-07,0.7954835885429661,0
TCGA-E2-A105-01A-11R-A10J-07,0.809228199776768,1
TCGA-CW-6097-01A-11R-1672-07,0.45336590715522257,1
TCGA-2Y-A9GS-01A-12R-A38B-07,0.7262744931102156,1
TCGA-EW-A1J6-01A-11R-A13Q-07,0.8724155882466765,1
TCGA-E9-A1RD-01A-11R-A157-07,0.5102921786275875,1
TCGA-AD-A5EK-01A-11R-A28H-07,0.729783597264019,1
TCGA-2K-A9WE-01A-11R-A38C-07,0.3669790629036621,1
TCGA-EJ-A7NF-01A-11R-A33R-07,0.22426631478191109,1
TCGA-61-1721-01A-01R-1569-13,0.7834615705351451,1
TCGA-BP-4346-01A-01R-1289-07,0.2215931265667249,0
TCGA-AA-3989-01A-01R-1022-07,0.5689649517865001,0
TCGA-61-1998-01A-01R-1568-13,0.6848753114333428,1
TCGA-05-4244-01A-01R-1107-07,0.8542184760301993,1
TCGA-B8-A54K-01A-11R-A33J-07,0.6174428706159889,0
TCGA-5R-AA1D-01A-11R-A38B-07,0.6933343787326373,1
TCGA-34-5928-01A-11R-1820-07,0.7671387258794086,0
TCGA-BH-A0HQ-01A-11R-A034-07,0.2377805020687058,0
TCGA-CM-4746-01A-01R-1410-07,0.8269605216206322,1
TCGA-50-6593-01A-11R-1755-07,0.6401766389459904,1
TCGA-DV-A4W0-01A-11R-A266-07,0.6349853157702873,1
TCGA-25-1634-01A-01R-1566-13,0.8669331238420447,1
TCGA-50-6597-01A-11R-1858-07,0.8768172343060988,0
TCGA-AY-A54L-01A-11R-A28H-07,0.6522456752691124,1
TCGA-BP-4774-01A-01R-1289-07,0.23154926765005818,1
TCGA-66-2789-01A-01R-0980-07,0.7306696041898233,1
TCGA-DM-A1D4-01A-21R-A155-07,0.6823835682012073,1
TCGA-86-7701-01A-11R-2170-07,0.7578981805589675,1
TCGA-21-1076-01A-02R-0692-07,0.699774512796503,1
TCGA-AR-A0TX-01A-11R-A084-07,0.8607689878301141,1
TCGA-23-1116-01A-01R-1564-13,0.8239987845735879,1
TCGA-ZP-A9D0-01A-11R-A37K-07,0.8573018637637512,1
TCGA-CH-5743-01A-21R-1580-07,0.2560555854155018,1
TCGA-2A-AAYU-01A-11R-A41O-07,0.3147097636274162,1
TCGA-25-1323-01A-01R-1565-13,0.770727391087307,1
TCGA-R6-A6Y2-01B-11R-A336-31,0.7042767683002596,1
TCGA-DD-A1EC-01A-21R-A131-07,0.8674181611197536,1
TCGA-E2-A1BC-01A-11R-A12P-07,0.5717706859891819,1
TCGA-DD-AADN-01A-11R-A41C-07,0.8886906349469554,1
TCGA-KK-A8ID-01A-11R-A36G-07,0.866693029296276,1
TCGA-A2-A4RW-01A-21R-A266-07,0.7557092809461385,1
TCGA-56-7822-01A-11R-2125-07,0.8060235929811166,1
TCGA-O2-A52W-01A-11R-A26W-07,0.7787699393035441,1
TCGA-UL-AAZ6-01A-11R-A41B-07,0.8920930335666936,0
TCGA-YL-A8HO-01A-11R-A36G-07,0.49283454984989133,1
TCGA-13-0765-01A-01R-1564-13,0.9095639802390709,1
TCGA-55-6979-01A-11R-1949-07,0.483656412776658,1
TCGA-IB-7888-01A-11R-2156-07,0.5673675934888163,1
TCGA-AQ-A54O-01A-11R-A266-07,0.7516116685073079,1
TCGA-HC-7744-01A-11R-2118-07,0.5598067914877298,0
TCGA-BP-4974-01A-01R-1334-07,0.3983941390587466,1
TCGA-A3-3367-01A-02R-1420-07,0.38420497289993866,1
TCGA-2H-A9GO-01A-11R-A37I-31,0.8504739911935472,1
TCGA-EJ-5522-01A-01R-1580-07,0.1143932558318376,0
TCGA-61-1919-01A-01R-1568-13,0.6187915360158593,1
TCGA-TP-A8TT-01A-12R-A41O-07,0.5994882801133771,1
TCGA-AN-A0FJ-01A-11R-A00Z-07,0.9093356058439755,0
TCGA-B0-5696-01A-11R-1541-07,0.37287857003288283,0
TCGA-CZ-4856-01A-02R-1426-07,0.22251537543944877,1
TCGA-A8-A075-01A-11R-A084-07,0.7849241445124693,1
TCGA-90-A4ED-01A-31R-A24Z-07,0.9118337225550741,1
TCGA-44-2657-01A-01R-1107-07,0.4202034837897566,1
TCGA-MP-A4TD-01A-32R-A262-07,0.5155177734530041,0
TCGA-XR-A8TG-01A-11R-A36F-07,0.759028836340323,1
TCGA-33-4533-01A-01R-1201-07,0.8603177130817786,0
TCGA-55-8514-01A-11R-2403-07,0.833550019287186,1
TCGA-25-1316-01A-01R-1565-13,0.8755866159324406,1
TCGA-EB-A6R0-01A-12R-A32P-07,0.9051473110629576,1
TCGA-Y8-A8S1-01A-11R-A37K-07,0.7881808127650177,1
TCGA-B0-5120-01A-01R-1420-07,0.33314446815280735,0
TCGA-KR-A7K0-01A-12R-A33R-07,0.7245982142425473,1
TCGA-50-5944-01A-11R-1755-07,0.7929935669624351,1
TCGA-99-AA5R-01A-11R-A39D-07,0.5289381505990022,1
TCGA-CZ-5452-01A-01R-1503-07,0.4844792887434038,1
TCGA-XJ-A9DX-01A-11R-A37L-07,0.867982138601298,1
TCGA-B6-A0IM-01A-11R-A034-07,0.7308437115224108,0
TCGA-61-2012-01A-01R-1568-13,0.8772481532438452,1
TCGA-2Z-A9J2-01A-11R-A38C-07,0.7272206664804718,0
TCGA-AC-A6NO-01A-12R-A33J-07,0.5716819030255179,1
TCGA-E9-A1N4-01A-11R-A14M-07,0.8636986360359924,1
TCGA-DZ-6134-01A-11R-1965-07,0.24350264856888268,0
TCGA-20-1685-01A-01R-1566-13,0.8407571342460693,1
TCGA-BH-A0AZ-01A-21R-A12P-07,0.48973309940913323,1
TCGA-55-7227-01A-11R-2039-07,0.45315780606459416,1
TCGA-34-5231-01A-21R-1820-07,0.8120398258912173,1
TCGA-DD-AAE2-01A-11R-A41C-07,0.8229677429843755,1
TCGA-AC-A62Y-01A-11R-A29R-07,0.7442987377620198,1
TCGA-A7-A425-01A-11R-A24H-07,0.6204412599715983,1
TCGA-AD-6548-01A-11R-1839-07,0.5019555546378536,0
TCGA-AC-A3W6-01A-12R-A22K-07,0.43937863340614935,1
TCGA-EB-A5UM-01A-11R-A311-07,0.846328088839953,1
TCGA-EW-A6SA-01A-21R-A32P-07,0.8908319681112132,1
TCGA-64-5779-01A-01R-1628-07,0.7957515623131003,1
TCGA-DD-A114-01A-11R-A131-07,0.7817646977055066,1
TCGA-85-8052-01A-11R-2247-07,0.6305548131367205,1
TCGA-A2-A0T4-01A-31R-A084-07,0.5524319127995415,1
TCGA-DD-A3A2-01A-11R-A213-07,0.8120749377014215,1
TCGA-E2-A1B4-01A-11R-A12P-07,0.6876793625084091,0
TCGA-HV-A5A3-01A-11R-A26U-07,0.7833234831138858,1
TCGA-78-7167-01A-11R-2066-07,0.7371644005433946,1
TCGA-85-8479-01A-11R-2326-07,0.8609205150877226,1
TCGA-XR-A8TE-01A-11R-A36F-07,0.8946569351254086,1
TCGA-BP-4971-01A-01R-1334-07,0.515851020905725,1
TCGA-EJ-7786-01A-11R-2118-07,0.1500795587641333,1
TCGA-25-1320-01A-01R-1565-13,0.7928120506022156,1
TCGA-E2-A15S-01A-11R-A115-07,0.9049459598767254,1
TCGA-D9-A3Z4-01A-11R-A239-07,0.7857416647080375,1
TCGA-98-A53D-01A-32R-A262-07,0.47400985813126817,1
TCGA-DW-7839-01A-11R-2139-07,0.8352605812600428,1
TCGA-86-8671-01A-11R-2403-07,0.31053550909098104,1
TCGA-B8-A54H-01A-11R-A33J-07,0.24068539908084463,1
TCGA-ZS-A9CF-01A-11R-A38B-07,0.8834095761958626,1
TCGA-50-5930-01A-11R-1755-07,0.8059367734085227,1
TCGA-73-4676-01A-01R-1755-07,0.8643949863374293,1
TCGA-2A-AAYF-01A-11R-A41O-07,0.3568286481828202,1
TCGA-G9-6366-01A-11R-2118-07,0.6942378187092544,1
TCGA-56-7582-01A-11R-2045-07,0.5438966229216368,1
TCGA-CJ-4916-01A-01R-1426-07,0.22536980040931814,1
TCGA-B2-3924-01A-02R-1325-07,0.25493506948687245,1
TCGA-NJ-A55O-01A-11R-A262-07,0.7609504642397898,1
TCGA-G3-A25V-01A-11R-A16W-07,0.6917885440386741,1
TCGA-A6-A567-01A-31R-A28H-07,0.6926750495583086,1
TCGA-55-7907-01A-11R-2170-07,0.7995171624769333,0
TCGA-E2-A1LA-01A-11R-A144-07,0.7859318705835973,1
TCGA-97-A4M5-01A-11R-A24X-07,0.620750862518199,1
TCGA-CA-6716-01A-11R-1839-07,0.6607489505212926,1
TCGA-66-2756-01A-01R-0851-07,0.9090828521728863,1
TCGA-69-7763-01A-11R-2170-07,0.5986928422368348,1
TCGA-FV-A3I1-01A-11R-A22L-07,0.7616315012970075,1
TCGA-A4-A48D-01A-11R-A24Z-07,0.6787164298842265,0
TCGA-30-1892-01A-01R-1568-13,0.7951413017621872,1
TCGA-S2-AA1A-01A-12R-A39D-07,0.6708256691669288,1
TCGA-AN-A0XT-01A-11R-A109-07,0.8428440955179318,1
TCGA-60-2726-01A-01R-0851-07,0.8488523498031151,1
TCGA-63-A5MV-01A-21R-A26W-07,0.8218268390995025,1
TCGA-HC-A6AL-01A-11R-A30B-07,0.5260643715145327,0
TCGA-24-1560-01A-01R-1566-13,0.8490838250452319,1
TCGA-A2-A0EU-01A-22R-A056-07,0.795836509985891,1
TCGA-KK-A7AP-01A-12R-A33R-07,0.8168773737880671,1
TCGA-44-6146-01A-11R-A278-07,0.7592907470895929,1
TCGA-62-A472-01A-11R-A24H-07,0.7084070104365866,1
TCGA-56-8622-01A-11R-2403-07,0.8533881313436443,0
TCGA-B0-4819-01A-01R-1277-07,0.36478006531974533,1
TCGA-BP-5176-01A-01R-1426-07,0.3848697409496868,1
TCGA-63-A5MP-01A-11R-A26W-07,0.76505195075718,1
TCGA-XK-AAK1-01A-11R-A41O-07,0.7022413651383197,0
TCGA-78-7158-01A-11R-2039-07,0.8442875218742787,0
TCGA-AA-3678-01A-01R-0905-07,0.6310752374899463,1
TCGA-HI-7171-01A-12R-2118-07,0.5751837125061592,0
TCGA-LN-A4A2-01A-31R-A260-31,0.6716800563154197,0
TCGA-D8-A1JE-01A-11R-A13Q-07,0.6460298521446208,1
TCGA-B8-5552-01B-11R-1672-07,0.12874381364635024,1
TCGA-A8-A09V-01A-11R-A034-07,0.5062251827456853,1
TCGA-HZ-A49H-01A-11R-A26U-07,0.4735651495460277,1
TCGA-IG-A97I-01A-11R-A38D-31,0.7718139469519774,1
TCGA-D8-A1JT-01A-31R-A13Q-07,0.7781336050048508,0
TCGA-BP-4782-01A-02R-1420-07,0.3766001096663292,1
TCGA-A2-A0CQ-01A-21R-A034-07,0.7042128778263602,0
TCGA-G3-A25U-01A-11R-A16W-07,0.850283872294666,1
TCGA-BQ-7055-01A-11R-1965-07,0.8769131470719741,1
TCGA-37-A5EM-01A-21R-A27Q-07,0.822584702877079,1
TCGA-NC-A5HG-01A-11R-A26W-07,0.9162863999151601,1
TCGA-13-1495-01A-01R-1565-13,0.8533640374126573,1
TCGA-AK-3431-01A-02R-1277-07,0.40195277760717424,1
TCGA-85-8049-01A-11R-2247-07,0.5286711735446051,1
TCGA-UZ-A9PP-01A-11R-A42S-07,0.4829768642177923,1
TCGA-DD-AAE9-01A-11R-A41C-07,0.8886661817318068,1
TCGA-D5-5537-01A-21R-1928-07,0.6176220922497748,1
TCGA-VP-A879-01A-11R-A352-07,0.24287528931317046,1
TCGA-C8-A1HM-01A-12R-A137-07,0.8068361305536628,1
TCGA-A3-3316-01A-01R-0864-07,0.5273692940605865,1
TCGA-DW-7840-01A-11R-A32Z-07,0.4654705814462807,1
TCGA-D5-6927-01A-21R-1928-07,0.7141000343059573,1
TCGA-A6-2671-01A-01R-1410-07,0.748111827055361,0
TCGA-61-1918-01A-01R-1568-13,0.8073849408512912,1
TCGA-FV-A3R3-01A-11R-A22L-07,0.8201956583903299,1
TCGA-F9-A7VF-01A-11R-A33Z-07,0.681471563310998,1
TCGA-L7-A6VZ-01A-12R-A336-31,0.825628674594823,1
TCGA-AA-3526-01A-02R-A32Z-07,0.5233162551455548,0
TCGA-56-8626-01A-11R-2403-07,0.7437693230064577,1
TCGA-DD-A3A1-01A-11R-A213-07,0.8437597646495972,1
TCGA-YL-A8SR-01B-11R-A37L-07,0.5562382271638564,1
TCGA-B0-4848-01A-01R-1277-07,0.49307760832915015,1
TCGA-55-6969-01A-11R-1949-07,0.6889226598414775,0
TCGA-2A-A8VL-01A-21R-A37L-07,0.3638046495907366,1
TCGA-24-1422-01A-01R-1565-13,0.7405110699310762,1
TCGA-A3-3370-01A-02R-1420-07,0.38935218493721097,0
TCGA-EW-A2FW-01A-11R-A17B-07,0.8669213417209418,1
TCGA-BH-A0BL-01A-11R-A115-07,0.6785237750413295,1
TCGA-AA-A010-01A-01R-A089-07,0.8530975104757978,1
TCGA-AA-3664-01A-01R-0905-07,0.7681295278927714,1
TCGA-GN-A26C-01A-11R-A18T-07,0.9085328527547926,1
TCGA-85-8354-01A-31R-2326-07,0.8651173837699286,1
TCGA-A3-3373-01A-02R-1420-07,0.42841575404629717,1
TCGA-30-1891-01A-01R-1568-13,0.8606206765703709,1
TCGA-HC-7078-01A-11R-2118-07,0.4929668973371236,1
TCGA-FC-A66V-01A-21R-A30B-07,0.261368035950819,0
TCGA-A3-3324-01A-02R-1325-07,0.3627339933696407,0
TCGA-S3-AA10-01A-21R-A41B-07,0.8106410441015293,1
TCGA-53-7813-01A-11R-2170-07,0.6909747198866003,0
TCGA-EW-A1P3-01A-11R-A144-07,0.6613702178383388,1
TCGA-BF-A3DN-01A-11R-A20F-07,0.7739209528352723,1
TCGA-22-4596-01A-01R-1201-07,0.5281852894803265,0
TCGA-G4-6297-01A-11R-1723-07,0.3690530884139865,0
TCGA-05-4422-01A-01R-1206-07,0.8496038312242785,1
TCGA-67-3773-01A-01R-0946-07,0.8463817567535941,0
TCGA-75-7025-01A-12R-1949-07,0.6091586335897391,1
TCGA-BH-A18I-01A-11R-A12D-07,0.5046356772684614,1
TCGA-E9-A54Y-01A-11R-A466-07,0.8607278837892375,1
TCGA-BP-4758-01A-01R-1289-07,0.5031376813799592,1
TCGA-LN-A9FO-01A-11R-A38D-31,0.8756666512611777,1
TCGA-10-0936-01A-01R-1564-13,0.8731337678391803,1
TCGA-DD-AACP-01A-11R-A41C-07,0.8689806317988585,0
TCGA-NH-A5IV-01A-42R-A37K-07,0.8354491600874862,1
TCGA-44-6777-01A-11R-1858-07,0.5238374513272387,0
TCGA-71-8520-01A-11R-2403-07,0.7443701246668887,0
TCGA-A8-A07I-01A-11R-A00Z-07,0.8548616174509646,0
TCGA-CC-A3M9-01A-11R-A213-07,0.8902237521684655,1
TCGA-AN-A0AK-01A-21R-A00Z-07,0.8514360878019852,0
TCGA-BP-5174-01A-01R-1426-07,0.3500851527112604,1
TCGA-71-6725-01A-11R-1858-07,0.8237431348580037,1
TCGA-25-1623-01A-01R-1566-13,0.7716915585801166,0
TCGA-KK-A6E1-01A-11R-A311-07,0.8722605779245081,1
TCGA-AR-A0TQ-01A-11R-A084-07,0.7855661183997599,1
TCGA-50-5946-01A-11R-1755-07,0.8549524835926979,0
TCGA-A4-8312-01A-11R-2404-07,0.8408918305658099,1
TCGA-FC-7961-01A-11R-A29R-07,0.667887110831138,1
TCGA-AA-A01G-01A-01R-A002-07,0.5134089911362492,1
TCGA-C8-A12Q-01A-11R-A115-07,0.8531971854867528,1
TCGA-HV-A5A5-01A-11R-A26U-07,0.3523157265806949,1
TCGA-BP-4987-01A-01R-1334-07,0.33216766253001884,1
TCGA-24-1564-01A-01R-1566-13,0.7017685889626885,1
TCGA-EJ-7788-01A-11R-2118-07,0.3930178242284574,1
TCGA-O9-A75Z-01A-11R-A33Z-07,0.5069439999036054,1
TCGA-36-1574-01A-01R-1566-13,0.8388001386083882,1
TCGA-21-1070-01A-01R-0692-07,0.6865739242617042,1
TCGA-BP-4976-01A-01R-1334-07,0.30641887521503003,1
TCGA-A7-A0CJ-01A-21R-A00Z-07,0.9188387775569375,1
TCGA-13-1501-01A-01R-1565-13,0.891446970036121,1
TCGA-CZ-5469-01A-01R-1503-07,0.7013801818485378,0
TCGA-29-1776-01A-01R-1567-13,0.7870279833909688,1
TCGA-75-6214-01A-41R-1949-07,0.8277628033349045,1
TCGA-55-8619-01A-11R-2403-07,0.3543700721875231,1
TCGA-A4-A6HP-01A-11R-A31O-07,0.38581664895239276,1
TCGA-LG-A6GG-01A-11R-A311-07,0.8580858363054054,1
TCGA-CC-A9FW-01A-11R-A37K-07,0.848839412967181,0
TCGA-EJ-7781-01A-11R-2118-07,0.2890209849600568,1
TCGA-05-5420-01A-01R-1628-07,0.7533473231319813,1
TCGA-EW-A3U0-01A-11R-A22K-07,0.8181980746816435,1
TCGA-61-2002-01A-01R-1568-13,0.7304658134377258,0
TCGA-B0-4841-01A-01R-1277-07,0.761363099214689,0
TCGA-CJ-4885-01A-01R-1305-07,0.5411272351364997,1
TCGA-AQ-A7U7-01A-22R-A352-07,0.32835515352285827,1
TCGA-VN-A88P-01A-11R-A352-07,0.5454446750189995,1
TCGA-XX-A899-01A-11R-A36F-07,0.5508981645095706,1
TCGA-E2-A14X-01A-11R-A115-07,0.8064509541224452,0
TCGA-E2-A14U-01A-11R-A22K-07,0.2598057806804759,1
TCGA-CJ-6031-01A-11R-1672-07,0.21154039492718565,1
TCGA-38-4627-01A-01R-1206-07,0.4868612064122218,1
TCGA-V1-A9OT-01A-11R-A41O-07,0.7350416018771191,1
TCGA-VR-A8ET-01A-11R-A406-31,0.8999047279366879,1
TCGA-A2-A1G6-01A-11R-A13Q-07,0.44083136136818996,1
TCGA-B0-5110-01A-01R-1420-07,0.14688726195333443,1
TCGA-A4-7585-01A-11R-2139-07,0.5668579599629038,1
TCGA-F2-7276-01A-11R-2156-07,0.11332787286502433,0
TCGA-BP-5168-01A-01R-1420-07,0.40937353192941756,1
TCGA-D5-6540-01A-11R-1723-07,0.7964396241778148,1
TCGA-A6-6652-01A-11R-1774-07,0.7006908452636308,1
TCGA-96-8170-01A-11R-2296-07,0.6314152310891344,1
TCGA-36-1577-01A-01R-1566-13,0.8898294076053994,0
TCGA-44-8120-01A-11R-2241-07,0.8048425991376711,1
TCGA-D5-6532-01A-11R-1723-07,0.6577056344934702,1
TCGA-AR-A2LK-01A-11R-A180-07,0.6061468933773829,0
TCGA-B6-A0X7-01A-11R-A10J-07,0.49837473698528534,1
TCGA-DD-AADQ-01A-11R-A41C-07,0.8450641702567111,0
TCGA-24-1416-01A-01R-1565-13,0.766744450768232,1
TCGA-53-7626-01A-12R-2066-07,0.49411881470143104,1
TCGA-G9-6370-01A-11R-1789-07,0.1693319484633626,1
TCGA-A2-A0CX-01A-21R-A00Z-07,0.8010942675585027,1
TCGA-G9-6498-01A-12R-A311-07,0.788107048461599,0
TCGA-EB-A24D-01A-11R-A18T-07,0.9034300547841996,1
TCGA-P4-A5EB-01A-11R-A28H-07,0.6420177164040314,1
TCGA-55-6970-01A-11R-1949-07,0.7128477895291478,1
TCGA-AD-6963-01A-11R-1928-07,0.5177449482159648,1
TCGA-97-A4M3-01A-11R-A24X-07,0.7988804010241771,0
TCGA-23-2084-01A-02R-1568-13,0.8143563492760357,1
TCGA-E9-A228-01A-31R-A157-07,0.8426297892291316,1
TCGA-BF-A5EQ-01A-21R-A27Q-07,0.8265353533081559,1
TCGA-43-6773-01A-41R-1949-07,0.7543530679807926,1
TCGA-S3-AA17-01A-11R-A41B-07,0.8188305265098262,1
TCGA-D8-A143-01A-11R-A115-07,0.8506489809823239,1
TCGA-2Y-A9H7-01A-11R-A39D-07,0.8649427983270842,1
TCGA-91-6849-01A-11R-1949-07,0.7822409819722542,1
TCGA-B0-4818-01A-01R-1503-07,0.5728275018246236,1
TCGA-DM-A280-01A-12R-A16W-07,0.7363692256877893,1
TCGA-EW-A1PH-01A-11R-A14M-07,0.850970895822974,1
TCGA-VN-A88R-01A-11R-A36G-07,0.7383301201448464,1
TCGA-91-6829-01A-21R-1858-07,0.7446482098517402,0
TCGA-30-1857-01A-02R-1569-13,0.7935845888212533,0
TCGA-V1-A8WS-01A-11R-A37L-07,0.6452200174897327,1
TCGA-D8-A27H-01A-11R-A16F-07,0.8693116831789678,0
TCGA-56-8304-01A-11R-2326-07,0.8125878313780518,1
TCGA-43-5670-01A-21R-2125-07,0.8626121808781293,0
TCGA-OL-A66P-01A-11R-A31O-07,0.8407653863635033,0
TCGA-78-7150-01A-21R-2039-07,0.8327911253489769,1
TCGA-C8-A12L-01A-11R-A115-07,0.888319226053851,1
TCGA-IB-AAUT-01A-11R-A37L-07,0.25938243246330217,0
TCGA-B6-A0IN-01A-11R-A034-07,0.8321568629151906,0
TCGA-O8-A75V-01A-11R-A32O-07,0.5547930104372962,1
TCGA-DD-AAE6-01A-11R-A41C-07,0.8987234502769146,1
TCGA-L5-A8NR-01A-11R-A37I-31,0.7839799239094869,0
TCGA-KK-A8IG-01A-11R-A36G-07,0.373145061998341,0
TCGA-L9-A8F4-01A-11R-A39D-07,0.813713530120079,1
TCGA-13-0887-01A-01R-1564-13,0.8599049568446453,1
TCGA-BH-A1FR-01A-11R-A13Q-07,0.7365929321915977,1
TCGA-BP-4981-01A-01R-1334-07,0.33645631453693814,0
TCGA-DV-5574-01A-01R-1541-07,0.26850287902475,1
TCGA-AA-3696-01A-01R-0905-07,0.834535815386475,1
TCGA-DD-A115-01A-11R-A131-07,0.8285753845808187,1
TCGA-98-A53B-01A-11R-A262-07,0.774307595565102,1
TCGA-FB-A5VM-01A-11R-A32O-07,0.6598999656212933,1
TCGA-AK-3425-01A-02R-1277-07,0.48820583085973474,1
TCGA-CW-5581-01A-02R-1541-07,0.6228672065068936,1
TCGA-5P-A9K4-01A-11R-A42S-07,0.5377175061025925,1
TCGA-HE-A5NK-01A-11R-A26U-07,0.7402356154796569,1
TCGA-B9-A8YI-01A-21R-A37K-07,0.7425110078704561,1
TCGA-HZ-8001-01A-11R-2204-07,0.5343560861331148,1
TCGA-AC-A2FF-01A-11R-A17B-07,0.24107360796807095,1
TCGA-EJ-5512-01A-01R-1580-07,0.14105067961703127,1
TCGA-68-8251-01A-11R-2296-07,0.6880261802505828,0
TCGA-C8-A27B-01A-11R-A169-07,0.8285360496606838,0
TCGA-GF-A769-01A-32R-A32P-07,0.911890900693785,1
TCGA-ZP-A9CZ-01A-11R-A38B-07,0.8080635782477363,1
TCGA-24-1845-01A-01R-1567-13,0.8627437024573501,1
TCGA-29-A5NZ-01A-11R-A406-31,0.8434220971336641,1
TCGA-5P-A9KC-01A-11R-A42S-07,0.8326191569048332,1
TCGA-ZG-A9LY-01A-11R-A41O-07,0.49031147942549763,1
TCGA-13-0890-01A-01R-1564-13,0.8287072303430273,1
TCGA-EW-A1J3-01A-11R-A13Q-07,0.7355072052046375,0
TCGA-ED-A4XI-01A-11R-A266-07,0.4637672608516347,1
TCGA-23-1027-01A-02R-1564-13,0.7543711653623503,0
TCGA-A2-A0CV-01A-31R-A115-07,0.6443213044520212,1
TCGA-B0-5703-01A-11R-1541-07,0.559326579272287,1
TCGA-BH-A18P-01A-11R-A12D-07,0.718310128963701,1
TCGA-60-2703-01A-11R-2045-07,0.8069309022737017,1
TCGA-DD-AAD6-01A-11R-A41C-07,0.8792078184629339,1
TCGA-5P-A9KA-01A-11R-A42S-07,0.5328433460545159,1
TCGA-IB-7652-01A-11R-2156-07,0.512681882869558,1
TCGA-97-A4M0-01A-11R-A24X-07,0.7044309663158632,1
TCGA-LN-A4A9-01A-11R-A28J-31,0.8908967703427325,0
TCGA-58-A46M-01A-11R-A24H-07,0.8516172214894696,0
TCGA-DD-AADM-01A-11R-A41C-07,0.6458713868683076,1
TCGA-K7-A6G5-01A-11R-A311-07,0.6893853953354876,1
TCGA-55-8204-01A-11R-2241-07,0.7361677311674851,0
TCGA-B4-5834-01A-11R-1672-07,0.32840583389083583,0
TCGA-69-7764-01A-11R-2170-07,0.7885233252779554,1
TCGA-A3-3380-01A-01R-0864-07,0.4464112759558234,1
TCGA-MF-A522-01A-11R-A262-07,0.8358337669818601,1
TCGA-FB-AAPY-01A-11R-A41B-07,0.34693149504798837,1
TCGA-HC-8260-01A-11R-2263-07,0.14286906470110847,0
TCGA-35-3615-01A-01R-0946-07,0.7438721120072758,1
TCGA-BF-AAOX-01A-11R-A39D-07,0.9193642621482855,1
TCGA-49-4510-01A-01R-1206-07,0.8220586784989549,1
TCGA-55-7726-01A-11R-2170-07,0.7506835354648131,0
TCGA-D5-6536-01A-11R-1723-07,0.7985137512563644,1
TCGA-43-A56U-01A-11R-A26W-07,0.6547129254157392,1
TCGA-EP-A3JL-01A-11R-A213-07,0.5545389591423583,0
TCGA-HC-8258-01A-11R-2263-07,0.16595389377339795,1
TCGA-Z6-A9VB-01A-21R-A37I-31,0.7251269933108974,1
TCGA-V1-A9O5-01A-11R-A41O-07,0.7673118815056436,1
TCGA-77-8146-01A-11R-2247-07,0.591904852013629,1
TCGA-EU-5906-01A-11R-1672-07,0.136577264809743,1
TCGA-34-2608-01A-02R-0851-07,0.3527267916707478,1
TCGA-LD-A7W6-01A-81R-A352-07,0.5414923402664277,0
TCGA-B8-4143-01A-01R-1188-07,0.8192108996981434,1
TCGA-BQ-5883-01A-11R-1592-07,0.7776694181704419,0
TCGA-V5-AASV-01A-11R-A38D-31,0.9151008513234703,1
TCGA-A7-A0D9-01A-31R-A056-07,0.8733190938242251,1
TCGA-A6-2676-01A-01R-0826-07,0.8711790238128752,1
TCGA-DM-A1D7-01A-11R-A155-07,0.6860606310488928,1
TCGA-B6-A3ZX-01A-11R-A239-07,0.7241233190283007,1
TCGA-05-4402-01A-01R-1206-07,0.44187567760734264,1
TCGA-AA-3555-01A-01R-0821-07,0.6979732448639026,1
TCGA-G3-A7M7-01A-12R-A352-07,0.5945282710524661,1
TCGA-A3-3351-01A-02R-1325-07,0.1788124137118415,1
TCGA-EB-A4IQ-01A-12R-A266-07,0.8408634262611834,0
TCGA-CJ-4907-01A-01R-1426-07,0.2160936205569244,1
TCGA-B8-5163-01A-01R-1420-07,0.37167481188955764,1
TCGA-AQ-A1H3-01A-31R-A13Q-07,0.5427093807565043,1
TCGA-52-7811-01A-11R-2125-07,0.7788135285588749,1
TCGA-AR-A250-01A-31R-A169-07,0.7458730878819446,1
TCGA-J9-A8CK-01A-11R-A352-07,0.5238236529079554,1
TCGA-A2-A04U-01A-11R-A115-07,0.9388614379224974,1
TCGA-77-6843-01A-11R-1949-07,0.8343228474830363,1
TCGA-EW-A6SD-01A-12R-A33J-07,0.896900623960304,1
TCGA-BH-A0B5-01A-11R-A12P-07,0.5154571988396787,1
TCGA-29-2425-01A-01R-1569-13,0.8666437698130658,0
TCGA-AA-3972-01A-01R-1022-07,0.6706474908456651,1
TCGA-B6-A0IK-01A-12R-A056-07,0.8782896127593633,1
TCGA-V1-A8MJ-01A-11R-A36G-07,0.4017015756640728,1
TCGA-B0-5707-01A-11R-1541-07,0.5028626855155166,1
TCGA-13-1409-01A-01R-1565-13,0.8550899655823926,1
TCGA-HC-7817-01B-11R-A29R-07,0.541051309429148,1
TCGA-LN-A4MR-01A-11R-A28J-31,0.869749158346004,1
TCGA-CM-4747-01A-01R-1410-07,0.8422462206933369,1
TCGA-BP-5192-01A-01R-1426-07,0.5409546049270751,1
TCGA-CC-A7IF-01A-11R-A33J-07,0.8447430316922554,1
TCGA-75-6212-01A-11R-1755-07,0.6974684769597082,1
TCGA-61-2095-01A-01R-1568-13,0.5261490515661824,1
TCGA-BP-4992-01A-01R-1334-07,0.7956328996775323,1
TCGA-KK-A6E7-01A-11R-A31N-07,0.8122890165157297,1
TCGA-24-1469-01A-01R-1566-13,0.8398097421565874,0
TCGA-DD-A73B-01A-12R-A32O-07,0.8590612164674568,1
TCGA-LN-A9FQ-01A-31R-A38D-31,0.6784928743091104,1
TCGA-J2-A4AG-01A-11R-A24H-07,0.7339842503510604,1
TCGA-G6-A8L8-01A-21R-A37O-07,0.6947522276434027,1
TCGA-A2-A0CS-01A-11R-A115-07,0.6528626701285316,1
TCGA-DD-AACA-01A-11R-A41C-07,0.873078364849032,1
TCGA-A2-A0CZ-01A-11R-A034-07,0.5413062368787004,1
TCGA-23-1110-01A-01R-1564-13,0.8858581759264402,1
TCGA-E2-A150-01A-11R-A12D-07,0.8505987592377158,1
TCGA-A6-6142-01A-11R-1774-07,0.5833641314876794,1
TCGA-AO-A124-01A-11R-A10J-07,0.8910808693925996,1
TCGA-NC-A5HJ-01A-11R-A26W-07,0.7297117204957357,1
TCGA-85-8352-01A-31R-2326-07,0.9201119492602832,0
TCGA-B8-5545-01A-01R-1672-07,0.16550489311814726,0
TCGA-DD-A118-01A-11R-A131-07,0.8591393368539982,1
TCGA-NJ-A4YP-01A-11R-A262-07,0.7223088908876335,0
TCGA-94-7557-01A-11R-2125-07,0.7576922513527212,1
TCGA-78-7156-01A-11R-2039-07,0.8635146046229443,0
TCGA-BH-A0HP-01A-12R-A084-07,0.5767499104830607,1
TCGA-B1-A656-01A-11R-A31O-07,0.6058204076249276,1
TCGA-39-5037-01A-01R-1443-07,0.8476890335850664,1
TCGA-CJ-4892-01A-01R-1305-07,0.2454581295773089,1
TCGA-55-1592-01A-01R-0946-07,0.8431699534612321,1
TCGA-E2-A1L7-01A-11R-A144-07,0.8540697807763815,0
TCGA-49-4512-01A-21R-1858-07,0.6757376462510833,1
TCGA-A1-A0SH-01A-11R-A084-07,0.5622592375301231,1
TCGA-G9-6339-01A-12R-A311-07,0.40596377210897333,1
TCGA-67-3771-01A-01R-0946-07,0.8007920522347869,1
TCGA-J7-6720-01A-11R-2139-07,0.2834820086308019,0
TCGA-C8-A12O-01A-11R-A115-07,0.5986206735698912,1
TCGA-CH-5741-01A-11R-1580-07,0.7644792822368718,1
TCGA-EJ-A8FU-01A-11R-A36G-07,0.14413180168035142,0
TCGA-B0-4849-01A-01R-1277-07,0.48977723883486235,1
TCGA-HC-A76W-01A-11R-A33R-07,0.5247757688048386,1
TCGA-CC-A8HT-01A-11R-A36F-07,0.8684180395451315,1
TCGA-G4-6320-01A-11R-1723-07,0.7205437385966461,0
TCGA-BP-4763-01A-01R-1289-07,0.6934527892651364,1
TCGA-A8-A097-01A-11R-A034-07,0.8118358717047482,1
TCGA-73-4662-01A-01R-1206-07,0.8064973783188305,1
TCGA-RC-A7SH-01A-11R-A38B-07,0.8388785899068956,0
TCGA-09-1661-01B-01R-1566-13,0.8072622773348945,1
TCGA-66-2766-01A-01R-0851-07,0.8844913677665953,1
TCGA-A2-A3XZ-01A-42R-A239-07,0.8732983789507004,1
TCGA-36-1581-01A-01R-1566-13,0.8165505221692247,1
TCGA-CH-5789-01A-11R-1580-07,0.33260830079127585,0
TCGA-BH-A1F0-01A-11R-A137-07,0.754041569214924,0
TCGA-91-6847-01A-11R-1949-07,0.8920043165428674,1
TCGA-52-7809-01A-21R-2125-07,0.8285708194717165,0
TCGA-BD-A3ER-01A-11R-A213-07,0.6528886669009026,1
TCGA-13-1511-01A-01R-1565-13,0.8751286022301169,1
TCGA-21-1079-01A-01R-0692-07,0.8891845205894374,1
TCGA-BH-A18V-01A-11R-A12D-07,0.825365654344356,1
TCGA-F4-6569-01A-11R-1774-07,0.472486512451947,1
TCGA-66-2781-01A-01R-0851-07,0.8224317240647617,0
TCGA-G3-A5SK-01A-11R-A27V-07,0.8584162843894388,1
TCGA-AC-A62V-01A-11R-A31O-07,0.8755873006782765,1
TCGA-BP-5195-01A-02R-1426-07,0.18367357530821762,0
TCGA-A8-A0A1-01A-11R-A00Z-07,0.5348671090419677,1
TCGA-38-4629-01A-02R-1206-07,0.7299494269604806,1
TCGA-AC-A5EH-01A-11R-A28M-07,0.8280181382863065,0
TCGA-M7-A721-01A-12R-A32O-07,0.2710743813314089,1
TCGA-23-1028-01A-01R-1564-13,0.8601980180727715,1
TCGA-AZ-5407-01A-01R-1723-07,0.5549641871405699,1
TCGA-56-8625-01A-11R-2403-07,0.6901900474756401,1
TCGA-NC-A5HM-01A-12R-A26W-07,0.7289961681819007,1
TCGA-58-A46L-01A-11R-A24H-07,0.8629872800661866,1
TCGA-B6-A0IH-01A-11R-A115-07,0.5018434682016387,1
TCGA-77-A5FZ-01A-31R-A27Q-07,0.1737376293733882,1
TCGA-CK-4947-01B-11R-1653-07,0.4613511513174908,1
TCGA-AC-A2QI-01A-12R-A19W-07,0.49318328897171687,1
TCGA-G3-AAV4-01A-11R-A38B-07,0.9028538779856711,1
TCGA-93-7347-01A-11R-2187-07,0.4721810334287692,1
TCGA-LL-A73Z-01A-11R-A32P-07,0.5954123852333032,1
TCGA-AC-A2BK-01A-11R-A21T-07,0.9184900989234768,1
TCGA-25-1315-01A-01R-1565-13,0.858515981200336,1
TCGA-A2-A0T2-01A-11R-A084-07,0.7924988424233792,1
TCGA-P4-A5E7-01A-31R-A28H-07,0.4988015606016315,1
TCGA-E2-A574-01A-11R-A29R-07,0.8972177686158287,1
TCGA-09-2051-01A-01R-1568-13,0.8641542465124594,1
TCGA-S3-A6ZH-01A-22R-A32P-07,0.8081511463826131,1
TCGA-AA-3548-01A-01R-1873-07,0.5984826926233231,1
TCGA-B9-A8YH-01A-11R-A37K-07,0.25264143366136965,1
TCGA-AA-3971-01A-01R-1022-07,0.5914340396362894,1
TCGA-BP-5169-01A-01R-1426-07,0.8092186496921168,0
TCGA-A2-A3XW-01A-11R-A239-07,0.7961464149612243,1
TCGA-AU-3779-01A-01R-1723-07,0.6202850180558881,1
TCGA-21-1071-01A-01R-0692-07,0.5672204753724677,1
TCGA-2L-AAQE-01A-11R-A39D-07,0.6845921901653476,1
TCGA-78-7143-01A-11R-2039-07,0.7411119639651993,1
TCGA-CM-5863-01A-21R-1839-07,0.36091285607577145,1
TCGA-85-8288-01A-11R-2296-07,0.7203655197920718,1
TCGA-CC-5259-01A-31R-A213-07,0.8944727370416536,0
TCGA-22-5480-01A-01R-1635-07,0.7968516182400688,1
TCGA-DW-7963-01B-11R-A28H-07,0.3377012310854153,1
TCGA-A1-A0SN-01A-11R-A144-07,0.8570260883894534,1
TCGA-V1-A8X3-01A-11R-A37L-07,0.33808387543151797,1
TCGA-E9-A22D-01A-11R-A157-07,0.8211046476432952,1
TCGA-B0-5075-01A-01R-1334-07,0.5024078156435748,1
TCGA-AK-3433-01A-02R-1277-07,0.8656334836281415,0
TCGA-BP-4331-01A-01R-1289-07,0.14950720400624262,1
TCGA-ES-A2HT-01A-12R-A180-07,0.7743321287760694,1
TCGA-29-1766-01A-01R-1567-13,0.7995271079289976,0
TCGA-HZ-7926-01A-11R-2156-07,0.5577368587817414,1
TCGA-4L-AA1F-01A-11R-A41O-07,0.4730698850956653,1
TCGA-Q2-A5QZ-01A-11R-A28H-07,0.8518628039192907,1
TCGA-49-4490-01A-21R-1858-07,0.6951043898207551,1
TCGA-2Y-A9H2-01A-12R-A38B-07,0.8227289732441142,0
TCGA-24-1923-01A-01R-1567-13,0.7744083199642209,1
TCGA-22-4595-01A-01R-1201-07,0.789779531498529,1
TCGA-44-6147-01B-06R-A277-07,0.8438233590516766,1
TCGA-3A-A9I5-01A-11R-A38C-07,0.6946339351021398,1
TCGA-50-5933-01A-11R-1755-07,0.7308691847424865,1
TCGA-BP-4995-01A-01R-1334-07,0.01948659174321201,1
TCGA-A2-A1FV-01A-11R-A13Q-07,0.8623239856000099,1
TCGA-CZ-4866-01A-01R-1503-07,0.4491764602117803,1
TCGA-F4-6570-01A-11R-1774-07,0.7662446676495911,0
TCGA-BH-A0EI-01A-11R-A115-07,0.65124892200773,1
TCGA-AA-3713-01A-21R-1723-07,0.7828791664350699,0
TCGA-NI-A4U2-01A-11R-A28V-07,0.8600925414559717,1
TCGA-DD-AADY-01A-11R-A41C-07,0.800537626069952,1
TCGA-05-4405-01A-21R-1858-07,0.5437719257914887,0
TCGA-EJ-8469-01A-11R-2403-07,0.6793643568841797,0
TCGA-CK-5914-01A-11R-1653-07,0.5471312923504815,1
TCGA-61-2104-01A-01R-1568-13,0.7783493664747256,1
TCGA-95-7562-01A-11R-2241-07,0.8891645612118348,1
TCGA-NK-A5CR-01A-11R-A26W-07,0.8758003144181813,0
TCGA-DD-AACU-01A-11R-A41C-07,0.7934035152630228,0
TCGA-DD-A119-01A-11R-A131-07,0.8017775670698342,1
TCGA-GM-A3NW-01A-21R-A22K-07,0.8336965497914873,1
TCGA-50-8459-01A-11R-2326-07,0.34727390591652196,1
TCGA-AO-A12C-01A-11R-A10J-07,0.7875623860734353,1
TCGA-CK-4950-01A-01R-1723-07,0.3462870836260338,1
TCGA-55-6987-01A-11R-1949-07,0.5365574531376436,1
TCGA-G3-A7M6-01A-11R-A33R-07,0.8743605943269092,1
TCGA-EW-A3E8-01B-11R-A24H-07,0.5318511204795847,1
TCGA-AO-A0JB-01A-11R-A32Y-07,0.7666686970666304,1
TCGA-EJ-A8FO-01A-21R-A36G-07,0.12389476389723905,1
TCGA-CM-6168-01A-11R-1653-07,0.36308801814534647,1
TCGA-J4-8198-01A-11R-2263-07,0.4649737208321534,0
TCGA-YL-A8SA-01A-21R-A37L-07,0.620703698127444,1
TCGA-CJ-5679-01A-11R-1541-07,0.8003754186820845,0
TCGA-LL-A7SZ-01A-32R-A352-07,0.8358743988413708,1
TCGA-CM-6677-01A-11R-1839-07,0.5673759387734472,1
TCGA-BP-4973-01A-01R-1334-07,0.2728595685090341,1
TCGA-2L-AAQJ-01A-12R-A39D-07,0.6522438816812998,1
TCGA-09-0367-01A-01R-1564-13,0.8604314005083045,1
TCGA-BQ-7044-01A-11R-1965-07,0.6627912621282243,1
TCGA-B0-4813-01A-01R-1277-07,0.8691111580476508,1
TCGA-24-1104-01A-01R-1565-13,0.8471492075119816,1
TCGA-HC-A6HY-01A-11R-A31N-07,0.297240223593132,1
TCGA-L5-A8NK-01A-21R-A37I-31,0.6917145340990991,1
TCGA-31-1953-01A-01R-1568-13,0.7918165077423479,0
TCGA-BH-A8FY-01A-11R-A36F-07,0.6896312710849648,1
TCGA-B0-5107-01A-01R-1420-07,0.8032936310472383,1
TCGA-09-1673-01A-01R-1566-13,0.9099570246723556,0
TCGA-CH-5764-01A-21R-1580-07,0.255196661219834,1
TCGA-2H-A9GN-01A-11R-A37I-31,0.8723988915465296,1
TCGA-23-1024-01A-02R-1564-13,0.916871730658996,1
TCGA-B8-5549-01A-01R-1541-07,0.30743879267520585,1
TCGA-GL-8500-01A-11R-2404-07,0.5882108379581253,1
TCGA-KK-A8IM-01A-11R-A36G-07,0.09483254610546883,1
TCGA-BH-A0BQ-01A-21R-A115-07,0.4944309432929479,1
TCGA-G3-A6UC-01A-21R-A33J-07,0.8382648723949454,1
TCGA-20-1687-01A-01R-1566-13,0.8063021637577624,1
TCGA-AC-A2QH-01A-11R-A18M-07,0.907471553137901,1
TCGA-DM-A28M-01A-12R-A16W-07,0.5994232458172779,1
TCGA-13-0899-01A-01R-1564-13,0.8418968730970494,0
TCGA-2Y-A9GW-01A-11R-A38B-07,0.5176521578128274,1
TCGA-2A-A8VT-01A-11R-A37L-07,0.6470186182225203,1
TCGA-D5-6922-01A-11R-1928-07,0.43231253050120044,1
TCGA-24-1847-01A-01R-1566-13,0.8485256617359658,1
TCGA-AC-A2FO-01A-11R-A180-07,0.4364982077090322,0
TCGA-UB-A7MC-01A-11R-A33R-07,0.8210277828488245,1
TCGA-MP-A4TK-01A-11R-A24X-07,0.7236016036053033,1
TCGA-04-1542-01A-01R-1566-13,0.8962819126786371,1
TCGA-EW-A1P8-01A-11R-A144-07,0.8176763012573656,1
TCGA-G7-7501-01A-11R-2204-07,0.8476250647123499,1
TCGA-A2-A0D0-01A-11R-A00Z-07,0.9149150852385651,1
TCGA-HC-7079-01A-11R-1965-07,0.25677711602723907,1
TCGA-KK-A8IA-01A-11R-A36G-07,0.6332823563433188,1
TCGA-D5-6529-01A-11R-1774-07,0.5947097154059657,0
TCGA-G4-6304-01A-11R-1928-07,0.7526751162524149,1
TCGA-BH-A0HB-01A-11R-A056-07,0.785400929173794,0
TCGA-CJ-4882-01A-02R-1426-07,0.6428659365361775,0
TCGA-24-1435-01A-01R-1566-13,0.7871208650554055,1
TCGA-AA-3492-01A-01R-1410-07,0.8755277924862579,1
TCGA-IZ-8196-01A-11R-2404-07,0.5815331442312115,0
TCGA-UB-A7ME-01A-11R-A33J-07,0.8008608000924059,1
TCGA-6A-AB49-01A-12R-A405-07,0.8895540940056927,1
TCGA-63-7021-01A-11R-1949-07,0.6482205436463174,1
TCGA-A2-A0EN-01A-13R-A084-07,0.4046508380304504,1
TCGA-A8-A0A2-01A-11R-A034-07,0.6570539672756545,1
TCGA-DD-AACX-01A-11R-A41C-07,0.8399280950044955,1
TCGA-E2-A14O-01A-31R-A115-07,0.8213900886717523,1
TCGA-AA-3695-01A-01R-0905-07,0.9427730566121701,1
TCGA-A2-A0EM-01A-11R-A034-07,0.5951426211684415,1
TCGA-AA-3549-01A-02R-0821-07,0.8157792045658157,0
TCGA-ED-A7XP-01A-11R-A352-07,0.7316502704744597,1
TCGA-97-7938-01A-11R-2170-07,0.6911813844897232,1
TCGA-23-1122-01A-01R-1565-13,0.7427486890743986,1
TCGA-AA-A01I-01A-02R-A089-07,0.6518483130079975,1
TCGA-ZS-A9CG-01A-11R-A37K-07,0.7869789696344339,1
TCGA-A7-A0DA-01A-31R-A115-07,0.8456365726131846,1
TCGA-29-1701-01A-01R-1567-13,0.8758777603409795,0
TCGA-LN-A4A6-01A-11R-A260-31,0.8665262557861543,1
TCGA-2H-A9GQ-01A-11R-A37I-31,0.9312792786258116,1
TCGA-B8-4620-01A-02R-1325-07,0.6604728545004575,1
TCGA-B0-4718-01A-01R-1277-07,0.6112959982998899,1
TCGA-AA-3861-01A-01R-1022-07,0.596769536725736,1
TCGA-D5-6932-01A-11R-1928-07,0.6768680273473983,1
TCGA-55-8091-01A-11R-2241-07,0.5661868265942668,1
TCGA-64-1681-01A-11R-2066-07,0.7073204155162244,1
TCGA-VR-AA7I-01A-11R-A406-31,0.784319919601859,1
TCGA-AZ-4308-01A-01R-1410-07,0.8193819513196964,0
TCGA-13-1403-01A-01R-1565-13,0.8489482722021536,0
TCGA-AL-3471-01A-02R-1351-07,0.7724275136681076,1
TCGA-23-2078-01A-01R-1568-13,0.8211189922694299,1
TCGA-25-2409-01A-01R-1569-13,0.8241800529403134,1
TCGA-BH-A0W7-01A-11R-A115-07,0.5730281316408712,1
TCGA-DM-A1D6-01A-21R-A155-07,0.7866888935912942,1
TCGA-13-1512-01A-01R-1565-13,0.9162957763973424,1
TCGA-23-1111-01A-01R-1567-13,0.839212905626943,0
TCGA-43-6647-01A-11R-1820-07,0.8023717264628449,0
TCGA-85-7698-01A-11R-2125-07,0.5328896361076151,1
TCGA-MW-A4EC-01A-11R-A266-07,0.4559725994974653,1
TCGA-58-A46J-01A-11R-A24H-07,0.8216435683400142,0
TCGA-DD-AAVX-01A-11R-A41C-07,0.8109146930591314,1
TCGA-29-1777-01A-01R-1567-13,0.7916284377585361,0
TCGA-A2-A3XX-01A-21R-A239-07,0.858444759091176,1
TCGA-55-7725-01A-11R-2170-07,0.7289506405610499,1
TCGA-BH-A0DP-01A-21R-A056-07,0.40924154446716204,0
TCGA-PD-A5DF-01A-11R-A27V-07,0.8552102740568832,1
TCGA-77-7465-01A-11R-2045-07,0.834709152937637,1
TCGA-A6-5659-01A-01R-A278-07,0.7748144632251953,1
TCGA-A8-A08G-01A-11R-A00Z-07,0.6704572060772481,0
TCGA-39-5029-01A-01R-1443-07,0.8140521831349548,1
TCGA-DD-AAVQ-01A-11R-A41C-07,0.7091056909163977,1
TCGA-BH-A0DK-01A-21R-A056-07,0.6638064127289449,1
TCGA-AC-A2QJ-01A-12R-A19W-07,0.7607974591955583,0
TCGA-BP-4799-01A-01R-1305-07,0.8304603614630374,1
TCGA-18-3415-01A-01R-0980-07,0.7736206617837013,0
TCGA-22-A5C4-01A-12R-A27Q-07,0.8967153769687517,0
TCGA-Y8-A896-01A-11R-A36F-07,0.6483411058763018,1
TCGA-AC-A2FG-01A-11R-A17B-07,0.5171307016519361,0
TCGA-CW-5584-01A-01R-1541-07,0.2451301984848604,0
TCGA-58-8387-01A-11R-2296-07,0.8553097384788082,1
TCGA-55-7724-01A-11R-2170-07,0.5437311470223788,1
TCGA-AO-A12B-01A-11R-A10J-07,0.7978148414143869,1
TCGA-KC-A7F3-01A-21R-A33R-07,0.3797748603797422,0
TCGA-49-4514-01A-21R-1858-07,0.8811226715403244,1
TCGA-A8-A09N-01A-11R-A00Z-07,0.8080009767146347,1
TCGA-C8-A12W-01A-11R-A115-07,0.6895950133453937,1
TCGA-BP-4797-01A-01R-1305-07,0.3198771004694757,1
TCGA-G3-A7M9-01A-23R-A352-07,0.8395353416864112,0
TCGA-55-7815-01A-11R-2170-07,0.7962615092696751,1
TCGA-EJ-A8FP-01A-21R-A36G-07,0.15149084957004696,0
TCGA-AN-A0FT-01A-11R-A034-07,0.8718204760477817,1
TCGA-A2-A25A-01A-12R-A16F-07,0.3072888863014632,1
TCGA-33-4547-01A-01R-1201-07,0.7311372699976862,1
TCGA-G9-7523-01A-11R-2263-07,0.5443655811899574,1
TCGA-KK-A8II-01A-11R-A36G-07,0.6025244416860759,0
TCGA-09-2048-01A-01R-1568-13,0.8718093132958897,1
TCGA-B0-4824-01A-01R-1277-07,0.3070156024515095,1
TCGA-BH-A0DH-01A-11R-A084-07,0.8240244451651219,1
TCGA-55-8615-01A-11R-2403-07,0.7984701702771193,1
TCGA-78-8648-01A-11R-2403-07,0.3691447156271373,1
TCGA-05-4426-01A-01R-1206-07,0.7932496452242455,1
TCGA-CW-6087-01A-11R-1672-07,0.6109800418446351,1
TCGA-BH-A2L8-01A-11R-A18M-07,0.6391080758764759,0
TCGA-64-1680-01A-02R-0946-07,0.7657531996247207,0
TCGA-ER-A19T-01A-11R-A18T-07,0.9256684853597399,1
TCGA-IB-7891-01A-11R-2204-07,0.28785931184687413,1
TCGA-SX-A7SN-01A-11R-A355-07,0.49472790253035764,1
TCGA-EJ-7793-01A-31R-2263-07,0.22047386476590136,1
TCGA-23-1118-01A-01R-1564-13,0.7734752790849497,1
TCGA-AQ-A54N-01A-11R-A266-07,0.8876511857117526,1
TCGA-DD-AAW1-01A-11R-A41C-07,0.7874452284314033,1
TCGA-L5-A43E-01A-11R-A24K-31,0.7703776342649059,0
TCGA-AA-A00O-01A-02R-A089-07,0.8343370606295065,1
TCGA-24-2261-01A-01R-1568-13,0.8347324015769142,0
TCGA-AA-3688-01A-01R-0905-07,0.5598650779805108,1
TCGA-UZ-A9PV-01A-11R-A42S-07,0.6566837070175686,1
TCGA-37-A5EN-01A-21R-A26W-07,0.8525613894927677,0
TCGA-09-2053-01C-01R-1568-13,0.8044423165090614,1
TCGA-EW-A1J5-01A-11R-A13Q-07,0.6962882615006373,1
TCGA-IB-AAUQ-01A-22R-A41I-07,0.6207363237560759,1
TCGA-A2-A0SX-01A-12R-A084-07,0.6479436074037398,1
TCGA-H8-A6C1-01A-11R-A32O-07,0.563995191468433,1
TCGA-P4-AAVO-01A-11R-A42S-07,0.7752540942015714,1
TCGA-A7-A6VY-01A-12R-A33J-07,0.844835469919128,1
TCGA-BP-5177-01A-01R-1426-07,0.3379968928298963,1
TCGA-37-4141-01A-02R-1100-07,0.8695226954015165,1
TCGA-85-8355-01A-11R-2296-07,0.7050795936659273,0
TCGA-60-2719-01A-01R-0851-07,0.7962332991180379,1
TCGA-AA-A01C-01A-01R-A00A-07,0.5922876640181527,1
TCGA-G9-6329-01A-13R-1965-07,0.32162172815596174,1
TCGA-BH-A0HK-01A-11R-A056-07,0.8292691477756812,0
TCGA-34-5239-01A-21R-1820-07,0.7166895219820423,1
TCGA-NC-A5HH-01A-11R-A26W-07,0.9055961624207605,0
TCGA-NC-A5HK-01A-11R-A26W-07,0.8816513854111478,0
TCGA-69-7973-01A-11R-2187-07,0.7957900647409666,0
TCGA-77-8128-01A-11R-2247-07,0.7798081723193142,1
TCGA-B0-5700-01A-11R-1541-07,0.33394092152307575,1
TCGA-IB-8126-01A-11R-2404-07,0.4467473426738271,0
TCGA-QL-A97D-01A-12R-A41B-07,0.7468874006642724,1
TCGA-XR-A8TC-01A-11R-A36F-07,0.8603292658232522,1
TCGA-63-A5MU-01A-11R-A26W-07,0.8530333951215364,1
TCGA-B8-A54F-01A-11R-A266-07,0.5436086465805091,1
TCGA-78-7220-01A-11R-2039-07,0.8362876661475989,1
TCGA-97-8176-01A-11R-2403-07,0.7872424188958097,1
TCGA-G4-6293-01A-11R-1723-07,0.5920059774083626,1
TCGA-05-5715-01A-01R-1628-07,0.71364241875763,0
TCGA-E2-A1IF-01A-11R-A144-07,0.6115116754589094,1
TCGA-AC-A3YI-01A-21R-A239-07,0.41318287715562246,1
TCGA-2J-AAB6-01A-11R-A41B-07,0.7739056638118391,0
TCGA-B1-A47N-01A-11R-A24Z-07,0.7329553951807035,0
TCGA-D8-A1JL-01A-11R-A13Q-07,0.7685480850391059,1
TCGA-SS-A7HO-01A-21R-A37K-07,0.7073940108710238,1
TCGA-58-8390-01A-11R-2326-07,0.8013651721381181,1
TCGA-85-8582-01A-21R-2403-07,0.7519930164479478,0
TCGA-J9-A8CL-01A-11R-A352-07,0.7919639878279162,1
TCGA-BQ-5888-01A-11R-1592-07,0.797527272130814,0
TCGA-GM-A2DF-01A-11R-A180-07,0.8309520329280331,1
TCGA-CJ-4891-01A-01R-1305-07,0.802003762333676,0
TCGA-E2-A14R-01A-11R-A115-07,0.9170095125017053,1
TCGA-30-1853-01A-02R-1567-13,0.8762762798875214,1
TCGA-EV-5903-01A-11R-1592-07,0.5168465290488663,1
TCGA-G9-6353-01A-11R-1965-07,0.16973019345699167,1
TCGA-BC-A110-01A-11R-A131-07,0.7273166674479679,1
TCGA-04-1648-01A-01R-1567-13,0.8862442011538506,1
TCGA-55-6983-01A-11R-1949-07,0.4696792483906263,0
TCGA-WX-AA44-01A-11R-A39D-07,0.7974072018477278,1
TCGA-C8-A132-01A-31R-A115-07,0.7795932342047972,1
TCGA-A2-A0CU-01A-12R-A034-07,0.791115540053779,1
TCGA-46-3769-01A-01R-0980-07,0.8708462901861604,1
TCGA-PE-A5DC-01A-12R-A27Q-07,0.8406245303824456,1
TCGA-2J-AAB9-01A-11R-A41B-07,0.3329147957354527,1
TCGA-21-1083-01A-01R-0692-07,0.8789251203512188,1
TCGA-E2-A15F-01A-11R-A115-07,0.6981540201135551,0
TCGA-BH-A1F5-01A-12R-A13Q-07,0.7659617124087599,1
TCGA-EW-A1P4-01A-21R-A144-07,0.8738342806994829,1
TCGA-29-1778-01A-01R-1567-13,0.8588593656835587,1
TCGA-30-1718-01A-01R-1567-13,0.7902308528642465,1
TCGA-86-8074-01A-11R-2241-07,0.6513621661708612,1
TCGA-A6-6782-01A-11R-1839-07,0.35733038224086866,1
TCGA-IA-A83V-01A-11R-A355-07,0.5701533342326066,1
TCGA-KK-A6E5-01A-11R-A311-07,0.27766480040944025,0
TCGA-L9-A5IP-01A-21R-A39D-07,0.889804008024715,1
TCGA-58-8391-01A-11R-2326-07,0.8177586584323842,0
TCGA-KK-A8IK-01A-11R-A36G-07,0.813691933516726,0
TCGA-F4-6807-01A-11R-1839-07,0.3924456410476925,0
TCGA-EJ-5516-01A-01R-1580-07,0.178551353185561,1
TCGA-85-8350-01A-11R-2296-07,0.6267402178640282,1
TCGA-KK-A7AZ-01A-12R-A32O-07,0.7479774822353058,1
TCGA-DW-7842-01A-11R-A32Z-07,0.47029833516444536,1
TCGA-OL-A6VQ-01A-12R-A41B-07,0.3246271839464337,1
TCGA-31-1946-01A-01R-1568-13,0.7463558602413217,1
TCGA-AZ-6606-01A-11R-1839-07,0.7569909244641343,1
TCGA-DD-AAD1-01A-11R-A41C-07,0.6672806017958317,1
TCGA-A2-A0CO-01A-13R-A22K-07,0.26556179356275506,1
TCGA-CM-4750-01A-01R-1410-07,0.6625836351492325,1
TCGA-AC-A4ZE-01A-11R-A41B-07,0.7913901922170191,0
TCGA-BP-4327-01A-01R-1289-07,0.32705597231258077,1
TCGA-UZ-A9PX-01A-11R-A42S-07,0.46266075658690053,1
TCGA-BH-A0B9-01A-11R-A056-07,0.8698113902508698,1
TCGA-FB-AAQ0-01A-31R-A41B-07,0.6453475214936043,0
TCGA-A8-A09K-01A-11R-A00Z-07,0.8340096703165526,1
TCGA-55-1595-01A-01R-0946-07,0.8089816245289025,1
TCGA-J4-A83K-01A-11R-A352-07,0.06372853767738151,1
TCGA-A2-A1G4-01A-11R-A13Q-07,0.8269083049610245,1
TCGA-A2-A04T-01A-21R-A034-07,0.8341634535296665,1
TCGA-V1-A8MK-01A-11R-A36G-07,0.12671136608412564,1
TCGA-AN-A03X-01A-21R-A00Z-07,0.8088397570930673,0
TCGA-97-7547-01A-11R-2039-07,0.855349613068439,1
TCGA-AD-6889-01A-11R-1928-07,0.8547005798596684,1
TCGA-KK-A7AW-01A-11R-A32O-07,0.6166442152300582,1
TCGA-AO-A03N-01B-11R-A10J-07,0.7784239282969402,1
TCGA-EJ-5530-01A-01R-1580-07,0.16098550547708004,1
TCGA-P4-AAVM-01A-11R-A42S-07,0.49850501945631026,1
TCGA-66-2778-01A-02R-0851-07,0.7993275926634568,1
TCGA-HC-A6AP-01A-11R-A30B-07,0.3056212482291815,1
TCGA-Z6-AAPN-01A-11R-A406-31,0.856813495377036,1
TCGA-CJ-4886-01A-01R-1305-07,0.06888697967455704,1
TCGA-BP-4769-01A-01R-1289-07,0.4392034715507948,1
TCGA-D8-A1XM-01A-21R-A14M-07,0.44838743977482204,1
TCGA-A7-A4SA-01A-11R-A266-07,0.7889057427632316,1
TCGA-LN-A7HZ-01A-31R-A354-31,0.7340409176906437,1
TCGA-AR-A1AO-01A-11R-A12P-07,0.5121355375750001,1
TCGA-Y6-A9XI-01A-11R-A41O-07,0.5370359239791642,1
TCGA-31-1951-01A-01R-1568-13,0.8131212957214189,1
TCGA-25-1318-01A-01R-1565-13,0.6824138602633593,0
TCGA-B0-5099-01A-01R-1420-07,0.5533271345459625,1
TCGA-CH-5794-01A-11R-1580-07,0.5451174661013741,1
TCGA-BQ-5894-01A-11R-1592-07,0.7119704977426309,1
TCGA-CZ-4863-01A-01R-1503-07,0.4021346743435668,1
TCGA-DD-AADJ-01A-11R-A41C-07,0.8497494538462627,1
TCGA-B0-4845-01A-01R-1277-07,0.30949757157661173,1
TCGA-BC-A216-01A-11R-A155-07,0.8773915878268315,1
TCGA-CJ-4871-01A-01R-1305-07,0.3219994324526542,1
TCGA-B0-5710-01A-11R-1672-07,0.4181381468377928,1
TCGA-CH-5750-01A-11R-1580-07,0.540908669616082,1
TCGA-DV-5566-01A-01R-1541-07,0.35707167549681124,0
TCGA-BC-A10X-01A-11R-A131-07,0.7345101190647827,1
TCGA-60-2721-01A-01R-0851-07,0.7159045051482205,1
TCGA-F2-7273-01A-11R-2156-07,0.21368873935335705,1
TCGA-05-4389-01A-01R-1206-07,0.7429499544234929,1
TCGA-A8-A083-01A-21R-A00Z-07,0.7541898711027621,1
TCGA-EJ-7317-01A-31R-2118-07,0.2557081028706947,0
TCGA-24-2023-01A-01R-1567-13,0.8812009129920593,1
TCGA-B6-A0RM-01A-11R-A084-07,0.8320253720511136,1
TCGA-56-A5DS-01A-11R-A27Q-07,0.6299758593125573,1
TCGA-CJ-5672-01A-11R-1541-07,0.22099006422457423,1
TCGA-73-7498-01A-12R-2187-07,0.5801548003651777,1
TCGA-GM-A2DH-01A-11R-A180-07,0.8112617094133379,1
TCGA-A8-A082-01A-11R-A00Z-07,0.7871242332563726,1
TCGA-DD-A4NI-01A-11R-A27V-07,0.7496823877158117,0
TCGA-G4-6626-01A-11R-1774-07,0.7602026470169315,1
TCGA-CH-5738-01A-11R-1580-07,0.1385022966783616,1
TCGA-79-5596-01A-31R-1949-07,0.8006670172373727,1
TCGA-A6-5656-01A-21R-A278-07,0.747681714126222,1
TCGA-BP-4766-01A-01R-1289-07,0.5156362705572828,0
TCGA-XQ-A8TB-01A-11R-A36G-07,0.5398152641582272,0
TCGA-BP-4337-01A-01R-1289-07,0.5894345503718831,1
TCGA-G9-A9S4-01A-11R-A41O-07,0.746327094269984,1
TCGA-CH-5762-01A-11R-1580-07,0.24548350959192722,1
TCGA-B0-5106-01A-01R-1420-07,0.3536842215782087,1
TCGA-V1-A9OX-01A-11R-A41O-07,0.17169170956844967,1
TCGA-DD-AADU-01A-11R-A41C-07,0.8421056095519882,1
TCGA-A3-3385-01A-02R-1420-07,0.6835414060969623,1
TCGA-90-7964-01A-21R-2187-07,0.7173793057182132,1
TCGA-55-7913-01B-11R-2241-07,0.8635547553038293,1
TCGA-AN-A0AJ-01A-11R-A00Z-07,0.8731876249482172,1
TCGA-09-1670-01A-01R-1566-13,0.5986323072070192,0
TCGA-A4-7734-01A-11R-A32Z-07,0.5218410911383021,1
TCGA-55-7914-01A-11R-2170-07,0.8579493701232374,1
TCGA-77-7140-01A-41R-2045-07,0.9046431903801425,0
TCGA-VN-A943-01A-11R-A41O-07,0.590081041531187,1
TCGA-B0-5108-01A-01R-1420-07,0.2714136259994093,0
TCGA-J9-A8CN-01A-11R-A352-07,0.6496645730479608,1
TCGA-13-1485-01A-02R-1565-13,0.6753001183235237,0
TCGA-33-AASL-01A-11R-A405-07,0.9159958188602886,0
TCGA-CC-5264-01A-01R-A131-07,0.9158963964147879,1
TCGA-CK-4952-01A-01R-1723-07,0.7508139204625159,1
TCGA-04-1530-01A-02R-1569-13,0.7694143147430492,1
TCGA-80-5608-01A-31R-1949-07,0.7265627299534367,1
TCGA-B1-A657-01A-11R-A31O-07,0.35421383709626447,0
TCGA-AA-3489-01A-21R-1839-07,0.3692227948493115,1
TCGA-OL-A66O-01A-11R-A31O-07,0.7468097090046634,1
TCGA-5L-AAT1-01A-12R-A41B-07,0.658537418806096,1
TCGA-55-6986-01A-11R-1949-07,0.8320030160735474,0
TCGA-FB-A4P5-01A-11R-A26U-07,0.1409029600946619,1
TCGA-AK-3428-01A-02R-1277-07,0.7077235218561061,1
TCGA-4T-AA8H-01A-11R-A41B-07,0.60675328741282,1
TCGA-L5-A88Y-01A-11R-A354-31,0.7679209040792825,1
TCGA-VN-A88K-01A-11R-A352-07,0.7288565152019228,1
TCGA-58-A46N-01A-11R-A24H-07,0.8876457823886358,1
TCGA-YL-A9WH-01A-11R-A37L-07,0.7882015506191321,1
TCGA-44-6776-01A-11R-1858-07,0.761826134612651,1
TCGA-97-A4M6-01A-11R-A24X-07,0.6567781141284582,1
TCGA-33-4583-01A-01R-1443-07,0.8817435950918086,1
TCGA-2Y-A9H9-01A-21R-A39D-07,0.7989617629083068,1
TCGA-D8-A27L-01A-11R-A16F-07,0.24115757914456107,1
TCGA-F4-6704-01A-11R-1839-07,0.7535214193694196,1
TCGA-63-A5MY-01A-11R-A26W-07,0.9162860372961458,1
TCGA-AA-3666-01A-02R-0905-07,0.7410049624475208,1
TCGA-A8-A08Z-01A-21R-A00Z-07,0.44268393015109186,1
TCGA-V1-A9Z9-01A-21R-A41O-07,0.4459481474711631,1
TCGA-3A-A9IR-01A-11R-A38C-07,0.9291086099445556,1
TCGA-24-1436-01A-01R-1566-13,0.7746257827316844,1
TCGA-BH-A0AU-01A-11R-A12P-07,0.7992410284391134,1
TCGA-G9-6379-01A-11R-A31N-07,0.4267179939310364,1
TCGA-DD-AADR-01A-11R-A41C-07,0.8333487440293372,0
TCGA-EB-A4OY-01A-11R-A266-07,0.9206321802448317,0
TCGA-63-A5MG-01A-12R-A27Q-07,0.7302884209149089,1
TCGA-BP-4341-01A-01R-1289-07,0.4570931269624112,0
TCGA-B8-5550-01A-01R-1541-07,0.56487489369529,1
TCGA-50-5935-01A-11R-1755-07,0.7474103156163566,0
TCGA-D5-6929-01A-31R-1928-07,0.6694895759259494,1
TCGA-55-A48X-01A-11R-A24H-07,0.3697061597207272,1
TCGA-BH-A0HA-01A-11R-A12P-07,0.5229303538323586,1
TCGA-AD-5900-01A-11R-1653-07,0.7718818947503927,1
TCGA-50-5049-01A-01R-1628-07,0.7336817478124705,1
TCGA-BH-A0B7-01A-12R-A115-07,0.8254140373390692,0
TCGA-33-AAS8-01A-11R-A405-07,0.772646955573679,1
TCGA-BH-A0GZ-01A-11R-A056-07,0.6724319425680059,0
TCGA-LN-A4A1-01A-21R-A260-31,0.7974445414634022,1
TCGA-XK-AAIW-01A-11R-A41O-07,0.875593470121673,1
TCGA-98-8021-01A-11R-2247-07,0.7636718893280651,1
TCGA-B6-A0WX-01A-11R-A109-07,0.7244523397954209,1
TCGA-EB-A82B-01A-11R-A352-07,0.9243930447161351,1
TCGA-25-1324-01A-01R-1565-13,0.8483616202003228,1
TCGA-13-1482-01A-01R-1565-13,0.8154329441041527,1
TCGA-KH-A6WC-01A-11R-A336-31,0.8636587106946391,1
TCGA-KC-A7FA-01A-21R-A33R-07,0.47103567032511295,1
TCGA-B2-4098-01A-02R-1325-07,0.6388306340724871,1
TCGA-EJ-A7NH-01A-12R-A33R-07,0.14658883849419593,1
TCGA-CJ-5686-01A-11R-1672-07,0.3503293801600931,1
TCGA-V1-A8MU-01A-11R-A37L-07,0.18663004595392024,1
TCGA-67-3774-01A-01R-0946-07,0.6328887988938778,1
TCGA-93-8067-01A-11R-2287-07,0.8043740919677237,1
TCGA-CJ-4923-01A-01R-1426-07,0.3310301281190552,1
TCGA-G6-A8L6-01A-11R-A37O-07,0.3751920002566833,0
TCGA-EB-A5SF-01A-11R-A311-07,0.8838281507822694,1
TCGA-34-2600-01A-01R-0851-07,0.8612622924006482,1
TCGA-E9-A1NF-01A-11R-A14D-07,0.7697196685141665,1
TCGA-A8-A08L-01A-11R-A00Z-07,0.8535938834362484,1
TCGA-AO-A0J4-01A-11R-A034-07,0.7493728611321812,1
TCGA-55-8203-01A-11R-2241-07,0.6160555665309964,1
TCGA-LN-A49S-01A-11R-A24K-31,0.7693944808594037,0
TCGA-NC-A5HP-01A-11R-A26W-07,0.771989837690795,0
TCGA-BH-A1FB-01A-11R-A13Q-07,0.13201508669365378,0
TCGA-53-A4EZ-01A-12R-A24X-07,0.8766301052824311,1
TCGA-69-7978-01A-11R-2187-07,0.6681781715657358,1
TCGA-UB-AA0U-01A-11R-A38B-07,0.711554401088651,1
TCGA-44-7662-01A-11R-2066-07,0.8049632608958466,1
TCGA-E2-A14P-01A-31R-A12D-07,0.9277261498627215,1
TCGA-66-2770-01A-01R-0851-07,0.569031802499075,1
TCGA-GL-A4EM-01A-11R-A24Z-07,0.5451255387152795,1
TCGA-A3-3357-01A-02R-1420-07,0.6153788570833448,1
TCGA-AA-A01D-01A-01R-A00A-07,0.7097411880710457,0
TCGA-39-5040-01A-21R-2125-07,0.9261576438238956,1
TCGA-2Y-A9H6-01A-11R-A39D-07,0.718958228931388,1
TCGA-38-6178-01A-11R-1755-07,0.6853263379797592,0
TCGA-G3-A25Z-01A-11R-A16W-07,0.8376861484734265,1
TCGA-BH-A204-01A-11R-A157-07,0.828654441670411,1
TCGA-AA-A01Z-01A-11R-A083-07,0.803939906633118,1
TCGA-FB-AAPU-01A-31R-A41B-07,0.8126940691561584,1
TCGA-18-3406-01A-01R-0980-07,0.7547962577409859,1
TCGA-HC-7742-01A-11R-2118-07,0.41269316729087907,0
TCGA-B0-4691-01A-01R-1277-07,0.5475002795657814,1
TCGA-18-3408-01A-01R-0980-07,0.829576517126528,1
TCGA-A8-A07W-01A-11R-A00Z-07,0.75604597909614,0
TCGA-OL-A6VR-01A-32R-A33J-07,0.8101386738533021,1
TCGA-CA-6718-01A-11R-1839-07,0.7323414056270124,0
TCGA-04-1357-01A-01R-1565-13,0.752015709219814,1
TCGA-X4-A8KS-01A-12R-A36G-07,0.4725203784884917,1
TCGA-EW-A2FR-01A-11R-A21T-07,0.6901171053211334,1
TCGA-A8-A0A9-01A-11R-A00Z-07,0.6561419946224932,1
TCGA-J4-A83N-01A-11R-A352-07,0.3219183416900853,1
TCGA-CJ-4872-01A-01R-1305-07,0.2190305350745422,1
TCGA-B0-5081-01A-01R-1334-07,0.417707534130843,1
TCGA-E9-A24A-01A-11R-A169-07,0.47911312581799786,1
TCGA-DD-A73E-01A-12R-A32O-07,0.8813050240514567,0
TCGA-LA-A7SW-01A-11R-A405-07,0.9236664712396201,1
TCGA-C8-A12U-01A-11R-A115-07,0.8961785446302302,1
TCGA-B0-5097-01A-01R-1420-07,0.6646349529306396,0
TCGA-13-0795-01A-01R-1564-13,0.8582006406246723,1
TCGA-A7-A56D-01A-11R-A27Q-07,0.8525655734799298,1
TCGA-G3-A25S-01A-11R-A16W-07,0.8721653462736091,1
TCGA-XQ-A8TA-01A-11R-A36G-07,0.9106991619798458,1
TCGA-BP-4335-01A-01R-1289-07,0.3235511316045163,1
TCGA-CC-5258-01A-01R-A131-07,0.8431314746035261,1
TCGA-HC-A48F-01A-11R-A250-07,0.7012804023635131,1
TCGA-93-A4JN-01A-11R-A24X-07,0.5612693777916408,1
TCGA-DD-AADI-01A-11R-A41C-07,0.7486590812106556,1
TCGA-A8-A090-01A-11R-A00Z-07,0.740162317379404,1
TCGA-66-2785-01A-01R-0851-07,0.7424608964855978,1
TCGA-61-2097-01A-02R-1568-13,0.747315692581971,0
TCGA-5P-A9K2-01A-11R-A42S-07,0.747737974692673,1
TCGA-KK-A8IC-01A-11R-A36G-07,0.5276276730381889,1
TCGA-A7-A26E-01A-11R-A277-07,0.776419006892887,1
TCGA-50-5066-01A-01R-1628-07,0.8205812768016243,1
TCGA-D8-A27N-01A-11R-A16F-07,0.8553537924945558,1
TCGA-78-7166-01A-12R-2066-07,0.6979116369774753,1
TCGA-E9-A1R3-01A-31R-A14M-07,0.6918378476477242,1
TCGA-97-A4M2-01A-12R-A24X-07,0.39475647020535976,1
TCGA-BQ-7056-01A-11R-1965-07,0.7752403706815869,1
TCGA-13-0724-01A-01R-1564-13,0.8607974050581702,1
TCGA-BH-A0HW-01A-11R-A034-07,0.8525019040164177,0
TCGA-PE-A5DE-01A-11R-A27Q-07,0.5568089250094524,1
TCGA-2L-AAQI-01A-12R-A39D-07,0.6459264513975551,1
TCGA-2A-A8VV-01A-11R-A37L-07,0.4436313495124951,0
TCGA-39-5016-01A-01R-1443-07,0.7464104626637299,1
TCGA-D5-6930-01A-11R-1928-07,0.556535113925916,0
TCGA-D8-A27I-01A-11R-A16F-07,0.16730864270698406,0
TCGA-V1-A8ML-01A-11R-A37L-07,0.5670912828306109,1
TCGA-85-6798-01A-11R-1949-07,0.8065358343206323,0
TCGA-AA-3510-01A-01R-1410-07,0.7820179560300553,1
TCGA-98-A53A-01A-11R-A262-07,0.8751256695969296,1
TCGA-A4-A772-01A-11R-A33Z-07,0.17577383520513318,1
TCGA-MP-A4TC-01A-11R-A24X-07,0.6378357039672804,1
TCGA-49-6745-01A-11R-1858-07,0.6050076131827679,0
TCGA-10-0927-01A-02R-1564-13,0.8706615659039153,1
TCGA-A2-A0CT-01A-31R-A056-07,0.8543448230449728,1
TCGA-99-8025-01A-11R-2241-07,0.7506121588938728,0
TCGA-ZS-A9CE-01A-11R-A37K-07,0.8922595776283674,1
TCGA-AO-A0J6-01A-11R-A034-07,0.8554147954629543,1
TCGA-CA-6715-01A-21R-1839-07,0.7682551548665562,0
TCGA-AR-A255-01A-11R-A169-07,0.5671688191631085,1
TCGA-61-2088-01A-01R-1568-13,0.8973699793523273,1
TCGA-DD-A4NV-01A-11R-A311-07,0.7441861469603536,1
TCGA-K7-A5RF-01A-11R-A28V-07,0.7008276528174482,1
TCGA-RC-A6M6-01A-11R-A32O-07,0.8916048388968747,1
TCGA-EP-A12J-01A-11R-A131-07,0.8417525468256162,1
TCGA-BH-A0BW-01A-11R-A115-07,0.8380600334857564,0
TCGA-56-A4BY-01A-11R-A24H-07,0.8121456164336518,1
TCGA-AA-3980-01A-02R-1022-07,0.7436095618047991,1
TCGA-55-8507-01A-11R-2403-07,0.7169209825940238,1
TCGA-BH-A0BS-01A-11R-A12P-07,0.7419635082484416,1
TCGA-DD-A4NH-01A-11R-A27V-07,0.8369606380596242,1
TCGA-L9-A443-01A-12R-A24H-07,0.8270932958247504,1
TCGA-IB-7893-01A-11R-2204-07,0.5610595068460061,1
TCGA-C8-A26W-01A-11R-A16F-07,0.8163059909492802,0
TCGA-AA-3866-01A-01R-1022-07,0.6390312486626877,1
TCGA-AA-3966-01A-01R-1113-07,0.7713372429084088,1
TCGA-24-1425-01A-02R-1566-13,0.7778665808107449,1
TCGA-J9-A52D-01A-11R-A29R-07,0.7867121078563298,1
TCGA-2Z-A9JQ-01A-11R-A42S-07,0.7243959623405843,1
TCGA-AA-3941-01A-01R-1022-07,0.8105500186008815,0
TCGA-77-7337-01A-21R-2045-07,0.7749998627825129,1
TCGA-92-8063-01A-11R-2247-07,0.8650563234981435,1
TCGA-BH-A0EA-01A-11R-A115-07,0.396138721483622,1
TCGA-EJ-7330-01A-11R-2118-07,0.21697237170479178,1
TCGA-CC-A3MC-01A-11R-A22L-07,0.7796025766319268,0
TCGA-DD-AADD-01A-11R-A41C-07,0.8855408401002307,1
TCGA-EJ-7314-01A-31R-2118-07,0.4281771676794912,1
TCGA-E2-A109-01A-11R-A10J-07,0.8770654068446105,1
TCGA-AO-A1KR-01A-12R-A144-07,0.8926524170083499,0
TCGA-EJ-A7NK-01A-12R-A352-07,0.13568440771938847,1
TCGA-56-A4ZK-01A-11R-A262-07,0.8497379736265905,0
TCGA-B0-5117-01A-01R-1420-07,0.89663646581372,1
TCGA-A2-A04R-01A-41R-A109-07,0.7688827261781485,1
TCGA-78-7152-01A-11R-2039-07,0.6810924552109644,1
TCGA-EB-A41B-01A-11R-A24X-07,0.9144198515846559,0
TCGA-50-6592-01A-11R-1755-07,0.7985140488979305,1
TCGA-E9-A1NA-01A-11R-A144-07,0.849525259142842,1
TCGA-97-8552-01A-11R-2403-07,0.4342015785589679,1
TCGA-DD-A4NQ-01A-21R-A28V-07,0.8639708138907791,1
TCGA-QG-A5YX-01A-11R-A28H-07,0.7074698259463484,1
TCGA-38-4632-01A-01R-1755-07,0.8438363702268951,1
TCGA-ZP-A9D1-01A-11R-A38B-07,0.7499980761684581,1
TCGA-E9-A1RF-01A-11R-A157-07,0.8372529368637082,0
TCGA-AA-3681-01A-01R-0905-07,0.6623667818988389,1
TCGA-BH-A0BR-01A-21R-A115-07,0.7981942642008425,1
TCGA-CA-5254-01A-21R-1839-07,0.8286519051780685,0
TCGA-18-3417-01A-01R-1443-07,0.8360686014550757,0
TCGA-86-A4P7-01A-11R-A24X-07,0.6131096224719189,1
TCGA-24-1924-01A-01R-1567-13,0.732351508705813,0
TCGA-AO-A0JL-01A-11R-A056-07,0.8846315267135171,1
TCGA-ED-A7PX-01A-51R-A352-07,0.8801119089165043,1
TCGA-29-1696-01A-01R-1567-13,0.838307333157466,1
TCGA-AC-A8OP-01A-11R-A36F-07,0.81891933681002,1
TCGA-BP-5202-01A-02R-1426-07,0.24703230091637352,1
TCGA-EP-A26S-01A-11R-A16W-07,0.8483223212926906,1
TCGA-77-8144-01A-11R-2247-07,0.8691724324864541,1
TCGA-60-2713-01A-01R-0851-07,0.7819950390133961,1
TCGA-AO-A03T-01A-21R-A034-07,0.7476678418160659,1
TCGA-NK-A5D1-01A-11R-A26W-07,0.847315144413975,0
TCGA-NI-A8LF-01A-11R-A36F-07,0.8238356524110477,1
TCGA-B0-4693-01A-01R-1277-07,0.37067010124394334,1
TCGA-CH-5761-01A-11R-1580-07,0.8535627658559398,0
TCGA-VR-A8EW-01A-11R-A36D-31,0.7527765293076638,1
TCGA-09-0364-01A-02R-1564-13,0.8567375275741506,0
TCGA-US-A77E-01A-11R-A32O-07,0.44943016355652354,0
TCGA-BP-4329-01A-02R-1289-07,0.5482536757558027,0
TCGA-E9-A2JS-01A-11R-A180-07,0.841786736658639,1
TCGA-L5-A8NN-01A-11R-A37I-31,0.8669711206277606,0
TCGA-BP-4169-01A-02R-1289-07,0.4088870365290162,1
TCGA-DD-A3A5-01A-11R-A22L-07,0.7907588792270409,1
TCGA-KK-A7B1-01A-11R-A32O-07,0.5155918480553802,0
TCGA-KR-A7K2-01A-12R-A33R-07,0.727625304445515,1
TCGA-77-A5G8-01B-11R-A27Q-07,0.6197187536978221,1
TCGA-AA-A00F-01A-01R-A002-07,0.5572489831713892,1
TCGA-BP-4340-01A-01R-1289-07,0.5639302503215873,1
TCGA-BP-4164-01A-02R-1325-07,0.5304273885025779,0
TCGA-B6-A0RU-01A-11R-A084-07,0.7480218529246483,1
TCGA-EJ-7794-01A-11R-2118-07,0.20343025505716564,1
TCGA-C8-A12P-01A-11R-A115-07,0.8879689970155875,1
TCGA-09-1674-01A-01R-1566-13,0.8871976378957231,0
TCGA-G9-6365-01A-11R-1789-07,0.2792421794902246,1
TCGA-J4-8200-01A-11R-A29R-07,0.31825630694271256,1
TCGA-BH-A0H5-01A-21R-A115-07,0.2964960764664992,1
TCGA-66-2787-01A-01R-0980-07,0.7502992529063904,1
TCGA-XK-AAIV-01A-11R-A41O-07,0.6600668268933303,0
TCGA-G9-6351-01A-21R-1965-07,0.25261175999154,1
TCGA-BP-4967-01A-01R-1334-07,0.43487590892841727,1
TCGA-39-5036-01A-01R-1443-07,0.6624866958900576,1
TCGA-2J-AAB8-01A-12R-A41B-07,0.5458787803124284,1
TCGA-ZP-A9CV-01A-11R-A38B-07,0.7430017267348575,1
TCGA-A6-5667-01A-21R-1723-07,0.675806620519598,1
TCGA-XJ-A83F-01A-11R-A352-07,0.47645402761571704,0
TCGA-BP-4160-01A-02R-1289-07,0.3031760629816587,1
TCGA-AA-A02H-01A-01R-A089-07,0.6784739704352852,1
TCGA-SU-A7E7-01A-22R-A33R-07,0.2530338111702537,1
TCGA-LN-A8HZ-01A-11R-A36D-31,0.6287313637136964,1
TCGA-VP-A87C-01A-11R-A352-07,0.365393251638996,1
TCGA-G9-6347-01A-11R-A31N-07,0.6168942607633983,1
TCGA-2L-AAQM-01A-11R-A39D-07,0.9123047954749408,1
TCGA-CA-5797-01A-01R-1653-07,0.6968391922591403,1
TCGA-2J-AABA-01A-21R-A41B-07,0.5495779086666063,0
TCGA-77-8156-01A-11R-2247-07,0.7988487475399914,0
TCGA-VR-A8EZ-01A-11R-A36D-31,0.8169282795194496,1
TCGA-J9-A52C-01A-11R-A26U-07,0.36206338141812117,1
TCGA-BP-4989-01A-01R-1334-07,0.5684594230693343,1
TCGA-EB-A3Y7-01A-11R-A239-07,0.9152011130891177,0
TCGA-13-1506-01A-01R-1565-13,0.8116954274979948,1
TCGA-EJ-A46D-01A-21R-A32Y-07,0.2005775844660544,1
TCGA-HC-A631-01A-11R-A29R-07,0.6961227498246685,1
TCGA-69-7761-01A-11R-2170-07,0.4999879682212169,0
TCGA-61-2092-01A-01R-1568-13,0.9062524247552506,1
TCGA-BH-A1FN-01A-11R-A13Q-07,0.8043925026940315,1
TCGA-G3-A25X-01A-11R-A16W-07,0.8462721207108578,1
TCGA-34-8455-01A-11R-2326-07,0.7012046268263726,0
TCGA-BP-4972-01A-01R-1334-07,0.18705388672598247,1
TCGA-13-0885-01A-02R-1569-13,0.8195358489025866,1
TCGA-CJ-6027-01A-11R-1672-07,0.6124263890714845,1
TCGA-O1-A52J-01A-11R-A262-07,0.7738167878651141,1
TCGA-EB-A3XB-01A-11R-A239-07,0.8186678342722785,1
TCGA-KK-A7AY-01A-11R-A33R-07,0.7029916592583789,0
TCGA-AA-3930-01A-01R-1022-07,0.8082285453848915,1
TCGA-49-4506-01A-01R-1206-07,0.8921006081323444,1
TCGA-61-2000-01A-01R-1568-13,0.8995428467057882,1
TCGA-Z5-AAPL-01A-12R-A41B-07,0.4782900288867205,0
TCGA-ZG-A9LU-01A-11R-A41O-07,0.438775282139264,1
TCGA-JY-A93F-01A-21R-A37I-31,0.9295124344150465,1
TCGA-66-2800-01A-01R-1201-07,0.7234299554660379,0
TCGA-66-2773-01A-01R-1201-07,0.6313878029410449,1
TCGA-C8-A27A-01A-11R-A169-07,0.8782752231547505,1
TCGA-G7-A8LE-01A-11R-A36F-07,0.4413562427093082,1
TCGA-HC-7819-01A-11R-2118-07,0.3104094219510438,1
TCGA-50-5936-01A-11R-1628-07,0.7631898950746994,0
TCGA-86-8359-01A-11R-2326-07,0.8124670102344653,0
TCGA-AA-3518-01A-02R-0826-07,0.6924352709396195,0
TCGA-HC-7211-01A-11R-2118-07,0.541600249664011,1
TCGA-BH-A0C0-01A-21R-A056-07,0.8728984708659001,1
TCGA-AA-A02O-01A-21R-A16W-07,0.68239610849162,1
TCGA-KK-A8I5-01A-11R-A36G-07,0.5623947952101844,1
TCGA-BP-5000-01A-01R-1334-07,0.20322642076595437,0
TCGA-A8-A09X-01A-11R-A00Z-07,0.8555487386753127,1
TCGA-ER-A2NF-01A-11R-A18T-07,0.8994916662562741,1
TCGA-BH-A6R8-01A-21R-A33J-07,0.7427589481295783,1
TCGA-44-2661-01A-01R-1107-07,0.3775157133644612,1
TCGA-AO-A0J2-01A-11R-A034-07,0.8964484118768284,0
TCGA-IG-A5B8-01A-11R-A28J-31,0.8281538098743255,0
TCGA-55-8512-01A-11R-2403-07,0.6510542627084003,1
TCGA-HE-A5NJ-01A-11R-A26U-07,0.6072430118416364,1
