sample_id,score,y_member
TCGA-B0-5115-01A-01R-1420-07,0.3637275390464859,1
TCGA-EJ-A46E-01A-31R-A250-07,0.8496969993263412,1
TCGA-DD-AAE7-01A-11R-A41C-07,0.4143749780930002,1
TCGA-Z6-A8JE-01A-11R-A37I-31,0.6434397496280708,1
TCGA-A8-A08F-01A-11R-A00Z-07,0.7736578143057169,1
TCGA-59-2350-01A-01R-1569-13,0.5750652888255695,1
TCGA-CZ-4858-01A-01R-1305-07,0.9828491025971381,1
TCGA-CZ-5470-01A-01R-1503-07,0.5644641034847715,1
TCGA-AN-A0XN-01A-21R-A109-07,0.5793018874814202,1
TCGA-37-A5EL-01A-11R-A26W-07,0.8252200005988508,1
TCGA-46-6025-01A-11R-1820-07,0.7226119729805901,1
TCGA-AN-A0XS-01A-22R-A109-07,0.690668555197437,1
TCGA-M7-A725-01A-12R-A32O-07,0.8204185659235667,1
TCGA-XN-A8T3-01A-11R-A36G-07,0.22463634187167889,0
TCGA-3K-AAZ8-01A-12R-A39D-07,0.4640391667842827,1
TCGA-B9-5155-01A-01R-1592-07,0.5776742209123515,1
TCGA-OK-A5Q2-01A-11R-A27Q-07,0.6068379065108418,1
TCGA-2Y-A9H8-01A-11R-A39D-07,0.7493565729050361,1
TCGA-30-1866-01A-02R-1568-13,0.6445722675937228,1
TCGA-SX-A7SO-01A-11R-A355-07,0.7345472115575109,1
TCGA-55-7283-01A-11R-2039-07,0.6446106272634679,1
TCGA-M7-A720-01A-12R-A32O-07,0.5466637124626573,1
TCGA-91-6828-01A-11R-1858-07,0.5817412508908483,1
TCGA-D8-A1JF-01A-11R-A13Q-07,0.7934698400991025,1
TCGA-D8-A1JG-01B-11R-A13Q-07,0.767822599906987,1
TCGA-AL-3468-01A-02R-1351-07,0.5234992526753913,1
TCGA-21-1082-01A-01R-0692-07,0.7876511803952888,1
TCGA-A4-8311-01A-11R-2404-07,0.4331649211794549,1
TCGA-BD-A3EP-01A-11R-A22L-07,0.7147286682620314,1
TCGA-92-7340-01A-21R-2045-07,0.7648893205103159,1
TCGA-EJ-A65B-01A-12R-A30B-07,0.8320646551996378,1
TCGA-HC-8261-01B-05R-2302-07,0.9862311709627362,1
TCGA-AZ-6601-01A-11R-1774-07,0.6145128849855138,1
TCGA-B0-4703-01A-01R-1277-07,0.6752843916600876,1
TCGA-AA-A004-01A-01R-A00A-07,0.9631203297377131,1
TCGA-30-1862-01A-02R-1568-13,0.6656630678318629,1
TCGA-09-2045-01A-01R-1568-13,0.8191082991493279,1
TCGA-E2-A10F-01A-11R-A10J-07,0.6062224710290468,1
TCGA-OL-A6VO-01A-12R-A33J-07,0.8337626465032354,1
TCGA-BQ-5884-01A-11R-1592-07,0.9510212544789945,1
TCGA-49-4507-01A-01R-1206-07,0.8246949214278935,1
TCGA-ZG-A9LS-01A-12R-A41O-07,0.7523259218218351,1
TCGA-AN-A0FW-01A-11R-A034-07,0.6939819957641098,1
TCGA-A6-A5ZU-01A-11R-A28H-07,0.8708732926426197,1
TCGA-QU-A6IL-01A-11R-A31N-07,0.9292701616173163,1
TCGA-67-4679-01B-01R-1755-07,0.36978793701385193,0
TCGA-DM-A28G-01A-11R-A16W-07,0.6834493854318742,1
TCGA-IB-AAUV-01A-11R-A38C-07,0.6946654065556982,1
TCGA-FB-AAPZ-01A-11R-A41B-07,0.35934777687493286,1
TCGA-DD-AAEG-01A-11R-A39D-07,0.5380096937298027,1
TCGA-24-0975-01A-02R-1565-13,0.7266491245276817,1
TCGA-AA-3841-01A-01R-0905-07,0.7680891984171683,0
TCGA-75-6211-01A-11R-1755-07,0.8234559178767523,1
TCGA-IB-7887-01A-11R-2156-07,0.7404357738223708,1
TCGA-78-7161-01A-11R-2039-07,0.7967861642440305,1
TCGA-B0-5699-01A-11R-1541-07,0.46643128870333644,1
TCGA-DD-A113-01A-11R-A131-07,0.7796289799617045,1
TCGA-E9-A1R2-01A-11R-A14D-07,0.6818746789634517,1
TCGA-78-7536-01A-11R-2066-07,0.8043321567349435,1
TCGA-B6-A0WY-01A-11R-A109-07,0.7677490082696965,1
TCGA-ZP-A9CY-01A-11R-A38B-07,0.44646203438151744,1
TCGA-EJ-5495-01A-01R-1580-07,0.7668871184651611,0
TCGA-2H-A9GJ-01A-11R-A37I-31,0.7524583365103078,1
TCGA-AA-3955-01A-02R-1022-07,0.630279017948327,1
TCGA-20-1684-01A-01R-1566-13,0.7051539821200675,1
TCGA-AA-3697-01A-01R-1723-07,0.4736911157038941,1
TCGA-56-5898-01A-11R-1635-07,0.5964053858074387,1
TCGA-BP-4801-01A-02R-1420-07,0.39792877482130873,1
TCGA-D8-A146-01A-31R-A115-07,0.4134603385008245,1
TCGA-DD-AACJ-01A-11R-A41C-07,0.2674245618369612,0
TCGA-BQ-5892-01A-11R-1592-07,0.8205750983477612,1
TCGA-BH-A0BF-01A-21R-A12P-07,0.48953735416957894,0
TCGA-HZ-8003-01A-21R-2204-07,0.3899209509529136,0
TCGA-BH-A1EU-01A-11R-A137-07,0.5707240418509838,1
TCGA-61-1900-01A-01R-1567-13,0.5271371745480594,0
TCGA-AM-5821-01A-01R-1653-07,0.8695680557629174,1
TCGA-A7-A26J-01A-11R-A169-07,0.5178697282742004,1
TCGA-AR-A1AT-01A-11R-A12P-07,0.6425235518738988,1
TCGA-OL-A5S0-01A-11R-A28M-07,0.7239014797179434,1
TCGA-63-6202-01A-11R-1820-07,0.8490352683111038,1
TCGA-A2-A3XV-01A-21R-A239-07,0.8758259402065498,0
TCGA-CH-5772-01A-11R-1580-07,0.6296696238129984,1
TCGA-OL-A5DA-01A-11R-A27Q-07,0.7009651063928228,1
TCGA-2Z-A9J1-01A-11R-A38C-07,0.26073857654877947,1
TCGA-LN-A8I0-01A-11R-A36D-31,0.4184313540750387,0
TCGA-50-8460-01A-11R-2326-07,0.6038305892908269,1
TCGA-86-8279-01A-11R-2287-07,0.6509399606651898,1
TCGA-56-A4ZJ-01A-11R-A262-07,0.7557910090013322,1
TCGA-67-3770-01A-01R-0946-07,0.775514242353416,1
TCGA-A2-A0YF-01A-21R-A109-07,0.5866497078835754,1
TCGA-85-A50Z-01A-21R-A262-07,0.8367198283806249,1
TCGA-G9-6363-01A-21R-1789-07,0.9407382493866997,1
TCGA-G7-6790-01A-11R-1965-07,0.25949505367906917,0
TCGA-AR-A1AM-01A-41R-A22K-07,0.5026862151381041,0
TCGA-E2-A10C-01A-21R-A10J-07,0.7406376812270032,1
TCGA-AA-A00L-01A-01R-A002-07,0.4075819592460952,0
TCGA-55-7995-01A-11R-2187-07,0.8065898661725235,1
TCGA-G4-6309-01A-21R-1839-07,0.47576688376698734,1
TCGA-CJ-4908-01A-01R-1426-07,0.3702985110698663,1
TCGA-EJ-A46B-01A-31R-A250-07,0.3025771560705858,0
TCGA-AR-A24Z-01A-11R-A169-07,0.5055952175066953,0
TCGA-A6-2685-01A-01R-1410-07,0.6369791473546239,0
TCGA-A4-A5DU-01A-11R-A28H-07,0.437766470362639,1
TCGA-AZ-6600-01A-11R-1774-07,0.46221640386210283,1
TCGA-CC-A7IH-01A-11R-A33J-07,0.5245382424972062,1
TCGA-QU-A6IM-01A-11R-A31N-07,0.9704140369167888,1
TCGA-LN-A49M-01A-21R-A260-31,0.5886550737901289,1
TCGA-66-2765-01A-01R-0851-07,0.4296260634389537,0
TCGA-A8-A0AB-01A-11R-A034-07,0.5447404579345475,1
TCGA-S3-AA14-01A-11R-A41B-07,0.7027391813626427,1
TCGA-98-A538-01A-11R-A262-07,0.5826342333123087,1
TCGA-CM-6166-01A-11R-1653-07,0.6986143175051133,1
TCGA-5M-AAT4-01A-11R-A41B-07,0.49946868097713193,1
TCGA-61-2008-01A-02R-1568-13,0.6854813203242651,1
TCGA-B6-A0X0-01A-21R-A115-07,0.601735133136712,1
TCGA-86-8281-01A-11R-2287-07,0.553458291605862,1
TCGA-24-1546-01A-01R-1566-13,0.47207238610907526,0
TCGA-V1-A9OL-01A-11R-A41O-07,0.5741827540310015,0
TCGA-BH-A201-01A-11R-A14M-07,0.5307813077877765,1
TCGA-18-3409-01A-01R-0980-07,0.7917815446629832,1
TCGA-F4-6461-01A-11R-1774-07,0.8444865491303039,1
TCGA-AA-A02E-01A-01R-A00A-07,0.34586854251895094,0
TCGA-YL-A9WY-01A-11R-A41O-07,0.7507133541652521,1
TCGA-B0-5102-01A-01R-1420-07,0.7299017157007709,1
TCGA-G9-7521-01A-11R-2263-07,0.7582871770946003,0
TCGA-CJ-4902-01A-01R-1426-07,0.4322334680841902,1
TCGA-CA-6717-01A-11R-1839-07,0.5626981973348365,0
TCGA-IG-A5S3-01A-11R-A28J-31,0.6810049946724357,0
TCGA-EJ-5497-01A-02R-1580-07,0.5266506752946749,1
TCGA-BF-A5EO-01A-12R-A27Q-07,0.21205750616470512,0
TCGA-85-A4JC-01A-11R-A24Z-07,0.7123795571545868,1
TCGA-44-3917-01A-01R-A278-07,0.8750126372746831,1
TCGA-A8-A08H-01A-21R-A00Z-07,0.75820227193694,1
TCGA-95-A4VN-01A-11R-A262-07,0.5450550390636545,1
TCGA-B0-5693-01A-11R-1541-07,0.5419753626376388,1
TCGA-77-8138-01A-11R-2247-07,0.6318042677583336,1
TCGA-KK-A7B0-01A-11R-A32O-07,0.9233049656054343,1
TCGA-B0-5083-01A-02R-1420-07,0.9377882488953905,1
TCGA-GM-A2DA-01A-11R-A18M-07,0.7234273148731034,1
TCGA-A2-A3KD-01A-12R-A213-07,0.6585476473938549,1
TCGA-DD-A39Y-01A-11R-A213-07,0.7276250385695207,1
TCGA-B6-A0WZ-01A-11R-A109-07,0.6963386500318042,1
TCGA-A6-2682-01A-01R-1410-07,0.6361160765513605,1
TCGA-D8-A1JU-01A-11R-A13Q-07,0.41536739302985065,0
TCGA-RL-AAAS-01A-32R-A39D-07,0.26286909413389387,0
TCGA-B9-A44B-01A-11R-A24Z-07,0.7939104736697488,1
TCGA-B6-A0I5-01A-11R-A034-07,0.7308837159101294,1
TCGA-BH-AB28-01A-31R-A41B-07,0.5882016864606029,1
TCGA-E9-A1N9-01A-11R-A14D-07,0.4272298575030338,0
TCGA-A3-3363-01A-01R-0864-07,0.933923912456595,1
TCGA-22-1000-01A-01R-A32Z-07,0.6242386804577015,1
TCGA-KK-A6E4-01A-11R-A30B-07,0.7434331655920606,1
TCGA-BQ-5889-01A-11R-1592-07,0.9462467407032445,1
TCGA-DM-A1HA-01A-11R-A155-07,0.9388199872501901,1
TCGA-BF-A5ER-01A-12R-A27Q-07,0.34706868085225384,1
TCGA-LL-A73Y-01A-11R-A33J-07,0.7387228026135622,1
TCGA-BF-A3DL-01A-11R-A20F-07,0.37005652197477085,1
TCGA-VR-A8EO-01A-11R-A36D-31,0.701979515735481,1
TCGA-L1-A7W4-01A-12R-A36G-07,0.9691082439326091,1
TCGA-B0-4838-01A-01R-1305-07,0.5513048586910582,1
TCGA-2Y-A9GY-01A-11R-A38B-07,0.8280398799349956,1
TCGA-BP-4343-01A-02R-1289-07,0.7948433481750989,1
TCGA-BQ-5893-01A-11R-1592-07,0.9758686985937167,1
TCGA-HP-A5MZ-01A-21R-A27V-07,0.5930446991630438,1
TCGA-A7-A4SE-01A-11R-A266-07,0.5778006581470947,0
TCGA-66-2783-01A-01R-1201-07,0.5916214599191258,1
TCGA-73-4675-01A-01R-1206-07,0.755856170265565,1
TCGA-D5-5538-01A-01R-1653-07,0.5035943472769675,1
TCGA-YL-A8SO-01B-31R-A37L-07,0.6427847365075788,1
TCGA-E2-A15H-01A-11R-A12D-07,0.6040026085481218,1
TCGA-V1-A8WN-01A-11R-A37L-07,0.422653144616465,1
TCGA-BH-A0EB-01A-11R-A034-07,0.6618700871682611,1
TCGA-DD-A39X-01A-11R-A213-07,0.5295049215081656,1
TCGA-E2-A1LK-01A-21R-A14D-07,0.8389060642979952,1
TCGA-AR-A0TV-01A-21R-A084-07,0.6789134346773846,0
TCGA-A1-A0SD-01A-11R-A115-07,0.4566944362812543,1
TCGA-33-AASI-01A-22R-A405-07,0.8090750717911465,1
TCGA-L5-A4OW-01A-11R-A28J-31,0.5252505751069907,1
TCGA-86-7711-01A-11R-2066-07,0.8518282840592386,1
TCGA-34-5234-01A-01R-1635-07,0.8285285956303299,0
TCGA-63-7023-01A-11R-1949-07,0.6244643824951713,1
TCGA-BP-5191-01A-01R-1426-07,0.8089226181792435,1
TCGA-Q9-A6FW-01A-31R-A31P-31,0.4859273836333317,0
TCGA-CZ-5468-01A-01R-1503-07,0.7787772870104103,0
TCGA-78-7153-01A-11R-2039-07,0.7662926744005352,1
TCGA-DD-A4NA-01A-11R-A266-07,0.9840924574182419,1
TCGA-43-2578-01A-01R-0851-07,0.6251112875359705,0
TCGA-5R-AA1C-01A-11R-A41C-07,0.4144632096733354,1
TCGA-78-7149-01A-11R-2039-07,0.7172176570462168,1
TCGA-CW-5591-01A-01R-1541-07,0.8387125455154487,1
TCGA-13-0906-01A-01R-1564-13,0.6252546830125644,1
TCGA-CJ-4876-01A-01R-1305-07,0.8290526323459231,1
TCGA-M7-A724-01A-12R-A32O-07,0.8912203348751341,1
TCGA-62-A46Y-01A-11R-A24H-07,0.6040381693024766,1
TCGA-C8-A26V-01A-11R-A16F-07,0.713030516197155,1
TCGA-OL-A5D8-01A-11R-A27Q-07,0.5606133906642019,0
TCGA-77-8143-01A-11R-2247-07,0.7122927004442631,1
TCGA-BH-A0DO-01B-11R-A12D-07,0.4684170044159528,0
TCGA-CJ-5675-01A-11R-1541-07,0.5479083088565193,0
TCGA-A2-A4S0-01A-21R-A266-07,0.775522006131688,1
TCGA-B9-4117-01A-02R-1351-07,0.831904918922375,1
TCGA-BP-4352-01A-01R-1289-07,0.9820845943386272,0
TCGA-A2-A0ST-01A-12R-A084-07,0.739754802355099,1
TCGA-E2-A1IH-01A-11R-A13Q-07,0.6605601364537165,1
TCGA-37-3792-01A-01R-0980-07,0.6003264367379636,0
TCGA-AK-3427-01A-01R-0864-07,0.9825505623918436,0
TCGA-AA-3506-01A-01R-1410-07,0.6471857296930122,1
TCGA-CZ-5466-01A-01R-1503-07,0.6392335915832874,1
TCGA-77-8140-01A-11R-2247-07,0.5375470853818469,0
TCGA-21-5786-01A-01R-1635-07,0.5393082408176497,0
TCGA-86-8075-01A-11R-2241-07,0.591111411724599,1
TCGA-A3-A8OX-01A-11R-A37O-07,0.5102071676650985,1
TCGA-95-8494-01A-11R-2326-07,0.7263835705599959,0
TCGA-IG-A7DP-01A-31R-A336-31,0.8329638036099711,0
TCGA-AD-6964-01A-11R-1928-07,0.7404634973412302,1
TCGA-A8-A0A6-01A-12R-A056-07,0.5287313457541779,1
TCGA-B0-5711-01A-11R-1672-07,0.3353402179215516,1
TCGA-BH-A1FM-01A-11R-A13Q-07,0.710157436934444,0
TCGA-CH-5771-01A-21R-1580-07,0.5801465838031222,1
TCGA-69-7980-01A-11R-2187-07,0.6661140009950821,1
TCGA-AR-A254-01A-21R-A169-07,0.6731737106990682,1
TCGA-A6-2683-01A-01R-0821-07,0.8887528757552816,1
TCGA-PL-A8LY-01A-11R-A41B-07,0.7332730752497111,1
TCGA-G3-A3CH-01A-11R-A22L-07,0.5747161653607374,1
TCGA-57-1583-01A-01R-1566-13,0.6236906076831626,1
TCGA-A4-8310-01A-11R-2404-07,0.49197181568056564,1
TCGA-XK-AAJP-01A-11R-A41O-07,0.6530203053877293,1
TCGA-EB-A3XE-01A-12R-A239-07,0.43063591741101936,1
TCGA-AN-A0FZ-01A-11R-A034-07,0.6302950448988972,1
TCGA-13-0911-01A-01R-1564-13,0.7488206733918426,1
TCGA-51-6867-01A-11R-2045-07,0.4074969871234039,0
TCGA-AN-A04D-01A-21R-A034-07,0.6961241436150618,0
TCGA-DD-AADC-01A-11R-A41C-07,0.8401901260728064,1
TCGA-73-4677-01A-01R-1206-07,0.6575914751139136,1
TCGA-L9-A743-01A-43R-A39D-07,0.531104909111566,1
TCGA-E9-A6HE-01A-11R-A31O-07,0.7582862595005876,1
TCGA-E2-A15D-01A-11R-A115-07,0.49741000954047554,1
TCGA-73-4658-01A-01R-1755-07,0.38474669199040124,0
TCGA-CH-5788-01A-11R-1580-07,0.9532102243563486,1
TCGA-E2-A14Z-01A-11R-A115-07,0.6391767341925346,1
TCGA-EB-A6QY-01A-12R-A32P-07,0.5929264956017085,0
TCGA-CH-5753-01A-11R-1580-07,0.9049683425805854,1
TCGA-AC-A3W5-01A-11R-A22K-07,0.7232019342996556,1
TCGA-A6-A566-01A-11R-A28H-07,0.8513278142366791,1
TCGA-AA-3994-01A-01R-1113-07,0.6802780834866443,1
TCGA-MS-A51U-01A-31R-A266-07,0.5216037288858066,0
TCGA-13-1509-01A-01R-1565-13,0.6388528526547863,1
TCGA-IG-A6QS-01A-12R-A336-31,0.6171527368079373,0
TCGA-EW-A1PG-01A-11R-A144-07,0.49790792515110555,0
TCGA-23-1023-01A-02R-1564-13,0.6257147971579182,1
TCGA-XJ-A9DI-01A-11R-A37L-07,0.8506054299249785,1
TCGA-68-A59I-01A-11R-A262-07,0.7822118650189592,1
TCGA-13-0891-01A-01R-1564-13,0.5764967722041184,0
TCGA-A7-A13E-01A-11R-A12P-07,0.745500137436361,0
TCGA-A8-A07E-01A-11R-A034-07,0.5783883268840312,1
TCGA-EJ-7785-01A-11R-2118-07,0.7454893536293995,1
TCGA-98-A53C-01A-11R-A262-07,0.8984888450280978,1
TCGA-IB-A7M4-01A-11R-A36G-07,0.8689139189454583,1
TCGA-78-7146-01A-11R-2039-07,0.681376320247238,0
TCGA-2Z-A9J9-01A-11R-A42S-07,0.9311237748039762,1
TCGA-FR-A726-01A-11R-A32P-07,0.8768813931759349,1
TCGA-49-4487-01A-21R-1858-07,0.6353527815631047,1
TCGA-C8-A278-01A-11R-A169-07,0.6123302904327076,1
TCGA-MP-A4T9-01A-11R-A24X-07,0.5147744506632195,1
TCGA-BH-A1FG-01A-11R-A13Q-07,0.5654826729219893,0
TCGA-CK-6746-01A-11R-1839-07,0.7712082914759772,0
TCGA-E9-A1N8-01A-11R-A144-07,0.7531006789013025,1
TCGA-2Z-A9J6-01A-11R-A38C-07,0.16771047631543584,0
TCGA-A6-6137-01A-11R-1774-07,0.5178842431731264,1
TCGA-V1-A9OA-01A-11R-A41O-07,0.5310481347568119,0
TCGA-HV-A7OP-01A-11R-A33R-07,0.9987823892258256,1
TCGA-KK-A7B3-01A-11R-A33R-07,0.6151085795312905,1
TCGA-UB-A7MA-01A-11R-A33R-07,0.9325880633021046,1
TCGA-VR-AA7D-01A-11R-A406-31,0.5066456567915492,1
TCGA-D8-A1Y0-01A-11R-A14M-07,0.6444200824381343,1
TCGA-DD-A4NF-01A-11R-A27V-07,0.5439961960567384,0
TCGA-AR-A24Q-01A-12R-A169-07,0.7331425470102932,1
TCGA-BP-4986-01A-01R-1334-07,0.5126061414060178,1
TCGA-L4-A4E6-01A-11R-A24H-07,0.66572854698834,1
TCGA-EJ-A46F-01A-31R-A250-07,0.8994362120057293,1
TCGA-21-1078-01A-01R-0692-07,0.9370435953994114,1
TCGA-33-4587-01A-11R-2125-07,0.8400515583404575,1
TCGA-VN-A88Q-01A-11R-A352-07,0.41849579878471665,0
TCGA-RC-A7S9-01A-11R-A33R-07,0.7321041967669906,1
TCGA-98-A53J-01A-11R-A26W-07,0.6860819803738848,1
TCGA-B0-5705-01A-11R-1541-07,0.2838288296814913,0
TCGA-97-7546-01A-11R-2039-07,0.6695086998316305,1
TCGA-YL-A8SQ-01B-11R-A37L-07,0.5681429580273143,1
TCGA-AA-3712-01A-21R-1723-07,0.44637563042609063,1
TCGA-AR-A5QM-01A-11R-A27Q-07,0.6017983980320095,1
TCGA-HC-7077-01A-11R-1965-07,0.5284113477959891,1
TCGA-66-2795-01A-02R-0980-07,0.6423094191617944,1
TCGA-BP-4977-01A-01R-1334-07,0.49247229970775375,1
TCGA-CZ-5988-01A-11R-1672-07,0.6029023217681323,1
TCGA-LL-A5YP-01A-21R-A28M-07,0.7494297547457971,1
TCGA-B0-4706-01A-01R-1503-07,0.6249893753576852,1
TCGA-29-1784-01A-02R-1567-13,0.4616291436162245,0
TCGA-55-7903-01A-11R-2170-07,0.5625817046780258,1
TCGA-CM-6680-01A-11R-1839-07,0.671475954733885,1
TCGA-49-6743-01A-11R-1858-07,0.7671336451836174,1
TCGA-B0-4815-01A-01R-1503-07,0.764692491303162,1
TCGA-EW-A1PE-01A-11R-A144-07,0.5957362744581998,1
TCGA-VN-A88I-01A-11R-A352-07,0.8941198113767365,1
TCGA-NJ-A7XG-01A-12R-A39D-07,0.4414464589840827,0
TCGA-G7-A8LC-01A-11R-A36F-07,0.8088839472002315,1
TCGA-G9-7525-01A-31R-2263-07,0.8382225793135424,1
TCGA-A3-3362-01A-02R-1325-07,0.48175959568702065,1
TCGA-AN-A0AR-01A-11R-A00Z-07,0.7936513642548718,1
TCGA-R6-A8WC-01A-11R-A37I-31,0.6782511341428166,1
TCGA-73-A9RS-01A-11R-A41B-07,0.8084268783543471,1
TCGA-05-4390-01A-02R-1755-07,0.7167531469916844,1
TCGA-CM-5349-01A-21R-1723-07,0.5288806698881303,0
TCGA-CJ-4637-01A-02R-1325-07,0.509942404713649,0
TCGA-CJ-4897-01A-03R-1426-07,0.3726821390511985,1
TCGA-D8-A3Z6-01A-11R-A239-07,0.6491785909534594,1
TCGA-68-7757-01B-11R-2296-07,0.733447411548729,1
TCGA-HI-7168-01A-11R-2118-07,0.835837740806299,1
TCGA-DV-A4VZ-01A-11R-A266-07,0.9691170868049857,1
TCGA-CC-A7IJ-01A-11R-A33R-07,0.9844133371066871,0
TCGA-3C-AALJ-01A-31R-A41B-07,0.7557291829561676,1
TCGA-49-4505-01A-01R-1206-07,0.5633223314721334,1
TCGA-V5-A7RE-01A-11R-A354-31,0.8132679258362556,1
TCGA-CC-5261-01A-01R-A131-07,0.9473113609985876,1
TCGA-85-A4CN-01A-11R-A24H-07,0.6718788715175931,1
TCGA-BH-A0HI-01A-11R-A084-07,0.5652480050701224,1
TCGA-55-A48Z-01A-12R-A24X-07,0.6650864845344484,1
TCGA-60-2720-01A-01R-0851-07,0.817217504503408,1
TCGA-A7-A5ZV-01A-11R-A28M-07,0.9237213560760997,1
TCGA-HC-7231-01A-11R-2118-07,0.33903644666392235,1
TCGA-66-2771-01A-01R-0980-07,0.7450308253793788,1
TCGA-EJ-A65J-01A-11R-A311-07,0.7844013619089255,1
TCGA-G4-6322-01A-11R-1723-07,0.5490076646414482,0
TCGA-IB-A7LX-01A-12R-A36G-07,0.9063342506970838,1
TCGA-86-8669-01A-11R-2403-07,0.4835261018807105,0
TCGA-B0-5697-01A-11R-1541-07,0.5649662367430693,0
TCGA-G4-6323-01A-11R-1723-07,0.7096914467475746,1
TCGA-L5-A4OT-01A-11R-A28J-31,0.7048830981631564,1
TCGA-3E-AAAZ-01A-11R-A38C-07,0.5928367065175439,1
TCGA-13-1498-01A-01R-1565-13,0.45074169707434925,0
TCGA-WN-AB4C-01A-11R-A42S-07,0.9008250253577148,1
TCGA-AA-A02W-01A-01R-A00A-07,0.6580218567054658,1
TCGA-A6-5660-01A-01R-1653-07,0.4627962073686351,1
TCGA-85-A50M-01A-21R-A262-07,0.8367727023043054,1
TCGA-B4-5378-01A-01R-1503-07,0.5305432938229006,0
TCGA-EW-A1PF-01A-11R-A144-07,0.5964487583958658,1
TCGA-44-4112-01B-06R-A277-07,0.90835982052433,1
TCGA-23-1021-01B-01R-1564-13,0.6769378765096234,1
TCGA-CJ-4888-01A-01R-1305-07,0.45912553918471993,0
TCGA-FB-AAQ6-01A-11R-A41B-07,0.7174848188862771,1
TCGA-39-5021-01A-01R-1443-07,0.6365945666033686,1
TCGA-HZ-8638-01A-11R-2404-07,0.624012383710617,1
TCGA-55-8085-01A-11R-2241-07,0.6957953143262573,1
TCGA-24-2038-01A-01R-1568-13,0.8715939643380957,1
TCGA-UZ-A9PS-01A-11R-A42S-07,0.4907768708028759,1
TCGA-23-1022-01A-01R-1564-13,0.49359082688203443,0
TCGA-25-1635-01A-01R-1566-13,0.5500314193838006,0
TCGA-56-8308-01A-11R-2296-07,0.5501829890076014,1
TCGA-A7-A13G-01A-11R-A13Q-07,0.8509135286496174,1
TCGA-BH-A0DX-01A-11R-A115-07,0.6477084126252092,1
TCGA-BH-A0HO-01A-11R-A034-07,0.5154705367761654,0
TCGA-A8-A092-01A-11R-A00Z-07,0.6194874079094154,1
TCGA-A8-A08I-01A-11R-A00Z-07,0.6039498287643383,0
TCGA-QU-A6IO-01A-11R-A31N-07,0.9155151200438394,1
TCGA-D8-A1XO-01A-11R-A14M-07,0.4964184838939265,1
TCGA-HE-A5NL-01A-11R-A26U-07,0.2835889975077656,1
TCGA-CZ-5984-01A-11R-1672-07,0.615829378010946,1
TCGA-EJ-A7NJ-01A-22R-A352-07,0.5204275548676082,1
TCGA-A6-6653-01A-11R-1774-07,0.669856979624903,1
TCGA-BC-4073-01B-02R-A131-07,0.9040435544965254,0
TCGA-HZ-7923-01A-12R-2156-07,0.6295412523958399,1
TCGA-AL-7173-01A-11R-2139-07,0.6895713006992334,1
TCGA-A2-A1FX-01A-11R-A13Q-07,0.6897381141539716,1
TCGA-AZ-4323-01A-21R-1839-07,0.9597504083903009,1
TCGA-J4-A67R-01A-21R-A30B-07,0.7570724518496531,1
TCGA-BF-AAP8-01A-11R-A40A-07,0.9319520679117165,1
TCGA-IG-A97H-01A-11R-A38D-31,0.44961887471851153,0
TCGA-DM-A28C-01A-11R-A32Y-07,0.7745474522073731,1
TCGA-NJ-A4YQ-01A-11R-A262-07,0.6999003445714417,1
TCGA-LN-A49K-01A-11R-A24K-31,0.47436404380875874,1
TCGA-44-2655-01A-01R-0946-07,0.5476526567579458,0
TCGA-B8-5164-01A-01R-1420-07,0.7163063696359063,1
TCGA-IZ-8195-01A-31R-2404-07,0.37427294002908695,0
TCGA-XD-AAUG-01A-61R-A41B-07,0.6099441387227664,1
TCGA-OE-A75W-01A-12R-A32O-07,0.9031700254995845,1
TCGA-UZ-A9PU-01A-11R-A42S-07,0.3902388862379194,1
TCGA-CM-4752-01A-01R-1410-07,0.5726132243957324,1
TCGA-MR-A520-01A-11R-A266-07,0.36446458932570835,0
TCGA-E9-A1R0-01A-22R-A16F-07,0.6386178240879243,1
TCGA-43-8115-01A-11R-2247-07,0.645989702174044,1
TCGA-F2-A7TX-01A-33R-A38C-07,0.8853994150407288,1
TCGA-13-1404-01A-01R-1565-13,0.44856932476140454,0
TCGA-13-0923-01A-01R-1564-13,0.5764008470529406,1
TCGA-LB-A7SX-01A-11R-A33R-07,0.9295095520273023,1
TCGA-BP-5001-01A-01R-1334-07,0.8427490941160183,1
TCGA-09-1665-01B-01R-1566-13,0.7626420649087463,1
TCGA-GL-A9DC-01A-11R-A37K-07,0.230538306802233,0
TCGA-IA-A83T-01A-11R-A355-07,0.6532229957118515,1
TCGA-86-8668-01A-11R-2403-07,0.3294000571343894,0
TCGA-A6-5661-01A-01R-1653-07,0.6311053716471129,1
TCGA-V5-A7RC-01B-11R-A406-31,0.5608725058521556,1
TCGA-05-4417-01A-22R-1858-07,0.5898713342871001,1
TCGA-29-1693-01A-01R-1567-13,0.7958574734688675,1
TCGA-AN-A0FX-01A-11R-A034-07,0.7238023743470954,1
TCGA-C8-A135-01A-11R-A115-07,0.7483837879331365,1
TCGA-CM-6162-01A-11R-1653-07,0.9025919755441388,1
TCGA-E2-A15C-01A-31R-A12D-07,0.5874319572208553,1
TCGA-D8-A1JI-01A-11R-A13Q-07,0.6773858453668086,1
TCGA-24-1563-01A-01R-1566-13,0.63388317029979,1
TCGA-BH-A42V-01A-11R-A24H-07,0.7309416114470704,1
TCGA-A6-6780-01A-11R-1839-07,0.6683497731204769,1
TCGA-A3-3323-01A-02R-1325-07,0.5034579902203418,1
TCGA-B0-4712-01A-01R-1503-07,0.9147258083936696,1
TCGA-85-A4QR-01A-11R-A24Z-07,0.7687966302471714,1
TCGA-EW-A423-01A-11R-A24H-07,0.7554071437733056,1
TCGA-HZ-A8P0-01A-11R-A36G-07,0.539433500600633,1
TCGA-B1-A47M-01A-11R-A24Z-07,0.26784177614072524,0
TCGA-91-6830-01A-11R-1949-07,0.670925431323037,1
TCGA-AO-A0J9-01A-11R-A034-07,0.5933145632199396,0
TCGA-V1-A8WV-01A-11R-A37L-07,0.9544436896208673,1
TCGA-LN-A49N-01A-11R-A24K-31,0.4980306775811289,1
TCGA-BF-AAP6-01A-11R-A40A-07,0.7519700408515714,1
TCGA-B6-A401-01A-11R-A239-07,0.6554025154099773,1
TCGA-BQ-7060-01A-11R-1965-07,0.2516155121460983,0
TCGA-EP-A2KB-01A-11R-A180-07,0.7544204266922308,1
TCGA-A2-A0SY-01A-31R-A084-07,0.40532243699326764,0
TCGA-CZ-4860-01A-01R-1305-07,0.986837436930256,1
TCGA-CM-6169-01A-11R-1653-07,0.8721323184986989,1
TCGA-85-8353-01A-21R-2296-07,0.5499692695638946,1
TCGA-AA-3850-01A-01R-1022-07,0.5433123940354591,1
TCGA-2Z-A9JJ-01A-11R-A42S-07,0.9579508782334759,1
TCGA-C8-A1HE-01A-11R-A13Q-07,0.4402678636862958,1
TCGA-97-7552-01A-11R-2039-07,0.5385786935224832,1
TCGA-YL-A8SC-01A-11R-A37L-07,0.5113383442931378,0
TCGA-BQ-5877-01A-11R-1592-07,0.8203871813647277,0
TCGA-AA-3986-01A-02R-1022-07,0.5575526799180057,1
TCGA-A6-6140-01A-11R-1774-07,0.3827577183711415,1
TCGA-MP-A5C7-01A-11R-A262-07,0.7408180445585562,1
TCGA-86-7955-01A-11R-2187-07,0.8855940526362753,1
TCGA-A3-3311-01A-02R-1325-07,0.3897267055196521,1
TCGA-MP-A4T8-01A-11R-A24X-07,0.5229801959788515,0
TCGA-49-4488-01A-01R-1755-07,0.4877846996606898,0
TCGA-A8-A07O-01A-11R-A00Z-07,0.6054970682076477,0
TCGA-EJ-7312-01B-21R-A32O-07,0.6240076200535427,1
TCGA-CK-5912-01A-11R-1653-07,0.8365329700381217,1
TCGA-56-6546-01A-11R-1820-07,0.7911818076631452,1
TCGA-B6-A1KC-01B-11R-A157-07,0.7604493564066033,1
TCGA-5P-A9JU-01A-11R-A42S-07,0.49910018116143073,0
TCGA-B9-4114-01A-01R-1193-07,0.6376340191537861,1
TCGA-EB-A551-01A-21R-A27Q-07,0.9290465684702444,1
TCGA-A7-A0DB-01A-11R-A277-07,0.6443331369826851,1
TCGA-G4-6628-01A-11R-1839-07,0.8169830543916132,1
TCGA-LD-A66U-01A-11R-A31O-07,0.6658273476359037,1
TCGA-91-6840-01A-11R-1949-07,0.6054415931248094,0
TCGA-EJ-5527-01A-01R-1580-07,0.7487457416012832,1
TCGA-29-2428-01A-01R-1569-13,0.38047569142583315,0
TCGA-22-4601-01A-01R-1443-07,0.49604084152477473,0
TCGA-22-0940-01A-01R-0692-07,0.6452758169548279,1
TCGA-24-1555-01A-01R-1566-13,0.6149679523700283,1
TCGA-F4-6856-01A-11R-1928-07,0.5691781846419043,1
TCGA-LG-A9QD-01A-11R-A38B-07,0.5179667874693455,1
TCGA-B0-4814-01A-01R-1277-07,0.5260299885522242,1
TCGA-DD-A3A7-01A-11R-A22L-07,0.814377427355369,1
TCGA-BQ-7050-01A-11R-1965-07,0.6818109019796659,1
TCGA-EJ-5524-01A-01R-1580-07,0.7581916747124806,1
TCGA-E9-A22A-01A-11R-A157-07,0.6817218896655526,1
TCGA-BH-A1FJ-01A-11R-A13Q-07,0.6472613750915029,1
TCGA-EJ-5517-01A-01R-1580-07,0.6698283651749355,1
TCGA-FB-AAPP-01A-12R-A41B-07,0.9826619785270061,1
TCGA-EJ-8472-01A-11R-2403-07,0.8232036512284231,1
TCGA-BP-4770-01A-01R-1503-07,0.9847485647281354,1
TCGA-CJ-5681-01A-11R-1541-07,0.9494892267535591,0
TCGA-EJ-5542-01A-01R-1580-07,0.6178958538636745,0
TCGA-13-1407-01A-01R-1565-13,0.5439017984543509,1
TCGA-J7-A8I2-01A-12R-A36F-07,0.9951584845881125,1
TCGA-ED-A627-01A-12R-A311-07,0.5698421428458318,0
TCGA-2J-AABU-01A-11R-A41B-07,0.5187869737319685,1
TCGA-E9-A1QZ-01A-21R-A169-07,0.6971832125420281,1
TCGA-66-2744-01A-01R-0980-07,0.7158680831962572,1
TCGA-29-1781-01A-01R-1567-13,0.6505001716526163,1
TCGA-LN-A49L-01A-11R-A24K-31,0.7252194477802423,0
TCGA-18-4721-01A-01R-1443-07,0.453059081287366,1
TCGA-A7-A5ZW-01A-12R-A29R-07,0.6631956315380889,1
TCGA-B6-A409-01A-11R-A24H-07,0.8617597259669239,1
TCGA-FC-A4JI-01A-11R-A250-07,0.9911840162999184,1
TCGA-13-1405-01A-01R-1565-13,0.7949321453469552,1
TCGA-DD-AADO-01A-11R-A41C-07,0.718507534008774,1
TCGA-WX-AA46-01A-11R-A39D-07,0.48154482842646196,1
TCGA-4N-A93T-01A-11R-A37K-07,0.7982021538102835,1
TCGA-V1-A9OF-01A-11R-A41O-07,0.28775783523444604,0
TCGA-Y8-A897-01A-11R-A36F-07,0.3683767671828787,1
TCGA-A6-3807-01A-01R-1022-07,0.7571743924675362,1
TCGA-DD-A1ED-01A-11R-A155-07,0.5669889789656763,1
TCGA-AO-A0J8-01A-21R-A034-07,0.473214285400341,1
TCGA-BH-A42T-01A-11R-A24H-07,0.595044570958539,0
TCGA-25-1329-01A-01R-1565-13,0.4785138310154804,0
TCGA-AO-A12H-01A-11R-A115-07,0.7287489365303718,1
TCGA-G3-A25T-01A-11R-A16W-07,0.9428511972926614,1
TCGA-G9-7509-01A-11R-A41O-07,0.3320196671765761,1
TCGA-BC-A8YO-01A-11R-A37K-07,0.8935018447108583,1
TCGA-50-5942-01A-21R-1755-07,0.6215450210043331,1
TCGA-GM-A2DB-01A-31R-A18M-07,0.8777551516429135,1
TCGA-C8-A133-01A-32R-A12D-07,0.7777193991705739,1
TCGA-NC-A5HD-01A-11R-A26W-07,0.7065731171129033,1
TCGA-AR-A0U0-01A-11R-A109-07,0.8119432917402275,1
TCGA-23-1029-01B-01R-1567-13,0.3781942655362409,0
TCGA-HZ-8637-01A-11R-2404-07,0.8000112711579543,1
TCGA-D8-A1JM-01A-11R-A13Q-07,0.8384475140753893,1
TCGA-91-8499-01A-11R-2403-07,0.9219129629952393,1
TCGA-ZP-A9D2-01A-11R-A38B-07,0.9524432284684864,1
TCGA-2Y-A9GV-01A-11R-A38B-07,0.6072782303188428,1
TCGA-B8-A54D-01A-21R-A266-07,0.6919948028269051,1
TCGA-A4-8630-01A-11R-2404-07,0.39842290938595687,1
TCGA-F4-6855-01A-11R-1928-07,0.7346966904101447,1
TCGA-EB-A3HV-01A-11R-A21D-07,0.6111179879234493,1
TCGA-XJ-A83G-01A-11R-A352-07,0.38551235263864897,0
TCGA-AA-3560-01A-01R-0821-07,0.7826720540280904,1
TCGA-D8-A1XA-01A-11R-A14D-07,0.7273151927156394,1
TCGA-BP-4963-01A-01R-1334-07,0.4403672751345754,1
TCGA-04-1338-01A-01R-1564-13,0.7675043674583059,1
TCGA-09-1662-01A-01R-1566-13,0.68208007642425,1
TCGA-24-1417-01A-01R-1565-13,0.677364850016013,1
TCGA-ZG-A9LN-01A-11R-A41O-07,0.8180131693014289,1
TCGA-EJ-8474-01A-11R-2403-07,0.6027916166737975,1
TCGA-13-0727-01A-01R-1564-13,0.46342440633154663,1
TCGA-37-5819-01A-01R-1635-07,0.9523732607535698,1
TCGA-E2-A1LI-01A-12R-A157-07,0.680252264234231,0
TCGA-77-7138-01A-41R-2045-07,0.7320845446426394,1
TCGA-A2-A3XU-01A-12R-A22U-07,0.8630438047855806,1
TCGA-QG-A5YW-01A-11R-A28H-07,0.6131670137393413,1
TCGA-49-AAR0-01A-21R-A39D-07,0.6692951018074468,1
TCGA-50-6590-01A-12R-1858-07,0.811277232150442,1
TCGA-55-8510-01A-11R-2403-07,0.611536794458211,1
TCGA-AL-3466-01A-02R-1351-07,0.9801018303933733,0
TCGA-IB-AAUU-01A-11R-A37L-07,0.3165763044289774,0
TCGA-AA-3815-01A-01R-1022-07,0.6106587039173799,1
TCGA-AR-A0TZ-01A-12R-A084-07,0.6679134286029379,1
TCGA-M7-A71Z-01A-12R-A32O-07,0.8829705533215897,1
TCGA-A8-A09C-01A-11R-A00Z-07,0.6752051851266594,1
TCGA-DD-AAE1-01A-11R-A41C-07,0.3661608211601425,0
TCGA-BH-A1EX-01A-11R-A13Q-07,0.6528570974389702,1
TCGA-DM-A288-01A-11R-A16W-07,0.43330323300956336,0
TCGA-CC-A5UE-01A-11R-A28V-07,0.6637321186285202,1
TCGA-S8-A6BV-01A-21R-A31P-31,0.8942773286558133,1
TCGA-AO-A03O-01A-11R-A00Z-07,0.5026550485909427,0
TCGA-IA-A83W-01A-11R-A355-07,0.6963619420872208,1
TCGA-86-A4P8-01A-11R-A24X-07,0.5719130139578367,0
TCGA-A4-7288-01A-11R-A32Z-07,0.33168628467405026,0
TCGA-33-4532-01A-01R-1201-07,0.6738635560017221,1
TCGA-OY-A56P-01A-12R-A406-31,0.8409428060900253,1
TCGA-GK-A6C7-01A-11R-A33J-07,0.6603477755287959,1
TCGA-E2-A15E-01A-11R-A12D-07,0.5310064574181845,1
TCGA-DD-A39W-01A-11R-A213-07,0.7262279392614966,1
TCGA-AR-A0U3-01A-11R-A109-07,0.633063301491087,1
TCGA-CJ-4900-01A-01R-1334-07,0.5296518152241994,0
TCGA-E2-A15G-01A-11R-A12D-07,0.48601551903199003,1
TCGA-CH-5769-01A-11R-1580-07,0.672317425807984,1
TCGA-60-2707-01A-01R-0851-07,0.6369937952492618,1
TCGA-CW-5589-01A-01R-1541-07,0.2481406460943415,0
TCGA-DD-AAEB-01A-11R-A41C-07,0.5197444377220342,1
TCGA-61-2098-01A-01R-1568-13,0.7380113173830455,1
TCGA-05-4249-01A-01R-1107-07,0.5786428819296111,1
TCGA-33-4589-01A-01R-1443-07,0.9157606865855465,1
TCGA-E2-A15K-01A-11R-A12P-07,0.5940441780850161,1
TCGA-DD-A4NL-01A-11R-A28V-07,0.4880036290726877,1
TCGA-BF-AAP2-01A-11R-A40A-07,0.4848053842966514,1
TCGA-44-6779-01A-11R-1858-07,0.7203201439947322,1
TCGA-85-7844-01A-11R-2125-07,0.5426508462712071,1
TCGA-AK-3460-01A-02R-1277-07,0.38588441858111316,1
TCGA-B2-4101-01A-02R-1277-07,0.4011820691185751,1
TCGA-51-4080-01A-01R-1100-07,0.7042221506126195,1
TCGA-3C-AALI-01A-11R-A41B-07,0.791331296130391,1
TCGA-IB-A5SP-01A-11R-A32O-07,0.8320917091330284,1
TCGA-L5-A88Z-01A-11R-A36D-31,0.4957514127638507,0
TCGA-D9-A4Z5-01A-11R-A266-07,0.8723070006080574,1
TCGA-BH-A0DG-01A-21R-A12P-07,0.4768269499860548,0
TCGA-L5-A8NF-01A-11R-A37I-31,0.6734793982747748,1
TCGA-EJ-7325-01B-11R-A32O-07,0.7652958239061151,0
TCGA-13-1497-01A-01R-1565-13,0.583610815522337,1
TCGA-HC-7736-01A-11R-2118-07,0.589192180432053,1
TCGA-AR-A1AH-01A-11R-A12D-07,0.6917826566886499,1
TCGA-A7-A26F-01B-04R-A22O-07,0.8992074962694926,1
TCGA-04-1337-01A-01R-1564-13,0.6344393631164137,1
TCGA-EB-A6QZ-01A-12R-A32P-07,0.4640465171358183,1
TCGA-AK-3444-01A-02R-1325-07,0.32213793540212565,0
TCGA-B0-5092-01A-01R-1420-07,0.7066612213187983,1
TCGA-A8-A09A-01A-11R-A00Z-07,0.572586659076243,1
TCGA-LN-A49O-01A-11R-A24K-31,0.5226721615867994,1
TCGA-61-1737-01A-01R-1567-13,0.629787744204116,1
TCGA-EJ-A46H-01A-31R-A26U-07,0.855400913978517,0
TCGA-B6-A0X5-01A-21R-A109-07,0.7286226406444253,1
TCGA-C8-A26X-01A-31R-A16F-07,0.7484390188673858,0
TCGA-21-1077-01A-01R-0692-07,0.47352882331088775,1
TCGA-GM-A2DD-01A-11R-A180-07,0.7292015246382896,1
TCGA-BP-4326-01A-01R-1289-07,0.6672199673131087,0
TCGA-DA-A960-01A-11R-A37K-07,0.44968460983131847,1
TCGA-94-A5I4-01A-11R-A26W-07,0.617802276548033,1
TCGA-AA-3520-01A-01R-0821-07,0.49843456453757384,1
TCGA-2Y-A9H1-01A-11R-A38B-07,0.543218617707732,1
TCGA-63-A5ML-01A-31R-A27Q-07,0.7220849647687847,1
TCGA-KK-A8IB-01A-11R-A36G-07,0.44434158764120135,0
TCGA-AA-3947-01A-01R-1022-07,0.9943290710932728,1
TCGA-B8-4621-01A-01R-1503-07,0.8290094996164588,1
TCGA-S3-AA11-01A-31R-A41B-07,0.603228460916734,1
TCGA-BH-A0BM-01A-11R-A056-07,0.7131839249976745,1
TCGA-AK-3447-01A-01R-1766-07,0.9965494031101065,1
TCGA-E2-A1IO-01A-11R-A144-07,0.5818728928740773,1
TCGA-BP-5185-01A-01R-1426-07,0.9234823956615477,1
TCGA-LL-A5YO-01A-21R-A28M-07,0.5715179420970338,0
TCGA-A3-3347-01A-02R-1325-07,0.6338697008809603,1
TCGA-60-2709-01A-21R-1820-07,0.3977240197299581,0
TCGA-DD-A1EK-01A-11R-A213-07,0.5402551630590791,1
TCGA-BH-A0HU-01A-11R-A034-07,0.5589939208228596,0
TCGA-HZ-7289-01A-11R-2156-07,0.9952092636738414,1
TCGA-33-4566-01A-01R-1443-07,0.7358151653279468,1
TCGA-EJ-5504-01A-01R-1580-07,0.4356921817570615,1
TCGA-IB-7654-01A-11R-2156-07,0.6772798976113764,1
TCGA-2Z-A9JD-01A-11R-A42S-07,0.6155035592138437,1
TCGA-BH-A18L-01A-32R-A12D-07,0.7172003780575056,1
TCGA-38-A44F-01A-11R-A24H-07,0.4716577940513152,0
TCGA-YL-A8SB-01A-31R-A37L-07,0.4571949570182553,1
TCGA-46-3768-01A-01R-0980-07,0.652037302204231,1
TCGA-AR-A24U-01A-11R-A169-07,0.7294819120571762,1
TCGA-AO-A0JD-01A-11R-A056-07,0.6732933278681055,1
TCGA-A2-A0T1-01A-21R-A084-07,0.7151234318916843,1
TCGA-D8-A1JH-01A-11R-A13Q-07,0.5407535862590527,1
TCGA-BP-5194-01A-02R-1426-07,0.36991003675130946,1
TCGA-RB-AA9M-01A-11R-A39D-07,0.42790537645670634,1
TCGA-A4-7915-01A-11R-2204-07,0.9928011587521758,1
TCGA-AA-3867-01A-01R-1022-07,0.6124252784099128,1
TCGA-3A-A9IH-01A-12R-A39D-07,0.45098723475440894,1
TCGA-E2-A570-01A-11R-A29R-07,0.7348307134210482,1
TCGA-D5-5540-01A-01R-1653-07,0.7518673947706179,0
TCGA-B0-4839-01A-01R-1305-07,0.6723485462794724,1
TCGA-FS-A1ZN-01A-11R-A18T-07,0.8319552316271489,1
TCGA-D8-A1Y1-01A-21R-A14M-07,0.6172533033564841,1
TCGA-57-1993-01A-01R-1568-13,0.7487993535249381,1
TCGA-E9-A3X8-01A-31R-A22U-07,0.8504742446428813,1
TCGA-86-8073-01A-11R-2241-07,0.6501558338576475,1
TCGA-ZG-A8QW-01A-11R-A37L-07,0.6081786536831778,1
TCGA-AK-3458-01A-01R-1503-07,0.8924761737974908,1
TCGA-L5-A88S-01A-11R-A36D-31,0.7864289937156228,1
TCGA-DD-A4NJ-01A-11R-A27V-07,0.5475637083279493,0
TCGA-55-6985-01A-11R-1949-07,0.4544447398135415,1
TCGA-78-7147-01A-11R-2039-07,0.5891383699555245,0
TCGA-AK-3429-01A-02R-1325-07,0.5441096377767465,0
TCGA-AR-A2LH-01A-31R-A18M-07,0.5978583413694175,0
TCGA-WX-AA47-01A-11R-A39D-07,0.48965060975095054,0
TCGA-04-1536-01A-01R-1566-13,0.7510274640467263,1
TCGA-L3-A524-01A-11R-A262-07,0.5368549115334034,1
TCGA-91-6848-01A-11R-1949-07,0.8699853861077094,1
TCGA-24-2027-01A-01R-1567-13,0.6563934971894699,1
TCGA-H9-A6BX-01A-31R-A311-07,0.8692019765110403,1
TCGA-G9-6354-01A-11R-A311-07,0.5558428498128981,1
TCGA-10-0937-01A-02R-1564-13,0.6647294344109912,1
TCGA-B6-A0RN-01A-12R-A084-07,0.5737039941112508,1
TCGA-86-8056-01A-11R-2241-07,0.3485444112164071,0
TCGA-95-8039-01A-11R-2241-07,0.3020991860377439,0
TCGA-E9-A1R5-01A-11R-A14M-07,0.5514312415678094,0
TCGA-A3-3331-01A-02R-1325-07,0.4112952473779963,1
TCGA-18-3410-01A-01R-0980-07,0.867332624933858,1
TCGA-22-5491-01A-01R-1635-07,0.5570159762095832,1
TCGA-A4-A7UZ-01A-12R-A355-07,0.5382887253361291,0
TCGA-L5-A4OS-01A-11R-A28J-31,0.6663709262613227,0
TCGA-AZ-6607-01A-11R-1839-07,0.9823080021144465,1
TCGA-B0-5077-01A-01R-1334-07,0.24273577392951623,0
TCGA-63-A5MW-01A-11R-A26W-07,0.719684647861528,0
TCGA-CK-6747-01A-11R-1839-07,0.42955083563252494,1
TCGA-A8-A06U-01A-11R-A00Z-07,0.8249067196877226,1
TCGA-CC-A5UD-01A-11R-A28V-07,0.9348272725168123,1
TCGA-44-A47A-01A-21R-A24H-07,0.4051010661372759,0
TCGA-EW-A1IZ-01A-11R-A13Q-07,0.7043768663700275,1
TCGA-24-2019-01A-02R-1568-13,0.5758061083596944,1
TCGA-EW-A1IX-01A-12R-A144-07,0.5416682968750658,1
TCGA-13-0897-01A-01R-1564-13,0.7578626500723051,1
TCGA-A8-A06Q-01A-11R-A034-07,0.763379685111184,1
TCGA-A2-A4RX-01A-11R-A266-07,0.8517515071276343,1
TCGA-E9-A1RC-01A-11R-A157-07,0.6958847284630828,1
TCGA-AA-3814-01A-01R-0905-07,0.48493365564709506,1
TCGA-DD-AACH-01A-11R-A41C-07,0.8844447007775292,1
TCGA-AA-3496-01A-21R-1839-07,0.8405218416411168,1
TCGA-69-7974-01A-11R-2187-07,0.4085086348112457,0
TCGA-24-1431-01A-01R-1566-13,0.7191135304586311,1
TCGA-B6-A1KI-01A-11R-A14M-07,0.4035294573874974,0
TCGA-AK-3461-01A-02R-1277-07,0.4248382657533079,1
TCGA-DD-A11D-01A-11R-A131-07,0.455863889596658,1
TCGA-22-4594-01A-01R-1201-07,0.8666836483309818,1
TCGA-GN-A8LN-01A-11R-A37K-07,0.7964572209404701,1
TCGA-A4-7286-01A-11R-A32Z-07,0.2572299403047516,0
TCGA-G9-6362-01A-11R-1789-07,0.9339815601894066,1
TCGA-ED-A7PZ-01A-11R-A33R-07,0.6153683885078074,1
TCGA-77-7139-01A-11R-2045-07,0.7401109942088572,1
TCGA-AT-A5NU-01A-11R-A28H-07,0.5737834422576203,1
TCGA-G9-6348-01A-11R-1789-07,0.6705510551278455,1
TCGA-CM-5868-01A-01R-1653-07,0.2548588403726486,0
TCGA-80-5607-01A-31R-1949-07,0.5825823136892188,1
TCGA-DD-A4ND-01A-11R-A266-07,0.8768198165229015,1
TCGA-AK-3443-01A-02R-1325-07,0.9830003864511759,1
TCGA-BH-A28Q-01A-11R-A16F-07,0.5346013256544715,1
TCGA-62-A470-01A-11R-A24H-07,0.7608254294165793,1
TCGA-85-A5B5-01A-21R-A26W-07,0.7507755942172586,1
TCGA-GN-A4U5-01A-11R-A32P-07,0.7047249923820763,1
TCGA-A7-A2KD-01A-31R-A21T-07,0.5351170910812526,0
TCGA-5R-AAAM-01A-12R-A41C-07,0.5867055257372722,1
TCGA-AA-3952-01A-01R-1022-07,0.8365505365140806,1
TCGA-E9-A1NC-01A-21R-A26B-07,0.8492887387794108,1
TCGA-E9-A229-01A-31R-A157-07,0.35847027681601784,0
TCGA-55-A494-01A-11R-A24X-07,0.779003266055781,1
TCGA-D8-A1XL-01A-11R-A14M-07,0.7086822493600974,1
TCGA-YL-A8SI-01A-11R-A41O-07,0.4282292537849039,1
TCGA-61-1911-01A-01R-1567-13,0.9033874460161616,1
TCGA-56-1622-01A-01R-0692-07,0.3984714364925984,0
TCGA-C8-A26Z-01A-11R-A16F-07,0.626438929616798,1
TCGA-V5-A7RB-01A-11R-A354-31,0.8197969813933174,1
TCGA-OL-A66H-01A-11R-A29R-07,0.6803050711583379,1
TCGA-AC-A3OD-01A-11R-A21T-07,0.6376858784391779,0
TCGA-A4-8516-01A-11R-2404-07,0.19969056288455497,0
TCGA-EJ-A7NN-01A-11R-A33R-07,0.6867949712674775,1
TCGA-A8-A06Y-01A-21R-A00Z-07,0.6297236598857153,1
TCGA-EB-A5VU-01A-21R-A32P-07,0.858484305047861,1
TCGA-HC-7232-01A-11R-2118-07,0.561590172332155,1
TCGA-2L-AAQL-01A-11R-A38C-07,0.7372807091077397,1
TCGA-BF-A3DM-01A-11R-A20F-07,0.5893712821176499,0
TCGA-GM-A2DI-01A-31R-A18M-07,0.6341491374825872,1
TCGA-CJ-4635-01A-02R-1305-07,0.39538078088360007,0
TCGA-FV-A4ZP-01A-12R-A266-07,0.9474009084066083,1
TCGA-IH-A3EA-01A-11R-A20F-07,0.2651220929177905,1
TCGA-HC-7075-01A-11R-1965-07,0.5153842071468157,1
TCGA-5P-A9K6-01A-11R-A42S-07,0.2969598522163011,1
TCGA-DM-A28K-01A-21R-A32Y-07,0.47582055930365685,0
TCGA-BP-4962-01A-01R-1334-07,0.6754593352723147,1
TCGA-53-7624-01A-11R-2066-07,0.9032760565724359,1
TCGA-AA-3854-01A-01R-0905-07,0.6790265642611045,1
TCGA-OL-A5RW-01A-11R-A28M-07,0.8131646276336238,0
TCGA-E9-A1RI-01A-11R-A169-07,0.5363248254631257,1
TCGA-A7-A4SB-01A-21R-A266-07,0.6585793256856554,1
TCGA-A3-3306-01A-01R-0864-07,0.8143563840971537,1
TCGA-G9-6371-01A-11R-1789-07,0.5583377558612975,1
TCGA-E9-A243-01A-21R-A169-07,0.7333094029008063,1
TCGA-A7-A0CG-01A-12R-A056-07,0.47745184711414695,0
TCGA-E9-A3HO-01A-11R-A213-07,0.7893682696303791,1
TCGA-B6-A408-01A-12R-A24H-07,0.5181449947134591,0
TCGA-24-1426-01A-01R-1565-13,0.3180665157189723,0
TCGA-AC-A6IV-01A-12R-A33J-07,0.5153573924546722,0
TCGA-AS-3778-01A-01R-A32Z-07,0.5288400568447522,1
TCGA-C8-A1HG-01A-11R-A137-07,0.7078321502053393,1
TCGA-BQ-7059-01A-11R-1965-07,0.6839217980156621,1
TCGA-SX-A7SL-01A-11R-A355-07,0.6676788921450251,1
TCGA-13-1492-01A-01R-1565-13,0.7840395276870334,1
TCGA-BP-4970-01A-01R-1334-07,0.3465124563703498,1
TCGA-HE-7128-01A-11R-1965-07,0.7513944464992952,1
TCGA-61-1733-01A-01R-1567-13,0.6070268989885045,0
TCGA-LL-A5YL-01A-12R-A29R-07,0.7992174424061799,1
TCGA-DD-A3A8-01A-11R-A22L-07,0.4382844970734704,1
TCGA-AK-3450-01A-02R-1277-07,0.6905538762180786,1
TCGA-EW-A2FS-01A-11R-A17B-07,0.7814367625205179,1
TCGA-A2-A0T6-01A-11R-A084-07,0.4909158167514765,1
TCGA-FV-A496-01A-11R-A266-07,0.760157640239339,1
TCGA-75-7027-01A-11R-1949-07,0.7516868491683621,1
TCGA-43-3394-01A-01R-0980-07,0.6027229682936747,1
TCGA-CZ-5455-01A-01R-1503-07,0.4314380748874836,1
TCGA-AA-3831-01A-01R-0905-07,0.4624965139844899,1
TCGA-NH-A8F7-01A-11R-A41B-07,0.7578768144943321,1
TCGA-FB-A4P6-01A-12R-A26U-07,0.5380761766352888,1
TCGA-VP-A87E-01A-31R-A352-07,0.7128246872453092,1
TCGA-BH-A0DD-01A-31R-A12P-07,0.5473620387636607,1
TCGA-CM-4744-01A-01R-A32Z-07,0.4860992834229924,1
TCGA-IG-A8O2-01A-11R-A36D-31,0.8505169264805548,1
TCGA-A8-A07P-01A-11R-A00Z-07,0.6872027400842639,1
TCGA-J4-A67Q-01A-21R-A30B-07,0.8823009208183012,1
TCGA-A3-3387-01A-01R-1541-07,0.4544071719693261,1
TCGA-IB-7647-01A-11R-2156-07,0.8375908206541024,1
TCGA-98-8022-01A-11R-2247-07,0.7762843707303002,1
TCGA-J2-8194-01A-11R-2241-07,0.6109465355103516,1
TCGA-BP-5189-01A-02R-1426-07,0.33071820653875283,0
TCGA-24-2293-01A-01R-1568-13,0.7881766179570973,1
TCGA-DD-A1EA-01A-11R-A131-07,0.717145223523835,1
TCGA-JY-A6FB-01A-11R-A336-31,0.6565608932287944,1
TCGA-60-2716-01A-01R-0851-07,0.8957105215015772,1
TCGA-A1-A0SF-01A-11R-A144-07,0.7196714922822759,1
TCGA-78-7148-01A-11R-2039-07,0.6258946798522783,1
TCGA-85-7696-01A-11R-2125-07,0.5627111778419202,1
TCGA-25-1319-01A-01R-1565-13,0.7707157023435344,1
TCGA-44-A47B-01A-11R-A24H-07,0.675130115904178,1
TCGA-L5-A88W-01A-11R-A354-31,0.8688052823385018,1
TCGA-85-A4CL-01A-41R-A26W-07,0.880207345272776,1
TCGA-44-A4SU-01A-11R-A24X-07,0.5781300033523592,1
TCGA-2Y-A9GX-01A-11R-A38B-07,0.7876584142733317,1
TCGA-G4-6586-01A-11R-1774-07,0.6048883749506311,1
TCGA-68-A59J-01A-21R-A26W-07,0.518306571063426,0
TCGA-G6-A5PC-01A-11R-A33J-07,0.9622452351366869,1
TCGA-IG-A50L-01A-11R-A260-31,0.1623957605176106,0
TCGA-43-6770-01A-11R-1820-07,0.34698527784286054,0
TCGA-57-1584-01A-01R-1566-13,0.7087619290112869,1
TCGA-AC-A2B8-01A-11R-A17B-07,0.541318228673743,1
TCGA-A4-A57E-01A-11R-A26U-07,0.8952370989142995,1
TCGA-24-1471-01A-01R-1566-13,0.8811060182576826,1
TCGA-56-7579-01A-11R-2045-07,0.622123873346545,1
TCGA-KK-A59Y-01A-11R-A26U-07,0.6306541195040566,1
TCGA-A7-A26H-01A-11R-A169-07,0.33311689955587315,0
TCGA-DV-5573-01A-01R-1541-07,0.4183654261726698,1
TCGA-AC-A3TM-01A-11R-A22K-07,0.8032342151890894,1
TCGA-KK-A6E3-01A-21R-A30B-07,0.8365647238447825,1
TCGA-25-2398-01A-01R-1569-13,0.7699142809212708,1
TCGA-25-1631-01A-01R-1569-13,0.662851934482437,1
TCGA-B0-4710-01A-01R-1503-07,0.48973529997083287,0
TCGA-BD-A2L6-01A-11R-A213-07,0.4243879107813774,0
TCGA-85-8664-01A-11R-2403-07,0.7110733318578198,1
TCGA-59-2352-01A-01R-1569-13,0.6084913749844246,1
TCGA-97-8179-01A-11R-2287-07,0.46903820643030675,0
TCGA-CW-5590-01A-01R-1541-07,0.2818634600665751,0
TCGA-24-1424-01A-01R-1565-13,0.4620904603594226,0
TCGA-GM-A3XL-01A-11R-A22U-07,0.8346226451210537,1
TCGA-D8-A1JA-01A-11R-A13Q-07,0.7192687472233003,1
TCGA-EB-A85J-01A-12R-A352-07,0.7145893066641582,1
TCGA-HV-A7OL-01A-11R-A33R-07,0.6471802749273962,0
TCGA-55-8087-01A-11R-2241-07,0.6930740415015689,1
TCGA-55-6978-01A-11R-1949-07,0.33058526556856627,0
TCGA-BP-4332-01A-01R-1289-07,0.4459097385548004,1
TCGA-57-1586-01A-02R-1567-13,0.3731270225521829,0
TCGA-5P-A9JV-01A-12R-A42S-07,0.6363280460087937,0
TCGA-A2-A1G0-01A-11R-A13Q-07,0.4292523732778879,0
TCGA-BP-4985-01A-01R-1334-07,0.9266451995413408,1
TCGA-US-A774-01A-21R-A32O-07,0.12826529702631534,0
TCGA-V7-A7HQ-01A-11R-A33J-07,0.8768101560830727,1
TCGA-B0-4817-01A-01R-1277-07,0.8815061746289038,1
TCGA-61-1738-01A-01R-1567-13,0.816342086708061,1
TCGA-A6-2681-01A-01R-1410-07,0.6897805441028658,1
TCGA-22-4609-01A-21R-2125-07,0.304570452499048,0
TCGA-HC-A6AN-01A-11R-A30B-07,0.8440661560598639,1
TCGA-AN-A0AM-01A-11R-A034-07,0.8099344239222325,1
TCGA-B2-5636-01A-02R-1541-07,0.5007669577654691,0
TCGA-59-2348-01A-01R-1569-13,0.7432218762033226,0
TCGA-EJ-5531-01A-01R-1580-07,0.32194882803486174,0
TCGA-D8-A4Z1-01A-21R-A266-07,0.4634108423318349,0
TCGA-BH-A0BV-01A-11R-A00Z-07,0.6643749885278235,1
TCGA-DD-AAEA-01A-11R-A41C-07,0.5679013358990606,1
TCGA-49-6761-01A-31R-1949-07,0.6116432546455036,1
TCGA-95-7043-01A-11R-1949-07,0.835745606751217,1
TCGA-AD-6890-01A-11R-1928-07,0.5224906935290844,1
TCGA-97-8547-01A-11R-2403-07,0.616072064540833,1
TCGA-XP-A8T6-01A-11R-A36D-31,0.6436466909740053,1
TCGA-70-6722-01A-11R-1820-07,0.673892879460837,1
TCGA-DD-AAVY-01A-11R-A41C-07,0.2350639079519077,0
TCGA-A2-A3XS-01A-11R-A22U-07,0.6837477691127467,1
TCGA-A2-A0YL-01A-21R-A109-07,0.5465722636650444,1
TCGA-3A-A9IS-01A-21R-A39D-07,0.9978422024774946,1
TCGA-73-4666-01A-01R-1206-07,0.6933554114400443,1
TCGA-24-1467-01A-01R-1566-13,0.4340239367288586,0
TCGA-85-7699-01A-11R-2125-07,0.5237704488634952,1
TCGA-A8-A07B-01A-11R-A00Z-07,0.5094683153908326,0
TCGA-AA-A01P-01A-21R-A083-07,0.8071825952093483,1
TCGA-AC-A62X-01A-11R-A29R-07,0.8385091721352306,1
TCGA-A2-A0YH-01A-11R-A109-07,0.6029017013580907,1
TCGA-D8-A1XS-01A-11R-A14M-07,0.5791112130620816,1
TCGA-BH-A0E2-01A-11R-A056-07,0.6855837258572713,1
TCGA-13-0888-01A-01R-1564-13,0.6220192243543937,1
TCGA-IG-A4QS-01A-11R-A260-31,0.8564356843277336,1
TCGA-A6-2680-01A-01R-1410-07,0.34848384620454953,0
TCGA-A4-7997-01A-11R-2204-07,0.7736307108135261,1
TCGA-93-A4JO-01A-21R-A24X-07,0.5543212135553525,1
TCGA-KV-A74V-01A-11R-A33Z-07,0.5709827204827077,1
TCGA-G4-6588-01A-11R-1774-07,0.7102900144346183,1
TCGA-J4-A83L-01A-11R-A352-07,0.47247974494130907,1
TCGA-5T-A9QA-01A-11R-A41B-07,0.6611194072264226,0
TCGA-49-6744-01A-11R-1858-07,0.492453304406865,1
TCGA-CK-4948-01B-11R-1653-07,0.47665414769123454,1
TCGA-77-7142-01A-11R-2045-07,0.6815385285141251,1
TCGA-ZG-A9M4-01A-11R-A41O-07,0.9360612886328143,1
TCGA-44-A479-01A-31R-A24H-07,0.7342602428217696,1
TCGA-AA-3511-01A-21R-1839-07,0.6216725452076569,1
TCGA-66-2758-01A-02R-0851-07,0.6849796973779123,1
TCGA-24-2290-01A-01R-1568-13,0.7382378195034511,1
TCGA-75-5125-01A-01R-1755-07,0.6390694888893621,1
TCGA-L9-A7SV-01A-11R-A39D-07,0.8452180452397322,1
TCGA-VP-A87K-01A-11R-A352-07,0.5263985329967849,1
TCGA-A6-A565-01A-31R-A28H-07,0.8823818818053089,1
TCGA-04-1364-01A-01R-1565-13,0.6766752229169968,1
TCGA-04-1350-01A-01R-1565-13,0.576440526267633,1
TCGA-22-5471-01A-01R-1635-07,0.7189310452904184,1
TCGA-EB-A430-01A-11R-A24X-07,0.43289255514685193,0
TCGA-ZG-A9ND-01A-11R-A41O-07,0.6572113059176937,1
TCGA-23-1119-01A-02R-1565-13,0.6908003868559822,1
TCGA-CJ-4642-01B-01R-1305-07,0.996465935139463,1
TCGA-24-1413-01A-01R-1565-13,0.6432793066088746,1
TCGA-A8-A08A-01A-11R-A32Y-07,0.7056353962872671,1
TCGA-04-1519-01A-01R-1565-13,0.6251336191976412,1
TCGA-B6-A0RT-01A-21R-A084-07,0.7846441555667776,1
TCGA-AC-A5XS-01A-11R-A29R-07,0.7335197410858023,1
TCGA-HC-8257-01A-11R-2263-07,0.4762322904533491,1
TCGA-CJ-4881-01A-01R-1305-07,0.5486591305679757,0
TCGA-DD-AACY-01A-11R-A41C-07,0.297289515752195,0
TCGA-CK-5915-01A-11R-1653-07,0.66631004318983,1
TCGA-2Y-A9GZ-01A-11R-A39D-07,0.6219902877525714,1
TCGA-2H-A9GI-01A-11R-A37I-31,0.8714280494465412,1
TCGA-B6-A0IP-01A-11R-A034-07,0.5734151790912974,1
TCGA-AA-3811-01A-01R-1022-07,0.611016643013162,1
TCGA-55-8208-01A-11R-2241-07,0.5088267178073412,1
TCGA-V9-A7HT-01A-11R-A33Z-07,0.41291976007943704,0
TCGA-C8-A12M-01A-11R-A115-07,0.7719449695648447,1
TCGA-BQ-5886-01A-11R-1592-07,0.34533545118247516,0
TCGA-GI-A2C9-01A-11R-A21T-07,0.5974633825693925,0
TCGA-G7-7502-01A-11R-2204-07,0.5389117703026615,1
TCGA-2Z-A9JM-01A-12R-A42S-07,0.4087718487295561,1
TCGA-85-A4PA-01A-11R-A24Z-07,0.9197354397650308,0
TCGA-C8-A12V-01A-11R-A115-07,0.6990892657278155,0
TCGA-HC-7745-01A-11R-2118-07,0.5205005737023342,1
TCGA-AC-A6IW-01A-12R-A33J-07,0.8252852911284366,1
TCGA-B0-5085-01A-01R-1334-07,0.844458921940155,1
TCGA-AR-A1AU-01A-11R-A12P-07,0.5076342778534734,0
TCGA-B8-5546-01A-01R-1541-07,0.9452970187720512,1
TCGA-77-7141-01A-11R-2045-07,0.4499445630459027,1
TCGA-AA-3534-01A-01R-0821-07,0.7272775943871803,1
TCGA-AA-3524-01A-02R-0821-07,0.553989679746158,1
TCGA-24-2280-01A-01R-1568-13,0.6807817971381157,1
TCGA-IB-7897-01A-21R-2204-07,0.709006694519809,0
TCGA-95-7039-01A-11R-1949-07,0.5159732037457976,0
TCGA-CJ-5680-01A-11R-1541-07,0.7994262435530325,1
TCGA-AR-A1AN-01A-11R-A12P-07,0.5357858772072365,1
TCGA-LL-A6FP-01A-11R-A31O-07,0.8520162646235752,1
TCGA-30-1714-01A-02R-1567-13,0.6027459125252911,0
TCGA-E2-A15L-01A-11R-A12D-07,0.5302152734404342,1
TCGA-23-2077-01A-01R-1568-13,0.5383475232721675,1
TCGA-EJ-7123-01A-11R-1965-07,0.48488158031395184,1
TCGA-DD-AACI-01A-11R-A41C-07,0.6183846597059581,1
TCGA-A6-3808-01A-01R-1022-07,0.5155113643029432,0
TCGA-AA-3837-01A-01R-0905-07,0.4798768814140238,1
TCGA-95-7944-01A-11R-2187-07,0.5782903832572844,0
TCGA-A3-3320-01A-02R-1325-07,0.4347491977443104,1
TCGA-MM-A563-01A-11R-A266-07,0.3173832004598471,0
TCGA-77-8008-01A-21R-2187-07,0.6883128525465144,1
TCGA-G9-7519-01A-11R-2263-07,0.5707129975994822,1
TCGA-BF-A5EP-01A-12R-A27Q-07,0.766192562737983,1
TCGA-B0-5694-01A-11R-1541-07,0.44400588511179295,1
TCGA-E9-A1R7-01A-11R-A14M-07,0.7394408691888923,1
TCGA-G3-A7M5-01A-11R-A33R-07,0.4874858089918588,1
TCGA-A2-A0SV-01A-11R-A084-07,0.638139304866867,1
TCGA-DW-7838-01A-11R-2139-07,0.7301742618710487,1
TCGA-AN-A04C-01A-21R-A034-07,0.7696446822707792,1
TCGA-77-6842-01A-11R-1949-07,0.7273669015714881,1
TCGA-B0-4688-01A-01R-1277-07,0.9950526841304937,1
TCGA-A2-A0YM-01A-11R-A109-07,0.8475039746053813,1
TCGA-JY-A6F8-01A-11R-A336-31,0.8510434881773141,1
TCGA-F4-6808-01A-11R-1839-07,0.6371446031821358,1
TCGA-AC-A2BM-01A-11R-A21T-07,0.6907079592705503,1
TCGA-34-5236-01A-21R-1820-07,0.5188891979960594,1
TCGA-AZ-6598-01A-11R-1774-07,0.7459510972453101,1
TCGA-D8-A1X7-01A-11R-A14M-07,0.5659882202119497,1
TCGA-AN-A0FY-01A-11R-A034-07,0.6657262500866593,1
TCGA-AO-A03R-01A-21R-A034-07,0.7903927667118146,1
TCGA-CJ-4920-01A-01R-1426-07,0.5064878135487039,1
TCGA-LL-A442-01A-11R-A24H-07,0.6850765519987034,1
TCGA-V1-A9OY-01A-11R-A41O-07,0.39345403211576235,1
TCGA-DD-AAVZ-01A-11R-A41C-07,0.5957429960739874,1
TCGA-UZ-A9PL-01A-11R-A38C-07,0.5360004176014619,0
TCGA-CJ-4638-01A-02R-1325-07,0.8762586461680643,1
TCGA-25-2401-01A-01R-1569-13,0.5538917861220685,1
TCGA-BP-4765-01A-01R-1289-07,0.5501456699700167,1
TCGA-AN-A0FS-01A-11R-A034-07,0.6262447045733581,1
TCGA-B8-5162-01A-01R-1420-07,0.565114520212169,0
TCGA-EV-5901-01A-11R-1592-07,0.9091395717862177,1
TCGA-2Y-A9H0-01A-11R-A38B-07,0.7465787214643459,1
TCGA-B4-5836-01A-11R-1672-07,0.4732402462674466,1
TCGA-G9-6338-01A-12R-1965-07,0.8097868916296685,1
TCGA-HZ-A9TJ-01A-11R-A41I-07,0.7853228531207043,1
TCGA-D8-A1XT-01A-11R-A14M-07,0.6248521763843303,0
TCGA-E9-A1N6-01A-11R-A144-07,0.5194972295341115,0
TCGA-E2-A1IK-01A-11R-A144-07,0.6875761024187201,1
TCGA-CJ-5683-01A-11R-1541-07,0.5415188558718821,1
TCGA-KK-A8IF-01A-11R-A36G-07,0.8478311322211781,1
TCGA-QG-A5Z2-01A-11R-A28H-07,0.6304592970037368,1
TCGA-A1-A0SO-01A-22R-A084-07,0.7197889009705499,0
TCGA-E2-A154-01A-11R-A115-07,0.5954887826195742,1
TCGA-J9-A8CM-01A-11R-A352-07,0.6525841643892423,1
TCGA-AN-A0FV-01A-11R-A00Z-07,0.6992159202501711,1
TCGA-CM-6679-01A-11R-1839-07,0.683101508915622,1
TCGA-77-8153-01A-11R-2403-07,0.6376810337863564,1
TCGA-BH-A0BJ-01A-11R-A056-07,0.5429216759888681,1
TCGA-AN-A0AL-01A-11R-A00Z-07,0.8627420626838641,1
TCGA-24-1928-01A-01R-1567-13,0.7187399592023364,1
TCGA-IB-7890-01A-12R-2204-07,0.39189881332757864,0
TCGA-E2-A15R-01A-11R-A115-07,0.6783522719381576,1
TCGA-BH-A0DT-01A-21R-A12D-07,0.4754378590168893,0
TCGA-Q3-A5QY-01A-12R-A32O-07,0.5695102309974235,0
TCGA-NJ-A4YI-01A-11R-A262-07,0.7073579276362177,1
TCGA-ZG-A9N3-01A-11R-A41O-07,0.9843011920897844,1
TCGA-2Z-A9JO-01A-11R-A42S-07,0.814360488720774,1
TCGA-25-1626-01A-01R-1566-13,0.8586233920718032,1
TCGA-CC-5262-01A-01R-A131-07,0.3658355042870473,0
TCGA-57-1582-01A-01R-1566-13,0.5465719024361333,0
TCGA-WJ-A86L-01A-12R-A39D-07,0.8347276547745266,0
TCGA-GL-6846-01A-11R-1965-07,0.5697982018009968,1
TCGA-E9-A54X-01A-11R-A266-07,0.8379438342547056,1
TCGA-55-1594-01A-01R-0946-07,0.5321573129970371,0
TCGA-AA-3864-01A-01R-1022-07,0.7498806239705047,1
TCGA-49-6742-01A-11R-1858-07,0.7572090836321635,1
TCGA-H6-8124-01A-11R-2404-07,0.7719442861914475,1
TCGA-HC-7820-01A-11R-2118-07,0.3690322204636491,1
TCGA-AY-A8YK-01A-11R-A41B-07,0.2532082578230333,0
TCGA-34-8454-01A-11R-2326-07,0.6074442399143791,1
TCGA-A6-A56B-01A-31R-A28H-07,0.6477648310120222,0
TCGA-AR-A0U2-01A-11R-A109-07,0.7173064836471293,1
TCGA-BC-A112-01A-11R-A131-07,0.9182145637279178,1
TCGA-IB-7646-01A-11R-2156-07,0.8751774149504398,1
TCGA-V1-A9ZG-01A-11R-A41O-07,0.6913660580241439,1
TCGA-86-7953-01A-11R-2187-07,0.6027821857941992,1
TCGA-CZ-5451-01A-01R-1503-07,0.3921390472768882,1
TCGA-A6-6138-01A-11R-1774-07,0.42841858269918887,0
TCGA-GL-7966-01A-11R-2204-07,0.9924325940825107,1
TCGA-BP-4982-01A-01R-1334-07,0.3887644128340645,1
TCGA-B4-5835-01A-11R-1672-07,0.9894628776204952,1
TCGA-E9-A1NE-01A-21R-A14M-07,0.6073803835888363,1
TCGA-MH-A856-01A-11R-A355-07,0.7233720160958652,1
TCGA-EB-A299-01A-21R-A18U-07,0.7539601048676057,0
TCGA-V1-A8MF-01A-11R-A36G-07,0.5082632066133105,1
TCGA-G9-6361-01A-21R-1965-07,0.6267552798991948,1
TCGA-L5-A8NH-01A-11R-A37I-31,0.2102011183238273,0
TCGA-LN-A49P-01A-11R-A24K-31,0.7656592843744693,1
TCGA-E2-A14V-01A-11R-A12D-07,0.5573346921257432,1
TCGA-49-AAR4-01A-12R-A41B-07,0.6217429887038229,1
TCGA-IB-7885-01A-11R-2156-07,0.21192466650943043,0
TCGA-D8-A1XQ-01A-11R-A14M-07,0.8214128356056692,1
TCGA-AA-3872-01A-01R-1022-07,0.4822528943202295,0
TCGA-85-8070-01A-11R-2247-07,0.8094269020911734,1
TCGA-HI-7169-01A-11R-2118-07,0.9136558962733794,1
TCGA-HC-8213-01A-11R-A29R-07,0.4832493637800881,0
TCGA-CH-5754-01A-11R-1580-07,0.7258023100150932,1
TCGA-2A-A8W1-01A-11R-A37L-07,0.7293571221602196,1
TCGA-AA-3527-01A-01R-0821-07,0.9293735920810466,1
TCGA-G7-6797-01A-11R-1965-07,0.7022330745730155,1
TCGA-05-4403-01A-01R-1206-07,0.7826576753937302,1
TCGA-EW-A1IW-01A-11R-A13Q-07,0.5392391897550654,1
TCGA-ZG-A9L0-01A-11R-A41O-07,0.772117066925682,1
TCGA-56-8624-01A-11R-2403-07,0.8849139144948073,1
TCGA-D8-A1J8-01A-11R-A13Q-07,0.7724264001131682,1
TCGA-JY-A6FH-01A-11R-A336-31,0.8476764302459519,1
TCGA-09-0366-01A-01R-1564-13,0.7842413269443128,1
TCGA-A7-A6VV-01A-22R-A33J-07,0.7628280850121267,1
TCGA-L5-A4OG-01A-11R-A260-31,0.5438899387919562,1
TCGA-EJ-A65G-01A-21R-A29R-07,0.41410344584226616,1
TCGA-T9-A92H-01A-11R-A37K-07,0.4587608613990224,1
TCGA-AA-3685-01A-02R-A32Z-07,0.6436800681123888,1
TCGA-BP-4993-01A-02R-1420-07,0.39887429053093115,1
TCGA-B0-5690-01A-11R-1541-07,0.5879987465617879,1
TCGA-G3-AAV6-01A-21R-A37K-07,0.8667991843897077,1
TCGA-13-1505-01A-01R-1565-13,0.6345956810481421,1
TCGA-LD-A9QF-01A-32R-A41B-07,0.7438346943323297,1
TCGA-AA-3710-01A-01R-1022-07,0.7219175116486574,1
TCGA-85-7950-01A-11R-2187-07,0.7511679891604681,1
TCGA-A8-A07L-01A-11R-A00Z-07,0.7247020693865672,1
TCGA-55-A492-01A-11R-A24H-07,0.7536635236585747,0
TCGA-AZ-5403-01A-01R-1653-07,0.644564594400005,1
TCGA-69-7765-01A-11R-2170-07,0.69274605708787,1
TCGA-IB-8127-01A-11R-2404-07,0.5103310021670708,1
TCGA-E2-A1IJ-01A-11R-A144-07,0.4289868109831005,0
TCGA-YL-A9WK-01A-11R-A37L-07,0.6866433127718178,1
TCGA-A8-A09D-01A-11R-A00Z-07,0.6060217542124582,1
TCGA-DD-AADA-01A-11R-A41C-07,0.6893350564466393,1
TCGA-CH-5763-01A-11R-1580-07,0.7179300725305685,1
TCGA-CZ-4865-01A-02R-1503-07,0.6688901321006708,1
TCGA-BC-A10Z-01A-11R-A131-07,0.7688439231059487,1
TCGA-EB-A44P-01A-11R-A266-07,0.5501509039852776,0
TCGA-CC-A3MA-01A-11R-A213-07,0.9935243619445974,1
TCGA-AA-3673-01A-01R-0905-07,0.4618338229540135,1
TCGA-CZ-5982-01A-11R-1672-07,0.7666353728852147,1
TCGA-56-7223-01A-11R-2045-07,0.7976139842205697,1
TCGA-EB-A41A-01A-11R-A24X-07,0.5904119409070099,0
TCGA-IB-AAUS-01A-12R-A38C-07,0.22523129662760233,0
TCGA-B0-4828-01A-01R-1277-07,0.6904741646225973,1
TCGA-92-8065-01A-11R-2247-07,0.8102247872534307,1
TCGA-98-A53H-01A-12R-A262-07,0.8028016910269762,1
TCGA-05-4397-01A-01R-1206-07,0.9132124695857846,1
TCGA-HC-A6AO-01A-11R-A30B-07,0.8987105576265864,1
TCGA-E2-A108-01A-13R-A10J-07,0.6891297384053064,1
TCGA-23-1107-01A-01R-1564-13,0.7537162645793483,1
TCGA-IA-A40X-01A-11R-A24Z-07,0.5331592324439468,1
TCGA-B4-5838-01A-11R-1672-07,0.8156365882224459,1
TCGA-24-1603-01A-01R-1566-13,0.36591516986390477,0
TCGA-R6-A6L4-01A-11R-A31P-31,0.6822923299877638,1
TCGA-B6-A0IE-01A-11R-A034-07,0.7403220442882483,1
TCGA-04-1517-01A-01R-1565-13,0.6665994061098062,1
TCGA-LA-A446-01A-21R-A24Z-07,0.31047164310972547,0
TCGA-C8-A1HF-01A-11R-A137-07,0.7516010537423892,1
TCGA-MP-A4TH-01A-31R-A262-07,0.5728985025753273,1
TCGA-AA-3848-01A-01R-0905-07,0.6728647491616374,0
TCGA-KV-A6GE-01A-11R-A31O-07,0.4257255552690587,1
TCGA-CC-A5UC-01A-11R-A28V-07,0.7660365373122755,1
TCGA-96-7544-01A-11R-2045-07,0.5903544006999836,0
TCGA-B6-A0X1-01A-11R-A109-07,0.8579825008616756,1
TCGA-AA-3553-01A-01R-0821-07,0.34073745498354113,0
TCGA-HC-7818-01A-11R-2118-07,0.4645766361917987,1
TCGA-DD-AADL-01A-11R-A41C-07,0.6472230164553444,1
TCGA-78-7542-01A-21R-2066-07,0.8285653743959427,1
TCGA-E2-A1B5-01A-21R-A12P-07,0.7164977041294991,1
TCGA-A6-2684-01A-01R-1410-07,0.7651741479397604,1
TCGA-BH-A1FD-01A-11R-A13Q-07,0.6869397081459694,1
TCGA-G9-6496-01A-11R-1789-07,0.7696949761112981,1
TCGA-EJ-8468-01A-21R-2403-07,0.5469394780054385,1
TCGA-AR-A1AS-01A-11R-A12P-07,0.45833525487943433,0
TCGA-86-8674-01A-21R-2403-07,0.6970093342618616,1
TCGA-DD-A4NS-01A-11R-A311-07,0.8508519070378782,1
TCGA-BP-5170-01A-01R-1426-07,0.5817587057933565,1
TCGA-A8-A06P-01A-11R-A00Z-07,0.5819349023925375,1
TCGA-B0-4697-01A-01R-1277-07,0.9334849733120993,1
TCGA-33-6737-01A-11R-1820-07,0.8633772827163751,1
TCGA-85-A512-01A-11R-A26W-07,0.6608696857143987,1
TCGA-55-8511-01A-11R-2403-07,0.7608394049581942,1
TCGA-VP-A878-01A-31R-A352-07,0.3859926473590319,0
TCGA-BH-A0DZ-01A-11R-A00Z-07,0.7016451375151114,1
TCGA-D5-6931-01A-11R-1928-07,0.445148695055702,0
TCGA-50-5044-01A-21R-1858-07,0.7117415457975814,0
TCGA-A2-A4RY-01A-31R-A266-07,0.677663284207782,1
TCGA-EJ-7331-01A-11R-2118-07,0.5548672341721451,1
TCGA-CZ-4864-01A-01R-1503-07,0.562438885079464,1
TCGA-4A-A93W-01A-11R-A37K-07,0.46191844639813795,1
TCGA-AA-3655-01A-02R-1723-07,0.29305548975231155,0
TCGA-CM-6678-01A-11R-1839-07,0.5156008405175165,1
TCGA-AA-A02J-01A-01R-A00A-07,0.40989095060620045,1
TCGA-DD-AAVR-01A-11R-A41C-07,0.376453517645238,0
TCGA-23-1123-01A-01R-1565-13,0.48140995603119885,1
TCGA-L5-A43H-01A-11R-A24K-31,0.4916304634499305,1
TCGA-EJ-7791-01A-11R-2118-07,0.42307147714682564,1
TCGA-B6-A0RO-01A-22R-A084-07,0.6746630935835616,0
TCGA-96-8169-01A-11R-2296-07,0.6093262768165297,1
TCGA-E2-A10E-01A-21R-A10J-07,0.5229270709991094,1
TCGA-EJ-5518-01A-01R-1580-07,0.7753474235444434,1
TCGA-5P-A9K0-01A-11R-A42S-07,0.24820536439129057,1
TCGA-AO-A0JM-01A-21R-A056-07,0.6604593704217405,1
TCGA-56-6545-01A-11R-1820-07,0.7062409439180282,1
TCGA-CJ-4643-01A-02R-1325-07,0.187611750849546,0
TCGA-DZ-6135-01A-11R-1965-07,0.5080909164276318,0
TCGA-QU-A6IN-01A-11R-A31N-07,0.9246395129374296,1
TCGA-EW-A1P6-01A-11R-A144-07,0.6256155461860369,1
TCGA-BH-A0E6-01A-11R-A034-07,0.8001900637174769,1
TCGA-04-1347-01A-01R-1564-13,0.5737226287329686,0
TCGA-NH-A6GB-01A-11R-A37K-07,0.5733198858298247,1
TCGA-50-5072-01A-21R-1858-07,0.7065686712653056,1
TCGA-O2-A52Q-01A-11R-A26W-07,0.8759114170848443,1
TCGA-AC-A23C-01A-12R-A169-07,0.6533434685957396,1
TCGA-TP-A8TV-01A-11R-A41O-07,0.3483193705675033,0
TCGA-63-A5MN-01A-22R-A27Q-07,0.6605204636447274,0
TCGA-OL-A5D6-01A-21R-A27Q-07,0.8465007789952499,1
TCGA-55-8097-01A-11R-2241-07,0.37913300952541495,0
TCGA-EW-A1OX-01A-11R-A144-07,0.7091140819504376,1
TCGA-13-0804-01A-01R-1564-13,0.4893484198051214,1
TCGA-A2-A25D-01A-12R-A16F-07,0.7302765203835434,1
TCGA-24-1549-01A-01R-1566-13,0.7486254834606227,1
TCGA-XK-AAJR-01A-11R-A41O-07,0.5504237378218508,1
TCGA-CW-5588-01A-01R-1541-07,0.5133516779237788,1
TCGA-SX-A71V-01A-11R-A33Z-07,0.4177676239953242,1
TCGA-BQ-7049-01A-11R-1965-07,0.8585209043021224,1
TCGA-BQ-5876-01A-11R-1592-07,0.8999116997045884,0
TCGA-B6-A0IJ-01A-11R-A034-07,0.8076541318219046,1
TCGA-55-A491-01A-11R-A24H-07,0.7112969977453116,1
TCGA-E2-A1L9-01A-11R-A13Q-07,0.5923015490273633,1
TCGA-44-8117-01A-11R-2241-07,0.7095606436326202,1
TCGA-JY-A93D-01A-11R-A38D-31,0.7581534441411864,1
TCGA-AO-A0J3-01A-11R-A034-07,0.6190961302457612,0
TCGA-A3-A8OU-01A-11R-A37O-07,0.33768508158030264,0
TCGA-63-A5M9-01A-11R-A26W-07,0.5626472983774429,1
TCGA-86-8585-01A-11R-2403-07,0.5924327401056806,0
TCGA-13-0762-01A-01R-1564-13,0.6524995898084297,1
TCGA-KK-A7B4-01A-11R-A32O-07,0.5896945616700755,0
TCGA-MP-A4SV-01A-11R-A24X-07,0.3393844600255616,0
TCGA-LD-A7W5-01A-22R-A352-07,0.5635716920629663,0
TCGA-IZ-A6M8-01A-11R-A31O-07,0.44381635538491726,0
TCGA-CW-5585-01A-01R-1541-07,0.5369998454010655,1
TCGA-BH-A0B2-01A-11R-A10J-07,0.5171241343004965,1
TCGA-AC-A2FK-01A-12R-A180-07,0.7561457076565083,1
TCGA-ER-A19K-01A-21R-A18T-07,0.4982871695122283,0
TCGA-DD-A4NR-01A-11R-A311-07,0.4480796645004597,0
TCGA-D8-A27T-01A-11R-A16F-07,0.5477938859516415,1
TCGA-96-7545-01A-21R-2045-07,0.6495167625821097,1
TCGA-21-1081-01A-01R-0692-07,0.7250232389817152,1
TCGA-AR-A2LL-01A-11R-A180-07,0.5636439215185716,1
TCGA-J4-A83M-01A-11R-A352-07,0.5172981034496896,1
TCGA-DD-AADF-01A-11R-A41C-07,0.6035453763517333,1
TCGA-B4-5377-01A-01R-1503-07,0.5914546703662301,1
TCGA-B8-5158-01A-01R-1420-07,0.7767120680649604,1
TCGA-25-1326-01A-01R-1565-13,0.6963669026850562,1
TCGA-DD-A1EB-01A-11R-A131-07,0.6912295408366974,1
TCGA-63-A5MJ-01A-11R-A27Q-07,0.5760777718533384,1
TCGA-B9-4115-01A-01R-1193-07,0.5889268487769136,1
TCGA-B8-4619-01A-02R-1325-07,0.9437364115620253,1
TCGA-AA-3554-01A-01R-0826-07,0.362982259175422,0
TCGA-2Y-A9H3-01A-11R-A38B-07,0.6211327427702004,1
TCGA-55-7728-01A-11R-2187-07,0.730935979150543,1
TCGA-BP-5181-01A-01R-1426-07,0.4370292087737775,1
TCGA-DM-A1D8-01A-11R-A155-07,0.5944100321806406,1
TCGA-SX-A71S-01A-11R-A33Z-07,0.7046493038737056,1
TCGA-D8-A1XF-01A-11R-A14D-07,0.7512633604301028,1
TCGA-24-1474-01A-01R-1566-13,0.848429212986261,1
TCGA-KC-A4BN-01A-61R-A250-07,0.5432418213037643,1
TCGA-A3-3328-01A-01R-0864-07,0.9717589190882528,0
TCGA-HN-A2OB-01A-21R-A27Q-07,0.5221203471645585,1
TCGA-29-1698-01A-01R-1567-13,0.4374114717209292,0
TCGA-20-1686-01A-01R-1566-13,0.8817517303087034,1
TCGA-50-5939-01A-11R-1628-07,0.6207028559771992,1
TCGA-A7-A3J1-01A-11R-A213-07,0.5869055218058957,1
TCGA-36-1570-01A-01R-1566-13,0.649890604430388,1
TCGA-AA-3521-01A-01R-0821-07,0.5288649119406231,1
TCGA-FC-7708-01A-11R-2118-07,0.24739712703114344,0
TCGA-VG-A8LO-01A-11R-A406-31,0.7071290797637009,1
TCGA-NK-A5CX-01A-11R-A26W-07,0.6820574525360064,1
TCGA-OL-A97C-01A-32R-A41B-07,0.8279586169205282,1
TCGA-E2-A158-01A-11R-A12D-07,0.8432112669372407,1
TCGA-HC-8256-01A-11R-2263-07,0.3394288752405047,1
TCGA-A7-A0CE-01A-11R-A00Z-07,0.7706845401391846,1
TCGA-AR-A1AL-01A-21R-A12P-07,0.5699706288566926,1
TCGA-E2-A3DX-01A-21R-A213-07,0.5595939306942226,1
TCGA-A2-A3XT-01A-11R-A22U-07,0.6892828202196892,0
TCGA-50-8457-01A-11R-2326-07,0.6107882661047367,1
TCGA-LL-A6FQ-01A-11R-A31O-07,0.7873394613945052,1
TCGA-2H-A9GK-01A-11R-A37I-31,0.8114224071460847,1
TCGA-G3-A5SM-01A-12R-A28V-07,0.499164812520751,1
TCGA-AR-A1AX-01A-11R-A12P-07,0.689349284509578,1
TCGA-A2-A4S3-01A-21R-A266-07,0.7422628625782307,1
TCGA-21-A5DI-01A-31R-A26W-07,0.5881911892180095,1
TCGA-24-0966-01A-01R-1564-13,0.5664474830560191,0
TCGA-BH-A0H7-01A-13R-A056-07,0.6982575538036767,1
TCGA-97-7554-01A-11R-2039-07,0.5544196006459265,1
TCGA-IB-7886-01A-11R-2156-07,0.6209805576150663,1
TCGA-61-1728-01A-01R-1568-13,0.6033502825343082,1
TCGA-GM-A5PX-01A-12R-A28M-07,0.6603601814985498,1
TCGA-EJ-5494-01A-01R-1580-07,0.5605537703382891,1
TCGA-AZ-6605-01A-11R-1839-07,0.6298741783795216,1
TCGA-GL-A9DE-01A-11R-A37K-07,0.5005788968006352,0
TCGA-Y8-A895-01A-11R-A36F-07,0.19703339725676022,0
TCGA-55-8206-01A-11R-2241-07,0.3438107545556476,0
TCGA-85-8584-01A-11R-2403-07,0.8938059325954868,1
TCGA-AZ-4313-01A-01R-1410-07,0.8233631464498562,1
TCGA-EJ-AB20-01A-12R-A41O-07,0.9648503815487013,0
TCGA-43-8116-01A-11R-2247-07,0.35654246492608815,0
TCGA-97-7553-01A-21R-2039-07,0.5961893129434447,1
TCGA-VP-A87B-01A-11R-A352-07,0.7568893764297627,1
TCGA-BH-A0BA-01A-11R-A056-07,0.47829477925057323,1
TCGA-A3-3349-01A-01R-1188-07,0.25776687008604826,0
TCGA-EW-A1OW-01A-21R-A144-07,0.521253460801859,0
TCGA-L5-A8NW-01A-11R-A37I-31,0.3817100401088848,1
TCGA-EJ-A65M-01A-11R-A29R-07,0.4726112062606025,1
TCGA-E2-A15P-01A-11R-A115-07,0.5217051689296327,1
TCGA-A8-A09G-01A-21R-A00Z-07,0.7092525523087593,1
TCGA-MN-A4N5-01A-11R-A24X-07,0.4693757791936593,0
TCGA-A2-A0YG-01A-21R-A109-07,0.6321115156802236,1
TCGA-BH-A1EY-01A-11R-A13Q-07,0.6023329896512178,1
TCGA-CC-A9FU-01A-11R-A37K-07,0.8603472379852678,1
TCGA-A3-3335-01A-01R-0864-07,0.7267769607388871,1
TCGA-78-7154-01A-11R-2039-07,0.8416629883580008,1
TCGA-69-8255-01A-11R-2287-07,0.8691100229618804,1
TCGA-EJ-5502-01A-01R-1580-07,0.35899991892549404,0
TCGA-AO-A03P-01A-11R-A00Z-07,0.716150124279299,1
TCGA-22-5478-01A-01R-1635-07,0.789043784239051,1
TCGA-AA-3858-01A-01R-0905-07,0.2868503349230992,0
TCGA-HZ-8317-01A-11R-2404-07,0.5642938586597541,1
TCGA-AQ-A1H2-01A-11R-A13Q-07,0.739777832162477,1
TCGA-LN-A49R-01A-11R-A24K-31,0.6360644084570488,1
TCGA-24-1464-01A-01R-1566-13,0.7455175441008014,1
TCGA-G3-A5SL-01A-11R-A27V-07,0.2960186505865861,0
TCGA-VR-AA7B-01A-31R-A406-31,0.6292682736778143,1
TCGA-AC-A3QQ-01B-06R-A22O-07,0.8419492346136953,1
TCGA-AR-A24N-01A-11R-A169-07,0.5749967196768904,1
TCGA-D5-6531-01A-11R-1723-07,0.7245019567256941,1
TCGA-E9-A244-01A-11R-A169-07,0.8538016850132486,1
TCGA-B0-4852-01A-01R-1503-07,0.5624305792519595,1
TCGA-DD-AAW0-01A-11R-A41C-07,0.5016577203745305,1
TCGA-55-8506-01A-11R-2403-07,0.7813852875586208,1
TCGA-B9-5156-01A-01R-1592-07,0.573899990486624,1
TCGA-D8-A27F-01A-11R-A16F-07,0.8278369811756638,1
TCGA-B4-5832-01A-11R-1672-07,0.9919886620489683,0
TCGA-CM-5341-01A-01R-1410-07,0.9594249849384161,1
TCGA-91-6831-01A-11R-1858-07,0.5743966464194091,0
TCGA-EJ-5526-01A-01R-1580-07,0.8068396446649844,1
TCGA-VP-A876-01A-11R-A352-07,0.6740099930864771,1
TCGA-E2-A576-01A-11R-A31O-07,0.7814358776649758,1
TCGA-J4-AATV-01A-11R-A41O-07,0.6039552221361052,0
TCGA-RC-A7SK-01A-11R-A352-07,0.6150076797447438,1
TCGA-BH-A1F2-01A-31R-A13Q-07,0.5968761970507119,0
TCGA-E2-A1BD-01A-11R-A12P-07,0.6428833083492136,1
TCGA-B8-5551-01A-01R-1541-07,0.8585182340840479,0
TCGA-49-AAR2-01A-11R-A39D-07,0.7597133497259866,0
TCGA-A1-A0SE-01A-11R-A084-07,0.514369151817185,1
TCGA-D5-6534-01A-21R-1928-07,0.9570742290972087,1
TCGA-A7-A426-01A-22R-A24H-07,0.6904570377756032,1
TCGA-56-8503-01A-11R-2403-07,0.5663732130719804,1
TCGA-B1-A654-01A-11R-A31O-07,0.5875205875338663,1
TCGA-AA-A029-01A-01R-A00A-07,0.5516529320651941,1
TCGA-D8-A27K-01A-11R-A16F-07,0.5551138274689594,1
TCGA-BP-4991-01A-01R-1334-07,0.41779113072115276,1
TCGA-24-1428-01A-01R-1564-13,0.6133517046707418,1
TCGA-10-0928-01A-02R-1564-13,0.7049630527988973,1
TCGA-M7-A71Y-01A-22R-A32O-07,0.5018962621274387,1
TCGA-G4-6299-01A-11R-1774-07,0.8402826766682301,1
TCGA-AK-3453-01A-02R-1277-07,0.8361464426659053,1
TCGA-E9-A247-01A-11R-A169-07,0.7466393664634685,1
TCGA-5P-A9K3-01A-11R-A42S-07,0.9135980450476271,1
TCGA-DD-A1EI-01A-11R-A131-07,0.6830109983784005,1
TCGA-B0-4823-01A-02R-1420-07,0.4252260326452575,1
TCGA-A2-A0CL-01A-11R-A115-07,0.7175473549825444,1
TCGA-VN-A88O-01A-11R-A352-07,0.4777041462092629,1
TCGA-A6-3810-01A-01R-1022-07,0.762916297636811,1
TCGA-60-2724-01A-01R-0851-07,0.7029905041197995,1
TCGA-B3-3925-01A-02R-1351-07,0.81276754711917,1
TCGA-G3-A7M8-01A-11R-A33R-07,0.517389395633639,1
TCGA-AR-A5QP-01A-11R-A28M-07,0.708948794027559,1
TCGA-CH-5767-01A-11R-1789-07,0.611943507482699,1
TCGA-AR-A24S-01A-11R-A169-07,0.4625091055129503,0
TCGA-BH-A1FE-01A-11R-A13Q-07,0.47778314070365785,0
TCGA-EJ-7782-01A-11R-2118-07,0.8326314216619182,1
TCGA-55-8094-01A-11R-2241-07,0.7374797809421648,0
TCGA-77-8145-01A-11R-2247-07,0.6405213430084274,1
TCGA-AA-3851-01A-01R-1022-07,0.5743025143558412,1
TCGA-L5-A8NI-01A-11R-A37I-31,0.8216890530933157,1
TCGA-2J-AABP-01A-11R-A41B-07,0.9815828195235031,1
TCGA-AC-A3YJ-01A-11R-A22U-07,0.7874216273718537,1
TCGA-25-1877-01A-01R-1567-13,0.8771704946384593,1
TCGA-AR-A2LE-01A-11R-A180-07,0.4944668142267189,0
TCGA-B0-4847-01A-01R-1277-07,0.8498032810736489,1
TCGA-BH-A0E1-01A-11R-A056-07,0.6504587394924877,1
TCGA-21-5784-01A-01R-1635-07,0.7200744793486338,0
TCGA-KK-A7AQ-01A-11R-A33R-07,0.8320904468413373,1
TCGA-DD-AAE3-01A-11R-A41C-07,0.5631479502806037,1
TCGA-93-A4JQ-01A-11R-A24X-07,0.5469510657616643,1
TCGA-AC-A3TN-01A-11R-A22K-07,0.7568810864736911,1
TCGA-VR-A8Q7-01A-11R-A37I-31,0.7657109697042105,1
TCGA-HC-8259-01A-11R-2263-07,0.3785674613574246,1
TCGA-AO-A12A-01A-21R-A115-07,0.33467209518760005,0
TCGA-66-2742-01A-01R-0980-07,0.6082924042907538,1
TCGA-KC-A4BV-01A-31R-A26U-07,0.6283404402745343,1
TCGA-Y8-A8S0-01A-11R-A37K-07,0.26694279155856365,1
TCGA-YL-A8SF-01A-11R-A37L-07,0.7206289045945447,1
TCGA-24-1567-01A-01R-1566-13,0.8350898259798347,1
TCGA-BH-A0H6-01A-21R-A056-07,0.47609064765861414,0
TCGA-BP-5186-01A-01R-1426-07,0.264767216676531,1
TCGA-B0-4699-01A-01R-1277-07,0.9477742439009805,1
TCGA-OY-A56Q-01A-11R-A406-31,0.8262712879090962,1
TCGA-B0-4836-01A-01R-1305-07,0.6589586350432983,1
TCGA-HZ-A49I-01A-12R-A26U-07,0.3702929125278143,1
TCGA-J7-8537-01A-11R-2404-07,0.9333654117426258,0
TCGA-SX-A7SS-01A-11R-A36F-07,0.6168688669736215,1
TCGA-CM-6161-01A-11R-1653-07,0.7747254765977408,1
TCGA-66-2753-01A-01R-0980-07,0.6022392009807913,1
TCGA-A3-3343-01A-01R-0864-07,0.3715164368725315,1
TCGA-24-1930-01A-01R-1567-13,0.682696656393378,1
TCGA-A2-A0T7-01A-21R-A084-07,0.516090258835076,1
TCGA-75-6203-01A-11R-1755-07,0.5943632458507708,1
TCGA-CZ-5989-01A-11R-1672-07,0.9855326737953847,1
TCGA-DD-AAVP-01A-11R-A41C-07,0.3165490037534143,0
TCGA-MH-A562-01A-11R-A26U-07,0.372370610867085,0
TCGA-AC-A2FE-01A-11R-A19W-07,0.584560827949506,1
TCGA-ZG-A8QZ-01A-11R-A37L-07,0.5098735313298126,1
TCGA-B8-A54J-01A-11R-A33J-07,0.2935711132833278,0
TCGA-CM-6675-01A-11R-1839-07,0.7972295936806829,0
TCGA-A2-A0D1-01A-11R-A034-07,0.7972325535968032,1
TCGA-UZ-A9PZ-01A-11R-A42S-07,0.2190373639095963,0
TCGA-LN-A9FR-01A-11R-A38D-31,0.5404342901376467,1
TCGA-CZ-5458-01A-01R-1503-07,0.4227565754663065,1
TCGA-IB-A5SQ-01A-11R-A32O-07,0.4543941421919733,1
TCGA-EB-A1NK-01A-11R-A18T-07,0.5340843759487699,1
TCGA-BF-A1PX-01A-12R-A18T-07,0.6346047654231087,1
TCGA-MH-A855-01A-11R-A355-07,0.4786377729941996,1
TCGA-DZ-6131-01A-11R-1965-07,0.9137191256995724,1
TCGA-CJ-4875-01A-01R-1305-07,0.6430457726398399,1
TCGA-BP-4787-01A-01R-1305-07,0.6578418278322714,1
TCGA-X4-A8KQ-01A-12R-A36G-07,0.7890087419171208,1
TCGA-CZ-4862-01A-01R-1305-07,0.5363858445473024,1
TCGA-E2-A14Y-01A-21R-A12D-07,0.7471151101990572,1
TCGA-B0-5100-01A-01R-1420-07,0.875993322384538,0
TCGA-EB-A42Y-01A-12R-A24X-07,0.8822001867177478,1
TCGA-25-2399-01A-01R-1569-13,0.6769532846417393,1
TCGA-EB-A42Z-01A-12R-A24X-07,0.6226677654275415,1
TCGA-66-2755-01A-01R-0851-07,0.6655944480776345,1
TCGA-A6-2677-01B-02R-A277-07,0.9970614836476808,1
TCGA-25-2400-01A-01R-1569-13,0.51399448882575,0
TCGA-O2-A52S-01A-11R-A262-07,0.7590587835731994,1
TCGA-09-2054-01A-01R-1568-13,0.7853022672872921,1
TCGA-BC-A10Y-01A-11R-A131-07,0.6307988590111554,1
TCGA-22-5481-01A-31R-1949-07,0.9476782028582433,1
TCGA-A2-A0D3-01A-11R-A115-07,0.5687329594222572,1
TCGA-55-8505-01A-11R-2403-07,0.8327388654590547,1
TCGA-CJ-4636-01A-02R-1325-07,0.43348725897929063,1
TCGA-13-0797-01A-01R-1564-13,0.7157931600194665,1
TCGA-AA-A03J-01A-21R-A16W-07,0.513237322441004,0
TCGA-VP-A872-01A-11R-A352-07,0.867324401607183,1
TCGA-XR-A8TF-01A-11R-A36F-07,0.5565376624346832,1
TCGA-EP-A2KA-01A-11R-A180-07,0.806727900839773,1
TCGA-25-1314-01A-01R-1565-13,0.659130939657218,1
TCGA-64-5778-01A-01R-1628-07,0.7405692287549485,1
TCGA-04-1356-01A-01R-1569-13,0.5755059960513178,1
TCGA-46-3766-01A-01R-0980-07,0.571872514070802,0
TCGA-78-7535-01A-11R-2066-07,0.8050165387513364,1
TCGA-HZ-7919-01A-11R-2156-07,0.4392832255133821,1
TCGA-DW-7841-01A-11R-A32Z-07,0.46174985799287105,1
TCGA-AA-3538-01A-01R-0821-07,0.44731431269676486,1
TCGA-ZG-A9L5-01A-12R-A41O-07,0.8694228669471726,0
TCGA-DD-A39Z-01A-11R-A213-07,0.49919735744740135,1
TCGA-GM-A3NY-01A-11R-A21T-07,0.7609337732002215,1
TCGA-S4-A8RO-01A-12R-A37L-07,0.817008073968054,1
TCGA-E2-A573-01A-11R-A29R-07,0.7541962526464729,1
TCGA-G3-A3CG-01A-11R-A213-07,0.3737881460381874,1
TCGA-PL-A8LZ-01A-31R-A36F-07,0.8133142464432462,1
TCGA-39-5011-01A-01R-1443-07,0.7989655128800709,1
TCGA-G3-AAV5-01A-11R-A37K-07,0.4727170288571241,1
TCGA-A3-3313-01A-02R-1325-07,0.7613086104011334,0
TCGA-UZ-A9PR-01A-11R-A42S-07,0.5566580251404222,1
TCGA-BQ-5887-01A-11R-1965-07,0.9194322313502491,1
TCGA-49-AARQ-01A-11R-A41B-07,0.9433087844046071,1
TCGA-AA-3488-01A-01R-1410-07,0.5849617694543601,1
TCGA-S3-AA0Z-01A-11R-A41B-07,0.6668730931295119,0
TCGA-FB-A78T-01A-12R-A32O-07,0.5767168339090087,1
TCGA-09-1659-01B-01R-1564-13,0.5832969591837073,1
TCGA-55-8096-01A-11R-2241-07,0.6093787201925939,1
TCGA-DD-AACQ-01A-11R-A41C-07,0.5779215072154166,1
TCGA-CC-5260-01A-01R-A131-07,0.9909724459107361,1
TCGA-E2-A14S-01A-11R-A12D-07,0.6044658137277013,1
TCGA-B6-A0WT-01A-11R-A109-07,0.5554207533799175,1
TCGA-BQ-7048-01A-11R-1965-07,0.7068106458084944,0
TCGA-56-A62T-01A-11R-A405-07,0.5509432961125665,0
TCGA-EB-A3XD-01A-22R-A239-07,0.7924332929513598,1
TCGA-DD-AACZ-01A-11R-A41C-07,0.7652258779545748,1
TCGA-CC-A1HT-01A-11R-A131-07,0.9537221299255486,1
TCGA-B2-5633-01A-01R-1541-07,0.2926026126006539,0
TCGA-D5-5541-01A-01R-1653-07,0.6079061078095364,1
TCGA-BC-A217-01A-11R-A155-07,0.6346878777050368,1
TCGA-E2-A106-01A-11R-A10J-07,0.5907932352157482,0
TCGA-A2-A0D4-01A-11R-A00Z-07,0.6563137352926639,1
TCGA-BP-4768-01A-01R-1289-07,0.6899122977938134,1
TCGA-HC-7750-01A-11R-2118-07,0.42632493993754234,1
TCGA-C8-A1HI-01A-11R-A137-07,0.6208239129155653,1
TCGA-64-5815-01A-01R-1628-07,0.6071038323555716,1
TCGA-EW-A1P5-01A-11R-A144-07,0.5936892138875234,1
TCGA-DD-AADK-01A-11R-A41C-07,0.4579384309029037,1
TCGA-BP-4174-01A-02R-1289-07,0.785860097599879,1
TCGA-22-5482-01A-01R-1635-07,0.5806571116666509,1
TCGA-CA-5256-01A-01R-1410-07,0.6129498582445924,0
TCGA-36-1571-01A-01R-1566-13,0.7057067013749523,1
TCGA-13-0714-01A-01R-1564-13,0.46117909043921557,0
TCGA-97-8172-01A-11R-2287-07,0.5515208805370742,1
TCGA-ZG-A9L9-01A-11R-A41O-07,0.8443750235822508,1
TCGA-E2-A159-01A-11R-A115-07,0.7279881786280594,1
TCGA-BP-5187-01A-01R-1426-07,0.5447597754561725,1
TCGA-DZ-6132-01A-11R-1965-07,0.8225264633419668,1
TCGA-A6-6649-01A-11R-1774-07,0.805007678518946,1
TCGA-60-2722-01A-01R-0851-07,0.5360636450304685,0
TCGA-24-2033-01A-01R-1568-13,0.6201126516258243,1
TCGA-CH-5739-01A-11R-1580-07,0.5122277031834475,0
TCGA-EJ-A6RC-01A-11R-A32O-07,0.4712951910323232,1
TCGA-V5-AASW-01A-11R-A406-31,0.3205972146596358,0
TCGA-86-8280-01A-11R-2287-07,0.3000986585907514,0
TCGA-73-7499-01A-11R-2187-07,0.65798399917971,1
TCGA-DM-A1DA-01A-11R-A155-07,0.5484574246768538,1
TCGA-ED-A7XO-01A-11R-A352-07,0.4828997866783864,1
TCGA-35-4123-01A-01R-1107-07,0.6156406115220987,0
TCGA-CJ-4639-01A-02R-1325-07,0.3218902937171303,1
TCGA-35-4122-01A-01R-1107-07,0.739983472091667,0
TCGA-AC-A7VC-01A-11R-A352-07,0.8136483059128828,0
TCGA-A8-A08X-01A-21R-A00Z-07,0.5915240395936198,0
TCGA-XK-AAIR-01A-11R-A41O-07,0.47535017313708666,1
TCGA-BH-A0B3-01A-11R-A056-07,0.7428622629120237,1
TCGA-BH-A1EV-01A-11R-A137-07,0.6594395705006794,1
TCGA-AA-3982-01A-02R-1022-07,0.5797875765153313,1
TCGA-86-6562-01A-11R-1755-07,0.6048101189883648,1
TCGA-EJ-5496-01A-01R-1580-07,0.5105890292304619,1
TCGA-B6-A400-01A-11R-A239-07,0.6692115078625065,0
TCGA-BF-A5ES-01A-11R-A27Q-07,0.3198031638907121,1
TCGA-F4-6854-01A-11R-1928-07,0.5600228961329266,1
TCGA-10-0938-01A-02R-1564-13,0.5576791806742378,0
TCGA-D8-A1XW-01A-11R-A14M-07,0.7890692799477038,1
TCGA-55-8089-01A-11R-2241-07,0.6593124653692649,1
TCGA-43-3920-01A-01R-0980-07,0.7182464216087738,0
TCGA-AA-3660-01A-01R-1723-07,0.5715645401326915,1
TCGA-24-0970-01B-01R-1565-13,0.43668114884223486,0
TCGA-24-2298-01A-01R-1569-13,0.7662692386735638,1
TCGA-EJ-A46G-01A-31R-A26U-07,0.7734823706919675,0
TCGA-A8-A093-01A-11R-A00Z-07,0.588779437968851,1
TCGA-A7-A26I-01B-06R-A22O-07,0.9140020396080867,1
TCGA-24-1842-01A-01R-1567-13,0.6604026108677716,1
TCGA-LB-A8F3-01A-11R-A36G-07,0.9022462830077205,1
TCGA-95-7567-01A-11R-2066-07,0.6345185630107613,1
TCGA-BH-A0EE-01A-11R-A034-07,0.8804809685784079,1
TCGA-55-7911-01A-11R-2170-07,0.5389960337451968,1
TCGA-B2-5641-01A-01R-1541-07,0.3883308136082262,0
TCGA-CH-5790-01A-11R-1580-07,0.6254914084437414,1
TCGA-90-7766-01A-21R-2125-07,0.5962353948547284,1
TCGA-AA-3818-01A-01R-0905-07,0.28249772009273044,0
TCGA-NC-A5HL-01A-11R-A26W-07,0.6775961607615083,1
TCGA-23-1120-01A-02R-1565-13,0.6826768122806725,1
TCGA-A8-A06N-01A-11R-A00Z-07,0.6443265886210334,0
TCGA-24-1427-01A-01R-1565-13,0.742709311223026,1
TCGA-DM-A285-01A-11R-A16W-07,0.4499647599894114,0
TCGA-B6-A0RP-01A-21R-A084-07,0.5440844771802683,1
TCGA-77-8130-01A-11R-2247-07,0.7936060257063393,1
TCGA-85-7843-01A-11R-2125-07,0.341692052714337,0
TCGA-22-1002-01A-01R-0692-07,0.69178799363484,1
TCGA-L5-A4OU-01A-11R-A28J-31,0.7034818594250556,1
TCGA-44-3918-01B-02R-A277-07,0.8612710134829911,1
TCGA-EJ-5503-01A-01R-1580-07,0.6046328656432938,1
TCGA-B9-4113-01A-01R-1193-07,0.6163457554104953,1
TCGA-55-6642-01A-11R-1858-07,0.5952548106714215,1
TCGA-22-4604-01A-01R-1201-07,0.5579689210858364,1
TCGA-69-8253-01A-11R-2287-07,0.3392827811898631,0
TCGA-43-A475-01A-11R-A24H-07,0.7266965005371377,1
TCGA-13-0893-01B-01R-1565-13,0.6102606667907733,1
TCGA-ZG-A9MC-01A-31R-A41O-07,0.9371382033427541,1
TCGA-FB-AAQ3-01A-11R-A41B-07,0.7745466195080555,0
TCGA-30-1861-01A-01R-1568-13,0.6819592428170445,1
TCGA-A8-A0A4-01A-11R-A00Z-07,0.6540953502173069,1
TCGA-V1-A9ZI-01A-11R-A41O-07,0.7832530673070552,1
TCGA-AA-A01S-01A-21R-A083-07,0.6559571120341725,1
TCGA-J4-A6G1-01A-11R-A311-07,0.7661769717845217,1
TCGA-DD-AAD5-01A-11R-A41C-07,0.8132461803088541,0
TCGA-44-7661-01A-11R-2066-07,0.6682908739921951,1
TCGA-FV-A23B-01A-11R-A16W-07,0.6599198148005792,1
TCGA-E2-A1B1-01A-21R-A12P-07,0.6594807719217641,1
TCGA-EJ-A65D-01A-11R-A30B-07,0.8844012692131017,1
TCGA-CA-5796-01A-01R-1653-07,0.7959770922076465,1
TCGA-AY-6196-01A-11R-1723-07,0.9895343592039794,1
TCGA-KK-A6E2-01A-11R-A311-07,0.5729484483913586,1
TCGA-05-4384-01A-01R-1755-07,0.46931912713382734,1
TCGA-D8-A1XD-01A-11R-A14D-07,0.6140150853349051,1
TCGA-T1-A6J8-01A-11R-A32O-07,0.3390118371214382,0
TCGA-A2-A0SU-01A-11R-A084-07,0.5809211542936241,1
TCGA-62-A46R-01A-11R-A24H-07,0.7447571930032957,1
TCGA-2J-AAB1-01A-11R-A41B-07,0.3843482877786952,1
TCGA-61-2102-01A-01R-1568-13,0.9196905586228801,1
TCGA-BQ-5891-01A-11R-1592-07,0.8894967033391641,1
TCGA-78-7160-01A-11R-2039-07,0.4097056971470725,1
TCGA-AZ-4614-01A-01R-1410-07,0.5951893890685206,0
TCGA-CM-6676-01A-11R-1839-07,0.66781841201818,1
TCGA-LN-A49W-01A-11R-A260-31,0.6841708617574285,1
TCGA-A2-A0EY-01A-11R-A034-07,0.6526927594107733,1
TCGA-CJ-4869-01A-02R-1426-07,0.6462262347466821,1
TCGA-F2-A8YN-01A-11R-A37L-07,0.6240032518410934,1
TCGA-EW-A6SC-01A-12R-A32P-07,0.7299693330996156,1
TCGA-77-A5G1-01A-11R-A27Q-07,0.7867777516650666,1
TCGA-V1-A9ZR-01A-11R-A41O-07,0.8353959957847393,1
TCGA-KK-A8I9-01A-11R-A36G-07,0.5180114118840837,0
TCGA-CC-A3MB-01A-11R-A213-07,0.6267264857257758,1
TCGA-B2-5635-01A-01R-1541-07,0.3646344402269276,1
TCGA-AA-3662-01A-01R-1723-07,0.6623342454903773,1
TCGA-S3-AA15-01A-11R-A41B-07,0.785250654760265,1
TCGA-B8-4154-01A-01R-1188-07,0.7932702662572637,1
TCGA-43-A474-01A-11R-A24H-07,0.6423869736366136,1
TCGA-13-0800-01A-01R-1564-13,0.7886379333510654,1
TCGA-L9-A50W-01A-12R-A39D-07,0.6322109573835238,1
TCGA-B6-A1KF-01A-11R-A13Q-07,0.6945084045631315,0
TCGA-22-1011-01A-01R-0692-07,0.710576347518539,1
TCGA-AA-3833-01A-01R-0905-07,0.6724806887124132,1
TCGA-22-4605-01A-21R-2125-07,0.5416439435342412,1
TCGA-52-7810-01A-11R-2125-07,0.7689313822165542,1
TCGA-64-1678-01A-01R-0946-07,0.9182234161658926,1
TCGA-IB-7645-01A-22R-2204-07,0.4855012707682325,1
TCGA-A2-A0EP-01A-52R-A22U-07,0.792972744685952,1
TCGA-AA-A00Z-01A-01R-A002-07,0.5820300989621158,1
TCGA-E2-A9RU-01A-11R-A41B-07,0.7268100417620145,0
TCGA-BP-5184-01A-01R-1426-07,0.44142795133505464,1
TCGA-73-4670-01A-01R-1206-07,0.7938379855406564,1
TCGA-AA-3679-01A-02R-0905-07,0.5178467326758217,1
TCGA-CM-5348-01A-21R-1723-07,0.9428028916772018,1
TCGA-2A-A8W3-01A-11R-A37L-07,0.40612469261104484,0
TCGA-MH-A857-01A-11R-A355-07,0.9440527302912511,1
TCGA-E2-A1LG-01A-21R-A14M-07,0.6918396703112063,0
TCGA-05-4418-01A-01R-1206-07,0.7196505485393789,1
TCGA-83-5908-01A-21R-2287-07,0.498772468952255,0
TCGA-G3-A5SJ-01A-11R-A27V-07,0.8509312877979921,1
TCGA-13-0901-01B-01R-1565-13,0.9045674090150418,1
TCGA-B0-5088-01A-01R-1334-07,0.48942841347793403,1
TCGA-AR-A0TU-01A-31R-A109-07,0.7702352317575871,0
TCGA-29-1770-01A-01R-1567-13,0.6698202759567874,1
TCGA-AA-3855-01A-01R-1022-07,0.4026703953276969,1
TCGA-B0-5402-01A-01R-1503-07,0.5810512828894331,1
TCGA-DD-AACD-01A-11R-A41C-07,0.44811503497336214,1
TCGA-UB-A7MB-01A-11R-A33R-07,0.61087978124632,0
TCGA-J9-A52B-01A-11R-A26U-07,0.832231029981983,1
TCGA-13-0908-01B-01R-1565-13,0.7900931581876647,1
TCGA-AS-3777-01A-01R-0864-07,0.9497273449390309,0
TCGA-L5-A8NU-01A-11R-A36D-31,0.8414980306993589,1
TCGA-BH-A0W5-01A-11R-A109-07,0.5962070717712546,1
TCGA-L5-A4OE-01A-11R-A260-31,0.624581642422761,1
TCGA-29-1705-01A-01R-1567-13,0.5413137701863266,1
TCGA-AA-A024-01A-02R-A00A-07,0.8017470673667492,1
TCGA-13-0799-01A-01R-1564-13,0.6032581968606148,1
TCGA-AR-A24L-01A-11R-A169-07,0.632998812794551,1
TCGA-CZ-5463-01A-01R-1503-07,0.6575511222602227,1
TCGA-G7-A4TM-01A-11R-A31O-07,0.34759349867725475,1
TCGA-5P-A9KH-01A-11R-A42S-07,0.9868709425914053,1
TCGA-E9-A249-01A-11R-A169-07,0.6308664553571401,1
TCGA-J2-A4AD-01A-11R-A24H-07,0.7661375942315415,1
TCGA-BP-4961-01A-01R-1334-07,0.25444958937034273,1
TCGA-DD-AADB-01A-11R-A41C-07,0.8207105877006851,1
TCGA-B6-A0X4-01A-11R-A109-07,0.6183964596295901,0
TCGA-80-5611-01A-01R-1628-07,0.6320552843593334,1
TCGA-A8-A06O-01A-11R-A00Z-07,0.6475627736201083,1
TCGA-B0-4690-01A-01R-1277-07,0.8563317813854702,1
TCGA-A8-A07C-01A-11R-A034-07,0.8364956807006778,1
TCGA-23-1032-01A-02R-1564-13,0.6904276544389161,1
TCGA-CM-6167-01A-11R-1653-07,0.9654002939986367,1
TCGA-D8-A142-01A-11R-A115-07,0.7248964902920783,1
TCGA-A3-A8OV-01A-11R-A37O-07,0.6964331084767814,1
TCGA-A8-A094-01A-11R-A00Z-07,0.6264367137417655,0
TCGA-HC-A8D0-01A-11R-A36G-07,0.57868756941077,1
TCGA-M9-A5M8-01A-11R-A28J-31,0.6288209702131987,1
TCGA-DD-AACS-01A-11R-A41C-07,0.758237432855081,1
TCGA-22-4593-01A-21R-1820-07,0.5031446991653047,0
TCGA-E9-A1RB-01A-11R-A157-07,0.6697419693532211,1
TCGA-86-A456-01A-11R-A24H-07,0.2883261535802185,0
TCGA-AR-A24H-01A-11R-A169-07,0.6519707709179845,1
TCGA-OL-A5D7-01A-11R-A27Q-07,0.7745115184037535,0
TCGA-85-A511-01A-21R-A262-07,0.3018762934077107,0
TCGA-49-AAR9-01A-21R-A41B-07,0.7273437502973774,0
TCGA-13-1496-01A-01R-1565-13,0.7200594881431558,0
TCGA-60-2695-01A-01R-0851-07,0.44538789424867326,0
TCGA-YL-A8SH-01B-11R-A37L-07,0.35547170468919254,1
TCGA-23-1026-01B-01R-1569-13,0.32708743852217864,0
TCGA-AA-3684-01A-02R-0905-07,0.9158943095914053,1
TCGA-97-8174-01A-11R-2287-07,0.7208022280901567,1
TCGA-A3-3308-01A-02R-1325-07,0.5770196736634221,1
TCGA-DD-A3A4-01A-11R-A22L-07,0.6967120368323538,1
TCGA-AR-A2LO-01A-31R-A18M-07,0.48063141007874344,0
TCGA-64-1679-01A-21R-2066-07,0.7006136975434889,1
TCGA-56-8623-01A-11R-A28V-07,0.9772049325772905,1
TCGA-69-A59K-01A-11R-A262-07,0.6387511506837655,0
TCGA-13-0766-01A-02R-1564-13,0.7710756562823331,1
TCGA-61-2016-01A-01R-1568-13,0.6953947739209347,1
TCGA-XV-AAZV-01A-11R-A40A-07,0.8890904102830329,1
TCGA-AA-A01Q-01A-01R-A002-07,0.6801720975677636,1
TCGA-A2-A25C-01A-11R-A169-07,0.6621400105603826,1
TCGA-24-1849-01A-01R-1567-13,0.7165613817700635,1
TCGA-LL-A5YM-01A-11R-A28M-07,0.8830960546557074,1
TCGA-23-2081-01A-01R-1568-13,0.6432551722294616,1
TCGA-BP-4975-01A-01R-1334-07,0.4270185660582249,1
TCGA-B8-5165-01A-01R-1420-07,0.2263277658821217,0
TCGA-SX-A7SR-01A-12R-A36F-07,0.41463019668857026,1
TCGA-AR-A24M-01A-11R-A169-07,0.5385617409906656,1
TCGA-LL-A6FR-01A-12R-A31O-07,0.8985992586708453,1
TCGA-IB-A5SS-01A-11R-A32O-07,0.6556734865056235,1
TCGA-EJ-AB27-01A-11R-A41O-07,0.4061189147577396,1
TCGA-37-3789-01A-01R-0980-07,0.7738328039514349,1
TCGA-AA-A01F-01A-01R-A002-07,0.5723794178038099,1
TCGA-VR-A8EY-01A-11R-A36D-31,0.773834436631415,1
TCGA-CK-5913-01A-11R-1653-07,0.5219271160278116,0
TCGA-A3-3319-01A-02R-1325-07,0.7427578120963622,0
TCGA-77-8007-01A-11R-2187-07,0.7225009109683862,0
TCGA-24-1434-01A-01R-1566-13,0.8209324009560189,1
TCGA-L5-A4OQ-01A-11R-A260-31,0.7686745692878724,1
TCGA-IG-A3YC-01A-11R-A24K-31,0.7610328545939715,1
TCGA-BH-A0DV-01A-21R-A12P-07,0.6032808505134641,1
TCGA-C8-A12N-01A-11R-A115-07,0.5556006127112139,1
TCGA-KC-A7F6-01A-11R-A33R-07,0.6240618638360679,1
TCGA-DM-A28E-01A-11R-A32Y-07,0.44419560112094725,0
TCGA-85-8048-01A-11R-2247-07,0.6690880292220143,1
TCGA-55-8614-01A-11R-2403-07,0.7845741288681627,1
TCGA-L5-A4OH-01A-11R-A260-31,0.4119417515865172,0
TCGA-AO-A0JJ-01A-11R-A056-07,0.6279615527462182,1
TCGA-DM-A282-01A-12R-A16W-07,0.5943082271003144,1
TCGA-64-5775-01A-01R-1628-07,0.9271973891139634,1
TCGA-EJ-5511-01A-01R-1580-07,0.69052133577524,1
TCGA-E2-A1LE-01A-12R-A19W-07,0.735239270571837,1
TCGA-E9-A1NH-01A-11R-A14D-07,0.4154225622501413,0
TCGA-55-8302-01A-11R-2326-07,0.6521499879577457,1
TCGA-O2-A52N-01A-11R-A26W-07,0.5783033872114423,0
TCGA-AA-3495-01A-01R-1410-07,0.4506594848573023,1
TCGA-A7-A13H-01A-11R-A22K-07,0.3944467561466616,0
TCGA-JY-A6FE-01A-11R-A336-31,0.94026178062696,1
TCGA-HC-7210-01A-11R-2118-07,0.6626153530843949,1
TCGA-L5-A88T-01A-11R-A354-31,0.4697912851722586,0
TCGA-BP-4998-01A-01R-1334-07,0.47432475965980336,1
TCGA-S3-A6ZG-01A-22R-A32P-07,0.6210732028618327,1
TCGA-B0-5692-01A-11R-1541-07,0.6581967294256029,1
TCGA-ZG-A8QY-01A-11R-A37L-07,0.5352409397578128,1
TCGA-A1-A0SG-01A-11R-A144-07,0.5189800392498078,0
TCGA-64-5774-01A-01R-1628-07,0.7244508478446056,1
TCGA-L5-A8NM-01A-11R-A37I-31,0.6717534702293698,1
TCGA-AO-A12D-01A-11R-A115-07,0.6724061106070169,1
TCGA-39-5024-01A-21R-1820-07,0.7084252930202696,1
TCGA-AA-A01K-01A-01R-A00A-07,0.41776378492244653,0
TCGA-AA-3973-01A-01R-1022-07,0.8247208931937166,1
TCGA-22-5485-01A-01R-1635-07,0.6486112528267666,1
TCGA-50-5941-01A-11R-1755-07,0.3072771685214318,0
TCGA-C8-A12K-01A-21R-A115-07,0.8504030792511725,1
TCGA-MH-A55Z-01A-11R-A26U-07,0.32489665411603963,1
TCGA-BH-A0H3-01A-11R-A12P-07,0.529521068381389,1
TCGA-CJ-4890-01A-01R-1305-07,0.5108518241539121,0
TCGA-85-8072-01A-31R-2247-07,0.4795065476958596,0
TCGA-5M-AATA-01A-31R-A41B-07,0.4879890044184317,0
TCGA-C8-A1HK-01A-21R-A13Q-07,0.7216656927923205,1
TCGA-AN-A0XP-01A-11R-A109-07,0.5313570347386124,1
TCGA-39-5028-01A-01R-1443-07,0.5990877778077824,0
TCGA-ZG-A9L6-01A-11R-A41O-07,0.5414009824756872,1
TCGA-AO-A03V-01A-11R-A115-07,0.7593209932135694,1
TCGA-CJ-4895-01A-01R-1305-07,0.5503146303712879,1
TCGA-BC-A10T-01A-11R-A131-07,0.4466274678025948,0
TCGA-AR-A24K-01A-11R-A169-07,0.509739592489615,0
TCGA-A8-A06Z-01A-11R-A00Z-07,0.7613215688466856,1
TCGA-A6-6654-01A-21R-1839-07,0.8807138726048032,1
TCGA-G9-6373-01A-11R-1789-07,0.5129251682090868,1
TCGA-DD-A116-01A-11R-A131-07,0.40535223068348164,0
TCGA-VR-A8EQ-01A-11R-A36D-31,0.8937817283797446,1
TCGA-R6-A6L6-01B-11R-A336-31,0.8555881142038954,1
TCGA-55-A493-01A-11R-A24H-07,0.6398663769220516,1
TCGA-ES-A2HS-01A-11R-A180-07,0.5648595426719688,1
TCGA-KK-A8I8-01A-11R-A36G-07,0.664615014623012,1
TCGA-L5-A4OI-01A-11R-A36D-31,0.7474131512880244,1
TCGA-43-6143-01A-11R-1820-07,0.7406702609800582,1
TCGA-HC-7080-01A-11R-1965-07,0.6554808980419002,1
TCGA-FV-A4ZQ-01A-11R-A266-07,0.629954795367786,0
TCGA-A3-3374-01A-02R-1325-07,0.9758608247919118,0
TCGA-IG-A3QL-01A-11R-A24K-31,0.5300185412970784,0
TCGA-PL-A8LV-01A-21R-A41B-07,0.853906201919018,1
TCGA-HC-A9TE-01A-11R-A41O-07,0.9039436130120552,1
TCGA-G4-6321-01A-11R-1723-07,0.9541361482527491,1
TCGA-23-1030-01A-02R-1564-13,0.5696960413146311,1
TCGA-FB-AAQ2-01A-31R-A41B-07,0.8181211268921851,1
TCGA-A2-A0CY-01A-12R-A034-07,0.8736569495576524,1
TCGA-AN-A046-01A-21R-A034-07,0.5285646796492075,1
TCGA-BH-A0B4-01A-11R-A00Z-07,0.6576260660399246,1
TCGA-24-0982-01A-01R-1565-13,0.40386782752059147,1
TCGA-AR-A0TY-01A-12R-A115-07,0.7577568754903434,0
TCGA-WS-AB45-01A-11R-A41B-07,0.9630873980637228,0
TCGA-37-4135-01A-01R-1100-07,0.9681330246886174,1
TCGA-EW-A1P0-01A-11R-A144-07,0.6672478898568232,1
TCGA-A2-A04Y-01A-21R-A034-07,0.7950274495337764,1
TCGA-ZP-A9D4-01A-11R-A37K-07,0.597562460588534,1
TCGA-AC-A23H-01A-11R-A157-07,0.7308424280640737,1
TCGA-A8-A07G-01A-11R-A034-07,0.39531191004996985,0
TCGA-63-A5MT-01A-21R-A26W-07,0.5465812858835607,1
TCGA-05-5428-01A-01R-1628-07,0.7260583374185046,1
TCGA-V1-A9OQ-01A-11R-A41O-07,0.5633315288504742,1
TCGA-CZ-5454-01A-01R-1503-07,0.42656788157203346,0
TCGA-2J-AABK-01A-31R-A41B-07,0.563438454670633,1
TCGA-L5-A893-01A-11R-A36D-31,0.6938764218642354,1
TCGA-CW-5587-01A-01R-1541-07,0.46815336976513144,1
TCGA-CH-5766-01A-11R-1580-07,0.5046461808009771,0
TCGA-E9-A1NI-01A-11R-A14D-07,0.6221370031653902,1
TCGA-46-3767-01A-01R-0980-07,0.37366023900415113,0
TCGA-85-7710-01A-11R-2125-07,0.7554829443618153,1
TCGA-A2-A1G1-01A-21R-A13Q-07,0.7259369003715107,1
TCGA-AZ-6603-01A-11R-1839-07,0.5181802073665528,1
TCGA-BP-5180-01A-01R-1426-07,0.7297808648376545,1
TCGA-HC-7213-01A-11R-2118-07,0.8453320370653153,1
TCGA-BP-4354-01A-02R-1289-07,0.7801258809812778,0
TCGA-E2-A14W-01A-11R-A12D-07,0.7306278656388973,1
TCGA-L9-A444-01A-21R-A24H-07,0.6209146256184875,1
TCGA-86-7713-01A-11R-2066-07,0.7345502592108761,1
TCGA-MP-A4TJ-01A-51R-A262-07,0.5872930695823896,1
TCGA-B9-A5W8-01A-11R-A28H-07,0.5720766397041002,1
TCGA-BH-A0DE-01A-11R-A115-07,0.3717788933067313,0
TCGA-BP-4349-01A-01R-1289-07,0.5114377906465604,1
TCGA-LL-A8F5-01A-11R-A36F-07,0.7490879318830665,1
TCGA-95-A4VK-01A-11R-A262-07,0.708913134394212,1
TCGA-HC-A9TH-01A-11R-A41O-07,0.7080386927096795,1
TCGA-CM-4743-01A-01R-1723-07,0.8439299582226792,1
TCGA-13-1499-01A-01R-1565-13,0.7024408762421328,1
TCGA-43-7656-01A-11R-2125-07,0.7720435306308544,1
TCGA-66-2786-01A-01R-0851-07,0.5618042460544745,1
TCGA-44-7671-01A-11R-2066-07,0.40910068643519737,0
TCGA-D5-6535-01A-11R-1723-07,0.7139282142103278,1
TCGA-A3-3378-01A-02R-1325-07,0.6217604567231375,1
TCGA-KR-A7K8-01A-11R-A33J-07,0.6415819329601602,1
TCGA-B6-A0IG-01A-11R-A034-07,0.7704520156099582,1
TCGA-05-5423-01A-01R-1628-07,0.7403986156620497,1
TCGA-24-2020-01A-01R-1567-13,0.7027287293658118,0
TCGA-EJ-5532-01A-01R-1580-07,0.48884530582198915,1
TCGA-LN-A7HX-01A-11R-A336-31,0.5279604361656733,1
TCGA-24-1418-01A-01R-1565-13,0.5670973758151776,1
TCGA-A6-6648-01A-11R-1774-07,0.6974089193048342,1
TCGA-AO-A12F-01A-11R-A115-07,0.812292906643227,1
TCGA-DD-A1EL-01A-11R-A155-07,0.7734990741087473,1
TCGA-F2-6880-01A-11R-2156-07,0.9844769033351338,1
TCGA-IB-AAUW-01A-12R-A38C-07,0.40258395683902154,1
TCGA-EB-A4OZ-01A-12R-A266-07,0.5859252497709767,1
TCGA-CJ-4878-01A-01R-1305-07,0.8388773977165119,1
TCGA-4R-AA8I-01A-11R-A38B-07,0.5105675587338299,1
TCGA-CZ-4853-01A-01R-1426-07,0.5475017768737874,1
TCGA-DD-A4NN-01A-11R-A28V-07,0.841297784665814,1
TCGA-21-5782-01A-01R-1635-07,0.7022913022237309,1
TCGA-85-A513-01A-12R-A26W-07,0.8747284019758558,0
TCGA-29-1761-01A-01R-1567-13,0.7555517062483446,1
TCGA-G7-6792-01A-21R-1965-07,0.6456785704018563,0
TCGA-NC-A5HQ-01A-11R-A26W-07,0.6793738553973668,1
TCGA-B1-A47O-01A-11R-A24Z-07,0.7565876324967394,1
TCGA-AR-A252-01A-11R-A169-07,0.6606707568665935,1
TCGA-BH-A18S-01A-11R-A12D-07,0.5860796957171359,1
TCGA-LQ-A4E4-01A-11R-A266-07,0.6643047104613844,1
TCGA-3A-A9IV-01A-11R-A41B-07,0.9928346567823643,1
TCGA-WN-A9G9-01A-12R-A37K-07,0.9819049681483061,1
TCGA-BH-A18F-01A-11R-A12D-07,0.5459753764263229,1
TCGA-13-0883-01A-02R-1569-13,0.46315846701159674,0
TCGA-55-7576-01A-11R-2066-07,0.38929552130304224,0
TCGA-44-A4SS-01A-11R-A24X-07,0.6530409245734753,1
TCGA-AD-A5EJ-01A-11R-A28H-07,0.56249859272741,1
TCGA-E9-A5FL-01A-11R-A27Q-07,0.9000996151900069,1
TCGA-J4-A67L-01A-11R-A30B-07,0.8546108913775121,1
TCGA-23-1113-01A-01R-1564-13,0.4384224158428264,1
TCGA-55-6543-01A-11R-1755-07,0.35846032734620664,0
TCGA-BP-4334-01A-01R-1289-07,0.9833816672608892,1
TCGA-E2-A1L6-01A-11R-A13Q-07,0.4472174210842333,1
TCGA-D8-A27W-01A-11R-A16F-07,0.6460955646909534,1
TCGA-B6-A0WS-01A-11R-A115-07,0.38817881007744826,0
TCGA-B3-8121-01A-21R-2404-07,0.6592688990571183,1
TCGA-D8-A1JK-01A-11R-A13Q-07,0.7866436548185882,1
TCGA-A2-A04N-01A-11R-A115-07,0.5203264298111082,1
TCGA-P4-A5E6-01A-11R-A28H-07,0.5273127614910034,1
TCGA-PJ-A5Z9-01A-11R-A28H-07,0.28044798071077065,1
TCGA-LN-A7HV-01A-21R-A354-31,0.824335741448214,1
TCGA-22-0944-01A-01R-0692-07,0.6670319613530652,1
TCGA-AN-A0FK-01A-11R-A034-07,0.7647077528131307,1
TCGA-BF-AAOU-01A-12R-A39D-07,0.7913237328267341,1
TCGA-HN-A2NL-01A-11R-A18M-07,0.8617871791628737,1
TCGA-FR-A2OS-01A-11R-A21D-07,0.7585465303231795,1
TCGA-CW-6093-01A-11R-1672-07,0.5666323009577867,1
TCGA-DD-A73F-01A-11R-A32O-07,0.5895213192246472,1
TCGA-WQ-A9G7-01A-11R-A37K-07,0.894425953984208,1
TCGA-37-3783-01A-01R-1201-07,0.8526045161329049,1
TCGA-61-1995-01A-01R-1568-13,0.6646328077232542,1
TCGA-DD-AAD2-01A-11R-A41C-07,0.5672849832743547,1
TCGA-24-1616-01A-01R-1566-13,0.6325089184964582,1
TCGA-B2-3923-01B-10R-A277-07,0.992110670360091,1
TCGA-31-1950-01A-01R-1568-13,0.7970708902494259,1
TCGA-FC-A5OB-01A-11R-A29R-07,0.9059876615820249,1
TCGA-LN-A49X-01A-31R-A260-31,0.49217368489151386,1
TCGA-UU-A93S-01A-21R-A41B-07,0.8655644044551492,1
TCGA-34-5240-01A-01R-1443-07,0.7783816279470607,1
TCGA-L5-A43C-01A-11R-A24K-31,0.8319339487083535,1
TCGA-46-3765-01A-01R-0980-07,0.39184137582879464,0
TCGA-B0-4844-01A-01R-1277-07,0.8041958818564662,1
TCGA-21-1080-01A-01R-0692-07,0.6528776351883846,1
TCGA-13-0920-01A-01R-1564-13,0.7538203028948013,1
TCGA-F9-A8NY-01A-11R-A36F-07,0.8394182940762425,1
TCGA-LL-A740-01A-21R-A32P-07,0.7679124929698757,1
TCGA-BF-AAP4-01A-11R-A40A-07,0.6108791847754486,1
TCGA-XR-A8TD-01A-12R-A39D-07,0.7099215511144875,1
TCGA-33-4538-01A-01R-1201-07,0.5605667245581322,1
TCGA-LL-A9Q3-01A-11R-A41B-07,0.7826810505515418,1
TCGA-NJ-A4YF-01A-12R-A262-07,0.807434653874686,1
TCGA-MH-A560-01A-11R-A26U-07,0.593861780083845,1
TCGA-L5-A8NE-01A-11R-A37I-31,0.7846545107972502,0
TCGA-04-1332-01A-01R-1564-13,0.6845819103081009,1
TCGA-EJ-A7NG-01A-31R-A33R-07,0.4013264172751748,0
TCGA-A8-A08J-01A-11R-A00Z-07,0.7080329255134584,1
TCGA-AK-3456-01A-02R-1325-07,0.6976717800137725,1
TCGA-G7-A8LB-01A-11R-A36F-07,0.5681692951719318,0
TCGA-B2-A4SR-01A-11R-A266-07,0.41877892578299825,1
TCGA-62-8394-01A-11R-2326-07,0.6837694357414651,1
TCGA-AZ-6608-01A-11R-1839-07,0.40929445247441254,1
TCGA-Q3-AA2A-01A-11R-A37L-07,0.6320280866801089,1
TCGA-B0-4694-01A-01R-1277-07,0.5904157099262388,1
TCGA-AR-A24V-01A-21R-A169-07,0.49981029393439513,0
TCGA-A2-A0EV-01A-11R-A034-07,0.5818455778210988,1
TCGA-60-2714-01A-01R-0851-07,0.7374596599376683,0
TCGA-BP-4762-01A-02R-1289-07,0.4604532768229124,1
TCGA-DD-AACG-01A-11R-A41C-07,0.5964903146211312,1
TCGA-B0-5094-01A-01R-1420-07,0.7423454981674917,1
TCGA-AA-3556-01A-01R-0821-07,0.5111906416218418,0
TCGA-2J-AABO-01A-21R-A41B-07,0.3725345468315555,1
TCGA-B0-5400-01A-01R-1503-07,0.7596713029656268,0
TCGA-77-6845-01A-11R-1949-07,0.5661630353804249,0
TCGA-D8-A141-01A-11R-A115-07,0.558395326254128,1
TCGA-55-A57B-01A-12R-A39D-07,0.672636776188056,1
TCGA-60-2712-01A-01R-0851-07,0.6730437163605362,1
TCGA-A6-4105-01A-02R-1774-07,0.5446107538316718,1
TCGA-XV-A9W5-01A-11R-A38C-07,0.7199653928534151,1
TCGA-A6-5665-01B-03R-2302-07,0.9967959476603345,1
TCGA-E2-A1AZ-01A-11R-A12P-07,0.7575174190312843,1
TCGA-55-7910-01A-11R-2170-07,0.7449057998275793,1
TCGA-50-6673-01A-11R-1949-07,0.6905444914771812,1
TCGA-BH-A0DL-01A-11R-A115-07,0.8297225825411266,1
TCGA-AU-6004-01A-11R-1723-07,0.6585449586471167,1
TCGA-E2-A15I-01A-21R-A137-07,0.4587760491944844,1
TCGA-G9-6369-01A-21R-1965-07,0.7227168333252754,0
TCGA-AA-3819-01A-01R-0905-07,0.20766789191606244,0
TCGA-KK-A6E0-01A-11R-A311-07,0.4551118094487786,0
TCGA-SX-A71W-01A-12R-A355-07,0.2946122377362582,1
TCGA-AR-A0TS-01A-11R-A115-07,0.7976679799557846,1
TCGA-E9-A5UP-01A-11R-A28M-07,0.6334500504150798,0
TCGA-AQ-A0Y5-01A-11R-A14M-07,0.5176935911485933,0
TCGA-BP-4807-01A-01R-1305-07,0.42335241990863054,1
TCGA-CM-5860-01A-01R-1653-07,0.5881494193593494,1
TCGA-BC-A5W4-01A-11R-A28V-07,0.642545686318782,1
TCGA-B0-4821-01A-01R-1503-07,0.9637428424948223,1
TCGA-UZ-A9PJ-01A-11R-A38C-07,0.2139482149821043,0
TCGA-DD-AACC-01A-11R-A41C-07,0.3339048023766497,0
TCGA-CJ-4870-01A-01R-1305-07,0.4907109236581019,1
TCGA-75-6207-01A-11R-1755-07,0.8471929396728672,1
TCGA-C8-A1HO-01A-11R-A13Q-07,0.6539835643892885,1
TCGA-JY-A938-01A-11R-A37I-31,0.8148745973763181,1
TCGA-04-1361-01A-01R-1565-13,0.7219867281324951,1
TCGA-2Z-A9J8-01A-11R-A42S-07,0.7316302079015703,1
TCGA-64-1677-01A-01R-0946-07,0.5782822620642786,0
TCGA-AO-A0JE-01A-11R-A056-07,0.69011136435463,1
TCGA-IG-A4P3-01A-11R-A260-31,0.46562929282149523,1
TCGA-05-4424-01A-22R-1858-07,0.5531802186941928,0
TCGA-91-A4BD-01A-11R-A24H-07,0.6858825022221733,1
TCGA-DD-AAVS-01A-11R-A41C-07,0.4620953878511577,0
TCGA-18-3414-01A-01R-0980-07,0.4906644931227218,1
TCGA-J4-A83I-01A-11R-A36G-07,0.5142178973257705,1
TCGA-39-5035-01A-01R-1443-07,0.6747123874294803,1
TCGA-AA-3544-01A-01R-1873-07,0.7007416544460049,1
TCGA-FB-A7DR-01A-21R-A33R-07,0.5391230324632527,1
TCGA-99-8032-01A-11R-2241-07,0.6511937758537588,1
TCGA-95-7948-01A-11R-2187-07,0.6492213141138787,0
TCGA-D8-A1XU-01A-11R-A14M-07,0.5327481886507506,0
TCGA-2Z-A9J7-01A-11R-A38C-07,0.6621197892597389,1
TCGA-13-A5FT-01A-11R-A406-31,0.6885276364844148,1
TCGA-BP-4803-01A-01R-1305-07,0.4583525113858444,1
TCGA-24-2271-01A-01R-1568-13,0.5769719342525207,1
TCGA-DD-A39V-01A-11R-A213-07,0.30215965550165363,0
TCGA-CM-6674-01A-11R-1839-07,0.7109061301005182,1
TCGA-30-1855-01A-01R-1567-13,0.6721307870012875,1
TCGA-2J-AABE-01A-12R-A41B-07,0.3789673761040554,1
TCGA-ED-A82E-01A-11R-A352-07,0.9606289328665986,1
TCGA-56-7580-01A-11R-2045-07,0.593180165188624,1
TCGA-37-4130-01A-01R-1100-07,0.9666137271885018,1
TCGA-38-4626-01A-01R-1206-07,0.6527357200668849,1
TCGA-CZ-4861-01A-01R-1305-07,0.5421895894354966,1
TCGA-F4-6703-01A-11R-1839-07,0.9119300534554017,1
TCGA-61-2109-01A-01R-1568-13,0.587493209255442,1
TCGA-5M-AATE-01A-11R-A41B-07,0.44441406174972414,1
TCGA-10-0931-01A-01R-1564-13,0.6504630945894396,1
TCGA-UZ-A9PQ-01A-11R-A42S-07,0.8249509360135691,1
TCGA-XC-AA0X-01A-32R-A405-07,0.4147612790931658,1
TCGA-BH-A0C1-01B-11R-A12D-07,0.5150848951274308,1
TCGA-09-1668-01B-01R-1566-13,0.6870282284251049,1
TCGA-77-7338-01A-11R-2045-07,0.2841685196657721,0
TCGA-61-2111-01A-01R-1568-13,0.711522709911758,1
TCGA-AC-A8OS-01A-12R-A41B-07,0.6522493625755531,1
TCGA-BF-A3DJ-01A-11R-A20F-07,0.7696811281225406,1
TCGA-CJ-4893-01A-01R-1305-07,0.413146951117453,1
TCGA-DD-AADS-01A-11R-A41C-07,0.6013144866837535,0
TCGA-61-2110-01A-01R-1568-13,0.6543621050179815,1
TCGA-DD-A1EE-01A-11R-A131-07,0.6492944423775621,1
TCGA-BH-A0BP-01A-11R-A115-07,0.7366763290485284,1
TCGA-IG-A3I8-01A-11R-A24K-31,0.5386872863632912,1
TCGA-86-A4D0-01A-11R-A24H-07,0.6791660277932431,0
TCGA-22-1016-01A-01R-0692-07,0.7487534360406889,1
TCGA-BH-A0DS-01A-11R-A056-07,0.672297771490382,1
TCGA-AR-A5QN-01A-12R-A28M-07,0.6114718297900196,1
TCGA-CW-6088-01A-11R-1672-07,0.22455696238565917,0
TCGA-AQ-A04L-01B-21R-A10J-07,0.7354282968553968,1
TCGA-A7-A13D-01A-13R-A12P-07,0.7727142960352731,1
TCGA-A2-A0YJ-01A-11R-A109-07,0.7771604904763509,1
TCGA-04-1331-01A-01R-1569-13,0.7299356621715415,1
TCGA-HZ-A8P1-01A-11R-A37L-07,0.9373164605732011,1
TCGA-AR-A24R-01A-11R-A169-07,0.6932207564135178,1
TCGA-36-1575-01A-01R-1566-13,0.5555440766688109,0
TCGA-C8-A273-01A-11R-A16F-07,0.7122979572768858,1
TCGA-DM-A1HB-01A-21R-A180-07,0.31215324212874346,0
TCGA-JL-A3YW-01A-12R-A239-07,0.8170839787097608,1
TCGA-13-1411-01A-01R-1565-13,0.7060067756662626,1
TCGA-60-2710-01A-01R-0851-07,0.48148381491410785,1
TCGA-BP-5009-01A-01R-1334-07,0.4155988015454914,1
TCGA-T7-A92I-01A-11R-A37O-07,0.9614764500733088,1
TCGA-EB-A85I-01A-11R-A352-07,0.5607584347939099,1
TCGA-F4-6460-01A-11R-1774-07,0.6136456005656469,0
TCGA-B8-A54E-01A-11R-A266-07,0.9810837033397095,1
TCGA-60-2725-01A-01R-1201-07,0.5554656578446368,1
TCGA-NC-A5HI-01A-11R-A26W-07,0.672509145779772,1
TCGA-BP-4965-01A-01R-1334-07,0.4756810194232189,1
TCGA-BP-4756-01A-01R-1289-07,0.8826541220549494,1
TCGA-A8-A095-01A-11R-A00Z-07,0.5252782466314406,1
TCGA-MM-A84U-01A-11R-A37O-07,0.6812443257955288,1
TCGA-HP-A5N0-01A-11R-A28V-07,0.5669870177264356,1
TCGA-A4-7996-01A-11R-2204-07,0.5215289879785696,1
TCGA-A2-A0EQ-01A-11R-A034-07,0.6932705846128769,1
TCGA-A1-A0SK-01A-12R-A084-07,0.817281157022729,1
TCGA-EJ-5505-01A-01R-1580-07,0.5280565905702846,1
TCGA-43-5668-01A-01R-1635-07,0.7939892968465576,0
TCGA-EW-A2FV-01A-11R-A17B-07,0.49462750621901963,0
TCGA-CZ-5456-01A-01R-1503-07,0.7825868326918914,1
TCGA-C8-A12Y-01A-11R-A12D-07,0.7420683355875632,1
TCGA-AR-A2LM-01A-11R-A180-07,0.39137761191205467,1
TCGA-A6-4107-01A-02R-1410-07,0.6205780669663571,1
TCGA-IG-A3YB-01A-11R-A36D-31,0.8813763021655959,1
TCGA-75-6205-01A-11R-1755-07,0.5080550408231097,1
TCGA-20-1683-01A-01R-1566-13,0.9127723238605687,1
TCGA-BP-4170-01A-02R-1289-07,0.4056863249334313,1
TCGA-CJ-6032-01A-11R-1672-07,0.6446202324854023,1
TCGA-DD-AACL-01A-11R-A41C-07,0.786955743756236,1
TCGA-BP-4166-01A-02R-1289-07,0.7090157438037923,1
TCGA-2H-A9GL-01A-12R-A37I-31,0.8086036656873234,1
TCGA-B0-5084-01A-01R-1334-07,0.9905315294108195,1
TCGA-E2-A15J-01A-11R-A12P-07,0.7407597103352075,1
TCGA-44-6775-01C-02R-A277-07,0.9002391219902356,1
TCGA-A2-A04W-01A-31R-A115-07,0.8413901715162485,1
TCGA-G3-AAV0-01A-11R-A37K-07,0.5647925235990949,1
TCGA-AA-A00D-01A-01R-A002-07,0.5878055996629048,1
TCGA-56-5897-01A-11R-1635-07,0.6655356506836674,1
TCGA-EJ-7321-01A-31R-2263-07,0.4782037122171745,0
TCGA-2J-AABV-01A-12R-A41B-07,0.96916423112847,1
TCGA-C8-A8HR-01A-11R-A36F-07,0.6575951077853632,1
TCGA-04-1362-01A-01R-1565-13,0.5828401062574048,0
TCGA-HZ-A77Q-01A-11R-A36G-07,0.37524360575705734,1
TCGA-D8-A1JB-01A-11R-A13Q-07,0.5430104550356913,1
TCGA-B0-4811-01A-01R-1503-07,0.7763768467626367,0
TCGA-24-1103-01A-01R-1565-13,0.7099638101003289,1
TCGA-91-A4BC-01A-11R-A24H-07,0.7152455506727734,1
TCGA-D5-5539-01A-01R-1653-07,0.668464014260845,1
TCGA-HZ-A4BK-01A-11R-A26U-07,0.23332164839110964,1
TCGA-13-1489-01A-01R-1565-13,0.6931626330479405,1
TCGA-A2-A04P-01A-31R-A034-07,0.875265665040452,1
TCGA-IA-A40Y-01A-11R-A24Z-07,0.9328376185908265,1
TCGA-21-5783-01A-41R-2187-07,0.6430684887440206,1
TCGA-A6-2675-01A-02R-1723-07,0.5812329362944199,1
TCGA-B9-7268-01A-11R-A32Z-07,0.485849974253819,1
TCGA-BP-4777-01A-01R-1289-07,0.4037684280300994,1
TCGA-BP-4988-01A-01R-1334-07,0.8989685733524834,1
TCGA-2J-AABF-01A-31R-A41B-07,0.5209509462267985,1
TCGA-56-8201-01A-11R-2247-07,0.5520355076532205,1
TCGA-24-2035-01A-01R-1568-13,0.7894339144452168,1
TCGA-A1-A0SP-01A-11R-A084-07,0.7767521226912751,1
TCGA-BC-A10S-01A-22R-A131-07,0.45467095764361193,1
TCGA-HC-7738-01A-11R-2118-07,0.2987295743225069,1
TCGA-IA-A83S-01A-11R-A355-07,0.19085005163144972,0
TCGA-HZ-7920-01A-11R-2204-07,0.822284534365747,1
TCGA-AA-3529-01A-02R-0821-07,0.6255223039010956,1
TCGA-D8-A1XJ-01A-11R-A14M-07,0.5627563941555263,1
TCGA-5X-AA5U-01A-11R-A406-31,0.7432315064603121,1
TCGA-3Z-A93Z-01A-11R-A37O-07,0.5476020191965807,1
TCGA-E9-A227-01A-11R-A157-07,0.55746856270783,1
TCGA-B0-4843-01A-01R-1277-07,0.6192210197081786,0
TCGA-BH-A8G0-01A-11R-A352-07,0.6472748668328975,1
TCGA-FV-A3R2-01A-11R-A22L-07,0.6433408591800639,1
TCGA-CZ-4854-01A-01R-1305-07,0.7101038417557033,1
TCGA-04-1348-01A-01R-1565-13,0.5865768894605822,1
TCGA-38-4625-01A-01R-1206-07,0.8166357173508328,1
TCGA-A3-A6NJ-01A-12R-A33J-07,0.47173776156376,1
TCGA-BH-A0C3-01A-21R-A12P-07,0.6569795503403234,1
TCGA-58-8388-01A-11R-2326-07,0.8454513940000741,1
TCGA-NH-A50T-01A-11R-A28H-07,0.40888558467987374,1
TCGA-LL-A5YN-01A-11R-A28M-07,0.6599200899957179,0
TCGA-A2-A0ET-01A-31R-A034-07,0.708901135838987,1
TCGA-GM-A2DO-01A-11R-A18M-07,0.6145315925258203,0
TCGA-A7-A0CH-01A-21R-A00Z-07,0.4857030107272377,1
TCGA-2Y-A9GT-01A-11R-A38B-07,0.7419180366563066,1
TCGA-B3-4104-01A-02R-1351-07,0.9982728571120392,1
TCGA-GM-A5PV-01A-11R-A28M-07,0.646329132010076,1
TCGA-29-1711-01A-01R-1567-13,0.7986390222392745,1
TCGA-AO-A1KS-01A-11R-A13Q-07,0.5877292917809668,0
TCGA-AO-A12G-01A-11R-A10J-07,0.649297519879847,1
TCGA-HZ-8002-01A-11R-2204-07,0.17607424339212094,0
TCGA-22-5492-01A-01R-1635-07,0.6490629822340502,1
TCGA-G4-6625-01A-21R-1774-07,0.4228076985255778,1
TCGA-L5-A4OF-01A-11R-A260-31,0.7643207521329707,1
TCGA-55-A48Y-01A-11R-A24H-07,0.5725994963034003,0
TCGA-A2-A0YD-01A-11R-A109-07,0.6179456839227393,1
TCGA-13-0801-01A-01R-1564-13,0.7854338884401716,1
TCGA-B4-5843-01A-11R-1672-07,0.6709021689390796,1
TCGA-AY-A69D-01A-11R-A37K-07,0.43522525767842224,0
TCGA-CJ-4899-01A-01R-1334-07,0.37544875430011304,1
TCGA-YL-A8S9-01A-11R-A37L-07,0.7058531296340886,1
TCGA-55-1596-01A-01R-0946-07,0.7442453147259956,1
TCGA-UB-AA0V-01A-11R-A38B-07,0.6615046051596466,1
TCGA-BH-A0HY-01A-11R-A056-07,0.7206990366188221,1
TCGA-64-1676-01A-01R-0946-07,0.7448032000169496,0
TCGA-A8-A09R-01A-11R-A00Z-07,0.4948451003956048,0
TCGA-D8-A1Y2-01A-11R-A157-07,0.6661391471877058,1
TCGA-5P-A9JY-01A-11R-A42S-07,0.4912003944066282,1
TCGA-AR-A1AI-01A-11R-A12P-07,0.8016186050878211,1
TCGA-56-7823-01B-11R-2247-07,0.5489477936630185,1
TCGA-O2-A52V-01A-31R-A262-07,0.4791642784805447,1
TCGA-B0-4816-01A-01R-1503-07,0.5191020496402656,1
TCGA-MH-A55W-01A-11R-A26U-07,0.4225402804782018,1
TCGA-AN-A0FD-01A-11R-A034-07,0.6827473820665516,1
TCGA-3A-A9IB-01A-21R-A39D-07,0.6587425869486538,1
TCGA-P4-A5EA-01A-11R-A28H-07,0.9799528032786188,1
TCGA-XV-A9VZ-01A-11R-A38C-07,0.9420709325129726,0
TCGA-BC-A10U-01A-11R-A131-07,0.44069042898445415,0
TCGA-B6-A0I9-01A-11R-A034-07,0.583664856618245,0
TCGA-B0-5119-01A-02R-1420-07,0.2529486137799038,0
TCGA-AR-A2LR-01A-12R-A18M-07,0.5983389878717588,0
TCGA-22-5472-01A-01R-1635-07,0.6021439198630912,1
TCGA-GI-A2C8-01A-11R-A16F-07,0.6493724639931018,0
TCGA-44-2666-01A-01R-0946-07,0.5249424549020184,1
TCGA-25-1632-01A-01R-1566-13,0.6946326365677236,1
TCGA-78-7540-01A-11R-2066-07,0.8261486615095874,1
TCGA-BH-A0AV-01A-31R-A115-07,0.7312576380100945,1
TCGA-AA-3845-01A-01R-1022-07,0.8997119390374932,1
TCGA-78-8655-01A-11R-2403-07,0.666783265614981,1
TCGA-BP-4345-01A-01R-1289-07,0.7738778815673995,1
TCGA-98-A539-01A-31R-A262-07,0.5280475422319532,0
TCGA-50-6594-01A-11R-1755-07,0.8178505127672387,1
TCGA-49-AARN-01A-21R-A41B-07,0.46861626853840094,1
TCGA-A3-3358-01A-01R-1541-07,0.49902802639731964,1
TCGA-13-1483-01A-01R-1565-13,0.3420714180083512,0
TCGA-KK-A7B2-01A-12R-A32O-07,0.6467817856696584,1
TCGA-49-AAQV-01A-11R-A39D-07,0.523925330494478,0
TCGA-EV-5902-01A-11R-1592-07,0.4983702613317035,0
TCGA-AC-A6IX-01A-12R-A32P-07,0.5061759523150294,1
TCGA-BW-A5NQ-01A-11R-A27V-07,0.55873221988654,0
TCGA-B6-A0WW-01A-11R-A109-07,0.5042597513345303,0
TCGA-R6-A8W8-01B-11R-A37I-31,0.7894415710359657,1
TCGA-XV-AAZW-01A-12R-A40A-07,0.3569894128131874,0
TCGA-BP-4173-01A-02R-1289-07,0.570740421130014,1
TCGA-HZ-A49G-01A-11R-A26U-07,0.1494874569249971,0
TCGA-22-1012-01A-01R-0692-07,0.6427854652947143,1
TCGA-BH-A0C7-01B-11R-A115-07,0.6280208678259065,1
TCGA-CC-A7IL-01A-11R-A33R-07,0.5537762860280315,1
TCGA-E9-A1RA-01A-11R-A14D-07,0.5895876716000867,1
TCGA-YL-A8HM-01A-11R-A36G-07,0.7800935708556251,0
TCGA-AC-A3HN-01A-11R-A213-07,0.6654735530102011,1
TCGA-D8-A1X8-01A-11R-A14M-07,0.5468085049225935,1
TCGA-78-7159-01A-11R-2039-07,0.49820973896350595,1
TCGA-AR-A1AK-01A-21R-A12P-07,0.5867905205802547,1
TCGA-Y8-A8RY-01A-11R-A37K-07,0.4592409093576129,1
TCGA-DD-AAED-01A-12R-A41C-07,0.8766768473894837,1
TCGA-AN-A0XV-01A-11R-A109-07,0.567351010373806,1
TCGA-BP-4775-01A-01R-1289-07,0.5447208905742068,1
TCGA-24-1556-01A-01R-1566-13,0.5162261840495178,1
TCGA-44-6148-01A-11R-1755-07,0.7921451438512574,1
TCGA-DD-A3A9-01A-11R-A266-07,0.41096858653093293,0
TCGA-XK-AAJU-01A-11R-A41O-07,0.4982437970957238,1
TCGA-A6-3809-01B-04R-A277-07,0.9985593144765174,1
TCGA-UZ-A9PO-01A-11R-A38C-07,0.14304967059009455,0
TCGA-05-4398-01A-01R-1206-07,0.4163831518374856,0
TCGA-AK-3436-01A-02R-1325-07,0.885359156324515,1
TCGA-D9-A4Z2-01A-11R-A24X-07,0.8296251168308696,1
TCGA-44-8119-01A-11R-2241-07,0.7808630271287692,1
TCGA-EB-A97M-01A-11R-A38C-07,0.3109585561912163,1
TCGA-YL-A8HK-01A-11R-A36G-07,0.6664640836289862,1
TCGA-GL-A59T-01A-21R-A28H-07,0.47639026155541864,1
TCGA-90-7767-01A-11R-2125-07,0.69628540978713,1
TCGA-DV-5568-01A-01R-1541-07,0.6733879881110543,1
TCGA-A4-A5Y0-01A-11R-A31O-07,0.5725726004112514,0
TCGA-BF-A1PZ-01A-11R-A18S-07,0.4425189706208131,1
TCGA-2J-AAB4-01A-12R-A41B-07,0.2567643036938172,0
TCGA-AC-A8OQ-01A-11R-A41B-07,0.7516097848037624,1
TCGA-DD-AACT-01A-11R-A41C-07,0.27138212994542316,0
TCGA-18-3412-01A-01R-0980-07,0.6872488557997563,1
TCGA-A2-A4S2-01A-12R-A266-07,0.50841267170341,0
TCGA-H9-A6BY-01A-11R-A30B-07,0.6576021595740561,0
TCGA-DW-7837-01A-11R-2139-07,0.42485573523922165,1
TCGA-AA-3552-01A-01R-0821-07,0.6995542591727886,1
TCGA-UZ-A9PN-01A-11R-A38C-07,0.8007299727967914,1
TCGA-NC-A5HO-01A-11R-A26W-07,0.8034274838932499,1
TCGA-B8-A8YJ-01A-13R-A39I-07,0.774420071025301,1
TCGA-A2-A04Q-01A-21R-A034-07,0.7477099575628037,1
TCGA-HC-A6AQ-01A-11R-A30B-07,0.730845436470881,1
TCGA-DV-A4VX-01A-11R-A266-07,0.9429003592986686,1
TCGA-FC-A6HD-01A-11R-A31N-07,0.7665991940801284,0
TCGA-F2-A44G-01A-11R-A26U-07,0.2137801549169084,0
TCGA-AZ-4681-01A-01R-1410-07,0.6668417971961527,1
TCGA-VP-A87J-01A-11R-A352-07,0.5934406778456471,0
TCGA-C8-A8HQ-01A-11R-A36F-07,0.5537207323508428,0
TCGA-YJ-A8SW-01A-11R-A37L-07,0.857247943213681,1
TCGA-63-7020-01A-11R-1949-07,0.43412325245473987,0
TCGA-66-2754-01A-01R-0980-07,0.8970283763318202,1
TCGA-04-1343-01A-01R-1564-13,0.6944240707114037,1
TCGA-KK-A7AV-01A-11R-A32O-07,0.4186211041136293,1
TCGA-HC-A632-01A-11R-A29R-07,0.7597559746301289,0
TCGA-DD-AACE-01A-11R-A41C-07,0.4183954793301344,0
TCGA-23-1809-01A-01R-1566-13,0.8517170844096141,1
TCGA-JY-A939-01A-12R-A37I-31,0.7915131608575562,1
TCGA-25-1627-01A-01R-1566-13,0.8136656058108235,1
TCGA-IB-AAUP-01A-11R-A37L-07,0.596566959673944,1
TCGA-RC-A6M3-01A-11R-A32O-07,0.9750890852732561,1
TCGA-E9-A1RH-01A-21R-A169-07,0.6640147845139281,0
TCGA-KK-A8IH-01A-11R-A36G-07,0.6938364393108246,1
TCGA-AA-3869-01A-01R-1022-07,0.4031312428340522,0
TCGA-B0-5116-01A-02R-1420-07,0.7025183513129083,1
TCGA-GF-A2C7-01A-11R-A18T-07,0.7785398835884826,1
TCGA-BH-A5J0-01A-11R-A27Q-07,0.7613481978131161,1
TCGA-66-2727-01A-01R-0980-07,0.49773265985961684,1
TCGA-CM-6163-01A-11R-1653-07,0.6941185797179928,1
TCGA-55-A490-01A-11R-A466-07,0.6857782623119032,0
TCGA-AA-3976-01A-01R-1022-07,0.5183388040132905,1
TCGA-A6-2679-01A-02R-1410-07,0.7884835923084772,0
TCGA-BP-5182-01A-01R-1426-07,0.5553245527733883,1
TCGA-56-8083-01A-11R-2247-07,0.7748328926930507,1
TCGA-55-8299-01A-11R-2287-07,0.28775964344804783,0
TCGA-LN-A8I1-01A-11R-A36D-31,0.7409912376676979,0
TCGA-SX-A7SU-01A-11R-A36F-07,0.7598874452879586,1
TCGA-E9-A295-01A-11R-A16F-07,0.717598930333959,1
TCGA-EJ-7218-01B-11R-A32O-07,0.5066541844807415,1
TCGA-E2-A2P5-01A-11R-A19W-07,0.6883040415277271,1
TCGA-A2-A0ES-01A-11R-A115-07,0.5895861532505864,1
TCGA-CK-5916-01A-11R-1653-07,0.8002974803093338,1
TCGA-EJ-A65E-01A-11R-A29R-07,0.3789531900677874,0
TCGA-OL-A66K-01A-11R-A29R-07,0.6740327178443819,1
TCGA-44-6774-01A-21R-1858-07,0.5955489936555691,1
TCGA-V1-A9Z7-01A-11R-A41O-07,0.7049092743157505,1
TCGA-ER-A196-01A-11R-A18T-07,0.8289693363559483,1
TCGA-2J-AABI-01A-12R-A41B-07,0.9169242572408136,1
TCGA-GJ-A9DB-01A-11R-A37K-07,0.5742319406510238,1
TCGA-A8-A0A7-01A-11R-A00Z-07,0.7135255662975775,1
TCGA-L5-A4ON-01A-11R-A260-31,0.699047216723671,1
TCGA-F4-6806-01A-11R-1839-07,0.36879695325060297,0
TCGA-66-2792-01A-01R-0980-07,0.5755524452699134,1
TCGA-A8-A08R-01A-11R-A034-07,0.7320311948044271,1
TCGA-E2-A1LH-01A-11R-A14D-07,0.8674209083572202,1
TCGA-24-1550-01A-01R-1566-13,0.6303340524659377,0
TCGA-44-7660-01A-11R-2066-07,0.8809931049607785,1
TCGA-85-A53L-01A-21R-A26W-07,0.48087032243003053,0
TCGA-MR-A8JO-01A-12R-A36F-07,0.9407854509084768,1
TCGA-44-5643-01A-01R-1628-07,0.9465021707787722,1
TCGA-90-6837-01A-11R-1949-07,0.5949177454676489,0
TCGA-DD-AAC9-01A-11R-A41C-07,0.23356068873295002,0
TCGA-BH-A203-01A-12R-A169-07,0.7553672399537181,1
TCGA-B8-4146-01B-11R-1672-07,0.9832745535606775,1
TCGA-24-1430-01A-01R-1566-13,0.6197245371767836,1
TCGA-BH-A5IZ-01A-11R-A27Q-07,0.8826865026658985,1
TCGA-78-7633-01A-11R-2066-07,0.6959628153988404,1
TCGA-A6-2686-01A-01R-A32Z-07,0.8928767353983553,1
TCGA-NC-A5HF-01A-11R-A26W-07,0.586453237936583,1
TCGA-BQ-5882-01A-11R-1592-07,0.9619456107577856,1
TCGA-IB-AAUM-01A-11R-A37L-07,0.6830558317581401,1
TCGA-BF-AAP7-01A-11R-A40A-07,0.3984681592736379,1
TCGA-NJ-A4YG-01A-22R-A262-07,0.36804376755930424,0
TCGA-AA-3846-01A-01R-1022-07,0.6525384868885139,1
TCGA-UN-AAZ9-01A-11R-A38C-07,0.6147896422568258,0
TCGA-HC-A76X-01A-11R-A33R-07,0.46923259011923163,1
TCGA-25-2042-01A-01R-1568-13,0.9329003037796881,1
TCGA-F4-6459-01A-11R-1774-07,0.8018836451767601,1
TCGA-A7-A13F-01A-11R-A12P-07,0.5088081435207708,0
TCGA-A2-A0CP-01A-11R-A034-07,0.6730078603481331,1
TCGA-KK-A5A1-01A-11R-A29R-07,0.7434484847259153,0
TCGA-F2-6879-01A-11R-2156-07,0.7659113195877388,1
TCGA-A8-A099-01A-11R-A00Z-07,0.6360870653516982,1
TCGA-DD-AADP-01A-11R-A39D-07,0.5260799602654176,1
TCGA-A6-5657-01A-01R-A32Z-07,0.655677276174132,1
TCGA-A8-A09M-01A-11R-A00Z-07,0.6166775811623917,1
TCGA-CH-5744-01A-11R-1580-07,0.6377519040962817,1
TCGA-43-6771-01A-11R-1820-07,0.8501339726671858,1
TCGA-LN-A4A5-01A-21R-A260-31,0.6711488225983798,1
TCGA-BH-A0BZ-01A-31R-A12P-07,0.5325754075302367,0
TCGA-05-4395-01A-01R-1206-07,0.8323484411489305,1
TCGA-BP-5178-01A-01R-1426-07,0.7844996248983971,1
TCGA-B6-A0RI-01A-11R-A056-07,0.46224071321622395,0
TCGA-63-A5MB-01A-11R-A26W-07,0.6264530755996114,1
TCGA-AQ-A04J-01A-02R-A034-07,0.658728933362895,1
TCGA-77-8133-01A-12R-2247-07,0.3307423542485938,0
TCGA-B0-5399-01A-01R-1503-07,0.4839236442537323,1
TCGA-B8-A54I-01A-21R-A33J-07,0.7554972904905388,1
TCGA-61-1910-01A-01R-1567-13,0.7155295101157132,1
TCGA-A8-A07R-01A-21R-A034-07,0.7814059855110889,1
TCGA-CJ-4905-01A-02R-1426-07,0.520836516763179,1
TCGA-AA-3525-01A-02R-0826-07,0.7578635058779634,1
TCGA-78-8662-01A-11R-2403-07,0.8659503875690986,1
TCGA-B6-A0IB-01A-11R-A034-07,0.5498553571916924,0
TCGA-EJ-7328-01A-31R-2118-07,0.5555754768505186,1
TCGA-BQ-5875-01A-11R-1592-07,0.7326026319029164,1
TCGA-IB-7649-01A-11R-2156-07,0.3778483609567576,0
TCGA-49-4494-01A-01R-1206-07,0.8024911826243892,1
TCGA-AR-A24P-01A-11R-A169-07,0.6031328320342854,1
TCGA-AA-3542-01A-02R-1873-07,0.7255289872585919,0
TCGA-DM-A28H-01A-11R-A16W-07,0.5734905395564469,0
TCGA-O2-A5IB-01A-11R-A27Q-07,0.8040954649058077,0
TCGA-A8-A06X-01A-21R-A00Z-07,0.6284257061494819,1
TCGA-BH-A28O-01A-11R-A22K-07,0.6976855151733495,1
TCGA-EJ-7115-01A-11R-2118-07,0.3022330884012458,1
TCGA-DW-5560-01A-01R-1592-07,0.867410243421631,1
TCGA-29-1703-01A-01R-1567-13,0.565013838671678,1
TCGA-AA-3680-01A-01R-0905-07,0.7813355089525283,1
TCGA-CC-A8HU-01A-11R-A36F-07,0.8284691247801069,1
TCGA-D8-A27P-01A-11R-A16F-07,0.49935186945506216,1
TCGA-3P-A9WA-01A-11R-A406-31,0.6372389768880424,0
TCGA-BH-A1F6-01A-11R-A13Q-07,0.7608055734022942,1
TCGA-63-5128-01A-01R-1443-07,0.423993840674455,0
TCGA-RC-A7SF-01A-11R-A352-07,0.40750034727341944,0
TCGA-BH-A202-01A-11R-A14M-07,0.6539157406371715,1
TCGA-DD-AAD8-01A-11R-A41C-07,0.6770384733804771,1
TCGA-EU-5904-01A-11R-1672-07,0.36214175522020664,1
TCGA-55-8508-01A-11R-2403-07,0.6147589183298082,1
TCGA-B3-A6W5-01A-12R-A33Z-07,0.20740706616816054,0
TCGA-78-7155-01A-11R-2039-07,0.9747537813221581,1
TCGA-24-2297-01A-01R-1568-13,0.29965989443061153,0
TCGA-A8-A09W-01A-11R-A00Z-07,0.7286335797228337,1
TCGA-B9-4617-01A-01R-1193-07,0.2684313626721287,0
TCGA-A8-A09B-01A-11R-A00Z-07,0.5408086717178046,1
TCGA-JY-A6FA-01A-11R-A336-31,0.49858301741165245,1
TCGA-97-A4M1-01A-11R-A24X-07,0.3252591222401364,0
TCGA-GL-A9DD-01A-11R-A37K-07,0.3194318987380571,1
TCGA-A3-A6NN-01A-12R-A33J-07,0.514759943177799,1
TCGA-18-3416-01A-01R-0980-07,0.5890659780870109,1
TCGA-EJ-5515-01A-01R-1580-07,0.7125004286608015,1
TCGA-D5-6539-01A-11R-1723-07,0.6399025760146672,1
TCGA-BH-A18N-01A-11R-A12D-07,0.4925018325706187,0
TCGA-BP-4167-01A-02R-1325-07,0.7131728302209496,1
TCGA-A2-A0CR-01A-11R-A22K-07,0.8036458719471249,1
TCGA-56-8628-01A-11R-2403-07,0.7671344780323298,1
TCGA-55-8621-01A-11R-2403-07,0.5578879966175047,1
TCGA-CC-A7II-01A-11R-A33J-07,0.978580495044924,1
TCGA-85-6560-01A-11R-1820-07,0.7350345655761581,1
TCGA-AR-A24W-01A-11R-A169-07,0.5611993709810198,1
TCGA-85-6175-01A-11R-1820-07,0.7844988316659356,1
TCGA-86-7954-01A-11R-2187-07,0.6683672320285416,1
TCGA-CC-A9FS-01A-11R-A37K-07,0.5402271560594991,1
TCGA-25-1870-01A-01R-1567-13,0.6868757780363479,1
TCGA-63-7022-01A-11R-1949-07,0.7485003209721257,1
TCGA-R6-A6KZ-01A-11R-A31P-31,0.8497080679956855,1
TCGA-AA-3562-01A-02R-0821-07,0.5414726341596855,1
TCGA-D5-6541-01A-11R-1723-07,0.7405086626413899,1
TCGA-PJ-A5Z8-01A-11R-A28H-07,0.6152994830315688,0
TCGA-BP-5010-01A-02R-1420-07,0.5463682114628783,0
TCGA-66-2790-01A-01R-0980-07,0.5809975437924288,1
TCGA-AL-A5DJ-01A-11R-A26U-07,0.97819140083292,1
TCGA-AR-A0TR-01A-11R-A084-07,0.6029697187924764,0
TCGA-AA-3979-01A-01R-1022-07,0.6109369664943791,1
TCGA-A1-A0SJ-01A-11R-A084-07,0.6915282200594807,1
TCGA-AO-A0JA-01A-11R-A056-07,0.6850237185529918,1
TCGA-86-A4JF-01A-11R-A24X-07,0.5832103058908621,1
TCGA-Z6-A8JD-01A-11R-A36D-31,0.4386951393196577,1
TCGA-92-7341-01A-31R-2045-07,0.458239018501864,1
TCGA-E2-A15O-01A-11R-A115-07,0.5944651332169685,0
TCGA-V1-A9O9-01A-11R-A41O-07,0.4889204913465344,1
TCGA-67-6215-01A-11R-1755-07,0.34081198266387724,0
TCGA-AY-6386-01A-21R-1723-07,0.5268849039879951,1
TCGA-LN-A4A3-01A-11R-A260-31,0.41310503719994773,1
TCGA-44-6778-01A-11R-1858-07,0.5111214307784157,0
TCGA-RU-A8FL-01A-11R-A37K-07,0.7338175495860463,1
TCGA-G3-AAV1-01A-11R-A38B-07,0.44171412216668043,0
TCGA-CH-5745-01A-11R-1580-07,0.37860594366406486,0
TCGA-85-8580-01A-31R-2403-07,0.554478456482942,1
TCGA-AK-3454-01A-02R-1277-07,0.8420955534281627,1
TCGA-M7-A722-01A-12R-A36G-07,0.9571999505170458,1
TCGA-3A-A9IN-01A-11R-A39D-07,0.9712399809884268,1
TCGA-49-4501-01A-01R-1206-07,0.6155560770285614,1
TCGA-44-7667-01A-31R-2066-07,0.9033214419264637,1
TCGA-86-7714-01A-12R-2170-07,0.5119234979683969,1
TCGA-34-5929-01A-11R-1820-07,0.5315784963819946,0
TCGA-BC-A10R-01A-11R-A131-07,0.7594177464178238,1
TCGA-39-5027-01A-21R-1820-07,0.6376641096144227,1
TCGA-AA-A00E-01A-01R-A002-07,0.6492105078579622,1
TCGA-22-5473-01A-01R-1635-07,0.3463674118752003,0
TCGA-LL-A7T0-01A-31R-A352-07,0.6807009239832135,1
TCGA-13-1410-01A-01R-1565-13,0.5479074849943472,1
TCGA-G9-6377-01A-11R-1965-07,0.6300314199807935,1
TCGA-EJ-7784-01A-11R-2118-07,0.8175209011754573,1
TCGA-51-4081-01A-01R-1100-07,0.24795567936408075,0
TCGA-5P-A9JW-01A-11R-A42S-07,0.26383024631661905,0
TCGA-DV-5567-01A-01R-1541-07,0.7541350105689636,1
TCGA-BH-A1FU-01A-11R-A14D-07,0.5023999756336706,0
TCGA-AR-A1AR-01A-31R-A137-07,0.7730666001754648,1
TCGA-43-7658-01A-11R-2125-07,0.9358840843804435,1
TCGA-BF-A1PU-01A-11R-A18S-07,0.2351482471975674,0
TCGA-CM-6171-01A-11R-1653-07,0.864451824075661,1
TCGA-EW-A1J2-01A-21R-A13Q-07,0.4060358819654263,1
TCGA-UB-A7MF-01A-11R-A33J-07,0.4437383614291612,0
TCGA-DD-AAD0-01A-11R-A41C-07,0.41456932269344327,0
TCGA-85-6561-01A-11R-1820-07,0.5318867454349083,1
TCGA-G9-6367-01A-11R-1789-07,0.5929260472406401,1
TCGA-DM-A1D9-01A-11R-A155-07,0.5684369639178811,1
TCGA-EJ-7783-01A-11R-2118-07,0.7198764767566131,1
TCGA-33-AASD-01A-11R-A405-07,0.6078569828000716,1
TCGA-97-8177-01A-11R-2287-07,0.674913844816229,1
TCGA-NH-A6GA-01A-11R-A37K-07,0.6842261033262466,0
TCGA-BH-A1FC-01A-11R-A13Q-07,0.7499802202413228,1
TCGA-BP-4165-01A-02R-1289-07,0.5113593161279585,1
TCGA-AA-A02R-01A-01R-A00A-07,0.7886935035716531,1
TCGA-AD-6899-01A-11R-1928-07,0.6822953947525225,1
TCGA-LN-A4MQ-01A-11R-A28J-31,0.3642211210154571,1
TCGA-KK-A59Z-01A-12R-A26U-07,0.7009689391332824,1
TCGA-MI-A75H-01A-11R-A32O-07,0.2865972434406821,0
TCGA-38-4630-01A-01R-1206-07,0.9369200826651123,1
TCGA-EP-A3RK-01A-11R-A22L-07,0.5184568293917705,1
TCGA-5C-A9VG-01A-11R-A37K-07,0.8679360794816663,1
TCGA-BH-A0E7-01A-11R-A034-07,0.573731953349993,1
TCGA-AA-3956-01A-02R-1022-07,0.24193193391607914,0
TCGA-HC-8216-01A-11R-A29R-07,0.47892692681498045,1
TCGA-EJ-5519-01A-01R-1580-07,0.764844366484085,1
TCGA-AA-3949-01A-01R-1022-07,0.5950230375832937,0
TCGA-B0-5121-01A-02R-1420-07,0.5470902307023323,1
TCGA-10-0926-01A-01R-1564-13,0.7061034474415848,1
TCGA-AK-3451-01A-02R-1188-07,0.9503959169314079,1
TCGA-A8-A085-01A-11R-A00Z-07,0.6352835340519163,0
TCGA-BH-A18M-01A-11R-A12D-07,0.5064938455738166,1
TCGA-G4-6315-01A-11R-1723-07,0.364260810958042,1
TCGA-MP-A4TE-01A-22R-A466-07,0.7061506852499421,1
TCGA-EB-A4IS-01A-21R-A266-07,0.6890574240989717,1
TCGA-AN-A0AS-01A-11R-A00Z-07,0.6791268201942504,1
TCGA-CW-5583-01A-02R-1541-07,0.5344637800236673,1
TCGA-BH-A18T-01A-11R-A12D-07,0.6790415780448362,0
TCGA-E9-A22E-01A-11R-A157-07,0.7094258380919101,1
TCGA-A2-A1FW-01A-11R-A13Q-07,0.7853393826296966,1
TCGA-H6-A45N-01A-11R-A26U-07,0.150188268037283,1
TCGA-A2-A0SW-01A-11R-A084-07,0.47292202913452785,0
TCGA-B0-5712-01A-11R-1672-07,0.697942493191598,1
TCGA-85-8277-01A-11R-2296-07,0.6721488711120042,1
TCGA-E2-A1II-01A-11R-A144-07,0.8324492333584356,1
TCGA-24-2267-01A-01R-1568-13,0.6412196409931529,1
TCGA-77-8131-01A-11R-2247-07,0.668815335760538,1
TCGA-3A-A9IZ-01A-12R-A41B-07,0.6034250039283361,0
TCGA-55-7816-01A-11R-2170-07,0.7985723277212529,1
TCGA-AA-3509-01A-01R-1410-07,0.613757479169567,1
TCGA-25-1322-01A-01R-1565-13,0.608925824432264,1
TCGA-35-5375-01A-01R-1628-07,0.9501905606004212,1
TCGA-CJ-4918-01A-01R-1426-07,0.537401960538357,1
TCGA-ED-A66X-01A-11R-A311-07,0.8403627686671618,1
TCGA-FV-A3I0-01A-11R-A22L-07,0.9610387774045078,0
TCGA-AO-A0JG-01A-31R-A084-07,0.5888204865911935,1
TCGA-XJ-A9DK-01A-11R-A37L-07,0.5050930773937565,1
TCGA-BH-A0BT-01A-11R-A12P-07,0.7520872306604385,1
TCGA-29-1783-01A-01R-1567-13,0.364142539356418,0
TCGA-QG-A5Z1-01A-11R-A28H-07,0.7597387620417979,1
TCGA-F4-6805-01A-11R-1839-07,0.7286537317230527,1
TCGA-18-4086-01A-01R-1100-07,0.5010290538560108,1
TCGA-99-8028-01A-11R-2241-07,0.5392344118847491,1
TCGA-B0-5109-01A-02R-1420-07,0.9754927850710424,1
TCGA-E2-A1B6-01A-31R-A12P-07,0.7989680943587774,1
TCGA-S4-A8RM-01A-11R-A37L-07,0.8792850916828002,1
TCGA-49-4486-01A-01R-1206-07,0.839217577648466,1
TCGA-E9-A248-01A-11R-A169-07,0.7138090149470969,1
TCGA-IB-AAUR-01A-21R-A38C-07,0.672191628493177,1
TCGA-BC-A69I-01A-11R-A311-07,0.3710582255631718,1
TCGA-AC-A23G-01A-11R-A213-07,0.4624634523342302,0
TCGA-DD-AADG-01A-11R-A41C-07,0.26191031205486026,0
TCGA-A8-A08S-01A-11R-A034-07,0.6354959852222761,1
TCGA-D8-A27G-01A-11R-A16F-07,0.557072294672587,1
TCGA-A2-A0YT-01A-11R-A109-07,0.6977397826469942,1
TCGA-2H-A9GH-01A-11R-A37I-31,0.6914548623230605,1
TCGA-GM-A4E0-01A-12R-A266-07,0.8033748282169665,1
TCGA-86-8358-01A-11R-2326-07,0.9131750530031759,1
TCGA-39-5034-01A-01R-1443-07,0.8767917029863673,1
TCGA-E9-A1N3-01A-12R-A157-07,0.669787732802025,1
TCGA-91-8496-01A-11R-2403-07,0.7729408691443233,1
TCGA-KC-A7FE-01A-12R-A33R-07,0.45479979151345395,1
TCGA-04-1655-01A-01R-1566-13,0.6537892435943086,1
TCGA-A4-7584-01A-11R-2139-07,0.40141733700804205,1
TCGA-HZ-7918-01A-11R-2156-07,0.8222805046832546,1
TCGA-AK-3440-01A-02R-1277-07,0.979508870557367,0
TCGA-CZ-4857-01A-01R-1305-07,0.6218083864046688,1
TCGA-B9-4116-01A-02R-1351-07,0.9279694199120335,1
TCGA-DZ-6133-01A-11R-1965-07,0.3075865493912304,0
TCGA-J9-A52E-01A-11R-A26U-07,0.9659284022210537,1
TCGA-ER-A2NB-01A-12R-A18S-07,0.7060397203818306,1
TCGA-A3-3346-01A-01R-1766-07,0.9791221711424918,1
TCGA-3A-A9IO-01A-11R-A38C-07,0.9953470750592979,1
TCGA-BP-4325-01A-02R-1289-07,0.45141756021557355,1
TCGA-IB-7889-01A-11R-2156-07,0.3347261876609636,0
TCGA-A8-A07F-01A-11R-A00Z-07,0.5895359892087582,1
TCGA-78-7162-01A-21R-2066-07,0.503468657899209,1
TCGA-IB-7644-01A-11R-2156-07,0.5414389763080124,0
TCGA-36-1569-01A-01R-1566-13,0.5307314296259861,0
TCGA-52-7622-01A-11R-2125-07,0.5972694518740862,1
TCGA-69-8453-01A-12R-2326-07,0.5879778068277157,1
TCGA-OL-A66N-01A-12R-A31O-07,0.8324033690323785,1
TCGA-CC-A9FV-01A-11R-A37K-07,0.9853316856938072,1
TCGA-XD-AAUI-01A-42R-A41B-07,0.35139636056367085,1
TCGA-GM-A2DN-01A-11R-A180-07,0.45777300564044265,0
TCGA-G3-A3CK-01A-11R-A213-07,0.3013313480744902,0
TCGA-BP-4771-01A-01R-1289-07,0.49586041214878196,0
TCGA-DD-AACO-01A-11R-A41C-07,0.8128082327712063,1
TCGA-75-7031-01A-11R-1949-07,0.6225932038768405,1
TCGA-24-1552-01A-01R-1566-13,0.674397212495252,1
TCGA-85-8287-01A-11R-2296-07,0.45219698595173674,0
TCGA-AY-6197-01A-11R-1723-07,0.6045300284453792,1
TCGA-96-A4JK-01A-11R-A24Z-07,0.6831203470145158,1
TCGA-C8-A12Z-01A-11R-A115-07,0.584572431577888,1
TCGA-E9-A3Q9-01A-11R-A21T-07,0.7257732402864924,1
TCGA-AC-A8OR-01A-21R-A41B-07,0.6989696892759477,1
TCGA-44-5644-01A-21R-2039-07,0.8818364986852221,1
TCGA-A2-A0T3-01A-21R-A115-07,0.6974218426143075,1
TCGA-A4-8098-01A-11R-2404-07,0.8300732555423891,1
TCGA-EB-A82C-01A-11R-A352-07,0.2076164928062198,0
TCGA-DM-A1D0-01A-11R-A155-07,0.6621733476666193,1
TCGA-BF-AAP1-01A-11R-A39D-07,0.7458091885705901,1
TCGA-S3-AA12-01A-11R-A41B-07,0.5806247790596051,0
TCGA-24-2024-01A-02R-1568-13,0.6644913018378128,1
TCGA-24-2026-01A-01R-1567-13,0.8070018297098824,1
TCGA-G7-6796-01A-11R-1965-07,0.571254261663612,1
TCGA-AL-3473-01A-01R-1193-07,0.9371337046897351,1
TCGA-Y8-A894-01A-11R-A36F-07,0.8322545181901646,1
TCGA-22-5483-01A-01R-1820-07,0.6623328223097901,1
TCGA-CJ-4644-01A-02R-1325-07,0.5138132833370537,1
TCGA-22-5489-01A-01R-1635-07,0.6113774251317298,1
TCGA-D8-A1JP-01A-11R-A13Q-07,0.5025499895529351,0
TCGA-B9-A5W9-01A-11R-A28H-07,0.7046775536435492,1
TCGA-13-0886-01A-01R-1569-13,0.6312348509548673,1
TCGA-EB-A4P0-01A-41R-A266-07,0.4184134835650082,1
TCGA-G4-6307-01A-11R-1723-07,0.6139782251266601,0
TCGA-DD-AAEH-01A-11R-A41C-07,0.3716229458844943,1
TCGA-FV-A2QQ-01A-11R-A22L-07,0.21537860842470155,0
TCGA-MP-A4SW-01A-21R-A24X-07,0.5222631993693515,1
TCGA-P4-A5ED-01A-11R-A28H-07,0.9769617004986582,1
TCGA-CA-6719-01A-11R-1839-07,0.6707125045061451,1
TCGA-AY-4071-01A-01R-1113-07,0.6333764921775223,1
TCGA-B8-4622-01A-02R-1277-07,0.4469270872292842,1
TCGA-AO-A1KP-01A-11R-A13Q-07,0.8095611749451932,1
TCGA-A8-A081-01A-11R-A00Z-07,0.4946868554196365,0
TCGA-24-2262-01A-01R-1568-13,0.8301152345526183,1
TCGA-3A-A9I7-01A-21R-A38C-07,0.32745198311771506,1
TCGA-A2-A0CW-01A-21R-A115-07,0.6686473442741278,1
TCGA-UZ-A9Q0-01A-12R-A42S-07,0.7482307388507731,1
TCGA-56-8082-01A-11R-2247-07,0.35328281463885824,0
TCGA-39-5019-01A-01R-1820-07,0.4970663429183705,1
TCGA-G3-A5SI-01A-31R-A27V-07,0.6285924465998333,1
TCGA-A2-A0EX-01A-21R-A034-07,0.5274926080811662,1
TCGA-AR-A2LJ-01A-12R-A19W-07,0.7148235296862644,1
TCGA-R6-A6DN-01B-11R-A31P-31,0.7112947081504677,1
TCGA-B0-4842-01A-02R-1420-07,0.9295971365155582,1
TCGA-90-A4EE-01A-11R-A24Z-07,0.5463316395280523,0
TCGA-DW-7834-01A-11R-2139-07,0.6779083309473445,1
TCGA-A3-3317-01A-02R-1325-07,0.6117431087224536,1
TCGA-LN-A7HY-01A-12R-A354-31,0.8169439801250813,0
TCGA-B0-5080-01A-01R-1503-07,0.7470763982998204,1
TCGA-DD-AAW3-01A-11R-A41C-07,0.5538907985293333,1
TCGA-CM-5862-01A-01R-1653-07,0.7938961436788394,1
TCGA-G9-6494-01A-11R-1789-07,0.3745149745693476,0
TCGA-2J-AABT-01A-11R-A41B-07,0.5624315756335264,1
TCGA-AA-3693-01A-01R-0905-07,0.44302940809042374,0
TCGA-2V-A95S-01A-11R-A37K-07,0.8363231507865045,1
TCGA-44-7669-01A-21R-2066-07,0.6083546124433581,0
TCGA-BP-5008-01A-01R-1334-07,0.34811781432116945,1
TCGA-D5-6920-01A-11R-1928-07,0.5666929880317926,1
TCGA-K7-A5RG-01A-11R-A28V-07,0.8688286619489771,1
TCGA-BP-4795-01A-02R-1420-07,0.6116342774022696,1
TCGA-18-3419-01A-01R-0980-07,0.563476388208555,0
TCGA-G9-6332-01A-11R-1789-07,0.5296347105340072,1
TCGA-56-8309-01A-11R-2296-07,0.7506396431056784,1
TCGA-AC-A23E-01A-11R-A157-07,0.4762822951598386,1
TCGA-BQ-7046-01A-11R-1965-07,0.38498386594178435,1
TCGA-AN-A0AT-01A-11R-A034-07,0.7777825115542533,1
TCGA-BH-A0E9-01B-11R-A115-07,0.3268208184631287,0
TCGA-AA-3663-01A-01R-1723-07,0.684348109314048,1
TCGA-A2-A0YI-01A-31R-A10J-07,0.5604764527105406,1
TCGA-34-8456-01A-21R-2326-07,0.709359004463624,1
TCGA-AR-A1AJ-01A-21R-A12P-07,0.6761464421213194,1
TCGA-44-6145-01A-11R-1755-07,0.5778555584968398,1
TCGA-BP-4344-01A-01R-1289-07,0.3770952968067585,1
TCGA-5C-A9VH-01A-11R-A37K-07,0.574585640448972,1
TCGA-62-8399-01A-21R-2326-07,0.6379109920467835,0
TCGA-A8-A08T-01A-21R-A00Z-07,0.5548309327007104,1
TCGA-56-7222-01A-11R-2045-07,0.3323733136087338,0
TCGA-PZ-A5RE-01A-11R-A32O-07,0.5120417399304529,1
TCGA-EJ-5509-01A-01R-1580-07,0.3722354194318732,0
TCGA-58-8392-01A-11R-2326-07,0.5875353088209385,1
TCGA-18-5595-01A-01R-1635-07,0.6422157331924516,1
TCGA-29-1695-01A-01R-1567-13,0.738252227802784,1
TCGA-B0-4833-01A-01R-1305-07,0.5972301996103003,1
TCGA-D8-A27E-01A-11R-A16F-07,0.5400301482253513,0
TCGA-BH-A209-01A-11R-A157-07,0.704307261638784,1
TCGA-BH-A0W4-01A-11R-A109-07,0.41938366451945097,0
TCGA-DV-5565-01A-01R-1541-07,0.6939672422971748,0
TCGA-94-A5I6-01A-21R-A27Q-07,0.47241251138058976,0
TCGA-61-1725-01A-01R-1567-13,0.7506384266122527,1
TCGA-B0-5098-01A-01R-1420-07,0.9939237059055558,1
TCGA-13-0905-01B-01R-1565-13,0.7883575009038897,1
TCGA-AA-3667-01A-01R-0905-07,0.8498852781881624,1
TCGA-D8-A1XC-01A-11R-A14D-07,0.4933862210217855,0
TCGA-J4-A6M7-01A-11R-A31N-07,0.5023552535576358,1
TCGA-24-1544-01A-01R-1566-13,0.44865659163924804,0
TCGA-YL-A9WJ-01A-11R-A37L-07,0.5298190490328286,1
TCGA-29-1785-01A-01R-1567-13,0.5522498395559274,0
TCGA-98-8020-01A-11R-2247-07,0.4699780052242275,0
TCGA-XJ-A9DQ-01A-11R-A37L-07,0.2959933478264329,0
TCGA-C8-A8HP-01A-11R-A36F-07,0.8044512581645749,1
TCGA-B0-5096-01A-01R-1420-07,0.9069258449955189,1
TCGA-E9-A3QA-01A-61R-A22K-07,0.818843798408638,1
TCGA-BH-A0WA-01A-11R-A109-07,0.7255800789419403,1
TCGA-66-2791-01A-01R-0980-07,0.5429121350362763,1
TCGA-BH-A0HN-01A-11R-A10U-07,0.7498648175308174,1
TCGA-F4-6463-01A-11R-1723-07,0.47861688720165707,0
TCGA-A2-A1FZ-01A-51R-A14D-07,0.5600710636736744,1
TCGA-VP-AA1N-01A-31R-A41O-07,0.7819124124880638,1
TCGA-A3-3359-01A-01R-0864-07,0.3482320136895608,1
TCGA-AN-A049-01A-21R-A00Z-07,0.6956358679448533,1
TCGA-CZ-5462-01A-01R-1503-07,0.7431577561495186,1
TCGA-CM-6165-01A-11R-1653-07,0.580520334090447,1
TCGA-DD-A3A3-01A-11R-A22L-07,0.5076127378102556,1
TCGA-AO-A125-01A-11R-A10J-07,0.7996445453954495,1
TCGA-69-7760-01A-11R-2170-07,0.7161441376878122,1
TCGA-KC-A7FD-01A-11R-A33R-07,0.5615737938982798,0
TCGA-UZ-A9PK-01A-11R-A38C-07,0.3223925996813291,1
TCGA-62-8398-01A-11R-2326-07,0.7335914540330407,1
TCGA-B0-4698-01A-01R-1503-07,0.9978218277796833,1
TCGA-L5-A88V-01A-11R-A354-31,0.8412426840165456,1
TCGA-3A-A9IX-01A-11R-A41B-07,0.3215946093475172,1
TCGA-55-A4DG-01A-11R-A24H-07,0.5685822257018859,1
TCGA-EW-A424-01A-11R-A24H-07,0.7201021127067188,1
TCGA-60-2706-01A-01R-0851-07,0.8088717896888493,1
TCGA-IA-A40U-01A-11R-A24Z-07,0.3364848900786922,1
TCGA-GM-A3XG-01A-31R-A24H-07,0.5552640213493758,0
TCGA-ZR-A9CJ-01B-11R-A38D-31,0.8351297089696669,1
TCGA-BH-A18G-01A-11R-A12D-07,0.8183243942665919,1
TCGA-G9-6384-01A-11R-1789-07,0.377666339562367,0
TCGA-67-6216-01A-11R-1755-07,0.6126076908926964,1
TCGA-13-1488-01A-01R-1565-13,0.7008557544704702,1
TCGA-G9-6343-01A-21R-1965-07,0.6698821656495152,1
TCGA-90-A59Q-01A-11R-A26W-07,0.8121202701406957,1
TCGA-CW-5580-01A-01R-1672-07,0.530139488012976,1
TCGA-25-1625-01A-01R-1566-13,0.839398293942215,1
TCGA-EJ-A8FS-01A-11R-A352-07,0.5363424616219695,1
TCGA-CM-6164-01A-11R-1653-07,0.3177087249091528,0
TCGA-29-1763-01A-02R-1567-13,0.3828321843364912,0
TCGA-97-7941-01A-11R-2187-07,0.6225904082305588,1
TCGA-B0-4696-01A-01R-1277-07,0.998810763419851,1
TCGA-AA-3675-01A-02R-0905-07,0.596477209102816,1
TCGA-HC-A6AS-01A-11R-A30B-07,0.8097341911946165,1
TCGA-LN-A7HW-01A-22R-A354-31,0.5002845590813392,1
TCGA-50-6595-01A-12R-1858-07,0.46842412608969447,0
TCGA-05-4433-01A-22R-1858-07,0.6408861329632467,1
TCGA-B0-5113-01A-01R-1420-07,0.44806442961495846,1
TCGA-OL-A66I-01A-21R-A29R-07,0.7934936839887579,1
TCGA-GM-A2DL-01A-11R-A18M-07,0.7473198874553861,1
TCGA-10-0934-01A-02R-1564-13,0.9462219453935202,1
TCGA-B1-5398-01A-02R-1592-07,0.78544534709655,1
TCGA-09-1667-01C-01R-1566-13,0.5690555205623357,1
TCGA-69-7979-01A-11R-2187-07,0.7494513094151815,1
TCGA-22-1017-01A-01R-0692-07,0.8627841141483099,1
TCGA-BP-4759-01A-01R-1289-07,0.7158449082343795,1
TCGA-ED-A459-01A-11R-A266-07,0.7881038127820417,1
TCGA-EB-A51B-01A-11R-A27Q-07,0.6730433590050307,1
TCGA-CW-6090-01A-11R-1672-07,0.6429670885383438,1
TCGA-AA-3968-01A-01R-1022-07,0.4621868390687391,1
TCGA-85-8276-01A-11R-2296-07,0.4654154236461379,1
TCGA-D5-6924-01A-11R-1928-07,0.6648847037528116,1
TCGA-95-7947-01A-11R-2187-07,0.6830637954208876,1
TCGA-50-5932-01A-11R-1755-07,0.7950058181893322,1
TCGA-G9-6342-01A-11R-1965-07,0.562165243116356,1
TCGA-BH-A0H9-01A-11R-A056-07,0.6663795251526405,1
TCGA-AR-A24X-01A-11R-A169-07,0.4436056587604348,1
TCGA-A4-A5Y1-01A-11R-A28H-07,0.8850672781417384,1
TCGA-AR-A1AV-01A-21R-A12P-07,0.41471595316986215,1
TCGA-33-4582-01A-01R-1443-07,0.7614740042791358,1
TCGA-A7-A0DC-01B-04R-A22O-07,0.8867402388989291,1
TCGA-E9-A245-01A-22R-A16F-07,0.6950400716508045,1
TCGA-LN-A49Y-01A-11R-A260-31,0.8246047124944077,1
TCGA-BP-4960-01A-01R-1334-07,0.6864619205512005,1
TCGA-CJ-4641-01A-02R-1325-07,0.5343999684463796,1
TCGA-55-7281-01A-11R-2039-07,0.6394556789467752,1
TCGA-AA-3870-01A-01R-1022-07,0.8082377768275713,1
TCGA-MI-A75E-01A-11R-A32O-07,0.24456923340339926,1
TCGA-DD-A1EF-01A-11R-A131-07,0.9040844834787217,1
TCGA-VR-A8EX-01A-11R-A36D-31,0.49207958201035473,1
TCGA-56-8504-01A-11R-2403-07,0.5546625189464179,1
TCGA-MG-AAMC-01A-11R-A41O-07,0.4950672773226442,0
TCGA-56-A49D-01A-11R-A24H-07,0.6310144262307642,1
TCGA-39-5022-01A-21R-1820-07,0.3480653877282847,0
TCGA-55-7573-01A-11R-2039-07,0.33475425181423973,0
TCGA-13-0730-01A-01R-1564-13,0.6214089567163337,1
TCGA-D5-6538-01A-11R-1723-07,0.7414561889000447,1
TCGA-2Y-A9GU-01A-11R-A38B-07,0.5244086790940604,0
TCGA-YL-A8HJ-01A-11R-A36G-07,0.6379689392154462,1
TCGA-05-4396-01A-21R-1858-07,0.7261098832075763,1
TCGA-E2-A1LL-01A-11R-A144-07,0.9136021039634894,1
TCGA-24-2281-01A-01R-1568-13,0.5065342758721824,1
TCGA-33-A4WN-01A-11R-A262-07,0.6614243492383757,1
TCGA-CZ-5985-01A-11R-1672-07,0.5446607875315413,1
TCGA-GN-A263-01A-11R-A18T-07,0.9661302507287893,1
TCGA-E9-A1RE-01A-11R-A157-07,0.6614148063906686,1
TCGA-E2-A15M-01A-11R-A12D-07,0.44002228223931983,0
TCGA-HC-8262-01A-11R-2263-07,0.3864023398361922,1
TCGA-DM-A0X9-01A-11R-A155-07,0.4842833101051326,1
TCGA-A7-A4SC-01A-12R-A266-07,0.4439029369466572,0
TCGA-AN-A04A-01A-21R-A034-07,0.5489680249579229,0
TCGA-QA-A7B7-01A-11R-A32O-07,0.8702391568261056,1
TCGA-29-2427-01A-01R-1569-13,0.5738064582007955,0
TCGA-25-1633-01A-01R-1566-13,0.8557457202659384,1
TCGA-85-A510-01A-11R-A26W-07,0.8379107104481363,1
TCGA-75-5147-01A-01R-1628-07,0.4427648380555708,0
TCGA-D3-A5GT-01A-12R-A311-07,0.7379974342382551,1
TCGA-49-AARR-01A-11R-A41B-07,0.6085852117984909,1
TCGA-CH-5740-01A-11R-1580-07,0.5856880073052128,1
TCGA-BH-A0W3-01A-11R-A109-07,0.537405855647002,1
TCGA-13-1487-01A-01R-1565-13,0.5797092104899958,1
TCGA-CZ-5464-01A-01R-1503-07,0.38716003711222924,0
TCGA-HC-A8D1-01A-11R-A36G-07,0.29787747955410127,1
TCGA-13-0884-01B-01R-1565-13,0.4004241556042784,0
TCGA-D8-A1JD-01A-11R-A13Q-07,0.6259985422671517,1
TCGA-61-2009-01A-01R-1568-13,0.544927964110381,0
TCGA-J4-A67N-01A-11R-A30B-07,0.8234121263515262,1
TCGA-66-2788-01A-01R-0980-07,0.600705499085893,1
TCGA-EJ-5501-01A-01R-1580-07,0.618476433597439,1
TCGA-BC-4072-01B-11R-A155-07,0.917746070660871,1
TCGA-LN-A5U7-01A-11R-A31P-31,0.45349408580525685,1
TCGA-IG-A4QT-01A-21R-A260-31,0.9507920732055201,1
TCGA-YL-A9WX-01A-21R-A41O-07,0.5255566457698916,1
TCGA-3A-A9IL-01A-11R-A38C-07,0.9918963671941471,1
TCGA-AD-6965-01A-11R-1928-07,0.5150132308181534,1
TCGA-60-2704-01A-11R-2045-07,0.6249779775557236,1
TCGA-AA-3514-01A-02R-0821-07,0.9398310458563792,1
TCGA-IB-A5ST-01A-11R-A32O-07,0.7196281814749459,1
TCGA-BH-A0DQ-01A-11R-A084-07,0.5188602789206777,1
TCGA-D8-A1XY-01A-11R-A14M-07,0.5567463485760876,1
TCGA-ZG-A9LB-01A-11R-A41O-07,0.9003284048493635,1
TCGA-L5-A4OR-01A-11R-A260-31,0.7018270876617795,1
TCGA-LD-A74U-01A-13R-A33J-07,0.6468696590405533,1
TCGA-B8-4148-01A-02R-1325-07,0.5056861427233815,1
TCGA-77-8009-01A-11R-2187-07,0.6802291185936662,1
TCGA-55-7574-01A-11R-2039-07,0.49657616674517974,1
TCGA-XA-A8JR-01A-11R-A36G-07,0.3238159922321417,0
TCGA-B0-5095-01A-01R-1420-07,0.5936490568063286,1
TCGA-NC-A5HE-01A-11R-A26W-07,0.7435768117469446,1
TCGA-RC-A6M4-01A-11R-A32O-07,0.4221337093461041,1
TCGA-EJ-A8FN-01A-11R-A352-07,0.47839991254195224,1
TCGA-2Z-A9JK-01A-11R-A42S-07,0.7909700808105394,1
TCGA-69-8254-01A-11R-2287-07,0.36457977591159113,0
TCGA-67-6217-01A-11R-1755-07,0.4618607987607655,1
TCGA-55-7994-01A-11R-2187-07,0.6488021401861874,1
TCGA-55-8090-01A-11R-2241-07,0.500392168167871,0
TCGA-LN-A5U5-01A-21R-A28J-31,0.6721755783924355,1
TCGA-66-2768-01A-01R-0851-07,0.7142714342453141,1
TCGA-WQ-AB4B-01A-11R-A41C-07,0.45621864224331904,1
TCGA-77-6844-01A-11R-1949-07,0.6606467157473064,1
TCGA-A8-A07Z-01A-11R-A00Z-07,0.7175186881230196,1
TCGA-AA-3977-01A-01R-1022-07,0.466416555550034,0
TCGA-AC-A3W7-01A-11R-A22K-07,0.6408303169449782,1
TCGA-CC-5263-01A-01R-A131-07,0.975010568213399,1
TCGA-18-3411-01A-01R-0980-07,0.7769723757227303,1
TCGA-DM-A0XD-01A-12R-A155-07,0.33368960559591304,0
TCGA-OL-A5RU-01A-11R-A28M-07,0.5852470448301573,1
TCGA-33-AASB-01A-11R-A405-07,0.8717578172782151,1
TCGA-B6-A0RG-01A-11R-A056-07,0.5855473912227563,1
TCGA-DD-AAC8-01A-11R-A41C-07,0.5806945592665449,1
TCGA-VP-A87D-01A-11R-A352-07,0.6158680238221751,1
TCGA-BH-A0HX-01A-21R-A056-07,0.6138976450154167,1
TCGA-BP-4353-01A-02R-1289-07,0.3872890795345038,0
TCGA-66-2793-01A-01R-1201-07,0.7991461178015556,1
TCGA-E2-A15A-01A-11R-A12D-07,0.6072100132379347,1
TCGA-61-2094-01A-01R-1568-13,0.5932278752727512,0
TCGA-AA-3502-01A-01R-1410-07,0.7475530568879005,1
TCGA-E9-A22G-01A-11R-A157-07,0.8346483954041698,1
TCGA-A3-3325-01A-01R-0864-07,0.2501698605541239,0
TCGA-BP-4176-01A-02R-1289-07,0.5807472960294852,1
TCGA-09-1669-01A-01R-1566-13,0.5682720618748176,1
TCGA-04-1365-01A-01R-1565-13,0.5052047181103825,1
TCGA-2Z-A9JS-01A-21R-A42S-07,0.3973835200446766,1
TCGA-AR-A0U4-01A-11R-A109-07,0.7854641814838565,1
TCGA-B0-5713-01A-11R-1672-07,0.279852177407462,0
TCGA-L3-A4E7-01A-11R-A24Z-07,0.7668689744460598,1
TCGA-G7-6795-01A-11R-1965-07,0.6902211896673061,0
TCGA-AY-5543-01A-01R-1653-07,0.3863246682991841,0
TCGA-G4-6294-01A-11R-1774-07,0.5976632810903367,1
TCGA-CM-5344-01A-21R-1723-07,0.4996308265822013,0
TCGA-TK-A8OK-01A-22R-A36G-07,0.7540302231300724,0
TCGA-VR-AA4G-01A-11R-A37I-31,0.3363531588722111,1
TCGA-JY-A93C-01A-11R-A38D-31,0.7918608897864783,1
TCGA-G9-6356-01A-11R-1789-07,0.2781572244272005,0
TCGA-A2-A0ER-01A-21R-A034-07,0.646745500815621,1
TCGA-62-A46O-01A-11R-A24H-07,0.8580960888173014,1
TCGA-BQ-5885-01A-11R-1592-07,0.8659346758122056,1
TCGA-E2-A1IN-01A-11R-A13Q-07,0.4930660849022899,1
TCGA-NJ-A55R-01A-11R-A262-07,0.6327702239387207,0
TCGA-A3-3383-01A-02R-1325-07,0.8591449172620373,1
TCGA-B4-5844-01A-11R-1672-07,0.4752562956330584,1
TCGA-CJ-5676-01A-11R-1541-07,0.6489958733348697,1
TCGA-MH-A561-01A-11R-A26U-07,0.5395150533733776,1
TCGA-96-A4JL-01A-11R-A24Z-07,0.6043051541823816,0
TCGA-KK-A6DY-01A-12R-A311-07,0.48070861789600877,1
TCGA-2Z-A9JP-01A-11R-A42S-07,0.3387367359034558,1
TCGA-VR-A8ER-01A-11R-A36D-31,0.5697968280425196,1
TCGA-24-2288-01A-01R-1568-13,0.7827686763863366,1
TCGA-A8-A0AD-01A-11R-A056-07,0.6581745094989505,1
TCGA-B6-A0IQ-01A-11R-A034-07,0.70810162159915,1
TCGA-DM-A28A-01A-21R-A32Y-07,0.6069023499652182,1
TCGA-09-0369-01A-01R-1564-13,0.8009626998216722,1
TCGA-G7-A8LD-01A-11R-A36F-07,0.9883490555407366,1
TCGA-A4-7732-01A-11R-2139-07,0.5429696158558643,1
TCGA-QU-A6IP-01A-11R-A31N-07,0.43258832661610463,1
TCGA-DD-A1EG-01A-11R-A213-07,0.27712021631506256,0
TCGA-BP-5004-01A-01R-1334-07,0.4113512636887834,0
TCGA-BP-5006-01A-01R-1334-07,0.4807946820400667,1
TCGA-A6-6781-01A-22R-A278-07,0.980048443870254,1
TCGA-CA-5255-01A-11R-1839-07,0.4282224346644919,0
TCGA-66-2782-01A-01R-0851-07,0.7643382487782033,1
TCGA-MP-A4SY-01A-21R-A24X-07,0.6056132491295892,1
TCGA-44-3398-01A-01R-1107-07,0.8232133556038553,1
TCGA-97-8171-01A-11R-2287-07,0.892561253782041,1
TCGA-BH-A0BG-01A-11R-A115-07,0.6052010999882677,0
TCGA-B0-4834-01A-01R-1305-07,0.9078201149376114,0
TCGA-A2-A25B-01A-11R-A169-07,0.6105268673830804,1
TCGA-70-6723-01A-11R-1820-07,0.6978893943900973,1
TCGA-KK-A8IJ-01A-11R-A352-07,0.5271699612934836,1
TCGA-CZ-5986-01A-11R-1672-07,0.628293726645523,1
TCGA-BH-A1EN-01A-11R-A13Q-07,0.8320177206851497,1
TCGA-CH-5768-01A-11R-1580-07,0.6008895250796933,1
TCGA-B0-4846-01A-01R-1277-07,0.4358773121129513,1
TCGA-E2-A2P6-01A-11R-A19W-07,0.695963722766884,1
TCGA-AK-3434-01A-02R-1277-07,0.5149292327001311,1
TCGA-WW-A8ZI-01A-11R-A37L-07,0.8343690523063582,1
TCGA-56-7730-01A-11R-2125-07,0.7085263877417312,1
TCGA-3A-A9I9-01A-11R-A38C-07,0.27510033866892675,0
TCGA-EP-A2KC-01A-11R-A213-07,0.5020633196994263,1
TCGA-AO-A1KO-01A-31R-A13Q-07,0.7143508914327417,1
TCGA-BH-A18K-01A-11R-A12D-07,0.5221298379172081,1
TCGA-D8-A147-01A-11R-A115-07,0.7111600013467498,1
TCGA-24-0979-01A-01R-1565-13,0.3949552153465341,0
TCGA-HC-7821-01A-12R-2118-07,0.7065786204223716,1
TCGA-3A-A9IU-01A-11R-A39D-07,0.47885361982921637,1
TCGA-AC-A3QP-01A-11R-A22U-07,0.718134880094863,1
TCGA-E9-A226-01A-21R-A157-07,0.6259295549321914,1
TCGA-MP-A4T7-01A-11R-A24X-07,0.6993600042117991,1
TCGA-HE-7129-01A-11R-1965-07,0.4381740105293153,1
TCGA-91-7771-01A-11R-2170-07,0.5761445754933852,1
TCGA-CC-A7IK-01A-12R-A33R-07,0.838465072948623,1
TCGA-AD-6895-01A-11R-1928-07,0.6364906248212544,1
TCGA-2Z-A9JN-01A-21R-A42S-07,0.9191752690181061,1
TCGA-Y8-A898-01A-11R-A355-07,0.4485062105019747,1
TCGA-24-1545-01A-01R-1566-13,0.7037600077209109,1
TCGA-60-2711-01A-01R-0851-07,0.6529680989915324,1
TCGA-US-A77G-01A-11R-A32O-07,0.7951007143091043,1
TCGA-44-5645-01B-04R-A277-07,0.9610767550735552,1
TCGA-23-1109-01A-01R-1564-13,0.5773271787214838,1
TCGA-DD-A1EJ-01A-11R-A155-07,0.6926422922863055,1
TCGA-CK-6748-01A-11R-1839-07,0.5462301423878206,0
TCGA-HE-A5NH-01A-11R-A26U-07,0.2629811745992404,0
TCGA-LL-A50Y-01A-11R-A266-07,0.6575097922283045,1
TCGA-BP-5173-01A-01R-1426-07,0.5774590112965337,0
TCGA-V1-A9O7-01A-21R-A41O-07,0.7234259439758587,0
TCGA-L5-A4OJ-01A-11R-A260-31,0.7181072034798507,1
TCGA-05-4434-01A-01R-1206-07,0.603117697271536,1
TCGA-AZ-4682-01B-01R-A32Z-07,0.4865639687468183,1
TCGA-D8-A1J9-01A-11R-A13Q-07,0.6531181385056386,1
TCGA-CH-5746-01A-11R-1580-07,0.24759908113210777,0
TCGA-KV-A6GD-01A-11R-A31O-07,0.5389296105521324,1
TCGA-B0-4707-01A-01R-1277-07,0.9596663432885676,1
TCGA-58-8393-01A-11R-2326-07,0.5388317632845886,1
TCGA-FV-A495-01A-11R-A266-07,0.5440561805817845,1
TCGA-99-8033-01A-11R-2241-07,0.7895683254261106,1
TCGA-77-8139-01A-11R-2247-07,0.49238530886194903,1
TCGA-ED-A5KG-01A-11R-A27V-07,0.9776586071213481,1
TCGA-94-7033-01A-11R-1949-07,0.7906167704878403,1
TCGA-AA-3530-01A-01R-1022-07,0.6393560332722142,1
TCGA-ZG-A9L1-01A-11R-A41O-07,0.8894712324153826,1
TCGA-FR-A3R1-01A-11R-A239-07,0.826018873018783,1
TCGA-2Z-A9JL-01A-11R-A42S-07,0.47857490880862835,1
TCGA-20-0987-01A-02R-1564-13,0.8104740018688354,0
TCGA-59-2363-01A-01R-1569-13,0.6850627057886026,1
TCGA-24-1419-01A-01R-1565-13,0.6469949069732553,1
TCGA-BH-A1FH-01A-12R-A13Q-07,0.653878109545354,1
TCGA-B6-A0IA-01A-11R-A034-07,0.8349399946053013,1
TCGA-98-7454-01A-11R-2045-07,0.5980576211858463,0
TCGA-5P-A9JZ-01A-11R-A42S-07,0.2910478816964906,1
TCGA-55-6984-01A-11R-1949-07,0.7533563783824264,1
TCGA-HC-8264-01B-11R-2403-07,0.7210988007490735,1
TCGA-G4-6314-01A-11R-1723-07,0.7094165532599622,1
TCGA-68-8250-01A-11R-2296-07,0.7059702761126118,1
TCGA-29-1769-01A-01R-1567-13,0.5287157406122232,0
TCGA-EU-5905-01A-11R-1672-07,0.6434604480736184,1
TCGA-F9-A7Q0-01A-11R-A36F-07,0.8162969532964294,1
TCGA-DD-AACN-01A-11R-A41C-07,0.572305005481823,0
TCGA-A8-A079-01A-21R-A00Z-07,0.6687964304171075,1
TCGA-D8-A1JN-01A-11R-A13Q-07,0.6935743814354423,1
TCGA-A8-A08B-01A-11R-A00Z-07,0.6935323382292989,1
TCGA-JY-A6FD-01A-11R-A336-31,0.4577425422817096,1
TCGA-A8-A086-01A-11R-A00Z-07,0.7116121734222773,1
TCGA-13-2060-01A-01R-1568-13,0.7088479092626644,1
TCGA-HC-8265-01B-04R-2302-07,0.9985189211855785,1
TCGA-S4-A8RP-01A-11R-A36G-07,0.3048422726906468,1
TCGA-A8-A09Z-01A-11R-A00Z-07,0.8447694248254031,1
TCGA-CK-6751-01A-11R-1839-07,0.28238369180353545,0
TCGA-RB-A7B8-01A-12R-A33R-07,0.5197330286439283,1
TCGA-68-7755-01A-11R-2125-07,0.33366788574167777,0
TCGA-66-2759-01A-01R-0851-07,0.5102500689702363,1
TCGA-AA-A00J-01A-02R-A002-07,0.6803292358764667,1
TCGA-L5-A8NL-01A-12R-A37I-31,0.6928072474994664,1
TCGA-24-1557-01A-01R-1566-13,0.6232407736332629,1
TCGA-A7-A3IY-01A-21R-A21T-07,0.7349477129424475,1
TCGA-B8-4151-01A-01R-1188-07,0.6830244374573139,1
TCGA-61-1914-01A-01R-1567-13,0.6110625808062592,1
TCGA-IG-A3Y9-01A-12R-A24K-31,0.6733886505915307,1
TCGA-L5-A891-01A-11R-A36D-31,0.9171352050086102,1
TCGA-BP-4983-01A-01R-1334-07,0.9770838880129719,1
TCGA-04-1514-01A-01R-1566-13,0.7338637818381784,1
TCGA-NJ-A55A-01A-11R-A262-07,0.5484739840204554,1
TCGA-A8-A09I-01A-22R-A034-07,0.647648639602837,1
TCGA-AR-A251-01A-12R-A169-07,0.7994962329546675,1
TCGA-60-2715-01A-01R-0851-07,0.8347529950486611,1
TCGA-D9-A4Z3-01A-11R-A266-07,0.8559345094390465,1
TCGA-E2-A14Q-01A-11R-A12D-07,0.4743765196442952,0
TCGA-EW-A1P7-01A-21R-A144-07,0.7509909936034092,1
TCGA-HV-AA8X-01A-11R-A39D-07,0.8105786465511907,1
TCGA-ZG-A9L4-01A-11R-A41O-07,0.736190016422169,1
TCGA-VN-A88L-01A-11R-A352-07,0.6191964488828245,1
TCGA-Z7-A8R5-01A-42R-A41B-07,0.6779777276394151,1
TCGA-IG-A51D-01A-11R-A36D-31,0.347655794743053,0
TCGA-5P-A9K9-01A-11R-A42S-07,0.9528216737922632,1
TCGA-23-1114-01B-01R-1566-13,0.6523573855162957,1
TCGA-IZ-A6M9-01A-11R-A31O-07,0.5368311863167564,1
TCGA-44-2662-01B-02R-A277-07,0.9123731562707593,1
TCGA-A8-A08C-01A-11R-A00Z-07,0.569403846440947,1
TCGA-36-1568-01A-01R-1566-13,0.6711949649263139,1
TCGA-MN-A4N1-01A-11R-A24X-07,0.4617609974241199,0
TCGA-C8-A12X-01A-11R-A115-07,0.7455194517963911,1
TCGA-63-5131-01A-01R-1443-07,0.6311871483811421,1
TCGA-G9-6499-01A-12R-1965-07,0.6447295352815829,1
TCGA-L5-A43M-01A-11R-A24K-31,0.818433742006107,1
TCGA-C8-A275-01A-21R-A16F-07,0.7691203380781261,1
TCGA-A6-5664-01A-21R-1839-07,0.57381668564846,0
TCGA-4B-A93V-01A-11R-A39D-07,0.9278984959440764,1
TCGA-G9-6364-01A-21R-1789-07,0.7047334551046494,1
TCGA-YH-A8SY-01A-11R-A37L-07,0.5991741532788812,1
TCGA-BP-4760-01A-02R-1420-07,0.6956396703085087,1
TCGA-DD-AAVU-01A-11R-A41C-07,0.5797966256406324,1
TCGA-XN-A8T5-01A-12R-A36G-07,0.22603710806288962,0
TCGA-55-8207-01A-11R-2241-07,0.5230737966709281,1
TCGA-DD-AAVV-01A-11R-A41C-07,0.6848123323087787,1
TCGA-FV-A2QR-01A-11R-A213-07,0.5069929759268593,1
TCGA-DD-AAEE-01A-11R-A41C-07,0.45082082359391656,1
TCGA-B8-5159-01A-01R-1420-07,0.6008083633255328,1
TCGA-2A-A8VX-01A-11R-A37L-07,0.7005350429809108,0
TCGA-AA-A03F-01A-11R-A16W-07,0.9400383725126431,1
TCGA-91-8497-01A-11R-2403-07,0.6062749337807343,1
TCGA-EW-A1OV-01A-11R-A144-07,0.47324290968919946,0
TCGA-XP-A8T8-01A-11R-A36D-31,0.4708445584074223,1
TCGA-61-1736-01B-01R-1568-13,0.47522102385369147,0
TCGA-20-1682-01A-01R-1564-13,0.8215883948178748,1
TCGA-FB-AAPQ-01A-11R-A41B-07,0.8377898133395758,1
TCGA-AA-3950-01A-02R-1022-07,0.9170753795789583,1
TCGA-CK-4951-01A-01R-1410-07,0.6792611931518788,1
TCGA-BH-A0RX-01A-21R-A084-07,0.6180495564044819,0
TCGA-CJ-5671-01A-11R-1541-07,0.6996030415279288,1
TCGA-EW-A1IY-01A-11R-A13Q-07,0.7130591833540596,1
TCGA-E2-A1IE-01A-11R-A13Q-07,0.5747067258624363,1
TCGA-HI-7170-01A-11R-2118-07,0.5444574755464248,0
TCGA-A3-A6NL-01A-11R-A33J-07,0.48603020254427987,1
TCGA-EW-A1PD-01A-11R-A144-07,0.5967795490956328,1
TCGA-B6-A0IO-01A-11R-A034-07,0.581352739841677,0
TCGA-50-5931-01A-11R-1755-07,0.9041115657949619,1
TCGA-HZ-A4BH-01A-11R-A26U-07,0.5791608408828073,1
TCGA-ZG-A9KY-01A-11R-A41O-07,0.9549267724058594,1
TCGA-EJ-5507-01A-01R-1580-07,0.8122263266191755,1
TCGA-CH-5751-01A-11R-1580-07,0.9809896610894641,1
TCGA-AA-3844-01A-01R-1022-07,0.6064919821476433,1
TCGA-EB-A57M-01A-51R-A311-07,0.5040257648161599,1
TCGA-BP-4351-01A-01R-1289-07,0.5270584956835159,0
TCGA-DD-A11B-01A-11R-A131-07,0.6532280066146317,1
TCGA-BQ-7045-01A-31R-1965-07,0.253214967735257,0
TCGA-BH-A0BD-01A-11R-A034-07,0.6221713506973187,1
TCGA-BQ-5881-01A-11R-1592-07,0.5926799497931992,1
TCGA-25-1871-01A-01R-1567-13,0.7951912344688483,1
TCGA-61-1740-01A-01R-1567-13,0.6572412403723991,1
TCGA-33-AASJ-01A-11R-A405-07,0.6849269146518198,1
TCGA-CC-A123-01A-11R-A131-07,0.819984792141292,1
TCGA-YG-AA3N-01A-11R-A38C-07,0.25604188440431525,0
TCGA-E2-A156-01A-11R-A12D-07,0.4388467532643926,0
TCGA-EW-A1PB-01A-11R-A144-07,0.7125934290991138,0
TCGA-XK-AAJT-01A-11R-A41O-07,0.5508587022314814,1
TCGA-EB-A550-01A-61R-A27Q-07,0.9481621544519533,1
TCGA-S3-A6ZF-01A-32R-A32P-07,0.6719836069322325,1
TCGA-13-1408-01A-01R-1565-13,0.5972916979291149,1
TCGA-29-1690-01A-01R-1566-13,0.8767044814986742,1
TCGA-05-4425-01A-01R-1755-07,0.752670526176964,1
TCGA-X8-AAAR-01A-11R-A406-31,0.8784417943458878,1
TCGA-JL-A3YX-01A-11R-A22U-07,0.6956369178552093,1
TCGA-IG-A3YA-01A-11R-A24K-31,0.26841228333602163,0
TCGA-HV-AA8V-01A-11R-A41B-07,0.35192228202956116,1
TCGA-IB-AAUO-01A-12R-A38C-07,0.8504740434548673,1
TCGA-B6-A0I8-01A-11R-A034-07,0.760487880477878,1
TCGA-FB-A545-01A-11R-A26U-07,0.8123178379333859,1
TCGA-BH-A18H-01A-11R-A12D-07,0.5966852254325997,1
TCGA-AK-3445-01A-02R-1277-07,0.6291155518139316,1
TCGA-25-1317-01A-01R-1565-13,0.5397987800623225,1
TCGA-BP-5200-01A-01R-1426-07,0.4656765526973788,1
TCGA-E9-A5FK-01A-11R-A27Q-07,0.7893703785757872,1
TCGA-BH-A1EW-01A-11R-A137-07,0.49134311231949807,1
TCGA-NC-A5HN-01A-11R-A26W-07,0.6674328096707446,1
TCGA-13-0760-01A-01R-1564-13,0.6975732173054345,0
TCGA-AA-3970-01A-01R-1022-07,0.405233495990479,0
TCGA-YL-A9WI-01A-11R-A37L-07,0.8285390114045554,1
TCGA-AA-A01T-01A-21R-A16W-07,0.7266647085213346,1
TCGA-AN-A0G0-01A-11R-A034-07,0.7574926445605299,1
TCGA-77-A5GB-01B-11R-A27Q-07,0.6102257081230466,1
TCGA-85-8481-01A-11R-2326-07,0.5517379295925987,0
TCGA-E2-A107-01A-11R-A10J-07,0.6076780471583153,1
TCGA-J2-8192-01A-11R-2241-07,0.6216651179867689,1
TCGA-Z7-A8R6-01A-11R-A41B-07,0.6641730511006863,1
TCGA-B8-4153-01B-11R-1672-07,0.526627276450684,1
TCGA-BH-A0AY-01A-21R-A00Z-07,0.5845157538493597,1
TCGA-A1-A0SQ-01A-21R-A144-07,0.6851734746165515,1
TCGA-22-5477-01A-01R-1635-07,0.5936125002035629,1
TCGA-AA-A02K-01A-03R-A32Y-07,0.688680833862176,1
TCGA-AA-3531-01A-01R-0821-07,0.6154501019148877,1
TCGA-85-8351-01A-11R-2296-07,0.6370374786873154,1
TCGA-R6-A8WG-01A-11R-A37I-31,0.7828165335966195,1
TCGA-2J-AABR-01A-11R-A41B-07,0.23380430686853174,1
TCGA-CJ-4884-01A-01R-1305-07,0.6176801631354781,1
TCGA-XV-A9W2-01A-11R-A39D-07,0.8226618903233982,1
TCGA-DD-A11A-01A-11R-A131-07,0.435655211309,0
TCGA-38-4631-01A-01R-1755-07,0.9073644190905571,1
TCGA-V1-A8MM-01A-11R-A37L-07,0.7381481254407479,1
TCGA-13-0726-01A-01R-1564-13,0.7420217257485278,1
TCGA-HZ-8005-01A-11R-2204-07,0.8602362673042317,1
TCGA-BH-A18J-01A-11R-A12D-07,0.6758219625678643,1
TCGA-60-2708-01A-01R-0851-07,0.7091225572867424,1
TCGA-AO-A1KT-01A-11R-A13Q-07,0.7397488208071339,1
TCGA-A2-A3KC-01A-11R-A213-07,0.5769445837727221,1
TCGA-EJ-5498-01A-01R-1580-07,0.7348892609344803,1
TCGA-AO-A0JF-01A-11R-A056-07,0.5466687146732803,1
TCGA-E9-A1R6-01A-11R-A14D-07,0.6989140027029932,1
TCGA-A7-A0CD-01A-11R-A00Z-07,0.5919077176976127,0
TCGA-29-1699-01A-01R-1567-13,0.7172908258865707,1
TCGA-CJ-6028-01A-11R-1672-07,0.6721006167344448,1
TCGA-24-1843-01A-01R-1567-13,0.6976187856160221,1
TCGA-AA-A01R-01A-21R-A083-07,0.8169877611794688,1
TCGA-G9-A9S0-01A-11R-A41O-07,0.8371947725022948,1
TCGA-XV-AAZY-01A-12R-A40A-07,0.11077914287177504,0
TCGA-AK-3465-01A-02R-1325-07,0.971254201995141,1
TCGA-AA-3812-01A-01R-0905-07,0.9269315828760903,1
TCGA-77-A5GF-01A-21R-A27Q-07,0.26778763880271295,0
TCGA-HC-A4ZV-01A-11R-A26U-07,0.9003290883293241,1
TCGA-H9-7775-01A-11R-2118-07,0.3064575253828199,0
TCGA-60-2696-01A-01R-0851-07,0.6959107738645931,1
TCGA-13-0900-01B-01R-1565-13,0.7794322412913459,1
TCGA-85-8666-01A-11R-2403-07,0.4453529073267477,1
TCGA-4H-AAAK-01A-12R-A41B-07,0.49124896446176547,0
TCGA-BH-A0BC-01A-22R-A084-07,0.5543095084179589,0
TCGA-C8-A3M7-01A-12R-A21T-07,0.486205429246079,0
TCGA-AR-A2LN-01A-21R-A18M-07,0.7124527607274962,1
TCGA-2Z-A9J5-01A-21R-A38C-07,0.3953390063316107,1
TCGA-AA-A01X-01A-21R-A083-07,0.8904064075131851,1
TCGA-C8-A134-01A-11R-A115-07,0.7990723329174457,1
TCGA-HV-A5A6-01A-11R-A26U-07,0.576504659548649,0
TCGA-D8-A140-01A-11R-A115-07,0.6396093566355683,1
TCGA-F9-A4JJ-01A-11R-A24Z-07,0.965523303931016,1
TCGA-AR-A24O-01A-11R-A169-07,0.629816601284825,1
TCGA-G3-AAUZ-01A-11R-A38B-07,0.63105937967719,1
TCGA-63-A5MM-01A-11R-A26W-07,0.7497620916542899,1
TCGA-AN-A0FN-01A-11R-A034-07,0.6496162643922218,1
TCGA-GL-A59R-01A-11R-A26U-07,0.337253857465762,1
TCGA-2H-A9GG-01A-11R-A37I-31,0.9359363780579453,1
TCGA-C8-A130-01A-31R-A115-07,0.6171129883375925,1
TCGA-2H-A9GF-01A-11R-A37I-31,0.6326528684804318,0
TCGA-55-5899-01A-11R-1628-07,0.8208101911501366,1
TCGA-B0-4713-01A-01R-1277-07,0.840470164545827,1
TCGA-A8-A09Q-01A-11R-A00Z-07,0.6740455267225436,1
TCGA-VR-AA4D-01A-11R-A37I-31,0.639533961228825,0
TCGA-36-1578-01A-01R-1566-13,0.7951972859609253,1
TCGA-AR-A1AY-01A-21R-A12P-07,0.7355582908914281,1
TCGA-86-8278-01A-11R-2287-07,0.49184397877428915,0
TCGA-A2-A0YK-01A-22R-A109-07,0.5160665490654999,1
TCGA-78-7163-01A-12R-2066-07,0.9065868509022085,1
TCGA-A8-A06R-01A-11R-A00Z-07,0.8132387437298166,1
TCGA-HC-7752-01A-11R-2118-07,0.946253411217968,1
TCGA-A8-A07J-01A-11R-A00Z-07,0.6281158310130898,1
TCGA-HC-7749-01A-11R-2118-07,0.3121578862585031,0
TCGA-HC-A6HX-01A-11R-A31N-07,0.9171313814210935,1
TCGA-56-A4BW-01A-11R-A24H-07,0.5550897127875266,1
TCGA-BP-4162-01A-02R-1325-07,0.3769376831849221,1
TCGA-34-7107-01A-11R-1949-07,0.47590463889312945,1
TCGA-DD-AAE4-01A-11R-A41C-07,0.7095023805196585,1
TCGA-13-1510-01A-02R-1565-13,0.7797632111766543,1
TCGA-57-1585-01A-01R-1566-13,0.7154220866431465,1
TCGA-56-8305-01A-11R-2296-07,0.6718607813427631,1
TCGA-CJ-4874-01A-01R-1305-07,0.411213115234527,1
TCGA-B6-A0RH-01A-21R-A115-07,0.5940169497112382,0
TCGA-HZ-A77O-01A-11R-A33R-07,0.6195913987609492,1
TCGA-24-1463-01A-01R-1566-13,0.8103727995713895,1
TCGA-A8-A07S-01A-11R-A034-07,0.6743208594594086,1
TCGA-3C-AAAU-01A-11R-A41B-07,0.7197772609197147,1
TCGA-AO-A03M-01B-11R-A10J-07,0.6509459410262479,1
TCGA-73-4659-01A-01R-1206-07,0.6476239333836578,1
TCGA-CZ-5453-01A-01R-1503-07,0.6242607195605911,1
TCGA-94-8035-01A-11R-2247-07,0.490637243643805,1
TCGA-39-5031-01A-01R-1443-07,0.588412471715185,1
TCGA-75-5146-01A-01R-1628-07,0.7184206655343747,1
TCGA-YL-A8S8-01A-11R-A37L-07,0.5734119567411206,0
TCGA-77-A5G6-01A-11R-A27Q-07,0.6221005366096793,1
TCGA-A7-A4SF-01A-11R-A266-07,0.7615201974404834,1
TCGA-EB-A553-01A-12R-A27Q-07,0.7214597106791751,1
TCGA-AA-3939-01A-01R-1022-07,0.6690496448099419,1
TCGA-E2-A14N-01A-31R-A137-07,0.8568471091161013,1
TCGA-CJ-6030-01A-11R-1672-07,0.4904760170647137,1
TCGA-J4-A67M-01A-11R-A30B-07,0.7985245183105065,1
TCGA-BP-5198-01A-01R-1426-07,0.7666467563899592,1
TCGA-NK-A7XE-01A-12R-A405-07,0.7645604770747161,1
TCGA-HC-7209-01A-11R-2118-07,0.5981891243960897,1
TCGA-HZ-8315-01A-11R-2404-07,0.4343446855387393,1
TCGA-86-8076-01A-31R-2241-07,0.5447948425860439,1
TCGA-A6-6650-01A-11R-A278-07,0.8206803711876612,1
TCGA-62-A46U-01A-11R-A24H-07,0.5398698509129715,1
TCGA-BH-A18U-01A-21R-A12D-07,0.6332287657931812,1
TCGA-55-6712-01A-11R-1858-07,0.5975043553834771,1
TCGA-BP-4761-01A-01R-1289-07,0.9925454633481374,1
TCGA-D8-A1XK-01A-21R-A14M-07,0.8064893987472797,1
TCGA-63-A5MI-01A-12R-A27Q-07,0.5644725551042569,1
TCGA-MP-A4TF-01A-11R-A262-07,0.6244917144316351,1
TCGA-DD-AACF-01A-11R-A41C-07,0.5393506744308036,1
TCGA-ZG-A9LZ-01A-11R-A41O-07,0.6412265112062792,1
TCGA-05-4250-01A-01R-1107-07,0.6406735611332628,1
TCGA-95-A4VP-01A-21R-A262-07,0.6303924624371615,1
TCGA-AA-3877-01A-01R-1022-07,0.7226030426621125,1
TCGA-AK-3426-01A-02R-1325-07,0.9507416125014636,1
TCGA-A3-3382-01A-02R-1325-07,0.6961517420552188,1
TCGA-IC-A6RE-01A-11R-A336-31,0.5267077773263258,0
TCGA-A8-A08O-01A-21R-A056-07,0.5248037097212472,1
TCGA-B9-A5W7-01A-11R-A31O-07,0.16378715021540374,0
TCGA-33-A5GW-01A-11R-A27Q-07,0.3498468068838514,0
TCGA-G3-AAV7-01A-11R-A38B-07,0.840238278554448,0
TCGA-5P-A9K8-01A-11R-A42S-07,0.9182522689566811,1
TCGA-BP-5007-01A-01R-1334-07,0.2139647185093346,0
TCGA-A3-3365-01A-01R-0864-07,0.5585210880089784,1
TCGA-44-7659-01A-11R-2066-07,0.6054192289927003,1
TCGA-61-2003-01A-01R-1568-13,0.8221317905460943,1
TCGA-D5-6898-01A-11R-1928-07,0.6495637807590245,1
TCGA-GM-A2DC-01A-11R-A18M-07,0.7240288781218722,1
TCGA-5P-A9KF-01A-11R-A42S-07,0.6128556653843923,1
TCGA-BP-4161-01A-02R-1325-07,0.4138808357077803,1
TCGA-36-1576-01A-01R-1566-13,0.6549831268278273,1
TCGA-DD-A4NK-01A-11R-A28V-07,0.4946684490017572,1
TCGA-CJ-4901-01A-01R-1426-07,0.7008107659749524,1
TCGA-MI-A75I-01A-11R-A32O-07,0.516148494727768,1
TCGA-29-2414-01A-02R-1569-13,0.3317983840063914,0
TCGA-BH-A0GY-01A-11R-A056-07,0.4733550457582234,0
TCGA-97-8175-01A-11R-2287-07,0.7299027379799091,1
TCGA-AL-3472-01A-01R-1193-07,0.7382335856624416,1
TCGA-HZ-A77P-01A-11R-A33R-07,0.6205536899812257,1
TCGA-A3-3352-01A-01R-0864-07,0.2403635678524447,0
TCGA-A7-A26G-01A-21R-A169-07,0.6071746816732344,0
TCGA-AO-A0JC-01A-11R-A056-07,0.7917470598738041,1
TCGA-AA-3875-01A-01R-0905-07,0.4035231348098981,1
TCGA-D8-A1JJ-01A-31R-A14M-07,0.5203869074912967,1
TCGA-Y6-A8TL-01A-21R-A37L-07,0.19645501896142004,0
TCGA-J4-A6G3-01A-11R-A311-07,0.6613761095224793,1
TCGA-13-0768-01A-01R-1569-13,0.8522404488546074,1
TCGA-A7-A6VW-01A-21R-A33J-07,0.8063858543823116,1
TCGA-J9-A8CP-01A-11R-A352-07,0.6322183800505077,1
TCGA-P4-AAVK-01A-11R-A42S-07,0.41619817992100233,1
TCGA-B0-5709-01A-11R-1541-07,0.4865049730951472,1
TCGA-B6-A0RV-01A-11R-A084-07,0.5996214229136027,1
TCGA-AA-A01V-01A-23R-A083-07,0.5395766092785212,0
TCGA-G9-7510-01A-11R-2263-07,0.2473946808430888,0
TCGA-D8-A73U-01A-11R-A33J-07,0.5009418080319815,0
TCGA-DD-AAEK-01A-11R-A41C-07,0.5871048124431446,1
TCGA-B0-5698-01A-11R-1672-07,0.5644655345410049,1
TCGA-KC-A4BL-01A-31R-A250-07,0.6523777853295872,1
TCGA-EJ-A7NM-01A-21R-A33R-07,0.6840309634305868,1
TCGA-B2-5639-01A-01R-1541-07,0.6644247319408785,1
TCGA-BH-A8FZ-01A-11R-A352-07,0.514807580555854,0
TCGA-22-5474-01A-01R-1635-07,0.5869301839391803,1
TCGA-E2-A1IL-01A-11R-A14D-07,0.43823050501432625,0
TCGA-D8-A1XV-01A-11R-A14M-07,0.5994857370176481,1
TCGA-2Z-A9J3-01A-12R-A38C-07,0.79539526382472,1
TCGA-L5-A4OP-01A-11R-A260-31,0.7552917792813456,1
TCGA-AO-A129-01A-21R-A10J-07,0.6371871402846738,0
TCGA-B6-A0RL-01A-11R-A084-07,0.7002824467897937,1
TCGA-61-1743-01A-01R-1568-13,0.6475615561248071,1
TCGA-R6-A6Y0-01B-11R-A336-31,0.7219638664066561,1
TCGA-77-7463-01A-11R-2045-07,0.6149316573051857,1
TCGA-DD-AADW-01A-11R-A39D-07,0.9250853258627468,1
TCGA-AR-A1AP-01A-11R-A12P-07,0.6471841009226948,1
TCGA-A2-A25F-01A-11R-A169-07,0.6057576495825265,0
TCGA-AA-3862-01A-01R-1022-07,0.6887468914156126,1
TCGA-G4-6306-01A-11R-1774-07,0.4663224110587091,1
TCGA-EB-A3XC-01A-11R-A239-07,0.5713784208620288,0
TCGA-34-5927-01A-11R-1820-07,0.7181355338076888,1
TCGA-AA-A017-01A-01R-A00A-07,0.7082772728841435,1
TCGA-A4-A5XZ-01A-11R-A31O-07,0.4540158707414327,1
TCGA-E2-A1LS-01A-12R-A157-07,0.8557631210191411,1
TCGA-L5-A8NV-01A-11R-A37I-31,0.7019436653081843,1
TCGA-5P-A9KE-01A-11R-A42S-07,0.12252486459767803,0
TCGA-61-1724-01A-01R-1568-13,0.7858408976709851,1
TCGA-VR-A8EP-01A-31R-A406-31,0.5028429296575263,1
TCGA-YL-A8SL-01B-21R-A37L-07,0.8708579436932509,1
TCGA-G4-6310-01A-11R-1723-07,0.8178635663314711,1
TCGA-G3-AAV2-01A-11R-A37K-07,0.49311355138223856,1
TCGA-OL-A5RV-01A-12R-A28M-07,0.4502862290237539,0
TCGA-KK-A8I6-01A-11R-A36G-07,0.33910609952120746,0
TCGA-BH-A0B6-01A-11R-A19W-07,0.6866247795614911,1
TCGA-G7-6789-01A-11R-1965-07,0.9513114624413728,1
TCGA-G9-A9S7-01A-11R-A41O-07,0.4262877264390359,0
TCGA-78-8640-01A-11R-2403-07,0.797100328865133,1
TCGA-55-6971-01A-11R-1949-07,0.6424207692663906,1
TCGA-DD-AAW2-01A-11R-A41C-07,0.46932165237951495,1
TCGA-HV-A5A4-01A-11R-A26U-07,0.46593048746697446,1
TCGA-BP-4355-01A-01R-1289-07,0.5689471528592864,1
TCGA-R6-A8W5-01B-11R-A37I-31,0.6785544047486229,1
TCGA-CH-5752-01A-11R-1580-07,0.8954490070113196,1
TCGA-A7-A3RF-01A-11R-A22K-07,0.8595917198926825,1
TCGA-ED-A8O5-01A-11R-A36F-07,0.8115939949044425,1
TCGA-AA-3522-01A-01R-0821-07,0.7578379837765022,1
TCGA-ER-A42H-01A-11R-A24X-07,0.8865584379781409,1
TCGA-AL-3467-01A-02R-1351-07,0.9863665926544384,1
TCGA-55-8513-01A-11R-2403-07,0.5118943863789157,1
TCGA-AD-6901-01A-11R-1928-07,0.6286689498958715,0
TCGA-29-1694-01A-01R-1567-13,0.5309028557761092,0
TCGA-LN-A49V-01A-11R-A24K-31,0.8024239990390281,1
TCGA-55-6968-01A-11R-1949-07,0.8026497987780857,1
TCGA-A4-8517-01A-11R-2404-07,0.353731559098108,1
TCGA-CZ-5461-01A-01R-1503-07,0.4874990494691861,1
TCGA-D8-A1XZ-01A-11R-A14M-07,0.5226402586841818,0
TCGA-AA-A00W-01A-01R-A002-07,0.4696229711458202,1
TCGA-BP-4804-01A-02R-1305-07,0.4010246697939076,1
TCGA-OL-A66J-01A-11R-A29R-07,0.6655930862758994,1
TCGA-AY-4070-01A-01R-1113-07,0.789829195753243,1
TCGA-V1-A8WW-01A-11R-A37L-07,0.8770672184334714,1
TCGA-B6-A40B-01A-11R-A239-07,0.7792898683045792,1
TCGA-LN-A49U-01A-31R-A260-31,0.37813881931348065,1
TCGA-AO-A03U-01B-21R-A10J-07,0.7338267682806188,1
TCGA-E2-A105-01A-11R-A10J-07,0.7547506910496367,1
TCGA-CW-6097-01A-11R-1672-07,0.5678472562197097,0
TCGA-2Y-A9GS-01A-12R-A38B-07,0.67119097037938,1
TCGA-EW-A1J6-01A-11R-A13Q-07,0.7478587505786058,0
TCGA-E9-A1RD-01A-11R-A157-07,0.4897665644895436,1
TCGA-AD-A5EK-01A-11R-A28H-07,0.7992290777268034,1
TCGA-2K-A9WE-01A-11R-A38C-07,0.5403640891663952,1
TCGA-EJ-A7NF-01A-11R-A33R-07,0.48405625748268094,1
TCGA-61-1721-01A-01R-1569-13,0.9409171570339722,1
TCGA-BP-4346-01A-01R-1289-07,0.4888841617682967,1
TCGA-AA-3989-01A-01R-1022-07,0.5711285317708031,1
TCGA-61-1998-01A-01R-1568-13,0.32157680257578064,0
TCGA-05-4244-01A-01R-1107-07,0.6259696940194431,1
TCGA-B8-A54K-01A-11R-A33J-07,0.8568373336297285,1
TCGA-5R-AA1D-01A-11R-A38B-07,0.9171153902541317,1
TCGA-34-5928-01A-11R-1820-07,0.6451373732813228,1
TCGA-BH-A0HQ-01A-11R-A034-07,0.5301039038791634,1
TCGA-CM-4746-01A-01R-1410-07,0.6886072532165708,1
TCGA-50-6593-01A-11R-1755-07,0.6013333566631077,1
TCGA-DV-A4W0-01A-11R-A266-07,0.6422264439845422,1
TCGA-25-1634-01A-01R-1566-13,0.5564985061074722,0
TCGA-50-6597-01A-11R-1858-07,0.9174446454059837,1
TCGA-AY-A54L-01A-11R-A28H-07,0.4038969945308486,0
TCGA-BP-4774-01A-01R-1289-07,0.5129501127562793,1
TCGA-66-2789-01A-01R-0980-07,0.5429929221123276,0
TCGA-DM-A1D4-01A-21R-A155-07,0.5839816155282579,1
TCGA-86-7701-01A-11R-2170-07,0.6735857259471983,1
TCGA-21-1076-01A-02R-0692-07,0.6657776019704112,1
TCGA-AR-A0TX-01A-11R-A084-07,0.6321677613235247,1
TCGA-23-1116-01A-01R-1564-13,0.718161756501705,1
TCGA-ZP-A9D0-01A-11R-A37K-07,0.6571233478302271,1
TCGA-CH-5743-01A-21R-1580-07,0.8314606480019718,0
TCGA-2A-AAYU-01A-11R-A41O-07,0.5077602086466118,1
TCGA-25-1323-01A-01R-1565-13,0.5723583442286007,1
TCGA-R6-A6Y2-01B-11R-A336-31,0.8178152793782429,1
TCGA-DD-A1EC-01A-21R-A131-07,0.9417570933676541,1
TCGA-E2-A1BC-01A-11R-A12P-07,0.5986276528855952,1
TCGA-DD-AADN-01A-11R-A41C-07,0.8555841856432569,1
TCGA-KK-A8ID-01A-11R-A36G-07,0.7970723199110693,1
TCGA-A2-A4RW-01A-21R-A266-07,0.6651899784782898,1
TCGA-56-7822-01A-11R-2125-07,0.6277219370047111,0
TCGA-O2-A52W-01A-11R-A26W-07,0.6185922843409313,1
TCGA-UL-AAZ6-01A-11R-A41B-07,0.7844822834985042,1
TCGA-YL-A8HO-01A-11R-A36G-07,0.6886500697906951,1
TCGA-13-0765-01A-01R-1564-13,0.6231235510739459,0
TCGA-55-6979-01A-11R-1949-07,0.6308360110236002,1
TCGA-IB-7888-01A-11R-2156-07,0.6893437618626787,1
TCGA-AQ-A54O-01A-11R-A266-07,0.8459856397449331,1
TCGA-HC-7744-01A-11R-2118-07,0.7950065203859099,1
TCGA-BP-4974-01A-01R-1334-07,0.5854714296735835,1
TCGA-A3-3367-01A-02R-1420-07,0.4272068492442198,1
TCGA-2H-A9GO-01A-11R-A37I-31,0.8751659581342263,1
TCGA-EJ-5522-01A-01R-1580-07,0.705870390531763,1
TCGA-61-1919-01A-01R-1568-13,0.613898100380043,1
TCGA-TP-A8TT-01A-12R-A41O-07,0.6227110308463496,1
TCGA-AN-A0FJ-01A-11R-A00Z-07,0.8276073217389953,1
TCGA-B0-5696-01A-11R-1541-07,0.55574908056524,1
TCGA-CZ-4856-01A-02R-1426-07,0.505786595136392,1
TCGA-A8-A075-01A-11R-A084-07,0.4370528571235258,0
TCGA-90-A4ED-01A-31R-A24Z-07,0.9678608831429649,1
TCGA-44-2657-01A-01R-1107-07,0.39134718223502274,0
TCGA-MP-A4TD-01A-32R-A262-07,0.6914895737650871,1
TCGA-XR-A8TG-01A-11R-A36F-07,0.6883487486628792,1
TCGA-33-4533-01A-01R-1201-07,0.8315619246466242,1
TCGA-55-8514-01A-11R-2403-07,0.799309818650853,1
TCGA-25-1316-01A-01R-1565-13,0.8558336713465903,1
TCGA-EB-A6R0-01A-12R-A32P-07,0.7165264120622198,1
TCGA-Y8-A8S1-01A-11R-A37K-07,0.9303127345796557,1
TCGA-B0-5120-01A-01R-1420-07,0.4075321412846654,1
TCGA-KR-A7K0-01A-12R-A33R-07,0.3302651386969984,0
TCGA-50-5944-01A-11R-1755-07,0.6923691218210484,1
TCGA-99-AA5R-01A-11R-A39D-07,0.7307172449186623,1
TCGA-CZ-5452-01A-01R-1503-07,0.6711119264381246,1
TCGA-XJ-A9DX-01A-11R-A37L-07,0.8542936210766049,0
TCGA-B6-A0IM-01A-11R-A034-07,0.5805278262212513,1
TCGA-61-2012-01A-01R-1568-13,0.6649939599326015,1
TCGA-2Z-A9J2-01A-11R-A38C-07,0.868515948782761,1
TCGA-AC-A6NO-01A-12R-A33J-07,0.6402800770289938,1
TCGA-E9-A1N4-01A-11R-A14M-07,0.6482980014852334,1
TCGA-DZ-6134-01A-11R-1965-07,0.5185847759561635,1
TCGA-20-1685-01A-01R-1566-13,0.419666428901842,0
TCGA-BH-A0AZ-01A-21R-A12P-07,0.6258075409078372,1
TCGA-55-7227-01A-11R-2039-07,0.5965661653913643,1
TCGA-34-5231-01A-21R-1820-07,0.6608093848824942,1
TCGA-DD-AAE2-01A-11R-A41C-07,0.45374274001763276,1
TCGA-AC-A62Y-01A-11R-A29R-07,0.4374784393342115,0
TCGA-A7-A425-01A-11R-A24H-07,0.6771355188984975,1
TCGA-AD-6548-01A-11R-1839-07,0.4460332066311097,1
TCGA-AC-A3W6-01A-12R-A22K-07,0.5182463320863827,0
TCGA-EB-A5UM-01A-11R-A311-07,0.7476110577220878,1
TCGA-EW-A6SA-01A-21R-A32P-07,0.796481638806406,1
TCGA-64-5779-01A-01R-1628-07,0.6011870216816284,0
TCGA-DD-A114-01A-11R-A131-07,0.963921023169081,1
TCGA-85-8052-01A-11R-2247-07,0.48375948211245834,1
TCGA-A2-A0T4-01A-31R-A084-07,0.48158744033012163,0
TCGA-DD-A3A2-01A-11R-A213-07,0.6327485637598941,1
TCGA-E2-A1B4-01A-11R-A12P-07,0.6871631920772786,1
TCGA-HV-A5A3-01A-11R-A26U-07,0.6064770072272038,1
TCGA-78-7167-01A-11R-2066-07,0.7503934424622295,1
TCGA-85-8479-01A-11R-2326-07,0.8171768696447878,1
TCGA-XR-A8TE-01A-11R-A36F-07,0.8727858518730952,1
TCGA-BP-4971-01A-01R-1334-07,0.728721150110057,0
TCGA-EJ-7786-01A-11R-2118-07,0.4770976833572358,1
TCGA-25-1320-01A-01R-1565-13,0.6812421321130594,1
TCGA-E2-A15S-01A-11R-A115-07,0.7473326756087875,1
TCGA-D9-A3Z4-01A-11R-A239-07,0.8463432774679529,1
TCGA-98-A53D-01A-32R-A262-07,0.8994286242094321,1
TCGA-DW-7839-01A-11R-2139-07,0.9000914986804183,1
TCGA-86-8671-01A-11R-2403-07,0.5941385656356569,1
TCGA-B8-A54H-01A-11R-A33J-07,0.41578051157213297,1
TCGA-ZS-A9CF-01A-11R-A38B-07,0.7950732926504211,1
TCGA-50-5930-01A-11R-1755-07,0.6507346448805007,1
TCGA-73-4676-01A-01R-1755-07,0.3802368494891704,0
TCGA-2A-AAYF-01A-11R-A41O-07,0.5058297823346612,1
TCGA-G9-6366-01A-11R-2118-07,0.7888228554226351,1
TCGA-56-7582-01A-11R-2045-07,0.5212898791281219,1
TCGA-CJ-4916-01A-01R-1426-07,0.41895076892473776,1
TCGA-B2-3924-01A-02R-1325-07,0.47033966381199993,1
TCGA-NJ-A55O-01A-11R-A262-07,0.5765264456294942,1
TCGA-G3-A25V-01A-11R-A16W-07,0.23857561740780234,0
TCGA-A6-A567-01A-31R-A28H-07,0.6502837332757418,1
TCGA-55-7907-01A-11R-2170-07,0.6887251788489153,1
TCGA-E2-A1LA-01A-11R-A144-07,0.7374964141679631,1
TCGA-97-A4M5-01A-11R-A24X-07,0.5717382516214575,1
TCGA-CA-6716-01A-11R-1839-07,0.7499075740179095,1
TCGA-66-2756-01A-01R-0851-07,0.8038623625575256,0
TCGA-69-7763-01A-11R-2170-07,0.39602298244998924,0
TCGA-FV-A3I1-01A-11R-A22L-07,0.586882780884021,1
TCGA-A4-A48D-01A-11R-A24Z-07,0.6294575558838806,1
TCGA-30-1892-01A-01R-1568-13,0.7896667162212269,1
TCGA-S2-AA1A-01A-12R-A39D-07,0.6464824603057268,1
TCGA-AN-A0XT-01A-11R-A109-07,0.6233271555598064,1
TCGA-60-2726-01A-01R-0851-07,0.8555611517732709,1
TCGA-63-A5MV-01A-21R-A26W-07,0.7090493371556829,1
TCGA-HC-A6AL-01A-11R-A30B-07,0.6967533114937632,1
TCGA-24-1560-01A-01R-1566-13,0.5542444014562233,0
TCGA-A2-A0EU-01A-22R-A056-07,0.7444170409815122,1
TCGA-KK-A7AP-01A-12R-A33R-07,0.8593560171934785,1
TCGA-44-6146-01A-11R-A278-07,0.8429926118864222,1
TCGA-62-A472-01A-11R-A24H-07,0.5480175561059156,1
TCGA-56-8622-01A-11R-2403-07,0.8603195352159072,1
TCGA-B0-4819-01A-01R-1277-07,0.7051859274951547,1
TCGA-BP-5176-01A-01R-1426-07,0.6086028469145988,1
TCGA-63-A5MP-01A-11R-A26W-07,0.518269230837714,0
TCGA-XK-AAK1-01A-11R-A41O-07,0.6912064548666361,1
TCGA-78-7158-01A-11R-2039-07,0.8231154178086714,1
TCGA-AA-3678-01A-01R-0905-07,0.4802597766221312,1
TCGA-HI-7171-01A-12R-2118-07,0.7263448971247376,1
TCGA-LN-A4A2-01A-31R-A260-31,0.2791994909618402,1
TCGA-D8-A1JE-01A-11R-A13Q-07,0.6315699397877038,1
TCGA-B8-5552-01B-11R-1672-07,0.46060629458418395,1
TCGA-A8-A09V-01A-11R-A034-07,0.4693554085446659,0
TCGA-HZ-A49H-01A-11R-A26U-07,0.5513549261437826,1
TCGA-IG-A97I-01A-11R-A38D-31,0.35245825412287984,1
TCGA-D8-A1JT-01A-31R-A13Q-07,0.7804213538566671,1
TCGA-BP-4782-01A-02R-1420-07,0.4735181611336567,1
TCGA-A2-A0CQ-01A-21R-A034-07,0.7318001026052013,1
TCGA-G3-A25U-01A-11R-A16W-07,0.6756643051185578,1
TCGA-BQ-7055-01A-11R-1965-07,0.9781663249997198,1
TCGA-37-A5EM-01A-21R-A27Q-07,0.595172800646988,1
TCGA-NC-A5HG-01A-11R-A26W-07,0.7489320434792316,1
TCGA-13-1495-01A-01R-1565-13,0.6703990608914012,1
TCGA-AK-3431-01A-02R-1277-07,0.6348416744596245,1
TCGA-85-8049-01A-11R-2247-07,0.6482814282692089,1
TCGA-UZ-A9PP-01A-11R-A42S-07,0.46847053931296023,1
TCGA-DD-AAE9-01A-11R-A41C-07,0.4103619662561812,1
TCGA-D5-5537-01A-21R-1928-07,0.46082752636746793,0
TCGA-VP-A879-01A-11R-A352-07,0.22549430320605696,0
TCGA-C8-A1HM-01A-12R-A137-07,0.533477931578496,0
TCGA-A3-3316-01A-01R-0864-07,0.5337936674003189,1
TCGA-DW-7840-01A-11R-A32Z-07,0.42471555345681455,1
TCGA-D5-6927-01A-21R-1928-07,0.6345612316950082,1
TCGA-A6-2671-01A-01R-1410-07,0.7447136193036196,1
TCGA-61-1918-01A-01R-1568-13,0.2862262855267857,0
TCGA-FV-A3R3-01A-11R-A22L-07,0.8298761106832887,1
TCGA-F9-A7VF-01A-11R-A33Z-07,0.6111307075470678,1
TCGA-L7-A6VZ-01A-12R-A336-31,0.5455561632059882,0
TCGA-AA-3526-01A-02R-A32Z-07,0.5965139415889852,1
TCGA-56-8626-01A-11R-2403-07,0.7222146017714691,1
TCGA-DD-A3A1-01A-11R-A213-07,0.5667330898721258,1
TCGA-YL-A8SR-01B-11R-A37L-07,0.4055809569125565,1
TCGA-B0-4848-01A-01R-1277-07,0.6221650037734224,1
TCGA-55-6969-01A-11R-1949-07,0.6356598272754429,1
TCGA-2A-A8VL-01A-21R-A37L-07,0.5143962950019451,1
TCGA-24-1422-01A-01R-1565-13,0.6663537687370159,1
TCGA-A3-3370-01A-02R-1420-07,0.4271685723164408,1
TCGA-EW-A2FW-01A-11R-A17B-07,0.7502891944113367,1
TCGA-BH-A0BL-01A-11R-A115-07,0.7004496179528484,1
TCGA-AA-A010-01A-01R-A089-07,0.5903054659467127,1
TCGA-AA-3664-01A-01R-0905-07,0.5146095817763051,0
TCGA-GN-A26C-01A-11R-A18T-07,0.9202915653499508,1
TCGA-85-8354-01A-31R-2326-07,0.6469928948134064,1
TCGA-A3-3373-01A-02R-1420-07,0.552651041378851,1
TCGA-30-1891-01A-01R-1568-13,0.7686582190308127,1
TCGA-HC-7078-01A-11R-2118-07,0.5364131217823711,1
TCGA-FC-A66V-01A-21R-A30B-07,0.8028813114928472,1
TCGA-A3-3324-01A-02R-1325-07,0.4071192157980029,1
TCGA-S3-AA10-01A-21R-A41B-07,0.8363980798716405,1
TCGA-53-7813-01A-11R-2170-07,0.7615999185957032,1
TCGA-EW-A1P3-01A-11R-A144-07,0.7171281223772061,1
TCGA-BF-A3DN-01A-11R-A20F-07,0.7595510093064683,1
TCGA-22-4596-01A-01R-1201-07,0.837113481215408,1
TCGA-G4-6297-01A-11R-1723-07,0.7882920838813067,1
TCGA-05-4422-01A-01R-1206-07,0.6530599512001326,1
TCGA-67-3773-01A-01R-0946-07,0.8409439710889702,1
TCGA-75-7025-01A-12R-1949-07,0.4444738543633012,0
TCGA-BH-A18I-01A-11R-A12D-07,0.43503688669477153,0
TCGA-E9-A54Y-01A-11R-A466-07,0.8658397363815635,1
TCGA-BP-4758-01A-01R-1289-07,0.6890242363735957,1
TCGA-LN-A9FO-01A-11R-A38D-31,0.5135590063494063,1
TCGA-10-0936-01A-01R-1564-13,0.5992723614512228,0
TCGA-DD-AACP-01A-11R-A41C-07,0.8516310955934441,1
TCGA-NH-A5IV-01A-42R-A37K-07,0.860679343355973,1
TCGA-44-6777-01A-11R-1858-07,0.47572849161621866,1
TCGA-71-8520-01A-11R-2403-07,0.6975580914067999,1
TCGA-A8-A07I-01A-11R-A00Z-07,0.7148923618383373,1
TCGA-CC-A3M9-01A-11R-A213-07,0.9936072054184474,1
TCGA-AN-A0AK-01A-21R-A00Z-07,0.7133637376889933,1
TCGA-BP-5174-01A-01R-1426-07,0.7663624945391566,1
TCGA-71-6725-01A-11R-1858-07,0.7356294681605071,1
TCGA-25-1623-01A-01R-1566-13,0.7227651927535145,1
TCGA-KK-A6E1-01A-11R-A311-07,0.8462831974041028,1
TCGA-AR-A0TQ-01A-11R-A084-07,0.692424310262734,1
TCGA-50-5946-01A-11R-1755-07,0.7930135433011565,1
TCGA-A4-8312-01A-11R-2404-07,0.8594347563381081,1
TCGA-FC-7961-01A-11R-A29R-07,0.8329240410535357,1
TCGA-AA-A01G-01A-01R-A002-07,0.35858198295965144,1
TCGA-C8-A12Q-01A-11R-A115-07,0.6887003182837034,1
TCGA-HV-A5A5-01A-11R-A26U-07,0.2009914506330041,1
TCGA-BP-4987-01A-01R-1334-07,0.26798387353061165,0
TCGA-24-1564-01A-01R-1566-13,0.7656340717567566,1
TCGA-EJ-7788-01A-11R-2118-07,0.32738088819069877,0
TCGA-O9-A75Z-01A-11R-A33Z-07,0.44851773432574743,1
TCGA-36-1574-01A-01R-1566-13,0.6922062819407698,1
TCGA-21-1070-01A-01R-0692-07,0.6058463076449202,1
TCGA-BP-4976-01A-01R-1334-07,0.5583532264150562,1
TCGA-A7-A0CJ-01A-21R-A00Z-07,0.7535069959174042,1
TCGA-13-1501-01A-01R-1565-13,0.7216943128239559,1
TCGA-CZ-5469-01A-01R-1503-07,0.9261328196119685,1
TCGA-29-1776-01A-01R-1567-13,0.729268873808447,1
TCGA-75-6214-01A-41R-1949-07,0.8324536100363893,1
TCGA-55-8619-01A-11R-2403-07,0.5615646773407774,1
TCGA-A4-A6HP-01A-11R-A31O-07,0.4844480537417121,0
TCGA-LG-A6GG-01A-11R-A311-07,0.6233194378069495,1
TCGA-CC-A9FW-01A-11R-A37K-07,0.708035547576223,1
TCGA-EJ-7781-01A-11R-2118-07,0.5878898504514862,1
TCGA-05-5420-01A-01R-1628-07,0.8241506909819125,1
TCGA-EW-A3U0-01A-11R-A22K-07,0.7933273192637603,1
TCGA-61-2002-01A-01R-1568-13,0.6395532612932601,1
TCGA-B0-4841-01A-01R-1277-07,0.877094665680831,1
TCGA-CJ-4885-01A-01R-1305-07,0.6526465077010466,1
TCGA-AQ-A7U7-01A-22R-A352-07,0.7502353174407903,1
TCGA-VN-A88P-01A-11R-A352-07,0.6298512122802477,1
TCGA-XX-A899-01A-11R-A36F-07,0.6713749622783433,1
TCGA-E2-A14X-01A-11R-A115-07,0.7518781216445181,1
TCGA-E2-A14U-01A-11R-A22K-07,0.5651731037852304,0
TCGA-CJ-6031-01A-11R-1672-07,0.4645790304967963,1
TCGA-38-4627-01A-01R-1206-07,0.7268140914674505,1
TCGA-V1-A9OT-01A-11R-A41O-07,0.9096845703679088,1
TCGA-VR-A8ET-01A-11R-A406-31,0.8027550351930551,1
TCGA-A2-A1G6-01A-11R-A13Q-07,0.7176131801497871,1
TCGA-B0-5110-01A-01R-1420-07,0.44222919390237725,1
TCGA-A4-7585-01A-11R-2139-07,0.7872535887553239,1
TCGA-F2-7276-01A-11R-2156-07,0.41927194425040826,1
TCGA-BP-5168-01A-01R-1420-07,0.27166006919890273,0
TCGA-D5-6540-01A-11R-1723-07,0.7303949763941184,1
TCGA-A6-6652-01A-11R-1774-07,0.8034711157327805,1
TCGA-96-8170-01A-11R-2296-07,0.40604561840850456,0
TCGA-36-1577-01A-01R-1566-13,0.7671893367312357,1
TCGA-44-8120-01A-11R-2241-07,0.6883174968421994,1
TCGA-D5-6532-01A-11R-1723-07,0.4964407263488342,1
TCGA-AR-A2LK-01A-11R-A180-07,0.553048181015737,1
TCGA-B6-A0X7-01A-11R-A10J-07,0.6341033078120322,1
TCGA-DD-AADQ-01A-11R-A41C-07,0.45701087058396106,1
TCGA-24-1416-01A-01R-1565-13,0.5896376460276086,1
TCGA-53-7626-01A-12R-2066-07,0.47238568402743897,1
TCGA-G9-6370-01A-11R-1789-07,0.5862831293016941,1
TCGA-A2-A0CX-01A-21R-A00Z-07,0.7079608811118263,1
TCGA-G9-6498-01A-12R-A311-07,0.9313989493678908,1
TCGA-EB-A24D-01A-11R-A18T-07,0.8796867727890748,1
TCGA-P4-A5EB-01A-11R-A28H-07,0.5250428858209686,1
TCGA-55-6970-01A-11R-1949-07,0.6545317982791754,1
TCGA-AD-6963-01A-11R-1928-07,0.4445435421001373,1
TCGA-97-A4M3-01A-11R-A24X-07,0.5800110318944787,1
TCGA-23-2084-01A-02R-1568-13,0.5850523308721123,1
TCGA-E9-A228-01A-31R-A157-07,0.7430242345840075,1
TCGA-BF-A5EQ-01A-21R-A27Q-07,0.7187032171878778,1
TCGA-43-6773-01A-41R-1949-07,0.710189524718855,1
TCGA-S3-AA17-01A-11R-A41B-07,0.6451221974349343,1
TCGA-D8-A143-01A-11R-A115-07,0.7740792885300073,1
TCGA-2Y-A9H7-01A-11R-A39D-07,0.6183406511832985,1
TCGA-91-6849-01A-11R-1949-07,0.6198831082194776,1
TCGA-B0-4818-01A-01R-1503-07,0.5161641569619917,1
TCGA-DM-A280-01A-12R-A16W-07,0.6013455419969195,1
TCGA-EW-A1PH-01A-11R-A14M-07,0.7620214183472718,1
TCGA-VN-A88R-01A-11R-A36G-07,0.7805307879855569,1
TCGA-91-6829-01A-21R-1858-07,0.6255432912797468,1
TCGA-30-1857-01A-02R-1569-13,0.7881153773037107,1
TCGA-V1-A8WS-01A-11R-A37L-07,0.48887589095850104,0
TCGA-D8-A27H-01A-11R-A16F-07,0.8502794124388298,1
TCGA-56-8304-01A-11R-2326-07,0.5988258116701266,1
TCGA-43-5670-01A-21R-2125-07,0.7397310856504197,1
TCGA-OL-A66P-01A-11R-A31O-07,0.8910264126764205,1
TCGA-78-7150-01A-21R-2039-07,0.8478226082158691,1
TCGA-C8-A12L-01A-11R-A115-07,0.6641045878926884,0
TCGA-IB-AAUT-01A-11R-A37L-07,0.4138222364528256,1
TCGA-B6-A0IN-01A-11R-A034-07,0.7494863190321374,1
TCGA-O8-A75V-01A-11R-A32O-07,0.43869735188233094,1
TCGA-DD-AAE6-01A-11R-A41C-07,0.7484711198022057,1
TCGA-L5-A8NR-01A-11R-A37I-31,0.687795128146268,1
TCGA-KK-A8IG-01A-11R-A36G-07,0.7367478109348513,1
TCGA-L9-A8F4-01A-11R-A39D-07,0.7244853791303888,1
TCGA-13-0887-01A-01R-1564-13,0.6472408318032928,1
TCGA-BH-A1FR-01A-11R-A13Q-07,0.5235024462845834,1
TCGA-BP-4981-01A-01R-1334-07,0.7228850166102494,1
TCGA-DV-5574-01A-01R-1541-07,0.5900083273171381,1
TCGA-AA-3696-01A-01R-0905-07,0.6085754700193319,0
TCGA-DD-A115-01A-11R-A131-07,0.71186066305447,1
TCGA-98-A53B-01A-11R-A262-07,0.6630024175806118,1
TCGA-FB-A5VM-01A-11R-A32O-07,0.94121659789605,1
TCGA-AK-3425-01A-02R-1277-07,0.5829171588919201,1
TCGA-CW-5581-01A-02R-1541-07,0.4865623410744052,1
TCGA-5P-A9K4-01A-11R-A42S-07,0.5826680515635903,1
TCGA-HE-A5NK-01A-11R-A26U-07,0.744749490523005,1
TCGA-B9-A8YI-01A-21R-A37K-07,0.7631570206011504,1
TCGA-HZ-8001-01A-11R-2204-07,0.6237819198992234,1
TCGA-AC-A2FF-01A-11R-A17B-07,0.539814011621017,1
TCGA-EJ-5512-01A-01R-1580-07,0.4152836910353555,1
TCGA-68-8251-01A-11R-2296-07,0.620851366548831,1
TCGA-C8-A27B-01A-11R-A169-07,0.7845180123740205,1
TCGA-GF-A769-01A-32R-A32P-07,0.8160987737694329,1
TCGA-ZP-A9CZ-01A-11R-A38B-07,0.563392891317637,0
TCGA-24-1845-01A-01R-1567-13,0.764260763093777,1
TCGA-29-A5NZ-01A-11R-A406-31,0.8518689567843064,1
TCGA-5P-A9KC-01A-11R-A42S-07,0.8161532784878762,1
TCGA-ZG-A9LY-01A-11R-A41O-07,0.5300072555650714,1
TCGA-13-0890-01A-01R-1564-13,0.6299873347330903,0
TCGA-EW-A1J3-01A-11R-A13Q-07,0.619247417931555,1
TCGA-ED-A4XI-01A-11R-A266-07,0.32088514541120267,0
TCGA-23-1027-01A-02R-1564-13,0.6099234853867382,1
TCGA-A2-A0CV-01A-31R-A115-07,0.6244723793783293,1
TCGA-B0-5703-01A-11R-1541-07,0.5039575190007292,0
TCGA-BH-A18P-01A-11R-A12D-07,0.526114397574962,0
TCGA-60-2703-01A-11R-2045-07,0.4455077833616348,0
TCGA-DD-AAD6-01A-11R-A41C-07,0.7929952149430698,1
TCGA-5P-A9KA-01A-11R-A42S-07,0.6519256318832284,1
TCGA-IB-7652-01A-11R-2156-07,0.4478475473284096,1
TCGA-97-A4M0-01A-11R-A24X-07,0.7130479927717086,1
TCGA-LN-A4A9-01A-11R-A28J-31,0.6882840100416486,1
TCGA-58-A46M-01A-11R-A24H-07,0.5941283935363627,1
TCGA-DD-AADM-01A-11R-A41C-07,0.3821568441477895,1
TCGA-K7-A6G5-01A-11R-A311-07,0.2081805765130255,0
TCGA-55-8204-01A-11R-2241-07,0.7538654970959578,1
TCGA-B4-5834-01A-11R-1672-07,0.4400704322758347,1
TCGA-69-7764-01A-11R-2170-07,0.7184938275217354,1
TCGA-A3-3380-01A-01R-0864-07,0.35660111778553705,0
TCGA-MF-A522-01A-11R-A262-07,0.6147224594109036,1
TCGA-FB-AAPY-01A-11R-A41B-07,0.380685328246378,1
TCGA-HC-8260-01A-11R-2263-07,0.4852320195643543,1
TCGA-35-3615-01A-01R-0946-07,0.5905625929488842,0
TCGA-BF-AAOX-01A-11R-A39D-07,0.34701802384817415,1
TCGA-49-4510-01A-01R-1206-07,0.5169953519581704,0
TCGA-55-7726-01A-11R-2170-07,0.8039383682542433,1
TCGA-D5-6536-01A-11R-1723-07,0.8795668233522912,1
TCGA-43-A56U-01A-11R-A26W-07,0.7401560407588498,1
TCGA-EP-A3JL-01A-11R-A213-07,0.4233905119638276,1
TCGA-HC-8258-01A-11R-2263-07,0.4053873798072221,1
TCGA-Z6-A9VB-01A-21R-A37I-31,0.2631791442858421,0
TCGA-V1-A9O5-01A-11R-A41O-07,0.8916298153336256,0
TCGA-77-8146-01A-11R-2247-07,0.6742573115258638,1
TCGA-EU-5906-01A-11R-1672-07,0.3382552524235959,1
TCGA-34-2608-01A-02R-0851-07,0.3881715747658699,0
TCGA-LD-A7W6-01A-81R-A352-07,0.5577950329128358,1
TCGA-B8-4143-01A-01R-1188-07,0.9112527691684577,1
TCGA-BQ-5883-01A-11R-1592-07,0.9121959734417012,1
TCGA-V5-AASV-01A-11R-A38D-31,0.6150684440529391,0
TCGA-A7-A0D9-01A-31R-A056-07,0.6850761583579956,1
TCGA-A6-2676-01A-01R-0826-07,0.709641469272316,1
TCGA-DM-A1D7-01A-11R-A155-07,0.5950620181378256,1
TCGA-B6-A3ZX-01A-11R-A239-07,0.7637972010138181,1
TCGA-05-4402-01A-01R-1206-07,0.6855466363010194,1
TCGA-AA-3555-01A-01R-0821-07,0.715811598883663,1
TCGA-G3-A7M7-01A-12R-A352-07,0.33195890781324255,1
TCGA-A3-3351-01A-02R-1325-07,0.3230670621463798,0
TCGA-EB-A4IQ-01A-12R-A266-07,0.5103347198021233,1
TCGA-CJ-4907-01A-01R-1426-07,0.21552206088735879,0
TCGA-B8-5163-01A-01R-1420-07,0.700094738525893,1
TCGA-AQ-A1H3-01A-31R-A13Q-07,0.44877361868211646,1
TCGA-52-7811-01A-11R-2125-07,0.5478949092562878,1
TCGA-AR-A250-01A-31R-A169-07,0.6187196893019086,1
TCGA-J9-A8CK-01A-11R-A352-07,0.5456767935383225,1
TCGA-A2-A04U-01A-11R-A115-07,0.8787735922011303,1
TCGA-77-6843-01A-11R-1949-07,0.7607164045388198,1
TCGA-EW-A6SD-01A-12R-A33J-07,0.5598651892030213,0
TCGA-BH-A0B5-01A-11R-A12P-07,0.3740840946672073,0
TCGA-29-2425-01A-01R-1569-13,0.6447476248276917,1
TCGA-AA-3972-01A-01R-1022-07,0.5345542493322164,1
TCGA-B6-A0IK-01A-12R-A056-07,0.691462699621089,1
TCGA-V1-A8MJ-01A-11R-A36G-07,0.5582131294709848,1
TCGA-B0-5707-01A-11R-1541-07,0.9103601891097355,0
TCGA-13-1409-01A-01R-1565-13,0.5645513740628157,0
TCGA-HC-7817-01B-11R-A29R-07,0.6201675242966375,1
TCGA-LN-A4MR-01A-11R-A28J-31,0.5448932969247593,1
TCGA-CM-4747-01A-01R-1410-07,0.8760843905657366,1
TCGA-BP-5192-01A-01R-1426-07,0.2949852416937724,0
TCGA-CC-A7IF-01A-11R-A33J-07,0.6945126108342351,1
TCGA-75-6212-01A-11R-1755-07,0.5836770683311426,1
TCGA-61-2095-01A-01R-1568-13,0.8337407563856177,1
TCGA-BP-4992-01A-01R-1334-07,0.9823772650778824,1
TCGA-KK-A6E7-01A-11R-A31N-07,0.8175508908164792,0
TCGA-24-1469-01A-01R-1566-13,0.6150528115686806,1
TCGA-DD-A73B-01A-12R-A32O-07,0.7241543908102824,1
TCGA-LN-A9FQ-01A-31R-A38D-31,0.45995869907978143,1
TCGA-J2-A4AG-01A-11R-A24H-07,0.5614519869693346,1
TCGA-G6-A8L8-01A-21R-A37O-07,0.9065471376415594,1
TCGA-A2-A0CS-01A-11R-A115-07,0.5578560863771977,1
TCGA-DD-AACA-01A-11R-A41C-07,0.6501207105987772,1
TCGA-A2-A0CZ-01A-11R-A034-07,0.6265324580343223,1
TCGA-23-1110-01A-01R-1564-13,0.3450302610588871,0
TCGA-E2-A150-01A-11R-A12D-07,0.8124135592048742,1
TCGA-A6-6142-01A-11R-1774-07,0.7976671737192682,1
TCGA-AO-A124-01A-11R-A10J-07,0.73555830427976,1
TCGA-NC-A5HJ-01A-11R-A26W-07,0.8235043002048958,1
TCGA-85-8352-01A-31R-2326-07,0.9195500465604748,1
TCGA-B8-5545-01A-01R-1672-07,0.3852388190180223,1
TCGA-DD-A118-01A-11R-A131-07,0.5292159584518988,0
TCGA-NJ-A4YP-01A-11R-A262-07,0.7464492817289318,1
TCGA-94-7557-01A-11R-2125-07,0.6810763966407065,1
TCGA-78-7156-01A-11R-2039-07,0.7910819429253608,1
TCGA-BH-A0HP-01A-12R-A084-07,0.5643601828027309,1
TCGA-B1-A656-01A-11R-A31O-07,0.6197838973607098,1
TCGA-39-5037-01A-01R-1443-07,0.7748855876673684,1
TCGA-CJ-4892-01A-01R-1305-07,0.4732873589115019,1
TCGA-55-1592-01A-01R-0946-07,0.6022897328913633,1
TCGA-E2-A1L7-01A-11R-A144-07,0.7493486044933658,1
TCGA-49-4512-01A-21R-1858-07,0.4500049342331865,0
TCGA-A1-A0SH-01A-11R-A084-07,0.5945377299087042,1
TCGA-G9-6339-01A-12R-A311-07,0.5747640963299001,1
TCGA-67-3771-01A-01R-0946-07,0.695280666906665,1
TCGA-J7-6720-01A-11R-2139-07,0.5063697019192384,1
TCGA-C8-A12O-01A-11R-A115-07,0.6888974325715267,1
TCGA-CH-5741-01A-11R-1580-07,0.7376850904961535,1
TCGA-EJ-A8FU-01A-11R-A36G-07,0.4281606250807508,1
TCGA-B0-4849-01A-01R-1277-07,0.5933298713121586,1
TCGA-HC-A76W-01A-11R-A33R-07,0.6539828499914068,1
TCGA-CC-A8HT-01A-11R-A36F-07,0.7153627226870749,0
TCGA-G4-6320-01A-11R-1723-07,0.666192651432389,1
TCGA-BP-4763-01A-01R-1289-07,0.7477948552927798,1
TCGA-A8-A097-01A-11R-A034-07,0.6114358060957745,1
TCGA-73-4662-01A-01R-1206-07,0.5709279194735013,1
TCGA-RC-A7SH-01A-11R-A38B-07,0.8638874968056838,1
TCGA-09-1661-01B-01R-1566-13,0.8397938223058478,1
TCGA-66-2766-01A-01R-0851-07,0.8053105580440012,1
TCGA-A2-A3XZ-01A-42R-A239-07,0.5562560354012726,0
TCGA-36-1581-01A-01R-1566-13,0.7955952841919616,1
TCGA-CH-5789-01A-11R-1580-07,0.6851634850645947,1
TCGA-BH-A1F0-01A-11R-A137-07,0.7952032317296229,1
TCGA-91-6847-01A-11R-1949-07,0.7630135385464408,0
TCGA-52-7809-01A-21R-2125-07,0.8189423850274063,1
TCGA-BD-A3ER-01A-11R-A213-07,0.4067275808764193,1
TCGA-13-1511-01A-01R-1565-13,0.7773566070912467,1
TCGA-21-1079-01A-01R-0692-07,0.8221112118061594,1
TCGA-BH-A18V-01A-11R-A12D-07,0.7386574243644478,1
TCGA-F4-6569-01A-11R-1774-07,0.7362185693397832,1
TCGA-66-2781-01A-01R-0851-07,0.5708273726436469,1
TCGA-G3-A5SK-01A-11R-A27V-07,0.6623927575248025,1
TCGA-AC-A62V-01A-11R-A31O-07,0.8663093948302084,1
TCGA-BP-5195-01A-02R-1426-07,0.3746178552464811,1
TCGA-A8-A0A1-01A-11R-A00Z-07,0.6054436989250693,1
TCGA-38-4629-01A-02R-1206-07,0.7615547895502839,1
TCGA-AC-A5EH-01A-11R-A28M-07,0.7408878402655914,1
TCGA-M7-A721-01A-12R-A32O-07,0.3515659696307255,1
TCGA-23-1028-01A-01R-1564-13,0.6362325364762673,1
TCGA-AZ-5407-01A-01R-1723-07,0.5391458048460429,1
TCGA-56-8625-01A-11R-2403-07,0.6688594996148295,1
TCGA-NC-A5HM-01A-12R-A26W-07,0.6122320805744874,1
TCGA-58-A46L-01A-11R-A24H-07,0.46523806952798474,0
TCGA-B6-A0IH-01A-11R-A115-07,0.6074120604412218,1
TCGA-77-A5FZ-01A-31R-A27Q-07,0.8968984155207975,1
TCGA-CK-4947-01B-11R-1653-07,0.47992752786875137,1
TCGA-AC-A2QI-01A-12R-A19W-07,0.5761838017843741,1
TCGA-G3-AAV4-01A-11R-A38B-07,0.6935184177072818,1
TCGA-93-7347-01A-11R-2187-07,0.5385236417257946,1
TCGA-LL-A73Z-01A-11R-A32P-07,0.685204381134999,1
TCGA-AC-A2BK-01A-11R-A21T-07,0.6902611223142369,0
TCGA-25-1315-01A-01R-1565-13,0.601899879095805,1
TCGA-A2-A0T2-01A-11R-A084-07,0.8191032304788474,1
TCGA-P4-A5E7-01A-31R-A28H-07,0.377712592182871,0
TCGA-E2-A574-01A-11R-A29R-07,0.8511933715807218,0
TCGA-09-2051-01A-01R-1568-13,0.7040933366074857,1
TCGA-S3-A6ZH-01A-22R-A32P-07,0.5618728968641756,0
TCGA-AA-3548-01A-01R-1873-07,0.6400345509175234,1
TCGA-B9-A8YH-01A-11R-A37K-07,0.20109280346731015,0
TCGA-AA-3971-01A-01R-1022-07,0.22231929130131703,0
TCGA-BP-5169-01A-01R-1426-07,0.9512912503245794,1
TCGA-A2-A3XW-01A-11R-A239-07,0.8217172615146872,0
TCGA-AU-3779-01A-01R-1723-07,0.7142983246811119,1
TCGA-21-1071-01A-01R-0692-07,0.5782966920039762,1
TCGA-2L-AAQE-01A-11R-A39D-07,0.5611931312502227,1
TCGA-78-7143-01A-11R-2039-07,0.5880019553195975,1
TCGA-CM-5863-01A-21R-1839-07,0.6890744671221397,1
TCGA-85-8288-01A-11R-2296-07,0.6472514688026099,1
TCGA-CC-5259-01A-31R-A213-07,0.6982057252500175,1
TCGA-22-5480-01A-01R-1635-07,0.6923053601155613,1
TCGA-DW-7963-01B-11R-A28H-07,0.19447706815065374,0
TCGA-A1-A0SN-01A-11R-A144-07,0.6891921186595718,1
TCGA-V1-A8X3-01A-11R-A37L-07,0.477835514946282,1
TCGA-E9-A22D-01A-11R-A157-07,0.656939380707478,1
TCGA-B0-5075-01A-01R-1334-07,0.6825984134789448,1
TCGA-AK-3433-01A-02R-1277-07,0.9860091695352997,1
TCGA-BP-4331-01A-01R-1289-07,0.2709164119188593,0
TCGA-ES-A2HT-01A-12R-A180-07,0.44171876168836366,1
TCGA-29-1766-01A-01R-1567-13,0.7088960769440157,1
TCGA-HZ-7926-01A-11R-2156-07,0.5367989800100044,1
TCGA-4L-AA1F-01A-11R-A41O-07,0.9593460675538973,1
TCGA-Q2-A5QZ-01A-11R-A28H-07,0.9090214368499467,0
TCGA-49-4490-01A-21R-1858-07,0.78695098228962,1
TCGA-2Y-A9H2-01A-12R-A38B-07,0.9634116509085974,1
TCGA-24-1923-01A-01R-1567-13,0.7817365868296983,1
TCGA-22-4595-01A-01R-1201-07,0.6602048602248954,1
TCGA-44-6147-01B-06R-A277-07,0.9591205685882286,1
TCGA-3A-A9I5-01A-11R-A38C-07,0.7734245678043475,0
TCGA-50-5933-01A-11R-1755-07,0.6268778639925712,1
TCGA-BP-4995-01A-01R-1334-07,0.6472557158379568,1
TCGA-A2-A1FV-01A-11R-A13Q-07,0.6249746402797787,0
TCGA-CZ-4866-01A-01R-1503-07,0.6391421683990433,0
TCGA-F4-6570-01A-11R-1774-07,0.748078671084572,1
TCGA-BH-A0EI-01A-11R-A115-07,0.5227801005267968,1
TCGA-AA-3713-01A-21R-1723-07,0.7966822150891384,1
TCGA-NI-A4U2-01A-11R-A28V-07,0.5682922511341445,1
TCGA-DD-AADY-01A-11R-A41C-07,0.7938277075384031,1
TCGA-05-4405-01A-21R-1858-07,0.6354160053856317,1
TCGA-EJ-8469-01A-11R-2403-07,0.8730162949974961,1
TCGA-CK-5914-01A-11R-1653-07,0.5733282076673942,1
TCGA-61-2104-01A-01R-1568-13,0.7388025309416074,1
TCGA-95-7562-01A-11R-2241-07,0.7644767116271782,1
TCGA-NK-A5CR-01A-11R-A26W-07,0.6045694178904558,1
TCGA-DD-AACU-01A-11R-A41C-07,0.6132999097067018,1
TCGA-DD-A119-01A-11R-A131-07,0.4822811234513819,1
TCGA-GM-A3NW-01A-21R-A22K-07,0.5732229852712832,1
TCGA-50-8459-01A-11R-2326-07,0.7674846132326093,1
TCGA-AO-A12C-01A-11R-A10J-07,0.45092457122177143,0
TCGA-CK-4950-01A-01R-1723-07,0.26655345500341154,0
TCGA-55-6987-01A-11R-1949-07,0.6977176269780989,1
TCGA-G3-A7M6-01A-11R-A33R-07,0.9352647361966328,1
TCGA-EW-A3E8-01B-11R-A24H-07,0.6373423445895113,1
TCGA-AO-A0JB-01A-11R-A32Y-07,0.8400429844140929,1
TCGA-EJ-A8FO-01A-21R-A36G-07,0.4070653795416633,1
TCGA-CM-6168-01A-11R-1653-07,0.6901242438709603,1
TCGA-J4-8198-01A-11R-2263-07,0.6080102211177785,1
TCGA-YL-A8SA-01A-21R-A37L-07,0.7174747823595573,1
TCGA-CJ-5679-01A-11R-1541-07,0.8693089638128985,1
TCGA-LL-A7SZ-01A-32R-A352-07,0.8582035715320158,1
TCGA-CM-6677-01A-11R-1839-07,0.5800505611527595,1
TCGA-BP-4973-01A-01R-1334-07,0.4372654606958614,1
TCGA-2L-AAQJ-01A-12R-A39D-07,0.5522472166228656,1
TCGA-09-0367-01A-01R-1564-13,0.6452184602536759,1
TCGA-BQ-7044-01A-11R-1965-07,0.5779612641679404,1
TCGA-B0-4813-01A-01R-1277-07,0.9702773465146275,1
TCGA-24-1104-01A-01R-1565-13,0.7121840954259335,1
TCGA-HC-A6HY-01A-11R-A31N-07,0.46769154853680656,1
TCGA-L5-A8NK-01A-21R-A37I-31,0.470410145701242,1
TCGA-31-1953-01A-01R-1568-13,0.6978073310360222,1
TCGA-BH-A8FY-01A-11R-A36F-07,0.8232954663697539,1
TCGA-B0-5107-01A-01R-1420-07,0.8986506723045381,0
TCGA-09-1673-01A-01R-1566-13,0.8411465290487539,1
TCGA-CH-5764-01A-21R-1580-07,0.4079429795494269,0
TCGA-2H-A9GN-01A-11R-A37I-31,0.6805908174998103,1
TCGA-23-1024-01A-02R-1564-13,0.43672660895202714,0
TCGA-B8-5549-01A-01R-1541-07,0.5227570261865482,1
TCGA-GL-8500-01A-11R-2404-07,0.6236067128999828,1
TCGA-KK-A8IM-01A-11R-A36G-07,0.24389731754063362,0
TCGA-BH-A0BQ-01A-21R-A115-07,0.5663582703815792,1
TCGA-G3-A6UC-01A-21R-A33J-07,0.5711572912425167,1
TCGA-20-1687-01A-01R-1566-13,0.495675853565766,0
TCGA-AC-A2QH-01A-11R-A18M-07,0.9252327679306179,1
TCGA-DM-A28M-01A-12R-A16W-07,0.5475317869187414,1
TCGA-13-0899-01A-01R-1564-13,0.6650771450525771,1
TCGA-2Y-A9GW-01A-11R-A38B-07,0.5460769930843244,1
TCGA-2A-A8VT-01A-11R-A37L-07,0.7043689690077939,1
TCGA-D5-6922-01A-11R-1928-07,0.6988508791981142,1
TCGA-24-1847-01A-01R-1566-13,0.699166629961097,1
TCGA-AC-A2FO-01A-11R-A180-07,0.5918317608983631,1
TCGA-UB-A7MC-01A-11R-A33R-07,0.6303619337319368,1
TCGA-MP-A4TK-01A-11R-A24X-07,0.6448822070643041,1
TCGA-04-1542-01A-01R-1566-13,0.7095075605293525,1
TCGA-EW-A1P8-01A-11R-A144-07,0.8294885731368283,1
TCGA-G7-7501-01A-11R-2204-07,0.9554361953451768,1
TCGA-A2-A0D0-01A-11R-A00Z-07,0.8105650460160204,0
TCGA-HC-7079-01A-11R-1965-07,0.9757738724932483,1
TCGA-KK-A8IA-01A-11R-A36G-07,0.6575264593468741,1
TCGA-D5-6529-01A-11R-1774-07,0.6404079408453915,1
TCGA-G4-6304-01A-11R-1928-07,0.599983050349186,1
TCGA-BH-A0HB-01A-11R-A056-07,0.7342512698172624,1
TCGA-CJ-4882-01A-02R-1426-07,0.7667922619041644,1
TCGA-24-1435-01A-01R-1566-13,0.4898076936651547,1
TCGA-AA-3492-01A-01R-1410-07,0.6440128617370423,0
TCGA-IZ-8196-01A-11R-2404-07,0.7639049834752492,1
TCGA-UB-A7ME-01A-11R-A33J-07,0.5239202199861078,0
TCGA-6A-AB49-01A-12R-A405-07,0.9289091105206329,1
TCGA-63-7021-01A-11R-1949-07,0.49221883464338106,1
TCGA-A2-A0EN-01A-13R-A084-07,0.4239054682401223,0
TCGA-A8-A0A2-01A-11R-A034-07,0.4622550825762595,0
TCGA-DD-AACX-01A-11R-A41C-07,0.6070408171406483,1
TCGA-E2-A14O-01A-31R-A115-07,0.7943048171538066,1
TCGA-AA-3695-01A-01R-0905-07,0.9932323116315152,1
TCGA-A2-A0EM-01A-11R-A034-07,0.6330225779335906,1
TCGA-AA-3549-01A-02R-0821-07,0.577164027741431,1
TCGA-ED-A7XP-01A-11R-A352-07,0.6968682981512356,1
TCGA-97-7938-01A-11R-2170-07,0.6708347081416653,1
TCGA-23-1122-01A-01R-1565-13,0.5214126098010143,1
TCGA-AA-A01I-01A-02R-A089-07,0.8254710827715044,1
TCGA-ZS-A9CG-01A-11R-A37K-07,0.5114450355217839,1
TCGA-A7-A0DA-01A-31R-A115-07,0.784904662729579,1
TCGA-29-1701-01A-01R-1567-13,0.7854515055174424,1
TCGA-LN-A4A6-01A-11R-A260-31,0.2639071143976639,0
TCGA-2H-A9GQ-01A-11R-A37I-31,0.8695597376126799,1
TCGA-B8-4620-01A-02R-1325-07,0.6955915860701126,1
TCGA-B0-4718-01A-01R-1277-07,0.6262036170755344,1
TCGA-AA-3861-01A-01R-1022-07,0.5340903868306579,1
TCGA-D5-6932-01A-11R-1928-07,0.5514052824328364,1
TCGA-55-8091-01A-11R-2241-07,0.6379080362245311,1
TCGA-64-1681-01A-11R-2066-07,0.5352739568816278,1
TCGA-VR-AA7I-01A-11R-A406-31,0.24446967658081575,0
TCGA-AZ-4308-01A-01R-1410-07,0.799752003073714,1
TCGA-13-1403-01A-01R-1565-13,0.5625703795789444,1
TCGA-AL-3471-01A-02R-1351-07,0.7727310109766947,1
TCGA-23-2078-01A-01R-1568-13,0.6855138279629511,1
TCGA-25-2409-01A-01R-1569-13,0.5594567577205851,1
TCGA-BH-A0W7-01A-11R-A115-07,0.6875639805162904,1
TCGA-DM-A1D6-01A-21R-A155-07,0.7865636158857128,1
TCGA-13-1512-01A-01R-1565-13,0.8266983534380917,1
TCGA-23-1111-01A-01R-1567-13,0.6636355796982107,1
TCGA-43-6647-01A-11R-1820-07,0.7936723763029705,1
TCGA-85-7698-01A-11R-2125-07,0.5625972967327397,1
TCGA-MW-A4EC-01A-11R-A266-07,0.5046123263468145,1
TCGA-58-A46J-01A-11R-A24H-07,0.7003564723371273,1
TCGA-DD-AAVX-01A-11R-A41C-07,0.47560855597510737,1
TCGA-29-1777-01A-01R-1567-13,0.7473047189116435,1
TCGA-A2-A3XX-01A-21R-A239-07,0.7472140194570652,1
TCGA-55-7725-01A-11R-2170-07,0.831396772350832,1
TCGA-BH-A0DP-01A-21R-A056-07,0.6011739296664479,1
TCGA-PD-A5DF-01A-11R-A27V-07,0.5261761131945312,1
TCGA-77-7465-01A-11R-2045-07,0.6588001019032868,1
TCGA-A6-5659-01A-01R-A278-07,0.9311407273032568,1
TCGA-A8-A08G-01A-11R-A00Z-07,0.6599001533090746,1
TCGA-39-5029-01A-01R-1443-07,0.4520612564971162,0
TCGA-DD-AAVQ-01A-11R-A41C-07,0.7090341475983228,1
TCGA-BH-A0DK-01A-21R-A056-07,0.6278391201630931,1
TCGA-AC-A2QJ-01A-12R-A19W-07,0.9746755744425649,1
TCGA-BP-4799-01A-01R-1305-07,0.9354709562460477,1
TCGA-18-3415-01A-01R-0980-07,0.6795484313689641,1
TCGA-22-A5C4-01A-12R-A27Q-07,0.8211761954215376,1
TCGA-Y8-A896-01A-11R-A36F-07,0.7999006471383859,1
TCGA-AC-A2FG-01A-11R-A17B-07,0.6622794106581658,1
TCGA-CW-5584-01A-01R-1541-07,0.5587041536387516,1
TCGA-58-8387-01A-11R-2296-07,0.7647826384838311,1
TCGA-55-7724-01A-11R-2170-07,0.8628082908340516,1
TCGA-AO-A12B-01A-11R-A10J-07,0.844260386578796,1
TCGA-KC-A7F3-01A-21R-A33R-07,0.4453387894260598,1
TCGA-49-4514-01A-21R-1858-07,0.8671767066719704,1
TCGA-A8-A09N-01A-11R-A00Z-07,0.6139119084949889,1
TCGA-C8-A12W-01A-11R-A115-07,0.6183279060053622,1
TCGA-BP-4797-01A-01R-1305-07,0.39721962530660904,0
TCGA-G3-A7M9-01A-23R-A352-07,0.945087730828365,1
TCGA-55-7815-01A-11R-2170-07,0.8274546804137173,1
TCGA-EJ-A8FP-01A-21R-A36G-07,0.43555429890683856,1
TCGA-AN-A0FT-01A-11R-A034-07,0.7037564044313782,0
TCGA-A2-A25A-01A-12R-A16F-07,0.586268914916091,1
TCGA-33-4547-01A-01R-1201-07,0.3337849286100212,0
TCGA-G9-7523-01A-11R-2263-07,0.9155483242895882,1
TCGA-KK-A8II-01A-11R-A36G-07,0.6949543144364212,1
TCGA-09-2048-01A-01R-1568-13,0.6976122740792957,1
TCGA-B0-4824-01A-01R-1277-07,0.3891060243942979,1
TCGA-BH-A0DH-01A-11R-A084-07,0.5533114542428921,0
TCGA-55-8615-01A-11R-2403-07,0.667532566875278,1
TCGA-78-8648-01A-11R-2403-07,0.4629492509190151,0
TCGA-05-4426-01A-01R-1206-07,0.8015441591802683,1
TCGA-CW-6087-01A-11R-1672-07,0.9659233717423839,1
TCGA-BH-A2L8-01A-11R-A18M-07,0.7038579345147603,1
TCGA-64-1680-01A-02R-0946-07,0.7512671376580369,1
TCGA-ER-A19T-01A-11R-A18T-07,0.9482010604159049,1
TCGA-IB-7891-01A-11R-2204-07,0.3802610542636184,1
TCGA-SX-A7SN-01A-11R-A355-07,0.19422375410205145,0
TCGA-EJ-7793-01A-31R-2263-07,0.4121582969475761,1
TCGA-23-1118-01A-01R-1564-13,0.65620759446518,1
TCGA-AQ-A54N-01A-11R-A266-07,0.8916540786242776,1
TCGA-DD-AAW1-01A-11R-A41C-07,0.5943994092660795,1
TCGA-L5-A43E-01A-11R-A24K-31,0.6809317845248913,1
TCGA-AA-A00O-01A-02R-A089-07,0.7650737067471921,0
TCGA-24-2261-01A-01R-1568-13,0.6228943703461358,1
TCGA-AA-3688-01A-01R-0905-07,0.27314860467097035,0
TCGA-UZ-A9PV-01A-11R-A42S-07,0.5216388312603599,1
TCGA-37-A5EN-01A-21R-A26W-07,0.587436491015242,1
TCGA-09-2053-01C-01R-1568-13,0.6134608749155199,1
TCGA-EW-A1J5-01A-11R-A13Q-07,0.5439485732106134,1
TCGA-IB-AAUQ-01A-22R-A41I-07,0.5317754030548605,1
TCGA-A2-A0SX-01A-12R-A084-07,0.6848762865384467,1
TCGA-H8-A6C1-01A-11R-A32O-07,0.2893321566049144,0
TCGA-P4-AAVO-01A-11R-A42S-07,0.7187469240847291,1
TCGA-A7-A6VY-01A-12R-A33J-07,0.8038675453756084,1
TCGA-BP-5177-01A-01R-1426-07,0.4388532335109716,0
TCGA-37-4141-01A-02R-1100-07,0.853213800089385,0
TCGA-85-8355-01A-11R-2296-07,0.5923539355627853,1
TCGA-60-2719-01A-01R-0851-07,0.5966705195619154,1
TCGA-AA-A01C-01A-01R-A00A-07,0.5250641366613849,1
TCGA-G9-6329-01A-13R-1965-07,0.7273192296848566,1
TCGA-BH-A0HK-01A-11R-A056-07,0.6285896452151783,1
TCGA-34-5239-01A-21R-1820-07,0.4433891121384578,0
TCGA-NC-A5HH-01A-11R-A26W-07,0.8761811237852464,1
TCGA-NC-A5HK-01A-11R-A26W-07,0.8542371126462253,1
TCGA-69-7973-01A-11R-2187-07,0.7185651886529,1
TCGA-77-8128-01A-11R-2247-07,0.48088584799720896,1
TCGA-B0-5700-01A-11R-1541-07,0.6353942738811368,1
TCGA-IB-8126-01A-11R-2404-07,0.7476852367345873,1
TCGA-QL-A97D-01A-12R-A41B-07,0.32203353042090577,0
TCGA-XR-A8TC-01A-11R-A36F-07,0.7534462306144667,1
TCGA-63-A5MU-01A-11R-A26W-07,0.5575337848573405,1
TCGA-B8-A54F-01A-11R-A266-07,0.34172700021970703,0
TCGA-78-7220-01A-11R-2039-07,0.9114476749360403,1
TCGA-97-8176-01A-11R-2403-07,0.6502730540496232,1
TCGA-G4-6293-01A-11R-1723-07,0.6152038458795441,1
TCGA-05-5715-01A-01R-1628-07,0.683172062409397,1
TCGA-E2-A1IF-01A-11R-A144-07,0.66007124886679,1
TCGA-AC-A3YI-01A-21R-A239-07,0.704038013694493,1
TCGA-2J-AAB6-01A-11R-A41B-07,0.7474519525815071,1
TCGA-B1-A47N-01A-11R-A24Z-07,0.9163841421313222,1
TCGA-D8-A1JL-01A-11R-A13Q-07,0.7401243324786584,1
TCGA-SS-A7HO-01A-21R-A37K-07,0.642461583484025,1
TCGA-58-8390-01A-11R-2326-07,0.7884202618421359,1
TCGA-85-8582-01A-21R-2403-07,0.691042930004425,1
TCGA-J9-A8CL-01A-11R-A352-07,0.8131666125598445,1
TCGA-BQ-5888-01A-11R-1592-07,0.7108009239956223,1
TCGA-GM-A2DF-01A-11R-A180-07,0.8757169893894762,1
TCGA-CJ-4891-01A-01R-1305-07,0.9208104052497563,1
TCGA-E2-A14R-01A-11R-A115-07,0.7509452099547184,1
TCGA-30-1853-01A-02R-1567-13,0.7061667991207996,1
TCGA-EV-5903-01A-11R-1592-07,0.6424528878410812,1
TCGA-G9-6353-01A-11R-1965-07,0.4289611448908559,0
TCGA-BC-A110-01A-11R-A131-07,0.652039074088796,1
TCGA-04-1648-01A-01R-1567-13,0.8147820342972866,1
TCGA-55-6983-01A-11R-1949-07,0.5990882438941764,1
TCGA-WX-AA44-01A-11R-A39D-07,0.822231721880747,1
TCGA-C8-A132-01A-31R-A115-07,0.4146928110877361,0
TCGA-A2-A0CU-01A-12R-A034-07,0.6267740522731433,1
TCGA-46-3769-01A-01R-0980-07,0.6907667192374178,0
TCGA-PE-A5DC-01A-12R-A27Q-07,0.7294836286153292,1
TCGA-2J-AAB9-01A-11R-A41B-07,0.13271172096530245,0
TCGA-21-1083-01A-01R-0692-07,0.7519169892611265,1
TCGA-E2-A15F-01A-11R-A115-07,0.5995261810859644,1
TCGA-BH-A1F5-01A-12R-A13Q-07,0.701509352900657,1
TCGA-EW-A1P4-01A-21R-A144-07,0.7989374848393113,1
TCGA-29-1778-01A-01R-1567-13,0.7487013543686634,1
TCGA-30-1718-01A-01R-1567-13,0.70574266129117,1
TCGA-86-8074-01A-11R-2241-07,0.6650236699985026,1
TCGA-A6-6782-01A-11R-1839-07,0.6467922018067571,1
TCGA-IA-A83V-01A-11R-A355-07,0.2754094295530441,0
TCGA-KK-A6E5-01A-11R-A311-07,0.428148815651027,1
TCGA-L9-A5IP-01A-21R-A39D-07,0.5350990872281713,0
TCGA-58-8391-01A-11R-2326-07,0.7344457422919781,1
TCGA-KK-A8IK-01A-11R-A36G-07,0.9210488927768034,1
TCGA-F4-6807-01A-11R-1839-07,0.6374575505014201,1
TCGA-EJ-5516-01A-01R-1580-07,0.8070738910837072,1
TCGA-85-8350-01A-11R-2296-07,0.6099064398588332,1
TCGA-KK-A7AZ-01A-12R-A32O-07,0.7283967580281024,1
TCGA-DW-7842-01A-11R-A32Z-07,0.6477657508752128,1
TCGA-OL-A6VQ-01A-12R-A41B-07,0.55890487003988,1
TCGA-31-1946-01A-01R-1568-13,0.3701566454252786,0
TCGA-AZ-6606-01A-11R-1839-07,0.5423696878902529,1
TCGA-DD-AAD1-01A-11R-A41C-07,0.908397804992438,1
TCGA-A2-A0CO-01A-13R-A22K-07,0.6576546172101879,1
TCGA-CM-4750-01A-01R-1410-07,0.49776702636151204,1
TCGA-AC-A4ZE-01A-11R-A41B-07,0.6886830452876765,1
TCGA-BP-4327-01A-01R-1289-07,0.5547825984588127,1
TCGA-UZ-A9PX-01A-11R-A42S-07,0.36347056998295585,1
TCGA-BH-A0B9-01A-11R-A056-07,0.7495807446192415,1
TCGA-FB-AAQ0-01A-31R-A41B-07,0.7833901283967675,1
TCGA-A8-A09K-01A-11R-A00Z-07,0.6583190930507997,1
TCGA-55-1595-01A-01R-0946-07,0.5643605749589039,1
TCGA-J4-A83K-01A-11R-A352-07,0.3438909720162333,1
TCGA-A2-A1G4-01A-11R-A13Q-07,0.6617995563407529,1
TCGA-A2-A04T-01A-21R-A034-07,0.7520615473176467,1
TCGA-V1-A8MK-01A-11R-A36G-07,0.3648885333194293,1
TCGA-AN-A03X-01A-21R-A00Z-07,0.7302759378226193,1
TCGA-97-7547-01A-11R-2039-07,0.737206756684419,1
TCGA-AD-6889-01A-11R-1928-07,0.5398067969592918,1
TCGA-KK-A7AW-01A-11R-A32O-07,0.9706949839508178,1
TCGA-AO-A03N-01B-11R-A10J-07,0.8141970147757017,1
TCGA-EJ-5530-01A-01R-1580-07,0.34105445670521556,0
TCGA-P4-AAVM-01A-11R-A42S-07,0.6161830326839893,1
TCGA-66-2778-01A-02R-0851-07,0.8884164853221312,1
TCGA-HC-A6AP-01A-11R-A30B-07,0.5722154276969825,0
TCGA-Z6-AAPN-01A-11R-A406-31,0.5403552361716824,0
TCGA-CJ-4886-01A-01R-1305-07,0.1726271477390721,0
TCGA-BP-4769-01A-01R-1289-07,0.7570613744988298,1
TCGA-D8-A1XM-01A-21R-A14M-07,0.6025221537703525,1
TCGA-A7-A4SA-01A-11R-A266-07,0.7316947967815024,1
TCGA-LN-A7HZ-01A-31R-A354-31,0.859324718801796,1
TCGA-AR-A1AO-01A-11R-A12P-07,0.7199846943691292,1
TCGA-Y6-A9XI-01A-11R-A41O-07,0.5693634982275354,1
TCGA-31-1951-01A-01R-1568-13,0.6401093849355106,1
TCGA-25-1318-01A-01R-1565-13,0.7353376974699003,1
TCGA-B0-5099-01A-01R-1420-07,0.6501284417576437,1
TCGA-CH-5794-01A-11R-1580-07,0.5557273772554826,1
TCGA-BQ-5894-01A-11R-1592-07,0.9875206603404982,1
TCGA-CZ-4863-01A-01R-1503-07,0.4131798272810875,1
TCGA-DD-AADJ-01A-11R-A41C-07,0.4184645764371898,1
TCGA-B0-4845-01A-01R-1277-07,0.49181628558776036,1
TCGA-BC-A216-01A-11R-A155-07,0.8684592558604446,1
TCGA-CJ-4871-01A-01R-1305-07,0.5466346156327709,1
TCGA-B0-5710-01A-11R-1672-07,0.4096779912364218,1
TCGA-CH-5750-01A-11R-1580-07,0.5035859594410872,0
TCGA-DV-5566-01A-01R-1541-07,0.6485175392601571,1
TCGA-BC-A10X-01A-11R-A131-07,0.40676074887226565,0
TCGA-60-2721-01A-01R-0851-07,0.6594040522951936,1
TCGA-F2-7273-01A-11R-2156-07,0.48611265618389027,1
TCGA-05-4389-01A-01R-1206-07,0.7064241549640159,1
TCGA-A8-A083-01A-21R-A00Z-07,0.7193237387070849,1
TCGA-EJ-7317-01A-31R-2118-07,0.3789590276553098,1
TCGA-24-2023-01A-01R-1567-13,0.7415622549951679,1
TCGA-B6-A0RM-01A-11R-A084-07,0.5876256176809538,1
TCGA-56-A5DS-01A-11R-A27Q-07,0.625213357972676,1
TCGA-CJ-5672-01A-11R-1541-07,0.5094587420493918,1
TCGA-73-7498-01A-12R-2187-07,0.5787568031809354,1
TCGA-GM-A2DH-01A-11R-A180-07,0.6663477852022414,0
TCGA-A8-A082-01A-11R-A00Z-07,0.727069975564401,1
TCGA-DD-A4NI-01A-11R-A27V-07,0.5153393351032906,1
TCGA-G4-6626-01A-11R-1774-07,0.5684317865340879,1
TCGA-CH-5738-01A-11R-1580-07,0.4719440270928161,1
TCGA-79-5596-01A-31R-1949-07,0.6004154032924667,1
TCGA-A6-5656-01A-21R-A278-07,0.841100498564165,0
TCGA-BP-4766-01A-01R-1289-07,0.5182189645076067,1
TCGA-XQ-A8TB-01A-11R-A36G-07,0.6751074681044771,1
TCGA-BP-4337-01A-01R-1289-07,0.6420747100960758,1
TCGA-G9-A9S4-01A-11R-A41O-07,0.8656636975178462,1
TCGA-CH-5762-01A-11R-1580-07,0.6793094343191014,1
TCGA-B0-5106-01A-01R-1420-07,0.5728897280549956,1
TCGA-V1-A9OX-01A-11R-A41O-07,0.34628385345288504,0
TCGA-DD-AADU-01A-11R-A41C-07,0.5667742099423795,1
TCGA-A3-3385-01A-02R-1420-07,0.811152509167964,1
TCGA-90-7964-01A-21R-2187-07,0.724630934822793,1
TCGA-55-7913-01B-11R-2241-07,0.669825557862802,0
TCGA-AN-A0AJ-01A-11R-A00Z-07,0.5329287483390064,0
TCGA-09-1670-01A-01R-1566-13,0.5874689800546504,1
TCGA-A4-7734-01A-11R-A32Z-07,0.8215858030891895,1
TCGA-55-7914-01A-11R-2170-07,0.6800195101169052,1
TCGA-77-7140-01A-41R-2045-07,0.7767133590174441,1
TCGA-VN-A943-01A-11R-A41O-07,0.4423641713595044,0
TCGA-B0-5108-01A-01R-1420-07,0.5786646547138508,1
TCGA-J9-A8CN-01A-11R-A352-07,0.6533714076256504,1
TCGA-13-1485-01A-02R-1565-13,0.717342171713165,1
TCGA-33-AASL-01A-11R-A405-07,0.8854662801946463,1
TCGA-CC-5264-01A-01R-A131-07,0.8974887332182606,1
TCGA-CK-4952-01A-01R-1723-07,0.7371337865144384,1
TCGA-04-1530-01A-02R-1569-13,0.5789468710208866,1
TCGA-80-5608-01A-31R-1949-07,0.45847343865641166,0
TCGA-B1-A657-01A-11R-A31O-07,0.4801984323267205,1
TCGA-AA-3489-01A-21R-1839-07,0.8447708907098811,1
TCGA-OL-A66O-01A-11R-A31O-07,0.78654904880726,1
TCGA-5L-AAT1-01A-12R-A41B-07,0.5268130494341925,0
TCGA-55-6986-01A-11R-1949-07,0.6670984879201708,1
TCGA-FB-A4P5-01A-11R-A26U-07,0.39482661168279604,1
TCGA-AK-3428-01A-02R-1277-07,0.4500416749328419,0
TCGA-4T-AA8H-01A-11R-A41B-07,0.569347361771683,1
TCGA-L5-A88Y-01A-11R-A354-31,0.8329603195078094,1
TCGA-VN-A88K-01A-11R-A352-07,0.41179672661228117,0
TCGA-58-A46N-01A-11R-A24H-07,0.6998422025993267,1
TCGA-YL-A9WH-01A-11R-A37L-07,0.8820189253244809,1
TCGA-44-6776-01A-11R-1858-07,0.40797052072438317,0
TCGA-97-A4M6-01A-11R-A24X-07,0.5228049656908169,1
TCGA-33-4583-01A-01R-1443-07,0.6550012502521733,1
TCGA-2Y-A9H9-01A-21R-A39D-07,0.2514942359377627,0
TCGA-D8-A27L-01A-11R-A16F-07,0.5814777500812948,1
TCGA-F4-6704-01A-11R-1839-07,0.9113704380387283,1
TCGA-63-A5MY-01A-11R-A26W-07,0.8332630591433587,1
TCGA-AA-3666-01A-02R-0905-07,0.7204198371221865,1
TCGA-A8-A08Z-01A-21R-A00Z-07,0.5769972626213489,1
TCGA-V1-A9Z9-01A-21R-A41O-07,0.3941239111158291,1
TCGA-3A-A9IR-01A-11R-A38C-07,0.9978361014824751,1
TCGA-24-1436-01A-01R-1566-13,0.4331873523136188,0
TCGA-BH-A0AU-01A-11R-A12P-07,0.6504930655237379,1
TCGA-G9-6379-01A-11R-A31N-07,0.8414113367020349,0
TCGA-DD-AADR-01A-11R-A41C-07,0.5922925875935758,1
TCGA-EB-A4OY-01A-11R-A266-07,0.4380654915313542,1
TCGA-63-A5MG-01A-12R-A27Q-07,0.4820251405315712,0
TCGA-BP-4341-01A-01R-1289-07,0.634732516466176,1
TCGA-B8-5550-01A-01R-1541-07,0.7056379370604241,1
TCGA-50-5935-01A-11R-1755-07,0.5061256783853402,1
TCGA-D5-6929-01A-31R-1928-07,0.5655283039636751,1
TCGA-55-A48X-01A-11R-A24H-07,0.4677651414600149,1
TCGA-BH-A0HA-01A-11R-A12P-07,0.7482056752008638,1
TCGA-AD-5900-01A-11R-1653-07,0.43186945129404625,0
TCGA-50-5049-01A-01R-1628-07,0.654658576586839,1
TCGA-BH-A0B7-01A-12R-A115-07,0.7187098252799542,1
TCGA-33-AAS8-01A-11R-A405-07,0.5693734583299713,1
TCGA-BH-A0GZ-01A-11R-A056-07,0.715000266420458,1
TCGA-LN-A4A1-01A-21R-A260-31,0.6873776831085813,1
TCGA-XK-AAIW-01A-11R-A41O-07,0.9637613060754626,1
TCGA-98-8021-01A-11R-2247-07,0.5226329979824708,1
TCGA-B6-A0WX-01A-11R-A109-07,0.6678840429830211,1
TCGA-EB-A82B-01A-11R-A352-07,0.4186337369254427,0
TCGA-25-1324-01A-01R-1565-13,0.7527608959925023,1
TCGA-13-1482-01A-01R-1565-13,0.675432123397766,1
TCGA-KH-A6WC-01A-11R-A336-31,0.7261226890049663,1
TCGA-KC-A7FA-01A-21R-A33R-07,0.595238308745995,1
TCGA-B2-4098-01A-02R-1325-07,0.8780267661310425,1
TCGA-EJ-A7NH-01A-12R-A33R-07,0.322318300726595,0
TCGA-CJ-5686-01A-11R-1672-07,0.2226095615810274,0
TCGA-V1-A8MU-01A-11R-A37L-07,0.31163049155374245,0
TCGA-67-3774-01A-01R-0946-07,0.48232573376726495,1
TCGA-93-8067-01A-11R-2287-07,0.6775720834425042,1
TCGA-CJ-4923-01A-01R-1426-07,0.6433882834630346,1
TCGA-G6-A8L6-01A-11R-A37O-07,0.7192247057086013,1
TCGA-EB-A5SF-01A-11R-A311-07,0.5609980530271963,1
TCGA-34-2600-01A-01R-0851-07,0.7675711942165369,1
TCGA-E9-A1NF-01A-11R-A14D-07,0.64218194206237,1
TCGA-A8-A08L-01A-11R-A00Z-07,0.5195754866793901,0
TCGA-AO-A0J4-01A-11R-A034-07,0.6332439057808342,1
TCGA-55-8203-01A-11R-2241-07,0.5534376966446763,1
TCGA-LN-A49S-01A-11R-A24K-31,0.6997252872742236,1
TCGA-NC-A5HP-01A-11R-A26W-07,0.6396715865722999,1
TCGA-BH-A1FB-01A-11R-A13Q-07,0.43332376860627836,1
TCGA-53-A4EZ-01A-12R-A24X-07,0.8302679868026467,1
TCGA-69-7978-01A-11R-2187-07,0.5745524828766655,1
TCGA-UB-AA0U-01A-11R-A38B-07,0.7033436149575842,1
TCGA-44-7662-01A-11R-2066-07,0.5963210311121012,1
TCGA-E2-A14P-01A-31R-A12D-07,0.8207286053187343,1
TCGA-66-2770-01A-01R-0851-07,0.5546181691197207,1
TCGA-GL-A4EM-01A-11R-A24Z-07,0.7653130027937382,1
TCGA-A3-3357-01A-02R-1420-07,0.6782999466088837,1
TCGA-AA-A01D-01A-01R-A00A-07,0.857695924588343,1
TCGA-39-5040-01A-21R-2125-07,0.8980172461600727,1
TCGA-2Y-A9H6-01A-11R-A39D-07,0.5797791954548405,1
TCGA-38-6178-01A-11R-1755-07,0.5412116658622849,1
TCGA-G3-A25Z-01A-11R-A16W-07,0.3860203285446065,1
TCGA-BH-A204-01A-11R-A157-07,0.7914476098932726,1
TCGA-AA-A01Z-01A-11R-A083-07,0.7157073324094635,1
TCGA-FB-AAPU-01A-31R-A41B-07,0.946580492109115,1
TCGA-18-3406-01A-01R-0980-07,0.6854553731945222,0
TCGA-HC-7742-01A-11R-2118-07,0.5593705353550351,1
TCGA-B0-4691-01A-01R-1277-07,0.7780786789299614,1
TCGA-18-3408-01A-01R-0980-07,0.8350331064728563,0
TCGA-A8-A07W-01A-11R-A00Z-07,0.606477130032918,1
TCGA-OL-A6VR-01A-32R-A33J-07,0.655502843175752,1
TCGA-CA-6718-01A-11R-1839-07,0.7772646850799886,1
TCGA-04-1357-01A-01R-1565-13,0.5028297530405026,0
TCGA-X4-A8KS-01A-12R-A36G-07,0.8990252827506204,1
TCGA-EW-A2FR-01A-11R-A21T-07,0.6926275225493064,1
TCGA-A8-A0A9-01A-11R-A00Z-07,0.6105487903022699,1
TCGA-J4-A83N-01A-11R-A352-07,0.588457307532559,1
TCGA-CJ-4872-01A-01R-1305-07,0.5190682685564655,1
TCGA-B0-5081-01A-01R-1334-07,0.7056939548745947,1
TCGA-E9-A24A-01A-11R-A169-07,0.4487554332073788,0
TCGA-DD-A73E-01A-12R-A32O-07,0.6753088677737096,1
TCGA-LA-A7SW-01A-11R-A405-07,0.7968472569336487,1
TCGA-C8-A12U-01A-11R-A115-07,0.798747469309201,1
TCGA-B0-5097-01A-01R-1420-07,0.7004791125940508,1
TCGA-13-0795-01A-01R-1564-13,0.7935778969704496,1
TCGA-A7-A56D-01A-11R-A27Q-07,0.9129971095061329,1
TCGA-G3-A25S-01A-11R-A16W-07,0.5677953740318729,1
TCGA-XQ-A8TA-01A-11R-A36G-07,0.9945559663444201,1
TCGA-BP-4335-01A-01R-1289-07,0.4407197827873544,1
TCGA-CC-5258-01A-01R-A131-07,0.8909983076588763,1
TCGA-HC-A48F-01A-11R-A250-07,0.6629322480096467,1
TCGA-93-A4JN-01A-11R-A24X-07,0.6085830054743568,1
TCGA-DD-AADI-01A-11R-A41C-07,0.44902601775249945,0
TCGA-A8-A090-01A-11R-A00Z-07,0.6509471121231045,1
TCGA-66-2785-01A-01R-0851-07,0.6474263067711108,0
TCGA-61-2097-01A-02R-1568-13,0.706853320529922,1
TCGA-5P-A9K2-01A-11R-A42S-07,0.7403216756249826,1
TCGA-KK-A8IC-01A-11R-A36G-07,0.45944508591315075,0
TCGA-A7-A26E-01A-11R-A277-07,0.8465029867186813,1
TCGA-50-5066-01A-01R-1628-07,0.9064730390494288,1
TCGA-D8-A27N-01A-11R-A16F-07,0.60186853272131,0
TCGA-78-7166-01A-12R-2066-07,0.5343992214435264,0
TCGA-E9-A1R3-01A-31R-A14M-07,0.538010179637512,0
TCGA-97-A4M2-01A-12R-A24X-07,0.5021191502256578,1
TCGA-BQ-7056-01A-11R-1965-07,0.7668034801232314,1
TCGA-13-0724-01A-01R-1564-13,0.4130113708642755,0
TCGA-BH-A0HW-01A-11R-A034-07,0.6723195001771763,1
TCGA-PE-A5DE-01A-11R-A27Q-07,0.659063522739538,1
TCGA-2L-AAQI-01A-12R-A39D-07,0.269917845682474,0
TCGA-2A-A8VV-01A-11R-A37L-07,0.37325106776763983,1
TCGA-39-5016-01A-01R-1443-07,0.348675029165674,0
TCGA-D5-6930-01A-11R-1928-07,0.5523351902266025,1
TCGA-D8-A27I-01A-11R-A16F-07,0.5309665336341474,1
TCGA-V1-A8ML-01A-11R-A37L-07,0.520495372080208,1
TCGA-85-6798-01A-11R-1949-07,0.6120388256625934,1
TCGA-AA-3510-01A-01R-1410-07,0.536710254317496,1
TCGA-98-A53A-01A-11R-A262-07,0.7001546746586056,1
TCGA-A4-A772-01A-11R-A33Z-07,0.12093471706649592,0
TCGA-MP-A4TC-01A-11R-A24X-07,0.6758474091118287,1
TCGA-49-6745-01A-11R-1858-07,0.6806607966386232,1
TCGA-10-0927-01A-02R-1564-13,0.37284091901903815,0
TCGA-A2-A0CT-01A-31R-A056-07,0.8039390645604131,1
TCGA-99-8025-01A-11R-2241-07,0.6232891055228454,1
TCGA-ZS-A9CE-01A-11R-A37K-07,0.23986199838064928,0
TCGA-AO-A0J6-01A-11R-A034-07,0.8291837308940593,1
TCGA-CA-6715-01A-21R-1839-07,0.5652010652282894,1
TCGA-AR-A255-01A-11R-A169-07,0.39581268102575,0
TCGA-61-2088-01A-01R-1568-13,0.8733935357406281,1
TCGA-DD-A4NV-01A-11R-A311-07,0.649135627060548,1
TCGA-K7-A5RF-01A-11R-A28V-07,0.5285160974310661,1
TCGA-RC-A6M6-01A-11R-A32O-07,0.8478989901417806,1
TCGA-EP-A12J-01A-11R-A131-07,0.5738139263443407,1
TCGA-BH-A0BW-01A-11R-A115-07,0.653657786530981,1
TCGA-56-A4BY-01A-11R-A24H-07,0.6367607673773902,1
TCGA-AA-3980-01A-02R-1022-07,0.6786927552738363,1
TCGA-55-8507-01A-11R-2403-07,0.48308040461233975,0
TCGA-BH-A0BS-01A-11R-A12P-07,0.6437726401267652,1
TCGA-DD-A4NH-01A-11R-A27V-07,0.9027975345905137,1
TCGA-L9-A443-01A-12R-A24H-07,0.6095374763752739,1
TCGA-IB-7893-01A-11R-2204-07,0.7132579235733968,0
TCGA-C8-A26W-01A-11R-A16F-07,0.6663759363782567,1
TCGA-AA-3866-01A-01R-1022-07,0.5047837621472228,1
TCGA-AA-3966-01A-01R-1113-07,0.6999772593128507,0
TCGA-24-1425-01A-02R-1566-13,0.8430276659823082,1
TCGA-J9-A52D-01A-11R-A29R-07,0.6441158749355319,1
TCGA-2Z-A9JQ-01A-11R-A42S-07,0.7819398692920142,1
TCGA-AA-3941-01A-01R-1022-07,0.693457225741869,1
TCGA-77-7337-01A-21R-2045-07,0.5533231506129236,1
TCGA-92-8063-01A-11R-2247-07,0.6820055728538255,1
TCGA-BH-A0EA-01A-11R-A115-07,0.6495281146548872,1
TCGA-EJ-7330-01A-11R-2118-07,0.5380126392005603,1
TCGA-CC-A3MC-01A-11R-A22L-07,0.6157438577570571,1
TCGA-DD-AADD-01A-11R-A41C-07,0.7615785985531877,1
TCGA-EJ-7314-01A-31R-2118-07,0.5042229039314112,1
TCGA-E2-A109-01A-11R-A10J-07,0.7531812561317055,1
TCGA-AO-A1KR-01A-12R-A144-07,0.8901386447532299,1
TCGA-EJ-A7NK-01A-12R-A352-07,0.45575355494562053,1
TCGA-56-A4ZK-01A-11R-A262-07,0.49970301171309633,1
TCGA-B0-5117-01A-01R-1420-07,0.9546152493356712,0
TCGA-A2-A04R-01A-41R-A109-07,0.6946779211236789,1
TCGA-78-7152-01A-11R-2039-07,0.6705485177864392,1
TCGA-EB-A41B-01A-11R-A24X-07,0.7354613890609303,1
TCGA-50-6592-01A-11R-1755-07,0.5908615578319667,0
TCGA-E9-A1NA-01A-11R-A144-07,0.6879040432695613,1
TCGA-97-8552-01A-11R-2403-07,0.5982831135567755,1
TCGA-DD-A4NQ-01A-21R-A28V-07,0.7705970965494422,1
TCGA-QG-A5YX-01A-11R-A28H-07,0.5501281417105026,1
TCGA-38-4632-01A-01R-1755-07,0.5477606982181661,0
TCGA-ZP-A9D1-01A-11R-A38B-07,0.5151426434913791,0
TCGA-E9-A1RF-01A-11R-A157-07,0.6081388425389145,1
TCGA-AA-3681-01A-01R-0905-07,0.5101044008129402,1
TCGA-BH-A0BR-01A-21R-A115-07,0.6769118180706097,1
TCGA-CA-5254-01A-21R-1839-07,0.7707242187344686,1
TCGA-18-3417-01A-01R-1443-07,0.7290476265959412,1
TCGA-86-A4P7-01A-11R-A24X-07,0.5218961420358714,1
TCGA-24-1924-01A-01R-1567-13,0.6615796838540523,1
TCGA-AO-A0JL-01A-11R-A056-07,0.8002785969503223,0
TCGA-ED-A7PX-01A-51R-A352-07,0.9194583023651038,0
TCGA-29-1696-01A-01R-1567-13,0.8081948985033435,1
TCGA-AC-A8OP-01A-11R-A36F-07,0.5657846291307866,0
TCGA-BP-5202-01A-02R-1426-07,0.38851316536282293,1
TCGA-EP-A26S-01A-11R-A16W-07,0.5821698303803147,1
TCGA-77-8144-01A-11R-2247-07,0.7476289652923515,1
TCGA-60-2713-01A-01R-0851-07,0.3329597571350206,0
TCGA-AO-A03T-01A-21R-A034-07,0.8116237068250035,1
TCGA-NK-A5D1-01A-11R-A26W-07,0.762871508117879,1
TCGA-NI-A8LF-01A-11R-A36F-07,0.5999182941688657,1
TCGA-B0-4693-01A-01R-1277-07,0.2166853985718926,0
TCGA-CH-5761-01A-11R-1580-07,0.9774448175787493,1
TCGA-VR-A8EW-01A-11R-A36D-31,0.41032663112990087,1
TCGA-09-0364-01A-02R-1564-13,0.8396987984271157,1
TCGA-US-A77E-01A-11R-A32O-07,0.2863314909995459,1
TCGA-BP-4329-01A-02R-1289-07,0.4725628796053325,1
TCGA-E9-A2JS-01A-11R-A180-07,0.6317866562698866,0
TCGA-L5-A8NN-01A-11R-A37I-31,0.9188526359133085,1
TCGA-BP-4169-01A-02R-1289-07,0.45968404587117706,1
TCGA-DD-A3A5-01A-11R-A22L-07,0.5687207657866671,1
TCGA-KK-A7B1-01A-11R-A32O-07,0.48555166980564224,1
TCGA-KR-A7K2-01A-12R-A33R-07,0.49693058515729954,1
TCGA-77-A5G8-01B-11R-A27Q-07,0.6480940848170189,1
TCGA-AA-A00F-01A-01R-A002-07,0.594595952836608,1
TCGA-BP-4340-01A-01R-1289-07,0.7420660410189086,1
TCGA-BP-4164-01A-02R-1325-07,0.5875613173555705,1
TCGA-B6-A0RU-01A-11R-A084-07,0.6917763439217925,1
TCGA-EJ-7794-01A-11R-2118-07,0.45204179480430245,1
TCGA-C8-A12P-01A-11R-A115-07,0.7820644890945113,1
TCGA-09-1674-01A-01R-1566-13,0.7059327704794763,1
TCGA-G9-6365-01A-11R-1789-07,0.7034461982538126,1
TCGA-J4-8200-01A-11R-A29R-07,0.43663505773195743,0
TCGA-BH-A0H5-01A-21R-A115-07,0.6356932395076426,1
TCGA-66-2787-01A-01R-0980-07,0.546676153328992,1
TCGA-XK-AAIV-01A-11R-A41O-07,0.829579394930461,1
TCGA-G9-6351-01A-21R-1965-07,0.45364087259424846,1
TCGA-BP-4967-01A-01R-1334-07,0.4431634075887733,0
TCGA-39-5036-01A-01R-1443-07,0.595064938757431,1
TCGA-2J-AAB8-01A-12R-A41B-07,0.21675160353833078,0
TCGA-ZP-A9CV-01A-11R-A38B-07,0.4636363912541311,1
TCGA-A6-5667-01A-21R-1723-07,0.6368625369196524,1
TCGA-XJ-A83F-01A-11R-A352-07,0.5315754474516085,1
TCGA-BP-4160-01A-02R-1289-07,0.5027015694705812,1
TCGA-AA-A02H-01A-01R-A089-07,0.621174242656627,1
TCGA-SU-A7E7-01A-22R-A33R-07,0.3952914387860691,1
TCGA-LN-A8HZ-01A-11R-A36D-31,0.4018792643336922,1
TCGA-VP-A87C-01A-11R-A352-07,0.8026632113988311,1
TCGA-G9-6347-01A-11R-A31N-07,0.9696818321541107,1
TCGA-2L-AAQM-01A-11R-A39D-07,0.9816357710514289,0
TCGA-CA-5797-01A-01R-1653-07,0.6229380625422729,1
TCGA-2J-AABA-01A-21R-A41B-07,0.38039992350150936,1
TCGA-77-8156-01A-11R-2247-07,0.5853393830374178,1
TCGA-VR-A8EZ-01A-11R-A36D-31,0.770328538357595,0
TCGA-J9-A52C-01A-11R-A26U-07,0.5981395479128985,1
TCGA-BP-4989-01A-01R-1334-07,0.5334668970281895,0
TCGA-EB-A3Y7-01A-11R-A239-07,0.23700696314747,1
TCGA-13-1506-01A-01R-1565-13,0.6667709757613774,1
TCGA-EJ-A46D-01A-21R-A32Y-07,0.20267811752387574,0
TCGA-HC-A631-01A-11R-A29R-07,0.7368294730696419,1
TCGA-69-7761-01A-11R-2170-07,0.731203782069917,1
TCGA-61-2092-01A-01R-1568-13,0.9138880388464138,1
TCGA-BH-A1FN-01A-11R-A13Q-07,0.6868157322540459,1
TCGA-G3-A25X-01A-11R-A16W-07,0.8758418090272566,1
TCGA-34-8455-01A-11R-2326-07,0.524399700512449,1
TCGA-BP-4972-01A-01R-1334-07,0.27975112112279105,0
TCGA-13-0885-01A-02R-1569-13,0.45139296846268184,0
TCGA-CJ-6027-01A-11R-1672-07,0.5950834112080116,0
TCGA-O1-A52J-01A-11R-A262-07,0.7320169848000165,1
TCGA-EB-A3XB-01A-11R-A239-07,0.7641540313686974,1
TCGA-KK-A7AY-01A-11R-A33R-07,0.7683085889022077,1
TCGA-AA-3930-01A-01R-1022-07,0.5594044135805569,0
TCGA-49-4506-01A-01R-1206-07,0.9156464145439098,1
TCGA-61-2000-01A-01R-1568-13,0.6850388644276105,1
TCGA-Z5-AAPL-01A-12R-A41B-07,0.933886050421224,1
TCGA-ZG-A9LU-01A-11R-A41O-07,0.8163178169246927,1
TCGA-JY-A93F-01A-21R-A37I-31,0.32048328043566093,0
TCGA-66-2800-01A-01R-1201-07,0.6374211072804522,1
TCGA-66-2773-01A-01R-1201-07,0.435579063350984,0
TCGA-C8-A27A-01A-11R-A169-07,0.7588982569119455,1
TCGA-G7-A8LE-01A-11R-A36F-07,0.6670032190884306,1
TCGA-HC-7819-01A-11R-2118-07,0.22111616755743954,0
TCGA-50-5936-01A-11R-1628-07,0.587909147264849,1
TCGA-86-8359-01A-11R-2326-07,0.7333801623199615,1
TCGA-AA-3518-01A-02R-0826-07,0.623718915078326,1
TCGA-HC-7211-01A-11R-2118-07,0.7332963153110049,1
TCGA-BH-A0C0-01A-21R-A056-07,0.656015437661823,1
TCGA-AA-A02O-01A-21R-A16W-07,0.742517262638254,1
TCGA-KK-A8I5-01A-11R-A36G-07,0.48575245422082935,1
TCGA-BP-5000-01A-01R-1334-07,0.5643899956224795,1
TCGA-A8-A09X-01A-11R-A00Z-07,0.7665420935119297,1
TCGA-ER-A2NF-01A-11R-A18T-07,0.7690028201081192,0
TCGA-BH-A6R8-01A-21R-A33J-07,0.602395829725857,0
TCGA-44-2661-01A-01R-1107-07,0.6469955759274967,1
TCGA-AO-A0J2-01A-11R-A034-07,0.8044950279785665,1
TCGA-IG-A5B8-01A-11R-A28J-31,0.9144267554432483,1
TCGA-55-8512-01A-11R-2403-07,0.345515532887123,0
TCGA-HE-A5NJ-01A-11R-A26U-07,0.6152797916043703,0
