sample_id,score,y_member
TCGA-B0-5115-01A-01R-1420-07,0.35188822071628095,1
TCGA-EJ-A46E-01A-31R-A250-07,0.4962878731274687,1
TCGA-DD-AAE7-01A-11R-A41C-07,0.39393147006930895,1
TCGA-Z6-A8JE-01A-11R-A37I-31,0.9782939027711285,1
TCGA-A8-A08F-01A-11R-A00Z-07,0.8001773566070318,1
TCGA-59-2350-01A-01R-1569-13,0.5438350277763946,1
TCGA-CZ-4858-01A-01R-1305-07,0.8679296750337849,1
TCGA-CZ-5470-01A-01R-1503-07,0.6629325953261509,0
TCGA-AN-A0XN-01A-21R-A109-07,0.6959888108965508,1
TCGA-37-A5EL-01A-11R-A26W-07,0.7227133169223348,1
TCGA-46-6025-01A-11R-1820-07,0.6913168976365621,1
TCGA-AN-A0XS-01A-22R-A109-07,0.7757054798719141,1
TCGA-M7-A725-01A-12R-A32O-07,0.8416002396930089,1
TCGA-XN-A8T3-01A-11R-A36G-07,0.7931174991922867,1
TCGA-3K-AAZ8-01A-12R-A39D-07,0.3468764045160105,1
TCGA-B9-5155-01A-01R-1592-07,0.2436764211753874,1
TCGA-OK-A5Q2-01A-11R-A27Q-07,0.7577504259776536,1
TCGA-2Y-A9H8-01A-11R-A39D-07,0.6612590810109047,1
TCGA-30-1866-01A-02R-1568-13,0.6788341615770059,1
TCGA-SX-A7SO-01A-11R-A355-07,0.6399998282478401,1
TCGA-55-7283-01A-11R-2039-07,0.7050080529467665,0
TCGA-M7-A720-01A-12R-A32O-07,0.49974818747067007,1
TCGA-91-6828-01A-11R-1858-07,0.6548934296412351,0
TCGA-D8-A1JF-01A-11R-A13Q-07,0.7547979647940591,1
TCGA-D8-A1JG-01B-11R-A13Q-07,0.8353012439506884,0
TCGA-AL-3468-01A-02R-1351-07,0.4208249316397397,0
TCGA-21-1082-01A-01R-0692-07,0.8004752544982892,1
TCGA-A4-8311-01A-11R-2404-07,0.15395294514481303,1
TCGA-BD-A3EP-01A-11R-A22L-07,0.5496526128744755,0
TCGA-92-7340-01A-21R-2045-07,0.7874505479897798,0
TCGA-EJ-A65B-01A-12R-A30B-07,0.5022022952941184,1
TCGA-HC-8261-01B-05R-2302-07,0.6846264177794783,1
TCGA-AZ-6601-01A-11R-1774-07,0.8468350731465212,1
TCGA-B0-4703-01A-01R-1277-07,0.5526460007616436,0
TCGA-AA-A004-01A-01R-A00A-07,0.3856468645484651,1
TCGA-30-1862-01A-02R-1568-13,0.737076070337668,1
TCGA-09-2045-01A-01R-1568-13,0.7107439488140794,1
TCGA-E2-A10F-01A-11R-A10J-07,0.6034085225218581,1
TCGA-OL-A6VO-01A-12R-A33J-07,0.8671148145239347,1
TCGA-BQ-5884-01A-11R-1592-07,0.6468109663357378,1
TCGA-49-4507-01A-01R-1206-07,0.7043025954618227,1
TCGA-ZG-A9LS-01A-12R-A41O-07,0.838389581364866,1
TCGA-AN-A0FW-01A-11R-A034-07,0.7871609708191551,1
TCGA-A6-A5ZU-01A-11R-A28H-07,0.870276908304326,1
TCGA-QU-A6IL-01A-11R-A31N-07,0.412482962783049,0
TCGA-67-4679-01B-01R-1755-07,0.67482146990678,1
TCGA-DM-A28G-01A-11R-A16W-07,0.5208468035686321,1
TCGA-IB-AAUV-01A-11R-A38C-07,0.7136487573636362,0
TCGA-FB-AAPZ-01A-11R-A41B-07,0.7426941306329705,1
TCGA-DD-AAEG-01A-11R-A39D-07,0.6094887278934042,1
TCGA-24-0975-01A-02R-1565-13,0.5424542148155943,1
TCGA-AA-3841-01A-01R-0905-07,0.16904274838237954,1
TCGA-75-6211-01A-11R-1755-07,0.8084480108942802,1
TCGA-IB-7887-01A-11R-2156-07,0.8674413218206949,0
TCGA-78-7161-01A-11R-2039-07,0.788976168278695,1
TCGA-B0-5699-01A-11R-1541-07,0.4989303452730895,0
TCGA-DD-A113-01A-11R-A131-07,0.6937510020252866,1
TCGA-E9-A1R2-01A-11R-A14D-07,0.8494822847887239,1
TCGA-78-7536-01A-11R-2066-07,0.8270016695653012,0
TCGA-B6-A0WY-01A-11R-A109-07,0.8338531689763143,1
TCGA-ZP-A9CY-01A-11R-A38B-07,0.2013539803457577,1
TCGA-EJ-5495-01A-01R-1580-07,0.6222315506794979,1
TCGA-2H-A9GJ-01A-11R-A37I-31,0.9742938286602402,1
TCGA-AA-3955-01A-02R-1022-07,0.40385605910720934,1
TCGA-20-1684-01A-01R-1566-13,0.6433742479804196,1
TCGA-AA-3697-01A-01R-1723-07,0.5645758474901403,1
TCGA-56-5898-01A-11R-1635-07,0.6784457576889045,1
TCGA-BP-4801-01A-02R-1420-07,0.5517762532085679,1
TCGA-D8-A146-01A-31R-A115-07,0.6368565846794794,1
TCGA-DD-AACJ-01A-11R-A41C-07,0.25177002967518947,1
TCGA-BQ-5892-01A-11R-1592-07,0.8219484669079122,0
TCGA-BH-A0BF-01A-21R-A12P-07,0.7757004865027812,1
TCGA-HZ-8003-01A-21R-2204-07,0.8212016771417862,1
TCGA-BH-A1EU-01A-11R-A137-07,0.37210907086294165,1
TCGA-61-1900-01A-01R-1567-13,0.7391872935160145,1
TCGA-AM-5821-01A-01R-1653-07,0.7684880235946805,1
TCGA-A7-A26J-01A-11R-A169-07,0.5628405106918817,0
TCGA-AR-A1AT-01A-11R-A12P-07,0.7872907398017395,1
TCGA-OL-A5S0-01A-11R-A28M-07,0.7000178479913656,1
TCGA-63-6202-01A-11R-1820-07,0.744140313928687,1
TCGA-A2-A3XV-01A-21R-A239-07,0.5630407184181007,1
TCGA-CH-5772-01A-11R-1580-07,0.6782778493047372,0
TCGA-OL-A5DA-01A-11R-A27Q-07,0.634219990686012,1
TCGA-2Z-A9J1-01A-11R-A38C-07,0.10621137405389187,1
TCGA-LN-A8I0-01A-11R-A36D-31,0.9853889085168065,1
TCGA-50-8460-01A-11R-2326-07,0.6915014139872762,1
TCGA-86-8279-01A-11R-2287-07,0.8047156048914174,1
TCGA-56-A4ZJ-01A-11R-A262-07,0.5192189880647173,1
TCGA-67-3770-01A-01R-0946-07,0.5199969487644533,1
TCGA-A2-A0YF-01A-21R-A109-07,0.6116913834033513,1
TCGA-85-A50Z-01A-21R-A262-07,0.8323353843120429,1
TCGA-G9-6363-01A-21R-1789-07,0.8505544043555823,0
TCGA-G7-6790-01A-11R-1965-07,0.27297227595118206,1
TCGA-AR-A1AM-01A-41R-A22K-07,0.6851523416581365,1
TCGA-E2-A10C-01A-21R-A10J-07,0.8030873682400604,1
TCGA-AA-A00L-01A-01R-A002-07,0.6317956390260718,1
TCGA-55-7995-01A-11R-2187-07,0.8211762213521607,1
TCGA-G4-6309-01A-21R-1839-07,0.7794536796085254,0
TCGA-CJ-4908-01A-01R-1426-07,0.18695953456300557,1
TCGA-EJ-A46B-01A-31R-A250-07,0.26516852727560847,1
TCGA-AR-A24Z-01A-11R-A169-07,0.782327710191439,1
TCGA-A6-2685-01A-01R-1410-07,0.5891655128010003,1
TCGA-A4-A5DU-01A-11R-A28H-07,0.2245966721663032,1
TCGA-AZ-6600-01A-11R-1774-07,0.7686626822915406,0
TCGA-CC-A7IH-01A-11R-A33J-07,0.43782452354011575,1
TCGA-QU-A6IM-01A-11R-A31N-07,0.28542453431002934,1
TCGA-LN-A49M-01A-21R-A260-31,0.9814495950132739,1
TCGA-66-2765-01A-01R-0851-07,0.5801084302268158,1
TCGA-A8-A0AB-01A-11R-A034-07,0.4696213595584919,0
TCGA-S3-AA14-01A-11R-A41B-07,0.707921190904168,0
TCGA-98-A538-01A-11R-A262-07,0.7409567187143669,0
TCGA-CM-6166-01A-11R-1653-07,0.6990347469669046,1
TCGA-5M-AAT4-01A-11R-A41B-07,0.620333752551683,1
TCGA-61-2008-01A-02R-1568-13,0.7669530666653812,1
TCGA-B6-A0X0-01A-21R-A115-07,0.7266891683464667,1
TCGA-86-8281-01A-11R-2287-07,0.6948434741083981,1
TCGA-24-1546-01A-01R-1566-13,0.6871584742848388,1
TCGA-V1-A9OL-01A-11R-A41O-07,0.8044257730977756,1
TCGA-BH-A201-01A-11R-A14M-07,0.7556586083915986,1
TCGA-18-3409-01A-01R-0980-07,0.7837066705972399,1
TCGA-F4-6461-01A-11R-1774-07,0.8589799115862916,0
TCGA-AA-A02E-01A-01R-A00A-07,0.794101799439902,1
TCGA-YL-A9WY-01A-11R-A41O-07,0.8936073718129021,1
TCGA-B0-5102-01A-01R-1420-07,0.6840257614680889,1
TCGA-G9-7521-01A-11R-2263-07,0.8314376243876924,1
TCGA-CJ-4902-01A-01R-1426-07,0.48477503616514994,1
TCGA-CA-6717-01A-11R-1839-07,0.8712578568867255,1
TCGA-IG-A5S3-01A-11R-A28J-31,0.9813165930161382,1
TCGA-EJ-5497-01A-02R-1580-07,0.2976626471447857,1
TCGA-BF-A5EO-01A-12R-A27Q-07,0.22778667002221517,1
TCGA-85-A4JC-01A-11R-A24Z-07,0.6926457614336389,1
TCGA-44-3917-01A-01R-A278-07,0.6653483751329156,0
TCGA-A8-A08H-01A-21R-A00Z-07,0.6068044605057301,1
TCGA-95-A4VN-01A-11R-A262-07,0.6649670780069582,0
TCGA-B0-5693-01A-11R-1541-07,0.3597754046144356,1
TCGA-77-8138-01A-11R-2247-07,0.5428527187551228,0
TCGA-KK-A7B0-01A-11R-A32O-07,0.41384373942158076,1
TCGA-B0-5083-01A-02R-1420-07,0.740913510078501,1
TCGA-GM-A2DA-01A-11R-A18M-07,0.7664697168404524,1
TCGA-A2-A3KD-01A-12R-A213-07,0.8187696476789954,1
TCGA-DD-A39Y-01A-11R-A213-07,0.5411885768161704,1
TCGA-B6-A0WZ-01A-11R-A109-07,0.6644629341695708,1
TCGA-A6-2682-01A-01R-1410-07,0.5842404770715113,1
TCGA-D8-A1JU-01A-11R-A13Q-07,0.4603466878407825,1
TCGA-RL-AAAS-01A-32R-A39D-07,0.5691872947004057,1
TCGA-B9-A44B-01A-11R-A24Z-07,0.6092294096708458,1
TCGA-B6-A0I5-01A-11R-A034-07,0.5770141128938164,1
TCGA-BH-AB28-01A-31R-A41B-07,0.8217072059139008,0
TCGA-E9-A1N9-01A-11R-A14D-07,0.8348876558987458,1
TCGA-A3-3363-01A-01R-0864-07,0.8509320070428285,1
TCGA-22-1000-01A-01R-A32Z-07,0.3893449397682238,0
TCGA-KK-A6E4-01A-11R-A30B-07,0.48796584358708384,0
TCGA-BQ-5889-01A-11R-1592-07,0.7229487267422484,1
TCGA-DM-A1HA-01A-11R-A155-07,0.860333071795616,1
TCGA-BF-A5ER-01A-12R-A27Q-07,0.15242973341230895,0
TCGA-LL-A73Y-01A-11R-A33J-07,0.8802982673282519,1
TCGA-BF-A3DL-01A-11R-A20F-07,0.14732446262051266,1
TCGA-VR-A8EO-01A-11R-A36D-31,0.9808176684892193,0
TCGA-L1-A7W4-01A-12R-A36G-07,0.9429492169896623,0
TCGA-B0-4838-01A-01R-1305-07,0.5172570188549398,1
TCGA-2Y-A9GY-01A-11R-A38B-07,0.6548334833618755,1
TCGA-BP-4343-01A-02R-1289-07,0.6215332188775229,1
TCGA-BQ-5893-01A-11R-1592-07,0.7822029799105139,1
TCGA-HP-A5MZ-01A-21R-A27V-07,0.19204971183741756,0
TCGA-A7-A4SE-01A-11R-A266-07,0.8481431707816598,1
TCGA-66-2783-01A-01R-1201-07,0.684563113261451,1
TCGA-73-4675-01A-01R-1206-07,0.7932949020383809,1
TCGA-D5-5538-01A-01R-1653-07,0.7983221423652489,1
TCGA-YL-A8SO-01B-31R-A37L-07,0.7572538386590082,1
TCGA-E2-A15H-01A-11R-A12D-07,0.7448980320744538,1
TCGA-V1-A8WN-01A-11R-A37L-07,0.5282384368195906,1
TCGA-BH-A0EB-01A-11R-A034-07,0.6493399806073546,0
TCGA-DD-A39X-01A-11R-A213-07,0.5167267245021961,1
TCGA-E2-A1LK-01A-21R-A14D-07,0.8782505200424403,1
TCGA-AR-A0TV-01A-21R-A084-07,0.8291515851425814,1
TCGA-A1-A0SD-01A-11R-A115-07,0.6690478327640532,1
TCGA-33-AASI-01A-22R-A405-07,0.7557150849667573,1
TCGA-L5-A4OW-01A-11R-A28J-31,0.9506539444268083,0
TCGA-86-7711-01A-11R-2066-07,0.8326772333300732,1
TCGA-34-5234-01A-01R-1635-07,0.30585499289814305,1
TCGA-63-7023-01A-11R-1949-07,0.7884133391468877,0
TCGA-BP-5191-01A-01R-1426-07,0.46739155749989086,0
TCGA-Q9-A6FW-01A-31R-A31P-31,0.9646441940542829,1
TCGA-CZ-5468-01A-01R-1503-07,0.8179505587014633,1
TCGA-78-7153-01A-11R-2039-07,0.7734667698747989,1
TCGA-DD-A4NA-01A-11R-A266-07,0.8448582103252984,1
TCGA-43-2578-01A-01R-0851-07,0.7890797906951225,1
TCGA-5R-AA1C-01A-11R-A41C-07,0.45269374527292117,1
TCGA-78-7149-01A-11R-2039-07,0.6706162375821965,1
TCGA-CW-5591-01A-01R-1541-07,0.6902092177588266,1
TCGA-13-0906-01A-01R-1564-13,0.6016322031192171,1
TCGA-CJ-4876-01A-01R-1305-07,0.5625778322243625,1
TCGA-M7-A724-01A-12R-A32O-07,0.6833993384300016,0
TCGA-62-A46Y-01A-11R-A24H-07,0.6838744343340655,1
TCGA-C8-A26V-01A-11R-A16F-07,0.8306079691043224,1
TCGA-OL-A5D8-01A-11R-A27Q-07,0.8346904935676338,1
TCGA-77-8143-01A-11R-2247-07,0.7989186847616105,0
TCGA-BH-A0DO-01B-11R-A12D-07,0.6128371145404021,1
TCGA-CJ-5675-01A-11R-1541-07,0.49790303217517945,1
TCGA-A2-A4S0-01A-21R-A266-07,0.6511299494513386,1
TCGA-B9-4117-01A-02R-1351-07,0.3342422334452107,1
TCGA-BP-4352-01A-01R-1289-07,0.7925834559104326,1
TCGA-A2-A0ST-01A-12R-A084-07,0.6269067018058945,0
TCGA-E2-A1IH-01A-11R-A13Q-07,0.6547841886655654,1
TCGA-37-3792-01A-01R-0980-07,0.7111936484232436,1
TCGA-AK-3427-01A-01R-0864-07,0.7402343004234047,1
TCGA-AA-3506-01A-01R-1410-07,0.4094328484949548,1
TCGA-CZ-5466-01A-01R-1503-07,0.7346313617878341,1
TCGA-77-8140-01A-11R-2247-07,0.7011988288523944,1
TCGA-21-5786-01A-01R-1635-07,0.8020380640567267,1
TCGA-86-8075-01A-11R-2241-07,0.5536223015079615,1
TCGA-A3-A8OX-01A-11R-A37O-07,0.6982164913663637,0
TCGA-95-8494-01A-11R-2326-07,0.7840120255226638,1
TCGA-IG-A7DP-01A-31R-A336-31,0.9671561247835886,1
TCGA-AD-6964-01A-11R-1928-07,0.8365312394980772,1
TCGA-A8-A0A6-01A-12R-A056-07,0.7829182345724437,1
TCGA-B0-5711-01A-11R-1672-07,0.22062223829205496,0
TCGA-BH-A1FM-01A-11R-A13Q-07,0.6057470514217713,1
TCGA-CH-5771-01A-21R-1580-07,0.6141021744814754,1
TCGA-69-7980-01A-11R-2187-07,0.8209630021298846,1
TCGA-AR-A254-01A-21R-A169-07,0.7358182390280837,1
TCGA-A6-2683-01A-01R-0821-07,0.3533310768870849,1
TCGA-PL-A8LY-01A-11R-A41B-07,0.7353362203070571,1
TCGA-G3-A3CH-01A-11R-A22L-07,0.46939838666545336,1
TCGA-57-1583-01A-01R-1566-13,0.6845849267461119,1
TCGA-A4-8310-01A-11R-2404-07,0.3831685545166424,1
TCGA-XK-AAJP-01A-11R-A41O-07,0.7212288627118376,1
TCGA-EB-A3XE-01A-12R-A239-07,0.20920569938623226,1
TCGA-AN-A0FZ-01A-11R-A034-07,0.8466891369463773,1
TCGA-13-0911-01A-01R-1564-13,0.35238672840423774,1
TCGA-51-6867-01A-11R-2045-07,0.7164652468893385,1
TCGA-AN-A04D-01A-21R-A034-07,0.8384270788285487,1
TCGA-DD-AADC-01A-11R-A41C-07,0.7290943549579836,1
TCGA-73-4677-01A-01R-1206-07,0.6240026597288004,1
TCGA-L9-A743-01A-43R-A39D-07,0.45478651228460176,1
TCGA-E9-A6HE-01A-11R-A31O-07,0.5361606970462142,1
TCGA-E2-A15D-01A-11R-A115-07,0.6653675509138647,1
TCGA-73-4658-01A-01R-1755-07,0.5312265201051491,1
TCGA-CH-5788-01A-11R-1580-07,0.8710261040432578,0
TCGA-E2-A14Z-01A-11R-A115-07,0.847248003510515,1
TCGA-EB-A6QY-01A-12R-A32P-07,0.24797841389428837,1
TCGA-CH-5753-01A-11R-1580-07,0.7443261055124609,1
TCGA-AC-A3W5-01A-11R-A22K-07,0.7272461215127105,1
TCGA-A6-A566-01A-11R-A28H-07,0.7844099348500853,1
TCGA-AA-3994-01A-01R-1113-07,0.7344958823627462,0
TCGA-MS-A51U-01A-31R-A266-07,0.6395908278526927,1
TCGA-13-1509-01A-01R-1565-13,0.628300487699494,0
TCGA-IG-A6QS-01A-12R-A336-31,0.9848617049284537,1
TCGA-EW-A1PG-01A-11R-A144-07,0.4957806527693907,1
TCGA-23-1023-01A-02R-1564-13,0.7017560872702762,1
TCGA-XJ-A9DI-01A-11R-A37L-07,0.7541752480954867,1
TCGA-68-A59I-01A-11R-A262-07,0.7904311251291201,1
TCGA-13-0891-01A-01R-1564-13,0.7388470283739573,1
TCGA-A7-A13E-01A-11R-A12P-07,0.8743733866355781,1
TCGA-A8-A07E-01A-11R-A034-07,0.745301019849174,0
TCGA-EJ-7785-01A-11R-2118-07,0.4476679704994397,1
TCGA-98-A53C-01A-11R-A262-07,0.6210154663160974,1
TCGA-IB-A7M4-01A-11R-A36G-07,0.9221332082221727,0
TCGA-78-7146-01A-11R-2039-07,0.8058098259043329,1
TCGA-2Z-A9J9-01A-11R-A42S-07,0.8632830603642571,0
TCGA-FR-A726-01A-11R-A32P-07,0.40722749879868675,1
TCGA-49-4487-01A-21R-1858-07,0.7254332644786846,0
TCGA-C8-A278-01A-11R-A169-07,0.763406803595248,1
TCGA-MP-A4T9-01A-11R-A24X-07,0.6884744586331237,1
TCGA-BH-A1FG-01A-11R-A13Q-07,0.620010600006563,1
TCGA-CK-6746-01A-11R-1839-07,0.8193039724712118,1
TCGA-E9-A1N8-01A-11R-A144-07,0.8339496377005385,1
TCGA-2Z-A9J6-01A-11R-A38C-07,0.15868231384117945,1
TCGA-A6-6137-01A-11R-1774-07,0.5193411324521964,1
TCGA-V1-A9OA-01A-11R-A41O-07,0.8028891208960377,1
TCGA-HV-A7OP-01A-11R-A33R-07,0.9101851081233101,1
TCGA-KK-A7B3-01A-11R-A33R-07,0.7542883520745515,0
TCGA-UB-A7MA-01A-11R-A33R-07,0.8108128734044963,0
TCGA-VR-AA7D-01A-11R-A406-31,0.9818004297275382,0
TCGA-D8-A1Y0-01A-11R-A14M-07,0.7241846644559122,1
TCGA-DD-A4NF-01A-11R-A27V-07,0.46879645888975585,1
TCGA-AR-A24Q-01A-12R-A169-07,0.8192143064331988,1
TCGA-BP-4986-01A-01R-1334-07,0.5773136327229749,0
TCGA-L4-A4E6-01A-11R-A24H-07,0.5814509817678206,1
TCGA-EJ-A46F-01A-31R-A250-07,0.42562832761701447,1
TCGA-21-1078-01A-01R-0692-07,0.7979580823173882,1
TCGA-33-4587-01A-11R-2125-07,0.6358401685792735,0
TCGA-VN-A88Q-01A-11R-A352-07,0.7055933353116431,1
TCGA-RC-A7S9-01A-11R-A33R-07,0.6107307452636921,1
TCGA-98-A53J-01A-11R-A26W-07,0.6078942987329382,1
TCGA-B0-5705-01A-11R-1541-07,0.4174175196591745,1
TCGA-97-7546-01A-11R-2039-07,0.5355994641544108,1
TCGA-YL-A8SQ-01B-11R-A37L-07,0.7580552620208462,1
TCGA-AA-3712-01A-21R-1723-07,0.732632254073047,1
TCGA-AR-A5QM-01A-11R-A27Q-07,0.6972741952005295,1
TCGA-HC-7077-01A-11R-1965-07,0.5810984321895071,1
TCGA-66-2795-01A-02R-0980-07,0.6168236184386345,1
TCGA-BP-4977-01A-01R-1334-07,0.6389030569067259,1
TCGA-CZ-5988-01A-11R-1672-07,0.6961756840619445,1
TCGA-LL-A5YP-01A-21R-A28M-07,0.8273773786285702,1
TCGA-B0-4706-01A-01R-1503-07,0.5639341258150025,1
TCGA-29-1784-01A-02R-1567-13,0.5774788235462205,1
TCGA-55-7903-01A-11R-2170-07,0.7522947585857218,1
TCGA-CM-6680-01A-11R-1839-07,0.7175315073345256,0
TCGA-49-6743-01A-11R-1858-07,0.759132507407367,0
TCGA-B0-4815-01A-01R-1503-07,0.7047892031755864,1
TCGA-EW-A1PE-01A-11R-A144-07,0.6491657918290181,1
TCGA-VN-A88I-01A-11R-A352-07,0.48726893314921843,0
TCGA-NJ-A7XG-01A-12R-A39D-07,0.7536060519224075,1
TCGA-G7-A8LC-01A-11R-A36F-07,0.5662819420669417,1
TCGA-G9-7525-01A-31R-2263-07,0.7777578491366712,0
TCGA-A3-3362-01A-02R-1325-07,0.3309118007589327,1
TCGA-AN-A0AR-01A-11R-A00Z-07,0.8198375454180646,0
TCGA-R6-A8WC-01A-11R-A37I-31,0.9755866732292279,1
TCGA-73-A9RS-01A-11R-A41B-07,0.7967882507951609,0
TCGA-05-4390-01A-02R-1755-07,0.7564280392533711,1
TCGA-CM-5349-01A-21R-1723-07,0.8514502531543372,1
TCGA-CJ-4637-01A-02R-1325-07,0.6307566098685655,1
TCGA-CJ-4897-01A-03R-1426-07,0.2663065682042665,1
TCGA-D8-A3Z6-01A-11R-A239-07,0.7015610387170976,1
TCGA-68-7757-01B-11R-2296-07,0.6900470613209352,1
TCGA-HI-7168-01A-11R-2118-07,0.8267228902702273,1
TCGA-DV-A4VZ-01A-11R-A266-07,0.6663951367690962,1
TCGA-CC-A7IJ-01A-11R-A33R-07,0.8530670086714247,1
TCGA-3C-AALJ-01A-31R-A41B-07,0.8199860008772611,1
TCGA-49-4505-01A-01R-1206-07,0.6478673436610359,0
TCGA-V5-A7RE-01A-11R-A354-31,0.975735200801916,0
TCGA-CC-5261-01A-01R-A131-07,0.6153866705875822,0
TCGA-85-A4CN-01A-11R-A24H-07,0.5413866845572218,0
TCGA-BH-A0HI-01A-11R-A084-07,0.5650301375839608,0
TCGA-55-A48Z-01A-12R-A24X-07,0.7568065073567449,1
TCGA-60-2720-01A-01R-0851-07,0.6056379972849364,1
TCGA-A7-A5ZV-01A-11R-A28M-07,0.9050572258114719,1
TCGA-HC-7231-01A-11R-2118-07,0.5425163054581508,1
TCGA-66-2771-01A-01R-0980-07,0.5372715936529606,1
TCGA-EJ-A65J-01A-11R-A311-07,0.8151903771648564,0
TCGA-G4-6322-01A-11R-1723-07,0.8296295513478765,1
TCGA-IB-A7LX-01A-12R-A36G-07,0.8713036572124011,1
TCGA-86-8669-01A-11R-2403-07,0.7913773638606728,1
TCGA-B0-5697-01A-11R-1541-07,0.7727709132292386,1
TCGA-G4-6323-01A-11R-1723-07,0.6336463765283725,1
TCGA-L5-A4OT-01A-11R-A28J-31,0.9427850782720791,1
TCGA-3E-AAAZ-01A-11R-A38C-07,0.8272126135769896,1
TCGA-13-1498-01A-01R-1565-13,0.7806084755245172,1
TCGA-WN-AB4C-01A-11R-A42S-07,0.5001674093246594,1
TCGA-AA-A02W-01A-01R-A00A-07,0.603294724384566,0
TCGA-A6-5660-01A-01R-1653-07,0.6702957613500282,0
TCGA-85-A50M-01A-21R-A262-07,0.7473567972435866,1
TCGA-B4-5378-01A-01R-1503-07,0.38411757756734105,1
TCGA-EW-A1PF-01A-11R-A144-07,0.7926495928879134,1
TCGA-44-4112-01B-06R-A277-07,0.5259457765353707,1
TCGA-23-1021-01B-01R-1564-13,0.5974924916219894,1
TCGA-CJ-4888-01A-01R-1305-07,0.6525146721664123,1
TCGA-FB-AAQ6-01A-11R-A41B-07,0.8603914699518076,1
TCGA-39-5021-01A-01R-1443-07,0.5693665989350015,1
TCGA-HZ-8638-01A-11R-2404-07,0.8291455213566821,1
TCGA-55-8085-01A-11R-2241-07,0.8076926430145082,1
TCGA-24-2038-01A-01R-1568-13,0.5902533903290952,1
TCGA-UZ-A9PS-01A-11R-A42S-07,0.4865313405576216,1
TCGA-23-1022-01A-01R-1564-13,0.6512041652127363,1
TCGA-25-1635-01A-01R-1566-13,0.6492460164508689,1
TCGA-56-8308-01A-11R-2296-07,0.5963648371044074,1
TCGA-A7-A13G-01A-11R-A13Q-07,0.6554212773987242,0
TCGA-BH-A0DX-01A-11R-A115-07,0.7926128337543534,1
TCGA-BH-A0HO-01A-11R-A034-07,0.7421375113995133,1
TCGA-A8-A092-01A-11R-A00Z-07,0.6220938548898687,0
TCGA-A8-A08I-01A-11R-A00Z-07,0.8238871568514218,1
TCGA-QU-A6IO-01A-11R-A31N-07,0.20202099261073067,1
TCGA-D8-A1XO-01A-11R-A14M-07,0.7001159949813289,1
TCGA-HE-A5NL-01A-11R-A26U-07,0.07576075368438472,1
TCGA-CZ-5984-01A-11R-1672-07,0.7224838093851763,1
TCGA-EJ-A7NJ-01A-22R-A352-07,0.4080532761976553,0
TCGA-A6-6653-01A-11R-1774-07,0.7771842113175885,1
TCGA-BC-4073-01B-02R-A131-07,0.7660716175235969,1
TCGA-HZ-7923-01A-12R-2156-07,0.6030254905709859,1
TCGA-AL-7173-01A-11R-2139-07,0.5027140386178937,1
TCGA-A2-A1FX-01A-11R-A13Q-07,0.8009509682478664,1
TCGA-AZ-4323-01A-21R-1839-07,0.8330886110239083,1
TCGA-J4-A67R-01A-21R-A30B-07,0.16968847735313136,0
TCGA-BF-AAP8-01A-11R-A40A-07,0.7158522810676822,1
TCGA-IG-A97H-01A-11R-A38D-31,0.9825649183645614,1
TCGA-DM-A28C-01A-11R-A32Y-07,0.7270397772415462,1
TCGA-NJ-A4YQ-01A-11R-A262-07,0.8289597801577652,0
TCGA-LN-A49K-01A-11R-A24K-31,0.9798609961490029,1
TCGA-44-2655-01A-01R-0946-07,0.5939056030925498,1
TCGA-B8-5164-01A-01R-1420-07,0.4073512377579588,1
TCGA-IZ-8195-01A-31R-2404-07,0.5354006402646326,1
TCGA-XD-AAUG-01A-61R-A41B-07,0.7455316214196831,1
TCGA-OE-A75W-01A-12R-A32O-07,0.7472048887547391,1
TCGA-UZ-A9PU-01A-11R-A42S-07,0.15714064435806552,0
TCGA-CM-4752-01A-01R-1410-07,0.690883766331917,1
TCGA-MR-A520-01A-11R-A266-07,0.1156434297323615,1
TCGA-E9-A1R0-01A-22R-A16F-07,0.7162428545545239,0
TCGA-43-8115-01A-11R-2247-07,0.6770913302048144,0
TCGA-F2-A7TX-01A-33R-A38C-07,0.908170166479094,1
TCGA-13-1404-01A-01R-1565-13,0.6807852480446133,1
TCGA-13-0923-01A-01R-1564-13,0.5919939183613118,1
TCGA-LB-A7SX-01A-11R-A33R-07,0.9150419121640587,0
TCGA-BP-5001-01A-01R-1334-07,0.2669671647712299,1
TCGA-09-1665-01B-01R-1566-13,0.6831641008642716,0
TCGA-GL-A9DC-01A-11R-A37K-07,0.3810197881736617,1
TCGA-IA-A83T-01A-11R-A355-07,0.5050714281252807,1
TCGA-86-8668-01A-11R-2403-07,0.7117950751288467,1
TCGA-A6-5661-01A-01R-1653-07,0.6307398682820604,0
TCGA-V5-A7RC-01B-11R-A406-31,0.9807361891319746,1
TCGA-05-4417-01A-22R-1858-07,0.6049970436216762,1
TCGA-29-1693-01A-01R-1567-13,0.6509980765632236,0
TCGA-AN-A0FX-01A-11R-A034-07,0.8508117804843638,1
TCGA-C8-A135-01A-11R-A115-07,0.8271325441243537,0
TCGA-CM-6162-01A-11R-1653-07,0.5965101223016219,0
TCGA-E2-A15C-01A-31R-A12D-07,0.6309778097361187,1
TCGA-D8-A1JI-01A-11R-A13Q-07,0.7205087613320296,1
TCGA-24-1563-01A-01R-1566-13,0.6730479091906654,1
TCGA-BH-A42V-01A-11R-A24H-07,0.553666812989918,1
TCGA-A6-6780-01A-11R-1839-07,0.8283959320289305,0
TCGA-A3-3323-01A-02R-1325-07,0.32005131501670453,1
TCGA-B0-4712-01A-01R-1503-07,0.550259094872843,0
TCGA-85-A4QR-01A-11R-A24Z-07,0.6511171578154895,1
TCGA-EW-A423-01A-11R-A24H-07,0.635778326365797,1
TCGA-HZ-A8P0-01A-11R-A36G-07,0.8609872213471839,1
TCGA-B1-A47M-01A-11R-A24Z-07,0.3337177301892946,1
TCGA-91-6830-01A-11R-1949-07,0.7934969213195135,1
TCGA-AO-A0J9-01A-11R-A034-07,0.6691153979213449,1
TCGA-V1-A8WV-01A-11R-A37L-07,0.8855460423933738,1
TCGA-LN-A49N-01A-11R-A24K-31,0.9713352635420507,1
TCGA-BF-AAP6-01A-11R-A40A-07,0.19746827711948362,1
TCGA-B6-A401-01A-11R-A239-07,0.7242697206959202,1
TCGA-BQ-7060-01A-11R-1965-07,0.13089798667711028,1
TCGA-EP-A2KB-01A-11R-A180-07,0.3358086649990995,1
TCGA-A2-A0SY-01A-31R-A084-07,0.6621957051978612,1
TCGA-CZ-4860-01A-01R-1305-07,0.8566350293312294,1
TCGA-CM-6169-01A-11R-1653-07,0.6687520331940473,1
TCGA-85-8353-01A-21R-2296-07,0.5500895142378854,0
TCGA-AA-3850-01A-01R-1022-07,0.7105073606767798,0
TCGA-2Z-A9JJ-01A-11R-A42S-07,0.8799491119344321,0
TCGA-C8-A1HE-01A-11R-A13Q-07,0.4665892602758684,0
TCGA-97-7552-01A-11R-2039-07,0.6531243177102118,0
TCGA-YL-A8SC-01A-11R-A37L-07,0.7568512518372957,1
TCGA-BQ-5877-01A-11R-1592-07,0.7613144670608805,1
TCGA-AA-3986-01A-02R-1022-07,0.6658574864643615,1
TCGA-A6-6140-01A-11R-1774-07,0.4917382534624522,0
TCGA-MP-A5C7-01A-11R-A262-07,0.5982264505037119,1
TCGA-86-7955-01A-11R-2187-07,0.8203736758947111,1
TCGA-A3-3311-01A-02R-1325-07,0.5416871428090477,1
TCGA-MP-A4T8-01A-11R-A24X-07,0.8153925170708063,1
TCGA-49-4488-01A-01R-1755-07,0.7131569973917814,1
TCGA-A8-A07O-01A-11R-A00Z-07,0.784396294874437,1
TCGA-EJ-7312-01B-21R-A32O-07,0.7685662386811111,1
TCGA-CK-5912-01A-11R-1653-07,0.7990139856342946,1
TCGA-56-6546-01A-11R-1820-07,0.8150579404738125,1
TCGA-B6-A1KC-01B-11R-A157-07,0.7357183608079577,1
TCGA-5P-A9JU-01A-11R-A42S-07,0.5951463920104801,1
TCGA-B9-4114-01A-01R-1193-07,0.5870124365398557,1
TCGA-EB-A551-01A-21R-A27Q-07,0.46467196956295964,1
TCGA-A7-A0DB-01A-11R-A277-07,0.7360205233872689,1
TCGA-G4-6628-01A-11R-1839-07,0.8482287707833586,1
TCGA-LD-A66U-01A-11R-A31O-07,0.2700152363566032,1
TCGA-91-6840-01A-11R-1949-07,0.8707351715015997,1
TCGA-EJ-5527-01A-01R-1580-07,0.32518040552090155,1
TCGA-29-2428-01A-01R-1569-13,0.6532527115898534,1
TCGA-22-4601-01A-01R-1443-07,0.7392148674066072,1
TCGA-22-0940-01A-01R-0692-07,0.6968686124498588,1
TCGA-24-1555-01A-01R-1566-13,0.6158965614812261,0
TCGA-F4-6856-01A-11R-1928-07,0.6791427576132879,1
TCGA-LG-A9QD-01A-11R-A38B-07,0.36451102687204223,1
TCGA-B0-4814-01A-01R-1277-07,0.5837810064640707,1
TCGA-DD-A3A7-01A-11R-A22L-07,0.5227519870795814,1
TCGA-BQ-7050-01A-11R-1965-07,0.5656983207476477,1
TCGA-EJ-5524-01A-01R-1580-07,0.47430058194743596,0
TCGA-E9-A22A-01A-11R-A157-07,0.7481202243686454,1
TCGA-BH-A1FJ-01A-11R-A13Q-07,0.719438262573646,1
TCGA-EJ-5517-01A-01R-1580-07,0.4388698803560663,0
TCGA-FB-AAPP-01A-12R-A41B-07,0.9270734089358939,1
TCGA-EJ-8472-01A-11R-2403-07,0.8588735330193281,1
TCGA-BP-4770-01A-01R-1503-07,0.8463186981892755,1
TCGA-CJ-5681-01A-11R-1541-07,0.9079981118222727,1
TCGA-EJ-5542-01A-01R-1580-07,0.28712503383219723,1
TCGA-13-1407-01A-01R-1565-13,0.5788351626103095,1
TCGA-J7-A8I2-01A-12R-A36F-07,0.9051172219539546,1
TCGA-ED-A627-01A-12R-A311-07,0.4845781426473068,1
TCGA-2J-AABU-01A-11R-A41B-07,0.8388782416474595,1
TCGA-E9-A1QZ-01A-21R-A169-07,0.6872341015931624,1
TCGA-66-2744-01A-01R-0980-07,0.6505598304649917,1
TCGA-29-1781-01A-01R-1567-13,0.6439550326683222,0
TCGA-LN-A49L-01A-11R-A24K-31,0.9826614176172029,1
TCGA-18-4721-01A-01R-1443-07,0.5595840963920634,0
TCGA-A7-A5ZW-01A-12R-A29R-07,0.6078128525146664,1
TCGA-B6-A409-01A-11R-A24H-07,0.7266733095214449,1
TCGA-FC-A4JI-01A-11R-A250-07,0.9249175364394158,0
TCGA-13-1405-01A-01R-1565-13,0.7009160179465191,1
TCGA-DD-AADO-01A-11R-A41C-07,0.36551930014534356,1
TCGA-WX-AA46-01A-11R-A39D-07,0.4020592691651178,1
TCGA-4N-A93T-01A-11R-A37K-07,0.7018641989477762,1
TCGA-V1-A9OF-01A-11R-A41O-07,0.5153136066719058,1
TCGA-Y8-A897-01A-11R-A36F-07,0.40709901327057885,0
TCGA-A6-3807-01A-01R-1022-07,0.8005687697160934,1
TCGA-DD-A1ED-01A-11R-A155-07,0.27120131193300534,1
TCGA-AO-A0J8-01A-21R-A034-07,0.6095621414784611,1
TCGA-BH-A42T-01A-11R-A24H-07,0.7401682016138037,1
TCGA-25-1329-01A-01R-1565-13,0.7272226779894311,1
TCGA-AO-A12H-01A-11R-A115-07,0.7850919434524077,0
TCGA-G3-A25T-01A-11R-A16W-07,0.5557822997616522,1
TCGA-G9-7509-01A-11R-A41O-07,0.39942505487459584,1
TCGA-BC-A8YO-01A-11R-A37K-07,0.6003187391247707,1
TCGA-50-5942-01A-21R-1755-07,0.7127768609623489,1
TCGA-GM-A2DB-01A-31R-A18M-07,0.7812464524146269,0
TCGA-C8-A133-01A-32R-A12D-07,0.6183842654672033,1
TCGA-NC-A5HD-01A-11R-A26W-07,0.6880990287186944,1
TCGA-AR-A0U0-01A-11R-A109-07,0.8418019524762023,1
TCGA-23-1029-01B-01R-1567-13,0.6351684998973097,1
TCGA-HZ-8637-01A-11R-2404-07,0.8976105253821598,1
TCGA-D8-A1JM-01A-11R-A13Q-07,0.8752725358315889,1
TCGA-91-8499-01A-11R-2403-07,0.880194430758209,1
TCGA-ZP-A9D2-01A-11R-A38B-07,0.815014581531156,1
TCGA-2Y-A9GV-01A-11R-A38B-07,0.4761916330951715,0
TCGA-B8-A54D-01A-21R-A266-07,0.590341532707579,1
TCGA-A4-8630-01A-11R-2404-07,0.1473299775620053,1
TCGA-F4-6855-01A-11R-1928-07,0.771748744790224,0
TCGA-EB-A3HV-01A-11R-A21D-07,0.3767486578374948,1
TCGA-XJ-A83G-01A-11R-A352-07,0.30931351928531153,1
TCGA-AA-3560-01A-01R-0821-07,0.8361208720527753,1
TCGA-D8-A1XA-01A-11R-A14D-07,0.8159600887154763,1
TCGA-BP-4963-01A-01R-1334-07,0.5032484389437017,1
TCGA-04-1338-01A-01R-1564-13,0.7118946151870832,1
TCGA-09-1662-01A-01R-1566-13,0.7814100964458622,1
TCGA-24-1417-01A-01R-1565-13,0.6588910514322308,1
TCGA-ZG-A9LN-01A-11R-A41O-07,0.8665278350455538,0
TCGA-EJ-8474-01A-11R-2403-07,0.6473035387422438,0
TCGA-13-0727-01A-01R-1564-13,0.570269046352928,1
TCGA-37-5819-01A-01R-1635-07,0.8019568698843984,1
TCGA-E2-A1LI-01A-12R-A157-07,0.8068986951125063,1
TCGA-77-7138-01A-41R-2045-07,0.7366186876229269,1
TCGA-A2-A3XU-01A-12R-A22U-07,0.7863493072649158,0
TCGA-QG-A5YW-01A-11R-A28H-07,0.8125473895942802,1
TCGA-49-AAR0-01A-21R-A39D-07,0.7094498188683193,0
TCGA-50-6590-01A-12R-1858-07,0.8214282330326258,1
TCGA-55-8510-01A-11R-2403-07,0.6119156174113439,0
TCGA-AL-3466-01A-02R-1351-07,0.8185759635309955,1
TCGA-IB-AAUU-01A-11R-A37L-07,0.6795711107630953,1
TCGA-AA-3815-01A-01R-1022-07,0.729837904047747,1
TCGA-AR-A0TZ-01A-12R-A084-07,0.7242653372138632,1
TCGA-M7-A71Z-01A-12R-A32O-07,0.6445920613210804,1
TCGA-A8-A09C-01A-11R-A00Z-07,0.7781566520282487,0
TCGA-DD-AAE1-01A-11R-A41C-07,0.32197270090836194,1
TCGA-BH-A1EX-01A-11R-A13Q-07,0.7642556964027715,1
TCGA-DM-A288-01A-11R-A16W-07,0.7399140593623099,1
TCGA-CC-A5UE-01A-11R-A28V-07,0.5629612763304526,1
TCGA-S8-A6BV-01A-21R-A31P-31,0.9729405398474856,1
TCGA-AO-A03O-01A-11R-A00Z-07,0.8061685081532322,1
TCGA-IA-A83W-01A-11R-A355-07,0.5190289292592912,1
TCGA-86-A4P8-01A-11R-A24X-07,0.4863086020213272,1
TCGA-A4-7288-01A-11R-A32Z-07,0.33183758665193963,1
TCGA-33-4532-01A-01R-1201-07,0.7194152790806702,0
TCGA-OY-A56P-01A-12R-A406-31,0.5784730205374664,1
TCGA-GK-A6C7-01A-11R-A33J-07,0.49923775419443445,0
TCGA-E2-A15E-01A-11R-A12D-07,0.7811793141098784,1
TCGA-DD-A39W-01A-11R-A213-07,0.6136601686651353,1
TCGA-AR-A0U3-01A-11R-A109-07,0.8286792256257068,1
TCGA-CJ-4900-01A-01R-1334-07,0.7466272078155146,1
TCGA-E2-A15G-01A-11R-A12D-07,0.45021586387152523,1
TCGA-CH-5769-01A-11R-1580-07,0.8502683600953839,1
TCGA-60-2707-01A-01R-0851-07,0.3328375371441272,1
TCGA-CW-5589-01A-01R-1541-07,0.3829710858404362,1
TCGA-DD-AAEB-01A-11R-A41C-07,0.3770098034990569,1
TCGA-61-2098-01A-01R-1568-13,0.47722894597330046,0
TCGA-05-4249-01A-01R-1107-07,0.6874479949953749,1
TCGA-33-4589-01A-01R-1443-07,0.4706946217999461,1
TCGA-E2-A15K-01A-11R-A12P-07,0.7273277009418114,1
TCGA-DD-A4NL-01A-11R-A28V-07,0.26813817492647535,1
TCGA-BF-AAP2-01A-11R-A40A-07,0.13986770658566994,1
TCGA-44-6779-01A-11R-1858-07,0.7747912218762232,1
TCGA-85-7844-01A-11R-2125-07,0.4205175545965528,1
TCGA-AK-3460-01A-02R-1277-07,0.37169828791116755,1
TCGA-B2-4101-01A-02R-1277-07,0.32867963323241,0
TCGA-51-4080-01A-01R-1100-07,0.6227952434345707,1
TCGA-3C-AALI-01A-11R-A41B-07,0.8080265851868557,1
TCGA-IB-A5SP-01A-11R-A32O-07,0.8485487324112181,1
TCGA-L5-A88Z-01A-11R-A36D-31,0.9824415900022307,1
TCGA-D9-A4Z5-01A-11R-A266-07,0.37654700584206324,1
TCGA-BH-A0DG-01A-21R-A12P-07,0.7986600435755775,1
TCGA-L5-A8NF-01A-11R-A37I-31,0.9674657307143588,1
TCGA-EJ-7325-01B-11R-A32O-07,0.48988426223147596,1
TCGA-13-1497-01A-01R-1565-13,0.7325837792726269,0
TCGA-HC-7736-01A-11R-2118-07,0.6785247734398457,0
TCGA-AR-A1AH-01A-11R-A12D-07,0.8572767218102705,1
TCGA-A7-A26F-01B-04R-A22O-07,0.796388055678998,1
TCGA-04-1337-01A-01R-1564-13,0.6315023168988575,1
TCGA-EB-A6QZ-01A-12R-A32P-07,0.18671157132024213,1
TCGA-AK-3444-01A-02R-1325-07,0.35884894697432007,1
TCGA-B0-5092-01A-01R-1420-07,0.5140805554793784,1
TCGA-A8-A09A-01A-11R-A00Z-07,0.7506750854575365,0
TCGA-LN-A49O-01A-11R-A24K-31,0.9818491345526343,1
TCGA-61-1737-01A-01R-1567-13,0.7111578659235731,1
TCGA-EJ-A46H-01A-31R-A26U-07,0.4830389289609024,1
TCGA-B6-A0X5-01A-21R-A109-07,0.883810630349852,1
TCGA-C8-A26X-01A-31R-A16F-07,0.8285666741881628,1
TCGA-21-1077-01A-01R-0692-07,0.5778812302034759,1
TCGA-GM-A2DD-01A-11R-A180-07,0.7987770089349866,1
TCGA-BP-4326-01A-01R-1289-07,0.6720358562354498,1
TCGA-DA-A960-01A-11R-A37K-07,0.29468779541652246,1
TCGA-94-A5I4-01A-11R-A26W-07,0.6853030453132908,1
TCGA-AA-3520-01A-01R-0821-07,0.6815132537435775,1
TCGA-2Y-A9H1-01A-11R-A38B-07,0.289569750262495,1
TCGA-63-A5ML-01A-31R-A27Q-07,0.5880186615445231,0
TCGA-KK-A8IB-01A-11R-A36G-07,0.7547760575135831,1
TCGA-AA-3947-01A-01R-1022-07,0.5154318903780788,1
TCGA-B8-4621-01A-01R-1503-07,0.7826824697161384,0
TCGA-S3-AA11-01A-31R-A41B-07,0.7433036799867168,1
TCGA-BH-A0BM-01A-11R-A056-07,0.635851048182944,0
TCGA-AK-3447-01A-01R-1766-07,0.7526708122863058,0
TCGA-E2-A1IO-01A-11R-A144-07,0.752107676045376,1
TCGA-BP-5185-01A-01R-1426-07,0.3142139746084452,1
TCGA-LL-A5YO-01A-21R-A28M-07,0.6853382967974121,1
TCGA-A3-3347-01A-02R-1325-07,0.6450097957540954,1
TCGA-60-2709-01A-21R-1820-07,0.48696572111953995,1
TCGA-DD-A1EK-01A-11R-A213-07,0.44906383648261566,0
TCGA-BH-A0HU-01A-11R-A034-07,0.7703895062197309,1
TCGA-HZ-7289-01A-11R-2156-07,0.9339665095866945,1
TCGA-33-4566-01A-01R-1443-07,0.7822927272384504,1
TCGA-EJ-5504-01A-01R-1580-07,0.555545256758756,0
TCGA-IB-7654-01A-11R-2156-07,0.880251558379952,0
TCGA-2Z-A9JD-01A-11R-A42S-07,0.5075069385510856,1
TCGA-BH-A18L-01A-32R-A12D-07,0.7035877896316085,1
TCGA-38-A44F-01A-11R-A24H-07,0.5194043591063648,1
TCGA-YL-A8SB-01A-31R-A37L-07,0.6386020533927893,1
TCGA-46-3768-01A-01R-0980-07,0.610165322858638,0
TCGA-AR-A24U-01A-11R-A169-07,0.7722220390827005,1
TCGA-AO-A0JD-01A-11R-A056-07,0.8329794315443991,1
TCGA-A2-A0T1-01A-21R-A084-07,0.8320813915319829,1
TCGA-D8-A1JH-01A-11R-A13Q-07,0.42954336778686053,1
TCGA-BP-5194-01A-02R-1426-07,0.20064050741352937,1
TCGA-RB-AA9M-01A-11R-A39D-07,0.776108321832377,1
TCGA-A4-7915-01A-11R-2204-07,0.6423747404243249,1
TCGA-AA-3867-01A-01R-1022-07,0.7169240697223996,1
TCGA-3A-A9IH-01A-12R-A39D-07,0.753401051922646,1
TCGA-E2-A570-01A-11R-A29R-07,0.711481102151719,1
TCGA-D5-5540-01A-01R-1653-07,0.4533060604721724,1
TCGA-B0-4839-01A-01R-1305-07,0.45769623030507717,0
TCGA-FS-A1ZN-01A-11R-A18T-07,0.2650421976671589,0
TCGA-D8-A1Y1-01A-21R-A14M-07,0.7820622998120842,1
TCGA-57-1993-01A-01R-1568-13,0.5945026497106315,0
TCGA-E9-A3X8-01A-31R-A22U-07,0.299091087716967,1
TCGA-86-8073-01A-11R-2241-07,0.7967213066221384,1
TCGA-ZG-A8QW-01A-11R-A37L-07,0.8585119544239633,1
TCGA-AK-3458-01A-01R-1503-07,0.5165777991710455,1
TCGA-L5-A88S-01A-11R-A36D-31,0.9790449419687559,1
TCGA-DD-A4NJ-01A-11R-A27V-07,0.6248301381006003,1
TCGA-55-6985-01A-11R-1949-07,0.5996204611748438,1
TCGA-78-7147-01A-11R-2039-07,0.8044673475370003,1
TCGA-AK-3429-01A-02R-1325-07,0.6294212341351846,1
TCGA-AR-A2LH-01A-31R-A18M-07,0.8025561556944553,1
TCGA-WX-AA47-01A-11R-A39D-07,0.6334154043969521,1
TCGA-04-1536-01A-01R-1566-13,0.7154652654782856,1
TCGA-L3-A524-01A-11R-A262-07,0.6971212585648782,1
TCGA-91-6848-01A-11R-1949-07,0.8120813768010126,1
TCGA-24-2027-01A-01R-1567-13,0.658260707073963,1
TCGA-H9-A6BX-01A-31R-A311-07,0.4513473271462971,1
TCGA-G9-6354-01A-11R-A311-07,0.3638737520465897,1
TCGA-10-0937-01A-02R-1564-13,0.5879200236003949,1
TCGA-B6-A0RN-01A-12R-A084-07,0.5961088452285126,1
TCGA-86-8056-01A-11R-2241-07,0.6716234899650902,1
TCGA-95-8039-01A-11R-2241-07,0.7441618164504827,1
TCGA-E9-A1R5-01A-11R-A14M-07,0.7147202705660003,1
TCGA-A3-3331-01A-02R-1325-07,0.4418642268448434,1
TCGA-18-3410-01A-01R-0980-07,0.7251885934393851,1
TCGA-22-5491-01A-01R-1635-07,0.47404974065869343,1
TCGA-A4-A7UZ-01A-12R-A355-07,0.6878579607564705,1
TCGA-L5-A4OS-01A-11R-A28J-31,0.9774488081967455,1
TCGA-AZ-6607-01A-11R-1839-07,0.7639394108743843,1
TCGA-B0-5077-01A-01R-1334-07,0.5973759766461753,1
TCGA-63-A5MW-01A-11R-A26W-07,0.8089934459351318,1
TCGA-CK-6747-01A-11R-1839-07,0.6647029507915068,1
TCGA-A8-A06U-01A-11R-A00Z-07,0.847550438076616,1
TCGA-CC-A5UD-01A-11R-A28V-07,0.7900363902822096,0
TCGA-44-A47A-01A-21R-A24H-07,0.8025300535458864,1
TCGA-EW-A1IZ-01A-11R-A13Q-07,0.7906005065203119,1
TCGA-24-2019-01A-02R-1568-13,0.6853453889386851,1
TCGA-EW-A1IX-01A-12R-A144-07,0.6215275169470391,0
TCGA-13-0897-01A-01R-1564-13,0.6342272186790038,1
TCGA-A8-A06Q-01A-11R-A034-07,0.7824531043426912,1
TCGA-A2-A4RX-01A-11R-A266-07,0.8258072970392094,1
TCGA-E9-A1RC-01A-11R-A157-07,0.6820226032832329,1
TCGA-AA-3814-01A-01R-0905-07,0.6559992992084236,1
TCGA-DD-AACH-01A-11R-A41C-07,0.7369905022930089,0
TCGA-AA-3496-01A-21R-1839-07,0.7777063310843366,1
TCGA-69-7974-01A-11R-2187-07,0.7095929406983327,1
TCGA-24-1431-01A-01R-1566-13,0.7130499644460094,1
TCGA-B6-A1KI-01A-11R-A14M-07,0.7799668115476325,1
TCGA-AK-3461-01A-02R-1277-07,0.49082691898243686,0
TCGA-DD-A11D-01A-11R-A131-07,0.3279190284257831,0
TCGA-22-4594-01A-01R-1201-07,0.7755341270142762,1
TCGA-GN-A8LN-01A-11R-A37K-07,0.37301684423202625,0
TCGA-A4-7286-01A-11R-A32Z-07,0.27947404650445024,1
TCGA-G9-6362-01A-11R-1789-07,0.7758842622072147,0
TCGA-ED-A7PZ-01A-11R-A33R-07,0.6195239242747809,1
TCGA-77-7139-01A-11R-2045-07,0.6629303249281326,1
TCGA-AT-A5NU-01A-11R-A28H-07,0.23570447548076934,1
TCGA-G9-6348-01A-11R-1789-07,0.7227435004831966,1
TCGA-CM-5868-01A-01R-1653-07,0.6399693501306198,1
TCGA-80-5607-01A-31R-1949-07,0.7769155236006302,1
TCGA-DD-A4ND-01A-11R-A266-07,0.7195995352045949,1
TCGA-AK-3443-01A-02R-1325-07,0.777485680097423,0
TCGA-BH-A28Q-01A-11R-A16F-07,0.6354374338143252,1
TCGA-62-A470-01A-11R-A24H-07,0.6935970549205377,1
TCGA-85-A5B5-01A-21R-A26W-07,0.6626326231493994,1
TCGA-GN-A4U5-01A-11R-A32P-07,0.24378823225236315,1
TCGA-A7-A2KD-01A-31R-A21T-07,0.8383212119203777,1
TCGA-5R-AAAM-01A-12R-A41C-07,0.2951281190762507,1
TCGA-AA-3952-01A-01R-1022-07,0.8341735263621124,0
TCGA-E9-A1NC-01A-21R-A26B-07,0.7693037375579562,1
TCGA-E9-A229-01A-31R-A157-07,0.6426641317343565,1
TCGA-55-A494-01A-11R-A24X-07,0.7687665307795272,1
TCGA-D8-A1XL-01A-11R-A14M-07,0.7724124260300351,0
TCGA-YL-A8SI-01A-11R-A41O-07,0.41041852749167085,0
TCGA-61-1911-01A-01R-1567-13,0.6925240317035241,1
TCGA-56-1622-01A-01R-0692-07,0.7504611381851275,1
TCGA-C8-A26Z-01A-11R-A16F-07,0.7622316228240188,1
TCGA-V5-A7RB-01A-11R-A354-31,0.9797485349204009,1
TCGA-OL-A66H-01A-11R-A29R-07,0.7678516483130812,0
TCGA-AC-A3OD-01A-11R-A21T-07,0.7565148788831034,1
TCGA-A4-8516-01A-11R-2404-07,0.2916685743463491,1
TCGA-EJ-A7NN-01A-11R-A33R-07,0.8692749907765764,1
TCGA-A8-A06Y-01A-21R-A00Z-07,0.8118765873513206,1
TCGA-EB-A5VU-01A-21R-A32P-07,0.3564230108626506,1
TCGA-HC-7232-01A-11R-2118-07,0.7189013263441956,1
TCGA-2L-AAQL-01A-11R-A38C-07,0.7046182432779668,1
TCGA-BF-A3DM-01A-11R-A20F-07,0.44469488615065283,1
TCGA-GM-A2DI-01A-31R-A18M-07,0.6160322840021029,1
TCGA-CJ-4635-01A-02R-1305-07,0.6199783372242281,1
TCGA-FV-A4ZP-01A-12R-A266-07,0.4560734233271733,1
TCGA-IH-A3EA-01A-11R-A20F-07,0.1537295688402831,0
TCGA-HC-7075-01A-11R-1965-07,0.44165983212318166,0
TCGA-5P-A9K6-01A-11R-A42S-07,0.12499627650331765,0
TCGA-DM-A28K-01A-21R-A32Y-07,0.6821495793552922,1
TCGA-BP-4962-01A-01R-1334-07,0.5495416391958816,1
TCGA-53-7624-01A-11R-2066-07,0.8742611769537291,1
TCGA-AA-3854-01A-01R-0905-07,0.6274682083610428,1
TCGA-OL-A5RW-01A-11R-A28M-07,0.8242172601248255,1
TCGA-E9-A1RI-01A-11R-A169-07,0.4677986600998826,1
TCGA-A7-A4SB-01A-21R-A266-07,0.7844526600469551,1
TCGA-A3-3306-01A-01R-0864-07,0.6773762473106382,0
TCGA-G9-6371-01A-11R-1789-07,0.46239238427774243,1
TCGA-E9-A243-01A-21R-A169-07,0.7910301569493245,1
TCGA-A7-A0CG-01A-12R-A056-07,0.6080153619127695,1
TCGA-E9-A3HO-01A-11R-A213-07,0.7008564315001905,1
TCGA-B6-A408-01A-12R-A24H-07,0.7413014243403491,1
TCGA-24-1426-01A-01R-1565-13,0.6873193907286705,1
TCGA-AC-A6IV-01A-12R-A33J-07,0.6170592544571286,1
TCGA-AS-3778-01A-01R-A32Z-07,0.40116367203512243,0
TCGA-C8-A1HG-01A-11R-A137-07,0.7587621672058449,0
TCGA-BQ-7059-01A-11R-1965-07,0.4660696824166464,1
TCGA-SX-A7SL-01A-11R-A355-07,0.3618934097864386,0
TCGA-13-1492-01A-01R-1565-13,0.7232468836989717,1
TCGA-BP-4970-01A-01R-1334-07,0.3716100073899374,1
TCGA-HE-7128-01A-11R-1965-07,0.2734589987403417,1
TCGA-61-1733-01A-01R-1567-13,0.7036745990182471,1
TCGA-LL-A5YL-01A-12R-A29R-07,0.5938514076152092,0
TCGA-DD-A3A8-01A-11R-A22L-07,0.3209426210545725,1
TCGA-AK-3450-01A-02R-1277-07,0.5255753703419321,0
TCGA-EW-A2FS-01A-11R-A17B-07,0.7722196466971104,0
TCGA-A2-A0T6-01A-11R-A084-07,0.5674159684002125,1
TCGA-FV-A496-01A-11R-A266-07,0.6370454422144498,1
TCGA-75-7027-01A-11R-1949-07,0.8428138625542664,0
TCGA-43-3394-01A-01R-0980-07,0.6104236553583267,1
TCGA-CZ-5455-01A-01R-1503-07,0.543083186259823,1
TCGA-AA-3831-01A-01R-0905-07,0.6131386089205301,1
TCGA-NH-A8F7-01A-11R-A41B-07,0.6619007547202049,1
TCGA-FB-A4P6-01A-12R-A26U-07,0.7770019441400378,1
TCGA-VP-A87E-01A-31R-A352-07,0.5801458871196999,1
TCGA-BH-A0DD-01A-31R-A12P-07,0.6724759509124434,1
TCGA-CM-4744-01A-01R-A32Z-07,0.6226009453602065,1
TCGA-IG-A8O2-01A-11R-A36D-31,0.9862534313079846,0
TCGA-A8-A07P-01A-11R-A00Z-07,0.6873595165575245,1
TCGA-J4-A67Q-01A-21R-A30B-07,0.19775824347589052,0
TCGA-A3-3387-01A-01R-1541-07,0.6205451491173516,1
TCGA-IB-7647-01A-11R-2156-07,0.8456280758164011,1
TCGA-98-8022-01A-11R-2247-07,0.7918626114407232,0
TCGA-J2-8194-01A-11R-2241-07,0.6851415566484698,1
TCGA-BP-5189-01A-02R-1426-07,0.33309856703650026,1
TCGA-24-2293-01A-01R-1568-13,0.5808077690404054,0
TCGA-DD-A1EA-01A-11R-A131-07,0.6516134350723063,1
TCGA-JY-A6FB-01A-11R-A336-31,0.9723315972300334,1
TCGA-60-2716-01A-01R-0851-07,0.8523252750753134,1
TCGA-A1-A0SF-01A-11R-A144-07,0.8567379777342348,0
TCGA-78-7148-01A-11R-2039-07,0.7624351549404893,1
TCGA-85-7696-01A-11R-2125-07,0.7009269853756515,1
TCGA-25-1319-01A-01R-1565-13,0.7456316292747605,1
TCGA-44-A47B-01A-11R-A24H-07,0.7979146983986983,0
TCGA-L5-A88W-01A-11R-A354-31,0.9837670041400018,1
TCGA-85-A4CL-01A-41R-A26W-07,0.7342681886368643,1
TCGA-44-A4SU-01A-11R-A24X-07,0.7097272989359841,1
TCGA-2Y-A9GX-01A-11R-A38B-07,0.3374679511609868,0
TCGA-G4-6586-01A-11R-1774-07,0.6410110014247966,0
TCGA-68-A59J-01A-21R-A26W-07,0.7698363943022397,1
TCGA-G6-A5PC-01A-11R-A33J-07,0.4118422710433299,1
TCGA-IG-A50L-01A-11R-A260-31,0.9816061172227151,1
TCGA-43-6770-01A-11R-1820-07,0.618814429207457,1
TCGA-57-1584-01A-01R-1566-13,0.701913173051315,1
TCGA-AC-A2B8-01A-11R-A17B-07,0.6430084221006158,1
TCGA-A4-A57E-01A-11R-A26U-07,0.7745928483913325,1
TCGA-24-1471-01A-01R-1566-13,0.6893874208827909,1
TCGA-56-7579-01A-11R-2045-07,0.7570029530808189,0
TCGA-KK-A59Y-01A-11R-A26U-07,0.6965991459776472,1
TCGA-A7-A26H-01A-11R-A169-07,0.6539128312156605,1
TCGA-DV-5573-01A-01R-1541-07,0.7670292204577405,1
TCGA-AC-A3TM-01A-11R-A22K-07,0.31078591484292967,0
TCGA-KK-A6E3-01A-21R-A30B-07,0.3022109389968582,0
TCGA-25-2398-01A-01R-1569-13,0.614288132434072,1
TCGA-25-1631-01A-01R-1569-13,0.6875058771733965,1
TCGA-B0-4710-01A-01R-1503-07,0.6669649957175118,1
TCGA-BD-A2L6-01A-11R-A213-07,0.3342313152339124,1
TCGA-85-8664-01A-11R-2403-07,0.7666938203688175,1
TCGA-59-2352-01A-01R-1569-13,0.6360872050984867,1
TCGA-97-8179-01A-11R-2287-07,0.7855721979164496,1
TCGA-CW-5590-01A-01R-1541-07,0.6298053743115646,1
TCGA-24-1424-01A-01R-1565-13,0.6159568344855882,1
TCGA-GM-A3XL-01A-11R-A22U-07,0.7865161846727334,1
TCGA-D8-A1JA-01A-11R-A13Q-07,0.7112390701609579,1
TCGA-EB-A85J-01A-12R-A352-07,0.22993560602806457,1
TCGA-HV-A7OL-01A-11R-A33R-07,0.7644759413526843,1
TCGA-55-8087-01A-11R-2241-07,0.7410539424044882,1
TCGA-55-6978-01A-11R-1949-07,0.6248893133693089,1
TCGA-BP-4332-01A-01R-1289-07,0.5126018402428221,1
TCGA-57-1586-01A-02R-1567-13,0.6720319845038072,1
TCGA-5P-A9JV-01A-12R-A42S-07,0.8542157599798071,1
TCGA-A2-A1G0-01A-11R-A13Q-07,0.6729937300482959,1
TCGA-BP-4985-01A-01R-1334-07,0.8708737487434614,1
TCGA-US-A774-01A-21R-A32O-07,0.5717351921577903,1
TCGA-V7-A7HQ-01A-11R-A33J-07,0.28174762589678204,1
TCGA-B0-4817-01A-01R-1277-07,0.7584561062967263,1
TCGA-61-1738-01A-01R-1567-13,0.7340014268910332,0
TCGA-A6-2681-01A-01R-1410-07,0.4278705548775614,0
TCGA-22-4609-01A-21R-2125-07,0.48583629070398127,1
TCGA-HC-A6AN-01A-11R-A30B-07,0.5563344715009887,1
TCGA-AN-A0AM-01A-11R-A034-07,0.9080885728237577,1
TCGA-B2-5636-01A-02R-1541-07,0.4566363176751411,1
TCGA-59-2348-01A-01R-1569-13,0.8258024510022465,1
TCGA-EJ-5531-01A-01R-1580-07,0.5710726973677642,1
TCGA-D8-A4Z1-01A-21R-A266-07,0.4249655080869785,1
TCGA-BH-A0BV-01A-11R-A00Z-07,0.7671375748721572,1
TCGA-DD-AAEA-01A-11R-A41C-07,0.43211617728778623,1
TCGA-49-6761-01A-31R-1949-07,0.7938972504868226,1
TCGA-95-7043-01A-11R-1949-07,0.8595659813133605,0
TCGA-AD-6890-01A-11R-1928-07,0.7056290255583499,1
TCGA-97-8547-01A-11R-2403-07,0.7038827140860103,1
TCGA-XP-A8T6-01A-11R-A36D-31,0.9811675123276332,1
TCGA-70-6722-01A-11R-1820-07,0.7172803633469284,1
TCGA-DD-AAVY-01A-11R-A41C-07,0.31030639199774734,1
TCGA-A2-A3XS-01A-11R-A22U-07,0.7854868872992489,0
TCGA-A2-A0YL-01A-21R-A109-07,0.5553073835539574,1
TCGA-3A-A9IS-01A-21R-A39D-07,0.9575064637687984,1
TCGA-73-4666-01A-01R-1206-07,0.7235991065441036,1
TCGA-24-1467-01A-01R-1566-13,0.623766758006466,1
TCGA-85-7699-01A-11R-2125-07,0.603994173943319,1
TCGA-A8-A07B-01A-11R-A00Z-07,0.8364486025653811,1
TCGA-AA-A01P-01A-21R-A083-07,0.7536104269641274,1
TCGA-AC-A62X-01A-11R-A29R-07,0.8541205421374708,1
TCGA-A2-A0YH-01A-11R-A109-07,0.7855291082369468,1
TCGA-D8-A1XS-01A-11R-A14M-07,0.5634577242456639,0
TCGA-BH-A0E2-01A-11R-A056-07,0.8295683930896951,0
TCGA-13-0888-01A-01R-1564-13,0.5394386598259149,0
TCGA-IG-A4QS-01A-11R-A260-31,0.9750683935543323,0
TCGA-A6-2680-01A-01R-1410-07,0.4803794579635043,1
TCGA-A4-7997-01A-11R-2204-07,0.5735495656980245,0
TCGA-93-A4JO-01A-21R-A24X-07,0.652475288066629,1
TCGA-KV-A74V-01A-11R-A33Z-07,0.30932031875077287,1
TCGA-G4-6588-01A-11R-1774-07,0.7396393650255229,0
TCGA-J4-A83L-01A-11R-A352-07,0.43034423936302113,0
TCGA-5T-A9QA-01A-11R-A41B-07,0.7908305120404595,1
TCGA-49-6744-01A-11R-1858-07,0.5827801378728402,1
TCGA-CK-4948-01B-11R-1653-07,0.6767379941731378,0
TCGA-77-7142-01A-11R-2045-07,0.7385090226374911,1
TCGA-ZG-A9M4-01A-11R-A41O-07,0.9154817705637021,1
TCGA-44-A479-01A-31R-A24H-07,0.6374613318588642,1
TCGA-AA-3511-01A-21R-1839-07,0.7008079756243436,1
TCGA-66-2758-01A-02R-0851-07,0.6254784311942783,0
TCGA-24-2290-01A-01R-1568-13,0.7378925957100918,1
TCGA-75-5125-01A-01R-1755-07,0.7657701930009201,1
TCGA-L9-A7SV-01A-11R-A39D-07,0.7153825931608929,1
TCGA-VP-A87K-01A-11R-A352-07,0.5282715829593302,1
TCGA-A6-A565-01A-31R-A28H-07,0.7296649303727619,1
TCGA-04-1364-01A-01R-1565-13,0.6127040556434308,0
TCGA-04-1350-01A-01R-1565-13,0.6226826969651142,1
TCGA-22-5471-01A-01R-1635-07,0.5817886353122768,0
TCGA-EB-A430-01A-11R-A24X-07,0.2126509229447576,1
TCGA-ZG-A9ND-01A-11R-A41O-07,0.6753824159130876,1
TCGA-23-1119-01A-02R-1565-13,0.6881218588228374,0
TCGA-CJ-4642-01B-01R-1305-07,0.9181344091673068,1
TCGA-24-1413-01A-01R-1565-13,0.5651726368766591,1
TCGA-A8-A08A-01A-11R-A32Y-07,0.785811509040787,1
TCGA-04-1519-01A-01R-1565-13,0.5495381506646491,1
TCGA-B6-A0RT-01A-21R-A084-07,0.6502275426845741,1
TCGA-AC-A5XS-01A-11R-A29R-07,0.8096137072096069,1
TCGA-HC-8257-01A-11R-2263-07,0.7797246891708335,1
TCGA-CJ-4881-01A-01R-1305-07,0.7090171752719733,1
TCGA-DD-AACY-01A-11R-A41C-07,0.4449503710126327,1
TCGA-CK-5915-01A-11R-1653-07,0.7128347459335406,0
TCGA-2Y-A9GZ-01A-11R-A39D-07,0.34048807886139393,1
TCGA-2H-A9GI-01A-11R-A37I-31,0.9735606797637179,1
TCGA-B6-A0IP-01A-11R-A034-07,0.6824250918604503,0
TCGA-AA-3811-01A-01R-1022-07,0.8780042854324327,1
TCGA-55-8208-01A-11R-2241-07,0.5517396547980247,0
TCGA-V9-A7HT-01A-11R-A33Z-07,0.3351937086464016,1
TCGA-C8-A12M-01A-11R-A115-07,0.7982107490972845,1
TCGA-BQ-5886-01A-11R-1592-07,0.36197936914698436,1
TCGA-GI-A2C9-01A-11R-A21T-07,0.8541328902858156,1
TCGA-G7-7502-01A-11R-2204-07,0.5663561592605524,0
TCGA-2Z-A9JM-01A-12R-A42S-07,0.5066414721526552,1
TCGA-85-A4PA-01A-11R-A24Z-07,0.7304839372022405,1
TCGA-C8-A12V-01A-11R-A115-07,0.7769944459151564,1
TCGA-HC-7745-01A-11R-2118-07,0.5150000582183625,1
TCGA-AC-A6IW-01A-12R-A33J-07,0.7764148829240394,1
TCGA-B0-5085-01A-01R-1334-07,0.1732578798540288,1
TCGA-AR-A1AU-01A-11R-A12P-07,0.819425423509723,1
TCGA-B8-5546-01A-01R-1541-07,0.7673300340708793,1
TCGA-77-7141-01A-11R-2045-07,0.7498429269658837,1
TCGA-AA-3534-01A-01R-0821-07,0.7313408899830907,1
TCGA-AA-3524-01A-02R-0821-07,0.6329424243107491,1
TCGA-24-2280-01A-01R-1568-13,0.6557945608644175,0
TCGA-IB-7897-01A-21R-2204-07,0.7598046630029245,1
TCGA-95-7039-01A-11R-1949-07,0.7549883464415094,1
TCGA-CJ-5680-01A-11R-1541-07,0.6990950942937564,1
TCGA-AR-A1AN-01A-11R-A12P-07,0.8314826581835345,0
TCGA-LL-A6FP-01A-11R-A31O-07,0.5142721855997892,0
TCGA-30-1714-01A-02R-1567-13,0.6786582315860065,1
TCGA-E2-A15L-01A-11R-A12D-07,0.7563143391995415,1
TCGA-23-2077-01A-01R-1568-13,0.5837046560605867,1
TCGA-EJ-7123-01A-11R-1965-07,0.48189410433330304,1
TCGA-DD-AACI-01A-11R-A41C-07,0.5842272358523387,1
TCGA-A6-3808-01A-01R-1022-07,0.660218195343332,1
TCGA-AA-3837-01A-01R-0905-07,0.6698782152941013,1
TCGA-95-7944-01A-11R-2187-07,0.793398756289598,1
TCGA-A3-3320-01A-02R-1325-07,0.19068486966875495,1
TCGA-MM-A563-01A-11R-A266-07,0.5255117359061653,1
TCGA-77-8008-01A-21R-2187-07,0.43468179819851405,1
TCGA-G9-7519-01A-11R-2263-07,0.4598395020045275,0
TCGA-BF-A5EP-01A-12R-A27Q-07,0.21887173625060288,1
TCGA-B0-5694-01A-11R-1541-07,0.6164751711826895,1
TCGA-E9-A1R7-01A-11R-A14M-07,0.7154015483867519,1
TCGA-G3-A7M5-01A-11R-A33R-07,0.4424647809453972,1
TCGA-A2-A0SV-01A-11R-A084-07,0.7799580700057527,1
TCGA-DW-7838-01A-11R-2139-07,0.48573047710016615,1
TCGA-AN-A04C-01A-21R-A034-07,0.7653799073663237,1
TCGA-77-6842-01A-11R-1949-07,0.6974107638953759,1
TCGA-B0-4688-01A-01R-1277-07,0.8933746147483554,1
TCGA-A2-A0YM-01A-11R-A109-07,0.8133777598563219,1
TCGA-JY-A6F8-01A-11R-A336-31,0.9791563800220408,1
TCGA-F4-6808-01A-11R-1839-07,0.7062042410033944,1
TCGA-AC-A2BM-01A-11R-A21T-07,0.720918444568179,1
TCGA-34-5236-01A-21R-1820-07,0.570982111504147,0
TCGA-AZ-6598-01A-11R-1774-07,0.856863049404388,1
TCGA-D8-A1X7-01A-11R-A14M-07,0.7391177898037691,1
TCGA-AN-A0FY-01A-11R-A034-07,0.8034382704990998,0
TCGA-AO-A03R-01A-21R-A034-07,0.8284108119057587,1
TCGA-CJ-4920-01A-01R-1426-07,0.6038457467055132,1
TCGA-LL-A442-01A-11R-A24H-07,0.7624532788726354,1
TCGA-V1-A9OY-01A-11R-A41O-07,0.6445738597577411,0
TCGA-DD-AAVZ-01A-11R-A41C-07,0.2823797896507846,1
TCGA-UZ-A9PL-01A-11R-A38C-07,0.40090379767990764,1
TCGA-CJ-4638-01A-02R-1325-07,0.5740235485133808,1
TCGA-25-2401-01A-01R-1569-13,0.5764641582777101,1
TCGA-BP-4765-01A-01R-1289-07,0.5305892708319597,1
TCGA-AN-A0FS-01A-11R-A034-07,0.7094497290290029,1
TCGA-B8-5162-01A-01R-1420-07,0.5818882435758124,1
TCGA-EV-5901-01A-11R-1592-07,0.4891314584663952,0
TCGA-2Y-A9H0-01A-11R-A38B-07,0.5714702397790653,0
TCGA-B4-5836-01A-11R-1672-07,0.41190739333485515,1
TCGA-G9-6338-01A-12R-1965-07,0.8180901879399474,1
TCGA-HZ-A9TJ-01A-11R-A41I-07,0.8805279289622002,1
TCGA-D8-A1XT-01A-11R-A14M-07,0.8353666333092686,1
TCGA-E9-A1N6-01A-11R-A144-07,0.836699444180346,1
TCGA-E2-A1IK-01A-11R-A144-07,0.7511753858928741,1
TCGA-CJ-5683-01A-11R-1541-07,0.7321005334112354,1
TCGA-KK-A8IF-01A-11R-A36G-07,0.8459521667249726,1
TCGA-QG-A5Z2-01A-11R-A28H-07,0.5094439902151354,1
TCGA-A1-A0SO-01A-22R-A084-07,0.8461471007968906,1
TCGA-E2-A154-01A-11R-A115-07,0.7153520367783309,1
TCGA-J9-A8CM-01A-11R-A352-07,0.84427492967772,1
TCGA-AN-A0FV-01A-11R-A00Z-07,0.7981750780725768,1
TCGA-CM-6679-01A-11R-1839-07,0.6308082929044443,1
TCGA-77-8153-01A-11R-2403-07,0.46306049747409395,1
TCGA-BH-A0BJ-01A-11R-A056-07,0.8034143104441539,1
TCGA-AN-A0AL-01A-11R-A00Z-07,0.8400913847944619,0
TCGA-24-1928-01A-01R-1567-13,0.7823411181557647,1
TCGA-IB-7890-01A-12R-2204-07,0.58479023868116,1
TCGA-E2-A15R-01A-11R-A115-07,0.7272850970899741,1
TCGA-BH-A0DT-01A-21R-A12D-07,0.542270840199876,1
TCGA-Q3-A5QY-01A-12R-A32O-07,0.7328627578803311,1
TCGA-NJ-A4YI-01A-11R-A262-07,0.7401140683885264,1
TCGA-ZG-A9N3-01A-11R-A41O-07,0.9384228230092357,0
TCGA-2Z-A9JO-01A-11R-A42S-07,0.5957638585317232,1
TCGA-25-1626-01A-01R-1566-13,0.34946606051093837,0
TCGA-CC-5262-01A-01R-A131-07,0.44347438461801275,1
TCGA-57-1582-01A-01R-1566-13,0.6981452155505619,1
TCGA-WJ-A86L-01A-12R-A39D-07,0.6352085132272614,1
TCGA-GL-6846-01A-11R-1965-07,0.5381685375789119,1
TCGA-E9-A54X-01A-11R-A266-07,0.7917826414344659,1
TCGA-55-1594-01A-01R-0946-07,0.8154733298398901,1
TCGA-AA-3864-01A-01R-1022-07,0.6410093834784294,1
TCGA-49-6742-01A-11R-1858-07,0.8536308243684323,1
TCGA-H6-8124-01A-11R-2404-07,0.856522383009238,1
TCGA-HC-7820-01A-11R-2118-07,0.3838224176989104,1
TCGA-AY-A8YK-01A-11R-A41B-07,0.6341452492080943,1
TCGA-34-8454-01A-11R-2326-07,0.7063376488518492,0
TCGA-A6-A56B-01A-31R-A28H-07,0.8158341222270462,1
TCGA-AR-A0U2-01A-11R-A109-07,0.7751211675863721,1
TCGA-BC-A112-01A-11R-A131-07,0.8476604108181673,1
TCGA-IB-7646-01A-11R-2156-07,0.7835849451435479,0
TCGA-V1-A9ZG-01A-11R-A41O-07,0.8750189800873045,1
TCGA-86-7953-01A-11R-2187-07,0.7841281152066827,1
TCGA-CZ-5451-01A-01R-1503-07,0.2413313149580757,1
TCGA-A6-6138-01A-11R-1774-07,0.7316830620166672,1
TCGA-GL-7966-01A-11R-2204-07,0.8002414559738005,1
TCGA-BP-4982-01A-01R-1334-07,0.10811008740851019,1
TCGA-B4-5835-01A-11R-1672-07,0.835908614662579,1
TCGA-E9-A1NE-01A-21R-A14M-07,0.6596676570389999,1
TCGA-MH-A856-01A-11R-A355-07,0.3808819914016584,1
TCGA-EB-A299-01A-21R-A18U-07,0.5445701093830497,1
TCGA-V1-A8MF-01A-11R-A36G-07,0.830950612075477,1
TCGA-G9-6361-01A-21R-1965-07,0.789225200100774,0
TCGA-L5-A8NH-01A-11R-A37I-31,0.9575966383739373,1
TCGA-LN-A49P-01A-11R-A24K-31,0.9835560121591249,1
TCGA-E2-A14V-01A-11R-A12D-07,0.7977451392664718,1
TCGA-49-AAR4-01A-12R-A41B-07,0.5522833106133427,1
TCGA-IB-7885-01A-11R-2156-07,0.7080287026062254,1
TCGA-D8-A1XQ-01A-11R-A14M-07,0.8938052147155919,0
TCGA-AA-3872-01A-01R-1022-07,0.7496992247560716,1
TCGA-85-8070-01A-11R-2247-07,0.7554720303897144,1
TCGA-HI-7169-01A-11R-2118-07,0.6489268574802869,1
TCGA-HC-8213-01A-11R-A29R-07,0.43967105942122225,1
TCGA-CH-5754-01A-11R-1580-07,0.8645939326167154,1
TCGA-2A-A8W1-01A-11R-A37L-07,0.6393520824030907,1
TCGA-AA-3527-01A-01R-0821-07,0.30599534750218693,1
TCGA-G7-6797-01A-11R-1965-07,0.41241273148870317,1
TCGA-05-4403-01A-01R-1206-07,0.732663632634657,1
TCGA-EW-A1IW-01A-11R-A13Q-07,0.752601710856406,1
TCGA-ZG-A9L0-01A-11R-A41O-07,0.8860132489227527,0
TCGA-56-8624-01A-11R-2403-07,0.8071692523845814,1
TCGA-D8-A1J8-01A-11R-A13Q-07,0.4995331933975256,1
TCGA-JY-A6FH-01A-11R-A336-31,0.9770736841762591,1
TCGA-09-0366-01A-01R-1564-13,0.6794446336709159,1
TCGA-A7-A6VV-01A-22R-A33J-07,0.8019992945526658,0
TCGA-L5-A4OG-01A-11R-A260-31,0.9660518896173657,1
TCGA-EJ-A65G-01A-21R-A29R-07,0.2549311761415669,0
TCGA-T9-A92H-01A-11R-A37K-07,0.6861058626974147,1
TCGA-AA-3685-01A-02R-A32Z-07,0.5391860196893326,1
TCGA-BP-4993-01A-02R-1420-07,0.3145942573190834,1
TCGA-B0-5690-01A-11R-1541-07,0.3273752332042942,0
TCGA-G3-AAV6-01A-21R-A37K-07,0.5954004520838065,1
TCGA-13-1505-01A-01R-1565-13,0.6648138222524121,0
TCGA-LD-A9QF-01A-32R-A41B-07,0.7188622636612939,1
TCGA-AA-3710-01A-01R-1022-07,0.6687518672383397,1
TCGA-85-7950-01A-11R-2187-07,0.77303388177756,1
TCGA-A8-A07L-01A-11R-A00Z-07,0.809431279595744,1
TCGA-55-A492-01A-11R-A24H-07,0.6939523028409249,1
TCGA-AZ-5403-01A-01R-1653-07,0.546151454469865,0
TCGA-69-7765-01A-11R-2170-07,0.5316913003109054,0
TCGA-IB-8127-01A-11R-2404-07,0.7613790396896227,1
TCGA-E2-A1IJ-01A-11R-A144-07,0.6151339998743536,1
TCGA-YL-A9WK-01A-11R-A37L-07,0.7439536136242779,1
TCGA-A8-A09D-01A-11R-A00Z-07,0.8379508388366265,0
TCGA-DD-AADA-01A-11R-A41C-07,0.5236518888107144,1
TCGA-CH-5763-01A-11R-1580-07,0.4714144040197547,0
TCGA-CZ-4865-01A-02R-1503-07,0.7367035879729331,1
TCGA-BC-A10Z-01A-11R-A131-07,0.48295127027249285,0
TCGA-EB-A44P-01A-11R-A266-07,0.27849737340411923,1
TCGA-CC-A3MA-01A-11R-A213-07,0.7982942341642506,1
TCGA-AA-3673-01A-01R-0905-07,0.6537927834231723,1
TCGA-CZ-5982-01A-11R-1672-07,0.3792729026853974,1
TCGA-56-7223-01A-11R-2045-07,0.7596447139495593,1
TCGA-EB-A41A-01A-11R-A24X-07,0.30994444814008953,1
TCGA-IB-AAUS-01A-12R-A38C-07,0.4978321857587847,1
TCGA-B0-4828-01A-01R-1277-07,0.5439342307844567,0
TCGA-92-8065-01A-11R-2247-07,0.8361973595367912,1
TCGA-98-A53H-01A-12R-A262-07,0.6903608998418104,1
TCGA-05-4397-01A-01R-1206-07,0.8579299290667204,0
TCGA-HC-A6AO-01A-11R-A30B-07,0.6608413013832511,1
TCGA-E2-A108-01A-13R-A10J-07,0.5009764017083932,1
TCGA-23-1107-01A-01R-1564-13,0.6276635052247455,1
TCGA-IA-A40X-01A-11R-A24Z-07,0.4807067826801625,1
TCGA-B4-5838-01A-11R-1672-07,0.6414236357346,0
TCGA-24-1603-01A-01R-1566-13,0.6277312657663068,1
TCGA-R6-A6L4-01A-11R-A31P-31,0.9782934279347177,1
TCGA-B6-A0IE-01A-11R-A034-07,0.7359972900773362,1
TCGA-04-1517-01A-01R-1565-13,0.6931375526854049,1
TCGA-LA-A446-01A-21R-A24Z-07,0.5476026633126,1
TCGA-C8-A1HF-01A-11R-A137-07,0.7493852907917566,1
TCGA-MP-A4TH-01A-31R-A262-07,0.5691067389762404,1
TCGA-AA-3848-01A-01R-0905-07,0.28410380650789835,1
TCGA-KV-A6GE-01A-11R-A31O-07,0.07310721425491412,1
TCGA-CC-A5UC-01A-11R-A28V-07,0.5381805841212063,1
TCGA-96-7544-01A-11R-2045-07,0.7006153686120008,1
TCGA-B6-A0X1-01A-11R-A109-07,0.8268074687672287,0
TCGA-AA-3553-01A-01R-0821-07,0.5720011700857209,1
TCGA-HC-7818-01A-11R-2118-07,0.6002005322366075,1
TCGA-DD-AADL-01A-11R-A41C-07,0.3311518513946645,1
TCGA-78-7542-01A-21R-2066-07,0.853778023165916,1
TCGA-E2-A1B5-01A-21R-A12P-07,0.7348726348544881,1
TCGA-A6-2684-01A-01R-1410-07,0.4928851065704397,1
TCGA-BH-A1FD-01A-11R-A13Q-07,0.8681035456252396,1
TCGA-G9-6496-01A-11R-1789-07,0.7996204121013145,1
TCGA-EJ-8468-01A-21R-2403-07,0.59667046156086,1
TCGA-AR-A1AS-01A-11R-A12P-07,0.7265524648905988,1
TCGA-86-8674-01A-21R-2403-07,0.6921199129107215,0
TCGA-DD-A4NS-01A-11R-A311-07,0.7228546845173556,1
TCGA-BP-5170-01A-01R-1426-07,0.6135352932694639,1
TCGA-A8-A06P-01A-11R-A00Z-07,0.7283036094704601,1
TCGA-B0-4697-01A-01R-1277-07,0.5397534965674498,1
TCGA-33-6737-01A-11R-1820-07,0.7014729786654335,0
TCGA-85-A512-01A-11R-A26W-07,0.7559642997077607,1
TCGA-55-8511-01A-11R-2403-07,0.7955320017275109,1
TCGA-VP-A878-01A-31R-A352-07,0.7503872940545031,1
TCGA-BH-A0DZ-01A-11R-A00Z-07,0.8198783748023356,1
TCGA-D5-6931-01A-11R-1928-07,0.6968026066502554,1
TCGA-50-5044-01A-21R-1858-07,0.7828877916896056,1
TCGA-A2-A4RY-01A-31R-A266-07,0.32465282268245094,1
TCGA-EJ-7331-01A-11R-2118-07,0.349155235510048,1
TCGA-CZ-4864-01A-01R-1503-07,0.2830123331438642,1
TCGA-4A-A93W-01A-11R-A37K-07,0.2790813935518125,0
TCGA-AA-3655-01A-02R-1723-07,0.776084542467293,1
TCGA-CM-6678-01A-11R-1839-07,0.7101622568471321,1
TCGA-AA-A02J-01A-01R-A00A-07,0.4454995576091043,1
TCGA-DD-AAVR-01A-11R-A41C-07,0.4915798118669002,1
TCGA-23-1123-01A-01R-1565-13,0.6293074592547333,1
TCGA-L5-A43H-01A-11R-A24K-31,0.9784219333969681,1
TCGA-EJ-7791-01A-11R-2118-07,0.41253007008257525,0
TCGA-B6-A0RO-01A-22R-A084-07,0.7662457535253868,1
TCGA-96-8169-01A-11R-2296-07,0.6277353372797888,1
TCGA-E2-A10E-01A-21R-A10J-07,0.6256819067232157,0
TCGA-EJ-5518-01A-01R-1580-07,0.8250312403910353,1
TCGA-5P-A9K0-01A-11R-A42S-07,0.3793543547287352,1
TCGA-AO-A0JM-01A-21R-A056-07,0.7800385169185459,1
TCGA-56-6545-01A-11R-1820-07,0.6473926046418528,0
TCGA-CJ-4643-01A-02R-1325-07,0.18199993364327052,1
TCGA-DZ-6135-01A-11R-1965-07,0.4848335758947902,1
TCGA-QU-A6IN-01A-11R-A31N-07,0.4137204084092512,1
TCGA-EW-A1P6-01A-11R-A144-07,0.6742241415288304,1
TCGA-BH-A0E6-01A-11R-A034-07,0.8452639431212879,0
TCGA-04-1347-01A-01R-1564-13,0.5493168583332909,1
TCGA-NH-A6GB-01A-11R-A37K-07,0.7261544002307512,1
TCGA-50-5072-01A-21R-1858-07,0.7834214372883223,1
TCGA-O2-A52Q-01A-11R-A26W-07,0.6635000177586886,0
TCGA-AC-A23C-01A-12R-A169-07,0.7256165534474881,1
TCGA-TP-A8TV-01A-11R-A41O-07,0.6364544307187904,1
TCGA-63-A5MN-01A-22R-A27Q-07,0.6379901902468362,1
TCGA-OL-A5D6-01A-21R-A27Q-07,0.7067453405390007,0
TCGA-55-8097-01A-11R-2241-07,0.6923047393567094,1
TCGA-EW-A1OX-01A-11R-A144-07,0.71458583925154,0
TCGA-13-0804-01A-01R-1564-13,0.5754961593486747,1
TCGA-A2-A25D-01A-12R-A16F-07,0.8254333473530404,0
TCGA-24-1549-01A-01R-1566-13,0.7459802784575101,0
TCGA-XK-AAJR-01A-11R-A41O-07,0.6485837512968919,0
TCGA-CW-5588-01A-01R-1541-07,0.6440311433046182,1
TCGA-SX-A71V-01A-11R-A33Z-07,0.19424074932028965,0
TCGA-BQ-7049-01A-11R-1965-07,0.5857604285773462,0
TCGA-BQ-5876-01A-11R-1592-07,0.7204101242012615,1
TCGA-B6-A0IJ-01A-11R-A034-07,0.8025210042631032,1
TCGA-55-A491-01A-11R-A24H-07,0.7969234176001578,1
TCGA-E2-A1L9-01A-11R-A13Q-07,0.6108666566912306,0
TCGA-44-8117-01A-11R-2241-07,0.8039254477423883,0
TCGA-JY-A93D-01A-11R-A38D-31,0.9216191670259923,1
TCGA-AO-A0J3-01A-11R-A034-07,0.7196841459243767,1
TCGA-A3-A8OU-01A-11R-A37O-07,0.5416021902839723,1
TCGA-63-A5M9-01A-11R-A26W-07,0.6951797087986035,1
TCGA-86-8585-01A-11R-2403-07,0.7579006087959995,1
TCGA-13-0762-01A-01R-1564-13,0.7002698267146972,1
TCGA-KK-A7B4-01A-11R-A32O-07,0.7918705415371752,1
TCGA-MP-A4SV-01A-11R-A24X-07,0.716980893644036,1
TCGA-LD-A7W5-01A-22R-A352-07,0.7876729944100915,1
TCGA-IZ-A6M8-01A-11R-A31O-07,0.1449885147895197,1
TCGA-CW-5585-01A-01R-1541-07,0.5669049370450416,1
TCGA-BH-A0B2-01A-11R-A10J-07,0.7552502353020941,1
TCGA-AC-A2FK-01A-12R-A180-07,0.4349794410859415,0
TCGA-ER-A19K-01A-21R-A18T-07,0.1850095498418948,1
TCGA-DD-A4NR-01A-11R-A311-07,0.6273239198724668,1
TCGA-D8-A27T-01A-11R-A16F-07,0.7216060542015393,0
TCGA-96-7545-01A-21R-2045-07,0.6100381805995527,1
TCGA-21-1081-01A-01R-0692-07,0.7533516708999717,0
TCGA-AR-A2LL-01A-11R-A180-07,0.762964279663781,1
TCGA-J4-A83M-01A-11R-A352-07,0.5689662402878193,0
TCGA-DD-AADF-01A-11R-A41C-07,0.36300819238994514,0
TCGA-B4-5377-01A-01R-1503-07,0.37864163910674153,1
TCGA-B8-5158-01A-01R-1420-07,0.6484401151057015,1
TCGA-25-1326-01A-01R-1565-13,0.712661828004026,1
TCGA-DD-A1EB-01A-11R-A131-07,0.43458119186554095,1
TCGA-63-A5MJ-01A-11R-A27Q-07,0.762932828843407,1
TCGA-B9-4115-01A-01R-1193-07,0.47684768202290256,1
TCGA-B8-4619-01A-02R-1325-07,0.8008751475529187,1
TCGA-AA-3554-01A-01R-0826-07,0.6423342285402055,1
TCGA-2Y-A9H3-01A-11R-A38B-07,0.43630677998971684,1
TCGA-55-7728-01A-11R-2187-07,0.6804267250064103,0
TCGA-BP-5181-01A-01R-1426-07,0.4933318257345874,0
TCGA-DM-A1D8-01A-11R-A155-07,0.7742835985915542,1
TCGA-SX-A71S-01A-11R-A33Z-07,0.1710111044447047,0
TCGA-D8-A1XF-01A-11R-A14D-07,0.7651069516475077,1
TCGA-24-1474-01A-01R-1566-13,0.6906863254050271,1
TCGA-KC-A4BN-01A-61R-A250-07,0.32519644679026205,1
TCGA-A3-3328-01A-01R-0864-07,0.8613621006004946,1
TCGA-HN-A2OB-01A-21R-A27Q-07,0.35476423555086667,1
TCGA-29-1698-01A-01R-1567-13,0.7018749083642039,1
TCGA-20-1686-01A-01R-1566-13,0.8121471943869508,1
TCGA-50-5939-01A-11R-1628-07,0.7664171290523348,1
TCGA-A7-A3J1-01A-11R-A213-07,0.697232150219491,1
TCGA-36-1570-01A-01R-1566-13,0.7518187533012064,1
TCGA-AA-3521-01A-01R-0821-07,0.7058842965945946,1
TCGA-FC-7708-01A-11R-2118-07,0.5359729543211296,1
TCGA-VG-A8LO-01A-11R-A406-31,0.6304795303091724,1
TCGA-NK-A5CX-01A-11R-A26W-07,0.6148336681835698,1
TCGA-OL-A97C-01A-32R-A41B-07,0.8795304750368823,1
TCGA-E2-A158-01A-11R-A12D-07,0.8814370311703242,1
TCGA-HC-8256-01A-11R-2263-07,0.46225054318717423,1
TCGA-A7-A0CE-01A-11R-A00Z-07,0.9024762212008223,1
TCGA-AR-A1AL-01A-21R-A12P-07,0.4142998233805782,1
TCGA-E2-A3DX-01A-21R-A213-07,0.5306672025050152,1
TCGA-A2-A3XT-01A-11R-A22U-07,0.8439881547208948,1
TCGA-50-8457-01A-11R-2326-07,0.6618542219709144,1
TCGA-LL-A6FQ-01A-11R-A31O-07,0.48387650686534006,1
TCGA-2H-A9GK-01A-11R-A37I-31,0.959020063670232,0
TCGA-G3-A5SM-01A-12R-A28V-07,0.47232078641654096,1
TCGA-AR-A1AX-01A-11R-A12P-07,0.7396398364053871,1
TCGA-A2-A4S3-01A-21R-A266-07,0.8237024864002749,1
TCGA-21-A5DI-01A-31R-A26W-07,0.4988282875899974,1
TCGA-24-0966-01A-01R-1564-13,0.4298610580160675,1
TCGA-BH-A0H7-01A-13R-A056-07,0.798385761468746,1
TCGA-97-7554-01A-11R-2039-07,0.7377861089194782,1
TCGA-IB-7886-01A-11R-2156-07,0.7267647148763725,1
TCGA-61-1728-01A-01R-1568-13,0.6464156272107227,0
TCGA-GM-A5PX-01A-12R-A28M-07,0.5550319925950289,1
TCGA-EJ-5494-01A-01R-1580-07,0.8743947228558607,1
TCGA-AZ-6605-01A-11R-1839-07,0.6869118333426213,1
TCGA-GL-A9DE-01A-11R-A37K-07,0.21454333141720613,1
TCGA-Y8-A895-01A-11R-A36F-07,0.17672866948154223,1
TCGA-55-8206-01A-11R-2241-07,0.5954917551085193,1
TCGA-85-8584-01A-11R-2403-07,0.7839246785385292,1
TCGA-AZ-4313-01A-01R-1410-07,0.4137814947350129,1
TCGA-EJ-AB20-01A-12R-A41O-07,0.6636028014710343,1
TCGA-43-8116-01A-11R-2247-07,0.6396079656445873,1
TCGA-97-7553-01A-21R-2039-07,0.4437474961621637,1
TCGA-VP-A87B-01A-11R-A352-07,0.6443627675263719,1
TCGA-BH-A0BA-01A-11R-A056-07,0.7574297211135964,1
TCGA-A3-3349-01A-01R-1188-07,0.2601439700177022,1
TCGA-EW-A1OW-01A-21R-A144-07,0.758212704737293,1
TCGA-L5-A8NW-01A-11R-A37I-31,0.960281816236963,1
TCGA-EJ-A65M-01A-11R-A29R-07,0.4166401928100796,0
TCGA-E2-A15P-01A-11R-A115-07,0.7191313744073209,1
TCGA-A8-A09G-01A-21R-A00Z-07,0.7671015748049501,1
TCGA-MN-A4N5-01A-11R-A24X-07,0.7580967123728192,1
TCGA-A2-A0YG-01A-21R-A109-07,0.735445987052282,1
TCGA-BH-A1EY-01A-11R-A13Q-07,0.8819640391352818,1
TCGA-CC-A9FU-01A-11R-A37K-07,0.48721507874769004,0
TCGA-A3-3335-01A-01R-0864-07,0.6658966843005069,0
TCGA-78-7154-01A-11R-2039-07,0.8612441011438573,1
TCGA-69-8255-01A-11R-2287-07,0.8203999280745418,1
TCGA-EJ-5502-01A-01R-1580-07,0.5283616206494287,1
TCGA-AO-A03P-01A-11R-A00Z-07,0.8203727874177874,0
TCGA-22-5478-01A-01R-1635-07,0.7473946611960981,1
TCGA-AA-3858-01A-01R-0905-07,0.6730855483737035,1
TCGA-HZ-8317-01A-11R-2404-07,0.820993711472266,1
TCGA-AQ-A1H2-01A-11R-A13Q-07,0.7731543714509875,1
TCGA-LN-A49R-01A-11R-A24K-31,0.9812634724760387,1
TCGA-24-1464-01A-01R-1566-13,0.6246012144643798,1
TCGA-G3-A5SL-01A-11R-A27V-07,0.2747580540606029,1
TCGA-VR-AA7B-01A-31R-A406-31,0.9787510289543854,0
TCGA-AC-A3QQ-01B-06R-A22O-07,0.6805885035650094,0
TCGA-AR-A24N-01A-11R-A169-07,0.751714276604997,0
TCGA-D5-6531-01A-11R-1723-07,0.826216564762646,1
TCGA-E9-A244-01A-11R-A169-07,0.848958289171414,0
TCGA-B0-4852-01A-01R-1503-07,0.4617631936549551,0
TCGA-DD-AAW0-01A-11R-A41C-07,0.3526153671742228,1
TCGA-55-8506-01A-11R-2403-07,0.7689108721280887,1
TCGA-B9-5156-01A-01R-1592-07,0.40809370247201726,1
TCGA-D8-A27F-01A-11R-A16F-07,0.8355260156755592,0
TCGA-B4-5832-01A-11R-1672-07,0.6289602369556432,1
TCGA-CM-5341-01A-01R-1410-07,0.534300412337432,1
TCGA-91-6831-01A-11R-1858-07,0.7664616942626973,1
TCGA-EJ-5526-01A-01R-1580-07,0.48784036004558545,1
TCGA-VP-A876-01A-11R-A352-07,0.6202314321504411,1
TCGA-E2-A576-01A-11R-A31O-07,0.46847568751434165,1
TCGA-J4-AATV-01A-11R-A41O-07,0.47827671192791216,1
TCGA-RC-A7SK-01A-11R-A352-07,0.3975621072096761,0
TCGA-BH-A1F2-01A-31R-A13Q-07,0.6203286276254957,1
TCGA-E2-A1BD-01A-11R-A12P-07,0.6872107982634236,0
TCGA-B8-5551-01A-01R-1541-07,0.6330643335487477,1
TCGA-49-AAR2-01A-11R-A39D-07,0.7152571956842243,1
TCGA-A1-A0SE-01A-11R-A084-07,0.6825818260076779,1
TCGA-D5-6534-01A-21R-1928-07,0.6532417059859169,0
TCGA-A7-A426-01A-22R-A24H-07,0.3821154439343631,1
TCGA-56-8503-01A-11R-2403-07,0.567947894630506,1
TCGA-B1-A654-01A-11R-A31O-07,0.1507346368721612,1
TCGA-AA-A029-01A-01R-A00A-07,0.5960367194519854,0
TCGA-D8-A27K-01A-11R-A16F-07,0.4798598937536358,1
TCGA-BP-4991-01A-01R-1334-07,0.3416630502402271,1
TCGA-24-1428-01A-01R-1564-13,0.6823241047257272,1
TCGA-10-0928-01A-02R-1564-13,0.7318481653189733,1
TCGA-M7-A71Y-01A-22R-A32O-07,0.5966034433080479,1
TCGA-G4-6299-01A-11R-1774-07,0.8976268990726995,0
TCGA-AK-3453-01A-02R-1277-07,0.5744845847579075,0
TCGA-E9-A247-01A-11R-A169-07,0.8203502011200677,1
TCGA-5P-A9K3-01A-11R-A42S-07,0.6579362306262017,0
TCGA-DD-A1EI-01A-11R-A131-07,0.5234046550518362,1
TCGA-B0-4823-01A-02R-1420-07,0.3729737602845309,1
TCGA-A2-A0CL-01A-11R-A115-07,0.7934032590390075,0
TCGA-VN-A88O-01A-11R-A352-07,0.5243007318017612,1
TCGA-A6-3810-01A-01R-1022-07,0.7620127663905123,1
TCGA-60-2724-01A-01R-0851-07,0.7241634698897276,1
TCGA-B3-3925-01A-02R-1351-07,0.21424186916599183,1
TCGA-G3-A7M8-01A-11R-A33R-07,0.45690801052052377,1
TCGA-AR-A5QP-01A-11R-A28M-07,0.7810915381540748,1
TCGA-CH-5767-01A-11R-1789-07,0.6000454555490663,1
TCGA-AR-A24S-01A-11R-A169-07,0.7551846257869439,1
TCGA-BH-A1FE-01A-11R-A13Q-07,0.5521219983312432,1
TCGA-EJ-7782-01A-11R-2118-07,0.8200932459079983,1
TCGA-55-8094-01A-11R-2241-07,0.8459472712260924,1
TCGA-77-8145-01A-11R-2247-07,0.6651066063421245,1
TCGA-AA-3851-01A-01R-1022-07,0.6704289589212767,1
TCGA-L5-A8NI-01A-11R-A37I-31,0.9755432788646242,1
TCGA-2J-AABP-01A-11R-A41B-07,0.9036003806069085,0
TCGA-AC-A3YJ-01A-11R-A22U-07,0.7082627254918261,1
TCGA-25-1877-01A-01R-1567-13,0.5952456520572827,1
TCGA-AR-A2LE-01A-11R-A180-07,0.8442325336549933,1
TCGA-B0-4847-01A-01R-1277-07,0.3053502615645962,1
TCGA-BH-A0E1-01A-11R-A056-07,0.7886500917506011,1
TCGA-21-5784-01A-01R-1635-07,0.5621527395689158,1
TCGA-KK-A7AQ-01A-11R-A33R-07,0.5108724959271552,1
TCGA-DD-AAE3-01A-11R-A41C-07,0.5266847948129049,1
TCGA-93-A4JQ-01A-11R-A24X-07,0.6234164194591855,1
TCGA-AC-A3TN-01A-11R-A22K-07,0.3958704104331773,1
TCGA-VR-A8Q7-01A-11R-A37I-31,0.9809870364681547,0
TCGA-HC-8259-01A-11R-2263-07,0.44602645288565335,0
TCGA-AO-A12A-01A-21R-A115-07,0.6488234165524148,1
TCGA-66-2742-01A-01R-0980-07,0.7066426966365508,1
TCGA-KC-A4BV-01A-31R-A26U-07,0.8010634069608544,1
TCGA-Y8-A8S0-01A-11R-A37K-07,0.1140557610535983,1
TCGA-YL-A8SF-01A-11R-A37L-07,0.8099036001035984,1
TCGA-24-1567-01A-01R-1566-13,0.7861070303571169,1
TCGA-BH-A0H6-01A-21R-A056-07,0.7415337342040418,1
TCGA-BP-5186-01A-01R-1426-07,0.2998771397143614,0
TCGA-B0-4699-01A-01R-1277-07,0.8381158511555833,1
TCGA-OY-A56Q-01A-11R-A406-31,0.6764054970138632,1
TCGA-B0-4836-01A-01R-1305-07,0.5973619167154534,1
TCGA-HZ-A49I-01A-12R-A26U-07,0.7294617584190647,1
TCGA-J7-8537-01A-11R-2404-07,0.8617207131454441,1
TCGA-SX-A7SS-01A-11R-A36F-07,0.4140454289319072,1
TCGA-CM-6161-01A-11R-1653-07,0.8021971911858338,1
TCGA-66-2753-01A-01R-0980-07,0.7074916266520392,1
TCGA-A3-3343-01A-01R-0864-07,0.44475500270948304,1
TCGA-24-1930-01A-01R-1567-13,0.6506872601247535,1
TCGA-A2-A0T7-01A-21R-A084-07,0.7188589855394825,1
TCGA-75-6203-01A-11R-1755-07,0.5723646663693653,0
TCGA-CZ-5989-01A-11R-1672-07,0.5304905711179502,1
TCGA-DD-AAVP-01A-11R-A41C-07,0.6165942963289838,1
TCGA-MH-A562-01A-11R-A26U-07,0.12258268180832817,1
TCGA-AC-A2FE-01A-11R-A19W-07,0.8101357104360475,1
TCGA-ZG-A8QZ-01A-11R-A37L-07,0.7449995218938593,0
TCGA-B8-A54J-01A-11R-A33J-07,0.24403729031948304,1
TCGA-CM-6675-01A-11R-1839-07,0.8778973209304731,1
TCGA-A2-A0D1-01A-11R-A034-07,0.8448823565133166,0
TCGA-UZ-A9PZ-01A-11R-A42S-07,0.11803882229164063,1
TCGA-LN-A9FR-01A-11R-A38D-31,0.9755597280222003,1
TCGA-CZ-5458-01A-01R-1503-07,0.583399593916729,1
TCGA-IB-A5SQ-01A-11R-A32O-07,0.7455008843311359,0
TCGA-EB-A1NK-01A-11R-A18T-07,0.2814989654922529,1
TCGA-BF-A1PX-01A-12R-A18T-07,0.4819087585593321,1
TCGA-MH-A855-01A-11R-A355-07,0.3849849647363124,0
TCGA-DZ-6131-01A-11R-1965-07,0.8347636004776469,1
TCGA-CJ-4875-01A-01R-1305-07,0.34681896751398145,0
TCGA-BP-4787-01A-01R-1305-07,0.6927575377657602,1
TCGA-X4-A8KQ-01A-12R-A36G-07,0.7188566440975174,1
TCGA-CZ-4862-01A-01R-1305-07,0.5488308784360729,1
TCGA-E2-A14Y-01A-21R-A12D-07,0.8247698494639157,1
TCGA-B0-5100-01A-01R-1420-07,0.44737215334279107,1
TCGA-EB-A42Y-01A-12R-A24X-07,0.5491596743316004,1
TCGA-25-2399-01A-01R-1569-13,0.6718266028560469,0
TCGA-EB-A42Z-01A-12R-A24X-07,0.3159934032429556,0
TCGA-66-2755-01A-01R-0851-07,0.7111928061569169,0
TCGA-A6-2677-01B-02R-A277-07,0.3785628010483151,1
TCGA-25-2400-01A-01R-1569-13,0.715943565416854,1
TCGA-O2-A52S-01A-11R-A262-07,0.7564760897114374,1
TCGA-09-2054-01A-01R-1568-13,0.690849869722669,1
TCGA-BC-A10Y-01A-11R-A131-07,0.338549645479444,1
TCGA-22-5481-01A-31R-1949-07,0.7777469481959725,0
TCGA-A2-A0D3-01A-11R-A115-07,0.6722531421960787,1
TCGA-55-8505-01A-11R-2403-07,0.7559121732749713,1
TCGA-CJ-4636-01A-02R-1325-07,0.6480019444410192,1
TCGA-13-0797-01A-01R-1564-13,0.6511480377907527,0
TCGA-AA-A03J-01A-21R-A16W-07,0.32335018054288295,1
TCGA-VP-A872-01A-11R-A352-07,0.8454000512820232,1
TCGA-XR-A8TF-01A-11R-A36F-07,0.4686439484798826,1
TCGA-EP-A2KA-01A-11R-A180-07,0.7176338886442061,1
TCGA-25-1314-01A-01R-1565-13,0.7091160355189033,1
TCGA-64-5778-01A-01R-1628-07,0.5425082399635767,1
TCGA-04-1356-01A-01R-1569-13,0.7708137401266412,1
TCGA-46-3766-01A-01R-0980-07,0.4573053965289567,1
TCGA-78-7535-01A-11R-2066-07,0.7053654017462403,1
TCGA-HZ-7919-01A-11R-2156-07,0.5626315307860351,1
TCGA-DW-7841-01A-11R-A32Z-07,0.3494334483885039,1
TCGA-AA-3538-01A-01R-0821-07,0.6633919769317338,1
TCGA-ZG-A9L5-01A-12R-A41O-07,0.8827045562202579,1
TCGA-DD-A39Z-01A-11R-A213-07,0.4324984732375196,0
TCGA-GM-A3NY-01A-11R-A21T-07,0.6537932780988753,1
TCGA-S4-A8RO-01A-12R-A37L-07,0.8977619379959052,1
TCGA-E2-A573-01A-11R-A29R-07,0.6781201995078756,1
TCGA-G3-A3CG-01A-11R-A213-07,0.40792129903648316,1
TCGA-PL-A8LZ-01A-31R-A36F-07,0.7849842538716433,1
TCGA-39-5011-01A-01R-1443-07,0.7592234422746145,1
TCGA-G3-AAV5-01A-11R-A37K-07,0.4508204200316299,1
TCGA-A3-3313-01A-02R-1325-07,0.7634724449154076,1
TCGA-UZ-A9PR-01A-11R-A42S-07,0.2316295060787513,1
TCGA-BQ-5887-01A-11R-1965-07,0.7368661290007199,1
TCGA-49-AARQ-01A-11R-A41B-07,0.7481946943666948,1
TCGA-AA-3488-01A-01R-1410-07,0.4037885742999539,1
TCGA-S3-AA0Z-01A-11R-A41B-07,0.8748135595378178,1
TCGA-FB-A78T-01A-12R-A32O-07,0.7278882133054548,1
TCGA-09-1659-01B-01R-1564-13,0.49332873666822974,0
TCGA-55-8096-01A-11R-2241-07,0.7344900665376984,0
TCGA-DD-AACQ-01A-11R-A41C-07,0.4327707190111112,1
TCGA-CC-5260-01A-01R-A131-07,0.687170942826748,1
TCGA-E2-A14S-01A-11R-A12D-07,0.7611580945144424,1
TCGA-B6-A0WT-01A-11R-A109-07,0.6675460815985487,0
TCGA-BQ-7048-01A-11R-1965-07,0.7278384182291083,1
TCGA-56-A62T-01A-11R-A405-07,0.7881417063501779,1
TCGA-EB-A3XD-01A-22R-A239-07,0.6331413700999036,1
TCGA-DD-AACZ-01A-11R-A41C-07,0.6285783985851009,0
TCGA-CC-A1HT-01A-11R-A131-07,0.7041109842268554,1
TCGA-B2-5633-01A-01R-1541-07,0.42691196204125836,1
TCGA-D5-5541-01A-01R-1653-07,0.6284904583278058,0
TCGA-BC-A217-01A-11R-A155-07,0.5453777779888059,1
TCGA-E2-A106-01A-11R-A10J-07,0.7819759404425386,1
TCGA-A2-A0D4-01A-11R-A00Z-07,0.7526682262107127,1
TCGA-BP-4768-01A-01R-1289-07,0.5619203044684724,1
TCGA-HC-7750-01A-11R-2118-07,0.34206874621597805,1
TCGA-C8-A1HI-01A-11R-A137-07,0.7798173580654325,1
TCGA-64-5815-01A-01R-1628-07,0.529251355096564,1
TCGA-EW-A1P5-01A-11R-A144-07,0.7906559438232176,1
TCGA-DD-AADK-01A-11R-A41C-07,0.5105413277655909,1
TCGA-BP-4174-01A-02R-1289-07,0.6298841415998269,0
TCGA-22-5482-01A-01R-1635-07,0.49537288874429986,1
TCGA-CA-5256-01A-01R-1410-07,0.5831897670639024,1
TCGA-36-1571-01A-01R-1566-13,0.6275331571053033,1
TCGA-13-0714-01A-01R-1564-13,0.6584965236364737,1
TCGA-97-8172-01A-11R-2287-07,0.6792421262176663,1
TCGA-ZG-A9L9-01A-11R-A41O-07,0.8064904314319631,1
TCGA-E2-A159-01A-11R-A115-07,0.7694257938183646,1
TCGA-BP-5187-01A-01R-1426-07,0.570652589492447,1
TCGA-DZ-6132-01A-11R-1965-07,0.6240120065478474,1
TCGA-A6-6649-01A-11R-1774-07,0.7314344363179198,0
TCGA-60-2722-01A-01R-0851-07,0.6900131197969389,1
TCGA-24-2033-01A-01R-1568-13,0.6774069163444272,1
TCGA-CH-5739-01A-11R-1580-07,0.6543816751406192,1
TCGA-EJ-A6RC-01A-11R-A32O-07,0.3484874193491444,0
TCGA-V5-AASW-01A-11R-A406-31,0.9716182325472549,1
TCGA-86-8280-01A-11R-2287-07,0.635987861770628,1
TCGA-73-7499-01A-11R-2187-07,0.7269172323793697,1
TCGA-DM-A1DA-01A-11R-A155-07,0.716914986215,0
TCGA-ED-A7XO-01A-11R-A352-07,0.4593642757277984,0
TCGA-35-4123-01A-01R-1107-07,0.4985439463951451,1
TCGA-CJ-4639-01A-02R-1325-07,0.356335915639426,1
TCGA-35-4122-01A-01R-1107-07,0.40629630280576995,1
TCGA-AC-A7VC-01A-11R-A352-07,0.8714269857195319,1
TCGA-A8-A08X-01A-21R-A00Z-07,0.8497689087502669,1
TCGA-XK-AAIR-01A-11R-A41O-07,0.654041091542866,0
TCGA-BH-A0B3-01A-11R-A056-07,0.7584147451548637,1
TCGA-BH-A1EV-01A-11R-A137-07,0.8031749100302569,1
TCGA-AA-3982-01A-02R-1022-07,0.6127188635771619,1
TCGA-86-6562-01A-11R-1755-07,0.6957931608498859,0
TCGA-EJ-5496-01A-01R-1580-07,0.31305084436233666,1
TCGA-B6-A400-01A-11R-A239-07,0.8497430460980591,1
TCGA-BF-A5ES-01A-11R-A27Q-07,0.16319720355404788,0
TCGA-F4-6854-01A-11R-1928-07,0.615419358120518,1
TCGA-10-0938-01A-02R-1564-13,0.6765670896217705,1
TCGA-D8-A1XW-01A-11R-A14M-07,0.835886485774486,1
TCGA-55-8089-01A-11R-2241-07,0.7344082864225963,0
TCGA-43-3920-01A-01R-0980-07,0.5720584307982582,1
TCGA-AA-3660-01A-01R-1723-07,0.7504540820102534,1
TCGA-24-0970-01B-01R-1565-13,0.6804469405720824,1
TCGA-24-2298-01A-01R-1569-13,0.7059453995769919,1
TCGA-EJ-A46G-01A-31R-A26U-07,0.9105775851232935,1
TCGA-A8-A093-01A-11R-A00Z-07,0.6422980945521143,1
TCGA-A7-A26I-01B-06R-A22O-07,0.8260655178171467,1
TCGA-24-1842-01A-01R-1567-13,0.6876241146263232,1
TCGA-LB-A8F3-01A-11R-A36G-07,0.8967217953861505,1
TCGA-95-7567-01A-11R-2066-07,0.7932198797689716,1
TCGA-BH-A0EE-01A-11R-A034-07,0.835797522246754,1
TCGA-55-7911-01A-11R-2170-07,0.7738787246957174,0
TCGA-B2-5641-01A-01R-1541-07,0.5428980840463421,1
TCGA-CH-5790-01A-11R-1580-07,0.5862569559091124,1
TCGA-90-7766-01A-21R-2125-07,0.7580018096732422,1
TCGA-AA-3818-01A-01R-0905-07,0.6215755211803976,1
TCGA-NC-A5HL-01A-11R-A26W-07,0.7073919822603989,1
TCGA-23-1120-01A-02R-1565-13,0.672155779506701,1
TCGA-A8-A06N-01A-11R-A00Z-07,0.6955902373101561,1
TCGA-24-1427-01A-01R-1565-13,0.652394068832472,0
TCGA-DM-A285-01A-11R-A16W-07,0.8864509528710037,1
TCGA-B6-A0RP-01A-21R-A084-07,0.6219366024565899,1
TCGA-77-8130-01A-11R-2247-07,0.5355265455667646,1
TCGA-85-7843-01A-11R-2125-07,0.7336021364631649,1
TCGA-22-1002-01A-01R-0692-07,0.7767653372125879,1
TCGA-L5-A4OU-01A-11R-A28J-31,0.9554191525041518,1
TCGA-44-3918-01B-02R-A277-07,0.5284995574536522,1
TCGA-EJ-5503-01A-01R-1580-07,0.416506020909832,1
TCGA-B9-4113-01A-01R-1193-07,0.2909063915766906,1
TCGA-55-6642-01A-11R-1858-07,0.5905484351257418,0
TCGA-22-4604-01A-01R-1201-07,0.719005502630122,1
TCGA-69-8253-01A-11R-2287-07,0.8074069760680166,1
TCGA-43-A475-01A-11R-A24H-07,0.7462680850867488,1
TCGA-13-0893-01B-01R-1565-13,0.7473699268311608,0
TCGA-ZG-A9MC-01A-31R-A41O-07,0.7671834723435372,0
TCGA-FB-AAQ3-01A-11R-A41B-07,0.9000081102012667,1
TCGA-30-1861-01A-01R-1568-13,0.7452120925426118,1
TCGA-A8-A0A4-01A-11R-A00Z-07,0.8154232889639355,1
TCGA-V1-A9ZI-01A-11R-A41O-07,0.7977207687102211,0
TCGA-AA-A01S-01A-21R-A083-07,0.5004239590209653,1
TCGA-J4-A6G1-01A-11R-A311-07,0.8518630174164541,1
TCGA-DD-AAD5-01A-11R-A41C-07,0.7912330184935816,1
TCGA-44-7661-01A-11R-2066-07,0.5310629365349004,1
TCGA-FV-A23B-01A-11R-A16W-07,0.5872520577485221,1
TCGA-E2-A1B1-01A-21R-A12P-07,0.6499519626817,1
TCGA-EJ-A65D-01A-11R-A30B-07,0.4076433479462095,1
TCGA-CA-5796-01A-01R-1653-07,0.5568345132984606,0
TCGA-AY-6196-01A-11R-1723-07,0.7315108203792202,1
TCGA-KK-A6E2-01A-11R-A311-07,0.5214844559907096,0
TCGA-05-4384-01A-01R-1755-07,0.665322293913367,0
TCGA-D8-A1XD-01A-11R-A14D-07,0.6780534428657273,1
TCGA-T1-A6J8-01A-11R-A32O-07,0.5574551147882855,1
TCGA-A2-A0SU-01A-11R-A084-07,0.7935432491980764,1
TCGA-62-A46R-01A-11R-A24H-07,0.7717685346029718,1
TCGA-2J-AAB1-01A-11R-A41B-07,0.6594107098301379,1
TCGA-61-2102-01A-01R-1568-13,0.7952898183725178,1
TCGA-BQ-5891-01A-11R-1592-07,0.7331154397876392,1
TCGA-78-7160-01A-11R-2039-07,0.7332949778960218,0
TCGA-AZ-4614-01A-01R-1410-07,0.8577130456990575,1
TCGA-CM-6676-01A-11R-1839-07,0.6686597944691253,0
TCGA-LN-A49W-01A-11R-A260-31,0.9797784348602235,1
TCGA-A2-A0EY-01A-11R-A034-07,0.863667669357534,1
TCGA-CJ-4869-01A-02R-1426-07,0.527932243841784,1
TCGA-F2-A8YN-01A-11R-A37L-07,0.8078458625165702,0
TCGA-EW-A6SC-01A-12R-A32P-07,0.7887157148134071,1
TCGA-77-A5G1-01A-11R-A27Q-07,0.6966300365899825,1
TCGA-V1-A9ZR-01A-11R-A41O-07,0.8245377182887862,1
TCGA-KK-A8I9-01A-11R-A36G-07,0.7009935490630276,1
TCGA-CC-A3MB-01A-11R-A213-07,0.5114810496934684,1
TCGA-B2-5635-01A-01R-1541-07,0.42746228033954536,0
TCGA-AA-3662-01A-01R-1723-07,0.7889323971961434,1
TCGA-S3-AA15-01A-11R-A41B-07,0.7769091089762045,1
TCGA-B8-4154-01A-01R-1188-07,0.3084089449158049,0
TCGA-43-A474-01A-11R-A24H-07,0.587782024247634,0
TCGA-13-0800-01A-01R-1564-13,0.6734518516318374,0
TCGA-L9-A50W-01A-12R-A39D-07,0.7605506511034988,1
TCGA-B6-A1KF-01A-11R-A13Q-07,0.8145140811306216,1
TCGA-22-1011-01A-01R-0692-07,0.7353730694346297,1
TCGA-AA-3833-01A-01R-0905-07,0.6210813448062034,1
TCGA-22-4605-01A-21R-2125-07,0.4158525792129205,0
TCGA-52-7810-01A-11R-2125-07,0.734218734556765,0
TCGA-64-1678-01A-01R-0946-07,0.6611502927991036,1
TCGA-IB-7645-01A-22R-2204-07,0.5576680714985934,1
TCGA-A2-A0EP-01A-52R-A22U-07,0.4013387153858616,1
TCGA-AA-A00Z-01A-01R-A002-07,0.6836432215226675,1
TCGA-E2-A9RU-01A-11R-A41B-07,0.7171303850054341,1
TCGA-BP-5184-01A-01R-1426-07,0.4219741141480075,0
TCGA-73-4670-01A-01R-1206-07,0.7699498783898141,1
TCGA-AA-3679-01A-02R-0905-07,0.7295340981331206,1
TCGA-CM-5348-01A-21R-1723-07,0.8591591327331636,0
TCGA-2A-A8W3-01A-11R-A37L-07,0.7627522081157752,1
TCGA-MH-A857-01A-11R-A355-07,0.8614480274030366,1
TCGA-E2-A1LG-01A-21R-A14M-07,0.9174966138318449,1
TCGA-05-4418-01A-01R-1206-07,0.7982492856555161,0
TCGA-83-5908-01A-21R-2287-07,0.7319035707404825,1
TCGA-G3-A5SJ-01A-11R-A27V-07,0.7193245881209783,0
TCGA-13-0901-01B-01R-1565-13,0.7284189127440587,1
TCGA-B0-5088-01A-01R-1334-07,0.31477997747258096,1
TCGA-AR-A0TU-01A-31R-A109-07,0.8245974068071633,1
TCGA-29-1770-01A-01R-1567-13,0.6859345450130618,1
TCGA-AA-3855-01A-01R-1022-07,0.5870605911342609,1
TCGA-B0-5402-01A-01R-1503-07,0.6036139948581916,1
TCGA-DD-AACD-01A-11R-A41C-07,0.3982800123590244,1
TCGA-UB-A7MB-01A-11R-A33R-07,0.5291852406056698,1
TCGA-J9-A52B-01A-11R-A26U-07,0.901884478582229,1
TCGA-13-0908-01B-01R-1565-13,0.6859962290560088,0
TCGA-AS-3777-01A-01R-0864-07,0.8685842478020805,1
TCGA-L5-A8NU-01A-11R-A36D-31,0.9582401089332865,0
TCGA-BH-A0W5-01A-11R-A109-07,0.6407912715000502,1
TCGA-L5-A4OE-01A-11R-A260-31,0.972368853867159,1
TCGA-29-1705-01A-01R-1567-13,0.7390322712277322,0
TCGA-AA-A024-01A-02R-A00A-07,0.5814647439535574,1
TCGA-13-0799-01A-01R-1564-13,0.6288307843318166,1
TCGA-AR-A24L-01A-11R-A169-07,0.5477460187226914,0
TCGA-CZ-5463-01A-01R-1503-07,0.5520750931327114,1
TCGA-G7-A4TM-01A-11R-A31O-07,0.35830912599393866,1
TCGA-5P-A9KH-01A-11R-A42S-07,0.8599142325906544,1
TCGA-E9-A249-01A-11R-A169-07,0.6994010447316583,1
TCGA-J2-A4AD-01A-11R-A24H-07,0.7961030117434641,1
TCGA-BP-4961-01A-01R-1334-07,0.20440664031451208,1
TCGA-DD-AADB-01A-11R-A41C-07,0.4485466138688059,1
TCGA-B6-A0X4-01A-11R-A109-07,0.6059504166999974,1
TCGA-80-5611-01A-01R-1628-07,0.8371686339882721,1
TCGA-A8-A06O-01A-11R-A00Z-07,0.7419150473351752,1
TCGA-B0-4690-01A-01R-1277-07,0.7797705564874068,0
TCGA-A8-A07C-01A-11R-A034-07,0.8000914641651831,0
TCGA-23-1032-01A-02R-1564-13,0.6139302473866904,1
TCGA-CM-6167-01A-11R-1653-07,0.7766012946124081,1
TCGA-D8-A142-01A-11R-A115-07,0.860797260885329,1
TCGA-A3-A8OV-01A-11R-A37O-07,0.3959366354709558,1
TCGA-A8-A094-01A-11R-A00Z-07,0.8464858716905991,1
TCGA-HC-A8D0-01A-11R-A36G-07,0.770595584623521,1
TCGA-M9-A5M8-01A-11R-A28J-31,0.9610658004932767,0
TCGA-DD-AACS-01A-11R-A41C-07,0.4840174297031757,1
TCGA-22-4593-01A-21R-1820-07,0.7750200460552821,1
TCGA-E9-A1RB-01A-11R-A157-07,0.79246169626629,1
TCGA-86-A456-01A-11R-A24H-07,0.6977272031213033,1
TCGA-AR-A24H-01A-11R-A169-07,0.7892295211044814,1
TCGA-OL-A5D7-01A-11R-A27Q-07,0.6624850536715141,1
TCGA-85-A511-01A-21R-A262-07,0.5894818486074846,1
TCGA-49-AAR9-01A-21R-A41B-07,0.81708663204054,1
TCGA-13-1496-01A-01R-1565-13,0.6109734370278387,1
TCGA-60-2695-01A-01R-0851-07,0.7328083332232407,1
TCGA-YL-A8SH-01B-11R-A37L-07,0.6319720274594597,1
TCGA-23-1026-01B-01R-1569-13,0.5960362647781856,1
TCGA-AA-3684-01A-02R-0905-07,0.2232190829681546,1
TCGA-97-8174-01A-11R-2287-07,0.7404911328636186,0
TCGA-A3-3308-01A-02R-1325-07,0.6648607068517981,1
TCGA-DD-A3A4-01A-11R-A22L-07,0.5663277923296439,0
TCGA-AR-A2LO-01A-31R-A18M-07,0.7140296659163434,1
TCGA-64-1679-01A-21R-2066-07,0.667483866859831,0
TCGA-56-8623-01A-11R-A28V-07,0.7161496235034127,1
TCGA-69-A59K-01A-11R-A262-07,0.8207946347647199,1
TCGA-13-0766-01A-02R-1564-13,0.5376795490815381,1
TCGA-61-2016-01A-01R-1568-13,0.7152065965619014,1
TCGA-XV-AAZV-01A-11R-A40A-07,0.49255634697841905,0
TCGA-AA-A01Q-01A-01R-A002-07,0.8012971676145645,1
TCGA-A2-A25C-01A-11R-A169-07,0.6439856583216118,0
TCGA-24-1849-01A-01R-1567-13,0.6574589947828425,1
TCGA-LL-A5YM-01A-11R-A28M-07,0.5417516698990033,0
TCGA-23-2081-01A-01R-1568-13,0.6958333838717381,1
TCGA-BP-4975-01A-01R-1334-07,0.4888122023708129,0
TCGA-B8-5165-01A-01R-1420-07,0.1901108971544671,1
TCGA-SX-A7SR-01A-12R-A36F-07,0.14853824368146734,1
TCGA-AR-A24M-01A-11R-A169-07,0.44864071670897476,0
TCGA-LL-A6FR-01A-12R-A31O-07,0.645148257245724,1
TCGA-IB-A5SS-01A-11R-A32O-07,0.7769741678095027,1
TCGA-EJ-AB27-01A-11R-A41O-07,0.31742955077597834,1
TCGA-37-3789-01A-01R-0980-07,0.659080380699602,0
TCGA-AA-A01F-01A-01R-A002-07,0.670984952798464,1
TCGA-VR-A8EY-01A-11R-A36D-31,0.9841973352873474,1
TCGA-CK-5913-01A-11R-1653-07,0.7420988674768293,1
TCGA-A3-3319-01A-02R-1325-07,0.6835320439698891,1
TCGA-77-8007-01A-11R-2187-07,0.7356794641936643,1
TCGA-24-1434-01A-01R-1566-13,0.5619706815282025,1
TCGA-L5-A4OQ-01A-11R-A260-31,0.9754080230375645,1
TCGA-IG-A3YC-01A-11R-A24K-31,0.9798633536163763,0
TCGA-BH-A0DV-01A-21R-A12P-07,0.4147809137677109,1
TCGA-C8-A12N-01A-11R-A115-07,0.6782972373472568,1
TCGA-KC-A7F6-01A-11R-A33R-07,0.72952810100146,1
TCGA-DM-A28E-01A-11R-A32Y-07,0.5064224519836389,1
TCGA-85-8048-01A-11R-2247-07,0.6693568559163886,1
TCGA-55-8614-01A-11R-2403-07,0.823862257823293,1
TCGA-L5-A4OH-01A-11R-A260-31,0.9694241946036574,1
TCGA-AO-A0JJ-01A-11R-A056-07,0.6811531449405838,1
TCGA-DM-A282-01A-12R-A16W-07,0.6834228152417374,1
TCGA-64-5775-01A-01R-1628-07,0.8770410669444125,0
TCGA-EJ-5511-01A-01R-1580-07,0.7874991149952851,1
TCGA-E2-A1LE-01A-12R-A19W-07,0.807419505045823,1
TCGA-E9-A1NH-01A-11R-A14D-07,0.644572489194396,1
TCGA-55-8302-01A-11R-2326-07,0.7372498285003738,1
TCGA-O2-A52N-01A-11R-A26W-07,0.754681453675992,1
TCGA-AA-3495-01A-01R-1410-07,0.5645922959479858,1
TCGA-A7-A13H-01A-11R-A22K-07,0.6133959642260028,1
TCGA-JY-A6FE-01A-11R-A336-31,0.9838208018528372,1
TCGA-HC-7210-01A-11R-2118-07,0.5916228647041796,1
TCGA-L5-A88T-01A-11R-A354-31,0.9822304350836849,1
TCGA-BP-4998-01A-01R-1334-07,0.44817299370071695,1
TCGA-S3-A6ZG-01A-22R-A32P-07,0.6723112824223317,1
TCGA-B0-5692-01A-11R-1541-07,0.558826298219712,0
TCGA-ZG-A8QY-01A-11R-A37L-07,0.8027933539715125,0
TCGA-A1-A0SG-01A-11R-A144-07,0.7794008562664604,1
TCGA-64-5774-01A-01R-1628-07,0.7602304410003364,1
TCGA-L5-A8NM-01A-11R-A37I-31,0.9739683728901445,0
TCGA-AO-A12D-01A-11R-A115-07,0.7978168135529946,1
TCGA-39-5024-01A-21R-1820-07,0.7266216590028328,1
TCGA-AA-A01K-01A-01R-A00A-07,0.8163466436897286,1
TCGA-AA-3973-01A-01R-1022-07,0.7945058528219414,1
TCGA-22-5485-01A-01R-1635-07,0.7259057652562174,1
TCGA-50-5941-01A-11R-1755-07,0.6684551588786527,1
TCGA-C8-A12K-01A-21R-A115-07,0.7814019872976931,1
TCGA-MH-A55Z-01A-11R-A26U-07,0.13733146223167808,0
TCGA-BH-A0H3-01A-11R-A12P-07,0.4427498222934866,1
TCGA-CJ-4890-01A-01R-1305-07,0.5035042088300176,1
TCGA-85-8072-01A-31R-2247-07,0.7052120033751246,1
TCGA-5M-AATA-01A-31R-A41B-07,0.8051793642400873,1
TCGA-C8-A1HK-01A-21R-A13Q-07,0.7076111539992836,0
TCGA-AN-A0XP-01A-11R-A109-07,0.5692029383384527,1
TCGA-39-5028-01A-01R-1443-07,0.7400388613221135,1
TCGA-ZG-A9L6-01A-11R-A41O-07,0.5396892383580696,1
TCGA-AO-A03V-01A-11R-A115-07,0.8560237263088882,1
TCGA-CJ-4895-01A-01R-1305-07,0.6924822780269961,1
TCGA-BC-A10T-01A-11R-A131-07,0.6638702998009217,1
TCGA-AR-A24K-01A-11R-A169-07,0.5800695612407831,1
TCGA-A8-A06Z-01A-11R-A00Z-07,0.7525046854540758,1
TCGA-A6-6654-01A-21R-1839-07,0.7202927913897724,1
TCGA-G9-6373-01A-11R-1789-07,0.7501603026398227,1
TCGA-DD-A116-01A-11R-A131-07,0.4594874229288912,1
TCGA-VR-A8EQ-01A-11R-A36D-31,0.9756659136826343,1
TCGA-R6-A6L6-01B-11R-A336-31,0.982384323440151,1
TCGA-55-A493-01A-11R-A24H-07,0.6655327958154644,1
TCGA-ES-A2HS-01A-11R-A180-07,0.2849362987684852,1
TCGA-KK-A8I8-01A-11R-A36G-07,0.6758074014169118,1
TCGA-L5-A4OI-01A-11R-A36D-31,0.9732633270607393,1
TCGA-43-6143-01A-11R-1820-07,0.8206547763403904,1
TCGA-HC-7080-01A-11R-1965-07,0.7607917988027008,1
TCGA-FV-A4ZQ-01A-11R-A266-07,0.552686240656067,1
TCGA-A3-3374-01A-02R-1325-07,0.7652155241188032,1
TCGA-IG-A3QL-01A-11R-A24K-31,0.9848252189231465,1
TCGA-PL-A8LV-01A-21R-A41B-07,0.9015711533265528,1
TCGA-HC-A9TE-01A-11R-A41O-07,0.906396408670121,1
TCGA-G4-6321-01A-11R-1723-07,0.7239672235214396,1
TCGA-23-1030-01A-02R-1564-13,0.6667866247280095,1
TCGA-FB-AAQ2-01A-31R-A41B-07,0.9114478980460798,1
TCGA-A2-A0CY-01A-12R-A034-07,0.8849062717231758,1
TCGA-AN-A046-01A-21R-A034-07,0.8348875267881186,1
TCGA-BH-A0B4-01A-11R-A00Z-07,0.8358271340418091,0
TCGA-24-0982-01A-01R-1565-13,0.4521617713642663,1
TCGA-AR-A0TY-01A-12R-A115-07,0.8490049822550154,1
TCGA-WS-AB45-01A-11R-A41B-07,0.8053419252180176,1
TCGA-37-4135-01A-01R-1100-07,0.5406858515571562,1
TCGA-EW-A1P0-01A-11R-A144-07,0.8460167572885134,0
TCGA-A2-A04Y-01A-21R-A034-07,0.84809689688279,1
TCGA-ZP-A9D4-01A-11R-A37K-07,0.41019765076774345,1
TCGA-AC-A23H-01A-11R-A157-07,0.7885891721450917,1
TCGA-A8-A07G-01A-11R-A034-07,0.7129583994259785,1
TCGA-63-A5MT-01A-21R-A26W-07,0.8146023488832608,1
TCGA-05-5428-01A-01R-1628-07,0.4512793436531815,0
TCGA-V1-A9OQ-01A-11R-A41O-07,0.6072292989923027,0
TCGA-CZ-5454-01A-01R-1503-07,0.5858525700206247,1
TCGA-2J-AABK-01A-31R-A41B-07,0.8603178038402076,0
TCGA-L5-A893-01A-11R-A36D-31,0.9719397602953606,1
TCGA-CW-5587-01A-01R-1541-07,0.39196197730408044,1
TCGA-CH-5766-01A-11R-1580-07,0.8024252264344427,1
TCGA-E9-A1NI-01A-11R-A14D-07,0.6985543157712344,0
TCGA-46-3767-01A-01R-0980-07,0.3978637346236465,1
TCGA-85-7710-01A-11R-2125-07,0.7868635339933099,0
TCGA-A2-A1G1-01A-21R-A13Q-07,0.7774167799000358,0
TCGA-AZ-6603-01A-11R-1839-07,0.5002562886689019,1
TCGA-BP-5180-01A-01R-1426-07,0.49365992700983224,0
TCGA-HC-7213-01A-11R-2118-07,0.8848897640849187,1
TCGA-BP-4354-01A-02R-1289-07,0.7900773499776964,1
TCGA-E2-A14W-01A-11R-A12D-07,0.7442111629888115,0
TCGA-L9-A444-01A-21R-A24H-07,0.6883154139833464,1
TCGA-86-7713-01A-11R-2066-07,0.7354847444516985,1
TCGA-MP-A4TJ-01A-51R-A262-07,0.42941858363577773,0
TCGA-B9-A5W8-01A-11R-A28H-07,0.34054515981917677,1
TCGA-BH-A0DE-01A-11R-A115-07,0.7156662000381359,1
TCGA-BP-4349-01A-01R-1289-07,0.4251309997883351,1
TCGA-LL-A8F5-01A-11R-A36F-07,0.8360937397538836,1
TCGA-95-A4VK-01A-11R-A262-07,0.8350168705411514,1
TCGA-HC-A9TH-01A-11R-A41O-07,0.873705132822132,1
TCGA-CM-4743-01A-01R-1723-07,0.7962145418648735,1
TCGA-13-1499-01A-01R-1565-13,0.6012704069988845,1
TCGA-43-7656-01A-11R-2125-07,0.8037589513207216,1
TCGA-66-2786-01A-01R-0851-07,0.7351160682449469,0
TCGA-44-7671-01A-11R-2066-07,0.6960853512440217,1
TCGA-D5-6535-01A-11R-1723-07,0.7587032999243885,1
TCGA-A3-3378-01A-02R-1325-07,0.6008623502530025,1
TCGA-KR-A7K8-01A-11R-A33J-07,0.6619540658632014,1
TCGA-B6-A0IG-01A-11R-A034-07,0.8502685767222592,1
TCGA-05-5423-01A-01R-1628-07,0.388669076287374,1
TCGA-24-2020-01A-01R-1567-13,0.7938063016921267,1
TCGA-EJ-5532-01A-01R-1580-07,0.46495953454163563,1
TCGA-LN-A7HX-01A-11R-A336-31,0.9832044778578795,0
TCGA-24-1418-01A-01R-1565-13,0.6079660959621366,1
TCGA-A6-6648-01A-11R-1774-07,0.5975440717156733,1
TCGA-AO-A12F-01A-11R-A115-07,0.8687541288703601,1
TCGA-DD-A1EL-01A-11R-A155-07,0.6155130849681645,1
TCGA-F2-6880-01A-11R-2156-07,0.9308839720461386,0
TCGA-IB-AAUW-01A-12R-A38C-07,0.7335686828851086,0
TCGA-EB-A4OZ-01A-12R-A266-07,0.39051141931427735,1
TCGA-CJ-4878-01A-01R-1305-07,0.5681067424394921,1
TCGA-4R-AA8I-01A-11R-A38B-07,0.5734777026957596,1
TCGA-CZ-4853-01A-01R-1426-07,0.31506958600997576,1
TCGA-DD-A4NN-01A-11R-A28V-07,0.4041260898338346,1
TCGA-21-5782-01A-01R-1635-07,0.6666421546178715,0
TCGA-85-A513-01A-12R-A26W-07,0.7531638246011491,1
TCGA-29-1761-01A-01R-1567-13,0.5937102683117492,1
TCGA-G7-6792-01A-21R-1965-07,0.5243968509204032,1
TCGA-NC-A5HQ-01A-11R-A26W-07,0.6419739405604169,1
TCGA-B1-A47O-01A-11R-A24Z-07,0.5509610920072016,0
TCGA-AR-A252-01A-11R-A169-07,0.646893538002711,1
TCGA-BH-A18S-01A-11R-A12D-07,0.7074656783454198,1
TCGA-LQ-A4E4-01A-11R-A266-07,0.7483466496366337,1
TCGA-3A-A9IV-01A-11R-A41B-07,0.95798481818238,1
TCGA-WN-A9G9-01A-12R-A37K-07,0.8367834392146694,1
TCGA-BH-A18F-01A-11R-A12D-07,0.8133371726391725,1
TCGA-13-0883-01A-02R-1569-13,0.6397884637638763,1
TCGA-55-7576-01A-11R-2066-07,0.7485795465640097,1
TCGA-44-A4SS-01A-11R-A24X-07,0.8325716499414517,0
TCGA-AD-A5EJ-01A-11R-A28H-07,0.7346588141666014,0
TCGA-E9-A5FL-01A-11R-A27Q-07,0.8301887032370014,1
TCGA-J4-A67L-01A-11R-A30B-07,0.4475941909479457,1
TCGA-23-1113-01A-01R-1564-13,0.5278196795206677,1
TCGA-55-6543-01A-11R-1755-07,0.8129027348513561,1
TCGA-BP-4334-01A-01R-1289-07,0.7332909323544289,1
TCGA-E2-A1L6-01A-11R-A13Q-07,0.6535779497903055,1
TCGA-D8-A27W-01A-11R-A16F-07,0.7244760533112176,0
TCGA-B6-A0WS-01A-11R-A115-07,0.8442072528068465,1
TCGA-B3-8121-01A-21R-2404-07,0.5589581517679947,0
TCGA-D8-A1JK-01A-11R-A13Q-07,0.8211776412121239,1
TCGA-A2-A04N-01A-11R-A115-07,0.6104913339203734,0
TCGA-P4-A5E6-01A-11R-A28H-07,0.2667707325894771,1
TCGA-PJ-A5Z9-01A-11R-A28H-07,0.17208481825380076,0
TCGA-LN-A7HV-01A-21R-A354-31,0.9855879123968951,1
TCGA-22-0944-01A-01R-0692-07,0.643189349365856,1
TCGA-AN-A0FK-01A-11R-A034-07,0.8187318541408771,0
TCGA-BF-AAOU-01A-12R-A39D-07,0.459286011662543,1
TCGA-HN-A2NL-01A-11R-A18M-07,0.8091851579964984,1
TCGA-FR-A2OS-01A-11R-A21D-07,0.27164497386096154,1
TCGA-CW-6093-01A-11R-1672-07,0.3610899319670551,1
TCGA-DD-A73F-01A-11R-A32O-07,0.4713482763961582,0
TCGA-WQ-A9G7-01A-11R-A37K-07,0.599711539015945,0
TCGA-37-3783-01A-01R-1201-07,0.571820758360125,1
TCGA-61-1995-01A-01R-1568-13,0.6172615782367046,0
TCGA-DD-AAD2-01A-11R-A41C-07,0.5117155650005453,0
TCGA-24-1616-01A-01R-1566-13,0.7236208964942819,1
TCGA-B2-3923-01B-10R-A277-07,0.6875555938202201,1
TCGA-31-1950-01A-01R-1568-13,0.6240941862116767,1
TCGA-FC-A5OB-01A-11R-A29R-07,0.6782416432251577,1
TCGA-LN-A49X-01A-31R-A260-31,0.9752186318984307,0
TCGA-UU-A93S-01A-21R-A41B-07,0.8378810616453316,1
TCGA-34-5240-01A-01R-1443-07,0.5932026339094624,1
TCGA-L5-A43C-01A-11R-A24K-31,0.9671376658638983,1
TCGA-46-3765-01A-01R-0980-07,0.5937453155735761,1
TCGA-B0-4844-01A-01R-1277-07,0.6373687502682971,1
TCGA-21-1080-01A-01R-0692-07,0.8438166789736989,0
TCGA-13-0920-01A-01R-1564-13,0.5863433857708888,1
TCGA-F9-A8NY-01A-11R-A36F-07,0.7840995711598051,1
TCGA-LL-A740-01A-21R-A32P-07,0.8238911378867477,1
TCGA-BF-AAP4-01A-11R-A40A-07,0.19012594390482487,1
TCGA-XR-A8TD-01A-12R-A39D-07,0.6203148296572918,1
TCGA-33-4538-01A-01R-1201-07,0.48809465691999127,0
TCGA-LL-A9Q3-01A-11R-A41B-07,0.7761454827818274,1
TCGA-NJ-A4YF-01A-12R-A262-07,0.8362466071340058,1
TCGA-MH-A560-01A-11R-A26U-07,0.27516825821411356,0
TCGA-L5-A8NE-01A-11R-A37I-31,0.9742692501041654,1
TCGA-04-1332-01A-01R-1564-13,0.6675340136551504,0
TCGA-EJ-A7NG-01A-31R-A33R-07,0.282482547101854,1
TCGA-A8-A08J-01A-11R-A00Z-07,0.7557887388627234,1
TCGA-AK-3456-01A-02R-1325-07,0.7138335096996198,1
TCGA-G7-A8LB-01A-11R-A36F-07,0.3316197592326743,1
TCGA-B2-A4SR-01A-11R-A266-07,0.3691091427548447,0
TCGA-62-8394-01A-11R-2326-07,0.7344650254316003,1
TCGA-AZ-6608-01A-11R-1839-07,0.5501924375335623,0
TCGA-Q3-AA2A-01A-11R-A37L-07,0.774552314155532,1
TCGA-B0-4694-01A-01R-1277-07,0.6199496472316887,0
TCGA-AR-A24V-01A-21R-A169-07,0.7200890633986299,1
TCGA-A2-A0EV-01A-11R-A034-07,0.8084902426228437,0
TCGA-60-2714-01A-01R-0851-07,0.8428039405495538,1
TCGA-BP-4762-01A-02R-1289-07,0.5259440190516665,1
TCGA-DD-AACG-01A-11R-A41C-07,0.4422123015631844,1
TCGA-B0-5094-01A-01R-1420-07,0.5985462492605743,1
TCGA-AA-3556-01A-01R-0821-07,0.749956988152449,1
TCGA-2J-AABO-01A-21R-A41B-07,0.8431032533022177,0
TCGA-B0-5400-01A-01R-1503-07,0.5389399048275507,1
TCGA-77-6845-01A-11R-1949-07,0.7298639755851514,1
TCGA-D8-A141-01A-11R-A115-07,0.6003364813045587,1
TCGA-55-A57B-01A-12R-A39D-07,0.6850855131606959,1
TCGA-60-2712-01A-01R-0851-07,0.7876454239214595,0
TCGA-A6-4105-01A-02R-1774-07,0.6961805913669046,1
TCGA-XV-A9W5-01A-11R-A38C-07,0.32099546040632143,1
TCGA-A6-5665-01B-03R-2302-07,0.5293209541077513,1
TCGA-E2-A1AZ-01A-11R-A12P-07,0.7211995070870348,1
TCGA-55-7910-01A-11R-2170-07,0.7662256627960858,0
TCGA-50-6673-01A-11R-1949-07,0.8003708086600441,1
TCGA-BH-A0DL-01A-11R-A115-07,0.8940157795449046,1
TCGA-AU-6004-01A-11R-1723-07,0.7386534765731549,0
TCGA-E2-A15I-01A-21R-A137-07,0.5967732957308617,1
TCGA-G9-6369-01A-21R-1965-07,0.6184935573323355,1
TCGA-AA-3819-01A-01R-0905-07,0.5021772075983675,1
TCGA-KK-A6E0-01A-11R-A311-07,0.78888536899793,1
TCGA-SX-A71W-01A-12R-A355-07,0.32446974830411307,1
TCGA-AR-A0TS-01A-11R-A115-07,0.8054480295137527,1
TCGA-E9-A5UP-01A-11R-A28M-07,0.7926010394852547,1
TCGA-AQ-A0Y5-01A-11R-A14M-07,0.7469330042710647,1
TCGA-BP-4807-01A-01R-1305-07,0.40927153855894105,1
TCGA-CM-5860-01A-01R-1653-07,0.775446399371288,0
TCGA-BC-A5W4-01A-11R-A28V-07,0.6327470407235671,1
TCGA-B0-4821-01A-01R-1503-07,0.5497870973382719,1
TCGA-UZ-A9PJ-01A-11R-A38C-07,0.31728442188658407,1
TCGA-DD-AACC-01A-11R-A41C-07,0.45259368520076126,1
TCGA-CJ-4870-01A-01R-1305-07,0.41772379156902056,1
TCGA-75-6207-01A-11R-1755-07,0.858372121383948,1
TCGA-C8-A1HO-01A-11R-A13Q-07,0.7091529032234722,0
TCGA-JY-A938-01A-11R-A37I-31,0.9626217079727921,1
TCGA-04-1361-01A-01R-1565-13,0.687569347149533,1
TCGA-2Z-A9J8-01A-11R-A42S-07,0.6134420710480842,1
TCGA-64-1677-01A-01R-0946-07,0.7118061639687648,1
TCGA-AO-A0JE-01A-11R-A056-07,0.8422873652553472,0
TCGA-IG-A4P3-01A-11R-A260-31,0.9772878272718158,1
TCGA-05-4424-01A-22R-1858-07,0.7398254520977458,1
TCGA-91-A4BD-01A-11R-A24H-07,0.6788223011434936,1
TCGA-DD-AAVS-01A-11R-A41C-07,0.3165730765266716,1
TCGA-18-3414-01A-01R-0980-07,0.7537005099162584,1
TCGA-J4-A83I-01A-11R-A36G-07,0.8491929643026258,0
TCGA-39-5035-01A-01R-1443-07,0.816008246166715,0
TCGA-AA-3544-01A-01R-1873-07,0.6271469703208518,1
TCGA-FB-A7DR-01A-21R-A33R-07,0.7781930622356313,0
TCGA-99-8032-01A-11R-2241-07,0.7191494484703103,1
TCGA-95-7948-01A-11R-2187-07,0.8729857893701376,1
TCGA-D8-A1XU-01A-11R-A14M-07,0.759402072459027,1
TCGA-2Z-A9J7-01A-11R-A38C-07,0.4768637415667263,1
TCGA-13-A5FT-01A-11R-A406-31,0.7160265278510006,0
TCGA-BP-4803-01A-01R-1305-07,0.4176125297897777,0
TCGA-24-2271-01A-01R-1568-13,0.5820971266477081,0
TCGA-DD-A39V-01A-11R-A213-07,0.40124020683953,1
TCGA-CM-6674-01A-11R-1839-07,0.7565442634684274,0
TCGA-30-1855-01A-01R-1567-13,0.7143774083157424,1
TCGA-2J-AABE-01A-12R-A41B-07,0.7016733255881947,0
TCGA-ED-A82E-01A-11R-A352-07,0.7157351350590565,0
TCGA-56-7580-01A-11R-2045-07,0.7164098535646738,1
TCGA-37-4130-01A-01R-1100-07,0.7332521921971296,1
TCGA-38-4626-01A-01R-1206-07,0.6060682003676245,1
TCGA-CZ-4861-01A-01R-1305-07,0.7486288263189765,1
TCGA-F4-6703-01A-11R-1839-07,0.737793454434483,1
TCGA-61-2109-01A-01R-1568-13,0.5942482177296146,1
TCGA-5M-AATE-01A-11R-A41B-07,0.6161126459391931,1
TCGA-10-0931-01A-01R-1564-13,0.5791320643164791,0
TCGA-UZ-A9PQ-01A-11R-A42S-07,0.7399846787713517,1
TCGA-XC-AA0X-01A-32R-A405-07,0.5383936854609827,1
TCGA-BH-A0C1-01B-11R-A12D-07,0.7252073072586392,0
TCGA-09-1668-01B-01R-1566-13,0.6532227517916349,0
TCGA-77-7338-01A-11R-2045-07,0.354225009816141,1
TCGA-61-2111-01A-01R-1568-13,0.8104771425772638,1
TCGA-AC-A8OS-01A-12R-A41B-07,0.5462332413859949,0
TCGA-BF-A3DJ-01A-11R-A20F-07,0.2834707920672766,1
TCGA-CJ-4893-01A-01R-1305-07,0.5159146100817162,0
TCGA-DD-AADS-01A-11R-A41C-07,0.42338087306901667,1
TCGA-61-2110-01A-01R-1568-13,0.6093805876483821,1
TCGA-DD-A1EE-01A-11R-A131-07,0.381816334989496,1
TCGA-BH-A0BP-01A-11R-A115-07,0.8233395905768524,1
TCGA-IG-A3I8-01A-11R-A24K-31,0.9765667400752446,1
TCGA-86-A4D0-01A-11R-A24H-07,0.7955151474608857,1
TCGA-22-1016-01A-01R-0692-07,0.7489283600305969,1
TCGA-BH-A0DS-01A-11R-A056-07,0.8029633459422243,0
TCGA-AR-A5QN-01A-12R-A28M-07,0.8268033687158755,1
TCGA-CW-6088-01A-11R-1672-07,0.26135418173979247,1
TCGA-AQ-A04L-01B-21R-A10J-07,0.8979323842952188,1
TCGA-A7-A13D-01A-13R-A12P-07,0.8209744053755594,1
TCGA-A2-A0YJ-01A-11R-A109-07,0.8373069299323165,1
TCGA-04-1331-01A-01R-1569-13,0.6952553045183362,0
TCGA-HZ-A8P1-01A-11R-A37L-07,0.8851635862095816,0
TCGA-AR-A24R-01A-11R-A169-07,0.710180190875909,0
TCGA-36-1575-01A-01R-1566-13,0.5142334397208386,1
TCGA-C8-A273-01A-11R-A16F-07,0.841094434381073,1
TCGA-DM-A1HB-01A-21R-A180-07,0.7306376475223297,1
TCGA-JL-A3YW-01A-12R-A239-07,0.7163942481490446,1
TCGA-13-1411-01A-01R-1565-13,0.5522284583893575,1
TCGA-60-2710-01A-01R-0851-07,0.4920962392025921,1
TCGA-BP-5009-01A-01R-1334-07,0.5376690907658903,1
TCGA-T7-A92I-01A-11R-A37O-07,0.7682995088157221,1
TCGA-EB-A85I-01A-11R-A352-07,0.2518301316941738,1
TCGA-F4-6460-01A-11R-1774-07,0.7747864609550138,1
TCGA-B8-A54E-01A-11R-A266-07,0.7869923188640423,0
TCGA-60-2725-01A-01R-1201-07,0.5447544235100843,1
TCGA-NC-A5HI-01A-11R-A26W-07,0.6769789359249253,0
TCGA-BP-4965-01A-01R-1334-07,0.299123074147822,1
TCGA-BP-4756-01A-01R-1289-07,0.826256275370935,1
TCGA-A8-A095-01A-11R-A00Z-07,0.6349513197278,1
TCGA-MM-A84U-01A-11R-A37O-07,0.614552075944297,1
TCGA-HP-A5N0-01A-11R-A28V-07,0.6013214758451069,1
TCGA-A4-7996-01A-11R-2204-07,0.39314818899071535,1
TCGA-A2-A0EQ-01A-11R-A034-07,0.806374709349026,1
TCGA-A1-A0SK-01A-12R-A084-07,0.8236552079436137,1
TCGA-EJ-5505-01A-01R-1580-07,0.4344290313552844,0
TCGA-43-5668-01A-01R-1635-07,0.8431067208885713,1
TCGA-EW-A2FV-01A-11R-A17B-07,0.8184908543760967,1
TCGA-CZ-5456-01A-01R-1503-07,0.6997770517985851,1
TCGA-C8-A12Y-01A-11R-A12D-07,0.7270478625540086,1
TCGA-AR-A2LM-01A-11R-A180-07,0.5088007547518734,0
TCGA-A6-4107-01A-02R-1410-07,0.5025113276647175,0
TCGA-IG-A3YB-01A-11R-A36D-31,0.9833117127909425,0
TCGA-75-6205-01A-11R-1755-07,0.6417314975815234,0
TCGA-20-1683-01A-01R-1566-13,0.7806422493348483,1
TCGA-BP-4170-01A-02R-1289-07,0.3356885621797497,0
TCGA-CJ-6032-01A-11R-1672-07,0.5035657482457783,0
TCGA-DD-AACL-01A-11R-A41C-07,0.47458907608352374,0
TCGA-BP-4166-01A-02R-1289-07,0.5730788399329435,1
TCGA-2H-A9GL-01A-12R-A37I-31,0.9691079803628445,1
TCGA-B0-5084-01A-01R-1334-07,0.88927452812894,1
TCGA-E2-A15J-01A-11R-A12P-07,0.7601242035348763,1
TCGA-44-6775-01C-02R-A277-07,0.286761271874235,1
TCGA-A2-A04W-01A-31R-A115-07,0.7852083866650521,1
TCGA-G3-AAV0-01A-11R-A37K-07,0.3352192595294909,1
TCGA-AA-A00D-01A-01R-A002-07,0.8088516565522016,1
TCGA-56-5897-01A-11R-1635-07,0.5676210512674925,0
TCGA-EJ-7321-01A-31R-2263-07,0.5187572072314351,1
TCGA-2J-AABV-01A-12R-A41B-07,0.8458786200109432,0
TCGA-C8-A8HR-01A-11R-A36F-07,0.7524707258837298,1
TCGA-04-1362-01A-01R-1565-13,0.7091808244332782,1
TCGA-HZ-A77Q-01A-11R-A36G-07,0.48909514438299795,1
TCGA-D8-A1JB-01A-11R-A13Q-07,0.6864217936465835,1
TCGA-B0-4811-01A-01R-1503-07,0.4750998300070158,1
TCGA-24-1103-01A-01R-1565-13,0.7112529242434595,1
TCGA-91-A4BC-01A-11R-A24H-07,0.7425816613560001,1
TCGA-D5-5539-01A-01R-1653-07,0.7863410053019276,1
TCGA-HZ-A4BK-01A-11R-A26U-07,0.7346638582062677,1
TCGA-13-1489-01A-01R-1565-13,0.7092951731832036,1
TCGA-A2-A04P-01A-31R-A034-07,0.7817745830913623,0
TCGA-IA-A40Y-01A-11R-A24Z-07,0.7430028984928971,0
TCGA-21-5783-01A-41R-2187-07,0.7005979573309475,0
TCGA-A6-2675-01A-02R-1723-07,0.6888053810754732,1
TCGA-B9-7268-01A-11R-A32Z-07,0.22743217258733153,1
TCGA-BP-4777-01A-01R-1289-07,0.5124988029207959,1
TCGA-BP-4988-01A-01R-1334-07,0.44049848214103426,1
TCGA-2J-AABF-01A-31R-A41B-07,0.8043943625157922,1
TCGA-56-8201-01A-11R-2247-07,0.7237525001203092,1
TCGA-24-2035-01A-01R-1568-13,0.7743293848831986,0
TCGA-A1-A0SP-01A-11R-A084-07,0.8016061624376223,1
TCGA-BC-A10S-01A-22R-A131-07,0.43334118624024925,1
TCGA-HC-7738-01A-11R-2118-07,0.5248845699662242,0
TCGA-IA-A83S-01A-11R-A355-07,0.3527157140798804,1
TCGA-HZ-7920-01A-11R-2204-07,0.8162159785956172,0
TCGA-AA-3529-01A-02R-0821-07,0.7665009273268734,0
TCGA-D8-A1XJ-01A-11R-A14M-07,0.8042152766721286,0
TCGA-5X-AA5U-01A-11R-A406-31,0.572375116329229,1
TCGA-3Z-A93Z-01A-11R-A37O-07,0.5846719082668906,1
TCGA-E9-A227-01A-11R-A157-07,0.7280037397929517,0
TCGA-B0-4843-01A-01R-1277-07,0.5488505365247472,1
TCGA-BH-A8G0-01A-11R-A352-07,0.4561792639716717,1
TCGA-FV-A3R2-01A-11R-A22L-07,0.45595267631775405,0
TCGA-CZ-4854-01A-01R-1305-07,0.6811183657746077,1
TCGA-04-1348-01A-01R-1565-13,0.6456949403306183,1
TCGA-38-4625-01A-01R-1206-07,0.8473375429857515,1
TCGA-A3-A6NJ-01A-12R-A33J-07,0.5379185963941445,0
TCGA-BH-A0C3-01A-21R-A12P-07,0.8331964664021585,1
TCGA-58-8388-01A-11R-2326-07,0.6220656000946326,1
TCGA-NH-A50T-01A-11R-A28H-07,0.6689387956020844,0
TCGA-LL-A5YN-01A-11R-A28M-07,0.4731109246286231,1
TCGA-A2-A0ET-01A-31R-A034-07,0.7423648796960083,1
TCGA-GM-A2DO-01A-11R-A18M-07,0.5213295212919131,1
TCGA-A7-A0CH-01A-21R-A00Z-07,0.5812746243323591,1
TCGA-2Y-A9GT-01A-11R-A38B-07,0.5354161372568005,0
TCGA-B3-4104-01A-02R-1351-07,0.9357372541404676,1
TCGA-GM-A5PV-01A-11R-A28M-07,0.5912957608010688,1
TCGA-29-1711-01A-01R-1567-13,0.7813428935961462,1
TCGA-AO-A1KS-01A-11R-A13Q-07,0.5818433335122201,1
TCGA-AO-A12G-01A-11R-A10J-07,0.8344842619643271,1
TCGA-HZ-8002-01A-11R-2204-07,0.699955380019733,1
TCGA-22-5492-01A-01R-1635-07,0.7834176351839062,1
TCGA-G4-6625-01A-21R-1774-07,0.7165175621311576,1
TCGA-L5-A4OF-01A-11R-A260-31,0.9710053789562624,1
TCGA-55-A48Y-01A-11R-A24H-07,0.788902178452458,1
TCGA-A2-A0YD-01A-11R-A109-07,0.4941832629017043,1
TCGA-13-0801-01A-01R-1564-13,0.5404317264875748,0
TCGA-B4-5843-01A-11R-1672-07,0.5980844785408945,1
TCGA-AY-A69D-01A-11R-A37K-07,0.6794756195733431,1
TCGA-CJ-4899-01A-01R-1334-07,0.45890577149657946,0
TCGA-YL-A8S9-01A-11R-A37L-07,0.544375144523659,1
TCGA-55-1596-01A-01R-0946-07,0.8093200731392454,1
TCGA-UB-AA0V-01A-11R-A38B-07,0.40012218779597863,1
TCGA-BH-A0HY-01A-11R-A056-07,0.8090843053264372,1
TCGA-64-1676-01A-01R-0946-07,0.49317423352375117,1
TCGA-A8-A09R-01A-11R-A00Z-07,0.7637740097753994,1
TCGA-D8-A1Y2-01A-11R-A157-07,0.736381023149343,0
TCGA-5P-A9JY-01A-11R-A42S-07,0.1889836039348138,1
TCGA-AR-A1AI-01A-11R-A12P-07,0.7127118544793049,1
TCGA-56-7823-01B-11R-2247-07,0.6460818892357983,1
TCGA-O2-A52V-01A-31R-A262-07,0.6169269033089194,1
TCGA-B0-4816-01A-01R-1503-07,0.47114244164105795,1
TCGA-MH-A55W-01A-11R-A26U-07,0.28233933175631254,0
TCGA-AN-A0FD-01A-11R-A034-07,0.8272144083965383,0
TCGA-3A-A9IB-01A-21R-A39D-07,0.7822959524152912,1
TCGA-P4-A5EA-01A-11R-A28H-07,0.7635658722832526,0
TCGA-XV-A9VZ-01A-11R-A38C-07,0.8385462726266544,1
TCGA-BC-A10U-01A-11R-A131-07,0.6780600184877169,1
TCGA-B6-A0I9-01A-11R-A034-07,0.8364322776480182,1
TCGA-B0-5119-01A-02R-1420-07,0.37249051677626643,1
TCGA-AR-A2LR-01A-12R-A18M-07,0.8508187772139812,1
TCGA-22-5472-01A-01R-1635-07,0.6685406835865647,1
TCGA-GI-A2C8-01A-11R-A16F-07,0.8414076639880257,1
TCGA-44-2666-01A-01R-0946-07,0.8642497080474255,1
TCGA-25-1632-01A-01R-1566-13,0.6505460500908998,1
TCGA-78-7540-01A-11R-2066-07,0.8414592539887015,1
TCGA-BH-A0AV-01A-31R-A115-07,0.8193495044696721,1
TCGA-AA-3845-01A-01R-1022-07,0.8687319618645173,1
TCGA-78-8655-01A-11R-2403-07,0.8045867366923021,1
TCGA-BP-4345-01A-01R-1289-07,0.4177256277478815,1
TCGA-98-A539-01A-31R-A262-07,0.593868827178338,1
TCGA-50-6594-01A-11R-1755-07,0.8530669022566064,1
TCGA-49-AARN-01A-21R-A41B-07,0.7016686353167018,0
TCGA-A3-3358-01A-01R-1541-07,0.4886062942158562,1
TCGA-13-1483-01A-01R-1565-13,0.6651165995328796,1
TCGA-KK-A7B2-01A-12R-A32O-07,0.28699612220020493,1
TCGA-49-AAQV-01A-11R-A39D-07,0.7612119669472348,1
TCGA-EV-5902-01A-11R-1592-07,0.457483109465211,1
TCGA-AC-A6IX-01A-12R-A32P-07,0.8144922362351035,1
TCGA-BW-A5NQ-01A-11R-A27V-07,0.5311863717012495,1
TCGA-B6-A0WW-01A-11R-A109-07,0.7276283400987262,1
TCGA-R6-A8W8-01B-11R-A37I-31,0.9703259663991417,1
TCGA-XV-AAZW-01A-12R-A40A-07,0.3529484320706442,1
TCGA-BP-4173-01A-02R-1289-07,0.3808718605399519,1
TCGA-HZ-A49G-01A-11R-A26U-07,0.6916789057607416,1
TCGA-22-1012-01A-01R-0692-07,0.7152830309080338,1
TCGA-BH-A0C7-01B-11R-A115-07,0.7845792099242794,1
TCGA-CC-A7IL-01A-11R-A33R-07,0.361330604564341,1
TCGA-E9-A1RA-01A-11R-A14D-07,0.7715808949554503,1
TCGA-YL-A8HM-01A-11R-A36G-07,0.8255919588681564,1
TCGA-AC-A3HN-01A-11R-A213-07,0.5708732017456473,1
TCGA-D8-A1X8-01A-11R-A14M-07,0.6426418371393688,0
TCGA-78-7159-01A-11R-2039-07,0.6493705189826682,1
TCGA-AR-A1AK-01A-21R-A12P-07,0.7305758607528446,1
TCGA-Y8-A8RY-01A-11R-A37K-07,0.1542516304070248,0
TCGA-DD-AAED-01A-12R-A41C-07,0.5962809935449119,1
TCGA-AN-A0XV-01A-11R-A109-07,0.8082549586320327,1
TCGA-BP-4775-01A-01R-1289-07,0.6741505692294064,1
TCGA-24-1556-01A-01R-1566-13,0.5851543373151676,0
TCGA-44-6148-01A-11R-1755-07,0.7779606076210716,1
TCGA-DD-A3A9-01A-11R-A266-07,0.5362174806714004,1
TCGA-XK-AAJU-01A-11R-A41O-07,0.4431810935327342,1
TCGA-A6-3809-01B-04R-A277-07,0.6161404494224703,1
TCGA-UZ-A9PO-01A-11R-A38C-07,0.21013852936905558,1
TCGA-05-4398-01A-01R-1206-07,0.7703290517063458,1
TCGA-AK-3436-01A-02R-1325-07,0.7303728785370371,1
TCGA-D9-A4Z2-01A-11R-A24X-07,0.16099409299297648,1
TCGA-44-8119-01A-11R-2241-07,0.7963308516975846,1
TCGA-EB-A97M-01A-11R-A38C-07,0.14942582881111635,1
TCGA-YL-A8HK-01A-11R-A36G-07,0.8257198857600203,0
TCGA-GL-A59T-01A-21R-A28H-07,0.21912557261123708,0
TCGA-90-7767-01A-11R-2125-07,0.7019994938687352,1
TCGA-DV-5568-01A-01R-1541-07,0.4573063549313109,1
TCGA-A4-A5Y0-01A-11R-A31O-07,0.5365125011138848,1
TCGA-BF-A1PZ-01A-11R-A18S-07,0.16949488516868888,1
TCGA-2J-AAB4-01A-12R-A41B-07,0.759536387868653,1
TCGA-AC-A8OQ-01A-11R-A41B-07,0.8475024200264164,1
TCGA-DD-AACT-01A-11R-A41C-07,0.5020632515422785,1
TCGA-18-3412-01A-01R-0980-07,0.6019442210108497,0
TCGA-A2-A4S2-01A-12R-A266-07,0.7702168508301112,1
TCGA-H9-A6BY-01A-11R-A30B-07,0.27766888238186654,1
TCGA-DW-7837-01A-11R-2139-07,0.35281774863946225,1
TCGA-AA-3552-01A-01R-0821-07,0.7535672278819023,1
TCGA-UZ-A9PN-01A-11R-A38C-07,0.803206163638782,1
TCGA-NC-A5HO-01A-11R-A26W-07,0.759984900251029,1
TCGA-B8-A8YJ-01A-13R-A39I-07,0.4210778590215495,0
TCGA-A2-A04Q-01A-21R-A034-07,0.7536835951820409,0
TCGA-HC-A6AQ-01A-11R-A30B-07,0.14791660751486196,1
TCGA-DV-A4VX-01A-11R-A266-07,0.662918263369005,1
TCGA-FC-A6HD-01A-11R-A31N-07,0.4714103737834932,1
TCGA-F2-A44G-01A-11R-A26U-07,0.7524733729802863,1
TCGA-AZ-4681-01A-01R-1410-07,0.48601416665474534,1
TCGA-VP-A87J-01A-11R-A352-07,0.829651620330161,1
TCGA-C8-A8HQ-01A-11R-A36F-07,0.8462646090594338,1
TCGA-YJ-A8SW-01A-11R-A37L-07,0.9008575542705607,0
TCGA-63-7020-01A-11R-1949-07,0.6311476671560821,1
TCGA-66-2754-01A-01R-0980-07,0.671836847305823,1
TCGA-04-1343-01A-01R-1564-13,0.520283740181853,1
TCGA-KK-A7AV-01A-11R-A32O-07,0.5090291254656479,1
TCGA-HC-A632-01A-11R-A29R-07,0.8919127494879868,1
TCGA-DD-AACE-01A-11R-A41C-07,0.48443552341361806,1
TCGA-23-1809-01A-01R-1566-13,0.7647205318228056,1
TCGA-JY-A939-01A-12R-A37I-31,0.9730155764148842,1
TCGA-25-1627-01A-01R-1566-13,0.6771671786215393,1
TCGA-IB-AAUP-01A-11R-A37L-07,0.8197503810402756,1
TCGA-RC-A6M3-01A-11R-A32O-07,0.8082851691170844,1
TCGA-E9-A1RH-01A-21R-A169-07,0.8191631433908848,1
TCGA-KK-A8IH-01A-11R-A36G-07,0.8665384939794356,1
TCGA-AA-3869-01A-01R-1022-07,0.7510542372491251,1
TCGA-B0-5116-01A-02R-1420-07,0.736717692351519,1
TCGA-GF-A2C7-01A-11R-A18T-07,0.20622438564817344,1
TCGA-BH-A5J0-01A-11R-A27Q-07,0.5862956100369758,1
TCGA-66-2727-01A-01R-0980-07,0.660227299621993,1
TCGA-CM-6163-01A-11R-1653-07,0.7605928822760708,1
TCGA-55-A490-01A-11R-A466-07,0.8184368985193414,1
TCGA-AA-3976-01A-01R-1022-07,0.5457809226694343,1
TCGA-A6-2679-01A-02R-1410-07,0.556752118867027,1
TCGA-BP-5182-01A-01R-1426-07,0.5411610359607477,0
TCGA-56-8083-01A-11R-2247-07,0.790710251779496,1
TCGA-55-8299-01A-11R-2287-07,0.7147605615506482,1
TCGA-LN-A8I1-01A-11R-A36D-31,0.9845936591950238,1
TCGA-SX-A7SU-01A-11R-A36F-07,0.323539409504597,1
TCGA-E9-A295-01A-11R-A16F-07,0.8049136521160903,1
TCGA-EJ-7218-01B-11R-A32O-07,0.4707997014002334,1
TCGA-E2-A2P5-01A-11R-A19W-07,0.7919739228292821,1
TCGA-A2-A0ES-01A-11R-A115-07,0.43739145535241997,1
TCGA-CK-5916-01A-11R-1653-07,0.8445619625968718,1
TCGA-EJ-A65E-01A-11R-A29R-07,0.7008256200938764,1
TCGA-OL-A66K-01A-11R-A29R-07,0.7304689168739037,1
TCGA-44-6774-01A-21R-1858-07,0.6640555652509339,1
TCGA-V1-A9Z7-01A-11R-A41O-07,0.8563366331521368,1
TCGA-ER-A196-01A-11R-A18T-07,0.6325804881651506,0
TCGA-2J-AABI-01A-12R-A41B-07,0.9371093080668575,1
TCGA-GJ-A9DB-01A-11R-A37K-07,0.4373795753935289,1
TCGA-A8-A0A7-01A-11R-A00Z-07,0.7841018923573291,1
TCGA-L5-A4ON-01A-11R-A260-31,0.964137683465443,1
TCGA-F4-6806-01A-11R-1839-07,0.6825919775614729,1
TCGA-66-2792-01A-01R-0980-07,0.5449327738285212,0
TCGA-A8-A08R-01A-11R-A034-07,0.8182547563902122,0
TCGA-E2-A1LH-01A-11R-A14D-07,0.8104300514570848,1
TCGA-24-1550-01A-01R-1566-13,0.731777785912636,1
TCGA-44-7660-01A-11R-2066-07,0.8908973151078096,1
TCGA-85-A53L-01A-21R-A26W-07,0.7704651439650243,1
TCGA-MR-A8JO-01A-12R-A36F-07,0.5761287539067558,1
TCGA-44-5643-01A-01R-1628-07,0.9072344102963203,1
TCGA-90-6837-01A-11R-1949-07,0.8195007502129925,1
TCGA-DD-AAC9-01A-11R-A41C-07,0.2566008488522118,1
TCGA-BH-A203-01A-12R-A169-07,0.8510222868949613,0
TCGA-B8-4146-01B-11R-1672-07,0.5822133044623934,1
TCGA-24-1430-01A-01R-1566-13,0.6393378234300191,1
TCGA-BH-A5IZ-01A-11R-A27Q-07,0.8460257068311017,1
TCGA-78-7633-01A-11R-2066-07,0.6752038394581356,1
TCGA-A6-2686-01A-01R-A32Z-07,0.8896560565639431,1
TCGA-NC-A5HF-01A-11R-A26W-07,0.6638627124094391,0
TCGA-BQ-5882-01A-11R-1592-07,0.7767294295699495,1
TCGA-IB-AAUM-01A-11R-A37L-07,0.837482860358452,1
TCGA-BF-AAP7-01A-11R-A40A-07,0.14719043893069808,1
TCGA-NJ-A4YG-01A-22R-A262-07,0.7278443152821215,1
TCGA-AA-3846-01A-01R-1022-07,0.6009258308040613,1
TCGA-UN-AAZ9-01A-11R-A38C-07,0.24129751662492183,1
TCGA-HC-A76X-01A-11R-A33R-07,0.4193042277327653,1
TCGA-25-2042-01A-01R-1568-13,0.6214734474581053,1
TCGA-F4-6459-01A-11R-1774-07,0.8537293474787436,1
TCGA-A7-A13F-01A-11R-A12P-07,0.8209387346976277,1
TCGA-A2-A0CP-01A-11R-A034-07,0.5007944476216052,1
TCGA-KK-A5A1-01A-11R-A29R-07,0.8371095692826661,1
TCGA-F2-6879-01A-11R-2156-07,0.8023897779947838,1
TCGA-A8-A099-01A-11R-A00Z-07,0.7511831849836287,0
TCGA-DD-AADP-01A-11R-A39D-07,0.43887505082422595,1
TCGA-A6-5657-01A-01R-A32Z-07,0.7934002341696039,1
TCGA-A8-A09M-01A-11R-A00Z-07,0.7568265486303575,1
TCGA-CH-5744-01A-11R-1580-07,0.6183499530351556,1
TCGA-43-6771-01A-11R-1820-07,0.686348243046207,1
TCGA-LN-A4A5-01A-21R-A260-31,0.9739464694047468,1
TCGA-BH-A0BZ-01A-31R-A12P-07,0.8001752492294857,1
TCGA-05-4395-01A-01R-1206-07,0.7636337461742336,1
TCGA-BP-5178-01A-01R-1426-07,0.5886639188352818,0
TCGA-B6-A0RI-01A-11R-A056-07,0.7401027518793497,1
TCGA-63-A5MB-01A-11R-A26W-07,0.7292418813571484,1
TCGA-AQ-A04J-01A-02R-A034-07,0.744943209814491,1
TCGA-77-8133-01A-12R-2247-07,0.6209837285882451,1
TCGA-B0-5399-01A-01R-1503-07,0.5039011384540417,1
TCGA-B8-A54I-01A-21R-A33J-07,0.6319185905115516,1
TCGA-61-1910-01A-01R-1567-13,0.7418204099172122,1
TCGA-A8-A07R-01A-21R-A034-07,0.8384592714453654,1
TCGA-CJ-4905-01A-02R-1426-07,0.24518708217296575,1
TCGA-AA-3525-01A-02R-0826-07,0.5733923854959687,1
TCGA-78-8662-01A-11R-2403-07,0.8464368353326274,1
TCGA-B6-A0IB-01A-11R-A034-07,0.7410508235801558,1
TCGA-EJ-7328-01A-31R-2118-07,0.7104269880621623,1
TCGA-BQ-5875-01A-11R-1592-07,0.5094242356494255,1
TCGA-IB-7649-01A-11R-2156-07,0.6947358663487566,1
TCGA-49-4494-01A-01R-1206-07,0.6640974974676689,1
TCGA-AR-A24P-01A-11R-A169-07,0.5482262586543267,1
TCGA-AA-3542-01A-02R-1873-07,0.321534241380542,1
TCGA-DM-A28H-01A-11R-A16W-07,0.7607466866114085,1
TCGA-O2-A5IB-01A-11R-A27Q-07,0.7176459063879427,1
TCGA-A8-A06X-01A-21R-A00Z-07,0.8592975392610194,1
TCGA-BH-A28O-01A-11R-A22K-07,0.2570423799860717,1
TCGA-EJ-7115-01A-11R-2118-07,0.4489412222798056,1
TCGA-DW-5560-01A-01R-1592-07,0.34100613629006216,1
TCGA-29-1703-01A-01R-1567-13,0.6507936410425065,1
TCGA-AA-3680-01A-01R-0905-07,0.7202822833267574,1
TCGA-CC-A8HU-01A-11R-A36F-07,0.45567021472946506,0
TCGA-D8-A27P-01A-11R-A16F-07,0.6383825016757652,0
TCGA-3P-A9WA-01A-11R-A406-31,0.7194074511739682,1
TCGA-BH-A1F6-01A-11R-A13Q-07,0.8663083950919584,1
TCGA-63-5128-01A-01R-1443-07,0.6803587418456926,1
TCGA-RC-A7SF-01A-11R-A352-07,0.4669861656214521,1
TCGA-BH-A202-01A-11R-A14M-07,0.723289690603759,0
TCGA-DD-AAD8-01A-11R-A41C-07,0.5663949711123005,0
TCGA-EU-5904-01A-11R-1672-07,0.3756491605173808,1
TCGA-55-8508-01A-11R-2403-07,0.7919346228088616,1
TCGA-B3-A6W5-01A-12R-A33Z-07,0.2921127045929194,1
TCGA-78-7155-01A-11R-2039-07,0.865228603894254,1
TCGA-24-2297-01A-01R-1568-13,0.6152179983883097,1
TCGA-A8-A09W-01A-11R-A00Z-07,0.7630878950759827,0
TCGA-B9-4617-01A-01R-1193-07,0.34502895914636295,1
TCGA-A8-A09B-01A-11R-A00Z-07,0.7095647752793721,0
TCGA-JY-A6FA-01A-11R-A336-31,0.983960593177201,1
TCGA-97-A4M1-01A-11R-A24X-07,0.5394285386531659,1
TCGA-GL-A9DD-01A-11R-A37K-07,0.28046701607654895,1
TCGA-A3-A6NN-01A-12R-A33J-07,0.39640729691278265,1
TCGA-18-3416-01A-01R-0980-07,0.6973783153430054,1
TCGA-EJ-5515-01A-01R-1580-07,0.24000827226718074,0
TCGA-D5-6539-01A-11R-1723-07,0.6254017903743947,0
TCGA-BH-A18N-01A-11R-A12D-07,0.7183897399750652,1
TCGA-BP-4167-01A-02R-1325-07,0.5048845399919268,0
TCGA-A2-A0CR-01A-11R-A22K-07,0.20555041957792367,1
TCGA-56-8628-01A-11R-2403-07,0.6584805230423141,1
TCGA-55-8621-01A-11R-2403-07,0.5410873778402668,0
TCGA-CC-A7II-01A-11R-A33J-07,0.7315258546199198,0
TCGA-85-6560-01A-11R-1820-07,0.8197299941285918,0
TCGA-AR-A24W-01A-11R-A169-07,0.438912197228724,1
TCGA-85-6175-01A-11R-1820-07,0.47526117391716616,1
TCGA-86-7954-01A-11R-2187-07,0.81323591016613,0
TCGA-CC-A9FS-01A-11R-A37K-07,0.632286511361386,0
TCGA-25-1870-01A-01R-1567-13,0.7330366191316443,1
TCGA-63-7022-01A-11R-1949-07,0.5768843596030954,0
TCGA-R6-A6KZ-01A-11R-A31P-31,0.9782327986302224,1
TCGA-AA-3562-01A-02R-0821-07,0.59421681642188,1
TCGA-D5-6541-01A-11R-1723-07,0.831760177307581,0
TCGA-PJ-A5Z8-01A-11R-A28H-07,0.6618727517360855,1
TCGA-BP-5010-01A-02R-1420-07,0.4976875089128753,1
TCGA-66-2790-01A-01R-0980-07,0.8159727998318849,1
TCGA-AL-A5DJ-01A-11R-A26U-07,0.733298236475754,1
TCGA-AR-A0TR-01A-11R-A084-07,0.6534267942766927,1
TCGA-AA-3979-01A-01R-1022-07,0.5929211238344535,0
TCGA-A1-A0SJ-01A-11R-A084-07,0.8167907035787635,0
TCGA-AO-A0JA-01A-11R-A056-07,0.7833455622898812,1
TCGA-86-A4JF-01A-11R-A24X-07,0.8109734756394245,1
TCGA-Z6-A8JD-01A-11R-A36D-31,0.9807575826790155,1
TCGA-92-7341-01A-31R-2045-07,0.5291312160577968,0
TCGA-E2-A15O-01A-11R-A115-07,0.7849987317361536,1
TCGA-V1-A9O9-01A-11R-A41O-07,0.8208325641704757,1
TCGA-67-6215-01A-11R-1755-07,0.7907975533991767,1
TCGA-AY-6386-01A-21R-1723-07,0.6553550005326385,1
TCGA-LN-A4A3-01A-11R-A260-31,0.9815950614479598,0
TCGA-44-6778-01A-11R-1858-07,0.6694083358731379,1
TCGA-RU-A8FL-01A-11R-A37K-07,0.7096686530888633,1
TCGA-G3-AAV1-01A-11R-A38B-07,0.47788557032226114,1
TCGA-CH-5745-01A-11R-1580-07,0.7571221428277186,1
TCGA-85-8580-01A-31R-2403-07,0.6351075267673406,1
TCGA-AK-3454-01A-02R-1277-07,0.26434721675536466,1
TCGA-M7-A722-01A-12R-A36G-07,0.6222872877435447,1
TCGA-3A-A9IN-01A-11R-A39D-07,0.9462413815957433,1
TCGA-49-4501-01A-01R-1206-07,0.46224126999302606,1
TCGA-44-7667-01A-31R-2066-07,0.8340579258061483,1
TCGA-86-7714-01A-12R-2170-07,0.7635123205483519,1
TCGA-34-5929-01A-11R-1820-07,0.7198508833686967,1
TCGA-BC-A10R-01A-11R-A131-07,0.6617212767549322,1
TCGA-39-5027-01A-21R-1820-07,0.601389905294737,1
TCGA-AA-A00E-01A-01R-A002-07,0.8137582977240093,1
TCGA-22-5473-01A-01R-1635-07,0.5392568982653592,1
TCGA-LL-A7T0-01A-31R-A352-07,0.7637904893530921,0
TCGA-13-1410-01A-01R-1565-13,0.6346872024525502,1
TCGA-G9-6377-01A-11R-1965-07,0.5937231424874665,1
TCGA-EJ-7784-01A-11R-2118-07,0.6074444598171884,1
TCGA-51-4081-01A-01R-1100-07,0.5140689097552448,1
TCGA-5P-A9JW-01A-11R-A42S-07,0.3912664264203939,1
TCGA-DV-5567-01A-01R-1541-07,0.3814590341295011,1
TCGA-BH-A1FU-01A-11R-A14D-07,0.6178708422890131,1
TCGA-AR-A1AR-01A-31R-A137-07,0.7522665357720185,1
TCGA-43-7658-01A-11R-2125-07,0.7321133496640065,1
TCGA-BF-A1PU-01A-11R-A18S-07,0.1811953392247628,1
TCGA-CM-6171-01A-11R-1653-07,0.8115096248683286,1
TCGA-EW-A1J2-01A-21R-A13Q-07,0.39097395027202836,1
TCGA-UB-A7MF-01A-11R-A33J-07,0.6519679694352619,1
TCGA-DD-AAD0-01A-11R-A41C-07,0.5298914039644456,1
TCGA-85-6561-01A-11R-1820-07,0.4729938737540957,1
TCGA-G9-6367-01A-11R-1789-07,0.42987534442934505,1
TCGA-DM-A1D9-01A-11R-A155-07,0.6036268159929189,1
TCGA-EJ-7783-01A-11R-2118-07,0.40480335472911394,1
TCGA-33-AASD-01A-11R-A405-07,0.7141410215218936,1
TCGA-97-8177-01A-11R-2287-07,0.5863031840652742,1
TCGA-NH-A6GA-01A-11R-A37K-07,0.8406881816944893,1
TCGA-BH-A1FC-01A-11R-A13Q-07,0.8318808020088596,0
TCGA-BP-4165-01A-02R-1289-07,0.2612275581118205,1
TCGA-AA-A02R-01A-01R-A00A-07,0.7699381327870644,1
TCGA-AD-6899-01A-11R-1928-07,0.8414457274613377,1
TCGA-LN-A4MQ-01A-11R-A28J-31,0.9780951044456277,0
TCGA-KK-A59Z-01A-12R-A26U-07,0.8401194145705927,1
TCGA-MI-A75H-01A-11R-A32O-07,0.302202874557562,1
TCGA-38-4630-01A-01R-1206-07,0.8958262201484598,1
TCGA-EP-A3RK-01A-11R-A22L-07,0.46548974070714205,1
TCGA-5C-A9VG-01A-11R-A37K-07,0.7513815817028556,0
TCGA-BH-A0E7-01A-11R-A034-07,0.6755190218617381,1
TCGA-AA-3956-01A-02R-1022-07,0.6383035348908288,1
TCGA-HC-8216-01A-11R-A29R-07,0.805772735250485,1
TCGA-EJ-5519-01A-01R-1580-07,0.7652557660675517,1
TCGA-AA-3949-01A-01R-1022-07,0.6266704391761755,1
TCGA-B0-5121-01A-02R-1420-07,0.29526025792490496,1
TCGA-10-0926-01A-01R-1564-13,0.6246930997370399,1
TCGA-AK-3451-01A-02R-1188-07,0.4615415615502175,1
TCGA-A8-A085-01A-11R-A00Z-07,0.8625162964773851,1
TCGA-BH-A18M-01A-11R-A12D-07,0.6374095602877674,0
TCGA-G4-6315-01A-11R-1723-07,0.4023412426707396,1
TCGA-MP-A4TE-01A-22R-A466-07,0.7169877663923083,1
TCGA-EB-A4IS-01A-21R-A266-07,0.3102217965316726,1
TCGA-AN-A0AS-01A-11R-A00Z-07,0.8409677252097002,1
TCGA-CW-5583-01A-02R-1541-07,0.16804826614656473,1
TCGA-BH-A18T-01A-11R-A12D-07,0.773776327195764,1
TCGA-E9-A22E-01A-11R-A157-07,0.6303797484205672,1
TCGA-A2-A1FW-01A-11R-A13Q-07,0.7799623910889614,1
TCGA-H6-A45N-01A-11R-A26U-07,0.5578889885855062,1
TCGA-A2-A0SW-01A-11R-A084-07,0.8164622622619522,1
TCGA-B0-5712-01A-11R-1672-07,0.7087925484784846,1
TCGA-85-8277-01A-11R-2296-07,0.6664262820201367,1
TCGA-E2-A1II-01A-11R-A144-07,0.8143968598836057,1
TCGA-24-2267-01A-01R-1568-13,0.5406954970256242,0
TCGA-77-8131-01A-11R-2247-07,0.6058675208188581,0
TCGA-3A-A9IZ-01A-12R-A41B-07,0.859974552073858,1
TCGA-55-7816-01A-11R-2170-07,0.8224613140834616,1
TCGA-AA-3509-01A-01R-1410-07,0.6795698035435344,0
TCGA-25-1322-01A-01R-1565-13,0.6233772902824494,1
TCGA-35-5375-01A-01R-1628-07,0.7746448475675097,1
TCGA-CJ-4918-01A-01R-1426-07,0.566205882515053,1
TCGA-ED-A66X-01A-11R-A311-07,0.6142553691169539,1
TCGA-FV-A3I0-01A-11R-A22L-07,0.8096322949907563,1
TCGA-AO-A0JG-01A-31R-A084-07,0.7727519723039831,1
TCGA-XJ-A9DK-01A-11R-A37L-07,0.7712779694828565,1
TCGA-BH-A0BT-01A-11R-A12P-07,0.7578361807721706,0
TCGA-29-1783-01A-01R-1567-13,0.5133389305568068,1
TCGA-QG-A5Z1-01A-11R-A28H-07,0.800727597667858,1
TCGA-F4-6805-01A-11R-1839-07,0.7093896618051998,1
TCGA-18-4086-01A-01R-1100-07,0.45011115559187276,1
TCGA-99-8028-01A-11R-2241-07,0.48479951100229374,1
TCGA-B0-5109-01A-02R-1420-07,0.8949642739040186,1
TCGA-E2-A1B6-01A-31R-A12P-07,0.6498659245013306,1
TCGA-S4-A8RM-01A-11R-A37L-07,0.7981850617071024,1
TCGA-49-4486-01A-01R-1206-07,0.45796215050431577,1
TCGA-E9-A248-01A-11R-A169-07,0.8130574959851397,0
TCGA-IB-AAUR-01A-21R-A38C-07,0.6333137092809369,0
TCGA-BC-A69I-01A-11R-A311-07,0.38617509763036456,1
TCGA-AC-A23G-01A-11R-A213-07,0.4328621112304728,1
TCGA-DD-AADG-01A-11R-A41C-07,0.29440961896227963,1
TCGA-A8-A08S-01A-11R-A034-07,0.7035693191184098,1
TCGA-D8-A27G-01A-11R-A16F-07,0.7245834999870328,1
TCGA-A2-A0YT-01A-11R-A109-07,0.761078642766848,1
TCGA-2H-A9GH-01A-11R-A37I-31,0.9736308587677223,1
TCGA-GM-A4E0-01A-12R-A266-07,0.5333428291868063,1
TCGA-86-8358-01A-11R-2326-07,0.8570732964683122,1
TCGA-39-5034-01A-01R-1443-07,0.846050712347189,0
TCGA-E9-A1N3-01A-12R-A157-07,0.5934156894591353,1
TCGA-91-8496-01A-11R-2403-07,0.5191894230051364,0
TCGA-KC-A7FE-01A-12R-A33R-07,0.2763468442477269,1
TCGA-04-1655-01A-01R-1566-13,0.7008582796649984,1
TCGA-A4-7584-01A-11R-2139-07,0.30012203555747147,0
TCGA-HZ-7918-01A-11R-2156-07,0.8445168834672082,1
TCGA-AK-3440-01A-02R-1277-07,0.7685383085192522,1
TCGA-CZ-4857-01A-01R-1305-07,0.7516798380381894,1
TCGA-B9-4116-01A-02R-1351-07,0.6804324777313057,0
TCGA-DZ-6133-01A-11R-1965-07,0.197314679005698,1
TCGA-J9-A52E-01A-11R-A26U-07,0.9158135588590602,0
TCGA-ER-A2NB-01A-12R-A18S-07,0.5064232077152455,1
TCGA-A3-3346-01A-01R-1766-07,0.7485176399865289,1
TCGA-3A-A9IO-01A-11R-A38C-07,0.957090117855714,0
TCGA-BP-4325-01A-02R-1289-07,0.42399136894799205,0
TCGA-IB-7889-01A-11R-2156-07,0.8478856490106673,1
TCGA-A8-A07F-01A-11R-A00Z-07,0.7293455858443505,1
TCGA-78-7162-01A-21R-2066-07,0.5394764566551186,0
TCGA-IB-7644-01A-11R-2156-07,0.7840387211316283,1
TCGA-36-1569-01A-01R-1566-13,0.6207054593277472,1
TCGA-52-7622-01A-11R-2125-07,0.46237296816304907,1
TCGA-69-8453-01A-12R-2326-07,0.6652179216273245,1
TCGA-OL-A66N-01A-12R-A31O-07,0.6279571080940645,1
TCGA-CC-A9FV-01A-11R-A37K-07,0.8460540385162959,1
TCGA-XD-AAUI-01A-42R-A41B-07,0.7966955119593423,1
TCGA-GM-A2DN-01A-11R-A180-07,0.8017670381392402,1
TCGA-G3-A3CK-01A-11R-A213-07,0.24757037261614143,1
TCGA-BP-4771-01A-01R-1289-07,0.38772372537182875,1
TCGA-DD-AACO-01A-11R-A41C-07,0.635082987364943,0
TCGA-75-7031-01A-11R-1949-07,0.8004300932648208,1
TCGA-24-1552-01A-01R-1566-13,0.7028786200303606,1
TCGA-85-8287-01A-11R-2296-07,0.7153037982766337,1
TCGA-AY-6197-01A-11R-1723-07,0.803526693380825,1
TCGA-96-A4JK-01A-11R-A24Z-07,0.6519667284257851,1
TCGA-C8-A12Z-01A-11R-A115-07,0.6754912579158132,1
TCGA-E9-A3Q9-01A-11R-A21T-07,0.8105192224056786,1
TCGA-AC-A8OR-01A-21R-A41B-07,0.809474556155235,0
TCGA-44-5644-01A-21R-2039-07,0.8533690328536953,0
TCGA-A2-A0T3-01A-21R-A115-07,0.8612725564302138,1
TCGA-A4-8098-01A-11R-2404-07,0.7250767608231538,0
TCGA-EB-A82C-01A-11R-A352-07,0.22851328388283623,1
TCGA-DM-A1D0-01A-11R-A155-07,0.7859978763005654,1
TCGA-BF-AAP1-01A-11R-A39D-07,0.22573461789484806,1
TCGA-S3-AA12-01A-11R-A41B-07,0.7026287860789739,1
TCGA-24-2024-01A-02R-1568-13,0.7005415797397743,1
TCGA-24-2026-01A-01R-1567-13,0.7540883619325841,1
TCGA-G7-6796-01A-11R-1965-07,0.5433332593224031,0
TCGA-AL-3473-01A-01R-1193-07,0.8618402646633528,1
TCGA-Y8-A894-01A-11R-A36F-07,0.4925728296819382,1
TCGA-22-5483-01A-01R-1820-07,0.7517680470350222,1
TCGA-CJ-4644-01A-02R-1325-07,0.5076443818808171,1
TCGA-22-5489-01A-01R-1635-07,0.6221015535535501,1
TCGA-D8-A1JP-01A-11R-A13Q-07,0.8555664279357003,1
TCGA-B9-A5W9-01A-11R-A28H-07,0.4772525254909304,0
TCGA-13-0886-01A-01R-1569-13,0.6498448559598484,0
TCGA-EB-A4P0-01A-41R-A266-07,0.2646793678312101,0
TCGA-G4-6307-01A-11R-1723-07,0.611887119183223,1
TCGA-DD-AAEH-01A-11R-A41C-07,0.45922752559143926,1
TCGA-FV-A2QQ-01A-11R-A22L-07,0.19899767404666288,1
TCGA-MP-A4SW-01A-21R-A24X-07,0.7506594445897792,1
TCGA-P4-A5ED-01A-11R-A28H-07,0.7812358426396797,1
TCGA-CA-6719-01A-11R-1839-07,0.7508271576342441,1
TCGA-AY-4071-01A-01R-1113-07,0.5885611141669473,1
TCGA-B8-4622-01A-02R-1277-07,0.3425818763041856,1
TCGA-AO-A1KP-01A-11R-A13Q-07,0.6255943180120639,0
TCGA-A8-A081-01A-11R-A00Z-07,0.7983889266393402,1
TCGA-24-2262-01A-01R-1568-13,0.7757374093283973,1
TCGA-3A-A9I7-01A-21R-A38C-07,0.778882784574661,1
TCGA-A2-A0CW-01A-21R-A115-07,0.844134018374093,1
TCGA-UZ-A9Q0-01A-12R-A42S-07,0.1624229241103969,1
TCGA-56-8082-01A-11R-2247-07,0.7352930726845044,1
TCGA-39-5019-01A-01R-1820-07,0.6750393143980314,1
TCGA-G3-A5SI-01A-31R-A27V-07,0.5488597454311714,1
TCGA-A2-A0EX-01A-21R-A034-07,0.7253019881629793,1
TCGA-AR-A2LJ-01A-12R-A19W-07,0.4922273054200288,1
TCGA-R6-A6DN-01B-11R-A31P-31,0.9803063715666446,0
TCGA-B0-4842-01A-02R-1420-07,0.6778105524049013,0
TCGA-90-A4EE-01A-11R-A24Z-07,0.6414284684552248,1
TCGA-DW-7834-01A-11R-2139-07,0.49873849567606,1
TCGA-A3-3317-01A-02R-1325-07,0.7038173598280775,1
TCGA-LN-A7HY-01A-12R-A354-31,0.9841105642036165,1
TCGA-B0-5080-01A-01R-1503-07,0.4460912487057545,1
TCGA-DD-AAW3-01A-11R-A41C-07,0.3754367432155904,1
TCGA-CM-5862-01A-01R-1653-07,0.7496920152333258,1
TCGA-G9-6494-01A-11R-1789-07,0.5190179752404577,1
TCGA-2J-AABT-01A-11R-A41B-07,0.7990913783882562,1
TCGA-AA-3693-01A-01R-0905-07,0.6670861322108481,1
TCGA-2V-A95S-01A-11R-A37K-07,0.7115071878811641,0
TCGA-44-7669-01A-21R-2066-07,0.8042720822316224,1
TCGA-BP-5008-01A-01R-1334-07,0.30816713667396073,1
TCGA-D5-6920-01A-11R-1928-07,0.6629117441116015,1
TCGA-K7-A5RG-01A-11R-A28V-07,0.6885530850516545,1
TCGA-BP-4795-01A-02R-1420-07,0.3260858463129203,1
TCGA-18-3419-01A-01R-0980-07,0.8498709544010087,1
TCGA-G9-6332-01A-11R-1789-07,0.5594178286576627,1
TCGA-56-8309-01A-11R-2296-07,0.5746330642016053,1
TCGA-AC-A23E-01A-11R-A157-07,0.5261095901029167,1
TCGA-BQ-7046-01A-11R-1965-07,0.19460059362064894,1
TCGA-AN-A0AT-01A-11R-A034-07,0.8591685616514735,0
TCGA-BH-A0E9-01B-11R-A115-07,0.5370240960346083,1
TCGA-AA-3663-01A-01R-1723-07,0.759832053063854,1
TCGA-A2-A0YI-01A-31R-A10J-07,0.6962499455167237,1
TCGA-34-8456-01A-21R-2326-07,0.7191664201108651,1
TCGA-AR-A1AJ-01A-21R-A12P-07,0.6406073457677102,1
TCGA-44-6145-01A-11R-1755-07,0.7276319856302087,1
TCGA-BP-4344-01A-01R-1289-07,0.3169940347725115,1
TCGA-5C-A9VH-01A-11R-A37K-07,0.5092443468328772,0
TCGA-62-8399-01A-21R-2326-07,0.7928620308253508,1
TCGA-A8-A08T-01A-21R-A00Z-07,0.7853123002461465,1
TCGA-56-7222-01A-11R-2045-07,0.6792847648664188,1
TCGA-PZ-A5RE-01A-11R-A32O-07,0.756568473500248,0
TCGA-EJ-5509-01A-01R-1580-07,0.7263371978222977,1
TCGA-58-8392-01A-11R-2326-07,0.5024051717807846,1
TCGA-18-5595-01A-01R-1635-07,0.7179587515854895,1
TCGA-29-1695-01A-01R-1567-13,0.7258500423543183,1
TCGA-B0-4833-01A-01R-1305-07,0.3796390072948886,1
TCGA-D8-A27E-01A-11R-A16F-07,0.6441408485211078,1
TCGA-BH-A209-01A-11R-A157-07,0.746461023942409,0
TCGA-BH-A0W4-01A-11R-A109-07,0.5317383273400784,1
TCGA-DV-5565-01A-01R-1541-07,0.6940112495238059,1
TCGA-94-A5I6-01A-21R-A27Q-07,0.5343367964794293,1
TCGA-61-1725-01A-01R-1567-13,0.4980043014056301,1
TCGA-B0-5098-01A-01R-1420-07,0.9164085178346997,1
TCGA-13-0905-01B-01R-1565-13,0.6942087548491909,0
TCGA-AA-3667-01A-01R-0905-07,0.3022808396243016,0
TCGA-D8-A1XC-01A-11R-A14D-07,0.760477245401345,1
TCGA-J4-A6M7-01A-11R-A31N-07,0.6110379587371887,1
TCGA-24-1544-01A-01R-1566-13,0.687242781366688,1
TCGA-YL-A9WJ-01A-11R-A37L-07,0.7510782601061999,1
TCGA-29-1785-01A-01R-1567-13,0.7176486259869974,1
TCGA-98-8020-01A-11R-2247-07,0.5943293799796153,1
TCGA-XJ-A9DQ-01A-11R-A37L-07,0.4611919524871484,1
TCGA-C8-A8HP-01A-11R-A36F-07,0.8237464472735163,0
TCGA-B0-5096-01A-01R-1420-07,0.8476047414542702,0
TCGA-E9-A3QA-01A-61R-A22K-07,0.7664315985331936,0
TCGA-BH-A0WA-01A-11R-A109-07,0.8137456278802482,1
TCGA-66-2791-01A-01R-0980-07,0.5890388070606025,1
TCGA-BH-A0HN-01A-11R-A10U-07,0.5835194044268706,0
TCGA-F4-6463-01A-11R-1723-07,0.7680086560767303,1
TCGA-A2-A1FZ-01A-51R-A14D-07,0.6972959836923098,1
TCGA-VP-AA1N-01A-31R-A41O-07,0.8247415886022188,1
TCGA-A3-3359-01A-01R-0864-07,0.23649477076372807,1
TCGA-AN-A049-01A-21R-A00Z-07,0.7791047234319666,1
TCGA-CZ-5462-01A-01R-1503-07,0.7489066842491721,0
TCGA-CM-6165-01A-11R-1653-07,0.7270226532698049,1
TCGA-DD-A3A3-01A-11R-A22L-07,0.5313768403717002,1
TCGA-AO-A125-01A-11R-A10J-07,0.6253975576084019,0
TCGA-69-7760-01A-11R-2170-07,0.7893073483780387,1
TCGA-KC-A7FD-01A-11R-A33R-07,0.6870395730601024,1
TCGA-UZ-A9PK-01A-11R-A38C-07,0.17125067242849734,1
TCGA-62-8398-01A-11R-2326-07,0.848575279468036,0
TCGA-B0-4698-01A-01R-1503-07,0.9041110291955541,0
TCGA-L5-A88V-01A-11R-A354-31,0.977569306007152,1
TCGA-3A-A9IX-01A-11R-A41B-07,0.6115733270222772,1
TCGA-55-A4DG-01A-11R-A24H-07,0.6441983183526738,1
TCGA-EW-A424-01A-11R-A24H-07,0.6823461267226016,1
TCGA-60-2706-01A-01R-0851-07,0.841545106122549,0
TCGA-IA-A40U-01A-11R-A24Z-07,0.3767071987599026,1
TCGA-GM-A3XG-01A-31R-A24H-07,0.46315161800215643,1
TCGA-ZR-A9CJ-01B-11R-A38D-31,0.9727618048800282,1
TCGA-BH-A18G-01A-11R-A12D-07,0.8419715314083067,1
TCGA-G9-6384-01A-11R-1789-07,0.5440074943170533,1
TCGA-67-6216-01A-11R-1755-07,0.7355306373066399,1
TCGA-13-1488-01A-01R-1565-13,0.6515883044856879,1
TCGA-G9-6343-01A-21R-1965-07,0.41247815357471523,1
TCGA-90-A59Q-01A-11R-A26W-07,0.79961976705533,1
TCGA-CW-5580-01A-01R-1672-07,0.5726078390804664,1
TCGA-25-1625-01A-01R-1566-13,0.760072765858777,0
TCGA-EJ-A8FS-01A-11R-A352-07,0.7009022509007705,1
TCGA-CM-6164-01A-11R-1653-07,0.6190499328372643,1
TCGA-29-1763-01A-02R-1567-13,0.6813763519155258,1
TCGA-97-7941-01A-11R-2187-07,0.8363515847526986,0
TCGA-B0-4696-01A-01R-1277-07,0.8988561493256086,1
TCGA-AA-3675-01A-02R-0905-07,0.7377958409736562,0
TCGA-HC-A6AS-01A-11R-A30B-07,0.3005523858441884,0
TCGA-LN-A7HW-01A-22R-A354-31,0.9820895459155605,1
TCGA-50-6595-01A-12R-1858-07,0.667915897926511,1
TCGA-05-4433-01A-22R-1858-07,0.7839421724502253,0
TCGA-B0-5113-01A-01R-1420-07,0.3631931575629043,1
TCGA-OL-A66I-01A-21R-A29R-07,0.8202603907865158,0
TCGA-GM-A2DL-01A-11R-A18M-07,0.8235083895975681,1
TCGA-10-0934-01A-02R-1564-13,0.8369733926547184,1
TCGA-B1-5398-01A-02R-1592-07,0.5790693507175633,1
TCGA-09-1667-01C-01R-1566-13,0.7108067458298103,1
TCGA-69-7979-01A-11R-2187-07,0.8449831618862716,1
TCGA-22-1017-01A-01R-0692-07,0.8122841923023929,0
TCGA-BP-4759-01A-01R-1289-07,0.5944357121459752,0
TCGA-ED-A459-01A-11R-A266-07,0.7697646023601562,1
TCGA-EB-A51B-01A-11R-A27Q-07,0.24784909459911086,1
TCGA-CW-6090-01A-11R-1672-07,0.6824430895550798,1
TCGA-AA-3968-01A-01R-1022-07,0.6988110905635422,1
TCGA-85-8276-01A-11R-2296-07,0.7814863861446576,1
TCGA-D5-6924-01A-11R-1928-07,0.6101176107455986,1
TCGA-95-7947-01A-11R-2187-07,0.8164699297726449,1
TCGA-50-5932-01A-11R-1755-07,0.739102561789726,1
TCGA-G9-6342-01A-11R-1965-07,0.5586110154982654,1
TCGA-BH-A0H9-01A-11R-A056-07,0.8238690593693997,1
TCGA-AR-A24X-01A-11R-A169-07,0.5049105846186508,1
TCGA-A4-A5Y1-01A-11R-A28H-07,0.791878453540991,1
TCGA-AR-A1AV-01A-21R-A12P-07,0.7252360632453428,1
TCGA-33-4582-01A-01R-1443-07,0.7433578171290331,1
TCGA-A7-A0DC-01B-04R-A22O-07,0.6625351068757527,1
TCGA-E9-A245-01A-22R-A16F-07,0.7388357402227369,0
TCGA-LN-A49Y-01A-11R-A260-31,0.9845031327121689,1
TCGA-BP-4960-01A-01R-1334-07,0.3713999872793217,0
TCGA-CJ-4641-01A-02R-1325-07,0.5282648537048652,1
TCGA-55-7281-01A-11R-2039-07,0.6351627333889273,1
TCGA-AA-3870-01A-01R-1022-07,0.7680053591463717,0
TCGA-MI-A75E-01A-11R-A32O-07,0.35351288942204123,1
TCGA-DD-A1EF-01A-11R-A131-07,0.5942012679017591,0
TCGA-VR-A8EX-01A-11R-A36D-31,0.9843664233339431,1
TCGA-56-8504-01A-11R-2403-07,0.6665831473887657,1
TCGA-MG-AAMC-01A-11R-A41O-07,0.5786574161548884,1
TCGA-56-A49D-01A-11R-A24H-07,0.8061929385435055,0
TCGA-39-5022-01A-21R-1820-07,0.5758800129677719,1
TCGA-55-7573-01A-11R-2039-07,0.5052876290475166,1
TCGA-13-0730-01A-01R-1564-13,0.7099023351626035,1
TCGA-D5-6538-01A-11R-1723-07,0.776236921799754,1
TCGA-2Y-A9GU-01A-11R-A38B-07,0.5515431271904495,1
TCGA-YL-A8HJ-01A-11R-A36G-07,0.7183721636947258,1
TCGA-05-4396-01A-21R-1858-07,0.7480692394155911,1
TCGA-E2-A1LL-01A-11R-A144-07,0.906263258686057,0
TCGA-24-2281-01A-01R-1568-13,0.5837427835593719,0
TCGA-33-A4WN-01A-11R-A262-07,0.7062016114791165,1
TCGA-CZ-5985-01A-11R-1672-07,0.5374198114647747,1
TCGA-GN-A263-01A-11R-A18T-07,0.48837533125906746,1
TCGA-E9-A1RE-01A-11R-A157-07,0.7352467325296432,1
TCGA-E2-A15M-01A-11R-A12D-07,0.5709035714987807,1
TCGA-HC-8262-01A-11R-2263-07,0.6999656857788855,1
TCGA-DM-A0X9-01A-11R-A155-07,0.5757736054436564,0
TCGA-A7-A4SC-01A-12R-A266-07,0.7701387419921931,1
TCGA-AN-A04A-01A-21R-A034-07,0.7557017143584156,1
TCGA-QA-A7B7-01A-11R-A32O-07,0.525622063732757,1
TCGA-29-2427-01A-01R-1569-13,0.6330009572065741,1
TCGA-25-1633-01A-01R-1566-13,0.6961874147382803,1
TCGA-85-A510-01A-11R-A26W-07,0.7859035032263374,0
TCGA-75-5147-01A-01R-1628-07,0.68662399310397,1
TCGA-D3-A5GT-01A-12R-A311-07,0.2922120116520325,1
TCGA-49-AARR-01A-11R-A41B-07,0.6901239839136176,1
TCGA-CH-5740-01A-11R-1580-07,0.7402378527091962,1
TCGA-BH-A0W3-01A-11R-A109-07,0.5446787582646581,1
TCGA-13-1487-01A-01R-1565-13,0.623841559556852,1
TCGA-CZ-5464-01A-01R-1503-07,0.7606919729762606,1
TCGA-HC-A8D1-01A-11R-A36G-07,0.4925516627115017,1
TCGA-13-0884-01B-01R-1565-13,0.5733342140314474,1
TCGA-D8-A1JD-01A-11R-A13Q-07,0.718779116555215,1
TCGA-61-2009-01A-01R-1568-13,0.7188012336003289,1
TCGA-J4-A67N-01A-11R-A30B-07,0.46674400559303836,1
TCGA-66-2788-01A-01R-0980-07,0.5486074517619732,1
TCGA-EJ-5501-01A-01R-1580-07,0.7333558587830197,1
TCGA-BC-4072-01B-11R-A155-07,0.8155537311810336,1
TCGA-LN-A5U7-01A-11R-A31P-31,0.9803556266426026,1
TCGA-IG-A4QT-01A-21R-A260-31,0.9787088251402102,0
TCGA-YL-A9WX-01A-21R-A41O-07,0.5582869957067541,1
TCGA-3A-A9IL-01A-11R-A38C-07,0.9515440153750613,1
TCGA-AD-6965-01A-11R-1928-07,0.722328205843386,1
TCGA-60-2704-01A-11R-2045-07,0.5703787840093335,1
TCGA-AA-3514-01A-02R-0821-07,0.45772395803060995,1
TCGA-IB-A5ST-01A-11R-A32O-07,0.7941059470283609,1
TCGA-BH-A0DQ-01A-11R-A084-07,0.7889998964802404,0
TCGA-D8-A1XY-01A-11R-A14M-07,0.7649541466029818,1
TCGA-ZG-A9LB-01A-11R-A41O-07,0.8084888999324233,1
TCGA-L5-A4OR-01A-11R-A260-31,0.9633770164361861,1
TCGA-LD-A74U-01A-13R-A33J-07,0.6192315131962008,1
TCGA-B8-4148-01A-02R-1325-07,0.40931900421191636,1
TCGA-77-8009-01A-11R-2187-07,0.7182704899728959,1
TCGA-55-7574-01A-11R-2039-07,0.6270420288755473,1
TCGA-XA-A8JR-01A-11R-A36G-07,0.5205221147083193,1
TCGA-B0-5095-01A-01R-1420-07,0.5652218772662079,1
TCGA-NC-A5HE-01A-11R-A26W-07,0.7566162987336156,1
TCGA-RC-A6M4-01A-11R-A32O-07,0.2996817853308522,1
TCGA-EJ-A8FN-01A-11R-A352-07,0.5886516884054966,1
TCGA-2Z-A9JK-01A-11R-A42S-07,0.8619893123369141,1
TCGA-69-8254-01A-11R-2287-07,0.7139058440619586,1
TCGA-67-6217-01A-11R-1755-07,0.567116557341136,1
TCGA-55-7994-01A-11R-2187-07,0.741487237918441,0
TCGA-55-8090-01A-11R-2241-07,0.7241784494259579,1
TCGA-LN-A5U5-01A-21R-A28J-31,0.9846695334490211,0
TCGA-66-2768-01A-01R-0851-07,0.6230161063094843,1
TCGA-WQ-AB4B-01A-11R-A41C-07,0.3720759308939491,1
TCGA-77-6844-01A-11R-1949-07,0.6744795202082602,0
TCGA-A8-A07Z-01A-11R-A00Z-07,0.7506364858320012,1
TCGA-AA-3977-01A-01R-1022-07,0.6156444772264792,1
TCGA-AC-A3W7-01A-11R-A22K-07,0.44311455898529406,1
TCGA-CC-5263-01A-01R-A131-07,0.7325255497218686,1
TCGA-18-3411-01A-01R-0980-07,0.558776053083763,1
TCGA-DM-A0XD-01A-12R-A155-07,0.7179651254673711,1
TCGA-OL-A5RU-01A-11R-A28M-07,0.7878702394265009,1
TCGA-33-AASB-01A-11R-A405-07,0.8005151839989225,1
TCGA-B6-A0RG-01A-11R-A056-07,0.7840868829015156,1
TCGA-DD-AAC8-01A-11R-A41C-07,0.6089520756006448,1
TCGA-VP-A87D-01A-11R-A352-07,0.6631182937718433,1
TCGA-BH-A0HX-01A-21R-A056-07,0.7904948974504274,0
TCGA-BP-4353-01A-02R-1289-07,0.6406735645068476,1
TCGA-66-2793-01A-01R-1201-07,0.8124650088255195,1
TCGA-E2-A15A-01A-11R-A12D-07,0.7563754253296572,1
TCGA-61-2094-01A-01R-1568-13,0.6637161079479199,1
TCGA-AA-3502-01A-01R-1410-07,0.68708325271495,1
TCGA-E9-A22G-01A-11R-A157-07,0.8023638705016733,1
TCGA-A3-3325-01A-01R-0864-07,0.560392541601649,1
TCGA-BP-4176-01A-02R-1289-07,0.552605534608964,1
TCGA-09-1669-01A-01R-1566-13,0.6224384835522752,0
TCGA-04-1365-01A-01R-1565-13,0.6080696312992713,1
TCGA-2Z-A9JS-01A-21R-A42S-07,0.22305374496821884,1
TCGA-AR-A0U4-01A-11R-A109-07,0.850801277702019,0
TCGA-B0-5713-01A-11R-1672-07,0.36747439521592,1
TCGA-L3-A4E7-01A-11R-A24Z-07,0.6565198169083915,1
TCGA-G7-6795-01A-11R-1965-07,0.4110332475692924,1
TCGA-AY-5543-01A-01R-1653-07,0.6130406472429681,1
TCGA-G4-6294-01A-11R-1774-07,0.6763051844221544,1
TCGA-CM-5344-01A-21R-1723-07,0.7570818600187736,1
TCGA-TK-A8OK-01A-22R-A36G-07,0.7218240304936037,1
TCGA-VR-AA4G-01A-11R-A37I-31,0.9802751355394231,1
TCGA-JY-A93C-01A-11R-A38D-31,0.9674136154398526,1
TCGA-G9-6356-01A-11R-1789-07,0.5621968002328566,1
TCGA-A2-A0ER-01A-21R-A034-07,0.6534818256483929,1
TCGA-62-A46O-01A-11R-A24H-07,0.8159306489543003,1
TCGA-BQ-5885-01A-11R-1592-07,0.6456689918754731,0
TCGA-E2-A1IN-01A-11R-A13Q-07,0.6133300518489306,0
TCGA-NJ-A55R-01A-11R-A262-07,0.838280463890048,1
TCGA-A3-3383-01A-02R-1325-07,0.510503305709358,1
TCGA-B4-5844-01A-11R-1672-07,0.33154891261781133,1
TCGA-CJ-5676-01A-11R-1541-07,0.44750336086944503,0
TCGA-MH-A561-01A-11R-A26U-07,0.36561327205752575,1
TCGA-96-A4JL-01A-11R-A24Z-07,0.7611662063306154,1
TCGA-KK-A6DY-01A-12R-A311-07,0.6572826793633009,1
TCGA-2Z-A9JP-01A-11R-A42S-07,0.21414438324023385,1
TCGA-VR-A8ER-01A-11R-A36D-31,0.9828153867727989,1
TCGA-24-2288-01A-01R-1568-13,0.7081543381615637,1
TCGA-A8-A0AD-01A-11R-A056-07,0.8071666903066155,1
TCGA-B6-A0IQ-01A-11R-A034-07,0.83325120752091,1
TCGA-DM-A28A-01A-21R-A32Y-07,0.7313950391461516,1
TCGA-09-0369-01A-01R-1564-13,0.6763242988878129,0
TCGA-G7-A8LD-01A-11R-A36F-07,0.8326421548116351,1
TCGA-A4-7732-01A-11R-2139-07,0.26664081548760754,1
TCGA-QU-A6IP-01A-11R-A31N-07,0.2648230435122434,1
TCGA-DD-A1EG-01A-11R-A213-07,0.29690784418766447,1
TCGA-BP-5004-01A-01R-1334-07,0.6052069890838299,1
TCGA-BP-5006-01A-01R-1334-07,0.37479643418835684,1
TCGA-A6-6781-01A-22R-A278-07,0.6333821057003801,0
TCGA-CA-5255-01A-11R-1839-07,0.5810095810056437,1
TCGA-66-2782-01A-01R-0851-07,0.6953505927474614,1
TCGA-MP-A4SY-01A-21R-A24X-07,0.7424762940372162,1
TCGA-44-3398-01A-01R-1107-07,0.4140657099852767,0
TCGA-97-8171-01A-11R-2287-07,0.8430255870457861,1
TCGA-BH-A0BG-01A-11R-A115-07,0.8599527960286856,1
TCGA-B0-4834-01A-01R-1305-07,0.7875085625867325,1
TCGA-A2-A25B-01A-11R-A169-07,0.7378041062246272,1
TCGA-70-6723-01A-11R-1820-07,0.6628424406331569,1
TCGA-KK-A8IJ-01A-11R-A352-07,0.5427435263137045,1
TCGA-CZ-5986-01A-11R-1672-07,0.48379959922489973,0
TCGA-BH-A1EN-01A-11R-A13Q-07,0.8640333243064608,1
TCGA-CH-5768-01A-11R-1580-07,0.4686884615540996,1
TCGA-B0-4846-01A-01R-1277-07,0.2982706394311208,0
TCGA-E2-A2P6-01A-11R-A19W-07,0.7533746154016547,1
TCGA-AK-3434-01A-02R-1277-07,0.5048778394780529,1
TCGA-WW-A8ZI-01A-11R-A37L-07,0.8375286827327962,1
TCGA-56-7730-01A-11R-2125-07,0.6111802999996958,1
TCGA-3A-A9I9-01A-11R-A38C-07,0.786419199728116,1
TCGA-EP-A2KC-01A-11R-A213-07,0.3686833955629258,0
TCGA-AO-A1KO-01A-31R-A13Q-07,0.6381753540458468,1
TCGA-BH-A18K-01A-11R-A12D-07,0.7656098801313445,0
TCGA-D8-A147-01A-11R-A115-07,0.8017273269741902,0
TCGA-24-0979-01A-01R-1565-13,0.694918083723651,1
TCGA-HC-7821-01A-12R-2118-07,0.8695653066865834,1
TCGA-3A-A9IU-01A-11R-A39D-07,0.8128487033249597,1
TCGA-AC-A3QP-01A-11R-A22U-07,0.4498407883491402,0
TCGA-E9-A226-01A-21R-A157-07,0.6682618151704325,0
TCGA-MP-A4T7-01A-11R-A24X-07,0.8057101926379405,0
TCGA-HE-7129-01A-11R-1965-07,0.2908802887750822,1
TCGA-91-7771-01A-11R-2170-07,0.7186661294909996,1
TCGA-CC-A7IK-01A-12R-A33R-07,0.5141417618223907,1
TCGA-AD-6895-01A-11R-1928-07,0.7789327030916078,1
TCGA-2Z-A9JN-01A-21R-A42S-07,0.859623368374587,1
TCGA-Y8-A898-01A-11R-A355-07,0.11396468929865954,1
TCGA-24-1545-01A-01R-1566-13,0.5749490033784085,0
TCGA-60-2711-01A-01R-0851-07,0.7399338748736402,1
TCGA-US-A77G-01A-11R-A32O-07,0.7508079775027755,1
TCGA-44-5645-01B-04R-A277-07,0.4460263182674136,0
TCGA-23-1109-01A-01R-1564-13,0.6280026023066156,1
TCGA-DD-A1EJ-01A-11R-A155-07,0.4795000101504926,1
TCGA-CK-6748-01A-11R-1839-07,0.747818199375111,1
TCGA-HE-A5NH-01A-11R-A26U-07,0.37315585950414076,1
TCGA-LL-A50Y-01A-11R-A266-07,0.4270006489201232,1
TCGA-BP-5173-01A-01R-1426-07,0.7517986113076819,1
TCGA-V1-A9O7-01A-21R-A41O-07,0.7288712573864518,1
TCGA-L5-A4OJ-01A-11R-A260-31,0.9698824294137205,1
TCGA-05-4434-01A-01R-1206-07,0.842743483719472,1
TCGA-AZ-4682-01B-01R-A32Z-07,0.5916955281480604,1
TCGA-D8-A1J9-01A-11R-A13Q-07,0.8003511185561253,1
TCGA-CH-5746-01A-11R-1580-07,0.2620179577414974,1
TCGA-KV-A6GD-01A-11R-A31O-07,0.40842892835025374,1
TCGA-B0-4707-01A-01R-1277-07,0.7836676299483044,1
TCGA-58-8393-01A-11R-2326-07,0.7251904993364117,1
TCGA-FV-A495-01A-11R-A266-07,0.2734699775894244,0
TCGA-99-8033-01A-11R-2241-07,0.745378261080154,0
TCGA-77-8139-01A-11R-2247-07,0.7103871393452711,0
TCGA-ED-A5KG-01A-11R-A27V-07,0.7749799117799752,0
TCGA-94-7033-01A-11R-1949-07,0.6797697445306577,1
TCGA-AA-3530-01A-01R-1022-07,0.6911686299960709,1
TCGA-ZG-A9L1-01A-11R-A41O-07,0.8712946209382818,0
TCGA-FR-A3R1-01A-11R-A239-07,0.2800061353521242,1
TCGA-2Z-A9JL-01A-11R-A42S-07,0.43534657182415465,1
TCGA-20-0987-01A-02R-1564-13,0.5968117570124345,1
TCGA-59-2363-01A-01R-1569-13,0.7939042028276858,1
TCGA-24-1419-01A-01R-1565-13,0.6808469163538861,1
TCGA-BH-A1FH-01A-12R-A13Q-07,0.5188242148068725,1
TCGA-B6-A0IA-01A-11R-A034-07,0.7591876335903918,1
TCGA-98-7454-01A-11R-2045-07,0.6101651319641933,1
TCGA-5P-A9JZ-01A-11R-A42S-07,0.32949929064926753,0
TCGA-55-6984-01A-11R-1949-07,0.8095934526163024,1
TCGA-HC-8264-01B-11R-2403-07,0.7504292889091574,1
TCGA-G4-6314-01A-11R-1723-07,0.761621457757722,1
TCGA-68-8250-01A-11R-2296-07,0.7533200565904591,1
TCGA-29-1769-01A-01R-1567-13,0.6018147755429826,1
TCGA-EU-5905-01A-11R-1672-07,0.7688490542064708,1
TCGA-F9-A7Q0-01A-11R-A36F-07,0.4045938723367568,1
TCGA-DD-AACN-01A-11R-A41C-07,0.47106760102788325,1
TCGA-A8-A079-01A-21R-A00Z-07,0.8035421480527357,1
TCGA-D8-A1JN-01A-11R-A13Q-07,0.7451995431579265,1
TCGA-A8-A08B-01A-11R-A00Z-07,0.8029937005018706,1
TCGA-JY-A6FD-01A-11R-A336-31,0.9808586153275848,1
TCGA-A8-A086-01A-11R-A00Z-07,0.6540926220221137,0
TCGA-13-2060-01A-01R-1568-13,0.7447497777819341,1
TCGA-HC-8265-01B-04R-2302-07,0.8045995054458489,1
TCGA-S4-A8RP-01A-11R-A36G-07,0.7440124151398412,1
TCGA-A8-A09Z-01A-11R-A00Z-07,0.9040290686226249,1
TCGA-CK-6751-01A-11R-1839-07,0.7045081648602662,1
TCGA-RB-A7B8-01A-12R-A33R-07,0.7230800068744152,1
TCGA-68-7755-01A-11R-2125-07,0.6229430920823754,1
TCGA-66-2759-01A-01R-0851-07,0.7133804902309503,1
TCGA-AA-A00J-01A-02R-A002-07,0.839312214024532,1
TCGA-L5-A8NL-01A-12R-A37I-31,0.9524081860714954,1
TCGA-24-1557-01A-01R-1566-13,0.7020827062412155,1
TCGA-A7-A3IY-01A-21R-A21T-07,0.7727591795670556,1
TCGA-B8-4151-01A-01R-1188-07,0.31962178444145434,1
TCGA-61-1914-01A-01R-1567-13,0.5729127707790719,1
TCGA-IG-A3Y9-01A-12R-A24K-31,0.9835922728403296,1
TCGA-L5-A891-01A-11R-A36D-31,0.9797102244853682,1
TCGA-BP-4983-01A-01R-1334-07,0.8269158412167972,0
TCGA-04-1514-01A-01R-1566-13,0.6232864737059537,1
TCGA-NJ-A55A-01A-11R-A262-07,0.6745959684965741,0
TCGA-A8-A09I-01A-22R-A034-07,0.6901367918942214,1
TCGA-AR-A251-01A-12R-A169-07,0.8269675895743196,1
TCGA-60-2715-01A-01R-0851-07,0.6879525852689273,1
TCGA-D9-A4Z3-01A-11R-A266-07,0.48198984792144667,1
TCGA-E2-A14Q-01A-11R-A12D-07,0.7727696504375863,1
TCGA-EW-A1P7-01A-21R-A144-07,0.7280974304398257,1
TCGA-HV-AA8X-01A-11R-A39D-07,0.86018258237638,1
TCGA-ZG-A9L4-01A-11R-A41O-07,0.7702661278635877,1
TCGA-VN-A88L-01A-11R-A352-07,0.7188644469857913,1
TCGA-Z7-A8R5-01A-42R-A41B-07,0.4114728515876584,1
TCGA-IG-A51D-01A-11R-A36D-31,0.9838752048334413,1
TCGA-5P-A9K9-01A-11R-A42S-07,0.806213881317962,1
TCGA-23-1114-01B-01R-1566-13,0.5739061192036647,0
TCGA-IZ-A6M9-01A-11R-A31O-07,0.1839970762899922,1
TCGA-44-2662-01B-02R-A277-07,0.521976883763956,1
TCGA-A8-A08C-01A-11R-A00Z-07,0.7796539632645795,0
TCGA-36-1568-01A-01R-1566-13,0.7268184859774542,1
TCGA-MN-A4N1-01A-11R-A24X-07,0.7625137986999276,1
TCGA-C8-A12X-01A-11R-A115-07,0.841407863615582,1
TCGA-63-5131-01A-01R-1443-07,0.7146405890803046,1
TCGA-G9-6499-01A-12R-1965-07,0.43183878433542294,1
TCGA-L5-A43M-01A-11R-A24K-31,0.9676803072822338,0
TCGA-C8-A275-01A-21R-A16F-07,0.7807236471969516,1
TCGA-A6-5664-01A-21R-1839-07,0.6972727584647094,1
TCGA-4B-A93V-01A-11R-A39D-07,0.8052358960732513,1
TCGA-G9-6364-01A-21R-1789-07,0.7158125065401082,1
TCGA-YH-A8SY-01A-11R-A37L-07,0.6475833822289024,1
TCGA-BP-4760-01A-02R-1420-07,0.34544057787393323,0
TCGA-DD-AAVU-01A-11R-A41C-07,0.33862883909643715,1
TCGA-XN-A8T5-01A-12R-A36G-07,0.6942467903376054,1
TCGA-55-8207-01A-11R-2241-07,0.7187753568782632,1
TCGA-DD-AAVV-01A-11R-A41C-07,0.5652551736619267,1
TCGA-FV-A2QR-01A-11R-A213-07,0.6456086730906736,1
TCGA-DD-AAEE-01A-11R-A41C-07,0.4094498144020636,0
TCGA-B8-5159-01A-01R-1420-07,0.6634403732265888,1
TCGA-2A-A8VX-01A-11R-A37L-07,0.725183957898444,1
TCGA-AA-A03F-01A-11R-A16W-07,0.30232402533959607,1
TCGA-91-8497-01A-11R-2403-07,0.5587981083272917,1
TCGA-EW-A1OV-01A-11R-A144-07,0.8097213028549157,1
TCGA-XP-A8T8-01A-11R-A36D-31,0.983719188761424,1
TCGA-61-1736-01B-01R-1568-13,0.6717129252234731,1
TCGA-20-1682-01A-01R-1564-13,0.7791797244748967,1
TCGA-FB-AAPQ-01A-11R-A41B-07,0.8187374224422851,0
TCGA-AA-3950-01A-02R-1022-07,0.7366918750229072,1
TCGA-CK-4951-01A-01R-1410-07,0.7935779648870871,1
TCGA-BH-A0RX-01A-21R-A084-07,0.7140374329557916,1
TCGA-CJ-5671-01A-11R-1541-07,0.5789751227882183,1
TCGA-EW-A1IY-01A-11R-A13Q-07,0.41238811015285326,0
TCGA-E2-A1IE-01A-11R-A13Q-07,0.6566114805642429,1
TCGA-HI-7170-01A-11R-2118-07,0.6720358603234468,1
TCGA-A3-A6NL-01A-11R-A33J-07,0.349818199187646,1
TCGA-EW-A1PD-01A-11R-A144-07,0.7598697912746163,0
TCGA-B6-A0IO-01A-11R-A034-07,0.8587651975787624,1
TCGA-50-5931-01A-11R-1755-07,0.9119531602996166,1
TCGA-HZ-A4BH-01A-11R-A26U-07,0.8057496721465379,1
TCGA-ZG-A9KY-01A-11R-A41O-07,0.8912235676926402,1
TCGA-EJ-5507-01A-01R-1580-07,0.8092589724136068,1
TCGA-CH-5751-01A-11R-1580-07,0.835379171548688,0
TCGA-AA-3844-01A-01R-1022-07,0.5604151204702861,1
TCGA-EB-A57M-01A-51R-A311-07,0.3765562132255876,1
TCGA-BP-4351-01A-01R-1289-07,0.4144767347416953,1
TCGA-DD-A11B-01A-11R-A131-07,0.3867399212085046,1
TCGA-BQ-7045-01A-31R-1965-07,0.48060149567937155,1
TCGA-BH-A0BD-01A-11R-A034-07,0.7650621170559383,1
TCGA-BQ-5881-01A-11R-1592-07,0.1129881499506501,1
TCGA-25-1871-01A-01R-1567-13,0.4925335523388982,1
TCGA-61-1740-01A-01R-1567-13,0.6799293583942845,0
TCGA-33-AASJ-01A-11R-A405-07,0.6566326722635033,1
TCGA-CC-A123-01A-11R-A131-07,0.48920511966866403,1
TCGA-YG-AA3N-01A-11R-A38C-07,0.19868252251199153,1
TCGA-E2-A156-01A-11R-A12D-07,0.4735107252095795,1
TCGA-EW-A1PB-01A-11R-A144-07,0.8145064669719404,1
TCGA-XK-AAJT-01A-11R-A41O-07,0.687345506212813,1
TCGA-EB-A550-01A-61R-A27Q-07,0.7177190590045666,0
TCGA-S3-A6ZF-01A-32R-A32P-07,0.8310690689181461,0
TCGA-13-1408-01A-01R-1565-13,0.6442424396657733,0
TCGA-29-1690-01A-01R-1566-13,0.5231003060633025,1
TCGA-05-4425-01A-01R-1755-07,0.8230831854705659,1
TCGA-X8-AAAR-01A-11R-A406-31,0.9614351248683229,1
TCGA-JL-A3YX-01A-11R-A22U-07,0.6802522715541334,0
TCGA-IG-A3YA-01A-11R-A24K-31,0.9777953107308304,1
TCGA-HV-AA8V-01A-11R-A41B-07,0.5278675437085435,0
TCGA-IB-AAUO-01A-12R-A38C-07,0.8489055344221368,1
TCGA-B6-A0I8-01A-11R-A034-07,0.7315634974788718,1
TCGA-FB-A545-01A-11R-A26U-07,0.8084423883339169,1
TCGA-BH-A18H-01A-11R-A12D-07,0.8389134063518751,1
TCGA-AK-3445-01A-02R-1277-07,0.7846142515971899,1
TCGA-25-1317-01A-01R-1565-13,0.5628173748931412,1
TCGA-BP-5200-01A-01R-1426-07,0.42369118789503357,1
TCGA-E9-A5FK-01A-11R-A27Q-07,0.3420225274849293,0
TCGA-BH-A1EW-01A-11R-A137-07,0.7765132172217691,0
TCGA-NC-A5HN-01A-11R-A26W-07,0.7247533333742822,1
TCGA-13-0760-01A-01R-1564-13,0.7618790223152198,1
TCGA-AA-3970-01A-01R-1022-07,0.7730255151018781,1
TCGA-YL-A9WI-01A-11R-A37L-07,0.8592802281040264,1
TCGA-AA-A01T-01A-21R-A16W-07,0.35233211362765676,0
TCGA-AN-A0G0-01A-11R-A034-07,0.8044709591149786,1
TCGA-77-A5GB-01B-11R-A27Q-07,0.6173300857594406,0
TCGA-85-8481-01A-11R-2326-07,0.5860928160545336,1
TCGA-E2-A107-01A-11R-A10J-07,0.6584321244152056,1
TCGA-J2-8192-01A-11R-2241-07,0.48151416307571787,1
TCGA-Z7-A8R6-01A-11R-A41B-07,0.6281567415415386,1
TCGA-B8-4153-01B-11R-1672-07,0.3185574873074117,0
TCGA-BH-A0AY-01A-21R-A00Z-07,0.7765856758487766,1
TCGA-A1-A0SQ-01A-21R-A144-07,0.8257357042186875,1
TCGA-22-5477-01A-01R-1635-07,0.5802412975758513,1
TCGA-AA-A02K-01A-03R-A32Y-07,0.8389374276249101,0
TCGA-AA-3531-01A-01R-0821-07,0.49557037775919965,0
TCGA-85-8351-01A-11R-2296-07,0.7667370200420348,1
TCGA-R6-A8WG-01A-11R-A37I-31,0.9723778544581123,1
TCGA-2J-AABR-01A-11R-A41B-07,0.6008080860867349,1
TCGA-CJ-4884-01A-01R-1305-07,0.6444771853390561,1
TCGA-XV-A9W2-01A-11R-A39D-07,0.6004797311070735,1
TCGA-DD-A11A-01A-11R-A131-07,0.5435814016211017,1
TCGA-38-4631-01A-01R-1755-07,0.7683245754004998,0
TCGA-V1-A8MM-01A-11R-A37L-07,0.7699334301871706,1
TCGA-13-0726-01A-01R-1564-13,0.5451920057839942,1
TCGA-HZ-8005-01A-11R-2204-07,0.8719429555179211,1
TCGA-BH-A18J-01A-11R-A12D-07,0.8658562767315477,1
TCGA-60-2708-01A-01R-0851-07,0.6574661192967074,1
TCGA-AO-A1KT-01A-11R-A13Q-07,0.8349391327082432,0
TCGA-A2-A3KC-01A-11R-A213-07,0.6876110614359727,1
TCGA-EJ-5498-01A-01R-1580-07,0.34890809042849885,0
TCGA-AO-A0JF-01A-11R-A056-07,0.6154037043189643,1
TCGA-E9-A1R6-01A-11R-A14D-07,0.6632412878285006,1
TCGA-A7-A0CD-01A-11R-A00Z-07,0.7145306069203573,1
TCGA-29-1699-01A-01R-1567-13,0.6868045525737211,0
TCGA-CJ-6028-01A-11R-1672-07,0.7124946219232363,1
TCGA-24-1843-01A-01R-1567-13,0.5468036433853366,0
TCGA-AA-A01R-01A-21R-A083-07,0.6569934881060279,1
TCGA-G9-A9S0-01A-11R-A41O-07,0.8446779920127379,1
TCGA-XV-AAZY-01A-12R-A40A-07,0.11481239217878297,1
TCGA-AK-3465-01A-02R-1325-07,0.7944063122906405,0
TCGA-AA-3812-01A-01R-0905-07,0.16204410663148722,1
TCGA-77-A5GF-01A-21R-A27Q-07,0.4364737423240376,1
TCGA-HC-A4ZV-01A-11R-A26U-07,0.8934280757362116,1
TCGA-H9-7775-01A-11R-2118-07,0.5923604256959935,1
TCGA-60-2696-01A-01R-0851-07,0.7641847867543019,1
TCGA-13-0900-01B-01R-1565-13,0.6169597641212694,1
TCGA-85-8666-01A-11R-2403-07,0.5507806285832557,1
TCGA-4H-AAAK-01A-12R-A41B-07,0.7095246611516526,1
TCGA-BH-A0BC-01A-22R-A084-07,0.8208710223120885,1
TCGA-C8-A3M7-01A-12R-A21T-07,0.7472783426378304,1
TCGA-AR-A2LN-01A-21R-A18M-07,0.4422262737213815,1
TCGA-2Z-A9J5-01A-21R-A38C-07,0.09117664809144338,1
TCGA-AA-A01X-01A-21R-A083-07,0.7049916133846895,1
TCGA-C8-A134-01A-11R-A115-07,0.884283745510008,1
TCGA-HV-A5A6-01A-11R-A26U-07,0.8685452852713272,1
TCGA-D8-A140-01A-11R-A115-07,0.7339209501337552,1
TCGA-F9-A4JJ-01A-11R-A24Z-07,0.7157654022758114,1
TCGA-AR-A24O-01A-11R-A169-07,0.2753769734486672,0
TCGA-G3-AAUZ-01A-11R-A38B-07,0.27330481494656395,0
TCGA-63-A5MM-01A-11R-A26W-07,0.6636333453818036,1
TCGA-AN-A0FN-01A-11R-A034-07,0.427872812960374,1
TCGA-GL-A59R-01A-11R-A26U-07,0.2465849311475231,1
TCGA-2H-A9GG-01A-11R-A37I-31,0.9757182606727566,1
TCGA-C8-A130-01A-31R-A115-07,0.8704569613934168,1
TCGA-2H-A9GF-01A-11R-A37I-31,0.976489374392209,1
TCGA-55-5899-01A-11R-1628-07,0.8983310657575341,1
TCGA-B0-4713-01A-01R-1277-07,0.7176128860655933,1
TCGA-A8-A09Q-01A-11R-A00Z-07,0.8385688349736026,1
TCGA-VR-AA4D-01A-11R-A37I-31,0.976384678974151,1
TCGA-36-1578-01A-01R-1566-13,0.7886860918425216,1
TCGA-AR-A1AY-01A-21R-A12P-07,0.7449838151033015,1
TCGA-86-8278-01A-11R-2287-07,0.761677845282046,1
TCGA-A2-A0YK-01A-22R-A109-07,0.4134972470882947,1
TCGA-78-7163-01A-12R-2066-07,0.8140872646359136,0
TCGA-A8-A06R-01A-11R-A00Z-07,0.8740512238786124,1
TCGA-HC-7752-01A-11R-2118-07,0.7492287557505569,1
TCGA-A8-A07J-01A-11R-A00Z-07,0.7517681164124311,0
TCGA-HC-7749-01A-11R-2118-07,0.7753914491210585,1
TCGA-HC-A6HX-01A-11R-A31N-07,0.2452043324854515,0
TCGA-56-A4BW-01A-11R-A24H-07,0.7126064071590621,1
TCGA-BP-4162-01A-02R-1325-07,0.4257352179468657,1
TCGA-34-7107-01A-11R-1949-07,0.6185665847770035,1
TCGA-DD-AAE4-01A-11R-A41C-07,0.3445748495006073,1
TCGA-13-1510-01A-02R-1565-13,0.7078635992796929,0
TCGA-57-1585-01A-01R-1566-13,0.5679198127241688,1
TCGA-56-8305-01A-11R-2296-07,0.7479779802802107,1
TCGA-CJ-4874-01A-01R-1305-07,0.20314042908718957,1
TCGA-B6-A0RH-01A-21R-A115-07,0.7880778943338064,1
TCGA-HZ-A77O-01A-11R-A33R-07,0.8384363303112017,1
TCGA-24-1463-01A-01R-1566-13,0.6942276319400698,1
TCGA-A8-A07S-01A-11R-A034-07,0.7321491221579695,1
TCGA-3C-AAAU-01A-11R-A41B-07,0.7677044827647591,1
TCGA-AO-A03M-01B-11R-A10J-07,0.8418066134587767,0
TCGA-73-4659-01A-01R-1206-07,0.7281610572160446,0
TCGA-CZ-5453-01A-01R-1503-07,0.5761392651831455,0
TCGA-94-8035-01A-11R-2247-07,0.6375269116168963,1
TCGA-39-5031-01A-01R-1443-07,0.7394235482597218,1
TCGA-75-5146-01A-01R-1628-07,0.6577799953127303,1
TCGA-YL-A8S8-01A-11R-A37L-07,0.8663490133978011,1
TCGA-77-A5G6-01A-11R-A27Q-07,0.690891982821593,1
TCGA-A7-A4SF-01A-11R-A266-07,0.8132658504762059,0
TCGA-EB-A553-01A-12R-A27Q-07,0.42781376482167327,1
TCGA-AA-3939-01A-01R-1022-07,0.5012886128825185,1
TCGA-E2-A14N-01A-31R-A137-07,0.7499215507621536,1
TCGA-CJ-6030-01A-11R-1672-07,0.700653943577364,1
TCGA-J4-A67M-01A-11R-A30B-07,0.3400587140474718,1
TCGA-BP-5198-01A-01R-1426-07,0.6267960334050816,1
TCGA-NK-A7XE-01A-12R-A405-07,0.7678428048877808,0
TCGA-HC-7209-01A-11R-2118-07,0.6776082894891182,1
TCGA-HZ-8315-01A-11R-2404-07,0.6528338682714778,0
TCGA-86-8076-01A-31R-2241-07,0.6876277675463978,1
TCGA-A6-6650-01A-11R-A278-07,0.6295665998609229,1
TCGA-62-A46U-01A-11R-A24H-07,0.7310930689762537,0
TCGA-BH-A18U-01A-21R-A12D-07,0.820214713770671,1
TCGA-55-6712-01A-11R-1858-07,0.7088244597901059,1
TCGA-BP-4761-01A-01R-1289-07,0.7194510570727382,1
TCGA-D8-A1XK-01A-21R-A14M-07,0.8627015222586281,1
TCGA-63-A5MI-01A-12R-A27Q-07,0.6652436857769756,1
TCGA-MP-A4TF-01A-11R-A262-07,0.8446962046767492,1
TCGA-DD-AACF-01A-11R-A41C-07,0.5324983879985073,0
TCGA-ZG-A9LZ-01A-11R-A41O-07,0.8651735049258543,0
TCGA-05-4250-01A-01R-1107-07,0.7205646343167714,0
TCGA-95-A4VP-01A-21R-A262-07,0.6519529615794413,1
TCGA-AA-3877-01A-01R-1022-07,0.7187660527969245,1
TCGA-AK-3426-01A-02R-1325-07,0.40512079224997455,1
TCGA-A3-3382-01A-02R-1325-07,0.7338963383694396,0
TCGA-IC-A6RE-01A-11R-A336-31,0.9695005358155937,1
TCGA-A8-A08O-01A-21R-A056-07,0.6583161375675941,1
TCGA-B9-A5W7-01A-11R-A31O-07,0.3493266115444668,1
TCGA-33-A5GW-01A-11R-A27Q-07,0.6313211362110088,1
TCGA-G3-AAV7-01A-11R-A38B-07,0.7739290284890207,1
TCGA-5P-A9K8-01A-11R-A42S-07,0.8209523951154817,1
TCGA-BP-5007-01A-01R-1334-07,0.26078816109977004,1
TCGA-A3-3365-01A-01R-0864-07,0.3999494382301101,0
TCGA-44-7659-01A-11R-2066-07,0.760493110069664,1
TCGA-61-2003-01A-01R-1568-13,0.6760073159599419,1
TCGA-D5-6898-01A-11R-1928-07,0.6853734183132288,0
TCGA-GM-A2DC-01A-11R-A18M-07,0.7707648374402121,0
TCGA-5P-A9KF-01A-11R-A42S-07,0.24494870392296936,0
TCGA-BP-4161-01A-02R-1325-07,0.38308873897436296,1
TCGA-36-1576-01A-01R-1566-13,0.5844906208010897,0
TCGA-DD-A4NK-01A-11R-A28V-07,0.31655120614591814,0
TCGA-CJ-4901-01A-01R-1426-07,0.7653592868847775,1
TCGA-MI-A75I-01A-11R-A32O-07,0.5141878189725062,1
TCGA-29-2414-01A-02R-1569-13,0.6859264139339378,1
TCGA-BH-A0GY-01A-11R-A056-07,0.7953343057760887,1
TCGA-97-8175-01A-11R-2287-07,0.7452970101480967,1
TCGA-AL-3472-01A-01R-1193-07,0.2926410453089451,0
TCGA-HZ-A77P-01A-11R-A33R-07,0.8209796261732949,1
TCGA-A3-3352-01A-01R-0864-07,0.41308853967393017,1
TCGA-A7-A26G-01A-21R-A169-07,0.7537273752575532,1
TCGA-AO-A0JC-01A-11R-A056-07,0.3178861130242016,1
TCGA-AA-3875-01A-01R-0905-07,0.5964892564551921,0
TCGA-D8-A1JJ-01A-31R-A14M-07,0.81092236044273,0
TCGA-Y6-A8TL-01A-21R-A37L-07,0.36592711786711996,1
TCGA-J4-A6G3-01A-11R-A311-07,0.8038248122455359,1
TCGA-13-0768-01A-01R-1569-13,0.6700559200126308,1
TCGA-A7-A6VW-01A-21R-A33J-07,0.6818505618145376,0
TCGA-J9-A8CP-01A-11R-A352-07,0.8331768382295566,1
TCGA-P4-AAVK-01A-11R-A42S-07,0.3055500830024581,1
TCGA-B0-5709-01A-11R-1541-07,0.585725349311233,1
TCGA-B6-A0RV-01A-11R-A084-07,0.8372726377617695,1
TCGA-AA-A01V-01A-23R-A083-07,0.43090471547976694,1
TCGA-G9-7510-01A-11R-2263-07,0.4446814511506495,1
TCGA-D8-A73U-01A-11R-A33J-07,0.5923103715916355,1
TCGA-DD-AAEK-01A-11R-A41C-07,0.5467360149238168,0
TCGA-B0-5698-01A-11R-1672-07,0.4463346646067615,1
TCGA-KC-A4BL-01A-31R-A250-07,0.64676579512788,1
TCGA-EJ-A7NM-01A-21R-A33R-07,0.910019576610757,1
TCGA-B2-5639-01A-01R-1541-07,0.5612141877626928,1
TCGA-BH-A8FZ-01A-11R-A352-07,0.7745608626271477,1
TCGA-22-5474-01A-01R-1635-07,0.6090659478460628,1
TCGA-E2-A1IL-01A-11R-A14D-07,0.5027967192075191,1
TCGA-D8-A1XV-01A-11R-A14M-07,0.6124857595164346,1
TCGA-2Z-A9J3-01A-12R-A38C-07,0.4923651979668587,0
TCGA-L5-A4OP-01A-11R-A260-31,0.9656439610830183,1
TCGA-AO-A129-01A-21R-A10J-07,0.7125538921158513,1
TCGA-B6-A0RL-01A-11R-A084-07,0.7145025219782388,1
TCGA-61-1743-01A-01R-1568-13,0.7729991039991648,0
TCGA-R6-A6Y0-01B-11R-A336-31,0.97859923705078,1
TCGA-77-7463-01A-11R-2045-07,0.6463622998393544,0
TCGA-DD-AADW-01A-11R-A39D-07,0.36998059985519705,1
TCGA-AR-A1AP-01A-11R-A12P-07,0.8545092650913454,0
TCGA-A2-A25F-01A-11R-A169-07,0.5907078266168068,1
TCGA-AA-3862-01A-01R-1022-07,0.6183025392935101,1
TCGA-G4-6306-01A-11R-1774-07,0.5637570929047772,1
TCGA-EB-A3XC-01A-11R-A239-07,0.3639967660611908,1
TCGA-34-5927-01A-11R-1820-07,0.6908773544551392,1
TCGA-AA-A017-01A-01R-A00A-07,0.599911700740739,1
TCGA-A4-A5XZ-01A-11R-A31O-07,0.24980406630500826,1
TCGA-E2-A1LS-01A-12R-A157-07,0.7539073480348922,1
TCGA-L5-A8NV-01A-11R-A37I-31,0.9359972151799373,0
TCGA-5P-A9KE-01A-11R-A42S-07,0.18585142954535397,1
TCGA-61-1724-01A-01R-1568-13,0.7239139194814047,1
TCGA-VR-A8EP-01A-31R-A406-31,0.9804656042888891,1
TCGA-YL-A8SL-01B-21R-A37L-07,0.7669943347834548,1
TCGA-G4-6310-01A-11R-1723-07,0.8484324423176705,0
TCGA-G3-AAV2-01A-11R-A37K-07,0.4230713267199595,1
TCGA-OL-A5RV-01A-12R-A28M-07,0.5378486871614043,1
TCGA-KK-A8I6-01A-11R-A36G-07,0.5869469316523462,1
TCGA-BH-A0B6-01A-11R-A19W-07,0.7465040893283187,1
TCGA-G7-6789-01A-11R-1965-07,0.774193952510679,0
TCGA-G9-A9S7-01A-11R-A41O-07,0.6736882236482125,1
TCGA-78-8640-01A-11R-2403-07,0.8085582813525766,1
TCGA-55-6971-01A-11R-1949-07,0.6612079370694394,0
TCGA-DD-AAW2-01A-11R-A41C-07,0.41694042025698785,1
TCGA-HV-A5A4-01A-11R-A26U-07,0.7395556990078449,0
TCGA-BP-4355-01A-01R-1289-07,0.23770709079927022,0
TCGA-R6-A8W5-01B-11R-A37I-31,0.9694397398437556,0
TCGA-CH-5752-01A-11R-1580-07,0.7809824324180988,1
TCGA-A7-A3RF-01A-11R-A22K-07,0.7436305997146926,0
TCGA-ED-A8O5-01A-11R-A36F-07,0.4465271500958937,1
TCGA-AA-3522-01A-01R-0821-07,0.5622784095763412,1
TCGA-ER-A42H-01A-11R-A24X-07,0.4157000931598055,1
TCGA-AL-3467-01A-02R-1351-07,0.7253328913138298,1
TCGA-55-8513-01A-11R-2403-07,0.6734843014670742,0
TCGA-AD-6901-01A-11R-1928-07,0.7367363751307159,1
TCGA-29-1694-01A-01R-1567-13,0.6896710240337104,1
TCGA-LN-A49V-01A-11R-A24K-31,0.981888584699289,1
TCGA-55-6968-01A-11R-1949-07,0.8361447600370279,0
TCGA-A4-8517-01A-11R-2404-07,0.29376306479180275,0
TCGA-CZ-5461-01A-01R-1503-07,0.5423255873356796,1
TCGA-D8-A1XZ-01A-11R-A14M-07,0.8014407994200512,1
TCGA-AA-A00W-01A-01R-A002-07,0.43678573411545657,1
TCGA-BP-4804-01A-02R-1305-07,0.4136019383690808,1
TCGA-OL-A66J-01A-11R-A29R-07,0.7700003269268093,1
TCGA-AY-4070-01A-01R-1113-07,0.836521973706666,0
TCGA-V1-A8WW-01A-11R-A37L-07,0.9086722885231945,1
TCGA-B6-A40B-01A-11R-A239-07,0.6561414702989113,1
TCGA-LN-A49U-01A-31R-A260-31,0.9808676538786799,1
TCGA-AO-A03U-01B-21R-A10J-07,0.8408830435779618,1
TCGA-E2-A105-01A-11R-A10J-07,0.7111513900913646,1
TCGA-CW-6097-01A-11R-1672-07,0.6358030194921519,1
TCGA-2Y-A9GS-01A-12R-A38B-07,0.5536524364649967,0
TCGA-EW-A1J6-01A-11R-A13Q-07,0.7621123019552044,1
TCGA-E9-A1RD-01A-11R-A157-07,0.38657608061786697,0
TCGA-AD-A5EK-01A-11R-A28H-07,0.8240204695666747,0
TCGA-2K-A9WE-01A-11R-A38C-07,0.3779280516251144,1
TCGA-EJ-A7NF-01A-11R-A33R-07,0.4462449835321829,1
TCGA-61-1721-01A-01R-1569-13,0.7944048953644951,1
TCGA-BP-4346-01A-01R-1289-07,0.24255013550270926,1
TCGA-AA-3989-01A-01R-1022-07,0.5454447795056367,1
TCGA-61-1998-01A-01R-1568-13,0.6754739973059642,1
TCGA-05-4244-01A-01R-1107-07,0.7729021209141973,1
TCGA-B8-A54K-01A-11R-A33J-07,0.4816148649337193,1
TCGA-5R-AA1D-01A-11R-A38B-07,0.38135214002381407,0
TCGA-34-5928-01A-11R-1820-07,0.6663287831838344,1
TCGA-BH-A0HQ-01A-11R-A034-07,0.6484295367808216,1
TCGA-CM-4746-01A-01R-1410-07,0.5691310111756929,1
TCGA-50-6593-01A-11R-1755-07,0.7057836847431814,1
TCGA-DV-A4W0-01A-11R-A266-07,0.7394345670281744,0
TCGA-25-1634-01A-01R-1566-13,0.6370577502007484,1
TCGA-50-6597-01A-11R-1858-07,0.7589188642306663,1
TCGA-AY-A54L-01A-11R-A28H-07,0.5608827865663625,1
TCGA-BP-4774-01A-01R-1289-07,0.34941625152459077,1
TCGA-66-2789-01A-01R-0980-07,0.7226951789715995,1
TCGA-DM-A1D4-01A-21R-A155-07,0.6734675439509867,1
TCGA-86-7701-01A-11R-2170-07,0.6693866120413857,1
TCGA-21-1076-01A-02R-0692-07,0.6273854892051486,1
TCGA-AR-A0TX-01A-11R-A084-07,0.8503083777239554,1
TCGA-23-1116-01A-01R-1564-13,0.5705548856809864,0
TCGA-ZP-A9D0-01A-11R-A37K-07,0.4579224085899762,1
TCGA-CH-5743-01A-21R-1580-07,0.5211110320112965,1
TCGA-2A-AAYU-01A-11R-A41O-07,0.6225097668476824,1
TCGA-25-1323-01A-01R-1565-13,0.5907037028848792,1
TCGA-R6-A6Y2-01B-11R-A336-31,0.9707699707351669,1
TCGA-DD-A1EC-01A-21R-A131-07,0.8723927402177911,1
TCGA-E2-A1BC-01A-11R-A12P-07,0.6347423833513991,1
TCGA-DD-AADN-01A-11R-A41C-07,0.4041118056126013,1
TCGA-KK-A8ID-01A-11R-A36G-07,0.8112945667766095,0
TCGA-A2-A4RW-01A-21R-A266-07,0.8468681231466615,1
TCGA-56-7822-01A-11R-2125-07,0.6877459600807805,1
TCGA-O2-A52W-01A-11R-A26W-07,0.5829071072355614,1
TCGA-UL-AAZ6-01A-11R-A41B-07,0.8132683280741824,1
TCGA-YL-A8HO-01A-11R-A36G-07,0.8218627867108383,1
TCGA-13-0765-01A-01R-1564-13,0.66546168877718,1
TCGA-55-6979-01A-11R-1949-07,0.524944324959009,1
TCGA-IB-7888-01A-11R-2156-07,0.663061625315597,1
TCGA-AQ-A54O-01A-11R-A266-07,0.6373735570398597,1
TCGA-HC-7744-01A-11R-2118-07,0.6732008336031566,1
TCGA-BP-4974-01A-01R-1334-07,0.3511789973836637,1
TCGA-A3-3367-01A-02R-1420-07,0.3939113354280192,1
TCGA-2H-A9GO-01A-11R-A37I-31,0.9768817746201309,1
TCGA-EJ-5522-01A-01R-1580-07,0.3283023000152158,1
TCGA-61-1919-01A-01R-1568-13,0.526210504121033,1
TCGA-TP-A8TT-01A-12R-A41O-07,0.8491112342849949,0
TCGA-AN-A0FJ-01A-11R-A00Z-07,0.8734089725790611,1
TCGA-B0-5696-01A-11R-1541-07,0.48442808625794037,1
TCGA-CZ-4856-01A-02R-1426-07,0.4305567629706376,1
TCGA-A8-A075-01A-11R-A084-07,0.7675239502013731,1
TCGA-90-A4ED-01A-31R-A24Z-07,0.8535688315531519,0
TCGA-44-2657-01A-01R-1107-07,0.5748254057624991,1
TCGA-MP-A4TD-01A-32R-A262-07,0.7007088129368901,1
TCGA-XR-A8TG-01A-11R-A36F-07,0.5150205529425076,1
TCGA-33-4533-01A-01R-1201-07,0.7476210825930826,1
TCGA-55-8514-01A-11R-2403-07,0.7286712403730428,1
TCGA-25-1316-01A-01R-1565-13,0.8172407758662119,1
TCGA-EB-A6R0-01A-12R-A32P-07,0.2810380804537401,1
TCGA-Y8-A8S1-01A-11R-A37K-07,0.522557890700731,1
TCGA-B0-5120-01A-01R-1420-07,0.5296649788911758,1
TCGA-KR-A7K0-01A-12R-A33R-07,0.41389927786338887,1
TCGA-50-5944-01A-11R-1755-07,0.7023246065878278,1
TCGA-99-AA5R-01A-11R-A39D-07,0.5132409122113906,0
TCGA-CZ-5452-01A-01R-1503-07,0.5837095262761826,0
TCGA-XJ-A9DX-01A-11R-A37L-07,0.8427743993972266,1
TCGA-B6-A0IM-01A-11R-A034-07,0.7230044241717402,1
TCGA-61-2012-01A-01R-1568-13,0.7137673649458207,1
TCGA-2Z-A9J2-01A-11R-A38C-07,0.3893321694638905,1
TCGA-AC-A6NO-01A-12R-A33J-07,0.6103630915393278,0
TCGA-E9-A1N4-01A-11R-A14M-07,0.8596250205148858,1
TCGA-DZ-6134-01A-11R-1965-07,0.304415458785432,1
TCGA-20-1685-01A-01R-1566-13,0.5714602585753705,1
TCGA-BH-A0AZ-01A-21R-A12P-07,0.6805199741318353,1
TCGA-55-7227-01A-11R-2039-07,0.7251085702353846,0
TCGA-34-5231-01A-21R-1820-07,0.8014006617120548,0
TCGA-DD-AAE2-01A-11R-A41C-07,0.3890646989663222,1
TCGA-AC-A62Y-01A-11R-A29R-07,0.7990259277605792,1
TCGA-A7-A425-01A-11R-A24H-07,0.49804172932889873,0
TCGA-AD-6548-01A-11R-1839-07,0.6563091040950643,1
TCGA-AC-A3W6-01A-12R-A22K-07,0.6159637319555985,1
TCGA-EB-A5UM-01A-11R-A311-07,0.2893570110259445,0
TCGA-EW-A6SA-01A-21R-A32P-07,0.7444181255733492,1
TCGA-64-5779-01A-01R-1628-07,0.7609879416300745,1
TCGA-DD-A114-01A-11R-A131-07,0.7329833987303502,1
TCGA-85-8052-01A-11R-2247-07,0.5756932613501575,1
TCGA-A2-A0T4-01A-31R-A084-07,0.7423819508812178,1
TCGA-DD-A3A2-01A-11R-A213-07,0.25495408478677783,0
TCGA-E2-A1B4-01A-11R-A12P-07,0.4711586911852101,1
TCGA-HV-A5A3-01A-11R-A26U-07,0.8648841400295202,1
TCGA-78-7167-01A-11R-2066-07,0.696697291330673,0
TCGA-85-8479-01A-11R-2326-07,0.7157947956641211,1
TCGA-XR-A8TE-01A-11R-A36F-07,0.739222981912906,1
TCGA-BP-4971-01A-01R-1334-07,0.4365437956565526,1
TCGA-EJ-7786-01A-11R-2118-07,0.21305076250532742,0
TCGA-25-1320-01A-01R-1565-13,0.6413700738499423,0
TCGA-E2-A15S-01A-11R-A115-07,0.7401200284384635,1
TCGA-D9-A3Z4-01A-11R-A239-07,0.21954579048430437,0
TCGA-98-A53D-01A-32R-A262-07,0.6537814631382154,0
TCGA-DW-7839-01A-11R-2139-07,0.6807029037009824,0
TCGA-86-8671-01A-11R-2403-07,0.39833095186698614,1
TCGA-B8-A54H-01A-11R-A33J-07,0.5205619164812745,1
TCGA-ZS-A9CF-01A-11R-A38B-07,0.5788076652956003,1
TCGA-50-5930-01A-11R-1755-07,0.7838086439438987,1
TCGA-73-4676-01A-01R-1755-07,0.733664913877923,1
TCGA-2A-AAYF-01A-11R-A41O-07,0.35590100343378794,0
TCGA-G9-6366-01A-11R-2118-07,0.741016938535092,0
TCGA-56-7582-01A-11R-2045-07,0.511209161814833,1
TCGA-CJ-4916-01A-01R-1426-07,0.3591913542476653,1
TCGA-B2-3924-01A-02R-1325-07,0.44172975498043,0
TCGA-NJ-A55O-01A-11R-A262-07,0.8181780665802562,1
TCGA-G3-A25V-01A-11R-A16W-07,0.26318495002968056,1
TCGA-A6-A567-01A-31R-A28H-07,0.7996632924346108,1
TCGA-55-7907-01A-11R-2170-07,0.7831196817624442,1
TCGA-E2-A1LA-01A-11R-A144-07,0.7784746365635861,0
TCGA-97-A4M5-01A-11R-A24X-07,0.7244136249947271,1
TCGA-CA-6716-01A-11R-1839-07,0.7460764735265059,1
TCGA-66-2756-01A-01R-0851-07,0.8503906532677468,1
TCGA-69-7763-01A-11R-2170-07,0.7375283069349802,1
TCGA-FV-A3I1-01A-11R-A22L-07,0.5427066846960934,1
TCGA-A4-A48D-01A-11R-A24Z-07,0.3299821531636735,1
TCGA-30-1892-01A-01R-1568-13,0.5040252046598519,0
TCGA-S2-AA1A-01A-12R-A39D-07,0.6820770137357258,0
TCGA-AN-A0XT-01A-11R-A109-07,0.785018303979799,0
TCGA-60-2726-01A-01R-0851-07,0.7944192167064655,0
TCGA-63-A5MV-01A-21R-A26W-07,0.7473215314599106,0
TCGA-HC-A6AL-01A-11R-A30B-07,0.44103771259076346,1
TCGA-24-1560-01A-01R-1566-13,0.6608491046717272,1
TCGA-A2-A0EU-01A-22R-A056-07,0.7125151147882349,0
TCGA-KK-A7AP-01A-12R-A33R-07,0.7903072505646932,1
TCGA-44-6146-01A-11R-A278-07,0.7881329845130479,0
TCGA-62-A472-01A-11R-A24H-07,0.7655487091202218,1
TCGA-56-8622-01A-11R-2403-07,0.7663857127160281,1
TCGA-B0-4819-01A-01R-1277-07,0.42649640970292124,1
TCGA-BP-5176-01A-01R-1426-07,0.5602603101645787,1
TCGA-63-A5MP-01A-11R-A26W-07,0.7251679219669425,1
TCGA-XK-AAK1-01A-11R-A41O-07,0.6740629772949358,1
TCGA-78-7158-01A-11R-2039-07,0.8490074584384582,1
TCGA-AA-3678-01A-01R-0905-07,0.7095219360358841,0
TCGA-HI-7171-01A-12R-2118-07,0.8353234694566433,1
TCGA-LN-A4A2-01A-31R-A260-31,0.9812268995133249,1
TCGA-D8-A1JE-01A-11R-A13Q-07,0.44795500817196615,0
TCGA-B8-5552-01B-11R-1672-07,0.3511458220796647,1
TCGA-A8-A09V-01A-11R-A034-07,0.4115477573268298,1
TCGA-HZ-A49H-01A-11R-A26U-07,0.7791996331443084,1
TCGA-IG-A97I-01A-11R-A38D-31,0.9820363627902068,0
TCGA-D8-A1JT-01A-31R-A13Q-07,0.6059804461515517,1
TCGA-BP-4782-01A-02R-1420-07,0.640677540760348,1
TCGA-A2-A0CQ-01A-21R-A034-07,0.6396556448710576,1
TCGA-G3-A25U-01A-11R-A16W-07,0.38691564539459405,1
TCGA-BQ-7055-01A-11R-1965-07,0.861351200096584,0
TCGA-37-A5EM-01A-21R-A27Q-07,0.731296447770819,1
TCGA-NC-A5HG-01A-11R-A26W-07,0.7621616232982926,0
TCGA-13-1495-01A-01R-1565-13,0.6974476412781702,1
TCGA-AK-3431-01A-02R-1277-07,0.44269153499983704,1
TCGA-85-8049-01A-11R-2247-07,0.6017468332406383,1
TCGA-UZ-A9PP-01A-11R-A42S-07,0.3414140926938412,1
TCGA-DD-AAE9-01A-11R-A41C-07,0.5066000758705359,1
TCGA-D5-5537-01A-21R-1928-07,0.7917544485670969,1
TCGA-VP-A879-01A-11R-A352-07,0.420684227771472,1
TCGA-C8-A1HM-01A-12R-A137-07,0.7534857716019369,1
TCGA-A3-3316-01A-01R-0864-07,0.642923997987213,1
TCGA-DW-7840-01A-11R-A32Z-07,0.3390973590001256,0
TCGA-D5-6927-01A-21R-1928-07,0.7606946040228366,1
TCGA-A6-2671-01A-01R-1410-07,0.696142786741978,1
TCGA-61-1918-01A-01R-1568-13,0.6004419630304174,1
TCGA-FV-A3R3-01A-11R-A22L-07,0.5924176681192505,1
TCGA-F9-A7VF-01A-11R-A33Z-07,0.2875816278123608,1
TCGA-L7-A6VZ-01A-12R-A336-31,0.9736224151733421,1
TCGA-AA-3526-01A-02R-A32Z-07,0.6394247916399249,1
TCGA-56-8626-01A-11R-2403-07,0.6310417559695725,0
TCGA-DD-A3A1-01A-11R-A213-07,0.489099692678137,1
TCGA-YL-A8SR-01B-11R-A37L-07,0.7040958000800902,1
TCGA-B0-4848-01A-01R-1277-07,0.5849816686212035,1
TCGA-55-6969-01A-11R-1949-07,0.817941106756566,1
TCGA-2A-A8VL-01A-21R-A37L-07,0.38361327599100264,1
TCGA-24-1422-01A-01R-1565-13,0.6204701797054706,1
TCGA-A3-3370-01A-02R-1420-07,0.3406518371219853,1
TCGA-EW-A2FW-01A-11R-A17B-07,0.7888069111790521,1
TCGA-BH-A0BL-01A-11R-A115-07,0.724061745600603,1
TCGA-AA-A010-01A-01R-A089-07,0.8771982411311439,1
TCGA-AA-3664-01A-01R-0905-07,0.745630727627267,1
TCGA-GN-A26C-01A-11R-A18T-07,0.5422274232319131,0
TCGA-85-8354-01A-31R-2326-07,0.6819655666907116,1
TCGA-A3-3373-01A-02R-1420-07,0.499005203011453,1
TCGA-30-1891-01A-01R-1568-13,0.7173815996589458,1
TCGA-HC-7078-01A-11R-2118-07,0.7645580451794667,0
TCGA-FC-A66V-01A-21R-A30B-07,0.20191099825704323,1
TCGA-A3-3324-01A-02R-1325-07,0.4391581870270901,1
TCGA-S3-AA10-01A-21R-A41B-07,0.8268611217216623,0
TCGA-53-7813-01A-11R-2170-07,0.5301506784938333,1
TCGA-EW-A1P3-01A-11R-A144-07,0.7572870560861185,1
TCGA-BF-A3DN-01A-11R-A20F-07,0.21956656288776372,1
TCGA-22-4596-01A-01R-1201-07,0.6548965533922179,1
TCGA-G4-6297-01A-11R-1723-07,0.7666033983485685,1
TCGA-05-4422-01A-01R-1206-07,0.7501648929598836,1
TCGA-67-3773-01A-01R-0946-07,0.6213376538791273,1
TCGA-75-7025-01A-12R-1949-07,0.6253133694884145,1
TCGA-BH-A18I-01A-11R-A12D-07,0.7565634688319084,1
TCGA-E9-A54Y-01A-11R-A466-07,0.5292869409511186,1
TCGA-BP-4758-01A-01R-1289-07,0.4737733829066217,1
TCGA-LN-A9FO-01A-11R-A38D-31,0.98323382409721,0
TCGA-10-0936-01A-01R-1564-13,0.48462868259995595,1
TCGA-DD-AACP-01A-11R-A41C-07,0.633971515967776,1
TCGA-NH-A5IV-01A-42R-A37K-07,0.9025159030241321,0
TCGA-44-6777-01A-11R-1858-07,0.5289752319878606,1
TCGA-71-8520-01A-11R-2403-07,0.691196981355927,1
TCGA-A8-A07I-01A-11R-A00Z-07,0.7558965788943991,1
TCGA-CC-A3M9-01A-11R-A213-07,0.8179871855453469,0
TCGA-AN-A0AK-01A-21R-A00Z-07,0.797391656204189,1
TCGA-BP-5174-01A-01R-1426-07,0.3471801411271583,1
TCGA-71-6725-01A-11R-1858-07,0.7927060980507489,1
TCGA-25-1623-01A-01R-1566-13,0.5555223382060516,1
TCGA-KK-A6E1-01A-11R-A311-07,0.877000120365063,0
TCGA-AR-A0TQ-01A-11R-A084-07,0.7621369202248041,1
TCGA-50-5946-01A-11R-1755-07,0.8071944726576998,1
TCGA-A4-8312-01A-11R-2404-07,0.8692990757326547,1
TCGA-FC-7961-01A-11R-A29R-07,0.886089137974885,1
TCGA-AA-A01G-01A-01R-A002-07,0.4525038032950612,0
TCGA-C8-A12Q-01A-11R-A115-07,0.8400054279400544,1
TCGA-HV-A5A5-01A-11R-A26U-07,0.7759409063514948,1
TCGA-BP-4987-01A-01R-1334-07,0.24129646321081327,1
TCGA-24-1564-01A-01R-1566-13,0.7097471221004985,1
TCGA-EJ-7788-01A-11R-2118-07,0.6201768889899255,1
TCGA-O9-A75Z-01A-11R-A33Z-07,0.3306696658286515,0
TCGA-36-1574-01A-01R-1566-13,0.6736080184417783,0
TCGA-21-1070-01A-01R-0692-07,0.6588390523064943,1
TCGA-BP-4976-01A-01R-1334-07,0.40837490635864826,0
TCGA-A7-A0CJ-01A-21R-A00Z-07,0.8665154340027842,0
TCGA-13-1501-01A-01R-1565-13,0.6861814118295895,1
TCGA-CZ-5469-01A-01R-1503-07,0.7439919660627397,1
TCGA-29-1776-01A-01R-1567-13,0.6392862285040555,1
TCGA-75-6214-01A-41R-1949-07,0.8943506130836836,1
TCGA-55-8619-01A-11R-2403-07,0.6580454472961932,0
TCGA-A4-A6HP-01A-11R-A31O-07,0.1383445156316021,1
TCGA-LG-A6GG-01A-11R-A311-07,0.5745819090590113,0
TCGA-CC-A9FW-01A-11R-A37K-07,0.6005128932329307,1
TCGA-EJ-7781-01A-11R-2118-07,0.4703316445598141,1
TCGA-05-5420-01A-01R-1628-07,0.4038439732554359,0
TCGA-EW-A3U0-01A-11R-A22K-07,0.8481886038334885,0
TCGA-61-2002-01A-01R-1568-13,0.6398601092240794,1
TCGA-B0-4841-01A-01R-1277-07,0.5520514564559388,1
TCGA-CJ-4885-01A-01R-1305-07,0.4922904252700224,0
TCGA-AQ-A7U7-01A-22R-A352-07,0.5702900911906944,1
TCGA-VN-A88P-01A-11R-A352-07,0.7782040970943976,0
TCGA-XX-A899-01A-11R-A36F-07,0.6950890880976457,0
TCGA-E2-A14X-01A-11R-A115-07,0.841537261797938,1
TCGA-E2-A14U-01A-11R-A22K-07,0.4888054133308142,1
TCGA-CJ-6031-01A-11R-1672-07,0.4885895048854668,1
TCGA-38-4627-01A-01R-1206-07,0.417251716326922,1
TCGA-V1-A9OT-01A-11R-A41O-07,0.6790985480298426,1
TCGA-VR-A8ET-01A-11R-A406-31,0.9791242944283828,1
TCGA-A2-A1G6-01A-11R-A13Q-07,0.46191287722643853,1
TCGA-B0-5110-01A-01R-1420-07,0.23151028277917146,1
TCGA-A4-7585-01A-11R-2139-07,0.5023854650023848,1
TCGA-F2-7276-01A-11R-2156-07,0.6900533833189948,1
TCGA-BP-5168-01A-01R-1420-07,0.5220668319964225,1
TCGA-D5-6540-01A-11R-1723-07,0.7609872068514474,1
TCGA-A6-6652-01A-11R-1774-07,0.7155649247265042,1
TCGA-96-8170-01A-11R-2296-07,0.7069320328957321,1
TCGA-36-1577-01A-01R-1566-13,0.6935920631823409,1
TCGA-44-8120-01A-11R-2241-07,0.7576612663840211,1
TCGA-D5-6532-01A-11R-1723-07,0.5846979795163536,0
TCGA-AR-A2LK-01A-11R-A180-07,0.6360642270625287,1
TCGA-B6-A0X7-01A-11R-A10J-07,0.624194451047655,1
TCGA-DD-AADQ-01A-11R-A41C-07,0.6426191154808649,1
TCGA-24-1416-01A-01R-1565-13,0.6711695316285634,1
TCGA-53-7626-01A-12R-2066-07,0.5290246722611048,0
TCGA-G9-6370-01A-11R-1789-07,0.3663771193553561,1
TCGA-A2-A0CX-01A-21R-A00Z-07,0.8049698035513132,1
TCGA-G9-6498-01A-12R-A311-07,0.7423093759981916,1
TCGA-EB-A24D-01A-11R-A18T-07,0.2839233891415798,0
TCGA-P4-A5EB-01A-11R-A28H-07,0.3163196615840149,1
TCGA-55-6970-01A-11R-1949-07,0.73930085037888,1
TCGA-AD-6963-01A-11R-1928-07,0.6217197493700523,1
TCGA-97-A4M3-01A-11R-A24X-07,0.7382076985079377,1
TCGA-23-2084-01A-02R-1568-13,0.5993481912708215,0
TCGA-E9-A228-01A-31R-A157-07,0.7804901478405436,1
TCGA-BF-A5EQ-01A-21R-A27Q-07,0.1511640678645585,1
TCGA-43-6773-01A-41R-1949-07,0.7000540680383606,1
TCGA-S3-AA17-01A-11R-A41B-07,0.7897999932074828,0
TCGA-D8-A143-01A-11R-A115-07,0.8124423971584951,1
TCGA-2Y-A9H7-01A-11R-A39D-07,0.5104350242617298,1
TCGA-91-6849-01A-11R-1949-07,0.7321759185375357,1
TCGA-B0-4818-01A-01R-1503-07,0.3567765274733374,0
TCGA-DM-A280-01A-12R-A16W-07,0.7325246484194445,1
TCGA-EW-A1PH-01A-11R-A14M-07,0.8332079058311761,0
TCGA-VN-A88R-01A-11R-A36G-07,0.7648004110853179,1
TCGA-91-6829-01A-21R-1858-07,0.7731247176100899,1
TCGA-30-1857-01A-02R-1569-13,0.6631830756309341,1
TCGA-V1-A8WS-01A-11R-A37L-07,0.7552190105632601,1
TCGA-D8-A27H-01A-11R-A16F-07,0.896597161851248,1
TCGA-56-8304-01A-11R-2326-07,0.6508604703189033,0
TCGA-43-5670-01A-21R-2125-07,0.791648195648886,1
TCGA-OL-A66P-01A-11R-A31O-07,0.6264479227483316,1
TCGA-78-7150-01A-21R-2039-07,0.7751516680805767,0
TCGA-C8-A12L-01A-11R-A115-07,0.8632681793717245,1
TCGA-IB-AAUT-01A-11R-A37L-07,0.7292529220151531,1
TCGA-B6-A0IN-01A-11R-A034-07,0.8269781436160719,1
TCGA-O8-A75V-01A-11R-A32O-07,0.2289460823736281,0
TCGA-DD-AAE6-01A-11R-A41C-07,0.4287753009451639,0
TCGA-L5-A8NR-01A-11R-A37I-31,0.9634600232917562,1
TCGA-KK-A8IG-01A-11R-A36G-07,0.7586825512579325,1
TCGA-L9-A8F4-01A-11R-A39D-07,0.8077172915407411,1
TCGA-13-0887-01A-01R-1564-13,0.579335469214228,0
TCGA-BH-A1FR-01A-11R-A13Q-07,0.7768179178261703,1
TCGA-BP-4981-01A-01R-1334-07,0.36525633963914494,1
TCGA-DV-5574-01A-01R-1541-07,0.48452472832617205,1
TCGA-AA-3696-01A-01R-0905-07,0.8424584781025198,1
TCGA-DD-A115-01A-11R-A131-07,0.43827272148213126,1
TCGA-98-A53B-01A-11R-A262-07,0.7656121060828355,1
TCGA-FB-A5VM-01A-11R-A32O-07,0.898175705140701,0
TCGA-AK-3425-01A-02R-1277-07,0.6336435156554453,1
TCGA-CW-5581-01A-02R-1541-07,0.5623397839192895,0
TCGA-5P-A9K4-01A-11R-A42S-07,0.41608801317096217,1
TCGA-HE-A5NK-01A-11R-A26U-07,0.6257790376563113,1
TCGA-B9-A8YI-01A-21R-A37K-07,0.4131022261106842,1
TCGA-HZ-8001-01A-11R-2204-07,0.8270283601121883,1
TCGA-AC-A2FF-01A-11R-A17B-07,0.5733135080019921,0
TCGA-EJ-5512-01A-01R-1580-07,0.357253396092787,1
TCGA-68-8251-01A-11R-2296-07,0.660180264218376,1
TCGA-C8-A27B-01A-11R-A169-07,0.7938010654128062,1
TCGA-GF-A769-01A-32R-A32P-07,0.44988379184613986,1
TCGA-ZP-A9CZ-01A-11R-A38B-07,0.47312463377926395,1
TCGA-24-1845-01A-01R-1567-13,0.6880933128933269,1
TCGA-29-A5NZ-01A-11R-A406-31,0.6455830575904361,1
TCGA-5P-A9KC-01A-11R-A42S-07,0.7685117066898607,0
TCGA-ZG-A9LY-01A-11R-A41O-07,0.8363079014302981,0
TCGA-13-0890-01A-01R-1564-13,0.6073511023459729,1
TCGA-EW-A1J3-01A-11R-A13Q-07,0.5553677046993218,1
TCGA-ED-A4XI-01A-11R-A266-07,0.30910873756470086,1
TCGA-23-1027-01A-02R-1564-13,0.5760895456233237,1
TCGA-A2-A0CV-01A-31R-A115-07,0.7139206305729786,1
TCGA-B0-5703-01A-11R-1541-07,0.7300836697711816,1
TCGA-BH-A18P-01A-11R-A12D-07,0.6847487667862363,1
TCGA-60-2703-01A-11R-2045-07,0.6652851751195317,1
TCGA-DD-AAD6-01A-11R-A41C-07,0.5254899691957992,1
TCGA-5P-A9KA-01A-11R-A42S-07,0.3930932326104847,1
TCGA-IB-7652-01A-11R-2156-07,0.7855101439119305,1
TCGA-97-A4M0-01A-11R-A24X-07,0.691933845009933,1
TCGA-LN-A4A9-01A-11R-A28J-31,0.9741088790757957,1
TCGA-58-A46M-01A-11R-A24H-07,0.66527995366016,1
TCGA-DD-AADM-01A-11R-A41C-07,0.1675184567131285,1
TCGA-K7-A6G5-01A-11R-A311-07,0.26414288365096,1
TCGA-55-8204-01A-11R-2241-07,0.8440727236516982,1
TCGA-B4-5834-01A-11R-1672-07,0.3035375878721314,1
TCGA-69-7764-01A-11R-2170-07,0.7745289245201633,0
TCGA-A3-3380-01A-01R-0864-07,0.4375636283977602,1
TCGA-MF-A522-01A-11R-A262-07,0.6957884149628234,1
TCGA-FB-AAPY-01A-11R-A41B-07,0.6410197137613906,1
TCGA-HC-8260-01A-11R-2263-07,0.5406797185856613,1
TCGA-35-3615-01A-01R-0946-07,0.6881026080630275,1
TCGA-BF-AAOX-01A-11R-A39D-07,0.2570434328332611,0
TCGA-49-4510-01A-01R-1206-07,0.6907818539629412,1
TCGA-55-7726-01A-11R-2170-07,0.7339467717628059,1
TCGA-D5-6536-01A-11R-1723-07,0.8628601912470132,1
TCGA-43-A56U-01A-11R-A26W-07,0.6959866992639172,0
TCGA-EP-A3JL-01A-11R-A213-07,0.27007982542557346,1
TCGA-HC-8258-01A-11R-2263-07,0.4557477061352973,1
TCGA-Z6-A9VB-01A-21R-A37I-31,0.9833076911340116,1
TCGA-V1-A9O5-01A-11R-A41O-07,0.9344752721701445,1
TCGA-77-8146-01A-11R-2247-07,0.6404837492176743,1
TCGA-EU-5906-01A-11R-1672-07,0.2157735624122553,1
TCGA-34-2608-01A-02R-0851-07,0.36436448705232694,1
TCGA-LD-A7W6-01A-81R-A352-07,0.5685003962793612,1
TCGA-B8-4143-01A-01R-1188-07,0.7655095097262546,1
TCGA-BQ-5883-01A-11R-1592-07,0.8313887157324935,1
TCGA-V5-AASV-01A-11R-A38D-31,0.9833623216128238,1
TCGA-A7-A0D9-01A-31R-A056-07,0.8332242833076962,1
TCGA-A6-2676-01A-01R-0826-07,0.790900004760389,1
TCGA-DM-A1D7-01A-11R-A155-07,0.7774813557617796,0
TCGA-B6-A3ZX-01A-11R-A239-07,0.7858914602972286,0
TCGA-05-4402-01A-01R-1206-07,0.7578269119674832,1
TCGA-AA-3555-01A-01R-0821-07,0.8092757430903881,0
TCGA-G3-A7M7-01A-12R-A352-07,0.3122236682362697,1
TCGA-A3-3351-01A-02R-1325-07,0.20343796064757225,1
TCGA-EB-A4IQ-01A-12R-A266-07,0.4680579437785873,1
TCGA-CJ-4907-01A-01R-1426-07,0.4035706264536978,1
TCGA-B8-5163-01A-01R-1420-07,0.547324373976823,0
TCGA-AQ-A1H3-01A-31R-A13Q-07,0.6211248533824044,1
TCGA-52-7811-01A-11R-2125-07,0.5771443324956557,0
TCGA-AR-A250-01A-31R-A169-07,0.7246231618764156,1
TCGA-J9-A8CK-01A-11R-A352-07,0.7548698399166751,1
TCGA-A2-A04U-01A-11R-A115-07,0.8632938726747744,1
TCGA-77-6843-01A-11R-1949-07,0.6724758583052631,1
TCGA-EW-A6SD-01A-12R-A33J-07,0.8433898426242158,1
TCGA-BH-A0B5-01A-11R-A12P-07,0.6734036539625915,1
TCGA-29-2425-01A-01R-1569-13,0.6976860979670839,1
TCGA-AA-3972-01A-01R-1022-07,0.5791297330297155,1
TCGA-B6-A0IK-01A-12R-A056-07,0.8386259834815233,1
TCGA-V1-A8MJ-01A-11R-A36G-07,0.7447593837458212,0
TCGA-B0-5707-01A-11R-1541-07,0.8479914055337499,1
TCGA-13-1409-01A-01R-1565-13,0.6270704988286806,1
TCGA-HC-7817-01B-11R-A29R-07,0.8456848419405074,1
TCGA-LN-A4MR-01A-11R-A28J-31,0.9771174701529626,0
TCGA-CM-4747-01A-01R-1410-07,0.39172436844354225,1
TCGA-BP-5192-01A-01R-1426-07,0.3289792666619838,1
TCGA-CC-A7IF-01A-11R-A33J-07,0.434411839650675,1
TCGA-75-6212-01A-11R-1755-07,0.7515568137762672,1
TCGA-61-2095-01A-01R-1568-13,0.4152981503630568,1
TCGA-BP-4992-01A-01R-1334-07,0.40832862891304755,1
TCGA-KK-A6E7-01A-11R-A31N-07,0.8490777888615038,1
TCGA-24-1469-01A-01R-1566-13,0.6203609286878563,1
TCGA-DD-A73B-01A-12R-A32O-07,0.4742135288744452,1
TCGA-LN-A9FQ-01A-31R-A38D-31,0.9826656265119723,0
TCGA-J2-A4AG-01A-11R-A24H-07,0.6861090423398544,0
TCGA-G6-A8L8-01A-21R-A37O-07,0.4970623406070275,0
TCGA-A2-A0CS-01A-11R-A115-07,0.6690505917772189,1
TCGA-DD-AACA-01A-11R-A41C-07,0.5290418654201597,1
TCGA-A2-A0CZ-01A-11R-A034-07,0.7022086913863269,0
TCGA-23-1110-01A-01R-1564-13,0.6127402888533114,1
TCGA-E2-A150-01A-11R-A12D-07,0.8710467899146109,1
TCGA-A6-6142-01A-11R-1774-07,0.7380175546974448,0
TCGA-AO-A124-01A-11R-A10J-07,0.8086858149002893,1
TCGA-NC-A5HJ-01A-11R-A26W-07,0.7860435508742667,0
TCGA-85-8352-01A-31R-2326-07,0.8663537123929442,1
TCGA-B8-5545-01A-01R-1672-07,0.44756600858789586,1
TCGA-DD-A118-01A-11R-A131-07,0.6168946607905994,1
TCGA-NJ-A4YP-01A-11R-A262-07,0.8059385883871132,1
TCGA-94-7557-01A-11R-2125-07,0.7443483652111922,0
TCGA-78-7156-01A-11R-2039-07,0.5725694963518544,1
TCGA-BH-A0HP-01A-12R-A084-07,0.8274846562459278,1
TCGA-B1-A656-01A-11R-A31O-07,0.4009711926949927,1
TCGA-39-5037-01A-01R-1443-07,0.5824393632598511,0
TCGA-CJ-4892-01A-01R-1305-07,0.3445364516631255,1
TCGA-55-1592-01A-01R-0946-07,0.8212453048953109,0
TCGA-E2-A1L7-01A-11R-A144-07,0.8105100298903486,1
TCGA-49-4512-01A-21R-1858-07,0.7197677218518471,1
TCGA-A1-A0SH-01A-11R-A084-07,0.586261796384563,1
TCGA-G9-6339-01A-12R-A311-07,0.6071081048167846,0
TCGA-67-3771-01A-01R-0946-07,0.845764400321327,0
TCGA-J7-6720-01A-11R-2139-07,0.4089327786505411,1
TCGA-C8-A12O-01A-11R-A115-07,0.784872537845619,1
TCGA-CH-5741-01A-11R-1580-07,0.724997857100534,1
TCGA-EJ-A8FU-01A-11R-A36G-07,0.5112713666122612,1
TCGA-B0-4849-01A-01R-1277-07,0.3831111893074982,1
TCGA-HC-A76W-01A-11R-A33R-07,0.8802862257731661,1
TCGA-CC-A8HT-01A-11R-A36F-07,0.5805934203301368,1
TCGA-G4-6320-01A-11R-1723-07,0.7939944472126067,1
TCGA-BP-4763-01A-01R-1289-07,0.7059477790797619,1
TCGA-A8-A097-01A-11R-A034-07,0.8205451421100062,0
TCGA-73-4662-01A-01R-1206-07,0.72616942265419,0
TCGA-RC-A7SH-01A-11R-A38B-07,0.5485390341796638,1
TCGA-09-1661-01B-01R-1566-13,0.7360820579800769,0
TCGA-66-2766-01A-01R-0851-07,0.6135073154692846,1
TCGA-A2-A3XZ-01A-42R-A239-07,0.8319576193479931,1
TCGA-36-1581-01A-01R-1566-13,0.7898158279122812,0
TCGA-CH-5789-01A-11R-1580-07,0.38864668496008675,1
TCGA-BH-A1F0-01A-11R-A137-07,0.72787821425339,1
TCGA-91-6847-01A-11R-1949-07,0.8773714028656326,1
TCGA-52-7809-01A-21R-2125-07,0.7943380408788688,1
TCGA-BD-A3ER-01A-11R-A213-07,0.3242858749655567,1
TCGA-13-1511-01A-01R-1565-13,0.7596860785332049,1
TCGA-21-1079-01A-01R-0692-07,0.632563547074192,1
TCGA-BH-A18V-01A-11R-A12D-07,0.8217693068497472,1
TCGA-F4-6569-01A-11R-1774-07,0.838811154282426,1
TCGA-66-2781-01A-01R-0851-07,0.6900420728580267,1
TCGA-G3-A5SK-01A-11R-A27V-07,0.46078177435960144,0
TCGA-AC-A62V-01A-11R-A31O-07,0.6906604285277608,1
TCGA-BP-5195-01A-02R-1426-07,0.35736961075528945,1
TCGA-A8-A0A1-01A-11R-A00Z-07,0.6594771605103806,1
TCGA-38-4629-01A-02R-1206-07,0.5626376902683969,1
TCGA-AC-A5EH-01A-11R-A28M-07,0.8481090592587773,1
TCGA-M7-A721-01A-12R-A32O-07,0.5572327239247898,1
TCGA-23-1028-01A-01R-1564-13,0.6531073228896552,1
TCGA-AZ-5407-01A-01R-1723-07,0.6584708237147254,1
TCGA-56-8625-01A-11R-2403-07,0.6972270102644316,0
TCGA-NC-A5HM-01A-12R-A26W-07,0.6399788954660022,0
TCGA-58-A46L-01A-11R-A24H-07,0.7701344365808248,1
TCGA-B6-A0IH-01A-11R-A115-07,0.6043802130299089,1
TCGA-77-A5FZ-01A-31R-A27Q-07,0.5294680496619166,1
TCGA-CK-4947-01B-11R-1653-07,0.6713044338391906,1
TCGA-AC-A2QI-01A-12R-A19W-07,0.7741109388636626,1
TCGA-G3-AAV4-01A-11R-A38B-07,0.47567772367787947,1
TCGA-93-7347-01A-11R-2187-07,0.5525913649739392,1
TCGA-LL-A73Z-01A-11R-A32P-07,0.8274078620443766,1
TCGA-AC-A2BK-01A-11R-A21T-07,0.8540739179609617,1
TCGA-25-1315-01A-01R-1565-13,0.5778309989198078,1
TCGA-A2-A0T2-01A-11R-A084-07,0.7809587618256721,1
TCGA-P4-A5E7-01A-31R-A28H-07,0.459162993041183,1
TCGA-E2-A574-01A-11R-A29R-07,0.8368737752161592,1
TCGA-09-2051-01A-01R-1568-13,0.7418659591937978,1
TCGA-S3-A6ZH-01A-22R-A32P-07,0.7794634709687998,1
TCGA-AA-3548-01A-01R-1873-07,0.512907268670225,0
TCGA-B9-A8YH-01A-11R-A37K-07,0.20115139153851322,1
TCGA-AA-3971-01A-01R-1022-07,0.6044714024574127,1
TCGA-BP-5169-01A-01R-1426-07,0.6611178981403774,1
TCGA-A2-A3XW-01A-11R-A239-07,0.6980338426149508,1
TCGA-AU-3779-01A-01R-1723-07,0.8119125883984825,1
TCGA-21-1071-01A-01R-0692-07,0.5090373065331611,1
TCGA-2L-AAQE-01A-11R-A39D-07,0.89299498103816,1
TCGA-78-7143-01A-11R-2039-07,0.6261676398374998,1
TCGA-CM-5863-01A-21R-1839-07,0.707636390174958,1
TCGA-85-8288-01A-11R-2296-07,0.7012693900155282,0
TCGA-CC-5259-01A-31R-A213-07,0.6398800179126181,1
TCGA-22-5480-01A-01R-1635-07,0.6858922774414173,1
TCGA-DW-7963-01B-11R-A28H-07,0.26750958053444224,1
TCGA-A1-A0SN-01A-11R-A144-07,0.7813911024221657,1
TCGA-V1-A8X3-01A-11R-A37L-07,0.6482783473374346,1
TCGA-E9-A22D-01A-11R-A157-07,0.7643262076348546,0
TCGA-B0-5075-01A-01R-1334-07,0.5588588648558597,1
TCGA-AK-3433-01A-02R-1277-07,0.8019360349550266,1
TCGA-BP-4331-01A-01R-1289-07,0.3865657893214494,1
TCGA-ES-A2HT-01A-12R-A180-07,0.2536014152979858,1
TCGA-29-1766-01A-01R-1567-13,0.47748967284304794,1
TCGA-HZ-7926-01A-11R-2156-07,0.7749965852309209,0
TCGA-4L-AA1F-01A-11R-A41O-07,0.8702453529801953,1
TCGA-Q2-A5QZ-01A-11R-A28H-07,0.39353831033480663,1
TCGA-49-4490-01A-21R-1858-07,0.7298210702675737,1
TCGA-2Y-A9H2-01A-12R-A38B-07,0.751739980072096,1
TCGA-24-1923-01A-01R-1567-13,0.7086932985726336,0
TCGA-22-4595-01A-01R-1201-07,0.7179298205928611,1
TCGA-44-6147-01B-06R-A277-07,0.4977027918019234,1
TCGA-3A-A9I5-01A-11R-A38C-07,0.9301781568550185,1
TCGA-50-5933-01A-11R-1755-07,0.6908741770336179,1
TCGA-BP-4995-01A-01R-1334-07,0.009556268526860553,0
TCGA-A2-A1FV-01A-11R-A13Q-07,0.5779736727341324,1
TCGA-CZ-4866-01A-01R-1503-07,0.6051871830800204,1
TCGA-F4-6570-01A-11R-1774-07,0.8235523845132208,1
TCGA-BH-A0EI-01A-11R-A115-07,0.620198512330776,1
TCGA-AA-3713-01A-21R-1723-07,0.7776226517232209,1
TCGA-NI-A4U2-01A-11R-A28V-07,0.509806600768897,1
TCGA-DD-AADY-01A-11R-A41C-07,0.6132443784041308,1
TCGA-05-4405-01A-21R-1858-07,0.674201325204048,1
TCGA-EJ-8469-01A-11R-2403-07,0.757490293855747,1
TCGA-CK-5914-01A-11R-1653-07,0.56082018221955,1
TCGA-61-2104-01A-01R-1568-13,0.6117683571961695,0
TCGA-95-7562-01A-11R-2241-07,0.8386390822467376,0
TCGA-NK-A5CR-01A-11R-A26W-07,0.6433299319994357,1
TCGA-DD-AACU-01A-11R-A41C-07,0.4994565455395118,1
TCGA-DD-A119-01A-11R-A131-07,0.3632358674665169,1
TCGA-GM-A3NW-01A-21R-A22K-07,0.7630742690097092,1
TCGA-50-8459-01A-11R-2326-07,0.5081646220508801,1
TCGA-AO-A12C-01A-11R-A10J-07,0.7679329224854674,1
TCGA-CK-4950-01A-01R-1723-07,0.6045463436329374,1
TCGA-55-6987-01A-11R-1949-07,0.6906499705224497,1
TCGA-G3-A7M6-01A-11R-A33R-07,0.7671222873812614,0
TCGA-EW-A3E8-01B-11R-A24H-07,0.619127108654512,1
TCGA-AO-A0JB-01A-11R-A32Y-07,0.733011068162024,1
TCGA-EJ-A8FO-01A-21R-A36G-07,0.398050643682553,1
TCGA-CM-6168-01A-11R-1653-07,0.710853884317336,1
TCGA-J4-8198-01A-11R-2263-07,0.6010014181690422,1
TCGA-YL-A8SA-01A-21R-A37L-07,0.680948550142392,1
TCGA-CJ-5679-01A-11R-1541-07,0.6030654557579177,1
TCGA-LL-A7SZ-01A-32R-A352-07,0.5798369562597153,1
TCGA-CM-6677-01A-11R-1839-07,0.6986829233775101,1
TCGA-BP-4973-01A-01R-1334-07,0.37325059998789845,1
TCGA-2L-AAQJ-01A-12R-A39D-07,0.7872702234595568,0
TCGA-09-0367-01A-01R-1564-13,0.5028561936298795,1
TCGA-BQ-7044-01A-11R-1965-07,0.6045480820954,0
TCGA-B0-4813-01A-01R-1277-07,0.8158510899527084,0
TCGA-24-1104-01A-01R-1565-13,0.6757485013770622,1
TCGA-HC-A6HY-01A-11R-A31N-07,0.38399694634422704,0
TCGA-L5-A8NK-01A-21R-A37I-31,0.9816844559515271,1
TCGA-31-1953-01A-01R-1568-13,0.575429024198373,1
TCGA-BH-A8FY-01A-11R-A36F-07,0.7337078873203745,1
TCGA-B0-5107-01A-01R-1420-07,0.7522612201084272,1
TCGA-09-1673-01A-01R-1566-13,0.7631681512659861,1
TCGA-CH-5764-01A-21R-1580-07,0.44011555737820834,1
TCGA-2H-A9GN-01A-11R-A37I-31,0.9739862777815975,1
TCGA-23-1024-01A-02R-1564-13,0.6992918769587954,1
TCGA-B8-5549-01A-01R-1541-07,0.43767733721053553,1
TCGA-GL-8500-01A-11R-2404-07,0.29942271855363806,1
TCGA-KK-A8IM-01A-11R-A36G-07,0.5676071187543164,1
TCGA-BH-A0BQ-01A-21R-A115-07,0.6119916417377891,1
TCGA-G3-A6UC-01A-21R-A33J-07,0.2865284809916774,1
TCGA-20-1687-01A-01R-1566-13,0.6836234686858231,1
TCGA-AC-A2QH-01A-11R-A18M-07,0.8811003031095097,1
TCGA-DM-A28M-01A-12R-A16W-07,0.687306099836209,1
TCGA-13-0899-01A-01R-1564-13,0.6212607785888871,1
TCGA-2Y-A9GW-01A-11R-A38B-07,0.349693256175088,1
TCGA-2A-A8VT-01A-11R-A37L-07,0.8375272534991741,1
TCGA-D5-6922-01A-11R-1928-07,0.6912769778072092,1
TCGA-24-1847-01A-01R-1566-13,0.6276329509765195,1
TCGA-AC-A2FO-01A-11R-A180-07,0.7506887854088022,1
TCGA-UB-A7MC-01A-11R-A33R-07,0.5243772387509444,0
TCGA-MP-A4TK-01A-11R-A24X-07,0.6722763267404442,1
TCGA-04-1542-01A-01R-1566-13,0.6248999294980131,1
TCGA-EW-A1P8-01A-11R-A144-07,0.773136981243987,1
TCGA-G7-7501-01A-11R-2204-07,0.7776386507007524,0
TCGA-A2-A0D0-01A-11R-A00Z-07,0.8604166303775515,1
TCGA-HC-7079-01A-11R-1965-07,0.6094904484504018,1
TCGA-KK-A8IA-01A-11R-A36G-07,0.7149060670583767,1
TCGA-D5-6529-01A-11R-1774-07,0.7625001825686627,1
TCGA-G4-6304-01A-11R-1928-07,0.7418512149267819,0
TCGA-BH-A0HB-01A-11R-A056-07,0.792620085053032,1
TCGA-CJ-4882-01A-02R-1426-07,0.5732178417622955,1
TCGA-24-1435-01A-01R-1566-13,0.6355301101668441,1
TCGA-AA-3492-01A-01R-1410-07,0.768600269893085,1
TCGA-IZ-8196-01A-11R-2404-07,0.31814193755090414,1
TCGA-UB-A7ME-01A-11R-A33J-07,0.5518481870428202,1
TCGA-6A-AB49-01A-12R-A405-07,0.7887077454721333,0
TCGA-63-7021-01A-11R-1949-07,0.622448769579063,1
TCGA-A2-A0EN-01A-13R-A084-07,0.6895827060058605,1
TCGA-A8-A0A2-01A-11R-A034-07,0.6811346593204135,1
TCGA-DD-AACX-01A-11R-A41C-07,0.49562540480904943,1
TCGA-E2-A14O-01A-31R-A115-07,0.6590928548461792,1
TCGA-AA-3695-01A-01R-0905-07,0.9287861713368394,1
TCGA-A2-A0EM-01A-11R-A034-07,0.6731604158379265,1
TCGA-AA-3549-01A-02R-0821-07,0.6691805570822394,1
TCGA-ED-A7XP-01A-11R-A352-07,0.6341331487181755,1
TCGA-97-7938-01A-11R-2170-07,0.4945001972857392,1
TCGA-23-1122-01A-01R-1565-13,0.6271788408375076,1
TCGA-AA-A01I-01A-02R-A089-07,0.6216789969054872,1
TCGA-ZS-A9CG-01A-11R-A37K-07,0.3639329551368927,1
TCGA-A7-A0DA-01A-31R-A115-07,0.8384278088937286,1
TCGA-29-1701-01A-01R-1567-13,0.46462172716134775,1
TCGA-LN-A4A6-01A-11R-A260-31,0.9840172258734032,1
TCGA-2H-A9GQ-01A-11R-A37I-31,0.977993995063845,1
TCGA-B8-4620-01A-02R-1325-07,0.7029526113086807,1
TCGA-B0-4718-01A-01R-1277-07,0.5729264308296946,0
TCGA-AA-3861-01A-01R-1022-07,0.5658966080310232,1
TCGA-D5-6932-01A-11R-1928-07,0.6454878892910583,1
TCGA-55-8091-01A-11R-2241-07,0.70917649432591,1
TCGA-64-1681-01A-11R-2066-07,0.7067903028551092,1
TCGA-VR-AA7I-01A-11R-A406-31,0.9779931042077118,1
TCGA-AZ-4308-01A-01R-1410-07,0.23733311300863302,1
TCGA-13-1403-01A-01R-1565-13,0.664644502847968,1
TCGA-AL-3471-01A-02R-1351-07,0.32741125535407717,0
TCGA-23-2078-01A-01R-1568-13,0.6322226365272285,0
TCGA-25-2409-01A-01R-1569-13,0.6294183925504491,1
TCGA-BH-A0W7-01A-11R-A115-07,0.780956894013501,0
TCGA-DM-A1D6-01A-21R-A155-07,0.7078535802367095,1
TCGA-13-1512-01A-01R-1565-13,0.7429421124759772,1
TCGA-23-1111-01A-01R-1567-13,0.7171077598673178,1
TCGA-43-6647-01A-11R-1820-07,0.5414096499194473,1
TCGA-85-7698-01A-11R-2125-07,0.41202934297745364,1
TCGA-MW-A4EC-01A-11R-A266-07,0.4382288072892511,0
TCGA-58-A46J-01A-11R-A24H-07,0.7489866497797588,1
TCGA-DD-AAVX-01A-11R-A41C-07,0.43592573994101896,1
TCGA-29-1777-01A-01R-1567-13,0.417428243814634,1
TCGA-A2-A3XX-01A-21R-A239-07,0.8130706027459366,1
TCGA-55-7725-01A-11R-2170-07,0.4733402825692532,0
TCGA-BH-A0DP-01A-21R-A056-07,0.6854252737672203,1
TCGA-PD-A5DF-01A-11R-A27V-07,0.5634338498184599,1
TCGA-77-7465-01A-11R-2045-07,0.7254972677797574,1
TCGA-A6-5659-01A-01R-A278-07,0.6853238018330937,0
TCGA-A8-A08G-01A-11R-A00Z-07,0.7562447944016133,1
TCGA-39-5029-01A-01R-1443-07,0.7635270594568435,1
TCGA-DD-AAVQ-01A-11R-A41C-07,0.4655337248314281,1
TCGA-BH-A0DK-01A-21R-A056-07,0.7576953992394737,0
TCGA-AC-A2QJ-01A-12R-A19W-07,0.5490883971413022,1
TCGA-BP-4799-01A-01R-1305-07,0.7621784881430054,1
TCGA-18-3415-01A-01R-0980-07,0.4654303511870576,1
TCGA-22-A5C4-01A-12R-A27Q-07,0.818131367243572,1
TCGA-Y8-A896-01A-11R-A36F-07,0.7854287141620433,1
TCGA-AC-A2FG-01A-11R-A17B-07,0.5884064966484416,1
TCGA-CW-5584-01A-01R-1541-07,0.4669557143943635,1
TCGA-58-8387-01A-11R-2296-07,0.6422620439591546,0
TCGA-55-7724-01A-11R-2170-07,0.5906285120366354,1
TCGA-AO-A12B-01A-11R-A10J-07,0.7849373164805502,0
TCGA-KC-A7F3-01A-21R-A33R-07,0.6218497754476654,1
TCGA-49-4514-01A-21R-1858-07,0.7514732271469443,1
TCGA-A8-A09N-01A-11R-A00Z-07,0.7623489933290569,0
TCGA-C8-A12W-01A-11R-A115-07,0.7401041535911531,0
TCGA-BP-4797-01A-01R-1305-07,0.5325546789086097,1
TCGA-G3-A7M9-01A-23R-A352-07,0.6755045505120787,1
TCGA-55-7815-01A-11R-2170-07,0.34484008259667387,1
TCGA-EJ-A8FP-01A-21R-A36G-07,0.3774397975514975,1
TCGA-AN-A0FT-01A-11R-A034-07,0.7748659677311308,1
TCGA-A2-A25A-01A-12R-A16F-07,0.44256673439402316,1
TCGA-33-4547-01A-01R-1201-07,0.6817435243609296,1
TCGA-G9-7523-01A-11R-2263-07,0.6512576936549116,0
TCGA-KK-A8II-01A-11R-A36G-07,0.7529206069003633,1
TCGA-09-2048-01A-01R-1568-13,0.551968645100879,1
TCGA-B0-4824-01A-01R-1277-07,0.451226551736487,1
TCGA-BH-A0DH-01A-11R-A084-07,0.8228997289212062,1
TCGA-55-8615-01A-11R-2403-07,0.7903133670284189,1
TCGA-78-8648-01A-11R-2403-07,0.5148753990539547,1
TCGA-05-4426-01A-01R-1206-07,0.8267764747039923,0
TCGA-CW-6087-01A-11R-1672-07,0.7942962681973244,1
TCGA-BH-A2L8-01A-11R-A18M-07,0.8077991778698541,1
TCGA-64-1680-01A-02R-0946-07,0.6615555822590791,1
TCGA-ER-A19T-01A-11R-A18T-07,0.6219762781268484,1
TCGA-IB-7891-01A-11R-2204-07,0.6088876047911683,0
TCGA-SX-A7SN-01A-11R-A355-07,0.2679559415654109,1
TCGA-EJ-7793-01A-31R-2263-07,0.37097913023581763,1
TCGA-23-1118-01A-01R-1564-13,0.6538197690683141,0
TCGA-AQ-A54N-01A-11R-A266-07,0.8196619237720822,1
TCGA-DD-AAW1-01A-11R-A41C-07,0.32817392409500384,1
TCGA-L5-A43E-01A-11R-A24K-31,0.968157079589753,1
TCGA-AA-A00O-01A-02R-A089-07,0.8889754540264451,1
TCGA-24-2261-01A-01R-1568-13,0.6640277810181829,1
TCGA-AA-3688-01A-01R-0905-07,0.6316297323915672,1
TCGA-UZ-A9PV-01A-11R-A42S-07,0.3178351378673054,1
TCGA-37-A5EN-01A-21R-A26W-07,0.6601174927646737,1
TCGA-09-2053-01C-01R-1568-13,0.630575591840399,1
TCGA-EW-A1J5-01A-11R-A13Q-07,0.6671785660922004,1
TCGA-IB-AAUQ-01A-22R-A41I-07,0.7839789680177257,1
TCGA-A2-A0SX-01A-12R-A084-07,0.8290126835908249,1
TCGA-H8-A6C1-01A-11R-A32O-07,0.8625524396455329,1
TCGA-P4-AAVO-01A-11R-A42S-07,0.5968423191009649,1
TCGA-A7-A6VY-01A-12R-A33J-07,0.7922635222658394,0
TCGA-BP-5177-01A-01R-1426-07,0.6155941108168104,1
TCGA-37-4141-01A-02R-1100-07,0.7159502998992243,1
TCGA-85-8355-01A-11R-2296-07,0.6838822039556416,1
TCGA-60-2719-01A-01R-0851-07,0.7325277726562126,1
TCGA-AA-A01C-01A-01R-A00A-07,0.4911881031598754,0
TCGA-G9-6329-01A-13R-1965-07,0.6950233522183723,1
TCGA-BH-A0HK-01A-11R-A056-07,0.8879447248547667,1
TCGA-34-5239-01A-21R-1820-07,0.521930659719082,1
TCGA-NC-A5HH-01A-11R-A26W-07,0.7903551380440038,1
TCGA-NC-A5HK-01A-11R-A26W-07,0.8225700282141414,1
TCGA-69-7973-01A-11R-2187-07,0.7913824695417685,1
TCGA-77-8128-01A-11R-2247-07,0.46074124061783567,1
TCGA-B0-5700-01A-11R-1541-07,0.3386356850131697,0
TCGA-IB-8126-01A-11R-2404-07,0.7605177651869262,1
TCGA-QL-A97D-01A-12R-A41B-07,0.664714844377214,1
TCGA-XR-A8TC-01A-11R-A36F-07,0.47267972741691505,1
TCGA-63-A5MU-01A-11R-A26W-07,0.6292888754062789,1
TCGA-B8-A54F-01A-11R-A266-07,0.5335690846391506,1
TCGA-78-7220-01A-11R-2039-07,0.8282236694924763,0
TCGA-97-8176-01A-11R-2403-07,0.80572928730687,1
TCGA-G4-6293-01A-11R-1723-07,0.7189921276623734,0
TCGA-05-5715-01A-01R-1628-07,0.6789364146626611,1
TCGA-E2-A1IF-01A-11R-A144-07,0.6897269678063485,0
TCGA-AC-A3YI-01A-21R-A239-07,0.5528198196697208,0
TCGA-2J-AAB6-01A-11R-A41B-07,0.8759750090140108,1
TCGA-B1-A47N-01A-11R-A24Z-07,0.17932572826312837,1
TCGA-D8-A1JL-01A-11R-A13Q-07,0.7975925921214563,1
TCGA-SS-A7HO-01A-21R-A37K-07,0.7266766778193405,0
TCGA-58-8390-01A-11R-2326-07,0.7428169272114855,1
TCGA-85-8582-01A-21R-2403-07,0.6855311213507754,1
TCGA-J9-A8CL-01A-11R-A352-07,0.8867834619925182,1
TCGA-BQ-5888-01A-11R-1592-07,0.8067965563402832,1
TCGA-GM-A2DF-01A-11R-A180-07,0.8480250606124885,0
TCGA-CJ-4891-01A-01R-1305-07,0.7051937290575837,1
TCGA-E2-A14R-01A-11R-A115-07,0.841162975997986,0
TCGA-30-1853-01A-02R-1567-13,0.6418593389886329,0
TCGA-EV-5903-01A-11R-1592-07,0.44250102159193105,1
TCGA-G9-6353-01A-11R-1965-07,0.2632832908007019,1
TCGA-BC-A110-01A-11R-A131-07,0.5167764048397561,1
TCGA-04-1648-01A-01R-1567-13,0.8072125787335409,0
TCGA-55-6983-01A-11R-1949-07,0.6895420378253234,1
TCGA-WX-AA44-01A-11R-A39D-07,0.6142724969295881,1
TCGA-C8-A132-01A-31R-A115-07,0.8139453935314734,1
TCGA-A2-A0CU-01A-12R-A034-07,0.7994392182838891,0
TCGA-46-3769-01A-01R-0980-07,0.7796932986108027,1
TCGA-PE-A5DC-01A-12R-A27Q-07,0.8296710108097306,0
TCGA-2J-AAB9-01A-11R-A41B-07,0.7595196233073547,1
TCGA-21-1083-01A-01R-0692-07,0.834839646060793,0
TCGA-E2-A15F-01A-11R-A115-07,0.8071544061386997,1
TCGA-BH-A1F5-01A-12R-A13Q-07,0.4454401859184222,1
TCGA-EW-A1P4-01A-21R-A144-07,0.8643643304585351,1
TCGA-29-1778-01A-01R-1567-13,0.6937073445148266,1
TCGA-30-1718-01A-01R-1567-13,0.6457259407919281,1
TCGA-86-8074-01A-11R-2241-07,0.7360070719919616,1
TCGA-A6-6782-01A-11R-1839-07,0.794132714138273,1
TCGA-IA-A83V-01A-11R-A355-07,0.4090756101005853,1
TCGA-KK-A6E5-01A-11R-A311-07,0.5466316646627968,1
TCGA-L9-A5IP-01A-21R-A39D-07,0.8055739466733012,1
TCGA-58-8391-01A-11R-2326-07,0.6591131392019481,1
TCGA-KK-A8IK-01A-11R-A36G-07,0.8330112199800511,1
TCGA-F4-6807-01A-11R-1839-07,0.707691803552953,1
TCGA-EJ-5516-01A-01R-1580-07,0.37276672726256455,1
TCGA-85-8350-01A-11R-2296-07,0.7082861711297797,0
TCGA-KK-A7AZ-01A-12R-A32O-07,0.7873100763124581,0
TCGA-DW-7842-01A-11R-A32Z-07,0.22884985534324728,1
TCGA-OL-A6VQ-01A-12R-A41B-07,0.4715684115671859,1
TCGA-31-1946-01A-01R-1568-13,0.6788795856050788,1
TCGA-AZ-6606-01A-11R-1839-07,0.7338992468190221,0
TCGA-DD-AAD1-01A-11R-A41C-07,0.5956305142416213,1
TCGA-A2-A0CO-01A-13R-A22K-07,0.4295985776477627,1
TCGA-CM-4750-01A-01R-1410-07,0.46621877087139696,0
TCGA-AC-A4ZE-01A-11R-A41B-07,0.7981552842321658,1
TCGA-BP-4327-01A-01R-1289-07,0.501725870553931,1
TCGA-UZ-A9PX-01A-11R-A42S-07,0.19286682337010685,1
TCGA-BH-A0B9-01A-11R-A056-07,0.8284215541008761,1
TCGA-FB-AAQ0-01A-31R-A41B-07,0.807555240917526,1
TCGA-A8-A09K-01A-11R-A00Z-07,0.6871599230475384,1
TCGA-55-1595-01A-01R-0946-07,0.8217576719007009,0
TCGA-J4-A83K-01A-11R-A352-07,0.27502840055147787,0
TCGA-A2-A1G4-01A-11R-A13Q-07,0.7527625643740056,1
TCGA-A2-A04T-01A-21R-A034-07,0.7870576753451091,0
TCGA-V1-A8MK-01A-11R-A36G-07,0.3789269124053296,1
TCGA-AN-A03X-01A-21R-A00Z-07,0.7659961572666699,1
TCGA-97-7547-01A-11R-2039-07,0.7396775276546361,1
TCGA-AD-6889-01A-11R-1928-07,0.7913708350826398,1
TCGA-KK-A7AW-01A-11R-A32O-07,0.43181698493830617,0
TCGA-AO-A03N-01B-11R-A10J-07,0.6889275383661331,0
TCGA-EJ-5530-01A-01R-1580-07,0.3056806132473535,1
TCGA-P4-AAVM-01A-11R-A42S-07,0.26292060331661604,0
TCGA-66-2778-01A-02R-0851-07,0.4191963899344603,1
TCGA-HC-A6AP-01A-11R-A30B-07,0.3282575480738119,1
TCGA-Z6-AAPN-01A-11R-A406-31,0.9846228446012244,1
TCGA-CJ-4886-01A-01R-1305-07,0.13977064258970515,1
TCGA-BP-4769-01A-01R-1289-07,0.3732631059657551,1
TCGA-D8-A1XM-01A-21R-A14M-07,0.6485996959183645,1
TCGA-A7-A4SA-01A-11R-A266-07,0.8641617479449736,1
TCGA-LN-A7HZ-01A-31R-A354-31,0.987297706913408,0
TCGA-AR-A1AO-01A-11R-A12P-07,0.6643580260326556,1
TCGA-Y6-A9XI-01A-11R-A41O-07,0.6583704881491791,0
TCGA-31-1951-01A-01R-1568-13,0.6512465225528347,1
TCGA-25-1318-01A-01R-1565-13,0.6626605044132373,1
TCGA-B0-5099-01A-01R-1420-07,0.6369119532557259,1
TCGA-CH-5794-01A-11R-1580-07,0.7856274473766258,1
TCGA-BQ-5894-01A-11R-1592-07,0.7523474259777974,1
TCGA-CZ-4863-01A-01R-1503-07,0.5572569705163847,0
TCGA-DD-AADJ-01A-11R-A41C-07,0.3617693003841926,1
TCGA-B0-4845-01A-01R-1277-07,0.42055393133491736,0
TCGA-BC-A216-01A-11R-A155-07,0.6572179368233766,1
TCGA-CJ-4871-01A-01R-1305-07,0.5520439851020954,1
TCGA-B0-5710-01A-11R-1672-07,0.5631213327839484,1
TCGA-CH-5750-01A-11R-1580-07,0.7716957247135976,1
TCGA-DV-5566-01A-01R-1541-07,0.5407703784461626,1
TCGA-BC-A10X-01A-11R-A131-07,0.4626930648047675,1
TCGA-60-2721-01A-01R-0851-07,0.6019141050833078,1
TCGA-F2-7273-01A-11R-2156-07,0.6564192692411573,1
TCGA-05-4389-01A-01R-1206-07,0.7732494961086195,1
TCGA-A8-A083-01A-21R-A00Z-07,0.686402109475903,0
TCGA-EJ-7317-01A-31R-2118-07,0.2559065326230957,1
TCGA-24-2023-01A-01R-1567-13,0.7243867010967752,0
TCGA-B6-A0RM-01A-11R-A084-07,0.7571810979071231,0
TCGA-56-A5DS-01A-11R-A27Q-07,0.5215979677131322,1
TCGA-CJ-5672-01A-11R-1541-07,0.4860299960590752,1
TCGA-73-7498-01A-12R-2187-07,0.5849296212275055,1
TCGA-GM-A2DH-01A-11R-A180-07,0.7440436516934275,1
TCGA-A8-A082-01A-11R-A00Z-07,0.8103582311151474,0
TCGA-DD-A4NI-01A-11R-A27V-07,0.188308790736966,1
TCGA-G4-6626-01A-11R-1774-07,0.7531035244207648,0
TCGA-CH-5738-01A-11R-1580-07,0.5191434696693557,1
TCGA-79-5596-01A-31R-1949-07,0.5855784878923326,1
TCGA-A6-5656-01A-21R-A278-07,0.6023741229569028,1
TCGA-BP-4766-01A-01R-1289-07,0.5464765876723083,1
TCGA-XQ-A8TB-01A-11R-A36G-07,0.7672347912849112,1
TCGA-BP-4337-01A-01R-1289-07,0.7245375183172121,0
TCGA-G9-A9S4-01A-11R-A41O-07,0.8156802647753576,1
TCGA-CH-5762-01A-11R-1580-07,0.6384812982209803,1
TCGA-B0-5106-01A-01R-1420-07,0.5449403507704785,1
TCGA-V1-A9OX-01A-11R-A41O-07,0.39985724335025924,1
TCGA-DD-AADU-01A-11R-A41C-07,0.5179028074931437,0
TCGA-A3-3385-01A-02R-1420-07,0.5351620611674655,1
TCGA-90-7964-01A-21R-2187-07,0.7491165531043483,0
TCGA-55-7913-01B-11R-2241-07,0.8052695159613146,1
TCGA-AN-A0AJ-01A-11R-A00Z-07,0.847550809495694,1
TCGA-09-1670-01A-01R-1566-13,0.4973348647207263,1
TCGA-A4-7734-01A-11R-A32Z-07,0.42997207698863116,0
TCGA-55-7914-01A-11R-2170-07,0.8841333485595044,0
TCGA-77-7140-01A-41R-2045-07,0.7168250217303206,1
TCGA-VN-A943-01A-11R-A41O-07,0.4576855099459613,1
TCGA-B0-5108-01A-01R-1420-07,0.5310065870478485,1
TCGA-J9-A8CN-01A-11R-A352-07,0.6305793762305499,1
TCGA-13-1485-01A-02R-1565-13,0.6697903050556882,1
TCGA-33-AASL-01A-11R-A405-07,0.7240735213892044,1
TCGA-CC-5264-01A-01R-A131-07,0.7185195799263229,0
TCGA-CK-4952-01A-01R-1723-07,0.6972423021422286,1
TCGA-04-1530-01A-02R-1569-13,0.5425807491024062,0
TCGA-80-5608-01A-31R-1949-07,0.6883811704795716,1
TCGA-B1-A657-01A-11R-A31O-07,0.14140986015319115,1
TCGA-AA-3489-01A-21R-1839-07,0.7975222961997281,0
TCGA-OL-A66O-01A-11R-A31O-07,0.49898921644388927,1
TCGA-5L-AAT1-01A-12R-A41B-07,0.7692382602242436,1
TCGA-55-6986-01A-11R-1949-07,0.8560981191438264,1
TCGA-FB-A4P5-01A-11R-A26U-07,0.585394581095947,1
TCGA-AK-3428-01A-02R-1277-07,0.7273752517224499,1
TCGA-4T-AA8H-01A-11R-A41B-07,0.5985004225393208,1
TCGA-L5-A88Y-01A-11R-A354-31,0.9645037653900624,1
TCGA-VN-A88K-01A-11R-A352-07,0.8601366772505514,1
TCGA-58-A46N-01A-11R-A24H-07,0.6383092972365513,1
TCGA-YL-A9WH-01A-11R-A37L-07,0.9026880712618099,0
TCGA-44-6776-01A-11R-1858-07,0.6236226888042651,1
TCGA-97-A4M6-01A-11R-A24X-07,0.7121171081908995,0
TCGA-33-4583-01A-01R-1443-07,0.5633710736899871,1
TCGA-2Y-A9H9-01A-21R-A39D-07,0.3892145219211959,1
TCGA-D8-A27L-01A-11R-A16F-07,0.5184979578716905,1
TCGA-F4-6704-01A-11R-1839-07,0.8956771057163113,1
TCGA-63-A5MY-01A-11R-A26W-07,0.7643835370666606,1
TCGA-AA-3666-01A-02R-0905-07,0.6826368926835705,1
TCGA-A8-A08Z-01A-21R-A00Z-07,0.7240750272250503,0
TCGA-V1-A9Z9-01A-21R-A41O-07,0.6713874198662324,0
TCGA-3A-A9IR-01A-11R-A38C-07,0.9549460534677024,1
TCGA-24-1436-01A-01R-1566-13,0.6352278706229622,1
TCGA-BH-A0AU-01A-11R-A12P-07,0.8291163505855408,0
TCGA-G9-6379-01A-11R-A31N-07,0.19561429343542452,1
TCGA-DD-AADR-01A-11R-A41C-07,0.38932853569654563,1
TCGA-EB-A4OY-01A-11R-A266-07,0.2210861980686359,1
TCGA-63-A5MG-01A-12R-A27Q-07,0.6802875535284008,1
TCGA-BP-4341-01A-01R-1289-07,0.2528007427409544,1
TCGA-B8-5550-01A-01R-1541-07,0.6871971134878315,1
TCGA-50-5935-01A-11R-1755-07,0.6855101231349082,1
TCGA-D5-6929-01A-31R-1928-07,0.7941951197444795,0
TCGA-55-A48X-01A-11R-A24H-07,0.6016869876577472,0
TCGA-BH-A0HA-01A-11R-A12P-07,0.7228719960330776,1
TCGA-AD-5900-01A-11R-1653-07,0.8079254799147931,1
TCGA-50-5049-01A-01R-1628-07,0.54121736991408,1
TCGA-BH-A0B7-01A-12R-A115-07,0.8317577336739109,1
TCGA-33-AAS8-01A-11R-A405-07,0.6377750865256807,1
TCGA-BH-A0GZ-01A-11R-A056-07,0.7443665255322701,1
TCGA-LN-A4A1-01A-21R-A260-31,0.9822877181782275,0
TCGA-XK-AAIW-01A-11R-A41O-07,0.8578757107609736,1
TCGA-98-8021-01A-11R-2247-07,0.708045632380717,0
TCGA-B6-A0WX-01A-11R-A109-07,0.8226232307141395,0
TCGA-EB-A82B-01A-11R-A352-07,0.3365723353299207,1
TCGA-25-1324-01A-01R-1565-13,0.551888612240176,0
TCGA-13-1482-01A-01R-1565-13,0.6239534811703061,1
TCGA-KH-A6WC-01A-11R-A336-31,0.9824115712893653,1
TCGA-KC-A7FA-01A-21R-A33R-07,0.754355312582227,0
TCGA-B2-4098-01A-02R-1325-07,0.8212083243100178,0
TCGA-EJ-A7NH-01A-12R-A33R-07,0.36814766080694117,1
TCGA-CJ-5686-01A-11R-1672-07,0.5734901816890434,1
TCGA-V1-A8MU-01A-11R-A37L-07,0.5395182199602726,1
TCGA-67-3774-01A-01R-0946-07,0.6423686621514294,1
TCGA-93-8067-01A-11R-2287-07,0.8153858588468181,1
TCGA-CJ-4923-01A-01R-1426-07,0.6337744745847195,1
TCGA-G6-A8L6-01A-11R-A37O-07,0.32703091582012184,1
TCGA-EB-A5SF-01A-11R-A311-07,0.3688825445510108,0
TCGA-34-2600-01A-01R-0851-07,0.7831235043773217,0
TCGA-E9-A1NF-01A-11R-A14D-07,0.8377308532708783,1
TCGA-A8-A08L-01A-11R-A00Z-07,0.8140606026784095,1
TCGA-AO-A0J4-01A-11R-A034-07,0.8223946857710024,1
TCGA-55-8203-01A-11R-2241-07,0.7275404666346816,1
TCGA-LN-A49S-01A-11R-A24K-31,0.9850662461502453,1
TCGA-NC-A5HP-01A-11R-A26W-07,0.6718198606078688,1
TCGA-BH-A1FB-01A-11R-A13Q-07,0.3115438805980288,1
TCGA-53-A4EZ-01A-12R-A24X-07,0.8154089914315046,1
TCGA-69-7978-01A-11R-2187-07,0.5999782147864035,1
TCGA-UB-AA0U-01A-11R-A38B-07,0.43682091145912827,0
TCGA-44-7662-01A-11R-2066-07,0.7182763865319309,1
TCGA-E2-A14P-01A-31R-A12D-07,0.8095387126301927,1
TCGA-66-2770-01A-01R-0851-07,0.603140256100936,1
TCGA-GL-A4EM-01A-11R-A24Z-07,0.2769012552078656,0
TCGA-A3-3357-01A-02R-1420-07,0.6255123081800997,0
TCGA-AA-A01D-01A-01R-A00A-07,0.8621362290015456,1
TCGA-39-5040-01A-21R-2125-07,0.8923620737366355,0
TCGA-2Y-A9H6-01A-11R-A39D-07,0.5496864021129889,1
TCGA-38-6178-01A-11R-1755-07,0.7588007465116592,1
TCGA-G3-A25Z-01A-11R-A16W-07,0.34722243759655,0
TCGA-BH-A204-01A-11R-A157-07,0.6089981018952995,1
TCGA-AA-A01Z-01A-11R-A083-07,0.6641660609065607,1
TCGA-FB-AAPU-01A-31R-A41B-07,0.866769723330975,1
TCGA-18-3406-01A-01R-0980-07,0.5459798019487822,1
TCGA-HC-7742-01A-11R-2118-07,0.7425675056334268,1
TCGA-B0-4691-01A-01R-1277-07,0.5972003755232718,0
TCGA-18-3408-01A-01R-0980-07,0.5422248992499578,1
TCGA-A8-A07W-01A-11R-A00Z-07,0.745617107572847,1
TCGA-OL-A6VR-01A-32R-A33J-07,0.769911999560293,1
TCGA-CA-6718-01A-11R-1839-07,0.838129573238363,1
TCGA-04-1357-01A-01R-1565-13,0.6216777028757947,1
TCGA-X4-A8KS-01A-12R-A36G-07,0.5827266251442806,1
TCGA-EW-A2FR-01A-11R-A21T-07,0.7323626683954327,1
TCGA-A8-A0A9-01A-11R-A00Z-07,0.8145956966943236,1
TCGA-J4-A83N-01A-11R-A352-07,0.4579059213733289,0
TCGA-CJ-4872-01A-01R-1305-07,0.4240362232992786,1
TCGA-B0-5081-01A-01R-1334-07,0.567493416048319,1
TCGA-E9-A24A-01A-11R-A169-07,0.37026832377436036,1
TCGA-DD-A73E-01A-12R-A32O-07,0.5930288595938447,1
TCGA-LA-A7SW-01A-11R-A405-07,0.7626949473648603,0
TCGA-C8-A12U-01A-11R-A115-07,0.7615612130886931,1
TCGA-B0-5097-01A-01R-1420-07,0.6379724696375519,1
TCGA-13-0795-01A-01R-1564-13,0.5974197919494265,1
TCGA-A7-A56D-01A-11R-A27Q-07,0.3949650934662773,1
TCGA-G3-A25S-01A-11R-A16W-07,0.5235877248934336,1
TCGA-XQ-A8TA-01A-11R-A36G-07,0.8843311550893903,1
TCGA-BP-4335-01A-01R-1289-07,0.3907674224894698,1
TCGA-CC-5258-01A-01R-A131-07,0.5094109445724992,1
TCGA-HC-A48F-01A-11R-A250-07,0.7413767311910313,1
TCGA-93-A4JN-01A-11R-A24X-07,0.7277769991057981,1
TCGA-DD-AADI-01A-11R-A41C-07,0.28127312642515906,1
TCGA-A8-A090-01A-11R-A00Z-07,0.7477654830931436,1
TCGA-66-2785-01A-01R-0851-07,0.7598562428383008,1
TCGA-61-2097-01A-02R-1568-13,0.6702764605920541,1
TCGA-5P-A9K2-01A-11R-A42S-07,0.1789155216370114,1
TCGA-KK-A8IC-01A-11R-A36G-07,0.8572115625394959,1
TCGA-A7-A26E-01A-11R-A277-07,0.7521545598756454,1
TCGA-50-5066-01A-01R-1628-07,0.31290431638914806,1
TCGA-D8-A27N-01A-11R-A16F-07,0.826735382678081,1
TCGA-78-7166-01A-12R-2066-07,0.7291692732473564,1
TCGA-E9-A1R3-01A-31R-A14M-07,0.7622832672875902,1
TCGA-97-A4M2-01A-12R-A24X-07,0.453661059684883,1
TCGA-BQ-7056-01A-11R-1965-07,0.714920614595805,1
TCGA-13-0724-01A-01R-1564-13,0.5629429407994047,1
TCGA-BH-A0HW-01A-11R-A034-07,0.664002061385303,1
TCGA-PE-A5DE-01A-11R-A27Q-07,0.6741423612071133,1
TCGA-2L-AAQI-01A-12R-A39D-07,0.8142952288801796,1
TCGA-2A-A8VV-01A-11R-A37L-07,0.6296693871963817,1
TCGA-39-5016-01A-01R-1443-07,0.6640617524995687,1
TCGA-D5-6930-01A-11R-1928-07,0.7000533215496638,1
TCGA-D8-A27I-01A-11R-A16F-07,0.6069106476141571,1
TCGA-V1-A8ML-01A-11R-A37L-07,0.6464708788414316,1
TCGA-85-6798-01A-11R-1949-07,0.5650807016102523,1
TCGA-AA-3510-01A-01R-1410-07,0.6386222711752144,0
TCGA-98-A53A-01A-11R-A262-07,0.636416848759053,1
TCGA-A4-A772-01A-11R-A33Z-07,0.08981198640816443,1
TCGA-MP-A4TC-01A-11R-A24X-07,0.6694317800037737,1
TCGA-49-6745-01A-11R-1858-07,0.6650608498031271,1
TCGA-10-0927-01A-02R-1564-13,0.6946016408747593,1
TCGA-A2-A0CT-01A-31R-A056-07,0.7458253050059757,0
TCGA-99-8025-01A-11R-2241-07,0.7560517056247312,1
TCGA-ZS-A9CE-01A-11R-A37K-07,0.3435774106368277,1
TCGA-AO-A0J6-01A-11R-A034-07,0.8735461375373519,0
TCGA-CA-6715-01A-21R-1839-07,0.6913632402869456,1
TCGA-AR-A255-01A-11R-A169-07,0.6624285262542773,1
TCGA-61-2088-01A-01R-1568-13,0.5752811375471203,1
TCGA-DD-A4NV-01A-11R-A311-07,0.4248734504271428,1
TCGA-K7-A5RF-01A-11R-A28V-07,0.46684438661870464,0
TCGA-RC-A6M6-01A-11R-A32O-07,0.7868416544563321,0
TCGA-EP-A12J-01A-11R-A131-07,0.4445318719838515,1
TCGA-BH-A0BW-01A-11R-A115-07,0.8013652008541686,1
TCGA-56-A4BY-01A-11R-A24H-07,0.7419040397051956,1
TCGA-AA-3980-01A-02R-1022-07,0.758256313698254,1
TCGA-55-8507-01A-11R-2403-07,0.7299357535621693,1
TCGA-BH-A0BS-01A-11R-A12P-07,0.6611429384547702,0
TCGA-DD-A4NH-01A-11R-A27V-07,0.6260247844805372,1
TCGA-L9-A443-01A-12R-A24H-07,0.8196228124002745,0
TCGA-IB-7893-01A-11R-2204-07,0.722867614801762,1
TCGA-C8-A26W-01A-11R-A16F-07,0.8534036891516925,1
TCGA-AA-3866-01A-01R-1022-07,0.6916013763641218,0
TCGA-AA-3966-01A-01R-1113-07,0.7836914542501167,1
TCGA-24-1425-01A-02R-1566-13,0.6422871706518702,0
TCGA-J9-A52D-01A-11R-A29R-07,0.7383756566093644,0
TCGA-2Z-A9JQ-01A-11R-A42S-07,0.22403747509934419,1
TCGA-AA-3941-01A-01R-1022-07,0.7296997520015814,1
TCGA-77-7337-01A-21R-2045-07,0.5691628091807297,1
TCGA-92-8063-01A-11R-2247-07,0.758041384085372,1
TCGA-BH-A0EA-01A-11R-A115-07,0.6357743565053044,0
TCGA-EJ-7330-01A-11R-2118-07,0.5257879286908282,0
TCGA-CC-A3MC-01A-11R-A22L-07,0.5806281844740043,1
TCGA-DD-AADD-01A-11R-A41C-07,0.4336273225325867,1
TCGA-EJ-7314-01A-31R-2118-07,0.6497092941924402,0
TCGA-E2-A109-01A-11R-A10J-07,0.7858044842144017,1
TCGA-AO-A1KR-01A-12R-A144-07,0.82430975503539,1
TCGA-EJ-A7NK-01A-12R-A352-07,0.24110712720534525,1
TCGA-56-A4ZK-01A-11R-A262-07,0.6611734599942933,1
TCGA-B0-5117-01A-01R-1420-07,0.7673681716802457,1
TCGA-A2-A04R-01A-41R-A109-07,0.6982585404834244,1
TCGA-78-7152-01A-11R-2039-07,0.798712653508238,0
TCGA-EB-A41B-01A-11R-A24X-07,0.4289928702540214,1
TCGA-50-6592-01A-11R-1755-07,0.7814811494953378,1
TCGA-E9-A1NA-01A-11R-A144-07,0.8823930529713035,1
TCGA-97-8552-01A-11R-2403-07,0.5872099503351653,1
TCGA-DD-A4NQ-01A-21R-A28V-07,0.7343978610443952,1
TCGA-QG-A5YX-01A-11R-A28H-07,0.6891592155603949,1
TCGA-38-4632-01A-01R-1755-07,0.5869447947140728,1
TCGA-ZP-A9D1-01A-11R-A38B-07,0.48225642505309435,1
TCGA-E9-A1RF-01A-11R-A157-07,0.8601161302802349,1
TCGA-AA-3681-01A-01R-0905-07,0.7378010688660859,0
TCGA-BH-A0BR-01A-21R-A115-07,0.8128068129857297,0
TCGA-CA-5254-01A-21R-1839-07,0.8686932235751375,1
TCGA-18-3417-01A-01R-1443-07,0.6096216916739012,1
TCGA-86-A4P7-01A-11R-A24X-07,0.51005163967377,0
TCGA-24-1924-01A-01R-1567-13,0.5402493116119108,1
TCGA-AO-A0JL-01A-11R-A056-07,0.8605561404255108,1
TCGA-ED-A7PX-01A-51R-A352-07,0.7502401115835011,1
TCGA-29-1696-01A-01R-1567-13,0.6483564824455803,1
TCGA-AC-A8OP-01A-11R-A36F-07,0.8146059325867319,1
TCGA-BP-5202-01A-02R-1426-07,0.40573331807761376,1
TCGA-EP-A26S-01A-11R-A16W-07,0.37024335882909365,1
TCGA-77-8144-01A-11R-2247-07,0.6921301562673509,1
TCGA-60-2713-01A-01R-0851-07,0.7135749822350609,1
TCGA-AO-A03T-01A-21R-A034-07,0.7553657736194732,0
TCGA-NK-A5D1-01A-11R-A26W-07,0.8020309595174563,1
TCGA-NI-A8LF-01A-11R-A36F-07,0.5467348982691959,0
TCGA-B0-4693-01A-01R-1277-07,0.46332196598646413,1
TCGA-CH-5761-01A-11R-1580-07,0.9062679792053374,1
TCGA-VR-A8EW-01A-11R-A36D-31,0.9844025605729616,0
TCGA-09-0364-01A-02R-1564-13,0.5976597310091871,1
TCGA-US-A77E-01A-11R-A32O-07,0.6896828845347021,1
TCGA-BP-4329-01A-02R-1289-07,0.5652873604655247,1
TCGA-E9-A2JS-01A-11R-A180-07,0.8153957545939161,1
TCGA-L5-A8NN-01A-11R-A37I-31,0.9815154977051498,1
TCGA-BP-4169-01A-02R-1289-07,0.5416699817546747,1
TCGA-DD-A3A5-01A-11R-A22L-07,0.27402560412785076,0
TCGA-KK-A7B1-01A-11R-A32O-07,0.844495455328356,1
TCGA-KR-A7K2-01A-12R-A33R-07,0.4493289905189859,1
TCGA-77-A5G8-01B-11R-A27Q-07,0.455078986547491,1
TCGA-AA-A00F-01A-01R-A002-07,0.7165720032709206,0
TCGA-BP-4340-01A-01R-1289-07,0.46768750923512065,0
TCGA-BP-4164-01A-02R-1325-07,0.5215353817009983,1
TCGA-B6-A0RU-01A-11R-A084-07,0.7515469785312375,0
TCGA-EJ-7794-01A-11R-2118-07,0.4935681248805118,1
TCGA-C8-A12P-01A-11R-A115-07,0.8708267479398966,0
TCGA-09-1674-01A-01R-1566-13,0.6244336279916403,1
TCGA-G9-6365-01A-11R-1789-07,0.607520985248905,1
TCGA-J4-8200-01A-11R-A29R-07,0.5602844822264537,1
TCGA-BH-A0H5-01A-21R-A115-07,0.49988839378124345,0
TCGA-66-2787-01A-01R-0980-07,0.5424613600493776,0
TCGA-XK-AAIV-01A-11R-A41O-07,0.9141657743614227,1
TCGA-G9-6351-01A-21R-1965-07,0.3473061099654241,1
TCGA-BP-4967-01A-01R-1334-07,0.6592411553138291,1
TCGA-39-5036-01A-01R-1443-07,0.615773309711302,1
TCGA-2J-AAB8-01A-12R-A41B-07,0.7922523335307163,1
TCGA-ZP-A9CV-01A-11R-A38B-07,0.3161950711064003,1
TCGA-A6-5667-01A-21R-1723-07,0.6174254587298824,1
TCGA-XJ-A83F-01A-11R-A352-07,0.6615519152283192,1
TCGA-BP-4160-01A-02R-1289-07,0.5383439438963281,1
TCGA-AA-A02H-01A-01R-A089-07,0.7710666065891238,1
TCGA-SU-A7E7-01A-22R-A33R-07,0.7028639819840913,1
TCGA-LN-A8HZ-01A-11R-A36D-31,0.9836965131923168,1
TCGA-VP-A87C-01A-11R-A352-07,0.7514432154755557,1
TCGA-G9-6347-01A-11R-A31N-07,0.32381640899052616,1
TCGA-2L-AAQM-01A-11R-A39D-07,0.9545343675189791,1
TCGA-CA-5797-01A-01R-1653-07,0.7380794947313264,1
TCGA-2J-AABA-01A-21R-A41B-07,0.8788703946321131,1
TCGA-77-8156-01A-11R-2247-07,0.6981346682621574,1
TCGA-VR-A8EZ-01A-11R-A36D-31,0.9866661173571882,1
TCGA-J9-A52C-01A-11R-A26U-07,0.6308536341018208,0
TCGA-BP-4989-01A-01R-1334-07,0.5206247619560618,1
TCGA-EB-A3Y7-01A-11R-A239-07,0.17305342843012114,1
TCGA-13-1506-01A-01R-1565-13,0.5953391049250651,1
TCGA-EJ-A46D-01A-21R-A32Y-07,0.5170893582802524,1
TCGA-HC-A631-01A-11R-A29R-07,0.8468676882806965,1
TCGA-69-7761-01A-11R-2170-07,0.6961060940930089,1
TCGA-61-2092-01A-01R-1568-13,0.84042793822196,0
TCGA-BH-A1FN-01A-11R-A13Q-07,0.8079334192667451,1
TCGA-G3-A25X-01A-11R-A16W-07,0.5670895971282373,1
TCGA-34-8455-01A-11R-2326-07,0.6026546859427211,1
TCGA-BP-4972-01A-01R-1334-07,0.39688137974212784,1
TCGA-13-0885-01A-02R-1569-13,0.6172383328380835,1
TCGA-CJ-6027-01A-11R-1672-07,0.7125315745935679,1
TCGA-O1-A52J-01A-11R-A262-07,0.7363983069219082,0
TCGA-EB-A3XB-01A-11R-A239-07,0.08571006595174128,0
TCGA-KK-A7AY-01A-11R-A33R-07,0.6034611150465672,1
TCGA-AA-3930-01A-01R-1022-07,0.7854248005764616,1
TCGA-49-4506-01A-01R-1206-07,0.759865889969964,1
TCGA-61-2000-01A-01R-1568-13,0.6948176605902358,1
TCGA-Z5-AAPL-01A-12R-A41B-07,0.8572468800475621,1
TCGA-ZG-A9LU-01A-11R-A41O-07,0.8105467121697457,0
TCGA-JY-A93F-01A-21R-A37I-31,0.9822708146793254,1
TCGA-66-2800-01A-01R-1201-07,0.6004619320851727,1
TCGA-66-2773-01A-01R-1201-07,0.630873326792334,1
TCGA-C8-A27A-01A-11R-A169-07,0.7242916849155698,1
TCGA-G7-A8LE-01A-11R-A36F-07,0.2682856934354614,0
TCGA-HC-7819-01A-11R-2118-07,0.4313904610363881,1
TCGA-50-5936-01A-11R-1628-07,0.8090954147345821,1
TCGA-86-8359-01A-11R-2326-07,0.7693148079833776,1
TCGA-AA-3518-01A-02R-0826-07,0.5657142216047931,1
TCGA-HC-7211-01A-11R-2118-07,0.718005363676644,1
TCGA-BH-A0C0-01A-21R-A056-07,0.8299683979908472,1
TCGA-AA-A02O-01A-21R-A16W-07,0.402220491099461,0
TCGA-KK-A8I5-01A-11R-A36G-07,0.7277721041766659,1
TCGA-BP-5000-01A-01R-1334-07,0.38532670679213676,1
TCGA-A8-A09X-01A-11R-A00Z-07,0.8575820238136131,1
TCGA-ER-A2NF-01A-11R-A18T-07,0.5020116802326178,1
TCGA-BH-A6R8-01A-21R-A33J-07,0.7461504808430185,1
TCGA-44-2661-01A-01R-1107-07,0.31086037333089306,1
TCGA-AO-A0J2-01A-11R-A034-07,0.8623639192759223,1
TCGA-IG-A5B8-01A-11R-A28J-31,0.9835453556000584,1
TCGA-55-8512-01A-11R-2403-07,0.7286891604178695,1
TCGA-HE-A5NJ-01A-11R-A26U-07,0.5200417624870447,1
