sample_id,score,y_member
TCGA-B0-5115-01A-01R-1420-07,0.8142656518130541,1
TCGA-EJ-A46E-01A-31R-A250-07,0.4842447407538905,1
TCGA-DD-AAE7-01A-11R-A41C-07,0.7779283693144512,1
TCGA-Z6-A8JE-01A-11R-A37I-31,0.654671899949265,1
TCGA-A8-A08F-01A-11R-A00Z-07,0.42976581411428677,1
TCGA-59-2350-01A-01R-1569-13,0.8214284188748324,1
TCGA-CZ-4858-01A-01R-1305-07,0.7763839466906014,1
TCGA-CZ-5470-01A-01R-1503-07,0.7789767570108843,1
TCGA-AN-A0XN-01A-21R-A109-07,0.3303988120089717,1
TCGA-37-A5EL-01A-11R-A26W-07,0.6708466931393253,1
TCGA-46-6025-01A-11R-1820-07,0.6724297432167466,1
TCGA-AN-A0XS-01A-22R-A109-07,0.4364363572744092,1
TCGA-M7-A725-01A-12R-A32O-07,0.7956873005889878,1
TCGA-XN-A8T3-01A-11R-A36G-07,0.9878668267401716,0
TCGA-3K-AAZ8-01A-12R-A39D-07,0.7546618280197347,1
TCGA-B9-5155-01A-01R-1592-07,0.5924683897377225,1
TCGA-OK-A5Q2-01A-11R-A27Q-07,0.7988161523646338,1
TCGA-2Y-A9H8-01A-11R-A39D-07,0.6834869270162852,1
TCGA-30-1866-01A-02R-1568-13,0.25168393556105123,1
TCGA-SX-A7SO-01A-11R-A355-07,0.5040430869169126,1
TCGA-55-7283-01A-11R-2039-07,0.8881390825329807,1
TCGA-M7-A720-01A-12R-A32O-07,0.6798881082841102,1
TCGA-91-6828-01A-11R-1858-07,0.6047778643283042,1
TCGA-D8-A1JF-01A-11R-A13Q-07,0.33677508058080535,1
TCGA-D8-A1JG-01B-11R-A13Q-07,0.4169812104158005,1
TCGA-AL-3468-01A-02R-1351-07,0.7671832130495081,1
TCGA-21-1082-01A-01R-0692-07,0.6504095929374112,1
TCGA-A4-8311-01A-11R-2404-07,0.5069769472073518,1
TCGA-BD-A3EP-01A-11R-A22L-07,0.8058074703356568,1
TCGA-92-7340-01A-21R-2045-07,0.6750596745788323,1
TCGA-EJ-A65B-01A-12R-A30B-07,0.5960782520893317,1
TCGA-HC-8261-01B-05R-2302-07,0.7204579268280904,1
TCGA-AZ-6601-01A-11R-1774-07,0.6508272540390618,1
TCGA-B0-4703-01A-01R-1277-07,0.8154023595762102,1
TCGA-AA-A004-01A-01R-A00A-07,0.5912902109700006,1
TCGA-30-1862-01A-02R-1568-13,0.8249171231180519,1
TCGA-09-2045-01A-01R-1568-13,0.8345033368507294,1
TCGA-E2-A10F-01A-11R-A10J-07,0.7930610584601427,1
TCGA-OL-A6VO-01A-12R-A33J-07,0.34273633016100735,1
TCGA-BQ-5884-01A-11R-1592-07,0.5578484211701183,1
TCGA-49-4507-01A-01R-1206-07,0.5927694232843191,1
TCGA-ZG-A9LS-01A-12R-A41O-07,0.47747055754269796,1
TCGA-AN-A0FW-01A-11R-A034-07,0.9055285164000194,1
TCGA-A6-A5ZU-01A-11R-A28H-07,0.9092046515214529,1
TCGA-QU-A6IL-01A-11R-A31N-07,0.16252350187479633,1
TCGA-67-4679-01B-01R-1755-07,0.5078803591586262,0
TCGA-DM-A28G-01A-11R-A16W-07,0.5607550676766083,1
TCGA-IB-AAUV-01A-11R-A38C-07,0.6025550745385188,1
TCGA-FB-AAPZ-01A-11R-A41B-07,0.6034096183852509,1
TCGA-DD-AAEG-01A-11R-A39D-07,0.7196778898946747,1
TCGA-24-0975-01A-02R-1565-13,0.19322254390152244,1
TCGA-AA-3841-01A-01R-0905-07,0.5943112482842109,0
TCGA-75-6211-01A-11R-1755-07,0.5920403147834197,1
TCGA-IB-7887-01A-11R-2156-07,0.5982507539969414,1
TCGA-78-7161-01A-11R-2039-07,0.5137455985027364,1
TCGA-B0-5699-01A-11R-1541-07,0.8473277315079847,1
TCGA-DD-A113-01A-11R-A131-07,0.8264473046103864,1
TCGA-E9-A1R2-01A-11R-A14D-07,0.8348233115334376,1
TCGA-78-7536-01A-11R-2066-07,0.9357382511284299,1
TCGA-B6-A0WY-01A-11R-A109-07,0.42343953668125495,1
TCGA-ZP-A9CY-01A-11R-A38B-07,0.5386923244746076,1
TCGA-EJ-5495-01A-01R-1580-07,0.6813123658047344,0
TCGA-2H-A9GJ-01A-11R-A37I-31,0.6617224366246856,1
TCGA-AA-3955-01A-02R-1022-07,0.6170390181385285,1
TCGA-20-1684-01A-01R-1566-13,0.23096542923337982,1
TCGA-AA-3697-01A-01R-1723-07,0.6507398526454016,1
TCGA-56-5898-01A-11R-1635-07,0.6846549848792669,1
TCGA-BP-4801-01A-02R-1420-07,0.2613028532782472,1
TCGA-D8-A146-01A-31R-A115-07,0.3366930001003011,1
TCGA-DD-AACJ-01A-11R-A41C-07,0.7181409996871487,0
TCGA-BQ-5892-01A-11R-1592-07,0.5203867448858105,1
TCGA-BH-A0BF-01A-21R-A12P-07,0.335822955619459,0
TCGA-HZ-8003-01A-21R-2204-07,0.603275497146347,0
TCGA-BH-A1EU-01A-11R-A137-07,0.8859699305941543,1
TCGA-61-1900-01A-01R-1567-13,0.806962189567644,0
TCGA-AM-5821-01A-01R-1653-07,0.5691153619147715,1
TCGA-A7-A26J-01A-11R-A169-07,0.8778276225594341,1
TCGA-AR-A1AT-01A-11R-A12P-07,0.9093432282466157,1
TCGA-OL-A5S0-01A-11R-A28M-07,0.3317855026572085,1
TCGA-63-6202-01A-11R-1820-07,0.6882021830237656,1
TCGA-A2-A3XV-01A-21R-A239-07,0.8253651257087193,0
TCGA-CH-5772-01A-11R-1580-07,0.45549180808154227,1
TCGA-OL-A5DA-01A-11R-A27Q-07,0.9202456841766748,1
TCGA-2Z-A9J1-01A-11R-A38C-07,0.8163186105181627,1
TCGA-LN-A8I0-01A-11R-A36D-31,0.6262834983061906,0
TCGA-50-8460-01A-11R-2326-07,0.9822314034575486,1
TCGA-86-8279-01A-11R-2287-07,0.6004186469464505,1
TCGA-56-A4ZJ-01A-11R-A262-07,0.6048841960707697,1
TCGA-67-3770-01A-01R-0946-07,0.9543539786740166,1
TCGA-A2-A0YF-01A-21R-A109-07,0.8561705083836834,1
TCGA-85-A50Z-01A-21R-A262-07,0.6007325934295429,1
TCGA-G9-6363-01A-21R-1789-07,0.7394915236112175,1
TCGA-G7-6790-01A-11R-1965-07,0.5202080563354015,0
TCGA-AR-A1AM-01A-41R-A22K-07,0.880120176548366,0
TCGA-E2-A10C-01A-21R-A10J-07,0.3457964338756406,1
TCGA-AA-A00L-01A-01R-A002-07,0.6283163819614987,0
TCGA-55-7995-01A-11R-2187-07,0.5161682180661354,1
TCGA-G4-6309-01A-21R-1839-07,0.5643018338179872,1
TCGA-CJ-4908-01A-01R-1426-07,0.259615616569358,1
TCGA-EJ-A46B-01A-31R-A250-07,0.4529189123621148,0
TCGA-AR-A24Z-01A-11R-A169-07,0.32393308222385236,0
TCGA-A6-2685-01A-01R-1410-07,0.6211287922550661,0
TCGA-A4-A5DU-01A-11R-A28H-07,0.6007050488199299,1
TCGA-AZ-6600-01A-11R-1774-07,0.5837179596015258,1
TCGA-CC-A7IH-01A-11R-A33J-07,0.7576650457744886,1
TCGA-QU-A6IM-01A-11R-A31N-07,0.6829665669097297,1
TCGA-LN-A49M-01A-21R-A260-31,0.6624421701930622,1
TCGA-66-2765-01A-01R-0851-07,0.5905845670585586,0
TCGA-A8-A0AB-01A-11R-A034-07,0.8713310338662954,1
TCGA-S3-AA14-01A-11R-A41B-07,0.9151751215392724,1
TCGA-98-A538-01A-11R-A262-07,0.6632056234576447,1
TCGA-CM-6166-01A-11R-1653-07,0.5745042489996304,1
TCGA-5M-AAT4-01A-11R-A41B-07,0.5624073373806907,1
TCGA-61-2008-01A-02R-1568-13,0.8205297072822324,1
TCGA-B6-A0X0-01A-21R-A115-07,0.41032562749341556,1
TCGA-86-8281-01A-11R-2287-07,0.5878382266987364,1
TCGA-24-1546-01A-01R-1566-13,0.8005213408868593,0
TCGA-V1-A9OL-01A-11R-A41O-07,0.7927607051284463,0
TCGA-BH-A201-01A-11R-A14M-07,0.3382980825740742,1
TCGA-18-3409-01A-01R-0980-07,0.6638447167866108,1
TCGA-F4-6461-01A-11R-1774-07,0.963615411836006,1
TCGA-AA-A02E-01A-01R-A00A-07,0.6210054373489896,0
TCGA-YL-A9WY-01A-11R-A41O-07,0.7055602623124101,1
TCGA-B0-5102-01A-01R-1420-07,0.8564540644320566,1
TCGA-G9-7521-01A-11R-2263-07,0.8121613347421112,0
TCGA-CJ-4902-01A-01R-1426-07,0.7071883622048245,1
TCGA-CA-6717-01A-11R-1839-07,0.5808496046499892,0
TCGA-IG-A5S3-01A-11R-A28J-31,0.9370276638698972,0
TCGA-EJ-5497-01A-02R-1580-07,0.793192189801373,1
TCGA-BF-A5EO-01A-12R-A27Q-07,0.48343688161519116,0
TCGA-85-A4JC-01A-11R-A24Z-07,0.5918245103703474,1
TCGA-44-3917-01A-01R-A278-07,0.5786908347223164,1
TCGA-A8-A08H-01A-21R-A00Z-07,0.33383396286913425,1
TCGA-95-A4VN-01A-11R-A262-07,0.516415481380047,1
TCGA-B0-5693-01A-11R-1541-07,0.24891163206310088,1
TCGA-77-8138-01A-11R-2247-07,0.5945534814336025,1
TCGA-KK-A7B0-01A-11R-A32O-07,0.6967833012833643,1
TCGA-B0-5083-01A-02R-1420-07,0.8632643064944389,1
TCGA-GM-A2DA-01A-11R-A18M-07,0.8869057907396086,1
TCGA-A2-A3KD-01A-12R-A213-07,0.8692022969750461,1
TCGA-DD-A39Y-01A-11R-A213-07,0.20648639444951503,1
TCGA-B6-A0WZ-01A-11R-A109-07,0.4119925929607507,1
TCGA-A6-2682-01A-01R-1410-07,0.6130179202417086,1
TCGA-D8-A1JU-01A-11R-A13Q-07,0.8808029414728187,0
TCGA-RL-AAAS-01A-32R-A39D-07,0.6037024667661097,0
TCGA-B9-A44B-01A-11R-A24Z-07,0.6073510533740618,1
TCGA-B6-A0I5-01A-11R-A034-07,0.3367859427558979,1
TCGA-BH-AB28-01A-31R-A41B-07,0.41757950386045983,1
TCGA-E9-A1N9-01A-11R-A14D-07,0.8727290499310965,0
TCGA-A3-3363-01A-01R-0864-07,0.5975861092486174,1
TCGA-22-1000-01A-01R-A32Z-07,0.5985632311771157,1
TCGA-KK-A6E4-01A-11R-A30B-07,0.769633198184738,1
TCGA-BQ-5889-01A-11R-1592-07,0.8545277031288282,1
TCGA-DM-A1HA-01A-11R-A155-07,0.9615535602876133,1
TCGA-BF-A5ER-01A-12R-A27Q-07,0.9751627370316356,1
TCGA-LL-A73Y-01A-11R-A33J-07,0.3387026968997451,1
TCGA-BF-A3DL-01A-11R-A20F-07,0.5553778636411018,1
TCGA-VR-A8EO-01A-11R-A36D-31,0.6561752779017932,1
TCGA-L1-A7W4-01A-12R-A36G-07,0.958393207824321,1
TCGA-B0-4838-01A-01R-1305-07,0.7735028591161622,1
TCGA-2Y-A9GY-01A-11R-A38B-07,0.7874752077512717,1
TCGA-BP-4343-01A-02R-1289-07,0.23666456233987343,1
TCGA-BQ-5893-01A-11R-1592-07,0.7272022928657048,1
TCGA-HP-A5MZ-01A-21R-A27V-07,0.8191390139623987,1
TCGA-A7-A4SE-01A-11R-A266-07,0.3352786478224184,0
TCGA-66-2783-01A-01R-1201-07,0.5989082553903523,1
TCGA-73-4675-01A-01R-1206-07,0.5943224455596111,1
TCGA-D5-5538-01A-01R-1653-07,0.5881087339970789,1
TCGA-YL-A8SO-01B-31R-A37L-07,0.8013955093478721,1
TCGA-E2-A15H-01A-11R-A12D-07,0.3418691479680698,1
TCGA-V1-A8WN-01A-11R-A37L-07,0.6982685722854908,1
TCGA-BH-A0EB-01A-11R-A034-07,0.9342577547121765,1
TCGA-DD-A39X-01A-11R-A213-07,0.7274343527877749,1
TCGA-E2-A1LK-01A-21R-A14D-07,0.8774831138116355,1
TCGA-AR-A0TV-01A-21R-A084-07,0.40272995942903145,0
TCGA-A1-A0SD-01A-11R-A115-07,0.35383231587879904,1
TCGA-33-AASI-01A-22R-A405-07,0.6819589038504822,1
TCGA-L5-A4OW-01A-11R-A28J-31,0.6751681716373108,1
TCGA-86-7711-01A-11R-2066-07,0.5885227018358984,1
TCGA-34-5234-01A-01R-1635-07,0.6816880209560923,0
TCGA-63-7023-01A-11R-1949-07,0.5925177780247063,1
TCGA-BP-5191-01A-01R-1426-07,0.7702352607229972,1
TCGA-Q9-A6FW-01A-31R-A31P-31,0.6701198879264958,0
TCGA-CZ-5468-01A-01R-1503-07,0.8528985299187796,0
TCGA-78-7153-01A-11R-2039-07,0.5098244846571778,1
TCGA-DD-A4NA-01A-11R-A266-07,0.8070717621724803,1
TCGA-43-2578-01A-01R-0851-07,0.9673065642838361,0
TCGA-5R-AA1C-01A-11R-A41C-07,0.7503699351933604,1
TCGA-78-7149-01A-11R-2039-07,0.5955102170481582,1
TCGA-CW-5591-01A-01R-1541-07,0.8680964924666765,1
TCGA-13-0906-01A-01R-1564-13,0.7917048230270233,1
TCGA-CJ-4876-01A-01R-1305-07,0.6441192680990636,1
TCGA-M7-A724-01A-12R-A32O-07,0.677823557376524,1
TCGA-62-A46Y-01A-11R-A24H-07,0.9386696717613191,1
TCGA-C8-A26V-01A-11R-A16F-07,0.43690811517028166,1
TCGA-OL-A5D8-01A-11R-A27Q-07,0.8772706357574189,0
TCGA-77-8143-01A-11R-2247-07,0.5869060521148973,1
TCGA-BH-A0DO-01B-11R-A12D-07,0.8671647134524141,0
TCGA-CJ-5675-01A-11R-1541-07,0.7527717696573685,0
TCGA-A2-A4S0-01A-21R-A266-07,0.8558734956864869,1
TCGA-B9-4117-01A-02R-1351-07,0.5269197992135529,1
TCGA-BP-4352-01A-01R-1289-07,0.8514262281736282,0
TCGA-A2-A0ST-01A-12R-A084-07,0.8841554250621112,1
TCGA-E2-A1IH-01A-11R-A13Q-07,0.33979480867892214,1
TCGA-37-3792-01A-01R-0980-07,0.5712298862427899,0
TCGA-AK-3427-01A-01R-0864-07,0.2929335150006863,0
TCGA-AA-3506-01A-01R-1410-07,0.6118640084389657,1
TCGA-CZ-5466-01A-01R-1503-07,0.8443780748737949,1
TCGA-77-8140-01A-11R-2247-07,0.6779606738630929,0
TCGA-21-5786-01A-01R-1635-07,0.670871884923469,0
TCGA-86-8075-01A-11R-2241-07,0.5176108933625334,1
TCGA-A3-A8OX-01A-11R-A37O-07,0.8657439816518941,1
TCGA-95-8494-01A-11R-2326-07,0.9570216954092534,0
TCGA-IG-A7DP-01A-31R-A336-31,0.5757407889364895,0
TCGA-AD-6964-01A-11R-1928-07,0.5717815679796833,1
TCGA-A8-A0A6-01A-12R-A056-07,0.3459411104004183,1
TCGA-B0-5711-01A-11R-1672-07,0.3007492012194364,1
TCGA-BH-A1FM-01A-11R-A13Q-07,0.3409122177027257,0
TCGA-CH-5771-01A-21R-1580-07,0.5507340325741922,1
TCGA-69-7980-01A-11R-2187-07,0.5918307226258788,1
TCGA-AR-A254-01A-21R-A169-07,0.33970676230827984,1
TCGA-A6-2683-01A-01R-0821-07,0.9835925263281405,1
TCGA-PL-A8LY-01A-11R-A41B-07,0.7556485952386378,1
TCGA-G3-A3CH-01A-11R-A22L-07,0.5308080773786088,1
TCGA-57-1583-01A-01R-1566-13,0.7348733142476814,1
TCGA-A4-8310-01A-11R-2404-07,0.7859254002187549,1
TCGA-XK-AAJP-01A-11R-A41O-07,0.47128436471729906,1
TCGA-EB-A3XE-01A-12R-A239-07,0.4996892533748665,1
TCGA-AN-A0FZ-01A-11R-A034-07,0.4261638480756939,1
TCGA-13-0911-01A-01R-1564-13,0.2371929503488993,1
TCGA-51-6867-01A-11R-2045-07,0.6670785184218008,0
TCGA-AN-A04D-01A-21R-A034-07,0.32479815557165376,0
TCGA-DD-AADC-01A-11R-A41C-07,0.8272097400573456,1
TCGA-73-4677-01A-01R-1206-07,0.8820985999986807,1
TCGA-L9-A743-01A-43R-A39D-07,0.5088344200475822,1
TCGA-E9-A6HE-01A-11R-A31O-07,0.41684029315791926,1
TCGA-E2-A15D-01A-11R-A115-07,0.3384719789092084,1
TCGA-73-4658-01A-01R-1755-07,0.5993355105034006,0
TCGA-CH-5788-01A-11R-1580-07,0.7023682496866045,1
TCGA-E2-A14Z-01A-11R-A115-07,0.43012066953293543,1
TCGA-EB-A6QY-01A-12R-A32P-07,0.501371103525688,0
TCGA-CH-5753-01A-11R-1580-07,0.7404002797422733,1
TCGA-AC-A3W5-01A-11R-A22K-07,0.3459709889247741,1
TCGA-A6-A566-01A-11R-A28H-07,0.5827559061401374,1
TCGA-AA-3994-01A-01R-1113-07,0.6384341801592628,1
TCGA-MS-A51U-01A-31R-A266-07,0.8763637414362797,0
TCGA-13-1509-01A-01R-1565-13,0.8327530495918745,1
TCGA-IG-A6QS-01A-12R-A336-31,0.6220865992820022,0
TCGA-EW-A1PG-01A-11R-A144-07,0.32100170241311726,0
TCGA-23-1023-01A-02R-1564-13,0.8096001487306885,1
TCGA-XJ-A9DI-01A-11R-A37L-07,0.8045940889099071,1
TCGA-68-A59I-01A-11R-A262-07,0.676450606755024,1
TCGA-13-0891-01A-01R-1564-13,0.7676131552219205,0
TCGA-A7-A13E-01A-11R-A12P-07,0.3246630456757952,0
TCGA-A8-A07E-01A-11R-A034-07,0.34171090900639783,1
TCGA-EJ-7785-01A-11R-2118-07,0.7398644923112665,1
TCGA-98-A53C-01A-11R-A262-07,0.6001601976955976,1
TCGA-IB-A7M4-01A-11R-A36G-07,0.6136797552695987,1
TCGA-78-7146-01A-11R-2039-07,0.5830047376589463,0
TCGA-2Z-A9J9-01A-11R-A42S-07,0.5483572625342575,1
TCGA-FR-A726-01A-11R-A32P-07,0.5019495231429572,1
TCGA-49-4487-01A-21R-1858-07,0.5049971604502211,1
TCGA-C8-A278-01A-11R-A169-07,0.3445969933102968,1
TCGA-MP-A4T9-01A-11R-A24X-07,0.5054724304638258,1
TCGA-BH-A1FG-01A-11R-A13Q-07,0.8723106532645479,0
TCGA-CK-6746-01A-11R-1839-07,0.9603911187236605,0
TCGA-E9-A1N8-01A-11R-A144-07,0.33315964736046605,1
TCGA-2Z-A9J6-01A-11R-A38C-07,0.5799415166968843,0
TCGA-A6-6137-01A-11R-1774-07,0.6496587053930568,1
TCGA-V1-A9OA-01A-11R-A41O-07,0.4681172356161697,0
TCGA-HV-A7OP-01A-11R-A33R-07,0.5822924002921439,1
TCGA-KK-A7B3-01A-11R-A33R-07,0.6740548321680597,1
TCGA-UB-A7MA-01A-11R-A33R-07,0.8469517383630677,1
TCGA-VR-AA7D-01A-11R-A406-31,0.6564140806311677,1
TCGA-D8-A1Y0-01A-11R-A14M-07,0.9095299553028756,1
TCGA-DD-A4NF-01A-11R-A27V-07,0.8091198356991695,0
TCGA-AR-A24Q-01A-12R-A169-07,0.3439238072578686,1
TCGA-BP-4986-01A-01R-1334-07,0.32554970582799414,1
TCGA-L4-A4E6-01A-11R-A24H-07,0.9389305499656714,1
TCGA-EJ-A46F-01A-31R-A250-07,0.7144598820058736,1
TCGA-21-1078-01A-01R-0692-07,0.5849485984064912,1
TCGA-33-4587-01A-11R-2125-07,0.9479978684423173,1
TCGA-VN-A88Q-01A-11R-A352-07,0.6599538935033707,0
TCGA-RC-A7S9-01A-11R-A33R-07,0.604552832464498,1
TCGA-98-A53J-01A-11R-A26W-07,0.6012512842079094,1
TCGA-B0-5705-01A-11R-1541-07,0.8478218285029104,0
TCGA-97-7546-01A-11R-2039-07,0.9372138635958692,1
TCGA-YL-A8SQ-01B-11R-A37L-07,0.5592148050634491,1
TCGA-AA-3712-01A-21R-1723-07,0.5539613140351409,1
TCGA-AR-A5QM-01A-11R-A27Q-07,0.8080649802000872,1
TCGA-HC-7077-01A-11R-1965-07,0.7051875835711909,1
TCGA-66-2795-01A-02R-0980-07,0.6036471087402286,1
TCGA-BP-4977-01A-01R-1334-07,0.24422726660172991,1
TCGA-CZ-5988-01A-11R-1672-07,0.7467076285175939,1
TCGA-LL-A5YP-01A-21R-A28M-07,0.4062772286448918,1
TCGA-B0-4706-01A-01R-1503-07,0.8652618217338954,1
TCGA-29-1784-01A-02R-1567-13,0.6784859648996665,0
TCGA-55-7903-01A-11R-2170-07,0.9414685278070352,1
TCGA-CM-6680-01A-11R-1839-07,0.6574560457010461,1
TCGA-49-6743-01A-11R-1858-07,0.5950399723249102,1
TCGA-B0-4815-01A-01R-1503-07,0.8780179838777088,1
TCGA-EW-A1PE-01A-11R-A144-07,0.3481037633848874,1
TCGA-VN-A88I-01A-11R-A352-07,0.7819721881176608,1
TCGA-NJ-A7XG-01A-12R-A39D-07,0.5771741813061955,0
TCGA-G7-A8LC-01A-11R-A36F-07,0.8391541082163676,1
TCGA-G9-7525-01A-31R-2263-07,0.5507909762466565,1
TCGA-A3-3362-01A-02R-1325-07,0.8677840145340381,1
TCGA-AN-A0AR-01A-11R-A00Z-07,0.9039732859545567,1
TCGA-R6-A8WC-01A-11R-A37I-31,0.6533875512145063,1
TCGA-73-A9RS-01A-11R-A41B-07,0.937892010204631,1
TCGA-05-4390-01A-02R-1755-07,0.5151517894816083,1
TCGA-CM-5349-01A-21R-1723-07,0.5821224605152104,0
TCGA-CJ-4637-01A-02R-1325-07,0.8350845497638295,0
TCGA-CJ-4897-01A-03R-1426-07,0.7438401273243399,1
TCGA-D8-A3Z6-01A-11R-A239-07,0.8810083405553167,1
TCGA-68-7757-01B-11R-2296-07,0.6779582842897243,1
TCGA-HI-7168-01A-11R-2118-07,0.8078884915403552,1
TCGA-DV-A4VZ-01A-11R-A266-07,0.7966470474983824,1
TCGA-CC-A7IJ-01A-11R-A33R-07,0.7998591074128277,0
TCGA-3C-AALJ-01A-31R-A41B-07,0.3373083640065008,1
TCGA-49-4505-01A-01R-1206-07,0.5103023381275269,1
TCGA-V5-A7RE-01A-11R-A354-31,0.6572498683680255,1
TCGA-CC-5261-01A-01R-A131-07,0.8573594659945336,1
TCGA-85-A4CN-01A-11R-A24H-07,0.6694118437846679,1
TCGA-BH-A0HI-01A-11R-A084-07,0.3308022434124398,1
TCGA-55-A48Z-01A-12R-A24X-07,0.5198106762453384,1
TCGA-60-2720-01A-01R-0851-07,0.6601142653351204,1
TCGA-A7-A5ZV-01A-11R-A28M-07,0.8806367335113611,1
TCGA-HC-7231-01A-11R-2118-07,0.7532067578842172,1
TCGA-66-2771-01A-01R-0980-07,0.5859065125737173,1
TCGA-EJ-A65J-01A-11R-A311-07,0.5435848852055725,1
TCGA-G4-6322-01A-11R-1723-07,0.5573164024053596,0
TCGA-IB-A7LX-01A-12R-A36G-07,0.6889235218559707,1
TCGA-86-8669-01A-11R-2403-07,0.8842266015508717,0
TCGA-B0-5697-01A-11R-1541-07,0.8030610108658589,0
TCGA-G4-6323-01A-11R-1723-07,0.9090748509543309,1
TCGA-L5-A4OT-01A-11R-A28J-31,0.6731295847274836,1
TCGA-3E-AAAZ-01A-11R-A38C-07,0.6032273810615624,1
TCGA-13-1498-01A-01R-1565-13,0.23928293958133068,0
TCGA-WN-AB4C-01A-11R-A42S-07,0.7791507215843994,1
TCGA-AA-A02W-01A-01R-A00A-07,0.6285307471870115,1
TCGA-A6-5660-01A-01R-1653-07,0.5812761196482057,1
TCGA-85-A50M-01A-21R-A262-07,0.5823370552606889,1
TCGA-B4-5378-01A-01R-1503-07,0.8593111804208611,0
TCGA-EW-A1PF-01A-11R-A144-07,0.34073041251700525,1
TCGA-44-4112-01B-06R-A277-07,0.4988283790959229,1
TCGA-23-1021-01B-01R-1564-13,0.8046599883124017,1
TCGA-CJ-4888-01A-01R-1305-07,0.31243737014936296,0
TCGA-FB-AAQ6-01A-11R-A41B-07,0.5991354245249907,1
TCGA-39-5021-01A-01R-1443-07,0.6627645354202858,1
TCGA-HZ-8638-01A-11R-2404-07,0.6045004882863747,1
TCGA-55-8085-01A-11R-2241-07,0.585576527865305,1
TCGA-24-2038-01A-01R-1568-13,0.8142203761670497,1
TCGA-UZ-A9PS-01A-11R-A42S-07,0.7853062842347007,1
TCGA-23-1022-01A-01R-1564-13,0.7755568892874822,0
TCGA-25-1635-01A-01R-1566-13,0.8267078547880881,0
TCGA-56-8308-01A-11R-2296-07,0.5961576552890918,1
TCGA-A7-A13G-01A-11R-A13Q-07,0.8449559618430156,1
TCGA-BH-A0DX-01A-11R-A115-07,0.9265401458113501,1
TCGA-BH-A0HO-01A-11R-A034-07,0.8843373055374248,0
TCGA-A8-A092-01A-11R-A00Z-07,0.3345958536886733,1
TCGA-A8-A08I-01A-11R-A00Z-07,0.9168299958747513,0
TCGA-QU-A6IO-01A-11R-A31N-07,0.5331924845972257,1
TCGA-D8-A1XO-01A-11R-A14M-07,0.8860051923354771,1
TCGA-HE-A5NL-01A-11R-A26U-07,0.848607289289001,1
TCGA-CZ-5984-01A-11R-1672-07,0.25133774877980014,1
TCGA-EJ-A7NJ-01A-22R-A352-07,0.45408525574622033,1
TCGA-A6-6653-01A-11R-1774-07,0.64548672887917,1
TCGA-BC-4073-01B-02R-A131-07,0.21797276825947084,0
TCGA-HZ-7923-01A-12R-2156-07,0.6072676440343088,1
TCGA-AL-7173-01A-11R-2139-07,0.7824518804697889,1
TCGA-A2-A1FX-01A-11R-A13Q-07,0.7364710151979078,1
TCGA-AZ-4323-01A-21R-1839-07,0.5878476423998619,1
TCGA-J4-A67R-01A-21R-A30B-07,0.6994048451093962,1
TCGA-BF-AAP8-01A-11R-A40A-07,0.8864302987495515,1
TCGA-IG-A97H-01A-11R-A38D-31,0.6519311795756871,0
TCGA-DM-A28C-01A-11R-A32Y-07,0.9538016409058763,1
TCGA-NJ-A4YQ-01A-11R-A262-07,0.5280737088702524,1
TCGA-LN-A49K-01A-11R-A24K-31,0.6781526546525186,1
TCGA-44-2655-01A-01R-0946-07,0.5756248448263874,0
TCGA-B8-5164-01A-01R-1420-07,0.8049729788316417,1
TCGA-IZ-8195-01A-31R-2404-07,0.6455241726772976,0
TCGA-XD-AAUG-01A-61R-A41B-07,0.5951438100415225,1
TCGA-OE-A75W-01A-12R-A32O-07,0.6095572982560709,1
TCGA-UZ-A9PU-01A-11R-A42S-07,0.6037168685045635,1
TCGA-CM-4752-01A-01R-1410-07,0.6319516828399183,1
TCGA-MR-A520-01A-11R-A266-07,0.7355549664676615,0
TCGA-E9-A1R0-01A-22R-A16F-07,0.9109249132685416,1
TCGA-43-8115-01A-11R-2247-07,0.5955922488698044,1
TCGA-F2-A7TX-01A-33R-A38C-07,0.6899581580774627,1
TCGA-13-1404-01A-01R-1565-13,0.8375058267679799,0
TCGA-13-0923-01A-01R-1564-13,0.242976232895965,1
TCGA-LB-A7SX-01A-11R-A33R-07,0.6968266799002131,1
TCGA-BP-5001-01A-01R-1334-07,0.7721248499764126,1
TCGA-09-1665-01B-01R-1566-13,0.8029686536619408,1
TCGA-GL-A9DC-01A-11R-A37K-07,0.8389792514901236,0
TCGA-IA-A83T-01A-11R-A355-07,0.6186787932070874,1
TCGA-86-8668-01A-11R-2403-07,0.5018135272167524,0
TCGA-A6-5661-01A-01R-1653-07,0.5537045898558643,1
TCGA-V5-A7RC-01B-11R-A406-31,0.6623418849590794,1
TCGA-05-4417-01A-22R-1858-07,0.5100319013508489,1
TCGA-29-1693-01A-01R-1567-13,0.2410803042955816,1
TCGA-AN-A0FX-01A-11R-A034-07,0.3438548193314569,1
TCGA-C8-A135-01A-11R-A115-07,0.4043765163312249,1
TCGA-CM-6162-01A-11R-1653-07,0.6361527364761248,1
TCGA-E2-A15C-01A-31R-A12D-07,0.3449847568687994,1
TCGA-D8-A1JI-01A-11R-A13Q-07,0.8676090900558249,1
TCGA-24-1563-01A-01R-1566-13,0.26249090680738474,1
TCGA-BH-A42V-01A-11R-A24H-07,0.9188174301115068,1
TCGA-A6-6780-01A-11R-1839-07,0.6538407583888574,1
TCGA-A3-3323-01A-02R-1325-07,0.8222567313759634,1
TCGA-B0-4712-01A-01R-1503-07,0.7748057003368566,1
TCGA-85-A4QR-01A-11R-A24Z-07,0.7004460773563237,1
TCGA-EW-A423-01A-11R-A24H-07,0.861532093672351,1
TCGA-HZ-A8P0-01A-11R-A36G-07,0.6908411196820948,1
TCGA-B1-A47M-01A-11R-A24Z-07,0.8340835556858495,0
TCGA-91-6830-01A-11R-1949-07,0.6084710479364366,1
TCGA-AO-A0J9-01A-11R-A034-07,0.8819997368639877,0
TCGA-V1-A8WV-01A-11R-A37L-07,0.8032432586203795,1
TCGA-LN-A49N-01A-11R-A24K-31,0.6686399263332532,1
TCGA-BF-AAP6-01A-11R-A40A-07,0.5660894437874414,1
TCGA-B6-A401-01A-11R-A239-07,0.8878475536900451,1
TCGA-BQ-7060-01A-11R-1965-07,0.5120691100555906,0
TCGA-EP-A2KB-01A-11R-A180-07,0.20774833724465572,1
TCGA-A2-A0SY-01A-31R-A084-07,0.9022797377296256,0
TCGA-CZ-4860-01A-01R-1305-07,0.32531176250340205,1
TCGA-CM-6169-01A-11R-1653-07,0.5783560420056925,1
TCGA-85-8353-01A-21R-2296-07,0.5989568188660167,1
TCGA-AA-3850-01A-01R-1022-07,0.6299745985090496,1
TCGA-2Z-A9JJ-01A-11R-A42S-07,0.8915609023947122,1
TCGA-C8-A1HE-01A-11R-A13Q-07,0.7798586025817255,1
TCGA-97-7552-01A-11R-2039-07,0.575500758081459,1
TCGA-YL-A8SC-01A-11R-A37L-07,0.7841251934967595,0
TCGA-BQ-5877-01A-11R-1592-07,0.22541472123549428,0
TCGA-AA-3986-01A-02R-1022-07,0.6179602799337521,1
TCGA-A6-6140-01A-11R-1774-07,0.5687252722720556,1
TCGA-MP-A5C7-01A-11R-A262-07,0.9502862905908847,1
TCGA-86-7955-01A-11R-2187-07,0.5035393172831744,1
TCGA-A3-3311-01A-02R-1325-07,0.8690540534648824,1
TCGA-MP-A4T8-01A-11R-A24X-07,0.5005529191622624,0
TCGA-49-4488-01A-01R-1755-07,0.5046695106579261,0
TCGA-A8-A07O-01A-11R-A00Z-07,0.40552626573051037,0
TCGA-EJ-7312-01B-21R-A32O-07,0.689629093113337,1
TCGA-CK-5912-01A-11R-1653-07,0.6605584928792212,1
TCGA-56-6546-01A-11R-1820-07,0.6670096117012018,1
TCGA-B6-A1KC-01B-11R-A157-07,0.9301998687593803,1
TCGA-5P-A9JU-01A-11R-A42S-07,0.8056922217235702,0
TCGA-B9-4114-01A-01R-1193-07,0.6312439255142649,1
TCGA-EB-A551-01A-21R-A27Q-07,0.5070717323031716,1
TCGA-A7-A0DB-01A-11R-A277-07,0.8649128042477353,1
TCGA-G4-6628-01A-11R-1839-07,0.5682074786808585,1
TCGA-LD-A66U-01A-11R-A31O-07,0.9024323478102627,1
TCGA-91-6840-01A-11R-1949-07,0.4976296155448204,0
TCGA-EJ-5527-01A-01R-1580-07,0.7230487764954607,1
TCGA-29-2428-01A-01R-1569-13,0.25012468556846235,0
TCGA-22-4601-01A-01R-1443-07,0.6675519443430744,0
TCGA-22-0940-01A-01R-0692-07,0.6758489504818566,1
TCGA-24-1555-01A-01R-1566-13,0.8134096519293958,1
TCGA-F4-6856-01A-11R-1928-07,0.571197614561532,1
TCGA-LG-A9QD-01A-11R-A38B-07,0.7537290087292868,1
TCGA-B0-4814-01A-01R-1277-07,0.6426080930140539,1
TCGA-DD-A3A7-01A-11R-A22L-07,0.5789106444284531,1
TCGA-BQ-7050-01A-11R-1965-07,0.8262555017392175,1
TCGA-EJ-5524-01A-01R-1580-07,0.5867648405447716,1
TCGA-E9-A22A-01A-11R-A157-07,0.4281430992023892,1
TCGA-BH-A1FJ-01A-11R-A13Q-07,0.32232685342454265,1
TCGA-EJ-5517-01A-01R-1580-07,0.7412459290799204,1
TCGA-FB-AAPP-01A-12R-A41B-07,0.5963929035024264,1
TCGA-EJ-8472-01A-11R-2403-07,0.7649115942132587,1
TCGA-BP-4770-01A-01R-1503-07,0.24475909996542955,1
TCGA-CJ-5681-01A-11R-1541-07,0.814267177264404,0
TCGA-EJ-5542-01A-01R-1580-07,0.7644235832979043,0
TCGA-13-1407-01A-01R-1565-13,0.29093628466438887,1
TCGA-J7-A8I2-01A-12R-A36F-07,0.20365587216658243,1
TCGA-ED-A627-01A-12R-A311-07,0.7766673158157067,0
TCGA-2J-AABU-01A-11R-A41B-07,0.699104310204236,1
TCGA-E9-A1QZ-01A-21R-A169-07,0.8837850402134012,1
TCGA-66-2744-01A-01R-0980-07,0.5907134964524875,1
TCGA-29-1781-01A-01R-1567-13,0.6786279142530536,1
TCGA-LN-A49L-01A-11R-A24K-31,0.939176602078141,0
TCGA-18-4721-01A-01R-1443-07,0.6756855401665277,1
TCGA-A7-A5ZW-01A-12R-A29R-07,0.4139890641289,1
TCGA-B6-A409-01A-11R-A24H-07,0.41844187252338544,1
TCGA-FC-A4JI-01A-11R-A250-07,0.7372421437999536,1
TCGA-13-1405-01A-01R-1565-13,0.8294232234876249,1
TCGA-DD-AADO-01A-11R-A41C-07,0.7670187408688335,1
TCGA-WX-AA46-01A-11R-A39D-07,0.5138048400782544,1
TCGA-4N-A93T-01A-11R-A37K-07,0.9525864511865324,1
TCGA-V1-A9OF-01A-11R-A41O-07,0.5452502468177087,0
TCGA-Y8-A897-01A-11R-A36F-07,0.7748355675216103,1
TCGA-A6-3807-01A-01R-1022-07,0.6253419430077104,1
TCGA-DD-A1ED-01A-11R-A155-07,0.7581907012234751,1
TCGA-AO-A0J8-01A-21R-A034-07,0.3271331103828226,1
TCGA-BH-A42T-01A-11R-A24H-07,0.8714450231257979,0
TCGA-25-1329-01A-01R-1565-13,0.8249661878211594,0
TCGA-AO-A12H-01A-11R-A115-07,0.898071928429044,1
TCGA-G3-A25T-01A-11R-A16W-07,0.7651414595321776,1
TCGA-G9-7509-01A-11R-A41O-07,0.5465969369777441,1
TCGA-BC-A8YO-01A-11R-A37K-07,0.20975585277159192,1
TCGA-50-5942-01A-21R-1755-07,0.49821325309156583,1
TCGA-GM-A2DB-01A-31R-A18M-07,0.3356416500264355,1
TCGA-C8-A133-01A-32R-A12D-07,0.8900660551696566,1
TCGA-NC-A5HD-01A-11R-A26W-07,0.6694443470733911,1
TCGA-AR-A0U0-01A-11R-A109-07,0.3380066090843564,1
TCGA-23-1029-01B-01R-1567-13,0.7258308262585026,0
TCGA-HZ-8637-01A-11R-2404-07,0.6057544175044896,1
TCGA-D8-A1JM-01A-11R-A13Q-07,0.8759271135624189,1
TCGA-91-8499-01A-11R-2403-07,0.504502649241728,1
TCGA-ZP-A9D2-01A-11R-A38B-07,0.5562320388293724,1
TCGA-2Y-A9GV-01A-11R-A38B-07,0.6329914827488047,1
TCGA-B8-A54D-01A-21R-A266-07,0.6371764575050692,1
TCGA-A4-8630-01A-11R-2404-07,0.7702738423592418,1
TCGA-F4-6855-01A-11R-1928-07,0.5758704745345006,1
TCGA-EB-A3HV-01A-11R-A21D-07,0.5737044541106625,1
TCGA-XJ-A83G-01A-11R-A352-07,0.7113475125109191,0
TCGA-AA-3560-01A-01R-0821-07,0.62736002796349,1
TCGA-D8-A1XA-01A-11R-A14D-07,0.8976712159177281,1
TCGA-BP-4963-01A-01R-1334-07,0.8626434887746708,1
TCGA-04-1338-01A-01R-1564-13,0.6427241775625167,1
TCGA-09-1662-01A-01R-1566-13,0.724787755168424,1
TCGA-24-1417-01A-01R-1565-13,0.8421205572215223,1
TCGA-ZG-A9LN-01A-11R-A41O-07,0.776028375623963,1
TCGA-EJ-8474-01A-11R-2403-07,0.5414442451314643,1
TCGA-13-0727-01A-01R-1564-13,0.5819871570435498,1
TCGA-37-5819-01A-01R-1635-07,0.6717635499228956,1
TCGA-E2-A1LI-01A-12R-A157-07,0.40305763085567337,0
TCGA-77-7138-01A-41R-2045-07,0.5944392981951497,1
TCGA-A2-A3XU-01A-12R-A22U-07,0.8072387905504901,1
TCGA-QG-A5YW-01A-11R-A28H-07,0.5790560516509232,1
TCGA-49-AAR0-01A-21R-A39D-07,0.5813402050001337,1
TCGA-50-6590-01A-12R-1858-07,0.5002931720780642,1
TCGA-55-8510-01A-11R-2403-07,0.5047586881076683,1
TCGA-AL-3466-01A-02R-1351-07,0.20956796125837643,0
TCGA-IB-AAUU-01A-11R-A37L-07,0.6838154037967931,0
TCGA-AA-3815-01A-01R-1022-07,0.6341941851273598,1
TCGA-AR-A0TZ-01A-12R-A084-07,0.9102167860738231,1
TCGA-M7-A71Z-01A-12R-A32O-07,0.45903203056398895,1
TCGA-A8-A09C-01A-11R-A00Z-07,0.788376111193244,1
TCGA-DD-AAE1-01A-11R-A41C-07,0.7173019807630315,0
TCGA-BH-A1EX-01A-11R-A13Q-07,0.3512742772998898,1
TCGA-DM-A288-01A-11R-A16W-07,0.568517294264284,0
TCGA-CC-A5UE-01A-11R-A28V-07,0.7079632067392398,1
TCGA-S8-A6BV-01A-21R-A31P-31,0.6518565628337488,1
TCGA-AO-A03O-01A-11R-A00Z-07,0.8232285085642329,0
TCGA-IA-A83W-01A-11R-A355-07,0.833336761202326,1
TCGA-86-A4P8-01A-11R-A24X-07,0.9327923830167157,0
TCGA-A4-7288-01A-11R-A32Z-07,0.7688152162729032,0
TCGA-33-4532-01A-01R-1201-07,0.6737936368215227,1
TCGA-OY-A56P-01A-12R-A406-31,0.8118247563576823,1
TCGA-GK-A6C7-01A-11R-A33J-07,0.7028802843054414,1
TCGA-E2-A15E-01A-11R-A12D-07,0.8786576681044707,1
TCGA-DD-A39W-01A-11R-A213-07,0.5123297997941918,1
TCGA-AR-A0U3-01A-11R-A109-07,0.3411350778984034,1
TCGA-CJ-4900-01A-01R-1334-07,0.24952506681281855,0
TCGA-E2-A15G-01A-11R-A12D-07,0.6958724940470515,1
TCGA-CH-5769-01A-11R-1580-07,0.7723702952776424,1
TCGA-60-2707-01A-01R-0851-07,0.600095985660615,1
TCGA-CW-5589-01A-01R-1541-07,0.3062281312000545,0
TCGA-DD-AAEB-01A-11R-A41C-07,0.5154540602956666,1
TCGA-61-2098-01A-01R-1568-13,0.7659383517612879,1
TCGA-05-4249-01A-01R-1107-07,0.5215590673394387,1
TCGA-33-4589-01A-01R-1443-07,0.6445643041091467,1
TCGA-E2-A15K-01A-11R-A12P-07,0.3276480259391422,1
TCGA-DD-A4NL-01A-11R-A28V-07,0.7422293187981949,1
TCGA-BF-AAP2-01A-11R-A40A-07,0.5828368558233973,1
TCGA-44-6779-01A-11R-1858-07,0.512475428658475,1
TCGA-85-7844-01A-11R-2125-07,0.678898239949194,1
TCGA-AK-3460-01A-02R-1277-07,0.8736447691819605,1
TCGA-B2-4101-01A-02R-1277-07,0.24015910446381458,1
TCGA-51-4080-01A-01R-1100-07,0.6591899357406389,1
TCGA-3C-AALI-01A-11R-A41B-07,0.4133025596770693,1
TCGA-IB-A5SP-01A-11R-A32O-07,0.5952295872200056,1
TCGA-L5-A88Z-01A-11R-A36D-31,0.6400385660329004,0
TCGA-D9-A4Z5-01A-11R-A266-07,0.9265227667763901,1
TCGA-BH-A0DG-01A-21R-A12P-07,0.40492807112301066,0
TCGA-L5-A8NF-01A-11R-A37I-31,0.5862595026923734,1
TCGA-EJ-7325-01B-11R-A32O-07,0.5234418664591503,0
TCGA-13-1497-01A-01R-1565-13,0.8383076600721796,1
TCGA-HC-7736-01A-11R-2118-07,0.7370635223749916,1
TCGA-AR-A1AH-01A-11R-A12D-07,0.32657604081652203,1
TCGA-A7-A26F-01B-04R-A22O-07,0.34053205973950196,1
TCGA-04-1337-01A-01R-1564-13,0.248078333009794,1
TCGA-EB-A6QZ-01A-12R-A32P-07,0.5030696578737116,1
TCGA-AK-3444-01A-02R-1325-07,0.819980467166942,0
TCGA-B0-5092-01A-01R-1420-07,0.8844667046874269,1
TCGA-A8-A09A-01A-11R-A00Z-07,0.3464115787671387,1
TCGA-LN-A49O-01A-11R-A24K-31,0.6724840638872195,1
TCGA-61-1737-01A-01R-1567-13,0.24735939085666556,1
TCGA-EJ-A46H-01A-31R-A26U-07,0.6677635125987844,0
TCGA-B6-A0X5-01A-21R-A109-07,0.3233831007966103,1
TCGA-C8-A26X-01A-31R-A16F-07,0.3400806540219078,0
TCGA-21-1077-01A-01R-0692-07,0.6559301289540936,1
TCGA-GM-A2DD-01A-11R-A180-07,0.3293533899182173,1
TCGA-BP-4326-01A-01R-1289-07,0.25052272369487444,0
TCGA-DA-A960-01A-11R-A37K-07,0.9339048902391998,1
TCGA-94-A5I4-01A-11R-A26W-07,0.6859394353700421,1
TCGA-AA-3520-01A-01R-0821-07,0.635443191958723,1
TCGA-2Y-A9H1-01A-11R-A38B-07,0.5823764447638725,1
TCGA-63-A5ML-01A-31R-A27Q-07,0.5952893081546076,1
TCGA-KK-A8IB-01A-11R-A36G-07,0.7356800810486407,0
TCGA-AA-3947-01A-01R-1022-07,0.6162139651483255,1
TCGA-B8-4621-01A-01R-1503-07,0.8609255807570623,1
TCGA-S3-AA11-01A-31R-A41B-07,0.8740078962736704,1
TCGA-BH-A0BM-01A-11R-A056-07,0.8639268455184984,1
TCGA-AK-3447-01A-01R-1766-07,0.8079702305297592,1
TCGA-E2-A1IO-01A-11R-A144-07,0.3384435570637345,1
TCGA-BP-5185-01A-01R-1426-07,0.8450082848795776,1
TCGA-LL-A5YO-01A-21R-A28M-07,0.32803959952591466,0
TCGA-A3-3347-01A-02R-1325-07,0.7616337652703624,1
TCGA-60-2709-01A-21R-1820-07,0.6769162695615357,0
TCGA-DD-A1EK-01A-11R-A213-07,0.76381518254452,1
TCGA-BH-A0HU-01A-11R-A034-07,0.8775278729939935,0
TCGA-HZ-7289-01A-11R-2156-07,0.6800545920404217,1
TCGA-33-4566-01A-01R-1443-07,0.5808090928745887,1
TCGA-EJ-5504-01A-01R-1580-07,0.7367717777128058,1
TCGA-IB-7654-01A-11R-2156-07,0.6247434155078243,1
TCGA-2Z-A9JD-01A-11R-A42S-07,0.8115121800543035,1
TCGA-BH-A18L-01A-32R-A12D-07,0.8606984357309664,1
TCGA-38-A44F-01A-11R-A24H-07,0.5012292936206605,0
TCGA-YL-A8SB-01A-31R-A37L-07,0.7964124251992526,1
TCGA-46-3768-01A-01R-0980-07,0.6719187779999388,1
TCGA-AR-A24U-01A-11R-A169-07,0.3406433066750124,1
TCGA-AO-A0JD-01A-11R-A056-07,0.3273412160231256,1
TCGA-A2-A0T1-01A-21R-A084-07,0.34422978661666637,1
TCGA-D8-A1JH-01A-11R-A13Q-07,0.3250677314786341,1
TCGA-BP-5194-01A-02R-1426-07,0.8625242240126444,1
TCGA-RB-AA9M-01A-11R-A39D-07,0.6236577771807816,1
TCGA-A4-7915-01A-11R-2204-07,0.2169055756497291,1
TCGA-AA-3867-01A-01R-1022-07,0.6334582114830699,1
TCGA-3A-A9IH-01A-12R-A39D-07,0.6874340850929824,1
TCGA-E2-A570-01A-11R-A29R-07,0.9242741199030801,1
TCGA-D5-5540-01A-01R-1653-07,0.5527434198534624,0
TCGA-B0-4839-01A-01R-1305-07,0.24718645597894742,1
TCGA-FS-A1ZN-01A-11R-A18T-07,0.5030408115088216,1
TCGA-D8-A1Y1-01A-21R-A14M-07,0.333168617507697,1
TCGA-57-1993-01A-01R-1568-13,0.7238192465932698,1
TCGA-E9-A3X8-01A-31R-A22U-07,0.8814877360436905,1
TCGA-86-8073-01A-11R-2241-07,0.518265141331125,1
TCGA-ZG-A8QW-01A-11R-A37L-07,0.7401942598700668,1
TCGA-AK-3458-01A-01R-1503-07,0.8762184492691776,1
TCGA-L5-A88S-01A-11R-A36D-31,0.6668868518972505,1
TCGA-DD-A4NJ-01A-11R-A27V-07,0.6511215627177263,0
TCGA-55-6985-01A-11R-1949-07,0.5164800579804981,1
TCGA-78-7147-01A-11R-2039-07,0.9536587642850558,0
TCGA-AK-3429-01A-02R-1325-07,0.7993943472000334,0
TCGA-AR-A2LH-01A-31R-A18M-07,0.8749140132010303,0
TCGA-WX-AA47-01A-11R-A39D-07,0.7638377554902686,0
TCGA-04-1536-01A-01R-1566-13,0.8389419903416108,1
TCGA-L3-A524-01A-11R-A262-07,0.6549072196365182,1
TCGA-91-6848-01A-11R-1949-07,0.5113748676065305,1
TCGA-24-2027-01A-01R-1567-13,0.24881192828466914,1
TCGA-H9-A6BX-01A-31R-A311-07,0.7477755424255129,1
TCGA-G9-6354-01A-11R-A311-07,0.7738410259725301,1
TCGA-10-0937-01A-02R-1564-13,0.5854941000987398,1
TCGA-B6-A0RN-01A-12R-A084-07,0.916930279466912,1
TCGA-86-8056-01A-11R-2241-07,0.509780406958287,0
TCGA-95-8039-01A-11R-2241-07,0.5867705649882811,0
TCGA-E9-A1R5-01A-11R-A14M-07,0.3269420759193767,0
TCGA-A3-3331-01A-02R-1325-07,0.29924234300292124,1
TCGA-18-3410-01A-01R-0980-07,0.6791478716526302,1
TCGA-22-5491-01A-01R-1635-07,0.6498013463664057,1
TCGA-A4-A7UZ-01A-12R-A355-07,0.8175653804929872,0
TCGA-L5-A4OS-01A-11R-A28J-31,0.6675030810363277,0
TCGA-AZ-6607-01A-11R-1839-07,0.569220821804035,1
TCGA-B0-5077-01A-01R-1334-07,0.8365144232900479,0
TCGA-63-A5MW-01A-11R-A26W-07,0.5992025220533174,0
TCGA-CK-6747-01A-11R-1839-07,0.5709849345204634,1
TCGA-A8-A06U-01A-11R-A00Z-07,0.4093983637549809,1
TCGA-CC-A5UD-01A-11R-A28V-07,0.8190494784380292,1
TCGA-44-A47A-01A-21R-A24H-07,0.49636469066500016,0
TCGA-EW-A1IZ-01A-11R-A13Q-07,0.8882301233769136,1
TCGA-24-2019-01A-02R-1568-13,0.602347242689615,1
TCGA-EW-A1IX-01A-12R-A144-07,0.8728980868003998,1
TCGA-13-0897-01A-01R-1564-13,0.23575026371208052,1
TCGA-A8-A06Q-01A-11R-A034-07,0.6921682311995997,1
TCGA-A2-A4RX-01A-11R-A266-07,0.33672997127490556,1
TCGA-E9-A1RC-01A-11R-A157-07,0.8242329712143297,1
TCGA-AA-3814-01A-01R-0905-07,0.6632727081214312,1
TCGA-DD-AACH-01A-11R-A41C-07,0.29297644102844617,1
TCGA-AA-3496-01A-21R-1839-07,0.6725980749067212,1
TCGA-69-7974-01A-11R-2187-07,0.4937871220802697,0
TCGA-24-1431-01A-01R-1566-13,0.5575213993132487,1
TCGA-B6-A1KI-01A-11R-A14M-07,0.8998858789221624,0
TCGA-AK-3461-01A-02R-1277-07,0.7915512485965539,1
TCGA-DD-A11D-01A-11R-A131-07,0.7197588688594174,1
TCGA-22-4594-01A-01R-1201-07,0.6682331679753805,1
TCGA-GN-A8LN-01A-11R-A37K-07,0.5835683233846103,1
TCGA-A4-7286-01A-11R-A32Z-07,0.7152330315491874,0
TCGA-G9-6362-01A-11R-1789-07,0.7776734552897558,1
TCGA-ED-A7PZ-01A-11R-A33R-07,0.7989759651299743,1
TCGA-77-7139-01A-11R-2045-07,0.6456268045570892,1
TCGA-AT-A5NU-01A-11R-A28H-07,0.5817025903939952,1
TCGA-G9-6348-01A-11R-1789-07,0.7700896221309572,1
TCGA-CM-5868-01A-01R-1653-07,0.5738862808488416,0
TCGA-80-5607-01A-31R-1949-07,0.5136645743444549,1
TCGA-DD-A4ND-01A-11R-A266-07,0.2216007800549696,1
TCGA-AK-3443-01A-02R-1325-07,0.6458421216752122,1
TCGA-BH-A28Q-01A-11R-A16F-07,0.3433705190784274,1
TCGA-62-A470-01A-11R-A24H-07,0.9142266710360867,1
TCGA-85-A5B5-01A-21R-A26W-07,0.6827202043804343,1
TCGA-GN-A4U5-01A-11R-A32P-07,0.5009030829698128,1
TCGA-A7-A2KD-01A-31R-A21T-07,0.41606244819980204,0
TCGA-5R-AAAM-01A-12R-A41C-07,0.6211895195699858,1
TCGA-AA-3952-01A-01R-1022-07,0.6250684569318512,1
TCGA-E9-A1NC-01A-21R-A26B-07,0.4258569257834549,1
TCGA-E9-A229-01A-31R-A157-07,0.33264566399264467,0
TCGA-55-A494-01A-11R-A24X-07,0.5123032778998722,1
TCGA-D8-A1XL-01A-11R-A14M-07,0.4318639832153858,1
TCGA-YL-A8SI-01A-11R-A41O-07,0.7836770071030635,1
TCGA-61-1911-01A-01R-1567-13,0.837914954115014,1
TCGA-56-1622-01A-01R-0692-07,0.5766177407720827,0
TCGA-C8-A26Z-01A-11R-A16F-07,0.8745671308879728,1
TCGA-V5-A7RB-01A-11R-A354-31,0.669590546383154,1
TCGA-OL-A66H-01A-11R-A29R-07,0.8668336479089025,1
TCGA-AC-A3OD-01A-11R-A21T-07,0.9068438802368334,0
TCGA-A4-8516-01A-11R-2404-07,0.4920091412720862,0
TCGA-EJ-A7NN-01A-11R-A33R-07,0.8643111272518861,1
TCGA-A8-A06Y-01A-21R-A00Z-07,0.8772524695310049,1
TCGA-EB-A5VU-01A-21R-A32P-07,0.9346629328409293,1
TCGA-HC-7232-01A-11R-2118-07,0.7423666713062717,1
TCGA-2L-AAQL-01A-11R-A38C-07,0.6026265381718664,1
TCGA-BF-A3DM-01A-11R-A20F-07,0.5044956904722758,0
TCGA-GM-A2DI-01A-31R-A18M-07,0.802062389677838,1
TCGA-CJ-4635-01A-02R-1305-07,0.852016714567006,0
TCGA-FV-A4ZP-01A-12R-A266-07,0.7298243220030756,1
TCGA-IH-A3EA-01A-11R-A20F-07,0.5415702274883213,1
TCGA-HC-7075-01A-11R-1965-07,0.45974948360340595,1
TCGA-5P-A9K6-01A-11R-A42S-07,0.8941606397564565,1
TCGA-DM-A28K-01A-21R-A32Y-07,0.5504886523831949,0
TCGA-BP-4962-01A-01R-1334-07,0.8329027449789373,1
TCGA-53-7624-01A-11R-2066-07,0.5064217308528278,1
TCGA-AA-3854-01A-01R-0905-07,0.6109494466421836,1
TCGA-OL-A5RW-01A-11R-A28M-07,0.3180397920472566,0
TCGA-E9-A1RI-01A-11R-A169-07,0.4059723420453326,1
TCGA-A7-A4SB-01A-21R-A266-07,0.8850061801448086,1
TCGA-A3-3306-01A-01R-0864-07,0.7009012281467146,1
TCGA-G9-6371-01A-11R-1789-07,0.7380966348295289,1
TCGA-E9-A243-01A-21R-A169-07,0.843141693891248,1
TCGA-A7-A0CG-01A-12R-A056-07,0.8836708935174682,0
TCGA-E9-A3HO-01A-11R-A213-07,0.8694933109446362,1
TCGA-B6-A408-01A-12R-A24H-07,0.9124920116322076,0
TCGA-24-1426-01A-01R-1565-13,0.7130770529308684,0
TCGA-AC-A6IV-01A-12R-A33J-07,0.8361748242550525,0
TCGA-AS-3778-01A-01R-A32Z-07,0.30816085959035744,1
TCGA-C8-A1HG-01A-11R-A137-07,0.33285761518535545,1
TCGA-BQ-7059-01A-11R-1965-07,0.846715325220255,1
TCGA-SX-A7SL-01A-11R-A355-07,0.7606885989157947,1
TCGA-13-1492-01A-01R-1565-13,0.8054950766676043,1
TCGA-BP-4970-01A-01R-1334-07,0.8151835645027863,1
TCGA-HE-7128-01A-11R-1965-07,0.515440599875446,1
TCGA-61-1733-01A-01R-1567-13,0.7458408444314822,0
TCGA-LL-A5YL-01A-12R-A29R-07,0.3954953656165055,1
TCGA-DD-A3A8-01A-11R-A22L-07,0.5143443738497033,1
TCGA-AK-3450-01A-02R-1277-07,0.5566945635291309,1
TCGA-EW-A2FS-01A-11R-A17B-07,0.9115950799616162,1
TCGA-A2-A0T6-01A-11R-A084-07,0.3223365700361573,1
TCGA-FV-A496-01A-11R-A266-07,0.5878034463872255,1
TCGA-75-7027-01A-11R-1949-07,0.5292826452159872,1
TCGA-43-3394-01A-01R-0980-07,0.6650315305393095,1
TCGA-CZ-5455-01A-01R-1503-07,0.80386552394924,1
TCGA-AA-3831-01A-01R-0905-07,0.6193978731663329,1
TCGA-NH-A8F7-01A-11R-A41B-07,0.6408716902082614,1
TCGA-FB-A4P6-01A-12R-A26U-07,0.6150216508075748,1
TCGA-VP-A87E-01A-31R-A352-07,0.7394666266993619,1
TCGA-BH-A0DD-01A-31R-A12P-07,0.9096034494261184,1
TCGA-CM-4744-01A-01R-A32Z-07,0.5507812044163175,1
TCGA-IG-A8O2-01A-11R-A36D-31,0.9339213448651872,1
TCGA-A8-A07P-01A-11R-A00Z-07,0.9059056084762294,1
TCGA-J4-A67Q-01A-21R-A30B-07,0.7568868111661792,1
TCGA-A3-3387-01A-01R-1541-07,0.8334926458914967,1
TCGA-IB-7647-01A-11R-2156-07,0.9374964018688046,1
TCGA-98-8022-01A-11R-2247-07,0.5879805355217069,1
TCGA-J2-8194-01A-11R-2241-07,0.5031292845670539,1
TCGA-BP-5189-01A-02R-1426-07,0.8665777815074471,0
TCGA-24-2293-01A-01R-1568-13,0.8128552130389737,1
TCGA-DD-A1EA-01A-11R-A131-07,0.690389786276339,1
TCGA-JY-A6FB-01A-11R-A336-31,0.6289542254796586,1
TCGA-60-2716-01A-01R-0851-07,0.933948762075364,1
TCGA-A1-A0SF-01A-11R-A144-07,0.6972995035111265,1
TCGA-78-7148-01A-11R-2039-07,0.9601999009970285,1
TCGA-85-7696-01A-11R-2125-07,0.5892198047517464,1
TCGA-25-1319-01A-01R-1565-13,0.8216333549652277,1
TCGA-44-A47B-01A-11R-A24H-07,0.5727459221973077,1
TCGA-L5-A88W-01A-11R-A354-31,0.6579507117564631,1
TCGA-85-A4CL-01A-41R-A26W-07,0.6819132820579716,1
TCGA-44-A4SU-01A-11R-A24X-07,0.5005251894510492,1
TCGA-2Y-A9GX-01A-11R-A38B-07,0.6630409576933175,1
TCGA-G4-6586-01A-11R-1774-07,0.651542565175805,1
TCGA-68-A59J-01A-21R-A26W-07,0.6637058683377705,0
TCGA-G6-A5PC-01A-11R-A33J-07,0.83211529033276,1
TCGA-IG-A50L-01A-11R-A260-31,0.6390202506671854,0
TCGA-43-6770-01A-11R-1820-07,0.6828142752484213,0
TCGA-57-1584-01A-01R-1566-13,0.6306932032026149,1
TCGA-AC-A2B8-01A-11R-A17B-07,0.8801795038741822,1
TCGA-A4-A57E-01A-11R-A26U-07,0.27734757787141023,1
TCGA-24-1471-01A-01R-1566-13,0.728109030018846,1
TCGA-56-7579-01A-11R-2045-07,0.581818596627849,1
TCGA-KK-A59Y-01A-11R-A26U-07,0.7971996324600304,1
TCGA-A7-A26H-01A-11R-A169-07,0.3231238608911892,0
TCGA-DV-5573-01A-01R-1541-07,0.7661785356463827,1
TCGA-AC-A3TM-01A-11R-A22K-07,0.8969091806636048,1
TCGA-KK-A6E3-01A-21R-A30B-07,0.7526726062156854,1
TCGA-25-2398-01A-01R-1569-13,0.7561125578728739,1
TCGA-25-1631-01A-01R-1569-13,0.8342587380304614,1
TCGA-B0-4710-01A-01R-1503-07,0.5960987415497981,0
TCGA-BD-A2L6-01A-11R-A213-07,0.735462147248713,0
TCGA-85-8664-01A-11R-2403-07,0.6517313083325696,1
TCGA-59-2352-01A-01R-1569-13,0.6436471365794099,1
TCGA-97-8179-01A-11R-2287-07,0.5112714711077504,0
TCGA-CW-5590-01A-01R-1541-07,0.79389565052393,0
TCGA-24-1424-01A-01R-1565-13,0.8522584253167972,0
TCGA-GM-A3XL-01A-11R-A22U-07,0.33470749552488477,1
TCGA-D8-A1JA-01A-11R-A13Q-07,0.323254534383805,1
TCGA-EB-A85J-01A-12R-A352-07,0.9501926221430277,1
TCGA-HV-A7OL-01A-11R-A33R-07,0.5951064276525914,0
TCGA-55-8087-01A-11R-2241-07,0.937626041641379,1
TCGA-55-6978-01A-11R-1949-07,0.5825682495993346,0
TCGA-BP-4332-01A-01R-1289-07,0.7699375436447667,1
TCGA-57-1586-01A-02R-1567-13,0.5849766008879004,0
TCGA-5P-A9JV-01A-12R-A42S-07,0.831463969363525,0
TCGA-A2-A1G0-01A-11R-A13Q-07,0.6850684449532075,0
TCGA-BP-4985-01A-01R-1334-07,0.3111446117954249,1
TCGA-US-A774-01A-21R-A32O-07,0.6708870202109112,0
TCGA-V7-A7HQ-01A-11R-A33J-07,0.3894175574624549,1
TCGA-B0-4817-01A-01R-1277-07,0.8717415553249065,1
TCGA-61-1738-01A-01R-1567-13,0.8097805453744095,1
TCGA-A6-2681-01A-01R-1410-07,0.6333813597232604,1
TCGA-22-4609-01A-21R-2125-07,0.6787331576069928,0
TCGA-HC-A6AN-01A-11R-A30B-07,0.7819273932267367,1
TCGA-AN-A0AM-01A-11R-A034-07,0.4032849833753502,1
TCGA-B2-5636-01A-02R-1541-07,0.6059038397452229,0
TCGA-59-2348-01A-01R-1569-13,0.7971377005115867,0
TCGA-EJ-5531-01A-01R-1580-07,0.7395964309440014,0
TCGA-D8-A4Z1-01A-21R-A266-07,0.6770611529282774,0
TCGA-BH-A0BV-01A-11R-A00Z-07,0.887495792535035,1
TCGA-DD-AAEA-01A-11R-A41C-07,0.7148621260002646,1
TCGA-49-6761-01A-31R-1949-07,0.5067064039879767,1
TCGA-95-7043-01A-11R-1949-07,0.9549046065876498,1
TCGA-AD-6890-01A-11R-1928-07,0.5709411631297536,1
TCGA-97-8547-01A-11R-2403-07,0.5111869010491759,1
TCGA-XP-A8T6-01A-11R-A36D-31,0.6414102029357316,1
TCGA-70-6722-01A-11R-1820-07,0.6697898884762326,1
TCGA-DD-AAVY-01A-11R-A41C-07,0.7265400844064236,0
TCGA-A2-A3XS-01A-11R-A22U-07,0.8897940033502295,1
TCGA-A2-A0YL-01A-21R-A109-07,0.8685102481544356,1
TCGA-3A-A9IS-01A-21R-A39D-07,0.9616268416647364,1
TCGA-73-4666-01A-01R-1206-07,0.506386269145623,1
TCGA-24-1467-01A-01R-1566-13,0.600263843543381,0
TCGA-85-7699-01A-11R-2125-07,0.6813774218642773,1
TCGA-A8-A07B-01A-11R-A00Z-07,0.8648736676089624,0
TCGA-AA-A01P-01A-21R-A083-07,0.6270264999900484,1
TCGA-AC-A62X-01A-11R-A29R-07,0.8108245656093778,1
TCGA-A2-A0YH-01A-11R-A109-07,0.3315684247947659,1
TCGA-D8-A1XS-01A-11R-A14M-07,0.3375201455190284,1
TCGA-BH-A0E2-01A-11R-A056-07,0.3399293175506101,1
TCGA-13-0888-01A-01R-1564-13,0.7894361516256614,1
TCGA-IG-A4QS-01A-11R-A260-31,0.6510270111570418,1
TCGA-A6-2680-01A-01R-1410-07,0.6336473846859175,0
TCGA-A4-7997-01A-11R-2204-07,0.8559892070016811,1
TCGA-93-A4JO-01A-21R-A24X-07,0.508358663589284,1
TCGA-KV-A74V-01A-11R-A33Z-07,0.5801267691268462,1
TCGA-G4-6588-01A-11R-1774-07,0.5858514159216807,1
TCGA-J4-A83L-01A-11R-A352-07,0.7691447074695736,1
TCGA-5T-A9QA-01A-11R-A41B-07,0.8482319206686325,0
TCGA-49-6744-01A-11R-1858-07,0.5033979594372545,1
TCGA-CK-4948-01B-11R-1653-07,0.6586708136663921,1
TCGA-77-7142-01A-11R-2045-07,0.5951143411117763,1
TCGA-ZG-A9M4-01A-11R-A41O-07,0.49019620305165734,1
TCGA-44-A479-01A-31R-A24H-07,0.5974506299175205,1
TCGA-AA-3511-01A-21R-1839-07,0.5848158900577959,1
TCGA-66-2758-01A-02R-0851-07,0.6628732709249633,1
TCGA-24-2290-01A-01R-1568-13,0.699889295076553,1
TCGA-75-5125-01A-01R-1755-07,0.5160005519219591,1
TCGA-L9-A7SV-01A-11R-A39D-07,0.9081392073415377,1
TCGA-VP-A87K-01A-11R-A352-07,0.7837424356542364,1
TCGA-A6-A565-01A-31R-A28H-07,0.5636053216689926,1
TCGA-04-1364-01A-01R-1565-13,0.8041792485565331,1
TCGA-04-1350-01A-01R-1565-13,0.5668016703546405,1
TCGA-22-5471-01A-01R-1635-07,0.6640248557328486,1
TCGA-EB-A430-01A-11R-A24X-07,0.51011577390876,0
TCGA-ZG-A9ND-01A-11R-A41O-07,0.7854198844297752,1
TCGA-23-1119-01A-02R-1565-13,0.8131155519556351,1
TCGA-CJ-4642-01B-01R-1305-07,0.2587770762286674,1
TCGA-24-1413-01A-01R-1565-13,0.7180852266038523,1
TCGA-A8-A08A-01A-11R-A32Y-07,0.855948272472585,1
TCGA-04-1519-01A-01R-1565-13,0.8028375913964799,1
TCGA-B6-A0RT-01A-21R-A084-07,0.9167383221370122,1
TCGA-AC-A5XS-01A-11R-A29R-07,0.8857227832441077,1
TCGA-HC-8257-01A-11R-2263-07,0.7361409541585643,1
TCGA-CJ-4881-01A-01R-1305-07,0.8605726552597411,0
TCGA-DD-AACY-01A-11R-A41C-07,0.7282922893363869,0
TCGA-CK-5915-01A-11R-1653-07,0.5578083709494112,1
TCGA-2Y-A9GZ-01A-11R-A39D-07,0.6142442276234173,1
TCGA-2H-A9GI-01A-11R-A37I-31,0.6656589390420296,1
TCGA-B6-A0IP-01A-11R-A034-07,0.4235270398185916,1
TCGA-AA-3811-01A-01R-1022-07,0.6305618409769304,1
TCGA-55-8208-01A-11R-2241-07,0.5181118176392546,1
TCGA-V9-A7HT-01A-11R-A33Z-07,0.5177102720100132,0
TCGA-C8-A12M-01A-11R-A115-07,0.9000524455113498,1
TCGA-BQ-5886-01A-11R-1592-07,0.6346758036864386,0
TCGA-GI-A2C9-01A-11R-A21T-07,0.8350062048956329,0
TCGA-G7-7502-01A-11R-2204-07,0.7594137130522199,1
TCGA-2Z-A9JM-01A-12R-A42S-07,0.780615369631724,1
TCGA-85-A4PA-01A-11R-A24Z-07,0.9258663638457744,0
TCGA-C8-A12V-01A-11R-A115-07,0.41405360304924693,0
TCGA-HC-7745-01A-11R-2118-07,0.8245119269530853,1
TCGA-AC-A6IW-01A-12R-A33J-07,0.9101464500211758,1
TCGA-B0-5085-01A-01R-1334-07,0.7908480255886623,1
TCGA-AR-A1AU-01A-11R-A12P-07,0.8285729408177985,0
TCGA-B8-5546-01A-01R-1541-07,0.804569328096409,1
TCGA-77-7141-01A-11R-2045-07,0.6815040631601001,1
TCGA-AA-3534-01A-01R-0821-07,0.6255351239309406,1
TCGA-AA-3524-01A-02R-0821-07,0.6277821719411062,1
TCGA-24-2280-01A-01R-1568-13,0.8308384398471167,1
TCGA-IB-7897-01A-21R-2204-07,0.5911443640293433,0
TCGA-95-7039-01A-11R-1949-07,0.49743727606040467,0
TCGA-CJ-5680-01A-11R-1541-07,0.31794890929457403,1
TCGA-AR-A1AN-01A-11R-A12P-07,0.3463134810397322,1
TCGA-LL-A6FP-01A-11R-A31O-07,0.8819058506604458,1
TCGA-30-1714-01A-02R-1567-13,0.6453305214728703,0
TCGA-E2-A15L-01A-11R-A12D-07,0.9530201144537198,1
TCGA-23-2077-01A-01R-1568-13,0.8179529363397682,1
TCGA-EJ-7123-01A-11R-1965-07,0.7266572522858167,1
TCGA-DD-AACI-01A-11R-A41C-07,0.7242044516562808,1
TCGA-A6-3808-01A-01R-1022-07,0.6314572004617222,0
TCGA-AA-3837-01A-01R-0905-07,0.6266038146500507,1
TCGA-95-7944-01A-11R-2187-07,0.5017363580687879,0
TCGA-A3-3320-01A-02R-1325-07,0.8095078968215742,1
TCGA-MM-A563-01A-11R-A266-07,0.24368217448261378,0
TCGA-77-8008-01A-21R-2187-07,0.5983807125889752,1
TCGA-G9-7519-01A-11R-2263-07,0.44951351340873025,1
TCGA-BF-A5EP-01A-12R-A27Q-07,0.5727214953035237,1
TCGA-B0-5694-01A-11R-1541-07,0.24662497315522572,1
TCGA-E9-A1R7-01A-11R-A14M-07,0.8463063226804562,1
TCGA-G3-A7M5-01A-11R-A33R-07,0.568469028934285,1
TCGA-A2-A0SV-01A-11R-A084-07,0.43004714973326785,1
TCGA-DW-7838-01A-11R-2139-07,0.7887270672831973,1
TCGA-AN-A04C-01A-21R-A034-07,0.335426827179049,1
TCGA-77-6842-01A-11R-1949-07,0.6647913571062989,1
TCGA-B0-4688-01A-01R-1277-07,0.7590613851748934,1
TCGA-A2-A0YM-01A-11R-A109-07,0.41513297755318634,1
TCGA-JY-A6F8-01A-11R-A336-31,0.6338283243888576,1
TCGA-F4-6808-01A-11R-1839-07,0.635101063298711,1
TCGA-AC-A2BM-01A-11R-A21T-07,0.8691140098252806,1
TCGA-34-5236-01A-21R-1820-07,0.7056650350394809,1
TCGA-AZ-6598-01A-11R-1774-07,0.6563837997210357,1
TCGA-D8-A1X7-01A-11R-A14M-07,0.3331181600881072,1
TCGA-AN-A0FY-01A-11R-A034-07,0.3197775901932274,1
TCGA-AO-A03R-01A-21R-A034-07,0.9003878345376044,1
TCGA-CJ-4920-01A-01R-1426-07,0.3000526526080887,1
TCGA-LL-A442-01A-11R-A24H-07,0.9054770889753124,1
TCGA-V1-A9OY-01A-11R-A41O-07,0.7871915889273567,1
TCGA-DD-AAVZ-01A-11R-A41C-07,0.5596874120113337,1
TCGA-UZ-A9PL-01A-11R-A38C-07,0.6007919149451245,0
TCGA-CJ-4638-01A-02R-1325-07,0.5684281393776945,1
TCGA-25-2401-01A-01R-1569-13,0.9451466745415645,1
TCGA-BP-4765-01A-01R-1289-07,0.8508969307035371,1
TCGA-AN-A0FS-01A-11R-A034-07,0.9206692877815112,1
TCGA-B8-5162-01A-01R-1420-07,0.8634794302423657,0
TCGA-EV-5901-01A-11R-1592-07,0.6407899691779504,1
TCGA-2Y-A9H0-01A-11R-A38B-07,0.8217564034440484,1
TCGA-B4-5836-01A-11R-1672-07,0.7431138062034225,1
TCGA-G9-6338-01A-12R-1965-07,0.6950858845959754,1
TCGA-HZ-A9TJ-01A-11R-A41I-07,0.6098691192447637,1
TCGA-D8-A1XT-01A-11R-A14M-07,0.32738817046050117,0
TCGA-E9-A1N6-01A-11R-A144-07,0.4144652740355918,0
TCGA-E2-A1IK-01A-11R-A144-07,0.9051491686648195,1
TCGA-CJ-5683-01A-11R-1541-07,0.8606162437897696,1
TCGA-KK-A8IF-01A-11R-A36G-07,0.8505313893048758,1
TCGA-QG-A5Z2-01A-11R-A28H-07,0.588971388159845,1
TCGA-A1-A0SO-01A-22R-A084-07,0.7644438042665654,0
TCGA-E2-A154-01A-11R-A115-07,0.9147811215699438,1
TCGA-J9-A8CM-01A-11R-A352-07,0.804741095367153,1
TCGA-AN-A0FV-01A-11R-A00Z-07,0.8821239176622985,1
TCGA-CM-6679-01A-11R-1839-07,0.6474660832809798,1
TCGA-77-8153-01A-11R-2403-07,0.6630241518600324,1
TCGA-BH-A0BJ-01A-11R-A056-07,0.871957332522799,1
TCGA-AN-A0AL-01A-11R-A00Z-07,0.34977034849129324,1
TCGA-24-1928-01A-01R-1567-13,0.25105816041490225,1
TCGA-IB-7890-01A-12R-2204-07,0.6906245569363709,0
TCGA-E2-A15R-01A-11R-A115-07,0.9063354583167372,1
TCGA-BH-A0DT-01A-21R-A12D-07,0.31947819825226226,0
TCGA-Q3-A5QY-01A-12R-A32O-07,0.5944466384728171,0
TCGA-NJ-A4YI-01A-11R-A262-07,0.5125203424788506,1
TCGA-ZG-A9N3-01A-11R-A41O-07,0.7681009574222315,1
TCGA-2Z-A9JO-01A-11R-A42S-07,0.8900583803251262,1
TCGA-25-1626-01A-01R-1566-13,0.832522163881919,1
TCGA-CC-5262-01A-01R-A131-07,0.7126336562384811,0
TCGA-57-1582-01A-01R-1566-13,0.8154303761629449,0
TCGA-WJ-A86L-01A-12R-A39D-07,0.802278106038072,0
TCGA-GL-6846-01A-11R-1965-07,0.523580192348911,1
TCGA-E9-A54X-01A-11R-A266-07,0.7650969806751099,1
TCGA-55-1594-01A-01R-0946-07,0.4980371230258095,0
TCGA-AA-3864-01A-01R-1022-07,0.6233568654982843,1
TCGA-49-6742-01A-11R-1858-07,0.5241115428696388,1
TCGA-H6-8124-01A-11R-2404-07,0.6735773484683122,1
TCGA-HC-7820-01A-11R-2118-07,0.46085202404021436,1
TCGA-AY-A8YK-01A-11R-A41B-07,0.5763783242113497,0
TCGA-34-8454-01A-11R-2326-07,0.6798884844756428,1
TCGA-A6-A56B-01A-31R-A28H-07,0.5640333937545783,0
TCGA-AR-A0U2-01A-11R-A109-07,0.8723026514574426,1
TCGA-BC-A112-01A-11R-A131-07,0.23424566055505663,1
TCGA-IB-7646-01A-11R-2156-07,0.598365097644344,1
TCGA-V1-A9ZG-01A-11R-A41O-07,0.6975269736280593,1
TCGA-86-7953-01A-11R-2187-07,0.5165281326564577,1
TCGA-CZ-5451-01A-01R-1503-07,0.7853813718393975,1
TCGA-A6-6138-01A-11R-1774-07,0.5720827050956824,0
TCGA-GL-7966-01A-11R-2204-07,0.8528856949004573,1
TCGA-BP-4982-01A-01R-1334-07,0.7740881782865057,1
TCGA-B4-5835-01A-11R-1672-07,0.8466055114997061,1
TCGA-E9-A1NE-01A-21R-A14M-07,0.94120579403908,1
TCGA-MH-A856-01A-11R-A355-07,0.20728838161053942,1
TCGA-EB-A299-01A-21R-A18U-07,0.5085356291926987,0
TCGA-V1-A8MF-01A-11R-A36G-07,0.7333599997645498,1
TCGA-G9-6361-01A-21R-1965-07,0.794368372265731,1
TCGA-L5-A8NH-01A-11R-A37I-31,0.6692673417134765,0
TCGA-LN-A49P-01A-11R-A24K-31,0.9659089866669933,1
TCGA-E2-A14V-01A-11R-A12D-07,0.9165279275063276,1
TCGA-49-AAR4-01A-12R-A41B-07,0.5036982152521052,1
TCGA-IB-7885-01A-11R-2156-07,0.603497189414314,0
TCGA-D8-A1XQ-01A-11R-A14M-07,0.3371539502735128,1
TCGA-AA-3872-01A-01R-1022-07,0.6148937163642424,0
TCGA-85-8070-01A-11R-2247-07,0.6508408696882153,1
TCGA-HI-7169-01A-11R-2118-07,0.45789536854386553,1
TCGA-HC-8213-01A-11R-A29R-07,0.7099743272307919,0
TCGA-CH-5754-01A-11R-1580-07,0.7644518665204456,1
TCGA-2A-A8W1-01A-11R-A37L-07,0.6645414245295546,1
TCGA-AA-3527-01A-01R-0821-07,0.6092389865029934,1
TCGA-G7-6797-01A-11R-1965-07,0.7544628703512481,1
TCGA-05-4403-01A-01R-1206-07,0.5068204437504524,1
TCGA-EW-A1IW-01A-11R-A13Q-07,0.3413259579361315,1
TCGA-ZG-A9L0-01A-11R-A41O-07,0.8194279236842573,1
TCGA-56-8624-01A-11R-2403-07,0.9598256442616654,1
TCGA-D8-A1J8-01A-11R-A13Q-07,0.3274638390692127,1
TCGA-JY-A6FH-01A-11R-A336-31,0.6586029549621294,1
TCGA-09-0366-01A-01R-1564-13,0.7028260469387201,1
TCGA-A7-A6VV-01A-22R-A33J-07,0.33460658256089953,1
TCGA-L5-A4OG-01A-11R-A260-31,0.6651157477388644,1
TCGA-EJ-A65G-01A-21R-A29R-07,0.5465725523304474,1
TCGA-T9-A92H-01A-11R-A37K-07,0.9584776195643643,1
TCGA-AA-3685-01A-02R-A32Z-07,0.6265051080632964,1
TCGA-BP-4993-01A-02R-1420-07,0.6587453205642803,1
TCGA-B0-5690-01A-11R-1541-07,0.30169941219905283,1
TCGA-G3-AAV6-01A-21R-A37K-07,0.25741829461192556,1
TCGA-13-1505-01A-01R-1565-13,0.8368270704955144,1
TCGA-LD-A9QF-01A-32R-A41B-07,0.8754774754073923,1
TCGA-AA-3710-01A-01R-1022-07,0.6186301055140484,1
TCGA-85-7950-01A-11R-2187-07,0.6822076380020864,1
TCGA-A8-A07L-01A-11R-A00Z-07,0.3422194736077329,1
TCGA-55-A492-01A-11R-A24H-07,0.9471872263056046,0
TCGA-AZ-5403-01A-01R-1653-07,0.5879436140561447,1
TCGA-69-7765-01A-11R-2170-07,0.5089620718964029,1
TCGA-IB-8127-01A-11R-2404-07,0.6116797410068404,1
TCGA-E2-A1IJ-01A-11R-A144-07,0.8720435952829892,0
TCGA-YL-A9WK-01A-11R-A37L-07,0.5589341902244169,1
TCGA-A8-A09D-01A-11R-A00Z-07,0.3369083590270191,1
TCGA-DD-AADA-01A-11R-A41C-07,0.5363340355246223,1
TCGA-CH-5763-01A-11R-1580-07,0.8232974767240491,1
TCGA-CZ-4865-01A-02R-1503-07,0.7814022742977572,1
TCGA-BC-A10Z-01A-11R-A131-07,0.7932193128537031,1
TCGA-EB-A44P-01A-11R-A266-07,0.5916280733603269,0
TCGA-CC-A3MA-01A-11R-A213-07,0.8430862905169436,1
TCGA-AA-3673-01A-01R-0905-07,0.6718291651210279,1
TCGA-CZ-5982-01A-11R-1672-07,0.8169223118046631,1
TCGA-56-7223-01A-11R-2045-07,0.5868687983285332,1
TCGA-EB-A41A-01A-11R-A24X-07,0.488695348870875,0
TCGA-IB-AAUS-01A-12R-A38C-07,0.5875472685798917,0
TCGA-B0-4828-01A-01R-1277-07,0.756448749142577,1
TCGA-92-8065-01A-11R-2247-07,0.6069513528463042,1
TCGA-98-A53H-01A-12R-A262-07,0.6058480384238568,1
TCGA-05-4397-01A-01R-1206-07,0.5039846501315277,1
TCGA-HC-A6AO-01A-11R-A30B-07,0.22848038380842323,1
TCGA-E2-A108-01A-13R-A10J-07,0.3296779815963723,1
TCGA-23-1107-01A-01R-1564-13,0.8683230097931631,1
TCGA-IA-A40X-01A-11R-A24Z-07,0.7697384366228862,1
TCGA-B4-5838-01A-11R-1672-07,0.25488117910955604,1
TCGA-24-1603-01A-01R-1566-13,0.8550840272813641,0
TCGA-R6-A6L4-01A-11R-A31P-31,0.6685233145689249,1
TCGA-B6-A0IE-01A-11R-A034-07,0.7053642100990373,1
TCGA-04-1517-01A-01R-1565-13,0.7502608395021132,1
TCGA-LA-A446-01A-21R-A24Z-07,0.9585367431495728,0
TCGA-C8-A1HF-01A-11R-A137-07,0.4208620177774671,1
TCGA-MP-A4TH-01A-31R-A262-07,0.5156024997734414,1
TCGA-AA-3848-01A-01R-0905-07,0.6086848938546098,0
TCGA-KV-A6GE-01A-11R-A31O-07,0.5777754911607539,1
TCGA-CC-A5UC-01A-11R-A28V-07,0.21922423843906755,1
TCGA-96-7544-01A-11R-2045-07,0.5776494259915079,0
TCGA-B6-A0X1-01A-11R-A109-07,0.42173313903555465,1
TCGA-AA-3553-01A-01R-0821-07,0.6307262055131627,0
TCGA-HC-7818-01A-11R-2118-07,0.6111477754015211,1
TCGA-DD-AADL-01A-11R-A41C-07,0.7387159448621461,1
TCGA-78-7542-01A-21R-2066-07,0.49373410353283637,1
TCGA-E2-A1B5-01A-21R-A12P-07,0.8850565810831336,1
TCGA-A6-2684-01A-01R-1410-07,0.6295964634035541,1
TCGA-BH-A1FD-01A-11R-A13Q-07,0.33394708233015175,1
TCGA-G9-6496-01A-11R-1789-07,0.7422658571043528,1
TCGA-EJ-8468-01A-21R-2403-07,0.7439380803580123,1
TCGA-AR-A1AS-01A-11R-A12P-07,0.3170164040663929,0
TCGA-86-8674-01A-21R-2403-07,0.5785464802050723,1
TCGA-DD-A4NS-01A-11R-A311-07,0.7786409180820569,1
TCGA-BP-5170-01A-01R-1426-07,0.7007030454072256,1
TCGA-A8-A06P-01A-11R-A00Z-07,0.4162753421102055,1
TCGA-B0-4697-01A-01R-1277-07,0.8255486170619836,1
TCGA-33-6737-01A-11R-1820-07,0.6768914282006206,1
TCGA-85-A512-01A-11R-A26W-07,0.5862029854607704,1
TCGA-55-8511-01A-11R-2403-07,0.592903644167069,1
TCGA-VP-A878-01A-31R-A352-07,0.7334247120256996,0
TCGA-BH-A0DZ-01A-11R-A00Z-07,0.3482132773714643,1
TCGA-D5-6931-01A-11R-1928-07,0.6635704029855962,0
TCGA-50-5044-01A-21R-1858-07,0.49682724840954656,0
TCGA-A2-A4RY-01A-31R-A266-07,0.88384548846371,1
TCGA-EJ-7331-01A-11R-2118-07,0.7814166942584382,1
TCGA-CZ-4864-01A-01R-1503-07,0.8156403908106786,1
TCGA-4A-A93W-01A-11R-A37K-07,0.5947694896286968,1
TCGA-AA-3655-01A-02R-1723-07,0.5682281429012789,0
TCGA-CM-6678-01A-11R-1839-07,0.58568581670964,1
TCGA-AA-A02J-01A-01R-A00A-07,0.61015494370141,1
TCGA-DD-AAVR-01A-11R-A41C-07,0.7547792402639071,0
TCGA-23-1123-01A-01R-1565-13,0.6059619142992715,1
TCGA-L5-A43H-01A-11R-A24K-31,0.6562460274421931,1
TCGA-EJ-7791-01A-11R-2118-07,0.7507235540942242,1
TCGA-B6-A0RO-01A-22R-A084-07,0.8782930340269584,0
TCGA-96-8169-01A-11R-2296-07,0.6022149594032293,1
TCGA-E2-A10E-01A-21R-A10J-07,0.9107371338591093,1
TCGA-EJ-5518-01A-01R-1580-07,0.7486272557851873,1
TCGA-5P-A9K0-01A-11R-A42S-07,0.7607364847839008,1
TCGA-AO-A0JM-01A-21R-A056-07,0.42658779059331164,1
TCGA-56-6545-01A-11R-1820-07,0.6713302830180471,1
TCGA-CJ-4643-01A-02R-1325-07,0.8243251996384439,0
TCGA-DZ-6135-01A-11R-1965-07,0.6232161979149297,0
TCGA-QU-A6IN-01A-11R-A31N-07,0.7736269089186711,1
TCGA-EW-A1P6-01A-11R-A144-07,0.3374486831463463,1
TCGA-BH-A0E6-01A-11R-A034-07,0.33006612554244924,1
TCGA-04-1347-01A-01R-1564-13,0.7815160373729052,0
TCGA-NH-A6GB-01A-11R-A37K-07,0.5758075897207025,1
TCGA-50-5072-01A-21R-1858-07,0.5090459065631149,1
TCGA-O2-A52Q-01A-11R-A26W-07,0.5933510427830385,1
TCGA-AC-A23C-01A-12R-A169-07,0.839373483777919,1
TCGA-TP-A8TV-01A-11R-A41O-07,0.7239199760724044,0
TCGA-63-A5MN-01A-22R-A27Q-07,0.5820089045012186,0
TCGA-OL-A5D6-01A-21R-A27Q-07,0.40445339667737285,1
TCGA-55-8097-01A-11R-2241-07,0.9598059643254394,0
TCGA-EW-A1OX-01A-11R-A144-07,0.9024195192549901,1
TCGA-13-0804-01A-01R-1564-13,0.8003040853314608,1
TCGA-A2-A25D-01A-12R-A16F-07,0.9185542023013334,1
TCGA-24-1549-01A-01R-1566-13,0.8249297830189893,1
TCGA-XK-AAJR-01A-11R-A41O-07,0.7518182284715893,1
TCGA-CW-5588-01A-01R-1541-07,0.7702196937854308,1
TCGA-SX-A71V-01A-11R-A33Z-07,0.6054865927443029,1
TCGA-BQ-7049-01A-11R-1965-07,0.801806168976036,1
TCGA-BQ-5876-01A-11R-1592-07,0.7708624775949737,0
TCGA-B6-A0IJ-01A-11R-A034-07,0.8790712079970868,1
TCGA-55-A491-01A-11R-A24H-07,0.6045870446714591,1
TCGA-E2-A1L9-01A-11R-A13Q-07,0.3481317568814178,1
TCGA-44-8117-01A-11R-2241-07,0.5963257539834961,1
TCGA-JY-A93D-01A-11R-A38D-31,0.5710892874348519,1
TCGA-AO-A0J3-01A-11R-A034-07,0.8507161535605604,0
TCGA-A3-A8OU-01A-11R-A37O-07,0.8695910273358356,0
TCGA-63-A5M9-01A-11R-A26W-07,0.5961439606978486,1
TCGA-86-8585-01A-11R-2403-07,0.580566513239658,0
TCGA-13-0762-01A-01R-1564-13,0.22618514324052022,1
TCGA-KK-A7B4-01A-11R-A32O-07,0.4773674681040454,0
TCGA-MP-A4SV-01A-11R-A24X-07,0.49227550151594884,0
TCGA-LD-A7W5-01A-22R-A352-07,0.8358796491309474,0
TCGA-IZ-A6M8-01A-11R-A31O-07,0.5728778265629083,0
TCGA-CW-5585-01A-01R-1541-07,0.5732750139546041,1
TCGA-BH-A0B2-01A-11R-A10J-07,0.9023753760533185,1
TCGA-AC-A2FK-01A-12R-A180-07,0.7033394762999076,1
TCGA-ER-A19K-01A-21R-A18T-07,0.587777609390143,0
TCGA-DD-A4NR-01A-11R-A311-07,0.22600817872732606,0
TCGA-D8-A27T-01A-11R-A16F-07,0.8907154657220845,1
TCGA-96-7545-01A-21R-2045-07,0.6672157810186622,1
TCGA-21-1081-01A-01R-0692-07,0.6517530807380661,1
TCGA-AR-A2LL-01A-11R-A180-07,0.8710292118407218,1
TCGA-J4-A83M-01A-11R-A352-07,0.7833429065244838,1
TCGA-DD-AADF-01A-11R-A41C-07,0.7418192938305721,1
TCGA-B4-5377-01A-01R-1503-07,0.7609429837481202,1
TCGA-B8-5158-01A-01R-1420-07,0.24486297040066252,1
TCGA-25-1326-01A-01R-1565-13,0.704309174302167,1
TCGA-DD-A1EB-01A-11R-A131-07,0.8858923240329556,1
TCGA-63-A5MJ-01A-11R-A27Q-07,0.6743038667454322,1
TCGA-B9-4115-01A-01R-1193-07,0.7756550324083242,1
TCGA-B8-4619-01A-02R-1325-07,0.29568732109752605,1
TCGA-AA-3554-01A-01R-0826-07,0.6218551671494423,0
TCGA-2Y-A9H3-01A-11R-A38B-07,0.7485789949075717,1
TCGA-55-7728-01A-11R-2187-07,0.5124152880484888,1
TCGA-BP-5181-01A-01R-1426-07,0.29951697010023837,1
TCGA-DM-A1D8-01A-11R-A155-07,0.9709111024795886,1
TCGA-SX-A71S-01A-11R-A33Z-07,0.6166598446788926,1
TCGA-D8-A1XF-01A-11R-A14D-07,0.8483103147624219,1
TCGA-24-1474-01A-01R-1566-13,0.7164357396275178,1
TCGA-KC-A4BN-01A-61R-A250-07,0.6155454571600073,1
TCGA-A3-3328-01A-01R-0864-07,0.8275647436074444,0
TCGA-HN-A2OB-01A-21R-A27Q-07,0.9146928697468335,1
TCGA-29-1698-01A-01R-1567-13,0.8275269682222325,0
TCGA-20-1686-01A-01R-1566-13,0.83082070678586,1
TCGA-50-5939-01A-11R-1628-07,0.5185057210480598,1
TCGA-A7-A3J1-01A-11R-A213-07,0.9402211085005554,1
TCGA-36-1570-01A-01R-1566-13,0.7674096324605019,1
TCGA-AA-3521-01A-01R-0821-07,0.6189639021294085,1
TCGA-FC-7708-01A-11R-2118-07,0.731884959083401,0
TCGA-VG-A8LO-01A-11R-A406-31,0.8452069041692181,1
TCGA-NK-A5CX-01A-11R-A26W-07,0.6110019534048322,1
TCGA-OL-A97C-01A-32R-A41B-07,0.91612504069945,1
TCGA-E2-A158-01A-11R-A12D-07,0.8275323882835146,1
TCGA-HC-8256-01A-11R-2263-07,0.45834217673024896,1
TCGA-A7-A0CE-01A-11R-A00Z-07,0.31727942196937636,1
TCGA-AR-A1AL-01A-21R-A12P-07,0.8876692964979033,1
TCGA-E2-A3DX-01A-21R-A213-07,0.891592037316488,1
TCGA-A2-A3XT-01A-11R-A22U-07,0.43597411813756864,0
TCGA-50-8457-01A-11R-2326-07,0.9436265357207128,1
TCGA-LL-A6FQ-01A-11R-A31O-07,0.794273072826906,1
TCGA-2H-A9GK-01A-11R-A37I-31,0.6687358621339323,1
TCGA-G3-A5SM-01A-12R-A28V-07,0.7789742884095189,1
TCGA-AR-A1AX-01A-11R-A12P-07,0.8827901287185534,1
TCGA-A2-A4S3-01A-21R-A266-07,0.336360293168398,1
TCGA-21-A5DI-01A-31R-A26W-07,0.590331847706728,1
TCGA-24-0966-01A-01R-1564-13,0.7793370637801212,0
TCGA-BH-A0H7-01A-13R-A056-07,0.41237555645637386,1
TCGA-97-7554-01A-11R-2039-07,0.5262843002237622,1
TCGA-IB-7886-01A-11R-2156-07,0.6112076504478491,1
TCGA-61-1728-01A-01R-1568-13,0.720567478625604,1
TCGA-GM-A5PX-01A-12R-A28M-07,0.8731368634890869,1
TCGA-EJ-5494-01A-01R-1580-07,0.6549770998171052,1
TCGA-AZ-6605-01A-11R-1839-07,0.5800711167737883,1
TCGA-GL-A9DE-01A-11R-A37K-07,0.5116211884157214,0
TCGA-Y8-A895-01A-11R-A36F-07,0.5150213711316654,0
TCGA-55-8206-01A-11R-2241-07,0.9296054141804589,0
TCGA-85-8584-01A-11R-2403-07,0.600217512060709,1
TCGA-AZ-4313-01A-01R-1410-07,0.5994491601077394,1
TCGA-EJ-AB20-01A-12R-A41O-07,0.47692742698132196,0
TCGA-43-8116-01A-11R-2247-07,0.6026428334918896,0
TCGA-97-7553-01A-21R-2039-07,0.5151393643149631,1
TCGA-VP-A87B-01A-11R-A352-07,0.525262563331461,1
TCGA-BH-A0BA-01A-11R-A056-07,0.9324800935754919,1
TCGA-A3-3349-01A-01R-1188-07,0.809927049307663,0
TCGA-EW-A1OW-01A-21R-A144-07,0.33899489445095815,0
TCGA-L5-A8NW-01A-11R-A37I-31,0.987801732000276,1
TCGA-EJ-A65M-01A-11R-A29R-07,0.7059871844706582,1
TCGA-E2-A15P-01A-11R-A115-07,0.9153908030116612,1
TCGA-A8-A09G-01A-21R-A00Z-07,0.8694124501959533,1
TCGA-MN-A4N5-01A-11R-A24X-07,0.9433000795863425,0
TCGA-A2-A0YG-01A-21R-A109-07,0.33429575770048675,1
TCGA-BH-A1EY-01A-11R-A13Q-07,0.35894814646205137,1
TCGA-CC-A9FU-01A-11R-A37K-07,0.7769458785867385,1
TCGA-A3-3335-01A-01R-0864-07,0.7581210550790642,1
TCGA-78-7154-01A-11R-2039-07,0.6062859064652741,1
TCGA-69-8255-01A-11R-2287-07,0.956468582298003,1
TCGA-EJ-5502-01A-01R-1580-07,0.8460131768680065,0
TCGA-AO-A03P-01A-11R-A00Z-07,0.8627183769117552,1
TCGA-22-5478-01A-01R-1635-07,0.6701017125649491,1
TCGA-AA-3858-01A-01R-0905-07,0.6255192886326317,0
TCGA-HZ-8317-01A-11R-2404-07,0.6007168593781066,1
TCGA-AQ-A1H2-01A-11R-A13Q-07,0.9043238776724659,1
TCGA-LN-A49R-01A-11R-A24K-31,0.6705510606648569,1
TCGA-24-1464-01A-01R-1566-13,0.8168973760160944,1
TCGA-G3-A5SL-01A-11R-A27V-07,0.7304679894655514,0
TCGA-VR-AA7B-01A-31R-A406-31,0.6434300520212071,1
TCGA-AC-A3QQ-01B-06R-A22O-07,0.8567778248109532,1
TCGA-AR-A24N-01A-11R-A169-07,0.8715444973151651,1
TCGA-D5-6531-01A-11R-1723-07,0.6549281735401791,1
TCGA-E9-A244-01A-11R-A169-07,0.40896137563748003,1
TCGA-B0-4852-01A-01R-1503-07,0.8123397941920294,1
TCGA-DD-AAW0-01A-11R-A41C-07,0.5415125374672106,1
TCGA-55-8506-01A-11R-2403-07,0.5211167028481042,1
TCGA-B9-5156-01A-01R-1592-07,0.8444583998104483,1
TCGA-D8-A27F-01A-11R-A16F-07,0.4308832797395036,1
TCGA-B4-5832-01A-11R-1672-07,0.22204797124558484,0
TCGA-CM-5341-01A-01R-1410-07,0.6336399370293794,1
TCGA-91-6831-01A-11R-1858-07,0.5843178568940662,0
TCGA-EJ-5526-01A-01R-1580-07,0.7368352153534393,1
TCGA-VP-A876-01A-11R-A352-07,0.727324466016861,1
TCGA-E2-A576-01A-11R-A31O-07,0.7385292790216368,1
TCGA-J4-AATV-01A-11R-A41O-07,0.8060547400909823,0
TCGA-RC-A7SK-01A-11R-A352-07,0.7834988395701651,1
TCGA-BH-A1F2-01A-31R-A13Q-07,0.33482019264950674,0
TCGA-E2-A1BD-01A-11R-A12P-07,0.8732464113222318,1
TCGA-B8-5551-01A-01R-1541-07,0.7934547150748272,0
TCGA-49-AAR2-01A-11R-A39D-07,0.5652299388676812,0
TCGA-A1-A0SE-01A-11R-A084-07,0.9214549184451607,1
TCGA-D5-6534-01A-21R-1928-07,0.6526353664968592,1
TCGA-A7-A426-01A-22R-A24H-07,0.9093130822624247,1
TCGA-56-8503-01A-11R-2403-07,0.6135142220097549,1
TCGA-B1-A654-01A-11R-A31O-07,0.509331620760793,1
TCGA-AA-A029-01A-01R-A00A-07,0.6200166323006455,1
TCGA-D8-A27K-01A-11R-A16F-07,0.9137540803367467,1
TCGA-BP-4991-01A-01R-1334-07,0.9232462393282254,1
TCGA-24-1428-01A-01R-1564-13,0.8102330152973741,1
TCGA-10-0928-01A-02R-1564-13,0.8165366611392791,1
TCGA-M7-A71Y-01A-22R-A32O-07,0.4481227150443311,1
TCGA-G4-6299-01A-11R-1774-07,0.5720231959470217,1
TCGA-AK-3453-01A-02R-1277-07,0.8253349245666477,1
TCGA-E9-A247-01A-11R-A169-07,0.4083851018230703,1
TCGA-5P-A9K3-01A-11R-A42S-07,0.9289514610943287,1
TCGA-DD-A1EI-01A-11R-A131-07,0.8061710367440126,1
TCGA-B0-4823-01A-02R-1420-07,0.6967515782109537,1
TCGA-A2-A0CL-01A-11R-A115-07,0.8514093209563229,1
TCGA-VN-A88O-01A-11R-A352-07,0.7134234486708263,1
TCGA-A6-3810-01A-01R-1022-07,0.6422236409003391,1
TCGA-60-2724-01A-01R-0851-07,0.600533126786354,1
TCGA-B3-3925-01A-02R-1351-07,0.6021681398082727,1
TCGA-G3-A7M8-01A-11R-A33R-07,0.5269374798966057,1
TCGA-AR-A5QP-01A-11R-A28M-07,0.9087178477093562,1
TCGA-CH-5767-01A-11R-1789-07,0.6605067057629161,1
TCGA-AR-A24S-01A-11R-A169-07,0.338927797182021,0
TCGA-BH-A1FE-01A-11R-A13Q-07,0.3273963125429858,0
TCGA-EJ-7782-01A-11R-2118-07,0.726065001460284,1
TCGA-55-8094-01A-11R-2241-07,0.9355357669186066,0
TCGA-77-8145-01A-11R-2247-07,0.6799490551199862,1
TCGA-AA-3851-01A-01R-1022-07,0.631185403125189,1
TCGA-L5-A8NI-01A-11R-A37I-31,0.678098963453589,1
TCGA-2J-AABP-01A-11R-A41B-07,0.6830106729744424,1
TCGA-AC-A3YJ-01A-11R-A22U-07,0.8593658089723306,1
TCGA-25-1877-01A-01R-1567-13,0.23357977580918007,1
TCGA-AR-A2LE-01A-11R-A180-07,0.329645791433887,0
TCGA-B0-4847-01A-01R-1277-07,0.8478535725179109,1
TCGA-BH-A0E1-01A-11R-A056-07,0.8473307294752941,1
TCGA-21-5784-01A-01R-1635-07,0.6739883763601614,0
TCGA-KK-A7AQ-01A-11R-A33R-07,0.7264281164200115,1
TCGA-DD-AAE3-01A-11R-A41C-07,0.9048702020771938,1
TCGA-93-A4JQ-01A-11R-A24X-07,0.5876686086162967,1
TCGA-AC-A3TN-01A-11R-A22K-07,0.8979378909790219,1
TCGA-VR-A8Q7-01A-11R-A37I-31,0.6474724625397708,1
TCGA-HC-8259-01A-11R-2263-07,0.4486093185634654,1
TCGA-AO-A12A-01A-21R-A115-07,0.7996888769395483,0
TCGA-66-2742-01A-01R-0980-07,0.5901063175702972,1
TCGA-KC-A4BV-01A-31R-A26U-07,0.5603973715161172,1
TCGA-Y8-A8S0-01A-11R-A37K-07,0.5115433996385869,1
TCGA-YL-A8SF-01A-11R-A37L-07,0.743550149320118,1
TCGA-24-1567-01A-01R-1566-13,0.8514679700219265,1
TCGA-BH-A0H6-01A-21R-A056-07,0.39662486202188707,0
TCGA-BP-5186-01A-01R-1426-07,0.8599413020537642,1
TCGA-B0-4699-01A-01R-1277-07,0.8323428231910599,1
TCGA-OY-A56Q-01A-11R-A406-31,0.7693468591896341,1
TCGA-B0-4836-01A-01R-1305-07,0.8691203855910928,1
TCGA-HZ-A49I-01A-12R-A26U-07,0.6817162918921726,1
TCGA-J7-8537-01A-11R-2404-07,0.8069920225782947,0
TCGA-SX-A7SS-01A-11R-A36F-07,0.8239391317666706,1
TCGA-CM-6161-01A-11R-1653-07,0.5700366395692511,1
TCGA-66-2753-01A-01R-0980-07,0.5961261499043876,1
TCGA-A3-3343-01A-01R-0864-07,0.30027992166960477,1
TCGA-24-1930-01A-01R-1567-13,0.7783920489547704,1
TCGA-A2-A0T7-01A-21R-A084-07,0.42858216966376655,1
TCGA-75-6203-01A-11R-1755-07,0.5089958394944315,1
TCGA-CZ-5989-01A-11R-1672-07,0.22130922495976524,1
TCGA-DD-AAVP-01A-11R-A41C-07,0.5775815974121298,0
TCGA-MH-A562-01A-11R-A26U-07,0.7995685358433948,0
TCGA-AC-A2FE-01A-11R-A19W-07,0.9130186968828483,1
TCGA-ZG-A8QZ-01A-11R-A37L-07,0.8028194696008288,1
TCGA-B8-A54J-01A-11R-A33J-07,0.8597660928502758,0
TCGA-CM-6675-01A-11R-1839-07,0.6499156787838501,0
TCGA-A2-A0D1-01A-11R-A034-07,0.9640298523419168,1
TCGA-UZ-A9PZ-01A-11R-A42S-07,0.5902479867835748,0
TCGA-LN-A9FR-01A-11R-A38D-31,0.639299421163227,1
TCGA-CZ-5458-01A-01R-1503-07,0.8739951926525819,1
TCGA-IB-A5SQ-01A-11R-A32O-07,0.6096643855079074,1
TCGA-EB-A1NK-01A-11R-A18T-07,0.5867427936965812,1
TCGA-BF-A1PX-01A-12R-A18T-07,0.495670698404883,1
TCGA-MH-A855-01A-11R-A355-07,0.6703167384603775,1
TCGA-DZ-6131-01A-11R-1965-07,0.6687936771494996,1
TCGA-CJ-4875-01A-01R-1305-07,0.3163374349543346,1
TCGA-BP-4787-01A-01R-1305-07,0.8142436042243609,1
TCGA-X4-A8KQ-01A-12R-A36G-07,0.7405051138873474,1
TCGA-CZ-4862-01A-01R-1305-07,0.8637412627533363,1
TCGA-E2-A14Y-01A-21R-A12D-07,0.3356437190606804,1
TCGA-B0-5100-01A-01R-1420-07,0.8587046844969589,0
TCGA-EB-A42Y-01A-12R-A24X-07,0.9173845437791935,1
TCGA-25-2399-01A-01R-1569-13,0.827974038165938,1
TCGA-EB-A42Z-01A-12R-A24X-07,0.4926401057249561,1
TCGA-66-2755-01A-01R-0851-07,0.6809372301920816,1
TCGA-A6-2677-01B-02R-A277-07,0.8998572711799843,1
TCGA-25-2400-01A-01R-1569-13,0.8100637219229258,0
TCGA-O2-A52S-01A-11R-A262-07,0.6566842805707015,1
TCGA-09-2054-01A-01R-1568-13,0.8059068575669261,1
TCGA-BC-A10Y-01A-11R-A131-07,0.7733437995999638,1
TCGA-22-5481-01A-31R-1949-07,0.663427050458535,1
TCGA-A2-A0D3-01A-11R-A115-07,0.8959140880661518,1
TCGA-55-8505-01A-11R-2403-07,0.5184046817241247,1
TCGA-CJ-4636-01A-02R-1325-07,0.81214527961558,1
TCGA-13-0797-01A-01R-1564-13,0.5673495827341,1
TCGA-AA-A03J-01A-21R-A16W-07,0.6149503914577467,0
TCGA-VP-A872-01A-11R-A352-07,0.7615714734533767,1
TCGA-XR-A8TF-01A-11R-A36F-07,0.7420515707682642,1
TCGA-EP-A2KA-01A-11R-A180-07,0.2043206451822158,1
TCGA-25-1314-01A-01R-1565-13,0.5971332172361388,1
TCGA-64-5778-01A-01R-1628-07,0.884224315287928,1
TCGA-04-1356-01A-01R-1569-13,0.24954951539701517,1
TCGA-46-3766-01A-01R-0980-07,0.6720064992274803,0
TCGA-78-7535-01A-11R-2066-07,0.5148146198678848,1
TCGA-HZ-7919-01A-11R-2156-07,0.6181938723059993,1
TCGA-DW-7841-01A-11R-A32Z-07,0.8906532019274622,1
TCGA-AA-3538-01A-01R-0821-07,0.6327836066258592,1
TCGA-ZG-A9L5-01A-12R-A41O-07,0.48327131887385505,0
TCGA-DD-A39Z-01A-11R-A213-07,0.4958407315441882,1
TCGA-GM-A3NY-01A-11R-A21T-07,0.8750092968140614,1
TCGA-S4-A8RO-01A-12R-A37L-07,0.6849032189836244,1
TCGA-E2-A573-01A-11R-A29R-07,0.3993628268586049,1
TCGA-G3-A3CG-01A-11R-A213-07,0.698602602065891,1
TCGA-PL-A8LZ-01A-31R-A36F-07,0.41512498471439774,1
TCGA-39-5011-01A-01R-1443-07,0.6674079218716931,1
TCGA-G3-AAV5-01A-11R-A37K-07,0.7390818983139381,1
TCGA-A3-3313-01A-02R-1325-07,0.8686978340619492,0
TCGA-UZ-A9PR-01A-11R-A42S-07,0.5234652002390608,1
TCGA-BQ-5887-01A-11R-1965-07,0.7944836458115829,1
TCGA-49-AARQ-01A-11R-A41B-07,0.5797661827366387,1
TCGA-AA-3488-01A-01R-1410-07,0.6105253930407757,1
TCGA-S3-AA0Z-01A-11R-A41B-07,0.40957199115513154,0
TCGA-FB-A78T-01A-12R-A32O-07,0.6066201203715502,1
TCGA-09-1659-01B-01R-1564-13,0.7398491583233581,1
TCGA-55-8096-01A-11R-2241-07,0.5864229506658631,1
TCGA-DD-AACQ-01A-11R-A41C-07,0.751720845647592,1
TCGA-CC-5260-01A-01R-A131-07,0.8526862593756062,1
TCGA-E2-A14S-01A-11R-A12D-07,0.8809636410442422,1
TCGA-B6-A0WT-01A-11R-A109-07,0.3374409737065219,1
TCGA-BQ-7048-01A-11R-1965-07,0.7741113168440206,0
TCGA-56-A62T-01A-11R-A405-07,0.5826199379203061,0
TCGA-EB-A3XD-01A-22R-A239-07,0.9523424495710066,1
TCGA-DD-AACZ-01A-11R-A41C-07,0.8427386307086592,1
TCGA-CC-A1HT-01A-11R-A131-07,0.22176629276913254,1
TCGA-B2-5633-01A-01R-1541-07,0.814310509493039,0
TCGA-D5-5541-01A-01R-1653-07,0.5821774053735465,1
TCGA-BC-A217-01A-11R-A155-07,0.8177867622231779,1
TCGA-E2-A106-01A-11R-A10J-07,0.9070974739227498,0
TCGA-A2-A0D4-01A-11R-A00Z-07,0.8712793474037197,1
TCGA-BP-4768-01A-01R-1289-07,0.7629438006773287,1
TCGA-HC-7750-01A-11R-2118-07,0.7307090582396294,1
TCGA-C8-A1HI-01A-11R-A137-07,0.8848543971948687,1
TCGA-64-5815-01A-01R-1628-07,0.5048779736176171,1
TCGA-EW-A1P5-01A-11R-A144-07,0.3240399422323885,1
TCGA-DD-AADK-01A-11R-A41C-07,0.8304353669224355,1
TCGA-BP-4174-01A-02R-1289-07,0.31579036592648013,1
TCGA-22-5482-01A-01R-1635-07,0.6705261100054704,1
TCGA-CA-5256-01A-01R-1410-07,0.6144900868411198,0
TCGA-36-1571-01A-01R-1566-13,0.8251403292296382,1
TCGA-13-0714-01A-01R-1564-13,0.24160799424099852,0
TCGA-97-8172-01A-11R-2287-07,0.9093983954939956,1
TCGA-ZG-A9L9-01A-11R-A41O-07,0.7424255131936133,1
TCGA-E2-A159-01A-11R-A115-07,0.3433454285630547,1
TCGA-BP-5187-01A-01R-1426-07,0.8081168759759113,1
TCGA-DZ-6132-01A-11R-1965-07,0.8787996244591583,1
TCGA-A6-6649-01A-11R-1774-07,0.5692608098476002,1
TCGA-60-2722-01A-01R-0851-07,0.5969264894890666,0
TCGA-24-2033-01A-01R-1568-13,0.7957795129634333,1
TCGA-CH-5739-01A-11R-1580-07,0.4728572612236674,0
TCGA-EJ-A6RC-01A-11R-A32O-07,0.7571032599060954,1
TCGA-V5-AASW-01A-11R-A406-31,0.6279881565787585,0
TCGA-86-8280-01A-11R-2287-07,0.9566253241449705,0
TCGA-73-7499-01A-11R-2187-07,0.5135232649472524,1
TCGA-DM-A1DA-01A-11R-A155-07,0.9472774772554794,1
TCGA-ED-A7XO-01A-11R-A352-07,0.76155197011989,1
TCGA-35-4123-01A-01R-1107-07,0.5762698255953107,0
TCGA-CJ-4639-01A-02R-1325-07,0.24992803549894915,1
TCGA-35-4122-01A-01R-1107-07,0.5740792377448005,0
TCGA-AC-A7VC-01A-11R-A352-07,0.775648039961492,0
TCGA-A8-A08X-01A-21R-A00Z-07,0.42085465231303637,0
TCGA-XK-AAIR-01A-11R-A41O-07,0.8076665587199623,1
TCGA-BH-A0B3-01A-11R-A056-07,0.34158268907699946,1
TCGA-BH-A1EV-01A-11R-A137-07,0.3439908721874301,1
TCGA-AA-3982-01A-02R-1022-07,0.6396193480389721,1
TCGA-86-6562-01A-11R-1755-07,0.5226173639603616,1
TCGA-EJ-5496-01A-01R-1580-07,0.47111543238293563,1
TCGA-B6-A400-01A-11R-A239-07,0.4102838845149265,0
TCGA-BF-A5ES-01A-11R-A27Q-07,0.49792824431509597,1
TCGA-F4-6854-01A-11R-1928-07,0.6531851720818079,1
TCGA-10-0938-01A-02R-1564-13,0.757534929510082,0
TCGA-D8-A1XW-01A-11R-A14M-07,0.34891564491281984,1
TCGA-55-8089-01A-11R-2241-07,0.5195551946525565,1
TCGA-43-3920-01A-01R-0980-07,0.6578539422263217,0
TCGA-AA-3660-01A-01R-1723-07,0.6435732545240029,1
TCGA-24-0970-01B-01R-1565-13,0.8358715429854298,0
TCGA-24-2298-01A-01R-1569-13,0.8374833161389137,1
TCGA-EJ-A46G-01A-31R-A26U-07,0.4741412068727173,0
TCGA-A8-A093-01A-11R-A00Z-07,0.9098290208132283,1
TCGA-A7-A26I-01B-06R-A22O-07,0.3390840467643328,1
TCGA-24-1842-01A-01R-1567-13,0.7730042496420011,1
TCGA-LB-A8F3-01A-11R-A36G-07,0.67128979348019,1
TCGA-95-7567-01A-11R-2066-07,0.5225365429239704,1
TCGA-BH-A0EE-01A-11R-A034-07,0.863723113660065,1
TCGA-55-7911-01A-11R-2170-07,0.5074536048606967,1
TCGA-B2-5641-01A-01R-1541-07,0.8086291365178176,0
TCGA-CH-5790-01A-11R-1580-07,0.7966928959882886,1
TCGA-90-7766-01A-21R-2125-07,0.6088381867219677,1
TCGA-AA-3818-01A-01R-0905-07,0.6227356444956025,0
TCGA-NC-A5HL-01A-11R-A26W-07,0.6598911880538829,1
TCGA-23-1120-01A-02R-1565-13,0.8301587457637732,1
TCGA-A8-A06N-01A-11R-A00Z-07,0.8543239594575927,0
TCGA-24-1427-01A-01R-1565-13,0.8406948740642622,1
TCGA-DM-A285-01A-11R-A16W-07,0.965955451478447,0
TCGA-B6-A0RP-01A-21R-A084-07,0.7837904797942031,1
TCGA-77-8130-01A-11R-2247-07,0.5875529105747282,1
TCGA-85-7843-01A-11R-2125-07,0.5782003850902181,0
TCGA-22-1002-01A-01R-0692-07,0.6906016526183048,1
TCGA-L5-A4OU-01A-11R-A28J-31,0.6797008374213092,1
TCGA-44-3918-01B-02R-A277-07,0.5007391222403471,1
TCGA-EJ-5503-01A-01R-1580-07,0.8095992757818676,1
TCGA-B9-4113-01A-01R-1193-07,0.6119495662426679,1
TCGA-55-6642-01A-11R-1858-07,0.5050602512087712,1
TCGA-22-4604-01A-01R-1201-07,0.6817872946758952,1
TCGA-69-8253-01A-11R-2287-07,0.494489242657404,0
TCGA-43-A475-01A-11R-A24H-07,0.9158683102660946,1
TCGA-13-0893-01B-01R-1565-13,0.8273766829550996,1
TCGA-ZG-A9MC-01A-31R-A41O-07,0.7801028393416473,1
TCGA-FB-AAQ3-01A-11R-A41B-07,0.6022756767149096,0
TCGA-30-1861-01A-01R-1568-13,0.8256211816065432,1
TCGA-A8-A0A4-01A-11R-A00Z-07,0.907218595435434,1
TCGA-V1-A9ZI-01A-11R-A41O-07,0.4634553407345085,1
TCGA-AA-A01S-01A-21R-A083-07,0.9485918614808365,1
TCGA-J4-A6G1-01A-11R-A311-07,0.8360432245015597,1
TCGA-DD-AAD5-01A-11R-A41C-07,0.21141453149122513,0
TCGA-44-7661-01A-11R-2066-07,0.6088372256461833,1
TCGA-FV-A23B-01A-11R-A16W-07,0.7655610521381474,1
TCGA-E2-A1B1-01A-21R-A12P-07,0.886258792178101,1
TCGA-EJ-A65D-01A-11R-A30B-07,0.5469518299354956,1
TCGA-CA-5796-01A-01R-1653-07,0.9631307508111598,1
TCGA-AY-6196-01A-11R-1723-07,0.9578047044333815,1
TCGA-KK-A6E2-01A-11R-A311-07,0.725637861084263,1
TCGA-05-4384-01A-01R-1755-07,0.5172815300419875,1
TCGA-D8-A1XD-01A-11R-A14D-07,0.8762026422063709,1
TCGA-T1-A6J8-01A-11R-A32O-07,0.800753361581504,0
TCGA-A2-A0SU-01A-11R-A084-07,0.8373605023078271,1
TCGA-62-A46R-01A-11R-A24H-07,0.9590097542263154,1
TCGA-2J-AAB1-01A-11R-A41B-07,0.6794382537902648,1
TCGA-61-2102-01A-01R-1568-13,0.7007463441809072,1
TCGA-BQ-5891-01A-11R-1592-07,0.21222685993530943,1
TCGA-78-7160-01A-11R-2039-07,0.5118783833707441,1
TCGA-AZ-4614-01A-01R-1410-07,0.6091346819722085,0
TCGA-CM-6676-01A-11R-1839-07,0.6507503706636182,1
TCGA-LN-A49W-01A-11R-A260-31,0.6816046993982839,1
TCGA-A2-A0EY-01A-11R-A034-07,0.34198145401620705,1
TCGA-CJ-4869-01A-02R-1426-07,0.2447712307481271,1
TCGA-F2-A8YN-01A-11R-A37L-07,0.6158360971164317,1
TCGA-EW-A6SC-01A-12R-A32P-07,0.8818810069378483,1
TCGA-77-A5G1-01A-11R-A27Q-07,0.6715584442867322,1
TCGA-V1-A9ZR-01A-11R-A41O-07,0.8203285087333281,1
TCGA-KK-A8I9-01A-11R-A36G-07,0.6239226028085498,0
TCGA-CC-A3MB-01A-11R-A213-07,0.8063582091428968,1
TCGA-B2-5635-01A-01R-1541-07,0.5746891586351263,1
TCGA-AA-3662-01A-01R-1723-07,0.6506284772573832,1
TCGA-S3-AA15-01A-11R-A41B-07,0.41806540624876487,1
TCGA-B8-4154-01A-01R-1188-07,0.2383732398422079,1
TCGA-43-A474-01A-11R-A24H-07,0.6465081983487676,1
TCGA-13-0800-01A-01R-1564-13,0.8035459565665578,1
TCGA-L9-A50W-01A-12R-A39D-07,0.5207162436629259,1
TCGA-B6-A1KF-01A-11R-A13Q-07,0.858617989237178,0
TCGA-22-1011-01A-01R-0692-07,0.6624055028219825,1
TCGA-AA-3833-01A-01R-0905-07,0.6371399328407945,1
TCGA-22-4605-01A-21R-2125-07,0.6055470453411776,1
TCGA-52-7810-01A-11R-2125-07,0.589808729651768,1
TCGA-64-1678-01A-01R-0946-07,0.49208680707438995,1
TCGA-IB-7645-01A-22R-2204-07,0.6165735080378036,1
TCGA-A2-A0EP-01A-52R-A22U-07,0.32904877735782595,1
TCGA-AA-A00Z-01A-01R-A002-07,0.6082145845865633,1
TCGA-E2-A9RU-01A-11R-A41B-07,0.4253378075830385,0
TCGA-BP-5184-01A-01R-1426-07,0.8173997775177704,1
TCGA-73-4670-01A-01R-1206-07,0.4818117059161462,1
TCGA-AA-3679-01A-02R-0905-07,0.6222156403943665,1
TCGA-CM-5348-01A-21R-1723-07,0.5808376693564917,1
TCGA-2A-A8W3-01A-11R-A37L-07,0.5266902054252611,0
TCGA-MH-A857-01A-11R-A355-07,0.5259424201193093,1
TCGA-E2-A1LG-01A-21R-A14M-07,0.8172237161527042,0
TCGA-05-4418-01A-01R-1206-07,0.5224212757925167,1
TCGA-83-5908-01A-21R-2287-07,0.49718286368840403,0
TCGA-G3-A5SJ-01A-11R-A27V-07,0.27625008223961833,1
TCGA-13-0901-01B-01R-1565-13,0.8613990351131544,1
TCGA-B0-5088-01A-01R-1334-07,0.3210485940573283,1
TCGA-AR-A0TU-01A-31R-A109-07,0.9011494574994706,0
TCGA-29-1770-01A-01R-1567-13,0.3012621094541641,1
TCGA-AA-3855-01A-01R-1022-07,0.6225825030056069,1
TCGA-B0-5402-01A-01R-1503-07,0.6389346130624419,1
TCGA-DD-AACD-01A-11R-A41C-07,0.6090420865614977,1
TCGA-UB-A7MB-01A-11R-A33R-07,0.5914880068258819,0
TCGA-J9-A52B-01A-11R-A26U-07,0.7924833494431537,1
TCGA-13-0908-01B-01R-1565-13,0.8289387095654187,1
TCGA-AS-3777-01A-01R-0864-07,0.8502182800985479,0
TCGA-L5-A8NU-01A-11R-A36D-31,0.5939426390102711,1
TCGA-BH-A0W5-01A-11R-A109-07,0.9178071142368721,1
TCGA-L5-A4OE-01A-11R-A260-31,0.6363508775309255,1
TCGA-29-1705-01A-01R-1567-13,0.9253868026504228,1
TCGA-AA-A024-01A-02R-A00A-07,0.6200685483483497,1
TCGA-13-0799-01A-01R-1564-13,0.28634865682099414,1
TCGA-AR-A24L-01A-11R-A169-07,0.43148501016371565,1
TCGA-CZ-5463-01A-01R-1503-07,0.6525141073611836,1
TCGA-G7-A4TM-01A-11R-A31O-07,0.5221147773676801,1
TCGA-5P-A9KH-01A-11R-A42S-07,0.7703788125240483,1
TCGA-E9-A249-01A-11R-A169-07,0.9100737923147594,1
TCGA-J2-A4AD-01A-11R-A24H-07,0.5762203751340219,1
TCGA-BP-4961-01A-01R-1334-07,0.7422807338674068,1
TCGA-DD-AADB-01A-11R-A41C-07,0.7853566377828788,1
TCGA-B6-A0X4-01A-11R-A109-07,0.8640672883378866,0
TCGA-80-5611-01A-01R-1628-07,0.5169310521559337,1
TCGA-A8-A06O-01A-11R-A00Z-07,0.8836637121228517,1
TCGA-B0-4690-01A-01R-1277-07,0.8285082641554333,1
TCGA-A8-A07C-01A-11R-A034-07,0.40249888987105054,1
TCGA-23-1032-01A-02R-1564-13,0.7957768288529186,1
TCGA-CM-6167-01A-11R-1653-07,0.5858949550704966,1
TCGA-D8-A142-01A-11R-A115-07,0.43054324949726436,1
TCGA-A3-A8OV-01A-11R-A37O-07,0.3182049511248356,1
TCGA-A8-A094-01A-11R-A00Z-07,0.41567035421469134,0
TCGA-HC-A8D0-01A-11R-A36G-07,0.46546330947760484,1
TCGA-M9-A5M8-01A-11R-A28J-31,0.6379055241024995,1
TCGA-DD-AACS-01A-11R-A41C-07,0.7624346263554438,1
TCGA-22-4593-01A-21R-1820-07,0.6605044744355494,0
TCGA-E9-A1RB-01A-11R-A157-07,0.44824515380520025,1
TCGA-86-A456-01A-11R-A24H-07,0.5203177530665237,0
TCGA-AR-A24H-01A-11R-A169-07,0.8704511691812624,1
TCGA-OL-A5D7-01A-11R-A27Q-07,0.3950102712642357,0
TCGA-85-A511-01A-21R-A262-07,0.5856558243190139,0
TCGA-49-AAR9-01A-21R-A41B-07,0.5848082227862218,0
TCGA-13-1496-01A-01R-1565-13,0.8736504050174564,0
TCGA-60-2695-01A-01R-0851-07,0.959572813212578,0
TCGA-YL-A8SH-01B-11R-A37L-07,0.7243622861052756,1
TCGA-23-1026-01B-01R-1569-13,0.8378220048141872,0
TCGA-AA-3684-01A-02R-0905-07,0.6354917910352664,1
TCGA-97-8174-01A-11R-2287-07,0.9586159229700688,1
TCGA-A3-3308-01A-02R-1325-07,0.7551218047992089,1
TCGA-DD-A3A4-01A-11R-A22L-07,0.5215719688630235,1
TCGA-AR-A2LO-01A-31R-A18M-07,0.9123039766159795,0
TCGA-64-1679-01A-21R-2066-07,0.586383875284056,1
TCGA-56-8623-01A-11R-A28V-07,0.9736662789657486,1
TCGA-69-A59K-01A-11R-A262-07,0.9784423735634586,0
TCGA-13-0766-01A-02R-1564-13,0.23377497414358,1
TCGA-61-2016-01A-01R-1568-13,0.8407774990678938,1
TCGA-XV-AAZV-01A-11R-A40A-07,0.5856416086254586,1
TCGA-AA-A01Q-01A-01R-A002-07,0.627675073562993,1
TCGA-A2-A25C-01A-11R-A169-07,0.9175979718144504,1
TCGA-24-1849-01A-01R-1567-13,0.8571793713494114,1
TCGA-LL-A5YM-01A-11R-A28M-07,0.38341641521752695,1
TCGA-23-2081-01A-01R-1568-13,0.7247874380508649,1
TCGA-BP-4975-01A-01R-1334-07,0.8690348388396515,1
TCGA-B8-5165-01A-01R-1420-07,0.8271726024082803,0
TCGA-SX-A7SR-01A-12R-A36F-07,0.5026987123417377,1
TCGA-AR-A24M-01A-11R-A169-07,0.34520109254662557,1
TCGA-LL-A6FR-01A-12R-A31O-07,0.9057939023891631,1
TCGA-IB-A5SS-01A-11R-A32O-07,0.6709968009942884,1
TCGA-EJ-AB27-01A-11R-A41O-07,0.7876783008914711,1
TCGA-37-3789-01A-01R-0980-07,0.6660888348468965,1
TCGA-AA-A01F-01A-01R-A002-07,0.611749724711061,1
TCGA-VR-A8EY-01A-11R-A36D-31,0.6531314915667876,1
TCGA-CK-5913-01A-11R-1653-07,0.5767733696155644,0
TCGA-A3-3319-01A-02R-1325-07,0.7756355025274559,0
TCGA-77-8007-01A-11R-2187-07,0.6930528460949447,0
TCGA-24-1434-01A-01R-1566-13,0.27402607688090547,1
TCGA-L5-A4OQ-01A-11R-A260-31,0.6615808811359483,1
TCGA-IG-A3YC-01A-11R-A24K-31,0.6659637063838646,1
TCGA-BH-A0DV-01A-21R-A12P-07,0.7852258095074989,1
TCGA-C8-A12N-01A-11R-A115-07,0.9180144255841688,1
TCGA-KC-A7F6-01A-11R-A33R-07,0.8248715093504198,1
TCGA-DM-A28E-01A-11R-A32Y-07,0.6367551485917519,0
TCGA-85-8048-01A-11R-2247-07,0.6020389075488499,1
TCGA-55-8614-01A-11R-2403-07,0.5282110904918655,1
TCGA-L5-A4OH-01A-11R-A260-31,0.6779718070133717,0
TCGA-AO-A0JJ-01A-11R-A056-07,0.9061630788459242,1
TCGA-DM-A282-01A-12R-A16W-07,0.9527315816081886,1
TCGA-64-5775-01A-01R-1628-07,0.504097501226278,1
TCGA-EJ-5511-01A-01R-1580-07,0.7225831967734411,1
TCGA-E2-A1LE-01A-12R-A19W-07,0.3340247348153229,1
TCGA-E9-A1NH-01A-11R-A14D-07,0.882046760915012,0
TCGA-55-8302-01A-11R-2326-07,0.5304362847963915,1
TCGA-O2-A52N-01A-11R-A26W-07,0.6733287670298395,0
TCGA-AA-3495-01A-01R-1410-07,0.6341827179529133,1
TCGA-A7-A13H-01A-11R-A22K-07,0.8856932721848481,0
TCGA-JY-A6FE-01A-11R-A336-31,0.6406723650256416,1
TCGA-HC-7210-01A-11R-2118-07,0.7395150756863149,1
TCGA-L5-A88T-01A-11R-A354-31,0.6600948477913712,0
TCGA-BP-4998-01A-01R-1334-07,0.8783705225764552,1
TCGA-S3-A6ZG-01A-22R-A32P-07,0.3303843609358718,1
TCGA-B0-5692-01A-11R-1541-07,0.7565840464986799,1
TCGA-ZG-A8QY-01A-11R-A37L-07,0.4655777340909034,1
TCGA-A1-A0SG-01A-11R-A144-07,0.9115969612294765,0
TCGA-64-5774-01A-01R-1628-07,0.5802271774836282,1
TCGA-L5-A8NM-01A-11R-A37I-31,0.6513721664139844,1
TCGA-AO-A12D-01A-11R-A115-07,0.3342511354229303,1
TCGA-39-5024-01A-21R-1820-07,0.6827002830683377,1
TCGA-AA-A01K-01A-01R-A00A-07,0.6258130660290107,0
TCGA-AA-3973-01A-01R-1022-07,0.6387813488319356,1
TCGA-22-5485-01A-01R-1635-07,0.6637865348084896,1
TCGA-50-5941-01A-11R-1755-07,0.502385479891325,0
TCGA-C8-A12K-01A-21R-A115-07,0.42123274437604996,1
TCGA-MH-A55Z-01A-11R-A26U-07,0.4966875151408471,1
TCGA-BH-A0H3-01A-11R-A12P-07,0.8868958490977206,1
TCGA-CJ-4890-01A-01R-1305-07,0.31672368314638333,0
TCGA-85-8072-01A-31R-2247-07,0.6695759138362992,0
TCGA-5M-AATA-01A-31R-A41B-07,0.5731275409369834,0
TCGA-C8-A1HK-01A-21R-A13Q-07,0.3416630370982794,1
TCGA-AN-A0XP-01A-11R-A109-07,0.3405593457886138,1
TCGA-39-5028-01A-01R-1443-07,0.6652016375117895,0
TCGA-ZG-A9L6-01A-11R-A41O-07,0.563970387233688,1
TCGA-AO-A03V-01A-11R-A115-07,0.9070861880233752,1
TCGA-CJ-4895-01A-01R-1305-07,0.9048979501279384,1
TCGA-BC-A10T-01A-11R-A131-07,0.19722638390950267,0
TCGA-AR-A24K-01A-11R-A169-07,0.806814675880021,0
TCGA-A8-A06Z-01A-11R-A00Z-07,0.8656779803063093,1
TCGA-A6-6654-01A-21R-1839-07,0.578138126377247,1
TCGA-G9-6373-01A-11R-1789-07,0.7303653331274256,1
TCGA-DD-A116-01A-11R-A131-07,0.7457778400632336,0
TCGA-VR-A8EQ-01A-11R-A36D-31,0.5764882768880522,1
TCGA-R6-A6L6-01B-11R-A336-31,0.5900149861808932,1
TCGA-55-A493-01A-11R-A24H-07,0.511289120032652,1
TCGA-ES-A2HS-01A-11R-A180-07,0.49433551187232266,1
TCGA-KK-A8I8-01A-11R-A36G-07,0.8229808589091563,1
TCGA-L5-A4OI-01A-11R-A36D-31,0.6583851392174338,1
TCGA-43-6143-01A-11R-1820-07,0.6829436840593304,1
TCGA-HC-7080-01A-11R-1965-07,0.7601080928804536,1
TCGA-FV-A4ZQ-01A-11R-A266-07,0.7444991654788088,0
TCGA-A3-3374-01A-02R-1325-07,0.31976797886604885,0
TCGA-IG-A3QL-01A-11R-A24K-31,0.6460376499105588,0
TCGA-PL-A8LV-01A-21R-A41B-07,0.3386408249401514,1
TCGA-HC-A9TE-01A-11R-A41O-07,0.49263235113046816,1
TCGA-G4-6321-01A-11R-1723-07,0.5696859328694303,1
TCGA-23-1030-01A-02R-1564-13,0.22902394371085563,1
TCGA-FB-AAQ2-01A-31R-A41B-07,0.5955898990174361,1
TCGA-A2-A0CY-01A-12R-A034-07,0.8645502588425975,1
TCGA-AN-A046-01A-21R-A034-07,0.3373589784963629,1
TCGA-BH-A0B4-01A-11R-A00Z-07,0.42864397707792046,1
TCGA-24-0982-01A-01R-1565-13,0.8611307995540464,1
TCGA-AR-A0TY-01A-12R-A115-07,0.4132243951951476,0
TCGA-WS-AB45-01A-11R-A41B-07,0.6540506934426336,0
TCGA-37-4135-01A-01R-1100-07,0.6362531910233334,1
TCGA-EW-A1P0-01A-11R-A144-07,0.40972999545848626,1
TCGA-A2-A04Y-01A-21R-A034-07,0.42847856172978505,1
TCGA-ZP-A9D4-01A-11R-A37K-07,0.8101704824032051,1
TCGA-AC-A23H-01A-11R-A157-07,0.4125689860031391,1
TCGA-A8-A07G-01A-11R-A034-07,0.8823035911313695,0
TCGA-63-A5MT-01A-21R-A26W-07,0.5880901390997338,1
TCGA-05-5428-01A-01R-1628-07,0.5936292840414742,1
TCGA-V1-A9OQ-01A-11R-A41O-07,0.4439385904764606,1
TCGA-CZ-5454-01A-01R-1503-07,0.29927812069916054,0
TCGA-2J-AABK-01A-31R-A41B-07,0.6154274038794213,1
TCGA-L5-A893-01A-11R-A36D-31,0.6702849108779891,1
TCGA-CW-5587-01A-01R-1541-07,0.6550114401441521,1
TCGA-CH-5766-01A-11R-1580-07,0.7389322681888131,0
TCGA-E9-A1NI-01A-11R-A14D-07,0.3485452420099406,1
TCGA-46-3767-01A-01R-0980-07,0.5948035022720678,0
TCGA-85-7710-01A-11R-2125-07,0.5903070780836015,1
TCGA-A2-A1G1-01A-21R-A13Q-07,0.3294808189014251,1
TCGA-AZ-6603-01A-11R-1839-07,0.6531325965771624,1
TCGA-BP-5180-01A-01R-1426-07,0.647581428125376,1
TCGA-HC-7213-01A-11R-2118-07,0.7809368455197822,1
TCGA-BP-4354-01A-02R-1289-07,0.3059666677059426,0
TCGA-E2-A14W-01A-11R-A12D-07,0.7782378699921267,1
TCGA-L9-A444-01A-21R-A24H-07,0.6185166555276905,1
TCGA-86-7713-01A-11R-2066-07,0.5134681350721116,1
TCGA-MP-A4TJ-01A-51R-A262-07,0.609515322177328,1
TCGA-B9-A5W8-01A-11R-A28H-07,0.8184598890731524,1
TCGA-BH-A0DE-01A-11R-A115-07,0.8313906191890941,0
TCGA-BP-4349-01A-01R-1289-07,0.2944290582530831,1
TCGA-LL-A8F5-01A-11R-A36F-07,0.33075077804740916,1
TCGA-95-A4VK-01A-11R-A262-07,0.5185318600193668,1
TCGA-HC-A9TH-01A-11R-A41O-07,0.7481487448238083,1
TCGA-CM-4743-01A-01R-1723-07,0.5526216344796482,1
TCGA-13-1499-01A-01R-1565-13,0.8044593900072919,1
TCGA-43-7656-01A-11R-2125-07,0.6729418478048059,1
TCGA-66-2786-01A-01R-0851-07,0.6802153296950209,1
TCGA-44-7671-01A-11R-2066-07,0.4854121003162085,0
TCGA-D5-6535-01A-11R-1723-07,0.6686569150885239,1
TCGA-A3-3378-01A-02R-1325-07,0.246944998834252,1
TCGA-KR-A7K8-01A-11R-A33J-07,0.26418824690509707,1
TCGA-B6-A0IG-01A-11R-A034-07,0.3240314595740067,1
TCGA-05-5423-01A-01R-1628-07,0.5718851365923582,1
TCGA-24-2020-01A-01R-1567-13,0.8148704475040723,0
TCGA-EJ-5532-01A-01R-1580-07,0.46267807459109916,1
TCGA-LN-A7HX-01A-11R-A336-31,0.6244841366101717,1
TCGA-24-1418-01A-01R-1565-13,0.7728187759089078,1
TCGA-A6-6648-01A-11R-1774-07,0.6469532763686417,1
TCGA-AO-A12F-01A-11R-A115-07,0.41129472667608313,1
TCGA-DD-A1EL-01A-11R-A155-07,0.21057810707114452,1
TCGA-F2-6880-01A-11R-2156-07,0.9553509753864415,1
TCGA-IB-AAUW-01A-12R-A38C-07,0.6146832190118419,1
TCGA-EB-A4OZ-01A-12R-A266-07,0.4940761058799039,1
TCGA-CJ-4878-01A-01R-1305-07,0.9365906676511861,1
TCGA-4R-AA8I-01A-11R-A38B-07,0.6512065214088638,1
TCGA-CZ-4853-01A-01R-1426-07,0.7899319281512149,1
TCGA-DD-A4NN-01A-11R-A28V-07,0.6576054668148931,1
TCGA-21-5782-01A-01R-1635-07,0.6583740458438205,1
TCGA-85-A513-01A-12R-A26W-07,0.5948642085752531,0
TCGA-29-1761-01A-01R-1567-13,0.8092828726071254,1
TCGA-G7-6792-01A-21R-1965-07,0.7879844560520274,0
TCGA-NC-A5HQ-01A-11R-A26W-07,0.6777794847376383,1
TCGA-B1-A47O-01A-11R-A24Z-07,0.7614706714910151,1
TCGA-AR-A252-01A-11R-A169-07,0.8725709484854856,1
TCGA-BH-A18S-01A-11R-A12D-07,0.8536193664539939,1
TCGA-LQ-A4E4-01A-11R-A266-07,0.8779085058567747,1
TCGA-3A-A9IV-01A-11R-A41B-07,0.9331812336631842,1
TCGA-WN-A9G9-01A-12R-A37K-07,0.8239451685700984,1
TCGA-BH-A18F-01A-11R-A12D-07,0.8329414368123429,1
TCGA-13-0883-01A-02R-1569-13,0.24666736952652882,0
TCGA-55-7576-01A-11R-2066-07,0.5189137340222258,0
TCGA-44-A4SS-01A-11R-A24X-07,0.5319843702871989,1
TCGA-AD-A5EJ-01A-11R-A28H-07,0.5825036277839604,1
TCGA-E9-A5FL-01A-11R-A27Q-07,0.3995557166666275,1
TCGA-J4-A67L-01A-11R-A30B-07,0.7155219984208613,1
TCGA-23-1113-01A-01R-1564-13,0.8426164355171741,1
TCGA-55-6543-01A-11R-1755-07,0.9412195115646131,0
TCGA-BP-4334-01A-01R-1289-07,0.7473520692057684,1
TCGA-E2-A1L6-01A-11R-A13Q-07,0.8205252407786136,1
TCGA-D8-A27W-01A-11R-A16F-07,0.4101703503906617,1
TCGA-B6-A0WS-01A-11R-A115-07,0.8845391128872744,0
TCGA-B3-8121-01A-21R-2404-07,0.7917234432296418,1
TCGA-D8-A1JK-01A-11R-A13Q-07,0.4045907885240096,1
TCGA-A2-A04N-01A-11R-A115-07,0.8767908052423404,1
TCGA-P4-A5E6-01A-11R-A28H-07,0.7601804836746614,1
TCGA-PJ-A5Z9-01A-11R-A28H-07,0.5084333111365068,1
TCGA-LN-A7HV-01A-21R-A354-31,0.6419887647337649,1
TCGA-22-0944-01A-01R-0692-07,0.6687249069620048,1
TCGA-AN-A0FK-01A-11R-A034-07,0.857301062002707,1
TCGA-BF-AAOU-01A-12R-A39D-07,0.4949436037526173,1
TCGA-HN-A2NL-01A-11R-A18M-07,0.4015975547529783,1
TCGA-FR-A2OS-01A-11R-A21D-07,0.5866491356820848,1
TCGA-CW-6093-01A-11R-1672-07,0.6111660697805222,1
TCGA-DD-A73F-01A-11R-A32O-07,0.793051257143434,1
TCGA-WQ-A9G7-01A-11R-A37K-07,0.5610631561069049,1
TCGA-37-3783-01A-01R-1201-07,0.6676785202354935,1
TCGA-61-1995-01A-01R-1568-13,0.8230464680003962,1
TCGA-DD-AAD2-01A-11R-A41C-07,0.765100269988041,1
TCGA-24-1616-01A-01R-1566-13,0.8549038710099301,1
TCGA-B2-3923-01B-10R-A277-07,0.5891724639042537,1
TCGA-31-1950-01A-01R-1568-13,0.697329925826838,1
TCGA-FC-A5OB-01A-11R-A29R-07,0.6440658931468562,1
TCGA-LN-A49X-01A-31R-A260-31,0.6669085704165927,1
TCGA-UU-A93S-01A-21R-A41B-07,0.8662443718249735,1
TCGA-34-5240-01A-01R-1443-07,0.6486802830509775,1
TCGA-L5-A43C-01A-11R-A24K-31,0.6608332918090069,1
TCGA-46-3765-01A-01R-0980-07,0.672482339516639,0
TCGA-B0-4844-01A-01R-1277-07,0.8014023133776054,1
TCGA-21-1080-01A-01R-0692-07,0.6465874049650033,1
TCGA-13-0920-01A-01R-1564-13,0.8096728989572607,1
TCGA-F9-A8NY-01A-11R-A36F-07,0.7801243479067095,1
TCGA-LL-A740-01A-21R-A32P-07,0.35273788598300376,1
TCGA-BF-AAP4-01A-11R-A40A-07,0.5876270606066921,1
TCGA-XR-A8TD-01A-12R-A39D-07,0.7684166679529026,1
TCGA-33-4538-01A-01R-1201-07,0.5948625871472005,1
TCGA-LL-A9Q3-01A-11R-A41B-07,0.8765797227374056,1
TCGA-NJ-A4YF-01A-12R-A262-07,0.5128176649611068,1
TCGA-MH-A560-01A-11R-A26U-07,0.2696322208167082,1
TCGA-L5-A8NE-01A-11R-A37I-31,0.6571514821899548,0
TCGA-04-1332-01A-01R-1564-13,0.8368652513146952,1
TCGA-EJ-A7NG-01A-31R-A33R-07,0.8003229022929584,0
TCGA-A8-A08J-01A-11R-A00Z-07,0.342690882202874,1
TCGA-AK-3456-01A-02R-1325-07,0.810086354321559,1
TCGA-G7-A8LB-01A-11R-A36F-07,0.5794418875336501,0
TCGA-B2-A4SR-01A-11R-A266-07,0.8221064772039762,1
TCGA-62-8394-01A-11R-2326-07,0.581682464516722,1
TCGA-AZ-6608-01A-11R-1839-07,0.6297430847175,1
TCGA-Q3-AA2A-01A-11R-A37L-07,0.694052589141705,1
TCGA-B0-4694-01A-01R-1277-07,0.30203947266534614,1
TCGA-AR-A24V-01A-21R-A169-07,0.40822125931754205,0
TCGA-A2-A0EV-01A-11R-A034-07,0.3351200886540726,1
TCGA-60-2714-01A-01R-0851-07,0.6687645685660145,0
TCGA-BP-4762-01A-02R-1289-07,0.82349653349435,1
TCGA-DD-AACG-01A-11R-A41C-07,0.1877942211347002,1
TCGA-B0-5094-01A-01R-1420-07,0.830952872390446,1
TCGA-AA-3556-01A-01R-0821-07,0.6226749729157541,0
TCGA-2J-AABO-01A-21R-A41B-07,0.591255494825723,1
TCGA-B0-5400-01A-01R-1503-07,0.30276133346892525,0
TCGA-77-6845-01A-11R-1949-07,0.6651704502881393,0
TCGA-D8-A141-01A-11R-A115-07,0.3367119868369448,1
TCGA-55-A57B-01A-12R-A39D-07,0.9568625949939501,1
TCGA-60-2712-01A-01R-0851-07,0.6210343691679299,1
TCGA-A6-4105-01A-02R-1774-07,0.6511945800484158,1
TCGA-XV-A9W5-01A-11R-A38C-07,0.48666861169135023,1
TCGA-A6-5665-01B-03R-2302-07,0.5864503341391208,1
TCGA-E2-A1AZ-01A-11R-A12P-07,0.33716864889226916,1
TCGA-55-7910-01A-11R-2170-07,0.5034245741988084,1
TCGA-50-6673-01A-11R-1949-07,0.5905977915816804,1
TCGA-BH-A0DL-01A-11R-A115-07,0.35158632552674635,1
TCGA-AU-6004-01A-11R-1723-07,0.6741294865883748,1
TCGA-E2-A15I-01A-21R-A137-07,0.8647256507050389,1
TCGA-G9-6369-01A-21R-1965-07,0.8469688805200639,0
TCGA-AA-3819-01A-01R-0905-07,0.6307810305707804,0
TCGA-KK-A6E0-01A-11R-A311-07,0.7298097462744745,0
TCGA-SX-A71W-01A-12R-A355-07,0.5965326544195391,1
TCGA-AR-A0TS-01A-11R-A115-07,0.3385677033609838,1
TCGA-E9-A5UP-01A-11R-A28M-07,0.4106365787292918,0
TCGA-AQ-A0Y5-01A-11R-A14M-07,0.4218294923677185,0
TCGA-BP-4807-01A-01R-1305-07,0.3076050421556521,1
TCGA-CM-5860-01A-01R-1653-07,0.5727627078985429,1
TCGA-BC-A5W4-01A-11R-A28V-07,0.5273980575726446,1
TCGA-B0-4821-01A-01R-1503-07,0.3282002690343695,1
TCGA-UZ-A9PJ-01A-11R-A38C-07,0.5201277884415896,0
TCGA-DD-AACC-01A-11R-A41C-07,0.8607885748448715,0
TCGA-CJ-4870-01A-01R-1305-07,0.8102533101413261,1
TCGA-75-6207-01A-11R-1755-07,0.525420399788445,1
TCGA-C8-A1HO-01A-11R-A13Q-07,0.860981762571872,1
TCGA-JY-A938-01A-11R-A37I-31,0.6642149959941974,1
TCGA-04-1361-01A-01R-1565-13,0.8527034185701621,1
TCGA-2Z-A9J8-01A-11R-A42S-07,0.7016478203555798,1
TCGA-64-1677-01A-01R-0946-07,0.5170728094122049,0
TCGA-AO-A0JE-01A-11R-A056-07,0.3352157924725164,1
TCGA-IG-A4P3-01A-11R-A260-31,0.6676072746840609,1
TCGA-05-4424-01A-22R-1858-07,0.9354867694365496,0
TCGA-91-A4BD-01A-11R-A24H-07,0.926586644281858,1
TCGA-DD-AAVS-01A-11R-A41C-07,0.751624323241485,0
TCGA-18-3414-01A-01R-0980-07,0.6876605865175477,1
TCGA-J4-A83I-01A-11R-A36G-07,0.7327052873159773,1
TCGA-39-5035-01A-01R-1443-07,0.6776011016235803,1
TCGA-AA-3544-01A-01R-1873-07,0.5653741068565117,1
TCGA-FB-A7DR-01A-21R-A33R-07,0.6817475192957945,1
TCGA-99-8032-01A-11R-2241-07,0.5202563793706798,1
TCGA-95-7948-01A-11R-2187-07,0.5181634995370877,0
TCGA-D8-A1XU-01A-11R-A14M-07,0.9049222083865368,0
TCGA-2Z-A9J7-01A-11R-A38C-07,0.8228483977134462,1
TCGA-13-A5FT-01A-11R-A406-31,0.23895206900476793,1
TCGA-BP-4803-01A-01R-1305-07,0.6684383323185726,1
TCGA-24-2271-01A-01R-1568-13,0.8357833770666656,1
TCGA-DD-A39V-01A-11R-A213-07,0.6826560983306961,0
TCGA-CM-6674-01A-11R-1839-07,0.5713215462791061,1
TCGA-30-1855-01A-01R-1567-13,0.8455982660674995,1
TCGA-2J-AABE-01A-12R-A41B-07,0.6848996246595459,1
TCGA-ED-A82E-01A-11R-A352-07,0.7993975145391351,1
TCGA-56-7580-01A-11R-2045-07,0.6818111970731171,1
TCGA-37-4130-01A-01R-1100-07,0.6665592418913024,1
TCGA-38-4626-01A-01R-1206-07,0.5041675792572903,1
TCGA-CZ-4861-01A-01R-1305-07,0.8186159949198818,1
TCGA-F4-6703-01A-11R-1839-07,0.647258778173603,1
TCGA-61-2109-01A-01R-1568-13,0.818139883771048,1
TCGA-5M-AATE-01A-11R-A41B-07,0.949739957233561,1
TCGA-10-0931-01A-01R-1564-13,0.7943317490327158,1
TCGA-UZ-A9PQ-01A-11R-A42S-07,0.7813464995820517,1
TCGA-XC-AA0X-01A-32R-A405-07,0.6078165844506871,1
TCGA-BH-A0C1-01B-11R-A12D-07,0.3491860567842555,1
TCGA-09-1668-01B-01R-1566-13,0.25836019566313173,1
TCGA-77-7338-01A-11R-2045-07,0.587302408071921,0
TCGA-61-2111-01A-01R-1568-13,0.7559451719616659,1
TCGA-AC-A8OS-01A-12R-A41B-07,0.8811115458470288,1
TCGA-BF-A3DJ-01A-11R-A20F-07,0.5072395072686414,1
TCGA-CJ-4893-01A-01R-1305-07,0.8560529402991404,1
TCGA-DD-AADS-01A-11R-A41C-07,0.7016755744259513,0
TCGA-61-2110-01A-01R-1568-13,0.578704399406086,1
TCGA-DD-A1EE-01A-11R-A131-07,0.8047761781395538,1
TCGA-BH-A0BP-01A-11R-A115-07,0.8863562746007092,1
TCGA-IG-A3I8-01A-11R-A24K-31,0.6701399120882586,1
TCGA-86-A4D0-01A-11R-A24H-07,0.9657516759663195,0
TCGA-22-1016-01A-01R-0692-07,0.6698149714672184,1
TCGA-BH-A0DS-01A-11R-A056-07,0.41048964942413096,1
TCGA-AR-A5QN-01A-12R-A28M-07,0.9132006366741078,1
TCGA-CW-6088-01A-11R-1672-07,0.8222284453490312,0
TCGA-AQ-A04L-01B-21R-A10J-07,0.31899569216837137,1
TCGA-A7-A13D-01A-13R-A12P-07,0.8801205812363416,1
TCGA-A2-A0YJ-01A-11R-A109-07,0.3246044697379966,1
TCGA-04-1331-01A-01R-1569-13,0.8271464438488252,1
TCGA-HZ-A8P1-01A-11R-A37L-07,0.6861900579182508,1
TCGA-AR-A24R-01A-11R-A169-07,0.33970527469278855,1
TCGA-36-1575-01A-01R-1566-13,0.7775165864527016,0
TCGA-C8-A273-01A-11R-A16F-07,0.3149027369685674,1
TCGA-DM-A1HB-01A-21R-A180-07,0.5511839727187632,0
TCGA-JL-A3YW-01A-12R-A239-07,0.3424372178172309,1
TCGA-13-1411-01A-01R-1565-13,0.30304370059295865,1
TCGA-60-2710-01A-01R-0851-07,0.6678521618690897,1
TCGA-BP-5009-01A-01R-1334-07,0.3163448094077786,1
TCGA-T7-A92I-01A-11R-A37O-07,0.5841611222699166,1
TCGA-EB-A85I-01A-11R-A352-07,0.48859266772686444,1
TCGA-F4-6460-01A-11R-1774-07,0.5809540066702932,0
TCGA-B8-A54E-01A-11R-A266-07,0.650501165470679,1
TCGA-60-2725-01A-01R-1201-07,0.6751002078399786,1
TCGA-NC-A5HI-01A-11R-A26W-07,0.6667573442396448,1
TCGA-BP-4965-01A-01R-1334-07,0.6764415900468567,1
TCGA-BP-4756-01A-01R-1289-07,0.7582802514423298,1
TCGA-A8-A095-01A-11R-A00Z-07,0.40778485300962575,1
TCGA-MM-A84U-01A-11R-A37O-07,0.827701787248751,1
TCGA-HP-A5N0-01A-11R-A28V-07,0.7612173718332259,1
TCGA-A4-7996-01A-11R-2204-07,0.6452687928111294,1
TCGA-A2-A0EQ-01A-11R-A034-07,0.9101596458174558,1
TCGA-A1-A0SK-01A-12R-A084-07,0.8596313299063071,1
TCGA-EJ-5505-01A-01R-1580-07,0.730016608979044,1
TCGA-43-5668-01A-01R-1635-07,0.5845996260652071,0
TCGA-EW-A2FV-01A-11R-A17B-07,0.3329821141548535,0
TCGA-CZ-5456-01A-01R-1503-07,0.8739927992805686,1
TCGA-C8-A12Y-01A-11R-A12D-07,0.42451496844870645,1
TCGA-AR-A2LM-01A-11R-A180-07,0.8102784945295499,1
TCGA-A6-4107-01A-02R-1410-07,0.6265115875485994,1
TCGA-IG-A3YB-01A-11R-A36D-31,0.6369557674304561,1
TCGA-75-6205-01A-11R-1755-07,0.5118662497135874,1
TCGA-20-1683-01A-01R-1566-13,0.8243665399220645,1
TCGA-BP-4170-01A-02R-1289-07,0.8685800688597443,1
TCGA-CJ-6032-01A-11R-1672-07,0.8651228904776037,1
TCGA-DD-AACL-01A-11R-A41C-07,0.2249596476643358,1
TCGA-BP-4166-01A-02R-1289-07,0.857873726459046,1
TCGA-2H-A9GL-01A-12R-A37I-31,0.6552905520059065,1
TCGA-B0-5084-01A-01R-1334-07,0.874418410148774,1
TCGA-E2-A15J-01A-11R-A12P-07,0.8788038130053283,1
TCGA-44-6775-01C-02R-A277-07,0.4944180786661111,1
TCGA-A2-A04W-01A-31R-A115-07,0.833332925528548,1
TCGA-G3-AAV0-01A-11R-A37K-07,0.4918959030527253,1
TCGA-AA-A00D-01A-01R-A002-07,0.632131168307157,1
TCGA-56-5897-01A-11R-1635-07,0.6789758555283428,1
TCGA-EJ-7321-01A-31R-2263-07,0.7575746348121878,0
TCGA-2J-AABV-01A-12R-A41B-07,0.5796940057729397,1
TCGA-C8-A8HR-01A-11R-A36F-07,0.8869665188967204,1
TCGA-04-1362-01A-01R-1565-13,0.5931628353375816,0
TCGA-HZ-A77Q-01A-11R-A36G-07,0.6826489410682134,1
TCGA-D8-A1JB-01A-11R-A13Q-07,0.8781678577045376,1
TCGA-B0-4811-01A-01R-1503-07,0.2933023885299544,0
TCGA-24-1103-01A-01R-1565-13,0.2516739087064893,1
TCGA-91-A4BC-01A-11R-A24H-07,0.5184241044784723,1
TCGA-D5-5539-01A-01R-1653-07,0.5614762674527044,1
TCGA-HZ-A4BK-01A-11R-A26U-07,0.609789550495475,1
TCGA-13-1489-01A-01R-1565-13,0.8261628996119774,1
TCGA-A2-A04P-01A-31R-A034-07,0.8612978045536847,1
TCGA-IA-A40Y-01A-11R-A24Z-07,0.8338638831144802,1
TCGA-21-5783-01A-41R-2187-07,0.5749473258192067,1
TCGA-A6-2675-01A-02R-1723-07,0.5699972710556049,1
TCGA-B9-7268-01A-11R-A32Z-07,0.6047235087892283,1
TCGA-BP-4777-01A-01R-1289-07,0.816799733470198,1
TCGA-BP-4988-01A-01R-1334-07,0.808247362757269,1
TCGA-2J-AABF-01A-31R-A41B-07,0.6752497702225305,1
TCGA-56-8201-01A-11R-2247-07,0.5987781610248147,1
TCGA-24-2035-01A-01R-1568-13,0.8299679436468997,1
TCGA-A1-A0SP-01A-11R-A084-07,0.405006692476029,1
TCGA-BC-A10S-01A-22R-A131-07,0.8001224004882799,1
TCGA-HC-7738-01A-11R-2118-07,0.7054696721795948,1
TCGA-IA-A83S-01A-11R-A355-07,0.5129185694410978,0
TCGA-HZ-7920-01A-11R-2204-07,0.5948381320327696,1
TCGA-AA-3529-01A-02R-0821-07,0.6324755809336926,1
TCGA-D8-A1XJ-01A-11R-A14M-07,0.33324300148724895,1
TCGA-5X-AA5U-01A-11R-A406-31,0.735972273492283,1
TCGA-3Z-A93Z-01A-11R-A37O-07,0.5917264713777185,1
TCGA-E9-A227-01A-11R-A157-07,0.791769211437403,1
TCGA-B0-4843-01A-01R-1277-07,0.22619563207691185,0
TCGA-BH-A8G0-01A-11R-A352-07,0.8685600209249266,1
TCGA-FV-A3R2-01A-11R-A22L-07,0.7899422430015042,1
TCGA-CZ-4854-01A-01R-1305-07,0.7711846971165551,1
TCGA-04-1348-01A-01R-1565-13,0.8331401795543147,1
TCGA-38-4625-01A-01R-1206-07,0.5963722733640637,1
TCGA-A3-A6NJ-01A-12R-A33J-07,0.8155377199168727,1
TCGA-BH-A0C3-01A-21R-A12P-07,0.8327515033350712,1
TCGA-58-8388-01A-11R-2326-07,0.6610193505637885,1
TCGA-NH-A50T-01A-11R-A28H-07,0.6381706318913952,1
TCGA-LL-A5YN-01A-11R-A28M-07,0.8521531709570039,0
TCGA-A2-A0ET-01A-31R-A034-07,0.6902130965383266,1
TCGA-GM-A2DO-01A-11R-A18M-07,0.8614816993255292,0
TCGA-A7-A0CH-01A-21R-A00Z-07,0.872408373315517,1
TCGA-2Y-A9GT-01A-11R-A38B-07,0.6929453892209569,1
TCGA-B3-4104-01A-02R-1351-07,0.79961726557626,1
TCGA-GM-A5PV-01A-11R-A28M-07,0.8631843896034963,1
TCGA-29-1711-01A-01R-1567-13,0.7343140571182859,1
TCGA-AO-A1KS-01A-11R-A13Q-07,0.8153183877281515,0
TCGA-AO-A12G-01A-11R-A10J-07,0.9217765951813273,1
TCGA-HZ-8002-01A-11R-2204-07,0.6074855593895641,0
TCGA-22-5492-01A-01R-1635-07,0.6728455934032411,1
TCGA-G4-6625-01A-21R-1774-07,0.5771661778661761,1
TCGA-L5-A4OF-01A-11R-A260-31,0.6797348762996136,1
TCGA-55-A48Y-01A-11R-A24H-07,0.5197279511648485,0
TCGA-A2-A0YD-01A-11R-A109-07,0.90611006557082,1
TCGA-13-0801-01A-01R-1564-13,0.805995984247669,1
TCGA-B4-5843-01A-11R-1672-07,0.24308826014045032,1
TCGA-AY-A69D-01A-11R-A37K-07,0.6542855158177544,0
TCGA-CJ-4899-01A-01R-1334-07,0.8765184674591506,1
TCGA-YL-A8S9-01A-11R-A37L-07,0.7656356639851779,1
TCGA-55-1596-01A-01R-0946-07,0.5108876659997584,1
TCGA-UB-AA0V-01A-11R-A38B-07,0.7618696159646301,1
TCGA-BH-A0HY-01A-11R-A056-07,0.9311377774857486,1
TCGA-64-1676-01A-01R-0946-07,0.48533951654418644,0
TCGA-A8-A09R-01A-11R-A00Z-07,0.3311924358797198,0
TCGA-D8-A1Y2-01A-11R-A157-07,0.3318839489636039,1
TCGA-5P-A9JY-01A-11R-A42S-07,0.8070310823993728,1
TCGA-AR-A1AI-01A-11R-A12P-07,0.4089307145035586,1
TCGA-56-7823-01B-11R-2247-07,0.6493377092958359,1
TCGA-O2-A52V-01A-31R-A262-07,0.6714564360908908,1
TCGA-B0-4816-01A-01R-1503-07,0.8719134820479975,1
TCGA-MH-A55W-01A-11R-A26U-07,0.5180759953421484,1
TCGA-AN-A0FD-01A-11R-A034-07,0.9631707094400502,1
TCGA-3A-A9IB-01A-21R-A39D-07,0.6670949115552167,1
TCGA-P4-A5EA-01A-11R-A28H-07,0.21934879704058405,1
TCGA-XV-A9VZ-01A-11R-A38C-07,0.946626990074484,0
TCGA-BC-A10U-01A-11R-A131-07,0.2624227685129808,0
TCGA-B6-A0I9-01A-11R-A034-07,0.3314701443176895,0
TCGA-B0-5119-01A-02R-1420-07,0.82262331692651,0
TCGA-AR-A2LR-01A-12R-A18M-07,0.33629394574926585,0
TCGA-22-5472-01A-01R-1635-07,0.5984540615314825,1
TCGA-GI-A2C8-01A-11R-A16F-07,0.8660204266950862,0
TCGA-44-2666-01A-01R-0946-07,0.5284000634580756,1
TCGA-25-1632-01A-01R-1566-13,0.8369087952704869,1
TCGA-78-7540-01A-11R-2066-07,0.5841568469509916,1
TCGA-BH-A0AV-01A-31R-A115-07,0.32986910309774253,1
TCGA-AA-3845-01A-01R-1022-07,0.6268269017183659,1
TCGA-78-8655-01A-11R-2403-07,0.9463628047444479,1
TCGA-BP-4345-01A-01R-1289-07,0.24081390272816788,1
TCGA-98-A539-01A-31R-A262-07,0.5899332051274621,0
TCGA-50-6594-01A-11R-1755-07,0.5126343654939719,1
TCGA-49-AARN-01A-21R-A41B-07,0.5051496442711819,1
TCGA-A3-3358-01A-01R-1541-07,0.3013595585982345,1
TCGA-13-1483-01A-01R-1565-13,0.23411467967411145,0
TCGA-KK-A7B2-01A-12R-A32O-07,0.718898125548331,1
TCGA-49-AAQV-01A-11R-A39D-07,0.5091856495521003,0
TCGA-EV-5902-01A-11R-1592-07,0.7667161438060828,0
TCGA-AC-A6IX-01A-12R-A32P-07,0.8841742169272689,1
TCGA-BW-A5NQ-01A-11R-A27V-07,0.7627290124648669,0
TCGA-B6-A0WW-01A-11R-A109-07,0.40235417855388206,0
TCGA-R6-A8W8-01B-11R-A37I-31,0.7020463667131234,1
TCGA-XV-AAZW-01A-12R-A40A-07,0.9225337943091179,0
TCGA-BP-4173-01A-02R-1289-07,0.6976382002992024,1
TCGA-HZ-A49G-01A-11R-A26U-07,0.6059143367140344,0
TCGA-22-1012-01A-01R-0692-07,0.6505377729771553,1
TCGA-BH-A0C7-01B-11R-A115-07,0.870837746481307,1
TCGA-CC-A7IL-01A-11R-A33R-07,0.7653479203518733,1
TCGA-E9-A1RA-01A-11R-A14D-07,0.3271941945783391,1
TCGA-YL-A8HM-01A-11R-A36G-07,0.7772144553872773,0
TCGA-AC-A3HN-01A-11R-A213-07,0.8035488339715313,1
TCGA-D8-A1X8-01A-11R-A14M-07,0.8707977905418727,1
TCGA-78-7159-01A-11R-2039-07,0.5180797761820565,1
TCGA-AR-A1AK-01A-21R-A12P-07,0.888269782064141,1
TCGA-Y8-A8RY-01A-11R-A37K-07,0.5954588398066771,1
TCGA-DD-AAED-01A-12R-A41C-07,0.7521547488292722,1
TCGA-AN-A0XV-01A-11R-A109-07,0.8225675758197654,1
TCGA-BP-4775-01A-01R-1289-07,0.7973458404274945,1
TCGA-24-1556-01A-01R-1566-13,0.8070544343721101,1
TCGA-44-6148-01A-11R-1755-07,0.502104134598828,1
TCGA-DD-A3A9-01A-11R-A266-07,0.2626302601563189,0
TCGA-XK-AAJU-01A-11R-A41O-07,0.7636776423913572,1
TCGA-A6-3809-01B-04R-A277-07,0.5614064137430002,1
TCGA-UZ-A9PO-01A-11R-A38C-07,0.7551951251273857,0
TCGA-05-4398-01A-01R-1206-07,0.5875596082926842,0
TCGA-AK-3436-01A-02R-1325-07,0.2445687033951635,1
TCGA-D9-A4Z2-01A-11R-A24X-07,0.5013870481241569,1
TCGA-44-8119-01A-11R-2241-07,0.5023336646458908,1
TCGA-EB-A97M-01A-11R-A38C-07,0.5736619375527976,1
TCGA-YL-A8HK-01A-11R-A36G-07,0.5501102157754664,1
TCGA-GL-A59T-01A-21R-A28H-07,0.7644452598606564,1
TCGA-90-7767-01A-11R-2125-07,0.6030086081500525,1
TCGA-DV-5568-01A-01R-1541-07,0.8744804032830481,1
TCGA-A4-A5Y0-01A-11R-A31O-07,0.612410647603686,0
TCGA-BF-A1PZ-01A-11R-A18S-07,0.5887046800747842,1
TCGA-2J-AAB4-01A-12R-A41B-07,0.6781221159071684,0
TCGA-AC-A8OQ-01A-11R-A41B-07,0.41030977372596755,1
TCGA-DD-AACT-01A-11R-A41C-07,0.49961062602597467,0
TCGA-18-3412-01A-01R-0980-07,0.6772545885065816,1
TCGA-A2-A4S2-01A-12R-A266-07,0.7897768961726465,0
TCGA-H9-A6BY-01A-11R-A30B-07,0.4511156055090565,0
TCGA-DW-7837-01A-11R-2139-07,0.6122629079356503,1
TCGA-AA-3552-01A-01R-0821-07,0.7057351865645729,1
TCGA-UZ-A9PN-01A-11R-A38C-07,0.8324020867875312,1
TCGA-NC-A5HO-01A-11R-A26W-07,0.5977011868506358,1
TCGA-B8-A8YJ-01A-13R-A39I-07,0.24893199288263343,1
TCGA-A2-A04Q-01A-21R-A034-07,0.3332218223523533,1
TCGA-HC-A6AQ-01A-11R-A30B-07,0.46680461340584084,1
TCGA-DV-A4VX-01A-11R-A266-07,0.679779320857439,1
TCGA-FC-A6HD-01A-11R-A31N-07,0.45220144429303655,0
TCGA-F2-A44G-01A-11R-A26U-07,0.6145899227370348,0
TCGA-AZ-4681-01A-01R-1410-07,0.952672635568467,1
TCGA-VP-A87J-01A-11R-A352-07,0.7450834159878461,0
TCGA-C8-A8HQ-01A-11R-A36F-07,0.40936837051474356,0
TCGA-YJ-A8SW-01A-11R-A37L-07,0.7887840013865887,1
TCGA-63-7020-01A-11R-1949-07,0.5971390208886607,0
TCGA-66-2754-01A-01R-0980-07,0.5875769897996963,1
TCGA-04-1343-01A-01R-1564-13,0.8017541795941885,1
TCGA-KK-A7AV-01A-11R-A32O-07,0.7492220184465068,1
TCGA-HC-A632-01A-11R-A29R-07,0.4832606824370949,0
TCGA-DD-AACE-01A-11R-A41C-07,0.7265261806866071,0
TCGA-23-1809-01A-01R-1566-13,0.810247058476363,1
TCGA-JY-A939-01A-12R-A37I-31,0.6602593075256639,1
TCGA-25-1627-01A-01R-1566-13,0.8134471939230239,1
TCGA-IB-AAUP-01A-11R-A37L-07,0.6085179776334939,1
TCGA-RC-A6M3-01A-11R-A32O-07,0.22012053041667548,1
TCGA-E9-A1RH-01A-21R-A169-07,0.32412425823439456,0
TCGA-KK-A8IH-01A-11R-A36G-07,0.7691103308364972,1
TCGA-AA-3869-01A-01R-1022-07,0.6389353258831778,0
TCGA-B0-5116-01A-02R-1420-07,0.3124184465057614,1
TCGA-GF-A2C7-01A-11R-A18T-07,0.5701568905074418,1
TCGA-BH-A5J0-01A-11R-A27Q-07,0.40235390593952586,1
TCGA-66-2727-01A-01R-0980-07,0.6844781304782532,1
TCGA-CM-6163-01A-11R-1653-07,0.5760370858316829,1
TCGA-55-A490-01A-11R-A466-07,0.5016674276336459,0
TCGA-AA-3976-01A-01R-1022-07,0.6254499478183649,1
TCGA-A6-2679-01A-02R-1410-07,0.6023571034186856,0
TCGA-BP-5182-01A-01R-1426-07,0.8695739568134409,1
TCGA-56-8083-01A-11R-2247-07,0.5818973333438561,1
TCGA-55-8299-01A-11R-2287-07,0.5087343227183222,0
TCGA-LN-A8I1-01A-11R-A36D-31,0.6423922577356416,0
TCGA-SX-A7SU-01A-11R-A36F-07,0.8461907372820688,1
TCGA-E9-A295-01A-11R-A16F-07,0.3329232501738143,1
TCGA-EJ-7218-01B-11R-A32O-07,0.55509071574886,1
TCGA-E2-A2P5-01A-11R-A19W-07,0.865853079772856,1
TCGA-A2-A0ES-01A-11R-A115-07,0.8860609479815086,1
TCGA-CK-5916-01A-11R-1653-07,0.9553814211705051,1
TCGA-EJ-A65E-01A-11R-A29R-07,0.7805696859001536,0
TCGA-OL-A66K-01A-11R-A29R-07,0.8742292528548306,1
TCGA-44-6774-01A-21R-1858-07,0.5075399360921004,1
TCGA-V1-A9Z7-01A-11R-A41O-07,0.5452919421257898,1
TCGA-ER-A196-01A-11R-A18T-07,0.4921271583976338,1
TCGA-2J-AABI-01A-12R-A41B-07,0.6729329177091634,1
TCGA-GJ-A9DB-01A-11R-A37K-07,0.8292919373347842,1
TCGA-A8-A0A7-01A-11R-A00Z-07,0.3303057237237716,1
TCGA-L5-A4ON-01A-11R-A260-31,0.6418579672584069,1
TCGA-F4-6806-01A-11R-1839-07,0.5821708031497869,0
TCGA-66-2792-01A-01R-0980-07,0.6622267556363768,1
TCGA-A8-A08R-01A-11R-A034-07,0.35331827254377224,1
TCGA-E2-A1LH-01A-11R-A14D-07,0.3439921819769246,1
TCGA-24-1550-01A-01R-1566-13,0.23717234385041497,0
TCGA-44-7660-01A-11R-2066-07,0.6001016302259696,1
TCGA-85-A53L-01A-21R-A26W-07,0.6694357906995181,0
TCGA-MR-A8JO-01A-12R-A36F-07,0.8401552947807815,1
TCGA-44-5643-01A-01R-1628-07,0.877108030305361,1
TCGA-90-6837-01A-11R-1949-07,0.6717043706057998,0
TCGA-DD-AAC9-01A-11R-A41C-07,0.7561303084346195,0
TCGA-BH-A203-01A-12R-A169-07,0.3531989939149714,1
TCGA-B8-4146-01B-11R-1672-07,0.22509503126801605,1
TCGA-24-1430-01A-01R-1566-13,0.7176163819118468,1
TCGA-BH-A5IZ-01A-11R-A27Q-07,0.34397675205200073,1
TCGA-78-7633-01A-11R-2066-07,0.5030556667699575,1
TCGA-A6-2686-01A-01R-A32Z-07,0.6578454024149912,1
TCGA-NC-A5HF-01A-11R-A26W-07,0.6635118065447206,1
TCGA-BQ-5882-01A-11R-1592-07,0.7703705372364137,1
TCGA-IB-AAUM-01A-11R-A37L-07,0.6766354393614452,1
TCGA-BF-AAP7-01A-11R-A40A-07,0.514770692711084,1
TCGA-NJ-A4YG-01A-22R-A262-07,0.5127602854625156,0
TCGA-AA-3846-01A-01R-1022-07,0.6263676022345319,1
TCGA-UN-AAZ9-01A-11R-A38C-07,0.7594968932987652,0
TCGA-HC-A76X-01A-11R-A33R-07,0.8571746971635856,1
TCGA-25-2042-01A-01R-1568-13,0.8214856403132513,1
TCGA-F4-6459-01A-11R-1774-07,0.5666684814880596,1
TCGA-A7-A13F-01A-11R-A12P-07,0.3363717931650854,0
TCGA-A2-A0CP-01A-11R-A034-07,0.8002425297055474,1
TCGA-KK-A5A1-01A-11R-A29R-07,0.7776003960534372,0
TCGA-F2-6879-01A-11R-2156-07,0.598808476257083,1
TCGA-A8-A099-01A-11R-A00Z-07,0.3313345574021091,1
TCGA-DD-AADP-01A-11R-A39D-07,0.6434445265119042,1
TCGA-A6-5657-01A-01R-A32Z-07,0.663609629112084,1
TCGA-A8-A09M-01A-11R-A00Z-07,0.8262303070251438,1
TCGA-CH-5744-01A-11R-1580-07,0.7221877539439657,1
TCGA-43-6771-01A-11R-1820-07,0.6541588774097592,1
TCGA-LN-A4A5-01A-21R-A260-31,0.667585569845504,1
TCGA-BH-A0BZ-01A-31R-A12P-07,0.33262572786084776,0
TCGA-05-4395-01A-01R-1206-07,0.49933266494194795,1
TCGA-BP-5178-01A-01R-1426-07,0.8136951500425085,1
TCGA-B6-A0RI-01A-11R-A056-07,0.3950783824780936,0
TCGA-63-A5MB-01A-11R-A26W-07,0.6652499549193766,1
TCGA-AQ-A04J-01A-02R-A034-07,0.3443401033803733,1
TCGA-77-8133-01A-12R-2247-07,0.9698634547201674,0
TCGA-B0-5399-01A-01R-1503-07,0.32080350543838226,1
TCGA-B8-A54I-01A-21R-A33J-07,0.3121738629285559,1
TCGA-61-1910-01A-01R-1567-13,0.8045421207650315,1
TCGA-A8-A07R-01A-21R-A034-07,0.32474707511660494,1
TCGA-CJ-4905-01A-02R-1426-07,0.3175020614318718,1
TCGA-AA-3525-01A-02R-0826-07,0.6177825701202301,1
TCGA-78-8662-01A-11R-2403-07,0.9412754922608971,1
TCGA-B6-A0IB-01A-11R-A034-07,0.882869643047535,0
TCGA-EJ-7328-01A-31R-2118-07,0.7863792875123851,1
TCGA-BQ-5875-01A-11R-1592-07,0.8253152168651021,1
TCGA-IB-7649-01A-11R-2156-07,0.5991030612521978,0
TCGA-49-4494-01A-01R-1206-07,0.5825407590963013,1
TCGA-AR-A24P-01A-11R-A169-07,0.3391829945159627,1
TCGA-AA-3542-01A-02R-1873-07,0.5926895705722969,0
TCGA-DM-A28H-01A-11R-A16W-07,0.558001447444825,0
TCGA-O2-A5IB-01A-11R-A27Q-07,0.9309270001078587,0
TCGA-A8-A06X-01A-21R-A00Z-07,0.41804347130099445,1
TCGA-BH-A28O-01A-11R-A22K-07,0.7646703158008871,1
TCGA-EJ-7115-01A-11R-2118-07,0.45506080336141014,1
TCGA-DW-5560-01A-01R-1592-07,0.520947141686371,1
TCGA-29-1703-01A-01R-1567-13,0.6878037113342785,1
TCGA-AA-3680-01A-01R-0905-07,0.6103472585006279,1
TCGA-CC-A8HU-01A-11R-A36F-07,0.7591266689438664,1
TCGA-D8-A27P-01A-11R-A16F-07,0.8671884172850699,1
TCGA-3P-A9WA-01A-11R-A406-31,0.7693729454230936,0
TCGA-BH-A1F6-01A-11R-A13Q-07,0.4043744332663134,1
TCGA-63-5128-01A-01R-1443-07,0.6620876505795928,0
TCGA-RC-A7SF-01A-11R-A352-07,0.7523393890711702,0
TCGA-BH-A202-01A-11R-A14M-07,0.3478171607908303,1
TCGA-DD-AAD8-01A-11R-A41C-07,0.7928188598070808,1
TCGA-EU-5904-01A-11R-1672-07,0.23649242226818176,1
TCGA-55-8508-01A-11R-2403-07,0.5992813894187196,1
TCGA-B3-A6W5-01A-12R-A33Z-07,0.5884110771870629,0
TCGA-78-7155-01A-11R-2039-07,0.9420363251645378,1
TCGA-24-2297-01A-01R-1568-13,0.824181824852868,0
TCGA-A8-A09W-01A-11R-A00Z-07,0.32910101868214503,1
TCGA-B9-4617-01A-01R-1193-07,0.5044484805937144,0
TCGA-A8-A09B-01A-11R-A00Z-07,0.871630357116104,1
TCGA-JY-A6FA-01A-11R-A336-31,0.6551749176590453,1
TCGA-97-A4M1-01A-11R-A24X-07,0.907967115369044,0
TCGA-GL-A9DD-01A-11R-A37K-07,0.8270471670239059,1
TCGA-A3-A6NN-01A-12R-A33J-07,0.8218228963399943,1
TCGA-18-3416-01A-01R-0980-07,0.6611038263301043,1
TCGA-EJ-5515-01A-01R-1580-07,0.4561986282803914,1
TCGA-D5-6539-01A-11R-1723-07,0.5716533109086135,1
TCGA-BH-A18N-01A-11R-A12D-07,0.761233311803492,0
TCGA-BP-4167-01A-02R-1325-07,0.8181881098507662,1
TCGA-A2-A0CR-01A-11R-A22K-07,0.8930068685152975,1
TCGA-56-8628-01A-11R-2403-07,0.5925585859571207,1
TCGA-55-8621-01A-11R-2403-07,0.500620744651482,1
TCGA-CC-A7II-01A-11R-A33J-07,0.9380360053588099,1
TCGA-85-6560-01A-11R-1820-07,0.5986290101528057,1
TCGA-AR-A24W-01A-11R-A169-07,0.6999332647615378,1
TCGA-85-6175-01A-11R-1820-07,0.6833953012144939,1
TCGA-86-7954-01A-11R-2187-07,0.9365537907087309,1
TCGA-CC-A9FS-01A-11R-A37K-07,0.5850774375295844,1
TCGA-25-1870-01A-01R-1567-13,0.8295567257547033,1
TCGA-63-7022-01A-11R-1949-07,0.5860406896148296,1
TCGA-R6-A6KZ-01A-11R-A31P-31,0.6677434851302438,1
TCGA-AA-3562-01A-02R-0821-07,0.6236600008095415,1
TCGA-D5-6541-01A-11R-1723-07,0.9144111777438267,1
TCGA-PJ-A5Z8-01A-11R-A28H-07,0.5398505688348736,0
TCGA-BP-5010-01A-02R-1420-07,0.8699006164580876,0
TCGA-66-2790-01A-01R-0980-07,0.6002127601174664,1
TCGA-AL-A5DJ-01A-11R-A26U-07,0.8132619990438664,1
TCGA-AR-A0TR-01A-11R-A084-07,0.8749804256092051,0
TCGA-AA-3979-01A-01R-1022-07,0.6055599258203981,1
TCGA-A1-A0SJ-01A-11R-A084-07,0.347478345289972,1
TCGA-AO-A0JA-01A-11R-A056-07,0.8921694253921135,1
TCGA-86-A4JF-01A-11R-A24X-07,0.5175219945491895,1
TCGA-Z6-A8JD-01A-11R-A36D-31,0.6492565158845243,1
TCGA-92-7341-01A-31R-2045-07,0.5961434722250983,1
TCGA-E2-A15O-01A-11R-A115-07,0.9065691311446133,0
TCGA-V1-A9O9-01A-11R-A41O-07,0.7371700050409458,1
TCGA-67-6215-01A-11R-1755-07,0.5881034893696617,0
TCGA-AY-6386-01A-21R-1723-07,0.5712596933028024,1
TCGA-LN-A4A3-01A-11R-A260-31,0.5641714208770968,1
TCGA-44-6778-01A-11R-1858-07,0.938816911484699,0
TCGA-RU-A8FL-01A-11R-A37K-07,0.964634392957444,1
TCGA-G3-AAV1-01A-11R-A38B-07,0.78286426819559,0
TCGA-CH-5745-01A-11R-1580-07,0.7357495768290966,0
TCGA-85-8580-01A-31R-2403-07,0.5802976365860693,1
TCGA-AK-3454-01A-02R-1277-07,0.8300689867436257,1
TCGA-M7-A722-01A-12R-A36G-07,0.4570618453578512,1
TCGA-3A-A9IN-01A-11R-A39D-07,0.9648774432290175,1
TCGA-49-4501-01A-01R-1206-07,0.5305122209244315,1
TCGA-44-7667-01A-31R-2066-07,0.4940164671038118,1
TCGA-86-7714-01A-12R-2170-07,0.5162983892271888,1
TCGA-34-5929-01A-11R-1820-07,0.6734908624826201,0
TCGA-BC-A10R-01A-11R-A131-07,0.8338146306257287,1
TCGA-39-5027-01A-21R-1820-07,0.5972780501626754,1
TCGA-AA-A00E-01A-01R-A002-07,0.6157594525833113,1
TCGA-22-5473-01A-01R-1635-07,0.6607983457421235,0
TCGA-LL-A7T0-01A-31R-A352-07,0.41238669401679356,1
TCGA-13-1410-01A-01R-1565-13,0.7010240101681187,1
TCGA-G9-6377-01A-11R-1965-07,0.2234897795849325,1
TCGA-EJ-7784-01A-11R-2118-07,0.5694660677149945,1
TCGA-51-4081-01A-01R-1100-07,0.5954361392483005,0
TCGA-5P-A9JW-01A-11R-A42S-07,0.777339165124905,0
TCGA-DV-5567-01A-01R-1541-07,0.8573277728224115,1
TCGA-BH-A1FU-01A-11R-A14D-07,0.34913210343927586,0
TCGA-AR-A1AR-01A-31R-A137-07,0.3398908769552474,1
TCGA-43-7658-01A-11R-2125-07,0.9641066703831735,1
TCGA-BF-A1PU-01A-11R-A18S-07,0.486138803064179,0
TCGA-CM-6171-01A-11R-1653-07,0.6493689605411753,1
TCGA-EW-A1J2-01A-21R-A13Q-07,0.8889057550516627,1
TCGA-UB-A7MF-01A-11R-A33J-07,0.8258835686414318,0
TCGA-DD-AAD0-01A-11R-A41C-07,0.681278066310402,0
TCGA-85-6561-01A-11R-1820-07,0.6903308351427699,1
TCGA-G9-6367-01A-11R-1789-07,0.45895577782959435,1
TCGA-DM-A1D9-01A-11R-A155-07,0.9439621632847547,1
TCGA-EJ-7783-01A-11R-2118-07,0.8055522715130526,1
TCGA-33-AASD-01A-11R-A405-07,0.6268805228481354,1
TCGA-97-8177-01A-11R-2287-07,0.5939203390808513,1
TCGA-NH-A6GA-01A-11R-A37K-07,0.6532771349895321,0
TCGA-BH-A1FC-01A-11R-A13Q-07,0.3285304427257513,1
TCGA-BP-4165-01A-02R-1289-07,0.23763782784706264,1
TCGA-AA-A02R-01A-01R-A00A-07,0.9264004053212688,1
TCGA-AD-6899-01A-11R-1928-07,0.5731071754066713,1
TCGA-LN-A4MQ-01A-11R-A28J-31,0.6315739814659415,1
TCGA-KK-A59Z-01A-12R-A26U-07,0.7137392112738211,1
TCGA-MI-A75H-01A-11R-A32O-07,0.7430383841190528,0
TCGA-38-4630-01A-01R-1206-07,0.6084058216584064,1
TCGA-EP-A3RK-01A-11R-A22L-07,0.7773122234873892,1
TCGA-5C-A9VG-01A-11R-A37K-07,0.7578388465193835,1
TCGA-BH-A0E7-01A-11R-A034-07,0.8675216556816754,1
TCGA-AA-3956-01A-02R-1022-07,0.615625455538675,0
TCGA-HC-8216-01A-11R-A29R-07,0.7992041094323176,1
TCGA-EJ-5519-01A-01R-1580-07,0.49285528060220896,1
TCGA-AA-3949-01A-01R-1022-07,0.6370913437928443,0
TCGA-B0-5121-01A-02R-1420-07,0.5722411773268576,1
TCGA-10-0926-01A-01R-1564-13,0.2300825925588691,1
TCGA-AK-3451-01A-02R-1188-07,0.2785175244363138,1
TCGA-A8-A085-01A-11R-A00Z-07,0.8972341478494885,0
TCGA-BH-A18M-01A-11R-A12D-07,0.8134756926731486,1
TCGA-G4-6315-01A-11R-1723-07,0.5724212554309995,1
TCGA-MP-A4TE-01A-22R-A466-07,0.9299570265082338,1
TCGA-EB-A4IS-01A-21R-A266-07,0.5041294783038562,1
TCGA-AN-A0AS-01A-11R-A00Z-07,0.413052749532023,1
TCGA-CW-5583-01A-02R-1541-07,0.8576562461927647,1
TCGA-BH-A18T-01A-11R-A12D-07,0.33085062019090367,0
TCGA-E9-A22E-01A-11R-A157-07,0.3275506590782045,1
TCGA-A2-A1FW-01A-11R-A13Q-07,0.738336890081384,1
TCGA-H6-A45N-01A-11R-A26U-07,0.6904238580158928,1
TCGA-A2-A0SW-01A-11R-A084-07,0.32257994124614076,0
TCGA-B0-5712-01A-11R-1672-07,0.6245655232243337,1
TCGA-85-8277-01A-11R-2296-07,0.6499101167064343,1
TCGA-E2-A1II-01A-11R-A144-07,0.8739019399841303,1
TCGA-24-2267-01A-01R-1568-13,0.7470294722547146,1
TCGA-77-8131-01A-11R-2247-07,0.6016673574747751,1
TCGA-3A-A9IZ-01A-12R-A41B-07,0.6116058020638945,0
TCGA-55-7816-01A-11R-2170-07,0.9397263202317794,1
TCGA-AA-3509-01A-01R-1410-07,0.61681760038467,1
TCGA-25-1322-01A-01R-1565-13,0.8162862563332925,1
TCGA-35-5375-01A-01R-1628-07,0.5663054504324462,1
TCGA-CJ-4918-01A-01R-1426-07,0.30237273395263264,1
TCGA-ED-A66X-01A-11R-A311-07,0.8470109447740458,1
TCGA-FV-A3I0-01A-11R-A22L-07,0.9079320171613887,0
TCGA-AO-A0JG-01A-31R-A084-07,0.7156823209414517,1
TCGA-XJ-A9DK-01A-11R-A37L-07,0.4595386425592249,1
TCGA-BH-A0BT-01A-11R-A12P-07,0.33232253035914844,1
TCGA-29-1783-01A-01R-1567-13,0.8412902565084057,0
TCGA-QG-A5Z1-01A-11R-A28H-07,0.9513834806485733,1
TCGA-F4-6805-01A-11R-1839-07,0.5780426976449203,1
TCGA-18-4086-01A-01R-1100-07,0.6796019621063133,1
TCGA-99-8028-01A-11R-2241-07,0.5758652093253477,1
TCGA-B0-5109-01A-02R-1420-07,0.7463733587309782,1
TCGA-E2-A1B6-01A-31R-A12P-07,0.3386220399084373,1
TCGA-S4-A8RM-01A-11R-A37L-07,0.605166046659461,1
TCGA-49-4486-01A-01R-1206-07,0.9387333095607862,1
TCGA-E9-A248-01A-11R-A169-07,0.33832870091247114,1
TCGA-IB-AAUR-01A-21R-A38C-07,0.607478620868673,1
TCGA-BC-A69I-01A-11R-A311-07,0.5160243453241433,1
TCGA-AC-A23G-01A-11R-A213-07,0.3932067346300328,0
TCGA-DD-AADG-01A-11R-A41C-07,0.7147811914868605,0
TCGA-A8-A08S-01A-11R-A034-07,0.33575894036011994,1
TCGA-D8-A27G-01A-11R-A16F-07,0.8502297820463359,1
TCGA-A2-A0YT-01A-11R-A109-07,0.8359173766786626,1
TCGA-2H-A9GH-01A-11R-A37I-31,0.6647588510028413,1
TCGA-GM-A4E0-01A-12R-A266-07,0.8830658510205867,1
TCGA-86-8358-01A-11R-2326-07,0.9300498005988426,1
TCGA-39-5034-01A-01R-1443-07,0.6721955709339208,1
TCGA-E9-A1N3-01A-12R-A157-07,0.9063918716174039,1
TCGA-91-8496-01A-11R-2403-07,0.9373944412365819,1
TCGA-KC-A7FE-01A-12R-A33R-07,0.745103389077089,1
TCGA-04-1655-01A-01R-1566-13,0.806660803729805,1
TCGA-A4-7584-01A-11R-2139-07,0.8501974684214841,1
TCGA-HZ-7918-01A-11R-2156-07,0.6129598047717406,1
TCGA-AK-3440-01A-02R-1277-07,0.7550352495795151,0
TCGA-CZ-4857-01A-01R-1305-07,0.8193664035953906,1
TCGA-B9-4116-01A-02R-1351-07,0.8891898229937915,1
TCGA-DZ-6133-01A-11R-1965-07,0.5140247991430293,0
TCGA-J9-A52E-01A-11R-A26U-07,0.742226448207289,1
TCGA-ER-A2NB-01A-12R-A18S-07,0.5510339947498678,1
TCGA-A3-3346-01A-01R-1766-07,0.8677442203244224,1
TCGA-3A-A9IO-01A-11R-A38C-07,0.5716016519186863,1
TCGA-BP-4325-01A-02R-1289-07,0.7409552345484781,1
TCGA-IB-7889-01A-11R-2156-07,0.5997663528290847,0
TCGA-A8-A07F-01A-11R-A00Z-07,0.341447705706566,1
TCGA-78-7162-01A-21R-2066-07,0.8851626581045868,1
TCGA-IB-7644-01A-11R-2156-07,0.6137065513805148,0
TCGA-36-1569-01A-01R-1566-13,0.8322032299415022,0
TCGA-52-7622-01A-11R-2125-07,0.6762369871971716,1
TCGA-69-8453-01A-12R-2326-07,0.4914568533543389,1
TCGA-OL-A66N-01A-12R-A31O-07,0.8809127121751044,1
TCGA-CC-A9FV-01A-11R-A37K-07,0.8379405577065123,1
TCGA-XD-AAUI-01A-42R-A41B-07,0.584538964510552,1
TCGA-GM-A2DN-01A-11R-A180-07,0.8361292684429852,0
TCGA-G3-A3CK-01A-11R-A213-07,0.7220477052423802,0
TCGA-BP-4771-01A-01R-1289-07,0.6505325288956698,0
TCGA-DD-AACO-01A-11R-A41C-07,0.7517323990463137,1
TCGA-75-7031-01A-11R-1949-07,0.5073876565730122,1
TCGA-24-1552-01A-01R-1566-13,0.7762284283553326,1
TCGA-85-8287-01A-11R-2296-07,0.5958793500238582,0
TCGA-AY-6197-01A-11R-1723-07,0.6559281265818772,1
TCGA-96-A4JK-01A-11R-A24Z-07,0.5989757383843826,1
TCGA-C8-A12Z-01A-11R-A115-07,0.3356167167961684,1
TCGA-E9-A3Q9-01A-11R-A21T-07,0.6836160606509621,1
TCGA-AC-A8OR-01A-21R-A41B-07,0.8415461407376075,1
TCGA-44-5644-01A-21R-2039-07,0.5006560547646585,1
TCGA-A2-A0T3-01A-21R-A115-07,0.3243176726902607,1
TCGA-A4-8098-01A-11R-2404-07,0.841400432790125,1
TCGA-EB-A82C-01A-11R-A352-07,0.5035548581970644,0
TCGA-DM-A1D0-01A-11R-A155-07,0.9472026757102499,1
TCGA-BF-AAP1-01A-11R-A39D-07,0.5846042426524426,1
TCGA-S3-AA12-01A-11R-A41B-07,0.852842115397988,0
TCGA-24-2024-01A-02R-1568-13,0.24215378299747425,1
TCGA-24-2026-01A-01R-1567-13,0.8752297391572245,1
TCGA-G7-6796-01A-11R-1965-07,0.25704678891562543,1
TCGA-AL-3473-01A-01R-1193-07,0.5263837136220358,1
TCGA-Y8-A894-01A-11R-A36F-07,0.8106301495982415,1
TCGA-22-5483-01A-01R-1820-07,0.6872123908068426,1
TCGA-CJ-4644-01A-02R-1325-07,0.6427361943428987,1
TCGA-22-5489-01A-01R-1635-07,0.6639804726136719,1
TCGA-D8-A1JP-01A-11R-A13Q-07,0.33598696807727707,0
TCGA-B9-A5W9-01A-11R-A28H-07,0.5835407550104403,1
TCGA-13-0886-01A-01R-1569-13,0.8556933777833887,1
TCGA-EB-A4P0-01A-41R-A266-07,0.5906180109133004,1
TCGA-G4-6307-01A-11R-1723-07,0.6545378788657017,0
TCGA-DD-AAEH-01A-11R-A41C-07,0.5227004641140178,1
TCGA-FV-A2QQ-01A-11R-A22L-07,0.505538395266009,0
TCGA-MP-A4SW-01A-21R-A24X-07,0.499692401487096,1
TCGA-P4-A5ED-01A-11R-A28H-07,0.5373372750905729,1
TCGA-CA-6719-01A-11R-1839-07,0.5688051010416484,1
TCGA-AY-4071-01A-01R-1113-07,0.6249321816918343,1
TCGA-B8-4622-01A-02R-1277-07,0.24743287488854174,1
TCGA-AO-A1KP-01A-11R-A13Q-07,0.904944643812111,1
TCGA-A8-A081-01A-11R-A00Z-07,0.33132545123770135,0
TCGA-24-2262-01A-01R-1568-13,0.7175414270099717,1
TCGA-3A-A9I7-01A-21R-A38C-07,0.6024126705450357,1
TCGA-A2-A0CW-01A-21R-A115-07,0.3278818066445578,1
TCGA-UZ-A9Q0-01A-12R-A42S-07,0.5267095448554905,1
TCGA-56-8082-01A-11R-2247-07,0.5841646615171924,0
TCGA-39-5019-01A-01R-1820-07,0.6690181081424845,1
TCGA-G3-A5SI-01A-31R-A27V-07,0.7930089134807354,1
TCGA-A2-A0EX-01A-21R-A034-07,0.8805619127271664,1
TCGA-AR-A2LJ-01A-12R-A19W-07,0.7726162972048853,1
TCGA-R6-A6DN-01B-11R-A31P-31,0.6642596639971233,1
TCGA-B0-4842-01A-02R-1420-07,0.23872713190741582,1
TCGA-90-A4EE-01A-11R-A24Z-07,0.6815048969255216,0
TCGA-DW-7834-01A-11R-2139-07,0.7940627852446721,1
TCGA-A3-3317-01A-02R-1325-07,0.8641820638050437,1
TCGA-LN-A7HY-01A-12R-A354-31,0.6551788874862937,0
TCGA-B0-5080-01A-01R-1503-07,0.24085841842552855,1
TCGA-DD-AAW3-01A-11R-A41C-07,0.5869198106174299,1
TCGA-CM-5862-01A-01R-1653-07,0.5746727261147746,1
TCGA-G9-6494-01A-11R-1789-07,0.45851548737603964,0
TCGA-2J-AABT-01A-11R-A41B-07,0.6232603451358149,1
TCGA-AA-3693-01A-01R-0905-07,0.605784315706104,0
TCGA-2V-A95S-01A-11R-A37K-07,0.7697395756324321,1
TCGA-44-7669-01A-21R-2066-07,0.5221738077779532,0
TCGA-BP-5008-01A-01R-1334-07,0.6637789531119315,1
TCGA-D5-6920-01A-11R-1928-07,0.6498390128620014,1
TCGA-K7-A5RG-01A-11R-A28V-07,0.5524171177300266,1
TCGA-BP-4795-01A-02R-1420-07,0.7163483137205152,1
TCGA-18-3419-01A-01R-0980-07,0.5803078693505273,0
TCGA-G9-6332-01A-11R-1789-07,0.7070542711838446,1
TCGA-56-8309-01A-11R-2296-07,0.6793583284076269,1
TCGA-AC-A23E-01A-11R-A157-07,0.3354036115301017,1
TCGA-BQ-7046-01A-11R-1965-07,0.5915638953510057,1
TCGA-AN-A0AT-01A-11R-A034-07,0.34707705301779335,1
TCGA-BH-A0E9-01B-11R-A115-07,0.8839332702261316,0
TCGA-AA-3663-01A-01R-1723-07,0.6387944895663097,1
TCGA-A2-A0YI-01A-31R-A10J-07,0.8732459822482014,1
TCGA-34-8456-01A-21R-2326-07,0.9531812469994714,1
TCGA-AR-A1AJ-01A-21R-A12P-07,0.42348849339836386,1
TCGA-44-6145-01A-11R-1755-07,0.5147202826958428,1
TCGA-BP-4344-01A-01R-1289-07,0.8703480990662241,1
TCGA-5C-A9VH-01A-11R-A37K-07,0.7915681907295705,1
TCGA-62-8399-01A-21R-2326-07,0.5814264343044916,0
TCGA-A8-A08T-01A-21R-A00Z-07,0.9298047035480258,1
TCGA-56-7222-01A-11R-2045-07,0.5924991502535063,0
TCGA-PZ-A5RE-01A-11R-A32O-07,0.6109743604079756,1
TCGA-EJ-5509-01A-01R-1580-07,0.4582751564813788,0
TCGA-58-8392-01A-11R-2326-07,0.5929941437565763,1
TCGA-18-5595-01A-01R-1635-07,0.6570196288371778,1
TCGA-29-1695-01A-01R-1567-13,0.26319144481415624,1
TCGA-B0-4833-01A-01R-1305-07,0.8080319670781119,1
TCGA-D8-A27E-01A-11R-A16F-07,0.6752086927413731,0
TCGA-BH-A209-01A-11R-A157-07,0.33896069504670207,1
TCGA-BH-A0W4-01A-11R-A109-07,0.33596117941558173,0
TCGA-DV-5565-01A-01R-1541-07,0.8134146036340054,0
TCGA-94-A5I6-01A-21R-A27Q-07,0.6832057834348911,0
TCGA-61-1725-01A-01R-1567-13,0.2361683665537051,1
TCGA-B0-5098-01A-01R-1420-07,0.30339507100194535,1
TCGA-13-0905-01B-01R-1565-13,0.8234222222917954,1
TCGA-AA-3667-01A-01R-0905-07,0.6029566033235452,1
TCGA-D8-A1XC-01A-11R-A14D-07,0.8772455944709515,0
TCGA-J4-A6M7-01A-11R-A31N-07,0.7179899317453462,1
TCGA-24-1544-01A-01R-1566-13,0.8172672568620256,0
TCGA-YL-A9WJ-01A-11R-A37L-07,0.7532110703770458,1
TCGA-29-1785-01A-01R-1567-13,0.2621546120676593,0
TCGA-98-8020-01A-11R-2247-07,0.598562995235472,0
TCGA-XJ-A9DQ-01A-11R-A37L-07,0.45944710053052457,0
TCGA-C8-A8HP-01A-11R-A36F-07,0.32887729724939524,1
TCGA-B0-5096-01A-01R-1420-07,0.821311741206558,1
TCGA-E9-A3QA-01A-61R-A22K-07,0.3347562321025932,1
TCGA-BH-A0WA-01A-11R-A109-07,0.32945263759746846,1
TCGA-66-2791-01A-01R-0980-07,0.6820743112062644,1
TCGA-BH-A0HN-01A-11R-A10U-07,0.844258340799825,1
TCGA-F4-6463-01A-11R-1723-07,0.5826236922780995,0
TCGA-A2-A1FZ-01A-51R-A14D-07,0.8842134041967438,1
TCGA-VP-AA1N-01A-31R-A41O-07,0.5535460481955137,1
TCGA-A3-3359-01A-01R-0864-07,0.8641241566117872,1
TCGA-AN-A049-01A-21R-A00Z-07,0.33381378121542277,1
TCGA-CZ-5462-01A-01R-1503-07,0.23269463718228683,1
TCGA-CM-6165-01A-11R-1653-07,0.5690179454493823,1
TCGA-DD-A3A3-01A-11R-A22L-07,0.6046495447099324,1
TCGA-AO-A125-01A-11R-A10J-07,0.6780614610759316,1
TCGA-69-7760-01A-11R-2170-07,0.5169112782657846,1
TCGA-KC-A7FD-01A-11R-A33R-07,0.2359157686197441,0
TCGA-UZ-A9PK-01A-11R-A38C-07,0.49991444153388054,1
TCGA-62-8398-01A-11R-2326-07,0.5881723757022472,1
TCGA-B0-4698-01A-01R-1503-07,0.7691665008995767,1
TCGA-L5-A88V-01A-11R-A354-31,0.6296402093920744,1
TCGA-3A-A9IX-01A-11R-A41B-07,0.6022991606559708,1
TCGA-55-A4DG-01A-11R-A24H-07,0.5097800278826059,1
TCGA-EW-A424-01A-11R-A24H-07,0.8772737604698554,1
TCGA-60-2706-01A-01R-0851-07,0.5926810440859551,1
TCGA-IA-A40U-01A-11R-A24Z-07,0.8380791481035462,1
TCGA-GM-A3XG-01A-31R-A24H-07,0.6823408996221421,0
TCGA-ZR-A9CJ-01B-11R-A38D-31,0.6684568260956343,1
TCGA-BH-A18G-01A-11R-A12D-07,0.325187330194084,1
TCGA-G9-6384-01A-11R-1789-07,0.7408616418651021,0
TCGA-67-6216-01A-11R-1755-07,0.5074682088589274,1
TCGA-13-1488-01A-01R-1565-13,0.2513630755941841,1
TCGA-G9-6343-01A-21R-1965-07,0.7540775667341157,1
TCGA-90-A59Q-01A-11R-A26W-07,0.5995991063049807,1
TCGA-CW-5580-01A-01R-1672-07,0.8806967359213091,1
TCGA-25-1625-01A-01R-1566-13,0.8437473976949093,1
TCGA-EJ-A8FS-01A-11R-A352-07,0.46369026680333103,1
TCGA-CM-6164-01A-11R-1653-07,0.5676296503544713,0
TCGA-29-1763-01A-02R-1567-13,0.25655339536172606,0
TCGA-97-7941-01A-11R-2187-07,0.5011609201251559,1
TCGA-B0-4696-01A-01R-1277-07,0.80723411858916,1
TCGA-AA-3675-01A-02R-0905-07,0.6580451460915515,1
TCGA-HC-A6AS-01A-11R-A30B-07,0.7965283744363737,1
TCGA-LN-A7HW-01A-22R-A354-31,0.6728399932928418,1
TCGA-50-6595-01A-12R-1858-07,0.5200628231731584,0
TCGA-05-4433-01A-22R-1858-07,0.5030040642277399,1
TCGA-B0-5113-01A-01R-1420-07,0.824889395269415,1
TCGA-OL-A66I-01A-21R-A29R-07,0.837313025970364,1
TCGA-GM-A2DL-01A-11R-A18M-07,0.3299347498022603,1
TCGA-10-0934-01A-02R-1564-13,0.5677153183419196,1
TCGA-B1-5398-01A-02R-1592-07,0.6408525658222691,1
TCGA-09-1667-01C-01R-1566-13,0.2410415091229828,1
TCGA-69-7979-01A-11R-2187-07,0.5009339864735517,1
TCGA-22-1017-01A-01R-0692-07,0.6736243140331348,1
TCGA-BP-4759-01A-01R-1289-07,0.8625597673519353,1
TCGA-ED-A459-01A-11R-A266-07,0.7667136951477688,1
TCGA-EB-A51B-01A-11R-A27Q-07,0.5074915108226604,1
TCGA-CW-6090-01A-11R-1672-07,0.8150797240255,1
TCGA-AA-3968-01A-01R-1022-07,0.6230051390564133,1
TCGA-85-8276-01A-11R-2296-07,0.6091773613898118,1
TCGA-D5-6924-01A-11R-1928-07,0.5958938401860316,1
TCGA-95-7947-01A-11R-2187-07,0.9378341655031057,1
TCGA-50-5932-01A-11R-1755-07,0.9396206516812691,1
TCGA-G9-6342-01A-11R-1965-07,0.7767012630999892,1
TCGA-BH-A0H9-01A-11R-A056-07,0.9509166496121486,1
TCGA-AR-A24X-01A-11R-A169-07,0.3306668625406068,1
TCGA-A4-A5Y1-01A-11R-A28H-07,0.5493116132688372,1
TCGA-AR-A1AV-01A-21R-A12P-07,0.3257503394271109,1
TCGA-33-4582-01A-01R-1443-07,0.6483610525766437,1
TCGA-A7-A0DC-01B-04R-A22O-07,0.7926239532941698,1
TCGA-E9-A245-01A-22R-A16F-07,0.8810814480140152,1
TCGA-LN-A49Y-01A-11R-A260-31,0.7047070292275596,1
TCGA-BP-4960-01A-01R-1334-07,0.754322567900227,1
TCGA-CJ-4641-01A-02R-1325-07,0.2453480701113784,1
TCGA-55-7281-01A-11R-2039-07,0.5914502556282892,1
TCGA-AA-3870-01A-01R-1022-07,0.6379497062854931,1
TCGA-MI-A75E-01A-11R-A32O-07,0.6353809202832524,1
TCGA-DD-A1EF-01A-11R-A131-07,0.817323515276282,1
TCGA-VR-A8EX-01A-11R-A36D-31,0.6330821685699786,1
TCGA-56-8504-01A-11R-2403-07,0.6743134546908136,1
TCGA-MG-AAMC-01A-11R-A41O-07,0.711596216737826,0
TCGA-56-A49D-01A-11R-A24H-07,0.6113131656960713,1
TCGA-39-5022-01A-21R-1820-07,0.5929149731059974,0
TCGA-55-7573-01A-11R-2039-07,0.9357876122156451,0
TCGA-13-0730-01A-01R-1564-13,0.25515906092224033,1
TCGA-D5-6538-01A-11R-1723-07,0.9662266594377459,1
TCGA-2Y-A9GU-01A-11R-A38B-07,0.514085636367933,0
TCGA-YL-A8HJ-01A-11R-A36G-07,0.8086239101151261,1
TCGA-05-4396-01A-21R-1858-07,0.5922183986748302,1
TCGA-E2-A1LL-01A-11R-A144-07,0.3406082437424941,1
TCGA-24-2281-01A-01R-1568-13,0.8254255407125498,1
TCGA-33-A4WN-01A-11R-A262-07,0.6689663987395105,1
TCGA-CZ-5985-01A-11R-1672-07,0.5671641715389737,1
TCGA-GN-A263-01A-11R-A18T-07,0.4877772765787561,1
TCGA-E9-A1RE-01A-11R-A157-07,0.8876582342443763,1
TCGA-E2-A15M-01A-11R-A12D-07,0.32953030052223575,0
TCGA-HC-8262-01A-11R-2263-07,0.7330975194588506,1
TCGA-DM-A0X9-01A-11R-A155-07,0.9475956794096637,1
TCGA-A7-A4SC-01A-12R-A266-07,0.8709505420837111,0
TCGA-AN-A04A-01A-21R-A034-07,0.32347095153957295,0
TCGA-QA-A7B7-01A-11R-A32O-07,0.7500848477477903,1
TCGA-29-2427-01A-01R-1569-13,0.8236834363314753,0
TCGA-25-1633-01A-01R-1566-13,0.8312042538429254,1
TCGA-85-A510-01A-11R-A26W-07,0.9573136783731254,1
TCGA-75-5147-01A-01R-1628-07,0.4981065963004018,0
TCGA-D3-A5GT-01A-12R-A311-07,0.9215413242651848,1
TCGA-49-AARR-01A-11R-A41B-07,0.51540934951281,1
TCGA-CH-5740-01A-11R-1580-07,0.7245424694098916,1
TCGA-BH-A0W3-01A-11R-A109-07,0.904912532860247,1
TCGA-13-1487-01A-01R-1565-13,0.8460829111511755,1
TCGA-CZ-5464-01A-01R-1503-07,0.6519762434331391,0
TCGA-HC-A8D1-01A-11R-A36G-07,0.461571365909344,1
TCGA-13-0884-01B-01R-1565-13,0.8119507297091854,0
TCGA-D8-A1JD-01A-11R-A13Q-07,0.4394974335930378,1
TCGA-61-2009-01A-01R-1568-13,0.25457632720567347,0
TCGA-J4-A67N-01A-11R-A30B-07,0.6735997206841903,1
TCGA-66-2788-01A-01R-0980-07,0.6791924357898493,1
TCGA-EJ-5501-01A-01R-1580-07,0.7740006432424736,1
TCGA-BC-4072-01B-11R-A155-07,0.8000039082377094,1
TCGA-LN-A5U7-01A-11R-A31P-31,0.632731553553227,1
TCGA-IG-A4QT-01A-21R-A260-31,0.9661242100849987,1
TCGA-YL-A9WX-01A-21R-A41O-07,0.5347943050178932,1
TCGA-3A-A9IL-01A-11R-A38C-07,0.9629639225399718,1
TCGA-AD-6965-01A-11R-1928-07,0.9519372900317209,1
TCGA-60-2704-01A-11R-2045-07,0.607321759619259,1
TCGA-AA-3514-01A-02R-0821-07,0.9517920891794547,1
TCGA-IB-A5ST-01A-11R-A32O-07,0.6074898250347954,1
TCGA-BH-A0DQ-01A-11R-A084-07,0.9160796769467994,1
TCGA-D8-A1XY-01A-11R-A14M-07,0.8235722141738551,1
TCGA-ZG-A9LB-01A-11R-A41O-07,0.6228633391755797,1
TCGA-L5-A4OR-01A-11R-A260-31,0.6792554706948734,1
TCGA-LD-A74U-01A-13R-A33J-07,0.8872200868186175,1
TCGA-B8-4148-01A-02R-1325-07,0.6631739920285489,1
TCGA-77-8009-01A-11R-2187-07,0.597496425504134,1
TCGA-55-7574-01A-11R-2039-07,0.5169153160698484,1
TCGA-XA-A8JR-01A-11R-A36G-07,0.5366160771702685,0
TCGA-B0-5095-01A-01R-1420-07,0.25215863931495747,1
TCGA-NC-A5HE-01A-11R-A26W-07,0.6037938566047724,1
TCGA-RC-A6M4-01A-11R-A32O-07,0.7684797545281097,1
TCGA-EJ-A8FN-01A-11R-A352-07,0.44698078446028,1
TCGA-2Z-A9JK-01A-11R-A42S-07,0.8383727532451091,1
TCGA-69-8254-01A-11R-2287-07,0.5864495510747243,0
TCGA-67-6217-01A-11R-1755-07,0.9101454135491338,1
TCGA-55-7994-01A-11R-2187-07,0.9402595097481938,1
TCGA-55-8090-01A-11R-2241-07,0.5739574462763135,0
TCGA-LN-A5U5-01A-21R-A28J-31,0.6544117049515349,1
TCGA-66-2768-01A-01R-0851-07,0.6637600687183857,1
TCGA-WQ-AB4B-01A-11R-A41C-07,0.5205468566953917,1
TCGA-77-6844-01A-11R-1949-07,0.6841104927344209,1
TCGA-A8-A07Z-01A-11R-A00Z-07,0.9046380284890854,1
TCGA-AA-3977-01A-01R-1022-07,0.6253279370883812,0
TCGA-AC-A3W7-01A-11R-A22K-07,0.9156136355976473,1
TCGA-CC-5263-01A-01R-A131-07,0.21479617626210987,1
TCGA-18-3411-01A-01R-0980-07,0.6507397420793196,1
TCGA-DM-A0XD-01A-12R-A155-07,0.6405236156944212,0
TCGA-OL-A5RU-01A-11R-A28M-07,0.9168538375473277,1
TCGA-33-AASB-01A-11R-A405-07,0.6606424337569963,1
TCGA-B6-A0RG-01A-11R-A056-07,0.3416091668147132,1
TCGA-DD-AAC8-01A-11R-A41C-07,0.7510301154215947,1
TCGA-VP-A87D-01A-11R-A352-07,0.7916580062504475,1
TCGA-BH-A0HX-01A-21R-A056-07,0.3392795865102393,1
TCGA-BP-4353-01A-02R-1289-07,0.8084925267140297,0
TCGA-66-2793-01A-01R-1201-07,0.6555161469918384,1
TCGA-E2-A15A-01A-11R-A12D-07,0.3395642699070562,1
TCGA-61-2094-01A-01R-1568-13,0.2633836592384202,0
TCGA-AA-3502-01A-01R-1410-07,0.9700829449706029,1
TCGA-E9-A22G-01A-11R-A157-07,0.3075233733553054,1
TCGA-A3-3325-01A-01R-0864-07,0.3044361996567433,0
TCGA-BP-4176-01A-02R-1289-07,0.3116225874721032,1
TCGA-09-1669-01A-01R-1566-13,0.699130048682295,1
TCGA-04-1365-01A-01R-1565-13,0.24819904542302776,1
TCGA-2Z-A9JS-01A-21R-A42S-07,0.7237053648718187,1
TCGA-AR-A0U4-01A-11R-A109-07,0.3579077745766061,1
TCGA-B0-5713-01A-11R-1672-07,0.8117438519610222,0
TCGA-L3-A4E7-01A-11R-A24Z-07,0.5917987249578632,1
TCGA-G7-6795-01A-11R-1965-07,0.5128614244283913,0
TCGA-AY-5543-01A-01R-1653-07,0.5620312396943443,0
TCGA-G4-6294-01A-11R-1774-07,0.5657994680092954,1
TCGA-CM-5344-01A-21R-1723-07,0.6468194865571129,0
TCGA-TK-A8OK-01A-22R-A36G-07,0.7542259784716456,0
TCGA-VR-AA4G-01A-11R-A37I-31,0.6323415133227379,1
TCGA-JY-A93C-01A-11R-A38D-31,0.7025493348470123,1
TCGA-G9-6356-01A-11R-1789-07,0.7559620945596223,0
TCGA-A2-A0ER-01A-21R-A034-07,0.8477685406108703,1
TCGA-62-A46O-01A-11R-A24H-07,0.4991305336899334,1
TCGA-BQ-5885-01A-11R-1592-07,0.6224901241189935,1
TCGA-E2-A1IN-01A-11R-A13Q-07,0.3392787036069853,1
TCGA-NJ-A55R-01A-11R-A262-07,0.5851129296164446,0
TCGA-A3-3383-01A-02R-1325-07,0.8197119331402789,1
TCGA-B4-5844-01A-11R-1672-07,0.24327823050861694,1
TCGA-CJ-5676-01A-11R-1541-07,0.8546447981631242,1
TCGA-MH-A561-01A-11R-A26U-07,0.525733276874244,1
TCGA-96-A4JL-01A-11R-A24Z-07,0.6824459258526485,0
TCGA-KK-A6DY-01A-12R-A311-07,0.7849755282020117,1
TCGA-2Z-A9JP-01A-11R-A42S-07,0.5925099884158985,1
TCGA-VR-A8ER-01A-11R-A36D-31,0.6596380512750029,1
TCGA-24-2288-01A-01R-1568-13,0.8349620734744261,1
TCGA-A8-A0AD-01A-11R-A056-07,0.871770983114929,1
TCGA-B6-A0IQ-01A-11R-A034-07,0.7831320971696722,1
TCGA-DM-A28A-01A-21R-A32Y-07,0.5776020999010636,1
TCGA-09-0369-01A-01R-1564-13,0.7800674147362154,1
TCGA-G7-A8LD-01A-11R-A36F-07,0.7475102037130941,1
TCGA-A4-7732-01A-11R-2139-07,0.5879409810940454,1
TCGA-QU-A6IP-01A-11R-A31N-07,0.7423859919152619,1
TCGA-DD-A1EG-01A-11R-A213-07,0.7634941084039201,0
TCGA-BP-5004-01A-01R-1334-07,0.3067014394072481,0
TCGA-BP-5006-01A-01R-1334-07,0.8514572369835869,1
TCGA-A6-6781-01A-22R-A278-07,0.6594256820754234,1
TCGA-CA-5255-01A-11R-1839-07,0.6367065353972193,0
TCGA-66-2782-01A-01R-0851-07,0.7057190922162258,1
TCGA-MP-A4SY-01A-21R-A24X-07,0.523829180182355,1
TCGA-44-3398-01A-01R-1107-07,0.5095424340580934,1
TCGA-97-8171-01A-11R-2287-07,0.5824842653679186,1
TCGA-BH-A0BG-01A-11R-A115-07,0.4199275831543661,0
TCGA-B0-4834-01A-01R-1305-07,0.8303770593271899,0
TCGA-A2-A25B-01A-11R-A169-07,0.3375544410877682,1
TCGA-70-6723-01A-11R-1820-07,0.6567251999017716,1
TCGA-KK-A8IJ-01A-11R-A352-07,0.7801760265122151,1
TCGA-CZ-5986-01A-11R-1672-07,0.2259739871249462,1
TCGA-BH-A1EN-01A-11R-A13Q-07,0.9494995239792647,1
TCGA-CH-5768-01A-11R-1580-07,0.773348966868993,1
TCGA-B0-4846-01A-01R-1277-07,0.8105525871846807,1
TCGA-E2-A2P6-01A-11R-A19W-07,0.8543325368949329,1
TCGA-AK-3434-01A-02R-1277-07,0.7669031829522679,1
TCGA-WW-A8ZI-01A-11R-A37L-07,0.4647167030359528,1
TCGA-56-7730-01A-11R-2125-07,0.9566957567942694,1
TCGA-3A-A9I9-01A-11R-A38C-07,0.6089047009514803,0
TCGA-EP-A2KC-01A-11R-A213-07,0.8046846141287617,1
TCGA-AO-A1KO-01A-31R-A13Q-07,0.6946238752902778,1
TCGA-BH-A18K-01A-11R-A12D-07,0.3327542425765185,1
TCGA-D8-A147-01A-11R-A115-07,0.3286636754703897,1
TCGA-24-0979-01A-01R-1565-13,0.7553226585606451,0
TCGA-HC-7821-01A-12R-2118-07,0.458803183727267,1
TCGA-3A-A9IU-01A-11R-A39D-07,0.6077880750458142,1
TCGA-AC-A3QP-01A-11R-A22U-07,0.8715678729588036,1
TCGA-E9-A226-01A-21R-A157-07,0.34519581641031066,1
TCGA-MP-A4T7-01A-11R-A24X-07,0.9389614437013974,1
TCGA-HE-7129-01A-11R-1965-07,0.21488214438723202,1
TCGA-91-7771-01A-11R-2170-07,0.9430630053458823,1
TCGA-CC-A7IK-01A-12R-A33R-07,0.7549991896178382,1
TCGA-AD-6895-01A-11R-1928-07,0.5781347396790388,1
TCGA-2Z-A9JN-01A-21R-A42S-07,0.21082492812217263,1
TCGA-Y8-A898-01A-11R-A355-07,0.813705164757139,1
TCGA-24-1545-01A-01R-1566-13,0.8342853694573249,1
TCGA-60-2711-01A-01R-0851-07,0.6002002239217223,1
TCGA-US-A77G-01A-11R-A32O-07,0.6848702083988369,1
TCGA-44-5645-01B-04R-A277-07,0.9273083495529048,1
TCGA-23-1109-01A-01R-1564-13,0.697569712313502,1
TCGA-DD-A1EJ-01A-11R-A155-07,0.7537565281191111,1
TCGA-CK-6748-01A-11R-1839-07,0.5880111983923197,0
TCGA-HE-A5NH-01A-11R-A26U-07,0.7787871070009053,0
TCGA-LL-A50Y-01A-11R-A266-07,0.3434597710826302,1
TCGA-BP-5173-01A-01R-1426-07,0.7441118421305145,0
TCGA-V1-A9O7-01A-21R-A41O-07,0.8050669922311916,0
TCGA-L5-A4OJ-01A-11R-A260-31,0.6609733588039266,1
TCGA-05-4434-01A-01R-1206-07,0.5968322214347868,1
TCGA-AZ-4682-01B-01R-A32Z-07,0.6464281671992926,1
TCGA-D8-A1J9-01A-11R-A13Q-07,0.33983814387247047,1
TCGA-CH-5746-01A-11R-1580-07,0.44962940019808006,0
TCGA-KV-A6GD-01A-11R-A31O-07,0.7817059090103547,1
TCGA-B0-4707-01A-01R-1277-07,0.8775730957854947,1
TCGA-58-8393-01A-11R-2326-07,0.5943494791388546,1
TCGA-FV-A495-01A-11R-A266-07,0.7895915885612146,1
TCGA-99-8033-01A-11R-2241-07,0.5757250035704881,1
TCGA-77-8139-01A-11R-2247-07,0.6595081646608013,1
TCGA-ED-A5KG-01A-11R-A27V-07,0.7970882260732519,1
TCGA-94-7033-01A-11R-1949-07,0.6728305983609862,1
TCGA-AA-3530-01A-01R-1022-07,0.6356844673613954,1
TCGA-ZG-A9L1-01A-11R-A41O-07,0.5483539501762336,1
TCGA-FR-A3R1-01A-11R-A239-07,0.48530166503120437,1
TCGA-2Z-A9JL-01A-11R-A42S-07,0.5404610708629373,1
TCGA-20-0987-01A-02R-1564-13,0.792666322911465,0
TCGA-59-2363-01A-01R-1569-13,0.238130251410923,1
TCGA-24-1419-01A-01R-1565-13,0.8257545239563402,1
TCGA-BH-A1FH-01A-12R-A13Q-07,0.8858041108297028,1
TCGA-B6-A0IA-01A-11R-A034-07,0.8572907892101986,1
TCGA-98-7454-01A-11R-2045-07,0.6739524902299141,0
TCGA-5P-A9JZ-01A-11R-A42S-07,0.49671541376655987,1
TCGA-55-6984-01A-11R-1949-07,0.5968627081717225,1
TCGA-HC-8264-01B-11R-2403-07,0.4629835593662055,1
TCGA-G4-6314-01A-11R-1723-07,0.5807193280688436,1
TCGA-68-8250-01A-11R-2296-07,0.6003504459254017,1
TCGA-29-1769-01A-01R-1567-13,0.24027131757904607,0
TCGA-EU-5905-01A-11R-1672-07,0.8492471533960708,1
TCGA-F9-A7Q0-01A-11R-A36F-07,0.5319430686126034,1
TCGA-DD-AACN-01A-11R-A41C-07,0.5312993942124185,0
TCGA-A8-A079-01A-21R-A00Z-07,0.4129021269961474,1
TCGA-D8-A1JN-01A-11R-A13Q-07,0.8958650753831663,1
TCGA-A8-A08B-01A-11R-A00Z-07,0.3358011242514714,1
TCGA-JY-A6FD-01A-11R-A336-31,0.65110202405775,1
TCGA-A8-A086-01A-11R-A00Z-07,0.8790448920597541,1
TCGA-13-2060-01A-01R-1568-13,0.25147167322113606,1
TCGA-HC-8265-01B-04R-2302-07,0.6913119296123821,1
TCGA-S4-A8RP-01A-11R-A36G-07,0.6201081099337169,1
TCGA-A8-A09Z-01A-11R-A00Z-07,0.8966394182811827,1
TCGA-CK-6751-01A-11R-1839-07,0.6436617865437024,0
TCGA-RB-A7B8-01A-12R-A33R-07,0.6027578315455777,1
TCGA-68-7755-01A-11R-2125-07,0.5879372154671785,0
TCGA-66-2759-01A-01R-0851-07,0.6676861150153713,1
TCGA-AA-A00J-01A-02R-A002-07,0.6365690696636578,1
TCGA-L5-A8NL-01A-12R-A37I-31,0.6672446180561538,1
TCGA-24-1557-01A-01R-1566-13,0.8332088683807513,1
TCGA-A7-A3IY-01A-21R-A21T-07,0.41573603516278396,1
TCGA-B8-4151-01A-01R-1188-07,0.8310602211183682,1
TCGA-61-1914-01A-01R-1567-13,0.8258229881831657,1
TCGA-IG-A3Y9-01A-12R-A24K-31,0.6506314496002652,1
TCGA-L5-A891-01A-11R-A36D-31,0.6216061053454462,1
TCGA-BP-4983-01A-01R-1334-07,0.8792608071157906,1
TCGA-04-1514-01A-01R-1566-13,0.8283800478778581,1
TCGA-NJ-A55A-01A-11R-A262-07,0.4947946268454079,1
TCGA-A8-A09I-01A-22R-A034-07,0.3307889275373207,1
TCGA-AR-A251-01A-12R-A169-07,0.33209691696965654,1
TCGA-60-2715-01A-01R-0851-07,0.6039477428896147,1
TCGA-D9-A4Z3-01A-11R-A266-07,0.5951720373328566,1
TCGA-E2-A14Q-01A-11R-A12D-07,0.8679336232958693,0
TCGA-EW-A1P7-01A-21R-A144-07,0.3260434458617731,1
TCGA-HV-AA8X-01A-11R-A39D-07,0.6691257185876598,1
TCGA-ZG-A9L4-01A-11R-A41O-07,0.7485506078084642,1
TCGA-VN-A88L-01A-11R-A352-07,0.5641935809689815,1
TCGA-Z7-A8R5-01A-42R-A41B-07,0.3298767813800707,1
TCGA-IG-A51D-01A-11R-A36D-31,0.6537339804893324,0
TCGA-5P-A9K9-01A-11R-A42S-07,0.7472565469275726,1
TCGA-23-1114-01B-01R-1566-13,0.7449082488418731,1
TCGA-IZ-A6M9-01A-11R-A31O-07,0.5148802757040195,1
TCGA-44-2662-01B-02R-A277-07,0.5016306388184653,1
TCGA-A8-A08C-01A-11R-A00Z-07,0.8607469700115179,1
TCGA-36-1568-01A-01R-1566-13,0.8173090039017405,1
TCGA-MN-A4N1-01A-11R-A24X-07,0.5956633529093543,0
TCGA-C8-A12X-01A-11R-A115-07,0.94939439244379,1
TCGA-63-5131-01A-01R-1443-07,0.5998647808239715,1
TCGA-G9-6499-01A-12R-1965-07,0.7499738864517631,1
TCGA-L5-A43M-01A-11R-A24K-31,0.6617419826676709,1
TCGA-C8-A275-01A-21R-A16F-07,0.35916885873408055,1
TCGA-A6-5664-01A-21R-1839-07,0.6529726413451497,0
TCGA-4B-A93V-01A-11R-A39D-07,0.9534672128029047,1
TCGA-G9-6364-01A-21R-1789-07,0.4732013775740429,1
TCGA-YH-A8SY-01A-11R-A37L-07,0.6026965143865768,1
TCGA-BP-4760-01A-02R-1420-07,0.83034440576964,1
TCGA-DD-AAVU-01A-11R-A41C-07,0.5956226407756523,1
TCGA-XN-A8T5-01A-12R-A36G-07,0.6012835296765052,0
TCGA-55-8207-01A-11R-2241-07,0.5006085908881238,1
TCGA-DD-AAVV-01A-11R-A41C-07,0.8169483057964091,1
TCGA-FV-A2QR-01A-11R-A213-07,0.7356857500641412,1
TCGA-DD-AAEE-01A-11R-A41C-07,0.6294903366917239,1
TCGA-B8-5159-01A-01R-1420-07,0.8080642656543796,1
TCGA-2A-A8VX-01A-11R-A37L-07,0.7521626058044043,0
TCGA-AA-A03F-01A-11R-A16W-07,0.5986629565891444,1
TCGA-91-8497-01A-11R-2403-07,0.9365038791171517,1
TCGA-EW-A1OV-01A-11R-A144-07,0.8809445692136204,0
TCGA-XP-A8T8-01A-11R-A36D-31,0.6418635378670976,1
TCGA-61-1736-01B-01R-1568-13,0.8196695221682317,0
TCGA-20-1682-01A-01R-1564-13,0.7591597924593041,1
TCGA-FB-AAPQ-01A-11R-A41B-07,0.6075752443483422,1
TCGA-AA-3950-01A-02R-1022-07,0.6386820989956453,1
TCGA-CK-4951-01A-01R-1410-07,0.6430673003410811,1
TCGA-BH-A0RX-01A-21R-A084-07,0.4025727829068636,0
TCGA-CJ-5671-01A-11R-1541-07,0.8755363263290936,1
TCGA-EW-A1IY-01A-11R-A13Q-07,0.34345437543318413,1
TCGA-E2-A1IE-01A-11R-A13Q-07,0.8661333863158115,1
TCGA-HI-7170-01A-11R-2118-07,0.7488462754270513,0
TCGA-A3-A6NL-01A-11R-A33J-07,0.3086833214799089,1
TCGA-EW-A1PD-01A-11R-A144-07,0.3425907335235879,1
TCGA-B6-A0IO-01A-11R-A034-07,0.7847270501810959,0
TCGA-50-5931-01A-11R-1755-07,0.606452182923693,1
TCGA-HZ-A4BH-01A-11R-A26U-07,0.6161636807094654,1
TCGA-ZG-A9KY-01A-11R-A41O-07,0.5644276229536099,1
TCGA-EJ-5507-01A-01R-1580-07,0.7382721187234179,1
TCGA-CH-5751-01A-11R-1580-07,0.4988779602596147,1
TCGA-AA-3844-01A-01R-1022-07,0.6169742533120991,1
TCGA-EB-A57M-01A-51R-A311-07,0.49928435706280483,1
TCGA-BP-4351-01A-01R-1289-07,0.29858979605902014,0
TCGA-DD-A11B-01A-11R-A131-07,0.5447493174045546,1
TCGA-BQ-7045-01A-31R-1965-07,0.4971385390910446,0
TCGA-BH-A0BD-01A-11R-A034-07,0.4161188216939319,1
TCGA-BQ-5881-01A-11R-1592-07,0.5222705409350117,1
TCGA-25-1871-01A-01R-1567-13,0.693557371628386,1
TCGA-61-1740-01A-01R-1567-13,0.7530880280159998,1
TCGA-33-AASJ-01A-11R-A405-07,0.6472409084362878,1
TCGA-CC-A123-01A-11R-A131-07,0.19547628419904028,1
TCGA-YG-AA3N-01A-11R-A38C-07,0.92279726797469,0
TCGA-E2-A156-01A-11R-A12D-07,0.8262280507778162,0
TCGA-EW-A1PB-01A-11R-A144-07,0.8745831124908778,0
TCGA-XK-AAJT-01A-11R-A41O-07,0.789322588556609,1
TCGA-EB-A550-01A-61R-A27Q-07,0.5018712221083,1
TCGA-S3-A6ZF-01A-32R-A32P-07,0.33853185156661314,1
TCGA-13-1408-01A-01R-1565-13,0.23944413701520628,1
TCGA-29-1690-01A-01R-1566-13,0.8277616599672388,1
TCGA-05-4425-01A-01R-1755-07,0.5092757732311312,1
TCGA-X8-AAAR-01A-11R-A406-31,0.6718955884419086,1
TCGA-JL-A3YX-01A-11R-A22U-07,0.9235708645043951,1
TCGA-IG-A3YA-01A-11R-A24K-31,0.6626152421407183,0
TCGA-HV-AA8V-01A-11R-A41B-07,0.6034489490731278,1
TCGA-IB-AAUO-01A-12R-A38C-07,0.6544881857915726,1
TCGA-B6-A0I8-01A-11R-A034-07,0.889270032164297,1
TCGA-FB-A545-01A-11R-A26U-07,0.6016935968037318,1
TCGA-BH-A18H-01A-11R-A12D-07,0.7840379851638836,1
TCGA-AK-3445-01A-02R-1277-07,0.8081125334974362,1
TCGA-25-1317-01A-01R-1565-13,0.7543019380702856,1
TCGA-BP-5200-01A-01R-1426-07,0.24538160929351238,1
TCGA-E9-A5FK-01A-11R-A27Q-07,0.8776910290115846,1
TCGA-BH-A1EW-01A-11R-A137-07,0.7957577987395126,1
TCGA-NC-A5HN-01A-11R-A26W-07,0.6013529811477847,1
TCGA-13-0760-01A-01R-1564-13,0.8107420063900916,0
TCGA-AA-3970-01A-01R-1022-07,0.6282379265841882,0
TCGA-YL-A9WI-01A-11R-A37L-07,0.4618216374373913,1
TCGA-AA-A01T-01A-21R-A16W-07,0.5722945249565919,1
TCGA-AN-A0G0-01A-11R-A034-07,0.339737947324902,1
TCGA-77-A5GB-01B-11R-A27Q-07,0.5862536578277348,1
TCGA-85-8481-01A-11R-2326-07,0.5867920746830187,0
TCGA-E2-A107-01A-11R-A10J-07,0.873946699278176,1
TCGA-J2-8192-01A-11R-2241-07,0.5138019374240442,1
TCGA-Z7-A8R6-01A-11R-A41B-07,0.410774294207616,1
TCGA-B8-4153-01B-11R-1672-07,0.31278943093043254,1
TCGA-BH-A0AY-01A-21R-A00Z-07,0.34452595746368814,1
TCGA-A1-A0SQ-01A-21R-A144-07,0.8617681856425804,1
TCGA-22-5477-01A-01R-1635-07,0.9801114338785423,1
TCGA-AA-A02K-01A-03R-A32Y-07,0.640125907133388,1
TCGA-AA-3531-01A-01R-0821-07,0.6117345454466663,1
TCGA-85-8351-01A-11R-2296-07,0.6774829714776616,1
TCGA-R6-A8WG-01A-11R-A37I-31,0.6622602358011196,1
TCGA-2J-AABR-01A-11R-A41B-07,0.6011249129338115,1
TCGA-CJ-4884-01A-01R-1305-07,0.3088890780779464,1
TCGA-XV-A9W2-01A-11R-A39D-07,0.4935676660682067,1
TCGA-DD-A11A-01A-11R-A131-07,0.8059342594813143,0
TCGA-38-4631-01A-01R-1755-07,0.5486976233781888,1
TCGA-V1-A8MM-01A-11R-A37L-07,0.47462272133415706,1
TCGA-13-0726-01A-01R-1564-13,0.2311613488116522,1
TCGA-HZ-8005-01A-11R-2204-07,0.594195418048782,1
TCGA-BH-A18J-01A-11R-A12D-07,0.3318908782886697,1
TCGA-60-2708-01A-01R-0851-07,0.6663841111290043,1
TCGA-AO-A1KT-01A-11R-A13Q-07,0.34410617264564064,1
TCGA-A2-A3KC-01A-11R-A213-07,0.8951133227184647,1
TCGA-EJ-5498-01A-01R-1580-07,0.6815082134179169,1
TCGA-AO-A0JF-01A-11R-A056-07,0.9324954532151112,1
TCGA-E9-A1R6-01A-11R-A14D-07,0.4095686628772953,1
TCGA-A7-A0CD-01A-11R-A00Z-07,0.9056656563987596,0
TCGA-29-1699-01A-01R-1567-13,0.8373612979231557,1
TCGA-CJ-6028-01A-11R-1672-07,0.8248814915724035,1
TCGA-24-1843-01A-01R-1567-13,0.5784516202713901,1
TCGA-AA-A01R-01A-21R-A083-07,0.6196547659206709,1
TCGA-G9-A9S0-01A-11R-A41O-07,0.475915888471321,1
TCGA-XV-AAZY-01A-12R-A40A-07,0.48377057896097864,0
TCGA-AK-3465-01A-02R-1325-07,0.8682770874361154,1
TCGA-AA-3812-01A-01R-0905-07,0.607279829417359,1
TCGA-77-A5GF-01A-21R-A27Q-07,0.5932445519537621,0
TCGA-HC-A4ZV-01A-11R-A26U-07,0.744058556113476,1
TCGA-H9-7775-01A-11R-2118-07,0.7092329445484905,0
TCGA-60-2696-01A-01R-0851-07,0.589007539878742,1
TCGA-13-0900-01B-01R-1565-13,0.2629327137440786,1
TCGA-85-8666-01A-11R-2403-07,0.5959656271175687,1
TCGA-4H-AAAK-01A-12R-A41B-07,0.8647876415643819,0
TCGA-BH-A0BC-01A-22R-A084-07,0.8777469732529539,0
TCGA-C8-A3M7-01A-12R-A21T-07,0.8699640172692548,0
TCGA-AR-A2LN-01A-21R-A18M-07,0.8762698204921572,1
TCGA-2Z-A9J5-01A-21R-A38C-07,0.7557530720847391,1
TCGA-AA-A01X-01A-21R-A083-07,0.9865596209617904,1
TCGA-C8-A134-01A-11R-A115-07,0.43662459010685223,1
TCGA-HV-A5A6-01A-11R-A26U-07,0.5967751119953092,0
TCGA-D8-A140-01A-11R-A115-07,0.9036959275401513,1
TCGA-F9-A4JJ-01A-11R-A24Z-07,0.852703946496405,1
TCGA-AR-A24O-01A-11R-A169-07,0.8830152866904275,1
TCGA-G3-AAUZ-01A-11R-A38B-07,0.50540975131776,1
TCGA-63-A5MM-01A-11R-A26W-07,0.6653121692437126,1
TCGA-AN-A0FN-01A-11R-A034-07,0.4023950087036529,1
TCGA-GL-A59R-01A-11R-A26U-07,0.5199479081256908,1
TCGA-2H-A9GG-01A-11R-A37I-31,0.6426559959500109,1
TCGA-C8-A130-01A-31R-A115-07,0.33717277404820706,1
TCGA-2H-A9GF-01A-11R-A37I-31,0.6718647632948778,0
TCGA-55-5899-01A-11R-1628-07,0.5160749710722857,1
TCGA-B0-4713-01A-01R-1277-07,0.7325157326896922,1
TCGA-A8-A09Q-01A-11R-A00Z-07,0.3437312582330623,1
TCGA-VR-AA4D-01A-11R-A37I-31,0.6223071897119509,0
TCGA-36-1578-01A-01R-1566-13,0.8125326952017444,1
TCGA-AR-A1AY-01A-21R-A12P-07,0.3374417692104339,1
TCGA-86-8278-01A-11R-2287-07,0.5316385548314148,0
TCGA-A2-A0YK-01A-22R-A109-07,0.9077484031706908,1
TCGA-78-7163-01A-12R-2066-07,0.8115424888998872,1
TCGA-A8-A06R-01A-11R-A00Z-07,0.42500165665840306,1
TCGA-HC-7752-01A-11R-2118-07,0.4296431726397525,1
TCGA-A8-A07J-01A-11R-A00Z-07,0.8756311589631661,1
TCGA-HC-7749-01A-11R-2118-07,0.44471506075936545,0
TCGA-HC-A6HX-01A-11R-A31N-07,0.7902263873586104,1
TCGA-56-A4BW-01A-11R-A24H-07,0.5862371978531998,1
TCGA-BP-4162-01A-02R-1325-07,0.6932485378197116,1
TCGA-34-7107-01A-11R-1949-07,0.6766018528964007,1
TCGA-DD-AAE4-01A-11R-A41C-07,0.7368786367456659,1
TCGA-13-1510-01A-02R-1565-13,0.8277121790062265,1
TCGA-57-1585-01A-01R-1566-13,0.8341354078408075,1
TCGA-56-8305-01A-11R-2296-07,0.6764509621964994,1
TCGA-CJ-4874-01A-01R-1305-07,0.6724926937699152,1
TCGA-B6-A0RH-01A-21R-A115-07,0.34525289860489033,0
TCGA-HZ-A77O-01A-11R-A33R-07,0.6144059549847557,1
TCGA-24-1463-01A-01R-1566-13,0.25985335562324735,1
TCGA-A8-A07S-01A-11R-A034-07,0.8888747958979556,1
TCGA-3C-AAAU-01A-11R-A41B-07,0.8701646677038563,1
TCGA-AO-A03M-01B-11R-A10J-07,0.4414827596842558,1
TCGA-73-4659-01A-01R-1206-07,0.5982144689276392,1
TCGA-CZ-5453-01A-01R-1503-07,0.8920915053003355,1
TCGA-94-8035-01A-11R-2247-07,0.6741455287706453,1
TCGA-39-5031-01A-01R-1443-07,0.5922073135303375,1
TCGA-75-5146-01A-01R-1628-07,0.9555042992812258,1
TCGA-YL-A8S8-01A-11R-A37L-07,0.5273506503014678,0
TCGA-77-A5G6-01A-11R-A27Q-07,0.6666216790958662,1
TCGA-A7-A4SF-01A-11R-A266-07,0.40286893770064885,1
TCGA-EB-A553-01A-12R-A27Q-07,0.49882220073318206,1
TCGA-AA-3939-01A-01R-1022-07,0.6173657379933684,1
TCGA-E2-A14N-01A-31R-A137-07,0.32557189559995203,1
TCGA-CJ-6030-01A-11R-1672-07,0.24881135490399436,1
TCGA-J4-A67M-01A-11R-A30B-07,0.7757435578877859,1
TCGA-BP-5198-01A-01R-1426-07,0.9043582788810565,1
TCGA-NK-A7XE-01A-12R-A405-07,0.5833129729253884,1
TCGA-HC-7209-01A-11R-2118-07,0.7697967101345942,1
TCGA-HZ-8315-01A-11R-2404-07,0.6947821895374725,1
TCGA-86-8076-01A-31R-2241-07,0.5165783960905497,1
TCGA-A6-6650-01A-11R-A278-07,0.9506898215217396,1
TCGA-62-A46U-01A-11R-A24H-07,0.5237978695395875,1
TCGA-BH-A18U-01A-21R-A12D-07,0.33521086065916395,1
TCGA-55-6712-01A-11R-1858-07,0.5175727288721961,1
TCGA-BP-4761-01A-01R-1289-07,0.8484157453582845,1
TCGA-D8-A1XK-01A-21R-A14M-07,0.32428694335945746,1
TCGA-63-A5MI-01A-12R-A27Q-07,0.5822788944113324,1
TCGA-MP-A4TF-01A-11R-A262-07,0.516931576368509,1
TCGA-DD-AACF-01A-11R-A41C-07,0.6986653551405508,1
TCGA-ZG-A9LZ-01A-11R-A41O-07,0.7412780513258806,1
TCGA-05-4250-01A-01R-1107-07,0.517075145270544,1
TCGA-95-A4VP-01A-21R-A262-07,0.5170653041640806,1
TCGA-AA-3877-01A-01R-1022-07,0.6394578840452312,1
TCGA-AK-3426-01A-02R-1325-07,0.8368694808035619,1
TCGA-A3-3382-01A-02R-1325-07,0.24294934978487337,1
TCGA-IC-A6RE-01A-11R-A336-31,0.6619208520590413,0
TCGA-A8-A08O-01A-21R-A056-07,0.33832510219363404,1
TCGA-B9-A5W7-01A-11R-A31O-07,0.7823616198034375,0
TCGA-33-A5GW-01A-11R-A27Q-07,0.5812323696642896,0
TCGA-G3-AAV7-01A-11R-A38B-07,0.8043338548195231,0
TCGA-5P-A9K8-01A-11R-A42S-07,0.849637919018446,1
TCGA-BP-5007-01A-01R-1334-07,0.30849574139231956,0
TCGA-A3-3365-01A-01R-0864-07,0.8282361078304787,1
TCGA-44-7659-01A-11R-2066-07,0.5078702564521425,1
TCGA-61-2003-01A-01R-1568-13,0.7783241717645569,1
TCGA-D5-6898-01A-11R-1928-07,0.6736977200039852,1
TCGA-GM-A2DC-01A-11R-A18M-07,0.911528971852748,1
TCGA-5P-A9KF-01A-11R-A42S-07,0.6033746563472073,1
TCGA-BP-4161-01A-02R-1325-07,0.8052474047070074,1
TCGA-36-1576-01A-01R-1566-13,0.2558902049535696,1
TCGA-DD-A4NK-01A-11R-A28V-07,0.7865745712849599,1
TCGA-CJ-4901-01A-01R-1426-07,0.8279526248517745,1
TCGA-MI-A75I-01A-11R-A32O-07,0.8110948557535435,1
TCGA-29-2414-01A-02R-1569-13,0.8151196893609188,0
TCGA-BH-A0GY-01A-11R-A056-07,0.33500772200568324,0
TCGA-97-8175-01A-11R-2287-07,0.5968000939121262,1
TCGA-AL-3472-01A-01R-1193-07,0.5191510306169684,1
TCGA-HZ-A77P-01A-11R-A33R-07,0.6753906147918386,1
TCGA-A3-3352-01A-01R-0864-07,0.6420241269819669,0
TCGA-A7-A26G-01A-21R-A169-07,0.892461229719115,0
TCGA-AO-A0JC-01A-11R-A056-07,0.8797696886065355,1
TCGA-AA-3875-01A-01R-0905-07,0.6403968077403176,1
TCGA-D8-A1JJ-01A-31R-A14M-07,0.3528290728262579,1
TCGA-Y6-A8TL-01A-21R-A37L-07,0.7770457095963329,0
TCGA-J4-A6G3-01A-11R-A311-07,0.8016767177753418,1
TCGA-13-0768-01A-01R-1569-13,0.25926824801963577,1
TCGA-A7-A6VW-01A-21R-A33J-07,0.32630737583654473,1
TCGA-J9-A8CP-01A-11R-A352-07,0.8104589667384854,1
TCGA-P4-AAVK-01A-11R-A42S-07,0.7680580435447205,1
TCGA-B0-5709-01A-11R-1541-07,0.7712344720096788,1
TCGA-B6-A0RV-01A-11R-A084-07,0.8866835050527238,1
TCGA-AA-A01V-01A-23R-A083-07,0.618627073808332,0
TCGA-G9-7510-01A-11R-2263-07,0.8556209197703256,0
TCGA-D8-A73U-01A-11R-A33J-07,0.879016538312457,0
TCGA-DD-AAEK-01A-11R-A41C-07,0.819067380303282,1
TCGA-B0-5698-01A-11R-1672-07,0.29748882621655887,1
TCGA-KC-A4BL-01A-31R-A250-07,0.766062593539287,1
TCGA-EJ-A7NM-01A-21R-A33R-07,0.5639185070312719,1
TCGA-B2-5639-01A-01R-1541-07,0.23201054796853754,1
TCGA-BH-A8FZ-01A-11R-A352-07,0.3441325190676336,0
TCGA-22-5474-01A-01R-1635-07,0.6970502394953951,1
TCGA-E2-A1IL-01A-11R-A14D-07,0.8799912812111621,0
TCGA-D8-A1XV-01A-11R-A14M-07,0.8763676064650973,1
TCGA-2Z-A9J3-01A-12R-A38C-07,0.607553224766396,1
TCGA-L5-A4OP-01A-11R-A260-31,0.6618003879184363,1
TCGA-AO-A129-01A-21R-A10J-07,0.40528790819365634,0
TCGA-B6-A0RL-01A-11R-A084-07,0.8981217860013703,1
TCGA-61-1743-01A-01R-1568-13,0.8153809501227067,1
TCGA-R6-A6Y0-01B-11R-A336-31,0.6699145737910371,1
TCGA-77-7463-01A-11R-2045-07,0.6562692210714819,1
TCGA-DD-AADW-01A-11R-A39D-07,0.6302843999359892,1
TCGA-AR-A1AP-01A-11R-A12P-07,0.9513366213725969,1
TCGA-A2-A25F-01A-11R-A169-07,0.33514494303302433,0
TCGA-AA-3862-01A-01R-1022-07,0.6242223261151844,1
TCGA-G4-6306-01A-11R-1774-07,0.5683681798372823,1
TCGA-EB-A3XC-01A-11R-A239-07,0.5849458621191415,0
TCGA-34-5927-01A-11R-1820-07,0.6891642585863235,1
TCGA-AA-A017-01A-01R-A00A-07,0.6352433530230109,1
TCGA-A4-A5XZ-01A-11R-A31O-07,0.6421279593878736,1
TCGA-E2-A1LS-01A-12R-A157-07,0.9021976827356543,1
TCGA-L5-A8NV-01A-11R-A37I-31,0.6639860179492069,1
TCGA-5P-A9KE-01A-11R-A42S-07,0.5026418416358018,0
TCGA-61-1724-01A-01R-1568-13,0.8140522889831617,1
TCGA-VR-A8EP-01A-31R-A406-31,0.6445583785819161,1
TCGA-YL-A8SL-01B-21R-A37L-07,0.8522670557007895,1
TCGA-G4-6310-01A-11R-1723-07,0.911581879467279,1
TCGA-G3-AAV2-01A-11R-A37K-07,0.7260827112867939,1
TCGA-OL-A5RV-01A-12R-A28M-07,0.8067687090985594,0
TCGA-KK-A8I6-01A-11R-A36G-07,0.793796944338236,0
TCGA-BH-A0B6-01A-11R-A19W-07,0.8274705551681425,1
TCGA-G7-6789-01A-11R-1965-07,0.2709180444557099,1
TCGA-G9-A9S7-01A-11R-A41O-07,0.8633329503705401,0
TCGA-78-8640-01A-11R-2403-07,0.9844274162076913,1
TCGA-55-6971-01A-11R-1949-07,0.6016672033009264,1
TCGA-DD-AAW2-01A-11R-A41C-07,0.7431458013525523,1
TCGA-HV-A5A4-01A-11R-A26U-07,0.6789002153928327,1
TCGA-BP-4355-01A-01R-1289-07,0.8060924505442562,1
TCGA-R6-A8W5-01B-11R-A37I-31,0.6593163608236766,1
TCGA-CH-5752-01A-11R-1580-07,0.81597477124285,1
TCGA-A7-A3RF-01A-11R-A22K-07,0.40485834565685114,1
TCGA-ED-A8O5-01A-11R-A36F-07,0.752217202369313,1
TCGA-AA-3522-01A-01R-0821-07,0.6180012384042589,1
TCGA-ER-A42H-01A-11R-A24X-07,0.9362400337049477,1
TCGA-AL-3467-01A-02R-1351-07,0.5531204017654145,1
TCGA-55-8513-01A-11R-2403-07,0.504282819433395,1
TCGA-AD-6901-01A-11R-1928-07,0.9547978340095837,0
TCGA-29-1694-01A-01R-1567-13,0.26947911254626405,0
TCGA-LN-A49V-01A-11R-A24K-31,0.6596123309507266,1
TCGA-55-6968-01A-11R-1949-07,0.514580888306148,1
TCGA-A4-8517-01A-11R-2404-07,0.8554683997414773,1
TCGA-CZ-5461-01A-01R-1503-07,0.2391473002281973,1
TCGA-D8-A1XZ-01A-11R-A14M-07,0.3357136777737111,0
TCGA-AA-A00W-01A-01R-A002-07,0.6241515718814055,1
TCGA-BP-4804-01A-02R-1305-07,0.8659928155180145,1
TCGA-OL-A66J-01A-11R-A29R-07,0.34094789191230995,1
TCGA-AY-4070-01A-01R-1113-07,0.634842790820234,1
TCGA-V1-A8WW-01A-11R-A37L-07,0.8017794473542088,1
TCGA-B6-A40B-01A-11R-A239-07,0.3369532551119469,1
TCGA-LN-A49U-01A-31R-A260-31,0.6472624166018562,1
TCGA-AO-A03U-01B-21R-A10J-07,0.8921924761734759,1
TCGA-E2-A105-01A-11R-A10J-07,0.8609098045872162,1
TCGA-CW-6097-01A-11R-1672-07,0.2542125061502348,0
TCGA-2Y-A9GS-01A-12R-A38B-07,0.759064426351979,1
TCGA-EW-A1J6-01A-11R-A13Q-07,0.8667678847346035,0
TCGA-E9-A1RD-01A-11R-A157-07,0.8938099171729152,1
TCGA-AD-A5EK-01A-11R-A28H-07,0.570652077470763,1
TCGA-2K-A9WE-01A-11R-A38C-07,0.8442827749934659,1
TCGA-EJ-A7NF-01A-11R-A33R-07,0.81612689201673,1
TCGA-61-1721-01A-01R-1569-13,0.5782288790514508,1
TCGA-BP-4346-01A-01R-1289-07,0.8214986748282986,1
TCGA-AA-3989-01A-01R-1022-07,0.6232692212363918,1
TCGA-61-1998-01A-01R-1568-13,0.18894565920380196,0
TCGA-05-4244-01A-01R-1107-07,0.5154346521028718,1
TCGA-B8-A54K-01A-11R-A33J-07,0.8681016076069205,1
TCGA-5R-AA1D-01A-11R-A38B-07,0.8021606978124558,1
TCGA-34-5928-01A-11R-1820-07,0.6939333047389383,1
TCGA-BH-A0HQ-01A-11R-A034-07,0.9144095121019611,1
TCGA-CM-4746-01A-01R-1410-07,0.6043723121796697,1
TCGA-50-6593-01A-11R-1755-07,0.5987191214280757,1
TCGA-DV-A4W0-01A-11R-A266-07,0.8739734208379654,1
TCGA-25-1634-01A-01R-1566-13,0.7949974115384285,0
TCGA-50-6597-01A-11R-1858-07,0.9548464412243174,1
TCGA-AY-A54L-01A-11R-A28H-07,0.5639325814961805,0
TCGA-BP-4774-01A-01R-1289-07,0.6883076086369835,1
TCGA-66-2789-01A-01R-0980-07,0.6064801498552811,0
TCGA-DM-A1D4-01A-21R-A155-07,0.5742675076883192,1
TCGA-86-7701-01A-11R-2170-07,0.5955842634403495,1
TCGA-21-1076-01A-02R-0692-07,0.6863365639898898,1
TCGA-AR-A0TX-01A-11R-A084-07,0.35153822989122174,1
TCGA-23-1116-01A-01R-1564-13,0.2057669993324692,1
TCGA-ZP-A9D0-01A-11R-A37K-07,0.6101891317432862,1
TCGA-CH-5743-01A-21R-1580-07,0.7408150234199612,0
TCGA-2A-AAYU-01A-11R-A41O-07,0.782100997770143,1
TCGA-25-1323-01A-01R-1565-13,0.8160507545049274,1
TCGA-R6-A6Y2-01B-11R-A336-31,0.6641411635720766,1
TCGA-DD-A1EC-01A-21R-A131-07,0.843263326399101,1
TCGA-E2-A1BC-01A-11R-A12P-07,0.8686982256496418,1
TCGA-DD-AADN-01A-11R-A41C-07,0.7064579154731473,1
TCGA-KK-A8ID-01A-11R-A36G-07,0.5537916733195362,1
TCGA-A2-A4RW-01A-21R-A266-07,0.8245161277991273,1
TCGA-56-7822-01A-11R-2125-07,0.6713357404047949,0
TCGA-O2-A52W-01A-11R-A26W-07,0.6851788514835906,1
TCGA-UL-AAZ6-01A-11R-A41B-07,0.32768714334616056,1
TCGA-YL-A8HO-01A-11R-A36G-07,0.549572775038264,1
TCGA-13-0765-01A-01R-1564-13,0.7894762111999625,0
TCGA-55-6979-01A-11R-1949-07,0.4977388094196217,1
TCGA-IB-7888-01A-11R-2156-07,0.6157208478292037,1
TCGA-AQ-A54O-01A-11R-A266-07,0.6709791063059315,1
TCGA-HC-7744-01A-11R-2118-07,0.6296848231592868,1
TCGA-BP-4974-01A-01R-1334-07,0.8025214842145824,1
TCGA-A3-3367-01A-02R-1420-07,0.315206880499312,1
TCGA-2H-A9GO-01A-11R-A37I-31,0.6338895468519492,1
TCGA-EJ-5522-01A-01R-1580-07,0.7092639074694133,1
TCGA-61-1919-01A-01R-1568-13,0.2615973862605784,1
TCGA-TP-A8TT-01A-12R-A41O-07,0.7664627727875849,1
TCGA-AN-A0FJ-01A-11R-A00Z-07,0.3315240046258219,1
TCGA-B0-5696-01A-11R-1541-07,0.802871926160733,1
TCGA-CZ-4856-01A-02R-1426-07,0.3133628068162994,1
TCGA-A8-A075-01A-11R-A084-07,0.40553189364280484,0
TCGA-90-A4ED-01A-31R-A24Z-07,0.9601769413451968,1
TCGA-44-2657-01A-01R-1107-07,0.5021609621150276,0
TCGA-MP-A4TD-01A-32R-A262-07,0.4977298577822114,1
TCGA-XR-A8TG-01A-11R-A36F-07,0.20552934347681537,1
TCGA-33-4533-01A-01R-1201-07,0.5963810275537628,1
TCGA-55-8514-01A-11R-2403-07,0.9508598947292763,1
TCGA-25-1316-01A-01R-1565-13,0.817650384871329,1
TCGA-EB-A6R0-01A-12R-A32P-07,0.9332239085028841,1
TCGA-Y8-A8S1-01A-11R-A37K-07,0.26610713559679544,1
TCGA-B0-5120-01A-01R-1420-07,0.8179747411328567,1
TCGA-KR-A7K0-01A-12R-A33R-07,0.7380806413791519,0
TCGA-50-5944-01A-11R-1755-07,0.9439337405679105,1
TCGA-99-AA5R-01A-11R-A39D-07,0.9326924491677853,1
TCGA-CZ-5452-01A-01R-1503-07,0.8664421709817215,1
TCGA-XJ-A9DX-01A-11R-A37L-07,0.5214789668802693,0
TCGA-B6-A0IM-01A-11R-A034-07,0.3351714617121081,1
TCGA-61-2012-01A-01R-1568-13,0.7809643079327655,1
TCGA-2Z-A9J2-01A-11R-A38C-07,0.7563686075982181,1
TCGA-AC-A6NO-01A-12R-A33J-07,0.8767880414579654,1
TCGA-E9-A1N4-01A-11R-A14M-07,0.8017650668758418,1
TCGA-DZ-6134-01A-11R-1965-07,0.7914686113050465,1
TCGA-20-1685-01A-01R-1566-13,0.570395974345539,0
TCGA-BH-A0AZ-01A-21R-A12P-07,0.35453136599238044,1
TCGA-55-7227-01A-11R-2039-07,0.5982137477995234,1
TCGA-34-5231-01A-21R-1820-07,0.7122976147336928,1
TCGA-DD-AAE2-01A-11R-A41C-07,0.7669154089148943,1
TCGA-AC-A62Y-01A-11R-A29R-07,0.3388918719781871,0
TCGA-A7-A425-01A-11R-A24H-07,0.8762125348460039,1
TCGA-AD-6548-01A-11R-1839-07,0.6517620304881407,1
TCGA-AC-A3W6-01A-12R-A22K-07,0.9149463695872153,0
TCGA-EB-A5UM-01A-11R-A311-07,0.5105220694625099,1
TCGA-EW-A6SA-01A-21R-A32P-07,0.8693490735486575,1
TCGA-64-5779-01A-01R-1628-07,0.5094137089125684,0
TCGA-DD-A114-01A-11R-A131-07,0.21930161446007998,1
TCGA-85-8052-01A-11R-2247-07,0.6613300765117468,1
TCGA-A2-A0T4-01A-31R-A084-07,0.898309806909543,0
TCGA-DD-A3A2-01A-11R-A213-07,0.5778290500292846,1
TCGA-E2-A1B4-01A-11R-A12P-07,0.8263922457947178,1
TCGA-HV-A5A3-01A-11R-A26U-07,0.6073994061740084,1
TCGA-78-7167-01A-11R-2066-07,0.5124745966066141,1
TCGA-85-8479-01A-11R-2326-07,0.5964276321583715,1
TCGA-XR-A8TE-01A-11R-A36F-07,0.7944889422301457,1
TCGA-BP-4971-01A-01R-1334-07,0.8602570738566722,0
TCGA-EJ-7786-01A-11R-2118-07,0.5431435248405476,1
TCGA-25-1320-01A-01R-1565-13,0.2470691314836142,1
TCGA-E2-A15S-01A-11R-A115-07,0.8570659510404991,1
TCGA-D9-A3Z4-01A-11R-A239-07,0.9063642424010698,1
TCGA-98-A53D-01A-32R-A262-07,0.5798117426709176,1
TCGA-DW-7839-01A-11R-2139-07,0.7605314227423345,1
TCGA-86-8671-01A-11R-2403-07,0.5066067404628796,1
TCGA-B8-A54H-01A-11R-A33J-07,0.8534281146331779,1
TCGA-ZS-A9CF-01A-11R-A38B-07,0.283804287741059,1
TCGA-50-5930-01A-11R-1755-07,0.5104493543609026,1
TCGA-73-4676-01A-01R-1755-07,0.5870391421185418,0
TCGA-2A-AAYF-01A-11R-A41O-07,0.8571695311190974,1
TCGA-G9-6366-01A-11R-2118-07,0.792012320865374,1
TCGA-56-7582-01A-11R-2045-07,0.6716816892118445,1
TCGA-CJ-4916-01A-01R-1426-07,0.24808129798961315,1
TCGA-B2-3924-01A-02R-1325-07,0.8311460004104568,1
TCGA-NJ-A55O-01A-11R-A262-07,0.5132144329900316,1
TCGA-G3-A25V-01A-11R-A16W-07,0.7421140642236925,0
TCGA-A6-A567-01A-31R-A28H-07,0.5814981290317375,1
TCGA-55-7907-01A-11R-2170-07,0.5213376238286133,1
TCGA-E2-A1LA-01A-11R-A144-07,0.3405897472905268,1
TCGA-97-A4M5-01A-11R-A24X-07,0.5092252660368563,1
TCGA-CA-6716-01A-11R-1839-07,0.5767294013676904,1
TCGA-66-2756-01A-01R-0851-07,0.657052325335901,0
TCGA-69-7763-01A-11R-2170-07,0.5076508671522595,0
TCGA-FV-A3I1-01A-11R-A22L-07,0.7563181441795469,1
TCGA-A4-A48D-01A-11R-A24Z-07,0.7401860800909631,1
TCGA-30-1892-01A-01R-1568-13,0.7605309186349403,1
TCGA-S2-AA1A-01A-12R-A39D-07,0.5077346231377214,1
TCGA-AN-A0XT-01A-11R-A109-07,0.8659951880462693,1
TCGA-60-2726-01A-01R-0851-07,0.6561662248562805,1
TCGA-63-A5MV-01A-21R-A26W-07,0.5973741730103058,1
TCGA-HC-A6AL-01A-11R-A30B-07,0.7428786789180064,1
TCGA-24-1560-01A-01R-1566-13,0.8287558741724828,0
TCGA-A2-A0EU-01A-22R-A056-07,0.4069761170852538,1
TCGA-KK-A7AP-01A-12R-A33R-07,0.7493992305253527,1
TCGA-44-6146-01A-11R-A278-07,0.5031946962876059,1
TCGA-62-A472-01A-11R-A24H-07,0.5883882663731907,1
TCGA-56-8622-01A-11R-2403-07,0.6660125220979458,1
TCGA-B0-4819-01A-01R-1277-07,0.30323401477846673,1
TCGA-BP-5176-01A-01R-1426-07,0.793635451261438,1
TCGA-63-A5MP-01A-11R-A26W-07,0.5884910816104643,0
TCGA-XK-AAK1-01A-11R-A41O-07,0.7432674258511944,1
TCGA-78-7158-01A-11R-2039-07,0.5045399771574443,1
TCGA-AA-3678-01A-01R-0905-07,0.631794629063848,1
TCGA-HI-7171-01A-12R-2118-07,0.7438666401342822,1
TCGA-LN-A4A2-01A-31R-A260-31,0.6385341232290529,1
TCGA-D8-A1JE-01A-11R-A13Q-07,0.33972658025239305,1
TCGA-B8-5552-01B-11R-1672-07,0.8125462063339722,1
TCGA-A8-A09V-01A-11R-A034-07,0.899255683873775,0
TCGA-HZ-A49H-01A-11R-A26U-07,0.5998043842196038,1
TCGA-IG-A97I-01A-11R-A38D-31,0.6489233503856517,1
TCGA-D8-A1JT-01A-31R-A13Q-07,0.9079222370233723,1
TCGA-BP-4782-01A-02R-1420-07,0.7438223750894201,1
TCGA-A2-A0CQ-01A-21R-A034-07,0.8696516869224263,1
TCGA-G3-A25U-01A-11R-A16W-07,0.7607786099550549,1
TCGA-BQ-7055-01A-11R-1965-07,0.8674879002026328,1
TCGA-37-A5EM-01A-21R-A27Q-07,0.6814492629970825,1
TCGA-NC-A5HG-01A-11R-A26W-07,0.5942679142058642,1
TCGA-13-1495-01A-01R-1565-13,0.8144603996168225,1
TCGA-AK-3431-01A-02R-1277-07,0.24947182192555212,1
TCGA-85-8049-01A-11R-2247-07,0.6749782840602492,1
TCGA-UZ-A9PP-01A-11R-A42S-07,0.5991869441290761,1
TCGA-DD-AAE9-01A-11R-A41C-07,0.7328624085577965,1
TCGA-D5-5537-01A-21R-1928-07,0.9513770625144767,0
TCGA-VP-A879-01A-11R-A352-07,0.4580705550496243,0
TCGA-C8-A1HM-01A-12R-A137-07,0.327703025062369,0
TCGA-A3-3316-01A-01R-0864-07,0.8144210825376401,1
TCGA-DW-7840-01A-11R-A32Z-07,0.5133908993240899,1
TCGA-D5-6927-01A-21R-1928-07,0.559403564011549,1
TCGA-A6-2671-01A-01R-1410-07,0.6259386420210841,1
TCGA-61-1918-01A-01R-1568-13,0.7610819479506599,0
TCGA-FV-A3R3-01A-11R-A22L-07,0.7547227059903516,1
TCGA-F9-A7VF-01A-11R-A33Z-07,0.5973820397962839,1
TCGA-L7-A6VZ-01A-12R-A336-31,0.650808096933193,0
TCGA-AA-3526-01A-02R-A32Z-07,0.5745984680294326,1
TCGA-56-8626-01A-11R-2403-07,0.6671650671535972,1
TCGA-DD-A3A1-01A-11R-A213-07,0.5171497603361085,1
TCGA-YL-A8SR-01B-11R-A37L-07,0.45905654764308224,1
TCGA-B0-4848-01A-01R-1277-07,0.2505083239427172,1
TCGA-55-6969-01A-11R-1949-07,0.587371527397565,1
TCGA-2A-A8VL-01A-21R-A37L-07,0.5450452738049988,1
TCGA-24-1422-01A-01R-1565-13,0.836737923319827,1
TCGA-A3-3370-01A-02R-1420-07,0.5754689500936812,1
TCGA-EW-A2FW-01A-11R-A17B-07,0.7803240466287343,1
TCGA-BH-A0BL-01A-11R-A115-07,0.32469981555831756,1
TCGA-AA-A010-01A-01R-A089-07,0.6300483341869102,1
TCGA-AA-3664-01A-01R-0905-07,0.6204091442179654,0
TCGA-GN-A26C-01A-11R-A18T-07,0.9412271765182112,1
TCGA-85-8354-01A-31R-2326-07,0.5857759756098191,1
TCGA-A3-3373-01A-02R-1420-07,0.2361419633359951,1
TCGA-30-1891-01A-01R-1568-13,0.8180682317891981,1
TCGA-HC-7078-01A-11R-2118-07,0.6615351707941484,1
TCGA-FC-A66V-01A-21R-A30B-07,0.6348975389516684,1
TCGA-A3-3324-01A-02R-1325-07,0.25309948902760604,1
TCGA-S3-AA10-01A-21R-A41B-07,0.34820984354656387,1
TCGA-53-7813-01A-11R-2170-07,0.5210503147036669,1
TCGA-EW-A1P3-01A-11R-A144-07,0.8297112096334486,1
TCGA-BF-A3DN-01A-11R-A20F-07,0.5832397565649519,1
TCGA-22-4596-01A-01R-1201-07,0.5854155477939118,1
TCGA-G4-6297-01A-11R-1723-07,0.6647593559867235,1
TCGA-05-4422-01A-01R-1206-07,0.506203037773584,1
TCGA-67-3773-01A-01R-0946-07,0.515177025174204,1
TCGA-75-7025-01A-12R-1949-07,0.49876989720023485,0
TCGA-BH-A18I-01A-11R-A12D-07,0.341581579549226,0
TCGA-E9-A54Y-01A-11R-A466-07,0.7144136117914903,1
TCGA-BP-4758-01A-01R-1289-07,0.7656698535310739,1
TCGA-LN-A9FO-01A-11R-A38D-31,0.6489465493048489,1
TCGA-10-0936-01A-01R-1564-13,0.7847443338621494,0
TCGA-DD-AACP-01A-11R-A41C-07,0.8402913393154284,1
TCGA-NH-A5IV-01A-42R-A37K-07,0.9407648723330005,1
TCGA-44-6777-01A-11R-1858-07,0.9765577904228054,1
TCGA-71-8520-01A-11R-2403-07,0.5201036411689781,1
TCGA-A8-A07I-01A-11R-A00Z-07,0.4050322831233197,1
TCGA-CC-A3M9-01A-11R-A213-07,0.2802417104883401,1
TCGA-AN-A0AK-01A-21R-A00Z-07,0.9065120070900501,1
TCGA-BP-5174-01A-01R-1426-07,0.6629389189465352,1
TCGA-71-6725-01A-11R-1858-07,0.941963760097859,1
TCGA-25-1623-01A-01R-1566-13,0.26028286196912154,1
TCGA-KK-A6E1-01A-11R-A311-07,0.7847053957864395,1
TCGA-AR-A0TQ-01A-11R-A084-07,0.4436025247963882,1
TCGA-50-5946-01A-11R-1755-07,0.9476778955196736,1
TCGA-A4-8312-01A-11R-2404-07,0.7861818493078001,1
TCGA-FC-7961-01A-11R-A29R-07,0.7336257511826058,1
TCGA-AA-A01G-01A-01R-A002-07,0.6321113979328178,1
TCGA-C8-A12Q-01A-11R-A115-07,0.4476577957411451,1
TCGA-HV-A5A5-01A-11R-A26U-07,0.60562472897181,1
TCGA-BP-4987-01A-01R-1334-07,0.7500996301690946,0
TCGA-24-1564-01A-01R-1566-13,0.7887421285055338,1
TCGA-EJ-7788-01A-11R-2118-07,0.4715757904481346,0
TCGA-O9-A75Z-01A-11R-A33Z-07,0.5829223237024174,1
TCGA-36-1574-01A-01R-1566-13,0.23529812888661933,1
TCGA-21-1070-01A-01R-0692-07,0.5827550510650326,1
TCGA-BP-4976-01A-01R-1334-07,0.8514482398457488,1
TCGA-A7-A0CJ-01A-21R-A00Z-07,0.9131362028374341,1
TCGA-13-1501-01A-01R-1565-13,0.6894928591893936,1
TCGA-CZ-5469-01A-01R-1503-07,0.8211491668740839,1
TCGA-29-1776-01A-01R-1567-13,0.7547954454462438,1
TCGA-75-6214-01A-41R-1949-07,0.5104118092945608,1
TCGA-55-8619-01A-11R-2403-07,0.6043363778342534,1
TCGA-A4-A6HP-01A-11R-A31O-07,0.8014769854087933,0
TCGA-LG-A6GG-01A-11R-A311-07,0.7303952092922078,1
TCGA-CC-A9FW-01A-11R-A37K-07,0.7554268618088571,1
TCGA-EJ-7781-01A-11R-2118-07,0.7968867418666643,1
TCGA-05-5420-01A-01R-1628-07,0.5080259024767904,1
TCGA-EW-A3U0-01A-11R-A22K-07,0.88150306415285,1
TCGA-61-2002-01A-01R-1568-13,0.7166869362377153,1
TCGA-B0-4841-01A-01R-1277-07,0.2450004268524736,1
TCGA-CJ-4885-01A-01R-1305-07,0.2816651120801321,1
TCGA-AQ-A7U7-01A-22R-A352-07,0.9135837543024772,1
TCGA-VN-A88P-01A-11R-A352-07,0.525354210567039,1
TCGA-XX-A899-01A-11R-A36F-07,0.3390858744667704,1
TCGA-E2-A14X-01A-11R-A115-07,0.9206598129571789,1
TCGA-E2-A14U-01A-11R-A22K-07,0.6526665234531019,0
TCGA-CJ-6031-01A-11R-1672-07,0.8369622198238815,1
TCGA-38-4627-01A-01R-1206-07,0.4983463554924923,1
TCGA-V1-A9OT-01A-11R-A41O-07,0.8222456835771326,1
TCGA-VR-A8ET-01A-11R-A406-31,0.577539184219031,1
TCGA-A2-A1G6-01A-11R-A13Q-07,0.8764371301272447,1
TCGA-B0-5110-01A-01R-1420-07,0.5934649625822651,1
TCGA-A4-7585-01A-11R-2139-07,0.7029830314888772,1
TCGA-F2-7276-01A-11R-2156-07,0.5875782773901902,1
TCGA-BP-5168-01A-01R-1420-07,0.8217508741350761,0
TCGA-D5-6540-01A-11R-1723-07,0.5740184212907281,1
TCGA-A6-6652-01A-11R-1774-07,0.5677002371053778,1
TCGA-96-8170-01A-11R-2296-07,0.6061655584128774,0
TCGA-36-1577-01A-01R-1566-13,0.23387701612293155,1
TCGA-44-8120-01A-11R-2241-07,0.49222888711076185,1
TCGA-D5-6532-01A-11R-1723-07,0.6375829599452699,1
TCGA-AR-A2LK-01A-11R-A180-07,0.3933728049360805,1
TCGA-B6-A0X7-01A-11R-A10J-07,0.8741051955208312,1
TCGA-DD-AADQ-01A-11R-A41C-07,0.20618531422432512,1
TCGA-24-1416-01A-01R-1565-13,0.655315630199919,1
TCGA-53-7626-01A-12R-2066-07,0.49294101838235715,1
TCGA-G9-6370-01A-11R-1789-07,0.45567825383908345,1
TCGA-A2-A0CX-01A-21R-A00Z-07,0.3467168231648528,1
TCGA-G9-6498-01A-12R-A311-07,0.17309723026992863,1
TCGA-EB-A24D-01A-11R-A18T-07,0.9356581353646547,1
TCGA-P4-A5EB-01A-11R-A28H-07,0.6404437606616393,1
TCGA-55-6970-01A-11R-1949-07,0.5115931963627497,1
TCGA-AD-6963-01A-11R-1928-07,0.64676923713345,1
TCGA-97-A4M3-01A-11R-A24X-07,0.5119137103460185,1
TCGA-23-2084-01A-02R-1568-13,0.615221663097974,1
TCGA-E9-A228-01A-31R-A157-07,0.8752542000384508,1
TCGA-BF-A5EQ-01A-21R-A27Q-07,0.5149871543079663,1
TCGA-43-6773-01A-41R-1949-07,0.6762987415886558,1
TCGA-S3-AA17-01A-11R-A41B-07,0.3408924611471904,1
TCGA-D8-A143-01A-11R-A115-07,0.425996008413159,1
TCGA-2Y-A9H7-01A-11R-A39D-07,0.7562322375319078,1
TCGA-91-6849-01A-11R-1949-07,0.49302979711395617,1
TCGA-B0-4818-01A-01R-1503-07,0.8434589920590948,1
TCGA-DM-A280-01A-12R-A16W-07,0.5657254640283932,1
TCGA-EW-A1PH-01A-11R-A14M-07,0.43384445467860583,1
TCGA-VN-A88R-01A-11R-A36G-07,0.5408383277885846,1
TCGA-91-6829-01A-21R-1858-07,0.5125812587715953,1
TCGA-30-1857-01A-02R-1569-13,0.8245815726657899,1
TCGA-V1-A8WS-01A-11R-A37L-07,0.47584691271127055,0
TCGA-D8-A27H-01A-11R-A16F-07,0.350404347344407,1
TCGA-56-8304-01A-11R-2326-07,0.5940953600913742,1
TCGA-43-5670-01A-21R-2125-07,0.5838757631357112,1
TCGA-OL-A66P-01A-11R-A31O-07,0.9096432219836316,1
TCGA-78-7150-01A-21R-2039-07,0.6088144960733678,1
TCGA-C8-A12L-01A-11R-A115-07,0.41569310013423194,0
TCGA-IB-AAUT-01A-11R-A37L-07,0.675923466872486,1
TCGA-B6-A0IN-01A-11R-A034-07,0.8709480692518932,1
TCGA-O8-A75V-01A-11R-A32O-07,0.754482406242479,1
TCGA-DD-AAE6-01A-11R-A41C-07,0.7488196651214727,1
TCGA-L5-A8NR-01A-11R-A37I-31,0.6741420666512106,1
TCGA-KK-A8IG-01A-11R-A36G-07,0.5461888635109557,1
TCGA-L9-A8F4-01A-11R-A39D-07,0.6041887217704479,1
TCGA-13-0887-01A-01R-1564-13,0.26013426496059405,1
TCGA-BH-A1FR-01A-11R-A13Q-07,0.9051953602540788,1
TCGA-BP-4981-01A-01R-1334-07,0.8395945967066923,1
TCGA-DV-5574-01A-01R-1541-07,0.23943140807429344,1
TCGA-AA-3696-01A-01R-0905-07,0.5696040531939397,0
TCGA-DD-A115-01A-11R-A131-07,0.2653222451925344,1
TCGA-98-A53B-01A-11R-A262-07,0.5894926590249588,1
TCGA-FB-A5VM-01A-11R-A32O-07,0.9674854936158426,1
TCGA-AK-3425-01A-02R-1277-07,0.8625894444494332,1
TCGA-CW-5581-01A-02R-1541-07,0.3032859930177463,1
TCGA-5P-A9K4-01A-11R-A42S-07,0.5230906400912791,1
TCGA-HE-A5NK-01A-11R-A26U-07,0.21189350402289464,1
TCGA-B9-A8YI-01A-21R-A37K-07,0.8049151505189847,1
TCGA-HZ-8001-01A-11R-2204-07,0.596238721351425,1
TCGA-AC-A2FF-01A-11R-A17B-07,0.881245152993419,1
TCGA-EJ-5512-01A-01R-1580-07,0.7354575607132566,1
TCGA-68-8251-01A-11R-2296-07,0.6022862472732208,1
TCGA-C8-A27B-01A-11R-A169-07,0.330144568433625,1
TCGA-GF-A769-01A-32R-A32P-07,0.4958385622756334,1
TCGA-ZP-A9CZ-01A-11R-A38B-07,0.7755312568116729,0
TCGA-24-1845-01A-01R-1567-13,0.8110718601846005,1
TCGA-29-A5NZ-01A-11R-A406-31,0.22260018936648074,1
TCGA-5P-A9KC-01A-11R-A42S-07,0.7724018079213167,1
TCGA-ZG-A9LY-01A-11R-A41O-07,0.7616566878036373,1
TCGA-13-0890-01A-01R-1564-13,0.24945542918479993,0
TCGA-EW-A1J3-01A-11R-A13Q-07,0.3407475125100637,1
TCGA-ED-A4XI-01A-11R-A266-07,0.7711520057409972,0
TCGA-23-1027-01A-02R-1564-13,0.24236283438049464,1
TCGA-A2-A0CV-01A-31R-A115-07,0.8740739365743054,1
TCGA-B0-5703-01A-11R-1541-07,0.579584244905045,0
TCGA-BH-A18P-01A-11R-A12D-07,0.399248970192147,0
TCGA-60-2703-01A-11R-2045-07,0.668892638373486,0
TCGA-DD-AAD6-01A-11R-A41C-07,0.7517906535587064,1
TCGA-5P-A9KA-01A-11R-A42S-07,0.5238307547128609,1
TCGA-IB-7652-01A-11R-2156-07,0.6231999498208594,1
TCGA-97-A4M0-01A-11R-A24X-07,0.9422162712865292,1
TCGA-LN-A4A9-01A-11R-A28J-31,0.7049048118984994,1
TCGA-58-A46M-01A-11R-A24H-07,0.6502297841326626,1
TCGA-DD-AADM-01A-11R-A41C-07,0.7033178719419406,1
TCGA-K7-A6G5-01A-11R-A311-07,0.7329933462608749,0
TCGA-55-8204-01A-11R-2241-07,0.5879242781058067,1
TCGA-B4-5834-01A-11R-1672-07,0.8040584313717256,1
TCGA-69-7764-01A-11R-2170-07,0.5063738385359592,1
TCGA-A3-3380-01A-01R-0864-07,0.7354418790031109,0
TCGA-MF-A522-01A-11R-A262-07,0.6571201711706911,1
TCGA-FB-AAPY-01A-11R-A41B-07,0.6060967528158356,1
TCGA-HC-8260-01A-11R-2263-07,0.4719649515456718,1
TCGA-35-3615-01A-01R-0946-07,0.5789640726966548,0
TCGA-BF-AAOX-01A-11R-A39D-07,0.49514351584021854,1
TCGA-49-4510-01A-01R-1206-07,0.982909886736639,0
TCGA-55-7726-01A-11R-2170-07,0.518337933273743,1
TCGA-D5-6536-01A-11R-1723-07,0.6530401593667045,1
TCGA-43-A56U-01A-11R-A26W-07,0.6822708860490923,1
TCGA-EP-A3JL-01A-11R-A213-07,0.7579584653047252,1
TCGA-HC-8258-01A-11R-2263-07,0.21616054779436136,1
TCGA-Z6-A9VB-01A-21R-A37I-31,0.6264072551876337,0
TCGA-V1-A9O5-01A-11R-A41O-07,0.48697842716783335,0
TCGA-77-8146-01A-11R-2247-07,0.5904957184784361,1
TCGA-EU-5906-01A-11R-1672-07,0.6931274904000858,1
TCGA-34-2608-01A-02R-0851-07,0.6706477570452269,0
TCGA-LD-A7W6-01A-81R-A352-07,0.7026431751648051,1
TCGA-B8-4143-01A-01R-1188-07,0.9050341525647955,1
TCGA-BQ-5883-01A-11R-1592-07,0.20388202412022421,1
TCGA-V5-AASV-01A-11R-A38D-31,0.6347484966121048,0
TCGA-A7-A0D9-01A-31R-A056-07,0.9147240162201835,1
TCGA-A6-2676-01A-01R-0826-07,0.6257691091592772,1
TCGA-DM-A1D7-01A-11R-A155-07,0.5743941765631212,1
TCGA-B6-A3ZX-01A-11R-A239-07,0.9123825161722664,1
TCGA-05-4402-01A-01R-1206-07,0.9574790280555447,1
TCGA-AA-3555-01A-01R-0821-07,0.6278330790019372,1
TCGA-G3-A7M7-01A-12R-A352-07,0.801170139084977,1
TCGA-A3-3351-01A-02R-1325-07,0.2921423910682131,0
TCGA-EB-A4IQ-01A-12R-A266-07,0.5791994555427501,1
TCGA-CJ-4907-01A-01R-1426-07,0.2415613105402021,0
TCGA-B8-5163-01A-01R-1420-07,0.7060646617251847,1
TCGA-AQ-A1H3-01A-31R-A13Q-07,0.33079130668527673,1
TCGA-52-7811-01A-11R-2125-07,0.5965821661331326,1
TCGA-AR-A250-01A-31R-A169-07,0.3362585305985432,1
TCGA-J9-A8CK-01A-11R-A352-07,0.5603217968736692,1
TCGA-A2-A04U-01A-11R-A115-07,0.3292930441135767,1
TCGA-77-6843-01A-11R-1949-07,0.9571684547403158,1
TCGA-EW-A6SD-01A-12R-A33J-07,0.42085013983153136,0
TCGA-BH-A0B5-01A-11R-A12P-07,0.8745117175993254,0
TCGA-29-2425-01A-01R-1569-13,0.2292121462415745,1
TCGA-AA-3972-01A-01R-1022-07,0.6373100321778338,1
TCGA-B6-A0IK-01A-12R-A056-07,0.4224733704299406,1
TCGA-V1-A8MJ-01A-11R-A36G-07,0.8176912955525488,1
TCGA-B0-5707-01A-11R-1541-07,0.856143388599651,0
TCGA-13-1409-01A-01R-1565-13,0.8045929598982434,0
TCGA-HC-7817-01B-11R-A29R-07,0.21544991000784913,1
TCGA-LN-A4MR-01A-11R-A28J-31,0.6601559654855153,1
TCGA-CM-4747-01A-01R-1410-07,0.5851069320573768,1
TCGA-BP-5192-01A-01R-1426-07,0.5516496973288757,0
TCGA-CC-A7IF-01A-11R-A33J-07,0.7959797068240386,1
TCGA-75-6212-01A-11R-1755-07,0.9356030418546634,1
TCGA-61-2095-01A-01R-1568-13,0.9337078330567377,1
TCGA-BP-4992-01A-01R-1334-07,0.7972286122451764,1
TCGA-KK-A6E7-01A-11R-A31N-07,0.723563013115055,0
TCGA-24-1469-01A-01R-1566-13,0.23889010573429822,1
TCGA-DD-A73B-01A-12R-A32O-07,0.7614613190353403,1
TCGA-LN-A9FQ-01A-31R-A38D-31,0.6443353443601707,1
TCGA-J2-A4AG-01A-11R-A24H-07,0.5057240595727441,1
TCGA-G6-A8L8-01A-21R-A37O-07,0.30141134292519955,1
TCGA-A2-A0CS-01A-11R-A115-07,0.3345807916079749,1
TCGA-DD-AACA-01A-11R-A41C-07,0.7468955747908561,1
TCGA-A2-A0CZ-01A-11R-A034-07,0.3368355333370026,1
TCGA-23-1110-01A-01R-1564-13,0.7980746717338727,0
TCGA-E2-A150-01A-11R-A12D-07,0.8318637762492027,1
TCGA-A6-6142-01A-11R-1774-07,0.6649562110496049,1
TCGA-AO-A124-01A-11R-A10J-07,0.3462222880364127,1
TCGA-NC-A5HJ-01A-11R-A26W-07,0.9606867761154472,1
TCGA-85-8352-01A-31R-2326-07,0.9644882097957826,1
TCGA-B8-5545-01A-01R-1672-07,0.8723834149891998,1
TCGA-DD-A118-01A-11R-A131-07,0.5255448148805347,0
TCGA-NJ-A4YP-01A-11R-A262-07,0.5871285735051757,1
TCGA-94-7557-01A-11R-2125-07,0.6110693305058547,1
TCGA-78-7156-01A-11R-2039-07,0.8752440236861178,1
TCGA-BH-A0HP-01A-12R-A084-07,0.8861752280715671,1
TCGA-B1-A656-01A-11R-A31O-07,0.8344471493248876,1
TCGA-39-5037-01A-01R-1443-07,0.647090526148868,1
TCGA-CJ-4892-01A-01R-1305-07,0.8665804576584591,1
TCGA-55-1592-01A-01R-0946-07,0.5132229669643003,1
TCGA-E2-A1L7-01A-11R-A144-07,0.33557963893490694,1
TCGA-49-4512-01A-21R-1858-07,0.6091625506708684,0
TCGA-A1-A0SH-01A-11R-A084-07,0.8821928698334885,1
TCGA-G9-6339-01A-12R-A311-07,0.604656778962655,1
TCGA-67-3771-01A-01R-0946-07,0.9430711027600592,1
TCGA-J7-6720-01A-11R-2139-07,0.8338640047200679,1
TCGA-C8-A12O-01A-11R-A115-07,0.41267547019171585,1
TCGA-CH-5741-01A-11R-1580-07,0.7827758347374226,1
TCGA-EJ-A8FU-01A-11R-A36G-07,0.601154221346163,1
TCGA-B0-4849-01A-01R-1277-07,0.8270408635633706,1
TCGA-HC-A76W-01A-11R-A33R-07,0.7884793219019632,1
TCGA-CC-A8HT-01A-11R-A36F-07,0.21430634285561675,0
TCGA-G4-6320-01A-11R-1723-07,0.6403330259865105,1
TCGA-BP-4763-01A-01R-1289-07,0.809597211432476,1
TCGA-A8-A097-01A-11R-A034-07,0.4424668678362397,1
TCGA-73-4662-01A-01R-1206-07,0.5025126878958976,1
TCGA-RC-A7SH-01A-11R-A38B-07,0.6867348421699306,1
TCGA-09-1661-01B-01R-1566-13,0.7394942443757031,1
TCGA-66-2766-01A-01R-0851-07,0.6743689458013412,1
TCGA-A2-A3XZ-01A-42R-A239-07,0.4283601503581973,0
TCGA-36-1581-01A-01R-1566-13,0.824406347603235,1
TCGA-CH-5789-01A-11R-1580-07,0.7540265428173326,1
TCGA-BH-A1F0-01A-11R-A137-07,0.33274033281525445,1
TCGA-91-6847-01A-11R-1949-07,0.48714603400726925,0
TCGA-52-7809-01A-21R-2125-07,0.5867460191727979,1
TCGA-BD-A3ER-01A-11R-A213-07,0.7555027749040865,1
TCGA-13-1511-01A-01R-1565-13,0.25909495209544064,1
TCGA-21-1079-01A-01R-0692-07,0.6692528263722369,1
TCGA-BH-A18V-01A-11R-A12D-07,0.3203211073135309,1
TCGA-F4-6569-01A-11R-1774-07,0.6533635465038353,1
TCGA-66-2781-01A-01R-0851-07,0.5906273407604576,1
TCGA-G3-A5SK-01A-11R-A27V-07,0.7322584740734539,1
TCGA-AC-A62V-01A-11R-A31O-07,0.8972458911624973,1
TCGA-BP-5195-01A-02R-1426-07,0.7983663738560117,1
TCGA-A8-A0A1-01A-11R-A00Z-07,0.8194499518161815,1
TCGA-38-4629-01A-02R-1206-07,0.5137457648169192,1
TCGA-AC-A5EH-01A-11R-A28M-07,0.4298229020677013,1
TCGA-M7-A721-01A-12R-A32O-07,0.5360358451239061,1
TCGA-23-1028-01A-01R-1564-13,0.6946474913542234,1
TCGA-AZ-5407-01A-01R-1723-07,0.63449690032807,1
TCGA-56-8625-01A-11R-2403-07,0.5914884794710615,1
TCGA-NC-A5HM-01A-12R-A26W-07,0.5945536673385242,1
TCGA-58-A46L-01A-11R-A24H-07,0.692613516901387,0
TCGA-B6-A0IH-01A-11R-A115-07,0.9038845573410975,1
TCGA-77-A5FZ-01A-31R-A27Q-07,0.6040910696786448,1
TCGA-CK-4947-01B-11R-1653-07,0.5714412597722061,1
TCGA-AC-A2QI-01A-12R-A19W-07,0.40224513592428385,1
TCGA-G3-AAV4-01A-11R-A38B-07,0.6847924958554191,1
TCGA-93-7347-01A-11R-2187-07,0.521158727894469,1
TCGA-LL-A73Z-01A-11R-A32P-07,0.4172391525886467,1
TCGA-AC-A2BK-01A-11R-A21T-07,0.690758812653335,0
TCGA-25-1315-01A-01R-1565-13,0.8091090509058714,1
TCGA-A2-A0T2-01A-11R-A084-07,0.33967648141370055,1
TCGA-P4-A5E7-01A-31R-A28H-07,0.5271927529177908,0
TCGA-E2-A574-01A-11R-A29R-07,0.9004426838417803,0
TCGA-09-2051-01A-01R-1568-13,0.8533352414591399,1
TCGA-S3-A6ZH-01A-22R-A32P-07,0.820003724843341,0
TCGA-AA-3548-01A-01R-1873-07,0.6163163316093595,1
TCGA-B9-A8YH-01A-11R-A37K-07,0.5038770382761814,0
TCGA-AA-3971-01A-01R-1022-07,0.6229705950037551,0
TCGA-BP-5169-01A-01R-1426-07,0.70730961634115,1
TCGA-A2-A3XW-01A-11R-A239-07,0.3919143363232435,0
TCGA-AU-3779-01A-01R-1723-07,0.5905188592853133,1
TCGA-21-1071-01A-01R-0692-07,0.6658220824807569,1
TCGA-2L-AAQE-01A-11R-A39D-07,0.6078689213777901,1
TCGA-78-7143-01A-11R-2039-07,0.9398403047080348,1
TCGA-CM-5863-01A-21R-1839-07,0.6637476902811424,1
TCGA-85-8288-01A-11R-2296-07,0.6759276847110199,1
TCGA-CC-5259-01A-31R-A213-07,0.20574121052137564,1
TCGA-22-5480-01A-01R-1635-07,0.6688947283977893,1
TCGA-DW-7963-01B-11R-A28H-07,0.7313892123261431,0
TCGA-A1-A0SN-01A-11R-A144-07,0.33364732161775645,1
TCGA-V1-A8X3-01A-11R-A37L-07,0.5378169067057892,1
TCGA-E9-A22D-01A-11R-A157-07,0.9178149334240592,1
TCGA-B0-5075-01A-01R-1334-07,0.8148993836513392,1
TCGA-AK-3433-01A-02R-1277-07,0.7971887124801024,1
TCGA-BP-4331-01A-01R-1289-07,0.30101807920462226,0
TCGA-ES-A2HT-01A-12R-A180-07,0.5983923525449503,1
TCGA-29-1766-01A-01R-1567-13,0.24881754249763385,1
TCGA-HZ-7926-01A-11R-2156-07,0.5839834721006012,1
TCGA-4L-AA1F-01A-11R-A41O-07,0.7653052057044009,1
TCGA-Q2-A5QZ-01A-11R-A28H-07,0.5967356351121894,0
TCGA-49-4490-01A-21R-1858-07,0.9585707655855611,1
TCGA-2Y-A9H2-01A-12R-A38B-07,0.8031952865062612,1
TCGA-24-1923-01A-01R-1567-13,0.8221867184189707,1
TCGA-22-4595-01A-01R-1201-07,0.5973140642772659,1
TCGA-44-6147-01B-06R-A277-07,0.8588972851476356,1
TCGA-3A-A9I5-01A-11R-A38C-07,0.5922749786848897,0
TCGA-50-5933-01A-11R-1755-07,0.5120272744725172,1
TCGA-BP-4995-01A-01R-1334-07,0.8476041206494169,1
TCGA-A2-A1FV-01A-11R-A13Q-07,0.8751153154237142,0
TCGA-CZ-4866-01A-01R-1503-07,0.8085717337976229,0
TCGA-F4-6570-01A-11R-1774-07,0.5719538819059163,1
TCGA-BH-A0EI-01A-11R-A115-07,0.3393823168643385,1
TCGA-AA-3713-01A-21R-1723-07,0.5651830018990317,1
TCGA-NI-A4U2-01A-11R-A28V-07,0.8477962122360102,1
TCGA-DD-AADY-01A-11R-A41C-07,0.7519119344578757,1
TCGA-05-4405-01A-21R-1858-07,0.5855013269565338,1
TCGA-EJ-8469-01A-11R-2403-07,0.7159168705857639,1
TCGA-CK-5914-01A-11R-1653-07,0.55788837494153,1
TCGA-61-2104-01A-01R-1568-13,0.8578644905177104,1
TCGA-95-7562-01A-11R-2241-07,0.5000641091994996,1
TCGA-NK-A5CR-01A-11R-A26W-07,0.5832931115688255,1
TCGA-DD-AACU-01A-11R-A41C-07,0.5518096001213446,1
TCGA-DD-A119-01A-11R-A131-07,0.7754366034165173,1
TCGA-GM-A3NW-01A-21R-A22K-07,0.6950749123600521,1
TCGA-50-8459-01A-11R-2326-07,0.4945539674680929,1
TCGA-AO-A12C-01A-11R-A10J-07,0.9621134183170518,0
TCGA-CK-4950-01A-01R-1723-07,0.6311525438244926,0
TCGA-55-6987-01A-11R-1949-07,0.5949398667946917,1
TCGA-G3-A7M6-01A-11R-A33R-07,0.7800721115727589,1
TCGA-EW-A3E8-01B-11R-A24H-07,0.8745177068493871,1
TCGA-AO-A0JB-01A-11R-A32Y-07,0.33044578308633904,1
TCGA-EJ-A8FO-01A-21R-A36G-07,0.7970432474514193,1
TCGA-CM-6168-01A-11R-1653-07,0.6638976790681134,1
TCGA-J4-8198-01A-11R-2263-07,0.7235485453821311,1
TCGA-YL-A8SA-01A-21R-A37L-07,0.7233532214476575,1
TCGA-CJ-5679-01A-11R-1541-07,0.3105380553230681,1
TCGA-LL-A7SZ-01A-32R-A352-07,0.327796127870144,1
TCGA-CM-6677-01A-11R-1839-07,0.5711875085598999,1
TCGA-BP-4973-01A-01R-1334-07,0.8143232865293778,1
TCGA-2L-AAQJ-01A-12R-A39D-07,0.6088156371701751,1
TCGA-09-0367-01A-01R-1564-13,0.7867024627510152,1
TCGA-BQ-7044-01A-11R-1965-07,0.7924127558293846,1
TCGA-B0-4813-01A-01R-1277-07,0.31051712153488215,1
TCGA-24-1104-01A-01R-1565-13,0.8026978900805287,1
TCGA-HC-A6HY-01A-11R-A31N-07,0.7255668340122983,1
TCGA-L5-A8NK-01A-21R-A37I-31,0.6657542726529325,1
TCGA-31-1953-01A-01R-1568-13,0.8299190594782123,1
TCGA-BH-A8FY-01A-11R-A36F-07,0.9034945325851671,1
TCGA-B0-5107-01A-01R-1420-07,0.8593861834614234,0
TCGA-09-1673-01A-01R-1566-13,0.23657117158107327,1
TCGA-CH-5764-01A-21R-1580-07,0.7081480554243393,0
TCGA-2H-A9GN-01A-11R-A37I-31,0.6436273257206251,1
TCGA-23-1024-01A-02R-1564-13,0.7921196738658719,0
TCGA-B8-5549-01A-01R-1541-07,0.8577668857861164,1
TCGA-GL-8500-01A-11R-2404-07,0.5189593929024716,1
TCGA-KK-A8IM-01A-11R-A36G-07,0.45471953116141395,0
TCGA-BH-A0BQ-01A-21R-A115-07,0.413864006446694,1
TCGA-G3-A6UC-01A-21R-A33J-07,0.503332831564951,1
TCGA-20-1687-01A-01R-1566-13,0.8267174030745502,0
TCGA-AC-A2QH-01A-11R-A18M-07,0.3320706594969295,1
TCGA-DM-A28M-01A-12R-A16W-07,0.5692588025816875,1
TCGA-13-0899-01A-01R-1564-13,0.2273931548806063,1
TCGA-2Y-A9GW-01A-11R-A38B-07,0.7812831161755958,1
TCGA-2A-A8VT-01A-11R-A37L-07,0.8060029300679573,1
TCGA-D5-6922-01A-11R-1928-07,0.6564462677892743,1
TCGA-24-1847-01A-01R-1566-13,0.8332214051575051,1
TCGA-AC-A2FO-01A-11R-A180-07,0.8905020098062731,1
TCGA-UB-A7MC-01A-11R-A33R-07,0.738177272016832,1
TCGA-MP-A4TK-01A-11R-A24X-07,0.5125177063707013,1
TCGA-04-1542-01A-01R-1566-13,0.7848861541323169,1
TCGA-EW-A1P8-01A-11R-A144-07,0.3294590709516267,1
TCGA-G7-7501-01A-11R-2204-07,0.659617890206449,1
TCGA-A2-A0D0-01A-11R-A00Z-07,0.33190503081126416,0
TCGA-HC-7079-01A-11R-1965-07,0.18307012047015989,1
TCGA-KK-A8IA-01A-11R-A36G-07,0.7759251347778732,1
TCGA-D5-6529-01A-11R-1774-07,0.5797926363740472,1
TCGA-G4-6304-01A-11R-1928-07,0.5740147024825555,1
TCGA-BH-A0HB-01A-11R-A056-07,0.4206628936619293,1
TCGA-CJ-4882-01A-02R-1426-07,0.8654326695715185,1
TCGA-24-1435-01A-01R-1566-13,0.24685156302955644,1
TCGA-AA-3492-01A-01R-1410-07,0.6076728562312737,0
TCGA-IZ-8196-01A-11R-2404-07,0.6131737050131624,1
TCGA-UB-A7ME-01A-11R-A33J-07,0.7287656465565564,0
TCGA-6A-AB49-01A-12R-A405-07,0.585268927697613,1
TCGA-63-7021-01A-11R-1949-07,0.5954406525967832,1
TCGA-A2-A0EN-01A-13R-A084-07,0.8357887145300269,0
TCGA-A8-A0A2-01A-11R-A034-07,0.8677886466137238,0
TCGA-DD-AACX-01A-11R-A41C-07,0.8058289089958196,1
TCGA-E2-A14O-01A-31R-A115-07,0.3217514868085913,1
TCGA-AA-3695-01A-01R-0905-07,0.6270099470196421,1
TCGA-A2-A0EM-01A-11R-A034-07,0.8627484867104633,1
TCGA-AA-3549-01A-02R-0821-07,0.6308061491089215,1
TCGA-ED-A7XP-01A-11R-A352-07,0.7104793202692826,1
TCGA-97-7938-01A-11R-2170-07,0.5044066743446399,1
TCGA-23-1122-01A-01R-1565-13,0.22896689071399534,1
TCGA-AA-A01I-01A-02R-A089-07,0.6364428091115676,1
TCGA-ZS-A9CG-01A-11R-A37K-07,0.8859373462636441,1
TCGA-A7-A0DA-01A-31R-A115-07,0.34888945297679147,1
TCGA-29-1701-01A-01R-1567-13,0.25254488223728566,1
TCGA-LN-A4A6-01A-11R-A260-31,0.6557839602421782,0
TCGA-2H-A9GQ-01A-11R-A37I-31,0.6595583483866004,1
TCGA-B8-4620-01A-02R-1325-07,0.8710904221113511,1
TCGA-B0-4718-01A-01R-1277-07,0.24744067590316587,1
TCGA-AA-3861-01A-01R-1022-07,0.6058203925744327,1
TCGA-D5-6932-01A-11R-1928-07,0.6566299668501381,1
TCGA-55-8091-01A-11R-2241-07,0.5887943925372192,1
TCGA-64-1681-01A-11R-2066-07,0.9486994301740395,1
TCGA-VR-AA7I-01A-11R-A406-31,0.6505663923627537,0
TCGA-AZ-4308-01A-01R-1410-07,0.5988634322125123,1
TCGA-13-1403-01A-01R-1565-13,0.7012014341713644,1
TCGA-AL-3471-01A-02R-1351-07,0.7867110798996466,1
TCGA-23-2078-01A-01R-1568-13,0.24116849793371012,1
TCGA-25-2409-01A-01R-1569-13,0.713016488764283,1
TCGA-BH-A0W7-01A-11R-A115-07,0.41266216566831826,1
TCGA-DM-A1D6-01A-21R-A155-07,0.6659248420479569,1
TCGA-13-1512-01A-01R-1565-13,0.2502020415352036,1
TCGA-23-1111-01A-01R-1567-13,0.8122016902071433,1
TCGA-43-6647-01A-11R-1820-07,0.6780302427868435,1
TCGA-85-7698-01A-11R-2125-07,0.6155894175552024,1
TCGA-MW-A4EC-01A-11R-A266-07,0.5583794352207149,1
TCGA-58-A46J-01A-11R-A24H-07,0.6599679183657198,1
TCGA-DD-AAVX-01A-11R-A41C-07,0.5136746786444135,1
TCGA-29-1777-01A-01R-1567-13,0.2393398332010691,1
TCGA-A2-A3XX-01A-21R-A239-07,0.3353185285803234,1
TCGA-55-7725-01A-11R-2170-07,0.9337024407231308,1
TCGA-BH-A0DP-01A-21R-A056-07,0.9186268143458606,1
TCGA-PD-A5DF-01A-11R-A27V-07,0.28469524837295473,1
TCGA-77-7465-01A-11R-2045-07,0.5985551163328036,1
TCGA-A6-5659-01A-01R-A278-07,0.6606734425065061,1
TCGA-A8-A08G-01A-11R-A00Z-07,0.911337115168842,1
TCGA-39-5029-01A-01R-1443-07,0.6703266504436215,0
TCGA-DD-AAVQ-01A-11R-A41C-07,0.7667335984562987,1
TCGA-BH-A0DK-01A-21R-A056-07,0.4208526865959608,1
TCGA-AC-A2QJ-01A-12R-A19W-07,0.3864879558875912,1
TCGA-BP-4799-01A-01R-1305-07,0.24527953079341686,1
TCGA-18-3415-01A-01R-0980-07,0.6604538234784847,1
TCGA-22-A5C4-01A-12R-A27Q-07,0.5907508991450052,1
TCGA-Y8-A896-01A-11R-A36F-07,0.8285184733072791,1
TCGA-AC-A2FG-01A-11R-A17B-07,0.911096063227182,1
TCGA-CW-5584-01A-01R-1541-07,0.8775577336411485,1
TCGA-58-8387-01A-11R-2296-07,0.6535642586042031,1
TCGA-55-7724-01A-11R-2170-07,0.5099295920485749,1
TCGA-AO-A12B-01A-11R-A10J-07,0.7561969234635543,1
TCGA-KC-A7F3-01A-21R-A33R-07,0.22258959344631413,1
TCGA-49-4514-01A-21R-1858-07,0.5162748136311184,1
TCGA-A8-A09N-01A-11R-A00Z-07,0.3466768497563538,1
TCGA-C8-A12W-01A-11R-A115-07,0.40628721151072555,1
TCGA-BP-4797-01A-01R-1305-07,0.7639440731237623,0
TCGA-G3-A7M9-01A-23R-A352-07,0.2753495509173966,1
TCGA-55-7815-01A-11R-2170-07,0.4931035469334033,1
TCGA-EJ-A8FP-01A-21R-A36G-07,0.7525833009932011,1
TCGA-AN-A0FT-01A-11R-A034-07,0.32361344930772734,0
TCGA-A2-A25A-01A-12R-A16F-07,0.876435736194475,1
TCGA-33-4547-01A-01R-1201-07,0.577287601025095,0
TCGA-G9-7523-01A-11R-2263-07,0.4791761753114353,1
TCGA-KK-A8II-01A-11R-A36G-07,0.6179340779425121,1
TCGA-09-2048-01A-01R-1568-13,0.810637719918621,1
TCGA-B0-4824-01A-01R-1277-07,0.801663384045904,1
TCGA-BH-A0DH-01A-11R-A084-07,0.41348255749719354,0
TCGA-55-8615-01A-11R-2403-07,0.9539548870997261,1
TCGA-78-8648-01A-11R-2403-07,0.49804425957298903,0
TCGA-05-4426-01A-01R-1206-07,0.6094714079534946,1
TCGA-CW-6087-01A-11R-1672-07,0.24717769372727771,1
TCGA-BH-A2L8-01A-11R-A18M-07,0.9196413714976549,1
TCGA-64-1680-01A-02R-0946-07,0.9397499979860765,1
TCGA-ER-A19T-01A-11R-A18T-07,0.8653571400208963,1
TCGA-IB-7891-01A-11R-2204-07,0.6120161406854383,1
TCGA-SX-A7SN-01A-11R-A355-07,0.7816789794013369,0
TCGA-EJ-7793-01A-31R-2263-07,0.4614142564474697,1
TCGA-23-1118-01A-01R-1564-13,0.836098367364603,1
TCGA-AQ-A54N-01A-11R-A266-07,0.8949047102865484,1
TCGA-DD-AAW1-01A-11R-A41C-07,0.7467233967289099,1
TCGA-L5-A43E-01A-11R-A24K-31,0.6741289516487428,1
TCGA-AA-A00O-01A-02R-A089-07,0.6330474860841577,0
TCGA-24-2261-01A-01R-1568-13,0.8324501651435912,1
TCGA-AA-3688-01A-01R-0905-07,0.6249845608732432,0
TCGA-UZ-A9PV-01A-11R-A42S-07,0.8435852270258823,1
TCGA-37-A5EN-01A-21R-A26W-07,0.9571328885787216,1
TCGA-09-2053-01C-01R-1568-13,0.70577883829562,1
TCGA-EW-A1J5-01A-11R-A13Q-07,0.8610242013580252,1
TCGA-IB-AAUQ-01A-22R-A41I-07,0.6310197992111242,1
TCGA-A2-A0SX-01A-12R-A084-07,0.4143716178700806,1
TCGA-H8-A6C1-01A-11R-A32O-07,0.6135343491887377,0
TCGA-P4-AAVO-01A-11R-A42S-07,0.507320557930591,1
TCGA-A7-A6VY-01A-12R-A33J-07,0.42793435640984184,1
TCGA-BP-5177-01A-01R-1426-07,0.2356744384730417,0
TCGA-37-4141-01A-02R-1100-07,0.6404416901533425,0
TCGA-85-8355-01A-11R-2296-07,0.6082233341272497,1
TCGA-60-2719-01A-01R-0851-07,0.5960110913369928,1
TCGA-AA-A01C-01A-01R-A00A-07,0.6310103968342906,1
TCGA-G9-6329-01A-13R-1965-07,0.7652159926419669,1
TCGA-BH-A0HK-01A-11R-A056-07,0.3344283476693418,1
TCGA-34-5239-01A-21R-1820-07,0.6906955166410577,0
TCGA-NC-A5HH-01A-11R-A26W-07,0.6719093546609348,1
TCGA-NC-A5HK-01A-11R-A26W-07,0.6594914001455574,1
TCGA-69-7973-01A-11R-2187-07,0.9713937398921825,1
TCGA-77-8128-01A-11R-2247-07,0.5724270224963138,1
TCGA-B0-5700-01A-11R-1541-07,0.8489753562041409,1
TCGA-IB-8126-01A-11R-2404-07,0.6128311019296223,1
TCGA-QL-A97D-01A-12R-A41B-07,0.667828707576244,0
TCGA-XR-A8TC-01A-11R-A36F-07,0.5296014456972055,1
TCGA-63-A5MU-01A-11R-A26W-07,0.5827665998861278,1
TCGA-B8-A54F-01A-11R-A266-07,0.8396744960229998,0
TCGA-78-7220-01A-11R-2039-07,0.5903623574054648,1
TCGA-97-8176-01A-11R-2403-07,0.5830396648758452,1
TCGA-G4-6293-01A-11R-1723-07,0.5804459458683037,1
TCGA-05-5715-01A-01R-1628-07,0.5873212832199269,1
TCGA-E2-A1IF-01A-11R-A144-07,0.3986606993690119,1
TCGA-AC-A3YI-01A-21R-A239-07,0.8916893688510502,1
TCGA-2J-AAB6-01A-11R-A41B-07,0.6064709394121565,1
TCGA-B1-A47N-01A-11R-A24Z-07,0.8188274767378215,1
TCGA-D8-A1JL-01A-11R-A13Q-07,0.33816559169603244,1
TCGA-SS-A7HO-01A-21R-A37K-07,0.5747700540845069,1
TCGA-58-8390-01A-11R-2326-07,0.6790100375369066,1
TCGA-85-8582-01A-21R-2403-07,0.6576669670504097,1
TCGA-J9-A8CL-01A-11R-A352-07,0.5535968824242022,1
TCGA-BQ-5888-01A-11R-1592-07,0.7754188582182745,1
TCGA-GM-A2DF-01A-11R-A180-07,0.3312932427387945,1
TCGA-CJ-4891-01A-01R-1305-07,0.32060987716542416,1
TCGA-E2-A14R-01A-11R-A115-07,0.8653722920607791,1
TCGA-30-1853-01A-02R-1567-13,0.7971707395760301,1
TCGA-EV-5903-01A-11R-1592-07,0.5308387717389269,1
TCGA-G9-6353-01A-11R-1965-07,0.5232289988891229,0
TCGA-BC-A110-01A-11R-A131-07,0.7775560276266805,1
TCGA-04-1648-01A-01R-1567-13,0.2510489186034074,1
TCGA-55-6983-01A-11R-1949-07,0.4847364057177444,1
TCGA-WX-AA44-01A-11R-A39D-07,0.7676828719522767,1
TCGA-C8-A132-01A-31R-A115-07,0.3432863491451664,0
TCGA-A2-A0CU-01A-12R-A034-07,0.8753127928946365,1
TCGA-46-3769-01A-01R-0980-07,0.6640839798351379,0
TCGA-PE-A5DC-01A-12R-A27Q-07,0.8823049514116736,1
TCGA-2J-AAB9-01A-11R-A41B-07,0.6043547931392602,0
TCGA-21-1083-01A-01R-0692-07,0.6842890869287079,1
TCGA-E2-A15F-01A-11R-A115-07,0.8130128429775139,1
TCGA-BH-A1F5-01A-12R-A13Q-07,0.8736677558254736,1
TCGA-EW-A1P4-01A-21R-A144-07,0.3344508919720617,1
TCGA-29-1778-01A-01R-1567-13,0.8353949986825958,1
TCGA-30-1718-01A-01R-1567-13,0.2662462547205812,1
TCGA-86-8074-01A-11R-2241-07,0.6003237359769247,1
TCGA-A6-6782-01A-11R-1839-07,0.5701760779198852,1
TCGA-IA-A83V-01A-11R-A355-07,0.7903471070771481,0
TCGA-KK-A6E5-01A-11R-A311-07,0.8054396190229715,1
TCGA-L9-A5IP-01A-21R-A39D-07,0.5209547569669047,0
TCGA-58-8391-01A-11R-2326-07,0.6460896242041949,1
TCGA-KK-A8IK-01A-11R-A36G-07,0.46525768203116635,1
TCGA-F4-6807-01A-11R-1839-07,0.5904052137184753,1
TCGA-EJ-5516-01A-01R-1580-07,0.7286628704029365,1
TCGA-85-8350-01A-11R-2296-07,0.6100971172443744,1
TCGA-KK-A7AZ-01A-12R-A32O-07,0.792960439039735,1
TCGA-DW-7842-01A-11R-A32Z-07,0.6087397752047471,1
TCGA-OL-A6VQ-01A-12R-A41B-07,0.8796199202257133,1
TCGA-31-1946-01A-01R-1568-13,0.23451973085308855,0
TCGA-AZ-6606-01A-11R-1839-07,0.566036753283222,1
TCGA-DD-AAD1-01A-11R-A41C-07,0.8021580895195269,1
TCGA-A2-A0CO-01A-13R-A22K-07,0.8860772962381015,1
TCGA-CM-4750-01A-01R-1410-07,0.6141411991591136,1
TCGA-AC-A4ZE-01A-11R-A41B-07,0.8923243664043379,1
TCGA-BP-4327-01A-01R-1289-07,0.24345241499681472,1
TCGA-UZ-A9PX-01A-11R-A42S-07,0.5805225931338049,1
TCGA-BH-A0B9-01A-11R-A056-07,0.8537136317582019,1
TCGA-FB-AAQ0-01A-31R-A41B-07,0.6120022174257695,1
TCGA-A8-A09K-01A-11R-A00Z-07,0.6908678540448061,1
TCGA-55-1595-01A-01R-0946-07,0.9636645188268419,1
TCGA-J4-A83K-01A-11R-A352-07,0.798591143514258,1
TCGA-A2-A1G4-01A-11R-A13Q-07,0.8557236129863816,1
TCGA-A2-A04T-01A-21R-A034-07,0.3398854045321783,1
TCGA-V1-A8MK-01A-11R-A36G-07,0.6895939434626407,1
TCGA-AN-A03X-01A-21R-A00Z-07,0.41813415393130443,1
TCGA-97-7547-01A-11R-2039-07,0.5853387440303663,1
TCGA-AD-6889-01A-11R-1928-07,0.6440643192331854,1
TCGA-KK-A7AW-01A-11R-A32O-07,0.16260007618859912,1
TCGA-AO-A03N-01B-11R-A10J-07,0.33901968542009675,1
TCGA-EJ-5530-01A-01R-1580-07,0.8005150675647841,0
TCGA-P4-AAVM-01A-11R-A42S-07,0.7575226095961952,1
TCGA-66-2778-01A-02R-0851-07,0.6497687077572593,1
TCGA-HC-A6AP-01A-11R-A30B-07,0.7283915506545183,0
TCGA-Z6-AAPN-01A-11R-A406-31,0.6612001987704094,0
TCGA-CJ-4886-01A-01R-1305-07,0.8640143788347076,0
TCGA-BP-4769-01A-01R-1289-07,0.6547372826523047,1
TCGA-D8-A1XM-01A-21R-A14M-07,0.8895564267509254,1
TCGA-A7-A4SA-01A-11R-A266-07,0.8899690553446005,1
TCGA-LN-A7HZ-01A-31R-A354-31,0.6412184683243632,1
TCGA-AR-A1AO-01A-11R-A12P-07,0.3352055740123787,1
TCGA-Y6-A9XI-01A-11R-A41O-07,0.7223861028629496,1
TCGA-31-1951-01A-01R-1568-13,0.2624620009398159,1
TCGA-25-1318-01A-01R-1565-13,0.8147815925962874,1
TCGA-B0-5099-01A-01R-1420-07,0.23661319522145477,1
TCGA-CH-5794-01A-11R-1580-07,0.7627017935681304,1
TCGA-BQ-5894-01A-11R-1592-07,0.7874408958312803,1
TCGA-CZ-4863-01A-01R-1503-07,0.8566082928683777,1
TCGA-DD-AADJ-01A-11R-A41C-07,0.6629402618569739,1
TCGA-B0-4845-01A-01R-1277-07,0.6591443230293502,1
TCGA-BC-A216-01A-11R-A155-07,0.8824582932361514,1
TCGA-CJ-4871-01A-01R-1305-07,0.30925986769998176,1
TCGA-B0-5710-01A-11R-1672-07,0.7960802403961253,1
TCGA-CH-5750-01A-11R-1580-07,0.47373913751412844,0
TCGA-DV-5566-01A-01R-1541-07,0.8183156863027173,1
TCGA-BC-A10X-01A-11R-A131-07,0.75327707162337,0
TCGA-60-2721-01A-01R-0851-07,0.6130324621891808,1
TCGA-F2-7273-01A-11R-2156-07,0.6065794903997186,1
TCGA-05-4389-01A-01R-1206-07,0.5084845837491743,1
TCGA-A8-A083-01A-21R-A00Z-07,0.9047724925235078,1
TCGA-EJ-7317-01A-31R-2118-07,0.5428192257186858,1
TCGA-24-2023-01A-01R-1567-13,0.8322708172018476,1
TCGA-B6-A0RM-01A-11R-A084-07,0.8913295298264904,1
TCGA-56-A5DS-01A-11R-A27Q-07,0.6660034941957631,1
TCGA-CJ-5672-01A-11R-1541-07,0.8782545748976118,1
TCGA-73-7498-01A-12R-2187-07,0.9247386532890253,1
TCGA-GM-A2DH-01A-11R-A180-07,0.33380386173820314,0
TCGA-A8-A082-01A-11R-A00Z-07,0.41388553381068427,1
TCGA-DD-A4NI-01A-11R-A27V-07,0.5335456676733711,1
TCGA-G4-6626-01A-11R-1774-07,0.6361527271279728,1
TCGA-CH-5738-01A-11R-1580-07,0.7360602924253312,1
TCGA-79-5596-01A-31R-1949-07,0.6794168857114689,1
TCGA-A6-5656-01A-21R-A278-07,0.5583166511141481,0
TCGA-BP-4766-01A-01R-1289-07,0.8529652601568621,1
TCGA-XQ-A8TB-01A-11R-A36G-07,0.5540512694441677,1
TCGA-BP-4337-01A-01R-1289-07,0.8290370508265869,1
TCGA-G9-A9S4-01A-11R-A41O-07,0.7763949619239846,1
TCGA-CH-5762-01A-11R-1580-07,0.7609836351143502,1
TCGA-B0-5106-01A-01R-1420-07,0.8417063898303911,1
TCGA-V1-A9OX-01A-11R-A41O-07,0.7928454056805698,0
TCGA-DD-AADU-01A-11R-A41C-07,0.7098400412661839,1
TCGA-A3-3385-01A-02R-1420-07,0.7983711199000747,1
TCGA-90-7964-01A-21R-2187-07,0.5983726434314328,1
TCGA-55-7913-01B-11R-2241-07,0.6127035223103093,0
TCGA-AN-A0AJ-01A-11R-A00Z-07,0.4143306659596558,0
TCGA-09-1670-01A-01R-1566-13,0.6216113527045039,1
TCGA-A4-7734-01A-11R-A32Z-07,0.5298868587815805,1
TCGA-55-7914-01A-11R-2170-07,0.4998304256279948,1
TCGA-77-7140-01A-41R-2045-07,0.6601024827630203,1
TCGA-VN-A943-01A-11R-A41O-07,0.8034829048365869,0
TCGA-B0-5108-01A-01R-1420-07,0.7006540155206047,1
TCGA-J9-A8CN-01A-11R-A352-07,0.222736910461549,1
TCGA-13-1485-01A-02R-1565-13,0.2649348852124736,1
TCGA-33-AASL-01A-11R-A405-07,0.6844314628657595,1
TCGA-CC-5264-01A-01R-A131-07,0.7591330935293812,1
TCGA-CK-4952-01A-01R-1723-07,0.646811905995213,1
TCGA-04-1530-01A-02R-1569-13,0.24776929193790004,1
TCGA-80-5608-01A-31R-1949-07,0.4950380702211655,0
TCGA-B1-A657-01A-11R-A31O-07,0.5905265854870422,1
TCGA-AA-3489-01A-21R-1839-07,0.5812449081895092,1
TCGA-OL-A66O-01A-11R-A31O-07,0.8949377932947319,1
TCGA-5L-AAT1-01A-12R-A41B-07,0.32537095888070855,0
TCGA-55-6986-01A-11R-1949-07,0.5965798064762513,1
TCGA-FB-A4P5-01A-11R-A26U-07,0.6059370561851113,1
TCGA-AK-3428-01A-02R-1277-07,0.8109656685133667,0
TCGA-4T-AA8H-01A-11R-A41B-07,0.9646524551166865,1
TCGA-L5-A88Y-01A-11R-A354-31,0.5811955817594344,1
TCGA-VN-A88K-01A-11R-A352-07,0.4922012365900236,0
TCGA-58-A46N-01A-11R-A24H-07,0.5871216418778705,1
TCGA-YL-A9WH-01A-11R-A37L-07,0.7651717703245264,1
TCGA-44-6776-01A-11R-1858-07,0.5021940941184003,0
TCGA-97-A4M6-01A-11R-A24X-07,0.933407866855689,1
TCGA-33-4583-01A-01R-1443-07,0.6522081910764247,1
TCGA-2Y-A9H9-01A-21R-A39D-07,0.6338571283066774,0
TCGA-D8-A27L-01A-11R-A16F-07,0.33320116180337506,1
TCGA-F4-6704-01A-11R-1839-07,0.6560739241742184,1
TCGA-63-A5MY-01A-11R-A26W-07,0.6461258917173893,1
TCGA-AA-3666-01A-02R-0905-07,0.6287905452770381,1
TCGA-A8-A08Z-01A-21R-A00Z-07,0.8235875056090346,1
TCGA-V1-A9Z9-01A-21R-A41O-07,0.7308098413896411,1
TCGA-3A-A9IR-01A-11R-A38C-07,0.9563347554276774,1
TCGA-24-1436-01A-01R-1566-13,0.8453750289544473,0
TCGA-BH-A0AU-01A-11R-A12P-07,0.8727222876254654,1
TCGA-G9-6379-01A-11R-A31N-07,0.7148888363384887,0
TCGA-DD-AADR-01A-11R-A41C-07,0.5349639131921626,1
TCGA-EB-A4OY-01A-11R-A266-07,0.8834495061320321,1
TCGA-63-A5MG-01A-12R-A27Q-07,0.677223309753769,0
TCGA-BP-4341-01A-01R-1289-07,0.2369277362212709,1
TCGA-B8-5550-01A-01R-1541-07,0.2362879937139668,1
TCGA-50-5935-01A-11R-1755-07,0.9573273038048276,1
TCGA-D5-6929-01A-31R-1928-07,0.5791418412630445,1
TCGA-55-A48X-01A-11R-A24H-07,0.5006311688071512,1
TCGA-BH-A0HA-01A-11R-A12P-07,0.9028528891979336,1
TCGA-AD-5900-01A-11R-1653-07,0.5651463682138782,0
TCGA-50-5049-01A-01R-1628-07,0.49995726053353673,1
TCGA-BH-A0B7-01A-12R-A115-07,0.3516819764453498,1
TCGA-33-AAS8-01A-11R-A405-07,0.5915113813044748,1
TCGA-BH-A0GZ-01A-11R-A056-07,0.8576363720433531,1
TCGA-LN-A4A1-01A-21R-A260-31,0.6418640988207845,1
TCGA-XK-AAIW-01A-11R-A41O-07,0.740688813879424,1
TCGA-98-8021-01A-11R-2247-07,0.6816103120220949,1
TCGA-B6-A0WX-01A-11R-A109-07,0.8086028031998692,1
TCGA-EB-A82B-01A-11R-A352-07,0.5786074780130411,0
TCGA-25-1324-01A-01R-1565-13,0.8226976526502475,1
TCGA-13-1482-01A-01R-1565-13,0.8173780153538297,1
TCGA-KH-A6WC-01A-11R-A336-31,0.6393610796397959,1
TCGA-KC-A7FA-01A-21R-A33R-07,0.7252364966086432,1
TCGA-B2-4098-01A-02R-1325-07,0.8769808114980003,1
TCGA-EJ-A7NH-01A-12R-A33R-07,0.7115722083939061,0
TCGA-CJ-5686-01A-11R-1672-07,0.8535058947107604,0
TCGA-V1-A8MU-01A-11R-A37L-07,0.7717059048420941,0
TCGA-67-3774-01A-01R-0946-07,0.5032789397290047,1
TCGA-93-8067-01A-11R-2287-07,0.5977266977165928,1
TCGA-CJ-4923-01A-01R-1426-07,0.3339385596600195,1
TCGA-G6-A8L6-01A-11R-A37O-07,0.8233576431399513,1
TCGA-EB-A5SF-01A-11R-A311-07,0.47743092457589964,1
TCGA-34-2600-01A-01R-0851-07,0.9841004247570307,1
TCGA-E9-A1NF-01A-11R-A14D-07,0.4187764438142155,1
TCGA-A8-A08L-01A-11R-A00Z-07,0.8737883239140878,0
TCGA-AO-A0J4-01A-11R-A034-07,0.34220608650351625,1
TCGA-55-8203-01A-11R-2241-07,0.5915319888327789,1
TCGA-LN-A49S-01A-11R-A24K-31,0.6537370990312503,1
TCGA-NC-A5HP-01A-11R-A26W-07,0.6731633686109827,1
TCGA-BH-A1FB-01A-11R-A13Q-07,0.9233799332016582,1
TCGA-53-A4EZ-01A-12R-A24X-07,0.9518432176374199,1
TCGA-69-7978-01A-11R-2187-07,0.5889572196864467,1
TCGA-UB-AA0U-01A-11R-A38B-07,0.8545070781041518,1
TCGA-44-7662-01A-11R-2066-07,0.515999637735416,1
TCGA-E2-A14P-01A-31R-A12D-07,0.9024590396700983,1
TCGA-66-2770-01A-01R-0851-07,0.65332455909466,1
TCGA-GL-A4EM-01A-11R-A24Z-07,0.8286593333530856,1
TCGA-A3-3357-01A-02R-1420-07,0.5774289161833367,1
TCGA-AA-A01D-01A-01R-A00A-07,0.6437243942310515,1
TCGA-39-5040-01A-21R-2125-07,0.9664859976421052,1
TCGA-2Y-A9H6-01A-11R-A39D-07,0.7915970834707837,1
TCGA-38-6178-01A-11R-1755-07,0.6126871842148643,1
TCGA-G3-A25Z-01A-11R-A16W-07,0.7180793372322395,1
TCGA-BH-A204-01A-11R-A157-07,0.8952361087289703,1
TCGA-AA-A01Z-01A-11R-A083-07,0.6235030770195157,1
TCGA-FB-AAPU-01A-31R-A41B-07,0.6758319052607367,1
TCGA-18-3406-01A-01R-0980-07,0.600276279604175,0
TCGA-HC-7742-01A-11R-2118-07,0.48181668530774285,1
TCGA-B0-4691-01A-01R-1277-07,0.773888168698004,1
TCGA-18-3408-01A-01R-0980-07,0.5669525932990989,0
TCGA-A8-A07W-01A-11R-A00Z-07,0.34837169862684625,1
TCGA-OL-A6VR-01A-32R-A33J-07,0.8703727486892118,1
TCGA-CA-6718-01A-11R-1839-07,0.5685920696081596,1
TCGA-04-1357-01A-01R-1565-13,0.810409110739265,0
TCGA-X4-A8KS-01A-12R-A36G-07,0.547348651878896,1
TCGA-EW-A2FR-01A-11R-A21T-07,0.3599262877984143,1
TCGA-A8-A0A9-01A-11R-A00Z-07,0.3493251584957844,1
TCGA-J4-A83N-01A-11R-A352-07,0.7837495933855859,1
TCGA-CJ-4872-01A-01R-1305-07,0.3151349252235883,1
TCGA-B0-5081-01A-01R-1334-07,0.2515469525504144,1
TCGA-E9-A24A-01A-11R-A169-07,0.3185468341997661,0
TCGA-DD-A73E-01A-12R-A32O-07,0.6838209802920242,1
TCGA-LA-A7SW-01A-11R-A405-07,0.5846568054451317,1
TCGA-C8-A12U-01A-11R-A115-07,0.8979261227817157,1
TCGA-B0-5097-01A-01R-1420-07,0.2619412819204003,1
TCGA-13-0795-01A-01R-1564-13,0.8233247788869468,1
TCGA-A7-A56D-01A-11R-A27Q-07,0.3194146642533899,1
TCGA-G3-A25S-01A-11R-A16W-07,0.7201354847934222,1
TCGA-XQ-A8TA-01A-11R-A36G-07,0.7260947769603393,1
TCGA-BP-4335-01A-01R-1289-07,0.23441768672211216,1
TCGA-CC-5258-01A-01R-A131-07,0.21549481897703812,1
TCGA-HC-A48F-01A-11R-A250-07,0.7354005150205005,1
TCGA-93-A4JN-01A-11R-A24X-07,0.5088507547126472,1
TCGA-DD-AADI-01A-11R-A41C-07,0.4975587665457261,0
TCGA-A8-A090-01A-11R-A00Z-07,0.33659394710246626,1
TCGA-66-2785-01A-01R-0851-07,0.6754759384216424,0
TCGA-61-2097-01A-02R-1568-13,0.7921214335253716,1
TCGA-5P-A9K2-01A-11R-A42S-07,0.7404186221116524,1
TCGA-KK-A8IC-01A-11R-A36G-07,0.47150666816856057,0
TCGA-A7-A26E-01A-11R-A277-07,0.8573163753230704,1
TCGA-50-5066-01A-01R-1628-07,0.519506335671666,1
TCGA-D8-A27N-01A-11R-A16F-07,0.41687969826337207,0
TCGA-78-7166-01A-12R-2066-07,0.5743243528045202,0
TCGA-E9-A1R3-01A-31R-A14M-07,0.3338241241062668,0
TCGA-97-A4M2-01A-12R-A24X-07,0.9541712381016044,1
TCGA-BQ-7056-01A-11R-1965-07,0.8890369601416032,1
TCGA-13-0724-01A-01R-1564-13,0.7897290464961867,0
TCGA-BH-A0HW-01A-11R-A034-07,0.8514305549164615,1
TCGA-PE-A5DE-01A-11R-A27Q-07,0.8787770634782196,1
TCGA-2L-AAQI-01A-12R-A39D-07,0.6855223561444621,0
TCGA-2A-A8VV-01A-11R-A37L-07,0.4641203055344521,1
TCGA-39-5016-01A-01R-1443-07,0.9663916798581813,0
TCGA-D5-6930-01A-11R-1928-07,0.577754056962167,1
TCGA-D8-A27I-01A-11R-A16F-07,0.7861827954459775,1
TCGA-V1-A8ML-01A-11R-A37L-07,0.7663437427740447,1
TCGA-85-6798-01A-11R-1949-07,0.6612726544047036,1
TCGA-AA-3510-01A-01R-1410-07,0.6281884790348538,1
TCGA-98-A53A-01A-11R-A262-07,0.6702680690847341,1
TCGA-A4-A772-01A-11R-A33Z-07,0.5913944403775476,0
TCGA-MP-A4TC-01A-11R-A24X-07,0.5150988134988181,1
TCGA-49-6745-01A-11R-1858-07,0.6032829286337434,1
TCGA-10-0927-01A-02R-1564-13,0.508905521867792,0
TCGA-A2-A0CT-01A-31R-A056-07,0.3371136387900324,1
TCGA-99-8025-01A-11R-2241-07,0.5964310562658757,1
TCGA-ZS-A9CE-01A-11R-A37K-07,0.5075178154806468,0
TCGA-AO-A0J6-01A-11R-A034-07,0.3477842848657543,1
TCGA-CA-6715-01A-21R-1839-07,0.6471686543462047,1
TCGA-AR-A255-01A-11R-A169-07,0.8408526149269476,0
TCGA-61-2088-01A-01R-1568-13,0.624801133675268,1
TCGA-DD-A4NV-01A-11R-A311-07,0.5999982257274986,1
TCGA-K7-A5RF-01A-11R-A28V-07,0.7661766574598741,1
TCGA-RC-A6M6-01A-11R-A32O-07,0.6435601520635359,1
TCGA-EP-A12J-01A-11R-A131-07,0.7280539803878535,1
TCGA-BH-A0BW-01A-11R-A115-07,0.8732940904405776,1
TCGA-56-A4BY-01A-11R-A24H-07,0.9564963268599809,1
TCGA-AA-3980-01A-02R-1022-07,0.6217426530086033,1
TCGA-55-8507-01A-11R-2403-07,0.5128640859219605,0
TCGA-BH-A0BS-01A-11R-A12P-07,0.867146762307082,1
TCGA-DD-A4NH-01A-11R-A27V-07,0.21401948996202697,1
TCGA-L9-A443-01A-12R-A24H-07,0.5121201459079617,1
TCGA-IB-7893-01A-11R-2204-07,0.6061131720019602,0
TCGA-C8-A26W-01A-11R-A16F-07,0.8681634373842422,1
TCGA-AA-3866-01A-01R-1022-07,0.6269874430109574,1
TCGA-AA-3966-01A-01R-1113-07,0.6187631405195388,0
TCGA-24-1425-01A-02R-1566-13,0.7467717629620445,1
TCGA-J9-A52D-01A-11R-A29R-07,0.5259346716077336,1
TCGA-2Z-A9JQ-01A-11R-A42S-07,0.5020928761354146,1
TCGA-AA-3941-01A-01R-1022-07,0.6076955899128055,1
TCGA-77-7337-01A-21R-2045-07,0.6073040670590115,1
TCGA-92-8063-01A-11R-2247-07,0.6759015394638241,1
TCGA-BH-A0EA-01A-11R-A115-07,0.8649476255538101,1
TCGA-EJ-7330-01A-11R-2118-07,0.7623237439731443,1
TCGA-CC-A3MC-01A-11R-A22L-07,0.7319939307142377,1
TCGA-DD-AADD-01A-11R-A41C-07,0.7519571736907131,1
TCGA-EJ-7314-01A-31R-2118-07,0.45627386040134454,1
TCGA-E2-A109-01A-11R-A10J-07,0.408584509947922,1
TCGA-AO-A1KR-01A-12R-A144-07,0.3387103385467992,1
TCGA-EJ-A7NK-01A-12R-A352-07,0.8146759373811903,1
TCGA-56-A4ZK-01A-11R-A262-07,0.6730760543020835,1
TCGA-B0-5117-01A-01R-1420-07,0.2978053667089778,0
TCGA-A2-A04R-01A-41R-A109-07,0.7844525062267752,1
TCGA-78-7152-01A-11R-2039-07,0.6099074607045709,1
TCGA-EB-A41B-01A-11R-A24X-07,0.9314095982604718,1
TCGA-50-6592-01A-11R-1755-07,0.5165814511401963,0
TCGA-E9-A1NA-01A-11R-A144-07,0.33251476753413706,1
TCGA-97-8552-01A-11R-2403-07,0.9367959904677959,1
TCGA-DD-A4NQ-01A-21R-A28V-07,0.20885513214973284,1
TCGA-QG-A5YX-01A-11R-A28H-07,0.9471792146732562,1
TCGA-38-4632-01A-01R-1755-07,0.5092591217032058,0
TCGA-ZP-A9D1-01A-11R-A38B-07,0.8257645319426274,0
TCGA-E9-A1RF-01A-11R-A157-07,0.4205031804256839,1
TCGA-AA-3681-01A-01R-0905-07,0.6411095544020164,1
TCGA-BH-A0BR-01A-21R-A115-07,0.32795008822078103,1
TCGA-CA-5254-01A-21R-1839-07,0.9469855982680261,1
TCGA-18-3417-01A-01R-1443-07,0.5897519009796529,1
TCGA-86-A4P7-01A-11R-A24X-07,0.9557868268894671,1
TCGA-24-1924-01A-01R-1567-13,0.8210757760366453,1
TCGA-AO-A0JL-01A-11R-A056-07,0.8981548153142053,0
TCGA-ED-A7PX-01A-51R-A352-07,0.7494126131956487,0
TCGA-29-1696-01A-01R-1567-13,0.5177883768775805,1
TCGA-AC-A8OP-01A-11R-A36F-07,0.8646360967800465,0
TCGA-BP-5202-01A-02R-1426-07,0.8556991010711359,1
TCGA-EP-A26S-01A-11R-A16W-07,0.5079407493377717,1
TCGA-77-8144-01A-11R-2247-07,0.580816082014097,1
TCGA-60-2713-01A-01R-0851-07,0.5933786161322108,0
TCGA-AO-A03T-01A-21R-A034-07,0.9093744191030072,1
TCGA-NK-A5D1-01A-11R-A26W-07,0.5882057369418559,1
TCGA-NI-A8LF-01A-11R-A36F-07,0.7633643729942887,1
TCGA-B0-4693-01A-01R-1277-07,0.9164252415929992,0
TCGA-CH-5761-01A-11R-1580-07,0.759131172009079,1
TCGA-VR-A8EW-01A-11R-A36D-31,0.6343183137357634,1
TCGA-09-0364-01A-02R-1564-13,0.6266063482975321,1
TCGA-US-A77E-01A-11R-A32O-07,0.6843019939879951,1
TCGA-BP-4329-01A-02R-1289-07,0.24288315998341017,1
TCGA-E9-A2JS-01A-11R-A180-07,0.4051230043785815,0
TCGA-L5-A8NN-01A-11R-A37I-31,0.6646709274821311,1
TCGA-BP-4169-01A-02R-1289-07,0.32801939476647807,1
TCGA-DD-A3A5-01A-11R-A22L-07,0.7411236628536465,1
TCGA-KK-A7B1-01A-11R-A32O-07,0.7913574214023956,1
TCGA-KR-A7K2-01A-12R-A33R-07,0.7600660382898361,1
TCGA-77-A5G8-01B-11R-A27Q-07,0.5840020745297255,1
TCGA-AA-A00F-01A-01R-A002-07,0.6220717188621072,1
TCGA-BP-4340-01A-01R-1289-07,0.7984728772353133,1
TCGA-BP-4164-01A-02R-1325-07,0.8059036813865177,1
TCGA-B6-A0RU-01A-11R-A084-07,0.8372540571459931,1
TCGA-EJ-7794-01A-11R-2118-07,0.7774166759822975,1
TCGA-C8-A12P-01A-11R-A115-07,0.41261886304299283,1
TCGA-09-1674-01A-01R-1566-13,0.7960967085797221,1
TCGA-G9-6365-01A-11R-1789-07,0.7481375182160726,1
TCGA-J4-8200-01A-11R-A29R-07,0.8583809874540759,0
TCGA-BH-A0H5-01A-21R-A115-07,0.8847266785272647,1
TCGA-66-2787-01A-01R-0980-07,0.6564348039349985,1
TCGA-XK-AAIV-01A-11R-A41O-07,0.6463121015285648,1
TCGA-G9-6351-01A-21R-1965-07,0.7776080588694568,1
TCGA-BP-4967-01A-01R-1334-07,0.8251137797790197,0
TCGA-39-5036-01A-01R-1443-07,0.6723370768764265,1
TCGA-2J-AAB8-01A-12R-A41B-07,0.6007300361291156,0
TCGA-ZP-A9CV-01A-11R-A38B-07,0.7680766365788572,1
TCGA-A6-5667-01A-21R-1723-07,0.5849884179747159,1
TCGA-XJ-A83F-01A-11R-A352-07,0.7133364506990055,1
TCGA-BP-4160-01A-02R-1289-07,0.7017184879919985,1
TCGA-AA-A02H-01A-01R-A089-07,0.6315048255030651,1
TCGA-SU-A7E7-01A-22R-A33R-07,0.5438697078980703,1
TCGA-LN-A8HZ-01A-11R-A36D-31,0.6318943477995101,1
TCGA-VP-A87C-01A-11R-A352-07,0.6257997005902691,1
TCGA-G9-6347-01A-11R-A31N-07,0.6922438259143913,1
TCGA-2L-AAQM-01A-11R-A39D-07,0.9869130904416378,0
TCGA-CA-5797-01A-01R-1653-07,0.5645337787446971,1
TCGA-2J-AABA-01A-21R-A41B-07,0.6126426189796611,1
TCGA-77-8156-01A-11R-2247-07,0.5966601999844948,1
TCGA-VR-A8EZ-01A-11R-A36D-31,0.620184179139741,0
TCGA-J9-A52C-01A-11R-A26U-07,0.7546780277377931,1
TCGA-BP-4989-01A-01R-1334-07,0.7716494545538782,0
TCGA-EB-A3Y7-01A-11R-A239-07,0.471969039723928,1
TCGA-13-1506-01A-01R-1565-13,0.24024690733132478,1
TCGA-EJ-A46D-01A-21R-A32Y-07,0.45244189248053174,0
TCGA-HC-A631-01A-11R-A29R-07,0.7361062140167015,1
TCGA-69-7761-01A-11R-2170-07,0.6037310514209369,1
TCGA-61-2092-01A-01R-1568-13,0.2393828920556648,1
TCGA-BH-A1FN-01A-11R-A13Q-07,0.33886740372002133,1
TCGA-G3-A25X-01A-11R-A16W-07,0.21151726488254702,1
TCGA-34-8455-01A-11R-2326-07,0.6053674084408854,1
TCGA-BP-4972-01A-01R-1334-07,0.7922163325340934,0
TCGA-13-0885-01A-02R-1569-13,0.5730091649767283,0
TCGA-CJ-6027-01A-11R-1672-07,0.8260447951119276,0
TCGA-O1-A52J-01A-11R-A262-07,0.9299800297597636,1
TCGA-EB-A3XB-01A-11R-A239-07,0.5682125977746678,1
TCGA-KK-A7AY-01A-11R-A33R-07,0.712457087326118,1
TCGA-AA-3930-01A-01R-1022-07,0.6324016045551262,0
TCGA-49-4506-01A-01R-1206-07,0.5085295064524944,1
TCGA-61-2000-01A-01R-1568-13,0.24652608873802598,1
TCGA-Z5-AAPL-01A-12R-A41B-07,0.6145930341362461,1
TCGA-ZG-A9LU-01A-11R-A41O-07,0.5487917909659642,1
TCGA-JY-A93F-01A-21R-A37I-31,0.6445111272827769,0
TCGA-66-2800-01A-01R-1201-07,0.6888136557782641,1
TCGA-66-2773-01A-01R-1201-07,0.6802424178643603,0
TCGA-C8-A27A-01A-11R-A169-07,0.8561257343293965,1
TCGA-G7-A8LE-01A-11R-A36F-07,0.6167736420139867,1
TCGA-HC-7819-01A-11R-2118-07,0.7247119729821674,0
TCGA-50-5936-01A-11R-1628-07,0.515812884585798,1
TCGA-86-8359-01A-11R-2326-07,0.5947039714838025,1
TCGA-AA-3518-01A-02R-0826-07,0.6258210905686407,1
TCGA-HC-7211-01A-11R-2118-07,0.2408648617231591,1
TCGA-BH-A0C0-01A-21R-A056-07,0.3374893520205074,1
TCGA-AA-A02O-01A-21R-A16W-07,0.6141274952118501,1
TCGA-KK-A8I5-01A-11R-A36G-07,0.8135892947524989,1
TCGA-BP-5000-01A-01R-1334-07,0.31520133400318845,1
TCGA-A8-A09X-01A-11R-A00Z-07,0.39776111067812175,1
TCGA-ER-A2NF-01A-11R-A18T-07,0.9526858997477261,0
TCGA-BH-A6R8-01A-21R-A33J-07,0.8181216423325901,0
TCGA-44-2661-01A-01R-1107-07,0.5062765868528425,1
TCGA-AO-A0J2-01A-11R-A034-07,0.4066047492501306,1
TCGA-IG-A5B8-01A-11R-A28J-31,0.5884713723279454,1
TCGA-55-8512-01A-11R-2403-07,0.9395355820419994,0
TCGA-HE-A5NJ-01A-11R-A26U-07,0.513429738997901,0
